/**
 * generated by fontconvert.py
 * name: bookerly_10_italic
 * size: 10
 * mode: 2-bit  compressed: zopfli
 * hinting: auto (FT_LOAD_FORCE_AUTOHINT — grid-fits stems to whole pixels)
 * Command used: fontconvert.py bookerly_10_italic 10 ../builtinFonts/source/Bookerly/Bookerly-Italic.ttf --2bit --compress --zopfli
 */
#pragma once
#include "EpdFontData.h"

static const uint8_t bookerly_10_italicBitmaps[22854] = {
    0x6D, 0x97, 0x07, 0x8C, 0x1B, 0xCB, 0x79, 0xC7, 0x7F, 0x3B, 0x93, 0xA7, 0x41, 0x3C, 0x10, 0x27,
    0xBD, 0x8A, 0xDC, 0xF4, 0x26, 0x52, 0x4C, 0xB9, 0x00, 0x44, 0xDE, 0xDE, 0x71, 0xDC, 0xD1, 0xD3,
    0xD1, 0x53, 0xD0, 0x91, 0xAA, 0x83, 0x41, 0xE0, 0x31, 0xC0, 0xE9, 0x38, 0x82, 0x50, 0x53, 0x85,
    0xDE, 0x91, 0xDE, 0x5E, 0xBB, 0x8D, 0xC3, 0x38, 0x84, 0xDF, 0xE9, 0x38, 0xEE, 0xDD, 0x9E, 0xF4,
    0x9E, 0x4C, 0xDC, 0x7D, 0xEF, 0x21, 0x6F, 0x0C, 0xAF, 0x11, 0xEA, 0xC4, 0xE3, 0x7A, 0x49, 0xE2,
    0x84, 0x3B, 0x58, 0xD8, 0xFF, 0x8F, 0x75, 0xBF, 0x36, 0xDF, 0xB7, 0x2D, 0x0B, 0xD2, 0x2B, 0xA7,
    0xAD, 0xA1, 0xC5, 0x75, 0x6E, 0xD0, 0xE5, 0xFB, 0x18, 0xF0, 0x55, 0xC0, 0x77, 0x71, 0xCC, 0x94,
    0x1B, 0x83, 0xC1, 0x68, 0xA7, 0xDC, 0x8F, 0x65, 0xF8, 0x03, 0x0F, 0x7C, 0xD5, 0xD7, 0xC1, 0xCE,
    0x00, 0xF6, 0x77, 0xA0, 0xFC, 0x41, 0xF2, 0xBA, 0xB6, 0x59, 0x88, 0x64, 0x3E, 0x20, 0xBC, 0xE7,
    0xE6, 0xE9, 0xE7, 0x98, 0xD7, 0xE7, 0x48, 0xE9, 0x50, 0xD2, 0xF2, 0x1A, 0x05, 0x4F, 0x3D, 0x05,
    0x00, 0x04, 0xF0, 0x5C, 0xF3, 0x4C, 0x96, 0xD9, 0x27, 0x5E, 0x94, 0xEF, 0x32, 0xF2, 0x7D, 0x5F,
    0x29, 0xFF, 0x9D, 0xEC, 0x1C, 0x26, 0x96, 0x3C, 0xF2, 0xFD, 0xD5, 0x77, 0xED, 0xCC, 0x06, 0x3F,
    0x38, 0x2B, 0xF6, 0x53, 0xFF, 0x51, 0xB8, 0xB6, 0x82, 0x40, 0xE6, 0x11, 0x8D, 0x2C, 0xC0, 0x57,
    0x20, 0x2A, 0x0A, 0xCC, 0x03, 0xA6, 0x74, 0x5B, 0x44, 0x76, 0x5A, 0xD2, 0xB3, 0x7F, 0x5D, 0x43,
    0x79, 0xA3, 0x0D, 0xFB, 0xC5, 0xA0, 0xEF, 0xF6, 0x52, 0x79, 0x16, 0xF2, 0xBB, 0xEF, 0xF4, 0x11,
    0xF9, 0x7A, 0x17, 0x69, 0x29, 0x1B, 0xE9, 0xAA, 0x2C, 0x30, 0x52, 0xAF, 0xF7, 0x44, 0xF9, 0xAA,
    0x95, 0x3E, 0x5B, 0x82, 0x05, 0x50, 0x15, 0x90, 0x1F, 0x03, 0x45, 0x17, 0x18, 0x0D, 0x80, 0xB2,
    0x04, 0x5E, 0x72, 0xC2, 0x66, 0x0B, 0x6E, 0x5B, 0x5D, 0xE5, 0x0B, 0xBA, 0x83, 0xA7, 0x1D, 0x3B,
    0xBB, 0x5F, 0xEB, 0xD8, 0x37, 0x0A, 0x4A, 0xFD, 0x51, 0x18, 0x8B, 0x25, 0x0C, 0x9F, 0x5B, 0x81,
    0x5E, 0xE5, 0x9F, 0x04, 0xB2, 0x25, 0x37, 0x06, 0x3B, 0xFB, 0xE5, 0x1F, 0x80, 0x00, 0x03, 0x63,
    0xB2, 0x88, 0x74, 0x18, 0x68, 0x43, 0x01, 0x23, 0x28, 0x21, 0x5D, 0x52, 0x09, 0x23, 0x18, 0x40,
    0x17, 0x5A, 0xA0, 0x1C, 0x99, 0x07, 0xC0, 0x42, 0x09, 0x05, 0xB4, 0x40, 0x83, 0x74, 0x48, 0xBF,
    0x96, 0xB8, 0x90, 0x6C, 0xE4, 0x50, 0x6C, 0xBD, 0x33, 0x80, 0x84, 0xF4, 0x74, 0x60, 0x07, 0x80,
    0xCC, 0xBF, 0xC5, 0x4F, 0xAC, 0x5E, 0x1E, 0xBE, 0xE1, 0x2D, 0x5E, 0xF8, 0x2C, 0xB0, 0xD5, 0x2F,
    0x9F, 0xDA, 0xBA, 0xBE, 0xF8, 0xBA, 0x91, 0xF4, 0xEB, 0x4D, 0xDB, 0x0E, 0x3B, 0xFC, 0xC0, 0x9F,
    0x0C, 0x97, 0xDD, 0xE3, 0x11, 0x5C, 0xBF, 0xC8, 0x37, 0x22, 0x36, 0x81, 0x1E, 0x47, 0x29, 0xB7,
    0xBF, 0xA1, 0x2C, 0x06, 0xBA, 0x30, 0x00, 0x74, 0x05, 0x27, 0x27, 0x88, 0x98, 0xA3, 0x9C, 0xA1,
    0xD9, 0x6C, 0x07, 0x43, 0xAF, 0xA1, 0xD8, 0xD0, 0xE1, 0x80, 0x5E, 0x43, 0xD1, 0x30, 0x65, 0x57,
    0x44, 0xFA, 0x47, 0x0E, 0xFD, 0x10, 0x10, 0x30, 0x47, 0xD6, 0x90, 0x43, 0x07, 0x7A, 0x50, 0x6C,
    0x34, 0x86, 0x19, 0x4C, 0x21, 0x41, 0xE2, 0x5A, 0xC5, 0x70, 0x05, 0x79, 0xCC, 0xCE, 0x96, 0x32,
    0xEC, 0x2A, 0x7B, 0x2B, 0x63, 0x17, 0x0E, 0x60, 0x81, 0x4C, 0x18, 0xCF, 0x90, 0x6C, 0x89, 0x8A,
    0xF4, 0x2D, 0x27, 0xCF, 0xFE, 0xC1, 0xBC, 0x4E, 0xF4, 0x37, 0x3B, 0xFB, 0x42, 0x52, 0xC0, 0x01,
    0x59, 0x22, 0x77, 0xD4, 0x81, 0xD7, 0x25, 0xA8, 0x20, 0x21, 0x12, 0xB9, 0xFF, 0xE5, 0x9A, 0xE1,
    0x27, 0x81, 0x1E, 0x1C, 0x23, 0x96, 0xE8, 0x63, 0xFA, 0x03, 0x0E, 0x46, 0x59, 0x2A, 0x95, 0x4F,
    0x86, 0x54, 0x64, 0x71, 0x5E, 0xD7, 0xBF, 0xFC, 0xDC, 0xE7, 0xB6, 0x2D, 0x40, 0x39, 0x26, 0x2B,
    0xDE, 0xFE, 0x17, 0x24, 0x88, 0x9B, 0x16, 0xD7, 0x36, 0xBB, 0x1D, 0x90, 0x89, 0x2C, 0x41, 0xDA,
    0xFC, 0x14, 0xC8, 0xDD, 0x0F, 0x9C, 0x33, 0xBC, 0x0F, 0xD9, 0x03, 0xF2, 0x87, 0x9C, 0x58, 0x51,
    0xA1, 0x3D, 0xB9, 0x5D, 0x17, 0xB2, 0x77, 0x14, 0xC6, 0x22, 0x4E, 0xB3, 0xB4, 0x96, 0x88, 0x07,
    0xD2, 0x0F, 0x8F, 0xD0, 0x0B, 0x4C, 0xBD, 0xBC, 0xF5, 0xEC, 0x72, 0x40, 0xDA, 0x91, 0x01, 0x6D,
    0xB9, 0x05, 0x07, 0x50, 0x21, 0x22, 0xCA, 0x63, 0x1C, 0x39, 0xEC, 0x41, 0x01, 0x03, 0xA0, 0x1F,
    0xC4, 0x59, 0xA5, 0xFC, 0x81, 0xB1, 0x85, 0xB1, 0x53, 0xFD, 0xCE, 0x28, 0x9A, 0x4C, 0x56, 0x98,
    0xDF, 0x6F, 0x6A, 0x0E, 0x8D, 0xDB, 0x4A, 0xC4, 0x85, 0xF4, 0x87, 0x47, 0x36, 0x5F, 0x40, 0x3F,
    0xB2, 0x5D, 0x3A, 0x77, 0xAB, 0x69, 0xB6, 0x59, 0xAB, 0xA7, 0x42, 0x21, 0xEA, 0x05, 0x5F, 0x9F,
    0x90, 0x01, 0xE3, 0x38, 0xE1, 0x76, 0xC5, 0xC4, 0xA2, 0x9C, 0xF1, 0xDA, 0x02, 0x00, 0x40, 0x97,
    0x63, 0x46, 0x50, 0xB0, 0x64, 0x0A, 0x00, 0x00, 0x6A, 0x3B, 0x39, 0xB4, 0xD9, 0x01, 0x01, 0x7D,
    0x27, 0x16, 0xCD, 0x0B, 0x4B, 0x36, 0x3E, 0x22, 0x9C, 0x80, 0x76, 0x40, 0x5D, 0xFB, 0x5F, 0x7E,
    0xD6, 0x02, 0xCD, 0x6B, 0xF3, 0xF9, 0x27, 0xE0, 0x01, 0xE4, 0x81, 0x6C, 0x09, 0xB9, 0x6B, 0x94,
    0x6D, 0x0C, 0x67, 0x00, 0xE8, 0xD8, 0x99, 0x71, 0xA3, 0xD9, 0x0A, 0x2A, 0x19, 0x9A, 0x2C, 0xD9,
    0xB3, 0x39, 0x70, 0x83, 0x5D, 0x06, 0x90, 0xCD, 0x17, 0x90, 0x9F, 0xCE, 0x1D, 0x0F, 0x90, 0x41,
    0x06, 0x48, 0xDA, 0x3E, 0xF8, 0x83, 0x51, 0x47, 0xBE, 0x1C, 0x46, 0x85, 0x7E, 0x9D, 0x1F, 0x0D,
    0x5A, 0xC2, 0xEF, 0xEF, 0xB7, 0xA5, 0x2B, 0xCB, 0xAE, 0xB2, 0xB1, 0x2C, 0x8C, 0xF4, 0x65, 0xEF,
    0x99, 0x5F, 0xA0, 0xCC, 0xFF, 0x61, 0xC9, 0x38, 0xC3, 0x52, 0x00, 0xE4, 0x16, 0x87, 0x3A, 0x3B,
    0xF2, 0x30, 0x7F, 0x08, 0xA0, 0x01, 0x72, 0x80, 0xA1, 0x05, 0xFE, 0xD6, 0x01, 0xFF, 0xE0, 0x41,
    0xBC, 0xCB, 0x83, 0x7A, 0xBD, 0x07, 0x23, 0x02, 0xB4, 0x45, 0x84, 0x61, 0x1D, 0xE1, 0x6F, 0x7E,
    0x36, 0x41, 0x24, 0x21, 0x3C, 0x15, 0xCA, 0xB3, 0x60, 0x98, 0x74, 0x0D, 0x4D, 0x8E, 0x72, 0x35,
    0x87, 0x42, 0x3B, 0xC6, 0xCA, 0x31, 0x6A, 0x98, 0x1A, 0x78, 0x78, 0x07, 0xEA, 0x25, 0x59, 0xEC,
    0x93, 0x35, 0xA5, 0x09, 0xAF, 0xAD, 0xF4, 0x06, 0xE9, 0x73, 0xF4, 0xE9, 0x92, 0x49, 0x7D, 0x1F,
    0xF4, 0xCA, 0x72, 0x72, 0xE4, 0x45, 0x94, 0x5E, 0x39, 0xE9, 0x0C, 0x82, 0x0E, 0xD0, 0x03, 0x0A,
    0xAE, 0xB2, 0xB7, 0xA9, 0xE2, 0x35, 0xE8, 0xB3, 0x63, 0xB2, 0xF9, 0xFD, 0x86, 0x15, 0x72, 0x75,
    0x14, 0x28, 0x44, 0xC5, 0x98, 0xE3, 0x86, 0x82, 0x69, 0x43, 0xDA, 0x92, 0xC5, 0x86, 0xC0, 0x4C,
    0x04, 0x92, 0xDC, 0x44, 0xD0, 0x4E, 0x9F, 0x9E, 0x6F, 0xE2, 0x8A, 0xBA, 0x0E, 0x1C, 0x3E, 0x1B,
    0x28, 0x32, 0xCF, 0x38, 0xDB, 0x76, 0x63, 0x0A, 0x24, 0xB6, 0x39, 0x9F, 0xFD, 0x09, 0x22, 0x82,
    0x08, 0x20, 0xFD, 0xB5, 0x86, 0x56, 0x93, 0xF3, 0x0B, 0x8D, 0xED, 0x72, 0x6D, 0xEB, 0x39, 0x7C,
    0xCE, 0x51, 0x48, 0xCB, 0x58, 0xC2, 0xF4, 0xB2, 0xED, 0xA2, 0xB1, 0xFD, 0x83, 0x4B, 0xB6, 0x5B,
    0x74, 0x80, 0xC9, 0x02, 0xD0, 0x2B, 0xD7, 0xD4, 0x1B, 0x44, 0xCC, 0x82, 0x72, 0x99, 0x37, 0x64,
    0xF6, 0x6A, 0xBD, 0xF3, 0x58, 0xF0, 0xAD, 0xBE, 0xA0, 0x99, 0x5C, 0xB4, 0xCD, 0xAD, 0x41, 0x9D,
    0xCD, 0x61, 0xFE, 0x49, 0x44, 0xED, 0xE7, 0x89, 0x3B, 0xE4, 0x96, 0x02, 0x03, 0x63, 0x3A, 0x30,
    0xA6, 0xC7, 0xA6, 0x68, 0xCE, 0x9E, 0x3D, 0x86, 0x7A, 0xB3, 0xDE, 0x8C, 0x11, 0x81, 0x29, 0xEB,
    0xCA, 0x91, 0xFE, 0xE2, 0x45, 0x07, 0x51, 0x31, 0x49, 0xF9, 0xBA, 0x04, 0xCF, 0x1D, 0x28, 0x60,
    0xBC, 0xD1, 0x14, 0x2E, 0x0E, 0x66, 0x11, 0xD6, 0x92, 0x7E, 0x2D, 0x1D, 0x98, 0x54, 0xA0, 0x6A,
    0xC8, 0x16, 0x40, 0xDA, 0x92, 0x5D, 0x2D, 0x6E, 0x83, 0x72, 0xA0, 0x2D, 0x18, 0xB6, 0xB4, 0x80,
    0x36, 0x50, 0xC0, 0xB7, 0x4D, 0x61, 0x12, 0xE1, 0xEB, 0x01, 0x51, 0xBF, 0xAB, 0x86, 0x3B, 0x59,
    0x05, 0x85, 0xF4, 0x30, 0xCE, 0x81, 0xE9, 0x18, 0x78, 0x5B, 0x04, 0x1E, 0x59, 0xA0, 0x06, 0xB2,
    0xCF, 0x78, 0x10, 0xFF, 0xB0, 0x09, 0x54, 0x81, 0xF4, 0x07, 0x20, 0x7D, 0x1F, 0xF4, 0x27, 0x4D,
    0x60, 0xB2, 0x10, 0x69, 0x53, 0x03, 0x77, 0x80, 0x02, 0x18, 0x6F, 0x61, 0xFA, 0x65, 0x59, 0x36,
    0x08, 0xA4, 0x57, 0x0D, 0xE6, 0x71, 0x0B, 0xA9, 0x9D, 0x3C, 0xA7, 0xEF, 0x74, 0xA2, 0xEF, 0x4D,
    0xE4, 0x69, 0xDF, 0x8B, 0x3C, 0xE3, 0x7F, 0x34, 0xF0, 0xD6, 0xF0, 0xD6, 0xC0, 0xE7, 0xC3, 0xDF,
    0x07, 0xFE, 0xF7, 0xE3, 0xEF, 0xF4, 0x59, 0xF8, 0xC2, 0xEB, 0xBC, 0xF0, 0x2B, 0xE9, 0xA5, 0x5B,
    0x36, 0x4E, 0xEC, 0x4C, 0x7A, 0xCD, 0xBE, 0xF4, 0xB9, 0x45, 0x85, 0x79, 0x60, 0x58, 0x89, 0x25,
    0xF3, 0xC0, 0x1D, 0x3A, 0x30, 0xA4, 0x0D, 0x13, 0x6E, 0xC0, 0x4B, 0xAE, 0x0B, 0x5F, 0xF0, 0x05,
    0x7C, 0x3C, 0x0E, 0x20, 0xA6, 0x11, 0x59, 0x98, 0xEE, 0x23, 0x7C, 0x51, 0x22, 0x7D, 0x37, 0xD1,
    0xB8, 0x88, 0x48, 0x67, 0x02, 0xDA, 0x29, 0xCF, 0x30, 0x49, 0x0F, 0x6A, 0x05, 0x87, 0x47, 0x5E,
    0x24, 0x91, 0x94, 0x27, 0x19, 0xA8, 0x3A, 0x30, 0xDB, 0x85, 0x69, 0xB1, 0x25, 0x15, 0x64, 0x0D,
    0x32, 0xEC, 0xA1, 0x5C, 0x4E, 0xBF, 0xA9, 0x68, 0x41, 0x56, 0xDF, 0xBF, 0x7A, 0x10, 0x0E, 0xA4,
    0x67, 0xDC, 0x30, 0x55, 0x8E, 0x64, 0x20, 0xDD, 0x21, 0xAB, 0x2B, 0xB2, 0x2F, 0x3E, 0x79, 0x28,
    0x51, 0xE7, 0x6C, 0x02, 0xD3, 0x44, 0x8E, 0xAC, 0x43, 0x63, 0xA0, 0xA2, 0x03, 0xD3, 0xC7, 0xF3,
    0x55, 0x51, 0x40, 0x62, 0x9D, 0x00, 0xEB, 0x0C, 0xD8, 0x45, 0x7B, 0x72, 0xFA, 0x60, 0x4E, 0x97,
    0x20, 0xD7, 0x59, 0x70, 0x02, 0x90, 0x07, 0x40, 0x9C, 0x03, 0xE4, 0x67, 0xF7, 0x21, 0x9B, 0xBB,
    0x27, 0x9E, 0x24, 0xCA, 0x6D, 0x6E, 0xD4, 0x71, 0xD3, 0x70, 0xF1, 0xF7, 0x01, 0xE1, 0x13, 0xD2,
    0xCF, 0x1A, 0xF6, 0xD0, 0x31, 0x77, 0x93, 0x4A, 0x45, 0xE6, 0x41, 0x9E, 0x56, 0xDA, 0x8E, 0x0C,
    0xFB, 0x06, 0x8C, 0x47, 0x56, 0xB0, 0x82, 0xDC, 0x23, 0xC3, 0xBE, 0x88, 0xA5, 0x08, 0x95, 0xF4,
    0x27, 0x47, 0xF6, 0x5B, 0x17, 0x0C, 0xEB, 0xDA, 0xEF, 0x1D, 0x3D, 0xE7, 0x76, 0x3A, 0xD2, 0xFE,
    0x60, 0x4F, 0x42, 0xC1, 0x96, 0x83, 0x27, 0x8E, 0xC8, 0x06, 0xF5, 0x49, 0x18, 0x2E, 0xA1, 0x8E,
    0xFD, 0xAA, 0x6F, 0xB5, 0xEF, 0xA0, 0x6C, 0x0F, 0x4D, 0x81, 0xD9, 0x42, 0x8B, 0x31, 0x6D, 0xA6,
    0x74, 0x49, 0x14, 0x0D, 0x03, 0x2A, 0x4A, 0x8E, 0x45, 0x6C, 0xE2, 0x6D, 0x2F, 0xED, 0x93, 0xAA,
    0xBF, 0xC8, 0x9D, 0x0A, 0x06, 0x65, 0x8D, 0x35, 0x68, 0xDB, 0x46, 0xB9, 0xA2, 0x61, 0x8A, 0x5C,
    0x17, 0xF5, 0xCE, 0x80, 0x7C, 0x97, 0x47, 0x7C, 0x08, 0xC4, 0x7F, 0x43, 0xB6, 0x04, 0x16, 0x40,
    0x82, 0xE1, 0x42, 0x53, 0x87, 0x3C, 0x18, 0x9A, 0xE8, 0xB6, 0x4F, 0x0F, 0xED, 0x86, 0xB6, 0x68,
    0x5E, 0x27, 0x76, 0x84, 0x72, 0xFF, 0x6F, 0x13, 0xEA, 0xEE, 0xBF, 0xDC, 0x0D, 0xA8, 0x7B, 0xEF,
    0xBB, 0xE7, 0x91, 0xF7, 0x5E, 0x7F, 0xCF, 0x22, 0x3F, 0x24, 0x3F, 0x04, 0xF2, 0x23, 0xF2, 0xA3,
    0x20, 0x5F, 0x91, 0xFF, 0x09, 0xB2, 0x92, 0x0B, 0x90, 0x49, 0xA4, 0xCD, 0xD8, 0x47, 0xA0, 0xFE,
    0xFB, 0xDA, 0x71, 0xC8, 0x03, 0xE8, 0x90, 0xC0, 0x08, 0x0F, 0xEA, 0xB7, 0x2C, 0xC8, 0xFF, 0x02,
    0xC4, 0x02, 0xC8, 0x12, 0xA0, 0x16, 0x40, 0xAB, 0x00, 0x8A, 0x0E, 0x90, 0x0C, 0x88, 0xA0, 0x1D,
    0x3A, 0xA8, 0xC0, 0x24, 0x0D, 0x97, 0xCC, 0xD3, 0x3C, 0xF6, 0x6D, 0xDF, 0x1A, 0xBA, 0xE8, 0x75,
    0x5A, 0x3E, 0x6D, 0x0B, 0xFA, 0x0F, 0x0B, 0x2B, 0x60, 0xF9, 0x84, 0xE3, 0xAF, 0x82, 0xFE, 0x39,
    0x88, 0xBA, 0x76, 0xF2, 0xF4, 0xC8, 0x49, 0x9B, 0x23, 0x29, 0x80, 0x0A, 0x64, 0x00, 0xED, 0x20,
    0x87, 0xC7, 0x3F, 0xC5, 0x0C, 0xED, 0x34, 0x39, 0x2D, 0xF6, 0x9E, 0x7D, 0x81, 0x61, 0xBD, 0x04,
    0x80, 0x09, 0xBC, 0x1D, 0x12, 0x44, 0x08, 0x64, 0xE1, 0xD2, 0x4D, 0xA1, 0x45, 0x83, 0x81, 0x16,
    0x5C, 0x87, 0x1B, 0x17, 0xB7, 0x69, 0x3B, 0xF0, 0x1B, 0x30, 0x87, 0x7D, 0x06, 0x74, 0x69, 0xD3,
    0x42, 0x23, 0xAD, 0xF4, 0x99, 0x27, 0x52, 0x32, 0xDA, 0xFC, 0x7C, 0x1D, 0xC3, 0x04, 0xFA, 0x57,
    0xCD, 0x0B, 0x18, 0xC0, 0x08, 0xCA, 0x4B, 0x31, 0xFD, 0x95, 0x98, 0xB7, 0x61, 0x0E, 0x7C, 0x1B,
    0x2C, 0xD7, 0x12, 0x1F, 0x45, 0xFE, 0x16, 0xEA, 0xCD, 0xD6, 0x48, 0xDF, 0x12, 0xBE, 0x4B, 0x2C,
    0x48, 0xCF, 0x3E, 0xFB, 0x07, 0x75, 0x5D, 0x7D, 0x1B, 0x63, 0x76, 0xD1, 0x64, 0x30, 0xF9, 0xD5,
    0xEC, 0xD1, 0x42, 0xB9, 0xCA, 0x50, 0x76, 0x36, 0xB7, 0x5A, 0x85, 0x0C, 0x85, 0xF2, 0x45, 0xE7,
    0x3D, 0x7B, 0x7F, 0xF5, 0x4A, 0x7E, 0x37, 0xEA, 0xC4, 0xB5, 0x04, 0xF1, 0xA2, 0xC0, 0xF7, 0x45,
    0xF9, 0xF3, 0x95, 0x2A, 0xC7, 0xDA, 0x8F, 0x8D, 0x1D, 0x1B, 0xA6, 0x8D, 0x55, 0xAF, 0xB1, 0xDA,
    0xDC, 0x40, 0x3D, 0xB3, 0x80, 0x89, 0x15, 0x2F, 0x3B, 0x0D, 0xAD, 0x6D, 0xDA, 0x8F, 0x25, 0xE9,
    0xBF, 0x88, 0x8E, 0xC0, 0x09, 0xFC, 0x3A, 0xB4, 0xA1, 0x07, 0x05, 0xFD, 0x83, 0xCB, 0x09, 0x74,
    0xBF, 0x2C, 0x81, 0x8D, 0x43, 0xAF, 0x5F, 0xE7, 0x5B, 0xD2, 0xF7, 0x0C, 0xBB, 0x33, 0x86, 0x6E,
    0xE3, 0x50, 0xD8, 0xFE, 0x11, 0xFA, 0x93, 0x80, 0xAA, 0xE0, 0xD6, 0x0C, 0x06, 0x40, 0x09, 0x24,
    0xD0, 0xB5, 0xE3, 0x5B, 0x4E, 0xB9, 0x7A, 0x4D, 0x70, 0xA0, 0x2C, 0x68, 0x9E, 0x78, 0x4D, 0xF8,
    0xAA, 0x01, 0x1C, 0x26, 0x18, 0x3A, 0x40, 0xD7, 0x9E, 0xBD, 0x13, 0x4B, 0x2A, 0xC8, 0xC2, 0x9A,
    0x01, 0xD9, 0x17, 0x13, 0xCC, 0x1D, 0x8C, 0x81, 0x04, 0x9C, 0x83, 0x7E, 0x35, 0xB0, 0x2B, 0x2A,
    0xA6, 0x8C, 0x99, 0x31, 0x65, 0xF8, 0x5C, 0x44, 0xAF, 0x2C, 0x9B, 0x55, 0xBB, 0xB8, 0x74, 0x79,
    0xE4, 0x3B, 0x93, 0xFC, 0xDD, 0x99, 0x1A, 0x8D, 0x75, 0x1C, 0x19, 0x5F, 0x1A, 0x9B, 0x72, 0x62,
    0xAF, 0x71, 0x2C, 0xDE, 0x5B, 0xC8, 0x57, 0x06, 0x22, 0x8A, 0x20, 0x83, 0x74, 0x00, 0xB7, 0x9B,
    0xCD, 0xD0, 0xA2, 0x4D, 0x97, 0x82, 0x31, 0x6F, 0x73, 0xF5, 0xC5, 0x8D, 0x40, 0x05, 0x11, 0x00,
    0xC8, 0x3D, 0x37, 0x2F, 0x4F, 0x9B, 0xC5, 0x5C, 0x0C, 0x5C, 0xFB, 0xD2, 0xAC, 0x24, 0x5E, 0xF2,
    0x1C, 0x82, 0x4A, 0x3C, 0x95, 0xE0, 0x71, 0x1F, 0xDF, 0x97, 0xE4, 0xFF, 0x55, 0x32, 0x8E, 0x94,
    0x4B, 0x5A, 0x7B, 0xB3, 0xC2, 0x54, 0xB4, 0x0A, 0xDA, 0x7D, 0xBA, 0xE6, 0x93, 0x85, 0xA8, 0xFA,
    0xFE, 0xA6, 0x97, 0x4E, 0x59, 0x8D, 0xC1, 0xD0, 0xA1, 0x47, 0xB1, 0x49, 0x66, 0xCA, 0xE7, 0xED,
    0x23, 0x66, 0xF4, 0xEF, 0x56, 0xB9, 0xBD, 0xF9, 0xA1, 0xD9, 0x4B, 0x5E, 0x3E, 0xFF, 0x63, 0xF7,
    0x9C, 0x4A, 0x43, 0xE5, 0x54, 0x38, 0xD0, 0x56, 0xBB, 0x99, 0xC1, 0x90, 0x0C, 0x2D, 0x62, 0x87,
    0x76, 0x16, 0x7A, 0xBF, 0xD8, 0x15, 0xFE, 0x56, 0x28, 0xA4, 0xCF, 0x1B, 0xB3, 0x05, 0x37, 0x3F,
    0x74, 0x8C, 0x7C, 0xBE, 0x40, 0x95, 0x0D, 0x7E, 0x8C, 0x76, 0x53, 0x0C, 0x69, 0x43, 0x9B, 0x4F,
    0xD0, 0xCD, 0x56, 0x14, 0x59, 0x05, 0x13, 0x27, 0x1E, 0x25, 0xED, 0x2A, 0xC3, 0xB4, 0xC7, 0xB4,
    0x68, 0xB4, 0x1D, 0x4F, 0xE5, 0xFB, 0x47, 0xA8, 0x05, 0x62, 0xD1, 0x47, 0xCC, 0x5E, 0xF6, 0x3C,
    0xFD, 0x7A, 0xCF, 0x9E, 0xF4, 0x1C, 0x34, 0x4C, 0x1B, 0x92, 0xB6, 0x44, 0x43, 0x13, 0x1A, 0xB1,
    0x5A, 0x20, 0x5E, 0x0D, 0x57, 0xBB, 0x7F, 0x1F, 0x86, 0x0B, 0xD6, 0x93, 0x2F, 0x2E, 0x06, 0xAF,
    0x77, 0x65, 0xF2, 0xFD, 0xDE, 0x5F, 0xBB, 0xFC, 0xDE, 0x66, 0x61, 0x1B, 0x69, 0xB6, 0x4F, 0x2D,
    0xF9, 0xBB, 0xFC, 0xCD, 0x8F, 0x35, 0xF5, 0x5A, 0x59, 0xA2, 0x02, 0xDA, 0x63, 0x2C, 0x06, 0x3A,
    0xD0, 0x86, 0x2E, 0x70, 0x82, 0x3A, 0xA2, 0x95, 0x61, 0xC0, 0x78, 0x44, 0x05, 0xC7, 0xD0, 0xA3,
    0xEC, 0x72, 0x32, 0xA5, 0x1F, 0xF8, 0x12, 0x1D, 0x8C, 0x81, 0x66, 0x1C, 0x41, 0x1C, 0x87, 0xBF,
    0x99, 0x21, 0x4B, 0x47, 0x76, 0xA0, 0x05, 0x6E, 0xB3, 0x00, 0x25, 0xBB, 0x9B, 0x20, 0x58, 0xBA,
    0x7B, 0x99, 0x47, 0xE8, 0x9B, 0x5C, 0x70, 0xF4, 0x50, 0x32, 0xFA, 0x24, 0x05, 0x20, 0x70, 0x28,
    0x40, 0xDD, 0x3F, 0x2D, 0x02, 0xB4, 0x43, 0x5F, 0x60, 0xAB, 0xA0, 0x1A, 0x0C, 0x16, 0x29, 0xA4,
    0x9D, 0x5B, 0x9F, 0x0F, 0xFC, 0x3E, 0x3F, 0x3E, 0xA2, 0x22, 0x5A, 0xB8, 0xF8, 0xC7, 0xF9, 0x6F,
    0x8A, 0x80, 0xF5, 0x58, 0x70, 0x50, 0xC2, 0x19, 0xB4, 0x15, 0xF5, 0x13, 0x2E, 0x52, 0x4B, 0xC5,
    0xB9, 0x0C, 0x98, 0xA3, 0xA1, 0xA7, 0xF0, 0x5B, 0x2C, 0x09, 0xA7, 0x12, 0xA5, 0x99, 0x38, 0x3B,
    0xFD, 0x95, 0xCB, 0x67, 0x6C, 0xFC, 0x44, 0xA7, 0xD2, 0x86, 0x64, 0x7D, 0x2A, 0x42, 0x32, 0xF7,
    0xD1, 0x7C, 0x11, 0xF3, 0xE0, 0xF5, 0x77, 0xF4, 0x23, 0x3A, 0xA1, 0x04, 0xA0, 0xD3, 0x71, 0xD8,
    0xA8, 0xD4, 0xE5, 0xAA, 0x32, 0x21, 0xB5, 0xE6, 0x7E, 0x1E, 0xCC, 0xD7, 0xB9, 0xD7, 0x0F, 0xFD,
    0x5E, 0x7F, 0xEB, 0xA3, 0x7A, 0xBC, 0x0E, 0x2A, 0x5D, 0x83, 0xBC, 0x06, 0xE0, 0x24, 0xFF, 0xBD,
    0x98, 0xD7, 0x9E, 0x5D, 0x82, 0xB5, 0x40, 0xED, 0xC1, 0x01, 0x17, 0x1E, 0xDE, 0x05, 0xD4, 0x0F,
    0xE1, 0xCD, 0x87, 0x3F, 0x8C, 0x3C, 0xA1, 0x93, 0xE3, 0x64, 0xB6, 0x81, 0x5D, 0xE1, 0x19, 0xB2,
    0x8D, 0x85, 0xAA, 0xCC, 0xAE, 0xA0, 0xEC, 0xB3, 0x37, 0xD9, 0x08, 0x2E, 0x40, 0x0D, 0x34, 0xC0,
    0x1E, 0xEE, 0x02, 0x7C, 0x06, 0xDC, 0x14, 0xBB, 0x83, 0x5C, 0x39, 0x4F, 0x0B, 0x3B, 0x54, 0xC2,
    0x08, 0x0E, 0x46, 0xC2, 0xE1, 0x4E, 0x7E, 0x1E, 0x3C, 0x1D, 0x7F, 0x55, 0x34, 0x62, 0xC2, 0x82,
    0xB7, 0x8C, 0x34, 0x94, 0x9C, 0xD2, 0x30, 0xB0, 0x65, 0xBF, 0x70, 0xCB, 0x2B, 0x98, 0x88, 0x4A,
    0xB4, 0x2C, 0xAD, 0x2F, 0xB0, 0x94, 0x4B, 0xB7, 0xA2, 0xA1, 0xE7, 0x8A, 0x2D, 0x37, 0xBC, 0x85,
    0xF7, 0x6C, 0xB0, 0x38, 0x4A, 0x56, 0x0C, 0xCB, 0x30, 0xD2, 0x92, 0x98, 0x54, 0xCC, 0xC8, 0xF1,
    0xA1, 0x08, 0xB7, 0xBC, 0xC4, 0xC5, 0xCB, 0xF5, 0x73, 0xBA, 0xAC, 0xE5, 0x3F, 0xB5, 0xD7, 0x01,
    0x84, 0x2D, 0x69, 0x7A, 0xC6, 0xF1, 0x5F, 0x55, 0xDD, 0xBE, 0x95, 0x99, 0x9A, 0x3E, 0xD5, 0x98,
    0x8D, 0x41, 0x9F, 0x3E, 0x8B, 0xC5, 0x6C, 0x72, 0xBA, 0x4F, 0x87, 0xC3, 0x9E, 0x48, 0x4D, 0x9F,
    0x2F, 0x59, 0x40, 0xE0, 0x62, 0x06, 0x44, 0x58, 0x40, 0x4C, 0x36, 0xD1, 0xE8, 0x70, 0x62, 0xEF,
    0x4C, 0xD7, 0x66, 0x30, 0x48, 0x96, 0x01, 0x20, 0xB1, 0x19, 0x31, 0x44, 0x66, 0x6C, 0xEE, 0x09,
    0x1D, 0xB9, 0xC9, 0xF6, 0x4E, 0x7F, 0xB2, 0x22, 0xD8, 0x90, 0x4A, 0x82, 0x20, 0x50, 0x49, 0x96,
    0xD0, 0x13, 0xAB, 0x76, 0x73, 0xC8, 0xD9, 0x3B, 0xDD, 0x5D, 0xE9, 0xDE, 0x7B, 0xAF, 0xB0, 0x81,
    0xBB, 0xB9, 0xF7, 0x1E, 0xCF, 0xF3, 0x1E, 0xA8, 0xE7, 0xFF, 0xD4, 0x5B, 0xF5, 0x41, 0xE9, 0x92,
    0x4E, 0x83, 0x5A, 0x4C, 0x62, 0x1A, 0xB3, 0x3A, 0xAB, 0xF3, 0x50, 0x28, 0x8D, 0xEC, 0x9A, 0x81,
    0xB4, 0x96, 0x05, 0x19, 0x39, 0x93, 0x36, 0xED, 0x57, 0xC5, 0xD7, 0x3E, 0xBB, 0xF3, 0x92, 0x6A,
    0x5B, 0xF5, 0xAA, 0xD9, 0xD4, 0x6C, 0x5F, 0x75, 0xB8, 0x35, 0xF9, 0xA3, 0xA6, 0xEC, 0x43, 0xF2,
    0x5D, 0x49, 0x94, 0x46, 0xD9, 0x4D, 0x08, 0x38, 0xAE, 0xA5, 0x9F, 0x34, 0x8A, 0x5F, 0x6C, 0x0C,
    0xD4, 0x86, 0xA8, 0x48, 0x3F, 0xFE, 0x40, 0xDE, 0xAF, 0x39, 0x41, 0xF7, 0xD0, 0x49, 0x4B, 0x1A,
    0xF9, 0xD9, 0xF3, 0x8F, 0x1C, 0xFC, 0xFA, 0xA5, 0x9F, 0x92, 0x84, 0x72, 0xF2, 0x1D, 0xD9, 0x83,
    0xB5, 0x2C, 0x1E, 0xC9, 0x4D, 0x15, 0x6E, 0xFE, 0x3B, 0xE5, 0x27, 0xAD, 0xDF, 0xBA, 0x9A, 0x09,
    0x6E, 0x99, 0xAF, 0xE7, 0xDD, 0xA8, 0x19, 0xD5, 0x45, 0x5D, 0xCA, 0xE2, 0xF8, 0xDA, 0x0B, 0x49,
    0xDB, 0xF1, 0x83, 0x46, 0xF9, 0xDF, 0x17, 0xBC, 0x4D, 0xD9, 0xAF, 0xBC, 0xF8, 0xF1, 0xFB, 0x2C,
    0x70, 0x42, 0xB2, 0xA6, 0xEC, 0xD1, 0x6A, 0x1E, 0x6F, 0x9E, 0x05, 0x80, 0xA1, 0xB1, 0xB1, 0x99,
    0xA9, 0x43, 0x4B, 0x8E, 0x43, 0xF6, 0x49, 0x2C, 0xD3, 0x38, 0x49, 0xEA, 0x2F, 0xD4, 0x7E, 0xAE,
    0xB5, 0xBF, 0x30, 0x2B, 0xED, 0x64, 0x75, 0xFE, 0xD7, 0xD1, 0xF7, 0xA3, 0x9F, 0x8F, 0x46, 0x75,
    0x57, 0x5A, 0xED, 0x3A, 0x5E, 0xD9, 0x08, 0x8E, 0xA6, 0xEB, 0xFB, 0xCB, 0xA5, 0x8D, 0x3B, 0x9C,
    0x5D, 0xC9, 0xDA, 0xBC, 0x29, 0x59, 0x6E, 0x17, 0xAB, 0x6A, 0xBA, 0x77, 0xFF, 0xA5, 0xFD, 0xE9,
    0xE7, 0x36, 0x0F, 0x97, 0x5E, 0xFC, 0x91, 0x0F, 0x0D, 0xA6, 0xB3, 0x5B, 0x9B, 0xE3, 0xC9, 0x7A,
    0x7B, 0x33, 0xB9, 0x33, 0xCB, 0xEB, 0xA4, 0x4B, 0x1E, 0xDC, 0xAB, 0x4D, 0xD6, 0x92, 0x4F, 0xE5,
    0x5F, 0x37, 0xD8, 0xB4, 0xBD, 0x6D, 0x5C, 0x19, 0xFF, 0xA5, 0xF2, 0xEB, 0xB0, 0xF1, 0x86, 0xF9,
    0x25, 0x5B, 0x5B, 0x49, 0xDB, 0x15, 0xEF, 0xD6, 0x7B, 0x13, 0x55, 0x65, 0x77, 0x47, 0x51, 0x48,
    0x7F, 0xA7, 0x7E, 0xF3, 0xC3, 0xD0, 0xF7, 0x51, 0xF6, 0x48, 0x3F, 0xF3, 0xC1, 0xFC, 0xC2, 0x1B,
    0xB2, 0xBE, 0x29, 0xC3, 0xEA, 0xF3, 0x97, 0xE3, 0xFD, 0x4F, 0x5F, 0x3A, 0xFC, 0xE3, 0x17, 0xBE,
    0x74, 0xFA, 0xC2, 0xFE, 0xEF, 0x6F, 0x4E, 0x7F, 0xF0, 0x7B, 0x43, 0x8B, 0xE2, 0xBC, 0x4D, 0xFA,
    0xF0, 0xE6, 0xFB, 0x67, 0xAB, 0x8D, 0x30, 0xEF, 0x96, 0x8B, 0x76, 0xDC, 0xCD, 0xDE, 0x5E, 0x8D,
    0x9A, 0xA4, 0xF1, 0x50, 0x6F, 0x9E, 0xDF, 0x10, 0x93, 0xC6, 0x63, 0xC1, 0xC3, 0x9A, 0xE4, 0x52,
    0xF1, 0x87, 0x36, 0x73, 0x06, 0x54, 0xB4, 0xF2, 0x60, 0xEF, 0x75, 0xF3, 0x4B, 0xC9, 0x45, 0xFE,
    0xA7, 0x06, 0xEE, 0x66, 0x6B, 0x63, 0xD5, 0x4F, 0xAF, 0xE6, 0x35, 0xB9, 0xD2, 0x6B, 0x0E, 0x01,
    0xDA, 0x42, 0xD2, 0x0C, 0xA4, 0x71, 0xF8, 0xE8, 0xC5, 0x55, 0xB2, 0xBA, 0x92, 0x87, 0x85, 0x22,
    0xDC, 0x57, 0x7C, 0x75, 0xAD, 0xFC, 0xE4, 0x37, 0xE3, 0xE6, 0xE5, 0xC8, 0x10, 0xE3, 0x47, 0xAE,
    0x30, 0x85, 0xA2, 0x8F, 0x8E, 0xBF, 0x17, 0x92, 0xFE, 0xEF, 0x64, 0xFD, 0x1F, 0xC8, 0xFB, 0x5F,
    0xBB, 0xF6, 0xEC, 0xDA, 0x53, 0x59, 0xBF, 0x2F, 0xBD, 0x3A, 0xE4, 0x57, 0xDF, 0xE7, 0xA5, 0x96,
    0xED, 0xE6, 0xDA, 0x91, 0xCF, 0x47, 0xBE, 0x10, 0x38, 0xE3, 0x2B, 0xDF, 0xE5, 0x00, 0xBB, 0xAF,
    0x55, 0x1B, 0x26, 0x21, 0x0F, 0x03, 0x0B, 0xB6, 0x8A, 0xEE, 0x76, 0x9B, 0x34, 0xE9, 0xC3, 0x53,
    0x11, 0x8A, 0x7A, 0xDE, 0xA6, 0xAB, 0xF2, 0xCB, 0xDB, 0xC3, 0x6A, 0x38, 0x1B, 0x57, 0x47, 0xA3,
    0x86, 0xCF, 0xBC, 0x7E, 0xB6, 0xBA, 0x75, 0xCB, 0xA0, 0x90, 0xBD, 0x13, 0xD3, 0x7F, 0xED, 0xAE,
    0x55, 0xBC, 0x1B, 0xF7, 0x76, 0x1C, 0x4D, 0x21, 0xA9, 0xDD, 0xEE, 0x64, 0x51, 0xD1, 0x2A, 0x48,
    0x1A, 0x43, 0x92, 0x68, 0x46, 0x1A, 0x75, 0x64, 0xD7, 0xEC, 0xD2, 0x0D, 0x7D, 0xEE, 0xA6, 0xF5,
    0x7B, 0xE6, 0xED, 0x38, 0xFB, 0x1A, 0x0E, 0x07, 0xDB, 0x68, 0x76, 0x7F, 0x83, 0x2C, 0x1E, 0xF7,
    0x41, 0xC1, 0x8C, 0x21, 0x53, 0x5E, 0xF5, 0xE3, 0xBF, 0x2D, 0x39, 0x45, 0xA7, 0xE4, 0x76, 0x6B,
    0x4C, 0xD2, 0x38, 0x22, 0x8D, 0xDA, 0x9B, 0x99, 0xC5, 0xD7, 0x65, 0x75, 0x9E, 0xF5, 0xB2, 0xB0,
    0x59, 0xFC, 0x72, 0x28, 0xEA, 0xD9, 0x46, 0x6E, 0xDE, 0x2C, 0x0D, 0x1E, 0xDF, 0x50, 0x16, 0x92,
    0x96, 0x52, 0x11, 0x18, 0xDB, 0xFB, 0x13, 0x8E, 0xCC, 0x2F, 0xF9, 0x12, 0x00, 0x5E, 0xA7, 0x95,
    0x5D, 0x4A, 0x1B, 0xC5, 0x40, 0x56, 0xB3, 0xA9, 0xC4, 0xC2, 0x98, 0x6C, 0xED, 0x08, 0x63, 0x6D,
    0x16, 0x8D, 0xD3, 0x58, 0x46, 0xF7, 0x73, 0xBF, 0x50, 0xCF, 0xDB, 0x4D, 0xFF, 0x1E, 0x3E, 0xA3,
    0xCA, 0xDE, 0xC5, 0xB2, 0xF8, 0x95, 0x20, 0x69, 0x46, 0x7D, 0x23, 0xAB, 0x0D, 0x28, 0xD9, 0xBC,
    0x11, 0x00, 0x33, 0xA7, 0x0E, 0x71, 0x27, 0x5B, 0x39, 0x4A, 0xDA, 0xA2, 0xDE, 0xB5, 0xB0, 0x74,
    0xB4, 0x35, 0xE9, 0x36, 0x02, 0x60, 0x1F, 0xEE, 0xC2, 0x24, 0x20, 0x0D, 0x00, 0x05, 0x8C, 0x60,
    0x1E, 0xF0, 0x17, 0x35, 0xFE, 0x29, 0x92, 0x7E, 0x3B, 0x92, 0x7F, 0x31, 0x52, 0xA6, 0x0D, 0xC3,
    0xB4, 0x65, 0xDE, 0xB7, 0xFC, 0xF9, 0x1B, 0x1D, 0xAD, 0x4E, 0x1A, 0xAD, 0xE4, 0xD1, 0xDA, 0xBC,
    0x2B, 0x7A, 0xFE, 0xB7, 0x49, 0xDA, 0x61, 0xD4, 0xE0, 0x15, 0xCF, 0xA1, 0x28, 0xAF, 0x31, 0x6A,
    0x71, 0xF7, 0x04, 0xED, 0xE7, 0x9E, 0x43, 0xC7, 0xCB, 0x70, 0x36, 0xC5, 0x7F, 0x74, 0x08, 0xCF,
    0xE3, 0x81, 0x9D, 0x2C, 0xB0, 0x5A, 0xA3, 0x5D, 0x3E, 0x07, 0x7C, 0x51, 0xE3, 0xA0, 0xC5, 0xFE,
    0x12, 0xD3, 0x16, 0xF3, 0x88, 0x8D, 0x67, 0x5C, 0x54, 0xF6, 0x7D, 0x20, 0x7B, 0xF0, 0x11, 0x8A,
    0x2E, 0xC7, 0x4E, 0x77, 0x1B, 0x55, 0x07, 0xDF, 0x6F, 0x91, 0xFE, 0x63, 0x83, 0xFC, 0x9D, 0xBE,
    0xA3, 0xCC, 0xCE, 0xEB, 0x1B, 0x66, 0xC4, 0x5F, 0x7D, 0x54, 0x93, 0xB4, 0x45, 0x78, 0x45, 0x16,
    0x4B, 0x33, 0x65, 0x18, 0x7D, 0x78, 0xE2, 0xB8, 0xE9, 0xFB, 0x8E, 0xE2, 0x2A, 0xF8, 0xF8, 0x5E,
    0x4C, 0xDB, 0x2C, 0xE6, 0x75, 0x56, 0x97, 0x52, 0x3B, 0xD8, 0x45, 0xF5, 0x63, 0x3E, 0xC0, 0x28,
    0xBC, 0xA8, 0x78, 0x70, 0x2A, 0x39, 0x7B, 0x8F, 0x97, 0x31, 0x47, 0x89, 0x1D, 0x2C, 0x70, 0x07,
    0x90, 0x45, 0xB2, 0x0E, 0xA7, 0x00, 0xD2, 0xBE, 0x6F, 0xBC, 0xFD, 0x61, 0xA3, 0x4A, 0xA2, 0x45,
    0x52, 0xBB, 0x8F, 0x13, 0x74, 0xE8, 0x2F, 0x24, 0x0F, 0x3E, 0x90, 0xB6, 0xA4, 0x0D, 0x59, 0xBC,
    0x7D, 0xED, 0x81, 0xE2, 0xFC, 0x1B, 0x8E, 0xFB, 0x0B, 0x40, 0x5E, 0x33, 0xA9, 0xF9, 0xE1, 0x33,
    0x62, 0x8E, 0x71, 0x46, 0xFA, 0xCF, 0x51, 0x91, 0xC4, 0xA7, 0xE6, 0x65, 0xEF, 0x44, 0xC5, 0xDF,
    0x46, 0xF9, 0x17, 0xC3, 0xB3, 0xD8, 0x77, 0xC9, 0xB7, 0x18, 0x85, 0xC7, 0x9B, 0x46, 0x6F, 0x51,
    0xB1, 0xB8, 0x91, 0x13, 0x3A, 0x3A, 0x49, 0x2B, 0x6D, 0x6E, 0x94, 0xC5, 0x1B, 0x15, 0x8D, 0xE3,
    0x15, 0xB6, 0xE8, 0x14, 0x9D, 0xC9, 0xFF, 0x2B, 0x9E, 0x07, 0xA3, 0xC6, 0xA2, 0x4B, 0x9A, 0xFD,
    0x9F, 0x38, 0xDB, 0x9D, 0x24, 0xDD, 0x4A, 0xF3, 0xFE, 0x4F, 0x1A, 0x4C, 0xCE, 0xAE, 0x64, 0x57,
    0xF7, 0x1A, 0x55, 0xBA, 0xB2, 0x70, 0x6A, 0xA1, 0x72, 0xA2, 0xD2, 0xA9, 0x46, 0x7D, 0x53, 0xBD,
    0xF8, 0xA0, 0xAE, 0x92, 0xD6, 0xFD, 0xB4, 0xD1, 0x65, 0x3F, 0x3A, 0xB0, 0x45, 0x5D, 0x9C, 0x5F,
    0x3A, 0xEE, 0xDF, 0xC3, 0xD6, 0x16, 0x2E, 0x0F, 0x49, 0xFE, 0xBE, 0x45, 0x12, 0x80, 0xF4, 0xC2,
    0x59, 0xE3, 0x2D, 0x3B, 0xCC, 0x0D, 0x39, 0xB6, 0xCD, 0x37, 0xEB, 0x31, 0xFF, 0x15, 0x2B, 0xFE,
    0xAD, 0x9D, 0xD1, 0x76, 0x47, 0x92, 0xE6, 0xE4, 0x50, 0x1A, 0xAB, 0xA5, 0x2C, 0x8E, 0x3B, 0x59,
    0x1C, 0xB5, 0xB2, 0xBA, 0x6C, 0x14, 0x75, 0x1E, 0xCD, 0xBB, 0x2C, 0x02, 0x59, 0x20, 0x6F, 0x48,
    0x56, 0x78, 0x19, 0xC8, 0xAF, 0x78, 0xFB, 0x5E, 0x4C, 0xBB, 0xB4, 0xCB, 0xA3, 0xAE, 0x64, 0xB5,
    0xC3, 0xFD, 0xD7, 0x38, 0xA9, 0x1E, 0xBA, 0xAB, 0x24, 0xD7, 0xCE, 0x9A, 0x03, 0x79, 0x3D, 0x32,
    0x51, 0x9C, 0xAF, 0x25, 0xFD, 0x7B, 0x80, 0x3C, 0x30, 0x09, 0x92, 0x4B, 0x92, 0xF0, 0x0C, 0x98,
    0x33, 0x5C, 0x91, 0x7D, 0x27, 0x18, 0xA4, 0xE1, 0xA9, 0x79, 0xE9, 0x3F, 0x04, 0xC5, 0x37, 0x83,
    0x17, 0xF6, 0xC0, 0x53, 0xF3, 0xF2, 0x5F, 0xAA, 0x95, 0xBF, 0x1B, 0x95, 0x45, 0x78, 0x26, 0x3C,
    0xA6, 0xB9, 0xF1, 0x8E, 0x72, 0x21, 0xEB, 0x6E, 0x54, 0x56, 0xAA, 0xD2, 0x67, 0x53, 0x40, 0xD2,
    0xBF, 0xC3, 0xE8, 0xA3, 0x2B, 0x4E, 0x9D, 0x4A, 0x3A, 0x17, 0xB2, 0x98, 0x7D, 0x4B, 0x5E, 0x0F,
    0xF6, 0x94, 0x61, 0xB6, 0xAB, 0x4C, 0xDA, 0xEB, 0x91, 0xD7, 0x95, 0x72, 0xE8, 0xAE, 0xF2, 0xC4,
    0x4A, 0xD9, 0xA4, 0xAD, 0x22, 0x16, 0xD1, 0xE8, 0xC1, 0xC7, 0x4C, 0x8F, 0x5B, 0x00, 0x18, 0x62,
    0xF2, 0xE8, 0x2C, 0x00, 0xFA, 0x76, 0xB2, 0x9A, 0x84, 0x22, 0xEE, 0xC8, 0xC3, 0xAE, 0x42, 0xA5,
    0x7C, 0xE4, 0x81, 0x85, 0xA1, 0x13, 0x63, 0x9D, 0x4A, 0x67, 0x66, 0x65, 0xE9, 0x34, 0x6D, 0xCD,
    0xFB, 0x5A, 0xF1, 0x43, 0xB8, 0x85, 0x31, 0xC9, 0x05, 0xC5, 0x33, 0x62, 0x26, 0x2D, 0xF9, 0x8A,
    0x9D, 0x8A, 0xC5, 0xE6, 0xD3, 0xF3, 0xC6, 0x43, 0xDE, 0x3A, 0x60, 0x56, 0x3D, 0xC3, 0x9D, 0x2B,
    0xD2, 0x35, 0xE5, 0x7B, 0xDC, 0x02, 0xCE, 0xBA, 0xB3, 0x76, 0x12, 0x26, 0xA1, 0x34, 0x56, 0x84,
    0x23, 0x79, 0xEC, 0x64, 0xDF, 0x8E, 0xD2, 0x7F, 0x09, 0x5C, 0xE1, 0xC2, 0xFF, 0xFD, 0x34, 0x5B,
    0x31, 0xB9, 0x24, 0xED, 0x23, 0x6F, 0xA1, 0xC2, 0xF1, 0x9A, 0xDF, 0x3E, 0x66, 0x59, 0x06, 0x5D,
    0x5E, 0xEB, 0x8A, 0x90, 0xB4, 0xA5, 0xB4, 0xD9, 0x93, 0x9E, 0xAF, 0x65, 0x7D, 0x2D, 0x8B, 0x14,
    0x0D, 0xC7, 0x1D, 0xA4, 0x97, 0x28, 0xEF, 0xA1, 0xCA, 0x03, 0x47, 0x37, 0x63, 0x59, 0xA0, 0xDB,
    0x46, 0x3B, 0x25, 0x69, 0x5A, 0xD2, 0xD8, 0x91, 0xC5, 0xD3, 0x9B, 0xB1, 0x47, 0x5E, 0x97, 0x41,
    0x11, 0xF2, 0xA0, 0x7C, 0xB5, 0xA0, 0x9C, 0x7F, 0x83, 0x41, 0xD1, 0x32, 0x84, 0x31, 0xB6, 0x66,
    0x38, 0xE8, 0x30, 0x89, 0xF0, 0x32, 0x15, 0x23, 0xF2, 0x40, 0x80, 0xE3, 0x2F, 0x27, 0x9F, 0xAE,
    0xF3, 0x7A, 0x55, 0x5A, 0xEE, 0xE8, 0xAA, 0xA4, 0xAD, 0xB2, 0xA6, 0xCA, 0x63, 0xB5, 0xF3, 0x37,
    0x07, 0x7F, 0xF6, 0x9F, 0xA3, 0xAF, 0xB6, 0xE0, 0x90, 0x4E, 0xDA, 0xC8, 0x03, 0x9E, 0x34, 0x95,
    0x45, 0x45, 0x67, 0x77, 0xE9, 0x68, 0xEA, 0xCE, 0xD6, 0x13, 0xA5, 0x26, 0xAF, 0xF8, 0xCA, 0xDA,
    0xD6, 0x9D, 0x27, 0x6D, 0x99, 0x55, 0x4E, 0xEF, 0x3A, 0x9C, 0x3E, 0xE1, 0xF5, 0xFF, 0x03, 0x9C,
    0xD2, 0x01, 0x67, 0x24, 0x77, 0x1C, 0xC6, 0xF1, 0xCF, 0xCC, 0x9C, 0x8E, 0x9A, 0xDE, 0x4E, 0x70,
    0x38, 0xDC, 0xEE, 0x02, 0x1C, 0x37, 0xB9, 0x2D, 0x52, 0x16, 0xFF, 0xE4, 0x46, 0xFB, 0x06, 0xF2,
    0x12, 0x0A, 0xA0, 0x4A, 0x52, 0x52, 0x96, 0x8B, 0x66, 0xAE, 0x2F, 0xA5, 0x80, 0xB6, 0xED, 0x6D,
    0x89, 0x0A, 0x72, 0xCD, 0x1F, 0x0A, 0x0A, 0x03, 0x40, 0x61, 0xEB, 0x0A, 0xA4, 0x74, 0xCA, 0x62,
    0x9B, 0xD3, 0xA4, 0x3B, 0x8E, 0x52, 0x84, 0x15, 0xFE, 0x5F, 0x98, 0xF9, 0x3D, 0xCF, 0xF3, 0xFC,
    0xF8, 0x49, 0x6A, 0x65, 0xA7, 0x3A, 0x34, 0x3D, 0xF4, 0xB4, 0x53, 0x36, 0x70, 0xF2, 0x69, 0xF2,
    0x66, 0x95, 0x37, 0xCB, 0xD2, 0x7C, 0xA4, 0x0B, 0xC9, 0x22, 0x64, 0x6D, 0xC8, 0x63, 0x18, 0xFD,
    0xBC, 0xF7, 0xC3, 0x1F, 0xE3, 0x17, 0x0B, 0x93, 0x2F, 0x57, 0xC9, 0xD5, 0xCD, 0xAB, 0x3C, 0xCE,
    0x86, 0xA5, 0xAE, 0x1A, 0x25, 0x8B, 0xD3, 0x90, 0xFD, 0x1A, 0x43, 0xFE, 0xB7, 0x50, 0x46, 0xE1,
    0x49, 0x7C, 0xB8, 0xF7, 0xD7, 0x55, 0x37, 0x6E, 0x2E, 0x6A, 0x27, 0x75, 0x7A, 0xD9, 0x14, 0x0C,
    0xA8, 0x08, 0xFF, 0xBD, 0xCC, 0xE4, 0x7B, 0xC5, 0x42, 0x52, 0xCB, 0x5B, 0x49, 0x2B, 0x8D, 0x8A,
    0xDA, 0x3D, 0x7C, 0xCC, 0x92, 0x63, 0x46, 0x24, 0xA0, 0x37, 0x89, 0xC5, 0x87, 0x71, 0x90, 0xC5,
    0xED, 0xD2, 0xEE, 0x99, 0x67, 0x8D, 0x40, 0x48, 0xEB, 0xC9, 0x4B, 0xC5, 0xEF, 0x40, 0x2B, 0x6B,
    0x15, 0xB5, 0xFB, 0xD8, 0x58, 0x55, 0xD4, 0x26, 0xD1, 0xE7, 0x6D, 0xB2, 0x58, 0xA8, 0x37, 0x53,
    0x75, 0xF3, 0xA4, 0xEB, 0xB4, 0xED, 0xC6, 0x29, 0xEF, 0x19, 0x29, 0xEB, 0x34, 0xAA, 0x39, 0x70,
    0xA0, 0x34, 0x30, 0x54, 0x09, 0x66, 0x7E, 0x6C, 0x6E, 0x9C, 0xC1, 0xD4, 0x59, 0xB2, 0xC8, 0x1A,
    0x6E, 0x9F, 0x59, 0xFF, 0x5F, 0x0E, 0xA6, 0xA1, 0xDA, 0xBA, 0x77, 0xDB, 0x4C, 0x35, 0xDC, 0xDD,
    0x7D, 0xFC, 0xF8, 0x76, 0x0F, 0x0F, 0xD8, 0x9E, 0x2B, 0xA3, 0x71, 0xF4, 0x59, 0x4B, 0xE7, 0x62,
    0x9E, 0x5D, 0x2E, 0xCB, 0x7A, 0x39, 0x72, 0x1A, 0xFA, 0x37, 0x9F, 0xEA, 0x42, 0xD2, 0x86, 0x2C,
    0xF6, 0xF5, 0x57, 0x4C, 0x1E, 0xF2, 0x7C, 0xC5, 0xD6, 0x3E, 0x80, 0xC9, 0x8B, 0x95, 0x27, 0xBF,
    0x9C, 0xCB, 0xBE, 0x0D, 0xF2, 0xF9, 0x9A, 0x38, 0x53, 0x34, 0xA7, 0x4A, 0x5D, 0x8F, 0xA1, 0xD7,
    0xAA, 0xE4, 0x5A, 0x48, 0x96, 0x3C, 0x20, 0x30, 0x26, 0xAF, 0xA9, 0xE1, 0xA4, 0x49, 0xDF, 0x74,
    0x45, 0x7F, 0x5F, 0xA7, 0xDB, 0x6F, 0x53, 0xDF, 0x5E, 0x59, 0xDE, 0x47, 0xE6, 0x2B, 0xE0, 0x7D,
    0x3A, 0x69, 0xAB, 0x57, 0xD9, 0x54, 0xD5, 0x1F, 0x40, 0xD7, 0x6F, 0x78, 0xB4, 0x63, 0x7F, 0x6B,
    0x23, 0xD5, 0xE4, 0x51, 0xBF, 0xDD, 0xD6, 0xFE, 0xA6, 0x29, 0xD3, 0xE0, 0xFC, 0xB8, 0xF7, 0xDF,
    0xB8, 0x55, 0xBA, 0x90, 0xB6, 0xF0, 0xC9, 0xD7, 0xF5, 0xCD, 0x4D, 0xE4, 0x7F, 0x1F, 0x19, 0xFF,
    0xD6, 0xF8, 0xE9, 0x46, 0xBA, 0xD8, 0x95, 0xC5, 0x7F, 0x14, 0x1F, 0x7D, 0xA7, 0x1C, 0x6E, 0x2B,
    0x8F, 0x82, 0x32, 0xCE, 0x94, 0x49, 0xE7, 0xD9, 0x65, 0xF4, 0xD5, 0x35, 0x00, 0x1E, 0x62, 0x17,
    0x63, 0xE4, 0x0D, 0x6A, 0x30, 0x8E, 0x43, 0x4F, 0x62, 0x90, 0xF5, 0x34, 0x53, 0x79, 0x7D, 0xA4,
    0xD0, 0xE9, 0x3D, 0x06, 0xD9, 0xC2, 0xE8, 0xFE, 0x6B, 0xE3, 0xD5, 0xB5, 0xA2, 0x3D, 0x05, 0xEC,
    0x60, 0x49, 0xDA, 0x92, 0xD5, 0x70, 0x37, 0x9F, 0x5E, 0x5F, 0x74, 0x0C, 0x8F, 0x98, 0x4D, 0xD9,
    0xBA, 0x83, 0x4F, 0xA8, 0x38, 0x3E, 0x66, 0x67, 0xE7, 0xEE, 0x3D, 0x54, 0x38, 0x46, 0x47, 0x1A,
    0x01, 0xA4, 0x5D, 0xE9, 0x9D, 0x65, 0xD1, 0x98, 0xE5, 0xB5, 0xB0, 0xA6, 0x2A, 0x18, 0x0E, 0xD6,
    0x3C, 0x62, 0x30, 0x5D, 0x73, 0xB8, 0xA6, 0xA5, 0x6C, 0x18, 0xA3, 0xC2, 0x9C, 0x6F, 0x1A, 0x5E,
    0xC1, 0x05, 0x0E, 0x30, 0xC2, 0x10, 0x15, 0xA6, 0x5F, 0xF0, 0xC1, 0x9F, 0xB5, 0xE7, 0x79, 0xE3,
    0x7C, 0xCD, 0x72, 0x4D, 0x57, 0xD4, 0x16, 0xA5, 0x24, 0x8E, 0xA4, 0x7D, 0xE7, 0xAB, 0x4E, 0xF6,
    0xB2, 0x91, 0xD7, 0x14, 0x28, 0x31, 0xDE, 0xE7, 0xA4, 0xC3, 0xF0, 0x5D, 0xF6, 0x9E, 0x52, 0x6D,
    0xFF, 0x3B, 0xAA, 0xB9, 0x13, 0x00, 0xAD, 0xD7, 0x31, 0x8C, 0x1C, 0x57, 0x1D, 0xC7, 0xF1, 0xCF,
    0xCC, 0x9C, 0x33, 0x28, 0x23, 0x76, 0x5C, 0x24, 0x02, 0x11, 0xF6, 0x36, 0x25, 0x22, 0x7B, 0xB9,
    0x14, 0x14, 0x57, 0x8C, 0x7D, 0x0F, 0xD2, 0x23, 0x17, 0x50, 0xA7, 0x8F, 0x10, 0x49, 0x71, 0x48,
    0x5B, 0xC4, 0xD9, 0x4D, 0xFA, 0x20, 0xF7, 0x05, 0x4A, 0x91, 0x22, 0x32, 0x22, 0x36, 0x68, 0x09,
    0x2B, 0x30, 0xBE, 0x51, 0x22, 0x48, 0x99, 0x41, 0x20, 0xA5, 0x43, 0x53, 0x58, 0x22, 0x0A, 0x01,
    0x1E, 0xD2, 0x46, 0xAC, 0x9C, 0xF3, 0x0D, 0xB7, 0xC3, 0xE9, 0x64, 0x5B, 0xB2, 0xF1, 0xE9, 0x2C,
    0xBD, 0xDF, 0xBF, 0x59, 0xCD, 0xEF, 0xF7, 0x9D, 0xF7, 0xFE, 0x7F, 0xCD, 0x5B, 0x5E, 0x7E, 0x1B,
    0xFB, 0x4B, 0x00, 0x50, 0xC0, 0x08, 0x76, 0x03, 0x7E, 0x33, 0xC3, 0x9F, 0x6B, 0xD2, 0x0F, 0x6B,
    0xF2, 0x17, 0x6B, 0xCA, 0xB4, 0x61, 0x98, 0xB6, 0xEC, 0x76, 0x2D, 0xBF, 0xFE, 0x61, 0xA4, 0x15,
    0xA5, 0xB5, 0xA5, 0xBC, 0xB6, 0xB2, 0x1B, 0x8B, 0x8E, 0xE9, 0xCA, 0xB7, 0xDF, 0x01, 0x4C, 0x7F,
    0x94, 0x7C, 0xB9, 0xCA, 0x67, 0xCB, 0xD2, 0xF5, 0x4D, 0xB1, 0x4A, 0xDA, 0x2A, 0x6B, 0xAA, 0xBC,
    0xAE, 0x36, 0xFF, 0x70, 0xF1, 0x97, 0x9F, 0x8F, 0xDE, 0x68, 0x79, 0x76, 0x03, 0xF3, 0x3D, 0x4C,
    0x5B, 0x9C, 0x7B, 0xEC, 0x40, 0x7D, 0xC4, 0xCE, 0xD8, 0x6E, 0x74, 0x2E, 0x3C, 0x32, 0xD6, 0x7D,
    0xE9, 0xFB, 0x33, 0xFC, 0xA7, 0x26, 0x5D, 0x23, 0xE4, 0x6B, 0x84, 0xF2, 0xC5, 0x86, 0x51, 0xDA,
    0x72, 0x61, 0x5D, 0xF6, 0xBB, 0xC8, 0x17, 0x47, 0x08, 0x69, 0xEB, 0x24, 0x3D, 0xEF, 0x60, 0x0F,
    0x49, 0x83, 0xB4, 0x46, 0xBA, 0x82, 0xD5, 0xC3, 0x21, 0xFE, 0x31, 0x7A, 0x63, 0x49, 0x2B, 0xAD,
    0x65, 0x41, 0xF6, 0x17, 0xC9, 0x12, 0xC8, 0x03, 0xDB, 0x81, 0x3B, 0x08, 0x40, 0x71, 0x18, 0xDC,
    0xBC, 0x56, 0xA7, 0x6D, 0x56, 0xE7, 0xB3, 0x6C, 0x56, 0x4A, 0x6D, 0x62, 0x0B, 0xD5, 0x7D, 0xBA,
    0x88, 0x51, 0x78, 0x52, 0x71, 0xFB, 0x86, 0x64, 0xFF, 0x0A, 0xD0, 0xC8, 0x1A, 0x45, 0xF0, 0x55,
    0x80, 0x69, 0x48, 0xFF, 0x3E, 0x2B, 0x18, 0x30, 0xA6, 0x3A, 0x59, 0x99, 0xED, 0xF7, 0x14, 0x2D,
    0x2A, 0x74, 0x64, 0x1F, 0xCD, 0x0C, 0xD2, 0xD9, 0xE3, 0xA0, 0x28, 0x82, 0xED, 0xDA, 0x4F, 0x9A,
    0xA4, 0x6D, 0x85, 0x47, 0xA4, 0x98, 0xE0, 0x00, 0x73, 0x70, 0x66, 0x8A, 0x92, 0x91, 0x53, 0xEC,
    0x42, 0x22, 0x28, 0xB2, 0x5A, 0xF6, 0x57, 0x92, 0x15, 0x2E, 0x9D, 0x9D, 0xC1, 0x79, 0x6D, 0xF4,
    0xAB, 0xDA, 0x6E, 0xB0, 0x75, 0x0A, 0x92, 0xF3, 0xB2, 0x37, 0x5A, 0xE9, 0x27, 0x33, 0x0E, 0x31,
    0x01, 0xC9, 0xFE, 0xA1, 0xEC, 0xF0, 0x5A, 0xA3, 0x4A, 0x97, 0x26, 0x6E, 0x98, 0xA8, 0xCC, 0x55,
    0xA2, 0x5E, 0x49, 0x7B, 0xA4, 0xC6, 0x22, 0x6D, 0xC4, 0xAC, 0xE7, 0x2D, 0x66, 0xC5, 0x67, 0x77,
    0x4C, 0xBB, 0x2B, 0xB0, 0x81, 0x21, 0xBE, 0xC9, 0xCD, 0x31, 0x3F, 0xFE, 0x0E, 0xC3, 0x17, 0x4E,
    0xDE, 0x63, 0xFB, 0x35, 0x47, 0xED, 0x2B, 0x9F, 0x2D, 0x95, 0xAE, 0xDB, 0x14, 0x8D, 0xD7, 0x86,
    0x59, 0xA3, 0xCA, 0x6B, 0x47, 0x5D, 0xEC, 0x68, 0x96, 0xAC, 0x87, 0xE9, 0x61, 0x1C, 0xA3, 0xAE,
    0xA9, 0x9E, 0xBC, 0x3D, 0x5B, 0xB3, 0x3C, 0x80, 0xE3, 0x26, 0xDE, 0xC3, 0x90, 0xBC, 0xAB, 0xA9,
    0x98, 0xDE, 0x9B, 0x3D, 0x14, 0x55, 0x0F, 0xC8, 0x96, 0x5E, 0x0D, 0xFA, 0xE7, 0x80, 0xB4, 0xEB,
    0x1A, 0xAF, 0x5F, 0x6D, 0x54, 0x49, 0x6D, 0x92, 0xCC, 0x2C, 0x30, 0x47, 0x44, 0x77, 0x20, 0xB9,
    0xFD, 0x8E, 0xB4, 0x25, 0x6D, 0xC8, 0xEA, 0x27, 0x8E, 0x34, 0x50, 0x7C, 0xF6, 0x0B, 0xD3, 0xEE,
    0x80, 0x2E, 0x7A, 0xF9, 0xCA, 0x5D, 0x87, 0x52, 0x17, 0xDF, 0xAB, 0x07, 0x59, 0xBD, 0x55, 0xBA,
    0xB0, 0xB0, 0x3B, 0x53, 0x51, 0xA5, 0x61, 0xFB, 0x9A, 0xE2, 0x16, 0xA9, 0x20, 0x7B, 0xB3, 0x96,
    0x75, 0xF8, 0xC1, 0xD9, 0xC3, 0xC3, 0x79, 0xF1, 0x55, 0xFB, 0xB5, 0xA7, 0x3D, 0x2A, 0x82, 0xA7,
    0xF0, 0x1A, 0x26, 0x70, 0x76, 0x84, 0x93, 0x09, 0x79, 0xB4, 0xFC, 0xFB, 0xB2, 0xEA, 0x7B, 0xB2,
    0x8E, 0x72, 0x92, 0x6E, 0x75, 0x57, 0x56, 0x7A, 0x6F, 0x96, 0x05, 0x49, 0xFF, 0x03, 0xD9, 0xA7,
    0x58, 0xFD, 0xBF, 0xC0, 0x03, 0xAE, 0x4B, 0x1A, 0x69, 0x2D, 0xFD, 0x94, 0xD5, 0xF1, 0x84, 0xA6,
    0x8D, 0xEC, 0xE3, 0x20, 0xB9, 0x83, 0xF9, 0x59, 0xF7, 0xE0, 0x21, 0x13, 0xFA, 0xF0, 0x93, 0xB8,
    0x4E, 0x7A, 0x40, 0xF9, 0x12, 0xE3, 0x1C, 0x78, 0xE6, 0x30, 0x38, 0xBC, 0x56, 0x67, 0x4D, 0x56,
    0x97, 0xB2, 0xF0, 0xBC, 0x54, 0x45, 0xAF, 0x09, 0x16, 0xBA, 0x7A, 0xE1, 0xA5, 0x30, 0x51, 0xAA,
    0x94, 0x76, 0x6D, 0x2A, 0x3F, 0xFB, 0xBD, 0xA4, 0x6B, 0x01, 0x15, 0x0E, 0x49, 0x3F, 0xA6, 0x78,
    0x31, 0xD8, 0x48, 0x80, 0xA2, 0xAB, 0x5D, 0xBC, 0x19, 0xC4, 0x4A, 0xD2, 0xAC, 0xB5, 0x23, 0xF9,
    0x22, 0xB2, 0x3F, 0x63, 0x82, 0x88, 0x3B, 0x14, 0xFF, 0x6A, 0x5C, 0x48, 0x97, 0xE6, 0x26, 0x16,
    0xE6, 0x76, 0x7F, 0xDE, 0x2A, 0x0E, 0x03, 0x5F, 0x49, 0x18, 0x14, 0x94, 0x07, 0x24, 0x97, 0xCE,
    0xCE, 0x9A, 0x0A, 0xF2, 0x37, 0x67, 0x77, 0x0F, 0xC2, 0x63, 0xE1, 0x14, 0x49, 0x23, 0x49, 0x03,
    0x67, 0xE7, 0xB4, 0x83, 0x1B, 0xD8, 0x7B, 0x7C, 0x8C, 0x67, 0xE2, 0x41, 0x75, 0xAC, 0x1D, 0x44,
    0x04, 0xD8, 0xC0, 0x18, 0xAF, 0x22, 0x9E, 0xE8, 0xB1, 0xF0, 0xCA, 0x6A, 0x94, 0x11, 0xD5, 0x02,
    0xED, 0xB7, 0x80, 0xB4, 0xAB, 0xF7, 0xA3, 0xCB, 0x46, 0xA1, 0xE7, 0x34, 0xB1, 0xC9, 0xC4, 0x16,
    0x73, 0x15, 0xB7, 0xAF, 0xDE, 0xA0, 0x5B, 0x8F, 0x4E, 0x6B, 0x22, 0x6D, 0xCC, 0xD7, 0x25, 0xCA,
    0xEA, 0xE3, 0xA2, 0x68, 0xD2, 0xA5, 0x69, 0x1C, 0x1D, 0x30, 0xA6, 0x5B, 0x5F, 0x1D, 0x8E, 0x6F,
    0x0E, 0x14, 0xD1, 0x13, 0x51, 0xD2, 0x4A, 0xFB, 0xE1, 0xCD, 0x3E, 0x88, 0xD9, 0x4F, 0x17, 0xF9,
    0xDE, 0xA4, 0x68, 0xF7, 0xCA, 0xFA, 0x7A, 0x19, 0xE2, 0x48, 0xBB, 0x95, 0x34, 0x55, 0xFA, 0xC7,
    0x2A, 0xFB, 0x7C, 0x27, 0x6D, 0x93, 0x35, 0x4C, 0xB2, 0x1F, 0xA6, 0x57, 0x7A, 0x18, 0x95, 0x4D,
    0x79, 0xD7, 0x75, 0xED, 0x13, 0xB7, 0xAF, 0xDE, 0xBC, 0xE2, 0xB7, 0xC7, 0x30, 0xB4, 0x26, 0x92,
    0x63, 0x98, 0xE5, 0x5D, 0x30, 0xF9, 0x09, 0x4C, 0x11, 0x3D, 0xD9, 0x47, 0x6F, 0x77, 0xB2, 0xFF,
    0x45, 0x7F, 0x7F, 0xB5, 0x8E, 0x6E, 0xFA, 0x68, 0x71, 0xF3, 0xDE, 0x68, 0x4F, 0x9D, 0x77, 0xF3,
    0x05, 0x9F, 0x44, 0xDF, 0x0D, 0xFA, 0x6D, 0x71, 0x99, 0x8A, 0x49, 0xBF, 0xE6, 0x44, 0x4E, 0xDE,
    0xA5, 0xE9, 0x3D, 0x6B, 0x45, 0x63, 0xBA, 0x34, 0x7A, 0xEB, 0xE2, 0xC1, 0xF9, 0x4B, 0xF0, 0x8A,
    0x57, 0x94, 0x06, 0x86, 0xC6, 0x2A, 0x13, 0xEF, 0xCF, 0x3A, 0x0B, 0x5E, 0xBE, 0xA2, 0x8B, 0x38,
    0xAD, 0xF1, 0xEE, 0x9D, 0x6F, 0xBC, 0xFB, 0x10, 0xDB, 0x4B, 0x1B, 0xFD, 0x87, 0xA3, 0x71, 0xEE,
    0xD4, 0xCE, 0x1B, 0xC9, 0x78, 0x38, 0x5A, 0x26, 0xE1, 0x81, 0xEE, 0xA7, 0xB3, 0x4B, 0x1A, 0x59,
    0x90, 0x93, 0xDF, 0x92, 0x46, 0xE6, 0x96, 0x5A, 0x78, 0xA6, 0x7E, 0xA6, 0xCE, 0xEA, 0x6C, 0x96,
    0x87, 0x42, 0x69, 0xD3, 0xD6, 0xDB, 0xBB, 0xCD, 0x76, 0x18, 0x18, 0xDB, 0x71, 0x21, 0x8C, 0x82,
    0x84, 0x32, 0x28, 0x9D, 0x7E, 0x77, 0x1E, 0xC8, 0xFD, 0x41, 0x6F, 0xD2, 0xDB, 0xF4, 0x46, 0xBD,
    0xD5, 0x9C, 0x79, 0xEF, 0xD5, 0x97, 0xDE, 0xB2, 0x37, 0xED, 0x6D, 0x7B, 0xD7, 0xBE, 0xF4, 0xE6,
    0xF9, 0xEC, 0xC8, 0xBE, 0x08, 0x28, 0xB1, 0x31, 0xC4, 0xF3, 0x0B, 0x8C, 0x5A, 0xD2, 0xA6, 0x94,
    0x35, 0x23, 0xD9, 0x6C, 0x08, 0xE0, 0x95, 0x74, 0x75, 0xA4, 0x1B, 0x4A, 0x3B, 0x06, 0xF6, 0x0C,
    0xCD, 0x8D, 0x45, 0x95, 0x68, 0x92, 0xB4, 0xDE, 0x7F, 0xB3, 0xD1, 0x65, 0xB5, 0xC5, 0x91, 0xE4,
    0x81, 0x82, 0x73, 0x9B, 0x94, 0x07, 0xE4, 0x2D, 0x6C, 0x60, 0x1B, 0xBF, 0xAB, 0x65, 0x7F, 0x6A,
    0x24, 0x02, 0xC8, 0x3B, 0x92, 0x15, 0xA2, 0x5E, 0xC9, 0xC9, 0xB7, 0xCB, 0x89, 0xF2, 0x19, 0x45,
    0xA0, 0xA4, 0xD7, 0x00, 0x43, 0x54, 0x3C, 0x3B, 0x67, 0xDA, 0xF2, 0x34, 0xC0, 0x44, 0x72, 0x20,
    0xFB, 0x99, 0x41, 0x61, 0x03, 0x8C, 0x6A, 0xCF, 0xD5, 0xFD, 0xA6, 0xCE, 0xE4, 0x41, 0x11, 0x94,
    0x94, 0x0C, 0x18, 0x52, 0xB1, 0xC3, 0x1E, 0x71, 0x0D, 0xF6, 0x3A, 0x69, 0xF7, 0x61, 0xC7, 0xE5,
    0x64, 0x49, 0x95, 0xD5, 0x4C, 0x46, 0x98, 0x4F, 0xF0, 0x7E, 0x8B, 0x2F, 0x03, 0x3A, 0x24, 0x7F,
    0xEB, 0xFF, 0x50, 0xF5, 0xB4, 0x4B, 0xB2, 0xFA, 0xB5, 0x75, 0xD9, 0xA6, 0xB8, 0x55, 0x36, 0xA6,
    0xAB, 0x34, 0x02, 0x3D, 0xBC, 0xBC, 0x46, 0x1E, 0x30, 0x80, 0x0D, 0xE4, 0xD1, 0xB9, 0x48, 0xA4,
    0x95, 0x34, 0xD2, 0x8F, 0x62, 0xF6, 0xCF, 0x65, 0xD6, 0xEE, 0xE5, 0xB3, 0x58, 0x14, 0x75, 0x79,
    0xA8, 0x5C, 0x1A, 0x54, 0x86, 0xDB, 0xC6, 0xE5, 0xAD, 0x2A, 0x5D, 0x42, 0x3C, 0x5E, 0x69, 0x2D,
    0x61, 0x7B, 0xB6, 0xF8, 0xDA, 0x87, 0xEF, 0x66, 0x6F, 0xC9, 0xF7, 0x14, 0xAD, 0x22, 0x2A, 0xF7,
    0xFA, 0x47, 0xB6, 0x9E, 0x1A, 0x97, 0xD7, 0xAB, 0xBC, 0xE1, 0x3C, 0x22, 0x45, 0x64, 0x3B, 0x70,
    0x57, 0x0B, 0xBA, 0x8C, 0x0A, 0x93, 0x63, 0xCD, 0xEF, 0x3F, 0x83, 0xB5, 0x52, 0x59, 0x9D, 0x1F,
    0xA9, 0x74, 0x72, 0x87, 0xF8, 0x7A, 0x72, 0x50, 0xB6, 0xFD, 0x61, 0xD6, 0xCF, 0x9D, 0x74, 0x7D,
    0xDF, 0xF7, 0x2A, 0x95, 0x89, 0xB9, 0x7F, 0x87, 0x2F, 0x2D, 0xCE, 0x96, 0x02, 0x63, 0x5C, 0x40,
    0x85, 0x3D, 0x04, 0xFE, 0x0B, 0xB5, 0xD7, 0x01, 0x8B, 0x1C, 0x67, 0x1D, 0xC7, 0xF1, 0xCF, 0xCC,
    0x73, 0xC9, 0x94, 0x8C, 0xBD, 0x59, 0x30, 0x20, 0x68, 0x6E, 0xB7, 0x80, 0x88, 0x98, 0xDB, 0x6C,
    0x81, 0x00, 0x07, 0x4C, 0x72, 0x0F, 0xF4, 0x0D, 0xF4, 0x05, 0xF8, 0x16, 0x24, 0x01, 0x0E, 0x38,
    0x31, 0xF1, 0xA6, 0x04, 0x00, 0x11, 0xA0, 0x2F, 0x41, 0xA0, 0x40, 0x69, 0x5B, 0xB3, 0xC0, 0xAA,
    0x01, 0x43, 0xEE, 0xB1, 0x01, 0x8A, 0x16, 0xEB, 0x28, 0x48, 0x01, 0x05, 0x56, 0x5B, 0x50, 0x63,
    0xC0, 0xD1, 0x2E, 0xF4, 0x6C, 0xAE, 0xB7, 0x4E, 0xB8, 0xB3, 0xC5, 0x92, 0xDA, 0x4B, 0x4E, 0xE1,
    0xF9, 0x3E, 0x2C, 0xC0, 0xFE, 0x7F, 0xDF, 0xDF, 0x1F, 0x18, 0x66, 0xF2, 0xFD, 0xFC, 0xB6, 0x0D,
    0x5B, 0xA6, 0x3A, 0x5D, 0x36, 0xCF, 0xDB, 0x90, 0x42, 0x2A, 0x9A, 0x32, 0x56, 0x67, 0xAB, 0x69,
    0xD9, 0x50, 0xA9, 0xAC, 0xAA, 0x0D, 0x10, 0x62, 0xBE, 0xBC, 0xDB, 0xB8, 0x5E, 0x50, 0x9F, 0x61,
    0xDB, 0x21, 0x33, 0x74, 0x87, 0x64, 0x73, 0xF2, 0x56, 0x4F, 0xAE, 0x9F, 0xD3, 0x53, 0x29, 0xEF,
    0xBD, 0x6E, 0x67, 0xB9, 0x4F, 0x46, 0x68, 0x84, 0x38, 0x79, 0xD3, 0xF9, 0x5F, 0x08, 0xDF, 0x53,
    0x44, 0x25, 0x15, 0x15, 0x43, 0xC6, 0xD4, 0xD4, 0x6C, 0x33, 0xE3, 0xEF, 0xD1, 0x03, 0x6E, 0x91,
    0x2F, 0x13, 0xD7, 0x51, 0xF3, 0x49, 0x68, 0xD9, 0xE8, 0xAA, 0x9E, 0x33, 0xFF, 0x35, 0x74, 0x92,
    0xCE, 0xA7, 0xD0, 0x14, 0xB1, 0x54, 0xA9, 0x0C, 0xAB, 0xF1, 0xA4, 0x5E, 0xAB, 0x6D, 0x9B, 0xF5,
    0xE3, 0x1F, 0xB8, 0xF5, 0xE8, 0xD9, 0x3F, 0x4A, 0x2C, 0xA3, 0x6C, 0xC1, 0x68, 0xCE, 0xD7, 0x3E,
    0x63, 0xF6, 0x7F, 0x2C, 0xEF, 0x41, 0xB6, 0x57, 0xB4, 0x93, 0xF4, 0xC5, 0x54, 0x3C, 0x4C, 0x3B,
    0x5A, 0x1E, 0xC8, 0xE6, 0x28, 0x5B, 0x5C, 0x8E, 0x00, 0xC8, 0xF7, 0xED, 0xB6, 0xAE, 0x1B, 0xB2,
    0x69, 0x8D, 0x1D, 0xE7, 0xF8, 0x69, 0xB3, 0xCE, 0xFB, 0xA9, 0xE6, 0x8F, 0xF3, 0x0D, 0xE6, 0xDD,
    0x96, 0xAC, 0x9D, 0x5D, 0x95, 0xA7, 0x7A, 0x2A, 0xA4, 0xF5, 0xAE, 0xBF, 0x7A, 0xA5, 0xD0, 0x54,
    0xAD, 0xB2, 0x29, 0x92, 0xCD, 0x2E, 0x24, 0xC0, 0x55, 0x74, 0x84, 0x96, 0x02, 0x80, 0xC9, 0x0B,
    0x7B, 0xCE, 0xBF, 0x75, 0x5B, 0x78, 0xAD, 0x56, 0x4C, 0x7B, 0xD2, 0xB6, 0xB2, 0x99, 0xA9, 0x74,
    0x7A, 0xAC, 0x79, 0xD7, 0x7A, 0x76, 0xA0, 0xCE, 0x16, 0xFF, 0x7B, 0xA5, 0xA2, 0x41, 0x48, 0x47,
    0xBF, 0xAC, 0xC2, 0xCA, 0x63, 0x4A, 0x81, 0x2D, 0x6C, 0x63, 0x8A, 0x96, 0x2C, 0x42, 0x1C, 0x90,
    0xA7, 0x19, 0xDE, 0x6F, 0xB1, 0x1B, 0x31, 0xFE, 0x3F, 0x6C, 0x77, 0xB0, 0xC2, 0xC5, 0x9A, 0xBA,
    0x63, 0x94, 0xA8, 0xE2, 0x13, 0x6D, 0xF7, 0x14, 0xAA, 0x78, 0x04, 0xD6, 0x70, 0xF1, 0x4A, 0xDE,
    0x0D, 0xAE, 0x0C, 0x17, 0xCA, 0xAD, 0x99, 0xAA, 0x9D, 0xAA, 0x9A, 0xCE, 0xC8, 0xDC, 0x85, 0xAC,
    0x55, 0xE7, 0x49, 0x1D, 0x7E, 0x6E, 0x23, 0xEC, 0xDB, 0x0A, 0xF3, 0xCF, 0xA9, 0xF4, 0x8F, 0x4F,
    0x55, 0xBA, 0xF6, 0xB0, 0x52, 0xFD, 0x19, 0x95, 0x84, 0x48, 0x56, 0xA0, 0x78, 0x1D, 0xA1, 0xA3,
    0xAF, 0xD2, 0x37, 0xE9, 0x8B, 0xF4, 0x3D, 0xFA, 0x1A, 0x7D, 0x8B, 0x4A, 0xD7, 0x9F, 0xB5, 0x6C,
    0xBE, 0x9E, 0xB7, 0x75, 0x48, 0xFA, 0x53, 0xC4, 0xAC, 0x52, 0xEE, 0x2B, 0xE6, 0x94, 0xCB, 0xE8,
    0xF4, 0x2B, 0x00, 0x14, 0x07, 0x7C, 0xF7, 0x66, 0xCA, 0xBB, 0xBC, 0x2B, 0x92, 0xAE, 0x62, 0x31,
    0xE4, 0xD6, 0x25, 0x66, 0xF5, 0x21, 0x5D, 0x2D, 0xEB, 0x09, 0xED, 0x65, 0x45, 0x33, 0x32, 0x51,
    0xDE, 0xDB, 0x93, 0x2D, 0x5F, 0x64, 0x67, 0xDF, 0x37, 0x5E, 0x02, 0xEC, 0x34, 0xF9, 0x83, 0xAE,
    0x6C, 0x16, 0x95, 0xD9, 0xD8, 0xAC, 0xEE, 0x8F, 0xAE, 0xCE, 0xE6, 0xBD, 0xD4, 0xE4, 0xA6, 0x62,
    0x8F, 0x5C, 0x54, 0x3E, 0xD7, 0x08, 0x07, 0x78, 0xFE, 0xE4, 0xE1, 0xCF, 0xAC, 0xD8, 0x58, 0xB7,
    0xD9, 0x39, 0x15, 0x8F, 0xAB, 0x60, 0xB0, 0xC2, 0xF6, 0x58, 0xBE, 0xD8, 0x57, 0xDD, 0x98, 0x7B,
    0xEA, 0xF4, 0xC9, 0x35, 0x70, 0xFA, 0x8C, 0x6A, 0xE4, 0x52, 0x6D, 0x6B, 0x6A, 0x10, 0x8F, 0x65,
    0x52, 0x2C, 0x97, 0x4B, 0x3B, 0xAF, 0xDE, 0xFB, 0x61, 0xB6, 0xC8, 0xD3, 0xD3, 0x45, 0x0A, 0xE9,
    0xA9, 0x4A, 0x48, 0x86, 0x8A, 0xC6, 0x25, 0xE5, 0x2B, 0x4D, 0xAD, 0x5A, 0xA6, 0xFE, 0xE2, 0xE8,
    0x1A, 0x72, 0xD9, 0xD8, 0xB3, 0xA3, 0x78, 0xC9, 0xB4, 0xFC, 0xF0, 0xCE, 0x2B, 0xF3, 0xAC, 0x1F,
    0xD2, 0xF6, 0x59, 0x77, 0xE4, 0x0F, 0x3E, 0xF8, 0x5B, 0x2C, 0x9B, 0x83, 0x32, 0x56, 0x6E, 0x57,
    0xC6, 0xFA, 0xD8, 0xDA, 0x8F, 0x3B, 0xB5, 0x03, 0xEA, 0xAC, 0xA3, 0x2E, 0xBA, 0x33, 0x26, 0x37,
    0xEF, 0xDC, 0xEE, 0xF3, 0x27, 0x2D, 0x60, 0x15, 0x77, 0x08, 0x0B, 0x32, 0xC0, 0xEE, 0x9E, 0x70,
    0xB0, 0x4B, 0x5D, 0x36, 0xB6, 0x8B, 0xC6, 0x56, 0xCF, 0xB4, 0xA2, 0xBB, 0xCE, 0x72, 0x2E, 0xFB,
    0x53, 0x92, 0xFF, 0xA6, 0x95, 0xA7, 0x4E, 0x48, 0xB7, 0x7A, 0x2E, 0x2B, 0xE7, 0xA3, 0x66, 0x67,
    0x51, 0xCC, 0x21, 0x4B, 0x42, 0x52, 0x71, 0x0E, 0x30, 0xBA, 0x9B, 0xCE, 0xFF, 0x2A, 0x85, 0xD7,
    0x62, 0x98, 0x2A, 0x5A, 0x65, 0x52, 0x45, 0x15, 0x43, 0xD6, 0x58, 0x3F, 0x79, 0xA2, 0xEA, 0x88,
    0x55, 0xAC, 0x63, 0x40, 0xD1, 0x75, 0x67, 0xDE, 0xEF, 0xFC, 0x75, 0xE0, 0xBE, 0x6C, 0x21, 0xEF,
    0x84, 0x56, 0x48, 0x8A, 0x46, 0x11, 0x95, 0x60, 0x95, 0x8A, 0x55, 0x36, 0x18, 0x60, 0x25, 0x63,
    0x5C, 0x51, 0x5D, 0xA3, 0xE8, 0xC8, 0xE2, 0xC9, 0x17, 0x92, 0xAE, 0xFA, 0x43, 0xEB, 0x27, 0xD1,
    0x65, 0xCE, 0x1E, 0x6F, 0x1B, 0xB0, 0x25, 0xEF, 0x8C, 0x5E, 0x74, 0x16, 0xEC, 0xB6, 0xE1, 0xDE,
    0xA2, 0x8C, 0x5B, 0x95, 0xAB, 0x15, 0x55, 0x12, 0x16, 0x1C, 0x30, 0x4A, 0x42, 0x7B, 0x35, 0x9F,
    0x4F, 0xF3, 0x76, 0x11, 0xD2, 0x9D, 0x9B, 0xF1, 0x2B, 0x7B, 0x20, 0x34, 0xCA, 0xC6, 0xF0, 0xE3,
    0x62, 0xDC, 0x51, 0xDC, 0xB4, 0x9A, 0x39, 0xFC, 0x7B, 0xBE, 0xE0, 0x36, 0x63, 0xD3, 0x75, 0x77,
    0x66, 0x26, 0x2D, 0xA1, 0x51, 0xCD, 0x5D, 0x9B, 0x99, 0x7F, 0xF5, 0x49, 0x12, 0x87, 0xEC, 0xF0,
    0x6E, 0x13, 0xDE, 0x48, 0x99, 0xE3, 0x25, 0x3E, 0x56, 0x44, 0x14, 0x3A, 0x3A, 0xE6, 0x8A, 0xE4,
    0xD4, 0x31, 0xE6, 0x9F, 0xA2, 0x3A, 0x7A, 0xF4, 0x19, 0x72, 0x16, 0x71, 0x45, 0xB7, 0xED, 0xDB,
    0x73, 0x93, 0xE8, 0x94, 0xC7, 0xAF, 0x19, 0xF3, 0x37, 0xDA, 0xEC, 0x9D, 0xE8, 0x80, 0x6D, 0x8E,
    0x57, 0x73, 0x73, 0xB9, 0x4C, 0x97, 0x6F, 0xBE, 0xDA, 0x5C, 0x1C, 0x86, 0xF8, 0xEC, 0x38, 0x50,
    0x3B, 0xE4, 0xDA, 0xA3, 0x5F, 0xC2, 0x7A, 0x14, 0xEF, 0xB1, 0xB9, 0x0F, 0x14, 0xA9, 0xA7, 0x25,
    0x4F, 0x94, 0x91, 0xB3, 0xF0, 0x03, 0x59, 0x2B, 0x4F, 0x26, 0x4B, 0xE7, 0xFF, 0xA2, 0x68, 0x94,
    0x51, 0x49, 0xC5, 0x2A, 0x43, 0xC6, 0x6B, 0x46, 0x7B, 0xAA, 0xD6, 0x29, 0x46, 0x51, 0x88, 0x4A,
    0xC6, 0x0C, 0xF4, 0xAC, 0xB0, 0x35, 0xA6, 0x9E, 0x31, 0x6A, 0x29, 0x23, 0x9C, 0xCC, 0x33, 0x4F,
    0x42, 0xE3, 0x4B, 0xFC, 0xF6, 0x58, 0x56, 0x9F, 0xCE, 0x1A, 0xD4, 0xD9, 0xC7, 0x79, 0xE5, 0xB2,
    0x71, 0xFA, 0xC3, 0x48, 0xE7, 0x88, 0x4F, 0x65, 0x3D, 0xAA, 0xFB, 0xEE, 0x47, 0xAE, 0xBC, 0xFC,
    0x49, 0xCA, 0xE4, 0x61, 0x0A, 0xA3, 0xA7, 0xD8, 0xBC, 0xCF, 0xB3, 0x0B, 0x00, 0xCB, 0xF9, 0x64,
    0x31, 0x89, 0x65, 0x1A, 0x2A, 0xE2, 0x58, 0xA9, 0x56, 0x1D, 0xB1, 0x6A, 0xDB, 0x9A, 0x99, 0x75,
    0x9D, 0xBA, 0x67, 0xC3, 0xC2, 0xD4, 0xED, 0x7C, 0xDE, 0xDB, 0x36, 0xCA, 0x7F, 0x62, 0xF2, 0x4D,
    0xBE, 0xB3, 0xCF, 0xE0, 0x79, 0x00, 0xA3, 0xB4, 0xE6, 0x7C, 0xAA, 0x85, 0x87, 0x34, 0x1B, 0x8A,
    0xB8, 0xA5, 0xD4, 0xA9, 0xB2, 0xCE, 0x6A, 0x98, 0x1B, 0x3E, 0xFD, 0x6E, 0xDF, 0xF9, 0x40, 0xD9,
    0xCE, 0x0E, 0xF5, 0xBF, 0xFC, 0x32, 0x27, 0x77, 0x39, 0x9A, 0xF5, 0xD2, 0x93, 0x79, 0x9C, 0xCD,
    0xA8, 0xCF, 0x31, 0x5A, 0x90, 0xC5, 0x93, 0xBB, 0x0C, 0x56, 0xD8, 0x38, 0xC7, 0xA4, 0xE3, 0x54,
    0x7C, 0x32, 0xA7, 0x30, 0xA7, 0x9A, 0x71, 0x6E, 0xA3, 0xE7, 0x22, 0x55, 0x47, 0x16, 0x4F, 0xE6,
    0x95, 0x45, 0xAA, 0xEE, 0x70, 0xDE, 0x7A, 0xCF, 0x85, 0x8E, 0x32, 0x3D, 0xBE, 0x9B, 0xE6, 0x19,
    0xE1, 0xD7, 0x9D, 0xD1, 0xF7, 0xE7, 0xAE, 0x5F, 0x60, 0x30, 0x38, 0xF9, 0xCE, 0xA0, 0x38, 0x43,
    0x55, 0x31, 0xAE, 0xD9, 0x9A, 0x32, 0x88, 0x8F, 0xED, 0x76, 0xE4, 0xD0, 0x7E, 0xBE, 0x43, 0x6D,
    0x61, 0xD6, 0x3B, 0x74, 0xBD, 0x43, 0x52, 0x2E, 0x71, 0x8B, 0xAC, 0x25, 0x4F, 0x3D, 0x7F, 0xC6,
    0xDE, 0xE3, 0x64, 0xDF, 0xC6, 0x14, 0xFF, 0x1E, 0xF0, 0x1E, 0xF6, 0x90, 0xB7, 0x50, 0x2E, 0xE0,
    0x42, 0x0D, 0x5B, 0x5F, 0x00, 0xD8, 0xDC, 0x2B, 0x2D, 0xDB, 0x51, 0x5B, 0xE9, 0x9D, 0xE3, 0x44,
    0x6F, 0xDC, 0x6C, 0xC6, 0xBA, 0xBF, 0x77, 0xFA, 0x9C, 0xA2, 0xF9, 0x20, 0x76, 0x8A, 0x17, 0xDE,
    0x79, 0xA1, 0x55, 0xDC, 0x78, 0xF3, 0x46, 0x12, 0x6E, 0x3C, 0x77, 0x23, 0x0A, 0x6F, 0x85, 0xB7,
    0x08, 0xBF, 0x0C, 0x6F, 0x13, 0xEE, 0x87, 0xDF, 0x13, 0x16, 0x61, 0x8F, 0xD0, 0xE5, 0x1D, 0x79,
    0x9B, 0xCF, 0x01, 0x66, 0xE4, 0xFB, 0x14, 0xDF, 0x62, 0x6D, 0x95, 0x15, 0xE0, 0x42, 0xDE, 0xD6,
    0x57, 0xB2, 0xEE, 0x42, 0x19, 0xBB, 0xB5, 0xD0, 0x74, 0xE3, 0xF0, 0xB3, 0x45, 0x1D, 0xEE, 0x2E,
    0x36, 0xF2, 0x37, 0x37, 0xA6, 0xF9, 0xDB, 0x1B, 0x6D, 0x76, 0x7F, 0xB3, 0xC9, 0xBA, 0x4D, 0xD2,
    0xD7, 0x71, 0x54, 0xA1, 0x5C, 0x1C, 0xEA, 0x1F, 0xC9, 0xEF, 0x76, 0xBB, 0xF3, 0x49, 0x9C, 0xC4,
    0xCA, 0xBA, 0xF2, 0xA1, 0x6B, 0xEA, 0x84, 0xBB, 0x49, 0xFE, 0xBB, 0xC8, 0x01, 0xF6, 0x1F, 0xF1,
    0x39, 0xBD, 0x60, 0xF2, 0x11, 0xFF, 0x02, 0xAD, 0xD1, 0x81, 0xA6, 0x14, 0x51, 0x00, 0xC6, 0xF1,
    0xDF, 0xCC, 0x49, 0x8B, 0x61, 0xCE, 0x3E, 0xC0, 0xDD, 0x5D, 0x80, 0xB0, 0xDB, 0x42, 0x58, 0xCC,
    0x76, 0xCF, 0x23, 0xDC, 0x47, 0x09, 0x17, 0x8B, 0xE4, 0x3C, 0x4F, 0x57, 0x0A, 0x21, 0xC8, 0x8C,
    0x7A, 0x81, 0x01, 0x42, 0x30, 0x01, 0x04, 0x0E, 0x06, 0xB0, 0xDD, 0xAD, 0x20, 0x08, 0x2E, 0x2E,
    0xFE, 0xF0, 0x81, 0x1F, 0x1F, 0x50, 0x08, 0x33, 0xB1, 0x63, 0x7B, 0xC5, 0xF2, 0x09, 0xA8, 0x4B,
    0xF4, 0x74, 0x6E, 0xB2, 0xD3, 0x22, 0xE9, 0xFE, 0xB4, 0x6D, 0x58, 0xB5, 0xAC, 0xAE, 0x68, 0x0F,
    0xB4, 0xAF, 0x68, 0x47, 0x62, 0x66, 0x83, 0x2D, 0x3E, 0x70, 0x97, 0xF9, 0x0C, 0xDD, 0x8E, 0xD7,
    0x47, 0x6E, 0x0F, 0xA0, 0x2F, 0xFD, 0xB4, 0x4F, 0xFB, 0x14, 0x6D, 0x35, 0xE9, 0xD6, 0x62, 0x28,
    0xC2, 0xD7, 0x41, 0xFD, 0x3D, 0x71, 0x8F, 0x33, 0x3E, 0xA2, 0xA0, 0x50, 0x4D, 0xD4, 0x33, 0xFB,
    0x5F, 0x00, 0x3B, 0xAA, 0x33, 0x8B, 0x09, 0x40, 0x7D, 0xB9, 0xE4, 0xF0, 0xF3, 0x7D, 0x0E, 0x69,
    0x23, 0xE8, 0x30, 0x13, 0x46, 0x9A, 0xCC, 0x86, 0x7F, 0xD3, 0x54, 0x69, 0x72, 0x63, 0xA3, 0xF5,
    0xF2, 0xED, 0x3B, 0xD7, 0x97, 0x33, 0x80, 0x90, 0x35, 0xD9, 0x9A, 0x03, 0x20, 0x4E, 0xE3, 0xF3,
    0x7E, 0x78, 0x11, 0x93, 0x1D, 0x27, 0x55, 0x11, 0x06, 0x91, 0xA3, 0xDC, 0xDF, 0x0D, 0x3F, 0xFA,
    0xC4, 0x0D, 0xA1, 0x10, 0xC6, 0xC7, 0x93, 0xEC, 0x38, 0xF2, 0xEC, 0xE1, 0x86, 0x8A, 0x2E, 0xB2,
    0xEE, 0x88, 0x85, 0x30, 0x3C, 0x8E, 0xC3, 0x4D, 0xFD, 0x65, 0xAC, 0xBE, 0x25, 0xF7, 0x9C, 0x1E,
    0xAE, 0x59, 0xCC, 0xAC, 0x3F, 0x71, 0x58, 0xFE, 0x77, 0x62, 0x35, 0x52, 0x0F, 0x84, 0xBF, 0x65,
    0x16, 0x99, 0x26, 0x11, 0x11, 0xD1, 0x62, 0x85, 0x2D, 0xCB, 0x03, 0x6F, 0x0A, 0xD7, 0x99, 0xDF,
    0xBD, 0x57, 0xCF, 0x6F, 0x1C, 0x57, 0x1D, 0xFF, 0xCE, 0x3C, 0xC7, 0x93, 0x66, 0x92, 0x9D, 0x1C,
    0x8A, 0x28, 0x34, 0xBB, 0xD3, 0x43, 0x0F, 0x51, 0xB3, 0xEB, 0xCD, 0xC1, 0x87, 0x95, 0x18, 0x7B,
    0xA7, 0xF4, 0xC6, 0xA9, 0x17, 0xCE, 0x0D, 0x57, 0x84, 0x88, 0x0F, 0x7B, 0x58, 0xA9, 0xDB, 0xEE,
    0x94, 0x4A, 0x70, 0xA8, 0x04, 0xE1, 0x3F, 0x88, 0x50, 0x0F, 0xC8, 0x69, 0xB4, 0x5B, 0xD8, 0xB6,
    0x6E, 0xEB, 0x78, 0x1F, 0x54, 0x50, 0xA1, 0x1E, 0x98, 0x92, 0x23, 0x02, 0x0D, 0x6D, 0xA4, 0x0A,
    0xA7, 0xC0, 0x24, 0x6C, 0xC5, 0xD6, 0x71, 0x76, 0xF8, 0x7C, 0xDE, 0x9B, 0xB5, 0x13, 0x2B, 0x55,
    0xD2, 0x3A, 0x30, 0xF1, 0xCC, 0xB3, 0x27, 0xF3, 0xBE, 0xDF, 0xEF, 0xFB, 0xFE, 0xF8, 0x7C, 0x3F,
    0x5F, 0x11, 0x71, 0x04, 0x97, 0x9F, 0xE0, 0x11, 0xC4, 0xE2, 0xCD, 0x96, 0x44, 0x5E, 0x1C, 0x4C,
    0xC4, 0xCD, 0xDD, 0x5C, 0x3C, 0x2D, 0xB9, 0x04, 0x22, 0x13, 0xA9, 0x89, 0x6C, 0xC8, 0x8A, 0xC8,
    0x48, 0xA2, 0xF2, 0x91, 0xE3, 0xE1, 0xF0, 0xA1, 0x52, 0x59, 0x15, 0x2F, 0x91, 0x50, 0x9A, 0x90,
    0xB3, 0x3D, 0x85, 0xC4, 0xE2, 0x02, 0x65, 0x1E, 0xB1, 0x22, 0x29, 0xA0, 0x7F, 0x59, 0xDC, 0x5B,
    0x39, 0xB4, 0x4C, 0xF0, 0xD7, 0x48, 0x1A, 0x46, 0x04, 0x6F, 0x08, 0x70, 0x32, 0x89, 0xA0, 0xA8,
    0x39, 0xC0, 0xEE, 0x29, 0xF7, 0xC9, 0x02, 0x6E, 0x28, 0x94, 0x95, 0x22, 0x6B, 0x4E, 0x9B, 0xB1,
    0x9F, 0xD4, 0xC4, 0x8B, 0x1B, 0xE2, 0xE3, 0xFB, 0xA0, 0xBC, 0x2B, 0xD2, 0x95, 0x2A, 0x24, 0xD4,
    0x8D, 0x1D, 0xB9, 0xB4, 0x60, 0xE3, 0x48, 0x36, 0xDD, 0x4C, 0xDA, 0x45, 0x22, 0xFE, 0xE7, 0x46,
    0xCE, 0xB3, 0x42, 0x33, 0xC5, 0xCD, 0x42, 0x1D, 0xC6, 0x67, 0x34, 0x4C, 0xE5, 0x9D, 0xB4, 0x20,
    0xAD, 0x03, 0x69, 0x38, 0x1A, 0x0E, 0x50, 0x51, 0x99, 0xD4, 0x4E, 0x7C, 0x2C, 0xE1, 0x74, 0x26,
    0x7E, 0x3A, 0x32, 0x1B, 0xE5, 0xA4, 0x63, 0xD7, 0x28, 0xB0, 0xEB, 0x52, 0x64, 0xD7, 0x20, 0xB7,
    0xAB, 0xD2, 0x32, 0xBF, 0x9C, 0xF1, 0x4C, 0xDC, 0xA2, 0x48, 0xDC, 0xAD, 0x41, 0xAA, 0xB6, 0x07,
    0x89, 0x44, 0xEE, 0x44, 0xC5, 0xA1, 0xC0, 0xC0, 0x4D, 0x4F, 0x7A, 0x5C, 0x23, 0x7A, 0xD0, 0x1C,
    0x17, 0xBA, 0x8C, 0xC1, 0xBE, 0xB6, 0x2B, 0x3E, 0xE3, 0xF1, 0xF9, 0x99, 0x9B, 0xC2, 0xC3, 0x13,
    0xB3, 0xE6, 0x2A, 0x73, 0xA0, 0xC2, 0xCD, 0xFC, 0xC4, 0xC7, 0xEA, 0x27, 0x21, 0xCE, 0xEB, 0x6F,
    0xDF, 0x96, 0xD5, 0xF5, 0xCB, 0xD2, 0x87, 0x73, 0xDB, 0xC5, 0xAE, 0xDC, 0x75, 0xA5, 0x6B, 0x66,
    0xB9, 0x99, 0xD2, 0x1A, 0x79, 0x3E, 0x56, 0xB3, 0x01, 0xA3, 0x42, 0x5B, 0xF8, 0x1E, 0xA6, 0xD8,
    0x25, 0xF2, 0xAE, 0x0D, 0x69, 0x48, 0x65, 0x9C, 0x53, 0xFF, 0x71, 0x13, 0x60, 0x7A, 0xD4, 0x58,
    0x81, 0x80, 0xD2, 0x88, 0x91, 0xB1, 0x01, 0xAE, 0xA4, 0x09, 0x08, 0xAC, 0xB5, 0xE0, 0x02, 0x0D,
    0x68, 0x6F, 0x67, 0xD4, 0xBF, 0x3C, 0x4E, 0xAC, 0x9B, 0xF8, 0x18, 0x76, 0x45, 0xB6, 0x64, 0x0D,
    0x27, 0xFB, 0xA1, 0x7C, 0x0B, 0xE7, 0xAA, 0x32, 0x0F, 0x10, 0x62, 0x46, 0xD1, 0xB8, 0xAD, 0xD9,
    0x53, 0x93, 0x65, 0xE7, 0xD6, 0xD4, 0x1F, 0x4C, 0xBC, 0x64, 0x72, 0x42, 0xA5, 0x81, 0x0C, 0x85,
    0x41, 0xCD, 0x11, 0xE5, 0x3A, 0x34, 0xF7, 0x24, 0x42, 0x12, 0xE5, 0x4C, 0x03, 0x38, 0x36, 0xAA,
    0xFD, 0x21, 0x90, 0x73, 0xAB, 0xAF, 0x7F, 0xDA, 0xDE, 0xC9, 0xC3, 0x97, 0xB2, 0xD6, 0xF9, 0xD4,
    0x2D, 0xB4, 0x53, 0xA4, 0xF2, 0x02, 0x32, 0xD3, 0x88, 0x8C, 0x78, 0x94, 0xFD, 0xE7, 0xC8, 0xFC,
    0x92, 0x9B, 0x5F, 0x72, 0xFE, 0x38, 0xC6, 0xCB, 0x38, 0x84, 0x79, 0xBA, 0x0E, 0x4F, 0xE2, 0xE1,
    0x4F, 0xA5, 0x03, 0xC8, 0xF7, 0xB7, 0x2F, 0xE3, 0xD9, 0x2F, 0x76, 0x3D, 0x73, 0x08, 0x1F, 0x19,
    0x2A, 0x47, 0x43, 0x13, 0x5D, 0xE3, 0xD5, 0x20, 0xB3, 0x3E, 0xAD, 0x3B, 0x85, 0x96, 0x9E, 0x73,
    0xBB, 0x8C, 0xA0, 0x20, 0xC7, 0x8C, 0x0F, 0xFD, 0x0C, 0x8A, 0x8E, 0xD1, 0x7F, 0x92, 0x51, 0x59,
    0x0A, 0xF9, 0x6E, 0x0A, 0xCF, 0xB9, 0x1A, 0x8B, 0xC2, 0x11, 0x3C, 0x95, 0x40, 0x95, 0x17, 0x43,
    0x93, 0x4F, 0x45, 0x26, 0x89, 0x6A, 0x46, 0x26, 0xB3, 0x1B, 0xC6, 0x4A, 0x9B, 0x89, 0x14, 0x26,
    0xD2, 0xD4, 0xB5, 0xAF, 0xEB, 0xB6, 0x4A, 0xEA, 0x5E, 0x8C, 0x8C, 0x94, 0xC0, 0x9D, 0x04, 0x8B,
    0x93, 0x9A, 0x8C, 0x1A, 0x32, 0x44, 0x5A, 0x47, 0x92, 0x75, 0x9D, 0x74, 0xE4, 0xEA, 0x1B, 0xCF,
    0xE8, 0x5B, 0x2A, 0xD9, 0xB0, 0x1F, 0x55, 0x64, 0xE1, 0x94, 0x04, 0x23, 0x09, 0xA0, 0x72, 0x57,
    0xC6, 0x1F, 0xC2, 0xCC, 0x17, 0x90, 0x49, 0xF0, 0x4D, 0x5B, 0x4E, 0xD0, 0xD4, 0x7E, 0x5C, 0xE5,
    0xF2, 0xBC, 0xAE, 0xD3, 0x31, 0xBF, 0xD6, 0x2C, 0x35, 0xB9, 0x91, 0xB5, 0xB8, 0x64, 0xF9, 0xB2,
    0x31, 0x7A, 0xD4, 0xE1, 0xA2, 0xA3, 0x21, 0xAD, 0xD7, 0x8D, 0xDC, 0xBA, 0x27, 0xE3, 0x92, 0xF8,
    0x29, 0xDD, 0x94, 0x98, 0x68, 0xB4, 0x73, 0x9C, 0xC7, 0x46, 0xDB, 0xB7, 0xC5, 0x59, 0x31, 0x4B,
    0x6D, 0x53, 0xEE, 0x74, 0x96, 0x34, 0x68, 0x4A, 0xBA, 0x22, 0xB7, 0xA1, 0xBD, 0x05, 0x43, 0xF8,
    0x55, 0x1B, 0x76, 0x18, 0x33, 0xBC, 0x1C, 0x56, 0xD4, 0xE1, 0xB3, 0x9B, 0x30, 0x22, 0x87, 0x0D,
    0x2D, 0xB8, 0x0E, 0x26, 0xC0, 0x77, 0x69, 0x34, 0x44, 0x88, 0x60, 0x00, 0x1D, 0x17, 0x66, 0x78,
    0x26, 0x41, 0xAA, 0x12, 0x2F, 0xF1, 0x52, 0x2F, 0xA6, 0x72, 0x5B, 0x81, 0x56, 0x69, 0xD5, 0x16,
    0xA5, 0xA9, 0x48, 0x53, 0x89, 0xA1, 0xB5, 0x8C, 0x6E, 0x65, 0x0D, 0x99, 0x44, 0x98, 0x5F, 0xCD,
    0x97, 0xA6, 0x7E, 0x76, 0xE6, 0x83, 0xCD, 0x63, 0xB9, 0x7A, 0x0D, 0x8E, 0xF4, 0x86, 0x40, 0x1A,
    0x4F, 0x77, 0xDD, 0xD4, 0x4F, 0xE0, 0xD1, 0x40, 0x8C, 0xEC, 0x5C, 0x25, 0x55, 0xF9, 0xD8, 0x8B,
    0xEB, 0xCE, 0x0C, 0xF0, 0xE2, 0x4C, 0x82, 0x3D, 0x65, 0xF5, 0x79, 0xC8, 0x97, 0xF2, 0xB9, 0xA2,
    0x98, 0x29, 0x9D, 0x53, 0xCF, 0xDB, 0x7C, 0xD7, 0x26, 0x08, 0x04, 0x7B, 0xFA, 0x8C, 0x7B, 0x4C,
    0x1E, 0xB5, 0x99, 0x52, 0x6F, 0x71, 0xC7, 0x55, 0x7C, 0xE2, 0xBE, 0x87, 0x87, 0xF7, 0x8C, 0x66,
    0x74, 0x91, 0x92, 0x55, 0x14, 0x16, 0x0A, 0x18, 0x8F, 0x37, 0xBE, 0x5B, 0xA6, 0x90, 0xAB, 0x51,
    0xF8, 0x28, 0xC5, 0x29, 0xBC, 0xED, 0x17, 0x28, 0xAB, 0x05, 0x59, 0x46, 0x35, 0xE6, 0x12, 0x6A,
    0x03, 0xA0, 0xE6, 0xEA, 0xFF, 0x00, 0x25, 0x84, 0xFA, 0x41, 0xF1, 0xA0, 0x72, 0x70, 0x16, 0xD4,
    0x0C, 0x0A, 0x26, 0xAA, 0xFD, 0x0E, 0xA5, 0x82, 0x3A, 0x91, 0xF8, 0x51, 0x64, 0x8B, 0x7C, 0x06,
    0x04, 0x4C, 0x6C, 0xB2, 0xB9, 0x26, 0x31, 0xCA, 0x3A, 0xE9, 0xDE, 0x55, 0x1E, 0x30, 0xC4, 0x04,
    0x9C, 0x3F, 0x7E, 0x2A, 0xFD, 0x89, 0x2C, 0x1C, 0xA9, 0x57, 0xAB, 0x9D, 0x00, 0x1E, 0xE2, 0xD6,
    0xF3, 0xF8, 0x17, 0xC0, 0x0F, 0x55, 0xB8, 0x21, 0xC2, 0xDE, 0x37, 0x93, 0x02, 0xC0, 0x80, 0x92,
    0x8E, 0x25, 0x40, 0x36, 0x78, 0x7F, 0x85, 0xF4, 0x69, 0x89, 0xB0, 0xB8, 0xBC, 0x19, 0x9B, 0x86,
    0x66, 0xCF, 0x20, 0xA2, 0xB0, 0x63, 0xB0, 0x61, 0xB0, 0x5F, 0x44, 0xF6, 0xCE, 0xD9, 0x2C, 0xD8,
    0x2B, 0xD8, 0x2A, 0xD8, 0x29, 0xD8, 0x28, 0x4C, 0x9F, 0xB8, 0xF7, 0x61, 0x13, 0xB4, 0x0B, 0x9F,
    0x87, 0x45, 0x25, 0x60, 0xFF, 0x28, 0xB2, 0x47, 0xF6, 0x34, 0xDA, 0x84, 0x07, 0xCD, 0x27, 0xD1,
    0x5C, 0x5A, 0x68, 0x55, 0x4B, 0x38, 0x14, 0xEA, 0x40, 0x4A, 0xBC, 0x46, 0xC3, 0x98, 0xA0, 0x61,
    0xE8, 0x07, 0x6B, 0x18, 0xC3, 0x03, 0x0D, 0x03, 0xE1, 0x6D, 0xC1, 0xD6, 0xFA, 0xD0, 0xCA, 0xF4,
    0xE3, 0xBD, 0xD8, 0x86, 0xBA, 0x2A, 0x0F, 0xDC, 0x40, 0x42, 0x78, 0xE3, 0xD8, 0x2F, 0xCB, 0x06,
    0x82, 0x34, 0xEA, 0x21, 0x63, 0x3A, 0xCB, 0x87, 0xB7, 0xAF, 0x0D, 0x28, 0xFA, 0x66, 0x29, 0xB7,
    0x83, 0xCC, 0x9C, 0xA2, 0x04, 0x2F, 0xAE, 0x7D, 0x35, 0x1B, 0xF7, 0x8A, 0xEA, 0x0A, 0x7C, 0x87,
    0x28, 0x9C, 0x3E, 0x2D, 0xB2, 0xD9, 0xB3, 0x72, 0x0F, 0xED, 0x47, 0x5E, 0xA7, 0x70, 0x6F, 0x9A,
    0xEE, 0x26, 0x2E, 0xED, 0xED, 0x20, 0x27, 0x10, 0xB7, 0x8B, 0xE7, 0xBE, 0x9A, 0xBD, 0xC7, 0x51,
    0xFA, 0x80, 0x3C, 0x92, 0x8D, 0x87, 0x6B, 0x2B, 0x63, 0xDE, 0x00, 0x9C, 0x41, 0xB6, 0xCF, 0x3C,
    0x8A, 0x0F, 0x6F, 0xEB, 0x1C, 0x3D, 0x42, 0xC8, 0x72, 0x93, 0x87, 0x6B, 0xEF, 0x13, 0x25, 0xC6,
    0xAD, 0x96, 0x80, 0xE3, 0x1C, 0xDE, 0xB7, 0xCE, 0x96, 0xF8, 0x83, 0xE4, 0xB8, 0x05, 0x83, 0xA6,
    0x76, 0x3F, 0xD1, 0x35, 0x2F, 0x69, 0x05, 0xD2, 0x59, 0x92, 0xD5, 0xA9, 0x84, 0x29, 0xCB, 0x91,
    0xB5, 0xFE, 0xD4, 0xAB, 0x73, 0xE9, 0x43, 0x14, 0x88, 0x93, 0x93, 0x59, 0xA4, 0xD9, 0xC3, 0x47,
    0xBF, 0xF6, 0x6E, 0x99, 0xE5, 0x38, 0x17, 0x8E, 0xB5, 0x77, 0xAA, 0xFB, 0x02, 0xA0, 0x8C, 0x69,
    0xE6, 0xF7, 0x2F, 0x96, 0x6E, 0xB1, 0x68, 0x62, 0x4C, 0x7A, 0xE4, 0x7F, 0x00, 0xD2, 0xA8, 0x46,
    0x6B, 0x26, 0xF0, 0x30, 0x48, 0xE4, 0x98, 0x3C, 0xB0, 0x99, 0xE5, 0x3E, 0x96, 0xF3, 0x5D, 0x57,
    0x50, 0x14, 0xB0, 0x49, 0xED, 0x5C, 0xA2, 0x9D, 0xB9, 0xC7, 0x26, 0x9B, 0x2F, 0x12, 0x43, 0x4C,
    0xAB, 0xBB, 0xC1, 0x9D, 0xEE, 0x9F, 0x18, 0x0E, 0xEF, 0xE5, 0x02, 0xAF, 0x02, 0xB5, 0x9D, 0xD0,
    0x48, 0x02, 0xF6, 0x3B, 0x97, 0x12, 0xD6, 0x9A, 0x1F, 0x3F, 0xC6, 0x2E, 0x8E, 0xC4, 0x09, 0xE2,
    0x70, 0x7D, 0x24, 0xFD, 0xB4, 0xE0, 0x97, 0x1E, 0xB2, 0xC7, 0x5D, 0xDF, 0x47, 0xB3, 0xE6, 0x8F,
    0xA6, 0xCE, 0x4E, 0x71, 0x05, 0xCD, 0xB0, 0x8A, 0x0E, 0x58, 0xAF, 0x39, 0xD9, 0x28, 0x52, 0x7F,
    0xD6, 0x91, 0xF7, 0x39, 0x08, 0x2F, 0x08, 0xD8, 0x19, 0xFD, 0xD8, 0xEA, 0x0D, 0x90, 0xAF, 0x64,
    0x0C, 0xBE, 0x31, 0x4B, 0x04, 0xCC, 0xD6, 0xCD, 0x9C, 0xD4, 0x4B, 0x1C, 0xD3, 0x8D, 0x6B, 0x86,
    0xDE, 0xB1, 0xB1, 0x7C, 0xED, 0xD9, 0x08, 0x3A, 0x22, 0xB8, 0x20, 0x92, 0x71, 0xBE, 0x04, 0xC4,
    0x0C, 0xE3, 0x40, 0xBC, 0x9D, 0x31, 0x62, 0x71, 0x0D, 0x5F, 0x8C, 0x77, 0x45, 0x5D, 0xBF, 0x26,
    0x64, 0x5D, 0x55, 0xDE, 0x9C, 0x12, 0x9E, 0xB3, 0x34, 0x9F, 0x9C, 0x82, 0xC2, 0x08, 0xB4, 0x6F,
    0xDF, 0x46, 0x92, 0x86, 0x71, 0x1B, 0xC6, 0xFA, 0xB1, 0x17, 0xAB, 0xED, 0x2D, 0x6C, 0x2D, 0x33,
    0xEB, 0x14, 0x38, 0x4F, 0x0D, 0x40, 0xEF, 0x5B, 0x6A, 0x6C, 0xAE, 0xC7, 0x67, 0xB1, 0xCC, 0x06,
    0x5A, 0xA5, 0x3C, 0xAB, 0x4A, 0x96, 0x44, 0x19, 0x4E, 0x10, 0x95, 0xB5, 0xB1, 0x21, 0x63, 0xBD,
    0x21, 0xE7, 0x93, 0x6E, 0x59, 0x58, 0x6D, 0x58, 0x1C, 0x6C, 0x5F, 0x41, 0xBB, 0x81, 0x4C, 0x85,
    0x38, 0xAA, 0x57, 0x62, 0x71, 0xFF, 0x82, 0x2F, 0xEF, 0x68, 0x61, 0x3E, 0xFC, 0xB8, 0xBA, 0x15,
    0x9B, 0x46, 0x95, 0xF2, 0x6E, 0x89, 0xF3, 0x19, 0x7C, 0x47, 0xA6, 0xDB, 0xB5, 0x73, 0x04, 0xB8,
    0x8D, 0xF8, 0xFF, 0x4A, 0x65, 0xC5, 0xE5, 0xAC, 0xD1, 0x35, 0x4C, 0xB9, 0x7D, 0x29, 0x83, 0x8B,
    0x62, 0x66, 0x1C, 0xC8, 0xB0, 0xFA, 0x0D, 0x34, 0x38, 0xFF, 0x61, 0x52, 0x6D, 0x51, 0xE8, 0xA3,
    0xA5, 0xC3, 0xDD, 0xE2, 0x3D, 0x64, 0xCC, 0x0B, 0x0E, 0xCE, 0x10, 0x71, 0x74, 0xE8, 0x32, 0x03,
    0x47, 0x14, 0xFB, 0x26, 0x8F, 0x79, 0x8B, 0xA1, 0x29, 0x98, 0xB6, 0x9F, 0x30, 0x15, 0xAF, 0x12,
    0x33, 0xD3, 0x09, 0xA7, 0x8C, 0x1E, 0x1F, 0x1C, 0xAB, 0xAE, 0xC1, 0x4F, 0xFD, 0x29, 0x46, 0x32,
    0xF7, 0xE9, 0xD4, 0x7D, 0x3F, 0x96, 0x7F, 0xF0, 0x98, 0x65, 0xF3, 0xCD, 0xE5, 0x88, 0xE9, 0xEB,
    0x48, 0x53, 0xB2, 0xD0, 0xF7, 0x73, 0xF5, 0xCF, 0x89, 0xCA, 0x3A, 0x5E, 0x92, 0xFB, 0xBE, 0x0E,
    0x66, 0x12, 0x4C, 0xA4, 0x12, 0x49, 0xB5, 0x29, 0xF5, 0xE0, 0x1A, 0x07, 0x82, 0xFD, 0x6E, 0x9D,
    0x1D, 0xE8, 0xD6, 0x1B, 0x07, 0xBA, 0x75, 0x86, 0x6E, 0xAD, 0xD1, 0xAD, 0x63, 0x72, 0x7F, 0x87,
    0xA9, 0x44, 0x4C, 0x23, 0x8C, 0x01, 0x72, 0xE4, 0x45, 0xFC, 0xDE, 0xDC, 0x6F, 0xD6, 0xF9, 0xBD,
    0x9A, 0x75, 0xEC, 0xDD, 0x36, 0x1F, 0xC3, 0x34, 0x2D, 0x0E, 0xFC, 0xBD, 0x4B, 0x57, 0xC7, 0xB2,
    0xB8, 0x7E, 0x90, 0x39, 0x3C, 0x24, 0x5B, 0x76, 0xF7, 0x71, 0xEA, 0xCB, 0xDA, 0xB5, 0x00, 0xF0,
    0xAF, 0xF8, 0x00, 0xDA, 0xCB, 0xF0, 0x3A, 0xD1, 0xAD, 0xAC, 0x98, 0x02, 0xE3, 0x07, 0x06, 0x3B,
    0x57, 0x2F, 0x01, 0xCE, 0xBB, 0xB6, 0xA7, 0x99, 0xF4, 0x45, 0x3A, 0x2E, 0x4E, 0x4A, 0xE6, 0x69,
    0x13, 0xF0, 0x34, 0x67, 0x19, 0x60, 0x6C, 0xF3, 0x52, 0x6A, 0x8E, 0x26, 0x8F, 0xA0, 0x8C, 0x03,
    0xF4, 0x2E, 0x1F, 0xFB, 0x14, 0x6C, 0x76, 0x92, 0x32, 0x21, 0x0A, 0x51, 0xDB, 0x63, 0x93, 0xB8,
    0x0E, 0x43, 0xC7, 0xAC, 0x20, 0x5E, 0x2D, 0x11, 0x18, 0xD8, 0x87, 0x98, 0x6F, 0xA3, 0xBD, 0xFB,
    0x24, 0xBB, 0x01, 0xFB, 0xC0, 0xA0, 0xEC, 0x03, 0x8B, 0x0A, 0xA5, 0x89, 0xFE, 0xAD, 0xD0, 0x63,
    0x5D, 0x7E, 0x9B, 0xCC, 0x81, 0x5F, 0x00, 0xFC, 0x56, 0x9E, 0xC2, 0x3B, 0x54, 0x8F, 0xE1, 0x31,
    0x41, 0x49, 0x55, 0x2B, 0x25, 0x8B, 0x8E, 0x64, 0xDF, 0x77, 0xD8, 0xFE, 0xAE, 0x36, 0xB3, 0x95,
    0x19, 0x66, 0x3D, 0xD8, 0xC6, 0x61, 0xD6, 0x5F, 0x1F, 0x9B, 0x01, 0xB2, 0x22, 0x2B, 0x66, 0x82,
    0x3C, 0xC1, 0x72, 0xE1, 0x28, 0xE4, 0xE6, 0x76, 0x98, 0xBD, 0x63, 0x88, 0x35, 0xEB, 0x4A, 0x39,
    0xCC, 0x4E, 0xED, 0x30, 0xEB, 0x66, 0x76, 0x98, 0xF5, 0xF5, 0x82, 0x99, 0x24, 0x43, 0x70, 0x02,
    0x8E, 0x92, 0x2B, 0xE8, 0x6F, 0x8C, 0xE1, 0x6C, 0x7D, 0xC3, 0x0C, 0xB3, 0x06, 0xA2, 0xCA, 0xCB,
    0x8C, 0xAF, 0xB0, 0x9C, 0xE3, 0xAB, 0xDC, 0x63, 0x7C, 0xF5, 0x33, 0x0E, 0x5F, 0x51, 0x6D, 0x6C,
    0xC6, 0xC5, 0xD3, 0x08, 0x16, 0x15, 0xD7, 0xAC, 0xDE, 0x9E, 0x1D, 0x5F, 0xCD, 0xE4, 0x97, 0x9B,
    0x76, 0xE6, 0x66, 0xF0, 0xA9, 0xD5, 0x99, 0x50, 0xE5, 0xF8, 0xBA, 0xA6, 0xC6, 0xD7, 0x81, 0x6B,
    0xB6, 0x40, 0x31, 0xB2, 0xEE, 0xCF, 0x15, 0x8D, 0xFD, 0xE9, 0xA2, 0xD9, 0x83, 0x26, 0xE0, 0x78,
    0x6D, 0x2B, 0x03, 0x94, 0x43, 0x0F, 0x47, 0xD6, 0x50, 0x6A, 0x46, 0x1D, 0x47, 0xD6, 0x9C, 0x23,
    0x2B, 0x87, 0x55, 0x4F, 0x43, 0x05, 0x46, 0xD6, 0x86, 0x68, 0xE0, 0x3B, 0x14, 0x00, 0xE2, 0x8D,
    0x7C, 0x5E, 0xC7, 0x2C, 0x10, 0xA8, 0xE9, 0x1E, 0x41, 0x3D, 0x80, 0x5D, 0x31, 0x52, 0xEA, 0x00,
    0x76, 0x15, 0xC0, 0xAE, 0xE7, 0xE2, 0x7B, 0x62, 0x97, 0xAD, 0x98, 0x32, 0x92, 0xDC, 0xB1, 0x4F,
    0xFE, 0x0E, 0x8D, 0x5F, 0xF6, 0x32, 0x91, 0xD8, 0x35, 0x1E, 0xB8, 0xB3, 0x33, 0x99, 0xD9, 0x0E,
    0xB3, 0x44, 0x8D, 0x23, 0x26, 0x9C, 0xD5, 0x27, 0xBD, 0x7B, 0x37, 0x01, 0xC9, 0xF9, 0x37, 0x08,
    0x86, 0x7C, 0x84, 0xA9, 0x0E, 0x43, 0x5D, 0x87, 0x63, 0xE5, 0x1A, 0x1A, 0x65, 0x34, 0x84, 0xD3,
    0xEB, 0xB9, 0x70, 0xA0, 0x13, 0xCE, 0x73, 0x66, 0x98, 0x34, 0xA3, 0xA4, 0x95, 0xF7, 0x64, 0x69,
    0x3F, 0x33, 0xC7, 0x8B, 0xEF, 0x9C, 0xD8, 0x04, 0x03, 0x9B, 0x70, 0x5E, 0xC3, 0xB8, 0x86, 0x7A,
    0xEF, 0x62, 0x27, 0x06, 0x5D, 0x32, 0x17, 0xDC, 0x98, 0xD4, 0xE0, 0xFC, 0x19, 0xE7, 0xB4, 0xBD,
    0x3D, 0x43, 0x9E, 0x9D, 0xBE, 0xF9, 0x06, 0xFF, 0x3A, 0x62, 0xC4, 0x50, 0xCB, 0x1A, 0x13, 0x68,
    0x68, 0xC8, 0x4B, 0x32, 0x3F, 0x4E, 0x9B, 0x8F, 0xB7, 0xA8, 0xEF, 0x6A, 0x52, 0xB6, 0x7C, 0x65,
    0x5B, 0xBE, 0x66, 0xCB, 0x4F, 0xBF, 0xA8, 0xE5, 0x7F, 0x5E, 0xB6, 0x7C, 0x43, 0x4A, 0x88, 0xB7,
    0xC7, 0x62, 0x12, 0xC5, 0x20, 0x93, 0xD6, 0x50, 0x96, 0xD7, 0x64, 0x35, 0x2B, 0x07, 0xD1, 0x07,
    0xE8, 0xFD, 0x24, 0x9C, 0xF3, 0xE9, 0xD2, 0x31, 0x9E, 0xF6, 0xD3, 0xFF, 0x17, 0x0F, 0xB8, 0x2B,
    0x7F, 0x56, 0xCA, 0xEA, 0xFF, 0x0A, 0x9C, 0xA0, 0xAC, 0xD5, 0x74, 0x6E, 0x7C, 0x3F, 0xDE, 0xEF,
    0xA3, 0x78, 0x5F, 0xBC, 0x8C, 0xC8, 0x5E, 0x9A, 0x91, 0xFF, 0x6F, 0x12, 0xC8, 0x40, 0x02, 0xB4,
    0xBA, 0x02, 0xC8, 0xAC, 0x2C, 0xC1, 0x1E, 0xB0, 0xED, 0xC0, 0xC9, 0x1A, 0x9C, 0x23, 0x23, 0x42,
    0x63, 0x8F, 0xBC, 0x7E, 0x02, 0x30, 0x05, 0x5E, 0xF8, 0x1A, 0x98, 0x12, 0xEE, 0xA0, 0x64, 0x96,
    0xFB, 0xD9, 0x5D, 0x3E, 0x39, 0x5E, 0x66, 0xCC, 0xA8, 0xD4, 0x3B, 0xE7, 0xB9, 0x7F, 0x03, 0x3B,
    0x01, 0x5C, 0x65, 0x2B, 0xD0, 0x71, 0x5B, 0xFC, 0x67, 0x2E, 0x43, 0x24, 0x64, 0x77, 0x20, 0x1A,
    0xC9, 0x43, 0xBA, 0xDB, 0xBE, 0xAE, 0xE5, 0x17, 0xB3, 0x3B, 0x65, 0xF9, 0x2C, 0x4B, 0xEF, 0x15,
    0xA6, 0xC0, 0x47, 0x94, 0x75, 0xEE, 0xDC, 0xC3, 0x67, 0x87, 0x3F, 0x4F, 0x50, 0x1A, 0xF2, 0x2B,
    0x2D, 0xCB, 0xA9, 0x9C, 0x8C, 0x1F, 0x2C, 0x37, 0x42, 0x1E, 0xF9, 0x1D, 0xC6, 0x49, 0xAF, 0xDD,
    0x75, 0xF8, 0x87, 0x67, 0x16, 0x2A, 0x05, 0x9C, 0xFE, 0x42, 0xEB, 0x41, 0xB9, 0xEA, 0x49, 0x90,
    0x9A, 0x16, 0xE0, 0x63, 0x09, 0xD9, 0xE2, 0x23, 0x6B, 0x1C, 0x67, 0xDE, 0xBE, 0x52, 0x79, 0x71,
    0x3D, 0x45, 0x25, 0x6A, 0xE9, 0xA2, 0xA7, 0x6D, 0x94, 0x9D, 0x8A, 0xC6, 0x17, 0xBB, 0xE2, 0xEC,
    0xBC, 0x2A, 0x25, 0xFC, 0x23, 0x2E, 0x8B, 0xB8, 0x2B, 0x80, 0xFC, 0xCB, 0x80, 0x7B, 0xFC, 0xDF,
    0x8F, 0x45, 0x7D, 0x20, 0xE4, 0x30, 0x28, 0xC2, 0xD8, 0xBA, 0x26, 0x76, 0xAF, 0x6B, 0xFF, 0xDB,
    0xBA, 0xA2, 0x74, 0x23, 0x90, 0x95, 0x0D, 0x69, 0x27, 0x0C, 0x76, 0xE4, 0xC6, 0xCD, 0x01, 0xA8,
    0x0F, 0x89, 0x24, 0xE4, 0xA0, 0xF5, 0x3D, 0xA2, 0x92, 0x3D, 0x48, 0x3A, 0x84, 0x09, 0x44, 0x88,
    0x9D, 0xDC, 0x49, 0xE6, 0x29, 0x76, 0x3F, 0xFD, 0x0B, 0x0B, 0x12, 0x80, 0xD6, 0x7E, 0x90, 0x38,
    0xCC, 0x97, 0xD8, 0x68, 0xD7, 0x80, 0x43, 0x7E, 0xD4, 0x35, 0x3F, 0x23, 0xA3, 0x37, 0x67, 0x1F,
    0x82, 0x42, 0xFC, 0xD8, 0x69, 0x0A, 0xD5, 0xD1, 0x27, 0x54, 0x9D, 0xD5, 0x6F, 0xA4, 0xAD, 0xAC,
    0x3E, 0x5C, 0x80, 0x3B, 0xCF, 0xE3, 0x5F, 0x80, 0x3E, 0x5C, 0x05, 0x06, 0x44, 0xD8, 0xFB, 0x66,
    0x52, 0xD0, 0xF6, 0x66, 0x6A, 0x4C, 0x1A, 0xCE, 0x4F, 0xF7, 0x25, 0xE4, 0x7B, 0x93, 0xA5, 0xCD,
    0xB3, 0xA7, 0xB8, 0xED, 0x0B, 0x64, 0xCF, 0x67, 0xB6, 0x1E, 0x88, 0x4A, 0x08, 0x0C, 0x77, 0x8F,
    0x1C, 0x24, 0x5F, 0xF9, 0x01, 0xF2, 0x35, 0x3A, 0x40, 0xBE, 0x52, 0x90, 0xAF, 0x04, 0xE4, 0x0B,
    0x2E, 0x9C, 0xA2, 0xC0, 0x2F, 0xDC, 0x33, 0xC1, 0x2D, 0xDD, 0x9A, 0xDC, 0x8B, 0x6E, 0x89, 0xC7,
    0x16, 0x08, 0x75, 0xFE, 0x20, 0x96, 0xE3, 0xDE, 0x7E, 0x6A, 0x1F, 0xC6, 0x84, 0x83, 0xC9, 0x7C,
    0x3F, 0xFD, 0xBC, 0x3E, 0x44, 0x00, 0x27, 0x70, 0x65, 0x04, 0xC9, 0x47, 0x8F, 0xDA, 0x77, 0x18,
    0x1B, 0xD5, 0x8C, 0x5C, 0x07, 0x74, 0xA2, 0x0B, 0x62, 0x07, 0xE6, 0x2C, 0x43, 0x58, 0x92, 0x23,
    0x02, 0xA8, 0x26, 0x92, 0x72, 0xE2, 0xAD, 0xAB, 0xD9, 0xD1, 0x36, 0x70, 0xAF, 0x42, 0x75, 0x98,
    0xF4, 0x27, 0x9E, 0x81, 0xE2, 0xEF, 0x88, 0xFA, 0x19, 0x53, 0x5A, 0xAE, 0xC6, 0xF2, 0xB4, 0xA9,
    0xD4, 0xF7, 0xF4, 0x99, 0x3F, 0x6A, 0xF5, 0x5A, 0xAC, 0x86, 0xE2, 0xA5, 0xA4, 0x49, 0xA0, 0x08,
    0x81, 0x99, 0x9B, 0xAA, 0x16, 0xF9, 0x5D, 0x58, 0x53, 0x01, 0xCA, 0x3D, 0x59, 0xD9, 0xF7, 0xC4,
    0x61, 0xAC, 0x68, 0x26, 0xCE, 0xF5, 0xCC, 0x8D, 0x4B, 0x60, 0xBC, 0xAF, 0x7E, 0x56, 0xB1, 0x02,
    0x76, 0x38, 0x37, 0x71, 0x80, 0x6E, 0x67, 0xDE, 0x93, 0xA0, 0xA6, 0x39, 0x01, 0xBF, 0xD6, 0x35,
    0x34, 0xE5, 0x06, 0x50, 0x27, 0x2A, 0x49, 0x48, 0x84, 0x94, 0xEA, 0x62, 0xEF, 0x08, 0x9B, 0x49,
    0x80, 0xC0, 0x45, 0x01, 0x2B, 0x43, 0xD9, 0x24, 0x23, 0x2D, 0x4A, 0x46, 0xCA, 0xEB, 0x7B, 0x28,
    0xCF, 0x9B, 0x80, 0xA3, 0xD7, 0x61, 0xC9, 0x32, 0x64, 0x9F, 0x9C, 0x93, 0xD2, 0x2A, 0x48, 0x29,
    0x62, 0xC8, 0x3B, 0x69, 0x41, 0x7A, 0x07, 0xD2, 0x73, 0x03, 0xCF, 0x15, 0x95, 0x49, 0xED, 0xC4,
    0xC7, 0x12, 0x4E, 0x67, 0x48, 0x67, 0xE4, 0xB9, 0x87, 0x82, 0x59, 0x05, 0xDF, 0x7B, 0xA2, 0xBE,
    0xE7, 0x9A, 0x43, 0xD9, 0xE5, 0x23, 0xDA, 0xAB, 0x28, 0x82, 0x67, 0x5B, 0xFB, 0x5D, 0xE3, 0xCB,
    0xD8, 0x33, 0x4E, 0xD5, 0xF6, 0xC4, 0x8F, 0x3B, 0x81, 0xAC, 0xC1, 0x87, 0x68, 0x85, 0x1C, 0x0D,
    0x66, 0x86, 0x69, 0xAB, 0x74, 0xCD, 0xCD, 0x86, 0x18, 0xD5, 0x94, 0xDE, 0x1A, 0xC4, 0x8F, 0x9B,
    0x14, 0x63, 0x79, 0x66, 0xC4, 0x5D, 0xF0, 0x9A, 0x05, 0x43, 0xFF, 0xBC, 0x81, 0x54, 0x1C, 0xB1,
    0x7B, 0xC9, 0x67, 0x37, 0xC9, 0x34, 0x87, 0x75, 0xD9, 0x1A, 0xB1, 0xE8, 0x6D, 0x37, 0xF6, 0x4D,
    0x80, 0x4E, 0x19, 0x8F, 0xB5, 0x31, 0x6F, 0xAC, 0x0E, 0x2E, 0x25, 0xCB, 0x35, 0x15, 0x9F, 0x6D,
    0x28, 0xD9, 0xE3, 0x87, 0xBD, 0x92, 0x23, 0xCE, 0x51, 0x2E, 0xB7, 0xA3, 0x88, 0x19, 0x47, 0x00,
    0x92, 0xED, 0xDD, 0xB2, 0xA4, 0x50, 0x8D, 0x9E, 0xB6, 0x6B, 0x65, 0x3E, 0x84, 0x5E, 0x34, 0xA3,
    0xA1, 0x96, 0x66, 0x21, 0x67, 0xFE, 0xCE, 0xE9, 0x05, 0x1A, 0x7D, 0xA3, 0xBA, 0x62, 0x12, 0xA3,
    0x51, 0xC5, 0x89, 0xCD, 0x44, 0x63, 0x5E, 0xDA, 0xF7, 0x91, 0x8D, 0x60, 0x73, 0xE2, 0xEC, 0x5C,
    0xC1, 0xF4, 0xA3, 0x92, 0x9A, 0x43, 0x92, 0xDC, 0x63, 0x53, 0x0F, 0x33, 0x77, 0x36, 0x95, 0xB8,
    0x67, 0xBE, 0xEA, 0x91, 0xB8, 0xE2, 0xA5, 0xAF, 0x9F, 0x2A, 0xA4, 0x0D, 0x5B, 0xC6, 0xB1, 0xBA,
    0x9E, 0xFA, 0x71, 0xE6, 0x59, 0xCC, 0x02, 0x54, 0x85, 0xB1, 0x5B, 0xC4, 0xEE, 0x4F, 0xE8, 0x34,
    0xF3, 0x83, 0xA4, 0x4C, 0x30, 0x72, 0x9C, 0x9F, 0x1A, 0x86, 0x6A, 0x53, 0x30, 0x37, 0x2C, 0x38,
    0x9F, 0x53, 0xB8, 0x60, 0x0F, 0xEA, 0xF5, 0x38, 0x07, 0x1C, 0x62, 0xDE, 0x63, 0xD4, 0xE1, 0x83,
    0x1A, 0x1F, 0x0D, 0x3B, 0x85, 0xC8, 0xCE, 0xFA, 0x26, 0x67, 0xB4, 0x5D, 0x2A, 0xEA, 0xD2, 0xFF,
    0x23, 0x33, 0x00, 0x50, 0x45, 0xF9, 0xF0, 0x53, 0xF8, 0xBD, 0x9F, 0x87, 0x20, 0x22, 0xAE, 0x56,
    0xAF, 0x88, 0xF3, 0x29, 0x40, 0x60, 0xDE, 0x5B, 0x73, 0x59, 0xDC, 0xC3, 0x55, 0x58, 0xF7, 0xDB,
    0x5C, 0xFD, 0x74, 0xC3, 0xEB, 0x74, 0xFD, 0xAC, 0x13, 0xE8, 0x61, 0x10, 0xE7, 0xA1, 0x64, 0x0D,
    0x30, 0x6A, 0xF7, 0xF7, 0x91, 0xFA, 0xB4, 0xE5, 0x66, 0xFF, 0x05, 0x45, 0x8F, 0xC3, 0x7D, 0x35,
    0x51, 0x1C, 0x86, 0xDF, 0x6B, 0xDB, 0xE6, 0x72, 0xF4, 0x31, 0xFF, 0x5F, 0x32, 0x38, 0x1D, 0x24,
    0x25, 0xDC, 0x0E, 0x62, 0xB3, 0x93, 0x70, 0x7F, 0x59, 0xC0, 0x94, 0x70, 0x4A, 0x98, 0x7D, 0x6C,
    0x9B, 0xFB, 0x17, 0xCF, 0xD3, 0x1A, 0xA8, 0x61, 0x1B, 0xE0, 0x60, 0x01, 0x56, 0x06, 0x21, 0x0A,
    0x30, 0xC7, 0x49, 0x64, 0x20, 0xD0, 0x44, 0xB6, 0x12, 0x1C, 0x39, 0x50, 0x2E, 0xF2, 0x7B, 0xC6,
    0x03, 0x60, 0x35, 0xEF, 0x2C, 0x63, 0x43, 0x58, 0x25, 0xA1, 0xB8, 0xA2, 0x11, 0xD9, 0x98, 0xCC,
    0xFF, 0x5A, 0x31, 0x1E, 0x60, 0x21, 0x38, 0xE1, 0x82, 0x6C, 0xCE, 0xF0, 0x09, 0xBE, 0x64, 0xCA,
    0x0C, 0x80, 0xC3, 0x8D, 0xC8, 0x28, 0xCA, 0x1A, 0x68, 0x06, 0xD1, 0x28, 0x10, 0xB5, 0x3A, 0x3D,
    0x6E, 0xB0, 0x32, 0x5A, 0x1B, 0x3D, 0x73, 0x96, 0x53, 0xC7, 0x19, 0xB5, 0x8D, 0x55, 0x6E, 0xFE,
    0xAA, 0x2C, 0x69, 0x2B, 0xD1, 0xE0, 0x62, 0xC1, 0x85, 0x0A, 0x22, 0x88, 0x40, 0xC0, 0xCC, 0x6B,
    0x8D, 0x88, 0x8A, 0x45, 0x81, 0x94, 0x2A, 0xCA, 0x65, 0xB5, 0x83, 0xEF, 0xCF, 0xB7, 0x97, 0xBF,
    0xE6, 0xB0, 0x59, 0x81, 0x53, 0x14, 0x69, 0xCB, 0x86, 0x88, 0xE9, 0x30, 0x3D, 0x4C, 0x04, 0xE0,
    0x46, 0x11, 0x04, 0x9D, 0xC9, 0xAC, 0x24, 0x08, 0x64, 0xE7, 0x81, 0x0B, 0x49, 0x9D, 0x29, 0x02,
    0x7F, 0x83, 0xFA, 0xA0, 0xC2, 0x7F, 0x3C, 0xBE, 0x6E, 0x01, 0x20, 0x00, 0x44, 0x00, 0x15, 0x98,
    0x00, 0x80, 0x92, 0x1F, 0xBA, 0x0C, 0x55, 0x44, 0xB4, 0x73, 0xF1, 0x80, 0x17, 0xBD, 0x57, 0x4F,
    0x6C, 0x1C, 0xD7, 0x79, 0xFF, 0x66, 0x46, 0xE6, 0x4B, 0x38, 0xD6, 0x0E, 0x0F, 0x09, 0x24, 0x24,
    0xDC, 0x1D, 0x1F, 0x7C, 0x10, 0xA0, 0x5D, 0xAE, 0x50, 0x30, 0xC0, 0xC2, 0x9A, 0xDD, 0x1D, 0x49,
    0x07, 0x1F, 0x82, 0x16, 0x3A, 0x24, 0xBD, 0x34, 0x68, 0x8D, 0x9C, 0xDA, 0x20, 0xB0, 0xE8, 0x62,
    0x53, 0x2F, 0x1C, 0x8A, 0x3B, 0x92, 0x0A, 0xE8, 0x20, 0xB4, 0xD1, 0xAD, 0x87, 0xF6, 0x20, 0xA0,
    0x3E, 0xB8, 0xA4, 0x63, 0xAE, 0x8D, 0x49, 0xBC, 0xB5, 0x29, 0xEE, 0xB3, 0x08, 0x47, 0x48, 0x85,
    0xC6, 0x53, 0xB9, 0x6D, 0x80, 0x3A, 0x49, 0xC7, 0x92, 0x5B, 0x07, 0xA4, 0x6C, 0x8F, 0x92, 0x71,
    0xB0, 0x22, 0xA9, 0x9D, 0xFE, 0xBE, 0xF7, 0x86, 0x4B, 0x52, 0x96, 0xAD, 0x28, 0x52, 0xAA, 0xEC,
    0x7B, 0x66, 0x76, 0x67, 0xDE, 0xFB, 0xFE, 0xFC, 0xBE, 0xDF, 0xF7, 0xFB, 0x88, 0xF0, 0xCF, 0x92,
    0x58, 0x09, 0xFE, 0x58, 0xA2, 0xAD, 0x7F, 0x66, 0x96, 0x45, 0x34, 0x37, 0x1F, 0x91, 0x67, 0x48,
    0x6A, 0x1B, 0x01, 0xF5, 0xF0, 0x65, 0x88, 0xC5, 0x8F, 0x65, 0x9B, 0x64, 0xAC, 0x3F, 0x4F, 0x66,
    0x8C, 0xE7, 0x22, 0x7E, 0x7D, 0x0C, 0xAB, 0x40, 0xF6, 0xEA, 0xF7, 0xA9, 0x83, 0xDF, 0xC8, 0x3A,
    0x23, 0xC9, 0xBE, 0x2C, 0x49, 0x1C, 0xF3, 0x1F, 0xF4, 0xAC, 0x66, 0x96, 0xC9, 0x46, 0x7F, 0x21,
    0x98, 0xAE, 0x58, 0xFE, 0x21, 0xCF, 0xA2, 0x09, 0xCF, 0x20, 0x9A, 0xC5, 0x7B, 0x6D, 0xAC, 0xD7,
    0x6E, 0x13, 0x0D, 0x17, 0x03, 0x4A, 0x84, 0x34, 0x12, 0x4B, 0x1A, 0xB1, 0x25, 0xCD, 0xC8, 0x92,
    0x02, 0xAB, 0x39, 0x60, 0xA7, 0x04, 0xEE, 0x77, 0x88, 0x26, 0x2A, 0x44, 0xCF, 0xA5, 0x44, 0xCD,
    0x20, 0xF7, 0x4E, 0xE0, 0x8F, 0x26, 0x7E, 0x1B, 0xDC, 0xE1, 0xEF, 0x82, 0x24, 0xCF, 0x84, 0x8D,
    0x58, 0xA1, 0xE9, 0x8F, 0x6C, 0xC4, 0x32, 0x72, 0xFB, 0xB4, 0x8D, 0x7A, 0xD9, 0xF8, 0xBB, 0xC3,
    0x47, 0xD8, 0x43, 0x9F, 0xE6, 0x16, 0xA5, 0x89, 0xFB, 0x45, 0x60, 0x05, 0x0E, 0x19, 0x54, 0xC2,
    0xD7, 0x53, 0xF3, 0x3E, 0xEC, 0x0F, 0xC8, 0xC3, 0xDF, 0x5B, 0xAB, 0x41, 0xE3, 0xE4, 0xFA, 0x2E,
    0xD9, 0xEB, 0xF0, 0xBB, 0x8F, 0x03, 0xFA, 0x91, 0xB5, 0x9A, 0xDA, 0x7E, 0xCB, 0xA1, 0x19, 0x58,
    0xEA, 0x48, 0xB2, 0x60, 0xE8, 0x90, 0xC8, 0xC5, 0x5F, 0xD1, 0x8C, 0x19, 0x77, 0xCD, 0x28, 0xB5,
    0xE4, 0xF2, 0xA2, 0xFF, 0xE5, 0x01, 0x8C, 0x94, 0x74, 0x52, 0x9D, 0xD3, 0x56, 0x9F, 0x50, 0x99,
    0x96, 0xB0, 0x71, 0xB0, 0x0B, 0x1F, 0x58, 0x85, 0x0F, 0xEC, 0xEA, 0xE0, 0x90, 0x24, 0x34, 0x92,
    0x94, 0xA2, 0x0B, 0xCA, 0xBB, 0xFB, 0x79, 0x51, 0x64, 0xF0, 0x77, 0xF0, 0x49, 0xDF, 0xB7, 0xFC,
    0x56, 0x91, 0x45, 0x04, 0x6D, 0x1D, 0x5D, 0xB5, 0x0A, 0x58, 0x45, 0xED, 0xE3, 0x63, 0x38, 0xBD,
    0x83, 0x57, 0xBE, 0xC8, 0x71, 0xB5, 0x33, 0x04, 0xC0, 0x58, 0xBF, 0x88, 0x3F, 0xE3, 0x16, 0x8E,
    0x8A, 0xF0, 0xA3, 0x29, 0x71, 0xA8, 0x15, 0xF0, 0x76, 0xE4, 0x96, 0x4F, 0xC2, 0xC8, 0x06, 0x54,
    0x30, 0xA3, 0x93, 0xF4, 0xA8, 0x25, 0xA7, 0xA8, 0x6C, 0xC9, 0x12, 0x4D, 0x8B, 0xA0, 0x42, 0xB1,
    0x08, 0xBC, 0xC3, 0xD2, 0x9D, 0x4F, 0x1A, 0xD4, 0x1F, 0xFA, 0x66, 0x76, 0x09, 0x47, 0x9D, 0xA4,
    0x8B, 0x7C, 0x49, 0x8B, 0xDD, 0x08, 0x79, 0x4B, 0xD8, 0x1B, 0x6C, 0xEB, 0xF3, 0x38, 0x2A, 0xCB,
    0xB2, 0xD4, 0x88, 0x71, 0x14, 0xC3, 0x60, 0x8A, 0xB7, 0x12, 0xA7, 0xA4, 0x82, 0xCD, 0x9F, 0xB5,
    0x23, 0x1C, 0xD5, 0x49, 0x3A, 0x43, 0xFF, 0xD3, 0x41, 0xF5, 0x35, 0x24, 0x24, 0xF3, 0xE9, 0x96,
    0x90, 0xC4, 0x80, 0xD2, 0xA0, 0x0A, 0xCC, 0x48, 0xF8, 0x22, 0x76, 0x82, 0xE6, 0x80, 0xFD, 0x52,
    0xFF, 0x10, 0x55, 0x81, 0xBF, 0xAB, 0x08, 0xC3, 0xE3, 0x39, 0x80, 0xE4, 0x49, 0xAA, 0x9B, 0x1F,
    0x90, 0x67, 0xE3, 0x9C, 0x49, 0x58, 0x35, 0x8D, 0x85, 0x47, 0x36, 0xA4, 0x5A, 0xC6, 0xBB, 0x1C,
    0xEB, 0x04, 0xCE, 0xF7, 0x10, 0x40, 0x0F, 0xAB, 0x4A, 0xF6, 0x7B, 0x4E, 0xD0, 0x19, 0x88, 0x28,
    0x3F, 0xB3, 0xCB, 0x1B, 0x47, 0x8A, 0x5C, 0xDA, 0xF1, 0x0F, 0x27, 0xF7, 0x13, 0x38, 0xEE, 0xFA,
    0x70, 0xDC, 0x65, 0x9F, 0xE7, 0xB0, 0x19, 0xC0, 0x7E, 0x28, 0x60, 0x74, 0x52, 0x46, 0xCC, 0x93,
    0xAE, 0x47, 0xC6, 0x35, 0xD9, 0x26, 0xF3, 0x1D, 0x84, 0xC3, 0xDC, 0x44, 0x44, 0x50, 0xD0, 0x09,
    0xA7, 0x2A, 0x41, 0x5A, 0xCD, 0x94, 0x3A, 0x89, 0x8B, 0xCA, 0x04, 0x32, 0xA9, 0x2C, 0x88, 0xEA,
    0xC8, 0x95, 0x9B, 0x8E, 0xAE, 0xA8, 0x0E, 0xDC, 0x81, 0x1D, 0x71, 0xDD, 0x08, 0x9F, 0xAB, 0xCF,
    0x8C, 0xCA, 0xC8, 0x3A, 0x1C, 0x48, 0x10, 0xD9, 0x9B, 0x70, 0xE0, 0x55, 0xF8, 0xD9, 0xC9, 0x21,
    0x5C, 0x43, 0x8A, 0xF1, 0x75, 0x53, 0x32, 0x9A, 0xD9, 0xBC, 0x4B, 0x0A, 0x5D, 0x0A, 0x5F, 0x0A,
    0x61, 0xED, 0x3C, 0x39, 0xA1, 0x06, 0x59, 0xBE, 0x19, 0xB1, 0x42, 0x9B, 0xC2, 0x9B, 0x82, 0xDB,
    0xD6, 0x66, 0xAF, 0x2E, 0x00, 0x77, 0x59, 0x96, 0x68, 0x24, 0xE9, 0x8D, 0xF1, 0x44, 0x7B, 0x79,
    0x7B, 0x54, 0x59, 0x68, 0x8F, 0xC2, 0xC2, 0x75, 0xAB, 0xEC, 0xA1, 0xB7, 0x61, 0x81, 0xB9, 0xC2,
    0x60, 0x3C, 0x86, 0xCD, 0x61, 0x88, 0x16, 0x99, 0x47, 0x9A, 0x19, 0xB6, 0x1F, 0x7C, 0x1D, 0xE7,
    0xC5, 0xC4, 0x01, 0xA7, 0x94, 0x90, 0xCF, 0x01, 0x35, 0x13, 0x3B, 0xE3, 0x42, 0x97, 0xBA, 0xD0,
    0xAD, 0x80, 0xDA, 0x96, 0x3F, 0x22, 0xA3, 0xF5, 0xE3, 0x20, 0xA3, 0xDB, 0x30, 0xB3, 0x0A, 0x32,
    0xB2, 0x7D, 0x33, 0xB2, 0x11, 0x0A, 0x07, 0x26, 0xA2, 0x58, 0x57, 0x37, 0x61, 0xE0, 0x79, 0x60,
    0x63, 0x40, 0xD6, 0xB0, 0x0F, 0x47, 0x6D, 0xBC, 0x8B, 0x12, 0x68, 0x61, 0x85, 0xB0, 0xF7, 0xD6,
    0x49, 0x4D, 0x64, 0x78, 0xD7, 0x88, 0x1C, 0xDF, 0x94, 0x9F, 0x7C, 0xF7, 0x81, 0x08, 0x46, 0xB0,
    0xD1, 0xC6, 0xFA, 0x32, 0x3F, 0xCA, 0x29, 0x88, 0xB1, 0x19, 0xC8, 0x36, 0x9C, 0x0B, 0xB9, 0x94,
    0x80, 0x1C, 0xC1, 0x87, 0x14, 0x78, 0x2B, 0xF2, 0x51, 0x1E, 0x9F, 0x33, 0x83, 0x6B, 0x28, 0xE6,
    0x38, 0x73, 0x88, 0xAB, 0x19, 0x4C, 0x54, 0x09, 0xF2, 0xD8, 0xE3, 0x1A, 0x03, 0x6E, 0x9A, 0x91,
    0x7C, 0x88, 0xE8, 0xFC, 0x83, 0x11, 0xFE, 0xC0, 0x1E, 0x9A, 0x09, 0x7D, 0x60, 0xA4, 0x76, 0x17,
    0x86, 0xC4, 0x65, 0xAE, 0xEC, 0x68, 0x06, 0x0F, 0x5F, 0x8A, 0x18, 0xDC, 0x97, 0x56, 0x38, 0x5D,
    0xD7, 0xAF, 0x28, 0xB4, 0x0C, 0xD9, 0x9F, 0xCB, 0xDF, 0xE3, 0x44, 0xDB, 0x4F, 0xE2, 0xFB, 0xBA,
    0xC3, 0xAE, 0x0E, 0x1C, 0x1C, 0x6E, 0x25, 0x05, 0xE4, 0xCA, 0x95, 0x55, 0x7F, 0x09, 0xD0, 0xCA,
    0x50, 0x21, 0x46, 0x3F, 0x10, 0x6B, 0x89, 0x4D, 0xC9, 0xB8, 0xE6, 0x2C, 0xB8, 0xB6, 0x10, 0x18,
    0xE0, 0x01, 0x14, 0x9F, 0xC1, 0xC0, 0x9A, 0x31, 0xE2, 0x54, 0xC8, 0xE5, 0xBE, 0xEF, 0x0E, 0x1E,
    0x6E, 0xA1, 0xD0, 0x1E, 0x8E, 0xF3, 0x01, 0xC4, 0x39, 0xE1, 0xBA, 0xEC, 0xCB, 0xDF, 0x4F, 0x45,
    0x3E, 0x10, 0x6D, 0xEC, 0x24, 0xD7, 0xF6, 0x5D, 0xC8, 0x15, 0x9B, 0x60, 0x30, 0x14, 0x38, 0x69,
    0x93, 0x1C, 0xE6, 0x32, 0x6F, 0xD3, 0x82, 0x61, 0x01, 0xE8, 0x82, 0x5C, 0x03, 0x04, 0x1A, 0xBE,
    0x50, 0x16, 0x58, 0xB7, 0xC1, 0x66, 0x76, 0x42, 0x55, 0xE9, 0xC4, 0xF8, 0xA5, 0x12, 0xD3, 0xB3,
    0xF2, 0x2B, 0x11, 0xBD, 0x12, 0xBD, 0x12, 0xD1, 0xCD, 0xE8, 0x6A, 0x44, 0xEF, 0x5E, 0xBB, 0x24,
    0x8D, 0xE8, 0xD7, 0x47, 0xA5, 0x29, 0x87, 0x28, 0xDC, 0x60, 0x93, 0xD9, 0xA2, 0x67, 0x49, 0x9B,
    0x66, 0x00, 0x74, 0xF0, 0x78, 0x84, 0x7E, 0xD6, 0x4C, 0x77, 0x05, 0xC7, 0xE1, 0xE0, 0x94, 0x78,
    0xAB, 0x30, 0x9A, 0x3C, 0xE6, 0x69, 0x88, 0x8C, 0x4C, 0x15, 0x0B, 0xBE, 0x85, 0x61, 0x21, 0x6F,
    0x79, 0x5C, 0xEE, 0xCC, 0x82, 0x00, 0x58, 0xB8, 0xB1, 0x26, 0x66, 0xC2, 0x8C, 0x8C, 0xD3, 0x52,
    0x1C, 0xD6, 0xAB, 0xE3, 0x2C, 0x4F, 0x2F, 0x94, 0x83, 0x81, 0x65, 0x45, 0x0D, 0xB4, 0x24, 0x97,
    0x10, 0x9C, 0xD5, 0x01, 0x19, 0xBA, 0xDE, 0xB8, 0xD0, 0xE7, 0x2F, 0xEE, 0xA4, 0xA5, 0x90, 0x51,
    0x1D, 0x6A, 0x28, 0xDD, 0x85, 0x96, 0x54, 0x23, 0x1C, 0xD1, 0x52, 0xC4, 0xED, 0x30, 0x69, 0xA6,
    0xBB, 0xCB, 0xBE, 0x86, 0x9F, 0xDA, 0x58, 0x21, 0xE2, 0xC7, 0x06, 0x25, 0x27, 0x71, 0x5D, 0x4A,
    0xC6, 0xC7, 0x9F, 0xA1, 0x0D, 0x96, 0x77, 0x6A, 0x03, 0x53, 0x69, 0x83, 0xCA, 0x0E, 0x4D, 0xB0,
    0xAD, 0x0D, 0x40, 0x71, 0xFE, 0x38, 0xB4, 0xC1, 0x12, 0x80, 0x7F, 0x5E, 0x6B, 0x9F, 0x45, 0xB4,
    0xA9, 0x12, 0xDA, 0x54, 0xC5, 0xDA, 0x7E, 0x70, 0x4B, 0xFF, 0xDC, 0x41, 0x1F, 0xBC, 0xC4, 0x7B,
    0xE0, 0xBF, 0xCD, 0x07, 0x63, 0x74, 0x1A, 0xFB, 0x27, 0x2C, 0x36, 0x1E, 0x07, 0x76, 0x32, 0xDF,
    0xFA, 0xDF, 0x9F, 0xC6, 0x28, 0xD2, 0xB4, 0x6E, 0xC9, 0x1E, 0x58, 0xB3, 0xDD, 0x16, 0x7E, 0xD8,
    0x46, 0x4D, 0x7A, 0xA8, 0xD9, 0xA6, 0xE3, 0x4A, 0x87, 0x6B, 0xFA, 0xE9, 0xE3, 0xCA, 0x29, 0xAE,
    0x4D, 0xCA, 0xAE, 0x62, 0x9F, 0xE3, 0x56, 0x56, 0x62, 0xDB, 0x1C, 0xA6, 0x21, 0x71, 0x0E, 0xBC,
    0x6D, 0xFD, 0x9C, 0xAB, 0x87, 0x4F, 0xE6, 0xE2, 0x25, 0xC1, 0x7F, 0x15, 0x94, 0x57, 0x1C, 0x13,
    0x0E, 0x27, 0x68, 0x37, 0x20, 0x36, 0x9C, 0x43, 0xBF, 0xF9, 0xF0, 0x9A, 0x8B, 0x52, 0x7A, 0xE1,
    0xA8, 0xCB, 0xF2, 0xED, 0xA4, 0x7A, 0xB9, 0x04, 0xFC, 0xB3, 0xD8, 0xF5, 0x9F, 0x06, 0x56, 0x2B,
    0xB0, 0xD7, 0xC3, 0xCE, 0xAB, 0x4D, 0x53, 0x00, 0x8B, 0xB3, 0x96, 0x22, 0xF5, 0x77, 0xA1, 0x68,
    0x6E, 0xFE, 0x4D, 0xA6, 0x9C, 0x73, 0x9B, 0x1D, 0xA0, 0xDD, 0x8C, 0x19, 0xEE, 0x66, 0xC4, 0x78,
    0x67, 0xFD, 0x42, 0x2D, 0x4B, 0x32, 0xE2, 0xAD, 0x80, 0x31, 0x2A, 0xD4, 0x6E, 0xFB, 0xC0, 0x6A,
    0xEC, 0x28, 0xD4, 0x3B, 0x0A, 0xF6, 0x05, 0x05, 0xF9, 0x92, 0xDA, 0x2B, 0x8C, 0xFC, 0xD5, 0xE5,
    0xF9, 0x94, 0xAD, 0xCD, 0x36, 0x7F, 0x6F, 0x27, 0x0F, 0x15, 0x83, 0x55, 0xD4, 0x5E, 0x56, 0xBB,
    0xA7, 0xF6, 0x9A, 0xDA, 0x0F, 0xA9, 0xE6, 0xD9, 0x58, 0xF4, 0x69, 0x1A, 0x8F, 0x1C, 0xC2, 0x4F,
    0x13, 0x5B, 0xA0, 0x9B, 0x43, 0x82, 0xFB, 0x78, 0x3B, 0x81, 0x3D, 0x09, 0x83, 0x5F, 0x04, 0x46,
    0x6C, 0x07, 0x7C, 0xA3, 0x58, 0xBD, 0x88, 0xF7, 0x22, 0x26, 0x33, 0x01, 0xF5, 0xB4, 0xAC, 0x52,
    0xEC, 0xA9, 0x98, 0xCD, 0xAA, 0xBD, 0xAD, 0x62, 0xA7, 0x2A, 0x1D, 0x04, 0xCF, 0x7B, 0x06, 0x51,
    0x8B, 0xA2, 0x59, 0xC6, 0x6E, 0xC6, 0x0E, 0x8E, 0xC3, 0x39, 0xD0, 0x93, 0xE8, 0x9A, 0x0E, 0x17,
    0x50, 0x05, 0x3B, 0x2A, 0x19, 0x57, 0x75, 0xB2, 0x40, 0x9F, 0x4C, 0xB4, 0x7C, 0x17, 0xF8, 0xB3,
    0x86, 0x41, 0x72, 0x8D, 0x8F, 0x3B, 0x7C, 0xCE, 0x56, 0xD7, 0xF6, 0x77, 0x76, 0x5E, 0xC8, 0x6C,
    0xB1, 0x3A, 0xB0, 0xA9, 0x3E, 0x8E, 0x94, 0x32, 0x5D, 0x3B, 0xF4, 0xAD, 0x45, 0x50, 0x10, 0xA3,
    0x93, 0x40, 0x25, 0xB3, 0x33, 0x94, 0xA6, 0x56, 0x0C, 0x89, 0xAD, 0x7B, 0x08, 0xEB, 0xA2, 0x39,
    0xE2, 0x66, 0xEB, 0x29, 0x5E, 0x6B, 0x3B, 0xC4, 0xED, 0xBE, 0xC8, 0x75, 0x1D, 0x32, 0x03, 0x53,
    0x5A, 0xE3, 0x1D, 0xD7, 0x42, 0x1E, 0x7E, 0x1C, 0x82, 0x78, 0xCC, 0xB8, 0x47, 0x2C, 0x19, 0xDA,
    0xC4, 0x4D, 0x7F, 0x16, 0xE1, 0xB5, 0x64, 0x03, 0xF0, 0x81, 0xE4, 0x5C, 0x8B, 0xA1, 0xA9, 0x4D,
    0x8E, 0xBA, 0xD1, 0xBF, 0x0D, 0x9B, 0x52, 0x9A, 0x32, 0x22, 0xD5, 0x9E, 0x99, 0x49, 0x70, 0x03,
    0x35, 0x20, 0x44, 0x1C, 0x84, 0x4D, 0x20, 0xEA, 0xEC, 0x7D, 0x99, 0x53, 0x0D, 0xFD, 0x93, 0x14,
    0xE9, 0x20, 0x9A, 0x43, 0x83, 0x7D, 0xEF, 0x7C, 0xDB, 0xD8, 0x18, 0x88, 0x20, 0x75, 0xA8, 0x8B,
    0xA4, 0x7A, 0x46, 0xEC, 0x59, 0x91, 0x27, 0xA4, 0x57, 0x7A, 0xB3, 0xF1, 0xF2, 0x0D, 0xF7, 0x14,
    0x82, 0xFB, 0x39, 0x32, 0x36, 0xA9, 0x9A, 0xD2, 0x2D, 0x90, 0x3F, 0xAB, 0xA5, 0xE2, 0x17, 0xA8,
    0x91, 0xF9, 0xCD, 0x27, 0xE5, 0xAC, 0x19, 0xF5, 0xD0, 0x41, 0xF0, 0xB1, 0x24, 0x72, 0xD6, 0x75,
    0x68, 0x6E, 0x89, 0x5C, 0xD6, 0xAE, 0xD2, 0x5C, 0x47, 0x17, 0x88, 0x0B, 0x46, 0x54, 0xB1, 0xA1,
    0x89, 0x25, 0x8C, 0xF2, 0x8C, 0x08, 0x26, 0x55, 0x4F, 0x90, 0x8D, 0x34, 0xDD, 0x26, 0x67, 0x91,
    0xBE, 0x80, 0xAC, 0x38, 0x1C, 0x73, 0x2B, 0xE6, 0xD8, 0x21, 0xFE, 0xB3, 0x82, 0x1A, 0x17, 0xD5,
    0x09, 0x5F, 0xE4, 0x70, 0x59, 0x47, 0x55, 0x0D, 0x6A, 0x35, 0xDE, 0xE9, 0x59, 0x08, 0xB5, 0xDF,
    0x2B, 0x51, 0xAB, 0x4C, 0xE8, 0x80, 0xA0, 0xE6, 0x18, 0x82, 0xC7, 0x13, 0x7E, 0xF5, 0x25, 0x3E,
    0x93, 0x3A, 0xBE, 0xB9, 0x26, 0xED, 0xA3, 0xB2, 0xA0, 0x72, 0x5C, 0xEF, 0xF1, 0x4C, 0xE6, 0xB1,
    0x5C, 0xF1, 0xAB, 0x8B, 0x68, 0x6C, 0x79, 0x7F, 0x4D, 0x26, 0xCD, 0xA4, 0xD0, 0xF3, 0x0A, 0xDD,
    0xFD, 0x5E, 0x1B, 0x9C, 0x55, 0x4E, 0x51, 0xB4, 0x53, 0x2F, 0x03, 0x36, 0xF5, 0x57, 0x81, 0x83,
    0xDA, 0x10, 0x5B, 0xF7, 0x57, 0xD8, 0xDE, 0xB8, 0x26, 0x83, 0xB5, 0xA3, 0x6F, 0x6C, 0x04, 0x4B,
    0x66, 0x70, 0x51, 0x1B, 0xEC, 0xEF, 0x17, 0xEC, 0xBF, 0x71, 0x91, 0xD0, 0xD0, 0xD8, 0x72, 0x84,
    0xCC, 0xA1, 0xE1, 0x12, 0x55, 0x61, 0xBF, 0xE4, 0x90, 0x7A, 0xBA, 0x91, 0x06, 0x35, 0x8C, 0x87,
    0x2D, 0x3C, 0x9A, 0x90, 0x03, 0x36, 0x2A, 0xC0, 0xBF, 0xD2, 0xDE, 0xEB, 0xE4, 0x0E, 0x86, 0x48,
    0x5B, 0xA8, 0x05, 0xC0, 0x34, 0x14, 0x68, 0x1B, 0x55, 0xD2, 0x84, 0x7F, 0x8F, 0xA8, 0x59, 0xF6,
    0xBE, 0xCE, 0xA8, 0x06, 0x4B, 0xFB, 0x56, 0x7E, 0x69, 0xFD, 0x2D, 0x89, 0x3F, 0x27, 0x7B, 0x86,
    0xFD, 0x77, 0x6A, 0x54, 0x28, 0x53, 0xD1, 0x3D, 0x50, 0x76, 0x12, 0xCE, 0xBD, 0x01, 0x14, 0x8A,
    0x8F, 0x40, 0x82, 0xC8, 0xF7, 0x24, 0x34, 0x79, 0x0D, 0x97, 0x4D, 0x23, 0x1E, 0x33, 0x58, 0x31,
    0x4A, 0x52, 0xB6, 0xFC, 0xC3, 0xC1, 0xEB, 0x7E, 0x03, 0x04, 0x88, 0xA6, 0xD8, 0x1B, 0xDB, 0xC4,
    0xFE, 0x81, 0xE8, 0xD2, 0x2F, 0xF6, 0x26, 0xF4, 0xD6, 0x64, 0x6C, 0x5C, 0x99, 0x8E, 0xCC, 0x73,
    0xCF, 0x44, 0xD6, 0x93, 0x57, 0xA5, 0x25, 0x2E, 0xBD, 0xF9, 0x92, 0x38, 0x7A, 0xA3, 0x67, 0x18,
    0xB1, 0x2B, 0xCB, 0x30, 0xB2, 0xAC, 0x8C, 0x14, 0xCA, 0xC8, 0x36, 0xC4, 0x02, 0xAE, 0x87, 0x28,
    0x66, 0x6A, 0x28, 0xD1, 0x35, 0xAA, 0x18, 0x43, 0x44, 0x9E, 0x53, 0x12, 0x98, 0x1B, 0x89, 0xCD,
    0xD8, 0x0A, 0x2B, 0x0C, 0xF0, 0xD0, 0xD3, 0x08, 0x13, 0x12, 0x29, 0x01, 0x45, 0x57, 0x4F, 0x0D,
    0xE8, 0xE0, 0x95, 0x25, 0xB2, 0x5E, 0xC4, 0x61, 0xC8, 0xA9, 0x80, 0xA8, 0xB1, 0x83, 0x10, 0x81,
    0x4D, 0xD4, 0x2A, 0xD2, 0x75, 0x2A, 0xF3, 0x61, 0x06, 0x30, 0x33, 0x80, 0x7A, 0xEE, 0xAD, 0x49,
    0x3A, 0x7C, 0x8C, 0x81, 0x2D, 0x69, 0x96, 0x8B, 0x86, 0xDB, 0x3A, 0x60, 0x04, 0x86, 0x02, 0xD4,
    0xC8, 0x1C, 0xA2, 0xCC, 0x3E, 0x8A, 0x74, 0xAB, 0x44, 0xB7, 0x10, 0x08, 0xAC, 0x7D, 0x5E, 0xD1,
    0xA9, 0xC6, 0x47, 0x60, 0x2B, 0xFD, 0x5F, 0x56, 0x68, 0xCB, 0x3F, 0x16, 0x31, 0x80, 0x62, 0x18,
    0x93, 0xBA, 0xFE, 0xC1, 0x2B, 0xBD, 0xD7, 0xA5, 0xF5, 0xE2, 0x13, 0x67, 0x02, 0x91, 0x34, 0x45,
    0x20, 0xA2, 0x59, 0xDB, 0xB7, 0x83, 0x9E, 0xC3, 0xE6, 0x38, 0x78, 0x35, 0x2E, 0x41, 0x04, 0x47,
    0x95, 0xA7, 0xCA, 0xA6, 0x9C, 0x62, 0x3C, 0xBB, 0x40, 0x94, 0x43, 0x63, 0xA9, 0x52, 0xED, 0x60,
    0x53, 0xAC, 0x32, 0x97, 0x08, 0x2E, 0x29, 0x42, 0x72, 0x15, 0x10, 0xE8, 0x02, 0xD4, 0x6A, 0x01,
    0x00, 0x73, 0x02, 0x3D, 0x66, 0x94, 0x75, 0xA7, 0x58, 0x08, 0xF2, 0x89, 0x0C, 0x79, 0x27, 0x7A,
    0x2E, 0x52, 0x4D, 0xC3, 0xE0, 0xB9, 0x03, 0xEB, 0xCB, 0x98, 0x16, 0x36, 0x3E, 0x0A, 0xC4, 0xB1,
    0x63, 0xB2, 0x20, 0x8E, 0x46, 0x65, 0x68, 0x2D, 0xCF, 0x46, 0x01, 0xA1, 0xDF, 0x79, 0xC0, 0x77,
    0xBD, 0xE0, 0x92, 0xBB, 0xC8, 0x4C, 0x7E, 0x5E, 0x9F, 0xC7, 0xDC, 0x05, 0x34, 0x37, 0x12, 0x3D,
    0x37, 0x8E, 0x21, 0x26, 0xE3, 0x69, 0x03, 0x04, 0x83, 0x2F, 0x1A, 0x92, 0x7B, 0xBF, 0x1E, 0x7E,
    0xAA, 0xF8, 0xEF, 0xB3, 0x10, 0x76, 0x98, 0x6F, 0x0E, 0x9F, 0x5E, 0x03, 0x45, 0x0D, 0x3E, 0x13,
    0x75, 0x25, 0x85, 0xBA, 0xF7, 0xC9, 0xED, 0x31, 0xEA, 0x56, 0xF3, 0xE1, 0x89, 0x57, 0x51, 0xF1,
    0x7A, 0x35, 0xF0, 0xF6, 0x05, 0x6D, 0x2B, 0x08, 0x85, 0x9F, 0x88, 0xB3, 0x89, 0x35, 0x8C, 0xE9,
    0x08, 0x37, 0x4B, 0xB2, 0x7E, 0x4C, 0x16, 0xCC, 0x03, 0x5A, 0x20, 0x3E, 0x0F, 0xCA, 0x36, 0x73,
    0x57, 0x58, 0x60, 0xF1, 0x58, 0xC4, 0x05, 0x50, 0xF1, 0x0E, 0x9C, 0x21, 0x74, 0xFE, 0x1E, 0x95,
    0x6C, 0x39, 0x00, 0x6C, 0x57, 0xBE, 0x23, 0xDD, 0x5F, 0x0D, 0x9B, 0xBE, 0x73, 0x2A, 0xAD, 0xD3,
    0x3D, 0x5F, 0x83, 0xF2, 0x13, 0xA3, 0xD7, 0x5E, 0xF9, 0xB0, 0x19, 0xE0, 0xB5, 0xC3, 0x5C, 0x45,
    0xD6, 0x68, 0x73, 0xB6, 0x94, 0x36, 0xB9, 0x59, 0xFC, 0x04, 0xA4, 0x4E, 0x91, 0x1E, 0x6F, 0x81,
    0xD1, 0x23, 0x73, 0x35, 0xC1, 0x58, 0x23, 0x7C, 0x7C, 0x12, 0x6B, 0x4D, 0x02, 0x5E, 0x08, 0x59,
    0x72, 0x90, 0xDB, 0x0E, 0x80, 0x64, 0xF3, 0x98, 0xB5, 0x6C, 0x4A, 0x67, 0x71, 0x45, 0x16, 0xAD,
    0x15, 0x39, 0x69, 0x5D, 0x0E, 0x8A, 0xD6, 0xD9, 0x6F, 0xB8, 0x27, 0xEC, 0x54, 0x60, 0x1E, 0xC0,
    0xB3, 0x78, 0x54, 0xA8, 0xB1, 0xD1, 0xC9, 0xA8, 0xF0, 0x27, 0x78, 0x42, 0x42, 0xFB, 0x96, 0xA1,
    0x11, 0x41, 0x33, 0x83, 0x2D, 0xAA, 0x50, 0x2A, 0xC1, 0x58, 0x90, 0x56, 0xC6, 0x7F, 0xC0, 0x7A,
    0x50, 0xC5, 0xB2, 0xA2, 0x8A, 0xAA, 0xB4, 0xE3, 0x83, 0x72, 0x6E, 0xD3, 0x3A, 0x15, 0xD7, 0xC5,
    0x19, 0x59, 0xB1, 0x9F, 0xF4, 0x2B, 0x98, 0x1E, 0x2B, 0xCE, 0x9F, 0x91, 0x57, 0x40, 0xA7, 0x2D,
    0x3A, 0x47, 0x92, 0xB2, 0x58, 0x93, 0x1E, 0xAB, 0x7E, 0x48, 0xD5, 0xE1, 0x92, 0x11, 0xD7, 0x4C,
    0xD9, 0x32, 0xE3, 0x2E, 0x61, 0x92, 0xAD, 0x25, 0x74, 0x33, 0x36, 0xFE, 0xED, 0x3F, 0x0F, 0x9F,
    0xBE, 0xD1, 0x40, 0xEB, 0x7B, 0x4A, 0x35, 0xAA, 0x59, 0xD5, 0x71, 0x0C, 0x05, 0xA7, 0x7B, 0xF2,
    0x60, 0xD2, 0x35, 0x20, 0xD5, 0xD4, 0xF8, 0xF4, 0xDB, 0x3C, 0x0F, 0xE1, 0x3E, 0xAE, 0xC6, 0x23,
    0x37, 0xD3, 0xDA, 0x87, 0xAC, 0xB3, 0xB1, 0x78, 0x3A, 0xB1, 0x2F, 0x84, 0x8E, 0x0C, 0x1D, 0x3F,
    0x74, 0xB9, 0xBA, 0x13, 0x5D, 0xDA, 0x35, 0x25, 0x74, 0xE1, 0xEE, 0x1E, 0x94, 0xCC, 0x12, 0x97,
    0x15, 0xE9, 0x84, 0xA0, 0x48, 0x4B, 0x0A, 0xA3, 0x9A, 0x86, 0x3F, 0xA5, 0x01, 0xB4, 0x47, 0x0D,
    0x00, 0xD4, 0x01, 0xAB, 0x88, 0x40, 0x93, 0x53, 0x2F, 0xB0, 0xEE, 0xAC, 0xE9, 0x6A, 0x35, 0x83,
    0xDC, 0x8B, 0x65, 0x74, 0x35, 0x2A, 0x18, 0x8A, 0x87, 0x25, 0x53, 0x18, 0x2D, 0xB1, 0xF8, 0xE8,
    0x96, 0x69, 0x19, 0xF4, 0xA8, 0xD4, 0x5A, 0xC4, 0x1C, 0x40, 0x74, 0x02, 0xFF, 0xE3, 0xDA, 0x2D,
    0xA2, 0x54, 0x3C, 0x74, 0x92, 0x1F, 0x06, 0x19, 0x1A, 0x68, 0xB9, 0x58, 0xAF, 0x1F, 0x38, 0xF0,
    0xE9, 0xBF, 0xAB, 0xB6, 0x93, 0xE6, 0x52, 0x4E, 0x57, 0xE9, 0x41, 0xED, 0x7D, 0xC0, 0xBC, 0xA2,
    0x4D, 0x77, 0x54, 0x35, 0x14, 0x95, 0x69, 0x30, 0xB0, 0xC5, 0xED, 0xEA, 0x75, 0xC9, 0x33, 0xDB,
    0x36, 0xFF, 0xC2, 0x83, 0x49, 0x50, 0x41, 0x0D, 0x24, 0x34, 0x0D, 0xE7, 0x66, 0x5A, 0x25, 0x8A,
    0x5B, 0x05, 0xF0, 0x6F, 0xF9, 0x70, 0xD0, 0xE8, 0x35, 0xC8, 0x8D, 0x5C, 0xD9, 0xC2, 0xD9, 0x5D,
    0x1C, 0x9E, 0x80, 0x53, 0xB1, 0xFC, 0xFF, 0xF1, 0x31, 0x80, 0xC5, 0xCE, 0x1F, 0xCB, 0x04, 0x59,
    0xE9, 0x96, 0xF0, 0x43, 0xC5, 0xDC, 0x40, 0x81, 0x2E, 0x93, 0x71, 0x9C, 0x9C, 0x24, 0x9F, 0x57,
    0xB7, 0x13, 0x72, 0x3A, 0x11, 0x7F, 0x3A, 0xB0, 0x5B, 0x2D, 0x27, 0x0A, 0x9D, 0x20, 0x71, 0x29,
    0x86, 0x12, 0xF0, 0xCC, 0x1F, 0x79, 0xD6, 0x8D, 0x9A, 0xA9, 0x1D, 0xE8, 0xF2, 0x0B, 0x78, 0xB4,
    0x90, 0xBB, 0x73, 0xEF, 0x06, 0xC2, 0xFF, 0xF6, 0x93, 0xD2, 0x31, 0x8A, 0xB7, 0x04, 0x07, 0xF3,
    0xFE, 0x3B, 0x95, 0x82, 0xE5, 0x24, 0x0A, 0xA6, 0x8E, 0x30, 0x41, 0x06, 0x91, 0xE1, 0xE7, 0x9D,
    0xF8, 0xC1, 0x78, 0xF3, 0xB7, 0xB6, 0xE1, 0x3F, 0x60, 0xC3, 0xA3, 0xA4, 0x17, 0xEB, 0x3B, 0x88,
    0x4D, 0x9A, 0x0F, 0xF4, 0x38, 0x91, 0x2B, 0xD0, 0x26, 0x54, 0xF1, 0x77, 0xFE, 0xF9, 0xDB, 0x34,
    0x13, 0x1E, 0xD0, 0x02, 0x7E, 0xFD, 0x38, 0x7E, 0xC7, 0x20, 0x19, 0x55, 0x95, 0xEE, 0x85, 0xEE,
    0x53, 0x4B, 0x04, 0x15, 0x35, 0x05, 0x42, 0x39, 0xA2, 0x5D, 0x24, 0x74, 0xF0, 0x2D, 0x68, 0xF8,
    0x5E, 0x8B, 0x44, 0xD2, 0x45, 0xEF, 0xCA, 0xA0, 0x59, 0xD7, 0x53, 0x50, 0x54, 0x1B, 0xBA, 0xA7,
    0x86, 0x36, 0x01, 0x2C, 0xAE, 0xC7, 0x1E, 0x0A, 0x6C, 0x34, 0x6D, 0xC6, 0x66, 0x92, 0x0F, 0x77,
    0x21, 0x4F, 0x9B, 0x8D, 0xF9, 0xF9, 0x14, 0xA3, 0x58, 0xAA, 0xA7, 0x4D, 0x5E, 0x66, 0x54, 0xDF,
    0x35, 0x6D, 0xC2, 0xC6, 0x13, 0x81, 0xB9, 0x0E, 0x3E, 0x07, 0x64, 0x6A, 0x53, 0xF3, 0xBD, 0x66,
    0x06, 0x89, 0xD8, 0xAD, 0x11, 0xA7, 0xC8, 0x5D, 0xF4, 0xD1, 0x44, 0x81, 0xAB, 0x25, 0x37, 0x36,
    0x37, 0x6D, 0x5F, 0xFC, 0xB5, 0x1D, 0xB0, 0x91, 0xDC, 0x9D, 0x59, 0x47, 0x32, 0xA2, 0x90, 0xF4,
    0x37, 0x50, 0x1E, 0x20, 0x7C, 0xE3, 0xA7, 0x3E, 0x19, 0xFF, 0x0D, 0xE7, 0x40, 0x2B, 0xB4, 0xA9,
    0x05, 0x6E, 0x15, 0x08, 0x3E, 0xE1, 0x3F, 0x01, 0x34, 0xC7, 0x24, 0x8E, 0xA2, 0x6E, 0x8F, 0xA1,
    0x58, 0xFF, 0x06, 0xEB, 0x1F, 0xB0, 0x10, 0x6C, 0xC4, 0x51, 0x37, 0x53, 0x9D, 0x33, 0xA6, 0xD3,
    0xF8, 0x00, 0x8F, 0x58, 0x3C, 0xEA, 0xF4, 0x65, 0x5E, 0xCC, 0x99, 0xEC, 0x63, 0x9C, 0xE0, 0x26,
    0xE3, 0x71, 0xA6, 0xDA, 0x8C, 0xFF, 0x36, 0xB3, 0x57, 0x28, 0x58, 0xA4, 0x97, 0xD9, 0x35, 0x74,
    0x77, 0xE3, 0x1A, 0x78, 0xDB, 0x7C, 0x87, 0xC5, 0xFA, 0x26, 0x8F, 0x0F, 0x89, 0x9A, 0x21, 0x78,
    0x84, 0x88, 0x50, 0xBE, 0x9D, 0xC4, 0xBD, 0x3D, 0x9A, 0x19, 0xC2, 0xAD, 0x49, 0x8A, 0x9B, 0x21,
    0x59, 0xF4, 0x80, 0x9A, 0x29, 0xC3, 0x15, 0x2C, 0xF1, 0x27, 0xF3, 0x69, 0x64, 0x46, 0x21, 0x59,
    0x29, 0xFF, 0x93, 0xFA, 0x4A, 0x0B, 0x93, 0x80, 0x2A, 0xFA, 0x54, 0x67, 0x9F, 0x32, 0x74, 0xE0,
    0x18, 0xD9, 0x8F, 0xED, 0x2D, 0xE5, 0x4F, 0x3B, 0x95, 0x3F, 0xD8, 0x60, 0xDF, 0x16, 0x15, 0xF4,
    0x53, 0x3A, 0x71, 0x81, 0x0B, 0x0B, 0xC7, 0x4F, 0xDD, 0xC6, 0x88, 0x43, 0x35, 0xA4, 0x0B, 0x1F,
    0x67, 0x8B, 0xCC, 0xFA, 0xD0, 0xF3, 0xC3, 0x3E, 0x2E, 0xB2, 0xA5, 0xD2, 0xE6, 0x6D, 0x96, 0x2E,
    0x67, 0x01, 0x84, 0xB7, 0xE0, 0x25, 0x2E, 0x82, 0x7E, 0x32, 0x3E, 0xAE, 0x21, 0xF9, 0x93, 0x3A,
    0xDA, 0x58, 0x36, 0xEC, 0xE9, 0x0C, 0x68, 0xB7, 0xEC, 0x99, 0x1B, 0xC9, 0x1E, 0xBC, 0xFB, 0x55,
    0x9F, 0xAE, 0xBD, 0x05, 0x88, 0xE2, 0xFD, 0x21, 0xE4, 0xD1, 0x47, 0x89, 0xCE, 0x7A, 0x30, 0xB1,
    0x5B, 0xF6, 0x60, 0xCE, 0xCA, 0x47, 0xD3, 0xD8, 0xCC, 0xE0, 0xE5, 0xDC, 0xBC, 0xA2, 0xF7, 0xD1,
    0x98, 0x13, 0xE6, 0x91, 0xBE, 0x63, 0x0A, 0xBD, 0xD3, 0x0E, 0x75, 0x04, 0x7F, 0xEC, 0x4C, 0x8E,
    0xDD, 0x52, 0xB4, 0x18, 0xE3, 0x72, 0x4E, 0x90, 0xB9, 0x45, 0x8B, 0x8B, 0x2A, 0x9C, 0xFA, 0x96,
    0x05, 0x4C, 0x20, 0xF8, 0xA1, 0x8D, 0xD5, 0x32, 0xFD, 0xAD, 0x5B, 0x5C, 0xFC, 0xF4, 0xA5, 0xF5,
    0x60, 0x74, 0xD3, 0x27, 0xBC, 0xDD, 0xD1, 0x17, 0xC4, 0x49, 0x86, 0x88, 0xDB, 0xDA, 0x35, 0x18,
    0xE0, 0x70, 0xA9, 0x0F, 0xC7, 0x7D, 0x6D, 0xC0, 0xB2, 0x67, 0x6C, 0xBB, 0xB0, 0x81, 0x8A, 0x59,
    0xEF, 0xF3, 0xB4, 0x86, 0xD9, 0x51, 0x04, 0x96, 0x14, 0xE0, 0x47, 0x11, 0xD8, 0xF8, 0xBB, 0x93,
    0xDA, 0xB9, 0x04, 0x42, 0xDD, 0x1D, 0xC7, 0x89, 0xEB, 0x09, 0x77, 0x3E, 0xAE, 0x64, 0x77, 0xC1,
    0x2F, 0x58, 0xFC, 0x35, 0xC6, 0xD2, 0xCA, 0x90, 0x9A, 0x8B, 0x12, 0x29, 0x6A, 0x9B, 0x51, 0x68,
    0x46, 0x5D, 0x4B, 0x8E, 0xBA, 0xD9, 0x94, 0x1E, 0x6D, 0x06, 0xF6, 0xD0, 0x4C, 0xE8, 0x03, 0x23,
    0xB5, 0x51, 0xF2, 0x04, 0x49, 0x42, 0xD6, 0x91, 0x08, 0x78, 0x32, 0x2F, 0xA9, 0x86, 0x7A, 0x69,
    0x85, 0x59, 0xF2, 0xFA, 0x15, 0x55, 0x16, 0x3C, 0x9A, 0x89, 0xCB, 0xDF, 0x63, 0x31, 0x62, 0x3F,
    0x89, 0xEF, 0xEB, 0x0E, 0xFB, 0x3A, 0x70, 0xB8, 0x47, 0x26, 0x2C, 0x96, 0x1D, 0x59, 0xF5, 0x7B,
    0xD4, 0xA0, 0x4C, 0x56, 0x55, 0xA6, 0x6C, 0xD5, 0xAF, 0x6C, 0x05, 0x6D, 0xA5, 0x5F, 0x72, 0xBA,
    0xDE, 0x7B, 0xFF, 0xC3, 0x4B, 0xC4, 0xC3, 0x8B, 0xC4, 0xF0, 0xF2, 0x9A, 0xDC, 0x2A, 0x23, 0xB5,
    0x29, 0x16, 0x7F, 0x04, 0x13, 0x63, 0x20, 0xD6, 0x20, 0x76, 0x12, 0x9B, 0xC2, 0xCF, 0x73, 0x5E,
    0x13, 0xCE, 0xC7, 0x62, 0xC0, 0x8C, 0x83, 0xB2, 0x31, 0x92, 0xC7, 0xA0, 0x11, 0x78, 0x72, 0x95,
    0x6E, 0xA6, 0xFA, 0xDA, 0x0C, 0x67, 0xBF, 0x14, 0x33, 0x1B, 0xDF, 0x73, 0x18, 0x82, 0x8A, 0xC5,
    0xA7, 0xE9, 0x63, 0x8A, 0xE3, 0x22, 0x3B, 0x49, 0x75, 0xF3, 0x03, 0x60, 0x1F, 0x98, 0x43, 0x85,
    0x84, 0x30, 0x3C, 0x44, 0x20, 0xD7, 0x61, 0xCD, 0x06, 0x1E, 0x7C, 0x97, 0x05, 0x23, 0xDF, 0x1E,
    0xEA, 0x22, 0x96, 0x53, 0x40, 0x83, 0xE3, 0x77, 0x06, 0xAC, 0x1D, 0x8C, 0x9D, 0xA8, 0x64, 0x6D,
    0x1C, 0xEC, 0xEA, 0x5B, 0x5D, 0xD5, 0xB7, 0x3C, 0xF4, 0xAD, 0x3D, 0x45, 0xB7, 0x5C, 0x76, 0x36,
    0x3D, 0xEB, 0x05, 0xD5, 0x28, 0xCA, 0xAA, 0xCE, 0x01, 0x78, 0xE9, 0xF8, 0x68, 0x60, 0x87, 0x19,
    0xF2, 0x38, 0x82, 0x01, 0x43, 0x3F, 0xFC, 0x2A, 0x22, 0xF0, 0xEA, 0x37, 0xB0, 0xFD, 0x1A, 0x7E,
    0xB1, 0xA4, 0x22, 0xE3, 0x7D, 0x54, 0x83, 0xF9, 0x5F, 0x80, 0x85, 0xF9, 0xAF, 0x25, 0x52, 0x54,
    0x4F, 0x8C, 0x1E, 0x58, 0x82, 0x60, 0x00, 0x98, 0x29, 0xFA, 0xA5, 0x8B, 0x8A, 0xFF, 0x2E, 0x60,
    0x1E, 0x91, 0xF8, 0x4B, 0xF4, 0xFF, 0x67, 0x91, 0x28, 0x24, 0xD8, 0xF9, 0x7B, 0x24, 0x09, 0xCC,
    0x5A, 0xB4, 0x2E, 0xE9, 0x51, 0x05, 0x2C, 0xB2, 0xD3, 0x67, 0x91, 0xC1, 0xE7, 0x5E, 0xEE, 0xF3,
    0xC6, 0x1D, 0x3E, 0x43, 0xFE, 0x6A, 0x9F, 0x41, 0xF7, 0xEF, 0x39, 0x41, 0x67, 0x20, 0x22, 0xE8,
    0xCB, 0x7D, 0x01, 0xF3, 0x2D, 0x3A, 0x66, 0xFF, 0xDD, 0xE4, 0xC4, 0xB9, 0x0B, 0x85, 0x03, 0xB4,
    0xF7, 0x29, 0x2A, 0x4A, 0x16, 0x35, 0x5E, 0x4C, 0xB5, 0x2E, 0xB5, 0x66, 0x2F, 0x74, 0xAB, 0x12,
    0x5D, 0xA4, 0x99, 0xA1, 0x41, 0x81, 0x6F, 0x36, 0x68, 0xBA, 0x82, 0x7A, 0x38, 0xE4, 0x31, 0x5C,
    0x3C, 0x35, 0x10, 0x30, 0xC5, 0xCD, 0x71, 0xEB, 0x7F, 0x8D, 0xB7, 0x44, 0x55, 0x38, 0x97, 0x3C,
    0xF7, 0x19, 0x23, 0x9E, 0xE2, 0x90, 0x22, 0x34, 0x62, 0x00, 0x46, 0x6A, 0x6E, 0x42, 0x23, 0xB8,
    0x03, 0xC7, 0x7F, 0x22, 0x7C, 0x8E, 0xA6, 0x9F, 0x89, 0x68, 0xE2, 0x1F, 0x11, 0xA6, 0x0F, 0x39,
    0x36, 0x1C, 0x1A, 0x3C, 0x0A, 0x50, 0x5B, 0x2B, 0x6F, 0xC3, 0xF7, 0xA1, 0x9A, 0xF7, 0x0C, 0x45,
    0xF8, 0xCB, 0xE8, 0x1C, 0x70, 0x57, 0x09, 0xB8, 0x12, 0xF3, 0x49, 0x91, 0x2B, 0xB1, 0xCC, 0x14,
    0xCA, 0xF5, 0x35, 0xBF, 0x84, 0xE7, 0xB2, 0x01, 0xA7, 0xAF, 0xC5, 0xF9, 0xEB, 0x6A, 0xAE, 0xD7,
    0x84, 0x2F, 0x51, 0x43, 0x20, 0x7C, 0x2E, 0x10, 0x9A, 0xA2, 0xBC, 0xB9, 0x6B, 0xEA, 0x67, 0x7E,
    0xA6, 0x43, 0xF4, 0xC9, 0x39, 0x13, 0xC4, 0x8E, 0x5C, 0x6D, 0xCF, 0x99, 0xEF, 0xFB, 0x15, 0x68,
    0x2C, 0x8F, 0xD6, 0x48, 0x89, 0x71, 0xB5, 0x0A, 0xEA, 0x00, 0x6E, 0x48, 0xC0, 0x31, 0x3A, 0xD2,
    0x02, 0x27, 0xDE, 0x41, 0x34, 0x79, 0x60, 0x60, 0x82, 0xAF, 0x28, 0xC6, 0xE3, 0x8B, 0xD8, 0x40,
    0x78, 0x88, 0x2E, 0xCF, 0x26, 0xB6, 0x15, 0xC6, 0x42, 0xB5, 0x27, 0xA4, 0xAD, 0xCC, 0x77, 0xD5,
    0x9D, 0xD8, 0xDA, 0x4D, 0x6E, 0x37, 0xD5, 0xC1, 0x41, 0x39, 0xF5, 0x22, 0xAC, 0xAA, 0xC1, 0xAA,
    0x19, 0x6D, 0x55, 0xBA, 0xC3, 0xAA, 0x6B, 0x54, 0x51, 0x28, 0x48, 0x99, 0xAA, 0xB8, 0xC1, 0xCC,
    0xCD, 0x5F, 0x54, 0xAE, 0xB5, 0x15, 0xE7, 0x6A, 0x5D, 0xA9, 0x79, 0x57, 0xB3, 0xAE, 0xDA, 0x8D,
    0xDF, 0x0C, 0x61, 0x85, 0x39, 0x5C, 0x04, 0x71, 0x59, 0xB1, 0x90, 0xD8, 0xE5, 0xF6, 0xFF, 0x98,
    0xCA, 0x6C, 0xE9, 0x60, 0xEF, 0x24, 0x9D, 0x44, 0x4B, 0x33, 0xB1, 0x4D, 0x12, 0x13, 0xEC, 0x14,
    0x3D, 0xC7, 0x9D, 0x8B, 0xB5, 0x7B, 0xF5, 0x14, 0x88, 0xF4, 0xE0, 0x15, 0x78, 0x67, 0xBD, 0x08,
    0x47, 0x45, 0x97, 0x37, 0xF9, 0xDC, 0x26, 0xD8, 0x65, 0xAE, 0xAF, 0xCA, 0x14, 0x22, 0x01, 0x32,
    0xA4, 0x88, 0x4D, 0x96, 0x8D, 0x58, 0x04, 0x9E, 0x11, 0x29, 0x5A, 0xB0, 0xB7, 0xE6, 0xA6, 0x09,
    0x4E, 0x47, 0x23, 0x25, 0x3D, 0x4D, 0x62, 0x00, 0xA0, 0x65, 0xE3, 0xB8, 0x19, 0x57, 0x07, 0x76,
    0xD0, 0xF3, 0xF0, 0x72, 0x65, 0xCA, 0x8C, 0xA6, 0xEA, 0x98, 0x17, 0x3C, 0xBD, 0x3C, 0xAC, 0x36,
    0xFE, 0x7F, 0x52, 0x35, 0xAF, 0x46, 0x4E, 0xB0, 0xE1, 0x8B, 0xF5, 0x6C, 0x9E, 0xFA, 0x7F, 0x37,
    0xA0, 0xEA, 0xD7, 0x14, 0x0F, 0xDA, 0x57, 0xCE, 0x91, 0xEB, 0x08, 0xDF, 0x2B, 0xD9, 0xE4, 0x15,
    0x79, 0x15, 0xC8, 0xDB, 0x5B, 0x06, 0x23, 0xCE, 0x90, 0xBB, 0xB6, 0xEA, 0x9B, 0xB7, 0x97, 0xB9,
    0x9C, 0x7C, 0x2D, 0x92, 0x94, 0xC7, 0x30, 0xD2, 0x64, 0x5C, 0xA9, 0x94, 0x79, 0x77, 0xAC, 0x06,
    0xB7, 0x7E, 0x7F, 0x9C, 0x9C, 0x75, 0x46, 0x59, 0xA4, 0x19, 0x72, 0xAF, 0x16, 0x79, 0xD6, 0x92,
    0xD6, 0x2D, 0x6A, 0xB0, 0x09, 0x6C, 0x05, 0x8A, 0xB2, 0x1E, 0x1E, 0xF4, 0xC7, 0xA2, 0xEA, 0x4B,
    0x4C, 0x1C, 0x74, 0x81, 0x7B, 0x18, 0x3A, 0xF9, 0x23, 0xAC, 0x00, 0x33, 0xD9, 0x58, 0xC4, 0x94,
    0x58, 0xB2, 0xFC, 0x43, 0x15, 0x6B, 0xFB, 0xA6, 0xF6, 0x8E, 0x56, 0xB9, 0xA3, 0x4D, 0xF2, 0x12,
    0x38, 0xA2, 0x39, 0xCC, 0x2D, 0x2C, 0xE7, 0xCF, 0xD7, 0x14, 0x7A, 0x91, 0x84, 0xD4, 0xF5, 0x0F,
    0x5E, 0xE9, 0x6D, 0x48, 0xEB, 0x85, 0xC3, 0x67, 0x02, 0x91, 0x74, 0x44, 0x20, 0xA2, 0x59, 0xDB,
    0x47, 0x04, 0x31, 0x19, 0x11, 0xE8, 0xDF, 0xA1, 0xB8, 0x38, 0x01, 0x95, 0x58, 0xEC, 0x96, 0x4D,
    0x59, 0x8D, 0x10, 0xC2, 0x92, 0x1A, 0xC9, 0xD4, 0xC6, 0xF6, 0x1B, 0x91, 0xCA, 0x73, 0x3F, 0xE9,
    0xC7, 0x55, 0xBF, 0xEA, 0x3B, 0xB8, 0x03, 0xA2, 0x02, 0xB9, 0x44, 0x15, 0xAD, 0xA0, 0xED, 0xBE,
    0x83, 0x74, 0x0D, 0x73, 0x2D, 0x77, 0x67, 0x17, 0x67, 0x6D, 0x07, 0x5E, 0x9E, 0x32, 0x92, 0x13,
    0xE0, 0x78, 0x1F, 0xE9, 0x06, 0x6E, 0x62, 0xEB, 0x92, 0xB4, 0x56, 0x02, 0xF3, 0x2D, 0x32, 0x6F,
    0xF0, 0x23, 0x66, 0xB4, 0xDD, 0xBB, 0xD1, 0x7A, 0x20, 0xAB, 0xD4, 0x5D, 0x01, 0xDF, 0x05, 0xA1,
    0x8B, 0x4A, 0xE7, 0x69, 0x04, 0x2F, 0x91, 0xF9, 0xD3, 0xED, 0xBB, 0x1C, 0x46, 0x75, 0xBA, 0x7D,
    0xDF, 0x5D, 0xEF, 0x7A, 0x23, 0xE2, 0xBB, 0x2E, 0xFB, 0xE6, 0x4F, 0x58, 0xEC, 0xE1, 0x91, 0xEA,
    0x90, 0xAC, 0xDD, 0x77, 0x51, 0x76, 0x15, 0x45, 0x3A, 0xC7, 0x62, 0xBE, 0xC4, 0xE7, 0x38, 0x4C,
    0xF0, 0xE2, 0x1C, 0x2E, 0xB2, 0x7E, 0xCE, 0xDD, 0x8A, 0x45, 0x07, 0xF3, 0x3F, 0x48, 0x8A, 0x2B,
    0x5B, 0x25, 0x84, 0xF1, 0xC0, 0xEA, 0x19, 0x92, 0x0C, 0xC7, 0x44, 0xE2, 0xDF, 0x51, 0x97, 0x4D,
    0xF6, 0x5F, 0x29, 0x7B, 0xEE, 0x53, 0x5A, 0xDC, 0x29, 0xBD, 0x83, 0xFC, 0x8E, 0xC1, 0x9E, 0xF1,
    0xB4, 0x81, 0xFA, 0xC7, 0x41, 0x0D, 0xC9, 0xA0, 0xD1, 0x08, 0xAF, 0xE2, 0xBF, 0xCF, 0x9E, 0x22,
    0xE3, 0xED, 0x2B, 0x74, 0xF8, 0xF4, 0x10, 0x2D, 0x62, 0x3D, 0x87, 0xBE, 0x93, 0xE7, 0x73, 0x02,
    0x7E, 0x6E, 0x76, 0x12, 0x67, 0x79, 0xC9, 0xF5, 0xF7, 0xA2, 0xB5, 0xD0, 0xA3, 0x5E, 0xAD, 0x44,
    0x7B, 0x3C, 0x2E, 0xB6, 0x36, 0x67, 0x5B, 0xB1, 0x48, 0x97, 0xB7, 0x84, 0x01, 0x92, 0xE0, 0x0B,
    0x44, 0xBE, 0xAB, 0x09, 0xC4, 0x64, 0xE6, 0x10, 0xAB, 0xF3, 0x29, 0x03, 0x4B, 0xB1, 0x5C, 0xE5,
    0xAE, 0x2C, 0xC7, 0x83, 0x2D, 0x7D, 0xE9, 0x79, 0xA2, 0xD1, 0x90, 0xF9, 0xE9, 0x72, 0xB6, 0xA4,
    0xE4, 0xEC, 0xFB, 0xE4, 0xF6, 0x78, 0xB0, 0x5A, 0xCD, 0xD9, 0x8E, 0x57, 0x51, 0x1D, 0xD8, 0x49,
    0x32, 0xE4, 0xAE, 0xA3, 0x72, 0x57, 0xC2, 0x2D, 0x45, 0xAC, 0x0A, 0xBE, 0xAF, 0xC0, 0xBC, 0x29,
    0x58, 0xE7, 0xAC, 0xC1, 0xAE, 0x61, 0xA2, 0xC1, 0x35, 0x12, 0x60, 0x91, 0xB6, 0x61, 0x84, 0xDD,
    0x56, 0x1E, 0xC1, 0xA7, 0x50, 0xFA, 0xDE, 0xBE, 0xA0, 0x6D, 0x05, 0xA1, 0x40, 0x4A, 0xCF, 0x26,
    0xD6, 0x30, 0xA6, 0x23, 0x00, 0xCC, 0x1B, 0x64, 0xFD, 0x84, 0x7B, 0xBE, 0xF9, 0x33, 0x55, 0x71,
    0x7B, 0x95, 0x57, 0x61, 0x5F, 0x5D, 0x3E, 0x37, 0xBA, 0xBC, 0xC2, 0xEB, 0x00, 0x2E, 0x9F, 0x6E,
    0x93, 0x73, 0x28, 0x44, 0x1B, 0xC4, 0xC5, 0x5D, 0x2C, 0xB4, 0x3E, 0x3A, 0x92, 0x5F, 0x2E, 0x62,
    0xA5, 0x51, 0x71, 0xD1, 0x41, 0xA9, 0x2F, 0xEA, 0xDA, 0x7F, 0x91, 0x88, 0xD7, 0x41, 0x84, 0x31,
    0xFD, 0x41, 0x44, 0xDF, 0x7C, 0x93, 0xAC, 0x1B, 0xA8, 0x65, 0x25, 0xD4, 0x97, 0x73, 0x23, 0x67,
    0x77, 0x14, 0xE4, 0x6F, 0x00, 0xBB, 0xAC, 0xEF, 0x1B, 0x89, 0x1D, 0x98, 0xE0, 0x31, 0x2D, 0xD4,
    0x6D, 0xD5, 0xBF, 0xED, 0xC8, 0xF5, 0x11, 0x11, 0x69, 0x1C, 0x27, 0x27, 0xD9, 0xD6, 0xAA, 0x0C,
    0xC0, 0xD3, 0x89, 0xF5, 0x47, 0x3D, 0xD1, 0x6A, 0xDB, 0x71, 0xCB, 0x91, 0x5D, 0xC7, 0x4F, 0x5C,
    0x8A, 0x2B, 0x46, 0xE4, 0x99, 0x3F, 0xF2, 0xAC, 0x1B, 0x35, 0xF4, 0x42, 0xA5, 0x61, 0xD6, 0x37,
    0xF7, 0xD8, 0x41, 0xA3, 0x5C, 0xA2, 0x92, 0xE7, 0x51, 0xA9, 0xDE, 0xA6, 0x8A, 0x8B, 0x66, 0x61,
    0xAC, 0xCF, 0x3F, 0xBF, 0x05, 0x7C, 0xB5, 0xB8, 0x10, 0x96, 0x10, 0xB5, 0xE6, 0x42, 0x44, 0xF6,
    0x6D, 0x05, 0x5B, 0xF7, 0x22, 0xB5, 0x8B, 0x8F, 0x27, 0xDE, 0xCB, 0x51, 0xF8, 0x57, 0xEF, 0xC8,
    0xEA, 0x2D, 0x0D, 0xFC, 0xFD, 0x98, 0xE2, 0xA8, 0x0F, 0xD8, 0xB1, 0x8A, 0x5C, 0xDF, 0xC4, 0x37,
    0xF5, 0x49, 0xA8, 0x4A, 0xAF, 0xA2, 0x2E, 0x98, 0xE2, 0x0B, 0x9C, 0xBB, 0x5F, 0xF0, 0x38, 0x5D,
    0x44, 0xFA, 0x9B, 0x28, 0x16, 0x66, 0x1C, 0xC5, 0x3E, 0x72, 0x4B, 0x0E, 0xE9, 0x0B, 0x97, 0xA8,
    0xC6, 0x17, 0x3E, 0x13, 0xF5, 0x5E, 0x79, 0x27, 0x02, 0x25, 0x09, 0x08, 0x4C, 0xB9, 0xC7, 0x8C,
    0xDB, 0x46, 0x06, 0xF9, 0xA2, 0x92, 0x34, 0xA9, 0x3E, 0x9F, 0x53, 0x43, 0xCF, 0x49, 0x15, 0xC9,
    0xB6, 0xFA, 0x84, 0xEA, 0x96, 0x84, 0x8F, 0x65, 0x3A, 0x88, 0xF2, 0x2A, 0x85, 0x20, 0xEF, 0xA4,
    0x23, 0x58, 0x5A, 0xBE, 0xA2, 0xA2, 0xD3, 0x6A, 0x18, 0x1B, 0xD2, 0xEE, 0x7F, 0x0F, 0x45, 0x11,
    0xC7, 0x4A, 0x11, 0xA7, 0xDC, 0x60, 0xFD, 0xA5, 0x6D, 0x45, 0xCC, 0xA3, 0x4B, 0x34, 0xCD, 0x4E,
    0x73, 0x41, 0x33, 0x0C, 0x58, 0x53, 0xDE, 0xB7, 0x18, 0x0E, 0x58, 0x0C, 0x07, 0x10, 0xC3, 0x17,
    0xB5, 0x36, 0x6B, 0x18, 0xD0, 0x66, 0xE8, 0xA0, 0xB3, 0xA8, 0x9E, 0x1E, 0x42, 0x11, 0xC2, 0xDC,
    0x14, 0x71, 0x65, 0xB9, 0xF2, 0xB1, 0x1A, 0x20, 0x30, 0xF4, 0x89, 0x51, 0xFF, 0x85, 0x0A, 0x94,
    0xD0, 0x66, 0x81, 0xEE, 0x90, 0x8E, 0xEE, 0xB8, 0x73, 0xA9, 0xEE, 0xB6, 0x41, 0x6F, 0xDF, 0xA5,
    0x5F, 0x5A, 0x67, 0x49, 0xFC, 0x21, 0xD9, 0x93, 0x64, 0xF7, 0x03, 0x67, 0x21, 0x2A, 0x18, 0x09,
    0xBA, 0x6B, 0x99, 0xC5, 0x96, 0xC2, 0x1E, 0x87, 0x35, 0xC0, 0x60, 0xC3, 0xF9, 0xB3, 0x33, 0x24,
    0xD2, 0x58, 0x67, 0x51, 0x10, 0xB7, 0x99, 0xE4, 0x59, 0x74, 0x48, 0x56, 0x1B, 0x01, 0x6F, 0x47,
    0xB0, 0x09, 0xCE, 0x71, 0x81, 0x2B, 0x64, 0x92, 0xC3, 0x53, 0xE6, 0x6D, 0x1A, 0x6A, 0x94, 0x80,
    0x71, 0x3A, 0x2C, 0xDD, 0x00, 0x01, 0xEA, 0x33, 0x36, 0xF8, 0x39, 0x35, 0x3F, 0x69, 0x59, 0xAF,
    0xD4, 0xC0, 0x7E, 0xFE, 0x1E, 0xC2, 0x4D, 0x60, 0x1A, 0x2B, 0xF0, 0x50, 0x0A, 0x76, 0xA8, 0xC1,
    0xDE, 0x69, 0xF8, 0x39, 0x83, 0x15, 0xA3, 0xCA, 0xE5, 0x77, 0xE4, 0xE1, 0xE0, 0x75, 0xD9, 0xA0,
    0xEF, 0xC2, 0x1F, 0x91, 0xB7, 0xCE, 0x03, 0x2A, 0xDE, 0x9F, 0xA5, 0xED, 0x2A, 0x9F, 0xA6, 0xED,
    0xC2, 0x5D, 0xDA, 0x0E, 0xDF, 0x76, 0x12, 0xD5, 0xBC, 0xD4, 0xC4, 0xC1, 0xF6, 0x19, 0x1C, 0x38,
    0xFB, 0x25, 0xD2, 0x4D, 0x13, 0xDA, 0x0E, 0xD2, 0x0E, 0x1C, 0x07, 0x09, 0x05, 0x86, 0x83, 0x80,
    0x82, 0x7E, 0x82, 0x7C, 0x2A, 0xE9, 0x3A, 0x34, 0xF4, 0x48, 0x09, 0xB8, 0x93, 0xF9, 0x21, 0x19,
    0x83, 0x87, 0xA7, 0x37, 0x6F, 0x8F, 0xF8, 0x97, 0xD9, 0x43, 0x95, 0x97, 0x36, 0x91, 0x3E, 0x45,
    0x6F, 0xEE, 0x54, 0x76, 0xD7, 0xE1, 0x3F, 0xEB, 0xCD, 0xA1, 0x96, 0x19, 0x8A, 0x2D, 0x55, 0xAF,
    0xC9, 0x99, 0x77, 0xEE, 0xFE, 0x99, 0xF7, 0xCB, 0x03, 0xCD, 0x65, 0xDD, 0x7C, 0x41, 0x90, 0xD0,
    0x79, 0x1A, 0x11, 0x62, 0x8B, 0x09, 0x91, 0xC9, 0x37, 0xB6, 0x86, 0x91, 0x22, 0x5F, 0x55, 0x9B,
    0x55, 0xC9, 0x3E, 0xE8, 0x99, 0xEC, 0x29, 0x80, 0x36, 0x00, 0x1B, 0x57, 0x03, 0xA8, 0xB4, 0xAA,
    0x74, 0x62, 0xE0, 0xA3, 0x12, 0xD3, 0xB3, 0xF2, 0x2B, 0x11, 0xBD, 0x12, 0xBD, 0x12, 0xD1, 0xCD,
    0xE8, 0x6A, 0x44, 0xEF, 0x5E, 0xBB, 0x24, 0x8D, 0xE8, 0xFA, 0x51, 0x69, 0xCA, 0x21, 0x00, 0x1D,
    0x6C, 0x42, 0x61, 0xF9, 0x3D, 0xA6, 0xCA, 0x19, 0x4B, 0xA2, 0x25, 0x8A, 0xA8, 0x1F, 0x31, 0x13,
    0xE7, 0x31, 0xD9, 0x01, 0x2B, 0x5F, 0x81, 0x03, 0xFD, 0xBB, 0x37, 0xB6, 0x89, 0xFD, 0x03, 0xD1,
    0xA5, 0x5F, 0xEC, 0x4D, 0xE8, 0xAD, 0xC9, 0xD8, 0xB8, 0x32, 0x1D, 0x99, 0xE7, 0x9E, 0x89, 0xAC,
    0x27, 0xAF, 0x4A, 0x4B, 0x5C, 0xFA, 0x97, 0x97, 0xC4, 0xD1, 0x0F, 0x7B, 0x86, 0x71, 0x3B, 0x6F,
    0x73, 0x87, 0x72, 0x25, 0xE3, 0x1B, 0x3B, 0x09, 0xA7, 0x45, 0x7A, 0xD6, 0xD4, 0x84, 0x63, 0xEC,
    0x20, 0x1C, 0xA1, 0x64, 0x41, 0x87, 0xAF, 0xA7, 0x3D, 0x1C, 0x8E, 0x49, 0x36, 0x86, 0xBB, 0x51,
    0x3F, 0xDA, 0x45, 0x37, 0xB6, 0xEA, 0x93, 0x4A, 0xEB, 0xB2, 0x71, 0xAF, 0x32, 0xF0, 0xDF, 0x66,
    0x2E, 0x5C, 0x61, 0xF9, 0x70, 0x4C, 0xB2, 0x90, 0xC0, 0x1B, 0x45, 0xE6, 0xF1, 0x26, 0xE8, 0x8F,
    0x7E, 0xF0, 0x75, 0x55, 0x83, 0xAA, 0x29, 0xA7, 0x50, 0x4F, 0x34, 0x80, 0xFA, 0xB0, 0x33, 0x75,
    0xCF, 0xF4, 0xA3, 0x5C, 0xFF, 0x10, 0x23, 0x8F, 0x28, 0x39, 0xDD, 0xF9, 0xB6, 0xB1, 0x81, 0x3A,
    0x4F, 0x21, 0x92, 0x21, 0x49, 0x3C, 0x23, 0xF6, 0xAC, 0xC8, 0x13, 0xD2, 0x2B, 0xBD, 0xD9, 0x78,
    0xF9, 0x86, 0x7B, 0x0A, 0x87, 0x85, 0x9C, 0xAE, 0x94, 0x23, 0xA5, 0x18, 0xE9, 0x21, 0x5B, 0x54,
    0xF3, 0x68, 0x69, 0x96, 0x66, 0xA6, 0xF3, 0x83, 0xEF, 0x6D, 0x0E, 0x3A, 0x06, 0xEB, 0xA5, 0xF5,
    0x05, 0x36, 0x23, 0xE1, 0x4A, 0x2E, 0x25, 0x63, 0x8C, 0x71, 0x15, 0xC7, 0x9B, 0x9C, 0x47, 0x28,
    0x72, 0x4E, 0xE4, 0x19, 0x6E, 0xC0, 0x8E, 0xB5, 0x1A, 0xB0, 0x0D, 0x9C, 0xDA, 0xD7, 0x30, 0x1B,
    0x21, 0x09, 0xB6, 0xBF, 0x5F, 0xF5, 0xCB, 0x1A, 0x39, 0xBE, 0x3B, 0x1F, 0x52, 0x27, 0xCA, 0xF8,
    0xC9, 0xEA, 0xE9, 0x81, 0xB1, 0x9E, 0x5D, 0x14, 0xB2, 0x5D, 0x84, 0x58, 0x2D, 0x97, 0x8C, 0x38,
    0xF4, 0xAC, 0x77, 0x50, 0xB1, 0xB7, 0xC8, 0x73, 0x80, 0xBF, 0x83, 0x72, 0x7F, 0xE3, 0xE6, 0x7A,
    0xE2, 0x06, 0xDC, 0xD1, 0x88, 0xA7, 0x55, 0xB4, 0xBF, 0x33, 0x72, 0x67, 0x77, 0xC0, 0xFC, 0x13,
    0x61, 0xFA, 0xC1, 0xD0, 0x8A, 0x82, 0x6E, 0x1B, 0x41, 0x3E, 0xFB, 0x68, 0x88, 0x61, 0xEC, 0x32,
    0xD6, 0x9F, 0x27, 0x73, 0xAB, 0x18, 0xE4, 0x18, 0x56, 0x81, 0xEC, 0xD5, 0xEF, 0x53, 0x87, 0x47,
    0x32, 0x30, 0x51, 0x34, 0xCD, 0xAC, 0x0F, 0x5B, 0x35, 0xE3, 0xB3, 0x9A, 0x97, 0xF6, 0x51, 0x59,
    0xC0, 0xC8, 0xE1, 0x50, 0xBD, 0xC7, 0xE4, 0xCB, 0x6A, 0xDE, 0xF4, 0xAB, 0x8B, 0x64, 0xBF, 0xA7,
    0x70, 0x22, 0x56, 0x07, 0x28, 0xD6, 0x7A, 0x9E, 0x0E, 0x67, 0xB4, 0xAA, 0x59, 0x46, 0x8D, 0xF9,
    0xC5, 0xBC, 0x1C, 0x3D, 0x35, 0x81, 0xB5, 0x71, 0x77, 0x63, 0x11, 0xA8, 0x43, 0x32, 0x8D, 0x65,
    0xB2, 0x17, 0x83, 0x47, 0xAD, 0xBC, 0xBC, 0xCC, 0xF7, 0x65, 0x09, 0x1C, 0xE0, 0x50, 0x6B, 0x8A,
    0x1A, 0x68, 0xAF, 0x30, 0xF0, 0x00, 0x30, 0x8D, 0xD4, 0x50, 0x58, 0xDB, 0x46, 0xE2, 0x03, 0x5C,
    0x68, 0x42, 0x1F, 0xAF, 0x44, 0xD6, 0xE9, 0x40, 0x9F, 0x74, 0xEF, 0xFB, 0xC9, 0x54, 0xCD, 0xD7,
    0x5E, 0x51, 0xC9, 0x3C, 0x16, 0xFC, 0xBF, 0xB5, 0xE0, 0xA4, 0xCB, 0x2A, 0x9C, 0x53, 0x16, 0xED,
    0xAC, 0xC3, 0xDF, 0xB1, 0xFB, 0x52, 0x77, 0xC6, 0x48, 0x52, 0x23, 0x4E, 0x72, 0xBF, 0xFB, 0x81,
    0x58, 0x4B, 0x20, 0x70, 0xC7, 0xB5, 0x0E, 0x01, 0x27, 0x2C, 0x04, 0x06, 0x0B, 0x9D, 0x58, 0x49,
    0xFF, 0x64, 0xC6, 0x88, 0x53, 0x21, 0x97, 0xFB, 0xBE, 0x3B, 0x80, 0x33, 0x92, 0x63, 0x76, 0x34,
    0xF7, 0xDD, 0xBC, 0x4D, 0xCE, 0xA2, 0xBF, 0x9F, 0x79, 0x83, 0x8C, 0x8B, 0xAC, 0x48, 0x39, 0xF6,
    0x3C, 0xDE, 0xD2, 0x70, 0x89, 0x15, 0x1C, 0x61, 0xA4, 0x33, 0x56, 0x17, 0x03, 0x53, 0x4E, 0x41,
    0x28, 0xB5, 0xF3, 0x99, 0x0D, 0x6F, 0x3B, 0xB0, 0x72, 0x2C, 0xCD, 0xA5, 0xA4, 0x9E, 0xF3, 0x0E,
    0xE0, 0x6F, 0x0F, 0x37, 0x56, 0xA1, 0xE2, 0xC4, 0x50, 0x61, 0x97, 0xAC, 0xD5, 0x3E, 0x1A, 0x83,
    0x47, 0x06, 0x03, 0x96, 0x63, 0xE4, 0x00, 0xEA, 0x53, 0x5C, 0xE5, 0x51, 0x3E, 0x98, 0x84, 0xA3,
    0x35, 0x81, 0x67, 0x58, 0x39, 0x36, 0x39, 0xBF, 0xB7, 0xD8, 0xBC, 0x6F, 0x9D, 0x67, 0x94, 0x27,
    0x3B, 0x43, 0xA6, 0xBA, 0xD8, 0x49, 0x1E, 0x41, 0x3C, 0x86, 0x4B, 0x1B, 0xB3, 0x0F, 0xEA, 0x02,
    0x76, 0x87, 0x02, 0x96, 0x24, 0x65, 0x1E, 0x25, 0xBA, 0xB8, 0xEF, 0x9A, 0x6C, 0x63, 0xB8, 0xC3,
    0xA9, 0x98, 0x9C, 0xD0, 0xC0, 0x92, 0x51, 0x17, 0x8B, 0xC0, 0xC0, 0xE8, 0x62, 0x9B, 0xF7, 0x35,
    0x36, 0x14, 0xD4, 0xD8, 0x70, 0x9D, 0xDC, 0x01, 0x8F, 0x0D, 0xAA, 0xFE, 0x42, 0xB6, 0x9F, 0x03,
    0x10, 0x5D, 0x78, 0xF8, 0xA6, 0x79, 0x40, 0xDF, 0x2C, 0x5E, 0x9A, 0x9E, 0xFE, 0xDD, 0xCC, 0x13,
    0x48, 0xB0, 0x73, 0x4E, 0x02, 0x9D, 0xFE, 0xE8, 0x00, 0x4E, 0xC9, 0xDC, 0x22, 0x9A, 0xB8, 0x99,
    0x80, 0x2D, 0x79, 0x00, 0x4C, 0xA1, 0x00, 0x7A, 0xA8, 0xBB, 0xD0, 0xD3, 0x0B, 0x4A, 0xCB, 0xC0,
    0xB2, 0xA2, 0x06, 0x52, 0xEC, 0x52, 0x15, 0x4C, 0xC2, 0xBA, 0xE1, 0xFC, 0x16, 0xA7, 0xB6, 0x46,
    0x9C, 0x1A, 0x98, 0x1B, 0x18, 0x17, 0xC0, 0xA9, 0x61, 0x85, 0xDF, 0xC4, 0x47, 0x31, 0xAB, 0x90,
    0xA0, 0x11, 0x9E, 0x34, 0xB7, 0xEE, 0x8A, 0x71, 0x57, 0xA0, 0xEE, 0x0A, 0xF9, 0xAE, 0xC6, 0xFC,
    0x7C, 0x8A, 0x59, 0x2E, 0xD5, 0x77, 0xF1, 0x32, 0xA3, 0xFA, 0xAE, 0xBB, 0x80, 0xAC, 0x13, 0x01,
    0x44, 0xBE, 0xED, 0xB7, 0x0A, 0x54, 0x9B, 0x9A, 0xEF, 0x35, 0xB3, 0xB4, 0x46, 0xDD, 0x1A, 0x9E,
    0x45, 0x93, 0x5D, 0xF4, 0xD5, 0xE1, 0x9F, 0xE1, 0xDC, 0xEF, 0x72, 0x21, 0x82, 0x8D, 0x58, 0x8F,
    0x42, 0x7D, 0xCF, 0xFB, 0x5B, 0x07, 0x68, 0xB0, 0x44, 0xDD, 0xD6, 0x56, 0xF9, 0x45, 0x20, 0x30,
    0x9B, 0xEA, 0xE3, 0x8C, 0x6B, 0x97, 0xAB, 0xE7, 0x5B, 0x8B, 0x28, 0x1B, 0x62, 0x7D, 0x85, 0xE0,
    0xCE, 0xCE, 0x50, 0x9A, 0x5A, 0xF1, 0xF2, 0x62, 0x5E, 0x7E, 0x62, 0x45, 0x5A, 0xC7, 0x76, 0x97,
    0x9F, 0xA2, 0x2C, 0x63, 0x41, 0x5A, 0x99, 0xEE, 0xE2, 0x3E, 0xCA, 0x6F, 0x59, 0x97, 0x5F, 0x15,
    0xF0, 0xF9, 0xD2, 0x0B, 0x23, 0x37, 0xAB, 0x03, 0x77, 0x60, 0x47, 0x22, 0x62, 0xE9, 0xC1, 0x54,
    0x6F, 0x46, 0x65, 0x54, 0x24, 0x2C, 0x67, 0x72, 0xB9, 0x29, 0x75, 0xDF, 0xEC, 0x6C, 0x4F, 0xA2,
    0x8F, 0xE1, 0xEB, 0x26, 0xBE, 0x6E, 0xA8, 0x97, 0x77, 0x9F, 0x65, 0x22, 0x4A, 0x63, 0x29, 0xF4,
    0x42, 0x1B, 0x02, 0x85, 0x85, 0x7C, 0x19, 0x3D, 0xB8, 0x08, 0xB1, 0x5B, 0x84, 0x6A, 0x28, 0xE0,
    0xE5, 0x02, 0xC8, 0xAF, 0x80, 0x32, 0x75, 0x02, 0xCD, 0xCC, 0x65, 0x2D, 0xB0, 0xB8, 0xE5, 0xB1,
    0xF0, 0xA6, 0xE2, 0x38, 0x0E, 0x06, 0xBD, 0x61, 0xFA, 0x7A, 0x28, 0xF6, 0x15, 0x3F, 0x8F, 0x3F,
    0x10, 0xC3, 0x72, 0xE5, 0xE1, 0xD9, 0x48, 0xFE, 0x63, 0xE8, 0x8F, 0x50, 0xA0, 0x97, 0x63, 0xAA,
    0xA3, 0x32, 0x27, 0xF6, 0x3C, 0xB8, 0x9D, 0xCA, 0xB0, 0x33, 0x68, 0xD7, 0x57, 0x7C, 0x72, 0x70,
    0x69, 0x19, 0x0F, 0x4C, 0x4C, 0x3C, 0x1C, 0x7B, 0x51, 0x68, 0xAA, 0x45, 0xE6, 0xA5, 0xD6, 0x87,
    0x28, 0x76, 0xFD, 0xA7, 0x69, 0x4B, 0x14, 0x57, 0xD4, 0xE2, 0x86, 0xD8, 0x83, 0x20, 0x4E, 0xA1,
    0x14, 0xF2, 0x09, 0x77, 0x4B, 0x10, 0xF3, 0x12, 0x2C, 0x91, 0x18, 0xA7, 0x35, 0x1A, 0xF4, 0xE8,
    0xC2, 0x4C, 0x9E, 0x9A, 0xC0, 0xDB, 0x17, 0x40, 0x0F, 0x87, 0x82, 0xC5, 0x70, 0x62, 0x0D, 0x63,
    0x3A, 0xA2, 0x87, 0xAA, 0x1F, 0x93, 0xB5, 0x89, 0x20, 0x69, 0xA9, 0xB1, 0x00, 0x5D, 0x02, 0x45,
    0xD5, 0xC6, 0x0A, 0x4D, 0x7F, 0x24, 0x35, 0xEE, 0xB8, 0x82, 0x99, 0x9C, 0x17, 0x4B, 0x86, 0xCE,
    0x66, 0xDE, 0x05, 0xDA, 0xB9, 0x96, 0xCF, 0x45, 0xB8, 0x02, 0x37, 0x7D, 0x01, 0x45, 0xAA, 0xA6,
    0x0D, 0x50, 0x94, 0xAB, 0x15, 0x6C, 0x81, 0x1A, 0x4B, 0xE4, 0xFE, 0x0C, 0x53, 0x95, 0xFA, 0xE0,
    0xB5, 0xE3, 0x78, 0xA3, 0x52, 0x62, 0x2B, 0xEB, 0x4D, 0xDE, 0x0F, 0x4C, 0xEE, 0xE0, 0x7B, 0x01,
    0x75, 0xB6, 0x4C, 0xE6, 0x40, 0xBD, 0x9C, 0xA8, 0xAB, 0x12, 0x7E, 0x8B, 0xED, 0x09, 0x95, 0x35,
    0xA9, 0xDA, 0xB3, 0x14, 0x16, 0x19, 0x1F, 0x2F, 0x63, 0xC7, 0xEC, 0x09, 0x16, 0x30, 0x23, 0x66,
    0x08, 0xE8, 0x32, 0x87, 0x8D, 0x85, 0xDE, 0xE1, 0x92, 0x07, 0x06, 0x3A, 0x59, 0x00, 0x4F, 0xC9,
    0x46, 0x7A, 0x1C, 0xB4, 0xA3, 0xC2, 0xF8, 0x36, 0x7C, 0x41, 0x1D, 0x07, 0xB1, 0xF0, 0x4B, 0x8C,
    0x86, 0x18, 0x39, 0xCB, 0xA6, 0x74, 0x16, 0x57, 0x64, 0xD1, 0x5A, 0x91, 0x93, 0xD6, 0xE5, 0xA0,
    0x68, 0x9D, 0xFD, 0x86, 0x7B, 0xC2, 0x4E, 0x05, 0xFA, 0x69, 0x1E, 0xAE, 0x68, 0x14, 0xAE, 0xB6,
    0x19, 0x6C, 0x85, 0x6B, 0x7C, 0x3D, 0x20, 0x17, 0xC5, 0x3C, 0x1A, 0x53, 0xF2, 0x70, 0xF1, 0xF8,
    0xA9, 0xC2, 0x55, 0xC8, 0xC7, 0x45, 0x8C, 0x40, 0xE6, 0x12, 0x69, 0x05, 0xB7, 0x23, 0x5C, 0xE2,
    0x24, 0xB7, 0x05, 0xB7, 0xC5, 0x1E, 0xCF, 0x8E, 0x41, 0xF0, 0x90, 0xBB, 0xA6, 0x66, 0xCC, 0xBD,
    0x64, 0x81, 0xB4, 0x10, 0xAE, 0xEC, 0x2A, 0x98, 0x6B, 0x8E, 0x31, 0x53, 0xE2, 0x0B, 0x1D, 0x9E,
    0xC0, 0xC4, 0x39, 0x96, 0xB1, 0x3F, 0xE7, 0xA8, 0xB1, 0xB6, 0x56, 0xDD, 0x95, 0xF9, 0x8A, 0x1C,
    0xD5, 0x9F, 0xB9, 0xEB, 0x32, 0x31, 0x9A, 0x11, 0xEE, 0xB0, 0x23, 0x8B, 0x07, 0x05, 0x6B, 0x6B,
    0xB6, 0xD4, 0x03, 0xA6, 0xC5, 0x07, 0x7C, 0x94, 0x1F, 0x30, 0x06, 0x12, 0x1C, 0x4F, 0x1B, 0x3E,
    0xB5, 0x71, 0x50, 0x03, 0x3F, 0x23, 0x74, 0x4A, 0x99, 0x55, 0xF1, 0xDF, 0x67, 0x03, 0x32, 0x20,
    0xCF, 0x0F, 0x9F, 0x8E, 0xA8, 0xAE, 0x26, 0x9D, 0x1C, 0x24, 0x13, 0xF0, 0x76, 0x03, 0xCF, 0xCE,
    0xD1, 0x5D, 0x6C, 0xE4, 0xA0, 0x9F, 0xE5, 0x2B, 0x7E, 0xB1, 0x65, 0x63, 0x9F, 0x95, 0xFC, 0x1D,
    0x36, 0x76, 0xB5, 0x8D, 0xD0, 0x00, 0x52, 0x44, 0xB0, 0x11, 0x6D, 0x7A, 0xDB, 0x14, 0x60, 0xAB,
    0x2E, 0x95, 0x09, 0x16, 0xC6, 0x54, 0x35, 0x2B, 0xC0, 0x14, 0x52, 0xA6, 0xAC, 0x81, 0x6E, 0x07,
    0xF4, 0x7F, 0xBD, 0xD7, 0x01, 0x84, 0x64, 0xF7, 0x1D, 0x07, 0xF0, 0xCF, 0x7B, 0x6F, 0x36, 0x2F,
    0xC9, 0xBB, 0x9B, 0xB7, 0xA9, 0x43, 0xC8, 0xED, 0xCE, 0x21, 0x38, 0xB2, 0xB7, 0x93, 0xD6, 0x85,
    0x25, 0x73, 0xD9, 0x7F, 0x1A, 0x1A, 0x08, 0x5D, 0x28, 0x50, 0x04, 0x10, 0x94, 0x9C, 0x5A, 0x2C,
    0x69, 0x6E, 0x5F, 0x1B, 0x68, 0x15, 0x0E, 0x00, 0x45, 0x11, 0xD0, 0x8A, 0x4C, 0x99, 0xB6, 0x47,
    0xEE, 0x7A, 0x7F, 0x22, 0x0A, 0x30, 0x6D, 0x0B, 0x14, 0x5E, 0xB4, 0xA0, 0x4D, 0x7A, 0x0F, 0x53,
    0xB6, 0xC9, 0x26, 0xD3, 0x37, 0x76, 0x6C, 0xEB, 0x5C, 0x6A, 0x6E, 0x76, 0x12, 0xFE, 0x3F, 0x2C,
    0xAC, 0xCF, 0xFF, 0xFB, 0x7F, 0xBF, 0xDF, 0xF8, 0x51, 0x40, 0x0F, 0x76, 0x03, 0x7E, 0x5B, 0xE1,
    0x4F, 0x91, 0xF4, 0xFD, 0x48, 0xFE, 0x52, 0xA4, 0x4C, 0xC7, 0x6C, 0xA4, 0x35, 0xBB, 0xD3, 0x9A,
    0x5F, 0x7F, 0xA7, 0xA1, 0xD6, 0x48, 0xA3, 0x89, 0x3C, 0x3A, 0xB2, 0xDB, 0x14, 0x53, 0x00, 0xC8,
    0x22, 0x8A, 0x88, 0x22, 0xE0, 0xF0, 0x7B, 0xC9, 0xA7, 0x47, 0x79, 0x35, 0x29, 0x0D, 0x37, 0x35,
    0x83, 0xA4, 0x1E, 0x64, 0xE3, 0x41, 0x1E, 0x07, 0x9B, 0x1F, 0xBC, 0xF0, 0xAB, 0x8F, 0x7A, 0x3F,
    0xAC, 0x01, 0x63, 0x59, 0x23, 0x1D, 0x23, 0x09, 0xE8, 0xD5, 0xD8, 0x69, 0xF0, 0xC4, 0x18, 0x05,
    0x9C, 0x07, 0xAC, 0x92, 0x9D, 0x04, 0x65, 0xE3, 0xE2, 0xBE, 0xCE, 0x50, 0x1A, 0x15, 0x24, 0x2C,
    0xA8, 0xAE, 0x4E, 0x2F, 0x1B, 0xC8, 0x7F, 0x8C, 0xED, 0x1A, 0xA3, 0x21, 0xC2, 0xBA, 0x95, 0xA7,
    0x9B, 0x44, 0xB2, 0x48, 0x81, 0x73, 0x94, 0x91, 0xED, 0x86, 0xC9, 0x55, 0xC2, 0xBA, 0x39, 0x5B,
    0xEB, 0xD6, 0xC2, 0xB5, 0x72, 0x2D, 0x5D, 0x6B, 0xD7, 0xE2, 0xB5, 0x7A, 0x2D, 0x5F, 0xEB, 0x37,
    0xBF, 0xC0, 0x25, 0x18, 0xC1, 0x96, 0xAF, 0xE2, 0x06, 0x35, 0x0D, 0x03, 0xCE, 0xB5, 0xF8, 0x99,
    0x7D, 0x74, 0x75, 0x2E, 0x5F, 0x20, 0xEE, 0xB2, 0x42, 0x3F, 0xE2, 0x6B, 0x15, 0xC9, 0x79, 0xF4,
    0xFE, 0x8C, 0x83, 0x21, 0xF6, 0x2E, 0xAD, 0x16, 0x9B, 0x04, 0x7A, 0x35, 0x97, 0x6B, 0x92, 0x31,
    0x05, 0xF9, 0x07, 0xF4, 0x1A, 0x6E, 0xED, 0x73, 0xF3, 0xD2, 0x12, 0x71, 0x6F, 0x5F, 0xC6, 0xF3,
    0x13, 0xAC, 0xEF, 0xE1, 0x71, 0xE8, 0x47, 0x8C, 0x6A, 0x04, 0x2B, 0xBD, 0xC1, 0x5A, 0xC7, 0xEE,
    0xC7, 0xBE, 0x7E, 0x04, 0xC5, 0x49, 0xD6, 0xFB, 0xAA, 0x05, 0xB3, 0x4E, 0xA0, 0x88, 0xD8, 0x6E,
    0x30, 0xDA, 0x41, 0x58, 0xF7, 0x95, 0x8C, 0x8B, 0x24, 0xC8, 0x6B, 0xDD, 0xC6, 0x60, 0xDF, 0xF0,
    0x69, 0xCB, 0x0C, 0x10, 0x37, 0x91, 0xD4, 0xC8, 0x22, 0xFE, 0xF0, 0x34, 0x3E, 0x69, 0xB0, 0x5B,
    0xAD, 0x7E, 0x80, 0x58, 0x67, 0x9F, 0x46, 0x16, 0xAD, 0x77, 0x8C, 0xAE, 0x3A, 0xAC, 0xAD, 0xC1,
    0x62, 0xF6, 0x14, 0x0A, 0xC8, 0xC2, 0x97, 0x8E, 0x4D, 0xC8, 0xC9, 0x2B, 0xE9, 0x72, 0xD8, 0x7C,
    0x8C, 0x6E, 0x8D, 0x4E, 0x44, 0x06, 0xC3, 0x57, 0x71, 0x38, 0xC6, 0xDA, 0x6A, 0xB1, 0x69, 0xA3,
    0x1C, 0xE9, 0x5C, 0x97, 0x46, 0x69, 0xC7, 0xF0, 0x61, 0xB1, 0x2F, 0x3C, 0x8D, 0xF7, 0x26, 0x78,
    0x31, 0x20, 0x9E, 0x26, 0x7B, 0xB8, 0xFA, 0x64, 0xF5, 0xCE, 0x79, 0xFE, 0xD8, 0xA5, 0x09, 0x0C,
    0x2F, 0x3B, 0x6C, 0xAC, 0x85, 0x85, 0xA5, 0x60, 0xF8, 0x24, 0x7E, 0xD7, 0xA0, 0x5F, 0x81, 0xAF,
    0xA6, 0xDF, 0x2E, 0x75, 0xEC, 0x6C, 0xD9, 0x9D, 0x7B, 0x97, 0xE8, 0xB7, 0x74, 0x3A, 0x1D, 0xBB,
    0xF1, 0x8B, 0xB1, 0x41, 0x12, 0x1D, 0x24, 0x95, 0x5B, 0x18, 0xA1, 0xC1, 0xF4, 0x58, 0xF2, 0xC9,
    0xDB, 0x66, 0xBE, 0x19, 0x34, 0x8B, 0x8F, 0xB4, 0xD5, 0x55, 0xFC, 0xFD, 0x1D, 0x87, 0xD3, 0x63,
    0x00, 0x06, 0xB8, 0x8D, 0x11, 0x0E, 0x43, 0xFA, 0x8F, 0x58, 0x7C, 0x33, 0x76, 0xB3, 0x78, 0xA5,
    0x74, 0xED, 0x96, 0xDD, 0xCA, 0x80, 0x41, 0x1A, 0xFA, 0xEF, 0x2A, 0xFE, 0x06, 0x48, 0x2B, 0x45,
    0x54, 0x04, 0x5C, 0xC0, 0x94, 0xE4, 0xF7, 0x81, 0x2E, 0xF6, 0xF1, 0x2A, 0x9C, 0xCD, 0xB6, 0x16,
    0xF4, 0xC7, 0x9E, 0x1B, 0x7B, 0x22, 0x2A, 0x82, 0x8B, 0x74, 0x58, 0xC8, 0x17, 0x82, 0xEC, 0x5F,
    0x51, 0xDE, 0xAF, 0x58, 0x3B, 0x3B, 0xE4, 0xCE, 0xF5, 0xE4, 0x5E, 0xE3, 0xC5, 0x00, 0x8B, 0xE5,
    0xF3, 0x18, 0x36, 0xB1, 0xC3, 0x60, 0x8F, 0x29, 0xD9, 0xFB, 0x95, 0xE4, 0x8C, 0x0E, 0x90, 0x05,
    0xCA, 0xC0, 0x15, 0x3C, 0x4B, 0x3F, 0xF0, 0x5E, 0x94, 0xD6, 0xB5, 0xE4, 0xBF, 0x40, 0xAD, 0x50,
    0x4B, 0xD4, 0x1A, 0xB5, 0xC8, 0x99, 0x72, 0xC6, 0x34, 0x60, 0x06, 0xD5, 0x4A, 0xE7, 0xD4, 0x14,
    0x59, 0x24, 0x19, 0xAF, 0xDA, 0x9A, 0x45, 0xE9, 0x98, 0x86, 0xAB, 0x2D, 0xB3, 0x55, 0xB6, 0xC8,
    0x24, 0x2C, 0x1A, 0xE1, 0x6D, 0x92, 0x8F, 0xF1, 0x0A, 0x17, 0xAE, 0x9F, 0xB0, 0xDE, 0xAA, 0x38,
    0x2B, 0x6B, 0x0D, 0xBB, 0x91, 0xEF, 0x47, 0xB2, 0xC0, 0x45, 0x9E, 0xEA, 0x70, 0x18, 0x25, 0x1F,
    0xD6, 0xD2, 0x10, 0x96, 0x88, 0x70, 0x12, 0x65, 0xF7, 0xA2, 0x64, 0x0D, 0xAF, 0x91, 0xFC, 0x93,
    0xE2, 0x65, 0x67, 0xB6, 0x5E, 0xE0, 0xEE, 0xC8, 0x1F, 0x6B, 0xE8, 0xF1, 0x46, 0x4C, 0x3F, 0xAC,
    0x5B, 0xE0, 0x62, 0xF9, 0x75, 0x70, 0x83, 0xE4, 0xD3, 0x20, 0xFF, 0x51, 0xB4, 0x26, 0xAC, 0x7C,
    0x4E, 0x24, 0x94, 0x95, 0xDD, 0xA8, 0xA9, 0x93, 0x78, 0xD3, 0x12, 0x93, 0x63, 0xD6, 0xE1, 0xB5,
    0xAB, 0xB5, 0x34, 0xEA, 0x72, 0x0E, 0xD2, 0x69, 0xF4, 0x26, 0x03, 0x0E, 0x38, 0x60, 0x44, 0x43,
    0x23, 0xA9, 0x67, 0xB2, 0xF6, 0x64, 0x71, 0x76, 0x8A, 0xB1, 0xC3, 0x09, 0x7B, 0xF9, 0x51, 0x77,
    0xD0, 0xB9, 0x9A, 0xD4, 0x59, 0x48, 0xF0, 0xBA, 0xD7, 0x95, 0xBA, 0x36, 0x6C, 0x19, 0x38, 0xF0,
    0x9B, 0x6A, 0xEA, 0xD6, 0x43, 0xFE, 0x4B, 0x50, 0xD2, 0x67, 0x03, 0x23, 0x13, 0x35, 0x3C, 0x15,
    0x9F, 0x8A, 0x59, 0xCC, 0xAA, 0x3C, 0x14, 0x4A, 0x9B, 0xAE, 0xFC, 0x7C, 0x37, 0x6E, 0x83, 0xCB,
    0x6E, 0xDB, 0x27, 0xFF, 0x9C, 0x1B, 0xEF, 0xC6, 0xB4, 0x49, 0x9B, 0x3C, 0x6A, 0x4A, 0x26, 0x9B,
    0xDC, 0xBA, 0xC6, 0x68, 0x70, 0x52, 0xCD, 0x40, 0xD2, 0x56, 0x36, 0x7E, 0x41, 0x5E, 0xF5, 0xF4,
    0xDB, 0x7C, 0x8F, 0x24, 0xD3, 0x9B, 0x00, 0xDC, 0xC2, 0x11, 0x1A, 0x1C, 0x56, 0xE9, 0xA7, 0x4D,
    0x51, 0x4D, 0x4A, 0xA3, 0x2B, 0x46, 0x83, 0xF6, 0x9C, 0xFC, 0x1A, 0xE4, 0xB1, 0x4D, 0x33, 0x3F,
    0x7A, 0xE0, 0x1C, 0x4E, 0xA6, 0xA4, 0x3F, 0xC5, 0x06, 0x86, 0xB8, 0x09, 0x67, 0xB2, 0xDD, 0xBF,
    0xA2, 0xE5, 0x24, 0x2C, 0xE6, 0x7B, 0x14, 0x5B, 0xD8, 0xE7, 0xA0, 0x32, 0x6B, 0x8C, 0xFC, 0x65,
    0xD6, 0x92, 0xB3, 0x80, 0xEE, 0x5F, 0xC6, 0x02, 0xE7, 0x28, 0xC7, 0x0F, 0x58, 0xC6, 0x2A, 0xAD,
    0x50, 0x4B, 0xD4, 0x1A, 0xB5, 0x48, 0x03, 0xB3, 0x6A, 0xB4, 0x4E, 0x2D, 0x54, 0x2B, 0x9D, 0x53,
    0x53, 0xE4, 0x81, 0x34, 0xAE, 0xDC, 0x5A, 0x33, 0x61, 0xC0, 0x79, 0xC5, 0xF8, 0x74, 0xED, 0x5A,
    0x30, 0xC2, 0x75, 0x92, 0x63, 0xD2, 0x9F, 0xE1, 0x2A, 0xAF, 0x8D, 0xE7, 0xF3, 0x25, 0xE0, 0x2C,
    0xB4, 0xFF, 0xBF, 0x64, 0x1D, 0xCC, 0x97, 0xAC, 0x87, 0x8D, 0x31, 0xFD, 0xB0, 0x92, 0xDD, 0xAD,
    0x24, 0x6B, 0x78, 0x9B, 0xF4, 0x98, 0xE2, 0xDB, 0x74, 0xCE, 0x68, 0x7D, 0xF0, 0x3A, 0xB5, 0x60,
    0x86, 0x17, 0x70, 0x87, 0xF4, 0x1E, 0xC5, 0x4B, 0x95, 0x8E, 0x95, 0xF7, 0xEA, 0xFD, 0x5B, 0xD3,
    0x32, 0xDD, 0x0B, 0xBA, 0x70, 0x03, 0xD9, 0x51, 0x42, 0xA2, 0xA8, 0x50, 0x86, 0xD6, 0xBB, 0x3D,
    0x03, 0x4F, 0xCC, 0xC4, 0x66, 0x64, 0x33, 0xB3, 0x19, 0xDA, 0x4C, 0x6D, 0xC6, 0x36, 0x73, 0x9B,
    0xC1, 0xCD, 0xE4, 0x66, 0x74, 0x33, 0xBB, 0x19, 0xDE, 0xA9, 0x9E, 0x31, 0xA7, 0xCD, 0xB3, 0x86,
    0x32, 0x50, 0x72, 0xF8, 0xCE, 0x42, 0x4F, 0x5D, 0xCC, 0xF9, 0x3C, 0x0E, 0x65, 0x85, 0xAC, 0x49,
    0xB0, 0xFE, 0x25, 0x81, 0xAF, 0x63, 0x82, 0x01, 0xBA, 0xCB, 0x82, 0xF7, 0x90, 0x1D, 0x23, 0xDF,
    0x80, 0x2D, 0x24, 0xE3, 0x84, 0x24, 0xAE, 0x5E, 0x6D, 0x2D, 0xD0, 0x1F, 0xF3, 0xDC, 0x98, 0x27,
    0xE6, 0x51, 0x5F, 0x44, 0xA7, 0xE4, 0x54, 0x3E, 0x59, 0x4C, 0x5E, 0xBC, 0x85, 0xCD, 0x29, 0x9E,
    0xFC, 0xC1, 0x23, 0x70, 0xE2, 0xB5, 0x4A, 0xEF, 0x9B, 0xCF, 0x72, 0xAF, 0xE1, 0xC5, 0x6F, 0x2D,
    0x99, 0xAE, 0x3C, 0x98, 0x87, 0xB8, 0x39, 0x43, 0x1D, 0xAD, 0x00, 0x05, 0xC0, 0x2D, 0x38, 0x82,
    0x06, 0x14, 0x0F, 0x9F, 0x22, 0x20, 0xAD, 0x28, 0xE6, 0x0F, 0x32, 0xAD, 0xFB, 0x93, 0x7E, 0x28,
    0xE2, 0x66, 0x8B, 0xBF, 0xA2, 0x30, 0x50, 0xCE, 0xAB, 0xEB, 0xC0, 0x86, 0x91, 0x2D, 0x33, 0x5F,
    0x63, 0xC7, 0xC4, 0xD0, 0xED, 0xB4, 0xB6, 0x3B, 0xAD, 0x14, 0xFF, 0x06, 0xD0, 0xDA, 0xE7, 0x15,
    0xE9, 0xC5, 0x0D, 0xCF, 0xC4, 0x81, 0x6C, 0x56, 0xD5, 0x8E, 0x3C, 0xEC, 0x2B, 0x34, 0xCA, 0xA4,
    0xD1, 0xCD, 0x6A, 0x9B, 0xE7, 0xFF, 0xAA, 0x77, 0xF4, 0xB9, 0x62, 0x3C, 0xC2, 0x7D, 0xDF, 0x76,
    0x0D, 0x7B, 0x27, 0xD8, 0xF3, 0x3B, 0x18, 0x92, 0x55, 0x64, 0x70, 0x46, 0x6B, 0xB2, 0x47, 0x31,
    0x61, 0x63, 0x9F, 0xCE, 0x90, 0x74, 0x4C, 0x8E, 0x04, 0x96, 0x71, 0x6F, 0x91, 0x1C, 0x53, 0xD4,
    0x1D, 0x1D, 0x9B, 0xB8, 0xD6, 0xFA, 0x8E, 0x5A, 0x5F, 0xB5, 0x98, 0x6F, 0xF4, 0x80, 0x2C, 0xF7,
    0xD1, 0x9C, 0xD8, 0x32, 0x7B, 0xF3, 0x3F, 0xEA, 0x5E, 0xEC, 0x85, 0x87, 0xB2, 0x5D, 0x44, 0x1F,
    0x45, 0xEC, 0x10, 0x56, 0x63, 0xBB, 0x8C, 0x6B, 0x28, 0x69, 0x11, 0x4B, 0xD9, 0x1E, 0xF0, 0xB6,
    0x1D, 0x99, 0xA5, 0x7C, 0x0B, 0xBC, 0x6D, 0x90, 0x9C, 0x1A, 0xAB, 0x85, 0x8D, 0xBD, 0x47, 0xD9,
    0xFD, 0x88, 0x67, 0x27, 0x8F, 0x71, 0x6A, 0x9B, 0x2C, 0x6D, 0xEB, 0x7F, 0x97, 0x37, 0x8E, 0x59,
    0xDF, 0xBB, 0x89, 0x86, 0x6C, 0xDC, 0x8B, 0xFD, 0xFF, 0xC9, 0xEC, 0x40, 0x1E, 0x46, 0x5F, 0xEC,
    0x61, 0x03, 0xDB, 0xAD, 0xE1, 0xB8, 0x35, 0xD4, 0x73, 0x43, 0x58, 0xCC, 0x10, 0xBF, 0xB0, 0x4F,
    0xD1, 0x90, 0x34, 0xBD, 0x58, 0xC4, 0x67, 0xE2, 0xB5, 0x33, 0xF4, 0x2B, 0xB6, 0xD0, 0x0F, 0xE4,
    0x11, 0xC0, 0xDD, 0xE6, 0x6E, 0xDD, 0x0F, 0xFD, 0x50, 0xDA, 0x52, 0x84, 0x7D, 0x79, 0x6C, 0x64,
    0xEF, 0x47, 0xE9, 0x5F, 0x02, 0x9F, 0xE3, 0x18, 0x23, 0x34, 0x73, 0x49, 0x4D, 0x3A, 0xA1, 0xFF,
    0x19, 0xE0, 0x1C, 0x7A, 0x28, 0x2A, 0xD2, 0x88, 0x00, 0xD2, 0xA6, 0xF4, 0xC8, 0xA4, 0xA8, 0x1C,
    0xE4, 0xC1, 0xA0, 0xAD, 0xAD, 0x82, 0x8D, 0x2E, 0x1B, 0x17, 0xE9, 0xEE, 0xD0, 0xBD, 0x4E, 0x77,
    0x4C, 0x59, 0xD1, 0x9B, 0xDB, 0x86, 0xFC, 0xB2, 0xE2, 0xCE, 0x2A, 0x5C, 0xC8, 0x23, 0x65, 0xA4,
    0x08, 0xCB, 0x7A, 0x1E, 0x6F, 0x3D, 0x3D, 0x77, 0x6C, 0x3A, 0xFD, 0x76, 0x4F, 0x7B, 0x22, 0x90,
    0xE1, 0xCC, 0xD6, 0x3D, 0xB2, 0x63, 0x8A, 0x2D, 0x3A, 0x3B, 0x68, 0xC8, 0x2A, 0x12, 0x2B, 0xC9,
    0xD1, 0x5A, 0x87, 0xDD, 0x57, 0xF8, 0xC6, 0x11, 0xEB, 0x7B, 0x67, 0xF7, 0x96, 0x3F, 0x61, 0xFB,
    0x33, 0xEC, 0x61, 0x35, 0xC6, 0xFF, 0x00, 0x8D, 0x93, 0x01, 0x64, 0x24, 0x57, 0x18, 0xC7, 0x7F,
    0x6F, 0x5E, 0x36, 0x23, 0x79, 0x76, 0xDE, 0xA2, 0x08, 0x66, 0x36, 0x5B, 0x82, 0x6D, 0xCC, 0x6E,
    0x22, 0x52, 0x16, 0xB3, 0x9B, 0xA7, 0x29, 0x70, 0xB8, 0x03, 0x14, 0xB0, 0x50, 0x00, 0x42, 0x83,
    0xC3, 0xD5, 0xBD, 0x36, 0xAA, 0x38, 0x08, 0x00, 0x20, 0xAA, 0x8A, 0xA0, 0x16, 0x51, 0x51, 0xB9,
    0xDE, 0xD3, 0x03, 0x05, 0x86, 0x52, 0xB4, 0x30, 0x75, 0x07, 0x1C, 0xBA, 0x58, 0x54, 0x6D, 0x4C,
    0xBF, 0x4C, 0x0E, 0xA7, 0xDC, 0x35, 0xDF, 0xFF, 0x7B, 0xEB, 0x7D, 0xBF, 0x6F, 0xFF, 0x9F, 0xE5,
    0x7D, 0xCB, 0x83, 0xFF, 0x04, 0x7C, 0x18, 0x2C, 0x96, 0x6D, 0xDF, 0xE2, 0xED, 0x22, 0x70, 0x44,
    0xFF, 0xF1, 0x72, 0xBA, 0x35, 0x3D, 0x9D, 0xBA, 0x29, 0x6F, 0x93, 0x76, 0x6B, 0xF4, 0x39, 0xB8,
    0xDE, 0x68, 0xAD, 0xB6, 0xD4, 0x3B, 0x06, 0x6E, 0x7F, 0x7B, 0xB0, 0x6C, 0xCE, 0xF9, 0xD9, 0xE3,
    0x7A, 0x71, 0x7E, 0x7E, 0x56, 0xDF, 0x7C, 0x4A, 0xB8, 0xFA, 0x26, 0xC2, 0x9B, 0xF7, 0xF9, 0xC5,
    0x5D, 0x55, 0x37, 0xA3, 0x6E, 0xA7, 0xE1, 0xB4, 0xB3, 0x64, 0x14, 0x8C, 0x45, 0x16, 0x2B, 0x55,
    0x42, 0xCE, 0x3E, 0x1D, 0x14, 0xD6, 0x1B, 0x6F, 0x5E, 0xD7, 0x2B, 0x4C, 0x28, 0x44, 0x19, 0x09,
    0x31, 0x38, 0xA7, 0x0F, 0xBD, 0x35, 0x64, 0x09, 0xC5, 0x80, 0xF1, 0x84, 0xF1, 0x80, 0x96, 0x38,
    0xEE, 0x7B, 0x7B, 0xDF, 0x59, 0xDB, 0xF0, 0x9C, 0xA3, 0x5D, 0x94, 0xC0, 0x27, 0xC1, 0x7C, 0x1D,
    0x8C, 0x71, 0x89, 0x25, 0xCF, 0xD8, 0x97, 0x61, 0x32, 0x6D, 0x87, 0x62, 0x8C, 0x78, 0xB3, 0x0C,
    0xE1, 0xB1, 0x86, 0x19, 0xCC, 0xA1, 0x82, 0x92, 0x67, 0xB5, 0x3B, 0xFF, 0x83, 0x28, 0xA0, 0x3D,
    0x92, 0xB1, 0xC3, 0x80, 0x6D, 0xB2, 0x05, 0xE4, 0x50, 0xC0, 0x08, 0xF6, 0xD9, 0xA9, 0xCB, 0x0F,
    0x7E, 0x08, 0xCC, 0x91, 0x54, 0x15, 0xAA, 0xE4, 0xBB, 0xDF, 0x5D, 0x5D, 0xBF, 0x61, 0x74, 0x4C,
    0xA8, 0x45, 0x9F, 0x73, 0xCA, 0x35, 0x75, 0x59, 0x2F, 0xEB, 0x45, 0xED, 0x16, 0xC0, 0xE8, 0xE9,
    0xA3, 0x91, 0x65, 0xB9, 0xC3, 0xC5, 0x80, 0x2E, 0xC7, 0xAA, 0x9C, 0xF0, 0xB7, 0xAE, 0x0A, 0xE6,
    0x3A, 0x48, 0xEB, 0xF6, 0x35, 0xA7, 0x77, 0x7D, 0xCD, 0xB5, 0xFF, 0x7B, 0xCD, 0x75, 0x76, 0xFC,
    0xA7, 0xA7, 0x5F, 0xF5, 0x5A, 0xBC, 0x5B, 0xD1, 0x27, 0xF0, 0x1B, 0xEC, 0xF9, 0x83, 0x65, 0xE8,
    0xED, 0xB9, 0xDE, 0x2F, 0xBC, 0xFF, 0x1E, 0x3D, 0xEE, 0x94, 0xE2, 0x5D, 0x3B, 0x62, 0x23, 0xB0,
    0x57, 0x87, 0x8D, 0xE0, 0x57, 0x77, 0xBD, 0xFA, 0xD8, 0xC3, 0x1D, 0x93, 0x15, 0x20, 0x5A, 0x50,
    0x00, 0xF6, 0x29, 0x17, 0x40, 0x9E, 0x50, 0x01, 0xFB, 0x89, 0x0E, 0xC0, 0x51, 0xDB, 0x00, 0xCC,
    0xD2, 0x0C, 0xA4, 0x2A, 0x46, 0x3B, 0x7E, 0xD3, 0x4F, 0xE6, 0xB3, 0x7F, 0xCA, 0x1F, 0xAB, 0xCD,
    0x2F, 0x7E, 0x0E, 0x7F, 0x96, 0x33, 0x64, 0x2F, 0x5E, 0x84, 0x19, 0x49, 0xEC, 0x5E, 0xF8, 0x39,
    0x79, 0xAC, 0x7E, 0x75, 0x15, 0xC7, 0xF1, 0xE1, 0xF3, 0x2F, 0x03, 0x95, 0xFE, 0xEB, 0xF0, 0x95,
    0xD3, 0x41, 0x2D, 0xB9, 0x06, 0x07, 0x80, 0x22, 0xF6, 0xC6, 0x59, 0x06, 0x8C, 0xE8, 0xA1, 0xA4,
    0x3C, 0xF1, 0xE6, 0x9E, 0xB7, 0x42, 0x04, 0x09, 0x13, 0xD8, 0xD0, 0x93, 0x60, 0xEE, 0x3D, 0xF1,
    0xB6, 0x69, 0x64, 0xD2, 0x29, 0xE8, 0x49, 0xAF, 0x43, 0x21, 0x1A, 0x62, 0xD1, 0x4E, 0xB9, 0xCE,
    0x0A, 0xC5, 0x80, 0xA2, 0xCB, 0xD0, 0x62, 0x63, 0xAF, 0x3F, 0x0A, 0xCA, 0xF9, 0xCE, 0x4A, 0x4B,
    0xA8, 0x15, 0x6C, 0xDD, 0x50, 0xA8, 0x8D, 0x4F, 0x82, 0x74, 0x2A, 0x69, 0x3D, 0x00, 0x98, 0x11,
    0x2D, 0x31, 0x32, 0x56, 0x07, 0x3A, 0xAA, 0x32, 0x7E, 0x48, 0xC1, 0x00, 0x43, 0xE4, 0x57, 0x48,
    0xD0, 0x3E, 0xAA, 0xA2, 0x86, 0x1E, 0x03, 0x70, 0x26, 0xBC, 0x9F, 0xAD, 0xB3, 0x9E, 0xF5, 0xE5,
    0x76, 0x06, 0xDF, 0x78, 0xF2, 0x61, 0xD2, 0x1C, 0x3E, 0x73, 0xA8, 0x50, 0xA2, 0xD9, 0xA5, 0x9D,
    0xA5, 0xEC, 0x67, 0x71, 0xF3, 0x7D, 0x00, 0x55, 0xE6, 0x3A, 0x3C, 0x8C, 0xFD, 0xC2, 0xB8, 0xB9,
    0xA5, 0x4A, 0x54, 0xD9, 0x8E, 0x42, 0x1A, 0x85, 0x5C, 0xFB, 0xBE, 0x76, 0x23, 0x4D, 0x27, 0x02,
    0xD8, 0x8A, 0xB9, 0xB2, 0xEE, 0xC2, 0x72, 0xFB, 0x0F, 0xDD, 0xF6, 0x07, 0x25, 0x00, 0x68, 0x07,
    0x16, 0xC8, 0x81, 0x63, 0xA0, 0x82, 0x28, 0x40, 0x0C, 0xB4, 0x81, 0x11, 0x30, 0x03, 0x55, 0x82,
    0xF6, 0x60, 0x80, 0x01, 0xF0, 0x10, 0x98, 0x02, 0xA6, 0x32, 0x55, 0xF7, 0x32, 0xB9, 0x22, 0xA5,
    0xDD, 0x9C, 0x82, 0x9C, 0x05, 0x97, 0xBA, 0x8C, 0x2A, 0xEB, 0x8C, 0x1F, 0xD0, 0x65, 0xE2, 0xBA,
    0x6E, 0x13, 0xEB, 0x00, 0x52, 0x32, 0xC6, 0x4C, 0x18, 0x91, 0x03, 0x4A, 0xDC, 0x3A, 0x74, 0x2F,
    0x75, 0x20, 0x8D, 0x3D, 0xA9, 0x81, 0xC2, 0xC2, 0x22, 0x41, 0x97, 0x6D, 0x71, 0xA4, 0x0C, 0x48,
    0xC5, 0x9F, 0xB3, 0xC9, 0x16, 0xB7, 0xFE, 0x3E, 0x63, 0x1E, 0x31, 0xE2, 0xF8, 0xF6, 0x37, 0x85,
    0x9F, 0x88, 0xFD, 0xAB, 0x60, 0x1C, 0xA5, 0x85, 0x32, 0x21, 0x0A, 0x6D, 0x8C, 0x4F, 0x19, 0x92,
    0x72, 0x49, 0xAE, 0x2A, 0xFA, 0xEA, 0xA5, 0xB8, 0x17, 0x00, 0x6C, 0x51, 0x72, 0xA5, 0x2B, 0x2E,
    0xA2, 0x00, 0x60, 0x5E, 0xAE, 0x0E, 0x9F, 0x7D, 0xBF, 0x1B, 0x2F, 0x00, 0xF5, 0x7A, 0x1F, 0x9E,
    0xDF, 0x2C, 0x44, 0xB3, 0x11, 0xCD, 0x4A, 0x74, 0x91, 0x9D, 0x28, 0xE8, 0x49, 0xF0, 0x2F, 0x7C,
    0xCE, 0x01, 0x46, 0x05, 0x41, 0x00, 0x80, 0xE1, 0x7F, 0x77, 0x79, 0x23, 0xA3, 0x79, 0x81, 0xC0,
    0xD6, 0x1E, 0xA0, 0x11, 0x58, 0x0C, 0xD6, 0x9B, 0x39, 0xC4, 0x03, 0x3A, 0x43, 0x2C, 0x36, 0x2A,
    0xAF, 0x9A, 0x23, 0x74, 0x83, 0x77, 0x81, 0x64, 0x21, 0x16, 0x0F, 0x7B, 0x81, 0x98, 0x23, 0xCC,
    0x09, 0x32, 0x78, 0xE8, 0xB1, 0xDB, 0x0B, 0x02, 0xD0, 0x05, 0x3E, 0x5F, 0x36, 0x23, 0xB6, 0x28,
    0xE1, 0xB4, 0x70, 0x8D, 0xC4, 0x2C, 0x31, 0x17, 0xAC, 0x06, 0x96, 0x01, 0x24, 0x58, 0xF8, 0xA2,
    0xF8, 0x44, 0x96, 0x68, 0xCD, 0xCB, 0x11, 0x0C, 0xD4, 0x88, 0x59, 0xAE, 0x15, 0x55, 0xA0, 0xA7,
    0x23, 0xDD, 0x84, 0x1F, 0x78, 0x2E, 0x0E, 0x0A, 0x9B, 0xEE, 0x86, 0xBE, 0xE9, 0xCD, 0x43, 0xAA,
    0xBC, 0x9D, 0x3E, 0x86, 0xD7, 0x98, 0x8F, 0x02, 0x85, 0xA6, 0xA3, 0x65, 0xB1, 0xAF, 0x36, 0xBA,
    0x2C, 0xEB, 0x93, 0xD0, 0x76, 0xB1, 0x3B, 0x24, 0xEB, 0xB3, 0x09, 0xB9, 0xE5, 0x54, 0xA0, 0x24,
    0xF2, 0x08, 0xB7, 0xB0, 0xE3, 0x2A, 0xB2, 0x72, 0xC0, 0xD3, 0x4E, 0xBD, 0x5D, 0x6A, 0x6D, 0x4C,
    0x5D, 0x3F, 0xB6, 0xF7, 0xFF, 0x45, 0xCF, 0x64, 0x5A, 0xC4, 0x2C, 0xE4, 0x63, 0x3E, 0x16, 0xBE,
    0x70, 0xC2, 0xDB, 0x98, 0xCD, 0x7F, 0x32, 0x0A, 0x1A, 0x88, 0x08, 0xC7, 0xF5, 0x1A, 0x3B, 0x93,
    0x4D, 0xE2, 0x1D, 0xC5, 0xA6, 0xF8, 0x46, 0xD3, 0x9C, 0xEF, 0xAD, 0xFF, 0x1D, 0xD5, 0x7D, 0xCA,
    0x4E, 0x8C, 0x4F, 0x77, 0x40, 0x7D, 0x0A, 0x00, 0x35, 0x8E, 0x21, 0x4C, 0xC4, 0x30, 0x00, 0x45,
    0x5F, 0xBB, 0xC0, 0x44, 0x13, 0xE6, 0x33, 0xE0, 0x7C, 0x20, 0x5C, 0x82, 0x3E, 0x8E, 0x02, 0x3E,
    0xC1, 0x7B, 0xAF, 0x10, 0xA7, 0x68, 0xBD, 0x3A, 0xAF, 0x4E, 0xCC, 0xCD, 0x20, 0x4E, 0xA0, 0x6E,
    0xF3, 0xAA, 0x5E, 0xD5, 0x41, 0x8A, 0xA0, 0xA2, 0x62, 0x10, 0x58, 0x49, 0x05, 0xE2, 0xE7, 0xB9,
    0xF7, 0x9F, 0xCC, 0xD9, 0xF2, 0xDC, 0x6B, 0x36, 0x55, 0x19, 0xEC, 0x81, 0x08, 0x7C, 0x77, 0x88,
    0x9C, 0x90, 0x1E, 0xA4, 0x83, 0xE5, 0x0C, 0xED, 0x3B, 0xD4, 0x23, 0x28, 0x07, 0x66, 0x02, 0x30,
    0x16, 0xF9, 0xE1, 0x50, 0x77, 0x8E, 0x46, 0x8C, 0x9C, 0x01, 0x2B, 0xA8, 0xF2, 0x0F, 0xF2, 0xD0,
    0x71, 0x3C, 0x77, 0x34, 0x39, 0x41, 0x04, 0x51, 0x3C, 0x23, 0x5C, 0x84, 0x9E, 0x75, 0xFF, 0x8B,
    0x18, 0x12, 0x40, 0x3D, 0x1F, 0x00, 0x78, 0x6A, 0x00, 0xD8, 0x2B, 0x0D, 0x10, 0xD5, 0x83, 0x2E,
    0x68, 0x6A, 0x7D, 0x84, 0xF0, 0x37, 0x26, 0x99, 0x51, 0x84, 0xB4, 0x78, 0xF4, 0x5A, 0x66, 0x7B,
    0x82, 0xA7, 0x2A, 0x67, 0xAF, 0x05, 0xA7, 0x5C, 0x51, 0x5B, 0x2E, 0x51, 0x5A, 0x69, 0x56, 0xD7,
    0x95, 0x5E, 0x6C, 0x59, 0xBF, 0x7D, 0x32, 0x44, 0x96, 0xF7, 0x13, 0x60, 0x3C, 0x75, 0x88, 0x9C,
    0xF3, 0xC2, 0x86, 0xDD, 0x7F, 0x4C, 0x93, 0x27, 0x54, 0xD8, 0x71, 0x9B, 0x23, 0x6D, 0xD8, 0x16,
    0x15, 0xD2, 0x81, 0x48, 0x68, 0x86, 0xDE, 0xD2, 0x7E, 0xF1, 0x07, 0x74, 0x90, 0x01, 0x66, 0x03,
    0x41, 0x18, 0x85, 0xBF, 0xDD, 0xC1, 0x60, 0x99, 0x6D, 0x51, 0x40, 0xB6, 0x28, 0x40, 0xD2, 0x14,
    0x68, 0x4A, 0xC8, 0x0F, 0x50, 0x9A, 0x06, 0x0C, 0x28, 0xE4, 0x04, 0xD5, 0xB2, 0xA5, 0x05, 0xDD,
    0x13, 0xF4, 0x2C, 0x8B, 0x16, 0x40, 0x37, 0x82, 0x22, 0x54, 0x2E, 0x50, 0xF6, 0x00, 0x09, 0x41,
    0x10, 0x34, 0xA6, 0xB3, 0x2B, 0xDA, 0x88, 0x94, 0x8F, 0x79, 0xC6, 0xF3, 0xF9, 0x3D, 0x40, 0x09,
    0x06, 0x3A, 0xE0, 0x9C, 0x7B, 0xB2, 0xB6, 0x01, 0x5A, 0x08, 0x20, 0x98, 0xA2, 0x97, 0xB4, 0xBE,
    0x48, 0x27, 0x30, 0x22, 0x28, 0xF6, 0x03, 0x40, 0xDD, 0x26, 0x87, 0xA6, 0x97, 0x58, 0x7B, 0x5B,
    0xFB, 0x4A, 0x10, 0x5F, 0xF8, 0x8F, 0xF4, 0xA3, 0x92, 0x47, 0x4B, 0xC2, 0x29, 0x00, 0x80, 0x96,
    0x92, 0x84, 0x94, 0x47, 0x1A, 0x78, 0x91, 0x7F, 0x13, 0x9F, 0x3A, 0xF5, 0x7F, 0x80, 0x6C, 0x4E,
    0x4A, 0xE6, 0xD5, 0x49, 0x07, 0x23, 0x28, 0xFE, 0x38, 0x1B, 0xD3, 0xFD, 0x24, 0x5E, 0xA1, 0x4A,
    0x90, 0xCA, 0xAF, 0x17, 0x24, 0x33, 0x1E, 0x26, 0x1C, 0xFE, 0x1E, 0x3F, 0xE2, 0x7E, 0xC2, 0xE9,
    0x9C, 0x68, 0x41, 0x58, 0xE0, 0x5C, 0x66, 0x2D, 0x84, 0x82, 0xCA, 0xB6, 0x51, 0xE3, 0x2C, 0x56,
    0x59, 0x57, 0xC9, 0xB3, 0x93, 0x26, 0x44, 0x54, 0x65, 0x60, 0x08, 0xF9, 0x0E, 0x0B, 0xF2, 0x2E,
    0x77, 0x31, 0xBE, 0xB9, 0x19, 0xB1, 0x04, 0x00, 0x83, 0x98, 0xB0, 0x30, 0x91, 0x98, 0x16, 0xA6,
    0xE7, 0xD6, 0x9B, 0x55, 0x0B, 0x00, 0x84, 0xDA, 0x18, 0x59, 0x4B, 0xDB, 0x39, 0x49, 0x81, 0x0B,
    0x9F, 0x63, 0x9F, 0x7D, 0x69, 0x6B, 0x54, 0xC8, 0x51, 0x33, 0xE2, 0x01, 0xBD, 0xEB, 0xE2, 0xE4,
    0x2A, 0x53, 0x7D, 0x76, 0x08, 0x2F, 0x01, 0xA9, 0xE7, 0x3F, 0xB2, 0xAF, 0xBC, 0xBB, 0x35, 0xA0,
    0x7D, 0xBE, 0xF1, 0xF9, 0x1B, 0xC8, 0xB7, 0x7D, 0xAA, 0xBF, 0x87, 0xF3, 0xFE, 0xF4, 0x78, 0x90,
    0xE9, 0x17, 0x82, 0x15, 0x0C, 0x81, 0x6A, 0x8F, 0x12, 0x63, 0x53, 0xFC, 0xE1, 0x94, 0x68, 0x79,
    0xF3, 0xBA, 0xB6, 0xD7, 0x99, 0x9F, 0x31, 0x94, 0x00, 0xE5, 0x20, 0xD1, 0x05, 0x00, 0xA5, 0x95,
    0x31, 0x6C, 0x63, 0x49, 0x1D, 0xC6, 0x7F, 0xEF, 0x3D, 0x94, 0x41, 0x3B, 0xC4, 0xB3, 0xC5, 0x22,
    0xA4, 0xDB, 0xF5, 0xBE, 0x2D, 0x57, 0xC8, 0xCE, 0x4B, 0x91, 0xC2, 0x12, 0xCF, 0xF1, 0x00, 0xF5,
    0x49, 0x5B, 0x90, 0xFA, 0xA8, 0x11, 0xEC, 0xB9, 0xB0, 0x90, 0x8B, 0xB0, 0x99, 0xBE, 0xA2, 0x6F,
    0xD8, 0x86, 0xC6, 0x14, 0xF7, 0x04, 0x3E, 0xC9, 0x12, 0xD9, 0xEC, 0x1C, 0x14, 0x94, 0xBC, 0xAB,
    0x69, 0x46, 0x77, 0x4B, 0x75, 0x48, 0x0C, 0x3A, 0x23, 0x72, 0x87, 0x73, 0xC3, 0x3F, 0x8E, 0x2F,
    0xC9, 0x0A, 0x6B, 0xB5, 0x88, 0xD1, 0xFB, 0xBF, 0x7C, 0xF3, 0xCD, 0xF7, 0x7D, 0xFF, 0x7F, 0x6C,
    0x69, 0xFC, 0x18, 0x9E, 0x0F, 0xC9, 0x42, 0x45, 0xDE, 0x1A, 0x0A, 0x6F, 0x9C, 0xB2, 0x2A, 0x25,
    0x8A, 0xBF, 0x3E, 0x25, 0x0F, 0x3D, 0x88, 0x35, 0x2C, 0x27, 0x70, 0xDC, 0xC0, 0x30, 0x40, 0xE5,
    0xA1, 0x74, 0x60, 0x00, 0x00, 0xC8, 0xBF, 0xE2, 0xCE, 0x7B, 0x9E, 0xA2, 0x95, 0x18, 0x88, 0xDC,
    0x8B, 0x79, 0x8A, 0xE6, 0x87, 0xB1, 0xCE, 0xE2, 0x24, 0x0B, 0x4D, 0xDE, 0xC6, 0xC2, 0x47, 0xE5,
    0xA2, 0xE1, 0xC5, 0x31, 0x55, 0x00, 0x18, 0xA5, 0x30, 0x4A, 0x11, 0x5E, 0x7B, 0xAA, 0x14, 0xDF,
    0x99, 0xBD, 0xC6, 0x88, 0x46, 0x94, 0x00, 0xDC, 0x7F, 0xD5, 0x25, 0xA5, 0xE3, 0x62, 0xA9, 0xA2,
    0x71, 0x45, 0x2C, 0x31, 0xF3, 0x3E, 0xBD, 0xBA, 0xA6, 0xA9, 0xEB, 0xDC, 0xD7, 0xB5, 0xA6, 0xAE,
    0x7B, 0x4C, 0xF7, 0x1A, 0xE6, 0xC6, 0x67, 0xD1, 0xB4, 0xBA, 0xDD, 0x4B, 0xC9, 0x4E, 0xAA, 0x73,
    0x00, 0xC8, 0x01, 0x63, 0xA1, 0xF2, 0xF0, 0x3D, 0xA9, 0x9F, 0x07, 0x88, 0x11, 0xC2, 0x92, 0xDC,
    0x2F, 0x28, 0x5C, 0x8D, 0xB2, 0x43, 0x0C, 0x7B, 0x3C, 0xC4, 0xD0, 0x13, 0xF1, 0xE1, 0xAF, 0x3F,
    0xF0, 0x27, 0x29, 0xF9, 0x9F, 0xCC, 0x66, 0xA4, 0x94, 0xDC, 0xA9, 0x70, 0xC7, 0x18, 0x86, 0x74,
    0x29, 0xA9, 0x31, 0x0C, 0xD0, 0xAE, 0x41, 0xF9, 0x48, 0xF1, 0x71, 0x4B, 0xFE, 0xA9, 0x87, 0xCF,
    0x1D, 0xBC, 0x04, 0x9E, 0x01, 0x35, 0x00, 0xF0, 0x7E, 0xF2, 0x85, 0xE4, 0x94, 0x0E, 0x86, 0xC0,
    0x14, 0x98, 0x03, 0x11, 0x48, 0xC2, 0x7F, 0x39, 0x9B, 0xB9, 0x08, 0x2C, 0x36, 0x96, 0xD2, 0x82,
    0x12, 0x9E, 0x97, 0x52, 0x00, 0xF4, 0x6E, 0x65, 0x8C, 0x19, 0x12, 0x99, 0x12, 0x58, 0x66, 0x2D,
    0x31, 0xF7, 0x57, 0x19, 0x1F, 0x48, 0x86, 0x86, 0x45, 0x07, 0xEA, 0x2E, 0x94, 0x3F, 0xBD, 0x95,
    0xD1, 0x00, 0xCF, 0x41, 0x70, 0x14, 0x2E, 0x96, 0x0E, 0xF6, 0x36, 0xBD, 0x46, 0x29, 0xB5, 0x87,
    0xD2, 0xBF, 0x7F, 0xD3, 0x37, 0x22, 0xBA, 0x51, 0xFA, 0xA5, 0x9C, 0xAD, 0x90, 0xC6, 0x80, 0xF6,
    0x50, 0xB4, 0x90, 0x05, 0x20, 0x8A, 0x27, 0x7E, 0x77, 0x36, 0x8B, 0x57, 0xFB, 0xBC, 0x05, 0xE5,
    0x11, 0xF7, 0x28, 0x5D, 0x88, 0xA7, 0x05, 0xA0, 0xB0, 0xB0, 0xC9, 0x20, 0x6B, 0x25, 0x23, 0x48,
    0x46, 0x23, 0x19, 0x13, 0xF1, 0x0C, 0x36, 0x19, 0x67, 0x92, 0xD1, 0x91, 0xBD, 0x91, 0x0C, 0x55,
    0x78, 0x8A, 0x5F, 0x6D, 0x32, 0x02, 0x20, 0xC5, 0x73, 0x92, 0xE0, 0x24, 0x1C, 0x54, 0x80, 0x76,
    0x50, 0x6C, 0xBE, 0x93, 0xDF, 0x78, 0x50, 0x0E, 0x4A, 0xE4, 0x7C, 0xAD, 0x93, 0x99, 0x66, 0x54,
    0xB2, 0x13, 0x0D, 0xF1, 0xFF, 0x7F, 0xA9, 0x36, 0x5B, 0x32, 0x5A, 0x99, 0x04, 0x00, 0xEF, 0x48,
    0xBA, 0x8C, 0x4D, 0x65, 0x35, 0xDA, 0x2B, 0x8A, 0x90, 0x21, 0x02, 0x38, 0x06, 0x2A, 0xC0, 0x58,
    0x28, 0x81, 0x1A, 0x10, 0x3E, 0x0F, 0xA0, 0x7C, 0x8E, 0xA1, 0xB0, 0x7D, 0xB4, 0x95, 0xB1, 0xD7,
    0x7E, 0x80, 0x94, 0xDC, 0xD1, 0x91, 0x85, 0x5D, 0xA8, 0x61, 0x02, 0x81, 0xDC, 0x53, 0x38, 0x0C,
    0x74, 0x61, 0x00, 0x0D, 0x04, 0x0A, 0x8F, 0xB2, 0x18, 0xE8, 0xAD, 0xB9, 0x31, 0x03, 0x41, 0x5D,
    0x3A, 0x68, 0xC9, 0x2C, 0x7C, 0xE6, 0x09, 0x34, 0x4C, 0xD6, 0xF4, 0x2E, 0x77, 0xF0, 0xE0, 0x19,
    0xFF, 0xD1, 0x3E, 0xFB, 0xBB, 0x55, 0x4B, 0xCC, 0x39, 0x8B, 0x3F, 0xBB, 0xBB, 0x1F, 0x81, 0x07,
    0x07, 0x54, 0x6D, 0xD3, 0x84, 0x83, 0x70, 0xD0, 0x34, 0x55, 0x0B, 0x8B, 0xD5, 0x1C, 0xA4, 0x25,
    0xCA, 0x82, 0xE1, 0xAA, 0xBA, 0x40, 0x0F, 0xA8, 0x81, 0x01, 0x89, 0x39, 0xC9, 0x46, 0x94, 0x0B,
    0x14, 0x1F, 0xB5, 0x14, 0x7F, 0xF0, 0x64, 0x9F, 0x3A, 0xF8, 0x97, 0x85, 0x7F, 0x03, 0x2F, 0x81,
    0xE1, 0x46, 0x7E, 0x0F, 0x00, 0xDD, 0x36, 0xC3, 0x0F, 0xDB, 0x71, 0x65, 0xC7, 0x86, 0x49, 0x65,
    0x0F, 0xFF, 0x11, 0xB4, 0x1B, 0xEB, 0xF6, 0x19, 0x87, 0x1F, 0x7E, 0xE6, 0xF6, 0xAB, 0xDC, 0x8F,
    0x3B, 0x99, 0x1F, 0x57, 0x3F, 0xF0, 0xC3, 0xDF, 0x7E, 0x66, 0x8D, 0x3F, 0xE3, 0x09, 0x10, 0xFF,
    0xC7, 0x4A, 0x29, 0x59, 0x29, 0x07, 0x00, 0x85, 0x07, 0x2D, 0x55, 0x02, 0xC3, 0xDB, 0x9F, 0x3D,
    0x98, 0x0D, 0xB5, 0x80, 0x3C, 0x6E, 0xA8, 0x94, 0xCE, 0xE5, 0x6B, 0x58, 0xC5, 0x2D, 0xAB, 0x89,
    0x6F, 0xB9, 0x9A, 0xC0, 0x37, 0x80, 0x0A, 0x18, 0x01, 0xBF, 0x77, 0xF0, 0xB9, 0x27, 0xFB, 0xA4,
    0x25, 0xF7, 0x81, 0xC2, 0x47, 0x94, 0x9D, 0x60, 0xA8, 0xE9, 0xD0, 0xA3, 0xCF, 0x43, 0x41, 0x86,
    0x29, 0xDA, 0x36, 0x72, 0xFA, 0x84, 0xCC, 0xCE, 0x51, 0x6E, 0x80, 0x5E, 0xF3, 0x5D, 0xBA, 0x6B,
    0xAD, 0x66, 0x20, 0xEC, 0x7C, 0xED, 0xCF, 0x3E, 0x0E, 0xF0, 0x89, 0x87, 0xDF, 0x49, 0x9D, 0x58,
    0x18, 0x01, 0x7B, 0x90, 0x9D, 0xD9, 0x32, 0xC5, 0x43, 0x4E, 0xE7, 0xF4, 0x23, 0x9D, 0x88, 0x79,
    0xC3, 0x03, 0xC8, 0xFB, 0xCD, 0xCF, 0x9C, 0xBD, 0x21, 0xC7, 0x65, 0x5A, 0xE6, 0xC9, 0x51, 0x9C,
    0x63, 0x4E, 0xE9, 0x7F, 0x93, 0x9A, 0xB7, 0x7F, 0x1E, 0x4D, 0x39, 0x8C, 0x94, 0x1E, 0xF6, 0x80,
    0x11, 0xD0, 0x67, 0xEB, 0x9A, 0xA2, 0xEC, 0x0A, 0xE3, 0x17, 0x68, 0x77, 0x59, 0x97, 0x78, 0x82,
    0xB6, 0x6C, 0x5B, 0x5D, 0xAE, 0xFF, 0x67, 0x4D, 0x45, 0xFF, 0xB5, 0x9C, 0x15, 0x4B, 0xB6, 0x27,
    0x6C, 0xEF, 0x96, 0xD9, 0xAC, 0xBC, 0xE8, 0x0C, 0xCA, 0x15, 0x3C, 0x01, 0x54, 0xC8, 0xF7, 0xCE,
    0x9E, 0xEE, 0xAB, 0x73, 0xE0, 0xEA, 0x12, 0xFC, 0xF6, 0xD1, 0xD1, 0x35, 0x06, 0x76, 0xEC, 0xDD,
    0x6A, 0xD9, 0x0C, 0x4E, 0xC2, 0xDD, 0x1D, 0xAB, 0xDD, 0xA3, 0xD1, 0xD7, 0x18, 0xF8, 0x72, 0x76,
    0xFA, 0x7E, 0x7A, 0x05, 0x00, 0x02, 0x64, 0x0B, 0x00, 0x7C, 0x8B, 0xA3, 0x9F, 0xD9, 0x94, 0x1C,
    0x2D, 0x85, 0x43, 0xC0, 0xD3, 0x23, 0xFB, 0x18, 0x80, 0xA3, 0xA3, 0x1F, 0xA5, 0xB4, 0x02, 0x00,
    0x01, 0xB2, 0xBD, 0xC6, 0x00, 0x80, 0xB6, 0x9C, 0xA1, 0x83, 0xBC, 0x10, 0xAA, 0x74, 0xE4, 0xE7,
    0x50, 0x59, 0xF2, 0x2B, 0xFB, 0x3A, 0x16, 0xA6, 0x70, 0x62, 0x51, 0xCB, 0xF5, 0x1F, 0xED, 0x79,
    0x86, 0x0A, 0xF2, 0xE2, 0x11, 0x1B, 0x99, 0x5C, 0xF6, 0x64, 0x64, 0x48, 0x42, 0x65, 0xB3, 0x0B,
    0x09, 0x29, 0xDB, 0xCA, 0xF1, 0x82, 0x73, 0xB1, 0x70, 0x86, 0xE8, 0xA5, 0x89, 0x80, 0x0B, 0xD0,
    0xAE, 0xB4, 0x40, 0xC6, 0x5D, 0x9E, 0xC0, 0x2F, 0x84, 0x12, 0x71, 0xD9, 0xC2, 0x8B, 0x4C, 0xA0,
    0xF6, 0x72, 0x5A, 0xB9, 0x13, 0x19, 0x44, 0xFA, 0x09, 0xB0, 0x2C, 0x38, 0x47, 0xC4, 0xEB, 0x8B,
    0xFD, 0x95, 0x54, 0x02, 0xCA, 0xAF, 0x7F, 0x18, 0x22, 0xB0, 0x29, 0xC1, 0xC2, 0x21, 0x67, 0xA2,
    0x59, 0x6B, 0x81, 0xEB, 0x2B, 0x05, 0xC6, 0x64, 0x32, 0xA7, 0x49, 0xC9, 0x8F, 0xBE, 0xDF, 0x72,
    0x9A, 0x7B, 0x62, 0xE1, 0x88, 0xCA, 0x12, 0x35, 0x44, 0x03, 0x8B, 0x5D, 0x38, 0xEC, 0xC1, 0xA5,
    0xE6, 0x52, 0xCB, 0x78, 0x93, 0xDE, 0x02, 0xFC, 0x18, 0x08, 0x90, 0xB5, 0x37, 0x73, 0xA8, 0xF7,
    0x3C, 0x5A, 0x7A, 0x1A, 0xE9, 0xBD, 0x4B, 0xA4, 0x27, 0x55, 0x0B, 0x1E, 0x08, 0x37, 0xBE, 0x99,
    0x43, 0x2C, 0x48, 0x3B, 0xA4, 0x1D, 0xC0, 0xCD, 0x1C, 0x16, 0x4E, 0xB7, 0x5C, 0x33, 0xC2, 0x31,
    0xE2, 0xD6, 0x1C, 0xC0, 0x89, 0xE0, 0xCB, 0xDA, 0xF2, 0x19, 0x84, 0x6B, 0xAB, 0xE0, 0x6D, 0x9F,
    0x81, 0x60, 0x2F, 0xD5, 0x72, 0xFF, 0x0B, 0xF8, 0xE2, 0x2F, 0xAE, 0x70, 0xBE, 0xE9, 0xE0, 0x7B,
    0x0F, 0xF0, 0xBB, 0x03, 0xFC, 0x9D, 0x03, 0xBC, 0x96, 0xF3, 0x74, 0x90, 0x79, 0x2D, 0xF8, 0x4E,
    0x4F, 0xF8, 0x5D, 0x39, 0x57, 0xD6, 0x37, 0xD9, 0x3F, 0xFF, 0xE4, 0xA9, 0x2E, 0x00, 0x58, 0xFB,
    0x97, 0xDF, 0xF1, 0x85, 0x43, 0xFC, 0x88, 0x1F, 0xF1, 0x23, 0x7E, 0xD4, 0xDA, 0x0F, 0x6A, 0x00,
    0xBA, 0x07, 0xE2, 0xE7, 0x81, 0xB2, 0x4C, 0xB2, 0x57, 0x3B, 0x2D, 0xD5, 0x57, 0xB7, 0xFC, 0x4A,
    0xFC, 0x44, 0xE3, 0xB3, 0xD5, 0x83, 0xB9, 0x7A, 0xF7, 0xA0, 0xDF, 0xDD, 0xD9, 0xD7, 0x73, 0xB5,
    0x9F, 0x87, 0x62, 0x5F, 0x2D, 0x8B, 0x83, 0x6E, 0x5F, 0x3D, 0x9E, 0xE8, 0x77, 0x3B, 0x6D, 0xFE,
    0x37, 0xE5, 0x98, 0xFF, 0xB7, 0xFF, 0xBE, 0x2F, 0x2C, 0x71, 0x97, 0x7C, 0xF5, 0x00, 0xF1, 0xF3,
    0x70, 0x67, 0x9F, 0xA9, 0xDA, 0xCF, 0x2E, 0xFD, 0xAE, 0x38, 0x78, 0x88, 0x7A, 0x3C, 0x65, 0xB7,
    0x13, 0xA4, 0xBF, 0x97, 0xFE, 0xCB, 0x5B, 0xFE, 0x7B, 0x6F, 0x75, 0xAF, 0xBC, 0x4C, 0x97, 0x4B,
    0x7E, 0xA6, 0x16, 0x79, 0xD0, 0x6E, 0x55, 0xC8, 0xAC, 0xF3, 0xBC, 0xD5, 0xF6, 0x3F, 0x7C, 0x91,
    0x81, 0x86, 0xDC, 0x50, 0x18, 0x85, 0xBF, 0xDC, 0x20, 0xB8, 0x9A, 0x14, 0x40, 0xD9, 0xEE, 0x0B,
    0xCC, 0x74, 0xA1, 0x08, 0xB2, 0x1A, 0x00, 0xFA, 0x30, 0x85, 0x62, 0x50, 0x6D, 0xB4, 0xAF, 0x52,
    0x54, 0x07, 0xB3, 0x18, 0x14, 0x6B, 0xE4, 0x05, 0x4A, 0x1E, 0x61, 0x14, 0x30, 0x20, 0x6A, 0x30,
    0xCA, 0x4C, 0x7A, 0x8E, 0x5C, 0xA3, 0xA8, 0xBD, 0xF8, 0x02, 0xE2, 0x3B, 0xFF, 0x39, 0x10, 0xCE,
    0xB7, 0x3D, 0xDC, 0x6E, 0xFE, 0x0C, 0x50, 0xE7, 0x02, 0x0F, 0x79, 0x2F, 0x8E, 0x79, 0x07, 0x71,
    0x9A, 0x2E, 0xF0, 0xE2, 0xB0, 0xF9, 0x06, 0x61, 0xA8, 0x80, 0xBC, 0x9F, 0x59, 0x9A, 0xDD, 0x8D,
    0x58, 0xB4, 0x4B, 0x31, 0xD2, 0x88, 0x55, 0x62, 0x2D, 0x96, 0xBC, 0x17, 0x6F, 0x78, 0x10, 0x1B,
    0x46, 0x78, 0x7E, 0x9F, 0x0D, 0xF0, 0x71, 0x5A, 0x77, 0xF0, 0xE6, 0xF3, 0x19, 0xBF, 0x30, 0xB5,
    0x50, 0x6D, 0x24, 0x6C, 0x42, 0x2B, 0x35, 0x36, 0x83, 0xC5, 0xD8, 0x3B, 0x6B, 0xE5, 0x7B, 0x69,
    0x2C, 0xEC, 0x6C, 0xAC, 0xAC, 0x6D, 0xDC, 0x5A, 0xF5, 0xBB, 0x13, 0x26, 0xEB, 0x7E, 0xD8, 0x06,
    0x2C, 0x90, 0xAB, 0x46, 0xAA, 0x11, 0x99, 0x3A, 0xFC, 0xB2, 0xCB, 0x1E, 0xAA, 0xB5, 0xD0, 0x84,
    0x21, 0xDD, 0x38, 0x0A, 0x71, 0xFA, 0xD2, 0x49, 0x54, 0xB4, 0x12, 0xC5, 0xF9, 0x3C, 0xA1, 0xB4,
    0x48, 0x4A, 0xDD, 0x96, 0x4E, 0xD3, 0x65, 0x16, 0x7D, 0xEA, 0x24, 0xBA, 0x4F, 0xA2, 0xE6, 0x7F,
    0xA2, 0x70, 0x8E, 0x27, 0xF7, 0xB9, 0xDB, 0x41, 0x1D, 0xF6, 0xCF, 0xE4, 0x0A, 0xFF, 0xF6, 0x39,
    0x9D, 0x7C, 0xD7, 0xF7, 0x47, 0x1F, 0xC6, 0xCA, 0x42, 0xB6, 0x36, 0x32, 0xBA, 0x4F, 0x51, 0xCE,
    0x6C, 0xB0, 0x34, 0xF4, 0xB6, 0xE6, 0x3F, 0xC5, 0x3A, 0x3F, 0xB9, 0x4F, 0xCD, 0xF3, 0x74, 0x9F,
    0xB6, 0xBB, 0x51, 0xE9, 0x37, 0x2D, 0xF6, 0x47, 0x70, 0x80, 0x6A, 0x4E, 0x50, 0xCE, 0x93, 0xDE,
    0xCC, 0x9B, 0x2E, 0xE6, 0x76, 0x1B, 0xE4, 0x4F, 0x9F, 0x92, 0xD5, 0xBC, 0xEB, 0x16, 0x07, 0xB1,
    0x26, 0xDA, 0x36, 0x4F, 0xFB, 0x0B, 0x67, 0xC9, 0x2E, 0x38, 0x4C, 0x76, 0x4C, 0xEB, 0xA6, 0x38,
    0x29, 0x4F, 0x0A, 0x74, 0x4D, 0x44, 0x71, 0x14, 0x5E, 0x69, 0x1C, 0xFD, 0xE9, 0x89, 0xDD, 0xC3,
    0x58, 0xB4, 0x0E, 0x72, 0x76, 0x8C, 0xAF, 0x0A, 0x51, 0x5E, 0x27, 0x5E, 0x5E, 0x27, 0x16, 0x22,
    0xB5, 0x8D, 0xAB, 0xD7, 0x82, 0x3A, 0x2E, 0xB9, 0x6B, 0x9F, 0x68, 0xDE, 0x8F, 0x77, 0xB2, 0x85,
    0xC3, 0x08, 0x79, 0x2B, 0x14, 0xEC, 0xC9, 0xA6, 0xB7, 0x53, 0x17, 0xD7, 0xF1, 0x40, 0x89, 0x06,
    0xAF, 0x8C, 0xD8, 0x2B, 0x45, 0x38, 0x2A, 0x05, 0x1F, 0xA2, 0xB0, 0xAC, 0x14, 0x6C, 0x51, 0x45,
    0x76, 0xDB, 0xEA, 0x91, 0xBB, 0xA1, 0xF8, 0xBB, 0x07, 0x0C, 0x00, 0x35, 0x88, 0x45, 0x01, 0x82,
    0x41, 0x10, 0x85, 0x3F, 0xDC, 0x21, 0x00, 0x52, 0x00, 0x8B, 0xB0, 0xCD, 0x70, 0xA9, 0x43, 0x01,
    0xDC, 0x21, 0x06, 0xDC, 0xD9, 0x33, 0xF6, 0x7E, 0x9F, 0x79, 0x4E, 0x78, 0x35, 0x4F, 0xE8, 0x7B,
    0x12, 0xD3, 0x06, 0xC8, 0xB0, 0x00, 0x1A, 0xB4, 0xBC, 0x79, 0x55, 0xF1, 0x66, 0x9D, 0x37, 0x24,
    0x5C, 0xB5, 0x54, 0xA4, 0xF9, 0x17, 0xA3, 0x67, 0x41, 0x54, 0x34, 0xE8, 0x7E, 0xDD, 0x7D, 0x24,
    0x0B, 0xBA, 0x6B, 0x03, 0xE6, 0x25, 0xA0, 0xF2, 0xF9, 0x02, 0x89, 0x9D, 0x05, 0x78, 0x6C, 0x3C,
    0x35, 0x9E, 0x50, 0x24, 0x3A, 0x07,
};

static const EpdGlyph bookerly_10_italicGlyphs[] = {
    { 0, 0, 0, 0, 0, 0, 0 }, // U+0000
    { 0, 0, 0, 0, 0, 0, 0 }, // U+0008
    { 0, 0, 72, 0, 0, 0, 0 }, // U+0009
    { 0, 0, 72, 0, 0, 0, 0 }, // U+000D
    { 0, 0, 0, 0, 0, 0, 0 }, // U+001D
    { 0, 0, 72, 0, 0, 0, 0 }, // U+0020
    { 6, 16, 101, 1, 16, 24, 0 }, // !
    { 7, 7, 125, 1, 15, 13, 24 }, // "
    { 13, 14, 208, 0, 12, 46, 37 }, // #
    { 12, 22, 208, 0, 18, 66, 83 }, // $
    { 18, 17, 323, 1, 16, 77, 149 }, // %
    { 17, 16, 302, 1, 15, 68, 226 }, // &
    { 4, 7, 68, 1, 15, 7, 294 }, // '
    { 9, 22, 131, 1, 17, 50, 301 }, // (
    { 10, 22, 131, -2, 17, 55, 351 }, // )
    { 7, 7, 127, 1, 15, 13, 406 }, // *
    { 9, 9, 208, 2, 12, 21, 419 }, // +
    { 6, 6, 101, -1, 3, 9, 440 }, // ,
    { 7, 2, 125, 0, 7, 4, 449 }, // -
    { 4, 3, 101, 1, 3, 3, 453 }, // .
    { 12, 16, 166, -1, 15, 48, 456 }, // /
    { 13, 15, 208, 0, 15, 49, 504 }, // 0
    { 9, 15, 208, 1, 15, 34, 553 }, // 1
    { 12, 15, 208, 0, 15, 45, 587 }, // 2
    { 12, 15, 208, 0, 15, 45, 632 }, // 3
    { 12, 15, 208, 0, 15, 45, 677 }, // 4
    { 12, 15, 208, 0, 15, 45, 722 }, // 5
    { 12, 15, 208, 1, 15, 45, 767 }, // 6
    { 12, 15, 208, 2, 15, 45, 812 }, // 7
    { 11, 15, 208, 1, 15, 42, 857 }, // 8
    { 12, 15, 208, 0, 15, 45, 899 }, // 9
    { 5, 11, 101, 1, 11, 14, 944 }, // :
    { 7, 14, 101, -1, 11, 25, 958 }, // ;
    { 9, 10, 208, 2, 12, 23, 983 }, // <
    { 9, 5, 208, 2, 10, 12, 1006 }, // =
    { 9, 10, 208, 2, 12, 23, 1018 }, // >
    { 8, 15, 138, 1, 15, 30, 1041 }, // ?
    { 19, 18, 324, 1, 15, 86, 1071 }, // @
    { 17, 15, 244, -2, 15, 64, 1157 }, // A
    { 13, 15, 207, -1, 15, 49, 1221 }, // B
    { 14, 15, 215, 0, 15, 53, 1270 }, // C
    { 16, 15, 242, -1, 15, 60, 1323 }, // D
    { 14, 15, 204, -1, 15, 53, 1383 }, // E
    { 13, 15, 185, -1, 15, 49, 1436 }, // F
    { 14, 15, 237, 0, 15, 53, 1485 }, // G
    { 19, 15, 267, -1, 15, 72, 1538 }, // H
    { 10, 15, 124, -1, 15, 38, 1610 }, // I
    { 13, 19, 118, -4, 15, 62, 1648 }, // J
    { 17, 15, 233, -1, 15, 64, 1710 }, // K
    { 13, 15, 193, -1, 15, 49, 1774 }, // L
    { 20, 15, 302, -1, 15, 75, 1823 }, // M
    { 18, 15, 255, -1, 15, 68, 1898 }, // N
    { 15, 15, 246, 0, 15, 57, 1966 }, // O
    { 13, 15, 197, -1, 15, 49, 2023 }, // P
    { 18, 20, 246, 0, 15, 90, 2072 }, // Q
    { 14, 15, 216, -1, 15, 53, 2162 }, // R
    { 11, 15, 178, 0, 15, 42, 2215 }, // S
    { 13, 15, 213, 1, 15, 49, 2257 }, // T
    { 15, 15, 256, 2, 15, 57, 2306 }, // U
    { 15, 15, 236, 1, 15, 57, 2363 }, // V
    { 22, 15, 347, 1, 15, 83, 2420 }, // W
    { 17, 15, 224, -2, 15, 64, 2503 }, // X
    { 14, 15, 215, 1, 15, 53, 2567 }, // Y
    { 13, 16, 195, -1, 15, 52, 2620 }, // Z
    { 9, 20, 105, -1, 16, 45, 2672 }, // [
    { 8, 16, 166, 1, 15, 32, 2717 }, // <backslash>
    { 9, 20, 105, -1, 16, 45, 2749 }, // ]
    { 11, 10, 208, 1, 14, 28, 2794 }, // ^
    { 11, 2, 167, 0, 0, 6, 2822 }, // _
    { 5, 5, 205, 4, 17, 7, 2828 }, // `
    { 12, 11, 195, 0, 11, 33, 2835 }, // a
    { 11, 16, 185, 0, 16, 44, 2868 }, // b
    { 9, 11, 148, 0, 11, 25, 2912 }, // c
    { 12, 16, 196, 0, 16, 48, 2937 }, // d
    { 10, 11, 157, 0, 11, 28, 2985 }, // e
    { 15, 21, 137, -4, 16, 79, 3013 }, // f
    { 14, 16, 165, -2, 11, 56, 3092 }, // g
    { 12, 16, 199, 0, 16, 48, 3148 }, // h
    { 6, 16, 108, 1, 16, 24, 3196 }, // i
    { 11, 21, 95, -4, 16, 58, 3220 }, // j
    { 11, 16, 177, 0, 16, 44, 3278 }, // k
    { 6, 16, 102, 1, 16, 24, 3322 }, // l
    { 18, 11, 297, 0, 11, 50, 3346 }, // m
    { 13, 11, 205, 0, 11, 36, 3396 }, // n
    { 11, 11, 181, 0, 11, 31, 3432 }, // o
    { 14, 16, 191, -2, 11, 56, 3463 }, // p
    { 12, 16, 185, 0, 11, 48, 3519 }, // q
    { 10, 11, 143, 0, 11, 28, 3567 }, // r
    { 9, 11, 138, 0, 11, 25, 3595 }, // s
    { 9, 14, 130, 0, 14, 32, 0 }, // t
    { 13, 11, 204, 0, 11, 36, 32 }, // u
    { 11, 12, 172, 0, 11, 33, 68 }, // v
    { 16, 12, 258, 0, 11, 48, 101 }, // w
    { 13, 11, 186, -1, 11, 36, 149 }, // x
    { 13, 16, 178, -2, 11, 52, 185 }, // y
    { 10, 11, 157, 0, 11, 28, 237 }, // z
    { 8, 21, 131, 1, 16, 42, 265 }, // {
    { 6, 19, 96, 0, 16, 29, 307 }, // |
    { 8, 21, 131, -1, 16, 42, 336 }, // }
    { 11, 3, 208, 1, 8, 9, 378 }, // ~
    { 0, 0, 72, 0, 0, 0, 0 }, // U+00A0
    { 7, 16, 101, -1, 11, 28, 0 }, // U+00A1
    { 11, 22, 208, 1, 17, 61, 28 }, // U+00A2
    { 14, 15, 208, -1, 15, 53, 89 }, // U+00A3
    { 13, 10, 208, 0, 12, 33, 142 }, // U+00A4
    { 15, 15, 208, 0, 15, 57, 175 }, // U+00A5
    { 6, 18, 96, 0, 16, 27, 232 }, // U+00A6
    { 10, 17, 165, 0, 15, 43, 259 }, // U+00A7
    { 7, 3, 205, 3, 16, 6, 302 }, // U+00A8
    { 16, 16, 261, 0, 16, 64, 308 }, // U+00A9
    { 9, 10, 144, 0, 15, 23, 372 }, // U+00AA
    { 11, 8, 172, 0, 10, 22, 395 }, // U+00AB
    { 9, 5, 208, 2, 10, 12, 417 }, // U+00AC
    { 7, 2, 125, 0, 7, 4, 429 }, // U+00AD
    { 12, 12, 194, 0, 17, 36, 433 }, // U+00AE
    { 7, 2, 205, 3, 15, 4, 469 }, // U+00AF
    { 7, 7, 176, 2, 15, 13, 473 }, // U+00B0
    { 9, 12, 208, 2, 12, 27, 486 }, // U+00B1
    { 9, 9, 149, 0, 17, 21, 513 }, // U+00B2
    { 8, 9, 149, 0, 17, 18, 534 }, // U+00B3
    { 5, 6, 205, 4, 18, 8, 552 }, // U+00B4
    { 14, 17, 199, -1, 12, 60, 560 }, // U+00B5
    { 14, 18, 196, -1, 15, 63, 620 }, // U+00B6
    { 4, 3, 101, 1, 7, 3, 683 }, // U+00B7
    { 5, 5, 205, 4, 0, 7, 686 }, // U+00B8
    { 6, 10, 149, 1, 18, 15, 693 }, // U+00B9
    { 8, 10, 147, 1, 15, 20, 708 }, // U+00BA
    { 10, 8, 172, 0, 10, 20, 728 }, // U+00BB
    { 21, 17, 359, 1, 15, 90, 748 }, // U+00BC
    { 21, 17, 359, 1, 16, 90, 838 }, // U+00BD
    { 22, 18, 359, 0, 16, 99, 928 }, // U+00BE
    { 7, 15, 138, 0, 11, 27, 1027 }, // U+00BF
    { 17, 21, 244, -2, 21, 90, 1054 }, // U+00C0
    { 17, 21, 244, -2, 21, 90, 1144 }, // U+00C1
    { 17, 20, 244, -2, 20, 85, 1234 }, // U+00C2
    { 17, 20, 244, -2, 20, 85, 1319 }, // U+00C3
    { 17, 19, 244, -2, 19, 81, 1404 }, // U+00C4
    { 17, 21, 244, -2, 21, 90, 1485 }, // U+00C5
    { 21, 15, 299, -2, 15, 79, 1575 }, // U+00C6
    { 14, 21, 215, 0, 15, 74, 1654 }, // U+00C7
    { 14, 21, 204, -1, 21, 74, 1728 }, // U+00C8
    { 14, 21, 204, -1, 21, 74, 1802 }, // U+00C9
    { 14, 20, 204, -1, 20, 70, 1876 }, // U+00CA
    { 14, 19, 204, -1, 19, 67, 1946 }, // U+00CB
    { 10, 21, 124, -1, 21, 53, 2013 }, // U+00CC
    { 11, 21, 124, -1, 21, 58, 2066 }, // U+00CD
    { 11, 20, 124, -1, 20, 55, 2124 }, // U+00CE
    { 11, 19, 124, -1, 19, 53, 2179 }, // U+00CF
    { 16, 15, 242, -1, 15, 60, 2232 }, // U+00D0
    { 18, 20, 255, -1, 20, 90, 2292 }, // U+00D1
    { 15, 21, 246, 0, 21, 79, 2382 }, // U+00D2
    { 15, 21, 246, 0, 21, 79, 2461 }, // U+00D3
    { 15, 20, 246, 0, 20, 75, 2540 }, // U+00D4
    { 15, 20, 246, 0, 20, 75, 2615 }, // U+00D5
    { 15, 20, 246, 0, 20, 75, 2690 }, // U+00D6
    { 9, 9, 208, 2, 12, 21, 2765 }, // U+00D7
    { 17, 17, 246, -1, 16, 73, 2786 }, // U+00D8
    { 15, 21, 256, 2, 21, 79, 2859 }, // U+00D9
    { 15, 21, 256, 2, 21, 79, 2938 }, // U+00DA
    { 15, 20, 256, 2, 20, 75, 3017 }, // U+00DB
    { 15, 20, 256, 2, 20, 75, 3092 }, // U+00DC
    { 14, 21, 215, 1, 21, 74, 3167 }, // U+00DD
    { 13, 15, 197, -1, 15, 49, 3241 }, // U+00DE
    { 17, 21, 214, -4, 16, 90, 3290 }, // U+00DF
    { 12, 17, 195, 0, 17, 51, 3380 }, // U+00E0
    { 12, 18, 195, 0, 18, 54, 3431 }, // U+00E1
    { 12, 18, 195, 0, 18, 54, 3485 }, // U+00E2
    { 12, 16, 195, 0, 16, 48, 3539 }, // U+00E3
    { 12, 16, 195, 0, 16, 48, 3587 }, // U+00E4
    { 12, 18, 195, 0, 18, 54, 0 }, // U+00E5
    { 16, 11, 257, 0, 11, 44, 54 }, // U+00E6
    { 9, 17, 148, 0, 11, 39, 98 }, // U+00E7
    { 10, 17, 157, 0, 17, 43, 137 }, // U+00E8
    { 10, 18, 157, 0, 18, 45, 180 }, // U+00E9
    { 10, 18, 157, 0, 18, 45, 225 }, // U+00EA
    { 11, 16, 157, 0, 16, 44, 270 }, // U+00EB
    { 6, 18, 110, 1, 18, 27, 314 }, // U+00EC
    { 7, 18, 110, 1, 18, 32, 341 }, // U+00ED
    { 8, 18, 110, 1, 18, 36, 373 }, // U+00EE
    { 8, 16, 110, 1, 16, 32, 409 }, // U+00EF
    { 11, 17, 181, 0, 17, 47, 441 }, // U+00F0
    { 13, 16, 205, 0, 16, 52, 488 }, // U+00F1
    { 11, 17, 181, 0, 17, 47, 540 }, // U+00F2
    { 11, 18, 181, 0, 18, 50, 587 }, // U+00F3
    { 11, 18, 181, 0, 18, 50, 637 }, // U+00F4
    { 11, 16, 181, 0, 16, 44, 687 }, // U+00F5
    { 12, 16, 181, 0, 16, 48, 731 }, // U+00F6
    { 9, 10, 208, 2, 12, 23, 779 }, // U+00F7
    { 13, 13, 181, -1, 12, 43, 802 }, // U+00F8
    { 13, 18, 204, 0, 18, 59, 845 }, // U+00F9
    { 13, 18, 204, 0, 18, 59, 904 }, // U+00FA
    { 13, 18, 204, 0, 18, 59, 963 }, // U+00FB
    { 13, 16, 204, 0, 16, 52, 1022 }, // U+00FC
    { 13, 23, 178, -2, 18, 75, 1074 }, // U+00FD
    { 13, 21, 184, -2, 16, 69, 1149 }, // U+00FE
    { 13, 21, 178, -2, 16, 69, 1218 }, // U+00FF
    { 17, 19, 244, -2, 19, 81, 0 }, // U+0100
    { 12, 15, 195, 0, 15, 45, 81 }, // U+0101
    { 17, 20, 244, -2, 20, 85, 126 }, // U+0102
    { 12, 17, 195, 0, 17, 51, 211 }, // U+0103
    { 17, 20, 244, -2, 15, 85, 262 }, // U+0104
    { 12, 16, 195, 0, 11, 48, 347 }, // U+0105
    { 14, 21, 215, 0, 21, 74, 395 }, // U+0106
    { 10, 18, 148, 0, 18, 45, 469 }, // U+0107
    { 14, 20, 215, 0, 20, 70, 514 }, // U+0108
    { 10, 18, 148, 0, 18, 45, 584 }, // U+0109
    { 14, 20, 215, 0, 20, 70, 629 }, // U+010A
    { 9, 16, 148, 0, 16, 36, 699 }, // U+010B
    { 14, 21, 215, 0, 21, 74, 735 }, // U+010C
    { 11, 18, 148, 0, 18, 50, 809 }, // U+010D
    { 16, 21, 242, -1, 21, 84, 859 }, // U+010E
    { 16, 19, 204, 0, 19, 76, 943 }, // U+010F
    { 16, 15, 242, -1, 15, 60, 1019 }, // U+0110
    { 13, 16, 196, 0, 16, 52, 1079 }, // U+0111
    { 14, 19, 204, -1, 19, 67, 1131 }, // U+0112
    { 11, 15, 157, 0, 15, 42, 1198 }, // U+0113
    { 14, 20, 204, -1, 20, 70, 1240 }, // U+0114
    { 11, 17, 157, 0, 17, 47, 1310 }, // U+0115
    { 14, 20, 204, -1, 20, 70, 1357 }, // U+0116
    { 10, 16, 157, 0, 16, 40, 1427 }, // U+0117
    { 14, 20, 204, -1, 15, 70, 1467 }, // U+0118
    { 10, 16, 157, 0, 11, 40, 1537 }, // U+0119
    { 14, 21, 204, -1, 21, 74, 1577 }, // U+011A
    { 11, 18, 157, 0, 18, 50, 1651 }, // U+011B
    { 14, 20, 237, 1, 20, 70, 1701 }, // U+011C
    { 14, 23, 165, -2, 18, 81, 1771 }, // U+011D
    { 14, 20, 237, 1, 20, 70, 1852 }, // U+011E
    { 14, 22, 165, -2, 17, 77, 1922 }, // U+011F
    { 14, 20, 237, 1, 20, 70, 1999 }, // U+0120
    { 14, 21, 165, -2, 16, 74, 2069 }, // U+0121
    { 14, 21, 237, 1, 15, 74, 2143 }, // U+0122
    { 14, 23, 165, -2, 18, 81, 2217 }, // U+0123
    { 19, 20, 267, -1, 20, 95, 2298 }, // U+0124
    { 12, 22, 199, 0, 22, 66, 2393 }, // U+0125
    { 19, 15, 267, -1, 15, 72, 2459 }, // U+0126
    { 12, 16, 199, 0, 16, 48, 2531 }, // U+0127
    { 11, 20, 124, -1, 20, 55, 2579 }, // U+0128
    { 8, 16, 110, 1, 16, 32, 2634 }, // U+0129
    { 11, 19, 124, -1, 19, 53, 2666 }, // U+012A
    { 8, 15, 110, 1, 15, 30, 2719 }, // U+012B
    { 11, 20, 124, -1, 20, 55, 2749 }, // U+012C
    { 8, 17, 110, 1, 17, 34, 2804 }, // U+012D
    { 10, 20, 124, -1, 15, 50, 2838 }, // U+012E
    { 7, 21, 108, 0, 16, 37, 2888 }, // U+012F
    { 10, 20, 124, -1, 20, 50, 2925 }, // U+0130
    { 5, 11, 108, 1, 11, 14, 2975 }, // U+0131
    { 18, 19, 242, -1, 15, 86, 2989 }, // U+0132
    { 13, 21, 204, 1, 16, 69, 3075 }, // U+0133
    { 14, 25, 118, -4, 21, 88, 3144 }, // U+0134
    { 12, 23, 96, -4, 18, 69, 3232 }, // U+0135
    { 17, 21, 233, -1, 15, 90, 3301 }, // U+0136
    { 11, 22, 177, 0, 16, 61, 3391 }, // U+0137
    { 11, 11, 181, 0, 11, 31, 3452 }, // U+0138
    { 13, 21, 193, -1, 21, 69, 3483 }, // U+0139
    { 7, 21, 102, 1, 21, 37, 3552 }, // U+013A
    { 13, 21, 193, -1, 15, 69, 3589 }, // U+013B
    { 8, 22, 102, -1, 16, 44, 0 }, // U+013C
    { 13, 16, 193, -1, 16, 52, 44 }, // U+013D
    { 9, 19, 112, 1, 19, 43, 96 }, // U+013E
    { 13, 15, 195, -1, 15, 49, 139 }, // U+013F
    { 8, 16, 136, 1, 16, 32, 188 }, // U+0140
    { 13, 15, 193, -1, 15, 49, 220 }, // U+0141
    { 8, 16, 102, -1, 16, 32, 269 }, // U+0142
    { 18, 21, 255, -1, 21, 95, 301 }, // U+0143
    { 13, 18, 205, 0, 18, 59, 396 }, // U+0144
    { 18, 21, 255, -1, 15, 95, 455 }, // U+0145
    { 13, 17, 205, 0, 11, 56, 550 }, // U+0146
    { 18, 21, 255, -1, 21, 95, 606 }, // U+0147
    { 13, 18, 205, 0, 18, 59, 701 }, // U+0148
    { 16, 16, 275, 1, 16, 64, 760 }, // U+0149
    { 18, 19, 255, -1, 15, 86, 824 }, // U+014A
    { 12, 16, 193, 0, 11, 48, 910 }, // U+014B
    { 15, 19, 246, 0, 19, 72, 958 }, // U+014C
    { 11, 15, 181, 0, 15, 42, 1030 }, // U+014D
    { 15, 20, 246, 0, 20, 75, 1072 }, // U+014E
    { 12, 17, 181, 0, 17, 51, 1147 }, // U+014F
    { 16, 21, 246, 0, 21, 84, 1198 }, // U+0150
    { 12, 18, 181, 0, 18, 54, 1282 }, // U+0151
    { 20, 15, 322, 0, 15, 75, 1336 }, // U+0152
    { 17, 11, 272, 0, 11, 47, 1411 }, // U+0153
    { 14, 21, 216, -1, 21, 74, 1458 }, // U+0154
    { 10, 18, 143, 0, 18, 45, 1532 }, // U+0155
    { 14, 21, 216, -1, 15, 74, 1577 }, // U+0156
    { 11, 17, 143, -1, 11, 47, 1651 }, // U+0157
    { 14, 21, 216, -1, 21, 74, 1698 }, // U+0158
    { 11, 17, 143, 0, 17, 47, 1772 }, // U+0159
    { 11, 21, 178, 0, 21, 58, 1819 }, // U+015A
    { 9, 18, 138, 0, 18, 41, 1877 }, // U+015B
    { 11, 20, 178, 0, 20, 55, 1918 }, // U+015C
    { 9, 18, 138, 0, 18, 41, 1973 }, // U+015D
    { 11, 21, 178, 0, 15, 58, 2014 }, // U+015E
    { 9, 17, 138, 0, 11, 39, 2072 }, // U+015F
    { 12, 21, 178, 0, 21, 63, 2111 }, // U+0160
    { 10, 18, 138, 0, 18, 45, 2174 }, // U+0161
    { 13, 21, 213, 1, 15, 69, 2219 }, // U+0162
    { 9, 20, 130, 0, 14, 45, 2288 }, // U+0163
    { 13, 21, 213, 1, 21, 69, 2333 }, // U+0164
    { 9, 16, 130, 0, 16, 36, 2402 }, // U+0165
    { 13, 15, 213, 1, 15, 49, 2438 }, // U+0166
    { 9, 14, 130, 0, 14, 32, 2487 }, // U+0167
    { 15, 20, 256, 2, 20, 75, 2519 }, // U+0168
    { 13, 16, 204, 0, 16, 52, 2594 }, // U+0169
    { 15, 19, 256, 2, 19, 72, 2646 }, // U+016A
    { 13, 15, 204, 0, 15, 49, 2718 }, // U+016B
    { 15, 20, 256, 2, 20, 75, 2767 }, // U+016C
    { 13, 17, 204, 0, 17, 56, 2842 }, // U+016D
    { 15, 21, 256, 2, 21, 79, 2898 }, // U+016E
    { 13, 18, 204, 0, 18, 59, 2977 }, // U+016F
    { 15, 21, 256, 2, 21, 79, 3036 }, // U+0170
    { 13, 18, 204, 0, 18, 59, 3115 }, // U+0171
    { 15, 20, 256, 2, 15, 75, 3174 }, // U+0172
    { 13, 16, 204, 0, 11, 52, 3249 }, // U+0173
    { 22, 20, 347, 1, 20, 110, 3301 }, // U+0174
    { 16, 19, 258, 0, 18, 76, 3411 }, // U+0175
    { 14, 20, 215, 1, 20, 70, 3487 }, // U+0176
    { 13, 23, 178, -2, 18, 75, 0 }, // U+0177
    { 14, 19, 215, 1, 19, 67, 75 }, // U+0178
    { 13, 22, 195, -1, 21, 72, 142 }, // U+0179
    { 10, 18, 157, 0, 18, 45, 214 }, // U+017A
    { 13, 21, 195, -1, 20, 69, 259 }, // U+017B
    { 10, 16, 157, 0, 16, 40, 328 }, // U+017C
    { 13, 22, 195, -1, 21, 72, 368 }, // U+017D
    { 10, 18, 157, 0, 18, 45, 440 }, // U+017E
    { 15, 21, 137, -4, 16, 79, 485 }, // U+017F
    { 17, 18, 246, 0, 18, 77, 0 }, // U+01A0
    { 13, 14, 181, 0, 14, 46, 77 }, // U+01A1
    { 16, 18, 256, 2, 18, 72, 123 }, // U+01AF
    { 14, 14, 204, 0, 14, 49, 195 }, // U+01B0
    { 29, 22, 452, -1, 21, 160, 244 }, // U+01C4
    { 27, 17, 411, -1, 17, 115, 404 }, // U+01C5
    { 23, 18, 369, 0, 18, 104, 519 }, // U+01C6
    { 22, 19, 312, -1, 15, 105, 623 }, // U+01C7
    { 20, 21, 284, -1, 16, 105, 728 }, // U+01C8
    { 12, 21, 198, 1, 16, 63, 833 }, // U+01C9
    { 26, 19, 374, -1, 15, 124, 896 }, // U+01CA
    { 24, 21, 351, -1, 16, 126, 1020 }, // U+01CB
    { 20, 21, 301, 0, 16, 105, 1146 }, // U+01CC
    { 17, 21, 244, -2, 21, 90, 1251 }, // U+01CD
    { 12, 18, 195, 0, 18, 54, 1341 }, // U+01CE
    { 12, 21, 124, -1, 21, 63, 1395 }, // U+01CF
    { 8, 18, 110, 1, 18, 36, 1458 }, // U+01D0
    { 15, 21, 246, 0, 21, 79, 1494 }, // U+01D1
    { 12, 18, 181, 0, 18, 54, 1573 }, // U+01D2
    { 15, 21, 256, 2, 21, 79, 1627 }, // U+01D3
    { 13, 18, 204, 0, 18, 59, 1706 }, // U+01D4
    { 15, 22, 256, 2, 22, 83, 1765 }, // U+01D5
    { 13, 19, 204, 0, 19, 62, 1848 }, // U+01D6
    { 15, 23, 256, 2, 23, 87, 1910 }, // U+01D7
    { 13, 21, 204, 0, 21, 69, 1997 }, // U+01D8
    { 15, 22, 256, 2, 22, 83, 2066 }, // U+01D9
    { 13, 21, 204, 0, 21, 69, 2149 }, // U+01DA
    { 15, 23, 256, 2, 23, 87, 2218 }, // U+01DB
    { 13, 21, 204, 0, 21, 69, 2305 }, // U+01DC
    { 10, 11, 160, 0, 11, 28, 2374 }, // U+01DD
    { 17, 22, 244, -2, 22, 94, 2402 }, // U+01DE
    { 12, 19, 195, 0, 19, 57, 2496 }, // U+01DF
    { 17, 22, 244, -2, 22, 94, 2553 }, // U+01E0
    { 12, 19, 195, 0, 19, 57, 2647 }, // U+01E1
    { 21, 19, 299, -2, 19, 100, 2704 }, // U+01E2
    { 16, 15, 257, 0, 15, 60, 2804 }, // U+01E3
    { 15, 15, 237, 0, 15, 57, 2864 }, // U+01E4
    { 16, 16, 165, -4, 11, 64, 2921 }, // U+01E5
    { 14, 21, 237, 1, 21, 74, 2985 }, // U+01E6
    { 14, 22, 165, -2, 17, 77, 3059 }, // U+01E7
    { 17, 21, 233, -1, 21, 90, 3136 }, // U+01E8
    { 11, 22, 177, 0, 22, 61, 3226 }, // U+01E9
    { 15, 20, 246, 0, 15, 75, 3287 }, // U+01EA
    { 11, 16, 181, 0, 11, 44, 3362 }, // U+01EB
    { 15, 23, 246, 0, 18, 87, 3406 }, // U+01EC
    { 11, 20, 181, 0, 15, 55, 3493 }, // U+01ED
    { 14, 21, 191, -1, 21, 74, 3548 }, // U+01EE
    { 13, 22, 172, -2, 17, 72, 3622 }, // U+01EF
    { 13, 22, 96, -4, 17, 72, 3694 }, // U+01F0
    { 29, 16, 440, -1, 15, 116, 3766 }, // U+01F1
    { 26, 15, 400, -1, 15, 98, 3882 }, // U+01F2
    { 22, 16, 353, 0, 16, 88, 3980 }, // U+01F3
    { 14, 21, 237, 1, 21, 74, 4068 }, // U+01F4
    { 14, 23, 165, -2, 18, 81, 4142 }, // U+01F5
    { 18, 21, 255, -1, 21, 95, 4223 }, // U+01F8
    { 13, 18, 205, 0, 18, 59, 4318 }, // U+01F9
    { 17, 23, 244, -2, 23, 98, 4377 }, // U+01FA
    { 12, 22, 195, 0, 22, 66, 4475 }, // U+01FB
    { 21, 21, 299, -2, 21, 111, 4541 }, // U+01FC
    { 16, 18, 257, 0, 18, 72, 4652 }, // U+01FD
    { 17, 22, 259, -1, 21, 94, 4724 }, // U+01FE
    { 13, 19, 181, -1, 18, 62, 4818 }, // U+01FF
    { 17, 21, 244, -2, 21, 90, 4880 }, // U+0200
    { 12, 17, 195, 0, 17, 51, 4970 }, // U+0201
    { 17, 20, 244, -2, 20, 85, 5021 }, // U+0202
    { 12, 16, 195, 0, 16, 48, 5106 }, // U+0203
    { 14, 21, 204, -1, 21, 74, 5154 }, // U+0204
    { 10, 17, 157, 0, 17, 43, 5228 }, // U+0205
    { 14, 20, 204, -1, 20, 70, 5271 }, // U+0206
    { 10, 16, 157, 0, 16, 40, 5341 }, // U+0207
    { 10, 21, 124, -1, 21, 53, 5381 }, // U+0208
    { 7, 18, 110, 1, 18, 32, 5434 }, // U+0209
    { 11, 20, 124, -1, 20, 55, 5466 }, // U+020A
    { 8, 16, 110, 1, 16, 32, 5521 }, // U+020B
    { 15, 21, 246, 0, 21, 79, 5553 }, // U+020C
    { 11, 17, 181, 0, 17, 47, 5632 }, // U+020D
    { 15, 20, 246, 0, 20, 75, 5679 }, // U+020E
    { 11, 16, 181, 0, 16, 44, 5754 }, // U+020F
    { 14, 21, 216, -1, 21, 74, 5798 }, // U+0210
    { 10, 18, 143, 0, 18, 45, 5872 }, // U+0211
    { 14, 20, 216, -1, 20, 70, 5917 }, // U+0212
    { 10, 16, 143, 0, 16, 40, 5987 }, // U+0213
    { 15, 21, 256, 2, 21, 79, 6027 }, // U+0214
    { 13, 18, 204, 0, 18, 59, 6106 }, // U+0215
    { 15, 20, 256, 2, 20, 75, 6165 }, // U+0216
    { 13, 16, 204, 0, 16, 52, 6240 }, // U+0217
    { 11, 21, 178, 0, 15, 58, 6292 }, // U+0218
    { 9, 17, 138, 0, 11, 39, 6350 }, // U+0219
    { 13, 21, 213, 1, 15, 69, 6389 }, // U+021A
    { 9, 20, 130, 0, 14, 45, 6458 }, // U+021B
    { 12, 17, 190, -1, 15, 51, 6503 }, // U+021C
    { 10, 16, 157, -1, 11, 40, 6554 }, // U+021D
    { 19, 21, 267, -1, 21, 100, 6594 }, // U+021E
    { 12, 22, 199, 0, 22, 66, 6694 }, // U+021F
    { 4, 5, 0, -3, 17, 5, 0 }, // U+0300
    { 5, 6, 0, -2, 18, 8, 5 }, // U+0301
    { 7, 5, 0, -4, 17, 9, 13 }, // U+0302
    { 8, 3, 0, -4, 16, 6, 22 }, // U+0303
    { 8, 2, 0, -4, 15, 4, 28 }, // U+0304
    { 7, 4, 0, -3, 17, 7, 32 }, // U+0306
    { 4, 3, 0, -2, 16, 3, 39 }, // U+0307
    { 8, 3, 0, -4, 16, 6, 42 }, // U+0308
    { 6, 7, 0, -3, 19, 11, 48 }, // U+0309
    { 6, 6, 0, -3, 18, 9, 59 }, // U+030A
    { 9, 6, 0, -4, 18, 14, 68 }, // U+030B
    { 7, 5, 0, -3, 18, 9, 82 }, // U+030C
    { 6, 5, 0, -4, 17, 8, 91 }, // U+030F
    { 7, 4, 0, -4, 17, 7, 99 }, // U+0311
    { 4, 6, 0, -2, 18, 6, 106 }, // U+0312
    { 5, 6, 0, -2, 19, 8, 112 }, // U+0313
    { 4, 6, 0, -3, 19, 6, 120 }, // U+0314
    { 4, 6, 0, -2, 18, 6, 126 }, // U+0315
    { 4, 5, 0, -2, 13, 5, 132 }, // U+031B
    { 4, 3, 0, -2, -2, 3, 137 }, // U+0323
    { 8, 3, 0, -4, -1, 6, 140 }, // U+0324
    { 6, 5, 0, -3, 0, 8, 146 }, // U+0325
    { 4, 5, 0, -2, 0, 5, 154 }, // U+0326
    { 6, 5, 0, -3, 0, 8, 159 }, // U+0327
    { 5, 6, 0, -3, 2, 8, 167 }, // U+0328
    { 4, 4, 90, -1, -1, 4, 175 }, // U+0329
    { 8, 4, 0, -4, -1, 8, 179 }, // U+032D
    { 8, 4, 0, -4, -1, 8, 187 }, // U+032E
    { 8, 3, 0, -4, -2, 6, 195 }, // U+0330
    { 8, 2, 0, -4, -2, 4, 201 }, // U+0331
    { 7, 4, 0, -4, 17, 7, 205 }, // U+0342
    { 9, 9, 0, -5, 22, 21, 212 }, // U+0344
    { 4, 5, 0, -1, -1, 5, 233 }, // U+0345
    { 14, 21, 204, -1, 21, 74, 0 }, // U+0400
    { 14, 19, 204, -1, 19, 67, 74 }, // U+0401
    { 14, 20, 248, 1, 15, 70, 141 }, // U+0402
    { 14, 21, 189, -1, 21, 74, 211 }, // U+0403
    { 14, 15, 215, 0, 15, 53, 285 }, // U+0404
    { 11, 15, 178, 0, 15, 42, 338 }, // U+0405
    { 10, 15, 124, -1, 15, 38, 380 }, // U+0406
    { 11, 19, 124, -1, 19, 53, 418 }, // U+0407
    { 13, 19, 118, -4, 15, 62, 471 }, // U+0408
    { 20, 15, 296, -2, 15, 75, 533 }, // U+0409
    { 20, 15, 311, -1, 15, 75, 608 }, // U+040A
    { 14, 15, 262, 1, 15, 53, 683 }, // U+040B
    { 16, 21, 225, -1, 21, 84, 736 }, // U+040C
    { 19, 21, 267, -1, 21, 100, 820 }, // U+040D
    { 15, 21, 209, 0, 21, 79, 920 }, // U+040E
    { 18, 20, 251, -1, 15, 90, 999 }, // U+040F
    { 17, 15, 244, -2, 15, 64, 1089 }, // U+0410
    { 14, 15, 201, -1, 15, 53, 1153 }, // U+0411
    { 13, 15, 207, -1, 15, 49, 1206 }, // U+0412
    { 14, 15, 189, -1, 15, 53, 1255 }, // U+0413
    { 18, 20, 238, -2, 15, 90, 1308 }, // U+0414
    { 14, 15, 204, -1, 15, 53, 1398 }, // U+0415
    { 23, 15, 317, -2, 15, 87, 1451 }, // U+0416
    { 11, 15, 184, 0, 15, 42, 1538 }, // U+0417
    { 19, 15, 267, -1, 15, 72, 1580 }, // U+0418
    { 19, 21, 267, -1, 21, 100, 1652 }, // U+0419
    { 16, 15, 225, -1, 15, 60, 1752 }, // U+041A
    { 17, 15, 231, -2, 15, 64, 1812 }, // U+041B
    { 20, 15, 302, -1, 15, 75, 1876 }, // U+041C
    { 19, 15, 267, -1, 15, 72, 1951 }, // U+041D
    { 15, 15, 246, 0, 15, 57, 2023 }, // U+041E
    { 18, 15, 252, -1, 15, 68, 2080 }, // U+041F
    { 13, 15, 197, -1, 15, 49, 2148 }, // U+0420
    { 14, 15, 215, 0, 15, 53, 2197 }, // U+0421
    { 13, 15, 213, 1, 15, 49, 2250 }, // U+0422
    { 15, 15, 209, 0, 15, 57, 2299 }, // U+0423
    { 15, 16, 243, 0, 16, 60, 2356 }, // U+0424
    { 17, 15, 224, -2, 15, 64, 2416 }, // U+0425
    { 18, 20, 251, -1, 15, 90, 2480 }, // U+0426
    { 14, 15, 227, 1, 15, 53, 2570 }, // U+0427
    { 23, 15, 331, -1, 15, 87, 2623 }, // U+0428
    { 23, 20, 330, -1, 15, 115, 2710 }, // U+0429
    { 13, 15, 233, 1, 15, 49, 2825 }, // U+042A
    { 21, 15, 303, -1, 15, 79, 2874 }, // U+042B
    { 13, 15, 196, -1, 15, 49, 2953 }, // U+042C
    { 12, 15, 206, 0, 15, 45, 3002 }, // U+042D
    { 22, 15, 335, -1, 15, 83, 3047 }, // U+042E
    { 16, 15, 213, -2, 15, 60, 3130 }, // U+042F
    { 12, 11, 195, 0, 11, 33, 3190 }, // U+0430
    { 12, 17, 181, 1, 17, 51, 3223 }, // U+0431
    { 10, 11, 169, 0, 11, 28, 3274 }, // U+0432
    { 9, 11, 145, 0, 11, 25, 3302 }, // U+0433
    { 11, 17, 183, 0, 17, 47, 3327 }, // U+0434
    { 10, 11, 157, 0, 11, 28, 3374 }, // U+0435
    { 19, 12, 296, 0, 12, 57, 3402 }, // U+0436
    { 9, 11, 152, 0, 11, 25, 3459 }, // U+0437
    { 13, 11, 204, 0, 11, 36, 3484 }, // U+0438
    { 13, 17, 204, 0, 17, 56, 3520 }, // U+0439
    { 11, 11, 181, 0, 11, 31, 3576 }, // U+043A
    { 13, 11, 201, -1, 11, 36, 3607 }, // U+043B
    { 16, 11, 257, 0, 11, 44, 3643 }, // U+043C
    { 13, 11, 206, 0, 11, 36, 3687 }, // U+043D
    { 11, 11, 181, 0, 11, 31, 3723 }, // U+043E
    { 13, 11, 205, 0, 11, 36, 3754 }, // U+043F
    { 14, 16, 191, -2, 11, 56, 3790 }, // U+0440
    { 9, 11, 148, 0, 11, 25, 3846 }, // U+0441
    { 18, 11, 297, 0, 11, 50, 3871 }, // U+0442
    { 13, 16, 178, -2, 11, 52, 3921 }, // U+0443
    { 14, 21, 233, 0, 16, 74, 3973 }, // U+0444
    { 13, 11, 186, -1, 11, 36, 4047 }, // U+0445
    { 13, 15, 205, 0, 11, 49, 4083 }, // U+0446
    { 12, 11, 196, 0, 11, 33, 4132 }, // U+0447
    { 17, 11, 281, 0, 11, 47, 4165 }, // U+0448
    { 18, 15, 282, 0, 11, 68, 4212 }, // U+0449
    { 11, 12, 176, 0, 12, 33, 4280 }, // U+044A
    { 15, 11, 250, 0, 11, 42, 4313 }, // U+044B
    { 10, 11, 158, 0, 11, 28, 4355 }, // U+044C
    { 10, 11, 159, 0, 11, 28, 4383 }, // U+044D
    { 16, 11, 261, 0, 11, 44, 4411 }, // U+044E
    { 12, 11, 185, -1, 11, 33, 4455 }, // U+044F
    { 10, 17, 157, 0, 17, 43, 4488 }, // U+0450
    { 11, 16, 157, 0, 16, 44, 4531 }, // U+0451
    { 11, 21, 189, 0, 16, 58, 4575 }, // U+0452
    { 9, 18, 145, 0, 18, 41, 4633 }, // U+0453
    { 10, 11, 157, 0, 11, 28, 4674 }, // U+0454
    { 9, 11, 138, 0, 11, 25, 4702 }, // U+0455
    { 6, 16, 108, 1, 16, 24, 4727 }, // U+0456
    { 8, 16, 108, 1, 16, 32, 4751 }, // U+0457
    { 11, 21, 95, -4, 16, 58, 4783 }, // U+0458
    { 16, 11, 246, -1, 11, 44, 4841 }, // U+0459
    { 15, 11, 238, 0, 11, 42, 4885 }, // U+045A
    { 12, 17, 200, 0, 17, 51, 4927 }, // U+045B
    { 11, 18, 181, 0, 18, 50, 4978 }, // U+045C
    { 13, 18, 204, 0, 18, 59, 5028 }, // U+045D
    { 13, 22, 178, -2, 17, 72, 5087 }, // U+045E
    { 13, 15, 204, 0, 11, 49, 5159 }, // U+045F
    { 13, 17, 224, 1, 17, 56, 5208 }, // U+0462
    { 15, 11, 246, 0, 11, 42, 5264 }, // U+0463
    { 15, 15, 246, 0, 15, 57, 5306 }, // U+0472
    { 11, 11, 185, 0, 11, 31, 5363 }, // U+0473
    { 16, 15, 246, 1, 15, 60, 5394 }, // U+0474
    { 13, 11, 181, 0, 11, 36, 5454 }, // U+0475
    { 19, 25, 267, -1, 20, 119, 5490 }, // U+048A
    { 13, 21, 204, 0, 17, 69, 5609 }, // U+048B
    { 13, 15, 196, -1, 15, 49, 5678 }, // U+048C
    { 9, 15, 162, 1, 15, 34, 5727 }, // U+048D
    { 13, 15, 197, -1, 15, 49, 5761 }, // U+048E
    { 14, 16, 191, -2, 11, 56, 5810 }, // U+048F
    { 14, 18, 187, -1, 18, 63, 5866 }, // U+0490
    { 11, 14, 151, 0, 14, 39, 5929 }, // U+0491
    { 14, 15, 189, -1, 15, 53, 5968 }, // U+0492
    { 9, 11, 145, 0, 11, 25, 6021 }, // U+0493
    { 14, 20, 201, -1, 15, 70, 6046 }, // U+0494
    { 10, 16, 178, 1, 11, 40, 6116 }, // U+0495
    { 23, 20, 317, -2, 15, 115, 6156 }, // U+0496
    { 19, 16, 298, 0, 12, 76, 6271 }, // U+0497
    { 11, 20, 184, 0, 15, 55, 6347 }, // U+0498
    { 9, 15, 152, 0, 11, 34, 6402 }, // U+0499
    { 16, 20, 225, -1, 15, 80, 6436 }, // U+049A
    { 12, 15, 184, 0, 11, 45, 6516 }, // U+049B
    { 17, 15, 244, -1, 15, 64, 6561 }, // U+049C
    { 13, 11, 202, 0, 11, 36, 6625 }, // U+049D
    { 16, 15, 225, -1, 15, 60, 6661 }, // U+049E
    { 10, 15, 181, 1, 15, 38, 6721 }, // U+049F
    { 17, 15, 265, 1, 15, 64, 6759 }, // U+04A0
    { 13, 11, 205, 0, 11, 36, 6823 }, // U+04A1
    { 19, 20, 267, -1, 15, 95, 6859 }, // U+04A2
    { 13, 15, 209, 0, 11, 49, 6954 }, // U+04A3
    { 21, 15, 307, -1, 15, 79, 7003 }, // U+04A4
    { 15, 11, 246, 0, 11, 42, 7082 }, // U+04A5
    { 22, 20, 344, -1, 15, 110, 7124 }, // U+04A6
    { 17, 16, 281, 0, 11, 68, 7234 }, // U+04A7
    { 16, 15, 265, 0, 15, 60, 7302 }, // U+04A8
    { 13, 11, 214, 0, 11, 36, 7362 }, // U+04A9
    { 14, 20, 215, 0, 15, 70, 7398 }, // U+04AA
    { 9, 15, 148, 0, 11, 34, 7468 }, // U+04AB
    { 13, 20, 213, 1, 15, 65, 7502 }, // U+04AC
    { 19, 15, 300, 0, 11, 72, 7567 }, // U+04AD
    { 14, 15, 215, 1, 15, 53, 7639 }, // U+04AE
    { 11, 16, 172, 0, 11, 44, 7692 }, // U+04AF
    { 14, 15, 215, 1, 15, 53, 7736 }, // U+04B0
    { 11, 16, 172, 0, 11, 44, 7789 }, // U+04B1
    { 17, 20, 224, -2, 15, 85, 7833 }, // U+04B2
    { 13, 15, 186, -1, 11, 49, 7918 }, // U+04B3
    { 19, 20, 282, 0, 15, 95, 7967 }, // U+04B4
    { 13, 19, 205, 0, 15, 62, 8062 }, // U+04B5
    { 14, 20, 227, 1, 15, 70, 8124 }, // U+04B6
    { 12, 15, 198, 0, 11, 45, 8194 }, // U+04B7
    { 14, 15, 227, 1, 15, 53, 8239 }, // U+04B8
    { 12, 11, 197, 0, 11, 33, 8292 }, // U+04B9
    { 14, 15, 223, -1, 15, 53, 8325 }, // U+04BA
    { 12, 17, 199, 0, 17, 51, 8378 }, // U+04BB
    { 16, 15, 264, 0, 15, 60, 8429 }, // U+04BC
    { 12, 11, 193, 0, 11, 33, 8489 }, // U+04BD
    { 16, 20, 264, 0, 15, 80, 8522 }, // U+04BE
    { 12, 16, 193, 0, 11, 48, 8602 }, // U+04BF
    { 10, 15, 124, -1, 15, 38, 8650 }, // U+04C0
    { 23, 21, 317, -2, 21, 121, 8688 }, // U+04C1
    { 19, 17, 296, 0, 17, 81, 8809 }, // U+04C2
    { 16, 20, 226, -1, 15, 80, 8890 }, // U+04C3
    { 11, 16, 184, 0, 11, 44, 8970 }, // U+04C4
    { 17, 20, 231, -2, 15, 85, 9014 }, // U+04C5
    { 13, 15, 202, -1, 11, 49, 9099 }, // U+04C6
    { 19, 20, 267, -1, 15, 95, 9148 }, // U+04C7
    { 12, 16, 192, 0, 11, 48, 9243 }, // U+04C8
    { 19, 20, 267, -1, 15, 95, 9291 }, // U+04C9
    { 13, 15, 207, 0, 11, 49, 9386 }, // U+04CA
    { 14, 20, 227, 1, 15, 70, 9435 }, // U+04CB
    { 12, 15, 183, 0, 11, 45, 9505 }, // U+04CC
    { 20, 20, 302, -1, 15, 100, 9550 }, // U+04CD
    { 16, 15, 257, 0, 11, 60, 9650 }, // U+04CE
    { 10, 16, 106, -1, 16, 40, 9710 }, // U+04CF
    { 17, 21, 244, -2, 21, 90, 9750 }, // U+04D0
    { 12, 17, 195, 0, 17, 51, 9840 }, // U+04D1
    { 17, 19, 244, -2, 19, 81, 9891 }, // U+04D2
    { 12, 16, 195, 0, 16, 48, 9972 }, // U+04D3
    { 21, 15, 299, -2, 15, 79, 10020 }, // U+04D4
    { 16, 11, 257, 0, 11, 44, 10099 }, // U+04D5
    { 14, 21, 204, -1, 21, 74, 10143 }, // U+04D6
    { 11, 17, 157, 0, 17, 47, 10217 }, // U+04D7
    { 13, 15, 210, 0, 15, 49, 10264 }, // U+04D8
    { 10, 11, 160, 0, 11, 28, 10313 }, // U+04D9
    { 13, 20, 210, 0, 20, 65, 10341 }, // U+04DA
    { 10, 16, 160, 0, 16, 40, 10406 }, // U+04DB
    { 23, 20, 317, -2, 20, 115, 10446 }, // U+04DC
    { 19, 16, 296, 0, 16, 76, 10561 }, // U+04DD
    { 11, 20, 184, 0, 20, 55, 10637 }, // U+04DE
    { 10, 16, 152, 0, 16, 40, 10692 }, // U+04DF
    { 13, 15, 191, -1, 15, 49, 10732 }, // U+04E0
    { 13, 16, 172, -2, 11, 52, 10781 }, // U+04E1
    { 19, 19, 267, -1, 19, 91, 10833 }, // U+04E2
    { 13, 15, 204, 0, 15, 49, 10924 }, // U+04E3
    { 19, 19, 267, -1, 19, 91, 10973 }, // U+04E4
    { 13, 16, 204, 0, 16, 52, 11064 }, // U+04E5
    { 15, 20, 246, 0, 20, 75, 11116 }, // U+04E6
    { 12, 16, 181, 0, 16, 48, 11191 }, // U+04E7
    { 15, 15, 246, 0, 15, 57, 11239 }, // U+04E8
    { 11, 11, 185, 0, 11, 31, 11296 }, // U+04E9
    { 15, 20, 246, 0, 20, 75, 11327 }, // U+04EA
    { 12, 16, 185, 0, 16, 48, 11402 }, // U+04EB
    { 12, 20, 206, 0, 20, 60, 11450 }, // U+04EC
    { 10, 16, 159, 0, 16, 40, 11510 }, // U+04ED
    { 15, 19, 209, 0, 19, 72, 11550 }, // U+04EE
    { 13, 20, 178, -2, 15, 65, 11622 }, // U+04EF
    { 15, 20, 209, 0, 20, 75, 11687 }, // U+04F0
    { 13, 21, 178, -2, 16, 69, 11762 }, // U+04F1
    { 15, 21, 209, 0, 21, 79, 11831 }, // U+04F2
    { 13, 23, 178, -2, 18, 75, 11910 }, // U+04F3
    { 14, 19, 227, 1, 19, 67, 11985 }, // U+04F4
    { 12, 16, 197, 0, 16, 48, 12052 }, // U+04F5
    { 14, 20, 189, -1, 15, 70, 12100 }, // U+04F6
    { 9, 15, 145, 0, 11, 34, 12170 }, // U+04F7
    { 21, 19, 303, -1, 19, 100, 12204 }, // U+04F8
    { 15, 16, 250, 0, 16, 60, 12304 }, // U+04F9
    { 14, 20, 189, -1, 15, 70, 12364 }, // U+04FA
    { 9, 15, 145, 0, 11, 34, 12434 }, // U+04FB
    { 17, 20, 224, -2, 15, 85, 12468 }, // U+04FC
    { 13, 16, 186, -1, 11, 52, 12553 }, // U+04FD
    { 17, 15, 224, -2, 15, 64, 12605 }, // U+04FE
    { 13, 11, 186, -1, 11, 36, 12669 }, // U+04FF
    { 17, 20, 244, -2, 15, 85, 0 }, // U+1EA0
    { 12, 16, 195, 0, 11, 48, 85 }, // U+1EA1
    { 17, 22, 244, -2, 22, 94, 133 }, // U+1EA2
    { 12, 19, 195, 0, 19, 57, 227 }, // U+1EA3
    { 18, 22, 244, -2, 22, 99, 284 }, // U+1EA4
    { 14, 21, 195, 0, 21, 74, 383 }, // U+1EA5
    { 17, 22, 244, -2, 22, 94, 457 }, // U+1EA6
    { 12, 21, 195, 0, 21, 63, 551 }, // U+1EA7
    { 18, 22, 244, -2, 22, 99, 614 }, // U+1EA8
    { 14, 21, 195, 0, 21, 74, 713 }, // U+1EA9
    { 17, 22, 244, -2, 22, 94, 787 }, // U+1EAA
    { 12, 20, 195, 0, 20, 60, 881 }, // U+1EAB
    { 17, 25, 244, -2, 20, 107, 941 }, // U+1EAC
    { 12, 22, 195, 0, 17, 66, 1048 }, // U+1EAD
    { 17, 22, 244, -2, 22, 94, 1114 }, // U+1EAE
    { 12, 21, 195, 0, 21, 63, 1208 }, // U+1EAF
    { 17, 22, 244, -2, 22, 94, 1271 }, // U+1EB0
    { 12, 21, 195, 0, 21, 63, 1365 }, // U+1EB1
    { 17, 22, 244, -2, 22, 94, 1428 }, // U+1EB2
    { 12, 21, 195, 0, 21, 63, 1522 }, // U+1EB3
    { 17, 22, 244, -2, 22, 94, 1585 }, // U+1EB4
    { 12, 20, 195, 0, 20, 60, 1679 }, // U+1EB5
    { 17, 25, 244, -2, 20, 107, 1739 }, // U+1EB6
    { 12, 22, 195, 0, 17, 66, 1846 }, // U+1EB7
    { 14, 20, 204, -1, 15, 70, 1912 }, // U+1EB8
    { 10, 16, 157, 0, 11, 40, 1982 }, // U+1EB9
    { 14, 22, 204, -1, 22, 77, 2022 }, // U+1EBA
    { 10, 19, 157, 0, 19, 48, 2099 }, // U+1EBB
    { 14, 20, 204, -1, 20, 70, 2147 }, // U+1EBC
    { 11, 16, 157, 0, 16, 44, 2217 }, // U+1EBD
    { 16, 22, 204, -1, 22, 88, 2261 }, // U+1EBE
    { 13, 21, 157, 0, 21, 69, 2349 }, // U+1EBF
    { 14, 22, 204, -1, 22, 77, 2418 }, // U+1EC0
    { 11, 21, 157, 0, 21, 58, 2495 }, // U+1EC1
    { 16, 22, 204, -1, 22, 88, 2553 }, // U+1EC2
    { 13, 21, 157, 0, 21, 69, 2641 }, // U+1EC3
    { 14, 22, 204, -1, 22, 77, 2710 }, // U+1EC4
    { 11, 20, 157, 0, 20, 55, 2787 }, // U+1EC5
    { 14, 25, 204, -1, 20, 88, 2842 }, // U+1EC6
    { 10, 22, 157, 0, 17, 55, 2930 }, // U+1EC7
    { 10, 22, 124, -1, 22, 55, 2985 }, // U+1EC8
    { 7, 19, 110, 1, 19, 34, 3040 }, // U+1EC9
    { 10, 20, 124, -1, 15, 50, 3074 }, // U+1ECA
    { 7, 21, 108, 0, 16, 37, 3124 }, // U+1ECB
    { 15, 20, 246, 0, 15, 75, 3161 }, // U+1ECC
    { 11, 16, 181, 0, 11, 44, 3236 }, // U+1ECD
    { 15, 22, 246, 0, 22, 83, 3280 }, // U+1ECE
    { 11, 19, 181, 0, 19, 53, 3363 }, // U+1ECF
    { 16, 22, 246, 0, 22, 88, 3416 }, // U+1ED0
    { 14, 21, 181, 0, 21, 74, 3504 }, // U+1ED1
    { 15, 22, 246, 0, 22, 83, 3578 }, // U+1ED2
    { 12, 21, 181, 0, 21, 63, 3661 }, // U+1ED3
    { 16, 23, 246, 0, 23, 92, 3724 }, // U+1ED4
    { 14, 21, 181, 0, 21, 74, 3816 }, // U+1ED5
    { 15, 22, 246, 0, 22, 83, 3890 }, // U+1ED6
    { 12, 20, 181, 0, 20, 60, 3973 }, // U+1ED7
    { 15, 25, 246, 0, 20, 94, 4033 }, // U+1ED8
    { 11, 22, 181, 0, 17, 61, 4127 }, // U+1ED9
    { 17, 21, 246, 0, 21, 90, 4188 }, // U+1EDA
    { 13, 18, 198, 0, 18, 59, 4278 }, // U+1EDB
    { 17, 21, 246, 0, 21, 90, 4337 }, // U+1EDC
    { 13, 18, 198, 0, 18, 59, 4427 }, // U+1EDD
    { 17, 22, 246, 0, 22, 94, 4486 }, // U+1EDE
    { 13, 19, 198, 0, 19, 62, 4580 }, // U+1EDF
    { 17, 20, 246, 0, 20, 85, 4642 }, // U+1EE0
    { 13, 16, 198, 0, 16, 52, 4727 }, // U+1EE1
    { 17, 22, 246, 0, 17, 94, 4779 }, // U+1EE2
    { 13, 18, 181, 0, 13, 59, 4873 }, // U+1EE3
    { 15, 20, 256, 2, 15, 75, 4932 }, // U+1EE4
    { 13, 16, 204, 0, 11, 52, 5007 }, // U+1EE5
    { 15, 22, 256, 2, 22, 83, 5059 }, // U+1EE6
    { 13, 19, 204, 0, 19, 62, 5142 }, // U+1EE7
    { 16, 21, 256, 2, 21, 84, 5204 }, // U+1EE8
    { 14, 18, 217, 0, 18, 63, 5288 }, // U+1EE9
    { 16, 21, 256, 2, 21, 84, 5351 }, // U+1EEA
    { 14, 18, 217, 0, 18, 63, 5435 }, // U+1EEB
    { 16, 22, 256, 2, 22, 88, 5498 }, // U+1EEC
    { 14, 19, 217, 0, 19, 67, 5586 }, // U+1EED
    { 16, 20, 256, 2, 20, 80, 5653 }, // U+1EEE
    { 14, 16, 217, 0, 16, 56, 5733 }, // U+1EEF
    { 16, 22, 256, 2, 17, 88, 5789 }, // U+1EF0
    { 14, 18, 204, 0, 13, 63, 5877 }, // U+1EF1
    { 14, 21, 215, 1, 21, 74, 5940 }, // U+1EF2
    { 13, 23, 178, -2, 18, 75, 6014 }, // U+1EF3
    { 14, 20, 215, 1, 15, 70, 6089 }, // U+1EF4
    { 13, 16, 178, -2, 11, 52, 6159 }, // U+1EF5
    { 14, 22, 215, 1, 22, 77, 6211 }, // U+1EF6
    { 13, 24, 178, -2, 19, 78, 6288 }, // U+1EF7
    { 14, 20, 215, 1, 20, 70, 6366 }, // U+1EF8
    { 13, 21, 178, -2, 16, 69, 6436 }, // U+1EF9
    { 0, 0, 167, 0, 0, 0, 0 }, // U+2000
    { 0, 0, 333, 0, 0, 0, 0 }, // U+2001
    { 0, 0, 167, 0, 0, 0, 0 }, // U+2002
    { 0, 0, 333, 0, 0, 0, 0 }, // U+2003
    { 0, 0, 111, 0, 0, 0, 0 }, // U+2004
    { 0, 0, 83, 0, 0, 0, 0 }, // U+2005
    { 0, 0, 55, 0, 0, 0, 0 }, // U+2006
    { 0, 0, 208, 0, 0, 0, 0 }, // U+2007
    { 0, 0, 91, 0, 0, 0, 0 }, // U+2008
    { 0, 0, 67, 0, 0, 0, 0 }, // U+2009
    { 0, 0, 17, 0, 0, 0, 0 }, // U+200A
    { 0, 0, 0, 0, 0, 0, 0 }, // U+200B
    { 2, 17, 0, -1, 12, 9, 0 }, // U+200C
    { 6, 19, 0, -3, 14, 29, 9 }, // U+200D
    { 8, 20, 0, -4, 15, 40, 38 }, // U+200E
    { 8, 20, 0, -4, 15, 40, 78 }, // U+200F
    { 7, 2, 125, 0, 7, 4, 118 }, // U+2010
    { 7, 2, 125, 0, 7, 4, 122 }, // U+2011
    { 11, 2, 208, 1, 8, 6, 126 }, // U+2012
    { 11, 2, 167, 0, 7, 6, 132 }, // U+2013
    { 21, 2, 333, 0, 7, 11, 138 }, // U+2014
    { 21, 2, 333, 0, 7, 11, 149 }, // U+2015
    { 7, 21, 167, 2, 16, 37, 160 }, // U+2016
    { 11, 4, 167, 0, -1, 11, 197 }, // U+2017
    { 5, 7, 100, 1, 16, 9, 208 }, // U+2018
    { 5, 7, 100, 1, 16, 9, 217 }, // U+2019
    { 5, 7, 100, 0, 3, 9, 226 }, // U+201A
    { 5, 7, 79, 0, 16, 9, 235 }, // U+201B
    { 10, 7, 167, 1, 16, 18, 244 }, // U+201C
    { 9, 7, 167, 1, 16, 16, 262 }, // U+201D
    { 9, 7, 167, 0, 3, 16, 278 }, // U+201E
    { 9, 7, 146, 0, 16, 16, 294 }, // U+201F
    { 9, 14, 156, 1, 15, 32, 310 }, // U+2020
    { 10, 16, 156, 0, 15, 40, 342 }, // U+2021
    { 5, 4, 100, 1, 7, 5, 382 }, // U+2022
    { 7, 8, 208, 3, 11, 14, 387 }, // U+2023
    { 4, 3, 91, 1, 3, 3, 401 }, // U+2024
    { 9, 3, 167, 1, 3, 7, 404 }, // U+2025
    { 18, 3, 333, 1, 3, 14, 411 }, // U+2026
    { 4, 3, 91, 1, 7, 3, 425 }, // U+2027
    { 0, 0, 0, 0, 0, 0, 428 }, // U+2028
    { 0, 0, 0, 0, 0, 0, 428 }, // U+2029
    { 8, 20, 0, -4, 15, 40, 428 }, // U+202A
    { 8, 20, 0, -4, 15, 40, 468 }, // U+202B
    { 6, 20, 0, -3, 15, 30, 508 }, // U+202C
    { 10, 20, 0, -5, 15, 50, 538 }, // U+202D
    { 10, 20, 0, -5, 15, 50, 588 }, // U+202E
    { 0, 0, 36, 0, 0, 0, 638 }, // U+202F
    { 26, 17, 455, 1, 16, 111, 638 }, // U+2030
    { 5, 7, 87, 0, 15, 9, 749 }, // U+2032
    { 9, 7, 152, 0, 15, 16, 758 }, // U+2033
    { 13, 7, 217, 0, 15, 23, 774 }, // U+2034
    { 5, 7, 87, 0, 15, 9, 797 }, // U+2035
    { 10, 7, 160, 0, 15, 18, 806 }, // U+2036
    { 14, 7, 233, 0, 15, 25, 824 }, // U+2037
    { 10, 5, 166, 0, 0, 13, 849 }, // U+2038
    { 7, 8, 105, 0, 10, 14, 862 }, // U+2039
    { 6, 8, 105, 0, 10, 12, 876 }, // U+203A
    { 13, 15, 208, 0, 14, 49, 888 }, // U+203B
    { 12, 16, 192, 1, 16, 48, 937 }, // U+203C
    { 11, 2, 167, 0, 18, 6, 985 }, // U+203E
    { 6, 2, 100, 0, 7, 3, 991 }, // U+2043
    { 13, 17, 78, -4, 16, 56, 994 }, // U+2044
    { 16, 15, 271, 1, 15, 60, 1050 }, // U+2047
    { 14, 16, 233, 1, 16, 56, 1110 }, // U+2048
    { 14, 16, 239, 1, 16, 56, 1166 }, // U+2049
    { 12, 5, 333, 4, 9, 15, 1222 }, // U+2053
    { 17, 7, 282, 0, 15, 30, 1237 }, // U+2057
    { 0, 0, 74, 0, 0, 0, 1267 }, // U+205F
    { 0, 0, 0, 0, 0, 0, 1267 }, // U+2060
    { 0, 0, 0, 0, 0, 0, 1267 }, // U+2061
    { 0, 0, 0, 0, 0, 0, 1267 }, // U+2062
    { 0, 0, 0, 0, 0, 0, 1267 }, // U+2063
    { 0, 0, 0, 0, 0, 0, 1267 }, // U+2064
    { 9, 9, 149, 0, 17, 21, 0 }, // U+2070
    { 9, 9, 149, 0, 17, 21, 21 }, // U+2074
    { 8, 9, 149, 1, 17, 18, 42 }, // U+2075
    { 8, 9, 149, 1, 17, 18, 60 }, // U+2076
    { 7, 9, 149, 2, 17, 16, 78 }, // U+2077
    { 8, 9, 149, 1, 17, 18, 94 }, // U+2078
    { 9, 9, 149, 0, 17, 21, 112 }, // U+2079
    { 8, 8, 189, 2, 16, 16, 133 }, // U+207F
    { 9, 9, 149, 0, 6, 21, 149 }, // U+2080
    { 6, 10, 149, 1, 7, 15, 170 }, // U+2081
    { 9, 9, 149, 0, 6, 21, 185 }, // U+2082
    { 8, 9, 149, 0, 6, 18, 206 }, // U+2083
    { 9, 9, 149, 0, 6, 21, 224 }, // U+2084
    { 8, 9, 149, 1, 6, 18, 245 }, // U+2085
    { 8, 9, 149, 1, 6, 18, 263 }, // U+2086
    { 7, 9, 149, 2, 6, 16, 281 }, // U+2087
    { 8, 9, 149, 1, 6, 18, 297 }, // U+2088
    { 9, 9, 149, 0, 6, 21, 315 }, // U+2089
    { 13, 15, 208, 0, 15, 49, 0 }, // U+20A3
    { 14, 15, 208, -1, 15, 53, 49 }, // U+20A4
    { 25, 15, 417, 0, 15, 94, 102 }, // U+20A7
    { 15, 15, 208, -1, 15, 57, 196 }, // U+20AC
    { 12, 9, 333, 4, 12, 27, 0 }, // U+2190
    { 9, 14, 333, 6, 14, 32, 27 }, // U+2191
    { 12, 9, 333, 4, 12, 27, 59 }, // U+2192
    { 9, 14, 333, 6, 14, 32, 86 }, // U+2193
    { 13, 9, 333, 4, 12, 30, 118 }, // U+2194
    { 9, 14, 333, 6, 14, 32, 148 }, // U+2195
    { 9, 14, 333, 6, 14, 32, 180 }, // U+21A8
    { 9, 14, 333, 6, 14, 32, 212 }, // U+21B2
    { 9, 14, 333, 6, 14, 32, 244 }, // U+21B3
    { 12, 10, 333, 4, 12, 30, 276 }, // U+21B5
    { 13, 10, 333, 4, 12, 33, 306 }, // U+21D0
    { 10, 13, 333, 5, 14, 33, 339 }, // U+21D1
    { 13, 10, 333, 4, 12, 33, 372 }, // U+21D2
    { 10, 13, 333, 5, 14, 33, 405 }, // U+21D3
    { 13, 10, 333, 4, 12, 33, 438 }, // U+21D4
    { 15, 16, 333, 3, 15, 60, 0 }, // U+2200
    { 10, 18, 208, 2, 17, 45, 60 }, // U+2202
    { 10, 15, 333, 5, 15, 38, 105 }, // U+2203
    { 16, 17, 333, 2, 16, 68, 143 }, // U+2205
    { 14, 15, 219, 0, 15, 53, 211 }, // U+2206
    { 13, 16, 333, 4, 15, 52, 264 }, // U+2207
    { 13, 15, 333, 4, 15, 49, 316 }, // U+2208
    { 13, 19, 333, 4, 17, 62, 365 }, // U+2209
    { 14, 11, 333, 3, 13, 39, 427 }, // U+220A
    { 14, 15, 333, 3, 15, 53, 466 }, // U+220B
    { 14, 19, 333, 3, 17, 67, 519 }, // U+220C
    { 13, 11, 333, 4, 13, 36, 586 }, // U+220D
    { 17, 19, 270, 0, 15, 81, 622 }, // U+220F
    { 13, 19, 204, 0, 15, 62, 703 }, // U+2211
    { 9, 2, 208, 2, 8, 5, 765 }, // U+2212
    { 12, 16, 166, -1, 15, 48, 770 }, // U+2215
    { 8, 16, 166, 1, 15, 32, 818 }, // U+2216
    { 9, 10, 208, 2, 12, 23, 850 }, // U+2217
    { 7, 8, 208, 3, 11, 14, 873 }, // U+2218
    { 3, 3, 208, 5, 7, 3, 887 }, // U+2219
    { 13, 20, 208, 0, 17, 65, 890 }, // U+221A
    { 11, 8, 208, 1, 11, 22, 955 }, // U+221D
    { 13, 7, 208, 0, 10, 23, 977 }, // U+221E
    { 13, 15, 333, 4, 15, 49, 1000 }, // U+221F
    { 15, 15, 333, 2, 15, 57, 1049 }, // U+2220
    { 2, 21, 167, 4, 16, 11, 1106 }, // U+2223
    { 6, 21, 167, 2, 16, 32, 1117 }, // U+2225
    { 13, 15, 333, 4, 15, 49, 1149 }, // U+2227
    { 13, 15, 333, 4, 15, 49, 1198 }, // U+2228
    { 12, 16, 333, 5, 15, 48, 1247 }, // U+2229
    { 12, 15, 333, 5, 15, 45, 1295 }, // U+222A
    { 12, 21, 208, 0, 16, 63, 1340 }, // U+222B
    { 13, 11, 333, 4, 11, 36, 1403 }, // U+2234
    { 13, 11, 333, 4, 11, 36, 1439 }, // U+2235
    { 5, 11, 101, 1, 13, 14, 1475 }, // U+2236
    { 13, 11, 333, 4, 11, 36, 1489 }, // U+2237
    { 12, 4, 333, 4, 8, 12, 1525 }, // U+223C
    { 12, 12, 333, 4, 13, 36, 1537 }, // U+2245
    { 11, 8, 208, 1, 11, 22, 1573 }, // U+2248
    { 11, 8, 333, 5, 10, 22, 1595 }, // U+224D
    { 9, 10, 208, 2, 12, 23, 1617 }, // U+2260
    { 11, 10, 333, 5, 11, 28, 1640 }, // U+2261
    { 9, 13, 208, 2, 13, 30, 1668 }, // U+2264
    { 9, 13, 208, 2, 13, 30, 1698 }, // U+2265
    { 17, 10, 333, 2, 12, 43, 1728 }, // U+226A
    { 17, 10, 333, 2, 12, 43, 1771 }, // U+226B
    { 14, 12, 333, 3, 13, 42, 1814 }, // U+2283
    { 13, 19, 333, 4, 17, 62, 1856 }, // U+2284
    { 14, 19, 333, 3, 16, 67, 1918 }, // U+2285
    { 13, 15, 333, 4, 15, 49, 1985 }, // U+2286
    { 14, 15, 333, 3, 15, 53, 2034 }, // U+2287
    { 16, 16, 333, 2, 15, 64, 2087 }, // U+2295
    { 16, 16, 333, 2, 15, 64, 2151 }, // U+2296
    { 16, 16, 333, 2, 15, 64, 2215 }, // U+2297
    { 16, 16, 333, 2, 15, 64, 2279 }, // U+2298
    { 12, 15, 333, 4, 15, 45, 2343 }, // U+22A5
    { 3, 3, 208, 5, 7, 3, 2388 }, // U+22C5
    { 17, 3, 333, 2, 7, 13, 2391 }, // U+22EF
    { 22, 21, 246, -4, 16, 116, 0 }, // U+FB00
    { 17, 21, 217, -4, 16, 90, 116 }, // U+FB01
    { 18, 21, 225, -4, 16, 95, 206 }, // U+FB02
    { 24, 21, 326, -4, 16, 126, 301 }, // U+FB03
    { 25, 21, 334, -4, 16, 132, 427 }, // U+FB04
    { 20, 21, 245, -4, 16, 105, 559 }, // U+FB05
    { 17, 16, 267, 0, 16, 68, 664 }, // U+FB06
    { 21, 21, 333, 0, 18, 111, 0 }, // U+FFFD
};

static const EpdUnicodeInterval bookerly_10_italicIntervals[] = {
    { 0x0, 0x0, 0x0 },
    { 0x8, 0x9, 0x1 },
    { 0xD, 0xD, 0x3 },
    { 0x1D, 0x1D, 0x4 },
    { 0x20, 0x7E, 0x5 },
    { 0xA0, 0xFF, 0x64 },
    { 0x100, 0x17F, 0xC4 },
    { 0x1A0, 0x1A1, 0x144 },
    { 0x1AF, 0x1B0, 0x146 },
    { 0x1C4, 0x1F5, 0x148 },
    { 0x1F8, 0x21F, 0x17A },
    { 0x300, 0x304, 0x1A2 },
    { 0x306, 0x30C, 0x1A7 },
    { 0x30F, 0x30F, 0x1AE },
    { 0x311, 0x315, 0x1AF },
    { 0x31B, 0x31B, 0x1B4 },
    { 0x323, 0x329, 0x1B5 },
    { 0x32D, 0x32E, 0x1BC },
    { 0x330, 0x331, 0x1BE },
    { 0x342, 0x342, 0x1C0 },
    { 0x344, 0x345, 0x1C1 },
    { 0x400, 0x45F, 0x1C3 },
    { 0x462, 0x463, 0x223 },
    { 0x472, 0x475, 0x225 },
    { 0x48A, 0x4FF, 0x229 },
    { 0x1EA0, 0x1EF9, 0x29F },
    { 0x2000, 0x2030, 0x2F9 },
    { 0x2032, 0x203C, 0x32A },
    { 0x203E, 0x203E, 0x335 },
    { 0x2043, 0x2044, 0x336 },
    { 0x2047, 0x2049, 0x338 },
    { 0x2053, 0x2053, 0x33B },
    { 0x2057, 0x2057, 0x33C },
    { 0x205F, 0x2064, 0x33D },
    { 0x2070, 0x2070, 0x343 },
    { 0x2074, 0x2079, 0x344 },
    { 0x207F, 0x2089, 0x34A },
    { 0x20A3, 0x20A4, 0x355 },
    { 0x20A7, 0x20A7, 0x357 },
    { 0x20AC, 0x20AC, 0x358 },
    { 0x2190, 0x2195, 0x359 },
    { 0x21A8, 0x21A8, 0x35F },
    { 0x21B2, 0x21B3, 0x360 },
    { 0x21B5, 0x21B5, 0x362 },
    { 0x21D0, 0x21D4, 0x363 },
    { 0x2200, 0x2200, 0x368 },
    { 0x2202, 0x2203, 0x369 },
    { 0x2205, 0x220D, 0x36B },
    { 0x220F, 0x220F, 0x374 },
    { 0x2211, 0x2212, 0x375 },
    { 0x2215, 0x221A, 0x377 },
    { 0x221D, 0x2220, 0x37D },
    { 0x2223, 0x2223, 0x381 },
    { 0x2225, 0x2225, 0x382 },
    { 0x2227, 0x222B, 0x383 },
    { 0x2234, 0x2237, 0x388 },
    { 0x223C, 0x223C, 0x38C },
    { 0x2245, 0x2245, 0x38D },
    { 0x2248, 0x2248, 0x38E },
    { 0x224D, 0x224D, 0x38F },
    { 0x2260, 0x2261, 0x390 },
    { 0x2264, 0x2265, 0x392 },
    { 0x226A, 0x226B, 0x394 },
    { 0x2283, 0x2287, 0x396 },
    { 0x2295, 0x2298, 0x39B },
    { 0x22A5, 0x22A5, 0x39F },
    { 0x22C5, 0x22C5, 0x3A0 },
    { 0x22EF, 0x22EF, 0x3A1 },
    { 0xFB00, 0xFB06, 0x3A2 },
    { 0xFFFD, 0xFFFD, 0x3A9 },
};

static const EpdFontGroup bookerly_10_italicGroups[] = {
    { 0, 2279, 4074, 89, 3254, 0 },
    { 2279, 310, 442, 11, 80, 89 },
    { 2589, 1634, 4057, 69, 3483, 100 },
    { 4223, 599, 1488, 27, 614, 169 },
    { 4822, 1359, 4095, 60, 3409, 196 },
    { 6181, 1394, 4011, 59, 3919, 256 },
    { 7575, 265, 668, 9, 453, 315 },
    { 7840, 3163, 7473, 94, 3817, 324 },
    { 11003, 226, 277, 33, 200, 418 },
    { 11229, 6741, 14130, 220, 3810, 451 },
    { 17970, 1573, 7261, 90, 3491, 671 },
    { 19543, 776, 1473, 74, 930, 761 },
    { 20319, 217, 387, 18, 234, 835 },
    { 20536, 211, 285, 4, 141, 853 },
    { 20747, 307, 570, 15, 431, 857 },
    { 21054, 1312, 2739, 58, 1703, 872 },
    { 22366, 397, 794, 7, 497, 930 },
    { 22763, 91, 126, 1, 24, 937 },
};

static const uint16_t bookerly_10_italicKernLeftCodepoints[] = {
    0x0028, 0x002A, 0x002C, 0x002D, 0x002E, 0x002F, 0x0041, 0x0042, 0x0043, 0x0044, 0x0045, 0x0046,
    0x0047, 0x0048, 0x0049, 0x004A, 0x004B, 0x004C, 0x004D, 0x004E, 0x004F, 0x0050, 0x0051, 0x0052,
    0x0053, 0x0054, 0x0055, 0x0056, 0x0057, 0x0058, 0x0059, 0x005A, 0x005B, 0x005C, 0x0061, 0x0062,
    0x0063, 0x0065, 0x0066, 0x0067, 0x0068, 0x006A, 0x006B, 0x006D, 0x006E, 0x006F, 0x0070, 0x0071,
    0x0072, 0x0073, 0x0074, 0x0075, 0x0076, 0x0077, 0x0078, 0x0079, 0x007A, 0x007B, 0x00A1, 0x00AB,
    0x00AD, 0x00BB, 0x00BF, 0x00C0, 0x00C1, 0x00C2, 0x00C3, 0x00C4, 0x00C5, 0x00C6, 0x00C7, 0x00C8,
    0x00C9, 0x00CA, 0x00CB, 0x00CC, 0x00CD, 0x00CE, 0x00CF, 0x00D0, 0x00D1, 0x00D2, 0x00D3, 0x00D4,
    0x00D5, 0x00D6, 0x00D8, 0x00D9, 0x00DA, 0x00DB, 0x00DC, 0x00DD, 0x00DE, 0x00DF, 0x00E0, 0x00E1,
    0x00E2, 0x00E3, 0x00E4, 0x00E5, 0x00E6, 0x00E7, 0x00E8, 0x00E9, 0x00EA, 0x00EB, 0x00EE, 0x00EF,
    0x00F0, 0x00F1, 0x00F2, 0x00F3, 0x00F4, 0x00F5, 0x00F6, 0x00F8, 0x00F9, 0x00FA, 0x00FB, 0x00FC,
    0x00FD, 0x00FE, 0x00FF, 0x0100, 0x0101, 0x0102, 0x0103, 0x0104, 0x0105, 0x0106, 0x0107, 0x0108,
    0x0109, 0x010A, 0x010B, 0x010C, 0x010D, 0x010E, 0x010F, 0x0110, 0x0112, 0x0113, 0x0114, 0x0115,
    0x0116, 0x0117, 0x0118, 0x0119, 0x011A, 0x011B, 0x011C, 0x011D, 0x011E, 0x011F, 0x0120, 0x0121,
    0x0122, 0x0123, 0x0124, 0x0125, 0x0126, 0x0127, 0x0128, 0x0129, 0x012A, 0x012B, 0x012C, 0x012D,
    0x012E, 0x012F, 0x0130, 0x0131, 0x0132, 0x0133, 0x0134, 0x0135, 0x0136, 0x0137, 0x0138, 0x0139,
    0x013B, 0x013C, 0x013E, 0x0141, 0x0142, 0x0143, 0x0144, 0x0145, 0x0146, 0x0147, 0x0148, 0x0149,
    0x014A, 0x014B, 0x014C, 0x014D, 0x014E, 0x014F, 0x0150, 0x0151, 0x0152, 0x0153, 0x0154, 0x0155,
    0x0156, 0x0157, 0x0158, 0x0159, 0x015A, 0x015B, 0x015C, 0x015D, 0x015E, 0x015F, 0x0160, 0x0161,
    0x0162, 0x0163, 0x0164, 0x0166, 0x0167, 0x0168, 0x0169, 0x016A, 0x016B, 0x016C, 0x016D, 0x016E,
    0x016F, 0x0170, 0x0171, 0x0172, 0x0173, 0x0174, 0x0175, 0x0176, 0x0177, 0x0178, 0x0179, 0x017A,
    0x017B, 0x017C, 0x017D, 0x017E, 0x01A0, 0x01A1, 0x01AF, 0x01B0, 0x01C4, 0x01C5, 0x01C6, 0x01C7,
    0x01C8, 0x01C9, 0x01CA, 0x01CB, 0x01CC, 0x01CD, 0x01CE, 0x01CF, 0x01D0, 0x01D1, 0x01D2, 0x01D3,
    0x01D4, 0x01D5, 0x01D6, 0x01D7, 0x01D8, 0x01D9, 0x01DA, 0x01DB, 0x01DC, 0x01DD, 0x01DE, 0x01DF,
    0x01E0, 0x01E1, 0x01E2, 0x01E3, 0x01E4, 0x01E5, 0x01E6, 0x01E7, 0x01E8, 0x01E9, 0x01EA, 0x01EB,
    0x01EC, 0x01ED, 0x01EE, 0x01EF, 0x01F0, 0x01F1, 0x01F2, 0x01F3, 0x01F4, 0x01F5, 0x01F8, 0x01F9,
    0x01FA, 0x01FB, 0x01FC, 0x01FD, 0x01FE, 0x01FF, 0x0200, 0x0201, 0x0202, 0x0203, 0x0204, 0x0205,
    0x0206, 0x0207, 0x0208, 0x0209, 0x020A, 0x020B, 0x020C, 0x020D, 0x020E, 0x020F, 0x0210, 0x0211,
    0x0212, 0x0213, 0x0214, 0x0215, 0x0216, 0x0217, 0x0218, 0x0219, 0x021A, 0x021B, 0x021C, 0x021D,
    0x021E, 0x021F, 0x0400, 0x0401, 0x0402, 0x0404, 0x0405, 0x0406, 0x0407, 0x0408, 0x0409, 0x040A,
    0x040B, 0x040C, 0x040D, 0x040E, 0x040F, 0x0410, 0x0411, 0x0412, 0x0413, 0x0414, 0x0415, 0x0416,
    0x0417, 0x0418, 0x0419, 0x041A, 0x041B, 0x041C, 0x041D, 0x041E, 0x041F, 0x0420, 0x0421, 0x0422,
    0x0423, 0x0424, 0x0425, 0x0426, 0x0427, 0x0428, 0x0429, 0x042A, 0x042B, 0x042C, 0x042D, 0x042E,
    0x042F, 0x0430, 0x0431, 0x0432, 0x0434, 0x0435, 0x0436, 0x0437, 0x0438, 0x0439, 0x043A, 0x043B,
    0x043C, 0x043D, 0x043E, 0x043F, 0x0440, 0x0441, 0x0442, 0x0443, 0x0444, 0x0445, 0x0446, 0x0447,
    0x0448, 0x0449, 0x044A, 0x044B, 0x044C, 0x044D, 0x044E, 0x044F, 0x0450, 0x0451, 0x0452, 0x0454,
    0x0455, 0x0457, 0x0458, 0x0459, 0x045A, 0x045B, 0x045C, 0x045D, 0x045E, 0x045F, 0x0462, 0x0463,
    0x0472, 0x0473, 0x0474, 0x0475, 0x048A, 0x048B, 0x048C, 0x048D, 0x048E, 0x048F, 0x0490, 0x0491,
    0x0492, 0x0496, 0x0497, 0x0498, 0x0499, 0x049A, 0x049B, 0x049C, 0x049D, 0x049E, 0x049F, 0x04A0,
    0x04A1, 0x04A2, 0x04A3, 0x04A8, 0x04A9, 0x04AA, 0x04AB, 0x04AC, 0x04AD, 0x04AE, 0x04AF, 0x04B0,
    0x04B1, 0x04B2, 0x04B3, 0x04B4, 0x04B5, 0x04B6, 0x04B7, 0x04B8, 0x04B9, 0x04BA, 0x04BB, 0x04BC,
    0x04BD, 0x04BE, 0x04BF, 0x04C0, 0x04C1, 0x04C2, 0x04C3, 0x04C4, 0x04C5, 0x04C6, 0x04C7, 0x04C8,
    0x04C9, 0x04CA, 0x04CB, 0x04CD, 0x04CE, 0x04CF, 0x04D0, 0x04D1, 0x04D2, 0x04D3, 0x04D4, 0x04D5,
    0x04D6, 0x04D7, 0x04D8, 0x04D9, 0x04DA, 0x04DB, 0x04DC, 0x04DD, 0x04DE, 0x04DF, 0x04E0, 0x04E1,
    0x04E2, 0x04E3, 0x04E4, 0x04E5, 0x04E6, 0x04E7, 0x04E8, 0x04E9, 0x04EA, 0x04EB, 0x04EC, 0x04ED,
    0x04EE, 0x04EF, 0x04F0, 0x04F1, 0x04F2, 0x04F3, 0x04F4, 0x04F5, 0x04F6, 0x04F8, 0x04F9, 0x04FA,
    0x04FC, 0x04FD, 0x04FE, 0x04FF, 0x1EA0, 0x1EA1, 0x1EA2, 0x1EA3, 0x1EA4, 0x1EA5, 0x1EA6, 0x1EA7,
    0x1EA8, 0x1EA9, 0x1EAA, 0x1EAB, 0x1EAC, 0x1EAD, 0x1EAE, 0x1EAF, 0x1EB0, 0x1EB1, 0x1EB2, 0x1EB3,
    0x1EB4, 0x1EB5, 0x1EB6, 0x1EB7, 0x1EB8, 0x1EB9, 0x1EBA, 0x1EBB, 0x1EBC, 0x1EBD, 0x1EBE, 0x1EBF,
    0x1EC0, 0x1EC1, 0x1EC2, 0x1EC3, 0x1EC4, 0x1EC5, 0x1EC6, 0x1EC7, 0x1EC8, 0x1EC9, 0x1ECA, 0x1ECC,
    0x1ECD, 0x1ECE, 0x1ECF, 0x1ED0, 0x1ED1, 0x1ED2, 0x1ED3, 0x1ED4, 0x1ED5, 0x1ED6, 0x1ED7, 0x1ED8,
    0x1ED9, 0x1EDA, 0x1EDB, 0x1EDC, 0x1EDD, 0x1EDE, 0x1EDF, 0x1EE0, 0x1EE1, 0x1EE2, 0x1EE3, 0x1EE4,
    0x1EE5, 0x1EE6, 0x1EE7, 0x1EE8, 0x1EE9, 0x1EEA, 0x1EEB, 0x1EEC, 0x1EED, 0x1EEE, 0x1EEF, 0x1EF0,
    0x1EF1, 0x1EF2, 0x1EF3, 0x1EF4, 0x1EF5, 0x1EF6, 0x1EF7, 0x1EF8, 0x1EF9, 0x2010, 0x2011, 0x2013,
    0x2014, 0x2015, 0x2018, 0x2019, 0x201A, 0x201B, 0x201C, 0x201D, 0x201E, 0x2025, 0x2026, 0x2039,
    0x203A, 0xFB00, 0xFB05, 0xFB06,
};

static const uint8_t bookerly_10_italicKernLeftClassIds[] = {
      1,   2,   3,   4,   3,   5,   6,   7,   8,   9,  10,  11,  12,  13,  13,  14,
     15,  16,  17,  18,   9,  19,  20,  21,  22,  23,  24,  25,  25,  26,  27,  28,
     29,  30,  31,  32,  33,  34,  35,  36,  37,  38,  39,  37,  37,  32,  32,  40,
     41,  42,  43,  31,  44,  44,  45,  44,  46,  47,  48,  49,   4,  50,  51,   6,
      6,   6,   6,   6,   6,  10,   8,  10,  10,  10,  10,  13,  13,  13,  13,   9,
     18,   9,   9,   9,   9,   9,   9,  24,  24,  24,  24,  27,  52,  53,  31,  31,
     31,  31,  31,  31,  34,  54,  34,  34,  34,  34,  55,  55,  32,  37,  32,  32,
     32,  32,  32,  56,  31,  31,  31,  31,  44,  32,  44,   6,  31,   6,  31,  57,
     58,   8,  33,   8,  33,   8,  33,   8,  33,   9,  59,   9,  10,  34,  10,  34,
     10,  34,  60,  61,  10,  34,  12,  36,  12,  36,  12,  36,  12,  36,  13,  37,
     13,  37,  13,  62,  13,  55,  13,  55,  63,  64,  13,  31,  14,  38,  14,  65,
     15,  39,  66,  16,  16,  67,  59,  16,  68,  18,  37,  18,  37,  18,  37,  37,
     18,  69,   9,  32,   9,  32,   9,  32,  10,  34,  21,  41,  21,  41,  21,  41,
     22,  42,  22,  42,  22,  70,  22,  42,  23,  71,  23,  23,  43,  24,  31,  24,
     31,  24,  31,  24,  31,  24,  31,  24,  72,  25,  44,  27,  44,  27,  28,  46,
     28,  46,  28,  46,  73,  74,  75,  76,  28,  46,  46,  14,  38,  38,  14,  38,
     38,   6,  31,  13,  55,   9,  32,  24,  31,  24,  31,  24,  31,  24,  31,  24,
     31,  32,   6,  31,   6,  31,  10,  34,  12,  77,  12,  36,  15,  39,   9,  32,
      9,  32,  78,  79,  65,  28,  46,  46,  12,  36,  18,  37,   6,  31,  10,  34,
      9,  56,   6,  31,   6,  31,  10,  34,  10,  34,  13,  55,  13,  55,   9,  32,
      9,  32,  21,  41,  21,  41,  24,  31,  24,  31,  22,  42,  23,  43,   7,  80,
     13,  37,  81,  81,  82,  83,  84,  85,  85,  86,  87,  87,  88,  89,  85,  90,
     85,  91,  92,  93,  94,  95,  81,  89,  93,  85,  85,  89,  85,  96,  85,  97,
     85,  98,  99, 100,  90, 101, 102,  95,  85,  85,  95,  87,  85,  87,  97,  97,
     85, 103, 104, 105, 106, 107, 108, 105, 103, 103, 109, 103, 103, 103, 106, 110,
    106, 111, 110, 112, 106, 113, 114, 103, 103, 114, 115, 103, 115, 106, 106, 103,
    107, 107, 116, 111, 117, 118, 119, 115, 115, 110, 109, 103, 112, 103, 120, 115,
     97, 106, 121, 122,  95, 114,  87, 115,  98, 106, 123, 124, 125, 126, 127,  93,
    105, 126, 127,  89, 109,  89, 109,  89, 109,  95, 114, 128, 129,  99, 111,  94,
    114, 130, 112, 130, 112, 131, 132,  95, 114,  95, 114,  85, 103, 133, 110, 134,
    107, 134, 107,  85,  89, 108, 135, 136,  95, 114, 137, 119,  95, 114,  85,  95,
    114, 138,  91, 103,  91, 103,  81, 107,  81, 107,  97, 106,  97, 106,  89, 108,
     93, 105, 139, 140,  85, 103,  85, 103,  97, 106,  97, 106,  97, 106,  97, 106,
     90, 112,  90, 112,  90, 112,  85, 103,  94,  85, 103, 125, 141, 142, 102, 113,
      6,  31,   6,  31,   6,  31,   6,  31,   6,  31,   6,  31,   6,  31,   6,  31,
      6,  31,   6,  31,   6,  31,   6,  31,  10,  34,  10,  34,  10,  34,  10,  34,
     10,  34,  10,  34,  10,  34,  10,  34,  13,  55,  13,   9,  32,   9,  32,   9,
     32,   9,  32,   9,  32,   9,  32,   9,  32,  73,  74,  73,  74,  73,  74,  73,
     74,  73,  74,  24,  31,  24,  31,  75,  76,  75,  76,  75,  76,  75,  76,  75,
     76,  27,  44,  27,  44,  27,  44,  27,  44,   4,   4,   4,   4,   4, 143, 144,
    145, 143, 143, 144,   3,   3,   3,  49,  50,  35,  43,  43,
};

static const uint16_t bookerly_10_italicKernRightCodepoints[] = {
    0x0021, 0x0029, 0x002A, 0x002C, 0x002D, 0x002E, 0x002F, 0x003A, 0x003B, 0x003F, 0x0041, 0x0042,
    0x0043, 0x0044, 0x0045, 0x0046, 0x0047, 0x0048, 0x0049, 0x004A, 0x004B, 0x004C, 0x004D, 0x004E,
    0x004F, 0x0050, 0x0051, 0x0052, 0x0053, 0x0054, 0x0055, 0x0056, 0x0057, 0x0058, 0x0059, 0x005A,
    0x005C, 0x005D, 0x0061, 0x0062, 0x0063, 0x0064, 0x0065, 0x0066, 0x0067, 0x0068, 0x0069, 0x006A,
    0x006B, 0x006C, 0x006D, 0x006E, 0x006F, 0x0070, 0x0071, 0x0072, 0x0073, 0x0074, 0x0075, 0x0076,
    0x0077, 0x0078, 0x0079, 0x007A, 0x007D, 0x00AB, 0x00AD, 0x00BB, 0x00BF, 0x00C0, 0x00C1, 0x00C2,
    0x00C3, 0x00C4, 0x00C5, 0x00C6, 0x00C7, 0x00C8, 0x00C9, 0x00CA, 0x00CB, 0x00CC, 0x00CD, 0x00CE,
    0x00CF, 0x00D0, 0x00D1, 0x00D2, 0x00D3, 0x00D4, 0x00D5, 0x00D6, 0x00D8, 0x00D9, 0x00DA, 0x00DB,
    0x00DC, 0x00DD, 0x00DE, 0x00DF, 0x00E0, 0x00E1, 0x00E2, 0x00E3, 0x00E4, 0x00E5, 0x00E6, 0x00E7,
    0x00E8, 0x00E9, 0x00EA, 0x00EB, 0x00EC, 0x00ED, 0x00EE, 0x00EF, 0x00F0, 0x00F1, 0x00F2, 0x00F3,
    0x00F4, 0x00F5, 0x00F6, 0x00F8, 0x00F9, 0x00FA, 0x00FB, 0x00FC, 0x00FD, 0x00FE, 0x00FF, 0x0100,
    0x0101, 0x0102, 0x0103, 0x0104, 0x0105, 0x0106, 0x0107, 0x0108, 0x0109, 0x010A, 0x010B, 0x010C,
    0x010D, 0x010E, 0x010F, 0x0110, 0x0111, 0x0112, 0x0113, 0x0114, 0x0115, 0x0116, 0x0117, 0x0118,
    0x0119, 0x011A, 0x011B, 0x011C, 0x011D, 0x011E, 0x011F, 0x0120, 0x0121, 0x0122, 0x0123, 0x0124,
    0x0125, 0x0126, 0x0127, 0x0128, 0x0129, 0x012A, 0x012B, 0x012C, 0x012D, 0x012E, 0x012F, 0x0130,
    0x0131, 0x0132, 0x0133, 0x0134, 0x0135, 0x0136, 0x0137, 0x0138, 0x0139, 0x013A, 0x013B, 0x013C,
    0x013D, 0x013E, 0x013F, 0x0140, 0x0141, 0x0142, 0x0143, 0x0144, 0x0145, 0x0146, 0x0147, 0x0148,
    0x0149, 0x014A, 0x014B, 0x014C, 0x014D, 0x014E, 0x014F, 0x0150, 0x0151, 0x0152, 0x0153, 0x0154,
    0x0155, 0x0156, 0x0157, 0x0158, 0x0159, 0x015A, 0x015B, 0x015C, 0x015D, 0x015E, 0x015F, 0x0160,
    0x0161, 0x0162, 0x0163, 0x0164, 0x0165, 0x0166, 0x0167, 0x0168, 0x0169, 0x016A, 0x016B, 0x016C,
    0x016D, 0x016E, 0x016F, 0x0170, 0x0171, 0x0172, 0x0173, 0x0174, 0x0175, 0x0176, 0x0177, 0x0178,
    0x0179, 0x017A, 0x017B, 0x017C, 0x017D, 0x017E, 0x017F, 0x01A0, 0x01A1, 0x01AF, 0x01B0, 0x01C4,
    0x01C5, 0x01C6, 0x01C7, 0x01C8, 0x01C9, 0x01CA, 0x01CB, 0x01CC, 0x01CD, 0x01CE, 0x01CF, 0x01D0,
    0x01D1, 0x01D2, 0x01D3, 0x01D4, 0x01D5, 0x01D6, 0x01D7, 0x01D8, 0x01D9, 0x01DA, 0x01DB, 0x01DC,
    0x01DD, 0x01DE, 0x01DF, 0x01E0, 0x01E1, 0x01E2, 0x01E3, 0x01E4, 0x01E5, 0x01E6, 0x01E7, 0x01E8,
    0x01E9, 0x01EA, 0x01EB, 0x01EC, 0x01ED, 0x01EE, 0x01EF, 0x01F0, 0x01F1, 0x01F2, 0x01F3, 0x01F4,
    0x01F5, 0x01F8, 0x01F9, 0x01FA, 0x01FB, 0x01FC, 0x01FD, 0x01FE, 0x01FF, 0x0200, 0x0201, 0x0202,
    0x0203, 0x0204, 0x0205, 0x0206, 0x0207, 0x0208, 0x0209, 0x020A, 0x020B, 0x020C, 0x020D, 0x020E,
    0x020F, 0x0210, 0x0211, 0x0212, 0x0213, 0x0214, 0x0215, 0x0216, 0x0217, 0x0218, 0x0219, 0x021A,
    0x021B, 0x021C, 0x021D, 0x021E, 0x021F, 0x0400, 0x0401, 0x0402, 0x0403, 0x0404, 0x0405, 0x0406,
    0x0407, 0x0408, 0x0409, 0x040A, 0x040B, 0x040C, 0x040D, 0x040E, 0x040F, 0x0410, 0x0411, 0x0412,
    0x0413, 0x0414, 0x0415, 0x0416, 0x0417, 0x0418, 0x0419, 0x041A, 0x041B, 0x041C, 0x041D, 0x041E,
    0x041F, 0x0420, 0x0421, 0x0422, 0x0423, 0x0424, 0x0425, 0x0426, 0x0427, 0x0428, 0x0429, 0x042A,
    0x042B, 0x042C, 0x042D, 0x042E, 0x042F, 0x0430, 0x0431, 0x0432, 0x0433, 0x0434, 0x0435, 0x0436,
    0x0437, 0x0438, 0x0439, 0x043A, 0x043B, 0x043C, 0x043D, 0x043E, 0x043F, 0x0440, 0x0441, 0x0442,
    0x0443, 0x0444, 0x0445, 0x0446, 0x0447, 0x0448, 0x0449, 0x044A, 0x044B, 0x044C, 0x044D, 0x044E,
    0x044F, 0x0450, 0x0451, 0x0452, 0x0453, 0x0454, 0x0455, 0x0456, 0x0457, 0x0458, 0x0459, 0x045A,
    0x045B, 0x045C, 0x045D, 0x045E, 0x045F, 0x0462, 0x0463, 0x0472, 0x0473, 0x0474, 0x0475, 0x048A,
    0x048B, 0x048D, 0x048E, 0x048F, 0x0490, 0x0491, 0x0492, 0x0493, 0x0494, 0x0495, 0x0496, 0x0497,
    0x0498, 0x0499, 0x049A, 0x049B, 0x049C, 0x049D, 0x04A0, 0x04A2, 0x04A3, 0x04A4, 0x04A5, 0x04A6,
    0x04A7, 0x04A8, 0x04A9, 0x04AA, 0x04AB, 0x04AC, 0x04AD, 0x04AE, 0x04AF, 0x04B0, 0x04B1, 0x04B2,
    0x04B3, 0x04B6, 0x04B7, 0x04B8, 0x04B9, 0x04BA, 0x04BB, 0x04BC, 0x04BD, 0x04BE, 0x04BF, 0x04C0,
    0x04C1, 0x04C2, 0x04C3, 0x04C4, 0x04C5, 0x04C6, 0x04C7, 0x04C8, 0x04C9, 0x04CA, 0x04CB, 0x04CC,
    0x04CE, 0x04CF, 0x04D0, 0x04D1, 0x04D2, 0x04D3, 0x04D4, 0x04D5, 0x04D6, 0x04D7, 0x04D8, 0x04D9,
    0x04DB, 0x04DC, 0x04DD, 0x04DE, 0x04DF, 0x04E0, 0x04E1, 0x04E2, 0x04E3, 0x04E4, 0x04E5, 0x04E6,
    0x04E7, 0x04E8, 0x04E9, 0x04EA, 0x04EB, 0x04ED, 0x04EE, 0x04EF, 0x04F0, 0x04F1, 0x04F2, 0x04F3,
    0x04F5, 0x04F6, 0x04F7, 0x04F8, 0x04F9, 0x04FA, 0x04FB, 0x04FC, 0x04FD, 0x04FE, 0x04FF, 0x1EA0,
    0x1EA1, 0x1EA2, 0x1EA3, 0x1EA4, 0x1EA5, 0x1EA6, 0x1EA7, 0x1EA8, 0x1EA9, 0x1EAA, 0x1EAB, 0x1EAC,
    0x1EAD, 0x1EAE, 0x1EAF, 0x1EB0, 0x1EB1, 0x1EB2, 0x1EB3, 0x1EB4, 0x1EB5, 0x1EB6, 0x1EB7, 0x1EB8,
    0x1EB9, 0x1EBA, 0x1EBB, 0x1EBC, 0x1EBD, 0x1EBE, 0x1EBF, 0x1EC0, 0x1EC1, 0x1EC2, 0x1EC3, 0x1EC4,
    0x1EC5, 0x1EC6, 0x1EC7, 0x1EC8, 0x1EC9, 0x1ECA, 0x1ECB, 0x1ECC, 0x1ECD, 0x1ECE, 0x1ECF, 0x1ED0,
    0x1ED1, 0x1ED2, 0x1ED3, 0x1ED4, 0x1ED5, 0x1ED6, 0x1ED7, 0x1ED8, 0x1ED9, 0x1EDA, 0x1EDB, 0x1EDC,
    0x1EDD, 0x1EDE, 0x1EDF, 0x1EE0, 0x1EE1, 0x1EE2, 0x1EE3, 0x1EE4, 0x1EE5, 0x1EE6, 0x1EE7, 0x1EE8,
    0x1EE9, 0x1EEA, 0x1EEB, 0x1EEC, 0x1EED, 0x1EEE, 0x1EEF, 0x1EF0, 0x1EF1, 0x1EF2, 0x1EF3, 0x1EF4,
    0x1EF5, 0x1EF6, 0x1EF7, 0x1EF8, 0x1EF9, 0x2010, 0x2011, 0x2013, 0x2014, 0x2015, 0x2018, 0x2019,
    0x201A, 0x201B, 0x201C, 0x201D, 0x201E, 0x2025, 0x2026, 0x2039, 0x203A, 0x203C, 0x2047, 0x2048,
    0x2049, 0xFB00, 0xFB01, 0xFB02, 0xFB03, 0xFB04, 0xFB05, 0xFB06,
};

static const uint8_t bookerly_10_italicKernRightClassIds[] = {
      1,   2,   3,   4,   5,   6,   7,   8,   9,  10,  11,  12,  13,  12,  14,  14,
     13,  14,  14,  15,  14,  14,  16,  14,  13,  12,  13,  12,  17,  18,  19,  20,
     20,  21,  22,  23,  24,  25,  26,  27,  26,  26,  26,  28,  29,  27,  30,  31,
     27,  27,  32,  32,  26,  33,  26,  32,  34,  35,  36,  37,  37,  38,  39,  40,
     41,  42,   5,  43,  44,  11,  11,  11,  11,  11,  11,  45,  13,  14,  14,  14,
     14,  14,  14,  14,  14,  12,  14,  13,  13,  13,  13,  13,  13,  19,  19,  19,
     19,  22,  14,  46,  26,  26,  26,  26,  47,  26,  26,  26,  26,  26,  26,  26,
     48,  30,  49,  49,  26,  32,  26,  26,  26,  26,  26,  50,  36,  36,  36,  36,
     37,  51,  37,  11,  26,  11,  26,  11,  26,  13,  26,  13,  26,  13,  26,  13,
     52,  12,  26,  12,  26,  14,  26,  14,  26,  14,  26,  14,  26,  14,  26,  13,
     29,  13,  29,  13,  29,  13,  29,  14,  27,  14,  53,  14,  54,  14,  49,  14,
     49,  14,  30,  14,  32,  14,  30,  15,  55,  14,  27,  32,  14,  27,  14,  27,
     14,  27,  14,  27,  14,  56,  14,  32,  14,  32,  14,  32,  32,  14,  32,  13,
     26,  13,  26,  13,  26,  13,  26,  12,  32,  12,  32,  12,  32,  17,  34,  17,
     34,  17,  34,  17,  57,  18,  35,  18,  35,  18,  35,  19,  36,  19,  36,  19,
     36,  19,  36,  19,  36,  19,  36,  20,  37,  22,  37,  22,  23,  40,  23,  40,
     23,  58,  46,  13,  26,  19,  36,  12,  12,  26,  14,  14,  27,  14,  14,  32,
     11,  26,  14,  49,  13,  26,  19,  36,  19,  36,  19,  36,  19,  36,  19,  36,
     59,  11,  26,  11,  26,  45,  26,  13,  60,  13,  29,  14,  27,  13,  26,  13,
     26,  61,  62,  55,  12,  12,  26,  13,  29,  14,  32,  11,  26,  45,  26,  13,
     50,  11,  26,  11,  26,  14,  26,  14,  26,  14,  49,  14,  49,  13,  26,  13,
     26,  12,  32,  12,  32,  19,  36,  19,  36,  17,  34,  18,  35,  63,  64,  14,
     27,  65,  65,  66,  65,  67,  68,  65,  65,  69,  70,  65,  66,  65,  65,  71,
     65,  72,  65,  73,  65,  74,  65,  75,  76,  65,  65,  65,  70,  77,  65,  67,
     65,  73,  67,  66,  71,  78,  79,  65,  80,  65,  65,  66,  65,  65,  81,  65,
     82,  83,  84,  83,  85,  86,  83,  87,  88,  89,  89,  90,  91,  92,  90,  83,
     90,  90,  83,  90,  93,  83,  94,  89,  95,  89,  89,  96,  89,  89,  88,  90,
     97,  83,  83,  98,  85,  83,  99, 100, 101, 102,  91,  90, 103,  90,  89,  93,
     89,  66,  90,  67,  83, 104,  93,  65,  90, 105,  73,  90,  65, 106,  65,  85,
     65,  90,  75,  87,  76,  88,  65,  90,  65,  90,  66,  65,  90,  65,  90,  65,
     90,  67,  83,  67,  83,  66,  90, 107,  93, 107,  93,  79,  94,  80,  95,  80,
     95,  65, 103, 108, 109, 108, 109,  65,  75,  87,  65,  90,  70,  91,  65,  90,
     65,  90,  80,  95,  92, 110,  72,  83,  72,  83, 111,  83,  65,  83, 112, 113,
    113,  75,  87,  76,  88, 114, 115,  65,  89,  65,  89,  67,  83,  67,  83,  67,
     83,  88,  71,  93,  71,  93,  71,  93,  95,  65,  85,  65,  89,  65,  85,  79,
     94,  79,  94,  11,  26,  11,  26,  11,  26,  11,  26,  11,  26,  11,  26,  11,
     26,  11,  26,  11,  26,  11,  26,  11,  26,  11,  26,  14,  26,  14,  26,  14,
     26,  14,  26,  14,  26,  14,  26,  14,  26,  14,  26,  14,  49,  14,  30,  13,
     26,  13,  26,  13,  26,  13,  26,  13,  26,  13,  26,  13,  26,  13,  26,  13,
     26,  13,  26,  13,  26,  13,  26,  19,  36,  19,  36,  19,  36,  19,  36,  19,
     36,  19,  36,  19,  36,  22,  37,  22,  37,  22,  37,  22,  37,   5,   5,   5,
      5,   5, 116, 117,   6, 116, 116, 117,   6,   6,   6,  42,  43,   1,  10,  10,
      1,  28,  28,  28,  28,  28,  28,  34,
};

static const uint16_t bookerly_10_italicKernRowOffsets[] = {
        0,    27,    31,    82,    86,   131,   165,   186,   197,   215,   225,   247,   257,   280,   298,   322,
      333,   344,   364,   394,   421,   448,   460,   485,   508,   540,   560,   599,   606,   617,   652,   656,
      669,   676,   681,   710,   728,   736,   738,   744,   756,   771,   776,   778,   785,   790,   797,   817,
      832,   836,   847,   871,   887,   888,   897,   907,   923,   960,   968,   996,  1009,  1016,  1026,  1052,
     1056,  1061,  1067,  1069,  1076,  1079,  1086,  1090,  1098,  1112,  1119,  1144,  1149,  1167,  1171,  1172,
     1173,  1182,  1195,  1196,  1209,  1238,  1260,  1271,  1287,  1318,  1360,  1397,  1399,  1418,  1451,  1453,
     1466,  1489,  1524,  1535,  1568,  1596,  1625,  1632,  1648,  1651,  1667,  1670,  1673,  1678,  1685,  1691,
     1699,  1702,  1712,  1722,  1730,  1736,  1743,  1747,  1751,  1778,  1779,  1809,  1824,  1845,  1851,  1854,
     1860,  1865,  1908,  1938,  1946,  1961,  1964,  1967,  1970,  1992,  1994,  2001,  2006,  2040,  2048,  2101,
     2180,  2231,
};

static const uint8_t bookerly_10_italicKernSparseCols[] = {
     12,  14,  21,  25,  26,  27,  28,  30,  38,  46,  49,  50,  51,  52,  55,  59,
     66,  68,  70,  73,  82,  85,  90,  97, 101, 102, 106,  10,  44,  71, 110,  10,
     12,  14,  17,  18,  19,  20,  21,  25,  27,  28,  30,  31,  32,  34,  35,  36,
     38,  44,  46,  49,  51,  59,  65,  66,  68,  69,  71,  73,  74,  77,  78,  79,
     81,  82,  83,  85,  88,  89,  92,  94,  95, 101, 103, 104, 106, 107, 108, 110,
    115, 116,   3,   5,  21, 106,  10,  12,  15,  25,  27,  28,  31,  32,  33,  34,
     35,  37,  39,  44,  46,  49,  51,  56,  57,  59,  66,  69,  71,  73,  76,  77,
     81,  82,  83,  84,  85,  86,  87,  88,  89,  90,  91,  93,  95,  96,  98, 105,
    108, 110, 112,   2,   4,   9,  10,  12,  17,  18,  19,  20,  21,  23,  25,  28,
     29,  31,  32,  34,  35,  36,  38,  41,  44,  46,  47,  48,  49,  51,  53,  59,
     61,  62,  63, 115, 116,   3,   5,   7,   8,   9,  10,  12,  17,  18,  19,  21,
     23,  26,  27,  29,  44,  47,  50,  52,  55,  62,   3,   5,   7,   8,  12,  18,
     19,  25,  46,  49,  51,   3,   5,   6,   7,   8,  10,  12,  13,  14,  15,  17,
     18,  19,  20,  21,  23,  44,  45,   2,   7,   8,  12,  18,  25,  46,  49,  51,
     62,   3,   5,   6,   7,   8,  10,  15,  25,  27,  28,  33,  41,  44,  46,  48,
     49,  51,  53,  56,  58,  59, 116,   3,   5,  10,  17,  18,  19,  21,  23,  62,
    115,   3,   5,   7,   8,  12,  25,  31,  32,  33,  34,  35,  36,  37,  38,  41,
     42,  46,  49,  51,  56,  58,  61, 115,   2,   3,   5,   6,   7,   8,  10,  12,
     21,  25,  33,  44,  46,  48,  49,  51,  53,  56,   2,   3,   4,   5,   7,   8,
     10,  12,  20,  25,  31,  32,  33,  34,  35,  36,  38,  41,  44,  46,  49,  51,
     56,  61,   2,  17,  18,  19,  20,  21,  23,  36,  38, 115, 116,  12,  17,  18,
     19,  20,  23,  35,  36,  38,  41, 115,   3,   5,   6,  10,  12,  25,  28,  33,
     35,  37,  39,  41,  42,  44,  46,  49,  51,  56,  57,  59,   3,   5,   6,   7,
      8,  10,  11,  13,  14,  15,  18,  19,  20,  21,  23,  25,  26,  28,  33,  44,
     46,  49,  50,  51,  52,  55,  56,  59,  60,  62,   1,   3,   5,   6,   7,   8,
     10,  12,  13,  14,  15,  17,  18,  19,  20,  21,  23,  24,  27,  28,  30,  32,
     40,  44,  45,  50,  59,   2,   4,  10,  12,  13,  15,  17,  18,  19,  20,  21,
     22,  23,  25,  27,  35,  36,  38,  41,  44,  46,  49,  51,  61,  63, 115, 116,
      3,   5,   7,   8,  17,  18,  19,  21,  23,  61,  62,  63,   2,   3,   5,   6,
      7,   8,  10,  15,  25,  26,  28,  33,  41,  44,  46,  49,  50,  51,  52,  55,
     56,  59,  61, 115, 116,   3,   4,   5,   6,   7,   8,  10,  12,  15,  16,  25,
     28,  33,  37,  39,  44,  45,  46,  49,  51,  56,  57,  59,   2,   3,   4,   5,
      6,   7,   8,  10,  12,  15,  16,  21,  23,  25,  28,  33,  35,  37,  39,  41,
     42,  44,  46,  48,  49,  51,  53,  56,  57,  58,  59, 116,   3,   4,   5,   7,
      8,  10,  12,  15,  20,  25,  35,  36,  38,  41,  44,  46,  49,  51,  61,  63,
      2,   3,   4,   5,   6,   7,   8,  10,  12,  16,  20,  21,  23,  25,  27,  28,
     31,  32,  33,  34,  35,  37,  39,  41,  42,  44,  46,  48,  49,  51,  52,  53,
     56,  57,  58,  59,  61,  63, 116,   7,   8,  17,  18,  19,  21,  23,  14,  25,
     27,  30,  46,  49,  51,  68,  82,  85, 101,  10,  12,  15,  17,  18,  19,  20,
     21,  28,  36,  37,  38,  39,  44,  57,  59,  65,  66,  69,  71,  73,  74,  76,
     77,  78,  79,  81,  92,  93,  94,  95, 103, 106, 107, 110,   2,  23,  61, 115,
      2,   3,   5,   7,   8,  23,  26,  37,  50,  52,  55,  61, 115,  23,  25,  46,
     49,  51,  61, 116,  23,  26,  50,  52,  55,   1,   2,   3,   5,   6,   9,  23,
     25,  26,  28,  31,  32,  33,  36,  38,  46,  47,  48,  49,  50,  51,  52,  53,
     54,  55,  56,  59, 115, 116,   2,   3,   5,  24,  27,  28,  30,  31,  32,  34,
     35,  36,  37,  38,  40,  59, 115, 116,   2,   7,   8,  23,  36,  38,  61, 115,
      7,   8,  23,  28,  39,  49,  57,  59,   1,   3,   5,  23,  26,  27,  28,  30,
     50,  52,  55,  59,   3,   5,   6,  23,  25,  28,  33,  36,  38,  46,  49,  51,
     56,  59, 116,   3,   5,   7,   8,  23,  23, 116,   3,   5,   7,   8,  23,  28,
     59,  23,  36,  38,  49, 116,   1,  23,  28,  36,  38,  49,  59,  14,  25,  27,
     30,  31,  32,  33,  44,  46,  49,  51,  56,  59,  68,  82,  85,  89,  98, 101,
    110,  14,  19,  21,  26,  27,  30,  50,  52,  55,  68,  97, 101, 102, 103, 106,
     19,  21, 103, 106,   3,   5,  17,  19,  21,  65,  77,  79, 103, 106, 111,  14,
     18,  19,  21,  25,  26,  27,  28,  30,  46,  49,  50,  51,  52,  55,  59,  68,
     82,  85,  97, 101, 102, 103, 106,   1,   3,   5,   6,  10,  11,  13,  14,  15,
     17,  18,  19,  20,  21,  23,  44, 115,  23,  25,  27,  30,  46,  49,  51,  61,
    116,   1,   2,  23,  26,  48,  50,  52,  53,  55, 116,   2,   3,   5,   7,   8,
     23,  26,  34,  36,  37,  38,  50,  52,  55,  61, 115,   2,   4,   9,  10,  12,
     14,  17,  18,  19,  20,  21,  23,  25,  27,  28,  29,  30,  31,  32,  34,  35,
     36,  38,  41,  44,  46,  47,  48,  49,  51,  53,  59,  61,  62,  63, 115, 116,
      2,  23,  27,  28,  30,  59,  61, 115,   1,   2,   9,  23,  24,  26,  27,  29,
     30,  31,  32,  34,  35,  36,  37,  38,  39,  40,  46,  47,  50,  51,  52,  55,
     56,  57, 115, 116,   2,   7,   8,  12,  14,  18,  25,  27,  30,  46,  49,  51,
     62,  23,  26,  27,  30,  50,  52,  55,   1,   2,  23,  26,  48,  50,  52,  53,
     55, 116,   3,   5,   7,   8,  12,  14,  25,  27,  30,  31,  32,  33,  34,  35,
     36,  37,  38,  41,  42,  46,  49,  51,  56,  58,  61, 115,  27,  28,  30,  59,
     26,  50,  52,  55, 116,  23,  25,  46,  49,  51,  61,  27,  30,  30,  31,  32,
     34,  35,  36,  38,   7,   8,  23,   3,   5,   7,   8,  23,  27,  30,  23,  27,
     30, 116,   2,  23,  27,  28,  30,  59,  61, 115,   3,   5,   6,   7,   8,  10,
     12,  19,  21,  23,  26,  50,  52,  55,   2,   3,   5,  36,  38, 115, 116,   1,
      3,   4,   5,   6,   7,   8,  10,  15,  23,  25,  26,  28,  33,  37,  39,  46,
     49,  50,  51,  52,  55,  56,  57,  59,   2,  36,  38, 115, 116,   2,   3,   5,
     24,  27,  28,  30,  31,  32,  34,  35,  36,  37,  38,  40,  59, 115, 116,   3,
      5,  10,  44,  30,  30,   2,   7,   8,  66,  77,  82,  83,  85, 108,  23,  65,
     68,  69,  71,  73,  78,  79,  94, 103, 106, 107, 115,  77,   3,   5,   7,   8,
     23,  65,  70,  73,  86,  87, 103, 106, 114,   3,   5,   7,   8,  41,  42,  66,
     77,  82,  83,  84,  85,  86,  87,  88,  89,  90,  91,  92,  93,  94,  95,  98,
    105, 107, 108, 112, 114, 115,   2,   3,   5,   6,   7,   8,  66,  69,  70,  71,
     73,  81,  82,  83,  85,  86,  87,  90,  91,  98, 100, 110,   2,  23,  65,  70,
     79,  92,  94, 103, 106, 107, 115,   2,  23,  65,  66,  77,  78,  79,  83,  92,
     94,  95, 103, 106, 107, 115, 116,   2,   3,   4,   5,   7,   8,  41,  66,  69,
     71,  73,  74,  77,  78,  80,  81,  82,  83,  85,  86,  87,  88,  89,  92,  94,
     95,  98, 108, 110, 112, 114,   2,   3,   5,   6,  23,  64,  65,  69,  70,  71,
     73,  74,  77,  78,  79,  81,  82,  83,  84,  85,  86,  87,  88,  89,  90,  91,
     93,  95,  96,  97,  98, 100, 102, 103, 105, 106, 108, 110, 112, 114, 115, 116,
      2,   4,   9,  23,  41,  65,  66,  69,  70,  71,  73,  74,  75,  77,  78,  79,
     80,  81,  82,  83,  85,  88,  89,  92,  94,  95,  99, 100, 103, 106, 107, 108,
    110, 111, 114, 115, 116,  70, 103,   3,   5,   7,   8,   9,  23,  65,  66,  70,
     71,  73,  79,  97,  99, 102, 103, 106, 107, 110,   2,   3,   5,   6,   7,   8,
     41,  69,  70,  71,  73,  76,  79,  81,  82,  83,  84,  85,  86,  87,  90,  91,
     96,  97,  98, 100, 102, 108, 110, 112, 114, 115, 116,  68, 101,  23,  41,  65,
     66,  70,  77,  78,  79,  88,  92, 103, 107, 115,   3,   5,   6,   7,   8,  23,
     64,  65,  66,  68,  71,  73,  74,  76,  78,  79,  86,  87,  90,  91, 103, 106,
    110,   3,   5,   6,   7,   8,  23,  64,  68,  69,  70,  71,  73,  74,  75,  76,
     78,  80,  81,  82,  83,  85,  86,  87,  90,  91,  96,  97,  98, 102, 103, 106,
    109, 110, 112, 113,   3,   5,   7,   8,  66,  77,  82,  83,  85, 103, 108,   2,
      3,   5,   6,   7,   8,  41,  69,  70,  71,  73,  76,  79,  81,  82,  83,  84,
     85,  86,  87,  90,  91,  96,  97,  98, 100, 102, 108, 110, 112, 114, 115, 116,
      3,   5,   6,   7,   8,  23,  64,  65,  68,  69,  70,  71,  72,  73,  74,  78,
     79,  80,  81,  90,  91,  96, 103, 105, 106, 109, 110, 113,   3,   4,   5,   7,
      8,  41,  66,  69,  70,  71,  73,  74,  75,  76,  77,  78,  80,  81,  82,  83,
     85,  88,  92,  94,  95, 107, 108, 110, 114,   2,  23,  94,  95, 108, 114, 115,
      2,   3,   5,   7,   8,  23,  86,  90,  91,  93,  94,  96,  97, 102, 114, 115,
     23, 114, 115,   2,   3,   5,   7,   8,  23,  86,  90,  91,  93,  94,  96,  97,
    102, 114, 115,  23,  97, 102,  23,  82,  85,  23,  82,  85, 108, 114,   2,  23,
     92,  94,  95, 114, 115,  23,  82,  83,  85, 114, 116,   3,   5,   7,   8,  23,
     90,  96, 105,  23,  92, 116,   1,  23,  24,  40,  92,  94,  95, 101, 108, 114,
      2,   3,   5,  23,  92,  94,  95, 104, 114, 115,   2,  23,  91,  92,  94,  95,
    114, 115,   3,   5,   7,   8,  23, 108,   1,   2,  23,  97, 100, 102, 116,   7,
      8,  90,  91,  65,  69,  79, 103,   3,   4,   5,   7,   8,  64,  66,  69,  70,
     71,  73,  76,  77,  81,  82,  84,  85,  86,  87,  90,  91,  96, 105, 108, 110,
    112, 114,  89,   1,   2,   3,   5,  69,  70,  71,  73,  77,  79,  81,  82,  83,
     84,  85,  86,  87,  88,  89,  90,  91,  94,  95,  96, 105, 108, 110, 112, 114,
    116,   2,   3,   5,  41,  82,  85,  86,  87,  90,  91,  96, 105, 108, 112, 116,
      3,   5,   6,   7,   8,  41,  66,  69,  70,  71,  73,  81,  82,  85,  90,  91,
     96,  98, 100, 110, 116,  68,  69,  71,  73,  76, 101,  92, 101, 114,  23,  65,
     73,  79, 103, 106,  23,  94,  95, 104, 115,   2,   3,   4,   5,   6,   7,   8,
     23,  41,  42,  66,  67,  69,  70,  71,  73,  77,  79,  81,  82,  83,  84,  85,
     86,  87,  88,  89,  90,  91,  93,  95,  96,  97,  98, 100, 102, 105, 106, 108,
    110, 112, 114, 116,   3,   4,   5,   7,   8,  41,  66,  68,  69,  70,  71,  73,
     74,  75,  76,  77,  78,  80,  81,  82,  83,  85,  88,  94,  95, 101, 107, 108,
    110, 114,   1,  23,  24,  40,  92, 101, 114, 116,   2,  65,  66,  70,  77,  78,
     79,  88,  92,  94,  95, 103, 104, 106, 116,  71,  79, 106,  64,  70,  77,  23,
    101, 108,   2,   3,   5,   6,   7,   8,  66,  69,  70,  71,  73,  81,  82,  83,
     85,  86,  87,  90,  91,  98, 100, 110,  94, 108,   3,   5,  71,  86,  90,  91,
    110,  90,  91, 101, 108, 112,   3,   4,   5,   7,   8,  41,  66,  69,  70,  71,
     73,  74,  75,  76,  77,  78,  80,  82,  83,  84,  85,  87,  88,  89,  91,  92,
     94,  95,  96, 107, 108, 110, 112, 114,  23,  82,  85,  90,  91,  92,  96, 116,
      0,   3,   5,  10,  11,  12,  13,  15,  16,  18,  19,  25,  27,  28,  31,  32,
     33,  37,  39,  43,  44,  46,  49,  51,  56,  57,  59,  61,  64,  66,  67,  69,
     71,  72,  73,  76,  81,  82,  83,  85,  86,  87,  89,  90,  91,  93,  96,  98,
    103, 105, 110, 112, 114,   0,   3,   5,   9,  10,  11,  12,  13,  14,  15,  16,
     17,  18,  19,  20,  21,  22,  25,  26,  27,  28,  29,  31,  32,  33,  35,  37,
     39,  44,  46,  47,  49,  50,  51,  52,  55,  56,  57,  59,  60,  64,  65,  66,
     67,  68,  69,  71,  72,  73,  74,  75,  76,  77,  78,  80,  81,  82,  83,  84,
     85,  86,  87,  88,  89,  90,  91,  93,  96,  97,  98,  99, 102, 103, 105, 106,
    108, 109, 110, 113,  10,  12,  14,  17,  18,  19,  20,  21,  25,  27,  28,  30,
     31,  32,  34,  35,  36,  38,  44,  46,  49,  51,  59,  65,  66,  68,  69,  71,
     73,  74,  77,  78,  79,  81,  82,  83,  85,  88,  89,  92,  94,  95, 101, 103,
    104, 106, 107, 108, 110, 115, 116,
};

static const int8_t bookerly_10_italicKernSparseValues[] = {
      -8,   33,   10,  -17,   20,   50,   22,   50,   27,  -17,  -17,   20,  -17,   20,   20,   38,
      -8,   33,   17,   10,  -17,  -17,  -10,   20,   50,   20,   10,  -33,  -30,  -33,  -30,   13,
     -10,   23,  -17,  -20,  -33,   13,  -20,   -7,   10,    7,   28,   -7,   -7,   -7,   -7,  -20,
     -20,   10,   -7,   -7,   -7,    7,  -17,  -10,   23,   13,   13,   10,    7,   -7,   13,  -32,
      10,   -7,   -7,   -7,   -7,   -7,  -20,  -37,  -25,   28,  -33,  -10,  -20,  -40,  -10,   10,
     -33,  -33,  -10,  -10,  -10,  -10,  -30,  -13,  -17,  -33,  -17,  -33,   -7,   -7,  -30,  -10,
     -13,  -17,  -20,  -43,  -33,  -33,  -33,  -30,  -20,  -33,  -13,  -10,  -30,  -20,  -17,   -7,
     -13,  -33,  -10,  -10,  -50,  -20,  -20,  -13,   -7,  -35,  -25,  -17,  -10,  -30,  -30,  -20,
     -17,  -43,  -20,  -30,   -7,  -10,   10,  -13,  -20,  -23,  -40,   12,  -33,  -53,   -7,    7,
      -7,   -7,   -7,   -8,   -8,  -20,  -20,  -10,    7,   -7,   -7,   -7,   -3,   -7,   -7,    7,
      -7,   -7,  -10,  -33,  -27,  -13,  -13,  -13,  -13,   -7,   -7,    3,  -13,  -10,  -20,  -15,
     -13,   -3,   -5,   -3,   -7,   -3,   -3,   -3,   -3,  -10,   -3,   -3,   -7,   -7,   -5,   -5,
      -7,   -3,   -3,   -3,   -3,  -20,  -20,   -7,  -13,  -13,  -10,    5,   -3,   -8,   -5,   -7,
      -6,  -10,   -3,  -10,  -17,  -10,   -7,   10,  -10,  -10,   -5,   -3,   -7,   -7,   -7,   -7,
      -3,  -30,  -30,  -23,  -20,  -20,  -30,   -3,   -8,   -5,  -10,  -10,   -7,  -32,   -8,    7,
      -8,   -8,    7,  -10,   -7,  -10,    8,  -17,  -17,   -7,  -10,   -7,  -13,  -10,  -10,   -7,
     -13,  -17,  -17,  -13,  -13,   -5,   -7,   -3,   -3,   -5,   -7,   -7,   -3,   -5,   -3,  -13,
      -7,   -7,   -7,   -7,   -5,   -7,   -7,   -7,    7,  -20,  -20,  -10,  -13,  -13,  -10,   -3,
       3,   -5,   -3,   -7,   -5,    7,   -5,   -5,    7,   -3,   10,   -3,  -10,   -3,  -10,  -10,
       7,  -12,   15,   -7,   -7,   -7,   -7,   -3,  -10,   -7,   -7,  -13,   11,   -7,   -7,   -7,
      -7,  -10,  -18,  -15,  -10,  -23,   10,  -20,  -30,  -10,  -10,  -20,   -7,   -5,   -7,   -7,
     -10,    7,  -10,   -3,   -3,   -3,   -7,  -10,  -23,  -23,  -20,  -13,   -5,   -7,   -7,   -7,
      -3,   -7,   -5,   -7,   -7,  -13,   -7,   -7,   -7,   -7,   -5,   -7,  -40,  -40,  -23,  -23,
     -23,  -32,   -7,  -10,   -7,  -12,  -10,   -7,  -10,   -7,  -10,  -13,   -3,   -8,   -7,  -42,
     -13,  -13,   -3,  -13,   -3,   -3,   -7,   -8,   -3,   -7,   77,   43,  -20,   -7,  -13,   49,
     -13,    5,   -3,   25,   -5,   -7,   -6,  -10,   -3,  -10,  -17,   73,   15,   28,   22,    7,
      73,  -10,   -7,   14,   28,  -10,  -13,   13,  -13,    3,   10,  -20,  -18,  -27,   20,  -30,
       3,  -32,   -3,   -7,   -7,   -7,   -7,  -13,   13,   -3,   -3,   -3,  -10,   -7,  -18,  -17,
     -13,  -13,  -10,  -10,   -7,   -7,   -5,   -5,   -7,   -7,   -7,   -7,   20,  -33,  -33,  -23,
     -20,  -20,  -30,   -3,  -13,    3,   -7,  -10,  -10,  -30,  -13,  -13,    3,  -13,   10,    3,
     -10,   -7,  -10,   10,   17,  -27,   -7,  -27,  -23,  -17,  -17,  -20,   -7,   -3,   -3,  -13,
     -10,  -10,   -7,   -3,  -20,  -17,  -13,  -13,  -13,  -10,   -3,  -10,   10,  -43,  -10,  -43,
     -30,  -23,  -23,  -37,  -10,   -7,   -3,    5,    7,  -20,  -20,  -17,   -3,   -7,   -3,  -10,
     -10,  -43,  -20,    7,  -20,  -20,    7,  -17,   -3,  -13,  -20,    7,   -7,   -7,   -7,  -10,
     -10,    8,  -10,    7,   17,   -7,   -7,   -7,   -7,   -7,   10,   -7,   -2,   -7,   -7,   -7,
      18,  -33,  -17,  -33,  -33,  -17,  -17,  -35,  -10,   -3,    3,    7,    7,  -20,  -10,  -17,
      -3,   -3,  -20,   -3,  -10,  -13,   -7,  -10,  -10,  -33,  -20,   10,  -20,  -20,   13,   10,
     -20,   -7,  -10,  -17,  -13,  -10,    7,   -7,   -7,   -3,   -5,   -8,   -3,   -7,   17,  -13,
      23,   13,  -13,  -13,  -13,   17,  -13,  -13,   13,   10,   -7,    7,  -18,  -17,  -33,   20,
     -29,   27,  -17,   10,  -17,    7,   10,    7,   27,  -18,   -7,   20,   10,   27,   15,    7,
      -7,   20,  -27,   22,  -17,   10,  -23,  -10,  -33,  -29,  -23,   10,  -10,  -20,   -3,  -10,
     -10,  -17,  -17,   -7,   -7,  -27,   -3,   -3,   -3,   -3,    3,   -3,  -10,  -17,   -3,   -3,
      -3,   -3,   -3,    3,  -20,   -7,   -7,   -7,   -7,   13,   23,  -20,  -20,  -13,   13,   23,
      -7,   17,  -10,   -7,   -7,   -3,    7,    7,   -7,   10,   17,   -7,   17,   -7,   17,   37,
      10,   17,   -3,  -10,   10,   20,   13,  -13,  -10,   10,   27,   10,   33,   10,   10,   13,
      10,   17,    7,   17,    7,   10,   17,   20,  -13,   -7,   -7,  -30,   -5,   -5,   -7,  -10,
     -13,  -13,  -27,   13,    3,   13,    3,   13,   17,  -10,  -10,  -17,   -3,   23,   12,   26,
      -3,   -3,   -3,   12,  -27,  -27,  -17,  -10,   -7,   -7,   -3,   13,   13,   -7,   -7,   -7,
      -3,   -7,   10,   -7,   -7,   -7,   -7,  -13,  -10,    7,  -23,  -23,  -13,  -13,  -17,   -4,
      -4,  -21,    3,    3,   10,   10,  -10,  -20,    7,    7,    7,   10,    7,   13,  -13,   17,
      20,   -7,   -7,   -7,   -8,  -13,  -13,  -13,   -7,   10,   13,  -13,  -13,   -7,   -7,   20,
      -8,   27,  -15,   -8,  -10,   17,   23,  -10,  -10,  -10,   27,  -10,   23,  -10,  -15,   -8,
      -7,   -7,   -7,   -7,  -13,  -13,  -10,   -7,   -7,  -10,   10,  -13,   -7,   -7,   13,   33,
     -10,  -13,  -13,  -10,  -10,   23,    7,   27,  -10,  -10,  -10,  -10,  -10,  -10,    7,   33,
     -10,  -10,  -10,   27,  -10,  -13,  -13,  -18,  -37,  -37,  -20,  -20,  -10,  -10,   -7,  -10,
     -13,   -7,  -17,  -17,  -20,  -27,  -20,  -10,  -17,   -3,   10,   13,   -3,   -3,   -3,   -3,
       3,   10,   20,   20,   20,   13,   20,   20,   13,   20,   10,  -10,  -17,  -17,   -7,   -7,
     -27,   -3,   10,   13,   -3,   13,   -3,   -3,    3,   -3,  -10,  -30,   -7,  -10,   10,  -13,
      40,  -20,  -23,  -40,   12,  -33,  -53,   -7,   37,   23,   -7,   43,   -7,   -7,   -8,   -8,
     -20,  -20,  -10,    7,   -7,   -7,   -7,   -3,   -7,   -7,   23,   -7,   -7,  -10,  -33,  -27,
     -10,  -20,   40,   13,   47,   13,   -3,  -10,   36,   38,   20,   33,   17,   37,   10,   17,
      17,   13,   13,   13,   13,   17,    3,   17,   10,   17,    7,   17,   37,   13,   37,   37,
      13,   27,   20,   33,   10,  -10,  -10,   -5,   23,   -3,   -7,   23,   28,   -7,   -7,   -7,
      -3,  -20,   -7,   20,   25,   -7,   -7,   -7,   10,   37,   20,   37,   13,   37,   37,   13,
      37,   10,  -17,  -17,  -13,  -13,   -5,   28,   -7,   28,   28,   -3,   -3,   -5,   -7,   -7,
      -3,   -5,   -3,  -13,   -7,   -7,   -7,   -7,   -5,   -7,   -7,   -7,   33,    7,   33,    7,
      17,   17,   17,   17,   17,  -18,   -3,   -3,   -3,   -3,   -3,   10,   13,    7,    7,    7,
      10,    7,   17,   17,  -13,  -13,  -27,   -7,   -7,   -7,   -7,  -13,   13,   13,  -10,   13,
      13,    7,  -10,  -20,   38,   13,   43,   13,   -3,  -10,  -17,  -17,  -13,   -7,   -7,  -10,
       5,    8,    7,    7,    3,    3,    3,    3,   13,  -17,  -17,   10,   10,    7,   10,    7,
     -33,   -7,  -33,  -23,  -20,  -20,  -20,   -3,   10,  -13,   10,  -10,  -10,   -7,   -3,  -13,
     -13,   10,  -13,   10,   10,  -10,   -3,  -10,   13,   10,   10,   10,   10,   13,   -7,  -10,
      10,   27,   10,   33,   10,   10,   13,   10,   17,    7,   17,    7,   10,   17,   20,  -10,
     -10,  -10,   -7,   17,   20,   10,  -10,  -10,   -5,   -3,   -7,   -3,   -7,   -7,  -20,  -20,
      17,    7,    7,   13,   13,  -13,  -10,  -17,  -13,  -13,  -13,   -7,  -13,  -13,  -10,  -10,
      -7,   -7,   -3,   -3,   -3,   -3,   -5,   -5,   -7,  -17,  -17,  -13,  -13,  -13,   -7,   -5,
      -7,   -7,   -7,   -3,   -7,   -7,   -3,   -7,   -3,   -7,   -7,   -3,   -5,  -10,   -3,   -5,
      -7,   -7,   -7,   -7,   -7,   -7,    7,  -20,  -20,  -10,  -13,  -13,   -3,   -7,    8,  -10,
      -7,   -7,   -5,   -3,   -5,  -10,  -10,  -10,   -3,   -3,    7,   -7,  -20,  -30,  -23,  -13,
     -23,   -3,  -10,  -30,  -23,  -13,  -20,  -20,  -28,  -20,   -8,  -10,   10,  -27,  -10,  -20,
     -20,  -13,  -33,  -27,  -23,  -27,  -23,   10,  -10,  -10,  -10,  -10,  -10,  -13,  -11,    3,
       3,   10,    5,  -17,    8,   -7,   10,  -10,  -13,  -10,   -7,   -7,  -10,   -7,   -7,  -23,
     -20,   -7,  -28,   11,   -7,  -10,   28,  -43,  -43,  -30,   18,    7,   13,  -27,   22,  -37,
     -27,   13,   -3,   13,   22,   -7,  -20,   -7,   -3,  -12,  -10,  -13,   -3,   -3,  -40,  -17,
      -7,   -3,  -17,   17,  -13,   13,   17,   10,   -7,   20,  -13,  -40,  -13,   -3,    5,   17,
     -30,   -7,  -10,  -53,  -10,  -20,  -13,    7,  -17,   10,    7,    9,   -3,  -17,   12,  -43,
      -7,    3,   -7,  -10,   -7,   -8,   -7,  -20,  -33,  -23,   -7,   -7,  -40,  -33,  -35,  -20,
       7,   -3,   -7,  -33,  -27,   -3,   -7,  -13,  -13,  -13,  -13,   -7,  -13,  -13,    3,  -10,
      -7,   -7,  -13,   -3,   -3,   -3,  -20,  -15,  -10,   -7,   20,  -33,  -33,  -23,  -20,  -20,
     -10,  -17,   10,  -30,  -20,   -3,    7,  -10,  -13,   -3,   -7,  -13,  -10,  -10,  -40,  -17,
     -17,    3,  -10,    7,    3,  -30,  -30,  -13,  -10,   10,   17,   30,   27,  -10,   -7,   -7,
      -5,   -3,   -7,    7,   -7,   -3,   -3,  -10,  -10,  -10,  -20,  -20,   -7,  -13,  -13,  -17,
      -3,   -7,    5,   -8,  -10,   -7,   -3,   -5,   -3,   -7,   -3,   -3,  -10,   -3,  -10,   -8,
     -10,  -40,  -40,  -23,  -23,  -23,  -10,  -10,   -7,  -27,   -5,  -32,  -30,   -7,   -7,  -12,
     -10,   -7,  -13,  -13,  -10,  -13,   -8,   -8,  -38,  -17,  -17,   -3,   -7,   -3,   -7,   -7,
      -3,  -42,   -7,   -3,   -3,   -3,   -7,   -7,   -5,   -7,   -3,   -3,   -3,   -7,  -10,   20,
     -33,  -33,  -23,  -20,  -20,  -10,  -17,   10,  -30,  -20,   -3,    7,  -10,  -13,   -3,   -7,
     -13,  -10,  -10,  -40,  -17,  -17,   10,  -10,    7,    3,  -30,  -30,  -13,  -10,   10,   17,
     -23,  -23,  -10,  -13,  -13,  -23,   -7,   -8,   -7,   -7,   -7,  -12,   -7,  -10,  -10,   -7,
     -11,   -7,   -7,  -10,   -9,   -7,  -13,   -3,  -13,   -7,  -13,   -3,   -7,   -7,   -7,  -10,
     -10,   -7,  -10,   10,    3,    8,   10,   10,   -3,    7,  -13,   13,   -3,   10,   -7,   -7,
      -7,   -7,   -7,  -20,  -13,  -13,  -20,   10,   -7,  -10,  -20,   -7,   -7,   -3,   -3,  -10,
      -3,  -17,  -17,   -7,   -7,  -18,   -3,   -7,   -7,   -3,   -3,   -3,   -3,   -3,   -3,  -10,
     -38,   -7,  -10,  -10,  -17,  -17,   -7,   -7,  -27,   -3,   -7,   -7,   -3,   -3,   -3,   -3,
      -3,   -3,  -10,  -20,   -7,   -7,  -28,   -3,   -3,  -18,   -3,   -3,   -3,   -3,  -13,  -30,
      -5,  -10,   -7,   -7,  -10,  -17,   -3,   -3,   -3,   -3,    3,  -23,  -23,  -13,  -13,  -17,
     -13,   -7,   -7,  -21,    3,   10,   18,  -27,   10,   10,   17,   -8,   -3,   43,   -3,   10,
     -13,   -7,   -7,  -45,   -7,  -18,  -10,   -7,  -10,  -23,  -13,  -30,   -7,   -5,  -10,   -7,
      -7,  -10,   -7,   -7,   -7,   -7,  -13,   -7,   10,   20,   20,   20,   13,   20,   10,  -13,
     -13,  -10,   -3,  -17,   10,  -13,  -22,  -32,  -13,  -32,  -17,  -17,   -7,  -10,  -27,    7,
     -40,  -30,   -7,  -13,  -13,  -17,  -11,  -17,  -10,  -13,  -47,  -17,  -20,  -10,  -13,  -38,
     -13,  -13,   13,   17,   13,  -27,  -27,  -20,   13,  -37,  -23,  -17,   10,  -17,  -22,  -13,
     -17,   -5,  -28,  -28,  -10,  -10,  -45,  -25,  -14,  -17,  -24,  -24,  -35,  -45,  -20,  -21,
      13,   10,  -25,  -25,  -10,  -13,  -13,   -7,   -7,  -30,  -10,  -13,   -7,  -10,   -7,   12,
     -30,  -30,  -23,  -20,  -20,   -7,   -5,  -13,    7,  -30,  -23,  -13,   -8,   -8,  -28,  -13,
     -13,  -10,    7,  -32,    8,   40,   10,   10,   13,    7,   43,   13,   40,   10,  -17,  -10,
      17,  -10,  -20,  -20,  -35,   -7,   -7,   -3,  -10,   18,  -33,  -17,  -33,  -33,  -17,  -17,
       7,  -10,  -10,   -8,   -3,  -20,   13,  -28,  -23,  -10,   10,  -13,  -17,  -13,  -13,  -23,
     -15,  -13,  -10,   -3,  -40,  -27,  -13,  -13,  -28,   10,  -20,   10,   10,  -17,    7,  -20,
     -33,  -15,  -13,    7,   -7,   -7,   -7,  -10,  -10,   -7,  -10,   40,   10,    3,    8,   23,
      23,   -3,    7,  -13,   13,   -3,   10,   -7,   -7,   -7,   -7,  -20,  -13,   33,  -13,  -20,
      27,   -7,   13,  -21,   13,   10,   20,   53,   18,   10,  -35,  -30,   -7,  -13,   -8,    7,
     -37,  -13,  -17,  -20,  -13,  -45,  -10,  -30,  -22,   -7,   -7,  -10,   -3,   10,  -10,  -25,
      22,   -3,    7,  -20,  -20,  -10,  -13,  -13,   -3,   -7,    8,  -10,  -17,   -7,   -5,   -3,
      -5,  -10,  -10,  -10,   -3,   -3,    7,   -7,   -3,   -7,  -10,  -10,  -10,  -10,   -8,   -7,
      -7,   -7,  -10,   17,  -13,   -7,   -7,   -7,   -7,  -10,  -10,   -7,  -10,    3,    3,   -5,
      10,   10,   -3,    7,  -13,   13,   -3,  -27,   -7,  -20,  -27,  -17,   -7,  -20,  -17,   -7,
     -20,  -13,  -17,  -13,  -20,    7,  -20,   -7,  -21,   -7,   -7,  -10,  -13,    3,   -7,   10,
     -10,  -33,  -33,  -37,  -10,   -7,  -13,  -13,   -7,  -10,  -10,  -27,  -10,  -28,   -3,   -3,
     -23,  -10,  -10,  -33,  -37,  -27,  -27,  -27,  -23,  -10,  -28,  -10,  -13,   -7,   -7,  -32,
     -37,  -10,  -27,  -13,  -20,  -27,  -13,  -27,  -20,  -17,   -3,  -52,  -23,  -10,  -25,  -23,
     -10,  -18,  -37,  -13,  -10,  -23,  -47,  -47,  -13,  -50,  -13,  -20,  -17,  -17,  -20,  -13,
     -10,  -17,  -10,  -10,   -7,   -7,  -33,   -7,  -20,  -38,  -10,   -7,   -7,  -30,  -10,  -13,
     -10,  -50,  -33,  -10,  -33,   -7,  -33,   -7,   -7,  -30,  -10,  -38,  -15,  -17,  -10,  -20,
     -13,  -17,  -42,  -50,  -13,  -42,  -13,  -17,  -20,  -17,  -10,  -13,  -27,  -33,  -23,  -20,
     -33,  -23,  -20,  -10,   -7,  -58,  -30,  -13,  -37,   -7,  -30,  -10,   -7,  -10,  -28,   -7,
     -33,  -13,  -50,  -15,   13,  -10,   23,  -17,  -20,  -33,   13,  -20,   -7,   33,    7,   28,
      -7,   -7,   -7,   -7,  -20,  -17,   10,   -7,   -7,   -7,   30,  -17,  -10,   23,   13,   13,
      10,    7,   -7,   13,  -32,   10,   -7,   -7,   -7,   -7,   -7,  -20,  -37,  -25,   28,  -33,
     -10,  -20,  -40,  -10,   10,  -33,  -33,
};

static const EpdLigaturePair bookerly_10_italicLigaturePairs[] = {
    { 0x00660066, 0xFB00 }, // f f -> U+FB00
    { 0x00660069, 0xFB01 }, // f i -> U+FB01
    { 0x0066006C, 0xFB02 }, // f l -> U+FB02
    { 0xFB000069, 0xFB03 }, // U+FB00 i -> U+FB03
    { 0xFB00006C, 0xFB04 }, // U+FB00 l -> U+FB04
};

static const EpdFontData bookerly_10_italic = {
    bookerly_10_italicBitmaps,
    bookerly_10_italicGlyphs,
    bookerly_10_italicIntervals,
    70,
    27,
    23,
    -6,
    true,
    bookerly_10_italicGroups,
    18,
    nullptr,
    nullptr,  // kernLeftClasses: built-in fonts use the split arrays below
    nullptr,  // kernRightClasses
    bookerly_10_italicKernLeftCodepoints,
    bookerly_10_italicKernLeftClassIds,
    bookerly_10_italicKernRightCodepoints,
    bookerly_10_italicKernRightClassIds,
    nullptr,  // kernMatrix: built-in fonts use the sparse form below
    bookerly_10_italicKernRowOffsets,
    bookerly_10_italicKernSparseCols,
    bookerly_10_italicKernSparseValues,
    652,
    680,
    145,
    117,
    bookerly_10_italicLigaturePairs,
    5,
};
