/**
 * generated by fontconvert.py
 * name: bookerly_14_regular
 * size: 14
 * mode: 2-bit  compressed: zopfli
 * hinting: auto (FT_LOAD_FORCE_AUTOHINT — grid-fits stems to whole pixels)
 * Command used: fontconvert.py bookerly_14_regular 14 ../builtinFonts/source/Bookerly/Bookerly-Regular.ttf --2bit --compress --zopfli
 */
#pragma once
#include "EpdFontData.h"

static const uint8_t bookerly_14_regularBitmaps[30389] = {
    0xAD, 0x98, 0x31, 0x8C, 0x25, 0xB7, 0x79, 0xC7, 0x7F, 0x33, 0x3C, 0x69, 0x92, 0x8C, 0x62, 0x5E,
    0x91, 0x8B, 0x8D, 0x2C, 0x94, 0x71, 0xE1, 0xC2, 0x40, 0x24, 0x33, 0x45, 0x0A, 0x15, 0x77, 0x4B,
    0x1A, 0x2A, 0x52, 0xA4, 0x39, 0x20, 0x7A, 0x56, 0x71, 0x85, 0xDC, 0x1B, 0xC1, 0x36, 0x2E, 0x1C,
    0xE0, 0xF6, 0x66, 0x12, 0xF7, 0x80, 0x53, 0x28, 0x5D, 0x60, 0xB5, 0x01, 0x82, 0xC8, 0x85, 0x01,
    0xCB, 0xC0, 0xEE, 0x0E, 0xE3, 0x2B, 0x52, 0xA4, 0xF0, 0x38, 0x8E, 0xD2, 0xA4, 0xF0, 0x38, 0xB8,
    0x83, 0x03, 0x27, 0x80, 0x69, 0x67, 0x36, 0x9A, 0x95, 0x67, 0xE6, 0x0B, 0x49, 0xBC, 0xBD, 0xBB,
    0x8D, 0xEF, 0xAC, 0x93, 0x9D, 0x7D, 0xFC, 0xFF, 0xB8, 0x6F, 0x86, 0x24, 0x3F, 0x7E, 0x24, 0xBF,
    0xE1, 0x9B, 0xC3, 0xB3, 0x75, 0x5D, 0x1E, 0xFD, 0x9D, 0x9C, 0x5C, 0x87, 0x63, 0x91, 0xE3, 0xBB,
    0x0D, 0x8B, 0x7D, 0x4A, 0x9A, 0x0F, 0x01, 0x28, 0xBA, 0x4F, 0x81, 0xF2, 0x37, 0xA1, 0xEA, 0x5E,
    0x83, 0xDA, 0x7D, 0x19, 0x34, 0xDF, 0xA4, 0x16, 0x91, 0x41, 0x27, 0xF0, 0x72, 0x31, 0xC2, 0x2B,
    0xE5, 0x00, 0x37, 0x95, 0x87, 0xD7, 0x22, 0x6E, 0x7C, 0xFB, 0xCE, 0xDB, 0x58, 0x11, 0xA1, 0x4D,
    0x20, 0x68, 0x28, 0xC6, 0x4F, 0x40, 0x39, 0xBC, 0x0C, 0xCA, 0xBF, 0x02, 0x85, 0xFB, 0x14, 0x00,
    0xA0, 0xBA, 0xAB, 0x3A, 0x9A, 0x51, 0x22, 0x4E, 0x7F, 0xBF, 0xF1, 0xE6, 0xF5, 0xDA, 0x5B, 0x55,
    0x45, 0x15, 0xD8, 0xAF, 0x82, 0xF9, 0x11, 0x68, 0x81, 0x52, 0x46, 0x30, 0x2B, 0xFC, 0xB6, 0x38,
    0x5E, 0x32, 0xFE, 0x0F, 0x5F, 0xD2, 0xFE, 0x9B, 0x51, 0x73, 0xD4, 0xFA, 0x92, 0x71, 0xFD, 0xDF,
    0x6C, 0x18, 0x99, 0x29, 0xCF, 0x1C, 0xDC, 0xE4, 0x17, 0x75, 0x1D, 0x00, 0x3E, 0x03, 0xE5, 0x9A,
    0xAF, 0x68, 0xE9, 0x98, 0xC0, 0xBE, 0xE5, 0x8B, 0x00, 0xF7, 0xEA, 0x51, 0x0D, 0x70, 0xAA, 0x42,
    0xD5, 0xC1, 0xA2, 0x82, 0x26, 0x67, 0xAF, 0x92, 0xB3, 0x9B, 0xE4, 0xEC, 0x1B, 0xE6, 0x01, 0xA7,
    0xD5, 0xF7, 0x46, 0x59, 0x69, 0xF5, 0xFD, 0xFB, 0x17, 0x3D, 0x56, 0xFE, 0xE4, 0x8F, 0x47, 0xD3,
    0xD5, 0xAB, 0xAE, 0x07, 0xED, 0x71, 0xAF, 0x68, 0x1F, 0x33, 0xBE, 0x92, 0x33, 0x42, 0xCE, 0xCA,
    0x51, 0xFB, 0xA6, 0x43, 0xF9, 0x7A, 0x34, 0x0E, 0xED, 0x54, 0xAC, 0x47, 0x43, 0x29, 0x0B, 0xDC,
    0x82, 0xA3, 0x11, 0x2E, 0x3D, 0x93, 0xAD, 0xAC, 0xC5, 0x01, 0xAD, 0x0C, 0xC0, 0x5A, 0x07, 0x28,
    0x27, 0x15, 0xA9, 0xC2, 0x9E, 0x63, 0x62, 0xED, 0x23, 0x27, 0x03, 0x14, 0xF3, 0x67, 0x81, 0x72,
    0xE1, 0xC6, 0x6D, 0xEA, 0x8D, 0x7E, 0xC1, 0xF4, 0x2E, 0xD2, 0x36, 0x5E, 0xC3, 0x69, 0x1D, 0x22,
    0x17, 0xB5, 0x24, 0x22, 0x99, 0xF6, 0x07, 0x70, 0x46, 0xBD, 0x42, 0xEB, 0x0A, 0x71, 0x98, 0x87,
    0x77, 0xE4, 0x82, 0x5A, 0xE4, 0xFB, 0xE2, 0xE9, 0x2F, 0x38, 0x72, 0x77, 0xF7, 0x8B, 0x66, 0x06,
    0xA0, 0x82, 0xC6, 0x71, 0x0C, 0x33, 0x65, 0xA0, 0x1A, 0xD0, 0x3E, 0x5D, 0xB0, 0x70, 0x48, 0xBA,
    0x7C, 0x0A, 0xCB, 0xD5, 0xB4, 0xE6, 0x8B, 0xF7, 0xC0, 0x82, 0x71, 0x34, 0x1E, 0x3D, 0x50, 0x85,
    0x64, 0x25, 0x1B, 0xD8, 0x8E, 0xDA, 0x01, 0xC0, 0x1F, 0xC1, 0x19, 0x98, 0x2E, 0x15, 0x50, 0xB9,
    0x00, 0xEB, 0x93, 0x35, 0xBB, 0x5C, 0xF9, 0xFF, 0xA4, 0x2E, 0x75, 0x6F, 0xC0, 0xE6, 0xEE, 0x17,
    0x8A, 0x29, 0xD5, 0xAD, 0xB3, 0x55, 0x87, 0xB9, 0x4D, 0x80, 0xDF, 0xE7, 0xA5, 0x06, 0xFB, 0x32,
    0xE6, 0xBF, 0x28, 0x24, 0x94, 0x12, 0xCC, 0xDF, 0x5D, 0x37, 0xAF, 0xF0, 0x1B, 0x9F, 0x83, 0x97,
    0xE1, 0xE6, 0x95, 0xB4, 0x3B, 0xDE, 0x49, 0xFE, 0xBB, 0x7A, 0x9D, 0x6A, 0xA8, 0x43, 0x15, 0xAA,
    0x31, 0xCD, 0x6E, 0xC3, 0x21, 0x5F, 0xE1, 0xC6, 0x0E, 0x11, 0x17, 0x53, 0xDA, 0x4B, 0xD0, 0x00,
    0x87, 0xC0, 0x5D, 0xE0, 0x04, 0x98, 0xA0, 0x0C, 0xA0, 0x46, 0xA8, 0x3C, 0xE8, 0x2E, 0x0A, 0x30,
    0xC0, 0xAD, 0x7D, 0xB1, 0x19, 0x8A, 0x7D, 0x11, 0x35, 0x40, 0x9D, 0x8A, 0xB9, 0x5F, 0x6C, 0x09,
    0x33, 0x53, 0x88, 0xB8, 0xFA, 0xBC, 0xF5, 0xDA, 0xD7, 0xC1, 0xA2, 0xA2, 0xCA, 0xF9, 0x98, 0x62,
    0x4E, 0x1E, 0x5F, 0x9E, 0xAA, 0x74, 0xAF, 0x98, 0xEE, 0xA1, 0x72, 0x79, 0xD3, 0xE9, 0x41, 0x9F,
    0xB7, 0x5D, 0x25, 0x1B, 0xF4, 0x23, 0xBC, 0x08, 0x2D, 0x46, 0x68, 0x85, 0xDF, 0xED, 0xC1, 0x3E,
    0x5F, 0x6A, 0x5D, 0x23, 0xAB, 0x95, 0x35, 0x35, 0x51, 0xC7, 0xCC, 0xBE, 0x2F, 0xF4, 0x98, 0x6E,
    0x45, 0xFB, 0x25, 0xEA, 0x6E, 0x14, 0x34, 0x1D, 0x18, 0x07, 0x2D, 0xB0, 0x82, 0x9A, 0xA1, 0x0E,
    0x60, 0x3C, 0xF4, 0x50, 0x2E, 0x8F, 0xBF, 0xB6, 0xBB, 0x9D, 0x6B, 0x45, 0x06, 0x2B, 0xE2, 0x39,
    0x9A, 0xA9, 0x44, 0x68, 0x1E, 0xF6, 0x9D, 0xA5, 0xF1, 0xAF, 0xA0, 0xFD, 0xB5, 0x28, 0x30, 0x1D,
    0xB4, 0x50, 0x2D, 0xD0, 0xCF, 0x20, 0xE2, 0xB8, 0x6D, 0x86, 0xDC, 0x0A, 0x6A, 0xAF, 0x6A, 0x84,
    0x66, 0x80, 0xBE, 0xBB, 0x71, 0xB4, 0x61, 0x65, 0x42, 0x6F, 0x0E, 0xC0, 0xED, 0x7B, 0x8A, 0x12,
    0x8F, 0x8A, 0xAA, 0x7E, 0xE0, 0xD1, 0xDF, 0xF5, 0x58, 0xED, 0x39, 0xD5, 0xBE, 0x98, 0xB5, 0x57,
    0x41, 0xFB, 0x3C, 0xB3, 0x9D, 0xF6, 0x96, 0x28, 0x11, 0x49, 0x7A, 0x61, 0xF7, 0xD6, 0xFB, 0x64,
    0x1B, 0xAE, 0x4A, 0x89, 0x0C, 0x51, 0x5E, 0x9D, 0xEF, 0x9C, 0x1A, 0x1F, 0x4F, 0x61, 0xF5, 0x20,
    0x4A, 0x86, 0xA8, 0x85, 0xF2, 0x5D, 0x21, 0xD9, 0x03, 0xE6, 0x6A, 0xFD, 0xCB, 0xF1, 0x94, 0x1B,
    0x37, 0xDE, 0x9D, 0xF3, 0xFE, 0x36, 0x17, 0x00, 0xBD, 0xA7, 0x96, 0x40, 0xFB, 0xE1, 0xED, 0x42,
    0x5C, 0x76, 0x9B, 0x1E, 0xA1, 0xF1, 0x60, 0xAF, 0x41, 0x2B, 0x33, 0xBD, 0x08, 0x2B, 0x6D, 0xF2,
    0xF5, 0xB0, 0x50, 0x85, 0x05, 0x95, 0x75, 0x1A, 0xD5, 0x52, 0x8D, 0x36, 0xDA, 0xDF, 0x3C, 0x9E,
    0xE6, 0x54, 0x7E, 0x90, 0xA8, 0x75, 0xF7, 0x96, 0x9F, 0x30, 0x5D, 0xC0, 0xF2, 0x0E, 0xA7, 0xC0,
    0xFC, 0xD8, 0x6D, 0x97, 0x53, 0x66, 0x81, 0x43, 0xC8, 0xB7, 0x17, 0x28, 0x66, 0x28, 0xA7, 0x54,
    0xEC, 0xB1, 0x8A, 0x11, 0x68, 0x1F, 0xA0, 0x64, 0x43, 0x3F, 0xEC, 0x9D, 0xE9, 0x4C, 0xF6, 0x57,
    0x96, 0x6B, 0xBA, 0x66, 0xB0, 0xD4, 0x17, 0x0B, 0x85, 0x8C, 0x51, 0x33, 0xF5, 0xF7, 0x04, 0xE3,
    0x8C, 0x3F, 0xA6, 0x1E, 0x2F, 0x6D, 0x5D, 0xA3, 0x7A, 0xF4, 0x60, 0xE3, 0x3C, 0x6B, 0xD9, 0xC8,
    0x65, 0xF7, 0xEB, 0xC9, 0xBC, 0x2F, 0xAE, 0xC5, 0xF8, 0x53, 0xF2, 0xF8, 0x1E, 0xD5, 0x39, 0x8B,
    0x6A, 0x9D, 0x0A, 0xF6, 0xFC, 0x4E, 0xA8, 0x45, 0xC6, 0xA2, 0x97, 0x61, 0xEF, 0x19, 0x07, 0x3D,
    0x94, 0x2B, 0xE8, 0x89, 0x42, 0x06, 0xDA, 0x0D, 0xCC, 0x08, 0x79, 0x5B, 0x02, 0x90, 0xFF, 0xAD,
    0x06, 0x1D, 0x74, 0xA8, 0x06, 0xAE, 0xFC, 0x95, 0x5D, 0xDA, 0xD6, 0x2A, 0x5E, 0xAF, 0xBD, 0xEE,
    0x0C, 0x37, 0xB9, 0x0E, 0xFC, 0x26, 0xD0, 0x43, 0xBD, 0x42, 0x3F, 0x5C, 0x66, 0x6C, 0xE4, 0x3C,
    0x7F, 0xCF, 0xF3, 0xDA, 0xCC, 0x50, 0x48, 0x0E, 0x30, 0x00, 0xBB, 0xDD, 0x65, 0xE8, 0xB8, 0xFA,
    0xF5, 0x53, 0x64, 0x33, 0x31, 0x13, 0x94, 0xE2, 0xB2, 0x75, 0x54, 0x1B, 0xD0, 0xFA, 0xAC, 0x6A,
    0x85, 0x76, 0xCC, 0x97, 0xEC, 0x08, 0x9F, 0x03, 0x00, 0x9A, 0x91, 0x76, 0xA5, 0x15, 0xF7, 0x99,
    0xC6, 0xA3, 0x46, 0x8A, 0x00, 0x39, 0x55, 0x21, 0xFA, 0x4B, 0x8B, 0x6F, 0x56, 0xF4, 0x80, 0x86,
    0xDA, 0x51, 0x00, 0x00, 0x39, 0x2A, 0x87, 0x94, 0xF2, 0x50, 0x0F, 0x64, 0x04, 0x4A, 0x91, 0x0D,
    0x68, 0xD6, 0x9D, 0xE4, 0x2D, 0x42, 0x3D, 0x51, 0x2E, 0x24, 0x55, 0x01, 0x38, 0x43, 0xFB, 0x17,
    0x57, 0x2C, 0xA6, 0xB3, 0xE2, 0x8C, 0xB3, 0xAC, 0xAD, 0x6F, 0xBA, 0x7B, 0x4C, 0xE9, 0xB9, 0x75,
    0xCA, 0x17, 0x53, 0xB6, 0x40, 0x93, 0xB3, 0x46, 0x72, 0xD6, 0xC7, 0xAC, 0x5B, 0xCA, 0x35, 0xED,
    0x9A, 0x25, 0x6D, 0x20, 0xC3, 0x9A, 0xB2, 0x7B, 0x9C, 0xA9, 0xD9, 0xFC, 0x70, 0xA1, 0x2D, 0xE5,
    0x03, 0x09, 0x58, 0xD7, 0x7F, 0x47, 0x3A, 0x8C, 0xBF, 0xC6, 0x75, 0xD0, 0x01, 0x00, 0xB5, 0x42,
    0x01, 0xC8, 0xBF, 0x70, 0xE4, 0xC0, 0x24, 0x03, 0xB3, 0x9D, 0x23, 0x00, 0x2E, 0xF3, 0x45, 0x0F,
    0xA0, 0x07, 0xC8, 0x3E, 0x03, 0x6C, 0x00, 0xF8, 0xF3, 0x09, 0x60, 0x5A, 0x80, 0x22, 0x24, 0x96,
    0xE3, 0x3D, 0x40, 0x79, 0x0B, 0xD4, 0x99, 0xDA, 0x35, 0x1D, 0x34, 0x68, 0x9F, 0x1B, 0x1F, 0xC0,
    0xE6, 0xB6, 0x4F, 0x50, 0x01, 0x66, 0xD4, 0x44, 0x11, 0x28, 0x96, 0xFC, 0x35, 0x72, 0x84, 0x0D,
    0xB3, 0x25, 0x7F, 0xF5, 0x82, 0x91, 0xF0, 0x7B, 0xB2, 0x41, 0x9B, 0x6A, 0x1E, 0x9C, 0x1F, 0x4D,
    0xA8, 0xA0, 0x52, 0xD9, 0x22, 0x81, 0x47, 0x28, 0xF2, 0x8D, 0x91, 0x14, 0x0A, 0x12, 0x26, 0xD4,
    0xF9, 0x9D, 0x7C, 0x77, 0x4B, 0xB0, 0x57, 0xD1, 0x26, 0xAC, 0xB9, 0x08, 0x56, 0x24, 0xD0, 0xCA,
    0xE6, 0xE0, 0x45, 0x79, 0x40, 0x2B, 0x4B, 0xB9, 0x7D, 0x61, 0xA9, 0x47, 0x4E, 0xB4, 0xE7, 0xAE,
    0x85, 0x9B, 0x87, 0xF0, 0xE9, 0x63, 0xE0, 0x04, 0x58, 0xAE, 0x8A, 0x15, 0x38, 0x03, 0x5A, 0xC0,
    0x76, 0xD0, 0xE4, 0x05, 0xB5, 0x3B, 0x2A, 0x44, 0x56, 0x0E, 0xE4, 0x9D, 0x3F, 0x48, 0x0D, 0xB7,
    0x22, 0x73, 0x34, 0xFE, 0x4B, 0x92, 0xFB, 0xF6, 0x11, 0x7A, 0x8C, 0x50, 0x21, 0xA2, 0x9C, 0x23,
    0x8A, 0x25, 0x82, 0x67, 0xA1, 0x48, 0x45, 0xCA, 0xE9, 0xB2, 0x86, 0x1E, 0x22, 0x6C, 0x17, 0x8D,
    0xDF, 0xB0, 0x22, 0x13, 0xAD, 0x7C, 0x48, 0x84, 0xAC, 0x19, 0xC4, 0x48, 0x78, 0x8C, 0x0A, 0xBC,
    0x9A, 0xF0, 0x72, 0xC2, 0xB5, 0x04, 0x9E, 0x84, 0x48, 0x48, 0x18, 0x53, 0x61, 0x97, 0xAF, 0x5D,
    0x45, 0xE5, 0x22, 0xF4, 0x1E, 0xE7, 0xBB, 0x23, 0xCC, 0xFE, 0x1C, 0xB9, 0x25, 0x4C, 0x49, 0xF1,
    0xF2, 0x37, 0x55, 0xE0, 0xCB, 0x7B, 0x5D, 0x8F, 0x62, 0xAF, 0xDC, 0xEA, 0xA3, 0xC0, 0x1C, 0xE0,
    0x59, 0x32, 0x32, 0xD0, 0x46, 0x51, 0xCA, 0x05, 0xA9, 0x0F, 0x57, 0xC8, 0xDB, 0x6D, 0x57, 0xA5,
    0x6E, 0xB5, 0x8F, 0x30, 0x50, 0x73, 0x08, 0x70, 0x0C, 0x70, 0x02, 0xB0, 0x3C, 0x01, 0x2D, 0xD3,
    0x42, 0x2D, 0x61, 0x05, 0xED, 0xCF, 0x12, 0xDA, 0x04, 0xEB, 0x23, 0x9A, 0x29, 0xA2, 0x92, 0x1F,
    0x8B, 0x2F, 0x44, 0xC4, 0x73, 0x90, 0x67, 0xD7, 0xD7, 0x32, 0xB5, 0x9B, 0xAB, 0x25, 0xCD, 0x00,
    0x96, 0xE7, 0xA2, 0x88, 0x08, 0x99, 0x69, 0x68, 0xBB, 0x96, 0xE7, 0xAF, 0x6B, 0xA4, 0xAB, 0x92,
    0xC3, 0x3A, 0x2D, 0x93, 0x88, 0x17, 0x49, 0x4E, 0xFD, 0xB8, 0xA9, 0x4D, 0x15, 0xBD, 0x12, 0x29,
    0x65, 0x45, 0xFB, 0x5F, 0x31, 0x35, 0x1D, 0x16, 0x7A, 0xCA, 0x05, 0x33, 0xA5, 0x6F, 0xB9, 0xD9,
    0x48, 0xD7, 0xAE, 0xE4, 0x85, 0x95, 0xD8, 0x92, 0x77, 0x57, 0x62, 0x15, 0x12, 0x8D, 0x4F, 0x3C,
    0x23, 0xF2, 0x67, 0x73, 0xA2, 0x8C, 0x8F, 0xF9, 0xC1, 0x9C, 0xAF, 0x6F, 0x89, 0xA1, 0x77, 0x89,
    0x66, 0x48, 0xAC, 0xA7, 0xC4, 0x72, 0x4B, 0xA4, 0xEF, 0x12, 0x4D, 0xC8, 0xDE, 0x58, 0x53, 0xBF,
    0x9C, 0x65, 0x46, 0xE4, 0x3A, 0xFC, 0x3A, 0x28, 0x3E, 0x62, 0xC5, 0x6A, 0xE9, 0x68, 0x84, 0x5A,
    0x3C, 0x66, 0x85, 0xDE, 0x63, 0x47, 0xE8, 0x07, 0xDA, 0x11, 0xBE, 0x15, 0xF8, 0xD6, 0x08, 0xFF,
    0x13, 0xF8, 0xEF, 0x00, 0x3F, 0x9D, 0x8A, 0x9F, 0x05, 0x08, 0x73, 0xF9, 0xCF, 0x29, 0x5B, 0xD4,
    0x77, 0x52, 0x76, 0xB7, 0xFA, 0x87, 0x40, 0x11, 0x0E, 0xEB, 0xCF, 0x4F, 0x31, 0xB3, 0xBA, 0x98,
    0x28, 0x43, 0xA3, 0x8B, 0x99, 0x72, 0xD4, 0x7F, 0x46, 0xCE, 0x16, 0x66, 0xD4, 0x58, 0x2D, 0x2C,
    0xA8, 0x41, 0x4D, 0x39, 0x2B, 0x43, 0xCE, 0x8A, 0xC0, 0x8A, 0x11, 0xA8, 0x73, 0x48, 0xA3, 0x91,
    0xD0, 0xCF, 0xD4, 0x32, 0xB7, 0x6B, 0xE4, 0x03, 0x25, 0xE4, 0x35, 0xD6, 0x65, 0x0E, 0x89, 0x1F,
    0x04, 0x6C, 0xF2, 0x76, 0x62, 0x58, 0x32, 0xDB, 0x4C, 0xE3, 0x12, 0xB5, 0x4F, 0x54, 0x63, 0x62,
    0x39, 0x25, 0xB2, 0x64, 0x1E, 0x66, 0x9A, 0x36, 0x51, 0x4B, 0xA2, 0xCA, 0x2C, 0x25, 0x79, 0x1E,
    0xA1, 0xCF, 0xBD, 0x00, 0x5C, 0x87, 0x17, 0x65, 0x84, 0x56, 0x84, 0x52, 0x76, 0x32, 0xD4, 0x01,
    0x1D, 0x1A, 0x8F, 0x9A, 0xAD, 0xA3, 0x58, 0x5A, 0x60, 0x3B, 0x05, 0xDA, 0x05, 0xB0, 0x4F, 0xC3,
    0x0A, 0xDC, 0xEB, 0x81, 0x35, 0xD7, 0x30, 0x1E, 0x35, 0xE9, 0x14, 0xDB, 0x2A, 0xD9, 0xA5, 0xDE,
    0x64, 0x85, 0x03, 0xF9, 0x1A, 0x29, 0x06, 0xA6, 0x88, 0x71, 0x10, 0xC3, 0x6D, 0x0A, 0xC8, 0x51,
    0x6D, 0x94, 0x7D, 0x42, 0x67, 0x69, 0xC9, 0xA9, 0x18, 0xDE, 0x73, 0xC4, 0x90, 0x8B, 0x5F, 0x12,
    0x31, 0x3C, 0xAD, 0x0C, 0x7B, 0xE3, 0x69, 0x65, 0x23, 0x9B, 0xEF, 0xA9, 0x26, 0x9A, 0x80, 0x4E,
    0x03, 0x20, 0xDB, 0x83, 0x05, 0x56, 0x8E, 0x81, 0x7B, 0xE4, 0x91, 0x90, 0xCD, 0x7E, 0x0A, 0xF3,
    0x48, 0x38, 0x03, 0x4E, 0x69, 0x81, 0x05, 0xDB, 0x51, 0xCE, 0x34, 0x03, 0x55, 0xA0, 0x9E, 0x31,
    0x9E, 0x52, 0xFE, 0x53, 0x00, 0x23, 0x13, 0x50, 0x6C, 0x0E, 0x48, 0xA5, 0x20, 0xDD, 0x07, 0x0A,
    0x79, 0xE8, 0xC8, 0x21, 0x0D, 0x28, 0x7A, 0x77, 0x19, 0xF9, 0x03, 0x07, 0x4F, 0x3E, 0x89, 0xDA,
    0xAB, 0x4F, 0xA2, 0xB3, 0x88, 0x72, 0x21, 0x0E, 0x3D, 0x07, 0xE4, 0x2E, 0x62, 0xC9, 0x5B, 0x29,
    0xC1, 0x76, 0x11, 0xCD, 0x10, 0x51, 0x3F, 0x7A, 0xEE, 0x21, 0x09, 0x76, 0x30, 0xE2, 0xF5, 0xDC,
    0x8A, 0x2F, 0x57, 0xDA, 0xFD, 0x6F, 0xF5, 0xF3, 0xA3, 0xCE, 0x74, 0xBA, 0xB3, 0x68, 0x67, 0xA9,
    0x9D, 0x75, 0xD7, 0x30, 0x03, 0xE8, 0x85, 0xBC, 0xBA, 0xE8, 0x27, 0xA8, 0x37, 0x28, 0xC4, 0x81,
    0xF1, 0xAF, 0xA1, 0xFD, 0x57, 0xA2, 0x4E, 0x72, 0xE8, 0xB4, 0xAE, 0x7D, 0x5B, 0x68, 0x65, 0xE6,
    0x45, 0xF9, 0x1A, 0x22, 0x22, 0x63, 0xC6, 0xC5, 0x9B, 0xE7, 0x6F, 0x0E, 0x53, 0xEC, 0x7C, 0x08,
    0x97, 0xF0, 0xBF, 0xEE, 0x86, 0x25, 0x4F, 0x61, 0x21, 0x39, 0xFA, 0x77, 0x8D, 0x8C, 0xED, 0x46,
    0x23, 0x5D, 0x7E, 0xDE, 0xF1, 0xFF, 0xC6, 0x89, 0xB4, 0x41, 0xF3, 0x3F, 0x6C, 0xD4, 0x01, 0xFA,
    0x1F, 0xF7, 0x03, 0xF9, 0x31, 0x03, 0xA5, 0x3C, 0x00, 0x11, 0x6F, 0xC5, 0xF7, 0xE2, 0x8C, 0xB8,
    0x3A, 0x50, 0x4C, 0xA9, 0x70, 0x7E, 0x28, 0xE7, 0x53, 0xDE, 0x42, 0x35, 0xC0, 0x82, 0xF6, 0x70,
    0x86, 0xEE, 0xA0, 0xA5, 0x71, 0x60, 0x31, 0x80, 0x71, 0x87, 0x80, 0xEE, 0xEE, 0x42, 0xF6, 0x22,
    0xD4, 0xC3, 0x04, 0xA8, 0x1F, 0x86, 0x1C, 0x13, 0x13, 0x8B, 0x0F, 0x06, 0x00, 0xF1, 0x00, 0x7D,
    0x07, 0xD0, 0x3A, 0x00, 0x4B, 0xEE, 0xBD, 0x70, 0x4A, 0x96, 0xD8, 0x7F, 0xE5, 0x4B, 0x99, 0xEB,
    0x40, 0x3D, 0xD0, 0x74, 0x6A, 0x42, 0x8F, 0x18, 0xA7, 0x66, 0x9A, 0x80, 0xA5, 0xC8, 0xF1, 0xDA,
    0xC2, 0x82, 0x9D, 0x39, 0x86, 0x95, 0x5B, 0x0B, 0x27, 0x70, 0xC6, 0xDD, 0x85, 0x05, 0x5A, 0xDE,
    0x3B, 0x66, 0x06, 0xCB, 0x64, 0x8B, 0x00, 0xE6, 0xF3, 0xC1, 0x96, 0x01, 0x9A, 0xBF, 0x1C, 0x9B,
    0xD7, 0x47, 0xD0, 0xF7, 0x07, 0xFD, 0xD5, 0x01, 0xEA, 0xFB, 0x5E, 0xFF, 0xA3, 0x87, 0xEA, 0xDF,
    0xBA, 0xFA, 0x9F, 0x3A, 0x50, 0x3F, 0x71, 0x31, 0x81, 0x92, 0x94, 0xA0, 0x94, 0x94, 0x80, 0x8D,
    0x62, 0x03, 0x58, 0x72, 0xB2, 0x32, 0xDA, 0xE4, 0xA2, 0xCE, 0x6C, 0x94, 0x2B, 0xD5, 0x08, 0x82,
    0xF6, 0x60, 0x3B, 0x03, 0x34, 0xFE, 0x18, 0xD0, 0x61, 0x06, 0xD4, 0x87, 0x79, 0xD4, 0xFB, 0xF1,
    0x3A, 0x80, 0xB6, 0x03, 0x90, 0x01, 0x50, 0x3F, 0x0F, 0x24, 0x2B, 0x16, 0xA0, 0x71, 0x2B, 0x60,
    0xE9, 0x81, 0x13, 0xAC, 0xA7, 0xC8, 0xA3, 0x56, 0x81, 0x7A, 0xA2, 0xDD, 0xF6, 0xCF, 0x26, 0x11,
    0xDF, 0xCA, 0xD0, 0x0A, 0x36, 0xF7, 0xAE, 0x66, 0xF2, 0x69, 0x89, 0xFA, 0x72, 0x46, 0x2E, 0xE7,
    0xA2, 0x3B, 0x7C, 0x34, 0x0B, 0xD5, 0x38, 0x3D, 0xF2, 0x3F, 0x32, 0x3C, 0xF6, 0xBC, 0xE5, 0x39,
    0x59, 0xCB, 0x0A, 0x34, 0x89, 0x46, 0x64, 0xB1, 0x51, 0x87, 0xBB, 0x37, 0xE7, 0x5B, 0x54, 0xE1,
    0x26, 0x7A, 0xF8, 0xEC, 0xE5, 0xCF, 0x46, 0x56, 0x28, 0x67, 0xA8, 0x02, 0xE8, 0x01, 0xEC, 0xE3,
    0xCB, 0x6A, 0xE6, 0x5A, 0x15, 0x78, 0x59, 0x0F, 0xBC, 0x6A, 0x3B, 0x6E, 0xF5, 0xBB, 0xDD, 0x49,
    0x2F, 0xB2, 0xE4, 0xA3, 0x20, 0x20, 0x41, 0xC2, 0xEA, 0x16, 0x3E, 0xDE, 0x27, 0xD5, 0xDA, 0xB9,
    0xF7, 0x80, 0xBB, 0xC0, 0x21, 0xD0, 0x00, 0xDA, 0x91, 0x1D, 0xA2, 0x86, 0xA8, 0x11, 0x8A, 0x00,
    0xCC, 0xC0, 0x09, 0x70, 0x0B, 0x30, 0x80, 0x4E, 0xEA, 0xA0, 0xF2, 0xB9, 0x10, 0x65, 0x00, 0x26,
    0xE0, 0xE4, 0x4A, 0x6B, 0xA9, 0x87, 0x4F, 0x06, 0xF5, 0x31, 0x3F, 0xA9, 0xD6, 0x8D, 0xDB, 0xFC,
    0x16, 0x60, 0x3C, 0xD8, 0xA8, 0x76, 0x84, 0x6F, 0x07, 0x08, 0x13, 0x65, 0x78, 0x0F, 0x35, 0xDC,
    0xA5, 0xF2, 0xB7, 0xA8, 0x3B, 0x83, 0x76, 0xDA, 0x35, 0xE8, 0xEE, 0x90, 0xCA, 0xDF, 0x45, 0x0D,
    0xF1, 0xE7, 0xD9, 0x1B, 0x22, 0xB2, 0x24, 0x7D, 0x9A, 0x13, 0x36, 0x5A, 0xD7, 0x78, 0x15, 0x78,
    0x07, 0xB8, 0xE1, 0xA8, 0x64, 0xC6, 0xCA, 0x8A, 0xD0, 0xB3, 0x60, 0xF9, 0x9D, 0x28, 0xA2, 0x8A,
    0x5E, 0x68, 0x44, 0x68, 0x1F, 0xB6, 0xAC, 0xD8, 0x7C, 0x6F, 0xA5, 0xA5, 0xFF, 0x6B, 0xF9, 0x0F,
    0x2B, 0x5F, 0x5F, 0xEA, 0x8B, 0x7A, 0x3C, 0x08, 0x40, 0x9F, 0xF0, 0xA5, 0x67, 0x07, 0xA4, 0xD8,
    0x87, 0xFA, 0x99, 0x4C, 0xA8, 0x7C, 0x7C, 0x5E, 0xE9, 0x51, 0x13, 0x36, 0xC5, 0xA3, 0x6C, 0x86,
    0x7E, 0x0A, 0x9A, 0xEE, 0x89, 0x08, 0x7E, 0xF1, 0xE6, 0x92, 0xEA, 0x06, 0x78, 0x77, 0x73, 0xF0,
    0xC2, 0x6D, 0xE8, 0x37, 0x2A, 0x91, 0xAE, 0xF1, 0xD6, 0xDB, 0xBC, 0x43, 0x3E, 0xC1, 0xC9, 0x53,
    0x7E, 0x3A, 0xF4, 0x40, 0xDB, 0x81, 0xB9, 0xF8, 0x82, 0xAF, 0x45, 0x3A, 0xFA, 0x0B, 0xE0, 0xA3,
    0x8D, 0x7E, 0xE1, 0x4F, 0x03, 0x45, 0xEA, 0xB1, 0x4E, 0x68, 0x86, 0x6A, 0x6F, 0xCC, 0x71, 0xC2,
    0x49, 0xC2, 0x72, 0x15, 0x6B, 0x36, 0x35, 0xA1, 0x4D, 0x91, 0xCE, 0x3E, 0x6C, 0x27, 0xB4, 0x7C,
    0x28, 0xBE, 0x90, 0xBF, 0x12, 0x97, 0xBC, 0x5C, 0xCA, 0x82, 0x16, 0xC1, 0x74, 0xB6, 0x3B, 0xA4,
    0xF1, 0xA7, 0x68, 0x2F, 0x22, 0x59, 0xEB, 0x6E, 0xF7, 0x0B, 0x26, 0xDB, 0x8B, 0x3B, 0x9D, 0x16,
    0x71, 0x45, 0x3F, 0x43, 0xD1, 0x77, 0xD4, 0x32, 0x61, 0xFE, 0x75, 0xC2, 0xF2, 0x0D, 0x4E, 0xAF,
    0x8E, 0xF5, 0x40, 0x04, 0x1B, 0x75, 0x63, 0x7D, 0x03, 0x16, 0x9E, 0x4B, 0xB9, 0xB9, 0xA8, 0x68,
    0xDB, 0x1B, 0xA5, 0x88, 0xE8, 0x28, 0xE3, 0xED, 0x35, 0x4B, 0xD3, 0x5D, 0xBE, 0xE8, 0x30, 0xD1,
    0xC1, 0xE9, 0xE5, 0x47, 0x7E, 0x09, 0x22, 0x0F, 0x30, 0x80, 0x4D, 0x7A, 0xFF, 0x0D, 0x1A, 0x91,
    0x51, 0x8B, 0xCC, 0x29, 0x7E, 0x9E, 0xEC, 0xDF, 0xC3, 0xAD, 0x54, 0xA1, 0x7F, 0xBB, 0x1F, 0xAC,
    0x48, 0xFE, 0xB1, 0xF7, 0xDC, 0xAB, 0xE3, 0xA7, 0x79, 0x75, 0xC8, 0x82, 0xDA, 0xD8, 0x50, 0xD3,
    0xFE, 0x31, 0xFE, 0xDC, 0x30, 0x52, 0xC8, 0xD4, 0x8A, 0x92, 0xE9, 0xEA, 0x4B, 0x01, 0x00, 0xA0,
    0xB8, 0x4D, 0x1B, 0xE8, 0x9F, 0xE3, 0x97, 0x80, 0xC9, 0xEF, 0x39, 0x39, 0x46, 0x90, 0x48, 0x00,
    0xB8, 0x51, 0x49, 0x2D, 0xD8, 0x5F, 0xF2, 0x69, 0x39, 0x2B, 0x96, 0x7A, 0x6A, 0x87, 0xC3, 0x27,
    0xC6, 0x7C, 0xE7, 0x23, 0x9E, 0xD3, 0x56, 0x9C, 0x0A, 0x07, 0x1B, 0x2A, 0xD4, 0x63, 0x84, 0x71,
    0x11, 0x0B, 0xA8, 0x74, 0x50, 0x56, 0x32, 0x90, 0xCF, 0xA9, 0xD1, 0x37, 0x4F, 0x1C, 0x58, 0x7C,
    0x84, 0x0E, 0x11, 0x6A, 0xA5, 0xD9, 0x90, 0xAE, 0x15, 0x4C, 0x77, 0x90, 0xC7, 0x16, 0xA9, 0x7E,
    0xA5, 0x64, 0xA4, 0x13, 0xE9, 0x0A, 0x77, 0xC3, 0x25, 0x3F, 0xFD, 0x50, 0x26, 0xB3, 0x22, 0x3F,
    0x91, 0x55, 0x84, 0x6A, 0x2B, 0x64, 0xB0, 0x9D, 0x9A, 0x2E, 0x43, 0x86, 0x45, 0xFF, 0xCA, 0x59,
    0x9A, 0xA4, 0xD1, 0x6E, 0x69, 0x9A, 0x42, 0x2F, 0xA9, 0x3F, 0xDA, 0x7F, 0x97, 0x29, 0xF5, 0xB5,
    0x50, 0xFD, 0xBA, 0x13, 0x9F, 0xC2, 0x42, 0x21, 0x1B, 0xB5, 0x88, 0x6F, 0xBA, 0x26, 0x58, 0xD4,
    0x74, 0x4C, 0x39, 0x2F, 0x14, 0x57, 0xDE, 0x17, 0xAF, 0x14, 0x73, 0x4F, 0x39, 0xD9, 0xAE, 0x0A,
    0xE6, 0xFC, 0x28, 0x85, 0x05, 0xE8, 0x1F, 0xF0, 0x84, 0x3D, 0x22, 0x2B, 0xD5, 0xF3, 0x87, 0x29,
    0xE3, 0x22, 0x5A, 0xD4, 0xC5, 0x17, 0xF6, 0x61, 0x4A, 0xFD, 0x7C, 0x73, 0xCF, 0x9E, 0xF8, 0x23,
    0xF1, 0x20, 0x09, 0xBC, 0xF0, 0x06, 0x85, 0xC8, 0x98, 0x82, 0x4C, 0x8A, 0x31, 0x69, 0x4C, 0xF7,
    0xA2, 0x4E, 0xA2, 0x96, 0x27, 0xB4, 0x5E, 0xBE, 0x17, 0x44, 0x07, 0xFB, 0xB0, 0x0F, 0x5A, 0x3E,
    0x08, 0x85, 0x7C, 0xF5, 0x19, 0x47, 0xF8, 0x5E, 0x28, 0x24, 0xB9, 0x37, 0xCD, 0xA5, 0x3B, 0xFA,
    0x91, 0x38, 0xB5, 0x15, 0xA8, 0x39, 0xDD, 0xFD, 0x68, 0x1D, 0xC9, 0x80, 0x44, 0xB1, 0x43, 0xCB,
    0x68, 0x25, 0xAC, 0x65, 0x58, 0x08, 0x2B, 0xAE, 0xFF, 0x1A, 0x66, 0xA5, 0x92, 0x01, 0x33, 0xDD,
    0x2E, 0x97, 0xC0, 0x32, 0x17, 0xCB, 0x76, 0x67, 0x12, 0x19, 0xCD, 0xE6, 0x08, 0x94, 0x57, 0xD6,
    0xD4, 0x22, 0xB2, 0xBC, 0x79, 0x7E, 0xFB, 0x99, 0xEB, 0x6E, 0x42, 0x6D, 0x7F, 0x5B, 0xC8, 0x4A,
    0x3B, 0x16, 0xB7, 0x89, 0xC6, 0x86, 0x4A, 0x32, 0x3E, 0xDE, 0x02, 0x50, 0x33, 0x42, 0xB9, 0xDD,
    0xC9, 0x87, 0xEA, 0xA3, 0x05, 0x33, 0x37, 0x73, 0x5A, 0x0F, 0x83, 0x9D, 0x8B, 0xBE, 0xAB, 0x07,
    0x0E, 0xA9, 0xF6, 0x21, 0x7B, 0xA6, 0x98, 0x8B, 0x09, 0x16, 0x15, 0xE0, 0x54, 0x0D, 0x70, 0x58,
    0x7B, 0x30, 0xDA, 0x41, 0xF3, 0x16, 0xA0, 0xFF, 0x1E, 0xA8, 0x16, 0xC8, 0xDE, 0xA2, 0x9C, 0xA0,
    0x15, 0xBE, 0x91, 0x1A, 0xBB, 0x20, 0x37, 0x37, 0x14, 0x4B, 0x6A, 0x70, 0x2C, 0x17, 0x6E, 0xA1,
    0x82, 0xDA, 0x38, 0xA1, 0x9C, 0x2A, 0x61, 0x86, 0xB9, 0x7E, 0x97, 0xD4, 0xBA, 0xD6, 0x7F, 0x91,
    0xDA, 0x6F, 0xF4, 0xFD, 0x11, 0x0E, 0x5F, 0xAD, 0xEE, 0x7B, 0xB0, 0x37, 0xD5, 0x8F, 0x3C, 0x34,
    0xEF, 0xA9, 0x9F, 0x3B, 0xD0, 0x53, 0x21, 0x40, 0x1D, 0xD8, 0x80, 0x6A, 0xE4, 0x14, 0x1A, 0x79,
    0x5D, 0x86, 0x66, 0x2B, 0xA4, 0x2B, 0x96, 0x7C, 0xF6, 0x2C, 0x02, 0x98, 0xD7, 0x07, 0xD0, 0xDF,
    0x75, 0xA0, 0x36, 0x80, 0x05, 0x28, 0x73, 0xD5, 0xAF, 0x77, 0x60, 0xEA, 0x11, 0x8E, 0xF3, 0x39,
    0x9C, 0x85, 0x83, 0x8B, 0x52, 0xBC, 0x95, 0x5A, 0x86, 0x7E, 0xAB, 0xC4, 0xB7, 0x73, 0x29, 0x9D,
    0xF6, 0x1C, 0x53, 0x8F, 0x79, 0xF8, 0x4C, 0x94, 0x53, 0x99, 0xDF, 0x76, 0x8D, 0xB0, 0x54, 0x1E,
    0x8E, 0xEB, 0x0E, 0x0E, 0xB5, 0x03, 0x63, 0x00, 0x7D, 0x0C, 0xD4, 0x0B, 0x50, 0xCD, 0x8F, 0x56,
    0xEC, 0x08, 0xD4, 0x1E, 0x30, 0x1D, 0xD0, 0x03, 0xEF, 0xAE, 0x80, 0x4C, 0x40, 0xDB, 0x01, 0x46,
    0xC4, 0xDB, 0xA8, 0xC3, 0x5D, 0xEB, 0x6E, 0x72, 0xCA, 0x6B, 0xC5, 0x7E, 0xA5, 0x69, 0x0F, 0xC6,
    0xC1, 0x29, 0xC9, 0x40, 0xA7, 0x42, 0x31, 0x68, 0xAF, 0x06, 0xE3, 0xAA, 0xA1, 0xCD, 0x75, 0xA4,
    0xA3, 0x80, 0xF4, 0x74, 0x71, 0x75, 0x40, 0x0F, 0x68, 0xBF, 0x4F, 0xF5, 0x40, 0x35, 0x3E, 0x5E,
    0x2B, 0xF5, 0x88, 0xF5, 0xF4, 0x60, 0x3C, 0xD5, 0xE5, 0xC5, 0x2A, 0xA6, 0x91, 0xFA, 0x89, 0x5A,
    0x7A, 0xA0, 0x3A, 0x77, 0xA5, 0x78, 0xDA, 0x2E, 0x3C, 0xF3, 0xEF, 0x9D, 0xEB, 0x48, 0x27, 0x41,
    0xCD, 0xC5, 0x42, 0xFE, 0x14, 0x73, 0x7A, 0xF7, 0x97, 0x3E, 0xE5, 0xCC, 0x86, 0x65, 0x55, 0xF9,
    0xBB, 0x9A, 0xCA, 0xA9, 0x98, 0xF7, 0x65, 0x96, 0x4F, 0x4E, 0xED, 0xD8, 0xBA, 0x7A, 0x28, 0x9D,
    0x5D, 0x94, 0x3F, 0xED, 0xBF, 0xDE, 0x05, 0x2D, 0x7C, 0xB1, 0x98, 0xF9, 0x5F, 0xCD, 0x99, 0x31,
    0x90, 0xDD, 0xC6, 0x79, 0xC7, 0x7F, 0xC0, 0x5E, 0x88, 0x91, 0x10, 0x6B, 0x59, 0x90, 0x2E, 0xAC,
    0x88, 0x50, 0x91, 0x22, 0x93, 0x58, 0x42, 0xE3, 0x82, 0xC5, 0x7B, 0xB7, 0xEB, 0x34, 0x29, 0x5C,
    0x58, 0x85, 0x8E, 0x2A, 0x54, 0x48, 0x33, 0x49, 0x97, 0x64, 0xCE, 0x85, 0x0B, 0x66, 0xE6, 0xEE,
    0x80, 0x49, 0xAB, 0xC2, 0x6C, 0xE4, 0x94, 0x71, 0xED, 0x26, 0x2C, 0x58, 0x70, 0x32, 0x77, 0x87,
    0x4D, 0x52, 0x66, 0x26, 0xC6, 0xD8, 0x91, 0x9A, 0x14, 0xC2, 0x78, 0xE8, 0x8C, 0xC7, 0x8D, 0xD6,
    0x1C, 0x30, 0xC4, 0x8D, 0x80, 0xF7, 0x05, 0xBB, 0xEF, 0xCD, 0xF1, 0xCD, 0x91, 0x1C, 0x51, 0xCE,
    0x29, 0xF4, 0x77, 0xF8, 0x7E, 0x1F, 0x1E, 0x00, 0x7C, 0xFB, 0xC7, 0xB7, 0x8B, 0x07, 0xEC, 0xBB,
    0x6B, 0x8D, 0xAC, 0xAE, 0xC1, 0xDB, 0xBB, 0xE6, 0xDC, 0xAA, 0xEA, 0xF4, 0x18, 0x00, 0xE5, 0x9E,
    0xF6, 0xEC, 0x3F, 0x41, 0x84, 0xEC, 0xF3, 0xC6, 0xE9, 0xEF, 0x6B, 0xB7, 0xAB, 0xB3, 0xFA, 0x50,
    0x27, 0x1C, 0x6B, 0x18, 0x2F, 0xF8, 0xA4, 0xA1, 0xD1, 0x60, 0x7E, 0x84, 0x2D, 0xE5, 0x7D, 0x97,
    0x8B, 0xD4, 0x49, 0x73, 0x06, 0x9A, 0x67, 0xFB, 0x2B, 0x00, 0x4D, 0x4D, 0x26, 0x3D, 0xFA, 0xD3,
    0x11, 0xC3, 0x01, 0x4B, 0x16, 0x33, 0xAF, 0x72, 0x0C, 0x8C, 0x6B, 0x37, 0x22, 0x76, 0x76, 0xBE,
    0x79, 0xB6, 0x47, 0xD2, 0x43, 0xEA, 0x41, 0x05, 0xEF, 0x20, 0x6B, 0x21, 0x77, 0xEC, 0x88, 0xC8,
    0x18, 0xDC, 0x88, 0xF4, 0x3B, 0xB0, 0xC3, 0x32, 0x79, 0xA7, 0xA0, 0xD8, 0x5F, 0x1D, 0xA2, 0x44,
    0x3C, 0x49, 0x9F, 0xB5, 0xA4, 0x5D, 0xEA, 0x51, 0x6D, 0x32, 0xC3, 0xB1, 0x5E, 0x0B, 0xDB, 0x3A,
    0xD2, 0x21, 0x6F, 0xC9, 0x44, 0x7A, 0x8A, 0x72, 0x3A, 0x64, 0x81, 0x2D, 0x88, 0x66, 0xC4, 0x16,
    0x53, 0xB9, 0x42, 0x8F, 0xAA, 0x47, 0x75, 0xE9, 0x48, 0xE6, 0x98, 0xD0, 0x35, 0x15, 0x05, 0x18,
    0xBB, 0x0B, 0x85, 0x3B, 0x00, 0xDD, 0x0E, 0x20, 0xBF, 0x15, 0x47, 0xF3, 0x58, 0x6A, 0x10, 0x07,
    0xD7, 0x9B, 0x8F, 0xA1, 0x12, 0xB1, 0x01, 0x80, 0xE1, 0x29, 0x5C, 0x91, 0x01, 0x0A, 0x19, 0xF1,
    0x4F, 0x0C, 0x80, 0xED, 0xCF, 0xFB, 0x6D, 0x2A, 0xC3, 0x5C, 0x9F, 0x92, 0x83, 0x5D, 0xBE, 0xD3,
    0x80, 0x58, 0x1E, 0x77, 0x3C, 0x9C, 0xF0, 0x55, 0x7D, 0x2F, 0xF7, 0x07, 0xC9, 0x50, 0xDA, 0xA5,
    0xEE, 0x6E, 0xA4, 0x93, 0xA6, 0xFA, 0x11, 0xF9, 0x67, 0x24, 0x72, 0x8D, 0xD3, 0x03, 0x8E, 0x4F,
    0x18, 0x9A, 0x7F, 0xF0, 0x46, 0x5C, 0x3E, 0x71, 0x98, 0xB5, 0xA2, 0xFD, 0xBC, 0xCC, 0x2B, 0xA4,
    0xD2, 0x01, 0xA5, 0xAC, 0x20, 0x99, 0x28, 0xDA, 0x50, 0xC8, 0xA4, 0x47, 0x03, 0x0B, 0xDE, 0xA2,
    0x69, 0x6F, 0xB0, 0x50, 0xD2, 0x69, 0x7E, 0xA8, 0x6D, 0x97, 0xD9, 0xBB, 0x37, 0xE8, 0x54, 0xED,
    0x97, 0xA0, 0x9C, 0x5F, 0x6C, 0x31, 0x6E, 0xB9, 0xBB, 0x0B, 0xAA, 0xFE, 0x61, 0x51, 0x5F, 0xCD,
    0xEC, 0x42, 0x8B, 0xD7, 0xBC, 0x95, 0xCA, 0x9C, 0x41, 0xB3, 0xC3, 0x62, 0x93, 0x39, 0xB6, 0xB2,
    0x69, 0x71, 0xDD, 0x7A, 0xEE, 0xA9, 0x46, 0x86, 0x25, 0xF7, 0x96, 0xB0, 0xA4, 0x98, 0x38, 0x59,
    0xD2, 0x2F, 0x19, 0x8E, 0x68, 0x3E, 0xEF, 0xBE, 0xF5, 0xAA, 0x05, 0x1A, 0x71, 0x22, 0x96, 0x9B,
    0xDC, 0x4D, 0x7A, 0xD5, 0x65, 0x9D, 0x76, 0xA5, 0x33, 0x34, 0x4C, 0x4C, 0xE9, 0x48, 0xC3, 0x48,
    0x59, 0x1B, 0xB2, 0x56, 0xD7, 0x89, 0x57, 0x5D, 0x38, 0x6E, 0x6F, 0x6F, 0x0F, 0x11, 0x89, 0x0E,
    0xFA, 0x82, 0xBF, 0xCA, 0xF5, 0xB0, 0xDB, 0x86, 0xA4, 0xFB, 0x0F, 0x50, 0x0F, 0xF6, 0xD1, 0x28,
    0xF7, 0x6D, 0xE8, 0x6E, 0x37, 0xDD, 0xBD, 0xBB, 0x8B, 0xDB, 0x37, 0xFD, 0x62, 0xB1, 0xF0, 0xCB,
    0x7B, 0x0B, 0x6F, 0xDA, 0x85, 0x9F, 0xFF, 0xC2, 0xB6, 0xDB, 0x55, 0x71, 0x6F, 0xB1, 0x97, 0xF8,
    0x70, 0xAC, 0x6A, 0x0B, 0x68, 0x06, 0x80, 0x39, 0x99, 0x6D, 0xA4, 0x15, 0x71, 0xD9, 0x40, 0x29,
    0x1C, 0xED, 0xD7, 0x7D, 0xE6, 0xBC, 0x0A, 0xCB, 0x90, 0xB9, 0xD3, 0x0F, 0x6A, 0x23, 0xE4, 0x03,
    0x2C, 0xB6, 0x17, 0xF6, 0x0E, 0xF7, 0x24, 0xDA, 0x85, 0xED, 0x6B, 0x9B, 0x2F, 0x40, 0xA2, 0x25,
    0x62, 0xB5, 0xB4, 0xE5, 0x5F, 0x78, 0x93, 0xFA, 0x1B, 0x71, 0xE0, 0xA2, 0x1D, 0x06, 0x46, 0x94,
    0xA7, 0x70, 0x18, 0xE9, 0x4B, 0xF1, 0xF9, 0x40, 0x25, 0x0C, 0x45, 0xFD, 0xA1, 0xB6, 0x94, 0x5C,
    0x19, 0xD1, 0xC2, 0x4E, 0x51, 0x93, 0x3B, 0xB4, 0x4B, 0x1A, 0x2B, 0x13, 0x4D, 0x0B, 0x36, 0xED,
    0x32, 0xAF, 0xDB, 0x79, 0xA4, 0xF0, 0x1D, 0x36, 0x76, 0x42, 0x1E, 0x87, 0xB3, 0x63, 0x7C, 0x41,
    0x4C, 0xA1, 0xE1, 0x15, 0xA6, 0x45, 0xA8, 0x3A, 0xE4, 0xD3, 0xC7, 0x67, 0xF6, 0x0B, 0xF9, 0xA5,
    0xB8, 0xA1, 0xB1, 0xA7, 0x0C, 0x00, 0xE3, 0xF3, 0xF0, 0x4E, 0x00, 0xFB, 0x32, 0xA4, 0x22, 0x9D,
    0x96, 0xCF, 0x28, 0xE5, 0x67, 0x98, 0xD9, 0xAB, 0x0B, 0x1E, 0xB6, 0x85, 0x7D, 0x7A, 0x76, 0x35,
    0x3B, 0x7F, 0x39, 0xBB, 0xFA, 0x32, 0xFF, 0x8F, 0xCD, 0x97, 0x56, 0x0D, 0x09, 0x1C, 0x8A, 0x1C,
    0xEE, 0x50, 0xB9, 0xCA, 0x67, 0x5E, 0x75, 0xDA, 0x19, 0xAE, 0x01, 0x70, 0x9B, 0x62, 0xC0, 0x0C,
    0xF0, 0x9C, 0x25, 0x97, 0xDA, 0x88, 0xBB, 0xB2, 0xA2, 0x10, 0xB7, 0xCC, 0xDA, 0xFB, 0xCA, 0xF7,
    0x49, 0x58, 0x86, 0xC4, 0x8F, 0x69, 0x77, 0x94, 0xB9, 0x52, 0xEC, 0x95, 0x5F, 0x03, 0xE1, 0x00,
    0x23, 0xF6, 0x2E, 0x1D, 0x4B, 0xEE, 0x53, 0xD4, 0x86, 0x30, 0x3E, 0xD3, 0x21, 0xF3, 0x8C, 0x6A,
    0x50, 0x73, 0xCC, 0xBB, 0xC2, 0x85, 0xED, 0x4B, 0x06, 0xEE, 0x26, 0x2D, 0xDB, 0x96, 0x38, 0xE0,
    0x00, 0x54, 0x0B, 0xE5, 0x08, 0x99, 0x03, 0x33, 0x82, 0xB6, 0xC0, 0x08, 0x05, 0xEB, 0xB8, 0xD8,
    0xC4, 0xDB, 0x9B, 0xE8, 0xD7, 0x31, 0xE9, 0xF8, 0x49, 0x88, 0xCA, 0x29, 0x1F, 0x62, 0x56, 0xE7,
    0x31, 0x6A, 0x0A, 0x4F, 0x32, 0xD9, 0x37, 0xD8, 0xF5, 0x94, 0xD2, 0x2E, 0xB8, 0xEF, 0xF9, 0xD6,
    0x4F, 0xEB, 0x7B, 0x89, 0xF7, 0x00, 0x61, 0x70, 0x02, 0x69, 0xAB, 0x3F, 0x7E, 0x04, 0x28, 0x57,
    0x88, 0xD4, 0xA1, 0x55, 0x1D, 0x63, 0x01, 0x78, 0x60, 0xB9, 0x89, 0x07, 0x9B, 0x78, 0x8F, 0xE7,
    0x99, 0xB2, 0xF1, 0xB0, 0xA8, 0xBF, 0xDC, 0xE8, 0x37, 0x5B, 0xFA, 0x97, 0xCF, 0xD5, 0xCF, 0x5A,
    0x7F, 0xD1, 0xAD, 0xF5, 0xCB, 0x14, 0xF5, 0xAB, 0x47, 0x12, 0xE2, 0x0D, 0xD5, 0x1A, 0x98, 0x58,
    0x28, 0x67, 0x28, 0xA4, 0xBD, 0x0D, 0x47, 0xFC, 0xE9, 0x4F, 0x6B, 0x0F, 0x23, 0x84, 0xD3, 0xD3,
    0x3E, 0xEA, 0x27, 0x6F, 0x81, 0xBC, 0xA6, 0xB4, 0x80, 0x86, 0x09, 0xE0, 0x6D, 0xD4, 0xA3, 0x3D,
    0x60, 0x41, 0x26, 0x62, 0x61, 0x40, 0x89, 0x00, 0x1E, 0xD8, 0x0C, 0xC5, 0x6D, 0xB3, 0xA0, 0x6A,
    0x28, 0x56, 0xEB, 0xEB, 0x68, 0xA4, 0x46, 0x87, 0xB3, 0x0A, 0x47, 0x01, 0x7C, 0xA8, 0x1D, 0x4B,
    0x20, 0xB4, 0x71, 0x00, 0x24, 0x13, 0x78, 0xA0, 0x98, 0x82, 0x10, 0x78, 0xB5, 0xB1, 0xCA, 0xF1,
    0x21, 0x68, 0x97, 0xD5, 0xCA, 0x87, 0xA8, 0xC9, 0x3D, 0x94, 0xF5, 0x1B, 0x14, 0x9E, 0x5B, 0xC2,
    0x82, 0xA5, 0x47, 0x26, 0xEE, 0x71, 0xCF, 0x53, 0xDD, 0xC1, 0x27, 0xDD, 0xBA, 0x1F, 0xD6, 0xFD,
    0x91, 0xB9, 0x75, 0x7F, 0x68, 0x5B, 0x6C, 0xFA, 0x41, 0x87, 0x78, 0xDE, 0x0F, 0xF7, 0x43, 0xDC,
    0xF2, 0x8E, 0x6D, 0xE3, 0x1A, 0x34, 0x20, 0xB0, 0x8A, 0xEB, 0x40, 0x50, 0x05, 0x1A, 0x0A, 0x68,
    0x6C, 0x2E, 0xD6, 0x08, 0x4D, 0xBB, 0xE9, 0x00, 0x1F, 0x13, 0x1E, 0x82, 0xA9, 0xEF, 0x68, 0xF1,
    0x4A, 0x3C, 0x55, 0xCD, 0xDA, 0xD2, 0x2E, 0x50, 0x8D, 0x71, 0x5D, 0x2C, 0xC0, 0x7E, 0x17, 0x98,
    0xDC, 0xE5, 0x82, 0xA5, 0x6D, 0x60, 0xEE, 0x03, 0x75, 0x64, 0x39, 0x04, 0x2E, 0xC6, 0xC0, 0x83,
    0xE3, 0xC0, 0xFE, 0x28, 0xD0, 0x9B, 0x98, 0xB9, 0x04, 0x54, 0x5B, 0xD4, 0xF1, 0x7A, 0x1D, 0xE8,
    0x3A, 0x74, 0x5E, 0x21, 0xD2, 0x41, 0x29, 0xE2, 0x61, 0x19, 0xBB, 0xF5, 0x98, 0x64, 0x80, 0x01,
    0x46, 0x12, 0x0F, 0x27, 0x28, 0x0F, 0xA7, 0x14, 0x62, 0x73, 0xE9, 0x8C, 0x58, 0x2D, 0x9E, 0x8D,
    0x71, 0xFF, 0x89, 0xDC, 0x62, 0x08, 0x6C, 0xEE, 0x04, 0x3E, 0xE0, 0xA2, 0x65, 0x2E, 0xB0, 0x88,
    0x34, 0x5D, 0xA4, 0x0F, 0xFC, 0xE7, 0x3E, 0xD0, 0x0F, 0x40, 0xE2, 0x47, 0x40, 0x75, 0x27, 0x81,
    0xCE, 0x00, 0x79, 0xA4, 0xB6, 0xE5, 0xBA, 0x4F, 0x1C, 0x18, 0x91, 0x35, 0x3B, 0x38, 0x26, 0xF3,
    0x30, 0xA0, 0xFA, 0xA0, 0x33, 0x1D, 0xA2, 0xCE, 0x11, 0xD5, 0xC1, 0x8A, 0x72, 0x45, 0x21, 0x5D,
    0x23, 0x18, 0xF1, 0x70, 0x05, 0x80, 0xD2, 0x05, 0x36, 0x1E, 0x48, 0x86, 0x11, 0xC8, 0xBA, 0xD8,
    0x8A, 0x7D, 0x8D, 0x0B, 0x96, 0xBA, 0x40, 0xDD, 0x06, 0x96, 0x5B, 0x6A, 0xFF, 0xAE, 0x0F, 0xEC,
    0xC7, 0x40, 0x7F, 0x1C, 0xAB, 0x7A, 0x74, 0xAE, 0x36, 0x73, 0xA5, 0x8D, 0x63, 0xE8, 0x5C, 0x6D,
    0x29, 0xD2, 0x3E, 0x51, 0xAB, 0xA2, 0xDA, 0x34, 0xAA, 0x4D, 0xC6, 0x8B, 0x6A, 0xF3, 0xA8, 0xB6,
    0x14, 0x0F, 0x16, 0x20, 0xEB, 0x6F, 0x02, 0x7A, 0x75, 0x1C, 0x18, 0x6B, 0x7B, 0x45, 0x75, 0x3C,
    0xD3, 0x32, 0xFB, 0xE4, 0xEA, 0x4C, 0x64, 0xD5, 0x05, 0x3E, 0xF6, 0x81, 0x0F, 0xFB, 0xA8, 0x73,
    0x88, 0xBD, 0x3F, 0x46, 0x9D, 0x27, 0x80, 0xAE, 0x4D, 0x20, 0x81, 0x25, 0x41, 0xF9, 0xBA, 0xB6,
    0x55, 0xE4, 0x48, 0xDE, 0x41, 0x4F, 0xE6, 0x49, 0x3D, 0xF1, 0xED, 0x2B, 0x54, 0x38, 0x6B, 0x49,
    0xC7, 0xA0, 0xB6, 0x94, 0xB6, 0x59, 0x61, 0xA4, 0x25, 0x6B, 0x0F, 0x01, 0xED, 0xE5, 0x9C, 0xEB,
    0x2D, 0xF0, 0x9C, 0x31, 0xA0, 0xDD, 0xC5, 0xAA, 0x1E, 0xF6, 0x81, 0xC3, 0xF0, 0xA4, 0xAA, 0xFE,
    0x30, 0xAA, 0x5D, 0x57, 0x35, 0x50, 0xBB, 0xA2, 0x06, 0x6D, 0x2F, 0x56, 0xF5, 0x90, 0x4D, 0x19,
    0x7B, 0x18, 0x48, 0x46, 0xD2, 0xF5, 0x47, 0x0F, 0x61, 0x00, 0x50, 0xC4, 0x11, 0x1B, 0xC7, 0x40,
    0x65, 0x01, 0xA4, 0x05, 0xD2, 0xFF, 0xF6, 0x80, 0x72, 0x5B, 0xFC, 0x9F, 0xC0, 0x24, 0xEE, 0xA5,
    0xB2, 0x2F, 0x5A, 0xDB, 0xDF, 0x5E, 0x6E, 0x6D, 0x93, 0x0B, 0xB5, 0x45, 0x8B, 0x84, 0x90, 0xAF,
    0x43, 0x22, 0x9F, 0xBC, 0xD7, 0x82, 0xFA, 0xCC, 0x25, 0x2D, 0x64, 0x3F, 0x8B, 0x41, 0x6B, 0x87,
    0x85, 0xB7, 0xD7, 0x65, 0x5D, 0xAC, 0xC3, 0xFD, 0x75, 0xF0, 0x5A, 0x04, 0x54, 0x17, 0x43, 0xE6,
    0xF4, 0x27, 0xEF, 0xC6, 0x94, 0x0E, 0x28, 0xD6, 0x61, 0x77, 0xEF, 0x83, 0x10, 0x8E, 0xD1, 0x8E,
    0x1F, 0x30, 0x84, 0x70, 0x2F, 0xF5, 0x21, 0xF4, 0xAA, 0x43, 0x7F, 0x72, 0xAB, 0x2F, 0x57, 0x34,
    0x22, 0xBE, 0x91, 0x54, 0x42, 0xC5, 0xAF, 0xC8, 0x03, 0x2A, 0x19, 0xD3, 0xD5, 0xAD, 0x31, 0xEF,
    0x38, 0xD0, 0x8E, 0x85, 0x81, 0xC5, 0x2E, 0xBC, 0x79, 0x18, 0x13, 0xC1, 0x78, 0xC1, 0x27, 0xE0,
    0x14, 0xA8, 0x00, 0x53, 0x43, 0xD1, 0x41, 0xB6, 0xDA, 0xDB, 0x4F, 0x44, 0x26, 0x5E, 0x97, 0x9F,
    0x00, 0x84, 0x02, 0xA0, 0x04, 0x92, 0x06, 0x30, 0x31, 0x53, 0xEC, 0xD4, 0xC4, 0xC2, 0x87, 0x6C,
    0x32, 0x21, 0xF5, 0x66, 0xD0, 0x70, 0x65, 0x04, 0xB8, 0xC6, 0x96, 0x55, 0x21, 0x5F, 0x40, 0x78,
    0xFA, 0xFC, 0x2D, 0xCA, 0xF3, 0xC6, 0x39, 0x76, 0x02, 0xD8, 0x86, 0x88, 0x8F, 0x08, 0x07, 0xDB,
    0x0B, 0x7B, 0x03, 0x32, 0x3B, 0x43, 0xAF, 0x31, 0x1F, 0xB2, 0x4F, 0x29, 0x22, 0x21, 0xFD, 0x0A,
    0x48, 0x01, 0x0A, 0x0B, 0x34, 0x16, 0xB2, 0x15, 0xA0, 0x3B, 0xE0, 0x15, 0x9E, 0x2B, 0x28, 0x8E,
    0xD4, 0xB7, 0xBE, 0x26, 0x41, 0xC9, 0x1D, 0x40, 0x0D, 0x80, 0x5E, 0x01, 0xA6, 0xAC, 0x61, 0xCC,
    0x5B, 0xF0, 0x89, 0xFB, 0xF2, 0x0A, 0x7D, 0xE3, 0xFF, 0x20, 0x28, 0x7F, 0xA6, 0xA0, 0xA4, 0x2F,
    0x2C, 0x6A, 0x34, 0x2E, 0x62, 0xFD, 0x11, 0xBE, 0xA4, 0x38, 0xCB, 0x58, 0xA1, 0xE7, 0x69, 0xE9,
    0x02, 0xDA, 0xE7, 0x69, 0x59, 0xCB, 0x08, 0x28, 0x2E, 0x6A, 0xF9, 0x10, 0x46, 0x90, 0x9A, 0xCA,
    0x87, 0x51, 0x73, 0x3E, 0x66, 0x44, 0x9C, 0x48, 0x38, 0xE3, 0xAB, 0x2E, 0x55, 0x38, 0xD1, 0x91,
    0x5A, 0xB4, 0xA3, 0x71, 0x4A, 0xAC, 0x7E, 0xC0, 0x2B, 0x5C, 0x52, 0xDA, 0xBF, 0x82, 0x15, 0x4A,
    0x6A, 0xFD, 0xEF, 0x9D, 0x49, 0xFA, 0x05, 0x3F, 0x20, 0x9A, 0x11, 0x6F, 0xA4, 0x65, 0xE4, 0xAB,
    0x2E, 0x45, 0x38, 0xD1, 0x6F, 0xCF, 0x3E, 0xD9, 0x18, 0x46, 0x5A, 0x23, 0xF5, 0xEF, 0x94, 0xD3,
    0x19, 0x71, 0x7F, 0x26, 0x72, 0x87, 0x26, 0xDE, 0xC4, 0x8F, 0xDE, 0x97, 0x5A, 0x79, 0x4A, 0x3F,
    0x23, 0x1B, 0x66, 0x24, 0xE3, 0x0C, 0xA6, 0x80, 0xA3, 0xF7, 0x1E, 0xBD, 0x8B, 0x11, 0x19, 0x37,
    0x50, 0x9E, 0x2D, 0x1C, 0x05, 0x8C, 0xE1, 0x8C, 0x21, 0x96, 0x61, 0x46, 0xD1, 0xAA, 0x47, 0xB7,
    0xC4, 0x1A, 0x91, 0x81, 0x46, 0x56, 0x16, 0x08, 0x4E, 0x36, 0x6C, 0x3D, 0x11, 0x3F, 0x78, 0xFE,
    0x13, 0x91, 0xA6, 0x47, 0xCB, 0x50, 0x8D, 0x33, 0x1F, 0xA8, 0x15, 0x18, 0x94, 0xD8, 0x48, 0x17,
    0xF8, 0xB8, 0x0B, 0x7C, 0xD8, 0x07, 0xFA, 0x31, 0xF2, 0x28, 0xB2, 0xB4, 0x81, 0xDA, 0x05, 0xAA,
    0x2E, 0x30, 0xED, 0x03, 0x19, 0x23, 0x77, 0x23, 0xCB, 0x2A, 0x50, 0x4B, 0xA0, 0x8A, 0x4C, 0x85,
    0x52, 0x40, 0x68, 0x04, 0x0C, 0x00, 0x57, 0x23, 0x41, 0x07, 0x14, 0x2D, 0xA0, 0x87, 0xF3, 0x37,
    0xBA, 0xD7, 0x6B, 0xB6, 0xEC, 0x8A, 0x74, 0x50, 0x89, 0x90, 0xCA, 0x9E, 0xB4, 0xB9, 0x47, 0xFB,
    0xC2, 0xA1, 0x06, 0x63, 0x49, 0xC6, 0x0A, 0x58, 0x9D, 0x00, 0xD5, 0x08, 0x98, 0x67, 0x61, 0x02,
    0x8E, 0x1A, 0x60, 0x8A, 0x67, 0x94, 0x0E, 0xD5, 0x6B, 0x8F, 0xEE, 0xB2, 0x39, 0x5F, 0x4D, 0xE8,
    0x1E, 0x5E, 0x97, 0x3B, 0x6C, 0x8C, 0xBB, 0x40, 0xD6, 0x03, 0xA5, 0x87, 0x44, 0x6A, 0x48, 0x1F,
    0xF0, 0x12, 0x05, 0x1D, 0x05, 0x88, 0x03, 0xF5, 0x85, 0x07, 0xFD, 0x2F, 0x23, 0x18, 0x0E, 0x60,
    0x87, 0x9D, 0x97, 0xA2, 0x2A, 0x77, 0x33, 0xCA, 0xDE, 0xC3, 0x6E, 0xE3, 0xE1, 0xDB, 0xB1, 0xF7,
    0x12, 0xA2, 0xBD, 0x14, 0x41, 0xC5, 0x77, 0x7B, 0x30, 0xFF, 0x36, 0x46, 0xC4, 0x8F, 0x2F, 0x4F,
    0x0B, 0xFC, 0x09, 0x7F, 0xB4, 0xE4, 0xB0, 0xF8, 0xEE, 0x90, 0xFD, 0xA2, 0x0B, 0xA3, 0xE7, 0x14,
    0x04, 0xF5, 0x85, 0xD3, 0xFF, 0xEA, 0x0D, 0xC7, 0x0B, 0x96, 0xB0, 0x43, 0xD2, 0x9C, 0x51, 0x53,
    0x88, 0xFC, 0xA2, 0xA5, 0xF9, 0xB8, 0x11, 0x9B, 0x8E, 0xE4, 0x2B, 0x32, 0x8F, 0x5A, 0xA1, 0x1D,
    0x99, 0x50, 0x38, 0xCA, 0xA6, 0x2E, 0x2D, 0xA7, 0x85, 0x33, 0xA4, 0x83, 0x9E, 0x99, 0x77, 0x81,
    0x65, 0x1D, 0x78, 0xCA, 0xCC, 0x74, 0x08, 0xFC, 0x5E, 0x47, 0x51, 0x97, 0x9F, 0x5B, 0x0C, 0xC5,
    0x04, 0x15, 0x7A, 0x80, 0x29, 0x24, 0x54, 0x03, 0xA5, 0xFC, 0x6A, 0xBF, 0xE3, 0xA0, 0x12, 0xB1,
    0xBC, 0x19, 0x5E, 0x4E, 0x20, 0xB1, 0x00, 0x6A, 0x6B, 0x26, 0x95, 0x88, 0x3D, 0xBF, 0x11, 0xA1,
    0xBE, 0xF8, 0x20, 0xAA, 0x0B, 0xE9, 0xAA, 0x15, 0x45, 0xFC, 0x0E, 0x63, 0xE4, 0xD2, 0xD8, 0x93,
    0x0C, 0xA4, 0x71, 0x85, 0x15, 0xB9, 0x87, 0xE6, 0x37, 0x4D, 0x0B, 0x65, 0x50, 0x4B, 0x1A, 0xD5,
    0xC2, 0xB5, 0xC8, 0xE3, 0xAD, 0x99, 0x54, 0xFF, 0xE4, 0x2D, 0xF4, 0x4D, 0x7E, 0xCF, 0xD4, 0xB2,
    0xF5, 0x0E, 0xEF, 0x03, 0x4F, 0x47, 0x20, 0xE9, 0x2B, 0x20, 0x6B, 0x35, 0x90, 0x90, 0x3C, 0xA5,
    0x59, 0x47, 0xCD, 0x7A, 0xAD, 0xF9, 0x98, 0x4B, 0x63, 0x0F, 0x51, 0x73, 0x12, 0x35, 0x67, 0xCF,
    0xD4, 0xFC, 0xA2, 0x33, 0x94, 0x97, 0x5F, 0xDB, 0xD8, 0xD9, 0x69, 0x1F, 0xA8, 0x23, 0xAB, 0x0E,
    0x48, 0x56, 0x00, 0xD4, 0x4F, 0xA9, 0x6D, 0x2B, 0xC1, 0x48, 0x5D, 0xC6, 0x1B, 0x21, 0x3E, 0x74,
    0xC9, 0x1C, 0x9C, 0xA2, 0x6B, 0x30, 0x94, 0x40, 0x59, 0xEF, 0x02, 0xDA, 0x1D, 0x03, 0x59, 0xD7,
    0x03, 0xEA, 0xE1, 0xD6, 0x4C, 0xA7, 0xA9, 0x03, 0x0D, 0x2F, 0xC8, 0x5C, 0x26, 0xA0, 0x08, 0xAC,
    0xC4, 0x61, 0x56, 0xA0, 0xFC, 0xC6, 0x65, 0x65, 0x95, 0x88, 0x57, 0x3E, 0x1B, 0x95, 0x67, 0x35,
    0x7B, 0x35, 0xBB, 0xD9, 0xF2, 0x53, 0xE5, 0x93, 0x51, 0x3D, 0xDA, 0xEF, 0x95, 0x48, 0xAB, 0xE4,
    0xEC, 0xFC, 0xDC, 0x72, 0x65, 0x63, 0x3E, 0x92, 0xE6, 0x0E, 0x68, 0x19, 0xC0, 0xFC, 0x78, 0x05,
    0x13, 0x4D, 0x28, 0x9B, 0x21, 0x5D, 0x3F, 0xAB, 0x39, 0x9C, 0x11, 0xE7, 0xF9, 0x79, 0x3B, 0xA3,
    0xB0, 0x33, 0x0C, 0x01, 0xF5, 0x8C, 0xB2, 0x9B, 0xA1, 0xC7, 0x70, 0x88, 0xD8, 0xD0, 0x7C, 0x3B,
    0x43, 0xFB, 0xCD, 0x5B, 0x45, 0x3D, 0xE3, 0x61, 0x97, 0xF9, 0xFC, 0xE1, 0xD9, 0x7E, 0x5B, 0x79,
    0x11, 0x5B, 0xF9, 0x72, 0x00, 0x20, 0xDF, 0x0C, 0x68, 0x1D, 0xE4, 0x0C, 0xC0, 0x29, 0x50, 0x6C,
    0x7D, 0xEB, 0x5F, 0xB7, 0x64, 0x32, 0x60, 0x64, 0x42, 0x68, 0x18, 0x31, 0x5C, 0xC3, 0x00, 0x86,
    0xA4, 0x11, 0x0A, 0x11, 0xAA, 0x5F, 0x55, 0x4C, 0x98, 0xB8, 0x6F, 0xA2, 0xA2, 0xF9, 0xB1, 0xFC,
    0xDA, 0xC8, 0x3F, 0x8E, 0xF9, 0x59, 0xDE, 0x11, 0xAD, 0x5B, 0xF7, 0x6C, 0xE6, 0x41, 0xB7, 0x50,
    0x5A, 0x58, 0x00, 0x5C, 0x52, 0x1B, 0x3B, 0x40, 0x05, 0x88, 0x23, 0xFD, 0xC2, 0x93, 0xFD, 0xBC,
    0x47, 0xD7, 0xC7, 0xDC, 0xE0, 0xE6, 0xA5, 0xB5, 0x91, 0xFA, 0x3F, 0x26, 0x9F, 0x16, 0xE8, 0x6A,
    0xE4, 0x0F, 0x75, 0x0F, 0x5C, 0x9E, 0xFE, 0xF0, 0x54, 0x0B, 0x8F, 0xB7, 0xE0, 0x61, 0xFD, 0x32,
    0x73, 0x03, 0xA4, 0x52, 0x93, 0x49, 0x87, 0xFE, 0x73, 0x8F, 0x66, 0xF6, 0x4F, 0x3D, 0x99, 0xB4,
    0x24, 0xAB, 0x4B, 0x6C, 0xE7, 0x3A, 0xC9, 0x3B, 0x64, 0xE2, 0xCD, 0x88, 0x91, 0x41, 0x24, 0x64,
    0xE9, 0x4C, 0x3D, 0x61, 0x5C, 0xE1, 0xFE, 0x06, 0x63, 0xB5, 0x03, 0x93, 0xEC, 0x3B, 0xBE, 0xD9,
    0x88, 0xB8, 0x4C, 0xE4, 0x37, 0xEF, 0x62, 0x1E, 0x18, 0xE0, 0x94, 0xC0, 0x91, 0xB2, 0x26, 0xE4,
    0x6F, 0x09, 0x99, 0xCF, 0x6E, 0xD5, 0x46, 0x7E, 0x2E, 0x62, 0xF3, 0x89, 0xFD, 0x33, 0xF8, 0x83,
    0x77, 0xA0, 0x59, 0x91, 0x89, 0xD4, 0x85, 0x33, 0xCE, 0xA0, 0xDD, 0x21, 0xAF, 0x71, 0xFC, 0x8C,
    0xF9, 0x76, 0x03, 0x54, 0x35, 0x94, 0x67, 0xB7, 0xE2, 0x3F, 0x02, 0x69, 0xCE, 0x00, 0x88, 0x0D,
    0x98, 0x0E, 0x5E, 0xF7, 0xA0, 0x3A, 0xC8, 0x83, 0xA4, 0x27, 0x33, 0xE9, 0xC4, 0x6D, 0x6E, 0xE7,
    0x61, 0x93, 0xC8, 0x00, 0x79, 0xCD, 0xF6, 0xBD, 0x90, 0xCA, 0x88, 0x16, 0xA1, 0xAC, 0x4D, 0xBD,
    0x4B, 0xE1, 0x4E, 0xD0, 0x4E, 0x44, 0xA2, 0x4F, 0x7B, 0x7B, 0x4F, 0x69, 0x30, 0x67, 0xEF, 0xD7,
    0x5A, 0xC4, 0x26, 0xCD, 0xB0, 0xF5, 0x0E, 0x3A, 0x86, 0x46, 0x36, 0xF7, 0x83, 0x83, 0x1B, 0xC0,
    0xCE, 0x25, 0xB5, 0x91, 0x00, 0x85, 0x5B, 0x5F, 0xE7, 0x69, 0x4F, 0xD2, 0x8F, 0xA8, 0x6E, 0x49,
    0x56, 0x7F, 0x03, 0xB8, 0x9C, 0x36, 0xC2, 0x13, 0x44, 0x7B, 0x09, 0x1E, 0xD7, 0x81, 0x4B, 0xCB,
    0x7D, 0x15, 0x6E, 0xC3, 0x04, 0x0D, 0x94, 0x8E, 0xAC, 0x03, 0x4F, 0xB4, 0x30, 0xBE, 0x2A, 0x4F,
    0xF3, 0x02, 0xB3, 0xC9, 0x52, 0xAC, 0x88, 0x05, 0x78, 0x0D, 0x0C, 0x1C, 0xC1, 0x48, 0xEA, 0x51,
    0xEE, 0x77, 0x49, 0xD5, 0x88, 0x0D, 0xB2, 0x46, 0x94, 0x90, 0x7D, 0x6E, 0xF5, 0x47, 0xCE, 0xA8,
    0xF6, 0x26, 0x2D, 0x6B, 0x7B, 0x97, 0x62, 0xA4, 0x7C, 0x81, 0x89, 0x63, 0x2E, 0x6D, 0x29, 0xED,
    0xC5, 0xC9, 0xE8, 0x57, 0x4F, 0x62, 0xA4, 0x05, 0xE0, 0x9D, 0x57, 0x48, 0x86, 0x5D, 0xA8, 0x7A,
    0xD0, 0x2D, 0x18, 0x1F, 0x7B, 0x3B, 0xA9, 0x0D, 0x50, 0xD4, 0x5C, 0xFF, 0x9E, 0x4B, 0xE4, 0x71,
    0x97, 0x8B, 0xF8, 0xB2, 0x2E, 0x7A, 0x83, 0x1A, 0x4E, 0x48, 0xC7, 0x90, 0x66, 0xDB, 0x27, 0x92,
    0xA1, 0x21, 0xF5, 0xA6, 0xCE, 0x7C, 0xF9, 0x68, 0x3F, 0xDC, 0x31, 0xD0, 0x3C, 0xD8, 0x9E, 0x0C,
    0x2C, 0xE3, 0x64, 0xA0, 0xBC, 0x30, 0x19, 0x08, 0x65, 0xBC, 0x6E, 0xA9, 0x7E, 0x29, 0x3D, 0x22,
    0x32, 0x92, 0xAD, 0x58, 0xA1, 0x7A, 0xE2, 0x24, 0xD1, 0xBC, 0x30, 0x4A, 0x49, 0xA4, 0xAF, 0x44,
    0x49, 0xBF, 0xFD, 0xAC, 0x48, 0x46, 0xA0, 0xD9, 0x0C, 0x66, 0xE5, 0x00, 0x0B, 0x10, 0xBF, 0x08,
    0x12, 0x59, 0x91, 0x8B, 0xB8, 0xA2, 0x2E, 0xBC, 0x41, 0xF5, 0x87, 0xA4, 0xC3, 0x48, 0xF2, 0xAC,
    0xCB, 0xEA, 0x9F, 0xBA, 0xAC, 0x68, 0x37, 0x81, 0x13, 0x60, 0x24, 0x08, 0x26, 0x6F, 0x41, 0x5B,
    0x80, 0xCB, 0x69, 0xE3, 0x8A, 0x83, 0xA2, 0x03, 0xD3, 0xC3, 0xF1, 0x31, 0xF4, 0xBB, 0xA8, 0x4E,
    0x93, 0x58, 0x2E, 0xAF, 0x8D, 0x93, 0x57, 0x48, 0xE5, 0xFB, 0xA8, 0xFF, 0x12, 0xD2, 0xBF, 0x9F,
    0x80, 0xAB, 0x97, 0x96, 0x3B, 0x6B, 0x0B, 0xAB, 0xBD, 0x71, 0xC1, 0xC3, 0x3A, 0x5C, 0xA2, 0xEE,
    0x1B, 0x60, 0xE2, 0xF2, 0x16, 0x6B, 0x93, 0x68, 0xE1, 0x9F, 0xE7, 0xC0, 0xF6, 0xDE, 0xE4, 0x5D,
    0xA0, 0x92, 0x8F, 0x48, 0x45, 0x84, 0xDC, 0xAB, 0x11, 0xED, 0xD2, 0x89, 0xD2, 0xE6, 0x2B, 0x0C,
    0xBB, 0x15, 0x86, 0xDE, 0x60, 0x54, 0x3B, 0x43, 0xDB, 0x19, 0x27, 0x1C, 0x51, 0x7A, 0x4E, 0xD0,
    0x6D, 0x32, 0x52, 0x9C, 0xBD, 0xEF, 0x39, 0x12, 0x71, 0xBC, 0x59, 0x9E, 0x01, 0x3B, 0x9B, 0x06,
    0xC0, 0x58, 0xA0, 0x74, 0x40, 0xEE, 0x81, 0x64, 0xD8, 0x8C, 0x89, 0xED, 0xA1, 0xCD, 0x75, 0x2A,
    0x9F, 0x49, 0xC4, 0x57, 0x1B, 0xD0, 0x6A, 0x40, 0x48, 0x57, 0xEF, 0xCB, 0x1D, 0x44, 0xF6, 0x47,
    0xCA, 0xA1, 0x18, 0x58, 0x5B, 0x56, 0x03, 0xDA, 0x01, 0x65, 0x0D, 0x54, 0x00, 0x63, 0x40, 0xF7,
    0xF5, 0x36, 0x7E, 0x95, 0xCD, 0x1D, 0xA5, 0x04, 0xC8, 0x3E, 0xAF, 0x41, 0x7F, 0xE4, 0xC0, 0xA8,
    0x0E, 0x16, 0xB4, 0x5F, 0x67, 0xE3, 0xF1, 0x8B, 0x4E, 0xB4, 0xDF, 0x20, 0x7E, 0x84, 0xFF, 0x87,
    0x62, 0xBF, 0x11, 0x60, 0x02, 0x4E, 0xCF, 0x2F, 0xDF, 0x07, 0xD4, 0x40, 0xC2, 0xB6, 0x35, 0x53,
    0x26, 0xAE, 0x1A, 0x52, 0xB1, 0xDA, 0x71, 0x48, 0xDE, 0x31, 0xA2, 0x7C, 0xD2, 0x93, 0xFA, 0x34,
    0xFE, 0x3C, 0xD7, 0xC2, 0x98, 0x39, 0x38, 0xD4, 0x35, 0xEC, 0x6A, 0xA0, 0x7C, 0x1B, 0xD0, 0x87,
    0x01, 0x23, 0x90, 0xF5, 0xE7, 0xE9, 0x3B, 0x20, 0x3F, 0xEF, 0xE3, 0x06, 0xF8, 0xA7, 0x09, 0x90,
    0x1E, 0xA8, 0x6A, 0xD6, 0xEF, 0x1F, 0x34, 0x01, 0x7F, 0x1D, 0xA0, 0x9E, 0x89, 0xEB, 0x16, 0xF5,
    0x50, 0x7A, 0x94, 0xC8, 0x84, 0x9A, 0x68, 0x50, 0x3D, 0xA6, 0x56, 0x9E, 0xC2, 0xCD, 0xD0, 0xCF,
    0x40, 0x11, 0xF6, 0x1A, 0x3B, 0xA3, 0x41, 0x9D, 0xBD, 0x37, 0x6E, 0x7E, 0xC1, 0xFE, 0x62, 0x65,
    0x9F, 0xD3, 0x06, 0x50, 0x8A, 0x83, 0x26, 0xE0, 0x05, 0x7E, 0xB7, 0x8E, 0xD6, 0xAC, 0xF2, 0x27,
    0xB5, 0x3A, 0x66, 0xBB, 0x56, 0xEA, 0xBC, 0x56, 0xB9, 0x83, 0x83, 0x58, 0xAB, 0x02, 0x28, 0x77,
    0xD9, 0xD4, 0x2A, 0xFF, 0xAA, 0xB5, 0xFA, 0x5F, 0xCD, 0x9B, 0x3F, 0x90, 0xDD, 0xC6, 0x7D, 0xC7,
    0x3F, 0xC0, 0x92, 0x84, 0x6D, 0x24, 0x5A, 0x66, 0x46, 0x9C, 0x4C, 0x42, 0x5B, 0x70, 0x91, 0xC2,
    0x19, 0xC7, 0x42, 0xA3, 0x42, 0x99, 0x39, 0xDE, 0x22, 0x72, 0x66, 0x52, 0xA4, 0x30, 0x67, 0xC2,
    0x13, 0x0B, 0x16, 0x71, 0xEF, 0x89, 0xE9, 0xC2, 0x85, 0x33, 0x43, 0x1E, 0x30, 0xA3, 0xD2, 0x8D,
    0x32, 0x13, 0xB9, 0x49, 0x61, 0xB7, 0x99, 0x14, 0x51, 0x91, 0x42, 0xC5, 0xF1, 0xB0, 0xB6, 0x8B,
    0x94, 0x81, 0x63, 0xA7, 0x4A, 0x03, 0xDB, 0xD2, 0x24, 0x63, 0x17, 0x5A, 0xC9, 0xB8, 0x08, 0xB2,
    0x17, 0xEF, 0x97, 0xF7, 0xC3, 0x7B, 0xC7, 0xF7, 0x8E, 0xC7, 0xFF, 0x3C, 0x5A, 0xFE, 0x19, 0xFB,
    0x01, 0x08, 0x2F, 0x16, 0xBF, 0xEF, 0x77, 0x17, 0x38, 0x00, 0xFB, 0x44, 0x2E, 0x0B, 0xC0, 0xCA,
    0x04, 0x24, 0x7B, 0xD7, 0xB8, 0x6F, 0x5C, 0xF0, 0x4A, 0xDB, 0x29, 0xCB, 0x5E, 0xE9, 0x82, 0xF2,
    0xEF, 0x07, 0xE5, 0x10, 0x81, 0x24, 0x28, 0xD3, 0x7E, 0x1F, 0x30, 0xDE, 0x01, 0xF9, 0x4C, 0x5B,
    0x15, 0x0D, 0x14, 0x58, 0x0F, 0xA5, 0x48, 0x07, 0x4E, 0xA4, 0x87, 0x03, 0x4C, 0x80, 0x11, 0x33,
    0x90, 0x04, 0x92, 0x38, 0xFF, 0x73, 0xC9, 0x1E, 0x16, 0x94, 0x0B, 0x2E, 0x4B, 0xDF, 0x0A, 0xA5,
    0x84, 0x42, 0x22, 0x4E, 0x22, 0xE7, 0xF7, 0xAE, 0x72, 0x22, 0x2E, 0x55, 0x64, 0x32, 0xE2, 0x64,
    0x42, 0x68, 0x89, 0x38, 0x5E, 0xC4, 0x01, 0x8E, 0xA4, 0x15, 0x0A, 0x11, 0xEA, 0xF7, 0x6A, 0x26,
    0x1C, 0x11, 0xC7, 0x44, 0x4D, 0xFB, 0x1D, 0xF9, 0x5F, 0x27, 0xDF, 0x8D, 0xF9, 0xC7, 0x79, 0x4F,
    0xC2, 0x39, 0xC0, 0xF2, 0x59, 0x65, 0x77, 0x0B, 0xC8, 0x64, 0x00, 0x12, 0xF1, 0x00, 0xE7, 0xB8,
    0x37, 0xB2, 0x4A, 0x59, 0x7A, 0xA5, 0xEB, 0x94, 0x75, 0xAF, 0xFC, 0x28, 0x28, 0x3F, 0x1C, 0x66,
    0xFD, 0x11, 0x30, 0x9D, 0x32, 0xF3, 0x87, 0x80, 0x6D, 0x6A, 0x25, 0xAE, 0x82, 0x92, 0xB2, 0x99,
    0xF5, 0x7B, 0xA8, 0x67, 0x2F, 0x0E, 0xC8, 0x03, 0x0C, 0x64, 0x81, 0x34, 0x60, 0x46, 0x75, 0x21,
    0x8D, 0x64, 0x1D, 0xE9, 0xA4, 0x2E, 0x94, 0xD2, 0xB7, 0x0B, 0x9C, 0x04, 0x4D, 0x56, 0x53, 0xD5,
    0x44, 0x35, 0xCD, 0x44, 0x3A, 0x38, 0x77, 0x86, 0x6E, 0x90, 0xF4, 0xC0, 0x9C, 0x0E, 0xD8, 0x41,
    0x59, 0x8C, 0xCA, 0xDD, 0xA8, 0xBC, 0x35, 0x29, 0x0F, 0xF6, 0x95, 0x83, 0x03, 0xD2, 0xA0, 0x8A,
    0x4C, 0x5F, 0x78, 0xC8, 0x3A, 0xEB, 0xC1, 0x7A, 0xDB, 0xAB, 0xDE, 0x3C, 0xCC, 0x3D, 0x1D, 0x66,
    0xA5, 0x23, 0xDC, 0x26, 0x89, 0x10, 0x61, 0x22, 0x19, 0xE1, 0x50, 0x95, 0xE2, 0x28, 0x16, 0x5C,
    0x90, 0xC1, 0x49, 0x65, 0x65, 0x00, 0x78, 0x59, 0xC1, 0xA8, 0xD0, 0x0A, 0x60, 0x56, 0x9C, 0x2A,
    0x58, 0xC9, 0x85, 0xBA, 0xE1, 0x12, 0x64, 0xD2, 0xE3, 0x64, 0xA0, 0x4D, 0x23, 0x13, 0x91, 0x5B,
    0x44, 0x58, 0x97, 0xB4, 0x8D, 0x94, 0x12, 0x69, 0xDF, 0x8A, 0x1C, 0xFF, 0x4F, 0x6E, 0xC8, 0x3F,
    0xD6, 0xE2, 0x86, 0x7C, 0xB0, 0x1D, 0x94, 0x15, 0xEC, 0xDF, 0xAD, 0x0F, 0x0B, 0xA0, 0x1E, 0xA0,
    0xE8, 0x81, 0x0A, 0x52, 0x0F, 0x45, 0x07, 0xAD, 0x27, 0x5D, 0x80, 0x79, 0x73, 0xEB, 0x32, 0x90,
    0x77, 0xA9, 0x25, 0xA6, 0x8B, 0xD7, 0x63, 0xDE, 0x73, 0x60, 0x3D, 0xB7, 0x1C, 0xEC, 0xEC, 0xC2,
    0xE7, 0x6F, 0x03, 0x07, 0x40, 0xBC, 0xA7, 0x4C, 0xA8, 0x62, 0xA8, 0x01, 0xD7, 0xAC, 0xCE, 0x92,
    0x2D, 0xF6, 0x6E, 0x26, 0x22, 0x13, 0x97, 0xE5, 0x7B, 0xCC, 0xF1, 0x4D, 0x20, 0x42, 0x1A, 0x57,
    0xAA, 0x67, 0x37, 0xD9, 0xF4, 0xEF, 0xF9, 0xAB, 0xD0, 0x2E, 0xC8, 0x44, 0x9A, 0xC2, 0x3B, 0xEF,
    0x28, 0xFC, 0x6D, 0x5E, 0xE0, 0x80, 0xD3, 0xE7, 0x6A, 0x57, 0x2E, 0x51, 0x7E, 0xFC, 0xBA, 0xCF,
    0x45, 0x1A, 0xDA, 0x8F, 0x01, 0xD6, 0xED, 0x0B, 0x64, 0xEF, 0x7B, 0x8A, 0x37, 0x02, 0xFB, 0x0C,
    0xBC, 0xC8, 0xC5, 0x07, 0x68, 0xBB, 0x65, 0x3D, 0x3B, 0x6B, 0x6D, 0x17, 0x9F, 0x5A, 0x5B, 0x02,
    0x14, 0x1E, 0x5C, 0x80, 0xC3, 0x91, 0x64, 0x38, 0xC0, 0xF4, 0x8E, 0xAC, 0x79, 0x01, 0x38, 0x23,
    0x6D, 0xC9, 0x00, 0x26, 0xCE, 0x45, 0xB7, 0xD7, 0xF1, 0xE0, 0x3E, 0x6B, 0x38, 0x70, 0x70, 0xEB,
    0x99, 0xFA, 0xAC, 0xA8, 0xC0, 0xF9, 0x55, 0xD1, 0x6D, 0x38, 0x3B, 0x3D, 0x6F, 0x13, 0x88, 0x26,
    0x50, 0x5B, 0x4F, 0x21, 0x90, 0x4F, 0x90, 0x8C, 0x8F, 0x1A, 0x83, 0xAF, 0xEC, 0x02, 0x4F, 0xA0,
    0x27, 0xD9, 0xD2, 0xF3, 0x66, 0xC6, 0x4B, 0xE4, 0x7E, 0x17, 0xD3, 0x47, 0xD2, 0xA3, 0x00, 0xD2,
    0x9F, 0xD6, 0x36, 0xEB, 0x12, 0xD5, 0xE5, 0x0B, 0x5F, 0x7A, 0x87, 0xAD, 0x6E, 0xC3, 0xE3, 0xEB,
    0xEA, 0x92, 0x9E, 0x64, 0xC8, 0x3B, 0x38, 0xD4, 0x66, 0xCB, 0x05, 0x90, 0x8F, 0x40, 0x1A, 0xD8,
    0x8A, 0x2F, 0xCA, 0xA2, 0xA2, 0x16, 0x19, 0xB9, 0x7C, 0xF4, 0x35, 0x41, 0x8D, 0xF0, 0x4B, 0xD8,
    0x7E, 0x09, 0x13, 0x96, 0x48, 0xC7, 0x25, 0x12, 0x75, 0x88, 0x07, 0x21, 0x19, 0xB5, 0xDE, 0x70,
    0x7C, 0x84, 0xED, 0x96, 0x70, 0x8D, 0x39, 0xBA, 0xB1, 0xC0, 0x89, 0x0C, 0xD4, 0xF2, 0x6B, 0x80,
    0xCB, 0xE1, 0x15, 0x68, 0xC3, 0x0E, 0x7C, 0x2D, 0xDC, 0x02, 0x13, 0xBE, 0xA5, 0xF8, 0xA6, 0xE2,
    0x1B, 0x8A, 0xAF, 0x72, 0xFE, 0x6F, 0x02, 0x89, 0x48, 0x20, 0x57, 0x14, 0x5D, 0x16, 0x70, 0x9A,
    0xD2, 0x6D, 0xC5, 0x81, 0x22, 0x9E, 0xC4, 0xA4, 0x38, 0x54, 0xD4, 0x55, 0x1E, 0x70, 0xEF, 0xD5,
    0x03, 0x56, 0x7E, 0x2D, 0x3E, 0x91, 0x7F, 0x90, 0xEA, 0x8B, 0x22, 0x6F, 0xD2, 0xCE, 0xA6, 0x1F,
    0xDD, 0x90, 0xC6, 0x04, 0x4A, 0xCD, 0x2F, 0xDB, 0x28, 0x9A, 0x14, 0xFB, 0xD7, 0x8F, 0xAE, 0x69,
    0xA2, 0x71, 0x0D, 0xDD, 0xB7, 0xC1, 0xFE, 0x46, 0xE5, 0xB1, 0xC0, 0xA2, 0x33, 0x47, 0xAF, 0x4B,
    0xE5, 0xD4, 0xB5, 0x56, 0xFD, 0x83, 0x32, 0x00, 0x37, 0x02, 0x24, 0xD7, 0x8F, 0xC0, 0x88, 0xAC,
    0x81, 0x09, 0xDB, 0xB8, 0xF9, 0x9B, 0xA0, 0xFB, 0x03, 0xF6, 0xE8, 0x66, 0xC0, 0x55, 0x26, 0xB0,
    0xCF, 0x12, 0x77, 0x14, 0xF1, 0x34, 0xD6, 0xDA, 0x38, 0xAD, 0x0D, 0x11, 0xAF, 0x5E, 0x35, 0xB0,
    0xB7, 0xC7, 0xBD, 0x51, 0xAB, 0xE8, 0x19, 0xE6, 0x68, 0x6F, 0x76, 0xEF, 0x4B, 0x8A, 0xCF, 0x29,
    0xCE, 0x29, 0xD8, 0x86, 0x48, 0x50, 0xF4, 0x5A, 0xB9, 0x9A, 0xF7, 0x9D, 0x44, 0xA6, 0x79, 0xDA,
    0x35, 0x8E, 0xF6, 0x6E, 0x52, 0x8A, 0x88, 0x36, 0xBF, 0x20, 0x5B, 0x96, 0x5C, 0xA6, 0xD3, 0x4F,
    0x32, 0x97, 0x2A, 0x52, 0x89, 0x58, 0x11, 0xCA, 0xC6, 0x35, 0xBB, 0x14, 0xFE, 0x0E, 0xD6, 0x8B,
    0xC8, 0x5C, 0xA6, 0xBD, 0xBD, 0x53, 0xC3, 0xD7, 0x7D, 0x7C, 0xA3, 0xB1, 0x22, 0x55, 0xD2, 0x8E,
    0x70, 0x91, 0x0A, 0x42, 0xE2, 0x61, 0xCA, 0xBC, 0x0A, 0xAA, 0xA0, 0x88, 0x00, 0xD5, 0x33, 0x0B,
    0x0D, 0x4F, 0x21, 0x34, 0x01, 0x2C, 0xBF, 0x77, 0xEA, 0x79, 0xE0, 0x19, 0x05, 0x57, 0x5A, 0x7F,
    0x16, 0x9C, 0x75, 0x80, 0x0D, 0xC7, 0xC8, 0xBA, 0x67, 0xEE, 0xD4, 0xFE, 0xA1, 0x9D, 0x9A, 0x3F,
    0x58, 0xEB, 0xA9, 0xFB, 0xED, 0x19, 0x76, 0xAC, 0x9E, 0x60, 0x86, 0xE6, 0xF5, 0x77, 0x77, 0xF3,
    0xFF, 0x7D, 0xC5, 0xA7, 0x14, 0x6C, 0xA0, 0x55, 0xAE, 0x6E, 0xF7, 0xDA, 0x29, 0x11, 0xA6, 0xBA,
    0xAB, 0x44, 0x45, 0xFC, 0x6D, 0xB5, 0x25, 0x82, 0xB4, 0x07, 0x6C, 0x03, 0x94, 0x00, 0x6E, 0xC6,
    0x4F, 0x80, 0x72, 0x02, 0xB2, 0x71, 0xAD, 0x65, 0x5C, 0x6B, 0xA9, 0x2B, 0x47, 0xD1, 0xA8, 0x96,
    0xE9, 0x94, 0x9E, 0xF5, 0xFD, 0x5C, 0x6D, 0x39, 0x7A, 0x5D, 0xB5, 0x34, 0x49, 0xBB, 0x80, 0x74,
    0x80, 0xAC, 0x07, 0xEB, 0xD7, 0xE5, 0x08, 0x32, 0x69, 0x48, 0x16, 0xA4, 0xDE, 0x78, 0x4C, 0xD0,
    0xBD, 0xD1, 0x01, 0x75, 0x04, 0x8A, 0x75, 0xCF, 0x7E, 0x22, 0x57, 0x2A, 0x9F, 0x23, 0xF7, 0xB7,
    0x30, 0xFD, 0x40, 0xF2, 0x51, 0x80, 0xD6, 0x83, 0xAB, 0xE0, 0xD3, 0x67, 0xD7, 0xB9, 0xEB, 0xB8,
    0xAD, 0x90, 0x0A, 0x8C, 0x74, 0x60, 0x7F, 0x30, 0x40, 0xC9, 0x3B, 0x70, 0x8E, 0x8B, 0x6C, 0x45,
    0x2A, 0x1F, 0x43, 0xA9, 0x87, 0xCA, 0x5B, 0x37, 0x9B, 0x4C, 0x73, 0xB6, 0x7E, 0x89, 0x12, 0x72,
    0x76, 0xEF, 0x36, 0x74, 0xA0, 0x88, 0x5B, 0xB0, 0x32, 0x44, 0x72, 0x09, 0x93, 0x9A, 0x7E, 0xA8,
    0xA8, 0x15, 0xCE, 0x2F, 0x51, 0x0C, 0x4B, 0x64, 0xF2, 0x0B, 0xF1, 0x89, 0x26, 0xCC, 0x65, 0x79,
    0x17, 0x92, 0xF5, 0x38, 0x70, 0x3D, 0xEC, 0x07, 0x18, 0x22, 0x49, 0x7F, 0x85, 0xD4, 0x7F, 0x76,
    0x5B, 0xF9, 0xB5, 0x54, 0x44, 0xEC, 0xB2, 0x94, 0xDE, 0x9D, 0xD3, 0xA1, 0xE0, 0xB0, 0x5E, 0x4B,
    0xD9, 0x14, 0xDE, 0xBE, 0xD7, 0x56, 0x46, 0x16, 0x58, 0x79, 0x97, 0x12, 0x70, 0x5A, 0xFE, 0xEB,
    0x1A, 0x85, 0x48, 0x6F, 0x45, 0x46, 0x47, 0x12, 0x0F, 0x20, 0x46, 0x92, 0x71, 0x22, 0x0B, 0xED,
    0x5B, 0x6D, 0xE7, 0x44, 0xE6, 0xA7, 0x07, 0xCE, 0xF3, 0x22, 0x58, 0x76, 0xC0, 0xBE, 0x37, 0x82,
    0x91, 0x00, 0xB4, 0x0D, 0xF7, 0x46, 0xB2, 0x36, 0xA4, 0x59, 0x19, 0x32, 0x90, 0x37, 0xD6, 0x93,
    0x35, 0x25, 0x98, 0x6A, 0x17, 0x92, 0x07, 0x18, 0x92, 0xAB, 0x21, 0xD9, 0x13, 0x18, 0x02, 0x18,
    0x9F, 0x63, 0x86, 0x92, 0x44, 0x26, 0xA8, 0x07, 0x48, 0x78, 0x90, 0x19, 0x7F, 0xE9, 0x28, 0xFC,
    0xE3, 0x9A, 0x91, 0x3F, 0xCA, 0x8C, 0xF5, 0xE8, 0xB8, 0x8B, 0xDB, 0x9C, 0x8A, 0x53, 0xA3, 0xA3,
    0x7E, 0x9E, 0xA3, 0xE3, 0xF4, 0xCD, 0xEE, 0x29, 0x46, 0x45, 0xFF, 0xE4, 0xA3, 0xE2, 0x69, 0x05,
    0x66, 0x2A, 0xD0, 0x3C, 0x59, 0x6F, 0xB3, 0x96, 0x56, 0x7A, 0xB4, 0xEE, 0x89, 0xFB, 0xE2, 0x0E,
    0x90, 0x7A, 0xC8, 0x9B, 0xB9, 0xD2, 0x46, 0xC8, 0xDA, 0x17, 0xDB, 0xFC, 0x76, 0xAE, 0x12, 0x2E,
    0x54, 0x00, 0xB6, 0x57, 0xBA, 0x95, 0xD8, 0x16, 0x30, 0xA1, 0x68, 0x20, 0xF3, 0x59, 0xC5, 0x76,
    0xD4, 0xE2, 0x73, 0x19, 0xEA, 0x45, 0x95, 0x4B, 0x6F, 0x02, 0x38, 0x1E, 0x8B, 0xB2, 0x8C, 0x63,
    0x1E, 0xED, 0xED, 0xD5, 0x3C, 0xFE, 0xB1, 0xA5, 0x34, 0x99, 0x0C, 0xB5, 0x34, 0x56, 0x06, 0xAE,
    0x01, 0xC9, 0x04, 0x18, 0xA9, 0xC0, 0xFE, 0x87, 0x87, 0xD2, 0xF4, 0xB0, 0x43, 0xCF, 0x56, 0x5C,
    0x88, 0x40, 0xA9, 0xF8, 0x63, 0x05, 0xF7, 0x85, 0x3E, 0xEA, 0xC7, 0x7A, 0x02, 0x11, 0x01, 0x69,
    0x5C, 0xC3, 0x44, 0xE1, 0x89, 0xD8, 0xC7, 0x46, 0x2E, 0xBE, 0x9E, 0x0A, 0xF1, 0x32, 0xCD, 0xC6,
    0x8C, 0xF5, 0x82, 0xEC, 0xA4, 0x31, 0xA2, 0x11, 0x57, 0x3C, 0x73, 0x63, 0x2E, 0xC8, 0xD0, 0xCE,
    0xC6, 0x5C, 0x0E, 0x40, 0xAB, 0x30, 0x8A, 0x3F, 0x3C, 0xBA, 0x0A, 0x4E, 0xC2, 0x1A, 0xBA, 0xEF,
    0x18, 0x37, 0x07, 0xCC, 0x47, 0xB2, 0xC0, 0xC8, 0x5B, 0x52, 0x99, 0x48, 0x39, 0xBF, 0x77, 0x3C,
    0x36, 0x0A, 0xA1, 0x1E, 0x9D, 0x24, 0x12, 0xCF, 0x41, 0xFD, 0x46, 0x23, 0xBF, 0xF4, 0x1F, 0x48,
    0xF3, 0xD5, 0xDD, 0xED, 0x11, 0xD2, 0xD4, 0x0B, 0x4C, 0x78, 0xE2, 0xA5, 0x94, 0x6A, 0x29, 0xA6,
    0x7C, 0xAD, 0x6A, 0x7F, 0xEC, 0xFF, 0x4F, 0xFC, 0xF7, 0xDA, 0xEA, 0xEE, 0x93, 0x5E, 0x72, 0x95,
    0x3A, 0xD0, 0x3E, 0x56, 0x23, 0x4D, 0x2D, 0xDE, 0xE9, 0x80, 0x09, 0x97, 0xF6, 0x2A, 0xD6, 0xA1,
    0x3E, 0x38, 0xE9, 0x88, 0x3C, 0xE9, 0x52, 0xE8, 0x81, 0xDA, 0x54, 0x2D, 0xA1, 0x96, 0x8E, 0xBB,
    0x71, 0x8D, 0x22, 0x52, 0x3E, 0x46, 0x0B, 0xB9, 0x74, 0xA5, 0x74, 0x17, 0xA9, 0x42, 0xE2, 0xA7,
    0xCC, 0xD7, 0x52, 0x15, 0x11, 0xAA, 0xB3, 0xB1, 0xEB, 0x22, 0x6C, 0x9A, 0x9D, 0xA0, 0x7A, 0x4A,
    0xC7, 0x96, 0xD2, 0x6A, 0x69, 0x9E, 0xC2, 0x9F, 0x52, 0x0F, 0xEC, 0x78, 0x07, 0xD3, 0x93, 0x7B,
    0xEC, 0x72, 0x39, 0x22, 0x93, 0x2A, 0x59, 0x90, 0x75, 0xD8, 0xA0, 0x4B, 0xD6, 0x01, 0x4F, 0x91,
    0x58, 0x25, 0x52, 0xA1, 0xE6, 0x1C, 0xB7, 0xDC, 0xAF, 0x5B, 0x4E, 0x06, 0x4C, 0xD4, 0x65, 0xFB,
    0x53, 0xC8, 0x33, 0x4A, 0x78, 0xA2, 0xC4, 0x5A, 0xCD, 0xED, 0xDB, 0x12, 0x65, 0x91, 0xCB, 0x60,
    0x02, 0x8E, 0xB3, 0x46, 0x2D, 0x95, 0x43, 0xA4, 0x71, 0x00, 0xFB, 0x8A, 0x08, 0xA4, 0x8A, 0x3C,
    0x00, 0x6D, 0xB7, 0xDA, 0x9F, 0x75, 0xC9, 0x60, 0x83, 0x89, 0x5A, 0x74, 0x1B, 0x4E, 0x78, 0x7D,
    0xAD, 0x0E, 0x45, 0x6C, 0x43, 0x19, 0x4D, 0xE0, 0xB1, 0x4B, 0x29, 0x44, 0x91, 0x2A, 0x02, 0x11,
    0x92, 0x08, 0xE9, 0x08, 0x59, 0x80, 0xB2, 0x23, 0x91, 0x0A, 0x46, 0x48, 0x2B, 0xB0, 0x3D, 0xB8,
    0x11, 0xA2, 0x7E, 0xED, 0x2C, 0x2A, 0xE3, 0x33, 0x8E, 0xC3, 0x88, 0x90, 0xCA, 0x04, 0xD6, 0x9F,
    0x5D, 0x29, 0x1A, 0x70, 0x40, 0xBB, 0x72, 0xA2, 0x1C, 0x56, 0xBB, 0x38, 0x07, 0x0E, 0xC4, 0x27,
    0xBF, 0xE9, 0xCD, 0x4F, 0x07, 0xEB, 0x0F, 0x5E, 0xE0, 0x55, 0x56, 0x71, 0x89, 0x4C, 0xC8, 0x05,
    0xDC, 0x93, 0x2C, 0x87, 0xAA, 0x3A, 0x1F, 0xA8, 0x3B, 0x76, 0xA1, 0x16, 0xDF, 0xCA, 0x92, 0x55,
    0x3D, 0x31, 0x7F, 0x69, 0x51, 0xBA, 0x6A, 0xC9, 0x24, 0xB2, 0x64, 0x16, 0x94, 0x85, 0x57, 0x1E,
    0x02, 0xE6, 0xC3, 0x51, 0x29, 0xFD, 0x86, 0x1F, 0x8D, 0xF3, 0xFE, 0x85, 0x32, 0xB4, 0x8D, 0xB2,
    0xEC, 0x94, 0xF9, 0xA8, 0x4C, 0x17, 0x4A, 0xDA, 0x46, 0x59, 0xCC, 0x17, 0x65, 0xB6, 0xD0, 0xF3,
    0xD2, 0x72, 0x1C, 0xC5, 0xD6, 0x77, 0x79, 0xBB, 0x62, 0xA3, 0x2C, 0x15, 0xEC, 0x00, 0x9B, 0xBF,
    0x02, 0x37, 0x14, 0xE6, 0xC1, 0x28, 0xA5, 0x32, 0x21, 0xD7, 0x4B, 0xCB, 0xF4, 0x9A, 0xBA, 0x9E,
    0xF7, 0x0E, 0x98, 0x5F, 0x0D, 0x73, 0xC6, 0xC7, 0x5B, 0x1F, 0x4C, 0x5A, 0xB9, 0xAE, 0xB4, 0x8A,
    0x8A, 0xCE, 0x87, 0x55, 0xAE, 0xC5, 0x82, 0xD6, 0xD7, 0x42, 0xE1, 0xB7, 0xDF, 0x3D, 0x5A, 0x85,
    0x53, 0xEC, 0x2A, 0x0E, 0x80, 0xA4, 0x9F, 0x47, 0x21, 0xD4, 0xC1, 0x49, 0xD5, 0x86, 0xCB, 0x7A,
    0xCA, 0xBC, 0xD7, 0x0C, 0x8E, 0x4F, 0xF9, 0xA1, 0x9E, 0xE8, 0x37, 0xDD, 0xDD, 0xF3, 0xCE, 0x7E,
    0x2C, 0x14, 0xB5, 0x56, 0x29, 0x82, 0x1A, 0x1C, 0xF5, 0x94, 0x7A, 0xA3, 0xA2, 0x6C, 0x48, 0xAB,
    0x63, 0x07, 0x6A, 0x7F, 0xFC, 0x24, 0xF0, 0x2E, 0x70, 0x9E, 0x7B, 0x1F, 0x55, 0x14, 0xB3, 0xD7,
    0x3C, 0x0B, 0x92, 0x87, 0xBE, 0xE3, 0x09, 0x00, 0x9F, 0x81, 0x96, 0x4C, 0x70, 0x23, 0x7F, 0x0E,
    0xC0, 0xAA, 0x3B, 0xDA, 0xA0, 0x34, 0x4F, 0xB5, 0xCC, 0xF7, 0xBF, 0x66, 0xAD, 0xA2, 0x7A, 0xFE,
    0x2A, 0x36, 0x91, 0x75, 0x40, 0xBE, 0x39, 0xB8, 0x07, 0x72, 0x0F, 0xD8, 0xB3, 0x50, 0x85, 0xC8,
    0xE6, 0x3C, 0xF9, 0x6A, 0x7F, 0x4F, 0xE6, 0xC9, 0x01, 0xA8, 0x80, 0xB4, 0x57, 0x04, 0x6A, 0xF9,
    0xA1, 0xE2, 0xCB, 0x3A, 0xF6, 0x8C, 0x57, 0x34, 0x4B, 0xA4, 0x4F, 0x21, 0xFE, 0x11, 0xDF, 0x5E,
    0x2E, 0x87, 0x57, 0xDB, 0x70, 0xE5, 0x72, 0xB8, 0x6D, 0xC2, 0x2D, 0x13, 0xBE, 0x65, 0xC2, 0x37,
    0x74, 0x79, 0x1E, 0x5D, 0x95, 0x0C, 0x2A, 0x23, 0x1E, 0x23, 0x19, 0x1E, 0x9D, 0x6D, 0xA1, 0xD9,
    0xD6, 0x27, 0xB2, 0x85, 0x36, 0x30, 0xAF, 0xCD, 0x43, 0xCB, 0xF2, 0xD0, 0xE0, 0xBC, 0x16, 0xDD,
    0x7E, 0x58, 0xDD, 0x52, 0x40, 0xA4, 0xA2, 0x90, 0xC0, 0x12, 0x1D, 0x10, 0x79, 0x10, 0xBE, 0x04,
    0x2C, 0x26, 0x40, 0xEB, 0xA5, 0x0B, 0xA0, 0x88, 0xC0, 0xA1, 0xE2, 0xF3, 0xC7, 0xF5, 0x2A, 0x22,
    0x49, 0x47, 0xC4, 0xAC, 0x31, 0xED, 0xDD, 0xF0, 0xB9, 0x88, 0xF8, 0x62, 0x89, 0xE6, 0x42, 0xA4,
    0x8C, 0x2C, 0xC9, 0xBD, 0xCB, 0xDB, 0x48, 0x40, 0x1A, 0x26, 0x4C, 0xD4, 0x86, 0x6F, 0x47, 0x6D,
    0xF4, 0xD4, 0x53, 0x55, 0xEF, 0xA4, 0x07, 0xFE, 0x84, 0xBB, 0x79, 0x65, 0x33, 0xCB, 0x41, 0x59,
    0x57, 0xCA, 0x8B, 0x9C, 0x8C, 0x76, 0x44, 0x9F, 0xD2, 0xA7, 0x25, 0xDF, 0x35, 0x02, 0x0E, 0x23,
    0xCD, 0xCC, 0x4E, 0xF9, 0x51, 0x50, 0x7E, 0x38, 0x2A, 0x43, 0x9C, 0x59, 0xCF, 0x2C, 0x2B, 0xA5,
    0xF5, 0x4A, 0xD3, 0x2B, 0xD3, 0x41, 0x49, 0x9C, 0xB9, 0x3B, 0xB3, 0xAC, 0x95, 0x56, 0x94, 0x66,
    0x66, 0x2A, 0x94, 0xD2, 0x20, 0xB4, 0xF3, 0x59, 0x4E, 0x64, 0x64, 0x1A, 0xC0, 0x76, 0x40, 0xE1,
    0x01, 0x07, 0x70, 0xA0, 0x08, 0x6C, 0x45, 0x52, 0x5D, 0xAA, 0xA8, 0x7F, 0x26, 0x03, 0xF2, 0xBE,
    0x44, 0xB2, 0x05, 0x0B, 0xCC, 0x40, 0xFD, 0x64, 0x0F, 0x13, 0xA5, 0x24, 0xFA, 0x44, 0x6C, 0x64,
    0x68, 0x47, 0xEC, 0x6C, 0x80, 0xBD, 0xD7, 0x00, 0xFF, 0xDC, 0x0C, 0xA8, 0x66, 0x03, 0xAA, 0x8D,
    0x01, 0x8F, 0xF8, 0x83, 0x56, 0x28, 0xB8, 0x72, 0x76, 0xEA, 0x27, 0x55, 0x3F, 0x65, 0x32, 0xB0,
    0x89, 0x34, 0x28, 0x36, 0x63, 0x7A, 0x04, 0x92, 0x00, 0x18, 0x0F, 0x7C, 0x86, 0x97, 0xE6, 0x74,
    0x6E, 0x03, 0xD9, 0x4F, 0x07, 0x20, 0x95, 0x1E, 0xA0, 0xF5, 0xCA, 0xF2, 0x77, 0x73, 0x58, 0x5D,
    0x85, 0x1D, 0xD5, 0xB5, 0x9B, 0x75, 0x50, 0x7C, 0xA5, 0x81, 0x5C, 0x00, 0xB3, 0x16, 0xF8, 0x1C,
    0x87, 0xD5, 0x79, 0xE6, 0x70, 0x15, 0x9B, 0x2E, 0xC5, 0x9E, 0x5C, 0x35, 0x6C, 0x3A, 0x97, 0x97,
    0x39, 0xCF, 0x1E, 0xEC, 0x24, 0xF2, 0x6D, 0xE9, 0xF8, 0xAA, 0x91, 0x56, 0x02, 0x50, 0x8C, 0x66,
    0x04, 0x6C, 0x97, 0xC4, 0xD5, 0x91, 0xCF, 0xB2, 0x6A, 0x63, 0x26, 0x0D, 0xA9, 0x44, 0x2B, 0x7E,
    0xD3, 0x43, 0x0F, 0x1B, 0xF7, 0xC3, 0x56, 0x0F, 0xED, 0xCF, 0x74, 0x6C, 0x7A, 0x28, 0xEB, 0x94,
    0x26, 0x28, 0x19, 0x67, 0xDE, 0x99, 0xE9, 0x66, 0x16, 0xAD, 0x32, 0x17, 0xA5, 0x99, 0x7B, 0x28,
    0x59, 0xF5, 0x90, 0x00, 0xB0, 0xAB, 0xA8, 0xF6, 0x81, 0xD4, 0x1F, 0x00, 0xE6, 0x68, 0x54, 0xCE,
    0xB2, 0x69, 0x9B, 0xB9, 0x4B, 0xB4, 0x47, 0xB4, 0x43, 0xB4, 0x3F, 0xB4, 0x3B, 0xB4, 0xED, 0x47,
    0x95, 0x52, 0x70, 0xB5, 0xE0, 0x60, 0x2E, 0x35, 0x70, 0x08, 0xEA, 0x5F, 0x3E, 0x40, 0xDD, 0xC1,
    0x2E, 0xAB, 0x5F, 0x95, 0x94, 0x12, 0xC1, 0xC9, 0xC8, 0x7D, 0xE3, 0x82, 0xF4, 0x50, 0x8B, 0x90,
    0xCA, 0x9E, 0x74, 0x79, 0xC0, 0x86, 0xC2, 0x63, 0x46, 0x57, 0x91, 0xC4, 0x1A, 0x58, 0xDC, 0x01,
    0xEA, 0x08, 0xB8, 0xFB, 0x61, 0x02, 0xF6, 0x5B, 0x60, 0x9A, 0x8F, 0x28, 0x3D, 0x66, 0xB0, 0x01,
    0xDB, 0x67, 0xB2, 0xA7, 0x26, 0xC8, 0x84, 0xCE, 0xC2, 0x62, 0x44, 0xB4, 0x9C, 0x9A, 0xBB, 0xD2,
    0xA9, 0xD7, 0x64, 0x9E, 0xD7, 0x12, 0x5F, 0x34, 0x85, 0xBA, 0x3C, 0xDC, 0x26, 0x1D, 0x23, 0x49,
    0x8C, 0x70, 0xB7, 0x4C, 0x24, 0x63, 0x4B, 0x3A, 0xB8, 0x26, 0x0B, 0xE5, 0xD1, 0x4D, 0x9F, 0x8B,
    0x40, 0xFB, 0x2E, 0xBC, 0xC8, 0xE7, 0xE1, 0x0A, 0x6F, 0x83, 0xFB, 0x4E, 0x0F, 0x56, 0x3C, 0xA4,
    0x8B, 0x4F, 0x4E, 0x28, 0x15, 0x18, 0x9F, 0x61, 0x86, 0x62, 0xEB, 0x7B, 0xEF, 0x19, 0x0A, 0xE6,
    0x53, 0xAA, 0x78, 0x37, 0x09, 0x24, 0x8B, 0x2C, 0x90, 0x8D, 0x65, 0x47, 0xD1, 0xB5, 0xB0, 0xCB,
    0x00, 0x50, 0xFD, 0xB6, 0x05, 0x7F, 0x26, 0x6D, 0xB0, 0x5F, 0xEE, 0x29, 0xFF, 0xBA, 0x63, 0xD7,
    0x7A, 0x0E, 0x4A, 0x08, 0x3B, 0x50, 0x5D, 0x3C, 0x1B, 0xC1, 0xA9, 0x2C, 0xC3, 0x53, 0xCF, 0xAB,
    0x54, 0xDE, 0xAA, 0xF5, 0x81, 0x62, 0xBE, 0x66, 0x7D, 0xE1, 0xE7, 0x95, 0xAB, 0x8E, 0x2F, 0x02,
    0x5D, 0xDD, 0x59, 0xAD, 0x22, 0xB8, 0xBD, 0x6B, 0xF3, 0x4A, 0xA6, 0xD5, 0x2A, 0xCE, 0x2B, 0x20,
    0x6E, 0x6A, 0x6E, 0x8E, 0x5B, 0xB5, 0x12, 0xCA, 0x0E, 0x47, 0x12, 0xF2, 0x11, 0x47, 0x1A, 0x52,
    0x79, 0xAF, 0xDE, 0xBB, 0xDE, 0xAF, 0xCE, 0xDE, 0x71, 0x61, 0x95, 0xCB, 0xA5, 0x8A, 0x3D, 0x48,
    0x65, 0xCC, 0xA5, 0xC7, 0x8A, 0x68, 0xD3, 0x65, 0x53, 0x2F, 0x58, 0xB0, 0x8B, 0x1D, 0xA9, 0xB9,
    0xC3, 0x9C, 0x62, 0x24, 0x13, 0x11, 0x22, 0x66, 0xBD, 0x3A, 0x9A, 0x53, 0x32, 0x01, 0x98, 0xC8,
    0x06, 0xE0, 0x90, 0x3C, 0x02, 0x75, 0x55, 0x2C, 0x00, 0xF7, 0x5E, 0x2B, 0xEF, 0x7D, 0x1D, 0x2B,
    0xB1, 0x94, 0x89, 0xA4, 0x7D, 0x73, 0xEE, 0x46, 0x12, 0x80, 0x42, 0xD1, 0x56, 0x90, 0x09, 0x50,
    0x0C, 0xC0, 0x9F, 0x72, 0xBF, 0xDF, 0x17, 0x04, 0x9D, 0x83, 0x9F, 0xCF, 0xB2, 0x50, 0xDC, 0x73,
    0x7F, 0x3F, 0x5C, 0x22, 0xD5, 0x54, 0x6E, 0x06, 0x4D, 0xAB, 0x59, 0x22, 0x82, 0x09, 0xAD, 0xC2,
    0x35, 0x77, 0xDF, 0xFA, 0xC2, 0xF1, 0xD3, 0x2A, 0xA2, 0x70, 0x5D, 0x29, 0xDE, 0x8E, 0xB5, 0xF8,
    0x74, 0x02, 0x20, 0xE9, 0x98, 0x85, 0xE4, 0x3D, 0x14, 0x0D, 0xEC, 0x02, 0xAF, 0x9E, 0xF8, 0x63,
    0x43, 0xFD, 0x53, 0xA9, 0x6E, 0xFE, 0x8F, 0x54, 0x66, 0x91, 0x60, 0x46, 0xAD, 0xFE, 0xE8, 0x72,
    0x53, 0x3A, 0x44, 0xBA, 0xA7, 0x13, 0x53, 0x1D, 0x8B, 0x39, 0x54, 0xB8, 0x4A, 0xC5, 0xF8, 0xFB,
    0x89, 0xF1, 0x1B, 0x31, 0x8F, 0x78, 0x99, 0x25, 0xAC, 0xB5, 0xFC, 0x68, 0xA9, 0xE5, 0x97, 0x4F,
    0xA7, 0x65, 0xFB, 0x15, 0x2B, 0x3F, 0xFE, 0xFF, 0x7B, 0xC8, 0x3C, 0xE4, 0x40, 0x42, 0x52, 0x91,
    0xF9, 0xBC, 0x5B, 0x25, 0x9D, 0x4C, 0x13, 0x50, 0x0F, 0x40, 0xD1, 0x03, 0x69, 0xF5, 0xFC, 0x7A,
    0x79, 0x78, 0x70, 0x2F, 0xEB, 0x14, 0xE2, 0x4B, 0xBC, 0x83, 0x7D, 0x2D, 0x90, 0xFF, 0xB8, 0xC3,
    0x48, 0x03, 0x02, 0x5C, 0x79, 0xF6, 0x5E, 0x2E, 0xA5, 0xA3, 0xBD, 0xEB, 0xCC, 0x2D, 0x48, 0x23,
    0xD8, 0x11, 0x5C, 0x77, 0x62, 0x14, 0x51, 0x8F, 0x73, 0xBF, 0xDA, 0xA3, 0x9B, 0x4D, 0xD9, 0xD8,
    0xC6, 0x61, 0x2B, 0x47, 0x5E, 0xB9, 0xEA, 0x1C, 0x65, 0x07, 0x36, 0xB2, 0xCA, 0xAB, 0x1D, 0x20,
    0x5F, 0x40, 0x22, 0x15, 0x94, 0xFE, 0x55, 0xAC, 0xFF, 0xD6, 0xB2, 0x1C, 0x2C, 0xCB, 0x21, 0xAE,
    0xAA, 0xDF, 0x12, 0x6A, 0x19, 0xB9, 0x20, 0x6F, 0x02, 0x60, 0x2A, 0xAC, 0xA7, 0x68, 0x70, 0x10,
    0x21, 0xB0, 0x8E, 0x3D, 0xAC, 0xF4, 0x4E, 0xC2, 0x94, 0x86, 0x48, 0x98, 0xA8, 0xDA, 0x37, 0x29,
    0x27, 0x32, 0xE9, 0x28, 0x87, 0xAB, 0x69, 0x0C, 0xC4, 0x31, 0x89, 0x8B, 0x1B, 0x83, 0x48, 0x5F,
    0x2E, 0x2A, 0xD8, 0x9A, 0xEE, 0x3C, 0x1C, 0x49, 0x87, 0x3B, 0x64, 0xDD, 0xCB, 0x24, 0x9C, 0x7B,
    0xBE, 0x12, 0x2E, 0x92, 0x44, 0x8C, 0x90, 0xBF, 0x5F, 0xD9, 0x6F, 0x7B, 0x67, 0xBA, 0x5B, 0x74,
    0x4F, 0x29, 0xE1, 0x39, 0x39, 0x3C, 0xF7, 0xA4, 0xDB, 0x1A, 0xEC, 0x76, 0x3D, 0x07, 0xFE, 0xE2,
    0x63, 0xE6, 0xC8, 0x09, 0x9B, 0x13, 0xCD, 0xF2, 0xF8, 0x5E, 0x7D, 0xA0, 0x8D, 0x26, 0xD5, 0xFC,
    0xC0, 0x6E, 0x9B, 0x7D, 0xB2, 0x7E, 0x24, 0x95, 0xF5, 0x3C, 0x7B, 0xC9, 0xA3, 0xAC, 0xD7, 0x34,
    0x9E, 0x5A, 0xDB, 0x37, 0x93, 0x2E, 0x9A, 0xAE, 0xCE, 0x9B, 0xF2, 0xBB, 0xD8, 0x05, 0x26, 0xC2,
    0xC0, 0x96, 0xF5, 0x41, 0x65, 0xD1, 0x47, 0x98, 0x60, 0x5B, 0xD6, 0xDB, 0xA7, 0xAC, 0x97, 0x65,
    0xF4, 0x33, 0x3E, 0xBE, 0x7E, 0x74, 0xBD, 0x1B, 0x4C, 0x30, 0x5D, 0x38, 0x86, 0x57, 0x8D, 0x3C,
    0x13, 0x6A, 0xE9, 0x48, 0x36, 0xF7, 0x9F, 0x7C, 0x50, 0x9C, 0x7C, 0xAB, 0x4F, 0xE7, 0x7D, 0x3D,
    0x60, 0x2B, 0x20, 0x90, 0x9E, 0xF8, 0xC0, 0x11, 0x45, 0xE2, 0xF5, 0xA3, 0xAB, 0x0F, 0xFC, 0x08,
    0x32, 0x60, 0x16, 0xFF, 0x9C, 0xC8, 0x44, 0xDD, 0x03, 0x94, 0x0D, 0xAE, 0xE7, 0x72, 0x58, 0x4F,
    0x0B, 0x38, 0xED, 0xEC, 0xA4, 0x4B, 0x7B, 0xD2, 0x21, 0xEF, 0x60, 0x2A, 0x2B, 0x70, 0x13, 0x60,
    0x47, 0xD0, 0x4A, 0x5B, 0xF1, 0x5B, 0x34, 0x23, 0xC0, 0xA0, 0x4B, 0x12, 0xF8, 0x83, 0x3E, 0xF9,
    0xA0, 0x33, 0x1F, 0xF8, 0xA7, 0xD3, 0xFC, 0xF0, 0x9C, 0x2F, 0x9A, 0x90, 0x9C, 0x4A, 0x43, 0xC4,
    0xAF, 0x71, 0xFD, 0xA8, 0x7A, 0x54, 0xCE, 0x37, 0xA5, 0x59, 0x57, 0xDE, 0x81, 0x03, 0x88, 0xEB,
    0xE5, 0xB2, 0x4C, 0x4E, 0xA6, 0x4B, 0xD3, 0xB5, 0xD5, 0x3F, 0x97, 0x1B, 0x4E, 0xE2, 0x72, 0x21,
    0xB2, 0x59, 0xE4, 0x5F, 0xA8, 0x85, 0x72, 0x84, 0x83, 0x4F, 0x03, 0xA9, 0x7C, 0x05, 0x30, 0xBF,
    0x14, 0x20, 0xFD, 0xFE, 0xB4, 0xFD, 0x56, 0x7E, 0xEA, 0x0B, 0xAA, 0x95, 0x7E, 0x9E, 0xEC, 0x6D,
    0x34, 0x8B, 0xC8, 0x99, 0x71, 0x20, 0x19, 0x49, 0xE7, 0x0D, 0x16, 0xE4, 0x01, 0xDA, 0x5F, 0xB4,
    0xDD, 0x6A, 0x66, 0x1E, 0x52, 0x79, 0x17, 0xB0, 0x5E, 0x77, 0x7C, 0x10, 0xE0, 0x4A, 0x1B, 0xE0,
    0x0B, 0x65, 0x07, 0x24, 0xF7, 0x4C, 0x70, 0x5C, 0xA2, 0x0E, 0x99, 0xCC, 0x78, 0xC2, 0x59, 0x96,
    0x11, 0x21, 0x59, 0xDC, 0x90, 0x37, 0x11, 0xF9, 0x6E, 0xA4, 0x1C, 0xED, 0xB8, 0x7E, 0x29, 0x31,
    0x32, 0x01, 0x99, 0x44, 0x1E, 0x18, 0xB5, 0x34, 0x85, 0x5A, 0x43, 0xF1, 0x89, 0x58, 0xE3, 0x24,
    0x40, 0x2D, 0x3D, 0xAC, 0x27, 0x39, 0xCF, 0xD4, 0x95, 0x74, 0xED, 0xCA, 0x4D, 0x75, 0xA5, 0x18,
    0x49, 0x9A, 0x14, 0x30, 0x5D, 0xAE, 0xFC, 0xF8, 0xEB, 0x00, 0x12, 0x95, 0x65, 0xFF, 0x3B, 0x38,
    0x6C, 0xE6, 0xD8, 0x99, 0xDF, 0x03, 0x5F, 0x3B, 0xFE, 0x96, 0x99, 0x49, 0x05, 0x5C, 0x7C, 0xAE,
    0x63, 0x87, 0x84, 0x8D, 0x27, 0xF5, 0xA8, 0x1C, 0x6E, 0x29, 0xC3, 0xCE, 0x66, 0xBB, 0x1D, 0x36,
    0x75, 0x92, 0xD3, 0x8E, 0xD9, 0x4F, 0xC4, 0xB1, 0x64, 0x62, 0x6D, 0x91, 0xFD, 0x27, 0x0F, 0xD6,
    0x28, 0xFE, 0xCA, 0x43, 0x2E, 0x0D, 0x98, 0x05, 0xEA, 0xDD, 0xD9, 0xDA, 0xB6, 0x19, 0x5C, 0xEB,
    0xC8, 0xD9, 0x01, 0xCA, 0x66, 0x02, 0xDA, 0x2C, 0x42, 0x1A, 0x8B, 0x1E, 0xB2, 0xDE, 0x55, 0x70,
    0x81, 0x57, 0x38, 0x7D, 0xF9, 0x85, 0x4F, 0xEA, 0xF2, 0x5B, 0x47, 0xFF, 0x2A, 0x24, 0xF3, 0x1C,
    0x56, 0x88, 0x90, 0xFF, 0xE7, 0x00, 0xF6, 0x8D, 0x1E, 0x5E, 0xC8, 0x1A, 0x38, 0x97, 0x3C, 0xA7,
    0xAB, 0xB1, 0x16, 0x56, 0x77, 0x9E, 0xE7, 0x30, 0x56, 0x94, 0xE9, 0x72, 0x19, 0x67, 0xE9, 0xC3,
    0x2C, 0x3D, 0xCC, 0xD2, 0x3D, 0x5C, 0x90, 0x05, 0x30, 0xEF, 0x86, 0xA2, 0x51, 0x3A, 0xB6, 0xF8,
    0x13, 0x65, 0xB1, 0x50, 0x66, 0xE3, 0x59, 0x0F, 0x94, 0xD5, 0x63, 0x82, 0x07, 0x6C, 0x75, 0xFA,
    0xA7, 0xA5, 0x45, 0x04, 0xB2, 0x01, 0x48, 0x1A, 0xD8, 0x64, 0x09, 0xC5, 0xA4, 0x84, 0x7D, 0xA7,
    0x84, 0xD1, 0x7A, 0x80, 0xA4, 0x37, 0x0D, 0xA7, 0xC2, 0x49, 0x4F, 0x95, 0xC8, 0xC2, 0x49, 0x93,
    0x06, 0xDA, 0x68, 0x66, 0x67, 0xAC, 0x4F, 0xA2, 0x36, 0x6E, 0x3D, 0x91, 0x7C, 0x54, 0xE9, 0x13,
    0x36, 0x52, 0x56, 0x1C, 0xEA, 0xDA, 0x81, 0xA3, 0xBC, 0xCD, 0xAE, 0xAE, 0x77, 0x1D, 0xB7, 0xA1,
    0xAC, 0x76, 0x1C, 0x07, 0xEA, 0xD2, 0xAD, 0xA2, 0x1A, 0xC1, 0xFA, 0x77, 0x6C, 0x33, 0x40, 0xEE,
    0x07, 0xFB, 0xFD, 0x00, 0xD9, 0x8F, 0x42, 0xFE, 0x83, 0x00, 0xE6, 0x67, 0xBD, 0xF9, 0xF9, 0x3C,
    0xEB, 0xD9, 0x99, 0x5F, 0x79, 0x48, 0x3E, 0xF2, 0xE9, 0x47, 0x1E, 0x10, 0x8F, 0x34, 0x80, 0x54,
    0xBA, 0x40, 0xBB, 0x79, 0x21, 0xDD, 0x67, 0x13, 0x26, 0xC0, 0xDD, 0x27, 0x39, 0x8A, 0x43, 0x25,
    0xBB, 0x45, 0x05, 0x70, 0x90, 0x7B, 0x80, 0xA0, 0x42, 0xEF, 0x1B, 0xED, 0x44, 0x30, 0xE2, 0xEB,
    0x31, 0x19, 0x52, 0x69, 0xAC, 0x4F, 0x47, 0xAE, 0x90, 0x77, 0x26, 0x72, 0x0B, 0x13, 0xB2, 0x89,
    0x91, 0x79, 0x8E, 0x78, 0x20, 0x1D, 0x6C, 0x9D, 0x04, 0x18, 0x8B, 0xE2, 0xB5, 0x1E, 0xE2, 0xCB,
    0xF6, 0x8D, 0x0E, 0x6E, 0xEF, 0xD8, 0x7F, 0xF7, 0xB0, 0x7B, 0x2B, 0xFB, 0xEF, 0x06, 0xCA, 0x7F,
    0x33, 0xEF, 0x03, 0x45, 0x48, 0x05, 0xB0, 0x7D, 0x32, 0x01, 0x79, 0x47, 0x04, 0xF8, 0x23, 0x36,
    0x53, 0x32, 0xD2, 0x03, 0xE6, 0xE7, 0x23, 0x6A, 0xCB, 0x1D, 0xE0, 0x25, 0xFE, 0x0C, 0xE0, 0x9E,
    0x1F, 0x72, 0xE0, 0xA4, 0x29, 0x17, 0x18, 0x4D, 0x82, 0x24, 0x92, 0x7B, 0xD4, 0xEE, 0x66, 0x36,
    0x1B, 0x28, 0x9B, 0x5D, 0x98, 0x1F, 0xCC, 0x21, 0xEB, 0x07, 0xC0, 0x7C, 0x18, 0x00, 0xA4, 0x53,
    0xB6, 0xEB, 0xF1, 0xF9, 0x98, 0xCC, 0x65, 0x02, 0x8A, 0x99, 0x54, 0xC7, 0xCE, 0xDA, 0x38, 0xBB,
    0x7A, 0xEC, 0x69, 0xCC, 0xFD, 0x7D, 0xFD, 0x6C, 0x17, 0x46, 0xBA, 0xA5, 0x8D, 0xD2, 0xD8, 0x8E,
    0x5D, 0xB2, 0x7E, 0xF5, 0x56, 0x32, 0x92, 0x0E, 0xEA, 0x5A, 0x4C, 0x15, 0xA6, 0x83, 0x7D, 0x6D,
    0xC0, 0xD9, 0x0A, 0x8A, 0x02, 0xB0, 0x87, 0xC7, 0x7D, 0x67, 0xC6, 0x93, 0x73, 0xAD, 0x77, 0x67,
    0x85, 0x5A, 0xE0, 0x5F, 0x27, 0x40, 0x46, 0xA0, 0x6E, 0x00, 0x8A, 0xBF, 0x18, 0xC0, 0xFD, 0x30,
    0xCE, 0x58, 0xFF, 0xF3, 0xB4, 0x81, 0x3A, 0x88, 0x5D, 0x34, 0x23, 0x59, 0x97, 0x44, 0xAC, 0xE7,
    0x90, 0xA2, 0xC2, 0xE1, 0xD4, 0xBA, 0xDB, 0xEA, 0x5C, 0x9C, 0xC7, 0xA1, 0x0E, 0xBE, 0x1E, 0x12,
    0xF1, 0xC7, 0xAE, 0x39, 0x1E, 0x85, 0x5C, 0xF4, 0xBC, 0x0A, 0xCE, 0x03, 0x25, 0x24, 0x02, 0xF9,
    0x04, 0xC5, 0xC9, 0x9F, 0xE7, 0x97, 0x22, 0xD1, 0x69, 0xD9, 0xBB, 0x1E, 0xAF, 0x90, 0x85, 0x1D,
    0x6C, 0xFF, 0x05, 0x4A, 0x0F, 0x35, 0xB0, 0x00, 0xA3, 0x49, 0x04, 0xB0, 0x3D, 0xB8, 0xF5, 0xEE,
    0x69, 0xDE, 0x7D, 0x2E, 0x0F, 0x7C, 0xCE, 0x76, 0x7C, 0xC9, 0x79, 0xAE, 0xB4, 0x7B, 0x7B, 0x07,
    0xAD, 0x48, 0xAC, 0x65, 0xF6, 0x81, 0x93, 0xFF, 0x39, 0xD9, 0xB8, 0x6E, 0xC3, 0xC3, 0x0B, 0xDC,
    0x7B, 0xFE, 0xC6, 0x89, 0xF8, 0xDD, 0xBD, 0x9A, 0x1D, 0xEE, 0xF0, 0x6A, 0x32, 0x82, 0x59, 0xD7,
    0x5D, 0x7F, 0xF7, 0x4B, 0x46, 0x2A, 0x13, 0x92, 0xCE, 0x7A, 0xD3, 0xB9, 0x2A, 0xEF, 0x6A, 0x11,
    0xEF, 0x44, 0x1A, 0xB2, 0x0E, 0x6C, 0x58, 0x15, 0xDD, 0xE6, 0xA1, 0xBA, 0xBA, 0x8D, 0xAE, 0x09,
    0xD2, 0x63, 0x5D, 0x1D, 0xF7, 0xEC, 0x3E, 0x97, 0x6D, 0xE9, 0xAA, 0x4F, 0xEA, 0x7A, 0xF0, 0xAF,
    0x62, 0x37, 0xE7, 0xF5, 0x6B, 0x3D, 0xD5, 0x43, 0xF5, 0xF4, 0xA7, 0xF5, 0xA4, 0x4D, 0xD6, 0x98,
    0xBE, 0xA8, 0xD2, 0x71, 0x1F, 0xDA, 0x11, 0xCA, 0x00, 0xB9, 0x3F, 0xA5, 0x69, 0x77, 0xEF, 0xFA,
    0xB8, 0xA5, 0xA9, 0xD9, 0x24, 0x3F, 0x6E, 0x34, 0xB9, 0xCD, 0x6E, 0x33, 0x6E, 0x69, 0x6A, 0x4E,
    0xF7, 0x55, 0xC2, 0x39, 0x6C, 0xB5, 0x4B, 0xDE, 0xC5, 0xD5, 0x25, 0x2A, 0xEB, 0xE3, 0x3F, 0xCD,
    0x89, 0x70, 0xEB, 0xBE, 0xBA, 0xB2, 0xD6, 0xF6, 0xCA, 0xFD, 0xB4, 0x0D, 0xDB, 0xDA, 0x2E, 0x6F,
    0xFA, 0x2A, 0x5D, 0xA8, 0x00, 0x4F, 0x7B, 0xA3, 0x23, 0xA6, 0x3E, 0x1D, 0xF4, 0xD0, 0x67, 0x29,
    0x9B, 0xEF, 0x52, 0xFF, 0x0F, 0xDD, 0x9A, 0x31, 0x8C, 0x24, 0xC7, 0x75, 0x86, 0xBF, 0xEE, 0xDE,
    0x63, 0x8B, 0x6A, 0x4B, 0x75, 0x01, 0x29, 0x1B, 0x3A, 0x88, 0x7D, 0x01, 0x03, 0x03, 0x36, 0xD5,
    0x0A, 0x18, 0x30, 0xB8, 0xDB, 0x2A, 0x99, 0xA1, 0x02, 0x2F, 0xE0, 0x5B, 0x32, 0xB8, 0x40, 0xCE,
    0x65, 0x60, 0x15, 0x30, 0xA0, 0x81, 0xBB, 0xED, 0x96, 0x12, 0x07, 0x4A, 0xE8, 0x80, 0x4A, 0xA5,
    0xD4, 0x4E, 0xAC, 0x80, 0x01, 0x05, 0xEC, 0xEE, 0x14, 0xAC, 0x1C, 0x6A, 0xD8, 0xA6, 0x14, 0x38,
    0x50, 0xCB, 0x38, 0x42, 0xB6, 0x12, 0x95, 0x8C, 0x3E, 0xAB, 0x4F, 0xA8, 0x99, 0xE7, 0x79, 0x35,
    0x3D, 0xB7, 0x83, 0x5B, 0xAE, 0x79, 0x07, 0x9E, 0x78, 0x92, 0x1F, 0xAE, 0xBE, 0xF7, 0x6E, 0x30,
    0xD3, 0x53, 0xFF, 0xEB, 0xAE, 0xEE, 0x57, 0xF3, 0x16, 0x20, 0x73, 0xCA, 0x22, 0x3C, 0xCA, 0xB2,
    0xE7, 0x39, 0xB9, 0x67, 0x3C, 0xAD, 0xC8, 0x11, 0xB9, 0x1C, 0x4A, 0xA4, 0x0A, 0x98, 0x91, 0xDA,
    0x53, 0x44, 0xAC, 0x23, 0x5B, 0xD2, 0x02, 0x2B, 0x4E, 0x81, 0x96, 0x08, 0xD8, 0x4B, 0xB9, 0x04,
    0x8E, 0x59, 0x00, 0xCB, 0xF4, 0xD9, 0x48, 0xE3, 0x29, 0x46, 0x4C, 0xC0, 0x0C, 0x94, 0x72, 0x28,
    0x1D, 0x88, 0x2C, 0x81, 0x6B, 0xF2, 0x0E, 0x00, 0x2F, 0x00, 0xF6, 0xE1, 0xB8, 0x72, 0x70, 0x33,
    0x93, 0xD5, 0xFB, 0x95, 0xC8, 0x50, 0x77, 0x75, 0x6F, 0x29, 0xC2, 0x29, 0xF9, 0x14, 0xC9, 0x62,
    0x84, 0x87, 0x63, 0x49, 0x36, 0x2D, 0xC8, 0x47, 0xDB, 0x95, 0xA1, 0xB9, 0x7F, 0xE4, 0x2B, 0x11,
    0x58, 0xDC, 0x23, 0xD9, 0x81, 0x22, 0x9B, 0x94, 0xC4, 0x73, 0xE6, 0x63, 0x2B, 0x5D, 0x2D, 0x43,
    0xBB, 0xA2, 0x5E, 0x25, 0xFD, 0xF1, 0xE9, 0x71, 0xD4, 0x2F, 0xCC, 0x53, 0xC0, 0x4A, 0x53, 0xC8,
    0xE2, 0x97, 0x8B, 0x1E, 0x1A, 0x11, 0x07, 0xB9, 0xEC, 0x4E, 0x2D, 0x6E, 0x91, 0xC5, 0xEC, 0x80,
    0xDB, 0xA1, 0x0D, 0xA5, 0xF8, 0x36, 0xE4, 0xA2, 0x07, 0xB3, 0x8F, 0x8F, 0x09, 0x21, 0x5B, 0xDD,
    0x96, 0x77, 0x10, 0x39, 0x8A, 0x34, 0x53, 0x3D, 0x91, 0xEC, 0x9B, 0xBC, 0xCD, 0xC6, 0x4E, 0xF2,
    0x71, 0x8E, 0xEC, 0xD7, 0xFA, 0x39, 0x32, 0xE2, 0xE6, 0xA8, 0x58, 0xB1, 0xB5, 0xC8, 0x47, 0xDA,
    0x9F, 0xC9, 0xCA, 0x51, 0x88, 0x88, 0x6B, 0x45, 0x26, 0x4A, 0x11, 0xE9, 0x8A, 0xFB, 0xDF, 0x10,
    0xCA, 0x0F, 0x0E, 0x5B, 0x57, 0x04, 0x5A, 0x5F, 0x7A, 0xCE, 0x28, 0xF4, 0xFC, 0x96, 0xDD, 0x26,
    0x1F, 0x45, 0x28, 0x5C, 0x31, 0x6A, 0x94, 0x4F, 0x50, 0x0D, 0x1A, 0x65, 0x11, 0x8C, 0x9F, 0xB3,
    0x85, 0x75, 0xDB, 0xE8, 0x8C, 0x39, 0xCA, 0x22, 0xE7, 0xB9, 0x9C, 0xA3, 0x6A, 0x48, 0x51, 0x36,
    0x51, 0xFB, 0x14, 0xE5, 0x23, 0xD6, 0xD1, 0xA5, 0xEF, 0xE0, 0x8C, 0xAC, 0xD7, 0xEF, 0xED, 0xB3,
    0x48, 0xA1, 0x91, 0xED, 0x8A, 0x51, 0xA3, 0xFB, 0xB7, 0x57, 0x54, 0xF7, 0x0F, 0x6F, 0x7B, 0x2B,
    0x32, 0x62, 0x44, 0xC4, 0xB7, 0xF2, 0x5B, 0xA8, 0x74, 0xF6, 0x3C, 0x62, 0x2E, 0x23, 0x59, 0x36,
    0x54, 0x1D, 0xC9, 0xC6, 0x7A, 0x9B, 0xBC, 0x9B, 0x1B, 0xFD, 0xD8, 0x13, 0x92, 0x7C, 0x4C, 0xE0,
    0x9A, 0xAA, 0xA7, 0x1C, 0x48, 0xE2, 0x81, 0x8D, 0xF6, 0x39, 0x28, 0x03, 0xB0, 0x51, 0x5E, 0x8A,
    0x84, 0x24, 0x7C, 0x0E, 0x88, 0xE5, 0xBB, 0x5F, 0xEF, 0x37, 0x81, 0xAB, 0xBB, 0x4D, 0xC0, 0x3E,
    0x29, 0xD8, 0xBD, 0x9E, 0x66, 0xC9, 0x55, 0x3F, 0x2B, 0xAE, 0xBB, 0xF9, 0xC5, 0x96, 0xAB, 0x49,
    0x2F, 0x91, 0xB7, 0x36, 0x72, 0x03, 0x63, 0x31, 0x7E, 0x61, 0x45, 0x35, 0x5C, 0x19, 0x9B, 0x59,
    0x6C, 0x50, 0xAD, 0x1A, 0x0C, 0x00, 0xF4, 0x45, 0x07, 0x90, 0x85, 0xCA, 0xC3, 0xB5, 0xC0, 0x54,
    0x3B, 0x58, 0x04, 0xEE, 0x5A, 0xE0, 0x1B, 0x41, 0xB5, 0x6D, 0x24, 0x8C, 0xE7, 0x0A, 0xD4, 0xE3,
    0x66, 0x0F, 0x5C, 0xF9, 0xAB, 0xE4, 0x33, 0x91, 0x50, 0x8A, 0x8C, 0xD5, 0xEC, 0xEB, 0xBE, 0x0C,
    0xE5, 0x07, 0xB7, 0x07, 0xBD, 0x1E, 0x4B, 0x67, 0xFC, 0xB1, 0x7A, 0x2C, 0x27, 0xE9, 0x73, 0xA7,
    0xC4, 0x59, 0x40, 0xF2, 0xE5, 0xB0, 0xF1, 0xC6, 0x6F, 0xBC, 0x85, 0x33, 0xF5, 0x27, 0xDC, 0x68,
    0x29, 0x43, 0x3E, 0x72, 0xC7, 0xF6, 0x47, 0x41, 0xDF, 0x66, 0xE4, 0xB7, 0xF2, 0x63, 0x91, 0x29,
    0x93, 0xBF, 0x97, 0xEF, 0x24, 0x41, 0x1E, 0x23, 0xB1, 0x15, 0x87, 0x91, 0x31, 0xCD, 0xC9, 0xF2,
    0xB4, 0x5D, 0xB6, 0x71, 0x65, 0x97, 0x5C, 0xB5, 0x71, 0x46, 0xDD, 0xFD, 0xC3, 0x23, 0x67, 0x69,
    0x44, 0x04, 0x4B, 0xAB, 0x6E, 0x9F, 0x64, 0xC7, 0xBB, 0x4B, 0x27, 0x9F, 0x94, 0x54, 0x41, 0xC9,
    0xA2, 0xDF, 0x7D, 0x47, 0x36, 0x2A, 0x8B, 0xA8, 0x42, 0x94, 0x8E, 0x6C, 0x23, 0x83, 0x0B, 0xBC,
    0xA5, 0xAC, 0xA3, 0xB2, 0x49, 0xE4, 0xE3, 0x99, 0x25, 0x96, 0x4E, 0x69, 0xB6, 0xD4, 0x69, 0x13,
    0xD3, 0xAC, 0x63, 0x2B, 0xB2, 0x22, 0x02, 0xEC, 0x32, 0xCD, 0x78, 0xBE, 0x62, 0x9B, 0x1E, 0xC8,
    0xC4, 0x01, 0x4C, 0x5C, 0x0B, 0xD9, 0xB8, 0x08, 0x45, 0xFC, 0xE3, 0xF5, 0x28, 0xC2, 0x66, 0xAE,
    0xE7, 0x43, 0xE7, 0xA8, 0x33, 0x4C, 0xF3, 0x7B, 0xEC, 0xD1, 0x88, 0x8B, 0xB2, 0x1E, 0xC0, 0x3C,
    0xF4, 0xFB, 0xCB, 0x90, 0xBE, 0x3B, 0x7D, 0xF3, 0xC4, 0x62, 0xA2, 0x92, 0x69, 0x21, 0xBE, 0x5D,
    0x52, 0xC9, 0xB0, 0x10, 0x57, 0xC8, 0x7C, 0x7A, 0x0A, 0xE9, 0xB6, 0x41, 0x3F, 0x07, 0xBF, 0x09,
    0x73, 0xF0, 0xDF, 0xD3, 0x1C, 0x84, 0xB8, 0x0D, 0xDA, 0x6D, 0xD0, 0xB8, 0x39, 0x30, 0x7E, 0x0E,
    0x8A, 0x61, 0x0E, 0xF2, 0x71, 0x0E, 0x88, 0xDB, 0x60, 0x7F, 0x1B, 0x34, 0xED, 0x1C, 0x18, 0x99,
    0x83, 0x62, 0x1B, 0xE4, 0x29, 0x68, 0xA4, 0x23, 0x05, 0x8B, 0xCD, 0xC4, 0x06, 0x00, 0xAE, 0x52,
    0x6E, 0x02, 0x30, 0x7E, 0x0E, 0x9A, 0x6E, 0x0E, 0x16, 0xB3, 0xAF, 0x96, 0x24, 0x3B, 0x7F, 0x2F,
    0xB5, 0x23, 0x99, 0xF5, 0x29, 0x05, 0xA3, 0x9D, 0x33, 0x50, 0xBB, 0x52, 0xC0, 0xC2, 0xAC, 0x5F,
    0xBD, 0x57, 0x3F, 0xAB, 0xBF, 0xE2, 0x92, 0xF8, 0x4C, 0x7C, 0xD2, 0x9E, 0xAB, 0x57, 0xE9, 0xC6,
    0x27, 0xE5, 0xC9, 0x1B, 0xBF, 0xF1, 0xE5, 0x90, 0x7C, 0x92, 0xAD, 0x9E, 0x38, 0xFB, 0xE3, 0xD9,
    0x37, 0xB3, 0x37, 0xB2, 0xF1, 0xE5, 0xEC, 0x73, 0xF5, 0xAA, 0x57, 0x7D, 0x92, 0x3B, 0x8B, 0xBB,
    0x3A, 0x7B, 0xA8, 0xD5, 0xEF, 0x68, 0x6D, 0x13, 0xC9, 0x67, 0xA5, 0xF5, 0x38, 0xE7, 0xA4, 0xDB,
    0x95, 0x8B, 0xF5, 0xBB, 0x2E, 0xBD, 0x78, 0xD1, 0x32, 0xF7, 0xA2, 0xE3, 0x8A, 0x6B, 0xFF, 0x43,
    0xC6, 0x4C, 0xBC, 0xFC, 0x4A, 0x62, 0x2E, 0xBE, 0x5C, 0xB1, 0xD2, 0xC9, 0x8D, 0xB4, 0xEA, 0x02,
    0xF6, 0x13, 0xB8, 0x46, 0x32, 0x09, 0xC6, 0xB7, 0x52, 0xC8, 0x38, 0x0B, 0x9A, 0x5D, 0xED, 0x77,
    0x55, 0xB5, 0xB3, 0xA6, 0x5D, 0x49, 0xAA, 0xE8, 0x73, 0xBC, 0x94, 0xA6, 0x7F, 0x0C, 0x54, 0x3F,
    0x9F, 0x80, 0x42, 0x06, 0x00, 0xF1, 0xCA, 0x86, 0x47, 0xED, 0x39, 0xAF, 0x34, 0xBD, 0xB2, 0x19,
    0x94, 0x36, 0x28, 0xFF, 0x76, 0x54, 0x8E, 0x11, 0xC8, 0x82, 0x32, 0x1F, 0x8E, 0x81, 0xC2, 0x5B,
    0xA0, 0x4A, 0x34, 0xAE, 0xEE, 0xA0, 0x4E, 0x13, 0x6C, 0x44, 0x7A, 0xB0, 0x22, 0x03, 0xF3, 0x2D,
    0x77, 0x4A, 0x75, 0x48, 0x20, 0x7B, 0xF8, 0x30, 0x19, 0x60, 0x45, 0xB3, 0xE2, 0x9A, 0xAE, 0x26,
    0x1A, 0x09, 0x7B, 0xBC, 0xC0, 0x3E, 0x27, 0x34, 0x7F, 0x11, 0x30, 0x3F, 0xED, 0xD3, 0x75, 0x85,
    0x00, 0x7F, 0xCA, 0xB9, 0xBD, 0xE8, 0x28, 0x65, 0xC2, 0xCA, 0x12, 0x61, 0x41, 0xC4, 0xF2, 0xC2,
    0x5C, 0x9F, 0x65, 0x0B, 0xA1, 0x16, 0xA1, 0xFD, 0xB0, 0x65, 0x89, 0x25, 0x62, 0x59, 0xD2, 0xB2,
    0xF8, 0xAE, 0xFC, 0xA7, 0x95, 0xEF, 0xC5, 0xEA, 0x41, 0x35, 0xFC, 0x80, 0xF7, 0x63, 0x3E, 0xDA,
    0xAA, 0xAF, 0xC5, 0x95, 0x2B, 0x98, 0xD8, 0x98, 0x95, 0x60, 0xA5, 0x27, 0xF2, 0xA4, 0xFF, 0x6A,
    0xFD, 0x60, 0xB8, 0x8A, 0x7B, 0x3B, 0x1F, 0x6E, 0x56, 0xBE, 0xF9, 0x4B, 0x67, 0x56, 0x14, 0x91,
    0x6C, 0x62, 0xB6, 0x5B, 0xD4, 0x91, 0xE6, 0x31, 0x0E, 0x55, 0x49, 0xDF, 0x48, 0xCF, 0x55, 0x5E,
    0x80, 0x3B, 0x9C, 0x82, 0xCD, 0x47, 0xA8, 0xFF, 0xBD, 0x87, 0x52, 0x3A, 0xC8, 0x56, 0x73, 0x4D,
    0xBA, 0x7B, 0xBE, 0x64, 0x80, 0x56, 0x24, 0xD5, 0xC7, 0xBD, 0x96, 0xC7, 0x41, 0xAB, 0xE3, 0x29,
    0x15, 0xB8, 0xA9, 0x36, 0x4E, 0xA5, 0x71, 0x04, 0xEC, 0x47, 0x21, 0x15, 0xC5, 0xA9, 0x26, 0x4E,
    0x9F, 0x48, 0x15, 0x71, 0x2A, 0x88, 0x37, 0xF5, 0xB0, 0xC8, 0x72, 0x53, 0x0D, 0x17, 0x9D, 0xA1,
    0xE8, 0xF7, 0xC9, 0xC7, 0x13, 0x58, 0x05, 0xB0, 0xFD, 0xBC, 0x66, 0x76, 0xEC, 0xCA, 0x01, 0x99,
    0xAC, 0xA8, 0x44, 0x7C, 0xDD, 0xD5, 0xC1, 0x52, 0x8C, 0x77, 0x9F, 0xAC, 0x40, 0xDE, 0x03, 0x8C,
    0xB3, 0x40, 0xD5, 0x47, 0xA0, 0xF8, 0x9F, 0x00, 0x20, 0xBD, 0xD2, 0xBA, 0xF4, 0x25, 0xEC, 0x1A,
    0x9C, 0x17, 0xCE, 0xD2, 0x3D, 0x83, 0xC2, 0xF9, 0xAD, 0x6C, 0x80, 0x3B, 0x45, 0x0F, 0x56, 0xD3,
    0x51, 0xFF, 0xD3, 0x7C, 0x17, 0x9D, 0x1F, 0x61, 0x7F, 0xCD, 0x8E, 0x65, 0x07, 0xBC, 0x88, 0x56,
    0xD4, 0x1B, 0x3C, 0x79, 0x45, 0x9D, 0x3F, 0x52, 0x51, 0x97, 0xB2, 0x02, 0x2A, 0x59, 0x02, 0xD9,
    0xE1, 0x2D, 0xB6, 0x56, 0xF6, 0x77, 0x01, 0x13, 0x64, 0xCB, 0xF9, 0x15, 0xF8, 0xFD, 0x4A, 0xDE,
    0x8B, 0x87, 0x0E, 0x5A, 0x19, 0x60, 0x21, 0x3D, 0x3B, 0x76, 0xB7, 0xEC, 0x41, 0x4C, 0x48, 0x98,
    0xFF, 0x0B, 0xBF, 0xD3, 0x5C, 0x6E, 0xED, 0xB3, 0x89, 0x56, 0x91, 0xAF, 0x94, 0xD5, 0x3D, 0xE5,
    0x95, 0xC7, 0xC9, 0xEB, 0xB3, 0xCF, 0x28, 0x74, 0x40, 0xD1, 0x03, 0xD5, 0x00, 0xD4, 0x7E, 0x2B,
    0xE6, 0x7D, 0xC5, 0xC1, 0xB3, 0xC9, 0x6D, 0xEE, 0x5F, 0x01, 0x8A, 0x30, 0x01, 0xC8, 0xA0, 0xB4,
    0xFE, 0x0F, 0x28, 0xAB, 0xD7, 0x71, 0x30, 0x15, 0x03, 0x9C, 0xA5, 0xA7, 0xDB, 0x02, 0xA8, 0x36,
    0xCF, 0xC2, 0x67, 0x7E, 0xC5, 0x96, 0x4E, 0x69, 0x86, 0xF3, 0xF2, 0x2D, 0x5B, 0xB8, 0xE4, 0x36,
    0xB9, 0x7D, 0x25, 0x65, 0xB5, 0x9D, 0xA9, 0xAF, 0xDC, 0xBC, 0x90, 0x5B, 0x93, 0x72, 0x6B, 0x9E,
    0x49, 0x6E, 0x5F, 0x06, 0x38, 0x51, 0xAC, 0x14, 0xAD, 0xDB, 0xD6, 0x38, 0xF9, 0xF0, 0x0C, 0xAF,
    0xD8, 0x43, 0xA8, 0x64, 0xA0, 0x95, 0xC8, 0x88, 0xE0, 0xB0, 0x0E, 0xEA, 0x0E, 0x8C, 0x3F, 0x3C,
    0xFC, 0xBA, 0x17, 0x91, 0x34, 0x22, 0xA6, 0x8B, 0xD4, 0xEE, 0x0C, 0x8B, 0xFD, 0xEE, 0x92, 0x5A,
    0x46, 0x72, 0xE9, 0xB6, 0x77, 0xE3, 0xDD, 0xFB, 0x33, 0xF0, 0x64, 0xF7, 0xE7, 0xD2, 0x93, 0x52,
    0xF1, 0x68, 0x29, 0x76, 0x77, 0x54, 0x8E, 0x93, 0x32, 0x9C, 0x00, 0x79, 0xB8, 0x9B, 0xD6, 0xBC,
    0x4D, 0x1F, 0x6A, 0x00, 0xD3, 0xA5, 0x52, 0xCC, 0x3D, 0x5A, 0x8A, 0xDD, 0x9D, 0x4F, 0x4C, 0x3E,
    0x92, 0x8D, 0x64, 0xEB, 0x60, 0xB7, 0x14, 0x13, 0x2D, 0xC5, 0x5A, 0xC1, 0x4A, 0xB8, 0x72, 0x78,
    0x40, 0x2D, 0x13, 0x8D, 0x8C, 0x6C, 0xAD, 0xFE, 0xEA, 0x88, 0xFD, 0x51, 0x4C, 0x43, 0x63, 0x78,
    0x7A, 0x65, 0xD9, 0x9C, 0xAF, 0x2A, 0xE5, 0xCB, 0x5C, 0xC8, 0xD7, 0x5C, 0x80, 0x5B, 0x7F, 0xCE,
    0x8B, 0x25, 0x79, 0xBE, 0x5B, 0xBA, 0x86, 0x8B, 0xA5, 0xEB, 0x9C, 0xAF, 0xDD, 0xD2, 0x35, 0xE5,
    0xCB, 0x7D, 0x7C, 0xE9, 0x9A, 0x5F, 0x52, 0xBA, 0x56, 0x9B, 0xD2, 0x55, 0xF3, 0x75, 0x8B, 0x46,
    0x22, 0x56, 0xE2, 0xCE, 0x43, 0x0C, 0x90, 0x34, 0x34, 0x7E, 0xBA, 0xF9, 0x82, 0x72, 0x93, 0x25,
    0x23, 0x11, 0x48, 0xF9, 0xBB, 0xC4, 0x8C, 0x24, 0x45, 0xD5, 0xC6, 0x65, 0xF2, 0xC1, 0x9B, 0x3D,
    0x14, 0x3F, 0xF3, 0x59, 0x0F, 0xE5, 0x8F, 0x93, 0x33, 0xC6, 0xE3, 0xE0, 0xCB, 0xAA, 0x1F, 0x6E,
    0x6C, 0xDC, 0xFB, 0x1B, 0x17, 0x8C, 0x08, 0x14, 0x43, 0x72, 0xA5, 0x37, 0x1F, 0xDC, 0x4A, 0x87,
    0xF4, 0x40, 0xBD, 0x71, 0xFB, 0xEB, 0x05, 0x01, 0x9C, 0x60, 0x3C, 0xDF, 0x64, 0x52, 0xF7, 0x5E,
    0x1E, 0xD4, 0x8D, 0xC5, 0x80, 0xF9, 0xE0, 0x8D, 0xB1, 0x59, 0xB1, 0x10, 0x09, 0x0B, 0xC9, 0x45,
    0xF3, 0x5A, 0xCC, 0xCB, 0x42, 0x79, 0xD9, 0xC4, 0x5F, 0xD4, 0x35, 0x5D, 0x4A, 0xB0, 0x9A, 0xD4,
    0x49, 0x04, 0x61, 0x31, 0xD8, 0x6E, 0x89, 0xF5, 0xB5, 0xFF, 0x1B, 0x6C, 0xBA, 0xB6, 0x6D, 0x76,
    0xE4, 0xF9, 0xC2, 0x42, 0xC4, 0x97, 0x22, 0xBF, 0xBC, 0x85, 0xBD, 0x67, 0x81, 0x33, 0x94, 0x91,
    0xA6, 0x43, 0x13, 0xD8, 0xA3, 0xA9, 0x7B, 0xF0, 0x46, 0x67, 0xE5, 0x5F, 0x44, 0x5C, 0xB5, 0xE4,
    0xE8, 0x01, 0x64, 0xB2, 0x46, 0x23, 0xD2, 0x65, 0xF2, 0xEE, 0xA2, 0x2B, 0x03, 0xA6, 0x33, 0x1E,
    0xE3, 0x1A, 0x30, 0xEC, 0x6F, 0x4F, 0x1F, 0x27, 0x8A, 0xB8, 0xC1, 0x73, 0xFF, 0xF8, 0xFD, 0x48,
    0x25, 0x21, 0xB2, 0xFE, 0xDA, 0x25, 0x18, 0x7F, 0x46, 0x21, 0xD2, 0x2A, 0x6C, 0x87, 0xF1, 0xF5,
    0xB0, 0x46, 0xB9, 0x3A, 0x5C, 0xF8, 0x4C, 0x34, 0x35, 0xD7, 0xE4, 0xBF, 0x20, 0xBB, 0x75, 0xC5,
    0xD1, 0xA8, 0x6C, 0x3D, 0x01, 0x79, 0x2C, 0x82, 0x2B, 0x02, 0x13, 0x6B, 0xC4, 0x0D, 0xF2, 0x31,
    0x8B, 0xB0, 0xBA, 0x3D, 0xCE, 0xB5, 0x90, 0xAC, 0x1C, 0x79, 0x00, 0x8A, 0x84, 0xE5, 0xA1, 0x23,
    0x13, 0x59, 0x81, 0x88, 0x74, 0xE5, 0x40, 0xED, 0x65, 0x6D, 0x31, 0xC1, 0xA4, 0x2D, 0xEF, 0xFD,
    0xDB, 0x51, 0x27, 0x31, 0x40, 0xBB, 0x04, 0xAE, 0x72, 0x15, 0xEE, 0x10, 0xC1, 0xEA, 0x21, 0xCC,
    0xCF, 0x3C, 0x94, 0x02, 0x64, 0x4B, 0x80, 0x97, 0xD9, 0xB5, 0x7C, 0x4E, 0x84, 0x5B, 0x27, 0xA2,
    0x4D, 0x89, 0x70, 0xDB, 0x44, 0x54, 0x97, 0x24, 0x22, 0xC1, 0xC8, 0x98, 0xB2, 0xB1, 0x49, 0x84,
    0xA2, 0x55, 0x58, 0xAF, 0x89, 0x18, 0x35, 0x11, 0xF2, 0x4B, 0x79, 0x98, 0x88, 0x7B, 0x64, 0xEC,
    0x51, 0xF8, 0x9B, 0x14, 0xC3, 0x44, 0xA6, 0x65, 0xFD, 0xC2, 0x43, 0xE3, 0xE0, 0x0A, 0xBB, 0xCB,
    0xE2, 0x56, 0x2E, 0x22, 0x46, 0x44, 0x1A, 0x6F, 0xF7, 0x2C, 0x75, 0x67, 0x31, 0x5E, 0x47, 0xD3,
    0xD5, 0xDE, 0x7C, 0xB8, 0x70, 0x7A, 0xF1, 0x18, 0xB9, 0x47, 0x03, 0x58, 0x1D, 0xEB, 0x0B, 0xB2,
    0x16, 0xD1, 0xEB, 0x73, 0xB2, 0x64, 0xF1, 0x04, 0x62, 0x24, 0x9B, 0x96, 0x94, 0x61, 0xF1, 0xEE,
    0xA2, 0xB7, 0x22, 0xDA, 0x47, 0x80, 0x3D, 0xF6, 0x80, 0x9B, 0x1C, 0x03, 0xCD, 0xB7, 0x26, 0xA0,
    0xFA, 0x45, 0x48, 0x09, 0xF0, 0x00, 0x0B, 0x05, 0x7F, 0x72, 0xA1, 0x40, 0xF6, 0x22, 0x6B, 0xBA,
    0x76, 0x49, 0xFA, 0x81, 0x53, 0xD9, 0xB2, 0x66, 0x16, 0x95, 0x65, 0x50, 0x36, 0x5E, 0x79, 0x06,
    0xFA, 0x83, 0x8F, 0x52, 0x86, 0x73, 0xFE, 0x66, 0x4A, 0xAF, 0xAF, 0x94, 0x61, 0xE1, 0x94, 0x4D,
    0xAF, 0xAC, 0x46, 0x65, 0xBE, 0x52, 0xB2, 0xE8, 0x94, 0x4D, 0xFA, 0xF5, 0xA6, 0x5C, 0xEA, 0xF7,
    0x72, 0xC6, 0x55, 0x1C, 0x8C, 0xF9, 0x00, 0xA7, 0x95, 0x07, 0xFB, 0x75, 0x07, 0x26, 0x1D, 0x28,
    0x5E, 0xD8, 0x5C, 0xF0, 0x5C, 0x04, 0x1A, 0xC5, 0x17, 0x14, 0x5C, 0x0E, 0x23, 0x3D, 0xF1, 0x39,
    0xE9, 0x88, 0xF9, 0x04, 0xB1, 0xEA, 0x21, 0x5A, 0x52, 0xDE, 0x40, 0x46, 0x60, 0xA9, 0x51, 0x6C,
    0x15, 0xAA, 0x2D, 0x9A, 0x00, 0xB1, 0x88, 0x10, 0x11, 0x57, 0x49, 0x67, 0x87, 0x46, 0x7C, 0x35,
    0x6C, 0xB7, 0x9F, 0xAB, 0xB4, 0xFD, 0xF4, 0x17, 0xB7, 0x9F, 0x2C, 0x4F, 0x81, 0xE3, 0xC7, 0xDD,
    0x7E, 0x5A, 0xFD, 0xAC, 0xD1, 0xA3, 0x94, 0xBA, 0x9D, 0xCD, 0x44, 0xC4, 0x71, 0x4D, 0x92, 0xB0,
    0x1E, 0x68, 0x61, 0x57, 0x88, 0xDC, 0xDA, 0xEE, 0x6D, 0xEB, 0xF1, 0xD2, 0xDD, 0xE7, 0xC9, 0xC5,
    0xDD, 0x67, 0x5C, 0x90, 0x4F, 0xF3, 0xEE, 0x73, 0xD0, 0xF7, 0x67, 0x8B, 0x15, 0x54, 0x23, 0xA8,
    0x58, 0xCB, 0x3C, 0xFE, 0x0D, 0xEA, 0x08, 0xE5, 0x04, 0xFA, 0x3C, 0xC4, 0xCA, 0xA4, 0x18, 0x79,
    0xD4, 0x7E, 0x8F, 0xB2, 0x50, 0x88, 0xE8, 0xD8, 0xBD, 0xAD, 0xFE, 0x6E, 0x33, 0xE3, 0x70, 0x45,
    0x5F, 0xF6, 0xF9, 0x58, 0x77, 0xAC, 0x8E, 0xC1, 0x4E, 0x50, 0x05, 0xC8, 0x3A, 0xB6, 0x56, 0x8B,
    0x44, 0x1D, 0xCD, 0xE1, 0x9B, 0x63, 0x43, 0xD5, 0x7F, 0x89, 0xC6, 0xED, 0x71, 0x0A, 0xF9, 0x08,
    0xD5, 0x00, 0xB5, 0x38, 0x6A, 0xE9, 0xE1, 0x28, 0x40, 0x31, 0x41, 0x16, 0x81, 0x87, 0xE3, 0x55,
    0xB2, 0xE9, 0x2E, 0x65, 0x68, 0x3F, 0x3C, 0xEA, 0x6B, 0x11, 0x97, 0xCF, 0x77, 0x93, 0xCA, 0xDD,
    0xA4, 0xF4, 0x91, 0xFC, 0xD7, 0x01, 0xA4, 0x87, 0xD6, 0x43, 0x0D, 0xBB, 0x66, 0x45, 0xBC, 0x8E,
    0x9B, 0x87, 0xAD, 0xBB, 0xC1, 0x29, 0xAF, 0x65, 0x23, 0x94, 0x03, 0x98, 0x0E, 0xF6, 0x81, 0x25,
    0x90, 0x36, 0xA0, 0x11, 0x32, 0x01, 0x6C, 0x07, 0xB5, 0x07, 0xF3, 0x70, 0x5C, 0xA7, 0xEE, 0xEE,
    0x60, 0x69, 0xDF, 0x58, 0xA6, 0x82, 0x48, 0x57, 0xCE, 0x1E, 0x2F, 0xD4, 0x9C, 0x98, 0x6F, 0x87,
    0xF2, 0xA7, 0x7D, 0x2E, 0x1D, 0x8B, 0x9D, 0x5B, 0xC7, 0x8B, 0x94, 0x42, 0x25, 0x60, 0x9F, 0xE4,
    0xDF, 0x99, 0xAA, 0xAE, 0x46, 0xDA, 0x9E, 0xFD, 0xFF, 0xDF, 0xCD, 0xAD, 0xA4, 0x0D, 0x20, 0x49,
    0x03, 0xE6, 0xC6, 0x15, 0x7C, 0x6C, 0xE3, 0xAA, 0xB8, 0xD8, 0xB8, 0xFA, 0xE0, 0x62, 0xE3, 0xCA,
    0x3E, 0xDA, 0xB8, 0xCA, 0x2F, 0x6F, 0x5C, 0xD9, 0x0B, 0x8D, 0xAB, 0x91, 0xF7, 0x2E, 0x6F, 0x5C,
    0x85, 0xD4, 0xA8, 0x4A, 0xB6, 0x98, 0xFD, 0x37, 0x66, 0x5F, 0x5C, 0xE6, 0x2F, 0x34, 0xAA, 0x8A,
    0x8B, 0x8D, 0xAA, 0x70, 0x69, 0xA3, 0x6A, 0x9E, 0x79, 0xF2, 0x65, 0xF8, 0xE8, 0x46, 0xD5, 0xE9,
    0xA6, 0x51, 0x95, 0x4D, 0x73, 0xA3, 0x2A, 0x5C, 0x6C, 0x54, 0x01, 0x57, 0x01, 0xDE, 0x63, 0xB3,
    0x6E, 0x69, 0x46, 0x40, 0x3A, 0xE0, 0x1E, 0xBB, 0xB6, 0x5B, 0x18, 0x1D, 0x75, 0xE5, 0x48, 0xA5,
    0x85, 0x51, 0xD9, 0x35, 0x8E, 0xC2, 0xD9, 0xCB, 0xEB, 0x81, 0x52, 0x46, 0x45, 0x58, 0x42, 0xE9,
    0xCF, 0x14, 0xAD, 0x5B, 0xC3, 0xFA, 0x35, 0xEA, 0x89, 0x52, 0xEB, 0x81, 0xC5, 0x4E, 0x3D, 0xB0,
    0xB1, 0x1F, 0x00, 0x13, 0x14, 0x23, 0x54, 0xF3, 0xAA, 0x7C, 0x09, 0xD8, 0xFB, 0x14, 0xEA, 0x81,
    0xCC, 0x01, 0x14, 0x43, 0x62, 0xE4, 0xBC, 0xC9, 0x54, 0x7B, 0x25, 0x1D, 0xBB, 0x36, 0x37, 0x80,
    0x52, 0xEF, 0xE3, 0xDE, 0xDC, 0xFA, 0x91, 0x2E, 0xB1, 0x57, 0xA6, 0x9E, 0xC7, 0xB6, 0xDD, 0x13,
    0x13, 0xDB, 0xC4, 0xC6, 0x29, 0x75, 0xCE, 0xA9, 0xBF, 0x73, 0xDE, 0xDC, 0x89, 0x89, 0xFB, 0x89,
    0x4D, 0xBB, 0xD3, 0xD0, 0x49, 0xCC, 0x65, 0xEE, 0xE3, 0x6C, 0xBA, 0x1A, 0x6C, 0xCF, 0x1F, 0x60,
    0x14, 0x4D, 0x07, 0xD4, 0x3D, 0xCC, 0xCB, 0x23, 0x2A, 0xFE, 0xFC, 0x42, 0x77, 0x42, 0x7B, 0x13,
    0x68, 0x67, 0x82, 0xD4, 0x97, 0x28, 0x46, 0xDA, 0x27, 0xDB, 0x1D, 0x37, 0x92, 0xC9, 0x98, 0xFA,
    0x0F, 0x0F, 0x67, 0xA0, 0x11, 0xE5, 0x74, 0xBE, 0xC3, 0x5A, 0x39, 0xE5, 0x81, 0x82, 0x8C, 0xF3,
    0xFD, 0x6A, 0x3B, 0x29, 0xC7, 0x13, 0x65, 0xB8, 0x71, 0xCE, 0xBB, 0xEF, 0x29, 0x9B, 0x90, 0x38,
    0x2A, 0x6F, 0x4C, 0xCA, 0xB7, 0xA3, 0x72, 0xBC, 0xAB, 0x0C, 0x16, 0xC8, 0x07, 0x65, 0xD1, 0xAB,
    0xD8, 0xD2, 0xA7, 0xBB, 0x71, 0x67, 0x7A, 0xD2, 0xF9, 0x85, 0x46, 0x24, 0xC0, 0xBE, 0x8A, 0xE2,
    0x0E, 0x79, 0x84, 0x09, 0x22, 0xD9, 0x08, 0x2B, 0xF2, 0x00, 0x0B, 0x6A, 0x71, 0xDA, 0xB2, 0x12,
    0xD7, 0xC8, 0x08, 0x4E, 0x8F, 0x02, 0x6D, 0x4F, 0x21, 0x8E, 0xFC, 0x80, 0x64, 0xB9, 0x74, 0x94,
    0x32, 0x60, 0xB4, 0xED, 0xC0, 0x7A, 0xFC, 0x24, 0x50, 0x4A, 0x4F, 0xB6, 0x7A, 0x9A, 0xFB, 0xB5,
    0xF3, 0xBA, 0x3B, 0x26, 0x96, 0x91, 0x73, 0xF9, 0x2C, 0x1C, 0x29, 0x85, 0x7F, 0x08, 0xBB, 0xB7,
    0xAD, 0xBD, 0x9A, 0x78, 0xA2, 0xC8, 0xE2, 0xF9, 0x8D, 0xAE, 0xEA, 0x95, 0xE6, 0xD3, 0xDE, 0xCF,
    0x25, 0x9B, 0x97, 0xC0, 0xBC, 0xCF, 0xA9, 0xA2, 0xB2, 0x1D, 0x94, 0x3F, 0xE4, 0x11, 0xCB, 0x16,
    0x0F, 0xE8, 0x34, 0x07, 0xFF, 0xDA, 0xB3, 0xBE, 0x2D, 0x88, 0xCB, 0x23, 0xD5, 0x8A, 0x32, 0x50,
    0xAC, 0x54, 0x7C, 0x29, 0xD4, 0x9E, 0x66, 0xD1, 0x35, 0x8E, 0xB3, 0xDA, 0x5B, 0xF2, 0xC9, 0xAC,
    0x59, 0x0D, 0xCA, 0xA6, 0x53, 0x9E, 0xB1, 0x66, 0x3E, 0x29, 0xBF, 0x36, 0x50, 0x77, 0xCD, 0xAF,
    0x1C, 0x96, 0x7A, 0x09, 0x2D, 0x66, 0x82, 0xA5, 0x1E, 0xB0, 0x98, 0x68, 0xE4, 0xC3, 0xA3, 0x81,
    0x3B, 0xAD, 0x88, 0xE3, 0x7A, 0xBA, 0xF5, 0xCC, 0xF6, 0x79, 0x45, 0xE3, 0x00, 0x0B, 0xB0, 0x04,
    0xF2, 0x11, 0x28, 0x7A, 0x76, 0x2D, 0x4B, 0x05, 0x9E, 0x7C, 0x07, 0xCD, 0x3F, 0x55, 0x28, 0x22,
    0xC6, 0xE7, 0x4B, 0x1A, 0x57, 0xAD, 0xB0, 0xEC, 0xB7, 0x58, 0x46, 0x8B, 0x2D, 0xFA, 0x35, 0x8C,
    0x5B, 0xE3, 0x94, 0x63, 0x9A, 0xC0, 0xE9, 0xE6, 0x19, 0x5D, 0x3F, 0xB8, 0x1D, 0x38, 0x16, 0xF1,
    0x5C, 0x6F, 0xCE, 0x33, 0xE5, 0x9F, 0x07, 0x8A, 0x50, 0x3B, 0x28, 0x62, 0xDD, 0x03, 0x52, 0x8E,
    0x40, 0xED, 0xD3, 0x3C, 0xFA, 0x97, 0x2E, 0xF9, 0x7D, 0x65, 0x50, 0xD6, 0x41, 0x69, 0x77, 0xD6,
    0xEE, 0xFB, 0xE7, 0x6B, 0x37, 0x0B, 0xFB, 0x40, 0x31, 0x58, 0xA5, 0x57, 0x7D, 0x95, 0x37, 0x1D,
    0x9B, 0x1D, 0x36, 0xF5, 0xF6, 0xF7, 0x95, 0x00, 0x37, 0x29, 0x02, 0x9C, 0x90, 0x4F, 0x30, 0x91,
    0xA5, 0xB5, 0x3B, 0x3F, 0xB4, 0x57, 0x9B, 0xB5, 0x3B, 0x58, 0x71, 0xB5, 0x84, 0xAF, 0x3C, 0x8F,
    0x4A, 0x24, 0x5A, 0xC7, 0xB1, 0xF1, 0x34, 0x65, 0x4F, 0xF5, 0xD5, 0x81, 0x9C, 0x83, 0xA7, 0xB4,
    0x3E, 0xF7, 0x00, 0x90, 0x1E, 0xD2, 0x81, 0xC0, 0x7C, 0x2B, 0xA6, 0x53, 0x74, 0x03, 0xD8, 0xE3,
    0x82, 0x95, 0x9D, 0xB2, 0xF1, 0x4A, 0xDB, 0x9F, 0x5F, 0x68, 0xBF, 0x09, 0xCA, 0x5F, 0x8F, 0x40,
    0x3E, 0xC4, 0x74, 0x32, 0x95, 0xE9, 0x91, 0x88, 0xE9, 0xAC, 0x12, 0xEB, 0xA0, 0xA1, 0xE9, 0x36,
    0xF5, 0x29, 0xB4, 0x29, 0x27, 0x27, 0x54, 0x01, 0x46, 0xCA, 0x31, 0x15, 0x2C, 0x53, 0x7A, 0x0C,
    0x44, 0xCA, 0x1E, 0x3D, 0xD9, 0x2B, 0x1A, 0x19, 0x16, 0x2B, 0xAC, 0x04, 0xDA, 0x8E, 0x42, 0x02,
    0xD5, 0x77, 0x23, 0x9F, 0xE7, 0x0E, 0x9F, 0xE1, 0xE5, 0xA7, 0x7B, 0xA7, 0x7A, 0xB5, 0xE8, 0xE0,
    0x6E, 0x19, 0xC0, 0xBE, 0x1E, 0xC1, 0x0C, 0x02, 0xF9, 0x58, 0x7B, 0xF8, 0x4A, 0xDE, 0x71, 0x6E,
    0xAD, 0xC8, 0x32, 0x41, 0xFF, 0x12, 0x25, 0xFD, 0xB8, 0xF8, 0x8A, 0xE2, 0x4B, 0x8A, 0x3D, 0x05,
    0xBB, 0x10, 0x09, 0x8A, 0x41, 0xDF, 0xEC, 0xE6, 0xD7, 0x76, 0x51, 0xBA, 0x35, 0xCC, 0x0C, 0xFD,
    0x13, 0x91, 0x46, 0x44, 0xF4, 0xF0, 0x2B, 0xFE, 0xA8, 0x80, 0x7D, 0xD3, 0x61, 0x8D, 0xA7, 0xFE,
    0xBB, 0x81, 0xF2, 0x9F, 0x03, 0xF9, 0xF0, 0x1E, 0x74, 0xD7, 0x1F, 0xAA, 0xCE, 0x25, 0x62, 0x44,
    0x68, 0x3A, 0xDB, 0xED, 0x53, 0xFB, 0x53, 0xCC, 0xC3, 0xDF, 0x69, 0x97, 0x87, 0x87, 0xC4, 0x79,
    0x89, 0x2D, 0x40, 0x13, 0x88, 0x7D, 0x70, 0xBB, 0x33, 0x22, 0x2E, 0x5B, 0x4C, 0x80, 0x03, 0xEA,
    0x65, 0xD2, 0xD4, 0xC1, 0xA4, 0x5A, 0xFB, 0xC2, 0x33, 0xDB, 0xE5, 0x82, 0xBF, 0xF4, 0xF1, 0x82,
    0x03, 0x4F, 0x2E, 0xF8, 0xE1, 0x29, 0xFE, 0x49, 0xC4, 0x70, 0x87, 0xE7, 0x79, 0x01, 0xE0, 0x93,
    0x88, 0x75, 0xFA, 0xFE, 0x8D, 0x58, 0x78, 0x2D, 0xF7, 0x1C, 0x17, 0x23, 0xF6, 0xDB, 0x4B, 0x4C,
    0x68, 0x5D, 0x36, 0x55, 0x9E, 0x97, 0xB3, 0x73, 0xC1, 0x0B, 0xF1, 0xEB, 0x91, 0x66, 0xFD, 0x89,
    0x47, 0x93, 0x8E, 0xE5, 0x81, 0xB7, 0x5E, 0x22, 0x5A, 0x4E, 0x9B, 0xCE, 0x1A, 0x6F, 0x5E, 0x1F,
    0xCA, 0x2E, 0x64, 0x4F, 0xB8, 0x67, 0xCA, 0x65, 0x34, 0x32, 0xE2, 0xA8, 0xF5, 0x44, 0x74, 0x53,
    0xED, 0x87, 0xA2, 0xDB, 0xED, 0x65, 0xB4, 0x2B, 0x8A, 0xF0, 0xC4, 0xFF, 0x1A, 0x71, 0x0B, 0xE9,
    0xAA, 0x09, 0x2B, 0xFC, 0xF0, 0xC8, 0x0F, 0xA5, 0xEF, 0x72, 0xF7, 0xB0, 0xB7, 0xD0, 0x06, 0x16,
    0x8F, 0x75, 0x90, 0xAE, 0x15, 0xFF, 0x19, 0xAE, 0x83, 0x71, 0x27, 0x60, 0xFA, 0x85, 0xA3, 0x9C,
    0x9A, 0x1E, 0x56, 0xE5, 0x08, 0x35, 0x27, 0x90, 0x7D, 0xEA, 0xBD, 0xFB, 0xCF, 0xE6, 0x1D, 0x4D,
    0xB5, 0x59, 0x38, 0xE6, 0x47, 0x81, 0x62, 0x98, 0x36, 0x95, 0xD8, 0xC1, 0xDE, 0xD3, 0xE9, 0xDB,
    0x67, 0x2B, 0xC0, 0x48, 0x0F, 0xCD, 0xED, 0x00, 0x37, 0xB2, 0x00, 0xAF, 0xE2, 0x98, 0xED, 0x53,
    0x17, 0x4C, 0x3D, 0x80, 0x44, 0xF2, 0x0F, 0x17, 0x14, 0x5D, 0x4D, 0xCE, 0xF3, 0x00, 0x4F, 0x47,
    0xEC, 0x5C, 0xCA, 0x79, 0x48, 0x0B, 0x88, 0xB4, 0x84, 0xF4, 0x2B, 0x17, 0x1D, 0x5A, 0x24, 0x0C,
    0xC0, 0x9D, 0x2C, 0xC0, 0xAE, 0x7D, 0x51, 0x74, 0x5A, 0x8D, 0x48, 0x84, 0xE7, 0x96, 0x6F, 0x08,
    0x10, 0xB1, 0x9D, 0xB2, 0xF6, 0x4A, 0xB3, 0xC3, 0xA6, 0x53, 0x26, 0x9D, 0xB7, 0x23, 0x20, 0x32,
    0x24, 0x02, 0xA8, 0x68, 0x88, 0x66, 0x50, 0x96, 0xA3, 0x32, 0x5F, 0x2A, 0x99, 0x8F, 0xB9, 0x39,
    0xCE, 0x48, 0x2D, 0xA1, 0x58, 0xD1, 0x48, 0x98, 0x6B, 0xCB, 0xB7, 0x3E, 0x07, 0xD1, 0xC2, 0x69,
    0xED, 0xD2, 0x5D, 0xD4, 0xBC, 0xDE, 0x53, 0x76, 0x03, 0xD9, 0xF9, 0x6E, 0x81, 0xF6, 0xE7, 0xE2,
    0x8E, 0x7E, 0x21, 0xAE, 0x58, 0x65, 0x14, 0xD3, 0xE3, 0xAD, 0xED, 0x23, 0xE9, 0x11, 0xE9, 0x37,
    0x39, 0x47, 0x96, 0x90, 0xDF, 0x5F, 0x40, 0xE1, 0x6B, 0x28, 0xDC, 0xDE, 0x47, 0xFF, 0xD5, 0x6E,
    0x2B, 0x12, 0xB8, 0x96, 0x7E, 0xB5, 0x0E, 0xAC, 0x14, 0x8F, 0xEC, 0x4A, 0xCE, 0xD6, 0xC8, 0x23,
    0xC5, 0xFD, 0xA3, 0x81, 0x42, 0xC4, 0xAD, 0x91, 0xE6, 0x73, 0xAA, 0xB0, 0x8A, 0xDA, 0xAF, 0x51,
    0x85, 0x35, 0x36, 0x0F, 0x4A, 0x51, 0x58, 0xDF, 0x48, 0x67, 0xC6, 0x56, 0xBA, 0x7C, 0xC9, 0xE2,
    0xF2, 0x87, 0xE4, 0x2C, 0xD6, 0xAF, 0xC5, 0xFA, 0x42, 0x32, 0x8A, 0xF8, 0xB8, 0x37, 0xB2, 0x81,
    0x56, 0x86, 0xED, 0x51, 0xFA, 0xCF, 0x03, 0xC5, 0xD8, 0x74, 0x90, 0x2F, 0xCD, 0x00, 0xB4, 0xAF,
    0x4F, 0x80, 0xF1, 0xA7, 0x40, 0xE6, 0x9F, 0xFF, 0x7D, 0x6A, 0x62, 0xCF, 0x53, 0x7E, 0x55, 0x95,
    0x44, 0xC8, 0x53, 0xA9, 0x16, 0x2D, 0x70, 0xD3, 0x38, 0x78, 0xA9, 0xE8, 0x7E, 0xA7, 0xBD, 0xEA,
    0x7A, 0x00, 0x90, 0x25, 0xF3, 0x05, 0x92, 0xAE, 0x90, 0x0B, 0x97, 0xC8, 0x79, 0xAA, 0x7C, 0xEA,
    0x49, 0xBB, 0xEA, 0x99, 0xA4, 0x6A, 0xBE, 0xA1, 0x79, 0xF8, 0xF2, 0xED, 0x00, 0xAF, 0x65, 0x01,
    0xAE, 0xF3, 0xCE, 0xD3, 0x4C, 0x50, 0x36, 0x27, 0xE8, 0x7B, 0x9A, 0x20, 0x33, 0xD1, 0x4E, 0xE9,
    0x42, 0x37, 0xF7, 0x8F, 0xBA, 0xA6, 0xD3, 0x3A, 0x51, 0x0B, 0xF9, 0xCA, 0x59, 0xB7, 0x47, 0xD3,
    0x83, 0x89, 0x50, 0x48, 0x07, 0x8B, 0x11, 0xAA, 0xD5, 0xFC, 0x5B, 0x45, 0xE3, 0x5F, 0xC3, 0xF8,
    0xB7, 0xD7, 0xE3, 0x24, 0x35, 0x61, 0xAC, 0x6B, 0xDF, 0x15, 0x5A, 0x99, 0x78, 0x4E, 0xE6, 0xD9,
    0xD6, 0xE9, 0x6D, 0x60, 0x74, 0x74, 0x50, 0x03, 0x37, 0x80, 0x43, 0x8C, 0x16, 0xD7, 0x61, 0x99,
    0x87, 0x48, 0x58, 0xE2, 0x16, 0xEF, 0xD0, 0x2C, 0xD3, 0xC6, 0xB7, 0x19, 0x0F, 0xF2, 0x18, 0x88,
    0x53, 0x16, 0x57, 0xB7, 0x47, 0x91, 0xA1, 0x59, 0x39, 0x20, 0x4F, 0xD5, 0x28, 0x11, 0x26, 0xB2,
    0x75, 0xDC, 0x23, 0x6B, 0x1B, 0x12, 0x1E, 0xBC, 0x79, 0xFF, 0xCD, 0x7E, 0x2C, 0x42, 0xD1, 0x87,
    0x2D, 0x7C, 0x4A, 0xF8, 0x27, 0x42, 0x2B, 0x3D, 0x99, 0xAC, 0xB1, 0x63, 0xD9, 0x08, 0x69, 0x1E,
    0x90, 0x30, 0xA5, 0x99, 0x6D, 0x0B, 0xF2, 0xA0, 0xF1, 0xCE, 0xF3, 0x38, 0x8A, 0xC4, 0x37, 0xEF,
    0x1F, 0x5C, 0xFA, 0xCC, 0x1E, 0x29, 0x56, 0xFF, 0x90, 0x69, 0x4D, 0x37, 0xCC, 0xC9, 0x6A, 0x3C,
    0xC6, 0x6B, 0xA6, 0x6A, 0xB8, 0x91, 0x7E, 0xEA, 0x6D, 0x65, 0x44, 0xDE, 0x5C, 0x32, 0x71, 0x46,
    0xC0, 0xA6, 0xF1, 0x7D, 0x2C, 0x70, 0x0C, 0x2C, 0x37, 0xB3, 0xA9, 0x46, 0x68, 0x75, 0xC3, 0x27,
    0x98, 0x7B, 0xB6, 0xCB, 0x76, 0x7F, 0x42, 0x4E, 0x71, 0xE3, 0xA0, 0x85, 0x6C, 0x09, 0xD5, 0xC4,
    0x1B, 0x32, 0x20, 0xE2, 0x68, 0xEF, 0x6D, 0xCA, 0xB9, 0x4C, 0x26, 0x8C, 0xE8, 0x96, 0x6E, 0xC1,
    0x3E, 0x96, 0x57, 0xB0, 0xEC, 0x61, 0x81, 0xB4, 0x4A, 0xD1, 0x99, 0x52, 0x47, 0xCD, 0x06, 0xD5,
    0x68, 0x3B, 0x30, 0xBB, 0xC7, 0xEF, 0xC0, 0x02, 0xAB, 0x74, 0xEC, 0x6C, 0x31, 0xD0, 0x8A, 0xC3,
    0xEA, 0xB1, 0x2B, 0xCA, 0xF4, 0xE6, 0xC6, 0xCD, 0xB7, 0x4F, 0x32, 0x19, 0x81, 0x59, 0xB0, 0xE9,
    0x2E, 0xAC, 0xBB, 0x4A, 0xC6, 0xB4, 0xEE, 0x86, 0x22, 0x80, 0xE5, 0xB1, 0x28, 0x6B, 0xDB, 0xF2,
    0xFE, 0xE1, 0x61, 0xCB, 0xE3, 0x7F, 0x56, 0xDB, 0x5D, 0xA2, 0x77, 0x6C, 0x23, 0xE3, 0x0F, 0xB2,
    0x01, 0xE2, 0xE6, 0x6F, 0xE9, 0x1C, 0xD4, 0x2B, 0xA0, 0xFC, 0x3F, 0x3B, 0x5D, 0x5F, 0x54, 0xF0,
    0x91, 0xB8, 0x72, 0x00, 0xB1, 0x5D, 0x82, 0x88, 0x80, 0x74, 0xB6, 0x63, 0x49, 0xED, 0x89, 0x98,
    0xC7, 0x46, 0x25, 0xBE, 0x5D, 0x36, 0xE2, 0x65, 0xF9, 0xBF, 0x75, 0x90, 0x01, 0xA7, 0x15, 0x41,
    0x1C, 0xC5, 0x7F, 0x77, 0xF7, 0xB2, 0x58, 0xCC, 0x43, 0x81, 0x62, 0xFA, 0x02, 0x35, 0x10, 0xC2,
    0xDD, 0x9D, 0xBF, 0x1E, 0x02, 0x08, 0x02, 0xC1, 0xFD, 0x08, 0x01, 0x42, 0xDB, 0x4C, 0xA0, 0xAF,
    0xD1, 0x47, 0x08, 0xE1, 0xC5, 0x66, 0x87, 0x00, 0xC1, 0x7C, 0x84, 0x05, 0x20, 0x34, 0x8F, 0x8B,
    0xC5, 0xDE, 0x3B, 0xED, 0x2E, 0x48, 0xCF, 0x3B, 0x67, 0x30, 0xCC, 0x99, 0xE3, 0x9C, 0xF3, 0x84,
    0x9E, 0x0B, 0x4E, 0x74, 0x28, 0x13, 0x5F, 0x00, 0x29, 0xC6, 0x2A, 0xA9, 0x68, 0xA4, 0xE1, 0x39,
    0x1B, 0x98, 0x29, 0x32, 0xD5, 0x1F, 0xAF, 0x3E, 0x47, 0x53, 0xA4, 0x03, 0xE3, 0x1E, 0xDC, 0xB5,
    0xCF, 0xBF, 0xC3, 0x6D, 0xF6, 0xC7, 0x96, 0x87, 0x6F, 0xC4, 0xE5, 0x71, 0xC8, 0xF1, 0x88, 0x3F,
    0x15, 0xE1, 0xF2, 0xD6, 0xDB, 0x4C, 0x3D, 0xD1, 0xE5, 0xDC, 0x75, 0x55, 0xCC, 0x2A, 0x2D, 0x67,
    0xB9, 0x80, 0x99, 0x86, 0xCB, 0xE4, 0x92, 0xBD, 0xFA, 0xB8, 0x9B, 0x94, 0xAF, 0xD9, 0xA1, 0xA3,
    0x3D, 0x7D, 0x9F, 0xD3, 0x21, 0x1D, 0xCE, 0xBD, 0x3B, 0xE9, 0xB8, 0x43, 0xAA, 0x4F, 0xA3, 0xFA,
    0x99, 0xF4, 0xAB, 0x68, 0x55, 0xF8, 0xA0, 0x79, 0xF7, 0x18, 0xE0, 0x6B, 0x11, 0xA7, 0x3A, 0xB4,
    0x1A, 0xFD, 0x63, 0xB5, 0x2E, 0x12, 0x57, 0x7B, 0xBE, 0x3D, 0x65, 0xB6, 0x74, 0x5A, 0x16, 0xA5,
    0xBA, 0x8E, 0xA5, 0x44, 0x00, 0x41, 0x9F, 0x71, 0x59, 0x4E, 0x3A, 0xC4, 0x32, 0xC8, 0x8E, 0x5A,
    0x0C, 0x0D, 0x3D, 0x33, 0x67, 0x06, 0x0C, 0xCF, 0xB0, 0x5E, 0x87, 0xE5, 0x8B, 0xD7, 0xB4, 0xBC,
    0xA7, 0x65, 0xE0, 0xCC, 0x4C, 0x4F, 0x83, 0x59, 0xD4, 0xDC, 0xF4, 0xF3, 0x94, 0xC6, 0x40, 0x8B,
    0x5D, 0xD8, 0x31, 0x11, 0xE1, 0x4E, 0x9D, 0x47, 0xE2, 0xE2, 0x6D, 0x5A, 0x31, 0x44, 0x23, 0x5A,
    0xCC, 0x66, 0x69, 0x78, 0xC1, 0x1E, 0x17, 0x5C, 0xAA, 0x52, 0x39, 0xAA, 0x60, 0x79, 0x00, 0xD4,
    0xBE, 0xDD, 0x02, 0xE4, 0xD7, 0x43, 0xD2, 0x71, 0xDE, 0xB0, 0x3E, 0x5C, 0x28, 0xB3, 0xD4, 0xBF,
    0xA2, 0x7E, 0x99, 0x1A, 0xC6, 0xFF, 0xF6, 0xBB, 0x6F, 0xE6, 0xBB, 0x0D, 0x57, 0xA9, 0x12, 0xB4,
    0x60, 0xA0, 0x81, 0x1B, 0x38, 0x02, 0xFC, 0x1B, 0x77, 0x66, 0x65, 0x8E, 0x56, 0xFE, 0x02, 0xD5,
    0x9C, 0x0B, 0x88, 0x26, 0xD7, 0x95, 0xDF, 0xFF, 0x55, 0x35, 0x33, 0xB5, 0x49, 0xAD, 0x5D, 0x03,
    0xC8, 0x76, 0x48, 0xDB, 0x2E, 0x07, 0x02, 0x2C, 0xAC, 0x3C, 0x65, 0x40, 0x01, 0x03, 0x3D, 0x5D,
    0x25, 0x0C, 0x04, 0x30, 0x8F, 0x81, 0xA8, 0x35, 0x80, 0x00, 0x2D, 0xEF, 0xC7, 0x66, 0x69, 0x01,
    0x03, 0x28, 0xD0, 0xDD, 0x55, 0xAC, 0x20, 0xE1, 0x8D, 0x78, 0x68, 0x03, 0x04, 0xB0, 0xC2, 0x23,
    0x04, 0x02, 0x59, 0x03, 0x82, 0x9D, 0x85, 0x9E, 0xA9, 0xB2, 0x05, 0x2C, 0xB0, 0x80, 0x2B, 0x0B,
    0x43, 0x78, 0xBB, 0x12, 0x46, 0x61, 0x89, 0x48, 0x72, 0x6D, 0xD7, 0x64, 0xAB, 0xAD, 0xAA, 0x3A,
    0x7B, 0xFE, 0xA7, 0xBE, 0x67, 0xAB, 0xBB, 0xD5, 0xF3, 0xD0, 0xC8, 0x5B, 0xD3, 0xF7, 0x77, 0xA6,
    0xFB, 0xFB, 0xBE, 0xFB, 0xBE, 0xF7, 0x9C, 0x7B, 0xEE, 0xBD, 0x1F, 0xFE, 0x08, 0xFA, 0x0C, 0x84,
    0x94, 0x8A, 0xCC, 0x29, 0x6E, 0xD8, 0xEF, 0xAF, 0x60, 0xE3, 0x29, 0x44, 0xC6, 0x19, 0xC1, 0x93,
    0xFD, 0x3F, 0x41, 0xE0, 0xF0, 0x9D, 0x15, 0xAE, 0x11, 0xD8, 0x84, 0x88, 0x33, 0xF0, 0xCD, 0xF9,
    0x99, 0x57, 0x89, 0x30, 0x57, 0xC4, 0x33, 0xF4, 0x2D, 0x07, 0x48, 0x45, 0x84, 0xD1, 0x4F, 0xF0,
    0xBA, 0x44, 0x3F, 0x31, 0x64, 0xF5, 0x0C, 0xFB, 0x95, 0xCF, 0x45, 0x79, 0x39, 0x62, 0x7C, 0xB7,
    0x89, 0xEF, 0x5F, 0x94, 0x97, 0x96, 0x68, 0x2E, 0xCA, 0x4B, 0xB4, 0xCA, 0x4B, 0x72, 0x36, 0x2F,
    0xA2, 0x4F, 0xBD, 0xE0, 0xE9, 0xDD, 0x27, 0x6F, 0xD5, 0xE8, 0x02, 0x17, 0xD4, 0x70, 0x2B, 0xE6,
    0x73, 0x3C, 0x6B, 0xDE, 0x24, 0x99, 0x1A, 0xD9, 0x2B, 0x5D, 0x38, 0x91, 0xA8, 0x8C, 0x59, 0x49,
    0x26, 0x35, 0x19, 0x9F, 0xC7, 0x42, 0xF2, 0xB8, 0x84, 0x48, 0x9E, 0x94, 0x8C, 0x30, 0x23, 0x50,
    0x10, 0xDE, 0x48, 0xEE, 0xF4, 0x8A, 0x50, 0x5A, 0x4B, 0xC6, 0x6A, 0xE6, 0x26, 0xF1, 0x8F, 0xE6,
    0xF7, 0x7A, 0x02, 0x44, 0x23, 0x90, 0x36, 0x9B, 0xCD, 0xC7, 0xC2, 0x0C, 0x0C, 0x5A, 0xBC, 0x41,
    0x93, 0xE9, 0x35, 0xDC, 0xD7, 0x70, 0x4F, 0xC3, 0x3B, 0x1A, 0xF0, 0x34, 0x21, 0x95, 0x06, 0x85,
    0x06, 0xDC, 0x90, 0x0F, 0x2D, 0x66, 0xF8, 0xD3, 0x9B, 0x82, 0xA8, 0x45, 0x8A, 0xA4, 0x54, 0x64,
    0x40, 0x82, 0x63, 0xE0, 0xF7, 0x70, 0xB2, 0xEE, 0x5A, 0x32, 0x12, 0x03, 0x30, 0xEE, 0xBF, 0xB1,
    0xF8, 0x9B, 0xE1, 0xC1, 0xA2, 0x78, 0x01, 0x6B, 0x26, 0xAA, 0x13, 0x8D, 0xA5, 0x8E, 0x34, 0xBE,
    0xDC, 0xB3, 0x8F, 0xEC, 0xC8, 0xFB, 0x40, 0xD1, 0xB3, 0x2E, 0xF3, 0xF8, 0xC9, 0x41, 0x99, 0x96,
    0x71, 0x99, 0x21, 0xCE, 0x33, 0x44, 0x79, 0x96, 0x5F, 0xB3, 0x72, 0xC6, 0x03, 0xAB, 0xA2, 0x04,
    0xAA, 0x0E, 0x88, 0x26, 0x56, 0x42, 0x0E, 0x8D, 0xE6, 0x87, 0x88, 0xEB, 0x77, 0x35, 0x9C, 0x68,
    0x78, 0x88, 0x2C, 0x2F, 0x3E, 0x60, 0xAB, 0xF6, 0xB8, 0xA1, 0x71, 0x8A, 0xD4, 0x22, 0x6C, 0xF2,
    0xA7, 0xFD, 0x29, 0xF8, 0xC1, 0xFA, 0x28, 0x6C, 0x24, 0x76, 0xFA, 0xA3, 0xFF, 0xC1, 0xF2, 0xC9,
    0xA4, 0xC9, 0xA4, 0xC4, 0x80, 0xA7, 0xFD, 0x49, 0xA4, 0xCE, 0xA4, 0xD6, 0x22, 0xFA, 0x32, 0x22,
    0xAE, 0x9F, 0xF1, 0x27, 0x29, 0x59, 0xF3, 0x15, 0xFC, 0x01, 0x69, 0xC7, 0xDF, 0x20, 0xEC, 0xC2,
    0x26, 0x46, 0x15, 0xE1, 0x27, 0x6F, 0xD7, 0xEC, 0x34, 0x75, 0x7C, 0xA1, 0x08, 0x57, 0x42, 0x4E,
    0x81, 0xA8, 0x8C, 0x45, 0x4A, 0x8A, 0x47, 0x07, 0x1C, 0x20, 0x71, 0x1D, 0x74, 0x88, 0x35, 0x29,
    0x4F, 0xB3, 0xCC, 0x14, 0x07, 0xDC, 0x9A, 0xC5, 0xED, 0x59, 0xB0, 0xA2, 0xFD, 0xFE, 0x3F, 0x76,
    0x2A, 0xC2, 0x4E, 0x5A, 0x24, 0x8F, 0x0E, 0x5A, 0xA9, 0x7D, 0xD1, 0x58, 0x8E, 0xD9, 0x82, 0x8F,
    0x51, 0x48, 0x59, 0x49, 0x8D, 0x62, 0xD2, 0x9F, 0x7C, 0x51, 0xA3, 0x4F, 0x23, 0x84, 0x45, 0xCA,
    0x4D, 0x48, 0xA7, 0xB9, 0x09, 0xBA, 0xB7, 0x86, 0xF9, 0xB5, 0x87, 0xB3, 0xC8, 0xCE, 0x13, 0xC7,
    0x26, 0xBC, 0x91, 0x1F, 0x78, 0xF2, 0x56, 0x9F, 0x49, 0x99, 0x89, 0xB4, 0x96, 0x97, 0xDF, 0x82,
    0x51, 0xB5, 0x33, 0x39, 0xC4, 0xEF, 0xB6, 0x36, 0xC4, 0x1B, 0xB8, 0x25, 0xFD, 0xF2, 0xEC, 0x10,
    0xBF, 0x46, 0x7E, 0x26, 0x9D, 0x65, 0x68, 0x52, 0x9E, 0xA2, 0xB2, 0xD2, 0xA4, 0x9B, 0x43, 0xF9,
    0xD2, 0x21, 0x5E, 0x8D, 0x10, 0x79, 0x5D, 0xC6, 0xE5, 0xF0, 0x65, 0xCC, 0x61, 0xB7, 0x9C, 0x7E,
    0xD9, 0x99, 0xBD, 0xC7, 0xDB, 0x33, 0x5E, 0x1D, 0xD5, 0xFA, 0xB9, 0xB4, 0x61, 0x1F, 0x24, 0x7A,
    0x16, 0xC9, 0x81, 0xB9, 0x54, 0x84, 0xA5, 0x22, 0x86, 0xE2, 0x96, 0x42, 0x06, 0xC2, 0xA6, 0x9D,
    0x34, 0x57, 0x58, 0xCA, 0x51, 0xCB, 0x37, 0x77, 0x0A, 0x7F, 0x50, 0x60, 0x22, 0x8A, 0x52, 0x91,
    0x36, 0xA9, 0x46, 0xDF, 0x17, 0xC2, 0x96, 0xF5, 0x72, 0x2B, 0x64, 0x6B, 0x1C, 0x48, 0x1B, 0x4E,
    0x40, 0xD2, 0x90, 0xC8, 0xCF, 0x4E, 0xC5, 0x65, 0x22, 0xAE, 0x98, 0x90, 0x08, 0x73, 0x85, 0x01,
    0x2B, 0x06, 0xC6, 0xD8, 0x98, 0x1A, 0x4F, 0x48, 0xBF, 0x23, 0xC3, 0x86, 0x4C, 0x72, 0xF2, 0x18,
    0x64, 0x4F, 0xFE, 0xA6, 0x25, 0xA5, 0x36, 0x82, 0x1C, 0x8C, 0x6E, 0xCD, 0x54, 0xF2, 0x48, 0x53,
    0x94, 0x5C, 0xD3, 0x45, 0x82, 0xDB, 0x00, 0xC7, 0x36, 0xF9, 0x48, 0x94, 0xB1, 0x0C, 0x96, 0xE7,
    0x06, 0xE7, 0x3C, 0x22, 0x35, 0x9B, 0x7D, 0x42, 0x3A, 0x21, 0x5A, 0x0E, 0xE9, 0xB0, 0x85, 0xD7,
    0x23, 0xAA, 0x19, 0x79, 0x5C, 0x02, 0xC7, 0x48, 0x19, 0x1B, 0xF6, 0x94, 0x49, 0x79, 0xA2, 0x8C,
    0x6B, 0x9B, 0x74, 0xFF, 0x87, 0x53, 0x32, 0x8B, 0x8C, 0xBF, 0xB6, 0xF8, 0x36, 0xE6, 0xE8, 0x3D,
    0xE3, 0x21, 0xD1, 0x74, 0xF6, 0x96, 0x8D, 0x37, 0x3E, 0x5C, 0xD4, 0x55, 0x21, 0x35, 0x3B, 0xBF,
    0x4D, 0x3D, 0x5F, 0xE6, 0x0F, 0x75, 0xDD, 0x5D, 0x67, 0x9A, 0x4C, 0x13, 0x25, 0x6B, 0xE6, 0xF3,
    0x6C, 0x6E, 0x6F, 0x19, 0xBF, 0x6F, 0xFC, 0x8E, 0xF1, 0xF7, 0x8D, 0x37, 0x6A, 0x32, 0x6E, 0xC8,
    0xB4, 0x25, 0x33, 0x47, 0xFE, 0x9B, 0x8E, 0xEC, 0xAC, 0x86, 0x1D, 0xE9, 0xB7, 0xC7, 0x36, 0x7D,
    0x64, 0xCA, 0xC8, 0x18, 0x9B, 0xE2, 0xB2, 0xF9, 0x81, 0xC9, 0x37, 0x00, 0x07, 0x1B, 0x70, 0xC2,
    0x5C, 0xB1, 0xD7, 0x76, 0xF0, 0x1C, 0xBC, 0x55, 0x9B, 0xB6, 0x80, 0x35, 0xC7, 0x8E, 0xB4, 0x95,
    0x20, 0x15, 0xB7, 0xA5, 0xDC, 0xED, 0x53, 0xBB, 0x2B, 0xBC, 0x42, 0x60, 0x81, 0x27, 0x77, 0xD6,
    0xCA, 0x7D, 0xE4, 0x68, 0x90, 0x59, 0xC1, 0xDA, 0x20, 0xDB, 0x42, 0x52, 0x2A, 0x8A, 0x5C, 0x07,
    0xFF, 0xC4, 0xDC, 0xF4, 0x28, 0x64, 0xCA, 0xF1, 0x4F, 0x39, 0x42, 0x0A, 0x66, 0x71, 0xE7, 0xC9,
    0x01, 0xC7, 0x85, 0x75, 0x58, 0x8F, 0xC0, 0x0A, 0x9E, 0xBD, 0x60, 0x69, 0xD4, 0x84, 0x4D, 0x21,
    0xEB, 0xF1, 0x93, 0x6D, 0xA3, 0x20, 0x46, 0x7B, 0x0B, 0x13, 0x72, 0x96, 0xD0, 0x59, 0xED, 0xCB,
    0x40, 0xED, 0xFB, 0xAE, 0x86, 0x1F, 0x3C, 0xB3, 0xF6, 0xE5, 0x4C, 0x48, 0x0C, 0x36, 0xB1, 0x73,
    0x06, 0x5F, 0x20, 0x5C, 0x21, 0x2A, 0x89, 0x5C, 0x11, 0x1B, 0xA0, 0x48, 0x88, 0x5B, 0xC4, 0x6D,
    0x62, 0x97, 0x38, 0x21, 0x3A, 0x85, 0xEF, 0x14, 0xD1, 0x27, 0xFB, 0x6F, 0xD7, 0xB2, 0x7A, 0xD8,
    0xCA, 0x99, 0xE1, 0x44, 0xB1, 0xF7, 0x2E, 0xFB, 0x8B, 0xE1, 0x07, 0xEC, 0x2D, 0x9F, 0xB7, 0xC4,
    0xBE, 0xFF, 0xC5, 0x56, 0x61, 0xFB, 0x0C, 0x56, 0x61, 0xD4, 0x44, 0xD2, 0x79, 0x3D, 0xE2, 0x2E,
    0x94, 0x36, 0x1C, 0x38, 0xAD, 0x64, 0x04, 0xF6, 0x54, 0xA6, 0x60, 0x8F, 0xCB, 0x6C, 0xF0, 0x45,
    0x65, 0x86, 0x7E, 0xEE, 0x93, 0x9E, 0xB3, 0x7E, 0x9A, 0x05, 0xD6, 0x8F, 0xBB, 0x2C, 0x2A, 0x17,
    0xB6, 0x50, 0x4E, 0x39, 0x8F, 0x09, 0xF8, 0xFA, 0xF7, 0xC6, 0x92, 0xCF, 0x2C, 0x1B, 0x71, 0x93,
    0x79, 0xFC, 0x7C, 0x5A, 0x67, 0x18, 0xF9, 0x76, 0x64, 0x1A, 0x80, 0x49, 0x25, 0x6D, 0x52, 0x4B,
    0xB7, 0x45, 0xD4, 0xA9, 0x8C, 0x7A, 0x64, 0x4D, 0x28, 0x9D, 0x3F, 0xA1, 0xC8, 0x35, 0x7F, 0x4A,
    0x54, 0xA7, 0xA0, 0xDA, 0x4C, 0x3E, 0x39, 0x68, 0x13, 0x84, 0x2E, 0xD1, 0x88, 0xBF, 0xAB, 0x01,
    0x9C, 0x66, 0x58, 0xCF, 0xDF, 0x38, 0xC8, 0x91, 0x49, 0x6E, 0x0D, 0x89, 0xA4, 0x03, 0x7C, 0xA6,
    0x36, 0x30, 0x7C, 0x5B, 0xC3, 0x6D, 0x78, 0x7D, 0x91, 0x6B, 0x66, 0x3E, 0x39, 0x68, 0x12, 0x91,
    0xDC, 0xAB, 0x1E, 0x7F, 0xD5, 0x73, 0xAC, 0x97, 0x5F, 0x07, 0xB3, 0x1E, 0xD7, 0x64, 0x42, 0xBA,
    0xAC, 0xB4, 0xE6, 0x84, 0x3E, 0x55, 0x4F, 0x7A, 0x9B, 0xAA, 0x2A, 0xB6, 0xCF, 0xC6, 0x2F, 0x2F,
    0xB7, 0x65, 0x28, 0x6E, 0x4E, 0xF7, 0x65, 0x29, 0xCA, 0x11, 0xA2, 0x0F, 0xC8, 0x71, 0x61, 0x5B,
    0x71, 0xF8, 0x9D, 0xCB, 0x70, 0x83, 0x51, 0xB9, 0x66, 0x9C, 0x1B, 0x41, 0x26, 0xC6, 0x5B, 0xC6,
    0xDB, 0xC6, 0x13, 0xD2, 0x8C, 0x29, 0x48, 0xCB, 0xB9, 0x58, 0x53, 0x15, 0x81, 0x59, 0x52, 0x88,
    0xA5, 0x44, 0x22, 0x88, 0xA4, 0x46, 0x3A, 0x02, 0x55, 0x8D, 0xAC, 0x55, 0xD1, 0xA0, 0x50, 0xF1,
    0x17, 0x0E, 0x7F, 0xA1, 0xE2, 0xFF, 0x3B, 0xFC, 0xC6, 0x01, 0xBF, 0xEA, 0xBC, 0x5F, 0xAB, 0x70,
    0xBD, 0xFF, 0x37, 0x14, 0x43, 0xF0, 0x73, 0x8A, 0xC3, 0xF0, 0x67, 0x0E, 0x9E, 0xDB, 0x8B, 0x5E,
    0xEF, 0x54, 0x64, 0xB1, 0xD7, 0xC1, 0x77, 0x49, 0xEC, 0xF5, 0xF0, 0xDB, 0xF8, 0x4F, 0x60, 0x62,
    0x60, 0xDD, 0x71, 0xB0, 0x0D, 0x08, 0x9A, 0xA0, 0x33, 0xE1, 0x3B, 0x13, 0x1E, 0xA7, 0xB9, 0x54,
    0x80, 0xC8, 0xA6, 0x6D, 0x24, 0x73, 0xCD, 0x4B, 0x57, 0x4C, 0xB9, 0xFE, 0x89, 0xED, 0x92, 0xE1,
    0x4A, 0xB4, 0x6A, 0x34, 0x72, 0x56, 0xD8, 0x2F, 0x70, 0xF5, 0xCF, 0x5A, 0xBB, 0x77, 0x85, 0x94,
    0xB1, 0x74, 0xB8, 0x21, 0xED, 0x62, 0x35, 0x22, 0xFB, 0xD2, 0x44, 0x0E, 0xB1, 0xE3, 0x2A, 0xAB,
    0xCF, 0x72, 0x78, 0x83, 0x0D, 0xE0, 0x07, 0x8A, 0xC2, 0x66, 0xB2, 0xF3, 0x30, 0x2A, 0x8E, 0x2B,
    0xC5, 0x68, 0x9F, 0xA0, 0x29, 0xD7, 0xC5, 0x1A, 0x4B, 0x1B, 0x6A, 0x7C, 0x25, 0x56, 0xAB, 0x11,
    0x53, 0xA6, 0x8D, 0xB1, 0x64, 0x86, 0xE7, 0x4E, 0xF8, 0x25, 0x92, 0xC5, 0x8C, 0x98, 0x62, 0x99,
    0x4A, 0xF3, 0x87, 0x32, 0xE5, 0x9A, 0x76, 0xB7, 0xF3, 0xC4, 0x0C, 0xDF, 0x49, 0x43, 0xA1, 0x21,
    0xDB, 0x08, 0x0F, 0xA9, 0xC3, 0x02, 0xD5, 0x68, 0x54, 0x59, 0x81, 0x9C, 0x5E, 0xA2, 0x4A, 0xEA,
    0xE5, 0x42, 0x8E, 0x73, 0xCC, 0xA0, 0xCB, 0xB8, 0x21, 0x6A, 0x71, 0x12, 0xD7, 0x38, 0xCC, 0x80,
    0xDD, 0x3D, 0xE0, 0x7B, 0x47, 0x80, 0xAD, 0xE2, 0x86, 0x33, 0x61, 0x5C, 0xD8, 0x34, 0x66, 0x77,
    0x51, 0xDF, 0xB7, 0x40, 0x38, 0xED, 0x1F, 0xD8, 0xAA, 0x6D, 0x47, 0x3E, 0x34, 0x7B, 0xDA, 0x40,
    0x9B, 0xBA, 0x31, 0x93, 0xDA, 0x2D, 0x51, 0x5B, 0xF2, 0xCF, 0x05, 0xE6, 0xDB, 0x93, 0x59, 0x17,
    0x26, 0xB6, 0xEE, 0x8A, 0xA4, 0x0C, 0x7A, 0xA0, 0xA7, 0x69, 0xE1, 0x3B, 0x50, 0x0B, 0xB3, 0x43,
    0x20, 0xA4, 0xE1, 0x93, 0xC7, 0xCC, 0x63, 0x9D, 0xD8, 0xFC, 0xBE, 0xA7, 0x0C, 0xDD, 0x2E, 0xA3,
    0xEA, 0xEE, 0x2B, 0x31, 0x38, 0xB2, 0x6A, 0xC9, 0xAC, 0x26, 0xD3, 0x92, 0x4C, 0xD6, 0x96, 0xD2,
    0x3B, 0x27, 0xA4, 0x74, 0xC6, 0x86, 0x2C, 0x72, 0x32, 0x32, 0xFD, 0x18, 0x8A, 0x19, 0xEB, 0x19,
    0x56, 0x4C, 0xA9, 0xF7, 0xB9, 0xF2, 0xE9, 0x10, 0x3F, 0xCE, 0x6E, 0x8C, 0xC8, 0x72, 0xAA, 0x91,
    0x63, 0xF6, 0xDA, 0xD2, 0x54, 0x48, 0xBD, 0xC9, 0x51, 0x99, 0xD4, 0x95, 0x52, 0xDF, 0x57, 0x66,
    0xA8, 0x90, 0x76, 0x59, 0x38, 0x22, 0x12, 0xAA, 0x4C, 0x54, 0x22, 0xF9, 0x2A, 0xC9, 0x8C, 0xF0,
    0x2D, 0xC5, 0x58, 0x7A, 0x20, 0x93, 0x36, 0x93, 0x3C, 0x95, 0x32, 0x9D, 0xE0, 0x8F, 0xA6, 0x66,
    0x04, 0x31, 0x4B, 0x5D, 0x9A, 0x5E, 0xAC, 0x8F, 0x94, 0xB1, 0x33, 0x9D, 0xF8, 0x5B, 0xB7, 0x36,
    0x49, 0xAB, 0x9C, 0x2C, 0xCA, 0x55, 0x91, 0x82, 0xCF, 0x9C, 0x32, 0xFA, 0x78, 0x50, 0x26, 0xF9,
    0x68, 0x49, 0x55, 0xD6, 0xFE, 0xE6, 0x86, 0x41, 0xCC, 0x79, 0x91, 0x8A, 0xCF, 0x2C, 0xD8, 0x5A,
    0x84, 0xE6, 0xF4, 0x57, 0x64, 0xD3, 0x36, 0x85, 0x11, 0x2C, 0xDA, 0xCC, 0x7A, 0xCD, 0xC8, 0x18,
    0x96, 0x64, 0xA0, 0xD9, 0xFB, 0x53, 0x19, 0x8B, 0xC9, 0x93, 0xDE, 0xCC, 0xC1, 0x8B, 0x61, 0x16,
    0xD0, 0xA0, 0x80, 0x7C, 0x70, 0xC0, 0xA1, 0x21, 0x35, 0x22, 0xF9, 0x73, 0x46, 0x16, 0x5F, 0x06,
    0xAE, 0xDA, 0x11, 0x69, 0x1A, 0xF2, 0x2F, 0xA5, 0xB3, 0xCA, 0x08, 0xB9, 0xBA, 0xCC, 0x97, 0x46,
    0xE1, 0x57, 0x24, 0x59, 0x5D, 0xC5, 0xAA, 0xC2, 0x6C, 0x19, 0x60, 0x4F, 0xFD, 0x3B, 0x9E, 0xCF,
    0xA6, 0x58, 0x48, 0xD8, 0x13, 0x2F, 0x65, 0xBD, 0x2D, 0x23, 0xCA, 0x55, 0x33, 0xB3, 0xA1, 0x67,
    0x83, 0xCE, 0x56, 0xE4, 0xBA, 0x92, 0x77, 0x4A, 0x17, 0x9C, 0x25, 0xB6, 0xF8, 0x24, 0x27, 0x45,
    0x4A, 0x63, 0xA7, 0x74, 0xE1, 0x40, 0xE2, 0xA1, 0x31, 0xFB, 0x1C, 0x0B, 0xE3, 0x08, 0x73, 0x24,
    0x98, 0xBE, 0x69, 0x01, 0xBA, 0x11, 0x38, 0x22, 0x90, 0x31, 0xF3, 0xB9, 0x8A, 0xD2, 0x12, 0x18,
    0x70, 0x75, 0x61, 0xB9, 0x30, 0xD1, 0x51, 0x30, 0x1F, 0xC3, 0x9C, 0x11, 0x13, 0xD9, 0x79, 0xA2,
    0x98, 0xC5, 0x48, 0xA1, 0xFA, 0xC0, 0x1B, 0x6D, 0xA9, 0x95, 0x32, 0x13, 0xBF, 0x9D, 0xF3, 0x52,
    0x33, 0x5F, 0xF9, 0xD5, 0xA6, 0x55, 0x91, 0x86, 0x18, 0xAE, 0xB6, 0x92, 0xBA, 0xBB, 0xB9, 0x92,
    0xF2, 0xAA, 0x53, 0x20, 0x61, 0x04, 0xE9, 0x27, 0x07, 0x1D, 0x52, 0x78, 0x83, 0x02, 0x05, 0xBE,
    0xCB, 0xB9, 0xD7, 0x96, 0xD1, 0x98, 0x8D, 0x5F, 0x5D, 0x5A, 0xF0, 0x73, 0x35, 0x52, 0x62, 0x73,
    0x24, 0xD9, 0x5B, 0xD2, 0xFC, 0x55, 0x20, 0xC3, 0x11, 0xFD, 0x82, 0x05, 0x3D, 0x59, 0x6A, 0x06,
    0x3B, 0xC6, 0x5C, 0x82, 0x86, 0x30, 0x2D, 0x61, 0x54, 0x1D, 0x25, 0xA7, 0xC6, 0x1C, 0x61, 0xA7,
    0xEF, 0xA8, 0x9A, 0xD9, 0x4A, 0x8B, 0xBA, 0x79, 0xF9, 0x66, 0x56, 0x1B, 0xCB, 0x34, 0xAA, 0xE4,
    0x74, 0xF8, 0x50, 0x25, 0x6D, 0xFC, 0xC2, 0x2C, 0xBC, 0x85, 0xD5, 0xB1, 0x2D, 0x5D, 0x7C, 0x56,
    0x36, 0xC0, 0xB1, 0x19, 0x83, 0xCC, 0xCB, 0x1C, 0x9F, 0xC5, 0xAB, 0xF1, 0x5B, 0x3A, 0x9A, 0x5E,
    0x8B, 0xF0, 0x14, 0xC5, 0x27, 0x55, 0xC9, 0x16, 0x4F, 0xE6, 0xD5, 0x64, 0xBE, 0xF0, 0x3C, 0x54,
    0x62, 0xB3, 0x37, 0x4B, 0xA0, 0x45, 0x2E, 0x58, 0xC6, 0x91, 0x18, 0x56, 0x18, 0x89, 0x82, 0x48,
    0xF9, 0x96, 0x90, 0x59, 0xF1, 0x88, 0xA0, 0xE3, 0x02, 0xCE, 0x29, 0xE2, 0x46, 0x91, 0xD4, 0x8A,
    0x2C, 0x57, 0x4C, 0x8B, 0x09, 0xAA, 0x89, 0x9C, 0x27, 0x63, 0x9A, 0x07, 0x32, 0xE2, 0x1B, 0x39,
    0x42, 0xE9, 0x91, 0xC9, 0x08, 0x41, 0x05, 0xAA, 0x93, 0x57, 0x34, 0x40, 0x83, 0x57, 0x09, 0xAB,
    0x4E, 0x73, 0x58, 0x60, 0x44, 0xC6, 0xD7, 0x54, 0x16, 0xA8, 0xFE, 0x4C, 0xFE, 0x36, 0x93, 0x9F,
    0x0C, 0xD1, 0x29, 0x0B, 0x67, 0xCF, 0x3D, 0xEC, 0x48, 0x07, 0x11, 0x17, 0x9C, 0x1E, 0x34, 0x1C,
    0x59, 0xD4, 0x97, 0xE9, 0x42, 0xF9, 0x1D, 0x21, 0xC7, 0x61, 0x31, 0x51, 0x0B, 0xD5, 0xD2, 0x24,
    0x6E, 0xD2, 0x1C, 0x0E, 0xF0, 0x7B, 0xDA, 0xE1, 0x0C, 0xA3, 0x86, 0x07, 0x1A, 0x0A, 0x78, 0x7D,
    0x06, 0xBF, 0x4B, 0x6B, 0xCD, 0xFC, 0xE9, 0x41, 0x6D, 0xEB, 0x83, 0x82, 0xA6, 0xC5, 0x64, 0xCB,
    0xEC, 0x6F, 0x3D, 0x39, 0x70, 0xC1, 0xFC, 0xAF, 0x0D, 0x9E, 0xFC, 0xD8, 0x5E, 0x37, 0x1B, 0xC5,
    0x25, 0xAD, 0xFD, 0xD5, 0xFE, 0x85, 0x2E, 0x7C, 0x72, 0xD0, 0x64, 0x9C, 0xAF, 0xD8, 0xBD, 0x4C,
    0xD2, 0xD2, 0x7A, 0x3B, 0xD7, 0xC6, 0xD0, 0x10, 0x6A, 0x08, 0xAE, 0xB4, 0x44, 0x0E, 0x45, 0xB8,
    0x8C, 0x61, 0xBB, 0x1C, 0x71, 0x3A, 0xD8, 0x0D, 0xB6, 0xF0, 0x2E, 0x71, 0x8F, 0xF8, 0x88, 0x70,
    0x0A, 0xAF, 0x55, 0xF8, 0xB5, 0x22, 0x7C, 0x74, 0xB7, 0xC3, 0x81, 0xB0, 0xC4, 0xC4, 0xB0, 0xF0,
    0x01, 0x45, 0xE5, 0x47, 0x0B, 0x84, 0xF9, 0x3B, 0x40, 0x90, 0xDF, 0x04, 0x3C, 0xB0, 0x11, 0x7C,
    0x19, 0x10, 0x8B, 0x20, 0x2D, 0xB3, 0x72, 0x0F, 0x49, 0xFD, 0x00, 0x31, 0x3F, 0x6A, 0x61, 0xDC,
    0xDF, 0x5F, 0x19, 0x4D, 0xD5, 0x42, 0xE7, 0x66, 0xA7, 0x6F, 0x95, 0xB1, 0xAD, 0xEF, 0x7A, 0x78,
    0xB3, 0x17, 0x3F, 0x6E, 0x33, 0x61, 0xF3, 0x76, 0x3B, 0x3D, 0x67, 0xA1, 0x43, 0xED, 0x84, 0x39,
    0x70, 0xCB, 0x56, 0x2A, 0x88, 0x03, 0xB3, 0x58, 0xC2, 0xF7, 0x9C, 0x26, 0x8E, 0xE0, 0x53, 0x6A,
    0x72, 0x96, 0xB0, 0xE3, 0x6B, 0xEF, 0x39, 0x46, 0x9F, 0x72, 0xDD, 0x04, 0xEC, 0x05, 0x2E, 0x53,
    0x31, 0x58, 0x5F, 0xF6, 0x7B, 0xEB, 0xC2, 0x71, 0xBB, 0x33, 0xFA, 0x03, 0x33, 0x27, 0x78, 0x88,
    0x65, 0xA7, 0x49, 0x65, 0xC2, 0x6D, 0x54, 0x9A, 0x74, 0xB6, 0x68, 0xEA, 0x1E, 0xB0, 0x09, 0x6D,
    0xD0, 0xF7, 0x4C, 0xEC, 0x44, 0x16, 0x76, 0x71, 0x8C, 0xE2, 0x4D, 0x7A, 0x34, 0x3A, 0x84, 0x52,
    0xA2, 0x90, 0x40, 0xBA, 0x62, 0xF4, 0xA5, 0x5D, 0x4E, 0xE1, 0x95, 0xC2, 0x17, 0x45, 0xC4, 0xFF,
    0xDD, 0xCA, 0x14, 0xF7, 0x15, 0xBF, 0x6E, 0x15, 0x9F, 0x95, 0x8A, 0x09, 0x8A, 0x9E, 0x70, 0x8A,
    0x74, 0xF2, 0xA4, 0xB3, 0x58, 0xB4, 0xB3, 0xDE, 0x01, 0x38, 0xD7, 0x61, 0xF2, 0x15, 0x05, 0x0B,
    0x14, 0x49, 0x89, 0x33, 0x4F, 0x31, 0x3D, 0x77, 0x92, 0x60, 0x92, 0xBE, 0x55, 0xD8, 0x4D, 0x19,
    0xFC, 0xA1, 0x7A, 0x1C, 0x0D, 0x71, 0xCD, 0x75, 0xD7, 0xAE, 0x86, 0xFB, 0x88, 0x75, 0x41, 0x14,
    0x7F, 0xDA, 0x20, 0x96, 0x56, 0xFF, 0xDF, 0xD1, 0x36, 0xD3, 0x50, 0x68, 0x48, 0xCB, 0xB8, 0x8E,
    0x9B, 0xA2, 0x0F, 0x3A, 0x19, 0xF0, 0x20, 0x64, 0x93, 0x12, 0xB9, 0x76, 0xAB, 0xEE, 0xFC, 0x6E,
    0x45, 0x6C, 0x74, 0x2B, 0xE2, 0x5F, 0x35, 0x0A, 0xA1, 0x95, 0x21, 0x79, 0x21, 0xDA, 0x3F, 0x2A,
    0xA9, 0x33, 0x6E, 0x6C, 0x60, 0x67, 0x40, 0x34, 0x31, 0xBF, 0x5C, 0x18, 0xFF, 0x12, 0xDF, 0x57,
    0xFE, 0x22, 0xDF, 0x55, 0xFE, 0x75, 0x7D, 0x4F, 0xF9, 0x71, 0xE3, 0x94, 0x3F, 0xFF, 0x55, 0xA3,
    0xAC, 0xFF, 0xAE, 0x26, 0xA5, 0x24, 0x0B, 0x90, 0x7B, 0xC6, 0x7F, 0xA2, 0x4C, 0x7A, 0x84, 0x1A,
    0xF7, 0x88, 0x54, 0xC9, 0xCA, 0x4D, 0xB5, 0xBE, 0x1A, 0x2B, 0xFD, 0x59, 0x88, 0x88, 0xC1, 0x7E,
    0x3D, 0x17, 0xA9, 0xAC, 0x9A, 0xE8, 0xFA, 0x1D, 0x78, 0xF4, 0xC0, 0x88, 0xD4, 0x49, 0x99, 0x38,
    0x7D, 0x43, 0x77, 0x64, 0xC3, 0xDF, 0xE3, 0xF0, 0x5F, 0x85, 0x11, 0x5E, 0x5F, 0xD1, 0x9D, 0x52,
    0x86, 0x2E, 0x7D, 0x72, 0x50, 0xEB, 0xFB, 0x01, 0xF3, 0x5E, 0x88, 0x74, 0x44, 0x1B, 0xAA, 0xA2,
    0xB7, 0xD8, 0x9F, 0x0E, 0xC9, 0xE4, 0x89, 0xB3, 0xAC, 0x78, 0xB9, 0xF6, 0xDC, 0xE2, 0x7F, 0x4A,
    0x37, 0x2F, 0xBB, 0xC3, 0x91, 0xBD, 0xA0, 0x9B, 0x15, 0x55, 0x72, 0x91, 0x65, 0x67, 0x2A, 0x2B,
    0xCD, 0x67, 0xEF, 0xDC, 0xE9, 0x9B, 0xC3, 0xC2, 0x0D, 0xF5, 0xD9, 0x94, 0x5F, 0xAC, 0x0C, 0x0F,
    0xCC, 0x92, 0x20, 0x58, 0x7A, 0x54, 0x13, 0x42, 0xFA, 0x74, 0xEA, 0xAC, 0xCE, 0xCC, 0xA0, 0xFE,
    0xFA, 0xD9, 0x45, 0xD1, 0xD6, 0xD8, 0x4E, 0x4F, 0xDF, 0x64, 0xE9, 0x4B, 0x54, 0xA7, 0x2C, 0xBD,
    0xAB, 0x34, 0x3C, 0x78, 0xFB, 0x91, 0x7B, 0x37, 0xAE, 0xDD, 0x3D, 0x0D, 0x3F, 0x88, 0xEB, 0x96,
    0xF3, 0xFE, 0x85, 0xA1, 0x1A, 0xC1, 0xB9, 0x9D, 0x65, 0x6E, 0xB2, 0x53, 0x4F, 0xCA, 0xA8, 0xC1,
    0x1E, 0x42, 0x37, 0x3B, 0x51, 0x7B, 0x78, 0xBD, 0xD7, 0x01, 0x03, 0x97, 0x39, 0x27, 0x74, 0x6E,
    0xED, 0x71, 0x91, 0x93, 0xDA, 0x1A, 0xE7, 0x6D, 0x00, 0xF1, 0x7F, 0x55, 0x84, 0x03, 0x0B, 0xD3,
    0x9B, 0x87, 0x8B, 0x70, 0x0A, 0xBE, 0x0D, 0x7C, 0xDB, 0x1F, 0x15, 0x00, 0x64, 0x20, 0xDC, 0x6A,
    0x61, 0x71, 0x63, 0xB5, 0x18, 0xFE, 0x26, 0x81, 0x8B, 0xC0, 0x79, 0x99, 0x9D, 0xA7, 0x8C, 0xDB,
    0x21, 0x6D, 0x33, 0x0C, 0x61, 0x77, 0xAC, 0x99, 0xE9, 0x4F, 0x30, 0xB0, 0x47, 0x0C, 0xD8, 0xC0,
    0xA8, 0xE8, 0x1F, 0xEA, 0xAB, 0x5D, 0x96, 0x0F, 0xDA, 0x2F, 0xF4, 0x13, 0xAC, 0x1A, 0xF6, 0x0C,
    0xE9, 0x2E, 0x49, 0x23, 0xA2, 0x16, 0x4D, 0x15, 0x89, 0xFC, 0x48, 0x1A, 0xF6, 0x80, 0xD2, 0x1B,
    0x58, 0xE9, 0x0F, 0x3D, 0xCE, 0xF0, 0x3F, 0x6A, 0x80, 0xF8, 0x17, 0x34, 0x6C, 0xA6, 0xE5, 0x27,
    0x7C, 0x51, 0x44, 0x3F, 0x61, 0xF5, 0x53, 0xAD, 0x1D, 0xD1, 0xCF, 0x4C, 0x07, 0xD2, 0xCE, 0xA9,
    0xCF, 0xED, 0x35, 0x8D, 0x90, 0xD5, 0xE9, 0x8A, 0x31, 0x58, 0x8C, 0x89, 0xA7, 0x47, 0x6A, 0x3D,
    0x99, 0x60, 0xA2, 0x6B, 0xFC, 0x74, 0x85, 0x77, 0x88, 0x9B, 0x96, 0x5A, 0x7A, 0x1A, 0x4E, 0xF9,
    0xA6, 0x27, 0x99, 0xE8, 0x14, 0xFE, 0xA8, 0x80, 0x88, 0x22, 0x9D, 0x2E, 0x2A, 0x7F, 0x22, 0xCD,
    0xBC, 0xA1, 0x38, 0xA5, 0x53, 0x2A, 0xE9, 0x90, 0x0C, 0xC9, 0x18, 0xB8, 0xE7, 0xFD, 0x97, 0x08,
    0x9F, 0x6C, 0xA6, 0xC5, 0x8C, 0x39, 0x6A, 0xCC, 0xAF, 0xBF, 0x20, 0x31, 0x27, 0x93, 0x67, 0xB3,
    0x00, 0x9F, 0x78, 0x4B, 0x44, 0xD8, 0x14, 0xA1, 0x11, 0x1E, 0x0A, 0x19, 0xD9, 0x2F, 0x7A, 0xE0,
    0x2F, 0xE9, 0x4E, 0xBB, 0x17, 0x2B, 0x7E, 0x40, 0x70, 0xA1, 0x4B, 0x88, 0xE2, 0x51, 0x55, 0x9A,
    0x17, 0x52, 0x11, 0xAF, 0x90, 0xD6, 0x48, 0x1E, 0x55, 0xB9, 0x19, 0xFF, 0x1E, 0x6D, 0xF2, 0x62,
    0x76, 0x60, 0xD2, 0x06, 0x7B, 0xFF, 0x42, 0xEF, 0x8A, 0x4C, 0x46, 0xA9, 0x95, 0x2E, 0x6E, 0xC9,
    0xC0, 0xAD, 0x19, 0x2A, 0x69, 0x8B, 0x4C, 0x2C, 0xC9, 0x7B, 0x9C, 0x82, 0xFA, 0x90, 0xE4, 0x00,
    0x3F, 0x63, 0x75, 0xC8, 0xB4, 0x61, 0xC9, 0x84, 0xEE, 0x22, 0x6B, 0x06, 0xFB, 0x39, 0x22, 0xE9,
    0xCC, 0x5A, 0x7B, 0x17, 0xD5, 0xD2, 0x77, 0x52, 0x83, 0x66, 0xB1, 0xC8, 0x1C, 0x10, 0x33, 0x94,
    0xDF, 0x43, 0x92, 0x53, 0x7B, 0x4D, 0x6F, 0x8E, 0xA6, 0x15, 0x23, 0xD6, 0xA4, 0x4D, 0x47, 0x66,
    0x8A, 0x81, 0x1D, 0x59, 0x1A, 0xE6, 0x3B, 0x66, 0xCB, 0xAA, 0x62, 0xA1, 0x0F, 0xD3, 0xEB, 0x4D,
    0xFB, 0x0F, 0xFA, 0xDA, 0x9A, 0x2E, 0x9B, 0x69, 0xAF, 0xA6, 0xA5, 0xDF, 0xE9, 0xFB, 0x9B, 0xD0,
    0x45, 0xA7, 0xF1, 0x29, 0xF3, 0x16, 0x08, 0xF5, 0x05, 0x0E, 0x7A, 0x3A, 0xB8, 0x84, 0x75, 0xE8,
    0x8F, 0x77, 0x57, 0x25, 0xF0, 0x47, 0xEA, 0x2D, 0x6E, 0xB5, 0x69, 0x88, 0xFF, 0xBD, 0xA3, 0x99,
    0x81, 0xA3, 0x79, 0x1B, 0x43, 0x63, 0xEA, 0xA2, 0x36, 0x95, 0x54, 0x4B, 0x67, 0x4D, 0x58, 0x2F,
    0xEA, 0xA3, 0x5F, 0xCC, 0x88, 0x99, 0x39, 0xE4, 0x57, 0xDE, 0xE1, 0xE7, 0x35, 0x94, 0xC2, 0xE6,
    0x08, 0xB1, 0x13, 0x06, 0xFB, 0xFF, 0xC6, 0xF3, 0xFC, 0x46, 0xD8, 0x1D, 0xFE, 0xD1, 0xF1, 0xD5,
    0x6D, 0x5D, 0x90, 0x89, 0x18, 0xB6, 0x95, 0x84, 0xA7, 0xF8, 0xB5, 0x74, 0x8B, 0xBD, 0xA7, 0xE9,
    0xF5, 0x59, 0x95, 0xE6, 0x8A, 0xF4, 0x52, 0x6D, 0xB4, 0x40, 0x22, 0x48, 0x68, 0x8C, 0xA5, 0xF9,
    0xA2, 0x96, 0x50, 0x10, 0xE3, 0x72, 0xD3, 0xF5, 0x80, 0x1B, 0x03, 0xB6, 0x92, 0x98, 0x60, 0x8F,
    0x4D, 0x30, 0x5E, 0x37, 0xA7, 0x1F, 0x35, 0xB6, 0x5E, 0xB2, 0x8D, 0xBB, 0x6B, 0x58, 0x3E, 0x17,
    0x18, 0xCB, 0xE1, 0x95, 0x8C, 0xE5, 0x6D, 0x2D, 0x1F, 0xD7, 0x7B, 0x08, 0xCA, 0x43, 0xE6, 0x68,
    0x3F, 0x67, 0xEB, 0x6B, 0x68, 0x57, 0xBA, 0xEE, 0x21, 0xF3, 0x7C, 0x46, 0xCF, 0x61, 0x9F, 0x86,
    0x53, 0x26, 0x6E, 0xF4, 0xDD, 0x00, 0x37, 0x22, 0xAF, 0xDE, 0xA7, 0x6B, 0x3A, 0xE4, 0xA2, 0xB0,
    0xBB, 0xE3, 0x0F, 0x0E, 0x43, 0xEF, 0x0D, 0xD3, 0x5B, 0x1D, 0x97, 0xA8, 0x53, 0x1E, 0x36, 0x88,
    0x1D, 0x7F, 0x36, 0x0E, 0x50, 0xB0, 0x0D, 0x0A, 0x87, 0xEA, 0x0A, 0xAE, 0xA0, 0x54, 0x72, 0x91,
    0xFC, 0xDC, 0x63, 0x18, 0x78, 0x03, 0xC9, 0x80, 0xF4, 0x0A, 0xE7, 0x2E, 0x22, 0x3A, 0x0E, 0x1B,
    0x1C, 0x41, 0x20, 0xCA, 0x45, 0x37, 0x0A, 0x25, 0x12, 0x64, 0x97, 0xFC, 0x2B, 0x54, 0x09, 0x0D,
    0x51, 0x57, 0x34, 0x7B, 0xE6, 0xE1, 0x6B, 0x8C, 0x1C, 0xC7, 0xFB, 0xAC, 0x9C, 0x18, 0x0B, 0xDE,
    0x24, 0x39, 0xA0, 0xBF, 0x6B, 0x15, 0x78, 0x0B, 0x43, 0xD8, 0xE3, 0x36, 0x75, 0x24, 0x76, 0xCD,
    0xE2, 0x3D, 0x21, 0xFF, 0x59, 0x47, 0xD5, 0x59, 0x38, 0x6F, 0x7C, 0xBB, 0x2B, 0x6A, 0xAE, 0xA1,
    0xF7, 0xCC, 0x2E, 0x2F, 0xA6, 0x98, 0x2D, 0x33, 0x70, 0xD8, 0x9B, 0xEE, 0x38, 0x8F, 0xC2, 0x84,
    0x8D, 0xCE, 0x06, 0x64, 0x4F, 0xAA, 0x5C, 0xD1, 0xD3, 0x34, 0xBD, 0xF1, 0xAD, 0x2E, 0x93, 0xD0,
    0x4E, 0x3C, 0x44, 0x32, 0x6D, 0x74, 0x74, 0x43, 0x40, 0x7C, 0xEB, 0xC9, 0xFE, 0x65, 0x1D, 0xDD,
    0x55, 0x3D, 0x82, 0xBF, 0x33, 0x9B, 0x31, 0xAF, 0xE8, 0x66, 0x4D, 0xB7, 0xFB, 0xF3, 0xE5, 0x1D,
    0xBD, 0x1A, 0x32, 0xE1, 0xC8, 0x5C, 0xED, 0x32, 0x67, 0x73, 0x1F, 0xF2, 0xE6, 0x82, 0x20, 0x5C,
    0x4F, 0x10, 0xCF, 0x6B, 0x9B, 0x6F, 0xE8, 0x95, 0xA4, 0x5C, 0x3A, 0x8F, 0x42, 0xA7, 0xF0, 0x7A,
    0x05, 0x76, 0x71, 0xF6, 0x79, 0x91, 0x6B, 0x99, 0x93, 0xA0, 0x85, 0xD5, 0x3B, 0xA6, 0x48, 0x91,
    0x49, 0x6D, 0xE7, 0x91, 0xCE, 0x3E, 0x99, 0x3A, 0x24, 0x9D, 0x7E, 0xAC, 0x6A, 0x58, 0x93, 0x74,
    0x57, 0xEC, 0xB1, 0x37, 0x1E, 0x02, 0x66, 0x19, 0x1C, 0x73, 0x94, 0x67, 0xB4, 0xD7, 0x12, 0x33,
    0x73, 0xFE, 0x1D, 0x63, 0xF9, 0x45, 0x09, 0xAE, 0x0D, 0x00, 0x9F, 0xF1, 0x79, 0x6B, 0x63, 0xC1,
    0x6C, 0xBB, 0x76, 0x61, 0xDB, 0xBD, 0xC6, 0xE9, 0xA4, 0x18, 0xA1, 0xE8, 0x16, 0x63, 0x14, 0x2F,
    0xC4, 0xEA, 0x69, 0x0B, 0x85, 0xDB, 0x34, 0x52, 0xEE, 0xAF, 0x70, 0x8F, 0x78, 0xCD, 0x5C, 0x1E,
    0x73, 0x7A, 0xF9, 0xDC, 0x79, 0xB6, 0xC9, 0x08, 0xEA, 0x05, 0x0F, 0x6D, 0x0F, 0xE0, 0x5D, 0x65,
    0x89, 0xD7, 0xCE, 0x39, 0x43, 0x27, 0x53, 0x4E, 0x4A, 0x67, 0x6E, 0xB6, 0xF1, 0xCA, 0x0E, 0xB9,
    0x61, 0xED, 0x90, 0x9B, 0x00, 0xAF, 0x32, 0x3B, 0x52, 0x71, 0xA3, 0xB2, 0x6A, 0xDF, 0x82, 0x65,
    0xC4, 0xF0, 0xA4, 0xB8, 0x5B, 0xC3, 0x65, 0x41, 0xB9, 0x7C, 0xF5, 0x3A, 0x21, 0x1D, 0x31, 0x2A,
    0x50, 0x11, 0xD9, 0x36, 0x46, 0x0E, 0xFA, 0x1E, 0x36, 0xFB, 0x6D, 0x6C, 0x3D, 0x4D, 0xFB, 0xD5,
    0x6A, 0xEB, 0xC9, 0xEF, 0x6D, 0x19, 0x7E, 0xCC, 0xCE, 0xCE, 0x8E, 0x99, 0xA9, 0x06, 0xDA, 0x2F,
    0x64, 0xF5, 0x9C, 0xD9, 0x7A, 0x7A, 0xA8, 0x18, 0x33, 0x6C, 0x6C, 0x3D, 0x25, 0x67, 0xB7, 0x9E,
    0xCE, 0xAE, 0xC4, 0xF6, 0xF4, 0x7D, 0x87, 0xF0, 0xCC, 0x11, 0xC3, 0x08, 0x19, 0x34, 0x91, 0x61,
    0x04, 0x6D, 0x6E, 0xAF, 0xA3, 0x3A, 0xDA, 0x5C, 0x89, 0x65, 0xD2, 0x22, 0x6A, 0xD8, 0x2D, 0x33,
    0x17, 0x8E, 0x80, 0xD0, 0x5B, 0xE6, 0xF5, 0x77, 0x68, 0x05, 0x9D, 0xDD, 0x31, 0x41, 0xAC, 0x4C,
    0xE7, 0x7D, 0x93, 0x32, 0x01, 0x38, 0xD4, 0x94, 0xD1, 0xBC, 0x7B, 0xD2, 0xEE, 0x5A, 0x6B, 0x9D,
    0xD8, 0xEA, 0xA2, 0x57, 0xA2, 0x77, 0xE4, 0x68, 0x2C, 0x36, 0x76, 0x52, 0x48, 0x46, 0x41, 0xC2,
    0xCB, 0x33, 0x2A, 0xEF, 0x74, 0x44, 0x4A, 0xC7, 0xDC, 0x31, 0xC7, 0xDC, 0x7D, 0xAE, 0x4F, 0x9C,
    0x66, 0x83, 0x3D, 0x7E, 0xE0, 0x6A, 0xE6, 0x88, 0x19, 0xD8, 0x8B, 0xA8, 0x60, 0x62, 0x26, 0xFC,
    0x36, 0xF1, 0x7F, 0x3E, 0xB7, 0xA4, 0xF9, 0x07, 0xB2, 0x2F, 0xDD, 0x59, 0xBA, 0x1D, 0x6C, 0x22,
    0x22, 0xA3, 0xCD, 0xFD, 0x0A, 0x02, 0xDF, 0x35, 0xBE, 0x8A, 0xA7, 0x76, 0x86, 0x34, 0xCF, 0x38,
    0x67, 0x25, 0x13, 0xC4, 0x2D, 0x9D, 0x21, 0x9E, 0x5B, 0x4E, 0x21, 0x41, 0x43, 0xD4, 0x8A, 0x70,
    0x69, 0x90, 0xD7, 0x4C, 0x6D, 0xCB, 0x81, 0x2C, 0xA2, 0x24, 0x9E, 0xEF, 0x28, 0xCE, 0xCA, 0x81,
    0x5C, 0x71, 0xB4, 0xEF, 0xB8, 0xD9, 0xEC, 0xFA, 0xE3, 0x33, 0xD6, 0x49, 0x26, 0xCE, 0xC2, 0xB7,
    0x34, 0x81, 0xB5, 0xB1, 0x2D, 0xB9, 0x06, 0x47, 0x0F, 0xBC, 0x96, 0xDA, 0xF4, 0xDC, 0x1C, 0x68,
    0xDE, 0x86, 0x1D, 0x75, 0x68, 0x26, 0x13, 0x2E, 0xDF, 0x2A, 0xFD, 0xA9, 0x86, 0xFB, 0x0F, 0x02,
    0xB7, 0xC7, 0xAD, 0x52, 0x37, 0x6F, 0x95, 0x7E, 0xC6, 0xFA, 0x74, 0x8B, 0x93, 0x39, 0x37, 0xCF,
    0xDB, 0x2A, 0xF5, 0xEE, 0x3C, 0x95, 0x03, 0xE2, 0x9F, 0x13, 0xBB, 0x2C, 0x72, 0xC2, 0x9A, 0xA7,
    0x97, 0xE7, 0xF4, 0xEE, 0xDA, 0x01, 0x71, 0x7F, 0x75, 0xAE, 0xE9, 0xDB, 0x97, 0x38, 0x20, 0xE6,
    0x55, 0x25, 0xBD, 0x7E, 0x1D, 0x03, 0x8B, 0xC4, 0xA0, 0xBB, 0x26, 0x77, 0xF8, 0xD6, 0xE7, 0x09,
    0x2B, 0xE3, 0x0F, 0x81, 0x86, 0x30, 0x07, 0x22, 0x0D, 0x31, 0xAB, 0xCD, 0x82, 0xA6, 0x71, 0xE5,
    0xB8, 0x12, 0xC6, 0x65, 0x41, 0xC6, 0x8D, 0xC3, 0x4E, 0x27, 0x1A, 0x0E, 0x59, 0x4C, 0x0D, 0x3F,
    0xDC, 0x7C, 0xBF, 0xC8, 0x60, 0xE1, 0xEE, 0x93, 0x37, 0x2E, 0xCD, 0x5F, 0x35, 0x9F, 0xCE, 0x2C,
    0xAB, 0x95, 0x61, 0x1B, 0x2F, 0x8C, 0x5B, 0x6F, 0xB9, 0x64, 0xD2, 0x38, 0xF2, 0x73, 0x3E, 0x5B,
    0x62, 0xA1, 0x72, 0x7A, 0xA2, 0x83, 0xE6, 0x48, 0xE1, 0xE0, 0x56, 0xF8, 0x90, 0xC0, 0x12, 0x37,
    0xD7, 0x9B, 0x20, 0xBD, 0x1D, 0xDB, 0x5E, 0x8E, 0xAC, 0xCB, 0x1C, 0x4C, 0x29, 0x8F, 0x6B, 0xF3,
    0xA0, 0x4C, 0xB9, 0x69, 0xC8, 0x7B, 0xE3, 0xE2, 0xA4, 0x76, 0x28, 0xED, 0xF2, 0x9C, 0xF6, 0x4D,
    0x98, 0x33, 0x48, 0x83, 0x7A, 0xBF, 0xDF, 0x6C, 0x35, 0xFF, 0xCD, 0x9C, 0xD7, 0x57, 0x60, 0xDD,
    0xCF, 0x4E, 0xB4, 0x86, 0xAC, 0xB3, 0x71, 0xB3, 0xAB, 0x26, 0x82, 0xAC, 0xD0, 0x40, 0x1D, 0xB1,
    0x38, 0x2F, 0x3D, 0xD8, 0x2C, 0xE8, 0x1D, 0x38, 0x9B, 0x7F, 0xBC, 0xF1, 0x77, 0xF3, 0x70, 0x54,
    0xF8, 0xB9, 0xC3, 0x51, 0x35, 0xEC, 0x49, 0x16, 0x32, 0x2E, 0x17, 0x32, 0xDF, 0x96, 0x91, 0x11,
    0xF0, 0x5E, 0x92, 0x63, 0x3C, 0xE8, 0x67, 0xC7, 0x78, 0x05, 0x7B, 0x32, 0x23, 0x52, 0x6C, 0xCC,
    0xCD, 0xF8, 0xBA, 0x11, 0x5F, 0xC3, 0x8B, 0x3F, 0xDF, 0xC5, 0x8C, 0xBA, 0x39, 0xBC, 0xAE, 0xC1,
    0xEC, 0x97, 0x92, 0xEB, 0xBA, 0x0B, 0xFC, 0xF4, 0xB7, 0xD7, 0x7E, 0x7A, 0x39, 0xEB, 0xA7, 0x2F,
    0x50, 0xBC, 0x39, 0x2E, 0xFC, 0xF4, 0x1C, 0xC9, 0xB0, 0xE0, 0x25, 0xF3, 0xA5, 0x80, 0x90, 0x39,
    0xC9, 0x9F, 0xE7, 0x30, 0x31, 0x56, 0x67, 0xA4, 0x1A, 0x2C, 0x3C, 0x3E, 0x7E, 0xAF, 0xC0, 0xB8,
    0x1E, 0x2B, 0x75, 0x2A, 0x65, 0xEC, 0x34, 0x0D, 0x53, 0xD7, 0x18, 0x89, 0x13, 0xE2, 0x90, 0xD8,
    0x5D, 0xE1, 0x0F, 0xAC, 0x6D, 0x69, 0xED, 0x83, 0xE6, 0x3E, 0x55, 0x38, 0x14, 0xBB, 0xC4, 0x7D,
    0x98, 0xC9, 0x6F, 0x36, 0xBF, 0x19, 0xFD, 0x66, 0xF5, 0xD3, 0xEC, 0x27, 0x0A, 0x22, 0x2B, 0x15,
    0x71, 0x83, 0xA2, 0x0F, 0x3B, 0xC8, 0xE0, 0xC9, 0xB6, 0x8D, 0x77, 0x6B, 0xD5, 0x78, 0x5F, 0x23,
    0xAE, 0xD1, 0x2E, 0xF5, 0x1D, 0x7D, 0x27, 0x71, 0x67, 0x6A, 0xDE, 0x78, 0x04, 0xF2, 0xBE, 0xD1,
    0x29, 0x7F, 0xF3, 0xF3, 0x96, 0xFC, 0xB8, 0x26, 0xFF, 0xBA, 0x9C, 0x95, 0x8D, 0xD1, 0xFE, 0xF2,
    0xCB, 0x86, 0xFC, 0x2B, 0x67, 0xEF, 0xE9, 0xC9, 0x9F, 0x0D, 0x64, 0x2D, 0x1B, 0x77, 0x3B, 0xD2,
    0x86, 0x8C, 0x1D, 0x76, 0x26, 0x04, 0xF4, 0xDD, 0x2C, 0x4E, 0xFF, 0xDE, 0x61, 0x2E, 0xB5, 0xAC,
    0x6D, 0xC0, 0xB2, 0x46, 0xB9, 0x3A, 0x30, 0xBF, 0x0E, 0xC5, 0xAB, 0x8A, 0x5F, 0xB2, 0xC0, 0x32,
    0xF0, 0xD7, 0x23, 0x22, 0x25, 0x92, 0x7C, 0xE9, 0xDE, 0x0A, 0x1B, 0x05, 0x2B, 0x78, 0xF0, 0x7A,
    0x36, 0xFA, 0x31, 0x44, 0x10, 0xD5, 0x32, 0x71, 0x84, 0x39, 0xD0, 0x0E, 0xF0, 0xA8, 0x92, 0x82,
    0x46, 0x11, 0xB1, 0x7D, 0x12, 0x28, 0xF6, 0x14, 0x4F, 0x4E, 0x14, 0xD2, 0x13, 0x83, 0xC2, 0x15,
    0x44, 0x96, 0x2B, 0x92, 0x5A, 0x11, 0x9F, 0x39, 0xEB, 0x26, 0x44, 0x51, 0x17, 0x82, 0xC4, 0x89,
    0x20, 0xEC, 0x23, 0x73, 0x81, 0x10, 0x7F, 0x48, 0x04, 0x9B, 0x78, 0x85, 0x4B, 0x9C, 0x51, 0xF1,
    0xF1, 0xA8, 0x1A, 0xFA, 0xC7, 0xE5, 0x32, 0xDD, 0xDB, 0x04, 0x2B, 0x55, 0x3A, 0xC5, 0x6F, 0x2D,
    0xDD, 0x63, 0x22, 0x23, 0x92, 0xCD, 0x33, 0x76, 0x89, 0xBC, 0xCE, 0x08, 0xF2, 0x8C, 0xFA, 0xA6,
    0x64, 0xAF, 0x64, 0x99, 0x1E, 0xDC, 0xD5, 0xB2, 0x36, 0xEF, 0x5A, 0xA9, 0x94, 0x41, 0xCB, 0x65,
    0x02, 0xAD, 0x42, 0x1B, 0xF9, 0xD6, 0x2F, 0x59, 0xB4, 0x43, 0x52, 0x06, 0xE3, 0x48, 0xBA, 0xCC,
    0x98, 0x96, 0x64, 0xDC, 0x90, 0x91, 0x23, 0x83, 0x9E, 0xF4, 0x46, 0x12, 0x55, 0x4E, 0x66, 0x35,
    0x38, 0x77, 0x77, 0xA8, 0x24, 0xB7, 0x21, 0x4A, 0x75, 0xE2, 0xD2, 0x9A, 0x3E, 0x94, 0x5A, 0x23,
    0xEA, 0xC0, 0xB9, 0x51, 0x11, 0x96, 0xB8, 0x99, 0xC5, 0xB6, 0x26, 0x30, 0xE4, 0x8A, 0xB8, 0x56,
    0x84, 0x8D, 0xC2, 0xAC, 0x14, 0xAF, 0x57, 0xE0, 0x21, 0x7C, 0x69, 0xB3, 0x3C, 0x14, 0x1D, 0x1D,
    0x1C, 0x62, 0xE2, 0xBE, 0xB2, 0xC3, 0x70, 0x7C, 0x36, 0xE9, 0x36, 0xF8, 0x53, 0xE3, 0x3B, 0x2F,
    0x64, 0x87, 0xA8, 0x67, 0x2C, 0x97, 0x2E, 0x0A, 0x71, 0xD3, 0xAA, 0x82, 0x75, 0x01, 0x0A, 0xCB,
    0xEC, 0xFE, 0x2C, 0xB0, 0x2D, 0x9A, 0x59, 0xE0, 0x8C, 0x10, 0x7D, 0xD6, 0x82, 0xB5, 0xB2, 0x7A,
    0xED, 0xEA, 0x62, 0xAE, 0x1D, 0xB0, 0x7A, 0x4C, 0x70, 0x44, 0x17, 0x23, 0xC9, 0xB2, 0xDC, 0x35,
    0x06, 0x1B, 0xF4, 0xE7, 0xC2, 0xCF, 0xB4, 0xF2, 0x5E, 0x4C, 0x56, 0x84, 0xC5, 0x69, 0x34, 0x5F,
    0x90, 0x49, 0xB3, 0x9B, 0xED, 0xC8, 0x92, 0xBD, 0x33, 0xB8, 0xB2, 0xBC, 0x33, 0x4B, 0x46, 0x34,
    0xCB, 0xDE, 0x24, 0xD7, 0x6C, 0x26, 0x51, 0x11, 0x4B, 0xBB, 0x64, 0x61, 0x9A, 0x50, 0xC6, 0x17,
    0x4A, 0x2D, 0xFF, 0x81, 0x94, 0x49, 0xA9, 0x15, 0xA0, 0xD1, 0xA6, 0xF9, 0x96, 0xAA, 0xC3, 0x43,
    0x23, 0xFC, 0x81, 0xA4, 0xD6, 0x32, 0x11, 0x4B, 0x63, 0x32, 0x9C, 0xC8, 0xA5, 0xEA, 0x10, 0xE9,
    0x66, 0xD1, 0x02, 0xB6, 0xA1, 0x37, 0x57, 0xC3, 0xB6, 0xD8, 0xE9, 0x4D, 0x88, 0x98, 0xF8, 0xA4,
    0xAA, 0x29, 0xF2, 0xB8, 0xA1, 0x40, 0xB4, 0x74, 0xB5, 0x6C, 0x0B, 0x56, 0xA3, 0xFE, 0x5F, 0xEB,
    0x91, 0x62, 0x4E, 0xB9, 0x35, 0x11, 0x35, 0x9B, 0x27, 0x7F, 0xB2, 0x92, 0xBC, 0x21, 0x24, 0xD2,
    0x81, 0xA4, 0xCD, 0x01, 0xCF, 0x4A, 0x91, 0x96, 0x54, 0x9E, 0x74, 0xD4, 0x23, 0x68, 0xE3, 0xFF,
    0xDE, 0x23, 0x2E, 0x33, 0x2E, 0xC5, 0xB0, 0x87, 0x87, 0x1A, 0x78, 0xAC, 0xE4, 0xC8, 0x4E, 0x42,
    0x9C, 0x18, 0x87, 0x33, 0xDC, 0x33, 0x1E, 0x63, 0xD4, 0x77, 0x9E, 0xF0, 0x13, 0xF6, 0x4A, 0xE6,
    0x75, 0x48, 0xEB, 0xF8, 0x3D, 0xDA, 0x0B, 0xE1, 0xA7, 0x35, 0x82, 0xC9, 0x97, 0xFD, 0x3B, 0xA8,
    0xAC, 0x16, 0x42, 0xF9, 0xB7, 0x92, 0xE3, 0x3A, 0xAB, 0xF4, 0x2F, 0x39, 0xF7, 0xFF, 0x4C, 0x7A,
    0x1A, 0x25, 0x23, 0xF6, 0xC2, 0xE6, 0x18, 0x47, 0x71, 0xAD, 0x69, 0x11, 0xC3, 0x26, 0xF6, 0x30,
    0x46, 0xCD, 0x21, 0x1E, 0x86, 0x6D, 0x8F, 0xCC, 0xFF, 0x95, 0x43, 0xD2, 0x48, 0x9D, 0xDB, 0xD6,
    0x32, 0xAA, 0xFF, 0x35, 0x6D, 0x9D, 0xC9, 0x0C, 0x79, 0x26, 0xB3, 0xC4, 0x61, 0x0A, 0x1C, 0x3E,
    0xCD, 0x99, 0xCC, 0x94, 0x6A, 0x53, 0xCF, 0x64, 0x06, 0xF3, 0x19, 0xFD, 0xF7, 0xE7, 0x95, 0xDE,
    0x22, 0xFC, 0x27, 0x0D, 0x6C, 0xDF, 0x22, 0xDF, 0xDA, 0xE2, 0x8C, 0x17, 0x5B, 0x9C, 0xC7, 0x88,
    0xF1, 0xE0, 0x9C, 0xF8, 0xA7, 0x85, 0xF7, 0x3C, 0xA3, 0x71, 0x33, 0xFD, 0x79, 0xCD, 0xCF, 0xE0,
    0x80, 0xDB, 0x21, 0xB5, 0x05, 0x2F, 0xAC, 0xCD, 0xDC, 0xF5, 0x47, 0xD8, 0xF3, 0xD2, 0xCE, 0x81,
    0x02, 0x31, 0x11, 0xD5, 0x4B, 0x84, 0x44, 0x50, 0x1A, 0x9E, 0x63, 0x17, 0x56, 0x68, 0x4B, 0x2C,
    0xC2, 0x77, 0x16, 0xD6, 0xC4, 0xEF, 0x2F, 0x0C, 0x8A, 0x86, 0x76, 0xB9, 0x9D, 0xBB, 0x0C, 0xAC,
    0xBF, 0x7B, 0x83, 0x25, 0xFD, 0x10, 0x71, 0x69, 0x33, 0xB2, 0x75, 0xC7, 0x3D, 0x30, 0xB6, 0x13,
    0xEB, 0xCD, 0x1D, 0xB8, 0x6B, 0xE0, 0xD6, 0x87, 0x48, 0xAB, 0x92, 0xCC, 0x70, 0x45, 0x46, 0xA6,
    0xE6, 0x12, 0x52, 0xC6, 0x48, 0xEA, 0xA2, 0xF7, 0x25, 0xE7, 0x05, 0x0E, 0x0E, 0x91, 0x01, 0xA1,
    0xF3, 0x4C, 0x93, 0xD3, 0x9B, 0x62, 0xAE, 0x48, 0xD6, 0xC1, 0x03, 0x66, 0x66, 0x8F, 0x6A, 0x33,
    0xB3, 0x95, 0x80, 0x9D, 0x06, 0x1D, 0x18, 0x59, 0xFF, 0x85, 0xB5, 0x9B, 0x5A, 0x73, 0x0B, 0x9B,
    0x31, 0x97, 0xA9, 0x9A, 0x50, 0x8D, 0x91, 0x43, 0xC4, 0x61, 0x1C, 0x97, 0x7E, 0xCF, 0x12, 0x0E,
    0xB4, 0x47, 0x8F, 0x35, 0x07, 0x36, 0x48, 0x90, 0xBC, 0xC7, 0x4E, 0xF7, 0x57, 0x35, 0x10, 0xFE,
    0xD2, 0xCC, 0xA7, 0xB9, 0x0F, 0x18, 0x2E, 0xD9, 0xEE, 0xDD, 0x99, 0x0F, 0xB2, 0x0E, 0x4C, 0x40,
    0xEA, 0xCC, 0x8A, 0xD5, 0x68, 0xA4, 0x61, 0x3B, 0x9B, 0xA6, 0x1D, 0xFC, 0x8E, 0xFE, 0xA1, 0x3E,
    0x68, 0x16, 0xC5, 0x3A, 0x8A, 0x73, 0x16, 0x8B, 0x25, 0xB2, 0x55, 0xC0, 0xE1, 0xB2, 0x44, 0x22,
    0xB5, 0xE1, 0xB2, 0x62, 0x89, 0xF5, 0x9C, 0xAF, 0xFA, 0xE8, 0xEC, 0x7A, 0x2D, 0x14, 0x97, 0x1B,
    0xCC, 0xC9, 0xC8, 0x18, 0x3E, 0xDB, 0xF6, 0x77, 0x03, 0x6E, 0xD0, 0x9D, 0xDD, 0xFE, 0x66, 0x36,
    0xD7, 0xB0, 0xD5, 0xDD, 0x0A, 0xC8, 0x45, 0x2C, 0x5B, 0x26, 0x46, 0x9C, 0xAA, 0x4F, 0x34, 0x36,
    0xAF, 0xE8, 0xB6, 0x28, 0xAD, 0x72, 0x3C, 0x98, 0xC0, 0x8B, 0x14, 0xFB, 0xDC, 0x02, 0xF5, 0x85,
    0x4F, 0x1E, 0xCD, 0x02, 0x7C, 0xB2, 0x85, 0xB8, 0x74, 0x6D, 0x56, 0x88, 0x44, 0x52, 0x57, 0x64,
    0xF9, 0xA0, 0x78, 0xDB, 0x1B, 0x70, 0x2F, 0x8B, 0xB1, 0xE4, 0xF7, 0xB2, 0xDF, 0x53, 0x22, 0xC3,
    0x15, 0x69, 0xB9, 0x68, 0x22, 0x23, 0x58, 0x57, 0x1B, 0xF4, 0xEB, 0x35, 0x3D, 0x23, 0x72, 0x1E,
    0x30, 0x1E, 0x5E, 0xC6, 0x01, 0x63, 0x70, 0xF5, 0xB7, 0xC2, 0xEE, 0x0A, 0xAF, 0x12, 0xDF, 0x7E,
    0xCE, 0x53, 0x07, 0xF3, 0xCC, 0x62, 0x3E, 0xB7, 0xF5, 0x68, 0x69, 0x59, 0x58, 0xC2, 0xB3, 0xD2,
    0x1B, 0xF2, 0xC5, 0x81, 0x6A, 0xFF, 0xD2, 0xF2, 0xEE, 0x2A, 0x3A, 0x85, 0x3F, 0x28, 0x20, 0x87,
    0xC9, 0xAA, 0xBC, 0xFF, 0xAF, 0xD6, 0x6C, 0xC7, 0x5B, 0xC0, 0x1A, 0x09, 0xEF, 0x23, 0x2C, 0xCA,
    0x9B, 0x4D, 0x2C, 0x51, 0x1F, 0xCA, 0x76, 0x89, 0x08, 0xA7, 0x18, 0x14, 0x9E, 0x95, 0xC8, 0x90,
    0x8C, 0x0A, 0xB8, 0x15, 0x40, 0x98, 0xF7, 0x34, 0x93, 0x66, 0xDB, 0x93, 0x79, 0x01, 0xAE, 0x71,
    0x20, 0xCF, 0x7B, 0xBA, 0x93, 0x5D, 0xEA, 0x65, 0xBA, 0x57, 0xDA, 0xEA, 0x4A, 0x79, 0xA3, 0xB7,
    0xE0, 0x85, 0xDE, 0x9D, 0xD5, 0x0E, 0xF2, 0x1F, 0x5F, 0x9C, 0x90, 0xAE, 0xEB, 0x83, 0x5F, 0xCD,
    0x09, 0x0D, 0x1C, 0xC3, 0x13, 0xDB, 0xE8, 0xB2, 0xA3, 0x51, 0x97, 0x1F, 0xD0, 0xE2, 0xBA, 0x03,
    0x2C, 0xA6, 0xDD, 0x7D, 0xDF, 0xAF, 0x4A, 0x46, 0x97, 0x34, 0xD4, 0x88, 0x51, 0xFB, 0x8A, 0xAD,
    0xB7, 0xEE, 0xA5, 0xB9, 0xB2, 0xCF, 0xA0, 0x14, 0x3E, 0xAE, 0x20, 0x5B, 0x14, 0xBA, 0x29, 0x91,
    0x6F, 0x69, 0x9A, 0x34, 0x37, 0x96, 0x1B, 0x5E, 0xEA, 0x96, 0x0C, 0x7A, 0xD2, 0x93, 0x0F, 0xDE,
    0xA2, 0xD9, 0xB0, 0xD8, 0xF8, 0xF8, 0xDB, 0xD9, 0x4B, 0x61, 0x3B, 0xEF, 0xB6, 0xF5, 0x7E, 0x33,
    0x2B, 0xB3, 0xF2, 0xA7, 0xC7, 0x48, 0xEA, 0x6E, 0xB1, 0xFB, 0x2E, 0x75, 0x41, 0x9C, 0xE9, 0x6A,
    0xA8, 0x56, 0x53, 0x68, 0xAA, 0xBB, 0xF0, 0xF3, 0x71, 0x5E, 0xAF, 0xEA, 0x57, 0x77, 0x77, 0x53,
    0xEB, 0xEF, 0xD5, 0x07, 0x92, 0x83, 0x9A, 0x86, 0x27, 0x62, 0xB5, 0x40, 0xD7, 0x78, 0x34, 0xB6,
    0x7D, 0x4D, 0xA9, 0x2E, 0x5C, 0x2B, 0x53, 0x67, 0x1C, 0xB5, 0x1C, 0x77, 0x5D, 0x65, 0x25, 0x4B,
    0xC9, 0x76, 0x5B, 0x7B, 0xAE, 0xCA, 0xB4, 0x9A, 0x72, 0x1D, 0x19, 0x4D, 0xF9, 0xF5, 0xF7, 0xD9,
    0x0C, 0x4C, 0x92, 0x1E, 0x46, 0x53, 0x45, 0x6B, 0x93, 0xF8, 0xC8, 0x78, 0xDB, 0xB8, 0xBB, 0xC1,
    0x6F, 0x63, 0x55, 0xEE, 0x1E, 0xCC, 0x3B, 0x23, 0x2F, 0xF2, 0x7B, 0x34, 0x9D, 0xDC, 0x11, 0xE2,
    0x8D, 0xC2, 0x67, 0xE7, 0x15, 0xFE, 0xE1, 0xEA, 0x06, 0x49, 0xD6, 0xDE, 0xC8, 0x11, 0x33, 0x65,
    0x5F, 0x26, 0xE6, 0xEE, 0x7D, 0xC2, 0x72, 0xB8, 0x8D, 0x08, 0xCF, 0xFB, 0xA5, 0x05, 0x8C, 0x97,
    0x45, 0x59, 0xDC, 0x97, 0x5E, 0xDD, 0x98, 0x5E, 0xB8, 0x1E, 0x16, 0x35, 0x7F, 0xF1, 0x13, 0x35,
    0xA1, 0xF4, 0x5F, 0xE4, 0x65, 0x64, 0x02, 0x51, 0xBD, 0xF0, 0x32, 0x36, 0x6B, 0x2F, 0xA3, 0x75,
    0xA1, 0x3E, 0x33, 0xAB, 0xCC, 0x6A, 0x7A, 0xDB, 0xCB, 0x68, 0x96, 0x7E, 0xA8, 0xEF, 0xEB, 0x16,
    0x5E, 0xC6, 0x61, 0xF6, 0x32, 0x2E, 0x0C, 0xDA, 0xCC, 0x5A, 0x70, 0x62, 0x3A, 0x4B, 0x2F, 0xA3,
    0x43, 0xDC, 0xA9, 0xE4, 0x2F, 0x8D, 0xAF, 0xF9, 0x12, 0xF3, 0x32, 0xF6, 0xEC, 0x52, 0xBE, 0x8B,
    0x67, 0x0F, 0x40, 0xAD, 0xEC, 0x53, 0x25, 0xC4, 0x0A, 0xBA, 0xF3, 0x18, 0x5B, 0xCF, 0xEC, 0x5F,
    0x8C, 0xDB, 0x6C, 0xF0, 0x07, 0xF5, 0x2E, 0x76, 0xE1, 0x60, 0xCE, 0x45, 0xF3, 0x2D, 0xBE, 0x6A,
    0xAE, 0xC5, 0xD7, 0x80, 0xE8, 0x3D, 0xF7, 0xA1, 0x39, 0x16, 0x6B, 0x6B, 0xE9, 0xD6, 0xDC, 0x8A,
    0xCE, 0x96, 0xFE, 0xDC, 0xAD, 0x0D, 0xDC, 0xD1, 0xE2, 0x8C, 0x4D, 0xD0, 0xD1, 0xB9, 0xA1, 0x1E,
    0xC5, 0x3E, 0x72, 0x59, 0x9E, 0x0D, 0xDE, 0x90, 0x49, 0xEB, 0xF5, 0x99, 0x34, 0xD1, 0x70, 0x7D,
    0xE4, 0x52, 0x65, 0xC0, 0xD1, 0x35, 0x45, 0xC7, 0x0F, 0xB4, 0x8A, 0xA8, 0x56, 0xC4, 0x50, 0xEC,
    0x59, 0x1E, 0x3B, 0x62, 0x02, 0x06, 0xCF, 0x2E, 0x03, 0xA4, 0xB5, 0x22, 0x6E, 0x15, 0xA1, 0xCD,
    0x7A, 0x67, 0x91, 0x48, 0x13, 0xB6, 0x8C, 0xBE, 0x59, 0x0E, 0xD5, 0xB4, 0x5C, 0x8C, 0xAC, 0x70,
    0x04, 0x7C, 0xC6, 0xC7, 0x98, 0xE8, 0x67, 0xE3, 0x73, 0x47, 0x86, 0x40, 0xB7, 0xD6, 0xE3, 0x81,
    0x7B, 0x79, 0x71, 0x7D, 0xA8, 0xA1, 0x43, 0xAC, 0x2E, 0xAF, 0x58, 0x46, 0x0D, 0x52, 0xEB, 0xDF,
    0x1D, 0xE7, 0xED, 0xB8, 0xF6, 0xFA, 0x58, 0x13, 0x67, 0x28, 0x7A, 0x0C, 0xC2, 0xAC, 0xC3, 0xEB,
    0xD9, 0x54, 0x0B, 0x6F, 0x7F, 0x83, 0xEB, 0x52, 0x72, 0x23, 0x09, 0xD1, 0xE3, 0xD9, 0xCC, 0x27,
    0xC6, 0xED, 0xCB, 0xC8, 0x97, 0x5D, 0x4B, 0x2E, 0x2F, 0xBB, 0x96, 0x7C, 0xA2, 0xB0, 0xAB, 0x8F,
    0x76, 0xF3, 0xD1, 0x2E, 0x3E, 0xDA, 0xBD, 0x47, 0x1B, 0x93, 0x5B, 0x7B, 0xDF, 0x5E, 0xBB, 0xD4,
    0xC7, 0x9E, 0x2D, 0x9F, 0xCA, 0x67, 0x3F, 0x99, 0xFB, 0x64, 0xE3, 0x64, 0xAE, 0xD9, 0x71, 0x8A,
    0x74, 0x35, 0xE6, 0xDF, 0x25, 0xDE, 0x81, 0x79, 0x33, 0xFA, 0x97, 0xEC, 0xD8, 0x51, 0x16, 0x46,
    0x3E, 0xC7, 0xC6, 0x81, 0xF0, 0x8D, 0x89, 0x23, 0xE6, 0x35, 0xD0, 0xB4, 0x5E, 0xA8, 0x07, 0xD2,
    0x3F, 0x9F, 0x7B, 0xC7, 0x52, 0xDD, 0x38, 0x9C, 0xF4, 0xF0, 0xE2, 0x13, 0x4A, 0x5F, 0xF1, 0xDD,
    0x4F, 0x9B, 0x63, 0xC8, 0xA0, 0x35, 0x6E, 0xDC, 0xFF, 0x8A, 0x08, 0xFC, 0xE3, 0xB9, 0x3E, 0x5E,
    0x98, 0xBB, 0xCB, 0x9B, 0x8F, 0xD4, 0x6E, 0xEF, 0x99, 0xE6, 0x7C, 0x01, 0x2B, 0x6B, 0xB0, 0xFB,
    0x92, 0xAC, 0xC1, 0x1B, 0xA6, 0x6A, 0x0D, 0xAD, 0xCD, 0xCA, 0xDB, 0x2B, 0x5E, 0xC2, 0x2F, 0x91,
    0x49, 0x2C, 0x75, 0xDA, 0x87, 0x13, 0x9E, 0xE3, 0x0C, 0x2A, 0x0D, 0x73, 0x83, 0x69, 0xCF, 0x6D,
    0xB7, 0xFA, 0x77, 0x88, 0x6B, 0xF8, 0xF2, 0x6E, 0x22, 0x77, 0x4F, 0x7D, 0x13, 0xD9, 0x2D, 0x6E,
    0x22, 0x83, 0x4F, 0xBC, 0xE5, 0x34, 0x4A, 0xF2, 0xCD, 0x85, 0xC3, 0xAE, 0x11, 0xAF, 0xC1, 0x0E,
    0xE0, 0xE7, 0x2F, 0xF4, 0x00, 0x7E, 0x59, 0x30, 0x3B, 0x9B, 0x3D, 0x30, 0x27, 0x63, 0xAC, 0x2A,
    0x0D, 0xAF, 0x1A, 0xAF, 0x71, 0x9E, 0xA9, 0xD8, 0x3E, 0xCF, 0xF8, 0x93, 0x9A, 0x2F, 0x6F, 0xFB,
    0x18, 0x44, 0x73, 0xF9, 0x31, 0x08, 0x7B, 0xFC, 0x86, 0x8C, 0x1C, 0x19, 0x1B, 0xD3, 0x9E, 0xBC,
    0x3D, 0x90, 0x87, 0x87, 0x64, 0xBF, 0x47, 0x76, 0x99, 0x75, 0xF3, 0x34, 0xE7, 0xC8, 0x4A, 0x4A,
    0x20, 0x6C, 0x2C, 0x95, 0x3A, 0x6A, 0x94, 0xC2, 0x9A, 0x4E, 0x8D, 0x7B, 0xB6, 0xCB, 0x45, 0x45,
    0x68, 0x3F, 0xA3, 0x0D, 0x90, 0x63, 0x1B, 0x21, 0x05, 0x12, 0x29, 0x23, 0xE9, 0x32, 0xA9, 0x13,
    0xE9, 0x52, 0xF4, 0xF3, 0x4D, 0xA4, 0x3F, 0x1D, 0xAC, 0xA5, 0xFC, 0xCD, 0xD3, 0x0D, 0xFB, 0x40,
    0x64, 0x67, 0x77, 0x3B, 0x3B, 0xFF, 0x70, 0xB2, 0xE1, 0x7D, 0xF2, 0x2A, 0xBE, 0x7F, 0x40, 0xF1,
    0xC1, 0x00, 0xF6, 0x5D, 0xFE, 0x1B, 0xB9, 0x9B, 0xF2, 0x96, 0x7C, 0x98, 0x4D, 0x85, 0x8B, 0xBA,
    0xB4, 0xE4, 0x91, 0x50, 0x2B, 0x92, 0xAC, 0xC8, 0xBF, 0x9C, 0xFB, 0x84, 0x35, 0x19, 0x93, 0x5B,
    0x5F, 0x70, 0x72, 0xD4, 0x91, 0x7D, 0x4F, 0xCE, 0xC7, 0x5B, 0xDC, 0xD1, 0x6C, 0xC9, 0xD8, 0x87,
    0xC8, 0xB8, 0x4E, 0x4A, 0x65, 0x7E, 0xF6, 0x0B, 0x4E, 0x8E, 0x96, 0x67, 0x3F, 0xBA, 0xF5, 0x2D,
    0x64, 0xFE, 0xAA, 0x9C, 0x38, 0x42, 0x12, 0x73, 0x36, 0x64, 0xE2, 0x12, 0xED, 0xE8, 0xD9, 0xC7,
    0x83, 0x05, 0xFE, 0x7F, 0xF3, 0x79, 0xFE, 0xFB, 0x5C, 0xB1, 0x58, 0x9E, 0xA2, 0x59, 0x78, 0xF2,
    0xE8, 0x6E, 0xC3, 0xA3, 0x63, 0xB5, 0xA7, 0x22, 0xFC, 0x85, 0x89, 0x38, 0xAE, 0xC1, 0x0D, 0xD4,
    0xB9, 0xF8, 0xBB, 0xB3, 0xB8, 0x3F, 0x0B, 0x17, 0x8B, 0xB0, 0xB5, 0x29, 0xA8, 0xAE, 0x1F, 0xBD,
    0x61, 0x51, 0x9A, 0x42, 0x9C, 0xC5, 0x1E, 0x57, 0xEA, 0x30, 0x15, 0x8D, 0x77, 0xD0, 0x53, 0x7C,
    0xE4, 0x3B, 0x8A, 0x2E, 0x68, 0x11, 0x3F, 0x7A, 0xB3, 0x4B, 0x27, 0x54, 0xE6, 0x70, 0xF3, 0xCD,
    0x10, 0xFF, 0x06, 0x8F, 0x1C, 0x86, 0xE2, 0xB2, 0x01, 0x99, 0xF4, 0x22, 0x2C, 0x58, 0x9B, 0x95,
    0x5A, 0x84, 0x3A, 0xA9, 0xFF, 0x35, 0xB2, 0x7C, 0x76, 0x2A, 0x1C, 0xD4, 0xF8, 0x66, 0x35, 0x5F,
    0xAD, 0xF9, 0xDF, 0x6F, 0x20, 0x7B, 0x3C, 0x9F, 0x12, 0x24, 0x07, 0xDA, 0x35, 0x2C, 0x72, 0x03,
    0x16, 0xF6, 0xF4, 0xCD, 0x32, 0x93, 0xBF, 0xA1, 0x9F, 0x60, 0x34, 0xD7, 0xE3, 0x1D, 0x2F, 0x5F,
    0x6C, 0x46, 0x76, 0xA1, 0x83, 0x3F, 0x70, 0x5A, 0xB4, 0xAC, 0x9A, 0xFB, 0x0A, 0xF9, 0x85, 0x5F,
    0x60, 0xF7, 0x35, 0xC3, 0x17, 0x7F, 0x81, 0xDD, 0x9D, 0x8B, 0xBE, 0xAA, 0x24, 0x3A, 0xFF, 0xAB,
    0x4A, 0xEA, 0x3D, 0xD0, 0xCD, 0x1B, 0xB7, 0x15, 0x4C, 0x5D, 0x1C, 0xBC, 0x7F, 0xE1, 0x29, 0xE5,
    0xEC, 0xCC, 0x29, 0xE5, 0x01, 0xB8, 0xF4, 0x94, 0xB2, 0x1D, 0xB5, 0x8D, 0x58, 0xBA, 0x8C, 0x37,
    0x2D, 0x47, 0x9A, 0x00, 0x8E, 0xF5, 0x94, 0x2F, 0x67, 0xE9, 0x8D, 0xEB, 0x96, 0xDF, 0xA0, 0x53,
    0x45, 0xB6, 0x2E, 0xB1, 0x11, 0x49, 0xA9, 0x48, 0xF3, 0xE5, 0xD9, 0xB6, 0x07, 0xC8, 0xE8, 0xCB,
    0x4B, 0xF4, 0x18, 0x0C, 0xCC, 0x9D, 0x8B, 0xAA, 0xDB, 0x1C, 0x8C, 0xB4, 0x57, 0x05, 0xB9, 0x59,
    0xE0, 0xD6, 0xF3, 0x6B, 0x46, 0xBB, 0xCE, 0x70, 0xAC, 0xD1, 0x25, 0x39, 0x5B, 0x2A, 0xFB, 0xB3,
    0x11, 0x89, 0x74, 0x1C, 0xD4, 0x57, 0xF9, 0x16, 0xBF, 0x97, 0x56, 0x96, 0x4B, 0x07, 0xDC, 0x46,
    0x39, 0xFB, 0x67, 0x28, 0xE7, 0x7A, 0x8E, 0x89, 0x9D, 0x6C, 0x49, 0xFE, 0xFD, 0xE2, 0x27, 0x68,
    0xD9, 0x35, 0x4E, 0x10, 0x0E, 0xBE, 0xF4, 0xF4, 0x3D, 0x4E, 0x9A, 0x20, 0xAD, 0xF6, 0x54, 0x65,
    0x5C, 0x52, 0xA5, 0xC7, 0xB5, 0x6D, 0x73, 0x36, 0xB6, 0x27, 0x0E, 0xCF, 0xC5, 0xF5, 0x47, 0x36,
    0x39, 0xC5, 0xB5, 0x9B, 0xC7, 0xED, 0xC7, 0x0D, 0x65, 0x66, 0x7D, 0xDD, 0xFA, 0xB7, 0xFD, 0x3E,
    0xC4, 0x54, 0xAB, 0xF0, 0xFB, 0xF8, 0x67, 0x3D, 0xE6, 0x65, 0xD0, 0x68, 0xFA, 0xD0, 0x36, 0xCE,
    0x91, 0xD6, 0xB6, 0x77, 0x8E, 0x22, 0xB7, 0xED, 0x73, 0x30, 0xDD, 0xA8, 0x83, 0x6D, 0x4A, 0x2B,
    0x12, 0xE7, 0xC9, 0x00, 0xC9, 0xD3, 0x92, 0xF9, 0x4B, 0x17, 0x0D, 0x69, 0x8D, 0xB8, 0xE0, 0xF9,
    0x6D, 0x09, 0x5C, 0x27, 0xEE, 0x24, 0x4D, 0x36, 0x06, 0x43, 0xE2, 0x76, 0x1E, 0xC7, 0x5A, 0xBC,
    0xA0, 0x4E, 0x81, 0xDB, 0x01, 0x0B, 0x90, 0x04, 0xCC, 0x7E, 0xFC, 0x1E, 0xB7, 0xF5, 0xC3, 0x4F,
    0x3F, 0x6D, 0x96, 0x8B, 0xA9, 0xE4, 0xBD, 0x9F, 0x77, 0x5C, 0x4C, 0xB1, 0x35, 0x1F, 0x04, 0xF5,
    0x31, 0xBC, 0x21, 0xA8, 0x79, 0x72, 0x91, 0xAB, 0x86, 0xA4, 0xD9, 0xE9, 0xC3, 0x6E, 0x5E, 0x4C,
    0x5D, 0x76, 0xF8, 0x9F, 0x17, 0x90, 0x53, 0x91, 0x92, 0xA7, 0x2A, 0xF6, 0x10, 0xB9, 0x5D, 0x04,
    0x0C, 0x1B, 0xA7, 0x32, 0x2A, 0xF3, 0xE7, 0xD3, 0x8C, 0x56, 0x30, 0xF1, 0xD5, 0x51, 0xA1, 0xD7,
    0x34, 0xF4, 0xFA, 0x3E, 0x56, 0x44, 0xA5, 0xB7, 0x4B, 0x52, 0x19, 0xF9, 0x15, 0x81, 0x97, 0xF5,
    0x9A, 0x8B, 0x6F, 0x50, 0x7A, 0x3D, 0xBC, 0xE5, 0xC9, 0x8C, 0x6F, 0x4E, 0x6C, 0x15, 0x7B, 0xED,
    0x87, 0x67, 0x6E, 0x50, 0x26, 0x22, 0x03, 0x43, 0xBA, 0x7F, 0xB7, 0x4B, 0x11, 0x35, 0xDF, 0x41,
    0x9A, 0x5F, 0xC3, 0x83, 0x79, 0x7D, 0x15, 0xB1, 0x56, 0x24, 0x9F, 0x4D, 0xFA, 0x83, 0xC5, 0x75,
    0x0A, 0x6F, 0x6B, 0xB7, 0xE7, 0x35, 0x4D, 0xE8, 0x08, 0xA1, 0x2B, 0x16, 0xA7, 0x48, 0x7C, 0x79,
    0x6C, 0xFD, 0x80, 0xE1, 0xF6, 0x7E, 0x91, 0xEF, 0x6A, 0x5C, 0x3F, 0xF4, 0xBA, 0x45, 0xF1, 0x4B,
    0xCB, 0x1A, 0x46, 0xAC, 0x6F, 0x77, 0x7A, 0xB2, 0xBE, 0x7C, 0x82, 0x78, 0x15, 0xBE, 0x87, 0xA4,
    0x3C, 0x44, 0x66, 0xA7, 0x48, 0x52, 0xFB, 0x52, 0x95, 0x72, 0xB9, 0xB9, 0x1E, 0x1A, 0xBD, 0xFD,
    0x37, 0x60, 0xCF, 0xEF, 0xD4, 0xB7, 0xC0, 0x5D, 0xD7, 0x29, 0x1A, 0xE9, 0xEC, 0xBC, 0x34, 0x65,
    0xFE, 0x65, 0x1E, 0xF3, 0xBE, 0xB2, 0x99, 0xC1, 0x5A, 0x49, 0xBF, 0x9A, 0x5A, 0x61, 0xBA, 0x38,
    0x62, 0x07, 0x10, 0xBE, 0xC9, 0xC0, 0x5F, 0xCF, 0x7B, 0xE8, 0xC9, 0xED, 0x8A, 0xC1, 0x7B, 0xF6,
    0xAA, 0x19, 0x21, 0x9D, 0xC5, 0x62, 0xE3, 0xC4, 0x06, 0x8C, 0xC1, 0x7E, 0x3D, 0xFB, 0xBC, 0xAC,
    0xEF, 0xE9, 0x09, 0x9B, 0x24, 0x8F, 0x5D, 0x56, 0x33, 0xF0, 0xFF, 0xD8, 0x7C, 0x9E, 0xF3, 0x4A,
    0xEB, 0x3F, 0x98, 0x13, 0xDF, 0x57, 0x6E, 0x90, 0x97, 0x50, 0x96, 0xCB, 0x1B, 0xE4, 0x19, 0xCA,
    0xF9, 0xC9, 0xBA, 0x9C, 0x1C, 0x80, 0x1C, 0x8B, 0x86, 0xF3, 0xC7, 0x23, 0x55, 0x04, 0x52, 0xB3,
    0x36, 0x3E, 0x38, 0xE8, 0xB8, 0x62, 0xB1, 0xAD, 0xCB, 0x8A, 0x8B, 0xC1, 0x0C, 0x67, 0xBF, 0xA3,
    0xA2, 0xB0, 0x37, 0x5E, 0xF0, 0x1D, 0x15, 0xAF, 0xF1, 0x13, 0x54, 0x57, 0x98, 0xB8, 0xEE, 0xA9,
    0xF4, 0x28, 0x20, 0x63, 0xCE, 0xC1, 0x69, 0xF8, 0x72, 0xBD, 0xF1, 0x45, 0x17, 0x00, 0xAB, 0xED,
    0x0B, 0x80, 0x34, 0xF1, 0x65, 0xF3, 0x02, 0xA0, 0xB7, 0xBF, 0x6F, 0x73, 0xB1, 0x18, 0x27, 0x5C,
    0xF4, 0x7C, 0xC5, 0xDF, 0x8B, 0xA4, 0x95, 0x98, 0xAF, 0xB6, 0x62, 0x4B, 0x9C, 0xF7, 0xBC, 0xE4,
    0xCB, 0xCD, 0x57, 0x9F, 0xB4, 0x59, 0x6B, 0x75, 0xC6, 0x29, 0x34, 0xE7, 0x29, 0xDB, 0x0E, 0xDE,
    0xF2, 0x7A, 0x44, 0xD8, 0x00, 0xC5, 0x62, 0xD7, 0x32, 0x36, 0x2B, 0x31, 0xB5, 0x9E, 0x71, 0x9B,
    0xB1, 0xB5, 0xF3, 0x6A, 0xD1, 0x6A, 0xE2, 0x74, 0xAE, 0xB8, 0x66, 0xA3, 0xE2, 0xF2, 0x75, 0xC5,
    0xDD, 0xDE, 0xA8, 0x38, 0x67, 0x6C, 0xD6, 0x7E, 0xBD, 0x23, 0x26, 0x22, 0xB1, 0x33, 0x2C, 0x7E,
    0x05, 0x2E, 0xBA, 0x43, 0xA4, 0x69, 0x50, 0x81, 0xB0, 0x17, 0x66, 0xCC, 0xA7, 0xAD, 0xC0, 0x07,
    0xC6, 0xB5, 0xBC, 0x43, 0x94, 0x06, 0xED, 0x05, 0x77, 0x88, 0xC6, 0x2B, 0xDF, 0x21, 0x5A, 0x3D,
    0x61, 0xFE, 0xAA, 0x32, 0xA9, 0xED, 0xD5, 0x1F, 0x0D, 0x80, 0x3F, 0xC6, 0x2D, 0xCB, 0x9E, 0xD1,
    0x44, 0xCC, 0xFF, 0xE0, 0x9C, 0x2E, 0x58, 0x3F, 0x55, 0x17, 0x34, 0x83, 0xD7, 0xBA, 0xA0, 0x7F,
    0x79, 0x17, 0x8C, 0x09, 0xDC, 0xBA, 0xAC, 0x0B, 0xDA, 0xE3, 0x97, 0xF4, 0xDD, 0x37, 0xB4, 0xAA,
    0x68, 0x15, 0xF3, 0x08, 0x0F, 0xB2, 0xC8, 0xF6, 0x1D, 0xE9, 0x16, 0xBF, 0x76, 0x79, 0x8F, 0x3C,
    0xFC, 0x5C, 0x8F, 0x7C, 0xF0, 0xA2, 0x7A, 0xE4, 0x55, 0xA6, 0xE6, 0x42, 0x3E, 0xE6, 0x59, 0xFA,
    0x1F, 0x7D, 0xE9, 0x1B, 0xCB, 0x57, 0xEF, 0x75, 0xB1, 0x34, 0xE9, 0x18, 0xBD, 0x80, 0x8B, 0xED,
    0x17, 0x7C, 0x23, 0xF9, 0x47, 0xCF, 0xF5, 0x8D, 0xE4, 0xB1, 0x06, 0x36, 0x6E, 0xB8, 0x08, 0x01,
    0x43, 0xF9, 0x8C, 0xF7, 0x62, 0xEB, 0x39, 0xCE, 0xB0, 0x61, 0x3C, 0xEB, 0xE0, 0x6B, 0x40, 0xBE,
    0x1C, 0xA9, 0x56, 0x61, 0x2B, 0x71, 0x71, 0xCD, 0xFD, 0x4E, 0x7E, 0x3F, 0xD4, 0x95, 0x27, 0xC5,
    0x55, 0x11, 0xF0, 0xA5, 0x5D, 0xAA, 0x7F, 0x91, 0x97, 0x46, 0x3E, 0x9C, 0xBF, 0x44, 0x00, 0xBB,
    0xEB, 0xF0, 0x2F, 0xFA, 0xF9, 0xBA, 0x6B, 0x56, 0x9E, 0x73, 0x99, 0x24, 0xD6, 0xCF, 0x5D, 0xBF,
    0xFC, 0x32, 0xC9, 0x94, 0xF3, 0xB5, 0xED, 0x9E, 0xF0, 0x1F, 0x4A, 0x80, 0x3A, 0xF9, 0xE8, 0xF2,
    0x83, 0x44, 0xF9, 0xF2, 0x20, 0x51, 0xB4, 0x75, 0x90, 0x68, 0x71, 0xFE, 0xEB, 0x0A, 0x07, 0x89,
    0x8A, 0xCF, 0x1F, 0x24, 0x72, 0x28, 0xEC, 0xD0, 0x99, 0x08, 0xE7, 0x54, 0x3E, 0x1B, 0xF4, 0x8C,
    0x51, 0xC7, 0xE8, 0xA4, 0xB5, 0xC4, 0x2C, 0x81, 0x9B, 0xCC, 0x67, 0x28, 0x35, 0x77, 0x41, 0xF2,
    0xA0, 0x43, 0xCF, 0x6D, 0xC8, 0xE5, 0x7C, 0x98, 0xFC, 0x64, 0x39, 0x89, 0xF9, 0xFD, 0x62, 0xFF,
    0x10, 0x31, 0xF3, 0x7E, 0x9B, 0x83, 0xAA, 0xA7, 0x63, 0x8D, 0x47, 0xC4, 0xD3, 0x1E, 0x13, 0xB5,
    0x43, 0x96, 0xDB, 0x54, 0xBC, 0x6D, 0x1D, 0x11, 0x05, 0x8B, 0x3B, 0x01, 0xCC, 0x69, 0xC2, 0xBD,
    0xF8, 0x3A, 0x96, 0x66, 0x67, 0xCA, 0x41, 0x47, 0x37, 0x5F, 0xA6, 0xEB, 0x38, 0x9D, 0x5D, 0xA8,
    0xED, 0x9E, 0x4D, 0xF7, 0x4C, 0xD4, 0x9B, 0xD6, 0x9A, 0x50, 0x44, 0xDC, 0x92, 0x30, 0xF8, 0xBF,
    0xE9, 0x94, 0xE1, 0x7F, 0x1B, 0x6C, 0x3E, 0xAD, 0x98, 0xB4, 0x29, 0xA6, 0x23, 0x24, 0xCC, 0x1C,
    0x22, 0xE6, 0x8E, 0xF5, 0x91, 0xB2, 0x11, 0x38, 0xC6, 0x4C, 0x8B, 0x07, 0x52, 0x27, 0xA3, 0x67,
    0xC7, 0xBB, 0x7B, 0xE0, 0x21, 0xCB, 0x9A, 0xFE, 0x98, 0xAE, 0x95, 0xFF, 0x0B, 0xF8, 0xFF, 0x65,
    0xFA, 0xCF, 0xF3, 0xF9, 0x0B, 0x84, 0xD6, 0xFD, 0x99, 0xA3, 0xDB, 0xCC, 0xDC, 0x10, 0x30, 0x36,
    0x4F, 0xCB, 0x3A, 0xEA, 0xF2, 0x97, 0xF7, 0xB0, 0xEB, 0xBF, 0x07, 0xD5, 0xDA, 0x31, 0xB0, 0xDD,
    0x78, 0xB9, 0x18, 0xF0, 0x9F, 0xA4, 0x8B, 0xCF, 0x82, 0x20, 0x72, 0xB1, 0xCC, 0xEC, 0x64, 0x4D,
    0xB4, 0x25, 0x93, 0x2C, 0xAB, 0x14, 0x14, 0x14, 0xF6, 0x95, 0x18, 0x86, 0x21, 0xDD, 0xBA, 0xD9,
    0x14, 0xA1, 0x80, 0x36, 0x93, 0xC9, 0x78, 0x0B, 0x9A, 0xCC, 0xF8, 0xFA, 0x28, 0xA4, 0xA0, 0xCC,
    0x56, 0x69, 0x97, 0xBE, 0x89, 0x0B, 0x8A, 0x25, 0x73, 0xEF, 0x1E, 0x41, 0x93, 0x32, 0x22, 0x94,
    0x14, 0x88, 0xF7, 0x96, 0x79, 0x6F, 0x1E, 0x33, 0xEF, 0x09, 0x9E, 0x16, 0xB4, 0x3C, 0x9D, 0xF3,
    0x7F, 0x3E, 0x7F, 0x73, 0xB8, 0xF7, 0x7A, 0x6D, 0x8C, 0xD7, 0x5E, 0xB3, 0x4F, 0x73, 0xF4, 0xCD,
    0xB5, 0xCF, 0xD1, 0xDF, 0xE7, 0xFB, 0xF9, 0xFB, 0x7F, 0x9F, 0x46, 0x73, 0x49, 0x3B, 0x28, 0x7A,
    0xA8, 0x46, 0xA8, 0x63, 0x5C, 0x4F, 0xF0, 0xC1, 0x02, 0xD3, 0x82, 0x74, 0x7C, 0x17, 0xD9, 0xB0,
    0xC6, 0xAA, 0xAB, 0x1B, 0x8A, 0xAE, 0x6A, 0x29, 0x9B, 0xB2, 0xA3, 0x8A, 0x4B, 0xD4, 0x21, 0x0C,
    0x6C, 0x42, 0x18, 0x59, 0x64, 0x93, 0x64, 0x92, 0x2E, 0xB2, 0xFB, 0x7F, 0x1C, 0xD8, 0xA9, 0x3E,
    0xB0, 0x0A, 0xC3, 0x26, 0xA8, 0xC2, 0xE8, 0x21, 0x47, 0xD9, 0x40, 0xDD, 0x9D, 0xC7, 0xB2, 0xC1,
    0xE7, 0x1B, 0xAB, 0x30, 0xAB, 0xC3, 0xD6, 0xC6, 0xC6, 0x56, 0xED, 0xB6, 0x1A, 0x35, 0xC9, 0xDA,
    0x95, 0x10, 0xD4, 0x21, 0xD8, 0x34, 0xB5, 0x45, 0x3C, 0x6D, 0xFE, 0x63, 0xF8, 0xDB, 0x3A, 0xBC,
    0xBD, 0xE4, 0x1F, 0xE4, 0xC3, 0x87, 0xFE, 0x89, 0xBA, 0x8B, 0x67, 0xFC, 0x19, 0xB0, 0x19, 0x90,
    0x86, 0x19, 0xD9, 0x2F, 0x16, 0x64, 0xDD, 0x02, 0x5F, 0x9D, 0x20, 0xAE, 0xE1, 0x18, 0x5C, 0x03,
    0x2F, 0x00, 0x44, 0x10, 0x28, 0x63, 0xAC, 0x86, 0x73, 0xC5, 0x1F, 0x4E, 0x30, 0xCD, 0x48, 0xC6,
    0xD3, 0xE8, 0x77, 0x12, 0x57, 0xAE, 0x91, 0x77, 0x15, 0x8A, 0xA6, 0xDC, 0x2B, 0x2A, 0xBA, 0xE8,
    0xD7, 0x1D, 0x14, 0x4F, 0x23, 0xDB, 0x2C, 0x9D, 0x24, 0xA3, 0x64, 0xBE, 0xAC, 0xB8, 0xF3, 0x72,
    0x18, 0xD6, 0xFB, 0xA4, 0x47, 0x9B, 0xBD, 0x4D, 0xAF, 0xF8, 0xD9, 0xA8, 0xC8, 0x46, 0x69, 0x36,
    0x50, 0xB4, 0x9C, 0xE1, 0x2E, 0x5E, 0x81, 0xCB, 0x86, 0xC1, 0x26, 0x1A, 0xBD, 0x28, 0x1A, 0x4A,
    0x36, 0x41, 0x19, 0x82, 0xF5, 0x2F, 0xD7, 0xB6, 0xA2, 0x9F, 0xAD, 0xB5, 0xCD, 0xFF, 0xFA, 0x83,
    0xE1, 0x7C, 0xD1, 0xF0, 0x2E, 0x98, 0x20, 0x1D, 0x21, 0xEB, 0xF0, 0xF2, 0xF7, 0xA0, 0x1E, 0xE0,
    0xF7, 0x51, 0x71, 0x3C, 0xC1, 0xAA, 0x8D, 0x5C, 0x70, 0x5E, 0x6D, 0x0F, 0x3A, 0xFD, 0xB7, 0xFB,
    0x4E, 0x4B, 0x74, 0x5A, 0x90, 0x0E, 0x77, 0x44, 0xA7, 0x88, 0x5B, 0x35, 0x97, 0x9D, 0xAA, 0x10,
    0xFA, 0x47, 0x38, 0x2D, 0x0F, 0x3A, 0xE5, 0x0F, 0x54, 0x5B, 0x47, 0xDA, 0x93, 0x75, 0xE4, 0x2D,
    0x05, 0x47, 0x9F, 0x25, 0x34, 0xD2, 0x30, 0xC8, 0xFF, 0x7A, 0x52, 0xB5, 0xA7, 0x6E, 0x78, 0x15,
    0x4F, 0xE5, 0xF6, 0xDE, 0x3D, 0xB7, 0xE9, 0x5E, 0xED, 0xF5, 0x00, 0xBE, 0x02, 0x6E, 0x83, 0x63,
    0x50, 0xC0, 0xCB, 0xFF, 0xA3, 0x79, 0x32, 0xB7, 0xF1, 0xA1, 0x6E, 0xC6, 0xD3, 0x8F, 0xD1, 0x2D,
    0xED, 0x58, 0x0D, 0x64, 0x23, 0xC9, 0x8C, 0xDB, 0x1C, 0x5D, 0x23, 0xBA, 0xF5, 0xF2, 0x9F, 0x4E,
    0xAA, 0x66, 0x79, 0x16, 0x6E, 0x17, 0xF7, 0xEC, 0x95, 0x01, 0xCA, 0x19, 0x5E, 0xBD, 0x0E, 0x2F,
    0xC4, 0x98, 0x8C, 0xF8, 0xD7, 0x5F, 0xEB, 0x50, 0xFF, 0xA4, 0xD9, 0xBB, 0x4D, 0xC8, 0xA2, 0x40,
    0x1E, 0xDD, 0x1E, 0xB3, 0x2F, 0xFF, 0xCF, 0xF9, 0xBE, 0x3C, 0xD4, 0xDB, 0xD9, 0xF9, 0xBE, 0x8C,
    0xB1, 0x68, 0xAA, 0xF3, 0x7D, 0x79, 0xC9, 0x6D, 0x15, 0xDD, 0xB2, 0xE8, 0x96, 0x46, 0xB7, 0xE4,
    0x82, 0x5B, 0x19, 0xDD, 0xEA, 0x30, 0x52, 0xB5, 0x84, 0x91, 0x71, 0xE4, 0xDB, 0x23, 0x69, 0x4F,
    0xD1, 0xF8, 0x7C, 0x4E, 0xE8, 0x64, 0x61, 0x94, 0xFF, 0xD5, 0xA2, 0x6A, 0x4E, 0x7C, 0xD1, 0x4B,
    0x4F, 0x63, 0x36, 0xDC, 0x33, 0x1B, 0xEF, 0x99, 0xB5, 0x5C, 0x85, 0x64, 0xB7, 0x42, 0x16, 0xDE,
    0x46, 0xF6, 0x7F, 0x03, 0x92, 0xAF, 0x2E, 0x00, 0x94, 0xF7, 0x25, 0x62, 0xF6, 0x73, 0xAC, 0x97,
    0xBE, 0x00, 0x20, 0x19, 0x20, 0x1F, 0xA1, 0x88, 0xB1, 0x9A, 0xE1, 0xFA, 0x02, 0xB7, 0xCF, 0x60,
    0x3A, 0x86, 0xB1, 0x8E, 0x72, 0x65, 0x13, 0x57, 0x68, 0xF7, 0xDC, 0x45, 0x47, 0xD1, 0xAE, 0x7A,
    0xCA, 0xA8, 0x55, 0x85, 0x30, 0x72, 0x43, 0x32, 0x71, 0xCA, 0xCC, 0xCC, 0x22, 0x19, 0x39, 0x93,
    0x8D, 0xBC, 0xAB, 0x0C, 0xF2, 0x7D, 0x06, 0x4D, 0x11, 0xC6, 0x04, 0xE5, 0xF8, 0x8A, 0x7A, 0x7B,
    0xD7, 0x8D, 0x7A, 0x74, 0x2D, 0xEF, 0x80, 0x5B, 0x8D, 0x24, 0x0C, 0xB2, 0xDF, 0xCD, 0x8A, 0x6E,
    0x51, 0xBB, 0xE1, 0xA5, 0xA7, 0xAE, 0xB3, 0x6F, 0x5D, 0xEA, 0x6B, 0x65, 0x7B, 0xDE, 0xBF, 0x76,
    0x33, 0xB2, 0xF1, 0x0E, 0x8A, 0xAE, 0x44, 0xE2, 0x08, 0xE0, 0x5F, 0xCC, 0xCC, 0xFC, 0x77, 0xD8,
    0x74, 0xA2, 0xDB, 0x6F, 0x46, 0x79, 0xBF, 0xAF, 0xB5, 0xEB, 0x3E, 0x05, 0x9E, 0xCF, 0x4C, 0x8D,
    0x52, 0xB2, 0x1E, 0xF2, 0x0E, 0x8A, 0x23, 0x14, 0x2F, 0x5C, 0x8B, 0x80, 0xB7, 0xB1, 0x0A, 0x13,
    0x92, 0xD0, 0xE1, 0x22, 0xB2, 0x55, 0x0B, 0x55, 0x07, 0x75, 0x0F, 0xEB, 0x01, 0x7E, 0x37, 0xC2,
    0xAF, 0x27, 0xA4, 0xC3, 0x1C, 0x97, 0x5F, 0xA2, 0xEF, 0x19, 0x8A, 0xB6, 0x46, 0xA1, 0x46, 0xA5,
    0x6A, 0x0F, 0x33, 0x75, 0x1D, 0xE3, 0x2C, 0x1F, 0x98, 0xAC, 0x46, 0xE9, 0x28, 0x9B, 0xF6, 0xBE,
    0xE9, 0x6C, 0xD5, 0x4B, 0x16, 0xD5, 0x56, 0x15, 0xFA, 0xCD, 0x4E, 0x1D, 0x7A, 0x90, 0x74, 0x64,
    0x83, 0x78, 0x4D, 0xD9, 0x71, 0x8C, 0xA3, 0x23, 0x85, 0x6B, 0xF1, 0xAB, 0xAF, 0xC2, 0x18, 0xBF,
    0xB6, 0x23, 0xCF, 0xB2, 0xE7, 0x81, 0x2F, 0x83, 0xDB, 0xE0, 0x86, 0x73, 0xB7, 0xE4, 0xF1, 0x6E,
    0xF2, 0xE6, 0x82, 0x5B, 0xF7, 0x80, 0x5B, 0xF2, 0x9B, 0xF1, 0xDC, 0xAD, 0xBB, 0xE0, 0xD6, 0xDC,
    0x41, 0x79, 0x70, 0x6B, 0x3E, 0x8A, 0xDB, 0x3A, 0xBA, 0xF1, 0x7D, 0xD2, 0x89, 0x64, 0xC1, 0xBB,
    0x28, 0x91, 0x7C, 0xDC, 0x6E, 0x2F, 0xB7, 0xE7, 0x99, 0xFE, 0x60, 0x84, 0x57, 0xC6, 0xF3, 0x09,
    0x90, 0x27, 0xC8, 0x7E, 0x54, 0x20, 0x7B, 0xFF, 0x4E, 0x74, 0x5B, 0xA0, 0xEA, 0x1F, 0xBE, 0xAB,
    0xCB, 0x0B, 0xBB, 0xFA, 0x64, 0x86, 0x77, 0x16, 0x18, 0xCF, 0x90, 0x8C, 0xF7, 0x7B, 0xE6, 0xF9,
    0x8C, 0xCD, 0xBB, 0xB2, 0xA3, 0x68, 0x8A, 0xEE, 0xD0, 0xF7, 0xEA, 0xFB, 0x7D, 0x6F, 0x6F, 0xE5,
    0x54, 0xF2, 0xC7, 0xBE, 0x37, 0xF1, 0xAE, 0x6C, 0x64, 0x2D, 0xF6, 0xBD, 0xA9, 0x0E, 0xAA, 0x30,
    0x39, 0xC2, 0xA6, 0x93, 0x86, 0x51, 0xF6, 0x93, 0x51, 0xF2, 0xDF, 0x07, 0x56, 0x1D, 0xC7, 0xF8,
    0x82, 0x0B, 0x76, 0x93, 0x24, 0xF4, 0xCF, 0xD4, 0xEE, 0x31, 0x33, 0x23, 0xE9, 0xA2, 0xDD, 0xF4,
    0x32, 0xD2, 0xB0, 0x85, 0xCD, 0x04, 0x89, 0x0B, 0x76, 0x3D, 0x14, 0xC3, 0xB9, 0x5D, 0x35, 0xC1,
    0xF5, 0x8B, 0x76, 0x27, 0xD1, 0xEE, 0x18, 0x69, 0xB4, 0xCB, 0xBA, 0xB2, 0x21, 0x6F, 0xE3, 0xCC,
    0x90, 0xDF, 0xB7, 0xEB, 0x0F, 0x76, 0xD7, 0x23, 0xD3, 0xA9, 0x74, 0x66, 0x92, 0xC4, 0x99, 0x61,
    0x2B, 0x1B, 0xD9, 0x39, 0xCC, 0x0C, 0xE5, 0x1F, 0x66, 0xC6, 0xF0, 0xEF, 0xD5, 0xCB, 0x9B, 0xE2,
    0xCC, 0x28, 0x7A, 0x12, 0xAE, 0xBB, 0xAE, 0x4E, 0x96, 0xC8, 0xBB, 0x0A, 0x87, 0xD1, 0xF8, 0x8C,
    0xEE, 0x85, 0xAF, 0x38, 0x42, 0xD1, 0xBC, 0x8A, 0xE2, 0x97, 0xEF, 0x44, 0xB9, 0x11, 0x36, 0x2D,
    0xF0, 0x64, 0xD3, 0x62, 0x5C, 0x90, 0x8E, 0x3B, 0x64, 0xC3, 0xE6, 0xC2, 0xB4, 0xA8, 0xE3, 0xB4,
    0xA8, 0x3A, 0x2A, 0xE5, 0x87, 0xA6, 0xC5, 0x2A, 0x4E, 0x8B, 0x6C, 0x91, 0x8D, 0x31, 0x0E, 0x92,
    0x38, 0x2D, 0xF2, 0x27, 0x9F, 0x16, 0x89, 0xA3, 0x87, 0x57, 0xD9, 0x73, 0x98, 0x16, 0xEB, 0x10,
    0xB6, 0x31, 0xC8, 0xDE, 0x7F, 0xE3, 0x44, 0x36, 0xBA, 0xB1, 0x0F, 0x5F, 0xDA, 0x87, 0x97, 0xF6,
    0xC1, 0x79, 0xD8, 0x7F, 0xA4, 0x91, 0x85, 0x30, 0xEC, 0x43, 0xFF, 0xA1, 0x77, 0x47, 0x57, 0xF6,
    0xA1, 0x68, 0x62, 0xB8, 0xF7, 0xE1, 0x5B, 0x4D, 0x15, 0x42, 0xD8, 0x2F, 0xBF, 0xF3, 0xE0, 0xB1,
    0xEA, 0x51, 0x8C, 0x87, 0xB0, 0xEA, 0xC5, 0x3C, 0xD3, 0x30, 0x2B, 0x42, 0x50, 0xB5, 0x75, 0x53,
    0x2B, 0xBB, 0x33, 0x45, 0xB7, 0x7D, 0xE3, 0x5B, 0x5D, 0x08, 0x21, 0x9E, 0x0B, 0x0E, 0xCD, 0x6D,
    0xDD, 0x50, 0xBF, 0xFF, 0x9F, 0xDA, 0x22, 0x84, 0x26, 0xD9, 0xCC, 0x1E, 0x3F, 0x15, 0xAB, 0x19,
    0x9B, 0x1D, 0xE6, 0x35, 0xC6, 0x1A, 0x57, 0xCF, 0x70, 0x65, 0x42, 0xDE, 0x60, 0x05, 0x00, 0x0F,
    0xE1, 0x89, 0x32, 0x5F, 0xD8, 0x87, 0xA3, 0x07, 0x01, 0x0E, 0x32, 0x43, 0x84, 0x7A, 0x08, 0x4F,
    0xDE, 0x5C, 0xE6, 0x71, 0x81, 0xA7, 0xEA, 0x25, 0x61, 0x92, 0xFD, 0x76, 0x89, 0xC3, 0x21, 0xE9,
    0x16, 0xD2, 0x89, 0xB2, 0xE7, 0x4B, 0xB8, 0x86, 0x23, 0x38, 0x38, 0x2D, 0xA2, 0x53, 0x53, 0xB7,
    0x37, 0x94, 0xDD, 0xA9, 0xE2, 0x60, 0x74, 0xCF, 0xEB, 0x0D, 0x0B, 0xB6, 0xD8, 0x60, 0xDD, 0x52,
    0x7F, 0xF0, 0xCD, 0x36, 0x3F, 0x38, 0x1D, 0xC1, 0xFA, 0x6B, 0x2D, 0xE1, 0x57, 0x1D, 0xBF, 0x0E,
    0x2D, 0xDF, 0xBE, 0x03, 0x8F, 0x49, 0xFE, 0x0B, 0x7F, 0x32, 0xF9, 0x31, 0x86, 0x47, 0x25, 0xBF,
    0x7A, 0x74, 0xF2, 0xE9, 0xF4, 0x92, 0x7C, 0xF7, 0xAA, 0xE2, 0xE7, 0x8B, 0xFC, 0x1B, 0x13, 0x1A,
    0x3C, 0x24, 0xD9, 0xB6, 0x6E, 0x8F, 0x63, 0x51, 0x3C, 0x36, 0xD9, 0xA6, 0x08, 0xC1, 0xC5, 0xA2,
    0xF8, 0x2C, 0x22, 0xA4, 0xEB, 0xF0, 0x03, 0xD2, 0xB1, 0x27, 0x5F, 0x50, 0xAE, 0x71, 0x52, 0x74,
    0x4C, 0x59, 0xFB, 0x90, 0xDC, 0xFF, 0xAB, 0x43, 0xDA, 0x9F, 0x7B, 0xE6, 0xB9, 0x03, 0xEE, 0x62,
    0x22, 0x1B, 0x59, 0xF5, 0x14, 0xAD, 0xE4, 0x33, 0xD4, 0x1D, 0x9B, 0x51, 0xFA, 0xFE, 0x62, 0xD5,
    0x1F, 0xCB, 0x9B, 0xCF, 0x3D, 0xAD, 0xCB, 0x83, 0x9B, 0x65, 0x05, 0x45, 0x8B, 0xBC, 0x43, 0x3A,
    0x90, 0xDE, 0xBD, 0xFB, 0x5C, 0x5D, 0xF2, 0x47, 0xBB, 0x18, 0x48, 0x47, 0x92, 0x19, 0xA7, 0xF8,
    0x12, 0xC9, 0xBF, 0xFA, 0xB8, 0x5D, 0xDE, 0x21, 0xDB, 0xB1, 0x7A, 0x9D, 0xA4, 0xC0, 0x6D, 0xE9,
    0x70, 0x57, 0xB1, 0x5C, 0x55, 0xAD, 0x39, 0x2D, 0x1A, 0xDF, 0x4F, 0x0F, 0x18, 0xCB, 0xDE, 0x62,
    0xBF, 0x3D, 0xB2, 0xD1, 0xF5, 0x6C, 0xF4, 0x6A, 0x36, 0x72, 0xE9, 0x0C, 0x61, 0xD8, 0x77, 0xCB,
    0xBD, 0xC0, 0x03, 0xEF, 0xE5, 0xFB, 0xBC, 0xB3, 0x51, 0x79, 0xEF, 0xBD, 0x75, 0x15, 0xC2, 0x2E,
    0xBA, 0xCA, 0xDF, 0xA2, 0x9E, 0xB9, 0x7D, 0x9B, 0x2F, 0x5F, 0xC7, 0x3B, 0xAC, 0x06, 0xB2, 0x4E,
    0xF9, 0xE3, 0x46, 0x3D, 0xB2, 0x5B, 0xA4, 0xE3, 0x1D, 0x79, 0x57, 0xBA, 0xF2, 0xAC, 0xF2, 0x3E,
    0x82, 0xF5, 0x77, 0x3B, 0xC2, 0xDF, 0xC4, 0xA6, 0xD0, 0x71, 0x73, 0x0D, 0xB0, 0x9A, 0x51, 0xBE,
    0x1B, 0xEB, 0xA1, 0x65, 0x7C, 0x4C, 0x3D, 0x3C, 0xFB, 0x1E, 0xA1, 0x61, 0x35, 0xBF, 0xA4, 0x08,
    0xB7, 0x15, 0xAF, 0x2F, 0x56, 0xE9, 0x08, 0x54, 0x1D, 0xEB, 0x51, 0xB2, 0x5B, 0x64, 0xE3, 0x5A,
    0xD1, 0x15, 0xCF, 0xCE, 0x04, 0x64, 0x03, 0x8A, 0x05, 0xD5, 0x06, 0xB7, 0xCB, 0x4E, 0x32, 0xAD,
    0x7A, 0x1A, 0xCD, 0xE3, 0x37, 0xC5, 0x0B, 0x0F, 0x19, 0xA2, 0x37, 0xCF, 0x25, 0x1E, 0x82, 0x90,
    0xEE, 0x43, 0xFE, 0x91, 0x87, 0x68, 0xDE, 0x50, 0xF5, 0xD1, 0xC4, 0x07, 0xB3, 0x74, 0xBC, 0x6D,
    0xD5, 0xBD, 0x26, 0x71, 0x84, 0x8F, 0x7D, 0xC8, 0xE6, 0x3B, 0x55, 0x68, 0x8F, 0xCB, 0xEE, 0x7A,
    0xD1, 0x1D, 0x55, 0x4D, 0xB2, 0x95, 0xF5, 0xD2, 0xCE, 0x01, 0xAA, 0x5B, 0x87, 0x7D, 0x66, 0x4F,
    0xFA, 0xAA, 0xF6, 0x17, 0x76, 0x0F, 0xAE, 0x5F, 0x36, 0xCE, 0x0E, 0xEB, 0x37, 0x90, 0xDC, 0xB4,
    0x1E, 0x6D, 0x1E, 0xBF, 0xA0, 0x32, 0xB4, 0xF5, 0x7E, 0xCD, 0x7E, 0x1D, 0x5A, 0x8B, 0x27, 0x7D,
    0x55, 0xFB, 0x0B, 0x7B, 0x80, 0xC3, 0x9D, 0xE0, 0x22, 0x99, 0xAC, 0x7A, 0xC5, 0xB8, 0x7F, 0xAD,
    0x7A, 0xE0, 0xC9, 0xBE, 0x58, 0x15, 0x9A, 0x10, 0x1A, 0x80, 0xCB, 0xAB, 0x5D, 0x09, 0x43, 0x2C,
    0x36, 0x69, 0x78, 0x23, 0xF4, 0xF9, 0xFE, 0xEF, 0xCB, 0x4E, 0x36, 0xD7, 0x8D, 0x64, 0x59, 0x63,
    0x77, 0x86, 0xF5, 0x82, 0xFA, 0x61, 0x61, 0x8B, 0x3B, 0x1B, 0x6C, 0xE3, 0x15, 0x55, 0x27, 0x9B,
    0xF6, 0xAB, 0x0F, 0xAB, 0x7B, 0xEB, 0xB5, 0x62, 0xF7, 0x79, 0x39, 0xBC, 0xE5, 0x43, 0xC7, 0x09,
    0x04, 0x87, 0x70, 0x82, 0x4F, 0xDD, 0x94, 0x84, 0x9D, 0x3C, 0x84, 0xAE, 0x6C, 0xCB, 0xB1, 0x96,
    0x4D, 0x27, 0xD2, 0x79, 0x91, 0x2C, 0x0B, 0x7F, 0x3C, 0xB7, 0x92, 0x79, 0x23, 0x9D, 0xEA, 0x76,
    0x35, 0x56, 0xEF, 0xDF, 0xEA, 0xF2, 0x10, 0xD8, 0xBC, 0xF7, 0xE1, 0x32, 0x2E, 0xC6, 0x78, 0x9E,
    0xAB, 0xA5, 0xA1, 0x25, 0x0F, 0x03, 0xC5, 0xF7, 0x46, 0xB1, 0x51, 0x4A, 0x56, 0x03, 0xCA, 0x16,
    0x3F, 0x84, 0xBB, 0xF0, 0x0A, 0xF0, 0x1C, 0x79, 0xF2, 0x89, 0xF5, 0x96, 0xED, 0x86, 0xB1, 0xE6,
    0xCD, 0x1A, 0x67, 0xAC, 0x26, 0x8A, 0x86, 0x15, 0x12, 0x78, 0xC0, 0xA9, 0xBB, 0xE8, 0xE4, 0x01,
    0x27, 0x8F, 0x74, 0x6A, 0x91, 0x0C, 0xC8, 0x06, 0xE4, 0x1D, 0x47, 0x05, 0x36, 0xFF, 0x81, 0x34,
    0xF4, 0xAC, 0xFE, 0xFF, 0x48, 0xD9, 0xBC, 0xC3, 0x91, 0xAB, 0xCF, 0xDB, 0x02, 0xF8, 0x32, 0x4E,
    0x31, 0x93, 0x8E, 0x64, 0x1D, 0x5F, 0xA3, 0x1C, 0xA8, 0x67, 0x96, 0x33, 0xD9, 0x58, 0x59, 0xB5,
    0x39, 0xE0, 0x99, 0xD4, 0xCF, 0x4D, 0x18, 0x61, 0x86, 0xDB, 0x38, 0xFA, 0x37, 0xD8, 0x7C, 0xFD,
    0x13, 0xE3, 0xF2, 0x26, 0x66, 0x2C, 0x38, 0x46, 0x81, 0x6F, 0x50, 0xF6, 0x1F, 0xA7, 0x4B, 0xD5,
    0x62, 0x33, 0xE2, 0xEE, 0x88, 0xAB, 0x23, 0x56, 0x1D, 0xFF, 0xB9, 0x40, 0xF8, 0x3A, 0xD9, 0x3F,
    0xF4, 0x14, 0x3F, 0x1E, 0x79, 0xCD, 0xDD, 0xE7, 0xEE, 0x72, 0xE5, 0x3D, 0xCA, 0x1D, 0x37, 0x4A,
    0x5E, 0x2D, 0xF0, 0x1A, 0xE9, 0x4C, 0x3A, 0xC8, 0xFB, 0xB7, 0x54, 0x13, 0x77, 0xF6, 0xD9, 0xD5,
    0xB2, 0xA1, 0x68, 0xD2, 0xE6, 0x19, 0xB9, 0x64, 0xD3, 0x8B, 0x14, 0xDB, 0xEB, 0x14, 0xB7, 0x16,
    0x3E, 0x93, 0x4F, 0xD0, 0xE0, 0xDF, 0xC2, 0xA6, 0x23, 0xFD, 0x5D, 0xEC, 0x3F, 0xA7, 0x14, 0xCD,
    0x17, 0x9F, 0xB7, 0xCB, 0x55, 0x92, 0xDD, 0x15, 0x59, 0x78, 0x3B, 0x3E, 0x02, 0x8A, 0x0F, 0x80,
    0x20, 0x1F, 0xA8, 0x66, 0xEE, 0xEC, 0x24, 0x73, 0xD5, 0x64, 0x43, 0xFE, 0x18, 0x93, 0x27, 0xEB,
    0x2D, 0xB8, 0x03, 0xA1, 0x23, 0xFB, 0xA7, 0x91, 0xE2, 0x47, 0x33, 0xB5, 0xDB, 0x1C, 0x01, 0x3E,
    0x59, 0x73, 0x27, 0x6F, 0x89, 0x7D, 0x65, 0xE2, 0x74, 0x61, 0x3A, 0x96, 0xF5, 0x85, 0xA4, 0x39,
    0xC2, 0xF3, 0x98, 0x4B, 0x78, 0x13, 0xD2, 0x09, 0xCA, 0x18, 0x37, 0x7D, 0xD2, 0x48, 0x3F, 0x90,
    0x8D, 0x34, 0x31, 0x8A, 0x31, 0x5E, 0x76, 0x25, 0xBC, 0x57, 0x74, 0x7B, 0xBE, 0x5B, 0xD1, 0x6F,
    0xB1, 0x07, 0x9C, 0xEC, 0x05, 0x17, 0x7B, 0x90, 0xAD, 0x68, 0x28, 0x22, 0x8A, 0x62, 0x8F, 0x8C,
    0x91, 0x52, 0xB4, 0x14, 0x31, 0x45, 0x4D, 0x91, 0x53, 0xF4, 0x14, 0x41, 0x2F, 0x89, 0x7E, 0x05,
    0x67, 0x58, 0xC8, 0x26, 0x62, 0x5E, 0xCD, 0x8B, 0x12, 0x35, 0xE2, 0x79, 0xCF, 0xED, 0xC6, 0x3D,
    0xB7, 0x77, 0xF2, 0x10, 0x86, 0x7B, 0x6E, 0x7D, 0x2D, 0x1B, 0xCF, 0x9E, 0xC4, 0xED, 0x08, 0x14,
    0xA0, 0x1C, 0xA0, 0x58, 0x20, 0x09, 0x4D, 0xD2, 0x90, 0xB7, 0xD1, 0xE3, 0x93, 0x67, 0x33, 0x90,
    0x4E, 0xA4, 0x0B, 0x36, 0xA8, 0x5A, 0x56, 0xDD, 0x8B, 0x34, 0xCF, 0xCE, 0xE6, 0xC2, 0x0D, 0x8D,
    0x3C, 0x0C, 0xE2, 0x2D, 0x0D, 0x8A, 0xE8, 0x90, 0xAC, 0x06, 0x28, 0x5B, 0xF8, 0xA1, 0xF4, 0x2D,
    0xEE, 0x46, 0xA1, 0x57, 0x0E, 0x5A, 0xC3, 0xDE, 0x29, 0xBF, 0xEF, 0xD4, 0x3C, 0x7F, 0xA7, 0x47,
    0xDF, 0xEF, 0x8C, 0x87, 0xFB, 0x9D, 0x1B, 0x12, 0x07, 0xAB, 0xE3, 0x7B, 0x56, 0xA7, 0xD1, 0xAA,
    0xBB, 0x6F, 0xF5, 0x44, 0x3D, 0x29, 0xEF, 0xDE, 0x42, 0x35, 0x8D, 0x38, 0xDE, 0x8C, 0x78, 0xB5,
    0xEC, 0xD3, 0x96, 0xC4, 0x27, 0xB0, 0x82, 0xCE, 0x3E, 0x2D, 0x0D, 0xAF, 0xCB, 0x7E, 0x16, 0xA4,
    0xDF, 0xDD, 0xE2, 0xEA, 0x31, 0x97, 0x25, 0x9E, 0xA6, 0x6A, 0x92, 0xE6, 0x3C, 0xD7, 0x47, 0xD5,
    0xC2, 0xF6, 0xF9, 0x66, 0xEC, 0x11, 0x5D, 0x5A, 0xB8, 0x10, 0x4F, 0x80, 0x17, 0x9F, 0xA5, 0xC5,
    0xA3, 0x9F, 0x60, 0x37, 0x65, 0x18, 0xD6, 0x3B, 0x45, 0x88, 0x3D, 0x66, 0xF1, 0xCC, 0xE2, 0x24,
    0x99, 0xA5, 0xF1, 0x07, 0x3B, 0xF9, 0xC8, 0xE6, 0xEF, 0x36, 0x3D, 0x55, 0x08, 0x0D, 0x69, 0x78,
    0x8F, 0x27, 0x78, 0xCA, 0x7F, 0xD3, 0xE7, 0xAD, 0xC7, 0x55, 0x88, 0x41, 0x36, 0xAA, 0xFF, 0xFC,
    0x30, 0x0B, 0xD2, 0xDD, 0x37, 0xC3, 0x5B, 0x42, 0xB8, 0xB5, 0xA8, 0xE6, 0x72, 0x7E, 0xFC, 0xB0,
    0xC4, 0xAD, 0x1E, 0x49, 0x98, 0x91, 0xFD, 0xF6, 0xC3, 0xBF, 0x58, 0xD5, 0xC3, 0x6B, 0xE0, 0x1A,
    0x38, 0x02, 0x38, 0x67, 0x2D, 0xFF, 0x22, 0xAC, 0xE9, 0x16, 0x65, 0x68, 0xA8, 0x6F, 0x75, 0x5C,
    0x2F, 0x3A, 0xAE, 0xED, 0x83, 0x0A, 0xC9, 0x82, 0x34, 0xE6, 0xD6, 0x01, 0xF0, 0x31, 0x1A, 0x7F,
    0x05, 0x92, 0x05, 0xF2, 0x18, 0xEB, 0xC1, 0x4D, 0x4E, 0x24, 0x33, 0x58, 0xCE, 0x63, 0x3A, 0xAD,
    0x43, 0xFB, 0x07, 0xBA, 0x9D, 0xBF, 0x58, 0x45, 0x66, 0x0D, 0x22, 0x58, 0xD9, 0xA1, 0x86, 0x05,
    0x46, 0x37, 0x69, 0x2C, 0x88, 0x21, 0x59, 0x92, 0x9B, 0xBE, 0x39, 0xEE, 0xC1, 0xBA, 0xF5, 0x98,
    0x7E, 0x14, 0xB5, 0xE4, 0xA1, 0x6A, 0x59, 0x1F, 0xE3, 0x0C, 0x69, 0x00, 0xEB, 0xCE, 0x4D, 0xD2,
    0xFE, 0x93, 0xAA, 0xF6, 0x39, 0xA8, 0x63, 0xE8, 0x50, 0x0C, 0x48, 0x27, 0xB8, 0xED, 0x26, 0x47,
    0x1F, 0xA7, 0xDA, 0x9F, 0xBB, 0x59, 0x93, 0x89, 0x6B, 0x2C, 0x1C, 0x1D, 0xEC, 0xE6, 0x75, 0x70,
    0x6E, 0xF7, 0x89, 0xDE, 0xAC, 0x33, 0x2C, 0x10, 0x01, 0xA7, 0xF5, 0x58, 0x84, 0x7E, 0x3D, 0xE6,
    0xCF, 0x64, 0xB3, 0x9E, 0x7E, 0x9A, 0x38, 0x8F, 0xC9, 0x7E, 0x15, 0x90, 0xFE, 0x68, 0x9B, 0x7C,
    0x1F, 0x57, 0x93, 0xE5, 0x61, 0x05, 0xD7, 0x15, 0x7B, 0xB4, 0xA6, 0xF8, 0x8B, 0xA0, 0x15, 0x5D,
    0x4F, 0xF5, 0xEB, 0x91, 0x1B, 0x9B, 0x91, 0x2F, 0x56, 0x51, 0xE8, 0x21, 0x40, 0xAB, 0xD0, 0x3F,
    0x65, 0x85, 0xBD, 0xBD, 0x07, 0x2A, 0x66, 0x70, 0x13, 0x92, 0x8B, 0x10, 0xF3, 0x79, 0xAB, 0xDF,
    0x35, 0x9F, 0xE4, 0x09, 0x0A, 0x37, 0x2F, 0xF1, 0x5C, 0xB9, 0xC7, 0x93, 0x3D, 0x05, 0xCF, 0x13,
    0x0F, 0xD4, 0x4F, 0x81, 0xA2, 0x8D, 0x71, 0x82, 0xD5, 0x0E, 0xAC, 0x1B, 0x48, 0x5C, 0x3E, 0xEA,
    0xD0, 0xAF, 0x83, 0x3A, 0xB4, 0xD5, 0x4E, 0x76, 0x40, 0xC9, 0x3B, 0xDE, 0x8D, 0x6B, 0xD4, 0x2A,
    0x54, 0xED, 0x31, 0x8A, 0xEE, 0x14, 0xAB, 0x61, 0x42, 0xF6, 0x9B, 0x11, 0x42, 0x0F, 0x9B, 0x16,
    0x6A, 0x7F, 0x66, 0xCC, 0xC3, 0x16, 0x65, 0x8C, 0xE0, 0x3B, 0xB0, 0x85, 0xCD, 0x81, 0x53, 0x3E,
    0x20, 0x19, 0x3D, 0x78, 0x6C, 0x76, 0x7B, 0xCD, 0x39, 0x0D, 0x6D, 0xD1, 0x3B, 0x96, 0x0F, 0x4E,
    0x65, 0xA3, 0x59, 0x3A, 0x25, 0x23, 0x73, 0x36, 0xB0, 0x64, 0x3D, 0x27, 0x79, 0x47, 0x5D, 0x34,
    0x54, 0x25, 0x8A, 0x33, 0xE4, 0x0B, 0x7B, 0x58, 0xB2, 0xF1, 0xE2, 0xC3, 0x4A, 0x65, 0x8B, 0x0D,
    0xFE, 0xF7, 0x16, 0x61, 0xC2, 0xBA, 0xC5, 0xFE, 0xE9, 0xFB, 0x6E, 0x1D, 0xDA, 0x7A, 0x59, 0xCD,
    0x56, 0x7D, 0xB2, 0x28, 0x3A, 0x3B, 0x65, 0xA3, 0x56, 0xEF, 0x5D, 0x4E, 0x22, 0xCB, 0x5E, 0x65,
    0xDC, 0xA3, 0x0C, 0x24, 0xA1, 0x3B, 0x90, 0xD4, 0x1E, 0x17, 0xF2, 0xB0, 0x50, 0xED, 0xC3, 0xE3,
    0xFF, 0x67, 0xEB, 0x90, 0x86, 0xB1, 0xDA, 0x25, 0x9B, 0x3E, 0x1F, 0x55, 0xB2, 0xD1, 0xB1, 0x74,
    0x72, 0xCA, 0x62, 0x66, 0x49, 0x26, 0x4E, 0xD2, 0x91, 0x3A, 0xEB, 0xA9, 0x56, 0x1D, 0xC5, 0xFF,
    0x6C, 0xC8, 0xFF, 0xDF, 0xA1, 0x06, 0xB2, 0x05, 0xC9, 0x7C, 0x80, 0x8D, 0x06, 0x45, 0x1F, 0x73,
    0x3D, 0xF1, 0x5F, 0x82, 0x60, 0xBD, 0x08, 0xAA, 0xDE, 0xC9, 0x9F, 0x7A, 0xC2, 0x9D, 0xF7, 0xA8,
    0x1A, 0xBC, 0x03, 0xDF, 0x01, 0x80, 0x4D, 0xE8, 0x0E, 0x60, 0xD3, 0x01, 0xCC, 0x76, 0x0F, 0xB6,
    0x8E, 0x60, 0x4D, 0x04, 0x5B, 0xC8, 0x7F, 0x32, 0x92, 0xFD, 0xE3, 0x53, 0x82, 0xE5, 0x3B, 0x54,
    0xA1, 0xE5, 0xB8, 0x3C, 0xB4, 0xF5, 0xA3, 0xB2, 0xC5, 0x1D, 0x64, 0x03, 0xD2, 0x0E, 0x9A, 0xCB,
    0x35, 0x9F, 0x84, 0xB1, 0xDA, 0xDA, 0xF4, 0xAB, 0x51, 0xD9, 0xC4, 0xED, 0x96, 0x4E, 0x4E, 0x58,
    0x2C, 0x2C, 0x26, 0xEE, 0xDC, 0x97, 0x1C, 0x28, 0xF3, 0x28, 0xB9, 0x87, 0xF8, 0x39, 0xB2, 0x28,
    0xB9, 0x75, 0x98, 0x1A, 0xD3, 0x65, 0xC9, 0x8E, 0x5B, 0x81, 0xBD, 0xA4, 0xBD, 0x24, 0x40, 0x39,
    0x7C, 0x9B, 0x7A, 0x3B, 0x72, 0xA3, 0x1E, 0x0E, 0xB3, 0xC7, 0x65, 0xBA, 0x7E, 0xB3, 0xA7, 0x5B,
    0xEF, 0xE9, 0xF2, 0x3E, 0xBD, 0x4F, 0xA7, 0x8A, 0x74, 0xD4, 0xED, 0x1F, 0xE9, 0x7E, 0xF1, 0xD1,
    0x6B, 0xAD, 0x8E, 0x7E, 0x69, 0xC3, 0xE6, 0xA7, 0x1D, 0xBF, 0x0F, 0x1D, 0x77, 0xD7, 0x0D, 0x8E,
    0xC0, 0x65, 0xA6, 0x2C, 0xF4, 0xD5, 0x36, 0x09, 0x6D, 0x3E, 0x38, 0x96, 0x8D, 0x4E, 0xA5, 0x93,
    0x99, 0x39, 0x99, 0x58, 0xD2, 0x91, 0x93, 0xAC, 0xE7, 0x78, 0xD5, 0x51, 0x15, 0x2D, 0xC5, 0xEB,
    0xC8, 0xFF, 0x1E, 0xAB, 0x05, 0xD9, 0x41, 0x48, 0x3A, 0x62, 0xD5, 0xA3, 0xE8, 0xB0, 0x6E, 0xB8,
    0xB5, 0xC3, 0x7A, 0x3E, 0x30, 0xFD, 0x33, 0xB5, 0x95, 0x01, 0x84, 0x5C, 0xDB, 0x19, 0xC7, 0x7F,
    0x77, 0x4E, 0x9B, 0x8B, 0x2B, 0x73, 0x16, 0x0D, 0x55, 0x6B, 0x6F, 0xE8, 0x62, 0x91, 0xDD, 0xB9,
    0x08, 0x06, 0xB3, 0x73, 0x4F, 0x05, 0x45, 0xA8, 0x45, 0x16, 0x40, 0x03, 0x00, 0xA4, 0x58, 0x04,
    0x99, 0x9D, 0x5B, 0x45, 0x49, 0x68, 0x03, 0x00, 0x48, 0x69, 0x01, 0x98, 0x52, 0x2C, 0x66, 0x77,
    0x4E, 0xB2, 0x40, 0x8B, 0x9E, 0x36, 0x00, 0x70, 0x54, 0x01, 0x0F, 0x07, 0x83, 0x8D, 0x77, 0xAF,
    0xF3, 0xBE, 0x33, 0xBB, 0x3B, 0x56, 0x5E, 0x12, 0xCF, 0xBE, 0xF7, 0xCE, 0xFE, 0xBF, 0xFF, 0xFD,
    0xDF, 0xFF, 0xF7, 0xDD, 0xEF, 0x3B, 0x96, 0xCF, 0x54, 0x9F, 0x39, 0x50, 0x55, 0xBB, 0x5E, 0x37,
    0xDA, 0xD6, 0xE1, 0x97, 0xF7, 0x15, 0xDF, 0xED, 0x8F, 0x21, 0xF4, 0x41, 0x35, 0xE0, 0xEB, 0xB8,
    0xAC, 0x32, 0x5F, 0xA9, 0xA6, 0xEA, 0x53, 0xED, 0x50, 0x71, 0x4B, 0x30, 0xA3, 0x67, 0x29, 0x60,
    0x13, 0xEA, 0x18, 0x76, 0xF9, 0x5D, 0x41, 0xD5, 0xB3, 0x15, 0x6F, 0x2A, 0xB8, 0x25, 0xEE, 0x1D,
    0x12, 0xA3, 0x11, 0xAC, 0xC5, 0xE1, 0xE1, 0xA1, 0x3C, 0xA2, 0x4D, 0x21, 0xFA, 0x89, 0x3C, 0xDB,
    0x14, 0xA2, 0xD3, 0x49, 0xB9, 0x74, 0xEC, 0xF5, 0xF3, 0x73, 0x7E, 0xAB, 0x7F, 0x2C, 0xDC, 0xB8,
    0xD1, 0x93, 0x9B, 0x37, 0xCC, 0x8D, 0x66, 0xCC, 0x84, 0x39, 0x2D, 0x1D, 0x0B, 0xD1, 0x03, 0x6A,
    0x5B, 0x5A, 0x6D, 0x75, 0x53, 0x9A, 0x01, 0x23, 0x8E, 0x3E, 0xE1, 0x8C, 0x89, 0x74, 0xB4, 0xCC,
    0x99, 0x88, 0xD6, 0xE4, 0x26, 0x37, 0x47, 0x9A, 0x30, 0x56, 0x7E, 0x92, 0xBB, 0x79, 0x91, 0x26,
    0x76, 0xDA, 0x2D, 0x74, 0x72, 0x06, 0xBD, 0x50, 0x9F, 0x5F, 0x94, 0x6F, 0x57, 0x17, 0x69, 0x2E,
    0xCA, 0x5F, 0x05, 0x71, 0x46, 0xCA, 0x1E, 0xE5, 0xE6, 0x5B, 0xA9, 0xE5, 0x3A, 0x35, 0x56, 0x2E,
    0xEA, 0x20, 0x4D, 0x24, 0x27, 0x0D, 0xA5, 0xAD, 0xB4, 0xD2, 0x04, 0x19, 0xC4, 0x31, 0xAC, 0x62,
    0xFF, 0x2A, 0x46, 0xF0, 0xB7, 0xD1, 0x2F, 0x9A, 0xD5, 0x7F, 0xF2, 0x2C, 0x5A, 0x33, 0xC2, 0x24,
    0xEF, 0x4B, 0xB1, 0xFE, 0xB6, 0xFE, 0x28, 0xC6, 0xF0, 0xD7, 0xBD, 0x3B, 0xAB, 0x5E, 0x29, 0x0E,
    0xF6, 0x32, 0x93, 0xFC, 0x8F, 0x23, 0xF9, 0xD7, 0x35, 0xA9, 0xFE, 0x53, 0x35, 0x83, 0x66, 0xE1,
    0x63, 0x88, 0x61, 0xE1, 0x07, 0xCD, 0x06, 0x74, 0x10, 0x1D, 0xB1, 0x23, 0x46, 0x17, 0xC5, 0x17,
    0x16, 0xED, 0x92, 0x2F, 0xD9, 0x49, 0x8C, 0x93, 0x49, 0xB6, 0x8C, 0xAA, 0x15, 0x88, 0x98, 0x90,
    0x3B, 0x31, 0xD1, 0x81, 0x78, 0xC9, 0x97, 0x4E, 0xAA, 0x63, 0x08, 0x77, 0x41, 0x19, 0x32, 0xF7,
    0xB0, 0x0E, 0x55, 0xE6, 0x2A, 0x65, 0xAA, 0xBB, 0x54, 0x0F, 0x6F, 0xBF, 0x28, 0x3D, 0x4B, 0x0E,
    0x9B, 0x70, 0x04, 0xF1, 0x9D, 0x3D, 0xC2, 0x6E, 0x62, 0x73, 0x6C, 0x66, 0x2D, 0xDC, 0x12, 0x99,
    0x45, 0x05, 0xFA, 0x5F, 0x31, 0xFC, 0x27, 0x6F, 0xCE, 0x8D, 0xB1, 0x06, 0xCB, 0xF7, 0xC5, 0xFF,
    0x24, 0x86, 0x33, 0xE8, 0x3F, 0x00, 0xF5, 0x27, 0xEA, 0xF8, 0xDE, 0x54, 0xF9, 0x4B, 0xAA, 0xFE,
    0x0E, 0x95, 0xF8, 0xD5, 0x5F, 0x2C, 0x15, 0xFC, 0x60, 0xC1, 0xFB, 0x46, 0xFD, 0x46, 0x86, 0xA5,
    0x99, 0x7F, 0x8F, 0x71, 0x38, 0xCB, 0xFB, 0x3B, 0x4A, 0xBD, 0x54, 0xFC, 0xF7, 0x0F, 0xA0, 0x6E,
    0x0B, 0xD8, 0x06, 0xA0, 0xD7, 0xC1, 0x08, 0x00, 0x1D, 0x1B, 0x96, 0x00, 0xD4, 0xBF, 0xB5, 0x59,
    0x00, 0xE0, 0xB8, 0xF0, 0xCA, 0x01, 0x70, 0xAA, 0x42, 0xDE, 0x00, 0xD0, 0xAA, 0xA0, 0xB9, 0x56,
    0xBB, 0x6B, 0x35, 0x5A, 0xAB, 0xD9, 0xE0, 0xFF, 0x08, 0x4E, 0xF3, 0xFF, 0xF8, 0xD8, 0x21, 0x98,
    0xEA, 0xF3, 0xF3, 0x0F, 0x0B, 0xF5, 0x61, 0x41, 0x1D, 0x1F, 0xFF, 0xDA, 0x0F, 0xFE, 0xE8, 0x07,
    0x4D, 0xD1, 0xE9, 0xC2, 0xE9, 0x7F, 0xB9, 0xD2, 0x62, 0x1E, 0x68, 0xAB, 0xFF, 0x6D, 0xB5, 0x85,
    0xE7, 0x6B, 0x15, 0xAE, 0x55, 0xCF, 0x6B, 0x5B, 0xFE, 0xD9, 0x96, 0x0D, 0xCA, 0x16, 0x7E, 0xF0,
    0xD8, 0x0F, 0x0C, 0xDA, 0xA8, 0xCB, 0x7E, 0x94, 0xF4, 0x62, 0x2B, 0x80, 0x7D, 0x78, 0xE6, 0x99,
    0x7A, 0xF8, 0x39, 0x57, 0x27, 0x6B, 0x54, 0x50, 0x41, 0xC6, 0xD8, 0xD2, 0x8C, 0x79, 0xC1, 0xD1,
    0xCA, 0xDB, 0x51, 0x61, 0x5F, 0x85, 0xD3, 0x42, 0xF6, 0xFA, 0xED, 0xB2, 0x7C, 0x14, 0xC6, 0xB9,
    0x7B, 0x51, 0x34, 0x47, 0x05, 0x57, 0x59, 0x23, 0xF9, 0xDC, 0x49, 0x85, 0x76, 0x52, 0x53, 0x5A,
    0xA9, 0xAA, 0x8D, 0xD4, 0xD5, 0x48, 0xE5, 0x1C, 0xA9, 0x5D, 0x22, 0xD5, 0x1E, 0x00, 0xB6, 0x69,
    0xE9, 0x38, 0xA6, 0xA6, 0x6C, 0x0A, 0xAB, 0x5C, 0xE6, 0xC4, 0xCB, 0x6C, 0x9B, 0xBB, 0x2E, 0x0F,
    0xC7, 0x2A, 0xD4, 0xD9, 0x45, 0xD9, 0xB4, 0x85, 0xDD, 0x57, 0x6E, 0x90, 0x39, 0x8D, 0x64, 0x7B,
    0xCD, 0x26, 0xC9, 0xA1, 0xCD, 0x7D, 0x4D, 0xAA, 0x31, 0x75, 0x6F, 0x59, 0x36, 0xAB, 0xBA, 0xC2,
    0x4E, 0x94, 0x57, 0x6E, 0x2F, 0x0B, 0x99, 0xEB, 0x33, 0x63, 0x7D, 0x36, 0x81, 0x29, 0x64, 0x5F,
    0x5B, 0xF2, 0x77, 0x81, 0xD2, 0xCC, 0xD9, 0x67, 0x0F, 0x86, 0x59, 0x28, 0x9C, 0x2C, 0x3A, 0x1D,
    0x67, 0x0C, 0x4C, 0xE1, 0xB2, 0xC0, 0x70, 0x26, 0xB9, 0xB2, 0xC9, 0x7D, 0xEF, 0x82, 0x56, 0x5D,
    0x14, 0xBE, 0x6C, 0xF6, 0x99, 0xB1, 0x01, 0x6C, 0x0C, 0x81, 0xD0, 0xE7, 0xA4, 0x67, 0x73, 0x99,
    0x47, 0xE6, 0x4F, 0x76, 0xE1, 0x39, 0xFF, 0x80, 0xAD, 0x9E, 0x83, 0xFC, 0x95, 0xA1, 0xF8, 0x7D,
    0x57, 0x18, 0x6D, 0x4F, 0xB4, 0x5D, 0x29, 0xD4, 0x2B, 0x40, 0x2B, 0x0B, 0x23, 0x02, 0xCC, 0x18,
    0xD2, 0x73, 0x27, 0x5B, 0xE4, 0xA6, 0xCD, 0xCD, 0x96, 0xB4, 0x72, 0x43, 0xC4, 0xBE, 0x0F, 0x6C,
    0x8C, 0x19, 0x9F, 0x71, 0xDA, 0xD1, 0x75, 0xB4, 0xED, 0x17, 0x31, 0x4F, 0x98, 0x6F, 0x70, 0x00,
    0x00, 0x13, 0x26, 0x91, 0x28, 0x10, 0x71, 0xF3, 0xF7, 0xE1, 0xDE, 0x41, 0x5C, 0xC6, 0x25, 0xF0,
    0x14, 0x90, 0x67, 0x16, 0x40, 0x39, 0xC8, 0x2D, 0x68, 0x03, 0x5B, 0xC0, 0x08, 0x78, 0x0E, 0x04,
    0xC8, 0x1C, 0x28, 0x0B, 0x85, 0x01, 0x0D, 0xEC, 0x02, 0x2F, 0xAE, 0xBE, 0xF4, 0x57, 0xA9, 0xE6,
    0x32, 0xB5, 0x77, 0xF5, 0xE5, 0xCF, 0x80, 0xD2, 0x33, 0xF0, 0x4C, 0x3B, 0x16, 0x1D, 0xD3, 0x68,
    0x16, 0xD1, 0x6C, 0x97, 0xF6, 0x7E, 0x69, 0x51, 0x3E, 0x21, 0x0B, 0x09, 0xDC, 0x40, 0x9E, 0x90,
    0x2D, 0xBC, 0x40, 0x47, 0x2B, 0x28, 0x3B, 0x04, 0xDA, 0xAD, 0x40, 0x42, 0x61, 0x12, 0x32, 0xF8,
    0x29, 0xDC, 0x3C, 0xB9, 0x4B, 0xD0, 0x61, 0x8D, 0x2B, 0x07, 0x50, 0xBE, 0xF4, 0x14, 0x7E, 0x9A,
    0x1A, 0xC9, 0x35, 0xB4, 0x93, 0x5B, 0x68, 0x2B, 0xB6, 0x50, 0x16, 0x84, 0x58, 0x53, 0x2E, 0x94,
    0x86, 0xDB, 0x34, 0x3E, 0x4D, 0x17, 0xE5, 0x12, 0x41, 0x61, 0xD3, 0x68, 0x9B, 0x26, 0x7F, 0x3C,
    0x76, 0x35, 0x6F, 0x45, 0xAB, 0xD7, 0x31, 0xC0, 0x19, 0xD3, 0xD7, 0x74, 0x59, 0x6C, 0x13, 0x45,
    0x5A, 0x5E, 0x0F, 0x6C, 0x9B, 0xEA, 0x85, 0x7A, 0x5E, 0x88, 0x20, 0x94, 0x25, 0xCA, 0x85, 0xEE,
    0x44, 0x49, 0xD4, 0xB1, 0x69, 0x99, 0x5E, 0x20, 0xCA, 0x30, 0x67, 0x84, 0xD0, 0x2E, 0x1C, 0xF0,
    0x13, 0x6E, 0x9C, 0x09, 0xA5, 0x21, 0x52, 0xDB, 0x4B, 0x5A, 0xBD, 0xB2, 0x01, 0xE4, 0xD1, 0x14,
    0x94, 0xF1, 0xC3, 0x33, 0xF6, 0x7B, 0xB1, 0x63, 0x9B, 0xD2, 0xC3, 0x7A, 0x01, 0x9F, 0xAE, 0x36,
    0x70, 0xBE, 0x5A, 0xC1, 0x36, 0xED, 0xE0, 0xBB, 0x65, 0x5A, 0xC2, 0x47, 0x21, 0x6D, 0xA1, 0x5C,
    0x5A, 0x72, 0xDA, 0xA6, 0x3D, 0xD4, 0xAB, 0x45, 0xBC, 0x0B, 0x00, 0x7C, 0x03, 0xCD, 0x91, 0x01,
    0xA6, 0x56, 0x41, 0x14, 0xC7, 0x7F, 0xF7, 0x9B, 0x74, 0x71, 0x30, 0x3B, 0x68, 0x76, 0xD0, 0x6C,
    0xA0, 0xCC, 0x28, 0x04, 0xD0, 0x12, 0x5A, 0x41, 0x00, 0xC2, 0xF3, 0xEE, 0x2C, 0x2B, 0x7A, 0xAF,
    0x7B, 0x68, 0x03, 0x53, 0x2B, 0x18, 0x6A, 0x01, 0x43, 0x17, 0xF3, 0xF8, 0xEE, 0x77, 0x7A, 0xD7,
    0x4B, 0x90, 0x08, 0x22, 0x7E, 0x83, 0x39, 0x87, 0x73, 0xFE, 0xFF, 0xF3, 0x3F, 0x59, 0xF6, 0xD6,
    0xD2, 0x8B, 0xED, 0x8A, 0x71, 0xC3, 0xCD, 0xF8, 0xC5, 0xF1, 0xDD, 0xAE, 0xE7, 0x1E, 0x4D, 0xE7,
    0x0B, 0xF0, 0x1A, 0x69, 0x84, 0x46, 0x6A, 0x7C, 0x68, 0xD3, 0xF7, 0x36, 0x7F, 0x6A, 0xFE, 0x65,
    0x7B, 0xEA, 0x5A, 0xB2, 0xCB, 0x3D, 0xB8, 0xF6, 0x80, 0x58, 0xF5, 0xA6, 0x3E, 0xE3, 0xC1, 0x0F,
    0xBC, 0x65, 0x82, 0xE2, 0xEA, 0xD1, 0x95, 0xCA, 0xA2, 0xCB, 0x85, 0xF4, 0x0D, 0x82, 0x4E, 0xD6,
    0xE4, 0x8E, 0x98, 0x49, 0x3B, 0xAB, 0xE9, 0x90, 0x36, 0x5C, 0x1F, 0xA7, 0x7E, 0x76, 0x7D, 0x91,
    0x96, 0x4C, 0xE7, 0x1D, 0x33, 0xBD, 0xA7, 0xFB, 0xDC, 0x22, 0x5C, 0xC1, 0xC6, 0xD4, 0x71, 0x95,
    0x59, 0x91, 0xC2, 0xCF, 0x2D, 0x30, 0xEF, 0x24, 0x2B, 0xD7, 0x5E, 0x6F, 0x44, 0x9F, 0xFB, 0x12,
    0xDE, 0x22, 0x1F, 0x79, 0xE6, 0xF5, 0xBD, 0xAB, 0xC3, 0xB5, 0x5D, 0xEA, 0x62, 0x45, 0xEE, 0x90,
    0x41, 0xB2, 0x7C, 0xEB, 0x75, 0xCC, 0x47, 0xFD, 0xF6, 0x10, 0x5F, 0xC5, 0x14, 0xAF, 0x24, 0xA6,
    0x9D, 0x65, 0x63, 0x29, 0xC4, 0x50, 0x59, 0xD7, 0x4E, 0xF8, 0xB2, 0xE1, 0xCB, 0xF8, 0xED, 0x85,
    0xCF, 0x3B, 0xEB, 0x57, 0xE3, 0xAF, 0x6F, 0x07, 0xEF, 0x08, 0x83, 0x34, 0xE0, 0x0F, 0xC8, 0xA5,
    0x24, 0xD3, 0xE9, 0x18, 0x58, 0xE3, 0xAB, 0x9E, 0x4E, 0xFD, 0xC9, 0xE9, 0x30, 0xFA, 0xA0, 0x8C,
    0x33, 0xAE, 0x13, 0x94, 0x64, 0x5B, 0xB4, 0x2E, 0x83, 0xC5, 0x18, 0xA1, 0xBC, 0xF1, 0x99, 0xC8,
    0xE3, 0x33, 0xDE, 0x78, 0x14, 0x0A, 0x72, 0x38, 0x99, 0xD6, 0x6C, 0x3B, 0x6B, 0xFD, 0x07, 0x99,
    0x45, 0x9D, 0xF6, 0x2C, 0x95, 0xC8, 0x7F, 0x97, 0xD9, 0x0F, 0x45, 0x90, 0x01, 0x66, 0xC3, 0x60,
    0x18, 0x86, 0x9F, 0xE4, 0x1F, 0x45, 0x51, 0x58, 0x3B, 0x14, 0xDD, 0x01, 0x46, 0x00, 0x86, 0x5A,
    0x73, 0x84, 0x61, 0x05, 0x3D, 0xC4, 0x2E, 0xD0, 0x49, 0xEC, 0x04, 0x3B, 0xD0, 0x48, 0xEC, 0x04,
    0x61, 0x36, 0x00, 0x39, 0x42, 0x46, 0x4A, 0x42, 0xD2, 0x77, 0xDF, 0x9F, 0x64, 0x5D, 0x78, 0xE2,
    0xF1, 0x7F, 0x6F, 0xF2, 0xF9, 0xDF, 0x9D, 0xD4, 0x79, 0xE8, 0xF7, 0x47, 0x3A, 0xB6, 0xC6, 0x9D,
    0x71, 0x6D, 0x70, 0x41, 0xAA, 0x3C, 0x96, 0x89, 0xFF, 0xCE, 0x76, 0xAA, 0x06, 0x96, 0xFD, 0xE3,
    0x25, 0xB7, 0x56, 0x39, 0x9C, 0x41, 0xF6, 0xC6, 0x4C, 0x35, 0x8B, 0xEF, 0x8E, 0x88, 0x23, 0x0F,
    0x6C, 0x79, 0x01, 0xDE, 0xC7, 0x5C, 0x24, 0xC5, 0xB6, 0x93, 0x65, 0xBB, 0x87, 0x1A, 0x12, 0x9D,
    0x8D, 0x9E, 0xD5, 0xE9, 0x09, 0x57, 0x82, 0x2B, 0x60, 0x9E, 0x73, 0x25, 0xA9, 0xF3, 0x58, 0xB6,
    0x5E, 0xAB, 0x65, 0x78, 0x32, 0xA9, 0x18, 0x24, 0x3A, 0x3D, 0x57, 0x83, 0xB8, 0xCA, 0x35, 0x93,
    0x04, 0xDD, 0x24, 0xFC, 0x4B, 0x98, 0x4F, 0xA3, 0x59, 0x4E, 0xE0, 0xC3, 0xF5, 0x46, 0x45, 0x56,
    0xBB, 0x6A, 0xF3, 0x23, 0x7D, 0xA8, 0x73, 0x52, 0xBE, 0xC8, 0x5D, 0x71, 0xEF, 0xD4, 0x63, 0x92,
    0xDF, 0xBA, 0x13, 0x5E, 0x4A, 0x0B, 0x7B, 0x09, 0xFA, 0x49, 0x88, 0xCA, 0x49, 0x82, 0x66, 0x1A,
    0xB1, 0x1D, 0xC5, 0xA5, 0xC7, 0x99, 0xFF, 0xAA, 0x74, 0x5F, 0x4D, 0xA2, 0x9C, 0xB9, 0x3E, 0x55,
    0x65, 0x26, 0xA1, 0x5E, 0x95, 0xC2, 0xE6, 0x1C, 0x13, 0xC8, 0x0F, 0xDA, 0x83, 0xFD, 0xC7, 0xB6,
    0x90, 0xE0, 0x52, 0x7A, 0xC2, 0xB1, 0xBE, 0x55, 0x6B, 0xDD, 0xDA, 0x45, 0x53, 0xFF, 0x8A, 0x87,
    0x85, 0x24, 0x12, 0x64, 0x3A, 0xC3, 0x8D, 0x35, 0x43, 0x58, 0x03, 0xE3, 0x0D, 0x7B, 0x83, 0x24,
    0x1E, 0x5A, 0x38, 0xF8, 0x6D, 0x32, 0xCF, 0x1A, 0x7E, 0x01, 0x8D, 0xD2, 0x81, 0x66, 0x1D, 0x41,
    0x18, 0x05, 0xE0, 0x6F, 0xB3, 0xA9, 0x4B, 0xAF, 0x9A, 0xA0, 0x80, 0xD6, 0x05, 0x28, 0xDA, 0x04,
    0x8A, 0x60, 0xB6, 0xD9, 0x37, 0xE8, 0x7D, 0x98, 0x02, 0xF6, 0x36, 0xF7, 0xA1, 0x8A, 0x20, 0x64,
    0xDF, 0xA0, 0xFB, 0x06, 0xCD, 0x1B, 0x74, 0xA2, 0x8B, 0xA2, 0x35, 0xDD, 0x1D, 0xD6, 0x2A, 0x8D,
    0xE6, 0xB7, 0xE7, 0xF0, 0xCF, 0xF9, 0xE7, 0x3F, 0x87, 0x1D, 0x67, 0xF0, 0x05, 0x27, 0x09, 0xDB,
    0x1E, 0xE7, 0x70, 0x9D, 0x73, 0xEE, 0x0B, 0x5D, 0x58, 0x84, 0x32, 0x52, 0x86, 0x9D, 0x01, 0x0E,
    0xAA, 0xDC, 0x6E, 0xF2, 0xB0, 0x8B, 0x63, 0x17, 0x9B, 0xF7, 0xF1, 0x95, 0xE8, 0xBF, 0xDF, 0x5A,
    0x75, 0x8F, 0x2A, 0x41, 0x07, 0x3B, 0x77, 0xB3, 0x65, 0xA1, 0xD2, 0xA2, 0x2B, 0xCE, 0xCB, 0x30,
    0xBC, 0xF4, 0x14, 0x97, 0x29, 0x4C, 0x13, 0x0F, 0xE1, 0x90, 0xEA, 0xDC, 0xCB, 0x8B, 0xEF, 0x5E,
    0x4B, 0xAA, 0x07, 0xF5, 0x50, 0x8D, 0x42, 0xEB, 0xA0, 0x21, 0xC8, 0xB3, 0x65, 0xA1, 0x86, 0xDD,
    0x2C, 0x74, 0xEA, 0xFB, 0x2A, 0x91, 0x16, 0x5F, 0x97, 0x64, 0xD3, 0xB6, 0xF0, 0x39, 0x35, 0xF1,
    0xF6, 0x53, 0x7C, 0xFB, 0x4F, 0xDF, 0xE9, 0xFC, 0x10, 0xBB, 0xBF, 0x7C, 0x9F, 0xE1, 0xE2, 0xC8,
    0xDD, 0xBD, 0x93, 0xEF, 0x37, 0xB6, 0x5F, 0x3F, 0xD8, 0x85, 0xD0, 0x9E, 0x86, 0x8A, 0x80, 0x15,
    0x5E, 0x84, 0x8D, 0xF0, 0x71, 0xA7, 0xFE, 0xD6, 0x91, 0x13, 0x57, 0x3D, 0x81, 0xAB, 0x29, 0xD9,
    0x0C, 0x9E, 0x23, 0x3C, 0x8E, 0x18, 0x18, 0x83, 0x7A, 0x08, 0x42, 0x1B, 0xE6, 0x7B, 0x05, 0x81,
    0xE9, 0x8C, 0x6A, 0x44, 0x87, 0x33, 0xDE, 0x20, 0x3E, 0x86, 0x8A, 0x18, 0x5A, 0x71, 0xD3, 0x8B,
    0x55, 0x12, 0x75, 0x96, 0x5D, 0x34, 0x18, 0x95, 0x85, 0xA1, 0xA5, 0xC2, 0xB2, 0x6E, 0x2F, 0x4A,
    0xE2, 0x24, 0x95, 0xEB, 0x0D, 0x31, 0xE7, 0xFC, 0x6B, 0xC2, 0xCF, 0x06, 0xE1, 0x48, 0x7D, 0x8F,
    0xC4, 0x5A, 0x97, 0x70, 0x83, 0x93, 0x59, 0xDA, 0x96, 0x67, 0x37, 0xD3, 0x0D, 0x14, 0x2A, 0x6D,
    0x11, 0xCA, 0x88, 0xDB, 0xC5, 0x71, 0xAD, 0x5D, 0xCB, 0xF5, 0xA0, 0x4A, 0xA3, 0x4D, 0xFA, 0xED,
    0x3C, 0xE5, 0x36, 0xA6, 0x1F, 0xBD, 0x94, 0x3C, 0x09, 0x6B, 0x6D, 0x2C, 0x4F, 0xBE, 0x4A, 0xEE,
    0xA6, 0xF4, 0x33, 0xE5, 0xA2, 0x1C, 0xB1, 0x3D, 0x96, 0x76, 0x16, 0xCA, 0xC8, 0x32, 0xBC, 0x01,
    0xD8, 0xEF, 0x9F, 0xE4, 0x78, 0x9A, 0x1E, 0xCC, 0x09, 0x77, 0x53, 0xD2, 0x39, 0x71, 0xF5, 0xB0,
    0xFE, 0xEF, 0xB5, 0x5E, 0x1B, 0x38, 0x18, 0x55, 0xC9, 0x3B, 0xF5, 0xE4, 0xDC, 0x86, 0x89, 0x86,
    0x88, 0xD4, 0x20, 0x95, 0xB6, 0x08, 0x92, 0x86, 0xC6, 0x48, 0xB9, 0x06, 0x7F, 0x00, 0xBD, 0x97,
    0x3F, 0x90, 0xDC, 0x48, 0xF5, 0xC7, 0x3F, 0x2D, 0xDD, 0x59, 0xBF, 0x2A, 0x55, 0xFD, 0xFA, 0x82,
    0x23, 0x00, 0x17, 0xEE, 0x84, 0xD4, 0x27, 0x02, 0x12, 0xAA, 0x76, 0x47, 0x5D, 0x38, 0x24, 0xB8,
    0x0D, 0xEC, 0x98, 0xDC, 0x04, 0x26, 0xB8, 0x80, 0x60, 0xC7, 0xA3, 0x2A, 0x42, 0x92, 0xCD, 0xC8,
    0x80, 0x78, 0x09, 0x70, 0x40, 0xE0, 0x60, 0x76, 0xA7, 0x89, 0x08, 0x08, 0x2C, 0xF2, 0xC0, 0x0A,
    0x36, 0x20, 0xC2, 0xA2, 0x4A, 0xD4, 0xC9, 0x87, 0x66, 0x9A, 0x7E, 0x6F, 0x67, 0x66, 0xFF, 0x9C,
    0xCF, 0xB5, 0x05, 0x86, 0x67, 0xF7, 0x67, 0x76, 0xFA, 0xFD, 0xFB, 0xBE, 0x96, 0x6C, 0x69, 0x1F,
    0x03, 0x8F, 0x57, 0xC0, 0x58, 0x43, 0x36, 0xD4, 0x0D, 0x79, 0xEF, 0x02, 0x45, 0x6B, 0x5B, 0xCA,
    0x50, 0x76, 0xD8, 0x26, 0x8F, 0x31, 0xA2, 0x30, 0x13, 0x73, 0x98, 0x58, 0xC2, 0x19, 0x23, 0xD4,
    0xA6, 0x4F, 0xC8, 0x3A, 0x70, 0xBF, 0x68, 0xC1, 0xFE, 0x39, 0x40, 0xF9, 0xDA, 0x43, 0x11, 0x81,
    0x7C, 0x03, 0x64, 0x13, 0xC0, 0xC0, 0xD6, 0xAA, 0x0B, 0xB2, 0xB8, 0x21, 0x6F, 0x17, 0xDE, 0x60,
    0x25, 0xBC, 0x85, 0xA2, 0x83, 0x5C, 0x56, 0xCF, 0xFD, 0x2F, 0x7B, 0x62, 0xEC, 0xF3, 0xC1, 0x75,
    0x36, 0xE4, 0x5D, 0x95, 0xF6, 0x67, 0x29, 0x7A, 0x4E, 0x11, 0x96, 0x94, 0x69, 0xD9, 0x66, 0xC2,
    0x31, 0x31, 0xE3, 0x8C, 0x25, 0x8B, 0x1F, 0xF5, 0x54, 0x31, 0x50, 0x6E, 0xD8, 0xDB, 0x2A, 0xC6,
    0x20, 0x0B, 0xEC, 0x37, 0xAE, 0x3A, 0xF9, 0xEB, 0xF7, 0xC4, 0x7C, 0x92, 0x56, 0x1A, 0x58, 0x56,
    0x83, 0x58, 0x83, 0x89, 0x6F, 0xF3, 0x16, 0x17, 0xE3, 0xEB, 0x86, 0xD5, 0xC9, 0xFD, 0x8D, 0x4C,
    0x66, 0x26, 0x8A, 0x9E, 0x3C, 0x4A, 0x96, 0xFD, 0x3D, 0xB6, 0x61, 0xE6, 0x1A, 0xE7, 0x79, 0x69,
    0x43, 0x45, 0xD6, 0xA5, 0x3E, 0x94, 0x41, 0x58, 0x21, 0x5C, 0x26, 0x56, 0x59, 0x4F, 0x8A, 0xF9,
    0x71, 0xA0, 0xF2, 0xF6, 0x0D, 0xA4, 0x88, 0x09, 0xD6, 0xE4, 0x83, 0x14, 0x2C, 0x36, 0xBE, 0xEA,
    0xA9, 0x16, 0xD2, 0x76, 0x7E, 0x2F, 0x8E, 0xF0, 0x29, 0xA8, 0x7D, 0x24, 0x78, 0x2E, 0x88, 0x80,
    0x89, 0x1E, 0xF2, 0x37, 0x4D, 0xC2, 0xAB, 0x00, 0xE5, 0x2F, 0x5B, 0xB0, 0x8F, 0x7A, 0x70, 0x79,
    0xC2, 0x2C, 0x1B, 0xE1, 0x98, 0x09, 0x96, 0x82, 0x21, 0xE5, 0xA5, 0xAE, 0xB5, 0x9C, 0x71, 0xED,
    0x8B, 0x16, 0xD7, 0x94, 0x01, 0x1B, 0xAC, 0xC7, 0xB6, 0x95, 0xA7, 0xEC, 0xEB, 0x34, 0xE7, 0x25,
    0xD0, 0x0E, 0xC9, 0x5A, 0x41, 0xB7, 0x82, 0xB2, 0xAD, 0x11, 0xF5, 0x1E, 0xE7, 0x5D, 0xD0, 0x49,
    0x98, 0x51, 0x76, 0x1C, 0xCB, 0xEC, 0x93, 0x08, 0x1F, 0x30, 0x63, 0x6A, 0xC0, 0x94, 0x1A, 0x70,
    0x56, 0x04, 0x58, 0x94, 0x0D, 0xD4, 0x16, 0xA8, 0x7E, 0x03, 0xD8, 0x35, 0xE8, 0x9C, 0x14, 0x23,
    0x20, 0x1A, 0x31, 0xEC, 0xEC, 0x5E, 0x8C, 0x13, 0x75, 0x82, 0x89, 0x47, 0x48, 0x3D, 0xB0, 0x2D,
    0xE0, 0x1A, 0xC9, 0x07, 0xA8, 0xAF, 0x10, 0x53, 0x9C, 0xE2, 0x6A, 0xAF, 0xF2, 0x80, 0x6D, 0x10,
    0xAD, 0x6C, 0x0B, 0x10, 0x4F, 0xC4, 0x23, 0x95, 0xCD, 0x2A, 0x61, 0x6B, 0x65, 0xA3, 0xA1, 0x37,
    0x5A, 0x1E, 0x4A, 0xC6, 0xB1, 0xB4, 0x7C, 0x29, 0x2D, 0x07, 0x2A, 0x6F, 0x7A, 0xEA, 0xFD, 0x91,
    0x5D, 0x6F, 0x69, 0x3D, 0x35, 0x4E, 0x5A, 0x56, 0x60, 0xC3, 0x0C, 0xCA, 0xEE, 0x00, 0xF2, 0x71,
    0x09, 0xC4, 0x71, 0xD7, 0x32, 0x57, 0x74, 0x40, 0x1E, 0x00, 0xE3, 0x81, 0xFB, 0xDA, 0x2D, 0xA1,
    0x78, 0xBB, 0x1B, 0xB0, 0xF6, 0x82, 0xFD, 0x85, 0x5D, 0xC8, 0x05, 0x50, 0xCC, 0xD8, 0x39, 0x9C,
    0x8E, 0x35, 0x00, 0x9A, 0x8B, 0x96, 0xDF, 0x99, 0x48, 0x6B, 0x04, 0xD2, 0xF8, 0xE3, 0x08, 0x50,
    0x05, 0xA0, 0xE8, 0xF6, 0x87, 0x2C, 0x99, 0x4C, 0x8A, 0xAB, 0x39, 0xF6, 0x7B, 0xA3, 0x86, 0xEC,
    0x82, 0xCB, 0x4E, 0x0B, 0xC8, 0x05, 0xD1, 0xA2, 0x09, 0x1B, 0x8F, 0x9A, 0xCE, 0x92, 0xF5, 0x37,
    0x5B, 0x1E, 0xA7, 0x38, 0x0E, 0x24, 0x63, 0x26, 0x2D, 0x2B, 0xA9, 0x62, 0xA5, 0x9E, 0x6D, 0x98,
    0x28, 0xC3, 0xF5, 0x96, 0x92, 0x3C, 0x41, 0x2F, 0x2D, 0x07, 0x69, 0xB9, 0x94, 0x96, 0xC7, 0xD2,
    0xF2, 0x50, 0x5A, 0x56, 0xFB, 0x96, 0x51, 0x27, 0xD6, 0x31, 0x04, 0xC6, 0xCB, 0x5E, 0x27, 0xD8,
    0x00, 0x2C, 0x82, 0xB8, 0x7B, 0x20, 0x1B, 0x76, 0x23, 0x30, 0x39, 0xE9, 0xA1, 0xD0, 0xAF, 0x37,
    0xC6, 0xAA, 0x5A, 0x51, 0x40, 0xC2, 0x05, 0xD7, 0x6C, 0xA5, 0x37, 0xF8, 0x33, 0xA1, 0x97, 0xB8,
    0x89, 0xFF, 0x3D, 0x8B, 0xB7, 0x98, 0x8D, 0x5F, 0xC5, 0xA6, 0x8A, 0xDD, 0xD3, 0x53, 0xFF, 0x9D,
    0xD3, 0x13, 0xC4, 0x64, 0x90, 0xA6, 0x4A, 0x08, 0xB6, 0xA7, 0x0C, 0xC5, 0x48, 0x11, 0xB2, 0x94,
    0x13, 0x88, 0x7A, 0x1E, 0x0D, 0xE0, 0xDA, 0xDD, 0x39, 0xE4, 0x23, 0xC0, 0x7A, 0x7F, 0x1B, 0x4D,
    0xBB, 0xB3, 0x29, 0x3A, 0xC0, 0x86, 0xDD, 0x8D, 0x76, 0x0E, 0x98, 0x09, 0x42, 0xDE, 0x93, 0xB5,
    0x65, 0x4B, 0xDE, 0xBA, 0x86, 0x32, 0xC8, 0xE9, 0x28, 0x1A, 0xE9, 0xEB, 0xD3, 0x42, 0x96, 0x1A,
    0x0E, 0x98, 0x01, 0xC7, 0xC0, 0x4B, 0x60, 0x80, 0xAC, 0x27, 0xA5, 0x42, 0x11, 0xC0, 0x36, 0x57,
    0x21, 0x07, 0xC0, 0xF2, 0x5A, 0x48, 0x77, 0x33, 0xA4, 0x02, 0x0E, 0xB7, 0x21, 0x9F, 0xE8, 0xA7,
    0xA6, 0x68, 0xAA, 0x43, 0xE3, 0x34, 0x5E, 0x4A, 0x4B, 0x3E, 0xC3, 0xB6, 0xE5, 0xF1, 0xF5, 0x20,
    0x0F, 0xE5, 0xB5, 0x20, 0x23, 0x81, 0xE3, 0x55, 0x90, 0x76, 0xF9, 0x58, 0xFF, 0x62, 0x75, 0xF1,
    0x91, 0x35, 0xBE, 0xB6, 0x65, 0x70, 0x6F, 0x16, 0xDE, 0xC4, 0x01, 0xEA, 0x96, 0x2C, 0x8E, 0x54,
    0xAF, 0xEB, 0xE6, 0x33, 0x5B, 0x04, 0xEC, 0x55, 0x6C, 0x29, 0x37, 0x20, 0xCB, 0x32, 0x0C, 0x79,
    0xE8, 0x73, 0xE1, 0x99, 0x6D, 0xEA, 0x48, 0x71, 0xC1, 0x73, 0x22, 0x91, 0x39, 0x80, 0x39, 0x42,
    0xC7, 0x83, 0xA2, 0x45, 0xF5, 0x80, 0x55, 0xF8, 0xAD, 0x4C, 0x6A, 0x54, 0x8F, 0x0A, 0xD3, 0x59,
    0x9F, 0x1C, 0x31, 0x12, 0x7B, 0x86, 0x84, 0xAC, 0x27, 0x1B, 0x24, 0x7F, 0x94, 0x31, 0x26, 0x19,
    0xFA, 0xAC, 0x6C, 0xE0, 0xB9, 0xE4, 0xD7, 0x7A, 0x56, 0x15, 0xE0, 0xA4, 0x99, 0x9D, 0xBE, 0xFE,
    0x3F, 0x67, 0x26, 0xC0, 0xA3, 0x56, 0x0E, 0x59, 0x57, 0x6F, 0xCA, 0x76, 0xEE, 0x7E, 0xCD, 0x90,
    0x4F, 0xF4, 0xA6, 0xD7, 0x35, 0x14, 0x13, 0xE7, 0xCF, 0x9C, 0xAF, 0xA7, 0xB2, 0xBD, 0x77, 0x62,
    0xDA, 0x6C, 0x62, 0xE5, 0x6D, 0x7C, 0x14, 0x43, 0x55, 0xBC, 0x7A, 0xD4, 0x1D, 0x90, 0x42, 0x0F,
    0x78, 0x29, 0x58, 0xD3, 0xEB, 0x9E, 0x8D, 0x45, 0x94, 0x9B, 0xED, 0x9C, 0x2B, 0x5B, 0xFE, 0x37,
    0x70, 0x7E, 0x7A, 0x7A, 0xFA, 0x5B, 0xF9, 0xF7, 0xD7, 0x2B, 0xD8, 0x5B, 0x2B, 0xC8, 0x07, 0x61,
    0xD9, 0x09, 0x5D, 0xD8, 0x9F, 0x26, 0x6B, 0x41, 0x36, 0x0A, 0x0B, 0xCD, 0xB1, 0x97, 0x4E, 0x2F,
    0xDC, 0xA8, 0x73, 0xBA, 0xE6, 0x6C, 0xD5, 0xD9, 0x68, 0x3F, 0x81, 0x51, 0x67, 0xBE, 0x49, 0xBD,
    0xBD, 0x8D, 0xC9, 0x9A, 0x4A, 0xC9, 0xF8, 0x3E, 0x83, 0x65, 0xF5, 0xEF, 0xFE, 0x81, 0xBD, 0x6E,
    0xD5, 0x97, 0x45, 0xE4, 0xA1, 0xED, 0xA1, 0xD0, 0x17, 0xA5, 0x3F, 0x25, 0xD8, 0x47, 0x1D, 0xB8,
    0xAC, 0x87, 0x99, 0x19, 0x60, 0x8E, 0x74, 0x64, 0x09, 0x23, 0x87, 0x18, 0x7D, 0x02, 0xF5, 0x38,
    0x9F, 0xB7, 0x58, 0x79, 0x68, 0x97, 0xC1, 0x36, 0x14, 0xAD, 0xF3, 0x69, 0xBB, 0x82, 0xAC, 0x9F,
    0x21, 0xA1, 0x62, 0x33, 0x30, 0x83, 0xEE, 0x89, 0xB7, 0xB3, 0x21, 0xC5, 0x15, 0x92, 0x91, 0x77,
    0xD8, 0x26, 0x75, 0x70, 0xC9, 0x4F, 0xAD, 0x95, 0xB7, 0x3D, 0x0E, 0x77, 0xEF, 0x70, 0xA2, 0x40,
    0xB4, 0xB4, 0x5B, 0x55, 0xC5, 0xAB, 0x06, 0xF2, 0xE8, 0xC1, 0xC4, 0x9D, 0x7A, 0x49, 0xE0, 0xE3,
    0xC7, 0xC0, 0x2A, 0x36, 0x14, 0x31, 0x0E, 0xB8, 0x2E, 0x5B, 0x53, 0x7B, 0x16, 0xD2, 0xBC, 0x62,
    0x0E, 0xCE, 0x2F, 0xC1, 0x36, 0xFF, 0x31, 0x3E, 0x4D, 0xAD, 0x50, 0x7C, 0x98, 0x7A, 0x2A, 0x4D,
    0x45, 0xAA, 0x5C, 0x15, 0xAE, 0x23, 0xE8, 0x30, 0xE8, 0x58, 0x54, 0x2D, 0x26, 0x8E, 0xE4, 0x7F,
    0x9F, 0x28, 0xDA, 0xEF, 0x53, 0x06, 0xB0, 0x1F, 0x7A, 0x35, 0xFC, 0xCC, 0x79, 0xD6, 0x35, 0xAC,
    0x26, 0xA8, 0x3A, 0x80, 0xB9, 0x20, 0xEE, 0x71, 0xCC, 0x5D, 0xCC, 0x79, 0xCC, 0x50, 0x07, 0xF2,
    0x49, 0x51, 0x79, 0xB2, 0xE1, 0xD6, 0x9E, 0x03, 0xD3, 0x73, 0x07, 0xBB, 0xAD, 0xE0, 0x4C, 0xCA,
    0xD7, 0xA1, 0x0E, 0x8E, 0xEB, 0xB6, 0xDF, 0x95, 0xE6, 0x45, 0x57, 0x07, 0x6C, 0xAF, 0x70, 0x50,
    0xB4, 0x77, 0xD3, 0x9C, 0xB7, 0x57, 0x69, 0x95, 0xDF, 0xA5, 0x65, 0x1B, 0x0A, 0x5C, 0xBC, 0x70,
    0x1C, 0x66, 0x71, 0xCD, 0xF7, 0x70, 0x1D, 0x6A, 0xB7, 0xBC, 0x33, 0xF5, 0xEA, 0xB1, 0xDD, 0x34,
    0x79, 0x7C, 0x29, 0xBE, 0xD9, 0x61, 0x3C, 0xDE, 0xAD, 0x4D, 0x57, 0xC7, 0x5F, 0x75, 0xC7, 0x36,
    0x86, 0x1F, 0x98, 0x73, 0xCC, 0xD1, 0xD7, 0xF7, 0xD4, 0x7E, 0xE8, 0xB9, 0xEF, 0x25, 0xCD, 0xDF,
    0x8B, 0xF1, 0xAF, 0xDC, 0xB2, 0x7B, 0xAB, 0x78, 0x81, 0x16, 0x9D, 0x1D, 0xF1, 0x53, 0x0F, 0x6A,
    0x9F, 0x00, 0x2F, 0xF4, 0xC8, 0xF7, 0x8F, 0xD0, 0x07, 0xC0, 0x01, 0xF0, 0x07, 0xF6, 0x7B, 0xA5,
    0x87, 0xFF, 0xBF, 0x83, 0xEA, 0xBB, 0x39, 0x0A, 0x0F, 0x8B, 0x40, 0xB1, 0x81, 0x45, 0x4B, 0xB1,
    0x86, 0xBA, 0x45, 0x57, 0xB9, 0x06, 0x56, 0xBB, 0x1F, 0x62, 0x03, 0x2E, 0x80, 0xB9, 0x5E, 0x29,
    0xC8, 0x02, 0xF8, 0x2E, 0xD7, 0x73, 0x1A, 0x28, 0xC7, 0xAB, 0x1C, 0x13, 0x1B, 0xDC, 0xB8, 0xFB,
    0xA0, 0x6A, 0xE0, 0xFF, 0xE0, 0x9D, 0x75, 0xC4, 0x1E, 0xC8, 0xB4, 0x59, 0x94, 0x12, 0xD5, 0xC0,
    0xEA, 0x24, 0x8B, 0x7E, 0xFB, 0x63, 0x43, 0xF4, 0xF9, 0x28, 0x0D, 0xF2, 0x35, 0x52, 0x6B, 0xD5,
    0x4A, 0xD5, 0x72, 0xFF, 0x45, 0xB3, 0xA0, 0x82, 0x61, 0x7F, 0xA0, 0xC0, 0x21, 0x59, 0x27, 0xE3,
    0xE5, 0x1B, 0x55, 0xB8, 0xE8, 0x64, 0xAE, 0x42, 0xBF, 0xF0, 0x4C, 0x3C, 0x3E, 0x9B, 0x30, 0xD1,
    0x17, 0x93, 0xD4, 0x59, 0xB4, 0xA9, 0x66, 0xB1, 0x96, 0x4A, 0x29, 0x72, 0xA5, 0x59, 0x73, 0xAD,
    0xA0, 0xE5, 0x58, 0xC4, 0x78, 0x22, 0xD8, 0x00, 0x66, 0x15, 0x00, 0x7B, 0xEB, 0x6D, 0x79, 0x14,
    0xDC, 0x7C, 0x47, 0xCE, 0x06, 0x0D, 0xD1, 0xE0, 0x6F, 0x3D, 0x79, 0xB2, 0x0A, 0x5A, 0x40, 0x4B,
    0x01, 0xDF, 0x56, 0x95, 0xD7, 0x1E, 0xF6, 0xC0, 0xA0, 0x2F, 0xFC, 0x43, 0x16, 0x13, 0xEC, 0xDB,
    0xBC, 0xA3, 0x6A, 0xF2, 0x40, 0x4D, 0x19, 0x98, 0x63, 0x1B, 0x96, 0x58, 0x98, 0x70, 0x82, 0x19,
    0x2C, 0x25, 0xFF, 0x4C, 0xF2, 0x6B, 0x5E, 0x42, 0x15, 0x06, 0xB0, 0x5F, 0xFD, 0xE3, 0xC9, 0x91,
    0x16, 0xA0, 0x12, 0x14, 0x01, 0x28, 0x9B, 0xAB, 0xF7, 0x8C, 0x9B, 0x96, 0xAB, 0x5B, 0xA0, 0x6E,
    0x7B, 0x73, 0xD4, 0xB9, 0x8C, 0xBA, 0x94, 0x51, 0x07, 0x99, 0xA3, 0x37, 0x03, 0xA6, 0x67, 0x24,
    0xEF, 0x98, 0xC8, 0x5B, 0x26, 0x29, 0x3F, 0x52, 0x36, 0xD9, 0x80, 0xF5, 0x29, 0xC4, 0xC9, 0xA8,
    0xCF, 0x6E, 0x8C, 0xBA, 0x9F, 0x0C, 0x7A, 0x20, 0x53, 0xB4, 0xEC, 0xEC, 0x59, 0x12, 0x99, 0xEB,
    0xBC, 0xC3, 0xEE, 0xC9, 0xBB, 0x00, 0x38, 0x13, 0x4C, 0x37, 0xA1, 0x7B, 0xEA, 0xD5, 0x38, 0xCD,
    0xD0, 0x5C, 0xAD, 0xF2, 0x8E, 0x9B, 0x7E, 0x50, 0xEC, 0xAE, 0xE0, 0x85, 0x20, 0xBE, 0xE3, 0xD7,
    0x01, 0xB3, 0xBF, 0x78, 0xEF, 0xBA, 0x82, 0x45, 0x2F, 0x32, 0x83, 0xE6, 0x6A, 0x95, 0x5B, 0x26,
    0x8E, 0x5E, 0x01, 0x4F, 0x4F, 0x00, 0xA7, 0x67, 0xB7, 0xF9, 0xFC, 0x7E, 0x2B, 0x4F, 0x54, 0x46,
    0xAC, 0xB7, 0x3C, 0xE4, 0x01, 0x16, 0xCB, 0x01, 0x96, 0xA2, 0xF9, 0x79, 0x62, 0x1E, 0x5E, 0x24,
    0x66, 0xA1, 0x4F, 0x34, 0x6D, 0x14, 0xDB, 0xF2, 0x72, 0xE7, 0xD2, 0x7B, 0x19, 0x79, 0x99, 0xA5,
    0x15, 0x28, 0x1B, 0xCB, 0xA1, 0x54, 0x36, 0x03, 0x9C, 0x7F, 0xFE, 0x93, 0x16, 0x4A, 0xED, 0xC8,
    0x13, 0x2F, 0x7C, 0x2A, 0x74, 0x71, 0x0D, 0x6C, 0x70, 0x21, 0x45, 0x62, 0x7A, 0xAC, 0x87, 0x63,
    0x1E, 0x02, 0x0F, 0x38, 0x00, 0x2C, 0x5F, 0x00, 0x85, 0x7F, 0x01, 0xE4, 0xA1, 0x57, 0x6A, 0xF7,
    0x2D, 0x7B, 0x10, 0x85, 0xCA, 0xCB, 0x48, 0xCD, 0xDA, 0x56, 0xD0, 0x6A, 0xDB, 0xCA, 0xDA, 0x45,
    0x3B, 0x6A, 0xF7, 0xF7, 0x69, 0x68, 0x31, 0x13, 0x9F, 0x0D, 0x14, 0x7F, 0xE3, 0x60, 0x8E, 0x4B,
    0x1A, 0x9C, 0x3F, 0x4E, 0x1A, 0x8A, 0x3F, 0xF6, 0x79, 0xD3, 0x9B, 0x2F, 0x83, 0x28, 0x59, 0xB0,
    0xA7, 0xF9, 0x67, 0x48, 0x1A, 0x8A, 0xBF, 0x24, 0xEF, 0x17, 0x56, 0x22, 0x0F, 0x0E, 0x25, 0x4B,
    0x2B, 0x6C, 0xAB, 0xE5, 0x89, 0x3D, 0xAC, 0xEF, 0xAC, 0xC1, 0x4B, 0xD6, 0x43, 0x54, 0x03, 0xAA,
    0x01, 0x44, 0x03, 0x46, 0x34, 0x50, 0xA8, 0x06, 0x87, 0xF0, 0x40, 0xD9, 0xCB, 0x39, 0xE4, 0x2D,
    0xAA, 0x01, 0xD5, 0x80, 0x68, 0xD0, 0x73, 0x68, 0xF5, 0x1C, 0x5A, 0x32, 0xD5, 0x50, 0xDD, 0xD6,
    0x00, 0x88, 0xEB, 0x83, 0xE3, 0xE9, 0xEF, 0xBE, 0x3A, 0x6D, 0x56, 0x72, 0x9D, 0x14, 0x87, 0xDB,
    0x5F, 0x33, 0x9C, 0x37, 0x83, 0x3E, 0x6E, 0xF3, 0x89, 0x3A, 0x6C, 0x3F, 0x2A, 0x9F, 0x0D, 0x54,
    0xFE, 0x5F, 0xBD, 0x91, 0x21, 0x4C, 0xC3, 0x40, 0x14, 0x86, 0xFF, 0xB6, 0x81, 0x8A, 0x8A, 0x43,
    0x40, 0x10, 0x13, 0xE0, 0xCD, 0x79, 0x75, 0xE7, 0x15, 0x82, 0x85, 0x10, 0xC4, 0xBC, 0xAA, 0x37,
    0xEB, 0xBC, 0xC2, 0xE3, 0xBD, 0x41, 0x42, 0x76, 0x5E, 0x15, 0x81, 0xAF, 0x18, 0xFE, 0x44, 0x97,
    0x0C, 0x72, 0xD7, 0xC7, 0x7B, 0xBD, 0x8D, 0x2C, 0x41, 0x2D, 0x23, 0x54, 0x7C, 0x7F, 0x72, 0xD7,
    0xBB, 0xF7, 0x5D, 0x7E, 0xA0, 0x5E, 0x55, 0x9F, 0x40, 0x41, 0x43, 0x43, 0x16, 0xEA, 0xA3, 0x89,
    0xB5, 0x85, 0xB1, 0x95, 0x3F, 0x01, 0xE6, 0xA8, 0x5A, 0x00, 0xAF, 0x50, 0x0E, 0x40, 0xD8, 0x8F,
    0x09, 0xF1, 0xE7, 0x61, 0x52, 0x5C, 0xC4, 0xE9, 0xEC, 0xDD, 0x6E, 0xF7, 0x8E, 0x8D, 0x8A, 0x5C,
    0x33, 0x00, 0x9A, 0xDE, 0x88, 0x00, 0xA0, 0xDE, 0x88, 0xDE, 0x28, 0xB7, 0x74, 0x30, 0xF2, 0xCF,
    0x1C, 0xA5, 0xC5, 0x0B, 0xE4, 0x48, 0x42, 0x66, 0x45, 0xC8, 0x19, 0x81, 0xC8, 0x38, 0xB9, 0xEB,
    0x30, 0xC8, 0xD8, 0x28, 0x43, 0xA3, 0xCC, 0x76, 0xC8, 0x89, 0x51, 0xAD, 0x6B, 0x07, 0xBD, 0x50,
    0xBB, 0xB9, 0x82, 0xB8, 0x3B, 0x31, 0xA1, 0xA0, 0x9C, 0x61, 0xF0, 0xC8, 0x5B, 0x75, 0xE4, 0xC8,
    0x7A, 0x75, 0x4A, 0x8B, 0xB1, 0x07, 0x43, 0x3D, 0xA4, 0x88, 0xE1, 0x21, 0x60, 0x6C, 0x02, 0x01,
    0xF2, 0xE2, 0x0E, 0xD7, 0x3F, 0x5D, 0x20, 0xEC, 0xE7, 0x79, 0xAA, 0x83, 0x02, 0x4C, 0xCA, 0x54,
    0xC8, 0x34, 0x6C, 0xF7, 0xFF, 0x2E, 0xC5, 0x38, 0x94, 0xD4, 0x8E, 0xD2, 0x57, 0xD4, 0x8A, 0x77,
    0x4E, 0x61, 0xF4, 0xD6, 0x9C, 0xE2, 0x4D, 0xD3, 0xE4, 0xBD, 0xD9, 0x7A, 0xB3, 0xBF, 0x78, 0x57,
    0xED, 0xEF, 0xFB, 0x92, 0xB7, 0x63, 0xEF, 0x94, 0xC9, 0xDB, 0xFE, 0x83, 0x77, 0x36, 0x00, 0x80,
    0x22, 0xC7, 0xD4, 0x4F, 0x2D, 0xD3, 0xE4, 0x0B, 0x88, 0x67, 0xE1, 0xD2, 0xA9, 0x7D, 0x26, 0x4F,
    0x6F, 0x46, 0x26, 0xC7, 0xB4, 0x7E, 0x20, 0x65, 0xAC, 0xFA, 0x7A, 0x66, 0x81, 0x92, 0x7A, 0x4D,
    0x6D, 0x26, 0x95, 0xEB, 0x0D, 0x80, 0x8C, 0xC8, 0x02, 0xE5, 0xBA, 0x71, 0x40, 0xE5, 0x54, 0x07,
    0x28, 0x5B, 0x7A, 0x26, 0x0A, 0xA1, 0x15, 0xCE, 0x1C, 0x53, 0x91, 0xD7, 0x14, 0x0C, 0xF9, 0x25,
    0x85, 0x98, 0xFB, 0xCB, 0xF5, 0x4D, 0x40, 0xC7, 0xEB, 0x11, 0x60, 0x2E, 0x1F, 0x85, 0x3A, 0x0A,
    0xF9, 0xB9, 0x4C, 0xE8, 0x9E, 0x79, 0x96, 0x07, 0xA6, 0x87, 0xB0, 0x1F, 0x39, 0xDC, 0xF5, 0x45,
    0xBC, 0x27, 0xEA, 0x32, 0x8A, 0x7A, 0xB0, 0x68, 0x56, 0xDF, 0x62, 0x80, 0x03, 0x13, 0x40, 0x49,
    0x72, 0x80, 0x81, 0x40, 0x10, 0x40, 0x61, 0xF8, 0xB5, 0x43, 0x61, 0x31, 0xDD, 0x60, 0x8F, 0xB0,
    0x00, 0x41, 0x1A, 0x3A, 0x66, 0xE8, 0x22, 0xB1, 0xD5, 0x09, 0xB6, 0x9B, 0x0C, 0x56, 0x60, 0x66,
    0xFF, 0xDE, 0xB4, 0x8F, 0xE7, 0xC7, 0xB7, 0xA5, 0xAA, 0x2D, 0x90, 0x5A, 0x22, 0x73, 0xCB, 0x69,
    0xBF, 0xB4, 0x64, 0x9D, 0x1B, 0x65, 0xC5, 0x64, 0xFA, 0xD6, 0x83, 0xF1, 0x02, 0x57, 0x23, 0xF0,
    0xAE, 0x0A, 0xCE, 0x87, 0x14, 0x9D, 0x17, 0xB3, 0xA9, 0x76, 0x2C, 0x13, 0x6B, 0x0A, 0x94, 0x91,
    0xA2, 0x81, 0xDC, 0x53, 0x76, 0xF0, 0xEC, 0x28, 0x11, 0xA4, 0xA9, 0x0E, 0x14, 0x69, 0x5C, 0x4D,
    0x52, 0x8F, 0x49, 0xEA, 0xB8, 0x99, 0x8C, 0xC1, 0x64, 0x0C, 0x26, 0xE3, 0xDD, 0xD4, 0x50, 0xFF,
    0x3D, 0xB6, 0x1C, 0xFD, 0x1F,
};

static const EpdGlyph bookerly_14_regularGlyphs[] = {
    { 0, 0, 0, 0, 0, 0, 0 }, // U+0000
    { 0, 0, 0, 0, 0, 0, 0 }, // U+0008
    { 0, 0, 100, 0, 0, 0, 0 }, // U+0009
    { 0, 0, 100, 0, 0, 0, 0 }, // U+000D
    { 0, 0, 0, 0, 0, 0, 0 }, // U+001D
    { 0, 0, 100, 0, 0, 0, 0 }, // U+0020
    { 4, 23, 127, 3, 23, 23, 0 }, // !
    { 9, 10, 172, 2, 21, 23, 23 }, // "
    { 18, 19, 291, 0, 18, 86, 46 }, // #
    { 14, 31, 291, 3, 25, 109, 132 }, // $
    { 26, 23, 452, 2, 22, 150, 241 }, // %
    { 22, 23, 375, 2, 23, 127, 391 }, // &
    { 4, 10, 91, 2, 21, 10, 518 }, // '
    { 9, 31, 170, 1, 25, 70, 528 }, // (
    { 10, 31, 170, 1, 25, 78, 598 }, // )
    { 10, 10, 174, 0, 22, 25, 676 }, // *
    { 12, 13, 291, 3, 17, 39, 701 }, // +
    { 6, 9, 127, 0, 3, 14, 740 }, // ,
    { 9, 3, 175, 1, 9, 7, 754 }, // -
    { 4, 4, 127, 2, 4, 4, 761 }, // .
    { 13, 23, 229, 1, 22, 75, 765 }, // /
    { 16, 21, 291, 1, 21, 84, 840 }, // 0
    { 12, 21, 291, 3, 21, 63, 924 }, // 1
    { 14, 21, 291, 2, 21, 74, 987 }, // 2
    { 14, 21, 291, 2, 21, 74, 1061 }, // 3
    { 16, 22, 291, 0, 22, 88, 1135 }, // 4
    { 14, 21, 291, 2, 21, 74, 1223 }, // 5
    { 15, 21, 291, 2, 21, 79, 1297 }, // 6
    { 14, 21, 291, 3, 21, 74, 1376 }, // 7
    { 14, 21, 291, 2, 21, 74, 1450 }, // 8
    { 14, 21, 291, 2, 21, 74, 1524 }, // 9
    { 4, 15, 127, 2, 15, 15, 1598 }, // :
    { 6, 21, 127, 0, 15, 32, 1613 }, // ;
    { 13, 14, 291, 3, 17, 46, 1645 }, // <
    { 12, 8, 291, 3, 15, 24, 1691 }, // =
    { 13, 14, 291, 2, 17, 46, 1715 }, // >
    { 11, 22, 222, 2, 22, 61, 1761 }, // ?
    { 25, 27, 446, 1, 21, 169, 1822 }, // @
    { 22, 21, 346, 0, 21, 116, 1991 }, // A
    { 17, 21, 289, 1, 21, 90, 2107 }, // B
    { 16, 21, 300, 1, 21, 84, 2197 }, // C
    { 20, 21, 350, 1, 21, 105, 2281 }, // D
    { 17, 21, 294, 1, 21, 90, 2386 }, // E
    { 15, 21, 266, 1, 21, 79, 2476 }, // F
    { 19, 21, 339, 1, 21, 100, 2555 }, // G
    { 23, 21, 390, 1, 21, 121, 2655 }, // H
    { 9, 21, 176, 1, 21, 48, 2776 }, // I
    { 12, 27, 169, -2, 21, 81, 2824 }, // J
    { 21, 21, 339, 1, 21, 111, 2905 }, // K
    { 17, 21, 281, 1, 21, 90, 3016 }, // L
    { 26, 21, 417, 0, 21, 137, 3106 }, // M
    { 23, 22, 380, 1, 21, 127, 3243 }, // N
    { 20, 21, 363, 1, 21, 105, 3370 }, // O
    { 16, 21, 277, 1, 21, 84, 3475 }, // P
    { 22, 27, 363, 1, 21, 149, 3559 }, // Q
    { 20, 21, 316, 1, 21, 105, 3708 }, // R
    { 14, 21, 257, 1, 21, 74, 3813 }, // S
    { 18, 21, 320, 1, 21, 95, 3887 }, // T
    { 22, 21, 361, 0, 21, 116, 3982 }, // U
    { 21, 21, 343, 0, 21, 111, 4098 }, // V
    { 32, 21, 517, 1, 21, 168, 4209 }, // W
    { 21, 21, 339, 0, 21, 111, 4377 }, // X
    { 21, 21, 319, 0, 21, 111, 4488 }, // Y
    { 16, 22, 276, 1, 21, 88, 4599 }, // Z
    { 6, 30, 143, 2, 23, 45, 4687 }, // [
    { 13, 23, 229, 1, 22, 75, 4732 }, // <backslash>
    { 7, 30, 143, 1, 23, 53, 4807 }, // ]
    { 14, 14, 291, 2, 20, 49, 4860 }, // ^
    { 15, 3, 233, 0, -1, 12, 4909 }, // _
    { 6, 8, 313, 7, 25, 12, 4921 }, // `
    { 16, 16, 256, 1, 16, 64, 4933 }, // a
    { 17, 23, 279, 0, 23, 98, 4997 }, // b
    { 13, 16, 237, 1, 16, 52, 5095 }, // c
    { 17, 23, 291, 1, 23, 98, 5147 }, // d
    { 13, 16, 243, 1, 16, 52, 5245 }, // e
    { 15, 23, 190, 0, 23, 87, 5297 }, // f
    { 16, 23, 271, 1, 16, 92, 5384 }, // g
    { 19, 23, 309, 0, 23, 110, 5476 }, // h
    { 9, 23, 154, 1, 23, 52, 5586 }, // i
    { 8, 30, 134, -2, 23, 60, 5638 }, // j
    { 18, 23, 282, 0, 23, 104, 5698 }, // k
    { 9, 23, 152, 0, 23, 52, 5802 }, // l
    { 28, 16, 465, 1, 16, 112, 5854 }, // m
    { 19, 16, 313, 1, 16, 76, 5966 }, // n
    { 15, 16, 278, 1, 16, 60, 6042 }, // o
    { 17, 23, 286, 1, 16, 98, 6102 }, // p
    { 16, 23, 277, 1, 16, 92, 6200 }, // q
    { 13, 16, 215, 1, 16, 52, 6292 }, // r
    { 11, 16, 224, 2, 16, 44, 6344 }, // s
    { 12, 20, 191, 0, 20, 60, 6388 }, // t
    { 20, 16, 303, 0, 16, 80, 6448 }, // u
    { 18, 15, 280, 0, 15, 68, 6528 }, // v
    { 26, 15, 416, 0, 15, 98, 6596 }, // w
    { 18, 15, 277, -1, 15, 68, 6694 }, // x
    { 18, 22, 280, 0, 15, 99, 6762 }, // y
    { 14, 15, 234, 0, 15, 53, 6861 }, // z
    { 9, 30, 180, 2, 25, 68, 6914 }, // {
    { 3, 27, 127, 3, 23, 21, 6982 }, // |
    { 8, 30, 180, 1, 25, 60, 7003 }, // }
    { 13, 5, 291, 3, 13, 17, 7063 }, // ~
    { 0, 0, 100, 0, 0, 0, 0 }, // U+00A0
    { 4, 23, 127, 2, 16, 23, 0 }, // U+00A1
    { 13, 30, 291, 2, 24, 98, 23 }, // U+00A2
    { 16, 21, 291, 1, 21, 84, 121 }, // U+00A3
    { 17, 15, 291, 0, 17, 64, 205 }, // U+00A4
    { 20, 21, 291, -1, 21, 105, 269 }, // U+00A5
    { 3, 27, 127, 3, 23, 21, 374 }, // U+00A6
    { 12, 24, 238, 1, 21, 72, 395 }, // U+00A7
    { 10, 4, 313, 5, 23, 10, 467 }, // U+00A8
    { 21, 22, 365, 1, 21, 116, 477 }, // U+00A9
    { 10, 14, 208, 2, 21, 35, 593 }, // U+00AA
    { 15, 11, 245, 1, 13, 42, 628 }, // U+00AB
    { 13, 8, 291, 3, 15, 26, 670 }, // U+00AC
    { 9, 3, 175, 1, 9, 7, 696 }, // U+00AD
    { 15, 17, 272, 1, 24, 64, 703 }, // U+00AE
    { 10, 3, 313, 5, 22, 8, 767 }, // U+00AF
    { 10, 10, 246, 3, 21, 25, 775 }, // U+00B0
    { 12, 18, 291, 3, 18, 54, 800 }, // U+00B1
    { 11, 13, 209, 1, 24, 36, 854 }, // U+00B2
    { 9, 13, 209, 2, 24, 30, 890 }, // U+00B3
    { 6, 8, 313, 7, 25, 12, 920 }, // U+00B4
    { 17, 24, 311, 2, 17, 102, 932 }, // U+00B5
    { 15, 26, 254, 0, 21, 98, 1034 }, // U+00B6
    { 4, 4, 127, 2, 10, 4, 1132 }, // U+00B7
    { 7, 8, 313, 7, 0, 14, 1136 }, // U+00B8
    { 9, 14, 209, 2, 25, 32, 1150 }, // U+00B9
    { 10, 14, 212, 2, 21, 35, 1182 }, // U+00BA
    { 15, 11, 245, 1, 13, 42, 1217 }, // U+00BB
    { 29, 25, 502, 2, 23, 182, 1259 }, // U+00BC
    { 29, 25, 502, 2, 23, 182, 1441 }, // U+00BD
    { 29, 25, 502, 2, 23, 182, 1623 }, // U+00BE
    { 10, 23, 222, 2, 16, 58, 1805 }, // U+00BF
    { 22, 29, 346, -1, 29, 160, 1863 }, // U+00C0
    { 22, 29, 346, 0, 29, 160, 2023 }, // U+00C1
    { 22, 29, 346, 0, 29, 160, 2183 }, // U+00C2
    { 22, 29, 346, 0, 29, 160, 2343 }, // U+00C3
    { 22, 28, 346, -1, 28, 154, 2503 }, // U+00C4
    { 22, 30, 346, 0, 30, 165, 2657 }, // U+00C5
    { 27, 21, 434, -1, 21, 142, 2822 }, // U+00C6
    { 16, 29, 300, 1, 21, 116, 2964 }, // U+00C7
    { 17, 29, 294, 1, 29, 124, 3080 }, // U+00C8
    { 17, 29, 294, 1, 29, 124, 3204 }, // U+00C9
    { 17, 29, 294, 1, 29, 124, 3328 }, // U+00CA
    { 17, 28, 294, 1, 28, 119, 3452 }, // U+00CB
    { 9, 29, 176, 1, 29, 66, 3571 }, // U+00CC
    { 9, 29, 176, 1, 29, 66, 3637 }, // U+00CD
    { 11, 29, 176, 0, 29, 80, 3703 }, // U+00CE
    { 10, 28, 176, 1, 28, 70, 3783 }, // U+00CF
    { 20, 21, 350, 1, 21, 105, 3853 }, // U+00D0
    { 23, 30, 380, 1, 29, 173, 3958 }, // U+00D1
    { 20, 29, 363, 1, 29, 145, 4131 }, // U+00D2
    { 20, 29, 363, 1, 29, 145, 4276 }, // U+00D3
    { 20, 30, 363, 1, 30, 150, 4421 }, // U+00D4
    { 20, 29, 363, 1, 29, 145, 4571 }, // U+00D5
    { 20, 28, 363, 1, 28, 140, 4716 }, // U+00D6
    { 12, 13, 291, 3, 17, 39, 4856 }, // U+00D7
    { 22, 21, 363, 0, 21, 116, 4895 }, // U+00D8
    { 22, 29, 361, 0, 29, 160, 5011 }, // U+00D9
    { 22, 29, 361, 0, 29, 160, 5171 }, // U+00DA
    { 22, 30, 361, 0, 30, 165, 5331 }, // U+00DB
    { 22, 28, 361, 0, 28, 154, 5496 }, // U+00DC
    { 21, 29, 319, 0, 29, 153, 5650 }, // U+00DD
    { 16, 21, 290, 1, 21, 84, 5803 }, // U+00DE
    { 19, 23, 303, 0, 23, 110, 5887 }, // U+00DF
    { 16, 25, 256, 1, 25, 100, 5997 }, // U+00E0
    { 16, 25, 256, 1, 25, 100, 6097 }, // U+00E1
    { 16, 25, 256, 1, 25, 100, 6197 }, // U+00E2
    { 16, 23, 256, 1, 23, 92, 6297 }, // U+00E3
    { 16, 23, 256, 1, 23, 92, 6389 }, // U+00E4
    { 16, 26, 256, 1, 26, 104, 6481 }, // U+00E5
    { 22, 16, 380, 1, 16, 88, 6585 }, // U+00E6
    { 13, 24, 237, 1, 16, 78, 6673 }, // U+00E7
    { 13, 25, 243, 1, 25, 82, 6751 }, // U+00E8
    { 13, 25, 243, 1, 25, 82, 6833 }, // U+00E9
    { 13, 25, 243, 1, 25, 82, 6915 }, // U+00EA
    { 13, 23, 243, 1, 23, 75, 6997 }, // U+00EB
    { 9, 25, 154, 1, 25, 57, 7072 }, // U+00EC
    { 9, 25, 154, 1, 25, 57, 7129 }, // U+00ED
    { 10, 25, 154, 0, 25, 63, 7186 }, // U+00EE
    { 10, 23, 154, 0, 23, 58, 7249 }, // U+00EF
    { 15, 25, 278, 1, 25, 94, 7307 }, // U+00F0
    { 19, 23, 313, 1, 23, 110, 7401 }, // U+00F1
    { 15, 25, 278, 1, 25, 94, 7511 }, // U+00F2
    { 15, 25, 278, 1, 25, 94, 7605 }, // U+00F3
    { 15, 25, 278, 1, 25, 94, 7699 }, // U+00F4
    { 15, 23, 278, 1, 23, 87, 7793 }, // U+00F5
    { 15, 23, 278, 1, 23, 87, 7880 }, // U+00F6
    { 12, 14, 291, 3, 17, 42, 7967 }, // U+00F7
    { 17, 16, 278, 0, 16, 68, 8009 }, // U+00F8
    { 20, 25, 303, 0, 25, 125, 8077 }, // U+00F9
    { 20, 25, 303, 0, 25, 125, 8202 }, // U+00FA
    { 20, 25, 303, 0, 25, 125, 8327 }, // U+00FB
    { 20, 23, 303, 0, 23, 115, 8452 }, // U+00FC
    { 18, 32, 280, 1, 25, 144, 8567 }, // U+00FD
    { 17, 30, 290, 0, 23, 128, 8711 }, // U+00FE
    { 18, 30, 280, 1, 23, 135, 8839 }, // U+00FF
    { 22, 27, 346, 0, 27, 149, 0 }, // U+0100
    { 16, 22, 256, 1, 22, 88, 149 }, // U+0101
    { 22, 29, 346, 0, 29, 160, 237 }, // U+0102
    { 16, 24, 256, 1, 24, 96, 397 }, // U+0103
    { 23, 28, 346, -1, 21, 161, 493 }, // U+0104
    { 15, 23, 256, 1, 16, 87, 654 }, // U+0105
    { 16, 29, 300, 1, 29, 116, 741 }, // U+0106
    { 13, 25, 237, 1, 25, 82, 857 }, // U+0107
    { 16, 30, 300, 1, 30, 120, 939 }, // U+0108
    { 13, 25, 237, 1, 25, 82, 1059 }, // U+0109
    { 16, 29, 300, 1, 29, 116, 1141 }, // U+010A
    { 13, 23, 237, 1, 23, 75, 1257 }, // U+010B
    { 16, 29, 300, 1, 29, 116, 1332 }, // U+010C
    { 13, 25, 237, 1, 25, 82, 1448 }, // U+010D
    { 20, 29, 350, 1, 29, 145, 1530 }, // U+010E
    { 19, 23, 300, 1, 23, 110, 1675 }, // U+010F
    { 20, 21, 350, 1, 21, 105, 1785 }, // U+0110
    { 17, 23, 291, 1, 23, 98, 1890 }, // U+0111
    { 17, 27, 294, 1, 27, 115, 1988 }, // U+0112
    { 13, 22, 243, 1, 22, 72, 2103 }, // U+0113
    { 17, 29, 294, 1, 29, 124, 2175 }, // U+0114
    { 13, 24, 243, 1, 24, 78, 2299 }, // U+0115
    { 17, 28, 294, 1, 28, 119, 2377 }, // U+0116
    { 13, 23, 243, 1, 23, 75, 2496 }, // U+0117
    { 17, 28, 294, 1, 21, 119, 2571 }, // U+0118
    { 13, 23, 243, 1, 16, 75, 2690 }, // U+0119
    { 17, 29, 294, 1, 29, 124, 2765 }, // U+011A
    { 13, 25, 243, 1, 25, 82, 2889 }, // U+011B
    { 19, 30, 339, 1, 30, 143, 2971 }, // U+011C
    { 16, 32, 271, 1, 25, 128, 3114 }, // U+011D
    { 19, 29, 339, 1, 29, 138, 3242 }, // U+011E
    { 16, 31, 271, 1, 24, 124, 3380 }, // U+011F
    { 19, 29, 339, 1, 29, 138, 3504 }, // U+0120
    { 16, 30, 271, 1, 23, 120, 3642 }, // U+0121
    { 19, 28, 339, 1, 21, 133, 3762 }, // U+0122
    { 16, 33, 271, 1, 26, 132, 3895 }, // U+0123
    { 23, 29, 390, 1, 29, 167, 4027 }, // U+0124
    { 20, 31, 309, -1, 31, 155, 4194 }, // U+0125
    { 23, 21, 390, 1, 21, 121, 4349 }, // U+0126
    { 19, 23, 309, 0, 23, 110, 4470 }, // U+0127
    { 9, 29, 176, 1, 29, 66, 4580 }, // U+0128
    { 9, 23, 154, 1, 23, 52, 4646 }, // U+0129
    { 11, 27, 176, 0, 27, 75, 4698 }, // U+012A
    { 10, 22, 154, 0, 22, 55, 4773 }, // U+012B
    { 9, 29, 176, 1, 29, 66, 4828 }, // U+012C
    { 9, 24, 154, 1, 24, 54, 4894 }, // U+012D
    { 10, 28, 176, 1, 21, 70, 4948 }, // U+012E
    { 9, 30, 154, 1, 23, 68, 5018 }, // U+012F
    { 10, 28, 176, 1, 28, 70, 5086 }, // U+0130
    { 9, 16, 154, 1, 16, 36, 5156 }, // U+0131
    { 19, 27, 336, 1, 21, 129, 5192 }, // U+0132
    { 15, 30, 284, 1, 23, 113, 5321 }, // U+0133
    { 13, 35, 169, -2, 29, 114, 5434 }, // U+0134
    { 11, 32, 134, -2, 25, 88, 5548 }, // U+0135
    { 21, 28, 339, 1, 21, 147, 5636 }, // U+0136
    { 18, 30, 282, 0, 23, 135, 5783 }, // U+0137
    { 18, 16, 287, 1, 16, 72, 5918 }, // U+0138
    { 17, 29, 281, 1, 29, 124, 5990 }, // U+0139
    { 9, 31, 152, 0, 31, 70, 6114 }, // U+013A
    { 17, 29, 281, 1, 21, 124, 6184 }, // U+013B
    { 9, 31, 152, 0, 23, 70, 6308 }, // U+013C
    { 17, 24, 281, 1, 24, 102, 6378 }, // U+013D
    { 12, 23, 161, 0, 23, 69, 6480 }, // U+013E
    { 17, 21, 281, 1, 21, 90, 6549 }, // U+013F
    { 13, 23, 218, 0, 23, 75, 6639 }, // U+0140
    { 18, 21, 281, 0, 21, 95, 6714 }, // U+0141
    { 11, 23, 152, -1, 23, 64, 6809 }, // U+0142
    { 23, 30, 380, 1, 29, 173, 6873 }, // U+0143
    { 19, 25, 313, 1, 25, 119, 7046 }, // U+0144
    { 23, 29, 380, 1, 21, 167, 7165 }, // U+0145
    { 19, 24, 313, 1, 16, 114, 7332 }, // U+0146
    { 23, 30, 380, 1, 29, 173, 7446 }, // U+0147
    { 19, 25, 313, 1, 25, 119, 7619 }, // U+0148
    { 25, 23, 422, 1, 23, 144, 7738 }, // U+0149
    { 23, 27, 380, 1, 21, 156, 7882 }, // U+014A
    { 16, 23, 300, 1, 16, 92, 8038 }, // U+014B
    { 20, 28, 363, 1, 28, 140, 8130 }, // U+014C
    { 15, 22, 278, 1, 22, 83, 8270 }, // U+014D
    { 20, 29, 363, 1, 29, 145, 8353 }, // U+014E
    { 15, 24, 278, 1, 24, 90, 8498 }, // U+014F
    { 20, 29, 363, 1, 29, 145, 8588 }, // U+0150
    { 15, 24, 278, 1, 24, 90, 8733 }, // U+0151
    { 26, 21, 452, 1, 21, 137, 8823 }, // U+0152
    { 25, 16, 423, 1, 16, 100, 8960 }, // U+0153
    { 20, 29, 316, 1, 29, 145, 9060 }, // U+0154
    { 13, 25, 215, 1, 25, 82, 9205 }, // U+0155
    { 20, 28, 316, 1, 21, 140, 9287 }, // U+0156
    { 13, 24, 215, 1, 16, 78, 9427 }, // U+0157
    { 20, 30, 316, 1, 30, 150, 9505 }, // U+0158
    { 13, 25, 215, 0, 25, 82, 9655 }, // U+0159
    { 14, 29, 257, 1, 29, 102, 9737 }, // U+015A
    { 11, 25, 224, 2, 25, 69, 9839 }, // U+015B
    { 14, 30, 257, 1, 30, 105, 9908 }, // U+015C
    { 11, 25, 224, 2, 25, 69, 10013 }, // U+015D
    { 14, 29, 257, 1, 21, 102, 10082 }, // U+015E
    { 11, 24, 224, 2, 16, 66, 10184 }, // U+015F
    { 14, 29, 257, 1, 29, 102, 10250 }, // U+0160
    { 11, 25, 224, 2, 25, 69, 10352 }, // U+0161
    { 18, 29, 320, 1, 21, 131, 10421 }, // U+0162
    { 12, 28, 191, 0, 20, 84, 10552 }, // U+0163
    { 18, 29, 320, 1, 29, 131, 10636 }, // U+0164
    { 12, 25, 191, 0, 25, 75, 10767 }, // U+0165
    { 18, 21, 320, 1, 21, 95, 10842 }, // U+0166
    { 12, 20, 191, 0, 20, 60, 10937 }, // U+0167
    { 22, 29, 361, 0, 29, 160, 10997 }, // U+0168
    { 20, 23, 303, 0, 23, 115, 11157 }, // U+0169
    { 22, 28, 361, 0, 28, 154, 11272 }, // U+016A
    { 20, 22, 303, 0, 22, 110, 11426 }, // U+016B
    { 22, 29, 361, 0, 29, 160, 11536 }, // U+016C
    { 20, 24, 303, 0, 24, 120, 11696 }, // U+016D
    { 22, 31, 361, 0, 31, 171, 11816 }, // U+016E
    { 20, 25, 303, 0, 25, 125, 11987 }, // U+016F
    { 22, 30, 361, 0, 30, 165, 12112 }, // U+0170
    { 20, 25, 303, 0, 25, 125, 12277 }, // U+0171
    { 22, 28, 361, 0, 21, 154, 12402 }, // U+0172
    { 20, 23, 303, 0, 16, 115, 12556 }, // U+0173
    { 32, 29, 517, 0, 29, 232, 12671 }, // U+0174
    { 26, 25, 416, 0, 25, 163, 12903 }, // U+0175
    { 21, 29, 319, 0, 29, 153, 13066 }, // U+0176
    { 18, 32, 280, 1, 25, 144, 13219 }, // U+0177
    { 20, 28, 319, 0, 28, 140, 13363 }, // U+0178
    { 16, 30, 276, 1, 29, 120, 13503 }, // U+0179
    { 14, 25, 234, 0, 25, 88, 13623 }, // U+017A
    { 16, 29, 276, 1, 28, 116, 13711 }, // U+017B
    { 14, 23, 234, 0, 23, 81, 13827 }, // U+017C
    { 16, 30, 276, 1, 29, 120, 13908 }, // U+017D
    { 14, 25, 234, 0, 25, 88, 14028 }, // U+017E
    { 14, 23, 190, 1, 23, 81, 14116 }, // U+017F
    { 22, 26, 363, 1, 26, 143, 0 }, // U+01A0
    { 16, 20, 278, 1, 20, 80, 143 }, // U+01A1
    { 23, 26, 361, 0, 26, 150, 223 }, // U+01AF
    { 20, 20, 303, 0, 20, 100, 373 }, // U+01B0
    { 38, 30, 626, 1, 29, 285, 473 }, // U+01C4
    { 35, 25, 584, 1, 25, 219, 758 }, // U+01C5
    { 31, 25, 525, 1, 25, 194, 977 }, // U+01C6
    { 27, 27, 450, 1, 21, 183, 1171 }, // U+01C7
    { 24, 30, 415, 1, 23, 180, 1354 }, // U+01C8
    { 16, 30, 286, 0, 23, 120, 1534 }, // U+01C9
    { 33, 27, 549, 1, 21, 223, 1654 }, // U+01CA
    { 29, 30, 514, 1, 23, 218, 1877 }, // U+01CB
    { 25, 30, 447, 1, 23, 188, 2095 }, // U+01CC
    { 22, 29, 346, 0, 29, 160, 2283 }, // U+01CD
    { 16, 25, 256, 1, 25, 100, 2443 }, // U+01CE
    { 11, 29, 176, 0, 29, 80, 2543 }, // U+01CF
    { 10, 25, 154, 0, 25, 63, 2623 }, // U+01D0
    { 20, 30, 363, 1, 30, 150, 2686 }, // U+01D1
    { 15, 25, 278, 1, 25, 94, 2836 }, // U+01D2
    { 22, 30, 361, 0, 30, 165, 2930 }, // U+01D3
    { 20, 25, 303, 0, 25, 125, 3095 }, // U+01D4
    { 22, 32, 361, 0, 32, 176, 3220 }, // U+01D5
    { 20, 28, 303, 0, 28, 140, 3396 }, // U+01D6
    { 22, 33, 361, 0, 33, 182, 3536 }, // U+01D7
    { 20, 30, 303, 0, 30, 150, 3718 }, // U+01D8
    { 22, 32, 361, 0, 32, 176, 3868 }, // U+01D9
    { 20, 30, 303, 0, 30, 150, 4044 }, // U+01DA
    { 22, 33, 361, 0, 33, 182, 4194 }, // U+01DB
    { 20, 30, 303, 0, 30, 150, 4376 }, // U+01DC
    { 13, 16, 243, 1, 16, 52, 4526 }, // U+01DD
    { 22, 32, 346, -1, 32, 176, 4578 }, // U+01DE
    { 16, 28, 256, 1, 28, 112, 4754 }, // U+01DF
    { 22, 32, 346, 0, 32, 176, 4866 }, // U+01E0
    { 16, 28, 256, 1, 28, 112, 5042 }, // U+01E1
    { 27, 27, 434, -1, 27, 183, 5154 }, // U+01E2
    { 22, 22, 380, 1, 22, 121, 5337 }, // U+01E3
    { 20, 21, 339, 1, 21, 105, 5458 }, // U+01E4
    { 19, 23, 271, -1, 16, 110, 5563 }, // U+01E5
    { 19, 30, 339, 1, 30, 143, 5673 }, // U+01E6
    { 16, 32, 271, 1, 25, 128, 5816 }, // U+01E7
    { 21, 30, 339, 1, 30, 158, 5944 }, // U+01E8
    { 19, 32, 282, 0, 32, 152, 6102 }, // U+01E9
    { 20, 28, 363, 1, 21, 140, 6254 }, // U+01EA
    { 15, 23, 278, 1, 16, 87, 6394 }, // U+01EB
    { 20, 34, 363, 1, 27, 170, 6481 }, // U+01EC
    { 15, 28, 278, 1, 21, 105, 6651 }, // U+01ED
    { 16, 30, 267, 0, 30, 120, 6756 }, // U+01EE
    { 14, 32, 234, 0, 25, 112, 6876 }, // U+01EF
    { 12, 32, 134, -2, 25, 96, 6988 }, // U+01F0
    { 38, 22, 626, 1, 21, 209, 7084 }, // U+01F1
    { 35, 21, 584, 1, 21, 184, 7293 }, // U+01F2
    { 31, 23, 525, 1, 23, 179, 7477 }, // U+01F3
    { 19, 29, 339, 1, 29, 138, 7656 }, // U+01F4
    { 16, 32, 271, 1, 25, 128, 7794 }, // U+01F5
    { 23, 30, 380, 1, 29, 173, 7922 }, // U+01F8
    { 19, 25, 313, 1, 25, 119, 8095 }, // U+01F9
    { 23, 32, 346, -1, 32, 184, 8214 }, // U+01FA
    { 16, 31, 256, 1, 31, 124, 8398 }, // U+01FB
    { 27, 29, 434, -1, 29, 196, 8522 }, // U+01FC
    { 22, 25, 380, 1, 25, 138, 8718 }, // U+01FD
    { 22, 29, 363, 0, 29, 160, 8856 }, // U+01FE
    { 17, 25, 278, 0, 25, 107, 9016 }, // U+01FF
    { 22, 30, 346, -1, 30, 165, 9123 }, // U+0200
    { 16, 24, 256, 1, 24, 96, 9288 }, // U+0201
    { 22, 29, 346, 0, 29, 160, 9384 }, // U+0202
    { 16, 23, 256, 1, 23, 92, 9544 }, // U+0203
    { 17, 30, 294, 1, 30, 128, 9636 }, // U+0204
    { 13, 24, 243, 1, 24, 78, 9764 }, // U+0205
    { 17, 29, 294, 1, 29, 124, 9842 }, // U+0206
    { 13, 23, 243, 1, 23, 75, 9966 }, // U+0207
    { 14, 30, 176, -3, 30, 105, 10041 }, // U+0208
    { 11, 25, 154, -1, 25, 69, 10146 }, // U+0209
    { 9, 29, 176, 1, 29, 66, 10215 }, // U+020A
    { 9, 23, 154, 1, 23, 52, 10281 }, // U+020B
    { 20, 29, 363, 1, 29, 145, 10333 }, // U+020C
    { 15, 24, 278, 1, 24, 90, 10478 }, // U+020D
    { 20, 29, 363, 1, 29, 145, 10568 }, // U+020E
    { 15, 23, 278, 1, 23, 87, 10713 }, // U+020F
    { 21, 30, 316, 0, 30, 158, 10800 }, // U+0210
    { 13, 25, 215, 1, 25, 82, 10958 }, // U+0211
    { 20, 29, 316, 1, 29, 145, 11040 }, // U+0212
    { 13, 23, 215, 0, 23, 75, 11185 }, // U+0213
    { 22, 30, 361, 0, 30, 165, 11260 }, // U+0214
    { 20, 25, 303, 0, 25, 125, 11425 }, // U+0215
    { 22, 29, 361, 0, 29, 160, 11550 }, // U+0216
    { 20, 23, 303, 0, 23, 115, 11710 }, // U+0217
    { 14, 28, 257, 1, 21, 98, 11825 }, // U+0218
    { 11, 23, 224, 2, 16, 64, 11923 }, // U+0219
    { 18, 29, 320, 1, 21, 131, 11987 }, // U+021A
    { 12, 27, 191, 0, 20, 81, 12118 }, // U+021B
    { 13, 25, 267, 2, 21, 82, 12199 }, // U+021C
    { 14, 23, 217, 0, 16, 81, 12281 }, // U+021D
    { 23, 29, 390, 1, 29, 167, 12362 }, // U+021E
    { 20, 31, 309, 0, 31, 155, 12529 }, // U+021F
    { 6, 8, 0, -4, 25, 12, 0 }, // U+0300
    { 6, 8, 0, -2, 25, 12, 12 }, // U+0301
    { 10, 7, 0, -5, 25, 18, 24 }, // U+0302
    { 9, 5, 0, -5, 24, 12, 42 }, // U+0303
    { 10, 3, 0, -5, 22, 8, 54 }, // U+0304
    { 9, 5, 0, -5, 23, 12, 62 }, // U+0306
    { 4, 4, 0, -2, 23, 4, 74 }, // U+0307
    { 10, 4, 0, -5, 23, 10, 78 }, // U+0308
    { 8, 10, 0, -4, 27, 20, 88 }, // U+0309
    { 8, 8, 0, -4, 25, 16, 108 }, // U+030A
    { 10, 8, 0, -4, 25, 20, 124 }, // U+030B
    { 10, 6, 0, -5, 24, 15, 144 }, // U+030C
    { 10, 8, 0, -6, 25, 20, 159 }, // U+030F
    { 9, 6, 0, -5, 24, 14, 179 }, // U+0311
    { 5, 8, 0, -2, 25, 10, 193 }, // U+0312
    { 6, 8, 0, -1, 26, 12, 203 }, // U+0313
    { 5, 8, 0, -3, 26, 10, 215 }, // U+0314
    { 3, 9, 0, -1, 27, 7, 225 }, // U+0315
    { 5, 7, 0, -2, 19, 9, 232 }, // U+031B
    { 4, 4, 0, -2, -3, 4, 241 }, // U+0323
    { 10, 4, 0, -5, -2, 10, 245 }, // U+0324
    { 6, 7, 0, -3, -1, 11, 255 }, // U+0325
    { 6, 6, 0, -3, -2, 9, 266 }, // U+0326
    { 7, 8, 0, -3, 0, 14, 275 }, // U+0327
    { 6, 8, 0, -3, 2, 12, 289 }, // U+0328
    { 4, 6, 126, 3, -2, 6, 301 }, // U+0329
    { 10, 6, 0, -5, -2, 15, 307 }, // U+032D
    { 9, 5, 0, -5, -2, 12, 322 }, // U+032E
    { 9, 5, 0, -5, -2, 12, 334 }, // U+0330
    { 10, 3, 0, -5, -3, 8, 346 }, // U+0331
    { 9, 6, 0, -5, 24, 14, 354 }, // U+0342
    { 10, 12, 0, -5, 31, 30, 368 }, // U+0344
    { 6, 5, 0, -1, -2, 8, 398 }, // U+0345
    { 17, 29, 294, 1, 29, 124, 0 }, // U+0400
    { 17, 28, 294, 1, 28, 119, 124 }, // U+0401
    { 22, 28, 378, 1, 21, 154, 243 }, // U+0402
    { 16, 29, 272, 1, 29, 116, 397 }, // U+0403
    { 17, 21, 312, 1, 21, 90, 513 }, // U+0404
    { 14, 21, 257, 1, 21, 74, 603 }, // U+0405
    { 9, 21, 176, 1, 21, 48, 677 }, // U+0406
    { 10, 28, 176, 1, 28, 70, 725 }, // U+0407
    { 12, 27, 169, -2, 21, 81, 795 }, // U+0408
    { 27, 21, 454, 1, 21, 142, 876 }, // U+0409
    { 28, 21, 478, 1, 21, 147, 1018 }, // U+040A
    { 24, 21, 400, 1, 21, 126, 1165 }, // U+040B
    { 20, 29, 333, 1, 29, 145, 1291 }, // U+040C
    { 23, 29, 387, 1, 29, 167, 1436 }, // U+040D
    { 21, 29, 338, 0, 29, 153, 1603 }, // U+040E
    { 22, 28, 372, 1, 21, 154, 1756 }, // U+040F
    { 22, 21, 346, 0, 21, 116, 1910 }, // U+0410
    { 17, 21, 295, 1, 21, 90, 2026 }, // U+0411
    { 17, 21, 289, 1, 21, 90, 2116 }, // U+0412
    { 16, 21, 272, 1, 21, 84, 2206 }, // U+0413
    { 20, 27, 347, 1, 21, 135, 2290 }, // U+0414
    { 17, 21, 294, 1, 21, 90, 2425 }, // U+0415
    { 29, 21, 473, 0, 21, 153, 2515 }, // U+0416
    { 15, 21, 271, 1, 21, 79, 2668 }, // U+0417
    { 23, 21, 387, 1, 21, 121, 2747 }, // U+0418
    { 23, 29, 387, 1, 29, 167, 2868 }, // U+0419
    { 20, 21, 333, 1, 21, 105, 3035 }, // U+041A
    { 21, 21, 346, 1, 21, 111, 3140 }, // U+041B
    { 26, 21, 417, 0, 21, 137, 3251 }, // U+041C
    { 23, 21, 390, 1, 21, 121, 3388 }, // U+041D
    { 20, 21, 363, 1, 21, 105, 3509 }, // U+041E
    { 22, 21, 378, 1, 21, 116, 3614 }, // U+041F
    { 16, 21, 277, 1, 21, 84, 3730 }, // U+0420
    { 16, 21, 300, 1, 21, 84, 3814 }, // U+0421
    { 18, 21, 320, 1, 21, 95, 3898 }, // U+0422
    { 22, 21, 338, 0, 21, 116, 3993 }, // U+0423
    { 21, 22, 370, 1, 22, 116, 4109 }, // U+0424
    { 21, 21, 339, 0, 21, 111, 4225 }, // U+0425
    { 22, 27, 372, 1, 21, 149, 4336 }, // U+0426
    { 20, 21, 333, 0, 21, 105, 4485 }, // U+0427
    { 30, 21, 497, 1, 21, 158, 4590 }, // U+0428
    { 30, 27, 497, 1, 21, 203, 4748 }, // U+0429
    { 21, 21, 358, 1, 21, 111, 4951 }, // U+042A
    { 26, 21, 439, 1, 21, 137, 5062 }, // U+042B
    { 17, 21, 295, 1, 21, 90, 5199 }, // U+042C
    { 18, 21, 312, 1, 21, 95, 5289 }, // U+042D
    { 29, 21, 493, 1, 21, 153, 5384 }, // U+042E
    { 20, 21, 312, -1, 21, 105, 5537 }, // U+042F
    { 16, 16, 256, 1, 16, 64, 5642 }, // U+0430
    { 15, 25, 272, 1, 25, 94, 5706 }, // U+0431
    { 15, 15, 254, 1, 15, 57, 5800 }, // U+0432
    { 13, 15, 232, 1, 15, 49, 5857 }, // U+0433
    { 17, 21, 300, 1, 15, 90, 5906 }, // U+0434
    { 13, 16, 243, 1, 16, 52, 5996 }, // U+0435
    { 25, 16, 376, -1, 16, 100, 6048 }, // U+0436
    { 13, 16, 222, 0, 16, 52, 6148 }, // U+0437
    { 19, 15, 323, 1, 15, 72, 6200 }, // U+0438
    { 19, 23, 323, 1, 23, 110, 6272 }, // U+0439
    { 16, 16, 274, 1, 16, 64, 6382 }, // U+043A
    { 17, 15, 289, 1, 15, 64, 6446 }, // U+043B
    { 21, 15, 362, 1, 15, 79, 6510 }, // U+043C
    { 19, 15, 324, 1, 15, 72, 6589 }, // U+043D
    { 15, 16, 278, 1, 16, 60, 6661 }, // U+043E
    { 19, 15, 320, 1, 15, 72, 6721 }, // U+043F
    { 17, 23, 286, 1, 16, 98, 6793 }, // U+0440
    { 13, 16, 237, 1, 16, 52, 6891 }, // U+0441
    { 15, 15, 262, 1, 15, 57, 6943 }, // U+0442
    { 18, 22, 280, 0, 15, 99, 7000 }, // U+0443
    { 20, 30, 345, 1, 23, 150, 7099 }, // U+0444
    { 18, 15, 277, -1, 15, 68, 7249 }, // U+0445
    { 19, 21, 322, 1, 15, 100, 7317 }, // U+0446
    { 18, 15, 285, -1, 15, 68, 7417 }, // U+0447
    { 24, 15, 412, 0, 15, 90, 7485 }, // U+0448
    { 25, 21, 412, 0, 15, 132, 7575 }, // U+0449
    { 18, 15, 299, 1, 15, 68, 7707 }, // U+044A
    { 22, 15, 379, 1, 15, 83, 7775 }, // U+044B
    { 15, 15, 250, 1, 15, 57, 7858 }, // U+044C
    { 14, 16, 239, 1, 16, 56, 7915 }, // U+044D
    { 23, 16, 394, 1, 16, 92, 7971 }, // U+044E
    { 16, 15, 269, 0, 15, 60, 8063 }, // U+044F
    { 13, 25, 243, 1, 25, 82, 8123 }, // U+0450
    { 13, 23, 243, 1, 23, 75, 8205 }, // U+0451
    { 17, 31, 293, 0, 24, 132, 8280 }, // U+0452
    { 13, 25, 232, 1, 25, 82, 8412 }, // U+0453
    { 13, 16, 241, 1, 16, 52, 8494 }, // U+0454
    { 11, 16, 224, 2, 16, 44, 8546 }, // U+0455
    { 9, 23, 154, 1, 23, 52, 8590 }, // U+0456
    { 10, 23, 154, 0, 23, 58, 8642 }, // U+0457
    { 8, 30, 134, -2, 23, 60, 8700 }, // U+0458
    { 24, 15, 373, 0, 15, 90, 8760 }, // U+0459
    { 23, 15, 398, 1, 15, 87, 8850 }, // U+045A
    { 19, 24, 309, 0, 24, 114, 8937 }, // U+045B
    { 16, 25, 274, 1, 25, 100, 9051 }, // U+045C
    { 19, 25, 323, 1, 25, 119, 9151 }, // U+045D
    { 18, 30, 280, 0, 23, 135, 9270 }, // U+045E
    { 18, 21, 317, 1, 15, 95, 9405 }, // U+045F
    { 21, 24, 341, 0, 24, 126, 9500 }, // U+0462
    { 17, 21, 287, 1, 21, 90, 9626 }, // U+0463
    { 20, 21, 363, 1, 21, 105, 9716 }, // U+0472
    { 15, 16, 278, 1, 16, 60, 9821 }, // U+0473
    { 22, 21, 350, 0, 21, 116, 9881 }, // U+0474
    { 18, 16, 284, 0, 16, 72, 9997 }, // U+0475
    { 23, 35, 388, 1, 29, 202, 10069 }, // U+048A
    { 19, 29, 323, 1, 23, 138, 10271 }, // U+048B
    { 17, 21, 295, 1, 21, 90, 10409 }, // U+048C
    { 15, 21, 243, 0, 21, 79, 10499 }, // U+048D
    { 16, 21, 277, 1, 21, 84, 10578 }, // U+048E
    { 17, 23, 286, 1, 16, 98, 10662 }, // U+048F
    { 15, 25, 263, 1, 25, 94, 10760 }, // U+0490
    { 13, 19, 223, 1, 19, 62, 10854 }, // U+0491
    { 16, 21, 272, 1, 21, 84, 10916 }, // U+0492
    { 13, 15, 232, 1, 15, 49, 11000 }, // U+0493
    { 18, 28, 312, 1, 21, 126, 11049 }, // U+0494
    { 16, 22, 285, 1, 15, 88, 11175 }, // U+0495
    { 29, 27, 473, 0, 21, 196, 11263 }, // U+0496
    { 25, 21, 376, -1, 16, 132, 11459 }, // U+0497
    { 15, 27, 271, 1, 21, 102, 11591 }, // U+0498
    { 13, 22, 222, 0, 16, 72, 11693 }, // U+0499
    { 20, 27, 333, 1, 21, 135, 11765 }, // U+049A
    { 17, 22, 274, 1, 16, 94, 11900 }, // U+049B
    { 21, 21, 347, 1, 21, 111, 11994 }, // U+049C
    { 17, 16, 285, 1, 16, 68, 12105 }, // U+049D
    { 20, 21, 333, 1, 21, 105, 12173 }, // U+049E
    { 17, 21, 262, 0, 21, 90, 12278 }, // U+049F
    { 24, 21, 390, 1, 21, 126, 12368 }, // U+04A0
    { 19, 16, 311, 1, 16, 76, 12494 }, // U+04A1
    { 23, 27, 390, 1, 21, 156, 12570 }, // U+04A2
    { 19, 21, 329, 1, 15, 100, 12726 }, // U+04A3
    { 26, 21, 454, 1, 21, 137, 12826 }, // U+04A4
    { 22, 15, 368, 1, 15, 83, 12963 }, // U+04A5
    { 29, 28, 490, 1, 21, 203, 13046 }, // U+04A6
    { 27, 22, 450, 1, 15, 149, 13249 }, // U+04A7
    { 22, 21, 384, 1, 21, 116, 13398 }, // U+04A8
    { 17, 16, 301, 1, 16, 68, 13514 }, // U+04A9
    { 16, 27, 300, 1, 21, 108, 13582 }, // U+04AA
    { 13, 23, 237, 1, 16, 75, 13690 }, // U+04AB
    { 18, 27, 320, 1, 21, 122, 13765 }, // U+04AC
    { 15, 21, 261, 1, 15, 79, 13887 }, // U+04AD
    { 21, 21, 319, 0, 21, 111, 13966 }, // U+04AE
    { 17, 22, 280, 0, 15, 94, 14077 }, // U+04AF
    { 20, 21, 319, 1, 21, 105, 14171 }, // U+04B0
    { 17, 22, 280, 0, 15, 94, 14276 }, // U+04B1
    { 21, 27, 340, 0, 21, 142, 14370 }, // U+04B2
    { 18, 21, 279, -1, 15, 95, 14512 }, // U+04B3
    { 25, 27, 425, 1, 21, 169, 14607 }, // U+04B4
    { 22, 21, 369, 0, 15, 116, 14776 }, // U+04B5
    { 20, 27, 333, 0, 21, 135, 14892 }, // U+04B6
    { 18, 21, 289, -1, 15, 95, 15027 }, // U+04B7
    { 20, 21, 333, 0, 21, 105, 15122 }, // U+04B8
    { 18, 15, 285, -1, 15, 68, 15227 }, // U+04B9
    { 20, 21, 335, 1, 21, 105, 15295 }, // U+04BA
    { 19, 23, 309, 0, 23, 110, 15400 }, // U+04BB
    { 22, 21, 381, 1, 21, 116, 15510 }, // U+04BC
    { 18, 16, 295, 1, 16, 72, 15626 }, // U+04BD
    { 22, 28, 381, 1, 21, 154, 15698 }, // U+04BE
    { 18, 23, 295, 1, 16, 104, 15852 }, // U+04BF
    { 9, 21, 176, 1, 21, 48, 15956 }, // U+04C0
    { 30, 29, 472, 0, 29, 218, 16004 }, // U+04C1
    { 24, 23, 376, -1, 23, 138, 16222 }, // U+04C2
    { 19, 28, 323, 0, 21, 133, 16360 }, // U+04C3
    { 15, 23, 276, 1, 16, 87, 16493 }, // U+04C4
    { 20, 27, 346, 1, 21, 135, 16580 }, // U+04C5
    { 17, 20, 289, 1, 15, 85, 16715 }, // U+04C6
    { 23, 28, 381, 1, 21, 161, 16800 }, // U+04C7
    { 19, 22, 324, 1, 15, 105, 16961 }, // U+04C8
    { 23, 27, 390, 1, 21, 156, 17066 }, // U+04C9
    { 19, 21, 324, 1, 15, 100, 17222 }, // U+04CA
    { 20, 27, 333, 0, 21, 135, 17322 }, // U+04CB
    { 17, 21, 285, -1, 15, 90, 17457 }, // U+04CC
    { 26, 27, 417, 0, 21, 176, 17547 }, // U+04CD
    { 21, 21, 362, 1, 15, 111, 17723 }, // U+04CE
    { 9, 23, 152, 0, 23, 52, 17834 }, // U+04CF
    { 23, 29, 346, -1, 29, 167, 17886 }, // U+04D0
    { 15, 23, 256, 1, 23, 87, 18053 }, // U+04D1
    { 22, 28, 346, -1, 28, 154, 18140 }, // U+04D2
    { 16, 23, 256, 1, 23, 92, 18294 }, // U+04D3
    { 27, 21, 434, -1, 21, 142, 18386 }, // U+04D4
    { 22, 16, 380, 1, 16, 88, 18528 }, // U+04D5
    { 17, 29, 294, 1, 29, 124, 18616 }, // U+04D6
    { 13, 23, 243, 1, 23, 75, 18740 }, // U+04D7
    { 17, 21, 318, 2, 21, 90, 18815 }, // U+04D8
    { 13, 16, 243, 1, 16, 52, 18905 }, // U+04D9
    { 17, 28, 318, 2, 28, 119, 18957 }, // U+04DA
    { 13, 23, 243, 1, 23, 75, 19076 }, // U+04DB
    { 30, 28, 472, 0, 28, 210, 19151 }, // U+04DC
    { 24, 23, 376, 0, 23, 138, 19361 }, // U+04DD
    { 15, 28, 271, 1, 28, 105, 19499 }, // U+04DE
    { 13, 23, 222, 0, 23, 75, 19604 }, // U+04DF
    { 16, 21, 267, 0, 21, 84, 19679 }, // U+04E0
    { 14, 22, 234, 0, 15, 77, 19763 }, // U+04E1
    { 23, 27, 387, 1, 27, 156, 19840 }, // U+04E2
    { 19, 22, 323, 1, 22, 105, 19996 }, // U+04E3
    { 23, 28, 387, 1, 28, 161, 20101 }, // U+04E4
    { 19, 23, 323, 1, 23, 110, 20262 }, // U+04E5
    { 20, 28, 363, 1, 28, 140, 20372 }, // U+04E6
    { 15, 23, 278, 1, 23, 87, 20512 }, // U+04E7
    { 20, 21, 363, 1, 21, 105, 20599 }, // U+04E8
    { 15, 16, 278, 1, 16, 60, 20704 }, // U+04E9
    { 20, 28, 389, 1, 28, 140, 20764 }, // U+04EA
    { 15, 23, 278, 1, 23, 87, 20904 }, // U+04EB
    { 17, 28, 312, 1, 28, 119, 20991 }, // U+04EC
    { 14, 23, 239, 1, 23, 81, 21110 }, // U+04ED
    { 22, 28, 338, 0, 28, 154, 21191 }, // U+04EE
    { 18, 29, 280, 0, 22, 131, 21345 }, // U+04EF
    { 21, 28, 338, 0, 28, 147, 21476 }, // U+04F0
    { 19, 30, 280, 0, 23, 143, 21623 }, // U+04F1
    { 22, 30, 338, 0, 30, 165, 21766 }, // U+04F2
    { 18, 32, 280, 0, 25, 144, 21931 }, // U+04F3
    { 20, 28, 332, 0, 28, 140, 22075 }, // U+04F4
    { 18, 23, 291, -1, 23, 104, 22215 }, // U+04F5
    { 15, 27, 272, 1, 21, 102, 22319 }, // U+04F6
    { 13, 21, 232, 1, 15, 69, 22421 }, // U+04F7
    { 26, 28, 455, 1, 28, 182, 22490 }, // U+04F8
    { 22, 23, 379, 1, 23, 127, 22672 }, // U+04F9
    { 16, 27, 272, 1, 21, 108, 22799 }, // U+04FA
    { 13, 21, 232, 1, 15, 69, 22907 }, // U+04FB
    { 21, 28, 330, 0, 21, 147, 22976 }, // U+04FC
    { 18, 22, 275, 0, 15, 99, 23123 }, // U+04FD
    { 22, 21, 339, 0, 21, 116, 23222 }, // U+04FE
    { 17, 15, 277, 0, 15, 64, 23338 }, // U+04FF
    { 22, 28, 346, 0, 21, 154, 0 }, // U+1EA0
    { 16, 23, 256, 1, 16, 92, 154 }, // U+1EA1
    { 22, 32, 346, 0, 32, 176, 246 }, // U+1EA2
    { 16, 26, 256, 1, 26, 104, 422 }, // U+1EA3
    { 22, 32, 346, 0, 32, 176, 526 }, // U+1EA4
    { 15, 30, 256, 1, 30, 113, 702 }, // U+1EA5
    { 22, 32, 346, 0, 32, 176, 815 }, // U+1EA6
    { 16, 30, 256, 1, 30, 120, 991 }, // U+1EA7
    { 22, 32, 346, 0, 32, 176, 1111 }, // U+1EA8
    { 15, 29, 256, 1, 29, 109, 1287 }, // U+1EA9
    { 22, 32, 346, -1, 32, 176, 1396 }, // U+1EAA
    { 16, 29, 256, 1, 29, 116, 1572 }, // U+1EAB
    { 22, 36, 346, 0, 29, 198, 1688 }, // U+1EAC
    { 16, 31, 256, 1, 24, 124, 1886 }, // U+1EAD
    { 22, 32, 346, 0, 32, 176, 2010 }, // U+1EAE
    { 16, 30, 256, 1, 30, 120, 2186 }, // U+1EAF
    { 22, 32, 346, 0, 32, 176, 2306 }, // U+1EB0
    { 16, 30, 256, 1, 30, 120, 2482 }, // U+1EB1
    { 23, 32, 346, -1, 32, 184, 2602 }, // U+1EB2
    { 16, 31, 256, 1, 31, 124, 2786 }, // U+1EB3
    { 22, 32, 346, -1, 32, 176, 2910 }, // U+1EB4
    { 16, 29, 256, 1, 29, 116, 3086 }, // U+1EB5
    { 22, 35, 346, 0, 28, 193, 3202 }, // U+1EB6
    { 16, 31, 256, 1, 24, 124, 3395 }, // U+1EB7
    { 17, 28, 294, 1, 21, 119, 3519 }, // U+1EB8
    { 13, 23, 243, 1, 16, 75, 3638 }, // U+1EB9
    { 17, 32, 294, 1, 32, 136, 3713 }, // U+1EBA
    { 13, 27, 243, 1, 27, 88, 3849 }, // U+1EBB
    { 17, 29, 294, 1, 29, 124, 3937 }, // U+1EBC
    { 13, 23, 243, 1, 23, 75, 4061 }, // U+1EBD
    { 17, 32, 294, 1, 32, 136, 4136 }, // U+1EBE
    { 15, 30, 243, 1, 30, 113, 4272 }, // U+1EBF
    { 17, 32, 294, 1, 32, 136, 4385 }, // U+1EC0
    { 13, 30, 243, 1, 30, 98, 4521 }, // U+1EC1
    { 16, 32, 298, 1, 32, 128, 4619 }, // U+1EC2
    { 15, 30, 243, 1, 30, 113, 4747 }, // U+1EC3
    { 17, 32, 294, 1, 32, 136, 4860 }, // U+1EC4
    { 13, 29, 243, 1, 29, 95, 4996 }, // U+1EC5
    { 17, 36, 294, 1, 29, 153, 5091 }, // U+1EC6
    { 13, 31, 243, 1, 24, 101, 5244 }, // U+1EC7
    { 10, 32, 176, 1, 32, 80, 5345 }, // U+1EC8
    { 9, 27, 154, 0, 27, 61, 5425 }, // U+1EC9
    { 10, 28, 176, 1, 21, 70, 5486 }, // U+1ECA
    { 9, 30, 154, 1, 23, 68, 5556 }, // U+1ECB
    { 20, 28, 363, 1, 21, 140, 5624 }, // U+1ECC
    { 15, 23, 278, 1, 16, 87, 5764 }, // U+1ECD
    { 20, 32, 363, 1, 32, 160, 5851 }, // U+1ECE
    { 15, 27, 278, 1, 27, 102, 6011 }, // U+1ECF
    { 20, 32, 363, 1, 32, 160, 6113 }, // U+1ED0
    { 15, 30, 278, 1, 30, 113, 6273 }, // U+1ED1
    { 20, 32, 363, 1, 32, 160, 6386 }, // U+1ED2
    { 15, 30, 278, 1, 30, 113, 6546 }, // U+1ED3
    { 20, 32, 363, 1, 32, 160, 6659 }, // U+1ED4
    { 16, 30, 278, 1, 30, 120, 6819 }, // U+1ED5
    { 20, 32, 363, 1, 32, 160, 6939 }, // U+1ED6
    { 15, 29, 278, 1, 29, 109, 7099 }, // U+1ED7
    { 20, 36, 363, 1, 29, 180, 7208 }, // U+1ED8
    { 15, 31, 278, 1, 24, 117, 7388 }, // U+1ED9
    { 22, 30, 363, 1, 30, 165, 7505 }, // U+1EDA
    { 16, 26, 278, 1, 26, 104, 7670 }, // U+1EDB
    { 22, 30, 363, 1, 30, 165, 7774 }, // U+1EDC
    { 16, 26, 278, 1, 26, 104, 7939 }, // U+1EDD
    { 22, 32, 363, 1, 32, 176, 8043 }, // U+1EDE
    { 16, 27, 278, 1, 27, 108, 8219 }, // U+1EDF
    { 22, 29, 363, 1, 29, 160, 8327 }, // U+1EE0
    { 16, 23, 278, 1, 23, 92, 8487 }, // U+1EE1
    { 22, 32, 363, 1, 25, 176, 8579 }, // U+1EE2
    { 16, 26, 278, 1, 19, 104, 8755 }, // U+1EE3
    { 22, 28, 361, 0, 21, 154, 8859 }, // U+1EE4
    { 20, 23, 303, 0, 16, 115, 9013 }, // U+1EE5
    { 22, 31, 361, 0, 31, 171, 9128 }, // U+1EE6
    { 20, 27, 303, 0, 27, 135, 9299 }, // U+1EE7
    { 23, 30, 361, 0, 30, 173, 9434 }, // U+1EE8
    { 20, 26, 303, 0, 26, 130, 9607 }, // U+1EE9
    { 23, 30, 361, 0, 30, 173, 9737 }, // U+1EEA
    { 20, 26, 303, 0, 26, 130, 9910 }, // U+1EEB
    { 23, 31, 361, 0, 31, 179, 10040 }, // U+1EEC
    { 20, 27, 303, 0, 27, 135, 10219 }, // U+1EED
    { 23, 29, 361, 0, 29, 167, 10354 }, // U+1EEE
    { 20, 23, 303, 0, 23, 115, 10521 }, // U+1EEF
    { 23, 32, 361, 0, 25, 184, 10636 }, // U+1EF0
    { 20, 26, 303, 0, 19, 130, 10820 }, // U+1EF1
    { 21, 29, 319, 0, 29, 153, 10950 }, // U+1EF2
    { 18, 32, 280, 1, 25, 144, 11103 }, // U+1EF3
    { 20, 28, 319, 0, 21, 140, 11247 }, // U+1EF4
    { 18, 22, 280, 0, 15, 99, 11387 }, // U+1EF5
    { 20, 32, 319, 0, 32, 160, 11486 }, // U+1EF6
    { 19, 34, 280, 0, 27, 162, 11646 }, // U+1EF7
    { 20, 29, 319, 0, 29, 145, 11808 }, // U+1EF8
    { 18, 30, 280, 0, 23, 135, 11953 }, // U+1EF9
    { 0, 0, 233, 0, 0, 0, 0 }, // U+2000
    { 0, 0, 467, 0, 0, 0, 0 }, // U+2001
    { 0, 0, 233, 0, 0, 0, 0 }, // U+2002
    { 0, 0, 467, 0, 0, 0, 0 }, // U+2003
    { 0, 0, 155, 0, 0, 0, 0 }, // U+2004
    { 0, 0, 117, 0, 0, 0, 0 }, // U+2005
    { 0, 0, 77, 0, 0, 0, 0 }, // U+2006
    { 0, 0, 291, 0, 0, 0, 0 }, // U+2007
    { 0, 0, 127, 0, 0, 0, 0 }, // U+2008
    { 0, 0, 93, 0, 0, 0, 0 }, // U+2009
    { 0, 0, 23, 0, 0, 0, 0 }, // U+200A
    { 0, 0, 0, 0, 0, 0, 0 }, // U+200B
    { 2, 24, 0, -1, 17, 12, 0 }, // U+200C
    { 7, 27, 0, -3, 20, 48, 12 }, // U+200D
    { 11, 28, 0, -5, 21, 77, 60 }, // U+200E
    { 10, 28, 0, -5, 21, 70, 137 }, // U+200F
    { 9, 3, 175, 1, 9, 7, 207 }, // U+2010
    { 9, 3, 175, 1, 9, 7, 214 }, // U+2011
    { 13, 3, 291, 2, 12, 10, 221 }, // U+2012
    { 15, 3, 233, 0, 10, 12, 231 }, // U+2013
    { 29, 3, 467, 0, 10, 22, 243 }, // U+2014
    { 29, 3, 467, 0, 10, 22, 265 }, // U+2015
    { 9, 30, 233, 3, 23, 68, 287 }, // U+2016
    { 15, 6, 233, 0, -1, 23, 355 }, // U+2017
    { 5, 9, 111, 1, 22, 12, 378 }, // U+2018
    { 6, 9, 111, 1, 22, 14, 390 }, // U+2019
    { 6, 9, 111, 1, 4, 14, 404 }, // U+201A
    { 5, 9, 111, 1, 22, 12, 418 }, // U+201B
    { 11, 9, 204, 1, 22, 25, 430 }, // U+201C
    { 11, 9, 204, 1, 22, 25, 455 }, // U+201D
    { 11, 9, 205, 1, 4, 25, 480 }, // U+201E
    { 11, 9, 204, 1, 22, 25, 505 }, // U+201F
    { 13, 19, 233, 1, 21, 62, 530 }, // U+2020
    { 13, 23, 233, 1, 21, 75, 592 }, // U+2021
    { 6, 6, 140, 1, 11, 9, 667 }, // U+2022
    { 10, 11, 291, 4, 16, 28, 676 }, // U+2023
    { 4, 4, 127, 2, 4, 4, 704 }, // U+2024
    { 11, 4, 233, 2, 4, 11, 708 }, // U+2025
    { 24, 4, 467, 3, 4, 24, 719 }, // U+2026
    { 4, 4, 127, 2, 10, 4, 743 }, // U+2027
    { 0, 0, 0, 0, 0, 0, 747 }, // U+2028
    { 0, 0, 0, 0, 0, 0, 747 }, // U+2029
    { 10, 28, 0, -5, 21, 70, 747 }, // U+202A
    { 9, 28, 0, -5, 21, 63, 817 }, // U+202B
    { 9, 28, 0, -4, 21, 63, 880 }, // U+202C
    { 13, 28, 0, -7, 21, 91, 943 }, // U+202D
    { 12, 28, 0, -6, 21, 84, 1034 }, // U+202E
    { 0, 0, 50, 0, 0, 0, 1118 }, // U+202F
    { 37, 23, 643, 2, 22, 213, 1118 }, // U+2030
    { 6, 10, 122, 1, 21, 15, 1331 }, // U+2032
    { 12, 10, 213, 1, 21, 30, 1346 }, // U+2033
    { 18, 10, 304, 1, 21, 45, 1376 }, // U+2034
    { 6, 10, 122, 1, 21, 15, 1421 }, // U+2035
    { 12, 10, 224, 1, 21, 30, 1436 }, // U+2036
    { 18, 10, 326, 1, 21, 45, 1466 }, // U+2037
    { 13, 7, 233, 1, 1, 23, 1511 }, // U+2038
    { 7, 11, 150, 1, 13, 20, 1534 }, // U+2039
    { 7, 11, 150, 1, 13, 20, 1554 }, // U+203A
    { 19, 20, 291, 0, 20, 95, 1574 }, // U+203B
    { 12, 23, 255, 3, 23, 69, 1669 }, // U+203C
    { 15, 3, 233, 0, 25, 12, 1738 }, // U+203E
    { 7, 3, 140, 1, 9, 6, 1750 }, // U+2043
    { 15, 24, 85, -5, 22, 90, 1756 }, // U+2044
    { 23, 22, 417, 2, 22, 127, 1846 }, // U+2047
    { 18, 23, 349, 2, 23, 104, 1973 }, // U+2048
    { 18, 23, 349, 3, 23, 104, 2077 }, // U+2049
    { 17, 6, 467, 6, 12, 26, 2181 }, // U+2053
    { 23, 10, 395, 1, 21, 58, 2207 }, // U+2057
    { 0, 0, 104, 0, 0, 0, 2265 }, // U+205F
    { 0, 0, 0, 0, 0, 0, 2265 }, // U+2060
    { 0, 0, 0, 0, 0, 0, 2265 }, // U+2061
    { 0, 0, 0, 0, 0, 0, 2265 }, // U+2062
    { 0, 0, 0, 0, 0, 0, 2265 }, // U+2063
    { 0, 0, 0, 0, 0, 0, 2265 }, // U+2064
    { 11, 13, 209, 1, 24, 36, 0 }, // U+2070
    { 12, 14, 209, 0, 25, 42, 36 }, // U+2074
    { 10, 13, 209, 1, 24, 33, 78 }, // U+2075
    { 10, 13, 209, 2, 24, 33, 111 }, // U+2076
    { 9, 13, 209, 2, 24, 30, 144 }, // U+2077
    { 10, 13, 209, 2, 24, 33, 174 }, // U+2078
    { 10, 13, 209, 2, 24, 33, 207 }, // U+2079
    { 13, 10, 264, 2, 21, 33, 240 }, // U+207F
    { 11, 13, 209, 1, 9, 36, 273 }, // U+2080
    { 9, 14, 209, 2, 10, 32, 309 }, // U+2081
    { 11, 13, 209, 1, 9, 36, 341 }, // U+2082
    { 9, 13, 209, 2, 9, 30, 377 }, // U+2083
    { 12, 14, 209, 0, 10, 42, 407 }, // U+2084
    { 10, 13, 209, 1, 9, 33, 449 }, // U+2085
    { 10, 13, 209, 2, 9, 33, 482 }, // U+2086
    { 9, 13, 209, 2, 9, 30, 515 }, // U+2087
    { 10, 13, 209, 2, 9, 33, 545 }, // U+2088
    { 10, 13, 209, 2, 9, 33, 578 }, // U+2089
    { 15, 21, 291, 1, 21, 79, 0 }, // U+20A3
    { 16, 21, 291, 1, 21, 84, 79 }, // U+20A4
    { 35, 21, 583, 1, 21, 184, 163 }, // U+20A7
    { 18, 21, 291, 0, 21, 95, 347 }, // U+20AC
    { 17, 12, 467, 6, 16, 51, 0 }, // U+2190
    { 12, 20, 467, 9, 20, 60, 51 }, // U+2191
    { 17, 12, 467, 6, 16, 51, 111 }, // U+2192
    { 12, 20, 467, 9, 20, 60, 162 }, // U+2193
    { 18, 12, 467, 6, 16, 54, 222 }, // U+2194
    { 12, 19, 467, 9, 20, 57, 276 }, // U+2195
    { 13, 19, 467, 8, 20, 62, 333 }, // U+21A8
    { 13, 19, 467, 8, 20, 62, 395 }, // U+21B2
    { 13, 19, 467, 8, 20, 62, 457 }, // U+21B3
    { 16, 14, 467, 7, 17, 56, 519 }, // U+21B5
    { 17, 14, 467, 6, 17, 60, 575 }, // U+21D0
    { 14, 18, 467, 8, 19, 63, 635 }, // U+21D1
    { 17, 14, 467, 6, 17, 60, 698 }, // U+21D2
    { 14, 18, 467, 8, 19, 63, 758 }, // U+21D3
    { 19, 14, 467, 5, 17, 67, 821 }, // U+21D4
    { 20, 22, 467, 5, 21, 110, 0 }, // U+2200
    { 14, 24, 291, 2, 23, 84, 110 }, // U+2202
    { 13, 21, 467, 8, 21, 69, 194 }, // U+2203
    { 22, 22, 467, 3, 21, 121, 263 }, // U+2205
    { 19, 21, 307, 0, 21, 100, 384 }, // U+2206
    { 18, 22, 467, 6, 21, 99, 484 }, // U+2207
    { 20, 21, 467, 5, 21, 105, 583 }, // U+2208
    { 20, 26, 467, 5, 23, 130, 688 }, // U+2209
    { 19, 16, 467, 5, 18, 76, 818 }, // U+220A
    { 19, 21, 467, 5, 21, 100, 894 }, // U+220B
    { 19, 26, 467, 5, 23, 124, 994 }, // U+220C
    { 19, 16, 467, 5, 18, 76, 1118 }, // U+220D
    { 22, 26, 378, 1, 21, 143, 1194 }, // U+220F
    { 18, 26, 286, 0, 21, 117, 1337 }, // U+2211
    { 13, 3, 291, 3, 11, 10, 1454 }, // U+2212
    { 13, 23, 229, 1, 21, 75, 1464 }, // U+2215
    { 13, 23, 246, 2, 21, 75, 1539 }, // U+2216
    { 14, 14, 291, 2, 17, 49, 1614 }, // U+2217
    { 10, 9, 291, 4, 14, 23, 1663 }, // U+2218
    { 5, 4, 291, 7, 10, 5, 1686 }, // U+2219
    { 18, 28, 291, 0, 24, 126, 1691 }, // U+221A
    { 14, 11, 291, 2, 15, 39, 1817 }, // U+221D
    { 19, 10, 291, 0, 14, 48, 1856 }, // U+221E
    { 18, 21, 467, 5, 21, 95, 1904 }, // U+221F
    { 21, 21, 467, 3, 21, 111, 1999 }, // U+2220
    { 3, 30, 233, 6, 23, 23, 2110 }, // U+2223
    { 8, 30, 233, 3, 23, 60, 2133 }, // U+2225
    { 19, 21, 467, 5, 21, 100, 2193 }, // U+2227
    { 19, 21, 467, 5, 21, 100, 2293 }, // U+2228
    { 17, 22, 467, 6, 21, 94, 2393 }, // U+2229
    { 17, 22, 467, 6, 21, 94, 2487 }, // U+222A
    { 15, 30, 291, 2, 23, 113, 2581 }, // U+222B
    { 19, 15, 467, 5, 15, 72, 2694 }, // U+2234
    { 19, 15, 467, 5, 15, 72, 2766 }, // U+2235
    { 5, 15, 145, 2, 17, 19, 2838 }, // U+2236
    { 19, 15, 467, 5, 15, 72, 2857 }, // U+2237
    { 17, 6, 467, 6, 11, 26, 2929 }, // U+223C
    { 17, 15, 467, 6, 18, 64, 2955 }, // U+2245
    { 14, 10, 291, 2, 15, 35, 3019 }, // U+2248
    { 17, 11, 467, 6, 14, 47, 3054 }, // U+224D
    { 13, 13, 291, 3, 16, 43, 3101 }, // U+2260
    { 17, 12, 467, 6, 15, 51, 3144 }, // U+2261
    { 14, 18, 291, 2, 18, 63, 3195 }, // U+2264
    { 14, 18, 291, 2, 18, 63, 3258 }, // U+2265
    { 23, 14, 467, 3, 17, 81, 3321 }, // U+226A
    { 23, 14, 467, 3, 17, 81, 3402 }, // U+226B
    { 19, 16, 467, 5, 18, 76, 3483 }, // U+2283
    { 19, 26, 467, 5, 23, 124, 3559 }, // U+2284
    { 19, 26, 467, 5, 23, 124, 3683 }, // U+2285
    { 19, 21, 467, 5, 21, 100, 3807 }, // U+2286
    { 19, 21, 467, 5, 21, 100, 3907 }, // U+2287
    { 22, 22, 467, 4, 21, 121, 4007 }, // U+2295
    { 22, 22, 467, 4, 21, 121, 4128 }, // U+2296
    { 21, 22, 467, 4, 21, 116, 4249 }, // U+2297
    { 21, 22, 467, 4, 21, 116, 4365 }, // U+2298
    { 17, 21, 467, 6, 21, 90, 4481 }, // U+22A5
    { 5, 4, 291, 7, 10, 5, 4571 }, // U+22C5
    { 25, 4, 467, 2, 10, 25, 4576 }, // U+22EF
    { 25, 23, 347, 0, 23, 144, 0 }, // U+FB00
    { 20, 23, 312, 0, 23, 115, 144 }, // U+FB01
    { 20, 23, 313, 0, 23, 115, 259 }, // U+FB02
    { 30, 23, 470, 0, 23, 173, 374 }, // U+FB03
    { 30, 23, 471, 0, 23, 173, 547 }, // U+FB04
    { 23, 23, 359, 0, 23, 133, 720 }, // U+FB05
    { 24, 23, 415, 2, 23, 138, 853 }, // U+FB06
    { 28, 28, 467, 1, 25, 196, 0 }, // U+FFFD
};

static const EpdUnicodeInterval bookerly_14_regularIntervals[] = {
    { 0x0, 0x0, 0x0 },
    { 0x8, 0x9, 0x1 },
    { 0xD, 0xD, 0x3 },
    { 0x1D, 0x1D, 0x4 },
    { 0x20, 0x7E, 0x5 },
    { 0xA0, 0xFF, 0x64 },
    { 0x100, 0x17F, 0xC4 },
    { 0x1A0, 0x1A1, 0x144 },
    { 0x1AF, 0x1B0, 0x146 },
    { 0x1C4, 0x1F5, 0x148 },
    { 0x1F8, 0x21F, 0x17A },
    { 0x300, 0x304, 0x1A2 },
    { 0x306, 0x30C, 0x1A7 },
    { 0x30F, 0x30F, 0x1AE },
    { 0x311, 0x315, 0x1AF },
    { 0x31B, 0x31B, 0x1B4 },
    { 0x323, 0x329, 0x1B5 },
    { 0x32D, 0x32E, 0x1BC },
    { 0x330, 0x331, 0x1BE },
    { 0x342, 0x342, 0x1C0 },
    { 0x344, 0x345, 0x1C1 },
    { 0x400, 0x45F, 0x1C3 },
    { 0x462, 0x463, 0x223 },
    { 0x472, 0x475, 0x225 },
    { 0x48A, 0x4FF, 0x229 },
    { 0x1EA0, 0x1EF9, 0x29F },
    { 0x2000, 0x2030, 0x2F9 },
    { 0x2032, 0x203C, 0x32A },
    { 0x203E, 0x203E, 0x335 },
    { 0x2043, 0x2044, 0x336 },
    { 0x2047, 0x2049, 0x338 },
    { 0x2053, 0x2053, 0x33B },
    { 0x2057, 0x2057, 0x33C },
    { 0x205F, 0x2064, 0x33D },
    { 0x2070, 0x2070, 0x343 },
    { 0x2074, 0x2079, 0x344 },
    { 0x207F, 0x2089, 0x34A },
    { 0x20A3, 0x20A4, 0x355 },
    { 0x20A7, 0x20A7, 0x357 },
    { 0x20AC, 0x20AC, 0x358 },
    { 0x2190, 0x2195, 0x359 },
    { 0x21A8, 0x21A8, 0x35F },
    { 0x21B2, 0x21B3, 0x360 },
    { 0x21B5, 0x21B5, 0x362 },
    { 0x21D0, 0x21D4, 0x363 },
    { 0x2200, 0x2200, 0x368 },
    { 0x2202, 0x2203, 0x369 },
    { 0x2205, 0x220D, 0x36B },
    { 0x220F, 0x220F, 0x374 },
    { 0x2211, 0x2212, 0x375 },
    { 0x2215, 0x221A, 0x377 },
    { 0x221D, 0x2220, 0x37D },
    { 0x2223, 0x2223, 0x381 },
    { 0x2225, 0x2225, 0x382 },
    { 0x2227, 0x222B, 0x383 },
    { 0x2234, 0x2237, 0x388 },
    { 0x223C, 0x223C, 0x38C },
    { 0x2245, 0x2245, 0x38D },
    { 0x2248, 0x2248, 0x38E },
    { 0x224D, 0x224D, 0x38F },
    { 0x2260, 0x2261, 0x390 },
    { 0x2264, 0x2265, 0x392 },
    { 0x226A, 0x226B, 0x394 },
    { 0x2283, 0x2287, 0x396 },
    { 0x2295, 0x2298, 0x39B },
    { 0x22A5, 0x22A5, 0x39F },
    { 0x22C5, 0x22C5, 0x3A0 },
    { 0x22EF, 0x22EF, 0x3A1 },
    { 0xFB00, 0xFB06, 0x3A2 },
    { 0xFFFD, 0xFFFD, 0x3A9 },
};

static const EpdFontGroup bookerly_14_regularGroups[] = {
    { 0, 3357, 7796, 100, 0 },
    { 3357, 3227, 9781, 96, 100 },
    { 6584, 4269, 15419, 128, 196 },
    { 10853, 4085, 13481, 94, 324 },
    { 14938, 325, 500, 33, 418 },
    { 15263, 7660, 25380, 220, 451 },
    { 22923, 3068, 12909, 90, 671 },
    { 25991, 1078, 2572, 74, 761 },
    { 27069, 301, 712, 18, 835 },
    { 27370, 272, 462, 4, 853 },
    { 27642, 388, 995, 15, 857 },
    { 28030, 1876, 5043, 58, 872 },
    { 29906, 360, 1035, 7, 930 },
    { 30266, 123, 196, 1, 937 },
};

static const EpdKernClassEntry bookerly_14_regularKernLeftClasses[] = {
    { 0x0022, 1 }, // "
    { 0x0027, 1 }, // '
    { 0x0028, 2 }, // (
    { 0x002A, 3 }, // *
    { 0x002C, 4 }, // ,
    { 0x002D, 5 }, // -
    { 0x002E, 4 }, // .
    { 0x002F, 6 }, // /
    { 0x003A, 7 }, // :
    { 0x003B, 7 }, // ;
    { 0x0040, 8 }, // @
    { 0x0041, 9 }, // A
    { 0x0042, 10 }, // B
    { 0x0043, 11 }, // C
    { 0x0044, 12 }, // D
    { 0x0045, 13 }, // E
    { 0x0046, 14 }, // F
    { 0x0047, 15 }, // G
    { 0x0048, 16 }, // H
    { 0x0049, 16 }, // I
    { 0x004A, 17 }, // J
    { 0x004B, 18 }, // K
    { 0x004C, 19 }, // L
    { 0x004D, 20 }, // M
    { 0x004E, 21 }, // N
    { 0x004F, 12 }, // O
    { 0x0050, 22 }, // P
    { 0x0051, 23 }, // Q
    { 0x0052, 24 }, // R
    { 0x0053, 25 }, // S
    { 0x0054, 26 }, // T
    { 0x0055, 27 }, // U
    { 0x0056, 28 }, // V
    { 0x0057, 28 }, // W
    { 0x0058, 29 }, // X
    { 0x0059, 30 }, // Y
    { 0x005A, 31 }, // Z
    { 0x005B, 32 }, // [
    { 0x005C, 33 }, // <backslash>
    { 0x0061, 34 }, // a
    { 0x0062, 35 }, // b
    { 0x0063, 36 }, // c
    { 0x0064, 37 }, // d
    { 0x0065, 38 }, // e
    { 0x0066, 39 }, // f
    { 0x0067, 40 }, // g
    { 0x0068, 41 }, // h
    { 0x0069, 42 }, // i
    { 0x006A, 43 }, // j
    { 0x006B, 44 }, // k
    { 0x006C, 45 }, // l
    { 0x006D, 41 }, // m
    { 0x006E, 41 }, // n
    { 0x006F, 35 }, // o
    { 0x0070, 35 }, // p
    { 0x0071, 46 }, // q
    { 0x0072, 47 }, // r
    { 0x0073, 48 }, // s
    { 0x0074, 49 }, // t
    { 0x0075, 50 }, // u
    { 0x0076, 51 }, // v
    { 0x0077, 51 }, // w
    { 0x0078, 52 }, // x
    { 0x0079, 51 }, // y
    { 0x007A, 53 }, // z
    { 0x007B, 54 }, // {
    { 0x00A1, 55 }, // U+00A1
    { 0x00AB, 56 }, // U+00AB
    { 0x00AD, 5 }, // U+00AD
    { 0x00BB, 57 }, // U+00BB
    { 0x00BF, 58 }, // U+00BF
    { 0x00C0, 9 }, // U+00C0
    { 0x00C1, 9 }, // U+00C1
    { 0x00C2, 9 }, // U+00C2
    { 0x00C3, 9 }, // U+00C3
    { 0x00C4, 9 }, // U+00C4
    { 0x00C5, 9 }, // U+00C5
    { 0x00C6, 13 }, // U+00C6
    { 0x00C7, 11 }, // U+00C7
    { 0x00C8, 13 }, // U+00C8
    { 0x00C9, 13 }, // U+00C9
    { 0x00CA, 13 }, // U+00CA
    { 0x00CB, 13 }, // U+00CB
    { 0x00CC, 16 }, // U+00CC
    { 0x00CD, 16 }, // U+00CD
    { 0x00CE, 16 }, // U+00CE
    { 0x00CF, 16 }, // U+00CF
    { 0x00D0, 12 }, // U+00D0
    { 0x00D1, 21 }, // U+00D1
    { 0x00D2, 12 }, // U+00D2
    { 0x00D3, 12 }, // U+00D3
    { 0x00D4, 12 }, // U+00D4
    { 0x00D5, 12 }, // U+00D5
    { 0x00D6, 12 }, // U+00D6
    { 0x00D8, 59 }, // U+00D8
    { 0x00D9, 27 }, // U+00D9
    { 0x00DA, 27 }, // U+00DA
    { 0x00DB, 27 }, // U+00DB
    { 0x00DC, 27 }, // U+00DC
    { 0x00DD, 30 }, // U+00DD
    { 0x00DE, 60 }, // U+00DE
    { 0x00DF, 61 }, // U+00DF
    { 0x00E0, 34 }, // U+00E0
    { 0x00E1, 34 }, // U+00E1
    { 0x00E2, 34 }, // U+00E2
    { 0x00E3, 34 }, // U+00E3
    { 0x00E4, 34 }, // U+00E4
    { 0x00E5, 34 }, // U+00E5
    { 0x00E6, 38 }, // U+00E6
    { 0x00E7, 36 }, // U+00E7
    { 0x00E8, 38 }, // U+00E8
    { 0x00E9, 38 }, // U+00E9
    { 0x00EA, 38 }, // U+00EA
    { 0x00EB, 38 }, // U+00EB
    { 0x00EC, 42 }, // U+00EC
    { 0x00ED, 42 }, // U+00ED
    { 0x00EE, 62 }, // U+00EE
    { 0x00EF, 62 }, // U+00EF
    { 0x00F0, 63 }, // U+00F0
    { 0x00F1, 41 }, // U+00F1
    { 0x00F2, 35 }, // U+00F2
    { 0x00F3, 35 }, // U+00F3
    { 0x00F4, 35 }, // U+00F4
    { 0x00F5, 35 }, // U+00F5
    { 0x00F6, 35 }, // U+00F6
    { 0x00F8, 64 }, // U+00F8
    { 0x00F9, 50 }, // U+00F9
    { 0x00FA, 50 }, // U+00FA
    { 0x00FB, 50 }, // U+00FB
    { 0x00FC, 50 }, // U+00FC
    { 0x00FD, 51 }, // U+00FD
    { 0x00FE, 35 }, // U+00FE
    { 0x00FF, 51 }, // U+00FF
    { 0x0100, 9 }, // U+0100
    { 0x0101, 34 }, // U+0101
    { 0x0102, 9 }, // U+0102
    { 0x0103, 34 }, // U+0103
    { 0x0104, 65 }, // U+0104
    { 0x0105, 66 }, // U+0105
    { 0x0106, 11 }, // U+0106
    { 0x0107, 36 }, // U+0107
    { 0x0108, 11 }, // U+0108
    { 0x0109, 36 }, // U+0109
    { 0x010A, 11 }, // U+010A
    { 0x010B, 36 }, // U+010B
    { 0x010C, 11 }, // U+010C
    { 0x010D, 36 }, // U+010D
    { 0x010E, 12 }, // U+010E
    { 0x010F, 67 }, // U+010F
    { 0x0110, 12 }, // U+0110
    { 0x0111, 37 }, // U+0111
    { 0x0112, 13 }, // U+0112
    { 0x0113, 38 }, // U+0113
    { 0x0114, 13 }, // U+0114
    { 0x0115, 38 }, // U+0115
    { 0x0116, 13 }, // U+0116
    { 0x0117, 38 }, // U+0117
    { 0x0118, 68 }, // U+0118
    { 0x0119, 69 }, // U+0119
    { 0x011A, 13 }, // U+011A
    { 0x011B, 38 }, // U+011B
    { 0x011C, 15 }, // U+011C
    { 0x011D, 40 }, // U+011D
    { 0x011E, 15 }, // U+011E
    { 0x011F, 40 }, // U+011F
    { 0x0120, 15 }, // U+0120
    { 0x0121, 40 }, // U+0121
    { 0x0122, 15 }, // U+0122
    { 0x0123, 40 }, // U+0123
    { 0x0124, 16 }, // U+0124
    { 0x0125, 41 }, // U+0125
    { 0x0126, 16 }, // U+0126
    { 0x0127, 41 }, // U+0127
    { 0x0128, 16 }, // U+0128
    { 0x0129, 62 }, // U+0129
    { 0x012A, 16 }, // U+012A
    { 0x012B, 62 }, // U+012B
    { 0x012C, 16 }, // U+012C
    { 0x012D, 62 }, // U+012D
    { 0x012E, 70 }, // U+012E
    { 0x012F, 71 }, // U+012F
    { 0x0130, 16 }, // U+0130
    { 0x0131, 42 }, // U+0131
    { 0x0132, 17 }, // U+0132
    { 0x0133, 43 }, // U+0133
    { 0x0134, 17 }, // U+0134
    { 0x0135, 72 }, // U+0135
    { 0x0136, 18 }, // U+0136
    { 0x0137, 44 }, // U+0137
    { 0x0138, 44 }, // U+0138
    { 0x0139, 19 }, // U+0139
    { 0x013A, 45 }, // U+013A
    { 0x013B, 19 }, // U+013B
    { 0x013C, 45 }, // U+013C
    { 0x013E, 67 }, // U+013E
    { 0x0141, 19 }, // U+0141
    { 0x0142, 73 }, // U+0142
    { 0x0143, 21 }, // U+0143
    { 0x0144, 41 }, // U+0144
    { 0x0145, 21 }, // U+0145
    { 0x0146, 41 }, // U+0146
    { 0x0147, 21 }, // U+0147
    { 0x0148, 41 }, // U+0148
    { 0x0149, 41 }, // U+0149
    { 0x014A, 21 }, // U+014A
    { 0x014B, 41 }, // U+014B
    { 0x014C, 12 }, // U+014C
    { 0x014D, 35 }, // U+014D
    { 0x014E, 12 }, // U+014E
    { 0x014F, 35 }, // U+014F
    { 0x0150, 12 }, // U+0150
    { 0x0151, 35 }, // U+0151
    { 0x0152, 13 }, // U+0152
    { 0x0153, 38 }, // U+0153
    { 0x0154, 24 }, // U+0154
    { 0x0155, 47 }, // U+0155
    { 0x0156, 24 }, // U+0156
    { 0x0157, 47 }, // U+0157
    { 0x0158, 24 }, // U+0158
    { 0x0159, 47 }, // U+0159
    { 0x015A, 25 }, // U+015A
    { 0x015B, 48 }, // U+015B
    { 0x015C, 25 }, // U+015C
    { 0x015D, 48 }, // U+015D
    { 0x015E, 25 }, // U+015E
    { 0x015F, 48 }, // U+015F
    { 0x0160, 25 }, // U+0160
    { 0x0161, 48 }, // U+0161
    { 0x0162, 26 }, // U+0162
    { 0x0163, 74 }, // U+0163
    { 0x0164, 26 }, // U+0164
    { 0x0166, 26 }, // U+0166
    { 0x0167, 49 }, // U+0167
    { 0x0168, 27 }, // U+0168
    { 0x0169, 50 }, // U+0169
    { 0x016A, 27 }, // U+016A
    { 0x016B, 50 }, // U+016B
    { 0x016C, 27 }, // U+016C
    { 0x016D, 50 }, // U+016D
    { 0x016E, 27 }, // U+016E
    { 0x016F, 50 }, // U+016F
    { 0x0170, 27 }, // U+0170
    { 0x0171, 50 }, // U+0171
    { 0x0172, 27 }, // U+0172
    { 0x0173, 75 }, // U+0173
    { 0x0174, 28 }, // U+0174
    { 0x0175, 51 }, // U+0175
    { 0x0176, 30 }, // U+0176
    { 0x0177, 51 }, // U+0177
    { 0x0178, 30 }, // U+0178
    { 0x0179, 31 }, // U+0179
    { 0x017A, 53 }, // U+017A
    { 0x017B, 31 }, // U+017B
    { 0x017C, 53 }, // U+017C
    { 0x017D, 31 }, // U+017D
    { 0x017E, 53 }, // U+017E
    { 0x01A0, 76 }, // U+01A0
    { 0x01A1, 77 }, // U+01A1
    { 0x01AF, 78 }, // U+01AF
    { 0x01B0, 79 }, // U+01B0
    { 0x01C4, 31 }, // U+01C4
    { 0x01C5, 53 }, // U+01C5
    { 0x01C6, 53 }, // U+01C6
    { 0x01C7, 17 }, // U+01C7
    { 0x01C8, 43 }, // U+01C8
    { 0x01C9, 43 }, // U+01C9
    { 0x01CA, 17 }, // U+01CA
    { 0x01CB, 43 }, // U+01CB
    { 0x01CC, 43 }, // U+01CC
    { 0x01CD, 9 }, // U+01CD
    { 0x01CE, 34 }, // U+01CE
    { 0x01CF, 16 }, // U+01CF
    { 0x01D0, 62 }, // U+01D0
    { 0x01D1, 12 }, // U+01D1
    { 0x01D2, 35 }, // U+01D2
    { 0x01D3, 27 }, // U+01D3
    { 0x01D4, 50 }, // U+01D4
    { 0x01D5, 27 }, // U+01D5
    { 0x01D6, 50 }, // U+01D6
    { 0x01D7, 27 }, // U+01D7
    { 0x01D8, 50 }, // U+01D8
    { 0x01D9, 27 }, // U+01D9
    { 0x01DA, 50 }, // U+01DA
    { 0x01DB, 27 }, // U+01DB
    { 0x01DC, 50 }, // U+01DC
    { 0x01DD, 35 }, // U+01DD
    { 0x01DE, 9 }, // U+01DE
    { 0x01DF, 34 }, // U+01DF
    { 0x01E0, 9 }, // U+01E0
    { 0x01E1, 34 }, // U+01E1
    { 0x01E2, 13 }, // U+01E2
    { 0x01E3, 38 }, // U+01E3
    { 0x01E4, 15 }, // U+01E4
    { 0x01E5, 80 }, // U+01E5
    { 0x01E6, 15 }, // U+01E6
    { 0x01E7, 40 }, // U+01E7
    { 0x01E8, 18 }, // U+01E8
    { 0x01E9, 44 }, // U+01E9
    { 0x01EA, 12 }, // U+01EA
    { 0x01EB, 35 }, // U+01EB
    { 0x01EC, 12 }, // U+01EC
    { 0x01ED, 35 }, // U+01ED
    { 0x01EF, 81 }, // U+01EF
    { 0x01F0, 72 }, // U+01F0
    { 0x01F1, 31 }, // U+01F1
    { 0x01F2, 53 }, // U+01F2
    { 0x01F3, 53 }, // U+01F3
    { 0x01F4, 15 }, // U+01F4
    { 0x01F5, 40 }, // U+01F5
    { 0x01F8, 21 }, // U+01F8
    { 0x01F9, 41 }, // U+01F9
    { 0x01FA, 9 }, // U+01FA
    { 0x01FB, 34 }, // U+01FB
    { 0x01FC, 13 }, // U+01FC
    { 0x01FD, 38 }, // U+01FD
    { 0x01FE, 82 }, // U+01FE
    { 0x01FF, 35 }, // U+01FF
    { 0x0200, 9 }, // U+0200
    { 0x0201, 34 }, // U+0201
    { 0x0202, 9 }, // U+0202
    { 0x0203, 34 }, // U+0203
    { 0x0204, 13 }, // U+0204
    { 0x0205, 38 }, // U+0205
    { 0x0206, 13 }, // U+0206
    { 0x0207, 38 }, // U+0207
    { 0x0208, 16 }, // U+0208
    { 0x0209, 62 }, // U+0209
    { 0x020A, 16 }, // U+020A
    { 0x020B, 62 }, // U+020B
    { 0x020C, 12 }, // U+020C
    { 0x020D, 35 }, // U+020D
    { 0x020E, 12 }, // U+020E
    { 0x020F, 35 }, // U+020F
    { 0x0210, 24 }, // U+0210
    { 0x0211, 47 }, // U+0211
    { 0x0212, 24 }, // U+0212
    { 0x0213, 47 }, // U+0213
    { 0x0214, 27 }, // U+0214
    { 0x0215, 50 }, // U+0215
    { 0x0216, 27 }, // U+0216
    { 0x0217, 50 }, // U+0217
    { 0x0218, 25 }, // U+0218
    { 0x0219, 48 }, // U+0219
    { 0x021A, 26 }, // U+021A
    { 0x021B, 49 }, // U+021B
    { 0x021C, 10 }, // U+021C
    { 0x021D, 83 }, // U+021D
    { 0x021E, 16 }, // U+021E
    { 0x021F, 41 }, // U+021F
    { 0x0400, 84 }, // U+0400
    { 0x0401, 84 }, // U+0401
    { 0x0402, 85 }, // U+0402
    { 0x0404, 86 }, // U+0404
    { 0x0405, 87 }, // U+0405
    { 0x0406, 88 }, // U+0406
    { 0x0407, 88 }, // U+0407
    { 0x0408, 89 }, // U+0408
    { 0x0409, 90 }, // U+0409
    { 0x040A, 90 }, // U+040A
    { 0x040B, 91 }, // U+040B
    { 0x040C, 92 }, // U+040C
    { 0x040D, 88 }, // U+040D
    { 0x040E, 93 }, // U+040E
    { 0x040F, 88 }, // U+040F
    { 0x0410, 94 }, // U+0410
    { 0x0411, 95 }, // U+0411
    { 0x0412, 96 }, // U+0412
    { 0x0413, 97 }, // U+0413
    { 0x0414, 98 }, // U+0414
    { 0x0415, 84 }, // U+0415
    { 0x0416, 92 }, // U+0416
    { 0x0417, 96 }, // U+0417
    { 0x0418, 88 }, // U+0418
    { 0x0419, 88 }, // U+0419
    { 0x041A, 92 }, // U+041A
    { 0x041B, 88 }, // U+041B
    { 0x041C, 99 }, // U+041C
    { 0x041D, 88 }, // U+041D
    { 0x041E, 100 }, // U+041E
    { 0x041F, 88 }, // U+041F
    { 0x0420, 101 }, // U+0420
    { 0x0421, 102 }, // U+0421
    { 0x0422, 97 }, // U+0422
    { 0x0423, 93 }, // U+0423
    { 0x0424, 103 }, // U+0424
    { 0x0425, 104 }, // U+0425
    { 0x0426, 98 }, // U+0426
    { 0x0427, 88 }, // U+0427
    { 0x0428, 88 }, // U+0428
    { 0x0429, 98 }, // U+0429
    { 0x042A, 90 }, // U+042A
    { 0x042B, 88 }, // U+042B
    { 0x042C, 90 }, // U+042C
    { 0x042D, 100 }, // U+042D
    { 0x042E, 100 }, // U+042E
    { 0x042F, 88 }, // U+042F
    { 0x0430, 105 }, // U+0430
    { 0x0431, 106 }, // U+0431
    { 0x0432, 107 }, // U+0432
    { 0x0433, 108 }, // U+0433
    { 0x0434, 109 }, // U+0434
    { 0x0435, 110 }, // U+0435
    { 0x0436, 111 }, // U+0436
    { 0x0437, 112 }, // U+0437
    { 0x0438, 113 }, // U+0438
    { 0x0439, 113 }, // U+0439
    { 0x043A, 111 }, // U+043A
    { 0x043B, 113 }, // U+043B
    { 0x043C, 113 }, // U+043C
    { 0x043D, 113 }, // U+043D
    { 0x043E, 106 }, // U+043E
    { 0x043F, 113 }, // U+043F
    { 0x0440, 106 }, // U+0440
    { 0x0441, 114 }, // U+0441
    { 0x0442, 108 }, // U+0442
    { 0x0443, 115 }, // U+0443
    { 0x0444, 106 }, // U+0444
    { 0x0445, 116 }, // U+0445
    { 0x0446, 109 }, // U+0446
    { 0x0447, 113 }, // U+0447
    { 0x0448, 113 }, // U+0448
    { 0x0449, 109 }, // U+0449
    { 0x044A, 117 }, // U+044A
    { 0x044B, 113 }, // U+044B
    { 0x044C, 117 }, // U+044C
    { 0x044D, 106 }, // U+044D
    { 0x044E, 106 }, // U+044E
    { 0x044F, 113 }, // U+044F
    { 0x0450, 110 }, // U+0450
    { 0x0451, 110 }, // U+0451
    { 0x0452, 118 }, // U+0452
    { 0x0453, 108 }, // U+0453
    { 0x0454, 119 }, // U+0454
    { 0x0455, 120 }, // U+0455
    { 0x0456, 121 }, // U+0456
    { 0x0457, 122 }, // U+0457
    { 0x0458, 123 }, // U+0458
    { 0x0459, 117 }, // U+0459
    { 0x045A, 117 }, // U+045A
    { 0x045B, 124 }, // U+045B
    { 0x045C, 111 }, // U+045C
    { 0x045D, 113 }, // U+045D
    { 0x045E, 115 }, // U+045E
    { 0x045F, 113 }, // U+045F
    { 0x0462, 125 }, // U+0462
    { 0x0463, 126 }, // U+0463
    { 0x0472, 100 }, // U+0472
    { 0x0473, 106 }, // U+0473
    { 0x0474, 127 }, // U+0474
    { 0x0475, 128 }, // U+0475
    { 0x048A, 98 }, // U+048A
    { 0x048B, 109 }, // U+048B
    { 0x048C, 90 }, // U+048C
    { 0x048D, 117 }, // U+048D
    { 0x048E, 101 }, // U+048E
    { 0x048F, 106 }, // U+048F
    { 0x0490, 129 }, // U+0490
    { 0x0491, 130 }, // U+0491
    { 0x0492, 131 }, // U+0492
    { 0x0493, 108 }, // U+0493
    { 0x0496, 132 }, // U+0496
    { 0x0497, 133 }, // U+0497
    { 0x0498, 96 }, // U+0498
    { 0x0499, 112 }, // U+0499
    { 0x049A, 132 }, // U+049A
    { 0x049B, 133 }, // U+049B
    { 0x049C, 92 }, // U+049C
    { 0x049D, 111 }, // U+049D
    { 0x049E, 92 }, // U+049E
    { 0x049F, 111 }, // U+049F
    { 0x04A0, 92 }, // U+04A0
    { 0x04A1, 111 }, // U+04A1
    { 0x04A2, 98 }, // U+04A2
    { 0x04A3, 109 }, // U+04A3
    { 0x04A8, 134 }, // U+04A8
    { 0x04A9, 135 }, // U+04A9
    { 0x04AA, 102 }, // U+04AA
    { 0x04AB, 114 }, // U+04AB
    { 0x04AC, 97 }, // U+04AC
    { 0x04AD, 108 }, // U+04AD
    { 0x04AE, 136 }, // U+04AE
    { 0x04AF, 115 }, // U+04AF
    { 0x04B0, 136 }, // U+04B0
    { 0x04B1, 115 }, // U+04B1
    { 0x04B2, 137 }, // U+04B2
    { 0x04B3, 138 }, // U+04B3
    { 0x04B4, 98 }, // U+04B4
    { 0x04B5, 109 }, // U+04B5
    { 0x04B6, 98 }, // U+04B6
    { 0x04B7, 109 }, // U+04B7
    { 0x04B8, 88 }, // U+04B8
    { 0x04B9, 113 }, // U+04B9
    { 0x04BA, 139 }, // U+04BA
    { 0x04BB, 124 }, // U+04BB
    { 0x04BC, 140 }, // U+04BC
    { 0x04BD, 110 }, // U+04BD
    { 0x04BE, 140 }, // U+04BE
    { 0x04BF, 110 }, // U+04BF
    { 0x04C0, 88 }, // U+04C0
    { 0x04C1, 92 }, // U+04C1
    { 0x04C2, 111 }, // U+04C2
    { 0x04C3, 141 }, // U+04C3
    { 0x04C4, 142 }, // U+04C4
    { 0x04C5, 98 }, // U+04C5
    { 0x04C6, 109 }, // U+04C6
    { 0x04C7, 89 }, // U+04C7
    { 0x04C8, 143 }, // U+04C8
    { 0x04C9, 98 }, // U+04C9
    { 0x04CA, 109 }, // U+04CA
    { 0x04CB, 88 }, // U+04CB
    { 0x04CC, 113 }, // U+04CC
    { 0x04CD, 98 }, // U+04CD
    { 0x04CE, 109 }, // U+04CE
    { 0x04CF, 144 }, // U+04CF
    { 0x04D0, 94 }, // U+04D0
    { 0x04D1, 105 }, // U+04D1
    { 0x04D2, 94 }, // U+04D2
    { 0x04D3, 105 }, // U+04D3
    { 0x04D4, 84 }, // U+04D4
    { 0x04D5, 110 }, // U+04D5
    { 0x04D6, 84 }, // U+04D6
    { 0x04D7, 110 }, // U+04D7
    { 0x04D8, 100 }, // U+04D8
    { 0x04D9, 106 }, // U+04D9
    { 0x04DA, 100 }, // U+04DA
    { 0x04DB, 106 }, // U+04DB
    { 0x04DC, 92 }, // U+04DC
    { 0x04DD, 111 }, // U+04DD
    { 0x04DE, 96 }, // U+04DE
    { 0x04DF, 112 }, // U+04DF
    { 0x04E0, 145 }, // U+04E0
    { 0x04E1, 146 }, // U+04E1
    { 0x04E2, 88 }, // U+04E2
    { 0x04E3, 113 }, // U+04E3
    { 0x04E4, 88 }, // U+04E4
    { 0x04E5, 113 }, // U+04E5
    { 0x04E6, 100 }, // U+04E6
    { 0x04E7, 106 }, // U+04E7
    { 0x04E8, 100 }, // U+04E8
    { 0x04E9, 106 }, // U+04E9
    { 0x04EA, 100 }, // U+04EA
    { 0x04EB, 106 }, // U+04EB
    { 0x04EC, 100 }, // U+04EC
    { 0x04ED, 106 }, // U+04ED
    { 0x04EE, 93 }, // U+04EE
    { 0x04EF, 115 }, // U+04EF
    { 0x04F0, 93 }, // U+04F0
    { 0x04F1, 115 }, // U+04F1
    { 0x04F2, 93 }, // U+04F2
    { 0x04F3, 115 }, // U+04F3
    { 0x04F4, 88 }, // U+04F4
    { 0x04F5, 113 }, // U+04F5
    { 0x04F6, 97 }, // U+04F6
    { 0x04F7, 108 }, // U+04F7
    { 0x04F8, 88 }, // U+04F8
    { 0x04F9, 113 }, // U+04F9
    { 0x04FA, 131 }, // U+04FA
    { 0x04FB, 108 }, // U+04FB
    { 0x04FC, 147 }, // U+04FC
    { 0x04FD, 116 }, // U+04FD
    { 0x04FE, 104 }, // U+04FE
    { 0x04FF, 116 }, // U+04FF
    { 0x1EA0, 9 }, // U+1EA0
    { 0x1EA1, 34 }, // U+1EA1
    { 0x1EA2, 9 }, // U+1EA2
    { 0x1EA3, 34 }, // U+1EA3
    { 0x1EA4, 9 }, // U+1EA4
    { 0x1EA5, 34 }, // U+1EA5
    { 0x1EA6, 9 }, // U+1EA6
    { 0x1EA7, 34 }, // U+1EA7
    { 0x1EA8, 9 }, // U+1EA8
    { 0x1EA9, 34 }, // U+1EA9
    { 0x1EAA, 9 }, // U+1EAA
    { 0x1EAB, 34 }, // U+1EAB
    { 0x1EAC, 9 }, // U+1EAC
    { 0x1EAD, 34 }, // U+1EAD
    { 0x1EAE, 9 }, // U+1EAE
    { 0x1EAF, 34 }, // U+1EAF
    { 0x1EB0, 9 }, // U+1EB0
    { 0x1EB1, 34 }, // U+1EB1
    { 0x1EB2, 9 }, // U+1EB2
    { 0x1EB3, 34 }, // U+1EB3
    { 0x1EB4, 9 }, // U+1EB4
    { 0x1EB5, 34 }, // U+1EB5
    { 0x1EB6, 9 }, // U+1EB6
    { 0x1EB7, 34 }, // U+1EB7
    { 0x1EB8, 13 }, // U+1EB8
    { 0x1EB9, 38 }, // U+1EB9
    { 0x1EBA, 13 }, // U+1EBA
    { 0x1EBB, 38 }, // U+1EBB
    { 0x1EBC, 13 }, // U+1EBC
    { 0x1EBD, 38 }, // U+1EBD
    { 0x1EBE, 13 }, // U+1EBE
    { 0x1EBF, 38 }, // U+1EBF
    { 0x1EC0, 13 }, // U+1EC0
    { 0x1EC1, 38 }, // U+1EC1
    { 0x1EC2, 13 }, // U+1EC2
    { 0x1EC3, 38 }, // U+1EC3
    { 0x1EC4, 13 }, // U+1EC4
    { 0x1EC5, 38 }, // U+1EC5
    { 0x1EC6, 13 }, // U+1EC6
    { 0x1EC7, 38 }, // U+1EC7
    { 0x1EC8, 16 }, // U+1EC8
    { 0x1EC9, 62 }, // U+1EC9
    { 0x1ECA, 16 }, // U+1ECA
    { 0x1ECB, 42 }, // U+1ECB
    { 0x1ECC, 12 }, // U+1ECC
    { 0x1ECD, 35 }, // U+1ECD
    { 0x1ECE, 12 }, // U+1ECE
    { 0x1ECF, 35 }, // U+1ECF
    { 0x1ED0, 12 }, // U+1ED0
    { 0x1ED1, 35 }, // U+1ED1
    { 0x1ED2, 12 }, // U+1ED2
    { 0x1ED3, 35 }, // U+1ED3
    { 0x1ED4, 12 }, // U+1ED4
    { 0x1ED5, 35 }, // U+1ED5
    { 0x1ED6, 12 }, // U+1ED6
    { 0x1ED7, 35 }, // U+1ED7
    { 0x1ED8, 12 }, // U+1ED8
    { 0x1ED9, 35 }, // U+1ED9
    { 0x1EDA, 76 }, // U+1EDA
    { 0x1EDB, 77 }, // U+1EDB
    { 0x1EDC, 76 }, // U+1EDC
    { 0x1EDD, 77 }, // U+1EDD
    { 0x1EDE, 76 }, // U+1EDE
    { 0x1EDF, 77 }, // U+1EDF
    { 0x1EE0, 76 }, // U+1EE0
    { 0x1EE1, 77 }, // U+1EE1
    { 0x1EE2, 76 }, // U+1EE2
    { 0x1EE3, 77 }, // U+1EE3
    { 0x1EE4, 27 }, // U+1EE4
    { 0x1EE5, 50 }, // U+1EE5
    { 0x1EE6, 27 }, // U+1EE6
    { 0x1EE7, 50 }, // U+1EE7
    { 0x1EE8, 78 }, // U+1EE8
    { 0x1EE9, 79 }, // U+1EE9
    { 0x1EEA, 78 }, // U+1EEA
    { 0x1EEB, 79 }, // U+1EEB
    { 0x1EEC, 78 }, // U+1EEC
    { 0x1EED, 79 }, // U+1EED
    { 0x1EEE, 78 }, // U+1EEE
    { 0x1EEF, 79 }, // U+1EEF
    { 0x1EF0, 78 }, // U+1EF0
    { 0x1EF1, 79 }, // U+1EF1
    { 0x1EF2, 30 }, // U+1EF2
    { 0x1EF3, 51 }, // U+1EF3
    { 0x1EF4, 30 }, // U+1EF4
    { 0x1EF5, 51 }, // U+1EF5
    { 0x1EF6, 30 }, // U+1EF6
    { 0x1EF7, 51 }, // U+1EF7
    { 0x1EF8, 30 }, // U+1EF8
    { 0x1EF9, 51 }, // U+1EF9
    { 0x2010, 5 }, // U+2010
    { 0x2011, 5 }, // U+2011
    { 0x2013, 5 }, // U+2013
    { 0x2014, 5 }, // U+2014
    { 0x2015, 5 }, // U+2015
    { 0x2018, 148 }, // U+2018
    { 0x2019, 149 }, // U+2019
    { 0x201A, 4 }, // U+201A
    { 0x201B, 148 }, // U+201B
    { 0x201C, 148 }, // U+201C
    { 0x201D, 149 }, // U+201D
    { 0x201E, 4 }, // U+201E
    { 0x201F, 148 }, // U+201F
    { 0x2025, 4 }, // U+2025
    { 0x2026, 4 }, // U+2026
    { 0x2039, 56 }, // U+2039
    { 0x203A, 57 }, // U+203A
    { 0xFB00, 39 }, // U+FB00
    { 0xFB01, 42 }, // U+FB01
    { 0xFB02, 45 }, // U+FB02
    { 0xFB03, 42 }, // U+FB03
    { 0xFB04, 45 }, // U+FB04
    { 0xFB05, 49 }, // U+FB05
    { 0xFB06, 49 }, // U+FB06
};

static const EpdKernClassEntry bookerly_14_regularKernRightClasses[] = {
    { 0x0021, 1 }, // !
    { 0x0022, 2 }, // "
    { 0x0027, 2 }, // '
    { 0x0029, 3 }, // )
    { 0x002A, 4 }, // *
    { 0x002C, 5 }, // ,
    { 0x002D, 6 }, // -
    { 0x002E, 7 }, // .
    { 0x002F, 8 }, // /
    { 0x003A, 9 }, // :
    { 0x003B, 10 }, // ;
    { 0x003F, 11 }, // ?
    { 0x0041, 12 }, // A
    { 0x0042, 13 }, // B
    { 0x0043, 14 }, // C
    { 0x0044, 13 }, // D
    { 0x0045, 13 }, // E
    { 0x0046, 13 }, // F
    { 0x0047, 14 }, // G
    { 0x0048, 13 }, // H
    { 0x0049, 13 }, // I
    { 0x004A, 15 }, // J
    { 0x004B, 13 }, // K
    { 0x004C, 13 }, // L
    { 0x004D, 16 }, // M
    { 0x004E, 13 }, // N
    { 0x004F, 14 }, // O
    { 0x0050, 13 }, // P
    { 0x0051, 14 }, // Q
    { 0x0052, 13 }, // R
    { 0x0053, 17 }, // S
    { 0x0054, 18 }, // T
    { 0x0055, 19 }, // U
    { 0x0056, 20 }, // V
    { 0x0057, 20 }, // W
    { 0x0058, 21 }, // X
    { 0x0059, 22 }, // Y
    { 0x005A, 23 }, // Z
    { 0x005C, 24 }, // <backslash>
    { 0x005D, 25 }, // ]
    { 0x0061, 26 }, // a
    { 0x0062, 27 }, // b
    { 0x0063, 28 }, // c
    { 0x0064, 28 }, // d
    { 0x0065, 28 }, // e
    { 0x0066, 29 }, // f
    { 0x0067, 30 }, // g
    { 0x0068, 31 }, // h
    { 0x0069, 32 }, // i
    { 0x006A, 33 }, // j
    { 0x006B, 31 }, // k
    { 0x006C, 31 }, // l
    { 0x006D, 34 }, // m
    { 0x006E, 34 }, // n
    { 0x006F, 28 }, // o
    { 0x0070, 35 }, // p
    { 0x0071, 28 }, // q
    { 0x0072, 34 }, // r
    { 0x0073, 36 }, // s
    { 0x0074, 37 }, // t
    { 0x0075, 38 }, // u
    { 0x0076, 39 }, // v
    { 0x0077, 39 }, // w
    { 0x0078, 40 }, // x
    { 0x0079, 41 }, // y
    { 0x007A, 42 }, // z
    { 0x007D, 43 }, // }
    { 0x00AB, 44 }, // U+00AB
    { 0x00AD, 6 }, // U+00AD
    { 0x00BB, 45 }, // U+00BB
    { 0x00BF, 46 }, // U+00BF
    { 0x00C0, 12 }, // U+00C0
    { 0x00C1, 12 }, // U+00C1
    { 0x00C2, 12 }, // U+00C2
    { 0x00C3, 12 }, // U+00C3
    { 0x00C4, 12 }, // U+00C4
    { 0x00C5, 12 }, // U+00C5
    { 0x00C6, 47 }, // U+00C6
    { 0x00C7, 14 }, // U+00C7
    { 0x00C8, 13 }, // U+00C8
    { 0x00C9, 13 }, // U+00C9
    { 0x00CA, 13 }, // U+00CA
    { 0x00CB, 13 }, // U+00CB
    { 0x00CC, 13 }, // U+00CC
    { 0x00CD, 13 }, // U+00CD
    { 0x00CE, 13 }, // U+00CE
    { 0x00CF, 13 }, // U+00CF
    { 0x00D0, 13 }, // U+00D0
    { 0x00D1, 13 }, // U+00D1
    { 0x00D2, 14 }, // U+00D2
    { 0x00D3, 14 }, // U+00D3
    { 0x00D4, 14 }, // U+00D4
    { 0x00D5, 14 }, // U+00D5
    { 0x00D6, 14 }, // U+00D6
    { 0x00D8, 48 }, // U+00D8
    { 0x00D9, 19 }, // U+00D9
    { 0x00DA, 19 }, // U+00DA
    { 0x00DB, 19 }, // U+00DB
    { 0x00DC, 19 }, // U+00DC
    { 0x00DD, 22 }, // U+00DD
    { 0x00DE, 13 }, // U+00DE
    { 0x00DF, 49 }, // U+00DF
    { 0x00E0, 26 }, // U+00E0
    { 0x00E1, 26 }, // U+00E1
    { 0x00E2, 26 }, // U+00E2
    { 0x00E3, 50 }, // U+00E3
    { 0x00E4, 51 }, // U+00E4
    { 0x00E5, 26 }, // U+00E5
    { 0x00E6, 26 }, // U+00E6
    { 0x00E7, 28 }, // U+00E7
    { 0x00E8, 28 }, // U+00E8
    { 0x00E9, 28 }, // U+00E9
    { 0x00EA, 28 }, // U+00EA
    { 0x00EB, 52 }, // U+00EB
    { 0x00EC, 53 }, // U+00EC
    { 0x00ED, 32 }, // U+00ED
    { 0x00EE, 54 }, // U+00EE
    { 0x00EF, 55 }, // U+00EF
    { 0x00F0, 28 }, // U+00F0
    { 0x00F1, 34 }, // U+00F1
    { 0x00F2, 28 }, // U+00F2
    { 0x00F3, 28 }, // U+00F3
    { 0x00F4, 28 }, // U+00F4
    { 0x00F5, 28 }, // U+00F5
    { 0x00F6, 28 }, // U+00F6
    { 0x00F8, 56 }, // U+00F8
    { 0x00F9, 38 }, // U+00F9
    { 0x00FA, 38 }, // U+00FA
    { 0x00FB, 38 }, // U+00FB
    { 0x00FC, 38 }, // U+00FC
    { 0x00FD, 41 }, // U+00FD
    { 0x00FE, 57 }, // U+00FE
    { 0x00FF, 41 }, // U+00FF
    { 0x0100, 12 }, // U+0100
    { 0x0101, 58 }, // U+0101
    { 0x0102, 12 }, // U+0102
    { 0x0103, 59 }, // U+0103
    { 0x0104, 12 }, // U+0104
    { 0x0105, 26 }, // U+0105
    { 0x0106, 14 }, // U+0106
    { 0x0107, 28 }, // U+0107
    { 0x0108, 14 }, // U+0108
    { 0x0109, 28 }, // U+0109
    { 0x010A, 14 }, // U+010A
    { 0x010B, 28 }, // U+010B
    { 0x010C, 14 }, // U+010C
    { 0x010D, 28 }, // U+010D
    { 0x010E, 13 }, // U+010E
    { 0x010F, 28 }, // U+010F
    { 0x0110, 13 }, // U+0110
    { 0x0111, 28 }, // U+0111
    { 0x0112, 13 }, // U+0112
    { 0x0113, 60 }, // U+0113
    { 0x0114, 13 }, // U+0114
    { 0x0115, 60 }, // U+0115
    { 0x0116, 13 }, // U+0116
    { 0x0117, 28 }, // U+0117
    { 0x0118, 13 }, // U+0118
    { 0x0119, 28 }, // U+0119
    { 0x011A, 13 }, // U+011A
    { 0x011B, 28 }, // U+011B
    { 0x011C, 14 }, // U+011C
    { 0x011D, 30 }, // U+011D
    { 0x011E, 14 }, // U+011E
    { 0x011F, 30 }, // U+011F
    { 0x0120, 14 }, // U+0120
    { 0x0121, 30 }, // U+0121
    { 0x0122, 14 }, // U+0122
    { 0x0123, 30 }, // U+0123
    { 0x0124, 13 }, // U+0124
    { 0x0125, 31 }, // U+0125
    { 0x0126, 13 }, // U+0126
    { 0x0127, 61 }, // U+0127
    { 0x0128, 13 }, // U+0128
    { 0x0129, 55 }, // U+0129
    { 0x012A, 13 }, // U+012A
    { 0x012B, 55 }, // U+012B
    { 0x012C, 13 }, // U+012C
    { 0x012D, 55 }, // U+012D
    { 0x012E, 13 }, // U+012E
    { 0x012F, 32 }, // U+012F
    { 0x0130, 13 }, // U+0130
    { 0x0131, 32 }, // U+0131
    { 0x0132, 13 }, // U+0132
    { 0x0133, 32 }, // U+0133
    { 0x0134, 15 }, // U+0134
    { 0x0135, 62 }, // U+0135
    { 0x0136, 13 }, // U+0136
    { 0x0137, 31 }, // U+0137
    { 0x0138, 34 }, // U+0138
    { 0x0139, 13 }, // U+0139
    { 0x013A, 31 }, // U+013A
    { 0x013B, 13 }, // U+013B
    { 0x013C, 31 }, // U+013C
    { 0x013D, 13 }, // U+013D
    { 0x013E, 31 }, // U+013E
    { 0x013F, 13 }, // U+013F
    { 0x0140, 31 }, // U+0140
    { 0x0141, 13 }, // U+0141
    { 0x0142, 63 }, // U+0142
    { 0x0143, 13 }, // U+0143
    { 0x0144, 34 }, // U+0144
    { 0x0145, 13 }, // U+0145
    { 0x0146, 34 }, // U+0146
    { 0x0147, 13 }, // U+0147
    { 0x0148, 34 }, // U+0148
    { 0x0149, 34 }, // U+0149
    { 0x014A, 13 }, // U+014A
    { 0x014B, 34 }, // U+014B
    { 0x014C, 14 }, // U+014C
    { 0x014D, 28 }, // U+014D
    { 0x014E, 14 }, // U+014E
    { 0x014F, 28 }, // U+014F
    { 0x0150, 14 }, // U+0150
    { 0x0151, 28 }, // U+0151
    { 0x0152, 14 }, // U+0152
    { 0x0153, 28 }, // U+0153
    { 0x0154, 13 }, // U+0154
    { 0x0155, 34 }, // U+0155
    { 0x0156, 13 }, // U+0156
    { 0x0157, 34 }, // U+0157
    { 0x0158, 13 }, // U+0158
    { 0x0159, 64 }, // U+0159
    { 0x015A, 17 }, // U+015A
    { 0x015B, 36 }, // U+015B
    { 0x015C, 17 }, // U+015C
    { 0x015D, 36 }, // U+015D
    { 0x015E, 17 }, // U+015E
    { 0x015F, 36 }, // U+015F
    { 0x0160, 17 }, // U+0160
    { 0x0161, 65 }, // U+0161
    { 0x0162, 18 }, // U+0162
    { 0x0163, 37 }, // U+0163
    { 0x0164, 18 }, // U+0164
    { 0x0165, 37 }, // U+0165
    { 0x0166, 18 }, // U+0166
    { 0x0167, 37 }, // U+0167
    { 0x0168, 19 }, // U+0168
    { 0x0169, 38 }, // U+0169
    { 0x016A, 19 }, // U+016A
    { 0x016B, 38 }, // U+016B
    { 0x016C, 19 }, // U+016C
    { 0x016D, 38 }, // U+016D
    { 0x016E, 19 }, // U+016E
    { 0x016F, 38 }, // U+016F
    { 0x0170, 19 }, // U+0170
    { 0x0171, 38 }, // U+0171
    { 0x0172, 19 }, // U+0172
    { 0x0173, 38 }, // U+0173
    { 0x0174, 20 }, // U+0174
    { 0x0175, 39 }, // U+0175
    { 0x0176, 22 }, // U+0176
    { 0x0177, 41 }, // U+0177
    { 0x0178, 22 }, // U+0178
    { 0x0179, 23 }, // U+0179
    { 0x017A, 42 }, // U+017A
    { 0x017B, 23 }, // U+017B
    { 0x017C, 42 }, // U+017C
    { 0x017D, 23 }, // U+017D
    { 0x017E, 66 }, // U+017E
    { 0x017F, 49 }, // U+017F
    { 0x01A0, 14 }, // U+01A0
    { 0x01A1, 28 }, // U+01A1
    { 0x01AF, 19 }, // U+01AF
    { 0x01B0, 38 }, // U+01B0
    { 0x01C4, 13 }, // U+01C4
    { 0x01C5, 13 }, // U+01C5
    { 0x01C6, 28 }, // U+01C6
    { 0x01C7, 13 }, // U+01C7
    { 0x01C8, 13 }, // U+01C8
    { 0x01C9, 31 }, // U+01C9
    { 0x01CA, 13 }, // U+01CA
    { 0x01CB, 13 }, // U+01CB
    { 0x01CC, 34 }, // U+01CC
    { 0x01CD, 12 }, // U+01CD
    { 0x01CE, 26 }, // U+01CE
    { 0x01CF, 13 }, // U+01CF
    { 0x01D0, 55 }, // U+01D0
    { 0x01D1, 14 }, // U+01D1
    { 0x01D2, 28 }, // U+01D2
    { 0x01D3, 19 }, // U+01D3
    { 0x01D4, 38 }, // U+01D4
    { 0x01D5, 19 }, // U+01D5
    { 0x01D6, 38 }, // U+01D6
    { 0x01D7, 19 }, // U+01D7
    { 0x01D8, 38 }, // U+01D8
    { 0x01D9, 19 }, // U+01D9
    { 0x01DA, 38 }, // U+01DA
    { 0x01DB, 19 }, // U+01DB
    { 0x01DC, 38 }, // U+01DC
    { 0x01DD, 67 }, // U+01DD
    { 0x01DE, 12 }, // U+01DE
    { 0x01DF, 26 }, // U+01DF
    { 0x01E0, 12 }, // U+01E0
    { 0x01E1, 26 }, // U+01E1
    { 0x01E2, 47 }, // U+01E2
    { 0x01E3, 26 }, // U+01E3
    { 0x01E4, 14 }, // U+01E4
    { 0x01E5, 68 }, // U+01E5
    { 0x01E6, 14 }, // U+01E6
    { 0x01E7, 30 }, // U+01E7
    { 0x01E8, 13 }, // U+01E8
    { 0x01E9, 31 }, // U+01E9
    { 0x01EA, 14 }, // U+01EA
    { 0x01EB, 28 }, // U+01EB
    { 0x01EC, 14 }, // U+01EC
    { 0x01ED, 28 }, // U+01ED
    { 0x01EE, 69 }, // U+01EE
    { 0x01EF, 70 }, // U+01EF
    { 0x01F1, 13 }, // U+01F1
    { 0x01F2, 13 }, // U+01F2
    { 0x01F3, 28 }, // U+01F3
    { 0x01F4, 14 }, // U+01F4
    { 0x01F5, 30 }, // U+01F5
    { 0x01F8, 13 }, // U+01F8
    { 0x01F9, 34 }, // U+01F9
    { 0x01FA, 12 }, // U+01FA
    { 0x01FB, 26 }, // U+01FB
    { 0x01FC, 47 }, // U+01FC
    { 0x01FD, 26 }, // U+01FD
    { 0x01FE, 71 }, // U+01FE
    { 0x01FF, 28 }, // U+01FF
    { 0x0200, 12 }, // U+0200
    { 0x0201, 26 }, // U+0201
    { 0x0202, 12 }, // U+0202
    { 0x0203, 26 }, // U+0203
    { 0x0204, 13 }, // U+0204
    { 0x0205, 28 }, // U+0205
    { 0x0206, 13 }, // U+0206
    { 0x0207, 28 }, // U+0207
    { 0x0208, 13 }, // U+0208
    { 0x0209, 55 }, // U+0209
    { 0x020A, 13 }, // U+020A
    { 0x020B, 55 }, // U+020B
    { 0x020C, 14 }, // U+020C
    { 0x020D, 28 }, // U+020D
    { 0x020E, 14 }, // U+020E
    { 0x020F, 28 }, // U+020F
    { 0x0210, 13 }, // U+0210
    { 0x0211, 34 }, // U+0211
    { 0x0212, 13 }, // U+0212
    { 0x0213, 34 }, // U+0213
    { 0x0214, 19 }, // U+0214
    { 0x0215, 38 }, // U+0215
    { 0x0216, 19 }, // U+0216
    { 0x0217, 38 }, // U+0217
    { 0x0218, 17 }, // U+0218
    { 0x0219, 36 }, // U+0219
    { 0x021A, 18 }, // U+021A
    { 0x021B, 37 }, // U+021B
    { 0x021C, 72 }, // U+021C
    { 0x021D, 73 }, // U+021D
    { 0x021E, 13 }, // U+021E
    { 0x021F, 31 }, // U+021F
    { 0x0400, 74 }, // U+0400
    { 0x0401, 74 }, // U+0401
    { 0x0402, 75 }, // U+0402
    { 0x0403, 74 }, // U+0403
    { 0x0404, 76 }, // U+0404
    { 0x0405, 77 }, // U+0405
    { 0x0406, 74 }, // U+0406
    { 0x0407, 74 }, // U+0407
    { 0x0408, 78 }, // U+0408
    { 0x0409, 79 }, // U+0409
    { 0x040A, 74 }, // U+040A
    { 0x040B, 75 }, // U+040B
    { 0x040C, 74 }, // U+040C
    { 0x040D, 74 }, // U+040D
    { 0x040E, 80 }, // U+040E
    { 0x040F, 74 }, // U+040F
    { 0x0410, 81 }, // U+0410
    { 0x0411, 74 }, // U+0411
    { 0x0412, 74 }, // U+0412
    { 0x0413, 74 }, // U+0413
    { 0x0414, 82 }, // U+0414
    { 0x0415, 74 }, // U+0415
    { 0x0416, 83 }, // U+0416
    { 0x0417, 84 }, // U+0417
    { 0x0418, 74 }, // U+0418
    { 0x0419, 74 }, // U+0419
    { 0x041A, 74 }, // U+041A
    { 0x041B, 79 }, // U+041B
    { 0x041C, 85 }, // U+041C
    { 0x041D, 74 }, // U+041D
    { 0x041E, 76 }, // U+041E
    { 0x041F, 74 }, // U+041F
    { 0x0420, 74 }, // U+0420
    { 0x0421, 76 }, // U+0421
    { 0x0422, 75 }, // U+0422
    { 0x0423, 80 }, // U+0423
    { 0x0424, 86 }, // U+0424
    { 0x0425, 87 }, // U+0425
    { 0x0426, 74 }, // U+0426
    { 0x0427, 88 }, // U+0427
    { 0x0428, 74 }, // U+0428
    { 0x0429, 74 }, // U+0429
    { 0x042A, 75 }, // U+042A
    { 0x042B, 74 }, // U+042B
    { 0x042C, 74 }, // U+042C
    { 0x042D, 89 }, // U+042D
    { 0x042E, 74 }, // U+042E
    { 0x042F, 90 }, // U+042F
    { 0x0430, 91 }, // U+0430
    { 0x0431, 92 }, // U+0431
    { 0x0432, 93 }, // U+0432
    { 0x0433, 93 }, // U+0433
    { 0x0434, 94 }, // U+0434
    { 0x0435, 95 }, // U+0435
    { 0x0436, 96 }, // U+0436
    { 0x0437, 97 }, // U+0437
    { 0x0438, 93 }, // U+0438
    { 0x0439, 93 }, // U+0439
    { 0x043A, 93 }, // U+043A
    { 0x043B, 98 }, // U+043B
    { 0x043C, 93 }, // U+043C
    { 0x043D, 93 }, // U+043D
    { 0x043E, 95 }, // U+043E
    { 0x043F, 93 }, // U+043F
    { 0x0440, 99 }, // U+0440
    { 0x0441, 95 }, // U+0441
    { 0x0442, 100 }, // U+0442
    { 0x0443, 101 }, // U+0443
    { 0x0444, 95 }, // U+0444
    { 0x0445, 102 }, // U+0445
    { 0x0446, 93 }, // U+0446
    { 0x0447, 103 }, // U+0447
    { 0x0448, 93 }, // U+0448
    { 0x0449, 93 }, // U+0449
    { 0x044A, 100 }, // U+044A
    { 0x044B, 93 }, // U+044B
    { 0x044C, 93 }, // U+044C
    { 0x044D, 97 }, // U+044D
    { 0x044E, 93 }, // U+044E
    { 0x044F, 104 }, // U+044F
    { 0x0450, 95 }, // U+0450
    { 0x0451, 95 }, // U+0451
    { 0x0452, 105 }, // U+0452
    { 0x0453, 93 }, // U+0453
    { 0x0454, 95 }, // U+0454
    { 0x0455, 106 }, // U+0455
    { 0x0456, 107 }, // U+0456
    { 0x0457, 108 }, // U+0457
    { 0x0458, 109 }, // U+0458
    { 0x0459, 98 }, // U+0459
    { 0x045A, 93 }, // U+045A
    { 0x045B, 105 }, // U+045B
    { 0x045C, 93 }, // U+045C
    { 0x045D, 93 }, // U+045D
    { 0x045E, 110 }, // U+045E
    { 0x045F, 93 }, // U+045F
    { 0x0462, 75 }, // U+0462
    { 0x0463, 100 }, // U+0463
    { 0x0472, 76 }, // U+0472
    { 0x0473, 95 }, // U+0473
    { 0x0474, 111 }, // U+0474
    { 0x0475, 101 }, // U+0475
    { 0x048A, 74 }, // U+048A
    { 0x048B, 93 }, // U+048B
    { 0x048C, 112 }, // U+048C
    { 0x048D, 113 }, // U+048D
    { 0x048E, 74 }, // U+048E
    { 0x048F, 99 }, // U+048F
    { 0x0490, 74 }, // U+0490
    { 0x0491, 93 }, // U+0491
    { 0x0492, 74 }, // U+0492
    { 0x0493, 93 }, // U+0493
    { 0x0494, 74 }, // U+0494
    { 0x0495, 93 }, // U+0495
    { 0x0496, 83 }, // U+0496
    { 0x0497, 96 }, // U+0497
    { 0x0498, 84 }, // U+0498
    { 0x0499, 97 }, // U+0499
    { 0x049A, 74 }, // U+049A
    { 0x049B, 93 }, // U+049B
    { 0x049C, 74 }, // U+049C
    { 0x049D, 93 }, // U+049D
    { 0x04A0, 75 }, // U+04A0
    { 0x04A1, 100 }, // U+04A1
    { 0x04A2, 74 }, // U+04A2
    { 0x04A3, 93 }, // U+04A3
    { 0x04A4, 74 }, // U+04A4
    { 0x04A5, 93 }, // U+04A5
    { 0x04A6, 74 }, // U+04A6
    { 0x04A7, 93 }, // U+04A7
    { 0x04A8, 76 }, // U+04A8
    { 0x04A9, 95 }, // U+04A9
    { 0x04AA, 76 }, // U+04AA
    { 0x04AB, 95 }, // U+04AB
    { 0x04AC, 75 }, // U+04AC
    { 0x04AD, 100 }, // U+04AD
    { 0x04AE, 114 }, // U+04AE
    { 0x04AF, 101 }, // U+04AF
    { 0x04B0, 114 }, // U+04B0
    { 0x04B1, 101 }, // U+04B1
    { 0x04B2, 87 }, // U+04B2
    { 0x04B3, 102 }, // U+04B3
    { 0x04B5, 100 }, // U+04B5
    { 0x04B6, 88 }, // U+04B6
    { 0x04B7, 103 }, // U+04B7
    { 0x04B8, 88 }, // U+04B8
    { 0x04B9, 103 }, // U+04B9
    { 0x04BA, 74 }, // U+04BA
    { 0x04BB, 105 }, // U+04BB
    { 0x04BC, 115 }, // U+04BC
    { 0x04BD, 116 }, // U+04BD
    { 0x04BE, 115 }, // U+04BE
    { 0x04BF, 116 }, // U+04BF
    { 0x04C0, 74 }, // U+04C0
    { 0x04C1, 83 }, // U+04C1
    { 0x04C2, 96 }, // U+04C2
    { 0x04C3, 74 }, // U+04C3
    { 0x04C4, 93 }, // U+04C4
    { 0x04C5, 79 }, // U+04C5
    { 0x04C6, 98 }, // U+04C6
    { 0x04C7, 74 }, // U+04C7
    { 0x04C8, 93 }, // U+04C8
    { 0x04C9, 74 }, // U+04C9
    { 0x04CA, 93 }, // U+04CA
    { 0x04CB, 88 }, // U+04CB
    { 0x04CC, 103 }, // U+04CC
    { 0x04CE, 93 }, // U+04CE
    { 0x04CF, 105 }, // U+04CF
    { 0x04D0, 81 }, // U+04D0
    { 0x04D1, 91 }, // U+04D1
    { 0x04D2, 81 }, // U+04D2
    { 0x04D3, 91 }, // U+04D3
    { 0x04D4, 117 }, // U+04D4
    { 0x04D5, 91 }, // U+04D5
    { 0x04D6, 74 }, // U+04D6
    { 0x04D7, 95 }, // U+04D7
    { 0x04D8, 118 }, // U+04D8
    { 0x04D9, 119 }, // U+04D9
    { 0x04DB, 119 }, // U+04DB
    { 0x04DC, 83 }, // U+04DC
    { 0x04DD, 96 }, // U+04DD
    { 0x04DE, 84 }, // U+04DE
    { 0x04DF, 97 }, // U+04DF
    { 0x04E0, 120 }, // U+04E0
    { 0x04E1, 121 }, // U+04E1
    { 0x04E2, 74 }, // U+04E2
    { 0x04E3, 93 }, // U+04E3
    { 0x04E4, 74 }, // U+04E4
    { 0x04E5, 93 }, // U+04E5
    { 0x04E6, 76 }, // U+04E6
    { 0x04E7, 95 }, // U+04E7
    { 0x04E8, 76 }, // U+04E8
    { 0x04E9, 95 }, // U+04E9
    { 0x04EA, 76 }, // U+04EA
    { 0x04EB, 95 }, // U+04EB
    { 0x04ED, 97 }, // U+04ED
    { 0x04EE, 80 }, // U+04EE
    { 0x04EF, 110 }, // U+04EF
    { 0x04F0, 80 }, // U+04F0
    { 0x04F1, 110 }, // U+04F1
    { 0x04F2, 80 }, // U+04F2
    { 0x04F3, 110 }, // U+04F3
    { 0x04F5, 103 }, // U+04F5
    { 0x04F6, 74 }, // U+04F6
    { 0x04F7, 93 }, // U+04F7
    { 0x04F8, 74 }, // U+04F8
    { 0x04F9, 93 }, // U+04F9
    { 0x04FA, 74 }, // U+04FA
    { 0x04FB, 93 }, // U+04FB
    { 0x04FC, 87 }, // U+04FC
    { 0x04FD, 102 }, // U+04FD
    { 0x04FE, 87 }, // U+04FE
    { 0x04FF, 102 }, // U+04FF
    { 0x1EA0, 12 }, // U+1EA0
    { 0x1EA1, 26 }, // U+1EA1
    { 0x1EA2, 12 }, // U+1EA2
    { 0x1EA3, 26 }, // U+1EA3
    { 0x1EA4, 12 }, // U+1EA4
    { 0x1EA5, 26 }, // U+1EA5
    { 0x1EA6, 12 }, // U+1EA6
    { 0x1EA7, 26 }, // U+1EA7
    { 0x1EA8, 12 }, // U+1EA8
    { 0x1EA9, 26 }, // U+1EA9
    { 0x1EAA, 12 }, // U+1EAA
    { 0x1EAB, 26 }, // U+1EAB
    { 0x1EAC, 12 }, // U+1EAC
    { 0x1EAD, 26 }, // U+1EAD
    { 0x1EAE, 12 }, // U+1EAE
    { 0x1EAF, 26 }, // U+1EAF
    { 0x1EB0, 12 }, // U+1EB0
    { 0x1EB1, 26 }, // U+1EB1
    { 0x1EB2, 12 }, // U+1EB2
    { 0x1EB3, 26 }, // U+1EB3
    { 0x1EB4, 12 }, // U+1EB4
    { 0x1EB5, 26 }, // U+1EB5
    { 0x1EB6, 12 }, // U+1EB6
    { 0x1EB7, 26 }, // U+1EB7
    { 0x1EB8, 13 }, // U+1EB8
    { 0x1EB9, 28 }, // U+1EB9
    { 0x1EBA, 13 }, // U+1EBA
    { 0x1EBB, 28 }, // U+1EBB
    { 0x1EBC, 13 }, // U+1EBC
    { 0x1EBD, 28 }, // U+1EBD
    { 0x1EBE, 13 }, // U+1EBE
    { 0x1EBF, 28 }, // U+1EBF
    { 0x1EC0, 13 }, // U+1EC0
    { 0x1EC1, 28 }, // U+1EC1
    { 0x1EC2, 13 }, // U+1EC2
    { 0x1EC3, 28 }, // U+1EC3
    { 0x1EC4, 13 }, // U+1EC4
    { 0x1EC5, 28 }, // U+1EC5
    { 0x1EC6, 13 }, // U+1EC6
    { 0x1EC7, 28 }, // U+1EC7
    { 0x1EC8, 13 }, // U+1EC8
    { 0x1EC9, 55 }, // U+1EC9
    { 0x1ECA, 13 }, // U+1ECA
    { 0x1ECB, 32 }, // U+1ECB
    { 0x1ECC, 14 }, // U+1ECC
    { 0x1ECD, 28 }, // U+1ECD
    { 0x1ECE, 14 }, // U+1ECE
    { 0x1ECF, 28 }, // U+1ECF
    { 0x1ED0, 14 }, // U+1ED0
    { 0x1ED1, 28 }, // U+1ED1
    { 0x1ED2, 14 }, // U+1ED2
    { 0x1ED3, 28 }, // U+1ED3
    { 0x1ED4, 14 }, // U+1ED4
    { 0x1ED5, 28 }, // U+1ED5
    { 0x1ED6, 14 }, // U+1ED6
    { 0x1ED7, 28 }, // U+1ED7
    { 0x1ED8, 14 }, // U+1ED8
    { 0x1ED9, 28 }, // U+1ED9
    { 0x1EDA, 14 }, // U+1EDA
    { 0x1EDB, 28 }, // U+1EDB
    { 0x1EDC, 14 }, // U+1EDC
    { 0x1EDD, 28 }, // U+1EDD
    { 0x1EDE, 14 }, // U+1EDE
    { 0x1EDF, 28 }, // U+1EDF
    { 0x1EE0, 14 }, // U+1EE0
    { 0x1EE1, 28 }, // U+1EE1
    { 0x1EE2, 14 }, // U+1EE2
    { 0x1EE3, 28 }, // U+1EE3
    { 0x1EE4, 19 }, // U+1EE4
    { 0x1EE5, 38 }, // U+1EE5
    { 0x1EE6, 19 }, // U+1EE6
    { 0x1EE7, 38 }, // U+1EE7
    { 0x1EE8, 19 }, // U+1EE8
    { 0x1EE9, 38 }, // U+1EE9
    { 0x1EEA, 19 }, // U+1EEA
    { 0x1EEB, 38 }, // U+1EEB
    { 0x1EEC, 19 }, // U+1EEC
    { 0x1EED, 38 }, // U+1EED
    { 0x1EEE, 19 }, // U+1EEE
    { 0x1EEF, 38 }, // U+1EEF
    { 0x1EF0, 19 }, // U+1EF0
    { 0x1EF1, 38 }, // U+1EF1
    { 0x1EF2, 22 }, // U+1EF2
    { 0x1EF3, 41 }, // U+1EF3
    { 0x1EF4, 22 }, // U+1EF4
    { 0x1EF5, 39 }, // U+1EF5
    { 0x1EF6, 22 }, // U+1EF6
    { 0x1EF7, 41 }, // U+1EF7
    { 0x1EF8, 22 }, // U+1EF8
    { 0x1EF9, 41 }, // U+1EF9
    { 0x2010, 6 }, // U+2010
    { 0x2011, 6 }, // U+2011
    { 0x2013, 6 }, // U+2013
    { 0x2014, 6 }, // U+2014
    { 0x2015, 6 }, // U+2015
    { 0x2018, 122 }, // U+2018
    { 0x2019, 123 }, // U+2019
    { 0x201A, 7 }, // U+201A
    { 0x201B, 122 }, // U+201B
    { 0x201C, 122 }, // U+201C
    { 0x201D, 123 }, // U+201D
    { 0x201E, 7 }, // U+201E
    { 0x201F, 122 }, // U+201F
    { 0x2025, 7 }, // U+2025
    { 0x2026, 7 }, // U+2026
    { 0x2039, 44 }, // U+2039
    { 0x203A, 45 }, // U+203A
    { 0x203C, 1 }, // U+203C
    { 0x2047, 11 }, // U+2047
    { 0x2048, 11 }, // U+2048
    { 0x2049, 1 }, // U+2049
    { 0xFB00, 29 }, // U+FB00
    { 0xFB01, 29 }, // U+FB01
    { 0xFB02, 29 }, // U+FB02
    { 0xFB03, 29 }, // U+FB03
    { 0xFB04, 29 }, // U+FB04
    { 0xFB05, 29 }, // U+FB05
    { 0xFB06, 36 }, // U+FB06
};

static const int8_t bookerly_14_regularKernMatrix[] = {
       0,    0,    0,    0,    0,    0,    0,    0,    0,    0,    0,  -23,    0,    0,    0,    0,    0,    0,    0,    0,    0,    0,    0,    0,    0,    0,    0,    0,    0,  -19,    0,    0,    0,    0,    0,    0,   19,    0,    0,    0,    0,    0,    0,    0,    0,    0,    0,    0,    0,    0,    0,    0,    0,    0,    0,    0,    0,    0,    0,    0,    0,    0,    0,    0,    0,    0,    0,  -19,    0,    0,    0,    0,    0,    0,    0,    0,    0,    0,    0,    0,  -23,    0,    0,    0,    0,    0,    0,    0,    0,    0,    0,    0,    0,    0,    0,    0,    0,    0,    0,    0,    0,    0,    0,    0,    0,    0,    0,    0,    0,    0,    0,    0,    0,    0,    0,    0,    0,    0,    0,    0,    0,    0,    0,
       0,    0,    0,    0,    0,    0,    0,    0,    0,    0,    0,    0,    0,  -14,   23,    0,    0,    0,    0,    0,    0,    0,    0,    0,    0,   -9,    0,   -9,    0,    0,    0,    0,   24,    0,    0,    0,    0,    0,    9,    0,    9,    0,    0,    0,    0,    0,    0,  -14,    0,   -9,   -9,   -9,    0,    9,    9,   -9,    0,   -9,   -9,   -9,    0,   24,    0,    0,    0,    0,    0,    0,    0,    0,  -14,    0,    0,    0,    0,  -14,    0,   23,    0,    0,    0,    0,    0,    0,    0,    0,    0,    0,    0,    0,   -9,    0,    0,    0,   -9,    0,    0,    0,    0,    0,    9,    0,    0,    0,    0,    0,    0,    9,   24,    9,    0,    0,    0,    0,    0,    0,    0,    0,    0,    0,    0,    0,    0,
       0,    0,    0,    0,    0,    0,    0,    0,    0,    0,    0,  -38,    0,    0,    0,    0,    0,    0,    0,   19,   19,    0,    0,    0,    0,    0,    0,   -9,    0,  -14,    0,    0,    0,    0,    0,    0,    0,    0,    0,    0,    0,    0,    0,    0,    0,    0,  -63,    0,    0,    0,    0,   -9,    0,    0,    0,   -9,    0,    0,    0,   -9,    0,    0,    0,    0,    0,    0,    0,  -14,    0,    0,    0,    0,    0,    0,    0,    0,    0,    0,  -37,    0,  -38,    0,    0,    0,    0,    0,   19,    0,    0,    0,    0,    0,    0,    0,   -9,    0,    0,    0,    0,    0,    0,    0,    0,    0,    0,    0,    0,    0,    0,    0,   19,    0,    0,    0,    0,    0,  -63,    0,    0,    0,    0,    0,    0,
       0,    0,    0,    0,    0,    0,    0,    0,    0,    0,    0,   14,    0,  -19,   14,    0,    0,  -33,  -19,  -42,    0,  -37,    0,    0,    0,    0,   -7,   -7,    0,    0,    0,    0,    0,   -5,   -7,    0,  -14,  -18,  -28,    0,  -28,    0,    0,    0,    0,    0,    0,  -19,    0,    0,    0,   -7,    0,    0,    0,   -7,    0,    0,    0,   -7,    0,   -9,    0,   -5,    0,    0,    0,    0,    0,    0,  -19,    0,    0,    0,  -33,  -19,    0,   14,    0,  -33,   14,    9,    0,    0,    0,  -14,    0,  -47,    0,    0,    0,    0,    0,    0,   -7,    0,    0,    0,   -7,  -23,  -19,    9,  -28,    0,    0,    0,    0,    0,    0,  -19,  -42,    0,    0,  -37,  -33,  -19,    0,    0,    0,    0,    0,  -37,  -19,
       0,    0,    0,    0,    0,    0,    0,    0,    0,    0,    0,  -14,    0,    0,   -9,    0,    0,  -19,    0,  -23,    0,  -23,    0,    0,    0,    0,    0,    0,    0,    0,    0,    0,    0,    0,    0,    0,    0,    0,   -7,    0,   -7,    0,    0,    0,    0,    0,  -14,    0,    0,    0,    0,    0,    0,    0,    0,    0,    0,    0,    0,    0,    0,    0,    0,    0,    0,    0,    0,    0,    0,    0,    0,  -14,    0,    0,  -19,    0,    0,   -9,    0,    0,  -14,   -9,    0,    0,    0,    9,    0,   -9,    0,    0,    0,    0,    0,    0,    0,    0,    0,    0,    0,    0,   -7,    0,    0,    0,    0,    0,    0,    0,    0,   -7,  -23,    0,    0,  -23,    0,    0,  -14,    0,    0,    0,    0,    0,    0,
       0,    0,    0,    0,    0,    0,    0,    0,    0,    0,    0,  -47,    0,  -19,    0,    0,  -14,    0,    0,    0,    0,    0,   -9,    0,    0,  -47,    0,  -42,  -19,  -37,    0,    0,    0,  -23,  -23,  -42,    0,  -14,   -9,  -19,   -9,  -19,    0,    0,    0,    0,  -65,  -19,    0,  -47,  -47,  -42,    0,   19,   19,  -42,    0,  -47,  -47,  -42,    0,    0,    0,  -23,  -42,  -19,    0,  -37,    0,  -14,  -19,    0,  -33,    0,    0,  -19,  -14,    0,  -33,    0,  -47,  -33,    0,    0,    0,  -19,    0,    0,    0,    0,  -47,    0,   -9,  -49,  -42,  -23,  -23,  -30,  -23,  -14,   -9,  -19,    0,  -42,    0,  -42,    0,   19,    0,   -9,    0,    0,    0,    0,    0,   -9,  -65,    0,    0,    0,  -14,    0,    0,
       0,    0,    0,    0,    0,    0,    0,    0,    0,    0,    0,    0,    0,    0,    0,    0,    0,    0,    0,   -7,    0,   -7,    0,    0,    0,    0,    0,    0,    0,    0,    0,    0,    0,    0,    0,    0,    0,    0,    0,    0,    0,    0,    0,    0,    0,    0,    0,    0,    0,    0,    0,    0,    0,    0,    0,    0,    0,    0,    0,    0,    0,    0,    0,    0,    0,    0,    0,    0,    0,    0,    0,    0,    0,    0,    0,    0,    0,    0,    0,    0,    0,    0,    0,    0,    0,    0,    0,    0,    0,    0,    0,    0,    0,    0,    0,    0,    0,    0,    0,    0,    0,    0,    0,    0,    0,    0,    0,    0,    0,    0,   -7,    0,    0,   -7,    0,    0,    0,    0,    0,    0,    0,    0,    0,
       0,    0,    0,    0,    0,    0,    0,    0,    0,    0,    0,    0,    0,    0,    0,    0,    0,    0,    0,    0,    0,   -9,    0,    0,    0,    0,    0,    0,    0,    0,    0,    0,    0,    0,    0,    0,    0,    0,    0,    0,    0,    0,    0,    0,    0,    0,    0,    0,    0,    0,    0,    0,    0,    0,    0,    0,    0,    0,    0,    0,    0,    0,    0,    0,    0,    0,    0,    0,    0,    0,    0,   -9,    0,    0,    0,    0,    0,    0,    0,    0,    0,    0,    0,    0,    0,    0,    0,    0,    0,    0,    0,    0,    0,    0,    0,    0,    0,    0,    0,    0,    0,    0,    0,    0,    0,    0,    0,    0,    0,    0,    0,    0,    0,   -9,    0,    0,    0,    0,    0,    0,    0,    0,    0,
       0,  -23,    0,  -38,    0,  -14,    0,    9,    0,    0,  -26,   12,    0,   -8,    0,    9,    0,  -47,  -28,  -51,    9,  -49,    5,  -47,    0,    0,   -7,    0,    0,    0,    0,    0,    0,    0,    0,    0,   -7,   -9,  -30,    9,  -30,    0,    0,  -14,    0,    0,   14,   -1,    0,    0,    0,    0,    0,    0,    0,    0,    0,    0,    0,    0,    0,    0,    0,    0,    0,    0,    0,    0,    0,    0,   -1,    0,    0,    0,    0,    0,    0,    0,    0,    0,    0,    0,    0,    0,    0,    0,    0,    0,    0,    0,    0,    0,    0,    0,    0,    0,    0,    0,    0,    0,    0,    0,    0,    0,    0,    0,    0,    0,    0,    0,    0,    0,    0,    0,    0,    0,    0,    0,    0,    0,    0,  -42,  -33,
       0,    0,    0,    0,   -7,    0,   -7,    0,    0,    0,    0,   -5,    0,    0,    0,    0,    0,   -7,    0,  -12,   -7,   -9,    0,  -19,    0,    0,    0,   12,    0,    0,    0,    0,    9,    0,    0,    0,    0,    0,    0,    0,    0,    0,    0,    0,    0,    0,  -12,    0,    0,    0,    0,   12,    0,    0,    0,   12,    0,    0,    0,   12,    0,    0,    0,    0,    0,    0,    0,    0,    0,    0,    0,   -9,    0,    0,    0,    0,    0,    0,    0,    0,    0,    0,    0,    0,    0,    0,    0,    0,    0,    0,    0,    0,    0,    0,    0,    0,    0,    0,    0,    0,    0,    0,    0,    0,    0,    0,    0,    0,    0,    0,    0,    0,    0,    0,    0,    0,    0,    0,    0,    0,    0,    0,    0,
       0,    0,    0,    0,    0,   -9,    0,    0,    0,    0,    0,    0,    0,  -11,    0,    0,    0,    0,    0,    0,    0,    0,    0,    0,    0,   -7,    0,   -7,    0,   -7,    0,    0,    0,    0,    0,   -9,    0,   -5,   -6,    0,   -6,    0,    0,    0,    0,    0,    0,  -11,    0,   -7,   -7,   -7,    0,    0,    0,   -7,    0,   -7,   -7,   -7,    0,    0,    0,    0,   -9,    0,    0,   -7,    0,    0,  -11,    0,    0,    0,    0,    0,    0,    0,    0,    0,    0,    0,    0,    0,    0,    0,    0,    0,    0,    0,    0,    0,    0,    0,    0,    0,    0,    0,    0,    0,    0,    0,    0,    0,    0,    0,    0,    0,    0,    0,    0,    0,    0,    0,    0,    0,    0,    0,    0,    0,    0,    0,    0,
       0,    0,  -14,    0,  -19,    0,  -19,  -19,    0,    0,    0,  -14,   -7,    0,   -9,   -5,    0,    0,   -7,   -9,  -14,  -19,   -5,  -14,    0,    0,    0,    0,    0,   -5,    0,    0,    0,    0,    0,    0,   14,    0,    0,    0,    0,    0,    0,    0,    0,    0,  -33,    0,   -9,    0,    0,    0,    0,    0,    0,    0,    0,    0,    0,    0,    0,    0,    0,    0,    0,    0,    0,   -5,   -5,    0,    0,    0,    0,    0,    0,    0,    0,    0,    0,    0,    0,    0,    0,    0,    0,    0,    0,    0,    0,    0,    0,    0,    0,    0,    0,    0,    0,    0,    0,    0,    0,    0,    0,    0,    0,    0,    0,    0,    0,    0,    0,    0,    0,    0,    0,    0,    0,    0,    0,    0,    0,    0,    0,
       0,    0,    0,    0,    0,    0,    0,    0,    0,    0,    0,    0,    0,    0,    0,    0,    0,    0,    0,    0,    0,    0,    0,    0,    0,    0,    0,    0,    0,    0,    0,    0,    0,    0,    0,    0,    0,    0,    0,    0,    0,    0,    0,    0,    0,    0,    0,    0,    0,    0,    0,    0,    0,    0,    0,    0,    0,    0,    0,    0,    0,    0,    0,    0,    0,    0,    0,    0,    0,    0,    0,    0,    0,    0,    0,    0,    0,    0,    0,    0,    0,    0,    0,    0,    0,    0,    0,    0,    0,    0,    0,    0,    0,    0,    0,    0,    0,    0,    0,    0,    0,    0,    0,    0,    0,    0,    0,    0,    0,    0,    0,    0,    0,    0,    0,    0,    0,    0,    0,    0,    0,    0,    5,
       0,    0,    0,   19,  -42,    0,  -42,  -40,    0,    0,    0,  -42,    0,    0,    0,   -9,    0,    0,    0,    0,    0,    0,    0,    0,    0,  -14,    5,   -9,    0,  -19,    5,    0,    0,    0,    0,  -14,    0,    0,    0,    0,    0,   -9,    0,    0,    0,    0,  -54,    0,    0,  -14,  -14,   -9,    0,   19,   19,   -9,    5,  -14,  -14,   -9,    5,   19,    5,    0,  -14,   -9,    0,  -19,    0,    0,    0,    0,    0,    0,    0,    0,    0,    0,    0,    0,    0,    0,    0,    0,    0,    0,    0,    0,    0,    0,    0,    0,    0,    0,    0,    0,    0,    0,    0,    0,    0,    0,    0,    0,    0,    0,    0,    0,    0,    0,    0,    0,    0,    0,    0,    0,    0,    0,    0,    0,    0,    9,    9,
       0,    0,    0,    0,    0,    0,    0,    0,    0,    0,    0,    0,    0,    0,    0,    0,    0,   -9,    0,   -9,    0,   -9,    0,    0,    0,    0,    0,    0,    0,   -5,    0,    0,    0,    0,    0,    0,    0,    0,    0,    0,    0,    0,    0,    0,    0,    0,   -9,    0,    0,    0,    0,    0,    0,    0,    0,    0,    0,    0,    0,    0,    0,    0,    0,    0,    0,    0,    0,   -5,    0,    0,    0,    0,    0,    0,    0,    0,    0,    0,    0,    0,    0,    0,    0,    0,    0,    0,    0,    0,    0,    0,    0,    0,    0,    0,    0,    0,    0,    0,    0,    0,    0,    0,    0,    0,    0,    0,    0,    0,    0,    0,    0,    0,    0,    0,    0,    0,    0,    0,    0,    0,    0,    0,    0,
       0,    0,    0,    0,    0,    0,    0,    0,    0,    0,    0,    0,    0,   -7,    0,    0,    0,    0,    0,    0,    0,    0,    0,    0,    0,    0,    0,   -7,    0,    0,    0,    0,    0,    0,    0,    0,    0,   -6,  -14,    0,  -14,    0,    0,   -9,    0,    0,    0,   -7,    0,    0,    0,   -7,    0,    9,    9,   -7,    0,    0,    0,   -7,    0,    9,    0,    0,    0,    0,    0,    0,    0,    0,   -7,    0,    0,    0,    0,    0,    0,    0,    0,    0,    0,    0,    0,    0,    0,    0,    0,    0,    0,    0,    0,    0,    0,    0,    0,    0,    0,    0,    0,    0,    0,    0,    0,    0,    0,    0,    0,    0,    0,    0,    0,    0,    0,    0,    0,    0,    0,    0,    0,    0,    0,    0,    0,
       0,    0,    0,    0,  -23,   -9,  -23,  -18,  -14,  -14,    0,  -19,    0,   -5,    0,    0,    0,    0,    0,    0,    0,    0,    0,    0,    0,  -14,    0,   -9,    0,   -9,    0,    0,    0,    0,    0,  -12,    0,   -5,   -7,   -9,   -7,   -7,    0,    0,    0,    0,  -23,   -5,    0,  -14,  -14,   -9,    0,   14,   14,   -9,    0,  -14,  -14,   -9,    0,    0,    0,    0,  -12,   -7,    0,   -9,    0,    0,   -5,    0,    0,    0,    0,    0,    0,    0,    0,    0,    0,    0,    0,    0,    0,    0,    0,    0,    0,    0,    0,    0,    0,    0,    0,    0,    0,    0,    0,    0,    0,    0,    0,    0,    0,    0,    0,    0,    0,    0,    0,    0,    0,    0,    0,    0,    0,    0,    0,    0,    0,    0,    0,
       0,    0,    0,    0,    0,  -14,    0,    0,    0,    0,    0,   12,    0,  -19,    0,    9,    0,    0,    0,    0,    5,    0,    0,    0,    0,   -7,    0,  -11,    0,    0,    0,    0,    0,    0,   -5,   -6,  -14,  -16,  -28,    0,  -28,    0,    0,    0,    0,    0,    5,  -19,    0,   -7,   -7,  -11,    0,   14,   14,  -11,    0,   -7,   -7,  -11,    0,   14,    0,    0,   -6,    0,    0,    0,    0,    0,  -19,    0,   -9,    0,    0,    0,    0,    0,    0,    0,    0,    0,    0,    0,    0,    0,    0,    0,    0,    0,    0,    0,    0,    0,    0,    0,    0,    0,    0,    0,    0,    0,    0,    0,    0,    0,    0,    0,    0,    0,    0,    0,    0,    0,    0,    0,    0,    0,    0,    0,    0,    0,    0,
       0,    0,    0,  -19,    0,    0,    0,    0,    0,    0,    0,   19,    0,    0,    0,    0,    0,  -23,  -12,  -37,    5,  -37,    0,  -51,    0,    0,    0,    0,    0,    0,    0,    0,    0,    0,    0,    0,    0,    0,  -14,    0,  -14,    0,    0,    0,    0,    0,    0,    0,    0,    0,    0,    0,    0,    0,    0,    0,    0,    0,    0,    0,    0,    0,    0,    0,    0,    0,    0,    0,    0,    0,    0,    0,    0,    0,    0,    0,    0,    0,    0,    0,    0,    0,    0,    0,    0,    0,    0,    0,    0,    0,    0,    0,    0,    0,    0,    0,    0,    0,    0,    0,    0,    0,    0,    0,    0,    0,    0,    0,    0,    0,    0,    0,    0,    0,    0,    0,    0,    0,    0,    0,    0,  -19,   -9,
       0,    0,    0,    0,    0,    0,    0,    0,    0,    0,    0,    9,    0,   -5,    0,    0,    0,  -12,   -7,   -7,   14,   -9,    0,    0,    0,    0,    0,    0,    0,    0,    0,    0,    0,    0,    0,    0,    0,   -5,   -7,    0,   -7,    0,    0,    0,    0,    0,    9,   -5,    0,    0,    0,    0,    0,   19,   19,    0,    0,    0,    0,    0,    0,    0,    0,    0,    0,    0,    0,    0,    0,    0,   -5,    0,    0,    0,    0,    0,    0,    0,    0,    0,    0,    0,    0,    0,    0,    0,    0,    0,    0,    0,    0,    0,    0,    0,    0,    0,    0,    0,    0,    0,    0,    0,    0,    0,    0,    0,    0,    0,    0,    0,    0,    0,    0,    0,    0,    0,    0,    0,    0,    0,    0,   -9,    0,
       0,    0,    0,    0,  -21,   -9,  -21,    0,    0,    0,    0,  -17,    0,   -7,    0,    0,    0,    0,    0,    0,    0,    0,    0,    0,    0,  -10,    0,   -7,    0,  -14,    0,    0,    0,    0,    0,  -12,    0,    0,   -7,   -5,   -7,   -5,    0,    0,    0,    0,  -19,   -7,    0,  -10,  -10,   -7,    0,   19,   19,   -7,    0,  -10,  -10,   -7,    0,    0,    0,    0,  -12,   -5,    0,  -14,    0,    0,   -7,    0,  -14,    0,    0,    0,    0,    0,    0,    0,    0,    0,    0,    0,    0,    0,    0,    0,    0,    0,    0,    0,    0,    0,    0,    0,    0,    0,    0,    0,    0,    0,    0,    0,    0,    0,    0,    0,    0,    0,    0,    0,    0,    0,    0,    0,    0,    0,    0,    0,    0,    0,    0,
       0,    9,    0,   17,  -47,    0,  -47,  -46,    0,    0,    0,  -47,   -7,    0,    0,   -7,    0,   14,    0,    0,   -5,    0,    0,    0,    0,   -7,    0,   -7,    0,  -13,    0,    0,   14,    0,    0,   -8,    9,   12,   14,    0,   14,    0,    0,    0,    0,    0,  -63,    0,    0,   -7,   -7,   -7,    0,    9,    9,   -7,    0,   -7,   -7,   -7,    0,   23,    0,    0,   -8,    0,    0,  -13,    0,    0,    0,    0,    0,    0,    0,    0,    0,    0,    0,    0,    0,    0,    0,    0,    0,    0,    0,    0,    0,    0,    0,    0,    0,    0,    0,    0,    0,    0,    0,    0,    0,    0,    0,    0,    0,    0,    0,    0,    0,    0,    0,    0,    0,    0,    0,    0,    0,    0,    0,    0,    0,    9,   14,
       0,    0,    9,    0,   -5,    0,  -19,  -19,    0,   14,    0,  -14,   -7,    0,   35,   -5,    0,    0,   -7,   -9,  -14,  -19,   -5,  -14,   23,    0,    0,    0,    0,    5,    0,    0,   42,    0,    0,    0,   14,    0,    0,    0,   26,    0,   33,    0,    0,    0,  -33,    0,   -9,    0,    0,    0,    0,    0,    0,    0,    0,    0,    0,    0,    0,   42,    0,    0,    0,    0,    0,   21,   -5,    9,    0,    0,    0,    0,    0,    0,    0,    0,    0,    0,    0,    0,    0,    0,    0,    0,    0,    0,    0,    0,    0,    0,    0,    0,    0,    0,    0,    0,    0,    0,    0,    0,    0,    0,    0,    0,    0,    0,    0,    0,    0,    0,    0,    0,    0,    0,    0,    0,    0,    0,    0,    0,    0,
       0,    0,    0,  -14,    0,  -14,    0,    0,    0,    0,  -14,   19,    0,  -14,    0,   14,    0,  -23,  -16,  -30,   14,  -33,    0,    0,    0,    0,    0,    0,    0,    0,    0,    0,    0,    0,    0,    0,   -5,   -9,  -14,    9,  -14,    0,    0,    0,    0,    0,   14,   -9,    0,    0,    0,    0,    0,    0,    0,    0,    0,    0,    0,    0,    0,    0,    0,    0,    0,    0,    0,    0,    0,    0,  -14,   -9,    0,    0,    0,    0,    0,    0,    0,    0,    0,    0,    0,    0,    0,    0,    0,    0,    0,    0,    0,    0,    0,    0,    0,    0,    0,    0,    0,    0,    0,    0,    0,    0,    0,    0,    0,    0,    0,    0,    0,    0,    0,    0,    0,    0,    0,    0,    0,    0,    0,  -28,  -19,
       0,    0,    0,    0,   -9,    0,   -9,   -9,    0,    0,    0,   -9,    0,    0,    0,    0,    0,    0,    0,   -5,   -5,   -5,    0,    0,    0,    0,    0,    0,    0,  -14,    0,    0,    0,    0,    0,    0,    0,    0,   -9,   -5,   -9,    0,    0,    0,    0,    0,  -14,    0,    0,    0,    0,    0,    0,    0,    0,    0,    0,    0,    0,    0,    0,    0,    0,    0,    0,    0,    0,  -14,    0,    0,    0,    0,   -9,    0,    0,    0,    0,    0,    0,    0,    0,    0,    0,    0,    0,    0,    0,    0,    0,    0,    0,    0,    0,    0,    0,    0,    0,    0,    0,    0,    0,    0,    0,    0,    0,    0,    0,    0,    0,    0,    0,    0,    0,    0,    0,    0,    0,    0,    0,    0,    0,    0,    0,
       0,    0,    0,    0,  -42,  -19,  -42,  -58,  -19,  -19,    0,  -51,    0,  -14,    0,  -12,   -7,    0,    0,    0,    0,    0,   -5,    0,    0,  -26,    0,  -28,    0,  -29,    0,    0,    0,    0,    0,  -33,    0,    0,    0,    0,    0,   -9,    0,  -23,   -9,    0,  -47,  -14,    0,  -26,  -26,  -28,    0,   19,   19,  -28,    0,  -26,  -26,  -28,    0,    0,    0,    0,  -33,   -9,   -9,  -29,    0,    0,  -14,    0,   -9,    0,    0,    0,    0,    0,    0,    0,    0,    0,    0,    0,    0,    0,    0,    0,    0,    0,    0,    0,    0,    0,    0,    0,    0,    0,    0,    0,    0,    0,    0,    0,    0,    0,    0,    0,    0,    0,    0,    0,    0,    0,    0,    0,    0,    0,    0,    0,    0,    9,    9,
       0,    0,    0,    0,  -19,    0,  -19,  -27,    0,    0,    0,  -33,    0,   -7,    0,   -7,   -7,    0,    0,    0,    0,    0,   -5,    0,    0,   -9,    0,   -7,    0,  -19,    0,    0,    0,    0,    0,  -12,    0,    0,    0,   -9,    0,   -9,    0,    0,   -9,    0,  -33,   -7,  -14,   -9,   -9,   -7,    0,   19,   19,   -7,    0,   -9,   -9,   -7,    0,    0,    0,    0,  -12,   -9,    0,  -19,    0,    0,   -7,    0,    0,    0,    0,    0,    0,    0,    0,    0,    0,    0,    0,    0,    0,    0,    0,    0,    0,    0,    0,    0,    0,    0,    0,    0,    0,    0,    0,    0,    0,    0,    0,    0,    0,    0,    0,    0,    0,    0,    0,    0,    0,    0,    0,    0,    0,    0,    0,    0,    0,    0,    0,
       0,    0,    0,   19,  -47,  -23,  -47,  -63,   -9,   -9,    0,  -54,    0,  -19,    0,   -7,  -12,    0,    0,   14,    0,    9,    0,    0,    0,  -30,   12,  -34,   -9,  -42,   12,    0,    0,  -12,   -9,  -30,    0,   -9,   -9,  -14,   -9,  -15,    0,  -19,  -14,    0,  -65,  -19,    0,  -49,  -44,  -34,    0,   28,   28,  -34,   12,  -49,  -30,  -34,   12,   28,   12,  -12,  -30,  -15,    0,  -42,    0,    0,  -19,    0,  -19,    0,    0,    0,    0,    0,    0,    0,    0,    0,    0,    0,    0,    0,    0,    0,    0,    0,    0,    0,    0,    0,    0,    0,    0,    0,    0,    0,    0,    0,    0,    0,    0,    0,    0,    0,    0,    0,    0,    0,    0,    0,    0,    0,    0,    0,    0,    0,    0,    0,    9,
       0,    0,    0,   14,    0,    0,    0,    0,    0,    0,    0,    9,    0,  -14,    0,   12,    0,    0,    0,    0,   14,    0,    0,    0,    0,    0,    9,    0,    0,    0,    9,    0,    0,    0,    0,    0,    0,  -14,  -21,    9,  -21,    0,    0,    0,    0,    0,   14,   -5,    0,    0,    0,    0,    0,   23,   23,    0,    9,    0,    0,    0,    9,   23,    9,    0,    0,    0,    0,    0,    0,    0,   -5,    0,    0,    0,    0,    0,    0,    0,    0,    0,    0,    0,    0,    0,    0,    0,    0,    0,    0,    0,    0,    0,    0,    0,    0,    0,    0,    0,    0,    0,    0,    0,    0,    0,    0,    0,    0,    0,    0,    0,    0,    0,    0,    0,    0,    0,    0,    0,    0,    0,    0,    0,    0,
       0,    0,    0,    0,  -37,  -23,  -37,  -49,  -14,  -14,    0,  -48,    0,  -23,    0,   -7,  -12,    0,    0,   12,    0,   12,    0,    0,    0,  -31,    9,  -37,   -9,  -30,    9,    0,    0,  -14,   -9,  -37,    0,  -14,  -14,  -16,  -14,  -14,    0,  -23,  -19,    0,  -51,  -23,    0,  -31,  -45,  -37,    0,   51,   33,  -37,    9,  -45,  -45,  -37,    9,   24,    9,  -14,  -37,  -14,  -19,  -30,    0,   -9,  -23,    0,  -19,    0,    0,    0,    0,    0,    0,    0,    0,    0,    0,    0,    0,    0,    0,    0,    0,    0,    0,    0,    0,    0,    0,    0,    0,    0,    0,    0,    0,    0,    0,    0,    0,    0,    0,    0,    0,    0,    0,    0,    0,    0,    0,    0,    0,    0,    0,    0,    0,    0,    9,
       0,    0,    0,    0,    0,    0,    0,    0,    0,    0,    0,    0,    0,   -5,    0,    0,    0,    0,    0,    0,    0,    0,    0,    0,    0,    0,    0,    0,    0,    0,    0,    0,    0,    0,    0,    0,    0,    0,   -5,    0,   -5,    0,    0,    0,    0,    0,    0,   -5,    0,    0,    0,    0,    0,    9,    9,    0,    0,    0,    0,    0,    0,   14,    0,    0,    0,    0,    0,    0,    0,    0,   -5,    0,    0,    0,    0,    0,    0,    0,    0,    0,    0,    0,    0,    0,    0,    0,    0,    0,    0,    0,    0,    0,    0,    0,    0,    0,    0,    0,    0,    0,    0,    0,    0,    0,    0,    0,    0,    0,    0,    0,    0,    0,    0,    0,    0,    0,    0,    0,    0,    0,    0,    0,    0,
       0,    0,    0,    0,    0,    0,    0,    0,    0,    0,    0,    0,    0,    0,   19,    0,    0,    0,    0,    0,    0,    0,    0,    0,    0,    0,    0,    0,    0,    0,    0,    0,   19,    0,    0,    0,    0,    0,    0,    0,   24,    0,    0,    0,    0,    0,    0,    0,    0,    0,    0,    0,    0,    9,    9,    0,    0,    0,    0,    0,    0,   19,    0,    0,    0,    0,    0,    0,    0,    0,    0,    0,    0,    0,    0,    0,    0,   19,    0,    0,    0,    0,    0,    0,    0,    0,    0,    0,    0,    0,    0,    0,    0,    0,    0,    0,    0,    0,    0,    0,   24,    0,    0,    0,    0,    0,    0,    9,   19,   24,    0,    0,    0,    0,    0,    0,    0,    0,    0,    0,    0,    0,    0,
       0,    0,    0,    0,    0,    0,    0,    0,    0,    0,    0,    0,    0,  -14,    0,    0,    0,  -37,  -23,  -47,    0,  -37,    0,    0,    0,    0,    0,   -9,    0,    9,    0,    0,    0,    0,    0,    0,   -9,  -14,  -14,    0,  -14,    0,    0,    0,    0,    0,    0,  -14,    0,    0,    0,   -9,    0,    0,    0,   -9,    0,    0,    0,   -9,    0,    0,    0,    0,    0,    0,    0,    9,    0,    0,  -14,    0,    0,    0,  -37,  -14,    0,    0,    0,  -19,    0,    0,    0,    0,    0,    0,    0,  -47,    0,    0,    0,    0,    0,    0,   -9,    0,    0,    0,    0,  -14,  -14,    0,  -14,    0,    0,    0,    0,    0,    0,  -14,  -47,    0,    0,  -37,  -30,    0,    0,    0,    0,    0,    0,    0,    0,
       0,    0,    0,  -19,    0,    0,    0,    0,    0,    0,  -12,    0,    0,    0,    0,    0,    0,    0,    0,    0,    0,    0,    0,  -47,    0,    0,   -5,    0,    0,    0,    0,    0,    0,    0,    0,    0,    0,   -5,  -16,    0,  -16,    0,    0,    0,    0,    0,    0,    0,    0,    0,    0,    0,    0,    0,    0,    0,   -6,    0,    0,    0,    0,    0,    0,    0,    0,    0,    0,    0,    0,   -9,    0,    0,    0,    0,    0,    0,    0,    0,    0,    0,    0,    0,    0,    0,    0,    0,    0,    0,    0,    0,    0,    0,    0,    0,    0,    0,    0,    0,    0,    0,    0,    0,    0,    0,    0,    0,    0,    0,    0,    0,    0,    0,    0,    0,    0,    0,    0,    0,    0,    0,    0,  -19,  -14,
       0,    0,   -9,   -9,   -7,    0,   -7,  -19,    0,    0,   -7,    0,    0,    0,    0,    0,    0,    0,    0,    0,    0,    0,    0,  -28,    0,    0,   -6,    0,    0,    0,   -6,    0,    0,    0,    0,    0,    5,    0,   -5,   -7,   -5,    0,    0,    0,    0,    0,    0,    0,    0,    0,    0,    0,    0,    0,    0,    0,   -6,    0,    0,    0,   -6,    0,   18,    0,    0,    0,    0,    0,    0,    0,    0,    0,    0,    0,    0,    0,    0,    0,    0,    0,    0,    0,    0,    0,    0,    0,    0,    0,    0,    0,    0,    0,    0,    0,    0,    0,    0,    0,    0,    0,    0,    0,    0,    0,    0,    0,    0,    0,    0,    0,    0,    0,    0,    0,    0,    0,    0,    0,    0,    0,    0,  -23,   -9,
       0,    0,    0,    0,    0,    0,    0,    0,    0,    0,    0,    0,    0,    0,    0,    0,    0,    0,    0,    0,    0,    0,    0,  -28,    0,   -5,   -5,    0,    0,   -7,   -5,    0,    0,    0,    0,    0,    0,    0,    0,    0,    0,    0,    0,    0,    0,    0,    0,    0,    0,   -5,   -5,    0,    0,    0,    0,    0,   -5,   -5,   -5,    0,   -5,    0,   -5,    0,    0,    0,    0,   -7,    0,    0,    0,    0,    0,    0,    0,    0,    0,    0,    0,    0,    0,    0,    0,    0,    0,    0,    0,    0,    0,    0,    0,    0,    0,    0,    0,    0,    0,    0,    0,    0,    0,    0,    0,    0,    0,    0,    0,    0,    0,    0,    0,    0,    0,    0,    0,    0,    0,    0,    0,    0,    0,    0,    9,
       0,    0,    0,    0,    0,    0,    0,    0,    0,    0,    0,    0,    0,    0,    0,    0,    0,    0,    0,    0,    0,    0,    0,    0,    0,    0,    0,    0,    0,    0,    0,    0,    0,    0,    0,    0,    0,    0,  -14,    5,  -14,    0,    0,    0,    0,    0,    0,    0,    0,    0,    0,    0,    0,    0,    0,    0,    0,    0,    0,    0,    0,    0,    0,    0,    0,    0,    0,    0,    0,    0,    0,    0,    0,    0,    0,    0,    0,    0,    0,    0,    0,    0,    0,    0,    0,    0,    0,    0,    0,    0,    0,    0,    0,    0,    0,    0,    0,    0,    0,    0,    0,    0,    0,    0,    0,    0,    0,    0,    0,    0,    0,    0,    0,    0,    0,    0,    0,    0,    0,    0,    0,   -9,    0,
       0,    0,    0,    0,    0,    0,    0,    0,    0,    0,  -12,    0,    0,    0,    0,    0,    0,    0,    0,    0,    0,    0,    0,  -19,    0,   -5,    0,    0,    0,    0,    0,    0,    0,    0,    0,    0,    0,    0,   -5,    0,   -5,    0,    0,    0,    0,    0,    0,    0,    0,   -5,   -5,    0,    0,    0,    0,    0,    0,   -5,   -5,    0,    0,    0,   14,    0,    0,    0,    0,    0,    0,    0,    0,    0,    0,    0,    0,    0,    0,    0,    0,    0,    0,    0,    0,    0,    0,    0,    0,    0,    0,    0,    0,    0,    0,    0,    0,    0,    0,    0,    0,    0,    0,    0,    0,    0,    0,    0,    0,    0,    0,    0,    0,    0,    0,    0,    0,    0,    0,    0,    0,    0,    0,   -9,    0,
      28,   48,   47,   47,   -9,    0,   -9,  -14,    0,    0,   25,    0,    0,    0,    0,    0,    0,    0,    0,    0,    0,    0,    0,   38,   39,   -6,    0,   -7,    0,   -5,    0,    9,   14,    0,    0,   -8,    0,    0,    9,    0,    9,    0,   47,    0,    0,    0,    0,    0,    0,    3,   17,    5,   56,   98,   61,   -7,    0,    7,    2,   -2,   44,   47,    0,   19,    6,   14,    0,   -5,    0,    0,    0,    0,    0,    0,    0,    0,    0,    0,    0,    0,    0,    0,    0,    0,    0,    0,    0,    0,    0,    0,    0,    0,    0,    0,    0,    0,    0,    0,    0,    0,    0,    0,    0,    0,    0,    0,    0,    0,    0,    0,    0,    0,    0,    0,    0,    0,    0,    0,    0,    0,    0,   37,   44,
       0,   14,    0,    9,    0,    0,    0,    0,    0,    0,    0,    0,    0,    0,    0,    0,    0,    0,    0,    0,    0,    0,    0,  -14,    0,   -7,    0,   -5,    0,    0,    0,    0,   12,    0,    7,    0,   12,    0,    5,    0,    5,    0,    0,    0,    0,    0,    0,    0,    0,   -7,   -7,   -5,    0,    0,    0,   -5,    0,   -7,   -7,   -5,    0,   12,    0,    0,    0,    0,    0,   23,    0,    0,    0,    0,    0,    0,    0,    0,    0,    0,    0,    0,    0,    0,    0,    0,    0,    0,    0,    0,    0,    0,    0,    0,    0,    0,    0,    0,    0,    0,    0,    0,    0,    0,    0,    0,    0,    0,    0,    0,    0,    0,    0,    0,    0,    0,    0,    0,    0,    0,    0,    0,    0,    7,   19,
       0,    0,    0,   -9,    0,    0,    0,    0,    0,    0,   -7,    0,    0,    0,    0,    0,    0,    0,    0,    0,    0,    0,    0,  -42,    0,    0,    0,    0,    0,    0,    0,    0,    0,    0,    0,    0,   -5,   -5,  -26,    0,  -26,    0,    0,    0,    0,    0,    0,    0,    0,    0,    0,    0,    0,    0,    0,    0,    0,    0,    0,    0,    0,    0,    0,    0,    0,    0,    0,    0,    0,    0,    0,    0,    0,    0,    0,    0,    0,    0,    0,    0,    0,    0,    0,    0,    0,    0,    0,    0,    0,    0,    0,    0,    0,    0,    0,    0,    0,    0,    0,    0,    0,    0,    0,    0,    0,    0,    0,    0,    0,    0,    0,    0,    0,    0,    0,    0,    0,    0,    0,    0,    0,  -23,  -14,
       0,    0,    0,    0,    0,    0,    0,    0,    0,    0,    0,    0,    0,    0,    0,    0,    0,    0,    0,    0,    0,    0,    0,    0,    0,    0,    0,    0,    0,    0,    0,    0,    0,    0,    0,    0,    0,    0,  -16,    0,  -16,    0,    0,    0,    0,    0,    0,    0,    0,    0,    0,    0,    0,    0,    0,    0,    0,    0,    0,    0,    0,    0,    0,    0,    0,    0,    0,    0,    0,    0,    0,    0,    0,    0,    0,    0,    0,    0,    0,    0,    0,    0,    0,    0,    0,    0,    0,    0,    0,    0,    0,    0,    0,    0,    0,    0,    0,    0,    0,    0,    0,    0,    0,    0,    0,    0,    0,    0,    0,    0,    0,    0,    0,    0,    0,    0,    0,    0,    0,    0,    0,  -14,    0,
       0,    0,    0,    0,   -9,    0,   -9,    0,    0,    0,    0,    0,    0,    0,    0,    0,    0,    0,    0,    0,    0,    0,    0,    0,    0,    0,    0,    0,    0,   -9,    0,    0,    0,    0,    0,    0,    0,    0,    0,    0,    0,    0,    0,    0,    0,    0,    0,    0,    0,    0,    0,    0,    0,    0,    0,    0,    0,    0,    0,    0,    0,    0,    0,    0,    0,    0,    0,   -9,    0,    0,    0,    0,    0,    0,    0,    0,    0,    0,    0,    0,    0,    0,    0,    0,    0,    0,    0,    0,    0,    0,    0,    0,    0,    0,    0,    0,    0,    0,    0,    0,    0,    0,    0,    0,    0,    0,    0,    0,    0,    0,    0,    0,    0,    0,    0,    0,    0,    0,    0,    0,    0,    0,    0,
       0,    0,    0,    0,    0,    0,    0,    0,    0,    0,   -7,    0,    0,    0,    0,    0,    0,    0,    0,    0,    0,    0,    0,   -9,    0,   -7,   -9,   -9,    0,    0,    0,    0,    5,    0,    0,   -7,    0,    0,    0,    5,    0,    0,    0,    0,    0,    0,    0,    0,    0,   -7,   -7,   -9,    0,    0,    0,   -5,    0,   -7,   -7,   -9,    0,    0,    0,    0,   -7,    0,    0,    0,    0,    0,    0,    0,    0,    0,    0,    0,    0,    0,    0,    0,    0,    0,    0,    0,    0,    0,    0,    0,    0,    0,    0,    0,    0,    0,    0,    0,    0,    0,    0,    0,    0,    0,    0,    0,    0,    0,    0,    0,    0,    0,    0,    0,    0,    0,    0,    0,    0,    0,    0,    0,    0,    0,    0,
       0,    0,    0,    0,    0,    0,    0,    0,    0,    0,   -9,    0,    0,    0,    0,    0,    0,    0,    0,    0,    0,    0,    0,    0,    0,    0,    0,    0,    0,    0,    0,    0,    0,    0,    0,    0,    0,    0,   -9,    0,   -9,    0,    0,    0,    0,    0,    0,    0,    0,    0,    0,    0,    0,    0,    0,    0,    0,    0,    0,    0,    0,    0,    0,    0,    0,    0,    0,    0,    0,    0,    0,    0,    0,    0,    0,    0,    0,    0,    0,    0,    0,    0,    0,    0,    0,    0,    0,    0,    0,    0,    0,    0,    0,    0,    0,    0,    0,    0,    0,    0,    0,    0,    0,    0,    0,    0,    0,    0,    0,    0,    0,    0,    0,    0,    0,    0,    0,    0,    0,    0,    0,  -14,   -9,
       0,    0,    0,    0,    0,    0,    0,    0,    0,    0,   -7,    0,    0,    0,    0,    0,    0,    0,    0,    0,    0,    0,    0,  -23,    0,    0,    0,    0,    0,    0,    0,    0,   31,    0,    5,    0,    0,    0,   -9,    0,   14,    0,    0,    0,    0,    0,    0,    0,    0,    0,    0,    0,    0,    0,    0,    0,    0,    0,    0,    0,    0,   31,    0,    0,    0,    0,    0,    0,    0,    0,    0,    0,    0,    0,    0,    0,    0,    0,    0,    0,    0,    0,    0,    0,    0,    0,    0,    0,    0,    0,    0,    0,    0,    0,    0,    0,    0,    0,    0,    0,    0,    0,    0,    0,    0,    0,    0,    0,    0,    0,    0,    0,    0,    0,    0,    0,    0,    0,    0,    0,    0,  -14,    0,
       0,    0,    0,    9,  -28,   -9,  -28,  -28,    0,    0,   -9,    0,    0,    0,    0,    0,    0,    0,    0,    0,    0,    0,    0,    0,    0,  -12,   -7,   -9,    0,  -15,   -7,    0,    0,    0,    0,  -11,    7,    0,    0,    0,    0,    0,    0,    0,    0,    0,    0,    0,    0,  -12,  -12,   -9,    0,    0,    0,   -9,   -7,  -12,  -12,   -9,   -7,    0,   -7,    0,  -11,    0,    0,  -15,    0,    0,    0,    0,    0,    0,    0,    0,    0,    0,    0,    0,    0,    0,    0,    0,    0,    0,    0,    0,    0,    0,    0,    0,    0,    0,    0,    0,    0,    0,    0,    0,    0,    0,    0,    0,    0,    0,    0,    0,    0,    0,    0,    0,    0,    0,    0,    0,    0,    0,    0,    0,    0,   14,   14,
       0,    0,    0,    0,   -7,    0,   -7,  -14,    0,    0,  -12,    0,    0,    0,    0,    0,    0,    0,    0,    0,    0,    0,    0,  -23,    0,   -7,    0,    0,    0,   -7,    0,    0,    0,    0,    0,    0,    0,    0,   -5,   -5,   -5,    0,    0,    0,    0,    0,    0,    0,    0,   -7,   -7,    0,    0,    0,    0,    0,    0,   -7,   -7,    0,    0,    0,    0,    0,    0,    0,    0,   -7,    0,    0,    0,    0,    0,    0,    0,    0,    0,    0,    0,    0,    0,    0,    0,    0,    0,    0,    0,    0,    0,    0,    0,    0,    0,    0,    0,    0,    0,    0,    0,    0,    0,    0,    0,    0,    0,    0,    0,    0,    0,    0,    0,    0,    0,    0,    0,    0,    0,    0,    0,    0,    0,   -9,    0,
       0,    0,    0,    0,    0,    0,    0,    0,    0,    0,    0,    0,    0,    0,    0,    0,    0,    0,    0,    0,    0,    0,    0,  -23,    0,    0,    0,    0,    0,    0,    0,    0,    0,    0,    0,    0,    0,    0,   -5,    0,   -5,    0,    0,    0,    0,    0,    0,    0,    0,    0,    0,    0,    0,    0,    0,    0,    0,    0,    0,    0,    0,    0,    0,    0,    0,    0,    0,    0,    0,    0,    0,    0,    0,    0,    0,    0,    0,    0,    0,    0,    0,    0,    0,    0,    0,    0,    0,    0,    0,    0,    0,    0,    0,    0,    0,    0,    0,    0,    0,    0,    0,    0,    0,    0,    0,    0,    0,    0,    0,    0,    0,    0,    0,    0,    0,    0,    0,    0,    0,    0,    0,    7,    9,
       0,    0,    0,    0,    0,    0,    0,    0,    0,    0,  -12,    0,    0,    0,    0,    0,    0,    0,    0,    0,    0,    0,    0,  -28,    0,    0,    0,    0,    0,    0,    0,    0,    0,    0,    0,    0,    0,    0,   -9,    9,   -9,    0,    0,    0,    0,    0,    0,    0,    0,    0,    0,    0,    0,    0,    0,    0,    0,    0,    0,    0,    0,    0,    0,    0,    0,    0,    0,    0,    0,    0,    0,    0,    0,    0,    0,    0,    0,    0,    0,    0,    0,    0,    0,    0,    0,    0,    0,    0,    0,    0,    0,    0,    0,    0,    0,    0,    0,    0,    0,    0,    0,    0,    0,    0,    0,    0,    0,    0,    0,    0,    0,    0,    0,    0,    0,    0,    0,    0,    0,    0,    0,   -9,   -9,
       0,    0,    0,   23,  -37,   -7,  -37,  -26,    0,    0,    0,    0,    0,    0,    0,    0,    0,    0,    0,    0,    0,    0,    0,    0,    0,   -6,  -12,   -9,   12,  -21,  -12,    5,   11,    5,    9,  -15,   14,   19,    7,    7,    7,    0,    0,    0,    0,    0,    0,    0,    0,   -6,   -6,   -9,    5,    0,    0,   -9,  -12,   -6,   -6,   -9,  -12,   19,  -12,    5,  -15,    0,    0,  -21,    0,    0,    0,    0,    0,    0,    0,    0,    0,    0,    0,    0,    0,    0,    0,    0,    0,    0,    0,    0,    0,    0,    0,    0,    0,    0,    0,    0,    0,    0,    0,    0,    0,    0,    0,    0,    0,    0,    0,    0,    0,    0,    0,    0,    0,    0,    0,    0,    0,    0,    0,    0,    0,   19,   23,
       0,    0,    0,    9,    0,    0,    0,    0,    0,    0,    0,    0,    0,    0,    0,    0,    0,    0,    0,    0,    0,    0,    0,    0,    0,    0,    0,   -7,    0,    0,    0,    0,    0,    0,   14,    0,    9,    0,    7,    5,    7,    0,    0,    0,    0,    0,    0,    0,    0,    0,    0,   -7,    0,    0,    0,   -7,    0,    0,    0,   -7,    0,    0,    0,    0,    0,    0,    0,    0,    0,    0,    0,    0,    0,    0,    0,    0,    0,    0,    0,    0,    0,    0,    0,    0,    0,    0,    0,    0,    0,    0,    0,    0,    0,    0,    0,    0,    0,    0,    0,    0,    0,    0,    0,    0,    0,    0,    0,    0,    0,    0,    0,    0,    0,    0,    0,    0,    0,    0,    0,    0,    0,   19,   23,
       0,    0,    0,    0,    0,    0,    0,    0,    0,    0,    0,    0,    0,    0,    0,    0,    0,    0,    0,    0,    0,    0,    0,  -23,    0,    0,    0,    0,    0,   -5,    0,    0,    0,    0,    0,    0,    0,    0,    0,    0,    0,    0,    0,    0,    0,    0,    0,    0,    0,    0,    0,    0,    0,    0,    0,    0,    0,    0,    0,    0,    0,    0,    0,    0,    0,    0,    0,   -5,    0,    0,    0,    0,    0,    0,    0,    0,    0,    0,    0,    0,    0,    0,    0,    0,    0,    0,    0,    0,    0,    0,    0,    0,    0,    0,    0,    0,    0,    0,    0,    0,    0,    0,    0,    0,    0,    0,    0,    0,    0,    0,    0,    0,    0,    0,    0,    0,    0,    0,    0,    0,    0,    0,    0,
       0,    0,    0,    0,    0,    0,    0,    0,    0,    0,    0,    0,    0,    0,   28,    0,    0,    0,    0,    0,    0,    0,    0,    0,    0,    0,    0,    0,    0,    0,    0,    0,   24,    0,    0,    0,    0,    0,   26,    0,   26,    0,    0,    0,    0,    0,    0,    0,    0,    0,    0,    0,    0,    9,    9,    0,    0,    0,    0,    0,    0,   24,    0,    0,    0,    0,    0,    0,    0,    0,    0,    0,    0,    0,    0,    0,    0,   28,    0,    0,    0,    0,    0,    0,    0,    0,    0,    0,    0,    0,    0,    0,    0,    0,    0,    0,    0,    0,    0,    0,   26,    0,    0,    0,    0,    0,    0,    9,   24,   26,    0,    0,    0,    0,    0,    0,    0,    0,    0,    0,    0,    0,    0,
       0,    0,    0,    0,    0,    0,    0,    0,    0,    0,    0,    0,    0,    0,   19,    0,    0,    0,    0,  -14,    0,  -19,    0,    0,    0,    0,    0,    0,    0,    0,    0,    0,   19,    0,    0,    0,    0,    0,    0,    0,    0,    0,    0,    0,    0,    0,    0,    0,    0,    0,    0,    0,    0,    0,    0,    0,    0,    0,    0,    0,    0,    0,    0,    0,    0,    0,    0,    0,    0,    0,    0,    0,    0,    0,    0,    0,    0,   19,    0,    0,    0,    0,    0,    0,    0,    0,    0,    0,    0,    0,    0,    0,    0,    0,    0,    0,    0,    0,    0,    0,    0,    0,    0,    0,    0,    0,    0,    0,   19,    0,  -14,    0,    0,   -9,    0,    0,    0,    0,    0,    0,    0,    0,    0,
       0,    0,    0,    0,    0,    0,    0,    0,    0,    0,    0,    0,    0,    0,    0,    0,    0,   -9,   -9,  -14,    0,  -19,    0,    0,    0,    0,    0,    0,    0,    0,    0,    0,    0,    0,    0,    0,    0,    0,    0,    0,    0,    0,    0,    0,    0,    0,    0,    0,    0,    0,    0,    0,    0,    0,    0,    0,    0,    0,    0,    0,    0,    0,    0,    0,    0,    0,    0,    0,    0,    0,    0,    0,    0,    0,   -9,    0,    0,    0,    0,   -5,    0,    0,    0,    0,    0,    0,    0,   -9,    0,    0,    0,    0,    0,    0,    0,    0,    0,    0,    0,    0,    0,    0,    0,    0,    0,    0,    0,    0,    0,    0,  -14,    0,    0,  -19,    0,    0,    0,    0,    0,    0,    0,    0,    0,
       0,    0,    0,    0,   -9,    0,   -9,    0,    0,    0,    0,  -14,   -9,    0,    0,    0,    0,  -14,    0,  -19,    0,  -23,    0,    0,    0,    0,    0,    0,    0,    0,    0,    0,    0,    0,    0,    0,    0,    0,    0,    0,    0,    0,    0,    0,    0,    0,  -23,    0,    0,    0,    0,    0,    0,    0,    0,    0,    0,    0,    0,    0,    0,    0,    0,    0,    0,    0,    0,    0,    0,    0,    0,    0,    0,   -9,  -14,    0,    0,    0,    0,   -9,  -14,   -9,  -14,    0,    0,    0,    0,  -14,    0,    0,    0,    0,    0,    0,    0,  -14,    0,    0,    0,    0,    0,    0,    0,    0,    0,    0,    0,    0,    0,    0,  -19,    0,    0,  -23,    0,    0,  -23,    0,    0,    0,    0,    0,    0,
       0,    0,    0,    0,    0,    0,    0,    0,    0,    0,    0,    0,   -9,  -12,   14,    0,    0,  -19,  -14,  -35,    0,  -25,    0,    0,    0,  -14,  -14,  -14,   -9,    0,  -14,    0,    0,   -9,    0,  -19,   -9,   -9,  -14,  -14,  -14,  -14,    0,    0,    0,    0,    0,  -12,  -14,  -14,  -14,  -14,    0,    0,    0,  -14,  -14,  -14,  -14,  -14,  -14,    0,  -14,   -9,  -19,  -14,    0,    0,    0,    0,  -12,    0,    0,   -9,  -19,  -12,    0,   14,    0,    0,    0,    0,    0,    0,    0,    0,    0,    0,    0,    0,  -14,    0,    0,    0,  -14,    0,    0,    0,    0,    0,  -14,  -14,    0,    0,  -14,  -19,    0,    0,    0,  -14,  -28,    0,    0,  -14,    0,    0,    0,    0,    0,    0,    0,    0,    0,
       0,    0,  -14,    0,  -19,    0,  -19,  -19,    0,    0,    0,  -14,   -7,    0,   -9,   -5,    0,    0,   -7,   -5,   -9,  -14,   -5,  -14,    0,    0,    0,    0,    0,   -5,    0,    0,    0,    0,    0,    0,   14,    0,    0,    0,    0,    0,    0,    0,    0,    0,  -33,    0,   -9,    0,    0,    0,    0,    0,    0,    0,    0,    0,    0,    0,    0,    0,    0,    0,    0,    0,    0,   -5,   -5,    0,    0,    0,    0,    0,    0,    0,    0,    0,    0,    0,    0,    0,    0,    0,    0,    0,    0,    0,    0,    0,    0,    0,    0,    0,    0,    0,    0,    0,    0,    0,    0,    0,    0,    0,    0,    0,    0,    0,    0,    0,    0,    0,    0,    0,    0,    0,    0,    0,    0,    0,    0,    0,    0,
       0,    0,  -14,    0,  -37,    0,  -37,  -47,    0,    0,   -9,  -47,  -21,    0,  -19,  -21,   -9,  -14,  -16,  -30,  -33,  -35,    0,  -37,  -14,   -7,   -9,    0,    0,   -9,   -9,    0,    0,    0,    0,   -7,    0,    0,    0,   -5,    0,    0,    0,    0,    0,    0,  -51,    0,    0,   -7,   -7,    0,    0,    0,    0,    0,   -9,   -7,   -7,    0,   -9,    0,   -9,    0,   -7,    0,    0,   -9,  -19,    0,    0,    0,    0,    0,    0,    0,    0,    0,    0,    0,    0,    0,    0,    0,    0,    0,    0,    0,    0,    0,    0,    0,    0,    0,    0,    0,    0,    0,    0,    0,    0,    0,    0,    0,    0,    0,    0,    0,    0,    0,    0,    0,    0,    0,    0,    0,    0,    0,    0,    0,    0,    0,    0,
       0,    0,    0,   -9,   -7,    0,   -7,   -9,    0,    0,  -14,    0,    0,    0,    0,    0,    0,    0,    0,    0,    0,    0,    0,  -23,    0,    0,    0,    0,    0,    0,    0,    0,    0,   -7,   -7,    0,    0,   -9,  -19,    0,  -19,    0,    0,    0,    0,    0,    0,    0,    0,    0,    0,    0,    0,    0,    0,    0,    0,    0,    0,    0,    0,    0,    0,   -7,    0,    0,    0,    0,    0,    0,    0,    0,    0,    0,    0,    0,    0,    0,    0,    0,    0,    0,    0,    0,    0,    0,    0,    0,    0,    0,    0,    0,    0,    0,    0,    0,    0,    0,    0,    0,    0,    0,    0,    0,    0,    0,    0,    0,    0,    0,    0,    0,    0,    0,    0,    0,    0,    0,    0,    0,    0,  -19,  -14,
       0,    0,    9,    9,    0,    0,    0,    0,    0,    0,    0,    0,    0,    0,    0,    0,    0,    0,    0,    0,    0,    0,    0,    9,    9,    0,   23,    0,    0,    0,   23,    0,    0,    0,    0,    0,    0,    0,    0,    0,    0,    0,    9,    0,    0,    0,    0,    0,    0,    0,    0,    0,    0,   23,   23,    0,   23,    0,    0,    0,   23,    0,   23,    0,    0,    0,    0,    0,    0,    0,    0,    0,    0,    0,    0,    0,    0,    0,    0,    0,    0,    0,    0,    0,    0,    0,    0,    0,    0,    0,    0,    0,    0,    0,    0,    0,    0,    0,    0,    0,    0,    0,    0,    0,    0,    0,    0,    0,    0,    0,    0,    0,    0,    0,    0,    0,    0,    0,    0,    0,    0,    0,    9,
       0,    0,   -9,   -9,   -7,    0,   -7,  -47,    0,    0,   -7,    0,    0,    0,    0,    0,    0,    0,    0,    0,    0,    0,    0,  -42,    0,    0,   -6,    0,    0,    0,   -6,    0,    0,    0,    0,    0,    5,    0,   -5,   -7,   -5,    0,    0,    0,    0,    0,    0,    0,    0,    0,    0,    0,    0,    0,    0,    0,   -6,    0,    0,    0,   -6,    0,   18,    0,    0,    0,    0,    0,    0,    0,    0,    0,    0,    0,    0,    0,    0,    0,    0,    0,    0,    0,    0,    0,    0,    0,    0,    0,    0,    0,    0,    0,    0,    0,    0,    0,    0,    0,    0,    0,    0,    0,    0,    0,    0,    0,    0,    0,    0,    0,    0,    0,    0,    0,    0,    0,    0,    0,    0,    0,    0,  -37,   -9,
       0,    0,   -9,   -9,   -7,    0,   -7,  -19,    0,    0,   -7,    0,    0,    0,    0,    0,    0,    0,    0,    0,    0,    0,    0,  -28,    0,    0,   -6,    0,    0,    0,   -6,    0,    0,    0,    0,    0,    5,    0,    0,   -7,    0,    0,    0,    0,    0,    0,    0,    0,    0,    0,    0,    0,    0,    0,    0,    0,   -6,    0,    0,    0,   -6,    0,   18,    0,    0,    0,    0,    0,    0,    0,    0,    0,    0,    0,    0,    0,    0,    0,    0,    0,    0,    0,    0,    0,    0,    0,    0,    0,    0,    0,    0,    0,    0,    0,    0,    0,    0,    0,    0,    0,    0,    0,    0,    0,    0,    0,    0,    0,    0,    0,    0,    0,    0,    0,    0,    0,    0,    0,    0,    0,    0,  -23,   -9,
       0,  -23,    0,  -38,    0,  -14,    0,    9,    0,    0,  -26,   12,    0,   -8,    9,    9,    0,  -47,  -28,  -51,    9,  -49,    5,  -47,    0,    0,   -7,    0,    0,    0,    0,    0,   19,    0,    0,    0,   -7,   -9,  -30,    9,  -30,    0,    0,  -14,    0,    0,   14,   -1,    0,    0,    0,    0,    0,    0,    0,    0,    0,    0,    0,    0,    0,   19,    0,    0,    0,    0,    0,    0,    0,    0,   -1,    0,    0,    0,    0,    0,    0,    0,    0,    0,    0,    0,    0,    0,    0,    0,    0,    0,    0,    0,    0,    0,    0,    0,    0,    0,    0,    0,    0,    0,    0,    0,    0,    0,    0,    0,    0,    0,    0,    0,    0,    0,    0,    0,    0,    0,    0,    0,    0,    0,    0,  -42,  -33,
       0,    0,    0,  -19,    0,    0,    0,    0,    0,    0,  -12,    0,    0,    0,    0,    0,    0,    0,    0,    0,    0,    0,    0,  -47,    0,    0,   -5,    0,    0,    0,    0,    0,   42,    0,    0,    0,    0,   -5,  -16,    0,  -16,    0,    0,    0,    0,    0,    0,    0,    0,    0,    0,    0,    0,    0,    0,    0,   -6,    0,    0,    0,    0,   42,    0,    0,    0,    0,    0,    0,    0,   -9,    0,    0,    0,    0,    0,    0,    0,    0,    0,    0,    0,    0,    0,    0,    0,    0,    0,    0,    0,    0,    0,    0,    0,    0,    0,    0,    0,    0,    0,    0,    0,    0,    0,    0,    0,    0,    0,    0,    0,    0,    0,    0,    0,    0,    0,    0,    0,    0,    0,    0,    0,  -19,  -14,
      14,    0,   42,   33,    0,    0,    0,    0,    0,    0,   23,    0,    0,    0,    0,    0,    0,    0,    0,    0,    0,    0,    0,   28,   28,    0,   49,    0,   19,    0,   49,   19,   28,    0,    0,    0,   19,   14,   14,    0,   14,    0,   37,    0,    0,    0,    0,    0,    0,    0,   19,    0,   19,    0,    0,    0,   49,    0,    0,    0,   49,   42,   49,   23,   23,   16,    0,    0,    0,    0,    0,    0,    0,    0,    0,    0,    0,    0,    0,    0,    0,    0,    0,    0,    0,    0,    0,    0,    0,    0,    0,    0,    0,    0,    0,    0,    0,    0,    0,    0,    0,    0,    0,    0,    0,    0,    0,    0,    0,    0,    0,    0,    0,    0,    0,    0,    0,    0,    0,    0,    0,   28,   37,
       0,    0,    0,    0,    0,    0,    0,    0,    0,    0,    0,    0,    0,    0,    0,    0,    0,    0,    0,    0,    0,    0,    0,    0,    0,    0,    0,    0,    0,    0,    0,    0,   14,    0,    0,    0,    0,    0,    0,    0,    0,    0,    0,    0,    0,    0,    0,    0,    0,    0,    0,    0,    0,    0,    0,    0,    0,    0,    0,    0,    0,    0,    0,    0,    0,    0,    0,    0,    0,    0,    0,    0,    0,    0,    0,    0,    0,    0,    0,    0,    0,    0,    0,    0,    0,    0,    0,    0,    0,    0,    0,    0,    0,    0,    0,    0,    0,    0,    0,    0,    0,    0,    0,    0,    0,    0,    0,    0,    0,    0,    0,    0,    0,    0,    0,    0,    0,    0,    0,    0,    0,    0,    5,
       0,    0,    0,    0,    0,    0,    0,    0,    0,    0,  -12,    0,    0,    0,    0,    0,    0,    0,    0,    0,    0,    0,    0,  -19,    0,   -5,    0,    0,    0,    0,    0,    0,   14,    0,    0,    0,    0,    0,   -5,    0,   -5,    0,    0,    0,    0,    0,    0,    0,    0,   -5,   -5,    0,    0,    0,    0,    0,    0,   -5,   -5,    0,    0,   14,   14,    0,    0,    0,    0,    0,    0,    0,    0,    0,    0,    0,    0,    0,    0,    0,    0,    0,    0,    0,    0,    0,    0,    0,    0,    0,    0,    0,    0,    0,    0,    0,    0,    0,    0,    0,    0,    0,    0,    0,    0,    0,    0,    0,    0,    0,    0,    0,    0,    0,    0,    0,    0,    0,    0,    0,    0,    0,    0,   -9,    0,
       0,    0,    0,    0,    0,    0,    0,    0,    0,    0,    0,    0,    0,   -7,    0,    0,    0,    0,    0,    0,    0,    0,    0,    0,    0,    0,    0,   -7,    0,    0,    0,    0,   14,    0,    0,    0,    0,   -6,  -14,    0,  -14,    0,    0,   -9,    0,    0,    0,   -7,    0,    0,    0,   -7,    0,    9,    9,   -7,    0,    0,    0,   -7,    0,    9,    0,    0,    0,    0,    0,    0,    0,    0,   -7,    0,    0,    0,    0,    0,    0,    0,    0,    0,    0,    0,    0,    0,    0,    0,    0,    0,    0,    0,    0,    0,    0,    0,    0,    0,    0,    0,    0,    0,    0,    0,    0,    0,    0,    0,    0,    0,    0,    0,    0,    0,    0,    0,    0,    0,    0,    0,    0,    0,    0,    0,    0,
       0,    0,    0,    0,    0,    0,    0,    0,    0,    0,    0,    0,    0,    0,    0,    0,    0,    0,    0,    0,    0,    0,    0,    0,    0,    0,    0,    0,    0,    0,    0,    0,   33,    0,    0,    0,    0,    0,  -16,    0,  -16,    0,    0,    0,    0,    0,    0,    0,    0,    0,    0,    0,    0,    0,    0,    0,    0,    0,    0,    0,    0,   33,    0,    0,    0,    0,    0,    0,    0,    0,    0,    0,    0,    0,    0,    0,    0,    0,    0,    0,    0,    0,    0,    0,    0,    0,    0,    0,    0,    0,    0,    0,    0,    0,    0,    0,    0,    0,    0,    0,    0,    0,    0,    0,    0,    0,    0,    0,    0,    0,    0,    0,    0,    0,    0,    0,    0,    0,    0,    0,    0,  -14,    0,
       0,    0,    0,    0,   -9,    0,   -9,    0,    0,    0,    0,    0,    0,    0,    0,    0,    0,    0,    0,    0,    0,    0,    0,    0,    0,    0,   19,    0,    0,   -9,   19,    0,    0,    0,    0,    0,    0,    0,    0,    0,    0,    0,    0,    0,    0,    0,    0,    0,    0,    0,    0,    0,    0,    0,    0,    0,   19,    0,    0,    0,   19,    0,   19,    0,    0,    0,    0,   -9,    0,    0,    0,    0,    0,    0,    0,    0,    0,    0,    0,    0,    0,    0,    0,    0,    0,    0,    0,    0,    0,    0,    0,    0,    0,    0,    0,    0,    0,    0,    0,    0,    0,    0,    0,    0,    0,    0,    0,    0,    0,    0,    0,    0,    0,    0,    0,    0,    0,    0,    0,    0,    0,   19,   19,
       0,    0,    0,    0,    0,    0,    0,    0,    0,    0,   -9,    0,    0,    0,    0,    0,    0,    0,    0,    0,    0,    0,    0,    0,    0,    0,    0,    0,   19,    0,    0,   19,   23,   19,   23,    0,   19,   19,   14,   14,   14,    0,    0,    0,    0,    0,    0,    0,    0,    0,    0,    0,   19,    0,    0,    0,    0,    0,    0,    0,    0,    0,    0,   19,    0,    0,    0,    0,    0,    0,    0,    0,    0,    0,    0,    0,    0,    0,    0,    0,    0,    0,    0,    0,    0,    0,    0,    0,    0,    0,    0,    0,    0,    0,    0,    0,    0,    0,    0,    0,    0,    0,    0,    0,    0,    0,    0,    0,    0,    0,    0,    0,    0,    0,    0,    0,    0,    0,    0,    0,    0,  -14,   -9,
       0,    0,    0,    0,    0,    0,    0,    0,    0,    0,    0,    0,    0,    0,    0,    0,    0,    0,    0,    0,    0,    0,    0,  -23,    0,    0,    0,    0,    0,    0,    0,    0,    9,    0,    0,    0,    0,    0,   -5,    0,   -5,    0,    0,    0,    0,    0,    0,    0,    0,    0,    0,    0,    0,    0,    0,    0,    0,    0,    0,    0,    0,    0,    0,    0,    0,    0,    0,    0,    0,    0,    0,    0,    0,    0,    0,    0,    0,    0,    0,    0,    0,    0,    0,    0,    0,    0,    0,    0,    0,    0,    0,    0,    0,    0,    0,    0,    0,    0,    0,    0,    0,    0,    0,    0,    0,    0,    0,    0,    0,    0,    0,    0,    0,    0,    0,    0,    0,    0,    0,    0,    0,    7,    9,
       0,    0,    0,    0,    0,    0,    0,    0,    0,    0,  -12,    0,    0,    0,    0,    0,    0,    0,    0,    0,    0,    0,    0,  -28,    0,    0,    0,    0,    0,    0,    0,    0,   33,    0,    0,    0,    0,    0,   -9,    9,   -9,    0,    0,    0,    0,    0,    0,    0,    0,    0,    0,    0,    0,    0,    0,    0,    0,    0,    0,    0,    0,   33,    0,    0,    0,    0,    0,    0,    0,    0,    0,    0,    0,    0,    0,    0,    0,    0,    0,    0,    0,    0,    0,    0,    0,    0,    0,    0,    0,    0,    0,    0,    0,    0,    0,    0,    0,    0,    0,    0,    0,    0,    0,    0,    0,    0,    0,    0,    0,    0,    0,    0,    0,    0,    0,    0,    0,    0,    0,    0,    0,   -9,   -9,
       0,    0,   19,    0,  -19,    0,  -19,  -19,    0,    0,    0,  -12,    7,    0,    0,    0,    0,    9,   14,   19,    5,   19,    5,   14,    9,    0,   28,    0,    0,   -5,   28,    0,    0,    0,    0,    0,   14,    0,    0,    0,    0,    0,   14,    0,    0,    0,  -33,    0,    0,    0,    0,    0,    0,    0,    0,    0,   28,    0,    0,    0,   28,    0,   28,    0,    0,    0,    0,   -5,    0,    0,    0,    0,    0,    0,    0,    0,    0,    0,    0,    0,    0,    0,    0,    0,    0,    0,    0,    0,    0,    0,    0,    0,    0,    0,    0,    0,    0,    0,    0,    0,    0,    0,    0,    0,    0,    0,    0,    0,    0,    0,    0,    0,    0,    0,    0,    0,    0,    0,    0,    0,    0,    0,   14,
       0,   14,    0,   19,   -7,    0,   -7,  -19,    0,    0,    0,    0,    0,    0,    0,    0,    0,    0,    0,    0,    0,    0,    0,    0,    0,    0,   14,    0,    9,    0,   14,    0,    0,    9,   14,    0,   14,    9,   19,    9,   19,    0,    0,    0,    0,    0,    0,    0,    0,    0,    0,    0,    0,    0,    0,    0,   14,    0,    0,    0,   14,    0,   14,    9,    0,    0,    0,    0,    0,    0,    0,    0,    0,    0,    0,    0,    0,    0,    0,    0,    0,    0,    0,    0,    0,    0,    0,    0,    0,    0,    0,    0,    0,    0,    0,    0,    0,    0,    0,    0,    0,    0,    0,    0,    0,    0,    0,    0,    0,    0,    0,    0,    0,    0,    0,    0,    0,    0,    0,    0,    0,   28,   19,
       0,    0,   23,   14,  -19,    0,  -19,  -27,    0,    0,    0,  -30,    5,   -7,    0,    0,   -7,    0,   14,   19,    0,   19,    0,   16,    9,   -9,   23,   -7,    0,  -19,   23,    0,    0,    0,    0,  -12,    0,    0,    0,   -9,    0,   -9,   19,    0,   -9,    0,  -33,   -7,    0,   -9,   -9,   -7,    0,   37,   37,   -7,   23,   -9,   -9,   -7,   23,    0,   23,    0,  -12,   -9,    0,  -19,    0,    0,   -7,    0,    0,    0,    0,    0,    0,    0,    0,    0,    0,    0,    0,    0,    0,    0,    0,    0,    0,    0,    0,    0,    0,    0,    0,    0,    0,    0,    0,    0,    0,    0,    0,    0,    0,    0,    0,    0,    0,    0,    0,    0,    0,    0,    0,    0,    0,    0,    0,    0,    0,    0,   14,
       0,    0,    0,   19,    0,    0,    0,    0,    0,    0,    0,    0,    0,    0,    0,    0,    0,    0,    0,    0,    0,    0,    0,    0,    0,    0,    0,    0,    0,    0,    0,    0,    0,    0,    0,    0,    9,    0,    9,    9,    9,    0,    0,    0,    0,    0,    0,    0,    0,    0,    0,    0,    0,    0,    0,    0,    0,    0,    0,    0,    0,    0,    0,    0,    0,    0,    0,    0,    0,    0,    0,    0,    0,    0,    0,    0,    0,    0,    0,    0,    0,    0,    0,    0,    0,    0,    0,    0,    0,    0,    0,    0,    0,    0,    0,    0,    0,    0,    0,    0,    0,    0,    0,    0,    0,    0,    0,    0,    0,    0,    0,    0,    0,    0,    0,    0,    0,    0,    0,    0,    0,    9,   14,
       0,   14,    0,    9,    0,    0,    0,    0,    0,    0,    0,    0,    0,    0,    0,    0,    0,    0,    0,    0,    0,    0,    0,  -14,    0,   -7,    0,   -5,    0,   33,    0,    0,   12,    0,    7,    0,   12,    0,    5,    0,    5,    0,    0,    0,    0,    0,    0,    0,    0,   -7,   -7,   -5,    0,    0,    0,   -5,    0,   -7,   -7,   -5,    0,   12,    0,    0,    0,    0,    0,   23,    0,    0,    0,    0,    0,    0,    0,    0,    0,    0,    0,    0,    0,    0,    0,    0,    0,    0,    0,    0,    0,    0,    0,    0,    0,    0,    0,    0,    0,    0,    0,    0,    0,    0,    0,    0,    0,    0,    0,    0,    0,    0,    0,    0,    0,    0,    0,    0,    0,    0,    0,    0,    0,    7,   19,
       0,    0,    0,    0,    0,    0,    0,    0,    0,    0,    0,    0,    0,    0,    0,    0,    0,    0,    0,    0,    0,    0,    0,    0,    0,    0,    0,   -7,    0,    0,    0,    0,    0,    0,    0,    0,    0,    0,    0,    0,    0,    0,    0,    0,    0,    0,    0,    0,    0,    0,    0,   -7,    0,    0,    0,   -7,    0,    0,    0,   -7,    0,    0,    0,    0,    0,    0,    0,    0,    0,    0,    0,    0,    0,    0,    0,    0,    0,    0,    0,    0,    0,    0,    0,    0,    0,    0,    0,    0,    0,    0,    0,    0,    0,    0,    0,    0,    0,    0,    0,    0,    0,    0,    0,    0,    0,    0,    0,    0,    0,    0,    0,    0,    0,    0,    0,    0,    0,    0,    0,    0,    0,    0,    0,
       0,    0,  -14,    0,  -19,    0,  -19,  -19,    0,    0,    0,  -14,   -7,    0,   -9,   -5,    0,    0,   -7,   -9,   -9,  -19,   -5,  -14,    0,    0,    0,    0,    0,   -5,    0,    0,    0,    0,    0,    0,   14,    0,    0,    0,    0,    0,    0,    0,    0,    0,  -33,    0,   -9,    0,    0,    0,    0,    0,    0,    0,    0,    0,    0,    0,    0,    0,    0,    0,    0,    0,    0,   -5,   -5,    0,    0,    0,    0,    0,    0,    0,    0,    0,    0,    0,    0,    0,    0,    0,    0,    0,    0,    0,    0,    0,    0,    0,    0,    0,    0,    0,    0,    0,    0,    0,    0,    0,    0,    0,    0,    0,    0,    0,    0,    0,    0,    0,    0,    0,    0,    0,    0,    0,    0,    0,    0,    0,    0,
       0,    0,    0,    0,    0,    0,    0,    0,    0,    0,    0,    0,    0,    0,    0,    0,    0,    0,    0,    0,    0,    0,    0,  -23,    0,    0,    0,    9,    0,    0,    0,    0,    0,    0,    0,    0,    0,    0,    0,    0,    0,    0,    0,    0,    0,    0,    0,    0,    0,    0,    0,    9,    0,    0,    0,    9,    0,    0,    0,    9,    0,    0,    0,    0,    0,    0,    0,    0,    0,    0,    0,    0,    0,    0,    0,    0,    0,    0,    0,    0,    0,    0,    0,    0,    0,    0,    0,    0,    0,    0,    0,    0,    0,    0,    0,    0,    0,    0,    0,    0,    0,    0,    0,    0,    0,    0,    0,    0,    0,    0,    0,    0,    0,    0,    0,    0,    0,    0,    0,    0,    0,    0,    0,
       0,    0,    0,    0,    0,    0,    0,    0,    0,    0,    0,    0,    0,    0,    0,    0,    0,    0,    0,    0,    0,    0,    0,    0,    0,    0,    0,    0,    0,    0,    0,    0,    0,    0,    0,    0,    0,    0,    0,    0,    0,    0,    0,    0,    0,    0,    0,    0,    0,    0,    0,    0,    0,    0,    0,    0,    0,    0,    0,    0,    0,    0,    0,    0,    0,    0,    0,    0,    0,    0,    0,    0,    0,    0,    0,    0,    0,    0,    0,    0,    0,    0,    0,    0,    0,   -5,    0,    0,    0,    0,    0,    0,    0,    0,    0,    0,    0,    0,    0,    0,    0,    0,    0,    0,    0,    0,    0,    0,    0,    0,    0,    0,    0,    0,  -14,    0,    0,    0,    0,    0,    0,    0,    5,
       0,    0,    0,  -19,    0,    0,    0,    0,    0,    0,    0,    0,    0,    0,    0,    0,    0,    0,    0,    0,    0,    0,    0,  -28,    0,    0,    0,    0,    0,    0,    0,    0,    0,    0,    0,    0,    0,    0,    0,    0,    0,    0,    0,    0,    0,    0,    0,    0,    0,    0,    0,    0,    0,    0,    0,    0,    0,    0,    0,    0,    0,    0,    0,    0,    0,    0,    0,    0,    0,    0,    0,    0,    0,    0,  -19,    0,    0,    0,    0,  -23,    0,    0,    0,    0,    0,    0,    0,  -28,    0,    0,    0,    0,    0,    0,    0,    0,    0,    0,    0,    0,  -14,    0,  -14,    0,    0,    0,    0,    0,    0,  -14,  -33,    0,    0,  -28,  -14,    0,    0,    0,    0,    0,    0,  -14,   -9,
       0,    0,    0,    0,    0,    0,    0,    0,    0,    0,    0,    0,    0,    0,    0,    0,    0,    0,    0,    0,    0,    0,    0,    0,    0,    0,    0,    0,    0,    0,    0,    0,    0,    0,    0,    0,    0,    0,    0,    0,    0,    0,    0,    0,    0,    0,    0,    0,    0,    0,    0,    0,    0,    0,    0,    0,    0,    0,    0,    0,    0,    0,    0,    0,    0,    0,    0,    0,    0,    0,    0,    0,    0,    0,    0,    0,    0,    0,    0,    0,    0,    0,    0,    0,    0,  -12,    0,   -9,    0,    0,    0,    0,    0,    0,    0,    0,    0,    0,    0,    0,    0,    0,    0,    0,    0,    0,    0,    0,    0,    0,    0,    0,    0,    0,  -14,    0,    0,    0,    0,    0,    0,    0,    0,
       0,    0,    0,    0,   -9,    0,   -9,   -9,    0,    0,    0,    0,    0,    0,    0,    0,    0,    0,    0,    0,    0,    0,    0,    0,    0,    0,    0,    0,    0,    0,    0,    0,    0,    0,    0,    0,    0,    0,    0,    0,    0,    0,    0,    0,    0,    0,    0,    0,    0,    0,    0,    0,    0,    0,    0,    0,    0,    0,    0,    0,    0,    0,    0,    0,    0,    0,    0,    0,    0,    0,    0,    0,    0,    0,    0,    0,    0,    0,    0,    0,   -9,    0,   -9,    0,    0,    0,   -5,    0,    0,   -9,    0,    0,    0,  -19,    0,  -14,    0,    0,    0,    0,   -9,   -5,    0,   -9,    0,    0,    0,    0,    0,   -9,   -5,    0,    0,    0,    0,    0,  -14,    0,    0,    0,    0,    0,    0,
       0,    0,    0,    0,    0,    0,    0,    0,    0,    0,    0,    0,    0,    0,    0,    0,    0,    0,    0,    0,    0,    0,    0,    0,    0,    0,    0,    0,    0,    0,    0,    0,    0,    0,    0,    0,    0,    0,    0,    0,    0,    0,    0,   -9,    0,    0,    0,    0,    0,    0,    0,    0,    0,    0,    0,    0,    0,    0,    0,    0,    0,    0,    0,    0,    0,    0,    0,    0,    0,    0,    0,    0,    0,    0,    0,   -7,    0,    0,    0,    0,    0,    0,    0,    0,    0,  -19,    0,    0,    0,    0,    0,    0,    0,    0,   -7,    0,    0,    0,    0,  -14,   -9,    0,  -14,    0,    0,    0,    0,    9,    0,   -9,    0,    0,    0,    0,  -23,  -28,    0,    0,    0,    0,    0,    0,    0,
       0,    0,    0,    0,  -23,   -9,  -23,  -18,  -14,  -14,    0,    0,    0,    0,    0,    0,    0,    0,    0,    0,    0,    0,    0,    0,    0,    0,    0,    0,    0,    0,    0,    0,    0,    0,    0,    0,    0,    0,    0,    0,    0,    0,    0,    0,    0,    0,    0,    0,    0,    0,    0,    0,    0,    0,    0,    0,    0,    0,    0,    0,    0,    0,    0,    0,    0,    0,    0,    0,    0,    0,    0,    0,    0,    0,    0,   -5,    0,    0,  -19,    0,  -19,  -14,    0,    0,    0,  -14,    0,    0,    0,   -9,   -9,    0,   -9,   -9,   -9,   -7,   -9,   -9,    0,    0,   -7,   -9,    0,  -19,    0,  -12,    0,   14,    0,   -7,    0,    0,    0,    0,  -19,  -19,  -23,    0,    0,    0,    0,    0,    0,
       0,    0,    0,  -23,    0,    9,    0,    0,    0,    0,    0,    0,    0,    0,    0,    0,    0,    0,    0,    0,    0,    0,    0,  -30,    0,    0,    0,    0,    0,    0,    0,    0,    0,    0,    0,    0,    0,    0,    0,    0,    0,    0,    0,    0,    0,    0,    0,    0,    0,    0,    0,    0,    0,    0,    0,    0,    0,    0,    0,    0,    0,    0,    0,    0,    0,    0,    0,    0,    0,    0,    0,    0,    0,   -5,  -28,    0,    0,  -14,    0,  -34,    0,  -14,  -14,    0,    0,    0,   -5,  -37,    0,   -9,    9,    9,   -5,   -9,    9,  -12,    0,    0,    0,   -9,  -16,    0,   -9,   -9,    0,    0,    0,    0,    0,  -16,  -33,    0,    0,  -42,   -9,    0,    0,    0,    0,    0,    0,  -19,   -9,
       0,    0,    0,  -37,    0,    0,    0,    0,    0,    0,    0,    0,    0,    0,    0,    0,    0,    0,    0,    0,    0,    0,    0,  -56,    0,    0,    0,    0,    0,    0,    0,    0,    0,    0,    0,    0,    0,    0,    0,    0,    0,    0,    0,    0,    0,    0,    0,    0,    0,    0,    0,    0,    0,    0,    0,    0,    0,    0,    0,    0,    0,    0,    0,    0,    0,    0,    0,    0,    0,    0,    0,    0,    0,    0,  -28,   -9,    0,    0,    0,  -33,    0,    0,    0,    0,    0,   -9,    0,  -51,    0,    0,    0,   -9,    0,    0,   -5,    0,    0,    0,    0,  -19,  -33,    0,  -33,    0,    0,    0,    0,    0,    0,  -33,  -42,    0,    0,  -30,  -33,  -21,    0,    0,    0,    0,    0,  -14,  -23,
       0,    0,    0,    0,    0,    0,    0,    0,    0,    0,    0,    0,    0,    0,    0,    0,    0,    0,    0,    0,    0,    0,    0,    0,    0,    0,    0,    0,    0,    0,    0,    0,    0,    0,    0,    0,    0,    0,    0,    0,    0,    0,    0,  -14,    0,    0,    0,    0,    0,    0,    0,    0,    0,    0,    0,    0,    0,    0,    0,    0,    0,    0,    0,    0,    0,    0,    0,    0,    0,    0,    0,    0,    0,    0,  -19,  -19,    0,    0,    0,  -14,    7,    0,    0,   -5,    0,  -33,    0,  -14,    0,    0,    0,  -14,    0,    0,  -14,    0,    0,    0,    0,  -33,  -23,    0,  -37,    0,    0,    0,    0,    0,    0,  -23,  -14,    0,    0,  -12,  -35,  -42,    0,   -9,   -9,    0,   -9,  -19,    0,
       0,    0,    0,    0,  -58,  -23,  -58,  -54,    0,    0,    0,    0,    0,    0,    0,    0,    0,    0,    0,    0,    0,    0,    0,    0,    0,    0,    0,    0,    0,    0,    0,    0,    0,    0,    0,    0,    0,    0,    0,    0,    0,    0,    0,  -37,  -23,    0,    0,    0,    0,    0,    0,    0,    0,    0,    0,    0,    0,    0,    0,    0,    0,    0,    0,    0,    0,    0,    0,    0,    0,    0,    0,    0,    0,    0,    0,  -37,  -12,    0,  -47,    9,  -75,  -51,   -9,   -9,  -14,  -33,    0,    0,   -9,  -40,  -47,   -5,  -37,  -61,  -51,  -28,  -42,  -47,  -14,  -23,  -19,  -19,  -23,  -70,    0,  -42,    0,   33,    0,  -19,   12,    0,    0,   19,  -14,  -51,  -79,   -9,  -28,    0,  -14,    0,    9,
       0,  -23,    0,  -38,    0,  -14,    0,    9,    0,    0,  -26,    0,    0,    0,    0,    0,    0,    0,    0,    0,    0,    0,    0,  -47,    0,    0,    0,    0,    0,    0,    0,    0,    0,    0,    0,    0,    0,    0,    0,    0,    0,    0,    0,  -14,    0,    0,    0,    0,    0,    0,    0,    0,    0,    0,    0,    0,    0,    0,    0,    0,    0,    0,    0,    0,    0,    0,    0,    0,    0,    0,    0,    0,    0,    0,  -47,   -8,    0,    0,    9,  -33,   12,    9,    7,    0,    9,  -23,    9,  -61,    0,    5,    0,   -5,    0,    7,    0,    0,    0,   14,    0,  -28,  -15,    9,  -33,    0,    0,    0,    0,    0,    0,  -15,  -51,    0,    0,  -42,  -42,  -23,   14,    0,    0,    0,    0,  -42,  -33,
       0,    0,    0,    0,    0,    0,    0,    0,    0,    0,    0,    0,    0,    0,    0,    0,    0,    0,    0,    0,    0,    0,    0,    0,    0,    0,    0,    0,    0,    0,    0,    0,    0,    0,    0,    0,    0,    0,    0,    0,    0,    0,    0,    0,    0,    0,    0,    0,    0,    0,    0,    0,    0,    0,    0,    0,    0,    0,    0,    0,    0,    0,    0,    0,    0,    0,    0,    0,    0,    0,    0,    0,    0,    0,  -14,    0,    0,    0,    0,   -5,   -9,    0,  -14,    0,    0,    0,    0,   -9,    0,   -9,    0,    0,    0,   -9,    0,   -9,    0,    0,    0,    0,    0,    0,    0,   -9,    0,    0,    0,    0,    0,    0,    0,    0,    0,    0,  -16,    0,    0,    0,    0,    0,    0,    0,    0,
       0,    0,    0,    0,   -7,    0,   -7,    0,    0,    0,    0,    0,    0,    0,    0,    0,    0,    0,    0,    0,    0,    0,    0,  -19,    0,    0,    0,    0,    0,    0,    0,    0,    0,    0,    0,    0,    0,    0,    0,    0,    0,    0,    0,    0,    0,    0,    0,    0,    0,    0,    0,    0,    0,    0,    0,    0,    0,    0,    0,    0,    0,    0,    0,    0,    0,    0,    0,    0,    0,    0,    0,    0,    0,    0,   -7,    0,    0,    0,    0,  -12,   -5,   -7,   -5,    0,    0,    0,   -7,  -12,    0,    0,    0,    9,    0,   -7,   12,    0,    0,    0,    0,    0,    0,    0,    0,   -9,    0,    0,    0,    0,    9,    0,  -12,    0,    0,   -9,    0,    0,  -12,    0,    0,    0,    0,    0,    0,
       0,    0,    0,    0,  -42,  -19,  -42,  -58,  -19,  -19,    0,    0,    0,    0,    0,    0,    0,    0,    0,    0,    0,    0,    0,    0,    0,    0,    0,    0,    0,    0,    0,    0,    0,    0,    0,    0,    0,    0,    0,    0,    0,    0,    0,  -23,   -9,    0,    0,    0,    0,    0,    0,    0,    0,    0,    0,    0,    0,    0,    0,    0,    0,    0,    0,    0,    0,    0,    0,    0,    0,    0,    0,    0,    0,    0,    0,  -14,   -7,    0,  -37,    0,  -51,  -37,   -9,    0,  -12,  -14,    0,    0,    0,  -30,  -26,    0,    0,  -37,  -28,    0,   -9,  -42,    0,    0,    0,    0,    0,  -51,    0,  -33,    0,   19,    0,    0,    0,    0,    0,    0,   -9,  -47,  -47,    0,   -9,    0,    0,    9,    9,
       0,    0,    0,    0,    0,    0,    0,    0,    0,    0,    0,    0,    0,    0,    0,    0,    0,    0,    0,    0,    0,    0,    0,    0,    0,    0,    0,    0,    0,    0,    0,    0,    0,    0,    0,    0,    0,    0,    0,    0,    0,    0,    0,    0,    0,    0,    0,    0,    0,    0,    0,    0,    0,    0,    0,    0,    0,    0,    0,    0,    0,    0,    0,    0,    0,    0,    0,    0,    0,    0,    0,    0,    0,    0,    0,   -7,    0,   19,    0,    0,    9,    0,    0,    0,    0,  -19,    0,    0,    0,    0,    0,    0,    0,    0,   -7,    0,    0,    0,    0,  -14,    9,    0,  -14,    0,    0,    0,    0,    0,   19,    9,    0,    0,    0,    0,  -23,  -28,    0,    0,    0,    0,    0,    0,    0,
       0,    0,    0,    0,    0,    0,    0,    0,    0,    0,    0,    0,    0,    0,    0,    0,    0,    0,    0,    0,    0,    0,    0,    0,    0,    0,    0,    0,    0,    0,    0,    0,    0,    0,    0,    0,    0,    0,    0,    0,    0,    0,    0,    0,    0,    0,    0,    0,    0,    0,    0,    0,    0,    0,    0,    0,    0,    0,    0,    0,    0,    0,    0,    0,    0,    0,    0,    0,    0,    0,    0,    0,    0,    0,  -12,   -5,    0,    0,    9,    0,    9,    0,    0,    0,    0,  -14,   14,   -5,    0,    5,    0,    0,    0,    0,    0,    0,    0,    0,    0,    0,   -7,    0,  -14,    0,    0,    0,    0,   19,    0,   -7,   -7,    0,    0,   -9,   -9,  -14,    9,    0,    0,    0,    0,   -9,    0,
       0,    0,  -14,    0,  -19,    0,  -19,  -19,    0,    0,    0,    0,    0,    0,    0,    0,    0,    0,    0,    0,    0,    0,    0,  -14,    0,    0,    0,    0,    0,    0,    0,    0,    0,    0,    0,    0,    0,    0,    0,    0,    0,    0,    0,    0,    0,    0,    0,    0,    0,    0,    0,    0,    0,    0,    0,    0,    0,    0,    0,    0,    0,    0,    0,    0,    0,    0,    0,    0,    0,    0,    0,    0,    0,   -7,    0,    0,    0,   -9,   -5,   -9,  -14,  -19,  -19,    0,   -5,    0,  -14,  -14,    0,  -14,    0,    0,    0,  -19,    0,    0,    0,  -19,    0,    0,    0,    0,    0,  -19,    0,    0,    0,    0,    0,    0,   -9,    0,    0,  -19,    0,    0,  -33,    0,    0,   -5,    0,    0,    0,
       0,    9,    0,   17,  -47,    0,  -47,  -46,    0,    0,    0,    0,    0,    0,    0,    0,    0,    0,    0,    0,    0,    0,    0,    0,    0,    0,    0,    0,    0,    0,    0,    0,    0,    0,    0,    0,    0,    0,    0,    0,    0,    0,    0,    0,    0,    0,    0,    0,    0,    0,    0,    0,    0,    0,    0,    0,    0,    0,    0,    0,    0,    0,    0,    0,    0,    0,    0,    0,    0,    0,    0,    0,    0,   -7,   14,    0,    0,    0,  -37,    0,  -47,  -37,  -14,    0,   -7,    0,   -5,    0,    0,  -12,   -7,    0,    0,  -26,   -7,    0,    0,  -21,    0,    0,   14,    0,    0,  -23,    0,   -8,    0,    9,   14,   14,    0,    0,    0,    0,    0,    0,  -63,    0,    0,    0,    0,    9,   14,
       0,    0,    0,    0,    0,   -9,    0,    0,    0,    0,    0,    0,    0,    0,    0,    0,    0,    0,    0,    0,    0,    0,    0,    0,    0,    0,    0,    0,    0,    0,    0,    0,    0,    0,    0,    0,    0,    0,    0,    0,    0,    0,    0,    0,    0,    0,    0,    0,    0,    0,    0,    0,    0,    0,    0,    0,    0,    0,    0,    0,    0,    0,    0,    0,    0,    0,    0,    0,    0,    0,    0,    0,    0,    0,    0,  -11,    0,    0,    0,    0,    0,    0,    0,    0,    0,    0,    0,    0,    0,    9,   -7,    0,    0,    0,   -7,    0,    0,    0,    0,    0,   -6,    0,    0,    0,    0,   -9,    0,    0,    0,   -6,    0,    0,    0,    0,    0,    0,    0,    0,    0,    0,    0,    0,    0,
       0,    0,    0,    0,  -23,    9,  -23,  -28,    0,    0,    0,    0,    0,    0,    0,    0,    0,    0,    0,    0,    0,    0,    0,    0,    0,    0,    0,    0,    0,    0,    0,    0,    0,    0,    0,    0,    0,    0,    0,    0,    0,    0,    0,    0,    0,    0,    0,    0,    0,    0,    0,    0,    0,    0,    0,    0,    0,    0,    0,    0,    0,    0,    0,    0,    0,    0,    0,    0,    0,    0,    0,    0,    0,  -14,   -5,    0,    0,    0,  -19,  -19,  -30,  -37,  -33,    0,  -14,    0,  -23,   -9,   -9,  -19,    0,    0,    0,  -19,    0,    0,    0,  -14,    0,    0,    0,    0,    0,  -11,    0,    0,    0,    0,    0,    0,  -14,    0,    0,  -14,    0,    0,  -33,    0,    0,    0,    0,    0,    0,
       0,    0,    0,   14,    0,    0,    0,    0,    0,    0,    0,    0,    0,    0,    0,    0,    0,    0,    0,    0,    0,    0,    0,    0,    0,    0,    0,    0,    0,    0,    0,    0,    0,    0,    0,    0,    0,    0,    0,    0,    0,    0,    0,    0,    0,    0,    0,    0,    0,    0,    0,    0,    0,    0,    0,    0,    0,    0,    0,    0,    0,    0,    0,    0,    0,    0,    0,    0,    0,    0,    0,    0,    0,    0,    0,  -14,    0,    0,    9,    0,    9,    9,    0,    0,   12,  -23,   14,    0,    0,    0,    0,    0,    0,   14,    0,    0,    0,   14,    0,  -28,  -21,    9,  -28,    0,    9,    0,    0,   23,    0,  -21,    0,    0,    0,    0,  -33,  -28,   14,   -5,    0,    0,    0,    0,    0,
       0,    0,    0,  -19,    0,    0,    0,    0,    0,    0,  -12,    0,    0,    0,    0,    0,    0,    0,    0,    0,    0,    0,    0,  -47,    0,    0,    0,    0,    0,    0,    0,    0,    0,    0,    0,    0,    0,    0,    0,    0,    0,    0,    0,    0,    0,    0,    0,    0,    0,    0,    0,    0,    0,    0,    0,    0,    0,    0,    0,    0,    0,    0,    0,    0,    0,    0,    0,    0,    0,    0,    0,    0,    0,    0,    0,    0,    0,    0,    0,    0,    0,    0,    0,    0,    0,    0,    0,    0,    0,    0,    0,    0,    0,    0,    0,    0,    0,    9,    0,  -14,  -14,    0,  -19,    0,    0,    0,    0,    0,    0,  -14,    0,    0,    0,    0,    0,  -14,    0,    0,    0,    0,   -9,  -19,  -14,
       0,    0,   -9,   -9,   -7,    0,   -7,  -19,    0,    0,   -7,    0,    0,    0,    0,    0,    0,    0,    0,    0,    0,    0,    0,  -28,    0,    0,    0,    0,    0,    0,    0,    0,    0,    0,    0,    0,    0,    0,    0,    0,    0,    0,    0,    0,    0,    0,    0,    0,    0,    0,    0,    0,    0,    0,    0,    0,    0,    0,    0,    0,    0,    0,    0,    0,    0,    0,    0,    0,    0,    0,    0,    0,    0,    0,    0,    0,    0,    0,    0,    0,    0,    0,    0,    0,    0,    0,    0,    0,    0,    0,    0,    0,   -5,   -9,    0,   -5,   -5,   -9,    0,    0,   -5,   -7,    0,  -12,    0,    0,    0,    0,    0,   -5,    0,    0,    0,    0,    0,    0,    0,    0,    0,    0,    0,  -23,   -9,
       0,    0,    0,    0,    0,    0,    0,    0,    0,    0,    0,    0,    0,    0,    0,    0,    0,    0,    0,    0,    0,    0,    0,    0,    0,    0,    0,    0,    0,    0,    0,    0,    0,    0,    0,    0,    0,    0,    0,    0,    0,    0,    0,    0,    0,    0,    0,    0,    0,    0,    0,    0,    0,    0,    0,    0,    0,    0,    0,    0,    0,    0,    0,    0,    0,    0,    0,    0,    0,    0,    0,    0,    0,    0,    0,    0,    0,    0,    0,    0,    0,    0,    0,    0,    0,    0,    0,    0,    0,    0,    0,    0,   -5,   -7,    0,   -9,    0,    0,    0,   -5,   -9,   -7,    0,   -9,    0,    0,    0,    0,    0,   -9,    0,    0,    0,    0,    0,   -5,    0,    0,    0,    0,    0,    0,    0,
       0,    0,    0,    0,  -33,    0,  -33,  -33,    0,    0,    0,    0,    0,    0,    0,    0,    0,    0,    0,    0,    0,    0,    0,    0,    0,    0,    0,    0,    0,    0,    0,    0,    0,    0,    0,    0,    0,    0,    0,    0,    0,    0,    0,    0,    0,    0,    0,    0,    0,    0,    0,    0,    0,    0,    0,    0,    0,    0,    0,    0,    0,    0,    0,    0,    0,    0,    0,    0,    0,    0,    0,    0,    0,    0,    0,    0,    0,    0,    0,    0,    0,    0,    0,    0,    0,    0,    0,    0,    0,    0,   -5,    5,    0,  -23,   -7,    0,    0,  -23,    9,    0,    0,    0,    0,  -19,   -5,   -5,    0,    0,    0,    0,    0,    0,    0,    0,    0,    0,    0,    0,    0,    0,    0,    0,    9,
       0,    0,    0,    0,    5,    0,    5,    0,    0,    0,    0,    0,    0,    0,    0,    0,    0,    0,    0,    0,    0,    0,    0,  -19,    0,    0,    0,    0,    0,    0,    0,    0,    0,    0,    0,    0,    0,    0,    0,    0,    0,    0,    0,    0,    0,    0,    0,    0,    0,    0,    0,    0,    0,    0,    0,    0,    0,    0,    0,    0,    0,    0,    0,    0,    0,    0,    0,    0,    0,    0,    0,    0,    0,    0,    0,    0,    0,    0,    0,    0,    0,    0,    0,    0,    0,    0,    0,    0,    0,    0,    0,    0,    0,    0,   -5,    0,    0,    0,    0,    0,    9,    0,    0,    0,    0,    0,    0,    0,   14,   23,    0,    0,    0,    0,    0,  -14,    0,    0,    0,    0,    0,    0,    0,
       0,    0,    0,    0,    0,    0,    0,    0,    0,    0,  -12,    0,    0,    0,    0,    0,    0,    0,    0,    0,    0,    0,    0,  -19,    0,    0,    0,    0,    0,    0,    0,    0,    0,    0,    0,    0,    0,    0,    0,    0,    0,    0,    0,    0,    0,    0,    0,    0,    0,    0,    0,    0,    0,    0,    0,    0,    0,    0,    0,    0,    0,    0,    0,    0,    0,    0,    0,    0,    0,    0,    0,    0,    0,    0,    0,    0,    0,    0,    0,    0,    0,    0,    0,    0,    0,    0,    0,    0,    0,    0,   -5,    0,    0,    0,    0,   -5,    0,    0,    0,    0,    0,    0,    0,   -9,    0,    0,    0,    0,    0,    0,    0,    0,    0,    0,    0,    0,    0,    0,    0,    0,    0,   -9,    0,
       0,    0,    0,    0,    0,    0,    0,    0,    0,    0,    0,    0,    0,    0,    0,    0,    0,    0,    0,    0,    0,    0,    0,  -23,    0,    0,    0,    0,    0,    0,    0,    0,    0,    0,    0,    0,    0,    0,    0,    0,    0,    0,    0,  -14,    0,    0,    0,    0,    0,    0,    0,    0,    0,    0,    0,    0,    0,    0,    0,    0,    0,    0,    0,    0,    0,    0,    0,    0,    0,    0,    0,    0,    0,    0,    0,    0,    0,    0,    0,    0,    0,    0,    0,    0,    0,    0,    0,    0,    0,    0,  -10,   -5,    0,    0,  -14,    0,   -5,    0,    0,    0,   -5,    0,    0,    0,    0,    0,    0,    0,    0,   -5,    0,    0,    0,    0,    0,  -28,    0,    0,    0,    0,    0,    0,    0,
       0,    0,    0,    0,   -9,    0,   -9,    0,    0,    0,    0,    0,    0,    0,    0,    0,    0,    0,    0,    0,    0,    0,    0,  -23,    0,    0,    0,    0,    0,    0,    0,    0,    0,    0,    0,    0,    0,    0,    0,    0,    0,    0,    0,    0,    0,    0,    0,    0,    0,    0,    0,    0,    0,    0,    0,    0,    0,    0,    0,    0,    0,    0,    0,    0,    0,    0,    0,    0,    0,    0,    0,    0,    0,    0,    0,    0,    0,    0,    0,    0,    0,    0,    0,    0,    0,    0,    0,    0,    0,    0,    0,    0,    0,    0,    0,   -6,    0,    0,    0,    0,    0,    0,    0,   -7,    0,    0,    0,    0,    0,    0,    0,    0,    0,    0,    0,    0,    0,    0,    0,    0,    0,   -9,    0,
       0,    0,    0,    0,    0,    0,    0,    0,    0,    0,    0,    0,    0,    0,    0,    0,    0,    0,    0,    0,    0,    0,    0,    0,    0,    0,    0,    0,    0,    0,    0,    0,    0,    0,    0,    0,    0,    0,    0,    0,    0,    0,    0,    0,    0,    0,    0,    0,    0,    0,    0,    0,    0,    0,    0,    0,    0,    0,    0,    0,    0,    0,    0,    0,    0,    0,    0,    0,    0,    0,    0,    0,    0,    0,    0,    0,    0,    0,    0,    0,    0,    0,    0,    0,    0,    0,    0,    0,    0,    0,   -5,    0,    0,    0,   -5,    0,    0,    0,    0,    0,   -5,    0,    0,   -5,    0,    0,    0,    0,    0,   -5,    0,    0,    0,    0,    0,  -14,    0,    0,    0,    0,    0,    0,    0,
       0,    0,    0,    0,    0,    0,    0,    0,    0,    0,    0,    0,    0,    0,    0,    0,    0,    0,    0,    0,    0,    0,    0,  -28,    0,    0,    0,    0,    0,    0,    0,    0,    0,    0,    0,    0,    0,    0,    0,    0,    0,    0,    0,    0,    0,    0,    0,    0,    0,    0,    0,    0,    0,    0,    0,    0,    0,    0,    0,    0,    0,    0,    0,    0,    0,    0,    0,    0,    0,    0,    0,    0,    0,    0,    0,    0,    0,    0,    0,    0,    0,    0,    0,    0,    0,    0,    0,    0,    0,    0,   -5,    0,    0,    0,    0,    0,    0,    0,    0,    0,    0,    0,    0,   -9,    0,    0,    0,    0,    0,    0,    0,    0,    0,    0,    0,    0,    0,    0,    0,    0,    0,    0,    9,
       0,    0,    0,   23,  -37,   -7,  -37,  -26,    0,    0,    0,    0,    0,    0,    0,    0,    0,    0,    0,    0,    0,    0,    0,    0,    0,    0,    0,    0,    0,    0,    0,    0,    0,    0,    0,    0,    0,    0,    0,    0,    0,    0,    0,    0,    0,    0,    0,    0,    0,    0,    0,    0,    0,    0,    0,    0,    0,    0,    0,    0,    0,    0,    0,    0,    0,    0,    0,    0,    0,    0,    0,    0,    0,    0,    0,    0,    0,    0,    0,    0,    0,    0,    0,    0,    0,    0,    0,    0,    0,    0,   -8,    0,    0,  -23,   -9,    0,    0,  -28,   14,    0,   14,    7,   19,  -26,   -5,   -9,    9,    0,   19,   14,    0,    0,    0,    0,    0,    0,    0,    0,    0,    0,    0,   19,   23,
       0,    0,    0,    9,    5,    0,    5,    0,    0,    0,    0,    0,    0,    0,    0,    0,    0,    0,    0,    0,    0,    0,    0,    0,    0,    0,    0,    0,    0,    0,    0,    0,    0,    0,    0,    0,    0,    0,    0,    0,    0,    0,    0,    0,    0,    0,    0,    0,    0,    0,    0,    0,    0,    0,    0,    0,    0,    0,    0,    0,    0,    0,    0,    0,    0,    0,    0,    0,    0,    0,    0,    0,    0,    0,    0,    0,    0,    0,    0,    0,    0,    0,    0,    0,    0,    0,    0,    0,    0,    0,   -5,    0,    0,    0,   -7,    0,    0,    0,   14,    0,    7,    5,    0,    0,    0,    0,    0,    0,    0,    7,    0,    0,    0,    0,    0,   -9,    0,    0,    0,    0,    0,   19,   23,
       0,    0,    0,  -28,    0,    0,    0,    0,    0,    0,    0,    0,    0,    0,    0,    0,    0,    0,    0,    0,    0,    0,    0,  -56,    0,    0,    0,    0,    0,    0,    0,    0,    0,    0,    0,    0,    0,    0,    0,    0,    0,    0,    0,    0,    0,    0,    0,    0,    0,    0,    0,    0,    0,    0,    0,    0,    0,    0,    0,    0,    0,    0,    0,    0,    0,    0,    0,    0,    0,    0,    0,    0,    0,    0,    0,    0,    0,    0,    0,    0,    0,    0,    0,    0,    0,    0,    0,    0,    0,    0,    0,    0,   -5,   -5,    0,   -5,    0,    0,   -9,  -19,  -35,   -9,  -23,   -9,    0,    0,    0,    0,    0,  -35,    0,    0,    0,    0,    0,   -9,    0,    0,    0,    0,   -5,  -14,  -14,
       0,    0,    0,   -9,    0,    0,    0,    0,    0,    0,   -7,    0,    0,    0,    0,    0,    0,    0,    0,    0,    0,    0,    0,  -42,    0,    0,    0,    0,    0,    0,    0,    0,    0,    0,    0,    0,    0,    0,    0,    0,    0,    0,    0,    0,    0,    0,    0,    0,    0,    0,    0,    0,    0,    0,    0,    0,    0,    0,    0,    0,    0,    0,    0,    0,    0,    0,    0,    0,    0,    0,    0,    0,    0,    0,    0,    0,    0,    0,    0,    0,    0,    0,    0,    0,    0,    0,    0,    0,    0,    0,    0,    0,    0,    0,    0,    0,    0,    0,    0,  -14,  -21,    0,  -23,  -14,    0,    0,    0,    0,    0,  -21,    0,    0,    0,    0,    0,  -14,    0,    0,    0,    0,    0,  -23,  -14,
       0,    0,    0,    0,    0,    0,    0,    0,    0,    0,    0,    0,    0,    0,    0,    0,    0,    0,    0,    0,    0,    0,    0,    0,    0,    0,    0,    0,    0,    0,    0,    0,    0,    0,    0,    0,    0,    0,    0,    0,    0,    0,    0,    0,    0,    0,    0,    0,    0,    0,    0,    0,    0,    0,    0,    0,    0,    0,    0,    0,    0,    0,    0,    0,    0,    0,    0,    0,    0,    0,    0,    0,    0,    0,    0,    0,    0,    0,    0,    0,    0,    0,    0,    0,    0,    0,    0,    0,    0,    0,    0,    0,    0,    0,    0,    0,    0,    0,    0,    0,    0,    0,    0,    0,    0,    0,    0,    0,    0,    0,    0,    0,    0,    0,    0,    0,    0,    0,    0,    0,    0,    0,    9,
       0,    0,    0,    0,   -7,    0,   -7,  -14,    0,    0,  -12,    0,    0,    0,    0,    0,    0,    0,    0,    0,    0,    0,    0,  -23,    0,    0,    0,    0,    0,    0,    0,    0,    0,    0,    0,    0,    0,    0,    0,    0,    0,    0,    0,    0,    0,    0,    0,    0,    0,    0,    0,    0,    0,    0,    0,    0,    0,    0,    0,    0,    0,    0,    0,    0,    0,    0,    0,    0,    0,    0,    0,    0,    0,    0,    0,    0,    0,    0,    0,    0,    0,    0,    0,    0,    0,    0,    0,    0,    0,    0,   -7,    0,   -5,   -7,    0,   -5,    0,    0,    0,    0,   -5,   -5,    0,   -9,    0,    0,    0,    0,    0,   -5,    0,    0,    0,    0,    0,    0,    0,    0,    0,    0,    0,   -9,    0,
       0,    0,    0,    0,    0,    0,    0,    0,    0,    0,    0,    0,    0,    0,    0,    0,    0,    0,    0,    0,    0,    0,    0,    0,    0,    0,    0,    0,    0,    0,    0,    0,    0,    0,    0,    0,    0,    0,    0,    0,    0,    0,    0,    0,    0,    0,    0,    0,    0,    0,    0,    0,    0,    0,    0,    0,    0,    0,    0,    0,    0,    0,    0,    0,    0,    0,    0,    0,    0,    0,    0,    0,    0,    0,    0,    0,    0,    0,    0,    0,    0,    0,    0,    0,    0,    0,    0,    0,    0,    0,    0,    0,    0,    0,    0,    0,    0,    0,    0,  -12,  -12,    0,  -14,    0,    0,    0,    0,    0,    0,  -12,    0,    0,    0,    0,    0,  -14,    0,    0,    0,    0,    0,  -14,    0,
       0,    0,    9,    9,    0,    0,    0,    0,    0,    0,    0,    0,    0,    0,    0,    0,    0,    0,    0,    0,    0,    0,    0,    9,    9,    0,    0,    0,    0,    0,    0,    0,    0,    0,    0,    0,    0,    0,    0,    0,    0,    0,    9,    0,    0,    0,    0,    0,    0,    0,    0,    0,    0,    0,    0,    0,    0,    0,    0,    0,    0,    0,    0,    0,    0,    0,    0,    0,    0,    0,    0,    0,    0,    0,    0,    0,    0,    0,    0,    0,    0,    0,    0,    0,    0,    0,    0,    0,    0,    0,    0,    0,    0,    0,    0,    0,    0,    0,    0,    0,    0,    0,    0,    0,   23,    0,    0,   23,    0,    0,    0,    0,    0,    0,    0,    0,    0,    0,    0,    0,    0,    0,    9,
       0,    0,    0,    0,   -9,    0,   -9,    0,    0,    0,    0,    0,    0,    0,    0,    0,    0,    0,    0,    0,    0,    0,    0,    0,    0,    0,    0,    0,    0,    0,    0,    0,    0,    0,    0,    0,    0,    0,    0,    0,    0,    0,    0,    0,    0,    0,    0,    0,    0,    0,    0,    0,    0,    0,    0,    0,    0,    0,    0,    0,    0,    0,    0,    0,    0,    0,    0,    0,    0,    0,    0,    0,    0,    0,    0,    0,    0,    0,    0,    0,    0,    0,    0,    0,    0,    0,    0,    0,    0,    0,    0,    0,    0,    0,    0,    0,    0,    0,    0,    0,    0,    0,    0,    0,    0,    0,    0,    0,    0,    0,    0,    0,    0,    0,    0,    0,    0,    0,    0,    0,    0,    0,    0,
       0,    0,    0,   -9,    0,    0,    0,    0,    0,    0,   -7,    0,    0,    0,    0,    0,    0,    0,    0,    0,    0,    0,    0,  -42,    0,    0,    0,    0,    0,    0,    0,    0,    0,    0,    0,    0,    0,    0,    0,    0,    0,    0,    0,    0,    0,    0,    0,    0,    0,    0,    0,    0,    0,    0,    0,    0,    0,    0,    0,    0,    0,    0,    0,    0,    0,    0,    0,    0,    0,    0,    0,    0,    0,    0,    0,    0,    0,    0,    0,    0,    0,    0,    0,    0,    0,    0,    0,    0,    0,    0,    0,    0,    0,    0,    0,    0,    0,    0,    0,  -14,  -21,    0,  -23,    0,    0,    0,    0,    0,    0,  -21,    0,    0,    0,    0,    0,  -14,    0,    0,    0,    0,    0,  -23,  -14,
       0,    0,    0,    0,    0,    9,    0,    0,    0,    0,    0,    0,    0,    0,    0,    0,    0,    0,    0,    0,    0,    0,    0,  -19,    0,    0,    0,    0,    0,    0,    0,    0,    0,    0,    0,    0,    0,    0,    0,    0,    0,    0,    0,    0,    0,    0,    0,    0,    0,    0,    0,    0,    0,    0,    0,    0,    0,    0,    0,    0,    0,    0,    0,    0,    0,    0,    0,    0,    0,    0,    0,    0,    0,    0,  -23,    0,    0,    0,    0,  -23,    0,    0,   -9,    0,    0,    0,    0,  -19,    0,    0,    0,    0,    0,    0,    0,    0,    0,    0,    0,    0,    0,    0,    0,    0,    0,    0,    0,    0,    0,    0,  -19,    0,    0,  -28,  -14,    0,    0,    0,    0,    0,    0,    0,    0,
       0,    0,    0,    0,   -9,    0,   -9,    0,    0,    0,    0,    0,    0,    0,    0,    0,    0,    0,    0,    0,    0,    0,    0,    0,    0,    0,    0,    0,    0,    0,    0,    0,    0,    0,    0,    0,    0,    0,    0,    0,    0,    0,    0,    0,    0,    0,    0,    0,    0,    0,    0,    0,    0,    0,    0,    0,    0,    0,    0,    0,    0,    0,    0,    0,    0,    0,    0,    0,    0,    0,    0,    0,    0,    0,    0,    0,    0,    0,    0,    0,    0,    0,    0,    0,    0,    0,    0,    0,    0,    0,    0,    0,    0,    0,    0,    0,    0,    0,    0,  -14,  -14,    0,  -19,   -9,    0,    0,    0,    0,    0,  -14,    0,    0,    0,    0,    0,    0,    0,    0,    0,    0,    0,   -9,    0,
       0,    0,    0,    0,  -33,  -23,  -33,    0,    0,    0,    0,    0,    0,    0,    0,    0,    0,    0,    0,    0,    0,    0,    0,    0,    0,    0,    0,    0,    0,    0,    0,    0,    0,    0,    0,    0,    0,    0,    0,    0,    0,    0,    0,  -14,  -14,    0,    0,    0,    0,    0,    0,    0,    0,    0,    0,    0,    0,    0,    0,    0,    0,    0,    0,    0,    0,    0,    0,    0,    0,    0,    0,    0,    0,    0,    0,   -9,    0,    0,  -37,    9,  -61,  -44,   -9,   -5,    0,  -19,    0,    0,    0,  -23,  -26,    0,  -19,  -47,  -37,  -23,  -33,  -42,    0,  -14,   -5,   -9,   -9,  -51,    0,  -33,    0,    0,    0,   -5,    0,    0,    0,   19,  -23,  -42,  -75,    0,  -23,    0,  -19,    9,    9,
       0,    0,    0,    0,  -33,    0,  -33,  -14,    0,    0,    0,    0,    0,    0,    0,    0,    0,    0,    0,    0,    0,    0,    0,    0,    0,    0,    0,    0,    0,    0,    0,    0,    0,    0,    0,    0,    0,    0,    0,    0,    0,    0,    0,    0,    0,    0,    0,    0,    0,    0,    0,    0,    0,    0,    0,    0,    0,    0,    0,    0,    0,    0,    0,    0,    0,    0,    0,    0,    0,    0,    0,    0,    0,    0,    0,    0,    0,    0,    0,    0,    0,    0,    0,    0,    0,    0,    0,    0,    0,    0,    0,    0,    0,  -19,    0,    0,    0,  -19,   19,    0,   19,    0,   14,  -14,    0,    0,    0,    0,   19,   19,    0,    0,    0,    0,    0,    0,    0,    0,    0,    0,    0,   14,   16,
       0,    0,    0,    9,  -33,  -14,  -33,  -54,    0,    0,    0,    0,    0,    0,    0,    0,    0,    0,    0,    0,    0,    0,    0,    5,    0,    0,    0,    0,    0,    0,    0,    0,    0,    0,    0,    0,    0,    0,    0,    0,    0,    0,    0,    0,    0,    0,    0,    0,    0,    0,    0,    0,    0,    0,    0,    0,    0,    0,    0,    0,    0,    0,    0,    0,    0,    0,    0,    0,    0,    0,    0,    0,    0,    0,    0,  -19,  -19,    0,  -28,    0,  -51,  -42,   -9,    0,    0,  -23,    0,    0,    0,  -23,  -37,    0,  -28,  -42,  -33,  -23,  -28,  -35,  -23,  -23,  -14,  -19,  -28,  -42,    0,  -37,    0,    0,    0,  -14,    0,    0,    0,    0,  -42,  -51,  -61,    0,  -23,    0,  -19,    9,    0,
       0,    0,    0,   14,  -28,    0,  -28,    0,    0,    0,    0,    0,    0,    0,    0,    0,    0,    0,    0,    0,    0,    0,    0,    0,    0,    0,    0,    0,    0,    0,    0,    0,    0,    0,    0,    0,    0,    0,    0,    0,    0,    0,    0,    0,    0,    0,    0,    0,    0,    0,    0,    0,    0,    0,    0,    0,    0,    0,    0,    0,    0,    0,    0,    0,    0,    0,    0,    0,    0,    0,    0,    0,    0,    0,    0,    0,    0,    0,    0,    0,    0,    0,    0,    0,    0,    0,    0,    0,    0,    0,    0,    0,    0,  -23,   -9,    0,    0,  -23,    0,    0,    0,    0,    0,  -23,    0,   -9,    0,    0,    0,    0,    0,    0,    0,    0,    0,    0,    0,    0,    0,    0,    0,    0,   14,
       0,    0,    0,   19,  -28,    0,  -28,  -40,    0,    0,    0,    0,    0,    0,    0,    0,    0,    0,    0,    0,    0,    0,    0,    0,    0,    0,    0,    0,    0,    0,    0,    0,    0,    0,    0,    0,    0,    0,    0,    0,    0,    0,    0,    0,    0,    0,    0,    0,    0,    0,    0,    0,    0,    0,    0,    0,    0,    0,    0,    0,    0,    0,    0,    0,    0,    0,    0,    0,    0,    0,    0,    0,    0,    0,    0,    0,    0,    0,  -33,    0,  -33,  -37,    0,    0,   -9,    0,    0,    0,    0,  -12,  -14,    0,    0,  -28,   -9,    0,    0,  -23,    0,    0,    0,    0,    0,  -28,    5,  -14,    0,   19,    0,    0,    0,    0,    0,    0,   -9,   -9,  -54,    0,    0,    0,    0,    9,    9,
       0,    0,    0,    0,    0,    0,    0,    0,    0,    0,    0,    0,    0,    0,    0,    0,    0,    0,    0,    0,    0,    0,    0,    0,    0,    0,    0,    0,    0,    0,    0,    0,    0,    0,    0,    0,    0,    0,    0,    0,    0,    0,    0,  -14,    0,    0,    0,    0,    0,    0,    0,    0,    0,    0,    0,    0,    0,    0,    0,    0,    0,    0,    0,    0,    0,    0,    0,    0,    0,    0,    0,    0,    0,    0,  -19,  -19,    0,   23,    0,  -14,    9,    0,    0,   -5,    0,  -33,   14,  -14,    0,    0,    0,   -9,    0,    0,  -14,    0,    0,    0,    0,  -33,    9,    0,  -37,    0,    0,    0,    0,    0,   19,    9,  -14,    0,    0,  -14,  -35,  -42,   14,   -7,   -9,    0,    0,   -9,    0,
       0,    0,    0,    0,    0,    0,    0,    0,    0,    0,    0,    0,    0,    0,    0,    0,    0,    0,    0,    0,    0,    0,    0,    0,    0,    0,    0,    0,    0,    0,    0,    0,    0,    0,    0,    0,    0,    0,    0,    0,    0,    0,    0,  -14,    0,    0,    0,    0,    0,    0,    0,    0,    0,    0,    0,    0,    0,    0,    0,    0,    0,    0,    0,    0,    0,    0,    0,    0,    0,    0,    0,    0,    0,    0,    0,    0,    0,    0,    0,    0,    0,    0,    0,    0,    0,    0,    0,    0,    0,    0,    0,   -5,    0,    0,   -9,    0,    0,    0,    0,    0,   14,    0,    0,    0,    0,    0,    0,    0,   23,   14,    0,    0,    0,    0,    0,  -28,    0,    0,    0,    0,    0,    0,    0,
       0,    0,    0,    0,    0,    0,    0,    0,    0,    0,    0,    0,    0,    0,    0,    0,    0,    0,    0,    0,    0,    0,    0,    0,    0,    0,    0,    0,    0,    0,    0,    0,    0,    0,    0,    0,    0,    0,    0,    0,    0,    0,    0,    0,    0,    0,    0,    0,    0,    0,    0,    0,    0,    0,    0,    0,    0,    0,    0,    0,    0,    0,    0,    0,    0,    0,    0,    0,    0,    0,    0,    0,    0,    0,  -19,    0,    0,    0,    0,  -19,    0,    0,    0,    0,    0,    0,    0,  -23,    0,    0,    0,    0,    0,    0,    0,    0,    0,    0,    0,    0,    0,    0,    0,    0,    0,    0,    0,    0,    0,    0,  -30,    0,    0,  -28,  -19,    0,    0,    0,    0,    0,    0,   -9,    0,
       0,    0,    0,    0,    0,    0,    0,    0,    0,    0,    0,    0,    0,    0,    0,    0,    0,    0,    0,    0,    0,    0,    0,  -47,    0,    0,    0,    0,    0,    0,    0,    0,    0,    0,    0,    0,    0,    0,    0,    0,    0,    0,    0,    0,    0,    0,    0,    0,    0,    0,    0,    0,    0,    0,    0,    0,    0,    0,    0,    0,    0,    0,    0,    0,    0,    0,    0,    0,    0,    0,    0,    0,    0,    0,    0,    0,    0,    0,    0,    0,    0,    0,    0,    0,    0,    0,    0,    0,    0,    0,    0,    0,    0,    0,    0,    0,    0,    0,    0,   -9,  -14,    0,  -14,    0,    0,    0,    0,    0,    0,  -14,    0,    0,    0,    0,    0,    0,    0,    0,    0,    0,    0,  -19,    0,
       0,    0,    0,    0,  -37,  -23,  -37,  -49,  -14,  -14,    0,    0,    0,    0,    0,    0,    0,    0,    0,    0,    0,    0,    0,    0,    0,    0,    0,    0,    0,    0,    0,    0,    0,    0,    0,    0,    0,    0,    0,    0,    0,    0,    0,  -23,  -19,    0,    0,    0,    0,    0,    0,    0,    0,    0,    0,    0,    0,    0,    0,    0,    0,    0,    0,    0,    0,    0,    0,    0,    0,    0,    0,    0,    0,    0,    0,  -23,  -12,    0,  -33,   14,  -40,  -23,  -12,    0,   -7,  -14,    0,    0,    0,  -28,  -28,    0,  -14,  -33,  -25,  -23,  -23,  -33,   -9,  -23,  -14,  -16,  -14,  -47,    9,  -26,    0,   33,    0,  -14,   14,    0,    0,   12,  -23,  -33,  -47,    0,  -19,    0,   -9,    0,    9,
       0,    0,    0,   14,    5,    0,    0,    0,    0,    5,    0,    0,    0,    0,    0,    0,    0,    0,    0,    0,    0,    0,    0,    0,    0,    0,    0,    0,    0,    0,    0,    0,    0,    0,    0,    0,    0,    0,    0,    0,    0,    0,    0,    0,    0,    0,    0,    0,    0,    0,    0,    0,    0,    0,    0,    0,    0,    0,    0,    0,    0,    0,    0,    0,    0,    0,    0,    0,    0,    0,    0,    0,    0,    0,    0,  -14,    0,   28,    9,    0,    9,    9,    9,    0,   12,  -23,   14,    0,    0,   19,    0,    0,    0,   14,    0,   19,    0,   14,    0,  -28,    0,    9,  -28,    9,    9,    0,    9,   23,   28,    0,    0,    0,    9,    0,  -33,  -28,   14,   -5,    0,    0,    0,    0,    0,
       0,    0,    0,    9,    5,    0,    5,    0,    0,    0,    0,    0,    0,    0,    0,    0,    0,    0,    0,    0,    0,    0,    0,    0,    0,    0,    0,    0,    0,    0,    0,    0,    0,    0,    0,    0,    0,    0,    0,    0,    0,    0,    0,    0,    0,    0,    0,    0,    0,    0,    0,    0,    0,    0,    0,    0,    0,    0,    0,    0,    0,    0,    0,    0,    0,    0,    0,    0,    0,    0,    0,    0,    0,    0,    0,    0,    0,    0,    0,    0,    0,    0,    0,    0,    0,    0,    0,    0,    0,    0,   -5,    0,    0,    0,   -7,    0,    0,    0,   14,    0,    7,    5,    0,    0,    0,    0,    0,    0,   33,    7,    0,    0,    0,    0,    0,   -9,    0,    0,    0,    0,    0,   19,   23,
       0,    0,    0,    0,    0,    0,    0,    0,    0,    0,    0,    0,    0,    0,    0,    0,    0,    0,    0,    0,    0,    0,    0,  -58,    0,    0,    0,    0,    0,    0,    0,    0,    0,    0,    0,    0,    0,    0,    0,    0,    0,    0,    0,    0,    0,    0,    0,    0,    0,    0,    0,    0,    0,    0,    0,    0,    0,    0,    0,    0,    0,    0,    0,    0,    0,    0,    0,    0,    0,    0,    0,    0,    0,    0,  -42,   -9,    0,    0,    0,  -37,    0,    0,    0,    0,    0,  -14,    0,  -51,    0,    0,    0,    0,    0,    0,    0,    0,    0,    0,    0,  -23,  -23,    0,  -23,    0,    0,    0,    0,    0,    0,  -23,  -47,    0,    0,  -47,  -23,  -19,    0,    0,    0,    0,    0,    0,    0,
       0,    0,    0,    0,    0,    0,    0,    0,    0,    0,    0,    0,    0,    0,    0,    0,    0,    0,    0,    0,    0,    0,    0,    0,    0,    0,    0,    0,    0,    0,    0,    0,    0,    0,    0,    0,    0,    0,    0,    0,    0,    0,    0,    0,    0,    0,    0,    0,    0,    0,    0,    0,    0,    0,    0,    0,    0,    0,    0,    0,    0,    0,    0,    0,    0,    0,    0,    0,    0,    0,    0,    0,    0,    0,    0,    0,    0,    0,    0,    0,    0,   -9,  -14,    0,    0,    0,    0,    0,    0,  -14,    0,    0,    0,    0,    0,    0,    0,    0,    0,    0,    0,    0,    0,    0,    0,    0,    0,    0,    0,    0,    0,    0,    0,    0,    0,    0,    0,    0,    0,    0,    0,    0,    0,
       0,    0,    0,    0,    0,    0,    0,    0,    0,    0,    0,    0,    0,    0,    0,    0,    0,    0,    0,    0,    0,    0,    0,    0,    0,    0,    0,    0,    0,    0,    0,    0,    0,    0,    0,    0,    0,    0,    0,    0,    0,    0,    0,    0,    0,    0,    0,    0,    0,    0,    0,    0,    0,    0,    0,    0,    0,    0,    0,    0,    0,    0,    0,    0,    0,    0,    0,    0,    0,    0,    0,    0,    0,    0,    0,    0,    0,    0,    0,    0,    0,    0,   -9,    0,    0,    0,    0,    0,    0,    0,    0,    0,    0,    0,    0,    0,    0,    0,    0,    0,    0,    0,    0,    0,    0,    0,    0,    0,    0,    0,    0,    0,    0,    0,  -14,    0,    0,    0,    0,    0,    0,    0,    0,
       0,    0,    0,    0,    0,    0,    0,    0,    0,    0,    0,    0,    0,    0,    0,    0,    0,    0,    0,    0,    0,    0,    0,    0,    0,    0,    0,    0,    0,    0,    0,    0,    0,    0,    0,    0,    0,    0,    0,    0,    0,    0,    0,    0,    0,    0,    0,    0,    0,    0,    0,    0,    0,    0,    0,    0,    0,    0,    0,    0,    0,    0,    0,    0,    0,    0,    0,    0,    0,    0,    0,    0,    0,    0,    0,    0,    0,    0,    0,    0,    0,    0,    0,    0,    0,    0,    0,    0,    0,    0,    0,    0,    0,    0,    0,    0,    0,    0,    0,   -9,    0,    0,    0,    0,    0,    0,    0,    0,    0,    0,    0,    0,    0,    0,    0,  -14,    0,    0,    0,    0,    0,    0,    0,
       0,    0,    0,    0,  -33,    0,  -33,    0,    0,    0,    0,    0,    0,    0,    0,    0,    0,    0,    0,    0,    0,    0,    0,    0,    0,    0,    0,    0,    0,    0,    0,    0,    0,    0,    0,    0,    0,    0,    0,    0,    0,    0,    0,    0,    0,    0,    0,    0,    0,    0,    0,    0,    0,    0,    0,    0,    0,    0,    0,    0,    0,    0,    0,    0,    0,    0,    0,    0,    0,    0,    0,    0,    0,    0,    0,    0,    0,    0,    0,    0,    0,    0,    0,    0,    0,    0,    0,    0,    0,    0,  -14,    0,    0,  -23,   -9,   -5,   -5,  -19,    0,    0,    0,    0,    0,  -23,  -14,   -9,    0,    0,    0,    0,    0,    0,    0,    0,    0,  -14,    0,    0,    0,    0,    0,    0,    0,
       0,    0,    0,    0,    0,    0,    0,    0,    0,    0,   -9,    0,    0,    0,    0,    0,    0,    0,    0,    0,    0,    0,    0,    0,    0,    0,    0,    0,    0,    0,    0,    0,    0,    0,    0,    0,    0,    0,    0,    0,    0,    0,    0,    0,    0,    0,    0,    0,    0,    0,    0,    0,    0,    0,    0,    0,    0,    0,    0,    0,    0,    0,    0,    0,    0,    0,    0,    0,    0,    0,    0,    0,    0,    0,    0,    0,    0,    0,    0,    0,    0,    0,    0,    0,    0,    0,    0,    0,    0,    0,    0,    0,    0,    0,    0,    0,    0,    0,    0,    0,   -7,    0,    0,    0,    0,    0,    0,    0,    0,   -7,    0,    0,    0,    0,    0,  -14,    0,    0,    0,    0,    0,  -14,   -9,
       0,    0,    0,    0,    0,    0,    0,    0,    0,    0,    0,    0,    0,    0,    0,    0,    0,    0,    0,    0,    0,    0,    0,    0,    0,    0,    0,    0,    0,    0,    0,    0,    0,    0,    0,    0,    0,    0,    0,    0,    0,    0,    0,    0,    0,    0,    0,    0,    0,    0,    0,    0,    0,    0,    0,    0,    0,    0,    0,    0,    0,    0,    0,    0,    0,    0,    0,    0,    0,    0,    0,    0,    0,    0,    0,    0,    0,    0,    0,    0,    0,    0,   -9,    0,    0,    0,    0,    0,    0,   -5,    0,    0,    0,    0,    0,    0,    0,    0,    0,    0,    0,    0,    0,   -9,    0,    0,    0,    0,    0,    0,    0,    0,    0,    0,    0,    0,    0,    0,    0,    0,    0,    0,    0,
       0,    0,    0,    0,    0,    0,    0,    0,    0,    0,    0,    0,    0,    0,    0,    0,    0,    0,    0,    0,    0,    0,    0,    0,    0,    0,    0,    0,    0,    0,    0,    0,    0,    0,    0,    0,    0,    0,    0,    0,    0,    0,    0,    0,    0,    0,    0,    0,    0,    0,    0,    0,    0,    0,    0,    0,    0,    0,    0,    0,    0,    0,    0,    0,    0,    0,    0,    0,    0,    0,    0,    0,    0,    0,    0,    0,    0,    0,    0,    0,    0,    0,    0,    0,    0,    0,    0,    0,    0,    0,    0,    0,    0,    0,   -7,    0,    0,    0,    0,    0,    0,    0,    0,    0,    0,    0,    0,    0,    0,    0,    0,    0,    0,    0,    0,   -9,    0,    0,    0,    0,    0,    0,    0,
       0,    0,    0,   14,    0,    0,    0,    0,    0,    0,    0,    0,    0,    0,    0,    0,    0,    0,    0,    0,    0,    0,    0,    0,    0,    0,    0,    0,    0,    0,    0,    0,    0,    0,    0,    0,    0,    0,    0,    0,    0,    0,    0,    0,    0,    0,    0,    0,    0,    0,    0,    0,    0,    0,    0,    0,    0,    0,    0,    0,    0,    0,    0,    0,    0,    0,    0,    0,    0,    0,    0,    0,    0,    0,    0,  -33,    0,    0,    5,    0,    5,    9,    0,    0,   12,  -51,   14,    0,    0,    0,  -19,  -14,    0,   14,   -9,    0,   -9,   14,    0,  -28,  -37,    9,  -28,    0,    9,   -9,    0,   23,    0,  -37,    0,    0,    0,    0,  -33,  -75,   14,   -5,   -9,    0,    0,    0,    0,
       0,    0,    0,    0,  -37,    0,  -37,    0,    0,    0,    0,  -33,    0,    0,    0,    0,    0,   19,    0,    9,    0,    9,    0,    0,    0,    0,    9,  -14,    0,  -14,    9,    0,    5,    0,    0,  -14,    0,    0,    5,    0,    5,    0,    0,    0,    0,  -51,  -56,    0,    0,    0,    0,  -14,    0,   23,   23,  -14,    9,    0,    0,  -14,    9,   23,    9,    0,  -14,    0,    0,  -14,    0,    0,    0,    0,    0,    0,   19,    0,    0,    0,  -26,    9,  -33,  -30,    0,    0,    0,    0,    0,    0,    0,  -14,    0,    0,    0,  -14,  -14,    0,    0,  -19,    0,    0,    5,    0,    0,  -23,    9,  -14,    0,   23,    5,    5,    9,    9,    0,    9,    0,    0,  -56,    0,    0,    0,    0,    0,    0,
       0,    0,    0,    0,  -37,    0,  -37,    0,    0,    0,    0,  -47,    0,  -19,    0,    0,   -9,    0,    0,    9,    0,    9,    0,    0,    0,  -19,    5,  -23,    0,  -40,    5,    0,    0,    0,    0,  -37,    5,    0,    0,    0,    0,   -9,    0,    0,    0,    0,  -77,  -19,    0,  -19,  -19,  -23,    0,    9,    9,  -23,    5,  -19,  -19,  -23,    5,   19,    5,    0,  -37,   -9,    0,  -40,    0,    0,  -19,    0,    0,    0,    0,  -19,   -9,    0,  -35,    0,  -47,  -35,   -9,    0,    0,    0,    0,    0,    0,  -19,  -19,    0,    0,  -33,  -23,    0,    0,  -33,    0,    0,    0,    0,    0,  -37,    5,  -37,    0,    9,    0,    0,    9,    0,    0,    9,    0,  -23,  -77,    0,    0,    0,    0,    0,    0,
};

static const EpdLigaturePair bookerly_14_regularLigaturePairs[] = {
    { 0x00660066, 0xFB00 }, // f f -> U+FB00
    { 0x00660069, 0xFB01 }, // f i -> U+FB01
    { 0x0066006C, 0xFB02 }, // f l -> U+FB02
    { 0xFB000069, 0xFB03 }, // U+FB00 i -> U+FB03
    { 0xFB00006C, 0xFB04 }, // U+FB00 l -> U+FB04
};

static const EpdFontData bookerly_14_regular = {
    bookerly_14_regularBitmaps,
    bookerly_14_regularGlyphs,
    bookerly_14_regularIntervals,
    70,
    38,
    31,
    -8,
    true,
    bookerly_14_regularGroups,
    14,
    nullptr,
    bookerly_14_regularKernLeftClasses,
    bookerly_14_regularKernRightClasses,
    bookerly_14_regularKernMatrix,
    676,
    685,
    149,
    123,
    bookerly_14_regularLigaturePairs,
    5,
};
