/**
 * generated by fontconvert.py
 * name: bookerly_12_bold
 * size: 12
 * mode: 2-bit  compressed: zopfli
 * hinting: auto (FT_LOAD_FORCE_AUTOHINT — grid-fits stems to whole pixels)
 * Command used: fontconvert.py bookerly_12_bold 12 ../builtinFonts/source/Bookerly/Bookerly-Bold.ttf --2bit --compress --zopfli
 */
#pragma once
#include "EpdFontData.h"

static const uint8_t bookerly_12_boldBitmaps[26886] = {
    0x95, 0x97, 0x31, 0xB0, 0xDD, 0xC6, 0x75, 0x86, 0x3F, 0x60, 0x25, 0x42, 0x23, 0x8C, 0x07, 0x69,
    0x94, 0x78, 0x86, 0x93, 0x81, 0x0A, 0x37, 0x49, 0x34, 0x46, 0xE3, 0x22, 0x05, 0xC9, 0x85, 0xA2,
    0xC2, 0x85, 0x1A, 0x15, 0x52, 0x95, 0x36, 0x95, 0x55, 0x3C, 0x97, 0x29, 0x44, 0x02, 0xB1, 0x4A,
    0x15, 0x66, 0x9F, 0x46, 0x85, 0x0A, 0xCF, 0x53, 0xA1, 0x14, 0xC9, 0x8C, 0x0A, 0x92, 0xBB, 0x92,
    0x0A, 0x97, 0x81, 0xDD, 0xBA, 0x10, 0x32, 0x61, 0x13, 0xA5, 0xE0, 0x66, 0x04, 0x47, 0x20, 0xB9,
    0xC0, 0xEF, 0x5D, 0xBC, 0x47, 0x3D, 0x51, 0xA2, 0x4C, 0xEA, 0xEE, 0xF9, 0x3E, 0xEE, 0xDD, 0x7B,
    0xB0, 0xF7, 0x2C, 0x00, 0x2C, 0xEF, 0xBB, 0xC6, 0xCE, 0x96, 0x5A, 0x7C, 0xAC, 0xDD, 0x4A, 0xED,
    0x1D, 0xFE, 0x02, 0xB8, 0x8E, 0x50, 0xF2, 0x4B, 0xCF, 0xF7, 0x77, 0xBA, 0x7E, 0xB7, 0xFD, 0x96,
    0x83, 0x14, 0xF1, 0x88, 0x8F, 0xFF, 0x06, 0x80, 0xCE, 0xCC, 0xD8, 0x6A, 0xE2, 0x5A, 0xED, 0xB9,
    0xDE, 0xF8, 0x56, 0xDA, 0x3A, 0x29, 0xB2, 0x76, 0x7D, 0xB1, 0x58, 0xCA, 0x70, 0x8D, 0xB7, 0x1F,
    0xE8, 0x7D, 0x27, 0x05, 0x25, 0xAA, 0x29, 0x52, 0xFB, 0x95, 0xE6, 0x93, 0x85, 0xE6, 0x57, 0x01,
    0x80, 0x1A, 0x9A, 0x23, 0xDA, 0xB1, 0xD4, 0xDA, 0x68, 0xEF, 0x7E, 0x3D, 0xD8, 0xA6, 0xB3, 0xCD,
    0x5F, 0xDB, 0x5F, 0xD3, 0x89, 0x46, 0xA3, 0xD1, 0xC2, 0xB0, 0xF1, 0x53, 0xBD, 0xF2, 0xCA, 0xF0,
    0xCE, 0x2B, 0xF6, 0xFA, 0x2B, 0x37, 0x86, 0xEB, 0x9B, 0xD5, 0x5A, 0x69, 0xE2, 0x0A, 0x8F, 0x05,
    0x00, 0xC5, 0x1B, 0x54, 0x3D, 0xED, 0x4E, 0xE3, 0xB1, 0xAE, 0x6F, 0x7B, 0x6E, 0x37, 0xA3, 0x85,
    0xD8, 0xF8, 0x77, 0x0E, 0xAF, 0xD9, 0x9F, 0x86, 0xEC, 0x77, 0x67, 0xB8, 0xDD, 0xBD, 0xFE, 0xC9,
    0x8E, 0xDD, 0x9B, 0xD7, 0xE5, 0xEB, 0xB5, 0x6B, 0xDF, 0x9B, 0xE1, 0x7A, 0x67, 0xF2, 0xE7, 0x36,
    0xB9, 0x08, 0xD9, 0x66, 0xCE, 0xAE, 0xBD, 0x35, 0x33, 0xCD, 0xD8, 0xBD, 0x37, 0xD1, 0xE5, 0xDA,
    0xB8, 0x46, 0xB9, 0xC1, 0x0B, 0x00, 0x3C, 0xFF, 0x06, 0x30, 0x44, 0x40, 0x82, 0x72, 0x1D, 0xC0,
    0x04, 0x9B, 0x75, 0x35, 0x6B, 0x49, 0x5A, 0x46, 0xA8, 0x63, 0xAA, 0xBC, 0xDB, 0x6A, 0x4D, 0x83,
    0xBB, 0xB4, 0x8F, 0xB7, 0xAD, 0x8F, 0xC4, 0x26, 0x24, 0x99, 0x2D, 0xB2, 0xA1, 0x15, 0xD7, 0xDB,
    0x0D, 0xBB, 0x4B, 0x6B, 0xAB, 0xA4, 0xC2, 0xDD, 0x6D, 0xC3, 0x4B, 0xB7, 0xB7, 0x2D, 0xA6, 0xD7,
    0x07, 0xF0, 0x13, 0x62, 0x19, 0xAB, 0xD0, 0x4C, 0xED, 0xD8, 0x61, 0xB9, 0xC1, 0xED, 0xC7, 0xAE,
    0xE3, 0xED, 0x34, 0x62, 0xE9, 0xFA, 0xC6, 0xD7, 0xB3, 0x59, 0x8A, 0x8D, 0x77, 0xE0, 0xC7, 0x5C,
    0xC3, 0x8E, 0xCD, 0x54, 0x85, 0x34, 0x72, 0x91, 0xF4, 0xA8, 0x5D, 0x3B, 0x9B, 0xA4, 0x58, 0x4D,
    0xA8, 0xE7, 0xD6, 0xDB, 0xFE, 0x2A, 0xCF, 0xC1, 0x55, 0x7E, 0x94, 0x8E, 0xBA, 0x42, 0xF7, 0xE0,
    0x66, 0x99, 0x4A, 0x7E, 0x30, 0xA5, 0xFE, 0x8F, 0xAE, 0x1E, 0x67, 0x3A, 0x3E, 0x16, 0x52, 0x4C,
    0x71, 0xBA, 0xFF, 0xE6, 0x9B, 0x83, 0x45, 0xDF, 0xCC, 0x75, 0xA8, 0x42, 0x3D, 0x35, 0xBE, 0xED,
    0xAF, 0xF1, 0xF7, 0xFC, 0xE2, 0x54, 0xD2, 0xFE, 0xE8, 0xE6, 0x02, 0x9B, 0x70, 0x89, 0x0D, 0x8A,
    0x08, 0x66, 0x4D, 0x04, 0xA8, 0x67, 0x68, 0x26, 0x68, 0x3D, 0xD8, 0x1E, 0x06, 0xE0, 0x4E, 0x22,
    0x42, 0x99, 0x30, 0x0B, 0x54, 0x01, 0x9A, 0x39, 0xE1, 0xA1, 0x1B, 0xCF, 0xD2, 0x18, 0xEE, 0x62,
    0xB4, 0xD3, 0x48, 0x63, 0x37, 0x0D, 0xDE, 0xFA, 0xE4, 0xBE, 0x9D, 0x5D, 0xDF, 0x04, 0xF1, 0x1D,
    0xD2, 0x78, 0x3B, 0x0F, 0x63, 0xE7, 0xED, 0x94, 0x2C, 0x51, 0x2B, 0x52, 0xB8, 0x09, 0x80, 0x9F,
    0x72, 0x49, 0xB8, 0x23, 0xFE, 0x52, 0xF0, 0x67, 0xE3, 0x92, 0xEE, 0x0E, 0x8A, 0x29, 0x72, 0x01,
    0x95, 0x76, 0x5A, 0xA9, 0xB7, 0xDE, 0x79, 0x9B, 0x6C, 0xB1, 0xFE, 0x45, 0x06, 0x0F, 0xAE, 0xA7,
    0x10, 0x54, 0x11, 0x9A, 0x05, 0xEC, 0x04, 0xEA, 0x31, 0xF9, 0x6D, 0x00, 0xFB, 0xE0, 0xF4, 0x7D,
    0x2B, 0x85, 0x56, 0x9A, 0x0A, 0x37, 0xD3, 0xE6, 0xE9, 0xB4, 0x73, 0xA3, 0x10, 0x57, 0x10, 0x14,
    0x3B, 0x47, 0xF2, 0xC9, 0x4C, 0xA5, 0x05, 0xA3, 0x8D, 0xA2, 0x14, 0x70, 0x4E, 0xB9, 0x43, 0x1B,
    0x79, 0x5B, 0x0B, 0x83, 0x26, 0xBA, 0xFB, 0x00, 0x45, 0x0A, 0x81, 0x49, 0xD4, 0x89, 0x36, 0x61,
    0x13, 0xBB, 0x28, 0xA3, 0x30, 0x41, 0x34, 0x93, 0xE8, 0x46, 0x31, 0x20, 0x24, 0xAD, 0x2E, 0xF1,
    0xB7, 0xA7, 0xFA, 0x00, 0xC4, 0x37, 0x69, 0x74, 0xCE, 0x83, 0x53, 0x9A, 0x89, 0x33, 0xEE, 0x42,
    0xAB, 0x29, 0xB1, 0xF2, 0xA2, 0xDB, 0xC0, 0x08, 0xF8, 0x6E, 0x4D, 0x1F, 0x6A, 0xC1, 0xC9, 0x1F,
    0x35, 0x1D, 0x63, 0x9D, 0xC6, 0x42, 0x1A, 0x2B, 0xF5, 0x34, 0x2B, 0x74, 0x33, 0xD8, 0x2F, 0x6E,
    0x32, 0x28, 0xE2, 0x24, 0x54, 0x68, 0x14, 0xCE, 0x0B, 0xEB, 0x8F, 0x33, 0x39, 0x5A, 0x9F, 0xDC,
    0x5F, 0x5C, 0xA4, 0x9B, 0x39, 0x2F, 0xD3, 0xEB, 0x54, 0x44, 0x76, 0xD6, 0x32, 0xF2, 0x13, 0xB3,
    0x40, 0x13, 0xA0, 0x9D, 0xC0, 0x8E, 0x30, 0xF4, 0x20, 0x28, 0x72, 0x69, 0xF1, 0x8C, 0x6A, 0x4D,
    0x9C, 0xDF, 0x40, 0x65, 0x46, 0x37, 0x8F, 0xFA, 0x07, 0xED, 0xB8, 0x57, 0xC5, 0x59, 0xDB, 0x19,
    0x7E, 0x15, 0xE9, 0x1E, 0x06, 0x8C, 0x26, 0x2A, 0xA5, 0xFE, 0xA7, 0x62, 0xE8, 0xDD, 0x98, 0x6B,
    0x3A, 0x18, 0xDD, 0x38, 0x3C, 0x14, 0x9D, 0xE2, 0x31, 0x07, 0x27, 0xE7, 0x37, 0xDF, 0xAE, 0xB1,
    0x9D, 0x73, 0xBD, 0x5D, 0x72, 0x1B, 0xAC, 0x6F, 0x82, 0x9D, 0x9B, 0xD0, 0x2D, 0x4D, 0x68, 0xA4,
    0xD9, 0x48, 0x13, 0xBF, 0x70, 0x1E, 0xDC, 0x48, 0x29, 0x68, 0x23, 0x9D, 0x96, 0xC4, 0x48, 0xBD,
    0x5E, 0xEC, 0xBC, 0x17, 0xAF, 0x8B, 0xB1, 0x6A, 0x4A, 0x73, 0x84, 0x6A, 0xE2, 0xE2, 0xD5, 0xD7,
    0x73, 0x15, 0x4C, 0xA8, 0xE6, 0xDA, 0x37, 0x63, 0xC7, 0x15, 0xE0, 0x65, 0xCA, 0x85, 0x6E, 0x29,
    0x53, 0x1D, 0x0B, 0xEA, 0x73, 0x74, 0x0B, 0xA5, 0x7A, 0xEC, 0x72, 0x2C, 0xFF, 0x97, 0xF0, 0xE8,
    0x81, 0x3D, 0xFD, 0x0D, 0x90, 0x7C, 0xF6, 0xF6, 0x65, 0xB8, 0x01, 0x6E, 0xA2, 0xDD, 0x28, 0xE4,
    0x69, 0x57, 0x4C, 0x3C, 0xA6, 0xEA, 0xBB, 0x05, 0xD7, 0xF3, 0x33, 0x00, 0x9E, 0xEF, 0xB1, 0x2B,
    0x83, 0xB8, 0xE6, 0x3C, 0xF5, 0x84, 0x09, 0x39, 0x2E, 0x87, 0x4B, 0x9A, 0x1B, 0x8D, 0xCD, 0x7D,
    0x9A, 0x91, 0x7A, 0xA4, 0x00, 0x20, 0x55, 0xDB, 0x84, 0x1C, 0x47, 0xD9, 0x27, 0x3B, 0x50, 0x4B,
    0x01, 0x86, 0xDD, 0x6D, 0x94, 0x7B, 0x5F, 0x88, 0x6A, 0x81, 0xCE, 0x37, 0x1E, 0x9A, 0xA9, 0xEB,
    0xBB, 0xB9, 0x9A, 0x6D, 0xA1, 0xD5, 0x84, 0x1B, 0x66, 0x8E, 0x26, 0xDC, 0x2E, 0xC6, 0xE4, 0xC8,
    0xE5, 0xC3, 0xCA, 0x2E, 0x97, 0x58, 0x4F, 0xB9, 0xD3, 0xF8, 0xCD, 0x48, 0xAE, 0xBF, 0x53, 0x6A,
    0xD8, 0x19, 0xB8, 0xDD, 0xCE, 0xD8, 0x11, 0x20, 0x75, 0x80, 0x7A, 0xA3, 0xF8, 0x37, 0x4A, 0x3D,
    0x38, 0xBE, 0x51, 0xF2, 0x70, 0x49, 0xF7, 0x8F, 0x45, 0x64, 0x1D, 0xA9, 0xCE, 0x03, 0x9A, 0xA0,
    0xD0, 0x0C, 0x46, 0x21, 0xE9, 0x0F, 0x0B, 0xD4, 0xBF, 0x8D, 0xD0, 0x7C, 0x96, 0xD4, 0xFE, 0xC3,
    0x06, 0xB6, 0x50, 0xD2, 0x69, 0x92, 0x93, 0x46, 0x24, 0xF9, 0x62, 0xC5, 0x4E, 0x66, 0x21, 0x55,
    0x1C, 0xE8, 0x16, 0x2B, 0x24, 0xAB, 0x42, 0x2A, 0xDE, 0x7A, 0x03, 0x2B, 0x65, 0x7C, 0x15, 0x87,
    0xD9, 0xC4, 0x36, 0x98, 0xD8, 0x9C, 0xD3, 0x4E, 0x66, 0x77, 0xA3, 0x91, 0x32, 0xF9, 0xFD, 0x6A,
    0xE2, 0x37, 0x5B, 0xBD, 0x56, 0xBB, 0x0B, 0x56, 0x9A, 0x6C, 0xAE, 0xB5, 0x78, 0x0B, 0x06, 0xCD,
    0xA5, 0x14, 0xEA, 0xFB, 0x7F, 0x15, 0xD2, 0xD1, 0xC1, 0xFA, 0x32, 0x0C, 0x7D, 0x31, 0x3A, 0x40,
    0xDF, 0xA6, 0x3F, 0x5B, 0xD2, 0x30, 0x83, 0xBD, 0xCF, 0x9B, 0x8D, 0xB4, 0xE4, 0xEF, 0xE1, 0x24,
    0x9D, 0xEB, 0xB7, 0xDE, 0x84, 0x41, 0x9A, 0xB2, 0x36, 0xAA, 0xF8, 0x8F, 0xEA, 0x4D, 0x44, 0x3E,
    0xC9, 0x4E, 0x49, 0xDD, 0x9C, 0x94, 0x6B, 0xA5, 0x79, 0x82, 0xDA, 0x39, 0xA7, 0xE4, 0xE4, 0x61,
    0x34, 0xB1, 0x10, 0xA9, 0xCE, 0x88, 0x95, 0x66, 0x86, 0x5C, 0xA9, 0x95, 0x62, 0xA6, 0xDA, 0x3F,
    0x8C, 0x29, 0x29, 0xF3, 0x71, 0x82, 0x83, 0xFD, 0x34, 0x2F, 0xD7, 0x27, 0xC6, 0x47, 0x63, 0x89,
    0x9F, 0x25, 0x6E, 0x25, 0x8E, 0x63, 0xCE, 0x8F, 0x5F, 0x13, 0x21, 0x53, 0xED, 0x1F, 0x05, 0x13,
    0xCB, 0x44, 0x91, 0xA0, 0x4F, 0x70, 0x20, 0xF9, 0x4C, 0x9A, 0xF3, 0x7C, 0xEC, 0x82, 0x6A, 0x03,
    0xAB, 0x29, 0x93, 0x4F, 0x5D, 0x4F, 0xA7, 0x54, 0xA9, 0xB6, 0x7A, 0x7F, 0x75, 0x6B, 0x03, 0x9B,
    0xF5, 0xDC, 0x1A, 0x46, 0xFE, 0xC9, 0xF5, 0x20, 0x1E, 0xD1, 0x49, 0x58, 0xA9, 0xBF, 0x2C, 0x37,
    0xA2, 0x61, 0x42, 0x76, 0x41, 0x8D, 0xEE, 0xC9, 0x48, 0xA2, 0xD3, 0xCD, 0x41, 0x5E, 0xEA, 0x0F,
    0x53, 0x45, 0xDA, 0x85, 0xE3, 0xAC, 0x3C, 0xC9, 0xFB, 0xE9, 0x47, 0xC9, 0x92, 0x1E, 0x39, 0x8F,
    0x7F, 0xBF, 0x53, 0xC5, 0xED, 0x1F, 0xB1, 0x17, 0xF3, 0x27, 0x4F, 0xA9, 0x93, 0xC6, 0x4D, 0x7C,
    0x7A, 0xA4, 0x34, 0x9B, 0xF3, 0xA7, 0x4A, 0x5B, 0xA5, 0xC8, 0x30, 0x61, 0xFD, 0xB3, 0xC6, 0x30,
    0xE2, 0xFA, 0x42, 0xD4, 0x1B, 0x76, 0xA1, 0xCD, 0x5B, 0xF0, 0x67, 0x0A, 0x83, 0xDE, 0xD5, 0x5C,
    0x45, 0x76, 0x4C, 0x34, 0x6B, 0x52, 0x33, 0x27, 0xD9, 0x31, 0xE9, 0x0E, 0x98, 0x7D, 0x4D, 0xD2,
    0x92, 0xB5, 0x25, 0x6D, 0x4A, 0x8A, 0xCE, 0x27, 0xD9, 0x90, 0x93, 0x63, 0x52, 0xA5, 0x54, 0x58,
    0xA1, 0xC9, 0xCA, 0x0F, 0xCB, 0x20, 0x5F, 0xCF, 0x49, 0x24, 0xD2, 0x70, 0x4E, 0x7F, 0x26, 0xFE,
    0xF9, 0x5B, 0x37, 0xC7, 0x3A, 0x48, 0x4B, 0x2D, 0x6F, 0x14, 0xEA, 0xBC, 0xDE, 0x80, 0xE6, 0x5A,
    0x3D, 0x0A, 0x8D, 0xC8, 0x4E, 0x6B, 0xF9, 0x6A, 0x6D, 0x87, 0xBE, 0xF8, 0xFF, 0xD8, 0xD9, 0xB1,
    0xF8, 0x63, 0xBC, 0x66, 0xC7, 0x32, 0x6C, 0x57, 0xB2, 0xF7, 0x5B, 0xD6, 0x9B, 0x30, 0xAC, 0xD9,
    0x76, 0x39, 0x1C, 0xBA, 0xE4, 0x76, 0xCE, 0x6E, 0xA6, 0xCE, 0x57, 0xA1, 0xCE, 0x9B, 0xB6, 0x8A,
    0x5E, 0xDB, 0x20, 0x0A, 0x6D, 0x36, 0x32, 0x08, 0xAB, 0xEC, 0x4A, 0x7D, 0xB5, 0x60, 0x94, 0x92,
    0x93, 0xC3, 0xE1, 0x25, 0xFB, 0x61, 0xCC, 0xFE, 0x52, 0xD9, 0xFF, 0xA7, 0x77, 0x93, 0x83, 0xFB,
    0x2C, 0xDB, 0x7E, 0x99, 0xDD, 0x3E, 0xCC, 0xAE, 0x95, 0x6D, 0x0E, 0x17, 0xD9, 0x0B, 0x2E, 0xD0,
    0xA9, 0xB7, 0x01, 0xAB, 0xBE, 0x09, 0x8F, 0xF6, 0xA4, 0xE2, 0x4D, 0x60, 0xD0, 0x44, 0x29, 0xAD,
    0xD4, 0xF7, 0xDB, 0x8D, 0x76, 0x2A, 0x85, 0xF5, 0xA8, 0x1F, 0x7A, 0xDC, 0xE8, 0xC0, 0x7A, 0x3D,
    0x49, 0x3D, 0x76, 0x74, 0x23, 0x0E, 0x3B, 0x21, 0xBA, 0xC5, 0x44, 0x1A, 0xB9, 0x5C, 0xB4, 0x26,
    0x38, 0xB9, 0x0F, 0xA4, 0x0D, 0xC0, 0x4A, 0x63, 0x22, 0x98, 0x78, 0xB2, 0x9A, 0x58, 0xC7, 0x6F,
    0x6F, 0x3E, 0x26, 0x76, 0x21, 0x1F, 0x91, 0xC0, 0xEC, 0x37, 0x1F, 0xBF, 0x28, 0x17, 0x4F, 0xD7,
    0xE3, 0xA5, 0x2E, 0xDF, 0x57, 0xEA, 0xF0, 0x67, 0x4B, 0x1D, 0xC6, 0xC1, 0xE7, 0x7A, 0xE7, 0x62,
    0xA7, 0x5B, 0xAB, 0x48, 0x2D, 0x2D, 0x14, 0x92, 0x87, 0x36, 0xD7, 0x6B, 0x56, 0x00, 0x8D, 0x40,
    0xA7, 0x0F, 0xCE, 0xEF, 0x3B, 0x4E, 0x66, 0xAB, 0x1D, 0x06, 0x69, 0xE6, 0xF2, 0xAE, 0x85, 0xBC,
    0x8E, 0x24, 0xF3, 0xB5, 0xAA, 0x35, 0xA9, 0x0D, 0x18, 0xC9, 0x27, 0xED, 0x60, 0xF6, 0xAC, 0xE8,
    0xFA, 0x24, 0xEB, 0x93, 0x9A, 0x90, 0xF3, 0xF2, 0x03, 0x54, 0xAA, 0xB7, 0xF2, 0x6E, 0x4E, 0x6A,
    0x27, 0x5E, 0x7A, 0x23, 0x17, 0x90, 0x2B, 0xE9, 0xDB, 0x65, 0xE8, 0xAD, 0xEF, 0x12, 0x2D, 0x76,
    0x7E, 0x0E, 0xBB, 0x41, 0xAB, 0x89, 0x5A, 0xEB, 0x91, 0x43, 0xAB, 0xF1, 0xB9, 0x42, 0xFE, 0x3A,
    0xD6, 0xDF, 0x48, 0x0C, 0xFD, 0xD9, 0x8F, 0x82, 0x41, 0x91, 0xCB, 0xBA, 0x89, 0x1E, 0xBD, 0x3E,
    0x7A, 0xA0, 0xD8, 0x04, 0xBB, 0x26, 0xFE, 0xBD, 0x09, 0x57, 0x69, 0x02, 0x4F, 0xA5, 0x3D, 0x4E,
    0x44, 0x9F, 0x60, 0x90, 0x7F, 0xE4, 0x63, 0xBB, 0x78, 0xCA, 0x96, 0xF2, 0x34, 0x6F, 0xB4, 0x33,
    0x85, 0xB0, 0x13, 0xE8, 0xA1, 0x46, 0x38, 0x4E, 0x27, 0x97, 0x34, 0xE7, 0xAE, 0xD7, 0x96, 0x15,
    0x9B, 0x9C, 0x57, 0x25, 0x4D, 0x66, 0xA7, 0xF3, 0xA5, 0xB0, 0x3D, 0x62, 0x00, 0x37, 0xDE, 0x81,
    0xC1, 0x6F, 0x60, 0x3F, 0x89, 0xD0, 0xFD, 0x7E, 0x85, 0xE6, 0xCB, 0x90, 0xF4, 0xD5, 0x0C, 0x95,
    0x26, 0x30, 0xF2, 0x50, 0x6A, 0x04, 0xC4, 0xA1, 0x5C, 0xFF, 0x40, 0x9E, 0x7B, 0x74, 0xB8, 0x7C,
    0xC1, 0xD4, 0x37, 0x79, 0x9B, 0xD1, 0xD8, 0x7A, 0xB3, 0x15, 0xF2, 0xE9, 0x3B, 0xF6, 0x52, 0x93,
    0x1D, 0x0B, 0x19, 0xCD, 0x16, 0x64, 0xEE, 0x85, 0x01, 0xF4, 0xF3, 0xCF, 0xC3, 0x0D, 0x18, 0xDE,
    0xFB, 0xED, 0x72, 0x1B, 0xEC, 0x7F, 0x7E, 0xB6, 0xC6, 0xFC, 0xCF, 0x6B, 0x71, 0x85, 0xEE, 0x5E,
    0xB1, 0x2F, 0xD0, 0x08, 0x05, 0x68, 0x76, 0x34, 0x43, 0xBD, 0xE1, 0x26, 0xA8, 0x22, 0xD6, 0x83,
    0x59, 0xF3, 0x3F, 0x56, 0xFF, 0xA5, 0xC5, 0xEA, 0x77, 0x5A, 0x2A, 0x31, 0x8C, 0x85, 0xFA, 0x1D,
    0xDC, 0xA7, 0xB9, 0xFC, 0xFF, 0xCE, 0x47, 0x2A, 0x1F, 0xA0, 0x11, 0x4A, 0x01, 0x26, 0xF7, 0xEA,
    0x3C, 0xD6, 0x7E, 0x1E, 0xC0, 0xBE, 0x1E, 0x61, 0x37, 0x3B, 0x65, 0x4C, 0x07, 0xD6, 0x2B, 0x9A,
    0x06, 0xBD, 0xA6, 0xE8, 0xF4, 0xF3, 0x33, 0xCD, 0x59, 0x53, 0xBB, 0xB2, 0x53, 0x45, 0x22, 0x66,
    0x2B, 0x57, 0x90, 0x09, 0xE0, 0x5E, 0x9F, 0x72, 0xB5, 0x1E, 0x5A, 0xF5, 0x47, 0x89, 0xE4, 0x1C,
    0x30, 0x4F, 0x50, 0xB5, 0x9D, 0x3F, 0x53, 0x87, 0xAC, 0x34, 0x27, 0x82, 0x3D, 0x75, 0xF3, 0x35,
    0x06, 0x7F, 0x15, 0xF5, 0x2F, 0x94, 0xFB, 0xC5, 0x1F, 0x11, 0xDD, 0x4C, 0x1A, 0x06, 0xF5, 0x98,
    0xB3, 0xE1, 0x90, 0x86, 0x17, 0x3B, 0x97, 0xCB, 0xF0, 0xE0, 0xC3, 0x65, 0xC8, 0xC7, 0x26, 0x00,
    0x14, 0x14, 0xF6, 0xF7, 0x23, 0xCF, 0xD2, 0xF6, 0xF7, 0x73, 0xB6, 0xED, 0xA1, 0x1B, 0xA1, 0xF1,
    0x89, 0x19, 0xAA, 0x00, 0x66, 0x81, 0x32, 0x02, 0x99, 0x3B, 0x89, 0x21, 0x91, 0x13, 0xDB, 0x9C,
    0x34, 0x41, 0x3D, 0x83, 0x09, 0x89, 0x15, 0x8A, 0x08, 0x6C, 0x09, 0x97, 0xB0, 0x0C, 0x61, 0x08,
    0x6F, 0x07, 0xF3, 0x2C, 0x2D, 0xE5, 0xE5, 0xEC, 0x63, 0x66, 0x3B, 0x82, 0xF3, 0xF0, 0x70, 0xA6,
    0xF8, 0x2A, 0xEF, 0xB1, 0x0B, 0x66, 0x5E, 0xA9, 0xA7, 0x48, 0xE3, 0xAF, 0xD3, 0x8E, 0x96, 0xAE,
    0xB7, 0xBD, 0x4D, 0xBD, 0xD3, 0xD3, 0xD3, 0x51, 0x92, 0xCF, 0xBC, 0xCC, 0xC7, 0x6C, 0x0C, 0xB4,
    0xBE, 0x1C, 0x39, 0xFE, 0x64, 0x68, 0xB4, 0x60, 0xEF, 0x45, 0xAC, 0x89, 0x3C, 0x9F, 0xE0, 0xED,
    0x48, 0xA3, 0x88, 0x4D, 0xB8, 0x77, 0x23, 0x32, 0xE7, 0x48, 0xE3, 0xB0, 0xC9, 0xB7, 0xF3, 0x1D,
    0x2E, 0x45, 0xB0, 0x89, 0x2E, 0x61, 0x1E, 0xC3, 0x8D, 0x46, 0x0A, 0x89, 0xC5, 0x6C, 0x79, 0xD3,
    0xAC, 0xA2, 0xF9, 0x4E, 0xAB, 0xD2, 0x78, 0x9D, 0x72, 0xDC, 0x6C, 0xA4, 0xB1, 0x70, 0xF7, 0xC1,
    0x4D, 0x95, 0x96, 0x56, 0x31, 0x3D, 0x38, 0xAE, 0x5F, 0xC5, 0x1B, 0x82, 0xF3, 0x18, 0x71, 0x13,
    0x76, 0x8F, 0xAD, 0x62, 0xA9, 0x89, 0xC2, 0x41, 0x23, 0xA8, 0x13, 0x5C, 0x50, 0x38, 0x51, 0x4B,
    0x74, 0x0F, 0x85, 0xF5, 0xC2, 0xF5, 0xE2, 0x3B, 0xAD, 0x17, 0xEE, 0x5F, 0xC4, 0x20, 0xF5, 0x9D,
    0x5C, 0xAC, 0x57, 0xBB, 0xE6, 0xC9, 0x6B, 0x45, 0xDA, 0x87, 0x1B, 0x36, 0x7D, 0xE6, 0x10, 0xD2,
    0x39, 0xA7, 0xA7, 0x8F, 0xFD, 0x76, 0xB4, 0xFB, 0x1D, 0x5A, 0x6D, 0x94, 0xBA, 0x0B, 0xF5, 0x0E,
    0x56, 0x1E, 0xC9, 0x17, 0x5B, 0xD5, 0x97, 0xE7, 0x67, 0x20, 0xCF, 0x35, 0x24, 0xDE, 0xDE, 0x3F,
    0x78, 0xFA, 0xFF, 0xE5, 0x1B, 0x74, 0x9A, 0xB0, 0x09, 0xDC, 0xBF, 0x2E, 0xB5, 0xF2, 0x39, 0xD8,
    0x17, 0x3B, 0xE5, 0x5D, 0xD3, 0x1E, 0x74, 0xB3, 0xA3, 0xD1, 0x46, 0xA5, 0x95, 0xE6, 0x8B, 0x11,
    0x0B, 0xD8, 0x2F, 0x4E, 0x69, 0xA5, 0xA9, 0x93, 0xC2, 0x40, 0x13, 0x94, 0xE9, 0xED, 0xEC, 0x1E,
    0xCA, 0x5B, 0xED, 0x54, 0x7A, 0xFF, 0xB8, 0x42, 0xD8, 0xAC, 0xEE, 0x89, 0x0F, 0xD5, 0x30, 0x61,
    0xA4, 0x90, 0x74, 0x6F, 0xC5, 0x6C, 0x55, 0x4C, 0x63, 0xE6, 0x99, 0xD4, 0xAA, 0x91, 0xB7, 0x59,
    0xC5, 0xC2, 0x31, 0x48, 0xEA, 0x9C, 0xBD, 0x2E, 0x47, 0x6C, 0xCC, 0x36, 0xDF, 0x1F, 0xAD, 0xC6,
    0x4E, 0x23, 0xD7, 0x41, 0x39, 0x72, 0x07, 0x80, 0x4B, 0xA2, 0x51, 0x36, 0x4F, 0x8D, 0x9D, 0x62,
    0x3B, 0xA6, 0x5A, 0x71, 0x33, 0xB6, 0xE7, 0xC5, 0xAF, 0x57, 0x7B, 0xF9, 0x89, 0xAB, 0xB5, 0x39,
    0xBD, 0xCB, 0x6A, 0xE6, 0xDC, 0x1B, 0x93, 0x1C, 0x98, 0x2D, 0x26, 0x29, 0x5E, 0xFC, 0x5C, 0x1B,
    0x93, 0xEC, 0x94, 0xD4, 0x86, 0xA4, 0x3A, 0x57, 0xFB, 0x9A, 0x48, 0xF5, 0x1E, 0xF7, 0xBC, 0x8D,
    0x74, 0x11, 0xF3, 0x43, 0xA2, 0x93, 0xB7, 0xF2, 0x97, 0x7F, 0xAF, 0x57, 0x85, 0xEE, 0xE9, 0x73,
    0xF9, 0x13, 0x39, 0xB9, 0xB9, 0x59, 0xDA, 0xA5, 0x0D, 0xCD, 0x0F, 0x6C, 0x43, 0xB4, 0x69, 0x2D,
    0x2E, 0x0E, 0x71, 0xD8, 0x2E, 0xFF, 0x4E, 0xBD, 0xEE, 0x1D, 0xF3, 0xE5, 0xD9, 0x9E, 0xE5, 0x58,
    0xB9, 0x04, 0x6E, 0xA6, 0xD6, 0xF6, 0xE8, 0x49, 0x19, 0x5D, 0x3F, 0x78, 0x61, 0x1F, 0xA7, 0x1F,
    0x46, 0x97, 0x7B, 0x0F, 0x77, 0x5A, 0xAD, 0x94, 0x1A, 0xB9, 0xB4, 0xB8, 0xD1, 0x4A, 0xE1, 0xF2,
    0x53, 0x9F, 0xED, 0xE6, 0xEB, 0x67, 0xDB, 0xE8, 0xFE, 0x13, 0xEE, 0x78, 0x8F, 0x4D, 0x14, 0xEE,
    0x7F, 0x7E, 0xC8, 0x13, 0x4B, 0x97, 0xA8, 0x57, 0x01, 0xDF, 0xA2, 0x56, 0xA0, 0x49, 0x75, 0x7D,
    0xB2, 0xEA, 0x0F, 0x51, 0x8A, 0x8D, 0xD6, 0x66, 0xA5, 0x09, 0x4F, 0x88, 0x41, 0xBD, 0xD4, 0x17,
    0x1A, 0x53, 0x7E, 0x77, 0x2F, 0xD8, 0x32, 0xD8, 0x7E, 0xEE, 0xEE, 0xD2, 0x68, 0x2C, 0x15, 0xE8,
    0xD6, 0xC5, 0xC4, 0xB4, 0x88, 0xF4, 0x4C, 0x48, 0x73, 0xB7, 0xF7, 0xFC, 0x18, 0x22, 0xE5, 0x11,
    0x97, 0x15, 0xAD, 0xE2, 0xDF, 0xED, 0x1F, 0x7C, 0xEF, 0xD5, 0xD6, 0xAD, 0x42, 0x91, 0x61, 0xEE,
    0x42, 0x17, 0x50, 0x50, 0xE0, 0x24, 0x9C, 0xE4, 0xEF, 0x6D, 0x9E, 0xAA, 0xB5, 0x0D, 0xD4, 0xD2,
    0x82, 0xD1, 0x43, 0xF5, 0xB8, 0x77, 0x85, 0x53, 0xA3, 0x61, 0x6F, 0xF6, 0x76, 0x31, 0x6B, 0x3A,
    0xDB, 0xA1, 0x8A, 0xD5, 0x6C, 0x62, 0x33, 0x15, 0x5B, 0xE3, 0xD9, 0xBB, 0x94, 0x64, 0x61, 0xB8,
    0x01, 0x36, 0x42, 0x9B, 0x68, 0x16, 0xA8, 0x03, 0x6E, 0xAB, 0xBD, 0x82, 0x4B, 0x99, 0x6E, 0x6E,
    0x53, 0xEB, 0xC6, 0x26, 0xA4, 0x8A, 0xFA, 0x3A, 0xD8, 0x60, 0xA9, 0x16, 0xBB, 0xDC, 0xC0, 0xAC,
    0x37, 0x96, 0x5B, 0x94, 0xF1, 0x3F, 0xD6, 0x48, 0x11, 0x43, 0x5C, 0x61, 0x0F, 0x7B, 0x00, 0x37,
    0xBB, 0xE4, 0x61, 0x1A, 0x26, 0xB0, 0xDE, 0x7A, 0xE8, 0x7C, 0xE7, 0xB1, 0x7B, 0x17, 0x6D, 0x6C,
    0x53, 0x1D, 0x8D, 0x2F, 0x37, 0xDB, 0xA3, 0xDB, 0x60, 0x57, 0x68, 0x43, 0x62, 0x39, 0xAB, 0x61,
    0x13, 0x66, 0x19, 0x7C, 0x1D, 0xBA, 0xD9, 0x2E, 0xC3, 0xE6, 0x56, 0xB7, 0x49, 0x8D, 0xDC, 0x96,
    0xD6, 0x10, 0xCC, 0xDA, 0x2C, 0x69, 0x0D, 0x6B, 0x9D, 0xD7, 0xE0, 0xCB, 0xC4, 0xB1, 0x06, 0x5D,
    0xAC, 0x81, 0x6E, 0xBD, 0xF8, 0x95, 0x57, 0x4F, 0xD0, 0x7A, 0x18, 0xE0, 0xA3, 0x0D, 0xB4, 0xC0,
    0x30, 0x42, 0xA7, 0x0D, 0x2B, 0x61, 0xFF, 0x77, 0xE3, 0x6A, 0xB5, 0x72, 0x25, 0xE7, 0xDA, 0x09,
    0xDC, 0x48, 0x21, 0x30, 0xC7, 0x69, 0x68, 0xE8, 0xE6, 0x96, 0xE1, 0x0B, 0xC7, 0xA0, 0x1D, 0xAB,
    0x0D, 0x5C, 0x6F, 0xD4, 0xD7, 0x7B, 0xDF, 0x4C, 0x34, 0x3E, 0x47, 0x3D, 0x51, 0xCD, 0x98, 0x90,
    0xA3, 0x0A, 0x74, 0x13, 0x6E, 0x4C, 0x4E, 0xFD, 0x47, 0x83, 0x13, 0xF5, 0x91, 0x99, 0x23, 0xF5,
    0xF7, 0x3C, 0x03, 0x8E, 0xF8, 0xE4, 0x97, 0x1D, 0x87, 0x70, 0xB2, 0x16, 0x91, 0xD4, 0x8A, 0xB5,
    0x4C, 0x6B, 0x4D, 0x6D, 0x29, 0x36, 0x5C, 0xB1, 0x99, 0xE3, 0x5D, 0xB9, 0x14, 0xEB, 0xF1, 0x69,
    0x3C, 0x59, 0x87, 0x30, 0x8C, 0x2F, 0x8E, 0x2F, 0xD8, 0xB5, 0x95, 0xDC, 0x3A, 0x6C, 0xBF, 0xAC,
    0x16, 0xE0, 0x4F, 0xC5, 0x99, 0x01, 0xA4, 0x25, 0x57, 0x9E, 0xC6, 0x7F, 0x55, 0xA7, 0xBB, 0xCB,
    0xA6, 0x24, 0x15, 0x64, 0x99, 0x99, 0xCE, 0x4C, 0x2D, 0x06, 0x19, 0xB2, 0xA9, 0x46, 0x23, 0x78,
    0x79, 0xA7, 0x92, 0x20, 0x08, 0x26, 0x48, 0x60, 0x07, 0x16, 0x8B, 0x95, 0x5D, 0x3A, 0x18, 0x0C,
    0xF2, 0xBA, 0x2A, 0x13, 0x0C, 0x16, 0x79, 0x00, 0xC0, 0x06, 0x8B, 0xD9, 0x37, 0x48, 0x23, 0xE8,
    0x5D, 0xAF, 0xBB, 0x4E, 0x12, 0x0C, 0x16, 0xA9, 0x58, 0x2C, 0x06, 0x53, 0x76, 0x1B, 0x4B, 0xF0,
    0xCE, 0x6C, 0x17, 0xA9, 0xDE, 0x3E, 0x55, 0xDF, 0x9E, 0xBA, 0xEF, 0xBE, 0x3C, 0x57, 0x8B, 0xC4,
    0xBE, 0x49, 0xE6, 0x7F, 0xCF, 0xF7, 0x3B, 0xA7, 0xCE, 0x39, 0xF5, 0x9D, 0xFF, 0xA9, 0x57, 0xC5,
    0xAD, 0xFB, 0x0E, 0xA4, 0x03, 0x2E, 0xBD, 0xB0, 0xBF, 0x6F, 0x4F, 0xA3, 0x69, 0xBA, 0x3B, 0x00,
    0x14, 0xEC, 0xAA, 0x3C, 0x24, 0xD5, 0x4C, 0x21, 0xD5, 0xD5, 0x7B, 0xB6, 0xDE, 0x2F, 0x4A, 0xEE,
    0x14, 0x97, 0x08, 0x05, 0x5F, 0x6A, 0x8E, 0x5A, 0xA2, 0xBA, 0xF7, 0xD2, 0xDA, 0xAA, 0xAB, 0x4B,
    0x89, 0x2B, 0x9A, 0x60, 0x8F, 0x47, 0xF5, 0x63, 0x20, 0x5D, 0xA0, 0x54, 0x8F, 0x3D, 0xF1, 0x74,
    0x99, 0x67, 0x36, 0x43, 0x12, 0x92, 0x3A, 0x09, 0x90, 0x46, 0x35, 0x9A, 0xA3, 0x02, 0x66, 0x02,
    0x33, 0x46, 0x79, 0xC8, 0xA2, 0xF2, 0x9E, 0xD7, 0x24, 0xF9, 0x55, 0xFB, 0x7F, 0xA5, 0x9E, 0x8D,
    0x5D, 0xD2, 0x1E, 0x54, 0xFF, 0xD1, 0x5B, 0xC9, 0xE5, 0x5A, 0xC8, 0xFB, 0x86, 0xC2, 0xD9, 0x2F,
    0x95, 0x0F, 0x77, 0x29, 0xA5, 0xBA, 0x91, 0xFA, 0xBD, 0x1F, 0xBC, 0xEC, 0x9E, 0x84, 0xD8, 0x36,
    0x6A, 0x57, 0xD4, 0xC5, 0x44, 0x20, 0x0B, 0xC9, 0x88, 0x09, 0xC6, 0x93, 0x2C, 0xA6, 0x07, 0xE5,
    0x0E, 0xEC, 0x7B, 0x2D, 0x99, 0x7E, 0x1F, 0x30, 0xD2, 0x08, 0xD9, 0xCC, 0x69, 0x2B, 0x95, 0x3C,
    0x98, 0xC0, 0x16, 0xEB, 0x00, 0x8D, 0x1C, 0x74, 0x11, 0xE1, 0x2C, 0x00, 0x38, 0x3F, 0xEA, 0xDA,
    0x4C, 0xBE, 0x3C, 0xF1, 0xFB, 0xC6, 0xDF, 0x49, 0x06, 0x81, 0x7A, 0xBE, 0x98, 0xF8, 0x83, 0xEA,
    0xDB, 0x55, 0xBF, 0x6F, 0xC6, 0xB2, 0x9F, 0xB2, 0x69, 0x0F, 0xED, 0x51, 0x1E, 0x3F, 0x65, 0xC2,
    0x71, 0x3A, 0xCE, 0xC6, 0xEB, 0xA4, 0x6F, 0x54, 0xE7, 0x13, 0x07, 0x65, 0x2D, 0xEB, 0x62, 0x89,
    0x0D, 0xAE, 0x2E, 0x35, 0x3C, 0xB8, 0xE2, 0xC9, 0x1C, 0x7B, 0x14, 0x50, 0xF0, 0x6C, 0xF2, 0xAF,
    0xA6, 0x7D, 0xBE, 0xD0, 0x4B, 0xEE, 0x43, 0x9B, 0x27, 0x83, 0x3F, 0xB8, 0x82, 0xF7, 0xC7, 0x44,
    0x84, 0x2F, 0x71, 0x37, 0xE2, 0x56, 0xF3, 0xF9, 0x8B, 0xC3, 0x2F, 0xAC, 0xD2, 0x7E, 0x2F, 0x9F,
    0x8D, 0x7B, 0x02, 0x72, 0xB2, 0x96, 0xBF, 0x24, 0x19, 0x93, 0x11, 0x4A, 0xD5, 0x00, 0x50, 0x0E,
    0x74, 0x13, 0x7F, 0x73, 0xCC, 0x63, 0x81, 0x26, 0x30, 0x1D, 0x33, 0xDE, 0xA1, 0x53, 0xFD, 0xDC,
    0x8F, 0x00, 0x3A, 0xA1, 0x05, 0x3E, 0xCC, 0x5A, 0x33, 0x56, 0x6D, 0xD1, 0x77, 0x34, 0xBF, 0x0C,
    0x28, 0x1B, 0x37, 0x6A, 0xDE, 0x0D, 0x94, 0xB1, 0x6F, 0x1D, 0x5B, 0xE7, 0xBC, 0x79, 0x74, 0xD4,
    0x49, 0xB1, 0x80, 0x3D, 0x2B, 0x3F, 0x79, 0xF3, 0x48, 0xD2, 0xC2, 0x8D, 0x81, 0xB4, 0xFF, 0x11,
    0x8F, 0x61, 0xDA, 0xA7, 0x3B, 0xE7, 0xAE, 0xEF, 0xF9, 0xF7, 0xAF, 0xED, 0xF9, 0xB7, 0xAE, 0xED,
    0xF7, 0xD7, 0xAE, 0xD9, 0xF6, 0xDA, 0xB5, 0x17, 0xFA, 0xB7, 0xAE, 0x1F, 0xDC, 0x7E, 0xFF, 0xE9,
    0xA3, 0x67, 0xDC, 0x3A, 0x67, 0x9D, 0xBB, 0x9E, 0xF3, 0xE6, 0x11, 0x52, 0x2D, 0x91, 0x4F, 0x58,
    0xD1, 0x75, 0x6D, 0x28, 0xDC, 0x69, 0x89, 0x6D, 0xBB, 0xE9, 0x27, 0xEC, 0x14, 0x29, 0xC4, 0x72,
    0xB4, 0xFC, 0x7A, 0xA7, 0x1F, 0x8E, 0x8E, 0x7E, 0x7D, 0x3A, 0x94, 0xCE, 0x94, 0x6A, 0xED, 0x3F,
    0x3A, 0x5B, 0xB8, 0xCB, 0x65, 0x8B, 0x85, 0x19, 0x33, 0x52, 0xF6, 0x58, 0xF9, 0x4A, 0x43, 0xBE,
    0x60, 0xE5, 0x0E, 0x4A, 0xF7, 0x17, 0x45, 0x9B, 0xDC, 0x25, 0x17, 0x49, 0xE9, 0x28, 0x5C, 0xD2,
    0xB5, 0x8D, 0xB0, 0xF7, 0x48, 0xC9, 0x5D, 0xE9, 0x6C, 0x7D, 0x93, 0xE7, 0x01, 0x80, 0xA6, 0x6E,
    0x6A, 0xF1, 0x0D, 0x3E, 0xBF, 0x54, 0x2D, 0x9D, 0xFC, 0xB7, 0xF4, 0x5E, 0x58, 0xE6, 0x6C, 0x58,
    0x80, 0x55, 0x3A, 0x17, 0x33, 0xC0, 0x0D, 0x79, 0x23, 0xF9, 0x42, 0x1F, 0xD4, 0x56, 0x05, 0xAB,
    0x9A, 0x5D, 0x6D, 0xFA, 0xCA, 0xA8, 0xEC, 0xA4, 0x80, 0x9F, 0x46, 0x15, 0x5F, 0xA5, 0x27, 0xA2,
    0x80, 0x58, 0x01, 0x1C, 0x20, 0x14, 0x59, 0xB6, 0xD5, 0x60, 0x7C, 0xD6, 0x57, 0xF5, 0x53, 0x00,
    0xA9, 0xA7, 0xD9, 0x14, 0xF3, 0x48, 0xA9, 0x44, 0x73, 0xF6, 0x27, 0x38, 0x2E, 0xDA, 0x29, 0x77,
    0xA7, 0xE5, 0x4E, 0x59, 0xDB, 0x85, 0xC7, 0xEE, 0x01, 0x94, 0x22, 0xB6, 0xF7, 0xD2, 0x1E, 0x6B,
    0x26, 0xCA, 0x7E, 0x21, 0x1F, 0xAD, 0x33, 0xA1, 0xEC, 0x57, 0xC5, 0x76, 0xBB, 0xF6, 0x59, 0x33,
    0xF2, 0x7C, 0x9C, 0x03, 0x70, 0x08, 0xBC, 0x0F, 0x13, 0x94, 0x9E, 0xD4, 0x43, 0xE7, 0x31, 0x03,
    0x5C, 0xF5, 0xE4, 0x0E, 0x8C, 0xA7, 0x68, 0x37, 0x55, 0xC5, 0xA6, 0xDA, 0xE7, 0xD2, 0x5A, 0x1D,
    0x13, 0xD6, 0x6A, 0x34, 0x6B, 0x95, 0xFA, 0x3C, 0x60, 0x65, 0xFA, 0x32, 0xD0, 0x28, 0x77, 0x7B,
    0x01, 0x28, 0xEA, 0x71, 0xAD, 0x6C, 0x3A, 0xAC, 0xD5, 0x81, 0x91, 0x1C, 0x84, 0x4D, 0x95, 0x8C,
    0x10, 0x36, 0x6E, 0x6B, 0x95, 0xF5, 0xF0, 0xB7, 0x40, 0x0B, 0x00, 0xA4, 0x35, 0x70, 0xB8, 0x19,
    0x2D, 0x3D, 0x79, 0x0F, 0x9D, 0xA7, 0x70, 0x9B, 0x94, 0xCA, 0x9A, 0x75, 0xC0, 0xB2, 0xA9, 0x0E,
    0x4E, 0xAB, 0xA9, 0xBA, 0x17, 0xAB, 0xC4, 0x6B, 0x8E, 0x95, 0xF9, 0xCF, 0x45, 0xB1, 0xCA, 0x3E,
    0x19, 0x2D, 0x56, 0xC5, 0x3B, 0x7E, 0x3F, 0xDE, 0xBE, 0x15, 0x1C, 0x03, 0xFB, 0xA4, 0x23, 0x6B,
    0xB3, 0xE8, 0x81, 0x09, 0x5B, 0x43, 0xEA, 0x13, 0x1D, 0xD5, 0x64, 0x83, 0x91, 0x6A, 0x0A, 0x97,
    0x48, 0x50, 0xB4, 0x00, 0xA4, 0xB0, 0x1B, 0xD7, 0x21, 0x9F, 0x37, 0x5E, 0x56, 0x35, 0x13, 0x1C,
    0x94, 0x2E, 0xF5, 0xF0, 0xE3, 0xA2, 0x35, 0x03, 0xD0, 0x90, 0xBB, 0x75, 0xCA, 0xC6, 0x20, 0x57,
    0x5D, 0x71, 0x19, 0x0A, 0xF7, 0x02, 0xCD, 0x5A, 0x1D, 0x23, 0x68, 0xDA, 0xD1, 0x88, 0x46, 0xA9,
    0xCF, 0x3B, 0x9A, 0x60, 0xFA, 0xD2, 0xF2, 0x83, 0xC3, 0x78, 0xCD, 0x2C, 0x50, 0xD6, 0xA3, 0x05,
    0x6C, 0x22, 0xF5, 0x70, 0x80, 0x34, 0x40, 0x00, 0x0B, 0xC9, 0xB8, 0xA9, 0x8C, 0x87, 0x9F, 0x00,
    0x87, 0x00, 0x1C, 0x80, 0x40, 0x70, 0x07, 0x80, 0x4B, 0xF0, 0xDC, 0x5A, 0x12, 0x51, 0x8A, 0x66,
    0x41, 0x87, 0x04, 0xD6, 0x32, 0x43, 0xF7, 0x62, 0x6D, 0xE5, 0x4A, 0xF5, 0x99, 0x7A, 0xBA, 0x1A,
    0x00, 0x32, 0x80, 0x62, 0x58, 0x11, 0x00, 0x23, 0x80, 0xAB, 0x9C, 0xC5, 0x65, 0x00, 0x5B, 0x03,
    0x9D, 0x03, 0x14, 0x91, 0xAA, 0x07, 0x23, 0x0F, 0xD9, 0xEF, 0x22, 0xF2, 0xDF, 0x8E, 0x50, 0xBC,
    0x1B, 0xA0, 0x7A, 0x39, 0xC2, 0x26, 0x0B, 0x34, 0x47, 0x02, 0xE9, 0x14, 0x6D, 0x3A, 0x61, 0x9D,
    0xF1, 0xD8, 0x3E, 0xF3, 0x54, 0x83, 0x55, 0xA2, 0xB9, 0x51, 0xAA, 0x99, 0x6D, 0xF4, 0x40, 0xEE,
    0x01, 0xBB, 0x42, 0x0E, 0xB8, 0xC7, 0x59, 0x24, 0x00, 0xB6, 0x05, 0x1A, 0x07, 0xA8, 0x87, 0x44,
    0x1E, 0xD2, 0x15, 0xE6, 0xF3, 0x11, 0xF2, 0x4F, 0x02, 0x14, 0x2B, 0xCA, 0x97, 0x16, 0xB0, 0x28,
    0xE2, 0x48, 0x35, 0x9D, 0xD4, 0x22, 0xC9, 0x25, 0x13, 0xB6, 0x37, 0x23, 0xD5, 0x90, 0x79, 0xCA,
    0xD1, 0x0A, 0x69, 0x4D, 0x43, 0x00, 0xC0, 0x4D, 0xB6, 0xEB, 0x9A, 0x87, 0x03, 0x14, 0x1F, 0x8D,
    0x50, 0x72, 0x6B, 0xF7, 0x1A, 0xB4, 0x40, 0x77, 0x9E, 0xC1, 0xB0, 0xBD, 0x06, 0xE6, 0x77, 0xE3,
    0x7A, 0x0D, 0xA6, 0xF5, 0x1A, 0x6C, 0x32, 0x98, 0xC1, 0x26, 0xDA, 0x5E, 0x83, 0x47, 0x32, 0xB0,
    0x6B, 0x06, 0xD5, 0xB8, 0x59, 0xDC, 0x2A, 0x95, 0xB8, 0xF2, 0x22, 0x50, 0xFD, 0x97, 0x03, 0xAB,
    0x88, 0xBD, 0xAE, 0x85, 0x4B, 0xDF, 0xE7, 0x2C, 0x9E, 0x02, 0x58, 0x80, 0x54, 0x80, 0x59, 0x91,
    0xA9, 0x85, 0x5C, 0x0E, 0x8A, 0x0F, 0x7A, 0xA8, 0xCA, 0x01, 0x6C, 0xE1, 0xE1, 0x66, 0x3E, 0xC2,
    0x71, 0x16, 0x60, 0xF9, 0x4D, 0x20, 0x91, 0x16, 0x8C, 0x24, 0x32, 0x8F, 0xEA, 0x7C, 0x40, 0x6D,
    0xD1, 0xD3, 0xF5, 0x5D, 0xC8, 0x14, 0x14, 0x72, 0x05, 0xCA, 0x57, 0x7A, 0xB0, 0x9F, 0xFA, 0x2D,
    0xE2, 0xE1, 0xCE, 0xA6, 0x1B, 0x00, 0xD5, 0x90, 0xAA, 0x05, 0x23, 0x07, 0x99, 0x7A, 0xC8, 0xD7,
    0xC9, 0xC5, 0x8A, 0xF2, 0xD5, 0x09, 0x6C, 0x16, 0x22, 0x4C, 0x44, 0xF7, 0x9B, 0x05, 0x24, 0x91,
    0x44, 0xD4, 0x66, 0xA4, 0x6B, 0x8D, 0xA7, 0x71, 0xB9, 0xC7, 0x0E, 0x76, 0x31, 0x9A, 0x9B, 0x15,
    0xF0, 0x2F, 0x80, 0x51, 0x0D, 0xC5, 0xAB, 0x2E, 0xC2, 0xAC, 0xF8, 0xD5, 0xC6, 0x1E, 0x48, 0x6E,
    0x9F, 0x67, 0x50, 0x03, 0x6A, 0x21, 0x91, 0x03, 0xA3, 0x3E, 0xE2, 0x64, 0x38, 0xCB, 0xE0, 0x1F,
    0x22, 0xCA, 0x6C, 0xDA, 0x2E, 0x7E, 0x90, 0x46, 0xDC, 0x3D, 0xDA, 0x66, 0x90, 0xAE, 0x58, 0x17,
    0x6F, 0xB3, 0x01, 0xEB, 0x8A, 0x88, 0xB8, 0xF3, 0x44, 0x41, 0xB3, 0x51, 0xD8, 0x0C, 0x9F, 0x11,
    0xAB, 0xA3, 0xC8, 0x9B, 0xE2, 0x18, 0x82, 0xF8, 0x05, 0xC9, 0x24, 0xC0, 0xF8, 0x95, 0xD9, 0xA0,
    0xA3, 0x96, 0xC2, 0x49, 0x3D, 0x55, 0x2B, 0x39, 0xEC, 0x91, 0x80, 0x4E, 0x2B, 0x15, 0xF9, 0x54,
    0x3A, 0x21, 0x5E, 0xC8, 0x3C, 0xE2, 0xA0, 0x18, 0x12, 0x1D, 0xCD, 0xCD, 0x5C, 0x48, 0x73, 0xB7,
    0x32, 0x90, 0xBC, 0x01, 0x8D, 0x86, 0x54, 0xF2, 0xF9, 0x83, 0xCC, 0x97, 0x83, 0xF1, 0xD6, 0xA5,
    0xBE, 0xA9, 0x93, 0xB6, 0x03, 0x04, 0xBB, 0xAA, 0xA1, 0x73, 0xD0, 0x0C, 0x60, 0x1F, 0xF0, 0x7A,
    0x21, 0x8D, 0x46, 0xF2, 0xDC, 0x58, 0x6A, 0x00, 0xF2, 0x21, 0x6A, 0x02, 0x02, 0x24, 0xE3, 0xE9,
    0xF1, 0x65, 0x00, 0xE0, 0xE7, 0xC0, 0xC2, 0xA9, 0x41, 0xE5, 0x21, 0xB9, 0xC5, 0x59, 0x58, 0x29,
    0xAC, 0xCA, 0xE2, 0xDD, 0x61, 0x02, 0xAB, 0x6E, 0x47, 0xB1, 0xD1, 0x72, 0xD4, 0x1A, 0xC9, 0x45,
    0xB5, 0xEB, 0xF1, 0x56, 0xD7, 0xA3, 0x8E, 0xA3, 0x36, 0xE7, 0x6C, 0xCF, 0x9F, 0x00, 0xE0, 0x71,
    0xA0, 0x03, 0x23, 0x28, 0x02, 0x3C, 0x51, 0x7F, 0x3B, 0xEB, 0x64, 0xFE, 0xD4, 0xDF, 0xDE, 0x85,
    0x50, 0xD6, 0xF8, 0xFC, 0x8F, 0xBE, 0x4E, 0x32, 0x96, 0xB5, 0x09, 0xD6, 0xAD, 0x5A, 0xDB, 0x8F,
    0xFA, 0x1F, 0xAD, 0xDE, 0x6F, 0x47, 0x3D, 0x1F, 0xF5, 0xE4, 0xAE, 0x7F, 0xD4, 0xAE, 0xFF, 0xDB,
    0x8F, 0xEE, 0x83, 0x1F, 0x82, 0x6D, 0xB1, 0x9E, 0x3C, 0xC0, 0xDF, 0x03, 0x00, 0x8D, 0xFA, 0x46,
    0x2E, 0x9B, 0x31, 0xE1, 0xEB, 0x4B, 0x9C, 0x66, 0xD7, 0xF9, 0x3D, 0x40, 0x56, 0x53, 0x39, 0xD6,
    0xD5, 0x31, 0x87, 0x17, 0x75, 0x4B, 0x02, 0x46, 0x14, 0x27, 0xAD, 0xCD, 0xFA, 0xB7, 0x13, 0x77,
    0x11, 0xB7, 0x9D, 0x6F, 0xCD, 0x00, 0x74, 0x6A, 0x63, 0xC9, 0xC2, 0x37, 0xF5, 0x69, 0x36, 0xF3,
    0x93, 0x37, 0x5E, 0x87, 0x4E, 0xEA, 0x57, 0xCC, 0x64, 0xE1, 0x67, 0x5A, 0xC7, 0xE5, 0x22, 0x6C,
    0x1F, 0x51, 0x0D, 0x11, 0xA5, 0x8F, 0x28, 0xBC, 0xE4, 0xB7, 0x30, 0x81, 0x0D, 0xCA, 0x75, 0xB4,
    0x72, 0x11, 0x4D, 0x6B, 0x42, 0x22, 0xB2, 0xA5, 0x8B, 0x6D, 0x69, 0xA0, 0xD3, 0x03, 0x20, 0x39,
    0xAC, 0x81, 0x7C, 0xF2, 0x40, 0xA1, 0x95, 0x4F, 0xD8, 0x01, 0x48, 0xAE, 0xD4, 0xEC, 0x84, 0x5D,
    0x4F, 0xC3, 0x2E, 0x2B, 0x33, 0xD5, 0xD9, 0x88, 0x91, 0x33, 0x3E, 0xD2, 0x6F, 0x38, 0xAE, 0x7C,
    0x18, 0x56, 0xDE, 0xD7, 0xCA, 0x3F, 0xE8, 0xDD, 0x48, 0xDF, 0x7D, 0xB2, 0xD2, 0xDE, 0x5F, 0x59,
    0x3E, 0x5C, 0x99, 0x6B, 0xA5, 0xD9, 0x30, 0x59, 0x39, 0xD2, 0x79, 0x2A, 0x61, 0x3D, 0x56, 0x14,
    0x1E, 0xCE, 0x1F, 0x62, 0x9E, 0x01, 0xB0, 0x1B, 0x0C, 0x40, 0x39, 0x01, 0xC9, 0x6D, 0xB6, 0x91,
    0xBC, 0x0E, 0x34, 0xEA, 0x49, 0xA5, 0x89, 0xFC, 0x41, 0x39, 0x53, 0xF6, 0xA9, 0xB0, 0x0E, 0xD5,
    0x4D, 0x4D, 0xD7, 0x76, 0x60, 0x9D, 0xE0, 0x51, 0xD4, 0xD8, 0xB6, 0x6B, 0xE9, 0xB0, 0x3D, 0xA2,
    0x1A, 0x4D, 0xA0, 0x50, 0x37, 0x62, 0xA4, 0x1E, 0x6E, 0x3C, 0xE0, 0x2C, 0x1E, 0x3B, 0x4B, 0x21,
    0x15, 0x90, 0xCF, 0x2B, 0x0E, 0xBF, 0xA3, 0x0C, 0x92, 0xF7, 0x01, 0x13, 0x80, 0x42, 0x80, 0x2D,
    0x5B, 0x38, 0xCE, 0x1C, 0x3C, 0x99, 0x7C, 0x47, 0x19, 0x14, 0x1F, 0xD7, 0x60, 0xE5, 0xB6, 0xF8,
    0x9E, 0x05, 0xE0, 0x3B, 0x5A, 0x7C, 0xF3, 0xF4, 0xC8, 0xBA, 0x2D, 0xE2, 0xE1, 0x77, 0xB8, 0x38,
    0xFC, 0x90, 0x5B, 0xF6, 0xA5, 0xA9, 0xFA, 0x37, 0x9F, 0xCB, 0xA5, 0xAA, 0x13, 0x91, 0xC9, 0x95,
    0xBF, 0xF7, 0xF6, 0xE5, 0xE9, 0x39, 0xFC, 0x25, 0x80, 0x37, 0x78, 0x92, 0x52, 0xE3, 0x87, 0x74,
    0x92, 0x4F, 0x97, 0x57, 0xE4, 0xB2, 0x91, 0xCE, 0x15, 0x9E, 0xAE, 0x5F, 0x93, 0xF1, 0x95, 0xCB,
    0xE3, 0x09, 0xAE, 0x2A, 0x22, 0xDE, 0x8E, 0xF8, 0xC8, 0x47, 0xFC, 0xD6, 0x45, 0x9C, 0x50, 0x0C,
    0x55, 0xA0, 0x72, 0xE5, 0x88, 0x75, 0xC5, 0x8C, 0x28, 0x74, 0x32, 0xF3, 0x82, 0x34, 0x72, 0x7D,
    0xF3, 0xAA, 0x7D, 0x1E, 0x98, 0x16, 0x20, 0xF3, 0x1B, 0xCE, 0x00, 0x89, 0x6A, 0x80, 0xAB, 0xBB,
    0xF3, 0x68, 0xE4, 0xA4, 0x2D, 0xE3, 0xC4, 0xD2, 0xB3, 0xEE, 0xED, 0xFF, 0xCD, 0xE8, 0x30, 0x90,
    0x08, 0xDB, 0x83, 0x1E, 0xAA, 0x05, 0xAB, 0x05, 0xB8, 0xA2, 0x81, 0xF3, 0xE8, 0xCF, 0x93, 0xAB,
    0x36, 0x94, 0x03, 0xB8, 0xC7, 0x9F, 0x32, 0xB7, 0xEF, 0x03, 0xD0, 0xB4, 0x00, 0x9B, 0x1E, 0xF3,
    0x3F, 0x23, 0xA7, 0x6F, 0x1F, 0x90, 0xF0, 0xE4, 0x9F, 0x30, 0xB7, 0xEC, 0xB3, 0x4D, 0x26, 0xF7,
    0xC3, 0x96, 0xDB, 0x9E, 0x47, 0xA3, 0xD1, 0x20, 0x45, 0xF6, 0xDF, 0xDD, 0x5F, 0x33, 0x03, 0xB0,
    0xF5, 0xF6, 0x06, 0xCB, 0x16, 0x22, 0x0E, 0x39, 0x0F, 0x3A, 0xBD, 0xA2, 0x61, 0x45, 0x5F, 0x4E,
    0x2C, 0x64, 0x81, 0x10, 0x9D, 0xD3, 0x09, 0x64, 0x3C, 0x74, 0xAF, 0x6E, 0xBE, 0x4A, 0x3B, 0x28,
    0x55, 0x43, 0xB1, 0x31, 0x08, 0x80, 0xD9, 0xC1, 0xCE, 0x4F, 0x58, 0xFD, 0x29, 0xAC, 0x1C, 0xD5,
    0x52, 0x6F, 0x86, 0x8C, 0x96, 0x28, 0xF5, 0x66, 0xBE, 0x31, 0x9A, 0x90, 0x05, 0xB3, 0xF3, 0xC9,
    0x27, 0x13, 0xCA, 0xD1, 0x48, 0x43, 0x54, 0x6D, 0x96, 0x7F, 0xDA, 0x9C, 0x53, 0xA9, 0xDD, 0x78,
    0x90, 0x47, 0x93, 0x46, 0x43, 0xA2, 0xCE, 0xC7, 0xB9, 0x63, 0x36, 0x9A, 0xB1, 0xF0, 0x99, 0x2F,
    0x7C, 0xD1, 0x17, 0xDE, 0x52, 0xF8, 0xB0, 0x95, 0x56, 0xC5, 0xBE, 0x66, 0x8A, 0x63, 0x73, 0xE1,
    0x8D, 0x0A, 0x5F, 0xAB, 0xB8, 0xEF, 0x54, 0xDE, 0xFF, 0x62, 0xEE, 0xEE, 0x6B, 0x92, 0xEF, 0x0E,
    0x93, 0x1A, 0x8C, 0x83, 0x6C, 0xE0, 0xEC, 0xBD, 0x19, 0x9E, 0xE5, 0xCB, 0x48, 0xBA, 0x43, 0x0A,
    0x8D, 0xD8, 0x93, 0x80, 0x35, 0x81, 0xCB, 0x51, 0xFC, 0x5D, 0xA0, 0x50, 0xC0, 0x46, 0x75, 0xEF,
    0x06, 0x64, 0xB6, 0x92, 0xDA, 0x66, 0x96, 0x2B, 0x87, 0xBB, 0x70, 0x19, 0x28, 0x5A, 0x28, 0xA3,
    0x2C, 0x70, 0x00, 0x5C, 0xBF, 0xB8, 0x2F, 0xDF, 0x03, 0x62, 0x85, 0x5A, 0xD2, 0xCF, 0x7B, 0xB2,
    0x8F, 0x3D, 0x59, 0x3D, 0x5C, 0xD8, 0xD7, 0x0C, 0x3D, 0xC5, 0xE2, 0x29, 0xE4, 0xC9, 0x8B, 0xFE,
    0xC2, 0x7E, 0xEB, 0x6B, 0x96, 0xFD, 0xD4, 0xAF, 0x8A, 0xED, 0x8B, 0xFB, 0x25, 0x33, 0x64, 0xAA,
    0x29, 0x5E, 0x71, 0x14, 0x26, 0xEA, 0x57, 0x8E, 0x4C, 0x90, 0xDC, 0x3E, 0xF3, 0xED, 0xBF, 0xB9,
    0xEF, 0x89, 0x0E, 0x4F, 0x7D, 0x6F, 0x42, 0xF7, 0x8E, 0xEA, 0x5C, 0x0F, 0xE5, 0xAB, 0x13, 0x69,
    0xB4, 0x2F, 0x2F, 0x59, 0xA8, 0xD6, 0xDB, 0x10, 0x33, 0xFF, 0x2C, 0x24, 0x1F, 0x48, 0xA1, 0x94,
    0xFE, 0xF9, 0xB5, 0xE6, 0xDF, 0x03, 0xC8, 0xCC, 0xA0, 0x54, 0xAC, 0x16, 0xFF, 0x3B, 0x35, 0xEA,
    0x34, 0x96, 0x0F, 0xAE, 0xE8, 0x90, 0xAE, 0xCF, 0x62, 0x53, 0xC1, 0x7E, 0x14, 0xBA, 0x7A, 0x12,
    0xAF, 0x09, 0xB6, 0xA5, 0x8D, 0x83, 0xD8, 0x25, 0xC4, 0xD1, 0x54, 0x3D, 0xC0, 0xBA, 0x6A, 0x4B,
    0xE1, 0x28, 0x6B, 0xEE, 0xC0, 0x6B, 0xD0, 0x42, 0x3A, 0x80, 0xF1, 0x90, 0x04, 0xE0, 0x00, 0x78,
    0x9C, 0xF3, 0x88, 0x0E, 0x9B, 0x57, 0xD9, 0x87, 0x33, 0xF6, 0x1D, 0xD1, 0x21, 0xA4, 0xAD, 0x8E,
    0x8E, 0x76, 0xDE, 0xA8, 0xEC, 0x72, 0x97, 0x52, 0x33, 0xA9, 0xEE, 0x41, 0x0A, 0x64, 0x0E, 0x8A,
    0xA8, 0xB2, 0x85, 0x7D, 0xE0, 0xD9, 0x8B, 0xFB, 0xF2, 0xE7, 0x80, 0xAD, 0x41, 0x8E, 0xE4, 0x0B,
    0x8F, 0xF9, 0x6C, 0x24, 0x6B, 0x6F, 0x5D, 0xD8, 0x37, 0x8B, 0x3E, 0xC5, 0xFD, 0xB0, 0x6A, 0x6D,
    0x5F, 0xD8, 0x0F, 0xF8, 0x33, 0x28, 0x6B, 0x4A, 0x47, 0xEE, 0x49, 0x46, 0xB8, 0x06, 0x00, 0x5C,
    0x0D, 0xD8, 0xB0, 0xD2, 0x7C, 0x75, 0x29, 0xE5, 0x2A, 0x39, 0x80, 0xA7, 0xC1, 0x42, 0x03, 0xF3,
    0xC6, 0xA4, 0xFF, 0xE6, 0x26, 0x44, 0x07, 0x2B, 0x07, 0x24, 0x13, 0x66, 0x26, 0x17, 0xC5, 0x4F,
    0xDB, 0xFD, 0xCC, 0x5D, 0x4A, 0xBE, 0xB9, 0x43, 0x6B, 0xD5, 0xEE, 0xBE, 0x77, 0x9C, 0x9F, 0x5B,
    0x7D, 0xCD, 0xB9, 0xB5, 0x55, 0x0D, 0xC0, 0x5F, 0xBF, 0x45, 0x22, 0x1F, 0xD5, 0x42, 0xE7, 0x30,
    0x27, 0xB1, 0xFD, 0xF2, 0x04, 0xC9, 0x4C, 0xB2, 0x88, 0x42, 0xA2, 0x7A, 0xA8, 0xD6, 0x3A, 0xB9,
    0xAE, 0x6E, 0x9C, 0xB0, 0xBB, 0xAA, 0x9B, 0xB6, 0x71, 0x1D, 0xF6, 0xE1, 0x42, 0xA9, 0x89, 0x54,
    0x2D, 0xEC, 0x3F, 0x0E, 0x3A, 0x01, 0x09, 0x6E, 0xCD, 0x9C, 0xC5, 0xD5, 0xCF, 0x54, 0xEB, 0x44,
    0xEE, 0x86, 0xBA, 0xA1, 0x18, 0x4B, 0x5F, 0x7C, 0xCD, 0xA7, 0x09, 0x56, 0x5D, 0xD4, 0x97, 0xCF,
    0xC1, 0x08, 0x49, 0x00, 0x1A, 0xE0, 0x31, 0xCE, 0xA3, 0x1B, 0xC8, 0x35, 0xAF, 0x79, 0x62, 0x9D,
    0xDA, 0xAF, 0xCA, 0xB3, 0x73, 0xDA, 0xCD, 0x33, 0xAD, 0xC1, 0x38, 0xC8, 0x7B, 0x28, 0x1D, 0x54,
    0xC0, 0xD3, 0x17, 0xF7, 0xE5, 0x32, 0x60, 0xB7, 0x37, 0xDE, 0xFA, 0x1C, 0x0C, 0x23, 0xC6, 0xBD,
    0x75, 0x71, 0xDF, 0xE9, 0xE7, 0x98, 0x25, 0x60, 0x14, 0x48, 0x5F, 0xF1, 0x17, 0xF6, 0x7B, 0xF4,
    0xB9, 0xBA, 0x98, 0xDF, 0xF9, 0x4F, 0xB2, 0x07, 0xE7, 0xFF, 0xEB, 0x80, 0x9D, 0x7E, 0x6E, 0x4C,
    0xAF, 0x6D, 0x7E, 0x0D, 0x5A, 0xD4, 0x17, 0xBE, 0xEA, 0xE3, 0xC7, 0x5B, 0xD7, 0x79, 0xFB, 0xF1,
    0xA7, 0xDE, 0x7E, 0x5A, 0x78, 0x1B, 0x62, 0xAF, 0x2F, 0x87, 0x72, 0xB0, 0xAE, 0x58, 0xD4, 0x5A,
    0x2D, 0x3C, 0xD3, 0xDC, 0xE3, 0x3C, 0x9E, 0xD9, 0x3A, 0x42, 0x03, 0x50, 0x39, 0x20, 0xEB, 0x01,
    0x5A, 0xCE, 0x83, 0x2A, 0xDA, 0x20, 0x2F, 0xCF, 0x0D, 0x7F, 0xC3, 0x53, 0xF8, 0xE2, 0x6B, 0x31,
    0x95, 0x9E, 0x5C, 0x1A, 0x31, 0x7A, 0xA8, 0x9A, 0xEE, 0x5D, 0xB1, 0x8D, 0xB7, 0x00, 0x02, 0x90,
    0x4C, 0x80, 0xF1, 0x40, 0xE6, 0x80, 0x94, 0x6F, 0x61, 0xC9, 0xA4, 0x05, 0x72, 0x0F, 0x71, 0x18,
    0xD8, 0x3F, 0x00, 0xDE, 0xAE, 0x80, 0x0F, 0x9F, 0xF8, 0xE3, 0xAF, 0xB6, 0xF9, 0xD5, 0xC7, 0x04,
    0xEB, 0x36, 0xD8, 0x1C, 0x7E, 0x4B, 0x17, 0xD1, 0x13, 0xDD, 0xC1, 0x44, 0xE5, 0x03, 0x14, 0xED,
    0xCE, 0xE5, 0x93, 0x0A, 0x75, 0x73, 0xB1, 0x94, 0xDE, 0x4C, 0xC5, 0x68, 0x7C, 0x36, 0xE5, 0x83,
    0x09, 0x85, 0x4B, 0xA3, 0x58, 0xAA, 0x1A, 0x59, 0x68, 0x6E, 0x82, 0x0D, 0x50, 0x4D, 0x50, 0xF8,
    0x55, 0xE7, 0xCF, 0x6E, 0x03, 0x1F, 0xCC, 0xA0, 0x11, 0x9A, 0x16, 0xAE, 0x84, 0xED, 0xD4, 0x28,
    0xB3, 0xA3, 0xAE, 0x35, 0x92, 0x8F, 0x1A, 0xCD, 0x9C, 0x4F, 0x8F, 0x7E, 0xD1, 0x5C, 0x3F, 0x59,
    0xEC, 0x2F, 0xBC, 0x51, 0x37, 0x18, 0x29, 0xCE, 0x7F, 0xB0, 0xEB, 0x31, 0x43, 0x25, 0x87, 0x8D,
    0x4A, 0xC6, 0x03, 0x4C, 0xD0, 0x46, 0x6B, 0xFB, 0x2C, 0xB4, 0x6C, 0xF7, 0x33, 0xC6, 0xFD, 0x4C,
    0xC6, 0x67, 0xE1, 0x6C, 0x3F, 0xA5, 0x63, 0xAE, 0x6A, 0xEE, 0x5A, 0xB0, 0xDB, 0xFD, 0x94, 0xDB,
    0xFD, 0xE4, 0x51, 0x59, 0x0F, 0xC5, 0xA3, 0xFB, 0xF9, 0x3F, 0xC5, 0x9A, 0x3D, 0x90, 0xDD, 0xD6,
    0x79, 0xFE, 0x7F, 0x00, 0x28, 0xC2, 0x7F, 0xE3, 0x3F, 0x86, 0x66, 0x22, 0x8F, 0x19, 0xAF, 0xC6,
    0x70, 0xA1, 0xC2, 0xB1, 0x13, 0x23, 0x85, 0x0A, 0x65, 0x86, 0xE4, 0x81, 0xA2, 0x42, 0x45, 0x0A,
    0xAB, 0x70, 0xAA, 0x14, 0x71, 0xE1, 0xC6, 0x49, 0x21, 0x15, 0x2E, 0x9C, 0x19, 0x2E, 0x81, 0x58,
    0x85, 0x4B, 0xB1, 0x4F, 0x61, 0x15, 0x6A, 0xB2, 0x2A, 0xA4, 0xC2, 0x99, 0x71, 0x41, 0x11, 0x47,
    0x66, 0xE1, 0xC2, 0x85, 0xA1, 0xA4, 0x4C, 0x61, 0x4C, 0xA2, 0x19, 0x7B, 0xA4, 0x82, 0xC7, 0x23,
    0x38, 0x81, 0xCC, 0x03, 0x3C, 0xC1, 0xC1, 0xBD, 0x97, 0xDC, 0x25, 0x2F, 0xCD, 0x5D, 0x91, 0x96,
    0xDE, 0x8B, 0xF7, 0x37, 0xB8, 0xB8, 0x1F, 0xE7, 0x79, 0xDE, 0x17, 0x7B, 0xF0, 0x71, 0x97, 0xF3,
    0x47, 0xAF, 0x43, 0xAE, 0x21, 0xC0, 0x71, 0x3C, 0xA2, 0x0A, 0x28, 0x2D, 0x50, 0x07, 0xA8, 0x0B,
    0x70, 0x10, 0x07, 0x24, 0xBF, 0x1E, 0x21, 0xBD, 0xE9, 0x21, 0xBF, 0x39, 0x2D, 0x78, 0x7E, 0x86,
    0x12, 0x81, 0x39, 0x52, 0x45, 0x2D, 0x35, 0x48, 0xB2, 0x78, 0x4C, 0x17, 0x0F, 0x14, 0x7D, 0xB2,
    0x60, 0x28, 0x85, 0x64, 0x14, 0x49, 0x99, 0xDC, 0x3A, 0xE0, 0xE7, 0xC3, 0xF0, 0xDB, 0x88, 0xDA,
    0x6B, 0xAB, 0x12, 0x73, 0xCB, 0x63, 0x12, 0xCF, 0x13, 0x4B, 0xF2, 0x8F, 0x9E, 0x5C, 0x1E, 0xB3,
    0x64, 0xFB, 0xAA, 0x47, 0xC9, 0x36, 0xA5, 0xA6, 0x9E, 0x64, 0x8B, 0xFE, 0x06, 0x44, 0x3C, 0x09,
    0x79, 0xF5, 0xF6, 0x82, 0xDB, 0x0E, 0x52, 0x59, 0x88, 0x66, 0x76, 0xF1, 0x04, 0x80, 0xA9, 0x80,
    0xD6, 0x02, 0xEB, 0xAB, 0xEA, 0x77, 0x46, 0x3E, 0x1C, 0x20, 0xFB, 0xF9, 0x18, 0x8C, 0x78, 0x28,
    0x7E, 0x38, 0x41, 0x19, 0x6D, 0x8C, 0x40, 0xBB, 0x33, 0x12, 0xAD, 0x46, 0x46, 0x4C, 0x30, 0x52,
    0x0E, 0x65, 0xF0, 0x60, 0x14, 0x4B, 0x00, 0x29, 0x7F, 0x49, 0xFE, 0xAE, 0x23, 0x53, 0x4F, 0xA2,
    0x06, 0xBE, 0xF7, 0x68, 0x86, 0xB6, 0x92, 0x6B, 0x00, 0x55, 0x10, 0xC9, 0x42, 0x12, 0x90, 0xAA,
    0x87, 0xEC, 0x97, 0x0E, 0xF2, 0xD7, 0x06, 0x28, 0x5F, 0x1C, 0x59, 0xBF, 0x99, 0xAB, 0xC9, 0x04,
    0x37, 0xDE, 0x9C, 0x41, 0x12, 0xF1, 0x82, 0x2A, 0x71, 0xB4, 0x36, 0x75, 0x18, 0x9B, 0xF7, 0x98,
    0xBE, 0x9E, 0x62, 0x4D, 0xED, 0x94, 0x68, 0x02, 0x8A, 0x0A, 0x38, 0x04, 0xF0, 0x00, 0x7A, 0x1D,
    0x68, 0x1D, 0x50, 0x76, 0x2C, 0xA2, 0x33, 0x0D, 0x94, 0x41, 0xF4, 0x0B, 0x9E, 0x32, 0xF1, 0xB0,
    0x15, 0x5E, 0xC8, 0x53, 0x2F, 0xA9, 0x17, 0xB6, 0xA2, 0x6F, 0x2D, 0xA2, 0xE7, 0x20, 0x5A, 0x80,
    0x87, 0xD8, 0x41, 0x12, 0x72, 0xD8, 0xAA, 0xAE, 0x2B, 0x00, 0xC8, 0x36, 0x2D, 0x88, 0x54, 0x91,
    0xCE, 0x90, 0x5E, 0xDB, 0x56, 0xE8, 0x6F, 0xA1, 0x56, 0x1F, 0x4B, 0x2E, 0xFB, 0x38, 0x75, 0x45,
    0x1F, 0x3B, 0x63, 0x63, 0x57, 0x57, 0x34, 0x2D, 0xA0, 0x7B, 0xB3, 0xDA, 0xF4, 0xB0, 0xEE, 0xC1,
    0x7C, 0xCC, 0xB7, 0x73, 0x69, 0x48, 0x24, 0xC7, 0xCB, 0x73, 0x45, 0x0C, 0xA9, 0x25, 0xB7, 0x94,
    0x15, 0x97, 0xE1, 0x39, 0xB6, 0xD1, 0x76, 0xA9, 0x86, 0x42, 0xDE, 0xBC, 0xEB, 0xDB, 0x6A, 0x14,
    0x2F, 0x09, 0xB6, 0x4B, 0x43, 0xDB, 0x61, 0x66, 0x5F, 0xC8, 0xC7, 0xEA, 0x88, 0x5E, 0x87, 0x74,
    0x84, 0x5C, 0x60, 0xCA, 0x06, 0x9F, 0x59, 0x9E, 0x8C, 0xF6, 0x28, 0xFD, 0x92, 0x2B, 0xBA, 0x64,
    0x51, 0x9A, 0xF4, 0x75, 0x15, 0x9D, 0x5D, 0xE9, 0x17, 0xD7, 0xBA, 0xC8, 0xC6, 0x1F, 0xB9, 0xE4,
    0xBD, 0x21, 0x6D, 0x5E, 0x39, 0xB3, 0xD2, 0xB4, 0x83, 0xDC, 0xAD, 0xB9, 0xAE, 0xC3, 0x1E, 0x95,
    0x07, 0x8B, 0xCA, 0x74, 0xAB, 0x32, 0x3E, 0xBB, 0xCA, 0xC3, 0xDD, 0xE0, 0x87, 0xDC, 0xAB, 0xEF,
    0x67, 0xBE, 0x7D, 0xFE, 0x0F, 0xEA, 0x7B, 0x3D, 0x6D, 0x18, 0xF2, 0x86, 0xC9, 0x80, 0xF1, 0x50,
    0x0C, 0x90, 0xF6, 0xFB, 0x7B, 0xBE, 0x56, 0x32, 0xEE, 0xEA, 0x0A, 0x4E, 0xA1, 0xF1, 0xBB, 0xC7,
    0x35, 0xA6, 0xB8, 0xFC, 0x66, 0x9F, 0xFE, 0xDA, 0xC6, 0xAA, 0x68, 0xE1, 0xC2, 0xD9, 0x7B, 0xFE,
    0x76, 0xDA, 0x80, 0x2F, 0x16, 0xD4, 0x57, 0x81, 0x62, 0x04, 0x12, 0xC7, 0x4E, 0xEA, 0xB7, 0xA1,
    0x96, 0xBA, 0x80, 0x89, 0xD4, 0xFF, 0x9D, 0xAA, 0xC4, 0x23, 0xBB, 0xC0, 0x74, 0x0B, 0xCA, 0x7E,
    0x41, 0xE1, 0x16, 0xE4, 0x7B, 0x50, 0x84, 0x57, 0x4B, 0xBB, 0xA0, 0x6E, 0x12, 0x1F, 0x89, 0x74,
    0x6E, 0x3D, 0x46, 0xEA, 0xA9, 0xF5, 0xF1, 0xDD, 0x69, 0x2F, 0x6D, 0xC8, 0x95, 0x59, 0xB2, 0x00,
    0x94, 0x57, 0x01, 0x80, 0xBE, 0x40, 0xD4, 0x0A, 0x32, 0x09, 0xCA, 0xDB, 0x02, 0x63, 0x05, 0x6D,
    0x25, 0x10, 0x7B, 0x50, 0x09, 0xDA, 0x7F, 0xD6, 0xAA, 0xB9, 0xA2, 0x54, 0xEB, 0xC9, 0x46, 0x33,
    0x6E, 0x7C, 0xB4, 0xC1, 0x47, 0xBB, 0xF3, 0xC1, 0x03, 0x7D, 0x48, 0x6E, 0xC5, 0xC3, 0x7C, 0xD4,
    0xC1, 0x47, 0xBB, 0xFA, 0x38, 0xDF, 0x42, 0x2E, 0x40, 0x90, 0xCB, 0xAF, 0x89, 0x88, 0x24, 0x72,
    0x69, 0x95, 0x5E, 0x5B, 0xAD, 0xC2, 0xEF, 0x7B, 0x54, 0x5A, 0x25, 0x07, 0xC5, 0x41, 0xF0, 0xAA,
    0xF7, 0xE8, 0x08, 0x24, 0xD0, 0xCC, 0xF1, 0x30, 0x92, 0x0F, 0x99, 0xCE, 0x6F, 0xFA, 0xC4, 0x13,
    0xF2, 0xA7, 0x4B, 0xB2, 0xE6, 0x7C, 0xD4, 0x24, 0x92, 0x5D, 0x72, 0xD1, 0x08, 0xDB, 0x7C, 0x76,
    0xC9, 0xEB, 0x4B, 0xAE, 0x9F, 0xD9, 0x7E, 0x7E, 0x4C, 0x35, 0x90, 0x2D, 0xB9, 0x1E, 0xFB, 0x76,
    0xD1, 0x76, 0x64, 0xF2, 0x14, 0xB7, 0x27, 0xCC, 0xA2, 0xA7, 0x45, 0x48, 0xDB, 0x5C, 0xF4, 0x1C,
    0xDF, 0x15, 0xCD, 0x7C, 0x83, 0x42, 0x13, 0xB1, 0xDE, 0x67, 0x9D, 0x20, 0x86, 0x0C, 0xD4, 0x42,
    0xED, 0xA1, 0xE8, 0x1F, 0xBB, 0xDE, 0xFD, 0xC7, 0x98, 0xD3, 0xE8, 0xFE, 0xD7, 0x07, 0xE8, 0xEE,
    0xD9, 0x3F, 0x85, 0x3C, 0x66, 0xDD, 0x87, 0x80, 0xB6, 0x79, 0xC8, 0x23, 0xD7, 0x7A, 0x8F, 0xAE,
    0x30, 0xE6, 0x77, 0x76, 0x3A, 0xB6, 0xBA, 0xEC, 0xA2, 0xB1, 0xDA, 0x6E, 0x7B, 0xEE, 0x1E, 0x5D,
    0x63, 0x48, 0x28, 0x2A, 0xB8, 0x02, 0xF8, 0xED, 0xC1, 0xAF, 0x75, 0x50, 0x76, 0x1B, 0x5D, 0x23,
    0x85, 0x82, 0xAE, 0x79, 0xA3, 0x6B, 0x8F, 0xB6, 0x8D, 0xAE, 0x96, 0x42, 0x33, 0xB1, 0x3C, 0x24,
    0x3D, 0x64, 0x16, 0xF2, 0x90, 0x1D, 0x64, 0x33, 0xC4, 0x9E, 0xA8, 0xCB, 0x89, 0x06, 0x03, 0x93,
    0x07, 0xE3, 0x20, 0xEB, 0x1E, 0xFF, 0xBE, 0x5C, 0x39, 0xB2, 0x9F, 0x39, 0x92, 0x5F, 0x5B, 0xA2,
    0xB5, 0x68, 0xC0, 0x85, 0x7D, 0xB5, 0x9E, 0xEF, 0xAF, 0xF5, 0x32, 0x2D, 0xDC, 0xA9, 0x75, 0x17,
    0x9D, 0xDC, 0x3F, 0xF8, 0x2E, 0xC4, 0x13, 0x64, 0xAA, 0x28, 0xBE, 0xD5, 0x71, 0x35, 0xE9, 0x79,
    0x8A, 0x6A, 0x3B, 0x2F, 0x56, 0x94, 0xF2, 0x91, 0x34, 0x65, 0xF3, 0xF3, 0x53, 0xE1, 0x98, 0x8C,
    0xE5, 0x7A, 0xDD, 0xF0, 0xDD, 0xB6, 0x02, 0xB1, 0xCB, 0x52, 0xC2, 0x48, 0xD5, 0x81, 0xDA, 0x06,
    0xD5, 0x1D, 0x32, 0x03, 0xCA, 0x75, 0x4B, 0x89, 0x24, 0x4A, 0x5D, 0xE3, 0x3C, 0x50, 0x6E, 0xE7,
    0xF7, 0x8F, 0x1D, 0xB1, 0xFB, 0x29, 0x89, 0x7D, 0xF6, 0x98, 0xFE, 0x7F, 0x19, 0x32, 0x69, 0x28,
    0x34, 0x0F, 0xA6, 0xBB, 0x8A, 0xB1, 0x66, 0xCD, 0xB2, 0x6F, 0xC9, 0x35, 0x91, 0x6A, 0x24, 0xFF,
    0xA0, 0xC1, 0x00, 0xE6, 0x83, 0x23, 0x0A, 0xA9, 0x2B, 0x25, 0x57, 0x93, 0x3B, 0x85, 0xAC, 0x4C,
    0xDF, 0xDE, 0x96, 0x35, 0x9A, 0x49, 0x43, 0xAB, 0x01, 0x9E, 0xA6, 0xE1, 0x72, 0x6A, 0x31, 0x6A,
    0xC8, 0x05, 0xD1, 0x1B, 0x3C, 0x76, 0x5F, 0x40, 0x64, 0x9F, 0x26, 0xE9, 0xAF, 0x10, 0x6B, 0x04,
    0xF5, 0xF0, 0xE5, 0xEA, 0x5E, 0x4F, 0x3F, 0xD9, 0xE7, 0x29, 0xD9, 0xE3, 0xA9, 0xF8, 0x43, 0x9E,
    0xA2, 0x61, 0xB7, 0x93, 0x6C, 0xD6, 0xE1, 0xF1, 0xFB, 0x29, 0x2A, 0x30, 0x76, 0x93, 0x45, 0xF5,
    0x47, 0xEB, 0xCF, 0x1E, 0xCD, 0xEF, 0x6C, 0x35, 0x3F, 0x73, 0x3A, 0xCD, 0x1F, 0x9E, 0xE8, 0x01,
    0x1C, 0x02, 0x2D, 0x60, 0x80, 0xCB, 0xC0, 0x75, 0xC0, 0x41, 0xD6, 0x40, 0x09, 0x1C, 0x6E, 0x37,
    0x79, 0x60, 0x06, 0x0E, 0xCF, 0xE2, 0xAB, 0x3A, 0xBD, 0xAF, 0x6D, 0x94, 0x15, 0x40, 0xDB, 0x01,
    0xD1, 0xED, 0x01, 0x48, 0x7B, 0x4F, 0x50, 0xF3, 0x1C, 0x27, 0xA2, 0x96, 0x95, 0xAA, 0x95, 0xA4,
    0x9E, 0x62, 0x60, 0x3D, 0x1A, 0xEF, 0xE3, 0x7C, 0xF4, 0xD6, 0x42, 0x49, 0x3B, 0x86, 0xED, 0x0F,
    0x66, 0x3A, 0x51, 0xFC, 0x0E, 0x73, 0xF7, 0xFB, 0x2B, 0x00, 0xE2, 0x11, 0x48, 0x67, 0x20, 0xBF,
    0xD5, 0x80, 0xC9, 0x2C, 0x5C, 0x8C, 0x1B, 0x36, 0x71, 0xDE, 0x03, 0x26, 0xA0, 0x0C, 0x48, 0xEE,
    0x45, 0xDD, 0x91, 0x6C, 0x04, 0xDC, 0x1A, 0x49, 0xA6, 0xD4, 0x93, 0xF8, 0xE4, 0x54, 0x28, 0x94,
    0xCB, 0x9A, 0x80, 0x56, 0x56, 0x73, 0xC0, 0x94, 0x1E, 0x3B, 0x19, 0xD9, 0xC5, 0xFA, 0x74, 0xF5,
    0x1A, 0x4C, 0x6E, 0xE1, 0xC9, 0xF7, 0x22, 0x78, 0x1C, 0x56, 0x73, 0xEB, 0x97, 0xEE, 0x53, 0x6F,
    0xE4, 0x56, 0xAC, 0xEA, 0xED, 0x71, 0xF5, 0xF3, 0xA9, 0xD5, 0x4F, 0x1B, 0xF5, 0x65, 0xC0, 0x9F,
    0x3E, 0x41, 0xFB, 0x9A, 0x95, 0xEC, 0x6F, 0xD5, 0x3C, 0xF9, 0x67, 0x6C, 0x42, 0x41, 0x42, 0x53,
    0x0C, 0xE4, 0xEE, 0x14, 0xCB, 0xEF, 0x08, 0x6A, 0x65, 0xF3, 0x1F, 0x56, 0xE6, 0xB6, 0x35, 0xB2,
    0x5F, 0xDB, 0x5D, 0x3E, 0x1D, 0x78, 0x8C, 0x0F, 0x4C, 0x1E, 0xBC, 0x14, 0x6A, 0x4A, 0x35, 0x5F,
    0x3F, 0x6A, 0x6A, 0x75, 0xB5, 0x2C, 0xBB, 0xD8, 0x3C, 0x4D, 0x27, 0x12, 0xFF, 0xF0, 0x25, 0x9D,
    0x30, 0xE1, 0xFD, 0x9D, 0x91, 0xAD, 0x65, 0xBF, 0x7E, 0x74, 0x06, 0x01, 0xA5, 0x1A, 0xA3, 0xE6,
    0xAB, 0x51, 0x35, 0xA6, 0x56, 0xAD, 0xAD, 0x45, 0x36, 0x3E, 0x52, 0x1D, 0x80, 0xA7, 0xB1, 0x26,
    0xB5, 0xA5, 0x9A, 0x7C, 0x26, 0x7A, 0xE3, 0x6C, 0xA5, 0xD8, 0x0C, 0xFA, 0x25, 0x7F, 0x4A, 0xE3,
    0xDB, 0x41, 0xD3, 0x8E, 0x02, 0x0C, 0x98, 0xDF, 0x50, 0x7A, 0xB2, 0x81, 0x68, 0xD8, 0xBC, 0x27,
    0xAC, 0x9C, 0xA5, 0x1D, 0x8B, 0x6C, 0x4B, 0x51, 0x71, 0x08, 0x1E, 0x26, 0x68, 0x1D, 0x65, 0x77,
    0xFC, 0xDB, 0x1E, 0xB1, 0x47, 0xA7, 0x6B, 0x8A, 0x5D, 0x5B, 0x79, 0x53, 0x53, 0xAD, 0x9F, 0xCB,
    0xA7, 0x13, 0x75, 0x97, 0x78, 0x8C, 0xFD, 0x84, 0x08, 0xA3, 0x87, 0xAF, 0x34, 0x61, 0xFF, 0xA8,
    0x1B, 0xA0, 0xAD, 0x20, 0x12, 0x90, 0x4D, 0x80, 0x19, 0x80, 0xE2, 0x5A, 0xB0, 0x77, 0xB8, 0xBB,
    0xB7, 0x11, 0xD6, 0xB9, 0x53, 0xBB, 0xF3, 0x32, 0x3E, 0xD7, 0x81, 0xCF, 0xC2, 0x6B, 0x0F, 0xCD,
    0x42, 0x56, 0xE5, 0x92, 0xC0, 0x0C, 0xD1, 0x04, 0xC9, 0xF6, 0x82, 0xB2, 0xED, 0xC1, 0x54, 0x9C,
    0xAF, 0x28, 0x3B, 0xDA, 0x21, 0x1A, 0x7D, 0xDA, 0x5F, 0x8A, 0xAA, 0x73, 0x00, 0x90, 0x6A, 0x4A,
    0xE5, 0xA9, 0x3B, 0x8C, 0x3D, 0xED, 0x52, 0x37, 0xB4, 0x55, 0xA4, 0x60, 0xC4, 0x0C, 0xC1, 0x04,
    0x17, 0xA0, 0x05, 0x35, 0xC9, 0xFF, 0x76, 0xCB, 0x59, 0x56, 0x56, 0xF5, 0xDB, 0xE9, 0x50, 0xE4,
    0x0A, 0xE4, 0xA1, 0xCB, 0x4C, 0xB4, 0xB6, 0xB5, 0x18, 0x83, 0x60, 0x53, 0x11, 0x7A, 0xE1, 0x6A,
    0xBD, 0xAA, 0x3E, 0xF5, 0x88, 0xC4, 0x27, 0xE3, 0x82, 0xBC, 0x5F, 0x60, 0x9A, 0x05, 0x37, 0x20,
    0x99, 0xC7, 0x05, 0x5A, 0x11, 0x0C, 0x4F, 0xAA, 0xB6, 0xB3, 0x94, 0x2F, 0xDD, 0x82, 0xDC, 0x2F,
    0x48, 0x54, 0xA5, 0x53, 0xA4, 0x3E, 0xB4, 0x77, 0xAC, 0x65, 0xB3, 0xAD, 0xB6, 0x4D, 0xA9, 0x5B,
    0x00, 0x03, 0x70, 0x19, 0xE0, 0x3A, 0xC0, 0x00, 0x9F, 0xBF, 0x33, 0x13, 0x1E, 0xEC, 0x9F, 0xC7,
    0x83, 0x56, 0x13, 0x50, 0x9C, 0x10, 0x34, 0xAD, 0x5A, 0x7C, 0x58, 0x5B, 0x3B, 0xA0, 0x00, 0x73,
    0x57, 0xD0, 0x48, 0xA1, 0x54, 0x94, 0x62, 0x62, 0x13, 0xD1, 0x00, 0xC4, 0x1E, 0x60, 0x87, 0xED,
    0xB6, 0x0E, 0x0E, 0xC2, 0x18, 0x26, 0xE0, 0x60, 0xE3, 0xBC, 0xB4, 0x0B, 0x6A, 0x16, 0xF8, 0x3B,
    0x03, 0xCD, 0xE1, 0x69, 0x5B, 0xED, 0x06, 0x2A, 0xB6, 0xCE, 0x0B, 0xBD, 0x20, 0x8C, 0x9A, 0x1B,
    0x00, 0x90, 0x56, 0x50, 0x5A, 0x90, 0x25, 0x11, 0x24, 0xD7, 0x4E, 0xFC, 0x55, 0x2D, 0x69, 0x49,
    0x57, 0xC9, 0xA7, 0xCA, 0x8B, 0xF7, 0x5E, 0x2F, 0xD4, 0xD2, 0x40, 0x04, 0x45, 0x45, 0x5B, 0x65,
    0x22, 0x7F, 0xFF, 0xEE, 0x11, 0xD1, 0x78, 0xCA, 0xD3, 0xCD, 0x2E, 0x27, 0xE7, 0x48, 0x1B, 0x44,
    0xD5, 0x6A, 0xCE, 0x22, 0xEC, 0x07, 0x41, 0xD4, 0x7D, 0xC2, 0x00, 0x8A, 0x6D, 0x01, 0xF2, 0x90,
    0x0D, 0x94, 0xC0, 0xA5, 0x47, 0xD3, 0xB7, 0x69, 0x55, 0xEC, 0xC1, 0xC3, 0x48, 0xEC, 0x48, 0x2C,
    0x9B, 0x88, 0x2D, 0x24, 0x5D, 0xAD, 0xFF, 0x58, 0xF2, 0xA6, 0x4D, 0xA7, 0xA4, 0x49, 0x7C, 0x72,
    0x2A, 0x03, 0x7B, 0x2B, 0x1B, 0x74, 0x5E, 0x34, 0xFE, 0x52, 0xE9, 0x0F, 0x13, 0x7F, 0x25, 0xF1,
    0xDF, 0x4F, 0xFC, 0x2B, 0xA7, 0xD3, 0x59, 0x19, 0x35, 0xA1, 0xC1, 0x21, 0x0F, 0xE6, 0x7B, 0x87,
    0x8B, 0x86, 0xC4, 0xEF, 0x1E, 0x61, 0x1D, 0x8E, 0x5D, 0x10, 0x5E, 0x09, 0x52, 0xB6, 0x32, 0x7C,
    0x2D, 0x8D, 0xE7, 0x3D, 0x18, 0x0F, 0xDF, 0x78, 0xA0, 0xFC, 0xB4, 0x4B, 0x7C, 0xEE, 0xD6, 0x5C,
    0xD7, 0xE1, 0xBE, 0x9C, 0xA0, 0x94, 0xC5, 0x2C, 0x59, 0xC8, 0xAD, 0x19, 0xE9, 0xF8, 0x19, 0x6B,
    0x04, 0x7A, 0x19, 0x34, 0x81, 0x3A, 0x32, 0x41, 0x2D, 0x78, 0x56, 0x80, 0xF8, 0x0A, 0xA2, 0x44,
    0x98, 0x48, 0x47, 0xCA, 0xA5, 0xB9, 0x90, 0xA6, 0xFD, 0x3D, 0x9C, 0x6D, 0x22, 0x9B, 0xCC, 0xA4,
    0xEB, 0x4B, 0xC6, 0xF3, 0x27, 0xFB, 0xA6, 0x7C, 0xB6, 0x11, 0x59, 0x80, 0xAC, 0x07, 0x30, 0x2B,
    0xD5, 0x00, 0xBC, 0xCF, 0xC9, 0x30, 0x9E, 0x5A, 0x18, 0x05, 0xA6, 0xAA, 0xD2, 0x81, 0x30, 0x8A,
    0x5B, 0xE8, 0x56, 0x0E, 0x81, 0xB7, 0x7D, 0xE0, 0x47, 0x0A, 0xFC, 0xAD, 0x5E, 0x5D, 0xE8, 0xDA,
    0x9B, 0x81, 0xE6, 0xA3, 0xC0, 0xE2, 0x76, 0x60, 0xA6, 0xC0, 0x64, 0x65, 0x14, 0x38, 0xD0, 0xBA,
    0xB5, 0x63, 0x0E, 0xA3, 0x2A, 0x77, 0x00, 0x4F, 0x00, 0x7C, 0x15, 0xF8, 0x29, 0xE0, 0x21, 0x19,
    0x20, 0xE9, 0x20, 0xA9, 0xD8, 0xC5, 0xC1, 0x7B, 0xAA, 0x74, 0x4B, 0xF6, 0x65, 0xB5, 0x7D, 0x3E,
    0x14, 0x2E, 0x7F, 0xC8, 0xA3, 0xF6, 0x46, 0xED, 0x92, 0xC6, 0x23, 0x61, 0x66, 0xF4, 0xC7, 0x72,
    0xC2, 0xEA, 0x84, 0x63, 0x4E, 0x0E, 0x01, 0x68, 0x57, 0x9A, 0x95, 0x97, 0xB9, 0x33, 0xEF, 0x32,
    0x3C, 0x82, 0x1B, 0x00, 0xD2, 0x0E, 0x32, 0x07, 0xC9, 0x36, 0x53, 0x0B, 0x79, 0x05, 0x4F, 0xF3,
    0x13, 0xA0, 0x0C, 0x9B, 0xC8, 0x7F, 0x65, 0x81, 0x44, 0x00, 0xBC, 0xF3, 0xD9, 0x77, 0xF7, 0xC9,
    0x73, 0x30, 0x94, 0xE0, 0xAF, 0x80, 0x19, 0xA0, 0x58, 0x75, 0x3F, 0x72, 0x77, 0xD7, 0x72, 0x63,
    0x1A, 0x80, 0xC2, 0x02, 0xE4, 0x1B, 0x6E, 0xB6, 0x44, 0xEF, 0x1C, 0x8C, 0x5C, 0xCE, 0x67, 0x89,
    0x67, 0xCE, 0x4B, 0x6A, 0x40, 0x55, 0x6D, 0x41, 0x98, 0xB3, 0x30, 0xD5, 0x7B, 0x72, 0x64, 0xFA,
    0x2F, 0xB9, 0x6D, 0xED, 0xE6, 0xFB, 0x6B, 0xD7, 0xDF, 0x57, 0xBB, 0x79, 0x53, 0xBB, 0xE4, 0x58,
    0xED, 0xFE, 0x3B, 0x30, 0xFF, 0xE8, 0xDE, 0xDA, 0xF1, 0xA0, 0xDA, 0x65, 0x3D, 0x90, 0xE7, 0x1D,
    0x50, 0xCA, 0x02, 0x85, 0x00, 0xD2, 0xF1, 0x93, 0xD4, 0x2C, 0x77, 0xED, 0x92, 0x10, 0xB2, 0xE8,
    0xC0, 0x58, 0x22, 0x35, 0x64, 0x33, 0x24, 0x03, 0xD4, 0x6A, 0xA0, 0x0D, 0xF8, 0x87, 0x23, 0x8E,
    0x47, 0xF4, 0xED, 0xED, 0xF1, 0x33, 0x96, 0x46, 0xB2, 0x8F, 0x8B, 0x89, 0xA2, 0x8B, 0x85, 0xB1,
    0xA1, 0x9C, 0x15, 0x6D, 0xD3, 0x82, 0xB1, 0xDA, 0x87, 0x0A, 0xD3, 0xB4, 0x0D, 0x2D, 0xA6, 0x43,
    0x94, 0x43, 0xE2, 0xC9, 0xD5, 0x86, 0xAA, 0xA9, 0x83, 0x97, 0x3F, 0x86, 0x34, 0x7C, 0xE7, 0x92,
    0x27, 0x6F, 0xC0, 0xF6, 0x64, 0x9A, 0x28, 0x6F, 0x87, 0x51, 0xD4, 0xB4, 0x55, 0x6D, 0x85, 0x39,
    0x99, 0x55, 0xDD, 0xB4, 0x61, 0xED, 0xF6, 0x4C, 0xA1, 0x91, 0x58, 0x0D, 0x77, 0xEF, 0xE8, 0xAC,
    0xB7, 0x74, 0x30, 0x6A, 0x20, 0x17, 0x10, 0xBD, 0xF1, 0xE9, 0xB8, 0x79, 0xC0, 0xAD, 0x9E, 0x47,
    0x74, 0xD5, 0x9C, 0x83, 0xD8, 0x5D, 0x84, 0xD4, 0x4D, 0x90, 0xFF, 0xBB, 0x07, 0xF3, 0x62, 0x0F,
    0xCF, 0x65, 0x9F, 0x92, 0xAB, 0x67, 0x9E, 0x81, 0x4B, 0x97, 0xE0, 0xFA, 0x21, 0x8C, 0x1E, 0x9C,
    0x83, 0xAE, 0x7F, 0xF4, 0x7E, 0x1D, 0x48, 0x1A, 0x50, 0x60, 0xAA, 0x0F, 0xE7, 0x37, 0x87, 0x7C,
    0x4C, 0x3C, 0x83, 0xE9, 0x16, 0xBA, 0xDA, 0x2E, 0xA4, 0xAD, 0x02, 0xB5, 0xDE, 0x08, 0x5D, 0x28,
    0xD9, 0x95, 0x61, 0xDD, 0x83, 0xAA, 0xC0, 0xB6, 0x59, 0xF8, 0xDC, 0xFA, 0xA9, 0x2B, 0xAB, 0x7E,
    0x9F, 0xE9, 0x43, 0xC9, 0xC7, 0x5A, 0x62, 0xE4, 0x60, 0x65, 0xDB, 0x95, 0x03, 0x99, 0x3E, 0x96,
    0x28, 0x6E, 0x6B, 0x56, 0x65, 0xAC, 0xFA, 0xDA, 0x06, 0xAD, 0xAB, 0x42, 0xE9, 0x2E, 0x3F, 0x08,
    0x63, 0x19, 0x4B, 0x28, 0x5E, 0x07, 0xAD, 0x95, 0x63, 0x51, 0x2E, 0xBD, 0xD5, 0x14, 0xFA, 0x1F,
    0xA9, 0x5A, 0xD4, 0xAF, 0x85, 0xB9, 0xB0, 0x9B, 0x60, 0xD3, 0x09, 0x28, 0x46, 0xA0, 0xAC, 0x38,
    0x16, 0x46, 0x33, 0xD4, 0x52, 0xCF, 0xC1, 0xAC, 0x81, 0xC4, 0x67, 0x27, 0xEF, 0x1B, 0xA4, 0xE3,
    0xF6, 0x74, 0x56, 0xB2, 0x0B, 0x66, 0x48, 0xE6, 0x7B, 0x4E, 0x76, 0x73, 0xB7, 0x20, 0xF5, 0xA4,
    0x53, 0xAC, 0xCA, 0xC8, 0xB6, 0xFD, 0x82, 0xA2, 0x23, 0x86, 0x6C, 0xF3, 0x23, 0x67, 0x73, 0xFC,
    0x47, 0xCE, 0x83, 0x77, 0x47, 0xFD, 0xA7, 0x97, 0x7C, 0xAE, 0x31, 0x1F, 0xF7, 0x5F, 0x56, 0xD7,
    0xAA, 0xA4, 0xEA, 0xCC, 0xDA, 0xB6, 0xF0, 0x3A, 0x79, 0x22, 0x9E, 0x05, 0x6D, 0xC9, 0xAA, 0x4D,
    0x8B, 0xB6, 0xA6, 0xE8, 0xF6, 0x9F, 0xF6, 0x8F, 0x27, 0x4E, 0xFB, 0xDF, 0x3B, 0xAD, 0x4C, 0x20,
    0xED, 0xC8, 0x1C, 0xC9, 0xBA, 0x04, 0xCF, 0x15, 0x54, 0x4F, 0x40, 0xD2, 0x97, 0x10, 0x8F, 0xA1,
    0xFE, 0xED, 0x00, 0x94, 0x1D, 0x70, 0xFE, 0x53, 0xAA, 0x7F, 0xC4, 0x4B, 0xF9, 0xF3, 0x2E, 0xBB,
    0xD9, 0x25, 0xB2, 0x91, 0xE0, 0xF0, 0xCC, 0xF5, 0x07, 0x80, 0x57, 0x82, 0x05, 0x28, 0x96, 0xAC,
    0x7B, 0xF8, 0x27, 0x36, 0xF1, 0xC5, 0x97, 0x88, 0x24, 0x32, 0xA9, 0x2A, 0x86, 0xBA, 0x32, 0xB6,
    0x5C, 0xB2, 0xC0, 0xF4, 0xE7, 0x30, 0x13, 0x14, 0xDA, 0xFC, 0x3E, 0x11, 0x49, 0x50, 0xA8, 0x39,
    0x17, 0xC9, 0x1E, 0x62, 0xEC, 0xD5, 0x25, 0xEB, 0xAA, 0x6D, 0xEA, 0xDB, 0xA2, 0x96, 0xE7, 0x40,
    0xD7, 0xE0, 0x73, 0x50, 0x80, 0x81, 0xAB, 0x30, 0xC2, 0xDB, 0x6C, 0x22, 0x52, 0x93, 0xCB, 0x95,
    0xB7, 0x9C, 0x89, 0x9D, 0xA9, 0xFA, 0xF2, 0x7D, 0x72, 0x35, 0xB1, 0x1C, 0xE5, 0x38, 0x24, 0xDE,
    0x27, 0x5E, 0xB7, 0x46, 0xA9, 0x2F, 0xE7, 0x8A, 0xCF, 0x03, 0xA6, 0x5B, 0xCB, 0x1C, 0x0D, 0x9E,
    0xB4, 0xBF, 0x44, 0x54, 0x9D, 0x7B, 0xFC, 0x4A, 0x9F, 0x82, 0x89, 0x58, 0xA4, 0xBF, 0x6A, 0xF2,
    0x57, 0xED, 0x17, 0xE2, 0xE6, 0xCC, 0x4A, 0xF7, 0xAA, 0x29, 0x3F, 0x99, 0x1A, 0x80, 0xB2, 0x02,
    0x73, 0xEC, 0x92, 0xCA, 0x10, 0x54, 0x9E, 0x45, 0x11, 0x44, 0x23, 0xF1, 0x0C, 0x06, 0x0E, 0x89,
    0x07, 0xA2, 0x8A, 0xA4, 0xFA, 0x73, 0x32, 0xFB, 0x0E, 0xC9, 0x6F, 0x07, 0x62, 0xF5, 0xD0, 0x5A,
    0x28, 0x1F, 0xD6, 0x7A, 0xF6, 0x5A, 0x78, 0xEA, 0x01, 0x16, 0xBE, 0xAC, 0x6B, 0xFC, 0xFF, 0xC4,
    0x96, 0x99, 0xCD, 0x7F, 0x4C, 0x3A, 0x11, 0x7B, 0xF8, 0xCE, 0x99, 0x5B, 0xAF, 0x5D, 0xBC, 0xF5,
    0x7B, 0xF9, 0xDC, 0x99, 0x71, 0xC9, 0x9F, 0xE4, 0xEE, 0x12, 0xB9, 0xE3, 0xA1, 0x59, 0x0C, 0x41,
    0x65, 0x15, 0x92, 0xDD, 0xF9, 0x4C, 0x3E, 0x02, 0x7E, 0x2D, 0x0A, 0xA9, 0xDB, 0x14, 0xF5, 0x02,
    0x78, 0xE2, 0x75, 0x39, 0x90, 0x37, 0xF2, 0xDF, 0x98, 0xDF, 0x78, 0xE0, 0x15, 0x9F, 0xAE, 0x47,
    0xF2, 0xD4, 0x3D, 0x40, 0xD1, 0x50, 0xF6, 0x24, 0x8E, 0xB4, 0xA3, 0xAC, 0x78, 0x0A, 0xBA, 0x8C,
    0x68, 0x30, 0x70, 0xE3, 0x3A, 0x94, 0x27, 0x7F, 0x67, 0x7B, 0x4C, 0x56, 0x00, 0xE0, 0x22, 0x5C,
    0x09, 0xCB, 0x85, 0xEF, 0xE3, 0x5F, 0x89, 0xFD, 0x93, 0x67, 0x92, 0x5E, 0x4B, 0xB2, 0xED, 0x8A,
    0x0F, 0xE7, 0xD6, 0x5E, 0x4D, 0x7C, 0x6E, 0x0F, 0x03, 0x2E, 0x2E, 0xA8, 0x8E, 0xDD, 0x85, 0x91,
    0xEC, 0x16, 0x89, 0x67, 0x3F, 0xD2, 0x09, 0xA8, 0xEF, 0xBC, 0xEF, 0x02, 0xD1, 0x5A, 0xC7, 0x64,
    0x9F, 0x1E, 0x23, 0xB7, 0x2C, 0xC7, 0xF5, 0xC4, 0xF2, 0xB4, 0x3D, 0xC9, 0xF0, 0x1D, 0x20, 0x97,
    0xBB, 0xC3, 0x34, 0xB3, 0xEC, 0x89, 0x5A, 0x56, 0xDA, 0x32, 0x9D, 0x58, 0xE7, 0x7F, 0xF2, 0x4F,
    0xCC, 0x89, 0xA2, 0x27, 0x12, 0xA6, 0x03, 0xDD, 0x56, 0xB3, 0x9D, 0xB0, 0x39, 0xAF, 0x1E, 0xB8,
    0xFC, 0xFF, 0x00, 0xDD, 0x0A, 0x10, 0xF0, 0xF6, 0xC4, 0xB1, 0x28, 0x5D, 0xE9, 0x90, 0x93, 0xE3,
    0x65, 0xF7, 0xB2, 0x23, 0x77, 0xF9, 0x43, 0x31, 0x16, 0x8E, 0x4C, 0x1A, 0x48, 0x74, 0x5B, 0x15,
    0xED, 0xAB, 0x82, 0x54, 0x03, 0x90, 0x05, 0x86, 0x73, 0xD0, 0xCF, 0xDC, 0xB3, 0xB4, 0xC3, 0xD1,
    0xD1, 0xE3, 0xB7, 0xBB, 0x8D, 0x94, 0xAF, 0x02, 0xB9, 0x7D, 0x3B, 0x50, 0x3D, 0x90, 0xC8, 0x02,
    0x7C, 0xEF, 0xB3, 0xB4, 0x0E, 0xC0, 0x2B, 0x09, 0xE0, 0x0B, 0xA0, 0x9D, 0x01, 0x33, 0x02, 0xE7,
    0xAF, 0x3D, 0xBE, 0x22, 0xFC, 0x48, 0x40, 0xDD, 0x00, 0xD1, 0xC6, 0xF8, 0xBB, 0x2E, 0xB0, 0x0B,
    0x8C, 0xD5, 0x01, 0xB4, 0xD5, 0x7D, 0x45, 0x68, 0xB5, 0xF2, 0x53, 0x28, 0x42, 0x1A, 0x50, 0x8C,
    0xC0, 0xC5, 0x8B, 0x3B, 0x5C, 0xBA, 0x02, 0x14, 0x03, 0x90, 0x76, 0xBB, 0x4A, 0x0C, 0x8F, 0xA7,
    0x12, 0x9F, 0x8B, 0x1A, 0xE0, 0x9B, 0x49, 0x0F, 0xB4, 0xB9, 0x83, 0xC8, 0x07, 0x5D, 0x89, 0xBB,
    0xC1, 0xC2, 0x6A, 0xF8, 0xAC, 0x77, 0x87, 0xF4, 0xC5, 0x0A, 0xF2, 0x5F, 0xD8, 0x05, 0xAF, 0x59,
    0x28, 0x0B, 0xE0, 0xD2, 0x65, 0xE0, 0x6B, 0x4F, 0x3F, 0xFE, 0xBF, 0x8E, 0x5A, 0xEF, 0x6A, 0xE5,
    0x63, 0xB4, 0x17, 0xEF, 0xB3, 0x37, 0xDC, 0xBD, 0x57, 0x51, 0x02, 0x60, 0x36, 0xFC, 0x0D, 0x40,
    0xE9, 0x01, 0xB2, 0xE1, 0xA4, 0xAB, 0xF2, 0x4C, 0xAE, 0x7E, 0x47, 0x22, 0x05, 0x57, 0x7F, 0x23,
    0x20, 0x1A, 0x76, 0x3B, 0x56, 0xDE, 0x05, 0x38, 0x20, 0x13, 0x10, 0x4F, 0xDC, 0x8D, 0xCD, 0x7A,
    0xAC, 0x0A, 0x20, 0xFB, 0x55, 0x07, 0x50, 0xBC, 0xE0, 0x00, 0xFE, 0x82, 0x8E, 0x7B, 0xA2, 0x55,
    0x73, 0x03, 0x4D, 0xB5, 0x2A, 0xD1, 0xFA, 0x7C, 0x44, 0xE4, 0x7D, 0xE6, 0x23, 0x35, 0x85, 0x4D,
    0x7D, 0x2C, 0x5B, 0xDA, 0x64, 0x4A, 0x64, 0x4D, 0x13, 0xCF, 0x89, 0x3A, 0x43, 0xA4, 0xF4, 0x56,
    0x5F, 0x83, 0xB2, 0x5F, 0xBA, 0x1B, 0xD0, 0x7E, 0xEB, 0x17, 0x6E, 0x82, 0xFA, 0xB5, 0x1F, 0x8D,
    0x1E, 0xCC, 0x8F, 0x93, 0x69, 0x04, 0x73, 0x2B, 0x9E, 0x07, 0x28, 0xE6, 0x48, 0x0E, 0xF2, 0x09,
    0xF5, 0x90, 0x7B, 0xD4, 0x41, 0x36, 0x52, 0x5B, 0x48, 0x06, 0x8C, 0x65, 0x17, 0x45, 0x05, 0xAC,
    0x05, 0x86, 0xD6, 0xAD, 0x56, 0x47, 0x58, 0x2F, 0xBF, 0x81, 0xEA, 0xC9, 0x3B, 0x6A, 0xA7, 0xCC,
    0xCA, 0x2D, 0x3A, 0xBB, 0xB6, 0x2F, 0x96, 0x47, 0xD9, 0xE4, 0x6E, 0xA9, 0x6E, 0x95, 0x39, 0xE3,
    0x0C, 0xE9, 0x60, 0xDC, 0x55, 0x92, 0xF1, 0xEA, 0x70, 0x9D, 0xD8, 0xFF, 0xDB, 0xE8, 0x89, 0xBC,
    0xF3, 0x23, 0xCC, 0x6E, 0x76, 0xD0, 0xF6, 0xED, 0xC2, 0xBA, 0xAB, 0x3B, 0x30, 0xD6, 0x58, 0x28,
    0x17, 0x77, 0x70, 0xEF, 0x6F, 0xE5, 0x6F, 0x35, 0x60, 0xB2, 0x0E, 0x7E, 0x10, 0xDB, 0x13, 0x95,
    0x7A, 0x51, 0x7D, 0x40, 0x57, 0x8C, 0xCC, 0xA4, 0x1E, 0x4F, 0x32, 0x85, 0xCF, 0x29, 0x71, 0x2C,
    0x2D, 0xEA, 0xC0, 0xFC, 0xD2, 0x42, 0xA1, 0x0A, 0xF2, 0x19, 0x48, 0x1F, 0x72, 0xB0, 0xEF, 0xB6,
    0x88, 0xAA, 0x4D, 0x4B, 0x8D, 0x83, 0x43, 0x0F, 0xC3, 0x25, 0xA2, 0xFE, 0x69, 0x76, 0xA1, 0xB9,
    0x50, 0x3B, 0xE5, 0x73, 0xE1, 0x92, 0x31, 0x1F, 0x52, 0x97, 0x8D, 0x59, 0x1F, 0xCE, 0x32, 0x62,
    0x5F, 0xD8, 0x68, 0x2A, 0x2B, 0x66, 0x03, 0xF5, 0x55, 0x30, 0x1E, 0xCA, 0x11, 0x8A, 0xED, 0xC9,
    0x4E, 0x30, 0x51, 0x58, 0xA8, 0xE1, 0xAD, 0x09, 0x34, 0x6C, 0xA7, 0xCC, 0xC3, 0xA2, 0x02, 0x19,
    0xBB, 0x45, 0x78, 0x7A, 0xD2, 0xA7, 0x6D, 0x95, 0xC9, 0x16, 0x23, 0x13, 0xA9, 0x8F, 0x82, 0xCF,
    0x64, 0x20, 0x9A, 0xD3, 0x1E, 0xDA, 0xDC, 0x82, 0xF9, 0xFB, 0x06, 0x4A, 0x71, 0x4A, 0x9F, 0x16,
    0xDA, 0x00, 0x00, 0x9E, 0x85, 0xC8, 0x43, 0xEE, 0x37, 0x7E, 0xFF, 0x8A, 0x3B, 0x61, 0xA4, 0x6E,
    0x49, 0x67, 0x8E, 0xDA, 0xFE, 0x32, 0xAD, 0xBD, 0x84, 0xAA, 0x0B, 0xC9, 0x0C, 0x99, 0x87, 0x7C,
    0x00, 0xB3, 0x39, 0xC3, 0x8E, 0x54, 0xB1, 0xDD, 0xEC, 0x0A, 0x17, 0x0D, 0xA6, 0x4F, 0x86, 0xF6,
    0x83, 0x37, 0x5D, 0x1D, 0x3E, 0xAB, 0x63, 0x93, 0x4E, 0x45, 0x6E, 0x29, 0x2C, 0x06, 0x2E, 0xC2,
    0x6E, 0x2F, 0x2A, 0x35, 0x19, 0xC9, 0x7C, 0x38, 0x5D, 0x4C, 0xC7, 0x8B, 0xB9, 0xC3, 0x58, 0xDA,
    0x26, 0x12, 0x89, 0x3F, 0x97, 0x0F, 0x79, 0xD9, 0x17, 0xF5, 0x07, 0x6D, 0xAB, 0xD9, 0x68, 0xDA,
    0xFF, 0x1F, 0x32, 0x27, 0xC4, 0xF6, 0xE6, 0x48, 0xDD, 0x65, 0x64, 0x2F, 0x46, 0xE2, 0xA9, 0x64,
    0xDA, 0x18, 0x2B, 0x1D, 0x98, 0x0E, 0x64, 0x89, 0x05, 0x9B, 0xCD, 0x51, 0x5F, 0xBA, 0xD8, 0xD5,
    0x5D, 0xE2, 0xF4, 0xC1, 0x5B, 0x4E, 0x52, 0x5F, 0x4B, 0x1D, 0xC0, 0xC9, 0x7F, 0xCC, 0x3D, 0xA9,
    0x31, 0x1B, 0x2F, 0x16, 0xAB, 0x46, 0x55, 0xF1, 0x4C, 0xBA, 0x6A, 0x34, 0x7D, 0xD9, 0xAE, 0x1A,
    0x6B, 0x4D, 0xB1, 0xFD, 0x0A, 0x89, 0xBB, 0x4A, 0x34, 0x6D, 0xAF, 0x3C, 0x73, 0xCB, 0x2E, 0x4A,
    0xA9, 0xDF, 0x16, 0xD4, 0x19, 0x8C, 0xBD, 0x8C, 0x9A, 0x73, 0xB1, 0x36, 0x0D, 0xCB, 0xC7, 0x8D,
    0xCE, 0xDA, 0x82, 0x1A, 0xB6, 0x9B, 0x5D, 0x3E, 0x30, 0x2C, 0x3A, 0x87, 0xFA, 0xF7, 0x6F, 0x0E,
    0xE1, 0xB3, 0xE5, 0x92, 0x00, 0x11, 0x2F, 0x91, 0xFF, 0xB5, 0x23, 0xBB, 0xD9, 0x91, 0xA8, 0x21,
    0x12, 0x3B, 0xB9, 0x3B, 0xC5, 0x18, 0x89, 0x45, 0x33, 0x97, 0xD2, 0x91, 0x8B, 0xF9, 0xB6, 0x06,
    0xED, 0xE6, 0xBD, 0xC9, 0xDA, 0xC3, 0x9C, 0xA5, 0xBE, 0x2C, 0x05, 0xA6, 0xD6, 0x4C, 0x28, 0x31,
    0xE5, 0x80, 0xE6, 0x44, 0x4A, 0xC7, 0x6F, 0x66, 0xEE, 0xDC, 0xDE, 0xEB, 0xEC, 0x07, 0x5D, 0x79,
    0xFF, 0x1F, 0xCD, 0x9A, 0x01, 0xA4, 0x26, 0xD9, 0x99, 0xF7, 0x7F, 0x55, 0xD5, 0x7D, 0xAB, 0xBF,
    0x29, 0x93, 0x6A, 0xCC, 0xE7, 0xCB, 0xB7, 0xD7, 0xAA, 0xC1, 0x22, 0x24, 0x49, 0xC1, 0xC0, 0x32,
    0x3D, 0xA7, 0x36, 0x83, 0x41, 0x90, 0x5E, 0x32, 0x20, 0x08, 0x04, 0x64, 0x97, 0x5E, 0x0C, 0x82,
    0xEE, 0xAE, 0x9A, 0x6D, 0x0C, 0x82, 0x6D, 0x00, 0x16, 0x06, 0x03, 0xB9, 0x41, 0x07, 0x83, 0x41,
    0xA7, 0xEB, 0xF4, 0x34, 0x06, 0x8B, 0xA9, 0x24, 0x80, 0x20, 0x35, 0xB6, 0xD9, 0x95, 0xE0, 0x9E,
    0xD9, 0x54, 0xA4, 0x7A, 0x6E, 0x55, 0xFD, 0xB7, 0xCE, 0xA9, 0xF7, 0xDE, 0xDB, 0x77, 0xB7, 0x67,
    0x7A, 0x92, 0xEE, 0xF4, 0xE4, 0x79, 0xEB, 0xF9, 0x3D, 0xE7, 0xBD, 0xEE, 0xAD, 0xF7, 0xFF, 0x9C,
    0xF7, 0xBC, 0xF5, 0x3E, 0xE7, 0xA9, 0x0B, 0xC4, 0x03, 0x90, 0x4C, 0x1B, 0xA2, 0xEF, 0xA4, 0x23,
    0xB5, 0x7E, 0xED, 0x62, 0x49, 0x36, 0x7B, 0x50, 0x88, 0xA2, 0x8B, 0x85, 0xB1, 0xA8, 0xA9, 0x2B,
    0x5A, 0xDB, 0x82, 0xB1, 0x7A, 0x14, 0x2A, 0x4C, 0xD3, 0x36, 0xB4, 0x98, 0x0E, 0x51, 0x0E, 0xC9,
    0x44, 0xAE, 0x76, 0x20, 0x91, 0x3A, 0xB8, 0xF2, 0x00, 0x20, 0xED, 0x20, 0x71, 0xC1, 0xDB, 0xDF,
    0xF6, 0x99, 0x64, 0xCB, 0x23, 0x61, 0xAC, 0x9A, 0xB6, 0xAA, 0xAD, 0x30, 0x67, 0xBD, 0xAA, 0x9B,
    0xD6, 0x8F, 0x8E, 0x16, 0x0A, 0x8D, 0xC4, 0x6A, 0xF0, 0x56, 0x56, 0x9E, 0xC6, 0x9E, 0xB2, 0x6E,
    0x6A, 0x59, 0x09, 0xCF, 0x89, 0x74, 0xA6, 0x70, 0xF8, 0xD7, 0xFF, 0x93, 0x39, 0x53, 0xF4, 0x44,
    0xF2, 0xB9, 0xA0, 0x23, 0x35, 0x60, 0xB4, 0x00, 0x7B, 0xEA, 0xF1, 0x76, 0x1D, 0x30, 0xDE, 0xAF,
    0xB8, 0x72, 0x96, 0xD3, 0xB0, 0x46, 0x97, 0x7F, 0xD6, 0x63, 0x2C, 0x5C, 0x26, 0x0D, 0x89, 0x8E,
    0x44, 0xFB, 0xD6, 0x82, 0xB7, 0xE7, 0x79, 0x97, 0x60, 0xC5, 0xAB, 0x8E, 0x60, 0xD9, 0xA1, 0x25,
    0x58, 0x22, 0x76, 0xF6, 0x33, 0x4E, 0x2D, 0x7A, 0xFD, 0x3B, 0x04, 0xAB, 0xA5, 0x0E, 0x49, 0x7E,
    0x30, 0x23, 0xA9, 0x49, 0xA7, 0xEF, 0xAA, 0x5A, 0x7E, 0xA2, 0x2A, 0x99, 0x90, 0x1D, 0xE2, 0x85,
    0x75, 0x60, 0x3A, 0x97, 0x4E, 0x7E, 0x50, 0xF6, 0x97, 0xF3, 0xC1, 0x0F, 0x0A, 0xB7, 0x8E, 0x77,
    0x59, 0xD6, 0x76, 0x37, 0x50, 0xB5, 0x0D, 0x92, 0x85, 0x6D, 0x90, 0x4E, 0x61, 0x50, 0xF4, 0xF9,
    0x10, 0x06, 0xA5, 0x35, 0x7D, 0xDA, 0xF8, 0x13, 0x36, 0xAD, 0xCD, 0x6C, 0x32, 0x45, 0x42, 0x55,
    0x6E, 0xD3, 0xE5, 0xD6, 0x94, 0xE8, 0xE0, 0x96, 0x35, 0x52, 0x1F, 0x7B, 0x19, 0xB5, 0x1E, 0x10,
    0x49, 0xAA, 0x38, 0x6B, 0x51, 0x15, 0xC2, 0xD5, 0xCC, 0x6E, 0xF3, 0x57, 0x54, 0x21, 0x97, 0xF2,
    0xCE, 0x96, 0x4A, 0x3E, 0x6D, 0x99, 0x24, 0x03, 0x21, 0x11, 0x20, 0xE4, 0x01, 0x5B, 0x1A, 0x92,
    0xF3, 0x32, 0x3E, 0x92, 0x46, 0xAF, 0xEB, 0xE3, 0xE5, 0x96, 0x7F, 0x9E, 0x7F, 0xEC, 0xCA, 0x2E,
    0xC4, 0xAE, 0x6E, 0x76, 0xA9, 0x10, 0xE2, 0x8A, 0xA0, 0x3F, 0x1B, 0x36, 0xF9, 0x45, 0x4F, 0x50,
    0x6F, 0xEC, 0xCB, 0x9B, 0x78, 0x6E, 0x7B, 0xED, 0xB1, 0x0E, 0xA6, 0x9D, 0xF4, 0x71, 0xA7, 0x7C,
    0x00, 0x38, 0xB7, 0xC9, 0xBD, 0x94, 0x5A, 0xA2, 0x96, 0x32, 0xAF, 0xC8, 0x45, 0xBE, 0x40, 0x26,
    0xD2, 0x09, 0x10, 0xD1, 0x10, 0x02, 0x1C, 0x87, 0xA8, 0x15, 0xAD, 0x86, 0x4C, 0x42, 0x9A, 0xFC,
    0xBA, 0xD6, 0xAD, 0xC1, 0x34, 0x62, 0x28, 0xFA, 0xB6, 0x12, 0xCE, 0x58, 0x21, 0xF0, 0x10, 0xF1,
    0x1C, 0x42, 0x3A, 0x86, 0x90, 0xBB, 0x17, 0x54, 0x89, 0x55, 0x5D, 0x7B, 0x57, 0xB4, 0xD5, 0xED,
    0x5A, 0xFA, 0x7B, 0x7F, 0x16, 0xB5, 0xB3, 0x34, 0x66, 0xA3, 0x19, 0xA5, 0xA1, 0x96, 0x8D, 0xA4,
    0x6A, 0x0B, 0xA4, 0x33, 0x14, 0x21, 0x3D, 0x72, 0xF7, 0x24, 0xE1, 0x87, 0x5B, 0xB8, 0xBD, 0x85,
    0x69, 0x0D, 0xE9, 0xF2, 0x93, 0x71, 0x0D, 0x46, 0xF2, 0xA1, 0x96, 0xD6, 0x14, 0xF0, 0x56, 0x76,
    0x21, 0xD4, 0xD6, 0x33, 0x56, 0x05, 0x90, 0xCF, 0x9E, 0xA4, 0xF7, 0xD9, 0x62, 0xE7, 0x99, 0xBB,
    0x5A, 0x5D, 0xA0, 0x25, 0xED, 0xC2, 0x94, 0x91, 0x9C, 0xF0, 0x8A, 0xF3, 0x54, 0x60, 0x1B, 0x98,
    0x7F, 0x16, 0x2F, 0x05, 0xBE, 0x12, 0x78, 0x27, 0x77, 0xAB, 0xBA, 0x39, 0x77, 0x46, 0x5A, 0x59,
    0x4B, 0x5E, 0x30, 0x90, 0xF7, 0x9E, 0x45, 0x77, 0x72, 0x51, 0x88, 0x82, 0xBC, 0x6C, 0x01, 0x48,
    0x06, 0xF6, 0x26, 0xAE, 0x99, 0x09, 0x7D, 0x75, 0xF5, 0x64, 0x1D, 0xAF, 0xCE, 0xE6, 0x7B, 0x4A,
    0xA6, 0x7C, 0xF5, 0x6C, 0x75, 0x1E, 0xEB, 0xA5, 0xAC, 0xCC, 0xEA, 0xC0, 0x02, 0xD1, 0xBC, 0x9D,
    0xA5, 0x18, 0xA0, 0xED, 0xC1, 0x54, 0x66, 0xA2, 0x56, 0xAD, 0xCE, 0x28, 0x44, 0x9B, 0xAA, 0x4A,
    0x87, 0x74, 0x26, 0x91, 0x4D, 0xC2, 0xB2, 0x94, 0xDB, 0xC5, 0x61, 0x8B, 0x47, 0xD3, 0x16, 0x7F,
    0xA7, 0x2D, 0x7E, 0xAC, 0x1B, 0x21, 0xBA, 0xF6, 0xDE, 0x16, 0xCD, 0xEF, 0xB6, 0x58, 0x1C, 0x6D,
    0x31, 0xD3, 0x16, 0x93, 0x5D, 0x8C, 0xB6, 0x38, 0xD0, 0xFA, 0x58, 0xAA, 0x32, 0x3E, 0x1A, 0x55,
    0xB9, 0x4B, 0x47, 0x80, 0xF3, 0x64, 0x03, 0xC1, 0x0A, 0xB7, 0xC5, 0xB6, 0x0B, 0x21, 0x51, 0x15,
    0x62, 0xF4, 0x80, 0x87, 0xDF, 0x3C, 0x72, 0x17, 0xB2, 0x58, 0x83, 0xD6, 0x90, 0x76, 0xA9, 0xAA,
    0xC4, 0xB1, 0xA5, 0xC0, 0x96, 0xC1, 0x15, 0x97, 0x68, 0x4C, 0x9C, 0x9C, 0xD7, 0xEF, 0x9F, 0x79,
    0xF9, 0xB9, 0x4B, 0x9C, 0x6E, 0x84, 0xD0, 0xFE, 0xD2, 0x07, 0xAF, 0xDD, 0x87, 0xFC, 0x28, 0x84,
    0x4C, 0x21, 0x24, 0x5B, 0xC0, 0x87, 0xD4, 0xCB, 0xF6, 0x2F, 0x54, 0x99, 0x2D, 0xE4, 0x6B, 0x08,
    0x9A, 0xF3, 0x9E, 0xD3, 0x77, 0x14, 0x63, 0x3D, 0x23, 0x35, 0x9C, 0xBC, 0xA9, 0x24, 0xC3, 0xA6,
    0x7E, 0x38, 0xBB, 0xBA, 0xB6, 0x9F, 0x9C, 0xDA, 0x73, 0x43, 0xDD, 0xED, 0x4F, 0xE6, 0x48, 0x6B,
    0x56, 0xFB, 0x3A, 0x1C, 0xF7, 0xA7, 0x64, 0x4E, 0xA7, 0xE4, 0x8F, 0x7E, 0x14, 0xCA, 0x75, 0x63,
    0x2A, 0x03, 0x01, 0x92, 0xD1, 0x33, 0x1D, 0xB6, 0x19, 0x3B, 0x99, 0xD6, 0x78, 0xD3, 0x38, 0xC3,
    0xD7, 0xA2, 0x1E, 0x5E, 0x49, 0x57, 0x14, 0xBF, 0x6E, 0x20, 0x5D, 0x80, 0x68, 0xE2, 0xD8, 0xCE,
    0x7B, 0xD4, 0x1E, 0xAA, 0x20, 0x92, 0x85, 0x64, 0x43, 0x0F, 0xD9, 0x87, 0x0E, 0xF2, 0x7F, 0x19,
    0xA0, 0x78, 0x6D, 0x04, 0xE3, 0x13, 0x7B, 0x25, 0x99, 0xE1, 0xCE, 0x4F, 0x16, 0x90, 0xB4, 0x5D,
    0x65, 0x13, 0x47, 0x6D, 0x57, 0x18, 0x9B, 0xF5, 0x98, 0xBE, 0x9E, 0x63, 0xCD, 0xED, 0x9C, 0x68,
    0x4E, 0xA3, 0x9E, 0xFC, 0x46, 0x47, 0xBA, 0xBE, 0x72, 0xA2, 0x4D, 0x0F, 0x7F, 0xC3, 0x89, 0x45,
    0xED, 0x4D, 0x72, 0x0D, 0x98, 0xC3, 0x29, 0x9C, 0xFC, 0xFC, 0xEA, 0xFC, 0xC3, 0x44, 0xAE, 0x09,
    0xB3, 0x7A, 0x7B, 0xE3, 0xA1, 0x35, 0x2F, 0x35, 0xF5, 0x2C, 0x5B, 0xF4, 0x77, 0x78, 0x29, 0xEE,
    0xAE, 0xE5, 0xD6, 0xDC, 0x22, 0x9F, 0x88, 0x07, 0x36, 0xAB, 0xD5, 0xF9, 0x95, 0x3E, 0x93, 0x4C,
    0x8F, 0x3F, 0xD2, 0x19, 0xE3, 0x7F, 0xBF, 0x23, 0xAA, 0xAE, 0x66, 0xD6, 0x14, 0x55, 0x79, 0x87,
    0xEC, 0xA1, 0xB3, 0xED, 0x4F, 0x98, 0xC9, 0xF3, 0x33, 0x4E, 0x52, 0xCA, 0x1A, 0x59, 0x2E, 0x46,
    0xC0, 0x90, 0x5B, 0xF8, 0x99, 0x01, 0xCA, 0x09, 0xB6, 0xB5, 0x1E, 0xDD, 0x3C, 0x49, 0xF4, 0x3B,
    0x9B, 0x40, 0x62, 0x69, 0x64, 0x2D, 0x69, 0x66, 0x8A, 0x7E, 0x57, 0xD2, 0x54, 0x75, 0x43, 0xDB,
    0xB4, 0xD5, 0xA3, 0xAA, 0x19, 0x8F, 0x26, 0x7C, 0xDF, 0x7D, 0x56, 0x49, 0x93, 0x54, 0xEF, 0x92,
    0xBE, 0xEF, 0x48, 0xFE, 0xD0, 0x6D, 0x8B, 0xB3, 0x06, 0xFE, 0x3F, 0xA7, 0xD6, 0xF6, 0x64, 0x9A,
    0xF9, 0x13, 0xCA, 0x9C, 0x8B, 0x40, 0xCE, 0xE4, 0xF9, 0x4B, 0xC7, 0x6E, 0x6D, 0x80, 0x3C, 0xF8,
    0x32, 0x67, 0xED, 0xB4, 0xFC, 0xD1, 0x9F, 0xBF, 0xFC, 0xB9, 0x78, 0x1E, 0x18, 0x4A, 0x60, 0xBA,
    0x0D, 0x98, 0xE1, 0xF8, 0xF2, 0x1B, 0x57, 0x3C, 0x64, 0xA5, 0x2B, 0x1D, 0x72, 0x72, 0x5C, 0x71,
    0x57, 0x1C, 0xB9, 0xCB, 0x1F, 0x8B, 0xB1, 0x70, 0x64, 0xD2, 0x80, 0x2F, 0x93, 0x2A, 0xDA, 0x1B,
    0x82, 0xBD, 0x83, 0x77, 0x80, 0x4C, 0x53, 0xE0, 0xC8, 0xB1, 0xA5, 0x1F, 0xF9, 0x71, 0xFE, 0xBB,
    0xF0, 0xF3, 0x5F, 0x0C, 0x3C, 0xC2, 0x6A, 0xF5, 0xD2, 0xCA, 0xEE, 0x19, 0xCC, 0x4A, 0x74, 0x70,
    0xD0, 0x10, 0x4B, 0xD6, 0xA3, 0x21, 0x58, 0x34, 0x14, 0x15, 0xC9, 0x64, 0x6C, 0x40, 0x78, 0xFA,
    0xF4, 0xE7, 0xE7, 0xD8, 0x7E, 0x7A, 0x7A, 0x35, 0x32, 0xBD, 0xE7, 0xDF, 0x7A, 0x14, 0x6F, 0x8E,
    0x80, 0xB9, 0x37, 0x01, 0xE5, 0x37, 0x07, 0xCE, 0x58, 0xAD, 0xBB, 0xD2, 0xCA, 0x37, 0x9F, 0xC5,
    0xAA, 0xE1, 0x82, 0x87, 0xF1, 0x68, 0x81, 0x68, 0x06, 0x12, 0x07, 0xC4, 0xD5, 0x33, 0x9A, 0xA9,
    0x88, 0xCB, 0x10, 0x3E, 0xAE, 0x90, 0x1C, 0x9D, 0xF9, 0x34, 0xFD, 0x45, 0xCD, 0x54, 0x15, 0x41,
    0xE2, 0x0A, 0x4B, 0x3C, 0xD5, 0x40, 0x1B, 0x14, 0x39, 0x60, 0xAF, 0x79, 0xA6, 0x6B, 0xEA, 0x4B,
    0x81, 0x5B, 0xE9, 0x97, 0x4D, 0x9E, 0xFC, 0xE3, 0x5F, 0xD6, 0x4C, 0xBD, 0x08, 0x30, 0x79, 0x2C,
    0x1E, 0x75, 0x05, 0xE4, 0x16, 0x88, 0x9E, 0xD1, 0x4C, 0xED, 0xA9, 0x32, 0x72, 0x6A, 0xA7, 0xB7,
    0x93, 0x85, 0x48, 0xA0, 0xCD, 0x96, 0x03, 0x4D, 0x2C, 0x4B, 0x3C, 0xD5, 0x87, 0x63, 0xA9, 0x3E,
    0x5D, 0xA0, 0x50, 0x0F, 0xA5, 0x1C, 0xFC, 0xD5, 0xC1, 0x4D, 0x36, 0x2B, 0xDE, 0xEA, 0xC1, 0x7C,
    0xE8, 0xA0, 0xFC, 0x56, 0xF7, 0xE8, 0xBA, 0x20, 0x56, 0xB3, 0xBB, 0xF6, 0xA7, 0xEA, 0x8E, 0xEB,
    0x02, 0x8F, 0xE2, 0x5B, 0xC7, 0x75, 0x41, 0x9D, 0xCC, 0xD0, 0x9E, 0xAD, 0x0B, 0x06, 0xDA, 0x26,
    0x14, 0x07, 0x99, 0xF3, 0x75, 0xC1, 0x92, 0x68, 0x6E, 0x3D, 0x0A, 0x39, 0x2F, 0xE2, 0x44, 0x43,
    0xF1, 0x5A, 0xE7, 0x05, 0x78, 0xF7, 0xE3, 0x27, 0xAE, 0x0F, 0xD8, 0x3B, 0x78, 0x1B, 0x32, 0x39,
    0x8F, 0x9E, 0x9D, 0x5D, 0xF3, 0xD0, 0x09, 0xAE, 0x71, 0x26, 0x57, 0xD3, 0x00, 0xAD, 0x05, 0xD4,
    0x41, 0xA4, 0x1E, 0x62, 0x39, 0x48, 0x7E, 0x3B, 0x40, 0xF6, 0xC1, 0x04, 0xB9, 0x5F, 0x6B, 0xC5,
    0x3F, 0xCF, 0x50, 0x46, 0x02, 0x73, 0x20, 0x68, 0xA5, 0x06, 0x49, 0x36, 0x9A, 0x30, 0x5D, 0x3C,
    0x50, 0xF6, 0xE9, 0x8A, 0xC1, 0x28, 0x92, 0x02, 0xBC, 0x94, 0x5C, 0x2E, 0x38, 0x0F, 0x4B, 0x51,
    0x70, 0x3F, 0x7E, 0xC2, 0x7C, 0xAF, 0x03, 0xFC, 0xE0, 0xC0, 0x53, 0xAA, 0x02, 0x79, 0x84, 0xC5,
    0x92, 0xA6, 0x1D, 0x31, 0x3A, 0x58, 0x79, 0x5D, 0xDC, 0x86, 0x49, 0xFC, 0x90, 0x68, 0x14, 0x90,
    0x38, 0xCF, 0xB4, 0xD7, 0x41, 0x43, 0x6E, 0xA5, 0x8E, 0xB2, 0x91, 0xEC, 0x96, 0x2B, 0xAD, 0x3C,
    0x25, 0xF1, 0x42, 0x3C, 0x22, 0x2E, 0xA5, 0x0E, 0x71, 0x2D, 0xEF, 0x23, 0x1D, 0xCC, 0xF5, 0x9C,
    0x4B, 0x73, 0xEB, 0x39, 0x6D, 0xC9, 0x16, 0x1E, 0xCF, 0x9D, 0x2C, 0xB3, 0x60, 0xED, 0x9B, 0xAA,
    0x32, 0x1D, 0xC9, 0x95, 0x87, 0xD2, 0x60, 0x5E, 0x5D, 0xD2, 0xA9, 0xF4, 0x65, 0x2D, 0xC9, 0xFC,
    0xDD, 0x29, 0xBA, 0x25, 0x4D, 0x85, 0xF4, 0xE3, 0xCB, 0xF5, 0x2F, 0x27, 0x50, 0x32, 0x83, 0x62,
    0x81, 0x0E, 0xF5, 0xC9, 0x58, 0xAB, 0xD5, 0x50, 0x3C, 0xD8, 0xD3, 0x4D, 0xA2, 0xD7, 0x81, 0x5A,
    0xC3, 0xAE, 0x9C, 0x5A, 0xFE, 0x6E, 0xA4, 0x70, 0x8C, 0x18, 0xCB, 0x40, 0xDD, 0x70, 0x99, 0xB6,
    0x02, 0x44, 0xC0, 0xF9, 0xD7, 0x11, 0x46, 0x88, 0x72, 0x46, 0x15, 0x13, 0x6D, 0x93, 0xCB, 0xD5,
    0xDD, 0x73, 0xCB, 0xDB, 0x66, 0xC0, 0xAB, 0x3D, 0x9C, 0x48, 0xA4, 0x09, 0xAE, 0x2C, 0x37, 0xA1,
    0xF8, 0x64, 0xA2, 0xD5, 0x1C, 0xA9, 0xBD, 0x9D, 0xCC, 0x45, 0x93, 0x4C, 0xB9, 0x0D, 0xBE, 0x94,
    0x61, 0xEB, 0x4B, 0xBB, 0x10, 0x2D, 0xEF, 0x6C, 0x3D, 0xA4, 0xE5, 0xA0, 0x8A, 0x25, 0x17, 0x49,
    0x43, 0x66, 0xE3, 0x51, 0x3B, 0xCB, 0x3F, 0x69, 0xFB, 0x4C, 0x6A, 0xA2, 0xF6, 0x3E, 0x5C, 0xA4,
    0xE2, 0x6A, 0xDA, 0x63, 0x8A, 0x86, 0x62, 0x81, 0x74, 0x04, 0x6E, 0x1E, 0x37, 0x53, 0x2A, 0x4A,
    0x4D, 0x91, 0x34, 0xAF, 0x79, 0xCC, 0x85, 0x63, 0x36, 0x96, 0xDB, 0x75, 0xC3, 0xF7, 0x7D, 0x0E,
    0xE2, 0xD8, 0x4B, 0x09, 0x23, 0x55, 0xFB, 0x6A, 0x1B, 0x54, 0x77, 0xC8, 0x0C, 0x68, 0x95, 0xAE,
    0x44, 0x12, 0xA5, 0x6E, 0x46, 0x5C, 0x24, 0xB5, 0x23, 0xC9, 0x47, 0x8E, 0xF8, 0xA8, 0xDB, 0x56,
    0x73, 0xC9, 0xA9, 0xB5, 0xFF, 0x3A, 0x64, 0xD2, 0x50, 0x68, 0x19, 0x4C, 0x77, 0x1D, 0x63, 0x4D,
    0xF0, 0xB2, 0x6F, 0xC9, 0x35, 0x93, 0x6A, 0x24, 0xFF, 0x4D, 0x83, 0x01, 0xCC, 0x6F, 0x0E, 0x28,
    0xA4, 0xAE, 0x94, 0x5C, 0x4D, 0xEE, 0xE4, 0xBD, 0x32, 0x7D, 0x7B, 0x24, 0x6B, 0xB4, 0x90, 0xEA,
    0x6D, 0x38, 0xC7, 0x65, 0xF8, 0x46, 0xEC, 0xA0, 0xF8, 0x91, 0x85, 0x4C, 0x40, 0x3C, 0x03, 0x7C,
    0xFF, 0xEC, 0xC5, 0xF8, 0x9E, 0x5C, 0xAD, 0x1B, 0xEA, 0xD3, 0x89, 0x85, 0x64, 0x4A, 0xC6, 0x15,
    0x79, 0xBF, 0xC2, 0x34, 0x2B, 0xEE, 0x40, 0xB2, 0x8C, 0x2B, 0x34, 0x78, 0xCC, 0x2B, 0x66, 0xAD,
    0x98, 0x5A, 0xBB, 0xC2, 0xB8, 0x15, 0xF9, 0xB4, 0x22, 0x15, 0xE9, 0x1C, 0xA9, 0x33, 0xB2, 0xB5,
    0x6F, 0x43, 0x64, 0xFD, 0xC5, 0xA8, 0x82, 0xAB, 0x59, 0x47, 0x98, 0x5A, 0x4A, 0x1D, 0x7F, 0x47,
    0xC4, 0x03, 0x0F, 0xDB, 0x73, 0x13, 0x60, 0x3C, 0xF6, 0x3D, 0x92, 0xFF, 0x09, 0x33, 0xAF, 0x28,
    0xE7, 0x63, 0x55, 0xA5, 0x57, 0xD5, 0x7A, 0x19, 0xD3, 0x0A, 0x4D, 0xA7, 0x82, 0x9A, 0x15, 0xA6,
    0x5B, 0x51, 0xB8, 0x15, 0xD9, 0x44, 0xA1, 0x57, 0x45, 0xA9, 0xE6, 0xCE, 0xD9, 0x1A, 0x7F, 0x20,
    0x7B, 0xB0, 0x3F, 0x53, 0x74, 0x91, 0x30, 0x96, 0xB6, 0xAA, 0x2B, 0xEA, 0xE6, 0xB1, 0x6D, 0xCB,
    0xBA, 0x32, 0x1D, 0xC2, 0x0C, 0xF1, 0x4C, 0xAE, 0x76, 0x24, 0x91, 0x7A, 0xB8, 0x22, 0x80, 0x11,
    0x88, 0x1D, 0x90, 0x04, 0x2C, 0x0D, 0xC4, 0xB2, 0x40, 0x5B, 0xFD, 0x31, 0x15, 0x7E, 0x65, 0x8E,
    0x44, 0xA1, 0x69, 0xBB, 0xBA, 0x99, 0x06, 0xAE, 0x03, 0x13, 0x30, 0xEF, 0x36, 0x8F, 0x65, 0x03,
    0xB5, 0x56, 0xB4, 0x1E, 0x3F, 0x38, 0xA8, 0xF0, 0xF6, 0xC5, 0x26, 0x18, 0xAF, 0xF5, 0x77, 0xAA,
    0x71, 0xF5, 0x81, 0x9D, 0x3D, 0xF5, 0xA4, 0x23, 0x5E, 0x20, 0xAF, 0x6E, 0xAF, 0x75, 0xBC, 0xDB,
    0x5E, 0xB8, 0xAD, 0xCE, 0x6C, 0xA3, 0x4C, 0xE8, 0x2C, 0xCA, 0xD6, 0x07, 0x6A, 0xAE, 0x21, 0xAE,
    0xC6, 0x13, 0x2F, 0x64, 0x0E, 0x0A, 0x0B, 0x75, 0x07, 0xED, 0xEC, 0x53, 0xA9, 0x40, 0x16, 0x4C,
    0xF0, 0x37, 0x56, 0x9F, 0x69, 0x1B, 0xFD, 0x56, 0xD4, 0x9A, 0xC8, 0x74, 0x13, 0xAA, 0x17, 0x48,
    0xEC, 0x6D, 0x92, 0x8F, 0x07, 0xA2, 0xA3, 0xFE, 0x7F, 0x7D, 0x4E, 0x4B, 0xA9, 0x31, 0x92, 0x35,
    0x07, 0xAA, 0x2E, 0x45, 0x33, 0x2F, 0x27, 0x23, 0xE4, 0x7D, 0xD0, 0x48, 0x0B, 0x68, 0x00, 0x2D,
    0xF0, 0xFF, 0x54, 0x6D, 0x7F, 0x6C, 0x4E, 0xFC, 0x65, 0xEA, 0xE6, 0x3A, 0xA2, 0xD6, 0x42, 0xB9,
    0xDB, 0xC6, 0x45, 0x5C, 0x2E, 0x62, 0x97, 0x7F, 0xD0, 0x65, 0x6A, 0x62, 0x9D, 0xF6, 0x72, 0xF7,
    0x44, 0x2E, 0x4F, 0x1E, 0x7B, 0x2C, 0x44, 0x73, 0xE8, 0x65, 0x8E, 0xB4, 0x3D, 0xA6, 0x3A, 0xDB,
    0x03, 0xF6, 0xB0, 0xAB, 0xCF, 0xE1, 0x59, 0x68, 0x9D, 0xD6, 0x07, 0xB2, 0xA1, 0x77, 0x7A, 0x15,
    0x35, 0xA1, 0x79, 0x7A, 0x35, 0xD6, 0xD6, 0x03, 0x7E, 0x61, 0xD7, 0x16, 0xF5, 0xB5, 0xCC, 0xAE,
    0xC0, 0x2A, 0xDD, 0x6E, 0x60, 0xEC, 0x6E, 0xA0, 0x66, 0x1B, 0xC4, 0xDA, 0xF5, 0x80, 0x77, 0xCD,
    0xE0, 0xD2, 0xE6, 0x43, 0xE4, 0xD6, 0x41, 0xDD, 0x94, 0x2E, 0x5E, 0x07, 0x91, 0x42, 0xEF, 0x21,
    0x5D, 0xDA, 0x09, 0xFD, 0xE6, 0x56, 0x6F, 0xA4, 0x1E, 0xAD, 0xF0, 0x9D, 0xD4, 0x20, 0xEC, 0x6C,
    0xDF, 0xFA, 0x58, 0xF2, 0x16, 0x67, 0xE0, 0xD1, 0xBD, 0x5E, 0xA3, 0x29, 0xA8, 0xAD, 0x35, 0x07,
    0xB1, 0xF5, 0xAD, 0x29, 0x08, 0xBA, 0x9A, 0xBB, 0x10, 0xDF, 0x28, 0xBB, 0x10, 0x39, 0xD3, 0xF3,
    0x2D, 0xFA, 0x64, 0xDE, 0x64, 0x66, 0xC3, 0xB9, 0xD0, 0xEB, 0x2D, 0xFA, 0xAF, 0x07, 0x91, 0xC6,
    0x5E, 0x5A, 0x7B, 0xBD, 0x5E, 0xE3, 0xBC, 0x93, 0x38, 0x05, 0x85, 0xAD, 0x26, 0xA2, 0x16, 0x6F,
    0xB9, 0x42, 0xC8, 0xB6, 0x80, 0x0F, 0xCF, 0xBC, 0xBB, 0x4B, 0xB0, 0xB4, 0x82, 0xD2, 0x82, 0x2C,
    0x89, 0x20, 0x79, 0xFA, 0xDF, 0x55, 0xD0, 0x40, 0xDC, 0x41, 0xDA, 0x43, 0x6E, 0xA1, 0xA8, 0xE0,
    0xF9, 0x3F, 0xE3, 0x77, 0xD5, 0x66, 0x69, 0x60, 0xDE, 0x07, 0x4E, 0x0F, 0xDD, 0xE2, 0xD8, 0xE7,
    0xAC, 0x85, 0xD6, 0x23, 0x46, 0x9E, 0xA1, 0x79, 0xBA, 0xF5, 0x1D, 0x57, 0xBA, 0xC0, 0xC1, 0xD3,
    0x37, 0x1D, 0xB7, 0x96, 0xE9, 0xD6, 0x30, 0xDD, 0xDA, 0xA5, 0x5B, 0xB3, 0x34, 0xB4, 0x4A, 0x3D,
    0x33, 0x79, 0x26, 0x81, 0x91, 0xE7, 0x40, 0xEB, 0xB6, 0x06, 0xE9, 0xD6, 0x1E, 0x3D, 0xAE, 0x40,
    0xCF, 0x01, 0x2F, 0x03, 0xF5, 0xAE, 0x18, 0xCD, 0x2C, 0x44, 0x96, 0x63, 0xDB, 0xFF, 0xB9, 0x2A,
    0x1D, 0xCA, 0x5E, 0x51, 0xDB, 0xE7, 0x43, 0xE1, 0xF2, 0xC7, 0x3C, 0xEA, 0xC9, 0xA8, 0x5D, 0x9D,
    0xCD, 0x12, 0x7B, 0xDC, 0x39, 0x57, 0x03, 0xD1, 0xC8, 0xB1, 0xD5, 0xD5, 0xAE, 0xDA, 0x4D, 0x7E,
    0xEE, 0x56, 0x58, 0x8F, 0x8F, 0x7A, 0x40, 0x9D, 0x47, 0x0F, 0x5E, 0xF5, 0xEE, 0xCB, 0xF9, 0x3F,
    0x46, 0xC8, 0x7C, 0x6D, 0x96, 0xBF, 0x3F, 0x43, 0xF1, 0xE6, 0x02, 0x86, 0xAD, 0x16, 0xAE, 0x68,
    0x25, 0xBB, 0xD5, 0xC2, 0x23, 0x65, 0x97, 0x0C, 0x14, 0x2E, 0x75, 0xE4, 0x83, 0x11, 0x52, 0x00,
    0x11, 0x50, 0x42, 0x2C, 0x48, 0xEE, 0x13, 0x2C, 0x9A, 0x21, 0x55, 0x45, 0xFE, 0x9A, 0x25, 0x4F,
    0x56, 0x7F, 0xCB, 0x92, 0x0A, 0xA2, 0xF7, 0x8E, 0x6B, 0xE2, 0xEE, 0xF3, 0xD7, 0xC4, 0x87, 0xBA,
    0x79, 0x52, 0x13, 0x9F, 0xD8, 0xB6, 0xAC, 0x6A, 0x8F, 0x58, 0xA7, 0xEF, 0xFC, 0x97, 0xAA, 0x2F,
    0xAE, 0x3E, 0x26, 0x06, 0xC8, 0x1A, 0xA0, 0xB0, 0x80, 0x39, 0xB9, 0xC7, 0xF6, 0x06, 0x4F, 0xBF,
    0x5C, 0xDE, 0x2C, 0x6E, 0x8E, 0xF7, 0xA5, 0xED, 0x8A, 0x58, 0xD5, 0x8A, 0xFB, 0x1C, 0xDB, 0xEB,
    0x5C, 0xA4, 0xD0, 0xF0, 0x2E, 0xAD, 0xE4, 0xE2, 0xE5, 0x35, 0xD9, 0x74, 0xA0, 0xB5, 0xB9, 0xA3,
    0xED, 0x8A, 0x2E, 0x96, 0x2B, 0x6D, 0xF6, 0x6B, 0x67, 0x6C, 0x99, 0xAF, 0xB8, 0xBA, 0xE2, 0xAE,
    0x5B, 0xF1, 0x81, 0x5D, 0x71, 0x48, 0xDE, 0x97, 0xE1, 0xFE, 0xD6, 0x80, 0xB1, 0xF9, 0x8C, 0x7C,
    0x45, 0x3D, 0x73, 0x49, 0x1A, 0x78, 0x69, 0x7F, 0xA9, 0xD8, 0x59, 0x03, 0x38, 0x88, 0x57, 0x4F,
    0xFA, 0x6D, 0x81, 0xA7, 0x9C, 0xDA, 0x95, 0xF1, 0x72, 0x2C, 0xB9, 0x6C, 0x51, 0x97, 0xBB, 0xB2,
    0x5B, 0x1F, 0xCE, 0xD8, 0xD6, 0x99, 0xF7, 0x3F, 0x74, 0xE6, 0xC3, 0xDC, 0x99, 0x69, 0xFD, 0xA9,
    0x2B, 0xFA, 0xA2, 0x37, 0x36, 0x5F, 0xD4, 0x18, 0x2D, 0x7C, 0xA5, 0xDE, 0x65, 0xD0, 0xBC, 0x00,
    0x71, 0x7F, 0x09, 0x92, 0xB1, 0x86, 0x68, 0x36, 0x16, 0xCC, 0x6B, 0x3D, 0x64, 0x95, 0x63, 0x67,
    0xD1, 0xA7, 0x6C, 0xF3, 0x12, 0xB9, 0x15, 0xBF, 0x3A, 0xBB, 0xCD, 0xFB, 0xE6, 0x02, 0xE6, 0x11,
    0xDB, 0xBC, 0x11, 0xD3, 0x25, 0x61, 0x9B, 0xE7, 0x28, 0x8E, 0x97, 0x76, 0x24, 0x5D, 0xB8, 0x00,
    0xAF, 0x5C, 0x02, 0x63, 0xA0, 0xF8, 0x1E, 0x64, 0x3F, 0x6A, 0x48, 0x6E, 0x34, 0x4F, 0xBE, 0x95,
    0xE5, 0x07, 0xC7, 0x6D, 0xD7, 0x4C, 0x0E, 0xF2, 0x6F, 0xAE, 0xB8, 0xC0, 0xD9, 0x7D, 0xBA, 0xA9,
    0x4E, 0x92, 0xB2, 0x8F, 0xD8, 0xBB, 0x8E, 0x9F, 0x6B, 0xEF, 0x3A, 0x62, 0x7A, 0x9F, 0xD9, 0x50,
    0x6E, 0x7B, 0xD7, 0x58, 0xA2, 0xAD, 0x48, 0xD4, 0x91, 0x1F, 0x3A, 0x9E, 0x8F, 0x1D, 0xD0, 0x3C,
    0x51, 0x32, 0x17, 0xA2, 0x8A, 0x6F, 0x24, 0x1D, 0xE6, 0x2D, 0x47, 0xF1, 0x8B, 0x89, 0xC4, 0xD5,
    0xF0, 0x4F, 0xD9, 0xC3, 0x15, 0xD6, 0xE4, 0x7D, 0xBD, 0xB9, 0xE6, 0x17, 0xB9, 0xF7, 0xF7, 0x56,
    0x27, 0xF8, 0x72, 0xD0, 0x24, 0x92, 0x5D, 0xBD, 0x09, 0xCF, 0x37, 0x7F, 0x69, 0xF5, 0xDB, 0xAB,
    0x87, 0xBF, 0xD9, 0xFD, 0xFD, 0xB8, 0x77, 0x1E, 0xCA, 0x62, 0xF5, 0xEF, 0x55, 0xE4, 0x1F, 0x36,
    0xA4, 0xF7, 0x2C, 0xF1, 0xFB, 0x96, 0x13, 0x6B, 0x3B, 0x32, 0x4D, 0x14, 0x47, 0x33, 0xE6, 0x4D,
    0xD1, 0x22, 0xA4, 0x9D, 0x1F, 0x1C, 0x20, 0xE0, 0xA4, 0xB6, 0x5A, 0xEE, 0x50, 0x68, 0x26, 0xD6,
    0x7D, 0xD8, 0x7B, 0x1B, 0xCC, 0x04, 0xAD, 0x60, 0x28, 0xA1, 0x79, 0xFE, 0xA9, 0x6B, 0x7F, 0x78,
    0xCE, 0xBF, 0x14, 0x6D, 0x73, 0xFE, 0x78, 0xCD, 0x3F, 0xFE, 0x14, 0xCD, 0x3D, 0x2F, 0x9E, 0xE7,
    0xBD, 0xBC, 0x5A, 0x0A, 0x5B, 0x7F, 0xCB, 0xE5, 0x77, 0xA7, 0xA8, 0xFB, 0x1A, 0xC1, 0x52, 0xCD,
    0xA9, 0x26, 0xEA, 0x0E, 0x63, 0x1F, 0x7F, 0xD4, 0x5D, 0xE2, 0x7F, 0x7F, 0x06, 0xBE, 0xF6, 0xD7,
    0x5C, 0x33, 0x98, 0x92, 0x32, 0x6F, 0xD6, 0x8B, 0x75, 0xF2, 0x6A, 0xF3, 0xF9, 0xCB, 0xC9, 0x4C,
    0x2E, 0x97, 0x8B, 0xDF, 0xA1, 0x14, 0xAD, 0xEC, 0x50, 0xD8, 0x9B, 0x49, 0x45, 0x30, 0xC9, 0x4A,
    0x4D, 0x31, 0x90, 0xBB, 0xCF, 0x71, 0xFC, 0x9E, 0x56, 0x56, 0xB2, 0xF1, 0x4C, 0xA1, 0xCA, 0xB4,
    0xF6, 0xA5, 0xCC, 0x12, 0x7F, 0xDE, 0x1B, 0x37, 0x85, 0x9A, 0x52, 0x4D, 0x44, 0x03, 0x79, 0xDC,
    0xAF, 0xB8, 0x37, 0x42, 0xF6, 0xF1, 0x0C, 0xD1, 0x68, 0x80, 0x97, 0xD3, 0xEA, 0x33, 0x6E, 0xDC,
    0x74, 0x27, 0x37, 0x6E, 0x2A, 0xDA, 0xE6, 0x49, 0xFE, 0x17, 0x65, 0x6F, 0x0F, 0x8A, 0x62, 0xF5,
    0x6F, 0x37, 0xE4, 0xFF, 0x66, 0x49, 0xEE, 0x75, 0xC4, 0x77, 0xBB, 0x27, 0xBF, 0x71, 0x13, 0xCF,
    0x40, 0xAE, 0x0A, 0x4C, 0x6B, 0x7D, 0x3E, 0x2B, 0x5E, 0x8C, 0x78, 0x26, 0x49, 0x51, 0x76, 0xA0,
    0xC1, 0x97, 0x47, 0x24, 0xD5, 0x6D, 0xE0, 0xC5, 0x27, 0x4A, 0xE6, 0x5C, 0x04, 0xBC, 0x9C, 0x58,
    0xA8, 0xB3, 0x1E, 0xCC, 0xBD, 0x01, 0x32, 0x37, 0x01, 0xEE, 0xEB, 0xC0, 0x45, 0x76, 0x56, 0x6B,
    0x81, 0x56, 0xEA, 0xF9, 0xEA, 0xA2, 0x21, 0x6C, 0xCF, 0x57, 0x24, 0x27, 0x48, 0xC7, 0xDD, 0xBE,
    0x5D, 0xB2, 0x2B, 0x16, 0x48, 0x16, 0x8F, 0xA9, 0x3D, 0x69, 0xD0, 0xE6, 0x6E, 0x45, 0x3A, 0x91,
    0xCE, 0xB1, 0xAA, 0x5A, 0xB6, 0xED, 0x57, 0x14, 0xDD, 0x85, 0xFF, 0xC3, 0x2B, 0x25, 0xA6, 0xAC,
    0x8A, 0x6F, 0xDB, 0xEC, 0x03, 0x9B, 0x1C, 0x5F, 0x49, 0xF6, 0xEF, 0x8E, 0xFA, 0xD5, 0x24, 0x4D,
    0xB9, 0xC6, 0x7C, 0x7C, 0xF4, 0x4A, 0xAD, 0x55, 0x49, 0x15, 0xD9, 0x00, 0x98, 0x19, 0xB8, 0x23,
    0xC0, 0x15, 0x40, 0x73, 0x8E, 0x87, 0xCC, 0x68, 0x81, 0xDA, 0xCB, 0xDF, 0x7F, 0x2A, 0xF2, 0x8D,
    0x97, 0x6F, 0xBC, 0x7C, 0xDA, 0x2A, 0x51, 0x97, 0x1F, 0xBA, 0x70, 0x09, 0x6F, 0xCE, 0x0A, 0x1F,
    0xF2, 0xF1, 0xE2, 0xA7, 0x08, 0x47, 0x82, 0xEA, 0x02, 0x10, 0xB9, 0x57, 0x80, 0x78, 0x32, 0x15,
    0xA0, 0xC2, 0x02, 0xE5, 0x0D, 0x07, 0x24, 0xCD, 0x4F, 0xBF, 0xC0, 0x5B, 0x80, 0xDE, 0xE2, 0x9F,
    0x77, 0x90, 0xFC, 0xBB, 0x5B, 0xF1, 0x5F, 0x2B, 0xA2, 0x61, 0x04, 0xDE, 0xBB, 0x0A, 0xBC, 0xF4,
    0x95, 0x3F, 0xC3, 0x7D, 0x40, 0xDA, 0x0A, 0x48, 0xD4, 0x81, 0xBF, 0x42, 0x7B, 0x46, 0x9E, 0xE7,
    0xA8, 0xBE, 0xC0, 0x89, 0x08, 0xAB, 0xAB, 0x9E, 0x81, 0x45, 0x40, 0x57, 0x02, 0x5C, 0x78, 0x7A,
    0x99, 0xBF, 0x25, 0xF8, 0xBF, 0x97, 0x89, 0x24, 0x32, 0xA9, 0x2A, 0x86, 0xBA, 0x32, 0xB6, 0x5C,
    0xBD, 0xC0, 0xF4, 0xE7, 0x30, 0x33, 0x14, 0xEA, 0xC8, 0x34, 0x12, 0x49, 0x50, 0xA8, 0x39, 0x17,
    0xC9, 0x5E, 0xC3, 0xD8, 0xEB, 0xAB, 0xD7, 0x55, 0xDB, 0xD4, 0x47, 0x5B, 0x03, 0x64, 0xFF, 0xB8,
    0x1E, 0x2D, 0x76, 0x7B, 0xCC, 0xDC, 0x7B, 0x03, 0x25, 0x70, 0x09, 0x22, 0x35, 0xB9, 0x2F, 0x77,
    0x9D, 0x89, 0x9D, 0xA9, 0xFA, 0xF2, 0x3E, 0xB9, 0x9A, 0x58, 0x8E, 0x72, 0x1C, 0x92, 0x69, 0x4A,
    0x26, 0x1D, 0x8E, 0x52, 0x5F, 0x2E, 0x15, 0x10, 0x0D, 0xC4, 0x13, 0xF8, 0xC3, 0x8F, 0x93, 0x0E,
    0x1D, 0xDB, 0xAD, 0x4F, 0x34, 0xE5, 0xCE, 0x8C, 0xAB, 0xBF, 0x9B, 0xBB, 0x4B, 0xE4, 0x8E, 0xC7,
    0x7A, 0x31, 0x10, 0x49, 0xD5, 0xEA, 0x04, 0x4B, 0x3B, 0xC8, 0x1C, 0x24, 0x0F, 0x15, 0xAC, 0x79,
    0x05, 0x5F, 0x86, 0x89, 0x38, 0x1C, 0xFB, 0x9A, 0x8C, 0xA6, 0xAF, 0x2E, 0xEF, 0x7C, 0xEA, 0xB7,
    0x8D, 0x6E, 0x47, 0x9A, 0xA8, 0xFB, 0x5D, 0xCE, 0xA5, 0x25, 0x0F, 0x47, 0x11, 0xD2, 0x7D, 0x1D,
    0x0A, 0x0D, 0xB4, 0x9A, 0x58, 0x5E, 0x5B, 0x98, 0x10, 0x23, 0xE2, 0x0D, 0x04, 0xF1, 0x02, 0xE9,
    0x04, 0xE5, 0xC8, 0x9E, 0x66, 0x0A, 0xA9, 0xCA, 0xEF, 0x3F, 0xDC, 0xEE, 0xA9, 0xED, 0xD6, 0x1B,
    0x13, 0x14, 0x33, 0xB7, 0x34, 0x20, 0x59, 0xEA, 0xFF, 0x3C, 0xBE, 0xD6, 0x4E, 0x94, 0x5A, 0x42,
    0xB1, 0x50, 0x22, 0xCE, 0x23, 0x88, 0xE7, 0xAD, 0xFD, 0x5C, 0xCE, 0xA4, 0x12, 0xD9, 0x03, 0xD9,
    0xA8, 0x7A, 0xF8, 0x7C, 0xAA, 0x48, 0x04, 0x57, 0x26, 0xAE, 0xC8, 0x51, 0xAB, 0xA1, 0xBC, 0x0F,
    0x64, 0xFC, 0x10, 0xC8, 0xEF, 0x0E, 0x40, 0xFA, 0x87, 0xEE, 0xF4, 0xBF, 0x60, 0x0C, 0x8F, 0x58,
    0xF7, 0x55, 0xA0, 0x17, 0x5F, 0x0C, 0x9F, 0xBE, 0xA6, 0x97, 0x83, 0x5B, 0x2B, 0x25, 0x6D, 0x7C,
    0xDC, 0x67, 0x20, 0x9D, 0x29, 0x7E, 0x8F, 0x39, 0x3D, 0x7F, 0xF5, 0x52, 0x62, 0xE1, 0x5A, 0xBE,
    0xC2, 0xD4, 0x40, 0x3E, 0xB3, 0x25, 0x07, 0x37, 0xD9, 0xD9, 0xDE, 0x49, 0xE7, 0xB7, 0x7C, 0x64,
    0xE7, 0xB7, 0xEE, 0x48, 0x36, 0x01, 0x87, 0x23, 0xC9, 0x9C, 0x86, 0xCB, 0xED, 0xE7, 0x42, 0xA1,
    0x5C, 0xB6, 0xF4, 0xF8, 0x6F, 0x6D, 0x90, 0x2F, 0x6C, 0x1B, 0x31, 0x1C, 0x85, 0xBF, 0xE4, 0xB4,
    0xDC, 0x26, 0x6B, 0xBA, 0x81, 0x80, 0x31, 0x07, 0x0C, 0x6E, 0x32, 0x0D, 0xB8, 0x9C, 0xCD, 0x39,
    0x57, 0xF0, 0xD0, 0xE0, 0xC0, 0xFD, 0xE3, 0x28, 0x9C, 0x8C, 0x8F, 0x83, 0x82, 0x4B, 0x63, 0x8E,
    0x8E, 0xA3, 0xE3, 0xC8, 0x95, 0x0C, 0x0C, 0x9C, 0xB8, 0x56, 0x55, 0xA9, 0x4A, 0xD5, 0xF7, 0x19,
    0x58, 0x0F, 0xFC, 0xF4, 0xE9, 0xED, 0x78, 0xE0, 0xCA, 0x80, 0xB4, 0xEB, 0x11, 0xD6, 0x08, 0x2B,
    0xAD, 0x36, 0x3D, 0x7B, 0x80, 0x23, 0xEB, 0x48, 0x79, 0xA3, 0xFA, 0x67, 0x94, 0xB0, 0x3F, 0x8B,
    0x51, 0x7F, 0x49, 0x39, 0xC7, 0xF8, 0xFB, 0x3F, 0x29, 0x99, 0x94, 0xD8, 0xAD, 0x82, 0x48, 0x8F,
    0x43, 0x94, 0x4B, 0x47, 0xCA, 0x74, 0x74, 0xD2, 0x24, 0x6D, 0xF3, 0xCB, 0x1F, 0xB1, 0xE8, 0xD8,
    0xD6, 0xFB, 0x9A, 0x20, 0xE6, 0xD2, 0xAC, 0x10, 0x27, 0xED, 0xFD, 0xE4, 0x6A, 0xDF, 0x0E, 0x5E,
    0xCE, 0xDF, 0x3F, 0x2B, 0xA9, 0xD5, 0xF9, 0x10, 0x5A, 0xF7, 0x07, 0xBE, 0x7D, 0xC2, 0x4B, 0xA6,
    0x03, 0x3A, 0x20, 0x1D, 0xE5, 0xCC, 0x8F, 0x6D, 0x68, 0x63, 0xDB, 0x37, 0x4A, 0x56, 0x02, 0x36,
    0x27, 0x15, 0x2F, 0xC9, 0x6B, 0xFB, 0x15, 0x2A, 0x1A, 0x5A, 0x62, 0xE6, 0x46, 0x87, 0x32, 0xCA,
    0x56, 0x19, 0x69, 0x1A, 0x6A, 0xFA, 0xDC, 0xC5, 0x4C, 0x87, 0xA6, 0x82, 0x69, 0x0A, 0xDE, 0xCD,
    0x9D, 0x6E, 0x26, 0x3F, 0x7E, 0xA4, 0x28, 0xCD, 0x30, 0x3F, 0x39, 0xB7, 0x5C, 0x66, 0x65, 0xE4,
    0xEB, 0x21, 0xC5, 0x01, 0x39, 0xAA, 0xA5, 0x70, 0x65, 0x6E, 0xB7, 0x6C, 0x4C, 0x43, 0xCC, 0xA4,
    0x59, 0xD9, 0xF8, 0x12, 0xA0, 0xF0, 0x88, 0x2B, 0xF2, 0x62, 0x9A, 0xCA, 0xFE, 0x2D, 0xC6, 0xB7,
    0x21, 0xDE, 0x6F, 0x74, 0x67, 0x0E, 0xF0, 0x0B, 0x1A, 0x38, 0x43, 0x00, 0x07, 0xE6, 0xCE, 0xC7,
    0xE3, 0x09, 0x24, 0x7A, 0x9E, 0x01, 0xCD, 0xBC, 0x0F, 0xA8, 0xDD, 0xE8, 0x99, 0xDF, 0xFF, 0x95,
    0x34, 0x33, 0xFA, 0xFD, 0x72, 0x68, 0x35, 0x80, 0xB7, 0x9B, 0x8D, 0xB7, 0x51, 0x5B, 0x02, 0x84,
    0xCC, 0x6E, 0xB4, 0x40, 0x80, 0x00, 0xB6, 0x5F, 0x25, 0x03, 0x0D, 0x10, 0x20, 0x03, 0x9D, 0x69,
    0x81, 0x02, 0x69, 0xA1, 0xFC, 0x59, 0x02, 0x78, 0x0B, 0x03, 0x04, 0xB0, 0x2D, 0xCD, 0x06, 0x08,
    0xFF, 0xC7, 0xCB, 0x9F, 0x96, 0xFF, 0x04, 0x08, 0xB0, 0x73, 0x03, 0x38, 0xC0, 0x02, 0x81, 0x75,
    0x2C, 0x8D, 0x0D, 0x0C, 0x10, 0x60, 0x34, 0xA4, 0xB0, 0xD0, 0x00, 0xA3, 0xDD, 0x0C, 0xB4, 0x64,
    0x96, 0x5E, 0xA5, 0xA3, 0x24, 0xB2, 0xFD, 0x4A, 0xDF, 0x3E, 0xDF, 0xF7, 0xE8, 0xDC, 0x7B, 0x8F,
    0xEF, 0xB5, 0x3D, 0xF6, 0x78, 0xD2, 0xBE, 0xBE, 0xCF, 0xE7, 0x3D, 0xE7, 0xE8, 0x9C, 0x47, 0xCF,
    0x23, 0xBD, 0x7A, 0xF4, 0xBC, 0x7F, 0x64, 0xA8, 0xBC, 0x6E, 0xB2, 0x98, 0x34, 0x2D, 0x50, 0x0C,
    0x40, 0xF4, 0x63, 0xEC, 0x8A, 0x23, 0xBD, 0x24, 0x5D, 0x7E, 0xE4, 0x13, 0x0F, 0xC9, 0x4F, 0x4C,
    0x10, 0x64, 0x39, 0xA8, 0x13, 0xB2, 0x35, 0xA9, 0xF5, 0x7E, 0x95, 0xAF, 0x98, 0xDC, 0x34, 0x09,
    0xBF, 0x59, 0x7F, 0x3F, 0x45, 0x63, 0x5E, 0x26, 0xDE, 0xB5, 0x12, 0xBD, 0x3E, 0xAD, 0xFF, 0x40,
    0xBA, 0xAF, 0x98, 0x7C, 0xD5, 0xE4, 0xC5, 0x3D, 0xFD, 0x92, 0x7D, 0xFD, 0x57, 0x1E, 0xD4, 0x4F,
    0x2B, 0xE5, 0x16, 0x37, 0xEE, 0x35, 0xA5, 0xCF, 0x86, 0x02, 0x93, 0xF0, 0x9F, 0xB2, 0xE1, 0x8F,
    0x80, 0x6C, 0x80, 0xE1, 0xB7, 0x6F, 0x19, 0xC8, 0x4E, 0x98, 0xEC, 0xB3, 0xDC, 0x1B, 0x92, 0xC5,
    0x10, 0xD1, 0x80, 0x15, 0xF9, 0x08, 0x46, 0x24, 0x18, 0x93, 0xD1, 0x02, 0x20, 0x99, 0x0D, 0x1B,
    0x6F, 0xA8, 0x06, 0x20, 0x67, 0x27, 0x35, 0x25, 0xF0, 0xC2, 0x0F, 0xB1, 0x2D, 0x7F, 0x62, 0x32,
    0x03, 0xA9, 0x49, 0x3E, 0x01, 0x9F, 0x3F, 0x72, 0x0F, 0x15, 0x39, 0x4A, 0xCC, 0xD6, 0x31, 0xF1,
    0xF1, 0xB0, 0x95, 0xC8, 0x04, 0xA5, 0x09, 0x1E, 0x25, 0x52, 0xE7, 0xD8, 0xA1, 0x32, 0x41, 0xF4,
    0x2A, 0xF4, 0x22, 0x26, 0xC7, 0xCD, 0xFC, 0xC2, 0x98, 0xF7, 0x18, 0x5D, 0x8B, 0xB1, 0xAA, 0xF1,
    0x83, 0xA6, 0x04, 0xF8, 0xAB, 0xBF, 0x06, 0xE9, 0x21, 0xC7, 0xA8, 0xF7, 0x75, 0x38, 0x9D, 0x7F,
    0x56, 0xF5, 0xB8, 0xE9, 0xA6, 0xC8, 0xE7, 0xBC, 0x31, 0xA5, 0x64, 0x8F, 0xCB, 0x0B, 0xF0, 0x07,
    0xAF, 0x40, 0xFE, 0x6D, 0xC8, 0x32, 0x1F, 0xAB, 0xD2, 0xB5, 0x85, 0x49, 0x0E, 0xD7, 0x3F, 0x07,
    0x37, 0x6F, 0x1D, 0xDC, 0x70, 0xD2, 0x77, 0xF4, 0xA6, 0x7E, 0x2E, 0x62, 0x7B, 0x15, 0xAE, 0xBD,
    0x66, 0x52, 0x95, 0x4D, 0x5D, 0xDD, 0x27, 0x2A, 0x7A, 0x9C, 0xE7, 0x75, 0x99, 0x54, 0xB1, 0x4D,
    0x67, 0x19, 0xFC, 0xB8, 0x3F, 0x39, 0xE4, 0xF4, 0xFD, 0xEE, 0x6A, 0x5E, 0xD2, 0xB5, 0xF6, 0x67,
    0x2F, 0x10, 0x4A, 0xC3, 0xDA, 0xFE, 0x52, 0xFF, 0x71, 0xF5, 0x54, 0xDB, 0xEF, 0x73, 0x4E, 0xE9,
    0x51, 0x75, 0x70, 0xED, 0xC7, 0xFD, 0xAB, 0x6A, 0x34, 0x65, 0x44, 0x6C, 0x66, 0xB8, 0x11, 0xF9,
    0x75, 0xB9, 0xC9, 0x01, 0xBB, 0x0A, 0xDF, 0xFE, 0x15, 0x65, 0x53, 0xD6, 0x12, 0xA7, 0xAB, 0x9A,
    0x6F, 0x6D, 0x2B, 0xF6, 0x80, 0x39, 0x41, 0x1F, 0xAA, 0x74, 0x01, 0x0A, 0x30, 0x22, 0xE0, 0x40,
    0x10, 0xB8, 0xB4, 0xAD, 0x7E, 0x1A, 0x3E, 0xFC, 0x8A, 0x07, 0x93, 0x05, 0xD5, 0x18, 0xB1, 0xF1,
    0xA8, 0xFA, 0x5C, 0x7B, 0x2A, 0xCA, 0x82, 0x4B, 0x89, 0x8A, 0xEF, 0x91, 0xB0, 0xEA, 0x6D, 0x12,
    0xF2, 0x2C, 0x1F, 0x20, 0x1F, 0xB3, 0x87, 0x56, 0xB4, 0xF2, 0xC1, 0xB6, 0x62, 0xB9, 0xAD, 0xDA,
    0xB0, 0xAD, 0xEA, 0x43, 0x95, 0x0F, 0xA1, 0xCA, 0xF6, 0xAA, 0xA2, 0x4F, 0x97, 0x32, 0xBF, 0xCF,
    0x36, 0xEC, 0x8F, 0xB0, 0x4A, 0x5A, 0x68, 0xA5, 0x5E, 0xA9, 0x0B, 0xA7, 0x86, 0x37, 0x05, 0x25,
    0x26, 0x51, 0xD7, 0xCE, 0xE7, 0x00, 0xED, 0x55, 0xFC, 0xF5, 0x41, 0x69, 0x24, 0xC7, 0x40, 0x6F,
    0x1C, 0xE5, 0xB7, 0x2E, 0x1E, 0x11, 0x0F, 0x30, 0x37, 0x6F, 0xCB, 0x88, 0xCC, 0x38, 0xC4, 0x81,
    0xD8, 0x96, 0xA8, 0x33, 0x6C, 0xF4, 0xCE, 0x09, 0xAC, 0x0D, 0x1F, 0xE0, 0xA8, 0x3C, 0x0F, 0x67,
    0x46, 0xD6, 0x15, 0x5B, 0xB6, 0xE7, 0xE7, 0x58, 0xAE, 0x25, 0xF7, 0x2C, 0xBC, 0x64, 0x3D, 0x12,
    0x9F, 0xB7, 0x06, 0xA7, 0x63, 0xB0, 0x08, 0x34, 0xCC, 0x55, 0xAD, 0xCF, 0x5A, 0x6D, 0x1D, 0x0C,
    0xD9, 0x68, 0x08, 0xED, 0x28, 0x21, 0xCC, 0x67, 0xD6, 0xD2, 0xD7, 0x1B, 0xF2, 0xD5, 0x82, 0xB8,
    0x36, 0x24, 0xA3, 0xB0, 0x18, 0xA2, 0x60, 0xC1, 0x46, 0xD8, 0x15, 0xED, 0x9C, 0xC2, 0xA2, 0xF3,
    0x11, 0x0E, 0xA0, 0xE0, 0x04, 0x1A, 0x62, 0x61, 0x73, 0x68, 0x28, 0xDE, 0x34, 0xDC, 0x52, 0x10,
    0x99, 0x0C, 0xEC, 0x85, 0x56, 0xC0, 0x7A, 0xDC, 0xA5, 0x60, 0x74, 0x3B, 0x7D, 0xC4, 0x73, 0x28,
    0x81, 0x4B, 0xF1, 0x00, 0xB8, 0xC4, 0x50, 0xB0, 0x07, 0x5E, 0x60, 0x89, 0x07, 0x4A, 0xC5, 0xDB,
    0x8A, 0x1B, 0x7F, 0xC9, 0x21, 0xF3, 0x70, 0x8A, 0x14, 0x15, 0xE2, 0x05, 0x1E, 0x60, 0x34, 0x01,
    0xCD, 0xD7, 0xA5, 0xE0, 0x7B, 0x3D, 0x50, 0xFC, 0xAC, 0x05, 0xB2, 0xC3, 0x1A, 0xD8, 0x70, 0x17,
    0xA9, 0x62, 0x6F, 0x88, 0x46, 0x20, 0xD1, 0x37, 0x52, 0xB6, 0x82, 0x3E, 0x9F, 0x82, 0xE6, 0x3B,
    0x9C, 0x05, 0xAF, 0xAB, 0xA8, 0x93, 0x5B, 0xED, 0x53, 0xC2, 0x62, 0x76, 0xD3, 0x39, 0xD2, 0xF4,
    0x09, 0xDB, 0x7B, 0x08, 0x6E, 0x09, 0x57, 0x85, 0x2B, 0xC2, 0x85, 0x23, 0x3C, 0x2F, 0xB8, 0x7A,
    0xBD, 0xCF, 0x20, 0x04, 0x35, 0xB9, 0x9F, 0x70, 0x30, 0xFC, 0x62, 0x04, 0x36, 0xEF, 0xA8, 0x55,
    0xDD, 0x31, 0xE4, 0x5F, 0x57, 0xEC, 0x8B, 0x68, 0x38, 0x30, 0x34, 0x6B, 0x2B, 0x6D, 0xCD, 0x79,
    0xD7, 0x25, 0x23, 0xAC, 0x39, 0x0F, 0x28, 0x46, 0x47, 0x90, 0x8E, 0x91, 0x8E, 0x2E, 0x07, 0x49,
    0xBA, 0xDC, 0x18, 0xEC, 0xD4, 0xEF, 0xE2, 0xEC, 0xF6, 0xBE, 0xC4, 0xBB, 0x26, 0xEC, 0x92, 0x85,
    0xA3, 0x9D, 0x37, 0x9F, 0xEC, 0xFD, 0xCB, 0xA6, 0x74, 0x09, 0xBF, 0x6D, 0x2B, 0xFB, 0x5E, 0xF4,
    0xDA, 0x2B, 0x70, 0xA4, 0xA4, 0x4D, 0xBD, 0xAE, 0x28, 0x9D, 0xFF, 0x6C, 0x95, 0xDC, 0x74, 0x34,
    0xBA, 0x27, 0x49, 0xF4, 0x7E, 0xDA, 0xD7, 0xB5, 0x31, 0x5D, 0xCD, 0xE0, 0xC8, 0xCE, 0xF1, 0xEE,
    0x33, 0x8B, 0xFD, 0x11, 0xC9, 0x31, 0x36, 0x0C, 0xB8, 0xFC, 0x21, 0xEB, 0x10, 0x8C, 0x56, 0xD4,
    0x86, 0x3C, 0xA0, 0x34, 0x14, 0x82, 0xC3, 0x0E, 0x97, 0x84, 0x9F, 0x0A, 0xDE, 0x10, 0x4D, 0x06,
    0x33, 0x85, 0xD7, 0x1B, 0x92, 0x9E, 0x01, 0xDA, 0xD9, 0x2D, 0xB5, 0x8C, 0x6B, 0x6A, 0x31, 0x57,
    0x05, 0x9D, 0xAB, 0xE1, 0x9C, 0xE1, 0x95, 0x67, 0x76, 0xEF, 0x2F, 0x01, 0x44, 0xE5, 0x66, 0xC8,
    0x38, 0xE4, 0x7D, 0xE6, 0xAD, 0x72, 0x43, 0xB6, 0x44, 0x2C, 0x9B, 0xE1, 0x33, 0x0D, 0x88, 0xE5,
    0x07, 0x28, 0x6A, 0x26, 0x63, 0xF0, 0x2A, 0x55, 0x93, 0xE8, 0x99, 0xB5, 0x80, 0x7C, 0xAE, 0xB7,
    0x11, 0xAF, 0x05, 0x36, 0xBF, 0xE1, 0xB7, 0x15, 0x75, 0x6D, 0x9B, 0x5A, 0xBF, 0x7D, 0xD3, 0x03,
    0x4D, 0x4D, 0xB5, 0x79, 0x86, 0x38, 0x9B, 0x2C, 0x7A, 0xD1, 0x6E, 0x7C, 0xC4, 0xEB, 0xAE, 0x2F,
    0x46, 0xED, 0x6F, 0x72, 0x5D, 0xCE, 0x21, 0xF5, 0xF8, 0x83, 0x12, 0x1B, 0xCE, 0x70, 0x64, 0xE9,
    0xFE, 0x8A, 0xED, 0x25, 0xD3, 0x70, 0xD1, 0xE4, 0x39, 0x54, 0x35, 0x40, 0x80, 0x52, 0xC3, 0x12,
    0xDF, 0xD1, 0xBE, 0x5C, 0xAF, 0x30, 0xF6, 0x27, 0x26, 0xB7, 0x90, 0x0F, 0xAC, 0x5D, 0xC7, 0xFB,
    0x46, 0x2E, 0x78, 0x81, 0xFD, 0xA7, 0x19, 0x1F, 0x36, 0xE5, 0x77, 0x75, 0x14, 0xBC, 0xE1, 0x3D,
    0x43, 0xCA, 0x11, 0xC0, 0x8D, 0xDF, 0x4F, 0x70, 0x7A, 0x54, 0xF4, 0xED, 0x14, 0x5F, 0xEB, 0x4F,
    0x14, 0x7D, 0x43, 0x0B, 0x5E, 0x9B, 0xB1, 0xEE, 0xB1, 0x6A, 0xC1, 0x27, 0x51, 0xEF, 0x90, 0x97,
    0x3B, 0x14, 0x47, 0x6D, 0xF9, 0x9A, 0x70, 0xD3, 0xF0, 0x1F, 0xBD, 0x81, 0x43, 0xC4, 0x92, 0x5D,
    0xC6, 0xE1, 0x1A, 0x72, 0x0E, 0x1B, 0xB3, 0x53, 0xEC, 0x52, 0x0E, 0x60, 0xBF, 0x61, 0x09, 0x0E,
    0x19, 0x21, 0x36, 0x65, 0xF4, 0xBB, 0x29, 0xAF, 0xCA, 0xE8, 0xB7, 0xBE, 0x70, 0x75, 0xF4, 0x1B,
    0x7F, 0xC9, 0xD5, 0xF1, 0x30, 0x5F, 0x10, 0x97, 0x9B, 0xAE, 0x4D, 0x86, 0x6A, 0x12, 0xDD, 0x18,
    0x38, 0x14, 0xC6, 0xBC, 0x17, 0xB3, 0xAE, 0x68, 0xD3, 0x61, 0xD3, 0x16, 0xBD, 0x63, 0x54, 0x2A,
    0xC8, 0x21, 0x12, 0x5B, 0xB2, 0x0C, 0x44, 0xEA, 0x95, 0x2B, 0x86, 0x43, 0x79, 0x16, 0x97, 0x83,
    0x1B, 0x46, 0x92, 0x2B, 0xC3, 0xE7, 0x0F, 0xA7, 0xCE, 0xC6, 0x6F, 0xE0, 0x56, 0xFD, 0x62, 0x48,
    0xFA, 0x42, 0x08, 0x88, 0xC9, 0x09, 0x9B, 0xBB, 0xF9, 0x8C, 0xBC, 0x8B, 0x09, 0xD7, 0x82, 0x65,
    0x55, 0xA2, 0xA9, 0x9B, 0x70, 0x25, 0x9C, 0x85, 0x12, 0xAE, 0x6E, 0x6A, 0x34, 0x70, 0x1D, 0x88,
    0x62, 0xD4, 0x4E, 0xD8, 0x8C, 0x21, 0x12, 0x02, 0x97, 0xEF, 0x4A, 0xB1, 0x95, 0x80, 0xF3, 0x3C,
    0x68, 0xC6, 0x60, 0xC5, 0x53, 0x62, 0x6D, 0x49, 0x1D, 0xB9, 0xCD, 0x67, 0x5E, 0x7B, 0x15, 0x8E,
    0xAC, 0x4D, 0x6C, 0xFB, 0xE5, 0xE9, 0x74, 0xD4, 0xDD, 0xD8, 0x67, 0xC5, 0x20, 0x5B, 0x4C, 0x90,
    0x2C, 0xD7, 0xF7, 0x23, 0xE0, 0x1A, 0xFD, 0x24, 0x16, 0x92, 0x65, 0x6A, 0x1F, 0x93, 0xC3, 0xE6,
    0xEE, 0x1F, 0x0E, 0x16, 0x83, 0x07, 0xD7, 0xC6, 0x83, 0x9D, 0x52, 0x79, 0x0F, 0x3E, 0x28, 0xE5,
    0xF6, 0x06, 0x53, 0xF5, 0x80, 0xBB, 0x8B, 0x57, 0x95, 0xB1, 0x24, 0xA1, 0xD1, 0x2D, 0x25, 0xD7,
    0x62, 0xA9, 0x0E, 0x7D, 0x36, 0xB8, 0xC9, 0xE4, 0x6F, 0xB2, 0xE1, 0xA2, 0x0E, 0xFF, 0x63, 0x25,
    0x1F, 0x11, 0x91, 0xA5, 0x09, 0x1C, 0xDF, 0xE6, 0x24, 0x8C, 0x4A, 0x69, 0xEB, 0x64, 0x81, 0x03,
    0x88, 0x5B, 0x40, 0x53, 0x7A, 0xC0, 0xBD, 0x31, 0x01, 0xC5, 0x1D, 0xFD, 0xEE, 0xE7, 0x1D, 0xB0,
    0xB9, 0xDF, 0x02, 0x89, 0xEC, 0x8A, 0x09, 0x00, 0xB3, 0xE0, 0x81, 0xE8, 0x76, 0x48, 0xE7, 0x3A,
    0xA1, 0x06, 0xA2, 0xF0, 0xB9, 0xA3, 0xEE, 0xEA, 0x21, 0xEC, 0xE9, 0x2B, 0x0D, 0x27, 0x64, 0xD4,
    0xA1, 0xFC, 0xA5, 0xAF, 0xFA, 0xEA, 0x7B, 0x3E, 0x1B, 0xF9, 0xB2, 0x4F, 0x3D, 0x75, 0x10, 0x03,
    0xC2, 0xDB, 0xC6, 0x36, 0x4C, 0x95, 0x7D, 0x65, 0x28, 0x48, 0x5D, 0x07, 0x21, 0x92, 0x2D, 0xD7,
    0x83, 0x96, 0x90, 0xD1, 0x07, 0xCD, 0x26, 0x7F, 0xCF, 0xD1, 0xF1, 0x3D, 0x33, 0x9C, 0xA8, 0xEA,
    0x88, 0xE5, 0x02, 0x34, 0xB7, 0x3D, 0x50, 0xFC, 0x52, 0xE6, 0xEA, 0x7B, 0x29, 0xEB, 0x60, 0xE9,
    0x6A, 0xD6, 0x46, 0x9F, 0xE5, 0xEF, 0x2B, 0xE4, 0x7E, 0xD3, 0x03, 0x8B, 0x39, 0x1B, 0xFB, 0x88,
    0xE5, 0x66, 0x82, 0x72, 0xF9, 0x97, 0xE9, 0x1B, 0x7E, 0x83, 0xBE, 0xE2, 0xCF, 0xB9, 0x6C, 0xB3,
    0x8B, 0x90, 0x9F, 0x2B, 0x5D, 0x83, 0xEB, 0x9E, 0x01, 0x95, 0x66, 0x7C, 0x00, 0x47, 0x2B, 0xA8,
    0x02, 0x55, 0x9A, 0xC0, 0x2A, 0xF0, 0xD2, 0x09, 0x5E, 0x0C, 0xB4, 0xA8, 0xCE, 0x9F, 0xC9, 0xA8,
    0x37, 0x39, 0x9D, 0x9F, 0x23, 0xEA, 0x7E, 0x4B, 0x3C, 0x88, 0xD9, 0x10, 0xB3, 0x24, 0xA2, 0xA0,
    0xB5, 0x11, 0xCE, 0xDF, 0x35, 0x00, 0x0F, 0xA2, 0x04, 0x36, 0x21, 0xE7, 0x95, 0xD2, 0x77, 0xF9,
    0xD1, 0x56, 0xF7, 0x2F, 0x39, 0xA5, 0xD2, 0x1E, 0xF2, 0x28, 0x5D, 0x96, 0xCF, 0xB4, 0x4A, 0x97,
    0xFF, 0xC2, 0x7F, 0xAB, 0x0C, 0x4B, 0xC5, 0x57, 0xE2, 0x6E, 0xEF, 0xF3, 0x76, 0xEF, 0xFE, 0x53,
    0xDF, 0xFB, 0x7F, 0x73, 0x0C, 0xA5, 0x0A, 0x24, 0x42, 0x59, 0xAB, 0x5B, 0x81, 0xB8, 0xBA, 0x57,
    0x5D, 0x08, 0xC4, 0xB9, 0xF0, 0xE5, 0x2D, 0x6E, 0x4C, 0x50, 0xB7, 0x02, 0x98, 0x84, 0xD7, 0x05,
    0x6C, 0xC1, 0x0F, 0x04, 0x96, 0xC8, 0xEE, 0xB3, 0xB3, 0xCF, 0xDC, 0x60, 0xC8, 0xF6, 0xE1, 0x7A,
    0xA8, 0xDF, 0xB2, 0xEA, 0xB2, 0x5F, 0x54, 0xE1, 0x4D, 0x19, 0xAA, 0x10, 0x83, 0xD7, 0x20, 0x2C,
    0x9D, 0x67, 0x57, 0xBC, 0xBB, 0xAD, 0xD8, 0xA9, 0x5A, 0x9A, 0x31, 0x6C, 0xDB, 0xF8, 0x50, 0x25,
    0x67, 0x55, 0x99, 0x4C, 0x55, 0x5E, 0x98, 0x2B, 0x8D, 0x5B, 0x43, 0xF2, 0xDD, 0xDD, 0x6E, 0x2B,
    0xD6, 0x48, 0xCF, 0x4A, 0xDC, 0xB8, 0xAC, 0x89, 0x66, 0xF3, 0xD8, 0x44, 0x13, 0xAF, 0x95, 0xC8,
    0x39, 0xA1, 0x92, 0xCE, 0xBF, 0x62, 0x77, 0x0D, 0xC5, 0x70, 0x15, 0xD9, 0xF8, 0x59, 0xA4, 0x53,
    0xD0, 0x56, 0xD1, 0xC3, 0x99, 0x7C, 0xE9, 0x47, 0xBB, 0x94, 0x70, 0xFA, 0xA2, 0x6D, 0xBF, 0xA9,
    0x7C, 0x04, 0x95, 0xF2, 0x91, 0xD2, 0x71, 0xC6, 0x0B, 0xBC, 0x0E, 0x20, 0xA8, 0x33, 0xD3, 0x36,
    0x1C, 0x65, 0x9D, 0x93, 0x21, 0x1E, 0xFC, 0xD7, 0x4A, 0xCE, 0xA4, 0xAB, 0xB5, 0x6A, 0x82, 0xEB,
    0xCD, 0xAA, 0x11, 0xDB, 0x8C, 0x56, 0xA1, 0x9B, 0x3C, 0x59, 0x2D, 0x37, 0x42, 0xE5, 0xB3, 0xB5,
    0x1A, 0x91, 0xE9, 0x07, 0x13, 0xF2, 0x2E, 0xDC, 0xD4, 0x9D, 0xB4, 0x10, 0x4D, 0xB9, 0x59, 0x4A,
    0xDE, 0x9F, 0x51, 0xC9, 0x93, 0x51, 0x55, 0x1A, 0x46, 0x43, 0xA8, 0x88, 0x2D, 0xF0, 0xC3, 0x05,
    0xF1, 0x12, 0xFA, 0xEA, 0x47, 0x98, 0x0D, 0x91, 0xC5, 0x2A, 0xA0, 0xA1, 0x21, 0x17, 0xB2, 0xFB,
    0x7A, 0x75, 0xC7, 0xE0, 0xBE, 0xA7, 0x0D, 0xFA, 0xCA, 0x62, 0x48, 0xBD, 0x3A, 0xAB, 0x43, 0xC1,
    0xAE, 0x30, 0x57, 0xBA, 0xA8, 0xB9, 0x8E, 0x8C, 0x23, 0xDC, 0xA1, 0x87, 0xB3, 0xCD, 0xCF, 0x9B,
    0xE0, 0x3B, 0x1E, 0xD9, 0x7A, 0x84, 0x2C, 0xF8, 0x81, 0xC9, 0x2A, 0x64, 0x5D, 0xCD, 0x6C, 0xF3,
    0x7E, 0x6D, 0x9D, 0x48, 0x6B, 0x5C, 0x66, 0x1D, 0x93, 0xF5, 0xE6, 0xDE, 0x02, 0xA5, 0x95, 0x45,
    0x0D, 0xB8, 0xCF, 0x5D, 0x0F, 0x47, 0xB8, 0x21, 0xC1, 0x37, 0x58, 0x2A, 0x1A, 0xAA, 0xD5, 0x07,
    0x29, 0x5D, 0xDB, 0x48, 0xEA, 0xAA, 0xD6, 0x27, 0xC5, 0xFD, 0x05, 0x59, 0x18, 0x0F, 0xB9, 0x0E,
    0x67, 0xB5, 0x0B, 0xCD, 0xAE, 0x68, 0xED, 0x10, 0xED, 0x44, 0xB9, 0x30, 0x4C, 0xEC, 0x75, 0xD1,
    0xAF, 0x7D, 0x85, 0x61, 0xB3, 0x34, 0xBD, 0x23, 0x5B, 0xC7, 0x59, 0xFB, 0xB1, 0xBF, 0xFC, 0x5E,
    0x93, 0x0D, 0x2E, 0x1B, 0x8A, 0x6C, 0xF8, 0xB2, 0x8E, 0xF2, 0xFE, 0x5F, 0xC5, 0xB2, 0xD9, 0xF6,
    0xE8, 0x61, 0x58, 0x10, 0xDD, 0xBA, 0x31, 0x02, 0x17, 0xB2, 0xE1, 0x24, 0xAE, 0x08, 0x3F, 0x11,
    0x46, 0x61, 0x30, 0xC4, 0xC2, 0xE6, 0x5E, 0x73, 0x0F, 0x55, 0x70, 0x3F, 0x00, 0x70, 0xA5, 0x33,
    0x28, 0x2C, 0x16, 0xF8, 0x53, 0x20, 0xC7, 0xB9, 0xD0, 0x07, 0x6B, 0xBA, 0x10, 0xC9, 0x72, 0x3B,
    0x81, 0xEE, 0x0D, 0xA2, 0x01, 0x41, 0xAE, 0x72, 0x70, 0xB0, 0x77, 0x0B, 0x75, 0xCB, 0x2D, 0xE4,
    0x9C, 0x11, 0xF3, 0x03, 0x64, 0x75, 0x35, 0x6E, 0xDA, 0x7C, 0xA8, 0x06, 0xD7, 0xE5, 0x53, 0xD6,
    0x9A, 0x9A, 0x9B, 0x59, 0x3B, 0x01, 0x97, 0x32, 0xDD, 0xC6, 0xF2, 0xEC, 0x4E, 0x67, 0x24, 0x8D,
    0x8E, 0x1C, 0x80, 0x26, 0xBB, 0x33, 0x01, 0x4B, 0x76, 0xDB, 0x43, 0x07, 0x89, 0x48, 0xF5, 0xAB,
    0x32, 0x57, 0xA6, 0xD5, 0x15, 0xD2, 0xD6, 0x47, 0x8D, 0xE9, 0x55, 0x4E, 0xFE, 0x21, 0xCD, 0x42,
    0x02, 0x58, 0x00, 0x35, 0x77, 0x8E, 0x26, 0x33, 0x10, 0x11, 0x7F, 0x0C, 0xE2, 0x9A, 0xD5, 0xD5,
    0xA1, 0x72, 0xF7, 0x11, 0x2F, 0xB0, 0xB6, 0x3A, 0x63, 0x2B, 0xD4, 0x6B, 0x03, 0x4B, 0x85, 0x4C,
    0x70, 0xC2, 0xDF, 0x1A, 0x96, 0x5F, 0x1A, 0x78, 0x47, 0xD8, 0x35, 0xBF, 0xF0, 0xE5, 0x22, 0xFC,
    0x56, 0xC0, 0x15, 0x75, 0xFA, 0xCD, 0x34, 0xE0, 0x56, 0x6E, 0x70, 0x72, 0xFB, 0x33, 0xFF, 0x13,
    0x2A, 0xF2, 0x3D, 0x67, 0xEB, 0xE6, 0xA7, 0xDB, 0xC7, 0x9C, 0xE9, 0xB7, 0x52, 0xC0, 0x72, 0x74,
    0x0C, 0x09, 0xCF, 0x3F, 0xDA, 0xAF, 0xCB, 0xC4, 0x7F, 0x19, 0x89, 0xBF, 0x80, 0x84, 0xDE, 0x64,
    0x91, 0xB2, 0x75, 0x58, 0x54, 0xD7, 0x58, 0x36, 0x14, 0xB4, 0x77, 0x8C, 0xE6, 0x94, 0xF4, 0x92,
    0xE8, 0x56, 0xD3, 0xE1, 0x82, 0x33, 0x5B, 0x4F, 0xC8, 0x4F, 0x4C, 0xC6, 0xAD, 0xFC, 0xAB, 0xC1,
    0xB5, 0xEC, 0x4C, 0x2C, 0x1F, 0xB9, 0x16, 0x53, 0xA6, 0x39, 0xA1, 0x9A, 0xB2, 0x05, 0x6C, 0x33,
    0x46, 0xC2, 0xCB, 0x87, 0x6D, 0xF6, 0xFE, 0x3B, 0xEF, 0xB7, 0xD9, 0xBB, 0xBF, 0x78, 0xB7, 0xCD,
    0x7E, 0xC6, 0x6F, 0xB5, 0xD9, 0x1D, 0x66, 0x6D, 0x76, 0x7B, 0x36, 0xB4, 0x5E, 0xF8, 0x61, 0xD6,
    0x16, 0x23, 0x1A, 0xEF, 0x26, 0xD0, 0x1F, 0x1F, 0xDF, 0x74, 0xEB, 0xFB, 0x3E, 0xC8, 0x80, 0x93,
    0x1E, 0x0B, 0xA7, 0x8E, 0x6F, 0xD3, 0x87, 0x1E, 0x57, 0x71, 0x3F, 0x5C, 0x54, 0x75, 0x53, 0x56,
    0xBA, 0xBC, 0xF6, 0xA5, 0xAC, 0xEA, 0x46, 0xAF, 0xEE, 0x2F, 0x21, 0x1A, 0xC6, 0xE1, 0xEC, 0x92,
    0x6D, 0x40, 0xCA, 0x1B, 0x73, 0xD0, 0xFA, 0x78, 0x9C, 0xDA, 0xFB, 0x0B, 0x63, 0x13, 0xD2, 0xCF,
    0xF3, 0x4A, 0xFF, 0x66, 0xA5, 0x9B, 0xE6, 0xCB, 0xA9, 0x7F, 0xE9, 0x14, 0x2E, 0x56, 0x36, 0xFD,
    0xB6, 0x53, 0x7F, 0xF7, 0x54, 0x1A, 0x5A, 0xB0, 0x85, 0x33, 0x41, 0xD3, 0xA5, 0x1C, 0x73, 0x7A,
    0xF7, 0xB6, 0x6F, 0xCA, 0x89, 0x78, 0x85, 0xC0, 0xFA, 0x57, 0xDB, 0x46, 0xB8, 0xC5, 0xDB, 0xD6,
    0x98, 0x1D, 0xC9, 0x41, 0xB2, 0x34, 0x1F, 0x0E, 0xDE, 0xDD, 0x19, 0x26, 0x93, 0xBF, 0x71, 0xB7,
    0xC3, 0x18, 0xE5, 0x59, 0x12, 0xEB, 0x48, 0x9A, 0x34, 0xCC, 0x58, 0x2D, 0xD9, 0x92, 0x8F, 0xC9,
    0xB4, 0x19, 0x93, 0xC1, 0xA2, 0xA0, 0x42, 0x49, 0x17, 0xDB, 0x59, 0xC2, 0x92, 0x97, 0x68, 0x1C,
    0x50, 0x5D, 0x03, 0x9C, 0xDF, 0x0E, 0x33, 0x67, 0xE3, 0x76, 0x20, 0x2D, 0xED, 0xA0, 0xB8, 0xF6,
    0x17, 0x6E, 0xED, 0xC4, 0x8E, 0x08, 0x7D, 0x5A, 0x9C, 0xF7, 0x86, 0x4A, 0x78, 0x49, 0x48, 0xF6,
    0x71, 0x7E, 0x29, 0x11, 0x73, 0x4D, 0x2F, 0x4B, 0xF7, 0x73, 0xDF, 0xB4, 0x96, 0x5E, 0x16, 0x7D,
    0xF3, 0xB2, 0xCF, 0x07, 0xDA, 0x8E, 0x4F, 0xC2, 0x3E, 0xEB, 0xAB, 0x3B, 0xDE, 0xB5, 0xEE, 0x77,
    0x33, 0xEB, 0x2C, 0x44, 0x27, 0xB2, 0x07, 0xD2, 0x33, 0x34, 0x17, 0x94, 0x63, 0x06, 0xB7, 0x14,
    0xDE, 0xF9, 0x7C, 0xDA, 0x4C, 0x59, 0x1B, 0xCF, 0xAE, 0x04, 0x7F, 0x0A, 0xB8, 0x09, 0xC8, 0x43,
    0x3A, 0xBD, 0xF5, 0x64, 0x26, 0x92, 0xB1, 0x6A, 0x37, 0x43, 0xD1, 0xBB, 0xB1, 0x9A, 0x9B, 0xA9,
    0x99, 0x43, 0xD3, 0x13, 0xCA, 0x27, 0x3A, 0xF9, 0xC9, 0xFC, 0xEF, 0x3C, 0x42, 0xFE, 0xEB, 0x04,
    0x00, 0x59, 0x40, 0x6B, 0xD8, 0x08, 0xA9, 0xA0, 0xAE, 0x9C, 0xF3, 0x94, 0x61, 0x43, 0xB6, 0xF7,
    0x6F, 0x33, 0x6D, 0xEF, 0x85, 0x91, 0x09, 0x9E, 0xFF, 0xD6, 0x71, 0xEA, 0x1F, 0x35, 0x1E, 0xBA,
    0xB8, 0xE8, 0x3C, 0xC7, 0x2D, 0x75, 0x54, 0x5C, 0xFB, 0xC4, 0x9C, 0xBF, 0xFD, 0x9B, 0xAA, 0x95,
    0x89, 0xD2, 0x23, 0x06, 0x6D, 0xD3, 0x33, 0xD2, 0x39, 0xBB, 0x40, 0xA8, 0x6C, 0xE9, 0x03, 0x6F,
    0x06, 0x5E, 0xD9, 0x25, 0x66, 0x1E, 0x08, 0x58, 0x9A, 0x0E, 0x98, 0xD4, 0x0A, 0x47, 0xE1, 0xF5,
    0xD0, 0xF5, 0x70, 0xF4, 0xD0, 0xE5, 0x68, 0x78, 0x9B, 0x86, 0x96, 0xEB, 0xAB, 0xE6, 0x30, 0x24,
    0x37, 0x93, 0xA0, 0xFB, 0x60, 0x9B, 0xEA, 0x38, 0xD7, 0xC6, 0x44, 0x0A, 0xB1, 0x47, 0x2E, 0x81,
    0x6C, 0x8D, 0xF3, 0xE5, 0x9E, 0x90, 0xAD, 0xC7, 0xCC, 0x8D, 0x9B, 0x85, 0xFF, 0xA0, 0xB3, 0xCC,
    0xEF, 0x87, 0xD1, 0xB2, 0x54, 0x6C, 0x61, 0x1A, 0xCF, 0x4A, 0xA9, 0x5A, 0x69, 0xD1, 0xAF, 0x8F,
    0xEF, 0xAD, 0xEC, 0xB7, 0x3D, 0xCC, 0xBB, 0xEB, 0x2D, 0x61, 0x44, 0x75, 0xE8, 0xF1, 0x7A, 0xBC,
    0x00, 0x20, 0xE2, 0x03, 0x13, 0x86, 0xCC, 0x3E, 0xBC, 0xFF, 0x02, 0x16, 0xDC, 0x54, 0xC2, 0x7F,
    0xA8, 0x94, 0xAB, 0xB7, 0xBD, 0x97, 0x70, 0x44, 0x31, 0x19, 0x63, 0xB2, 0xDC, 0x78, 0xD3, 0xB8,
    0x3D, 0xA2, 0xE6, 0x4F, 0xD1, 0x15, 0x43, 0x32, 0x57, 0x6D, 0x68, 0x0F, 0xC7, 0xF4, 0x6E, 0xCB,
    0x3E, 0xEF, 0xD5, 0x7B, 0x75, 0x6D, 0x3A, 0x67, 0x0B, 0x4B, 0xC7, 0x94, 0xB3, 0xB4, 0x35, 0x3D,
    0x70, 0x79, 0xDB, 0xDB, 0xDC, 0x4C, 0xFA, 0xEE, 0x56, 0x36, 0xB3, 0x6B, 0x63, 0x2A, 0x6F, 0x34,
    0x31, 0x1D, 0x91, 0x49, 0x32, 0x86, 0x6D, 0x5D, 0xD1, 0x71, 0xAC, 0x4A, 0x8E, 0x50, 0x9F, 0xAB,
    0x07, 0x92, 0x01, 0x88, 0xFC, 0x9A, 0x4E, 0xFF, 0x13, 0xEC, 0xCA, 0x53, 0xDF, 0xB6, 0xD3, 0xF7,
    0x46, 0x64, 0x1F, 0x79, 0x49, 0x78, 0x0D, 0x7C, 0x72, 0x9D, 0x78, 0x15, 0x28, 0xD4, 0x4A, 0xD6,
    0x73, 0xF4, 0xD2, 0xF2, 0xD7, 0x6A, 0x36, 0x27, 0xCE, 0xDB, 0x97, 0xCA, 0x64, 0x61, 0x9F, 0x50,
    0xC7, 0x22, 0x5B, 0x43, 0xEF, 0xD9, 0xFF, 0x72, 0x0B, 0x2D, 0x05, 0xBF, 0x31, 0x01, 0xE9, 0x1A,
    0xCD, 0xF2, 0x1E, 0x51, 0xD3, 0x62, 0x43, 0x20, 0x99, 0xA0, 0x92, 0x94, 0xBA, 0x7C, 0xB3, 0x16,
    0x2E, 0x74, 0x2F, 0xCE, 0x21, 0x94, 0xA3, 0x94, 0x8A, 0x4A, 0xA9, 0xF4, 0x77, 0xE9, 0x61, 0x29,
    0x55, 0xD4, 0xF4, 0xE6, 0x67, 0x71, 0x7F, 0x76, 0xF5, 0x95, 0x06, 0x2F, 0xF2, 0xA0, 0x24, 0x6B,
    0xB2, 0x64, 0xF0, 0xAF, 0x51, 0xA0, 0x9A, 0x43, 0xEC, 0xEE, 0x23, 0x05, 0xB7, 0xA1, 0x38, 0x1C,
    0x5C, 0x3C, 0xB8, 0xB2, 0x2F, 0x94, 0x9F, 0xD4, 0x31, 0x07, 0x14, 0xD3, 0x98, 0x78, 0xB3, 0xD7,
    0xDA, 0x0F, 0xD9, 0x17, 0x4B, 0x19, 0x8D, 0xEB, 0x64, 0x94, 0xBD, 0x50, 0x09, 0xE1, 0xD6, 0x79,
    0x31, 0x79, 0xF8, 0x5F, 0xCE, 0xBA, 0x60, 0x7D, 0x6A, 0xFA, 0x6B, 0xFD, 0x6D, 0xF1, 0xC8, 0xDF,
    0x16, 0x6A, 0x69, 0xA5, 0x1A, 0x06, 0xF5, 0xA7, 0x17, 0xA1, 0xBC, 0x40, 0x64, 0x14, 0xF1, 0xD8,
    0xBF, 0x05, 0xD1, 0x1C, 0xCC, 0x98, 0xD4, 0x56, 0x5D, 0xB9, 0xBD, 0xA0, 0x57, 0x86, 0x5C, 0x03,
    0x21, 0xDB, 0x10, 0x7F, 0x75, 0x5D, 0xA4, 0x07, 0xAE, 0x38, 0x2E, 0xE2, 0x6D, 0x42, 0xB9, 0x87,
    0x71, 0x14, 0xFF, 0xE5, 0xA0, 0xB8, 0x50, 0xF5, 0xD5, 0xE1, 0x82, 0xAA, 0x95, 0x0A, 0x07, 0x85,
    0x86, 0x10, 0xBD, 0x03, 0xCB, 0x6D, 0x5C, 0x7E, 0x80, 0xEB, 0x25, 0x4D, 0xB6, 0xC6, 0xB9, 0xE8,
    0x15, 0xB6, 0x75, 0x59, 0x25, 0x7B, 0x2C, 0x7A, 0xDD, 0xCB, 0xC3, 0xCD, 0x5C, 0x97, 0xB8, 0x07,
    0xE0, 0x84, 0x42, 0x48, 0x04, 0xD9, 0x16, 0xA0, 0xB7, 0xC2, 0xE7, 0x4A, 0x24, 0x0B, 0x87, 0x5D,
    0x94, 0xDA, 0x7C, 0x8C, 0x9B, 0xC6, 0x8C, 0x9C, 0xDF, 0x62, 0x5B, 0x08, 0xC0, 0xFF, 0x07, 0xE0,
    0xCB, 0xD2, 0x6C, 0xF2, 0x53, 0x93, 0xC9, 0xA4, 0xC7, 0xAE, 0x3C, 0x6D, 0x2E, 0x87, 0x50, 0x52,
    0x21, 0xAB, 0x85, 0x56, 0x6F, 0x07, 0x03, 0x02, 0xFE, 0x05, 0x8E, 0xCB, 0xB3, 0x4A, 0x6D, 0xCB,
    0x73, 0x48, 0x86, 0xAB, 0x26, 0xD7, 0x90, 0x8C, 0x33, 0x22, 0x4E, 0xC0, 0x4B, 0xD7, 0xA1, 0xD2,
    0x2C, 0x05, 0x9B, 0x39, 0x5F, 0xF2, 0x21, 0x9D, 0xB2, 0x71, 0x23, 0x6E, 0xD3, 0x0C, 0x5F, 0xB4,
    0xD0, 0x4D, 0x7A, 0xA9, 0x80, 0xEA, 0xD6, 0xF6, 0x70, 0x17, 0x53, 0xB8, 0x51, 0x87, 0x1B, 0xE1,
    0xE6, 0xEC, 0x34, 0x23, 0x9C, 0xE8, 0xA7, 0xB8, 0x59, 0x0B, 0x79, 0x48, 0x3D, 0x04, 0xC4, 0x23,
    0x80, 0x48, 0xC0, 0x70, 0x84, 0x1F, 0x9B, 0x58, 0x20, 0x5A, 0xA3, 0xF8, 0xE5, 0x11, 0x5B, 0x4B,
    0x2A, 0x92, 0x68, 0x84, 0xAB, 0x76, 0xEF, 0x53, 0x97, 0xC8, 0xE1, 0xBB, 0x76, 0xFD, 0xE3, 0xC5,
    0x4C, 0x33, 0x17, 0xD9, 0xBD, 0xEB, 0x06, 0x32, 0xA0, 0x0D, 0x13, 0xA3, 0x86, 0xFC, 0x31, 0xC3,
    0x0A, 0x9A, 0x20, 0x48, 0xD8, 0x06, 0x81, 0x0B, 0x12, 0xBA, 0xFE, 0x92, 0x5B, 0xCD, 0x61, 0xFB,
    0x5D, 0xF7, 0x4E, 0xFB, 0x15, 0x77, 0xBB, 0xDC, 0x6E, 0x0B, 0xED, 0x7C, 0x84, 0x7B, 0xC7, 0xC3,
    0xDD, 0x59, 0xE5, 0x67, 0x53, 0x4C, 0x0E, 0x09, 0x97, 0xD3, 0x03, 0xB7, 0xE7, 0x35, 0x70, 0x1B,
    0x11, 0xAE, 0xDE, 0x0E, 0xDC, 0x56, 0xEB, 0xC0, 0xAD, 0x95, 0x15, 0x07, 0x07, 0xCD, 0xC9, 0x81,
    0xDB, 0x16, 0xD5, 0x6E, 0xE0, 0x36, 0x3E, 0x35, 0x70, 0xBB, 0x97, 0x59, 0xD7, 0x27, 0x32, 0x6B,
    0x52, 0xF2, 0xD0, 0xCC, 0x5A, 0xE5, 0x55, 0xC7, 0x3E, 0x5E, 0x1C, 0xBB, 0x0D, 0x37, 0x44, 0xC6,
    0x64, 0x41, 0xF1, 0xBF, 0x62, 0xE9, 0x89, 0x0C, 0xA5, 0xCC, 0x03, 0xAA, 0x56, 0xE7, 0xBF, 0x55,
    0x03, 0x78, 0xCF, 0x90, 0xFF, 0x83, 0xB2, 0xCD, 0x8F, 0xD4, 0x06, 0x7E, 0x67, 0x48, 0xD8, 0x03,
    0x31, 0x5B, 0x20, 0x12, 0xC0, 0xD2, 0xD0, 0x00, 0x5C, 0x70, 0x93, 0x73, 0xCC, 0x42, 0x51, 0x7F,
    0xD8, 0x2C, 0x9B, 0x31, 0xEB, 0xD2, 0x29, 0x57, 0x9F, 0xB8, 0x8C, 0xBC, 0x03, 0xE6, 0x6B, 0x40,
    0x73, 0x13, 0xA8, 0x26, 0xC0, 0x8D, 0xDB, 0x34, 0x30, 0xEB, 0x10, 0x26, 0x3D, 0xC2, 0xAC, 0x87,
    0xF8, 0x9E, 0x98, 0x72, 0xC4, 0xF1, 0xC4, 0xC7, 0xFE, 0xDC, 0xC7, 0xCA, 0x74, 0xDE, 0x1B, 0x7C,
    0x77, 0x81, 0x14, 0xE3, 0xC0, 0xCD, 0xA1, 0x58, 0xBC, 0x29, 0xDE, 0xCA, 0x8C, 0xCB, 0x24, 0xB2,
    0x0F, 0x6C, 0x03, 0xF7, 0x07, 0xDF, 0xC7, 0xFD, 0xC1, 0xF7, 0xAD, 0x53, 0x0A, 0x05, 0x81, 0x3E,
    0x70, 0x14, 0xA2, 0x41, 0x44, 0x89, 0x4F, 0xAB, 0x0B, 0x39, 0xA3, 0x58, 0x32, 0x76, 0xEA, 0x42,
    0x76, 0x52, 0xD4, 0x0A, 0xA5, 0xE1, 0xD2, 0x51, 0x22, 0x77, 0x0E, 0x64, 0x69, 0x72, 0x7C, 0x7D,
    0x92, 0xAD, 0x24, 0xBC, 0xB6, 0x98, 0x69, 0xC2, 0x2E, 0xBB, 0x47, 0xA5, 0xB6, 0xE6, 0x79, 0x1A,
    0xE2, 0xAA, 0x6A, 0xBD, 0xCF, 0xED, 0xF3, 0x6D, 0x6B, 0xB9, 0x1B, 0xDA, 0xAA, 0xF3, 0x40, 0x75,
    0x22, 0xED, 0x72, 0x1C, 0x24, 0x67, 0xA7, 0x62, 0x4B, 0xB3, 0x3F, 0x2D, 0xAA, 0x58, 0xBD, 0xA6,
    0x62, 0x8F, 0x1E, 0xF8, 0xFF, 0x37, 0x26, 0xF7, 0xC7, 0xC4, 0x57, 0x43, 0xD0, 0x13, 0x06, 0xFE,
    0xFF, 0xAB, 0x1D, 0x9C, 0xB8, 0x3C, 0x6B, 0xE0, 0xFF, 0xF1, 0x3D, 0x38, 0xE9, 0xFB, 0x9D, 0x7D,
    0xEE, 0xD4, 0x83, 0xEB, 0x12, 0xB2, 0x34, 0xD1, 0xF1, 0xB3, 0x26, 0x17, 0x95, 0xA7, 0x7A, 0x70,
    0x88, 0x4A, 0x20, 0xE9, 0xB6, 0x92, 0x76, 0x15, 0x19, 0x24, 0xD5, 0x54, 0xA6, 0x07, 0xF6, 0xE4,
    0x49, 0x96, 0xE6, 0x20, 0x93, 0x94, 0x40, 0xAE, 0x58, 0x16, 0xC4, 0xA6, 0x3F, 0x3F, 0x96, 0x9E,
    0x62, 0xF5, 0x95, 0xE4, 0x68, 0x32, 0xE4, 0xF7, 0x6E, 0x68, 0xC5, 0xC6, 0x2A, 0xB1, 0xDA, 0x6A,
    0x69, 0x02, 0x72, 0x90, 0x9C, 0x3D, 0x2F, 0xF1, 0x1B, 0xA0, 0x59, 0xCF, 0xFD, 0xA9, 0x9C, 0xE8,
    0x1C, 0x09, 0xF2, 0x44, 0x4E, 0x34, 0xA2, 0x22, 0x1A, 0x1A, 0x39, 0x6C, 0xA1, 0x29, 0x73, 0x5D,
    0x35, 0x47, 0x88, 0x6A, 0x03, 0x74, 0xF0, 0x0E, 0x42, 0x86, 0x30, 0x0A, 0x8B, 0xDA, 0x2F, 0x0D,
    0x60, 0x6D, 0xA8, 0x4E, 0xAE, 0x03, 0x98, 0x0D, 0x8E, 0xAD, 0x6B, 0x2B, 0x4D, 0x1E, 0x02, 0x38,
    0x9A, 0xEB, 0xC8, 0x77, 0x73, 0x98, 0x61, 0x9A, 0x23, 0x7A, 0x4B, 0x96, 0x2E, 0x41, 0x8A, 0x7B,
    0xB7, 0x60, 0xA3, 0x60, 0x26, 0x9F, 0x3D, 0xD9, 0x62, 0x6B, 0x93, 0x4E, 0xD1, 0x39, 0x1B, 0xB6,
    0xDD, 0xB3, 0xCA, 0x67, 0x43, 0x63, 0x02, 0x64, 0x3D, 0x90, 0x77, 0x40, 0xD1, 0x02, 0x4D, 0x89,
    0x6C, 0x01, 0xD2, 0x0F, 0xF0, 0x69, 0x4F, 0x2E, 0x2F, 0x67, 0x4E, 0x2E, 0x0F, 0x61, 0x72, 0xB9,
    0xF0, 0xDB, 0xC9, 0xE5, 0x05, 0xA1, 0xCC, 0x38, 0x11, 0x2E, 0x70, 0x13, 0x27, 0x7A, 0x5D, 0xF8,
    0xEA, 0x27, 0x1C, 0x3F, 0x7B, 0x7B, 0x1D, 0x3F, 0xAB, 0xC3, 0xF8, 0x59, 0x5F, 0x98, 0x36, 0x5D,
    0xF7, 0x40, 0x12, 0x18, 0x0F, 0xC7, 0x8C, 0x7A, 0x11, 0xAF, 0xE8, 0x86, 0x16, 0xD3, 0x4B, 0xA9,
    0x85, 0x71, 0xD6, 0x05, 0x5C, 0x2B, 0xF9, 0xBC, 0x09, 0x76, 0xB3, 0xDE, 0xCD, 0x6C, 0xC2, 0x12,
    0x5F, 0xA2, 0x8E, 0xEC, 0xF0, 0x9C, 0x96, 0x0A, 0x99, 0x54, 0x75, 0xD1, 0x57, 0xF7, 0xD9, 0x16,
    0x61, 0xC6, 0x5B, 0x97, 0x8C, 0xA4, 0x07, 0x5E, 0x1E, 0x00, 0xF6, 0xDB, 0xC0, 0x7F, 0x0B, 0x61,
    0xF4, 0xB9, 0x58, 0xBB, 0x5E, 0x5F, 0x5D, 0x1B, 0x75, 0x74, 0x63, 0x84, 0x42, 0x70, 0xC4, 0x19,
    0x88, 0xD5, 0xF5, 0x22, 0xE6, 0x88, 0xE0, 0xE1, 0x8C, 0x8A, 0x63, 0xE8, 0x7A, 0xE1, 0x02, 0x82,
    0x64, 0xEB, 0x50, 0xC6, 0xA6, 0x3F, 0x5E, 0xFC, 0xE3, 0x4E, 0x4F, 0x3F, 0xDB, 0x66, 0x8D, 0x21,
    0x1A, 0x8A, 0x52, 0x93, 0xCE, 0x7B, 0x73, 0xD0, 0xDE, 0x85, 0x0D, 0x9D, 0x61, 0x1D, 0xD7, 0x37,
    0x24, 0x0B, 0x12, 0x53, 0x50, 0x2A, 0xA2, 0x77, 0x06, 0x37, 0x02, 0x48, 0xA7, 0x70, 0xC0, 0x76,
    0x47, 0x2A, 0x12, 0x10, 0xF0, 0xCA, 0xE9, 0xE4, 0xAE, 0x30, 0x2D, 0x17, 0x4F, 0x26, 0x77, 0xD8,
    0x4F, 0xEE, 0x52, 0x25, 0x77, 0x04, 0x70, 0x6D, 0x8D, 0xCB, 0x17, 0xD7, 0x85, 0x80, 0xCF, 0x49,
    0xB5, 0x76, 0x9C, 0xF5, 0xE6, 0x88, 0x1B, 0xCE, 0x9B, 0xDB, 0x9A, 0x25, 0x5D, 0xAE, 0x27, 0x7E,
    0x98, 0x4C, 0xCB, 0xFF, 0x1E, 0x0C, 0x1F, 0xF5, 0xE1, 0x86, 0x2E, 0xD8, 0xAB, 0xF9, 0xFE, 0xA8,
    0xCF, 0xBC, 0xB6, 0xCE, 0x86, 0x81, 0x06, 0x34, 0xE1, 0x4A, 0xD3, 0xF5, 0x55, 0x0C, 0xD2, 0x37,
    0x19, 0x92, 0xD9, 0xF9, 0x68, 0x84, 0x0B, 0x77, 0x94, 0x61, 0xF3, 0x8F, 0x86, 0xAC, 0x44, 0xF2,
    0xD1, 0x97, 0x61, 0xB8, 0x68, 0xA0, 0x17, 0x16, 0xBD, 0x75, 0xDA, 0x90, 0xB7, 0xFA, 0x4A, 0x8F,
    0x74, 0xD8, 0x0C, 0xE1, 0x67, 0x06, 0x2C, 0xC7, 0x47, 0xBB, 0x0D, 0x87, 0x68, 0x33, 0x47, 0xEC,
    0x5E, 0x5A, 0xBE, 0xB7, 0x94, 0x8E, 0xEF, 0x0C, 0x27, 0x8F, 0x36, 0x89, 0x15, 0x4B, 0xA3, 0xCF,
    0x5C, 0x77, 0x34, 0xD9, 0x3F, 0x19, 0xD2, 0xD9, 0x10, 0x13, 0x56, 0xAB, 0xB9, 0xB4, 0xD5, 0xD6,
    0x52, 0xBC, 0xBA, 0xCB, 0xD5, 0x2B, 0x21, 0x3D, 0x91, 0xB5, 0xB7, 0xA3, 0xE1, 0x8E, 0x87, 0x0E,
    0xB5, 0xB4, 0x94, 0x86, 0x02, 0x86, 0x23, 0xEB, 0xD7, 0xD3, 0x1A, 0x36, 0xB4, 0x58, 0xD7, 0x7E,
    0x6D, 0x46, 0x14, 0x94, 0xF5, 0xDC, 0x5A, 0x8F, 0x73, 0xA8, 0xC8, 0x28, 0x44, 0x93, 0x84, 0x68,
    0x0E, 0xC7, 0x8C, 0xB8, 0x9A, 0x0D, 0xF9, 0xAF, 0x42, 0x42, 0x58, 0xE2, 0x8B, 0x5A, 0xBC, 0xA1,
    0x10, 0xE9, 0x45, 0x8E, 0x81, 0x5E, 0xBC, 0x3F, 0x8B, 0x03, 0x03, 0x9B, 0x5A, 0x74, 0x9D, 0x58,
    0x0C, 0x62, 0x16, 0x92, 0x5E, 0x5D, 0xD5, 0x64, 0xCC, 0x3A, 0x22, 0x43, 0xFF, 0x66, 0xCC, 0x4A,
    0x72, 0x70, 0xAD, 0x1D, 0x86, 0x5B, 0xED, 0xE4, 0xCC, 0x8D, 0xD1, 0xDD, 0xEE, 0xF1, 0x1F, 0xDC,
    0x9D, 0x70, 0xE7, 0x0F, 0xE8, 0x0D, 0x77, 0x46, 0xC1, 0x1B, 0xDE, 0x9E, 0x0D, 0x2D, 0x91, 0xE8,
    0x67, 0x86, 0xBC, 0xFB, 0x74, 0x57, 0x0F, 0xDC, 0x95, 0x19, 0x21, 0x65, 0x15, 0x01, 0xC0, 0x05,
    0x16, 0xB5, 0x98, 0x97, 0xC7, 0xCC, 0xD6, 0xCB, 0xED, 0xE9, 0x47, 0x7A, 0x67, 0x14, 0x54, 0x8A,
    0x62, 0xE8, 0x1F, 0x3A, 0xD2, 0x16, 0xCC, 0xE1, 0x96, 0x32, 0xF0, 0x5E, 0x13, 0x8C, 0x75, 0x81,
    0x97, 0x02, 0x2F, 0x7E, 0xE2, 0xC5, 0x12, 0x75, 0x60, 0xD9, 0x78, 0x47, 0x1F, 0x90, 0xDB, 0x6D,
    0x54, 0x59, 0xCE, 0x70, 0xF3, 0x08, 0xAF, 0x67, 0x52, 0xB9, 0xC5, 0x98, 0x19, 0x86, 0x3D, 0x54,
    0xDE, 0x11, 0x8D, 0xB0, 0xAE, 0x64, 0x53, 0xE5, 0x81, 0xF3, 0x3C, 0x60, 0x07, 0x84, 0xBB, 0xDC,
    0x23, 0xAA, 0xFF, 0xFE, 0xC3, 0x50, 0x91, 0xE5, 0xB6, 0xEA, 0xC2, 0xB6, 0x6A, 0x08, 0x55, 0x36,
    0x85, 0x2A, 0xF5, 0xA1, 0x4A, 0xD6, 0x6A, 0xB7, 0xFA, 0xCE, 0xF1, 0x0E, 0xED, 0xA3, 0x4A, 0x55,
    0x3A, 0x41, 0x25, 0x1B, 0x45, 0x14, 0x83, 0x18, 0x02, 0xAD, 0xEC, 0x29, 0x43, 0xE5, 0x45, 0xD8,
    0xDC, 0x95, 0x23, 0x59, 0x07, 0x96, 0x48, 0xF9, 0xA3, 0x19, 0xA7, 0xBA, 0xDA, 0x7F, 0x2E, 0x92,
    0x6D, 0xE0, 0x60, 0x9C, 0xB3, 0xD1, 0xF8, 0x40, 0x12, 0xA5, 0x93, 0x28, 0x2B, 0x44, 0x60, 0x37,
    0xE4, 0x92, 0x8E, 0x62, 0x36, 0x88, 0x45, 0xB7, 0x5B, 0x09, 0x80, 0xE8, 0x2E, 0x70, 0x74, 0x61,
    0x47, 0xFC, 0xDA, 0x5B, 0xB0, 0xF4, 0x9E, 0xB5, 0xE2, 0x5C, 0x5F, 0xB4, 0xCC, 0x46, 0xF7, 0xC6,
    0x92, 0x4E, 0xCD, 0xD7, 0xE7, 0x75, 0x69, 0xC2, 0x3E, 0x26, 0x7E, 0x7D, 0x4E, 0xC7, 0xEA, 0x8D,
    0x65, 0x33, 0xB8, 0x8E, 0x59, 0x97, 0x0F, 0xAE, 0xA9, 0x37, 0xCB, 0x65, 0xFE, 0xB3, 0x88, 0x56,
    0x70, 0x7E, 0xB9, 0x3C, 0xA1, 0x31, 0x77, 0xC6, 0xA6, 0xCC, 0xFF, 0x8E, 0x83, 0x7B, 0xF3, 0x17,
    0x63, 0x75, 0xF9, 0x8E, 0xA7, 0x3B, 0x29, 0xEF, 0x4C, 0xCD, 0xB7, 0x7F, 0x31, 0x54, 0xEF, 0xB2,
    0x2B, 0xFE, 0x07, 0xBF, 0xB6, 0x21, 0x19, 0x35, 0x1F, 0x4E, 0x61, 0x91, 0x88, 0x7B, 0x70, 0x91,
    0x48, 0xF2, 0xC8, 0x45, 0x22, 0x72, 0xA9, 0xE9, 0x00, 0x37, 0xE1, 0x5C, 0xA1, 0xCB, 0xDB, 0x24,
    0x26, 0x7B, 0x9C, 0x37, 0x37, 0x93, 0x61, 0x2B, 0x7F, 0x6B, 0xC2, 0x0E, 0xA8, 0xCA, 0x8F, 0x3F,
    0x03, 0x30, 0x20, 0x07, 0x32, 0x24, 0x97, 0xA1, 0xE0, 0x38, 0xE2, 0x19, 0xAC, 0x3A, 0xA9, 0x25,
    0x80, 0x33, 0x29, 0x4A, 0x48, 0x7F, 0x90, 0x2C, 0x5C, 0xC4, 0xA7, 0x27, 0x1C, 0x6E, 0x3F, 0x62,
    0xC2, 0x41, 0x7D, 0x52, 0x33, 0xCB, 0x04, 0xF0, 0xAB, 0xDC, 0x34, 0xF9, 0x6E, 0x08, 0xA9, 0x5A,
    0xCB, 0xD1, 0x0B, 0x96, 0xA4, 0x60, 0x51, 0x8C, 0xD2, 0xC5, 0x1F, 0x4F, 0x00, 0x75, 0x38, 0x9A,
    0x6F, 0xEA, 0x80, 0xBD, 0xDB, 0x02, 0x39, 0x4B, 0x20, 0x5B, 0x8E, 0x63, 0xFB, 0x69, 0xA4, 0xF3,
    0xDA, 0x09, 0x0E, 0x50, 0x4B, 0x2F, 0x1D, 0x5F, 0x26, 0x36, 0x41, 0xA9, 0x10, 0x2F, 0x91, 0xDC,
    0x93, 0x66, 0x2A, 0xBB, 0xA8, 0x8E, 0xD4, 0x17, 0xEF, 0xD7, 0xDA, 0x87, 0x7C, 0x64, 0x50, 0x15,
    0x94, 0x3E, 0x04, 0x85, 0x6C, 0x71, 0x06, 0x67, 0x86, 0x0F, 0x42, 0xBF, 0xF1, 0x68, 0x74, 0x35,
    0xCE, 0x88, 0xE7, 0xC8, 0xAF, 0xD6, 0x57, 0xDF, 0xE8, 0x77, 0xD6, 0x1F, 0xEE, 0xAC, 0x27, 0x7D,
    0xC0, 0x19, 0xD6, 0x07, 0xA5, 0x83, 0xD0, 0x9F, 0xB6, 0x3E, 0x0A, 0xC7, 0xE5, 0xC8, 0xFA, 0x34,
    0x58, 0xAF, 0xE3, 0xFB, 0xA6, 0xA1, 0x78, 0x57, 0xEA, 0x89, 0x75, 0x1F, 0x37, 0x58, 0x03, 0x64,
    0xFB, 0x30, 0xEB, 0x0D, 0x8E, 0x92, 0xBF, 0xE7, 0xB4, 0x2E, 0xCE, 0x09, 0xFD, 0xF1, 0x92, 0x40,
    0xF3, 0xF6, 0x27, 0x5A, 0x9C, 0x33, 0xEB, 0x5C, 0xCE, 0x00, 0x22, 0x01, 0x7E, 0x1F, 0x3F, 0x11,
    0x5E, 0x7C, 0x82, 0x69, 0x9A, 0xFA, 0xE4, 0x34, 0x0D, 0x00, 0xC9, 0x5E, 0x03, 0xAA, 0xC8, 0x77,
    0x38, 0x34, 0x5B, 0x36, 0x87, 0xB7, 0x59, 0x5F, 0xB1, 0xFB, 0x23, 0xB1, 0xE5, 0x17, 0xDC, 0xED,
    0x92, 0xA1, 0x1D, 0x3E, 0x05, 0xAB, 0x5F, 0x1D, 0xF0, 0x95, 0x94, 0x56, 0xFC, 0x26, 0x30, 0xC4,
    0xAB, 0xC0, 0x78, 0x0A, 0x1C, 0xC5, 0x28, 0x10, 0x43, 0xE0, 0x2B, 0xA4, 0xE7, 0x24, 0x8C, 0x13,
    0x2F, 0xB8, 0x76, 0x14, 0x7E, 0xCC, 0xAF, 0x06, 0x8D, 0x8F, 0xC4, 0x6B, 0x55, 0xAB, 0x7D, 0xCD,
    0x99, 0x70, 0x72, 0xD5, 0x96, 0x9C, 0x3D, 0xEA, 0x84, 0x6B, 0x95, 0xD1, 0xA8, 0xB5, 0x38, 0xC3,
    0xB3, 0x5E, 0x65, 0xB4, 0xF3, 0x2D, 0xB8, 0x16, 0xED, 0x0D, 0x8E, 0xC9, 0xAD, 0xD9, 0x11, 0xF4,
    0x6E, 0x41, 0x3E, 0x9C, 0xBE, 0x9D, 0x6D, 0x26, 0x83, 0xA2, 0x3E, 0x22, 0x61, 0x3B, 0x97, 0x85,
    0x6C, 0x87, 0x48, 0x09, 0x7F, 0x1C, 0x02, 0x0A, 0x5C, 0x29, 0x98, 0xA0, 0x10, 0x72, 0xE1, 0x79,
    0x54, 0x7C, 0x87, 0xBE, 0xE2, 0xF7, 0x39, 0xA5, 0x67, 0xBA, 0x75, 0xC1, 0x30, 0x1B, 0x62, 0x5E,
    0xDD, 0x77, 0x6B, 0x36, 0xE0, 0x42, 0xC0, 0xBE, 0x5B, 0x29, 0x7D, 0xF0, 0x8D, 0x8B, 0x9B, 0x39,
    0xBB, 0x79, 0x7F, 0xE6, 0xED, 0x5D, 0x0B, 0xDA, 0xEF, 0x0F, 0xC1, 0xE2, 0xEA, 0x70, 0x00, 0xDE,
    0x5D, 0x25, 0x33, 0xA9, 0x66, 0x80, 0xF3, 0x1A, 0x46, 0xDA, 0x87, 0x85, 0x9B, 0xEF, 0x5C, 0x97,
    0xC3, 0xB3, 0x20, 0xDB, 0xA2, 0xBD, 0x4E, 0xEA, 0x3E, 0xC2, 0x9D, 0x37, 0xDC, 0x77, 0x2B, 0xE1,
    0xF4, 0xD0, 0xF2, 0x3E, 0xAA, 0x2E, 0x1C, 0x4A, 0xC3, 0xE1, 0x64, 0x9A, 0xD3, 0x27, 0x19, 0xDD,
    0x3C, 0x1A, 0x8F, 0xDD, 0x0D, 0x08, 0xB6, 0x3A, 0xEE, 0x23, 0xB2, 0xBB, 0xB9, 0x7F, 0xAE, 0xE8,
    0x92, 0xE5, 0x8A, 0x2E, 0x73, 0xDF, 0x00, 0xF4, 0x34, 0x84, 0x52, 0x09, 0x2F, 0xF0, 0xE0, 0xE0,
    0xAD, 0xE3, 0xC3, 0x87, 0xA6, 0x36, 0x98, 0x29, 0xE1, 0xC2, 0x7C, 0x1E, 0x99, 0x96, 0xD8, 0x84,
    0xCC, 0x0C, 0x97, 0x79, 0x1D, 0xB1, 0x09, 0x0A, 0x4E, 0x9A, 0xA5, 0x9B, 0xF1, 0x9F, 0x97, 0x88,
    0xF8, 0xAD, 0x07, 0x83, 0x42, 0x54, 0x42, 0x3A, 0xBF, 0xF6, 0xDA, 0xEA, 0xD1, 0x6C, 0x88, 0x59,
    0x46, 0x00, 0xEF, 0x2D, 0x80, 0xE3, 0x8C, 0xB0, 0xAA, 0xF9, 0xC8, 0xC8, 0x7A, 0x6B, 0xE4, 0x46,
    0x46, 0xE6, 0x9D, 0x9D, 0x68, 0x19, 0x79, 0xB3, 0x2A, 0xB1, 0xB5, 0x74, 0x31, 0xD3, 0xD8, 0x48,
    0x75, 0x61, 0xB2, 0x9C, 0x6D, 0xE4, 0x5D, 0xFC, 0x11, 0x72, 0x6D, 0x4D, 0x83, 0x91, 0x0D, 0xBB,
    0x35, 0xAB, 0x48, 0x86, 0x23, 0x84, 0x5D, 0x1A, 0x82, 0xF5, 0x39, 0x27, 0x84, 0x45, 0x1E, 0x7F,
    0xB1, 0xC4, 0xC4, 0xAF, 0x65, 0xFD, 0xFD, 0xF9, 0xB5, 0xD5, 0x05, 0x27, 0xEC, 0x59, 0xFF, 0x3C,
    0x22, 0x69, 0x47, 0x23, 0xEB, 0x73, 0x7E, 0xB0, 0x6B, 0x6B, 0xB7, 0x84, 0x6B, 0xC2, 0x45, 0xE1,
    0x02, 0x9E, 0xF2, 0x09, 0x25, 0x20, 0xC2, 0x8B, 0x50, 0xC9, 0xEA, 0x9B, 0xDB, 0xBA, 0xF5, 0xA1,
    0xDE, 0x70, 0x0A, 0x75, 0xD4, 0x74, 0x38, 0xA3, 0xBC, 0xA2, 0x4D, 0x25, 0x92, 0x29, 0xE5, 0xB4,
    0xD1, 0xE0, 0x8A, 0x72, 0x86, 0x11, 0x29, 0xA3, 0xAA, 0x73, 0x23, 0xE2, 0xA6, 0x75, 0x6D, 0xF3,
    0x03, 0x25, 0xCC, 0x2E, 0x28, 0x4C, 0x07, 0x77, 0x7B, 0x0C, 0xC1, 0xCB, 0xDD, 0xE9, 0x01, 0x80,
    0x64, 0x1B, 0x7C, 0x24, 0xFB, 0xE0, 0x70, 0xF5, 0x8B, 0x41, 0xBB, 0xB5, 0xED, 0xDA, 0x71, 0x6E,
    0xDF, 0x9F, 0x01, 0x38, 0xFB, 0x3D, 0x01, 0x04, 0x7D, 0x35, 0x22, 0x96, 0xAE, 0x55, 0xD7, 0x6C,
    0x41, 0xD5, 0x17, 0x03, 0x32, 0x6F, 0xFB, 0xCF, 0x3C, 0x8A, 0xDE, 0xEC, 0x8D, 0x17, 0x19, 0x76,
    0x2E, 0x1C, 0xF8, 0x4B, 0xE2, 0x58, 0x85, 0x3D, 0x48, 0x0F, 0x2E, 0x7F, 0x80, 0xBD, 0x92, 0xD5,
    0xCD, 0xF1, 0x40, 0xC5, 0x78, 0x6A, 0xA0, 0xA2, 0x08, 0x03, 0x15, 0xC5, 0x83, 0x03, 0x15, 0xD1,
    0x89, 0x85, 0x3E, 0x9B, 0x75, 0xA0, 0xA2, 0x1A, 0xCD, 0x48, 0x69, 0xEB, 0xD7, 0x34, 0x05, 0x4D,
    0x4D, 0xC6, 0x6C, 0x8B, 0x31, 0xD5, 0x00, 0x6C, 0xF6, 0x61, 0x19, 0x1E, 0x33, 0xD2, 0xC8, 0xBD,
    0xE1, 0xA6, 0xE1, 0xB7, 0xF3, 0xF1, 0x13, 0x7A, 0xE3, 0xC3, 0x9F, 0xD0, 0xCB, 0x46, 0x43, 0x43,
    0xC3, 0xC9, 0x27, 0xF4, 0x52, 0xBF, 0x4E, 0x12, 0x64, 0x47, 0x4F, 0xE8, 0xC5, 0x3F, 0x94, 0x95,
    0xD1, 0xE8, 0xA8, 0xB4, 0x37, 0xB3, 0xAE, 0x7D, 0xAE, 0x8E, 0xA6, 0xC9, 0x15, 0xAC, 0xE3, 0x85,
    0xDD, 0x76, 0x2C, 0xF3, 0x78, 0x7C, 0x31, 0xCC, 0xDB, 0x98, 0x6C, 0x93, 0xE1, 0x54, 0xFA, 0xE4,
    0xB7, 0xF2, 0xA6, 0x1A, 0xD1, 0xBC, 0x3D, 0x33, 0x01, 0xCF, 0x7A, 0x1D, 0x3B, 0xC2, 0x24, 0x8B,
    0xF4, 0x08, 0xF5, 0x2E, 0x1E, 0xFF, 0x73, 0xA4, 0xE4, 0x64, 0x32, 0x3E, 0xC1, 0x72, 0x20, 0xAF,
    0xE5, 0x40, 0x6A, 0x56, 0x6B, 0x2E, 0xDB, 0x9B, 0xB4, 0x6A, 0x9A, 0x9F, 0x66, 0x17, 0x54, 0x74,
    0x6C, 0x8D, 0x55, 0xA0, 0x3C, 0xE8, 0x45, 0xD7, 0x1D, 0xF5, 0x65, 0x1C, 0x4B, 0x71, 0x36, 0xE0,
    0x33, 0xD7, 0xF7, 0x67, 0xBC, 0x4E, 0x2F, 0xE7, 0x48, 0xC8, 0x80, 0x87, 0x2D, 0xF7, 0x31, 0x38,
    0x01, 0xD8, 0x62, 0x0A, 0x97, 0x8A, 0x21, 0x97, 0xD3, 0x94, 0xC7, 0x0B, 0x10, 0xBC, 0xAD, 0x03,
    0xCB, 0xDF, 0x47, 0xB7, 0xBB, 0x29, 0x45, 0x0A, 0xF0, 0x42, 0x34, 0xED, 0xCD, 0x1B, 0x3C, 0x93,
    0x6E, 0x77, 0x07, 0xA0, 0xD8, 0x9F, 0x19, 0xB8, 0x20, 0x9C, 0xFB, 0xB4, 0xD6, 0x3E, 0x17, 0x01,
    0xDA, 0x63, 0x5E, 0x0B, 0xA5, 0x21, 0x0B, 0x08, 0xCE, 0x01, 0xF4, 0x95, 0x97, 0x7C, 0xFC, 0x85,
    0x35, 0xF2, 0xD1, 0x24, 0x56, 0x4B, 0x9D, 0xD6, 0x14, 0x67, 0x08, 0x51, 0xF4, 0xE8, 0x99, 0x8E,
    0xE4, 0x31, 0xCF, 0x74, 0x94, 0xA7, 0x9E, 0xE9, 0xA8, 0x3F, 0xC6, 0x33, 0x1D, 0xDD, 0xC9, 0x67,
    0x3A, 0x42, 0xF2, 0xB8, 0x76, 0x7F, 0x03, 0x07, 0x31, 0xED, 0x02, 0x5B, 0x31, 0xC2, 0xB3, 0x59,
    0x59, 0x87, 0xD5, 0xC7, 0x78, 0x10, 0x42, 0x7C, 0x3F, 0x1A, 0x29, 0x71, 0x21, 0x67, 0x79, 0xA2,
    0xBF, 0x42, 0xBF, 0x6A, 0xF1, 0xA7, 0x51, 0xBF, 0x3E, 0x4F, 0xE8, 0xBE, 0xB1, 0x7B, 0x40, 0x39,
    0xBE, 0x85, 0x5D, 0x79, 0x5E, 0xA8, 0x04, 0x96, 0xEB, 0x55, 0x98, 0x08, 0x29, 0x7B, 0x60, 0x13,
    0xF2, 0xAC, 0x37, 0x47, 0x20, 0xFF, 0xC6, 0x24, 0x2D, 0x1E, 0xB8, 0xA6, 0x70, 0x7A, 0xEB, 0x47,
    0x0B, 0x40, 0x6E, 0x1B, 0x48, 0x69, 0xCA, 0x1B, 0x3B, 0x72, 0x1A, 0xCF, 0xE8, 0xE1, 0xFA, 0x6A,
    0x8E, 0x39, 0x37, 0x73, 0xC2, 0xB9, 0x48, 0xEC, 0xFD, 0xCB, 0x03, 0x72, 0xF6, 0x7B, 0x0F, 0x32,
    0x6A, 0xD1, 0xEE, 0x86, 0x23, 0x8A, 0x43, 0x6F, 0xDB, 0x3D, 0x8A, 0x8F, 0xB7, 0x68, 0x57, 0x66,
    0x84, 0x3E, 0xE0, 0x10, 0x10, 0xDE, 0x9E, 0xED, 0x47, 0xCC, 0xFA, 0xC8, 0x8F, 0x6E, 0xE7, 0x87,
    0x90, 0x7F, 0x53, 0x7E, 0xA4, 0x7E, 0x75, 0xA6, 0xD9, 0xF7, 0x63, 0xD4, 0xA8, 0xEA, 0x00, 0x2D,
    0x38, 0x83, 0xEB, 0xDD, 0x62, 0x2E, 0x54, 0x82, 0xF6, 0xA3, 0x1D, 0x4A, 0xF4, 0xFA, 0x64, 0x79,
    0xEA, 0x05, 0xC8, 0x31, 0x49, 0xBF, 0x12, 0x8E, 0x07, 0x3A, 0xB6, 0xC4, 0x4D, 0xC0, 0x13, 0xDF,
    0x45, 0x34, 0x31, 0x34, 0x36, 0x31, 0xED, 0x79, 0x10, 0x9E, 0xEC, 0x63, 0x87, 0xA2, 0x26, 0xDB,
    0xED, 0x83, 0x8F, 0x68, 0x28, 0xD2, 0x78, 0x2E, 0x9E, 0x40, 0x5C, 0x4C, 0x07, 0xE3, 0xD5, 0xAC,
    0x8F, 0x78, 0x30, 0x57, 0x73, 0x46, 0xCE, 0x8D, 0xE8, 0xD1, 0xBC, 0xC1, 0x72, 0xC3, 0xFB, 0x5A,
    0xBD, 0x42, 0x8E, 0xEE, 0xE5, 0x25, 0xF5, 0xC5, 0x1A, 0x47, 0xFF, 0xBD, 0x8F, 0x6E, 0x90, 0x3E,
    0x27, 0xDF, 0x7A, 0xA5, 0xFA, 0x79, 0xE8, 0x0D, 0xCF, 0x86, 0x98, 0x86, 0x43, 0xDE, 0x9B, 0x2A,
    0x36, 0x1C, 0xF3, 0xBB, 0x36, 0x98, 0x1F, 0x77, 0x9F, 0x37, 0x83, 0x5C, 0xC8, 0x10, 0xC2, 0x85,
    0xF1, 0x52, 0xFF, 0xA8, 0xFF, 0x0A, 0x60, 0x3A, 0xF1, 0x38, 0x60, 0xB9, 0xCE, 0xE9, 0x95, 0x8F,
    0x7F, 0x1C, 0xF0, 0x15, 0x28, 0xA1, 0xD0, 0x4C, 0xAF, 0x5A, 0x48, 0xC4, 0xEB, 0x67, 0x2C, 0x49,
    0x5A, 0x4E, 0x2F, 0x49, 0xB2, 0xB9, 0xC5, 0xA3, 0x25, 0x49, 0x5D, 0xB4, 0xB7, 0x24, 0x49, 0x73,
    0x1D, 0x29, 0xB7, 0x63, 0x70, 0x8D, 0xAD, 0xA6, 0xBF, 0x89, 0x62, 0x78, 0x51, 0x69, 0xC2, 0xBA,
    0x9A, 0x5E, 0xD2, 0x90, 0x9E, 0x92, 0x83, 0x1F, 0x79, 0x22, 0x99, 0x18, 0x46, 0x9A, 0xB2, 0xA1,
    0x52, 0x34, 0x58, 0x58, 0x67, 0x9C, 0x95, 0xD4, 0xA9, 0x15, 0x3B, 0x0E, 0x6C, 0xFC, 0x0F, 0x92,
    0x05, 0x11, 0x01, 0x6E, 0xCB, 0x72, 0x40, 0x8F, 0x65, 0x89, 0x7D, 0x75, 0x38, 0x15, 0xEC, 0xD3,
    0x25, 0x3C, 0x31, 0x99, 0x78, 0x06, 0xD1, 0xEB, 0x5D, 0xD9, 0xB7, 0xA6, 0xF9, 0x24, 0xD6, 0xA8,
    0x2D, 0x5A, 0x93, 0xB4, 0xBF, 0x93, 0x8D, 0xF2, 0xC8, 0xC4, 0x1F, 0x3F, 0xCE, 0x44, 0xEC, 0x56,
    0x7D, 0x69, 0x05, 0xD8, 0x5E, 0xAD, 0xCF, 0x1F, 0x91, 0xBF, 0xFA, 0x64, 0xCD, 0x5F, 0x93, 0x35,
    0x7F, 0xFD, 0x5A, 0xD5, 0x9E, 0x91, 0xBF, 0xAA, 0xB5, 0x28, 0x2D, 0x44, 0x34, 0xB9, 0x77, 0xBA,
    0x13, 0xF9, 0x6B, 0x44, 0xB2, 0x3B, 0x23, 0x7F, 0xCD, 0xEC, 0xFB, 0xFA, 0x9D, 0xEB, 0xCF, 0xCE,
    0x5F, 0xB9, 0xCB, 0x5F, 0x93, 0x35, 0x7F, 0x4D, 0x39, 0xC6, 0x0B, 0xD6, 0xE3, 0x9B, 0x78, 0x1E,
    0x51, 0x9F, 0x9C, 0x2E, 0xCF, 0x60, 0xA1, 0xFA, 0x9A, 0xBF, 0x1E, 0x2F, 0x54, 0x1F, 0x1E, 0xBA,
    0x8A, 0x2E, 0x9C, 0xE8, 0x59, 0xEA, 0xCA, 0xE2, 0x3D, 0x86, 0xE9, 0xB5, 0xDC, 0xE4, 0xF9, 0xA3,
    0xE9, 0x35, 0x6F, 0xC2, 0x12, 0x2F, 0xB1, 0x85, 0xF9, 0x22, 0xF7, 0x3F, 0x6F, 0xE2, 0x60, 0xF6,
    0x99, 0xBB, 0x15, 0xB7, 0x53, 0x6C, 0x31, 0xFB, 0x87, 0x9D, 0xE8, 0xEB, 0x05, 0xC7, 0xEA, 0xD0,
    0xBF, 0xAE, 0x0B, 0x79, 0x8A, 0x6F, 0x0C, 0x31, 0xBB, 0x98, 0x23, 0x52, 0xFF, 0x85, 0xC4, 0xFB,
    0xD4, 0xD3, 0xB6, 0xB2, 0xDF, 0x2C, 0xF2, 0xA5, 0x96, 0xBA, 0xEA, 0x80, 0xF5, 0x55, 0x10, 0x57,
    0x62, 0x8F, 0x73, 0x1B, 0x39, 0xDC, 0x6E, 0xFB, 0x64, 0xCD, 0x0C, 0x5C, 0x66, 0x09, 0x1C, 0xAF,
    0x6F, 0x79, 0xDD, 0x64, 0x56, 0x52, 0xFE, 0x21, 0x51, 0x51, 0x57, 0xE3, 0x75, 0x6C, 0x67, 0xF2,
    0xD9, 0xBA, 0x03, 0x96, 0x17, 0xA3, 0x19, 0x17, 0x74, 0x4B, 0xCC, 0xFA, 0xED, 0x24, 0x42, 0x83,
    0x75, 0x6D, 0xFE, 0x02, 0xFC, 0xE1, 0xD1, 0xD2, 0xC0, 0x23, 0xB9, 0x60, 0x6E, 0x5F, 0x83, 0x74,
    0x2D, 0x28, 0x76, 0x6B, 0x4E, 0xE2, 0x83, 0x1F, 0x02, 0x29, 0x27, 0x61, 0x84, 0xCA, 0xEF, 0xE7,
    0x61, 0xD6, 0x22, 0xF8, 0x29, 0x7C, 0xE9, 0xA0, 0x7C, 0xF6, 0x2B, 0xAC, 0xD4, 0x0C, 0xD4, 0x1E,
    0x56, 0xEC, 0x5F, 0x4D, 0xE1, 0x21, 0xC8, 0x8A, 0x6F, 0x3F, 0x3B, 0xB7, 0x8E, 0x9E, 0xAC, 0xBC,
    0xAA, 0xB4, 0x84, 0xD9, 0xB0, 0x85, 0xDE, 0x9E, 0xF2, 0x6D, 0xD9, 0x3C, 0x95, 0x6F, 0xCB, 0x66,
    0xE7, 0x5B, 0x58, 0x96, 0x48, 0xD7, 0xAE, 0xD0, 0xDB, 0xE3, 0xF2, 0x29, 0x3F, 0x94, 0xFA, 0xE8,
    0x05, 0xAB, 0x4F, 0xF7, 0x44, 0xC1, 0xFF, 0xA3, 0xCB, 0xB1, 0x9E, 0xF0, 0x38, 0x1F, 0x19, 0xDD,
    0x3E, 0xD2, 0xE8, 0xF2, 0xD1, 0x46, 0x3F, 0xFE, 0x38, 0x3F, 0xBD, 0x43, 0x8F, 0x0A, 0x93, 0xD2,
    0x17, 0xE2, 0xCA, 0x7B, 0xCD, 0xE0, 0xD4, 0xA4, 0xB1, 0xF1, 0xFF, 0xFF, 0xF6, 0x29, 0x3A, 0x6D,
    0x98, 0x51, 0x98, 0x7C, 0x26, 0x4C, 0x64, 0x49, 0xFC, 0x1F, 0xDB, 0xF6, 0x4B, 0xC8, 0xC6, 0xAA,
    0x74, 0x43, 0x75, 0xFF, 0x38, 0x4C, 0x3E, 0x22, 0x4F, 0xDB, 0x5B, 0x08, 0xFE, 0xD5, 0x75, 0x21,
    0x78, 0x74, 0x60, 0x42, 0x02, 0x12, 0x10, 0x5F, 0xC4, 0x82, 0x9F, 0xC6, 0xFB, 0x0B, 0xC1, 0x91,
    0x51, 0x81, 0x52, 0xF8, 0xCC, 0xC1, 0x75, 0xEC, 0x97, 0x13, 0x0F, 0xFB, 0x6E, 0xC2, 0xC3, 0xBE,
    0x06, 0x44, 0xC4, 0x2D, 0x69, 0xF3, 0x40, 0xA5, 0x87, 0x7D, 0xDD, 0x1D, 0x29, 0xF8, 0xBB, 0x4E,
    0x93, 0xCB, 0x21, 0x23, 0x2D, 0x81, 0x84, 0x00, 0xA2, 0x47, 0x3E, 0xEC, 0xCB, 0xD5, 0x36, 0x1B,
    0xEA, 0x5B, 0xCB, 0x89, 0xA7, 0x40, 0xE2, 0x69, 0x33, 0xED, 0x9E, 0x02, 0xD9, 0x74, 0xD1, 0x9C,
    0xB5, 0x60, 0x5E, 0xA2, 0x29, 0x00, 0xF7, 0xE8, 0xA7, 0x40, 0x96, 0x93, 0x4F, 0x81, 0x9C, 0xCE,
    0xA7, 0x4F, 0x3B, 0x78, 0x87, 0x43, 0x80, 0x86, 0x46, 0x4B, 0x73, 0xF0, 0x16, 0xA2, 0xE3, 0xFF,
    0x6C, 0xA4, 0xD2, 0x9A, 0x8F, 0x30, 0x38, 0x95, 0x1F, 0xFD, 0x67, 0x23, 0x29, 0x8F, 0xFE, 0xFB,
    0x14, 0x6F, 0xC0, 0xB4, 0xEF, 0x60, 0xB9, 0x3A, 0xF8, 0xB0, 0x04, 0xA9, 0x59, 0xCC, 0xC9, 0x59,
    0x4E, 0x26, 0xAB, 0x93, 0x9B, 0xB0, 0x06, 0x35, 0xF2, 0x79, 0x8B, 0xB9, 0x28, 0x71, 0xCB, 0x3D,
    0x99, 0x93, 0x96, 0x1D, 0x63, 0x5D, 0x8D, 0x37, 0x6B, 0xC9, 0xC0, 0x54, 0x95, 0x21, 0xBF, 0xC4,
    0x3F, 0x8D, 0xBA, 0x33, 0x4F, 0x65, 0x7A, 0xF2, 0x54, 0x5E, 0x3B, 0x7D, 0x2A, 0x7F, 0xFE, 0xA4,
    0xA7, 0x52, 0x25, 0x4B, 0x4B, 0xE4, 0xDF, 0x6A, 0xE1, 0xF2, 0x1A, 0x17, 0x0B, 0xB3, 0xE7, 0x22,
    0xF0, 0x67, 0x5F, 0x3C, 0x7D, 0x6A, 0x87, 0x78, 0xCA, 0x46, 0xF3, 0x7A, 0x0A, 0xA7, 0xF6, 0xF8,
    0x01, 0x1F, 0x9E, 0x78, 0xC0, 0xA7, 0x90, 0xD7, 0x8F, 0x5E, 0x79, 0xFB, 0xE8, 0x53, 0xAB, 0x07,
    0x85, 0xBD, 0xF0, 0xCC, 0x1F, 0x80, 0x7E, 0xD8, 0x59, 0xA5, 0x0F, 0xFF, 0x9E, 0xEC, 0xB9, 0x9A,
    0x44, 0x46, 0x72, 0x3A, 0xF1, 0xFF, 0xA4, 0x98, 0x44, 0x4F, 0xF0, 0xFF, 0xA4, 0x94, 0x70, 0x1C,
    0x50, 0x71, 0x55, 0xBB, 0xE9, 0x43, 0x2B, 0x91, 0xAC, 0x03, 0x5E, 0x0F, 0x3C, 0x7B, 0xE9, 0xCE,
    0x78, 0xF6, 0x72, 0x5C, 0x1F, 0x14, 0x80, 0x2B, 0x51, 0x40, 0x7F, 0xB9, 0xBA, 0x9B, 0x47, 0x21,
    0x99, 0xAE, 0x3D, 0x51, 0xE9, 0xC3, 0xFD, 0xF2, 0x7F, 0xF9, 0x99, 0xE4, 0x8F, 0x91, 0x1C, 0x7F,
    0x2A, 0x0F, 0xEC, 0xAC, 0x13, 0xCF, 0xBD, 0xAD, 0x5A, 0xEC, 0xB3, 0x21, 0x35, 0x49, 0x3A, 0x93,
    0x36, 0x1B, 0x22, 0x3C, 0x76, 0xD5, 0xE2, 0xB8, 0x9D, 0x15, 0x20, 0x7B, 0x00, 0xC3, 0x56, 0xFE,
    0xD2, 0x44, 0xEF, 0xD9, 0x02, 0x7F, 0x8E, 0xD3, 0x0F, 0xCD, 0x7E, 0xF6, 0xAC, 0xD5, 0x8C, 0x75,
    0xC3, 0x56, 0xA7, 0x3A, 0x6D, 0x71, 0xD8, 0x46, 0x2C, 0xA1, 0x7C, 0xFC, 0xD7, 0xF4, 0xB9, 0xA6,
    0x53, 0xD7, 0xBC, 0x24, 0xDC, 0x2A, 0x35, 0x93, 0x9A, 0x7F, 0xA4, 0x48, 0xC2, 0x7E, 0x77, 0xED,
    0x12, 0x40, 0x7C, 0x34, 0x18, 0x92, 0xBD, 0x3F, 0x02, 0xEE, 0xFB, 0x4A, 0xDA, 0x63, 0xEA, 0xC2,
    0xD6, 0x00, 0x1D, 0x2A, 0x0D, 0xCD, 0xB8, 0xDE, 0xB1, 0xCC, 0xF7, 0xE6, 0xD1, 0x42, 0x5A, 0x9D,
    0x49, 0x4D, 0x3A, 0x23, 0x14, 0xE5, 0x87, 0xC8, 0x97, 0x8D, 0x16, 0x9F, 0x6D, 0x42, 0x8A, 0xA6,
    0xE4, 0xBB, 0x01, 0x90, 0xCF, 0x86, 0xCD, 0x28, 0x78, 0x43, 0xB1, 0x18, 0x2A, 0x5D, 0xC4, 0x61,
    0xE1, 0xDA, 0x68, 0x8E, 0x14, 0xE1, 0x11, 0x6B, 0x1F, 0x2F, 0x58, 0xCD, 0xC2, 0x11, 0xC2, 0x67,
    0x95, 0x37, 0xB8, 0xEE, 0x84, 0x6F, 0x29, 0xF5, 0x7E, 0xF5, 0x6D, 0xD6, 0x2C, 0xB1, 0xE2, 0x45,
    0xF0, 0x4D, 0x1E, 0x91, 0x5C, 0x91, 0xB0, 0x93, 0x6F, 0x03, 0x50, 0xC8, 0xB7, 0x4A, 0x81, 0x5B,
    0xBE, 0x69, 0x89, 0x59, 0xE7, 0xF8, 0x3D, 0xCE, 0xCE, 0x4E, 0xEA, 0x6C, 0xD6, 0xCF, 0xC5, 0xB2,
    0xF1, 0xBA, 0xE5, 0x44, 0x32, 0xBD, 0xBA, 0x0C, 0x14, 0x33, 0xE2, 0x1B, 0xCB, 0x0F, 0x74, 0xFD,
    0x06, 0x27, 0xAA, 0x4A, 0x36, 0xB7, 0x66, 0xF2, 0x50, 0x4C, 0xC5, 0xEC, 0xBC, 0x5B, 0xFE, 0x0F,
    0xCD, 0xDA, 0x31, 0x8C, 0xE4, 0xE6, 0x79, 0xC6, 0xF1, 0x1F, 0x49, 0xF9, 0x18, 0x8B, 0x90, 0x79,
    0xC5, 0x25, 0x91, 0x1D, 0x41, 0xA3, 0x42, 0x85, 0x0B, 0xC7, 0x54, 0xE1, 0xC2, 0xC5, 0xDD, 0x91,
    0x8E, 0x0B, 0x17, 0x06, 0xA2, 0x04, 0x70, 0xEA, 0xB8, 0x48, 0x63, 0x38, 0x88, 0x5C, 0xB8, 0x70,
    0xA1, 0xDB, 0xA1, 0x7C, 0x01, 0x8C, 0x54, 0x72, 0x5F, 0x5D, 0xCA, 0x28, 0x85, 0x54, 0xA8, 0x50,
    0x71, 0x3A, 0x52, 0xBE, 0x42, 0xA5, 0x27, 0x51, 0x91, 0xC2, 0x45, 0xE8, 0xD8, 0x80, 0x0B, 0x17,
    0xA6, 0x9D, 0x49, 0x32, 0xC6, 0x71, 0xE6, 0xCD, 0xF2, 0x76, 0x30, 0xD2, 0x6A, 0x23, 0xAD, 0x4F,
    0xAB, 0xB5, 0x82, 0x9B, 0xF7, 0x01, 0x87, 0x20, 0xE7, 0xBE, 0xFF, 0xFB, 0x7C, 0xDF, 0xF3, 0x11,
    0xC4, 0xF2, 0x29, 0xA8, 0x5B, 0x74, 0x3D, 0x62, 0x45, 0x12, 0x03, 0x69, 0x8C, 0x64, 0xBF, 0x5C,
    0x53, 0xBC, 0xBD, 0xA1, 0xBC, 0x3F, 0xB1, 0xF8, 0xFE, 0x96, 0x2A, 0x09, 0xEA, 0x57, 0x82, 0x2E,
    0xA2, 0x15, 0x11, 0x7D, 0x32, 0xA9, 0x57, 0xE9, 0x5A, 0x35, 0x64, 0xC7, 0xB2, 0xAE, 0x22, 0x89,
    0xA8, 0x23, 0x8D, 0x00, 0x80, 0x5B, 0x10, 0x07, 0xB9, 0x45, 0xD2, 0xFD, 0x50, 0x11, 0x6B, 0xD5,
    0xAF, 0x26, 0xF5, 0x57, 0x27, 0x55, 0x36, 0x71, 0x5C, 0x69, 0x37, 0xA9, 0x62, 0xB2, 0x7C, 0x30,
    0x89, 0x6C, 0x5F, 0xBF, 0x8A, 0x76, 0xB9, 0x8D, 0x7E, 0x31, 0xDC, 0x3B, 0xFD, 0x93, 0x81, 0xD8,
    0x1F, 0xA7, 0x3B, 0x14, 0xD1, 0x52, 0x3E, 0xDF, 0x73, 0xA5, 0x6C, 0x71, 0x0F, 0x46, 0xB8, 0xC3,
    0x9E, 0xB7, 0x83, 0x68, 0x48, 0xA3, 0x25, 0x8B, 0x9E, 0x3C, 0x56, 0x94, 0x3F, 0x1E, 0x29, 0x5F,
    0x1E, 0xA9, 0x8A, 0x0D, 0x75, 0x3E, 0x71, 0x94, 0x6D, 0xD9, 0xFD, 0xF3, 0xCE, 0x8C, 0x2A, 0x3D,
    0x96, 0x26, 0x1B, 0x75, 0x7D, 0x3E, 0xAA, 0xFB, 0x72, 0x50, 0x0F, 0xCB, 0x6D, 0x16, 0xDB, 0x6E,
    0x16, 0xF7, 0xC8, 0xA2, 0x97, 0xDD, 0xEF, 0xA5, 0xB7, 0x7B, 0x16, 0x0D, 0xB7, 0xF0, 0x25, 0x80,
    0x13, 0xEA, 0x32, 0xD6, 0xEA, 0x99, 0x3A, 0x9B, 0x7C, 0xEA, 0xB8, 0x7C, 0x7B, 0x52, 0xC6, 0xA4,
    0x8E, 0x49, 0x77, 0xFB, 0x3D, 0xD4, 0x71, 0x96, 0x3A, 0xE9, 0x91, 0xAD, 0x50, 0xF4, 0x5C, 0x2B,
    0xD1, 0x3D, 0x45, 0xF2, 0x10, 0xE2, 0x9D, 0x91, 0xA2, 0x59, 0xB1, 0xF7, 0xB5, 0x39, 0xF8, 0xDA,
    0xEF, 0x7D, 0xCD, 0x62, 0x24, 0xFB, 0xC9, 0xC1, 0xD7, 0xDB, 0x13, 0x8B, 0x3F, 0xDB, 0x52, 0x27,
    0xC1, 0xF2, 0xB4, 0xAF, 0x1B, 0xF5, 0x2A, 0x5B, 0xAB, 0x87, 0x7C, 0x54, 0xAD, 0xEB, 0xF7, 0xF9,
    0xFA, 0x38, 0xCA, 0x86, 0x0A, 0x37, 0xF1, 0x3D, 0xEE, 0x3E, 0x23, 0x89, 0x46, 0x16, 0xBD, 0xE2,
    0xFE, 0x38, 0x0F, 0xE5, 0x63, 0xE3, 0xBE, 0x83, 0x64, 0x84, 0x0D, 0xAE, 0xDD, 0x40, 0x3C, 0x41,
    0x7A, 0xE0, 0x2E, 0x3F, 0x88, 0x3B, 0x3D, 0x70, 0xE7, 0xA7, 0xB9, 0xAB, 0xAF, 0xCE, 0xDC, 0xE9,
    0xCE, 0x81, 0xBB, 0x31, 0x73, 0xA7, 0x1B, 0x75, 0x3F, 0x4F, 0xE5, 0xB3, 0xDC, 0x48, 0x56, 0x64,
    0x23, 0xE9, 0x88, 0x0D, 0xAE, 0x73, 0xF7, 0xDA, 0x65, 0x70, 0x2F, 0xED, 0x09, 0xBC, 0xD3, 0xA3,
    0x68, 0x38, 0xFA, 0x53, 0x92, 0xF8, 0x7B, 0xB2, 0x5F, 0x0C, 0x94, 0x2F, 0x0D, 0xE7, 0x5B, 0x3D,
    0x9E, 0xB6, 0x7A, 0xA2, 0x4E, 0xDE, 0x8F, 0xDC, 0x26, 0x7B, 0xE4, 0x7A, 0x35, 0x23, 0x8F, 0x33,
    0xF2, 0x76, 0x46, 0xDE, 0x72, 0x74, 0xD2, 0xE4, 0x6C, 0x1E, 0xC3, 0xED, 0x9E, 0xAA, 0xF1, 0xE4,
    0x75, 0xE2, 0xC9, 0x93, 0xD3, 0xFF, 0x36, 0x28, 0x5F, 0x1A, 0x25, 0x07, 0xDC, 0xD5, 0xB9, 0xB8,
    0x67, 0x17, 0xF5, 0x11, 0xE5, 0x3B, 0x2D, 0x75, 0xF4, 0x7C, 0xA1, 0x6A, 0x00, 0xE9, 0x84, 0x22,
    0xB0, 0x78, 0xB9, 0xE7, 0x66, 0xDA, 0xE2, 0x1A, 0x6C, 0x91, 0x06, 0xB2, 0x40, 0x1E, 0x2D, 0x45,
    0xF4, 0x94, 0xAF, 0xAE, 0xA8, 0x16, 0x03, 0x75, 0x39, 0x72, 0x54, 0xAC, 0xB9, 0x9B, 0x4F, 0xF3,
    0x0A, 0x9E, 0x24, 0x11, 0x3B, 0x59, 0x44, 0xC8, 0x47, 0xD1, 0x14, 0x83, 0x68, 0xCB, 0x95, 0x6E,
    0xD5, 0x4D, 0x79, 0x4C, 0x31, 0x15, 0x31, 0xA5, 0x6D, 0xAB, 0x18, 0x47, 0x65, 0x1C, 0x57, 0x35,
    0xB8, 0x52, 0xF4, 0xC0, 0x3D, 0x92, 0x19, 0xF7, 0x17, 0xE3, 0x31, 0xEE, 0x5A, 0x72, 0x21, 0x77,
    0x8F, 0xE0, 0x94, 0xC3, 0xD9, 0x83, 0x81, 0xE2, 0xAD, 0x35, 0xA5, 0xEF, 0x00, 0x87, 0x6C, 0x3E,
    0x6B, 0xEC, 0x47, 0xC8, 0xE6, 0xFA, 0xD1, 0xB2, 0xF9, 0x70, 0x3A, 0xF6, 0xDC, 0x6F, 0x0F, 0x8A,
    0xD9, 0x66, 0x0D, 0x2E, 0x21, 0xBB, 0x81, 0xA2, 0x41, 0xD9, 0xE0, 0x8B, 0xF8, 0xCC, 0x97, 0x9F,
    0x33, 0x4F, 0xAE, 0x7D, 0x3A, 0x27, 0xD1, 0x00, 0x17, 0xDA, 0xB5, 0x96, 0xBF, 0x5B, 0x67, 0xF2,
    0x86, 0xB2, 0x67, 0xD1, 0x72, 0x13, 0x9F, 0xA7, 0xF0, 0x1D, 0xF3, 0x68, 0x8A, 0x18, 0x64, 0xD1,
    0xF2, 0xAD, 0x8B, 0xAE, 0xF0, 0xAB, 0xF0, 0x3A, 0xDC, 0x85, 0x9B, 0x28, 0x8A, 0x67, 0x29, 0xDB,
    0xD7, 0xC9, 0x63, 0x24, 0x89, 0x16, 0x20, 0x69, 0xB0, 0xE8, 0x51, 0xAF, 0xD0, 0x8D, 0x38, 0xB9,
    0x64, 0x4D, 0xF6, 0x9F, 0x13, 0xD9, 0xCF, 0x26, 0x8A, 0xB7, 0xB6, 0x94, 0x7D, 0xB0, 0x68, 0x4E,
    0x98, 0x9B, 0x99, 0xB9, 0xD7, 0xCD, 0x32, 0xA9, 0x56, 0xE9, 0x46, 0x39, 0x66, 0x6B, 0xE5, 0x31,
    0x73, 0xD3, 0x45, 0x1D, 0xCD, 0x9E, 0x79, 0x45, 0xB2, 0x0F, 0x35, 0x2F, 0xE2, 0x29, 0x0A, 0xCF,
    0x5D, 0x88, 0xF9, 0xCC, 0x32, 0xB7, 0x44, 0x72, 0x12, 0x6A, 0x2D, 0x16, 0x78, 0xFC, 0xFA, 0x33,
    0x94, 0x5F, 0x39, 0xF8, 0x7C, 0xEF, 0xAC, 0xC5, 0xE7, 0xA5, 0xDA, 0xF6, 0xFF, 0x4C, 0xB5, 0x93,
    0x20, 0x1F, 0x55, 0xEF, 0x49, 0xB5, 0xE5, 0x2C, 0x87, 0x8D, 0xFA, 0xED, 0x9E, 0x62, 0x6F, 0xF1,
    0x75, 0x1E, 0x3F, 0x58, 0xBC, 0x92, 0xEC, 0x5C, 0x3C, 0xC4, 0x17, 0xB7, 0xF7, 0xA9, 0xE6, 0xF3,
    0x2F, 0x34, 0x5C, 0xD5, 0x72, 0x23, 0xEF, 0xA9, 0xA2, 0xA1, 0xF8, 0x2D, 0x80, 0xC7, 0x60, 0x87,
    0x24, 0x90, 0x45, 0x73, 0x26, 0xD5, 0x16, 0xCF, 0x8F, 0xFB, 0x54, 0xBB, 0x59, 0xAC, 0x79, 0xF3,
    0x6C, 0xAA, 0x65, 0xFB, 0x54, 0xEB, 0xF6, 0xA9, 0x36, 0x65, 0x31, 0xC5, 0x1C, 0x6D, 0xD9, 0xB0,
    0x52, 0xC6, 0x68, 0xAE, 0xBC, 0xE8, 0x31, 0xA3, 0x3E, 0xF7, 0x31, 0xCF, 0x66, 0xC8, 0x3D, 0xB3,
    0x5F, 0xB2, 0xE5, 0x89, 0x59, 0x3D, 0xBE, 0xE5, 0xBC, 0x44, 0x7B, 0xF4, 0xA7, 0xCD, 0xCD, 0x47,
    0x49, 0xB4, 0x7C, 0x66, 0x7E, 0xEB, 0x14, 0xF3, 0xA5, 0xA4, 0x59, 0x1D, 0x31, 0xCD, 0x95, 0x1F,
    0xFB, 0x93, 0x4D, 0xE6, 0x7A, 0xE3, 0xB8, 0x3C, 0xAC, 0xDD, 0x2B, 0x6D, 0x16, 0xD1, 0x1F, 0x57,
    0x7B, 0x38, 0x37, 0xF9, 0xD2, 0x71, 0xDD, 0x3D, 0xAE, 0x87, 0xF7, 0xEC, 0xEF, 0xDF, 0x00, 0xC8,
    0x57, 0x94, 0xE3, 0x49, 0xCD, 0xC7, 0xDD, 0x4A, 0x11, 0x1B, 0x8B, 0xD8, 0xAA, 0x5F, 0x0A, 0x9D,
    0x10, 0xAF, 0x84, 0x88, 0x7D, 0x21, 0x1A, 0xBA, 0x9E, 0x7A, 0x77, 0xCF, 0x7C, 0x5D, 0x1A, 0x3F,
    0xFF, 0xE0, 0xF4, 0x2D, 0x36, 0xD4, 0x3B, 0xAE, 0xD7, 0x3C, 0x79, 0x93, 0x74, 0x43, 0xD6, 0x92,
    0x36, 0x38, 0xC3, 0x33, 0x8F, 0xF3, 0x7B, 0x1F, 0x89, 0xE7, 0x9E, 0xC3, 0xB3, 0x44, 0x72, 0xBF,
    0xA7, 0x6C, 0xB9, 0x81, 0x2F, 0x03, 0xD8, 0xB3, 0x4D, 0x16, 0x0F, 0x0E, 0x6C, 0x0E, 0x5C, 0xAF,
    0xFC, 0xD3, 0x07, 0xB0, 0x0D, 0x7C, 0xF6, 0x31, 0xBA, 0x97, 0x89, 0xE0, 0x37, 0x3B, 0xAE, 0xFE,
    0x0D, 0xE0, 0xE3, 0xF3, 0x23, 0x1B, 0x7E, 0xA8, 0xDC, 0x9D, 0xAC, 0xA3, 0xE2, 0xF9, 0xD5, 0xC5,
    0xC7, 0x0C, 0x3C, 0x85, 0x1B, 0xB8, 0x2B, 0x69, 0x46, 0xC5, 0xAF, 0x7B, 0x8B, 0x89, 0x5B, 0x35,
    0xAF, 0x3F, 0x81, 0x8F, 0x7B, 0x3E, 0x65, 0x0D, 0xC5, 0xBE, 0xF9, 0x15, 0xAE, 0x73, 0x74, 0x8D,
    0x68, 0xA5, 0x0F, 0x06, 0xF9, 0xBF, 0xAE, 0x15, 0xED, 0x9D, 0xDF, 0x91, 0xED, 0x95, 0x73, 0xE6,
    0xDA, 0xE3, 0x58, 0x34, 0x94, 0xBD, 0xE4, 0xAB, 0x83, 0x62, 0x7C, 0xED, 0x72, 0xD9, 0x5E, 0x23,
    0x5D, 0x93, 0x4C, 0x78, 0x13, 0x5F, 0xE4, 0xE8, 0x0F, 0x2E, 0x81, 0x2D, 0x1F, 0x29, 0x27, 0x9E,
    0xB8, 0x8E, 0xD7, 0xE5, 0xFF, 0xB1, 0x52, 0x6E, 0x1A, 0x37, 0x8F, 0xD8, 0x3C, 0x6D, 0xCF, 0xB5,
    0x99, 0xEB, 0x78, 0x8C, 0x9B, 0x6C, 0x32, 0xD7, 0xEB, 0xE7, 0x71, 0xED, 0xD7, 0xD5, 0xC3, 0x7B,
    0xF6, 0xF7, 0xAF, 0xA9, 0x5A, 0xBA, 0x81, 0x5F, 0x8F, 0xFC, 0xE5, 0x48, 0xD1, 0xFB, 0xDC, 0x82,
    0xEE, 0x1F, 0x88, 0x41, 0xF6, 0x9B, 0xB5, 0xA2, 0x7F, 0x43, 0xF2, 0xC8, 0x4C, 0x89, 0x7A, 0xD7,
    0x59, 0xC4, 0xEE, 0x84, 0xA9, 0xFE, 0x73, 0x22, 0x78, 0xED, 0x4D, 0xA0, 0x18, 0xA9, 0xF6, 0x5E,
    0xAD, 0x3F, 0xFD, 0xB1, 0x7A, 0x95, 0xB4, 0x8D, 0x62, 0xBD, 0x7F, 0xCA, 0xFE, 0xEB, 0x41, 0x96,
    0xF7, 0xC0, 0x92, 0x24, 0x56, 0xB2, 0xFF, 0x59, 0x2B, 0xFB, 0x8D, 0xC4, 0xD5, 0x0B, 0xF8, 0x34,
    0x00, 0xF9, 0x40, 0x39, 0x51, 0xDF, 0x63, 0x5A, 0x34, 0xC6, 0x02, 0xE0, 0xF2, 0x73, 0x1A, 0x6E,
    0xA2, 0x6B, 0x79, 0xB0, 0x92, 0xFE, 0x6C, 0x94, 0xF7, 0xEB, 0x03, 0xD7, 0xC7, 0x9D, 0xE3, 0xC5,
    0x46, 0xB5, 0x73, 0xA3, 0x9E, 0x33, 0x3C, 0xDD, 0xC8, 0x7B, 0x69, 0x0B, 0x11, 0x7D, 0x44, 0xBB,
    0x58, 0x2B, 0x47, 0xE7, 0x7F, 0xFE, 0x4B, 0x37, 0x5F, 0xDF, 0xE7, 0x1B, 0x65, 0x58, 0x94, 0x3E,
    0x5D, 0x72, 0x4B, 0x3A, 0x4A, 0xF6, 0x48, 0xFE, 0x64, 0x52, 0x4F, 0xB3, 0x66, 0x1F, 0xFC, 0xA9,
    0xA2, 0xA9, 0xA3, 0x5D, 0xC6, 0x6A, 0x19, 0x7D, 0xBE, 0x95, 0x4D, 0xE7, 0x7F, 0xF2, 0xAD, 0x7A,
    0xBE, 0x7E, 0x05, 0x24, 0xEB, 0xFD, 0xF9, 0x64, 0xFD, 0xDE, 0xE3, 0x47, 0x18, 0xC3, 0x22, 0xDA,
    0x2A, 0xDA, 0xB3, 0xBF, 0x26, 0xF9, 0x2B, 0x54, 0x31, 0x48, 0x23, 0xB6, 0x8A, 0xED, 0x1F, 0x47,
    0xB3, 0x18, 0x44, 0x5F, 0xF7, 0xEA, 0xD5, 0xB2, 0x51, 0x0D, 0x1D, 0x8B, 0x31, 0x28, 0xDF, 0x27,
    0x43, 0x34, 0x16, 0xAB, 0xAE, 0x57, 0xF5, 0xF5, 0x4A, 0xDD, 0x56, 0xEB, 0x24, 0x94, 0xF1, 0xEA,
    0x24, 0x8D, 0x18, 0xA8, 0x76, 0x80, 0xC3, 0xFF, 0x4A, 0x36, 0xED, 0xE5, 0xE4, 0x6B, 0x37, 0x28,
    0x62, 0xAB, 0x7A, 0x10, 0xEA, 0x3E, 0xDA, 0xAE, 0x59, 0xF6, 0xA1, 0x3E, 0x5D, 0xCD, 0xB2, 0xED,
    0xE6, 0xA3, 0x07, 0x3B, 0x8B, 0xD8, 0x48, 0xF7, 0x14, 0xEC, 0x03, 0xB5, 0xEE, 0xE7, 0x3A, 0x39,
    0xBE, 0xF2, 0x73, 0x54, 0x3B, 0x66, 0xEB, 0xF9, 0x42, 0x0D, 0x6F, 0x22, 0x5B, 0x23, 0xEB, 0x91,
    0x34, 0x48, 0xBE, 0x81, 0xB9, 0xBB, 0x69, 0xC4, 0x46, 0xF1, 0xDB, 0xC5, 0xD6, 0x62, 0x95, 0x86,
    0xBA, 0x17, 0xCD, 0xB2, 0xD1, 0xB5, 0x1D, 0x75, 0x1F, 0x9C, 0x95, 0x46, 0xDD, 0x76, 0xAD, 0x4E,
    0xBD, 0x12, 0xAA, 0x75, 0x36, 0x29, 0xA3, 0x5B, 0xCB, 0x22, 0x56, 0xBC, 0xF0, 0x5B, 0x2C, 0x5B,
    0xC9, 0xDC, 0xD1, 0x9F, 0x8E, 0x92, 0x7F, 0xD9, 0x2F, 0x80, 0x9B, 0xF8, 0x02, 0xC0, 0x85, 0xD0,
    0x1F, 0x83, 0xCF, 0x40, 0x0D, 0x2F, 0x92, 0x8E, 0x23, 0xF9, 0xD4, 0xB0, 0xE8, 0x70, 0xB3, 0x6C,
    0xB8, 0xE6, 0xF2, 0x39, 0x4F, 0x6F, 0xA2, 0x3D, 0x15, 0x6E, 0x50, 0x5D, 0xA3, 0xEB, 0x25, 0x0F,
    0x46, 0xD9, 0x4F, 0xD7, 0xF2, 0xF6, 0x8E, 0x8B, 0x73, 0x27, 0x90, 0x37, 0x28, 0x7A, 0x64, 0xC3,
    0x81, 0xFB, 0x99, 0x4F, 0x84, 0xFB, 0x35, 0xAC, 0x31, 0xE1, 0x16, 0x9E, 0xA6, 0x7A, 0xEC, 0x32,
    0xB8, 0xDF, 0x40, 0x1E, 0x28, 0x4A, 0x24, 0x4F, 0x93, 0xDC, 0xD9, 0x90, 0x6D, 0x5E, 0xA3, 0xDC,
    0xA1, 0x5A, 0x34, 0xBC, 0x78, 0xE5, 0xD2, 0xB9, 0x3F, 0x70, 0x03, 0x5E, 0x9E, 0x6C, 0xC0, 0xE9,
    0x6F, 0xD6, 0xF2, 0xD5, 0x1B, 0x92, 0x8B, 0x32, 0x17, 0xDF, 0x6F, 0xA8, 0x7E, 0xD6, 0x73, 0xBD,
    0x6B, 0x79, 0xF2, 0x69, 0xF8, 0x0B, 0x64, 0x13, 0x8A, 0x40, 0xF5, 0x7C, 0xCF, 0xAD, 0xB4, 0xB9,
    0x74, 0xE6, 0x3B, 0x57, 0xA5, 0xD3, 0x8B, 0xB2, 0x98, 0x64, 0x2F, 0x6F, 0x24, 0xE9, 0xC8, 0xA1,
    0x15, 0xA3, 0xE4, 0xBF, 0x27, 0xD9, 0xF0, 0xA6, 0xA4, 0xB9, 0x7A, 0x31, 0x66, 0x90, 0x6E, 0x90,
    0xEF, 0xB0, 0xF8, 0x55, 0xC3, 0xB2, 0xE8, 0x79, 0x23, 0x6D, 0xC1, 0xE5, 0x92, 0x9E, 0x13, 0xD5,
    0xA7, 0xE2, 0x76, 0x66, 0x4C, 0xD6, 0xA3, 0x6C, 0xF8, 0xEE, 0x9E, 0xFB, 0x12, 0xA2, 0x5C, 0x02,
    0x0B, 0x88, 0xC6, 0x7E, 0x01, 0xFC, 0x3C, 0x5D, 0x4B, 0x0E, 0x23, 0x4B, 0xBE, 0x91, 0x6F, 0x2C,
    0xE3, 0xDF, 0xC7, 0x34, 0x22, 0xFA, 0xE3, 0x7E, 0x84, 0x43, 0x3F, 0xDA, 0xB9, 0x1F, 0xFD, 0x85,
    0xFB, 0x91, 0x36, 0xFB, 0x47, 0x99, 0x15, 0x8B, 0x96, 0x0A, 0x4F, 0xCD, 0x27, 0xB2, 0xD1, 0x5C,
    0xDD, 0x2F, 0x87, 0x22, 0xA2, 0x7F, 0x64, 0xEA, 0xAB, 0x70, 0x03, 0x96, 0x2D, 0xEA, 0x11, 0xF9,
    0x26, 0x5D, 0x73, 0xED, 0xF7, 0x48, 0xD7, 0x93, 0xCE, 0x1C, 0x1B, 0x6C, 0x51, 0xE3, 0xF1, 0x0B,
    0xD3, 0x7D, 0xE8, 0x36, 0x9C, 0xDC, 0x91, 0xF5, 0x33, 0x5D, 0xF3, 0x10, 0x31, 0xBB, 0x04, 0xC4,
    0xF3, 0xB7, 0xE1, 0x2B, 0x17, 0x47, 0x2C, 0x7F, 0xD4, 0x50, 0x47, 0xBF, 0x97, 0x27, 0xEB, 0x74,
    0x8D, 0xDF, 0x93, 0x77, 0x9B, 0xEF, 0xCA, 0x76, 0x93, 0x2C, 0x26, 0xE9, 0xD7, 0x46, 0xE4, 0xC3,
    0x7B, 0x61, 0x16, 0x8F, 0x0A, 0x43, 0x72, 0x48, 0xD7, 0x77, 0x6D, 0xF9, 0xC9, 0x05, 0x46, 0x7F,
    0x81, 0x9C, 0x39, 0x67, 0xFE, 0x5D, 0x20, 0x53, 0x96, 0xF1, 0x56, 0xC4, 0xB1, 0xBE, 0x14, 0x21,
    0xDF, 0x5A, 0x8C, 0xE6, 0xD1, 0x7D, 0x64, 0xDD, 0x5A, 0x0C, 0x92, 0x98, 0x49, 0xC5, 0x83, 0x68,
    0xA9, 0x63, 0x87, 0x2B, 0x31, 0xC0, 0x99, 0x97, 0x70, 0x02, 0xC4, 0xE1, 0x4C, 0x35, 0x56, 0xA3,
    0x18, 0x63, 0xF4, 0xC2, 0x7C, 0x54, 0x8E, 0xE5, 0xB9, 0xB2, 0x59, 0x8C, 0x8A, 0x88, 0xB9, 0x9F,
    0x0F, 0xA2, 0xD1, 0xDD, 0x0E, 0x00, 0xFB, 0xD6, 0x29, 0xC7, 0xBD, 0x9C, 0x7C, 0xF5, 0x77, 0x0D,
    0xD2, 0x18, 0x90, 0xBD, 0x33, 0x22, 0xBD, 0x3F, 0x42, 0xB1, 0x82, 0xBA, 0x81, 0xEB, 0xE0, 0x1A,
    0x80, 0x65, 0xF4, 0x11, 0x7B, 0xBD, 0xF4, 0x4E, 0x15, 0x03, 0xEA, 0x09, 0x2F, 0x5E, 0xC7, 0xE7,
    0x67, 0x49, 0xD6, 0xC8, 0x7B, 0x64, 0x0D, 0x80, 0xF7, 0xB5, 0xEC, 0x85, 0x8F, 0xD6, 0xB2, 0x1F,
    0x04, 0x34, 0x90, 0x8E, 0x98, 0xE9, 0xB0, 0x1C, 0x60, 0xD7, 0x54, 0x0D, 0x8D, 0xBA, 0xC7, 0x5E,
    0x97, 0xED, 0xBB, 0xED, 0x98, 0x7E, 0x4F, 0x13, 0xE7, 0x87, 0x58, 0x93, 0xAE, 0xC9, 0x07, 0x8A,
    0x9E, 0xDC, 0x11, 0x6A, 0xD4, 0xC7, 0xD3, 0x65, 0x1B, 0x63, 0xAC, 0xE7, 0x69, 0x53, 0x7E, 0xC8,
    0xBF, 0x99, 0x7D, 0x46, 0x9F, 0xC9, 0x8F, 0xC1, 0x77, 0x12, 0x90, 0xAD, 0x20, 0xDF, 0x40, 0x16,
    0x60, 0x39, 0x73, 0x4B, 0x3E, 0x69, 0xEE, 0xE7, 0x70, 0x17, 0x3B, 0xD4, 0x0D, 0x65, 0x4F, 0xDA,
    0x5E, 0x98, 0xFB, 0xFC, 0x45, 0xF0, 0x39, 0x5C, 0x37, 0x73, 0x5F, 0xB3, 0xA7, 0xEF, 0xDF, 0xA5,
    0xDF, 0x5E, 0x3E, 0xFD, 0x62, 0x60, 0xB9, 0xE1, 0x8D, 0x17, 0x79, 0xF6, 0xB8, 0xD2, 0x91, 0xB2,
    0x3D, 0xED, 0xFA, 0x7A, 0xA6, 0xEF, 0x1E, 0x91, 0xFE, 0xF6, 0x4E, 0xB6, 0xFE, 0x26, 0xCA, 0x18,
    0x0F, 0x9A, 0x17, 0x7D, 0xD5, 0xE0, 0x93, 0xF4, 0xFB, 0xE6, 0x13, 0x44, 0x47, 0x04, 0xFF, 0xB8,
    0xE5, 0xE0, 0xF1, 0x1F, 0xDD, 0x3B, 0xA6, 0xDC, 0xCC, 0xEB, 0xFB, 0x91, 0x28, 0xF1, 0x87, 0xCE,
    0x30, 0xF5, 0x0F, 0x43, 0xBF, 0x99, 0x43, 0x7F, 0xFB, 0xFF, 0x22, 0xF4, 0x79, 0xFF, 0x3A, 0xEE,
    0x1E, 0x7D, 0x3E, 0x7F, 0xD8, 0x5B, 0x36, 0x4F, 0x1D, 0x72, 0xBD, 0x1E, 0x50, 0x4E, 0xF0, 0xB7,
    0x00, 0xD0, 0xC5, 0xD7, 0x62, 0x98, 0x65, 0xB5, 0xD8, 0xD8, 0xC9, 0x27, 0x93, 0x6C, 0x9B, 0x6E,
    0x88, 0x6C, 0xA4, 0xFB, 0xFA, 0x8A, 0xFA, 0xC7, 0x3D, 0x8B, 0x68, 0x28, 0x77, 0xC8, 0x27, 0x64,
    0x67, 0x45, 0xBE, 0x45, 0x1D, 0x2B, 0x96, 0xB3, 0xC0, 0x97, 0x30, 0x1D, 0x56, 0x31, 0x45, 0x4F,
    0xD2, 0x00, 0x88, 0x28, 0xA3, 0xDB, 0x95, 0xBB, 0xC5, 0x3A, 0xDB, 0x94, 0xEB, 0x6C, 0xCC, 0x37,
    0xC5, 0x90, 0x4D, 0x65, 0x9F, 0x6E, 0xCB, 0xDE, 0xAE, 0x6A, 0x44, 0xCD, 0xF2, 0x88, 0x7A, 0xA2,
    0xDA, 0x9C, 0xD0, 0x15, 0x73, 0xCD, 0xB4, 0x3D, 0x4B, 0x5E, 0xDD, 0x12, 0x6B, 0x96, 0x2D, 0xCB,
    0x63, 0x90, 0xF1, 0xA1, 0x94, 0x93, 0xAE, 0xC9, 0xB6, 0xB6, 0xD2, 0x5D, 0x32, 0xED, 0x69, 0x96,
    0x3F, 0x18, 0x1E, 0x85, 0xA6, 0xA1, 0x8E, 0x71, 0x2F, 0x1F, 0xF2, 0xA8, 0xB2, 0xE7, 0xD8, 0x1E,
    0x73, 0x8C, 0x33, 0x47, 0xFE, 0x2E, 0xC7, 0xB4, 0x78, 0x0F, 0xC7, 0xBD, 0xB3, 0x1C, 0xE5, 0x8A,
    0xC5, 0xDB, 0x2B, 0x5D, 0x39, 0xBE, 0xBA, 0x2D, 0xC7, 0x58, 0xE7, 0xAB, 0x65, 0xFB, 0x41, 0x7F,
    0xB5, 0x75, 0x04, 0x23, 0x7C, 0x13, 0x50, 0xC7, 0x5B, 0x31, 0xD6, 0xF1, 0xA3, 0x18, 0xF3, 0x9D,
    0xBA, 0x49, 0xC3, 0x92, 0x30, 0xB1, 0xFC, 0xFE, 0x86, 0xFA, 0xFE, 0x48, 0xF9, 0x93, 0x81, 0x22,
    0x7A, 0xB2, 0x68, 0x49, 0x02, 0xCE, 0x8A, 0x24, 0x1A, 0xAA, 0x03, 0xEF, 0xE2, 0xF4, 0x56, 0xFC,
    0xEC, 0x61, 0x2B, 0x2E, 0xDA, 0x33, 0x5B, 0xF1, 0x32, 0x9E, 0x8F, 0xA6, 0x8E, 0x22, 0x94, 0x9B,
    0x74, 0x92, 0x4F, 0xD9, 0x46, 0x36, 0x65, 0xA3, 0x74, 0x5B, 0x0C, 0xEC, 0x66, 0xCA, 0xEE, 0xA1,
    0x5D, 0x2F, 0x34, 0xD4, 0x1D, 0xAA, 0x1D, 0xCA, 0x09, 0xC5, 0x06, 0xF9, 0x1A, 0xD9, 0xB8, 0x8F,
    0x61, 0x55, 0xCB, 0xB7, 0x03, 0xCB, 0x09, 0xF5, 0x0A, 0xAE, 0x7C, 0xC5, 0xFE, 0x4D, 0x40, 0x1D,
    0xFB, 0xD7, 0x01, 0x1E, 0xFB, 0x2C, 0x00, 0xD4, 0xB3, 0xF1, 0x0F, 0xA5, 0x98, 0x44, 0x93, 0x4D,
    0x66, 0xF7, 0xD3, 0x83, 0xFB, 0x5F, 0xFF, 0xE8, 0xEE, 0x6F, 0x9E, 0x95, 0xC5, 0x5D, 0x59, 0x4C,
    0xD2, 0xFB, 0x6B, 0x00, 0xB1, 0xAD, 0xB6, 0xDD, 0x54, 0x4D, 0xD5, 0x58, 0xCC, 0x6B, 0x73, 0x38,
    0xD6, 0x3E, 0x5F, 0x2F, 0xFA, 0x6C, 0xAA, 0x9B, 0x64, 0xAA, 0xD9, 0x1E, 0x71, 0x6F, 0x62, 0xB9,
    0xA1, 0x5E, 0x53, 0xED, 0x3D, 0x2F, 0xFB, 0x13, 0xC8, 0xEE, 0xF4, 0xFC, 0xFD, 0x5F, 0x9C, 0x94,
    0x01, 0x84, 0x5C, 0x57, 0x14, 0x86, 0xBF, 0x37, 0x37, 0xCD, 0x44, 0x5F, 0x36, 0x77, 0xA1, 0xA8,
    0x6C, 0x7B, 0x03, 0x28, 0xDA, 0x7D, 0x5B, 0xB6, 0x5A, 0xEC, 0xEC, 0xBD, 0xA0, 0x8B, 0x6D, 0xA5,
    0x48, 0x81, 0x02, 0x80, 0x40, 0x57, 0x15, 0x8B, 0x9D, 0xCE, 0x63, 0x11, 0x04, 0x0A, 0x00, 0x88,
    0x2A, 0x08, 0x34, 0x58, 0x04, 0x9B, 0x9D, 0x9B, 0x2C, 0x02, 0xE8, 0x4B, 0x17, 0x00, 0x5E, 0x22,
    0xA0, 0xE0, 0x6A, 0x07, 0xD3, 0xF6, 0xBE, 0x39, 0xBD, 0x6F, 0xF6, 0x2D, 0x53, 0x49, 0x9A, 0x6E,
    0xCF, 0x39, 0xEF, 0xBF, 0xE7, 0xFC, 0x73, 0xCF, 0xF9, 0xE1, 0x9E, 0xF1, 0x2F, 0x33, 0xF8, 0xA1,
    0x5C, 0x65, 0x95, 0x9F, 0xCA, 0xCF, 0xDC, 0x65, 0x5E, 0xE7, 0x99, 0x87, 0x1D, 0x58, 0x41, 0x04,
    0xBF, 0x84, 0x5F, 0xC7, 0x57, 0x78, 0xCE, 0x1D, 0xCA, 0x2D, 0xB1, 0x8E, 0xC8, 0x8E, 0x5A, 0x51,
    0x7D, 0xC5, 0x6B, 0xFD, 0xE6, 0x5D, 0x11, 0x99, 0x9D, 0xE2, 0xDD, 0xBB, 0xED, 0x91, 0x2C, 0x25,
    0x65, 0x3A, 0x7C, 0xFB, 0xA5, 0xBC, 0x2B, 0x3B, 0xE6, 0x95, 0x64, 0xB4, 0xE7, 0xF7, 0x45, 0x25,
    0x80, 0xC5, 0x5A, 0x53, 0x30, 0xE0, 0x90, 0x48, 0x83, 0x30, 0xC4, 0x38, 0xEB, 0x8D, 0xD7, 0x5E,
    0x97, 0x86, 0x4D, 0x36, 0x5E, 0xA8, 0x87, 0x08, 0x0D, 0x91, 0x43, 0x06, 0x14, 0x68, 0xB4, 0xF2,
    0x45, 0xEE, 0x07, 0xDA, 0x1D, 0x16, 0x44, 0x4B, 0x63, 0x9D, 0x58, 0x3F, 0x34, 0xCE, 0x6C, 0x55,
    0xF6, 0xE7, 0x60, 0x1E, 0x07, 0x7D, 0x1C, 0xF4, 0x7E, 0x6D, 0xFA, 0x7E, 0x53, 0x97, 0x1B, 0x57,
    0x78, 0x15, 0x9F, 0x5A, 0x52, 0x63, 0x6A, 0x8F, 0x96, 0x34, 0x2A, 0x0D, 0x4C, 0x63, 0xD3, 0x70,
    0x6E, 0x90, 0x35, 0x64, 0x11, 0xE6, 0x31, 0x9B, 0x45, 0x91, 0x98, 0xD0, 0xC5, 0x0B, 0x44, 0x5E,
    0x1E, 0x37, 0x38, 0xED, 0xE2, 0x85, 0x2E, 0xEE, 0x2F, 0x5C, 0xBB, 0xBF, 0xC0, 0x77, 0xE4, 0xBC,
    0xEB, 0x06, 0x45, 0x39, 0xAE, 0x25, 0x48, 0x18, 0xD7, 0x45, 0x09, 0x53, 0xC4, 0xC9, 0x44, 0x44,
    0x66, 0x09, 0xDD, 0x04, 0x18, 0x22, 0x48, 0xC2, 0x61, 0xBF, 0x12, 0x1D, 0x52, 0xA4, 0x64, 0x88,
    0x71, 0xA9, 0xC4, 0xFA, 0xC4, 0xCC, 0xB1, 0x65, 0xF2, 0xEA, 0xEC, 0x2E, 0x15, 0xEB, 0x5C, 0xAE,
    0xC4, 0x2F, 0xF9, 0x75, 0x7F, 0xC7, 0x3B, 0xCF, 0xBF, 0x7B, 0x9F, 0x15, 0xD6, 0x90, 0x7E, 0xFB,
    0xC6, 0xDE, 0x54, 0x99, 0xE2, 0x35, 0xAE, 0xD0, 0xFE, 0xE3, 0x9D, 0x93, 0x95, 0xFD, 0x4B, 0x8A,
    0xFF, 0xE4, 0x2B, 0xF0, 0x18, 0x3E, 0xF4, 0x12, 0x77, 0xFC, 0x7A, 0xE5, 0x4F, 0xDC, 0xF1, 0xE7,
    0x3C, 0xFC, 0x1F, 0xBB, 0xF0, 0x15, 0x4B, 0x3B, 0x7C, 0xE4, 0x39, 0x91, 0xF0, 0x8D, 0x5F, 0x5B,
    0xB9, 0xB3, 0xD6, 0x7F, 0x6F, 0x8D, 0x0B, 0x6B, 0x70, 0xDE, 0xE8, 0x2C, 0xFB, 0x82, 0xBE, 0x03,
    0x30, 0x33, 0xB4, 0x07, 0xB0, 0x63, 0x67, 0xE6, 0xCC, 0x03, 0x5D, 0x5A, 0x00, 0xA2, 0xF6, 0x7B,
    0x67, 0xC9, 0xB4, 0x4B, 0x1E, 0x85, 0x2E, 0xD9, 0xAF, 0x99, 0x5F, 0x2E, 0xB6, 0x1F, 0xCE, 0x30,
    0x53, 0xEC, 0x4C, 0x6F, 0x8B, 0x1F, 0x09, 0xF9, 0xB4, 0x30, 0xB7, 0xEB, 0x68, 0x1D, 0x0C, 0x0B,
    0xF5, 0xDB, 0x44, 0x97, 0x10, 0xAD, 0xFA, 0x3D, 0x68, 0x4F, 0x16, 0xBA, 0x44, 0xD5, 0xF3, 0xA4,
    0x24, 0xF7, 0x56, 0x3D, 0x0B, 0xA6, 0x44, 0x97, 0xC5, 0xED, 0x27, 0xD1, 0x42, 0x81, 0x96, 0x72,
    0xDC, 0xC0, 0x26, 0xBD, 0x86, 0xE2, 0x39, 0x5C, 0xE2, 0xCC, 0xFA, 0x4E, 0x57, 0xA6, 0x2A, 0xBC,
    0x75, 0x47, 0x44, 0x0E, 0xCE, 0xC8, 0x5A, 0x3F, 0x89, 0xE6, 0x24, 0x16, 0xC7, 0x13, 0xBB, 0x1D,
    0x8E, 0xB4, 0x8F, 0xA6, 0x3C, 0xB8, 0xB2, 0xD0, 0x54, 0x7F, 0x80, 0x7E, 0x34, 0xB5, 0xCE, 0x1C,
    0x4F, 0x47, 0xAE, 0x78, 0x1C, 0x04, 0xAB, 0x9F, 0x36, 0x1C, 0xA5, 0x9A, 0x58, 0x6C, 0x05, 0xEE,
    0xBD, 0xAB, 0x3C, 0x9D, 0xBD, 0x4F, 0x83, 0x30, 0xC2, 0x96, 0xDA, 0xE7, 0x55, 0xCF, 0x9F, 0x92,
    0xB9, 0x6B, 0x8C, 0x17, 0x53, 0x8D, 0x74, 0x6D, 0x6F, 0x85, 0x34, 0x2D, 0xAF, 0x62, 0xCF, 0xEF,
    0xD2, 0xD9, 0x46, 0x9E, 0x05, 0x9A, 0x62, 0x3F, 0x30, 0x6B, 0x87, 0x8E, 0xF4, 0xB3, 0x88, 0xBD,
    0x1D, 0x66, 0x98, 0xE3, 0xC9, 0x88, 0xBC, 0x9A, 0x16, 0x4E, 0xF9, 0x6F, 0x35, 0x9C, 0xD9, 0x3D,
    0x7A, 0x91, 0xBE, 0x60, 0xAE, 0xFB, 0xA1, 0x0A, 0xDC, 0x53, 0x21, 0xCD, 0x2E, 0xA5, 0x55, 0x2E,
    0x4D, 0x95, 0x98, 0xB0, 0x81, 0xC5, 0x54, 0xF9, 0x44, 0x45, 0x15, 0xF3, 0x89, 0xA9, 0x2C, 0x9F,
    0xB0, 0x0C, 0xCB, 0xBB, 0x17, 0xDD, 0xC1, 0x40, 0x3F, 0x0C, 0x7A, 0xFB, 0x96, 0x57, 0x5E, 0x93,
    0x85, 0x01, 0xEC, 0x4D, 0x58, 0x35, 0xBF, 0xD4, 0x36, 0xED, 0xFB, 0xDB, 0xC5, 0xD3, 0xEF, 0xD9,
    0x3D, 0x98, 0xF3, 0xED, 0xEF, 0xFA, 0xD3, 0x2D, 0xBF, 0xAA, 0x1F, 0xD5, 0xBB, 0x79, 0x79, 0x70,
    0xAD, 0x7B, 0x02, 0x9B, 0x4C, 0x67, 0x6A, 0xDA, 0xA8, 0x49, 0x8A, 0xA8, 0xC2, 0x8B, 0x71, 0xD8,
    0x6B, 0x63, 0x2F, 0x0B, 0xCB, 0x38, 0x60, 0x98, 0x4D, 0x44, 0xC5, 0x14, 0x29, 0x59, 0xFC, 0x5F,
    0xBB, 0x79, 0x47, 0x82, 0xD4, 0xCC, 0x4D, 0x39, 0xE8, 0x57, 0xA0, 0x3D, 0x18, 0x07, 0x16, 0xD8,
    0x03, 0xA6, 0x90, 0x05, 0x50, 0x35, 0xF4, 0x3D, 0x68, 0x07, 0x05, 0x30, 0x00, 0x0E, 0x21, 0x9B,
    0x80, 0x0A, 0xFF, 0xEC, 0x2C, 0x80, 0x37, 0xDA, 0xCF, 0xF1, 0x16, 0xD8, 0x29, 0x49, 0x62, 0x24,
    0x99, 0x44, 0x36, 0xC7, 0xFE, 0x4F, 0x81, 0xBC, 0xA2, 0x70, 0x6D, 0x9B, 0xF6, 0x1D, 0x5E, 0x0D,
    0x7C, 0xED, 0x2F, 0x4A, 0x7D, 0x55, 0x4A, 0x2D, 0xA5, 0x9D, 0xA1, 0xFF, 0xC0, 0x3E, 0x47, 0x97,
    0x6C, 0x42, 0x5E, 0xB2, 0x0A, 0x19, 0x5C, 0xA0, 0xB3, 0xA4, 0x96, 0x84, 0x74, 0xC0, 0xFA, 0x0E,
    0x4F, 0x19, 0x40, 0xBB, 0x24, 0x6B, 0xCB, 0xA4, 0x6A, 0xDD, 0x48, 0x12, 0x24, 0x4D, 0xDB, 0x4A,
    0x26, 0x50, 0xE1, 0x0C, 0xAE, 0x26, 0x48, 0x72, 0x96, 0x56, 0xAD, 0x15, 0x2B, 0x5A, 0xAD, 0xA2,
    0x95, 0x32, 0x73, 0xA5, 0x05, 0x9D, 0xB9, 0xC0, 0x1C, 0xE6, 0xE5, 0x00, 0x60, 0xC6, 0x97, 0xD0,
    0x28, 0xA9, 0x68, 0xFA, 0x12, 0x89, 0xEA, 0xD7, 0x19, 0x11, 0xAC, 0x4B, 0xA0, 0xCB, 0x16, 0x7C,
    0x82, 0x51, 0xCA, 0x0A, 0x49, 0x9C, 0x34, 0x1C, 0x22, 0x55, 0x82, 0x29, 0xEC, 0x71, 0x1F, 0x96,
    0x93, 0x9F, 0xDA, 0x30, 0x39, 0x82, 0x74, 0x30, 0x2F, 0x7B, 0x3F, 0x72, 0xCD, 0x88, 0x9B, 0x58,
    0xF9, 0x6B, 0xF2, 0x20, 0x97, 0x7A, 0x9D, 0xB1, 0x63, 0x71, 0x21, 0xDE, 0x51, 0xA5, 0x4E, 0xDB,
    0xB6, 0x15, 0xD2, 0xDA, 0x8C, 0xAE, 0x87, 0xB4, 0x39, 0x63, 0x5D, 0xA5, 0xE5, 0x69, 0x0A, 0x7F,
    0xD4, 0xAE, 0x0A, 0xD1, 0xEC, 0x87, 0xEF, 0x38, 0xB8, 0xD2, 0xAB, 0xFE, 0x9E, 0x05, 0x54, 0x17,
    0x00, 0xD5, 0x90, 0x01, 0xE6, 0x1B, 0x41, 0x14, 0xC6, 0x7F, 0xC9, 0x4A, 0x83, 0xC5, 0x00, 0x2D,
    0x82, 0xE9, 0x0D, 0xE6, 0x04, 0xCD, 0xDB, 0x9B, 0xE4, 0x22, 0x8D, 0x99, 0x1B, 0xB4, 0x37, 0xC8,
    0x15, 0x7A, 0x81, 0x76, 0x1F, 0xB9, 0x40, 0x80, 0x02, 0xBA, 0x28, 0x50, 0x58, 0x2C, 0x36, 0xEC,
    0xCC, 0xEB, 0x64, 0x25, 0xA0, 0x50, 0x80, 0x3F, 0x3F, 0x7C, 0x1E, 0xEF, 0xFB, 0xF8, 0xBD, 0x2B,
    0x78, 0x53, 0x39, 0x0D, 0xDF, 0x9B, 0x71, 0x79, 0x91, 0xF7, 0x43, 0x7F, 0xBA, 0x89, 0xA5, 0xF6,
    0x0E, 0x74, 0x38, 0x45, 0x14, 0xD3, 0xED, 0x2F, 0x6D, 0xBF, 0xA8, 0x77, 0xFA, 0xC9, 0x69, 0xB4,
    0x59, 0x6C, 0xC6, 0x69, 0x25, 0x18, 0x62, 0x1C, 0xE1, 0xD8, 0x21, 0x33, 0xEF, 0x0B, 0xC8, 0x83,
    0x5D, 0xC1, 0x16, 0xFA, 0xAF, 0x10, 0xBB, 0xFD, 0xBD, 0xF3, 0x09, 0xC9, 0xF4, 0xD6, 0xE5, 0xA0,
    0x8B, 0xD3, 0xEC, 0xB4, 0x0F, 0x49, 0x8C, 0x76, 0xC6, 0xAC, 0xAB, 0x4C, 0xC2, 0xB7, 0xCF, 0x30,
    0xD1, 0x8C, 0xEC, 0x6F, 0x38, 0xC5, 0x27, 0x7C, 0xDD, 0x87, 0x36, 0x13, 0x2D, 0x95, 0xF5, 0xF1,
    0x18, 0x70, 0x85, 0xB3, 0x4F, 0x35, 0xD7, 0x4B, 0x2D, 0xF4, 0xF3, 0xA3, 0x24, 0x1A, 0x25, 0xA4,
    0x67, 0xB3, 0xA9, 0xB7, 0x44, 0xE4, 0x43, 0xC6, 0x26, 0x24, 0x11, 0x2E, 0x29, 0xDA, 0xE0, 0x7E,
    0x8E, 0xEE, 0xFA, 0xC4, 0x5F, 0xA7, 0xF8, 0x67, 0xF9, 0x0F, 0x03, 0x6C, 0x47, 0xE2, 0x4A, 0xF3,
    0x0F, 0xC1, 0x88, 0xC6, 0x36, 0x53, 0xE7, 0xE4, 0xA2, 0xE2, 0x74, 0xE7, 0x13, 0x02, 0x99, 0x66,
    0xC2, 0xDF, 0x10, 0x1B, 0x83, 0x0D, 0x6D, 0xA9, 0x41, 0xCF, 0x5E, 0x3F, 0xBA, 0xB4, 0xF9, 0x41,
    0x6B, 0x6C, 0xFC, 0x43, 0xDD, 0xA6, 0x4F, 0xD1, 0x90, 0xDF, 0xAB, 0x67, 0xFF, 0xC6, 0x3C, 0x17,
    0xAF, 0xD1, 0xF4, 0xB0, 0x7A, 0x3E, 0xBC, 0x3C, 0xFF, 0x05, 0x35, 0x8F, 0x01, 0x66, 0xC4, 0x40,
    0x14, 0x86, 0xBF, 0xD9, 0x41, 0xB0, 0xC8, 0x01, 0x8A, 0x9C, 0xA0, 0x9D, 0x13, 0xD4, 0x0B, 0x00,
    0x85, 0xDE, 0xA4, 0x47, 0xC8, 0x9E, 0xA7, 0x3D, 0x41, 0xC1, 0x0E, 0xBD, 0x40, 0x8E, 0xD0, 0x56,
    0x41, 0xA1, 0x83, 0x22, 0xAD, 0x64, 0xFE, 0xE6, 0x35, 0x59, 0x7C, 0xE3, 0x7B, 0xE3, 0x99, 0xF1,
    0x99, 0x54, 0x9C, 0xA6, 0x3E, 0x95, 0x38, 0x73, 0xA1, 0x5F, 0x21, 0xD6, 0xC7, 0x53, 0x94, 0xB2,
    0xE3, 0xB3, 0x63, 0x2A, 0x8E, 0x3B, 0x71, 0x81, 0xB4, 0xCF, 0x1C, 0x2A, 0x74, 0x1A, 0xB1, 0xAF,
    0xC2, 0xB9, 0x29, 0x2C, 0xF1, 0x35, 0xCC, 0x81, 0x30, 0xFB, 0x4E, 0x5D, 0x99, 0x89, 0x13, 0x98,
    0x66, 0x06, 0x4D, 0xC4, 0x02, 0xCD, 0xCA, 0x71, 0xE4, 0x5E, 0x52, 0x71, 0x4C, 0x1A, 0xAF, 0x34,
    0x01, 0x80, 0x49, 0xA7, 0x7F, 0x49, 0x55, 0x23, 0xE0, 0xDF, 0xA7, 0xB2, 0x4B, 0x5B, 0x9A, 0xBC,
    0x4B, 0x7B, 0x91, 0xEE, 0xF3, 0xF0, 0xEC, 0x3B, 0xEF, 0x52, 0xAB, 0x1C, 0xAB, 0x5E, 0x54, 0xED,
    0xCE, 0x03, 0xB0, 0x6C, 0x4D, 0x1F, 0xF5, 0xED, 0xF2, 0xB6, 0x65, 0xE4, 0x6E, 0xD9, 0xA5, 0x51,
    0xBF, 0x09, 0x43, 0xDE, 0xE4, 0xBA, 0xCD, 0xC7, 0xDA, 0x63, 0xBF, 0xB7, 0x6D, 0x36, 0x65, 0x92,
    0x4C, 0xFD, 0xB0, 0xCA, 0x71, 0x4A, 0x13, 0xF0, 0xF0, 0x03, 0x51, 0xF2, 0xDE, 0x33, 0xD8, 0x98,
    0x40, 0xFD, 0x0D, 0xA1, 0xE2, 0x57, 0x82, 0x24, 0xE1, 0xAF, 0xEF, 0x87, 0x69, 0xD9, 0xC2, 0x39,
    0x54, 0x20, 0x08, 0x40, 0x39, 0xC0, 0x50, 0x05, 0x9D, 0x2A, 0x84, 0xF3, 0x07, 0x7F, 0x85, 0x91,
    0x81, 0x66, 0x1D, 0x4D, 0x14, 0xC7, 0x7F, 0x77, 0xE7, 0xE6, 0xDB, 0xB0, 0x7C, 0x53, 0x04, 0x0A,
    0x9D, 0x22, 0xA8, 0xD2, 0x2C, 0x04, 0x45, 0x9B, 0xD9, 0x47, 0xB8, 0xCF, 0xD1, 0x27, 0x28, 0x24,
    0xBB, 0x8F, 0x90, 0x47, 0x28, 0x0A, 0x6E, 0xA1, 0x0F, 0x70, 0xD3, 0xBB, 0x8F, 0xB0, 0x8F, 0xB0,
    0x8F, 0x70, 0x52, 0xA3, 0xDD, 0x36, 0x73, 0x73, 0x9A, 0x63, 0x93, 0x84, 0x4A, 0xE5, 0x6F, 0xFE,
    0xBF, 0x3D, 0xE7, 0xCC, 0xCE, 0x39, 0xC3, 0x80, 0xE9, 0xD8, 0x90, 0x01, 0x97, 0x00, 0xDF, 0x03,
    0xB5, 0xAA, 0x12, 0x0D, 0x16, 0x51, 0x0D, 0x40, 0x31, 0x01, 0x6C, 0x0C, 0x2F, 0xB9, 0xD3, 0x73,
    0xA0, 0x6D, 0x58, 0xE8, 0x40, 0xA5, 0x89, 0xBA, 0xBD, 0xE0, 0x28, 0x9E, 0xB0, 0x1F, 0xF7, 0x21,
    0xF2, 0xB4, 0x67, 0x95, 0x86, 0xD0, 0x5B, 0x24, 0x00, 0xD9, 0x66, 0x5F, 0x1B, 0x74, 0x8E, 0x60,
    0x31, 0x01, 0xD5, 0x08, 0xF8, 0x0E, 0xF8, 0x8F, 0x5B, 0xBD, 0x7E, 0x7A, 0xC8, 0x32, 0x2E, 0x79,
    0x11, 0xDF, 0x10, 0xDB, 0x33, 0xBC, 0x4E, 0x14, 0x3A, 0xC2, 0xB6, 0x83, 0x23, 0xE0, 0xBC, 0xA0,
    0x48, 0xBE, 0x2F, 0xC7, 0x52, 0x42, 0x43, 0x6E, 0x55, 0x75, 0x7B, 0xE3, 0xB8, 0x5E, 0xEF, 0x7C,
    0x5F, 0x24, 0x97, 0xFC, 0x80, 0x94, 0x0D, 0xA6, 0x84, 0xDB, 0xE1, 0xB5, 0x89, 0x3A, 0x6C, 0x7E,
    0xCB, 0xF1, 0x34, 0x30, 0x71, 0xBF, 0x0E, 0xA7, 0xF3, 0xCD, 0x2F, 0x39, 0xB9, 0x1A, 0xBD, 0x76,
    0xEE, 0xDA, 0x2A, 0xA6, 0x25, 0x10, 0x01, 0xED, 0x71, 0x2A, 0x04, 0xCD, 0x84, 0xF8, 0x8E, 0xBD,
    0xF8, 0x0C, 0x22, 0xE6, 0x9B, 0xF8, 0x90, 0xD0, 0x9E, 0xE2, 0x35, 0xE3, 0x1E, 0xAE, 0x46, 0x54,
    0xBD, 0xB7, 0x89, 0xFC, 0xF7, 0xFA, 0x94, 0x8B, 0x29, 0x57, 0x63, 0xAE, 0x9B, 0xBC, 0xD5, 0xAC,
    0x9A, 0xE3, 0xFA, 0xB3, 0xEF, 0x29, 0x13, 0x8B, 0x04, 0xAB, 0x47, 0xCF, 0x90, 0x5F, 0x91, 0xBF,
    0x91, 0xEB, 0x2E, 0x97, 0xA3, 0xEA, 0xA4, 0x9A, 0x3F, 0x7C, 0x11, 0x7C, 0x6F, 0xCF, 0x78, 0x0A,
    0x07, 0xCC, 0x72, 0x62, 0xE6, 0xAB, 0x93, 0x62, 0x72, 0x52, 0x8D, 0x4E, 0xEA, 0xC6, 0x49, 0xAB,
    0x2A, 0xDB, 0x1B, 0xC7, 0xF5, 0xFA, 0xDC, 0xF7, 0xE0, 0x12, 0x60, 0x5E, 0x01, 0x4B, 0x80, 0x60,
    0x38, 0xBB, 0x7B, 0xB0, 0x52, 0x55, 0x09, 0x86, 0xF7, 0xC0, 0x0C, 0x4B, 0xE7, 0x8D, 0x22, 0xB1,
    0x07, 0x17, 0x00, 0xB5, 0x61, 0x9F, 0xDB, 0x2E, 0x75, 0x03, 0xDB, 0x81, 0xE2, 0x72, 0xA2, 0x92,
    0x6B, 0x6A, 0xD1, 0xEE, 0x42, 0x7E, 0x0E, 0xC7, 0x72, 0xD9, 0x23, 0xC2, 0x63, 0x5E, 0xDC, 0x7A,
    0xD6, 0xF2, 0x7E, 0x9A, 0xB5, 0xA2, 0x1A, 0x88, 0xAA, 0xC9, 0xB0, 0x03, 0x08, 0x33, 0x2C, 0x9D,
    0x37, 0x0E, 0x28, 0x47, 0x2B, 0x75, 0xC0, 0xC9, 0xDD, 0x55, 0x56, 0xAB, 0x87, 0xAE, 0xFF, 0xF0,
    0x47, 0xF9, 0xDE, 0x9F, 0xC9, 0xD5, 0x10, 0x44, 0x9B, 0x52, 0x76, 0x2C, 0x7E, 0x24, 0x68, 0x7B,
    0x08, 0x3C, 0xE8, 0xED, 0xFF, 0x90, 0x43, 0xE3, 0xA4, 0x1C, 0xBC, 0x6A, 0xB2, 0xA9, 0x1B, 0x08,
    0xF6, 0xB5, 0xDC, 0xEA, 0xE4, 0xD0, 0xD9, 0x7F, 0xA6, 0x3F, 0xBD, 0x96, 0x21, 0x74, 0xE6, 0x58,
    0x15, 0xC7, 0x7F, 0x49, 0x98, 0x46, 0x44, 0x04, 0xB1, 0x3D, 0x87, 0x73, 0x56, 0x3C, 0x83, 0x02,
    0x66, 0x9F, 0x59, 0x31, 0xA2, 0x9D, 0xF7, 0x00, 0x89, 0x60, 0xC4, 0xD4, 0x60, 0x30, 0x08, 0x0E,
    0x66, 0x10, 0x2B, 0x56, 0xF4, 0x6B, 0x72, 0x0E, 0x62, 0xED, 0x20, 0xF0, 0x58, 0x30, 0x63, 0x10,
    0x23, 0x3A, 0xCD, 0x43, 0x61, 0x03, 0x06, 0xB1, 0x26, 0x0E, 0x81, 0xD8, 0x27, 0x02, 0xA4, 0x25,
    0xC9, 0xE5, 0xDD, 0xCD, 0xC9, 0xA1, 0xED, 0x6C, 0x19, 0x0E, 0x2C, 0xDC, 0x2F, 0xF7, 0xD7, 0xF7,
    0xEE, 0xBD, 0xFF, 0x7F, 0x93, 0xF6, 0xFB, 0xF2, 0xE5, 0xD8, 0x93, 0x3D, 0xB3, 0x03, 0xD5, 0x60,
    0x22, 0x75, 0xA8, 0x47, 0x4C, 0xA8, 0x26, 0x9C, 0x2F, 0x97, 0xB3, 0x86, 0x42, 0x64, 0x25, 0x17,
    0x99, 0x41, 0x98, 0x40, 0xBE, 0x33, 0x42, 0xF3, 0xB3, 0x08, 0xEE, 0x77, 0x3D, 0xD8, 0x4F, 0x03,
    0x98, 0xCF, 0x5A, 0xA8, 0x05, 0xA8, 0x14, 0xC5, 0xA2, 0x98, 0x80, 0xCC, 0xB3, 0x45, 0x33, 0x52,
    0xC8, 0x42, 0xD1, 0x0A, 0xE0, 0x5A, 0xB0, 0x41, 0x13, 0x2B, 0x21, 0x13, 0x09, 0xE5, 0xD8, 0x84,
    0x3A, 0xD8, 0x60, 0x5B, 0xD7, 0x3A, 0x9F, 0x5E, 0x38, 0x1A, 0x7D, 0xB1, 0xD0, 0x64, 0x33, 0xEE,
    0xD3, 0x88, 0x95, 0x9E, 0x6A, 0x05, 0x00, 0x91, 0x55, 0x44, 0xBA, 0x55, 0xE0, 0x9F, 0x47, 0x23,
    0x7A, 0xFC, 0xE4, 0xD7, 0x77, 0x8A, 0x3A, 0xA8, 0xB1, 0x09, 0xC9, 0xAF, 0xFC, 0x47, 0x58, 0xB9,
    0x1E, 0xB3, 0x54, 0xEB, 0x8B, 0x95, 0x2E, 0xD4, 0x11, 0xD7, 0x9B, 0x1E, 0x19, 0x6C, 0x28, 0xFE,
    0x1C, 0x5D, 0x5B, 0x7F, 0x12, 0x9D, 0x77, 0x45, 0xC2, 0x65, 0x42, 0x1E, 0xCB, 0xE8, 0xBE, 0x17,
    0xAA, 0xE8, 0x5E, 0x51, 0x0F, 0x76, 0xC6, 0xF4, 0xAA, 0x08, 0xD5, 0x94, 0x0B, 0x46, 0x64, 0xE1,
    0xD0, 0x49, 0xE4, 0xA3, 0xA3, 0x1B, 0xD8, 0x22, 0xFB, 0x25, 0x54, 0x13, 0xD4, 0x33, 0x98, 0x94,
    0x6E, 0x85, 0x83, 0xC0, 0xDC, 0x79, 0xA6, 0xA6, 0xCD, 0xA3, 0x0B, 0x45, 0xB4, 0x7D, 0xD9, 0x9B,
    0x58, 0x87, 0x3A, 0x9A, 0xB6, 0x9A, 0xAC, 0x2F, 0x67, 0x47, 0xB1, 0x5C, 0x91, 0xAF, 0x22, 0x5B,
    0x1C, 0x9F, 0x9D, 0x3D, 0xD7, 0x13, 0xD7, 0xEC, 0x02, 0xB3, 0x0B, 0xD9, 0xEC, 0xFA, 0x7C, 0x34,
    0x43, 0x11, 0xEB, 0x58, 0x0E, 0xD5, 0x58, 0x87, 0x72, 0xAA, 0xDB, 0x62, 0xB6, 0x3E, 0x5F, 0x1C,
    0xAC, 0x07, 0x90, 0x4B, 0x68, 0x26, 0x70, 0x11, 0x6C, 0x4A, 0x13, 0xE0, 0x11, 0xF0, 0xBE, 0x48,
    0x9B, 0x49, 0x42, 0xA5, 0xD0, 0x0E, 0x2E, 0x00, 0x1D, 0x80, 0xA0, 0xD0, 0x86, 0xEC, 0xF0, 0x02,
    0xDA, 0xDD, 0xE7, 0x54, 0x41, 0xA5, 0xDD, 0x5C, 0x81, 0xFA, 0x01, 0x33, 0x90, 0x4D, 0x9B, 0x7D,
    0x7E, 0xCB, 0xBE, 0x0E, 0xB8, 0x60, 0x02, 0x1D, 0xD6, 0x23, 0xB8, 0xB7, 0xED, 0xF3, 0x09, 0xBA,
    0x22, 0x82, 0xFB, 0x24, 0xC1, 0xFE, 0xBD, 0xBF, 0x63, 0xEF, 0x44, 0x01, 0x70, 0xC1, 0x1E, 0xDF,
    0x4C, 0xB5, 0x42, 0xBB, 0xB5, 0xC2, 0x0D, 0x40, 0xE3, 0x1F, 0x38, 0xFB, 0x8E, 0xBD, 0xAB, 0x73,
    0xD4, 0xB2, 0x6B, 0x51, 0x97, 0x4E, 0xAE, 0xA1, 0x13, 0xE9, 0x15, 0x13, 0x50, 0xAC, 0xEC, 0x46,
    0xAE, 0x55, 0x84, 0xD4, 0x90, 0x0D, 0x8D, 0x02, 0xAD, 0xED, 0x5D, 0xD9, 0x14, 0xAA, 0x55, 0x0C,
    0xA8, 0x1F, 0xB5, 0xF6, 0xAB, 0x1E, 0xB8, 0x6F, 0x3F, 0xAB, 0xFD, 0x82, 0xC0, 0x85, 0x1A, 0xB8,
    0x2F, 0xB0, 0xAF, 0x06, 0x17, 0x28, 0xA2, 0x6B, 0x13, 0x3A, 0xC8, 0x6E, 0xEE, 0xDA, 0x0B, 0x80,
    0x53, 0x58, 0xAF, 0x54, 0xFB, 0x1B, 0x85, 0x44, 0xC5, 0x0C, 0xE4, 0x02, 0xFB, 0x25, 0xB7, 0xF7,
    0xED, 0xB5, 0xB6, 0x75, 0x75, 0x4E, 0x15, 0xBB, 0xF6, 0x06, 0x8E, 0xCF, 0x52, 0xE0, 0x24, 0x05,
    0x36, 0x61, 0xA1, 0x98, 0xA9, 0xE3, 0xFF, 0x90, 0xE5, 0x82, 0x19, 0x71, 0xD2, 0x8B, 0x78, 0x27,
    0xBF, 0x17, 0xE1, 0x51, 0x7A, 0xAF, 0x1B, 0x91, 0xD9, 0xA6, 0x34, 0x91, 0x37, 0xD5, 0xC4, 0x69,
    0xB1, 0x70, 0x92, 0x09, 0xD0, 0xB5, 0xE0, 0x7A, 0x48, 0x0D, 0xAA, 0x11, 0x8A, 0x11, 0x75, 0xC1,
    0x86, 0xED, 0x92, 0x56, 0x28, 0x26, 0x4C, 0x15, 0x71, 0x26, 0xD0, 0x38, 0x91, 0x35, 0xE5, 0xA2,
    0x5E, 0x00, 0xC9, 0x3A, 0xAD, 0x74, 0x83, 0x03, 0xAE, 0x80, 0x05, 0xB2, 0x79, 0x33, 0x2A, 0xD5,
    0x74, 0x80, 0x3A, 0x80, 0x6D, 0xB7, 0x91, 0xE6, 0xD6, 0xC8, 0x94, 0xF2, 0xF6, 0x48, 0x4A, 0xE7,
    0x01, 0xF4, 0xA7, 0x4A, 0xB4, 0xAE, 0x7D, 0xB5, 0x52, 0x4B, 0xD5, 0x6D, 0x7A, 0x3A, 0xC0, 0xB1,
    0x0F, 0xA5, 0xBC, 0x3F, 0xA4, 0x79, 0xC5, 0x36, 0x04, 0x9C, 0xEB, 0xF1, 0xE4, 0xFC, 0x49, 0x77,
    0x98, 0xAD, 0x8C, 0x85, 0x7E, 0x9A, 0xFA, 0x46, 0xE6, 0xC3, 0xF9, 0xE5, 0x57, 0xCF, 0xDF, 0xD3,
    0xEE, 0x8F, 0x39, 0x5A, 0x30, 0xD2, 0x3A, 0x13, 0xCE, 0x8B, 0xFE, 0xB2, 0x18, 0x12, 0xDD, 0xF7,
    0x83, 0x15, 0x5F, 0x5E, 0x63, 0x7D, 0x13, 0x9A, 0xE0, 0x3C, 0x60, 0xFC, 0x6E, 0xFA, 0x54, 0x71,
    0x50, 0x5C, 0x2A, 0x26, 0x20, 0x1B, 0x81, 0x3C, 0x02, 0x45, 0xE4, 0x1B, 0x2F, 0x8B, 0x9E, 0x26,
    0x96, 0x21, 0xA1, 0x0A, 0x14, 0x63, 0xDD, 0x92, 0x4F, 0x06, 0xB2, 0xD9, 0x02, 0xB3, 0xEA, 0xDF,
    0x9C, 0x02, 0x17, 0xE7, 0x80, 0x53, 0xBD, 0x55, 0xBD, 0x89, 0xE8, 0xF5, 0xEC, 0x6F, 0xF9, 0x67,
    0xF8, 0x6A, 0x2E, 0x83, 0x11, 0xDB, 0xBA, 0x7A, 0xE1, 0xB4, 0x18, 0xD1, 0xD4, 0xB5, 0x15, 0xD7,
    0xD6, 0x73, 0x1D, 0xB2, 0x67, 0x99, 0xC7, 0x67, 0xBE, 0x9E, 0xEA, 0xD1, 0x2D, 0x6E, 0x7E, 0x6A,
    0xA7, 0xC3, 0x79, 0x35, 0x9C, 0x6A, 0x1E, 0xCC, 0x74, 0xEE, 0x96, 0x66, 0x36, 0xA3, 0x8D, 0x59,
    0x9A, 0x39, 0x06, 0x70, 0x5F, 0x0E, 0x44, 0xE4, 0x16, 0xF6, 0x78, 0xCC, 0xED, 0xDB, 0x47, 0x31,
    0x03, 0x55, 0x04, 0x6C, 0xAF, 0xF5, 0x16, 0x58, 0xDF, 0x59, 0x17, 0x91, 0xC9, 0x2A, 0x1A, 0x85,
    0x7B, 0x28, 0x66, 0xC7, 0x97, 0x75, 0x90, 0x3D, 0x03, 0x8A, 0x11, 0x28, 0x27, 0xA0, 0x9E, 0x01,
    0xB3, 0x02, 0xB6, 0x03, 0x9C, 0xF3, 0x70, 0x65, 0x02, 0x2C, 0x75, 0x20, 0x9B, 0xAB, 0x81, 0x62,
    0x2A, 0x23, 0x45, 0x4C, 0x92, 0x2A, 0xE6, 0x33, 0x75, 0xCF, 0x8C, 0x09, 0xAC, 0xB8, 0x96, 0x06,
    0x07, 0xCE, 0x77, 0x60, 0xC3, 0x7B, 0xF0, 0xC8, 0x37, 0x60, 0x5B, 0xE7, 0x71, 0xDE, 0xB6, 0x74,
    0x3A, 0xB7, 0x50, 0x0F, 0xD9, 0x4C, 0x19, 0xF3, 0x89, 0x62, 0x4C, 0x2E, 0xB9, 0xFA, 0x31, 0xD7,
    0xFD, 0xF6, 0x3B, 0x68, 0x6C, 0x0B, 0xAE, 0x01, 0xAC, 0x00, 0xF5, 0xA2, 0x98, 0xF7, 0xF3, 0x2B,
    0xA2, 0x36, 0x26, 0xF2, 0xED, 0xAE, 0x3D, 0x98, 0xA1, 0x1A, 0x6D, 0x9B, 0x4F, 0x0E, 0xE6, 0xFF,
    0x4B, 0xA6, 0xDF, 0x65, 0xFA, 0x6A, 0xAC, 0x45, 0x62, 0x21, 0x12, 0x78, 0x71, 0x0D, 0x1C, 0x43,
    0x2E, 0x81, 0x5A, 0x06, 0xCC, 0x1F, 0x7B, 0xDC, 0x6F, 0xC1, 0x85, 0xFF, 0x32, 0x5B, 0x9E, 0x38,
    0xCF, 0x2A, 0xD0, 0x2D, 0x60, 0x07, 0xA0, 0x4C, 0xA8, 0x47, 0x34, 0x75, 0xFD, 0x50, 0x58, 0xCF,
    0x9B, 0x26, 0x64, 0xA2, 0xE9, 0x3C, 0xCB, 0xFD, 0x3D, 0x0F, 0xC4, 0x3D, 0xFF, 0x5B, 0x1F, 0xFF,
    0x3D, 0xF6, 0x8A, 0xF5, 0x5C, 0xD0, 0x04, 0xC4, 0x2B, 0xBC, 0xD3, 0xED, 0xBF, 0x8E, 0x87, 0x14,
    0xE5, 0xC4, 0x4F, 0x9D, 0xFC, 0x7C, 0xBC, 0x7A, 0x21, 0xF1, 0xC3, 0xAC, 0x6B, 0xF7, 0xF9, 0xEC,
    0x57, 0x7C, 0xBD, 0x96, 0xFE, 0xD2, 0xBE, 0x92, 0xE9, 0x31, 0xDD, 0x7E, 0xB1, 0xE8, 0x23, 0x8C,
    0xDE, 0x86, 0x35, 0xF7, 0xDA, 0xBE, 0xD7, 0x5B, 0x7E, 0xF6, 0x32, 0xA3, 0x5E, 0xAA, 0xD6, 0xC9,
    0x67, 0xED, 0x53, 0x23, 0x7C, 0x2B, 0x9F, 0xC0, 0x43, 0x35, 0x95, 0xDE, 0x4A, 0xDD, 0xBA, 0x4E,
    0xFC, 0x49, 0xB5, 0xF2, 0x15, 0x7E, 0x04, 0xC0, 0xD3, 0x5F, 0xFC, 0x20, 0x3A, 0x91, 0x78, 0x24,
    0xAB, 0xDF, 0xFD, 0x74, 0xAD, 0x35, 0xED, 0xED, 0xB5, 0x3C, 0x50, 0x86, 0xED, 0xA6, 0x7F, 0x76,
    0xF5, 0x9C, 0x4B, 0xCE, 0xFE, 0xF2, 0x7C, 0xDB, 0xD6, 0x1E, 0xC3, 0x1E, 0x5D, 0x92, 0x69, 0xEE,
    0xFB, 0xF4, 0x3D, 0xF8, 0xEC, 0x7E, 0x6D, 0xDF, 0x1F, 0xA7, 0x1E, 0x7C, 0x8D, 0x6C, 0xC5, 0x5C,
    0x67, 0xD2, 0x9A, 0x09, 0x17, 0xB0, 0x23, 0xB9, 0xF8, 0xED, 0x07, 0x9C, 0x6E, 0x97, 0xEC, 0x44,
    0xD2, 0x01, 0x3C, 0x81, 0xAE, 0xBD, 0x35, 0x53, 0xCC, 0x98, 0x29, 0x69, 0xED, 0xA4, 0xF5, 0x0F,
    0xB9, 0xF7, 0xED, 0xB4, 0xC5, 0xC7, 0x54, 0x50, 0xCE, 0x74, 0xD0, 0x0C, 0xEF, 0x2F, 0x94, 0x6B,
    0x26, 0x2F, 0xD3, 0xB2, 0x9E, 0xA0, 0xF3, 0x66, 0x20, 0x39, 0x55, 0x0B, 0x94, 0xE2, 0xBB, 0x1E,
    0x9A, 0x6D, 0x33, 0x23, 0x5E, 0xB5, 0x86, 0xDB, 0xF1, 0x84, 0xCA, 0x83, 0x6B, 0xEB, 0x11, 0xCC,
    0x74, 0x24, 0x9E, 0xAC, 0xEB, 0xED, 0x08, 0xD5, 0xAC, 0xA7, 0x94, 0x2F, 0x34, 0x6D, 0x6A, 0x94,
    0x2B, 0x99, 0xB4, 0x4D, 0xD4, 0xA5, 0x78, 0x1A, 0x9D, 0xE7, 0x14, 0xD5, 0xFE, 0x3B, 0x4F, 0x1B,
    0x80, 0x0D, 0xEC, 0x78, 0xC7, 0xD3, 0x06, 0xF0, 0x5C, 0x31, 0xAB, 0xCB, 0x08, 0x14, 0xF1, 0xED,
    0x47, 0x3B, 0xD3, 0x26, 0xB5, 0xF5, 0x74, 0x38, 0x58, 0xB9, 0x50, 0x2C, 0x8A, 0x19, 0x24, 0x9B,
    0xA0, 0xF9, 0x6E, 0x04, 0xF7, 0xA7, 0x78, 0xE7, 0xD1, 0xEE, 0x85, 0xC2, 0x7A, 0xB8, 0xFF, 0xE4,
    0x08, 0xC0, 0xDD, 0x4E, 0x27, 0xEB, 0x9D, 0x2B, 0x2A, 0xFE, 0x2A, 0x09, 0xB1, 0xF1, 0x54, 0xBD,
    0x0B, 0xD4, 0xC1, 0x06, 0x8C, 0xC2, 0xFA, 0x04, 0x87, 0x6B, 0xB9, 0x20, 0x75, 0xDF, 0xDC, 0xBF,
    0x22, 0x55, 0x01, 0xE5, 0x00, 0x49, 0x05, 0x3C, 0xF2, 0x80, 0x9E, 0x8B, 0x2F, 0x24, 0xA1, 0x56,
    0x38, 0xED, 0x3A, 0x6D, 0x34, 0xDC, 0xC2, 0xFE, 0xC7, 0xDB, 0x1F, 0x51, 0x7D, 0xAE, 0xE0, 0x7D,
    0x05, 0xDA, 0xD0, 0xAD, 0xBB, 0x85, 0xD5, 0x93, 0x56, 0xA3, 0x62, 0x01, 0xB2, 0x3B, 0xFF, 0x05,
    0xC5, 0xBD, 0xBF, 0xBD, 0xCE, 0x29, 0x62, 0xC2, 0x0D, 0xF0, 0x45, 0x5F, 0x88, 0x47, 0xF2, 0x12,
    0x1A, 0x59, 0xC8, 0xA6, 0x13, 0xEB, 0xCB, 0xFE, 0xA4, 0xEC, 0x6B, 0x7F, 0x92, 0x45, 0xC3, 0x09,
    0xE3, 0xE3, 0x84, 0x8F, 0x4F, 0x48, 0x2F, 0x1D, 0x9E, 0x9D, 0xE2, 0xF3, 0xED, 0xE7, 0x0D, 0xA3,
    0x23, 0x3A, 0x1C, 0x55, 0xD6, 0xAB, 0x81, 0x57, 0xAB, 0xCD, 0x74, 0x8B, 0xA3, 0x6B, 0xA0, 0x93,
    0x81, 0x62, 0xCC, 0x66, 0xEA, 0x16, 0xC3, 0x07, 0x50, 0xB6, 0x27, 0x50, 0x84, 0xDF, 0x40, 0x36,
    0x44, 0x20, 0x4A, 0x8A, 0x0D, 0xBA, 0x8D, 0x23, 0x64, 0xF1, 0x35, 0xE4, 0x83, 0xCE, 0x05, 0x4B,
    0x52, 0x26, 0xAD, 0xDD, 0x5C, 0x50, 0x3F, 0x8E, 0x6E, 0xDE, 0xB6, 0x0F, 0x38, 0xEC, 0x40, 0xD7,
    0x9E, 0x4E, 0xF9, 0xDF, 0xC2, 0xEB, 0x43, 0xF5, 0x87, 0x61, 0x34, 0x3F, 0xF4, 0x31, 0x96, 0x0B,
    0x31, 0xE6, 0x13, 0xDB, 0x6A, 0x34, 0xAF, 0xBE, 0x1D, 0x5F, 0x5F, 0xA4, 0xAE, 0xCE, 0x05, 0xAB,
    0x0A, 0xD5, 0xBE, 0xCB, 0xBE, 0xC5, 0xF1, 0x01, 0x69, 0xF8, 0x04, 0xB5, 0x47, 0xED, 0x31, 0xC9,
    0x9E, 0x03, 0x31, 0x66, 0xA3, 0xDA, 0xF7, 0x6A, 0xEF, 0x89, 0xAF, 0x0F, 0xE4, 0xC9, 0x9E, 0x42,
    0xED, 0x2B, 0xB5, 0x7F, 0xFB, 0xEC, 0x1F, 0x01, 0xA6, 0xFD, 0x8F, 0x52, 0x44, 0xE2, 0x9E, 0xFB,
    0x8D, 0xFE, 0x02, 0xEB, 0x4D, 0x2B, 0x69, 0xE7, 0xFA, 0x8D, 0x17, 0xB8, 0x54, 0xF9, 0x07, 0xAD,
    0x92, 0x81, 0x46, 0x04, 0x41, 0x18, 0xC7, 0xFF, 0x3B, 0x4B, 0x87, 0xC5, 0x42, 0x88, 0x70, 0x8F,
    0x30, 0x8F, 0x30, 0x5B, 0x21, 0x04, 0x3D, 0x42, 0x80, 0xE8, 0x21, 0xF6, 0xE8, 0x05, 0x7A, 0x8C,
    0x94, 0xF4, 0x04, 0xB5, 0x9B, 0x5E, 0x60, 0x1E, 0x61, 0x11, 0x08, 0x6E, 0x70, 0x38, 0xDD, 0xCC,
    0xFC, 0xFB, 0x66, 0x46, 0x47, 0x40, 0x77, 0xC2, 0xFD, 0x8E, 0xF9, 0xBE, 0xCF, 0xFF, 0xEF, 0x67,
    0x71, 0x10, 0x67, 0xEC, 0xA0, 0x49, 0x4E, 0x18, 0x96, 0x5C, 0xBA, 0x2A, 0xAA, 0xA8, 0xAC, 0xF2,
    0xCA, 0x03, 0xB5, 0xAF, 0x85, 0xC7, 0x24, 0x03, 0xFA, 0xCC, 0x9B, 0xF8, 0x18, 0xEF, 0xCB, 0xFB,
    0xCE, 0xD4, 0x6C, 0xE9, 0x60, 0x32, 0xA1, 0x24, 0x0F, 0x73, 0xCA, 0x73, 0xBF, 0x0C, 0x00, 0x2B,
    0x0F, 0x15, 0x70, 0x89, 0xB4, 0x88, 0x19, 0x65, 0xD0, 0x27, 0x48, 0x9E, 0x4F, 0xE7, 0x7F, 0x47,
    0x4A, 0x19, 0x4D, 0x02, 0x14, 0xFD, 0x36, 0x43, 0x40, 0x99, 0x56, 0xE1, 0x67, 0xAF, 0xE1, 0xBB,
    0x64, 0x08, 0x24, 0xE3, 0x76, 0x8F, 0x0C, 0x6B, 0x38, 0xA7, 0x15, 0x7F, 0x27, 0xC3, 0x07, 0xB2,
    0xC0, 0x88, 0x64, 0x70, 0x43, 0x88, 0x42, 0xE2, 0x15, 0xD9, 0xE1, 0x61, 0xB9, 0x28, 0x16, 0x49,
    0xF4, 0x89, 0xCC, 0x1E, 0x1F, 0x58, 0x66, 0xFB, 0xFF, 0x69, 0xA9, 0x70, 0xCE, 0xC9, 0x50, 0xF3,
    0x82, 0x93, 0x74, 0x39, 0x25, 0x4B, 0x17, 0xFE, 0xEA, 0xC2, 0xD4, 0x25, 0x6C, 0xEF, 0x72, 0x97,
    0xA9, 0x74, 0x99, 0x4A, 0x97, 0xBB, 0x7F, 0xEA, 0xE2, 0x4A, 0x17, 0x87, 0x66, 0x0D, 0xC0, 0x44,
    0x01, 0x5F, 0x20, 0xDA, 0x8F, 0xAE, 0x65, 0x51, 0x6D, 0xDD, 0x93, 0xA1, 0x4F, 0xC8, 0xDF, 0xD3,
    0x0E, 0xEE, 0xF9, 0xA4, 0xF9, 0xC6, 0x60, 0x38, 0xF6, 0x62, 0x3D, 0xFD, 0x50, 0x33, 0x0A, 0x9B,
    0x0D, 0x3B, 0xA0, 0x5D, 0x0C, 0xA3, 0x10, 0x46, 0xD8, 0x74, 0x42, 0xC5, 0x71, 0xA0, 0x6D, 0xE9,
    0x48, 0xAB, 0xCF, 0xDC, 0xF0, 0xB9, 0x30, 0x95, 0x93, 0x77, 0xB3, 0x48, 0x53, 0x1D, 0x20, 0x6C,
    0x69, 0xF3, 0xE6, 0x4A, 0x08, 0xED, 0x85, 0x57, 0x75, 0xE2, 0x3A, 0x93, 0xCF, 0x2B, 0xF3, 0x65,
    0xC9, 0x69, 0x4E, 0xAB, 0x63, 0x37, 0x8B, 0xDD, 0x37, 0x1D, 0xC9, 0xA1, 0x19, 0x02, 0x31, 0x0C,
    0x80, 0xD1, 0xFF, 0x6A, 0x2A, 0x10, 0x8C, 0xD0, 0x09, 0x20, 0x1B, 0x40, 0x87, 0xC2, 0xD3, 0xB1,
    0x10, 0x7C, 0x5F, 0x57, 0xB8, 0x11, 0x32, 0x02, 0x02, 0x11, 0xC1, 0x35, 0xB4, 0x51, 0x4F, 0x3C,
    0xA0, 0x02, 0xB0, 0x69, 0x90, 0x2D, 0x28, 0x23, 0x78, 0x94, 0xB6, 0x6A, 0x8F, 0xCC, 0x7B, 0x7D,
    0xAD, 0x72, 0xBB, 0x01, 0x4F, 0x3F, 0xA4, 0xB1, 0xB9, 0x8F, 0xA2, 0xE4, 0x85, 0xCD, 0x72, 0x95,
    0x81, 0xB8, 0x71, 0x1F, 0x9C, 0xFC, 0x93, 0xDC, 0x48, 0xFE, 0x15, 0x57, 0xE8, 0xD6, 0xBD, 0x81,
    0xFC, 0xFA, 0x80, 0x99, 0xB3, 0x20, 0x1D, 0xA2, 0x00, 0xEF, 0x73, 0x5B, 0x5C, 0xAE, 0xB0, 0xD2,
    0x82, 0xA4, 0x01, 0x15, 0xF8, 0x03,
};

static const EpdGlyph bookerly_12_boldGlyphs[] = {
    { 0, 0, 0, 0, 0, 0, 0 }, // U+0000
    { 0, 0, 0, 0, 0, 0, 0 }, // U+0008
    { 0, 0, 86, 0, 0, 0, 0 }, // U+0009
    { 0, 0, 86, 0, 0, 0, 0 }, // U+000D
    { 0, 0, 0, 0, 0, 0, 0 }, // U+001D
    { 0, 0, 86, 0, 0, 0, 0 }, // U+0020
    { 5, 20, 116, 2, 20, 25, 0 }, // !
    { 9, 10, 168, 1, 19, 23, 25 }, // "
    { 16, 16, 249, 0, 15, 64, 48 }, // #
    { 12, 27, 249, 1, 22, 81, 112 }, // $
    { 22, 21, 387, 1, 20, 116, 193 }, // %
    { 19, 19, 319, 1, 19, 91, 309 }, // &
    { 4, 10, 92, 1, 19, 10, 400 }, // '
    { 8, 26, 152, 1, 21, 52, 410 }, // (
    { 8, 26, 152, 0, 21, 52, 462 }, // )
    { 10, 9, 156, 0, 19, 23, 514 }, // *
    { 11, 12, 249, 2, 15, 33, 537 }, // +
    { 6, 9, 116, 0, 4, 14, 570 }, // ,
    { 8, 3, 152, 1, 8, 6, 584 }, // -
    { 5, 4, 116, 1, 4, 5, 590 }, // .
    { 13, 20, 211, 0, 19, 65, 595 }, // /
    { 15, 18, 249, 1, 18, 68, 660 }, // 0
    { 11, 19, 249, 2, 19, 53, 728 }, // 1
    { 14, 18, 249, 0, 18, 63, 781 }, // 2
    { 13, 18, 249, 1, 18, 59, 844 }, // 3
    { 15, 19, 249, 0, 19, 72, 903 }, // 4
    { 13, 18, 249, 1, 18, 59, 975 }, // 5
    { 14, 18, 249, 1, 18, 63, 1034 }, // 6
    { 13, 18, 249, 2, 18, 59, 1097 }, // 7
    { 13, 18, 249, 1, 18, 59, 1156 }, // 8
    { 14, 18, 249, 1, 18, 63, 1215 }, // 9
    { 5, 14, 116, 1, 14, 18, 1278 }, // :
    { 7, 18, 116, 0, 14, 32, 1296 }, // ;
    { 11, 13, 249, 2, 15, 36, 1328 }, // <
    { 11, 7, 249, 2, 12, 20, 1364 }, // =
    { 11, 13, 249, 2, 15, 36, 1384 }, // >
    { 10, 19, 196, 1, 19, 48, 1420 }, // ?
    { 22, 23, 396, 1, 18, 127, 1468 }, // @
    { 20, 19, 309, -1, 19, 95, 1595 }, // A
    { 16, 19, 260, 0, 19, 76, 1690 }, // B
    { 15, 19, 262, 1, 19, 72, 1766 }, // C
    { 19, 19, 310, 0, 19, 91, 1838 }, // D
    { 15, 18, 260, 0, 18, 68, 1929 }, // E
    { 14, 18, 237, 0, 18, 63, 1997 }, // F
    { 16, 19, 296, 1, 19, 76, 2060 }, // G
    { 21, 18, 344, 0, 18, 95, 2136 }, // H
    { 10, 18, 167, 0, 18, 45, 2231 }, // I
    { 12, 23, 157, -2, 18, 69, 2276 }, // J
    { 19, 18, 304, 0, 18, 86, 2345 }, // K
    { 15, 18, 248, 0, 18, 68, 2431 }, // L
    { 24, 18, 380, 0, 18, 108, 2499 }, // M
    { 21, 19, 321, 0, 18, 100, 2607 }, // N
    { 18, 19, 312, 1, 19, 86, 2707 }, // O
    { 15, 19, 250, 0, 19, 72, 2793 }, // P
    { 19, 25, 312, 1, 19, 119, 2865 }, // Q
    { 19, 18, 284, 0, 18, 86, 2984 }, // R
    { 13, 19, 234, 1, 19, 62, 3070 }, // S
    { 16, 18, 287, 1, 18, 72, 3132 }, // T
    { 21, 18, 322, 0, 18, 95, 3204 }, // U
    { 20, 18, 312, 0, 18, 90, 3299 }, // V
    { 28, 18, 446, 0, 18, 126, 3389 }, // W
    { 19, 18, 308, 0, 18, 86, 3515 }, // X
    { 18, 18, 289, 0, 18, 81, 3601 }, // Y
    { 15, 19, 244, 0, 18, 72, 3682 }, // Z
    { 6, 25, 135, 2, 20, 38, 3754 }, // [
    { 13, 20, 211, 0, 19, 65, 3792 }, // <backslash>
    { 6, 25, 135, 1, 20, 38, 3857 }, // ]
    { 13, 12, 249, 1, 17, 39, 3895 }, // ^
    { 13, 3, 200, 0, -1, 10, 3934 }, // _
    { 5, 7, 270, 6, 22, 9, 3944 }, // `
    { 14, 14, 227, 1, 14, 49, 3953 }, // a
    { 16, 20, 247, -1, 20, 80, 4002 }, // b
    { 11, 14, 208, 1, 14, 39, 4082 }, // c
    { 15, 20, 251, 1, 20, 75, 4121 }, // d
    { 13, 14, 218, 1, 14, 46, 4196 }, // e
    { 13, 20, 173, 0, 20, 65, 4242 }, // f
    { 15, 20, 242, 1, 14, 75, 4307 }, // g
    { 17, 20, 265, -1, 20, 85, 4382 }, // h
    { 9, 20, 142, -1, 20, 45, 4467 }, // i
    { 9, 26, 127, -2, 20, 59, 4512 }, // j
    { 17, 20, 254, -1, 20, 85, 4571 }, // k
    { 9, 20, 140, -1, 20, 45, 4656 }, // l
    { 24, 14, 396, 1, 14, 84, 4701 }, // m
    { 16, 14, 270, 1, 14, 56, 4785 }, // n
    { 14, 14, 242, 1, 14, 49, 4841 }, // o
    { 16, 20, 250, -1, 14, 80, 4890 }, // p
    { 14, 20, 240, 1, 14, 70, 4970 }, // q
    { 11, 14, 191, 1, 14, 39, 5040 }, // r
    { 12, 14, 201, 1, 14, 42, 5079 }, // s
    { 11, 18, 170, -1, 18, 50, 5121 }, // t
    { 17, 14, 261, 0, 14, 60, 5171 }, // u
    { 16, 14, 261, 0, 14, 56, 5231 }, // v
    { 22, 14, 362, 0, 14, 77, 5287 }, // w
    { 16, 14, 248, 0, 14, 56, 5364 }, // x
    { 16, 20, 260, 1, 14, 80, 5420 }, // y
    { 13, 14, 206, 0, 14, 46, 5500 }, // z
    { 9, 25, 160, 1, 21, 57, 5546 }, // {
    { 3, 23, 126, 2, 20, 18, 5603 }, // |
    { 8, 25, 160, 0, 21, 50, 5621 }, // }
    { 12, 6, 249, 2, 11, 18, 5671 }, // ~
    { 0, 0, 86, 0, 0, 0, 0 }, // U+00A0
    { 4, 20, 116, 1, 14, 20, 0 }, // U+00A1
    { 13, 26, 249, 1, 21, 85, 20 }, // U+00A2
    { 14, 18, 249, 1, 18, 63, 105 }, // U+00A3
    { 14, 14, 249, 1, 16, 49, 168 }, // U+00A4
    { 17, 18, 249, -1, 18, 77, 217 }, // U+00A5
    { 3, 23, 126, 2, 20, 18, 294 }, // U+00A6
    { 11, 21, 207, 1, 18, 58, 312 }, // U+00A7
    { 10, 4, 270, 4, 20, 10, 370 }, // U+00A8
    { 18, 20, 313, 1, 19, 90, 380 }, // U+00A9
    { 9, 12, 176, 1, 18, 27, 470 }, // U+00AA
    { 14, 10, 234, 1, 12, 35, 497 }, // U+00AB
    { 12, 7, 249, 2, 12, 21, 532 }, // U+00AC
    { 8, 3, 152, 1, 8, 6, 553 }, // U+00AD
    { 14, 14, 233, 0, 21, 49, 559 }, // U+00AE
    { 9, 3, 270, 4, 19, 7, 608 }, // U+00AF
    { 9, 9, 212, 2, 18, 21, 615 }, // U+00B0
    { 11, 16, 249, 2, 16, 44, 636 }, // U+00B1
    { 10, 11, 179, 0, 20, 28, 680 }, // U+00B2
    { 10, 11, 179, 1, 20, 28, 708 }, // U+00B3
    { 5, 7, 270, 6, 22, 9, 736 }, // U+00B4
    { 15, 21, 262, 2, 15, 79, 745 }, // U+00B5
    { 15, 23, 237, 0, 18, 87, 824 }, // U+00B6
    { 5, 4, 116, 1, 9, 5, 911 }, // U+00B7
    { 6, 6, 270, 5, -1, 9, 916 }, // U+00B8
    { 9, 12, 179, 1, 21, 27, 925 }, // U+00B9
    { 9, 12, 176, 1, 18, 27, 952 }, // U+00BA
    { 14, 10, 234, 1, 12, 35, 979 }, // U+00BB
    { 25, 21, 430, 1, 19, 132, 1014 }, // U+00BC
    { 25, 21, 430, 1, 19, 132, 1146 }, // U+00BD
    { 26, 22, 430, 1, 20, 143, 1278 }, // U+00BE
    { 10, 20, 196, 1, 14, 50, 1421 }, // U+00BF
    { 20, 26, 309, -1, 26, 130, 1471 }, // U+00C0
    { 20, 26, 309, -1, 26, 130, 1601 }, // U+00C1
    { 20, 26, 309, -1, 26, 130, 1731 }, // U+00C2
    { 19, 25, 309, 0, 25, 119, 1861 }, // U+00C3
    { 20, 24, 309, 0, 24, 120, 1980 }, // U+00C4
    { 19, 26, 309, 0, 26, 124, 2100 }, // U+00C5
    { 24, 18, 393, 0, 18, 108, 2224 }, // U+00C6
    { 15, 26, 262, 1, 19, 98, 2332 }, // U+00C7
    { 15, 26, 260, 0, 26, 98, 2430 }, // U+00C8
    { 15, 26, 260, 0, 26, 98, 2528 }, // U+00C9
    { 15, 26, 260, 0, 26, 98, 2626 }, // U+00CA
    { 15, 24, 260, 0, 24, 90, 2724 }, // U+00CB
    { 10, 26, 167, 0, 26, 65, 2814 }, // U+00CC
    { 10, 26, 167, 0, 26, 65, 2879 }, // U+00CD
    { 10, 26, 167, 0, 26, 65, 2944 }, // U+00CE
    { 10, 24, 167, 1, 24, 60, 3009 }, // U+00CF
    { 18, 19, 310, 1, 19, 86, 3069 }, // U+00D0
    { 21, 26, 321, 0, 25, 137, 3155 }, // U+00D1
    { 18, 26, 312, 1, 26, 117, 3292 }, // U+00D2
    { 18, 26, 312, 1, 26, 117, 3409 }, // U+00D3
    { 18, 26, 312, 1, 26, 117, 3526 }, // U+00D4
    { 18, 25, 312, 1, 25, 113, 3643 }, // U+00D5
    { 18, 25, 312, 1, 25, 113, 3756 }, // U+00D6
    { 11, 12, 249, 2, 15, 33, 3869 }, // U+00D7
    { 19, 20, 312, 0, 19, 95, 3902 }, // U+00D8
    { 21, 26, 322, 0, 26, 137, 3997 }, // U+00D9
    { 21, 26, 322, 0, 26, 137, 4134 }, // U+00DA
    { 21, 26, 322, 0, 26, 137, 4271 }, // U+00DB
    { 21, 25, 322, 0, 25, 132, 4408 }, // U+00DC
    { 18, 26, 289, 0, 26, 117, 4540 }, // U+00DD
    { 16, 18, 259, 0, 18, 72, 4657 }, // U+00DE
    { 16, 20, 267, 0, 20, 80, 4729 }, // U+00DF
    { 14, 22, 227, 1, 22, 77, 4809 }, // U+00E0
    { 14, 22, 227, 1, 22, 77, 4886 }, // U+00E1
    { 14, 22, 227, 1, 22, 77, 4963 }, // U+00E2
    { 14, 20, 227, 1, 20, 70, 5040 }, // U+00E3
    { 14, 20, 227, 1, 20, 70, 5110 }, // U+00E4
    { 14, 22, 227, 1, 22, 77, 5180 }, // U+00E5
    { 20, 14, 332, 1, 14, 70, 5257 }, // U+00E6
    { 11, 21, 208, 1, 14, 58, 5327 }, // U+00E7
    { 13, 22, 218, 1, 22, 72, 5385 }, // U+00E8
    { 13, 22, 218, 1, 22, 72, 5457 }, // U+00E9
    { 13, 22, 218, 1, 22, 72, 5529 }, // U+00EA
    { 13, 20, 218, 1, 20, 65, 5601 }, // U+00EB
    { 9, 23, 142, -1, 23, 52, 5666 }, // U+00EC
    { 9, 23, 142, 0, 23, 52, 5718 }, // U+00ED
    { 9, 22, 142, 0, 22, 50, 5770 }, // U+00EE
    { 10, 20, 142, 1, 20, 50, 5820 }, // U+00EF
    { 14, 22, 242, 1, 22, 77, 5870 }, // U+00F0
    { 16, 20, 270, 1, 20, 80, 5947 }, // U+00F1
    { 14, 22, 242, 1, 22, 77, 6027 }, // U+00F2
    { 14, 22, 242, 1, 22, 77, 6104 }, // U+00F3
    { 14, 22, 242, 1, 22, 77, 6181 }, // U+00F4
    { 14, 20, 242, 1, 20, 70, 6258 }, // U+00F5
    { 14, 20, 242, 1, 20, 70, 6328 }, // U+00F6
    { 11, 12, 249, 2, 15, 33, 6398 }, // U+00F7
    { 15, 15, 242, 0, 14, 57, 6431 }, // U+00F8
    { 17, 23, 261, 0, 23, 98, 6488 }, // U+00F9
    { 17, 23, 261, 0, 23, 98, 6586 }, // U+00FA
    { 17, 22, 261, 0, 22, 94, 6684 }, // U+00FB
    { 17, 20, 261, 0, 20, 85, 6778 }, // U+00FC
    { 16, 29, 260, 1, 23, 116, 6863 }, // U+00FD
    { 16, 26, 250, -1, 20, 104, 6979 }, // U+00FE
    { 16, 26, 260, 1, 20, 104, 7083 }, // U+00FF
    { 20, 24, 309, -1, 24, 120, 0 }, // U+0100
    { 14, 19, 227, 1, 19, 67, 120 }, // U+0101
    { 20, 25, 309, -1, 25, 125, 187 }, // U+0102
    { 14, 21, 227, 1, 21, 74, 312 }, // U+0103
    { 20, 25, 309, 0, 19, 125, 386 }, // U+0104
    { 13, 20, 227, 1, 14, 65, 511 }, // U+0105
    { 15, 26, 262, 1, 26, 98, 576 }, // U+0106
    { 11, 22, 208, 1, 22, 61, 674 }, // U+0107
    { 15, 26, 262, 1, 26, 98, 735 }, // U+0108
    { 11, 22, 208, 1, 22, 61, 833 }, // U+0109
    { 15, 25, 262, 1, 25, 94, 894 }, // U+010A
    { 11, 20, 208, 1, 20, 55, 988 }, // U+010B
    { 15, 26, 262, 1, 26, 98, 1043 }, // U+010C
    { 11, 22, 208, 1, 22, 61, 1141 }, // U+010D
    { 19, 25, 310, 0, 25, 119, 1202 }, // U+010E
    { 17, 21, 259, 1, 21, 90, 1321 }, // U+010F
    { 18, 19, 310, 1, 19, 86, 1411 }, // U+0110
    { 15, 20, 251, 1, 20, 75, 1497 }, // U+0111
    { 15, 24, 260, 0, 24, 90, 1572 }, // U+0112
    { 13, 19, 218, 1, 19, 62, 1662 }, // U+0113
    { 15, 25, 260, 0, 25, 94, 1724 }, // U+0114
    { 13, 21, 218, 1, 21, 69, 1818 }, // U+0115
    { 15, 25, 260, 0, 25, 94, 1887 }, // U+0116
    { 13, 20, 218, 1, 20, 65, 1981 }, // U+0117
    { 15, 24, 260, 0, 18, 90, 2046 }, // U+0118
    { 13, 20, 218, 1, 14, 65, 2136 }, // U+0119
    { 15, 25, 260, 0, 25, 94, 2201 }, // U+011A
    { 13, 22, 218, 1, 22, 72, 2295 }, // U+011B
    { 16, 26, 296, 1, 26, 104, 2367 }, // U+011C
    { 15, 28, 242, 1, 22, 105, 2471 }, // U+011D
    { 16, 26, 296, 1, 26, 104, 2576 }, // U+011E
    { 15, 27, 242, 1, 21, 102, 2680 }, // U+011F
    { 16, 25, 296, 1, 25, 100, 2782 }, // U+0120
    { 15, 26, 242, 1, 20, 98, 2882 }, // U+0121
    { 16, 26, 296, 1, 19, 104, 2980 }, // U+0122
    { 15, 28, 242, 1, 22, 105, 3084 }, // U+0123
    { 21, 26, 344, 0, 26, 137, 3189 }, // U+0124
    { 17, 27, 265, -1, 27, 115, 3326 }, // U+0125
    { 20, 18, 344, 1, 18, 90, 3441 }, // U+0126
    { 17, 20, 265, 0, 20, 85, 3531 }, // U+0127
    { 9, 25, 167, 1, 25, 57, 3616 }, // U+0128
    { 9, 20, 142, 0, 20, 45, 3673 }, // U+0129
    { 10, 24, 167, 0, 24, 60, 3718 }, // U+012A
    { 9, 19, 142, 0, 19, 43, 3778 }, // U+012B
    { 9, 25, 167, 1, 25, 57, 3821 }, // U+012C
    { 9, 21, 142, 0, 21, 48, 3878 }, // U+012D
    { 9, 24, 167, 1, 18, 54, 3926 }, // U+012E
    { 10, 26, 142, -1, 20, 65, 3980 }, // U+012F
    { 10, 25, 167, 0, 25, 63, 4045 }, // U+0130
    { 9, 14, 142, 0, 14, 32, 4108 }, // U+0131
    { 20, 23, 324, 0, 18, 115, 4140 }, // U+0132
    { 16, 26, 269, -1, 20, 104, 4255 }, // U+0133
    { 12, 31, 157, -2, 26, 93, 4359 }, // U+0134
    { 10, 28, 127, -2, 22, 70, 4452 }, // U+0135
    { 19, 25, 304, 0, 18, 119, 4522 }, // U+0136
    { 17, 27, 254, -1, 20, 115, 4641 }, // U+0137
    { 17, 14, 259, 0, 14, 60, 4756 }, // U+0138
    { 15, 26, 248, 0, 26, 98, 4816 }, // U+0139
    { 9, 27, 140, -1, 27, 61, 4914 }, // U+013A
    { 15, 25, 248, 0, 18, 94, 4975 }, // U+013B
    { 9, 27, 140, -1, 20, 61, 5069 }, // U+013C
    { 15, 21, 248, 0, 21, 79, 5130 }, // U+013D
    { 12, 21, 148, -1, 21, 63, 5209 }, // U+013E
    { 15, 18, 248, 0, 18, 68, 5272 }, // U+013F
    { 14, 20, 214, -1, 20, 70, 5340 }, // U+0140
    { 16, 18, 248, -1, 18, 72, 5410 }, // U+0141
    { 10, 20, 140, -1, 20, 50, 5482 }, // U+0142
    { 21, 27, 321, 0, 26, 142, 5532 }, // U+0143
    { 16, 22, 270, 1, 22, 88, 5674 }, // U+0144
    { 21, 25, 321, 0, 18, 132, 5762 }, // U+0145
    { 16, 21, 270, 1, 14, 84, 5894 }, // U+0146
    { 21, 26, 321, 0, 25, 137, 5978 }, // U+0147
    { 16, 22, 270, 1, 22, 88, 6115 }, // U+0148
    { 22, 19, 363, 0, 19, 105, 6203 }, // U+0149
    { 21, 23, 321, 0, 18, 121, 6308 }, // U+014A
    { 15, 20, 262, 1, 14, 75, 6429 }, // U+014B
    { 18, 24, 312, 1, 24, 108, 6504 }, // U+014C
    { 14, 19, 242, 1, 19, 67, 6612 }, // U+014D
    { 18, 26, 312, 1, 26, 117, 6679 }, // U+014E
    { 14, 21, 242, 1, 21, 74, 6796 }, // U+014F
    { 18, 26, 312, 1, 26, 117, 6870 }, // U+0150
    { 14, 22, 242, 1, 22, 77, 6987 }, // U+0151
    { 23, 18, 404, 1, 18, 104, 7064 }, // U+0152
    { 22, 14, 364, 1, 14, 77, 7168 }, // U+0153
    { 19, 25, 284, 0, 25, 119, 7245 }, // U+0154
    { 11, 22, 191, 1, 22, 61, 7364 }, // U+0155
    { 19, 25, 284, 0, 18, 119, 7425 }, // U+0156
    { 11, 21, 191, 1, 14, 58, 7544 }, // U+0157
    { 19, 26, 284, 0, 26, 124, 7602 }, // U+0158
    { 11, 22, 191, 1, 22, 61, 7726 }, // U+0159
    { 13, 26, 234, 1, 26, 85, 7787 }, // U+015A
    { 12, 22, 201, 1, 22, 66, 7872 }, // U+015B
    { 13, 26, 234, 1, 26, 85, 7938 }, // U+015C
    { 12, 22, 201, 1, 22, 66, 8023 }, // U+015D
    { 13, 26, 234, 1, 19, 85, 8089 }, // U+015E
    { 12, 21, 201, 1, 14, 63, 8174 }, // U+015F
    { 13, 26, 234, 1, 26, 85, 8237 }, // U+0160
    { 12, 22, 201, 1, 22, 66, 8322 }, // U+0161
    { 16, 25, 287, 1, 18, 100, 8388 }, // U+0162
    { 12, 25, 170, -1, 18, 75, 8488 }, // U+0163
    { 16, 25, 287, 1, 25, 100, 8563 }, // U+0164
    { 11, 22, 170, -1, 22, 61, 8663 }, // U+0165
    { 17, 18, 287, 0, 18, 77, 8724 }, // U+0166
    { 11, 18, 170, 0, 18, 50, 8801 }, // U+0167
    { 21, 25, 322, 0, 25, 132, 8851 }, // U+0168
    { 17, 20, 261, 0, 20, 85, 8983 }, // U+0169
    { 21, 24, 322, 0, 24, 126, 9068 }, // U+016A
    { 17, 19, 261, 0, 19, 81, 9194 }, // U+016B
    { 21, 26, 322, 0, 26, 137, 9275 }, // U+016C
    { 17, 21, 261, 0, 21, 90, 9412 }, // U+016D
    { 21, 26, 322, 0, 26, 137, 9502 }, // U+016E
    { 17, 22, 261, 0, 22, 94, 9639 }, // U+016F
    { 21, 26, 322, 0, 26, 137, 9733 }, // U+0170
    { 17, 23, 261, 0, 23, 98, 9870 }, // U+0171
    { 21, 24, 322, 0, 18, 126, 9968 }, // U+0172
    { 17, 20, 261, 0, 14, 85, 10094 }, // U+0173
    { 28, 26, 446, 0, 26, 182, 10179 }, // U+0174
    { 22, 22, 362, 0, 22, 121, 10361 }, // U+0175
    { 18, 26, 289, 0, 26, 117, 10482 }, // U+0176
    { 16, 28, 260, 1, 22, 112, 10599 }, // U+0177
    { 18, 24, 289, 0, 24, 108, 10711 }, // U+0178
    { 15, 27, 244, 0, 26, 102, 10819 }, // U+0179
    { 12, 23, 206, 0, 23, 69, 10921 }, // U+017A
    { 14, 26, 244, 0, 25, 91, 10990 }, // U+017B
    { 12, 20, 206, 0, 20, 60, 11081 }, // U+017C
    { 15, 26, 244, 0, 25, 98, 11141 }, // U+017D
    { 13, 22, 206, 0, 22, 72, 11239 }, // U+017E
    { 12, 20, 166, 0, 20, 60, 11311 }, // U+017F
    { 19, 22, 312, 1, 22, 105, 0 }, // U+01A0
    { 14, 17, 242, 1, 17, 60, 105 }, // U+01A1
    { 22, 22, 322, 0, 22, 121, 165 }, // U+01AF
    { 16, 17, 261, 1, 17, 68, 286 }, // U+01B0
    { 33, 26, 543, 0, 25, 215, 354 }, // U+01C4
    { 31, 22, 506, 0, 22, 171, 569 }, // U+01C5
    { 28, 22, 456, 1, 22, 154, 740 }, // U+01C6
    { 25, 23, 406, 0, 18, 144, 894 }, // U+01C7
    { 22, 26, 375, 0, 20, 143, 1038 }, // U+01C8
    { 16, 26, 266, -1, 20, 104, 1181 }, // U+01C9
    { 30, 23, 478, 0, 18, 173, 1285 }, // U+01CA
    { 27, 26, 448, 0, 20, 176, 1458 }, // U+01CB
    { 24, 26, 397, 0, 20, 156, 1634 }, // U+01CC
    { 20, 25, 309, 0, 25, 125, 1790 }, // U+01CD
    { 14, 22, 227, 1, 22, 77, 1915 }, // U+01CE
    { 10, 25, 167, 0, 25, 63, 1992 }, // U+01CF
    { 10, 22, 142, 0, 22, 55, 2055 }, // U+01D0
    { 18, 26, 312, 1, 26, 117, 2110 }, // U+01D1
    { 14, 22, 242, 1, 22, 77, 2227 }, // U+01D2
    { 21, 26, 322, 0, 26, 137, 2304 }, // U+01D3
    { 17, 22, 261, 0, 22, 94, 2441 }, // U+01D4
    { 21, 28, 322, 0, 28, 147, 2535 }, // U+01D5
    { 17, 24, 261, 0, 24, 102, 2682 }, // U+01D6
    { 21, 28, 322, 0, 28, 147, 2784 }, // U+01D7
    { 17, 26, 261, 0, 26, 111, 2931 }, // U+01D8
    { 21, 28, 322, 0, 28, 147, 3042 }, // U+01D9
    { 17, 26, 261, 0, 26, 111, 3189 }, // U+01DA
    { 21, 28, 322, 0, 28, 147, 3300 }, // U+01DB
    { 17, 26, 261, 0, 26, 111, 3447 }, // U+01DC
    { 12, 14, 218, 1, 14, 42, 3558 }, // U+01DD
    { 20, 27, 309, 0, 27, 135, 3600 }, // U+01DE
    { 14, 24, 227, 1, 24, 84, 3735 }, // U+01DF
    { 20, 28, 309, -1, 28, 140, 3819 }, // U+01E0
    { 14, 25, 227, 1, 25, 88, 3959 }, // U+01E1
    { 24, 24, 393, 0, 24, 144, 4047 }, // U+01E2
    { 20, 19, 332, 1, 19, 95, 4191 }, // U+01E3
    { 18, 19, 296, 1, 19, 86, 4286 }, // U+01E4
    { 16, 20, 242, -1, 14, 80, 4372 }, // U+01E5
    { 16, 26, 296, 1, 26, 104, 4452 }, // U+01E6
    { 15, 28, 242, 1, 22, 105, 4556 }, // U+01E7
    { 19, 26, 304, 0, 26, 124, 4661 }, // U+01E8
    { 17, 28, 254, -1, 28, 119, 4785 }, // U+01E9
    { 18, 25, 312, 1, 19, 113, 4904 }, // U+01EA
    { 14, 20, 242, 1, 14, 70, 5017 }, // U+01EB
    { 18, 29, 312, 1, 23, 131, 5087 }, // U+01EC
    { 14, 25, 242, 1, 19, 88, 5218 }, // U+01ED
    { 14, 26, 233, 1, 26, 91, 5306 }, // U+01EE
    { 14, 28, 216, 0, 22, 98, 5397 }, // U+01EF
    { 11, 28, 127, -1, 22, 77, 5495 }, // U+01F0
    { 34, 20, 554, 0, 19, 170, 5572 }, // U+01F1
    { 32, 19, 517, 0, 19, 152, 5742 }, // U+01F2
    { 28, 20, 458, 1, 20, 140, 5894 }, // U+01F3
    { 16, 26, 296, 1, 26, 104, 6034 }, // U+01F4
    { 15, 28, 242, 1, 22, 105, 6138 }, // U+01F5
    { 21, 27, 321, 0, 26, 142, 6243 }, // U+01F8
    { 16, 22, 270, 1, 22, 88, 6385 }, // U+01F9
    { 20, 28, 309, -1, 28, 140, 6473 }, // U+01FA
    { 14, 27, 227, 1, 27, 95, 6613 }, // U+01FB
    { 24, 26, 393, 0, 26, 156, 6708 }, // U+01FC
    { 20, 22, 332, 1, 22, 110, 6864 }, // U+01FD
    { 19, 27, 312, 0, 26, 129, 6974 }, // U+01FE
    { 15, 23, 242, 0, 22, 87, 7103 }, // U+01FF
    { 20, 26, 309, -1, 26, 130, 7190 }, // U+0200
    { 14, 22, 227, 1, 22, 77, 7320 }, // U+0201
    { 20, 25, 309, -1, 25, 125, 7397 }, // U+0202
    { 14, 20, 227, 1, 20, 70, 7522 }, // U+0203
    { 15, 26, 260, 0, 26, 98, 7592 }, // U+0204
    { 13, 22, 218, 1, 22, 72, 7690 }, // U+0205
    { 15, 25, 260, 0, 25, 94, 7762 }, // U+0206
    { 13, 20, 218, 1, 20, 65, 7856 }, // U+0207
    { 12, 26, 167, -2, 26, 78, 7921 }, // U+0208
    { 10, 23, 142, -1, 23, 58, 7999 }, // U+0209
    { 9, 25, 167, 1, 25, 57, 8057 }, // U+020A
    { 9, 20, 142, 0, 20, 45, 8114 }, // U+020B
    { 18, 26, 312, 1, 26, 117, 8159 }, // U+020C
    { 14, 22, 242, 1, 22, 77, 8276 }, // U+020D
    { 18, 25, 312, 1, 25, 113, 8353 }, // U+020E
    { 14, 20, 242, 1, 20, 70, 8466 }, // U+020F
    { 19, 26, 284, 0, 26, 124, 8536 }, // U+0210
    { 11, 22, 191, 1, 22, 61, 8660 }, // U+0211
    { 19, 25, 284, 0, 25, 119, 8721 }, // U+0212
    { 11, 20, 191, 1, 20, 55, 8840 }, // U+0213
    { 21, 26, 322, 0, 26, 137, 8895 }, // U+0214
    { 17, 23, 261, 0, 23, 98, 9032 }, // U+0215
    { 21, 25, 322, 0, 25, 132, 9130 }, // U+0216
    { 17, 20, 261, 0, 20, 85, 9262 }, // U+0217
    { 13, 26, 234, 1, 19, 85, 9347 }, // U+0218
    { 12, 21, 201, 1, 14, 63, 9432 }, // U+0219
    { 16, 25, 287, 1, 18, 100, 9495 }, // U+021A
    { 11, 25, 170, -1, 18, 69, 9595 }, // U+021B
    { 13, 22, 239, 1, 19, 72, 9664 }, // U+021C
    { 14, 20, 207, 0, 14, 70, 9736 }, // U+021D
    { 21, 25, 344, 0, 25, 132, 9806 }, // U+021E
    { 17, 27, 265, -1, 27, 115, 9938 }, // U+021F
    { 5, 7, 0, -3, 22, 9, 0 }, // U+0300
    { 5, 7, 0, -2, 22, 9, 9 }, // U+0301
    { 9, 6, 0, -5, 22, 14, 18 }, // U+0302
    { 8, 4, 0, -4, 20, 8, 32 }, // U+0303
    { 9, 3, 0, -4, 19, 7, 40 }, // U+0304
    { 8, 5, 0, -4, 21, 10, 47 }, // U+0306
    { 5, 4, 0, -2, 20, 5, 57 }, // U+0307
    { 10, 4, 0, -4, 20, 10, 62 }, // U+0308
    { 8, 8, 0, -4, 23, 16, 72 }, // U+0309
    { 7, 7, 0, -3, 22, 13, 88 }, // U+030A
    { 8, 7, 0, -3, 22, 14, 101 }, // U+030B
    { 9, 6, 0, -4, 22, 14, 115 }, // U+030C
    { 8, 7, 0, -5, 22, 14, 129 }, // U+030F
    { 8, 6, 0, -4, 21, 12, 143 }, // U+0311
    { 5, 7, 0, -2, 22, 9, 155 }, // U+0312
    { 5, 7, 0, -2, 23, 9, 164 }, // U+0313
    { 5, 7, 0, -3, 23, 9, 173 }, // U+0314
    { 3, 7, 0, -1, 23, 6, 182 }, // U+0315
    { 4, 6, 0, -2, 17, 6, 188 }, // U+031B
    { 5, 4, 0, -2, -2, 5, 194 }, // U+0323
    { 10, 4, 0, -4, -2, 10, 199 }, // U+0324
    { 6, 6, 0, -3, -1, 9, 209 }, // U+0325
    { 5, 6, 0, -3, -1, 8, 218 }, // U+0326
    { 6, 6, 0, -3, -1, 9, 226 }, // U+0327
    { 6, 6, 0, -3, 0, 9, 235 }, // U+0328
    { 3, 6, 112, 2, -2, 5, 244 }, // U+0329
    { 9, 6, 0, -5, -1, 14, 249 }, // U+032D
    { 8, 5, 0, -4, -1, 10, 263 }, // U+032E
    { 8, 4, 0, -4, -2, 8, 273 }, // U+0330
    { 9, 3, 0, -4, -2, 7, 281 }, // U+0331
    { 8, 6, 0, -4, 21, 12, 288 }, // U+0342
    { 10, 11, 0, -4, 28, 28, 300 }, // U+0344
    { 5, 5, 0, -1, -1, 7, 328 }, // U+0345
    { 15, 26, 260, 0, 26, 98, 0 }, // U+0400
    { 15, 24, 260, 0, 24, 90, 98 }, // U+0401
    { 20, 24, 344, 1, 18, 120, 188 }, // U+0402
    { 15, 26, 250, 0, 26, 98, 308 }, // U+0403
    { 15, 19, 274, 1, 19, 72, 406 }, // U+0404
    { 13, 19, 234, 1, 19, 62, 478 }, // U+0405
    { 10, 18, 167, 0, 18, 45, 540 }, // U+0406
    { 10, 24, 167, 1, 24, 60, 585 }, // U+0407
    { 12, 23, 157, -2, 18, 69, 645 }, // U+0408
    { 25, 18, 397, 0, 18, 113, 714 }, // U+0409
    { 26, 18, 424, 0, 18, 117, 827 }, // U+040A
    { 22, 18, 366, 1, 18, 99, 944 }, // U+040B
    { 19, 26, 305, 0, 26, 124, 1043 }, // U+040C
    { 20, 26, 340, 0, 26, 130, 1167 }, // U+040D
    { 19, 26, 289, 0, 26, 124, 1297 }, // U+040E
    { 20, 24, 329, 0, 18, 120, 1421 }, // U+040F
    { 20, 19, 309, -1, 19, 95, 1541 }, // U+0410
    { 16, 18, 261, 0, 18, 72, 1636 }, // U+0411
    { 16, 19, 260, 0, 19, 76, 1708 }, // U+0412
    { 15, 18, 250, 0, 18, 68, 1784 }, // U+0413
    { 19, 24, 317, 1, 18, 114, 1852 }, // U+0414
    { 15, 18, 260, 0, 18, 68, 1966 }, // U+0415
    { 28, 19, 444, 0, 19, 133, 2034 }, // U+0416
    { 14, 19, 249, 1, 19, 67, 2167 }, // U+0417
    { 20, 18, 340, 0, 18, 90, 2234 }, // U+0418
    { 20, 25, 340, 0, 25, 125, 2324 }, // U+0419
    { 19, 19, 305, 0, 19, 91, 2449 }, // U+041A
    { 18, 18, 310, 1, 18, 81, 2540 }, // U+041B
    { 24, 18, 380, 0, 18, 108, 2621 }, // U+041C
    { 21, 18, 344, 0, 18, 95, 2729 }, // U+041D
    { 18, 19, 312, 1, 19, 86, 2824 }, // U+041E
    { 20, 18, 335, 0, 18, 90, 2910 }, // U+041F
    { 15, 19, 250, 0, 19, 72, 3000 }, // U+0420
    { 15, 19, 262, 1, 19, 72, 3072 }, // U+0421
    { 16, 18, 287, 1, 18, 72, 3144 }, // U+0422
    { 19, 18, 289, -1, 18, 86, 3216 }, // U+0423
    { 20, 19, 323, 1, 19, 95, 3302 }, // U+0424
    { 19, 18, 308, 0, 18, 86, 3397 }, // U+0425
    { 21, 24, 334, 0, 18, 126, 3483 }, // U+0426
    { 19, 18, 310, 0, 18, 86, 3609 }, // U+0427
    { 27, 18, 445, 0, 18, 122, 3695 }, // U+0428
    { 28, 24, 450, 0, 18, 168, 3817 }, // U+0429
    { 19, 18, 314, 1, 18, 86, 3985 }, // U+042A
    { 25, 18, 408, 0, 18, 113, 4071 }, // U+042B
    { 16, 18, 261, 0, 18, 72, 4184 }, // U+042C
    { 15, 19, 275, 1, 19, 72, 4256 }, // U+042D
    { 27, 19, 443, 0, 19, 129, 4328 }, // U+042E
    { 18, 18, 287, -1, 18, 81, 4457 }, // U+042F
    { 14, 14, 227, 1, 14, 49, 4538 }, // U+0430
    { 14, 21, 238, 1, 21, 74, 4587 }, // U+0431
    { 15, 14, 232, 0, 14, 53, 4661 }, // U+0432
    { 12, 14, 213, 1, 14, 42, 4714 }, // U+0433
    { 17, 19, 270, 0, 14, 81, 4756 }, // U+0434
    { 13, 14, 218, 1, 14, 46, 4837 }, // U+0435
    { 23, 14, 360, 0, 14, 81, 4883 }, // U+0436
    { 13, 14, 206, 0, 14, 46, 4964 }, // U+0437
    { 18, 14, 278, 0, 14, 63, 5010 }, // U+0438
    { 18, 20, 278, 0, 20, 90, 5073 }, // U+0439
    { 16, 14, 256, 0, 14, 56, 5163 }, // U+043A
    { 16, 14, 258, 1, 14, 56, 5219 }, // U+043B
    { 19, 14, 314, 0, 14, 67, 5275 }, // U+043C
    { 18, 14, 280, 0, 14, 63, 5342 }, // U+043D
    { 14, 14, 242, 1, 14, 49, 5405 }, // U+043E
    { 18, 14, 278, 0, 14, 63, 5454 }, // U+043F
    { 16, 20, 250, -1, 14, 80, 5517 }, // U+0440
    { 11, 14, 208, 1, 14, 39, 5597 }, // U+0441
    { 14, 14, 246, 1, 14, 49, 5636 }, // U+0442
    { 16, 20, 260, 1, 14, 80, 5685 }, // U+0443
    { 18, 26, 313, 1, 20, 117, 5765 }, // U+0444
    { 16, 14, 248, 0, 14, 56, 5882 }, // U+0445
    { 18, 19, 281, 0, 14, 86, 5938 }, // U+0446
    { 16, 14, 256, 1, 14, 56, 6024 }, // U+0447
    { 23, 14, 367, 0, 14, 81, 6080 }, // U+0448
    { 24, 19, 372, 0, 14, 114, 6161 }, // U+0449
    { 17, 14, 267, 1, 14, 60, 6275 }, // U+044A
    { 22, 14, 351, 0, 14, 77, 6335 }, // U+044B
    { 15, 14, 220, 0, 14, 53, 6412 }, // U+044C
    { 13, 14, 218, 1, 14, 46, 6465 }, // U+044D
    { 22, 14, 355, 0, 14, 77, 6511 }, // U+044E
    { 15, 14, 244, 0, 14, 53, 6588 }, // U+044F
    { 13, 22, 218, 1, 22, 72, 6641 }, // U+0450
    { 13, 21, 218, 1, 21, 69, 6713 }, // U+0451
    { 16, 27, 257, 0, 21, 108, 6782 }, // U+0452
    { 12, 23, 213, 1, 23, 69, 6890 }, // U+0453
    { 12, 14, 214, 1, 14, 42, 6959 }, // U+0454
    { 12, 14, 201, 1, 14, 42, 7001 }, // U+0455
    { 9, 20, 142, -1, 20, 45, 7043 }, // U+0456
    { 10, 20, 142, 1, 20, 50, 7088 }, // U+0457
    { 9, 26, 127, -2, 20, 59, 7138 }, // U+0458
    { 21, 14, 322, 0, 14, 74, 7197 }, // U+0459
    { 23, 14, 349, 0, 14, 81, 7271 }, // U+045A
    { 17, 20, 265, 0, 20, 85, 7352 }, // U+045B
    { 16, 22, 256, 0, 22, 88, 7437 }, // U+045C
    { 18, 23, 278, 0, 23, 104, 7525 }, // U+045D
    { 16, 27, 260, 1, 21, 108, 7629 }, // U+045E
    { 17, 19, 276, 0, 14, 81, 7737 }, // U+045F
    { 18, 21, 303, 0, 21, 95, 7818 }, // U+0462
    { 15, 19, 260, 0, 19, 72, 7913 }, // U+0463
    { 18, 19, 312, 1, 19, 86, 7985 }, // U+0472
    { 13, 14, 242, 1, 14, 46, 8071 }, // U+0473
    { 20, 19, 314, -1, 19, 95, 8117 }, // U+0474
    { 16, 14, 266, 1, 14, 56, 8212 }, // U+0475
    { 21, 31, 340, 0, 25, 163, 8268 }, // U+048A
    { 18, 25, 274, 0, 20, 113, 8431 }, // U+048B
    { 15, 18, 261, 1, 18, 68, 8544 }, // U+048C
    { 15, 19, 218, 0, 19, 72, 8612 }, // U+048D
    { 15, 19, 250, 0, 19, 72, 8684 }, // U+048E
    { 16, 20, 250, -1, 14, 80, 8756 }, // U+048F
    { 14, 22, 231, 0, 22, 77, 8836 }, // U+0490
    { 13, 17, 204, 0, 17, 56, 8913 }, // U+0491
    { 15, 18, 248, 1, 18, 68, 8969 }, // U+0492
    { 12, 14, 215, 1, 14, 42, 9037 }, // U+0493
    { 17, 24, 290, 0, 18, 102, 9079 }, // U+0494
    { 15, 20, 248, 1, 14, 75, 9181 }, // U+0495
    { 28, 24, 444, 0, 19, 168, 9256 }, // U+0496
    { 23, 19, 360, 0, 14, 110, 9424 }, // U+0497
    { 15, 25, 249, 0, 19, 94, 9534 }, // U+0498
    { 13, 19, 206, 1, 14, 62, 9628 }, // U+0499
    { 19, 25, 306, 0, 19, 119, 9690 }, // U+049A
    { 16, 19, 256, 0, 14, 76, 9809 }, // U+049B
    { 20, 19, 322, 0, 19, 95, 9885 }, // U+049C
    { 17, 14, 265, 0, 14, 60, 9980 }, // U+049D
    { 20, 19, 305, 0, 19, 95, 10040 }, // U+049E
    { 17, 19, 255, 0, 19, 81, 10135 }, // U+049F
    { 22, 19, 350, 0, 19, 105, 10216 }, // U+04A0
    { 18, 14, 304, 1, 14, 63, 10321 }, // U+04A1
    { 21, 24, 348, 0, 18, 126, 10384 }, // U+04A2
    { 18, 19, 286, 0, 14, 86, 10510 }, // U+04A3
    { 24, 18, 396, 0, 18, 108, 10596 }, // U+04A4
    { 19, 14, 328, 1, 14, 67, 10704 }, // U+04A5
    { 27, 24, 446, 0, 18, 162, 10771 }, // U+04A6
    { 24, 20, 376, 0, 14, 120, 10933 }, // U+04A7
    { 20, 19, 341, 1, 19, 95, 11053 }, // U+04A8
    { 16, 14, 279, 1, 14, 56, 11148 }, // U+04A9
    { 15, 25, 262, 1, 19, 94, 11204 }, // U+04AA
    { 11, 19, 208, 1, 14, 53, 11298 }, // U+04AB
    { 16, 24, 287, 1, 18, 96, 11351 }, // U+04AC
    { 14, 19, 246, 1, 14, 67, 11447 }, // U+04AD
    { 18, 18, 289, 0, 18, 81, 11514 }, // U+04AE
    { 17, 20, 261, 0, 14, 85, 11595 }, // U+04AF
    { 19, 18, 289, 0, 18, 86, 11680 }, // U+04B0
    { 17, 20, 261, 0, 14, 85, 11766 }, // U+04B1
    { 20, 24, 313, 0, 18, 120, 11851 }, // U+04B2
    { 16, 19, 252, 0, 14, 76, 11971 }, // U+04B3
    { 23, 24, 370, 0, 18, 138, 12047 }, // U+04B4
    { 20, 19, 322, 1, 14, 95, 12185 }, // U+04B5
    { 19, 24, 314, 0, 18, 114, 12280 }, // U+04B6
    { 17, 19, 262, 1, 14, 81, 12394 }, // U+04B7
    { 19, 18, 310, 0, 18, 86, 12475 }, // U+04B8
    { 16, 14, 261, 1, 14, 56, 12561 }, // U+04B9
    { 19, 18, 311, 0, 18, 86, 12617 }, // U+04BA
    { 17, 20, 265, -1, 20, 85, 12703 }, // U+04BB
    { 20, 19, 339, 1, 19, 95, 12788 }, // U+04BC
    { 17, 14, 267, 1, 14, 60, 12883 }, // U+04BD
    { 20, 24, 339, 1, 19, 120, 12943 }, // U+04BE
    { 17, 19, 267, 1, 14, 81, 13063 }, // U+04BF
    { 10, 18, 167, 0, 18, 45, 13144 }, // U+04C0
    { 29, 26, 444, -1, 26, 189, 13189 }, // U+04C1
    { 23, 21, 360, 0, 21, 121, 13378 }, // U+04C2
    { 17, 25, 296, 1, 19, 107, 13499 }, // U+04C3
    { 15, 20, 250, 0, 14, 75, 13606 }, // U+04C4
    { 18, 23, 310, 1, 18, 104, 13681 }, // U+04C5
    { 15, 19, 259, 1, 14, 72, 13785 }, // U+04C6
    { 21, 24, 338, 0, 18, 126, 13857 }, // U+04C7
    { 17, 20, 278, 0, 14, 85, 13983 }, // U+04C8
    { 21, 24, 344, 0, 18, 126, 14068 }, // U+04C9
    { 18, 19, 281, 0, 14, 86, 14194 }, // U+04CA
    { 19, 24, 310, 0, 18, 114, 14280 }, // U+04CB
    { 16, 19, 256, 1, 14, 76, 14394 }, // U+04CC
    { 24, 24, 386, 0, 18, 144, 14470 }, // U+04CD
    { 19, 19, 315, 0, 14, 91, 14614 }, // U+04CE
    { 10, 20, 167, 0, 20, 50, 14705 }, // U+04CF
    { 20, 25, 309, 0, 25, 125, 14755 }, // U+04D0
    { 14, 20, 227, 1, 20, 70, 14880 }, // U+04D1
    { 20, 24, 309, 0, 24, 120, 14950 }, // U+04D2
    { 14, 21, 227, 1, 21, 74, 15070 }, // U+04D3
    { 24, 18, 393, 0, 18, 108, 15144 }, // U+04D4
    { 20, 14, 332, 1, 14, 70, 15252 }, // U+04D5
    { 15, 25, 260, 0, 25, 94, 15322 }, // U+04D6
    { 13, 21, 218, 1, 21, 69, 15416 }, // U+04D7
    { 16, 19, 280, 1, 19, 76, 15485 }, // U+04D8
    { 12, 14, 218, 1, 14, 42, 15561 }, // U+04D9
    { 16, 25, 280, 1, 25, 100, 15603 }, // U+04DA
    { 12, 21, 218, 1, 21, 63, 15703 }, // U+04DB
    { 29, 25, 444, -1, 25, 182, 15766 }, // U+04DC
    { 23, 21, 360, 0, 21, 121, 15948 }, // U+04DD
    { 15, 25, 249, 0, 25, 94, 16069 }, // U+04DE
    { 12, 21, 206, 1, 21, 63, 16163 }, // U+04DF
    { 14, 18, 233, 1, 18, 63, 16226 }, // U+04E0
    { 14, 20, 216, 0, 14, 70, 16289 }, // U+04E1
    { 20, 24, 340, 0, 24, 120, 16359 }, // U+04E2
    { 18, 19, 278, 0, 19, 86, 16479 }, // U+04E3
    { 20, 24, 340, 0, 24, 120, 16565 }, // U+04E4
    { 18, 20, 278, 0, 20, 90, 16685 }, // U+04E5
    { 18, 25, 312, 1, 25, 113, 16775 }, // U+04E6
    { 14, 21, 242, 1, 21, 74, 16888 }, // U+04E7
    { 18, 19, 312, 1, 19, 86, 16962 }, // U+04E8
    { 13, 14, 242, 1, 14, 46, 17048 }, // U+04E9
    { 18, 25, 312, 1, 25, 113, 17094 }, // U+04EA
    { 13, 21, 242, 1, 21, 69, 17207 }, // U+04EB
    { 16, 25, 275, 0, 25, 100, 17276 }, // U+04EC
    { 13, 21, 218, 1, 21, 69, 17376 }, // U+04ED
    { 19, 24, 289, -1, 24, 114, 17445 }, // U+04EE
    { 16, 25, 260, 1, 19, 100, 17559 }, // U+04EF
    { 19, 25, 289, -1, 25, 119, 17659 }, // U+04F0
    { 16, 26, 260, 1, 20, 104, 17778 }, // U+04F1
    { 19, 26, 289, -1, 26, 124, 17882 }, // U+04F2
    { 16, 29, 260, 1, 23, 116, 18006 }, // U+04F3
    { 19, 24, 310, 0, 24, 114, 18122 }, // U+04F4
    { 16, 20, 256, 1, 20, 80, 18236 }, // U+04F5
    { 15, 24, 250, 0, 18, 90, 18316 }, // U+04F6
    { 12, 19, 213, 1, 14, 57, 18406 }, // U+04F7
    { 25, 24, 408, 0, 24, 150, 18463 }, // U+04F8
    { 22, 20, 351, 0, 20, 110, 18613 }, // U+04F9
    { 14, 24, 248, 1, 18, 84, 18723 }, // U+04FA
    { 12, 19, 213, 1, 14, 57, 18807 }, // U+04FB
    { 19, 24, 300, -1, 18, 114, 18864 }, // U+04FC
    { 17, 20, 245, -1, 14, 85, 18978 }, // U+04FD
    { 20, 18, 308, -1, 18, 90, 19063 }, // U+04FE
    { 16, 14, 248, 0, 14, 56, 19153 }, // U+04FF
    { 20, 25, 309, -1, 19, 125, 0 }, // U+1EA0
    { 14, 20, 227, 1, 14, 70, 125 }, // U+1EA1
    { 20, 26, 309, 0, 26, 130, 195 }, // U+1EA2
    { 14, 23, 227, 1, 23, 81, 325 }, // U+1EA3
    { 20, 28, 309, -1, 28, 140, 406 }, // U+1EA4
    { 14, 27, 227, 1, 27, 95, 546 }, // U+1EA5
    { 20, 28, 309, -1, 28, 140, 641 }, // U+1EA6
    { 14, 27, 227, 1, 27, 95, 781 }, // U+1EA7
    { 20, 27, 309, -1, 27, 135, 876 }, // U+1EA8
    { 14, 26, 227, 1, 26, 91, 1011 }, // U+1EA9
    { 19, 27, 309, 0, 27, 129, 1102 }, // U+1EAA
    { 14, 26, 227, 1, 26, 91, 1231 }, // U+1EAB
    { 20, 32, 309, -1, 26, 160, 1322 }, // U+1EAC
    { 14, 28, 227, 1, 22, 98, 1482 }, // U+1EAD
    { 20, 28, 309, -1, 28, 140, 1580 }, // U+1EAE
    { 14, 26, 227, 1, 26, 91, 1720 }, // U+1EAF
    { 20, 28, 309, -1, 28, 140, 1811 }, // U+1EB0
    { 14, 26, 227, 1, 26, 91, 1951 }, // U+1EB1
    { 20, 27, 309, -1, 27, 135, 2042 }, // U+1EB2
    { 14, 26, 227, 1, 26, 91, 2177 }, // U+1EB3
    { 19, 27, 309, 0, 27, 129, 2268 }, // U+1EB4
    { 14, 25, 227, 1, 25, 88, 2397 }, // U+1EB5
    { 20, 32, 309, -1, 26, 160, 2485 }, // U+1EB6
    { 14, 27, 227, 1, 21, 95, 2645 }, // U+1EB7
    { 15, 24, 260, 0, 18, 90, 2740 }, // U+1EB8
    { 13, 20, 218, 1, 14, 65, 2830 }, // U+1EB9
    { 15, 26, 260, 0, 26, 98, 2895 }, // U+1EBA
    { 13, 23, 218, 1, 23, 75, 2993 }, // U+1EBB
    { 15, 25, 260, 0, 25, 94, 3068 }, // U+1EBC
    { 13, 20, 218, 1, 20, 65, 3162 }, // U+1EBD
    { 16, 28, 260, 0, 28, 112, 3227 }, // U+1EBE
    { 13, 27, 218, 1, 27, 88, 3339 }, // U+1EBF
    { 15, 28, 260, 0, 28, 105, 3427 }, // U+1EC0
    { 13, 27, 218, 1, 27, 88, 3532 }, // U+1EC1
    { 15, 27, 260, 0, 27, 102, 3620 }, // U+1EC2
    { 14, 26, 218, 1, 26, 91, 3722 }, // U+1EC3
    { 15, 27, 260, 0, 27, 102, 3813 }, // U+1EC4
    { 13, 26, 218, 1, 26, 85, 3915 }, // U+1EC5
    { 15, 32, 260, 0, 26, 120, 4000 }, // U+1EC6
    { 13, 28, 218, 1, 22, 91, 4120 }, // U+1EC7
    { 9, 26, 167, 1, 26, 59, 4211 }, // U+1EC8
    { 9, 23, 142, 0, 23, 52, 4270 }, // U+1EC9
    { 10, 24, 167, 0, 18, 60, 4322 }, // U+1ECA
    { 9, 26, 142, -1, 20, 59, 4382 }, // U+1ECB
    { 18, 25, 312, 1, 19, 113, 4441 }, // U+1ECC
    { 14, 20, 242, 1, 14, 70, 4554 }, // U+1ECD
    { 18, 27, 312, 1, 27, 122, 4624 }, // U+1ECE
    { 14, 23, 242, 1, 23, 81, 4746 }, // U+1ECF
    { 18, 28, 312, 1, 28, 126, 4827 }, // U+1ED0
    { 14, 27, 242, 1, 27, 95, 4953 }, // U+1ED1
    { 18, 28, 312, 1, 28, 126, 5048 }, // U+1ED2
    { 14, 27, 242, 1, 27, 95, 5174 }, // U+1ED3
    { 18, 28, 312, 1, 28, 126, 5269 }, // U+1ED4
    { 14, 26, 242, 1, 26, 91, 5395 }, // U+1ED5
    { 18, 28, 312, 1, 28, 126, 5486 }, // U+1ED6
    { 14, 26, 242, 1, 26, 91, 5612 }, // U+1ED7
    { 18, 32, 312, 1, 26, 144, 5703 }, // U+1ED8
    { 14, 28, 242, 1, 22, 98, 5847 }, // U+1ED9
    { 19, 26, 312, 1, 26, 124, 5945 }, // U+1EDA
    { 14, 23, 242, 1, 23, 81, 6069 }, // U+1EDB
    { 19, 26, 312, 1, 26, 124, 6150 }, // U+1EDC
    { 14, 23, 242, 1, 23, 81, 6274 }, // U+1EDD
    { 19, 27, 312, 1, 27, 129, 6355 }, // U+1EDE
    { 14, 23, 242, 1, 23, 81, 6484 }, // U+1EDF
    { 19, 25, 312, 1, 25, 119, 6565 }, // U+1EE0
    { 14, 20, 242, 1, 20, 70, 6684 }, // U+1EE1
    { 19, 28, 312, 1, 22, 133, 6754 }, // U+1EE2
    { 14, 23, 242, 1, 17, 81, 6887 }, // U+1EE3
    { 21, 24, 322, 0, 18, 126, 6968 }, // U+1EE4
    { 17, 20, 261, 0, 14, 85, 7094 }, // U+1EE5
    { 21, 27, 322, 0, 27, 142, 7179 }, // U+1EE6
    { 17, 23, 261, 0, 23, 98, 7321 }, // U+1EE7
    { 22, 26, 322, 0, 26, 143, 7419 }, // U+1EE8
    { 16, 23, 261, 1, 23, 92, 7562 }, // U+1EE9
    { 22, 26, 322, 0, 26, 143, 7654 }, // U+1EEA
    { 16, 23, 261, 1, 23, 92, 7797 }, // U+1EEB
    { 22, 27, 322, 0, 27, 149, 7889 }, // U+1EEC
    { 16, 23, 261, 1, 23, 92, 8038 }, // U+1EED
    { 22, 25, 322, 0, 25, 138, 8130 }, // U+1EEE
    { 16, 20, 261, 1, 20, 80, 8268 }, // U+1EEF
    { 22, 28, 322, 0, 22, 154, 8348 }, // U+1EF0
    { 16, 23, 261, 1, 17, 92, 8502 }, // U+1EF1
    { 18, 26, 289, 0, 26, 117, 8594 }, // U+1EF2
    { 16, 29, 260, 1, 23, 116, 8711 }, // U+1EF3
    { 19, 24, 289, 0, 18, 114, 8827 }, // U+1EF4
    { 16, 20, 260, 1, 14, 80, 8941 }, // U+1EF5
    { 19, 26, 289, -1, 26, 124, 9021 }, // U+1EF6
    { 17, 29, 260, 0, 23, 124, 9145 }, // U+1EF7
    { 19, 25, 289, 0, 25, 119, 9269 }, // U+1EF8
    { 16, 26, 260, 1, 20, 104, 9388 }, // U+1EF9
    { 0, 0, 200, 0, 0, 0, 0 }, // U+2000
    { 0, 0, 400, 0, 0, 0, 0 }, // U+2001
    { 0, 0, 200, 0, 0, 0, 0 }, // U+2002
    { 0, 0, 400, 0, 0, 0, 0 }, // U+2003
    { 0, 0, 133, 0, 0, 0, 0 }, // U+2004
    { 0, 0, 100, 0, 0, 0, 0 }, // U+2005
    { 0, 0, 66, 0, 0, 0, 0 }, // U+2006
    { 0, 0, 249, 0, 0, 0, 0 }, // U+2007
    { 0, 0, 116, 0, 0, 0, 0 }, // U+2008
    { 0, 0, 80, 0, 0, 0, 0 }, // U+2009
    { 0, 0, 20, 0, 0, 0, 0 }, // U+200A
    { 0, 0, 0, 0, 0, 0, 0 }, // U+200B
    { 1, 21, 0, 0, 15, 6, 0 }, // U+200C
    { 5, 23, 0, -2, 17, 29, 6 }, // U+200D
    { 9, 24, 0, -4, 18, 54, 35 }, // U+200E
    { 8, 24, 0, -4, 18, 48, 89 }, // U+200F
    { 8, 3, 152, 1, 8, 6, 137 }, // U+2010
    { 8, 3, 152, 1, 8, 6, 143 }, // U+2011
    { 12, 3, 249, 2, 10, 9, 149 }, // U+2012
    { 13, 3, 200, 0, 8, 10, 158 }, // U+2013
    { 25, 3, 400, 0, 8, 19, 168 }, // U+2014
    { 25, 3, 400, 0, 8, 19, 187 }, // U+2015
    { 8, 26, 200, 2, 20, 52, 206 }, // U+2016
    { 13, 7, 200, 0, -1, 23, 258 }, // U+2017
    { 5, 8, 98, 1, 19, 10, 281 }, // U+2018
    { 5, 8, 98, 0, 19, 10, 291 }, // U+2019
    { 5, 8, 98, 0, 3, 10, 301 }, // U+201A
    { 5, 8, 98, 1, 19, 10, 311 }, // U+201B
    { 10, 8, 178, 1, 19, 20, 321 }, // U+201C
    { 10, 8, 178, 0, 19, 20, 341 }, // U+201D
    { 10, 8, 178, 0, 3, 20, 361 }, // U+201E
    { 10, 8, 178, 1, 19, 20, 381 }, // U+201F
    { 11, 18, 198, 1, 19, 50, 401 }, // U+2020
    { 11, 21, 199, 1, 19, 58, 451 }, // U+2021
    { 6, 6, 120, 1, 10, 9, 509 }, // U+2022
    { 8, 10, 249, 4, 14, 20, 518 }, // U+2023
    { 5, 4, 116, 1, 4, 5, 538 }, // U+2024
    { 11, 4, 200, 1, 4, 11, 543 }, // U+2025
    { 22, 4, 400, 2, 4, 22, 554 }, // U+2026
    { 5, 4, 116, 1, 9, 5, 576 }, // U+2027
    { 0, 0, 0, 0, 0, 0, 581 }, // U+2028
    { 0, 0, 0, 0, 0, 0, 581 }, // U+2029
    { 8, 24, 0, -4, 18, 48, 581 }, // U+202A
    { 8, 24, 0, -4, 18, 48, 629 }, // U+202B
    { 8, 24, 0, -3, 18, 48, 677 }, // U+202C
    { 11, 24, 0, -5, 18, 66, 725 }, // U+202D
    { 10, 24, 0, -5, 18, 60, 791 }, // U+202E
    { 0, 0, 43, 0, 0, 0, 851 }, // U+202F
    { 33, 21, 555, 1, 20, 174, 851 }, // U+2030
    { 6, 10, 109, 1, 19, 15, 1025 }, // U+2032
    { 11, 10, 196, 1, 19, 28, 1040 }, // U+2033
    { 17, 10, 284, 1, 19, 43, 1068 }, // U+2034
    { 6, 10, 109, 1, 19, 15, 1111 }, // U+2035
    { 11, 10, 204, 1, 19, 28, 1126 }, // U+2036
    { 17, 10, 292, 1, 19, 43, 1154 }, // U+2037
    { 11, 6, 200, 1, 1, 17, 1197 }, // U+2038
    { 7, 10, 134, 1, 12, 18, 1214 }, // U+2039
    { 7, 10, 134, 1, 12, 18, 1232 }, // U+203A
    { 15, 18, 249, 0, 17, 68, 1250 }, // U+203B
    { 12, 20, 232, 2, 20, 60, 1318 }, // U+203C
    { 13, 3, 200, 0, 22, 10, 1378 }, // U+203E
    { 6, 3, 120, 1, 8, 5, 1388 }, // U+2043
    { 14, 22, 73, -5, 20, 77, 1393 }, // U+2044
    { 21, 19, 375, 1, 19, 100, 1470 }, // U+2047
    { 18, 20, 308, 1, 20, 90, 1570 }, // U+2048
    { 17, 20, 308, 2, 20, 85, 1660 }, // U+2049
    { 15, 6, 400, 5, 10, 23, 1745 }, // U+2053
    { 22, 10, 371, 1, 19, 55, 1768 }, // U+2057
    { 0, 0, 89, 0, 0, 0, 1823 }, // U+205F
    { 0, 0, 0, 0, 0, 0, 1823 }, // U+2060
    { 0, 0, 0, 0, 0, 0, 1823 }, // U+2061
    { 0, 0, 0, 0, 0, 0, 1823 }, // U+2062
    { 0, 0, 0, 0, 0, 0, 1823 }, // U+2063
    { 0, 0, 0, 0, 0, 0, 1823 }, // U+2064
    { 11, 11, 179, 1, 20, 31, 0 }, // U+2070
    { 11, 12, 179, 0, 21, 33, 31 }, // U+2074
    { 9, 11, 179, 2, 20, 25, 64 }, // U+2075
    { 10, 11, 179, 1, 20, 28, 89 }, // U+2076
    { 9, 11, 179, 2, 20, 25, 117 }, // U+2077
    { 9, 11, 179, 1, 20, 25, 142 }, // U+2078
    { 9, 11, 179, 1, 20, 25, 167 }, // U+2079
    { 12, 8, 226, 1, 17, 24, 192 }, // U+207F
    { 11, 11, 179, 1, 8, 31, 216 }, // U+2080
    { 9, 12, 179, 1, 9, 27, 247 }, // U+2081
    { 10, 11, 179, 0, 8, 28, 274 }, // U+2082
    { 10, 11, 179, 1, 8, 28, 302 }, // U+2083
    { 11, 12, 179, 0, 9, 33, 330 }, // U+2084
    { 9, 11, 179, 2, 8, 25, 363 }, // U+2085
    { 10, 11, 179, 1, 8, 28, 388 }, // U+2086
    { 9, 11, 179, 2, 8, 25, 416 }, // U+2087
    { 9, 11, 179, 1, 8, 25, 441 }, // U+2088
    { 9, 11, 179, 1, 8, 25, 466 }, // U+2089
    { 14, 18, 249, 0, 18, 63, 0 }, // U+20A3
    { 14, 18, 249, 1, 18, 63, 63 }, // U+20A4
    { 33, 18, 544, 0, 18, 149, 126 }, // U+20A7
    { 17, 18, 249, -1, 18, 77, 275 }, // U+20AC
    { 17, 13, 400, 4, 15, 56, 0 }, // U+2190
    { 13, 16, 400, 6, 17, 52, 56 }, // U+2191
    { 17, 13, 400, 4, 15, 56, 108 }, // U+2192
    { 13, 16, 400, 6, 17, 52, 164 }, // U+2193
    { 16, 11, 400, 4, 14, 44, 216 }, // U+2194
    { 11, 17, 400, 7, 17, 47, 260 }, // U+2195
    { 13, 18, 400, 6, 18, 59, 307 }, // U+21A8
    { 11, 18, 400, 7, 18, 50, 366 }, // U+21B2
    { 11, 18, 400, 7, 18, 50, 416 }, // U+21B3
    { 15, 14, 400, 5, 16, 53, 466 }, // U+21B5
    { 17, 14, 400, 4, 16, 60, 519 }, // U+21D0
    { 14, 17, 400, 6, 17, 60, 579 }, // U+21D1
    { 17, 14, 400, 4, 16, 60, 639 }, // U+21D2
    { 14, 17, 400, 6, 17, 60, 699 }, // U+21D3
    { 16, 13, 400, 4, 15, 52, 759 }, // U+21D4
    { 18, 19, 400, 3, 18, 86, 0 }, // U+2200
    { 13, 21, 249, 1, 20, 69, 86 }, // U+2202
    { 12, 17, 400, 6, 17, 51, 155 }, // U+2203
    { 19, 21, 400, 3, 19, 100, 206 }, // U+2205
    { 16, 18, 273, 0, 18, 72, 306 }, // U+2206
    { 16, 19, 400, 5, 18, 76, 378 }, // U+2207
    { 17, 17, 400, 4, 17, 73, 454 }, // U+2208
    { 17, 22, 400, 4, 19, 94, 527 }, // U+2209
    { 17, 15, 400, 4, 16, 64, 621 }, // U+220A
    { 17, 17, 400, 4, 17, 73, 685 }, // U+220B
    { 17, 22, 400, 4, 19, 94, 758 }, // U+220C
    { 17, 15, 400, 4, 16, 64, 852 }, // U+220D
    { 21, 22, 335, 0, 18, 116, 916 }, // U+220F
    { 16, 23, 266, 0, 18, 92, 1032 }, // U+2211
    { 12, 3, 249, 2, 10, 9, 1124 }, // U+2212
    { 13, 20, 211, 0, 18, 65, 1133 }, // U+2215
    { 13, 20, 211, 0, 18, 65, 1198 }, // U+2216
    { 12, 12, 249, 2, 14, 36, 1263 }, // U+2217
    { 10, 9, 249, 3, 13, 23, 1299 }, // U+2218
    { 5, 4, 249, 5, 9, 5, 1322 }, // U+2219
    { 17, 23, 249, -1, 20, 98, 1327 }, // U+221A
    { 13, 10, 249, 1, 13, 33, 1425 }, // U+221D
    { 16, 10, 249, 0, 13, 40, 1458 }, // U+221E
    { 17, 18, 400, 4, 18, 77, 1498 }, // U+221F
    { 19, 18, 400, 3, 18, 86, 1575 }, // U+2220
    { 4, 25, 200, 4, 19, 25, 1661 }, // U+2223
    { 9, 25, 200, 2, 19, 57, 1686 }, // U+2225
    { 18, 18, 400, 4, 18, 81, 1743 }, // U+2227
    { 18, 18, 400, 4, 18, 81, 1824 }, // U+2228
    { 15, 18, 400, 5, 18, 68, 1905 }, // U+2229
    { 15, 18, 400, 5, 18, 68, 1973 }, // U+222A
    { 14, 26, 249, 1, 20, 91, 2041 }, // U+222B
    { 16, 14, 400, 4, 14, 56, 2132 }, // U+2234
    { 16, 14, 400, 4, 14, 56, 2188 }, // U+2235
    { 5, 13, 125, 1, 15, 17, 2244 }, // U+2236
    { 17, 14, 400, 4, 14, 60, 2261 }, // U+2237
    { 15, 6, 400, 5, 10, 23, 2321 }, // U+223C
    { 16, 15, 400, 4, 16, 60, 2344 }, // U+2245
    { 13, 11, 249, 1, 14, 36, 2404 }, // U+2248
    { 15, 10, 400, 5, 12, 38, 2440 }, // U+224D
    { 12, 13, 249, 2, 15, 39, 2478 }, // U+2260
    { 14, 13, 400, 5, 14, 46, 2517 }, // U+2261
    { 12, 15, 249, 1, 15, 45, 2563 }, // U+2264
    { 12, 16, 249, 2, 16, 48, 2608 }, // U+2265
    { 21, 13, 400, 2, 15, 69, 2656 }, // U+226A
    { 21, 13, 400, 2, 15, 69, 2725 }, // U+226B
    { 17, 15, 400, 4, 16, 64, 2794 }, // U+2283
    { 17, 23, 400, 4, 20, 98, 2858 }, // U+2284
    { 17, 23, 400, 4, 20, 98, 2956 }, // U+2285
    { 17, 17, 400, 4, 17, 73, 3054 }, // U+2286
    { 17, 17, 400, 4, 17, 73, 3127 }, // U+2287
    { 20, 19, 400, 2, 18, 95, 3200 }, // U+2295
    { 19, 19, 400, 3, 18, 91, 3295 }, // U+2296
    { 19, 19, 400, 3, 18, 91, 3386 }, // U+2297
    { 19, 19, 400, 3, 18, 91, 3477 }, // U+2298
    { 15, 18, 400, 5, 18, 68, 3568 }, // U+22A5
    { 5, 4, 249, 5, 9, 5, 3636 }, // U+22C5
    { 22, 4, 400, 2, 9, 22, 3641 }, // U+22EF
    { 22, 20, 310, 0, 20, 110, 0 }, // U+FB00
    { 18, 20, 280, 0, 20, 90, 110 }, // U+FB01
    { 18, 20, 281, 0, 20, 90, 200 }, // U+FB02
    { 26, 20, 416, 0, 20, 130, 290 }, // U+FB03
    { 26, 20, 418, 0, 20, 130, 420 }, // U+FB04
    { 20, 20, 317, 0, 20, 100, 550 }, // U+FB05
    { 22, 20, 371, 1, 20, 110, 650 }, // U+FB06
    { 25, 24, 400, 0, 21, 150, 0 }, // U+FFFD
};

static const EpdUnicodeInterval bookerly_12_boldIntervals[] = {
    { 0x0, 0x0, 0x0 },
    { 0x8, 0x9, 0x1 },
    { 0xD, 0xD, 0x3 },
    { 0x1D, 0x1D, 0x4 },
    { 0x20, 0x7E, 0x5 },
    { 0xA0, 0xFF, 0x64 },
    { 0x100, 0x17F, 0xC4 },
    { 0x1A0, 0x1A1, 0x144 },
    { 0x1AF, 0x1B0, 0x146 },
    { 0x1C4, 0x1F5, 0x148 },
    { 0x1F8, 0x21F, 0x17A },
    { 0x300, 0x304, 0x1A2 },
    { 0x306, 0x30C, 0x1A7 },
    { 0x30F, 0x30F, 0x1AE },
    { 0x311, 0x315, 0x1AF },
    { 0x31B, 0x31B, 0x1B4 },
    { 0x323, 0x329, 0x1B5 },
    { 0x32D, 0x32E, 0x1BC },
    { 0x330, 0x331, 0x1BE },
    { 0x342, 0x342, 0x1C0 },
    { 0x344, 0x345, 0x1C1 },
    { 0x400, 0x45F, 0x1C3 },
    { 0x462, 0x463, 0x223 },
    { 0x472, 0x475, 0x225 },
    { 0x48A, 0x4FF, 0x229 },
    { 0x1EA0, 0x1EF9, 0x29F },
    { 0x2000, 0x2030, 0x2F9 },
    { 0x2032, 0x203C, 0x32A },
    { 0x203E, 0x203E, 0x335 },
    { 0x2043, 0x2044, 0x336 },
    { 0x2047, 0x2049, 0x338 },
    { 0x2053, 0x2053, 0x33B },
    { 0x2057, 0x2057, 0x33C },
    { 0x205F, 0x2064, 0x33D },
    { 0x2070, 0x2070, 0x343 },
    { 0x2074, 0x2079, 0x344 },
    { 0x207F, 0x2089, 0x34A },
    { 0x20A3, 0x20A4, 0x355 },
    { 0x20A7, 0x20A7, 0x357 },
    { 0x20AC, 0x20AC, 0x358 },
    { 0x2190, 0x2195, 0x359 },
    { 0x21A8, 0x21A8, 0x35F },
    { 0x21B2, 0x21B3, 0x360 },
    { 0x21B5, 0x21B5, 0x362 },
    { 0x21D0, 0x21D4, 0x363 },
    { 0x2200, 0x2200, 0x368 },
    { 0x2202, 0x2203, 0x369 },
    { 0x2205, 0x220D, 0x36B },
    { 0x220F, 0x220F, 0x374 },
    { 0x2211, 0x2212, 0x375 },
    { 0x2215, 0x221A, 0x377 },
    { 0x221D, 0x2220, 0x37D },
    { 0x2223, 0x2223, 0x381 },
    { 0x2225, 0x2225, 0x382 },
    { 0x2227, 0x222B, 0x383 },
    { 0x2234, 0x2237, 0x388 },
    { 0x223C, 0x223C, 0x38C },
    { 0x2245, 0x2245, 0x38D },
    { 0x2248, 0x2248, 0x38E },
    { 0x224D, 0x224D, 0x38F },
    { 0x2260, 0x2261, 0x390 },
    { 0x2264, 0x2265, 0x392 },
    { 0x226A, 0x226B, 0x394 },
    { 0x2283, 0x2287, 0x396 },
    { 0x2295, 0x2298, 0x39B },
    { 0x22A5, 0x22A5, 0x39F },
    { 0x22C5, 0x22C5, 0x3A0 },
    { 0x22EF, 0x22EF, 0x3A1 },
    { 0xFB00, 0xFB06, 0x3A2 },
    { 0xFFFD, 0xFFFD, 0x3A9 },
};

static const EpdFontGroup bookerly_12_boldGroups[] = {
    { 0, 2867, 6271, 100, 0 },
    { 2867, 2839, 8002, 96, 100 },
    { 5706, 3736, 12523, 128, 196 },
    { 9442, 3635, 10944, 94, 324 },
    { 13077, 273, 410, 33, 418 },
    { 13350, 7050, 20548, 220, 451 },
    { 20400, 2558, 10363, 90, 671 },
    { 22958, 963, 2074, 74, 761 },
    { 23921, 265, 594, 18, 835 },
    { 24186, 228, 396, 4, 853 },
    { 24414, 444, 917, 15, 857 },
    { 24858, 1605, 4065, 58, 872 },
    { 26463, 314, 820, 7, 930 },
    { 26777, 109, 168, 1, 937 },
};

static const EpdKernClassEntry bookerly_12_boldKernLeftClasses[] = {
    { 0x0022, 1 }, // "
    { 0x0027, 1 }, // '
    { 0x0028, 2 }, // (
    { 0x002A, 3 }, // *
    { 0x002C, 4 }, // ,
    { 0x002D, 5 }, // -
    { 0x002E, 4 }, // .
    { 0x002F, 6 }, // /
    { 0x003A, 7 }, // :
    { 0x003B, 7 }, // ;
    { 0x0040, 8 }, // @
    { 0x0041, 9 }, // A
    { 0x0042, 10 }, // B
    { 0x0043, 11 }, // C
    { 0x0044, 12 }, // D
    { 0x0045, 13 }, // E
    { 0x0046, 14 }, // F
    { 0x0047, 15 }, // G
    { 0x0048, 16 }, // H
    { 0x0049, 16 }, // I
    { 0x004A, 17 }, // J
    { 0x004B, 18 }, // K
    { 0x004C, 19 }, // L
    { 0x004D, 20 }, // M
    { 0x004E, 21 }, // N
    { 0x004F, 12 }, // O
    { 0x0050, 22 }, // P
    { 0x0051, 23 }, // Q
    { 0x0052, 24 }, // R
    { 0x0053, 25 }, // S
    { 0x0054, 26 }, // T
    { 0x0055, 27 }, // U
    { 0x0056, 28 }, // V
    { 0x0057, 28 }, // W
    { 0x0058, 29 }, // X
    { 0x0059, 30 }, // Y
    { 0x005A, 31 }, // Z
    { 0x005B, 32 }, // [
    { 0x005C, 33 }, // <backslash>
    { 0x0061, 34 }, // a
    { 0x0062, 35 }, // b
    { 0x0063, 36 }, // c
    { 0x0064, 37 }, // d
    { 0x0065, 38 }, // e
    { 0x0066, 39 }, // f
    { 0x0067, 40 }, // g
    { 0x0068, 41 }, // h
    { 0x0069, 42 }, // i
    { 0x006A, 43 }, // j
    { 0x006B, 44 }, // k
    { 0x006C, 45 }, // l
    { 0x006D, 41 }, // m
    { 0x006E, 41 }, // n
    { 0x006F, 35 }, // o
    { 0x0070, 35 }, // p
    { 0x0071, 46 }, // q
    { 0x0072, 47 }, // r
    { 0x0073, 48 }, // s
    { 0x0074, 49 }, // t
    { 0x0075, 50 }, // u
    { 0x0076, 51 }, // v
    { 0x0077, 51 }, // w
    { 0x0078, 52 }, // x
    { 0x0079, 51 }, // y
    { 0x007A, 53 }, // z
    { 0x007B, 54 }, // {
    { 0x00A1, 55 }, // U+00A1
    { 0x00AB, 56 }, // U+00AB
    { 0x00AD, 5 }, // U+00AD
    { 0x00BB, 57 }, // U+00BB
    { 0x00BF, 58 }, // U+00BF
    { 0x00C0, 9 }, // U+00C0
    { 0x00C1, 9 }, // U+00C1
    { 0x00C2, 9 }, // U+00C2
    { 0x00C3, 9 }, // U+00C3
    { 0x00C4, 9 }, // U+00C4
    { 0x00C5, 9 }, // U+00C5
    { 0x00C6, 13 }, // U+00C6
    { 0x00C7, 11 }, // U+00C7
    { 0x00C8, 13 }, // U+00C8
    { 0x00C9, 13 }, // U+00C9
    { 0x00CA, 13 }, // U+00CA
    { 0x00CB, 13 }, // U+00CB
    { 0x00CC, 16 }, // U+00CC
    { 0x00CD, 16 }, // U+00CD
    { 0x00CE, 16 }, // U+00CE
    { 0x00CF, 16 }, // U+00CF
    { 0x00D0, 12 }, // U+00D0
    { 0x00D1, 21 }, // U+00D1
    { 0x00D2, 12 }, // U+00D2
    { 0x00D3, 12 }, // U+00D3
    { 0x00D4, 12 }, // U+00D4
    { 0x00D5, 12 }, // U+00D5
    { 0x00D6, 12 }, // U+00D6
    { 0x00D8, 59 }, // U+00D8
    { 0x00D9, 27 }, // U+00D9
    { 0x00DA, 27 }, // U+00DA
    { 0x00DB, 27 }, // U+00DB
    { 0x00DC, 27 }, // U+00DC
    { 0x00DD, 30 }, // U+00DD
    { 0x00DE, 60 }, // U+00DE
    { 0x00DF, 61 }, // U+00DF
    { 0x00E0, 34 }, // U+00E0
    { 0x00E1, 34 }, // U+00E1
    { 0x00E2, 34 }, // U+00E2
    { 0x00E3, 34 }, // U+00E3
    { 0x00E4, 34 }, // U+00E4
    { 0x00E5, 34 }, // U+00E5
    { 0x00E6, 38 }, // U+00E6
    { 0x00E7, 36 }, // U+00E7
    { 0x00E8, 38 }, // U+00E8
    { 0x00E9, 38 }, // U+00E9
    { 0x00EA, 38 }, // U+00EA
    { 0x00EB, 38 }, // U+00EB
    { 0x00EC, 42 }, // U+00EC
    { 0x00ED, 42 }, // U+00ED
    { 0x00EE, 62 }, // U+00EE
    { 0x00EF, 62 }, // U+00EF
    { 0x00F0, 35 }, // U+00F0
    { 0x00F1, 41 }, // U+00F1
    { 0x00F2, 35 }, // U+00F2
    { 0x00F3, 35 }, // U+00F3
    { 0x00F4, 35 }, // U+00F4
    { 0x00F5, 35 }, // U+00F5
    { 0x00F6, 35 }, // U+00F6
    { 0x00F8, 35 }, // U+00F8
    { 0x00F9, 50 }, // U+00F9
    { 0x00FA, 50 }, // U+00FA
    { 0x00FB, 50 }, // U+00FB
    { 0x00FC, 50 }, // U+00FC
    { 0x00FD, 51 }, // U+00FD
    { 0x00FE, 35 }, // U+00FE
    { 0x00FF, 51 }, // U+00FF
    { 0x0100, 9 }, // U+0100
    { 0x0101, 34 }, // U+0101
    { 0x0102, 9 }, // U+0102
    { 0x0103, 34 }, // U+0103
    { 0x0104, 63 }, // U+0104
    { 0x0105, 64 }, // U+0105
    { 0x0106, 11 }, // U+0106
    { 0x0107, 36 }, // U+0107
    { 0x0108, 11 }, // U+0108
    { 0x0109, 36 }, // U+0109
    { 0x010A, 11 }, // U+010A
    { 0x010B, 36 }, // U+010B
    { 0x010C, 11 }, // U+010C
    { 0x010D, 36 }, // U+010D
    { 0x010E, 12 }, // U+010E
    { 0x010F, 65 }, // U+010F
    { 0x0110, 12 }, // U+0110
    { 0x0111, 66 }, // U+0111
    { 0x0112, 13 }, // U+0112
    { 0x0113, 38 }, // U+0113
    { 0x0114, 13 }, // U+0114
    { 0x0115, 38 }, // U+0115
    { 0x0116, 13 }, // U+0116
    { 0x0117, 38 }, // U+0117
    { 0x0118, 67 }, // U+0118
    { 0x0119, 68 }, // U+0119
    { 0x011A, 13 }, // U+011A
    { 0x011B, 38 }, // U+011B
    { 0x011C, 15 }, // U+011C
    { 0x011D, 40 }, // U+011D
    { 0x011E, 15 }, // U+011E
    { 0x011F, 40 }, // U+011F
    { 0x0120, 15 }, // U+0120
    { 0x0121, 40 }, // U+0121
    { 0x0122, 15 }, // U+0122
    { 0x0123, 40 }, // U+0123
    { 0x0124, 16 }, // U+0124
    { 0x0125, 41 }, // U+0125
    { 0x0126, 16 }, // U+0126
    { 0x0127, 41 }, // U+0127
    { 0x0128, 16 }, // U+0128
    { 0x0129, 62 }, // U+0129
    { 0x012A, 16 }, // U+012A
    { 0x012B, 62 }, // U+012B
    { 0x012C, 16 }, // U+012C
    { 0x012D, 62 }, // U+012D
    { 0x012E, 16 }, // U+012E
    { 0x012F, 69 }, // U+012F
    { 0x0130, 16 }, // U+0130
    { 0x0131, 42 }, // U+0131
    { 0x0132, 17 }, // U+0132
    { 0x0133, 43 }, // U+0133
    { 0x0134, 17 }, // U+0134
    { 0x0135, 70 }, // U+0135
    { 0x0136, 18 }, // U+0136
    { 0x0137, 44 }, // U+0137
    { 0x0138, 44 }, // U+0138
    { 0x0139, 19 }, // U+0139
    { 0x013A, 45 }, // U+013A
    { 0x013B, 19 }, // U+013B
    { 0x013C, 45 }, // U+013C
    { 0x013E, 65 }, // U+013E
    { 0x0141, 19 }, // U+0141
    { 0x0142, 71 }, // U+0142
    { 0x0143, 21 }, // U+0143
    { 0x0144, 41 }, // U+0144
    { 0x0145, 21 }, // U+0145
    { 0x0146, 41 }, // U+0146
    { 0x0147, 21 }, // U+0147
    { 0x0148, 41 }, // U+0148
    { 0x0149, 41 }, // U+0149
    { 0x014A, 21 }, // U+014A
    { 0x014B, 41 }, // U+014B
    { 0x014C, 12 }, // U+014C
    { 0x014D, 35 }, // U+014D
    { 0x014E, 12 }, // U+014E
    { 0x014F, 35 }, // U+014F
    { 0x0150, 12 }, // U+0150
    { 0x0151, 35 }, // U+0151
    { 0x0152, 13 }, // U+0152
    { 0x0153, 38 }, // U+0153
    { 0x0154, 24 }, // U+0154
    { 0x0155, 47 }, // U+0155
    { 0x0156, 24 }, // U+0156
    { 0x0157, 47 }, // U+0157
    { 0x0158, 24 }, // U+0158
    { 0x0159, 47 }, // U+0159
    { 0x015A, 25 }, // U+015A
    { 0x015B, 48 }, // U+015B
    { 0x015C, 25 }, // U+015C
    { 0x015D, 48 }, // U+015D
    { 0x015E, 25 }, // U+015E
    { 0x015F, 48 }, // U+015F
    { 0x0160, 25 }, // U+0160
    { 0x0161, 48 }, // U+0161
    { 0x0162, 26 }, // U+0162
    { 0x0163, 72 }, // U+0163
    { 0x0164, 26 }, // U+0164
    { 0x0165, 73 }, // U+0165
    { 0x0166, 26 }, // U+0166
    { 0x0167, 49 }, // U+0167
    { 0x0168, 27 }, // U+0168
    { 0x0169, 50 }, // U+0169
    { 0x016A, 27 }, // U+016A
    { 0x016B, 50 }, // U+016B
    { 0x016C, 27 }, // U+016C
    { 0x016D, 50 }, // U+016D
    { 0x016E, 27 }, // U+016E
    { 0x016F, 50 }, // U+016F
    { 0x0170, 27 }, // U+0170
    { 0x0171, 50 }, // U+0171
    { 0x0172, 27 }, // U+0172
    { 0x0173, 74 }, // U+0173
    { 0x0174, 28 }, // U+0174
    { 0x0175, 51 }, // U+0175
    { 0x0176, 30 }, // U+0176
    { 0x0177, 51 }, // U+0177
    { 0x0178, 30 }, // U+0178
    { 0x0179, 31 }, // U+0179
    { 0x017A, 53 }, // U+017A
    { 0x017B, 31 }, // U+017B
    { 0x017C, 53 }, // U+017C
    { 0x017D, 31 }, // U+017D
    { 0x017E, 53 }, // U+017E
    { 0x01A0, 75 }, // U+01A0
    { 0x01A1, 76 }, // U+01A1
    { 0x01AF, 77 }, // U+01AF
    { 0x01B0, 78 }, // U+01B0
    { 0x01C4, 31 }, // U+01C4
    { 0x01C5, 53 }, // U+01C5
    { 0x01C6, 53 }, // U+01C6
    { 0x01C7, 17 }, // U+01C7
    { 0x01C8, 43 }, // U+01C8
    { 0x01C9, 43 }, // U+01C9
    { 0x01CA, 17 }, // U+01CA
    { 0x01CB, 43 }, // U+01CB
    { 0x01CC, 43 }, // U+01CC
    { 0x01CD, 9 }, // U+01CD
    { 0x01CE, 34 }, // U+01CE
    { 0x01CF, 16 }, // U+01CF
    { 0x01D0, 62 }, // U+01D0
    { 0x01D1, 12 }, // U+01D1
    { 0x01D2, 35 }, // U+01D2
    { 0x01D3, 27 }, // U+01D3
    { 0x01D4, 50 }, // U+01D4
    { 0x01D5, 27 }, // U+01D5
    { 0x01D6, 50 }, // U+01D6
    { 0x01D7, 27 }, // U+01D7
    { 0x01D8, 50 }, // U+01D8
    { 0x01D9, 27 }, // U+01D9
    { 0x01DA, 50 }, // U+01DA
    { 0x01DB, 27 }, // U+01DB
    { 0x01DC, 50 }, // U+01DC
    { 0x01DD, 35 }, // U+01DD
    { 0x01DE, 9 }, // U+01DE
    { 0x01DF, 34 }, // U+01DF
    { 0x01E0, 9 }, // U+01E0
    { 0x01E1, 34 }, // U+01E1
    { 0x01E2, 13 }, // U+01E2
    { 0x01E3, 38 }, // U+01E3
    { 0x01E4, 15 }, // U+01E4
    { 0x01E5, 79 }, // U+01E5
    { 0x01E6, 15 }, // U+01E6
    { 0x01E7, 40 }, // U+01E7
    { 0x01E8, 18 }, // U+01E8
    { 0x01E9, 44 }, // U+01E9
    { 0x01EA, 12 }, // U+01EA
    { 0x01EB, 35 }, // U+01EB
    { 0x01EC, 12 }, // U+01EC
    { 0x01ED, 35 }, // U+01ED
    { 0x01EF, 80 }, // U+01EF
    { 0x01F0, 70 }, // U+01F0
    { 0x01F1, 31 }, // U+01F1
    { 0x01F2, 53 }, // U+01F2
    { 0x01F3, 53 }, // U+01F3
    { 0x01F4, 15 }, // U+01F4
    { 0x01F5, 40 }, // U+01F5
    { 0x01F8, 21 }, // U+01F8
    { 0x01F9, 41 }, // U+01F9
    { 0x01FA, 9 }, // U+01FA
    { 0x01FB, 34 }, // U+01FB
    { 0x01FC, 13 }, // U+01FC
    { 0x01FD, 38 }, // U+01FD
    { 0x01FE, 59 }, // U+01FE
    { 0x01FF, 35 }, // U+01FF
    { 0x0200, 9 }, // U+0200
    { 0x0201, 34 }, // U+0201
    { 0x0202, 9 }, // U+0202
    { 0x0203, 34 }, // U+0203
    { 0x0204, 13 }, // U+0204
    { 0x0205, 38 }, // U+0205
    { 0x0206, 13 }, // U+0206
    { 0x0207, 38 }, // U+0207
    { 0x0208, 16 }, // U+0208
    { 0x0209, 62 }, // U+0209
    { 0x020A, 16 }, // U+020A
    { 0x020B, 62 }, // U+020B
    { 0x020C, 12 }, // U+020C
    { 0x020D, 35 }, // U+020D
    { 0x020E, 12 }, // U+020E
    { 0x020F, 35 }, // U+020F
    { 0x0210, 24 }, // U+0210
    { 0x0211, 47 }, // U+0211
    { 0x0212, 24 }, // U+0212
    { 0x0213, 47 }, // U+0213
    { 0x0214, 27 }, // U+0214
    { 0x0215, 50 }, // U+0215
    { 0x0216, 27 }, // U+0216
    { 0x0217, 50 }, // U+0217
    { 0x0218, 25 }, // U+0218
    { 0x0219, 48 }, // U+0219
    { 0x021A, 26 }, // U+021A
    { 0x021B, 49 }, // U+021B
    { 0x021C, 10 }, // U+021C
    { 0x021D, 81 }, // U+021D
    { 0x021E, 16 }, // U+021E
    { 0x021F, 41 }, // U+021F
    { 0x0400, 82 }, // U+0400
    { 0x0401, 82 }, // U+0401
    { 0x0402, 83 }, // U+0402
    { 0x0404, 84 }, // U+0404
    { 0x0405, 85 }, // U+0405
    { 0x0406, 86 }, // U+0406
    { 0x0407, 86 }, // U+0407
    { 0x0408, 87 }, // U+0408
    { 0x0409, 88 }, // U+0409
    { 0x040A, 88 }, // U+040A
    { 0x040B, 89 }, // U+040B
    { 0x040C, 90 }, // U+040C
    { 0x040D, 86 }, // U+040D
    { 0x040E, 91 }, // U+040E
    { 0x040F, 86 }, // U+040F
    { 0x0410, 92 }, // U+0410
    { 0x0411, 93 }, // U+0411
    { 0x0412, 94 }, // U+0412
    { 0x0413, 95 }, // U+0413
    { 0x0414, 96 }, // U+0414
    { 0x0415, 82 }, // U+0415
    { 0x0416, 90 }, // U+0416
    { 0x0417, 94 }, // U+0417
    { 0x0418, 86 }, // U+0418
    { 0x0419, 86 }, // U+0419
    { 0x041A, 90 }, // U+041A
    { 0x041B, 86 }, // U+041B
    { 0x041C, 97 }, // U+041C
    { 0x041D, 86 }, // U+041D
    { 0x041E, 98 }, // U+041E
    { 0x041F, 86 }, // U+041F
    { 0x0420, 99 }, // U+0420
    { 0x0421, 100 }, // U+0421
    { 0x0422, 95 }, // U+0422
    { 0x0423, 91 }, // U+0423
    { 0x0424, 101 }, // U+0424
    { 0x0425, 102 }, // U+0425
    { 0x0426, 96 }, // U+0426
    { 0x0427, 86 }, // U+0427
    { 0x0428, 86 }, // U+0428
    { 0x0429, 96 }, // U+0429
    { 0x042A, 88 }, // U+042A
    { 0x042B, 86 }, // U+042B
    { 0x042C, 88 }, // U+042C
    { 0x042D, 98 }, // U+042D
    { 0x042E, 98 }, // U+042E
    { 0x042F, 86 }, // U+042F
    { 0x0430, 103 }, // U+0430
    { 0x0431, 104 }, // U+0431
    { 0x0432, 105 }, // U+0432
    { 0x0433, 106 }, // U+0433
    { 0x0434, 107 }, // U+0434
    { 0x0435, 108 }, // U+0435
    { 0x0436, 109 }, // U+0436
    { 0x0437, 110 }, // U+0437
    { 0x0438, 111 }, // U+0438
    { 0x0439, 111 }, // U+0439
    { 0x043A, 109 }, // U+043A
    { 0x043B, 111 }, // U+043B
    { 0x043C, 111 }, // U+043C
    { 0x043D, 111 }, // U+043D
    { 0x043E, 104 }, // U+043E
    { 0x043F, 111 }, // U+043F
    { 0x0440, 104 }, // U+0440
    { 0x0441, 112 }, // U+0441
    { 0x0442, 106 }, // U+0442
    { 0x0443, 113 }, // U+0443
    { 0x0444, 104 }, // U+0444
    { 0x0445, 114 }, // U+0445
    { 0x0446, 107 }, // U+0446
    { 0x0447, 111 }, // U+0447
    { 0x0448, 111 }, // U+0448
    { 0x0449, 107 }, // U+0449
    { 0x044A, 115 }, // U+044A
    { 0x044B, 111 }, // U+044B
    { 0x044C, 115 }, // U+044C
    { 0x044D, 104 }, // U+044D
    { 0x044E, 104 }, // U+044E
    { 0x044F, 111 }, // U+044F
    { 0x0450, 108 }, // U+0450
    { 0x0451, 108 }, // U+0451
    { 0x0452, 116 }, // U+0452
    { 0x0453, 106 }, // U+0453
    { 0x0454, 13 }, // U+0454
    { 0x0455, 117 }, // U+0455
    { 0x0456, 118 }, // U+0456
    { 0x0457, 119 }, // U+0457
    { 0x0459, 115 }, // U+0459
    { 0x045A, 115 }, // U+045A
    { 0x045B, 120 }, // U+045B
    { 0x045C, 109 }, // U+045C
    { 0x045D, 111 }, // U+045D
    { 0x045E, 113 }, // U+045E
    { 0x045F, 111 }, // U+045F
    { 0x0462, 121 }, // U+0462
    { 0x0463, 122 }, // U+0463
    { 0x0472, 98 }, // U+0472
    { 0x0473, 104 }, // U+0473
    { 0x0474, 123 }, // U+0474
    { 0x0475, 124 }, // U+0475
    { 0x048A, 96 }, // U+048A
    { 0x048B, 107 }, // U+048B
    { 0x048C, 88 }, // U+048C
    { 0x048D, 115 }, // U+048D
    { 0x048E, 99 }, // U+048E
    { 0x048F, 104 }, // U+048F
    { 0x0490, 125 }, // U+0490
    { 0x0491, 126 }, // U+0491
    { 0x0492, 127 }, // U+0492
    { 0x0493, 106 }, // U+0493
    { 0x0496, 128 }, // U+0496
    { 0x0497, 129 }, // U+0497
    { 0x0498, 94 }, // U+0498
    { 0x0499, 110 }, // U+0499
    { 0x049A, 128 }, // U+049A
    { 0x049B, 129 }, // U+049B
    { 0x049C, 90 }, // U+049C
    { 0x049D, 109 }, // U+049D
    { 0x049E, 90 }, // U+049E
    { 0x049F, 109 }, // U+049F
    { 0x04A0, 90 }, // U+04A0
    { 0x04A1, 109 }, // U+04A1
    { 0x04A2, 96 }, // U+04A2
    { 0x04A3, 107 }, // U+04A3
    { 0x04A8, 130 }, // U+04A8
    { 0x04A9, 131 }, // U+04A9
    { 0x04AA, 100 }, // U+04AA
    { 0x04AB, 112 }, // U+04AB
    { 0x04AC, 95 }, // U+04AC
    { 0x04AD, 106 }, // U+04AD
    { 0x04AE, 132 }, // U+04AE
    { 0x04AF, 113 }, // U+04AF
    { 0x04B0, 132 }, // U+04B0
    { 0x04B1, 113 }, // U+04B1
    { 0x04B2, 133 }, // U+04B2
    { 0x04B3, 134 }, // U+04B3
    { 0x04B4, 96 }, // U+04B4
    { 0x04B5, 107 }, // U+04B5
    { 0x04B6, 96 }, // U+04B6
    { 0x04B7, 107 }, // U+04B7
    { 0x04B8, 86 }, // U+04B8
    { 0x04B9, 111 }, // U+04B9
    { 0x04BA, 135 }, // U+04BA
    { 0x04BB, 120 }, // U+04BB
    { 0x04BC, 136 }, // U+04BC
    { 0x04BD, 108 }, // U+04BD
    { 0x04BE, 136 }, // U+04BE
    { 0x04BF, 108 }, // U+04BF
    { 0x04C0, 86 }, // U+04C0
    { 0x04C1, 90 }, // U+04C1
    { 0x04C2, 109 }, // U+04C2
    { 0x04C3, 137 }, // U+04C3
    { 0x04C4, 138 }, // U+04C4
    { 0x04C5, 96 }, // U+04C5
    { 0x04C6, 107 }, // U+04C6
    { 0x04C7, 87 }, // U+04C7
    { 0x04C8, 139 }, // U+04C8
    { 0x04C9, 96 }, // U+04C9
    { 0x04CA, 107 }, // U+04CA
    { 0x04CB, 86 }, // U+04CB
    { 0x04CC, 111 }, // U+04CC
    { 0x04CD, 96 }, // U+04CD
    { 0x04CE, 107 }, // U+04CE
    { 0x04CF, 140 }, // U+04CF
    { 0x04D0, 92 }, // U+04D0
    { 0x04D1, 103 }, // U+04D1
    { 0x04D2, 92 }, // U+04D2
    { 0x04D3, 103 }, // U+04D3
    { 0x04D4, 82 }, // U+04D4
    { 0x04D5, 108 }, // U+04D5
    { 0x04D6, 82 }, // U+04D6
    { 0x04D7, 108 }, // U+04D7
    { 0x04D8, 98 }, // U+04D8
    { 0x04D9, 104 }, // U+04D9
    { 0x04DA, 98 }, // U+04DA
    { 0x04DB, 104 }, // U+04DB
    { 0x04DC, 90 }, // U+04DC
    { 0x04DD, 109 }, // U+04DD
    { 0x04DE, 94 }, // U+04DE
    { 0x04DF, 110 }, // U+04DF
    { 0x04E0, 141 }, // U+04E0
    { 0x04E1, 142 }, // U+04E1
    { 0x04E2, 86 }, // U+04E2
    { 0x04E3, 111 }, // U+04E3
    { 0x04E4, 86 }, // U+04E4
    { 0x04E5, 111 }, // U+04E5
    { 0x04E6, 98 }, // U+04E6
    { 0x04E7, 104 }, // U+04E7
    { 0x04E8, 98 }, // U+04E8
    { 0x04E9, 104 }, // U+04E9
    { 0x04EA, 98 }, // U+04EA
    { 0x04EB, 104 }, // U+04EB
    { 0x04EC, 98 }, // U+04EC
    { 0x04ED, 104 }, // U+04ED
    { 0x04EE, 91 }, // U+04EE
    { 0x04EF, 113 }, // U+04EF
    { 0x04F0, 91 }, // U+04F0
    { 0x04F1, 113 }, // U+04F1
    { 0x04F2, 91 }, // U+04F2
    { 0x04F3, 113 }, // U+04F3
    { 0x04F4, 86 }, // U+04F4
    { 0x04F5, 111 }, // U+04F5
    { 0x04F6, 95 }, // U+04F6
    { 0x04F7, 106 }, // U+04F7
    { 0x04F8, 86 }, // U+04F8
    { 0x04F9, 111 }, // U+04F9
    { 0x04FA, 127 }, // U+04FA
    { 0x04FB, 106 }, // U+04FB
    { 0x04FC, 143 }, // U+04FC
    { 0x04FD, 144 }, // U+04FD
    { 0x04FE, 102 }, // U+04FE
    { 0x04FF, 114 }, // U+04FF
    { 0x1EA0, 9 }, // U+1EA0
    { 0x1EA1, 34 }, // U+1EA1
    { 0x1EA2, 9 }, // U+1EA2
    { 0x1EA3, 34 }, // U+1EA3
    { 0x1EA4, 9 }, // U+1EA4
    { 0x1EA5, 34 }, // U+1EA5
    { 0x1EA6, 9 }, // U+1EA6
    { 0x1EA7, 34 }, // U+1EA7
    { 0x1EA8, 9 }, // U+1EA8
    { 0x1EA9, 34 }, // U+1EA9
    { 0x1EAA, 9 }, // U+1EAA
    { 0x1EAB, 34 }, // U+1EAB
    { 0x1EAC, 9 }, // U+1EAC
    { 0x1EAD, 34 }, // U+1EAD
    { 0x1EAE, 9 }, // U+1EAE
    { 0x1EAF, 34 }, // U+1EAF
    { 0x1EB0, 9 }, // U+1EB0
    { 0x1EB1, 34 }, // U+1EB1
    { 0x1EB2, 9 }, // U+1EB2
    { 0x1EB3, 34 }, // U+1EB3
    { 0x1EB4, 9 }, // U+1EB4
    { 0x1EB5, 34 }, // U+1EB5
    { 0x1EB6, 9 }, // U+1EB6
    { 0x1EB7, 34 }, // U+1EB7
    { 0x1EB8, 13 }, // U+1EB8
    { 0x1EB9, 38 }, // U+1EB9
    { 0x1EBA, 13 }, // U+1EBA
    { 0x1EBB, 38 }, // U+1EBB
    { 0x1EBC, 13 }, // U+1EBC
    { 0x1EBD, 38 }, // U+1EBD
    { 0x1EBE, 13 }, // U+1EBE
    { 0x1EBF, 38 }, // U+1EBF
    { 0x1EC0, 13 }, // U+1EC0
    { 0x1EC1, 38 }, // U+1EC1
    { 0x1EC2, 13 }, // U+1EC2
    { 0x1EC3, 38 }, // U+1EC3
    { 0x1EC4, 13 }, // U+1EC4
    { 0x1EC5, 38 }, // U+1EC5
    { 0x1EC6, 13 }, // U+1EC6
    { 0x1EC7, 38 }, // U+1EC7
    { 0x1EC8, 16 }, // U+1EC8
    { 0x1EC9, 62 }, // U+1EC9
    { 0x1ECA, 16 }, // U+1ECA
    { 0x1ECB, 42 }, // U+1ECB
    { 0x1ECC, 12 }, // U+1ECC
    { 0x1ECD, 35 }, // U+1ECD
    { 0x1ECE, 12 }, // U+1ECE
    { 0x1ECF, 35 }, // U+1ECF
    { 0x1ED0, 12 }, // U+1ED0
    { 0x1ED1, 35 }, // U+1ED1
    { 0x1ED2, 12 }, // U+1ED2
    { 0x1ED3, 35 }, // U+1ED3
    { 0x1ED4, 12 }, // U+1ED4
    { 0x1ED5, 35 }, // U+1ED5
    { 0x1ED6, 12 }, // U+1ED6
    { 0x1ED7, 35 }, // U+1ED7
    { 0x1ED8, 12 }, // U+1ED8
    { 0x1ED9, 35 }, // U+1ED9
    { 0x1EDA, 75 }, // U+1EDA
    { 0x1EDB, 76 }, // U+1EDB
    { 0x1EDC, 75 }, // U+1EDC
    { 0x1EDD, 76 }, // U+1EDD
    { 0x1EDE, 75 }, // U+1EDE
    { 0x1EDF, 76 }, // U+1EDF
    { 0x1EE0, 75 }, // U+1EE0
    { 0x1EE1, 76 }, // U+1EE1
    { 0x1EE2, 75 }, // U+1EE2
    { 0x1EE3, 76 }, // U+1EE3
    { 0x1EE4, 27 }, // U+1EE4
    { 0x1EE5, 50 }, // U+1EE5
    { 0x1EE6, 27 }, // U+1EE6
    { 0x1EE7, 50 }, // U+1EE7
    { 0x1EE8, 77 }, // U+1EE8
    { 0x1EE9, 78 }, // U+1EE9
    { 0x1EEA, 77 }, // U+1EEA
    { 0x1EEB, 78 }, // U+1EEB
    { 0x1EEC, 77 }, // U+1EEC
    { 0x1EED, 78 }, // U+1EED
    { 0x1EEE, 77 }, // U+1EEE
    { 0x1EEF, 78 }, // U+1EEF
    { 0x1EF0, 77 }, // U+1EF0
    { 0x1EF1, 78 }, // U+1EF1
    { 0x1EF2, 30 }, // U+1EF2
    { 0x1EF3, 51 }, // U+1EF3
    { 0x1EF4, 30 }, // U+1EF4
    { 0x1EF5, 51 }, // U+1EF5
    { 0x1EF6, 30 }, // U+1EF6
    { 0x1EF7, 51 }, // U+1EF7
    { 0x1EF8, 30 }, // U+1EF8
    { 0x1EF9, 51 }, // U+1EF9
    { 0x2010, 5 }, // U+2010
    { 0x2011, 5 }, // U+2011
    { 0x2013, 5 }, // U+2013
    { 0x2014, 5 }, // U+2014
    { 0x2015, 5 }, // U+2015
    { 0x2018, 145 }, // U+2018
    { 0x2019, 146 }, // U+2019
    { 0x201A, 147 }, // U+201A
    { 0x201B, 145 }, // U+201B
    { 0x201C, 145 }, // U+201C
    { 0x201D, 146 }, // U+201D
    { 0x201E, 4 }, // U+201E
    { 0x201F, 145 }, // U+201F
    { 0x2025, 4 }, // U+2025
    { 0x2026, 4 }, // U+2026
    { 0x2039, 56 }, // U+2039
    { 0x203A, 57 }, // U+203A
    { 0xFB00, 39 }, // U+FB00
    { 0xFB01, 42 }, // U+FB01
    { 0xFB02, 45 }, // U+FB02
    { 0xFB03, 42 }, // U+FB03
    { 0xFB04, 45 }, // U+FB04
    { 0xFB05, 49 }, // U+FB05
    { 0xFB06, 49 }, // U+FB06
};

static const EpdKernClassEntry bookerly_12_boldKernRightClasses[] = {
    { 0x0022, 1 }, // "
    { 0x0027, 1 }, // '
    { 0x0029, 2 }, // )
    { 0x002A, 3 }, // *
    { 0x002C, 4 }, // ,
    { 0x002D, 5 }, // -
    { 0x002E, 6 }, // .
    { 0x002F, 7 }, // /
    { 0x003A, 8 }, // :
    { 0x003B, 9 }, // ;
    { 0x003F, 10 }, // ?
    { 0x0041, 11 }, // A
    { 0x0042, 12 }, // B
    { 0x0043, 13 }, // C
    { 0x0044, 12 }, // D
    { 0x0045, 12 }, // E
    { 0x0046, 12 }, // F
    { 0x0047, 13 }, // G
    { 0x0048, 12 }, // H
    { 0x0049, 12 }, // I
    { 0x004A, 14 }, // J
    { 0x004B, 12 }, // K
    { 0x004C, 12 }, // L
    { 0x004D, 15 }, // M
    { 0x004E, 12 }, // N
    { 0x004F, 13 }, // O
    { 0x0050, 12 }, // P
    { 0x0051, 13 }, // Q
    { 0x0052, 12 }, // R
    { 0x0053, 16 }, // S
    { 0x0054, 17 }, // T
    { 0x0055, 18 }, // U
    { 0x0056, 19 }, // V
    { 0x0057, 19 }, // W
    { 0x0058, 20 }, // X
    { 0x0059, 21 }, // Y
    { 0x005A, 22 }, // Z
    { 0x005C, 23 }, // <backslash>
    { 0x005D, 24 }, // ]
    { 0x0061, 25 }, // a
    { 0x0062, 26 }, // b
    { 0x0063, 27 }, // c
    { 0x0064, 27 }, // d
    { 0x0065, 27 }, // e
    { 0x0066, 28 }, // f
    { 0x0067, 29 }, // g
    { 0x0068, 30 }, // h
    { 0x0069, 31 }, // i
    { 0x006A, 32 }, // j
    { 0x006B, 30 }, // k
    { 0x006C, 30 }, // l
    { 0x006D, 33 }, // m
    { 0x006E, 33 }, // n
    { 0x006F, 27 }, // o
    { 0x0070, 34 }, // p
    { 0x0071, 27 }, // q
    { 0x0072, 33 }, // r
    { 0x0073, 35 }, // s
    { 0x0074, 36 }, // t
    { 0x0075, 37 }, // u
    { 0x0076, 38 }, // v
    { 0x0077, 38 }, // w
    { 0x0078, 39 }, // x
    { 0x0079, 40 }, // y
    { 0x007A, 41 }, // z
    { 0x007D, 42 }, // }
    { 0x00AB, 43 }, // U+00AB
    { 0x00AD, 5 }, // U+00AD
    { 0x00BB, 44 }, // U+00BB
    { 0x00BF, 45 }, // U+00BF
    { 0x00C0, 11 }, // U+00C0
    { 0x00C1, 11 }, // U+00C1
    { 0x00C2, 11 }, // U+00C2
    { 0x00C3, 11 }, // U+00C3
    { 0x00C4, 11 }, // U+00C4
    { 0x00C5, 11 }, // U+00C5
    { 0x00C6, 46 }, // U+00C6
    { 0x00C7, 13 }, // U+00C7
    { 0x00C8, 12 }, // U+00C8
    { 0x00C9, 12 }, // U+00C9
    { 0x00CA, 12 }, // U+00CA
    { 0x00CB, 12 }, // U+00CB
    { 0x00CC, 12 }, // U+00CC
    { 0x00CD, 12 }, // U+00CD
    { 0x00CE, 12 }, // U+00CE
    { 0x00CF, 12 }, // U+00CF
    { 0x00D0, 12 }, // U+00D0
    { 0x00D1, 12 }, // U+00D1
    { 0x00D2, 13 }, // U+00D2
    { 0x00D3, 13 }, // U+00D3
    { 0x00D4, 13 }, // U+00D4
    { 0x00D5, 13 }, // U+00D5
    { 0x00D6, 13 }, // U+00D6
    { 0x00D8, 47 }, // U+00D8
    { 0x00D9, 18 }, // U+00D9
    { 0x00DA, 18 }, // U+00DA
    { 0x00DB, 18 }, // U+00DB
    { 0x00DC, 18 }, // U+00DC
    { 0x00DD, 21 }, // U+00DD
    { 0x00DE, 12 }, // U+00DE
    { 0x00DF, 48 }, // U+00DF
    { 0x00E0, 25 }, // U+00E0
    { 0x00E1, 25 }, // U+00E1
    { 0x00E2, 25 }, // U+00E2
    { 0x00E3, 49 }, // U+00E3
    { 0x00E4, 50 }, // U+00E4
    { 0x00E5, 25 }, // U+00E5
    { 0x00E6, 25 }, // U+00E6
    { 0x00E7, 27 }, // U+00E7
    { 0x00E8, 27 }, // U+00E8
    { 0x00E9, 27 }, // U+00E9
    { 0x00EA, 27 }, // U+00EA
    { 0x00EB, 51 }, // U+00EB
    { 0x00EC, 52 }, // U+00EC
    { 0x00ED, 31 }, // U+00ED
    { 0x00EE, 53 }, // U+00EE
    { 0x00EF, 54 }, // U+00EF
    { 0x00F0, 27 }, // U+00F0
    { 0x00F1, 33 }, // U+00F1
    { 0x00F2, 27 }, // U+00F2
    { 0x00F3, 27 }, // U+00F3
    { 0x00F4, 27 }, // U+00F4
    { 0x00F5, 27 }, // U+00F5
    { 0x00F6, 55 }, // U+00F6
    { 0x00F8, 56 }, // U+00F8
    { 0x00F9, 37 }, // U+00F9
    { 0x00FA, 37 }, // U+00FA
    { 0x00FB, 37 }, // U+00FB
    { 0x00FC, 37 }, // U+00FC
    { 0x00FD, 40 }, // U+00FD
    { 0x00FE, 57 }, // U+00FE
    { 0x00FF, 40 }, // U+00FF
    { 0x0100, 11 }, // U+0100
    { 0x0101, 58 }, // U+0101
    { 0x0102, 11 }, // U+0102
    { 0x0103, 59 }, // U+0103
    { 0x0104, 11 }, // U+0104
    { 0x0105, 25 }, // U+0105
    { 0x0106, 13 }, // U+0106
    { 0x0107, 27 }, // U+0107
    { 0x0108, 13 }, // U+0108
    { 0x0109, 60 }, // U+0109
    { 0x010A, 13 }, // U+010A
    { 0x010B, 27 }, // U+010B
    { 0x010C, 13 }, // U+010C
    { 0x010D, 61 }, // U+010D
    { 0x010E, 12 }, // U+010E
    { 0x010F, 27 }, // U+010F
    { 0x0110, 12 }, // U+0110
    { 0x0111, 27 }, // U+0111
    { 0x0112, 12 }, // U+0112
    { 0x0113, 62 }, // U+0113
    { 0x0114, 12 }, // U+0114
    { 0x0115, 60 }, // U+0115
    { 0x0116, 12 }, // U+0116
    { 0x0117, 27 }, // U+0117
    { 0x0118, 12 }, // U+0118
    { 0x0119, 27 }, // U+0119
    { 0x011A, 12 }, // U+011A
    { 0x011B, 60 }, // U+011B
    { 0x011C, 13 }, // U+011C
    { 0x011D, 29 }, // U+011D
    { 0x011E, 13 }, // U+011E
    { 0x011F, 63 }, // U+011F
    { 0x0120, 13 }, // U+0120
    { 0x0121, 29 }, // U+0121
    { 0x0122, 13 }, // U+0122
    { 0x0123, 29 }, // U+0123
    { 0x0124, 12 }, // U+0124
    { 0x0125, 30 }, // U+0125
    { 0x0126, 12 }, // U+0126
    { 0x0127, 64 }, // U+0127
    { 0x0128, 12 }, // U+0128
    { 0x0129, 54 }, // U+0129
    { 0x012A, 12 }, // U+012A
    { 0x012B, 54 }, // U+012B
    { 0x012C, 12 }, // U+012C
    { 0x012D, 54 }, // U+012D
    { 0x012E, 12 }, // U+012E
    { 0x012F, 31 }, // U+012F
    { 0x0130, 12 }, // U+0130
    { 0x0131, 31 }, // U+0131
    { 0x0132, 12 }, // U+0132
    { 0x0133, 31 }, // U+0133
    { 0x0134, 14 }, // U+0134
    { 0x0135, 65 }, // U+0135
    { 0x0136, 12 }, // U+0136
    { 0x0137, 30 }, // U+0137
    { 0x0138, 33 }, // U+0138
    { 0x0139, 12 }, // U+0139
    { 0x013A, 30 }, // U+013A
    { 0x013B, 12 }, // U+013B
    { 0x013C, 30 }, // U+013C
    { 0x013D, 12 }, // U+013D
    { 0x013E, 30 }, // U+013E
    { 0x013F, 12 }, // U+013F
    { 0x0140, 30 }, // U+0140
    { 0x0141, 12 }, // U+0141
    { 0x0142, 66 }, // U+0142
    { 0x0143, 12 }, // U+0143
    { 0x0144, 33 }, // U+0144
    { 0x0145, 12 }, // U+0145
    { 0x0146, 33 }, // U+0146
    { 0x0147, 12 }, // U+0147
    { 0x0148, 33 }, // U+0148
    { 0x0149, 33 }, // U+0149
    { 0x014A, 12 }, // U+014A
    { 0x014B, 33 }, // U+014B
    { 0x014C, 13 }, // U+014C
    { 0x014D, 27 }, // U+014D
    { 0x014E, 13 }, // U+014E
    { 0x014F, 61 }, // U+014F
    { 0x0150, 13 }, // U+0150
    { 0x0151, 27 }, // U+0151
    { 0x0152, 13 }, // U+0152
    { 0x0153, 27 }, // U+0153
    { 0x0154, 12 }, // U+0154
    { 0x0155, 33 }, // U+0155
    { 0x0156, 12 }, // U+0156
    { 0x0157, 33 }, // U+0157
    { 0x0158, 12 }, // U+0158
    { 0x0159, 67 }, // U+0159
    { 0x015A, 16 }, // U+015A
    { 0x015B, 35 }, // U+015B
    { 0x015C, 16 }, // U+015C
    { 0x015D, 68 }, // U+015D
    { 0x015E, 16 }, // U+015E
    { 0x015F, 35 }, // U+015F
    { 0x0160, 16 }, // U+0160
    { 0x0161, 69 }, // U+0161
    { 0x0162, 17 }, // U+0162
    { 0x0163, 36 }, // U+0163
    { 0x0164, 17 }, // U+0164
    { 0x0165, 36 }, // U+0165
    { 0x0166, 17 }, // U+0166
    { 0x0167, 36 }, // U+0167
    { 0x0168, 18 }, // U+0168
    { 0x0169, 37 }, // U+0169
    { 0x016A, 18 }, // U+016A
    { 0x016B, 37 }, // U+016B
    { 0x016C, 18 }, // U+016C
    { 0x016D, 37 }, // U+016D
    { 0x016E, 18 }, // U+016E
    { 0x016F, 37 }, // U+016F
    { 0x0170, 18 }, // U+0170
    { 0x0171, 37 }, // U+0171
    { 0x0172, 18 }, // U+0172
    { 0x0173, 37 }, // U+0173
    { 0x0174, 19 }, // U+0174
    { 0x0175, 38 }, // U+0175
    { 0x0176, 21 }, // U+0176
    { 0x0177, 40 }, // U+0177
    { 0x0178, 21 }, // U+0178
    { 0x0179, 22 }, // U+0179
    { 0x017A, 41 }, // U+017A
    { 0x017B, 22 }, // U+017B
    { 0x017C, 41 }, // U+017C
    { 0x017D, 22 }, // U+017D
    { 0x017E, 70 }, // U+017E
    { 0x017F, 48 }, // U+017F
    { 0x01A0, 13 }, // U+01A0
    { 0x01A1, 27 }, // U+01A1
    { 0x01AF, 18 }, // U+01AF
    { 0x01B0, 37 }, // U+01B0
    { 0x01C4, 12 }, // U+01C4
    { 0x01C5, 12 }, // U+01C5
    { 0x01C6, 27 }, // U+01C6
    { 0x01C7, 12 }, // U+01C7
    { 0x01C8, 12 }, // U+01C8
    { 0x01C9, 30 }, // U+01C9
    { 0x01CA, 12 }, // U+01CA
    { 0x01CB, 12 }, // U+01CB
    { 0x01CC, 33 }, // U+01CC
    { 0x01CD, 11 }, // U+01CD
    { 0x01CE, 25 }, // U+01CE
    { 0x01CF, 12 }, // U+01CF
    { 0x01D0, 54 }, // U+01D0
    { 0x01D1, 13 }, // U+01D1
    { 0x01D2, 27 }, // U+01D2
    { 0x01D3, 18 }, // U+01D3
    { 0x01D4, 37 }, // U+01D4
    { 0x01D5, 18 }, // U+01D5
    { 0x01D6, 37 }, // U+01D6
    { 0x01D7, 18 }, // U+01D7
    { 0x01D8, 37 }, // U+01D8
    { 0x01D9, 18 }, // U+01D9
    { 0x01DA, 37 }, // U+01DA
    { 0x01DB, 18 }, // U+01DB
    { 0x01DC, 37 }, // U+01DC
    { 0x01DD, 71 }, // U+01DD
    { 0x01DE, 11 }, // U+01DE
    { 0x01DF, 25 }, // U+01DF
    { 0x01E0, 11 }, // U+01E0
    { 0x01E1, 25 }, // U+01E1
    { 0x01E2, 46 }, // U+01E2
    { 0x01E3, 25 }, // U+01E3
    { 0x01E4, 13 }, // U+01E4
    { 0x01E5, 72 }, // U+01E5
    { 0x01E6, 13 }, // U+01E6
    { 0x01E7, 29 }, // U+01E7
    { 0x01E8, 12 }, // U+01E8
    { 0x01E9, 30 }, // U+01E9
    { 0x01EA, 13 }, // U+01EA
    { 0x01EB, 27 }, // U+01EB
    { 0x01EC, 13 }, // U+01EC
    { 0x01ED, 27 }, // U+01ED
    { 0x01EE, 73 }, // U+01EE
    { 0x01EF, 74 }, // U+01EF
    { 0x01F0, 65 }, // U+01F0
    { 0x01F1, 12 }, // U+01F1
    { 0x01F2, 12 }, // U+01F2
    { 0x01F3, 27 }, // U+01F3
    { 0x01F4, 13 }, // U+01F4
    { 0x01F5, 29 }, // U+01F5
    { 0x01F8, 12 }, // U+01F8
    { 0x01F9, 33 }, // U+01F9
    { 0x01FA, 11 }, // U+01FA
    { 0x01FB, 25 }, // U+01FB
    { 0x01FC, 46 }, // U+01FC
    { 0x01FD, 25 }, // U+01FD
    { 0x01FE, 47 }, // U+01FE
    { 0x01FF, 27 }, // U+01FF
    { 0x0200, 11 }, // U+0200
    { 0x0201, 25 }, // U+0201
    { 0x0202, 11 }, // U+0202
    { 0x0203, 25 }, // U+0203
    { 0x0204, 12 }, // U+0204
    { 0x0205, 27 }, // U+0205
    { 0x0206, 12 }, // U+0206
    { 0x0207, 27 }, // U+0207
    { 0x0208, 12 }, // U+0208
    { 0x0209, 54 }, // U+0209
    { 0x020A, 12 }, // U+020A
    { 0x020B, 54 }, // U+020B
    { 0x020C, 13 }, // U+020C
    { 0x020D, 27 }, // U+020D
    { 0x020E, 13 }, // U+020E
    { 0x020F, 27 }, // U+020F
    { 0x0210, 12 }, // U+0210
    { 0x0211, 33 }, // U+0211
    { 0x0212, 12 }, // U+0212
    { 0x0213, 33 }, // U+0213
    { 0x0214, 18 }, // U+0214
    { 0x0215, 37 }, // U+0215
    { 0x0216, 18 }, // U+0216
    { 0x0217, 37 }, // U+0217
    { 0x0218, 16 }, // U+0218
    { 0x0219, 35 }, // U+0219
    { 0x021A, 17 }, // U+021A
    { 0x021B, 36 }, // U+021B
    { 0x021C, 75 }, // U+021C
    { 0x021D, 76 }, // U+021D
    { 0x021E, 12 }, // U+021E
    { 0x021F, 30 }, // U+021F
    { 0x0400, 77 }, // U+0400
    { 0x0401, 77 }, // U+0401
    { 0x0402, 78 }, // U+0402
    { 0x0403, 77 }, // U+0403
    { 0x0404, 79 }, // U+0404
    { 0x0405, 80 }, // U+0405
    { 0x0406, 77 }, // U+0406
    { 0x0407, 77 }, // U+0407
    { 0x0408, 81 }, // U+0408
    { 0x0409, 82 }, // U+0409
    { 0x040A, 77 }, // U+040A
    { 0x040B, 78 }, // U+040B
    { 0x040C, 77 }, // U+040C
    { 0x040D, 77 }, // U+040D
    { 0x040E, 83 }, // U+040E
    { 0x040F, 77 }, // U+040F
    { 0x0410, 84 }, // U+0410
    { 0x0411, 77 }, // U+0411
    { 0x0412, 77 }, // U+0412
    { 0x0413, 77 }, // U+0413
    { 0x0414, 85 }, // U+0414
    { 0x0415, 77 }, // U+0415
    { 0x0416, 86 }, // U+0416
    { 0x0417, 87 }, // U+0417
    { 0x0418, 77 }, // U+0418
    { 0x0419, 77 }, // U+0419
    { 0x041A, 77 }, // U+041A
    { 0x041B, 82 }, // U+041B
    { 0x041C, 88 }, // U+041C
    { 0x041D, 77 }, // U+041D
    { 0x041E, 79 }, // U+041E
    { 0x041F, 77 }, // U+041F
    { 0x0420, 77 }, // U+0420
    { 0x0421, 79 }, // U+0421
    { 0x0422, 78 }, // U+0422
    { 0x0423, 83 }, // U+0423
    { 0x0424, 89 }, // U+0424
    { 0x0425, 90 }, // U+0425
    { 0x0426, 77 }, // U+0426
    { 0x0427, 91 }, // U+0427
    { 0x0428, 77 }, // U+0428
    { 0x0429, 77 }, // U+0429
    { 0x042A, 78 }, // U+042A
    { 0x042B, 77 }, // U+042B
    { 0x042C, 77 }, // U+042C
    { 0x042D, 92 }, // U+042D
    { 0x042E, 77 }, // U+042E
    { 0x042F, 93 }, // U+042F
    { 0x0430, 94 }, // U+0430
    { 0x0431, 95 }, // U+0431
    { 0x0432, 96 }, // U+0432
    { 0x0433, 96 }, // U+0433
    { 0x0434, 97 }, // U+0434
    { 0x0435, 98 }, // U+0435
    { 0x0436, 99 }, // U+0436
    { 0x0437, 100 }, // U+0437
    { 0x0438, 96 }, // U+0438
    { 0x0439, 96 }, // U+0439
    { 0x043A, 96 }, // U+043A
    { 0x043B, 101 }, // U+043B
    { 0x043C, 96 }, // U+043C
    { 0x043D, 96 }, // U+043D
    { 0x043E, 98 }, // U+043E
    { 0x043F, 96 }, // U+043F
    { 0x0440, 102 }, // U+0440
    { 0x0441, 98 }, // U+0441
    { 0x0442, 103 }, // U+0442
    { 0x0443, 104 }, // U+0443
    { 0x0444, 98 }, // U+0444
    { 0x0445, 105 }, // U+0445
    { 0x0446, 96 }, // U+0446
    { 0x0447, 106 }, // U+0447
    { 0x0448, 96 }, // U+0448
    { 0x0449, 96 }, // U+0449
    { 0x044A, 103 }, // U+044A
    { 0x044B, 96 }, // U+044B
    { 0x044C, 96 }, // U+044C
    { 0x044D, 107 }, // U+044D
    { 0x044E, 96 }, // U+044E
    { 0x044F, 108 }, // U+044F
    { 0x0450, 98 }, // U+0450
    { 0x0451, 98 }, // U+0451
    { 0x0452, 109 }, // U+0452
    { 0x0453, 96 }, // U+0453
    { 0x0454, 98 }, // U+0454
    { 0x0455, 110 }, // U+0455
    { 0x0456, 111 }, // U+0456
    { 0x0457, 112 }, // U+0457
    { 0x0458, 113 }, // U+0458
    { 0x0459, 101 }, // U+0459
    { 0x045A, 96 }, // U+045A
    { 0x045B, 109 }, // U+045B
    { 0x045C, 96 }, // U+045C
    { 0x045D, 96 }, // U+045D
    { 0x045E, 114 }, // U+045E
    { 0x045F, 96 }, // U+045F
    { 0x0462, 78 }, // U+0462
    { 0x0463, 103 }, // U+0463
    { 0x0472, 79 }, // U+0472
    { 0x0473, 98 }, // U+0473
    { 0x0474, 115 }, // U+0474
    { 0x0475, 104 }, // U+0475
    { 0x048A, 77 }, // U+048A
    { 0x048B, 96 }, // U+048B
    { 0x048C, 116 }, // U+048C
    { 0x048D, 117 }, // U+048D
    { 0x048E, 77 }, // U+048E
    { 0x048F, 102 }, // U+048F
    { 0x0490, 77 }, // U+0490
    { 0x0491, 96 }, // U+0491
    { 0x0492, 77 }, // U+0492
    { 0x0493, 96 }, // U+0493
    { 0x0494, 77 }, // U+0494
    { 0x0495, 96 }, // U+0495
    { 0x0496, 86 }, // U+0496
    { 0x0497, 99 }, // U+0497
    { 0x0498, 87 }, // U+0498
    { 0x0499, 100 }, // U+0499
    { 0x049A, 77 }, // U+049A
    { 0x049B, 96 }, // U+049B
    { 0x049C, 77 }, // U+049C
    { 0x049D, 96 }, // U+049D
    { 0x04A0, 78 }, // U+04A0
    { 0x04A1, 103 }, // U+04A1
    { 0x04A2, 77 }, // U+04A2
    { 0x04A3, 96 }, // U+04A3
    { 0x04A4, 77 }, // U+04A4
    { 0x04A5, 96 }, // U+04A5
    { 0x04A6, 77 }, // U+04A6
    { 0x04A7, 96 }, // U+04A7
    { 0x04A8, 79 }, // U+04A8
    { 0x04A9, 98 }, // U+04A9
    { 0x04AA, 79 }, // U+04AA
    { 0x04AB, 98 }, // U+04AB
    { 0x04AC, 78 }, // U+04AC
    { 0x04AD, 103 }, // U+04AD
    { 0x04AE, 118 }, // U+04AE
    { 0x04AF, 104 }, // U+04AF
    { 0x04B0, 118 }, // U+04B0
    { 0x04B1, 104 }, // U+04B1
    { 0x04B2, 90 }, // U+04B2
    { 0x04B3, 105 }, // U+04B3
    { 0x04B5, 103 }, // U+04B5
    { 0x04B6, 91 }, // U+04B6
    { 0x04B7, 106 }, // U+04B7
    { 0x04B8, 91 }, // U+04B8
    { 0x04B9, 106 }, // U+04B9
    { 0x04BA, 77 }, // U+04BA
    { 0x04BB, 109 }, // U+04BB
    { 0x04BC, 119 }, // U+04BC
    { 0x04BD, 120 }, // U+04BD
    { 0x04BE, 119 }, // U+04BE
    { 0x04BF, 120 }, // U+04BF
    { 0x04C0, 77 }, // U+04C0
    { 0x04C1, 86 }, // U+04C1
    { 0x04C2, 99 }, // U+04C2
    { 0x04C3, 77 }, // U+04C3
    { 0x04C4, 96 }, // U+04C4
    { 0x04C5, 82 }, // U+04C5
    { 0x04C6, 101 }, // U+04C6
    { 0x04C7, 77 }, // U+04C7
    { 0x04C8, 96 }, // U+04C8
    { 0x04C9, 77 }, // U+04C9
    { 0x04CA, 96 }, // U+04CA
    { 0x04CB, 91 }, // U+04CB
    { 0x04CC, 106 }, // U+04CC
    { 0x04CE, 96 }, // U+04CE
    { 0x04CF, 109 }, // U+04CF
    { 0x04D0, 84 }, // U+04D0
    { 0x04D1, 94 }, // U+04D1
    { 0x04D2, 84 }, // U+04D2
    { 0x04D3, 94 }, // U+04D3
    { 0x04D4, 121 }, // U+04D4
    { 0x04D5, 94 }, // U+04D5
    { 0x04D6, 77 }, // U+04D6
    { 0x04D7, 98 }, // U+04D7
    { 0x04D8, 122 }, // U+04D8
    { 0x04D9, 123 }, // U+04D9
    { 0x04DB, 123 }, // U+04DB
    { 0x04DC, 86 }, // U+04DC
    { 0x04DD, 99 }, // U+04DD
    { 0x04DE, 87 }, // U+04DE
    { 0x04DF, 100 }, // U+04DF
    { 0x04E1, 124 }, // U+04E1
    { 0x04E2, 77 }, // U+04E2
    { 0x04E3, 96 }, // U+04E3
    { 0x04E4, 77 }, // U+04E4
    { 0x04E5, 96 }, // U+04E5
    { 0x04E6, 79 }, // U+04E6
    { 0x04E7, 98 }, // U+04E7
    { 0x04E8, 79 }, // U+04E8
    { 0x04E9, 98 }, // U+04E9
    { 0x04EA, 79 }, // U+04EA
    { 0x04EB, 98 }, // U+04EB
    { 0x04ED, 100 }, // U+04ED
    { 0x04EE, 83 }, // U+04EE
    { 0x04EF, 114 }, // U+04EF
    { 0x04F0, 83 }, // U+04F0
    { 0x04F1, 125 }, // U+04F1
    { 0x04F2, 83 }, // U+04F2
    { 0x04F3, 114 }, // U+04F3
    { 0x04F5, 106 }, // U+04F5
    { 0x04F6, 77 }, // U+04F6
    { 0x04F7, 96 }, // U+04F7
    { 0x04F8, 77 }, // U+04F8
    { 0x04F9, 96 }, // U+04F9
    { 0x04FA, 77 }, // U+04FA
    { 0x04FB, 96 }, // U+04FB
    { 0x04FC, 90 }, // U+04FC
    { 0x04FD, 105 }, // U+04FD
    { 0x04FE, 90 }, // U+04FE
    { 0x04FF, 105 }, // U+04FF
    { 0x1EA0, 11 }, // U+1EA0
    { 0x1EA1, 25 }, // U+1EA1
    { 0x1EA2, 11 }, // U+1EA2
    { 0x1EA3, 25 }, // U+1EA3
    { 0x1EA4, 11 }, // U+1EA4
    { 0x1EA5, 25 }, // U+1EA5
    { 0x1EA6, 11 }, // U+1EA6
    { 0x1EA7, 25 }, // U+1EA7
    { 0x1EA8, 11 }, // U+1EA8
    { 0x1EA9, 25 }, // U+1EA9
    { 0x1EAA, 11 }, // U+1EAA
    { 0x1EAB, 25 }, // U+1EAB
    { 0x1EAC, 11 }, // U+1EAC
    { 0x1EAD, 25 }, // U+1EAD
    { 0x1EAE, 11 }, // U+1EAE
    { 0x1EAF, 25 }, // U+1EAF
    { 0x1EB0, 11 }, // U+1EB0
    { 0x1EB1, 25 }, // U+1EB1
    { 0x1EB2, 11 }, // U+1EB2
    { 0x1EB3, 25 }, // U+1EB3
    { 0x1EB4, 11 }, // U+1EB4
    { 0x1EB5, 25 }, // U+1EB5
    { 0x1EB6, 11 }, // U+1EB6
    { 0x1EB7, 25 }, // U+1EB7
    { 0x1EB8, 12 }, // U+1EB8
    { 0x1EB9, 27 }, // U+1EB9
    { 0x1EBA, 12 }, // U+1EBA
    { 0x1EBB, 27 }, // U+1EBB
    { 0x1EBC, 12 }, // U+1EBC
    { 0x1EBD, 27 }, // U+1EBD
    { 0x1EBE, 12 }, // U+1EBE
    { 0x1EBF, 27 }, // U+1EBF
    { 0x1EC0, 12 }, // U+1EC0
    { 0x1EC1, 27 }, // U+1EC1
    { 0x1EC2, 12 }, // U+1EC2
    { 0x1EC3, 27 }, // U+1EC3
    { 0x1EC4, 12 }, // U+1EC4
    { 0x1EC5, 27 }, // U+1EC5
    { 0x1EC6, 12 }, // U+1EC6
    { 0x1EC7, 27 }, // U+1EC7
    { 0x1EC8, 12 }, // U+1EC8
    { 0x1EC9, 54 }, // U+1EC9
    { 0x1ECA, 12 }, // U+1ECA
    { 0x1ECB, 31 }, // U+1ECB
    { 0x1ECC, 13 }, // U+1ECC
    { 0x1ECD, 27 }, // U+1ECD
    { 0x1ECE, 13 }, // U+1ECE
    { 0x1ECF, 27 }, // U+1ECF
    { 0x1ED0, 13 }, // U+1ED0
    { 0x1ED1, 27 }, // U+1ED1
    { 0x1ED2, 13 }, // U+1ED2
    { 0x1ED3, 27 }, // U+1ED3
    { 0x1ED4, 13 }, // U+1ED4
    { 0x1ED5, 27 }, // U+1ED5
    { 0x1ED6, 13 }, // U+1ED6
    { 0x1ED7, 27 }, // U+1ED7
    { 0x1ED8, 13 }, // U+1ED8
    { 0x1ED9, 27 }, // U+1ED9
    { 0x1EDA, 13 }, // U+1EDA
    { 0x1EDB, 27 }, // U+1EDB
    { 0x1EDC, 13 }, // U+1EDC
    { 0x1EDD, 27 }, // U+1EDD
    { 0x1EDE, 13 }, // U+1EDE
    { 0x1EDF, 27 }, // U+1EDF
    { 0x1EE0, 13 }, // U+1EE0
    { 0x1EE1, 27 }, // U+1EE1
    { 0x1EE2, 13 }, // U+1EE2
    { 0x1EE3, 27 }, // U+1EE3
    { 0x1EE4, 18 }, // U+1EE4
    { 0x1EE5, 37 }, // U+1EE5
    { 0x1EE6, 18 }, // U+1EE6
    { 0x1EE7, 37 }, // U+1EE7
    { 0x1EE8, 18 }, // U+1EE8
    { 0x1EE9, 37 }, // U+1EE9
    { 0x1EEA, 18 }, // U+1EEA
    { 0x1EEB, 37 }, // U+1EEB
    { 0x1EEC, 18 }, // U+1EEC
    { 0x1EED, 37 }, // U+1EED
    { 0x1EEE, 18 }, // U+1EEE
    { 0x1EEF, 37 }, // U+1EEF
    { 0x1EF0, 18 }, // U+1EF0
    { 0x1EF1, 37 }, // U+1EF1
    { 0x1EF2, 21 }, // U+1EF2
    { 0x1EF3, 40 }, // U+1EF3
    { 0x1EF4, 21 }, // U+1EF4
    { 0x1EF5, 38 }, // U+1EF5
    { 0x1EF6, 21 }, // U+1EF6
    { 0x1EF7, 40 }, // U+1EF7
    { 0x1EF8, 21 }, // U+1EF8
    { 0x1EF9, 40 }, // U+1EF9
    { 0x2010, 5 }, // U+2010
    { 0x2011, 5 }, // U+2011
    { 0x2013, 5 }, // U+2013
    { 0x2014, 5 }, // U+2014
    { 0x2015, 5 }, // U+2015
    { 0x2018, 126 }, // U+2018
    { 0x2019, 127 }, // U+2019
    { 0x201A, 6 }, // U+201A
    { 0x201B, 126 }, // U+201B
    { 0x201C, 126 }, // U+201C
    { 0x201D, 127 }, // U+201D
    { 0x201E, 6 }, // U+201E
    { 0x201F, 126 }, // U+201F
    { 0x2025, 6 }, // U+2025
    { 0x2026, 6 }, // U+2026
    { 0x2039, 43 }, // U+2039
    { 0x203A, 44 }, // U+203A
    { 0x2047, 10 }, // U+2047
    { 0x2048, 10 }, // U+2048
    { 0xFB00, 28 }, // U+FB00
    { 0xFB01, 28 }, // U+FB01
    { 0xFB02, 28 }, // U+FB02
    { 0xFB03, 28 }, // U+FB03
    { 0xFB04, 28 }, // U+FB04
    { 0xFB05, 28 }, // U+FB05
    { 0xFB06, 35 }, // U+FB06
};

static const int8_t bookerly_12_boldKernMatrix[] = {
       0,    0,    0,    0,    0,    0,    0,    0,    0,    0,  -20,    0,    0,    0,    0,    0,    0,    0,    0,    0,    0,    0,    0,    0,    0,    0,    0,    0,  -16,    0,    0,    0,    0,    0,    0,   16,    0,    0,    0,    0,    0,    0,    0,    0,    0,    0,    0,    0,    0,    0,    0,    0,    0,    0,    0,    0,    0,    0,    0,    0,    0,    0,  -16,    0,    0,    0,    0,    0,    0,    0,    0,  -16,    0,    0,    0,    0,    0,    0,    0,    0,    0,    0,    0,  -20,    0,    0,    0,    0,    0,    0,    0,    0,    0,    0,    0,    0,    0,    0,    0,    0,    0,    0,    0,    0,    0,    0,    0,    0,    0,    0,    0,    0,    0,    0,    0,    0,    0,    0,    0,    0,    0,    0,    0,    0,    0,    0,    0,
       0,    0,    0,    0,    0,    0,    0,    0,    0,    0,    0,    0,  -12,   24,    0,    0,    0,    0,    0,    0,    0,    0,    0,    0,   -8,    0,   -8,    0,    0,    0,    0,   20,    0,    0,    0,    0,    0,   12,    0,   12,    0,    0,    0,    0,    0,    0,  -12,    0,   -8,   -8,   -8,    0,   12,   12,   -8,   -8,    0,   -8,   -8,   -8,   -8,   -8,    0,    0,   20,    0,    0,    0,    0,    0,    0,    0,    0,    0,    0,    0,    0,    0,  -12,    0,   24,    0,    0,    0,    0,    0,    0,    0,    0,    0,    0,    0,    0,   -8,    0,    0,    0,   -8,    0,    0,    0,    0,    0,   12,    0,    0,    0,    0,    0,    0,    0,   12,   20,   12,    0,    0,    0,    0,    0,    0,    0,    0,    0,    0,   12,    0,    0,
       0,    0,    0,    0,    0,    0,    0,    0,    0,    0,  -32,    0,    0,    0,    0,    0,    0,    0,    8,   12,    8,    0,    0,    0,    0,    0,   -8,    0,  -12,    0,    0,    0,    0,    0,    0,    0,    0,    0,    0,    0,    0,    0,    0,    0,    0,  -54,    0,    0,    0,    0,   -8,    0,    0,    0,   -8,   -8,    0,    0,    0,   -8,   -8,   -8,  -12,    0,    0,    0,    0,    0,    0,    0,    0,  -12,    0,    0,    0,    0,    0,    0,    0,    0,    0,  -28,    0,  -32,    0,    0,    0,    0,    0,   12,    0,    0,    0,    0,    0,    0,    0,   -8,    0,    0,    0,    0,    0,    0,    0,    0,    0,    0,    0,    0,    0,    0,    0,    0,    8,    0,    0,    8,    0,    0,  -54,    0,    0,    0,    0,    0,    0,
       0,    0,    0,    0,    0,    0,    0,    0,    0,    0,   12,    0,  -16,   12,    0,    0,  -32,  -16,  -52,    0,  -36,    0,    0,    0,    0,    0,   -6,    0,    0,    0,    0,    0,   -4,   -6,    0,  -12,  -16,  -36,    0,  -36,    0,    0,    0,    0,    0,    0,  -16,    0,    0,    0,   -6,    0,    0,    0,   -6,   -6,    0,    0,    0,   -6,   -6,   -6,    0,    0,   -8,    0,   -4,    0,    0,    0,    0,    0,    0,    0,    0,    0,    0,  -32,  -16,    0,   12,    0,  -16,   12,    0,    0,    0,    0,   -8,    0,  -40,    0,    0,    0,    0,    0,    0,   -6,    0,    0,    0,   -6,  -20,  -28,    8,  -28,    0,    0,    0,    0,    0,    0,    0,  -28,  -52,    0,    0,  -36,  -28,  -16,    0,    0,    0,    0,  -28,  -32,  -16,
       0,    0,    0,    0,    0,    0,    0,    0,    0,    0,  -12,    0,    0,   -8,    0,    0,   -8,    0,  -20,   -8,  -20,    0,    0,    0,    0,    0,    0,    0,    0,    0,    0,    0,    0,    0,    0,    0,    0,   -6,    0,   -6,    0,    0,    0,    0,    0,  -12,    0,    0,    0,    0,    0,    0,    0,    0,    0,    0,    0,    0,    0,    0,    0,    0,    0,    0,    0,    0,    0,    0,    0,    0,    0,    0,    0,    0,  -12,    0,    0,   -8,    0,    0,   -8,    0,    0,  -12,   -8,   -8,    0,    0,    8,   -8,   -8,    0,    0,    0,    0,    0,    0,    0,    0,    0,    0,    0,    0,   -6,    0,    0,    0,    0,    0,    0,    0,    0,    0,   -6,  -20,    0,    0,  -20,    0,    0,  -12,    0,    0,    0,   -6,    0,    0,
       0,    0,    0,    0,    0,    0,    0,    0,    0,    0,  -40,    0,  -16,    0,    0,  -12,    0,    0,    0,    0,    0,   -8,    0,    0,  -40,    0,  -36,  -16,  -36,    0,    0,    0,  -20,  -20,  -36,    0,  -12,   -8,  -16,   -8,  -16,    0,    0,    0,    0,  -56,  -16,    0,  -40,  -40,  -36,    0,    8,    8,  -36,  -36,    0,  -40,  -40,  -36,  -36,  -36,  -36,    0,    0,    0,  -20,  -36,  -36,  -16,    0,  -36,    0,  -12,    0,  -28,    0,    0,  -16,  -12,    0,  -16,    0,  -40,  -16,    0,    0,    0,  -16,    0,    0,    0,    0,  -40,    0,   -8,  -42,  -36,  -20,  -12,  -26,  -20,  -12,   -8,  -16,    0,  -12,  -36,    0,  -36,    0,    8,    0,   -8,    0,    0,    0,    0,    0,   -8,  -56,    0,    0,  -12,   -8,    0,    0,
       0,    0,    0,    0,    0,    0,    0,    0,    0,    0,    0,    0,    0,    0,    0,    0,    0,    0,   -6,    0,   -6,    0,    0,    0,    0,    0,    0,    0,    0,    0,    0,    0,    0,    0,    0,    0,    0,    0,    0,    0,    0,    0,    0,    0,    0,    0,    0,    0,    0,    0,    0,    0,    0,    0,    0,    0,    0,    0,    0,    0,    0,    0,    0,    0,    0,    0,    0,    0,    0,    0,    0,    0,    0,    0,    0,    0,    0,    0,    0,    0,    0,    0,    0,    0,    0,    0,    0,    0,    0,    0,    0,    0,    0,    0,    0,    0,    0,    0,    0,    0,    0,    0,    0,    0,    0,    0,    0,    0,    0,    0,    0,    0,    0,    0,   -6,    0,    0,   -6,    0,    0,    0,    0,    0,    0,    0,    0,    0,
       0,    0,    0,    0,    0,    0,    0,    0,    0,    0,    0,    0,    0,    0,    0,    0,    0,    0,    0,    0,   -8,    0,    0,    0,    0,    0,    0,    0,    0,    0,    0,    0,    0,    0,    0,    0,    0,    0,    0,    0,    0,    0,    0,    0,    0,    0,    0,    0,    0,    0,    0,    0,    0,    0,    0,    0,    0,    0,    0,    0,    0,    0,    0,    0,    0,    0,    0,    0,    0,    0,    0,    0,    0,    0,    0,    0,    0,    0,    0,    0,    0,    0,    0,    0,    0,    0,    0,    0,    0,    0,    0,    0,    0,    0,    0,    0,    0,    0,    0,    0,    0,    0,    0,    0,    0,    0,    0,    0,    0,    0,    0,    0,    0,    0,    0,    0,    0,   -8,    0,    0,    0,    0,    0,    0,    0,    0,    0,
     -20,    0,  -36,    0,  -12,    0,    8,    0,    0,  -22,   10,    0,   -6,    0,    0,    0,  -42,  -24,  -46,    4,  -41,    4,  -40,    0,    0,   -6,    0,    0,    0,    0,    0,    0,    0,    0,    0,   -6,   -8,  -34,    8,  -34,    0,    0,  -12,    0,    0,   12,    0,    0,    0,    0,    0,    0,    0,    0,    0,    0,    0,    0,    0,    0,    0,    0,    0,    0,    0,    0,    0,    0,    0,    0,    0,    0,    0,    0,    0,    0,    0,    0,    0,    0,    0,    0,    0,    0,    0,    0,    0,    0,    0,    0,    0,    0,    0,    0,    0,    0,    0,    0,    0,    0,    0,    0,    0,    0,    0,    0,    0,    0,    0,    0,    0,    0,    0,    0,    0,    0,    0,    0,    0,    0,    0,    0,    0,    0,    0,  -44,  -32,
       0,    0,    0,   -8,    0,   -8,    0,    0,    0,    0,  -12,    0,    0,    0,    0,    0,   -6,    0,  -10,   -6,  -12,    0,  -16,    0,    0,    0,    6,    0,    0,    0,    0,    4,    0,    0,    0,    0,    0,    0,    0,    0,    0,    0,    0,    0,    0,  -10,    0,    0,    0,    0,    6,    0,    0,    0,    6,    6,    0,    0,    0,    6,    6,    6,    0,    0,    0,    0,    0,    0,    0,    0,    0,    0,    0,    0,   -8,    0,    0,    0,    0,    0,    0,    0,    0,    0,    0,    0,    0,    0,    0,    0,    0,    0,    0,    0,    0,    0,    0,    0,    0,    0,    0,    0,    0,    0,    0,    0,    0,    0,    0,    0,    0,    0,    0,    0,    0,    0,    0,    0,    0,    0,    0,    0,    0,    0,    0,    0,    0,
       0,    0,    0,    0,   -8,    0,    0,    0,    0,    0,    0,    0,  -10,    0,    0,    0,    0,    0,    0,    0,    0,    0,    0,    0,   -6,    0,   -6,    0,   -6,    0,    0,    0,    0,    0,   -6,    0,   -5,   -5,    0,   -5,    0,    0,    0,    0,    0,    0,  -10,    0,   -6,   -6,   -6,    0,    0,    0,   -6,   -6,    0,   -6,   -6,   -6,   -6,   -6,   -6,    0,    0,    0,    0,   -6,   -6,    0,    0,   -6,    0,    0,    0,    0,    0,    0,    0,    0,    0,    0,    0,    0,    0,    0,    0,    0,    0,    0,    0,    0,    0,    0,    0,    0,    0,    0,    0,    0,    0,    0,    0,    0,    0,    0,    0,    0,    0,    0,    0,    0,    0,    0,    0,    0,    0,    0,    0,    0,    0,    0,    0,    0,    0,    0,    0,
       0,  -12,    0,  -20,    0,  -20,  -16,    0,    0,    0,  -11,   -6,    0,   -8,   -4,    0,    0,   -6,   -8,  -14,  -10,   -5,  -12,    0,    0,    0,    0,    0,   -4,    0,    0,    0,    0,    0,    0,   12,    0,    0,    0,    0,    0,    0,    0,    0,    0,  -28,    0,   -8,    0,    0,    0,    0,    0,    0,    0,    0,    0,    0,    0,    0,    0,    0,   -4,    0,    0,    0,    0,    0,    0,    0,    0,   -4,    0,    0,    0,    0,    0,    0,    0,    0,    0,    0,    0,    0,    0,    0,    0,    0,    0,    0,    0,    0,    0,    0,    0,    0,    0,    0,    0,    0,    0,    0,    0,    0,    0,    0,    0,    0,    0,    0,    0,    0,    0,    0,    0,    0,    0,    0,    0,    0,    0,    0,    0,    0,    0,    0,    0,
       0,    0,    0,    0,    0,    0,    0,    0,    0,    0,    0,    0,    0,    0,    0,    0,    0,    0,    0,    0,    0,    0,    0,    0,    0,    0,    0,    0,    0,    0,    0,    0,    0,    0,    0,    0,    0,    0,    0,    0,    0,    0,    0,    0,    0,    0,    0,    0,    0,    0,    0,    0,    0,    0,    0,    0,    0,    0,    0,    0,    0,    0,    0,    0,    0,    0,    0,    0,    0,    0,    0,    0,    0,    0,    0,    0,    0,    0,    0,    0,    0,    0,    0,    0,    0,    0,    0,    0,    0,    0,    0,    0,    0,    0,    0,    0,    0,    0,    0,    0,    0,    0,    0,    0,    0,    0,    0,    0,    0,    0,    0,    0,    0,    0,    0,    0,    0,    0,    0,    0,    0,    0,    0,    0,    0,    0,    8,
       0,    0,   16,  -28,    0,  -28,  -34,    0,    0,    0,  -35,    0,    0,    0,   -8,    0,    0,    0,    0,    0,    0,    0,    0,    0,  -12,    4,   -8,    0,  -16,    4,    0,    0,    0,    0,  -12,    0,    0,    0,    0,    0,   -8,    0,    0,    0,    0,  -46,    0,    0,  -12,  -12,   -8,    0,   16,   16,   -8,   -8,    4,  -12,  -12,   -8,   -8,   -8,  -16,    4,   16,    4,    0,  -12,  -12,   -8,    0,  -16,    0,    0,    0,    0,    0,    0,    0,    0,    0,    0,    0,    0,    0,    0,    0,    0,    0,    0,    0,    0,    0,    0,    0,    0,    0,    0,    0,    0,    0,    0,    0,    0,    0,    0,    0,    0,    0,    0,    0,    0,    0,    0,    0,    0,    0,    0,    0,    0,    0,    0,    0,    0,    0,    8,    8,
       0,    0,    0,    0,    0,    0,    0,    0,    0,    0,    0,    0,    0,    0,    0,    0,   -8,    0,   -8,    0,   -8,    0,    0,    0,    0,    0,    0,    0,   -5,    0,    0,    0,    0,    0,    0,    0,    0,   -4,    0,   -4,    0,    0,    0,    0,    0,   -8,    0,    0,    0,    0,    0,    0,    0,    0,    0,    0,    0,    0,    0,    0,    0,    0,   -5,    0,    0,    0,    0,    0,    0,    0,    0,   -5,    0,    0,    0,    0,    0,    0,    0,    0,    0,    0,    0,    0,    0,    0,    0,    0,    0,    0,    0,    0,    0,    0,    0,    0,    0,    0,    0,    0,    0,    0,    0,    0,    0,    0,    0,    0,    0,    0,    0,    0,    0,    0,    0,    0,    0,    0,    0,    0,    0,    0,    0,    0,    0,    0,    0,
       0,    0,    0,    0,    0,    0,    0,    0,    0,    0,    0,    0,   -6,    0,    0,    0,    0,    0,    0,    0,    0,    0,    0,    0,    0,    0,   -6,    0,    0,    0,    0,    0,    0,    0,    0,    0,   -5,   -4,    0,   -4,    0,    0,   -8,    0,    0,    0,   -6,    0,    0,    0,   -6,    0,    8,    8,   -6,   -6,    0,    0,    0,   -6,   -6,   -6,    0,    0,    0,    0,    0,    0,    0,    0,    0,    0,    0,    0,    0,    0,    0,    0,    0,    0,    0,    0,    0,    0,    0,    0,    0,    0,    0,    0,    0,    0,    0,    0,    0,    0,    0,    0,    0,    0,    0,    0,    0,    0,    0,    0,    0,    0,    0,    0,    0,    0,    0,    0,    0,    0,    0,    0,    0,    0,    0,    0,    0,    0,    0,    0,    0,
       0,    0,    0,  -16,   -8,  -16,  -16,  -12,  -12,    0,  -16,    0,   -6,    0,    0,    0,    0,    0,    0,    0,    0,    0,    0,    0,  -12,    4,   -8,    0,   -8,    4,    0,    6,    0,    0,   -7,    0,   -4,   -6,   -8,   -6,   -6,    0,    0,    0,    0,  -20,   -6,    0,  -12,  -12,   -8,    0,   12,   12,   -8,   -8,    4,  -12,  -12,   -8,   -8,   -8,   -8,    4,    0,    4,    0,   -7,   -7,   -6,    0,   -8,    0,    0,    0,    0,    0,    0,    0,    0,    0,    0,    0,    0,    0,    0,    0,    0,    0,    0,    0,    0,    0,    0,    0,    0,    0,    0,    0,    0,    0,    0,    0,    0,    0,    0,    0,    0,    0,    0,    0,    0,    0,    0,    0,    0,    0,    0,    0,    0,    0,    0,    0,    0,    0,    0,    0,
       0,    0,    0,    0,  -12,    0,    0,    0,    0,    0,    7,    0,  -16,    0,    8,    0,    0,    0,    0,    4,    0,    0,    0,    0,   -6,    4,   -9,    0,    0,    4,    0,    0,    0,   -4,   -5,  -12,  -14,  -24,    4,  -24,    0,    0,    0,    0,    0,    4,  -16,    0,   -6,   -6,   -9,    0,   12,   12,   -9,   -9,    4,   -6,   -6,   -9,   -9,   -9,    0,    4,   12,    4,    0,   -5,   -5,    0,    0,    0,    0,    0,    0,   -8,    0,    0,    0,    0,    0,    0,    0,    0,    0,    0,    0,    0,    0,    0,    0,    0,    0,    0,    0,    0,    0,    0,    0,    0,    0,    0,    0,    0,    0,    0,    0,    0,    0,    0,    0,    0,    0,    0,    0,    0,    0,    0,    0,    0,    0,    0,    0,    0,    0,    0,    0,
       0,    0,  -16,    0,    0,    0,    0,    0,    0,    0,   12,    0,    0,    0,    0,    0,  -22,  -10,  -32,    8,  -32,    0,  -44,    0,    0,    0,    0,    0,    0,    0,    0,    0,    0,    0,    0,    0,    0,  -20,    0,  -20,    0,    0,    0,    0,    0,    0,    0,    0,    0,    0,    0,    0,    0,    0,    0,    0,    0,    0,    0,    0,    0,    0,    0,    0,    0,    0,    0,    0,    0,    0,    0,    0,    0,    0,    0,    0,    0,    0,    0,    0,    0,    0,    0,    0,    0,    0,    0,    0,    0,    0,    0,    0,    0,    0,    0,    0,    0,    0,    0,    0,    0,    0,    0,    0,    0,    0,    0,    0,    0,    0,    0,    0,    0,    0,    0,    0,    0,    0,    0,    0,    0,    0,    0,    0,    0,  -20,  -12,
       0,    0,    0,    0,    0,    0,    0,    0,    0,    0,    0,    0,   -4,    0,    0,    0,  -10,   -6,  -12,   12,   -8,    0,    0,    0,    0,    0,    0,    0,    0,    0,    0,    0,    0,    0,    0,    0,   -4,   -6,    0,   -6,    0,    0,    0,    0,    0,    0,   -4,    0,    0,    0,    0,    0,    8,    8,    0,    0,    0,    0,    0,    0,    0,    0,    0,    0,    8,    0,    0,    0,    0,    0,    0,    0,    0,    0,    0,    0,    0,    0,    0,    0,    0,    0,    0,    0,    0,    0,    0,    0,    0,    0,    0,    0,    0,    0,    0,    0,    0,    0,    0,    0,    0,    0,    0,    0,    0,    0,    0,    0,    0,    0,    0,    0,    0,    0,    0,    0,    0,    0,    0,    0,    0,    0,    0,    0,    0,   -8,    0,
       0,    0,   16,  -14,   -8,  -14,    0,    0,    0,    0,  -12,    0,   -6,    0,    0,    0,    0,    0,    8,    0,    6,    0,    0,    0,   -9,    8,   -6,    0,  -12,    8,    0,    0,    0,    0,  -10,    0,    0,   -6,   -4,   -6,   -4,    0,    0,    0,    0,  -16,   -6,    0,   -9,   -9,   -6,    0,   24,   24,   -6,   -6,    8,   -9,   -9,   -6,   -6,   -6,  -12,    8,   24,    8,    0,  -10,  -10,   -4,    0,  -12,    0,    0,    0,  -12,    0,    0,    0,    0,    0,    0,    0,    0,    0,    0,    0,    0,    0,    0,    0,    0,    0,    0,    0,    0,    0,    0,    0,    0,    0,    0,    0,    0,    0,    0,    0,    0,    0,    0,    0,    0,    0,    0,    0,    0,    0,    0,    0,    0,    0,    0,    0,    0,    0,    0,    0,
       8,    0,   23,  -40,    0,  -40,  -39,    0,    0,    0,  -44,   -4,    0,    0,   -6,    0,    4,    0,    0,   -4,    0,    0,    0,    0,   -6,    0,   -6,    0,  -11,    0,    0,   12,    0,    0,   -7,    8,    8,    9,    0,    9,    0,    0,    0,    0,    0,  -54,    0,    0,   -6,   -6,   -6,    0,    8,    8,   -6,   -6,    0,   -6,   -6,   -6,   -6,   -6,  -11,    0,    8,    0,    0,   -7,   -7,    0,    0,  -11,    0,    0,    0,    0,    0,    0,    0,    0,    0,    0,    0,    0,    0,    0,    0,    0,    0,    0,    0,    0,    0,    0,    0,    0,    0,    0,    0,    0,    0,    0,    0,    0,    0,    0,    0,    0,    0,    0,    0,    0,    0,    0,    0,    0,    0,    0,    0,    0,    0,    0,    0,    0,    0,    8,   12,
       0,    4,    0,   -8,    0,  -20,  -16,    0,   12,    0,  -11,   -6,    0,   28,   -4,    0,    0,   -6,   -8,  -14,  -10,   -5,  -12,   20,    0,    0,    0,    0,    2,    0,    0,   36,    0,    0,    0,   12,    0,    0,    0,   12,    0,   24,    0,    0,    0,  -28,    0,   -8,    0,    0,    0,    0,    0,    0,    0,    0,    0,    0,    0,    0,    0,    0,    2,    0,   36,    0,    0,    0,    0,    0,    0,   16,    0,    8,    0,    0,    0,    0,    0,    0,    0,    0,    0,    0,    0,    0,    0,    0,    0,    0,    0,    0,    0,    0,    0,    0,    0,    0,    0,    0,    0,    0,    0,    0,    0,    0,    0,    0,    0,    0,    0,    0,    0,    0,    0,    0,    0,    0,    0,    0,    0,    0,    0,    0,    0,    0,    0,
       0,    0,  -12,    0,  -12,    0,    0,    0,    0,  -12,   12,    0,  -12,    0,    8,    0,  -24,  -16,  -26,   12,  -30,    0,    0,    0,    0,   -6,    0,    0,    0,    0,    0,    0,    0,    0,    0,   -8,   -8,  -12,    8,  -12,    0,    0,    0,    0,    0,   12,  -12,    0,    0,    0,    0,    0,    0,    0,    0,    0,    0,    0,    0,    0,    0,    0,    0,    0,    0,    0,    0,    0,    0,    0,    0,    0,    0,    0,   -8,    0,    0,    0,    0,    0,    0,    0,    0,    0,    0,    0,    0,    0,    0,    0,    0,    0,    0,    0,    0,    0,    0,    0,    0,    0,    0,    0,    0,    0,    0,    0,    0,    0,    0,    0,    0,    0,    0,    0,    0,    0,    0,    0,    0,    0,    0,    0,    0,    0,    0,  -24,  -16,
       0,    0,    0,   -8,    0,   -8,   -8,    0,    0,    0,  -10,    0,    0,    0,    0,    0,    0,    0,   -6,   -5,   -6,    0,    0,    0,    0,    0,    0,    0,  -16,    0,    0,    0,    0,    0,    0,    0,    0,   -8,   -4,   -8,    0,    0,    0,    0,    0,  -12,    0,    0,    0,    0,    0,    0,    0,    0,    0,    0,    0,    0,    0,    0,    0,    0,  -16,    0,    0,    0,    0,    0,    0,    0,    0,  -16,    0,    0,    0,   -8,    0,    0,    0,    0,    0,    0,    0,    0,    0,    0,    0,    0,    0,    0,    0,    0,    0,    0,    0,    0,    0,    0,    0,    0,    0,    0,    0,    0,    0,    0,    0,    0,    0,    0,    0,    0,    0,    0,    0,    0,    0,    0,    0,    0,    0,    0,    0,    0,    0,    0,    0,
       0,    0,    0,  -40,   -8,  -40,  -50,   -8,   -8,    0,  -48,    0,  -12,    0,  -10,   -6,    0,    0,    0,    0,    0,   -4,    0,    0,  -22,    0,  -24,    0,  -25,    0,    0,    0,    0,    0,  -28,    0,    0,    0,    0,    0,   -8,    0,  -12,   -8,    0,  -40,  -12,    0,  -22,  -22,  -24,    0,   12,   12,  -24,  -24,    0,  -22,  -22,  -24,  -24,  -24,  -25,    0,    0,    0,    0,  -28,  -28,   -8,   -8,  -25,    0,    0,    0,   -8,    0,    0,    0,    0,    0,    0,    0,    0,    0,    0,    0,    0,    0,    0,    0,    0,    0,    0,    0,    0,    0,    0,    0,    0,    0,    0,    0,    0,    0,    0,    0,    0,    0,    0,    0,    0,    0,    0,    0,    0,    0,    0,    0,    0,    0,    0,    0,    0,    0,    8,    8,
       0,    0,    0,  -16,    0,  -16,  -23,    0,    0,    0,  -26,    0,   -6,    0,   -6,   -6,    0,    0,    0,    0,    0,   -6,    0,    0,   -8,    4,   -6,    0,  -16,    4,    0,    0,    0,    0,  -10,    0,    0,   -8,   -9,   -8,   -8,    0,    0,   -8,    0,  -28,   -6,  -12,   -8,   -8,   -6,    0,   14,   14,   -6,   -6,    4,   -8,   -8,   -6,   -6,   -6,  -16,    4,    8,    4,    0,  -10,  -10,   -8,    0,  -16,    0,    0,    0,    0,    0,    0,    0,    0,    0,    0,    0,    0,    0,    0,    0,    0,    0,    0,    0,    0,    0,    0,    0,    0,    0,    0,    0,    0,    0,    0,    0,    0,    0,    0,    0,    0,    0,    0,    0,    0,    0,    0,    0,    0,    0,    0,    0,    0,    0,    0,    0,    0,    0,    0,    0,
       0,    0,   12,  -52,  -20,  -52,  -54,   -8,   -8,    0,  -56,    0,  -20,    0,  -14,  -14,    0,    0,    4,    0,    8,    0,    0,    0,  -30,   12,  -30,   -8,  -34,   12,    0,    0,  -12,   -8,  -28,    0,  -10,  -12,   -9,  -12,  -12,   12,  -16,  -12,    0,  -56,  -20,    0,  -52,  -46,  -30,    0,   24,   24,  -30,  -30,   12,  -46,  -52,  -30,  -30,  -30,  -56,   12,   24,   12,  -12,  -28,  -28,  -12,    0,  -34,    0,    0,    0,  -24,    0,    0,    0,    0,    0,    0,    0,    0,    0,    0,    0,    0,    0,    0,    0,    0,    0,    0,    0,    0,    0,    0,    0,    0,    0,    0,    0,    0,    0,    0,    0,    0,    0,    0,    0,    0,    0,    0,    0,    0,    0,    0,    0,    0,    0,    0,    0,    0,    0,    0,    8,
       0,    0,   12,    0,   -8,    0,    0,    0,    0,    0,    4,    0,  -14,    0,    6,    0,    0,    0,    0,    4,    0,    0,    0,    0,    0,    8,   -4,    0,    0,    8,    0,    0,    0,    0,    0,    0,   -8,  -14,    8,  -14,    0,    0,    0,    0,    0,   12,   -6,    0,    0,    0,   -4,    0,   16,   16,   -4,   -4,    8,    0,    0,   -4,   -4,   -4,    0,    8,   20,    8,    0,    0,    0,    0,    0,    0,    0,    0,    0,    0,    0,    0,    0,    0,    0,    0,    0,    0,    0,    0,    0,    0,    0,    0,    0,    0,    0,    0,    0,    0,    0,    0,    0,    0,    0,    0,    0,    0,    0,    0,    0,    0,    0,    0,    0,    0,    0,    0,    0,    0,    0,    0,    0,    0,    0,    0,    0,    0,    0,    0,    0,
       0,    0,    8,  -36,  -20,  -36,  -42,  -12,  -12,    0,  -44,    0,  -24,    0,   -6,  -18,    0,    0,    4,    0,    8,    0,    0,    0,  -32,    8,  -32,   -6,  -38,    8,    0,    0,  -20,  -16,  -30,   -4,  -13,  -12,  -20,  -12,  -20,    8,  -20,  -16,    0,  -40,  -24,    0,  -32,  -48,  -32,    0,   24,   24,  -32,  -32,    8,  -44,  -44,  -32,  -32,  -32,  -38,    8,   16,    8,  -20,  -30,  -30,  -20,  -16,  -38,    0,   -8,    0,  -16,    0,    0,    0,    0,    0,    0,    0,    0,    0,    0,    0,    0,    0,    0,    0,    0,    0,    0,    0,    0,    0,    0,    0,    0,    0,    0,    0,    0,    0,    0,    0,    0,    0,    0,    0,    0,    0,    0,    0,    0,    0,    0,    0,    0,    0,    0,    0,    0,    0,    0,    8,
       0,    0,    0,    0,    0,    0,    0,    0,    0,    0,    0,    0,    0,    0,    0,    0,    0,    0,    0,    0,    0,    0,    0,    0,    0,    0,    0,    0,    0,    0,    0,    0,    0,    0,    0,    0,    0,   -4,    0,   -4,    0,    0,    0,    0,    0,    0,    0,    0,    0,    0,    0,    0,    8,    8,    0,    0,    0,    0,    0,    0,    0,    0,    0,    0,   12,    0,    0,    0,    0,    0,    0,    0,    0,    0,    0,    0,    0,    0,    0,    0,    0,    0,    0,    0,    0,    0,    0,    0,    0,    0,    0,    0,    0,    0,    0,    0,    0,    0,    0,    0,    0,    0,    0,    0,    0,    0,    0,    0,    0,    0,    0,    0,    0,    0,    0,    0,    0,    0,    0,    0,    0,    0,    0,    0,    0,    0,    0,
       0,    0,    0,    0,    0,    0,    0,    0,    0,    0,    0,    0,    0,   16,    0,    0,    0,    0,    0,    0,    0,    0,    0,    0,    0,    0,    0,    0,    0,    0,    0,   18,    0,    0,    0,    0,    0,    0,    0,   20,    0,    0,    0,    0,    0,    0,    0,    0,    0,    0,    0,    0,   12,   12,    0,    0,    0,    0,    0,    0,    0,    0,    0,    0,   18,    0,    0,    0,    0,    0,    0,    0,    0,    0,    0,    0,    0,    0,    0,    0,   16,    0,    0,    0,    0,    0,    0,    0,    0,    0,    0,    0,    0,    0,    0,    0,    0,    0,    0,    0,    0,    0,    0,   20,    0,    0,    0,    0,    0,    0,    0,   12,   18,   20,    0,    0,    0,    0,    0,    0,    0,    0,    0,    0,   20,    0,    0,
       0,    0,    0,    0,    0,    0,    0,    0,    0,    0,    0,    0,  -12,    0,    0,    0,  -32,  -20,  -40,    0,  -32,    0,    0,    0,    0,    0,   -8,    0,    8,    0,    0,    0,    0,    0,    0,   -8,  -12,  -12,    0,  -12,    0,    0,    0,    0,    0,    0,  -12,    0,    0,    0,   -8,    0,    0,    0,   -8,   -8,    0,    0,    0,   -8,   -8,   -8,    8,    0,    0,    0,    0,    0,    0,    0,    0,    8,    0,    0,    0,    0,    0,  -32,  -12,    0,    0,    0,  -16,    0,    0,    0,    0,    0,    0,    0,  -40,    0,    0,    0,    0,    0,    0,   -8,    0,    0,    0,    0,  -12,  -12,    0,  -12,    0,    0,    0,    0,    0,    0,    0,  -12,  -40,    0,    0,  -32,  -26,    0,    0,    0,    0,    0,  -12,    0,    0,
       0,    0,  -16,    0,    0,    0,    0,    0,    0,  -10,    0,    0,    0,    0,    0,    0,    0,    0,    0,    0,    0,    0,  -40,    0,    0,   -4,    0,    0,    0,    0,    0,    0,    0,    0,    0,    0,   -6,  -16,    0,  -16,    0,    0,    0,    0,    0,    0,    0,    0,    0,    0,    0,    0,    0,    0,    0,    0,   -5,    0,    0,    0,    0,    0,    0,    0,    0,    0,    0,    0,    0,    0,    0,    0,    0,    0,    0,    0,    0,    0,    0,    0,    0,    0,    0,    0,    0,    0,    0,    0,    0,    0,    0,    0,    0,    0,    0,    0,    0,    0,    0,    0,    0,    0,    0,    0,    0,    0,    0,    0,    0,    0,    0,    0,    0,    0,    0,    0,    0,    0,    0,    0,    0,    0,    0,    0,    0,  -16,  -12,
       0,  -12,   -8,  -12,    0,  -12,  -16,    0,    0,   -6,    0,    0,    0,    0,    0,    0,    0,    0,    0,    0,    0,    0,  -24,    0,    0,   -4,    0,    0,    0,   -4,    0,    0,    0,    0,    0,    4,    0,   -8,  -10,   -8,    0,    0,    0,    0,    0,    0,    0,    0,    0,    0,    0,    0,    0,    0,    0,    0,   -4,    0,    0,    0,    0,    0,    0,   -4,    0,   10,    0,    0,    0,    0,    0,    0,    0,    0,    0,    0,    0,    0,    0,    0,    0,    0,    0,    0,    0,    0,    0,    0,    0,    0,    0,    0,    0,    0,    0,    0,    0,    0,    0,    0,    0,    0,    0,    0,    0,    0,    0,    0,    0,    0,    0,    0,    0,    0,    0,    0,    0,    0,    0,    0,    0,    0,    0,    0,    0,  -16,   -8,
       0,    0,    0,    0,    0,    0,    0,    0,    0,    0,    0,    0,    0,    0,    0,    0,    0,    0,    0,    0,    0,    0,  -24,    0,   -4,    0,    0,    0,   -6,    0,    0,    0,    0,    0,    0,    0,    0,   -4,   -4,   -4,    0,    0,    0,    0,    0,    0,    0,    0,   -4,   -4,    0,    0,    0,    0,    0,    0,    0,   -4,   -4,    0,    0,    0,   -6,    0,    0,    0,    0,    0,    0,    0,    0,   -6,    0,    0,    0,    0,    0,    0,    0,    0,    0,    0,    0,    0,    0,    0,    0,    0,    0,    0,    0,    0,    0,    0,    0,    0,    0,    0,    0,    0,    0,    0,    0,    0,    0,    0,    0,    0,    0,    0,    0,    0,    0,    0,    0,    0,    0,    0,    0,    0,    0,    0,    0,    0,    0,    0,    8,
       0,    0,    0,    0,    0,    0,    0,    0,    0,    0,    0,    0,    0,    0,    0,    0,    0,    0,    0,    0,    0,    0,    0,    0,    0,    0,    0,    0,    0,    0,    0,    0,    0,    0,    0,    0,    0,   -8,    4,   -8,    0,    0,    0,    0,    0,    0,    0,    0,    0,    0,    0,    0,    0,    0,    0,    0,    0,    0,    0,    0,    0,    0,    0,    0,    0,    0,    0,    0,    0,    0,    0,    0,    0,    0,    0,    0,    0,    0,    0,    0,    0,    0,    0,    0,    0,    0,    0,    0,    0,    0,    0,    0,    0,    0,    0,    0,    0,    0,    0,    0,    0,    0,    0,    0,    0,    0,    0,    0,    0,    0,    0,    0,    0,    0,    0,    0,    0,    0,    0,    0,    0,    0,    0,    0,    0,   -8,    0,
       0,    0,    0,    0,    0,    0,    0,    0,    0,   -8,    0,    0,    0,    0,    0,    0,    0,    0,    0,    0,    0,    0,  -16,    0,   -4,    0,    0,    0,    0,    0,    0,    0,    0,    0,    0,    0,    0,   -8,    0,   -8,    0,    0,    0,    0,    0,    0,    0,    0,   -4,   -4,    0,    0,    0,    0,    0,    0,    0,   -4,   -4,    0,    0,    0,    0,    0,    0,   12,    0,    0,    0,    0,    0,    0,    0,    0,    0,    0,    0,    0,    0,    0,    0,    0,    0,    0,    0,    0,    0,    0,    0,    0,    0,    0,    0,    0,    0,    0,    0,    0,    0,    0,    0,    0,    0,    0,    0,    0,    0,    0,    0,    0,    0,    0,    0,    0,    0,    0,    0,    0,    0,    0,    0,    0,    0,    0,    0,   -8,    0,
      41,   40,   40,  -12,    0,  -12,  -12,    0,    0,   24,    0,    0,    0,    0,    0,    0,    0,    0,    0,    0,    0,    0,   40,   34,   -5,    0,   -6,    0,   -8,    0,    8,   20,    0,    0,   -7,    0,    0,    4,    0,    4,    0,   40,    0,    0,    0,    0,    0,    0,    9,   15,   10,   44,   86,   50,   -4,   -6,    0,    7,    3,   -2,   -8,    0,   -2,   42,   40,    0,   12,    1,    3,   18,    0,   -8,    0,    0,    0,    0,    0,    0,    0,    0,    0,    0,    0,    0,    0,    0,    0,    0,    0,    0,    0,    0,    0,    0,    0,    0,    0,    0,    0,    0,    0,    0,    0,    0,    0,    0,    0,    0,    0,    0,    0,    0,    0,    0,    0,    0,    0,    0,    0,    0,    0,    0,    0,    0,    0,   32,   36,
      12,    0,    8,    0,    0,    0,    0,    0,    0,    0,    0,    0,    0,    0,    0,    0,    0,    0,    0,    0,    0,    0,  -12,    0,   -8,    0,  -10,    0,   -4,    0,    0,    8,    0,    6,    0,   10,    0,    4,    0,    4,    0,    0,    0,    0,    0,    0,    0,    0,   -8,   -8,  -10,    0,    0,    0,  -10,  -10,    0,   -8,   -8,  -10,  -10,  -10,   -4,    0,    8,    0,    0,    0,    0,    0,    0,   16,    0,    0,    0,    0,    0,    0,    0,    0,    0,    0,    0,    0,    0,    0,    0,    0,    0,    0,    0,    0,    0,    0,    0,    0,    0,    0,    0,    0,    0,    0,    0,    0,    0,    0,    0,    0,    0,    0,    0,    0,    0,    0,    0,    0,    0,    0,    0,    0,    0,    0,    0,    0,    0,   16,   16,
       0,    0,  -16,    0,    0,    0,    0,    0,    0,   -6,    0,    0,    0,    0,    0,    0,    0,    0,    0,    0,    0,    0,  -36,    0,    0,    0,    0,    0,    0,    0,    0,    0,    0,    0,    0,   -4,   -4,  -23,    0,  -23,    0,    0,    0,    0,    0,    0,    0,    0,    0,    0,    0,    0,    0,    0,    0,    0,    0,    0,    0,    0,    0,    0,    0,    0,    0,    0,    0,    0,    0,    0,    0,    0,    0,   -8,    0,    0,    0,    0,    0,    0,    0,    0,    0,    0,    0,    0,    0,    0,    0,    0,    0,    0,    0,    0,    0,    0,    0,    0,    0,    0,    0,    0,    0,    0,    0,    0,    0,    0,    0,    0,    0,    0,    0,    0,    0,    0,    0,    0,    0,    0,    0,    0,    0,    0,    0,  -20,  -12,
       0,    0,    0,    0,    0,    0,    0,    0,    0,    0,    0,    0,    0,    0,    0,    0,    0,    0,    0,    0,    0,    0,    0,    0,    0,    0,    0,    0,    6,    0,    0,    0,    0,    0,    0,    0,    0,   -8,    0,   -8,    0,    0,    0,    0,    0,    0,    0,    0,    0,    0,    0,    0,    0,    0,    0,    0,    0,    0,    0,    0,    0,    0,    6,    0,    0,    0,    0,    0,    0,    0,    0,    6,    0,    0,    0,    0,    0,    0,    0,    0,    0,    0,    0,    0,    0,    0,    0,    0,    0,    0,    0,    0,    0,    0,    0,    0,    0,    0,    0,    0,    0,    0,    0,    0,    0,    0,    0,    0,    0,    0,    0,    0,    0,    0,    0,    0,    0,    0,    0,    0,    0,    0,    0,    0,    0,   -8,    0,
       0,    0,    0,    0,    0,    0,    0,    0,    0,    0,    0,    0,    0,    0,    0,    0,    0,    0,    0,    0,    0,    0,    0,    0,    0,    0,    0,    0,   -8,    0,    0,    0,    0,    0,    0,    0,    0,   -8,   -4,   -8,    0,    0,    0,    0,    0,    0,    0,    0,    0,    0,    0,    0,    0,    0,    0,    0,    0,    0,    0,    0,    0,    0,   -8,    0,    0,    0,    0,    0,    0,    0,    0,   -8,    0,    0,    0,    0,    0,    0,    0,    0,    0,    0,    0,    0,    0,    0,    0,    0,    0,    0,    0,    0,    0,    0,    0,    0,    0,    0,    0,    0,    0,    0,    0,    0,    0,    0,    0,    0,    0,    0,    0,    0,    0,    0,    0,    0,    0,    0,    0,    0,    0,    0,    0,    0,    0,    0,    0,
       0,    0,    0,    0,    0,    0,    0,    0,    0,   -6,    0,    0,    0,    0,    0,    0,    0,    0,    0,    0,    0,    0,   -8,    0,   -8,   -8,  -10,    0,   -8,    0,    0,    0,    0,    0,   -6,    0,    0,  -12,    4,  -12,    0,    0,    0,    0,    0,    0,    0,    0,   -8,   -8,  -10,    0,    0,    0,  -10,   -6,    0,   -8,   -8,  -10,  -10,  -10,   -8,    0,    0,    0,    0,   -6,   -6,    0,    0,   -8,    0,    0,    0,    0,    0,    0,    0,    0,    0,    0,    0,    0,    0,    0,    0,    0,    0,    0,    0,    0,    0,    0,    0,    0,    0,    0,    0,    0,    0,    0,    0,    0,    0,    0,    0,    0,    0,    0,    0,    0,    0,    0,    0,    0,    0,    0,    0,    0,    0,    0,    0,    0,    0,    0,    0,
       0,    0,    0,    0,    0,    0,    0,    0,    0,  -12,    0,    0,    0,    0,    0,    0,    0,    0,    0,    0,    0,    0,    0,    0,    0,    0,    0,    0,    0,    0,    0,    0,    0,    0,    0,    0,    0,   -7,    0,   -7,    0,    0,    0,    0,    0,    0,    0,    0,    0,    0,    0,    0,    0,    0,    0,    0,    0,    0,    0,    0,    0,    0,    0,    0,    0,    0,    0,    0,    0,    0,    0,    0,    0,    0,    0,    0,    0,    0,    0,    0,    0,    0,    0,    0,    0,    0,    0,    0,    0,    0,    0,    0,    0,    0,    0,    0,    0,    0,    0,    0,    0,    0,    0,    0,    0,    0,    0,    0,    0,    0,    0,    0,    0,    0,    0,    0,    0,    0,    0,    0,    0,    0,    0,    0,    0,  -12,   -8,
       0,    0,    0,    0,    0,    0,    0,    0,    0,   -6,    0,    0,    0,    0,    0,    0,    0,    0,    0,    0,    0,    0,  -20,    0,    0,    0,    0,    0,    0,    0,    0,   28,    0,    5,    0,    0,    0,   -6,    0,   12,    0,    0,    0,    0,    0,    0,    0,    0,    0,    0,    0,    0,    0,    0,    0,    0,    0,    0,    0,    0,    0,    0,    0,    0,   28,    0,    0,    0,    0,    0,    0,    0,    0,    0,    0,    0,    0,    0,    0,    0,    0,    0,    0,    0,    0,    0,    0,    0,    0,    0,    0,    0,    0,    0,    0,    0,    0,    0,    0,    0,    0,    0,    0,    0,    0,    0,    0,    0,    0,    0,    0,    0,    0,    0,    0,    0,    0,    0,    0,    0,    0,    0,    0,    0,    0,  -12,    0,
       0,    0,    8,  -28,   -8,  -28,  -24,    0,    0,   -8,    0,    0,    0,    0,    0,    0,    0,    0,    0,    0,    0,    0,    0,    0,  -14,   -8,   -8,    0,  -12,   -8,    0,    0,    0,    0,  -10,    6,    0,    0,    0,    0,    0,    0,    0,    0,    0,    0,    0,    0,  -14,  -14,   -8,    0,    0,    0,   -8,   -8,   -8,  -14,  -14,   -8,   -8,   -8,  -12,   -8,    0,   -8,    0,  -10,  -10,    0,    0,  -12,    0,    0,    0,    0,    0,    0,    0,    0,    0,    0,    0,    0,    0,    0,    0,    0,    0,    0,    0,    0,    0,    0,    0,    0,    0,    0,    0,    0,    0,    0,    0,    0,    0,    0,    0,    0,    0,    0,    0,    0,    0,    0,    0,    0,    0,    0,    0,    0,    0,    0,    0,    0,    0,   12,   12,
       0,    0,    0,   -6,    0,   -6,   -8,    0,    0,   -6,    0,    0,    0,    0,    0,    0,    0,    0,    0,    0,    0,    0,  -12,    0,   -6,    0,    0,    0,   -6,    0,    0,    0,    0,    0,    0,    0,    0,   -6,   -6,   -6,    0,    0,    0,    0,    0,    0,    0,    0,   -6,   -6,    0,    0,    0,    0,    0,    0,    0,   -6,   -6,    0,    0,    0,   -6,    0,    0,    0,    0,    0,    0,    0,    0,   -6,    0,    0,    0,    0,    0,    0,    0,    0,    0,    0,    0,    0,    0,    0,    0,    0,    0,    0,    0,    0,    0,    0,    0,    0,    0,    0,    0,    0,    0,    0,    0,    0,    0,    0,    0,    0,    0,    0,    0,    0,    0,    0,    0,    0,    0,    0,    0,    0,    0,    0,    0,    0,    0,   -8,    0,
       0,    0,    0,    0,    0,    0,    0,    0,    0,    0,    0,    0,    0,    0,    0,    0,    0,    0,    0,    0,    0,    0,  -12,    0,    0,    0,    0,    0,    0,    0,    0,    8,    0,    0,    0,    0,    0,   -4,    0,   -4,    0,    0,    0,    0,    0,    0,    0,    0,    0,    0,    0,    0,    0,    0,    0,    0,    0,    0,    0,    0,    0,    0,    0,    0,    0,    0,    0,    0,    0,    0,    0,    0,    0,    0,    0,    0,    0,    0,    0,    0,    0,    0,    0,    0,    0,    0,    0,    0,    0,    0,    0,    0,    0,    0,    0,    0,    0,    0,    0,    0,    0,    0,    0,    0,    0,    0,    0,    0,    0,    0,    0,    0,    0,    0,    0,    0,    0,    0,    0,    0,    0,    0,    0,    0,    0,    6,    8,
       0,    0,    0,    0,    0,    0,    0,    0,    0,   -6,    0,    0,    0,    0,    0,    0,    0,    0,    0,    0,    0,    0,  -16,    0,    0,    0,    0,    0,    4,    0,    0,    0,    0,    0,    0,    0,    0,  -14,    8,  -14,    0,    0,    0,    0,    0,    0,    0,    0,    0,    0,    0,    0,    0,    0,    0,    0,    0,    0,    0,    0,    0,    0,    4,    0,    0,    0,    0,    0,    0,    0,    0,    4,    0,    0,    0,    0,    0,    0,    0,    0,    0,    0,    0,    0,    0,    0,    0,    0,    0,    0,    0,    0,    0,    0,    0,    0,    0,    0,    0,    0,    0,    0,    0,    0,    0,    0,    0,    0,    0,    0,    0,    0,    0,    0,    0,    0,    0,    0,    0,    0,    0,    0,    0,    0,    0,   -8,   -6,
       0,    0,   12,  -36,   -6,  -36,  -22,    0,    0,    0,    0,    0,    0,    0,    0,    0,    0,    0,    0,    0,    0,    0,    0,    0,  -12,  -10,  -12,    6,  -18,  -10,    4,    8,    4,    8,  -14,    8,    5,    0,    0,    0,    0,    0,    0,    0,    0,    0,    0,    0,  -12,  -12,  -12,    4,    0,    0,  -12,  -12,  -10,  -12,  -12,  -12,  -12,  -12,  -18,  -10,   16,  -10,    4,  -14,  -14,    0,    0,  -18,    0,    0,    0,    0,    0,    0,    0,    0,    0,    0,    0,    0,    0,    0,    0,    0,    0,    0,    0,    0,    0,    0,    0,    0,    0,    0,    0,    0,    0,    0,    0,    0,    0,    0,    0,    0,    0,    0,    0,    0,    0,    0,    0,    0,    0,    0,    0,    0,    0,    0,    0,    0,    0,   16,   16,
       0,    0,    8,    0,    0,    0,    0,    0,    0,    0,    0,    0,    0,    0,    0,    0,    0,    0,    0,    0,    0,    0,    0,    0,    0,    0,  -10,    0,   -4,    0,    0,    0,    0,    6,   -4,    8,    0,    0,    4,    0,    0,    0,    0,    0,    0,    0,    0,    0,    0,    0,  -10,    0,    0,    0,  -10,  -10,    0,    0,    0,  -10,  -10,  -10,   -4,    0,    0,    0,    0,   -4,   -4,    0,    0,   -4,    0,    0,    0,    0,    0,    0,    0,    0,    0,    0,    0,    0,    0,    0,    0,    0,    0,    0,    0,    0,    0,    0,    0,    0,    0,    0,    0,    0,    0,    0,    0,    0,    0,    0,    0,    0,    0,    0,    0,    0,    0,    0,    0,    0,    0,    0,    0,    0,    0,    0,    0,    0,    0,   12,   16,
       0,    0,    0,    0,    0,    0,    0,    0,    0,    0,    0,    0,    0,    0,    0,    0,    0,    0,    0,    0,    0,    0,  -12,    0,    0,    0,    0,    0,   -4,    0,    0,    0,    0,    0,    0,    0,    0,    0,    0,    0,    0,    0,    0,    0,    0,    0,    0,    0,    0,    0,    0,    0,    0,    0,    0,    0,    0,    0,    0,    0,    0,    0,   -4,    0,    0,    0,    0,    0,    0,    0,    0,   -4,    0,    0,    0,    0,    0,    0,    0,    0,    0,    0,    0,    0,    0,    0,    0,    0,    0,    0,    0,    0,    0,    0,    0,    0,    0,    0,    0,    0,    0,    0,    0,    0,    0,    0,    0,    0,    0,    0,    0,    0,    0,    0,    0,    0,    0,    0,    0,    0,    0,    0,    0,    0,    0,    0,    0,
       0,    0,    0,    0,    0,    0,    0,    0,    0,    0,    0,    0,    0,   28,    0,    0,    0,    0,   12,    0,    8,    0,    0,    0,    0,    0,    0,    0,    0,    0,    0,   22,    0,    0,    0,    0,    0,    8,    0,    8,    0,    0,    0,    0,    0,    0,    0,    0,    0,    0,    0,    0,   12,   12,    0,    0,    0,    0,    0,    0,    0,    0,    0,    0,   22,    0,    0,    0,    0,    0,    0,    8,    0,    0,    0,    0,    0,    0,    0,    0,   28,    0,    0,    0,    0,    0,    0,    0,    0,    0,    0,    0,    0,    0,    0,    0,    0,    0,    0,    0,    0,    0,    0,    8,    0,    0,    0,    0,    0,    0,    0,   12,   22,    8,   12,    0,    0,    8,    0,    0,    0,    0,    0,    0,    8,    0,    0,
       0,    0,    0,    0,    0,    0,    0,    0,    0,    0,    0,    0,    0,   16,    0,    0,    0,    0,  -12,    0,   -8,    0,    0,    0,    0,    0,    0,    0,    0,    0,    0,   16,    0,    0,    0,    0,    0,    0,    0,    0,    0,    0,    0,    0,    0,    0,    0,    0,    0,    0,    0,    0,    0,    0,    0,    0,    0,    0,    0,    0,    0,    0,    0,    0,    0,    0,    0,    0,    0,    0,    0,    0,    0,    0,    0,    0,    0,    0,    0,    0,   16,    0,    0,    0,    0,    0,    0,    0,    0,    0,    0,    0,    0,    0,    0,    0,    0,    0,    0,    0,    0,    0,    0,    0,    0,    0,    0,    0,    0,    0,    0,    0,   16,    0,  -12,    0,    0,   -8,    0,    0,    0,    0,    0,    0,    0,    0,    0,
       0,    0,    0,    0,    0,    0,    0,    0,    0,    0,    0,    0,    0,    0,    0,    0,   -8,   -8,  -12,    0,  -16,    0,    0,    0,    0,    0,    0,    0,    0,    0,    0,    0,    0,    0,    0,    0,    0,    0,    0,    0,    0,    0,    0,    0,    0,    0,    0,    0,    0,    0,    0,    0,    0,    0,    0,    0,  -12,    0,    0,    0,    0,    0,    0,    0,    0,    0,    0,    0,    0,    0,    0,    0,    0,    0,    0,    0,    0,   -8,    0,    0,    0,    0,   -4,    0,    0,    0,    0,    0,    0,    0,   -8,    0,    0,    0,    0,    0,    0,    0,    0,    0,    0,    0,    0,    0,    0,    0,    0,    0,    0,    0,    0,    0,    0,    0,  -12,    0,    0,  -16,    0,    0,    0,    0,    0,    0,    0,    0,    0,
       0,    0,    0,   -8,    0,   -8,    0,    0,    0,    0,  -12,   -8,    0,    0,    0,    0,  -12,    0,  -16,    0,  -20,    0,    0,    0,    0,    0,    0,    0,    0,    0,    0,    0,    0,    0,    0,    0,    0,    0,    0,    0,    0,    0,    0,    0,    0,  -20,    0,    0,    0,    0,    0,    0,    0,    0,    0,    0,    0,    0,    0,    0,    0,    0,    0,    0,    0,    0,    0,    0,    0,    0,    0,    0,    0,    0,    0,    0,   -8,  -12,    0,    0,    0,    0,   -8,  -12,    0,  -12,    0,    0,    0,    0,  -12,    0,    0,    0,    0,    0,    0,    0,  -12,    0,    0,    0,    0,    0,    0,    0,    0,    0,    0,    0,    0,    0,    0,    0,  -16,    0,    0,  -20,    0,    0,  -20,    0,    0,    0,    0,    0,    0,
       0,    0,    0,    0,    0,    0,    0,    0,    0,    0,    0,   -8,  -10,   12,    0,    0,  -16,  -12,  -28,    0,  -24,    0,    0,    0,  -12,  -12,  -12,   -8,    0,  -12,    0,   12,   -8,    0,  -16,   -8,   -8,  -12,  -12,  -16,  -12,    0,    0,    0,    0,    0,  -10,  -12,  -12,  -12,  -12,    0,    0,    0,  -12,  -12,  -12,  -12,  -12,  -12,  -12,  -12,    0,  -12,    0,  -12,   -8,  -16,  -16,  -12,    0,    0,    0,    0,    0,    0,   -8,  -16,  -10,    0,   12,    0,    0,    0,    0,    0,    0,    0,    0,    0,    0,    0,    0,  -12,    0,    0,    0,  -12,    0,    0,    0,    0,    0,  -12,  -12,    0,    0,    0,  -12,  -16,    0,    0,   12,  -16,  -24,    0,    0,  -16,    0,    0,    0,    0,    0,    0,  -12,    0,    0,
       0,  -12,    0,  -20,    0,  -20,  -16,    0,    0,    0,  -11,   -6,    0,   -8,   -4,    0,    0,   -6,   -8,  -10,  -10,   -5,  -12,    0,    0,    0,    0,    0,   -4,    0,    0,    0,    0,    0,    0,   12,    0,    0,    0,    0,    0,    0,    0,    0,    0,  -28,    0,   -8,    0,    0,    0,    0,    0,    0,    0,    0,    0,    0,    0,    0,    0,    0,   -4,    0,    0,    0,    0,    0,    0,    0,    0,   -4,    0,    0,    0,    0,    0,    0,    0,    0,    0,    0,    0,    0,    0,    0,    0,    0,    0,    0,    0,    0,    0,    0,    0,    0,    0,    0,    0,    0,    0,    0,    0,    0,    0,    0,    0,    0,    0,    0,    0,    0,    0,    0,    0,    0,    0,    0,    0,    0,    0,    0,    0,    0,    0,    0,    0,
       0,  -12,    0,  -32,    0,  -32,  -44,    0,    0,   -8,  -32,  -18,    0,  -16,  -20,  -10,  -12,  -14,  -28,  -28,  -30,    0,  -24,  -12,   -6,   -7,    0,    0,  -12,   -7,    0,    0,    0,    0,   -6,    0,    0,    0,   -5,    0,    0,    0,    0,    0,    0,  -44,    0,    0,   -6,   -6,    0,    0,    0,    0,    0,    0,   -7,   -6,   -6,    0,    0,    0,  -12,   -7,    0,   -7,    0,   -6,   -6,    0,    0,  -12,  -16,    0,    0,    0,    0,    0,    0,    0,    0,    0,    0,    0,    0,    0,    0,    0,    0,    0,    0,    0,    0,    0,    0,    0,    0,    0,    0,    0,    0,    0,    0,    0,    0,    0,    0,    0,    0,    0,    0,    0,    0,    0,    0,    0,    0,    0,    0,    0,    0,    0,    0,    0,    0,    0,    0,
       0,    0,   -8,    0,    0,    0,   -8,    0,    0,   -8,    0,    0,    0,    0,    0,    0,    0,    0,    0,    0,    0,    0,  -12,    0,    0,    0,    0,    0,    0,    0,    0,    0,   -8,   -8,    0,    0,   -8,  -16,    0,  -16,    0,    0,    0,    0,    0,    0,    0,    0,    0,    0,    0,    0,    0,    0,    0,    0,    0,    0,    0,    0,    0,    0,    0,    0,    0,    0,   -8,    0,    0,    0,    0,    0,    0,    0,    0,    0,    0,    0,    0,    0,    0,    0,    0,    0,    0,    0,    0,    0,    0,    0,    0,    0,    0,    0,    0,    0,    0,    0,    0,    0,    0,    0,    0,    0,    0,    0,    0,    0,    0,    0,    0,    0,    0,    0,    0,    0,    0,    0,    0,    0,    0,    0,    0,    0,    0,  -16,  -12,
       0,   12,   12,    0,    0,    0,    0,    0,    0,    0,    0,    0,    0,    0,    0,    0,    0,    0,    0,    0,    0,    0,    8,   12,    0,   22,    0,    0,    0,   22,    0,    0,    0,    0,    0,    0,    0,    0,    0,    0,    0,   12,    0,    0,    0,    0,    0,    0,    0,    0,    0,    0,   20,   20,    0,    0,   22,    0,    0,    0,    0,    0,    0,   22,    0,   22,    0,    0,    0,    0,    0,    0,    0,    0,    0,    0,    0,    0,    0,    0,    0,    0,    0,    0,    0,    0,    0,    0,    0,    0,    0,    0,    0,    0,    0,    0,    0,    0,    0,    0,    0,    0,    0,    0,    0,    0,    0,    0,    0,    0,    0,    0,    0,    0,    0,    0,    0,    0,    0,    0,    0,    0,    0,    0,    0,    8,   12,
     -20,    0,  -36,    0,  -12,    0,    8,    0,    0,  -22,   10,    0,   -6,    8,    0,    0,  -42,  -24,  -46,    4,  -41,    4,  -40,    0,    0,   -6,    0,    0,    0,    0,    0,   16,    0,    0,    0,   -6,   -8,  -34,    8,  -34,    0,    0,  -12,    0,    0,   12,    0,    0,    0,    0,    0,    0,    0,    0,    0,    0,    0,    0,    0,    0,    0,    0,    0,    0,   16,    0,    0,    0,    0,    0,    0,    0,    0,    0,    0,    0,    0,    0,    0,    0,    0,    0,    0,    0,    0,    0,    0,    0,    0,    0,    0,    0,    0,    0,    0,    0,    0,    0,    0,    0,    0,    0,    0,    0,    0,    0,    0,    0,    0,    0,    0,    0,    0,    0,    0,    0,    0,    0,    0,    0,    0,    0,    0,    0,    0,  -44,  -32,
       0,    0,  -16,    0,    0,    0,    0,    0,    0,  -10,    0,    0,    0,    0,    0,    0,    0,    0,    0,    0,    0,    0,  -40,    0,    0,   -4,    0,    0,    0,    0,    0,   36,    0,    0,    0,    0,   -6,  -16,    0,  -16,    0,    0,    0,    0,    0,    0,    0,    0,    0,    0,    0,    0,    0,    0,    0,    0,   -5,    0,    0,    0,    0,    0,    0,    0,   36,    0,    0,    0,    0,    0,    0,    0,    0,    0,    0,    0,    0,    0,    0,    0,    0,    0,    0,    0,    0,    0,    0,    0,    0,    0,    0,    0,    0,    0,    0,    0,    0,    0,    0,    0,    0,    0,    0,    0,    0,    0,    0,    0,    0,    0,    0,    0,    0,    0,    0,    0,    0,    0,    0,    0,    0,    0,    0,    0,    0,  -16,  -12,
       0,   36,   28,    0,    0,    0,    0,    0,    0,   20,    0,    0,    0,    0,    0,    0,    0,    0,    0,    0,    0,    0,   24,   24,    0,   44,    0,   16,    0,   44,   20,   20,    4,    0,    0,    8,    4,   12,    8,   12,    0,   32,    0,    0,    0,    0,    0,    0,    0,   16,    0,   20,    0,    0,    0,    0,   44,    0,    0,    0,    0,    0,    0,   44,   36,   44,   16,    0,   12,   14,    0,    0,    0,    0,    0,    0,    0,    0,    0,    0,    0,    0,    0,    0,    0,    0,    0,    0,    0,    0,    0,    0,    0,    0,    0,    0,    0,    0,    0,    0,    0,    0,    0,    0,    0,    0,    0,    0,    0,    0,    0,    0,    0,    0,    0,    0,    0,    0,    0,    0,    0,    0,    0,    0,    0,   24,   32,
       0,    0,    0,    0,    0,    0,    0,    0,    0,    0,    0,    0,    0,    0,    0,    0,    0,    0,    0,    0,    0,    0,    0,    0,    0,    0,    0,    0,    0,    0,    0,    0,    0,    0,    0,    0,    0,   -8,    4,   -8,    0,    0,    0,    0,    0,    0,    0,    0,    0,    0,    0,    0,    0,    0,    0,    0,    0,    0,    0,    0,    0,    0,    0,    0,    0,    0,    0,    0,    0,    0,    0,    0,    0,    0,    0,    0,    0,    0,    0,    0,    0,    0,    0,    0,    0,    0,    0,    0,    0,    0,    0,    0,    0,    0,    0,    0,    0,    0,    0,    0,    0,    0,    0,    0,    0,    0,    0,    0,    0,    0,    0,    0,    0,    0,    0,    0,    0,    0,    0,    0,    0,    0,    0,    0,    0,   -4,    0,
       0,    0,    0,    0,    0,    0,    0,    0,    0,    0,    0,    0,    0,    0,    0,    0,    0,    0,    0,    0,    0,    0,    0,    0,    0,    0,    0,    0,    0,    0,    0,    8,    0,    0,    0,    0,    0,    0,    0,    0,    0,    0,    0,    0,    0,    0,    0,    0,    0,    0,    0,    0,    0,    0,    0,    0,    0,    0,    0,    0,    0,    0,    0,    0,    0,    0,    0,    0,    0,    0,    0,    0,    0,    0,    0,    0,    0,    0,    0,    0,    0,    0,    0,    0,    0,    0,    0,    0,    0,    0,    0,    0,    0,    0,    0,    0,    0,    0,    0,    0,    0,    0,    0,    0,    0,    0,    0,    0,    0,    0,    0,    0,    0,    0,    0,    0,    0,    0,    0,    0,    0,    0,    0,    0,    0,    0,    8,
       0,    0,    0,    0,    0,    0,    0,    0,    0,   -8,    0,    0,    0,    0,    0,    0,    0,    0,    0,    0,    0,    0,  -16,    0,   -4,    0,    0,    0,    0,    0,    0,   16,    0,    0,    0,    0,    0,   -8,    0,   -8,    0,    0,    0,    0,    0,    0,    0,    0,   -4,   -4,    0,    0,    0,    0,    0,    0,    0,   -4,   -4,    0,    0,    0,    0,    0,   16,   12,    0,    0,    0,    0,    0,    0,    0,    0,    0,    0,    0,    0,    0,    0,    0,    0,    0,    0,    0,    0,    0,    0,    0,    0,    0,    0,    0,    0,    0,    0,    0,    0,    0,    0,    0,    0,    0,    0,    0,    0,    0,    0,    0,    0,    0,    0,    0,    0,    0,    0,    0,    0,    0,    0,    0,    0,    0,    0,    0,   -8,    0,
       0,    0,    0,    0,    0,    0,    0,    0,    0,    0,    0,    0,    0,    0,    0,    0,    0,    0,    0,    0,    0,    0,    0,    0,    0,    0,    0,    0,    6,    0,    0,   38,    0,    0,    0,    0,    0,   -8,    0,   -8,    0,    0,    0,    0,    0,    0,    0,    0,    0,    0,    0,    0,    0,    0,    0,    0,    0,    0,    0,    0,    0,    0,    6,    0,   38,    0,    0,    0,    0,    0,    0,    6,    0,    0,    0,    0,    0,    0,    0,    0,    0,    0,    0,    0,    0,    0,    0,    0,    0,    0,    0,    0,    0,    0,    0,    0,    0,    0,    0,    0,    0,    0,    0,    0,    0,    0,    0,    0,    0,    0,    0,    0,    0,    0,    0,    0,    0,    0,    0,    0,    0,    0,    0,    0,    0,   -8,    0,
       0,    0,    0,    0,    0,    0,    0,    0,    0,    0,    0,    0,    0,    0,    0,    0,    0,    0,    0,    0,    0,    0,    0,    0,    0,   20,    0,    0,   -8,   20,    0,    0,    0,    0,    0,    0,    0,    0,    0,    0,    0,    0,    0,    0,    0,    0,    0,    0,    0,    0,    0,    0,    0,    0,    0,    0,   20,    0,    0,    0,    0,    0,   -8,   20,    0,   20,    0,    0,    0,    0,    0,   -8,    0,    0,    0,    0,    0,    0,    0,    0,    0,    0,    0,    0,    0,    0,    0,    0,    0,    0,    0,    0,    0,    0,    0,    0,    0,    0,    0,    0,    0,    0,    0,    0,    0,    0,    0,    0,    0,    0,    0,    0,    0,    0,    0,    0,    0,    0,    0,    0,    0,    0,    0,    0,    0,    0,    0,
       0,    0,    0,    0,    0,    0,    0,    0,    0,  -12,    0,    0,    0,    0,    0,    0,    0,    0,    0,    0,    0,    0,    0,    0,    0,    0,    0,    8,    0,    0,   12,   12,   12,   16,    0,   16,    8,    9,    8,    9,    0,    0,    0,    0,    0,    0,    0,    0,    0,    0,    0,   12,    0,    0,    0,    0,    0,    0,    0,    0,    0,    0,    0,    0,    0,    0,   12,    0,    0,    0,    0,    0,    0,    0,    0,    0,    0,    0,    0,    0,    0,    0,    0,    0,    0,    0,    0,    0,    0,    0,    0,    0,    0,    0,    0,    0,    0,    0,    0,    0,    0,    0,    0,    0,    0,    0,    0,    0,    0,    0,    0,    0,    0,    0,    0,    0,    0,    0,    0,    0,    0,    0,    0,    0,    0,  -12,   -8,
       0,    0,    0,    0,    0,    0,    0,    0,    0,    0,    0,    0,    0,    0,    0,    0,    0,    0,    0,    0,    0,    0,  -12,    0,    0,    0,    0,    0,    0,    0,    0,   24,    0,    0,    0,    0,    0,   -4,    0,   -4,    0,    0,    0,    0,    0,    0,    0,    0,    0,    0,    0,    0,    0,    0,    0,    0,    0,    0,    0,    0,    0,    0,    0,    0,    0,    0,    0,    0,    0,    0,    0,    0,    0,    0,    0,    0,    0,    0,    0,    0,    0,    0,    0,    0,    0,    0,    0,    0,    0,    0,    0,    0,    0,    0,    0,    0,    0,    0,    0,    0,    0,    0,    0,    0,    0,    0,    0,    0,    0,    0,    0,    0,    0,    0,    0,    0,    0,    0,    0,    0,    0,    0,    0,    0,    0,    6,    8,
       0,    0,    0,    0,    0,    0,    0,    0,    0,    0,    0,    0,    0,    0,    0,    0,    0,    0,    0,    0,    0,    0,    0,    0,    0,    0,    0,    0,    0,    0,    0,    0,    0,    0,    0,    0,    0,    0,    0,    0,    0,    0,    0,    0,    0,    0,    0,    0,    0,    0,    0,    0,    0,    0,    0,    0,    0,    0,    0,    0,    0,    0,    0,    0,    0,    0,    0,    0,    0,    0,    0,    0,    0,    0,    0,    0,    0,    0,    0,    0,    0,    0,    0,    0,    0,    0,    0,    0,    0,    0,    0,    0,    0,    0,    0,    0,    0,    0,    0,    0,    0,    0,    0,    0,    0,    0,    0,    0,    0,    0,    0,    0,    0,    0,    0,    0,    0,    0,    0,    0,    0,    0,    0,    0,    0,    8,    0,
       0,    0,    0,    0,    0,    0,    0,    0,    0,   -6,    0,    0,    0,    0,    0,    0,    0,    0,    0,    0,    0,    0,  -16,    0,    0,    0,    0,    0,    4,    0,    0,   32,    0,    0,    0,    0,    0,  -14,    8,  -14,    0,    0,    0,    0,    0,    0,    0,    0,    0,    0,    0,    0,    0,    0,    0,    0,    0,    0,    0,    0,    0,    0,    4,    0,   32,    0,    0,    0,    0,    0,    0,    4,    0,    0,    0,    0,    0,    0,    0,    0,    0,    0,    0,    0,    0,    0,    0,    0,    0,    0,    0,    0,    0,    0,    0,    0,    0,    0,    0,    0,    0,    0,    0,    0,    0,    0,    0,    0,    0,    0,    0,    0,    0,    0,    0,    0,    0,    0,    0,    0,    0,    0,    0,    0,    0,   -8,   -6,
       0,   16,    0,    0,    0,    0,  -16,    0,    0,    0,  -11,    4,    0,    0,    0,    0,   12,   12,   16,    4,   12,    4,   12,    8,    0,   20,    0,    0,   -4,   20,    0,    0,    0,    0,    0,   12,    0,    0,    0,    0,    0,   12,    0,    0,    0,  -28,    0,    0,    0,    0,    0,    0,    0,    0,    0,    0,   20,    0,    0,    0,    0,    0,   -4,   20,    0,   20,    0,    0,    0,    0,    0,   -4,    0,    0,    0,    0,    0,    0,    0,    0,    0,    0,    0,    0,    0,    0,    0,    0,    0,    0,    0,    0,    0,    0,    0,    0,    0,    0,    0,    0,    0,    0,    0,    0,    0,    0,    0,    0,    0,    0,    0,    0,    0,    0,    0,    0,    0,    0,    0,    0,    0,    0,    0,    0,    0,    0,   12,
      12,    0,   16,  -12,    0,  -12,  -16,    0,    0,    0,    0,    0,    0,    0,    0,    0,    0,    0,    0,    0,    0,    0,    0,    0,    0,   12,    0,    8,    0,   12,    0,    0,    8,   12,    0,   12,    8,   16,    8,   16,    0,    0,    0,    0,    0,    0,    0,    0,    0,    0,    0,    0,    0,    0,    0,    0,   12,    0,    0,    0,    0,    0,    0,   12,    0,   12,    8,    0,    0,    0,    0,    0,    0,    0,    0,    0,    0,    0,    0,    0,    0,    0,    0,    0,    0,    0,    0,    0,    0,    0,    0,    0,    0,    0,    0,    0,    0,    0,    0,    0,    0,    0,    0,    0,    0,    0,    0,    0,    0,    0,    0,    0,    0,    0,    0,    0,    0,    0,    0,    0,    0,    0,    0,    0,    0,   24,   16,
       0,   20,   12,  -16,    0,  -16,  -23,    0,    0,    0,  -26,    4,   -6,    0,    0,   -6,    4,   12,   12,    0,   16,    0,   16,   12,   -8,   20,   -6,    0,  -16,   20,    0,    0,    0,    0,  -10,    0,    0,    0,    0,    0,   -8,   16,    0,   -8,    0,  -28,   -6,    0,   -8,   -8,   -6,    0,   26,   26,   -6,   -6,   20,   -8,   -8,   -6,   -6,   -6,  -16,   20,    0,   20,    0,  -10,  -10,   -8,    0,  -16,    0,    0,    0,    0,    0,    0,    0,    0,    0,    0,    0,    0,    0,    0,    0,    0,    0,    0,    0,    0,    0,    0,    0,    0,    0,    0,    0,    0,    0,    0,    0,    0,    0,    0,    0,    0,    0,    0,    0,    0,    0,    0,    0,    0,    0,    0,    0,    0,    0,    0,    0,    0,    0,    0,   12,
       0,    0,   16,    0,    0,    0,    0,    0,    0,    0,    0,    0,    0,    0,    0,    0,    0,    0,    0,    0,    0,    0,    0,    0,    0,    0,    0,    0,    0,    0,    0,    0,    0,    0,    0,    8,    0,    8,    8,    8,    0,    0,    0,    0,    0,    0,    0,    0,    0,    0,    0,    0,    0,    0,    0,    0,    0,    0,    0,    0,    0,    0,    0,    0,    0,    0,    0,    0,    0,    0,    0,    0,    0,    0,    0,    0,    0,    0,    0,    0,    0,    0,    0,    0,    0,    0,    0,    0,    0,    0,    0,    0,    0,    0,    0,    0,    0,    0,    0,    0,    0,    0,    0,    0,    0,    0,    0,    0,    0,    0,    0,    0,    0,    0,    0,    0,    0,    0,    0,    0,    0,    0,    0,    0,    0,    8,   12,
      12,    0,    8,    0,    0,    0,    0,    0,    0,    0,    0,    0,    0,    0,    0,    0,    0,    0,    0,    0,    0,    0,  -12,    0,   -8,    0,  -10,    0,   20,    0,    0,    8,    0,    6,    0,   10,    0,    4,    0,    4,    0,    0,    0,    0,    0,    0,    0,    0,   -8,   -8,  -10,    0,    0,    0,  -10,  -10,    0,   -8,   -8,  -10,  -10,  -10,   20,    0,    8,    0,    0,    0,    0,    0,    0,   16,    0,    0,    0,    0,    0,    0,    0,    0,    0,    0,    0,    0,    0,    0,    0,    0,    0,    0,    0,    0,    0,    0,    0,    0,    0,    0,    0,    0,    0,    0,    0,    0,    0,    0,    0,    0,    0,    0,    0,    0,    0,    0,    0,    0,    0,    0,    0,    0,    0,    0,    0,    0,    0,   16,   16,
       0,    0,    0,    0,    0,    0,    0,    0,    0,    0,    0,    0,    0,    0,    0,    0,    0,    0,    0,    0,    0,    0,    0,    0,    0,    0,   -6,    0,    0,    0,    0,    0,    0,    0,    0,    0,    0,    0,    0,    0,    0,    0,    0,    0,    0,    0,    0,    0,    0,    0,   -6,    0,    0,    0,   -6,   -6,    0,    0,    0,   -6,   -6,   -6,    0,    0,    0,    0,    0,    0,    0,    0,    0,    0,    0,    0,    0,    0,    0,    0,    0,    0,    0,    0,    0,    0,    0,    0,    0,    0,    0,    0,    0,    0,    0,    0,    0,    0,    0,    0,    0,    0,    0,    0,    0,    0,    0,    0,    0,    0,    0,    0,    0,    0,    0,    0,    0,    0,    0,    0,    0,    0,    0,    0,    0,    0,    0,    0,    0,
       0,    0,    0,    0,    0,    0,    0,    0,    0,    0,    0,    0,    0,    0,    0,    0,    0,    0,    0,    0,    0,    0,  -20,    0,    0,    0,    8,    0,    0,    0,    0,    0,    0,    0,    0,    0,    0,    0,    0,    0,    0,    0,    0,    0,    0,    0,    0,    0,    0,    0,    8,    0,    0,    0,    8,    8,    0,    0,    0,    8,    8,    8,    0,    0,    0,    0,    0,    0,    0,    0,    0,    0,    0,    0,    0,    0,    0,    0,    0,    0,    0,    0,    0,    0,    0,    0,    0,    0,    0,    0,    0,    0,    0,    0,    0,    0,    0,    0,    0,    0,    0,    0,    0,    0,    0,    0,    0,    0,    0,    0,    0,    0,    0,    0,    0,    0,    0,    0,    0,    0,    0,    0,    0,    0,    0,    0,    0,
       0,    0,    0,    0,    0,    0,    0,    0,    0,    0,    0,    0,    0,    0,    0,    0,    0,    0,    0,    0,    0,    0,    0,    0,    0,    0,    0,    0,    0,    0,    0,    0,    0,    0,    0,    0,    0,    0,    0,    0,    0,    0,    0,    0,    0,    0,    0,    0,    0,    0,    0,    0,    0,    0,    0,    0,    0,    0,    0,    0,    0,    0,    0,    0,    0,    0,    0,    0,    0,    0,    0,    0,    0,    0,    0,    0,    0,    0,    0,    0,    0,    0,    0,    0,    0,    0,    0,    0,   -4,    0,    0,    0,    0,    0,    0,    0,    0,    0,    0,    0,    0,    0,    0,    0,    0,    0,    0,    0,    0,    0,    0,    0,    0,    0,    0,    0,    0,    0,  -12,    0,    0,    0,    0,    0,    0,    0,    8,
       0,    0,  -16,    0,    0,    0,    0,    0,    0,    0,    0,    0,    0,    0,    0,    0,    0,    0,    0,    0,    0,    0,  -40,    0,    0,    0,    0,    0,    0,    0,    0,    0,    0,    0,    0,    0,    0,    0,    0,    0,    0,    0,    0,    0,    0,    0,    0,    0,    0,    0,    0,    0,    0,    0,    0,    0,    0,    0,    0,    0,    0,    0,    0,    0,    0,    0,    0,    0,    0,    0,    0,    0,    0,    0,    0,    0,    0,  -20,    0,    0,    0,    0,  -20,    0,    0,    0,    0,    0,   -8,    0,  -24,    0,    0,    0,    0,    0,    0,    0,    0,    0,    0,    0,    0,  -12,    0,  -12,    0,    0,    0,    0,    0,    0,    0,  -12,  -28,    0,    0,  -24,  -12,    0,    0,    0,    0,    0,  -12,  -12,   -8,
       0,    0,    0,    0,    0,    0,    0,    0,    0,    0,    0,    0,    0,    0,    0,    0,    0,    0,    0,    0,    0,    0,    0,    0,    0,    0,    0,    0,    0,    0,    0,    0,    0,    0,    0,    0,    0,    0,    0,    0,    0,    0,    0,    0,    0,    0,    0,    0,    0,    0,    0,    0,    0,    0,    0,    0,    0,    0,    0,    0,    0,    0,    0,    0,    0,    0,    0,    0,    0,    0,    0,    0,    0,    0,    0,    0,    0,    0,    0,    0,    0,    0,    0,    0,    0,    0,    0,    0,  -10,    0,   -4,    0,    0,    0,    0,    0,    0,    0,    0,    0,    0,    0,    0,    0,    0,    0,    0,    0,    0,    0,    0,    0,    0,    0,    0,    0,    0,    0,  -12,    0,    0,    0,    0,    0,    0,    0,    0,
       0,    0,    0,   -8,    0,   -8,   -8,    0,    0,    0,    0,    0,    0,    0,    0,    0,    0,    0,    0,    0,    0,    0,    0,    0,    0,    0,    0,    0,    0,    0,    0,    0,    0,    0,    0,    0,    0,    0,    0,    0,    0,    0,    0,    0,    0,    0,    0,    0,    0,    0,    0,    0,    0,    0,    0,    0,    0,    0,    0,    0,    0,    0,    0,    0,    0,    0,    0,    0,    0,    0,    0,    0,    0,    0,    0,    0,    0,    0,    0,    0,    0,    0,    0,  -10,    0,   -8,    0,    0,    0,   -5,    0,    0,   -8,    0,    0,    0,  -16,    0,  -12,    0,    0,    0,    0,   -8,   -4,    0,    0,   -8,    0,    0,    0,    0,    0,   -8,   -6,    0,    0,    0,    0,    0,  -12,    0,    0,    0,   -8,    0,    0,
       0,    0,    0,    0,    0,    0,    0,    0,    0,    0,    0,    0,    0,    0,    0,    0,    0,    0,    0,    0,    0,    0,    0,    0,    0,    0,    0,    0,    0,    0,    0,    0,    0,    0,    0,    0,    0,    0,    0,    0,    0,    0,   -8,    0,    0,    0,    0,    0,    0,    0,    0,    0,    0,    0,    0,    0,    0,    0,    0,    0,    0,    0,    0,    0,    0,    0,    0,    0,    0,    0,    0,    0,    0,    0,    0,    0,    0,    0,   -6,    0,    0,    0,    0,    0,    0,    0,    0,    0,  -16,    0,    0,    0,    0,    0,    0,    0,    0,   -6,    0,    0,    0,    0,  -12,   -4,    0,  -12,    0,    0,    0,    0,    0,    8,    0,   -4,    0,    0,    0,    0,  -20,  -24,    0,    0,    0,    0,   -4,    0,    0,
       0,    0,    0,  -16,   -8,  -16,  -16,  -12,  -12,    0,    0,    0,    0,    0,    0,    0,    0,    0,    0,    0,    0,    0,    0,    0,    0,    0,    0,    0,    0,    0,    0,    0,    0,    0,    0,    0,    0,    0,    0,    0,    0,    0,    0,    0,    0,    0,    0,    0,    0,    0,    0,    0,    0,    0,    0,    0,    0,    0,    0,    0,    0,    0,    0,    0,    0,    0,    0,    0,    0,    0,    0,    0,    0,    0,    0,    0,    0,    0,   -6,    0,    0,  -16,    0,  -16,  -12,   -4,    0,    0,  -12,    0,    0,    0,   -8,   -8,    0,   -8,   -8,   -8,   -4,   -8,   -8,    0,    0,   -6,   -8,    0,   -8,  -12,    4,   -7,    0,   12,    6,   -6,    0,    0,    0,    0,  -16,  -16,  -20,    0,    0,    0,   -6,    0,    0,
       0,    0,  -20,    0,    8,    0,    0,    0,    0,    0,    0,    0,    0,    0,    0,    0,    0,    0,    0,    0,    0,    0,  -26,    0,    0,    0,    0,    0,    0,    0,    0,    0,    0,    0,    0,    0,    0,    0,    0,    0,    0,    0,    0,    0,    0,    0,    0,    0,    0,    0,    0,    0,    0,    0,    0,    0,    0,    0,    0,    0,    0,    0,    0,    0,    0,    0,    0,    0,    0,    0,    0,    0,    0,    0,    0,    0,   -4,  -28,    0,    0,  -12,    0,  -28,    0,  -12,  -12,    0,    0,    0,   -4,  -40,    0,  -12,    8,    8,   -4,   -8,    8,  -10,    0,    0,    0,   -8,  -16,  -10,   -8,    0,   -8,    0,    0,    0,    0,    0,  -16,  -28,    0,    0,  -36,   -8,    0,    0,    0,    0,    0,  -16,  -16,   -8,
       0,    0,  -36,    0,    0,    0,    0,    0,    0,    0,    0,    0,    0,    0,    0,    0,    0,    0,    0,    0,    0,    0,  -56,    0,    0,    0,    0,    0,    0,    0,    0,    0,    0,    0,    0,    0,    0,    0,    0,    0,    0,    0,    0,    0,    0,    0,    0,    0,    0,    0,    0,    0,    0,    0,    0,    0,    0,    0,    0,    0,    0,    0,    0,    0,    0,    0,    0,    0,    0,    0,    0,    0,    0,    0,    0,    0,    0,  -30,   -8,    0,    0,    0,  -24,    0,    0,    0,    0,    0,  -16,    0,  -48,    0,    0,    0,   -8,    0,    0,   -4,    0,    0,    0,    0,  -16,  -34,    0,  -28,    0,    0,    0,    0,    0,    0,    0,  -34,  -36,    0,    0,  -38,  -28,  -18,    0,    0,    0,    0,  -34,  -20,  -20,
       0,    0,    0,    0,   -8,    0,    0,    0,    0,    0,    0,    0,    0,    0,    0,    0,    0,    0,    0,    0,    0,    0,    0,    0,    0,    0,    0,    0,    0,    0,    0,    0,    0,    0,    0,    0,    0,    0,    0,    0,    0,    0,  -12,    0,    0,    0,    0,    0,    0,    0,    0,    0,    0,    0,    0,    0,    0,    0,    0,    0,    0,    0,    0,    0,    0,    0,    0,    0,    0,    0,    0,    0,    0,    0,    0,    0,    0,  -16,  -20,    0,    0,    0,  -12,    6,    0,    0,  -12,    0,  -30,    5,  -16,    0,    0,    0,  -12,    0,    0,  -12,    0,    0,    0,    0,  -24,  -20,    4,  -24,    0,    0,    0,   -5,    0,    0,    0,  -20,  -12,    0,    0,  -12,  -30,  -36,    0,  -12,   -8,    0,  -20,   -8,    0,
       0,    0,    0,  -50,  -20,  -50,  -38,    0,    0,    0,    0,    0,    0,    0,    0,    0,    0,    0,    0,    0,    0,    0,    0,    0,    0,    0,    0,    0,    0,    0,    0,    0,    0,    0,    0,    0,    0,    0,    0,    0,    0,    0,  -32,  -20,    0,    0,    0,    0,    0,    0,    0,    0,    0,    0,    0,    0,    0,    0,    0,    0,    0,    0,    0,    0,    0,    0,    0,    0,    0,    0,    0,    0,    0,    0,    0,    0,    0,    0,  -30,  -18,    0,  -36,    8,  -68,  -40,   -8,  -18,  -20,  -28,    0,    0,   -8,  -32,  -40,   -4,  -32,  -48,  -44,  -32,  -36,  -40,  -12,  -20,  -16,  -24,  -20,  -36,  -60,    8,  -32,    0,   24,    0,  -16,    6,    0,    8,   16,  -12,  -44,  -68,   -8,  -32,    0,  -16,    0,    8,
     -20,    0,  -36,    0,  -12,    0,    8,    0,    0,  -22,    0,    0,    0,    0,    0,    0,    0,    0,    0,    0,    0,    0,  -40,    0,    0,    0,    0,    0,    0,    0,    0,    0,    0,    0,    0,    0,    0,    0,    0,    0,    0,    0,  -12,    0,    0,    0,    0,    0,    0,    0,    0,    0,    0,    0,    0,    0,    0,    0,    0,    0,    0,    0,    0,    0,    0,    0,    0,    0,    0,    0,    0,    0,    0,    0,    0,    0,    0,  -42,   -6,    0,    0,    4,  -20,   10,    8,    6,    0,    0,  -20,    4,  -50,    0,    0,    0,   -8,    0,    6,    0,    0,    0,   12,    0,  -20,  -16,    8,  -28,    0,    0,    0,    0,    0,    0,    0,  -16,  -46,    0,    0,  -36,  -36,  -20,   12,    0,    0,    0,  -16,  -44,  -32,
       0,    0,    0,    0,    0,    0,    0,    0,    0,    0,    0,    0,    0,    0,    0,    0,    0,    0,    0,    0,    0,    0,    0,    0,    0,    0,    0,    0,    0,    0,    0,    0,    0,    0,    0,    0,    0,    0,    0,    0,    0,    0,    0,    0,    0,    0,    0,    0,    0,    0,    0,    0,    0,    0,    0,    0,    0,    0,    0,    0,    0,    0,    0,    0,    0,    0,    0,    0,    0,    0,    0,    0,    0,    0,    0,    0,    0,  -12,    0,    0,    0,    0,    0,   -8,    0,  -12,    0,    0,    0,    0,   -8,    0,   -8,    0,    0,    0,   -8,    0,   -8,    0,    0,    0,    0,    0,    0,    0,    0,   -8,    0,    0,    0,    0,    0,    0,    0,    0,    0,    0,  -14,    0,    0,    0,    0,    0,    0,    0,    0,
       0,    0,    0,   -8,    0,   -8,    0,    0,    0,    0,    0,    0,    0,    0,    0,    0,    0,    0,    0,    0,    0,    0,  -16,    0,    0,    0,    0,    0,    0,    0,    0,    0,    0,    0,    0,    0,    0,    0,    0,    0,    0,    0,    0,    0,    0,    0,    0,    0,    0,    0,    0,    0,    0,    0,    0,    0,    0,    0,    0,    0,    0,    0,    0,    0,    0,    0,    0,    0,    0,    0,    0,    0,    0,    0,    0,    0,    0,   -6,    0,    0,    0,    0,   -4,  -12,   -8,   -8,    0,  -12,    0,   -6,  -10,    0,    0,    0,    8,    0,   -8,    6,    0,    0,    0,    0,    0,    0,    0,    0,    0,   -4,    0,    0,    0,    0,    4,    0,  -10,    0,    0,   -8,    0,    0,  -10,    0,    0,    0,    0,    0,    0,
       0,    0,    0,  -40,   -8,  -40,  -50,   -8,   -8,    0,    0,    0,    0,    0,    0,    0,    0,    0,    0,    0,    0,    0,    0,    0,    0,    0,    0,    0,    0,    0,    0,    0,    0,    0,    0,    0,    0,    0,    0,    0,    0,    0,  -12,   -8,    0,    0,    0,    0,    0,    0,    0,    0,    0,    0,    0,    0,    0,    0,    0,    0,    0,    0,    0,    0,    0,    0,    0,    0,    0,    0,    0,    0,    0,    0,    0,    0,    0,    0,  -12,   -6,    0,  -32,    0,  -48,  -32,   -8,    0,  -10,  -12,    0,    0,    0,  -20,  -22,    0,    0,  -36,  -24,    0,   -8,  -32,    0,    0,    0,    0,    0,   -8,  -32,    0,  -28,    0,   12,    0,    0,    0,    0,    0,    0,   -8,  -36,  -40,    0,   -8,    0,    0,    8,    8,
       0,    0,    0,    0,    0,    0,    0,    0,    0,    0,    0,    0,    0,    0,    0,    0,    0,    0,    0,    0,    0,    0,    0,    0,    0,    0,    0,    0,    0,    0,    0,    0,    0,    0,    0,    0,    0,    0,    0,    0,    0,    0,   -8,    0,    0,    0,    0,    0,    0,    0,    0,    0,    0,    0,    0,    0,    0,    0,    0,    0,    0,    0,    0,    0,    0,    0,    0,    0,    0,    0,    0,    0,    0,    0,    0,    0,    0,    0,   -6,    0,   16,    0,    0,    6,    0,    0,    0,    0,  -16,    6,    0,    0,    0,    0,    0,    0,    0,   -6,    0,    0,    0,    0,  -12,    0,    0,  -12,    0,    0,    0,    0,    0,    0,   16,    0,    0,    0,    0,    0,  -20,  -24,    0,    0,    0,    0,    0,    0,    0,
       0,    0,    0,    0,    0,    0,    0,    0,    0,    0,    0,    0,    0,    0,    0,    0,    0,    0,    0,    0,    0,    0,    0,    0,    0,    0,    0,    0,    0,    0,    0,    0,    0,    0,    0,    0,    0,    0,    0,    0,    0,    0,    0,    0,    0,    0,    0,    0,    0,    0,    0,    0,    0,    0,    0,    0,    0,    0,    0,    0,    0,    0,    0,    0,    0,    0,    0,    0,    0,    0,    0,    0,    0,    0,    0,    0,    0,  -10,   -4,    0,    0,    8,   -8,    0,    0,    0,    0,    0,  -13,   12,   -8,    0,    0,    0,    0,    0,    0,    0,    0,    0,    0,    0,    0,   -6,    0,    0,    0,    0,    0,    0,    0,    8,    0,   -6,   -8,    0,    0,   -8,  -12,  -12,    0,    0,    0,    0,   -6,   -8,    0,
       0,  -12,    0,  -20,    0,  -20,  -16,    0,    0,    0,    0,    0,    0,    0,    0,    0,    0,    0,    0,    0,    0,    0,  -12,    0,    0,    0,    0,    0,    0,    0,    0,    0,    0,    0,    0,    0,    0,    0,    0,    0,    0,    0,    0,    0,    0,    0,    0,    0,    0,    0,    0,    0,    0,    0,    0,    0,    0,    0,    0,    0,    0,    0,    0,    0,    0,    0,    0,    0,    0,    0,    0,    0,    0,    0,    0,    0,   -6,    0,    0,    0,   -8,  -12,   -8,  -11,  -20,  -20,   -8,   -4,    0,  -14,  -12,    0,  -12,    0,    0,    0,  -16,    0,    0,    0,  -16,    0,    0,    0,    0,    0,    0,  -16,    0,    0,    0,    0,    0,    0,   -8,    0,    0,  -10,    0,    0,  -28,    0,    0,    0,    0,    0,    0,
       8,    0,   23,  -40,    0,  -40,  -39,    0,    0,    0,    0,    0,    0,    0,    0,    0,    0,    0,    0,    0,    0,    0,    0,    0,    0,    0,    0,    0,    0,    0,    0,    0,    0,    0,    0,    0,    0,    0,    0,    0,    0,    0,    0,    0,    0,    0,    0,    0,    0,    0,    0,    0,    0,    0,    0,    0,    0,    0,    0,    0,    0,    0,    0,    0,    0,    0,    0,    0,    0,    0,    0,    0,    0,    0,    0,    0,   -6,    4,    0,    0,    0,  -22,    0,  -44,  -32,  -12,    0,   -6,    0,   -4,    0,    0,  -10,   -6,    0,    0,  -24,   -6,    0,    0,   -8,    0,    0,   12,    0,    0,    0,  -20,    0,   -7,    0,    8,   12,   12,    0,    0,    0,    0,    0,    0,  -54,    0,    0,    0,   12,    8,   12,
       0,    0,    0,    0,   -8,    0,    0,    0,    0,    0,    0,    0,    0,    0,    0,    0,    0,    0,    0,    0,    0,    0,    0,    0,    0,    0,    0,    0,    0,    0,    0,    0,    0,    0,    0,    0,    0,    0,    0,    0,    0,    0,    0,    0,    0,    0,    0,    0,    0,    0,    0,    0,    0,    0,    0,    0,    0,    0,    0,    0,    0,    0,    0,    0,    0,    0,    0,    0,    0,    0,    0,    0,    0,    0,    0,    0,    0,    0,  -10,    0,    0,    0,    0,    0,    0,    0,    0,    0,  -12,    0,    0,    0,   -8,   -6,    0,    0,    0,   -6,    0,    0,    0,    0,    0,   -5,    0,    0,    0,    0,    0,   -6,    0,    0,    0,   -5,    0,    0,    0,    0,    0,    0,    0,    0,    0,    0,   -5,    0,    0,
       0,    0,    0,  -20,    8,  -20,  -24,    0,    0,    0,    0,    0,    0,    0,    0,    0,    0,    0,    0,    0,    0,    0,    0,    0,    0,    0,    0,    0,    0,    0,    0,    0,    0,    0,    0,    0,    0,    0,    0,    0,    0,    0,    0,    0,    0,    0,    0,    0,    0,    0,    0,    0,    0,    0,    0,    0,    0,    0,    0,    0,    0,    0,    0,    0,    0,    0,    0,    0,    0,    0,    0,    0,    0,    0,    0,    0,  -12,   -4,    0,    0,    0,  -20,  -16,  -30,  -36,  -30,  -12,  -12,    0,  -24,  -12,   -8,  -24,    0,    0,    0,  -16,    0,    0,    0,  -12,    0,    0,    0,    0,    0,    0,   -8,    0,    0,    0,    0,    0,    0,  -14,    0,    0,  -12,    0,    0,  -28,    0,    0,    0,    0,    0,    0,
       0,    0,   12,    0,   -8,    0,    0,    0,    0,    0,    0,    0,    0,    0,    0,    0,    0,    0,    0,    0,    0,    0,    0,    0,    0,    0,    0,    0,    0,    0,    0,    0,    0,    0,    0,    0,    0,    0,    0,    0,    0,    0,    0,    0,    0,    0,    0,    0,    0,    0,    0,    0,    0,    0,    0,    0,    0,    0,    0,    0,    0,    0,    0,    0,    0,    0,    0,    0,    0,    0,    0,    0,    0,    0,    0,    0,    0,    0,  -14,    0,    0,    4,    0,    4,    8,    0,    0,    6,  -24,   12,    0,    0,    0,    0,    0,    0,   12,   -4,    0,    0,   12,    0,  -24,  -14,    8,  -24,    0,    0,    8,    0,    0,   16,    0,  -14,    0,    0,    0,    0,  -28,  -24,   12,   -4,    0,    0,  -14,    0,    0,
       0,    0,  -16,    0,    0,    0,    0,    0,    0,  -10,    0,    0,    0,    0,    0,    0,    0,    0,    0,    0,    0,    0,  -40,    0,    0,    0,    0,    0,    0,    0,    0,    0,    0,    0,    0,    0,    0,    0,    0,    0,    0,    0,    0,    0,    0,    0,    0,    0,    0,    0,    0,    0,    0,    0,    0,    0,    0,    0,    0,    0,    0,    0,    0,    0,    0,    0,    0,    0,    0,    0,    0,    0,    0,    0,    0,    0,    0,    0,    0,    0,    0,    0,    0,    0,    0,    0,    0,    0,    0,    0,    0,    0,    0,    0,    0,    0,    0,    0,    0,    0,    8,    0,   -8,  -16,    0,  -16,    0,    0,    0,    0,    0,    0,    0,  -16,    0,    0,    0,    0,    0,  -12,    0,    0,    0,    0,  -16,  -16,  -12,
       0,  -12,   -8,  -12,    0,  -12,  -16,    0,    0,   -6,    0,    0,    0,    0,    0,    0,    0,    0,    0,    0,    0,    0,  -24,    0,    0,    0,    0,    0,    0,    0,    0,    0,    0,    0,    0,    0,    0,    0,    0,    0,    0,    0,    0,    0,    0,    0,    0,    0,    0,    0,    0,    0,    0,    0,    0,    0,    0,    0,    0,    0,    0,    0,    0,    0,    0,    0,    0,    0,    0,    0,    0,    0,    0,    0,    0,    0,    0,    0,    0,    0,    0,    0,    0,    0,    0,    0,    0,    0,    0,    0,    0,    0,    0,    0,    0,   -4,   -8,    0,  -12,   -5,   -8,    0,    0,   -8,  -10,    0,   -5,  -10,    0,    0,    0,    0,    0,   -8,    0,    0,    0,    0,    0,    0,    0,    0,    0,    0,   -8,  -16,   -8,
       0,    0,    0,    0,    0,    0,    0,    0,    0,    0,    0,    0,    0,    0,    0,    0,    0,    0,    0,    0,    0,    0,    0,    0,    0,    0,    0,    0,    0,    0,    0,    0,    0,    0,    0,    0,    0,    0,    0,    0,    0,    0,    0,    0,    0,    0,    0,    0,    0,    0,    0,    0,    0,    0,    0,    0,    0,    0,    0,    0,    0,    0,    0,    0,    0,    0,    0,    0,    0,    0,    0,    0,    0,    0,    0,    0,    0,    0,    0,    0,    0,    0,    0,    0,    0,    0,    0,    0,    0,    0,    0,    0,    0,    0,    0,   -4,   -4,    0,   -8,    0,    0,    0,    0,  -10,   -6,    0,    0,   -8,    0,    0,    0,    0,    0,  -10,    0,    0,    0,    0,    0,   -4,    0,    0,    0,    0,  -10,    0,    0,
       0,    0,    0,  -20,    0,  -20,  -16,    0,    0,    0,    0,    0,    0,    0,    0,    0,    0,    0,    0,    0,    0,    0,    0,    0,    0,    0,    0,    0,    0,    0,    0,    0,    0,    0,    0,    0,    0,    0,    0,    0,    0,    0,    0,    0,    0,    0,    0,    0,    0,    0,    0,    0,    0,    0,    0,    0,    0,    0,    0,    0,    0,    0,    0,    0,    0,    0,    0,    0,    0,    0,    0,    0,    0,    0,    0,    0,    0,    0,    0,    0,    0,    0,    0,    0,    0,    0,    0,    0,    0,    0,    0,    0,    0,   -6,    4,    0,  -20,   -4,    0,    0,  -20,    8,    0,    0,    0,    0,    0,  -16,   -4,   -4,    0,    0,    0,    0,    0,    0,    0,    0,    0,    0,    0,    0,    0,    0,    0,    0,    8,
       0,    0,    0,    4,    0,    4,    0,    0,    0,    0,    0,    0,    0,    0,    0,    0,    0,    0,    0,    0,    0,    0,   -8,    0,    0,    0,    0,    0,    0,    0,    0,    0,    0,    0,    0,    0,    0,    0,    0,    0,    0,    0,    0,    0,    0,    0,    0,    0,    0,    0,    0,    0,    0,    0,    0,    0,    0,    0,    0,    0,    0,    0,    0,    0,    0,    0,    0,    0,    0,    0,    0,    0,    0,    0,    0,    0,    0,    0,    0,    0,    0,    0,    0,    0,    0,    0,    0,    0,    0,    0,    0,    0,    0,    0,    0,    0,    0,   -4,    0,    0,    0,    0,    0,    0,    0,    0,    0,    0,    0,    0,    0,    0,   16,   12,    0,    0,    0,    0,    0,  -12,    0,    0,    0,    0,   12,    0,    0,
       0,    0,    0,    0,    0,    0,    0,    0,    0,   -8,    0,    0,    0,    0,    0,    0,    0,    0,    0,    0,    0,    0,  -16,    0,    0,    0,    0,    0,    0,    0,    0,    0,    0,    0,    0,    0,    0,    0,    0,    0,    0,    0,    0,    0,    0,    0,    0,    0,    0,    0,    0,    0,    0,    0,    0,    0,    0,    0,    0,    0,    0,    0,    0,    0,    0,    0,    0,    0,    0,    0,    0,    0,    0,    0,    0,    0,    0,    0,    0,    0,    0,    0,    0,    0,    0,    0,    0,    0,    0,    0,    0,    0,    0,   -4,    0,    0,   -4,    0,   -8,    0,    0,    0,    0,    0,    0,    0,    0,   -8,    0,    0,    0,    0,    0,    0,    0,    0,    0,    0,    0,    0,    0,    0,    0,    0,    0,   -8,    0,
       0,    0,    0,    0,    0,    0,    0,    0,    0,    0,    0,    0,    0,    0,    0,    0,    0,    0,    0,    0,    0,    0,   -8,    0,    0,    0,    0,    0,    0,    0,    0,    0,    0,    0,    0,    0,    0,    0,    0,    0,    0,    0,  -12,    0,    0,    0,    0,    0,    0,    0,    0,    0,    0,    0,    0,    0,    0,    0,    0,    0,    0,    0,    0,    0,    0,    0,    0,    0,    0,    0,    0,    0,    0,    0,    0,    0,    0,    0,    0,    0,    0,    0,    0,    0,    0,    0,    0,    0,    0,    0,    0,    0,    0,  -11,   -6,    0,    0,  -14,    0,   -4,    0,    0,   -4,   -8,    0,    0,   -4,    0,    0,    0,    0,    0,    0,   -8,    0,    0,    0,    0,    0,  -24,    0,    0,    0,    0,   -8,    0,    0,
       0,    0,    0,   -8,    0,   -8,    0,    0,    0,    0,    0,    0,    0,    0,    0,    0,    0,    0,    0,    0,    0,    0,  -20,    0,    0,    0,    0,    0,    0,    0,    0,    0,    0,    0,    0,    0,    0,    0,    0,    0,    0,    0,    0,    0,    0,    0,    0,    0,    0,    0,    0,    0,    0,    0,    0,    0,    0,    0,    0,    0,    0,    0,    0,    0,    0,    0,    0,    0,    0,    0,    0,    0,    0,    0,    0,    0,    0,    0,    0,    0,    0,    0,    0,    0,    0,    0,    0,    0,    0,    0,    0,    0,    0,    0,    0,    0,   -8,    0,   -6,    0,    0,    0,    0,   -6,    0,    0,    0,   -6,    0,    0,    0,    0,    0,   -6,    0,    0,    0,    0,    0,    0,    0,    0,    0,    0,   -6,   -8,    0,
       0,    0,    0,    0,    0,    0,    0,    0,    0,    0,    0,    0,    0,    0,    0,    0,    0,    0,    0,    0,    0,    0,    0,    0,    0,    0,    0,    0,    0,    0,    0,    0,    0,    0,    0,    0,    0,    0,    0,    0,    0,    0,    0,    0,    0,    0,    0,    0,    0,    0,    0,    0,    0,    0,    0,    0,    0,    0,    0,    0,    0,    0,    0,    0,    0,    0,    0,    0,    0,    0,    0,    0,    0,    0,    0,    0,    0,    0,    0,    0,    0,    0,    0,    0,    0,    0,    0,    0,    0,    0,    0,    0,    0,   -4,    0,    0,    0,   -4,    0,    0,    0,    0,    0,   -4,    0,    0,    0,   -5,    0,    0,    0,    0,    0,   -4,    0,    0,    0,    0,    0,  -12,    0,    0,    0,    0,   -4,    0,    0,
       0,    0,    0,    0,    0,    0,    0,    0,    0,    0,    0,    0,    0,    0,    0,    0,    0,    0,    0,    0,    0,    0,  -24,    0,    0,    0,    0,    0,    0,    0,    0,    0,    0,    0,    0,    0,    0,    0,    0,    0,    0,    0,    0,    0,    0,    0,    0,    0,    0,    0,    0,    0,    0,    0,    0,    0,    0,    0,    0,    0,    0,    0,    0,    0,    0,    0,    0,    0,    0,    0,    0,    0,    0,    0,    0,    0,    0,    0,    0,    0,    0,    0,    0,    0,    0,    0,    0,    0,    0,    0,    0,    0,    0,   -4,    0,    0,    0,    0,    0,    0,    0,    0,    0,   -4,    0,    0,    0,   -8,    0,    0,    0,    0,    0,   -4,    0,    0,    0,    0,    0,    0,    0,    0,    0,    0,   -4,    0,    8,
       0,    0,   12,  -36,   -6,  -36,  -22,    0,    0,    0,    0,    0,    0,    0,    0,    0,    0,    0,    0,    0,    0,    0,    0,    0,    0,    0,    0,    0,    0,    0,    0,    0,    0,    0,    0,    0,    0,    0,    0,    0,    0,    0,    0,    0,    0,    0,    0,    0,    0,    0,    0,    0,    0,    0,    0,    0,    0,    0,    0,    0,    0,    0,    0,    0,    0,    0,    0,    0,    0,    0,    0,    0,    0,    0,    0,    0,    0,    0,    0,    0,    0,    0,    0,    0,    0,    0,    0,    0,    0,    0,    0,    0,    0,  -12,    0,    0,  -24,  -12,   -4,   -4,  -24,    4,    8,    4,    4,    8,   -4,  -22,   -6,  -12,    8,    0,   16,    4,    0,    0,    0,    0,    0,    0,    0,    0,    0,    0,    4,   16,   16,
       0,    0,    8,    4,    0,    4,    0,    0,    0,    0,    0,    0,    0,    0,    0,    0,    0,    0,    0,    0,    0,    0,    0,    0,    0,    0,    0,    0,    0,    0,    0,    0,    0,    0,    0,    0,    0,    0,    0,    0,    0,    0,    0,    0,    0,    0,    0,    0,    0,    0,    0,    0,    0,    0,    0,    0,    0,    0,    0,    0,    0,    0,    0,    0,    0,    0,    0,    0,    0,    0,    0,    0,    0,    0,    0,    0,    0,    0,    0,    0,    0,    0,    0,    0,    0,    0,    0,    0,    0,    0,    0,    0,    0,   -4,    0,    0,    0,  -10,    0,    0,    0,    8,    0,    6,    4,    0,    0,    0,    0,   -4,    0,    0,    0,    6,    0,    0,    0,    0,    0,   -8,    0,    0,    0,    0,    6,   12,   16,
       0,    0,  -12,    0,    0,    0,    0,    0,    0,    0,    0,    0,    0,    0,    0,    0,    0,    0,    0,    0,    0,    0,  -48,    0,    0,    0,    0,    0,    0,    0,    0,    0,    0,    0,    0,    0,    0,    0,    0,    0,    0,    0,    0,    0,    0,    0,    0,    0,    0,    0,    0,    0,    0,    0,    0,    0,    0,    0,    0,    0,    0,    0,    0,    0,    0,    0,    0,    0,    0,    0,    0,    0,    0,    0,    0,    0,    0,    0,    0,    0,    0,    0,    0,    0,    0,    0,    0,    0,    0,    0,    0,    0,    0,    0,    0,   -4,   -4,    0,   -4,    0,    0,   -8,  -20,  -28,   -8,  -28,    0,   -8,    0,    0,    0,    0,    0,  -28,    0,    0,    0,    0,    0,   -8,    0,    0,    0,   -4,  -28,  -12,  -16,
       0,    0,  -16,    0,    0,    0,    0,    0,    0,   -6,    0,    0,    0,    0,    0,    0,    0,    0,    0,    0,    0,    0,  -36,    0,    0,    0,    0,    0,    0,    0,    0,    0,    0,    0,    0,    0,    0,    0,    0,    0,    0,    0,    0,    0,    0,    0,    0,    0,    0,    0,    0,    0,    0,    0,    0,    0,    0,    0,    0,    0,    0,    0,    0,    0,    0,    0,    0,    0,    0,    0,    0,    0,    0,    0,    0,    0,    0,    0,    0,    0,    0,    0,    0,    0,    0,    0,    0,    0,    0,    0,    0,    0,    0,    0,    0,    0,    0,    0,    0,    0,    0,    0,    0,  -17,    0,  -20,    0,  -12,    0,    0,    0,    0,    0,  -17,    0,    0,    0,    0,    0,  -12,    0,    0,    0,   -8,  -17,  -20,  -12,
       0,    0,    0,   -6,    0,   -6,   -8,    0,    0,   -6,    0,    0,    0,    0,    0,    0,    0,    0,    0,    0,    0,    0,  -12,    0,    0,    0,    0,    0,    0,    0,    0,    0,    0,    0,    0,    0,    0,    0,    0,    0,    0,    0,    0,    0,    0,    0,    0,    0,    0,    0,    0,    0,    0,    0,    0,    0,    0,    0,    0,    0,    0,    0,    0,    0,    0,    0,    0,    0,    0,    0,    0,    0,    0,    0,    0,    0,    0,    0,    0,    0,    0,    0,    0,    0,    0,    0,    0,    0,    0,    0,    0,    0,    0,   -6,    0,    0,   -5,    0,   -4,    0,    0,    0,    0,   -4,   -6,    0,    0,   -8,    0,    0,    0,    0,    0,   -4,    0,    0,    0,    0,    0,    0,    0,    0,    0,    0,   -4,   -8,    0,
       0,    0,    0,    0,    0,    0,    0,    0,    0,    0,    0,    0,    0,    0,    0,    0,    0,    0,    0,    0,    0,    0,    0,    0,    0,    0,    0,    0,    0,    0,    0,    0,    0,    0,    0,    0,    0,    0,    0,    0,    0,    0,    0,    0,    0,    0,    0,    0,    0,    0,    0,    0,    0,    0,    0,    0,    0,    0,    0,    0,    0,    0,    0,    0,    0,    0,    0,    0,    0,    0,    0,    0,    0,    0,    0,    0,    0,    0,    0,    0,    0,    0,    0,    0,    0,    0,    0,    0,    0,    0,    0,    0,    0,    0,    0,    0,    0,    0,    0,    0,    0,    0,  -12,   -8,    0,  -12,    0,    0,    0,    0,    0,    0,    0,   -8,    0,    0,    0,    0,    0,  -12,    0,    0,    0,    0,   -8,   -8,    0,
       0,   12,   12,    0,    0,    0,    0,    0,    0,    0,    0,    0,    0,    0,    0,    0,    0,    0,    0,    0,    0,    0,    8,   12,    0,    0,    0,    0,    0,    0,    0,    0,    0,    0,    0,    0,    0,    0,    0,    0,    0,   12,    0,    0,    0,    0,    0,    0,    0,    0,    0,    0,    0,    0,    0,    0,    0,    0,    0,    0,    0,    0,    0,    0,    0,    0,    0,    0,    0,    0,    0,    0,    0,    0,    0,    0,    0,    0,    0,    0,    0,    0,    0,    0,    0,    0,    0,    0,    0,    0,    0,    0,    0,    0,    0,    0,    0,    0,    0,    0,    0,    0,    0,    0,    0,    0,    0,    0,   22,    0,    0,   20,    0,    0,    0,    0,    0,    0,    0,    0,    0,    0,    0,    0,    0,    8,   12,
       0,    0,  -16,    0,    0,    0,    0,    0,    0,   -6,    0,    0,    0,    0,    0,    0,    0,    0,    0,    0,    0,    0,  -36,    0,    0,    0,    0,    0,    0,    0,    0,    0,    0,    0,    0,    0,    0,    0,    0,    0,    0,    0,    0,    0,    0,    0,    0,    0,    0,    0,    0,    0,    0,    0,    0,    0,    0,    0,    0,    0,    0,    0,    0,    0,    0,    0,    0,    0,    0,    0,    0,    0,    0,    0,    0,    0,    0,    0,    0,    0,    0,    0,    0,    0,    0,    0,    0,    0,    0,    0,    0,    0,    0,    0,    0,    0,    0,    0,    0,    0,    0,    0,    0,  -17,    0,  -20,    0,    0,    0,    0,    0,    0,    0,  -17,    0,    0,    0,    0,    0,  -12,    0,    0,    0,   -8,  -17,  -20,  -12,
       0,    0,    0,    0,    8,    0,    0,    0,    0,    0,    0,    0,    0,    0,    0,    0,    0,    0,    0,    0,    0,    0,  -16,    0,    0,    0,    0,    0,    0,    0,    0,    0,    0,    0,    0,    0,    0,    0,    0,    0,    0,    0,    0,    0,    0,    0,    0,    0,    0,    0,    0,    0,    0,    0,    0,    0,    0,    0,    0,    0,    0,    0,    0,    0,    0,    0,    0,    0,    0,    0,    0,    0,    0,    0,    0,    0,    0,  -12,    0,    0,    0,    0,  -20,    0,    0,   -8,    0,    0,    0,    0,  -16,    0,    0,    0,    0,    0,    0,    0,    0,    0,    0,    0,    0,    0,    0,    0,    0,    0,    0,    0,    0,    0,    0,    0,  -16,    0,    0,  -24,  -12,    0,    0,    0,    0,    0,    0,    0,    0,
       0,    0,    0,   -8,    0,   -8,    0,    0,    0,    0,    0,    0,    0,    0,    0,    0,    0,    0,    0,    0,    0,    0,    0,    0,    0,    0,    0,    0,    0,    0,    0,    0,    0,    0,    0,    0,    0,    0,    0,    0,    0,    0,    0,    0,    0,    0,    0,    0,    0,    0,    0,    0,    0,    0,    0,    0,    0,    0,    0,    0,    0,    0,    0,    0,    0,    0,    0,    0,    0,    0,    0,    0,    0,    0,    0,    0,    0,    0,    0,    0,    0,    0,    0,    0,    0,    0,    0,    0,    0,    0,    0,    0,    0,    0,    0,    0,    0,    0,    0,    0,    0,    0,  -12,  -12,    0,  -16,    0,   -8,    0,    0,    0,    0,    0,  -12,    0,    0,    0,    0,    0,    0,    0,    0,    0,    0,  -12,   -8,    0,
       0,    0,    0,  -40,  -20,  -40,    0,    0,    0,    0,    0,    0,    0,    0,    0,    0,    0,    0,    0,    0,    0,    0,    0,    0,    0,    0,    0,    0,    0,    0,    0,    0,    0,    0,    0,    0,    0,    0,    0,    0,    0,    0,  -12,  -12,    0,    0,    0,    0,    0,    0,    0,    0,    0,    0,    0,    0,    0,    0,    0,    0,    0,    0,    0,    0,    0,    0,    0,    0,    0,    0,    0,    0,    0,    0,    0,    0,    0,    0,   -8,    0,    0,  -32,    8,  -52,  -42,  -16,  -12,    0,  -20,    0,    0,    0,  -20,  -22,    0,  -16,  -32,  -32,  -20,  -28,  -28,    0,  -12,   -4,   -8,   -8,  -28,  -36,    0,  -28,    0,    0,    0,   -4,    0,    0,    0,    8,  -20,  -36,  -64,    0,  -20,    0,   -4,    8,    8,
       0,    0,    0,  -16,    0,  -16,  -12,    0,    0,    0,    0,    0,    0,    0,    0,    0,    0,    0,    0,    0,    0,    0,    0,    0,    0,    0,    0,    0,    0,    0,    0,    0,    0,    0,    0,    0,    0,    0,    0,    0,    0,    0,    0,    0,    0,    0,    0,    0,    0,    0,    0,    0,    0,    0,    0,    0,    0,    0,    0,    0,    0,    0,    0,    0,    0,    0,    0,    0,    0,    0,    0,    0,    0,    0,    0,    0,    0,    0,    0,    0,    0,    0,    0,    0,    0,    0,    0,    0,    0,    0,    0,    0,    0,    0,    0,    0,  -16,    0,    0,    0,  -12,   12,    0,   16,    0,   12,    0,   -8,    0,    0,    0,    0,   14,   16,    0,    0,    0,    0,    0,    0,    0,    0,    0,    0,   16,   12,   14,
       0,    0,    8,  -16,    0,  -16,  -34,    0,    0,    0,    0,    0,    0,    0,    0,    0,    0,    0,    0,    0,    0,    0,    4,    0,    0,    0,    0,    0,    0,    0,    0,    0,    0,    0,    0,    0,    0,    0,    0,    0,    0,    0,    0,    0,    0,    0,    0,    0,    0,    0,    0,    0,    0,    0,    0,    0,    0,    0,    0,    0,    0,    0,    0,    0,    0,    0,    0,    0,    0,    0,    0,    0,    0,    0,    0,    0,    0,    0,  -12,  -16,    0,  -28,    0,  -44,  -36,   -8,    0,    0,  -20,    0,    0,    0,  -24,  -32,    0,  -24,  -36,  -28,  -20,  -24,  -30,  -20,  -20,  -12,  -16,  -24,  -24,  -36,    0,  -32,    0,    0,    0,  -12,    0,    0,    0,    0,  -36,  -44,  -44,    0,  -20,  -16,  -12,    8,    0,
       0,    0,   12,  -24,    0,  -24,    0,    0,    0,    0,    0,    0,    0,    0,    0,    0,    0,    0,    0,    0,    0,    0,    0,    0,    0,    0,    0,    0,    0,    0,    0,    0,    0,    0,    0,    0,    0,    0,    0,    0,    0,    0,    0,    0,    0,    0,    0,    0,    0,    0,    0,    0,    0,    0,    0,    0,    0,    0,    0,    0,    0,    0,    0,    0,    0,    0,    0,    0,    0,    0,    0,    0,    0,    0,    0,    0,    0,    0,    0,    0,    0,    0,    0,    0,    0,    0,    0,    0,    0,    0,    0,    0,    0,    0,    0,    0,  -20,   -8,    0,    0,  -20,    0,    0,    0,    0,    0,    0,  -16,    0,   -8,    0,    0,    0,    0,    0,    0,    0,    0,    0,    0,    0,    0,    0,    0,    0,    0,   12,
       0,    0,   16,  -28,    0,  -28,  -34,    0,    0,    0,    0,    0,    0,    0,    0,    0,    0,    0,    0,    0,    0,    0,    0,    0,    0,    0,    0,    0,    0,    0,    0,    0,    0,    0,    0,    0,    0,    0,    0,    0,    0,    0,    0,    0,    0,    0,    0,    0,    0,    0,    0,    0,    0,    0,    0,    0,    0,    0,    0,    0,    0,    0,    0,    0,    0,    0,    0,    0,    0,    0,    0,    0,    0,    0,    0,    0,    0,    0,    0,    0,    0,  -24,    0,  -35,  -36,    0,    0,   -8,    0,    0,    0,    0,  -16,  -12,    0,    0,  -28,   -8,    0,    0,  -20,    0,    0,    0,    0,    0,    0,  -28,    4,  -12,    0,   16,    0,    0,    0,    0,    0,    0,   -8,  -12,  -46,    0,    0,    0,    0,    8,    8,
       0,    0,    0,    0,    0,    0,    0,    0,    0,    0,    0,    0,    0,    0,    0,    0,    0,    0,    0,    0,    0,    0,    0,    0,    0,    0,    0,    0,    0,    0,    0,    0,    0,    0,    0,    0,    0,    0,    0,    0,    0,    0,  -12,    0,    0,    0,    0,    0,    0,    0,    0,    0,    0,    0,    0,    0,    0,    0,    0,    0,    0,    0,    0,    0,    0,    0,    0,    0,    0,    0,    0,    0,    0,    0,    0,    0,    0,  -16,  -12,    0,   16,    0,  -12,    0,    0,    0,  -12,    0,  -30,   12,  -16,    0,    0,    0,   -8,    0,    0,  -12,    0,    0,    0,    0,  -24,   12,    0,  -24,    0,    0,    0,    0,    0,    0,   16,   12,    0,    0,    0,  -12,  -30,  -36,   12,  -12,   -8,    0,   12,   -8,    0,
       0,    0,    0,    0,    0,    0,    0,    0,    0,    0,    0,    0,    0,    0,    0,    0,    0,    0,    0,    0,    0,    0,    0,    0,    0,    0,    0,    0,    0,    0,    0,    0,    0,    0,    0,    0,    0,    0,    0,    0,    0,    0,  -12,    0,    0,    0,    0,    0,    0,    0,    0,    0,    0,    0,    0,    0,    0,    0,    0,    0,    0,    0,    0,    0,    0,    0,    0,    0,    0,    0,    0,    0,    0,    0,    0,    0,    0,    0,    0,    0,    0,    0,    0,    0,    0,    0,    0,    0,    0,    0,    0,    0,    0,    0,   -4,    0,    0,   -8,    0,    0,    0,    0,    0,    8,    0,    0,    0,    0,    0,    0,    0,    0,   16,    8,    0,    0,    0,    0,    0,  -24,    0,    0,    0,    0,    8,    0,    0,
       0,    0,    0,    0,    0,    0,    0,    0,    0,    0,    0,    0,    0,    0,    0,    0,    0,    0,    0,    0,    0,    0,    0,    0,    0,    0,    0,    0,    0,    0,    0,    0,    0,    0,    0,    0,    0,    0,    0,    0,    0,    0,    0,    0,    0,    0,    0,    0,    0,    0,    0,    0,    0,    0,    0,    0,    0,    0,    0,    0,    0,    0,    0,    0,    0,    0,    0,    0,    0,    0,    0,    0,    0,    0,    0,    0,    0,  -16,    0,    0,    0,    0,   -8,    0,    0,    0,    0,    0,    0,    0,  -20,    0,    0,    0,    0,    0,    0,    0,    0,    0,    0,    0,    0,    0,    0,    0,    0,    0,    0,    0,    0,    0,    0,    0,  -16,    0,    0,  -16,  -16,    0,    0,    0,    0,    0,    0,   -8,    0,
       0,    0,    0,    0,    0,    0,    0,    0,    0,    0,    0,    0,    0,    0,    0,    0,    0,    0,    0,    0,    0,    0,  -16,    0,    0,    0,    0,    0,    0,    0,    0,    0,    0,    0,    0,    0,    0,    0,    0,    0,    0,    0,    0,    0,    0,    0,    0,    0,    0,    0,    0,    0,    0,    0,    0,    0,    0,    0,    0,    0,    0,    0,    0,    0,    0,    0,    0,    0,    0,    0,    0,    0,    0,    0,    0,    0,    0,    0,    0,    0,    0,    0,    0,    0,    0,    0,    0,    0,    0,    0,    0,    0,    0,    0,    0,    0,    0,    0,    0,    0,    0,    0,   -8,  -12,    0,  -12,    0,    0,    0,    0,    0,    0,    0,  -12,    0,    0,    0,    0,    0,    0,    0,    0,    0,    0,  -12,  -16,    0,
       0,    0,    8,  -36,  -20,  -36,  -42,  -12,  -12,    0,    0,    0,    0,    0,    0,    0,    0,    0,    0,    0,    0,    0,    0,    0,    0,    0,    0,    0,    0,    0,    0,    0,    0,    0,    0,    0,    0,    0,    0,    0,    0,    8,  -20,  -16,    0,    0,    0,    0,    0,    0,    0,    0,    0,    0,    0,    0,    0,    0,    0,    0,    0,    0,    0,    0,    0,    0,    0,    0,    0,    0,    0,    0,    0,    0,    0,    0,    0,    0,  -20,  -10,    0,  -28,   12,  -34,  -28,  -12,    0,   -6,  -12,    0,    0,    0,  -24,  -24,    0,  -12,  -28,  -24,  -24,  -20,  -28,   -8,  -20,  -12,  -20,  -12,  -20,  -40,    8,  -18,    0,   24,    0,  -12,   12,    0,    0,    8,  -20,  -28,  -40,    0,  -16,   -8,  -12,    0,    8,
       0,    0,   12,    4,   -8,    0,    0,    0,    4,    0,    0,    0,    0,    0,    0,    0,    0,    0,    0,    0,    0,    0,    0,    0,    0,    0,    0,    0,    0,    0,    0,    0,    0,    0,    0,    0,    0,    0,    0,    0,    0,    0,    0,    0,    0,    0,    0,    0,    0,    0,    0,    0,    0,    0,    0,    0,    0,    0,    0,    0,    0,    0,    0,    0,    0,    0,    0,    0,    0,    0,    0,    0,    0,    0,    0,    0,    0,    0,  -14,    0,   24,    4,    0,    4,    8,    8,    0,    6,  -24,   12,    0,    0,    8,    0,    0,    0,   12,   -4,   16,    0,   12,    0,  -24,    4,    8,  -24,    0,    8,    8,    0,    8,   16,   24,    4,    0,    0,   16,    0,  -28,  -24,   12,   -4,    0,    0,    4,    0,    0,
       0,    0,    8,    4,    0,    4,    0,    0,    0,    0,    0,    0,    0,    0,    0,    0,    0,    0,    0,    0,    0,    0,    0,    0,    0,    0,    0,    0,    0,    0,    0,    0,    0,    0,    0,    0,    0,    0,    0,    0,    0,    0,    0,    0,    0,    0,    0,    0,    0,    0,    0,    0,    0,    0,    0,    0,    0,    0,    0,    0,    0,    0,    0,    0,    0,    0,    0,    0,    0,    0,    0,    0,    0,    0,    0,    0,    0,    0,    0,    0,    0,    0,    0,    0,    0,    0,    0,    0,    0,    0,    0,    0,    0,   -4,    0,    0,    0,  -10,    0,    0,    0,    8,    0,    6,    4,    0,    0,    0,    0,   -4,    0,    0,   12,    6,    0,    0,    0,    0,    0,   -8,    0,    0,    0,    0,    6,   12,   16,
       0,    0,    0,    0,    0,    0,    0,    0,    0,    0,    0,    0,    0,    0,    0,    0,    0,    0,    0,    0,    0,    0,  -58,    0,    0,    0,    0,    0,    0,    0,    0,    0,    0,    0,    0,    0,    0,    0,    0,    0,    0,    0,    0,    0,    0,    0,    0,    0,    0,    0,    0,    0,    0,    0,    0,    0,    0,    0,    0,    0,    0,    0,    0,    0,    0,    0,    0,    0,    0,    0,    0,    0,    0,    0,    0,    0,    0,  -36,   -8,    0,    0,    0,  -24,    0,    0,    0,    0,    0,  -16,    0,  -48,    0,    0,    0,   -4,    0,    0,   -4,    0,    0,    0,    0,  -20,  -24,    0,  -28,    0,    0,    0,    0,    0,    0,    0,  -24,  -40,    0,    0,  -40,  -20,  -16,    0,    0,    0,    0,  -24,    0,    0,
       0,    0,    0,    0,    0,    0,    0,    0,    0,    0,    0,    0,    0,    0,    0,    0,    0,    0,    0,    0,    0,    0,    0,    0,    0,    0,    0,    0,    0,    0,    0,    0,    0,    0,    0,    0,    0,    0,    0,    0,    0,    0,    0,    0,    0,    0,    0,    0,    0,    0,    0,    0,    0,    0,    0,    0,    0,    0,    0,    0,    0,    0,    0,    0,    0,    0,    0,    0,    0,    0,    0,    0,    0,    0,    0,    0,    0,    0,    0,    0,    0,    0,    0,    0,   -8,  -12,    0,    0,    0,    0,    0,    0,  -12,    0,    0,    0,    0,    0,    0,    0,    0,    0,    0,    0,    0,    0,    0,    0,    0,    0,    0,    0,    0,    0,    0,    0,    0,    0,    0,    0,    0,    0,    0,    0,    0,    0,    0,
       0,    0,    0,    0,    0,    0,    0,    0,    0,    0,    0,    0,    0,    0,    0,    0,    0,    0,    0,    0,    0,    0,    0,    0,    0,    0,    0,    0,    0,    0,    0,    0,    0,    0,    0,    0,    0,    0,    0,    0,    0,    0,    0,    0,    0,    0,    0,    0,    0,    0,    0,    0,    0,    0,    0,    0,    0,    0,    0,    0,    0,    0,    0,    0,    0,    0,    0,    0,    0,    0,    0,    0,    0,    0,    0,    0,    0,    0,    0,    0,    0,    0,    0,    0,    0,   -8,    0,    0,    0,    0,    0,    0,    0,    0,    0,    0,    0,    0,    0,    0,    0,    0,    0,    0,    0,    0,    0,    0,    0,    0,    0,    0,    0,    0,    0,    0,    0,    0,  -12,    0,    0,    0,    0,    0,    0,    0,    0,
       0,    0,    0,    0,    0,    0,    0,    0,    0,    0,    0,    0,    0,    0,    0,    0,    0,    0,    0,    0,    0,    0,    0,    0,    0,    0,    0,    0,    0,    0,    0,    0,    0,    0,    0,    0,    0,    0,    0,    0,    0,    0,    0,    0,    0,    0,    0,    0,    0,    0,    0,    0,    0,    0,    0,    0,    0,    0,    0,    0,    0,    0,    0,    0,    0,    0,    0,    0,    0,    0,    0,    0,    0,    0,    0,    0,    0,    0,    0,    0,    0,    0,    0,    0,    0,    0,    0,    0,    0,    0,    0,    0,    0,    0,    0,    0,    0,    0,    0,    0,    0,    0,   -8,    0,    0,    0,    0,    0,    0,    0,    0,    0,    0,    0,    0,    0,    0,    0,    0,  -12,    0,    0,    0,    0,    0,    0,    0,
       0,    0,    0,  -16,    0,  -16,    0,    0,    0,    0,    0,    0,    0,    0,    0,    0,    0,    0,    0,    0,    0,    0,    0,    0,    0,    0,    0,    0,    0,    0,    0,    0,    0,    0,    0,    0,    0,    0,    0,    0,    0,    0,    0,    0,    0,    0,    0,    0,    0,    0,    0,    0,    0,    0,    0,    0,    0,    0,    0,    0,    0,    0,    0,    0,    0,    0,    0,    0,    0,    0,    0,    0,    0,    0,    0,    0,    0,    0,    0,    0,    0,    0,    0,    0,    0,    0,    0,    0,    0,    0,    0,    0,    0,  -12,    0,    0,  -20,   -8,   -4,   -4,  -16,    0,    0,    0,    0,    0,   -4,  -16,  -12,   -8,    0,    0,    0,    0,    0,    0,    0,    0,    0,  -12,    0,    0,    0,    0,    0,    0,    0,
       0,    0,    0,    0,    0,    0,    0,    0,    0,  -12,    0,    0,    0,    0,    0,    0,    0,    0,    0,    0,    0,    0,    0,    0,    0,    0,    0,    0,    0,    0,    0,    0,    0,    0,    0,    0,    0,    0,    0,    0,    0,    0,    0,    0,    0,    0,    0,    0,    0,    0,    0,    0,    0,    0,    0,    0,    0,    0,    0,    0,    0,    0,    0,    0,    0,    0,    0,    0,    0,    0,    0,    0,    0,    0,    0,    0,    0,    0,    0,    0,    0,    0,    0,    0,    0,    0,    0,    0,    0,    0,    0,    0,    0,    0,    0,    0,    0,    0,    0,    0,    0,    0,    0,   -6,    0,    0,    0,    0,    0,    0,    0,    0,    0,   -6,    0,    0,    0,    0,    0,    0,    0,    0,    0,    0,   -6,  -12,   -8,
       0,    0,    0,    0,    0,    0,    0,    0,    0,    0,    0,    0,    0,    0,    0,    0,    0,    0,    0,    0,    0,    0,    0,    0,    0,    0,    0,    0,    0,    0,    0,    0,    0,    0,    0,    0,    0,    0,    0,    0,    0,    0,    0,    0,    0,    0,    0,    0,    0,    0,    0,    0,    0,    0,    0,    0,    0,    0,    0,    0,    0,    0,    0,    0,    0,    0,    0,    0,    0,    0,    0,    0,    0,    0,    0,    0,    0,    0,    0,    0,    0,    0,    0,    0,    0,   -8,    0,    0,    0,    0,    0,    0,   -4,    0,    0,    0,    0,    0,    0,    0,    0,    0,    0,    0,    0,    0,    0,   -8,    0,    0,    0,    0,    0,    0,    0,    0,    0,    0,    0,    0,    0,    0,    0,    0,    0,    0,    0,
       0,    0,    0,    0,    0,    0,    0,    0,    0,    0,    0,    0,    0,    0,    0,    0,    0,    0,    0,    0,    0,    0,    0,    0,    0,    0,    0,    0,    0,    0,    0,    0,    0,    0,    0,    0,    0,    0,    0,    0,    0,    0,    0,    0,    0,    0,    0,    0,    0,    0,    0,    0,    0,    0,    0,    0,    0,    0,    0,    0,    0,    0,    0,    0,    0,    0,    0,    0,    0,    0,    0,    0,    0,    0,    0,    0,    0,    0,    0,    0,    0,    0,    0,    0,    0,    0,    0,    0,    0,    0,    0,    0,    0,    0,    0,    0,    0,   -6,    0,    0,    0,    0,    0,    0,    0,    0,    0,    0,    0,    0,    0,    0,    0,    0,    0,    0,    0,    0,    0,   -8,    0,    0,    0,    0,    0,    0,    0,
       0,    0,   12,    0,   -8,    0,    0,    0,    0,    0,    0,    0,    0,    0,    0,    0,    0,    0,    0,    0,    0,    0,    0,    0,    0,    0,    0,    0,    0,    0,    0,    0,    0,    0,    0,    0,    0,    0,    0,    0,    0,    0,    0,    0,    0,    0,    0,    0,    0,    0,    0,    0,    0,    0,    0,    0,    0,    0,    0,    0,    0,    0,    0,    0,    0,    0,    0,    0,    0,    0,    0,    0,    0,    0,    0,    0,    0,    0,  -30,    0,    0,    0,    0,    4,    8,    0,    0,    6,  -24,   12,    0,    0,    0,  -16,  -12,    0,   12,  -12,    0,    0,   12,    0,  -24,  -14,    8,  -24,   -8,    0,    8,  -12,    0,   16,    0,  -14,    0,    0,    0,    0,  -28,  -64,    8,   -4,   -8,    0,  -14,    0,    0,
       0,    0,    8,    4,    0,    4,    0,    0,    0,    0,    0,    0,    0,    0,    0,    0,    0,    0,    0,    0,    0,    0,    0,    0,    0,    0,    0,    0,    0,    0,    0,    0,    0,    0,    0,    0,    0,    0,    0,    0,    0,    0,    0,    0,    0,    0,    0,    0,    0,    0,    0,    0,    0,    0,    0,    0,    0,    0,    0,    0,    0,    0,    0,    0,    0,    0,    0,    0,    0,    0,    0,    0,    0,    0,    0,    0,    0,    0,    0,    0,    0,    0,    0,    0,    0,    0,    0,    0,    0,    0,    0,    0,    0,   -4,    0,    0,    0,  -10,    0,    0,    0,    8,    0,    6,    4,    0,    0,    0,    0,   -4,    0,    0,   16,    6,    0,    0,    0,    0,    0,   -8,    0,    0,    0,    0,    6,   12,   16,
       0,    0,    0,  -32,    0,  -32,    0,    0,    0,    0,  -32,    0,    0,    0,    0,    0,   16,    0,    8,    0,    8,    0,    0,    0,    0,    8,  -12,    0,  -20,    8,    0,    4,    0,    0,  -12,    0,    0,   16,   16,   16,    0,    0,    0,    0,  -44,  -48,    0,    0,    0,    0,  -12,    0,   12,   12,  -12,  -12,    8,    0,    0,  -12,  -12,  -12,  -20,    8,   12,    8,    0,  -12,  -12,    0,    0,  -20,    0,    0,    0,    0,    0,   16,    0,    0,    0,  -22,    8,  -32,  -26,    0,    0,    0,    0,    0,    0,    0,  -12,    0,    0,    0,  -12,  -12,    0,    0,  -16,    0,    0,   16,   16,    0,    0,  -20,    8,  -12,    0,   12,    4,   16,    8,    8,    0,    8,    0,    0,  -48,    0,    0,    0,   16,    0,    0,
       0,    0,    0,  -32,    0,  -32,    0,    0,    0,    0,  -48,    0,  -16,    0,    0,   -8,    0,    0,    8,    0,    8,    0,    0,    0,  -16,    8,  -28,    0,  -34,    8,    0,    0,    0,    0,  -28,    4,    0,    0,    0,    0,   -8,    0,    0,    0,    0,  -66,  -16,    0,  -16,  -16,  -28,    0,   12,   12,  -28,  -28,    8,  -16,  -16,  -28,  -28,  -28,  -34,   20,   12,    8,    0,  -28,  -28,   -8,    0,  -34,    0,    0,    0,    0,    0,    0,  -16,   -8,    0,  -30,    0,  -48,  -34,   -8,    0,    0,    0,    0,    0,    0,  -16,  -16,    0,    0,  -28,  -28,    0,    0,  -28,    0,    0,    0,    0,    0,    0,  -28,    8,  -28,    0,   12,    0,    0,    8,    0,    0,    8,    0,  -12,  -66,    0,    0,    0,    0,    0,    0,
       0,    0,    0,    0,    0,    0,    0,    0,    0,    0,   12,    0,  -16,   12,    0,    0,  -32,  -16,  -52,    0,  -36,    0,    0,    0,    0,    0,   -6,    0,    0,    0,    0,    0,   -4,   -6,    0,  -12,  -16,  -36,    0,  -48,    0,    0,    0,    0,    0,    0,  -16,    0,    0,    0,   -6,    0,    0,    0,   -6,   -6,    0,    0,    0,   -6,   -6,   -6,    0,    0,   -8,    0,   -4,    0,    0,    0,    0,    0,    0,    0,    0,    0,    0,  -32,  -16,    0,   12,    0,  -16,   12,    0,    0,    0,    0,   -8,    0,  -40,    0,    0,    0,    0,    0,    0,   -6,    0,    0,    0,   -6,  -20,  -40,    8,  -28,    0,    0,    0,    0,    0,    0,    0,  -40,  -52,    0,    0,  -36,  -28,  -16,    0,    0,    0,    0,  -40,  -32,  -16,
};

static const EpdLigaturePair bookerly_12_boldLigaturePairs[] = {
    { 0x00660066, 0xFB00 }, // f f -> U+FB00
    { 0x00660069, 0xFB01 }, // f i -> U+FB01
    { 0x0066006C, 0xFB02 }, // f l -> U+FB02
    { 0xFB000069, 0xFB03 }, // U+FB00 i -> U+FB03
    { 0xFB00006C, 0xFB04 }, // U+FB00 l -> U+FB04
};

static const EpdFontData bookerly_12_bold = {
    bookerly_12_boldBitmaps,
    bookerly_12_boldGlyphs,
    bookerly_12_boldIntervals,
    70,
    33,
    27,
    -7,
    true,
    bookerly_12_boldGroups,
    14,
    nullptr,
    bookerly_12_boldKernLeftClasses,
    bookerly_12_boldKernRightClasses,
    bookerly_12_boldKernMatrix,
    676,
    682,
    147,
    127,
    bookerly_12_boldLigaturePairs,
    5,
};
