/**
 * generated by fontconvert.py
 * name: bookerly_10_bold
 * size: 10
 * mode: 2-bit  compressed: zopfli
 * hinting: auto (FT_LOAD_FORCE_AUTOHINT — grid-fits stems to whole pixels)
 * Command used: fontconvert.py bookerly_10_bold 10 ../builtinFonts/source/Bookerly/Bookerly-Bold.ttf --2bit --compress --zopfli
 */
#pragma once
#include "EpdFontData.h"

static const uint8_t bookerly_10_boldBitmaps[21190] = {
    0x8D, 0x56, 0x01, 0x84, 0x6E, 0xC7, 0x15, 0xFE, 0xEE, 0xBD, 0xCD, 0x5E, 0xC9, 0xA5, 0x13, 0x44,
    0x85, 0xA5, 0x03, 0x41, 0x2B, 0x6D, 0x07, 0x8A, 0xE0, 0xDF, 0x9D, 0x49, 0x83, 0x87, 0x20, 0x0F,
    0x80, 0x42, 0x51, 0x80, 0xDA, 0x22, 0x28, 0xFE, 0xDD, 0xB9, 0x69, 0xF0, 0xB0, 0x10, 0x00, 0xA0,
    0x01, 0x00, 0x1A, 0x04, 0x0F, 0x9B, 0xFF, 0x4E, 0x12, 0x14, 0x0F, 0x99, 0x97, 0x45, 0x11, 0xBC,
    0x79, 0xCD, 0x56, 0xF0, 0x54, 0x26, 0x2F, 0xF3, 0x9A, 0xFB, 0xFA, 0x66, 0xEE, 0xE9, 0xB9, 0xFF,
    0xBF, 0xBF, 0xB7, 0xCF, 0xEE, 0xF6, 0x75, 0xCE, 0xF7, 0x9D, 0x9D, 0x7B, 0xE6, 0xCC, 0x39, 0x73,
    0xCF, 0x3D, 0x6B, 0xFE, 0xC3, 0x72, 0x3E, 0x3E, 0x39, 0x7C, 0x0D, 0x27, 0xE5, 0x64, 0xB9, 0xCC,
    0x3C, 0xC6, 0xF5, 0xB8, 0x79, 0x13, 0xAF, 0xBD, 0x0A, 0xDC, 0x5E, 0x00, 0x69, 0x09, 0xC4, 0x25,
    0x14, 0x91, 0x7B, 0xFD, 0x3F, 0x93, 0x69, 0xEE, 0x46, 0x34, 0x9F, 0x05, 0x0C, 0x34, 0x81, 0xA8,
    0x40, 0xDC, 0x70, 0x10, 0x5D, 0x0F, 0x29, 0x0C, 0xF0, 0x33, 0x60, 0x31, 0xA3, 0xA6, 0x0F, 0x04,
    0xA5, 0x5F, 0x2D, 0xF2, 0x62, 0xF1, 0xEE, 0xFE, 0x02, 0x2A, 0x43, 0x50, 0x5F, 0x53, 0xC4, 0x93,
    0xF1, 0xD7, 0xDF, 0xE5, 0x3F, 0xC5, 0xF1, 0xF0, 0x61, 0xD2, 0xE4, 0x77, 0x1E, 0x03, 0x71, 0x8B,
    0x9B, 0x00, 0x60, 0x20, 0x03, 0x22, 0xF4, 0x58, 0x07, 0xDC, 0x3E, 0x69, 0x1D, 0xE2, 0x42, 0x18,
    0x56, 0x12, 0x18, 0x97, 0x0B, 0xDD, 0xDB, 0xF4, 0x31, 0x79, 0x75, 0xFF, 0xE1, 0x3F, 0x22, 0x9A,
    0xCF, 0x7D, 0x44, 0xF7, 0xBE, 0x8B, 0x10, 0x0D, 0xAB, 0xBD, 0x86, 0x6D, 0x27, 0x15, 0x79, 0x24,
    0x58, 0x83, 0x97, 0x01, 0x60, 0xE8, 0xD1, 0x12, 0x3B, 0xDD, 0x67, 0x7E, 0xEA, 0xF9, 0xD8, 0x40,
    0xE7, 0xF5, 0xA8, 0xA3, 0x1E, 0x57, 0xCB, 0xD6, 0x15, 0xF5, 0x96, 0x2B, 0xDD, 0x03, 0x47, 0x35,
    0xF5, 0x43, 0x4F, 0x67, 0x9A, 0x88, 0x76, 0xE8, 0xCF, 0x99, 0xEB, 0x30, 0x97, 0x00, 0x40, 0x6C,
    0x62, 0xE7, 0x64, 0xAF, 0xB1, 0x8F, 0x13, 0xE4, 0xAD, 0xF0, 0xFC, 0x08, 0x1A, 0xD2, 0x08, 0xD7,
    0x44, 0xA4, 0x39, 0xD7, 0x12, 0x16, 0xB2, 0xEF, 0x7C, 0xC3, 0x3B, 0xAA, 0x84, 0xF1, 0xDC, 0x71,
    0xAC, 0x52, 0x1D, 0x9B, 0xD0, 0x39, 0xC1, 0x31, 0x96, 0xB3, 0x63, 0xDC, 0x8B, 0xBB, 0x0F, 0x76,
    0xBF, 0xFD, 0x65, 0xC4, 0x2C, 0x1B, 0x10, 0x39, 0x06, 0x22, 0xB0, 0xC5, 0x0B, 0x10, 0x8E, 0xA5,
    0x97, 0xD8, 0xC3, 0xBB, 0x00, 0x28, 0x51, 0xE2, 0x2F, 0x84, 0xEA, 0x43, 0x70, 0xC6, 0xD6, 0xF3,
    0x32, 0x44, 0x0F, 0x05, 0xEC, 0x03, 0x27, 0xC0, 0x88, 0x2A, 0x5D, 0xB1, 0x52, 0x91, 0x11, 0x14,
    0xF5, 0xAD, 0xD1, 0xD6, 0x79, 0x85, 0x5C, 0x50, 0xB6, 0xC8, 0x53, 0x95, 0x87, 0x7A, 0xD4, 0xB7,
    0xA2, 0xE4, 0xCF, 0x30, 0x01, 0x00, 0x96, 0xD8, 0x2D, 0xD0, 0x05, 0x3F, 0x29, 0xC0, 0x35, 0x60,
    0x67, 0x4D, 0xBE, 0xA2, 0x9E, 0xC3, 0xAA, 0xD3, 0xAC, 0xDF, 0xCB, 0xEA, 0xCD, 0x8C, 0x66, 0x44,
    0x1B, 0x21, 0x03, 0x6C, 0x5F, 0x4D, 0x68, 0x47, 0xA8, 0x00, 0x4D, 0x45, 0x51, 0xDE, 0x21, 0xA3,
    0x29, 0x1E, 0x75, 0xE9, 0x8D, 0x26, 0xCD, 0x3E, 0xAA, 0x6F, 0x89, 0x11, 0xC1, 0x8F, 0x8C, 0x2E,
    0x56, 0xD6, 0x5B, 0xEA, 0xD5, 0x08, 0xD4, 0x1F, 0x03, 0x22, 0x01, 0x8A, 0x69, 0x99, 0xC4, 0x1E,
    0xDF, 0xB3, 0xCB, 0x69, 0x82, 0x7C, 0x3F, 0x41, 0xB3, 0xBB, 0x25, 0xEA, 0x35, 0x13, 0x3C, 0xBF,
    0x48, 0x41, 0x69, 0x86, 0xC3, 0x8C, 0x33, 0x48, 0xEA, 0x5F, 0xA2, 0x80, 0xEE, 0x69, 0x16, 0xCC,
    0x59, 0x8C, 0x3A, 0x03, 0x54, 0xA8, 0x28, 0x76, 0x93, 0x91, 0x1E, 0xDA, 0x80, 0x8D, 0x44, 0xBE,
    0x88, 0x58, 0x9A, 0xC4, 0x18, 0x9A, 0x68, 0x8F, 0xA3, 0x22, 0xC7, 0x05, 0x19, 0x28, 0x11, 0xA5,
    0xB1, 0x89, 0x51, 0xB8, 0x97, 0x65, 0x0F, 0x0D, 0x14, 0x54, 0x19, 0x9B, 0xF7, 0xE8, 0x02, 0xC4,
    0xBA, 0xD4, 0x9D, 0x43, 0xCD, 0xD1, 0x28, 0xE8, 0xE3, 0x68, 0x9B, 0xA4, 0x9B, 0xA8, 0xEE, 0xF9,
    0x8E, 0x8C, 0x18, 0xBC, 0xEE, 0xCE, 0xC3, 0xD2, 0xDB, 0xD1, 0x92, 0xEF, 0x26, 0x70, 0xDD, 0x3A,
    0x8A, 0xF2, 0x6F, 0xA3, 0x7E, 0x33, 0x6B, 0x53, 0x74, 0x5F, 0x14, 0x27, 0xA7, 0x5C, 0xD3, 0x3A,
    0xAE, 0x8C, 0x2F, 0x90, 0xD3, 0xD3, 0xFC, 0x0A, 0xF3, 0xB7, 0x06, 0x30, 0xFF, 0x55, 0xD0, 0x46,
    0x61, 0x3B, 0x5E, 0x84, 0x32, 0xD2, 0x48, 0xEC, 0x63, 0x89, 0x8F, 0x80, 0x0A, 0x90, 0xAE, 0x22,
    0x23, 0x03, 0x26, 0x80, 0x0C, 0x64, 0x02, 0x3F, 0xB2, 0x11, 0x95, 0x39, 0x6F, 0xAB, 0xF5, 0xD8,
    0xCC, 0x7F, 0x04, 0x68, 0x40, 0x05, 0x54, 0x13, 0x20, 0xD7, 0x25, 0x1A, 0xFA, 0x2E, 0x71, 0x06,
    0xBC, 0x02, 0xD8, 0x9E, 0x12, 0x15, 0x0E, 0x2D, 0xA0, 0x76, 0x8B, 0x0E, 0x7B, 0xF8, 0x05, 0x80,
    0xF3, 0xFC, 0x3B, 0xF4, 0x01, 0x30, 0x50, 0x41, 0x33, 0x19, 0x6B, 0x04, 0xEF, 0x75, 0xEA, 0xBD,
    0x55, 0x13, 0x74, 0x47, 0xEF, 0xC5, 0x43, 0x71, 0xEC, 0xE2, 0x49, 0xD5, 0xB8, 0x98, 0x31, 0xB0,
    0x6A, 0xBF, 0x61, 0x25, 0x3E, 0xFF, 0x2C, 0x64, 0x71, 0xE7, 0x73, 0xFF, 0x89, 0x20, 0xEA, 0xB9,
    0x38, 0x13, 0x94, 0x03, 0x20, 0x1E, 0xE3, 0x0F, 0xA8, 0x89, 0x32, 0xA0, 0x38, 0xE8, 0x66, 0xD4,
    0x11, 0xE8, 0x98, 0x62, 0x04, 0x7E, 0x9A, 0x81, 0x45, 0x01, 0x96, 0x16, 0x48, 0x1A, 0x88, 0xBA,
    0x67, 0x77, 0xD7, 0x10, 0xF9, 0xCE, 0x75, 0x41, 0xF4, 0x6D, 0xB4, 0x41, 0x4E, 0x14, 0x35, 0xFD,
    0x95, 0x03, 0x10, 0x8D, 0x10, 0x5F, 0x66, 0x08, 0x5F, 0x98, 0xFC, 0xF7, 0x2E, 0x93, 0x22, 0xB3,
    0xF0, 0x7C, 0x60, 0x9B, 0x36, 0x6B, 0xDE, 0x25, 0x58, 0x2A, 0x20, 0x0A, 0x80, 0x1D, 0x5B, 0x2A,
    0xD2, 0xEF, 0x69, 0xB3, 0x77, 0x84, 0x57, 0x57, 0xDB, 0x0E, 0x9F, 0x00, 0x02, 0xAC, 0x81, 0x3E,
    0xDB, 0x11, 0x44, 0xD5, 0x30, 0x0E, 0x74, 0x06, 0x22, 0x9A, 0x23, 0x39, 0xE1, 0x65, 0x10, 0xBE,
    0x8B, 0xC2, 0x37, 0xE9, 0x02, 0xF9, 0xB9, 0x65, 0xCE, 0x62, 0xFB, 0x4D, 0x86, 0xF9, 0x54, 0x34,
    0x10, 0xF1, 0x0E, 0x36, 0x0B, 0x8F, 0x19, 0x94, 0x18, 0xE7, 0xF3, 0xD9, 0x28, 0x2D, 0xF1, 0x98,
    0x88, 0xF2, 0x40, 0x59, 0xF8, 0xA5, 0xF0, 0x8B, 0xAD, 0x67, 0x9C, 0xE1, 0xB1, 0x05, 0x6C, 0x01,
    0x15, 0xE0, 0x60, 0x32, 0x0D, 0x91, 0x13, 0x67, 0xC2, 0x69, 0xD3, 0x39, 0x8B, 0x1D, 0xAC, 0x00,
    0x94, 0x99, 0x15, 0xF9, 0x89, 0x49, 0x98, 0x4F, 0x21, 0xBC, 0x7E, 0x7C, 0xE0, 0x05, 0x91, 0xAF,
    0x86, 0xC7, 0xA0, 0xAC, 0xC8, 0x0C, 0x49, 0x4E, 0x98, 0x4F, 0x7C, 0x49, 0x11, 0x6D, 0xD4, 0x95,
    0xAB, 0x07, 0x63, 0x37, 0x6D, 0x02, 0x50, 0x19, 0x46, 0xE1, 0x2F, 0xCB, 0xC1, 0x48, 0x45, 0x90,
    0xEF, 0xA8, 0x47, 0xC1, 0x73, 0x90, 0x51, 0x65, 0xD4, 0x19, 0x5D, 0x82, 0xF5, 0x50, 0x06, 0x94,
    0xED, 0x38, 0x24, 0xC5, 0x65, 0xD5, 0x9B, 0x8F, 0x77, 0x1A, 0x21, 0xBE, 0xED, 0x21, 0x08, 0x4C,
    0x07, 0x71, 0x2F, 0xB2, 0x8D, 0xED, 0x9B, 0x17, 0xE3, 0x64, 0x72, 0xA4, 0x5C, 0x27, 0xCA, 0x18,
    0x12, 0x5B, 0xAE, 0xC4, 0x4B, 0xEB, 0xF2, 0xAA, 0x4D, 0x79, 0x05, 0xC1, 0xA6, 0x96, 0xCC, 0x10,
    0x2A, 0xEA, 0xC9, 0x55, 0xE4, 0xC8, 0xD5, 0x0F, 0x3E, 0x7D, 0xE0, 0xEA, 0x6F, 0x4E, 0xBF, 0xF2,
    0xCD, 0xD7, 0x5F, 0xDF, 0xF1, 0xCD, 0xE9, 0x0F, 0xC7, 0xBE, 0xB9, 0x4B, 0x37, 0x42, 0xE3, 0xA9,
    0x0D, 0xAD, 0x9B, 0x66, 0x75, 0xD8, 0x44, 0x79, 0xF6, 0xC6, 0x6E, 0xD1, 0x19, 0x8A, 0x55, 0x43,
    0x41, 0x16, 0x0E, 0xD1, 0x10, 0x34, 0x1A, 0x72, 0xB3, 0x0A, 0xAC, 0x9E, 0x24, 0x56, 0xDF, 0x67,
    0x56, 0x71, 0x9A, 0x95, 0xB5, 0xAC, 0x14, 0xB1, 0x12, 0xB3, 0x6A, 0x08, 0xF3, 0x36, 0xE8, 0x09,
    0x03, 0x00, 0xBC, 0x0C, 0x2E, 0x29, 0x5A, 0x22, 0x23, 0xBD, 0xE5, 0x20, 0x22, 0x1E, 0xA1, 0x8D,
    0x05, 0x4D, 0xDA, 0x72, 0x42, 0x13, 0x07, 0xB6, 0xD9, 0xB9, 0x6B, 0x83, 0xED, 0x05, 0x4D, 0xA8,
    0x86, 0x80, 0x03, 0x0A, 0x44, 0x59, 0xDC, 0x9D, 0x84, 0x1F, 0xB8, 0x14, 0xB3, 0xFE, 0xB2, 0xAC,
    0x9B, 0xAA, 0xDF, 0xBE, 0x38, 0x87, 0xDE, 0xF4, 0x49, 0x42, 0x43, 0x04, 0x31, 0x67, 0x30, 0x22,
    0x58, 0x74, 0x71, 0x85, 0xE6, 0xEA, 0x2C, 0xBC, 0x59, 0x9D, 0xD9, 0xBE, 0xA3, 0x09, 0x18, 0xCE,
    0x00, 0xE1, 0x80, 0xA6, 0x18, 0xC0, 0x16, 0xA0, 0x1D, 0x07, 0x0A, 0x18, 0x68, 0xFE, 0xAF, 0x5A,
    0xC7, 0x63, 0x0E, 0x3C, 0x2F, 0xE0, 0xC4, 0x4C, 0x07, 0xF1, 0x95, 0x87, 0x38, 0x4D, 0x6C, 0xCB,
    0xF3, 0xBA, 0xB1, 0x59, 0x05, 0xCA, 0x6D, 0xAC, 0x28, 0xB0, 0x8B, 0xBA, 0x9B, 0xB4, 0x49, 0xBA,
    0xBF, 0xA9, 0xD2, 0xF6, 0x17, 0x80, 0x1C, 0x17, 0x75, 0x5E, 0x56, 0xD9, 0xDE, 0x18, 0x2D, 0x85,
    0xDD, 0xC9, 0x10, 0x91, 0x9B, 0x39, 0xEA, 0xB7, 0x5C, 0x64, 0xFE, 0x4E, 0xFF, 0xC6, 0x40, 0x1B,
    0x5C, 0x47, 0x8E, 0x8C, 0x86, 0xD2, 0xBA, 0x29, 0x31, 0xA4, 0xDD, 0xB2, 0x6E, 0xD4, 0xE7, 0xA9,
    0x30, 0xAB, 0xD8, 0x46, 0xB4, 0xE5, 0x20, 0xA0, 0x26, 0x72, 0xC0, 0xC1, 0x63, 0x60, 0x28, 0x82,
    0xEC, 0xD8, 0x15, 0x31, 0x5F, 0xF5, 0xCC, 0x36, 0xB5, 0xBE, 0x19, 0x85, 0xAB, 0xB2, 0xE8, 0x51,
    0x14, 0xB0, 0xDA, 0x07, 0xF4, 0x21, 0x33, 0x03, 0x32, 0x01, 0x22, 0x02, 0x5D, 0x80, 0x2D, 0x9D,
    0xB7, 0xA3, 0x1E, 0x45, 0x50, 0x51, 0xCC, 0xE2, 0xBA, 0x28, 0xA3, 0xE8, 0xDB, 0xA4, 0x92, 0x34,
    0x0D, 0xAF, 0x28, 0xD4, 0x79, 0x2F, 0xEF, 0xA3, 0xCA, 0xCB, 0xB2, 0x07, 0x94, 0xDB, 0xAB, 0x25,
    0xB0, 0x8A, 0xFA, 0x36, 0xA0, 0xA3, 0x4E, 0xAC, 0x79, 0x2B, 0xA0, 0x9C, 0x08, 0x80, 0x70, 0xC2,
    0x43, 0x93, 0x9C, 0x54, 0xE9, 0xC6, 0x26, 0x77, 0x1E, 0x93, 0xEC, 0x61, 0x8F, 0x00, 0x95, 0x37,
    0x39, 0xC5, 0x08, 0xE8, 0x09, 0x38, 0xB1, 0xA6, 0x4A, 0xCA, 0xB5, 0x9C, 0x53, 0x8D, 0x72, 0x1A,
    0xB2, 0x26, 0x66, 0xB6, 0xA3, 0x4C, 0xF3, 0x29, 0x1A, 0xCE, 0x5E, 0x73, 0x56, 0x94, 0x25, 0x60,
    0x13, 0x30, 0xE7, 0x10, 0xFE, 0x59, 0xDA, 0x11, 0xA0, 0x02, 0x4D, 0x45, 0xD3, 0xB4, 0x57, 0xE7,
    0x45, 0x3B, 0x57, 0x08, 0xDA, 0x61, 0x40, 0x35, 0xA1, 0xC9, 0xE8, 0xE2, 0x8B, 0xD2, 0x0B, 0xDD,
    0x2B, 0x4B, 0x13, 0xBB, 0x01, 0x20, 0x47, 0x2E, 0xE3, 0x7F, 0xCB, 0xEC, 0xF3, 0x73, 0x40, 0x03,
    0xD2, 0x40, 0xF4, 0xE8, 0x1C, 0x9A, 0x80, 0x3A, 0x02, 0x23, 0x90, 0x81, 0xC3, 0x2B, 0xD6, 0x34,
    0x4B, 0xF3, 0x1C, 0xD1, 0x2C, 0xF8, 0x3D, 0x90, 0x51, 0x15, 0x34, 0xDF, 0xA2, 0xFD, 0xC2, 0x74,
    0xC7, 0xBD, 0x68, 0x9D, 0x6A, 0xC2, 0x7E, 0x1D, 0x97, 0x55, 0x02, 0x40, 0x14, 0x19, 0xC0, 0x1F,
    0x91, 0x71, 0x04, 0x81, 0x0A, 0xDD, 0x04, 0x4B, 0xAE, 0x48, 0xFF, 0x8A, 0xF0, 0x3B, 0xE4, 0x35,
    0xF9, 0x95, 0xF0, 0x59, 0xF8, 0xA2, 0xC2, 0x40, 0x59, 0x9D, 0x26, 0xE5, 0x01, 0x62, 0xCA, 0x8B,
    0xF5, 0xF9, 0x2A, 0x41, 0xD0, 0x04, 0x11, 0xB7, 0x0D, 0xAF, 0xCD, 0x39, 0x37, 0xCF, 0xF7, 0x79,
    0x8D, 0x46, 0xBC, 0x44, 0x1E, 0x35, 0x19, 0x49, 0x4E, 0xBF, 0xE3, 0x57, 0x9D, 0x2B, 0xD5, 0x85,
    0x0B, 0xC4, 0xDF, 0xE4, 0x64, 0x2D, 0x19, 0x74, 0x09, 0xD0, 0xCC, 0x96, 0xD9, 0x6C, 0x58, 0x53,
    0x82, 0x64, 0xEA, 0xB7, 0x12, 0x56, 0xFC, 0x5C, 0x2E, 0x70, 0x62, 0x0E, 0x6F, 0xF3, 0x1A, 0x4D,
    0x46, 0x3C, 0x22, 0x53, 0x4F, 0x58, 0x27, 0x08, 0x9F, 0xB4, 0x91, 0x68, 0xC6, 0x04, 0x30, 0x86,
    0x9E, 0x13, 0x84, 0x39, 0x81, 0xE4, 0x0D, 0xA5, 0xCA, 0x8B, 0x3A, 0xCD, 0xB1, 0x77, 0xD7, 0x6F,
    0xC9, 0x93, 0xCB, 0xE8, 0x26, 0xA8, 0x39, 0xE0, 0x20, 0x89, 0xF4, 0xF1, 0x3F, 0x6D, 0xB3, 0xFE,
    0xBD, 0x72, 0x1C, 0x25, 0x05, 0x49, 0x46, 0x03, 0x9A, 0x92, 0xA2, 0xBC, 0x42, 0x29, 0xC8, 0x74,
    0x23, 0x5B, 0x8A, 0xFC, 0xCF, 0x79, 0x75, 0x85, 0xC6, 0xCD, 0xE5, 0x9A, 0xB6, 0x15, 0xBA, 0x4C,
    0x15, 0x87, 0xDE, 0x3E, 0x9A, 0x2F, 0x6C, 0xC1, 0x04, 0x80, 0x03, 0x3F, 0x78, 0xF1, 0x8C, 0xA8,
    0x64, 0x47, 0x9C, 0xA0, 0x30, 0x01, 0xEC, 0x94, 0xAE, 0xE0, 0xB2, 0xE4, 0x2A, 0xB7, 0x49, 0x07,
    0xB5, 0x3D, 0x09, 0xC4, 0x45, 0x9E, 0x12, 0x5F, 0xEB, 0x13, 0xC4, 0x97, 0x89, 0x4F, 0xE5, 0x20,
    0xA8, 0x87, 0xB8, 0xE7, 0x21, 0xFE, 0xBE, 0xBD, 0x35, 0x26, 0x70, 0x96, 0xDE, 0x8E, 0xB2, 0x57,
    0x9E, 0xBC, 0xB8, 0x46, 0x54, 0x1A, 0xF2, 0xC1, 0x9D, 0x51, 0xF5, 0xC4, 0x23, 0x8A, 0x44, 0xB7,
    0xA2, 0xF0, 0x5C, 0x9E, 0x6B, 0x15, 0xBF, 0xDE, 0x8D, 0x32, 0x7C, 0x47, 0x5F, 0xD0, 0xC1, 0x9D,
    0x04, 0xFA, 0x3F, 0x8A, 0x31, 0x70, 0x31, 0xD6, 0xED, 0x12, 0xF5, 0xDB, 0x69, 0x55, 0xE7, 0x52,
    0x9D, 0x63, 0xAA, 0x47, 0x7B, 0x2B, 0xCE, 0xED, 0x32, 0x41, 0x71, 0xB0, 0xE1, 0x69, 0xEF, 0x99,
    0x6B, 0x7A, 0x8F, 0xE9, 0x9F, 0xA9, 0x83, 0x1E, 0x01, 0x9B, 0x81, 0x7A, 0xFE, 0x96, 0x49, 0xDF,
    0x48, 0xDC, 0x57, 0x65, 0x0B, 0xEE, 0x29, 0x6E, 0x29, 0x4D, 0xA9, 0xFB, 0xE1, 0x42, 0x3B, 0x88,
    0x02, 0x3D, 0xBD, 0x7E, 0xCB, 0xD3, 0x3D, 0x2F, 0xC9, 0x89, 0x00, 0xE1, 0x9F, 0x81, 0x1A, 0x31,
    0x14, 0x74, 0x8F, 0x61, 0x09, 0x93, 0xC4, 0xF4, 0x63, 0x0C, 0x01, 0x6A, 0x42, 0x45, 0x7D, 0x54,
    0x6E, 0x54, 0x8E, 0xC8, 0x1C, 0x8C, 0x68, 0x3C, 0xBA, 0xB5, 0xBF, 0x25, 0xB6, 0xF4, 0x57, 0xDC,
    0xC6, 0x8F, 0xFA, 0x8E, 0x5C, 0x3D, 0x41, 0xDD, 0x27, 0x0C, 0xA7, 0xD7, 0x16, 0x89, 0x1D, 0x09,
    0x2D, 0x51, 0xA8, 0x26, 0x15, 0x86, 0x3C, 0x78, 0x1D, 0x34, 0x87, 0x53, 0xE8, 0xE2, 0x3E, 0x9A,
    0xB8, 0x44, 0x93, 0x46, 0x54, 0x63, 0x04, 0x26, 0xA6, 0xF5, 0x80, 0x76, 0x80, 0x32, 0xB0, 0x69,
    0x21, 0x93, 0x0E, 0x87, 0x5D, 0x14, 0x6E, 0x6A, 0x9D, 0xF0, 0xD4, 0xB9, 0xF6, 0x3E, 0x09, 0xD3,
    0x3C, 0xBC, 0xF7, 0x0E, 0xEA, 0xEF, 0xBF, 0xF8, 0x0B, 0xAA, 0x27, 0xC7, 0xFF, 0x02, 0xA8, 0xCD,
    0xC0, 0xD0, 0x8C, 0xC0, 0x51, 0x9D, 0xA0, 0x47, 0x72, 0x32, 0x6A, 0x0E, 0x7B, 0xF2, 0x34, 0xA4,
    0x72, 0x80, 0x0D, 0xC0, 0x5C, 0xA8, 0x50, 0x20, 0x03, 0xF5, 0xFA, 0x21, 0x39, 0x4A, 0xE4, 0x6C,
    0xB0, 0x46, 0xBA, 0x7D, 0x08, 0xBF, 0x44, 0x17, 0x46, 0x34, 0x31, 0xA1, 0xFE, 0x77, 0x04, 0x9E,
    0x78, 0x80, 0xE6, 0x7D, 0x3D, 0xA0, 0x01, 0xEC, 0x33, 0x39, 0xE4, 0x6F, 0x13, 0x40, 0x01, 0x58,
    0x19, 0x40, 0x53, 0xD0, 0x14, 0x17, 0xD2, 0xBF, 0xA1, 0x0D, 0x26, 0xD4, 0x19, 0x6D, 0x84, 0xF0,
    0x1F, 0xE9, 0x3E, 0x0E, 0x14, 0x79, 0xB5, 0x4E, 0x32, 0x69, 0xA3, 0xF1, 0x54, 0x0A, 0x8B, 0x7E,
    0x46, 0x64, 0x6A, 0x13, 0x90, 0x2F, 0x8D, 0x02, 0xE2, 0x83, 0x89, 0x0B, 0xD2, 0xB2, 0xA7, 0x78,
    0xC6, 0x42, 0xA6, 0x60, 0x3D, 0x54, 0xFF, 0xE1, 0xF0, 0x28, 0x3E, 0xA2, 0xF0, 0xA1, 0xEA, 0x01,
    0xFC, 0x17, 0xB5, 0x97, 0x01, 0x84, 0x27, 0xD7, 0x1D, 0xC7, 0x3F, 0x33, 0x73, 0xD9, 0x49, 0x32,
    0x77, 0xF7, 0xFE, 0x48, 0x9B, 0x4B, 0xEF, 0x7A, 0x0F, 0x8A, 0x43, 0xEE, 0x66, 0x4B, 0xCA, 0x62,
    0x77, 0xDF, 0x44, 0x68, 0x10, 0x24, 0x00, 0x54, 0x35, 0x05, 0xAA, 0xE8, 0x15, 0xC1, 0xE2, 0xBF,
    0x3B, 0x23, 0x41, 0x68, 0x90, 0x44, 0x01, 0xA0, 0x28, 0x0A, 0x92, 0x2B, 0x47, 0x57, 0xFB, 0xDF,
    0x9D, 0x97, 0x04, 0xA5, 0x45, 0xE7, 0x12, 0x04, 0x69, 0xDD, 0x44, 0x0E, 0xD5, 0xA2, 0x4F, 0xEF,
    0x5D, 0x33, 0x97, 0xCC, 0xCC, 0xAF, 0xF3, 0x6C, 0xFE, 0x77, 0x2B, 0x77, 0x97, 0x6C, 0x73, 0xCD,
    0x6F, 0xBE, 0xBF, 0xEF, 0xBE, 0x7D, 0xEF, 0xF7, 0xFD, 0xFE, 0xE6, 0xCD, 0x0C, 0x6F, 0x77, 0x47,
    0xF6, 0x38, 0xB5, 0xBD, 0xB3, 0x53, 0x4E, 0x51, 0xD7, 0xF5, 0x1E, 0xC0, 0xDA, 0x12, 0xDB, 0x64,
    0xD2, 0xE6, 0xBF, 0xF3, 0xE5, 0xAA, 0xDF, 0x5F, 0x7D, 0x6E, 0x58, 0xE5, 0x00, 0xE3, 0x2A, 0xF5,
    0x6F, 0x5F, 0x30, 0xE2, 0x33, 0x79, 0x0D, 0xC7, 0x6D, 0x3C, 0x07, 0xDA, 0x53, 0x8E, 0x0C, 0x79,
    0xDC, 0x9D, 0x4C, 0x3C, 0x89, 0xA3, 0x14, 0x57, 0x8B, 0x4B, 0x1D, 0x69, 0x4B, 0xD6, 0xA0, 0xEC,
    0x23, 0x22, 0xFD, 0xCE, 0x9B, 0xDD, 0x8C, 0x07, 0x37, 0xEA, 0x6D, 0x2D, 0x5D, 0xF6, 0xB6, 0x53,
    0x04, 0xA8, 0x17, 0x9D, 0x16, 0xBF, 0x29, 0xDB, 0x8F, 0xF0, 0x60, 0xD9, 0x1B, 0x9F, 0x7B, 0xDD,
    0x66, 0xAD, 0xAA, 0x12, 0xA7, 0x89, 0xBB, 0x4D, 0xE8, 0xE7, 0x64, 0xA3, 0xD8, 0xF8, 0xCD, 0x4F,
    0x8A, 0x54, 0xA4, 0x4A, 0x44, 0x0A, 0x54, 0x03, 0x21, 0xCB, 0x0E, 0x64, 0xA0, 0x3F, 0x08, 0x60,
    0x39, 0x8C, 0x7B, 0xB4, 0xB0, 0x91, 0xB3, 0x50, 0x0C, 0x20, 0x15, 0xD7, 0x3D, 0x7E, 0x9F, 0x6D,
    0x5D, 0xE4, 0x2F, 0xDB, 0xEC, 0xBA, 0x8D, 0xC4, 0xCE, 0x72, 0xBB, 0xAB, 0x8A, 0x3E, 0xA7, 0xEE,
    0xC9, 0x5B, 0x80, 0xAD, 0xAD, 0x61, 0x58, 0x2C, 0xD0, 0x37, 0x89, 0xAE, 0xAD, 0xD8, 0x14, 0x7E,
    0x7E, 0x3C, 0xEB, 0xCE, 0x9C, 0xDB, 0x58, 0x3F, 0xF1, 0xC4, 0x0B, 0xA7, 0x56, 0x56, 0x1D, 0xE9,
    0x94, 0xC9, 0xAA, 0x27, 0x7D, 0x62, 0x38, 0xB6, 0x72, 0xAE, 0xEC, 0x4F, 0x1C, 0x3F, 0xED, 0xCF,
    0x84, 0xBA, 0x50, 0x1F, 0x74, 0xB9, 0xFD, 0xBD, 0x9B, 0x39, 0xE3, 0x6E, 0xBA, 0x1B, 0xBE, 0xDE,
    0x3B, 0x36, 0xFB, 0xE9, 0x6F, 0xA4, 0x8B, 0x9A, 0xB5, 0xEC, 0x2D, 0x6F, 0xB2, 0x76, 0xD0, 0xD5,
    0x84, 0x69, 0xA0, 0xDE, 0xF2, 0x71, 0xB3, 0x05, 0x88, 0xD8, 0x09, 0x24, 0x4B, 0x20, 0x5E, 0x7C,
    0x3C, 0xF2, 0xED, 0xA8, 0x59, 0x65, 0xF5, 0x97, 0xDD, 0x29, 0xFB, 0xD7, 0xE3, 0xF6, 0xEF, 0xC7,
    0xAD, 0x3F, 0xFE, 0xFA, 0xDF, 0x4E, 0x7D, 0xF7, 0xF5, 0xD5, 0x69, 0x7E, 0x5A, 0x05, 0x23, 0x46,
    0x40, 0xB7, 0x65, 0xD7, 0xCD, 0xDD, 0x7A, 0x37, 0x2F, 0xBD, 0x6E, 0x96, 0x2F, 0x64, 0x69, 0xEA,
    0xB8, 0x8D, 0x65, 0xA7, 0xB4, 0x23, 0x1F, 0xD9, 0xCC, 0x79, 0xCC, 0xC0, 0x9C, 0xD8, 0x93, 0x59,
    0x8C, 0x14, 0x13, 0xB4, 0x2F, 0x87, 0x27, 0x36, 0xA2, 0x4E, 0x75, 0x6C, 0xB3, 0x57, 0xF6, 0xA6,
    0xE1, 0x64, 0xBE, 0x71, 0x79, 0x06, 0xB0, 0x9F, 0x38, 0x86, 0xF4, 0xEE, 0x39, 0x66, 0x0E, 0xD1,
    0x1D, 0x32, 0x48, 0x35, 0xFA, 0x1D, 0x7A, 0x08, 0xC9, 0x70, 0x90, 0x74, 0x40, 0x54, 0x8F, 0x4A,
    0x06, 0xD3, 0xBB, 0x09, 0xE5, 0x12, 0xD3, 0x58, 0xF7, 0x2E, 0x5A, 0x77, 0x7C, 0x1E, 0x15, 0x6B,
    0x00, 0x8B, 0x61, 0x01, 0x3B, 0x94, 0x28, 0x2E, 0xB0, 0x05, 0xAC, 0x34, 0xA6, 0x7D, 0xB4, 0x4D,
    0x3E, 0xBB, 0xB2, 0xCE, 0xF4, 0xBA, 0xDD, 0xE9, 0xDC, 0xF4, 0x04, 0xDC, 0xFA, 0xEE, 0xAE, 0x69,
    0x23, 0xBE, 0xF1, 0x13, 0xD3, 0xAD, 0x29, 0x4C, 0xD6, 0xA8, 0xB7, 0xBB, 0xC4, 0x0D, 0x13, 0xA6,
    0xC1, 0xF4, 0xEB, 0x34, 0x09, 0x00, 0x14, 0xA8, 0x02, 0xDD, 0xA0, 0xC1, 0x58, 0x36, 0x21, 0xB1,
    0xCC, 0x03, 0xE3, 0x03, 0xC7, 0xED, 0xCA, 0xC4, 0x89, 0x35, 0x13, 0x67, 0x85, 0x90, 0xF7, 0x3A,
    0xFE, 0x17, 0xDF, 0xFA, 0xF5, 0x46, 0xF6, 0x2A, 0xB0, 0x38, 0xAB, 0x00, 0x67, 0xC4, 0x12, 0xB7,
    0x7A, 0xE2, 0xD4, 0xA2, 0x40, 0x15, 0x81, 0x33, 0xEE, 0x8C, 0x13, 0xB0, 0x62, 0xC9, 0x43, 0x2F,
    0xD6, 0xE1, 0x51, 0x4B, 0x17, 0xBA, 0x44, 0x2E, 0x70, 0xD2, 0x04, 0x4E, 0x5F, 0x1C, 0x27, 0x56,
    0x4A, 0xAA, 0xA4, 0x39, 0xAF, 0x9E, 0xB5, 0xA6, 0x9F, 0xAF, 0xA8, 0x0A, 0x3C, 0x9B, 0x10, 0xBB,
    0x03, 0x41, 0xDA, 0x40, 0x56, 0x29, 0xB1, 0x68, 0xA6, 0x4A, 0xCE, 0x73, 0x38, 0x1E, 0x82, 0xAC,
    0x45, 0x15, 0x98, 0x9E, 0x1C, 0xB6, 0xE6, 0xAC, 0xC3, 0x6C, 0xCE, 0x2E, 0xA4, 0x2E, 0xF4, 0x7A,
    0xB8, 0x4F, 0x9A, 0x15, 0x58, 0x4F, 0xAD, 0x21, 0x5A, 0xA8, 0x42, 0x28, 0xFD, 0xD9, 0xF8, 0x2A,
    0xA6, 0x59, 0x0F, 0xFB, 0x62, 0x77, 0xB9, 0xAF, 0x96, 0xA4, 0xD5, 0xD2, 0xDE, 0x6B, 0x5F, 0xB1,
    0x4B, 0x7C, 0xEC, 0x80, 0xE7, 0xB9, 0x14, 0xFB, 0xDC, 0xD7, 0x6E, 0xC0, 0xE1, 0x59, 0x60, 0x46,
    0x25, 0xF1, 0x00, 0x00, 0x8F, 0x03, 0x98, 0x0A, 0xD0, 0x0E, 0x88, 0x7E, 0x05, 0x00, 0x10, 0x39,
    0x20, 0xE9, 0x80, 0xAC, 0x07, 0xD4, 0x1E, 0x70, 0xB6, 0x04, 0x36, 0x0C, 0x30, 0xCF, 0x2B, 0xE8,
    0xB4, 0x05, 0x91, 0x86, 0x58, 0xC4, 0x91, 0x34, 0xA9, 0x23, 0xB3, 0x49, 0x47, 0xDE, 0x66, 0x23,
    0x65, 0x97, 0x4B, 0x01, 0x00, 0x6B, 0x10, 0xF7, 0xA0, 0x3C, 0x3C, 0x5C, 0x2C, 0x6F, 0x0E, 0x52,
    0x0F, 0xAA, 0x83, 0xB3, 0x3D, 0x6C, 0xEC, 0xC1, 0xBC, 0x84, 0x5D, 0x03, 0x2E, 0xAF, 0x26, 0x43,
    0x9B, 0x88, 0x34, 0xA9, 0xCD, 0x9C, 0xAA, 0x52, 0x97, 0xB7, 0xA7, 0x47, 0x71, 0x46, 0x00, 0x20,
    0x69, 0x01, 0xD5, 0x03, 0x17, 0x36, 0x81, 0xAD, 0x93, 0x00, 0x7C, 0x0D, 0x37, 0xAE, 0x7F, 0x01,
    0x18, 0x01, 0xCE, 0xED, 0x71, 0x38, 0xD8, 0x05, 0x92, 0x3E, 0xD0, 0x00, 0x64, 0xFB, 0x80, 0x32,
    0xC0, 0x85, 0x60, 0xBF, 0x1E, 0xEC, 0xE7, 0xAA, 0x01, 0x91, 0x96, 0x48, 0x42, 0x8F, 0x36, 0xF1,
    0x24, 0x4D, 0xDC, 0xA3, 0x7D, 0x2A, 0x85, 0xE9, 0x95, 0x54, 0xCC, 0x2F, 0x00, 0x43, 0x09, 0x2C,
    0x36, 0xEF, 0xDC, 0x42, 0xEA, 0x6F, 0x6D, 0x61, 0x00, 0xCE, 0xEF, 0x03, 0xEB, 0x06, 0xD8, 0x35,
    0x05, 0x78, 0x6D, 0x83, 0xB3, 0x25, 0x09, 0x3D, 0x52, 0x9B, 0x3A, 0x94, 0x4D, 0xFC, 0xC1, 0x16,
    0x6A, 0x9F, 0x0B, 0x64, 0x6D, 0x90, 0xED, 0x06, 0xD9, 0x7A, 0xA0, 0x35, 0x40, 0xB5, 0x77, 0xF6,
    0x50, 0x3D, 0xA0, 0xFB, 0x3B, 0x7B, 0xB8, 0xDC, 0x12, 0x7F, 0xAE, 0x47, 0x95, 0x78, 0x2E, 0x86,
    0x1E, 0xE2, 0x72, 0x21, 0xAC, 0x08, 0x44, 0x81, 0xE1, 0x0F, 0x5E, 0x41, 0x74, 0xDD, 0x9F, 0x84,
    0xE4, 0x23, 0x0F, 0x64, 0xEF, 0x04, 0x56, 0x4F, 0x49, 0x0F, 0x79, 0x22, 0x1D, 0x94, 0xE2, 0x01,
    0x11, 0x1F, 0x11, 0xB9, 0xC4, 0xA7, 0x45, 0x78, 0x30, 0xAA, 0xD0, 0x9D, 0x96, 0xF0, 0x54, 0x8C,
    0x08, 0x94, 0x5D, 0x2A, 0x83, 0x6E, 0x36, 0x4C, 0x71, 0xBE, 0xE4, 0xD4, 0x3E, 0x0C, 0x01, 0x8C,
    0x10, 0x16, 0x0B, 0xCC, 0xB5, 0x15, 0x25, 0x12, 0xD5, 0x1D, 0x79, 0x41, 0x6E, 0x49, 0x2D, 0x59,
    0xC1, 0x06, 0x14, 0x24, 0x2D, 0xC9, 0x00, 0x35, 0x44, 0x00, 0x22, 0x52, 0x8B, 0xA8, 0x46, 0xAB,
    0x46, 0xA9, 0x86, 0x00, 0xF1, 0x01, 0x07, 0xE3, 0x30, 0xA9, 0x4B, 0x99, 0x62, 0x84, 0x82, 0xB4,
    0x21, 0x6F, 0xD8, 0x2F, 0xE0, 0x5E, 0xDA, 0xEE, 0x6E, 0x5A, 0x01, 0xD8, 0x04, 0xB1, 0xF1, 0x47,
    0x6D, 0x5A, 0xB5, 0xF0, 0x05, 0xAD, 0xDD, 0x9D, 0xAD, 0xD3, 0xB7, 0x5B, 0xF5, 0xBE, 0xCB, 0xDE,
    0x39, 0x8A, 0xF0, 0xD8, 0x61, 0xE1, 0x8C, 0x6D, 0xCA, 0xEA, 0x74, 0x0B, 0x20, 0x43, 0xDD, 0xA9,
    0xE6, 0xCE, 0xEB, 0x62, 0x27, 0x03, 0x33, 0x16, 0x69, 0xAF, 0xDA, 0x63, 0x5F, 0x56, 0x07, 0x91,
    0x27, 0x1D, 0xD0, 0x9A, 0xF5, 0x14, 0x00, 0x30, 0x52, 0xE4, 0x23, 0x89, 0xFF, 0x22, 0x9C, 0x1E,
    0x43, 0xD9, 0xFC, 0xC2, 0x50, 0x1E, 0x7C, 0xC7, 0xF5, 0x58, 0xDE, 0xB5, 0x49, 0x3E, 0xD4, 0x63,
    0x2D, 0xD7, 0x10, 0x91, 0x4A, 0x5D, 0xA9, 0x5B, 0xD5, 0x64, 0x5E, 0x35, 0xC9, 0x54, 0x1B, 0xF7,
    0x22, 0x51, 0xC8, 0x3E, 0x8C, 0xA7, 0xB9, 0x69, 0x3E, 0x75, 0xD3, 0x6D, 0xD9, 0x52, 0x84, 0x5A,
    0x5A, 0x00, 0x40, 0xFF, 0x09, 0x30, 0x02, 0x9C, 0xD9, 0xE6, 0x50, 0x98, 0x2E, 0x91, 0x56, 0x0F,
    0xB1, 0x54, 0x89, 0x60, 0x48, 0xC4, 0x06, 0x6A, 0x27, 0xFA, 0xD4, 0x4F, 0x74, 0xBD, 0x9F, 0xC8,
    0x8D, 0x81, 0xCA, 0x72, 0xA2, 0x5C, 0x26, 0x52, 0x81, 0x12, 0x41, 0x0F, 0x91, 0x60, 0x46, 0x6A,
    0x80, 0x19, 0x00, 0x5C, 0x02, 0x46, 0xA0, 0xB4, 0xB0, 0x52, 0x01, 0xC0, 0xC5, 0x8E, 0x54, 0xA4,
    0xD0, 0x4D, 0x69, 0x0D, 0xCA, 0xED, 0x90, 0xBA, 0x81, 0xC4, 0x2F, 0x73, 0x24, 0x71, 0x35, 0xA9,
    0x2B, 0x0B, 0xD5, 0x98, 0xB6, 0xAC, 0x94, 0x8C, 0x44, 0x75, 0xCB, 0x2D, 0xC3, 0xC4, 0x83, 0x6E,
    0xE1, 0x31, 0xEE, 0xDF, 0x4F, 0x55, 0x60, 0x1C, 0xEC, 0xF6, 0x44, 0xED, 0x39, 0xE0, 0x3E, 0x3D,
    0x37, 0xBE, 0x03, 0x32, 0x87, 0x8F, 0x7B, 0xF8, 0xB1, 0xBB, 0x6F, 0xBF, 0xD8, 0x2D, 0x08, 0x15,
    0x71, 0xBB, 0x7B, 0xDF, 0x5E, 0xC0, 0x5A, 0xC6, 0x7E, 0x1E, 0x3E, 0xC3, 0xAC, 0x23, 0xF3, 0xE4,
    0x03, 0x3B, 0x79, 0x31, 0x4D, 0x2E, 0xE3, 0xF4, 0xF8, 0x50, 0x24, 0x32, 0xA4, 0x5E, 0x7B, 0x65,
    0xD3, 0x5E, 0x57, 0xBA, 0x37, 0xC5, 0xF6, 0x60, 0x9E, 0x74, 0x83, 0x79, 0xDA, 0x0E, 0xE6, 0x0D,
    0x7A, 0xD3, 0x45, 0xBD, 0x76, 0x89, 0x57, 0x9D, 0x6E, 0x8D, 0x48, 0xB5, 0x7A, 0xB1, 0xE3, 0x76,
    0x6C, 0x02, 0x18, 0x0B, 0x64, 0x8E, 0x43, 0x21, 0x7D, 0x2E, 0xD4, 0xFE, 0xF4, 0x40, 0xF8, 0x24,
    0xBF, 0x8C, 0xDA, 0x40, 0x2E, 0x75, 0xA4, 0xC3, 0xC5, 0x96, 0x58, 0xC4, 0xC2, 0xC5, 0x9B, 0x00,
    0xC7, 0x00, 0x16, 0xCB, 0x23, 0x43, 0xB5, 0x61, 0xEA, 0xFF, 0xDC, 0xE3, 0xD0, 0xC1, 0xD8, 0xDD,
    0x3A, 0x18, 0x4F, 0x7C, 0x0D, 0x9B, 0x59, 0x6C, 0x2E, 0x0F, 0xAD, 0xDD, 0x8D, 0xAF, 0xC1, 0x9E,
    0x19, 0xE0, 0x21, 0xF5, 0xA0, 0x9B, 0x5B, 0xCF, 0xA9, 0xEE, 0x4D, 0x5F, 0x76, 0xB9, 0x57, 0x2E,
    0x9C, 0x72, 0xBA, 0x88, 0xFB, 0x4D, 0x18, 0xE6, 0x50, 0x7A, 0xC8, 0x1D, 0xA8, 0xE6, 0x70, 0x2E,
    0xFF, 0xDB, 0x08, 0x40, 0xB7, 0xA0, 0x3E, 0x79, 0x0D, 0x25, 0x3D, 0xAA, 0x91, 0x29, 0x4D, 0x71,
    0x90, 0x25, 0xEA, 0x8A, 0x1C, 0xCC, 0xCB, 0xB4, 0xDE, 0x40, 0x7E, 0x20, 0x83, 0xDC, 0x13, 0xC9,
    0x48, 0xD2, 0xD5, 0x64, 0xAD, 0x41, 0x35, 0x21, 0x3B, 0xD4, 0x7B, 0xED, 0x94, 0x16, 0xF5, 0xBE,
    0x9F, 0x7E, 0x8E, 0xC1, 0xAF, 0x9A, 0xD6, 0xAC, 0xBA, 0xA2, 0x1A, 0x75, 0x55, 0x59, 0x73, 0x55,
    0xAA, 0xFA, 0x8F, 0x37, 0x01, 0x32, 0x50, 0x15, 0x59, 0x43, 0xE4, 0x60, 0x06, 0x90, 0x8D, 0x94,
    0x62, 0x07, 0xDD, 0x3C, 0xA2, 0x9A, 0x15, 0x69, 0x8C, 0x34, 0xFB, 0xAA, 0xE9, 0x55, 0x33, 0xE4,
    0x6D, 0x2D, 0x7D, 0xFE, 0x9E, 0x07, 0x78, 0x1C, 0xB6, 0xA1, 0x27, 0xA8, 0x8A, 0xA3, 0xA9, 0x2E,
    0x91, 0xF4, 0x64, 0x6F, 0xA0, 0x15, 0xC7, 0xA2, 0x23, 0x49, 0xD4, 0xF7, 0x31, 0x7F, 0x66, 0x43,
    0x38, 0xB7, 0x7D, 0x84, 0xFA, 0x97, 0x7C, 0xAE, 0x2A, 0xF3, 0x23, 0x7B, 0x36, 0x2B, 0xE0, 0x48,
    0xFE, 0x71, 0x47, 0xF6, 0x33, 0x94, 0x42, 0x9D, 0x25, 0xE9, 0x8E, 0x24, 0x49, 0x07, 0xDD, 0x1A,
    0x91, 0x7E, 0xCC, 0xDD, 0xB8, 0xD0, 0xB6, 0x24, 0xFF, 0x87, 0x64, 0x22, 0x9F, 0x94, 0x6F, 0x5A,
    0xA6, 0x3A, 0x06, 0xED, 0x1F, 0xA8, 0x45, 0xC6, 0xFC, 0x5A, 0xE9, 0x63, 0x29, 0xB4, 0x58, 0xF3,
    0x6C, 0xB3, 0x9F, 0xD9, 0x21, 0x3A, 0xF4, 0xC7, 0x41, 0xF3, 0xDC, 0x64, 0x9C, 0x4A, 0x41, 0x47,
    0xD4, 0xC3, 0x3A, 0xEC, 0x12, 0xB5, 0x00, 0x49, 0x38, 0xDF, 0x49, 0x5C, 0x98, 0x61, 0x06, 0x10,
    0x8F, 0xE8, 0x60, 0xD2, 0xEE, 0xA5, 0x4E, 0x24, 0x60, 0x84, 0x09, 0x75, 0x35, 0x99, 0xB4, 0xC1,
    0x04, 0x38, 0x03, 0x9B, 0x30, 0x87, 0x4B, 0xC0, 0xD1, 0x54, 0x97, 0x89, 0x06, 0x92, 0xAB, 0x64,
    0xCF, 0x14, 0x0F, 0x44, 0x47, 0x92, 0xA8, 0x57, 0x2B, 0x7D, 0xD5, 0x4E, 0xF5, 0x47, 0x6D, 0xC1,
    0x1A, 0xDB, 0xE4, 0x45, 0x5A, 0x01, 0x5C, 0x6C, 0xEA, 0xCF, 0x9F, 0xB3, 0xBE, 0xEE, 0x81, 0x36,
    0x76, 0x49, 0x93, 0x16, 0xF7, 0xAC, 0xE9, 0x56, 0xAC, 0x72, 0x17, 0xBA, 0xAD, 0xF5, 0xD9, 0xB1,
    0x7B, 0xB9, 0x2C, 0x16, 0xC3, 0xB0, 0xB5, 0x75, 0x2F, 0x87, 0xB2, 0xE7, 0x49, 0xE2, 0x7F, 0x16,
    0xF1, 0x40, 0x2C, 0x24, 0xDA, 0x92, 0x35, 0xE9, 0xA7, 0x2E, 0x17, 0x6F, 0x9E, 0xE9, 0xF6, 0x93,
    0x7E, 0x88, 0x3E, 0x83, 0xC4, 0x5D, 0xF9, 0xB2, 0x0B, 0xAF, 0x66, 0x04, 0xFF, 0x3C, 0xC9, 0x70,
    0x89, 0xE4, 0x03, 0x47, 0xF4, 0x4E, 0x03, 0xC1, 0xFC, 0x15, 0x8F, 0xC8, 0x80, 0xF2, 0x82, 0x6A,
    0xCA, 0xBB, 0x66, 0xEE, 0xEA, 0xAA, 0xBE, 0x21, 0x0D, 0x90, 0x54, 0xA4, 0x0D, 0xF1, 0xC1, 0xBB,
    0x04, 0x20, 0x7C, 0x10, 0xE2, 0xCC, 0x33, 0x7E, 0x3F, 0xBE, 0xDD, 0x75, 0x3C, 0xDC, 0x15, 0x38,
    0x01, 0x39, 0x6C, 0xC0, 0x65, 0x98, 0x1D, 0x4D, 0xB5, 0x05, 0x23, 0xC9, 0xD5, 0x22, 0x7D, 0xC9,
    0x46, 0xD1, 0x91, 0x24, 0xC9, 0xBB, 0x85, 0xBA, 0x6E, 0x55, 0x69, 0x1F, 0xD6, 0xC5, 0x51, 0xEA,
    0xD5, 0x2B, 0x56, 0xFF, 0xA5, 0xC9, 0x9E, 0xAE, 0x8E, 0xB8, 0x91, 0xD8, 0x91, 0x78, 0xA2, 0x16,
    0x11, 0x3B, 0x01, 0xC2, 0x38, 0xF1, 0x61, 0x9E, 0xFA, 0x5D, 0x52, 0x11, 0xD4, 0x95, 0x81, 0xBC,
    0x12, 0xCC, 0x53, 0x53, 0xFE, 0xB0, 0xC4, 0xF8, 0x92, 0xBC, 0xD9, 0x47, 0x5F, 0xE9, 0xC9, 0xC5,
    0xF3, 0x3D, 0xA9, 0xB8, 0x15, 0x97, 0x81, 0x1E, 0x30, 0x40, 0xC6, 0xAD, 0xC8, 0x3F, 0x14, 0xEA,
    0xF7, 0xEE, 0xFD, 0x36, 0xD4, 0x0D, 0x09, 0xBD, 0xDA, 0x68, 0xCC, 0x5B, 0x00, 0x62, 0x0B, 0x69,
    0x03, 0xAA, 0x82, 0x93, 0x5F, 0xD1, 0x27, 0x03, 0x72, 0x0B, 0x3B, 0x0E, 0xDC, 0x65, 0x28, 0x66,
    0xFF, 0xB3, 0x47, 0xEC, 0x3A, 0x92, 0x1B, 0x3D, 0x51, 0x7B, 0xF9, 0xAB, 0xEF, 0x25, 0x2B, 0x40,
    0x4F, 0xB9, 0x09, 0xAC, 0x71, 0x2B, 0xC4, 0x8B, 0x2D, 0xDB, 0xB2, 0xD0, 0x76, 0x13, 0xD5, 0xCC,
    0xC9, 0xDA, 0x8E, 0xC4, 0x79, 0xE2, 0xFF, 0x38, 0xA2, 0x4F, 0x1B, 0x10, 0x0B, 0x65, 0x05, 0x86,
    0x03, 0xED, 0x02, 0x7E, 0xE0, 0x41, 0x5A, 0xD8, 0x2F, 0x20, 0x6F, 0x40, 0xA6, 0xD4, 0x87, 0x8F,
    0xAA, 0x0F, 0x3C, 0x4A, 0x46, 0x94, 0x93, 0x70, 0x2F, 0xE1, 0x5C, 0x5A, 0xE6, 0xC1, 0xBD, 0x7D,
    0x38, 0xA2, 0xA4, 0x9B, 0xB2, 0x41, 0x1D, 0xD2, 0x99, 0x0E, 0xCA, 0x1E, 0xE2, 0x7F, 0x3B, 0x92,
    0x8F, 0x3D, 0xD1, 0x87, 0x2D, 0xCB, 0x28, 0xFB, 0xDA, 0xE5, 0x3E, 0x6F, 0x94, 0xCB, 0xAB, 0xD4,
    0x19, 0x12, 0xBF, 0x43, 0xD4, 0xF5, 0xD0, 0x77, 0xB0, 0xE3, 0xC1, 0x38, 0xC8, 0x83, 0x91, 0x05,
    0x55, 0x80, 0x81, 0x6F, 0xF6, 0x50, 0x86, 0xA5, 0x0A, 0xFE, 0x0B, 0xB5, 0x99, 0x3F, 0x8C, 0xDD,
    0x46, 0x7E, 0xC7, 0x3F, 0xE4, 0xAC, 0x44, 0x9C, 0x89, 0xF3, 0x6C, 0x21, 0x20, 0x17, 0x9C, 0x2D,
    0x5E, 0x91, 0xC2, 0x81, 0x75, 0x62, 0x8A, 0x2B, 0x14, 0x60, 0x77, 0x87, 0xB1, 0x81, 0xA8, 0x50,
    0x21, 0xF5, 0x29, 0xE2, 0xBE, 0xD9, 0x2B, 0x14, 0xE0, 0x8A, 0x95, 0x48, 0xE0, 0x0A, 0x17, 0x6E,
    0xDC, 0x37, 0x4E, 0x80, 0xF4, 0x11, 0x02, 0x15, 0x06, 0xB2, 0x5A, 0x0E, 0xE0, 0xC2, 0xC5, 0x15,
    0x19, 0x59, 0x48, 0x54, 0xA4, 0x10, 0x8D, 0x73, 0x80, 0x34, 0x89, 0xE7, 0x7C, 0x23, 0x87, 0x82,
    0x48, 0xFE, 0xC2, 0x21, 0x76, 0x17, 0x6F, 0x57, 0xBB, 0xD1, 0x5B, 0x9D, 0x8F, 0xEF, 0xF7, 0xFB,
    0x3E, 0xEE, 0xF0, 0xBD, 0xEF, 0x9F, 0xD9, 0x79, 0xCB, 0x47, 0x2E, 0x00, 0x18, 0x39, 0x82, 0x95,
    0xED, 0x73, 0x40, 0x0D, 0x11, 0x46, 0x20, 0x3F, 0x00, 0xB4, 0x01, 0xAE, 0x97, 0x0D, 0x6C, 0x15,
    0x16, 0xF6, 0xB4, 0x03, 0x91, 0x8E, 0x44, 0xC4, 0xA3, 0x3A, 0xD5, 0x93, 0xB9, 0x74, 0xA0, 0x08,
    0x99, 0x54, 0x66, 0xD0, 0xD2, 0x00, 0xA5, 0x34, 0x46, 0x2A, 0x00, 0xC8, 0x27, 0x6A, 0xB1, 0x63,
    0xE1, 0xAE, 0x68, 0x77, 0x59, 0x9C, 0x11, 0x77, 0xA0, 0xDD, 0xA0, 0xDD, 0x58, 0x76, 0xAD, 0x0C,
    0xE5, 0x93, 0xC0, 0x46, 0x02, 0x6C, 0xE7, 0x40, 0x39, 0x01, 0x79, 0xBF, 0xAE, 0xA7, 0xEA, 0x3C,
    0x4F, 0xE1, 0xB4, 0xA7, 0x59, 0x62, 0x16, 0x28, 0x27, 0xF2, 0xB0, 0x86, 0xA7, 0x5F, 0x07, 0x52,
    0x0F, 0x64, 0x01, 0xD0, 0x03, 0x50, 0x0C, 0x47, 0xEE, 0xB6, 0x5B, 0x60, 0xBF, 0xAE, 0xA0, 0x37,
    0x96, 0x34, 0x94, 0x16, 0x15, 0xA5, 0xB3, 0x28, 0xAD, 0x6D, 0x16, 0x28, 0x6D, 0x36, 0xD1, 0xFA,
    0x65, 0x02, 0xD2, 0x0E, 0xC8, 0x2D, 0xA0, 0xED, 0x11, 0x57, 0x9C, 0xB1, 0x09, 0x23, 0x76, 0x2A,
    0xDC, 0xBE, 0x76, 0x1C, 0x59, 0x18, 0x67, 0xFD, 0x62, 0xD1, 0xFF, 0x38, 0x90, 0x59, 0x74, 0xB5,
    0xD4, 0x7F, 0x91, 0xF6, 0x00, 0x74, 0x64, 0x1E, 0xE3, 0xF8, 0x73, 0x00, 0xEA, 0x3E, 0x93, 0x39,
    0xC0, 0x3D, 0xC3, 0xF6, 0x7D, 0xDE, 0x7B, 0x04, 0xE3, 0x52, 0x13, 0x08, 0xD4, 0x15, 0xE6, 0x9B,
    0xCB, 0x5A, 0x24, 0x69, 0x7B, 0x80, 0x77, 0x60, 0x1B, 0xF6, 0xC1, 0x03, 0x00, 0xA9, 0x54, 0x85,
    0x58, 0x73, 0xDB, 0x1D, 0xE4, 0x76, 0x4C, 0x56, 0xDE, 0xE8, 0xEE, 0xCC, 0x4E, 0x32, 0xA9, 0x00,
    0x74, 0x83, 0xF1, 0xF4, 0x7D, 0xEA, 0x6E, 0xC0, 0xAA, 0xE8, 0xB6, 0xA9, 0x7E, 0x5E, 0xF3, 0x93,
    0x03, 0xCE, 0x17, 0x7D, 0x48, 0x32, 0xA0, 0x9E, 0xA1, 0x6F, 0x55, 0x97, 0x92, 0xF5, 0x14, 0x75,
    0x43, 0x61, 0x23, 0xC2, 0x85, 0xE5, 0xF6, 0x61, 0x80, 0xCF, 0x4F, 0xA6, 0xBB, 0xE5, 0x0E, 0xD4,
    0xD9, 0x5A, 0x69, 0x73, 0x57, 0x75, 0x9E, 0x97, 0x8E, 0xBA, 0xA1, 0x38, 0xA5, 0x75, 0xED, 0x3E,
    0xFC, 0x3F, 0x5A, 0x6F, 0x67, 0x95, 0xFE, 0x5B, 0xB2, 0x81, 0x24, 0xAC, 0x3B, 0x99, 0xAA, 0x7A,
    0x80, 0xFA, 0xAA, 0x23, 0x79, 0x69, 0xA1, 0x06, 0xFE, 0x14, 0x00, 0x5A, 0xF9, 0x06, 0x11, 0x41,
    0x3F, 0x6E, 0xAD, 0x76, 0x45, 0xA7, 0x5D, 0xEE, 0xB5, 0x53, 0x61, 0xA5, 0xE7, 0x9F, 0xB3, 0xB9,
    0xE3, 0xA3, 0x6E, 0x6A, 0x19, 0x11, 0xF9, 0x14, 0x00, 0xF2, 0xF0, 0xF7, 0x98, 0xE0, 0xC9, 0x42,
    0x87, 0x0A, 0x6E, 0x6E, 0x9B, 0x4A, 0xA0, 0x98, 0xDB, 0x7C, 0x18, 0x38, 0x50, 0x81, 0x71, 0xA5,
    0xA7, 0xB9, 0xDB, 0x5B, 0x01, 0x23, 0x53, 0xA5, 0x9F, 0x4B, 0x75, 0xA8, 0xDD, 0xCC, 0xDA, 0x51,
    0x37, 0x6A, 0xF5, 0xDA, 0xA5, 0x83, 0x48, 0xB2, 0x74, 0xDC, 0x5F, 0x3C, 0x2C, 0xFA, 0xBB, 0xB6,
    0x16, 0xA1, 0x95, 0x0E, 0xDE, 0x0A, 0x98, 0x80, 0x0A, 0x88, 0xCC, 0x78, 0x59, 0xC2, 0xAC, 0x38,
    0x0B, 0xCE, 0x7A, 0xE3, 0x51, 0xCD, 0x5A, 0xB3, 0xD4, 0xAC, 0x94, 0x3F, 0x9F, 0x00, 0x25, 0x6E,
    0x2E, 0x00, 0xA2, 0x64, 0x2B, 0x32, 0x87, 0xD5, 0x4E, 0x6B, 0x47, 0x2C, 0x09, 0x5A, 0xFC, 0xB2,
    0xBF, 0xB1, 0x0C, 0x16, 0xB5, 0xCC, 0xDB, 0x04, 0x68, 0x69, 0xE6, 0x02, 0x80, 0x74, 0x62, 0x99,
    0xE4, 0xEE, 0x51, 0xE6, 0x45, 0x62, 0x4D, 0x30, 0x57, 0xDB, 0xCC, 0x93, 0xDC, 0x65, 0x52, 0x51,
    0x6D, 0x2A, 0xF7, 0x20, 0x95, 0x6E, 0x1E, 0x3A, 0xA9, 0xA5, 0x57, 0xB4, 0xFA, 0x28, 0xE7, 0x58,
    0x2A, 0x3F, 0xD2, 0x92, 0x4B, 0x54, 0xFA, 0x03, 0x9B, 0x4B, 0x93, 0x8E, 0xEB, 0x68, 0x35, 0xEC,
    0x40, 0x4D, 0xC4, 0xF3, 0x43, 0xAD, 0x08, 0xAD, 0x84, 0xEA, 0x49, 0x06, 0xE8, 0x59, 0x33, 0xD4,
    0x49, 0xE6, 0x8D, 0xF3, 0x99, 0x85, 0xB4, 0x23, 0xB3, 0x71, 0x34, 0x1F, 0x49, 0xFB, 0x63, 0xE6,
    0x83, 0xDC, 0x8F, 0x47, 0xE4, 0x23, 0xB4, 0x55, 0x64, 0xCE, 0xC5, 0x72, 0x15, 0xB6, 0x96, 0x08,
    0xA6, 0x43, 0xBB, 0x0C, 0x9F, 0x7F, 0xE1, 0x94, 0x34, 0x4C, 0x70, 0xE5, 0x62, 0xA1, 0xDE, 0xCA,
    0x2A, 0xFD, 0x19, 0x6A, 0x80, 0xB0, 0x9A, 0xCB, 0x99, 0xDB, 0xFE, 0x38, 0xD7, 0x78, 0x32, 0x17,
    0x00, 0xB9, 0x85, 0x22, 0xC0, 0xDE, 0x1E, 0xF8, 0x77, 0x38, 0xDE, 0x76, 0xA7, 0x4A, 0x89, 0x58,
    0xFD, 0x8D, 0xB6, 0xA6, 0xCA, 0x6D, 0xCD, 0x65, 0x0E, 0x80, 0x31, 0x76, 0x22, 0x6E, 0x9A, 0x5B,
    0x88, 0x9F, 0x07, 0xED, 0xCC, 0x8B, 0x5D, 0xA7, 0x45, 0x5C, 0xD2, 0xBE, 0x80, 0x4D, 0x18, 0x48,
    0x04, 0xF5, 0x9B, 0x26, 0x57, 0xCD, 0x62, 0xA3, 0x2D, 0x44, 0xCC, 0x27, 0xFF, 0x59, 0x2B, 0x5F,
    0xAB, 0x60, 0x3E, 0xF1, 0x85, 0x74, 0x85, 0x54, 0x06, 0x8C, 0x84, 0x52, 0x86, 0x03, 0xC6, 0x91,
    0x41, 0x6E, 0x0E, 0xB5, 0xF8, 0x9F, 0x4E, 0x15, 0x77, 0x36, 0x20, 0x6C, 0x41, 0xDB, 0x43, 0xE9,
    0xCE, 0x73, 0xD4, 0xAC, 0xEB, 0x28, 0x2E, 0xAB, 0x0F, 0x57, 0x96, 0xD5, 0xA1, 0x9D, 0xE7, 0xB3,
    0x97, 0xB5, 0xEC, 0xE4, 0x16, 0xB4, 0x63, 0x79, 0x86, 0xF5, 0x26, 0x88, 0xD9, 0x0E, 0x67, 0xDB,
    0x59, 0x5D, 0x7C, 0xEB, 0xCC, 0xCE, 0xA3, 0x53, 0x76, 0xDE, 0x54, 0x16, 0x20, 0x73, 0xA0, 0x3C,
    0x28, 0x07, 0xBA, 0x82, 0xF7, 0xE0, 0x2E, 0xF8, 0xA5, 0x02, 0x3C, 0xE4, 0x4D, 0x7E, 0x5D, 0x00,
    0xA8, 0x0E, 0xC8, 0x7B, 0xE0, 0xFA, 0x0E, 0x70, 0xE3, 0xC7, 0xAC, 0x6C, 0x32, 0x94, 0x52, 0xB5,
    0xA1, 0x98, 0xD0, 0x4E, 0x85, 0x57, 0x40, 0xE4, 0x08, 0xCE, 0x38, 0xBA, 0xDB, 0xE7, 0x13, 0x0B,
    0x01, 0x77, 0x40, 0xF5, 0xA0, 0x0F, 0xE0, 0xBA, 0x86, 0x2B, 0x09, 0xE4, 0x01, 0x4C, 0x80, 0x2C,
    0x80, 0x3A, 0xEA, 0xEF, 0x27, 0x94, 0x48, 0xA5, 0x46, 0x63, 0x55, 0x28, 0xCE, 0xEC, 0x7C, 0x28,
    0xBB, 0x62, 0xAC, 0x43, 0x3B, 0x16, 0xD2, 0xEC, 0x86, 0x3C, 0x3A, 0x4B, 0x06, 0x64, 0xDE, 0xEC,
    0xB2, 0xB7, 0x80, 0x16, 0x39, 0x02, 0x97, 0x9C, 0x86, 0xE8, 0x4C, 0x9A, 0x48, 0x60, 0x7F, 0xEA,
    0xC1, 0x78, 0xC8, 0xE2, 0xB3, 0xD8, 0xE5, 0x39, 0xFB, 0x6E, 0x24, 0x13, 0xA9, 0xB2, 0xDE, 0xD8,
    0xCC, 0x17, 0x67, 0x76, 0xD1, 0x1B, 0x5F, 0x0E, 0x26, 0x40, 0xFD, 0x9E, 0x0C, 0xFF, 0x1C, 0x00,
    0x64, 0x68, 0x83, 0x76, 0xAF, 0x3E, 0x76, 0x7B, 0x19, 0xB6, 0x7F, 0x22, 0xD7, 0xFE, 0x77, 0xF8,
    0x87, 0x00, 0xBB, 0xAE, 0x3D, 0x75, 0xBC, 0x0C, 0xED, 0x00, 0xED, 0x28, 0x03, 0x80, 0x8C, 0x6D,
    0x7F, 0x0E, 0xCB, 0x28, 0x83, 0x0C, 0x70, 0x0E, 0x47, 0xBF, 0xB9, 0x11, 0xAE, 0xB5, 0x7D, 0xD9,
    0xBD, 0xCE, 0xCB, 0xE1, 0xEB, 0xDC, 0x79, 0x5E, 0xEA, 0xB1, 0x3E, 0xD3, 0x41, 0xD9, 0xD7, 0x63,
    0xDE, 0x94, 0x18, 0x4C, 0xA7, 0x6D, 0x6E, 0xB5, 0xCB, 0xED, 0x79, 0x6E, 0xEA, 0x9E, 0x07, 0xA9,
    0x4B, 0xBB, 0x74, 0xA0, 0x3F, 0x7C, 0xE5, 0x6B, 0xB2, 0x9D, 0xED, 0x45, 0xC6, 0x5A, 0x98, 0xCD,
    0x8E, 0xC4, 0xF3, 0xE8, 0xC5, 0x60, 0xB7, 0x9F, 0x41, 0xC6, 0x19, 0x20, 0xEF, 0x00, 0xED, 0x80,
    0xDA, 0x42, 0x2A, 0x40, 0xD2, 0xC3, 0x6C, 0xAD, 0xD1, 0xAE, 0xB0, 0xF1, 0x19, 0xE0, 0x30, 0x8E,
    0x6D, 0x9D, 0xD8, 0x38, 0x7E, 0x5E, 0x97, 0x7D, 0x61, 0xEB, 0xA1, 0xB0, 0x10, 0xDB, 0x54, 0xD0,
    0x42, 0x36, 0x82, 0xEA, 0x00, 0xB8, 0x47, 0x22, 0x95, 0xFA, 0xD2, 0xE6, 0x89, 0x05, 0xB4, 0xB8,
    0x5C, 0x1A, 0x46, 0x5E, 0x53, 0x03, 0xC9, 0x40, 0x3A, 0x90, 0x07, 0x6A, 0x47, 0x59, 0xC1, 0x06,
    0x3C, 0x22, 0x11, 0x66, 0xAA, 0xEC, 0x03, 0x0B, 0x5C, 0x1E, 0xC9, 0xD7, 0x20, 0xC9, 0x02, 0xA6,
    0x8B, 0x0C, 0x32, 0x98, 0xA1, 0x0D, 0x45, 0xA7, 0x9D, 0xA9, 0xB4, 0x1B, 0xD1, 0x4F, 0x3C, 0xFA,
    0x99, 0x45, 0x4B, 0x15, 0x6D, 0xA1, 0xFF, 0xC3, 0xCF, 0x63, 0x03, 0xDA, 0xC9, 0x7C, 0xDC, 0xB8,
    0xDD, 0x5E, 0x0F, 0x32, 0xA4, 0xE1, 0x95, 0xBF, 0x39, 0x79, 0x43, 0xE9, 0x40, 0x1C, 0xE8, 0xD5,
    0x7E, 0x2A, 0x95, 0x7E, 0x3C, 0x45, 0xDE, 0x99, 0x2B, 0xF2, 0x36, 0x33, 0xBF, 0x9B, 0xC7, 0x23,
    0x6F, 0x8F, 0x76, 0x13, 0xA5, 0xAF, 0x9B, 0x3A, 0x14, 0x0D, 0x00, 0x45, 0x05, 0xDA, 0x82, 0x6E,
    0xE0, 0x2A, 0xEC, 0x3E, 0x91, 0xAA, 0xFD, 0x6A, 0x42, 0x3F, 0x0E, 0xE8, 0xA7, 0x1D, 0xFA, 0xDB,
    0x06, 0x2D, 0xF6, 0xD0, 0x57, 0x4F, 0xE4, 0x2E, 0x43, 0xDB, 0xD4, 0x7D, 0xD1, 0xB0, 0x09, 0xFB,
    0x64, 0x03, 0xBA, 0x63, 0x03, 0x00, 0x19, 0x69, 0xA3, 0xC6, 0x99, 0xF5, 0xD6, 0x72, 0x8A, 0x2D,
    0x8F, 0xBF, 0x0C, 0xDD, 0xCD, 0x42, 0xD9, 0x5D, 0x01, 0x4A, 0x27, 0xAF, 0xAE, 0xC1, 0xD5, 0x35,
    0x37, 0x5D, 0x80, 0x95, 0x7B, 0x60, 0x60, 0x1B, 0x02, 0xEF, 0x5B, 0xB1, 0xFA, 0x9C, 0x47, 0xD9,
    0xB5, 0x3D, 0xE4, 0x4D, 0x66, 0xB3, 0xE6, 0x6D, 0xE0, 0xCF, 0x60, 0x4F, 0x86, 0x5F, 0xB5, 0xE1,
    0xAE, 0x76, 0xBF, 0x5C, 0x47, 0xA8, 0x7C, 0xD2, 0xC8, 0x53, 0xAB, 0x9F, 0x36, 0xFA, 0x29, 0xFA,
    0xDF, 0xD1, 0xEE, 0xDC, 0x2A, 0x43, 0xF4, 0x2F, 0x23, 0xBB, 0xE1, 0x78, 0x70, 0x47, 0xBB, 0x7A,
    0x41, 0x96, 0xD2, 0xAB, 0xE4, 0xEF, 0x3B, 0xC4, 0x51, 0x9C, 0xE6, 0xE9, 0xF5, 0xE3, 0x21, 0xE2,
    0x29, 0xE6, 0x01, 0x23, 0x50, 0x8E, 0xA0, 0xC2, 0x51, 0x7F, 0x8A, 0x12, 0x87, 0x1A, 0xA1, 0x0C,
    0xF0, 0x2F, 0xCB, 0x58, 0xDA, 0xA8, 0xA0, 0xAC, 0x0A, 0xB9, 0x2D, 0x44, 0xAC, 0x11, 0x69, 0xF2,
    0xC3, 0x2F, 0xBE, 0x47, 0xF5, 0x3D, 0x4A, 0x50, 0xCB, 0x62, 0x2D, 0x03, 0x7F, 0xB2, 0x72, 0x28,
    0x1F, 0x29, 0x05, 0x48, 0x00, 0x4A, 0x00, 0x01, 0x54, 0x7F, 0x34, 0x04, 0x60, 0x06, 0x25, 0x5D,
    0x31, 0x26, 0xD2, 0x28, 0xC1, 0xA0, 0xC4, 0x46, 0xE8, 0x66, 0x78, 0x19, 0x66, 0xF8, 0xFD, 0x30,
    0x83, 0x9F, 0x22, 0xD4, 0xF5, 0x0C, 0xA5, 0xCC, 0xA0, 0x23, 0x28, 0x21, 0xBE, 0x0D, 0x33, 0xD1,
    0x02, 0x6C, 0x02, 0x40, 0x6A, 0x0F, 0x17, 0xBA, 0x05, 0x0D, 0x6C, 0x00, 0xC0, 0xEE, 0x6F, 0x02,
    0x22, 0x23, 0x3A, 0x2C, 0xA7, 0xE6, 0x33, 0xBB, 0xF4, 0x6D, 0xD3, 0x3E, 0x17, 0x67, 0xFA, 0xC5,
    0x52, 0xFA, 0x46, 0x96, 0xFA, 0x68, 0x69, 0x3C, 0xB6, 0x94, 0x04, 0x80, 0x01, 0x60, 0x89, 0xDD,
    0xAD, 0x5A, 0x69, 0xD1, 0xCE, 0x9C, 0xD9, 0x8B, 0x15, 0x2F, 0xEE, 0x95, 0xCF, 0xDA, 0x75, 0xE0,
    0x5A, 0x56, 0xC1, 0xF5, 0xE2, 0xF8, 0x3A, 0x3A, 0x00, 0xDC, 0xF9, 0x23, 0xCC, 0xA7, 0x7B, 0x00,
    0xBF, 0xEB, 0xA0, 0xB5, 0x50, 0x56, 0x70, 0xE9, 0xE2, 0x73, 0x19, 0xBD, 0x53, 0x58, 0x16, 0xF7,
    0x50, 0xBC, 0xF5, 0xDD, 0xC4, 0x76, 0x5C, 0x49, 0xA8, 0xB1, 0x9C, 0x21, 0x68, 0x77, 0x3E, 0xE4,
    0x43, 0x11, 0xD0, 0xA3, 0x19, 0x5E, 0x09, 0xD5, 0x44, 0x70, 0x31, 0x94, 0x8F, 0xA1, 0xFA, 0x98,
    0x67, 0x5C, 0x42, 0x45, 0x30, 0xED, 0x51, 0xA8, 0x2C, 0x86, 0x4A, 0x97, 0x50, 0x13, 0xC0, 0x23,
    0x60, 0x7B, 0x00, 0xEA, 0x00, 0x94, 0x2E, 0x66, 0x11, 0x19, 0x75, 0x90, 0xD9, 0xF4, 0xA9, 0x2A,
    0x7D, 0xDD, 0x86, 0x1A, 0x6A, 0x98, 0x48, 0x07, 0xA2, 0x97, 0x06, 0xE9, 0x49, 0xE6, 0x3E, 0xB1,
    0xED, 0xF6, 0x64, 0x22, 0x55, 0xE1, 0x6A, 0x6B, 0xD0, 0xFE, 0x3E, 0x99, 0x1F, 0x51, 0xE1, 0xA8,
    0x27, 0x94, 0x6F, 0xC9, 0x7C, 0x5D, 0x69, 0x67, 0xBA, 0xBA, 0xD1, 0x32, 0x91, 0xB4, 0x1D, 0x80,
    0x16, 0x3B, 0xD7, 0xCA, 0xE5, 0xB3, 0x37, 0xB7, 0xC2, 0x41, 0x3A, 0x8C, 0xC9, 0x61, 0x4D, 0x69,
    0x5F, 0x7F, 0xEC, 0x8D, 0xB8, 0x6C, 0xE2, 0x9C, 0xAF, 0xE5, 0x6F, 0xAC, 0x9F, 0xAC, 0x5C, 0xED,
    0xAD, 0xA5, 0x9F, 0x24, 0xA0, 0x6F, 0x5A, 0xCC, 0x6D, 0xCB, 0xFE, 0x0E, 0xB8, 0x5F, 0xFC, 0xA1,
    0xF9, 0xF9, 0x9D, 0xE3, 0xBB, 0x2E, 0xFD, 0xAD, 0x55, 0x5F, 0x56, 0x49, 0xBA, 0x9E, 0x8B, 0x5D,
    0x91, 0x21, 0x93, 0x19, 0x8A, 0x50, 0xD8, 0x2D, 0xD3, 0x14, 0xF6, 0x5A, 0x4D, 0x61, 0x99, 0x22,
    0x8C, 0x14, 0xE2, 0x23, 0x74, 0xCB, 0x8F, 0xED, 0x0C, 0x1B, 0xF5, 0xFC, 0x92, 0x77, 0xCB, 0x50,
    0xFC, 0xDB, 0xBD, 0xF8, 0xB6, 0x31, 0x12, 0x8C, 0xA9, 0xFC, 0x75, 0x7C, 0xD5, 0xB7, 0xD2, 0x98,
    0x5B, 0x53, 0x69, 0x67, 0x31, 0xED, 0xC6, 0x44, 0x64, 0x01, 0x3B, 0x4B, 0xC2, 0x94, 0x8E, 0x50,
    0xDF, 0x94, 0xAA, 0x32, 0x22, 0x62, 0xB3, 0x29, 0x8A, 0x03, 0x64, 0x16, 0x4A, 0x0B, 0xD3, 0xF1,
    0xC7, 0x8E, 0x56, 0xBA, 0xB9, 0x07, 0xF4, 0xE3, 0xA3, 0x8F, 0x44, 0x3B, 0xEF, 0x8F, 0x68, 0x09,
    0x87, 0xE7, 0x41, 0x87, 0x7E, 0x12, 0xE6, 0xB1, 0x21, 0x1E, 0xAF, 0xEA, 0xA1, 0xEC, 0xE6, 0x14,
    0x1E, 0xE0, 0x6D, 0x28, 0x61, 0x1B, 0x1E, 0xC2, 0x26, 0xC0, 0xFB, 0x1F, 0x3B, 0x79, 0xE6, 0x0A,
    0xB1, 0xBA, 0x7B, 0xE5, 0x9C, 0xD0, 0xD3, 0x8E, 0xAF, 0x57, 0x7B, 0xB6, 0xAA, 0xD6, 0x56, 0x75,
    0x3F, 0xAB, 0xF5, 0x99, 0x3F, 0xEB, 0xCC, 0xFD, 0xFE, 0x2D, 0x27, 0xFF, 0xB4, 0x88, 0x39, 0xB4,
    0x5D, 0xAD, 0x45, 0x6C, 0x00, 0xC8, 0x1B, 0x32, 0x4B, 0xD6, 0x44, 0xAB, 0x79, 0xE2, 0xC8, 0xBF,
    0xB4, 0x28, 0x01, 0xF6, 0x01, 0xFE, 0xB0, 0x19, 0x78, 0x4B, 0x35, 0xFA, 0x76, 0xA5, 0xFE, 0x87,
    0x64, 0x80, 0x8F, 0xD6, 0x8A, 0x0F, 0xA0, 0x1A, 0x0A, 0x8B, 0x54, 0xFC, 0x23, 0x40, 0x22, 0xDD,
    0xAC, 0x53, 0x3E, 0x0E, 0xA6, 0x0A, 0xA6, 0xB9, 0x53, 0x46, 0xC9, 0x26, 0x15, 0x4F, 0xD1, 0x6F,
    0xA5, 0xC3, 0x5E, 0x32, 0xD4, 0x37, 0xFB, 0x5A, 0xBA, 0xC3, 0x6B, 0xA5, 0xBF, 0x80, 0x87, 0xE0,
    0x49, 0x2D, 0x54, 0x00, 0xF9, 0x0B, 0x6A, 0x61, 0x2A, 0x98, 0xDE, 0xA6, 0xED, 0x28, 0x27, 0x12,
    0x69, 0x7C, 0x69, 0xFB, 0xD2, 0x8A, 0x54, 0xBB, 0x3D, 0x00, 0x3B, 0x20, 0x8D, 0x7A, 0xE2, 0xB2,
    0xCA, 0xC1, 0xC5, 0x44, 0xD3, 0x8E, 0x2C, 0xA0, 0xF7, 0xD8, 0xBE, 0xCA, 0x95, 0x8D, 0xB5, 0x14,
    0x17, 0xF2, 0xBE, 0x74, 0xBD, 0xA9, 0x1E, 0xBE, 0x26, 0xD1, 0x3D, 0x68, 0xA1, 0x80, 0x9F, 0xC3,
    0xC3, 0xD7, 0x33, 0xAB, 0x0E, 0xE5, 0xC1, 0x13, 0x5D, 0x35, 0x64, 0x49, 0x97, 0xFF, 0xDA, 0xA9,
    0x6F, 0xAB, 0x64, 0x82, 0xBD, 0x53, 0xB9, 0xBC, 0x69, 0x38, 0x25, 0x7D, 0x6F, 0x45, 0xFA, 0xC6,
    0x3B, 0xEC, 0xDC, 0x40, 0x7B, 0x94, 0x03, 0xD6, 0xCA, 0x25, 0x22, 0x36, 0x76, 0x6F, 0x3E, 0xB4,
    0x7E, 0xEE, 0x8F, 0xCC, 0x07, 0x15, 0xA6, 0xE2, 0x9C, 0x8E, 0x66, 0x50, 0x12, 0x00, 0xA0, 0x8C,
    0x63, 0x16, 0x32, 0x0B, 0x05, 0x70, 0x85, 0xA8, 0x9C, 0x3B, 0xB4, 0xA3, 0x8E, 0xBC, 0x8D, 0x76,
    0x9C, 0xAE, 0xE7, 0x4D, 0x2E, 0x36, 0x9D, 0xA0, 0x87, 0x01, 0xB6, 0xE0, 0x06, 0x74, 0xA4, 0xCD,
    0x43, 0xD4, 0xD7, 0xFE, 0xF0, 0x5E, 0x64, 0x05, 0x3F, 0x02, 0xE0, 0xCD, 0x0D, 0xAA, 0xC3, 0x0F,
    0x89, 0x7A, 0x5A, 0xE5, 0x4F, 0xD7, 0x72, 0x54, 0x8B, 0xF8, 0x76, 0xEE, 0x5F, 0x99, 0xBF, 0xF2,
    0x77, 0x4D, 0xE5, 0x37, 0x4D, 0xB5, 0x48, 0x29, 0x19, 0x62, 0xBF, 0x2A, 0xD5, 0x7E, 0xB3, 0x8C,
    0x27, 0x1E, 0xB5, 0x54, 0xB9, 0xDC, 0x2F, 0xCF, 0x3C, 0x4B, 0x61, 0xC4, 0x1E, 0xEE, 0xBF, 0xF8,
    0x54, 0x89, 0x4B, 0xA4, 0xA2, 0xF8, 0x31, 0x60, 0x3E, 0x03, 0xFE, 0x52, 0x80, 0x9F, 0xED, 0x9F,
    0xBE, 0x29, 0x40, 0x1B, 0x7E, 0x3A, 0x2E, 0xD7, 0xF9, 0xAF, 0x83, 0x2E, 0x82, 0x8F, 0xEC, 0xE3,
    0x6E, 0x47, 0x2A, 0x62, 0x61, 0xF7, 0x05, 0x10, 0x7E, 0x86, 0x1A, 0x1F, 0xA0, 0x9E, 0x79, 0x92,
    0x2F, 0x1C, 0x00, 0xE5, 0xD7, 0x42, 0xFB, 0xE4, 0xFC, 0x6F, 0x07, 0xFA, 0xB9, 0x90, 0x89, 0x74,
    0xC9, 0x64, 0x3A, 0xCC, 0x08, 0x98, 0x01, 0x80, 0x1F, 0xDE, 0x5E, 0x22, 0x61, 0x69, 0xE0, 0x82,
    0xD6, 0xCA, 0x8E, 0x2B, 0x97, 0x80, 0xED, 0xE2, 0xF8, 0x3F, 0x32, 0xE1, 0x87, 0xF7, 0x47, 0xB5,
    0x89, 0x72, 0x0F, 0x48, 0xA5, 0x83, 0xB6, 0xBA, 0xF8, 0xF4, 0x65, 0x1D, 0xF0, 0xEE, 0x1E, 0x70,
    0x6D, 0x2B, 0xEE, 0xDD, 0x00, 0x72, 0xFF, 0x47, 0x30, 0x5A, 0x36, 0xF0, 0x77, 0x1D, 0x78, 0x0F,
    0x0F, 0x3B, 0x30, 0xCD, 0xC5, 0x27, 0x14, 0x80, 0xC4, 0x76, 0x90, 0x7D, 0x11, 0x40, 0x7F, 0xD2,
    0xC5, 0xF9, 0xAD, 0x60, 0x73, 0xE3, 0x87, 0x35, 0xBB, 0x01, 0x5C, 0xDD, 0x82, 0x9D, 0x3D, 0xD8,
    0x0A, 0x70, 0xB7, 0x83, 0x4D, 0x2E, 0x6C, 0x58, 0x86, 0x22, 0xBA, 0xC9, 0xD7, 0x73, 0xE3, 0x56,
    0xDC, 0xF8, 0x23, 0x37, 0x02, 0xD0, 0x03, 0xA9, 0x07, 0x54, 0x88, 0x20, 0x00, 0xE3, 0x62, 0x85,
    0xFA, 0xAB, 0x35, 0x7F, 0xD1, 0x68, 0xE0, 0x3A, 0x60, 0x62, 0x7B, 0xD0, 0x0E, 0x00, 0x40, 0x37,
    0x1C, 0x8E, 0xC1, 0xE7, 0x3D, 0x90, 0x74, 0x37, 0x38, 0xB1, 0xB5, 0xA3, 0xB6, 0x75, 0xA8, 0x7B,
    0xED, 0xCA, 0x4E, 0x77, 0x45, 0xA7, 0xAD, 0xF6, 0xA5, 0x2F, 0xAA, 0xCC, 0x1B, 0x5F, 0xA2, 0x82,
    0xE9, 0x0D, 0xAA, 0xBF, 0x37, 0x6C, 0x93, 0x0C, 0x9F, 0x0F, 0x7B, 0x30, 0x84, 0x47, 0xFB, 0x30,
    0xF9, 0xFB, 0x01, 0xEA, 0x2E, 0x52, 0x1B, 0x57, 0x7A, 0x28, 0x6D, 0xE1, 0xA0, 0x68, 0xB4, 0x8D,
    0x5A, 0x40, 0x32, 0x02, 0xEA, 0x19, 0x90, 0xDF, 0x6C, 0xE0, 0x52, 0x02, 0x00, 0xD4, 0x61, 0xAB,
    0x08, 0xA6, 0xBB, 0x97, 0x7B, 0x6D, 0xA7, 0xCC, 0x6A, 0x27, 0xB9, 0xCD, 0xBE, 0x16, 0x5D, 0xA9,
    0xEF, 0x9E, 0xDD, 0x26, 0xFD, 0xFD, 0xBF, 0x7E, 0x46, 0xF2, 0xF2, 0x93, 0xFF, 0x06, 0xC9, 0x06,
    0x68, 0x55, 0x0F, 0xF7, 0xD3, 0x00, 0x00, 0xB9, 0x85, 0x32, 0xC0, 0xDE, 0xFE, 0x89, 0x3B, 0xE2,
    0xED, 0x60, 0x86, 0xBA, 0x2F, 0x82, 0x9E, 0x29, 0x55, 0x28, 0xAA, 0x74, 0xD8, 0x81, 0x71, 0x2F,
    0x6A, 0x41, 0xB9, 0xCC, 0xC8, 0xC9, 0xAE, 0x7B, 0x90, 0x11, 0x36, 0x00, 0x03, 0x48, 0x43, 0xFA,
    0x5B, 0x87, 0x6A, 0x1C, 0x00, 0x12, 0xC4, 0xD6, 0x5D, 0x5D, 0x15, 0x76, 0x07, 0xED, 0xF6, 0xC8,
    0xBB, 0x1E, 0xE5, 0x03, 0xE9, 0xF7, 0x1E, 0x5E, 0x3A, 0x10, 0x0B, 0x75, 0x03, 0x06, 0xD8, 0x01,
    0xF6, 0xE1, 0x6F, 0x02, 0x48, 0x07, 0x07, 0x15, 0xB0, 0x77, 0x1D, 0xC6, 0x1A, 0xF6, 0x77, 0x38,
    0xDA, 0x8C, 0x14, 0x63, 0x39, 0xE6, 0x7D, 0x16, 0x32, 0x97, 0x0E, 0xDA, 0x32, 0x16, 0x15, 0xF5,
    0x0E, 0x94, 0xFB, 0xA0, 0x03, 0x64, 0xFE, 0x64, 0x97, 0x13, 0xB4, 0x02, 0x54, 0x64, 0x8E, 0xD2,
    0x45, 0xE6, 0x4D, 0x16, 0xA6, 0xD1, 0xC8, 0xB4, 0x9D, 0x0E, 0x5B, 0xCB, 0x4A, 0xA7, 0xB4, 0xD4,
    0x15, 0x13, 0x6A, 0x20, 0xF7, 0x97, 0x0A, 0xA7, 0x8D, 0x2D, 0x6A, 0x99, 0x8C, 0x8C, 0x00, 0x1B,
    0x50, 0x80, 0x81, 0x3D, 0x78, 0x70, 0xEC, 0xC5, 0xCF, 0xB5, 0xAD, 0xDD, 0x8D, 0xB2, 0xA1, 0x25,
    0x19, 0x58, 0x98, 0x7E, 0x59, 0x36, 0x7E, 0x39, 0xD4, 0x51, 0x02, 0xA6, 0x82, 0x92, 0xE3, 0xAD,
    0x10, 0x61, 0xE9, 0x64, 0xE2, 0x5D, 0x35, 0xB0, 0x91, 0x7B, 0x28, 0x1C, 0x18, 0x0B, 0x02, 0xE9,
    0x08, 0x59, 0x7F, 0x19, 0xED, 0xF3, 0xAA, 0x74, 0xBA, 0x32, 0x22, 0x94, 0x73, 0x03, 0xB0, 0x0F,
    0x63, 0xC4, 0x23, 0x2A, 0x5F, 0x48, 0xB8, 0xAA, 0xBB, 0x77, 0xA2, 0x77, 0x18, 0x51, 0x3D, 0xB9,
    0xFF, 0x45, 0x69, 0x1F, 0x2E, 0x37, 0xB2, 0x7D, 0x46, 0x97, 0x7D, 0xE1, 0x52, 0xA9, 0x38, 0x80,
    0x2B, 0x27, 0x43, 0x67, 0xAF, 0x86, 0xFE, 0x51, 0x0C, 0xDD, 0x94, 0xC7, 0xA1, 0xE3, 0x3F, 0x5C,
    0x6E, 0xA3, 0x46, 0x92, 0x1E, 0x3E, 0x02, 0x28, 0x65, 0x49, 0x5C, 0xB8, 0x1B, 0x26, 0x26, 0x4E,
    0x07, 0x22, 0x8D, 0x7B, 0x60, 0x1A, 0x5F, 0x2F, 0x89, 0xFF, 0x0F, 0x63, 0xA8, 0xBF, 0xC0, 0xF4,
    0xFF, 0x0B, 0xFB, 0xC7, 0x2F, 0xDC, 0x0F, 0x04, 0xF8, 0x2F, 0x30, 0xE0, 0x41, 0xFA, 0x3F, 0x18,
    0xF6, 0xFF, 0x65, 0x00, 0x00, 0xB5, 0x98, 0x01, 0xA4, 0x26, 0x59, 0x76, 0xC7, 0x7F, 0xF5, 0xDD,
    0x37, 0xAF, 0x32, 0x53, 0xC9, 0xDC, 0x46, 0x63, 0xE8, 0xE9, 0xAE, 0x85, 0xB0, 0x64, 0xBA, 0x6B,
    0xD0, 0x61, 0xF1, 0x75, 0xDF, 0x4A, 0x86, 0x2C, 0x96, 0x6C, 0x43, 0x02, 0x24, 0x59, 0x04, 0x40,
    0xDE, 0x60, 0xD0, 0xF8, 0xBA, 0xAB, 0x76, 0x83, 0xC1, 0x60, 0x06, 0x82, 0x08, 0x0C, 0x02, 0x60,
    0x77, 0x30, 0x68, 0xD2, 0xDD, 0x55, 0xB2, 0x08, 0x06, 0x6A, 0x66, 0x44, 0xB0, 0x98, 0x5A, 0xDB,
    0x81, 0x60, 0x73, 0x77, 0xF6, 0xF6, 0xA4, 0x7A, 0x73, 0xAB, 0x4E, 0xEE, 0x51, 0xBE, 0x7E, 0xAF,
    0x7B, 0xA7, 0x3B, 0xAF, 0xB7, 0x7B, 0xCE, 0xBB, 0xE7, 0x7F, 0xEA, 0x7D, 0xDF, 0xFD, 0xCE, 0x39,
    0x75, 0xCF, 0xAD, 0x73, 0xEE, 0x29, 0xE0, 0x2C, 0xD0, 0x01, 0x0D, 0x70, 0x97, 0xA3, 0x29, 0xE6,
    0x22, 0xA1, 0x1C, 0x9A, 0xC1, 0x61, 0xFD, 0x4D, 0x72, 0x3F, 0x63, 0xC2, 0x9E, 0x17, 0x8C, 0xEF,
    0xC8, 0x7D, 0x53, 0xDB, 0xC1, 0x8D, 0x4D, 0x6B, 0x65, 0x21, 0xEB, 0xC6, 0x55, 0xCD, 0xD5, 0x34,
    0x36, 0x72, 0xA7, 0x94, 0xE0, 0xBE, 0x17, 0xEE, 0x6E, 0xE2, 0x9C, 0xC5, 0x75, 0x2C, 0x9B, 0xA9,
    0x79, 0xD7, 0x3B, 0x19, 0xF2, 0x05, 0xE0, 0x25, 0x85, 0xAA, 0x07, 0x4A, 0x85, 0xAA, 0x95, 0x58,
    0x09, 0x5D, 0x38, 0x37, 0x61, 0x07, 0x13, 0xFE, 0x3F, 0x18, 0x15, 0x7C, 0xEE, 0xC9, 0xE7, 0xA3,
    0x91, 0x8D, 0x48, 0x0F, 0x47, 0x0F, 0x00, 0xB2, 0x1A, 0x8C, 0x57, 0xAE, 0x7E, 0x2E, 0x43, 0xF7,
    0xB9, 0x60, 0x87, 0xE6, 0xEB, 0xF9, 0xBE, 0x90, 0x8B, 0x8C, 0xD9, 0xE2, 0x46, 0x80, 0xD7, 0x4D,
    0x0B, 0x50, 0xDA, 0x1A, 0xA0, 0x98, 0x51, 0xDA, 0x4C, 0x28, 0x71, 0x8D, 0x95, 0xE8, 0xE4, 0x1E,
    0x22, 0xA1, 0x13, 0x41, 0x64, 0xB2, 0x9F, 0x76, 0x7D, 0x28, 0xBC, 0x1D, 0xCA, 0xD1, 0x97, 0x83,
    0x1D, 0x0A, 0x8F, 0x6B, 0xD5, 0x45, 0x3A, 0x54, 0x64, 0x33, 0x2A, 0xCC, 0xA4, 0xC2, 0x5B, 0x9F,
    0x44, 0xEE, 0xAB, 0xFE, 0xDB, 0x36, 0xCD, 0x6D, 0xEA, 0x6D, 0x82, 0x76, 0xE1, 0x76, 0x23, 0x73,
    0x26, 0x32, 0x89, 0x7C, 0xA0, 0xAA, 0x39, 0xA6, 0x6F, 0x9F, 0x47, 0x69, 0xBB, 0x45, 0xA9, 0xBC,
    0xAE, 0xD6, 0xB1, 0x1E, 0x11, 0xC1, 0x0C, 0xA8, 0x75, 0x40, 0xAD, 0x77, 0xD2, 0xAB, 0x75, 0x51,
    0x61, 0x42, 0x68, 0x6A, 0x15, 0xE3, 0x82, 0x8A, 0x4D, 0x54, 0xE1, 0x8B, 0xD5, 0x7A, 0xD9, 0xA3,
    0xD6, 0xDD, 0x9F, 0xF6, 0x56, 0xAD, 0x9B, 0x7E, 0xB5, 0xDE, 0xAF, 0xD6, 0x5B, 0xE0, 0x15, 0xD3,
    0x52, 0x04, 0xFB, 0x7E, 0x8D, 0x0B, 0x66, 0x81, 0x3C, 0x64, 0x11, 0x4C, 0xE0, 0x0C, 0x8A, 0xB0,
    0x91, 0x50, 0x89, 0xD7, 0x18, 0x8B, 0x77, 0x6F, 0x85, 0x2B, 0x76, 0xB8, 0x6B, 0xC2, 0xB6, 0x6A,
    0x67, 0x13, 0x68, 0x48, 0x98, 0x45, 0x45, 0x13, 0x58, 0x4C, 0xB0, 0xC3, 0x3B, 0xDD, 0x3F, 0x85,
    0xEA, 0xDF, 0x83, 0x13, 0x69, 0x24, 0xD8, 0xFB, 0x09, 0xBD, 0x44, 0x1A, 0x0D, 0x37, 0x95, 0x2E,
    0x10, 0xB9, 0x3F, 0x25, 0xBE, 0xA2, 0x38, 0x58, 0xC5, 0xA1, 0x4A, 0xD8, 0xC8, 0x92, 0x50, 0x14,
    0x01, 0x8A, 0x51, 0xD1, 0x0E, 0x8A, 0x4D, 0x8F, 0x7A, 0x0A, 0x90, 0x4D, 0x28, 0x15, 0xEB, 0x62,
    0x49, 0x4C, 0x57, 0xE5, 0x88, 0x5E, 0xAF, 0x70, 0x34, 0x24, 0xE8, 0x14, 0xEC, 0x6F, 0x43, 0xA1,
    0x60, 0x15, 0x2A, 0x3B, 0x34, 0x22, 0x49, 0x81, 0x2C, 0xEB, 0x2F, 0x1F, 0x6E, 0xDF, 0xA6, 0x06,
    0xB3, 0xA8, 0xBD, 0x90, 0x94, 0x55, 0x74, 0x83, 0xAB, 0xD3, 0x7C, 0xD5, 0xAD, 0xAC, 0x81, 0xAA,
    0xED, 0x67, 0xA2, 0x0F, 0xCC, 0x13, 0xB9, 0x0A, 0xAE, 0xEE, 0xA2, 0xAB, 0xC1, 0x01, 0x0D, 0x64,
    0x33, 0xD8, 0x09, 0x8A, 0x01, 0x17, 0x8D, 0x7C, 0x21, 0x7D, 0x39, 0x67, 0xF2, 0x9E, 0xD4, 0x46,
    0x70, 0x59, 0xC4, 0x48, 0xBF, 0x8A, 0xD1, 0xA9, 0xF8, 0xDF, 0xE0, 0x54, 0xFC, 0x3A, 0x3A, 0x15,
    0x7E, 0x59, 0x45, 0xD3, 0xA8, 0xF0, 0x95, 0xA8, 0xF0, 0x76, 0x15, 0x46, 0x85, 0x2A, 0x4B, 0xC2,
    0x2D, 0x74, 0x49, 0x00, 0x67, 0xD6, 0xBD, 0xBE, 0x86, 0x18, 0x4A, 0x8F, 0x52, 0xD7, 0xA3, 0x74,
    0x13, 0x94, 0x36, 0x7E, 0x9D, 0xA1, 0x0E, 0x7D, 0xE6, 0xF3, 0x19, 0x07, 0x46, 0x56, 0xEC, 0xDD,
    0xB9, 0xA0, 0xCE, 0x54, 0xC1, 0xFC, 0x4F, 0x70, 0x26, 0x98, 0x2F, 0xA3, 0x62, 0xF2, 0x44, 0xB1,
    0x69, 0x14, 0x2B, 0x51, 0xB4, 0xA2, 0x68, 0x12, 0xAA, 0x13, 0x26, 0xA8, 0x0F, 0x6A, 0x95, 0x33,
    0xC6, 0x03, 0xE4, 0x8A, 0x94, 0x83, 0xA2, 0xB4, 0x8A, 0x77, 0x50, 0x9A, 0x80, 0xD5, 0xD7, 0x89,
    0x87, 0x54, 0x7D, 0x12, 0x8A, 0xD8, 0xC9, 0x6C, 0xA3, 0x0D, 0x92, 0xC5, 0x14, 0xA3, 0xA7, 0x40,
    0xE5, 0xBB, 0x1F, 0xC6, 0xE6, 0xBE, 0x7C, 0x1A, 0xF7, 0xAA, 0xD4, 0x2E, 0x85, 0x07, 0x9A, 0x01,
    0xB8, 0x0A, 0x1F, 0x9E, 0x87, 0x69, 0x97, 0x2E, 0xFD, 0xEA, 0xC3, 0xA6, 0x3E, 0xBE, 0xF7, 0x3C,
    0xAC, 0x31, 0xB9, 0x10, 0xE1, 0xCA, 0x1D, 0xD8, 0x35, 0x70, 0xCB, 0x81, 0xAF, 0x5A, 0x4D, 0x42,
    0x46, 0x64, 0xC8, 0xFB, 0xC2, 0xDB, 0x36, 0xF7, 0xD5, 0x78, 0x6E, 0x11, 0xEF, 0xE4, 0x8D, 0x82,
    0xEA, 0x12, 0x45, 0xD4, 0xDF, 0xAF, 0x54, 0x2C, 0x34, 0xD2, 0xCF, 0xE5, 0x70, 0xD6, 0x0E, 0x87,
    0x32, 0x38, 0x19, 0xEE, 0xDA, 0x21, 0xF9, 0x37, 0x57, 0x63, 0x27, 0xB1, 0xFA, 0x3C, 0x7C, 0x70,
    0x3E, 0xEC, 0xAE, 0xFA, 0x72, 0x50, 0xCB, 0x32, 0x77, 0x93, 0x1D, 0x7E, 0xFB, 0xEF, 0x68, 0x92,
    0xF9, 0xA3, 0xED, 0x74, 0x2B, 0xCD, 0xEB, 0x0F, 0x6B, 0x38, 0x1A, 0xBA, 0xC7, 0x66, 0x54, 0xA1,
    0x8B, 0x59, 0xBF, 0x25, 0xF3, 0x01, 0xBA, 0x01, 0xCA, 0x9A, 0x87, 0x74, 0x34, 0x91, 0x8B, 0xD4,
    0xE5, 0xD0, 0xF4, 0xCF, 0x92, 0xE3, 0x0B, 0xD3, 0x16, 0xEF, 0x63, 0xE6, 0xE3, 0x08, 0x6C, 0x92,
    0x12, 0xF1, 0x4F, 0x4B, 0xF6, 0x6F, 0x5F, 0x00, 0x76, 0x3B, 0xA0, 0xF2, 0x40, 0xDE, 0x73, 0x82,
    0xF6, 0x69, 0x7F, 0x7E, 0xBE, 0xB4, 0x3F, 0x7C, 0x04, 0x5F, 0x8E, 0xEB, 0x43, 0x5F, 0xF2, 0x90,
    0x52, 0x09, 0xE0, 0x74, 0x25, 0xA0, 0x1A, 0x69, 0x16, 0xA0, 0x53, 0x50, 0xE2, 0xF6, 0x55, 0x20,
    0x2A, 0xC0, 0x8B, 0xF7, 0x78, 0x23, 0x11, 0x93, 0x58, 0x29, 0x1B, 0x3F, 0xC6, 0xDC, 0xD7, 0x0D,
    0x32, 0xFD, 0x6E, 0x9E, 0xAF, 0x74, 0x11, 0xD8, 0xCC, 0x80, 0xF9, 0x40, 0xDD, 0xAF, 0x56, 0x78,
    0xE1, 0x9E, 0xAF, 0xE4, 0x59, 0x9F, 0x87, 0x01, 0x0E, 0x5F, 0xC0, 0x1D, 0x1C, 0x1C, 0x00, 0x57,
    0xB6, 0xFB, 0x47, 0xF1, 0x0F, 0xFF, 0x11, 0x98, 0x5D, 0xFD, 0xCD, 0xDC, 0xC1, 0xA6, 0xBF, 0xCE,
    0xE6, 0x7E, 0x58, 0x73, 0x5B, 0x55, 0x93, 0x7D, 0xF8, 0xCF, 0x2F, 0x60, 0xFD, 0x6F, 0x29, 0x34,
    0x2D, 0x70, 0xD8, 0x7F, 0xE3, 0xEB, 0xEF, 0x81, 0x09, 0xB8, 0x01, 0xBC, 0xFC, 0xFC, 0xEB, 0x9F,
    0x5C, 0xEA, 0xA4, 0x0F, 0xE5, 0x40, 0xE1, 0xC9, 0xBD, 0x88, 0x8E, 0x39, 0x1F, 0x3B, 0xDB, 0x3B,
    0xA9, 0x8B, 0x09, 0x3A, 0x79, 0xF4, 0xE1, 0x70, 0x0A, 0x8F, 0x3E, 0x1C, 0x99, 0x07, 0xF2, 0x09,
    0x28, 0x22, 0x60, 0x67, 0xDD, 0x93, 0x77, 0x81, 0xAD, 0x43, 0xB3, 0x64, 0x0B, 0xA1, 0xEC, 0xC9,
    0x44, 0x06, 0x8C, 0xC8, 0x48, 0xDE, 0x6B, 0x1D, 0xEF, 0x4D, 0xA0, 0x1A, 0x8B, 0x05, 0xF1, 0x95,
    0xD4, 0x95, 0x24, 0x8B, 0x3D, 0x70, 0xA1, 0xA8, 0xDD, 0xDF, 0xF4, 0x95, 0x6D, 0x4F, 0x99, 0x33,
    0x69, 0x22, 0x34, 0xD3, 0x5A, 0xE5, 0xED, 0xB0, 0xCA, 0x3D, 0x6D, 0xC6, 0x75, 0x63, 0xD9, 0xB0,
    0xA6, 0xEE, 0xED, 0x0C, 0xBB, 0xBB, 0x10, 0x1C, 0x99, 0x77, 0xF5, 0x9A, 0xBA, 0xA5, 0x2F, 0x7A,
    0x3B, 0xDA, 0xB6, 0xF0, 0xCD, 0x58, 0xCE, 0xE2, 0xDD, 0x02, 0xA8, 0x4B, 0xB2, 0x66, 0x7F, 0x4C,
    0x38, 0x75, 0x0E, 0xFF, 0xFB, 0xF0, 0xD0, 0xB4, 0x78, 0xC0, 0x28, 0x9E, 0x24, 0x23, 0x22, 0x90,
    0x29, 0xC2, 0xBF, 0x04, 0x0B, 0xD9, 0xAF, 0xC3, 0xAB, 0x60, 0x7E, 0x11, 0x80, 0xE2, 0xA7, 0x8A,
    0xF6, 0x2D, 0x89, 0x50, 0x19, 0x99, 0xA0, 0x91, 0x00, 0x88, 0x84, 0x8C, 0xCC, 0x9B, 0x90, 0xD7,
    0x66, 0x34, 0xC1, 0xD6, 0xE5, 0x54, 0x8A, 0xD4, 0x2E, 0x3A, 0x11, 0x50, 0x6A, 0x16, 0xE8, 0x66,
    0xF6, 0x94, 0xCF, 0xE5, 0xE8, 0x44, 0xE2, 0x52, 0xF9, 0xE5, 0x76, 0xD9, 0x37, 0x54, 0xFF, 0x25,
    0x85, 0xC8, 0x6F, 0x9A, 0x9F, 0xF4, 0x24, 0x6F, 0x99, 0xCB, 0xF0, 0x52, 0x27, 0xB2, 0x54, 0xF7,
    0x9A, 0xC0, 0xD1, 0x52, 0xEB, 0x2A, 0xD8, 0x7B, 0xB6, 0x77, 0x6D, 0xD1, 0x36, 0x64, 0x68, 0xF8,
    0x66, 0xFE, 0xE2, 0xDA, 0x9C, 0xC9, 0xB8, 0x50, 0xF6, 0x82, 0x44, 0xAD, 0x09, 0xEE, 0x5E, 0xD9,
    0x5B, 0x91, 0x3E, 0xEB, 0x7E, 0x03, 0xDD, 0x4F, 0x74, 0xF5, 0x86, 0xE2, 0xCB, 0xD8, 0xDA, 0x61,
    0x46, 0x39, 0x5D, 0xA3, 0x7E, 0x1B, 0x19, 0xD6, 0x03, 0x90, 0x2C, 0xE4, 0x22, 0x6D, 0x59, 0x97,
    0xAD, 0x88, 0x78, 0xF7, 0x0F, 0x1D, 0xA5, 0x44, 0x0E, 0xE5, 0x03, 0x18, 0x2E, 0x42, 0x98, 0xA0,
    0x19, 0xC1, 0xB6, 0xEC, 0xE9, 0x11, 0x7F, 0xEA, 0xA2, 0x6F, 0x38, 0x5C, 0xFD, 0x51, 0xCE, 0x64,
    0x58, 0x12, 0x8B, 0x6E, 0xE5, 0x64, 0xD5, 0x3D, 0x38, 0x1A, 0xAC, 0xC8, 0x90, 0x75, 0x0F, 0xC8,
    0xB2, 0xDA, 0x7E, 0xAF, 0xCD, 0x7F, 0x49, 0x16, 0xE1, 0x07, 0x00, 0x9B, 0xA5, 0x2B, 0x45, 0xDC,
    0x7B, 0xFF, 0xD9, 0x18, 0xDF, 0x98, 0xE0, 0xDE, 0xF3, 0xA5, 0x8C, 0xA5, 0xD4, 0x0E, 0x5D, 0xD7,
    0x4A, 0xE2, 0xCD, 0xBF, 0x9C, 0x67, 0xA2, 0xE4, 0xB1, 0x13, 0x7F, 0x6E, 0xA9, 0x19, 0xDF, 0x80,
    0x69, 0x02, 0xF7, 0xA8, 0x47, 0x12, 0x9B, 0xA9, 0x0B, 0xD5, 0x98, 0xEC, 0x61, 0x87, 0x88, 0xFD,
    0xDC, 0x63, 0xFF, 0xBB, 0xC5, 0x0A, 0x89, 0x7B, 0xEC, 0x17, 0x3E, 0x7D, 0x16, 0xB1, 0xAB, 0x5F,
    0xA9, 0x46, 0x97, 0x93, 0xC4, 0x4D, 0x38, 0x93, 0xC1, 0xAE, 0x04, 0x77, 0x1B, 0x8A, 0x00, 0x99,
    0x26, 0x68, 0xD6, 0x6B, 0x97, 0xD8, 0x3C, 0xC2, 0x32, 0x98, 0xD0, 0xB4, 0x26, 0xDC, 0xC1, 0x7C,
    0xE5, 0x31, 0x32, 0x92, 0xCE, 0x53, 0xFA, 0x78, 0xEB, 0x77, 0x89, 0x53, 0x6C, 0x52, 0x54, 0xAB,
    0x25, 0x1F, 0x39, 0x0A, 0x27, 0xAB, 0xF8, 0xF8, 0x94, 0x2A, 0x3E, 0xBA, 0xB1, 0xE9, 0x0B, 0x91,
    0x3A, 0xEB, 0x22, 0x98, 0x11, 0x6C, 0xCF, 0x1A, 0x9A, 0x08, 0x9B, 0xF0, 0xC4, 0x3A, 0xDE, 0xBD,
    0x1B, 0x9C, 0x8C, 0x85, 0xD4, 0xEC, 0xC0, 0x43, 0x00, 0x81, 0x9B, 0x20, 0x13, 0x59, 0xE2, 0x3D,
    0xBD, 0x48, 0x5F, 0x40, 0x97, 0x33, 0x0D, 0x78, 0x66, 0xBF, 0x8A, 0x6C, 0x2C, 0xFE, 0xAD, 0xDF,
    0x08, 0xDC, 0x66, 0x25, 0x27, 0xD1, 0xC9, 0x7C, 0x65, 0x33, 0x6D, 0xF3, 0x91, 0xB2, 0xA5, 0x01,
    0x19, 0x39, 0x9A, 0xC8, 0x22, 0xCC, 0x97, 0x89, 0x37, 0xF3, 0xE8, 0xC4, 0x27, 0x55, 0x07, 0x59,
    0x6D, 0x8B, 0xBA, 0xF8, 0x25, 0x9B, 0xFD, 0xCE, 0x69, 0xC4, 0xA7, 0x71, 0xCB, 0x0E, 0x6F, 0x57,
    0x35, 0x77, 0xC8, 0x26, 0xCC, 0x03, 0x8C, 0xF4, 0x1C, 0x69, 0x9E, 0xC4, 0x84, 0x34, 0x3E, 0x4A,
    0x37, 0x5A, 0x0E, 0x8D, 0xB4, 0xE7, 0xD6, 0xBD, 0xF7, 0xDD, 0x3E, 0xFF, 0x02, 0xD5, 0xFD, 0xB7,
    0x00, 0x87, 0x33, 0xC5, 0x0C, 0x4F, 0x19, 0x51, 0x27, 0xE7, 0x01, 0x37, 0x52, 0xD5, 0x68, 0x87,
    0xD7, 0x48, 0xEC, 0x44, 0x54, 0x68, 0x87, 0xB7, 0x33, 0x93, 0x76, 0x78, 0xEF, 0x58, 0xAF, 0x1D,
    0x1E, 0x95, 0x76, 0x78, 0x81, 0xB5, 0xC3, 0xE3, 0x91, 0x0E, 0x2F, 0x0F, 0x68, 0x87, 0x67, 0xC7,
    0xD7, 0xAC, 0x76, 0x78, 0xFD, 0x45, 0x7D, 0x38, 0xBA, 0xFA, 0x4A, 0x23, 0x33, 0x22, 0x51, 0x3B,
    0xBC, 0x4E, 0xE2, 0x89, 0x46, 0x16, 0x10, 0x11, 0xE0, 0x64, 0x2B, 0xD9, 0xC8, 0xA0, 0x86, 0x1A,
    0x19, 0x55, 0xF5, 0xF5, 0xD5, 0xDE, 0xDB, 0x0E, 0x15, 0xCC, 0x2A, 0xBC, 0x99, 0x50, 0x43, 0xC5,
    0x88, 0x1A, 0x2A, 0x7B, 0xAF, 0x86, 0xDC, 0x9F, 0x78, 0x35, 0xD4, 0x89, 0x57, 0x43, 0x49, 0x0B,
    0x45, 0x00, 0x70, 0x8A, 0xE4, 0x8A, 0x98, 0x63, 0xDC, 0x48, 0x28, 0xC5, 0x97, 0x8A, 0x21, 0x35,
    0x91, 0x17, 0xEC, 0x98, 0x9A, 0xC8, 0xD7, 0xAB, 0xFE, 0x61, 0x13, 0xC9, 0x7C, 0xDC, 0x44, 0x16,
    0xE3, 0xE5, 0xC7, 0x9A, 0xC8, 0x6A, 0x9F, 0x51, 0xDF, 0x59, 0x9B, 0x74, 0xEB, 0xE1, 0xE5, 0xE7,
    0x4B, 0x1C, 0x4A, 0x7F, 0x00, 0x15, 0x5C, 0x81, 0x5B, 0x70, 0xE6, 0x64, 0xEE, 0xB8, 0xDF, 0x98,
    0xF0, 0x58, 0xEE, 0x70, 0xA2, 0xB9, 0xE3, 0x2E, 0x77, 0x34, 0x77, 0xFC, 0x59, 0x6C, 0xD6, 0xDC,
    0x71, 0x00, 0x60, 0x6B, 0x05, 0xCF, 0xEA, 0xDB, 0x31, 0x69, 0xDF, 0x34, 0x6A, 0xD3, 0xD3, 0x1A,
    0xC1, 0xE9, 0x4E, 0x52, 0x18, 0x1D, 0xDA, 0xBE, 0xA1, 0xCD, 0x9B, 0xB6, 0x6E, 0x0A, 0x4D, 0x93,
    0xA0, 0x92, 0x04, 0x56, 0xC1, 0x08, 0xFA, 0x33, 0xB4, 0x55, 0x02, 0x56, 0xDF, 0xE0, 0x6D, 0x20,
    0x02, 0x37, 0x59, 0x6D, 0x66, 0xAC, 0x0B, 0xF0, 0x49, 0x40, 0x64, 0xC6, 0x86, 0x27, 0xD7, 0xFF,
    0xCA, 0x77, 0x6D, 0x77, 0x5F, 0x06, 0x56, 0x7A, 0x03, 0xD8, 0xC4, 0x87, 0x3D, 0x34, 0x7B, 0xD7,
    0x8B, 0xBF, 0x06, 0xAC, 0x55, 0xF8, 0x31, 0x60, 0x66, 0x20, 0x17, 0xC0, 0x76, 0x40, 0xE9, 0x5A,
    0xB8, 0x54, 0xF5, 0x70, 0xC5, 0x0E, 0x70, 0xDB, 0x8E, 0x20, 0xE2, 0xC9, 0x44, 0x02, 0x66, 0x4C,
    0x0A, 0xF3, 0x41, 0x7B, 0xCD, 0x70, 0x28, 0xAD, 0x8B, 0x56, 0x7A, 0x0E, 0xC8, 0x6E, 0x93, 0x07,
    0x56, 0xFD, 0xC5, 0xDF, 0xA9, 0x6E, 0x7B, 0x01, 0x33, 0x9D, 0xAE, 0xCA, 0x03, 0xF5, 0x71, 0x23,
    0x5A, 0x2A, 0xA2, 0x3E, 0xC0, 0x99, 0xA7, 0xD7, 0xD6, 0x57, 0x9E, 0xBF, 0xB6, 0xEA, 0x56, 0x63,
    0x5A, 0x6D, 0x9B, 0x1E, 0xB2, 0x67, 0xAF, 0xB1, 0xC7, 0x6B, 0x3D, 0xAF, 0x67, 0x25, 0x6D, 0xDD,
    0x94, 0xCE, 0x2D, 0x2F, 0x67, 0x22, 0x73, 0x1E, 0xCA, 0x60, 0xFB, 0x3C, 0x96, 0x6D, 0x19, 0x5D,
    0x7D, 0x63, 0x4E, 0xCF, 0xD4, 0xEC, 0xBE, 0xDB, 0xCE, 0xEE, 0xC7, 0x44, 0x37, 0x65, 0xB1, 0x54,
    0xCF, 0x26, 0xB5, 0x27, 0xED, 0x9B, 0x47, 0x13, 0x0F, 0xC9, 0xD4, 0x50, 0xB4, 0xEB, 0x26, 0xB8,
    0x08, 0x1C, 0xB0, 0x52, 0xF7, 0x19, 0xB9, 0x08, 0xF6, 0xD3, 0x99, 0xAA, 0x15, 0xDC, 0x5B, 0x89,
    0xFF, 0xAA, 0xC1, 0x85, 0x86, 0x6A, 0xB8, 0x4B, 0xF9, 0x69, 0xA4, 0x92, 0xC0, 0x1F, 0x4B, 0x8B,
    0x52, 0x96, 0x41, 0x4A, 0x60, 0x14, 0xFF, 0xE1, 0xD7, 0xC3, 0xE4, 0x9B, 0xAF, 0x3D, 0x76, 0x82,
    0x9A, 0x4E, 0x9C, 0xA0, 0x6E, 0x42, 0x70, 0x70, 0x7C, 0x82, 0x1A, 0xD6, 0x13, 0x54, 0xEE, 0x8F,
    0xD6, 0x13, 0x94, 0xE8, 0xA2, 0x7D, 0xC4, 0xED, 0x89, 0x2B, 0x3B, 0x2E, 0x5C, 0xE4, 0xE0, 0xF7,
    0x4E, 0x1D, 0x65, 0x28, 0x26, 0xA0, 0x5A, 0x80, 0xEF, 0x94, 0x1A, 0xDF, 0x03, 0xF6, 0x74, 0x0B,
    0x30, 0x71, 0xBF, 0x1B, 0x8B, 0xBB, 0x80, 0x75, 0xE8, 0x46, 0xAC, 0x61, 0x5B, 0xF6, 0xB0, 0xB3,
    0x03, 0x88, 0x8C, 0x64, 0x22, 0x1E, 0x8D, 0x27, 0xF9, 0xB0, 0xD1, 0x8D, 0x98, 0x6B, 0x48, 0xAD,
    0xB4, 0xF9, 0xA4, 0xBA, 0xBF, 0x53, 0x71, 0xE6, 0xA5, 0xD3, 0x9E, 0xE7, 0x2E, 0xBF, 0xCE, 0xCE,
    0xE1, 0xCA, 0xB6, 0xF8, 0xD1, 0x40, 0x5D, 0x03, 0x9D, 0x66, 0x23, 0xB1, 0x43, 0x69, 0xF5, 0x0D,
    0x11, 0x3A, 0x24, 0xE8, 0x58, 0xAF, 0xF5, 0xC3, 0xB2, 0x12, 0xE9, 0x64, 0xD1, 0xA8, 0x5F, 0xE6,
    0xEA, 0x8E, 0x72, 0x4B, 0xF1, 0xE7, 0x6C, 0x0E, 0xD6, 0xDC, 0x42, 0x29, 0xBD, 0xFB, 0xFE, 0x78,
    0x67, 0x7F, 0xE6, 0x5E, 0x20, 0x8D, 0xAE, 0xBD, 0xE6, 0x64, 0x4C, 0x9E, 0x82, 0xFE, 0xB3, 0x91,
    0xD1, 0xFC, 0xD0, 0x43, 0x0D, 0x88, 0x6A, 0x13, 0xD5, 0x7C, 0x6C, 0x71, 0x3A, 0x61, 0xB1, 0x48,
    0x16, 0x1B, 0x51, 0xCA, 0x16, 0x0A, 0x69, 0x5F, 0x2D, 0xFA, 0x54, 0xD5, 0x4E, 0x61, 0xAB, 0xD5,
    0x6C, 0x72, 0x99, 0xE9, 0x06, 0x37, 0x5D, 0x6D, 0xF3, 0x3E, 0xA3, 0x06, 0xAC, 0x0C, 0x49, 0x09,
    0x4F, 0x2D, 0x60, 0x87, 0xD2, 0xA6, 0x69, 0xF0, 0xB1, 0x8F, 0x61, 0x7B, 0xFD, 0xFC, 0x56, 0x7B,
    0xB9, 0x73, 0xA1, 0x0A, 0xE6, 0x91, 0xBF, 0x62, 0xD6, 0x50, 0x56, 0x63, 0x37, 0x8D, 0xBB, 0xFA,
    0x0C, 0x48, 0xEC, 0xC2, 0x13, 0xDE, 0x6B, 0xC4, 0x52, 0x67, 0xDD, 0xAE, 0xCF, 0x3E, 0xE9, 0xAD,
    0xC6, 0x41, 0x06, 0x17, 0x6C, 0x4D, 0xF9, 0xFE, 0x40, 0xFE, 0x99, 0x87, 0x0F, 0x2F, 0x3F, 0xD7,
    0x5B, 0x0D, 0xE0, 0xFC, 0x96, 0x4B, 0x5B, 0xEC, 0x25, 0xF2, 0xEF, 0xB3, 0xC9, 0x4E, 0xF7, 0x62,
    0xA3, 0x1C, 0xD7, 0x8E, 0x23, 0xEC, 0xA0, 0x3F, 0xFB, 0xDC, 0xEF, 0x56, 0x4E, 0x06, 0xEC, 0x54,
    0xF6, 0x81, 0xD7, 0x0E, 0xE1, 0xAA, 0xAD, 0xA9, 0xDE, 0xEB, 0x31, 0x3F, 0xF7, 0x70, 0xED, 0x5B,
    0x28, 0x55, 0x32, 0xE1, 0x44, 0x30, 0xA1, 0xE9, 0x4D, 0x28, 0x13, 0x57, 0x89, 0x9B, 0xDA, 0xC8,
    0x8C, 0x11, 0x8F, 0xF9, 0x2A, 0xB0, 0x7A, 0xD3, 0x24, 0x2E, 0x87, 0x52, 0x8A, 0xC9, 0x49, 0x16,
    0x75, 0x9B, 0x6E, 0xB9, 0xBA, 0xA5, 0xBC, 0x44, 0xB1, 0x5F, 0x89, 0x3F, 0x7A, 0x77, 0x90, 0x2F,
    0xD2, 0x94, 0xDE, 0x6A, 0xBD, 0x7F, 0x64, 0x54, 0x13, 0xDD, 0xAC, 0x9E, 0xA3, 0x3B, 0x48, 0x33,
    0xC7, 0xEF, 0x67, 0x35, 0x7B, 0xEA, 0x64, 0x4C, 0x1C, 0x53, 0xF6, 0xD9, 0x97, 0xA1, 0x4E, 0x33,
    0x11, 0x56, 0xC2, 0x7A, 0x5E, 0xFE, 0xD9, 0x80, 0xFD, 0x3C, 0xA4, 0xCF, 0xA2, 0x7E, 0x5F, 0x37,
    0xB1, 0x1A, 0x25, 0xE6, 0xFE, 0x78, 0x25, 0x36, 0xF5, 0x69, 0xEC, 0x2B, 0x61, 0x36, 0xAD, 0x26,
    0xF7, 0x11, 0xCC, 0xAF, 0x02, 0x70, 0x6B, 0x0B, 0xE8, 0x5E, 0x7C, 0x91, 0xBD, 0x77, 0x06, 0xE6,
    0x93, 0x1A, 0xF3, 0xB3, 0x96, 0xCD, 0x2F, 0x7A, 0xF8, 0xD5, 0x00, 0xD4, 0xCF, 0xDC, 0x6F, 0xAF,
    0x6D, 0x72, 0xB9, 0x80, 0x66, 0x20, 0xF8, 0xD6, 0x4B, 0xDF, 0xC0, 0x7B, 0x82, 0x26, 0xF9, 0x28,
    0x23, 0xE6, 0x47, 0x1E, 0xB8, 0xF6, 0x8C, 0x3E, 0xBA, 0x31, 0x93, 0xD1, 0xCA, 0x54, 0x0D, 0x93,
    0xAB, 0x3F, 0x76, 0xED, 0xB5, 0x4A, 0x43, 0xD6, 0x6A, 0x37, 0x5B, 0x4E, 0xDB, 0x4D, 0xDC, 0x11,
    0x9B, 0xB7, 0xA6, 0x46, 0x46, 0x3D, 0xF2, 0x00, 0x37, 0xC0, 0xAD, 0xE7, 0x26, 0x8A, 0x07, 0x34,
    0xC2, 0x52, 0xB2, 0xBC, 0x4A, 0x37, 0x52, 0x2D, 0x64, 0xD2, 0xFA, 0xAA, 0x9F, 0xAA, 0x5E, 0xA4,
    0x5E, 0x8B, 0x96, 0x19, 0x31, 0x1E, 0xC5, 0x16, 0x11, 0xE9, 0x95, 0x27, 0xF7, 0xD3, 0xDE, 0x27,
    0xFE, 0x81, 0xFB, 0xD7, 0x1A, 0xD7, 0xF3, 0x24, 0xCE, 0x74, 0xFF, 0x4A, 0x40, 0x89, 0xB2, 0x66,
    0xED, 0x1E, 0x6A, 0xB5, 0x8E, 0x19, 0x28, 0x74, 0x63, 0xD0, 0xA8, 0xCE, 0x36, 0x5D, 0x3C, 0x3E,
    0xEE, 0xB7, 0x85, 0xF4, 0x9B, 0x05, 0x20, 0x0B, 0x10, 0x61, 0x22, 0x1B, 0x39, 0x94, 0xDA, 0xC9,
    0x78, 0xA3, 0xF0, 0xD7, 0x4D, 0xB8, 0xAC, 0xD5, 0xC2, 0x53, 0x0E, 0x74, 0x83, 0x95, 0xA0, 0x1D,
    0x5D, 0xA6, 0x03, 0x33, 0x51, 0xF8, 0xAC, 0x1B, 0x9A, 0x34, 0xF9, 0x1E, 0xC5, 0x4C, 0xBA, 0x58,
    0x5C, 0x9F, 0x8A, 0xFE, 0xD9, 0xAA, 0xC7, 0x91, 0x69, 0x8E, 0x6D, 0xAB, 0x54, 0xF7, 0xD5, 0x52,
    0x4F, 0xD5, 0xD3, 0xD4, 0xF9, 0x82, 0x04, 0xBA, 0x16, 0xDE, 0x7C, 0x15, 0xD8, 0x5D, 0x01, 0xAA,
    0xB0, 0x3F, 0x68, 0x65, 0xF5, 0x89, 0xA0, 0xD7, 0x5D, 0x28, 0x97, 0xAF, 0x8F, 0xB2, 0xC8, 0x0A,
    0x5F, 0xFB, 0xED, 0xD1, 0x54, 0x2C, 0xAB, 0x82, 0x54, 0xCC, 0xD6, 0x4E, 0x73, 0x07, 0x36, 0x80,
    0x19, 0x1F, 0xED, 0x34, 0xF3, 0x93, 0x9D, 0xE6, 0x57, 0x0B, 0x46, 0xA4, 0x36, 0xB3, 0xD3, 0x1C,
    0xF1, 0xB5, 0x5C, 0xC4, 0x6A, 0xAC, 0xE6, 0x26, 0xFC, 0x1F, 0x55, 0x8F, 0xC5, 0x41, 0x44, 0x31,
    0x14, 0x45, 0x0F, 0xEE, 0xEE, 0xCE, 0x0E, 0x27, 0x4B, 0x9C, 0xA4, 0x84, 0xE9, 0x04, 0x87, 0xF1,
    0x49, 0x09, 0xD4, 0x40, 0x03, 0x38, 0xAB, 0x6F, 0x25, 0xFC, 0x12, 0x52, 0xC2, 0x1B, 0xDC, 0xDD,
    0xEF, 0xFA, 0xDA, 0x81, 0x55, 0x1E, 0xC9, 0xD3, 0x44, 0x09, 0x34, 0xAA, 0xA5, 0x93, 0x66, 0x4C,
    0x95, 0x6B, 0xBA, 0x9D, 0x5A, 0x9C, 0xED, 0x87, 0xFC, 0xE8, 0xCB, 0xE3, 0xDE, 0x25, 0xE8, 0x17,
    0xFD, 0x92, 0x28, 0xBF, 0x9D, 0x0C, 0x2F, 0x55, 0xEC, 0x3D, 0x79, 0xC9, 0xE4, 0xD3, 0x93, 0xE7,
    0xA9, 0x38, 0x25, 0xC3, 0x52, 0x17, 0x35, 0x02, 0xCA, 0x9E, 0x39, 0x91, 0xA2, 0xD3, 0x16, 0x60,
    0x72, 0x76, 0xC9, 0xF3, 0x2E, 0x8B, 0x2E, 0x61, 0x9B, 0xDB, 0x25, 0xE9, 0x8B, 0x8E, 0x9B, 0x2C,
    0x1C, 0xB8, 0x3B, 0xC9, 0xBE, 0x15, 0x57, 0xB7, 0xC3, 0x90, 0x0B, 0x6F, 0x5D, 0xD6, 0xB4, 0x4F,
    0x26, 0x4F, 0xE4, 0x36, 0x59, 0x81, 0xB2, 0x4D, 0x51, 0x93, 0x55, 0x2C, 0xD2, 0xCE, 0x33, 0x8F,
    0x78, 0x2C, 0x31, 0xC4, 0xC1, 0xA5, 0xB8, 0x28, 0xBB, 0x98, 0x14, 0xF3, 0x33, 0xAA, 0xCD, 0x45,
    0x74, 0x11, 0x15, 0x18, 0x32, 0x6F, 0x01, 0x33, 0x05, 0xE4, 0x29, 0xD0, 0xC4, 0x34, 0x49, 0xBA,
    0xD9, 0xE4, 0x92, 0x17, 0x53, 0x40, 0xDE, 0x05, 0x65, 0x52, 0xF7, 0x38, 0x34, 0xBD, 0x58, 0xFB,
    0x7D, 0xFD, 0x3F, 0xD0, 0xEF, 0x0B, 0x76, 0x91, 0x12, 0x29, 0x8B, 0x4B, 0xCC, 0xE7, 0x88, 0xC8,
    0x53, 0xF6, 0x15, 0xAD, 0x99, 0x8B, 0x8A, 0x25, 0xC7, 0x79, 0xC7, 0xFF, 0x7D, 0x5A, 0x52, 0x13,
    0x37, 0xA4, 0x44, 0x30, 0x60, 0x58, 0xE3, 0xE6, 0x12, 0xC0, 0x10, 0x4B, 0x6D, 0xC0, 0x10, 0x01,
    0xB3, 0x53, 0xAD, 0x5D, 0x60, 0x01, 0x43, 0xB4, 0x6F, 0x20, 0xBD, 0xC1, 0x2C, 0x10, 0x60, 0x08,
    0xB3, 0x53, 0x1D, 0x73, 0x11, 0x10, 0x40, 0xF3, 0x06, 0xD1, 0x1B, 0xC4, 0x10, 0x01, 0x02, 0x66,
    0xA7, 0x7B, 0x25, 0xC0, 0x80, 0x13, 0x5C, 0xB3, 0x0B, 0x08, 0x62, 0x82, 0x5B, 0xD6, 0x06, 0x03,
    0x36, 0x71, 0x49, 0x2A, 0xA1, 0x92, 0x5D, 0xD5, 0xFF, 0x7C, 0xD5, 0xA7, 0x67, 0x98, 0xD1, 0xCE,
    0x6A, 0x77, 0x1D, 0xF5, 0xD4, 0xFF, 0x37, 0x7D, 0xBA, 0x2E, 0xA7, 0xFA, 0xAB, 0xAF, 0xAE, 0x07,
    0x1D, 0xCA, 0x09, 0x65, 0x02, 0x06, 0xA0, 0x00, 0x00, 0x92, 0x03, 0xA9, 0x6C, 0xA3, 0xAC, 0x52,
    0x16, 0x39, 0xD0, 0x4B, 0x58, 0xEF, 0xF3, 0xC3, 0xC6, 0x50, 0xAE, 0xB9, 0xFA, 0x60, 0x52, 0x1F,
    0xB9, 0xFA, 0xC3, 0x09, 0xF8, 0x86, 0x8C, 0x6E, 0xB9, 0x7F, 0xE1, 0x62, 0x46, 0x91, 0xC5, 0x82,
    0xA0, 0x6F, 0x5A, 0x78, 0x7D, 0x73, 0xC4, 0xCF, 0x33, 0xA0, 0x3B, 0x9C, 0x81, 0x53, 0x46, 0x14,
    0xBC, 0x4E, 0x41, 0x67, 0x32, 0x24, 0xCA, 0x1C, 0xE9, 0xAE, 0xA4, 0x5B, 0x12, 0x19, 0x11, 0x66,
    0x51, 0x15, 0x05, 0x74, 0x02, 0xD3, 0x0B, 0x80, 0x7A, 0x84, 0x1E, 0x73, 0x54, 0x07, 0x00, 0x64,
    0x1A, 0x98, 0x94, 0xBD, 0xAB, 0xEC, 0xCE, 0x12, 0xF0, 0x78, 0xD8, 0x0B, 0x60, 0x02, 0x8C, 0x47,
    0x45, 0xA2, 0x79, 0xD4, 0x42, 0x77, 0x0A, 0x06, 0x7F, 0x85, 0x13, 0x00, 0xE4, 0xB8, 0x68, 0x06,
    0x40, 0xD1, 0xD0, 0xD7, 0x9D, 0x9E, 0xF6, 0x3A, 0x45, 0xA2, 0x18, 0x1E, 0xA1, 0xE0, 0xA4, 0xE8,
    0xDB, 0x53, 0xAF, 0x3B, 0xAF, 0xFB, 0xDB, 0xAD, 0x87, 0x62, 0xBF, 0xA1, 0x43, 0x13, 0x76, 0x36,
    0xF1, 0xA0, 0x88, 0xE6, 0x56, 0x30, 0x9C, 0xAE, 0xCD, 0x1D, 0xD3, 0x10, 0x94, 0x7D, 0xFC, 0x6F,
    0x2F, 0x30, 0x1D, 0xBC, 0x9A, 0xCC, 0xF1, 0x2E, 0x00, 0x0C, 0xB3, 0xB9, 0x32, 0x55, 0x9B, 0x86,
    0x59, 0xD1, 0xD6, 0xEC, 0x91, 0xF0, 0x94, 0x10, 0x51, 0x44, 0x6C, 0x22, 0x6A, 0x0F, 0x63, 0xD1,
    0x76, 0x28, 0x49, 0x79, 0x40, 0x06, 0xE0, 0xBA, 0xB2, 0xC0, 0xCE, 0x05, 0xF0, 0x08, 0x07, 0x8A,
    0x11, 0xFB, 0xEA, 0x74, 0xC6, 0x7B, 0xCA, 0x0E, 0x90, 0x86, 0x33, 0x7F, 0x23, 0x18, 0x8C, 0x55,
    0x0F, 0x92, 0xE9, 0x07, 0x86, 0xDD, 0x82, 0x3C, 0x62, 0xD4, 0x04, 0x06, 0xDF, 0x26, 0x40, 0xD9,
    0xCA, 0x7D, 0x8D, 0x53, 0x9D, 0x49, 0x32, 0x2C, 0x64, 0x97, 0x9F, 0x9B, 0x31, 0xB3, 0x59, 0xD8,
    0x2E, 0x34, 0xBD, 0x89, 0x2D, 0x89, 0x5C, 0xDA, 0x23, 0x90, 0x9C, 0x16, 0xAC, 0x1E, 0x91, 0xF1,
    0x96, 0x7E, 0xBD, 0x3B, 0x73, 0x86, 0x21, 0x08, 0x38, 0x0B, 0x7A, 0xAE, 0x7E, 0x70, 0x0E, 0x31,
    0xFD, 0x30, 0x95, 0xFC, 0x8C, 0x0E, 0xCB, 0xB5, 0x8F, 0xFC, 0xD2, 0x50, 0x1E, 0xD2, 0x76, 0xCB,
    0xC5, 0x58, 0x8F, 0x43, 0x68, 0xC5, 0x7C, 0x46, 0x14, 0xA0, 0x1E, 0x38, 0x28, 0x8E, 0xA2, 0x09,
    0xEA, 0xA1, 0x93, 0xCF, 0xF2, 0xCC, 0x26, 0xD1, 0x20, 0xD2, 0xA3, 0x89, 0xCD, 0xC4, 0x58, 0x79,
    0xBC, 0x00, 0x00, 0xAF, 0x66, 0xB4, 0xA3, 0xA0, 0x76, 0x02, 0xBC, 0x8C, 0xB3, 0x52, 0x35, 0xBB,
    0xC1, 0x37, 0xB3, 0xE4, 0x29, 0xBD, 0xA0, 0xCE, 0x68, 0x33, 0x06, 0xC1, 0x83, 0xCF, 0x05, 0xBF,
    0xFE, 0x50, 0xC0, 0x1C, 0x1B, 0x33, 0x5C, 0x86, 0x15, 0xEC, 0x85, 0x7A, 0xDE, 0x16, 0x00, 0xB7,
    0x03, 0xF8, 0x83, 0xC5, 0xF1, 0x2E, 0x5E, 0x43, 0xD4, 0xC1, 0xF8, 0x76, 0x52, 0x93, 0xEA, 0xC5,
    0x72, 0x28, 0xFD, 0x2E, 0x8A, 0x28, 0xE9, 0x8E, 0x3D, 0xA0, 0x1D, 0xD0, 0x5A, 0x40, 0x8D, 0x22,
    0xA0, 0x3E, 0x01, 0x54, 0x04, 0xAA, 0x09, 0x60, 0xD2, 0x94, 0x77, 0x4D, 0xD9, 0xC6, 0xCF, 0x22,
    0xB3, 0xED, 0x8F, 0x44, 0x6D, 0x81, 0x2A, 0x6B, 0x04, 0xCA, 0x55, 0x1B, 0x07, 0x2C, 0xCD, 0x19,
    0x80, 0x1F, 0x44, 0x60, 0x27, 0x01, 0x07, 0x06, 0xF0, 0x1A, 0x70, 0x5A, 0xFC, 0x9B, 0x63, 0x49,
    0xDA, 0x7A, 0xAC, 0x97, 0x5A, 0x9A, 0xA9, 0x99, 0xE9, 0x34, 0xC9, 0x19, 0x83, 0x48, 0xD9, 0xEB,
    0xA2, 0x1F, 0x89, 0x00, 0x45, 0x2B, 0x4A, 0x50, 0xA7, 0xCC, 0x36, 0xEE, 0x56, 0x2D, 0x9F, 0x0D,
    0x23, 0xC8, 0x23, 0xFC, 0x9B, 0x88, 0xCC, 0xED, 0x13, 0xD7, 0xF6, 0x88, 0x12, 0x2F, 0xA2, 0x5B,
    0xF3, 0x0E, 0xE7, 0x79, 0xB7, 0xF9, 0x12, 0xB6, 0x8E, 0x33, 0x0F, 0x9C, 0xE5, 0xDB, 0x96, 0xF0,
    0xA3, 0x6F, 0xE8, 0xDE, 0xB9, 0x07, 0x88, 0xC2, 0xE2, 0xFF, 0x3B, 0xAB, 0x0E, 0x44, 0xFB, 0xA2,
    0xF7, 0x45, 0x5E, 0x24, 0x76, 0x29, 0x26, 0x69, 0x26, 0x2B, 0x4D, 0xBA, 0x5A, 0x27, 0x02, 0x87,
    0xA2, 0xDD, 0x63, 0xE0, 0xFA, 0x3E, 0xB0, 0xF3, 0x13, 0xE0, 0xFB, 0xCF, 0x3E, 0x50, 0xAA, 0x7E,
    0x10, 0x0F, 0x6C, 0x5C, 0xF6, 0xC1, 0x26, 0x64, 0x2F, 0xC4, 0x71, 0xF6, 0x43, 0xB4, 0xD9, 0x13,
    0xA1, 0xC8, 0x11, 0x68, 0x48, 0x0B, 0xE8, 0xEC, 0x8F, 0x38, 0xC9, 0x1E, 0x59, 0xC4, 0x6C, 0x83,
    0x52, 0xD2, 0x0F, 0xA8, 0x5D, 0xF6, 0xCB, 0xD6, 0x66, 0xCF, 0x34, 0x5D, 0xF6, 0xCD, 0x97, 0x68,
    0x5B, 0xC6, 0xF6, 0x46, 0x7A, 0x05, 0x09, 0x9B, 0x50, 0xD0, 0x81, 0x11, 0xC5, 0x0C, 0x0C, 0xDF,
    0x87, 0x39, 0xC4, 0x60, 0x7E, 0x96, 0x34, 0x7D, 0xC5, 0xFE, 0x5B, 0xF2, 0xD3, 0xEF, 0xBE, 0x08,
    0x88, 0xB9, 0x04, 0xBB, 0x2D, 0xB6, 0xFE, 0x06, 0xE0, 0x5B, 0xED, 0x0B, 0x4F, 0xEE, 0xA7, 0xF6,
    0x1B, 0xFB, 0xE9, 0xDA, 0xAA, 0x1E, 0x3B, 0x57, 0xB4, 0xEA, 0x7B, 0xDB, 0x56, 0x2D, 0xC4, 0x82,
    0x37, 0xA5, 0x55, 0x39, 0xAA, 0x29, 0x7F, 0xD3, 0xDD, 0x82, 0x51, 0x11, 0x46, 0x2C, 0xD4, 0x0D,
    0x53, 0xC1, 0x9E, 0x63, 0xC1, 0x91, 0xE3, 0xE6, 0xF7, 0xF7, 0x7F, 0x3F, 0x6E, 0x7E, 0xF7, 0xF0,
    0xD7, 0xB6, 0xFC, 0xE4, 0x93, 0x5F, 0xDA, 0xF2, 0xE1, 0x97, 0xFF, 0x62, 0xCB, 0x53, 0xDE, 0x9A,
    0x4A, 0xCB, 0x6A, 0xAA, 0xC6, 0x39, 0xE3, 0x6E, 0xE9, 0x9A, 0x47, 0xAF, 0x5D, 0x4B, 0x3A, 0xA2,
    0x4D, 0x8C, 0xED, 0xE5, 0x77, 0xBF, 0x0C, 0x72, 0xC5, 0x55, 0xB1, 0xEB, 0xBB, 0x4B, 0x01, 0x72,
    0x8B, 0x8A, 0xEC, 0x1A, 0x6B, 0x46, 0x0D, 0xE5, 0x0E, 0x51, 0xB9, 0x84, 0xD2, 0x9F, 0x69, 0x46,
    0xE9, 0x06, 0x79, 0x66, 0xB2, 0xF7, 0x4F, 0xA6, 0x57, 0x9C, 0x51, 0x0C, 0x13, 0xB8, 0x75, 0xC3,
    0xA4, 0xA6, 0xFA, 0x99, 0xFA, 0xFB, 0x5E, 0x68, 0xE6, 0x6C, 0xEC, 0x3D, 0x4E, 0x64, 0x94, 0xC1,
    0x5E, 0x8C, 0x29, 0xF6, 0xCE, 0x7C, 0x90, 0x16, 0x07, 0xEE, 0x1F, 0x9B, 0x12, 0x43, 0xC5, 0xD4,
    0xD8, 0xEB, 0xBA, 0xBB, 0x7E, 0x88, 0xEF, 0x9D, 0x00, 0x69, 0x09, 0x33, 0x40, 0xC0, 0x74, 0xD0,
    0x8F, 0x5E, 0x52, 0x64, 0x31, 0x04, 0x92, 0x63, 0x56, 0x90, 0xB9, 0xDC, 0x89, 0xDE, 0xD2, 0x37,
    0x24, 0xB6, 0xC3, 0x93, 0x54, 0x70, 0x42, 0x49, 0x8F, 0x21, 0xEA, 0x68, 0x7C, 0xE3, 0xD5, 0xA4,
    0x46, 0xA9, 0x65, 0x57, 0x86, 0x16, 0x88, 0xD7, 0x81, 0x7B, 0xEF, 0xAF, 0x63, 0xDD, 0xB4, 0x8E,
    0x75, 0x1D, 0xEA, 0x01, 0xE7, 0x63, 0x9D, 0x64, 0x5C, 0xE2, 0x8A, 0xBD, 0xAF, 0xA0, 0xC8, 0x49,
    0xBF, 0xF3, 0x51, 0x38, 0x91, 0x01, 0x23, 0x89, 0x93, 0x64, 0xCD, 0x72, 0x6F, 0xDE, 0xF9, 0x28,
    0xB6, 0xA4, 0xAB, 0xC8, 0x1E, 0xCA, 0x02, 0x6D, 0x58, 0xF2, 0x69, 0x36, 0x73, 0x9B, 0xEA, 0x50,
    0xC6, 0xDA, 0x62, 0x6E, 0xFA, 0xDC, 0x67, 0xD0, 0x46, 0x40, 0xAD, 0xE3, 0x9D, 0x9E, 0x81, 0x63,
    0xD3, 0x15, 0xBE, 0xCD, 0x75, 0x72, 0xAD, 0xD8, 0x4D, 0xEA, 0x49, 0x26, 0x4D, 0x88, 0x93, 0xAE,
    0xAD, 0xFD, 0x5C, 0x30, 0x24, 0x3B, 0x11, 0x47, 0x00, 0x4D, 0x2F, 0x50, 0x0B, 0xBA, 0x0C, 0x11,
    0x2A, 0x30, 0x0E, 0x71, 0xF0, 0xC6, 0x5F, 0x9A, 0xF5, 0xC5, 0x6D, 0xEB, 0xAF, 0xDE, 0xB4, 0x25,
    0x69, 0x31, 0xFC, 0xD1, 0x02, 0xEA, 0x82, 0xA4, 0x91, 0xC0, 0xC8, 0xC4, 0xCF, 0xE9, 0x86, 0x2F,
    0xF8, 0x80, 0x47, 0x79, 0x78, 0x34, 0xF8, 0xCB, 0x68, 0x28, 0xD7, 0x94, 0x41, 0xF7, 0xAD, 0x96,
    0xE9, 0x32, 0xE8, 0x01, 0x60, 0xB3, 0xA5, 0xCB, 0x2C, 0x16, 0x62, 0xCB, 0x89, 0x74, 0x20, 0x27,
    0x78, 0xDD, 0xC1, 0x89, 0xB0, 0x68, 0xEE, 0xA0, 0xE9, 0xA0, 0x6F, 0x05, 0xE8, 0x1B, 0x11, 0xFA,
    0x75, 0x51, 0xFE, 0xFF, 0x53, 0x5F, 0x90, 0x53, 0xC9, 0xB9, 0x63, 0x84, 0xE1, 0x9E, 0x47, 0x1B,
    0x94, 0x45, 0xE5, 0x2E, 0x80, 0x47, 0x19, 0x51, 0x70, 0x3A, 0x0B, 0xEC, 0x90, 0x61, 0xD6, 0x3B,
    0xF1, 0xF8, 0x3C, 0x01, 0x4A, 0x63, 0x92, 0x47, 0x86, 0x8C, 0xC0, 0x9E, 0xBF, 0x6C, 0x5D, 0xC5,
    0xE9, 0x8A, 0x69, 0xCB, 0x5C, 0x9A, 0xB6, 0xAE, 0xB1, 0x83, 0xA1, 0xC7, 0xDD, 0x97, 0x12, 0x0E,
    0x30, 0x00, 0xD0, 0x00, 0xD9, 0x2D, 0x82, 0x5E, 0xF4, 0x13, 0x0C, 0x88, 0x98, 0x31, 0x57, 0xB9,
    0xAA, 0x0E, 0xF5, 0x2C, 0xD1, 0x69, 0xE9, 0xC0, 0x61, 0x29, 0xDF, 0xEA, 0xD3, 0x61, 0x29, 0x59,
    0x8F, 0xCA, 0xCE, 0x68, 0xC6, 0xED, 0xD3, 0x95, 0x76, 0xCB, 0x19, 0x4A, 0x62, 0x4F, 0xD0, 0x08,
    0x0D, 0xDA, 0x5C, 0x1B, 0x3B, 0xC0, 0x44, 0xC5, 0x00, 0xC6, 0x82, 0x47, 0xC0, 0x1E, 0x5D, 0x49,
    0x4E, 0xB5, 0x5F, 0xEB, 0x2A, 0xCA, 0xF7, 0x1B, 0xE6, 0x4A, 0x8A, 0xEE, 0xE9, 0xAE, 0x88, 0xBA,
    0x2B, 0x73, 0xBC, 0x98, 0xB8, 0xBD, 0xCF, 0xE9, 0xB0, 0xA4, 0xAB, 0x67, 0x18, 0x8E, 0xA9, 0xB1,
    0xDF, 0x55, 0x56, 0xA6, 0x16, 0x4D, 0x7B, 0xA2, 0x6C, 0x9E, 0x80, 0xDA, 0x69, 0x60, 0x6C, 0x1F,
    0x7A, 0xE4, 0xEB, 0x87, 0xC5, 0x10, 0x6B, 0xFA, 0xA6, 0x83, 0x1E, 0x7A, 0x43, 0x37, 0xDC, 0x0A,
    0x69, 0x13, 0x53, 0x11, 0xE7, 0x25, 0x0C, 0x9B, 0xA0, 0xDF, 0x76, 0x2D, 0x6D, 0x95, 0x4B, 0xB3,
    0x86, 0x41, 0x66, 0x72, 0x75, 0x1A, 0x14, 0x9D, 0x92, 0xFB, 0xD3, 0x5C, 0x9E, 0x3C, 0xD1, 0x0C,
    0x4B, 0xAC, 0x93, 0xA0, 0x4E, 0xA5, 0x29, 0x24, 0xD8, 0x8B, 0x73, 0x75, 0x1B, 0x60, 0x12, 0x6A,
    0x72, 0xCC, 0x23, 0x22, 0x5C, 0xC2, 0x99, 0x8A, 0x29, 0x61, 0x93, 0x67, 0xC5, 0x31, 0xA1, 0x12,
    0x69, 0xD2, 0x1A, 0xD1, 0x01, 0x2A, 0xBB, 0x23, 0x4F, 0x76, 0x24, 0xE6, 0x65, 0x14, 0xDD, 0x66,
    0x46, 0xC3, 0x51, 0xBF, 0x31, 0xDD, 0xAB, 0x1C, 0x99, 0xC3, 0x0C, 0x48, 0x18, 0xFA, 0xDB, 0x9A,
    0x53, 0xC5, 0xAE, 0x2D, 0x79, 0x73, 0xD4, 0xF7, 0xE7, 0x3C, 0xCD, 0xA7, 0x1F, 0xE4, 0xB2, 0x77,
    0x80, 0xF7, 0xD3, 0x3E, 0x30, 0x30, 0xA0, 0xF8, 0x6A, 0x3E, 0x46, 0xE9, 0x92, 0x46, 0x3D, 0xA5,
    0xB6, 0x6B, 0x25, 0xDD, 0x68, 0x24, 0xC7, 0xB4, 0x35, 0xD3, 0x7E, 0x63, 0xA1, 0xC6, 0x92, 0x28,
    0xD9, 0xA3, 0xB1, 0x77, 0xB2, 0x99, 0xC6, 0x81, 0x5D, 0x13, 0x60, 0x3C, 0x5D, 0x3B, 0x19, 0xBB,
    0xB5, 0x3D, 0x3B, 0xF5, 0x50, 0xF4, 0x1B, 0xD3, 0xA9, 0x24, 0x9F, 0xBD, 0x68, 0xD2, 0x5D, 0x8E,
    0xCF, 0xE9, 0x36, 0xA3, 0x43, 0x69, 0x1D, 0x36, 0xBF, 0x75, 0xC0, 0x30, 0x22, 0x5F, 0xE6, 0xE3,
    0x9C, 0x7F, 0x78, 0x4A, 0xFE, 0xC1, 0xE6, 0x74, 0xC6, 0xBF, 0x0A, 0xB9, 0x87, 0xB2, 0x79, 0x6A,
    0xB4, 0x50, 0x1F, 0x8D, 0x50, 0x14, 0xFD, 0x6E, 0x5D, 0xD6, 0x9E, 0x46, 0x89, 0x3F, 0x81, 0xF1,
    0x6D, 0x77, 0xA5, 0x31, 0x45, 0x9B, 0x29, 0x41, 0x2C, 0x00, 0x3D, 0x26, 0x98, 0x5B, 0xEC, 0x77,
    0x6B, 0x8E, 0xDA, 0xD5, 0xC4, 0xB5, 0xA0, 0x24, 0x26, 0x36, 0x1E, 0x65, 0xD2, 0x82, 0xFF, 0xFD,
    0x7B, 0xC1, 0xAF, 0xFE, 0x3D, 0xE3, 0x13, 0xC1, 0x2F, 0x3E, 0x14, 0x7C, 0x28, 0xA8, 0xA7, 0x4A,
    0x72, 0xBB, 0x86, 0xCB, 0xAB, 0x1B, 0x77, 0x56, 0xF5, 0x55, 0x64, 0xA7, 0xFE, 0x34, 0x9C, 0x7F,
    0x6E, 0x26, 0x73, 0xB4, 0xBC, 0x3A, 0xBB, 0x86, 0x4E, 0x7A, 0xF0, 0x49, 0x76, 0x9F, 0x35, 0xCC,
    0x9B, 0x60, 0xDE, 0x76, 0x7A, 0x75, 0x1F, 0x5A, 0xD1, 0xE2, 0xE7, 0x4F, 0x92, 0xBC, 0x7B, 0x6F,
    0xBE, 0xA0, 0x6D, 0x7F, 0xE9, 0xB7, 0xCB, 0x4D, 0xC7, 0xFC, 0xBC, 0xBB, 0x50, 0x81, 0x6D, 0xDA,
    0x8F, 0x25, 0x8E, 0x41, 0x64, 0x2F, 0xF5, 0x6D, 0x1D, 0x00, 0x13, 0x81, 0x5C, 0x99, 0xEC, 0x2C,
    0xF6, 0xA4, 0x1E, 0x53, 0x71, 0x61, 0x6A, 0xB3, 0xB7, 0x73, 0x65, 0xD8, 0x91, 0xB3, 0x04, 0x9F,
    0xAE, 0xBB, 0xF4, 0xCA, 0x5B, 0xE9, 0x7B, 0x48, 0x38, 0x0F, 0x1B, 0xF6, 0x62, 0xB1, 0x21, 0x48,
    0x8B, 0x4C, 0xBA, 0x57, 0xB6, 0x45, 0x3D, 0xED, 0xA2, 0x72, 0x07, 0x28, 0x7D, 0x40, 0x11, 0x3C,
    0x30, 0x3B, 0x60, 0xB0, 0x80, 0x1E, 0x81, 0xB6, 0x13, 0x01, 0x2F, 0xDF, 0x05, 0xFE, 0x14, 0x00,
    0x4E, 0xC0, 0x61, 0x07, 0x60, 0x6F, 0x44, 0xC1, 0x1C, 0x2F, 0x6A, 0xB6, 0x2A, 0x86, 0x65, 0x52,
    0x1B, 0xF5, 0xBF, 0xFE, 0xCA, 0x0D, 0xCD, 0x87, 0x61, 0x6E, 0x3E, 0x88, 0xA9, 0xB9, 0xBF, 0x48,
    0xEE, 0x83, 0x69, 0x7E, 0xE1, 0x35, 0xFF, 0x68, 0x6B, 0xB2, 0x43, 0x6B, 0xCF, 0xF3, 0xC1, 0x3C,
    0x02, 0x18, 0xA0, 0x03, 0xC7, 0xC6, 0x69, 0x94, 0xFE, 0x78, 0x5B, 0x07, 0x63, 0xB7, 0xE5, 0x9B,
    0x09, 0xF8, 0xD2, 0xA3, 0x9C, 0x12, 0x9A, 0x89, 0xBD, 0xFE, 0x8C, 0xE3, 0x62, 0x45, 0xB9, 0xFF,
    0x46, 0x6B, 0x93, 0x93, 0x21, 0x1D, 0x50, 0x8A, 0x36, 0x13, 0x50, 0x88, 0xD0, 0x99, 0x2F, 0x39,
    0xB6, 0x1F, 0x53, 0xAC, 0x9D, 0xB0, 0x68, 0x4A, 0xA8, 0x98, 0x50, 0x88, 0x80, 0x55, 0x62, 0xE2,
    0xEC, 0x9A, 0x92, 0x76, 0x70, 0xED, 0x6F, 0x93, 0xB1, 0xE2, 0x9B, 0xBA, 0xFF, 0x66, 0xB4, 0xDC,
    0x7E, 0x23, 0xDD, 0x73, 0x67, 0x7B, 0x64, 0x04, 0x01, 0x40, 0x91, 0x01, 0x9F, 0xB1, 0xDD, 0xBB,
    0x6D, 0xF7, 0xF1, 0x1D, 0xFC, 0xDA, 0x0D, 0x6E, 0x73, 0x06, 0xC8, 0x1E, 0xA9, 0x1D, 0x91, 0x1A,
    0x91, 0x5E, 0xFA, 0x49, 0xCD, 0x00, 0x13, 0x37, 0xB4, 0xAD, 0x2F, 0xB2, 0x5D, 0x60, 0xB0, 0x05,
    0x6D, 0x86, 0x17, 0x3C, 0x88, 0x82, 0xD3, 0x8C, 0x87, 0x02, 0x4D, 0xB1, 0xA1, 0xE1, 0xCF, 0x04,
    0x11, 0xCB, 0xC2, 0x77, 0x09, 0xB4, 0x92, 0x78, 0x19, 0x05, 0xA3, 0x24, 0xD3, 0x92, 0x91, 0xFD,
    0x32, 0x88, 0xD8, 0xFD, 0xC6, 0xA1, 0x74, 0x25, 0xBD, 0x04, 0xB9, 0xF9, 0x71, 0xE5, 0x52, 0x33,
    0x91, 0x7D, 0xF3, 0x15, 0x8C, 0xBB, 0x16, 0x04, 0x03, 0x65, 0x97, 0x93, 0xCC, 0x28, 0xCB, 0xDE,
    0x66, 0xCC, 0xC5, 0xD8, 0x2D, 0x1E, 0x7A, 0x35, 0xAA, 0x87, 0x41, 0x70, 0x9A, 0xDA, 0x5E, 0x3B,
    0xCE, 0x30, 0xAE, 0xF5, 0x80, 0x64, 0xA8, 0x48, 0xF1, 0xF7, 0xED, 0xB6, 0xA9, 0xFE, 0x22, 0xA2,
    0x64, 0x04, 0x44, 0xC5, 0xA7, 0x72, 0x9F, 0x9F, 0x7F, 0x30, 0x43, 0x97, 0xEC, 0x00, 0x94, 0x1D,
    0x2A, 0xBB, 0x34, 0xE6, 0xFB, 0xEB, 0xA6, 0xF6, 0xA9, 0xA3, 0xA6, 0x7A, 0xA7, 0x6F, 0x7E, 0x33,
    0xD6, 0x3F, 0xED, 0x80, 0x67, 0x4A, 0x5F, 0xDC, 0x06, 0xF4, 0xBA, 0x87, 0xD4, 0x1C, 0x97, 0xFF,
    0x55, 0xD6, 0x67, 0xD9, 0x47, 0x88, 0x2A, 0x98, 0xBE, 0x72, 0x79, 0x81, 0xD5, 0x5C, 0x92, 0x92,
    0x17, 0x6E, 0x63, 0xDB, 0xAF, 0xB3, 0x27, 0x50, 0xCC, 0x40, 0x13, 0xB6, 0xDD, 0xF6, 0x05, 0x40,
    0x2D, 0x0F, 0x0F, 0x80, 0x3B, 0xD8, 0x5E, 0x97, 0x27, 0x93, 0xA3, 0xC7, 0x27, 0x93, 0x0D, 0xFB,
    0x3C, 0xE0, 0xDC, 0x70, 0xF7, 0xD0, 0x31, 0x41, 0xC2, 0x0C, 0x30, 0x57, 0xF5, 0x2D, 0x4D, 0x57,
    0x4B, 0xA3, 0x88, 0xD9, 0x89, 0xB9, 0xC1, 0xFC, 0xD7, 0x18, 0x26, 0xB4, 0x33, 0xA4, 0xDD, 0xA5,
    0x6A, 0xA1, 0x1D, 0xC9, 0x6E, 0x2F, 0xA0, 0x1E, 0x95, 0xAD, 0x47, 0x00, 0xD8, 0xB3, 0xC3, 0xD7,
    0x4F, 0x65, 0xBC, 0x09, 0xFB, 0xFB, 0x29, 0x1D, 0x1F, 0x3F, 0x31, 0x3E, 0xE2, 0x18, 0x49, 0x04,
    0xE0, 0xA5, 0x54, 0x27, 0x3C, 0xFE, 0x17, 0x8B, 0x58, 0x79, 0x3D, 0x2D, 0x63, 0x35, 0x50, 0x65,
    0xE0, 0xD3, 0x78, 0x0E, 0x06, 0x69, 0x44, 0x12, 0x9B, 0x8F, 0xA3, 0x41, 0x29, 0x9E, 0xDE, 0xE9,
    0xFB, 0x72, 0x67, 0xDE, 0xE6, 0x8C, 0xDD, 0x8A, 0x1E, 0xD2, 0x89, 0x47, 0xE4, 0x5E, 0xBC, 0x74,
    0xD7, 0x73, 0xCC, 0x50, 0xE4, 0x30, 0x0A, 0xD4, 0xB8, 0x2C, 0xF4, 0x05, 0xCD, 0xA8, 0x3D, 0x99,
    0x07, 0xCF, 0x84, 0x6B, 0x0E, 0xD0, 0xA2, 0x6A, 0x6D, 0xA3, 0xEA, 0x72, 0x1B, 0x75, 0x55, 0xD0,
    0xB9, 0x4D, 0xAE, 0x68, 0x23, 0xA9, 0x6B, 0x1C, 0x3C, 0xF2, 0x55, 0x8C, 0x40, 0x69, 0x81, 0x6C,
    0x20, 0x85, 0xF3, 0xEB, 0x79, 0x66, 0xA8, 0xC5, 0x05, 0xF7, 0x45, 0xF7, 0x44, 0xAD, 0xA8, 0xEA,
    0xB0, 0x5E, 0xCF, 0x35, 0xAB, 0x16, 0xDD, 0x6D, 0x94, 0xA3, 0x13, 0x6F, 0x77, 0x00, 0x2D, 0xF2,
    0xA5, 0xA3, 0x91, 0x36, 0x68, 0x7B, 0x35, 0xB5, 0xA8, 0xDC, 0x2E, 0x4A, 0x77, 0x80, 0x4D, 0x38,
    0x06, 0xA2, 0x07, 0x4E, 0x1C, 0x60, 0xA6, 0xED, 0xF8, 0xDC, 0xF4, 0x22, 0xE0, 0xE5, 0x5D, 0xE0,
    0x9F, 0x22, 0x60, 0xDC, 0xD6, 0x03, 0x9F, 0x71, 0x7C, 0x1C, 0x0D, 0x69, 0x73, 0x7E, 0xA8, 0x55,
    0xDF, 0x01, 0x4A, 0x3A, 0x14, 0xB4, 0x4B, 0x41, 0x12, 0x3F, 0x0E, 0xA2, 0x7D, 0xD9, 0x1C, 0xFD,
    0xA3, 0x68, 0xEB, 0xDE, 0xEC, 0xD7, 0xF5, 0xED, 0x85, 0xB5, 0xED, 0xAD, 0x50, 0x90, 0x2E, 0xAF,
    0x6D, 0x5F, 0x4A, 0xF8, 0x4E, 0x02, 0x12, 0x48, 0x2F, 0xC1, 0xA5, 0xF7, 0x5C, 0xFA, 0x39, 0x12,
    0xC0, 0x00, 0xCE, 0x48, 0x03, 0x92, 0xD9, 0xCC, 0x49, 0xF1, 0x11, 0xCE, 0xB7, 0x90, 0x7B, 0xA3,
    0x46, 0xED, 0x0E, 0x51, 0x3A, 0x92, 0x3E, 0x6B, 0xBE, 0xB8, 0x85, 0xEC, 0x2F, 0x6F, 0x21, 0xD7,
    0xBE, 0x71, 0x2B, 0x9E, 0x20, 0x92, 0x49, 0x42, 0x42, 0x64, 0x11, 0xCD, 0xDB, 0x3E, 0x77, 0xE3,
    0xB9, 0x1B, 0x12, 0xEE, 0x0D, 0x71, 0xC3, 0x66, 0x2A, 0xA9, 0x5C, 0x9D, 0x77, 0x92, 0x63, 0xE9,
    0x9B, 0x7E, 0x13, 0x5B, 0x20, 0x6A, 0x60, 0xBE, 0x0E, 0x98, 0x83, 0xED, 0x8C, 0xDA, 0x7A, 0x40,
    0x39, 0xA0, 0x9E, 0x60, 0x62, 0x65, 0xB5, 0x57, 0x4E, 0xCC, 0xEE, 0xEA, 0x33, 0xB3, 0xFB, 0xF7,
    0x81, 0xE8, 0xCE, 0xA7, 0xA4, 0x73, 0xB3, 0xDF, 0x7E, 0x11, 0x40, 0x68, 0x05, 0x26, 0x7D, 0xFD,
    0x68, 0x01, 0x83, 0x6F, 0xD2, 0xFF, 0xEF, 0xF8, 0x02, 0xD0, 0x22, 0xEC, 0x66, 0x1C, 0x60, 0x75,
    0x35, 0xDC, 0xC1, 0x13, 0x16, 0x61, 0x93, 0xB8, 0xED, 0xF8, 0x94, 0x45, 0xD8, 0x24, 0xE9, 0xF2,
    0x8B, 0xDA, 0xF3, 0xCD, 0x29, 0x5E, 0x04, 0x13, 0x30, 0xAC, 0x9B, 0x08, 0x12, 0x78, 0xF3, 0x7F,
    0x00, 0xC5, 0xE9, 0xA9, 0x67, 0x5F, 0xAD, 0xCB, 0xA1, 0x72, 0xD0, 0xCC, 0x5C, 0x03, 0x5D, 0xC5,
    0x58, 0x7D, 0x1A, 0x2B, 0x97, 0x2A, 0x17, 0x9B, 0x3F, 0x07, 0xCD, 0xA3, 0xAF, 0xEF, 0xDC, 0xFF,
    0xEB, 0x44, 0x7D, 0x14, 0x97, 0x9D, 0xFB, 0xA4, 0xEC, 0x8F, 0x2F, 0xEE, 0xDC, 0x9F, 0xB8, 0x30,
    0x3A, 0xD5, 0x62, 0x33, 0x03, 0xF5, 0x49, 0x5A, 0x17, 0x46, 0x4E, 0xE2, 0x5F, 0x7B, 0x6C, 0x61,
    0x04, 0xBC, 0xB6, 0x18, 0xEB, 0x98, 0x8C, 0x03, 0x83, 0x44, 0x3D, 0x39, 0xAC, 0x5F, 0x09, 0x74,
    0x80, 0x43, 0xE1, 0x0C, 0x73, 0xB8, 0x2A, 0xE5, 0x3A, 0x22, 0x93, 0xF3, 0x72, 0x26, 0x7F, 0x7D,
    0x39, 0x90, 0xFF, 0xA1, 0x3C, 0x27, 0x25, 0x5C, 0x51, 0xE6, 0x40, 0x27, 0xA1, 0xB9, 0xEF, 0x9A,
    0x51, 0x42, 0xC7, 0x88, 0x66, 0x5C, 0x83, 0x09, 0x18, 0x22, 0xC8, 0x88, 0x41, 0xA4, 0xEC, 0xB1,
    0x68, 0xE7, 0xE2, 0xBB, 0xAC, 0xEF, 0xB7, 0xBC, 0xBF, 0xB4, 0x67, 0x23, 0x12, 0x3E, 0x52, 0x96,
    0x51, 0xAD, 0x6B, 0x26, 0xDD, 0xA3, 0x20, 0xA0, 0x23, 0xD0, 0x4C, 0x38, 0xAB, 0xB7, 0x84, 0x77,
    0x25, 0x45, 0x36, 0xEA, 0x99, 0xB1, 0x9B, 0xC9, 0x18, 0x6F, 0x80, 0x01, 0x48, 0xD8, 0x2C, 0xB3,
    0x7C, 0xD3, 0xAF, 0x67, 0x7B, 0xD3, 0x10, 0x1A, 0xDB, 0x48, 0x26, 0x6D, 0x11, 0x73, 0x3D, 0x20,
    0xEF, 0xE5, 0x96, 0x13, 0xBE, 0xE9, 0xC2, 0x09, 0xDF, 0x74, 0x76, 0xC2, 0x37, 0xE7, 0x33, 0xCE,
    0x8D, 0xA4, 0x4C, 0xA8, 0xBC, 0x94, 0x8D, 0x66, 0x6A, 0x83, 0x1E, 0x4D, 0xCF, 0xD8, 0x38, 0x00,
    0xA8, 0x62, 0x26, 0xC2, 0x05, 0xBE, 0xB7, 0xF0, 0xCE, 0x5F, 0xB4, 0x75, 0xB9, 0xE5, 0xCE, 0x37,
    0xDB, 0x0B, 0xA6, 0x8C, 0x97, 0x37, 0x3C, 0x6A, 0x18, 0xDA, 0x1B, 0xF1, 0x15, 0xA4, 0xEF, 0x21,
    0x5E, 0x3C, 0x47, 0x7C, 0x01, 0xE6, 0x3A, 0x06, 0xF3, 0xCF, 0x49, 0x33, 0xD4, 0xEC, 0xA1, 0x20,
    0xA1, 0x78, 0x13, 0xE5, 0x8C, 0x22, 0xE0, 0x6C, 0x1F, 0x34, 0xA2, 0xE9, 0xAB, 0x75, 0x1F, 0x34,
    0x5E, 0xDC, 0x07, 0xC1, 0xE1, 0x45, 0x87, 0xD6, 0x4A, 0xFC, 0x7A, 0xFC, 0xDE, 0xE4, 0xD1, 0x5B,
    0x74, 0xBC, 0xCE, 0x06, 0xD3, 0xD7, 0x8E, 0xE0, 0xE3, 0xF9, 0xD1, 0x5E, 0x36, 0x44, 0x36, 0xC3,
    0x6A, 0x84, 0x90, 0xB5, 0xBE, 0xFE, 0x9D, 0x67, 0x9B, 0x51, 0x66, 0x18, 0xAF, 0x7B, 0x40, 0x89,
    0xEA, 0x0E, 0xA8, 0x00, 0x14, 0x60, 0x28, 0xDD, 0xE0, 0x95, 0xCF, 0xA3, 0x87, 0xFA, 0xC3, 0x21,
    0xD4, 0x1F, 0x56, 0xD7, 0x67, 0x90, 0xFB, 0x28, 0x1A, 0x44, 0x4B, 0x37, 0xC9, 0x6E, 0xE2, 0x8C,
    0xAF, 0x03, 0xFD, 0x26, 0x19, 0xA7, 0xD0, 0xE6, 0x6E, 0x33, 0xEE, 0x43, 0xFD, 0x87, 0xA4, 0xFF,
    0xCF, 0x5C, 0x77, 0xD1, 0x7F, 0x3B, 0xF9, 0x2C, 0xF9, 0xC6, 0xBB, 0x68, 0x27, 0x0D, 0x49, 0x37,
    0xE6, 0x77, 0x65, 0x68, 0x2D, 0xA3, 0xE9, 0xDF, 0x7C, 0x74, 0xD5, 0x4F, 0x0D, 0xF1, 0xCA, 0x23,
    0xCC, 0xBF, 0x73, 0x40, 0x7B, 0x36, 0x0B, 0xC7, 0x66, 0x39, 0xE8, 0xAB, 0x9C, 0x47, 0xF5, 0xE9,
    0x84, 0xEA, 0xF3, 0x11, 0x15, 0x45, 0x9F, 0x3B, 0x99, 0x95, 0x83, 0xC4, 0x25, 0x34, 0xDE, 0x40,
    0x87, 0x66, 0x34, 0x74, 0x2D, 0x06, 0x5A, 0x76, 0x07, 0xFA, 0x06, 0xBB, 0x7D, 0x7D, 0x6B, 0x02,
    0xF4, 0x1B, 0xBD, 0x80, 0xC8, 0xE8, 0x04, 0x6F, 0x8E, 0xF9, 0x59, 0x8E, 0xB8, 0xE5, 0x05, 0x37,
    0xA3, 0xA0, 0x23, 0x0A, 0x3A, 0xD3, 0x97, 0x74, 0x8D, 0x25, 0x6F, 0x4C, 0x64, 0xED, 0x7C, 0x52,
    0x90, 0x3D, 0x0E, 0xDE, 0xCD, 0x2E, 0xC5, 0x08, 0xA4, 0x43, 0x91, 0x16, 0x35, 0xE3, 0x86, 0xF5,
    0x54, 0xF3, 0x86, 0x67, 0x6C, 0x09, 0x06, 0x41, 0x1E, 0x62, 0x9F, 0xEF, 0xCC, 0xB3, 0x79, 0x54,
    0x7D, 0x05, 0x29, 0xE0, 0xC9, 0x07, 0x60, 0xCF, 0xBA, 0x8B, 0x9C, 0x24, 0x9D, 0x07, 0x8A, 0x2C,
    0x07, 0x20, 0xEB, 0x76, 0x2E, 0x39, 0x8A, 0xA7, 0x31, 0xE6, 0x6F, 0xDB, 0x39, 0xC7, 0xDF, 0x3E,
    0xD3, 0x49, 0x6C, 0xFE, 0x6D, 0x2E, 0x6A, 0xF6, 0xC6, 0x93, 0x52, 0x03, 0xCA, 0x37, 0xBD, 0xB1,
    0xEA, 0x1F, 0xAE, 0xA8, 0x41, 0x4E, 0x37, 0x91, 0x4C, 0xC0, 0x40, 0x06, 0x20, 0x8F, 0x2C, 0x4F,
    0x20, 0xC3, 0x42, 0x76, 0x42, 0x6B, 0xC6, 0x4C, 0x35, 0x65, 0xD6, 0x2E, 0xB3, 0x72, 0x7B, 0xBE,
    0x0D, 0x95, 0x63, 0x1C, 0x62, 0xED, 0x80, 0x9C, 0xE7, 0xFC, 0x47, 0xA7, 0x62, 0x3B, 0x79, 0xA5,
    0xE5, 0xC1, 0x04, 0x43, 0xDA, 0x8C, 0x11, 0x52, 0x12, 0x2E, 0x63, 0xE8, 0x05, 0x74, 0x82, 0x5B,
    0x41, 0xB0, 0x11, 0xDF, 0x1A, 0x5E, 0x8F, 0xE6, 0x0B, 0xDE, 0x8F, 0x00, 0x36, 0x19, 0x65, 0x10,
    0x34, 0x4E, 0x40, 0x2B, 0x38, 0x04, 0xDA, 0x5E, 0xA2, 0xBC, 0xB1, 0x50, 0x1F, 0xD0, 0x43, 0x97,
    0x9F, 0x45, 0x1C, 0xD6, 0x53, 0xC4, 0xBD, 0xEC, 0xA6, 0x69, 0x45, 0xC4, 0x9C, 0x31, 0x54, 0x1F,
    0x07, 0x98, 0x9B, 0xE2, 0x87, 0xB2, 0xE3, 0x1B, 0x51, 0x93, 0xEC, 0x30, 0xFC, 0x79, 0x46, 0x91,
    0x20, 0x5D, 0x31, 0x41, 0x37, 0xEC, 0x4E, 0xF4, 0xDE, 0x98, 0x4C, 0xB3, 0x68, 0xD6, 0x4D, 0x3F,
    0xE8, 0x16, 0xE6, 0x8D, 0x7B, 0x68, 0x38, 0xBF, 0xBB, 0xE1, 0x30, 0x8A, 0xA9, 0xCB, 0xE5, 0xC7,
    0x58, 0x8D, 0xEB, 0x06, 0x3F, 0x3C, 0x01, 0xD2, 0x59, 0x98, 0x81, 0x01, 0x30, 0xB6, 0xD0, 0xA4,
    0xE2, 0x9C, 0x7F, 0x58, 0x55, 0xC0, 0x1B, 0xD8, 0x10, 0x45, 0x78, 0xE2, 0x3E, 0x7D, 0x58, 0xF6,
    0xE9, 0x35, 0x7B, 0xEC, 0x40, 0x82, 0x0A, 0xA8, 0x27, 0x3C, 0xFF, 0x59, 0xB4, 0x47, 0xC9, 0xB0,
    0x6E, 0x19, 0xFD, 0x2A, 0x27, 0xBA, 0x83, 0xA7, 0xED, 0xFF, 0x2D, 0xEA, 0x11, 0xD5, 0x88, 0x72,
    0x44, 0xD1, 0x2D, 0x87, 0xD9, 0xA1, 0xF1, 0x6A, 0xBB, 0x48, 0xEA, 0x36, 0x71, 0x17, 0x48, 0xEB,
    0x0F, 0x7C, 0xAD, 0x03, 0x94, 0xBD, 0x2C, 0x13, 0x00, 0x26, 0xE8, 0xB9, 0x15, 0x27, 0x68, 0xA6,
    0xDA, 0xD5, 0x92, 0x4F, 0xF5, 0x9B, 0xD0, 0xA2, 0x58, 0xF2, 0xDE, 0x05, 0x0E, 0x8F, 0x01, 0x7D,
    0x96, 0x7F, 0xBA, 0x9C, 0xBF, 0xF5, 0x4B, 0x19, 0xFF, 0x07, 0x9D, 0x98, 0x01, 0xA4, 0x1F, 0x49,
    0x9E, 0xC7, 0x3F, 0xFD, 0x6F, 0x9B, 0x46, 0xBB, 0xAD, 0x60, 0x38, 0x64, 0x2E, 0x05, 0x00, 0x37,
    0xD3, 0x30, 0xDC, 0xE2, 0xE5, 0x55, 0xCF, 0x05, 0x83, 0xC1, 0x0C, 0x00, 0x30, 0x1C, 0x00, 0xBC,
    0xC5, 0x21, 0x78, 0x79, 0xD5, 0x3B, 0x8B, 0xC1, 0xC2, 0x1C, 0x00, 0x38, 0x00, 0xC0, 0x0C, 0x17,
    0x84, 0x4B, 0xD2, 0x35, 0x17, 0x2C, 0x16, 0x5B, 0x49, 0x8E, 0xC3, 0x60, 0x7A, 0x2E, 0xE1, 0xD8,
    0xE5, 0xB6, 0x66, 0xA7, 0x22, 0x9D, 0xB9, 0xAA, 0xFE, 0x5D, 0x75, 0xBF, 0xF7, 0xF2, 0x4F, 0x26,
    0x8F, 0x89, 0xF9, 0xFD, 0x7F, 0xDF, 0xAF, 0xFC, 0xF3, 0x5E, 0xD7, 0xEF, 0x5B, 0xBF, 0xEA, 0xEA,
    0x6F, 0xBD, 0x1E, 0x93, 0x99, 0xED, 0xDC, 0x4D, 0x2A, 0xA8, 0xA1, 0x89, 0x9A, 0x5D, 0x3A, 0x84,
    0x7C, 0x0C, 0xF6, 0x16, 0x98, 0x40, 0x2D, 0xC2, 0xEE, 0x8B, 0x3F, 0x81, 0xF2, 0xA7, 0x38, 0x9A,
    0x41, 0x12, 0xE3, 0x3C, 0x4E, 0x76, 0xEA, 0x9C, 0x72, 0x1D, 0xCA, 0x1F, 0xD2, 0x4C, 0xC7, 0xD4,
    0x21, 0xB1, 0x8B, 0x11, 0x7E, 0x08, 0x20, 0x9E, 0x6A, 0xFC, 0x4F, 0x6A, 0x49, 0x60, 0xFA, 0x3D,
    0xC6, 0x89, 0x4A, 0x02, 0x46, 0x74, 0xA6, 0xCB, 0xED, 0x4C, 0x9D, 0x5A, 0x0F, 0x8B, 0xEE, 0xC1,
    0x9E, 0x00, 0x5D, 0x02, 0x54, 0x58, 0x69, 0x06, 0x4C, 0x06, 0xEE, 0xD8, 0x9E, 0x5D, 0x34, 0x8E,
    0x26, 0xA8, 0x40, 0x37, 0xEB, 0x85, 0x22, 0x5C, 0x00, 0xCC, 0x0B, 0x7A, 0x17, 0xE0, 0x2A, 0xC0,
    0xDF, 0x60, 0x66, 0x71, 0x3A, 0x18, 0xEA, 0x78, 0x07, 0x96, 0x00, 0xD6, 0x43, 0xE7, 0xC0, 0x4E,
    0xF0, 0x2C, 0x52, 0x4F, 0x19, 0x3D, 0xC9, 0x60, 0xFE, 0x2A, 0x1E, 0x1A, 0x77, 0x8A, 0xBA, 0xA0,
    0xEA, 0xAD, 0x24, 0x99, 0xC6, 0x42, 0xFE, 0x46, 0x3E, 0xB0, 0xFC, 0xF3, 0x4A, 0x97, 0xF3, 0x65,
    0x0B, 0x99, 0x9F, 0xA2, 0x46, 0x44, 0x82, 0x2A, 0x14, 0x81, 0xDD, 0x46, 0x01, 0xA8, 0x56, 0x62,
    0xA3, 0x49, 0xE4, 0x2F, 0x71, 0xC5, 0xF7, 0xCF, 0xBE, 0x71, 0x8F, 0x9F, 0xFD, 0xAB, 0xAB, 0x9F,
    0x6A, 0x57, 0xC7, 0x57, 0xD1, 0x8A, 0xCC, 0x5A, 0x24, 0x01, 0x2B, 0x6E, 0x03, 0x37, 0x80, 0xCB,
    0x92, 0xC6, 0x24, 0xF3, 0x38, 0x2B, 0xFF, 0xA3, 0xCF, 0xA4, 0x7C, 0xFB, 0xFC, 0x13, 0x5F, 0x8B,
    0x78, 0xC6, 0xBF, 0xF8, 0xFD, 0x72, 0xE9, 0x27, 0x20, 0x02, 0x9C, 0x00, 0x87, 0xC0, 0x35, 0xE0,
    0x00, 0x78, 0xDB, 0x3E, 0x13, 0xD7, 0x7D, 0x2B, 0xBD, 0xF2, 0x99, 0x0D, 0x53, 0xA6, 0x91, 0x4C,
    0x55, 0x00, 0x67, 0xD8, 0x89, 0x43, 0x6D, 0x2D, 0x2A, 0xA8, 0x5F, 0xB4, 0x48, 0x52, 0x51, 0x12,
    0xC7, 0xF8, 0x8A, 0x86, 0xC7, 0x45, 0xC3, 0x33, 0xBD, 0xD7, 0x50, 0xAB, 0x53, 0xB0, 0xE2, 0x28,
    0x52, 0x49, 0xB2, 0xB3, 0x78, 0x13, 0x64, 0x50, 0xDE, 0xB2, 0xE1, 0xF1, 0xD6, 0x32, 0xAA, 0x51,
    0xA0, 0xB6, 0xA7, 0x60, 0xEC, 0xA9, 0xC5, 0x4B, 0x82, 0x31, 0x6E, 0x57, 0xEF, 0x21, 0x4B, 0x81,
    0x0C, 0x6A, 0x32, 0xEE, 0xC7, 0x3D, 0xB0, 0x73, 0x37, 0xAF, 0xFD, 0xE9, 0x3C, 0x48, 0x81, 0x7E,
    0xF9, 0xBA, 0xAF, 0x67, 0x94, 0x64, 0x54, 0x94, 0xB5, 0xEE, 0x85, 0xE8, 0xC2, 0x38, 0xD8, 0xA7,
    0xDB, 0x6D, 0x3B, 0x81, 0x92, 0x04, 0xE6, 0x37, 0x52, 0x96, 0x1F, 0x43, 0x4C, 0x98, 0x5E, 0x4A,
    0xF4, 0xB6, 0x10, 0x55, 0x82, 0x53, 0x62, 0x01, 0x18, 0x01, 0xCC, 0xF4, 0xB7, 0xA0, 0x45, 0x60,
    0x27, 0x4F, 0xE0, 0xCA, 0x0C, 0xA3, 0xF0, 0x4F, 0xB3, 0x19, 0xBE, 0x0F, 0xDA, 0x89, 0x88, 0xB3,
    0x05, 0x4D, 0x80, 0x3A, 0x16, 0xE4, 0xAA, 0xAF, 0x44, 0x06, 0xBA, 0x0C, 0x8C, 0x1E, 0x5A, 0x49,
    0xD0, 0xFD, 0xCB, 0xC2, 0x7B, 0x16, 0x4B, 0x58, 0x2B, 0xEE, 0xCB, 0x9A, 0x1F, 0x95, 0xCD, 0x00,
    0x02, 0x60, 0xFC, 0xA5, 0x17, 0x65, 0x67, 0xC0, 0x70, 0xB6, 0xD0, 0xBC, 0x03, 0xF0, 0x36, 0x6F,
    0x2E, 0xC5, 0x2E, 0x50, 0x4F, 0x05, 0x67, 0x6B, 0xBD, 0x73, 0x48, 0xBE, 0xE0, 0x66, 0x2B, 0x9F,
    0xA3, 0x59, 0x32, 0x84, 0x03, 0x80, 0x78, 0x0C, 0x60, 0x23, 0x17, 0x44, 0xE3, 0xC6, 0xB9, 0xF5,
    0x2A, 0xD8, 0xD8, 0x05, 0x95, 0x94, 0xB7, 0x81, 0x9B, 0xCA, 0x27, 0xD0, 0xEA, 0x51, 0x80, 0x56,
    0xC4, 0x81, 0x12, 0xF1, 0xD0, 0x7D, 0xB4, 0xFE, 0x8F, 0x55, 0x0F, 0x13, 0x64, 0xE5, 0x33, 0xBB,
    0xA4, 0xFC, 0x48, 0x13, 0x95, 0x37, 0x4E, 0x4D, 0x76, 0xD6, 0xC1, 0x0C, 0xE3, 0xDC, 0xCC, 0xA8,
    0x55, 0x9C, 0xFA, 0xAC, 0x50, 0x2D, 0x3D, 0xFB, 0x50, 0xD7, 0xE5, 0x1F, 0x27, 0xFD, 0xD5, 0xA2,
    0xC2, 0x2E, 0x64, 0x0D, 0x31, 0x1F, 0xC0, 0x71, 0xBE, 0x01, 0x56, 0x66, 0xC8, 0xCB, 0x5D, 0x76,
    0x31, 0x1B, 0x9A, 0x90, 0xBB, 0x41, 0x3D, 0x58, 0xD4, 0xD4, 0x5D, 0x97, 0xEB, 0x51, 0x52, 0x33,
    0x49, 0x19, 0xBD, 0xD4, 0x99, 0x94, 0xBF, 0x8D, 0x7A, 0x10, 0x50, 0x8F, 0x1C, 0x4A, 0xE6, 0x02,
    0xA1, 0xA8, 0x18, 0x94, 0xEF, 0xDC, 0x7E, 0xEE, 0xCA, 0x4B, 0x52, 0x0E, 0x74, 0x81, 0x19, 0xA8,
    0x04, 0xBA, 0x04, 0x7A, 0xC2, 0xC6, 0x77, 0xBB, 0x69, 0x54, 0xFE, 0x3B, 0xF5, 0xD0, 0xA9, 0x47,
    0x83, 0x12, 0xAF, 0x64, 0x56, 0x3E, 0x2B, 0x3F, 0xEA, 0xC9, 0xDA, 0x68, 0x61, 0x84, 0x85, 0x5D,
    0xA2, 0x8B, 0xA8, 0xA1, 0x16, 0x99, 0x0B, 0x22, 0x07, 0xCA, 0xBF, 0xC0, 0x71, 0xC1, 0x8D, 0x82,
    0x5B, 0x05, 0x51, 0xF9, 0xAA, 0x28, 0xBB, 0x5E, 0x94, 0x89, 0x53, 0x93, 0xF4, 0x92, 0x6E, 0x56,
    0x92, 0x80, 0x19, 0x08, 0x50, 0x15, 0xEC, 0x7C, 0x81, 0x53, 0x22, 0x43, 0x2B, 0x02, 0xDF, 0xA5,
    0x17, 0xA8, 0xBE, 0x4D, 0xEC, 0x0A, 0xEA, 0x07, 0x89, 0xF1, 0xAB, 0x84, 0x7C, 0x20, 0xEE, 0xAE,
    0x12, 0x07, 0x5D, 0x5F, 0x00, 0x1C, 0x00, 0x6F, 0x21, 0xA9, 0x13, 0x64, 0x2E, 0xA4, 0x7C, 0x1D,
    0x2F, 0x26, 0x91, 0x8D, 0x5E, 0xFB, 0x81, 0x7E, 0x52, 0x48, 0x52, 0x21, 0xA8, 0x03, 0xD0, 0xAC,
    0xD4, 0x79, 0xA8, 0x65, 0x80, 0x5D, 0x06, 0x1B, 0x25, 0xD8, 0x20, 0x5E, 0x79, 0xD3, 0xBF, 0x80,
    0xC8, 0x86, 0xF3, 0xEF, 0x7A, 0x32, 0xBD, 0x8D, 0x9B, 0x4D, 0x00, 0x16, 0xAA, 0xE5, 0xB4, 0xAD,
    0x6A, 0xDA, 0xE4, 0x0D, 0xAB, 0xBC, 0xFE, 0xE7, 0xC8, 0x6B, 0x9E, 0x6F, 0x03, 0x38, 0xC0, 0x0C,
    0x2B, 0x01, 0xDC, 0x04, 0xB8, 0x0D, 0xF0, 0xE5, 0x2A, 0x6F, 0xB2, 0x61, 0x7C, 0x5D, 0xDE, 0x0F,
    0xE3, 0x4B, 0xF2, 0xAC, 0x5F, 0xA7, 0x01, 0xF5, 0x74, 0xEA, 0x16, 0x6D, 0x0F, 0x15, 0x3F, 0xF3,
    0x91, 0x9C, 0xA8, 0x66, 0x36, 0x10, 0x81, 0xB0, 0xE9, 0x78, 0xC3, 0x47, 0x72, 0x8F, 0x12, 0x47,
    0x3B, 0x9C, 0x4A, 0x68, 0x80, 0x0A, 0x94, 0x60, 0x63, 0x23, 0xFD, 0x38, 0x55, 0x32, 0x88, 0xAB,
    0xC4, 0x89, 0xDB, 0xFD, 0xF9, 0xAB, 0x3F, 0xBB, 0xDD, 0xFF, 0x3C, 0xFA, 0xDA, 0xD7, 0x8F, 0x1F,
    0xFF, 0xC1, 0xD7, 0x8F, 0x9E, 0xFD, 0xCE, 0xD7, 0x0F, 0xE4, 0x83, 0xA9, 0xF6, 0xD2, 0x4C, 0x8D,
    0x5B, 0x56, 0xBA, 0x59, 0x07, 0xFD, 0xE4, 0x57, 0x57, 0x82, 0x49, 0x74, 0x02, 0x30, 0x72, 0x56,
    0x8C, 0xF9, 0xDC, 0xBA, 0x2A, 0x6F, 0x42, 0x2B, 0x57, 0x66, 0x95, 0xEB, 0xA4, 0x63, 0x9D, 0x4D,
    0xAC, 0xFF, 0xF7, 0x1F, 0x62, 0xFD, 0xC7, 0x7F, 0x2B, 0x78, 0x1C, 0xEB, 0xDF, 0xDF, 0x8F, 0xF5,
    0xFD, 0xFB, 0xB1, 0x9D, 0x9A, 0xC5, 0x04, 0x2D, 0x67, 0xDD, 0xBD, 0x03, 0xDC, 0x02, 0x2E, 0x8F,
    0xE9, 0x28, 0x2A, 0x7F, 0xF1, 0xA7, 0x9B, 0xC7, 0xC4, 0xC7, 0xBF, 0x00, 0xA2, 0x06, 0x92, 0x01,
    0xBA, 0x99, 0x7D, 0x9C, 0x29, 0x68, 0x66, 0xA0, 0x4D, 0x80, 0xCA, 0xC0, 0x3B, 0x16, 0x38, 0x30,
    0xC0, 0x6D, 0x33, 0x40, 0xD0, 0x8E, 0x9D, 0x88, 0xA7, 0x16, 0x09, 0x34, 0xAE, 0x09, 0xA8, 0xA1,
    0x9E, 0x39, 0x9A, 0xDA, 0x05, 0x09, 0x9D, 0xF4, 0x07, 0x8A, 0x43, 0xBD, 0x5D, 0xBB, 0x45, 0xB3,
    0x60, 0xC4, 0x2D, 0xDA, 0x1F, 0x2B, 0x7F, 0x49, 0xBC, 0x11, 0x7F, 0x4F, 0xF9, 0xA4, 0x7C, 0xEE,
    0x56, 0xE7, 0xEF, 0x7E, 0x1B, 0x39, 0x7E, 0x17, 0xC8, 0x16, 0xB8, 0x73, 0x78, 0x81, 0x9C, 0xF8,
    0xAA, 0x9C, 0x7B, 0x7B, 0x39, 0x3D, 0x44, 0xED, 0xA8, 0x44, 0xDC, 0x2A, 0x67, 0x3A, 0x93, 0xE3,
    0xEA, 0x48, 0xB7, 0xCA, 0x19, 0x63, 0x27, 0x74, 0x6A, 0x30, 0x9F, 0xB8, 0xAB, 0x6D, 0xCF, 0x16,
    0xED, 0x82, 0x15, 0x97, 0xB5, 0x7F, 0xEB, 0x42, 0x39, 0x8F, 0x22, 0xB5, 0x88, 0x40, 0xB5, 0x31,
    0xFF, 0x1E, 0x15, 0x54, 0xDF, 0xC7, 0x5F, 0x42, 0xFD, 0x78, 0x53, 0x72, 0x7F, 0x65, 0x75, 0x7D,
    0xB3, 0x90, 0x5A, 0x66, 0xB0, 0x12, 0x01, 0x91, 0x58, 0x51, 0x85, 0x3A, 0x36, 0x7D, 0x3D, 0xD5,
    0x51, 0xF5, 0x7A, 0xD6, 0xAB, 0x9B, 0x24, 0x23, 0x42, 0x93, 0xF5, 0x64, 0x44, 0xD2, 0xD2, 0x85,
    0xE5, 0x8E, 0x76, 0x96, 0xEE, 0x4F, 0xD2, 0x8A, 0xFC, 0x60, 0xBF, 0x70, 0x94, 0xDA, 0x64, 0x1D,
    0x7F, 0x31, 0x8A, 0x2C, 0xDD, 0x13, 0x1B, 0x7F, 0xC1, 0xC7, 0xEA, 0xFD, 0xA0, 0xEE, 0x87, 0x9D,
    0x0C, 0x6C, 0x21, 0x22, 0xA3, 0x88, 0xF2, 0x5A, 0x79, 0xA5, 0x3C, 0x6B, 0x4A, 0x5C, 0xD3, 0xB3,
    0xA5, 0x52, 0x5E, 0x5B, 0x29, 0xB1, 0xA8, 0xDA, 0xA9, 0x0F, 0x5D, 0x23, 0x9C, 0xC6, 0x6E, 0x41,
    0x8B, 0x37, 0x1F, 0x86, 0xBB, 0x75, 0x10, 0x59, 0x33, 0xC3, 0x02, 0xE3, 0xF0, 0xB1, 0x91, 0xA9,
    0x91, 0xA1, 0x95, 0x1E, 0x2B, 0x81, 0xDC, 0x24, 0x3E, 0x66, 0x01, 0x2C, 0x9C, 0x1A, 0xE1, 0x86,
    0x8C, 0x21, 0x63, 0xB9, 0xB7, 0xF2, 0xA7, 0x89, 0x4E, 0x26, 0x2E, 0x2D, 0x3D, 0x57, 0x32, 0xA3,
    0xB8, 0xA8, 0x3D, 0x6D, 0xA0, 0x39, 0x1F, 0xBB, 0x99, 0x46, 0xE5, 0x8C, 0xF4, 0xED, 0x5C, 0xBA,
    0x34, 0xA1, 0xFE, 0x2B, 0xD0, 0xFE, 0xD6, 0x73, 0x1E, 0x3F, 0xB7, 0xD8, 0x61, 0x87, 0x35, 0xFD,
    0x3B, 0x57, 0xD9, 0xE2, 0xA7, 0x6B, 0x9F, 0xDF, 0x46, 0xD9, 0x02, 0xDC, 0xBE, 0xC6, 0x2B, 0xD1,
    0x78, 0x9B, 0x9B, 0xD5, 0x26, 0x67, 0xBD, 0xD9, 0xA4, 0xD9, 0x6C, 0xF2, 0x2E, 0x68, 0xF5, 0x20,
    0x42, 0x2B, 0x32, 0x81, 0x12, 0x09, 0xAB, 0x4D, 0x3E, 0x9C, 0xC1, 0x6C, 0x26, 0xBA, 0x28, 0x3F,
    0x6E, 0x36, 0x69, 0x86, 0xD5, 0x26, 0x3B, 0xAF, 0x82, 0xC9, 0x05, 0xC3, 0x98, 0x77, 0x89, 0xF6,
    0x0F, 0x0E, 0xD4, 0x37, 0x1E, 0x9A, 0xCF, 0x86, 0x0B, 0x6C, 0xB2, 0x0D, 0xD5, 0x94, 0x35, 0x7C,
    0x99, 0x0F, 0xE0, 0xE0, 0x42, 0x9B, 0xD4, 0x2F, 0xD9, 0x64, 0xE9, 0x5E, 0x69, 0xDE, 0x8B, 0xDE,
    0x5D, 0x12, 0xAF, 0x25, 0x75, 0xEF, 0xE7, 0xAB, 0x64, 0xAA, 0x84, 0x04, 0x24, 0x51, 0x2D, 0x30,
    0xFE, 0x1D, 0xD6, 0x32, 0xDA, 0x4F, 0xB3, 0x91, 0xD8, 0xC8, 0xD0, 0x75, 0x18, 0xDB, 0x5F, 0x3D,
    0x6F, 0x55, 0xBB, 0x6D, 0xBD, 0x1B, 0xDA, 0xA3, 0x5D, 0x2D, 0x9B, 0x47, 0x68, 0xF7, 0xEB, 0xF5,
    0x5E, 0x77, 0xA3, 0xF4, 0x7A, 0xC6, 0x48, 0x32, 0x92, 0xAF, 0xED, 0xE6, 0x83, 0x66, 0x42, 0x0F,
    0x58, 0x90, 0x89, 0xA3, 0x79, 0xAD, 0x42, 0x7E, 0x8F, 0x74, 0xD2, 0x24, 0x23, 0xA1, 0x95, 0xDE,
    0x4A, 0x28, 0x79, 0x5B, 0xF9, 0x5F, 0x77, 0x3D, 0x77, 0xA9, 0x66, 0xEA, 0xE7, 0xD4, 0xE2, 0x38,
    0x0A, 0x34, 0x81, 0x3A, 0x96, 0xFC, 0x72, 0x9D, 0x86, 0xB7, 0x32, 0x5C, 0x79, 0xCE, 0x69, 0x98,
    0x7C, 0x46, 0xFB, 0x58, 0x2B, 0xF6, 0x63, 0xD4, 0xCB, 0xB9, 0x6F, 0xB4, 0x2B, 0x75, 0x2B, 0x8D,
    0x85, 0x1E, 0x7E, 0x5F, 0xE8, 0xEB, 0xFB, 0x85, 0xA4, 0x2E, 0x94, 0x56, 0x0A, 0xE7, 0xFE, 0x72,
    0x34, 0xB7, 0xCB, 0xE9, 0x00, 0xC8, 0x4C, 0x55, 0x70, 0x1E, 0xAB, 0x5D, 0x74, 0x93, 0x3D, 0xB3,
    0x15, 0xE9, 0xD5, 0xA3, 0x82, 0x6F, 0x6C, 0xAF, 0x72, 0xF9, 0x1E, 0x0B, 0x26, 0xD3, 0x77, 0xE7,
    0xB6, 0x72, 0xE1, 0xF3, 0x66, 0x2F, 0xAD, 0xFB, 0x79, 0xD2, 0xAE, 0x9C, 0x49, 0xAB, 0xA6, 0x5B,
    0xD4, 0x4F, 0x13, 0xBB, 0xF0, 0x92, 0xBC, 0xB0, 0xCA, 0x1B, 0x7F, 0x5A, 0x5E, 0x90, 0xB0, 0x0B,
    0x77, 0xA8, 0x63, 0x66, 0x37, 0xDD, 0xE6, 0x45, 0x1C, 0xCD, 0x34, 0x22, 0xBD, 0xF6, 0xD6, 0x19,
    0x54, 0x38, 0xA1, 0xB4, 0x9A, 0x3A, 0x9E, 0x63, 0xA1, 0x0E, 0x23, 0x4D, 0xB0, 0xAB, 0x7F, 0x4E,
    0x76, 0x50, 0xB2, 0x6C, 0x67, 0x6B, 0xF5, 0x3B, 0xA7, 0xFF, 0xE8, 0xDB, 0x0F, 0x06, 0x80, 0xCD,
    0xCF, 0xB4, 0x04, 0xF3, 0x61, 0xBC, 0xB7, 0x4B, 0xB9, 0x3A, 0xCB, 0x65, 0x37, 0xDB, 0xCF, 0x82,
    0x11, 0xDF, 0x2C, 0xEC, 0xEB, 0x1C, 0x39, 0x43, 0x5B, 0xEA, 0xD4, 0x41, 0x44, 0xE2, 0x8A, 0xE5,
    0xE5, 0x3A, 0xC3, 0xAB, 0x75, 0x76, 0x32, 0xAC, 0x03, 0x7F, 0x90, 0xEE, 0x91, 0x44, 0x72, 0xC9,
    0x4C, 0x92, 0x2A, 0xD9, 0xCF, 0xA2, 0x91, 0xA9, 0x59, 0xFA, 0xAD, 0xD3, 0xD9, 0xBE, 0xBA, 0x1D,
    0xBB, 0xE7, 0xEC, 0x44, 0x9C, 0x7A, 0xA2, 0x83, 0x1E, 0xEA, 0xD2, 0x86, 0xA2, 0x44, 0x24, 0x6D,
    0xE8, 0xAB, 0x0D, 0x66, 0xD8, 0x45, 0xE3, 0x9B, 0xA0, 0xA3, 0xF6, 0xAB, 0x30, 0xC6, 0x27, 0xAF,
    0x4F, 0xEA, 0x27, 0x6A, 0x5F, 0xF4, 0x2C, 0xBA, 0x24, 0x9F, 0x63, 0x24, 0x63, 0xDE, 0x1F, 0x79,
    0x97, 0xCE, 0x81, 0x72, 0x58, 0xF1, 0x18, 0x39, 0x3F, 0x3A, 0xF8, 0xB7, 0xE9, 0xDC, 0x09, 0x66,
    0xB0, 0xBF, 0x11, 0x8C, 0xCC, 0xDB, 0x35, 0xAF, 0x6F, 0x30, 0x2B, 0xFE, 0x86, 0x0E, 0xD4, 0xA1,
    0x96, 0x58, 0x92, 0x3A, 0xBC, 0xB7, 0x6E, 0x83, 0x49, 0x8A, 0xAC, 0xE7, 0x60, 0xD3, 0x86, 0x97,
    0x63, 0x4C, 0x26, 0xD9, 0xA8, 0xA3, 0x0A, 0xCA, 0x35, 0x51, 0x97, 0x59, 0x77, 0x90, 0x0E, 0xE0,
    0xEE, 0x6D, 0x30, 0x01, 0xF4, 0xB4, 0xC9, 0xA9, 0x54, 0x4F, 0x7B, 0x0F, 0x54, 0x82, 0x66, 0x82,
    0x5A, 0xC2, 0x8A, 0xFD, 0x38, 0xF3, 0xE8, 0xED, 0xBA, 0x08, 0xBE, 0xA3, 0x9D, 0x0E, 0x69, 0xC2,
    0x31, 0x75, 0x9C, 0xA9, 0xE6, 0x08, 0x4B, 0x80, 0xD1, 0x83, 0xD9, 0x9F, 0x3F, 0x2F, 0xDF, 0x84,
    0x1F, 0x66, 0x90, 0x09, 0x4E, 0x7A, 0xB8, 0x68, 0x4D, 0xC6, 0xAC, 0xB3, 0x9D, 0xDB, 0x59, 0x85,
    0xC6, 0xD7, 0x51, 0xB9, 0x5D, 0xD2, 0x90, 0x0F, 0xE1, 0xE4, 0x18, 0x4C, 0x04, 0x1D, 0xA0, 0xF5,
    0x54, 0xED, 0x40, 0xFB, 0xC5, 0x5E, 0x5B, 0xF5, 0xED, 0x44, 0xFD, 0x2C, 0xB2, 0xFB, 0xEB, 0x5E,
    0x9F, 0x49, 0x63, 0xE8, 0xA2, 0xF1, 0x6D, 0xE8, 0x86, 0x3A, 0x18, 0xEA, 0x78, 0x42, 0x35, 0x27,
    0x48, 0x05, 0x27, 0xF1, 0x74, 0xAE, 0x9D, 0x07, 0xE5, 0x0A, 0x7A, 0x2E, 0x1B, 0x38, 0x49, 0x60,
    0x03, 0x98, 0x81, 0xD3, 0xA8, 0xDF, 0x77, 0xA8, 0xDF, 0x7B, 0xBA, 0x8F, 0x1C, 0x37, 0xAE, 0xC1,
    0xE5, 0xCB, 0xAF, 0xF6, 0x70, 0x52, 0xAE, 0x09, 0xAA, 0xAF, 0x63, 0x07, 0xE9, 0xDA, 0xBE, 0x87,
    0xDD, 0xF4, 0x62, 0x5C, 0xB5, 0xEF, 0xE1, 0xE9, 0xF5, 0x07, 0xB7, 0xE0, 0x38, 0xC2, 0x77, 0x13,
    0x7C, 0xEB, 0x2E, 0xE8, 0xA7, 0x41, 0x4D, 0xEB, 0x16, 0xBB, 0x43, 0x1D, 0x66, 0xAA, 0xA7, 0x11,
    0xFE, 0xEF, 0x0D, 0xFA, 0x79, 0xFB, 0x98, 0x2A, 0x65, 0x98, 0xEF, 0x70, 0x1E, 0xFB, 0xBF, 0xDE,
    0xDF, 0xE4, 0xB8, 0xBA, 0x7F, 0xE9, 0x73, 0x51, 0x3F, 0xB7, 0x23, 0xEB, 0x7F, 0xBF, 0xC1, 0x91,
    0xB5, 0x15, 0x27, 0xB2, 0x8C, 0xB2, 0x28, 0x7F, 0x6D, 0xCB, 0xBF, 0x57, 0x9E, 0xD7, 0xF3, 0x28,
    0x23, 0x02, 0x27, 0x70, 0x08, 0xD7, 0xE0, 0x00, 0xDE, 0xE6, 0xF4, 0x39, 0xAF, 0x1E, 0x04, 0xE5,
    0x4B, 0xFA, 0x97, 0x7F, 0xBF, 0x9B, 0xB1, 0x19, 0x8E, 0xE1, 0x60, 0xCB, 0xB7, 0xD8, 0x6C, 0x7E,
    0xDB, 0x5B, 0xAF, 0x6C, 0x2E, 0x90, 0x84, 0x95, 0xA3, 0x48, 0x37, 0x2B, 0x4F, 0x13, 0x5E, 0x22,
    0xF9, 0x7C, 0xA5, 0x54, 0xE8, 0xC1, 0x52, 0xC8, 0x8F, 0x2B, 0xD9, 0xF3, 0x7F, 0x3D, 0xCC, 0x4D,
    0xB0, 0x32, 0x77, 0x8B, 0xC8, 0xE7, 0x56, 0xF8, 0x65, 0xDB, 0x43, 0xF7, 0x89, 0x03, 0xAD, 0x06,
    0xF6, 0x61, 0xD3, 0x4E, 0x7C, 0x17, 0x2B, 0x19, 0x94, 0xC7, 0x72, 0x4A, 0xE2, 0x57, 0x8A, 0x85,
    0x1E, 0xA6, 0x42, 0x0F, 0x56, 0x7A, 0x54, 0xC8, 0xC8, 0x53, 0xF1, 0x56, 0x3E, 0x15, 0x2F, 0x92,
    0x46, 0x49, 0xCA, 0xDF, 0x51, 0xEB, 0x59, 0xF4, 0x57, 0xCA, 0x5F, 0x56, 0x1E, 0x11, 0x44, 0xF6,
    0x93, 0xD4, 0x4F, 0x90, 0x05, 0xD4, 0x96, 0x9F, 0x6C, 0x26, 0x3B, 0x33, 0x4A, 0x28, 0xA9, 0xDD,
    0x69, 0xF6, 0x92, 0xD0, 0xEE, 0x2C, 0xED, 0x73, 0xC6, 0x05, 0x14, 0x95, 0xA6, 0xCE, 0xEC, 0x22,
    0x5A, 0x3E, 0x12, 0xD4, 0xD2, 0x64, 0xAA, 0xDC, 0x04, 0x18, 0x95, 0x03, 0xF3, 0x05, 0xA0, 0xD2,
    0x2B, 0xA7, 0x6B, 0x2D, 0xC0, 0x89, 0x19, 0x20, 0x69, 0x4F, 0x1D, 0x54, 0x40, 0xCF, 0xF5, 0x8C,
    0xC9, 0xBB, 0x04, 0x90, 0xCF, 0xA9, 0x4A, 0x40, 0x17, 0x01, 0xF3, 0x39, 0x66, 0x16, 0xAF, 0x83,
    0xED, 0xF7, 0xAF, 0xDB, 0x1C, 0x74, 0x03, 0xD8, 0x89, 0xEA, 0xFC, 0x75, 0x9B, 0xB7, 0x98, 0x60,
    0x1C, 0xE8, 0x02, 0xE5, 0x0B, 0x1C, 0xD5, 0x38, 0xB0, 0xCB, 0x18, 0xE9, 0x72, 0xF7, 0x5C, 0x95,
    0x42, 0xCA, 0x91, 0xBB, 0x1E, 0x7B, 0x17, 0xBA, 0x99, 0x5A, 0xC4, 0x55, 0x47, 0xCF, 0x7B, 0x0E,
    0x33, 0xA4, 0x91, 0x5D, 0xB9, 0xBE, 0x99, 0x74, 0xE8, 0x62, 0xB7, 0x8C, 0xC9, 0x8A, 0xFD, 0x4E,
    0xFA, 0x6E, 0xBA, 0x47, 0x1B, 0x22, 0xBB, 0x67, 0x13, 0xC8, 0x80, 0x92, 0x04, 0xE2, 0xB7, 0xEF,
    0xED, 0x7F, 0xCC, 0x74, 0x5F, 0x2D, 0xBD, 0x3C, 0x92, 0xE1, 0xFF, 0x01, 0xB5, 0x98, 0x55, 0x90,
    0xE3, 0xC8, 0xFD, 0x80, 0x3F, 0xA9, 0x67, 0x57, 0xFF, 0x1A, 0xD5, 0x7F, 0x7B, 0xAE, 0x32, 0xC7,
    0xA0, 0x70, 0x8E, 0x15, 0x46, 0x7B, 0xD4, 0x61, 0x4E, 0x8E, 0x9E, 0xC2, 0x79, 0x0F, 0x33, 0xF8,
    0x46, 0x0A, 0x33, 0xBF, 0x87, 0xDE, 0x2B, 0x0C, 0x07, 0xB3, 0x76, 0x87, 0x39, 0xE9, 0xE3, 0x7B,
    0x8B, 0x02, 0xEF, 0xE9, 0x5C, 0xFA, 0x6A, 0x95, 0x5A, 0xC9, 0x1D, 0x69, 0x6D, 0xD5, 0x8C, 0x17,
    0xED, 0x85, 0x1E, 0x75, 0x7B, 0xF8, 0xF7, 0xF9, 0xFB, 0x81, 0x81, 0xB0, 0x84, 0xD8, 0x82, 0x74,
    0x70, 0x45, 0x0D, 0x83, 0x1A, 0x46, 0x63, 0x70, 0x19, 0x81, 0xCD, 0x54, 0xE8, 0xBD, 0x16, 0xED,
    0x8E, 0xB5, 0x2C, 0x65, 0x11, 0xDB, 0xBC, 0x4C, 0x1A, 0x6F, 0xB3, 0x29, 0xFD, 0x8A, 0x35, 0x48,
    0xD3, 0xDD, 0x12, 0x4D, 0xC9, 0xBC, 0x9E, 0x26, 0x66, 0x47, 0x1A, 0xA4, 0x89, 0xBD, 0xC9, 0xBD,
    0x69, 0xA4, 0x69, 0x92, 0x72, 0xE2, 0xEB, 0xF4, 0x1E, 0x07, 0x00, 0x54, 0x04, 0x35, 0x54, 0x10,
    0x97, 0xC0, 0x70, 0x04, 0x5C, 0x3B, 0x00, 0xA8, 0x80, 0xA8, 0x04, 0x44, 0xC1, 0x7C, 0x05, 0x16,
    0x88, 0x2A, 0x20, 0xAE, 0x01, 0xD9, 0x00, 0xD7, 0x6D, 0x03, 0x83, 0x0C, 0xB8, 0x2D, 0x53, 0xE0,
    0x12, 0x4D, 0xE0, 0xBD, 0xA1, 0xE5, 0x2C, 0x89, 0x74, 0x64, 0x91, 0x85, 0x70, 0xA4, 0x65, 0x3C,
    0xC5, 0xBB, 0xD4, 0x13, 0x55, 0xC8, 0x37, 0xB2, 0x2E, 0x61, 0x87, 0xA0, 0x04, 0x05, 0x10, 0x4F,
    0xC9, 0xBD, 0x6E, 0x12, 0xB3, 0x29, 0xCD, 0x7E, 0x6F, 0x32, 0x6F, 0xC6, 0xD2, 0xD4, 0x2D, 0x6D,
    0xBA, 0x48, 0xCB, 0x7B, 0x00, 0x1C, 0x04, 0xCF, 0x37, 0x10, 0x3F, 0x04, 0x24, 0x3B, 0xC0, 0x33,
    0x2F, 0x5B, 0x64, 0x74, 0x8B, 0x8C, 0xE3, 0x45, 0xC6, 0x74, 0x81, 0xD1, 0x74, 0x8C, 0xBA, 0x67,
    0x9C, 0xB4, 0x8C, 0x0A, 0x36, 0xE8, 0x42, 0xB9, 0x8E, 0xF0, 0xA6, 0x42, 0x54, 0x1D, 0x60, 0x2A,
    0xD5, 0x66, 0xB0, 0x0C, 0x6C, 0xD9, 0x67, 0x03, 0x40, 0x16, 0xC0, 0x4D, 0x06, 0x44, 0x55, 0x80,
    0xDC, 0xEE, 0x70, 0x0E, 0xD0, 0xAF, 0xDB, 0x80, 0xB0, 0x06, 0x44, 0x03, 0xC4, 0x13, 0x40, 0x66,
    0xC0, 0xF5, 0x69, 0x01, 0xC3, 0x44, 0xC3, 0x48, 0x1A, 0xF0, 0xDE, 0x12, 0x74, 0x87, 0xB0, 0xA2,
    0x42, 0x98, 0xA0, 0x26, 0x71, 0x91, 0x57, 0x59, 0x2D, 0xBD, 0x26, 0x00, 0x49, 0x17, 0x48, 0x68,
    0x6E, 0xD0, 0x2B, 0xC2, 0x3A, 0x90, 0x06, 0xB8, 0xD2, 0x02, 0xA1, 0x81, 0xE8, 0x01, 0x20, 0x71,
    0xC0, 0x60, 0x04, 0x3C, 0x12, 0x20, 0xB4, 0x40, 0x6C, 0x01, 0x59, 0x31, 0x2B, 0x4D, 0x06, 0x0D,
    0x30, 0xCA, 0x01, 0x97, 0x01, 0x36, 0x2B, 0xE8, 0xEA, 0xB3, 0x93, 0x6A, 0x88, 0xB5, 0xEC, 0x12,
    0x1F, 0x59, 0xF2, 0x32, 0x99, 0xE2, 0x6D, 0xE6, 0x21, 0x72, 0xC8, 0x11, 0xC1, 0x00, 0xAC, 0xA8,
    0x74, 0x0B, 0x96, 0x24, 0xEA, 0xCA, 0x70, 0x39, 0xA3, 0xC9, 0x67, 0x81, 0xE1, 0x98, 0xF9, 0x12,
    0xAE, 0xCF, 0x6D, 0x9A, 0x00, 0x17, 0xD1, 0xCB, 0x14, 0xBB, 0x32, 0xC7, 0xBB, 0x32, 0x15, 0x0C,
    0xF6, 0xC8, 0x2C, 0xE7, 0x32, 0x4B, 0xE1, 0x88, 0x4C, 0xB8, 0x47, 0x66, 0x01, 0x5D, 0xA8, 0xCC,
    0x73, 0xED, 0x41, 0x80, 0x4E, 0xA6, 0x27, 0x95, 0xC5, 0x45, 0xCB, 0xC8, 0xFC, 0x98, 0x23, 0x50,
    0x20, 0x2D, 0x5C, 0x5F, 0xC3, 0x6D, 0x43, 0xD8, 0x58, 0x03, 0xE0, 0x34, 0x3B, 0xDB, 0x1F, 0xAF,
    0xB3, 0xD9, 0x20, 0xAC, 0x10, 0x0D, 0xF2, 0xD5, 0x5C, 0x1E, 0x01, 0xAB, 0xF6, 0xFA, 0x42, 0x2F,
    0x59, 0xE0, 0x71, 0x77, 0x03, 0xC3, 0x04, 0x48, 0xA7, 0x40, 0xE4, 0xE8, 0xD7, 0x8F, 0x7A, 0xA5,
    0x51, 0x0D, 0xC8, 0x5D, 0xA5, 0x59, 0xAF, 0x74, 0xE7, 0x84, 0x4A, 0xE3, 0x4E, 0x69, 0xE2, 0x0B,
    0xD6, 0xE0, 0x5A, 0x18, 0x81, 0x65, 0xF3, 0xB9, 0x0C, 0xE3, 0x2E, 0x4A, 0xEC, 0x96, 0xF3, 0x09,
    0x40, 0xA4, 0x00, 0xA1, 0x81, 0xC7, 0x1E, 0x8F, 0xF4, 0xA4, 0xC9, 0xBF, 0x2E, 0x2B, 0xE6, 0xA4,
    0x1F, 0x38, 0x9A, 0xB4, 0xDA, 0x9B, 0xFC, 0x4A, 0xFA, 0x22, 0x80, 0x48, 0x23, 0x0C, 0x1D, 0xE9,
    0x79, 0x2B, 0x92, 0x0A, 0x07, 0xAC, 0x0F, 0x7A, 0x6B, 0xE7, 0xFD, 0x1C, 0x18, 0x48, 0x20, 0xA9,
    0xE8, 0x97, 0x3B, 0x56, 0xE7, 0x15, 0x39, 0x30, 0x3C, 0xA2, 0x33, 0xD5, 0x70, 0x9B, 0xD4, 0x33,
    0xC8, 0xF0, 0x08, 0xA4, 0xE9, 0x74, 0xEA, 0xB0, 0x26, 0x2D, 0x5B, 0x9D, 0x79, 0xD5, 0xEA, 0x0C,
    0xEB, 0x6E, 0x7E, 0x06, 0x57, 0x40, 0xC5, 0xE6, 0x9B, 0x19, 0x46, 0xA4, 0xCD, 0x72, 0x90, 0x7D,
    0x1D, 0x24, 0xFB, 0x81, 0xEC, 0x2F, 0xC0, 0x33, 0x3D, 0xF0, 0xD8, 0x9C, 0xDE, 0xE9, 0x11, 0x75,
    0xEE, 0x0C, 0xA7, 0xD3, 0x62, 0x43, 0xC9, 0x17, 0x91, 0xFD, 0x81, 0xA1, 0xE7, 0xB2, 0x21, 0x9B,
    0x74, 0xB8, 0x2B, 0x38, 0x5D, 0x0B, 0x80, 0x61, 0xDC, 0xA7, 0x3B, 0xAE, 0x00, 0x58, 0xD4, 0x59,
    0x2D, 0xE8, 0x4C, 0x66, 0x39, 0x3F, 0xA2, 0xB3, 0x80, 0xDB, 0x12, 0x7D, 0x6C, 0x75, 0x8A, 0xBE,
    0x3A, 0x3B, 0x9D, 0xEC, 0x2E, 0x51, 0x02, 0x91, 0x9D, 0x7D, 0xD6, 0xC5, 0xEE, 0x0B, 0xE0, 0x74,
    0x7A, 0xCC, 0x7B, 0x3F, 0xF1, 0x5E, 0x9A, 0x44, 0x1A, 0x29, 0xCD, 0x5A, 0xF7, 0x47, 0xDE, 0x75,
    0x97, 0xA1, 0xBB, 0xBA, 0x6F, 0x26, 0xB9, 0x6F, 0xD7, 0x14, 0x00, 0xD8, 0x82, 0xBC, 0x3B, 0xC3,
    0x29, 0x89, 0xD7, 0xD9, 0xAB, 0xCB, 0x71, 0x6C, 0x9B, 0xC8, 0x7A, 0xDF, 0x5D, 0x53, 0x98, 0xA8,
    0x1B, 0x32, 0x5F, 0x46, 0x3D, 0x31, 0x7D, 0x20, 0xC6, 0x84, 0x0F, 0xE8, 0xE0, 0x17, 0x9A, 0x44,
    0x31, 0x84, 0xC7, 0x02, 0x2C, 0x46, 0xA7, 0x8F, 0x6E, 0x8F, 0x8D, 0x1E, 0x34, 0x44, 0xDF, 0x20,
    0x94, 0x70, 0x2B, 0x58, 0xD8, 0x00, 0x76, 0x19, 0x0E, 0xEE, 0x01, 0xE8, 0x18, 0x8A, 0x19, 0x83,
    0x02, 0x82, 0xAA, 0x14, 0xDE, 0x86, 0x9F, 0x33, 0xB0, 0x37, 0xA2, 0xDC, 0x13, 0xB1, 0x6A, 0xAF,
    0x3E, 0x62, 0xDC, 0x47, 0xF4, 0xD1, 0x2F, 0x94, 0xFC, 0x87, 0x96, 0xB9, 0x5E, 0x4F, 0xD4, 0x12,
    0xB1, 0x8A, 0xDD, 0x19, 0x20, 0x15, 0x9B, 0x43, 0xC8, 0x1F, 0x49, 0x70, 0x48, 0x23, 0x7E, 0xA6,
    0xFB, 0xC8, 0xB4, 0xA1, 0x69, 0x03, 0xB4, 0x5B, 0xB6, 0x9B, 0xD9, 0xF6, 0xAE, 0xDD, 0xB6, 0xFF,
    0x7A, 0xFE, 0xB3, 0x84, 0x96, 0x82, 0x99, 0xF6, 0x0D, 0x18, 0xC0, 0x0E, 0x81, 0xE5, 0x3C, 0x1D,
    0xD4, 0x88, 0x7F, 0x21, 0x5F, 0x5E, 0xEC, 0x0B, 0x96, 0x55, 0x40, 0x60, 0x08, 0x2C, 0x9B, 0x23,
    0xF2, 0xFF, 0x0B, 0x0E, 0xEB, 0x0E, 0x68, 0x15, 0xF5, 0x04, 0x10, 0x2B, 0x62, 0x8D, 0x30, 0x6C,
    0x94, 0xAB, 0x03, 0xDC, 0x0A, 0x0F, 0xC0, 0x15, 0x64, 0x97, 0x71, 0xD8, 0x88, 0xBB, 0xCA, 0xC5,
    0x34, 0xC4, 0x7D, 0xF4, 0x7A, 0x31, 0x0D, 0x72, 0x96, 0x06, 0x42, 0x87, 0x98, 0x3D, 0x1C, 0x97,
    0xD4, 0x5A, 0x78, 0xE2, 0x3F, 0xA8, 0xF5, 0x70, 0x4F, 0xE8, 0x97, 0x97, 0x07, 0xC5, 0x2C, 0x74,
    0xD9, 0xCC, 0x43, 0xAB, 0xCC, 0xEB, 0x78, 0xAA, 0x82, 0xEA, 0x9B, 0xE2, 0x1B, 0x25, 0x40, 0xAE,
    0xFA, 0xD0, 0x27, 0xAA, 0x00, 0x77, 0x6C, 0x05, 0x00, 0xD1, 0x3D, 0x85, 0xF4, 0x7A, 0x3D, 0x55,
    0x00, 0x35, 0xC2, 0xAB, 0xF8, 0x53, 0x7A, 0x3D, 0x58, 0xAE, 0x20, 0x2E, 0xEA, 0xE2, 0x06, 0x87,
    0x4D, 0xF4, 0x33, 0x1B, 0xA0, 0xE0, 0xF4, 0x9B, 0x8D, 0x0D, 0xA8, 0xBB, 0x88, 0xD1, 0x97, 0x54,
    0x2C, 0x14, 0xAC, 0xDC, 0x7E, 0x71, 0x39, 0x1C, 0x5D, 0x39, 0x08, 0x5C, 0xA4, 0x85, 0x02, 0xDF,
    0x4C, 0x5A, 0xD5, 0xC7, 0x7E, 0xBC, 0xBD, 0xF2, 0x4D, 0x62, 0x9E, 0x65, 0x37, 0x6D, 0x64, 0x62,
    0x02, 0xE0, 0xED, 0x66, 0x72, 0xD4, 0xEF, 0xA4, 0x36, 0x77, 0x27, 0xFB, 0x7B, 0x80, 0x58, 0xB7,
    0x1E, 0xF5, 0xEC, 0xE4, 0xF8, 0xFF, 0xC5, 0xE5, 0xD5, 0xEE, 0x6F, 0xF2, 0xF6, 0x8A, 0xC8, 0x7B,
    0x95, 0x98, 0xDC, 0x64, 0x4A, 0xDA, 0x6D, 0x84, 0x6B, 0x10, 0x55, 0xBF, 0xA7, 0x08, 0x37, 0x41,
    0xD8, 0x5C, 0xC5, 0x65, 0x56, 0xA6, 0x5A, 0x76, 0x55, 0x39, 0xF9, 0x27, 0xF4, 0x4B, 0x16, 0x90,
    0x68, 0xBA, 0xDB, 0xD0, 0x17, 0x89, 0xB7, 0xD9, 0x8B, 0xEB, 0x71, 0x50, 0x37, 0x34, 0xDD, 0x45,
    0x3D, 0x0D, 0xEA, 0xFC, 0x53, 0xAE, 0x33, 0x33, 0x55, 0x00, 0xC0, 0x0E, 0x34, 0x74, 0x67, 0x5A,
    0xC0, 0xED, 0x16, 0xBE, 0x67, 0x21, 0xB4, 0x20, 0x0B, 0x38, 0x00, 0x00, 0x7B, 0xB8, 0x74, 0x46,
    0xC7, 0x15, 0xD9, 0x06, 0xE1, 0xFA, 0xDD, 0x72, 0xD9, 0x09, 0x51, 0xCB, 0x25, 0x4D, 0x56, 0xE6,
    0xC5, 0x8C, 0xAB, 0x24, 0x68, 0x10, 0xFD, 0xB4, 0xE2, 0x7B, 0xFD, 0xB4, 0xF2, 0xAA, 0x03, 0x7B,
    0xB9, 0x1B, 0x87, 0x75, 0x13, 0xCC, 0xAF, 0x69, 0x58, 0xE5, 0x9F, 0xB2, 0x99, 0x37, 0xD1, 0x14,
    0xA0, 0x98, 0x3F, 0xB9, 0xD5, 0xC8, 0xCF, 0x42, 0x56, 0x42, 0xF5, 0x23, 0xB8, 0x61, 0xE3, 0x8C,
    0x68, 0x80, 0xF9, 0x04, 0xC1, 0xB2, 0xA1, 0x69, 0xDA, 0x06, 0xEE, 0xEA, 0x78, 0x5F, 0xB0, 0x24,
    0xD6, 0x23, 0x81, 0x01, 0x70, 0x3D, 0xC8, 0xCF, 0x9D, 0x55, 0xAC, 0xA8, 0x40, 0x68, 0xC2, 0x92,
    0x8D, 0x6F, 0xAE, 0x8E, 0x95, 0x2A, 0x78, 0x8A, 0x86, 0x47, 0x68, 0xD6, 0x5F, 0x05, 0xC9, 0x83,
    0xB0, 0x65, 0xC1, 0xBD, 0x07, 0x6E, 0x38, 0x03, 0xAC, 0x6E, 0xC0, 0xF5, 0xCF, 0x5C, 0xEA, 0x6F,
    0x86, 0x9E, 0xE8, 0x0F, 0x7A, 0x3D, 0x54, 0x4B, 0x31, 0x8D, 0x2E, 0x82, 0x43, 0x03, 0xF8, 0x9B,
    0x03, 0x00, 0x69, 0x20, 0x73, 0x50, 0x8F, 0xE0, 0xCB, 0x67, 0xA4, 0x2A, 0xFA, 0xC7, 0x9E, 0x49,
    0xD4, 0x20, 0x7C, 0x11, 0xFF, 0xC6, 0xAC, 0xB3, 0x1C, 0xD6, 0x7E, 0x05, 0x89, 0x81, 0x6D, 0x47,
    0xE0, 0x06, 0xA0, 0xCE, 0xAC, 0xBC, 0x8F, 0xD7, 0x76, 0xAC, 0xC1, 0x41, 0x02, 0x8F, 0xF8, 0x8D,
    0x8E, 0x9F, 0xA7, 0x61, 0xF5, 0x46, 0x04, 0xC0, 0x42, 0xE4, 0x20, 0x2D, 0x37, 0xD9, 0x64, 0x02,
    0xE4, 0xC0, 0xB8, 0x25, 0xAD, 0x5B, 0x52, 0xD7, 0x0D, 0x88, 0x95, 0x48, 0xD7, 0xE0, 0x00, 0x64,
    0x30, 0x82, 0x77, 0x6C, 0xC2, 0x16, 0x6C, 0x85, 0xFE, 0x60, 0xE2, 0xDD, 0xC9, 0x1B, 0x11, 0x1C,
    0x30, 0x05, 0x72, 0xBD, 0xC9, 0xFE, 0xE2, 0xCC, 0x49, 0x40, 0x14, 0x44, 0x25, 0xA1, 0x83, 0x0F,
    0x2C, 0x4D, 0x72, 0xEC, 0x70, 0x7A, 0x2B, 0x07, 0xC8, 0x81, 0xBC, 0x25, 0x69, 0x7A, 0x92, 0xD3,
    0x1F, 0x4E, 0x6B, 0x6C, 0x6C, 0x43, 0x16, 0x4E, 0x4F, 0x45, 0x32, 0x7C, 0x2C, 0xF8, 0x11, 0x1C,
    0xAA, 0xD7, 0x78, 0xB3, 0xED, 0x7D, 0x6C, 0x9F, 0xAE, 0x0F, 0x71, 0xB7, 0x92, 0xFF, 0x99, 0x3D,
    0xBD, 0xBA, 0xA5, 0x8B, 0xEF, 0xC7, 0x89, 0xAF, 0x4E, 0x9E, 0x93, 0x6D, 0x58, 0xFE, 0x9E, 0x2F,
    0x5D, 0xB7, 0x0C, 0x21, 0x5B, 0xAE, 0x24, 0x76, 0x6B, 0xD5, 0x37, 0x89, 0x67, 0x52, 0xC5, 0x0D,
    0xD2, 0x08, 0x77, 0xAA, 0xA3, 0xEC, 0x0E, 0x1B, 0x59, 0xA2, 0xE6, 0xED, 0xE5, 0xEC, 0xED, 0x07,
    0xDE, 0xFE, 0x5F, 0x38, 0xE1, 0x93, 0xFA, 0xF4, 0x6F, 0x9E, 0xC9, 0x3D, 0x1E, 0x69, 0xF2, 0xE3,
    0xEF, 0x87, 0x3D, 0xAD, 0x80, 0x32, 0x98, 0xA6, 0x25, 0xFD, 0x4A, 0x81, 0x4C, 0xCD, 0x6E, 0xE3,
    0x12, 0xB8, 0x6E, 0x04, 0x5C, 0x36, 0x00, 0x02, 0x07, 0x08, 0x03, 0x84, 0x0A, 0x00, 0xF0, 0x75,
    0xEA, 0x99, 0xB8, 0x4B, 0xCF, 0xF0, 0x1E, 0xA4, 0x1A, 0x7E, 0x6C, 0xE1, 0x4D, 0x16, 0x62, 0x0D,
    0x07, 0x80, 0x35, 0x80, 0xD3, 0xBA, 0x13, 0x23, 0x20, 0xAC, 0x01, 0xE9, 0xF6, 0xC1, 0x3E, 0x52,
    0x0D, 0x24, 0x1A, 0x48, 0x8B, 0x1E, 0xB8, 0x3A, 0x73, 0xE5, 0x42, 0xCF, 0x60, 0xA5, 0x82, 0xCB,
    0x03, 0x05, 0xC2, 0x76, 0xBB, 0x05, 0x36, 0xCB, 0x01, 0x67, 0x73, 0xE0, 0x21, 0x40, 0x56, 0x00,
    0x49, 0xB9, 0x0F, 0xB8, 0xE1, 0x1C, 0x01, 0x5B, 0xA0, 0x02, 0xB6, 0x01, 0x79, 0x9A, 0xC0, 0xC7,
    0x2F, 0x89, 0xA4, 0x20, 0x54, 0x67, 0x17, 0x38, 0x57, 0x70, 0x48, 0xC3, 0xD7, 0x34, 0x24, 0x0A,
    0x2E, 0x0B, 0x14, 0x6B, 0x73, 0xE0, 0xBB, 0x56, 0x00, 0x4E, 0xFE, 0x1F, 0xC8, 0xBE, 0x01, 0x3C,
    0xCB, 0x07, 0xF0, 0xC8, 0x9D, 0xE4, 0xEC, 0xCB, 0x75, 0x37, 0x20, 0x6A, 0x8B, 0xF8, 0x8B, 0x25,
    0xFC, 0x94, 0x51, 0x74, 0x8C, 0xE5, 0x85, 0xE5, 0x0A, 0x65, 0x9B, 0x14, 0xF4, 0x50, 0xBA, 0x9F,
    0x0A, 0xD5, 0xB9, 0x99, 0x0A, 0xDD, 0x39, 0x4B, 0xFB, 0x77, 0x97, 0xB7, 0x78, 0xBC, 0xE9, 0xB0,
    0x01, 0x8C, 0xE6, 0x99, 0xBA, 0xD4, 0x00, 0x0A, 0x80, 0xBC, 0xCE, 0xEA, 0xAC, 0x4A, 0x5C, 0x6C,
    0xA5, 0x16, 0x2E, 0x51, 0x41, 0xBD, 0x05, 0xCD, 0x08, 0x32, 0x07, 0xA9, 0x05, 0x69, 0x16, 0x77,
    0x5E, 0x81, 0x6F, 0x40, 0x41, 0x68, 0x3A, 0x32, 0xA0, 0x06, 0xAE, 0x85, 0x7E, 0x79, 0xE7, 0x75,
    0x6E, 0x72, 0x95, 0xE8, 0x2D, 0xA4, 0xD9, 0x21, 0x2E, 0x2B, 0xC4, 0xBF, 0x1D, 0xE2, 0x21, 0x4B,
    0x70, 0xD8, 0x80, 0xD7, 0x90, 0x17, 0x90, 0x01, 0x5B, 0xC0, 0x0E, 0xBC, 0xD6, 0x81, 0x2F, 0x61,
    0xAC, 0x66, 0x4C, 0x69, 0xCF, 0x54, 0x2D, 0xCF, 0x74, 0x9C, 0x77, 0x24, 0xBB, 0xFF, 0x65, 0x33,
    0x97, 0x1A, 0x59, 0x26, 0x45, 0x64, 0x53, 0x84, 0xDB, 0x22, 0xAC, 0x46, 0x04, 0xF5, 0x6D, 0x50,
    0x3B, 0xC8, 0x2D, 0x64, 0x06, 0xD2, 0xF9, 0x6C, 0x48, 0xE0, 0x82, 0x3A, 0x25, 0x77, 0x99, 0xCA,
    0x8A, 0x14, 0xE2, 0x12, 0x86, 0x23, 0xB8, 0x72, 0x00, 0x81, 0x03, 0x61, 0xE8, 0x07, 0x6A, 0xE6,
    0x93, 0x26, 0x6D, 0xE2, 0x2A, 0x72, 0xDD, 0x1B, 0x4B, 0xB1, 0xA6, 0x91, 0x8A, 0xFC, 0x7A, 0x48,
    0x77, 0x40, 0x3A, 0x88, 0xEC, 0xE2, 0x4E, 0xA7, 0x30, 0xF1, 0xED, 0x86, 0xF0, 0x01, 0x0D, 0x1F,
    0xD3, 0x90, 0x02, 0xCF, 0x64, 0xD1, 0x5D, 0xD9, 0xBB, 0x1B, 0x11, 0xD9, 0xDB, 0x10, 0xD6, 0x11,
    0x3E, 0x6C, 0x61, 0x09, 0x77, 0x00, 0x6C, 0x5F, 0x09, 0xBE, 0x86, 0x6F, 0x3B, 0xFA, 0x35, 0x69,
    0x9D, 0xE6, 0xAD, 0x53, 0x39, 0xCF, 0x73, 0xD8, 0x3B, 0xCD, 0x4F, 0xE1, 0xB4, 0xEF, 0x96, 0xBF,
    0x1E, 0xE9, 0x96, 0x79, 0xCD, 0xE4, 0x26, 0xB5, 0x69, 0x21, 0x4D, 0x4A, 0x64, 0xB7, 0x10, 0x76,
    0x44, 0xE8, 0x76, 0xA0, 0x72, 0x30, 0xB5, 0x90, 0x1B, 0xC8, 0x34, 0xA4, 0x05, 0x24, 0xC0, 0x76,
    0xE7, 0x74, 0xAE, 0xBA, 0x80, 0xFF, 0x01, 0x8D, 0x93, 0x3F, 0x6C, 0x1C, 0xC5, 0x1F, 0xC5, 0x3F,
    0xB7, 0xEB, 0xD8, 0xC5, 0xDE, 0x2F, 0x93, 0x9F, 0x94, 0x2E, 0xD8, 0x93, 0xC2, 0x14, 0x48, 0xB6,
    0xF7, 0x24, 0x28, 0x2C, 0xB1, 0xE7, 0x1D, 0x29, 0xBD, 0xD2, 0x77, 0x48, 0xF4, 0x82, 0xF2, 0x8A,
    0x3D, 0x6E, 0x04, 0x05, 0x0D, 0x92, 0x4B, 0x5A, 0x2A, 0x5A, 0x28, 0x52, 0xA4, 0xD8, 0x13, 0x5F,
    0x93, 0xC2, 0x12, 0xD5, 0x4A, 0xF4, 0xE2, 0xF8, 0x23, 0x5A, 0x86, 0xB0, 0x88, 0x0B, 0xDA, 0xC9,
    0x30, 0xA3, 0x8B, 0x91, 0x4D, 0xE2, 0xC8, 0xDF, 0x7F, 0x33, 0xF3, 0xDE, 0xDB, 0xD1, 0x49, 0xF3,
    0x4E, 0xFE, 0x13, 0xFF, 0xE7, 0x5D, 0x76, 0x59, 0x98, 0x31, 0xD7, 0x67, 0x0E, 0xC2, 0x24, 0xF4,
    0xF2, 0xDE, 0x99, 0x3D, 0x43, 0xAE, 0xC9, 0x6D, 0xDE, 0xE0, 0x43, 0xC2, 0x30, 0x19, 0xFF, 0x6F,
    0x3C, 0xBA, 0xFE, 0x32, 0x42, 0x1F, 0xFA, 0x8B, 0x49, 0x08, 0x2E, 0xD6, 0xE5, 0x0D, 0x10, 0x52,
    0xC8, 0x66, 0xBE, 0x8C, 0x0C, 0x37, 0x8E, 0x97, 0xEF, 0xDF, 0x3A, 0xAA, 0xDA, 0xC1, 0x37, 0xB7,
    0x28, 0xAD, 0x16, 0x65, 0x95, 0x29, 0xA9, 0xB8, 0x7A, 0xBA, 0xBB, 0x1C, 0x86, 0x66, 0x7A, 0x7B,
    0x6B, 0xEB, 0xF0, 0xA8, 0xA9, 0xDA, 0x76, 0x18, 0xBC, 0x6F, 0x9A, 0x5B, 0x51, 0xF3, 0x95, 0xD5,
    0x3F, 0x88, 0x3A, 0xB5, 0xEA, 0xA1, 0x29, 0x35, 0xD5, 0x01, 0xAF, 0x04, 0xEF, 0xDC, 0xF5, 0xCB,
    0x21, 0x46, 0xDB, 0x4C, 0xA7, 0xBB, 0xB7, 0x47, 0x3D, 0xB1, 0xE8, 0xD9, 0xFF, 0xD3, 0x2E, 0x42,
    0xF7, 0xD1, 0xDF, 0x1D, 0x8E, 0x2B, 0x95, 0x58, 0x72, 0x97, 0x2A, 0x5B, 0xF1, 0xE5, 0xAF, 0x36,
    0x04, 0x89, 0x33, 0xEE, 0x5F, 0x89, 0xC4, 0x5A, 0x98, 0x20, 0x41, 0x16, 0xC6, 0xB0, 0x26, 0xD8,
    0xB0, 0x8E, 0x69, 0xD7, 0x40, 0xEB, 0xDB, 0x56, 0x59, 0xAF, 0x25, 0xCE, 0x36, 0x73, 0x85, 0xF8,
    0xBC, 0x57, 0x5D, 0xDA, 0x49, 0xA4, 0x36, 0x6F, 0xF8, 0xED, 0x8D, 0xDE, 0xF0, 0xF9, 0xF8, 0xF5,
    0x6F, 0x98, 0xA3, 0xE4, 0xED, 0xC9, 0x83, 0xAD, 0x9C, 0xD7, 0xE5, 0xF6, 0x84, 0xEC, 0x33, 0xF8,
    0x9C, 0xF0, 0xD4, 0xC8, 0x77, 0x3C, 0xD9, 0x47, 0xB8, 0x51, 0xE5, 0xFB, 0x8C, 0xBF, 0xE0, 0x4D,
    0xCB, 0xFB, 0x41, 0xDE, 0xB2, 0xB2, 0x3D, 0x91, 0xD1, 0x4D, 0x3F, 0xC5, 0x00, 0x7A, 0x85, 0x03,
    0xEA, 0x75, 0xB6, 0x02, 0x1E, 0xB7, 0x3B, 0x02, 0xB8, 0x4A, 0x19, 0xD2, 0xA2, 0x01, 0xD6, 0x4D,
    0x55, 0x5B, 0xDD, 0x2D, 0xFA, 0x47, 0x21, 0x8E, 0xF2, 0xC7, 0xA7, 0x3F, 0xB9, 0x75, 0x4B, 0xFE,
    0xA4, 0x73, 0xAE, 0xA1, 0xF8, 0x44, 0x9C, 0xAB, 0x50, 0xB9, 0xA4, 0xD3, 0x34, 0x8F, 0xDC, 0x63,
    0xDA, 0x51, 0x54, 0x3A, 0x7A, 0x16, 0xA6, 0x14, 0xEE, 0xB0, 0x89, 0xC2, 0x2A, 0xD1, 0xB6, 0x66,
    0xCE, 0x0C, 0x80, 0xF4, 0xAD, 0x3A, 0xEF, 0xF4, 0xA9, 0xD4, 0xDA, 0xCC, 0x6B, 0x66, 0x15, 0x5C,
    0x10, 0x67, 0x2B, 0x75, 0xFE, 0xBD, 0xD3, 0xA7, 0xE7, 0xAB, 0x5A, 0x3F, 0x94, 0x79, 0x14, 0xCC,
    0xAA, 0x3D, 0x36, 0xF1, 0x88, 0x81, 0x25, 0x35, 0xDA, 0x14, 0x66, 0x03, 0x54, 0x0C, 0x73, 0x96,
    0x35, 0x51, 0x16, 0xD5, 0xC5, 0x03, 0x81, 0x17, 0xC4, 0x21, 0x43, 0xC4, 0x97, 0x27, 0xB5, 0xA9,
    0x4B, 0x25, 0x5A, 0x7D, 0xDA, 0x15, 0xF9, 0xC7, 0x1D, 0x2F, 0xE2, 0x6B, 0xB2, 0x81, 0xE2, 0x37,
    0xCA, 0x1D, 0xC9, 0x44, 0x49, 0xCD, 0x10, 0xB3, 0x46, 0xC5, 0xD3, 0x31, 0x69, 0xCD, 0x5D, 0xEE,
    0x12, 0x7E, 0xCC, 0x7D, 0x46, 0xCC, 0x8E, 0x76, 0xCC, 0x6E, 0xB9, 0x47, 0x61, 0x2A, 0x32, 0x71,
    0xF0, 0x87, 0x70, 0x54, 0x6B, 0x4E, 0x62, 0xF3, 0x97, 0x90, 0x75, 0x2E, 0x72, 0xC7, 0xEC, 0x45,
    0x4D, 0xD2, 0xDE, 0x27, 0x63, 0x5E, 0x88, 0x57, 0xE2, 0xF5, 0xD5, 0x52, 0xA9, 0x96, 0x4A, 0xE6,
    0x4A, 0xF6, 0xB7, 0x0D, 0xF0, 0xAF, 0x19, 0x2F, 0xFD, 0x0D, 0x93, 0x73, 0x01, 0x78, 0x07, 0x5A,
    0xE8, 0x49, 0xAE, 0x16, 0x0A, 0x8B, 0x82, 0x43, 0x68, 0x12, 0x36, 0xBA, 0xC0, 0x34, 0x9C, 0x40,
    0x05, 0xC0, 0xC2, 0xAA, 0x5F, 0x08, 0xBD, 0xF6, 0x04, 0xAF, 0x83, 0x89, 0x84, 0xB2, 0xA8, 0x24,
    0x2C, 0x29, 0xE4, 0x9E, 0xCF, 0x82, 0xA9, 0x57, 0x3B, 0xCF, 0x98, 0x26, 0xE8, 0x80, 0xDC, 0x02,
    0x10, 0xC9, 0x7C, 0x45, 0x6D, 0x76, 0xDC, 0x66, 0x47, 0xBA, 0x16, 0x25, 0x0B, 0xAB, 0x25, 0xF4,
    0xB1, 0xBD, 0x16, 0x4E, 0x62, 0xAB, 0xD8, 0x1F, 0x68, 0x29, 0xBD, 0x92, 0x7A, 0xA5, 0x64, 0x8A,
    0x92, 0x83, 0xA4, 0x05, 0x4A, 0x94, 0xAD, 0x8D, 0x96, 0xB4, 0x36, 0x80, 0x4F, 0x5D, 0xAC, 0x49,
    0x3F, 0xC3, 0xAB, 0x20, 0x3E, 0x5E, 0xEC, 0xC1, 0x79, 0x32, 0xE7, 0x47, 0xDF, 0x74, 0xCB, 0xFC,
    0x39, 0xF3, 0xBC, 0xA3, 0xC9, 0x04, 0x80, 0x36, 0x73, 0xF8, 0xBC, 0x4F, 0x2B, 0x00, 0xFA, 0x99,
    0xA2, 0x0E, 0x81, 0xD9, 0xBD, 0x35, 0x5C, 0xB6, 0x87, 0x8B, 0xFE, 0xF8, 0xBD, 0x8F, 0x06, 0xF9,
    0xD9, 0x45, 0x87, 0x9C, 0x77, 0xF3, 0x38, 0x25, 0x7A, 0x44, 0x01, 0xC0, 0x3F, 0x64, 0x8E, 0x81,
    0x66, 0x04, 0x31, 0x14, 0x45, 0xEF, 0xCC, 0xD2, 0xC5, 0xD0, 0x00, 0xAA, 0x96, 0x0D, 0x80, 0x82,
    0x40, 0x01, 0x9B, 0x24, 0x9F, 0x55, 0xEC, 0x6E, 0xF2, 0x07, 0xFD, 0xA1, 0xE9, 0x66, 0xFF, 0xA4,
    0xEF, 0x13, 0x82, 0xE0, 0xE1, 0xCD, 0xA4, 0x69, 0xD5, 0xC0, 0x7A, 0xC7, 0x03, 0xEE, 0xBD, 0x67,
    0x62, 0xF8, 0x86, 0x59, 0x07, 0x56, 0x9D, 0xD4, 0xBF, 0x18, 0xC4, 0x15, 0xBA, 0x02, 0x6F, 0xC0,
    0x0D, 0xC3, 0x8A, 0xFD, 0x0D, 0xCF, 0x0E, 0x27, 0x87, 0xDC, 0x42, 0x6C, 0x09, 0x0E, 0x1D, 0xCF,
    0xBE, 0x9E, 0x10, 0xD3, 0xA1, 0xA0, 0x0E, 0xB5, 0x95, 0x1C, 0x06, 0x51, 0xC9, 0x53, 0x16, 0xBE,
    0xB0, 0x13, 0x1B, 0x45, 0x53, 0x93, 0x26, 0xA5, 0x8C, 0xB4, 0xBB, 0x4F, 0x49, 0x41, 0xE3, 0x88,
    0xA9, 0xFA, 0x65, 0xB6, 0xF6, 0x7C, 0xAC, 0x1F, 0x96, 0x5D, 0x13, 0x43, 0xFA, 0x2F, 0x21, 0x2E,
    0x2F, 0x07, 0x19, 0x39, 0xD3, 0x35, 0x98, 0x6B, 0x57, 0x0A, 0xEA, 0x33, 0x6D, 0xF8, 0x6F, 0x7A,
    0xF4, 0x9C, 0x37, 0x4F, 0x3C, 0x91, 0xA7, 0x17, 0xDA, 0xFD, 0x5F, 0xDF, 0x90, 0x3D, 0xC3, 0xAC,
    0x70, 0x06, 0xAF, 0x1E, 0x38, 0x63, 0xAC, 0x98, 0xEE, 0xBF, 0xAD, 0x1D, 0x5D, 0xE3, 0xF2, 0x6E,
    0x07, 0x56, 0x8C, 0x0B, 0xBE, 0xA2, 0xFC, 0xCC, 0xFE, 0xC2, 0xC0, 0x78, 0xB4, 0xDE, 0x01, 0x00,
    0x1D, 0x8A, 0x01, 0x66, 0x05, 0x41, 0x10, 0x44, 0xEB, 0x67, 0x12, 0x83, 0x11, 0x0D, 0x10, 0x60,
    0x21, 0x00, 0x0C, 0x40, 0xF0, 0xD9, 0xBD, 0xD1, 0xBF, 0x40, 0x62, 0xF6, 0x08, 0x39, 0x50, 0xF8,
    0x7B, 0x84, 0x91, 0x13, 0xEC, 0x11, 0x1A, 0x1F, 0x1D, 0x66, 0xB6, 0xD2, 0x3B, 0x74, 0xD7, 0x2B,
    0x55, 0x35, 0x93, 0x99, 0x8C, 0x3A, 0x45, 0x95, 0xA8, 0xCF, 0x51, 0x11, 0xD9, 0x22, 0xCD, 0xCD,
    0x4C, 0xB8, 0xFA, 0x65, 0x9E, 0x1E, 0x93, 0xE1, 0x7E, 0xA0, 0xE7, 0x27, 0x7B, 0x0D, 0x0F, 0x4F,
    0xD4, 0xAB, 0xA0, 0x28, 0xDC, 0xD3, 0x8E, 0xB4, 0x41, 0xB6, 0x37, 0xB2, 0x15, 0xDA, 0x8D, 0xDF,
    0x00, 0x40, 0xDA, 0x09, 0xF9, 0x6D, 0x03, 0xB5, 0x87, 0x3A, 0x90, 0xEA, 0x08, 0x6F, 0x9C, 0x4C,
    0xF8, 0xE0, 0x71, 0xBD, 0x0A, 0x57, 0xA9, 0x5F, 0xEF, 0x52, 0xBD, 0x9E, 0xEB, 0x40, 0xB2, 0x01,
    0xFC, 0x0C, 0x7C, 0x7C, 0x96, 0x06, 0x61, 0x31, 0x36, 0x84, 0x9E, 0x2B, 0xE2, 0x01, 0x14, 0xAE,
    0x97, 0x2E, 0x4B, 0xD0, 0x84, 0xB8, 0x03, 0x33, 0x7D, 0xB9, 0x61, 0xFC, 0x9D, 0x2B, 0xA4, 0x02,
    0x49, 0xE1, 0xFB, 0x97, 0xE5, 0x42, 0x2E, 0xC8, 0x7F, 0xF8, 0x07, 0x75, 0x8E, 0x81, 0x66, 0x1C,
    0x51, 0x18, 0x85, 0xBF, 0x99, 0x1B, 0x26, 0x4C, 0xB9, 0x41, 0x51, 0x60, 0x01, 0x0A, 0x66, 0x5E,
    0x60, 0x76, 0xF6, 0xD2, 0x17, 0xE8, 0xE3, 0x14, 0xD5, 0xFD, 0x1F, 0xA1, 0x8F, 0x50, 0x05, 0xA4,
    0x10, 0x6C, 0xA9, 0xA6, 0x95, 0x1F, 0x85, 0x02, 0x13, 0x79, 0x80, 0xEE, 0x1B, 0xE4, 0x36, 0x77,
    0xD9, 0xD0, 0xD9, 0xFD, 0x7B, 0xC7, 0xEA, 0x6A, 0x48, 0xAE, 0x73, 0xFC, 0x87, 0xC3, 0x77, 0x0F,
    0x80, 0x53, 0xF0, 0x02, 0x3D, 0x60, 0x66, 0x32, 0x79, 0xCA, 0x5E, 0x0F, 0x1D, 0x00, 0x11, 0x37,
    0xE2, 0x8D, 0xFE, 0x8F, 0x76, 0x77, 0x4A, 0xE4, 0x71, 0x01, 0x04, 0x28, 0xD6, 0xC0, 0x3D, 0xD0,
    0xFC, 0x23, 0x06, 0xE8, 0xA1, 0xB8, 0x3F, 0x74, 0xC0, 0x53, 0x88, 0x4C, 0xEF, 0xB7, 0x83, 0x37,
    0xDC, 0x78, 0x24, 0x82, 0x93, 0x0B, 0xBC, 0x7C, 0x63, 0x4E, 0x3B, 0x11, 0x75, 0xF2, 0x94, 0xBD,
    0x8C, 0xB8, 0x70, 0xF1, 0x70, 0xE3, 0x7C, 0xAB, 0x2F, 0xEF, 0xE4, 0x48, 0x3C, 0xF9, 0x4D, 0x97,
    0xB4, 0x35, 0xA9, 0xF6, 0x4C, 0x03, 0x5E, 0x03, 0xB0, 0xA2, 0xDC, 0xE3, 0x4D, 0x9A, 0xCB, 0xE1,
    0x74, 0x25, 0xAC, 0xC8, 0x7A, 0xF6, 0x59, 0xDB, 0xCB, 0xA1, 0xB6, 0x50, 0xEE, 0x60, 0xC5, 0xD2,
    0x62, 0x16, 0x45, 0xC0, 0x29, 0x47, 0xBD, 0xD2, 0xF2, 0x46, 0xEB, 0x1B, 0x6D, 0x9C, 0x2E, 0x4D,
    0xAF, 0x4C, 0x1B, 0xA8, 0x95, 0x72, 0x80, 0xC0, 0x73, 0xE8, 0xFE, 0xD7, 0x19, 0xDD, 0x1B, 0xBA,
    0x77, 0x74, 0xB5, 0x2C, 0x6C, 0x58, 0xD8, 0x9A, 0x5A, 0xE8, 0xE1, 0x2D, 0x9C, 0x01, 0x00, 0x1E,
    0x82, 0xA7, 0x88, 0x9E, 0x6A, 0xF0, 0xCC, 0x72, 0x5E, 0x98, 0x4D, 0xC6, 0x07, 0xA8, 0xD6, 0xE4,
    0x0E, 0x08, 0xC0, 0xFB, 0x43, 0xAE, 0x14, 0x66, 0xB7, 0x96, 0xBF, 0x37, 0x8D, 0x40, 0xBE, 0xD2,
    0xE6, 0x5C, 0x2B, 0x94, 0x11, 0xF8, 0x00, 0x00, 0x9C, 0x02, 0x0B, 0x60, 0xAB, 0x54, 0x69, 0xC3,
    0x2C, 0xED, 0x98, 0xA7, 0x5F, 0x9C, 0xA4, 0x1F, 0x90, 0xF4, 0x71, 0x03, 0x94, 0x01, 0xDC, 0x00,
    0x6C, 0xB0, 0xFD, 0x88, 0x99, 0x01, 0x95, 0xE6, 0x1B, 0xCC, 0x76, 0xC0, 0xE6, 0xD0, 0x97, 0x01,
    0x00, 0x3E, 0xCA, 0x93, 0xBC, 0x17, 0xE9, 0x27, 0x7D, 0xBA, 0xC5, 0xA7, 0x91, 0x32, 0xAD, 0xE1,
    0x4A, 0xA0, 0xE1, 0xF8, 0x8A, 0xEB, 0x81, 0x4A, 0x37, 0xCC, 0xCE, 0xBF, 0xB3, 0xCC, 0xFC, 0x88,
    0xD3, 0xAF, 0xE7, 0x9F, 0xA4, 0xB5, 0x3D, 0x5E, 0xBE, 0xE0, 0xAE, 0x23, 0x88, 0xF0, 0x17, 0xA5,
    0x95, 0x01, 0x84, 0x24, 0xCB, 0x19, 0xC7, 0x7F, 0xDD, 0x7D, 0x7B, 0x2D, 0x69, 0xB9, 0x5A, 0xDC,
    0xF1, 0xBC, 0x88, 0x0A, 0x80, 0xB8, 0x5C, 0x05, 0x87, 0x60, 0x76, 0xAA, 0x9E, 0x00, 0xE0, 0x0D,
    0x4C, 0x1E, 0x42, 0x2E, 0x00, 0x02, 0x07, 0xC1, 0x89, 0xDD, 0xED, 0x4E, 0x00, 0xC0, 0xC1, 0x03,
    0x20, 0x08, 0xD8, 0x90, 0xC0, 0xE1, 0x30, 0x3B, 0x53, 0x40, 0x00, 0x9A, 0x24, 0xE0, 0x41, 0xE1,
    0x25, 0x8F, 0x40, 0x2A, 0xD1, 0x47, 0xEF, 0x7B, 0x3D, 0x53, 0xF9, 0xCA, 0xEC, 0xED, 0x8E, 0x64,
    0xEF, 0x24, 0xC9, 0x4C, 0xFD, 0xAA, 0xBF, 0xFA, 0xBE, 0xEF, 0xFF, 0x7D, 0xA5, 0xD1, 0x1F, 0x40,
    0x4B, 0x39, 0x58, 0x57, 0x45, 0xE3, 0xEB, 0x5E, 0xFB, 0xC6, 0xAB, 0x94, 0xBA, 0x26, 0x25, 0xEA,
    0xF8, 0x84, 0x6A, 0x38, 0xA1, 0x9C, 0x4E, 0x61, 0x1A, 0x60, 0x17, 0xA1, 0x0D, 0x60, 0x3D, 0x98,
    0x0E, 0xBE, 0x06, 0xE5, 0x0E, 0x95, 0xFC, 0x07, 0xAA, 0xA7, 0x0E, 0x54, 0xB1, 0xF8, 0x2A, 0x36,
    0x29, 0xEA, 0x5F, 0x46, 0x5B, 0xC6, 0xB3, 0x32, 0xAC, 0xAA, 0x7E, 0xAA, 0xFD, 0xA4, 0xBA, 0x4B,
    0x43, 0x3B, 0xA1, 0x03, 0x00, 0xD0, 0xA6, 0xD8, 0xA6, 0x81, 0xEA, 0x76, 0xD9, 0x94, 0xD7, 0xA1,
    0x67, 0x93, 0x64, 0x45, 0x00, 0xF8, 0xE6, 0xAE, 0x81, 0x4D, 0xDA, 0x52, 0x5D, 0x35, 0x23, 0x4D,
    0xA8, 0x26, 0x94, 0x6F, 0xB6, 0x68, 0xF7, 0x64, 0x8E, 0xE1, 0xB5, 0xC5, 0x96, 0x41, 0xB6, 0xC6,
    0xCF, 0xB1, 0x9A, 0x73, 0xCC, 0x8A, 0x15, 0x2A, 0x16, 0x92, 0x3C, 0x34, 0x11, 0x9D, 0x92, 0x67,
    0xD6, 0x6E, 0xE1, 0x18, 0x80, 0xD2, 0x83, 0x0A, 0x60, 0x22, 0xD8, 0x01, 0xCE, 0x47, 0x78, 0x33,
    0x51, 0xC4, 0x2D, 0x65, 0x58, 0x53, 0xF5, 0x2D, 0x8D, 0xB7, 0x4E, 0x75, 0xC6, 0x6B, 0xB4, 0xB7,
    0x92, 0x6C, 0x93, 0xDC, 0x59, 0x00, 0xC8, 0xB6, 0x70, 0xFB, 0xC2, 0x7A, 0xD5, 0x35, 0x51, 0x53,
    0x47, 0x73, 0xF0, 0xC2, 0xC6, 0x7F, 0x79, 0x61, 0xC2, 0x87, 0xC0, 0xD1, 0x72, 0x51, 0x88, 0xB6,
    0x11, 0x74, 0x0F, 0xD6, 0xC1, 0x39, 0x70, 0x09, 0x6C, 0xC4, 0x97, 0x11, 0x5B, 0x7C, 0xFB, 0x98,
    0xBA, 0x5A, 0x2E, 0x2A, 0xF1, 0xF1, 0x5C, 0x00, 0x40, 0x75, 0x1C, 0x3D, 0x7B, 0x79, 0x5B, 0xE3,
    0x14, 0xCB, 0x8A, 0x73, 0x46, 0xD6, 0x3F, 0xBC, 0x5A, 0xDC, 0xD4, 0xA8, 0x3D, 0xE7, 0x92, 0x6A,
    0x3F, 0x76, 0xE8, 0xB4, 0x5C, 0xD4, 0xE2, 0x63, 0x23, 0xAC, 0x80, 0x57, 0x00, 0x90, 0x6B, 0x28,
    0xC1, 0xFE, 0x11, 0x5A, 0x60, 0x7D, 0x70, 0x87, 0x6C, 0x5B, 0xC0, 0xFC, 0x79, 0xB9, 0xC8, 0x7D,
    0x0A, 0xD1, 0x2E, 0x97, 0x90, 0xD2, 0x20, 0x24, 0xA0, 0xED, 0x40, 0xF5, 0x50, 0x07, 0xA8, 0xA2,
    0xF8, 0x32, 0x31, 0xDB, 0xD0, 0x04, 0xD0, 0x7E, 0xB9, 0xDC, 0xB8, 0x94, 0xB6, 0x92, 0x1F, 0x00,
    0xD0, 0xC0, 0xB3, 0x4F, 0x6F, 0x6B, 0x54, 0xA1, 0xED, 0xCA, 0xA8, 0xFA, 0x62, 0xA8, 0xC3, 0xF2,
    0xEA, 0x93, 0xDB, 0x1A, 0xF3, 0x2A, 0xA2, 0xA5, 0xAE, 0xFA, 0xD8, 0x2F, 0x9F, 0xA5, 0xEB, 0x1A,
    0x11, 0x4A, 0x81, 0x0C, 0x72, 0x1E, 0xDF, 0xDE, 0xC3, 0xEF, 0xFB, 0xD5, 0xB7, 0x7A, 0xB1, 0x41,
    0xF5, 0xD2, 0xDF, 0xCB, 0x59, 0xF2, 0x3E, 0x07, 0x00, 0x2B, 0x27, 0x6F, 0x64, 0x73, 0x75, 0x2C,
    0x26, 0xFE, 0xAF, 0x6D, 0x28, 0xB6, 0xD8, 0xA4, 0x92, 0xFF, 0xCE, 0xC5, 0xD7, 0x2F, 0x3A, 0x00,
    0x29, 0xDC, 0x59, 0x41, 0xFB, 0xA6, 0x53, 0xB1, 0xEA, 0xAA, 0xB1, 0x40, 0x32, 0x61, 0x03, 0xD8,
    0x0E, 0xB4, 0x07, 0x0B, 0x5C, 0x42, 0x31, 0x42, 0x15, 0x4B, 0xAF, 0x7C, 0xE5, 0x8D, 0xFB, 0x91,
    0x17, 0x5D, 0xA6, 0x83, 0x02, 0x9B, 0xA2, 0x2C, 0xCA, 0x48, 0x15, 0x68, 0x3C, 0xCA, 0xA3, 0x1D,
    0x16, 0x4E, 0x60, 0x05, 0xE3, 0x75, 0xA4, 0xEE, 0xAF, 0x23, 0x06, 0xE6, 0x79, 0x61, 0x40, 0xB9,
    0xEC, 0x94, 0x50, 0x95, 0x0B, 0xC0, 0x98, 0x25, 0x39, 0x66, 0x41, 0xDF, 0xC4, 0x42, 0x8E, 0x45,
    0x8E, 0xA3, 0x9B, 0xFD, 0xC3, 0xB7, 0xA9, 0xAF, 0xB7, 0xE8, 0xE4, 0xDA, 0xAF, 0xC2, 0xD3, 0xBF,
    0x7B, 0x22, 0xFC, 0x8A, 0x7A, 0x40, 0x6F, 0x39, 0x31, 0xCC, 0x54, 0x5E, 0x73, 0x93, 0x8F, 0x75,
    0xE4, 0x5E, 0xBB, 0x39, 0x83, 0x22, 0x40, 0xD5, 0x0B, 0x1E, 0x6A, 0xA1, 0xE9, 0x40, 0x01, 0x1A,
    0x78, 0x42, 0xEB, 0x4F, 0x68, 0xFB, 0x19, 0x75, 0x78, 0x41, 0x15, 0x07, 0xCA, 0x18, 0x29, 0xDE,
    0x04, 0xF8, 0xB2, 0x87, 0x8D, 0x87, 0x56, 0xB0, 0x0E, 0x0C, 0x70, 0x04, 0x40, 0x1D, 0x1F, 0xEB,
    0x69, 0x3A, 0x31, 0xFD, 0x4C, 0x75, 0xB2, 0x9B, 0x71, 0x6A, 0xC2, 0x0C, 0x00, 0x30, 0xBF, 0x98,
    0x68, 0xBF, 0xD8, 0x31, 0xAC, 0x35, 0x71, 0xA6, 0x18, 0x36, 0x9A, 0xCD, 0x67, 0x3B, 0xCC, 0x47,
    0x23, 0x00, 0x0B, 0x60, 0xFC, 0x2F, 0xD8, 0x5D, 0x5C, 0xB8, 0x94, 0x52, 0x97, 0x01, 0x00, 0x8A,
    0x00, 0xD4, 0x11, 0x50, 0x9E, 0xFD, 0xDD, 0x58, 0x03, 0xC5, 0xF8, 0x3E, 0xFF, 0x97, 0x17, 0x17,
    0x28, 0xA9, 0x82, 0xCD, 0xDB, 0x78, 0xC7, 0x6F, 0x18, 0x57, 0xFF, 0xD9, 0x7F, 0x38, 0xE5, 0xC8,
    0xED, 0xBB, 0xE8, 0x1E, 0x6C, 0xDC, 0xB3, 0x1A, 0x61, 0x5C, 0x51, 0x0C, 0x67, 0x54, 0xD1, 0x52,
    0xF7, 0xDA, 0x35, 0x5E, 0x75, 0xAA, 0x6B, 0xBC, 0x76, 0x75, 0xB0, 0xE2, 0x3D, 0xA7, 0x1C, 0x1E,
    0xC2, 0x62, 0x4E, 0x19, 0x0D, 0x55, 0xD0, 0x5D, 0xDD, 0x2B, 0xAF, 0x7C, 0xD3, 0xEB, 0xAE, 0x0A,
    0x46, 0xBC, 0xF3, 0xAC, 0x87, 0x69, 0x82, 0xB3, 0x61, 0x5F, 0xD7, 0x04, 0x50, 0xBD, 0xE0, 0x29,
    0x53, 0xA7, 0xD2, 0x60, 0xFF, 0xB2, 0x9D, 0x33, 0x3F, 0xC5, 0xAC, 0xDE, 0xBD, 0x4E, 0xD1, 0x0F,
    0x39, 0x7A, 0x6F, 0x82, 0x39, 0xC3, 0xDA, 0x8F, 0xB6, 0x3A, 0x4D, 0x75, 0x0A, 0x3C, 0x02, 0x80,
    0x72, 0x0B, 0x2A, 0x81, 0xF9, 0x31, 0x58, 0xFE, 0x67, 0x4E, 0xCE, 0xC1, 0x4E, 0xA0, 0x03, 0x70,
    0xEF, 0x20, 0x36, 0xE7, 0xCE, 0xDF, 0x19, 0xDA, 0xED, 0xB0, 0x7E, 0x8B, 0xE9, 0x8E, 0xB3, 0x80,
    0x82, 0xB5, 0xD8, 0xD9, 0x77, 0x29, 0xB1, 0x3B, 0x45, 0x4F, 0x0E, 0xEA, 0x8A, 0xE4, 0x7C, 0xB3,
    0x06, 0xC8, 0x4F, 0x39, 0x65, 0xBD, 0xF6, 0x3B, 0xCC, 0x3B, 0xF5, 0xD2, 0xB3, 0x93, 0xF8, 0x75,
    0xCF, 0x82, 0xC2, 0x15, 0x98, 0xAD, 0x12, 0x7D, 0xE2, 0x7B, 0xF7, 0x47, 0x80, 0x43, 0x1F, 0x4F,
    0xEB, 0x11, 0x6E, 0x66, 0x62, 0xCA, 0xFC, 0xDB, 0xB9, 0xE9, 0x7E, 0x62, 0x87, 0xE1, 0x6C, 0x13,
    0x9F, 0x6A, 0x7F, 0xDF, 0x1D, 0xBF, 0xB5, 0x7B, 0xE0, 0x25, 0x1F, 0xA4, 0x34, 0x3D, 0x7F, 0xFB,
    0x75, 0x13, 0x43, 0x8E, 0xE2, 0x04, 0xA8, 0x1C, 0x75, 0x77, 0xFD, 0x25, 0x39, 0x85, 0xC8, 0xDE,
    0x6E, 0x1C, 0xF7, 0xEF, 0x68, 0xF7, 0xFE, 0x73, 0x19, 0x30, 0x7D, 0xB9, 0x95, 0x0D, 0xDB, 0xD1,
    0x8C, 0xB0, 0x91, 0x47, 0x84, 0x97, 0x70, 0x5D, 0xF7, 0x1E, 0x18, 0x87, 0x1E, 0x28, 0x92, 0x3C,
    0x02, 0x75, 0x94, 0x1C, 0xC9, 0xB4, 0x8E, 0x87, 0x70, 0x93, 0x06, 0x0B, 0x3A, 0x09, 0x36, 0x3D,
    0x6D, 0xB7, 0x71, 0xCD, 0xD8, 0x0C, 0x92, 0xD2, 0x3A, 0x4C, 0x6F, 0x3B, 0xAA, 0x6D, 0x3D, 0x42,
    0xDB, 0xB7, 0x7E, 0x9F, 0x82, 0xC3, 0x7D, 0x9B, 0x05, 0xAC, 0xD9, 0x82, 0x09, 0xCF, 0x7B, 0x8A,
    0x5D, 0x29, 0xA6, 0xF6, 0xC6, 0xD3, 0xFA, 0xB6, 0xAB, 0x45, 0x21, 0x82, 0x4D, 0xC7, 0x25, 0x23,
    0x1C, 0xB3, 0xE0, 0x1D, 0xD3, 0xA1, 0x8A, 0x07, 0xDC, 0x3D, 0x1D, 0x50, 0x1D, 0x68, 0xC0, 0xDE,
    0x4E, 0xC6, 0x3F, 0x5D, 0xB9, 0x96, 0x81, 0xA9, 0x8C, 0x4C, 0x55, 0x60, 0xAA, 0x7B, 0x2E, 0x1B,
    0x4F, 0x2B, 0xA9, 0xF6, 0x6F, 0x9F, 0x2E, 0xD4, 0xF5, 0x64, 0xE4, 0x14, 0x18, 0x81, 0x01, 0x28,
    0xAE, 0x27, 0x55, 0xD5, 0xDF, 0xDC, 0xE3, 0xD1, 0xB3, 0x8D, 0xC7, 0x34, 0x21, 0x4F, 0x36, 0xCE,
    0x84, 0x95, 0x30, 0x56, 0xB1, 0x88, 0xAA, 0xFF, 0xE4, 0xCD, 0xED, 0x3D, 0x94, 0x07, 0xE5, 0x40,
    0x03, 0x3C, 0x5A, 0xBA, 0x3A, 0xCF, 0x2B, 0xA1, 0x75, 0xB0, 0x05, 0xA6, 0x6B, 0xB2, 0xDD, 0x76,
    0x90, 0x63, 0xF7, 0x05, 0x8A, 0xA5, 0x7B, 0xB4, 0x5C, 0xBA, 0x56, 0xEC, 0xCC, 0x7E, 0x52, 0x8F,
    0x87, 0x93, 0xDA, 0x1F, 0x92, 0x7D, 0x29, 0xED, 0x24, 0x3E, 0xB0, 0x5C, 0xC0, 0x52, 0x04, 0x37,
    0xDF, 0xC4, 0x0F, 0x7F, 0x4D, 0x91, 0x47, 0xE4, 0x1F, 0x7E, 0x1F, 0x74, 0xE5, 0x5F, 0xCD, 0x2A,
    0x3F, 0xFB, 0x7E, 0xE5, 0xBF, 0xF5, 0xB3, 0xCA, 0x3F, 0xD8, 0x88, 0xE8, 0xE7, 0xBF, 0xF9, 0xEB,
    0x6F, 0xC5, 0xFE, 0x86, 0xF8, 0x1E, 0x7F, 0x57, 0x62, 0xEA, 0x07, 0x3E, 0x56, 0x5F, 0x7C, 0xD6,
    0xB3, 0xD9, 0x41, 0xE1, 0x84, 0x05, 0xB4, 0xC9, 0x95, 0x9F, 0xD7, 0xA1, 0x71, 0xBC, 0x7E, 0x00,
    0x8F, 0x1F, 0xC3, 0x83, 0x19, 0x28, 0x2B, 0x0D, 0xE6, 0x17, 0x17, 0xBF, 0xCB, 0x76, 0xF6, 0x49,
    0x6C, 0xD6, 0x74, 0xBC, 0x2E, 0x87, 0x3A, 0x64, 0x4D, 0xD6, 0x72, 0x24, 0x8F, 0xB4, 0x25, 0x7F,
    0xC1, 0x0C, 0x55, 0xB0, 0x5E, 0xC5, 0x57, 0x71, 0xF6, 0x22, 0x9E, 0xC4, 0x59, 0x54, 0x7E, 0x8F,
    0xD8, 0xAF, 0xE2, 0xE9, 0x0B, 0xEB, 0x75, 0x34, 0xAE, 0x0E, 0x39, 0x37, 0x6B, 0xB2, 0xF6, 0x50,
    0xFF, 0x44, 0xF4, 0x33, 0x44, 0x8F, 0xE8, 0x11, 0x7D, 0x95, 0xF5, 0xCC, 0xE2, 0x0C, 0xD1, 0x23,
    0x7A, 0xA2, 0xA1, 0x0C, 0xCD, 0xCB, 0x03, 0xFD, 0x43, 0x38, 0x79, 0xFF, 0xE2, 0xA7, 0xEB, 0x8B,
    0x94, 0xF2, 0x2F, 0xCF, 0xC3, 0x63, 0x1C, 0xAC, 0xCB, 0xB1, 0x09, 0xBB, 0x6A, 0x54, 0xE1, 0xB2,
    0x1C, 0x9A, 0xFE, 0x9F, 0x9C, 0x91, 0x01, 0x66, 0x74, 0x31, 0x14, 0x85, 0xCF, 0xE4, 0xF7, 0xAB,
    0x0A, 0x52, 0x00, 0x06, 0x6F, 0x03, 0xD5, 0x6C, 0xA0, 0xE4, 0x99, 0x0D, 0x74, 0x49, 0x19, 0xBA,
    0x91, 0x2E, 0xA1, 0x3B, 0x98, 0xC7, 0x6C, 0x20, 0x4B, 0x78, 0x4B, 0x08, 0x52, 0x6E, 0x49, 0x72,
    0x7B, 0xD2, 0x67, 0x28, 0xB4, 0x1D, 0x45, 0x3E, 0x22, 0xB9, 0x9F, 0x73, 0x5C, 0xD8, 0xF7, 0x98,
    0x10, 0x55, 0x0B, 0xDA, 0x94, 0xB3, 0x11, 0x9B, 0xF0, 0xAF, 0xB8, 0x84, 0xBD, 0xAA, 0xCE, 0x61,
    0xE0, 0xF3, 0xFA, 0x33, 0x6C, 0x9D, 0x04, 0xBE, 0x85, 0x06, 0xD8, 0x0E, 0x04, 0x5D, 0x68, 0x5B,
    0x8C, 0x18, 0x0E, 0x63, 0xA8, 0x52, 0xE0, 0xE1, 0xD7, 0x6F, 0x0F, 0x0D, 0x85, 0x02, 0x81, 0xD5,
    0x84, 0xC0, 0xD3, 0x5C, 0xDA, 0xC9, 0xF6, 0xB6, 0xD7, 0x27, 0xCE, 0xBB, 0x6B, 0xE6, 0x2B, 0xFB,
    0x78, 0xC1, 0x28, 0xA4, 0x60, 0x86, 0x12, 0xC1, 0x4A, 0xEB, 0xED, 0x16, 0x93, 0x49, 0x2E, 0xAD,
    0xB6, 0x5A, 0xE1, 0x2A, 0xDA, 0xEA, 0x73, 0x4C, 0xBE, 0xC5, 0xA2, 0xEB, 0xF0, 0xEB, 0x3C, 0xFC,
    0x24, 0xFD, 0x61, 0x36, 0x72, 0xB3, 0x5E, 0x7E, 0xD2, 0xDF, 0xC2, 0xF0, 0xD7, 0xF0, 0x37, 0x7F,
    0xC6, 0xB4, 0x02, 0x38, 0x09, 0x51, 0x5F, 0x67, 0x98, 0xF2, 0x75, 0x1F, 0x4B, 0x20, 0x8E, 0xBF,
    0xEE, 0xE3, 0xED, 0xE8, 0xD4, 0xEA, 0xE2, 0xF5, 0xD0, 0x01, 0xC3, 0x9C, 0x70, 0x0C, 0x8E, 0x07,
    0x97, 0x81, 0xC7, 0xB1, 0x90, 0x7B, 0xC2, 0x76, 0xAB, 0x6B, 0x54, 0xBE, 0xF4, 0x89, 0xD7, 0xFE,
    0x9F, 0x38, 0x25, 0x62, 0xEA, 0xC4, 0x4E, 0x9F, 0x0B, 0x5E, 0xFC, 0xB9, 0x40, 0xFC, 0x59, 0xEE,
    0x54, 0x0F, 0x9A, 0x3F, 0x96, 0xFF, 0x83, 0x61, 0xFF, 0x04, 0x00, 0x35, 0x88, 0x45, 0x01, 0x82,
    0x41, 0x10, 0x85, 0x3F, 0xDC, 0x21, 0x00, 0x52, 0x00, 0x8B, 0xB0, 0xCD, 0x70, 0xA9, 0x43, 0x01,
    0xDC, 0x21, 0x06, 0xDC, 0xD9, 0x33, 0xF6, 0x7E, 0x9F, 0x79, 0x4E, 0x78, 0x35, 0x4F, 0xE8, 0x7B,
    0x12, 0xD3, 0x06, 0xC8, 0xB0, 0x00, 0x1A, 0xB4, 0xBC, 0x79, 0x55, 0xF1, 0x66, 0x9D, 0x37, 0x24,
    0x5C, 0xB5, 0x54, 0xA4, 0xF9, 0x17, 0xA3, 0x67, 0x41, 0x54, 0x34, 0xE8, 0x7E, 0xDD, 0x7D, 0x24,
    0x0B, 0xBA, 0x6B, 0x03, 0xE6, 0x25, 0xA0, 0xF2, 0xF9, 0x02, 0x89, 0x9D, 0x05, 0x78, 0x6C, 0x3C,
    0x35, 0x9E, 0x50, 0x24, 0x3A, 0x07,
};

static const EpdGlyph bookerly_10_boldGlyphs[] = {
    { 0, 0, 0, 0, 0, 0, 0 }, // U+0000
    { 0, 0, 0, 0, 0, 0, 0 }, // U+0008
    { 0, 0, 72, 0, 0, 0, 0 }, // U+0009
    { 0, 0, 72, 0, 0, 0, 0 }, // U+000D
    { 0, 0, 0, 0, 0, 0, 0 }, // U+001D
    { 0, 0, 72, 0, 0, 0, 0 }, // U+0020
    { 4, 16, 97, 1, 16, 16, 0 }, // !
    { 7, 7, 140, 1, 14, 13, 16 }, // "
    { 13, 13, 208, 0, 12, 43, 29 }, // #
    { 11, 21, 208, 1, 17, 58, 72 }, // $
    { 19, 16, 323, 1, 15, 76, 130 }, // %
    { 16, 14, 266, 1, 14, 56, 206 }, // &
    { 3, 7, 77, 1, 14, 6, 262 }, // '
    { 7, 21, 126, 1, 17, 37, 268 }, // (
    { 7, 21, 126, 0, 17, 37, 305 }, // )
    { 8, 6, 130, 0, 14, 12, 342 }, // *
    { 9, 9, 208, 2, 11, 21, 354 }, // +
    { 5, 7, 97, 0, 3, 9, 375 }, // ,
    { 7, 3, 127, 1, 7, 6, 384 }, // -
    { 4, 3, 97, 1, 3, 3, 390 }, // .
    { 11, 16, 176, 0, 15, 44, 393 }, // /
    { 12, 14, 208, 1, 14, 42, 437 }, // 0
    { 10, 15, 208, 1, 15, 38, 479 }, // 1
    { 12, 14, 208, 0, 14, 42, 517 }, // 2
    { 11, 14, 208, 1, 14, 39, 559 }, // 3
    { 13, 15, 208, 0, 15, 49, 598 }, // 4
    { 11, 14, 208, 1, 14, 39, 647 }, // 5
    { 11, 14, 208, 1, 14, 39, 686 }, // 6
    { 11, 14, 208, 1, 14, 39, 725 }, // 7
    { 11, 14, 208, 1, 14, 39, 764 }, // 8
    { 12, 14, 208, 0, 14, 42, 803 }, // 9
    { 4, 11, 97, 1, 11, 11, 845 }, // :
    { 5, 14, 97, 0, 11, 18, 856 }, // ;
    { 10, 10, 208, 2, 12, 25, 874 }, // <
    { 9, 6, 208, 2, 10, 14, 899 }, // =
    { 10, 10, 208, 1, 12, 25, 913 }, // >
    { 8, 14, 164, 1, 14, 28, 938 }, // ?
    { 19, 19, 330, 1, 14, 91, 966 }, // @
    { 16, 14, 257, 0, 14, 56, 1057 }, // A
    { 13, 14, 216, 1, 14, 46, 1113 }, // B
    { 12, 14, 219, 1, 14, 42, 1159 }, // C
    { 15, 14, 259, 1, 14, 53, 1201 }, // D
    { 12, 14, 217, 1, 14, 42, 1254 }, // E
    { 11, 14, 197, 1, 14, 39, 1296 }, // F
    { 14, 14, 247, 1, 14, 49, 1335 }, // G
    { 17, 14, 287, 1, 14, 60, 1384 }, // H
    { 8, 14, 139, 1, 14, 28, 1444 }, // I
    { 10, 19, 131, -1, 14, 48, 1472 }, // J
    { 15, 14, 253, 1, 14, 53, 1520 }, // K
    { 12, 14, 207, 1, 14, 42, 1573 }, // L
    { 20, 14, 317, 0, 14, 70, 1615 }, // M
    { 18, 15, 268, 0, 14, 68, 1685 }, // N
    { 15, 14, 260, 1, 14, 53, 1753 }, // O
    { 12, 14, 209, 1, 14, 42, 1806 }, // P
    { 16, 19, 260, 1, 14, 76, 1848 }, // Q
    { 15, 14, 237, 1, 14, 53, 1924 }, // R
    { 11, 14, 195, 1, 14, 39, 1977 }, // S
    { 14, 14, 239, 1, 14, 49, 2016 }, // T
    { 17, 14, 268, 1, 14, 60, 2065 }, // U
    { 16, 14, 260, 0, 14, 56, 2125 }, // V
    { 23, 14, 371, 0, 14, 81, 2181 }, // W
    { 16, 14, 256, 0, 14, 56, 2262 }, // X
    { 15, 14, 241, 0, 14, 53, 2318 }, // Y
    { 12, 15, 203, 0, 14, 45, 2371 }, // Z
    { 6, 20, 113, 1, 16, 30, 2416 }, // [
    { 11, 16, 176, 0, 15, 44, 2446 }, // <backslash>
    { 6, 20, 113, 0, 16, 30, 2490 }, // ]
    { 11, 10, 208, 1, 14, 28, 2520 }, // ^
    { 10, 3, 167, 0, 0, 8, 2548 }, // _
    { 5, 6, 225, 5, 18, 8, 2556 }, // `
    { 12, 11, 189, 1, 11, 33, 2564 }, // a
    { 13, 16, 206, 0, 16, 52, 2597 }, // b
    { 10, 11, 173, 1, 11, 28, 2649 }, // c
    { 13, 16, 209, 1, 16, 52, 2677 }, // d
    { 10, 11, 182, 1, 11, 28, 2729 }, // e
    { 12, 16, 144, -1, 16, 48, 2757 }, // f
    { 12, 16, 201, 1, 11, 48, 2805 }, // g
    { 14, 16, 221, 0, 16, 56, 2853 }, // h
    { 7, 16, 118, 0, 16, 28, 2909 }, // i
    { 8, 21, 106, -2, 16, 42, 2937 }, // j
    { 14, 16, 211, 0, 16, 56, 2979 }, // k
    { 7, 16, 116, 0, 16, 28, 3035 }, // l
    { 20, 11, 330, 1, 11, 55, 3063 }, // m
    { 14, 11, 225, 1, 11, 39, 3118 }, // n
    { 11, 11, 201, 1, 11, 31, 3157 }, // o
    { 13, 16, 208, 0, 11, 52, 3188 }, // p
    { 12, 16, 200, 1, 11, 48, 3240 }, // q
    { 10, 11, 159, 0, 11, 28, 3288 }, // r
    { 9, 11, 167, 1, 11, 25, 3316 }, // s
    { 9, 14, 142, 0, 14, 32, 3341 }, // t
    { 14, 11, 218, 0, 11, 39, 3373 }, // u
    { 14, 11, 217, 0, 11, 39, 3412 }, // v
    { 19, 11, 302, 0, 11, 53, 3451 }, // w
    { 14, 11, 207, -1, 11, 39, 3504 }, // x
    { 13, 16, 217, 1, 11, 52, 3543 }, // y
    { 11, 11, 172, 0, 11, 31, 3595 }, // z
    { 7, 21, 134, 1, 16, 37, 3626 }, // {
    { 3, 18, 105, 2, 16, 14, 3663 }, // |
    { 7, 21, 134, 1, 16, 37, 3677 }, // }
    { 10, 6, 208, 2, 10, 15, 3714 }, // ~
    { 0, 0, 72, 0, 0, 0, 0 }, // U+00A0
    { 4, 16, 97, 1, 11, 16, 0 }, // U+00A1
    { 11, 21, 208, 1, 17, 58, 16 }, // U+00A2
    { 12, 14, 208, 1, 14, 42, 74 }, // U+00A3
    { 12, 10, 208, 0, 12, 30, 116 }, // U+00A4
    { 15, 14, 208, -1, 14, 53, 146 }, // U+00A5
    { 3, 18, 105, 2, 16, 14, 199 }, // U+00A6
    { 9, 18, 173, 1, 14, 41, 213 }, // U+00A7
    { 8, 3, 225, 3, 16, 6, 254 }, // U+00A8
    { 16, 15, 261, 0, 15, 60, 260 }, // U+00A9
    { 8, 10, 147, 1, 15, 20, 320 }, // U+00AA
    { 11, 8, 195, 1, 9, 22, 340 }, // U+00AB
    { 10, 6, 208, 2, 10, 15, 362 }, // U+00AC
    { 7, 3, 127, 1, 7, 6, 377 }, // U+00AD
    { 11, 11, 194, 1, 16, 31, 383 }, // U+00AE
    { 8, 3, 225, 3, 16, 6, 414 }, // U+00AF
    { 8, 8, 176, 2, 15, 16, 420 }, // U+00B0
    { 9, 12, 208, 2, 12, 27, 436 }, // U+00B1
    { 9, 9, 149, 0, 17, 21, 463 }, // U+00B2
    { 8, 9, 149, 1, 17, 18, 484 }, // U+00B3
    { 4, 6, 225, 5, 18, 6, 502 }, // U+00B4
    { 13, 17, 219, 1, 12, 56, 508 }, // U+00B5
    { 12, 18, 198, 0, 14, 54, 564 }, // U+00B6
    { 4, 3, 97, 1, 7, 3, 618 }, // U+00B7
    { 5, 6, 225, 5, 1, 8, 621 }, // U+00B8
    { 8, 10, 149, 1, 18, 20, 629 }, // U+00B9
    { 8, 10, 147, 1, 15, 20, 649 }, // U+00BA
    { 12, 8, 195, 0, 9, 24, 669 }, // U+00BB
    { 21, 18, 359, 1, 16, 95, 693 }, // U+00BC
    { 21, 18, 359, 1, 16, 95, 788 }, // U+00BD
    { 22, 18, 359, 1, 16, 99, 883 }, // U+00BE
    { 8, 16, 164, 1, 11, 32, 982 }, // U+00BF
    { 17, 20, 257, 0, 20, 85, 1014 }, // U+00C0
    { 16, 20, 257, 0, 20, 80, 1099 }, // U+00C1
    { 17, 21, 257, 0, 21, 90, 1179 }, // U+00C2
    { 17, 20, 257, -1, 20, 85, 1269 }, // U+00C3
    { 17, 19, 257, 0, 19, 81, 1354 }, // U+00C4
    { 17, 20, 257, 0, 20, 85, 1435 }, // U+00C5
    { 21, 14, 327, -1, 14, 74, 1520 }, // U+00C6
    { 12, 19, 219, 1, 14, 57, 1594 }, // U+00C7
    { 12, 20, 217, 1, 20, 60, 1651 }, // U+00C8
    { 12, 20, 217, 1, 20, 60, 1711 }, // U+00C9
    { 12, 21, 217, 1, 21, 63, 1771 }, // U+00CA
    { 12, 19, 217, 1, 19, 57, 1834 }, // U+00CB
    { 8, 20, 139, 1, 20, 40, 1891 }, // U+00CC
    { 8, 20, 139, 1, 20, 40, 1931 }, // U+00CD
    { 9, 21, 139, 0, 21, 48, 1971 }, // U+00CE
    { 8, 19, 139, 1, 19, 38, 2019 }, // U+00CF
    { 15, 14, 259, 1, 14, 53, 2057 }, // U+00D0
    { 18, 21, 268, 0, 20, 95, 2110 }, // U+00D1
    { 15, 20, 260, 1, 20, 75, 2205 }, // U+00D2
    { 15, 20, 260, 1, 20, 75, 2280 }, // U+00D3
    { 15, 21, 260, 1, 21, 79, 2355 }, // U+00D4
    { 15, 20, 260, 1, 20, 75, 2434 }, // U+00D5
    { 15, 19, 260, 1, 19, 72, 2509 }, // U+00D6
    { 9, 10, 208, 2, 12, 23, 2581 }, // U+00D7
    { 16, 16, 260, 0, 15, 64, 2604 }, // U+00D8
    { 17, 20, 268, 1, 20, 85, 2668 }, // U+00D9
    { 17, 20, 268, 1, 20, 85, 2753 }, // U+00DA
    { 17, 21, 268, 1, 21, 90, 2838 }, // U+00DB
    { 17, 19, 268, 1, 19, 81, 2928 }, // U+00DC
    { 15, 20, 241, 0, 20, 75, 3009 }, // U+00DD
    { 13, 14, 216, 1, 14, 46, 3084 }, // U+00DE
    { 14, 16, 223, 0, 16, 56, 3130 }, // U+00DF
    { 12, 18, 189, 1, 18, 54, 3186 }, // U+00E0
    { 12, 18, 189, 1, 18, 54, 3240 }, // U+00E1
    { 12, 17, 189, 1, 17, 51, 3294 }, // U+00E2
    { 12, 16, 189, 1, 16, 48, 3345 }, // U+00E3
    { 12, 16, 189, 1, 16, 48, 3393 }, // U+00E4
    { 12, 17, 189, 1, 17, 51, 3441 }, // U+00E5
    { 16, 11, 276, 1, 11, 44, 3492 }, // U+00E6
    { 10, 16, 173, 1, 11, 40, 3536 }, // U+00E7
    { 10, 18, 182, 1, 18, 45, 3576 }, // U+00E8
    { 10, 18, 182, 1, 18, 45, 3621 }, // U+00E9
    { 10, 17, 182, 1, 17, 43, 3666 }, // U+00EA
    { 10, 16, 182, 1, 16, 40, 3709 }, // U+00EB
    { 7, 18, 118, 0, 18, 32, 3749 }, // U+00EC
    { 7, 18, 118, 0, 18, 32, 3781 }, // U+00ED
    { 8, 17, 118, 0, 17, 34, 3813 }, // U+00EE
    { 8, 16, 118, 1, 16, 32, 3847 }, // U+00EF
    { 11, 17, 201, 1, 17, 47, 3879 }, // U+00F0
    { 14, 16, 225, 1, 16, 56, 3926 }, // U+00F1
    { 11, 18, 201, 1, 18, 50, 3982 }, // U+00F2
    { 11, 18, 201, 1, 18, 50, 4032 }, // U+00F3
    { 11, 17, 201, 1, 17, 47, 4082 }, // U+00F4
    { 11, 16, 201, 1, 16, 44, 4129 }, // U+00F5
    { 11, 16, 201, 1, 16, 44, 4173 }, // U+00F6
    { 9, 9, 208, 2, 11, 21, 4217 }, // U+00F7
    { 13, 12, 202, 0, 11, 39, 4238 }, // U+00F8
    { 14, 18, 218, 0, 18, 63, 4277 }, // U+00F9
    { 14, 18, 218, 0, 18, 63, 4340 }, // U+00FA
    { 14, 17, 218, 0, 17, 60, 4403 }, // U+00FB
    { 14, 16, 218, 0, 16, 56, 4463 }, // U+00FC
    { 13, 23, 217, 1, 18, 75, 4519 }, // U+00FD
    { 13, 21, 208, 0, 16, 69, 4594 }, // U+00FE
    { 14, 21, 217, 0, 16, 74, 4663 }, // U+00FF
    { 17, 19, 257, -1, 19, 81, 0 }, // U+0100
    { 12, 16, 189, 1, 16, 48, 81 }, // U+0101
    { 17, 20, 257, -1, 20, 85, 129 }, // U+0102
    { 12, 16, 189, 1, 16, 48, 214 }, // U+0103
    { 17, 19, 257, 0, 14, 81, 262 }, // U+0104
    { 12, 16, 189, 1, 11, 48, 343 }, // U+0105
    { 12, 20, 219, 1, 20, 60, 391 }, // U+0106
    { 10, 18, 173, 1, 18, 45, 451 }, // U+0107
    { 12, 21, 219, 1, 21, 63, 496 }, // U+0108
    { 10, 17, 173, 1, 17, 43, 559 }, // U+0109
    { 12, 20, 219, 1, 20, 60, 602 }, // U+010A
    { 10, 16, 173, 1, 16, 40, 662 }, // U+010B
    { 12, 20, 219, 1, 20, 60, 702 }, // U+010C
    { 10, 17, 173, 1, 17, 43, 762 }, // U+010D
    { 15, 20, 259, 1, 20, 75, 805 }, // U+010E
    { 14, 17, 216, 1, 17, 60, 880 }, // U+010F
    { 15, 14, 259, 1, 14, 53, 940 }, // U+0110
    { 12, 16, 209, 1, 16, 48, 993 }, // U+0111
    { 12, 19, 217, 1, 19, 57, 1041 }, // U+0112
    { 10, 16, 182, 1, 16, 40, 1098 }, // U+0113
    { 12, 20, 217, 1, 20, 60, 1138 }, // U+0114
    { 10, 16, 182, 1, 16, 40, 1198 }, // U+0115
    { 12, 19, 217, 1, 19, 57, 1238 }, // U+0116
    { 10, 16, 182, 1, 16, 40, 1295 }, // U+0117
    { 12, 19, 217, 1, 14, 57, 1335 }, // U+0118
    { 10, 16, 182, 1, 11, 40, 1392 }, // U+0119
    { 12, 20, 217, 1, 20, 60, 1432 }, // U+011A
    { 10, 17, 182, 1, 17, 43, 1492 }, // U+011B
    { 14, 21, 247, 1, 21, 74, 1535 }, // U+011C
    { 12, 22, 201, 1, 17, 66, 1609 }, // U+011D
    { 14, 20, 247, 1, 20, 70, 1675 }, // U+011E
    { 12, 21, 201, 1, 16, 63, 1745 }, // U+011F
    { 14, 20, 247, 1, 20, 70, 1808 }, // U+0120
    { 12, 21, 201, 1, 16, 63, 1878 }, // U+0121
    { 14, 19, 247, 1, 14, 67, 1941 }, // U+0122
    { 12, 23, 201, 1, 18, 69, 2008 }, // U+0123
    { 17, 21, 287, 1, 21, 90, 2077 }, // U+0124
    { 15, 21, 221, -1, 21, 79, 2167 }, // U+0125
    { 17, 14, 287, 1, 14, 60, 2246 }, // U+0126
    { 15, 16, 221, 0, 16, 60, 2306 }, // U+0127
    { 7, 20, 139, 1, 20, 35, 2366 }, // U+0128
    { 7, 16, 118, 1, 16, 28, 2401 }, // U+0129
    { 8, 19, 139, 1, 19, 38, 2429 }, // U+012A
    { 7, 15, 118, 0, 15, 27, 2467 }, // U+012B
    { 7, 20, 139, 1, 20, 35, 2494 }, // U+012C
    { 7, 16, 118, 1, 16, 28, 2529 }, // U+012D
    { 8, 19, 139, 0, 14, 38, 2557 }, // U+012E
    { 8, 21, 118, 0, 16, 42, 2595 }, // U+012F
    { 8, 19, 139, 1, 19, 38, 2637 }, // U+0130
    { 7, 11, 118, 0, 11, 20, 2675 }, // U+0131
    { 17, 19, 270, 1, 14, 81, 2695 }, // U+0132
    { 13, 21, 224, 0, 16, 69, 2776 }, // U+0133
    { 10, 25, 131, -1, 20, 63, 2845 }, // U+0134
    { 10, 22, 106, -2, 17, 55, 2908 }, // U+0135
    { 16, 19, 253, 1, 14, 76, 2963 }, // U+0136
    { 14, 21, 211, 0, 16, 74, 3039 }, // U+0137
    { 14, 11, 216, 0, 11, 39, 3113 }, // U+0138
    { 12, 20, 207, 1, 20, 60, 3152 }, // U+0139
    { 7, 22, 116, 0, 22, 39, 3212 }, // U+013A
    { 12, 19, 207, 1, 14, 57, 3251 }, // U+013B
    { 7, 21, 116, 0, 16, 37, 3308 }, // U+013C
    { 12, 16, 207, 1, 16, 48, 3345 }, // U+013D
    { 9, 17, 123, 0, 17, 39, 3393 }, // U+013E
    { 12, 14, 207, 1, 14, 42, 3432 }, // U+013F
    { 11, 16, 178, 0, 16, 44, 3474 }, // U+0140
    { 13, 14, 207, 0, 14, 46, 3518 }, // U+0141
    { 9, 16, 116, -1, 16, 36, 3564 }, // U+0142
    { 18, 21, 268, 0, 20, 95, 3600 }, // U+0143
    { 14, 18, 225, 1, 18, 63, 3695 }, // U+0144
    { 18, 19, 268, 0, 14, 86, 3758 }, // U+0145
    { 14, 16, 225, 1, 11, 56, 3844 }, // U+0146
    { 18, 21, 268, 0, 20, 95, 3900 }, // U+0147
    { 14, 17, 225, 1, 17, 60, 3995 }, // U+0148
    { 19, 14, 303, 0, 14, 67, 4055 }, // U+0149
    { 18, 18, 268, 0, 14, 81, 4122 }, // U+014A
    { 12, 16, 218, 1, 11, 48, 4203 }, // U+014B
    { 15, 19, 260, 1, 19, 72, 4251 }, // U+014C
    { 11, 16, 201, 1, 16, 44, 4323 }, // U+014D
    { 15, 20, 260, 1, 20, 75, 4367 }, // U+014E
    { 11, 16, 201, 1, 16, 44, 4442 }, // U+014F
    { 15, 20, 260, 1, 20, 75, 4486 }, // U+0150
    { 11, 18, 201, 1, 18, 50, 4561 }, // U+0151
    { 20, 14, 337, 1, 14, 70, 4611 }, // U+0152
    { 18, 11, 304, 1, 11, 50, 4681 }, // U+0153
    { 15, 20, 237, 1, 20, 75, 4731 }, // U+0154
    { 10, 18, 159, 0, 18, 45, 4806 }, // U+0155
    { 15, 19, 237, 1, 14, 72, 4851 }, // U+0156
    { 10, 16, 159, 0, 11, 40, 4923 }, // U+0157
    { 15, 20, 237, 1, 20, 75, 4963 }, // U+0158
    { 10, 17, 159, 0, 17, 43, 5038 }, // U+0159
    { 11, 20, 195, 1, 20, 55, 5081 }, // U+015A
    { 9, 18, 167, 1, 18, 41, 5136 }, // U+015B
    { 11, 21, 195, 1, 21, 58, 5177 }, // U+015C
    { 9, 17, 167, 1, 17, 39, 5235 }, // U+015D
    { 11, 19, 195, 1, 14, 53, 5274 }, // U+015E
    { 9, 16, 167, 1, 11, 36, 5327 }, // U+015F
    { 11, 20, 195, 1, 20, 55, 5363 }, // U+0160
    { 9, 17, 167, 1, 17, 39, 5418 }, // U+0161
    { 14, 20, 239, 1, 14, 70, 5457 }, // U+0162
    { 9, 19, 142, 0, 14, 43, 5527 }, // U+0163
    { 14, 20, 239, 1, 20, 70, 5570 }, // U+0164
    { 9, 17, 142, 0, 17, 39, 5640 }, // U+0165
    { 14, 14, 239, 0, 14, 49, 5679 }, // U+0166
    { 10, 14, 142, 0, 14, 35, 5728 }, // U+0167
    { 17, 20, 268, 1, 20, 85, 5763 }, // U+0168
    { 14, 16, 218, 0, 16, 56, 5848 }, // U+0169
    { 17, 19, 268, 1, 19, 81, 5904 }, // U+016A
    { 14, 15, 218, 0, 15, 53, 5985 }, // U+016B
    { 17, 20, 268, 1, 20, 85, 6038 }, // U+016C
    { 14, 16, 218, 0, 16, 56, 6123 }, // U+016D
    { 17, 21, 268, 1, 21, 90, 6179 }, // U+016E
    { 14, 17, 218, 0, 17, 60, 6269 }, // U+016F
    { 17, 21, 268, 1, 21, 90, 6329 }, // U+0170
    { 14, 18, 218, 0, 18, 63, 6419 }, // U+0171
    { 17, 19, 268, 1, 14, 81, 6482 }, // U+0172
    { 14, 16, 218, 0, 11, 56, 6563 }, // U+0173
    { 23, 21, 371, 0, 21, 121, 6619 }, // U+0174
    { 19, 17, 302, 0, 17, 81, 6740 }, // U+0175
    { 15, 21, 241, 0, 21, 79, 6821 }, // U+0176
    { 13, 22, 217, 1, 17, 72, 6900 }, // U+0177
    { 16, 19, 241, -1, 19, 76, 6972 }, // U+0178
    { 12, 21, 203, 0, 20, 63, 7048 }, // U+0179
    { 11, 18, 172, 0, 18, 50, 7111 }, // U+017A
    { 13, 20, 203, 0, 19, 65, 7161 }, // U+017B
    { 11, 16, 172, -1, 16, 44, 7226 }, // U+017C
    { 12, 21, 203, 0, 20, 63, 7270 }, // U+017D
    { 11, 17, 172, 0, 17, 47, 7333 }, // U+017E
    { 11, 16, 138, 0, 16, 44, 0 }, // U+017F
    { 16, 18, 260, 1, 18, 72, 0 }, // U+01A0
    { 12, 14, 201, 1, 14, 42, 72 }, // U+01A1
    { 17, 18, 268, 1, 18, 77, 114 }, // U+01AF
    { 14, 14, 218, 0, 14, 49, 191 }, // U+01B0
    { 27, 21, 453, 1, 20, 142, 240 }, // U+01C4
    { 26, 17, 422, 1, 17, 111, 382 }, // U+01C5
    { 23, 17, 380, 1, 17, 98, 493 }, // U+01C6
    { 21, 19, 338, 1, 14, 100, 591 }, // U+01C7
    { 18, 21, 313, 1, 16, 95, 691 }, // U+01C8
    { 13, 21, 222, 0, 16, 69, 786 }, // U+01C9
    { 26, 19, 399, 0, 14, 124, 855 }, // U+01CA
    { 23, 21, 373, 0, 16, 121, 979 }, // U+01CB
    { 19, 21, 331, 0, 16, 100, 1100 }, // U+01CC
    { 16, 20, 257, 0, 20, 80, 1200 }, // U+01CD
    { 12, 17, 189, 1, 17, 51, 1280 }, // U+01CE
    { 8, 20, 139, 1, 20, 40, 1331 }, // U+01CF
    { 8, 17, 118, 1, 17, 34, 1371 }, // U+01D0
    { 15, 20, 260, 1, 20, 75, 1405 }, // U+01D1
    { 11, 17, 201, 1, 17, 47, 1480 }, // U+01D2
    { 17, 20, 268, 1, 20, 85, 1527 }, // U+01D3
    { 14, 17, 218, 0, 17, 60, 1612 }, // U+01D4
    { 17, 22, 268, 1, 22, 94, 1672 }, // U+01D5
    { 14, 19, 218, 0, 19, 67, 1766 }, // U+01D6
    { 17, 22, 268, 1, 22, 94, 1833 }, // U+01D7
    { 14, 21, 218, 0, 21, 74, 1927 }, // U+01D8
    { 17, 22, 268, 1, 22, 94, 2001 }, // U+01D9
    { 14, 20, 218, 0, 20, 70, 2095 }, // U+01DA
    { 17, 22, 268, 1, 22, 94, 2165 }, // U+01DB
    { 14, 21, 218, 0, 21, 74, 2259 }, // U+01DC
    { 10, 11, 182, 1, 11, 28, 2333 }, // U+01DD
    { 17, 21, 257, 0, 21, 90, 2361 }, // U+01DE
    { 12, 19, 189, 1, 19, 57, 2451 }, // U+01DF
    { 16, 21, 257, 0, 21, 84, 2508 }, // U+01E0
    { 12, 20, 189, 1, 20, 60, 2592 }, // U+01E1
    { 21, 19, 327, -1, 19, 100, 2652 }, // U+01E2
    { 16, 16, 276, 1, 16, 64, 2752 }, // U+01E3
    { 15, 14, 247, 1, 14, 53, 2816 }, // U+01E4
    { 14, 16, 201, -1, 11, 56, 2869 }, // U+01E5
    { 14, 20, 247, 1, 20, 70, 2925 }, // U+01E6
    { 12, 22, 201, 1, 17, 66, 2995 }, // U+01E7
    { 15, 20, 253, 1, 20, 75, 3061 }, // U+01E8
    { 15, 22, 211, -1, 22, 83, 3136 }, // U+01E9
    { 15, 19, 260, 1, 14, 72, 3219 }, // U+01EA
    { 11, 16, 201, 1, 11, 44, 3291 }, // U+01EB
    { 15, 23, 260, 1, 18, 87, 3335 }, // U+01EC
    { 11, 20, 201, 1, 15, 55, 3422 }, // U+01ED
    { 12, 20, 194, 0, 20, 60, 3477 }, // U+01EE
    { 11, 22, 180, 1, 17, 61, 3537 }, // U+01EF
    { 10, 22, 106, -1, 17, 55, 3598 }, // U+01F0
    { 28, 15, 462, 1, 14, 105, 3653 }, // U+01F1
    { 26, 14, 431, 1, 14, 91, 3758 }, // U+01F2
    { 23, 16, 381, 1, 16, 92, 3849 }, // U+01F3
    { 14, 20, 247, 1, 20, 70, 3941 }, // U+01F4
    { 12, 23, 201, 1, 18, 69, 4011 }, // U+01F5
    { 18, 21, 268, 0, 20, 95, 4080 }, // U+01F8
    { 14, 18, 225, 1, 18, 63, 4175 }, // U+01F9
    { 18, 22, 257, -1, 22, 99, 4238 }, // U+01FA
    { 12, 21, 189, 1, 21, 63, 4337 }, // U+01FB
    { 21, 20, 327, -1, 20, 105, 4400 }, // U+01FC
    { 16, 18, 276, 1, 18, 72, 4505 }, // U+01FD
    { 16, 21, 260, 0, 20, 84, 4577 }, // U+01FE
    { 13, 19, 202, 0, 18, 62, 4661 }, // U+01FF
    { 16, 20, 257, 0, 20, 80, 4723 }, // U+0200
    { 12, 18, 189, 1, 18, 54, 4803 }, // U+0201
    { 17, 20, 257, -1, 20, 85, 4857 }, // U+0202
    { 12, 16, 189, 1, 16, 48, 4942 }, // U+0203
    { 12, 21, 217, 0, 21, 63, 4990 }, // U+0204
    { 10, 18, 182, 1, 18, 45, 5053 }, // U+0205
    { 12, 20, 217, 1, 20, 60, 5098 }, // U+0206
    { 10, 16, 182, 1, 16, 40, 5158 }, // U+0207
    { 10, 21, 139, -1, 21, 53, 5198 }, // U+0208
    { 8, 18, 118, 0, 18, 36, 5251 }, // U+0209
    { 7, 20, 139, 1, 20, 35, 5287 }, // U+020A
    { 7, 16, 118, 1, 16, 28, 5322 }, // U+020B
    { 15, 20, 260, 1, 20, 75, 5350 }, // U+020C
    { 11, 18, 201, 1, 18, 50, 5425 }, // U+020D
    { 15, 20, 260, 1, 20, 75, 5475 }, // U+020E
    { 11, 16, 201, 1, 16, 44, 5550 }, // U+020F
    { 16, 21, 237, 0, 21, 84, 5594 }, // U+0210
    { 10, 18, 159, 0, 18, 45, 5678 }, // U+0211
    { 15, 20, 237, 1, 20, 75, 5723 }, // U+0212
    { 10, 16, 159, 0, 16, 40, 5798 }, // U+0213
    { 17, 21, 268, 1, 21, 90, 5838 }, // U+0214
    { 14, 18, 218, 0, 18, 63, 5928 }, // U+0215
    { 17, 20, 268, 1, 20, 85, 5991 }, // U+0216
    { 14, 16, 218, 0, 16, 56, 6076 }, // U+0217
    { 11, 19, 195, 1, 14, 53, 6132 }, // U+0218
    { 9, 16, 167, 1, 11, 36, 6185 }, // U+0219
    { 14, 19, 239, 1, 14, 67, 6221 }, // U+021A
    { 9, 19, 142, 0, 14, 43, 6288 }, // U+021B
    { 11, 17, 199, 1, 14, 47, 6331 }, // U+021C
    { 10, 16, 173, 1, 11, 40, 6378 }, // U+021D
    { 17, 20, 287, 1, 20, 85, 6418 }, // U+021E
    { 15, 22, 221, -1, 22, 83, 6503 }, // U+021F
    { 5, 6, 0, -3, 18, 8, 0 }, // U+0300
    { 4, 6, 0, -2, 18, 6, 8 }, // U+0301
    { 8, 5, 0, -4, 17, 10, 14 }, // U+0302
    { 7, 4, 0, -3, 17, 7, 24 }, // U+0303
    { 8, 3, 0, -4, 16, 6, 31 }, // U+0304
    { 7, 4, 0, -3, 16, 7, 37 }, // U+0306
    { 4, 3, 0, -2, 16, 3, 44 }, // U+0307
    { 8, 3, 0, -4, 16, 6, 47 }, // U+0308
    { 7, 6, 0, -3, 18, 11, 53 }, // U+0309
    { 6, 6, 0, -3, 17, 9, 64 }, // U+030A
    { 7, 6, 0, -2, 18, 11, 73 }, // U+030B
    { 8, 5, 0, -3, 18, 10, 84 }, // U+030C
    { 7, 6, 0, -4, 18, 11, 94 }, // U+030F
    { 7, 5, 0, -3, 17, 9, 105 }, // U+0311
    { 4, 6, 0, -2, 18, 6, 114 }, // U+0312
    { 5, 6, 0, -2, 19, 8, 120 }, // U+0313
    { 5, 6, 0, -2, 19, 8, 128 }, // U+0314
    { 3, 5, 0, -1, 18, 4, 136 }, // U+0315
    { 4, 5, 0, -2, 13, 5, 140 }, // U+031B
    { 4, 3, 0, -2, -2, 3, 145 }, // U+0323
    { 8, 3, 0, -4, -2, 6, 148 }, // U+0324
    { 5, 4, 0, -2, -1, 5, 154 }, // U+0325
    { 5, 4, 0, -3, -1, 5, 159 }, // U+0326
    { 5, 6, 0, -2, 1, 8, 164 }, // U+0327
    { 5, 5, 0, -2, 1, 7, 172 }, // U+0328
    { 3, 5, 93, 2, -1, 4, 179 }, // U+0329
    { 8, 5, 0, -4, 0, 10, 183 }, // U+032D
    { 7, 4, 0, -3, -1, 7, 193 }, // U+032E
    { 7, 4, 0, -3, -1, 7, 200 }, // U+0330
    { 8, 3, 0, -4, -1, 6, 207 }, // U+0331
    { 7, 5, 0, -3, 17, 9, 213 }, // U+0342
    { 8, 8, 0, -4, 21, 16, 222 }, // U+0344
    { 4, 4, 0, -1, -1, 4, 238 }, // U+0345
    { 12, 20, 217, 1, 20, 60, 0 }, // U+0400
    { 12, 19, 217, 1, 19, 57, 60 }, // U+0401
    { 17, 19, 287, 1, 14, 81, 117 }, // U+0402
    { 12, 20, 208, 1, 20, 60, 198 }, // U+0403
    { 13, 14, 228, 1, 14, 46, 258 }, // U+0404
    { 11, 14, 195, 1, 14, 39, 304 }, // U+0405
    { 8, 14, 139, 1, 14, 28, 343 }, // U+0406
    { 8, 19, 139, 1, 19, 38, 371 }, // U+0407
    { 10, 19, 131, -1, 14, 48, 409 }, // U+0408
    { 20, 14, 331, 0, 14, 70, 457 }, // U+0409
    { 21, 14, 354, 1, 14, 74, 527 }, // U+040A
    { 18, 14, 305, 1, 14, 63, 601 }, // U+040B
    { 15, 20, 254, 1, 20, 75, 664 }, // U+040C
    { 17, 20, 284, 1, 20, 85, 739 }, // U+040D
    { 15, 20, 241, 0, 20, 75, 824 }, // U+040E
    { 16, 19, 274, 1, 14, 76, 899 }, // U+040F
    { 16, 14, 257, 0, 14, 56, 975 }, // U+0410
    { 13, 14, 217, 1, 14, 46, 1031 }, // U+0411
    { 13, 14, 216, 1, 14, 46, 1077 }, // U+0412
    { 12, 14, 208, 1, 14, 42, 1123 }, // U+0413
    { 16, 19, 264, 1, 14, 76, 1165 }, // U+0414
    { 12, 14, 217, 1, 14, 42, 1241 }, // U+0415
    { 23, 14, 370, 0, 14, 81, 1283 }, // U+0416
    { 12, 14, 208, 0, 14, 42, 1364 }, // U+0417
    { 17, 14, 284, 1, 14, 60, 1406 }, // U+0418
    { 17, 20, 284, 1, 20, 85, 1466 }, // U+0419
    { 15, 14, 254, 1, 14, 53, 1551 }, // U+041A
    { 15, 14, 258, 1, 14, 53, 1604 }, // U+041B
    { 20, 14, 317, 0, 14, 70, 1657 }, // U+041C
    { 17, 14, 287, 1, 14, 60, 1727 }, // U+041D
    { 15, 14, 260, 1, 14, 53, 1787 }, // U+041E
    { 16, 14, 279, 1, 14, 56, 1840 }, // U+041F
    { 12, 14, 209, 1, 14, 42, 1896 }, // U+0420
    { 12, 14, 219, 1, 14, 42, 1938 }, // U+0421
    { 14, 14, 239, 1, 14, 49, 1980 }, // U+0422
    { 15, 14, 241, 0, 14, 53, 2029 }, // U+0423
    { 16, 15, 269, 1, 15, 60, 2082 }, // U+0424
    { 16, 14, 256, 0, 14, 56, 2142 }, // U+0425
    { 17, 19, 278, 1, 14, 81, 2198 }, // U+0426
    { 15, 14, 258, 1, 14, 53, 2279 }, // U+0427
    { 22, 14, 371, 1, 14, 77, 2332 }, // U+0428
    { 23, 19, 375, 1, 14, 110, 2409 }, // U+0429
    { 15, 14, 262, 1, 14, 53, 2519 }, // U+042A
    { 20, 14, 340, 1, 14, 70, 2572 }, // U+042B
    { 13, 14, 217, 1, 14, 46, 2642 }, // U+042C
    { 13, 14, 229, 1, 14, 46, 2688 }, // U+042D
    { 22, 14, 369, 1, 14, 77, 2734 }, // U+042E
    { 14, 14, 239, 0, 14, 49, 2811 }, // U+042F
    { 12, 11, 189, 1, 11, 33, 2860 }, // U+0430
    { 11, 16, 199, 1, 16, 44, 2893 }, // U+0431
    { 12, 11, 193, 0, 11, 33, 2937 }, // U+0432
    { 10, 11, 177, 0, 11, 28, 2970 }, // U+0433
    { 14, 15, 225, 0, 11, 53, 2998 }, // U+0434
    { 10, 11, 182, 1, 11, 28, 3051 }, // U+0435
    { 19, 11, 300, 0, 11, 53, 3079 }, // U+0436
    { 10, 11, 172, 1, 11, 28, 3132 }, // U+0437
    { 14, 11, 232, 0, 11, 39, 3160 }, // U+0438
    { 14, 16, 232, 0, 16, 56, 3199 }, // U+0439
    { 13, 11, 213, 0, 11, 36, 3255 }, // U+043A
    { 13, 11, 215, 0, 11, 36, 3291 }, // U+043B
    { 17, 11, 262, 0, 11, 47, 3327 }, // U+043C
    { 14, 11, 234, 0, 11, 39, 3374 }, // U+043D
    { 11, 11, 201, 1, 11, 31, 3413 }, // U+043E
    { 14, 11, 232, 0, 11, 39, 3444 }, // U+043F
    { 13, 16, 208, 0, 11, 52, 3483 }, // U+0440
    { 10, 11, 173, 1, 11, 28, 3535 }, // U+0441
    { 12, 11, 205, 1, 11, 33, 3563 }, // U+0442
    { 14, 16, 217, 1, 11, 56, 3596 }, // U+0443
    { 15, 21, 261, 1, 16, 79, 3652 }, // U+0444
    { 14, 11, 207, -1, 11, 39, 3731 }, // U+0445
    { 15, 15, 234, 0, 11, 57, 3770 }, // U+0446
    { 13, 11, 214, 0, 11, 36, 3827 }, // U+0447
    { 19, 11, 306, 0, 11, 53, 3863 }, // U+0448
    { 19, 15, 310, 0, 11, 72, 3916 }, // U+0449
    { 13, 11, 222, 1, 11, 36, 3988 }, // U+044A
    { 18, 11, 292, 0, 11, 50, 4024 }, // U+044B
    { 11, 11, 183, 0, 11, 31, 4074 }, // U+044C
    { 11, 11, 182, 1, 11, 31, 4105 }, // U+044D
    { 18, 11, 296, 0, 11, 50, 4136 }, // U+044E
    { 13, 11, 203, 0, 11, 36, 4186 }, // U+044F
    { 10, 18, 182, 1, 18, 45, 4222 }, // U+0450
    { 10, 16, 182, 1, 16, 40, 4267 }, // U+0451
    { 13, 21, 214, 0, 16, 69, 4307 }, // U+0452
    { 10, 18, 177, 0, 18, 45, 4376 }, // U+0453
    { 10, 11, 178, 1, 11, 28, 4421 }, // U+0454
    { 9, 11, 167, 1, 11, 25, 4449 }, // U+0455
    { 7, 16, 118, 0, 16, 28, 4474 }, // U+0456
    { 8, 16, 118, 1, 16, 32, 4502 }, // U+0457
    { 8, 21, 106, -2, 16, 42, 4534 }, // U+0458
    { 17, 11, 268, 0, 11, 47, 4576 }, // U+0459
    { 18, 11, 291, 0, 11, 50, 4623 }, // U+045A
    { 15, 16, 221, 0, 16, 60, 4673 }, // U+045B
    { 13, 18, 213, 0, 18, 59, 4733 }, // U+045C
    { 14, 18, 232, 0, 18, 63, 4792 }, // U+045D
    { 14, 21, 217, 0, 16, 74, 4855 }, // U+045E
    { 14, 15, 230, 0, 11, 53, 4929 }, // U+045F
    { 15, 16, 252, 0, 16, 60, 4982 }, // U+0462
    { 12, 14, 216, 1, 14, 42, 5042 }, // U+0463
    { 15, 14, 260, 1, 14, 53, 5084 }, // U+0472
    { 12, 11, 201, 1, 11, 33, 5137 }, // U+0473
    { 16, 14, 262, 0, 14, 56, 5170 }, // U+0474
    { 14, 11, 222, 0, 11, 39, 5226 }, // U+0475
    { 17, 24, 283, 1, 19, 102, 5265 }, // U+048A
    { 14, 20, 228, 0, 16, 70, 5367 }, // U+048B
    { 13, 14, 217, 1, 14, 46, 5437 }, // U+048C
    { 12, 14, 181, 0, 14, 42, 5483 }, // U+048D
    { 12, 14, 209, 1, 14, 42, 5525 }, // U+048E
    { 13, 16, 208, 0, 11, 52, 5567 }, // U+048F
    { 11, 17, 192, 1, 17, 47, 5619 }, // U+0490
    { 10, 14, 170, 0, 14, 35, 5666 }, // U+0491
    { 12, 14, 206, 1, 14, 42, 5701 }, // U+0492
    { 10, 11, 179, 1, 11, 28, 5743 }, // U+0493
    { 14, 19, 241, 1, 14, 67, 5771 }, // U+0494
    { 12, 16, 206, 0, 11, 48, 5838 }, // U+0495
    { 23, 19, 370, 0, 14, 110, 5886 }, // U+0496
    { 19, 15, 300, 0, 11, 72, 5996 }, // U+0497
    { 12, 19, 208, 0, 14, 57, 6068 }, // U+0498
    { 10, 15, 172, 1, 11, 38, 6125 }, // U+0499
    { 15, 19, 255, 1, 14, 72, 6163 }, // U+049A
    { 13, 15, 213, 0, 11, 49, 6235 }, // U+049B
    { 16, 14, 268, 1, 14, 56, 6284 }, // U+049C
    { 14, 11, 221, 0, 11, 39, 6340 }, // U+049D
    { 15, 14, 254, 1, 14, 53, 6379 }, // U+049E
    { 14, 14, 212, 0, 14, 49, 6432 }, // U+049F
    { 18, 14, 291, 0, 14, 63, 6481 }, // U+04A0
    { 15, 11, 254, 1, 11, 42, 6544 }, // U+04A1
    { 17, 19, 290, 1, 14, 81, 6586 }, // U+04A2
    { 15, 15, 238, 0, 11, 57, 6667 }, // U+04A3
    { 20, 14, 330, 1, 14, 70, 6724 }, // U+04A4
    { 16, 11, 273, 0, 11, 44, 6794 }, // U+04A5
    { 22, 19, 372, 1, 14, 105, 6838 }, // U+04A6
    { 19, 16, 314, 0, 11, 76, 6943 }, // U+04A7
    { 17, 14, 284, 1, 14, 60, 7019 }, // U+04A8
    { 14, 11, 233, 1, 11, 39, 7079 }, // U+04A9
    { 12, 19, 219, 1, 14, 57, 7118 }, // U+04AA
    { 10, 15, 173, 1, 11, 38, 7175 }, // U+04AB
    { 14, 19, 239, 1, 14, 67, 7213 }, // U+04AC
    { 12, 15, 205, 1, 11, 45, 7280 }, // U+04AD
    { 15, 14, 241, 0, 14, 53, 7325 }, // U+04AE
    { 15, 16, 217, -1, 11, 60, 7378 }, // U+04AF
    { 15, 14, 241, 0, 14, 53, 0 }, // U+04B0
    { 14, 16, 217, 0, 11, 56, 53 }, // U+04B1
    { 17, 19, 261, 0, 14, 81, 109 }, // U+04B2
    { 14, 15, 210, -1, 11, 53, 190 }, // U+04B3
    { 19, 19, 308, 0, 14, 91, 243 }, // U+04B4
    { 16, 15, 269, 1, 11, 60, 334 }, // U+04B5
    { 16, 19, 262, 1, 14, 76, 394 }, // U+04B6
    { 14, 15, 218, 0, 11, 53, 470 }, // U+04B7
    { 15, 14, 258, 1, 14, 53, 523 }, // U+04B8
    { 14, 11, 218, 0, 11, 39, 576 }, // U+04B9
    { 15, 14, 259, 1, 14, 53, 615 }, // U+04BA
    { 14, 16, 221, 0, 16, 56, 668 }, // U+04BB
    { 17, 14, 283, 1, 14, 60, 724 }, // U+04BC
    { 13, 11, 223, 1, 11, 36, 784 }, // U+04BD
    { 17, 19, 283, 1, 14, 81, 820 }, // U+04BE
    { 13, 15, 223, 1, 11, 49, 901 }, // U+04BF
    { 8, 14, 139, 1, 14, 28, 950 }, // U+04C0
    { 24, 20, 370, 0, 20, 120, 978 }, // U+04C1
    { 19, 16, 300, 0, 16, 76, 1098 }, // U+04C2
    { 14, 19, 247, 1, 14, 67, 1174 }, // U+04C3
    { 12, 16, 209, 0, 11, 48, 1241 }, // U+04C4
    { 15, 19, 258, 1, 14, 72, 1289 }, // U+04C5
    { 13, 15, 216, 1, 11, 49, 1361 }, // U+04C6
    { 17, 19, 281, 1, 14, 81, 1410 }, // U+04C7
    { 14, 16, 232, 0, 11, 56, 1491 }, // U+04C8
    { 17, 19, 286, 1, 14, 81, 1547 }, // U+04C9
    { 14, 15, 234, 0, 11, 53, 1628 }, // U+04CA
    { 15, 19, 258, 1, 14, 72, 1681 }, // U+04CB
    { 13, 15, 214, 0, 11, 49, 1753 }, // U+04CC
    { 20, 19, 322, 0, 14, 95, 1802 }, // U+04CD
    { 16, 15, 262, 0, 11, 60, 1897 }, // U+04CE
    { 8, 16, 139, 1, 16, 32, 1957 }, // U+04CF
    { 17, 20, 257, 0, 20, 85, 1989 }, // U+04D0
    { 12, 16, 189, 1, 16, 48, 2074 }, // U+04D1
    { 17, 19, 257, 0, 19, 81, 2122 }, // U+04D2
    { 12, 16, 189, 1, 16, 48, 2203 }, // U+04D3
    { 21, 14, 327, -1, 14, 74, 2251 }, // U+04D4
    { 16, 11, 276, 1, 11, 44, 2325 }, // U+04D5
    { 12, 20, 217, 1, 20, 60, 2369 }, // U+04D6
    { 10, 16, 182, 1, 16, 40, 2429 }, // U+04D7
    { 13, 14, 233, 1, 14, 46, 2469 }, // U+04D8
    { 10, 11, 182, 1, 11, 28, 2515 }, // U+04D9
    { 13, 19, 233, 1, 19, 62, 2543 }, // U+04DA
    { 10, 16, 182, 1, 16, 40, 2605 }, // U+04DB
    { 24, 19, 370, 0, 19, 114, 2645 }, // U+04DC
    { 19, 16, 300, 0, 16, 76, 2759 }, // U+04DD
    { 12, 19, 208, 0, 19, 57, 2835 }, // U+04DE
    { 10, 16, 172, 1, 16, 40, 2892 }, // U+04DF
    { 12, 14, 194, 0, 14, 42, 2932 }, // U+04E0
    { 11, 16, 180, 1, 11, 44, 2974 }, // U+04E1
    { 17, 19, 284, 1, 19, 81, 3018 }, // U+04E2
    { 14, 15, 232, 0, 15, 53, 3099 }, // U+04E3
    { 17, 19, 284, 1, 19, 81, 3152 }, // U+04E4
    { 14, 16, 232, 0, 16, 56, 3233 }, // U+04E5
    { 15, 19, 260, 1, 19, 72, 3289 }, // U+04E6
    { 11, 16, 201, 1, 16, 44, 3361 }, // U+04E7
    { 15, 14, 260, 1, 14, 53, 3405 }, // U+04E8
    { 12, 11, 201, 1, 11, 33, 3458 }, // U+04E9
    { 15, 19, 260, 0, 19, 72, 3491 }, // U+04EA
    { 12, 16, 201, 1, 16, 48, 3563 }, // U+04EB
    { 14, 19, 229, 0, 19, 67, 3611 }, // U+04EC
    { 11, 16, 182, 1, 16, 44, 3678 }, // U+04ED
    { 15, 19, 241, 0, 19, 72, 3722 }, // U+04EE
    { 14, 20, 217, 1, 15, 70, 3794 }, // U+04EF
    { 16, 19, 241, 0, 19, 76, 3864 }, // U+04F0
    { 14, 21, 217, 0, 16, 74, 3940 }, // U+04F1
    { 15, 21, 241, 0, 21, 79, 4014 }, // U+04F2
    { 14, 23, 217, 1, 18, 81, 4093 }, // U+04F3
    { 15, 19, 258, 1, 19, 72, 4174 }, // U+04F4
    { 13, 16, 214, 0, 16, 52, 4246 }, // U+04F5
    { 12, 19, 208, 1, 14, 57, 4298 }, // U+04F6
    { 10, 15, 177, 0, 11, 38, 4355 }, // U+04F7
    { 20, 19, 340, 1, 19, 95, 4393 }, // U+04F8
    { 18, 16, 292, 0, 16, 72, 4488 }, // U+04F9
    { 12, 19, 206, 1, 14, 57, 4560 }, // U+04FA
    { 10, 15, 177, 1, 11, 38, 4617 }, // U+04FB
    { 17, 19, 250, -1, 14, 81, 4655 }, // U+04FC
    { 14, 16, 204, 0, 11, 56, 4736 }, // U+04FD
    { 16, 14, 256, 0, 14, 56, 4792 }, // U+04FE
    { 13, 11, 207, 0, 11, 36, 4848 }, // U+04FF
    { 16, 19, 257, 0, 14, 76, 0 }, // U+1EA0
    { 12, 16, 189, 1, 11, 48, 76 }, // U+1EA1
    { 17, 21, 257, 0, 21, 90, 124 }, // U+1EA2
    { 12, 18, 189, 1, 18, 54, 214 }, // U+1EA3
    { 17, 22, 257, 0, 22, 94, 268 }, // U+1EA4
    { 11, 21, 189, 1, 21, 58, 362 }, // U+1EA5
    { 17, 22, 257, -1, 22, 94, 420 }, // U+1EA6
    { 12, 21, 189, 1, 21, 63, 514 }, // U+1EA7
    { 17, 21, 257, 0, 21, 90, 577 }, // U+1EA8
    { 11, 20, 189, 1, 20, 55, 667 }, // U+1EA9
    { 17, 21, 257, -1, 21, 90, 722 }, // U+1EAA
    { 12, 21, 189, 1, 21, 63, 812 }, // U+1EAB
    { 16, 25, 257, 0, 20, 100, 875 }, // U+1EAC
    { 12, 22, 189, 1, 17, 66, 975 }, // U+1EAD
    { 17, 22, 257, -1, 22, 94, 1041 }, // U+1EAE
    { 12, 20, 189, 1, 20, 60, 1135 }, // U+1EAF
    { 17, 22, 257, -1, 22, 94, 1195 }, // U+1EB0
    { 12, 20, 189, 1, 20, 60, 1289 }, // U+1EB1
    { 17, 21, 257, 0, 21, 90, 1349 }, // U+1EB2
    { 12, 20, 189, 1, 20, 60, 1439 }, // U+1EB3
    { 17, 23, 257, -1, 23, 98, 1499 }, // U+1EB4
    { 12, 20, 189, 1, 20, 60, 1597 }, // U+1EB5
    { 17, 25, 257, -1, 20, 107, 1657 }, // U+1EB6
    { 12, 21, 189, 1, 16, 63, 1764 }, // U+1EB7
    { 12, 19, 217, 1, 14, 57, 1827 }, // U+1EB8
    { 10, 16, 182, 1, 11, 40, 1884 }, // U+1EB9
    { 12, 21, 217, 1, 21, 63, 1924 }, // U+1EBA
    { 10, 18, 182, 1, 18, 45, 1987 }, // U+1EBB
    { 12, 20, 217, 1, 20, 60, 2032 }, // U+1EBC
    { 10, 16, 182, 1, 16, 40, 2092 }, // U+1EBD
    { 13, 22, 217, 1, 22, 72, 2132 }, // U+1EBE
    { 11, 21, 182, 1, 21, 58, 2204 }, // U+1EBF
    { 12, 22, 217, 1, 22, 66, 2262 }, // U+1EC0
    { 10, 21, 182, 1, 21, 53, 2328 }, // U+1EC1
    { 12, 21, 217, 1, 21, 63, 2381 }, // U+1EC2
    { 11, 20, 182, 1, 20, 55, 2444 }, // U+1EC3
    { 12, 21, 217, 1, 21, 63, 2499 }, // U+1EC4
    { 10, 21, 182, 1, 21, 53, 2562 }, // U+1EC5
    { 12, 25, 217, 1, 20, 75, 2615 }, // U+1EC6
    { 10, 22, 182, 1, 17, 55, 2690 }, // U+1EC7
    { 8, 21, 139, 1, 21, 42, 2745 }, // U+1EC8
    { 7, 18, 118, 0, 18, 32, 2787 }, // U+1EC9
    { 8, 19, 139, 1, 14, 38, 2819 }, // U+1ECA
    { 7, 21, 118, 0, 16, 37, 2857 }, // U+1ECB
    { 15, 19, 260, 1, 14, 72, 2894 }, // U+1ECC
    { 12, 16, 201, 1, 11, 48, 2966 }, // U+1ECD
    { 15, 21, 260, 1, 21, 79, 3014 }, // U+1ECE
    { 11, 18, 201, 1, 18, 50, 3093 }, // U+1ECF
    { 15, 22, 260, 1, 22, 83, 3143 }, // U+1ED0
    { 11, 21, 201, 1, 21, 58, 3226 }, // U+1ED1
    { 15, 22, 260, 1, 22, 83, 3284 }, // U+1ED2
    { 11, 21, 201, 1, 21, 58, 3367 }, // U+1ED3
    { 15, 22, 260, 1, 22, 83, 3425 }, // U+1ED4
    { 12, 20, 201, 1, 20, 60, 3508 }, // U+1ED5
    { 15, 22, 260, 1, 22, 83, 3568 }, // U+1ED6
    { 11, 21, 201, 1, 21, 58, 3651 }, // U+1ED7
    { 15, 25, 260, 1, 20, 94, 3709 }, // U+1ED8
    { 12, 22, 201, 1, 17, 66, 3803 }, // U+1ED9
    { 16, 21, 260, 1, 21, 84, 3869 }, // U+1EDA
    { 12, 18, 201, 1, 18, 54, 3953 }, // U+1EDB
    { 16, 21, 260, 1, 21, 84, 4007 }, // U+1EDC
    { 12, 18, 201, 1, 18, 54, 4091 }, // U+1EDD
    { 16, 21, 260, 1, 21, 84, 4145 }, // U+1EDE
    { 12, 18, 201, 1, 18, 54, 4229 }, // U+1EDF
    { 16, 20, 260, 1, 20, 80, 4283 }, // U+1EE0
    { 12, 16, 201, 1, 16, 48, 4363 }, // U+1EE1
    { 16, 22, 260, 1, 17, 88, 4411 }, // U+1EE2
    { 12, 18, 201, 1, 13, 54, 4499 }, // U+1EE3
    { 17, 19, 268, 1, 14, 81, 4553 }, // U+1EE4
    { 14, 16, 218, 0, 11, 56, 4634 }, // U+1EE5
    { 17, 21, 268, 1, 21, 90, 4690 }, // U+1EE6
    { 14, 18, 218, 0, 18, 63, 4780 }, // U+1EE7
    { 17, 21, 268, 1, 21, 90, 4843 }, // U+1EE8
    { 14, 18, 218, 0, 18, 63, 4933 }, // U+1EE9
    { 17, 21, 268, 1, 21, 90, 4996 }, // U+1EEA
    { 14, 18, 218, 0, 18, 63, 5086 }, // U+1EEB
    { 17, 21, 268, 1, 21, 90, 5149 }, // U+1EEC
    { 14, 18, 218, 0, 18, 63, 5239 }, // U+1EED
    { 17, 20, 268, 1, 20, 85, 5302 }, // U+1EEE
    { 14, 16, 218, 0, 16, 56, 5387 }, // U+1EEF
    { 17, 22, 268, 1, 17, 94, 5443 }, // U+1EF0
    { 14, 18, 218, 0, 13, 63, 5537 }, // U+1EF1
    { 15, 20, 241, 0, 20, 75, 5600 }, // U+1EF2
    { 13, 23, 217, 1, 18, 75, 5675 }, // U+1EF3
    { 15, 19, 241, 0, 14, 72, 5750 }, // U+1EF4
    { 14, 16, 217, 0, 11, 56, 5822 }, // U+1EF5
    { 16, 21, 241, 0, 21, 84, 5878 }, // U+1EF6
    { 13, 23, 217, 1, 18, 75, 5962 }, // U+1EF7
    { 15, 20, 241, 0, 20, 75, 6037 }, // U+1EF8
    { 14, 21, 217, 0, 16, 74, 6112 }, // U+1EF9
    { 0, 0, 167, 0, 0, 0, 0 }, // U+2000
    { 0, 0, 333, 0, 0, 0, 0 }, // U+2001
    { 0, 0, 167, 0, 0, 0, 0 }, // U+2002
    { 0, 0, 333, 0, 0, 0, 0 }, // U+2003
    { 0, 0, 111, 0, 0, 0, 0 }, // U+2004
    { 0, 0, 83, 0, 0, 0, 0 }, // U+2005
    { 0, 0, 55, 0, 0, 0, 0 }, // U+2006
    { 0, 0, 208, 0, 0, 0, 0 }, // U+2007
    { 0, 0, 97, 0, 0, 0, 0 }, // U+2008
    { 0, 0, 67, 0, 0, 0, 0 }, // U+2009
    { 0, 0, 17, 0, 0, 0, 0 }, // U+200A
    { 0, 0, 0, 0, 0, 0, 0 }, // U+200B
    { 1, 16, 0, 0, 11, 4, 0 }, // U+200C
    { 5, 18, 0, -2, 13, 23, 4 }, // U+200D
    { 7, 19, 0, -3, 14, 34, 27 }, // U+200E
    { 7, 19, 0, -3, 14, 34, 61 }, // U+200F
    { 7, 3, 127, 1, 7, 6, 95 }, // U+2010
    { 7, 3, 127, 1, 7, 6, 101 }, // U+2011
    { 10, 3, 208, 1, 9, 8, 107 }, // U+2012
    { 10, 3, 167, 0, 7, 8, 115 }, // U+2013
    { 21, 3, 333, 0, 7, 16, 123 }, // U+2014
    { 21, 3, 333, 0, 7, 16, 139 }, // U+2015
    { 7, 21, 167, 2, 16, 37, 155 }, // U+2016
    { 10, 6, 167, 0, 0, 15, 192 }, // U+2017
    { 4, 7, 82, 1, 16, 7, 207 }, // U+2018
    { 5, 7, 82, 0, 16, 9, 214 }, // U+2019
    { 5, 7, 82, 0, 3, 9, 223 }, // U+201A
    { 4, 7, 82, 1, 16, 7, 232 }, // U+201B
    { 8, 7, 149, 1, 16, 14, 239 }, // U+201C
    { 9, 7, 149, 0, 16, 16, 253 }, // U+201D
    { 9, 7, 149, 0, 3, 16, 269 }, // U+201E
    { 8, 7, 149, 1, 16, 14, 285 }, // U+201F
    { 10, 13, 165, 0, 14, 33, 299 }, // U+2020
    { 9, 15, 166, 1, 14, 34, 332 }, // U+2021
    { 5, 4, 100, 1, 7, 5, 366 }, // U+2022
    { 7, 8, 208, 3, 11, 14, 371 }, // U+2023
    { 4, 3, 97, 1, 3, 3, 385 }, // U+2024
    { 9, 3, 167, 1, 3, 7, 388 }, // U+2025
    { 18, 3, 333, 2, 3, 14, 395 }, // U+2026
    { 4, 3, 97, 1, 7, 3, 409 }, // U+2027
    { 0, 0, 0, 0, 0, 0, 412 }, // U+2028
    { 0, 0, 0, 0, 0, 0, 412 }, // U+2029
    { 7, 19, 0, -3, 14, 34, 412 }, // U+202A
    { 7, 19, 0, -3, 14, 34, 446 }, // U+202B
    { 7, 19, 0, -3, 14, 34, 480 }, // U+202C
    { 9, 19, 0, -4, 14, 43, 514 }, // U+202D
    { 9, 19, 0, -5, 14, 43, 557 }, // U+202E
    { 0, 0, 36, 0, 0, 0, 600 }, // U+202F
    { 27, 16, 463, 1, 15, 108, 600 }, // U+2030
    { 5, 8, 91, 0, 15, 10, 708 }, // U+2032
    { 10, 8, 164, 0, 15, 20, 718 }, // U+2033
    { 14, 8, 236, 0, 15, 28, 738 }, // U+2034
    { 5, 8, 91, 1, 15, 10, 766 }, // U+2035
    { 9, 8, 170, 1, 15, 18, 776 }, // U+2036
    { 14, 8, 243, 1, 15, 28, 794 }, // U+2037
    { 10, 5, 166, 0, 0, 13, 822 }, // U+2038
    { 6, 8, 111, 1, 9, 12, 835 }, // U+2039
    { 6, 8, 111, 0, 9, 12, 847 }, // U+203A
    { 13, 14, 208, 0, 14, 46, 859 }, // U+203B
    { 9, 16, 193, 1, 16, 36, 905 }, // U+203C
    { 10, 3, 167, 0, 18, 8, 941 }, // U+203E
    { 5, 3, 100, 1, 7, 4, 949 }, // U+2043
    { 12, 18, 61, -4, 16, 54, 953 }, // U+2044
    { 17, 14, 312, 1, 14, 60, 1007 }, // U+2047
    { 13, 16, 257, 1, 16, 52, 1067 }, // U+2048
    { 14, 16, 257, 1, 16, 56, 1119 }, // U+2049
    { 13, 5, 333, 4, 8, 17, 1175 }, // U+2053
    { 19, 8, 309, 0, 15, 38, 1192 }, // U+2057
    { 0, 0, 74, 0, 0, 0, 1230 }, // U+205F
    { 0, 0, 0, 0, 0, 0, 1230 }, // U+2060
    { 0, 0, 0, 0, 0, 0, 1230 }, // U+2061
    { 0, 0, 0, 0, 0, 0, 1230 }, // U+2062
    { 0, 0, 0, 0, 0, 0, 1230 }, // U+2063
    { 0, 0, 0, 0, 0, 0, 1230 }, // U+2064
    { 9, 9, 149, 1, 17, 21, 0 }, // U+2070
    { 9, 10, 149, 0, 18, 23, 21 }, // U+2074
    { 7, 9, 149, 1, 17, 16, 44 }, // U+2075
    { 8, 9, 149, 1, 17, 18, 60 }, // U+2076
    { 7, 9, 149, 1, 17, 16, 78 }, // U+2077
    { 8, 9, 149, 1, 17, 18, 94 }, // U+2078
    { 8, 9, 149, 1, 17, 18, 112 }, // U+2079
    { 10, 7, 188, 1, 15, 18, 130 }, // U+207F
    { 9, 9, 149, 1, 6, 21, 148 }, // U+2080
    { 8, 10, 149, 1, 7, 20, 169 }, // U+2081
    { 9, 9, 149, 0, 6, 21, 189 }, // U+2082
    { 8, 9, 149, 1, 6, 18, 210 }, // U+2083
    { 9, 10, 149, 0, 7, 23, 228 }, // U+2084
    { 7, 9, 149, 1, 6, 16, 251 }, // U+2085
    { 8, 9, 149, 1, 6, 18, 267 }, // U+2086
    { 7, 9, 149, 1, 6, 16, 285 }, // U+2087
    { 8, 9, 149, 1, 6, 18, 301 }, // U+2088
    { 8, 9, 149, 1, 6, 18, 319 }, // U+2089
    { 12, 14, 208, 0, 14, 42, 0 }, // U+20A3
    { 12, 14, 208, 1, 14, 42, 42 }, // U+20A4
    { 27, 14, 453, 0, 14, 95, 84 }, // U+20A7
    { 13, 14, 208, 0, 14, 46, 179 }, // U+20AC
    { 13, 10, 333, 4, 12, 33, 0 }, // U+2190
    { 10, 14, 333, 5, 14, 35, 33 }, // U+2191
    { 13, 10, 333, 4, 12, 33, 68 }, // U+2192
    { 10, 14, 333, 5, 14, 35, 101 }, // U+2193
    { 13, 10, 333, 4, 12, 33, 136 }, // U+2194
    { 10, 14, 333, 5, 14, 35, 169 }, // U+2195
    { 11, 15, 333, 5, 15, 42, 204 }, // U+21A8
    { 10, 15, 333, 6, 15, 38, 246 }, // U+21B2
    { 10, 15, 333, 5, 15, 38, 284 }, // U+21B3
    { 13, 12, 333, 4, 13, 39, 322 }, // U+21B5
    { 13, 12, 333, 4, 13, 39, 361 }, // U+21D0
    { 13, 14, 333, 4, 14, 46, 400 }, // U+21D1
    { 13, 12, 333, 4, 13, 39, 446 }, // U+21D2
    { 13, 14, 333, 4, 14, 46, 485 }, // U+21D3
    { 13, 11, 333, 4, 13, 36, 531 }, // U+21D4
    { 15, 16, 333, 3, 15, 60, 0 }, // U+2200
    { 10, 17, 208, 1, 16, 43, 60 }, // U+2202
    { 11, 15, 333, 5, 15, 42, 103 }, // U+2203
    { 17, 17, 333, 2, 16, 73, 145 }, // U+2205
    { 14, 15, 228, 0, 15, 53, 218 }, // U+2206
    { 14, 16, 333, 3, 15, 56, 271 }, // U+2207
    { 15, 15, 333, 3, 15, 57, 327 }, // U+2208
    { 15, 19, 333, 3, 17, 72, 384 }, // U+2209
    { 15, 13, 333, 3, 14, 49, 456 }, // U+220A
    { 14, 15, 333, 3, 15, 53, 505 }, // U+220B
    { 14, 19, 333, 3, 17, 67, 558 }, // U+220C
    { 14, 13, 333, 3, 14, 46, 625 }, // U+220D
    { 17, 19, 279, 0, 15, 81, 671 }, // U+220F
    { 14, 19, 222, 0, 15, 67, 752 }, // U+2211
    { 11, 2, 208, 1, 8, 6, 819 }, // U+2212
    { 11, 16, 176, 0, 15, 44, 825 }, // U+2215
    { 11, 16, 176, 0, 15, 44, 869 }, // U+2216
    { 10, 10, 208, 1, 12, 25, 913 }, // U+2217
    { 9, 8, 208, 2, 11, 18, 938 }, // U+2218
    { 4, 4, 208, 4, 8, 4, 956 }, // U+2219
    { 14, 20, 208, -1, 17, 70, 960 }, // U+221A
    { 11, 9, 208, 1, 11, 25, 1030 }, // U+221D
    { 13, 9, 208, 0, 11, 30, 1055 }, // U+221E
    { 13, 15, 333, 4, 15, 49, 1085 }, // U+221F
    { 17, 15, 333, 2, 15, 64, 1134 }, // U+2220
    { 3, 21, 167, 4, 16, 16, 1198 }, // U+2223
    { 7, 21, 167, 2, 16, 37, 1214 }, // U+2225
    { 15, 15, 333, 3, 15, 57, 1251 }, // U+2227
    { 15, 15, 333, 3, 15, 57, 1308 }, // U+2228
    { 12, 15, 333, 4, 15, 45, 1365 }, // U+2229
    { 12, 16, 333, 4, 15, 48, 1410 }, // U+222A
    { 13, 22, 208, 0, 17, 72, 1458 }, // U+222B
    { 13, 13, 333, 4, 12, 43, 1530 }, // U+2234
    { 13, 13, 333, 4, 12, 43, 1573 }, // U+2235
    { 4, 12, 104, 1, 13, 12, 1616 }, // U+2236
    { 13, 13, 333, 4, 12, 43, 1628 }, // U+2237
    { 13, 5, 333, 4, 8, 17, 1671 }, // U+223C
    { 13, 12, 333, 4, 13, 39, 1688 }, // U+2245
    { 11, 9, 208, 1, 11, 25, 1727 }, // U+2248
    { 11, 8, 333, 5, 10, 22, 1752 }, // U+224D
    { 11, 12, 208, 1, 13, 33, 1774 }, // U+2260
    { 13, 10, 333, 4, 11, 33, 1807 }, // U+2261
    { 11, 13, 208, 1, 13, 36, 1840 }, // U+2264
    { 11, 13, 208, 1, 13, 36, 1876 }, // U+2265
    { 18, 10, 333, 1, 12, 45, 1912 }, // U+226A
    { 17, 10, 333, 2, 12, 43, 1957 }, // U+226B
    { 14, 13, 333, 3, 14, 46, 2000 }, // U+2283
    { 14, 19, 333, 3, 17, 67, 2046 }, // U+2284
    { 14, 18, 333, 3, 16, 63, 2113 }, // U+2285
    { 14, 15, 333, 4, 15, 53, 2176 }, // U+2286
    { 14, 15, 333, 4, 15, 53, 2229 }, // U+2287
    { 16, 16, 333, 2, 15, 64, 2282 }, // U+2295
    { 16, 16, 333, 2, 15, 64, 2346 }, // U+2296
    { 15, 16, 333, 3, 15, 60, 2410 }, // U+2297
    { 15, 16, 333, 3, 15, 60, 2470 }, // U+2298
    { 12, 15, 333, 4, 15, 45, 2530 }, // U+22A5
    { 4, 4, 208, 4, 8, 4, 2575 }, // U+22C5
    { 18, 4, 333, 2, 8, 18, 2579 }, // U+22EF
    { 19, 16, 258, -1, 16, 76, 0 }, // U+FB00
    { 15, 16, 233, -1, 16, 60, 76 }, // U+FB01
    { 15, 16, 234, -1, 16, 60, 136 }, // U+FB02
    { 22, 16, 347, -1, 16, 88, 196 }, // U+FB03
    { 22, 16, 348, -1, 16, 88, 284 }, // U+FB04
    { 17, 16, 264, -1, 16, 68, 372 }, // U+FB05
    { 18, 16, 309, 1, 16, 72, 440 }, // U+FB06
    { 21, 21, 333, 0, 18, 111, 0 }, // U+FFFD
};

static const EpdUnicodeInterval bookerly_10_boldIntervals[] = {
    { 0x0, 0x0, 0x0 },
    { 0x8, 0x9, 0x1 },
    { 0xD, 0xD, 0x3 },
    { 0x1D, 0x1D, 0x4 },
    { 0x20, 0x7E, 0x5 },
    { 0xA0, 0xFF, 0x64 },
    { 0x100, 0x17F, 0xC4 },
    { 0x1A0, 0x1A1, 0x144 },
    { 0x1AF, 0x1B0, 0x146 },
    { 0x1C4, 0x1F5, 0x148 },
    { 0x1F8, 0x21F, 0x17A },
    { 0x300, 0x304, 0x1A2 },
    { 0x306, 0x30C, 0x1A7 },
    { 0x30F, 0x30F, 0x1AE },
    { 0x311, 0x315, 0x1AF },
    { 0x31B, 0x31B, 0x1B4 },
    { 0x323, 0x329, 0x1B5 },
    { 0x32D, 0x32E, 0x1BC },
    { 0x330, 0x331, 0x1BE },
    { 0x342, 0x342, 0x1C0 },
    { 0x344, 0x345, 0x1C1 },
    { 0x400, 0x45F, 0x1C3 },
    { 0x462, 0x463, 0x223 },
    { 0x472, 0x475, 0x225 },
    { 0x48A, 0x4FF, 0x229 },
    { 0x1EA0, 0x1EF9, 0x29F },
    { 0x2000, 0x2030, 0x2F9 },
    { 0x2032, 0x203C, 0x32A },
    { 0x203E, 0x203E, 0x335 },
    { 0x2043, 0x2044, 0x336 },
    { 0x2047, 0x2049, 0x338 },
    { 0x2053, 0x2053, 0x33B },
    { 0x2057, 0x2057, 0x33C },
    { 0x205F, 0x2064, 0x33D },
    { 0x2070, 0x2070, 0x343 },
    { 0x2074, 0x2079, 0x344 },
    { 0x207F, 0x2089, 0x34A },
    { 0x20A3, 0x20A4, 0x355 },
    { 0x20A7, 0x20A7, 0x357 },
    { 0x20AC, 0x20AC, 0x358 },
    { 0x2190, 0x2195, 0x359 },
    { 0x21A8, 0x21A8, 0x35F },
    { 0x21B2, 0x21B3, 0x360 },
    { 0x21B5, 0x21B5, 0x362 },
    { 0x21D0, 0x21D4, 0x363 },
    { 0x2200, 0x2200, 0x368 },
    { 0x2202, 0x2203, 0x369 },
    { 0x2205, 0x220D, 0x36B },
    { 0x220F, 0x220F, 0x374 },
    { 0x2211, 0x2212, 0x375 },
    { 0x2215, 0x221A, 0x377 },
    { 0x221D, 0x2220, 0x37D },
    { 0x2223, 0x2223, 0x381 },
    { 0x2225, 0x2225, 0x382 },
    { 0x2227, 0x222B, 0x383 },
    { 0x2234, 0x2237, 0x388 },
    { 0x223C, 0x223C, 0x38C },
    { 0x2245, 0x2245, 0x38D },
    { 0x2248, 0x2248, 0x38E },
    { 0x224D, 0x224D, 0x38F },
    { 0x2260, 0x2261, 0x390 },
    { 0x2264, 0x2265, 0x392 },
    { 0x226A, 0x226B, 0x394 },
    { 0x2283, 0x2287, 0x396 },
    { 0x2295, 0x2298, 0x39B },
    { 0x22A5, 0x22A5, 0x39F },
    { 0x22C5, 0x22C5, 0x3A0 },
    { 0x22EF, 0x22EF, 0x3A1 },
    { 0xFB00, 0xFB06, 0x3A2 },
    { 0xFFFD, 0xFFFD, 0x3A9 },
};

static const EpdFontGroup bookerly_10_boldGroups[] = {
    { 0, 2114, 4098, 100, 0 },
    { 2114, 2137, 5233, 96, 100 },
    { 4251, 2864, 8180, 127, 196 },
    { 7115, 26, 48, 1, 323 },
    { 7141, 2773, 7204, 94, 324 },
    { 9914, 217, 281, 33, 418 },
    { 10131, 3479, 8138, 140, 451 },
    { 13610, 2450, 5354, 80, 591 },
    { 16060, 2011, 6732, 90, 671 },
    { 18071, 710, 1466, 74, 761 },
    { 18781, 195, 380, 18, 835 },
    { 18976, 171, 238, 4, 853 },
    { 19147, 356, 681, 15, 857 },
    { 19503, 1349, 2904, 58, 872 },
    { 20852, 247, 560, 7, 930 },
    { 21099, 91, 126, 1, 937 },
};

static const uint16_t bookerly_10_boldKernLeftCodepoints[] = {
    0x0022, 0x0027, 0x0028, 0x002A, 0x002C, 0x002D, 0x002E, 0x002F, 0x003A, 0x003B, 0x0040, 0x0041,
    0x0042, 0x0043, 0x0044, 0x0045, 0x0046, 0x0047, 0x0048, 0x0049, 0x004A, 0x004B, 0x004C, 0x004D,
    0x004E, 0x004F, 0x0050, 0x0051, 0x0052, 0x0053, 0x0054, 0x0055, 0x0056, 0x0057, 0x0058, 0x0059,
    0x005A, 0x005B, 0x005C, 0x0061, 0x0062, 0x0063, 0x0064, 0x0065, 0x0066, 0x0067, 0x0068, 0x0069,
    0x006A, 0x006B, 0x006C, 0x006D, 0x006E, 0x006F, 0x0070, 0x0071, 0x0072, 0x0073, 0x0074, 0x0075,
    0x0076, 0x0077, 0x0078, 0x0079, 0x007A, 0x007B, 0x00A1, 0x00AB, 0x00AD, 0x00BB, 0x00BF, 0x00C0,
    0x00C1, 0x00C2, 0x00C3, 0x00C4, 0x00C5, 0x00C6, 0x00C7, 0x00C8, 0x00C9, 0x00CA, 0x00CB, 0x00CC,
    0x00CD, 0x00CE, 0x00CF, 0x00D0, 0x00D1, 0x00D2, 0x00D3, 0x00D4, 0x00D5, 0x00D6, 0x00D8, 0x00D9,
    0x00DA, 0x00DB, 0x00DC, 0x00DD, 0x00DE, 0x00DF, 0x00E0, 0x00E1, 0x00E2, 0x00E3, 0x00E4, 0x00E5,
    0x00E6, 0x00E7, 0x00E8, 0x00E9, 0x00EA, 0x00EB, 0x00EC, 0x00ED, 0x00EE, 0x00EF, 0x00F0, 0x00F1,
    0x00F2, 0x00F3, 0x00F4, 0x00F5, 0x00F6, 0x00F8, 0x00F9, 0x00FA, 0x00FB, 0x00FC, 0x00FD, 0x00FE,
    0x00FF, 0x0100, 0x0101, 0x0102, 0x0103, 0x0104, 0x0105, 0x0106, 0x0107, 0x0108, 0x0109, 0x010A,
    0x010B, 0x010C, 0x010D, 0x010E, 0x010F, 0x0110, 0x0111, 0x0112, 0x0113, 0x0114, 0x0115, 0x0116,
    0x0117, 0x0118, 0x0119, 0x011A, 0x011B, 0x011C, 0x011D, 0x011E, 0x011F, 0x0120, 0x0121, 0x0122,
    0x0123, 0x0124, 0x0125, 0x0126, 0x0127, 0x0128, 0x0129, 0x012A, 0x012B, 0x012C, 0x012D, 0x012E,
    0x012F, 0x0130, 0x0131, 0x0132, 0x0133, 0x0134, 0x0135, 0x0136, 0x0137, 0x0138, 0x0139, 0x013A,
    0x013B, 0x013C, 0x013E, 0x0141, 0x0142, 0x0143, 0x0144, 0x0145, 0x0146, 0x0147, 0x0148, 0x0149,
    0x014A, 0x014B, 0x014C, 0x014D, 0x014E, 0x014F, 0x0150, 0x0151, 0x0152, 0x0153, 0x0154, 0x0155,
    0x0156, 0x0157, 0x0158, 0x0159, 0x015A, 0x015B, 0x015C, 0x015D, 0x015E, 0x015F, 0x0160, 0x0161,
    0x0162, 0x0163, 0x0164, 0x0165, 0x0166, 0x0167, 0x0168, 0x0169, 0x016A, 0x016B, 0x016C, 0x016D,
    0x016E, 0x016F, 0x0170, 0x0171, 0x0172, 0x0173, 0x0174, 0x0175, 0x0176, 0x0177, 0x0178, 0x0179,
    0x017A, 0x017B, 0x017C, 0x017D, 0x017E, 0x01A0, 0x01A1, 0x01AF, 0x01B0, 0x01C4, 0x01C5, 0x01C6,
    0x01C7, 0x01C8, 0x01C9, 0x01CA, 0x01CB, 0x01CC, 0x01CD, 0x01CE, 0x01CF, 0x01D0, 0x01D1, 0x01D2,
    0x01D3, 0x01D4, 0x01D5, 0x01D6, 0x01D7, 0x01D8, 0x01D9, 0x01DA, 0x01DB, 0x01DC, 0x01DD, 0x01DE,
    0x01DF, 0x01E0, 0x01E1, 0x01E2, 0x01E3, 0x01E4, 0x01E5, 0x01E6, 0x01E7, 0x01E8, 0x01E9, 0x01EA,
    0x01EB, 0x01EC, 0x01ED, 0x01EF, 0x01F0, 0x01F1, 0x01F2, 0x01F3, 0x01F4, 0x01F5, 0x01F8, 0x01F9,
    0x01FA, 0x01FB, 0x01FC, 0x01FD, 0x01FE, 0x01FF, 0x0200, 0x0201, 0x0202, 0x0203, 0x0204, 0x0205,
    0x0206, 0x0207, 0x0208, 0x0209, 0x020A, 0x020B, 0x020C, 0x020D, 0x020E, 0x020F, 0x0210, 0x0211,
    0x0212, 0x0213, 0x0214, 0x0215, 0x0216, 0x0217, 0x0218, 0x0219, 0x021A, 0x021B, 0x021C, 0x021D,
    0x021E, 0x021F, 0x0400, 0x0401, 0x0402, 0x0404, 0x0405, 0x0406, 0x0407, 0x0408, 0x0409, 0x040A,
    0x040B, 0x040C, 0x040D, 0x040E, 0x040F, 0x0410, 0x0411, 0x0412, 0x0413, 0x0414, 0x0415, 0x0416,
    0x0417, 0x0418, 0x0419, 0x041A, 0x041B, 0x041C, 0x041D, 0x041E, 0x041F, 0x0420, 0x0421, 0x0422,
    0x0423, 0x0424, 0x0425, 0x0426, 0x0427, 0x0428, 0x0429, 0x042A, 0x042B, 0x042C, 0x042D, 0x042E,
    0x042F, 0x0430, 0x0431, 0x0432, 0x0433, 0x0434, 0x0435, 0x0436, 0x0437, 0x0438, 0x0439, 0x043A,
    0x043B, 0x043C, 0x043D, 0x043E, 0x043F, 0x0440, 0x0441, 0x0442, 0x0443, 0x0444, 0x0445, 0x0446,
    0x0447, 0x0448, 0x0449, 0x044A, 0x044B, 0x044C, 0x044D, 0x044E, 0x044F, 0x0450, 0x0451, 0x0452,
    0x0453, 0x0454, 0x0455, 0x0456, 0x0457, 0x0459, 0x045A, 0x045B, 0x045C, 0x045D, 0x045E, 0x045F,
    0x0462, 0x0463, 0x0472, 0x0473, 0x0474, 0x0475, 0x048A, 0x048B, 0x048C, 0x048D, 0x048E, 0x048F,
    0x0490, 0x0491, 0x0492, 0x0493, 0x0496, 0x0497, 0x0498, 0x0499, 0x049A, 0x049B, 0x049C, 0x049D,
    0x049E, 0x049F, 0x04A0, 0x04A1, 0x04A2, 0x04A3, 0x04A8, 0x04A9, 0x04AA, 0x04AB, 0x04AC, 0x04AD,
    0x04AE, 0x04AF, 0x04B0, 0x04B1, 0x04B2, 0x04B3, 0x04B4, 0x04B5, 0x04B6, 0x04B7, 0x04B8, 0x04B9,
    0x04BA, 0x04BB, 0x04BC, 0x04BD, 0x04BE, 0x04BF, 0x04C0, 0x04C1, 0x04C2, 0x04C3, 0x04C4, 0x04C5,
    0x04C6, 0x04C7, 0x04C8, 0x04C9, 0x04CA, 0x04CB, 0x04CC, 0x04CD, 0x04CE, 0x04CF, 0x04D0, 0x04D1,
    0x04D2, 0x04D3, 0x04D4, 0x04D5, 0x04D6, 0x04D7, 0x04D8, 0x04D9, 0x04DA, 0x04DB, 0x04DC, 0x04DD,
    0x04DE, 0x04DF, 0x04E0, 0x04E1, 0x04E2, 0x04E3, 0x04E4, 0x04E5, 0x04E6, 0x04E7, 0x04E8, 0x04E9,
    0x04EA, 0x04EB, 0x04EC, 0x04ED, 0x04EE, 0x04EF, 0x04F0, 0x04F1, 0x04F2, 0x04F3, 0x04F4, 0x04F5,
    0x04F6, 0x04F7, 0x04F8, 0x04F9, 0x04FA, 0x04FB, 0x04FC, 0x04FD, 0x04FE, 0x04FF, 0x1EA0, 0x1EA1,
    0x1EA2, 0x1EA3, 0x1EA4, 0x1EA5, 0x1EA6, 0x1EA7, 0x1EA8, 0x1EA9, 0x1EAA, 0x1EAB, 0x1EAC, 0x1EAD,
    0x1EAE, 0x1EAF, 0x1EB0, 0x1EB1, 0x1EB2, 0x1EB3, 0x1EB4, 0x1EB5, 0x1EB6, 0x1EB7, 0x1EB8, 0x1EB9,
    0x1EBA, 0x1EBB, 0x1EBC, 0x1EBD, 0x1EBE, 0x1EBF, 0x1EC0, 0x1EC1, 0x1EC2, 0x1EC3, 0x1EC4, 0x1EC5,
    0x1EC6, 0x1EC7, 0x1EC8, 0x1EC9, 0x1ECA, 0x1ECB, 0x1ECC, 0x1ECD, 0x1ECE, 0x1ECF, 0x1ED0, 0x1ED1,
    0x1ED2, 0x1ED3, 0x1ED4, 0x1ED5, 0x1ED6, 0x1ED7, 0x1ED8, 0x1ED9, 0x1EDA, 0x1EDB, 0x1EDC, 0x1EDD,
    0x1EDE, 0x1EDF, 0x1EE0, 0x1EE1, 0x1EE2, 0x1EE3, 0x1EE4, 0x1EE5, 0x1EE6, 0x1EE7, 0x1EE8, 0x1EE9,
    0x1EEA, 0x1EEB, 0x1EEC, 0x1EED, 0x1EEE, 0x1EEF, 0x1EF0, 0x1EF1, 0x1EF2, 0x1EF3, 0x1EF4, 0x1EF5,
    0x1EF6, 0x1EF7, 0x1EF8, 0x1EF9, 0x2010, 0x2011, 0x2013, 0x2014, 0x2015, 0x2018, 0x2019, 0x201A,
    0x201B, 0x201C, 0x201D, 0x201E, 0x201F, 0x2025, 0x2026, 0x2039, 0x203A, 0xFB00, 0xFB01, 0xFB02,
    0xFB03, 0xFB04, 0xFB05, 0xFB06,
};

static const uint8_t bookerly_10_boldKernLeftClassIds[] = {
      1,   1,   2,   3,   4,   5,   4,   6,   7,   7,   8,   9,  10,  11,  12,  13,
     14,  15,  16,  16,  17,  18,  19,  20,  21,  12,  22,  23,  24,  25,  26,  27,
     28,  28,  29,  30,  31,  32,  33,  34,  35,  36,  37,  38,  39,  40,  41,  42,
     43,  44,  45,  41,  41,  35,  35,  46,  47,  48,  49,  50,  51,  51,  52,  51,
     53,  54,  55,  56,   5,  57,  58,   9,   9,   9,   9,   9,   9,  13,  11,  13,
     13,  13,  13,  16,  16,  16,  16,  12,  21,  12,  12,  12,  12,  12,  59,  27,
     27,  27,  27,  30,  60,  61,  34,  34,  34,  34,  34,  34,  38,  36,  38,  38,
     38,  38,  42,  42,  62,  62,  35,  41,  35,  35,  35,  35,  35,  35,  50,  50,
     50,  50,  51,  35,  51,   9,  34,   9,  34,  63,  64,  11,  36,  11,  36,  11,
     36,  11,  36,  12,  65,  12,  66,  13,  38,  13,  38,  13,  38,  67,  68,  13,
     38,  15,  40,  15,  40,  15,  40,  15,  40,  16,  41,  16,  41,  16,  62,  16,
     62,  16,  62,  16,  69,  16,  42,  17,  43,  17,  70,  18,  44,  44,  19,  45,
     19,  45,  65,  19,  71,  21,  41,  21,  41,  21,  41,  41,  21,  41,  12,  35,
     12,  35,  12,  35,  13,  38,  24,  47,  24,  47,  24,  47,  25,  48,  25,  48,
     25,  48,  25,  48,  26,  72,  26,  73,  26,  49,  27,  50,  27,  50,  27,  50,
     27,  50,  27,  50,  27,  74,  28,  51,  30,  51,  30,  31,  53,  31,  53,  31,
     53,  75,  76,  77,  78,  31,  53,  53,  17,  43,  43,  17,  43,  43,   9,  34,
     16,  62,  12,  35,  27,  50,  27,  50,  27,  50,  27,  50,  27,  50,  35,   9,
     34,   9,  34,  13,  38,  15,  79,  15,  40,  18,  44,  12,  35,  12,  35,  80,
     70,  31,  53,  53,  15,  40,  21,  41,   9,  34,  13,  38,  59,  35,   9,  34,
      9,  34,  13,  38,  13,  38,  16,  62,  16,  62,  12,  35,  12,  35,  24,  47,
     24,  47,  27,  50,  27,  50,  25,  48,  26,  49,  10,  81,  16,  41,  82,  82,
     83,  84,  85,  86,  86,  87,  88,  88,  89,  90,  86,  91,  86,  92,  93,  94,
     95,  96,  82,  90,  94,  86,  86,  90,  86,  97,  86,  98,  86,  99, 100,  95,
     91, 101, 102,  96,  86,  86,  96,  88,  86,  88,  98,  98,  86, 103, 104, 105,
    106, 107, 108, 109, 110, 111, 111, 109, 111, 111, 111, 104, 111, 104, 112, 106,
    113, 104, 114, 107, 111, 111, 107, 115, 111, 115, 104, 104, 111, 108, 108, 116,
    106,  13, 117, 118, 119, 115, 115, 120, 109, 111, 113, 111, 121, 122,  98, 104,
    123, 124,  96, 107,  88, 115,  99, 104, 125, 126, 127, 106, 128, 129,  94, 110,
    128, 129,  90, 109,  90, 109,  90, 109,  96, 107, 130, 131, 100, 112,  95, 106,
    132, 113, 132, 113, 133, 134,  96, 107,  96, 107,  86, 111, 135, 120, 136, 108,
    136, 108,  86,  90, 109, 137, 138,  96, 107,  87, 139,  96, 107,  86, 111,  96,
    107, 140,  92, 103,  92, 103,  82, 108,  82, 108,  98, 104,  98, 104,  90, 109,
     94, 110, 141, 142,  86, 111,  86, 111,  98, 104,  98, 104,  98, 104,  98, 104,
     91, 113,  91, 113,  91, 113,  86, 111,  95, 106,  86, 111, 127, 106, 143, 144,
    102, 114,   9,  34,   9,  34,   9,  34,   9,  34,   9,  34,   9,  34,   9,  34,
      9,  34,   9,  34,   9,  34,   9,  34,   9,  34,  13,  38,  13,  38,  13,  38,
     13,  38,  13,  38,  13,  38,  13,  38,  13,  38,  16,  62,  16,  42,  12,  35,
     12,  35,  12,  35,  12,  35,  12,  35,  12,  35,  12,  35,  75,  76,  75,  76,
     75,  76,  75,  76,  75,  76,  27,  50,  27,  50,  77,  78,  77,  78,  77,  78,
     77,  78,  77,  78,  30,  51,  30,  51,  30,  51,  30,  51,   5,   5,   5,   5,
      5, 145, 146, 147, 145, 145, 146,   4, 145,   4,   4,  56,  57,  39,  42,  45,
     42,  45,  49,  49,
};

static const uint16_t bookerly_10_boldKernRightCodepoints[] = {
    0x0022, 0x0027, 0x0029, 0x002A, 0x002C, 0x002D, 0x002E, 0x002F, 0x003A, 0x003B, 0x003F, 0x0041,
    0x0042, 0x0043, 0x0044, 0x0045, 0x0046, 0x0047, 0x0048, 0x0049, 0x004A, 0x004B, 0x004C, 0x004D,
    0x004E, 0x004F, 0x0050, 0x0051, 0x0052, 0x0053, 0x0054, 0x0055, 0x0056, 0x0057, 0x0058, 0x0059,
    0x005A, 0x005C, 0x005D, 0x0061, 0x0062, 0x0063, 0x0064, 0x0065, 0x0066, 0x0067, 0x0068, 0x0069,
    0x006A, 0x006B, 0x006C, 0x006D, 0x006E, 0x006F, 0x0070, 0x0071, 0x0072, 0x0073, 0x0074, 0x0075,
    0x0076, 0x0077, 0x0078, 0x0079, 0x007A, 0x007D, 0x00AB, 0x00AD, 0x00BB, 0x00BF, 0x00C0, 0x00C1,
    0x00C2, 0x00C3, 0x00C4, 0x00C5, 0x00C6, 0x00C7, 0x00C8, 0x00C9, 0x00CA, 0x00CB, 0x00CC, 0x00CD,
    0x00CE, 0x00CF, 0x00D0, 0x00D1, 0x00D2, 0x00D3, 0x00D4, 0x00D5, 0x00D6, 0x00D8, 0x00D9, 0x00DA,
    0x00DB, 0x00DC, 0x00DD, 0x00DE, 0x00DF, 0x00E0, 0x00E1, 0x00E2, 0x00E3, 0x00E4, 0x00E5, 0x00E6,
    0x00E7, 0x00E8, 0x00E9, 0x00EA, 0x00EB, 0x00EC, 0x00ED, 0x00EE, 0x00EF, 0x00F0, 0x00F1, 0x00F2,
    0x00F3, 0x00F4, 0x00F5, 0x00F6, 0x00F8, 0x00F9, 0x00FA, 0x00FB, 0x00FC, 0x00FD, 0x00FE, 0x00FF,
    0x0100, 0x0101, 0x0102, 0x0103, 0x0104, 0x0105, 0x0106, 0x0107, 0x0108, 0x0109, 0x010A, 0x010B,
    0x010C, 0x010D, 0x010E, 0x010F, 0x0110, 0x0111, 0x0112, 0x0113, 0x0114, 0x0115, 0x0116, 0x0117,
    0x0118, 0x0119, 0x011A, 0x011B, 0x011C, 0x011D, 0x011E, 0x011F, 0x0120, 0x0121, 0x0122, 0x0123,
    0x0124, 0x0125, 0x0126, 0x0127, 0x0128, 0x0129, 0x012A, 0x012B, 0x012C, 0x012D, 0x012E, 0x012F,
    0x0130, 0x0131, 0x0132, 0x0133, 0x0134, 0x0135, 0x0136, 0x0137, 0x0138, 0x0139, 0x013A, 0x013B,
    0x013C, 0x013D, 0x013E, 0x013F, 0x0140, 0x0141, 0x0142, 0x0143, 0x0144, 0x0145, 0x0146, 0x0147,
    0x0148, 0x0149, 0x014A, 0x014B, 0x014C, 0x014D, 0x014E, 0x014F, 0x0150, 0x0151, 0x0152, 0x0153,
    0x0154, 0x0155, 0x0156, 0x0157, 0x0158, 0x0159, 0x015A, 0x015B, 0x015C, 0x015D, 0x015E, 0x015F,
    0x0160, 0x0161, 0x0162, 0x0163, 0x0164, 0x0165, 0x0166, 0x0167, 0x0168, 0x0169, 0x016A, 0x016B,
    0x016C, 0x016D, 0x016E, 0x016F, 0x0170, 0x0171, 0x0172, 0x0173, 0x0174, 0x0175, 0x0176, 0x0177,
    0x0178, 0x0179, 0x017A, 0x017B, 0x017C, 0x017D, 0x017E, 0x017F, 0x01A0, 0x01A1, 0x01AF, 0x01B0,
    0x01C4, 0x01C5, 0x01C6, 0x01C7, 0x01C8, 0x01C9, 0x01CA, 0x01CB, 0x01CC, 0x01CD, 0x01CE, 0x01CF,
    0x01D0, 0x01D1, 0x01D2, 0x01D3, 0x01D4, 0x01D5, 0x01D6, 0x01D7, 0x01D8, 0x01D9, 0x01DA, 0x01DB,
    0x01DC, 0x01DD, 0x01DE, 0x01DF, 0x01E0, 0x01E1, 0x01E2, 0x01E3, 0x01E4, 0x01E5, 0x01E6, 0x01E7,
    0x01E8, 0x01E9, 0x01EA, 0x01EB, 0x01EC, 0x01ED, 0x01EE, 0x01EF, 0x01F0, 0x01F1, 0x01F2, 0x01F3,
    0x01F4, 0x01F5, 0x01F8, 0x01F9, 0x01FA, 0x01FB, 0x01FC, 0x01FD, 0x01FE, 0x01FF, 0x0200, 0x0201,
    0x0202, 0x0203, 0x0204, 0x0205, 0x0206, 0x0207, 0x0208, 0x0209, 0x020A, 0x020B, 0x020C, 0x020D,
    0x020E, 0x020F, 0x0210, 0x0211, 0x0212, 0x0213, 0x0214, 0x0215, 0x0216, 0x0217, 0x0218, 0x0219,
    0x021A, 0x021B, 0x021C, 0x021D, 0x021E, 0x021F, 0x0400, 0x0401, 0x0402, 0x0403, 0x0404, 0x0405,
    0x0406, 0x0407, 0x0408, 0x0409, 0x040A, 0x040B, 0x040C, 0x040D, 0x040E, 0x040F, 0x0410, 0x0411,
    0x0412, 0x0413, 0x0414, 0x0415, 0x0416, 0x0417, 0x0418, 0x0419, 0x041A, 0x041B, 0x041C, 0x041D,
    0x041E, 0x041F, 0x0420, 0x0421, 0x0422, 0x0423, 0x0424, 0x0425, 0x0426, 0x0427, 0x0428, 0x0429,
    0x042A, 0x042B, 0x042C, 0x042D, 0x042E, 0x042F, 0x0430, 0x0431, 0x0432, 0x0433, 0x0434, 0x0435,
    0x0436, 0x0437, 0x0438, 0x0439, 0x043A, 0x043B, 0x043C, 0x043D, 0x043E, 0x043F, 0x0440, 0x0441,
    0x0442, 0x0443, 0x0444, 0x0445, 0x0446, 0x0447, 0x0448, 0x0449, 0x044A, 0x044B, 0x044C, 0x044D,
    0x044E, 0x044F, 0x0450, 0x0451, 0x0452, 0x0453, 0x0454, 0x0455, 0x0456, 0x0457, 0x0458, 0x0459,
    0x045A, 0x045B, 0x045C, 0x045D, 0x045E, 0x045F, 0x0462, 0x0463, 0x0472, 0x0473, 0x0474, 0x0475,
    0x048A, 0x048B, 0x048C, 0x048D, 0x048E, 0x048F, 0x0490, 0x0491, 0x0492, 0x0493, 0x0494, 0x0495,
    0x0496, 0x0497, 0x0498, 0x0499, 0x049A, 0x049B, 0x049C, 0x049D, 0x04A0, 0x04A1, 0x04A2, 0x04A3,
    0x04A4, 0x04A5, 0x04A6, 0x04A7, 0x04A8, 0x04A9, 0x04AA, 0x04AB, 0x04AC, 0x04AD, 0x04AE, 0x04AF,
    0x04B0, 0x04B1, 0x04B2, 0x04B3, 0x04B5, 0x04B6, 0x04B7, 0x04B8, 0x04B9, 0x04BA, 0x04BB, 0x04BC,
    0x04BD, 0x04BE, 0x04BF, 0x04C0, 0x04C1, 0x04C2, 0x04C3, 0x04C4, 0x04C5, 0x04C6, 0x04C7, 0x04C8,
    0x04C9, 0x04CA, 0x04CB, 0x04CC, 0x04CE, 0x04CF, 0x04D0, 0x04D1, 0x04D2, 0x04D3, 0x04D4, 0x04D5,
    0x04D6, 0x04D7, 0x04D8, 0x04D9, 0x04DB, 0x04DC, 0x04DD, 0x04DE, 0x04DF, 0x04E1, 0x04E2, 0x04E3,
    0x04E4, 0x04E5, 0x04E6, 0x04E7, 0x04E8, 0x04E9, 0x04EA, 0x04EB, 0x04ED, 0x04EE, 0x04EF, 0x04F0,
    0x04F1, 0x04F2, 0x04F3, 0x04F5, 0x04F6, 0x04F7, 0x04F8, 0x04F9, 0x04FA, 0x04FB, 0x04FC, 0x04FD,
    0x04FE, 0x04FF, 0x1EA0, 0x1EA1, 0x1EA2, 0x1EA3, 0x1EA4, 0x1EA5, 0x1EA6, 0x1EA7, 0x1EA8, 0x1EA9,
    0x1EAA, 0x1EAB, 0x1EAC, 0x1EAD, 0x1EAE, 0x1EAF, 0x1EB0, 0x1EB1, 0x1EB2, 0x1EB3, 0x1EB4, 0x1EB5,
    0x1EB6, 0x1EB7, 0x1EB8, 0x1EB9, 0x1EBA, 0x1EBB, 0x1EBC, 0x1EBD, 0x1EBE, 0x1EBF, 0x1EC0, 0x1EC1,
    0x1EC2, 0x1EC3, 0x1EC4, 0x1EC5, 0x1EC6, 0x1EC7, 0x1EC8, 0x1EC9, 0x1ECA, 0x1ECB, 0x1ECC, 0x1ECD,
    0x1ECE, 0x1ECF, 0x1ED0, 0x1ED1, 0x1ED2, 0x1ED3, 0x1ED4, 0x1ED5, 0x1ED6, 0x1ED7, 0x1ED8, 0x1ED9,
    0x1EDA, 0x1EDB, 0x1EDC, 0x1EDD, 0x1EDE, 0x1EDF, 0x1EE0, 0x1EE1, 0x1EE2, 0x1EE3, 0x1EE4, 0x1EE5,
    0x1EE6, 0x1EE7, 0x1EE8, 0x1EE9, 0x1EEA, 0x1EEB, 0x1EEC, 0x1EED, 0x1EEE, 0x1EEF, 0x1EF0, 0x1EF1,
    0x1EF2, 0x1EF3, 0x1EF4, 0x1EF5, 0x1EF6, 0x1EF7, 0x1EF8, 0x1EF9, 0x2010, 0x2011, 0x2013, 0x2014,
    0x2015, 0x2018, 0x2019, 0x201A, 0x201B, 0x201C, 0x201D, 0x201E, 0x201F, 0x2025, 0x2026, 0x2039,
    0x203A, 0x2047, 0x2048, 0xFB00, 0xFB01, 0xFB02, 0xFB03, 0xFB04, 0xFB05, 0xFB06,
};

static const uint8_t bookerly_10_boldKernRightClassIds[] = {
      1,   1,   2,   3,   4,   5,   6,   7,   8,   9,  10,  11,  12,  13,  12,  12,
     12,  13,  12,  12,  14,  12,  12,  15,  12,  13,  12,  13,  12,  16,  17,  18,
     19,  19,  20,  21,  22,  23,  24,  25,  26,  27,  27,  27,  28,  29,  30,  31,
     32,  30,  30,  33,  33,  27,  34,  27,  33,  35,  36,  37,  38,  38,  39,  40,
     41,  42,  43,   5,  44,  45,  11,  11,  11,  11,  11,  11,  46,  13,  12,  12,
     12,  12,  12,  12,  12,  12,  12,  12,  13,  13,  13,  13,  13,  47,  18,  18,
     18,  18,  21,  12,  48,  25,  25,  25,  49,  50,  25,  25,  27,  27,  27,  27,
     51,  52,  31,  53,  54,  27,  33,  27,  27,  27,  27,  55,  56,  37,  37,  37,
     37,  40,  57,  40,  11,  58,  11,  59,  11,  25,  13,  27,  13,  60,  13,  27,
     13,  61,  12,  27,  12,  27,  12,  62,  12,  60,  12,  27,  12,  27,  12,  60,
     13,  29,  13,  63,  13,  29,  13,  29,  12,  30,  12,  64,  12,  54,  12,  54,
     12,  54,  12,  31,  12,  31,  12,  31,  14,  65,  12,  30,  33,  12,  30,  12,
     30,  12,  30,  12,  30,  12,  66,  12,  33,  12,  33,  12,  33,  33,  12,  33,
     13,  27,  13,  61,  13,  27,  13,  27,  12,  33,  12,  33,  12,  67,  16,  35,
     16,  68,  16,  35,  16,  69,  17,  36,  17,  36,  17,  36,  18,  37,  18,  37,
     18,  37,  18,  37,  18,  37,  18,  37,  19,  38,  21,  40,  21,  22,  41,  22,
     41,  22,  70,  48,  13,  27,  18,  37,  12,  12,  27,  12,  12,  30,  12,  12,
     33,  11,  25,  12,  54,  13,  27,  18,  37,  18,  37,  18,  37,  18,  37,  18,
     37,  71,  11,  25,  11,  25,  46,  25,  13,  72,  13,  29,  12,  30,  13,  27,
     13,  27,  73,  74,  65,  12,  12,  27,  13,  29,  12,  33,  11,  25,  46,  25,
     47,  27,  11,  25,  11,  25,  12,  27,  12,  27,  12,  54,  12,  54,  13,  27,
     13,  27,  12,  33,  12,  33,  18,  37,  18,  37,  16,  35,  17,  36,  75,  76,
     12,  30,  77,  77,  78,  77,  79,  80,  77,  77,  81,  82,  77,  78,  77,  77,
     83,  77,  84,  77,  77,  77,  85,  77,  86,  87,  77,  77,  77,  82,  88,  77,
     79,  77,  77,  79,  78,  83,  89,  90,  77,  91,  77,  77,  78,  77,  77,  92,
     77,  93,  94,  95,  96,  96,  97,  98,  99, 100,  96,  96,  96, 101,  96,  96,
     98,  96, 102,  98, 103, 104,  98, 105,  96, 106,  96,  96, 103,  96,  96, 107,
     96, 108,  98,  98, 109,  96,  98, 110, 111, 112, 113, 101,  96, 109,  96,  96,
    114,  96,  78, 103,  79,  98, 115, 104,  77,  96, 116, 117,  77, 102,  77,  96,
     77,  96,  77,  96,  86,  99,  87, 100,  77,  96,  77,  96,  78, 103,  77,  96,
     77,  96,  77,  96,  79,  98,  79,  98,  78, 103, 118, 104, 118, 104,  90, 105,
    103,  91, 106,  91, 106,  77, 109, 119, 120, 119, 120,  77,  86,  99,  77,  96,
     82, 101,  77,  96,  77,  96,  91, 106,  96, 109,  84,  94,  84,  94, 121,  94,
     77,  98, 122, 123, 123,  86,  99,  87, 100, 124,  77,  96,  77,  96,  79,  98,
     79,  98,  79,  98, 100,  83, 114,  83, 125,  83, 114, 106,  77,  96,  77,  96,
     77,  96,  90, 105,  90, 105,  11,  25,  11,  25,  11,  25,  11,  25,  11,  25,
     11,  25,  11,  25,  11,  25,  11,  25,  11,  25,  11,  25,  11,  25,  12,  27,
     12,  27,  12,  27,  12,  27,  12,  27,  12,  27,  12,  27,  12,  27,  12,  54,
     12,  31,  13,  27,  13,  27,  13,  27,  13,  27,  13,  27,  13,  27,  13,  27,
     13,  27,  13,  27,  13,  27,  13,  27,  13,  27,  18,  37,  18,  37,  18,  37,
     18,  37,  18,  37,  18,  37,  18,  37,  21,  40,  21,  38,  21,  40,  21,  40,
      5,   5,   5,   5,   5, 126, 127,   6, 126, 126, 127,   6, 126,   6,   6,  43,
     44,  10,  10,  28,  28,  28,  28,  28,  28,  35,
};

static const uint16_t bookerly_10_boldKernRowOffsets[] = {
        0,     6,    36,    58,   102,   126,   190,   194,   196,   220,   238,   262,   282,   283,   320,   329,
      344,   386,   423,   435,   449,   491,   530,   557,   579,   594,   635,   678,   734,   761,   820,   825,
      837,   870,   880,   898,   911,   915,   926,   966,   992,  1002,  1008,  1014,  1038,  1043,  1051,  1083,
     1100,  1106,  1116,  1156,  1175,  1179,  1197,  1205,  1215,  1233,  1288,  1308,  1344,  1356,  1370,  1397,
     1409,  1437,  1441,  1443,  1456,  1464,  1472,  1487,  1493,  1494,  1506,  1530,  1551,  1598,  1605,  1631,
     1638,  1646,  1649,  1664,  1667,  1683,  1695,  1728,  1758,  1778,  1804,  1851,  1884,  1893,  1912,  1944,
     1956,  1972,  1995,  2023,  2033,  2056,  2080,  2092,  2112,  2121,  2134,  2142,  2149,  2161,  2171,  2178,
     2185,  2211,  2225,  2242,  2254,  2268,  2275,  2284,  2295,  2304,  2313,  2350,  2364,  2400,  2409,  2431,
     2455,  2463,  2470,  2477,  2524,  2558,  2573,  2590,  2593,  2595,  2597,  2610,  2616,  2619,  2621,  2649,
     2664,  2719,  2776,  2820,
};

static const uint8_t bookerly_10_boldKernSparseCols[] = {
     10,  28,  35,  62,  71,  83,  12,  13,  24,  26,  31,  37,  39,  46,  48,  49,
     50,  52,  53,  54,  55,  57,  58,  59,  60,  61,  64,  78,  80,  93,  97, 103,
    111, 112, 113, 124,  10,  18,  19,  20,  26,  28,  45,  50,  54,  55,  59,  60,
     61,  62,  71,  81,  83,  89,  97, 114, 117, 120,  10,  12,  13,  16,  17,  18,
     20,  26,  32,  33,  35,  36,  37,  39,  46,  50,  54,  55,  59,  60,  61,  64,
     66,  77,  78,  80,  82,  83,  88,  90,  97, 101, 102, 103, 104, 105, 113, 114,
    117, 118, 119, 124, 125, 126,  10,  13,  16,  18,  19,  20,  37,  39,  45,  74,
     77,  80,  83,  84,  85,  88,  89,  90, 103, 113, 114, 117, 120, 124,  10,  12,
     15,  21,  24,  26,  27,  28,  32,  33,  34,  36,  37,  38,  39,  40,  45,  46,
     48,  49,  50,  52,  53,  54,  55,  57,  58,  59,  60,  61,  62,  66,  67,  68,
     69,  71,  73,  75,  78,  79,  81,  83,  84,  88,  93,  95,  96,  97,  98,  99,
    100, 101, 102, 103, 104, 106, 107, 109, 111, 113, 119, 120, 123, 124,  18,  20,
    114, 117,  20, 117,   0,   2,   4,   6,   9,  10,  12,  16,  17,  18,  19,  20,
     21,  22,  25,  35,  36,  37,  38,  39,  42,  45, 125, 126,   3,   5,  10,  16,
     18,  19,  20,  22,  26,  31,  45,  50,  54,  55,  59,  60,  61,  74,   4,  12,
     24,  26,  28,  34,  36,  37,  39,  46,  48,  49,  50,  54,  55,  57,  58,  59,
     60,  61,  62,  67,  68,  71,   1,   3,   5,   6,  10,  11,  13,  14,  17,  18,
     19,  20,  21,  22,  28,  35,  45,  47,  62,  71, 126,   2,   3,   5,   6,  10,
     14,  24,  25,  26,  28,  29,  34,  40,  45,  48,  49,  50,  52,  53,  54,  55,
     56,  57,  58,  59,  60,  61,  62,  63,  64,  65,  67,  68,  69,  71, 125, 126,
     16,  18,  20,  28,  37,  39,  45,  62,  71,  12,  26,  36,  37,  39,  42,  46,
     50,  52,  53,  54,  55,  59,  60,  61,   3,   4,   5,   6,   7,   8,  10,  12,
     24,  25,  26,  28,  29,  31,  34,  36,  37,  38,  39,  40,  45,  46,  48,  49,
     50,  52,  53,  54,  55,  56,  57,  58,  59,  60,  61,  62,  63,  65,  67,  68,
     69,  71,   4,  10,  12,  14,  19,  24,  25,  26,  29,  33,  34,  35,  36,  37,
     38,  39,  45,  46,  48,  49,  50,  52,  53,  54,  55,  56,  57,  58,  59,  60,
     61,  63,  64,  65,  67,  68,  75,   2,  10,  16,  17,  18,  19,  20,  22,  37,
     39, 125, 126,  12,  16,  17,  18,  19,  20,  36,  37,  39,  46,  52,  53,  64,
    125,   2,   3,   4,   5,  10,  12,  18,  20,  24,  25,  26,  28,  29,  34,  37,
     38,  39,  40,  45,  46,  48,  49,  50,  52,  53,  54,  55,  56,  57,  58,  59,
     60,  61,  62,  63,  64,  65,  67,  68,  69,  71,  75,   0,   2,   3,   5,   6,
     10,  11,  14,  16,  19,  24,  26,  28,  31,  34,  35,  36,  37,  39,  45,  48,
     49,  50,  52,  53,  54,  55,  57,  58,  59,  60,  61,  62,  64,  67,  68,  71,
    125, 126,   1,   3,   5,   6,   8,  10,  11,  13,  14,  17,  18,  19,  20,  21,
     22,  23,  28,  31,  35,  39,  41,  45,  47,  62,  64,  71,  73,   2,   4,   9,
     10,  12,  14,  16,  17,  18,  19,  20,  25,  35,  36,  37,  38,  39,  45,  46,
     74, 125, 126,   3,   5,   6,  10,  18,  19,  20,  28,  37,  38,  39,  45,  62,
     71,  75,   3,   4,   5,   6,   7,   8,  10,  12,  14,  15,  21,  24,  26,  28,
     34,  40,  42,  43,  45,  46,  48,  49,  50,  52,  53,  54,  55,  57,  58,  59,
     60,  61,  62,  67,  68,  69,  70,  71,  75, 125, 126,   3,   5,   6,  10,  12,
     14,  15,  21,  24,  25,  26,  28,  29,  34,  37,  38,  39,  40,  43,  45,  46,
     47,  48,  49,  50,  52,  53,  54,  55,  56,  57,  58,  59,  60,  61,  62,  63,
     64,  65,  67,  68,  69,  71,   2,   3,   4,   5,   6,   7,   8,  10,  12,  14,
     15,  18,  20,  24,  25,  26,  27,  28,  29,  32,  33,  34,  36,  37,  38,  39,
     40,  41,  42,  43,  45,  46,  48,  49,  50,  52,  53,  54,  55,  56,  57,  58,
     59,  60,  61,  62,  63,  64,  65,  66,  67,  68,  69,  71,  75, 126,   2,   4,
     10,  12,  14,  19,  25,  26,  29,  36,  37,  38,  39,  45,  46,  50,  52,  53,
     54,  55,  56,  59,  60,  61,  63,  64,  65,   2,   3,   4,   5,   6,   7,   8,
     10,  12,  14,  15,  18,  20,  24,  25,  26,  27,  28,  29,  32,  33,  34,  35,
     36,  37,  38,  39,  40,  41,  42,  43,  45,  46,  48,  49,  50,  52,  53,  54,
     55,  56,  57,  58,  59,  60,  61,  62,  63,  64,  65,  66,  67,  68,  69,  70,
     71,  73,  75, 126,  37,  39,  52,  53,  64,  13,  31,  39,  52,  53,  64,  80,
    103, 111, 112, 113, 124,  12,  16,  17,  18,  20,  26,  28,  35,  36,  37,  39,
     46,  50,  54,  55,  59,  60,  61,  62,  71,  77,  78,  82,  90,  97, 102, 103,
    105, 113, 114, 117, 118, 124,   2,   9,  22,  25,  36,  37,  39,  56, 125, 126,
      1,   2,   3,   5,   6,   9,  22,  25,  29,  35,  37,  38,  39,  56,  63,  65,
    125, 126,  22,  24,  28,  37,  38,  39,  48,  49,  57,  58,  62,  71, 126,  37,
     38,  39, 125,   9,  22,  24,  37,  39,  48,  49,  57,  58,  65, 125,   0,   1,
      2,   3,   5,   6,   9,  22,  23,  24,  26,  28,  30,  31,  34,  37,  39,  41,
     48,  49,  50,  51,  52,  53,  54,  55,  57,  58,  59,  60,  62,  63,  64,  66,
     67,  68,  69,  71, 125, 126,   0,   2,  22,  24,  26,  28,  31,  33,  35,  37,
     39,  48,  49,  50,  54,  55,  57,  58,  59,  60,  61,  62,  64,  71, 125, 126,
      2,   9,  22,  35,  36,  37,  39,  73, 125, 126,  28,  37,  39,  62,  71, 125,
     28,  37,  38,  39,  62,  71,   9,  22,  24,  25,  26,  28,  34,  37,  38,  39,
     48,  49,  50,  54,  55,  57,  58,  59,  60,  61,  62,  67,  68,  71,   9,  37,
     39, 125, 126,   9,  22,  31,  33,  37,  39,  64, 125,   2,   3,   4,   5,   6,
      9,  24,  25,  26,  28,  29,  34,  35,  48,  49,  50,  54,  55,  56,  57,  58,
     59,  60,  61,  62,  63,  65,  67,  68,  71, 125, 126,   3,   5,   6,   9,  22,
     24,  28,  37,  38,  39,  48,  49,  57,  58,  62,  71, 125,  22,  31,  37,  39,
    125, 126,   9,  22,  28,  37,  38,  39,  62,  71, 125, 126,   2,   3,   4,   5,
      6,  24,  25,  26,  27,  28,  29,  30,  31,  32,  33,  34,  35,  36,  48,  49,
     50,  51,  54,  55,  56,  57,  58,  59,  60,  61,  62,  63,  64,  65,  66,  67,
     68,  71, 125, 126,   2,  26,  28,  33,  34,  35,  38,  50,  54,  55,  59,  60,
     61,  62,  67,  68,  71, 125, 126,  22,  28,  62,  71,  13,  18,  20,  31,  37,
     39,  52,  53,  64,  71,  80, 103, 111, 112, 113, 114, 117, 124,  13,  18,  20,
     31,  80, 112, 114, 117,  16,  17,  18,  20,  56,  77,  82,  90, 114, 117,   3,
      5,  10,  11,  16,  18,  20,  45,  76,  77,  82,  83,  85,  90,  98, 114, 117,
    120,  11,  12,  13,  16,  17,  18,  20,  24,  25,  26,  27,  29,  31,  32,  34,
     35,  36,  37,  38,  39,  40,  46,  47,  48,  49,  50,  54,  55,  56,  57,  58,
     59,  60,  61,  63,  65,  66,  67,  68,  69,  76,  77,  78,  80,  93,  97, 103,
    104, 108, 109, 112, 113, 114, 117, 124,   1,   3,   5,   6,  10,  11,  13,  14,
     17,  18,  19,  20,  21,  22,  28,  35,  45,  47,  62,  71,   1,   3,   5,   6,
      9,  10,  11,  13,  14,  15,  16,  17,  18,  19,  20,  22,  23,  24,  25,  28,
     29,  34,  38,  45,  48,  49,  56,  57,  58,  62,  63,  65,  67,  68,  71,  72,
      2,   6,   9,  22,  32,  33,  36,  37,  39,  66, 125, 126,   1,   2,  22,  23,
     25,  29,  41,  52,  53,  56,  63,  65, 125, 126,   0,   2,   4,   6,   9,  10,
     12,  13,  16,  17,  18,  19,  20,  21,  22,  25,  31,  35,  36,  37,  38,  39,
     42,  45,  64, 125, 126,   2,   9,  22,  25,  31,  36,  37,  39,  56,  64, 125,
    126,   1,   2,   9,  22,  23,  25,  27,  29,  30,  31,  32,  35,  36,  37,  38,
     39,  41,  49,  51,  56,  63,  64,  65,  66,  68,  69, 125, 126,  37,  38,  39,
    125,  31, 126,   9,  22,  24,  31,  37,  39,  48,  49,  57,  58,  64,  65, 125,
     28,  31,  37,  39,  62,  64,  71, 125,  25,  28,  29,  56,  62,  63,  65,  71,
      9,  27,  30,  31,  32,  33,  35,  36,  37,  38,  39,  51,  66, 125, 126,  22,
     31,  37,  39, 125, 126, 125,   9,  22,  28,  31,  37,  38,  39,  62,  64,  71,
    125, 126,   1,   6,  10,  11,  16,  17,  18,  19,  20,  21,  22,  23,  25,  28,
     29,  35,  41,  45,  56,  62,  63,  65,  71, 126,   0,   2,   3,   5,   6,  25,
     27,  29,  32,  33,  35,  36,  37,  38,  39,  56,  63,  65,  66, 125, 126,   1,
      2,   3,   5,   6,  10,  11,  12,  15,  16,  17,  18,  20,  22,  23,  24,  25,
     26,  28,  29,  34,  40,  41,  43,  45,  46,  48,  49,  50,  52,  53,  54,  55,
     56,  57,  58,  59,  60,  61,  62,  63,  65,  67,  68,  69,  71, 126,   2,  35,
     37,  38,  39, 125, 126,   0,   2,  22,  24,  26,  28,  31,  33,  35,  37,  39,
     48,  49,  50,  54,  55,  57,  58,  59,  60,  61,  62,  64,  71, 125, 126,  26,
     50,  54,  55,  59,  60,  61,  22,  26,  50,  54,  55,  59,  60,  61,  88, 118,
    126,   2,  22,  77,  82,  88,  90, 103, 105, 113, 114, 117, 118, 124, 125, 126,
     88,  90, 118,   3,   5,   6,  83,  85,  89,  92,  96,  98, 103, 104, 107, 113,
    114, 120, 124,  42,  78,  88,  97, 102, 103, 105, 111, 113, 118, 119, 124,   3,
      4,   5,   6,   7,   8,  78,  81,  83,  84,  85,  88,  92,  93,  95,  96,  97,
     98,  99, 100, 103, 104, 106, 107, 108, 109, 111, 112, 113, 118, 119, 120, 124,
      2,   4,  22,  76,  77,  80,  82,  84,  85,  89,  90,  92,  93,  94,  95,  96,
     97,  98, 102, 103, 104, 105, 107, 113, 114, 117, 118, 124, 125, 126,   2,  22,
     77,  78,  82,  88,  90,  94,  97, 102, 103, 105, 113, 114, 117, 118, 119, 124,
    125, 126,   4,  42,  77,  78,  82,  83,  86,  88,  89,  90,  94,  97, 102, 103,
    104, 105, 109, 113, 114, 117, 118, 119, 121, 122, 124, 125,   3,   4,   5,   6,
     42,  43,  78,  79,  81,  82,  83,  84,  85,  86,  87,  88,  91,  92,  93,  94,
     95,  96,  97,  98,  99, 100, 101, 102, 103, 104, 105, 106, 107, 108, 109, 111,
    113, 114, 116, 117, 118, 119, 120, 121, 122, 124, 126,   0,   2,   4,   6,   9,
     22,  42,  77,  78,  81,  82,  83,  84,  85,  88,  89,  90,  94,  96, 100, 102,
    103, 104, 105, 113, 114, 117, 118, 119, 120, 124, 125, 126,  77,  83,  85,  90,
     92,  96,  98, 107, 118,   3,   5,  22,  77,  82,  83,  84,  85,  87,  89,  90,
     94,  96,  97, 107, 112, 114, 117, 120,   3,   4,   5,   6,   7,   8,  42,  43,
     78,  79,  81,  83,  84,  85,  87,  88,  92,  93,  96,  97,  99, 100, 106, 107,
    109, 111, 118, 119, 120, 122, 125, 126,  42,  78,  80,  83,  88,  89,  97, 102,
    105, 112, 118, 119,  77,  78,  81,  82,  88,  89,  90, 103, 111, 113, 114, 117,
    118, 119, 124, 125,   1,   3,   5,   6,  22,  76,  80,  81,  82,  83,  84,  85,
     86,  87,  89,  90,  92,  96, 100, 107, 114, 117, 120,   0,   2,   3,   5,   6,
     76,  77,  81,  83,  84,  85,  87,  89,  92,  93,  96,  97, 100, 103, 107, 109,
    111, 112, 113, 120, 124, 125, 126,   4,  78,  88,  92,  93,  97, 103, 109, 113,
    124,   3,   4,   5,   6,  76,  77,  81,  82,  83,  84,  85,  86,  87,  89,  90,
     91,  92,  96, 100, 107, 114, 117, 120,   2,   4,  78,  81,  83,  84,  87,  88,
     89,  96,  97, 100, 102, 103, 104, 105, 108, 111, 113, 118, 119, 120, 121, 124,
      2,   9,  22, 100, 102, 103, 105, 113, 119, 124, 125, 126,   1,   2,   3,   5,
      6,   9,  22,  95,  96,  98,  99, 100, 103, 104, 106, 107, 113, 124, 125, 126,
     95,  96,  98, 103, 104, 107, 113, 119, 124,   3,   5,   6,  93,  94,  96,  97,
    100, 101, 107, 108, 109, 126,   3,   5,  22,  97, 112, 113, 119, 124,   9,  22,
     93,  96,  98, 107, 125,  22,  42,  93,  94,  97,  99, 102, 103, 106, 113, 119,
    124,   3,   5,  22,  96,  98, 103, 107, 113, 124, 125,  93,  97, 103, 107, 113,
    119, 124,  22,  93, 103, 107, 113, 124, 126,   2,   3,   4,   5,   6,  93,  96,
     97,  98,  99, 100, 101, 102, 103, 104, 105, 106, 107, 108, 109, 110, 112, 113,
    124, 125, 126,   2,   3,   5,  93,  97, 101, 103, 104, 109, 113, 119, 124, 125,
    126,   2,  22,  95,  96,  98, 101, 102, 103, 104, 105, 107, 113, 119, 123, 124,
    125, 126,   2,   9,  22, 103, 105, 107, 113, 119, 123, 124, 125, 126,   3,   5,
      6,   9,  22,  93,  96,  98, 103, 104, 107, 113, 124, 125, 102, 103, 105, 113,
    119, 124, 125,   1,   2,  22,  23,  41, 108, 111, 125, 126,   2,   9,  22, 103,
    105, 113, 119, 123, 124, 125, 126,   4,  22,  77,  82,  85,  90, 114, 117, 118,
      3,   5, 102, 103, 105, 107, 113, 124, 125,   3,   4,   5,  42,  43,  78,  81,
     82,  83,  84,  85,  86,  88,  92,  93,  95,  96,  97,  98,  99, 100, 102, 103,
    104, 105, 106, 107, 109, 113, 117, 118, 119, 120, 122, 124, 125, 126,   3,   5,
      6,  96, 100, 101, 103, 105, 107, 112, 113, 124, 125, 126,   2,   3,   5,   6,
     22,  78,  79,  81,  83,  84,  85,  88,  92,  93,  95,  96,  97,  98,  99, 100,
    101, 102, 103, 104, 105, 106, 107, 109, 113, 118, 119, 120, 122, 123, 124, 125,
      2,   3,   5,  96,  97, 100, 107, 109, 126,   2,   3,   5,   6,  81,  83,  84,
     87,  92,  93,  96,  97, 100, 107, 108, 109, 111, 118, 119, 120, 125, 126,  42,
     77,  78,  80,  82,  86,  88,  89,  90,  94,  97, 102, 103, 105, 112, 113, 117,
    118, 119, 120, 121, 122, 124, 125,  42,  94,  97, 103, 112, 113, 119, 124,  77,
     82,  90, 114, 117, 118, 125,  22, 102, 103, 105, 113, 124, 125,   2,   3,   4,
      5,   6,   7,   8,  41,  42,  43,  78,  79,  81,  82,  83,  84,  85,  87,  88,
     92,  93,  95,  96,  97,  98,  99, 100, 101, 102, 103, 104, 105, 106, 107, 108,
    109, 111, 113, 114, 117, 118, 119, 120, 122, 123, 124, 126,   2,   3,   4,   8,
     78,  80,  81,  83,  84,  85,  87,  88,  89,  92,  96,  97,  98, 100, 102, 103,
    104, 105, 107, 108, 110, 111, 112, 113, 116, 118, 119, 120, 121, 124,   2,   3,
      5,  93,  97, 101, 103, 104, 109, 112, 113, 119, 124, 125, 126,  22,  77,  78,
     82,  88,  90,  94,  97, 102, 103, 105, 113, 114, 117, 118, 119, 124,  84,  85,
     92,  85, 118, 102, 119,   3,   5,  93,  96,  97,  98,  99, 100, 106, 107, 108,
    109, 119,   9, 103, 113, 124, 125, 126,  85,  92, 107,  97, 119,   2,   4,  78,
     83,  84,  87,  88,  89,  93,  94,  96,  97, 100, 102, 103, 104, 105, 106, 108,
    109, 111, 113, 118, 119, 120, 121, 122, 124,   2,   3,   5,  93,  97, 101, 103,
    104, 109, 112, 113, 119, 124, 125, 126,   3,   5,  10,  16,  18,  20,  25,  26,
     28,  29,  31,  34,  37,  38,  39,  44,  45,  50,  52,  53,  54,  55,  56,  59,
     60,  61,  62,  63,  64,  65,  67,  68,  71,  77,  81,  82,  83,  84,  92,  96,
     97, 100, 103, 104, 107, 108, 109, 111, 112, 113, 114, 115, 117, 120, 124,   3,
      5,  10,  12,  15,  18,  20,  24,  25,  26,  28,  29,  34,  35,  40,  45,  46,
     48,  49,  50,  52,  53,  54,  55,  56,  57,  58,  59,  60,  61,  62,  63,  64,
     65,  67,  68,  69,  71,  78,  79,  81,  83,  84,  85,  92,  93,  96,  97, 100,
    107, 108, 109, 111, 114, 117, 119, 120,  10,  12,  13,  16,  17,  18,  20,  26,
     32,  33,  35,  36,  37,  39,  46,  50,  54,  55,  59,  60,  61,  64,  66,  77,
     78,  80,  82,  83,  88,  90,  97, 101, 102, 103, 104, 105, 113, 114, 117, 118,
    119, 124, 125, 126,
};

static const int8_t bookerly_10_boldKernSparseValues[] = {
     -17,  -13,   13,  -13,  -13,  -17,  -10,   20,   -7,   -7,   17,   10,   10,  -10,   -7,   -7,
      -7,   10,   10,   -7,   -7,   -7,   -7,   -7,   -7,   -7,   17,  -10,   20,   -7,   -7,   10,
      10,   17,   10,   10,  -27,    7,   10,    7,   -7,  -10,  -45,   -7,   -7,   -7,   -7,   -7,
      -7,  -10,  -10,  -23,  -27,   10,   -7,    7,    7,  -45,   10,  -13,   10,  -27,  -13,  -43,
     -30,   -5,   -3,   -5,  -10,  -13,  -30,  -30,  -13,   -5,   -5,   -5,   -5,   -5,   -5,   -7,
      -3,  -27,  -13,   10,  -13,   10,   -7,  -33,   -5,   -5,  -17,  -23,    7,  -23,  -23,  -43,
     -30,  -23,  -13,  -23,  -27,  -13,  -10,   -7,   -7,  -17,   -7,  -17,   -5,   -5,  -10,  -10,
      -7,   -7,  -10,   -7,   -7,    7,   -7,   -7,   -5,   -5,  -17,  -17,  -10,   -5,  -33,  -13,
     -10,   -7,  -33,  -30,  -13,  -30,  -17,  -17,  -30,  -10,   -7,  -13,   -7,  -13,  -47,  -13,
     -33,  -33,  -30,    7,    7,  -30,  -30,  -33,  -33,  -30,  -30,  -30,  -30,  -17,  -30,  -30,
     -13,  -30,  -10,  -23,  -13,  -10,  -13,  -33,  -13,  -13,  -33,   -7,  -35,  -30,  -17,  -10,
     -22,  -17,  -10,   -7,  -13,  -10,  -30,  -30,    7,   -7,   -7,  -47,  -10,   -7,   -5,   -5,
      -5,   -5,   -7,   -7,  -17,  -30,  -10,    7,  -18,    8,   -5,  -35,  -20,  -38,    3,  -34,
       3,  -33,   -5,   -5,   -7,  -28,    7,  -28,  -10,   10,  -37,  -27,   -7,   -7,  -10,   -5,
      -8,   -5,  -10,  -13,    5,    3,   -8,    5,    5,    5,    5,    5,    5,   -7,   -7,   -8,
      -5,   -5,   -5,   -5,   -4,   -4,   -4,   -8,   -5,   -5,   -5,   -5,   -5,   -5,   -5,   -5,
      -5,   -5,   -5,   -5,   -5,   -5,  -10,  -17,  -17,  -13,   -9,   -5,   -7,   -3,   -5,   -7,
     -12,   -8,   -4,  -10,   -3,   10,  -23,   -7,   -3,   -3,    7,   13,  -23,  -23,  -28,  -29,
      -7,  -10,    3,   -7,  -13,    3,  -10,   -7,  -38,  -10,  -10,   -7,   13,   13,   -7,   -7,
       3,  -10,  -10,   -7,   -7,   -7,  -13,    3,   13,    3,  -10,  -10,   -7,  -13,    7,    7,
      -7,   -7,   -7,   -4,   -3,   -3,   -7,   -4,   -4,   -5,   -5,   -4,   -3,   -3,   -7,   -5,
      -5,    7,    7,   -5,   -5,   -5,   -5,   -5,  -13,   -7,  -13,  -13,  -10,  -10,  -13,   -5,
     -10,    3,   -7,   -7,    3,    5,   -6,   -3,   -5,   -7,   -5,   -5,  -17,   -5,  -10,  -10,
      -7,   10,   10,   -7,   -7,    3,  -10,  -10,   -7,   -7,   -7,   -7,    3,    3,   -6,   -6,
      -5,   -7,  -10,    6,  -13,    7,    3,   -5,    3,   -8,    3,   -3,   -4,  -10,  -12,  -20,
       3,  -20,    3,  -13,   -5,   -5,   -8,   10,   10,   -8,   -8,    3,   -5,   -5,   -8,   -8,
      -8,    3,   10,    3,   -4,   -4,   -7,  -13,   10,  -18,   -8,  -27,    7,  -27,  -37,  -17,
     -17,  -17,  -10,   -3,   -8,   -5,  -10,   10,   -7,   -3,   -5,   -5,   -3,    7,    7,    7,
      -7,   13,  -12,   -7,  -12,  -10,   -5,    7,    5,   -7,    7,   -5,  -10,    7,   -8,   -5,
      -3,   -5,   -3,  -13,   -5,   -7,   -7,   -5,   20,   20,   -5,   -5,    7,   -7,   -7,   -5,
      -5,   -5,  -10,    7,   20,    7,   -8,   -8,   -3,  -10,  -10,    7,   19,  -33,  -33,  -33,
     -37,   -3,   -5,    3,   -3,   -5,   -5,   -9,   10,   -6,    7,    7,    8,    8,  -45,   -5,
      -5,   -5,    7,    7,   -5,   -5,   -5,   -5,   -5,   -5,   -5,   -9,    7,   -6,   -6,   -9,
       7,   10,    3,   -7,  -17,  -13,   10,   -9,   -5,   23,   -3,   -5,   -7,  -12,   -8,   -4,
     -10,   17,    2,   30,   10,   10,   20,  -23,   -7,    2,   30,   13,    7,  -10,  -10,  -10,
      10,  -10,    7,  -20,  -13,  -22,   10,  -25,   -5,   -7,   -7,  -10,    7,  -10,   10,  -10,
      -7,  -20,  -13,   -7,   -7,   -7,   -8,   -5,   -4,   -5,  -13,   -7,   -3,   -7,  -10,  -13,
     -13,   -7,  -33,   -7,  -33,  -42,   -7,   -7,  -40,  -10,   -8,   -5,   -3,  -18,  -20,  -21,
     -23,   -7,  -10,   -7,  -33,  -10,  -18,  -18,  -20,   10,   10,  -20,  -20,  -18,  -18,  -20,
     -20,  -20,  -21,  -23,  -23,   -7,   -7,  -21,   -7,    7,    7,  -13,  -13,  -19,  -22,   -5,
      -5,   -5,   -5,   -7,    3,   -5,  -13,    3,   -8,   -7,   -8,   -7,   -7,   -7,  -23,   -5,
     -10,   -7,   -7,   -5,   12,   12,   -5,   -5,    3,   -7,   -7,   -5,   -5,   -5,  -13,    3,
       7,    3,   -8,   -8,   -7,  -13,   10,  -43,  -17,  -43,  -45,   -7,   -7,  -47,  -17,  -12,
     -12,    3,    7,  -25,   10,  -25,   -7,  -28,   10,  -10,   -7,  -23,   -9,  -10,   -8,  -10,
     -10,   10,  -13,  -10,  -47,  -17,  -43,  -38,  -25,   20,   20,  -25,  -25,   10,  -38,  -43,
     -25,  -25,  -25,  -46,   10,   20,   10,  -10,  -23,  -23,  -10,  -28,  -20,    7,   10,   -7,
       3,  -12,    5,    3,    7,   -3,    7,   -7,  -12,    7,  -12,   10,   -5,   -3,   13,   13,
      -3,   -3,    7,   -3,   -3,   -3,    7,   17,    7,    7,  -30,  -17,  -30,  -35,  -10,  -10,
     -37,  -20,   -5,  -15,    3,    7,  -27,    7,  -27,   -5,  -32,    7,  -17,  -13,  -25,   -3,
     -11,  -10,  -17,  -10,  -17,    7,  -17,  -13,  -33,  -20,  -27,  -40,  -27,   20,   20,  -27,
     -27,    7,  -37,  -37,  -27,  -27,  -27,  -32,    7,   13,    7,  -17,  -25,  -25,  -17,  -13,
     -32,   -7,  -13,    7,   -3,   -3,    7,    7,   10,   13,   15,   17,   10,   10,   15,   13,
      17,   10,   15,   17,   17,  -10,  -27,  -17,  -33,  -27,   -7,    7,   -7,  -10,  -10,  -10,
     -10,   -7,   -7,   -7,   -7,   -7,   -7,    7,    7,  -27,  -10,  -13,  -33,   -7,  -10,  -10,
     -10,  -10,  -33,  -27,  -22,  -10,  -13,   -8,  -33,   -3,   -5,  -13,  -13,   -4,  -13,  -10,
     -10,   -7,  -10,  -10,  -13,   -5,  -20,   -3,   -3,    3,   -7,   -8,   -7,   -3,   -3,    8,
     -13,   -7,  -20,   -3,   -5,   -3,   -3,   -3,   -3,   -3,   -3,   -3,   -5,   -5,    7,   -7,
       3,   -7,   -7,   -7,  -13,   -3,   -7,   -7,   -3,   -3,   -3,   -3,   10,   -7,   34,   33,
      33,  -10,  -10,  -10,   20,   33,   28,   -4,   -5,   -6,    7,   17,   -6,    3,    3,   33,
       7,   12,    8,   37,   72,   42,   -3,   -5,    6,    2,   -2,   -7,   -1,   35,   33,   10,
       1,    3,   15,   -6,   27,   30,   10,    7,  -10,   -7,   -8,   -3,    6,    5,    8,    3,
       3,   -7,   -7,   -8,   -8,   -8,   -7,   -7,   -8,   -8,   -8,   -3,    6,   13,   13,   13,
     -13,   -5,  -30,   -3,   -3,  -19,  -19,   -7,  -17,  -10,    5,   -7,   -7,    5,    5,   -7,
      -7,   -7,   -3,   -7,   -7,   -7,   -5,   -7,   -7,   -7,   -8,   -7,   -5,  -10,    3,  -10,
      -7,   -7,   -8,   -8,   -5,   -7,   -7,   -8,   -8,   -8,   -7,   -5,   -5,   -7,  -10,   -6,
      -6,  -10,   -7,   -5,  -17,   23,    4,   -5,   10,   23,  -10,    7,  -23,   -7,  -23,  -20,
      -7,  -12,   -7,   -7,  -10,   -7,   -8,    5,  -12,  -12,   -7,   -7,   -7,   -7,  -12,  -12,
      -7,   -7,   -7,  -10,   -7,   -7,   -8,   -8,  -10,   10,   10,   -5,   -5,   -7,   -5,  -10,
      -5,   -5,   -5,   -5,   -5,   -5,   -5,   -5,   -5,   -5,   -5,   -7,  -10,    7,   -3,   -3,
       5,    7,   -5,  -13,    3,  -12,    7,  -12,    3,    3,   -7,   -5,   10,  -30,   -5,  -30,
     -18,  -10,   -8,  -10,    5,  -15,   -8,    3,    7,    3,    7,  -11,    7,    4,  -10,  -10,
     -10,    3,  -10,  -10,   -8,  -10,  -10,  -10,  -10,  -10,  -15,   -8,   13,   -8,    3,  -11,
     -11,  -15,   13,   13,    7,   -8,   -3,    5,   -3,    7,    3,   -8,   -8,   -8,   -8,   -8,
      -8,   -3,   -3,   -3,   -3,   10,   13,  -10,   -3,   -3,   -3,   23,   10,    7,   18,    7,
       7,   10,   10,   18,    7,   23,    7,   10,   18,    7,   10,    7,    7,   13,  -10,   -7,
      13,   13,   13,  -10,   -7,   -7,   -7,  -10,  -13,  -10,   -7,   -3,   -7,  -10,  -13,   -7,
      -7,  -10,   -7,  -10,  -13,  -17,  -17,   -7,  -10,   -7,  -10,  -10,  -10,  -10,  -13,  -17,
     -17,   -7,   -8,   10,  -13,  -10,  -23,  -20,  -10,  -10,  -10,   -7,  -10,   10,   -7,  -13,
      -7,   -7,  -10,  -10,  -13,  -10,   -8,  -10,  -10,  -10,  -10,  -10,  -10,  -10,  -10,  -10,
     -10,  -10,  -10,  -10,  -10,   -7,  -13,  -13,  -10,   -7,  -13,   -8,   10,  -10,  -10,  -10,
     -10,  -10,  -13,   10,  -13,  -20,  -13,  -10,  -10,  -17,  -17,  -13,   -9,   -5,   -7,   -3,
      -5,   -7,   -8,   -8,   -4,  -10,   -3,   10,  -23,   -7,   -3,   -3,  -10,  -27,  -27,  -37,
      -7,  -27,  -15,  -13,  -17,   -8,  -10,  -12,  -23,  -23,  -25,  -20,  -10,   -5,   -6,  -10,
      -6,   -5,   -4,  -37,   -5,   -5,   -6,   -5,   -5,  -10,   -6,   -6,   -5,   -5,  -10,  -13,
      -7,   -7,   -7,  -10,   -7,   -7,   -7,  -13,  -13,   -7,  -13,  -10,   10,   10,    7,   10,
      18,   18,   10,   17,   17,   18,   18,   18,    7,   10,  -17,  -30,  -10,    7,  -18,    8,
      -5,    7,  -35,  -20,  -38,    3,  -34,    3,  -33,   -5,   13,   -5,   -7,  -28,    7,  -28,
     -10,   10,   13,  -37,  -27,  -13,   -8,  -33,   -3,   30,   -5,  -13,  -13,   -4,   30,  -13,
     -10,   30,   23,   17,   20,   20,   37,   13,   37,   17,   17,    3,    7,    3,   10,    7,
      10,   27,   13,   17,   37,   37,   30,   37,   13,   10,   12,   20,   27,   -7,    3,   -7,
      -3,    7,    7,   -7,  -13,   -3,   13,   -7,   -7,   -3,   -3,   -3,   -3,   13,   10,   -7,
       5,   32,   -7,   -7,    5,   32,    5,   -7,   17,   -7,   17,   17,   -7,   17,   17,   -7,
     -10,    7,   10,   10,   10,   13,   13,    7,    7,    7,    7,   10,   10,  -10,   -7,  -10,
      20,   -3,   -3,    5,    7,    7,   -5,  -13,    3,   27,  -12,    7,  -12,    3,   27,    3,
      -7,   -5,   13,  -13,   -9,    3,   10,   10,   13,    3,   10,    3,   10,    7,   17,   -3,
      17,   10,   10,  -23,   17,   -3,   17,   17,   -3,   10,   10,   13,  -10,  -10,  -13,   10,
       7,   10,    7,   10,   10,    7,   13,    7,   13,   10,   10,   10,    7,   20,   13,   17,
      10,  -13,  -13,  -19,  -22,    3,   -5,   -5,    3,   10,   10,   13,   13,   10,   -7,   17,
      -5,  -13,   17,   -8,   -7,   13,   -7,  -23,   -5,   -7,   -7,   -5,   22,   22,   -5,   -5,
      17,   -7,   -7,   -5,   -5,   -5,  -13,   17,   17,   -8,   -8,   -7,  -13,   10,   13,    7,
       7,    7,    7,    7,   10,   10,    7,  -10,   -7,   -8,   17,    6,    5,    8,    3,    3,
      -7,   -7,   -8,   -8,   -8,   -7,   -7,   -8,   -8,   -8,   17,    6,   13,   13,   13,   -5,
      -5,   -5,   -5,   -5,   -5,   -5,  -17,    7,    7,    7,    7,    7,    7,    7,   -3,  -10,
       7,  -13,  -33,  -17,  -17,   -7,  -20,  -10,  -10,  -10,  -23,  -20,  -10,  -10,  -10,   -7,
      -8,   -3,  -10,   -7,   -7,   -7,   -8,   -7,   -4,   -7,  -13,  -10,   -7,   -3,   -7,   -7,
      -5,  -10,   -7,   -7,   -5,  -13,   -5,  -10,   -3,  -10,    7,   -3,  -17,  -20,   -3,  -13,
      -7,  -13,  -13,  -10,  -10,   -5,  -13,  -13,  -10,   -3,  -10,   -7,   -7,   -7,   -7,   -7,
      -3,   -7,   -7,   -5,   -7,   -7,  -10,    3,   -6,   10,    5,   -5,  -13,  -13,  -17,   -5,
     -17,    7,  -22,   -3,  -23,  -10,  -23,  -10,  -10,   -3,  -33,  -10,    7,    7,   -3,   -7,
       7,   -8,   -7,  -13,   -8,   -7,   -7,  -13,  -23,  -30,   -7,  -13,  -13,   -7,  -30,  -47,
     -25,   -7,  -20,  -13,  -40,   -7,   -3,  -13,  -28,  -23,  -28,  -30,  -32,  -23,  -15,  -28,
     -17,  -17,   -7,  -10,  -13,  -17,  -10,    5,  -10,  -25,    4,  -13,  -10,  -10,  -20,  -17,
       3,  -20,   -4,  -17,  -10,  -10,  -25,  -30,  -10,   -7,  -17,   -7,  -42,  -17,  -42,  -32,
     -27,  -17,  -25,  -15,  -30,    7,  -57,  -33,   -7,  -15,  -17,  -23,   -7,  -27,  -33,   -3,
     -27,  -40,  -37,  -27,  -30,  -33,  -10,  -17,  -13,  -20,  -17,  -30,  -50,    7,  -27,   20,
     -13,    5,    7,   13,  -10,  -37,  -57,   -7,  -27,  -13,    7,  -17,  -30,  -10,    7,  -18,
     -33,  -10,  -35,   -5,    3,  -17,    8,    7,    5,  -17,    3,  -42,   -7,    5,   10,  -17,
     -13,    7,  -23,  -13,  -38,  -30,  -30,  -17,   10,  -13,  -37,  -27,  -10,   -7,  -10,   -7,
      -7,   -7,   -7,   -7,  -12,   -7,   -7,  -13,   -5,   -3,  -10,   -7,   -7,  -10,   -5,   -8,
       7,   -7,    5,   -3,    3,   -8,   -7,   -8,  -33,   -7,  -33,  -42,   -7,   -7,  -10,   -7,
     -10,   -5,  -27,  -40,  -27,   -7,   -8,  -10,  -17,  -18,  -30,  -20,   -7,  -27,   -7,  -27,
     -23,   10,   -7,  -30,  -33,   -7,    7,    7,   -7,   -5,   13,    5,  -13,    5,   -5,  -10,
     -10,   13,  -17,  -20,   -8,   -3,    7,   -7,  -11,   10,   -7,   -5,    7,   -5,   -7,   -7,
     -10,  -10,   -5,   -7,  -10,  -17,  -17,  -13,  -10,   -5,   -7,  -10,   -7,   -9,  -17,  -17,
      -7,   -3,  -12,  -10,  -10,  -13,  -13,  -13,   -7,   -8,  -23,    7,   19,  -33,  -33,  -33,
      -5,    3,  -18,  -37,  -27,  -10,   -5,   -3,   -8,   -5,  -20,   -5,   -7,   10,  -17,   -6,
       7,   10,   10,  -45,   10,    7,   10,   -7,   -8,  -10,   -7,   -5,   -5,   -4,   -5,   -4,
      -4,  -17,    7,  -17,  -20,  -10,   -3,  -17,  -13,  -25,  -30,  -25,  -10,  -10,  -20,  -10,
      -7,  -20,  -13,  -10,   -7,  -12,  -10,  -23,   10,   -7,  -12,    3,    3,    7,    5,  -20,
      10,   10,   -3,   10,  -20,  -12,    7,  -20,    7,   13,  -12,  -23,  -20,   10,   -3,  -12,
     -13,   -8,  -33,    7,   -7,  -13,  -13,  -13,  -10,  -13,  -13,  -10,  -10,   -7,  -10,  -10,
     -13,   -5,  -20,   -3,   -7,  -10,   -4,   -7,   -7,   -8,   -4,   -8,   -7,   -7,  -13,   -7,
      -3,   -3,   -7,   -9,   -5,   -7,   -9,   -3,   -9,  -17,  -17,  -13,   -5,    3,  -17,   -3,
     -17,    7,  -13,   -3,   -3,    7,    3,    3,   -7,   -3,   13,   10,  -10,   10,   -7,  -13,
      -3,   -3,   -7,   -7,   -7,   -7,  -10,   -9,   -5,  -12,   -3,   -3,   -7,   -3,   -7,  -20,
      -7,   -7,   -7,  -17,   -7,   -5,   -5,   -5,   -5,   -5,   -7,   -3,   -3,   -3,   -4,   -3,
     -10,   -3,  -20,   -3,   -3,   -7,   -3,   -3,    7,   10,  -30,   -5,  -30,  -18,  -10,  -20,
     -10,   -3,   -3,  -20,    3,    7,    3,    3,    7,   -3,  -18,   -5,  -10,    7,   13,    3,
       3,   13,   13,    7,    3,    3,   -3,   -8,    7,    5,    3,   -3,    5,   -7,    5,   10,
      13,  -10,  -40,   -3,   -3,   -3,   -7,  -17,  -23,   -7,  -23,   -7,  -23,   -7,   -3,  -23,
     -10,  -13,  -13,   -5,  -30,  -14,  -17,  -10,  -14,  -10,   -7,  -14,  -17,  -10,   -5,   -5,
      -7,   -5,  -10,   -5,   -4,   -3,   -3,   -5,   -7,   -3,   -3,   -7,  -10,   -7,  -10,   -7,
     -10,   -7,   -7,   10,   10,    7,   10,   10,   18,   17,    7,   10,  -13,   -5,  -30,  -14,
     -17,  -14,  -10,   -7,  -14,  -17,  -10,    7,  -13,  -10,  -17,   -7,  -13,  -13,  -20,  -10,
      -7,   -7,  -10,  -10,  -13,   -7,  -10,  -10,   -7,  -33,  -17,  -33,  -10,  -10,   -7,  -27,
       7,  -43,  -35,  -13,  -10,  -17,  -17,  -18,  -13,  -27,  -27,  -17,  -23,  -23,  -10,   -3,
      -7,   -7,  -23,  -30,  -23,   -3,    7,  -17,  -30,  -53,  -17,   -3,    7,    7,  -13,  -13,
     -10,  -13,  -10,   10,   13,   10,   -7,   12,   13,   13,   10,   12,    7,  -13,  -13,  -28,
       3,  -10,  -13,  -23,  -37,  -30,   -7,  -17,  -20,  -27,  -20,  -30,  -23,  -17,  -20,  -25,
     -17,  -17,  -10,  -13,  -20,  -20,  -30,  -27,  -10,  -30,  -37,  -37,  -17,  -13,  -10,    7,
      10,  -20,  -20,  -17,   -7,  -17,  -13,   -7,   10,   13,  -23,  -23,  -28,  -20,  -29,  -30,
      -7,  -13,  -10,  -23,   -7,  -17,  -23,    3,  -10,   13,   -7,  -10,  -38,    7,    7,  -10,
     -13,  -10,   13,  -10,  -10,  -25,   10,  -13,   -7,  -10,  -20,   10,  -20,   13,   10,  -10,
     -25,  -30,   10,  -10,   -7,   10,   -7,  -10,   -3,   -7,    7,   13,    7,  -20,    7,  -13,
      -7,  -17,  -13,  -13,  -13,   -7,  -13,   -7,  -10,  -10,  -10,  -10,  -13,    7,  -30,  -17,
     -30,  -35,  -10,  -10,    7,  -17,  -13,  -17,   -9,  -23,   10,  -28,  -23,  -10,   -5,  -10,
     -20,  -20,  -10,  -23,  -20,  -20,  -17,  -23,   -7,  -17,  -10,  -17,  -10,  -17,  -33,    7,
     -15,   20,  -10,   10,    7,  -17,  -23,  -33,  -13,   -7,  -10,    7,   10,    3,   -7,    3,
     -12,   20,    3,    3,    7,    7,    5,  -20,   10,    7,   10,   -3,   13,   10,  -20,    3,
       7,  -20,    7,    7,    7,   13,   20,    3,   13,  -23,  -20,   10,   -3,    3,    7,    3,
       3,   -3,   -8,    7,    5,    3,   -3,   10,    5,   -7,    5,   10,   13,  -48,  -30,   -7,
     -20,  -13,  -40,   -3,   -3,  -17,  -20,  -23,  -20,  -33,  -33,  -17,  -13,  -20,   -7,  -10,
     -10,   -7,  -10,   -7,  -10,  -13,  -13,  -10,  -17,   -7,   -3,   -3,  -13,   -3,  -13,  -10,
      -7,  -10,  -10,   -5,   -5,   -5,  -10,   -7,   -7,   -3,   -7,   -5,   -7,   10,   -7,  -25,
       3,    7,    5,  -20,   10,  -13,  -10,   10,  -10,   10,  -20,  -12,    7,  -20,   -7,    7,
     -10,   13,  -12,  -23,  -53,    7,   -3,   -7,  -12,    7,    3,    3,   -3,   -8,    7,    5,
       3,   -3,   13,    5,   -7,    5,   10,   13,  -27,  -27,  -27,   13,    7,    7,    7,  -10,
     -17,    7,    3,  -10,   13,   13,   13,  -37,  -40,  -10,   10,   10,  -10,  -10,    7,  -10,
     -10,  -10,  -17,    7,   10,    7,  -10,  -10,  -17,   13,  -18,    7,  -27,  -22,  -10,  -10,
     -10,  -13,   13,   13,  -17,    7,  -10,   10,    3,   13,    7,    7,    7,  -40,   13,  -27,
     -27,  -40,  -13,   -7,    7,    7,  -13,    7,  -23,  -28,    7,  -23,    3,   -7,  -55,  -13,
     -13,  -13,  -23,   10,   10,  -23,  -23,    7,  -13,  -13,  -23,  -23,  -23,  -28,   17,   10,
       7,  -23,  -23,   -7,  -28,  -13,   -7,  -25,  -40,  -28,   -7,  -13,  -13,  -23,  -23,  -23,
     -23,    7,  -23,   10,    7,    7,  -10,  -55,   10,  -13,   10,  -27,  -13,  -43,  -30,   -5,
      -3,   -5,  -10,  -13,  -30,  -40,  -13,   -5,   -5,   -5,   -5,   -5,   -5,   -7,   -3,  -27,
     -13,   10,  -13,   10,   -7,  -33,   -5,   -5,  -17,  -33,    7,  -23,  -33,  -43,  -30,  -23,
     -13,  -33,  -27,  -13,
};

static const EpdLigaturePair bookerly_10_boldLigaturePairs[] = {
    { 0x00660066, 0xFB00 }, // f f -> U+FB00
    { 0x00660069, 0xFB01 }, // f i -> U+FB01
    { 0x0066006C, 0xFB02 }, // f l -> U+FB02
    { 0xFB000069, 0xFB03 }, // U+FB00 i -> U+FB03
    { 0xFB00006C, 0xFB04 }, // U+FB00 l -> U+FB04
};

static const EpdFontData bookerly_10_bold = {
    bookerly_10_boldBitmaps,
    bookerly_10_boldGlyphs,
    bookerly_10_boldIntervals,
    70,
    27,
    23,
    -6,
    true,
    bookerly_10_boldGroups,
    16,
    nullptr,
    nullptr,  // kernLeftClasses: built-in fonts use the split arrays below
    nullptr,  // kernRightClasses
    bookerly_10_boldKernLeftCodepoints,
    bookerly_10_boldKernLeftClassIds,
    bookerly_10_boldKernRightCodepoints,
    bookerly_10_boldKernRightClassIds,
    nullptr,  // kernMatrix: built-in fonts use the sparse form below
    bookerly_10_boldKernRowOffsets,
    bookerly_10_boldKernSparseCols,
    bookerly_10_boldKernSparseValues,
    676,
    682,
    147,
    127,
    bookerly_10_boldLigaturePairs,
    5,
};
