/**
 * generated by fontconvert.py
 * name: bookerly_18_regular
 * size: 18
 * mode: 2-bit  compressed: zopfli
 * hinting: auto (FT_LOAD_FORCE_AUTOHINT — grid-fits stems to whole pixels)
 * Command used: fontconvert.py bookerly_18_regular 18 ../builtinFonts/source/Bookerly/Bookerly-Regular.ttf --2bit --compress --zopfli
 */
#pragma once
#include "EpdFontData.h"

static const uint8_t bookerly_18_regularBitmaps[44556] = {
    0xC5, 0x99, 0x01, 0xC4, 0x26, 0x49, 0x7A, 0xC7, 0x7F, 0xDD, 0xBD, 0x33, 0x1D, 0xD7, 0xA4, 0x17,
    0x3B, 0x9B, 0xCB, 0x7E, 0xA2, 0x03, 0x08, 0x92, 0x6B, 0x08, 0x60, 0x6F, 0xAA, 0xCE, 0x02, 0x0E,
    0x19, 0xEC, 0x3A, 0x1C, 0x12, 0x04, 0x58, 0x0C, 0x04, 0xC1, 0xEE, 0x74, 0xC9, 0x01, 0x82, 0xFD,
    0xE0, 0x12, 0x04, 0x09, 0x02, 0x39, 0x58, 0x00, 0x98, 0x99, 0x2A, 0x09, 0x16, 0x41, 0x1A, 0x21,
    0x38, 0x6C, 0x93, 0x8D, 0xB8, 0x04, 0xD7, 0xA1, 0x43, 0x4F, 0xB6, 0xBB, 0x9F, 0xBC, 0xCF, 0x53,
    0xEF, 0xF7, 0xCD, 0xEB, 0xBE, 0xDD, 0xC9, 0xDD, 0x6D, 0xD6, 0xD5, 0xFB, 0xF6, 0xFF, 0x57, 0x5F,
    0x77, 0x75, 0x75, 0xF5, 0xFF, 0xA9, 0xAE, 0xAA, 0x7E, 0xBF, 0x7B, 0xDE, 0x85, 0xE8, 0xC5, 0x0B,
    0x5F, 0xFE, 0x89, 0x44, 0x06, 0x72, 0x7A, 0x40, 0x0C, 0x92, 0x24, 0xC5, 0xF0, 0x80, 0xB7, 0x99,
    0xB7, 0xEA, 0x55, 0x5F, 0x00, 0x7E, 0x93, 0x6F, 0x02, 0x0F, 0xF9, 0x36, 0xF0, 0x21, 0x1F, 0x00,
    0x4F, 0xD9, 0x80, 0x95, 0x05, 0x58, 0x8A, 0x99, 0x4A, 0x44, 0x64, 0xAD, 0x55, 0x97, 0xE2, 0x7B,
    0xFF, 0xFD, 0xBD, 0x7F, 0x7B, 0x44, 0x35, 0xD6, 0x09, 0xEA, 0xD4, 0x24, 0x68, 0x52, 0x1B, 0xA0,
    0x0D, 0xAD, 0x87, 0xD6, 0x77, 0xE0, 0xB4, 0x64, 0xC8, 0x3A, 0xA8, 0xFA, 0x5C, 0xFD, 0x69, 0xD3,
    0xEA, 0x3F, 0xE0, 0xA9, 0x5D, 0x64, 0xBD, 0xB8, 0x88, 0x2A, 0x7F, 0xA4, 0x32, 0xDF, 0x95, 0xE2,
    0x85, 0x87, 0x41, 0x56, 0x4A, 0x11, 0xA1, 0x59, 0xFE, 0x4B, 0x42, 0x97, 0x66, 0x97, 0x7A, 0x3F,
    0x77, 0xC9, 0x31, 0xB7, 0xFE, 0x24, 0xF7, 0x70, 0x61, 0x86, 0x7E, 0x9A, 0xA1, 0x3D, 0x66, 0xA8,
    0x65, 0x01, 0x44, 0x02, 0x74, 0x9A, 0xAD, 0xE4, 0x80, 0xEA, 0x13, 0xF1, 0x54, 0x29, 0x86, 0xDF,
    0xAD, 0x92, 0x4B, 0x1F, 0xA8, 0xEC, 0x2A, 0x47, 0x95, 0x86, 0x20, 0xEF, 0x24, 0x61, 0xF8, 0xD7,
    0x7F, 0xD9, 0xE9, 0x45, 0x16, 0x6A, 0x3B, 0xF7, 0x37, 0x46, 0xA0, 0x4A, 0xAF, 0x92, 0xC2, 0x03,
    0x97, 0xA9, 0x01, 0xE2, 0x08, 0x6D, 0xA2, 0x96, 0x0D, 0x7A, 0x4F, 0x27, 0x07, 0x38, 0x70, 0x21,
    0xC2, 0x06, 0x03, 0x7D, 0x28, 0x56, 0x78, 0x46, 0x97, 0x34, 0x10, 0x1B, 0x6D, 0xAA, 0xC7, 0xCC,
    0x36, 0x65, 0xF6, 0x64, 0x3E, 0x04, 0x76, 0xBA, 0xF0, 0xB4, 0x78, 0xEE, 0x9F, 0xE3, 0xFC, 0xD2,
    0xCA, 0x34, 0x84, 0x58, 0x4E, 0x4E, 0xD6, 0x5E, 0xB6, 0x3A, 0x49, 0xB9, 0xB5, 0xB2, 0xB4, 0x61,
    0xE3, 0x28, 0x24, 0xF4, 0xE5, 0xC2, 0xA0, 0x6E, 0x57, 0x33, 0x0E, 0xD8, 0x32, 0x8B, 0x25, 0xB3,
    0x9A, 0x32, 0x1B, 0xBD, 0xEE, 0x13, 0x0D, 0x5C, 0xB9, 0xF0, 0x0C, 0x1C, 0xC5, 0xC6, 0x86, 0xEE,
    0x92, 0xBF, 0x5A, 0x73, 0x23, 0x65, 0xA2, 0x5C, 0xA0, 0x93, 0x40, 0x39, 0x43, 0xF1, 0x2E, 0xE0,
    0xC9, 0xE9, 0xF1, 0x04, 0x67, 0x57, 0xA1, 0x15, 0xF1, 0x80, 0x9B, 0x86, 0x04, 0x0C, 0xA1, 0x53,
    0x44, 0x5A, 0x85, 0xDC, 0xC2, 0x1B, 0x7A, 0x0C, 0x1F, 0x2A, 0xE2, 0x77, 0x56, 0xEC, 0x84, 0x51,
    0xE1, 0x92, 0x6A, 0x21, 0x53, 0x29, 0xE2, 0x1B, 0x99, 0xAB, 0x13, 0xBA, 0x7F, 0xDF, 0x4A, 0x11,
    0xDC, 0xDF, 0x1F, 0xB4, 0x81, 0xC1, 0x8B, 0x6F, 0x13, 0x82, 0x1B, 0x0D, 0xDD, 0x62, 0xA8, 0x77,
    0x43, 0x21, 0x7F, 0x1D, 0x10, 0x8F, 0x13, 0xCF, 0x90, 0x68, 0x04, 0x9C, 0x76, 0xDF, 0x85, 0x4E,
    0x7E, 0x18, 0x45, 0xAE, 0xB5, 0x0F, 0x7F, 0x22, 0x1B, 0x51, 0x76, 0x86, 0x95, 0xE2, 0x3D, 0x4F,
    0xF1, 0xE8, 0xED, 0xED, 0x36, 0x61, 0xE9, 0x4F, 0xD4, 0x89, 0x7A, 0xA6, 0x1D, 0x71, 0x81, 0xA8,
    0x7F, 0x55, 0xAB, 0xED, 0x98, 0xE8, 0x46, 0xFA, 0x84, 0xD3, 0x96, 0x10, 0x41, 0xBE, 0xE8, 0x1B,
    0x3D, 0x31, 0x68, 0x03, 0x5C, 0xA2, 0x9F, 0x68, 0x67, 0x9A, 0x85, 0x6A, 0xA3, 0x3C, 0xB0, 0xD6,
    0x8D, 0xBA, 0xAB, 0xDE, 0x60, 0x85, 0xD7, 0x81, 0xDF, 0x02, 0x17, 0xB4, 0x64, 0xB3, 0x52, 0xED,
    0x20, 0xD8, 0xC9, 0x23, 0xDD, 0x4C, 0xBB, 0x50, 0xAF, 0x7A, 0x72, 0xB5, 0xEB, 0xF9, 0xC5, 0x71,
    0xE7, 0x6A, 0x87, 0x7E, 0x8B, 0x9D, 0x72, 0xB3, 0x62, 0x0B, 0x4D, 0x6E, 0x68, 0x7A, 0xD9, 0xF8,
    0x45, 0x77, 0xB8, 0xC0, 0xB7, 0xE0, 0x35, 0xA0, 0x1A, 0xB9, 0x57, 0xCF, 0x74, 0xF5, 0x84, 0xFB,
    0x24, 0xD1, 0x7D, 0x7E, 0xCF, 0x13, 0x25, 0xE9, 0xD6, 0x7D, 0x5E, 0x06, 0xF7, 0x8F, 0x81, 0xAE,
    0x49, 0xBC, 0xD6, 0xCC, 0x50, 0x5B, 0x37, 0xFE, 0xC2, 0x4D, 0x2E, 0x92, 0xED, 0xFB, 0xB2, 0xED,
    0x8D, 0xF2, 0x28, 0xA5, 0x10, 0x8E, 0x62, 0x2F, 0xB7, 0x6A, 0xA9, 0xE7, 0x76, 0xEC, 0xC3, 0xEF,
    0x11, 0x65, 0x15, 0xD9, 0x44, 0xD6, 0x7B, 0x0C, 0x79, 0xCC, 0xF2, 0x6F, 0x00, 0x0C, 0x2A, 0xBB,
    0xCA, 0x06, 0x94, 0x2B, 0x60, 0x43, 0x55, 0x3D, 0x91, 0xEB, 0xA3, 0x53, 0x71, 0x5E, 0x05, 0xE0,
    0x39, 0x77, 0xCB, 0xAA, 0xB4, 0xE3, 0xCD, 0x09, 0x7D, 0xB8, 0x53, 0xB6, 0x50, 0xA9, 0x96, 0x9B,
    0x13, 0x9A, 0xE9, 0x6E, 0xD9, 0x41, 0x85, 0x52, 0x26, 0xE8, 0xE5, 0x00, 0x11, 0x49, 0xD5, 0xC1,
    0x30, 0x35, 0x0B, 0xED, 0xD2, 0x4D, 0xD4, 0x6B, 0x9F, 0xA8, 0x36, 0x17, 0x28, 0xF7, 0xC1, 0x53,
    0x1C, 0x11, 0x30, 0x11, 0xF9, 0x12, 0x39, 0x84, 0x5C, 0xAE, 0xD8, 0xA3, 0xA7, 0xDC, 0x86, 0xA0,
    0x15, 0x24, 0xEA, 0xC5, 0x7A, 0x4A, 0xBB, 0xE2, 0xC6, 0x5A, 0xFE, 0x42, 0x7C, 0x21, 0xB2, 0x43,
    0x2F, 0x13, 0x14, 0xEF, 0x91, 0x53, 0x39, 0xC3, 0xE3, 0x99, 0x5E, 0x66, 0xA2, 0xCC, 0x0C, 0x32,
    0x43, 0xFB, 0xFF, 0xB3, 0x95, 0x22, 0x93, 0x13, 0x59, 0x74, 0xE3, 0x1B, 0x72, 0x8D, 0x86, 0x87,
    0xCA, 0x42, 0xBB, 0x96, 0xE2, 0xFB, 0x99, 0x18, 0xDC, 0x88, 0x4B, 0x2E, 0x9D, 0xA4, 0x57, 0xB9,
    0xE7, 0x71, 0x01, 0x18, 0x3C, 0x10, 0xD1, 0x7B, 0x02, 0xAA, 0x8D, 0x5C, 0x2B, 0x6E, 0x04, 0xA2,
    0x87, 0x72, 0x07, 0xED, 0xDC, 0xD0, 0x5F, 0xEE, 0xA2, 0x5D, 0xC8, 0xB3, 0xC5, 0xAA, 0xB2, 0x98,
    0x74, 0x27, 0x99, 0xB8, 0x3A, 0xBC, 0x36, 0x69, 0xA6, 0x13, 0xD9, 0x70, 0x53, 0xBD, 0x33, 0xF8,
    0xC2, 0x06, 0x0D, 0xE1, 0x9B, 0x2A, 0x6A, 0xE3, 0xED, 0xD5, 0x56, 0x60, 0x98, 0xE0, 0x4A, 0x3C,
    0xE8, 0x69, 0xF6, 0x84, 0xF3, 0x7A, 0x2D, 0x00, 0xD1, 0x22, 0x9A, 0x2E, 0xC5, 0xF6, 0x15, 0x02,
    0xD4, 0x07, 0x30, 0x6C, 0x3C, 0xF8, 0xD8, 0x1C, 0x95, 0x80, 0x93, 0x05, 0xEE, 0x9D, 0x3D, 0x7F,
    0x0B, 0xA8, 0x04, 0x68, 0x54, 0x3A, 0x15, 0xA7, 0x22, 0xA2, 0xB7, 0x2B, 0x50, 0xAD, 0xA2, 0xB7,
    0x2B, 0xD0, 0x27, 0x51, 0x2F, 0x04, 0x0E, 0x84, 0x72, 0x43, 0xA8, 0x17, 0x84, 0x76, 0x42, 0x70,
    0x09, 0x21, 0x82, 0x20, 0x9A, 0xA2, 0x8A, 0x53, 0x01, 0x84, 0x57, 0xC9, 0xDF, 0x41, 0x14, 0x49,
    0xC8, 0xAD, 0xEC, 0x97, 0x0F, 0x48, 0x96, 0xC2, 0x44, 0xAE, 0x55, 0x24, 0x5B, 0xA7, 0xB2, 0x01,
    0x8F, 0x05, 0x28, 0xC5, 0xDF, 0x35, 0x22, 0x4B, 0x38, 0x47, 0x24, 0xBB, 0xB1, 0x03, 0xC3, 0xCA,
    0x83, 0xC7, 0x32, 0xE1, 0xB4, 0xAA, 0x4E, 0x96, 0xDB, 0x1E, 0x78, 0x5F, 0x6C, 0x22, 0x1E, 0xA9,
    0x72, 0x68, 0xAE, 0xAD, 0x2C, 0x85, 0x24, 0xA8, 0x0E, 0xA0, 0xB9, 0x8D, 0xBD, 0x05, 0xDA, 0xFD,
    0xF4, 0xF0, 0xEA, 0xE9, 0x4A, 0x14, 0x39, 0x10, 0x5F, 0x4B, 0x10, 0x88, 0x49, 0xC0, 0x8D, 0x02,
    0xDD, 0x64, 0xE6, 0x99, 0x44, 0x7F, 0x92, 0x21, 0xD1, 0x4E, 0x6E, 0xA4, 0x1F, 0xFB, 0x85, 0x21,
    0xB5, 0xF2, 0x97, 0xA2, 0x17, 0xCB, 0x73, 0x51, 0x9E, 0x80, 0xD4, 0xBA, 0xA4, 0x32, 0x8A, 0x8A,
    0x1E, 0x4A, 0x1B, 0x08, 0x2B, 0xE5, 0x8E, 0x0D, 0xB4, 0xAF, 0xE7, 0x36, 0x74, 0xD3, 0xF9, 0x26,
    0x73, 0x0F, 0x35, 0x1F, 0x6E, 0x7B, 0x68, 0xB3, 0xC0, 0xB9, 0xD8, 0x78, 0x5B, 0x2C, 0x7B, 0x71,
    0x69, 0x7F, 0x71, 0xA8, 0xEC, 0x2A, 0xB7, 0x66, 0xF3, 0x86, 0x4A, 0x23, 0xE1, 0x67, 0x1F, 0x92,
    0x6E, 0x62, 0xC8, 0x8F, 0x86, 0xBB, 0x95, 0x7E, 0x22, 0xFA, 0x76, 0x2D, 0x0E, 0x6A, 0xF9, 0xEE,
    0x4A, 0x21, 0x32, 0x82, 0xCB, 0xE7, 0x6A, 0x63, 0xFB, 0x83, 0x76, 0x2A, 0x25, 0xB8, 0xC4, 0x90,
    0xA2, 0xA7, 0xBF, 0xB0, 0x44, 0x65, 0xD2, 0x7D, 0xE3, 0x30, 0x6A, 0xCD, 0xC7, 0xF7, 0x85, 0x46,
    0xDD, 0xC8, 0xB5, 0xDC, 0x7B, 0x17, 0xEC, 0x49, 0x29, 0x44, 0x66, 0x3D, 0xB0, 0xD3, 0xCF, 0x75,
    0xEE, 0x6B, 0x21, 0x7A, 0x86, 0x2F, 0xF4, 0x59, 0xBC, 0x9A, 0x9D, 0x4E, 0xE2, 0xA6, 0x93, 0xF4,
    0x3B, 0xDD, 0xD4, 0xA8, 0x93, 0x85, 0x75, 0xAE, 0xAB, 0x23, 0xA6, 0x4B, 0x17, 0xAA, 0xFD, 0xE6,
    0x01, 0x73, 0x33, 0x94, 0x92, 0x60, 0x38, 0x60, 0x90, 0x05, 0xDC, 0xE1, 0xE1, 0xDE, 0x23, 0xA0,
    0xF7, 0x92, 0xF4, 0xF3, 0x84, 0xBB, 0xE9, 0x72, 0x78, 0x2F, 0x97, 0x76, 0xD3, 0x4F, 0x3D, 0x71,
    0x27, 0x95, 0x73, 0xBD, 0x55, 0xFA, 0x59, 0xEB, 0xA5, 0x99, 0xDB, 0xB1, 0x0B, 0x8E, 0x67, 0xBC,
    0xCE, 0x39, 0xFD, 0x29, 0x36, 0x67, 0x0E, 0x1B, 0xB5, 0x8C, 0x0C, 0xFB, 0x09, 0xC1, 0xBA, 0xDF,
    0x09, 0xC8, 0x08, 0xFD, 0x0E, 0xA5, 0xB9, 0xBB, 0xA3, 0x65, 0xAC, 0x6C, 0xEE, 0xD1, 0x4F, 0x01,
    0xE4, 0x22, 0x71, 0x9B, 0xEE, 0xEE, 0xFF, 0x9D, 0xFC, 0x54, 0x58, 0xDD, 0x8D, 0x78, 0x88, 0xCB,
    0x39, 0x23, 0x0B, 0x74, 0x07, 0x94, 0x62, 0x2C, 0x64, 0xBA, 0x41, 0x7F, 0x80, 0x9B, 0xE0, 0x21,
    0x39, 0x75, 0x0B, 0x44, 0xF1, 0x88, 0x4C, 0x88, 0xAC, 0xFC, 0xB1, 0x35, 0x43, 0xCE, 0xD3, 0x56,
    0x17, 0xA0, 0xD5, 0x2D, 0x59, 0xBE, 0xD0, 0xD5, 0x82, 0xD0, 0xCA, 0x6E, 0x4F, 0x5B, 0x77, 0x78,
    0xDA, 0xE9, 0x65, 0x89, 0x3A, 0x71, 0x99, 0x28, 0x1E, 0xE5, 0xC1, 0xB4, 0xDD, 0x74, 0xB3, 0xBC,
    0xED, 0x03, 0xDE, 0x97, 0xCF, 0x14, 0x1A, 0xCE, 0x40, 0x7E, 0x54, 0x56, 0xA8, 0x4F, 0x7B, 0xAF,
    0x24, 0x1B, 0x44, 0x4C, 0xC4, 0xD1, 0x1E, 0x8E, 0x42, 0xBC, 0xCD, 0x94, 0x16, 0x61, 0xCA, 0xAD,
    0x5D, 0x68, 0x0E, 0xD8, 0xBA, 0x99, 0x28, 0x89, 0x67, 0xFD, 0x58, 0x69, 0xF3, 0x9F, 0xB8, 0xD4,
    0x2C, 0xED, 0x8C, 0x1B, 0x42, 0x33, 0x56, 0x27, 0x46, 0x5F, 0x06, 0xA5, 0x00, 0x67, 0xDE, 0x97,
    0xCC, 0x78, 0xE2, 0x43, 0xA1, 0x7C, 0x51, 0xCD, 0x7C, 0x28, 0x58, 0xF9, 0x4D, 0x68, 0x53, 0x35,
    0x17, 0x67, 0x56, 0x4B, 0xF4, 0xED, 0xDC, 0xAD, 0xDD, 0x74, 0xAA, 0x4F, 0x0E, 0x91, 0xE4, 0x52,
    0x25, 0x4B, 0x3C, 0xE8, 0x27, 0x5D, 0x38, 0xFE, 0x4D, 0x9E, 0x15, 0x6C, 0x30, 0xC9, 0xAC, 0xC4,
    0x1B, 0x91, 0x29, 0x47, 0xC7, 0x89, 0xE7, 0x6A, 0x83, 0xFC, 0x46, 0x02, 0x0C, 0xE7, 0xFB, 0x2D,
    0xA2, 0x5C, 0x03, 0x70, 0x65, 0x4A, 0x0C, 0x06, 0x49, 0xAA, 0x65, 0x46, 0x65, 0xB5, 0x50, 0xFF,
    0x78, 0x56, 0xB4, 0x9F, 0x2C, 0x86, 0x1F, 0xAC, 0x8A, 0xBE, 0xDC, 0x14, 0xAE, 0xD8, 0x15, 0xCF,
    0x10, 0xC5, 0x96, 0xA7, 0xB6, 0x95, 0x21, 0x40, 0xB5, 0xE0, 0x92, 0xDD, 0x76, 0x3F, 0x66, 0x9F,
    0x35, 0x50, 0x27, 0xCC, 0xD0, 0xFD, 0xC7, 0x8F, 0x3E, 0x5E, 0x2C, 0xC0, 0xD6, 0x4F, 0xF3, 0x38,
    0xF3, 0x1C, 0xCA, 0x03, 0x72, 0xF4, 0xAD, 0x7A, 0xF1, 0xF5, 0xEE, 0x29, 0xE5, 0x9F, 0x07, 0x33,
    0x6D, 0xCF, 0x33, 0xF9, 0x7E, 0xEF, 0x63, 0x8D, 0x9D, 0xDD, 0x89, 0xE9, 0x44, 0x21, 0x0C, 0x0B,
    0x88, 0x05, 0x59, 0xA8, 0xEE, 0xEA, 0xAA, 0x5A, 0xCF, 0xE4, 0x49, 0xC6, 0x26, 0x07, 0xD3, 0xC5,
    0x74, 0xB7, 0xA3, 0xA2, 0x8A, 0x04, 0xD5, 0x21, 0xA9, 0xBA, 0x3B, 0x3A, 0xE8, 0x51, 0xED, 0x0E,
    0x42, 0x23, 0x66, 0xEB, 0x96, 0xDB, 0xA0, 0xFA, 0x02, 0x9B, 0x44, 0xFE, 0x16, 0xEA, 0xF3, 0x92,
    0x44, 0x0E, 0x90, 0xEB, 0xE2, 0xB0, 0xB1, 0x61, 0xA7, 0x99, 0xD5, 0xAB, 0x76, 0x84, 0x0F, 0xE9,
    0x13, 0xBC, 0x9D, 0xE7, 0x14, 0x06, 0xAF, 0x1A, 0x55, 0x90, 0x57, 0x6B, 0x2E, 0x99, 0xCF, 0x4A,
    0xAA, 0x6E, 0x52, 0xED, 0x57, 0xD5, 0x56, 0x3C, 0x85, 0x6F, 0xE4, 0xF8, 0x51, 0xF4, 0x65, 0x7E,
    0x9D, 0x1C, 0xAC, 0x0D, 0xB5, 0xB9, 0xCF, 0x83, 0x77, 0xE1, 0xCD, 0x28, 0xF6, 0x92, 0x98, 0x6F,
    0xDE, 0xE5, 0x52, 0x08, 0x57, 0x32, 0x29, 0xCE, 0x46, 0xD2, 0x6C, 0x86, 0xF2, 0x30, 0x20, 0x19,
    0xD1, 0x1B, 0xCC, 0x05, 0xB5, 0xE4, 0xFF, 0x46, 0xB8, 0x3C, 0x21, 0x5E, 0x56, 0x56, 0xEE, 0x86,
    0x7A, 0x35, 0xF4, 0xB3, 0xE2, 0xBE, 0x24, 0x33, 0xF5, 0x20, 0xBB, 0x6A, 0xF8, 0x09, 0x06, 0x91,
    0xB3, 0xBE, 0x65, 0x8A, 0x80, 0x33, 0xED, 0x4D, 0x3B, 0xD3, 0x5F, 0x7B, 0x85, 0x75, 0x22, 0xF3,
    0x85, 0x4E, 0xAF, 0xB4, 0xBA, 0x34, 0xAD, 0x93, 0x6A, 0x63, 0xDA, 0x9A, 0x76, 0xE9, 0xFE, 0xCB,
    0x57, 0x76, 0xFF, 0xB2, 0x55, 0x9B, 0xC9, 0x9B, 0x2A, 0x08, 0x98, 0x3C, 0x55, 0xF9, 0x40, 0xE5,
    0xF7, 0x5F, 0xB1, 0x70, 0x11, 0x19, 0x6F, 0x25, 0x7B, 0xF6, 0x73, 0x48, 0xA9, 0x9D, 0xCC, 0x89,
    0xC0, 0xA0, 0x02, 0x57, 0xDA, 0xF9, 0x4A, 0xAB, 0xA2, 0xB3, 0xDA, 0xE2, 0x67, 0xF4, 0xA3, 0x46,
    0xAF, 0x1D, 0xD5, 0xE1, 0x36, 0xB5, 0x13, 0x34, 0x3A, 0xE5, 0x52, 0x87, 0x9F, 0xB3, 0xD7, 0x39,
    0xD9, 0x6E, 0xF5, 0x1B, 0xB2, 0x44, 0x8F, 0xAE, 0x3B, 0x82, 0xAA, 0x4B, 0xAA, 0xFD, 0xAC, 0xDA,
    0xAE, 0xAA, 0xB5, 0xCD, 0x96, 0xA5, 0xFC, 0xCF, 0x7B, 0x71, 0x66, 0x30, 0x9B, 0x6B, 0x91, 0xC3,
    0xE7, 0x05, 0xE2, 0x20, 0x1B, 0xAD, 0x48, 0x3A, 0x33, 0xBC, 0x25, 0x81, 0x7B, 0xA7, 0x36, 0x9E,
    0xFB, 0xCA, 0x57, 0xA0, 0xA6, 0xBB, 0xCC, 0xC7, 0xBF, 0x3A, 0xEF, 0xAB, 0xD1, 0xF1, 0x27, 0xB8,
    0xCB, 0xF6, 0x1B, 0xF7, 0x53, 0xF6, 0x2D, 0xB9, 0x46, 0xF8, 0x65, 0xBF, 0x5A, 0xB9, 0xD3, 0x7A,
    0xF6, 0x42, 0x64, 0x3D, 0x6D, 0x0B, 0xEF, 0x1F, 0x9E, 0x6A, 0xE3, 0xEB, 0xD9, 0x56, 0xA8, 0x17,
    0x68, 0x2C, 0x68, 0xE0, 0x46, 0x90, 0x40, 0x23, 0x79, 0xF6, 0xEF, 0xAF, 0x61, 0x90, 0x43, 0xD7,
    0x4B, 0xB9, 0x45, 0x49, 0xEF, 0xAE, 0xDB, 0x41, 0xA0, 0x9F, 0x0C, 0x12, 0x14, 0xD5, 0x8E, 0xA2,
    0x5D, 0x0C, 0x43, 0x52, 0x14, 0x82, 0xA2, 0xDE, 0x0C, 0xFD, 0x64, 0x88, 0xC1, 0x20, 0x64, 0x24,
    0x83, 0x9B, 0x0D, 0xDD, 0x6A, 0xA8, 0x0F, 0x43, 0x21, 0x41, 0x41, 0x9C, 0x0C, 0xFD, 0x66, 0x68,
    0xC4, 0x50, 0x9E, 0xE3, 0x19, 0x17, 0x0B, 0x47, 0x27, 0x38, 0xD9, 0xA9, 0x65, 0x1A, 0x4E, 0x40,
    0xA6, 0x9B, 0xA5, 0x93, 0x1C, 0x80, 0xED, 0x43, 0x9B, 0x0E, 0x08, 0x5F, 0xA3, 0x56, 0xE1, 0xEE,
    0xE0, 0xA0, 0xDA, 0x87, 0xBB, 0x43, 0x44, 0x25, 0x02, 0xC5, 0x4D, 0xA6, 0x94, 0x03, 0x1E, 0x8B,
    0xA7, 0xCA, 0x73, 0x62, 0xA0, 0x96, 0xA4, 0x99, 0x44, 0xF3, 0x53, 0xCD, 0x7C, 0x9A, 0x6C, 0xA3,
    0xFD, 0x68, 0xA2, 0xFB, 0x43, 0xCB, 0xCC, 0xF4, 0x5D, 0x82, 0xEE, 0xCF, 0x67, 0x1E, 0xB6, 0x9A,
    0x79, 0x67, 0xE1, 0xC3, 0x76, 0x84, 0xFE, 0x9D, 0x8D, 0xCD, 0x32, 0xDF, 0xD9, 0x58, 0x2D, 0xC3,
    0x5E, 0x2C, 0xED, 0x04, 0x8E, 0xA3, 0x9A, 0x73, 0x66, 0xA8, 0xA6, 0xC6, 0x32, 0xEE, 0xBB, 0xA9,
    0x99, 0x35, 0xD3, 0x7F, 0x74, 0xCE, 0x74, 0x9F, 0xFA, 0x7A, 0x86, 0x81, 0x56, 0xD0, 0xCC, 0x13,
    0x9A, 0x9B, 0x4C, 0xBD, 0x53, 0xCD, 0xF0, 0xFC, 0xFC, 0x73, 0x09, 0xCF, 0x28, 0x56, 0xCD, 0x94,
    0xC7, 0x23, 0xEC, 0xCD, 0xD3, 0xC9, 0x06, 0xDA, 0x65, 0x2C, 0x53, 0x5A, 0xDF, 0x81, 0xC6, 0xEE,
    0x3B, 0xD0, 0x8A, 0xD8, 0xEA, 0xB2, 0xF8, 0x58, 0x1F, 0xF4, 0xD9, 0x6C, 0x42, 0xD6, 0x33, 0xF7,
    0xCC, 0x5D, 0x32, 0xB7, 0x98, 0x32, 0xDD, 0x98, 0xD9, 0xCE, 0x99, 0xCD, 0x96, 0x59, 0x1D, 0x99,
    0x88, 0xCF, 0x1C, 0x52, 0x66, 0x3F, 0x65, 0xB6, 0x4B, 0x66, 0xBD, 0x65, 0x96, 0x92, 0x89, 0x7C,
    0x94, 0x39, 0xFC, 0x53, 0x66, 0x2F, 0x99, 0xED, 0x99, 0xD5, 0x89, 0xF7, 0x8F, 0x6B, 0x8A, 0x13,
    0x07, 0x59, 0xE1, 0xC4, 0xA8, 0x74, 0x09, 0x4B, 0x6F, 0xE4, 0x89, 0xFD, 0x9A, 0x9B, 0x99, 0x1D,
    0x27, 0x92, 0x17, 0xD3, 0x85, 0xCC, 0xF6, 0x40, 0xF4, 0x2B, 0xED, 0x62, 0xD3, 0x66, 0x37, 0x41,
    0x75, 0xE4, 0x73, 0x05, 0x17, 0x14, 0x7E, 0xF0, 0x36, 0x0B, 0x46, 0x0C, 0xA2, 0x70, 0xE9, 0x15,
    0x08, 0x62, 0x27, 0xF8, 0x18, 0x80, 0xC8, 0x70, 0xAE, 0x6C, 0x84, 0x62, 0xB7, 0xB9, 0xB2, 0xDA,
    0xF2, 0xAA, 0x76, 0xA1, 0x16, 0xCF, 0x30, 0x51, 0xC8, 0x8B, 0xEF, 0x4B, 0x9E, 0xD8, 0xF7, 0xDC,
    0xCE, 0x91, 0xF3, 0x94, 0xCF, 0x5B, 0x51, 0x5E, 0x30, 0x88, 0xC5, 0x49, 0x64, 0x41, 0xE8, 0x36,
    0x44, 0x5B, 0x29, 0x14, 0x82, 0xC0, 0xCF, 0x88, 0x1E, 0x28, 0x77, 0x44, 0xEF, 0x47, 0x18, 0xE6,
    0x9B, 0x19, 0xEA, 0x00, 0x39, 0xAE, 0x7F, 0xD1, 0x19, 0xEA, 0xC8, 0xF6, 0x85, 0x2F, 0xB4, 0x6F,
    0xD2, 0x66, 0xD0, 0x2F, 0x34, 0x6B, 0xB6, 0x6F, 0x36, 0xFB, 0xFA, 0x04, 0x85, 0xE0, 0xD2, 0x4B,
    0xFB, 0xE2, 0x2F, 0x62, 0x1F, 0xD9, 0xEF, 0xEC, 0xE2, 0x10, 0x80, 0x73, 0x65, 0xB6, 0x7A, 0xA6,
    0xD4, 0xEE, 0x02, 0xF5, 0x4A, 0xB3, 0xA3, 0xD7, 0x2C, 0x25, 0x14, 0x31, 0x41, 0x94, 0x28, 0x58,
    0x17, 0x5E, 0xAC, 0xD5, 0x87, 0x57, 0xD4, 0x0B, 0x17, 0xCB, 0xAF, 0xBC, 0xDA, 0xCA, 0x6F, 0x0B,
    0x60, 0x96, 0xE7, 0x3F, 0x77, 0x05, 0xEF, 0x7F, 0xF6, 0x66, 0xBC, 0x5D, 0xB4, 0x8C, 0x60, 0x9E,
    0x5F, 0x8E, 0x6B, 0xD5, 0x61, 0x28, 0xC4, 0xC0, 0x5D, 0x98, 0xF9, 0x98, 0xFD, 0x86, 0x38, 0x2B,
    0x44, 0x82, 0x61, 0xC5, 0x30, 0x1B, 0xEA, 0xD5, 0x50, 0x1E, 0x06, 0xC4, 0x5F, 0x0C, 0xCA, 0xF4,
    0xB3, 0xA1, 0x3D, 0x5F, 0x56, 0x0C, 0x85, 0xE4, 0x69, 0x6D, 0x58, 0x70, 0x72, 0xD0, 0x1D, 0x0C,
    0x36, 0x9C, 0x7A, 0x00, 0xDE, 0x85, 0x46, 0x3B, 0xFA, 0x79, 0xD4, 0x12, 0xDF, 0xAE, 0x0C, 0xBE,
    0x9B, 0x70, 0xDE, 0xA5, 0x2C, 0x3D, 0x27, 0xF9, 0x56, 0x5E, 0x78, 0x76, 0xEB, 0x79, 0xD9, 0x49,
    0x65, 0xF7, 0x18, 0x35, 0xDB, 0xC9, 0x0C, 0x85, 0xEC, 0x68, 0x16, 0xD4, 0xDB, 0x37, 0x20, 0xA6,
    0xA7, 0xE0, 0xD2, 0xA6, 0xB2, 0x9F, 0x63, 0x14, 0xBD, 0x84, 0x42, 0x90, 0x17, 0x8F, 0x37, 0xCC,
    0xA5, 0x2B, 0x11, 0x0F, 0x0F, 0x1E, 0x81, 0x68, 0x5A, 0x2F, 0x75, 0xC3, 0xA5, 0x6A, 0xC9, 0xBA,
    0x9E, 0xB4, 0x5C, 0x16, 0xD5, 0xF9, 0xB7, 0x4F, 0x5A, 0x04, 0x4E, 0x0A, 0x5F, 0x8B, 0x16, 0x51,
    0xA3, 0xD9, 0x8B, 0x24, 0x70, 0xAA, 0xE7, 0x55, 0x80, 0x3F, 0x13, 0x5D, 0xCD, 0xDC, 0xBF, 0x5C,
    0xCD, 0xFC, 0xCA, 0xE8, 0x61, 0x08, 0x10, 0x75, 0xF3, 0x17, 0xC7, 0x16, 0xEA, 0xDD, 0x22, 0xF5,
    0xC3, 0xB8, 0x82, 0x45, 0x76, 0x82, 0xDB, 0x87, 0xD3, 0x7E, 0xDF, 0xCF, 0x1D, 0xD9, 0xC9, 0x36,
    0xC8, 0xAE, 0xB8, 0x12, 0x1D, 0x12, 0xC3, 0x6D, 0x37, 0xF5, 0xB0, 0x43, 0x4C, 0x94, 0x16, 0x43,
    0xAA, 0x15, 0xDC, 0x68, 0x13, 0x43, 0x37, 0xDD, 0x2C, 0x2B, 0x6C, 0x99, 0xB9, 0xE4, 0xB7, 0xF1,
    0x95, 0x3E, 0xD9, 0x48, 0xE5, 0xF2, 0xCF, 0x98, 0x03, 0xC0, 0xC1, 0x73, 0x85, 0xB0, 0x2B, 0x86,
    0x62, 0x53, 0xB8, 0x3F, 0x5B, 0x15, 0xFD, 0x3F, 0xCC, 0x8A, 0xEE, 0x13, 0x43, 0xFB, 0x9F, 0xA3,
    0xA2, 0xB9, 0x79, 0x1B, 0x0D, 0x19, 0x5E, 0x51, 0x0A, 0x96, 0x0E, 0x2C, 0x24, 0xC0, 0x39, 0x20,
    0x07, 0xE5, 0xA2, 0x59, 0x1A, 0x99, 0xAC, 0x85, 0x8F, 0x17, 0x90, 0xFC, 0xA2, 0xD9, 0xA7, 0xBC,
    0xE2, 0xD9, 0xB3, 0x31, 0x43, 0xA2, 0x3D, 0xC0, 0xE5, 0xAE, 0xD3, 0x0A, 0x0C, 0xD8, 0x1D, 0xF5,
    0x02, 0x11, 0xE8, 0x27, 0x5C, 0xF4, 0x1C, 0xD8, 0x9D, 0x39, 0x97, 0xD8, 0x73, 0xF6, 0x49, 0x9F,
    0xAC, 0xDD, 0xCD, 0xC2, 0xB3, 0x6E, 0x2C, 0xCD, 0xD1, 0x95, 0xAD, 0x9D, 0xAA, 0x45, 0xB3, 0x5B,
    0xB1, 0x36, 0x73, 0x35, 0x03, 0xE5, 0x56, 0x2E, 0xF5, 0xD2, 0x4C, 0x40, 0xB1, 0x57, 0x73, 0x65,
    0xF3, 0x33, 0x1C, 0xD5, 0x54, 0xDA, 0x24, 0x05, 0xB1, 0x19, 0x8B, 0xAD, 0xB3, 0xEC, 0xD0, 0x26,
    0x8E, 0xDE, 0x03, 0xB8, 0x8F, 0x02, 0xD1, 0x61, 0x9E, 0x7C, 0xEA, 0x19, 0x72, 0xB6, 0x13, 0x70,
    0x3B, 0xF9, 0x66, 0xC9, 0xA3, 0x09, 0x79, 0x00, 0xB3, 0xAC, 0xDD, 0x64, 0xBB, 0x02, 0xE6, 0xBA,
    0x85, 0xC4, 0x56, 0xAB, 0x9D, 0xAC, 0x27, 0x84, 0x4E, 0x96, 0x22, 0x2E, 0x14, 0xE2, 0xE9, 0x17,
    0x8B, 0x62, 0xBB, 0x51, 0x2F, 0xA0, 0x53, 0xEB, 0x84, 0x1E, 0xB0, 0xFE, 0x1E, 0xD3, 0x00, 0xE0,
    0xE6, 0x5D, 0xD1, 0x7E, 0xBE, 0x2A, 0x6A, 0x99, 0x2F, 0x7E, 0x1B, 0x40, 0x42, 0xFE, 0x6B, 0xBC,
    0x38, 0xD6, 0xFE, 0x38, 0x07, 0xF3, 0x07, 0x87, 0x22, 0x16, 0x02, 0x14, 0x1B, 0x31, 0x99, 0x3D,
    0x6E, 0xB2, 0x16, 0x75, 0x0B, 0x74, 0xC9, 0x46, 0x36, 0xE7, 0xF5, 0xCA, 0xA5, 0x5C, 0xEB, 0x78,
    0xD4, 0xDB, 0x9B, 0xF4, 0xEE, 0x4E, 0x88, 0x79, 0x51, 0x9C, 0x97, 0xDB, 0x27, 0x04, 0xED, 0x89,
    0x57, 0x2B, 0x88, 0xB9, 0xAF, 0x15, 0xAA, 0x63, 0x6E, 0xB4, 0xD8, 0x75, 0x33, 0x03, 0x36, 0x13,
    0x1E, 0xD9, 0xFC, 0x0D, 0x28, 0x77, 0x0B, 0x05, 0x52, 0xCF, 0x8A, 0xE1, 0x0F, 0x46, 0x85, 0xFB,
    0x34, 0x64, 0x1F, 0xB3, 0x71, 0xC7, 0xD9, 0xA9, 0x5F, 0x0E, 0x57, 0x3A, 0x11, 0xDE, 0xFC, 0x74,
    0x5C, 0x19, 0x7A, 0x39, 0xC1, 0xC4, 0x99, 0x78, 0xDA, 0xC5, 0x69, 0x0B, 0x1F, 0x82, 0x4B, 0xDF,
    0x06, 0xF1, 0xAF, 0x51, 0x1E, 0x39, 0x52, 0xD6, 0x64, 0xEB, 0x64, 0x30, 0xA4, 0xCB, 0xDF, 0x10,
    0xEB, 0x8B, 0xFF, 0x0B, 0x5C, 0xFC, 0x00, 0xFF, 0xEB, 0xB6, 0xCE, 0x68, 0x56, 0x70, 0xDD, 0x0C,
    0x83, 0x4B, 0x70, 0x44, 0x11, 0xD9, 0x55, 0xF2, 0x25, 0x01, 0x90, 0x4D, 0x36, 0x59, 0x37, 0xBE,
    0xCA, 0x27, 0xD7, 0xF1, 0x04, 0xC0, 0xA9, 0xF4, 0x01, 0xB0, 0x2E, 0xDB, 0x8C, 0x80, 0xD9, 0x6A,
    0x16, 0x9B, 0xDD, 0x98, 0x3C, 0x7F, 0x59, 0xDA, 0x5B, 0x69, 0x95, 0x97, 0xA5, 0x55, 0xCA, 0x95,
    0xBB, 0xA5, 0x9D, 0x07, 0xBA, 0x74, 0x7B, 0x81, 0xE9, 0x6E, 0xE9, 0xF3, 0x68, 0xC1, 0xFF, 0x02,
    0xBD, 0x96, 0x31, 0x8C, 0xDD, 0x48, 0x19, 0xC7, 0x7F, 0xB6, 0x6F, 0xD7, 0x85, 0x0B, 0x37, 0x49,
    0x43, 0x0A, 0x53, 0x22, 0x51, 0xB8, 0x97, 0xE0, 0x66, 0x24, 0x7A, 0x91, 0x22, 0x5B, 0x51, 0xA4,
    0x17, 0xC5, 0xA3, 0x2F, 0x6E, 0xDC, 0x57, 0x29, 0xB8, 0xF4, 0x45, 0x3A, 0x90, 0xE8, 0x25, 0x36,
    0x33, 0x7D, 0xE5, 0x82, 0x1E, 0x0B, 0x5D, 0x40, 0xA2, 0x61, 0x10, 0x3E, 0xE1, 0x08, 0xDB, 0x7F,
    0xFC, 0xE9, 0xED, 0xE6, 0x91, 0xE3, 0x48, 0x42, 0x72, 0xF0, 0xDE, 0x7F, 0x7E, 0x6F, 0xD6, 0x1E,
    0xCD, 0xCC, 0xF7, 0xCD, 0x7F, 0x66, 0x36, 0xAC, 0xF6, 0xE5, 0x93, 0xBE, 0x77, 0x7D, 0x54, 0x0B,
    0xD0, 0xAC, 0x40, 0xBB, 0x01, 0xDD, 0x0E, 0xF4, 0x01, 0x70, 0xFD, 0x00, 0xB7, 0x6D, 0x82, 0xB5,
    0x1D, 0x29, 0x96, 0x7A, 0xA2, 0x9C, 0xAB, 0x4C, 0x95, 0xCB, 0x85, 0x66, 0x62, 0xA5, 0x4D, 0x6C,
    0x74, 0x89, 0x2F, 0xE8, 0x3D, 0x0E, 0x07, 0xBD, 0x7F, 0x09, 0x5D, 0x92, 0xA4, 0xF5, 0x02, 0xF8,
    0x01, 0xB7, 0x88, 0x98, 0x5C, 0x6E, 0x96, 0x62, 0xE3, 0xC7, 0x7C, 0xC6, 0xD5, 0x13, 0x28, 0xA4,
    0x81, 0x56, 0xCA, 0xB8, 0xD7, 0x61, 0x46, 0xA9, 0x59, 0x90, 0xAF, 0x56, 0x1C, 0x07, 0xB8, 0xE0,
    0x7B, 0x5A, 0x29, 0x75, 0xA0, 0x33, 0x84, 0xAF, 0xAA, 0x15, 0x79, 0x03, 0x6F, 0xE0, 0xDB, 0x95,
    0xF8, 0x2A, 0xEA, 0x85, 0xD3, 0xA2, 0xB9, 0xD1, 0x18, 0x47, 0x9E, 0xF0, 0x90, 0xEB, 0x08, 0xE0,
    0x64, 0x0C, 0x46, 0xAE, 0x8C, 0xF0, 0x3E, 0xDE, 0x18, 0x1B, 0xCD, 0xA0, 0xA8, 0x0D, 0xB4, 0xFF,
    0x4C, 0x1E, 0x8D, 0x28, 0x21, 0x8F, 0x1B, 0x11, 0xF4, 0x93, 0xB1, 0xCB, 0xC6, 0xF6, 0x3F, 0xF1,
    0xDC, 0x66, 0x34, 0xBA, 0x64, 0x0C, 0x03, 0xA2, 0x10, 0xE8, 0xD5, 0x69, 0xA5, 0x90, 0x94, 0x21,
    0x4A, 0x1E, 0xB8, 0x79, 0x8C, 0x11, 0x3A, 0x4D, 0x48, 0x6B, 0xBD, 0x9F, 0xD4, 0xE6, 0x52, 0x7D,
    0x42, 0x6E, 0x60, 0x0D, 0x40, 0x04, 0xF4, 0xCD, 0xE2, 0x21, 0x26, 0x08, 0x23, 0xB8, 0x05, 0x5A,
    0x7D, 0xF9, 0x9B, 0x5A, 0x12, 0x51, 0x0B, 0x85, 0x05, 0xC3, 0xCF, 0x33, 0x50, 0xC9, 0x58, 0x1B,
    0xE1, 0xA9, 0x91, 0xF6, 0x5D, 0xBC, 0xF9, 0xE9, 0xC1, 0x5E, 0xCA, 0x14, 0x32, 0xD6, 0x7A, 0x7E,
    0xB0, 0x9D, 0xED, 0x6D, 0x3F, 0x1A, 0xDD, 0x60, 0x0C, 0xDE, 0x18, 0x31, 0xEA, 0x9D, 0x8C, 0xE7,
    0xF6, 0xC9, 0xE8, 0x32, 0x21, 0xD3, 0x1D, 0xA9, 0xFD, 0x9A, 0x5A, 0xFA, 0x93, 0xC6, 0x42, 0xFA,
    0x89, 0x46, 0xAE, 0x1E, 0x17, 0x4F, 0x38, 0xCF, 0xBB, 0xD7, 0x74, 0x5E, 0xFC, 0xE6, 0x68, 0x46,
    0x37, 0x21, 0xEF, 0x12, 0x61, 0x70, 0x1E, 0x97, 0x22, 0x07, 0x24, 0xE9, 0x82, 0x41, 0x00, 0x67,
    0x78, 0xB0, 0xF1, 0xCE, 0x69, 0xC1, 0xCD, 0x60, 0x89, 0x39, 0x79, 0xCB, 0x0C, 0x96, 0x9A, 0xBB,
    0x31, 0xE8, 0x5F, 0x63, 0x83, 0x24, 0x1A, 0x69, 0xA4, 0xCB, 0xDD, 0x88, 0x4B, 0xD5, 0x60, 0x61,
    0x41, 0x04, 0xD0, 0x5B, 0x78, 0x24, 0xCD, 0xC4, 0x3B, 0x64, 0x10, 0x7C, 0x12, 0x0A, 0xFD, 0x12,
    0x7A, 0x09, 0x82, 0x81, 0x23, 0xFA, 0x1B, 0x88, 0xFA, 0x8B, 0x7C, 0x25, 0x49, 0xBE, 0x3D, 0x82,
    0x3F, 0x61, 0x4E, 0x2B, 0xE8, 0x93, 0x25, 0xDD, 0xA5, 0x6F, 0xAA, 0x9B, 0xCC, 0x5A, 0xCD, 0x52,
    0xCA, 0x5B, 0x30, 0x3B, 0x14, 0xD2, 0x0C, 0xCD, 0x1F, 0x77, 0x0F, 0x5D, 0x02, 0xE8, 0x8D, 0xB8,
    0xC9, 0xD8, 0x4B, 0xFB, 0x40, 0x23, 0x69, 0xC1, 0x32, 0xB2, 0x99, 0x4B, 0x4B, 0x61, 0x41, 0x8B,
    0x08, 0xEC, 0x08, 0xCA, 0x0D, 0x79, 0xEA, 0x95, 0x38, 0x12, 0x32, 0x4E, 0x52, 0xA2, 0xB5, 0xE6,
    0x14, 0x71, 0x1F, 0xF8, 0xF8, 0x3D, 0xF6, 0xD0, 0xBF, 0xD9, 0x63, 0x41, 0xFB, 0x79, 0x8F, 0x81,
    0x26, 0x34, 0x20, 0x4F, 0x38, 0x08, 0x2E, 0x7D, 0x0A, 0x0B, 0x3D, 0x23, 0x7C, 0xD5, 0x6B, 0xA9,
    0x24, 0xA7, 0xB9, 0x96, 0xD8, 0xA8, 0x74, 0xA7, 0x62, 0xE5, 0xAD, 0xCF, 0x43, 0x7A, 0x11, 0xC5,
    0x23, 0xC1, 0x07, 0xC9, 0x16, 0xCE, 0x69, 0x0B, 0xDA, 0x68, 0x47, 0x5C, 0xBE, 0x53, 0x97, 0xDE,
    0xEA, 0xB6, 0x78, 0x5C, 0x2A, 0x37, 0xCA, 0x45, 0xCC, 0xB4, 0x1F, 0xA1, 0x09, 0xF3, 0x63, 0x22,
    0xA6, 0x52, 0xF4, 0x1B, 0xB2, 0xFD, 0xF6, 0x2D, 0x69, 0x2F, 0x8C, 0xF0, 0x61, 0x94, 0xC6, 0x37,
    0x6C, 0x5F, 0x83, 0x70, 0xA3, 0x51, 0x80, 0xAA, 0xC5, 0xD8, 0x4D, 0xC6, 0xE8, 0x8D, 0x32, 0xCA,
    0x25, 0x63, 0x97, 0x8D, 0xCD, 0x62, 0xAC, 0x76, 0x23, 0x1A, 0x8C, 0x2E, 0x1B, 0xBB, 0x95, 0x42,
    0xBE, 0x96, 0xEF, 0x35, 0x17, 0x9A, 0x9C, 0x66, 0x42, 0x06, 0xB8, 0xF2, 0xD7, 0x11, 0x27, 0x82,
    0xE0, 0x53, 0x75, 0x49, 0x7E, 0xD4, 0xC6, 0x03, 0x6E, 0x30, 0x3B, 0x3D, 0xDA, 0x1A, 0x4D, 0xE6,
    0xA8, 0xB8, 0x05, 0x2D, 0xB6, 0x2C, 0x27, 0xED, 0xA7, 0xFD, 0xEC, 0xAB, 0xB1, 0xD2, 0x84, 0xFC,
    0xA1, 0xE2, 0xDE, 0x5D, 0x26, 0x97, 0xFE, 0x67, 0x15, 0xB3, 0xDF, 0xBD, 0x03, 0xE7, 0x56, 0x6B,
    0x2D, 0x39, 0xAB, 0x2C, 0x8D, 0x64, 0x73, 0xB6, 0x09, 0xDF, 0xCF, 0x76, 0xE7, 0xF4, 0xFF, 0xF1,
    0x3F, 0xE7, 0x53, 0x75, 0xA1, 0x90, 0x44, 0x7D, 0x8C, 0x99, 0xEC, 0x40, 0x9E, 0xFA, 0x44, 0x97,
    0xED, 0x34, 0x5F, 0x22, 0xD4, 0xAB, 0xA0, 0xFA, 0x36, 0x2C, 0xF2, 0x54, 0x73, 0x4C, 0x34, 0xD9,
    0x8D, 0xB4, 0x53, 0x3F, 0xE3, 0x52, 0xAB, 0xE7, 0xF2, 0x95, 0xB4, 0x41, 0xD4, 0x64, 0xE7, 0x17,
    0x58, 0x80, 0xDC, 0x05, 0x18, 0x6C, 0x95, 0xE8, 0xDF, 0x75, 0x89, 0x4E, 0x1F, 0x7D, 0x89, 0x3E,
    0xDD, 0x40, 0x52, 0xC6, 0x38, 0x80, 0xAE, 0x1E, 0xBF, 0xCF, 0xFF, 0xA5, 0x5E, 0x00, 0x4E, 0x3B,
    0x10, 0x8C, 0x60, 0xAB, 0x01, 0x9D, 0xF4, 0x0C, 0xBE, 0xEB, 0xAB, 0xAE, 0xB7, 0x53, 0x81, 0x78,
    0xBE, 0xEA, 0xAC, 0x67, 0xFD, 0x3E, 0x53, 0x68, 0x6F, 0x33, 0x5C, 0x3D, 0x36, 0xC2, 0xBB, 0x79,
    0x7A, 0x6D, 0x55, 0xC9, 0xDF, 0xF1, 0x01, 0x4F, 0x9A, 0xAD, 0xDE, 0xC3, 0xD6, 0xC9, 0xCC, 0x73,
    0xBD, 0xEF, 0xB7, 0x28, 0x7F, 0x86, 0x12, 0x88, 0x0F, 0x2A, 0x76, 0xE7, 0x04, 0xC9, 0x47, 0xC9,
    0x73, 0xA4, 0xAC, 0x90, 0x7C, 0x23, 0xA5, 0xEE, 0x55, 0x4C, 0xCE, 0xB7, 0xC9, 0x51, 0x59, 0xF1,
    0x6E, 0x84, 0x6E, 0x83, 0x46, 0x13, 0x85, 0x36, 0xE8, 0x35, 0x50, 0x68, 0xFC, 0x3E, 0x7D, 0xB6,
    0xE4, 0x2C, 0x47, 0xD9, 0xE8, 0x27, 0x3D, 0x57, 0x92, 0xE4, 0x83, 0x59, 0xCB, 0x92, 0x79, 0x05,
    0xB8, 0x7F, 0xFF, 0x7F, 0xC5, 0xEE, 0xCE, 0x78, 0x2E, 0x19, 0xC1, 0x7F, 0x57, 0x3C, 0xC4, 0x57,
    0xBF, 0x26, 0x68, 0xA5, 0xB7, 0x09, 0xD9, 0xBE, 0x87, 0x2B, 0x4F, 0x2F, 0x1A, 0x25, 0x82, 0x68,
    0x95, 0xF8, 0xA1, 0xB8, 0xBE, 0xCB, 0x85, 0xFB, 0x2E, 0x7F, 0x62, 0x82, 0x38, 0x94, 0x4A, 0x10,
    0xBE, 0x3E, 0xE9, 0x77, 0xD0, 0x4B, 0x4F, 0x95, 0x68, 0xB4, 0xB4, 0x4A, 0xE6, 0xA2, 0xEB, 0x2F,
    0x71, 0xCA, 0xAD, 0x66, 0x67, 0x47, 0x51, 0xAE, 0x37, 0x33, 0x6B, 0x65, 0xA4, 0xD8, 0xE1, 0x90,
    0x28, 0x56, 0x08, 0xBE, 0x5C, 0xAC, 0xDF, 0x2A, 0x43, 0x9F, 0x9A, 0x83, 0xED, 0xD4, 0x8E, 0x07,
    0x73, 0x97, 0xA0, 0xCE, 0xBD, 0x87, 0x6A, 0x71, 0x40, 0xB1, 0xBE, 0x04, 0xD8, 0x56, 0x63, 0x5C,
    0x8C, 0x2E, 0x63, 0x9C, 0x8C, 0xDD, 0x08, 0x51, 0x53, 0x91, 0x91, 0x82, 0xC6, 0x2A, 0x13, 0xF7,
    0x6E, 0xA3, 0x5A, 0xA8, 0x67, 0xC3, 0x4A, 0x3D, 0x55, 0x2B, 0xED, 0x4A, 0x33, 0x96, 0x1B, 0xED,
    0x4E, 0x9B, 0xD8, 0xE9, 0x44, 0x37, 0x20, 0x5C, 0xA0, 0xF7, 0x04, 0xFF, 0xB9, 0x1B, 0x1C, 0xB8,
    0xE1, 0xB6, 0x4F, 0x5F, 0x40, 0x9F, 0xD6, 0x2E, 0xFD, 0x16, 0xBA, 0xB4, 0xB4, 0xD3, 0x0A, 0xED,
    0x1F, 0x72, 0x93, 0x17, 0x68, 0xFE, 0x96, 0xAB, 0xBF, 0x66, 0xA8, 0xFE, 0x3E, 0x56, 0xFF, 0xB0,
    0x5F, 0xA5, 0x42, 0x23, 0x14, 0x1A, 0x50, 0x02, 0xE4, 0x89, 0x09, 0x88, 0x16, 0x21, 0x9D, 0xA5,
    0x25, 0x77, 0x76, 0xE8, 0x4D, 0xD7, 0xF2, 0xEC, 0x10, 0x92, 0xC5, 0xDD, 0x4F, 0x75, 0x86, 0x66,
    0x6E, 0x13, 0x94, 0xAB, 0x03, 0xD0, 0xAD, 0xD1, 0xCD, 0x17, 0xD7, 0xF7, 0xAB, 0xF1, 0xE5, 0x0E,
    0x94, 0x4B, 0xF0, 0x58, 0x56, 0xCC, 0x8D, 0xC9, 0x5E, 0x3B, 0x5F, 0xAD, 0x14, 0xA2, 0xDC, 0x7D,
    0x6F, 0x43, 0x64, 0x77, 0xAF, 0x56, 0xEB, 0xC1, 0x46, 0x4B, 0xB3, 0x7B, 0xC2, 0x68, 0xB9, 0x0F,
    0xDE, 0x72, 0x1F, 0x41, 0x60, 0x15, 0x5F, 0xAC, 0x16, 0x6B, 0xB5, 0x58, 0xA4, 0x75, 0xB6, 0x24,
    0x36, 0xD3, 0xFD, 0x0A, 0xD4, 0xB6, 0x02, 0x54, 0xB3, 0xF3, 0x36, 0xB7, 0x00, 0xB0, 0xDE, 0x1A,
    0xF7, 0xD5, 0x18, 0x2E, 0x2B, 0x40, 0x3F, 0x19, 0xAD, 0xB9, 0x75, 0x67, 0x0C, 0x06, 0x76, 0x43,
    0xBD, 0x1A, 0x4F, 0x33, 0x10, 0x34, 0x61, 0xF4, 0x40, 0xBF, 0x60, 0x94, 0x84, 0xC1, 0xBB, 0x03,
    0x38, 0xCA, 0x95, 0xCF, 0x69, 0x66, 0x7E, 0x44, 0x37, 0xF1, 0xE0, 0xDC, 0x9B, 0xC0, 0x9E, 0x63,
    0xCF, 0xCF, 0x0B, 0x7D, 0xFF, 0xBC, 0xB4, 0xE8, 0x6B, 0xB3, 0x4D, 0x9B, 0xBA, 0x91, 0x2E, 0x85,
    0x3F, 0xFF, 0x4A, 0x43, 0x78, 0xD3, 0x1F, 0x8F, 0x26, 0x94, 0x2B, 0xE5, 0x7A, 0x3D, 0x9F, 0x61,
    0x17, 0x35, 0x87, 0x66, 0xEA, 0x85, 0xEA, 0xD0, 0x6A, 0xAA, 0x17, 0x6B, 0x13, 0x47, 0xE4, 0x8D,
    0xDD, 0xF9, 0xED, 0x8A, 0x69, 0xB1, 0x7A, 0x33, 0x63, 0x23, 0xFD, 0xAB, 0x66, 0x0B, 0xAF, 0xD2,
    0xCC, 0xA1, 0x2E, 0xAF, 0xEF, 0xFB, 0xBC, 0x08, 0x03, 0x5A, 0xD0, 0xCE, 0xDD, 0xE5, 0xEB, 0xD2,
    0xBD, 0x06, 0xC2, 0x21, 0x4F, 0xF4, 0x88, 0x8B, 0xCE, 0xE7, 0x66, 0xBD, 0xD0, 0xCD, 0x56, 0x17,
    0x17, 0x45, 0x88, 0xE7, 0x4E, 0x2E, 0xFD, 0xD8, 0x9F, 0x16, 0x3B, 0x61, 0xC1, 0x3D, 0xA3, 0x5C,
    0x28, 0xE9, 0x34, 0x34, 0x29, 0x68, 0xEE, 0xD2, 0xDE, 0x48, 0x7E, 0x21, 0xEE, 0xFC, 0x82, 0x47,
    0x33, 0xFF, 0x04, 0xDD, 0x98, 0x01, 0xA4, 0x25, 0x59, 0x7A, 0xC7, 0x7F, 0x55, 0xB5, 0xFD, 0x2A,
    0x9B, 0x22, 0xB5, 0x98, 0x59, 0x63, 0x46, 0xB6, 0x60, 0x90, 0x60, 0xB7, 0x00, 0x16, 0x2F, 0x73,
    0x2A, 0x81, 0x00, 0xD2, 0xD8, 0x21, 0x0C, 0x2C, 0x00, 0x89, 0x3C, 0x18, 0x0C, 0xBA, 0xBB, 0x8A,
    0x05, 0x04, 0xFB, 0x10, 0x0B, 0x20, 0x18, 0xD0, 0x41, 0x82, 0x45, 0x63, 0x7A, 0xEA, 0xC4, 0x60,
    0x00, 0x53, 0x92, 0x08, 0x04, 0x53, 0xB1, 0x0D, 0xBB, 0x11, 0x7D, 0x22, 0xB5, 0x52, 0xBD, 0x73,
    0xAA, 0xFE, 0xE9, 0x3A, 0x1F, 0xD7, 0x7D, 0xE9, 0xEE, 0x9E, 0x36, 0x76, 0x13, 0x99, 0xAF, 0x6E,
    0xFD, 0xFF, 0xDF, 0xAD, 0x5B, 0xB7, 0xEE, 0xF9, 0xFF, 0xBF, 0xEF, 0x78, 0x9F, 0xF7, 0x3A, 0xE3,
    0x20, 0x2F, 0x3F, 0x0E, 0xAF, 0x03, 0x90, 0xE1, 0x3A, 0x37, 0x3C, 0x3D, 0xFC, 0x8B, 0x8E, 0xFE,
    0xE9, 0x31, 0x76, 0x1F, 0x03, 0x6F, 0x00, 0x5C, 0xBE, 0x14, 0xEE, 0x76, 0xD0, 0x6A, 0x03, 0x49,
    0x5D, 0xF1, 0xE4, 0x97, 0xF2, 0xF5, 0x1C, 0x9C, 0x6F, 0x7D, 0x68, 0x06, 0xD7, 0x85, 0xDF, 0xA1,
    0x27, 0xC0, 0x78, 0x80, 0x5E, 0x04, 0x63, 0x17, 0xA0, 0xF7, 0x01, 0xDC, 0x1C, 0xA0, 0xDD, 0xC2,
    0x5B, 0xBE, 0x96, 0xE4, 0x73, 0x49, 0xD0, 0xEA, 0x11, 0x10, 0x78, 0x35, 0xE8, 0x00, 0x2E, 0x74,
    0x0D, 0x4E, 0x2B, 0x48, 0x1B, 0xF9, 0x96, 0x89, 0x62, 0xA1, 0xA7, 0x0A, 0xBC, 0x43, 0x3D, 0xF1,
    0x36, 0xB5, 0x07, 0x9A, 0x03, 0xDA, 0x03, 0x9C, 0x87, 0xF6, 0x90, 0xE0, 0x24, 0x91, 0x00, 0xD7,
    0x01, 0x3D, 0x06, 0x30, 0x02, 0xEC, 0x00, 0x1B, 0x90, 0x45, 0x20, 0x5F, 0x81, 0x3F, 0xFB, 0xD5,
    0xFD, 0xFB, 0x1F, 0x49, 0x52, 0x1C, 0x0F, 0xE8, 0x25, 0x2D, 0xB7, 0xB8, 0xF5, 0xEE, 0x6D, 0x00,
    0xDE, 0x06, 0xDE, 0x78, 0xC8, 0xBB, 0xDC, 0x75, 0x7F, 0xAC, 0x7F, 0x8D, 0x95, 0xA4, 0x39, 0xD7,
    0x4F, 0x34, 0x10, 0x71, 0x5D, 0xBE, 0xD0, 0x0C, 0x45, 0xA0, 0xF6, 0x37, 0x61, 0xC8, 0x57, 0xDA,
    0x2E, 0xDB, 0x19, 0x29, 0x24, 0xF9, 0xE6, 0xB1, 0xBE, 0x58, 0xFA, 0x5C, 0xC3, 0x76, 0x09, 0x5C,
    0x7E, 0x0B, 0xF8, 0x46, 0xAF, 0x40, 0x2F, 0x7A, 0xCD, 0x07, 0x55, 0x3B, 0x54, 0x0B, 0xF9, 0x41,
    0x01, 0x44, 0x52, 0x38, 0x7A, 0x9A, 0x01, 0xDC, 0x84, 0x03, 0x9A, 0xC0, 0x3D, 0xD2, 0x6D, 0x11,
    0x28, 0x62, 0xB6, 0x00, 0xF9, 0x56, 0x04, 0x60, 0x54, 0x29, 0x0F, 0xBD, 0x7E, 0x7C, 0xD0, 0xEB,
    0xFD, 0xE7, 0xEF, 0x02, 0xD4, 0x02, 0xA0, 0xDA, 0x80, 0xE4, 0x4A, 0x67, 0x36, 0x91, 0xBE, 0xCF,
    0x97, 0xD1, 0x5B, 0xFB, 0x6D, 0xA0, 0x90, 0x16, 0xA0, 0x4C, 0x14, 0xCF, 0x03, 0x8B, 0x9B, 0xD7,
    0x2E, 0xD4, 0xD1, 0x2B, 0x64, 0xD2, 0x5A, 0x2E, 0x55, 0xAC, 0xA7, 0x7C, 0x75, 0x9E, 0xD0, 0x7B,
    0xBA, 0x71, 0x06, 0xAD, 0xB0, 0x09, 0x62, 0x3F, 0x13, 0x9B, 0x8D, 0x98, 0x6B, 0xB8, 0x47, 0x3F,
    0xBB, 0xAE, 0x5A, 0x9A, 0x39, 0x8F, 0x55, 0xE4, 0x61, 0xA6, 0xC1, 0xD1, 0x2F, 0x8E, 0x6A, 0x73,
    0x30, 0x3A, 0x68, 0x04, 0xC5, 0xFE, 0x5D, 0x8A, 0xAD, 0x27, 0x8F, 0x63, 0x57, 0x2C, 0xE3, 0xD4,
    0xCC, 0x4E, 0x1A, 0x1A, 0x6D, 0x64, 0xBA, 0xC6, 0xE1, 0x90, 0xD7, 0xE9, 0x70, 0x38, 0x4E, 0xD1,
    0x6A, 0x36, 0x21, 0x02, 0xDA, 0x47, 0x5C, 0xCD, 0xB0, 0x43, 0x1E, 0x29, 0x16, 0xA0, 0xA7, 0xF2,
    0x40, 0x3D, 0xD4, 0x5D, 0xAE, 0xB9, 0xF4, 0xDF, 0xA3, 0x51, 0xC8, 0xE7, 0x4B, 0xFA, 0x2E, 0x10,
    0xEE, 0x10, 0x09, 0x2C, 0x0F, 0xB2, 0x85, 0xBF, 0xE6, 0xC1, 0x92, 0x07, 0xE0, 0x4E, 0x48, 0xAE,
    0x5F, 0xDE, 0xA4, 0x25, 0xD1, 0x9D, 0x07, 0xA9, 0xAF, 0x1E, 0xDC, 0xC9, 0x76, 0x5E, 0x63, 0xB9,
    0x44, 0x5A, 0x09, 0xDF, 0xC3, 0x69, 0xC9, 0xE7, 0xBA, 0xBB, 0xD0, 0x50, 0xFA, 0xCA, 0x7E, 0x2F,
    0x5F, 0x80, 0x7B, 0xF0, 0xB1, 0xF5, 0x62, 0xFB, 0xCB, 0xAC, 0x9F, 0x21, 0x97, 0xF6, 0x64, 0xBF,
    0xAE, 0x39, 0xEC, 0x74, 0x9A, 0xF4, 0x5E, 0x88, 0x45, 0xF8, 0xBD, 0x22, 0xF0, 0x5E, 0x68, 0x14,
    0xEE, 0x15, 0xC7, 0xDB, 0xAD, 0x5C, 0x46, 0xA9, 0x5D, 0x22, 0x29, 0x5E, 0x7F, 0xF7, 0x4F, 0xA5,
    0x28, 0x05, 0xCA, 0x8E, 0x99, 0xB6, 0x2B, 0x03, 0x3B, 0xAD, 0x2F, 0x23, 0x23, 0x4D, 0x28, 0x36,
    0x7A, 0x5F, 0xAF, 0xA8, 0x6B, 0x02, 0xA2, 0x99, 0x8F, 0xB7, 0xCB, 0x53, 0x2E, 0x22, 0xC5, 0xCA,
    0x08, 0x1B, 0xAD, 0x3F, 0xBE, 0x36, 0x53, 0x75, 0x84, 0x5E, 0xD2, 0x68, 0xA7, 0x00, 0xF7, 0x9C,
    0xF3, 0xF7, 0x47, 0xAD, 0xE9, 0x27, 0x57, 0xF2, 0x8F, 0x07, 0xE8, 0xB5, 0x91, 0x3F, 0xA1, 0x1F,
    0xAA, 0x89, 0x72, 0x6E, 0x7E, 0xFB, 0x09, 0xCB, 0x65, 0xA3, 0xE1, 0xCE, 0x07, 0xC5, 0xA7, 0xFE,
    0x0F, 0x7E, 0x5A, 0x7C, 0xE2, 0xBF, 0x13, 0x9E, 0x66, 0x75, 0x28, 0x1E, 0xF3, 0x14, 0xFE, 0xFD,
    0x80, 0xCF, 0xA8, 0xD3, 0x07, 0x1F, 0x54, 0xFF, 0xB0, 0x7C, 0xF7, 0xB2, 0x09, 0x0F, 0x2E, 0x1B,
    0x60, 0xA9, 0x3C, 0xC5, 0x7C, 0x6C, 0xA2, 0x21, 0x3D, 0x94, 0x8B, 0xA3, 0xC2, 0xB6, 0xBD, 0xBB,
    0x5E, 0x22, 0xD3, 0x50, 0x6B, 0x71, 0x8A, 0x3D, 0x7B, 0xC4, 0x9D, 0x5E, 0x23, 0x9B, 0x53, 0x3C,
    0xAA, 0xA7, 0x8E, 0xDA, 0xF3, 0xA2, 0x53, 0x67, 0xF1, 0xA2, 0x7B, 0xCE, 0x43, 0x67, 0x41, 0x3F,
    0x53, 0x6A, 0xA3, 0xF9, 0x42, 0x38, 0xDF, 0xE3, 0x3A, 0xD7, 0x35, 0x9D, 0xB3, 0x4A, 0x12, 0x49,
    0x3D, 0xD5, 0xCC, 0xD0, 0x0F, 0xE4, 0x1B, 0xD4, 0x0B, 0xB8, 0x5F, 0xDD, 0xBF, 0x76, 0xD2, 0xE4,
    0x24, 0x9F, 0x1F, 0x4D, 0xBB, 0xF4, 0xFF, 0x16, 0xEF, 0xB2, 0xBD, 0x4D, 0x24, 0x5F, 0x69, 0xA6,
    0x0B, 0x0D, 0x85, 0x96, 0x2C, 0x8F, 0x90, 0x5E, 0x45, 0xCC, 0xAE, 0x96, 0x5E, 0x53, 0xBF, 0x73,
    0xEB, 0x36, 0x5C, 0x67, 0x6B, 0x11, 0xEB, 0xB5, 0x0D, 0x6E, 0xD8, 0x59, 0xF9, 0x16, 0xDF, 0xEE,
    0xB8, 0x35, 0xA0, 0x0E, 0xE7, 0x31, 0x14, 0x5F, 0x11, 0xFB, 0x84, 0x63, 0x7A, 0x8E, 0x3C, 0xF2,
    0x99, 0x26, 0x34, 0x17, 0x0A, 0x68, 0xBF, 0xFA, 0x7C, 0xFB, 0xE1, 0x2E, 0xFD, 0xA5, 0xC2, 0xD6,
    0x6F, 0x85, 0xFC, 0x76, 0xEB, 0x36, 0x3F, 0x60, 0x07, 0xB8, 0x81, 0x7A, 0x06, 0xED, 0xFA, 0x5F,
    0x81, 0xB5, 0xB2, 0xE6, 0x4C, 0xD2, 0x54, 0xE9, 0x70, 0x4E, 0x21, 0xE0, 0x0E, 0xE8, 0x0F, 0x18,
    0x0F, 0xD0, 0x73, 0x60, 0x3C, 0xDD, 0xD7, 0x1E, 0x50, 0x1F, 0x90, 0x1F, 0xC0, 0x9F, 0x1F, 0xC0,
    0x57, 0x85, 0xEE, 0x7F, 0xFE, 0xC5, 0x69, 0x3B, 0xF9, 0xE3, 0xB8, 0x47, 0x35, 0xBB, 0xCD, 0x29,
    0x13, 0x7B, 0x1E, 0xAB, 0xC5, 0xF9, 0x5B, 0x50, 0x92, 0x8D, 0x83, 0x53, 0xD7, 0xAA, 0xC3, 0xBD,
    0xF4, 0xD5, 0x5F, 0x37, 0xDA, 0x5A, 0x6D, 0x99, 0x06, 0x6A, 0x2D, 0xB8, 0x9F, 0x44, 0xEE, 0xB1,
    0xF3, 0x90, 0x9E, 0x88, 0x3B, 0x9D, 0x1B, 0xEF, 0x30, 0xF2, 0x10, 0xF7, 0xCF, 0x91, 0x46, 0x87,
    0xA6, 0x0E, 0x8B, 0xD7, 0x68, 0x15, 0x71, 0x5A, 0xF8, 0x80, 0x1A, 0x1C, 0xD5, 0x44, 0xE3, 0x8B,
    0x95, 0x6A, 0x61, 0x27, 0xDF, 0x70, 0x83, 0x6D, 0x60, 0xE7, 0xAB, 0xC5, 0x36, 0xB0, 0xBA, 0xD6,
    0xF6, 0x76, 0xB5, 0x64, 0xBB, 0xDD, 0xDC, 0x53, 0x4F, 0xE9, 0x01, 0xCF, 0xC4, 0xFB, 0x00, 0x15,
    0x40, 0x04, 0x32, 0x75, 0x90, 0xAD, 0x80, 0x13, 0x50, 0x04, 0xA0, 0x15, 0x50, 0x4E, 0x00, 0x0E,
    0xDB, 0x07, 0x96, 0x35, 0x1D, 0x58, 0xF6, 0x0E, 0x60, 0xD9, 0x9D, 0x53, 0xB6, 0x82, 0x65, 0x79,
    0x20, 0x1B, 0x52, 0x56, 0x1C, 0x4B, 0x4F, 0x59, 0xE5, 0x71, 0x96, 0xD5, 0x1D, 0xB2, 0xAC, 0x25,
    0xB7, 0x8C, 0x4B, 0xCA, 0xC7, 0x9E, 0x0B, 0xAD, 0xAC, 0xD4, 0x9F, 0xF9, 0xC3, 0x81, 0x2C, 0xE0,
    0x6A, 0xCF, 0x9B, 0xF7, 0x3F, 0x2C, 0x66, 0x1E, 0xDA, 0x1A, 0x4A, 0x9F, 0xAD, 0x96, 0xD5, 0x43,
    0x31, 0x5B, 0xD6, 0x52, 0x4B, 0xEA, 0x80, 0x77, 0x52, 0x36, 0x00, 0x91, 0xD2, 0xB2, 0x6C, 0xB1,
    0xF5, 0x9B, 0x30, 0xCB, 0xAA, 0xC9, 0xB2, 0x73, 0x30, 0x61, 0x00, 0x39, 0xCF, 0x8F, 0xBF, 0x7B,
    0xD6, 0xB5, 0x7C, 0x01, 0x73, 0xAD, 0x9C, 0xCD, 0xB5, 0x1B, 0x5E, 0x0D, 0x96, 0xD9, 0x69, 0x78,
    0xF7, 0x59, 0xAF, 0xB2, 0x00, 0x96, 0x15, 0x73, 0x36, 0x4E, 0x98, 0x57, 0xB5, 0x56, 0xCC, 0x2B,
    0xA7, 0x0D, 0xF3, 0x4A, 0xB9, 0x30, 0xAF, 0x22, 0x96, 0xAD, 0x29, 0xAB, 0x92, 0x57, 0xAF, 0x65,
    0xDB, 0xE1, 0x5A, 0x31, 0x43, 0x11, 0x21, 0x19, 0x4E, 0x15, 0x20, 0x19, 0x4E, 0x7B, 0xAA, 0xE6,
    0xD8, 0x61, 0x2B, 0xC9, 0x23, 0x98, 0x9C, 0x3A, 0x80, 0xC9, 0x71, 0x03, 0x40, 0x31, 0x83, 0x79,
    0x5A, 0x79, 0xCB, 0x4C, 0xCE, 0xE9, 0xAF, 0x00, 0x16, 0xDF, 0xE1, 0xCB, 0xE2, 0xFB, 0x40, 0xA6,
    0x01, 0x78, 0x08, 0xA9, 0xCF, 0x21, 0x82, 0xCD, 0x75, 0xC5, 0x02, 0xDC, 0xCB, 0x22, 0xE6, 0xDF,
    0xF7, 0x89, 0xE6, 0x9F, 0xF5, 0xA3, 0xF9, 0x57, 0x06, 0x70, 0x00, 0x5C, 0x0D, 0x98, 0x7F, 0xA5,
    0x26, 0xCC, 0xBF, 0x42, 0x81, 0x3C, 0xC0, 0x6D, 0xC8, 0x57, 0x8A, 0x99, 0xD2, 0x9E, 0x5F, 0x79,
    0x6A, 0xCB, 0xEA, 0x0E, 0x17, 0xD2, 0xA7, 0x2D, 0x8C, 0x01, 0x9A, 0x85, 0x3B, 0x64, 0xFF, 0x15,
    0xE8, 0x35, 0xB1, 0x52, 0xFC, 0xEC, 0xC8, 0xBA, 0x3C, 0x50, 0x7F, 0x12, 0x68, 0x1F, 0x51, 0xCC,
    0xB4, 0x45, 0xC0, 0xFC, 0xBB, 0x6B, 0x59, 0xD3, 0xB1, 0x58, 0xE6, 0x28, 0xCC, 0x0D, 0x1E, 0xA6,
    0x6C, 0x00, 0x56, 0x32, 0xCB, 0xF2, 0x60, 0x6D, 0x66, 0x72, 0xCE, 0x1A, 0x2E, 0x65, 0xED, 0x70,
    0xCA, 0x00, 0x8B, 0x5B, 0x46, 0x90, 0xDD, 0x86, 0x6A, 0x85, 0x3A, 0xDA, 0x59, 0xAD, 0x76, 0xED,
    0x46, 0x04, 0x60, 0x01, 0x1E, 0x58, 0xE9, 0xAE, 0x22, 0xA5, 0x22, 0xAD, 0x56, 0xFA, 0xBD, 0x63,
    0xBC, 0x86, 0x0D, 0x88, 0xD8, 0xF9, 0x11, 0xD0, 0x63, 0x15, 0x6D, 0x96, 0xB2, 0xAB, 0x24, 0x5F,
    0x48, 0x9E, 0x51, 0x03, 0xD5, 0xC6, 0x29, 0x3E, 0x30, 0x12, 0x46, 0x53, 0xA2, 0x7E, 0x4D, 0x54,
    0x09, 0x7B, 0xDB, 0x25, 0xCA, 0x78, 0x4E, 0x34, 0x46, 0xEA, 0x38, 0xD5, 0x9A, 0x42, 0x3E, 0xD1,
    0xE3, 0x09, 0xA0, 0xFA, 0xCC, 0xDA, 0xF0, 0xD3, 0x44, 0xCD, 0x8F, 0x56, 0x00, 0x67, 0x5D, 0xDA,
    0x67, 0x1B, 0xC9, 0xCE, 0x1D, 0x20, 0x22, 0x52, 0xB5, 0xC6, 0x2E, 0xB5, 0x87, 0xF3, 0x50, 0x86,
    0x44, 0xB5, 0xA4, 0xD9, 0x28, 0x40, 0xFB, 0x8B, 0xFB, 0x7F, 0xBB, 0x80, 0xEB, 0x92, 0x55, 0xBD,
    0xF5, 0xFC, 0x0E, 0xC5, 0x46, 0x16, 0x21, 0x93, 0x75, 0xB7, 0x28, 0xB7, 0x8E, 0x0B, 0xFD, 0x93,
    0x0D, 0xDA, 0x9B, 0x14, 0x18, 0x75, 0x26, 0x9E, 0x9F, 0x9E, 0xCF, 0xBA, 0x8D, 0xD1, 0xB8, 0x98,
    0x06, 0x6B, 0xC0, 0xE5, 0xC5, 0xD2, 0x79, 0xAB, 0x4B, 0x34, 0x0E, 0x89, 0x4C, 0x74, 0x66, 0x16,
    0x16, 0x9A, 0x01, 0xCA, 0x7F, 0xB1, 0x66, 0xFA, 0x64, 0x01, 0xA8, 0x7F, 0x14, 0x01, 0xDA, 0x3F,
    0x4A, 0xE4, 0x4C, 0xF4, 0x3D, 0x04, 0x10, 0x93, 0xE8, 0x2C, 0xA6, 0x8A, 0xE5, 0xA6, 0xBD, 0x08,
    0x34, 0x13, 0x54, 0x37, 0xB4, 0x37, 0x27, 0xED, 0x45, 0xC4, 0xB4, 0xDB, 0xF4, 0xB8, 0xC3, 0x06,
    0x08, 0xD3, 0xDE, 0x1D, 0xDA, 0x73, 0xD3, 0xEE, 0xB4, 0x8D, 0x66, 0x01, 0xF0, 0x1A, 0x29, 0xC4,
    0x59, 0xA9, 0x6A, 0x05, 0x80, 0xF6, 0x93, 0x08, 0x30, 0xB2, 0x63, 0x6B, 0x01, 0xB8, 0xCD, 0x37,
    0x9E, 0xA7, 0x9D, 0x57, 0xD4, 0x5E, 0xBF, 0x92, 0x76, 0x9E, 0xA3, 0xBD, 0x7D, 0x65, 0xED, 0xD9,
    0x2B, 0x6A, 0x6F, 0xA6, 0xDF, 0x05, 0x18, 0x57, 0x07, 0x20, 0xD9, 0xAF, 0xB7, 0x3B, 0xC0, 0xFB,
    0x56, 0xEA, 0x97, 0x46, 0x65, 0x6A, 0x9D, 0x37, 0xED, 0x53, 0x22, 0x53, 0x9B, 0x7F, 0x11, 0x00,
    0x8A, 0xFF, 0x5C, 0x00, 0xCA, 0x7F, 0x8C, 0x00, 0xF5, 0xDF, 0x1B, 0x0D, 0x3B, 0x40, 0xDB, 0x09,
    0xC0, 0xD9, 0x7E, 0xBA, 0x97, 0xD4, 0x12, 0x71, 0x3E, 0x69, 0x6F, 0xA6, 0xA4, 0xBD, 0x0E, 0x50,
    0x24, 0xB5, 0x49, 0xFB, 0x0A, 0xF5, 0x2F, 0xEE, 0xFF, 0x4D, 0x84, 0xC6, 0x53, 0x6C, 0xE0, 0xBA,
    0xA4, 0xB6, 0x07, 0x94, 0xB4, 0xA3, 0x8E, 0x0D, 0xE8, 0x87, 0x7C, 0xEF, 0xC8, 0xF4, 0xC8, 0x69,
    0xA1, 0x95, 0x5C, 0xD2, 0x2E, 0x88, 0x44, 0xA0, 0x50, 0xA1, 0x67, 0xC8, 0x3E, 0xFB, 0x92, 0x68,
    0x8C, 0xC6, 0xEE, 0xAC, 0xD2, 0xF9, 0x41, 0xCF, 0x54, 0xFA, 0xD3, 0xE5, 0x6C, 0x87, 0xB7, 0xB9,
    0x55, 0xFA, 0xE6, 0x0E, 0xB7, 0x4A, 0xAF, 0xF4, 0x37, 0x76, 0x78, 0xEB, 0xA1, 0x7A, 0xC1, 0x0E,
    0x2F, 0x6F, 0xEC, 0xF0, 0x7C, 0x83, 0xED, 0xC5, 0x3B, 0x7C, 0x3C, 0xED, 0xF0, 0x8F, 0x3B, 0x80,
    0xD2, 0x16, 0xD8, 0x68, 0xB1, 0xE6, 0x5B, 0x01, 0x1C, 0xF1, 0x9C, 0xFE, 0xD0, 0x96, 0x2B, 0xD3,
    0x60, 0x2D, 0x9C, 0xEF, 0x2F, 0x29, 0x7F, 0xEF, 0x13, 0xE9, 0x79, 0xE5, 0xFF, 0xD9, 0x73, 0xCA,
    0xDF, 0x58, 0xF9, 0x1D, 0xE7, 0xE5, 0x7F, 0x88, 0x95, 0x3F, 0x69, 0x4F, 0xF3, 0x3F, 0x14, 0x21,
    0x95, 0xBF, 0x34, 0x0B, 0xEA, 0x1B, 0xE5, 0x6F, 0x87, 0xA4, 0xDD, 0x59, 0xB3, 0x8F, 0x80, 0x60,
    0x4B, 0x75, 0xC9, 0x62, 0x2A, 0x7F, 0x79, 0x94, 0x7F, 0x7C, 0xD4, 0x2B, 0xD0, 0x4A, 0xA3, 0x95,
    0x1F, 0xE8, 0x25, 0xC9, 0x9F, 0x27, 0xE5, 0x29, 0x79, 0x1C, 0xB0, 0x29, 0xE8, 0xB3, 0x40, 0xE5,
    0x81, 0xF6, 0x4F, 0x02, 0xA5, 0x07, 0x5C, 0x1D, 0xC8, 0x53, 0xE5, 0xEA, 0x00, 0x40, 0x16, 0x2D,
    0xA1, 0x08, 0x96, 0x50, 0xCE, 0x96, 0x50, 0xFB, 0x3A, 0x2D, 0x95, 0x76, 0xA8, 0xA5, 0x08, 0x38,
    0xEC, 0x0A, 0x0F, 0xB1, 0x7B, 0x32, 0xD3, 0x74, 0xEA, 0xED, 0x93, 0x4A, 0xA8, 0x27, 0xEC, 0x9E,
    0xD6, 0x1F, 0x49, 0x16, 0x70, 0x1C, 0x49, 0x1E, 0xD8, 0x53, 0x52, 0x84, 0x2C, 0xA6, 0xA4, 0x0C,
    0x47, 0xB5, 0xAF, 0x24, 0xCD, 0xBD, 0x42, 0x52, 0x31, 0x8D, 0x0A, 0x95, 0xC9, 0xE1, 0x4A, 0x1F,
    0xA6, 0xC7, 0x6E, 0xD0, 0x4A, 0x3B, 0xE8, 0x3A, 0xDF, 0x29, 0x52, 0xC7, 0x54, 0x21, 0xAD, 0x65,
    0x3A, 0xB0, 0xF5, 0xF0, 0x81, 0xD9, 0x6F, 0xB5, 0x60, 0x04, 0x40, 0x2F, 0x47, 0xBB, 0x73, 0xE0,
    0xD4, 0x01, 0x6E, 0x06, 0x68, 0x57, 0xEB, 0x9B, 0x8E, 0xAC, 0xAB, 0xB4, 0xDF, 0x1F, 0xBB, 0x5C,
    0x92, 0x3A, 0xFA, 0xB4, 0x86, 0x32, 0x75, 0x35, 0xAF, 0xFF, 0x80, 0x53, 0xD8, 0x30, 0xD6, 0xAF,
    0x09, 0x23, 0x40, 0x61, 0xB8, 0x02, 0x69, 0xA5, 0xE0, 0x3C, 0xD8, 0xF6, 0xE6, 0x9B, 0x58, 0x13,
    0x01, 0xB4, 0x21, 0xE5, 0x1B, 0x40, 0x25, 0x0F, 0xD0, 0x07, 0x80, 0x3C, 0xF0, 0x6C, 0x58, 0xC5,
    0x31, 0x7C, 0x33, 0x21, 0x02, 0x97, 0xB0, 0x4D, 0xD8, 0x24, 0xFC, 0xAD, 0x97, 0xC8, 0x96, 0xC2,
    0x19, 0xCE, 0x2F, 0xB5, 0x29, 0x4F, 0x58, 0x7A, 0x04, 0x55, 0xC2, 0x3A, 0x61, 0xE3, 0x2F, 0x24,
    0x69, 0x70, 0xC9, 0x19, 0x5B, 0x0F, 0x70, 0x61, 0x76, 0x00, 0x36, 0x51, 0x53, 0x25, 0xEC, 0xB7,
    0x74, 0xE1, 0xFA, 0xC0, 0x47, 0xBC, 0xBA, 0xAE, 0x93, 0xA2, 0xFF, 0x63, 0x5D, 0xB7, 0xE0, 0x54,
    0x41, 0x05, 0x20, 0x57, 0x4C, 0x85, 0x15, 0xD0, 0x78, 0x37, 0x80, 0xA3, 0xF2, 0xF0, 0x0D, 0xB2,
    0xFF, 0x47, 0xF5, 0x72, 0x38, 0x40, 0x5E, 0xFE, 0x26, 0xDA, 0x75, 0xE0, 0x7F, 0xA7, 0x03, 0xA7,
    0x5F, 0x9B, 0xA2, 0xB7, 0xE1, 0x1D, 0xE8, 0x27, 0xFA, 0x95, 0x46, 0x5D, 0xA6, 0x89, 0x8B, 0xE9,
    0x6C, 0xE5, 0x5B, 0xAF, 0xF8, 0xA6, 0xAE, 0x11, 0x5F, 0xF9, 0x75, 0xA1, 0x0F, 0xDD, 0xF1, 0x9C,
    0x0D, 0xDE, 0x80, 0x8F, 0x28, 0x37, 0xDA, 0x2D, 0xD3, 0x52, 0xA8, 0x2B, 0xAE, 0xF9, 0x4D, 0xFD,
    0xD6, 0x2D, 0xC0, 0x4D, 0x30, 0xAE, 0x64, 0xDA, 0x29, 0x97, 0xB1, 0x6B, 0xA6, 0xD6, 0xBB, 0xAE,
    0x9C, 0xCE, 0x5B, 0xAE, 0x91, 0xBA, 0x46, 0xE2, 0x62, 0x7C, 0x04, 0xCE, 0xFF, 0x5A, 0xCF, 0x6C,
    0xFC, 0x39, 0xB5, 0x3D, 0xBF, 0x7B, 0xE9, 0xFF, 0x65, 0xB1, 0x68, 0x25, 0x5C, 0x5A, 0xCB, 0xFC,
    0x1B, 0x59, 0x4B, 0x63, 0xCF, 0xE7, 0xDB, 0xA3, 0x9E, 0x74, 0xD6, 0x96, 0x0B, 0x58, 0x37, 0x80,
    0x78, 0xCB, 0x76, 0x0A, 0xFD, 0x92, 0xA8, 0x8A, 0x89, 0xF2, 0x3D, 0x11, 0x32, 0x1A, 0xBB, 0x44,
    0xFD, 0x90, 0xC8, 0x79, 0x49, 0xE1, 0x19, 0x42, 0x70, 0xA2, 0xE1, 0xFC, 0x0B, 0xE3, 0xF9, 0xC3,
    0xF2, 0x2D, 0x51, 0xB9, 0x26, 0x6A, 0x83, 0x55, 0xD0, 0x53, 0x4A, 0xDA, 0x6D, 0x81, 0x73, 0xA2,
    0x9F, 0x03, 0x36, 0xB9, 0x9E, 0x8D, 0xAE, 0x48, 0xE2, 0x34, 0xBC, 0xBE, 0xE2, 0xF4, 0x0A, 0xBD,
    0xA0, 0x4C, 0xFD, 0xEF, 0x0F, 0x4E, 0xE3, 0x51, 0x76, 0xF5, 0x08, 0xB4, 0x40, 0xED, 0x41, 0x11,
    0xE3, 0xDD, 0x78, 0x53, 0x97, 0x38, 0x8E, 0xDE, 0xD8, 0xCD, 0xC6, 0xF5, 0x62, 0x5C, 0x45, 0xE3,
    0x62, 0x37, 0x46, 0x9D, 0x71, 0xEF, 0x8D, 0xDB, 0x60, 0x5C, 0xAF, 0xC6, 0x65, 0x34, 0xCE, 0x65,
    0x8C, 0x7E, 0x6C, 0xDC, 0x7F, 0x6E, 0xDC, 0xCA, 0xB8, 0x36, 0xA6, 0x90, 0xE7, 0x62, 0xBF, 0x26,
    0x93, 0xA7, 0x57, 0x04, 0x79, 0x46, 0x45, 0xAB, 0x2E, 0xC0, 0x6B, 0x9C, 0x22, 0x9B, 0x12, 0x15,
    0xAB, 0x91, 0x3A, 0x80, 0x5C, 0xB3, 0x89, 0x8F, 0x9C, 0x8F, 0x76, 0xDF, 0xE4, 0xD9, 0xB8, 0xD2,
    0x35, 0xD8, 0x08, 0x61, 0xCD, 0x31, 0x80, 0xA6, 0x4C, 0x81, 0x62, 0x83, 0x76, 0xA5, 0x5E, 0x52,
    0x6F, 0x34, 0x33, 0x14, 0xBB, 0xAD, 0x40, 0xB8, 0x01, 0x50, 0xD7, 0x77, 0xA9, 0xD4, 0x23, 0x89,
    0x04, 0xE0, 0xFC, 0x4B, 0x68, 0x50, 0xFA, 0x42, 0x37, 0x0E, 0xC0, 0x48, 0x6F, 0x0F, 0x73, 0x13,
    0x64, 0x1B, 0x6D, 0x80, 0x22, 0x52, 0x47, 0xA8, 0x17, 0x4A, 0x75, 0xF4, 0x33, 0x99, 0x9E, 0xBC,
    0x27, 0xEB, 0xDE, 0xCD, 0xD6, 0x39, 0x71, 0x63, 0xB6, 0x38, 0x37, 0xA1, 0x0A, 0x9C, 0x8D, 0x07,
    0x76, 0x67, 0x6D, 0x8E, 0xB8, 0x19, 0x33, 0xEE, 0x6B, 0x6A, 0x41, 0xBE, 0x24, 0xAA, 0xB6, 0x44,
    0xAD, 0x6C, 0x66, 0xBB, 0x9A, 0x80, 0x6C, 0xAB, 0x16, 0xA0, 0x5C, 0xB2, 0x78, 0xD0, 0xC4, 0xFB,
    0x00, 0x7C, 0xED, 0x9C, 0xF8, 0x0B, 0x7E, 0x08, 0x64, 0x9A, 0x3E, 0x02, 0x0A, 0x2D, 0xF1, 0xA0,
    0xFF, 0x50, 0xA2, 0xB9, 0x5F, 0x00, 0xAE, 0xAB, 0x6B, 0x2C, 0xBE, 0x8E, 0x16, 0xFC, 0x37, 0xE5,
    0xD8, 0x01, 0xE4, 0xE5, 0x6A, 0x7A, 0xC7, 0xF1, 0x4F, 0x4E, 0x76, 0xE6, 0x5C, 0x9B, 0x92, 0xC1,
    0x1D, 0xD6, 0x4E, 0x35, 0x8B, 0xA2, 0x54, 0x37, 0x00, 0xC5, 0x5E, 0x6F, 0x16, 0x00, 0xEC, 0xC5,
    0x9D, 0xA2, 0x8B, 0x2D, 0x00, 0x30, 0x00, 0xC5, 0xF6, 0x26, 0x14, 0x05, 0x18, 0x98, 0x02, 0x58,
    0x2C, 0x28, 0x5C, 0x00, 0xD8, 0xBD, 0x89, 0x16, 0x05, 0x34, 0x56, 0x81, 0xA2, 0x51, 0xB3, 0xD0,
    0x8B, 0x0D, 0xD2, 0x36, 0xA3, 0x39, 0x79, 0xFA, 0xFF, 0x9F, 0xD0, 0xFF, 0xCC, 0x98, 0xDE, 0xD9,
    0xEE, 0xBD, 0xEE, 0xF4, 0x76, 0x9F, 0x93, 0xF7, 0xFB, 0x23, 0x49, 0xDE, 0xF7, 0xF7, 0x3C, 0x6F,
    0xCE, 0x2B, 0x89, 0x7C, 0xCE, 0x67, 0x94, 0x5B, 0xB9, 0xBD, 0x2E, 0xC7, 0xB1, 0xB7, 0xC4, 0x93,
    0x78, 0x8A, 0x73, 0xC4, 0x05, 0x29, 0x22, 0x3A, 0x62, 0xCC, 0x62, 0x96, 0x5F, 0xA8, 0x57, 0xE5,
    0x42, 0xB1, 0xA9, 0x26, 0xF2, 0x5D, 0x1A, 0x10, 0x52, 0x87, 0x68, 0xDA, 0x06, 0x6D, 0xD7, 0xBB,
    0x4A, 0x40, 0x1A, 0x3E, 0x47, 0xBA, 0x68, 0xD0, 0x36, 0x7D, 0x87, 0x5E, 0x3B, 0x20, 0xA4, 0x91,
    0xEC, 0xA2, 0x9E, 0xC9, 0x37, 0xE5, 0x46, 0xB9, 0x38, 0x47, 0xA3, 0x9D, 0x64, 0xF1, 0xE2, 0x87,
    0xD1, 0xD0, 0x1E, 0x06, 0xCF, 0x11, 0x23, 0x3C, 0xFC, 0x08, 0xF0, 0xBB, 0xFC, 0x24, 0x39, 0xAD,
    0xF5, 0x50, 0xCC, 0xC5, 0x5C, 0x0F, 0xA7, 0xAD, 0xA7, 0xDF, 0xA8, 0x67, 0xAA, 0x99, 0x76, 0x95,
    0x5D, 0x76, 0xE7, 0x39, 0x75, 0xD5, 0x58, 0x4E, 0xA9, 0xC9, 0xD7, 0x3F, 0x62, 0x06, 0x1E, 0xC5,
    0x73, 0x7F, 0x26, 0x8B, 0x88, 0x66, 0x55, 0x46, 0xC4, 0x7F, 0xCC, 0xD2, 0xA2, 0x8D, 0x41, 0x34,
    0x8A, 0x90, 0x5F, 0x38, 0x85, 0xF3, 0x4A, 0x1E, 0x5D, 0x39, 0x53, 0xC5, 0x50, 0x4E, 0xB4, 0x69,
    0xAC, 0x46, 0xD9, 0x56, 0x4D, 0xF5, 0xE0, 0x3C, 0x97, 0x73, 0x1A, 0x54, 0xC3, 0x55, 0x5A, 0xB7,
    0x92, 0x6D, 0x57, 0x39, 0xCF, 0x57, 0xA9, 0x3B, 0xE5, 0x94, 0x86, 0x4F, 0xA9, 0xC6, 0xFA, 0x5F,
    0x56, 0xEA, 0xA1, 0xFA, 0xCF, 0x89, 0x34, 0x94, 0xD1, 0xD1, 0x36, 0xC5, 0x8E, 0x90, 0x07, 0xF9,
    0x45, 0x11, 0xA3, 0x6A, 0x55, 0xC7, 0xFE, 0x27, 0x31, 0xFA, 0xB8, 0x8A, 0x88, 0xC6, 0x9F, 0x9F,
    0x22, 0x9E, 0xC3, 0xBD, 0xC7, 0xE0, 0x3D, 0x40, 0xDD, 0x00, 0x69, 0x02, 0xEA, 0x0B, 0x50, 0x44,
    0x07, 0xF4, 0x13, 0x70, 0x7F, 0xF2, 0x3F, 0x47, 0x1B, 0x9B, 0x32, 0xA2, 0x39, 0x34, 0x7C, 0x3B,
    0x3A, 0xF7, 0xFB, 0xE7, 0x04, 0xD2, 0xF0, 0x0E, 0xB5, 0xA1, 0xED, 0xE8, 0x6F, 0x5B, 0xE3, 0xEE,
    0xD8, 0xE2, 0x7C, 0x41, 0x19, 0xCF, 0xFA, 0x15, 0x79, 0x44, 0x4C, 0xD0, 0xC6, 0x0E, 0xB2, 0xC7,
    0x0D, 0xAF, 0x54, 0xEA, 0x63, 0xE0, 0x14, 0x40, 0xB5, 0x03, 0xFD, 0x0A, 0x4E, 0xD1, 0x1D, 0xFA,
    0xDC, 0x6F, 0x69, 0x9D, 0x5E, 0xBB, 0xA1, 0xFA, 0x11, 0x64, 0xB1, 0x82, 0xF3, 0xBF, 0xEF, 0xA0,
    0x1A, 0xFB, 0x06, 0x52, 0x53, 0x0D, 0xF0, 0x81, 0x73, 0xF3, 0x35, 0xAD, 0x57, 0xFA, 0x22, 0xF5,
    0x4A, 0x12, 0x88, 0x21, 0x86, 0x37, 0x69, 0x92, 0xBC, 0x3D, 0xDA, 0xB8, 0xFC, 0xBF, 0xBD, 0x9F,
    0x3A, 0x70, 0x9E, 0x40, 0x3D, 0x43, 0x16, 0xF3, 0xDD, 0xDA, 0xA4, 0x5E, 0xC1, 0x77, 0x9B, 0xCF,
    0xA9, 0x4E, 0x16, 0x31, 0xB4, 0xB1, 0xDD, 0x48, 0xF7, 0x28, 0x9E, 0x7A, 0xB4, 0x12, 0x14, 0x33,
    0xFD, 0xA0, 0x1C, 0x48, 0xA3, 0xBA, 0xA3, 0x9A, 0xB5, 0x28, 0x17, 0x3B, 0xF2, 0x2D, 0xDB, 0x70,
    0xBA, 0xE4, 0x0B, 0xC4, 0x79, 0x86, 0xF6, 0x07, 0x23, 0xA4, 0x7F, 0xEE, 0xA0, 0x0A, 0x50, 0xEC,
    0x20, 0xDF, 0x7E, 0x33, 0x79, 0xB4, 0x3F, 0xC5, 0x29, 0x62, 0x43, 0x7E, 0x95, 0xA3, 0x12, 0x6D,
    0xAC, 0xB8, 0x1F, 0xE0, 0x15, 0xC6, 0x0B, 0x1C, 0x65, 0x8B, 0xBF, 0xE9, 0x37, 0xC2, 0x39, 0x08,
    0xA2, 0x11, 0xB4, 0x9D, 0x20, 0x0D, 0xAF, 0xF3, 0xD8, 0x1F, 0x8D, 0x70, 0x0A, 0x42, 0xB5, 0x11,
    0x11, 0xCB, 0x95, 0x1D, 0x11, 0xCF, 0x5F, 0x1D, 0x2B, 0x0B, 0xA8, 0xE3, 0x82, 0xF6, 0x4A, 0xEE,
    0xC7, 0x53, 0xF4, 0xB1, 0x1E, 0x73, 0x47, 0xB9, 0x9E, 0xA2, 0x51, 0x8F, 0xFA, 0x41, 0xBA, 0x6E,
    0x6D, 0x73, 0xCB, 0x9E, 0xD4, 0x09, 0x7A, 0xC2, 0xE9, 0x42, 0x28, 0x67, 0x42, 0x1A, 0x08, 0x3D,
    0x42, 0x1C, 0x6C, 0xAE, 0x1C, 0x09, 0xED, 0x42, 0xA8, 0xF7, 0x23, 0xAF, 0x41, 0x10, 0x93, 0x20,
    0x2D, 0xAE, 0xC3, 0x09, 0xF2, 0x4D, 0x64, 0x57, 0x96, 0xF2, 0x55, 0x94, 0x43, 0xB1, 0x9C, 0xA3,
    0x7C, 0xD1, 0xCE, 0x29, 0x8A, 0x88, 0x21, 0xED, 0xA7, 0xD8, 0xE1, 0x61, 0x43, 0x83, 0x7C, 0x44,
    0x31, 0xA3, 0xD8, 0x90, 0xEF, 0x10, 0x1D, 0xEA, 0x11, 0xE7, 0x19, 0x46, 0x2F, 0xC7, 0xBD, 0x8F,
    0xC8, 0x22, 0x3A, 0x65, 0xC4, 0x2C, 0xBD, 0x68, 0x17, 0x31, 0x14, 0xAB, 0x68, 0xF2, 0x4D, 0x72,
    0x03, 0x77, 0xF8, 0x76, 0x6C, 0xC7, 0x2C, 0x56, 0xB7, 0x68, 0x9F, 0xE7, 0xDB, 0x71, 0x5E, 0xF8,
    0x6F, 0x34, 0xE5, 0xA6, 0xFF, 0x65, 0x1F, 0x3F, 0x4D, 0xB1, 0xC6, 0x52, 0xC4, 0xD8, 0x8F, 0x3E,
    0xF2, 0x10, 0xE0, 0xF7, 0x20, 0x0D, 0xE8, 0x3B, 0xB2, 0x40, 0x7E, 0x39, 0x4C, 0x53, 0x0E, 0xB8,
    0xEF, 0x1D, 0xFA, 0x2B, 0x26, 0xD4, 0x0B, 0xD2, 0x05, 0x11, 0x9C, 0xB6, 0xD4, 0xC9, 0x97, 0x72,
    0x54, 0x4E, 0xE7, 0x49, 0xD1, 0x9D, 0xC6, 0x77, 0xE1, 0x2F, 0x5B, 0xB3, 0xCE, 0x39, 0xF2, 0x59,
    0x19, 0x7F, 0x7F, 0x83, 0xBF, 0x8A, 0x1B, 0x7C, 0x3F, 0x46, 0x27, 0xDF, 0x85, 0xAF, 0xAC, 0x6A,
    0x5B, 0x1C, 0xAE, 0x3C, 0xF6, 0x50, 0x39, 0x94, 0x83, 0x34, 0xA7, 0xF9, 0x0E, 0xC7, 0x3E, 0xDE,
    0xD1, 0x34, 0x56, 0x0B, 0xFA, 0x9D, 0x2C, 0xA2, 0x91, 0x2F, 0x75, 0x27, 0x9F, 0xCB, 0xC1, 0x81,
    0xB5, 0xEE, 0x9C, 0x22, 0x10, 0x17, 0x3C, 0x9A, 0xBE, 0xAA, 0x82, 0x4D, 0xED, 0x51, 0x30, 0xF7,
    0x3E, 0xBC, 0xDD, 0xB2, 0x7E, 0xD7, 0x86, 0x22, 0xE2, 0x6F, 0x23, 0xC6, 0x9B, 0xE1, 0x3E, 0x7B,
    0xD1, 0xCF, 0xFD, 0x50, 0xC4, 0x50, 0x2E, 0xD1, 0xE4, 0xE1, 0xBC, 0xB6, 0xF2, 0x5D, 0xBE, 0xDD,
    0x93, 0x5F, 0x6E, 0x84, 0x7C, 0x7B, 0xF8, 0xC9, 0x26, 0xFB, 0x24, 0x22, 0x36, 0x7D, 0x44, 0xFC,
    0xEB, 0x87, 0x45, 0x7C, 0xB6, 0x21, 0xDD, 0x1A, 0xA0, 0x6F, 0xAE, 0x12, 0x4E, 0x3B, 0x42, 0x16,
    0x88, 0xE6, 0x1C, 0x83, 0xAB, 0x95, 0xFD, 0x4F, 0xD7, 0x14, 0x7B, 0x19, 0xB1, 0x94, 0xB1, 0x9C,
    0x22, 0x46, 0x8F, 0x8F, 0xBC, 0x6F, 0xB5, 0x8A, 0x49, 0xC4, 0x76, 0xDE, 0x7F, 0x18, 0xE5, 0x2C,
    0xEA, 0x41, 0x9B, 0x3A, 0x1F, 0xB4, 0xE8, 0x11, 0xAF, 0xB7, 0x86, 0x7E, 0xA0, 0x1D, 0x49, 0x2B,
    0x65, 0x3C, 0xFB, 0xE4, 0x1C, 0x11, 0xFA, 0x58, 0x65, 0x8F, 0x81, 0xFC, 0x42, 0x11, 0x8D, 0x22,
    0x06, 0xD2, 0x6D, 0x6B, 0x08, 0xCE, 0x2B, 0xC5, 0xC8, 0x03, 0xF8, 0x31, 0xEC, 0x10, 0x0D, 0xFA,
    0x01, 0xF5, 0xEC, 0x38, 0x8B, 0x0D, 0xFE, 0xC0, 0x5D, 0x38, 0xBA, 0xAF, 0x63, 0x3A, 0xA6, 0xA0,
    0xB8, 0x71, 0xAC, 0x9A, 0x44, 0x93, 0x06, 0x6D, 0x97, 0x1A, 0x69, 0xE8, 0xDD, 0x20, 0x22, 0xE2,
    0x0E, 0x5D, 0x40, 0xDC, 0x8D, 0xD3, 0x39, 0xDC, 0x4B, 0x8B, 0xAB, 0xFF, 0x27, 0xCD, 0x35, 0x81,
    0x6B, 0x06, 0xC7, 0x18, 0x78, 0x65, 0x4D, 0x2D, 0x67, 0xA4, 0xF1, 0xB8, 0x9A, 0x1D, 0xA7, 0x05,
    0xC6, 0x77, 0xE4, 0xEF, 0x7D, 0x9C, 0x2E, 0x38, 0x07, 0xCA, 0x18, 0xA8, 0xFF, 0x61, 0xA2, 0x3D,
    0x2F, 0x5C, 0xB2, 0xCD, 0x69, 0xF1, 0x33, 0x3E, 0xF4, 0xE0, 0xAB, 0xF7, 0xD7, 0x1C, 0x6F, 0xD6,
    0xE5, 0x56, 0x6E, 0x77, 0x38, 0xF6, 0xC1, 0x17, 0x31, 0xD4, 0xDD, 0xA2, 0xF9, 0x7C, 0x43, 0xD5,
    0xCD, 0x0D, 0xE9, 0xB5, 0x82, 0x7D, 0x8B, 0xBF, 0x20, 0x1A, 0x31, 0x48, 0xB3, 0x72, 0x75, 0xDA,
    0x49, 0xBC, 0x07, 0xF0, 0x50, 0x1D, 0xFA, 0xF0, 0x28, 0xF8, 0xF5, 0xB6, 0x2C, 0x9E, 0xB6, 0xB1,
    0xF5, 0xB1, 0xD1, 0xC8, 0x66, 0xF9, 0xA2, 0x98, 0x55, 0x93, 0xD4, 0xF9, 0x94, 0x95, 0x07, 0x5F,
    0xA8, 0xF3, 0x74, 0x74, 0x0E, 0x75, 0x77, 0x24, 0x18, 0xB3, 0x3C, 0x36, 0xE7, 0x79, 0x57, 0x8E,
    0xAD, 0xD4, 0x54, 0xCD, 0x07, 0xBE, 0x09, 0xC0, 0xBD, 0xE3, 0x1F, 0x57, 0xC7, 0xE0, 0x7E, 0x0C,
    0xA4, 0xDF, 0xA0, 0xB5, 0xCF, 0x95, 0x11, 0xEA, 0x08, 0x49, 0x12, 0xC3, 0xDD, 0x2F, 0x49, 0xF0,
    0xA5, 0x8F, 0x57, 0x1D, 0xE3, 0x01, 0xBE, 0xE5, 0xF7, 0x49, 0xDF, 0xDF, 0xA8, 0x3F, 0x9B, 0x38,
    0x47, 0xC3, 0x69, 0x47, 0x11, 0x1D, 0xE9, 0x07, 0x13, 0x3F, 0xCB, 0x17, 0x1E, 0x64, 0x1B, 0xF4,
    0x64, 0x1F, 0xA5, 0x46, 0x8A, 0x1F, 0x0D, 0xA7, 0x88, 0x5F, 0x8D, 0xB7, 0x77, 0xD1, 0x5C, 0xCE,
    0xDA, 0xEB, 0x47, 0x87, 0x35, 0x35, 0x8A, 0xB5, 0xE7, 0xBC, 0x05, 0xF9, 0x9B, 0xB0, 0x46, 0xE3,
    0xBC, 0xF4, 0x83, 0x62, 0x4E, 0xA3, 0x72, 0xAA, 0x17, 0x69, 0x28, 0xE3, 0xAF, 0xA3, 0xC9, 0x23,
    0x2E, 0xF4, 0x31, 0xDD, 0x8E, 0x81, 0xEC, 0x62, 0xBC, 0x3A, 0x9A, 0x29, 0xE3, 0x17, 0xB7, 0xFC,
    0x45, 0xDC, 0x72, 0x88, 0x91, 0x53, 0xF7, 0xE6, 0x27, 0xF5, 0xF7, 0x3D, 0x6E, 0x3C, 0xDA, 0x8A,
    0x58, 0xF4, 0x5B, 0x1F, 0xBB, 0x27, 0x71, 0x63, 0x91, 0x98, 0x44, 0x27, 0x9A, 0xBB, 0x07, 0xDA,
    0x2F, 0xC0, 0x2C, 0x9E, 0x6A, 0x9F, 0xD7, 0xB1, 0xE6, 0x11, 0x29, 0x96, 0x73, 0x84, 0x6F, 0xC0,
    0xF7, 0xA0, 0xBF, 0x62, 0x40, 0x9A, 0x50, 0x2E, 0xC8, 0x37, 0xF8, 0x14, 0x7E, 0xC7, 0x2B, 0x71,
    0xFC, 0x27, 0x57, 0x59, 0x44, 0x38, 0xDF, 0x58, 0x1D, 0x6E, 0xAB, 0x39, 0xD5, 0x83, 0x6A, 0x4E,
    0x9D, 0xF2, 0xED, 0xD5, 0xCC, 0x7F, 0xAD, 0x6A, 0x02, 0xA7, 0x11, 0xF9, 0xC2, 0x61, 0xAB, 0x9A,
    0x90, 0x06, 0x04, 0xAC, 0xF0, 0x93, 0x77, 0xE4, 0xEF, 0x7D, 0x64, 0x3B, 0xF2, 0xE8, 0x28, 0x62,
    0xA4, 0xFC, 0xA7, 0x99, 0xF4, 0x97, 0x2B, 0x1F, 0xDB, 0xD8, 0xFC, 0x98, 0x07, 0x1E, 0xBC, 0x13,
    0x7F, 0x55, 0xF7, 0xC7, 0xB4, 0x73, 0x22, 0xD6, 0x9E, 0xB5, 0x0D, 0xE6, 0xEA, 0xC2, 0x77, 0xEE,
    0x4F, 0xE0, 0x7F, 0xE9, 0xAA, 0xF9, 0x52, 0x5C, 0x6D, 0x36, 0x79, 0xE4, 0x71, 0x87, 0x63, 0x1F,
    0x80, 0x77, 0x52, 0xAB, 0x72, 0x24, 0xCD, 0x47, 0xAB, 0x06, 0x2F, 0x47, 0xBC, 0x14, 0x00, 0xBC,
    0xE9, 0x9A, 0x87, 0x0D, 0x8A, 0xB8, 0x94, 0xB4, 0x11, 0x7D, 0x93, 0xC5, 0xB3, 0xFE, 0x22, 0xDF,
    0x94, 0xAB, 0x72, 0x56, 0x6C, 0xCA, 0x49, 0xBD, 0xAB, 0x07, 0x9F, 0xEE, 0xD2, 0x70, 0x9A, 0xE3,
    0xD6, 0xCF, 0x70, 0xCB, 0xE4, 0x96, 0xEB, 0x2D, 0xFF, 0x6E, 0x12, 0xEA, 0x5F, 0x75, 0x76, 0xD5,
    0xEE, 0x74, 0xBD, 0x3C, 0x5F, 0x15, 0xD7, 0x4E, 0xAA, 0x9B, 0x3E, 0x47, 0x6D, 0x1F, 0xD1, 0xF8,
    0x5E, 0x15, 0x2B, 0x3C, 0x06, 0x1D, 0x38, 0xCD, 0xE0, 0xBC, 0x81, 0x7C, 0x07, 0x59, 0x34, 0xA0,
    0x1D, 0x40, 0x39, 0xBF, 0x7C, 0xAA, 0xEF, 0xF0, 0x7A, 0x3C, 0xE4, 0x5E, 0xA3, 0x0E, 0x45, 0x0C,
    0xDA, 0x50, 0xC6, 0xE0, 0x0F, 0xE3, 0x58, 0xC4, 0x83, 0xF4, 0x65, 0x4A, 0x3F, 0xD0, 0x77, 0xA7,
    0x18, 0x68, 0xFF, 0xED, 0x49, 0xFC, 0x23, 0x75, 0xC4, 0x8F, 0x62, 0x50, 0xC4, 0x5A, 0xC6, 0xC0,
    0xE3, 0xE6, 0xFE, 0x33, 0xF8, 0x06, 0x50, 0x76, 0xA0, 0x1E, 0x5E, 0x4E, 0x29, 0x1A, 0x38, 0x5D,
    0xC0, 0x79, 0x01, 0xC5, 0x00, 0x4E, 0xBE, 0x26, 0xF9, 0x7D, 0x08, 0xCA, 0x05, 0x54, 0x1B, 0x48,
    0x01, 0xFA, 0xD4, 0x21, 0xDB, 0xAA, 0x63, 0x31, 0x3C, 0xCF, 0x28, 0xC6, 0xD3, 0x8C, 0xAC, 0xD1,
    0x7C, 0x1D, 0xF2, 0x3B, 0xDE, 0xFD, 0x8E, 0xF7, 0xC0, 0xD7, 0xE5, 0x38, 0x86, 0xFF, 0x8B, 0x53,
    0x95, 0x8E, 0x54, 0xEA, 0x6B, 0x2A, 0xBE, 0xF9, 0x0C, 0x1E, 0x80, 0x0F, 0x5E, 0xFF, 0x52, 0x94,
    0x6F, 0x77, 0x33, 0x58, 0x8D, 0x50, 0x83, 0xF7, 0xBC, 0x29, 0x52, 0xCC, 0x65, 0x6C, 0x37, 0x2C,
    0x62, 0x2D, 0xF6, 0x46, 0x3B, 0xE6, 0x17, 0xDA, 0x26, 0xDB, 0xE9, 0x09, 0x76, 0xFA, 0x26, 0xDB,
    0x48, 0x5D, 0xBE, 0x52, 0x0F, 0xE7, 0x99, 0x6A, 0x2C, 0x26, 0xCA, 0xA9, 0x1C, 0x39, 0xCF, 0xD5,
    0x40, 0xBE, 0xA4, 0x86, 0xD3, 0xD6, 0xC2, 0xF6, 0x73, 0xD8, 0x37, 0x68, 0x57, 0x48, 0x33, 0xD4,
    0x13, 0x54, 0x03, 0xA4, 0x0E, 0x5A, 0xB0, 0xDF, 0x2D, 0x17, 0x4F, 0x16, 0xB4, 0x31, 0x5D, 0xD9,
    0xA0, 0x5E, 0xE1, 0x7E, 0x0F, 0x29, 0xA0, 0x0D, 0xB8, 0x17, 0xE0, 0x6D, 0x7C, 0x8C, 0x28, 0x62,
    0x21, 0xDA, 0xB8, 0x70, 0xFB, 0x58, 0xD3, 0x88, 0x51, 0x0C, 0xA2, 0x91, 0x46, 0x71, 0xF5, 0x15,
    0x54, 0x57, 0x96, 0xB3, 0x37, 0xF3, 0x38, 0x67, 0x7C, 0xED, 0x5B, 0x5E, 0x16, 0xC4, 0x2F, 0x9F,
    0x5C, 0x88, 0x88, 0xF9, 0xCA, 0x8E, 0xB8, 0xF7, 0xE1, 0xDB, 0xBC, 0x9D, 0xE2, 0xA7, 0x48, 0xB1,
    0xA3, 0xBD, 0x52, 0x92, 0x10, 0x43, 0x0C, 0x2F, 0xF3, 0x2D, 0x9F, 0xA1, 0xFB, 0x98, 0x53, 0xCC,
    0x7D, 0x4C, 0x75, 0x4C, 0xD5, 0x45, 0x16, 0x4D, 0xBE, 0xB1, 0xBB, 0xE5, 0x26, 0xDB, 0x9D, 0x56,
    0x42, 0x3E, 0xD3, 0x3B, 0x4F, 0xA4, 0xAE, 0x1C, 0xA9, 0x87, 0x72, 0xA0, 0x1A, 0xEB, 0x86, 0x72,
    0x4A, 0x38, 0xCF, 0x1F, 0x23, 0x5F, 0x36, 0x9C, 0xD6, 0x15, 0xF6, 0x19, 0xFA, 0x09, 0xDA, 0x11,
    0xD2, 0x00, 0x75, 0x03, 0x09, 0xFC, 0x1C, 0x4E, 0x1B, 0x14, 0x0B, 0xB4, 0x13, 0x22, 0x06, 0xC4,
    0x0E, 0x69, 0x82, 0xFF, 0x02, 0xD5, 0x98, 0x31, 0x8C, 0xE5, 0x46, 0x1D, 0xC6, 0x3F, 0xDB, 0xDA,
    0x35, 0x8A, 0x8B, 0xA1, 0xC8, 0xA1, 0xE8, 0x4E, 0x91, 0x29, 0x91, 0x00, 0xDC, 0xA4, 0x48, 0x11,
    0x98, 0x11, 0xF4, 0xE2, 0x8A, 0xDB, 0x8A, 0x82, 0x5E, 0x14, 0xDB, 0x5C, 0x49, 0x62, 0x4B, 0x94,
    0x34, 0x5B, 0x40, 0x5A, 0x52, 0x5C, 0x75, 0x14, 0xD7, 0x52, 0x70, 0xF1, 0x00, 0x05, 0xAD, 0x25,
    0xA0, 0xA2, 0xC0, 0xC5, 0x02, 0x4A, 0x9A, 0x1B, 0x29, 0x06, 0xF9, 0x82, 0xED, 0x8F, 0xF7, 0xFF,
    0xCF, 0xDB, 0x7D, 0x6F, 0x9F, 0xF6, 0x36, 0x7B, 0x7B, 0xB7, 0xD9, 0xEC, 0x5F, 0xB7, 0xDF, 0x4F,
    0xBA, 0x5D, 0x8F, 0x3D, 0xDF, 0xF7, 0xB7, 0x67, 0x6C, 0x80, 0x9C, 0x01, 0x24, 0xA7, 0x98, 0x70,
    0xC9, 0xBA, 0x17, 0xD1, 0x36, 0x0A, 0x7A, 0xD1, 0x34, 0x22, 0x63, 0x2F, 0xC8, 0xFF, 0x1E, 0x04,
    0xE6, 0xCF, 0x83, 0xE2, 0x17, 0xA3, 0xA0, 0x4A, 0x27, 0x81, 0x4D, 0x66, 0xC1, 0x53, 0x50, 0x30,
    0xA1, 0x05, 0x90, 0x8C, 0xA8, 0x1B, 0x20, 0x1B, 0x60, 0xFD, 0x0A, 0x01, 0x55, 0x07, 0x14, 0xA4,
    0x8C, 0x66, 0x56, 0x08, 0x40, 0xF9, 0xE9, 0xE3, 0x27, 0x03, 0x60, 0x1D, 0xF2, 0x09, 0xA8, 0x81,
    0x6C, 0x85, 0x8F, 0x81, 0x74, 0x01, 0x64, 0x40, 0x42, 0x87, 0xA7, 0xCB, 0x67, 0x87, 0x94, 0x7F,
    0xAD, 0x19, 0x60, 0x39, 0xB7, 0x2B, 0xD4, 0x9C, 0x8D, 0x0C, 0x55, 0x92, 0x41, 0xA4, 0xC3, 0xB9,
    0xB5, 0xF7, 0x40, 0x6D, 0x68, 0x60, 0x28, 0xC7, 0x3E, 0xAF, 0x07, 0xD0, 0x17, 0x23, 0xE8, 0xB2,
    0x09, 0x56, 0xCF, 0xB7, 0x91, 0xBB, 0x9C, 0x90, 0x72, 0x25, 0xA5, 0x48, 0x7D, 0x9C, 0x4D, 0xA0,
    0x13, 0xC1, 0xA9, 0x38, 0x33, 0xA1, 0xFD, 0x67, 0xCB, 0x47, 0x96, 0x23, 0x87, 0x82, 0x5D, 0xDB,
    0xE1, 0x01, 0xEE, 0x60, 0x53, 0x0F, 0x91, 0x2B, 0x27, 0x18, 0x25, 0xDD, 0x07, 0xCA, 0x9A, 0x93,
    0xB2, 0x64, 0x50, 0x26, 0x1F, 0x3B, 0x5C, 0x58, 0x45, 0x13, 0x69, 0x7D, 0x64, 0xDB, 0x45, 0x9E,
    0x1C, 0xFF, 0xBF, 0xC8, 0xEC, 0xB3, 0x51, 0x99, 0xFF, 0x65, 0x52, 0x16, 0x7F, 0x98, 0x95, 0xA6,
    0x59, 0x94, 0x95, 0xA3, 0xD2, 0xA2, 0x76, 0xC2, 0x0F, 0xD6, 0x03, 0x4E, 0x91, 0xC9, 0x84, 0xB2,
    0x07, 0x90, 0x0E, 0x30, 0x41, 0xC3, 0x26, 0x07, 0xC4, 0xA0, 0x26, 0x00, 0xE6, 0xF3, 0xC7, 0xBF,
    0x15, 0x96, 0x1E, 0x99, 0x0C, 0x68, 0x1B, 0x24, 0x14, 0xEA, 0xD4, 0x80, 0x56, 0xD8, 0xC4, 0xB8,
    0x6A, 0x8F, 0x74, 0x71, 0x48, 0x78, 0x8C, 0x8A, 0x03, 0x2A, 0xD2, 0xD9, 0x15, 0xED, 0x8A, 0xF1,
    0x12, 0x1D, 0x3E, 0x82, 0xF1, 0x49, 0x80, 0x19, 0x8A, 0x1E, 0x39, 0xE9, 0x25, 0x1C, 0xE9, 0xBE,
    0xE3, 0x2F, 0x35, 0xBA, 0xE9, 0x24, 0xBA, 0x03, 0xDC, 0x79, 0x71, 0xF3, 0x77, 0xE7, 0x34, 0xFF,
    0x9F, 0xCE, 0x34, 0xFF, 0x0F, 0x63, 0xF3, 0x63, 0x8E, 0xC6, 0x6E, 0x37, 0xFF, 0x04, 0x7B, 0xE9,
    0xE6, 0xCF, 0x62, 0xF3, 0xA7, 0xB1, 0xF9, 0x93, 0xB3, 0xCD, 0xDF, 0x6A, 0xF3, 0x27, 0xBB, 0xCD,
    0x0F, 0xA9, 0x98, 0x68, 0xBA, 0x6E, 0x80, 0xA0, 0x30, 0x6B, 0x0C, 0x11, 0x0C, 0x82, 0x4C, 0x21,
    0x33, 0x7C, 0xA1, 0xAD, 0x6A, 0x52, 0xB5, 0x63, 0xEB, 0x3D, 0x4E, 0xC8, 0xB9, 0x92, 0x4A, 0xA4,
    0xEE, 0xCF, 0xB1, 0xB5, 0x31, 0x13, 0xEA, 0x2D, 0x5B, 0x7B, 0x2B, 0xB6, 0x56, 0x0E, 0xC0, 0xD3,
    0x68, 0x04, 0xB6, 0x07, 0xE5, 0x23, 0x00, 0xDA, 0x61, 0x55, 0x8F, 0x93, 0xCA, 0xBC, 0x68, 0xD9,
    0x9D, 0xB6, 0x79, 0xAE, 0x19, 0x54, 0x3A, 0x4B, 0x7B, 0x24, 0xFA, 0x26, 0x76, 0xEB, 0x50, 0x86,
    0xCA, 0x29, 0x56, 0x54, 0xE4, 0x02, 0xF0, 0x28, 0x59, 0x90, 0xCD, 0xE2, 0x5E, 0x11, 0xE4, 0xEC,
    0xA6, 0x03, 0xDE, 0x47, 0xE5, 0x81, 0xF7, 0x60, 0x9B, 0x8D, 0x61, 0xAD, 0x08, 0x78, 0xB1, 0xBA,
    0x4D, 0x47, 0xD4, 0x5E, 0xD4, 0xF6, 0xA2, 0xD5, 0x18, 0x6D, 0x75, 0x48, 0x5C, 0xC1, 0xE5, 0x71,
    0xEB, 0x52, 0x92, 0x74, 0xA8, 0xF5, 0x1A, 0x72, 0x4D, 0x18, 0x77, 0x1E, 0x60, 0x5D, 0x79, 0x03,
    0x98, 0x5E, 0x67, 0xAB, 0xE3, 0x30, 0x5A, 0x92, 0x85, 0x15, 0x3D, 0x36, 0x75, 0x00, 0x94, 0xEC,
    0x41, 0x4E, 0xF9, 0x72, 0x48, 0x13, 0x52, 0x56, 0x1E, 0xB4, 0x0D, 0xA6, 0x7A, 0x7D, 0xC5, 0xDC,
    0xFD, 0x71, 0x40, 0xEB, 0x81, 0xBA, 0x03, 0xEC, 0x08, 0x18, 0xFE, 0xFA, 0x49, 0x4E, 0x12, 0x2D,
    0x47, 0x24, 0x07, 0x38, 0xA9, 0xBC, 0x17, 0x35, 0xB1, 0x55, 0x29, 0xCA, 0xDA, 0x4B, 0x1C, 0xD2,
    0x29, 0x26, 0x64, 0x83, 0x3E, 0x6A, 0x3E, 0x02, 0x80, 0x5B, 0xE8, 0xF1, 0xFD, 0xD8, 0x58, 0x05,
    0xE5, 0x80, 0x06, 0xF6, 0xB0, 0x43, 0x5D, 0x04, 0x4C, 0xE9, 0x98, 0x0E, 0x18, 0xE1, 0xF0, 0xF5,
    0xEB, 0xF5, 0x38, 0x1B, 0xA2, 0xBB, 0xBB, 0x9A, 0x07, 0xC4, 0x7A, 0x49, 0x5F, 0x9F, 0xAA, 0xAF,
    0xEF, 0xAB, 0xAF, 0xDF, 0xBF, 0x39, 0x5F, 0xB3, 0x21, 0x4E, 0x24, 0xFE, 0xEC, 0x4C, 0xE7, 0x1A,
    0xFD, 0x7C, 0x03, 0x18, 0x80, 0xD2, 0x67, 0xF2, 0xCB, 0x60, 0x7A, 0x20, 0x9F, 0x64, 0xFA, 0x09,
    0xA9, 0xB3, 0x99, 0x44, 0xCB, 0x20, 0xBA, 0x7F, 0xF4, 0xB2, 0xAE, 0x6E, 0x77, 0xEB, 0xBB, 0x37,
    0xE0, 0x6A, 0xEA, 0xF1, 0xBB, 0x2C, 0x64, 0x63, 0x3A, 0x16, 0x3D, 0xE6, 0xD2, 0xA3, 0xAE, 0x81,
    0x72, 0x06, 0x8A, 0x11, 0x48, 0xFB, 0x5D, 0x67, 0xC3, 0x8E, 0xB3, 0x8B, 0x6D, 0x30, 0x5E, 0xD9,
    0xD9, 0xEF, 0xC4, 0x33, 0x58, 0xA7, 0x0B, 0x44, 0xD5, 0xE9, 0xF4, 0x8B, 0x71, 0x89, 0x6B, 0xDD,
    0x24, 0x40, 0x1B, 0x14, 0xA5, 0xC7, 0x0B, 0xEA, 0x1B, 0x2D, 0x9F, 0x3B, 0xA0, 0x8E, 0x9B, 0x04,
    0x1B, 0xE7, 0x09, 0xE2, 0x1E, 0x7B, 0x01, 0xEA, 0x41, 0x51, 0x4C, 0x8A, 0x74, 0x51, 0x80, 0x11,
    0xAD, 0x53, 0xD4, 0x8D, 0xC2, 0xFA, 0x2F, 0x46, 0xB3, 0x7D, 0x40, 0xBB, 0x3D, 0x58, 0x3A, 0x2B,
    0xF2, 0x51, 0x51, 0x05, 0xC1, 0x3E, 0xBD, 0xB8, 0xCD, 0x25, 0x5E, 0x60, 0xAF, 0xF8, 0x04, 0x5A,
    0x3F, 0x0B, 0xDF, 0x8D, 0xCB, 0x60, 0xE5, 0x80, 0x3C, 0x02, 0x3F, 0x0D, 0x56, 0x60, 0x82, 0x85,
    0xE2, 0x07, 0x11, 0xEF, 0x9D, 0xC1, 0x3B, 0x12, 0xC7, 0x8F, 0xD5, 0x33, 0x72, 0x85, 0x84, 0x8A,
    0x9C, 0x1F, 0x0A, 0x4C, 0xDC, 0x36, 0x55, 0x9D, 0xC2, 0x36, 0x8A, 0xDA, 0x29, 0x5A, 0x28, 0xF8,
    0xC5, 0x68, 0xD7, 0xC7, 0x79, 0x85, 0x0D, 0xA8, 0x57, 0x28, 0x97, 0x9F, 0xF0, 0x3F, 0xDA, 0x3F,
    0xFF, 0x66, 0x27, 0xA7, 0xFD, 0xD1, 0x0A, 0xD8, 0xBB, 0x9F, 0x3C, 0x78, 0xCD, 0x39, 0xC8, 0x84,
    0x76, 0x70, 0x8D, 0x39, 0x40, 0xFD, 0x07, 0xB0, 0xDF, 0x8A, 0xC2, 0x6C, 0xD4, 0x92, 0x3E, 0xEA,
    0xD9, 0xFF, 0x57, 0xDD, 0xE7, 0xB3, 0xA0, 0x23, 0x05, 0xA4, 0x14, 0x2D, 0x66, 0x1C, 0x06, 0x94,
    0x3D, 0x8C, 0x5C, 0xAF, 0x68, 0xF4, 0x3D, 0xDA, 0xCE, 0x0B, 0x35, 0x1A, 0x1E, 0xFD, 0x8E, 0x76,
    0x47, 0xB7, 0xA3, 0xD9, 0xD1, 0x6B, 0xB5, 0x5A, 0x53, 0x6F, 0x00, 0x7B, 0xA2, 0xB8, 0xB8, 0x74,
    0xC6, 0x5C, 0xEB, 0x5D, 0x55, 0x10, 0xB0, 0xAA, 0x95, 0x6A, 0xA9, 0xFA, 0x35, 0x55, 0x9C, 0xAB,
    0x64, 0xD8, 0xD2, 0xFE, 0xC2, 0x07, 0x53, 0xAA, 0x9A, 0x7B, 0xD1, 0x42, 0xD5, 0xA8, 0x96, 0x7E,
    0x9F, 0x24, 0x9B, 0xD8, 0x1B, 0xB5, 0x68, 0x7C, 0x1F, 0xCC, 0xD6, 0x32, 0xE2, 0xDC, 0xD2, 0x45,
    0xAD, 0x62, 0x1F, 0x77, 0xD3, 0xC5, 0xCA, 0x15, 0xB1, 0x98, 0xCE, 0x7A, 0xD4, 0x8D, 0x75, 0xB0,
    0xBE, 0x5D, 0xF7, 0x0C, 0x37, 0xD2, 0x10, 0x00, 0xA2, 0x38, 0x68, 0x3F, 0xC7, 0x27, 0x11, 0xEC,
    0x00, 0x7D, 0x16, 0x1D, 0xBA, 0x5C, 0xBD, 0x68, 0x39, 0x62, 0x7B, 0x73, 0xF2, 0x36, 0x12, 0xF1,
    0x15, 0x99, 0x04, 0xDF, 0x95, 0x0D, 0x50, 0x92, 0xDA, 0x22, 0x13, 0x00, 0x1C, 0x1E, 0x5D, 0xDE,
    0xE3, 0xB5, 0xBB, 0x37, 0xEC, 0xB1, 0x56, 0xD2, 0xE1, 0x2D, 0x64, 0x01, 0x3F, 0x47, 0x36, 0x27,
    0xA3, 0xF8, 0xAE, 0xAD, 0xEB, 0x81, 0xFD, 0xE7, 0xAF, 0x6E, 0x79, 0x23, 0xE2, 0xAE, 0x62, 0xB9,
    0x75, 0xA2, 0xF4, 0xBB, 0x5A, 0xDF, 0xD2, 0x86, 0x46, 0xA6, 0x73, 0x9D, 0xCE, 0x48, 0x1E, 0x70,
    0xB3, 0xAD, 0xFD, 0x65, 0x3B, 0x16, 0x35, 0x6B, 0x36, 0xBE, 0x99, 0xB5, 0xA6, 0xBB, 0x8E, 0x6D,
    0xBD, 0x66, 0x89, 0x24, 0x93, 0x68, 0x16, 0x75, 0xBD, 0x13, 0xA0, 0x20, 0x6A, 0x39, 0x5E, 0x8F,
    0x69, 0xE5, 0xB6, 0x69, 0x33, 0x90, 0x1C, 0xF6, 0x00, 0x2A, 0xFD, 0xA3, 0xCD, 0x81, 0x8D, 0x88,
    0x1C, 0x6E, 0x09, 0xA0, 0x98, 0x81, 0x87, 0xD2, 0x10, 0x98, 0x51, 0xAD, 0xB4, 0xD6, 0x73, 0x94,
    0x9F, 0x4D, 0xA7, 0xEB, 0x49, 0x12, 0x7B, 0xD9, 0xDE, 0xBE, 0x2E, 0x96, 0x97, 0x94, 0xAC, 0xC7,
    0x84, 0x6C, 0x94, 0x86, 0x9E, 0x4D, 0x0F, 0xD4, 0x87, 0x0D, 0x50, 0x9D, 0xCC, 0x1C, 0xE9, 0x78,
    0xE3, 0x8F, 0xEA, 0xF5, 0x35, 0xE4, 0x8B, 0xA8, 0xD1, 0x78, 0xEC, 0x6F, 0x7A, 0x00, 0x4B, 0x3E,
    0x00, 0xD9, 0x98, 0x4C, 0xBA, 0x89, 0x7D, 0x07, 0xE7, 0xD5, 0x3D, 0x3E, 0xD7, 0xE6, 0xA2, 0x47,
    0xB9, 0xD2, 0x0E, 0xED, 0x31, 0xAA, 0x2E, 0x5D, 0x00, 0xD3, 0xE5, 0xA3, 0xB8, 0x63, 0x7A, 0x71,
    0x4A, 0xA2, 0xCD, 0x9B, 0x4B, 0x6E, 0xCD, 0x2D, 0xA7, 0x53, 0x7D, 0x83, 0x43, 0xEB, 0x00, 0x13,
    0xEA, 0x46, 0xD4, 0x7A, 0xD1, 0x2A, 0x88, 0x9A, 0x51, 0x34, 0xA7, 0x5B, 0x69, 0xCA, 0xCF, 0x0F,
    0xDA, 0x80, 0x5A, 0x63, 0xCC, 0xC9, 0xC5, 0x01, 0x7B, 0x5B, 0x73, 0xFC, 0xBD, 0x48, 0x4A, 0xD1,
    0x5C, 0xA7, 0x68, 0x9E, 0x89, 0x37, 0xE5, 0x2F, 0x03, 0x00, 0x9B, 0x8D, 0xFA, 0x27, 0x13, 0x80,
    0x80, 0x77, 0x77, 0xE3, 0x78, 0x80, 0x03, 0x71, 0xED, 0x19, 0x5D, 0xA6, 0xE9, 0x9A, 0x55, 0x22,
    0x87, 0x28, 0x03, 0x98, 0x48, 0xCB, 0xDA, 0x06, 0xD6, 0xEF, 0xFC, 0x93, 0xC0, 0xEA, 0x06, 0xC5,
    0x98, 0xD2, 0x89, 0x3D, 0x0B, 0x90, 0x90, 0x03, 0x50, 0xFC, 0x6B, 0x71, 0x27, 0x1B, 0xF1, 0x6A,
    0xFB, 0x65, 0x83, 0x5C, 0x1A, 0x14, 0x24, 0x47, 0x48, 0x4C, 0x33, 0xCA, 0x0E, 0x29, 0xD5, 0x2B,
    0xAA, 0x57, 0xCB, 0x7A, 0x5B, 0x46, 0xFD, 0xA8, 0xDA, 0x76, 0xA8, 0x03, 0xAC, 0x1A, 0x6F, 0xA8,
    0x37, 0x5B, 0xBB, 0x34, 0x9B, 0x6B, 0xF6, 0xF8, 0x16, 0xE2, 0x4A, 0x85, 0x6C, 0x96, 0x80, 0x75,
    0xAD, 0x8A, 0x8B, 0x95, 0xAE, 0x56, 0x17, 0xA7, 0xD9, 0x6D, 0xD2, 0x2C, 0x35, 0xCD, 0x42, 0xD3,
    0xCC, 0x3B, 0x13, 0x56, 0xAA, 0x69, 0x66, 0x37, 0x96, 0xA6, 0xAC, 0xC2, 0x57, 0x98, 0xDC, 0x79,
    0x39, 0x2E, 0xD7, 0x93, 0xA3, 0xD1, 0x1C, 0x0B, 0xCD, 0xB1, 0xDA, 0xCA, 0x91, 0x2F, 0x93, 0xE3,
    0x2C, 0x92, 0x71, 0x57, 0x93, 0x09, 0xB1, 0x6E, 0xE1, 0xFD, 0x78, 0x85, 0x69, 0xC5, 0xD4, 0xEA,
    0xD7, 0x74, 0xF7, 0xFD, 0xF7, 0xBA, 0xEF, 0xBE, 0xDB, 0xF2, 0x3C, 0x4C, 0xC6, 0xCD, 0xDE, 0x20,
    0xD9, 0x3E, 0xDD, 0xB2, 0xB5, 0x7F, 0x18, 0x44, 0xF3, 0x4E, 0xF4, 0x7B, 0x9B, 0x96, 0x4C, 0xB7,
    0x7E, 0x59, 0x6C, 0xBF, 0xCC, 0x6D, 0x7D, 0x31, 0xCB, 0xD7, 0xC3, 0x5C, 0x6F, 0x9A, 0x9F, 0x5E,
    0x77, 0x9A, 0xD8, 0x43, 0x2C, 0xEB, 0x23, 0x19, 0x14, 0x19, 0x27, 0xC4, 0xE9, 0x13, 0xF1, 0xEC,
    0xEB, 0x24, 0x61, 0x94, 0x6F, 0x22, 0x39, 0x77, 0xAF, 0x32, 0xC9, 0xF8, 0x7E, 0xCD, 0xE6, 0x2E,
    0x1B, 0xEC, 0xB5, 0xC7, 0x00, 0xE3, 0x19, 0xAE, 0x4E, 0xA9, 0xF3, 0x08, 0xC0, 0xBE, 0x3A, 0xF7,
    0xF9, 0x08, 0x68, 0x3F, 0x81, 0xDD, 0x5C, 0xBF, 0x12, 0xC9, 0x19, 0x73, 0x18, 0xB6, 0x3E, 0x39,
    0xE5, 0x61, 0x11, 0x18, 0x6F, 0x5D, 0xFC, 0x38, 0xE5, 0x5E, 0x64, 0x4B, 0xF2, 0xC4, 0x0B, 0x0C,
    0x15, 0x65, 0x44, 0x52, 0x2B, 0x60, 0x2F, 0x83, 0xBD, 0xFB, 0x82, 0x3F, 0x72, 0x16, 0xFC, 0x63,
    0xFD, 0x42, 0xFF, 0x21, 0xFD, 0x0A, 0xA3, 0xB6, 0x84, 0xED, 0x50, 0x0A, 0x3C, 0x4C, 0x78, 0x5D,
    0xA8, 0x8F, 0x51, 0x3E, 0x47, 0xC1, 0x05, 0xA4, 0x37, 0x9C, 0x93, 0x8D, 0x31, 0x4E, 0x58, 0x92,
    0x90, 0x80, 0xF7, 0xCF, 0x09, 0xF8, 0x80, 0x07, 0x07, 0x07, 0xF5, 0xDF, 0x1C, 0x63, 0xF9, 0x13,
    0x7E, 0x45, 0x02, 0x76, 0xF5, 0x9A, 0xFB, 0xAD, 0x1A, 0x4C, 0xD1, 0x6F, 0xAB, 0xE2, 0x54, 0x77,
    0xBE, 0xEA, 0x10, 0xD8, 0xD5, 0xA4, 0xED, 0x01, 0x56, 0x9C, 0xE2, 0xF5, 0x02, 0xD4, 0x3B, 0x98,
    0x1E, 0x6D, 0x03, 0xCA, 0x89, 0x5F, 0x45, 0x13, 0x1E, 0xA1, 0x3E, 0xAE, 0x38, 0x65, 0xA4, 0xE5,
    0xB8, 0xD2, 0xB2, 0x7B, 0xBB, 0x1D, 0x2D, 0xC9, 0xA9, 0x5A, 0x1E, 0xE6, 0xC3, 0xD9, 0x3B, 0x6F,
    0xAE, 0x39, 0xDD, 0xE5, 0x11, 0x88, 0xAB, 0xFE, 0x13, 0x97, 0xAC, 0x8C, 0x33, 0x97, 0xFE, 0xAD,
    0x7A, 0xA8, 0x38, 0xDB, 0xC9, 0x72, 0x28, 0xE7, 0x6F, 0xA6, 0xC7, 0x38, 0xAD, 0x3B, 0xA8, 0x88,
    0x96, 0xB8, 0x77, 0xE9, 0x61, 0x13, 0xFE, 0xAA, 0xE2, 0x62, 0xB9, 0xFC, 0x1F, 0xE5, 0x99, 0x3F,
    0xAC, 0xE5, 0x46, 0x15, 0x87, 0xBF, 0xB1, 0xD9, 0xE7, 0x08, 0x4B, 0x98, 0x62, 0x13, 0x45, 0x59,
    0x21, 0x53, 0x50, 0x22, 0xB9, 0x4D, 0x81, 0xB0, 0xA1, 0xA5, 0x79, 0xC5, 0x06, 0x8A, 0x14, 0xD0,
    0x53, 0x2C, 0x05, 0x25, 0xAC, 0xDD, 0x37, 0xB9, 0xC5, 0x92, 0xBE, 0xA0, 0xA1, 0x4A, 0x2F, 0x85,
    0xB5, 0x25, 0x7A, 0xE1, 0xBE, 0x89, 0x8B, 0x47, 0x91, 0xCE, 0x85, 0x91, 0xBC, 0x62, 0xEC, 0x1F,
    0x3B, 0x67, 0x9C, 0xBD, 0x7A, 0xFB, 0x8F, 0xCD, 0xFE, 0x21, 0x4B, 0x38, 0x7A, 0xFE, 0xBE, 0xD1,
    0x68, 0x9F, 0xE7, 0xDC, 0x33, 0x67, 0xEE, 0xBD, 0xDE, 0x57, 0x4A, 0x43, 0x1D, 0xAF, 0x86, 0xA7,
    0x44, 0x29, 0x35, 0xA5, 0xC4, 0x45, 0x7F, 0x05, 0xF5, 0xF0, 0x5A, 0x2F, 0xD7, 0x7F, 0x49, 0x11,
    0xEF, 0xDF, 0x84, 0xF5, 0x5B, 0x89, 0x70, 0x3D, 0x11, 0x37, 0x1A, 0x72, 0x0D, 0x54, 0x1A, 0xB8,
    0xD0, 0x4B, 0xAE, 0xD7, 0x5E, 0x85, 0xB5, 0xA8, 0xE2, 0xFD, 0x7F, 0x4F, 0xE6, 0x29, 0xD4, 0xDC,
    0x6D, 0xE5, 0x4B, 0xCD, 0xEE, 0xFE, 0xF9, 0xC5, 0xB7, 0xDA, 0x5A, 0xF9, 0x0F, 0x74, 0x42, 0xBC,
    0xF4, 0x4F, 0xA2, 0x3F, 0xD7, 0xE1, 0x3E, 0x9B, 0xAD, 0x75, 0xF1, 0xAC, 0xB5, 0x78, 0x97, 0x4A,
    0xF4, 0xE2, 0xD6, 0x0B, 0xDF, 0xD9, 0xE9, 0x5E, 0xA5, 0xBD, 0xD6, 0xFE, 0x5A, 0xF2, 0xBC, 0x78,
    0x94, 0xE7, 0x5D, 0x92, 0x95, 0x6C, 0xA6, 0x98, 0x29, 0x16, 0x0A, 0xCD, 0xA9, 0x66, 0xFA, 0x8E,
    0x8D, 0x54, 0xC7, 0x8F, 0xF3, 0x00, 0xAF, 0x98, 0xFC, 0xB1, 0x5C, 0x79, 0x45, 0x8F, 0xDB, 0x48,
    0x3D, 0xE9, 0x46, 0xA2, 0xBF, 0x10, 0x26, 0xD7, 0xE7, 0x2C, 0x27, 0x79, 0x69, 0xFD, 0x40, 0xDD,
    0xAB, 0xBD, 0xDE, 0x53, 0x2F, 0x2F, 0xF9, 0x97, 0x4A, 0xFE, 0x54, 0xCB, 0xF7, 0xF2, 0xAD, 0xB6,
    0x52, 0xEA, 0x5A, 0xF9, 0x4A, 0x6A, 0x1E, 0xEE, 0x80, 0x1D, 0x0E, 0x59, 0x9F, 0xBD, 0x0D, 0x0A,
    0xBB, 0x1A, 0x54, 0x6B, 0x0B, 0x6A, 0x83, 0xBA, 0xD8, 0xDB, 0x8D, 0xA9, 0x37, 0xBA, 0xDD, 0x94,
    0x7A, 0x53, 0xB5, 0x04, 0x26, 0x9A, 0x6C, 0x4E, 0x4D, 0x10, 0xB7, 0x03, 0x36, 0xD8, 0x6C, 0x47,
    0xCE, 0x70, 0xFE, 0xBC, 0x3B, 0x8F, 0xF7, 0x04, 0xB7, 0x43, 0x61, 0x7D, 0xAF, 0x44, 0xFE, 0x96,
    0xB8, 0xE3, 0x11, 0xE9, 0x2B, 0xC1, 0xE9, 0x5E, 0xEA, 0x6B, 0x6D, 0xA9, 0x6F, 0xE5, 0x2D, 0xDD,
    0x33, 0xB2, 0x15, 0xC8, 0x17, 0xA0, 0x9C, 0x81, 0x7E, 0x80, 0x4C, 0x0D, 0x54, 0x1B, 0x50, 0x8C,
    0xC0, 0x25, 0x24, 0x5B, 0x98, 0xED, 0x28, 0x35, 0x51, 0xFF, 0x62, 0x61, 0x4B, 0x7C, 0xBA, 0xF0,
    0x47, 0x1A, 0xBE, 0xCF, 0x11, 0x4E, 0xF2, 0x4E, 0x5A, 0xF8, 0xED, 0xDE, 0xD8, 0x9D, 0xDF, 0xC8,
    0xB5, 0x42, 0xB6, 0x40, 0x3E, 0x43, 0x31, 0x43, 0x3D, 0x82, 0x3A, 0x72, 0x41, 0xEB, 0xA1, 0x3A,
    0x11, 0x23, 0x9F, 0xA0, 0x5C, 0xA0, 0xF6, 0xD0, 0x0B, 0xE7, 0xEB, 0x2E, 0x5D, 0xCA, 0xA1, 0x18,
    0xB3, 0xB1, 0x68, 0x92, 0x0E, 0x8E, 0x70, 0x97, 0x24, 0x9A, 0xC9, 0x35, 0xE3, 0xFA, 0x78, 0xCF,
    0x57, 0xBF, 0xC2, 0xDA, 0x63, 0xEC, 0xA6, 0x7E, 0x20, 0x51, 0xAC, 0xA5, 0xE6, 0xD8, 0x3D, 0x61,
    0x07, 0xA4, 0x21, 0xAA, 0x0B, 0xA7, 0xB1, 0x5A, 0x41, 0xC7, 0x6B, 0xC1, 0x89, 0xA0, 0xCC, 0x9B,
    0xCA, 0xC9, 0xD4, 0x76, 0x41, 0x6E, 0x23, 0x28, 0x5F, 0x4C, 0xD5, 0x68, 0xEA, 0x31, 0xED, 0x51,
    0x6A, 0x4C, 0xF5, 0x68, 0x2A, 0x17, 0x53, 0xB6, 0x99, 0x12, 0x35, 0x41, 0xF4, 0xA3, 0xA9, 0x5A,
    0x4C, 0xF9, 0x66, 0x4A, 0xD4, 0x05, 0xD1, 0xCF, 0xE1, 0x84, 0x87, 0x84, 0x6B, 0x79, 0x72, 0x8D,
    0xAD, 0x3C, 0x4E, 0xE3, 0xD1, 0x9A, 0xE7, 0xC2, 0xAD, 0xA6, 0x74, 0x37, 0x39, 0x99, 0x38, 0x74,
    0x4C, 0x7A, 0x53, 0xBA, 0x44, 0x8D, 0xC0, 0x85, 0x65, 0x5B, 0x2B, 0xB0, 0x35, 0x3A, 0x23, 0x2F,
    0x44, 0x27, 0x8D, 0x88, 0xC8, 0xE2, 0x01, 0x88, 0x6A, 0x0C, 0x14, 0xA0, 0x74, 0x0D, 0x2C, 0xC7,
    0xC0, 0xBE, 0x09, 0x14, 0x81, 0xF5, 0x10, 0x18, 0x0B, 0x99, 0xAF, 0x81, 0x96, 0xB4, 0x50, 0x17,
    0xD8, 0x4E, 0x81, 0xA5, 0xC7, 0xA9, 0xC9, 0x45, 0xA5, 0x25, 0xD1, 0x58, 0x6B, 0xA1, 0x9D, 0x8F,
    0x0F, 0xCE, 0x23, 0xB2, 0x29, 0xB0, 0x58, 0x6D, 0xEC, 0x03, 0xD3, 0xC8, 0x38, 0x33, 0x73, 0x1C,
    0x17, 0x28, 0x9B, 0xA3, 0x56, 0x54, 0x96, 0x6D, 0x6F, 0xBC, 0x75, 0x3D, 0xE7, 0x90, 0xA2, 0x92,
    0xCD, 0xB2, 0x9A, 0xCF, 0x79, 0x0A, 0x63, 0x67, 0x33, 0x96, 0x73, 0xB1, 0x3C, 0xDA, 0x43, 0x1D,
    0xBB, 0xD4, 0x5B, 0xCE, 0xD5, 0xB5, 0x9C, 0xA7, 0xEB, 0x39, 0xBF, 0x4F, 0x88, 0xCF, 0x03, 0xE2,
    0xF6, 0x57, 0x81, 0x4E, 0x4B, 0x7C, 0x6F, 0x0A, 0x3C, 0xF1, 0xD4, 0x68, 0x25, 0xE3, 0x06, 0x84,
    0xCF, 0x46, 0x40, 0xBC, 0x41, 0xA6, 0x5D, 0x60, 0x3E, 0x04, 0x16, 0x67, 0x52, 0x75, 0x17, 0x92,
    0xD4, 0xD5, 0x81, 0x4D, 0x1B, 0x08, 0xFC, 0x86, 0x6C, 0xA1, 0x5E, 0x12, 0x2D, 0x95, 0x4E, 0xF5,
    0x15, 0x37, 0xB1, 0xB0, 0xD6, 0xAA, 0x65, 0x4D, 0xF5, 0x3A, 0x7E, 0x9C, 0x4E, 0xAD, 0xB6, 0x5E,
    0xFE, 0xAD, 0xAE, 0xC6, 0xB5, 0xB8, 0x6B, 0x54, 0x17, 0xD8, 0x0E, 0x81, 0x75, 0x64, 0x9C, 0x09,
    0x60, 0x0B, 0x70, 0xCB, 0x1B, 0x28, 0xD7, 0xBD, 0x5A, 0xEA, 0xB5, 0x9F, 0x73, 0x51, 0x17, 0xB2,
    0xA8, 0x87, 0xB0, 0x7E, 0x8F, 0xF3, 0xA4, 0x13, 0x8F, 0x22, 0x1D, 0x8C, 0xF3, 0xC1, 0x56, 0x7B,
    0x16, 0xB8, 0x65, 0x63, 0x28, 0x72, 0x36, 0x80, 0xC8, 0x3A, 0x63, 0x63, 0x7C, 0xD3, 0x45, 0x2E,
    0x9F, 0x59, 0xE4, 0x8B, 0xDE, 0x4D, 0xB5, 0x9C, 0x6F, 0x95, 0x78, 0xEC, 0x4A, 0x17, 0x94, 0xCE,
    0x28, 0x9D, 0x50, 0x3A, 0xA0, 0x78, 0xB7, 0x57, 0xBD, 0x9C, 0x4E, 0xD4, 0xF2, 0xF4, 0xF2, 0x1C,
    0x4D, 0x67, 0xE5, 0x7C, 0x4F, 0xCD, 0x0B, 0xBD, 0xA6, 0x2D, 0x30, 0xD5, 0xE3, 0x74, 0xFE, 0x45,
    0xEA, 0x31, 0x9C, 0x99, 0x5D, 0x6B, 0xBD, 0xA3, 0x1E, 0xC6, 0x36, 0xB0, 0xB1, 0xB7, 0xF0, 0xDA,
    0xF2, 0x0B, 0x70, 0x01, 0x7C, 0x4D, 0xD4, 0x0D, 0x42, 0xC3, 0x35, 0xB4, 0x2F, 0x7C, 0x03, 0xA7,
    0x4B, 0xA8, 0xE4, 0xA1, 0x0F, 0xC8, 0xA4, 0xC9, 0x38, 0x82, 0xFB, 0xEC, 0x01, 0x40, 0x31, 0x3F,
    0x9F, 0xEF, 0x18, 0xEF, 0x07, 0xFE, 0x6B, 0x0B, 0xD4, 0x18, 0x18, 0x86, 0xF4, 0x33, 0x90, 0x2B,
    0xB0, 0xFE, 0x22, 0xF0, 0x07, 0x8F, 0xDF, 0xE1, 0x43, 0xE3, 0xE7, 0x46, 0x1F, 0xE8, 0x8C, 0xC9,
    0xCA, 0x1D, 0x49, 0x6B, 0x2A, 0x49, 0x4B, 0x16, 0x38, 0xBB, 0xCF, 0x06, 0x0A, 0x0D, 0x94, 0xFF,
    0xF1, 0x99, 0xEB, 0x6F, 0xC3, 0xC3, 0xE5, 0x46, 0x6A, 0x35, 0xD4, 0xEB, 0xF1, 0x5D, 0x60, 0x20,
    0x3B, 0x9E, 0xD9, 0xDA, 0x7A, 0xE0, 0xC3, 0xE7, 0x3E, 0x9B, 0xFD, 0xC3, 0x9E, 0x03, 0x2B, 0xC5,
    0x6E, 0xF9, 0x11, 0x31, 0x7C, 0x54, 0x7E, 0xB8, 0x8E, 0x4E, 0x34, 0x9B, 0xB3, 0xBD, 0x89, 0x3E,
    0xF1, 0x9C, 0x68, 0x05, 0xB9, 0x1D, 0x87, 0x2E, 0xAC, 0x41, 0xA6, 0x11, 0xF7, 0xD9, 0x15, 0x68,
    0xB6, 0x3E, 0x41, 0xEB, 0xE1, 0x2D, 0x7A, 0x53, 0xB4, 0xEF, 0x87, 0xE8, 0x7A, 0x8C, 0x2E, 0xE6,
    0xE8, 0xDC, 0x47, 0xA7, 0x7B, 0x34, 0x6A, 0xA2, 0xDB, 0x21, 0xBA, 0x9A, 0xA2, 0x8B, 0x25, 0x3A,
    0xF3, 0xD1, 0x89, 0xA2, 0xD1, 0x27, 0xD1, 0xED, 0xDF, 0xA3, 0x2B, 0x45, 0x17, 0x87, 0xD3, 0x87,
    0xBE, 0xD8, 0x4F, 0xB8, 0x50, 0x3B, 0xAD, 0x56, 0xCB, 0x3E, 0xB8, 0x1E, 0xB0, 0xB8, 0xC9, 0x39,
    0xF2, 0xE6, 0xFC, 0xD1, 0x5D, 0x1B, 0xFB, 0x2E, 0x50, 0x01, 0xA9, 0x3F, 0x7F, 0xF6, 0x27, 0x1D,
    0xD7, 0xE3, 0x26, 0x1F, 0x35, 0xDC, 0xDA, 0x72, 0x2D, 0xF4, 0x5B, 0xAB, 0x9D, 0x3B, 0xDA, 0x3F,
    0x16, 0x68, 0x42, 0x1D, 0x6A, 0x68, 0x1F, 0xD2, 0x16, 0x7D, 0x05, 0x3A, 0x9D, 0x68, 0xAF, 0x2A,
    0x6B, 0xAC, 0xDA, 0x1A, 0xEB, 0x7F, 0x77, 0x47, 0x2E, 0x1F, 0xDB, 0x91, 0xE5, 0xE9, 0x3B, 0x02,
    0x77, 0x0F, 0xAB, 0x8B, 0x6E, 0x87, 0xE8, 0xFA, 0x2B, 0x7F, 0x35, 0x1F, 0xC5, 0x16, 0xE5, 0x96,
    0xFF, 0xFE, 0xBE, 0x2C, 0xB6, 0x2F, 0x73, 0x26, 0x61, 0xF1, 0x12, 0xDF, 0x17, 0x03, 0xDC, 0x40,
    0x15, 0x9C, 0x2E, 0x28, 0x38, 0xD9, 0xE2, 0x3F, 0xA7, 0xFF, 0x64, 0x36, 0x57, 0x1A, 0xCC, 0x99,
    0x4C, 0x38, 0xFF, 0x7F, 0x79, 0x6A, 0x1D, 0x5C, 0x42, 0x3E, 0xA4, 0xF6, 0x14, 0x98, 0x4F, 0xA1,
    0xA0, 0xD5, 0x00, 0xEC, 0x2D, 0x40, 0xBB, 0x05, 0x96, 0xE7, 0x1A, 0x03, 0x6F, 0xC7, 0xA9, 0xCD,
    0x26, 0x62, 0x94, 0x4B, 0x34, 0x85, 0x8F, 0x8E, 0xED, 0x71, 0xEE, 0x90, 0xA3, 0x49, 0xE2, 0x60,
    0xBE, 0xD6, 0x4E, 0xD8, 0x26, 0xDD, 0xE0, 0xDD, 0x4B, 0x28, 0xBB, 0x0B, 0xFD, 0x5C, 0x1B, 0xFC,
    0x94, 0x4A, 0xBF, 0x96, 0x3A, 0xE0, 0x96, 0xF4, 0x69, 0xEC, 0x93, 0x7A, 0xA5, 0x9E, 0x6C, 0x30,
    0x52, 0xC6, 0xC1, 0x40, 0x31, 0xBF, 0xD9, 0x41, 0x7B, 0x45, 0xF9, 0x00, 0xC8, 0xB5, 0x23, 0x0D,
    0x50, 0x68, 0x73, 0xD2, 0xF0, 0x64, 0x37, 0x0E, 0xCF, 0xE8, 0x46, 0xFF, 0x78, 0x37, 0x76, 0xCF,
    0xE8, 0xC6, 0x35, 0x3A, 0xDD, 0xA2, 0xD1, 0xE1, 0xB6, 0x8B, 0xAE, 0xC6, 0xE8, 0x62, 0x8E, 0xCE,
    0xD6, 0xE8, 0x64, 0x8B, 0x46, 0x87, 0xDB, 0xA3, 0x2B, 0xAB, 0x2F, 0xBE, 0x66, 0x37, 0x56, 0xDD,
    0xE1, 0x26, 0x30, 0x6B, 0x6A, 0xE2, 0x91, 0xBE, 0x1F, 0x2D, 0x7F, 0x78, 0x36, 0x3B, 0x35, 0x4F,
    0xF6, 0xDE, 0xF6, 0xC6, 0x7A, 0xAF, 0x1E, 0x2A, 0xAD, 0x0F, 0x59, 0x6B, 0xA1, 0x7E, 0xF2, 0x69,
    0xC0, 0xA8, 0x80, 0xC4, 0x98, 0xFB, 0xC0, 0x3E, 0x3E, 0x1D, 0x8E, 0x80, 0xDB, 0x6C, 0xA8, 0x30,
    0x93, 0x45, 0xE5, 0xD2, 0xCC, 0x8B, 0xC5, 0x1D, 0x9D, 0xE2, 0xEF, 0x6D, 0x40, 0x2D, 0xEB, 0x4D,
    0x8D, 0x4E, 0x33, 0xE9, 0x06, 0xD5, 0x4A, 0xB1, 0xD8, 0x9A, 0xA1, 0x31, 0xD3, 0x3D, 0xA6, 0xA6,
    0x98, 0x9B, 0x9A, 0xB6, 0xB1, 0x0C, 0x7B, 0x4C, 0x8A, 0xB9, 0x3F, 0x47, 0x9D, 0xEC, 0x17, 0x9A,
    0xBE, 0x03, 0x7A, 0xDA, 0xE3, 0x66, 0xA3, 0xBD, 0x88, 0x6A, 0xB6, 0x53, 0x55, 0x78, 0xC2, 0x9A,
    0x59, 0xA8, 0xF0, 0x84, 0xD3, 0x83, 0x8F, 0xD5, 0x40, 0x1B, 0x13, 0x8C, 0xDF, 0x1D, 0xE1, 0xDD,
    0xDB, 0x81, 0x61, 0xCE, 0x49, 0x3E, 0x60, 0xE5, 0xE9, 0xF1, 0x11, 0x10, 0xEA, 0xEB, 0x24, 0x91,
    0x3D, 0xDC, 0xC1, 0xA1, 0x98, 0x69, 0xA7, 0x6A, 0xA0, 0x9C, 0xEB, 0x8E, 0x62, 0xED, 0x21, 0xF3,
    0x82, 0xF4, 0x69, 0x58, 0xD5, 0x90, 0x2E, 0xFD, 0x40, 0x3E, 0x87, 0xB6, 0x9E, 0xAA, 0xB0, 0x45,
    0x85, 0x3E, 0x55, 0x93, 0x5A, 0x42, 0xBD, 0x26, 0x70, 0x96, 0x4C, 0x0C, 0x37, 0xF0, 0x7E, 0x7C,
    0x2F, 0xF8, 0x49, 0xD0, 0xE6, 0x3C, 0xE0, 0xE2, 0xAE, 0xD0, 0xC7, 0xE4, 0xF3, 0xED, 0x5B, 0xBD,
    0x2B, 0x16, 0xBF, 0xE3, 0x7B, 0xE0, 0xA9, 0x41, 0x3F, 0xDB, 0xA1, 0x95, 0x87, 0x52, 0x33, 0xB8,
    0xFB, 0xCD, 0xCB, 0x6C, 0x52, 0xF3, 0x9A, 0x36, 0xE9, 0x92, 0x1F, 0x02, 0xC9, 0x8C, 0x1D, 0x93,
    0x35, 0xF3, 0x40, 0x35, 0x97, 0x0B, 0xA0, 0xA1, 0x1D, 0x43, 0x35, 0x9D, 0x80, 0x7C, 0x49, 0x57,
    0x20, 0x6B, 0xD2, 0xEE, 0x5B, 0xB8, 0x3B, 0x4C, 0xDF, 0x05, 0xB7, 0x16, 0x43, 0xFC, 0x44, 0xCE,
    0x96, 0x50, 0xE4, 0xA9, 0x87, 0x72, 0xF0, 0x50, 0x27, 0x0B, 0xFC, 0xD8, 0x8D, 0xDF, 0xCC, 0x39,
    0xBA, 0xA5, 0x10, 0x90, 0x98, 0x05, 0xD5, 0x31, 0x40, 0x57, 0x08, 0xEA, 0x50, 0x52, 0xC2, 0x3C,
    0xF9, 0x6A, 0x83, 0x92, 0x72, 0xB6, 0xC1, 0x3B, 0x56, 0xEA, 0xA3, 0x6C, 0xC7, 0xA0, 0x6D, 0x8E,
    0x41, 0x4F, 0x1C, 0x18, 0x24, 0xCD, 0x4F, 0x0C, 0xA6, 0x38, 0x00, 0xCE, 0x83, 0xBE, 0x39, 0x06,
    0x6D, 0x77, 0x0C, 0x8E, 0x25, 0x12, 0xEA, 0xC9, 0x06, 0xD9, 0x50, 0x2E, 0x36, 0x28, 0x86, 0x7C,
    0x3B, 0x06, 0xA9, 0x46, 0xCB, 0x70, 0xA0, 0xD7, 0x9F, 0x64, 0x0D, 0x52, 0xCA, 0xA2, 0xC1, 0x99,
    0x05, 0xB8, 0x8F, 0x2E, 0xC1, 0x0C, 0x37, 0xEC, 0x41, 0x79, 0x72, 0xDA, 0x71, 0xD2, 0x9E, 0x4B,
    0x43, 0x28, 0xF2, 0x9D, 0x7F, 0xF6, 0x73, 0x31, 0xD1, 0xAB, 0x2B, 0x96, 0x7A, 0xA0, 0x12, 0xD9,
    0x5A, 0x37, 0x14, 0x1B, 0xA9, 0xEF, 0xAD, 0xC7, 0xAC, 0xBE, 0x99, 0xA4, 0xE0, 0xF4, 0x6C, 0xAD,
    0xC1, 0x1E, 0x78, 0xE4, 0x86, 0x6C, 0x8B, 0x8F, 0x4C, 0xF9, 0x0E, 0xB4, 0x23, 0xA5, 0x1A, 0xA8,
    0x17, 0x5A, 0x8D, 0x50, 0xEC, 0xBF, 0x52, 0xBF, 0xFF, 0x72, 0x09, 0x7D, 0x5D, 0x4A, 0x4B, 0xD8,
    0x94, 0x44, 0x1A, 0xB9, 0x71, 0xFB, 0x7A, 0xF3, 0xF0, 0x07, 0x63, 0xB2, 0x99, 0x8A, 0xA8, 0x7E,
    0xB5, 0x39, 0x8D, 0xE7, 0xEF, 0x44, 0x38, 0x9E, 0x8C, 0xF7, 0x7A, 0x7D, 0x89, 0xF5, 0xA6, 0xC6,
    0x78, 0x78, 0x16, 0x40, 0x54, 0xDE, 0x94, 0xEE, 0x26, 0x27, 0x13, 0x4F, 0x53, 0xB2, 0x99, 0x72,
    0x6F, 0xEA, 0xE7, 0x20, 0xA9, 0x33, 0xAD, 0x98, 0x66, 0x53, 0xB6, 0x9A, 0x92, 0xDD, 0x84, 0x1A,
    0x53, 0x3B, 0x98, 0xAA, 0xD9, 0x54, 0x1C, 0xCB, 0xCA, 0xE4, 0x14, 0xFF, 0x9E, 0xD4, 0x2E, 0xD4,
    0xDA, 0x29, 0x77, 0x5A, 0x6D, 0x64, 0xE7, 0x3F, 0x10, 0x59, 0x14, 0x40, 0x39, 0x1C, 0x9D, 0xD0,
    0xE0, 0x36, 0x48, 0x17, 0xC8, 0x46, 0x48, 0x1B, 0x1E, 0xC5, 0x4D, 0x6E, 0xE7, 0x5B, 0xB6, 0xB7,
    0x5B, 0xA9, 0x7E, 0x6B, 0x75, 0xB1, 0xEF, 0x7F, 0x45, 0xF3, 0x77, 0xD0, 0xF0, 0x35, 0xFE, 0xA7,
    0xE9, 0x1E, 0xAD, 0xD4, 0xF4, 0x52, 0xF3, 0x0D, 0x14, 0x6E, 0x33, 0x21, 0x5E, 0x53, 0xE1, 0x80,
    0x64, 0x36, 0xC5, 0x15, 0x48, 0xBD, 0xC9, 0x1D, 0x5A, 0xAF, 0xFD, 0x93, 0xC9, 0x94, 0x77, 0xC0,
    0xBF, 0x01, 0xE5, 0x99, 0x31, 0xAC, 0x1F, 0x47, 0xB9, 0xC5, 0x7F, 0xB3, 0xEB, 0xDC, 0x95, 0xB2,
    0x4F, 0x99, 0x14, 0xCE, 0xD3, 0x7B, 0x31, 0xD1, 0xA6, 0x44, 0x42, 0xCA, 0xB6, 0x14, 0xB1, 0x67,
    0x10, 0xBD, 0x70, 0x11, 0xD7, 0xA1, 0x97, 0x90, 0x29, 0x29, 0x88, 0x67, 0xFB, 0xEA, 0x16, 0x84,
    0x9A, 0x82, 0x0E, 0x4A, 0x4A, 0x3B, 0x3B, 0x82, 0x92, 0x66, 0x11, 0x88, 0x36, 0x8B, 0x94, 0x14,
    0x81, 0x66, 0x14, 0x36, 0x62, 0x83, 0x66, 0xF7, 0xC3, 0xFF, 0xF9, 0x74, 0xAF, 0x7D, 0xAF, 0xEF,
    0x5F, 0x38, 0xC4, 0x06, 0x27, 0x1C, 0xDD, 0xF9, 0xCE, 0x5F, 0xBB, 0xD6, 0xEC, 0x7C, 0xE7, 0x9C,
    0x99, 0x29, 0xCC, 0x75, 0xDE, 0x69, 0xB7, 0x66, 0x0F, 0x5B, 0x27, 0xE3, 0x16, 0xE4, 0x64, 0xDF,
    0x1F, 0x20, 0xE9, 0x1A, 0x12, 0x41, 0x78, 0xAA, 0x61, 0xE4, 0x27, 0x04, 0x11, 0x3F, 0x3E, 0x1C,
    0x9C, 0xE1, 0x1E, 0x20, 0x03, 0x84, 0x08, 0xEE, 0x30, 0x06, 0x18, 0xC1, 0x64, 0xA8, 0x67, 0x00,
    0x5E, 0x02, 0xAA, 0x44, 0x3F, 0x80, 0xD9, 0x10, 0x00, 0xF9, 0x6E, 0x06, 0x70, 0x7F, 0x49, 0x00,
    0x56, 0x22, 0x40, 0xAD, 0xB3, 0xF2, 0x80, 0x63, 0xF8, 0xDF, 0x51, 0x3E, 0x01, 0x82, 0x88, 0x4C,
    0xE0, 0x44, 0x64, 0x01, 0x84, 0x3E, 0x17, 0xAA, 0xF7, 0x42, 0x46, 0x0A, 0x71, 0x15, 0x55, 0x5B,
    0xA1, 0x36, 0x17, 0x1A, 0x13, 0x20, 0x22, 0x43, 0xA1, 0x95, 0x42, 0xA9, 0x50, 0xB3, 0x16, 0xAA,
    0xF6, 0x42, 0x88, 0x2F, 0x14, 0x62, 0xA1, 0x3E, 0x15, 0xB2, 0xB9, 0x50, 0x2D, 0xE8, 0x67, 0x23,
    0x27, 0xF2, 0x73, 0xC2, 0x82, 0x93, 0x9D, 0x6E, 0x27, 0xC8, 0x46, 0xA3, 0x4D, 0xF1, 0x0E, 0x06,
    0xBC, 0x1D, 0xEA, 0xD4, 0xCE, 0x36, 0xD6, 0x4B, 0xEF, 0xCD, 0x76, 0x0F, 0x42, 0x86, 0x7E, 0x81,
    0x76, 0xE6, 0x02, 0x9E, 0x91, 0x5B, 0xFD, 0x45, 0xB7, 0x4C, 0x02, 0xDA, 0x05, 0x70, 0x0B, 0x54,
    0x32, 0x83, 0x15, 0x0F, 0x76, 0x06, 0xAE, 0x71, 0x01, 0xAD, 0x9C, 0x16, 0x6D, 0xA8, 0x45, 0xC4,
    0xDB, 0x95, 0xE0, 0xBB, 0x19, 0xE7, 0x5D, 0xD4, 0xD2, 0xE3, 0x22, 0x6F, 0xE1, 0x66, 0xA0, 0x5B,
    0x41, 0x67, 0xAA, 0x8B, 0x23, 0xA3, 0x78, 0xE8, 0x24, 0x81, 0x91, 0x0D, 0xE8, 0x04, 0xA8, 0x64,
    0xB8, 0x0E, 0x63, 0xBC, 0x0F, 0x2E, 0xE6, 0x43, 0xD9, 0xC0, 0x0D, 0x02, 0xA3, 0x97, 0xC1, 0x08,
    0xF2, 0xF9, 0xDD, 0x4C, 0xF1, 0xF4, 0x46, 0x59, 0xF2, 0x6B, 0xB7, 0x41, 0xF1, 0xA3, 0xB3, 0x8E,
    0xA0, 0xCE, 0xDA, 0x41, 0x37, 0x41, 0xEF, 0xE1, 0x7F, 0x78, 0x84, 0x97, 0x6E, 0x63, 0x44, 0x7C,
    0x2B, 0x12, 0xBB, 0x8F, 0xC7, 0xE8, 0xBC, 0x8D, 0x8E, 0xFA, 0x30, 0xBC, 0x9B, 0xA0, 0xDB, 0xA0,
    0x95, 0x59, 0xD7, 0xD4, 0xCB, 0x80, 0x91, 0xE9, 0x4D, 0xFA, 0xB4, 0x60, 0xD3, 0x8A, 0x4D, 0x1B,
    0xFD, 0x2C, 0x3F, 0x95, 0x78, 0xE8, 0x37, 0xC8, 0x8A, 0xB9, 0x73, 0xAE, 0xDB, 0x0A, 0x6A, 0x73,
    0x89, 0xAA, 0xFB, 0x30, 0xC1, 0x58, 0x67, 0xAA, 0xCC, 0x46, 0x35, 0xF3, 0x6D, 0xE0, 0x85, 0x54,
    0xCF, 0xA0, 0x9B, 0x32, 0x24, 0x90, 0x95, 0xEA, 0xF3, 0x8D, 0x26, 0x8D, 0xD8, 0xD8, 0xFB, 0xCE,
    0xDB, 0xE1, 0x1A, 0xE6, 0xF9, 0xAA, 0xF7, 0x82, 0xC8, 0x50, 0x9D, 0x4F, 0xDD, 0x4A, 0x04, 0xDD,
    0xC6, 0x6E, 0x00, 0x46, 0xA0, 0xDA, 0xD0, 0x4C, 0x61, 0xFC, 0x73, 0x4C, 0x51, 0xF0, 0x20, 0x33,
    0x8C, 0x09, 0xEC, 0x61, 0xCC, 0xEA, 0x8D, 0x40, 0xB5, 0x40, 0x35, 0xF0, 0x63, 0xDA, 0xD9, 0x6C,
    0x34, 0x6B, 0xB3, 0x50, 0xED, 0xDD, 0x0C, 0xA3, 0x0C, 0xD0, 0xEF, 0xA0, 0x27, 0x96, 0xF9, 0xD9,
    0x0B, 0x18, 0xB2, 0x6F, 0xD0, 0xFA, 0x5B, 0xF4, 0xBE, 0xF7, 0x01, 0x3B, 0x65, 0x9A, 0xBF, 0x2E,
    0x7A, 0xB4, 0x48, 0x54, 0x91, 0xFF, 0xFF, 0x89, 0x2D, 0x3A, 0x3C, 0x12, 0xB7, 0x3D, 0x08, 0x3B,
    0x38, 0xE0, 0x98, 0xB8, 0x3F, 0xBC, 0x2C, 0xEE, 0x1F, 0x2F, 0x8A, 0x2B, 0x07, 0xAC, 0x8F, 0xD7,
    0x8C, 0x8B, 0xF5, 0xA2, 0x75, 0xC5, 0xC5, 0x6A, 0x59, 0x0E, 0x35, 0xBD, 0x89, 0x8B, 0x66, 0x50,
    0xD5, 0x9F, 0x4B, 0x35, 0xE3, 0x27, 0x40, 0x2F, 0xA5, 0xF3, 0x52, 0x2F, 0x20, 0x4C, 0x00, 0x45,
    0x7E, 0xC6, 0x0C, 0x50, 0x6B, 0x5D, 0x41, 0x33, 0x71, 0x36, 0xDB, 0x07, 0x45, 0x2B, 0xC0, 0x01,
    0x23, 0x20, 0xE7, 0xE3, 0xA0, 0xFC, 0x32, 0xEA, 0x48, 0x08, 0x7C, 0xB1, 0xE1, 0x61, 0xFC, 0xF8,
    0x97, 0x04, 0xC9, 0xF4, 0x07, 0xA1, 0xEF, 0x00, 0xBA, 0x07, 0x68, 0xC4, 0xD3, 0xC8, 0xD9, 0x35,
    0xEE, 0x41, 0xA0, 0x59, 0xA1, 0x9D, 0xE0, 0x9B, 0x34, 0x11, 0x3E, 0xA0, 0x2F, 0xAF, 0x47, 0xC0,
    0x7E, 0x9A, 0x81, 0x5A, 0x12, 0x80, 0x4C, 0x00, 0xBD, 0xE7, 0x49, 0xBC, 0xE0, 0xFE, 0x34, 0xB1,
    0x34, 0x58, 0x86, 0x8D, 0x65, 0xBC, 0x6E, 0x3D, 0xC1, 0x82, 0xBC, 0x72, 0x4C, 0xF7, 0xF9, 0x19,
    0xE8, 0x7E, 0x44, 0x97, 0x6A, 0xD1, 0xAA, 0xBA, 0xFC, 0xEA, 0xA0, 0x48, 0x3A, 0xD2, 0x8F, 0xF6,
    0x70, 0xA1, 0x7E, 0x29, 0x5D, 0x74, 0x86, 0x50, 0xEA, 0x91, 0xEC, 0xB5, 0x22, 0x8B, 0x7B, 0x38,
    0xC2, 0xC3, 0x71, 0x55, 0x9F, 0x4E, 0x24, 0x1D, 0x06, 0xC7, 0x35, 0xF8, 0x01, 0x4E, 0x36, 0x3A,
    0x59, 0x34, 0x7B, 0x27, 0xCB, 0x09, 0x00, 0xDD, 0x6E, 0x23, 0xBA, 0x08, 0x65, 0x2B, 0x03, 0xC0,
    0x1B, 0xD5, 0xC6, 0x3F, 0x47, 0x90, 0x9D, 0xA6, 0x9C, 0x09, 0x1B, 0xAD, 0x08, 0xAF, 0xCB, 0x29,
    0x66, 0xFC, 0x08, 0x44, 0x5B, 0xFC, 0xCF, 0xB1, 0x87, 0x30, 0xC0, 0x78, 0x18, 0xFE, 0xB1, 0x77,
    0x0B, 0xCD, 0x06, 0x58, 0x79, 0x7F, 0x5C, 0xA1, 0x9C, 0xE0, 0xF3, 0x59, 0x27, 0x40, 0x39, 0xD9,
    0x0E, 0xB4, 0x51, 0x52, 0x2A, 0xDF, 0x49, 0x80, 0x95, 0xDF, 0x17, 0xFA, 0x8D, 0x14, 0x1A, 0x64,
    0x02, 0x2A, 0xFF, 0x96, 0xE7, 0x08, 0x5E, 0x83, 0x97, 0x3C, 0xBD, 0xD0, 0x4A, 0x24, 0x08, 0x56,
    0x22, 0xDF, 0x12, 0x4E, 0x24, 0xAA, 0x5D, 0xCF, 0x92, 0xC6, 0x08, 0xE3, 0x50, 0x95, 0x0C, 0x7D,
    0x76, 0x57, 0xFE, 0x00, 0xBD, 0xC8, 0x5D, 0x89, 0xB4, 0xB2, 0x76, 0x12, 0xE1, 0x8E, 0x7F, 0xF9,
    0x7D, 0x75, 0xD8, 0x03, 0x84, 0x47, 0xCC, 0xD3, 0x23, 0x48, 0xC6, 0x8A, 0xF8, 0xC2, 0xC5, 0xE9,
    0x81, 0x93, 0xAF, 0x83, 0xD3, 0x8D, 0xA8, 0xA9, 0xE7, 0x34, 0xA3, 0x78, 0x61, 0xBD, 0x7D, 0x57,
    0xBD, 0xB5, 0xEA, 0xED, 0xC9, 0xFB, 0x3C, 0xC2, 0x1B, 0x98, 0x01, 0xC0, 0x51, 0xC7, 0xC2, 0x73,
    0x37, 0x00, 0x74, 0x22, 0x68, 0xB3, 0xB9, 0x30, 0x77, 0x4F, 0xFF, 0x1B, 0x77, 0xB5, 0x82, 0xC6,
    0xF3, 0x7D, 0xC0, 0x46, 0x8A, 0xE5, 0x6B, 0x33, 0x6B, 0x0E, 0x22, 0x60, 0x54, 0x29, 0x6E, 0x7C,
    0xF4, 0x15, 0x09, 0x80, 0x6E, 0x6E, 0xEE, 0x6A, 0x83, 0x95, 0x24, 0xD4, 0xE8, 0xB5, 0x70, 0xFB,
    0xBB, 0x0C, 0xA5, 0xD7, 0x4B, 0x3C, 0x29, 0xB7, 0xB2, 0x14, 0xAE, 0x55, 0x2F, 0x95, 0xF5, 0x8A,
    0x40, 0x6C, 0xE7, 0x9B, 0xBF, 0xD3, 0x40, 0x7C, 0x3D, 0x36, 0x3F, 0xAD, 0xDA, 0x1C, 0xF4, 0xA9,
    0x9E, 0x8C, 0x66, 0x75, 0x03, 0x50, 0x25, 0x1B, 0x81, 0xFA, 0x9C, 0xCA, 0xC3, 0xDC, 0xFB, 0xC7,
    0x52, 0x32, 0x6E, 0x1A, 0x96, 0xF9, 0xC5, 0x3F, 0x1F, 0x0C, 0x80, 0xA5, 0xF5, 0x40, 0xF0, 0x7D,
    0x04, 0x23, 0x5E, 0x22, 0x34, 0x7B, 0x2D, 0x40, 0xB7, 0xD8, 0x15, 0x08, 0x83, 0x9B, 0x80, 0xF7,
    0xB8, 0x09, 0xF0, 0xEA, 0xD1, 0x8B, 0x40, 0x69, 0xD7, 0x6B, 0x60, 0x46, 0x0D, 0xF9, 0x37, 0x92,
    0x1A, 0xAF, 0xBE, 0xAB, 0x1A, 0xE7, 0xAE, 0xAB, 0xE9, 0xEA, 0xB9, 0x5A, 0x7E, 0xC5, 0x11, 0x30,
    0xBC, 0xAD, 0xDB, 0x60, 0x04, 0xE8, 0x27, 0x01, 0x70, 0xBF, 0xDE, 0x00, 0xC6, 0x7A, 0x05, 0xC8,
    0xED, 0x0C, 0x98, 0xA5, 0xD8, 0xCF, 0xF4, 0xF2, 0x57, 0xE1, 0x26, 0x78, 0x74, 0x4B, 0xAF, 0x5F,
    0xCD, 0x5B, 0xBA, 0x11, 0x91, 0xE9, 0xC2, 0x46, 0x7D, 0x37, 0x15, 0xA6, 0x1F, 0x94, 0x83, 0x12,
    0x72, 0xC6, 0x83, 0xF2, 0x28, 0xBE, 0xB0, 0x53, 0xA6, 0xDD, 0x8A, 0x45, 0xE5, 0xAF, 0x97, 0xC3,
    0x1F, 0x41, 0x70, 0xC2, 0xC1, 0xA2, 0x1B, 0x02, 0x08, 0x3C, 0x4B, 0x32, 0x02, 0x8C, 0x43, 0x23,
    0x1C, 0x2C, 0x1A, 0xE5, 0x14, 0x7A, 0xD9, 0x83, 0x94, 0x43, 0xB6, 0xDF, 0x81, 0x3B, 0x34, 0x13,
    0x00, 0x9D, 0x2F, 0xE4, 0x28, 0x18, 0x2F, 0x34, 0xA2, 0x7D, 0xE0, 0x94, 0x9A, 0x8D, 0x4B, 0x68,
    0x27, 0x40, 0xD1, 0xAF, 0x28, 0xF4, 0x00, 0x53, 0x98, 0x6D, 0x1C, 0x50, 0xD4, 0x6B, 0x37, 0xA1,
    0xB0, 0x73, 0x93, 0x50, 0x58, 0x6F, 0x26, 0x9E, 0x06, 0x22, 0x1B, 0x40, 0x27, 0x82, 0x48, 0xA6,
    0x49, 0x74, 0xB2, 0x73, 0x43, 0x4E, 0x69, 0x13, 0x26, 0xCC, 0x54, 0x3B, 0xD8, 0x05, 0xDC, 0x50,
    0x9A, 0xB7, 0x2B, 0x04, 0x0F, 0xE2, 0xE9, 0x32, 0x8C, 0x45, 0x0E, 0xDC, 0x06, 0x3B, 0x10, 0x22,
    0x6E, 0x87, 0x4D, 0x03, 0x71, 0x4F, 0x30, 0x19, 0x70, 0x13, 0x0F, 0x46, 0xAA, 0x0C, 0x74, 0x33,
    0x39, 0x0C, 0xF5, 0x02, 0xD8, 0x64, 0x56, 0x17, 0xEB, 0x54, 0x7E, 0x56, 0x4B, 0x1F, 0xCB, 0xE2,
    0xDB, 0xA5, 0x4E, 0xDD, 0x64, 0xE7, 0xD2, 0x59, 0x3D, 0xDB, 0x59, 0x0F, 0xE6, 0xDC, 0x4E, 0x6D,
    0xEA, 0x22, 0x50, 0x65, 0x1B, 0x9B, 0x45, 0x83, 0xB2, 0xD9, 0x58, 0xAF, 0xCE, 0x03, 0xEC, 0x9D,
    0xAF, 0xB2, 0x53, 0x71, 0x7B, 0xCC, 0x76, 0x4F, 0x15, 0x73, 0xB0, 0x3F, 0x00, 0x28, 0xEB, 0x1A,
    0xB3, 0x4A, 0x9A, 0x21, 0xAC, 0x00, 0xA5, 0x07, 0xB7, 0x00, 0xDA, 0x59, 0x9F, 0x54, 0xFE, 0x54,
    0x56, 0xAA, 0xB8, 0xAD, 0xD4, 0x2E, 0xCA, 0x5D, 0x56, 0x76, 0xA2, 0x3C, 0xBA, 0x01, 0xC0, 0xE4,
    0xB2, 0x3A, 0xEA, 0xA5, 0x49, 0xEA, 0x60, 0x55, 0xD8, 0x78, 0x3C, 0x47, 0x11, 0x24, 0x99, 0x84,
    0x48, 0x90, 0xA9, 0x5A, 0x18, 0xF7, 0x76, 0xA3, 0x5E, 0x69, 0x96, 0x3A, 0xD3, 0x64, 0x9A, 0xB9,
    0xCA, 0xB4, 0x1B, 0xED, 0x64, 0x36, 0xEC, 0x8E, 0x8D, 0x08, 0x9D, 0xD0, 0x0D, 0x8C, 0xF4, 0xC1,
    0xF7, 0x9E, 0xE0, 0x9D, 0x1B, 0x1C, 0xB8, 0xE1, 0xBD, 0x2E, 0xDE, 0x82, 0x3E, 0xDE, 0xB7, 0xD3,
    0x7D, 0xB0, 0xD3, 0x6A, 0xE7, 0x0C, 0xF6, 0x4F, 0x4B, 0x93, 0x56, 0x68, 0x3E, 0x4D, 0xF5, 0x67,
    0x09, 0xEA, 0xBF, 0xCD, 0xD5, 0xDF, 0x13, 0x54, 0x12, 0x8D, 0x4C, 0x60, 0x24, 0x22, 0x51, 0x83,
    0x39, 0x1E, 0x78, 0x04, 0x15, 0x54, 0xDB, 0xAE, 0xB5, 0x5B, 0x2B, 0x68, 0xCF, 0x11, 0x60, 0xB4,
    0xA9, 0x18, 0x51, 0xAF, 0x40, 0x93, 0xC8, 0xDA, 0xE7, 0xAB, 0x4F, 0x76, 0xB7, 0x19, 0x91, 0x18,
    0x24, 0x3F, 0xA4, 0xE1, 0x90, 0xA9, 0x1B, 0x2B, 0x88, 0xEA, 0x3B, 0x46, 0x6C, 0x2C, 0xD9, 0xE8,
    0x07, 0xE8, 0x12, 0x8E, 0x12, 0xB4, 0x0F, 0xF4, 0xAB, 0x19, 0xA8, 0xB6, 0x6A, 0x01, 0x90, 0x12,
    0x12, 0xC2, 0xF7, 0x26, 0x00, 0xF7, 0xE1, 0xA0, 0x89, 0x55, 0x5B, 0x76, 0x74, 0x9D, 0xFF, 0x1A,
    0xDD, 0xD8, 0x4F, 0x81, 0x4A, 0x24, 0x03, 0xB5, 0x12, 0xE8, 0xAB, 0x01, 0xC0, 0xCD, 0x00, 0xB2,
    0x00, 0x66, 0xDF, 0x8A, 0xC1, 0x02, 0xB4, 0xB3, 0x1B, 0xA0, 0x8B, 0x36, 0xC2, 0x5B, 0x34, 0x57,
    0x59, 0xEC, 0x24, 0x59, 0xC9, 0x0F, 0x6B, 0x2B, 0x6B, 0xBB, 0x7B, 0xC2, 0x54, 0x6F, 0x10, 0xBC,
    0xD9, 0x61, 0x04, 0x81, 0xC3, 0x0F, 0x6F, 0x32, 0xB8, 0xE1, 0x20, 0xA5, 0xEE, 0x80, 0x6E, 0x6A,
    0x67, 0xB0, 0xB3, 0x9D, 0xA0, 0x29, 0x91, 0xAF, 0x17, 0xE7, 0xA1, 0xCA, 0x01, 0x20, 0x97, 0x34,
    0xEF, 0x19, 0xCE, 0x32, 0xEC, 0x12, 0x40, 0x3F, 0x03, 0x68, 0x06, 0x35, 0x91, 0x01, 0x80, 0x1D,
    0xA0, 0xC9, 0x00, 0x77, 0x17, 0x20, 0xC8, 0x5C, 0xAA, 0x7F, 0x74, 0xB4, 0xD4, 0x49, 0x37, 0x61,
    0xB6, 0xF9, 0x09, 0xD2, 0x77, 0xC7, 0xA1, 0x67, 0xB8, 0x9A, 0xCC, 0x99, 0xC9, 0x9F, 0x83, 0x80,
    0x4D, 0x10, 0x22, 0xDD, 0x54, 0x4C, 0x76, 0x6A, 0x72, 0xD0, 0x9D, 0xB4, 0x17, 0x07, 0x8C, 0x9A,
    0x5C, 0xAB, 0xC9, 0xCD, 0x45, 0x93, 0xA3, 0xE6, 0xCE, 0x3F, 0x37, 0x93, 0xFF, 0x0F, 0xE0, 0x3E,
    0xE8, 0xF1, 0xDB, 0x6F, 0x60, 0x64, 0x81, 0x66, 0xF7, 0xD0, 0x9C, 0x72, 0x19, 0xBD, 0x88, 0xAC,
    0x87, 0x92, 0x5D, 0x29, 0x9E, 0x76, 0x71, 0xD0, 0xCD, 0xB7, 0xC0, 0xC5, 0x9B, 0x20, 0xFE, 0x1A,
    0xD5, 0xAE, 0x6A, 0x6B, 0xF7, 0xF4, 0x13, 0x45, 0x03, 0x10, 0xA0, 0xDE, 0x80, 0x66, 0xD5, 0x97,
    0x45, 0x14, 0xBD, 0x2A, 0x8D, 0xC0, 0x2B, 0x75, 0x86, 0xBE, 0x5D, 0xC1, 0x75, 0x09, 0x82, 0x8B,
    0xB0, 0x8F, 0x22, 0xB2, 0x8D, 0xE7, 0x9F, 0x44, 0x61, 0x00, 0x9A, 0xE9, 0xFC, 0x1B, 0xE9, 0xF1,
    0x6F, 0x54, 0x6A, 0x1A, 0x60, 0x86, 0x2B, 0x5B, 0xE0, 0x30, 0x95, 0x3F, 0x14, 0x1C, 0x55, 0xE6,
    0x16, 0xCD, 0xC2, 0xDB, 0x74, 0x33, 0xD7, 0x35, 0x37, 0x3A, 0x8B, 0xDA, 0x44, 0x71, 0xEF, 0xEC,
    0x79, 0x35, 0xD4, 0x99, 0x26, 0xB6, 0x09, 0x1B, 0xBB, 0x89, 0x2E, 0xBA, 0x3F, 0xFF, 0x42, 0x86,
    0x70, 0x3E, 0x1F, 0x38, 0x0F, 0x20, 0xF1, 0x72, 0x0D, 0x1C, 0x87, 0x3D, 0x34, 0x59, 0xEA, 0x4E,
    0xA7, 0x35, 0xD2, 0x64, 0xBA, 0x01, 0xBB, 0xD0, 0x79, 0xDC, 0x4C, 0x87, 0x76, 0x88, 0x78, 0xA0,
    0xDE, 0x01, 0xDA, 0x0C, 0x25, 0x52, 0x2A, 0xA5, 0x6A, 0xA9, 0x62, 0xA2, 0x52, 0x63, 0xD7, 0xCB,
    0xFF, 0x44, 0x06, 0x5A, 0x2A, 0x01, 0xEB, 0x9B, 0x0C, 0x9D, 0x2F, 0x37, 0x9B, 0xEF, 0x13, 0x04,
    0x82, 0x9C, 0xE9, 0xB3, 0x17, 0xA9, 0x36, 0x50, 0xE8, 0x75, 0x95, 0x2F, 0x94, 0x26, 0x71, 0x1C,
    0xBD, 0xC8, 0x8E, 0x6A, 0x5C, 0x7E, 0x51, 0xAF, 0xDC, 0xC4, 0x26, 0xDE, 0xA6, 0x8F, 0x5C, 0x27,
    0x78, 0x30, 0xBA, 0x07, 0xCE, 0x6D, 0x8C, 0xC0, 0xA8, 0xCF, 0x4F, 0xA8, 0x33, 0xD6, 0xDB, 0x44,
    0xA7, 0xFF, 0xDD, 0x30, 0x3E, 0x14, 0x9A, 0xB2, 0xBA, 0x20, 0xB2, 0x63, 0x26, 0x3A, 0x5F, 0xAF,
    0x8C, 0xDE, 0xEC, 0xD5, 0x06, 0xE1, 0xB7, 0x0B, 0x74, 0x32, 0x41, 0x23, 0x1E, 0xD8, 0x9E, 0x22,
    0xBC, 0x76, 0x71, 0xD0, 0x7F, 0xC1, 0xF0, 0xB6, 0x5F, 0x36, 0xBC, 0x9E, 0xDB, 0x34, 0x93, 0xC9,
    0xD4, 0xA9, 0x49, 0xE5, 0x2A, 0x07, 0x71, 0x1E, 0xDC, 0x8E, 0x0A, 0xAB, 0x62, 0xC3, 0x53, 0x85,
    0xF7, 0x26, 0xED, 0x93, 0xE1, 0xAD, 0xAF, 0x0E, 0xAF, 0xBF, 0x14, 0xDE, 0x70, 0x31, 0xBC, 0xFF,
    0x00, 0x63, 0x60, 0x90, 0xFF, 0xC9, 0xC0, 0xC0, 0xF8, 0xFF, 0xFF, 0x01, 0x06, 0xEE, 0xFF, 0xFF,
    0x2F, 0x30, 0xC8, 0x7F, 0x90, 0xBF, 0xC0, 0x60, 0x7F, 0x80, 0xB9, 0x81, 0xA1, 0xDE, 0x81, 0x81,
    0x81, 0x61, 0x3F, 0x03, 0x10, 0xFC, 0xA7, 0x21, 0x01, 0xB2, 0x7B, 0x0A, 0x03, 0x83, 0xFE, 0x7F,
    0x20, 0xB3, 0x1E, 0x44, 0x00, 0x00, 0xED, 0x98, 0x31, 0xAC, 0xE5, 0x46, 0x15, 0x86, 0x7F, 0x5F,
    0xEF, 0xBB, 0x96, 0x62, 0x09, 0x53, 0xEC, 0x43, 0xB0, 0x29, 0x4C, 0x9F, 0xC2, 0xBD, 0x44, 0x34,
    0x03, 0xF4, 0xE2, 0x15, 0x79, 0x55, 0x8A, 0xF4, 0xA2, 0x58, 0x0A, 0x0A, 0x0A, 0x60, 0x2C, 0xA5,
    0x57, 0xB6, 0x20, 0xE9, 0x0B, 0xAA, 0x50, 0x84, 0x5E, 0x61, 0x67, 0x10, 0x05, 0x65, 0x8C, 0x88,
    0x94, 0x82, 0xC6, 0x12, 0x2F, 0x42, 0xA1, 0xC1, 0x02, 0x23, 0xFC, 0x24, 0xDB, 0x3F, 0x39, 0x67,
    0x3C, 0xD6, 0xBB, 0x9B, 0xF7, 0xA2, 0x5D, 0x12, 0x92, 0x68, 0x61, 0xB4, 0x77, 0xFE, 0x4F, 0xEF,
    0xEE, 0x8C, 0xED, 0xFF, 0x9C, 0xE3, 0x6B, 0x1F, 0xE8, 0x98, 0xA3, 0xF0, 0x44, 0x56, 0x9D, 0xB3,
    0x05, 0x78, 0xC8, 0x47, 0xF9, 0x8C, 0x82, 0x5C, 0xAB, 0x01, 0x86, 0x24, 0x03, 0xD8, 0x65, 0x5C,
    0x91, 0x2F, 0x40, 0x33, 0xA3, 0x1A, 0x81, 0x72, 0x45, 0xDD, 0x03, 0x39, 0x61, 0x02, 0x00, 0x5A,
    0xD3, 0x8A, 0xB4, 0xCE, 0x02, 0x70, 0xAD, 0x87, 0x48, 0xA0, 0x88, 0xF9, 0x34, 0x69, 0xA9, 0x0B,
    0xAC, 0x97, 0xE5, 0x1E, 0x4E, 0x37, 0x83, 0xE9, 0xF4, 0x54, 0x9A, 0x01, 0xC8, 0x67, 0x54, 0x33,
    0xE4, 0x98, 0x05, 0x2D, 0x5C, 0x8F, 0x8C, 0xD7, 0xAF, 0xCA, 0x22, 0x47, 0x2E, 0x80, 0x9C, 0x67,
    0x07, 0x00, 0xE7, 0xAF, 0x20, 0x0E, 0x13, 0xE7, 0x70, 0x3A, 0x5F, 0xC2, 0x58, 0x34, 0x1C, 0x57,
    0x64, 0x24, 0x27, 0x14, 0xEB, 0xAB, 0xEC, 0x51, 0x0D, 0xB2, 0x63, 0x13, 0x50, 0x0F, 0x30, 0x2D,
    0xAA, 0x09, 0x1E, 0x28, 0x26, 0x50, 0x8E, 0x7B, 0xF7, 0x6C, 0x91, 0x8F, 0xF0, 0x01, 0xE5, 0x20,
    0x67, 0x5A, 0xF5, 0x68, 0x46, 0x39, 0x48, 0xC5, 0xB7, 0xE4, 0xAB, 0x78, 0x5E, 0x9E, 0x3D, 0x80,
    0x2C, 0x9D, 0x15, 0x50, 0x87, 0x4D, 0xFB, 0xA8, 0xD5, 0x70, 0xAA, 0xA6, 0x73, 0x9C, 0x51, 0x91,
    0x6D, 0xD4, 0x09, 0x0F, 0xD8, 0xE2, 0xE8, 0x43, 0x0C, 0x91, 0xF9, 0x32, 0xD5, 0x4A, 0x4C, 0x01,
    0x2F, 0x1F, 0x7B, 0xE3, 0xBB, 0x11, 0xC5, 0x02, 0xA0, 0xE2, 0x9B, 0x7E, 0x02, 0x90, 0x93, 0x7A,
    0xD5, 0x70, 0xDC, 0xD2, 0xE9, 0xD2, 0x62, 0x1B, 0x0D, 0x52, 0x5C, 0x76, 0xD1, 0x4D, 0xCF, 0x81,
    0x23, 0xD1, 0x10, 0x25, 0x67, 0x38, 0xA2, 0x62, 0xC0, 0x4B, 0xC4, 0x91, 0xF1, 0x18, 0xE6, 0xF3,
    0x14, 0xF1, 0xD2, 0xB7, 0x07, 0xD9, 0xDA, 0xFD, 0xF3, 0x21, 0xAF, 0x80, 0x86, 0x7C, 0x8D, 0x01,
    0x25, 0xA7, 0x8A, 0x2D, 0x70, 0x69, 0xCF, 0xF6, 0x80, 0xE1, 0xD7, 0xA8, 0xEC, 0x86, 0xD9, 0x0C,
    0x97, 0x18, 0xCC, 0x96, 0x84, 0x30, 0x1F, 0x8C, 0x3B, 0x57, 0xEC, 0x76, 0xCE, 0x69, 0x77, 0xC6,
    0x63, 0x3C, 0xD5, 0x78, 0x40, 0x5E, 0x5B, 0xA0, 0x26, 0x39, 0x3B, 0x92, 0xA3, 0x9E, 0x1E, 0xD7,
    0x97, 0x48, 0xD2, 0x6A, 0x25, 0x2E, 0x20, 0x5E, 0x64, 0x2F, 0xB9, 0x5A, 0x6A, 0x36, 0xBA, 0x11,
    0xC6, 0x4A, 0xF6, 0x12, 0xF2, 0x17, 0x23, 0x69, 0x24, 0x7C, 0x58, 0x85, 0x7D, 0x2B, 0x0C, 0xE2,
    0x1E, 0x32, 0x8A, 0xC6, 0xF0, 0xE5, 0x8B, 0xB2, 0x86, 0xB4, 0x9A, 0xF6, 0x30, 0x6B, 0xB9, 0x25,
    0x76, 0x37, 0xC3, 0xDF, 0xEE, 0x7C, 0x20, 0x76, 0x2E, 0xE6, 0xC4, 0xAD, 0x94, 0xE7, 0xBE, 0xA7,
    0xE9, 0x37, 0xF6, 0xBA, 0x4D, 0x64, 0x6A, 0x16, 0x7D, 0x4D, 0xF4, 0xB0, 0x20, 0x5F, 0x81, 0x5A,
    0xB8, 0x98, 0xE4, 0xB4, 0x61, 0x40, 0x3D, 0x7C, 0x3D, 0x02, 0x0E, 0x1A, 0x7D, 0xDD, 0xE6, 0xF1,
    0x51, 0x0C, 0x00, 0xBC, 0x5C, 0xBB, 0x8B, 0xD9, 0xE5, 0x36, 0x7F, 0x3E, 0x02, 0x60, 0x84, 0x71,
    0xCB, 0xB0, 0xF8, 0x7A, 0xC2, 0x22, 0x64, 0xF3, 0xCE, 0x43, 0x3E, 0x24, 0xCE, 0xA7, 0xAA, 0x4B,
    0x8C, 0xA5, 0x0E, 0xF8, 0x86, 0x57, 0xFF, 0xE1, 0x1C, 0xB0, 0xF9, 0x8F, 0x66, 0x01, 0x4C, 0xF4,
    0x5F, 0x6F, 0x43, 0x9B, 0xFF, 0xD0, 0x6D, 0xA2, 0xFF, 0x71, 0x44, 0xFF, 0x13, 0xEB, 0x05, 0x26,
    0x06, 0x35, 0x8E, 0xC9, 0x7F, 0xA3, 0xBB, 0x45, 0xAF, 0x84, 0x93, 0x9F, 0x06, 0x87, 0x39, 0xF1,
    0xCB, 0x28, 0xC7, 0xC4, 0xDF, 0x41, 0xDD, 0x27, 0xBE, 0x0F, 0xD3, 0x26, 0x56, 0x4D, 0xFE, 0xE7,
    0x33, 0x76, 0xFF, 0xCB, 0x01, 0xBB, 0xFF, 0x75, 0xB7, 0x31, 0x63, 0xB8, 0x37, 0xFF, 0xB1, 0xE2,
    0x60, 0xA3, 0xFF, 0xB2, 0xB4, 0x08, 0xD1, 0x7F, 0x59, 0x5A, 0x09, 0x67, 0x0C, 0xB2, 0xB4, 0x0E,
    0xD1, 0x7F, 0xB5, 0xA3, 0x8D, 0xFE, 0x6B, 0x2C, 0xEC, 0x0D, 0xFF, 0x53, 0x89, 0x20, 0xB3, 0x91,
    0x6A, 0x94, 0x72, 0xD4, 0x1F, 0x0E, 0xA8, 0x43, 0x13, 0x80, 0x9C, 0x03, 0xAA, 0xDE, 0x00, 0x28,
    0x38, 0x20, 0x1F, 0xB5, 0x7A, 0x5E, 0x1B, 0x90, 0xAD, 0x53, 0xBA, 0xFF, 0xF9, 0x21, 0x91, 0xE9,
    0x12, 0xBD, 0xD0, 0x26, 0x02, 0x4E, 0xE8, 0xF2, 0x07, 0x1B, 0x35, 0xE4, 0x00, 0x4F, 0x4E, 0x19,
    0x85, 0x24, 0x17, 0x0A, 0xBE, 0x15, 0x69, 0xAA, 0x46, 0x59, 0x31, 0xA3, 0x1A, 0x9A, 0x20, 0x34,
    0x8A, 0xC5, 0xAD, 0xD0, 0x00, 0x0F, 0x67, 0x85, 0x2E, 0xB2, 0x05, 0x1E, 0x42, 0x62, 0x04, 0x85,
    0xE4, 0x93, 0xC8, 0x84, 0x44, 0xDE, 0x46, 0x52, 0xEF, 0x28, 0x6B, 0x65, 0xC1, 0x37, 0xBD, 0xEC,
    0x27, 0xFF, 0x5E, 0x76, 0xF1, 0x27, 0x24, 0xE0, 0x67, 0x66, 0x94, 0xAB, 0xA1, 0xC5, 0x52, 0xF3,
    0x1D, 0x5E, 0x7F, 0x8F, 0x6F, 0xFF, 0x6A, 0x2E, 0xC8, 0xBF, 0xF0, 0x8F, 0x72, 0x7E, 0x19, 0xF9,
    0x7D, 0xFE, 0x41, 0xCE, 0x0F, 0x67, 0x17, 0xDB, 0x8F, 0x83, 0xA3, 0x04, 0x85, 0x9C, 0x1C, 0x17,
    0x85, 0xF1, 0x01, 0x1F, 0x89, 0x81, 0x6B, 0x4C, 0x13, 0x89, 0xD0, 0x97, 0x0F, 0x79, 0x48, 0xD0,
    0x6D, 0x50, 0x26, 0xA8, 0x12, 0xD4, 0xF2, 0x7F, 0x24, 0x65, 0x28, 0x60, 0x04, 0xDA, 0x7C, 0x82,
    0x13, 0xB0, 0x1F, 0x43, 0x1C, 0xC5, 0xF8, 0x64, 0x44, 0xEB, 0x7E, 0x03, 0x17, 0xA2, 0x1E, 0x68,
    0x23, 0x34, 0xA9, 0x8E, 0x4C, 0x5A, 0x74, 0x86, 0x34, 0x52, 0xF9, 0x9A, 0x21, 0xA9, 0x23, 0x37,
    0xBD, 0x86, 0x9C, 0x4D, 0x46, 0xC4, 0xF1, 0xA9, 0x7A, 0x66, 0x55, 0x4B, 0x06, 0xD5, 0x66, 0xD3,
    0xE3, 0xA6, 0x30, 0x9F, 0x49, 0x0F, 0x5D, 0xD4, 0xBC, 0x8F, 0x5A, 0x6C, 0x5A, 0x25, 0xED, 0x4C,
    0x88, 0x96, 0x99, 0x60, 0x36, 0x75, 0xA2, 0xAD, 0xD9, 0xCC, 0x78, 0x52, 0x5D, 0x1B, 0xD5, 0x5B,
    0x95, 0x74, 0x91, 0xE9, 0xF6, 0xE3, 0xC6, 0xCD, 0xC2, 0xCD, 0x9E, 0x05, 0x38, 0x7A, 0x60, 0x71,
    0x44, 0x4E, 0x9D, 0xB0, 0x4D, 0xD9, 0x0C, 0x02, 0xB8, 0x65, 0x3A, 0x07, 0xD1, 0x10, 0x84, 0x97,
    0xE9, 0x45, 0x99, 0xF0, 0x99, 0xA6, 0x8C, 0xBF, 0x00, 0x0D, 0x17, 0xD0, 0xCB, 0xB4, 0x1F, 0x6B,
    0xDD, 0x9E, 0x39, 0x91, 0xCF, 0xE9, 0x12, 0x9A, 0x61, 0x3B, 0xF9, 0x8A, 0x31, 0x59, 0x1C, 0x25,
    0x38, 0x7C, 0x5D, 0x2B, 0xA4, 0x45, 0x25, 0x25, 0xC4, 0xB1, 0x60, 0x87, 0xEC, 0x9D, 0xAB, 0x58,
    0x25, 0x52, 0xB6, 0x21, 0x66, 0xEA, 0x84, 0x1D, 0x97, 0x1D, 0x17, 0xEE, 0x38, 0xFB, 0xB0, 0xA3,
    0xE9, 0x76, 0xAC, 0x86, 0x1D, 0xCB, 0x79, 0xC7, 0x7C, 0xDD, 0x11, 0xB4, 0x3B, 0xBA, 0xB0, 0x63,
    0xD3, 0xEF, 0x58, 0x8D, 0x3B, 0x16, 0xF3, 0x8E, 0x07, 0xEE, 0x08, 0xBE, 0xB1, 0xA3, 0x7B, 0x6F,
    0xC7, 0x86, 0x3B, 0x56, 0x3B, 0x22, 0x8F, 0x78, 0x5C, 0x1F, 0x21, 0x8B, 0xE8, 0x38, 0x01, 0x82,
    0x13, 0xBC, 0xA0, 0x51, 0xD4, 0x71, 0x3F, 0x55, 0xD5, 0x69, 0x5D, 0xED, 0x95, 0xB5, 0xD7, 0xD6,
    0x69, 0x75, 0xC5, 0xDF, 0xB7, 0xD3, 0x0A, 0x4B, 0x35, 0x76, 0x5A, 0x65, 0xA9, 0xCE, 0x12, 0x6D,
    0x31, 0x09, 0x42, 0x2D, 0x4A, 0xAE, 0x56, 0xAA, 0xAD, 0xDB, 0x7E, 0x70, 0x52, 0x40, 0x84, 0xA6,
    0x9D, 0x96, 0x48, 0x7B, 0x34, 0xCE, 0xEC, 0x16, 0x0C, 0xA9, 0xBC, 0x18, 0x8B, 0x46, 0x48, 0x43,
    0x71, 0x14, 0x8A, 0x91, 0x30, 0x21, 0x05, 0x42, 0x08, 0xB4, 0x89, 0x5C, 0x48, 0xD4, 0xF4, 0x89,
    0xAA, 0x31, 0x51, 0x31, 0x27, 0x3A, 0x30, 0x91, 0x46, 0x20, 0x92, 0x79, 0x2F, 0x51, 0xC3, 0x44,
    0xD5, 0x4E, 0xB9, 0xD2, 0x71, 0xBD, 0x40, 0xA6, 0x64, 0xD4, 0x7B, 0x21, 0x27, 0x64, 0x84, 0x36,
    0xE7, 0x13, 0x21, 0xD1, 0x5E, 0xA3, 0x7B, 0x95, 0x9E, 0xD4, 0x69, 0xAA, 0xD4, 0x54, 0xAB, 0xA7,
    0xD5, 0x0A, 0xDC, 0x88, 0x48, 0x5A, 0xCA, 0x70, 0x27, 0x38, 0x3C, 0xD5, 0xB8, 0x8F, 0x4B, 0x2B,
    0x65, 0xFD, 0xE2, 0x52, 0x72, 0x44, 0x43, 0xF8, 0xC5, 0x71, 0x85, 0x27, 0x1E, 0x72, 0x7D, 0x55,
    0x4B, 0x1C, 0xEC, 0xC1, 0x16, 0x02, 0x16, 0x2E, 0x82, 0x5C, 0xD2, 0x7F, 0x15, 0x32, 0x3E, 0x82,
    0xBB, 0x02, 0xD1, 0x70, 0xCA, 0x49, 0x10, 0x86, 0x63, 0xA1, 0x10, 0xC7, 0x27, 0x21, 0x5B, 0x93,
    0x67, 0xC9, 0xA9, 0x22, 0xF9, 0xD9, 0x0C, 0x51, 0xB3, 0xE4, 0x66, 0x99, 0x32, 0x3D, 0x17, 0xA3,
    0xB3, 0x0E, 0x4D, 0x64, 0xAF, 0xFB, 0xE4, 0xBA, 0xCE, 0xBD, 0xA1, 0xAB, 0xEA, 0x68, 0x69, 0xC1,
    0xF4, 0xC0, 0x7F, 0xF7, 0x28, 0x6D, 0x8A, 0x71, 0x0A, 0xC5, 0x7E, 0xC8, 0x9C, 0x83, 0xCA, 0x07,
    0x2A, 0xE5, 0xEF, 0x26, 0x91, 0xEA, 0xF5, 0x59, 0xA4, 0xFE, 0xEE, 0x22, 0x62, 0xB0, 0x8A, 0xFC,
    0x1C, 0x14, 0x79, 0x37, 0xBE, 0x58, 0xCC, 0x9A, 0x3B, 0x87, 0x11, 0xFA, 0xC0, 0x34, 0x68, 0xDD,
    0x16, 0xA4, 0xD6, 0x51, 0x7C, 0x14, 0xAD, 0xFE, 0xFA, 0xF6, 0x3B, 0x92, 0xAC, 0xF1, 0x59, 0xCF,
    0xE8, 0x23, 0x3E, 0x7C, 0x4C, 0x2B, 0xD9, 0x97, 0x56, 0xCF, 0xD9, 0xB7, 0xC5, 0x6A, 0x91, 0xF1,
    0xCA, 0x50, 0x5F, 0xDE, 0x5D, 0x94, 0x0C, 0xB0, 0x68, 0x6C, 0x21, 0xCF, 0x64, 0xB5, 0x3C, 0x0F,
    0x19, 0x8B, 0x7C, 0x5A, 0x65, 0xB9, 0xAE, 0x1A, 0x00, 0x34, 0x1D, 0x80, 0xA3, 0xC5, 0xCD, 0x21,
    0xAF, 0x43, 0x19, 0xF5, 0xAE, 0x2B, 0x1B, 0x5D, 0xBB, 0x11, 0x0C, 0xE5, 0x04, 0xDA, 0x7C, 0x86,
    0x81, 0x3A, 0xB8, 0x4F, 0x0F, 0x28, 0xB5, 0xC6, 0x19, 0xB5, 0x4C, 0xEE, 0x4A, 0x5F, 0x95, 0x65,
    0xC2, 0x3E, 0xD9, 0x6A, 0x86, 0xFF, 0xD0, 0xF3, 0x97, 0x86, 0x13, 0xC7, 0x92, 0x9D, 0xEF, 0xF0,
    0x0A, 0xCE, 0xF1, 0x63, 0x14, 0xDD, 0x8A, 0x26, 0x48, 0xE7, 0xA0, 0xFE, 0xFB, 0x8C, 0x82, 0x43,
    0xB4, 0xD4, 0x9C, 0x9E, 0x4F, 0x43, 0xDA, 0x86, 0xC4, 0xD1, 0x5F, 0x01, 0x26, 0x7C, 0xAE, 0x9F,
    0xCC, 0x7F, 0x84, 0x3A, 0xEE, 0x6F, 0xEF, 0xE1, 0x0C, 0x3F, 0x45, 0x63, 0x0D, 0x1E, 0xA3, 0xF9,
    0xED, 0x8C, 0xEA, 0x1F, 0x03, 0x72, 0xF6, 0x31, 0xDA, 0xCE, 0xE2, 0xD4, 0x24, 0x8B, 0x92, 0x41,
    0xEF, 0x23, 0x47, 0xFE, 0x87, 0xC7, 0x77, 0x57, 0x62, 0xB1, 0x1C, 0x1F, 0xC8, 0xA0, 0x6F, 0x2F,
    0x55, 0x8C, 0x68, 0xD5, 0xEB, 0xAD, 0xBD, 0x98, 0xF4, 0xD6, 0x7A, 0x60, 0x3C, 0xBA, 0x5F, 0xA3,
    0x1F, 0x93, 0x4A, 0x31, 0xE0, 0xAE, 0x21, 0xED, 0x1C, 0x68, 0x32, 0x2D, 0xDB, 0x03, 0x7B, 0x0B,
    0x6D, 0xE7, 0x0C, 0xB1, 0x9D, 0x33, 0xC5, 0x76, 0xCE, 0x1C, 0xDB, 0x39, 0x2B, 0xCC, 0xD6, 0x81,
    0x69, 0x45, 0xEC, 0xDE, 0xCE, 0x51, 0xF9, 0xC2, 0xDB, 0x39, 0x17, 0xB8, 0x8F, 0x6C, 0xC0, 0x82,
    0x6C, 0x3E, 0x4C, 0x80, 0x97, 0xEB, 0x34, 0x6F, 0x04, 0xA0, 0x92, 0x25, 0xC5, 0x7A, 0x57, 0xA5,
    0x5E, 0x6A, 0xAA, 0x4C, 0xC8, 0x48, 0x6A, 0xAB, 0x27, 0x68, 0xA7, 0x47, 0x1B, 0x3D, 0xDA, 0xE7,
    0xF1, 0x40, 0x31, 0x13, 0xC8, 0x6F, 0x9B, 0x26, 0x6D, 0xF0, 0x68, 0x7F, 0x47, 0xDB, 0x3B, 0xDA,
    0xDD, 0xD1, 0xE6, 0x4E, 0xEC, 0xED, 0x78, 0xF6, 0xA9, 0xB3, 0xF3, 0x23, 0x94, 0xAD, 0xE8, 0x02,
    0xA3, 0xEA, 0xEC, 0x16, 0x97, 0x3F, 0x4F, 0xAA, 0x25, 0x7B, 0xD5, 0x03, 0xDB, 0xA7, 0xB8, 0x5F,
    0x6F, 0x0D, 0x20, 0xBB, 0xE9, 0xD6, 0x00, 0xBA, 0xFA, 0x0A, 0x36, 0x80, 0xBA, 0x67, 0x6B, 0x00,
    0x65, 0x80, 0x68, 0xD5, 0xE6, 0x83, 0x48, 0x5F, 0x75, 0xFA, 0x68, 0xA7, 0x9E, 0x1D, 0x16, 0x0F,
    0x19, 0x7E, 0x56, 0x69, 0x46, 0x95, 0xB2, 0xC7, 0x5D, 0xE3, 0x5C, 0x2B, 0x4E, 0x3B, 0x46, 0xE1,
    0x0B, 0xEE, 0x18, 0xBD, 0x7F, 0xDA, 0x31, 0x92, 0xBE, 0xA2, 0x3D, 0xBE, 0x19, 0xEB, 0x2A, 0xC6,
    0x9F, 0xB4, 0x9B, 0xE2, 0xB6, 0x61, 0x60, 0x54, 0x19, 0x18, 0x6E, 0x53, 0x03, 0xF3, 0x1C, 0xE4,
    0xC7, 0x33, 0x37, 0x08, 0xCB, 0xF8, 0xE7, 0x7A, 0x97, 0x0E, 0x77, 0x8C, 0x2A, 0x54, 0x01, 0x80,
    0x19, 0xCC, 0x70, 0x2A, 0xE9, 0xBB, 0xAF, 0x6A, 0xD2, 0x98, 0x98, 0x34, 0x8D, 0x26, 0x0D, 0x5E,
    0x78, 0x13, 0x37, 0x47, 0xD1, 0x46, 0x6D, 0x82, 0x4A, 0xC6, 0xA8, 0xD5, 0xAA, 0x82, 0xBA, 0x8B,
    0x7A, 0x2F, 0x8A, 0xB1, 0xC6, 0xDE, 0x96, 0x3C, 0x0E, 0xEE, 0x7F, 0x31, 0x79, 0xF6, 0x91, 0x6F,
    0xAE, 0xF5, 0x2A, 0x4D, 0x14, 0x1F, 0xA2, 0xA3, 0x5B, 0xCF, 0x4F, 0xA5, 0xDC, 0x6C, 0x7E, 0xEE,
    0x32, 0xEA, 0x1E, 0xCE, 0xD2, 0x6D, 0xC6, 0xC6, 0x7C, 0x5A, 0x44, 0x50, 0xFD, 0x6B, 0x52, 0xCD,
    0xA3, 0x81, 0xC9, 0x15, 0xE0, 0x5B, 0xFF, 0xCF, 0xA8, 0xBB, 0x33, 0xAA, 0x41, 0xDE, 0xE9, 0x8E,
    0xB5, 0x48, 0x3D, 0x38, 0x0B, 0xA0, 0x58, 0x97, 0x98, 0x50, 0x63, 0x74, 0xAE, 0x57, 0x39, 0xDA,
    0xE7, 0xFC, 0x1E, 0xF5, 0x93, 0x4D, 0x69, 0x37, 0x1D, 0x4E, 0x1B, 0x08, 0x99, 0x8F, 0x8A, 0xB3,
    0x27, 0x33, 0xCA, 0x87, 0x9B, 0xEA, 0x60, 0xEC, 0xB3, 0x65, 0xD4, 0xE1, 0x79, 0xC8, 0xA8, 0x0C,
    0x3A, 0xCA, 0x36, 0xDD, 0xCF, 0x55, 0x06, 0x95, 0x6A, 0x56, 0x39, 0xAC, 0x2A, 0x70, 0x56, 0xA5,
    0x6A, 0x9F, 0xCF, 0x7B, 0xD4, 0xD9, 0x05, 0x90, 0x91, 0x16, 0xB5, 0xBE, 0x51, 0x7E, 0xE8, 0x67,
    0xBC, 0x8B, 0x62, 0xC5, 0xB7, 0x01, 0xEE, 0xFD, 0x12, 0xD7, 0xAA, 0xEF, 0x3A, 0x79, 0x92, 0x81,
    0x69, 0x6A, 0x09, 0x18, 0x99, 0x9C, 0xD5, 0xA6, 0xBC, 0x0B, 0x87, 0x05, 0xE6, 0xFA, 0xE1, 0x84,
    0x4A, 0x9C, 0x3F, 0xC8, 0xCE, 0x38, 0xBF, 0x00, 0x00, 0x72, 0x85, 0x1E, 0x6B, 0x89, 0x32, 0xE3,
    0x13, 0x63, 0xC6, 0xAC, 0x41, 0xCB, 0x79, 0x2A, 0xE9, 0xBB, 0x3B, 0x47, 0x7D, 0xD2, 0xDC, 0x61,
    0xD0, 0x00, 0x46, 0xC9, 0xFF, 0xD6, 0x8B, 0x94, 0x7F, 0x1A, 0x44, 0xAA, 0xDF, 0x8F, 0x22, 0xF5,
    0xEB, 0x93, 0x88, 0x39, 0xCC, 0x2A, 0xD9, 0x22, 0xF2, 0x1B, 0xC4, 0x03, 0xC5, 0x76, 0xC4, 0xA4,
    0x57, 0x9D, 0x8F, 0x7A, 0xDD, 0xC5, 0xA0, 0xCF, 0x02, 0x95, 0xA6, 0x93, 0xCA, 0x00, 0x34, 0x1F,
    0xB7, 0x00, 0x46, 0x40, 0x5F, 0xDD, 0x01, 0x17, 0x5F, 0xBA, 0x57, 0xE0, 0xB0, 0xC4, 0xB7, 0x20,
    0xE2, 0x30, 0xA9, 0x14, 0x8B, 0xC5, 0x81, 0xEF, 0xC7, 0x77, 0xFF, 0x45, 0xB6, 0x70, 0x5C, 0xFE,
    0x0D, 0xE5, 0x59, 0x3F, 0xAC, 0xDF, 0x56, 0x15, 0xFE, 0x6C, 0x37, 0xCF, 0xA8, 0x16, 0x38, 0x43,
    0x82, 0x42, 0x32, 0x98, 0x81, 0x01, 0xA9, 0x83, 0x17, 0xC6, 0x26, 0xF7, 0x0A, 0x76, 0x35, 0x43,
    0xD2, 0x81, 0x0E, 0xED, 0xDE, 0x21, 0x0C, 0x0C, 0x2C, 0x8D, 0x0D, 0xEC, 0x22, 0x0B, 0x9D, 0x3B,
    0x74, 0x4A, 0x87, 0x2C, 0x0C, 0x5D, 0x9A, 0xEB, 0x96, 0xA1, 0x63, 0x8D, 0xCA, 0xC6, 0x80, 0x85,
    0x1E, 0x20, 0xDA, 0x21, 0x57, 0xC2, 0xA5, 0x7E, 0xAD, 0xED, 0x8F, 0xDF, 0x39, 0xC7, 0xFA, 0xF5,
    0xFD, 0x49, 0x9E, 0x5A, 0x81, 0x1A, 0x50, 0x8F, 0x92, 0xF3, 0x1D, 0x59, 0x3F, 0x5F, 0xFB, 0x7E,
    0xDF, 0xF9, 0xF3, 0x6C, 0x97, 0x64, 0x8F, 0x8A, 0x1C, 0xC4, 0x75, 0x38, 0x65, 0x65, 0x57, 0x76,
    0x70, 0xD1, 0xC5, 0x63, 0x4E, 0x8F, 0x9D, 0xB6, 0x0B, 0xB7, 0x80, 0x84, 0x6C, 0x51, 0x92, 0x11,
    0xEE, 0xA8, 0x19, 0xC1, 0xAE, 0x98, 0x40, 0x9F, 0xCD, 0x70, 0xD8, 0x39, 0x7C, 0xE1, 0xAE, 0x72,
    0x46, 0xCA, 0x9D, 0xAB, 0xC4, 0x35, 0x87, 0xD9, 0x6C, 0xBF, 0x23, 0xF6, 0xCE, 0x97, 0x33, 0xC2,
    0x5F, 0x03, 0xDF, 0x74, 0x9C, 0x38, 0x16, 0xEC, 0x43, 0x8F, 0x5B, 0xB8, 0x0C, 0x80, 0x5C, 0xA0,
    0xD7, 0x9A, 0xF7, 0x70, 0xC6, 0x16, 0xF5, 0x19, 0x1F, 0x03, 0xC9, 0x8C, 0x27, 0x5B, 0x65, 0x10,
    0xBC, 0x02, 0x5B, 0xF1, 0xA9, 0xB1, 0x92, 0x3D, 0xEA, 0x05, 0xF2, 0x3F, 0x45, 0x81, 0xF2, 0x7D,
    0x85, 0xEA, 0xD7, 0x93, 0x40, 0x9D, 0xCE, 0x02, 0x2E, 0x59, 0x04, 0xDE, 0xC1, 0x2A, 0x30, 0x23,
    0xC8, 0xE5, 0x26, 0x34, 0x1E, 0xC8, 0x46, 0xB8, 0x6E, 0x07, 0x11, 0xF5, 0x0E, 0x0A, 0x0A, 0xDF,
    0x42, 0x15, 0x23, 0x50, 0x7D, 0x74, 0xFF, 0xC1, 0x08, 0x38, 0x8F, 0x7C, 0x02, 0x1A, 0xA3, 0x68,
    0x05, 0xD2, 0x45, 0x37, 0x92, 0x10, 0xBA, 0x3C, 0x91, 0x2F, 0x1E, 0x07, 0xFC, 0x63, 0xC3, 0x88,
    0x86, 0x4B, 0xD8, 0x41, 0xE0, 0x52, 0x6E, 0xD2, 0x45, 0x71, 0x3D, 0x4E, 0x5B, 0x29, 0x87, 0x5C,
    0x3C, 0xE1, 0xAA, 0x0E, 0x4F, 0x51, 0x3F, 0x51, 0x82, 0x51, 0x83, 0xE2, 0x44, 0xF0, 0x55, 0xAD,
    0x21, 0xC9, 0xEE, 0x78, 0x90, 0xEF, 0x83, 0x47, 0x11, 0xA5, 0x04, 0xE5, 0x07, 0x11, 0x85, 0x04,
    0xF5, 0x0B, 0x11, 0xB9, 0x04, 0xAE, 0x8C, 0x48, 0x55, 0xA6, 0x5D, 0x60, 0x09, 0xB1, 0x05, 0x59,
    0xDC, 0x82, 0x7C, 0x90, 0xC0, 0xB2, 0x9F, 0x9C, 0xE4, 0xEC, 0xB6, 0xB4, 0x44, 0x73, 0x90, 0x23,
    0x2A, 0xB2, 0xFD, 0x26, 0x31, 0x0D, 0x75, 0x53, 0x16, 0xE4, 0x16, 0x28, 0xF5, 0xF6, 0x9B, 0xBA,
    0x93, 0x20, 0x89, 0x70, 0x90, 0x20, 0x8D, 0x58, 0x35, 0xC8, 0x62, 0x32, 0x6B, 0x90, 0x47, 0x91,
    0xF6, 0x8E, 0x64, 0x45, 0xC3, 0xA8, 0xBB, 0xE8, 0x03, 0x63, 0x61, 0xDB, 0x91, 0xFD, 0x41, 0x13,
    0x7F, 0x83, 0x15, 0xE7, 0xDB, 0x85, 0x9B, 0xF2, 0x2F, 0x09, 0x2B, 0x1A, 0x0A, 0xB5, 0xEF, 0x91,
    0xFD, 0x4E, 0xD1, 0x8F, 0x8F, 0x42, 0x0C, 0x5D, 0xC1, 0xAE, 0x1C, 0xE9, 0x33, 0x22, 0x9F, 0x1A,
    0x64, 0x2B, 0xB2, 0xF9, 0x02, 0xB2, 0x65, 0x07, 0xA2, 0xED, 0xE5, 0x07, 0x33, 0x92, 0x07, 0x94,
    0xCD, 0x06, 0x92, 0x1F, 0xDD, 0x2C, 0xF8, 0xB1, 0xEE, 0x5B, 0x34, 0x96, 0xC2, 0x50, 0x20, 0xD2,
    0x55, 0x21, 0xA1, 0x80, 0xCF, 0xD9, 0x41, 0xD5, 0x5E, 0x7F, 0x3A, 0x39, 0xAE, 0x25, 0x39, 0x96,
    0x1C, 0x53, 0xC9, 0xC7, 0xDB, 0x96, 0x5A, 0xB8, 0xC6, 0x23, 0xAD, 0x25, 0x39, 0x86, 0xCA, 0x20,
    0x1C, 0xA2, 0xEE, 0x65, 0x29, 0xA1, 0x2A, 0x1F, 0x15, 0xCA, 0x01, 0x22, 0x98, 0x54, 0xC9, 0x81,
    0x87, 0x6B, 0x4D, 0x69, 0xAF, 0x10, 0xA0, 0xC6, 0xD3, 0x50, 0x73, 0x16, 0x70, 0x06, 0x57, 0x39,
    0x0A, 0x08, 0xAF, 0xC1, 0x2B, 0x34, 0x9A, 0xD5, 0x9D, 0xEB, 0x14, 0xEA, 0x88, 0x0B, 0x2F, 0x7F,
    0xE2, 0xCB, 0xC9, 0xA8, 0xA7, 0x17, 0x48, 0xF9, 0xD9, 0x8B, 0x21, 0x5A, 0x2A, 0x45, 0xD5, 0x70,
    0xF5, 0xC2, 0xE4, 0x6D, 0x6F, 0x84, 0x26, 0x37, 0xE5, 0xE6, 0xD7, 0x20, 0x7A, 0x29, 0x3B, 0x70,
    0x47, 0x77, 0x3E, 0xDB, 0x41, 0xD3, 0x6E, 0x8C, 0x24, 0xAB, 0x02, 0x78, 0x06, 0x42, 0xAB, 0x6C,
    0xB9, 0xA1, 0x90, 0x5F, 0xD6, 0xE4, 0x08, 0x6C, 0xC5, 0x0A, 0xF7, 0xEA, 0x91, 0xB5, 0x0C, 0xB5,
    0xD9, 0x60, 0x35, 0x08, 0x54, 0xCE, 0x6A, 0x4B, 0x02, 0x67, 0x77, 0xB6, 0x00, 0x45, 0x94, 0x76,
    0x22, 0x84, 0x51, 0xAD, 0xDB, 0xA0, 0x18, 0xB4, 0xB4, 0xF3, 0x05, 0x07, 0xF4, 0x9A, 0x8F, 0x8B,
    0xAD, 0x32, 0x00, 0x38, 0xD0, 0xB5, 0x90, 0x7B, 0xBC, 0x2D, 0x3C, 0x4B, 0x47, 0xC9, 0x27, 0x49,
    0xCF, 0x84, 0xCE, 0x6A, 0x48, 0xFB, 0xD9, 0x6C, 0x85, 0x80, 0xB3, 0x66, 0x1A, 0x9A, 0x84, 0x9D,
    0x29, 0x68, 0x02, 0x9A, 0x7E, 0xB9, 0xD0, 0xD9, 0x99, 0x7A, 0x22, 0x5E, 0xDE, 0x9A, 0x76, 0x26,
    0x9D, 0x29, 0xC7, 0x33, 0xDE, 0x54, 0xDB, 0xFB, 0x67, 0x39, 0x9A, 0x64, 0x4D, 0x2B, 0xDE, 0x75,
    0xE2, 0xEB, 0x28, 0xDE, 0xE4, 0x32, 0xB5, 0x76, 0x62, 0xDD, 0x0E, 0xD1, 0xB4, 0x32, 0xA9, 0x44,
    0x29, 0x00, 0x1E, 0x97, 0x20, 0x75, 0x36, 0x4B, 0xDF, 0xCD, 0x26, 0x00, 0x4B, 0xA1, 0x5D, 0xAF,
    0xEA, 0x94, 0x72, 0x0F, 0xA0, 0x58, 0x61, 0x5D, 0x4C, 0xEC, 0x0D, 0x9C, 0xB2, 0xE4, 0x96, 0x64,
    0x6C, 0xE0, 0x23, 0xA9, 0x10, 0x92, 0xBE, 0x5C, 0x5F, 0xE2, 0x1D, 0x54, 0x11, 0x4C, 0x24, 0x29,
    0x5D, 0x0B, 0xD7, 0x9D, 0xFE, 0x57, 0x0D, 0x92, 0x62, 0xC5, 0x94, 0xD2, 0x23, 0xD5, 0xF2, 0x4C,
    0x54, 0xE4, 0xE2, 0x6F, 0xAB, 0x57, 0x49, 0xAC, 0x07, 0x68, 0x0E, 0x68, 0x4C, 0xAE, 0xAD, 0x0E,
    0x81, 0x09, 0xB9, 0xCA, 0x54, 0xF5, 0x48, 0xA9, 0x5C, 0x51, 0xB9, 0x5A, 0x41, 0xED, 0xFF, 0xF4,
    0xC8, 0x67, 0x84, 0x1E, 0x4D, 0xD4, 0x04, 0xD0, 0x0C, 0x5E, 0x20, 0xB5, 0xAD, 0xEC, 0x7A, 0x3C,
    0x23, 0xA2, 0xF6, 0x68, 0x64, 0x4F, 0x93, 0xCE, 0x9F, 0x74, 0xCD, 0x47, 0xE5, 0xFC, 0xCF, 0xBD,
    0x5D, 0xAC, 0x85, 0x6D, 0xFB, 0xFC, 0xE9, 0xD7, 0x70, 0x4D, 0xC8, 0xBE, 0xE1, 0xB2, 0x83, 0xEE,
    0x2A, 0xEF, 0xA1, 0x5A, 0xAC, 0xBA, 0x06, 0x05, 0xB6, 0x02, 0xD9, 0x02, 0x81, 0x72, 0x54, 0x68,
    0x3A, 0x81, 0x84, 0x10, 0xC8, 0x67, 0x85, 0x7A, 0x50, 0x08, 0xAD, 0x02, 0x61, 0xD0, 0x29, 0xB8,
    0xA8, 0x50, 0x4D, 0x76, 0xC2, 0x0A, 0x3B, 0xBD, 0x15, 0x40, 0x18, 0x14, 0xEA, 0x59, 0xA1, 0xA0,
    0x42, 0xCA, 0x4E, 0x00, 0x61, 0xC4, 0x01, 0xDF, 0x44, 0x45, 0x38, 0x2E, 0xC8, 0x39, 0x34, 0x3B,
    0x00, 0x07, 0xEB, 0x77, 0xB8, 0x88, 0x0B, 0x5A, 0x3E, 0xB5, 0x32, 0x78, 0x57, 0x98, 0x7E, 0x57,
    0xD6, 0xA9, 0x3E, 0x8D, 0xC2, 0x8F, 0xCD, 0x45, 0x23, 0xE2, 0x7B, 0x67, 0x24, 0x7F, 0xA0, 0x83,
    0x82, 0xE2, 0x2B, 0xF5, 0x68, 0xD4, 0xBB, 0x2F, 0xE5, 0x1D, 0xC7, 0xBD, 0xCF, 0x56, 0xBF, 0xF3,
    0xE5, 0xA8, 0xC7, 0x3B, 0xF1, 0x5A, 0xF8, 0xEF, 0x4F, 0xE2, 0x1F, 0xF5, 0xE2, 0xA9, 0xFE, 0x83,
    0xA8, 0xC7, 0x67, 0xF1, 0xEF, 0xAD, 0xE2, 0x3B, 0xB6, 0xE2, 0xDD, 0x20, 0xBE, 0x9C, 0xC5, 0xE7,
    0x04, 0x9A, 0x3E, 0x61, 0x5F, 0x70, 0x41, 0x33, 0x55, 0x3B, 0x6F, 0xF5, 0x29, 0xCD, 0xE8, 0x0E,
    0xEF, 0xD9, 0xAC, 0x59, 0x74, 0x55, 0xAA, 0x3C, 0x7D, 0xC2, 0xA8, 0x12, 0xD5, 0x93, 0x4A, 0x54,
    0xCC, 0x92, 0x9B, 0xC8, 0x56, 0xBB, 0x5B, 0x5A, 0x3F, 0xA5, 0xD7, 0xA2, 0x6C, 0xDA, 0x00, 0x05,
    0xDA, 0x46, 0xCE, 0x81, 0x96, 0x76, 0x82, 0x8A, 0x1A, 0x7C, 0xB3, 0x2D, 0xD6, 0x43, 0xBA, 0x5E,
    0x15, 0xB5, 0x9C, 0xCA, 0x19, 0x72, 0xCD, 0x8C, 0x1E, 0xCD, 0x80, 0x84, 0x47, 0x2F, 0x6D, 0x5D,
    0x6B, 0xB5, 0xBE, 0x3F, 0xAA, 0x52, 0x4D, 0x2B, 0x80, 0x87, 0xEA, 0xD3, 0x59, 0x21, 0xDB, 0x60,
    0xB5, 0x83, 0x9C, 0x15, 0x37, 0xB0, 0x74, 0xBA, 0x2D, 0x11, 0x27, 0x9D, 0xB6, 0xC8, 0xD7, 0xDD,
    0xD2, 0xD2, 0xD6, 0x87, 0xBA, 0x43, 0x15, 0x5D, 0x8B, 0x72, 0x6A, 0x80, 0x7C, 0x0E, 0xB2, 0x16,
    0x1F, 0xE7, 0x3C, 0xB2, 0x29, 0x74, 0x28, 0x62, 0x23, 0x33, 0xD9, 0x89, 0x56, 0x25, 0x5F, 0xA7,
    0x37, 0xFE, 0x82, 0xE4, 0xD1, 0x05, 0x6A, 0x09, 0x09, 0xA9, 0x22, 0x4E, 0xA9, 0x6E, 0x02, 0x50,
    0x50, 0x36, 0x28, 0x0E, 0xA1, 0x97, 0x88, 0xFA, 0xA3, 0x3D, 0x8C, 0xF8, 0x32, 0xF6, 0x0D, 0x53,
    0x8C, 0x5C, 0x44, 0xAC, 0xD9, 0xDC, 0x59, 0xFB, 0x1F, 0x13, 0xF5, 0x22, 0x12, 0x24, 0xA3, 0xB4,
    0xEA, 0x05, 0xC1, 0xA3, 0xF9, 0x95, 0x28, 0xF2, 0xB1, 0xE8, 0xC1, 0x5E, 0x36, 0x28, 0x1C, 0xDC,
    0xC5, 0x69, 0x2B, 0x49, 0x4E, 0xE2, 0x66, 0x75, 0x55, 0x87, 0x32, 0x56, 0x32, 0x20, 0x2A, 0x0F,
    0xA2, 0x54, 0x9A, 0xEC, 0x9A, 0x9B, 0x98, 0x72, 0xC9, 0x43, 0x71, 0x54, 0xD7, 0x01, 0x22, 0x3F,
    0x50, 0x0B, 0xD5, 0x85, 0xDE, 0xE6, 0xAC, 0xF4, 0xEE, 0xDD, 0x74, 0x51, 0x06, 0xFD, 0xF5, 0x6D,
    0x26, 0xBA, 0xC1, 0xAD, 0x2F, 0xB2, 0xAD, 0xC8, 0x55, 0x04, 0x1A, 0xEC, 0x6F, 0xAB, 0xB4, 0xC7,
    0xDB, 0xC8, 0x62, 0x3A, 0x21, 0x9D, 0x65, 0xDC, 0xAD, 0x95, 0xC8, 0xA8, 0x83, 0x74, 0xDD, 0x96,
    0x44, 0x72, 0x66, 0xD2, 0xA1, 0x96, 0x14, 0x14, 0xD7, 0x49, 0x32, 0x7A, 0x07, 0xAC, 0xB8, 0x21,
    0x64, 0x3D, 0x8F, 0x72, 0xC0, 0x15, 0xBB, 0xE7, 0x60, 0xA2, 0x1B, 0x7F, 0x36, 0xCA, 0xDC, 0x91,
    0x38, 0xE1, 0xE5, 0x39, 0x2D, 0x81, 0x4A, 0x87, 0x8E, 0xCD, 0x00, 0x4B, 0x3A, 0xDB, 0xF0, 0x09,
    0xD7, 0x5E, 0x91, 0xB5, 0x5E, 0x93, 0xEC, 0x6B, 0xDA, 0x62, 0x86, 0x23, 0xA3, 0xF0, 0xD7, 0x22,
    0x09, 0x13, 0x90, 0x00, 0xBE, 0x42, 0x1E, 0xAB, 0xAE, 0xEA, 0xCA, 0xC1, 0xF9, 0x6C, 0x5A, 0x91,
    0x70, 0x96, 0xBE, 0x6F, 0x09, 0x75, 0xD0, 0xC2, 0xCC, 0xDA, 0x5F, 0xCA, 0xA8, 0x12, 0x26, 0x21,
    0x02, 0xE5, 0x7F, 0xE3, 0xFF, 0x00, 0x54, 0xBD, 0xDD, 0x6D, 0xE8, 0x74, 0x3B, 0xF5, 0x02, 0x30,
    0x42, 0xA7, 0xF2, 0x55, 0xF2, 0xC8, 0x1B, 0x65, 0x73, 0x43, 0x72, 0xDC, 0xE2, 0xE7, 0x28, 0xD4,
    0xC1, 0x49, 0x0C, 0xE2, 0x1A, 0x07, 0x38, 0x2F, 0x45, 0x45, 0xA0, 0x19, 0xE1, 0x20, 0xB5, 0x46,
    0x2D, 0xEB, 0x1B, 0xBA, 0x38, 0x65, 0x3E, 0xE3, 0xBA, 0x52, 0x65, 0x13, 0xEE, 0x19, 0x39, 0xA0,
    0x71, 0xF0, 0x26, 0x16, 0x8D, 0x44, 0x59, 0x46, 0x63, 0xD7, 0x19, 0x07, 0x16, 0xDB, 0x74, 0xB2,
    0xD8, 0xD0, 0x62, 0x1B, 0xCD, 0x16, 0xEB, 0x32, 0x16, 0xB7, 0x96, 0x80, 0xDB, 0x9A, 0xAE, 0xDF,
    0xE2, 0x00, 0x84, 0x76, 0x8B, 0xED, 0xCF, 0xF8, 0xEF, 0xD8, 0x9F, 0x1C, 0xD6, 0x8C, 0x24, 0xCE,
    0x27, 0x4D, 0x49, 0x27, 0x71, 0x1D, 0x51, 0x09, 0x15, 0x20, 0x0E, 0xD8, 0xE9, 0x95, 0xD7, 0x03,
    0x6A, 0xA7, 0x08, 0x3B, 0x58, 0x84, 0x93, 0x41, 0x62, 0xE3, 0xE7, 0x1F, 0xC0, 0xC6, 0xC9, 0x31,
    0xFB, 0x6E, 0x10, 0x0E, 0xCD, 0x8C, 0x43, 0x33, 0x67, 0x1C, 0x9A, 0x19, 0x87, 0x66, 0xC6, 0xA1,
    0x99, 0x71, 0xB8, 0x8F, 0xAD, 0xF3, 0x58, 0x0C, 0xAA, 0x16, 0xD8, 0x38, 0x94, 0xD8, 0x6F, 0xFB,
    0x75, 0x76, 0xDC, 0xE6, 0xB4, 0xE6, 0xB1, 0xC5, 0x37, 0x50, 0xEC, 0xB9, 0x7D, 0x1E, 0xD5, 0x9E,
    0xDB, 0x4B, 0xC2, 0xD7, 0x59, 0x6E, 0x5B, 0x2B, 0x01, 0x5B, 0x53, 0x4E, 0xB5, 0x38, 0x68, 0xCA,
    0x58, 0x4C, 0xE8, 0xA9, 0xC6, 0xA1, 0x40, 0xEA, 0x8D, 0x43, 0xA9, 0xE3, 0xBC, 0xDB, 0x38, 0x2C,
    0x22, 0x4A, 0x89, 0x13, 0x76, 0x72, 0x6A, 0xD5, 0x29, 0x87, 0x46, 0x47, 0xBB, 0x71, 0x28, 0xE0,
    0x8F, 0x71, 0x08, 0x00, 0xAF, 0x46, 0x98, 0x65, 0xDC, 0x22, 0xE4, 0xFB, 0x08, 0x2F, 0xEF, 0xA3,
    0xF2, 0xAB, 0x46, 0xB7, 0x5F, 0xB0, 0x48, 0x18, 0x8C, 0x22, 0xDF, 0x94, 0x50, 0x22, 0xD1, 0x2E,
    0xE7, 0xEB, 0x16, 0x4D, 0xE5, 0x28, 0x67, 0xCC, 0x3B, 0x67, 0x4F, 0xB2, 0xD2, 0x69, 0x2D, 0xB1,
    0x22, 0x02, 0x1A, 0x2F, 0xD1, 0xCD, 0x64, 0x41, 0x80, 0x44, 0xB2, 0x69, 0xEE, 0x2B, 0x4B, 0x23,
    0x4B, 0x7D, 0x8B, 0x82, 0xB7, 0xC8, 0x78, 0x92, 0x73, 0xE5, 0x84, 0x2B, 0x41, 0xD6, 0x93, 0x7F,
    0xD7, 0x1B, 0xE9, 0xFF, 0x72, 0xC2, 0x6B, 0x6E, 0x44, 0x88, 0xF2, 0x9B, 0xA5, 0xE2, 0x03, 0x1E,
    0xFD, 0x98, 0xF7, 0xDF, 0x9A, 0x73, 0xF2, 0xEF, 0xFC, 0x50, 0xEE, 0x2F, 0x21, 0x7F, 0xC2, 0x3F,
    0xC8, 0xFD, 0xC9, 0xF3, 0xD9, 0x2D, 0x9C, 0xB0, 0x64, 0x10, 0x5F, 0x44, 0xF1, 0x8D, 0xF8, 0x54,
    0xD3, 0xAA, 0x5C, 0x3D, 0x36, 0xD5, 0xF0, 0xCC, 0x93, 0x9F, 0x6F, 0xFA, 0x2F, 0x9E, 0x6F, 0xAA,
    0x63, 0xCF, 0x37, 0x45, 0x2F, 0x6D, 0x22, 0x7F, 0x7A, 0xCF, 0x37, 0x9B, 0x65, 0xBD, 0x6D, 0x6E,
    0x2F, 0xA5, 0xD5, 0xB5, 0x75, 0x5E, 0xAC, 0xE2, 0x12, 0x2B, 0x9C, 0xFE, 0xFF, 0xFC, 0xF9, 0xE6,
    0xFB, 0x30, 0x7B, 0x67, 0x43, 0x76, 0x86, 0x61, 0x34, 0xAC, 0x57, 0xC3, 0x94, 0x9D, 0x05, 0x85,
    0xE1, 0xE3, 0xAD, 0x21, 0x50, 0x48, 0x75, 0xD9, 0x6B, 0x2E, 0x7D, 0x2E, 0x48, 0x1E, 0x1C, 0x5A,
    0x9B, 0x2F, 0x3B, 0x80, 0xD3, 0x86, 0x8B, 0xE1, 0x42, 0xC3, 0x39, 0x74, 0x86, 0xAE, 0x37, 0x2C,
    0xA3, 0x61, 0x31, 0x1B, 0x66, 0xAB, 0x21, 0xE8, 0x0D, 0x9B, 0xCE, 0xB0, 0x1E, 0x0C, 0xCB, 0xD1,
    0x30, 0x9F, 0x0D, 0x53, 0x1A, 0x82, 0xBF, 0x31, 0x6C, 0x3E, 0x30, 0xAC, 0x69, 0x58, 0x6E, 0x98,
    0xED, 0xF0, 0x60, 0xBD, 0xA7, 0x2D, 0xA3, 0xE1, 0xA4, 0x14, 0x04, 0x41, 0xD7, 0x41, 0xED, 0x92,
    0xB8, 0x8B, 0x1A, 0x46, 0x71, 0xD9, 0xAC, 0xDE, 0xB2, 0x80, 0x5E, 0xA0, 0xE9, 0xBF, 0xC8, 0x94,
    0xD4, 0x98, 0xFB, 0x19, 0x4E, 0xDA, 0x25, 0xDC, 0xF6, 0xB8, 0xB6, 0x14, 0x1C, 0x11, 0x96, 0x86,
    0x2B, 0xEE, 0x70, 0x97, 0x18, 0x00, 0x07, 0xB0, 0x15, 0x99, 0x9A, 0x9D, 0x97, 0x8B, 0xFE, 0x27,
    0x3E, 0xE1, 0x3D, 0x34, 0x87, 0x35, 0xA7, 0x8C, 0x74, 0x1C, 0x73, 0x6B, 0x6E, 0x3F, 0xC0, 0x89,
    0x27, 0xD3, 0x62, 0x31, 0x6C, 0x66, 0x85, 0x8C, 0x83, 0x62, 0xB9, 0x1D, 0x7E, 0xD6, 0xE3, 0xA4,
    0xD5, 0xF7, 0x14, 0x52, 0x4E, 0x8A, 0x39, 0x17, 0xC5, 0xB2, 0x5F, 0x0D, 0x3B, 0xB7, 0xE1, 0x8D,
    0x0D, 0xAF, 0x2B, 0xE6, 0x9F, 0xCC, 0x8A, 0x09, 0x47, 0x45, 0x6C, 0xE7, 0x27, 0xDC, 0xAE, 0xFB,
    0x2F, 0x5B, 0x27, 0x8F, 0xAB, 0x62, 0x31, 0x70, 0x3B, 0x3F, 0x78, 0xC1, 0xAA, 0x33, 0x01, 0x9C,
    0x37, 0x6C, 0x50, 0x0D, 0x82, 0x0F, 0x37, 0x9E, 0x67, 0xAB, 0xCF, 0x74, 0x46, 0x3E, 0xC9, 0x72,
    0x36, 0x0D, 0xAD, 0x1C, 0x64, 0x99, 0xCF, 0xEE, 0xDF, 0x5F, 0xB1, 0x65, 0xDB, 0x56, 0x3E, 0xB2,
    0xB0, 0xF3, 0x56, 0xC6, 0x0D, 0x4C, 0xE1, 0x15, 0xB0, 0x77, 0x64, 0x1E, 0x08, 0x47, 0xFA, 0xE7,
    0x72, 0x49, 0x7A, 0xB7, 0xC3, 0x6A, 0x87, 0x5B, 0x17, 0x7B, 0x4D, 0x56, 0x96, 0x9F, 0x36, 0xB2,
    0xB6, 0x32, 0xF6, 0x26, 0x36, 0x43, 0x25, 0x1B, 0x0C, 0x56, 0xB4, 0x1E, 0xD9, 0x58, 0xB7, 0xC8,
    0x62, 0xD9, 0x6D, 0x6E, 0xAA, 0x5B, 0xA9, 0x69, 0x58, 0xD2, 0xE3, 0xDA, 0xF0, 0x35, 0xBC, 0x10,
    0x9E, 0x39, 0x16, 0x1C, 0x1A, 0x79, 0x39, 0x78, 0x19, 0x66, 0x49, 0x8B, 0x53, 0x05, 0xEC, 0x7A,
    0xC3, 0x94, 0x5B, 0x50, 0xD2, 0x5B, 0xE0, 0x46, 0x43, 0x5C, 0xFF, 0x06, 0xBD, 0x22, 0x2E, 0xCE,
    0x7F, 0x45, 0xBC, 0xB7, 0xF1, 0x78, 0x31, 0x65, 0x06, 0xA5, 0x1D, 0xB4, 0x04, 0x85, 0x6B, 0x8F,
    0xB7, 0xD4, 0x1F, 0x3D, 0xF9, 0xF5, 0x31, 0x9F, 0xCE, 0xEB, 0x63, 0x9E, 0x7D, 0x7D, 0x7C, 0xCC,
    0x7E, 0x7E, 0xFC, 0x39, 0xB4, 0x32, 0x08, 0xA3, 0xB1, 0x6B, 0x6D, 0x6E, 0xB2, 0x4D, 0x3C, 0xFE,
    0x05, 0xE6, 0x21, 0x5E, 0x51, 0x3D, 0xBC, 0xD6, 0x11, 0x3F, 0x8D, 0x92, 0x4D, 0x0D, 0x3B, 0xD0,
    0xA3, 0xB0, 0xD7, 0x5B, 0xA9, 0x6C, 0x4D, 0x96, 0x6B, 0x45, 0x9A, 0x8A, 0xFA, 0x52, 0xB3, 0x71,
    0x7D, 0xD5, 0x23, 0x99, 0x2B, 0x79, 0x3C, 0xCD, 0xA3, 0xCE, 0xEE, 0xAA, 0x53, 0x68, 0x20, 0x90,
    0xCC, 0x0A, 0x79, 0x54, 0xA8, 0x5B, 0x94, 0x83, 0xEB, 0x1E, 0x02, 0x55, 0x5F, 0xFF, 0x65, 0x12,
    0x7D, 0xAB, 0xCF, 0xED, 0xD5, 0x0E, 0xA5, 0xBA, 0x7D, 0x61, 0x04, 0x64, 0x84, 0x5C, 0xB3, 0x60,
    0x8F, 0x6A, 0x42, 0xCD, 0xF5, 0xC5, 0x5D, 0x74, 0xB7, 0x92, 0x1B, 0xC4, 0x2F, 0x52, 0xF2, 0x10,
    0x38, 0x39, 0xFA, 0x81, 0xDF, 0xA9, 0x5F, 0xC4, 0x65, 0xE2, 0xAD, 0xBF, 0xEC, 0xD3, 0x48, 0xBC,
    0x75, 0xBA, 0x1F, 0xE2, 0xB4, 0x5D, 0xF6, 0x00, 0x0A, 0x2E, 0xA5, 0xD6, 0x43, 0xF0, 0x09, 0x7F,
    0x1B, 0x54, 0xB9, 0x72, 0xD2, 0x14, 0xDB, 0x05, 0x03, 0xEA, 0x55, 0x56, 0x79, 0xB8, 0xC2, 0x75,
    0x69, 0xA4, 0xDC, 0x71, 0x27, 0xDE, 0x41, 0xFC, 0x24, 0xFE, 0xF7, 0x03, 0x88, 0xFA, 0x51, 0x8B,
    0x15, 0xD5, 0x8A, 0x54, 0x4F, 0xCF, 0x26, 0x14, 0xBA, 0x48, 0xB5, 0x5B, 0xB3, 0x47, 0x13, 0x64,
    0x07, 0xCF, 0x57, 0xD6, 0x54, 0x8F, 0xDF, 0x7F, 0x8F, 0x57, 0x6C, 0x0A, 0x4D, 0xBA, 0x81, 0x84,
    0x36, 0xA6, 0xAC, 0x48, 0x7B, 0x17, 0x35, 0x5D, 0xF3, 0xD9, 0x72, 0xF8, 0x1D, 0xDB, 0xC7, 0x95,
    0xC7, 0x49, 0x69, 0x10, 0x5A, 0x05, 0x76, 0xC7, 0xBF, 0xD4, 0x71, 0x38, 0xF1, 0xA5, 0x6E, 0x3C,
    0xE7, 0x4B, 0x1D, 0x4F, 0x7E, 0xA9, 0x6B, 0x4F, 0x7C, 0xA9, 0xEB, 0xCF, 0xF9, 0x52, 0x37, 0x9F,
    0xF8, 0x52, 0xB7, 0x9E, 0xFC, 0x52, 0xE7, 0x8F, 0x7D, 0xA9, 0x73, 0x5C, 0x82, 0x7D, 0xB0, 0x33,
    0x55, 0x12, 0xFD, 0xBB, 0x61, 0x00, 0x56, 0x19, 0x10, 0x4D, 0x26, 0xA3, 0xFC, 0x97, 0x8B, 0x0E,
    0x16, 0x20, 0x1B, 0x6A, 0x20, 0xE9, 0x8B, 0xA7, 0xF4, 0x69, 0x4E, 0x06, 0xB4, 0xD8, 0xA6, 0x1B,
    0x1A, 0xAE, 0x8A, 0x6B, 0x42, 0xC5, 0x11, 0x4E, 0xF1, 0x0D, 0x7C, 0x0B, 0xE7, 0x5A, 0xD1, 0x1A,
    0xBA, 0xCE, 0x30, 0xF4, 0x86, 0x8C, 0x0A, 0xC9, 0xE7, 0x86, 0xD9, 0x3F, 0xB7, 0xA1, 0xFD, 0xE1,
    0x6C, 0xA7, 0xBD, 0xBB, 0x0D, 0xEF, 0x76, 0x55, 0xAC, 0x3D, 0x15, 0x1D, 0x1A, 0x2F, 0x78, 0x77,
    0x5B, 0x70, 0x86, 0xEB, 0x2D, 0x43, 0xAA, 0xC1, 0xB2, 0xA9, 0x8C, 0x5B, 0x7F, 0x1D, 0x61, 0xA2,
    0xCD, 0x36, 0x64, 0xDF, 0x12, 0xAC, 0x3A, 0x64, 0xAB, 0x75, 0xBE, 0x84, 0x82, 0xAA, 0x11, 0x10,
    0x34, 0x81, 0xAC, 0x98, 0x9A, 0x4E, 0x87, 0x6C, 0x22, 0x9F, 0x34, 0x38, 0xA2, 0xD6, 0x21, 0x3B,
    0xC2, 0xED, 0x50, 0x4A, 0xD3, 0x04, 0xC8, 0x24, 0x19, 0x8A, 0xBE, 0x8A, 0x28, 0x25, 0x41, 0xBE,
    0x8D, 0xA4, 0xFF, 0x3A, 0x3F, 0xA4, 0xCE, 0xA6, 0x96, 0xCD, 0xCD, 0x7F, 0x03, 0xDD, 0x96, 0x3F,
    0x8C, 0xDF, 0xB6, 0xDD, 0xC6, 0x3F, 0x94, 0x72, 0xA7, 0xBC, 0xAF, 0xD0, 0x2A, 0x43, 0x5C, 0xA4,
    0x76, 0x52, 0x65, 0xE8, 0xD6, 0x20, 0x5A, 0x32, 0xDA, 0x20, 0xB3, 0x2F, 0x1E, 0xEC, 0xC9, 0x43,
    0xBA, 0x2F, 0x97, 0xB1, 0x53, 0xC8, 0xA6, 0x3B, 0x70, 0x43, 0x9C, 0x39, 0x83, 0xC7, 0x02, 0xCE,
    0x8E, 0x18, 0x62, 0xBA, 0x0F, 0x1A, 0xBA, 0x57, 0x40, 0x9D, 0xC1, 0x9B, 0x06, 0x15, 0xD1, 0x15,
    0x92, 0x9E, 0xE2, 0x47, 0x09, 0xBE, 0x1F, 0xFC, 0x0F, 0x8E, 0x6B, 0xA3, 0x6D, 0x1E, 0x1C, 0x9F,
    0x0F, 0x0E, 0x77, 0x20, 0xF9, 0xE5, 0xA3, 0xAF, 0x44, 0x92, 0xAE, 0x73, 0x03, 0xF0, 0x78, 0x07,
    0xBE, 0xF3, 0x3D, 0x34, 0x63, 0x3D, 0x41, 0xB1, 0x14, 0x02, 0x5A, 0xD7, 0x46, 0xA8, 0x5D, 0x19,
    0xC1, 0xF0, 0x84, 0xBC, 0x24, 0xED, 0x7E, 0x35, 0x39, 0x82, 0x26, 0x79, 0x7D, 0xE4, 0x6F, 0x27,
    0xE7, 0x99, 0x2E, 0x0D, 0x47, 0xDE, 0xBF, 0xE0, 0x3F, 0x21, 0x4B, 0x5E, 0x44, 0x04, 0x65, 0xF2,
    0x2A, 0x79, 0x1D, 0x4F, 0x25, 0x29, 0xD8, 0x83, 0xBB, 0x6D, 0x3F, 0x49, 0x25, 0x9F, 0x40, 0x13,
    0x66, 0xB0, 0x71, 0x85, 0xBA, 0x6F, 0xA1, 0x1C, 0x6C, 0x20, 0x9F, 0xEA, 0x08, 0x73, 0xD1, 0xC3,
    0x75, 0xD3, 0x71, 0x24, 0x73, 0x1B, 0x68, 0xD4, 0x93, 0x49, 0x33, 0xE5, 0x7A, 0x47, 0xD4, 0x3D,
    0x72, 0x36, 0xE2, 0x83, 0x75, 0xD8, 0xD8, 0x82, 0x8D, 0x92, 0x74, 0x69, 0x41, 0x00, 0x9B, 0x39,
    0xA0, 0x0D, 0x80, 0xEF, 0x00, 0x3B, 0x02, 0x95, 0xEE, 0x9E, 0xB9, 0x42, 0x12, 0xB4, 0x9A, 0xF6,
    0x35, 0xF0, 0x0F, 0x81, 0x42, 0x2B, 0x50, 0x4B, 0x01, 0xAC, 0xF3, 0x11, 0x6E, 0x50, 0x45, 0xF8,
    0x2D, 0xA7, 0x00, 0xFF, 0x53, 0x27, 0x5E, 0xAC, 0x80, 0x4F, 0x33, 0x6A, 0x22, 0x1B, 0x8B, 0x99,
    0xBC, 0x63, 0x26, 0x0F, 0x7C, 0x02, 0xC0, 0xBF, 0x73, 0xCE, 0x21, 0xAD, 0xF4, 0x2A, 0xE7, 0xFC,
    0x16, 0xDC, 0xE0, 0x37, 0xE0, 0x9D, 0x0D, 0xF8, 0xCE, 0xF6, 0x34, 0x63, 0x35, 0x53, 0xAC, 0x99,
    0xA0, 0x75, 0x3E, 0x52, 0xB9, 0x32, 0x62, 0xE0, 0x58, 0xB5, 0xE4, 0x68, 0x24, 0x38, 0x6D, 0x1F,
    0x02, 0x36, 0xBE, 0x71, 0x33, 0xED, 0xA3, 0xCB, 0x75, 0x1D, 0xC0, 0xC7, 0x8C, 0xF8, 0x7C, 0xC6,
    0xFF, 0x69, 0xC6, 0x7E, 0xBF, 0x52, 0xF5, 0x2D, 0xF9, 0xD0, 0x04, 0x33, 0x55, 0x91, 0xCF, 0x73,
    0xC7, 0x63, 0xDD, 0x82, 0x76, 0x26, 0xD3, 0x0C, 0x67, 0x33, 0xE4, 0xAF, 0x30, 0x8A, 0xD5, 0x19,
    0x69, 0xC8, 0xA4, 0xC1, 0xE8, 0xBC, 0xD6, 0xE4, 0xB5, 0xAE, 0x46, 0x23, 0xF6, 0x26, 0x6F, 0xB3,
    0x0B, 0xAF, 0xC5, 0x6B, 0xBE, 0xAA, 0x73, 0xC4, 0x2B, 0xFF, 0x64, 0xBA, 0x67, 0x0F, 0xF3, 0x2C,
    0xDB, 0x42, 0x56, 0xEB, 0x62, 0x34, 0x60, 0xCF, 0xF9, 0x80, 0xC7, 0xBA, 0x42, 0x23, 0x5A, 0x71,
    0xED, 0xA5, 0xA7, 0x35, 0xFA, 0xAA, 0xD1, 0x6A, 0xB5, 0x66, 0x18, 0x07, 0x94, 0xB1, 0xE8, 0x80,
    0x6A, 0x28, 0x27, 0xA0, 0x5C, 0x8A, 0x15, 0xC8, 0xF4, 0xA9, 0xB6, 0xC7, 0xA6, 0x19, 0x80, 0x72,
    0x28, 0x46, 0x80, 0x6F, 0xF9, 0x9C, 0xA7, 0x74, 0xA6, 0x73, 0xA0, 0x90, 0x16, 0xC0, 0x4A, 0x0A,
    0xA0, 0xCE, 0x68, 0x20, 0x5F, 0xA0, 0x99, 0xA8, 0x46, 0x28, 0x67, 0xEA, 0x1E, 0xF2, 0x75, 0x4B,
    0x52, 0xD8, 0x00, 0xC8, 0x79, 0x07, 0xF8, 0xD0, 0x92, 0x20, 0x52, 0xCA, 0x2F, 0x40, 0x90, 0x03,
    0xBC, 0x6B, 0x03, 0xD0, 0xE2, 0xF7, 0xC9, 0x3A, 0x30, 0x0B, 0xCD, 0x90, 0x42, 0xAA, 0x66, 0xA8,
    0x46, 0x0A, 0x39, 0x7C, 0x8F, 0xD1, 0xC5, 0x1D, 0x39, 0xF0, 0xD2, 0xB2, 0xED, 0xB3, 0x03, 0xB8,
    0x72, 0x8B, 0x5D, 0x79, 0xF8, 0x08, 0xAA, 0xF8, 0x00, 0xAA, 0x5E, 0x50, 0x0E, 0xDE, 0x91, 0x4F,
    0x4D, 0x84, 0xB9, 0xEA, 0xE0, 0x8B, 0x7C, 0x80, 0x0F, 0xE8, 0x39, 0xD6, 0xD6, 0x97, 0x13, 0x46,
    0x12, 0xC5, 0x7A, 0x47, 0xB1, 0x1A, 0xF0, 0x7D, 0x13, 0xA9, 0x07, 0x1B, 0xA8, 0xA6, 0x16, 0x8A,
    0x59, 0x90, 0x3F, 0xCB, 0x26, 0x39, 0xF2, 0xB1, 0x8D, 0x94, 0x83, 0xED, 0xA8, 0xFA, 0x66, 0xC4,
    0xC6, 0x4A, 0x5F, 0xCB, 0xE5, 0x69, 0x93, 0xAD, 0x7A, 0x30, 0x69, 0x83, 0xA7, 0x2B, 0x00, 0x56,
    0x3D, 0x80, 0x34, 0x02, 0xD9, 0x52, 0xCC, 0x40, 0x3E, 0x90, 0x10, 0xF9, 0x3D, 0xA4, 0x2C, 0x77,
    0xFD, 0xBC, 0x22, 0x32, 0x3A, 0x87, 0x5A, 0x13, 0x58, 0xAD, 0xF0, 0xC0, 0x08, 0x06, 0x2C, 0x44,
    0xDE, 0x07, 0xE0, 0x27, 0x06, 0xE3, 0x5E, 0x4F, 0x30, 0x49, 0xEF, 0xF3, 0x0B, 0x00, 0x4B, 0x93,
    0x4A, 0x8E, 0xB6, 0x07, 0xEC, 0x58, 0x1F, 0x75, 0x92, 0xD1, 0x76, 0x10, 0x4D, 0xAC, 0x23, 0x90,
    0x39, 0x13, 0x78, 0x42, 0x27, 0xF7, 0xF5, 0x4F, 0x07, 0xB5, 0xA4, 0x71, 0x43, 0x8A, 0x29, 0x16,
    0x4A, 0x40, 0x21, 0xC1, 0xC6, 0xE7, 0xC3, 0xBB, 0x03, 0x8C, 0x38, 0xA0, 0x99, 0x0F, 0x90, 0xFA,
    0x84, 0x95, 0x84, 0x39, 0xE1, 0x7B, 0x25, 0xC4, 0x36, 0x24, 0xD8, 0x2E, 0xA1, 0x1E, 0x12, 0xCA,
    0x39, 0x21, 0x57, 0x02, 0xDA, 0xA7, 0x1E, 0xD2, 0x3B, 0xB7, 0x5E, 0xA8, 0xA5, 0x50, 0x28, 0x34,
    0x92, 0x33, 0xEA, 0x48, 0x11, 0x01, 0xF0, 0x11, 0xDF, 0xB0, 0xE6, 0x03, 0xCA, 0x27, 0xFC, 0x97,
    0x33, 0x4D, 0x5C, 0xA9, 0x7A, 0x4B, 0x3E, 0xD4, 0x8E, 0xA1, 0x70, 0xEC, 0xE2, 0x5D, 0x6E, 0x1D,
    0x8E, 0xC5, 0x2F, 0xB5, 0xDA, 0xC5, 0xEB, 0x74, 0x5D, 0x1F, 0xA0, 0xE1, 0x2D, 0x14, 0x41, 0xBC,
    0xD4, 0x30, 0xFA, 0x0A, 0x2F, 0x39, 0x49, 0x0E, 0x93, 0xEA, 0xA0, 0xD2, 0xC4, 0x65, 0xAD, 0xED,
    0xA7, 0x02, 0x98, 0xB0, 0x00, 0x03, 0xEF, 0x01, 0xDC, 0xE4, 0xB9, 0xFA, 0x55, 0xAB, 0x47, 0x80,
    0x97, 0xD4, 0x81, 0xDD, 0x52, 0x40, 0x34, 0x73, 0x42, 0xBE, 0x26, 0x18, 0x25, 0xF0, 0x2C, 0x64,
    0x4B, 0x42, 0x39, 0x27, 0xB4, 0x03, 0x20, 0x29, 0x24, 0x4C, 0x24, 0x0C, 0x09, 0xC5, 0x94, 0x90,
    0xAD, 0x09, 0xC8, 0x25, 0xF8, 0x98, 0xD0, 0x0C, 0x09, 0xD5, 0xBE, 0xAC, 0xF6, 0x65, 0x23, 0xA7,
    0xBA, 0x87, 0x1F, 0x53, 0x79, 0xF5, 0x8A, 0xD7, 0x92, 0xFA, 0x06, 0xE0, 0x16, 0xD4, 0x17, 0x18,
    0x29, 0xE4, 0x52, 0x5F, 0x76, 0xF5, 0x50, 0xB9, 0x7C, 0xF8, 0x25, 0x74, 0x00, 0x6F, 0xEC, 0xD8,
    0x77, 0xF1, 0x07, 0xAE, 0x27, 0x0A, 0xBF, 0x31, 0xFA, 0x0E, 0xC0, 0x0E, 0xCD, 0x08, 0x50, 0xCE,
    0xC5, 0x02, 0x60, 0x44, 0x0B, 0x40, 0x4D, 0xED, 0x48, 0x32, 0x3C, 0x2D, 0xAF, 0x99, 0x4A, 0x72,
    0x3B, 0xB9, 0xAA, 0xB0, 0xDD, 0x2B, 0x04, 0xD8, 0xF8, 0x1F, 0xA4, 0x03, 0x1F, 0xA0, 0x3D, 0x0C,
    0x77, 0xF4, 0xB7, 0x91, 0x54, 0x60, 0xA5, 0xBB, 0xED, 0x04, 0xE4, 0x92, 0x7A, 0x00, 0xAF, 0x75,
    0xBF, 0xBF, 0x39, 0x2E, 0x75, 0xDD, 0xF4, 0x40, 0xEA, 0x14, 0x48, 0xCD, 0x02, 0xF8, 0x2F, 0x17,
    0x80, 0xA6, 0x13, 0xA4, 0x7B, 0xB7, 0x03, 0xB2, 0xA1, 0x0A, 0x00, 0xDF, 0xE4, 0x8E, 0x27, 0x75,
    0x05, 0x4E, 0x1C, 0x8D, 0x28, 0x15, 0xF1, 0xA2, 0x52, 0xE4, 0x77, 0xE2, 0x74, 0x0F, 0xD3, 0xBE,
    0x4E, 0xB4, 0x11, 0xDA, 0x90, 0x29, 0x82, 0xFF, 0xC7, 0x99, 0xFE, 0x0A, 0x8D, 0xF4, 0x99, 0x22,
    0xA5, 0xA6, 0x4A, 0x11, 0x6E, 0xBB, 0xD3, 0xBB, 0x8F, 0xAF, 0xE9, 0xFB, 0x45, 0xFD, 0xF1, 0x55,
    0x1D, 0x6C, 0xF0, 0x11, 0xF6, 0xEB, 0x3A, 0xF0, 0x1E, 0x19, 0xCF, 0x97, 0xD7, 0x4A, 0x91, 0xF2,
    0x5F, 0x28, 0x53, 0xFE, 0xE7, 0x98, 0x9F, 0x45, 0xFE, 0xF5, 0x04, 0xA4, 0x3E, 0x05, 0x72, 0xA9,
    0x07, 0xAA, 0xAE, 0x1E, 0x0E, 0x20, 0x3F, 0xE0, 0xFF, 0x2E, 0x7B, 0xF6, 0xBF, 0x2F, 0xF1, 0xB3,
    0x2D, 0xF1, 0x7A, 0x4B, 0xFC, 0xFF, 0xEF, 0x42, 0xA9, 0x73, 0x90, 0x94, 0x4A, 0x76, 0xD5, 0x84,
    0x77, 0x75, 0x8F, 0x75, 0x36, 0x6E, 0xD6, 0x60, 0x23, 0x1F, 0x63, 0xFB, 0xBD, 0x78, 0x2A, 0x39,
    0xC8, 0x35, 0x02, 0xAD, 0x1C, 0xD4, 0x1A, 0xC0, 0x68, 0x01, 0x6A, 0x01, 0x99, 0xC2, 0xBB, 0xD0,
    0xC6, 0xEF, 0xC0, 0xC6, 0xF9, 0x60, 0x0B, 0xD8, 0x20, 0x68, 0x9D, 0x82, 0x11, 0xBA, 0x38, 0x9B,
    0x91, 0x34, 0x72, 0x4D, 0x72, 0x70, 0xE5, 0x26, 0xBB, 0x4C, 0x3A, 0xFA, 0x15, 0x30, 0x02, 0x48,
    0x96, 0x7E, 0x9D, 0x81, 0x7C, 0x04, 0x8A, 0x0E, 0x38, 0xB9, 0x89, 0x91, 0x5C, 0x29, 0xC5, 0xFA,
    0x87, 0x36, 0x5A, 0x57, 0x45, 0x4B, 0x7E, 0x18, 0xCE, 0x76, 0x50, 0x2F, 0x50, 0xAA, 0xDF, 0x36,
    0xD5, 0x28, 0x60, 0xD4, 0x7D, 0x48, 0x33, 0x8C, 0x54, 0xC3, 0x44, 0x35, 0x2C, 0x34, 0xBD, 0xBE,
    0x56, 0x54, 0x7A, 0x42, 0xA7, 0xCB, 0xDE, 0xAE, 0x03, 0xA9, 0xD0, 0x7A, 0x80, 0xEA, 0x30, 0x7A,
    0xA8, 0x23, 0x58, 0x07, 0xDF, 0x81, 0x0E, 0x9A, 0x8E, 0x7D, 0xC6, 0xC6, 0x7C, 0xDC, 0x7C, 0xC2,
    0xC6, 0x6C, 0x1C, 0x0F, 0x3E, 0x7C, 0x88, 0x8D, 0x26, 0x6C, 0x51, 0xBC, 0x09, 0x4F, 0xDF, 0xF1,
    0x14, 0x68, 0x04, 0x9B, 0xFC, 0x58, 0xA9, 0x90, 0xAD, 0x94, 0xAD, 0x18, 0xA8, 0x36, 0xEF, 0x61,
    0x2B, 0x69, 0x2B, 0x2A, 0x95, 0x05, 0x27, 0x80, 0x05, 0x5A, 0x40, 0x97, 0xE3, 0x9A, 0x34, 0xB6,
    0xDB, 0x18, 0x10, 0xFC, 0xB4, 0xE1, 0xA0, 0xFD, 0xE1, 0xCF, 0x78, 0xCD, 0x34, 0xEA, 0x31, 0xB7,
    0x2F, 0x33, 0xCE, 0xD7, 0x3D, 0x61, 0x01, 0xEB, 0x16, 0x6F, 0x3E, 0xA6, 0x70, 0xCD, 0xFD, 0x35,
    0xD5, 0xD5, 0x71, 0x58, 0x19, 0x85, 0x6A, 0x66, 0x21, 0x5F, 0x99, 0x31, 0x62, 0x06, 0x31, 0x81,
    0x78, 0x07, 0x56, 0x20, 0x5B, 0x80, 0x7C, 0x06, 0xAA, 0x71, 0xAF, 0xD8, 0xA8, 0x87, 0x46, 0x33,
    0x85, 0x7E, 0x14, 0x85, 0x82, 0x5C, 0x76, 0x8F, 0xFD, 0x9A, 0x04, 0xC7, 0x16, 0x80, 0xD6, 0x01,
    0x02, 0xF2, 0x05, 0xA8, 0x66, 0xA0, 0x1D, 0xE0, 0x33, 0x45, 0xA4, 0x15, 0x94, 0xA6, 0xBB, 0x00,
    0xB6, 0x12, 0xCE, 0xD4, 0x93, 0x49, 0x13, 0xD5, 0xC5, 0xD9, 0x42, 0xD3, 0x65, 0x2B, 0x36, 0x20,
    0x2C, 0x88, 0x0A, 0x56, 0xC0, 0x2C, 0x40, 0xB6, 0x3F, 0xB3, 0xFB, 0xA9, 0xFB, 0x0E, 0x32, 0xCD,
    0xE0, 0x53, 0xAF, 0xFD, 0x51, 0xCE, 0xDC, 0xC3, 0x87, 0x17, 0x6D, 0x68, 0x3D, 0xDE, 0x50, 0xA9,
    0xC8, 0x55, 0xAD, 0xE0, 0x2F, 0x37, 0xC4, 0xB7, 0x94, 0x01, 0x60, 0xC1, 0x26, 0xB6, 0x6E, 0x05,
    0xA0, 0xF9, 0xFB, 0x04, 0x6C, 0x5D, 0xC0, 0xD6, 0x93, 0x24, 0x79, 0x5E, 0xA0, 0xFD, 0x6B, 0x1D,
    0x77, 0x86, 0xAB, 0x0A, 0x9C, 0xBC, 0x96, 0xB7, 0xF6, 0x41, 0x4F, 0xF2, 0xB5, 0xBD, 0xD5, 0xD3,
    0xAD, 0x8A, 0xF6, 0x11, 0xF6, 0x72, 0xFF, 0x89, 0xEF, 0x70, 0x02, 0x30, 0xD3, 0x04, 0x40, 0x7C,
    0xB1, 0x5D, 0x9C, 0x67, 0x80, 0xFA, 0xC7, 0x01, 0xA0, 0x50, 0x07, 0x80, 0x42, 0xC2, 0xAF, 0x79,
    0x5A, 0xE6, 0x7E, 0x04, 0xA8, 0x94, 0x50, 0x6F, 0x30, 0x3E, 0x01, 0xFB, 0x32, 0x38, 0xB9, 0x79,
    0xC0, 0x5F, 0xB4, 0x1C, 0xF0, 0x37, 0x29, 0x80, 0x3D, 0xBC, 0x7F, 0xC0, 0x4E, 0xD8, 0x1E, 0x6C,
    0x47, 0x7D, 0x40, 0xA4, 0x1A, 0x5E, 0x17, 0xFC, 0x43, 0xEA, 0x0B, 0x4A, 0xAD, 0x48, 0xB1, 0xD6,
    0x62, 0xA4, 0xF8, 0x2F, 0x7D, 0x92, 0xB1, 0x6E, 0xD6, 0x30, 0x14, 0x85, 0xBF, 0x24, 0xA5, 0xA9,
    0x14, 0x21, 0xB3, 0x23, 0x9A, 0x85, 0x81, 0xCD, 0x0B, 0x2B, 0x5C, 0x8B, 0x27, 0xE8, 0x23, 0x30,
    0xB0, 0xB3, 0x74, 0x60, 0x28, 0xB2, 0x05, 0x2F, 0xD0, 0xC7, 0xE9, 0xC0, 0xDF, 0xF8, 0x11, 0x22,
    0x9E, 0xC0, 0x3B, 0x8B, 0x87, 0x48, 0xB8, 0xC2, 0xC9, 0xE5, 0x0F, 0x54, 0x62, 0xA0, 0xE0, 0x4F,
    0x77, 0xB8, 0x96, 0xE5, 0x6B, 0x9F, 0x73, 0xE0, 0x05, 0x07, 0x94, 0x29, 0x4A, 0x1E, 0x4A, 0xB3,
    0xF2, 0x8A, 0x13, 0xAE, 0x9B, 0xD2, 0x55, 0x53, 0x6C, 0x96, 0xB8, 0x51, 0x78, 0x02, 0xC0, 0x7B,
    0xD0, 0xD0, 0x6A, 0xEA, 0x7F, 0x2C, 0xE6, 0x6B, 0xB5, 0x61, 0xF3, 0xC8, 0x15, 0x8F, 0x9F, 0x86,
    0x33, 0x9F, 0xAD, 0xAE, 0x52, 0xBD, 0x96, 0x71, 0x7D, 0xDE, 0x2F, 0xA3, 0x6A, 0x94, 0xDF, 0x15,
    0x80, 0x97, 0x9C, 0x56, 0x8C, 0x3A, 0xEF, 0x75, 0xB5, 0xBA, 0xB4, 0x1A, 0xC4, 0x69, 0xDC, 0xF1,
    0xC8, 0x11, 0x8D, 0x7F, 0xD8, 0xFB, 0xD3, 0x3B, 0xAC, 0xC6, 0x49, 0xD3, 0x36, 0xE4, 0xDA, 0xE5,
    0xAB, 0x2E, 0x31, 0x44, 0xBC, 0xEB, 0x0A, 0x6D, 0x82, 0x04, 0xD0, 0xDE, 0x31, 0x6A, 0xF0, 0x3A,
    0x1F, 0x86, 0x54, 0xBB, 0xFD, 0xD8, 0xD6, 0xA7, 0x69, 0x1F, 0xE9, 0x86, 0x3B, 0x1A, 0x4E, 0xE8,
    0x66, 0xCB, 0x90, 0xC5, 0x99, 0x34, 0x61, 0xE3, 0x86, 0xBC, 0xA9, 0xDC, 0x76, 0x99, 0xD2, 0x47,
    0xDE, 0xB6, 0x70, 0xC9, 0x39, 0x15, 0xCF, 0xD4, 0x54, 0xE4, 0xF3, 0x82, 0xF9, 0x96, 0xE8, 0x35,
    0xD2, 0xAA, 0x83, 0x5B, 0x38, 0xC1, 0xB1, 0x8F, 0xDE, 0xFA, 0xCC, 0xD4, 0x15, 0xE4, 0x53, 0x65,
    0x8C, 0x1B, 0x7D, 0x12, 0xDA, 0x6C, 0x1C, 0xD7, 0x2D, 0xCD, 0x14, 0x8C, 0x2E, 0xA2, 0xEB, 0xD6,
    0x68, 0x46, 0xAE, 0x79, 0x06, 0xB4, 0xC9, 0xCC, 0x36, 0x8A, 0x9B, 0xD0, 0x9D, 0xE8, 0xD3, 0x18,
    0x8E, 0x3B, 0x8B, 0x29, 0x7D, 0xED, 0x6A, 0xB7, 0xF4, 0xF9, 0xD8, 0x85, 0xD7, 0x8C, 0xC1, 0x27,
    0x8D, 0x8A, 0x32, 0x21, 0xCE, 0x46, 0x33, 0xB7, 0xE9, 0xC3, 0xE1, 0x70, 0xA8, 0x25, 0xE7, 0x99,
    0x31, 0x9A, 0x7C, 0x24, 0xD9, 0xE8, 0xDD, 0x17, 0x2E, 0xF8, 0xBF, 0x64, 0xC3, 0x82, 0xAC, 0xDC,
    0x58, 0xB2, 0x61, 0x31, 0x54, 0x8B, 0x5F, 0x19, 0x13, 0x63, 0x90, 0x34, 0xFE, 0xBA, 0x67, 0x8C,
    0xE2, 0x6E, 0x18, 0x92, 0xAC, 0xA2, 0x8D, 0xB2, 0xB5, 0x75, 0x58, 0x24, 0x3E, 0x02, 0x9A, 0x77,
    0x66, 0xBE, 0x7F, 0x6D, 0x98, 0x54, 0x74, 0x28, 0xF5, 0x7E, 0xB1, 0x3B, 0x1E, 0x5B, 0xCD, 0xFD,
    0xF7, 0x3A, 0xC6, 0x55, 0x9C, 0x7C, 0xE4, 0x1C, 0xB8, 0xFC, 0xCB, 0xD0, 0x3D, 0x03, 0xCB, 0x3F,
    0x33, 0xF0, 0xA0, 0x4C, 0x00, 0x50, 0xA0, 0xA9, 0xD0, 0xED, 0x55, 0x60, 0xC8, 0x60, 0x22, 0x8C,
    0xC0, 0x19, 0x00, 0x0F, 0x7E, 0xB7, 0xB2, 0xB3, 0x5D, 0x4C, 0xD9, 0x86, 0x9F, 0xDD, 0x98, 0x47,
    0x90, 0xA5, 0xC8, 0x11, 0x86, 0x7F, 0x20, 0xA6, 0x59, 0x0D, 0x07, 0xE4, 0xCD, 0x3A, 0xF6, 0x26,
    0x2F, 0xEE, 0x21, 0x53, 0x6C, 0xEC, 0x4D, 0xDE, 0x7B, 0x73, 0x96, 0xED, 0x7B, 0xC4, 0x6E, 0x43,
    0xC4, 0xDE, 0x64, 0xFB, 0x7E, 0x90, 0xF7, 0xDE, 0xFB, 0x1E, 0x4A, 0xFE, 0x8A, 0xDC, 0x45, 0x96,
    0x83, 0xBC, 0xE5, 0x80, 0x42, 0xF4, 0x08, 0x48, 0x91, 0x7F, 0xF2, 0xE6, 0x75, 0x6F, 0xBF, 0xE8,
    0xF5, 0xB6, 0x76, 0xDE, 0xFF, 0xE5, 0xF6, 0x7B, 0x40, 0x56, 0x55, 0x56, 0x55, 0x26, 0x78, 0x18,
    0xB4, 0x65, 0x95, 0x6A, 0xDE, 0xD1, 0x9E, 0x54, 0x13, 0xF1, 0x8A, 0xB2, 0x53, 0x0D, 0x55, 0xCF,
    0xB4, 0x52, 0x96, 0xB6, 0xEA, 0xD5, 0x54, 0x08, 0xE0, 0xA8, 0x39, 0x35, 0xA3, 0x5E, 0x45, 0xC5,
    0x4E, 0x15, 0xE9, 0x4E, 0x68, 0x7B, 0xCE, 0x2F, 0x81, 0x90, 0x1A, 0x7B, 0xD5, 0x84, 0x9A, 0x52,
    0x33, 0xBF, 0xA7, 0x4F, 0xAF, 0x9C, 0x6A, 0x61, 0xFE, 0xC0, 0xA9, 0x23, 0x10, 0x2F, 0xFE, 0xB4,
    0xF2, 0xEF, 0x6C, 0xF7, 0x49, 0x8F, 0x9A, 0x7B, 0xAC, 0x47, 0xD4, 0xF1, 0x36, 0xB8, 0x04, 0xE7,
    0xC3, 0x01, 0x47, 0x0B, 0x82, 0x01, 0x37, 0x2B, 0x7A, 0x43, 0x87, 0x27, 0x2D, 0x40, 0x01, 0x28,
    0x70, 0x16, 0xBF, 0x96, 0x43, 0x85, 0xC8, 0x6C, 0xE0, 0xE0, 0xF8, 0x40, 0x3A, 0x05, 0xB2, 0x81,
    0x88, 0x47, 0x22, 0x9A, 0x88, 0x60, 0x26, 0x20, 0xBB, 0x11, 0xD4, 0x7F, 0x04, 0x66, 0x64, 0x22,
    0x45, 0x30, 0xC1, 0x2D, 0x08, 0x47, 0x68, 0x8B, 0x0C, 0xC9, 0x40, 0x64, 0x1D, 0x51, 0x37, 0x16,
    0x66, 0x95, 0xFE, 0x89, 0x4E, 0x20, 0x95, 0x5E, 0xB1, 0x37, 0x17, 0x8A, 0xC7, 0xAB, 0x7C, 0x17,
    0x40, 0x3C, 0x69, 0x6C, 0xAA, 0xE8, 0xF7, 0x91, 0x14, 0x8B, 0x1C, 0xEE, 0x9C, 0xBB, 0x89, 0xF2,
    0x58, 0x0E, 0x8D, 0x20, 0xB8, 0x22, 0xD8, 0xCA, 0x37, 0x55, 0x5E, 0xAC, 0x82, 0xBB, 0x2D, 0x7B,
    0xF2, 0x51, 0x0E, 0x1D, 0x50, 0xAA, 0x00, 0xFB, 0x3A, 0xA6, 0x31, 0x87, 0xD4, 0xE9, 0xFC, 0x05,
    0xFC, 0xA7, 0xDD, 0x77, 0x45, 0xDA, 0x01, 0x79, 0x91, 0x79, 0x55, 0x57, 0x69, 0x24, 0xB9, 0x82,
    0x7E, 0xDB, 0x68, 0x50, 0x45, 0xA4, 0xA7, 0x0E, 0xD4, 0x6E, 0x57, 0xD8, 0xD4, 0x76, 0x55, 0xB5,
    0x99, 0xCB, 0xA8, 0x72, 0x2D, 0x90, 0x34, 0x3A, 0x63, 0x59, 0x93, 0xCC, 0x3A, 0xB2, 0x91, 0x1C,
    0xBF, 0x4E, 0x2A, 0xD4, 0xF4, 0x24, 0xE1, 0xBA, 0xC2, 0x63, 0x5E, 0x0E, 0xB5, 0x0F, 0x79, 0x67,
    0x44, 0x8B, 0x14, 0xE9, 0x80, 0xB2, 0xC8, 0x5A, 0xB8, 0xC2, 0x79, 0x93, 0x1C, 0x8B, 0x3C, 0x03,
    0x7A, 0x47, 0x86, 0x00, 0x52, 0x8E, 0x36, 0xE7, 0xA5, 0x56, 0x33, 0x53, 0xA7, 0x02, 0x99, 0xA0,
    0xE6, 0x22, 0xA1, 0x54, 0x8F, 0x06, 0x6A, 0xFF, 0x5D, 0x75, 0x66, 0x54, 0x99, 0x16, 0xA9, 0x44,
    0xFD, 0xD4, 0xCE, 0x43, 0x8E, 0xF7, 0x47, 0xEB, 0xD7, 0x35, 0xA2, 0x37, 0x78, 0xCC, 0x8B, 0x81,
    0x52, 0x27, 0x6A, 0xBC, 0x5A, 0x0E, 0x21, 0xB8, 0xAB, 0xFF, 0x74, 0xF0, 0x9D, 0xDE, 0x67, 0xD2,
    0x15, 0x2D, 0x7E, 0xFB, 0xDF, 0xAE, 0x15, 0x9E, 0x8B, 0x70, 0xA2, 0xF6, 0xEA, 0x56, 0x7D, 0xBC,
    0x47, 0x3F, 0x41, 0xFD, 0x57, 0x64, 0xEB, 0xFD, 0x03, 0x91, 0x21, 0xD0, 0xCE, 0xBE, 0x75, 0x2E,
    0x18, 0xF6, 0xF7, 0xCA, 0x67, 0x00, 0xE2, 0x1E, 0x48, 0x3A, 0x40, 0xA3, 0xCA, 0x35, 0x80, 0x54,
    0x48, 0x34, 0x0E, 0x47, 0x20, 0x3F, 0x64, 0x87, 0xB9, 0xF9, 0x58, 0x1C, 0x72, 0x2B, 0xBF, 0xB8,
    0xF0, 0xD8, 0x96, 0x3E, 0xAF, 0xBA, 0x83, 0xC6, 0xC1, 0x19, 0xE3, 0x08, 0xA9, 0xCC, 0x2F, 0x5E,
    0x0D, 0x46, 0xC2, 0xA8, 0x86, 0x78, 0x1A, 0x5D, 0x20, 0xAD, 0x19, 0xC8, 0x7A, 0x04, 0x83, 0x1A,
    0xC9, 0x80, 0xB0, 0x57, 0x23, 0x1A, 0x11, 0x75, 0xAB, 0x11, 0x6F, 0x8C, 0xB4, 0xA1, 0x31, 0x20,
    0xF3, 0xFC, 0x71, 0x7F, 0x83, 0xAB, 0x78, 0x79, 0x77, 0x49, 0xA0, 0x37, 0xAC, 0x5B, 0x99, 0x6C,
    0x7D, 0x57, 0xD2, 0x23, 0x59, 0x38, 0xA1, 0x6E, 0xF4, 0x99, 0x73, 0x85, 0xC7, 0x6C, 0xD7, 0xBF,
    0xC6, 0xD9, 0xB0, 0x31, 0x7A, 0xE0, 0x6A, 0xA9, 0x38, 0x0F, 0x80, 0x70, 0xE0, 0xEE, 0x01, 0x43,
    0xDB, 0xFC, 0x51, 0x1A, 0xDA, 0xAA, 0x8D, 0xD1, 0xAF, 0xBF, 0xD1, 0x58, 0xA7, 0x11, 0xCD, 0xAB,
    0x01, 0xB9, 0x7D, 0x23, 0x98, 0x57, 0x23, 0x9E, 0x36, 0xF7, 0x19, 0x62, 0xF9, 0x8B, 0x46, 0x95,
    0xB4, 0xD6, 0x1D, 0x91, 0x62, 0x35, 0x3E, 0x6A, 0x7B, 0xFF, 0x80, 0xD3, 0xEC, 0x61, 0x87, 0xC1,
    0xC2, 0xA3, 0x95, 0x37, 0x2B, 0xBB, 0x2B, 0xDC, 0x1E, 0x08, 0x4A, 0xEC, 0xE4, 0x8F, 0xE5, 0x2F,
    0x24, 0xFB, 0x66, 0x6C, 0x95, 0xBF, 0xC0, 0x7E, 0xA7, 0xF4, 0x3A, 0x97, 0x64, 0x3C, 0x1A, 0xA3,
    0x3B, 0xC1, 0xA0, 0xFE, 0x03, 0x92, 0xB9, 0xE0, 0x6A, 0xA9, 0xA5, 0xE3, 0x8A, 0x91, 0x85, 0xDB,
    0xF6, 0x55, 0x6A, 0x3C, 0x12, 0x39, 0x11, 0x48, 0xAF, 0x88, 0xA5, 0x52, 0xA4, 0x7F, 0x50, 0xC5,
    0x85, 0x5D, 0x67, 0xF7, 0x8C, 0xB0, 0x5F, 0x30, 0x21, 0x1B, 0x91, 0x4B, 0x0B, 0xC7, 0x21, 0x86,
    0x10, 0xC1, 0x04, 0x45, 0xD4, 0x13, 0x49, 0x4B, 0xA4, 0x9E, 0x70, 0x05, 0x71, 0x00, 0x62, 0x24,
    0xA4, 0x37, 0x8C, 0xC4, 0x2B, 0x27, 0x02, 0x62, 0x28, 0x2B, 0x22, 0x6F, 0x88, 0xB4, 0x23, 0x92,
    0x81, 0x88, 0x26, 0x22, 0x14, 0x02, 0xE2, 0x89, 0xB2, 0xE3, 0x69, 0x91, 0x0F, 0x70, 0x32, 0x21,
    0x11, 0xFA, 0x19, 0x5A, 0x8E, 0xC5, 0x18, 0xBE, 0x0A, 0xD6, 0xF2, 0xC2, 0xE8, 0x5A, 0x63, 0x3E,
    0x11, 0x3C, 0x28, 0xD9, 0xEA, 0xD6, 0xB8, 0x67, 0xDC, 0xDD, 0x4A, 0xE1, 0x9A, 0x2C, 0x56, 0x72,
    0x29, 0x5C, 0x58, 0x46, 0x1F, 0xC2, 0xD9, 0x38, 0x4D, 0x31, 0x46, 0x2B, 0xD3, 0x95, 0xAE, 0x36,
    0xCE, 0x8E, 0x8C, 0x06, 0x63, 0xDA, 0x19, 0x9D, 0x37, 0x0A, 0xC8, 0x68, 0x34, 0x26, 0x9D, 0x31,
    0xF7, 0xC6, 0x1A, 0xC6, 0x71, 0x65, 0xB7, 0xD2, 0xAF, 0xC4, 0x29, 0xEE, 0xE9, 0xF9, 0xB4, 0xEC,
    0xA7, 0x6E, 0xEB, 0x3F, 0x09, 0xBC, 0x9C, 0xA3, 0x14, 0x8E, 0xD0, 0xB3, 0x73, 0x7D, 0x58, 0x28,
    0x37, 0x72, 0x54, 0xC4, 0x4E, 0xDF, 0x6B, 0xE4, 0x0F, 0x8A, 0x73, 0xD3, 0x3B, 0x1D, 0x99, 0x52,
    0xE6, 0x05, 0xC3, 0x35, 0xD2, 0x60, 0x4F, 0x0A, 0x3E, 0x7A, 0x02, 0xEA, 0x0A, 0xE1, 0x9A, 0xED,
    0xF4, 0xD0, 0xA9, 0x8D, 0x6D, 0x7B, 0x4D, 0x1B, 0x20, 0xE9, 0x91, 0x79, 0x7B, 0x6C, 0x01, 0x0D,
    0xA5, 0xD2, 0xE2, 0xE0, 0x48, 0x51, 0x16, 0xA3, 0xC2, 0x7D, 0xBF, 0x57, 0x64, 0x3F, 0xE8, 0x14,
    0xE9, 0x9F, 0x1B, 0x45, 0x6C, 0x33, 0x1C, 0x49, 0xA1, 0x08, 0x04, 0x6C, 0x93, 0x61, 0xA4, 0x06,
    0x9D, 0xEA, 0xB5, 0x51, 0xAB, 0x70, 0x1F, 0xF0, 0x84, 0xD8, 0xDC, 0x0F, 0xC4, 0x85, 0xC2, 0x9C,
    0x9F, 0xD6, 0x83, 0x73, 0xC1, 0xA8, 0x13, 0xAA, 0x1F, 0x8B, 0xB2, 0x07, 0x04, 0xF6, 0x44, 0xDB,
    0x47, 0x1D, 0x31, 0x95, 0x86, 0x6D, 0xA7, 0xE7, 0x5D, 0x38, 0x32, 0x7C, 0xD7, 0x70, 0xF3, 0x29,
    0x3C, 0xCB, 0x70, 0x8D, 0xA1, 0xAE, 0x08, 0x1B, 0xCF, 0xD0, 0x10, 0x49, 0xAB, 0x88, 0x7F, 0x6D,
    0x43, 0xFE, 0x93, 0x9E, 0xB8, 0x75, 0x50, 0xE4, 0xA1, 0xCD, 0x4A, 0x30, 0xD9, 0x73, 0x44, 0x31,
    0x32, 0xCF, 0x0A, 0x06, 0x2E, 0xE0, 0xA8, 0xB7, 0xFC, 0xA9, 0xE3, 0x3A, 0x4E, 0x6C, 0xAB, 0x4B,
    0x2D, 0xED, 0xCA, 0xFE, 0xF6, 0xE9, 0x2F, 0xF4, 0x80, 0x2B, 0xB8, 0x17, 0x95, 0xB6, 0x5D, 0x5F,
    0x02, 0xC2, 0x19, 0x58, 0xD7, 0xF7, 0xA8, 0x28, 0xE2, 0xA9, 0x40, 0x28, 0xBF, 0x28, 0xB9, 0x9B,
    0x4D, 0xF5, 0x82, 0xD2, 0xFA, 0x3E, 0xC2, 0xF4, 0xB1, 0x6B, 0x36, 0x87, 0x80, 0x8A, 0xFE, 0x84,
    0x76, 0xE7, 0x95, 0x11, 0x97, 0x4F, 0x16, 0x13, 0xD3, 0xA2, 0x88, 0x45, 0x15, 0x36, 0xEB, 0xA5,
    0x57, 0x75, 0x67, 0xB4, 0xE4, 0xB7, 0x0C, 0xEB, 0x64, 0x46, 0x7C, 0xC5, 0x93, 0x46, 0xF5, 0x18,
    0xB8, 0xF0, 0x05, 0xF9, 0xC3, 0x7A, 0x98, 0x52, 0x5B, 0x9D, 0xA0, 0x92, 0xFE, 0xA4, 0xA3, 0x6A,
    0x74, 0x56, 0x07, 0xD5, 0xB8, 0x53, 0x4D, 0x5B, 0xFA, 0xE3, 0xA9, 0xFD, 0x5D, 0xF1, 0x2D, 0x30,
    0xDF, 0xE4, 0x84, 0x6F, 0xAD, 0xF9, 0x46, 0x7B, 0xA4, 0x6C, 0x52, 0xF8, 0x50, 0x25, 0xA0, 0x0C,
    0x8B, 0x80, 0xD2, 0xDF, 0x8B, 0x29, 0x3C, 0xA3, 0xB7, 0xD9, 0xE0, 0x6A, 0x76, 0xCF, 0xB2, 0xA1,
    0x2D, 0x9E, 0x63, 0x38, 0x30, 0xDC, 0x62, 0x38, 0x32, 0x7C, 0xD7, 0x30, 0x9E, 0x44, 0x30, 0x10,
    0x61, 0x4F, 0x44, 0xDD, 0x49, 0xC4, 0x2D, 0x91, 0x34, 0x44, 0xEA, 0x89, 0xAC, 0x22, 0x5C, 0x41,
    0x94, 0x50, 0x04, 0x13, 0xC1, 0xBC, 0x6E, 0x3E, 0x14, 0xB6, 0x6E, 0x03, 0x2B, 0xAB, 0x6A, 0x45,
    0xDA, 0xAE, 0x38, 0x50, 0x24, 0xCD, 0x8A, 0x67, 0x2B, 0x62, 0xCF, 0x35, 0x15, 0xF9, 0x47, 0x2B,
    0x82, 0xE2, 0x01, 0x5C, 0xC0, 0x73, 0xD0, 0xB4, 0x82, 0xEC, 0x11, 0x09, 0x32, 0x61, 0x74, 0x46,
    0xE2, 0x2F, 0x4A, 0x0F, 0xA7, 0x56, 0xAB, 0x31, 0x55, 0x8F, 0x40, 0xDC, 0xA9, 0x35, 0x71, 0x5D,
    0x2F, 0x16, 0x0F, 0x78, 0xA6, 0x40, 0xB1, 0xED, 0xA8, 0x8B, 0x95, 0x7A, 0x0E, 0x50, 0xE1, 0xBC,
    0x9D, 0xAE, 0xA9, 0x77, 0xDE, 0x41, 0x5B, 0xD4, 0x3A, 0xFF, 0x5D, 0x5A, 0x21, 0xD7, 0x29, 0xFF,
    0xC6, 0xD8, 0xD3, 0x96, 0xFC, 0xA7, 0xFC, 0xE5, 0x4C, 0x2B, 0x6B, 0x9C, 0x2F, 0xD7, 0xD4, 0x49,
    0xFF, 0xB3, 0x42, 0xCC, 0xF9, 0xAC, 0xE5, 0xB6, 0xAE, 0xCF, 0xE8, 0xF5, 0xD2, 0x49, 0x9F, 0x3B,
    0xEA, 0xA5, 0xA3, 0xFA, 0x32, 0x73, 0x5E, 0x58, 0x56, 0x17, 0x80, 0x33, 0x9F, 0x79, 0xFA, 0xA9,
    0xE5, 0x3A, 0x3D, 0x18, 0x58, 0x3E, 0x8C, 0xC8, 0x26, 0xF6, 0x37, 0x16, 0xB8, 0xDE, 0x4A, 0x68,
    0xF1, 0xDC, 0xF8, 0x2D, 0x3F, 0x78, 0xAA, 0x7C, 0x90, 0x85, 0xA5, 0x7E, 0x25, 0x3E, 0xFF, 0x03,
    0xEA, 0x26, 0xF7, 0xC8, 0xBA, 0x5C, 0x63, 0x24, 0xC7, 0x22, 0x17, 0xC1, 0xC5, 0x69, 0x49, 0x89,
    0x7A, 0x18, 0xF0, 0x2C, 0x1F, 0x55, 0xA4, 0xD0, 0x8B, 0xF5, 0x8B, 0xBA, 0xD3, 0xFE, 0x0F, 0x9B,
    0x24, 0x2B, 0x32, 0x79, 0x9A, 0xCA, 0x01, 0x10, 0x0F, 0xA2, 0xF7, 0xD3, 0x05, 0xD0, 0x96, 0xF3,
    0x2B, 0xC5, 0x67, 0xFA, 0xC8, 0x90, 0xF3, 0x7A, 0xE1, 0xE5, 0x0F, 0xCD, 0xB4, 0x82, 0x83, 0x1C,
    0x8E, 0x1C, 0x3C, 0x9D, 0xC0, 0xAC, 0x63, 0x34, 0x14, 0x65, 0xCB, 0x49, 0x16, 0xA9, 0x94, 0x09,
    0x83, 0x83, 0xED, 0x4E, 0xA6, 0x5D, 0xC1, 0x83, 0x78, 0x7C, 0x1E, 0xDC, 0x39, 0x75, 0x7E, 0x6A,
    0x2F, 0xBF, 0x78, 0x72, 0x2F, 0x3F, 0x1F, 0x07, 0xA7, 0x70, 0x74, 0x0A, 0xE3, 0x1D, 0xDD, 0xE0,
    0x63, 0x43, 0xDA, 0x12, 0x99, 0x57, 0xAC, 0x95, 0xAD, 0xD5, 0xB5, 0x50, 0x77, 0xF2, 0xCB, 0x85,
    0xF4, 0x5C, 0x9C, 0x75, 0x83, 0x64, 0xC1, 0x63, 0xB0, 0xD9, 0x84, 0x74, 0x05, 0x8B, 0x19, 0xA1,
    0xCC, 0xC0, 0xBE, 0x14, 0x88, 0x2C, 0x47, 0xA9, 0x98, 0x58, 0x32, 0x64, 0x92, 0x7F, 0xAB, 0xF1,
    0x7B, 0xCF, 0x0F, 0xD2, 0xF7, 0xB5, 0xC8, 0xDE, 0x44, 0xA3, 0x43, 0x9E, 0x2D, 0x46, 0xF6, 0xAE,
    0x0E, 0xCF, 0x49, 0xD5, 0xB8, 0xA9, 0xC7, 0x2D, 0x9A, 0xCC, 0xE6, 0x37, 0x8D, 0x18, 0x69, 0xDC,
    0x38, 0x62, 0xA0, 0x81, 0x29, 0xE8, 0x35, 0xFE, 0x1D, 0xE6, 0xA8, 0x33, 0xA3, 0x8C, 0xDA, 0x84,
    0x86, 0x7B, 0x9E, 0x4F, 0x3A, 0x35, 0xF2, 0xF7, 0xAD, 0x46, 0xF6, 0xFB, 0x22, 0xE6, 0xB9, 0x94,
    0x0A, 0xD4, 0x38, 0x40, 0xB2, 0x31, 0xE2, 0x49, 0xBB, 0x8F, 0x4B, 0x2C, 0x81, 0x59, 0x8A, 0x06,
    0x83, 0x1A, 0xE1, 0xFC, 0x62, 0xB4, 0xB8, 0x66, 0x2E, 0x9C, 0x8C, 0xEC, 0x57, 0x43, 0x23, 0x5C,
    0x8C, 0x35, 0xD6, 0xFC, 0xCA, 0xEA, 0xDC, 0x3D, 0xE5, 0x4E, 0x51, 0xDB, 0x2E, 0xF2, 0xFB, 0xBB,
    0x4B, 0x86, 0x1E, 0xD7, 0xCC, 0xD6, 0x7F, 0x72, 0x7D, 0x0B, 0xA8, 0x73, 0x3A, 0x6D, 0x4B, 0x69,
    0x69, 0x02, 0xE9, 0x18, 0xC7, 0xF9, 0x80, 0xB4, 0xE7, 0x01, 0xA1, 0x87, 0x47, 0x34, 0xC3, 0xAD,
    0x0B, 0xA6, 0x52, 0x14, 0x3C, 0x65, 0xCA, 0xAA, 0x06, 0x21, 0x0A, 0xE7, 0xCF, 0x41, 0x25, 0xBC,
    0xA0, 0x60, 0x7E, 0x5C, 0xA3, 0x5C, 0x6F, 0xD6, 0xB0, 0x4C, 0xC9, 0x35, 0x1C, 0x47, 0x26, 0x76,
    0xA9, 0x46, 0x59, 0x81, 0xB2, 0x45, 0xA0, 0x2F, 0x07, 0x0B, 0xA0, 0x34, 0x07, 0xED, 0x60, 0x58,
    0xDF, 0x0F, 0x96, 0xC2, 0xB6, 0x72, 0xC6, 0xD5, 0xE4, 0x21, 0x20, 0x78, 0x20, 0x7F, 0x38, 0x19,
    0xA1, 0x7C, 0x94, 0x93, 0xE1, 0xE8, 0xBF, 0xF1, 0xEA, 0x5A, 0x8E, 0x2D, 0xFD, 0x75, 0xEB, 0x5B,
    0x9A, 0x6C, 0x84, 0xD8, 0xDB, 0x99, 0x80, 0x5B, 0xCF, 0x6D, 0x44, 0xBF, 0x08, 0x27, 0x88, 0xCE,
    0x8F, 0xE8, 0x0E, 0xC3, 0xBD, 0x43, 0x87, 0x02, 0x32, 0xAF, 0xE3, 0x70, 0xBE, 0x84, 0x27, 0x32,
    0xCA, 0xD9, 0x5E, 0x0A, 0x7F, 0x74, 0x13, 0x0D, 0xB9, 0xDD, 0xE8, 0x30, 0x98, 0x19, 0x0A, 0x13,
    0x92, 0x8E, 0x1B, 0x4B, 0xA3, 0x69, 0x64, 0xEE, 0xB5, 0xE6, 0x71, 0x15, 0x38, 0x9F, 0x27, 0x5E,
    0x0A, 0x9F, 0xAF, 0xF6, 0x4B, 0xBB, 0xCA, 0xAB, 0xBA, 0x76, 0x5B, 0x3B, 0xA6, 0x52, 0x20, 0x28,
    0x12, 0x99, 0x3F, 0x5D, 0x17, 0x21, 0xB3, 0x2B, 0x94, 0xF4, 0x21, 0xDE, 0xBE, 0x14, 0x16, 0x6D,
    0xC3, 0x49, 0x1D, 0x99, 0x47, 0x99, 0x0E, 0x7C, 0x99, 0xD4, 0xAB, 0x76, 0x37, 0x2C, 0x1A, 0x54,
    0xB6, 0x0A, 0xEE, 0x15, 0xD5, 0x5C, 0x48, 0x47, 0x89, 0xC7, 0x94, 0xAA, 0x0E, 0xA1, 0xD3, 0x9A,
    0x60, 0x5A, 0xC0, 0x8A, 0xFD, 0xC2, 0x5A, 0xF4, 0xCE, 0xEC, 0x74, 0xB0, 0x56, 0xEC, 0x03, 0x90,
    0xB7, 0x57, 0x2A, 0xF6, 0x16, 0x7A, 0x70, 0xA4, 0x56, 0xB1, 0xE7, 0x05, 0xCB, 0x36, 0xB7, 0xA3,
    0x62, 0xFF, 0x5E, 0xAF, 0xC8, 0x7E, 0xDE, 0x29, 0xD2, 0xFF, 0xDE, 0xB9, 0x8A, 0xFD, 0xBA, 0xF3,
    0x2B, 0x76, 0xB6, 0xB7, 0x7C, 0xFA, 0xA3, 0x0A, 0xCB, 0x2C, 0x6D, 0x5F, 0xA0, 0x4F, 0x5B, 0xEC,
    0x89, 0x5C, 0xB6, 0xB5, 0x28, 0x03, 0x22, 0xF9, 0xC4, 0xB4, 0x2F, 0x48, 0x87, 0x68, 0x0C, 0xC4,
    0xE7, 0x8D, 0x7A, 0xDF, 0x95, 0xD5, 0x82, 0xB4, 0xAF, 0xB1, 0x20, 0x1E, 0x44, 0x11, 0x8D, 0x3B,
    0x10, 0x0F, 0xB5, 0xFE, 0x32, 0xE9, 0x4B, 0xBF, 0x20, 0xEB, 0x5C, 0xB7, 0xA0, 0x6E, 0xD2, 0xF9,
    0xA6, 0x31, 0x96, 0x2A, 0x5E, 0xAB, 0xF1, 0x7A, 0x41, 0xCB, 0xC7, 0x1E, 0x9F, 0xF1, 0x05, 0xF1,
    0x5C, 0x6C, 0xDD, 0xE5, 0x6B, 0x6C, 0xEE, 0x68, 0x99, 0x0C, 0x0B, 0xAA, 0x4C, 0xFA, 0xA0, 0xEE,
    0x59, 0xBF, 0xE5, 0x3D, 0xEB, 0xDF, 0x74, 0xE4, 0x7B, 0xE8, 0x68, 0xD6, 0x21, 0xD7, 0x2F, 0x38,
    0x89, 0xB5, 0x2F, 0x39, 0x22, 0xDD, 0xA4, 0x48, 0xFF, 0x37, 0xD8, 0xB0, 0x76, 0x27, 0x0A, 0x77,
    0x48, 0x65, 0xFF, 0xD7, 0x9C, 0xF8, 0x2E, 0xFD, 0xB5, 0xCD, 0xCA, 0xAD, 0xB3, 0xA2, 0xE6, 0xD0,
    0x07, 0x23, 0xF3, 0xE5, 0x68, 0x60, 0x54, 0x27, 0xFA, 0x4E, 0x99, 0x67, 0x69, 0xA2, 0xF3, 0x5E,
    0xE8, 0x93, 0x43, 0x39, 0xD4, 0xD5, 0x9F, 0xB3, 0x94, 0x9C, 0xDC, 0x82, 0x5A, 0xA6, 0x07, 0xD7,
    0xBB, 0x12, 0x29, 0x0D, 0xD0, 0xB6, 0xFB, 0x75, 0xC9, 0x64, 0x38, 0xDA, 0xF5, 0x82, 0xE4, 0xD1,
    0xA5, 0x8C, 0x91, 0x1D, 0x40, 0xB1, 0x9D, 0x9F, 0xC1, 0x17, 0x06, 0x4B, 0x29, 0xBB, 0x3B, 0x85,
    0x82, 0xA8, 0xBD, 0x82, 0x55, 0xC8, 0x82, 0xCC, 0x4A, 0xBB, 0xD8, 0x80, 0xFD, 0xF9, 0x03, 0x0A,
    0x20, 0xBD, 0xB3, 0xD8, 0xBF, 0xAC, 0x6A, 0x07, 0x24, 0x32, 0x73, 0x37, 0x15, 0x89, 0x98, 0x01,
    0x0C, 0xA9, 0xCC, 0xDA, 0x85, 0xC5, 0xF7, 0xBD, 0xBA, 0x0D, 0xBE, 0x70, 0x6C, 0x99, 0x30, 0x3D,
    0x79, 0x70, 0x5B, 0x36, 0xD1, 0xBA, 0xC8, 0x9D, 0x19, 0xEC, 0xEF, 0xC6, 0xFA, 0x3F, 0xD5, 0x98,
    0x3D, 0x8C, 0xDD, 0xC6, 0x77, 0xC5, 0x0F, 0x1F, 0xB3, 0x4B, 0x18, 0x2C, 0xA8, 0x42, 0x4A, 0x00,
    0xAB, 0xA0, 0x8B, 0x14, 0x01, 0x6C, 0x84, 0xAD, 0x0B, 0x47, 0x33, 0xEE, 0x1B, 0x15, 0x52, 0xE5,
    0x22, 0x3D, 0x52, 0xA8, 0x4D, 0x21, 0x83, 0xEC, 0xAB, 0x2D, 0x1C, 0x23, 0x5D, 0x52, 0x08, 0x29,
    0xD4, 0xA8, 0x71, 0x61, 0x04, 0xB6, 0x38, 0x48, 0x5F, 0x10, 0x48, 0x7A, 0xB0, 0x58, 0x01, 0x49,
    0x2A, 0x06, 0x20, 0x02, 0xAE, 0x4C, 0xF2, 0x64, 0xCE, 0xE5, 0xFB, 0x58, 0x69, 0x25, 0x45, 0x12,
    0xFC, 0x81, 0xFF, 0xEC, 0x7B, 0xBF, 0x73, 0x1F, 0x77, 0xC8, 0xB9, 0xF3, 0x3D, 0x97, 0x35, 0xE7,
    0x82, 0x4C, 0xC9, 0xAE, 0xE6, 0x54, 0x70, 0x8D, 0x56, 0xF8, 0x94, 0xCD, 0x79, 0xDB, 0x27, 0xCF,
    0xAE, 0x00, 0x02, 0x2E, 0xA0, 0x18, 0xFE, 0xC4, 0xAD, 0x73, 0x6E, 0x69, 0xF5, 0x8E, 0xFB, 0x34,
    0xD4, 0x47, 0x0B, 0xFB, 0x54, 0x1E, 0xAD, 0xA2, 0x7F, 0x83, 0xD5, 0x1D, 0xAC, 0xFC, 0x68, 0x65,
    0xE1, 0x60, 0xA5, 0x47, 0x2B, 0xF1, 0x24, 0xE9, 0x01, 0x09, 0x4C, 0x94, 0x7F, 0x96, 0x2B, 0x47,
    0x99, 0x36, 0xF9, 0x61, 0x93, 0x5B, 0x9B, 0xE0, 0x75, 0xE1, 0x95, 0x37, 0xE1, 0xB8, 0x09, 0x25,
    0x21, 0x63, 0x23, 0x41, 0xDD, 0x99, 0x54, 0xFD, 0xB1, 0xBE, 0x37, 0xA5, 0x37, 0xA9, 0x3A, 0x93,
    0x3A, 0x6C, 0xB7, 0x7B, 0x24, 0x6A, 0x0B, 0xA0, 0xA0, 0x3D, 0xBA, 0x24, 0x5F, 0x02, 0x35, 0x17,
    0xBB, 0x12, 0x6A, 0xCE, 0x66, 0x34, 0x7F, 0xAE, 0x5A, 0x9C, 0xB5, 0x97, 0x00, 0x37, 0xAF, 0x3E,
    0xDA, 0x78, 0xF9, 0xC4, 0x0C, 0x6B, 0x8B, 0x83, 0x31, 0x6D, 0x06, 0xCA, 0x75, 0x6F, 0x24, 0xDC,
    0x1B, 0x68, 0x1B, 0x33, 0x74, 0xCF, 0xDB, 0x8D, 0x43, 0x9E, 0xD6, 0xBF, 0x76, 0x7B, 0xB9, 0xC8,
    0xC8, 0x54, 0x44, 0xC2, 0xD5, 0xD7, 0x2A, 0x74, 0xAB, 0x17, 0xFF, 0x13, 0x9B, 0xB1, 0x00, 0xB0,
    0x6A, 0xC2, 0xEA, 0x08, 0x10, 0xEF, 0xCD, 0xF5, 0xC9, 0xA1, 0x53, 0xC5, 0x39, 0x12, 0x77, 0x29,
    0x26, 0xF4, 0x91, 0xA8, 0x9B, 0xCD, 0xCF, 0x37, 0xB3, 0x6D, 0x2C, 0xA7, 0xDD, 0xB5, 0x6E, 0x4E,
    0xC2, 0x3C, 0x14, 0xFF, 0x0B, 0xC0, 0x23, 0x5E, 0x00, 0x39, 0xE5, 0x62, 0x45, 0x32, 0xC0, 0x75,
    0x68, 0x07, 0x38, 0x8F, 0x62, 0x82, 0x03, 0xD2, 0x05, 0x15, 0xF4, 0x84, 0xE2, 0xE8, 0x52, 0xED,
    0x45, 0xD7, 0x18, 0x03, 0x4A, 0xBB, 0xAD, 0x30, 0xE6, 0x46, 0xBB, 0x6E, 0x6C, 0x4E, 0xDC, 0xEE,
    0x6A, 0xF1, 0x45, 0xE4, 0x8A, 0xE7, 0xC0, 0x6E, 0x06, 0x81, 0x7C, 0x02, 0x03, 0xAA, 0x01, 0xF5,
    0xD5, 0x37, 0x6C, 0xE4, 0xC3, 0x0A, 0xCD, 0x9F, 0x1E, 0xC0, 0x9D, 0x07, 0x87, 0x76, 0xBB, 0x2B,
    0x2F, 0x65, 0x25, 0x7B, 0x4F, 0xFB, 0x7D, 0x81, 0x56, 0xD3, 0x31, 0xE1, 0x60, 0x16, 0x3D, 0xCA,
    0x49, 0xD6, 0x6E, 0x01, 0xB2, 0x45, 0x56, 0x36, 0x03, 0xE9, 0x2A, 0x2B, 0x1F, 0x20, 0x01, 0x51,
    0x98, 0xE5, 0xD5, 0x77, 0x1D, 0xF6, 0x2D, 0x58, 0x99, 0x15, 0xC0, 0xA7, 0x6D, 0xD8, 0xFC, 0x27,
    0x79, 0xD3, 0x12, 0x5E, 0xB1, 0x4E, 0xF7, 0x7A, 0x59, 0xBD, 0xD5, 0x51, 0x4F, 0x3E, 0x95, 0x36,
    0x02, 0xC9, 0x62, 0x1E, 0xC8, 0x17, 0xEB, 0xC1, 0x94, 0x30, 0x2F, 0x88, 0x44, 0x5D, 0xD1, 0xE1,
    0x9C, 0x4F, 0x50, 0xAF, 0xDF, 0xD0, 0xC3, 0x71, 0x41, 0xC9, 0x08, 0xAB, 0xEF, 0xCE, 0x3A, 0xDE,
    0xD2, 0xD9, 0x03, 0x93, 0xF3, 0x6D, 0xB6, 0xB7, 0x26, 0xE9, 0x36, 0xA3, 0x72, 0x1B, 0x82, 0x2A,
    0x53, 0x52, 0x75, 0x12, 0x7D, 0x6F, 0x8A, 0xFE, 0x77, 0xCA, 0x99, 0xAF, 0x26, 0xBB, 0x7D, 0x05,
    0xEB, 0x4D, 0x4A, 0x13, 0x1B, 0xFA, 0x56, 0x2F, 0x13, 0x6E, 0x39, 0x17, 0x93, 0x6C, 0x36, 0x29,
    0x46, 0x93, 0xAA, 0x37, 0x69, 0x83, 0x64, 0x47, 0x9F, 0xB4, 0x2F, 0x91, 0x5B, 0x25, 0x7C, 0x35,
    0xA2, 0x8A, 0x72, 0xE6, 0x4F, 0x55, 0x48, 0xC8, 0x06, 0x05, 0x39, 0xC0, 0x5D, 0xD5, 0x23, 0x18,
    0x34, 0x02, 0x7C, 0x3A, 0xC3, 0x21, 0x02, 0x27, 0x7C, 0x6A, 0xD5, 0x8F, 0x28, 0x85, 0xFA, 0x32,
    0x5E, 0xA3, 0x17, 0x70, 0x84, 0x2F, 0x66, 0xB4, 0x2F, 0x5A, 0x3E, 0x71, 0x9C, 0x38, 0xE6, 0xEC,
    0xDA, 0x0E, 0x0F, 0x70, 0x07, 0x4A, 0xB7, 0x00, 0x24, 0x03, 0x92, 0x96, 0x03, 0x4A, 0x46, 0xB4,
    0x64, 0x9F, 0xAC, 0x5F, 0xB7, 0x4D, 0x3A, 0x01, 0xC8, 0x87, 0xC3, 0x1A, 0x5B, 0x59, 0x65, 0xBD,
    0x90, 0xB4, 0x17, 0xA8, 0x2B, 0x2E, 0x5B, 0xEB, 0xF2, 0x2A, 0x61, 0x67, 0x83, 0x93, 0xAA, 0xAB,
    0x0D, 0x56, 0xAA, 0xF2, 0x11, 0xE9, 0x1E, 0x3E, 0xA2, 0x6D, 0x90, 0x4E, 0x75, 0x40, 0x36, 0xBA,
    0x80, 0x7C, 0xA8, 0x06, 0x14, 0x83, 0x26, 0x4F, 0xC8, 0xF9, 0x3D, 0xFD, 0x6E, 0xDF, 0x97, 0x3D,
    0x90, 0x3C, 0x94, 0xC1, 0x4B, 0x81, 0xDE, 0xD9, 0x34, 0x24, 0xEA, 0xDE, 0x86, 0x4B, 0x44, 0x61,
    0xD0, 0xB5, 0xCA, 0x06, 0x1D, 0x04, 0xFD, 0x7C, 0x34, 0x44, 0x64, 0xD3, 0xA9, 0xEA, 0x87, 0x9F,
    0xD5, 0x98, 0x93, 0xEC, 0xED, 0x79, 0xC7, 0x27, 0x37, 0x86, 0xBB, 0x82, 0xB2, 0xF8, 0x03, 0x4A,
    0xA1, 0x40, 0xC4, 0x27, 0x02, 0xDE, 0x07, 0x09, 0xBF, 0xB3, 0x85, 0xC1, 0x1C, 0xD7, 0x4F, 0x79,
    0xB4, 0x13, 0x03, 0x5A, 0xAB, 0x59, 0x3A, 0x14, 0xC3, 0x91, 0xFD, 0x89, 0x99, 0x31, 0xEF, 0x8C,
    0x41, 0x2C, 0x8C, 0x65, 0x23, 0x56, 0x5E, 0x74, 0x10, 0xBF, 0x35, 0x4E, 0x62, 0x46, 0x92, 0x17,
    0xAD, 0x38, 0x70, 0x23, 0x34, 0x53, 0x9E, 0x47, 0xE6, 0xFD, 0xC6, 0x6F, 0x23, 0xB3, 0xEE, 0x71,
    0x64, 0xDA, 0x7D, 0x25, 0x86, 0x2F, 0x23, 0x77, 0xC1, 0x9A, 0xD7, 0x96, 0x06, 0x1B, 0x35, 0x79,
    0x9C, 0x4D, 0x28, 0x7B, 0x50, 0xE3, 0xB7, 0x6E, 0x9C, 0x87, 0x0B, 0x2D, 0x22, 0x48, 0xF2, 0x84,
    0xE6, 0x5A, 0x7D, 0x3D, 0x6C, 0xC1, 0x84, 0x6D, 0x75, 0x70, 0xA3, 0x8A, 0xE6, 0x3F, 0x3C, 0xF2,
    0xF2, 0x0A, 0x68, 0x39, 0xC1, 0xCA, 0x48, 0xBC, 0x8D, 0x65, 0x14, 0x63, 0x4A, 0xA2, 0x0E, 0xC5,
    0x9A, 0x72, 0x49, 0x18, 0x3E, 0x69, 0x7D, 0x11, 0xD2, 0xAB, 0x06, 0x65, 0x28, 0xE2, 0x9F, 0x7C,
    0x2D, 0x42, 0xE9, 0xAD, 0x71, 0xC2, 0x3D, 0x35, 0xE6, 0x54, 0x84, 0x9F, 0xA2, 0x62, 0x29, 0xC2,
    0x24, 0x6D, 0x6D, 0xF6, 0x1E, 0x16, 0x76, 0xEC, 0xE2, 0xFF, 0x17, 0x6C, 0xF9, 0x5B, 0x15, 0x1E,
    0xEF, 0x77, 0x0D, 0xEC, 0x79, 0x95, 0xE6, 0x70, 0xB3, 0x35, 0x21, 0x51, 0x68, 0xD6, 0xEC, 0x56,
    0x94, 0x5D, 0xBA, 0x20, 0x9F, 0x77, 0x5C, 0xC1, 0xC6, 0xF5, 0x69, 0x54, 0xD7, 0x9F, 0xC1, 0xFC,
    0xF3, 0x9A, 0x6E, 0x3B, 0x32, 0x68, 0xF4, 0xBB, 0x17, 0xED, 0xF4, 0x38, 0xE6, 0xBC, 0x65, 0x53,
    0x2B, 0x1D, 0xD5, 0x3F, 0x40, 0xD5, 0xC0, 0xD9, 0x92, 0x13, 0xED, 0x52, 0xD7, 0x6C, 0x81, 0xBA,
    0x1D, 0xBF, 0x3F, 0xC5, 0xEF, 0x8A, 0x7C, 0xE4, 0x8B, 0x76, 0xD0, 0xB2, 0x90, 0xAB, 0xAB, 0x1F,
    0x7A, 0xD4, 0x1C, 0x32, 0xD2, 0xB8, 0x6A, 0x2F, 0xAB, 0xBB, 0xD3, 0x5E, 0x43, 0x31, 0x35, 0x16,
    0x46, 0xE7, 0xC4, 0x59, 0x4C, 0x07, 0xB1, 0x08, 0xA2, 0x83, 0x38, 0x1B, 0x07, 0x63, 0x30, 0x22,
    0x32, 0xD1, 0x33, 0x2F, 0x2B, 0xAA, 0x69, 0x6B, 0x8E, 0x19, 0x89, 0xC4, 0x27, 0xF7, 0x35, 0x78,
    0xD2, 0xC9, 0x38, 0x47, 0x76, 0x72, 0x34, 0x1B, 0xE5, 0x72, 0x42, 0xDA, 0x24, 0x5E, 0x71, 0x33,
    0xC9, 0xDB, 0x42, 0xCF, 0xE9, 0x8B, 0xDF, 0xD6, 0xDB, 0x7D, 0x9B, 0xE4, 0x24, 0x00, 0xDC, 0x07,
    0x29, 0x0F, 0xC9, 0x50, 0xCC, 0xF8, 0x8B, 0x05, 0xEE, 0x1F, 0xD5, 0xEA, 0x3F, 0x23, 0x32, 0x19,
    0xC5, 0xB4, 0x17, 0xF3, 0x20, 0x16, 0x4D, 0x24, 0x09, 0xE3, 0x76, 0xA5, 0x13, 0xF3, 0x41, 0x4C,
    0x27, 0x31, 0x59, 0x44, 0xD0, 0xA8, 0x95, 0x66, 0xD1, 0xA2, 0xDB, 0xB2, 0x2F, 0x54, 0x4A, 0xBF,
    0x23, 0x94, 0x6E, 0x6F, 0xD3, 0x33, 0xEC, 0xC4, 0xE6, 0xBD, 0xA6, 0x67, 0xB6, 0x4D, 0x4F, 0x63,
    0x71, 0x63, 0x92, 0x3A, 0x1F, 0x79, 0xAB, 0x46, 0xE4, 0xBF, 0x2E, 0x22, 0x67, 0x54, 0xAB, 0xE7,
    0x90, 0x90, 0xA1, 0x0D, 0xF2, 0x77, 0x5B, 0x6B, 0x4B, 0x06, 0x24, 0x1C, 0x0B, 0x76, 0x48, 0xD9,
    0x83, 0x9A, 0xC8, 0x00, 0x47, 0x14, 0x2D, 0xB0, 0x4C, 0x28, 0x1D, 0x30, 0xCF, 0xF8, 0x6B, 0xC9,
    0x73, 0x7C, 0x25, 0x71, 0xF8, 0x51, 0x52, 0x35, 0x83, 0xA4, 0xF8, 0xB7, 0x4D, 0xFE, 0xBD, 0x93,
    0x64, 0xBF, 0x04, 0x49, 0x4A, 0x2F, 0x49, 0x08, 0x09, 0x96, 0x4D, 0x1E, 0x47, 0x49, 0x16, 0x0F,
    0xD4, 0x17, 0x15, 0x07, 0xE4, 0x9C, 0x35, 0x7C, 0x4B, 0xCE, 0x35, 0xC7, 0x7C, 0xDF, 0x0D, 0xCB,
    0xB9, 0x76, 0xA1, 0x53, 0x67, 0xBF, 0x85, 0x24, 0x8F, 0x7C, 0xF8, 0xB0, 0x0E, 0xEF, 0xCE, 0x9F,
    0xF0, 0xC2, 0x3A, 0x7B, 0x3A, 0x0D, 0x4D, 0x6C, 0x2B, 0xCE, 0x64, 0x0D, 0x8F, 0x2C, 0xAE, 0x38,
    0x6A, 0xBD, 0xBA, 0xAF, 0x02, 0xCA, 0xC1, 0x35, 0x28, 0xA6, 0xF6, 0xB4, 0x5F, 0xDC, 0xC4, 0x44,
    0x8F, 0x74, 0x6C, 0xB5, 0x69, 0xB8, 0x0E, 0x45, 0x5F, 0x69, 0x3F, 0x2D, 0xB4, 0x69, 0xA4, 0xD6,
    0x77, 0xAD, 0x6D, 0x1A, 0x0F, 0x60, 0xAB, 0x3A, 0x97, 0x8D, 0x95, 0xD8, 0x6F, 0x2E, 0xFD, 0x5A,
    0x4C, 0x78, 0x1F, 0xF5, 0x7F, 0xA8, 0x6A, 0x2A, 0x65, 0xD2, 0x64, 0xBF, 0xAD, 0xBA, 0xDD, 0x5D,
    0x72, 0x8E, 0xA8, 0x97, 0x96, 0x0B, 0x2A, 0xDA, 0xF1, 0x84, 0x9D, 0xCD, 0x1C, 0x0F, 0x67, 0xCD,
    0x5B, 0xF5, 0x62, 0x69, 0x2C, 0x86, 0xB7, 0x70, 0xCB, 0x73, 0xAD, 0x3B, 0xEA, 0xE3, 0xA9, 0xF4,
    0xC5, 0xDF, 0x2E, 0x91, 0xE4, 0x60, 0x6C, 0x22, 0xCF, 0xEE, 0xFF, 0x7F, 0x67, 0xE2, 0x1D, 0x9F,
    0x44, 0x3A, 0xAE, 0x91, 0xB5, 0xD1, 0x3A, 0xA2, 0x54, 0xAB, 0x70, 0xCE, 0xD6, 0x47, 0x2C, 0x86,
    0x1D, 0x2B, 0xCD, 0xDD, 0x06, 0x73, 0xBD, 0x9D, 0xC8, 0xC0, 0xD7, 0xBF, 0xDE, 0x8E, 0x2C, 0x5B,
    0x58, 0x33, 0xD9, 0x4A, 0xFF, 0xCC, 0x16, 0xFA, 0x96, 0x93, 0x96, 0x79, 0xCA, 0xAB, 0x13, 0xE6,
    0x74, 0x4E, 0x87, 0x49, 0x18, 0x0F, 0xE8, 0x3F, 0x4B, 0xE7, 0xC4, 0xDB, 0x82, 0xFA, 0x3E, 0xC8,
    0x56, 0x0B, 0x84, 0x46, 0xA4, 0x82, 0x2D, 0x4D, 0xB3, 0xD3, 0x68, 0x9D, 0xF2, 0x05, 0xA8, 0x6D,
    0x65, 0xAB, 0x7D, 0xB2, 0x9A, 0xBB, 0x04, 0x64, 0xF8, 0xDD, 0x0C, 0x38, 0x3B, 0xB1, 0x54, 0x21,
    0xD3, 0xF4, 0xEC, 0x8A, 0x3E, 0x72, 0x28, 0x03, 0x90, 0x0D, 0x55, 0x64, 0x3A, 0x39, 0x0F, 0x24,
    0xB3, 0xEA, 0x88, 0x65, 0x11, 0xDB, 0x59, 0x74, 0xA3, 0x58, 0x0D, 0x62, 0xD9, 0x9B, 0x1D, 0x44,
    0x77, 0x8C, 0x40, 0x6E, 0x99, 0x5F, 0x7F, 0x5F, 0x2A, 0x23, 0xD9, 0x19, 0xBD, 0xB8, 0x58, 0xBE,
    0x0E, 0x96, 0xFE, 0x6E, 0x10, 0x33, 0x9A, 0xE4, 0x9B, 0xA0, 0xF8, 0x40, 0xC9, 0xC9, 0x4B, 0x79,
    0x66, 0x93, 0x2D, 0xE5, 0x3F, 0xFD, 0xAF, 0x16, 0x87, 0x31, 0xD6, 0x63, 0x41, 0xD5, 0x15, 0x43,
    0x4A, 0x38, 0x2D, 0x39, 0xF4, 0xAD, 0x8F, 0xD2, 0x36, 0x44, 0x14, 0x17, 0xDE, 0x21, 0x8D, 0xE5,
    0xAC, 0x7D, 0x1D, 0xA2, 0x10, 0xAE, 0x8F, 0x9D, 0xBE, 0xA0, 0x9A, 0xEC, 0xEC, 0x95, 0xAB, 0x84,
    0x5E, 0xCD, 0x6D, 0x35, 0xBA, 0xAB, 0xD2, 0x3F, 0xC8, 0xEB, 0xEA, 0xA5, 0x8F, 0xDC, 0x6D, 0x71,
    0x48, 0x6A, 0x8D, 0x53, 0x72, 0x2A, 0x38, 0x94, 0x5A, 0xE6, 0xFA, 0x73, 0x7A, 0xAC, 0xEA, 0xB4,
    0x9D, 0x7A, 0xA6, 0x57, 0xCF, 0xE4, 0x63, 0x11, 0x14, 0xD4, 0x38, 0x6B, 0xDD, 0x9F, 0xB7, 0x1E,
    0x38, 0x3D, 0xB1, 0x9A, 0xC5, 0xE7, 0xAB, 0x6D, 0xF3, 0xB5, 0xB7, 0xDE, 0xD3, 0x43, 0xC3, 0xB6,
    0xD0, 0xA6, 0x0A, 0x6D, 0xB0, 0x5B, 0x7D, 0xA5, 0x22, 0x06, 0x67, 0x9F, 0x5A, 0xF6, 0x62, 0x9C,
    0xE2, 0xF6, 0xA5, 0x42, 0x89, 0x5F, 0xF1, 0x93, 0xF0, 0xE9, 0x53, 0x5E, 0x56, 0x54, 0xAA, 0x8D,
    0x50, 0xDA, 0xF8, 0xFC, 0x1A, 0xBF, 0x35, 0xFE, 0x8D, 0xF1, 0x2B, 0xE3, 0x17, 0x64, 0x20, 0x3B,
    0x63, 0x73, 0x77, 0x41, 0x39, 0x6A, 0x90, 0x17, 0xC3, 0x5B, 0xB9, 0xA3, 0x08, 0xFE, 0x77, 0x1B,
    0xE9, 0xC8, 0xC8, 0x8C, 0xCF, 0x22, 0x81, 0xE2, 0x2D, 0x2C, 0xAF, 0xFC, 0xA1, 0xED, 0xB3, 0x48,
    0xC7, 0x81, 0xB4, 0x39, 0xD3, 0x73, 0x2D, 0x38, 0x9E, 0xD3, 0x97, 0x63, 0x42, 0x7F, 0x38, 0x38,
    0xFF, 0xC6, 0xAA, 0xD6, 0x7A, 0xF6, 0xF2, 0x29, 0x2F, 0x2A, 0x5A, 0x9A, 0xEB, 0xBD, 0xEE, 0xFD,
    0x9A, 0xFE, 0x60, 0xBF, 0x9E, 0xEC, 0xFD, 0x5A, 0xEA, 0xBD, 0x62, 0x4B, 0x07, 0x9D, 0xF7, 0xFA,
    0xD3, 0x5E, 0x1F, 0xBF, 0xA6, 0x5F, 0x1E, 0xB4, 0x26, 0xA7, 0xED, 0x68, 0x6A, 0x6C, 0x80, 0x9F,
    0x41, 0xCB, 0x78, 0xE2, 0x97, 0x46, 0x80, 0xED, 0x24, 0x92, 0xDE, 0x18, 0x60, 0xF1, 0x8C, 0x58,
    0x0E, 0x62, 0x71, 0x8D, 0x65, 0x2F, 0xD6, 0x1D, 0x72, 0xEA, 0xA9, 0x8E, 0xD4, 0x0C, 0x22, 0x2F,
    0x22, 0x26, 0x5D, 0xF4, 0x35, 0xC7, 0xA8, 0x2B, 0xCE, 0xE8, 0xA1, 0x8C, 0x56, 0x88, 0x0B, 0x6F,
    0x57, 0x15, 0x6F, 0x4A, 0x7A, 0xD3, 0x7F, 0x61, 0x30, 0x45, 0xD5, 0x4B, 0x55, 0xF4, 0x9B, 0xB5,
    0xEC, 0xA5, 0x72, 0x27, 0xAA, 0x39, 0x44, 0xCA, 0x99, 0x35, 0x25, 0xBD, 0x9C, 0xDA, 0x74, 0x02,
    0xE4, 0x94, 0x3C, 0x7A, 0x5B, 0x90, 0xC4, 0x49, 0xA0, 0xB7, 0xC2, 0xAD, 0x64, 0x2B, 0xE6, 0x04,
    0x2B, 0xCD, 0x8A, 0xB2, 0x72, 0x54, 0x88, 0x55, 0xFB, 0x18, 0x0E, 0x5B, 0x8B, 0x8C, 0xA8, 0x5E,
    0x3C, 0x5A, 0x70, 0x0F, 0x29, 0x71, 0xFB, 0x95, 0x58, 0x44, 0x50, 0xF4, 0x4E, 0x06, 0x54, 0xC2,
    0x21, 0x3E, 0x6F, 0x04, 0xFF, 0x67, 0x40, 0xAD, 0x49, 0xC9, 0x28, 0xBB, 0x05, 0xF5, 0x8B, 0x47,
    0x93, 0xF2, 0xF6, 0xD6, 0x92, 0xC0, 0x9D, 0xFB, 0xB0, 0xB4, 0xC5, 0x9E, 0x43, 0xFC, 0xF6, 0x52,
    0x0B, 0x91, 0x3E, 0x67, 0x63, 0x51, 0x92, 0xBC, 0x1E, 0xC0, 0x06, 0xDC, 0xBF, 0xB6, 0xA3, 0x4A,
    0xAD, 0xBA, 0xA8, 0x2D, 0xCC, 0xF9, 0xC3, 0x66, 0xCE, 0xD7, 0xF4, 0xE9, 0x5E, 0x21, 0xB5, 0x7C,
    0xDE, 0x36, 0x7A, 0xB9, 0x5E, 0xD9, 0x73, 0x02, 0x9C, 0xD4, 0x0D, 0xA0, 0xCF, 0xD8, 0x97, 0xEB,
    0x37, 0x2B, 0x9C, 0x9D, 0x9E, 0x26, 0x6B, 0xDA, 0x96, 0xCD, 0xE9, 0xED, 0xC6, 0x39, 0xB9, 0xC0,
    0x09, 0xA4, 0x7C, 0x84, 0x0B, 0xE9, 0x7C, 0xC4, 0x12, 0x91, 0x58, 0x47, 0xF3, 0xD8, 0x0C, 0xA9,
    0x90, 0xA9, 0x33, 0xED, 0xB4, 0x5E, 0x09, 0x35, 0x22, 0xD6, 0xED, 0xB6, 0xF6, 0xB2, 0x18, 0x73,
    0x2E, 0xAE, 0x2B, 0xB8, 0x9C, 0xDE, 0x0B, 0xE0, 0xB1, 0xB0, 0x9E, 0x82, 0xBE, 0x70, 0xD8, 0x29,
    0xB3, 0xE9, 0x38, 0x57, 0xFE, 0x0A, 0xD7, 0xD2, 0xEF, 0x16, 0x5C, 0xA6, 0x43, 0x3A, 0xA0, 0x98,
    0x8B, 0xF9, 0x84, 0xED, 0xDA, 0x96, 0x3E, 0xDE, 0xA1, 0x46, 0xF0, 0xEF, 0x76, 0xA8, 0x8C, 0x67,
    0x20, 0xBC, 0x1E, 0xED, 0xB6, 0xD0, 0xBF, 0x29, 0xD6, 0xC6, 0xC4, 0x88, 0x6B, 0x74, 0x24, 0x37,
    0xBE, 0xF9, 0xD4, 0x76, 0xFE, 0xDC, 0x47, 0x3A, 0x8E, 0xC7, 0x77, 0x98, 0x63, 0xB6, 0x46, 0x36,
    0x09, 0x2D, 0xCF, 0xF1, 0x4D, 0xA6, 0xF8, 0x41, 0xE7, 0xD6, 0x0B, 0xB8, 0xA6, 0xE2, 0x1C, 0xE9,
    0x38, 0x1D, 0xDF, 0x31, 0x9E, 0x8A, 0x5E, 0x85, 0xDD, 0x8C, 0x63, 0xD7, 0x96, 0x03, 0x54, 0xA7,
    0xCE, 0x9A, 0xDF, 0x1F, 0x2F, 0x27, 0x42, 0x16, 0x0E, 0x7B, 0x8F, 0x13, 0x6A, 0xFD, 0xE4, 0xE1,
    0xFE, 0xAD, 0x0B, 0x1A, 0xBC, 0x9E, 0x6E, 0xBE, 0x71, 0x29, 0xFD, 0x01, 0x85, 0x01, 0x11, 0x67,
    0x1F, 0xFB, 0xC6, 0xC5, 0xFA, 0xA0, 0xE2, 0x98, 0x90, 0x8B, 0x02, 0x8C, 0xA2, 0x47, 0xEB, 0x02,
    0xEE, 0x39, 0x8F, 0xBF, 0x3C, 0x1E, 0x6B, 0xC9, 0xFD, 0x77, 0x39, 0x1E, 0x6F, 0x5B, 0xBF, 0x55,
    0xC0, 0x8D, 0xC7, 0xA3, 0xED, 0x7A, 0x38, 0xDA, 0x22, 0x9E, 0xB1, 0x13, 0xD2, 0xE7, 0x64, 0x28,
    0x5F, 0xB4, 0xC1, 0xF9, 0x22, 0x38, 0xA4, 0xFA, 0x7A, 0xA7, 0x43, 0xC9, 0x02, 0xE4, 0x76, 0x7C,
    0x5A, 0x54, 0x76, 0x13, 0x8D, 0xEE, 0x33, 0x54, 0xC3, 0x88, 0x62, 0x98, 0xE2, 0x57, 0xD1, 0x27,
    0xBF, 0xB7, 0x61, 0xE5, 0x6B, 0x7B, 0xA4, 0x07, 0x16, 0xA4, 0xDC, 0x7F, 0x92, 0x19, 0xAF, 0xA4,
    0x3B, 0xA8, 0x88, 0x96, 0xB8, 0xFB, 0x01, 0x27, 0x93, 0xEF, 0x9C, 0x76, 0xB2, 0xC5, 0xC1, 0x81,
    0xE1, 0xF4, 0xA7, 0xDF, 0xAF, 0xA4, 0x33, 0x8F, 0xDC, 0x16, 0xC6, 0x80, 0x73, 0xAA, 0xBE, 0x1F,
    0xF1, 0xAD, 0x2F, 0x51, 0x92, 0x5B, 0xA3, 0x17, 0x9D, 0x3A, 0x7F, 0xFB, 0x94, 0xE1, 0xD5, 0x19,
    0x77, 0x7F, 0xA7, 0xE3, 0xFA, 0x90, 0xB4, 0x03, 0x8A, 0x8F, 0xF8, 0xF4, 0x28, 0x3B, 0x95, 0xD7,
    0x86, 0x1D, 0x51, 0x2D, 0xA0, 0x8E, 0xAF, 0xFB, 0x98, 0x1D, 0xFB, 0xA0, 0x7D, 0x8B, 0xDA, 0xF7,
    0x01, 0xFB, 0x49, 0xFA, 0x93, 0x58, 0xE8, 0xFE, 0x0B, 0x1B, 0xC5, 0xEE, 0xD4, 0x86, 0x29, 0x99,
    0x2D, 0x6E, 0xCF, 0x56, 0x93, 0x84, 0x5B, 0xFC, 0x4E, 0x38, 0x2F, 0xB1, 0x08, 0x3E, 0x59, 0x2D,
    0x84, 0xCF, 0x16, 0xCE, 0xA8, 0xC9, 0xD9, 0xB6, 0x00, 0xF6, 0x16, 0xC5, 0xBF, 0xC4, 0x1D, 0x58,
    0xB2, 0xA3, 0xE6, 0xBC, 0xD7, 0x11, 0xD8, 0x1F, 0x3A, 0x0F, 0xFD, 0xF2, 0x6E, 0x7D, 0x78, 0x3F,
    0x42, 0x69, 0x95, 0x1E, 0xC3, 0x6A, 0xDB, 0xF2, 0x2D, 0x5F, 0xF9, 0xC6, 0x53, 0xCC, 0xE9, 0xBA,
    0x36, 0xC8, 0x21, 0xD3, 0x7D, 0x35, 0xC7, 0x42, 0xCF, 0x89, 0x5A, 0x92, 0xFF, 0x8C, 0xF3, 0x6B,
    0x6B, 0xD0, 0xE7, 0x1F, 0xBC, 0xFA, 0x6C, 0x4C, 0xDA, 0x3E, 0xD2, 0xAA, 0xC7, 0x96, 0x8C, 0x9C,
    0x76, 0xF4, 0x60, 0x40, 0xDB, 0x7C, 0x7C, 0xEC, 0x7C, 0x7A, 0x2D, 0x30, 0xA7, 0xA4, 0xE3, 0x14,
    0x89, 0x43, 0xFA, 0xC1, 0xB8, 0x08, 0xA9, 0x31, 0x9F, 0x4E, 0xA7, 0x5B, 0x17, 0xC4, 0x7B, 0xB8,
    0xB9, 0xD5, 0x00, 0x7F, 0xEC, 0x5B, 0x24, 0xE0, 0x33, 0xB3, 0xC6, 0xD3, 0xDA, 0xB9, 0xFF, 0x1F,
    0x9B, 0x53, 0x60, 0x98, 0x0F, 0xA2, 0x3C, 0xB1, 0x1B, 0x6E, 0xA6, 0x3F, 0xE2, 0x5D, 0xE1, 0x6D,
    0x1B, 0xC9, 0xDA, 0x0E, 0x8C, 0x01, 0x58, 0x50, 0x47, 0xD6, 0x5F, 0xD3, 0x03, 0x25, 0x17, 0xAB,
    0x4B, 0xFF, 0x66, 0x6F, 0x3B, 0x8B, 0xBA, 0x42, 0xC5, 0x3E, 0xBF, 0x42, 0x42, 0xAF, 0x56, 0x5B,
    0xD5, 0x00, 0x49, 0xFC, 0x2C, 0xD8, 0x7E, 0x66, 0x23, 0x50, 0x5B, 0xE5, 0x9D, 0x57, 0x13, 0x57,
    0xF6, 0x66, 0x76, 0x7B, 0x4F, 0x5B, 0x74, 0x35, 0x14, 0xD8, 0xAD, 0x91, 0xE9, 0xFF, 0xCC, 0x2A,
    0xEB, 0xA5, 0x08, 0x8E, 0xC6, 0x41, 0xAC, 0xBB, 0x53, 0xEF, 0xD7, 0x5E, 0xA4, 0xB0, 0x93, 0x6B,
    0xB7, 0x6C, 0x33, 0xFA, 0xB1, 0x52, 0x46, 0x32, 0x18, 0x21, 0xCE, 0xA2, 0xBB, 0x10, 0x7F, 0x97,
    0xA0, 0xF0, 0xBB, 0xEA, 0xDA, 0x1B, 0x27, 0xA0, 0xE8, 0xAD, 0xC7, 0x37, 0x76, 0x62, 0xB6, 0x31,
    0x88, 0xE9, 0x35, 0xC2, 0x03, 0xFF, 0x07, 0xB5, 0x99, 0x3F, 0xAC, 0xE4, 0xD6, 0x75, 0xC6, 0x3F,
    0xCE, 0xCD, 0xDB, 0x49, 0x4C, 0xC8, 0x57, 0xC5, 0x5A, 0x06, 0xF6, 0x15, 0x74, 0x91, 0x22, 0x80,
    0x81, 0xB0, 0x4D, 0x61, 0xE9, 0xD2, 0x69, 0x52, 0xE6, 0x15, 0x7A, 0x0A, 0x10, 0x15, 0xEA, 0xD3,
    0x6C, 0x4A, 0x17, 0x5A, 0x93, 0x49, 0x0F, 0x64, 0x0B, 0x07, 0x08, 0x90, 0x36, 0x69, 0x36, 0x45,
    0x1A, 0x17, 0x29, 0x76, 0x97, 0x37, 0x49, 0x0F, 0x0C, 0xF2, 0x07, 0x48, 0x17, 0x16, 0xAB, 0x04,
    0x72, 0xE3, 0x9B, 0x80, 0x86, 0xB9, 0x32, 0xC9, 0x2F, 0xF3, 0x9D, 0xCB, 0x79, 0xFF, 0xF4, 0xB4,
    0x91, 0x2C, 0x7B, 0x04, 0xFE, 0x7E, 0xE7, 0x69, 0x66, 0xC8, 0x73, 0xCF, 0x21, 0x2F, 0xEF, 0x70,
    0xF1, 0x8D, 0x67, 0xCF, 0x00, 0xA0, 0x22, 0x1B, 0x00, 0x25, 0x5F, 0x43, 0xAF, 0x10, 0x3F, 0xA7,
    0x96, 0x24, 0xD3, 0x95, 0x9E, 0xF5, 0x3F, 0xF9, 0xBB, 0x84, 0x27, 0x08, 0x71, 0x97, 0xF0, 0xF1,
    0x0D, 0x1D, 0xF0, 0xF0, 0x9E, 0xAF, 0x4B, 0xE4, 0xD3, 0xAC, 0x25, 0x8B, 0x9D, 0xDE, 0x2B, 0x18,
    0x25, 0xD4, 0x83, 0xC9, 0xA7, 0x2F, 0x56, 0x35, 0x98, 0x42, 0x94, 0x76, 0xEC, 0x50, 0x90, 0x5C,
    0x2D, 0x79, 0x8E, 0x40, 0x4D, 0x7E, 0xD6, 0x00, 0xE7, 0x33, 0x80, 0x82, 0xD7, 0x84, 0xBB, 0x9F,
    0x1A, 0x4A, 0xBC, 0xC5, 0x8F, 0xDD, 0xEC, 0x22, 0xBE, 0x77, 0x64, 0x77, 0xE7, 0xF3, 0x2B, 0x87,
    0x23, 0xC9, 0xC5, 0xC8, 0x06, 0x6E, 0x2E, 0xD8, 0x1D, 0xA9, 0x6C, 0xEE, 0xB2, 0x13, 0xFB, 0x06,
    0xE5, 0xF2, 0xE1, 0x0A, 0x90, 0x9C, 0x94, 0xE9, 0xAA, 0x02, 0x9F, 0x5B, 0x0D, 0xF6, 0xB6, 0x0B,
    0x25, 0xAC, 0xDD, 0x72, 0x40, 0x3B, 0xC1, 0xAD, 0x40, 0xB9, 0xA2, 0x1C, 0x95, 0x76, 0xA3, 0xA1,
    0xA2, 0xED, 0xEA, 0x68, 0xF5, 0x0B, 0x9D, 0x5A, 0x74, 0x68, 0x01, 0xC0, 0x0F, 0xBD, 0x29, 0xD1,
    0x5E, 0x77, 0x65, 0xEF, 0xDD, 0xD6, 0xD0, 0xEB, 0xC8, 0xF5, 0xA1, 0xDD, 0x76, 0x76, 0xD0, 0xAE,
    0x9B, 0x3A, 0x01, 0x20, 0xFC, 0x0C, 0xB8, 0x05, 0x8E, 0x1D, 0xEA, 0x11, 0x05, 0x3F, 0xFB, 0x63,
    0x1E, 0x72, 0x77, 0x00, 0x3C, 0x20, 0x5F, 0x01, 0xC0, 0xD9, 0xFB, 0x22, 0x2E, 0xB5, 0x9B, 0x3C,
    0x18, 0x62, 0xBF, 0x7E, 0xC8, 0xE8, 0x07, 0xB4, 0x43, 0x1D, 0x51, 0xA5, 0xD0, 0xA0, 0x9C, 0x7A,
    0xD5, 0x8B, 0x06, 0x92, 0x37, 0x01, 0xB8, 0x49, 0x18, 0xFB, 0x0E, 0xFB, 0xA4, 0x96, 0x0E, 0x75,
    0x42, 0x1D, 0x3D, 0x3F, 0x60, 0x93, 0xEB, 0xDA, 0xAB, 0x16, 0xC5, 0xFB, 0x76, 0x70, 0x60, 0x37,
    0xB7, 0x52, 0xC5, 0x8A, 0x13, 0x10, 0x08, 0x15, 0xAC, 0x5F, 0xA1, 0xB1, 0xAC, 0xBF, 0x89, 0x36,
    0x62, 0x37, 0xC3, 0x0A, 0x3E, 0x69, 0x6C, 0xD8, 0x27, 0xA0, 0x4A, 0x28, 0x93, 0xC6, 0x0D, 0x7F,
    0x80, 0x2A, 0x59, 0x45, 0x6B, 0x60, 0xDD, 0x99, 0x42, 0x03, 0x14, 0x0B, 0xAC, 0x8A, 0x2B, 0x5E,
    0x4A, 0x3D, 0x16, 0xA9, 0x6D, 0x66, 0x29, 0xFC, 0xF9, 0x24, 0xD5, 0xFF, 0x3C, 0x4A, 0xFE, 0x5F,
    0x93, 0xE9, 0xBF, 0x07, 0x69, 0xCF, 0x28, 0xB9, 0xAC, 0x1D, 0x3B, 0xA9, 0xA0, 0x08, 0x6C, 0x42,
    0x71, 0x11, 0x98, 0xE0, 0x27, 0xB1, 0x9E, 0x4B, 0x76, 0x68, 0x67, 0x37, 0x03, 0xEB, 0x8F, 0x8B,
    0x15, 0xC5, 0x0C, 0x10, 0xBB, 0x11, 0xE8, 0x1B, 0x97, 0x80, 0xD0, 0x95, 0x07, 0xA8, 0x04, 0x51,
    0xBD, 0xAD, 0x3A, 0xA8, 0x26, 0x80, 0xCA, 0x03, 0x55, 0xEA, 0x89, 0x8E, 0x33, 0x59, 0x62, 0xCB,
    0x24, 0x32, 0x89, 0xAD, 0x51, 0x4D, 0xD4, 0x97, 0xC5, 0xF7, 0x71, 0xD6, 0x40, 0x15, 0x83, 0x1F,
    0x60, 0xDD, 0xAC, 0x92, 0xE5, 0xD8, 0xB4, 0x96, 0x7A, 0xCF, 0x9C, 0x6D, 0xC9, 0x09, 0xFF, 0xFF,
    0xAB, 0xE5, 0x0C, 0x4F, 0x76, 0x9B, 0x9B, 0x47, 0xBA, 0xCE, 0xFA, 0x57, 0x79, 0x90, 0x21, 0xDE,
    0x36, 0xB3, 0xDD, 0x66, 0xBF, 0x39, 0xF4, 0xD9, 0x6B, 0x30, 0xBB, 0x29, 0xDB, 0xA7, 0xEC, 0x10,
    0xB3, 0x09, 0xB3, 0x9B, 0xB3, 0xCB, 0x94, 0x5D, 0xC7, 0xEC, 0x1E, 0xD9, 0xF3, 0xE6, 0xB4, 0x39,
    0x6E, 0xC6, 0x2D, 0x3F, 0xD0, 0x95, 0xD5, 0xBF, 0x46, 0xC8, 0x79, 0xC7, 0x76, 0x33, 0xEC, 0xD5,
    0x37, 0xB7, 0x3B, 0xB5, 0x64, 0x15, 0x73, 0xF6, 0x6E, 0xCC, 0x76, 0xC3, 0xE6, 0x98, 0x5D, 0x34,
    0xDA, 0x8A, 0x0B, 0xC0, 0x47, 0x37, 0x19, 0xE7, 0x23, 0x0F, 0xFB, 0x23, 0xF7, 0x63, 0x65, 0xD7,
    0x2A, 0xD5, 0x8A, 0x7A, 0xBD, 0xBF, 0x96, 0xC9, 0x73, 0x6D, 0x39, 0x78, 0x2E, 0xEF, 0xB0, 0x41,
    0x7B, 0x00, 0x95, 0xAC, 0x48, 0xD1, 0x19, 0xBD, 0x31, 0x04, 0x71, 0x16, 0x5D, 0x12, 0x7D, 0x14,
    0x03, 0xC4, 0xD9, 0x98, 0x8C, 0xD1, 0x68, 0x73, 0xA7, 0xF6, 0xF9, 0xAA, 0x66, 0xDA, 0x93, 0x2D,
    0x53, 0xC9, 0x3C, 0xBC, 0x97, 0xC6, 0xD9, 0x38, 0x09, 0x45, 0x12, 0x77, 0x43, 0x1E, 0x9A, 0xD1,
    0xFA, 0xAB, 0x0C, 0xF5, 0x81, 0x33, 0x36, 0xB9, 0x38, 0x46, 0x03, 0xA5, 0xCC, 0x4B, 0x5E, 0xDE,
    0x7A, 0x57, 0xE4, 0xA7, 0x46, 0x0E, 0x46, 0x3B, 0xB3, 0xCF, 0x29, 0x2A, 0x25, 0x6A, 0xEA, 0xCA,
    0x19, 0xDE, 0xCF, 0xBE, 0xB3, 0x4F, 0xDA, 0xB7, 0x56, 0x9B, 0x0D, 0x27, 0xB4, 0x54, 0x25, 0x5B,
    0xDB, 0xF3, 0x83, 0x5E, 0x3D, 0xA5, 0xF2, 0x13, 0x70, 0x0F, 0x02, 0x19, 0x33, 0xEC, 0xCF, 0xFB,
    0xD1, 0xBF, 0x06, 0xB4, 0x5B, 0x21, 0x81, 0xA8, 0x26, 0x10, 0xFB, 0x59, 0x85, 0xBF, 0x86, 0xFE,
    0x9F, 0x1F, 0x77, 0xBC, 0xEC, 0x87, 0x9A, 0x64, 0x17, 0x34, 0xE9, 0x3D, 0xEA, 0xF9, 0x3A, 0xA7,
    0x14, 0x2C, 0x3B, 0xA2, 0xB2, 0x0F, 0xAF, 0x39, 0x71, 0x02, 0x27, 0x14, 0x82, 0xEF, 0x56, 0x70,
    0xFF, 0x2F, 0x0B, 0xB8, 0xFB, 0x85, 0x3E, 0xCC, 0x04, 0xED, 0x4A, 0x00, 0xB8, 0x7E, 0x64, 0xBD,
    0x1E, 0x40, 0xEC, 0x94, 0x06, 0x0E, 0xF7, 0xA5, 0xBB, 0xE3, 0xDF, 0x6C, 0x73, 0x5F, 0xCB, 0x15,
    0xC0, 0x43, 0xCD, 0xB7, 0xE7, 0x4B, 0xC9, 0x11, 0xED, 0xD2, 0x72, 0x41, 0xCD, 0xF5, 0x43, 0x36,
    0xD0, 0x70, 0x22, 0xD8, 0x20, 0xD8, 0x6E, 0xEA, 0x41, 0xAC, 0x8C, 0x3E, 0xDD, 0xC7, 0x22, 0xF9,
    0xE1, 0xC8, 0xB1, 0xD2, 0xE7, 0x9F, 0x5B, 0x07, 0x82, 0xF5, 0xA7, 0x22, 0xC0, 0x4F, 0x1E, 0xCF,
    0x56, 0xA4, 0xD1, 0x38, 0x01, 0x3C, 0xBB, 0x78, 0x0E, 0xEB, 0x95, 0xF1, 0x2D, 0x23, 0x6E, 0xD1,
    0x52, 0xCD, 0xB9, 0xE6, 0x64, 0xED, 0xF5, 0x63, 0x61, 0x3E, 0xA1, 0xC8, 0x50, 0x0D, 0x33, 0x1E,
    0x6D, 0x85, 0x04, 0x7E, 0xCD, 0x78, 0x70, 0x5D, 0x48, 0x01, 0x36, 0x06, 0x54, 0x00, 0x6A, 0x65,
    0xAD, 0x4D, 0x09, 0x69, 0x3B, 0x27, 0xD5, 0x51, 0x7C, 0xD5, 0xAD, 0xE0, 0x8F, 0x50, 0x93, 0x68,
    0xF3, 0xC6, 0x55, 0x58, 0xDE, 0x11, 0x40, 0x14, 0x02, 0xE6, 0x2B, 0x3C, 0x17, 0x7E, 0x70, 0x27,
    0x4B, 0x92, 0xE9, 0x1A, 0x5F, 0x75, 0x84, 0x7F, 0x6B, 0x23, 0x6C, 0xF2, 0x08, 0xB9, 0xBD, 0xBE,
    0x4B, 0x6A, 0x32, 0x6D, 0xB7, 0x2D, 0x1C, 0xB7, 0x77, 0x9D, 0x75, 0x77, 0xB6, 0x4D, 0xF1, 0x7D,
    0xDB, 0x7E, 0x7D, 0x8A, 0x3E, 0x7F, 0x26, 0x8F, 0x66, 0xE3, 0x3B, 0x46, 0x10, 0x58, 0x6E, 0xF0,
    0xB9, 0xF1, 0x63, 0xE3, 0xDB, 0x46, 0xDC, 0xE1, 0xDF, 0xAF, 0x4D, 0x3E, 0x99, 0x8C, 0x04, 0x68,
    0xB7, 0x4F, 0x35, 0x64, 0x10, 0xAB, 0x24, 0xFA, 0x51, 0xDC, 0x4F, 0xA2, 0x9B, 0x3F, 0xCF, 0x1D,
    0x7F, 0xA4, 0x3B, 0x07, 0x17, 0xEC, 0xC7, 0xF6, 0xC8, 0x32, 0xDF, 0x8E, 0x8D, 0xF5, 0x20, 0xB6,
    0x31, 0xDF, 0xE6, 0xB6, 0xF9, 0x77, 0x9B, 0xCC, 0x82, 0x4D, 0xC8, 0xE7, 0xAF, 0xB7, 0x05, 0x9E,
    0xE1, 0x5C, 0x00, 0x51, 0x0A, 0x7B, 0x9B, 0x7D, 0x4E, 0xE5, 0xFC, 0x6E, 0x9E, 0x23, 0xE2, 0xD6,
    0x8B, 0xA6, 0xBE, 0x9A, 0x23, 0x76, 0x77, 0x2F, 0xF6, 0x82, 0x4F, 0xC1, 0x9A, 0x23, 0xD8, 0x0A,
    0x79, 0x1D, 0x01, 0xB5, 0xDB, 0xEE, 0xBE, 0x80, 0x13, 0xF6, 0x23, 0xEC, 0x7A, 0x44, 0x5E, 0xD9,
    0x52, 0x7F, 0xBD, 0x42, 0x31, 0xD9, 0xDD, 0x74, 0x37, 0xC2, 0x11, 0x15, 0x6D, 0xE1, 0xE5, 0x18,
    0xBF, 0xC1, 0x11, 0x41, 0xD1, 0xA0, 0xA9, 0xB1, 0x57, 0x33, 0x92, 0xA2, 0x05, 0xD0, 0x57, 0x42,
    0x74, 0xDA, 0x1B, 0x5E, 0x1C, 0xA3, 0xBD, 0x8D, 0x59, 0xB7, 0x03, 0x1F, 0x15, 0x55, 0x4D, 0x88,
    0x75, 0xA3, 0x48, 0x37, 0x8A, 0xB0, 0xDD, 0xBF, 0x42, 0x7C, 0x6E, 0xD1, 0x2E, 0xD7, 0x1F, 0x79,
    0xBD, 0x3A, 0x5B, 0x54, 0xFE, 0xAC, 0xFD, 0xF7, 0xD5, 0xA2, 0xEA, 0x10, 0x62, 0xDB, 0xD8, 0xFE,
    0xA2, 0xFE, 0xCB, 0xB7, 0xC8, 0x10, 0x95, 0x36, 0x0A, 0xEA, 0x18, 0xC9, 0x96, 0x12, 0x3A, 0xEE,
    0xAC, 0xAF, 0xCE, 0xCA, 0x65, 0xD5, 0x57, 0x2D, 0x3F, 0x15, 0x3D, 0xE4, 0x9C, 0xED, 0x96, 0xAC,
    0x28, 0x24, 0x38, 0x36, 0x45, 0xFF, 0xA9, 0xE6, 0xCA, 0x6A, 0xB1, 0xF1, 0xEE, 0x89, 0x30, 0x6A,
    0xBC, 0x4D, 0xC1, 0x83, 0x2D, 0x53, 0x6C, 0x29, 0x9A, 0x0D, 0x54, 0xF1, 0xF3, 0x91, 0xBF, 0x2F,
    0xEA, 0x4E, 0x51, 0xD9, 0x9C, 0xA2, 0x02, 0x85, 0xC5, 0x67, 0xF0, 0xA3, 0x23, 0xD1, 0x46, 0xBF,
    0x3A, 0x2E, 0x05, 0xE3, 0x6F, 0xF5, 0x8D, 0x8F, 0xEE, 0x75, 0x87, 0x2A, 0x7A, 0x2B, 0x56, 0x39,
    0xF8, 0x58, 0x35, 0x80, 0x4B, 0x3E, 0xBE, 0x67, 0x95, 0xF5, 0xB9, 0x4C, 0x8B, 0x8F, 0x93, 0xDC,
    0x93, 0xA3, 0xBC, 0x95, 0x6A, 0x77, 0x7C, 0x7F, 0x41, 0xFE, 0x7C, 0x6F, 0x4B, 0x68, 0xAF, 0x35,
    0xB8, 0xED, 0xAF, 0x56, 0x53, 0x3B, 0x6F, 0x05, 0x22, 0x7C, 0x2C, 0x27, 0x9D, 0x28, 0xD5, 0xC1,
    0xAD, 0x28, 0xE7, 0x1D, 0x57, 0xB0, 0x0B, 0x83, 0x3B, 0x3A, 0x8C, 0x67, 0x39, 0xE3, 0x51, 0x54,
    0x63, 0xB3, 0xDD, 0x17, 0x78, 0x37, 0x64, 0xE3, 0x80, 0x73, 0x0E, 0x6A, 0xE0, 0xAA, 0x12, 0x32,
    0xFA, 0x11, 0xED, 0xE0, 0xB5, 0xC8, 0x3E, 0xC2, 0x27, 0xDF, 0x1C, 0xB1, 0xC7, 0x11, 0xD6, 0x48,
    0xEB, 0x21, 0xB6, 0xE5, 0xD7, 0x0C, 0x94, 0x64, 0xA3, 0x9E, 0x1F, 0x4E, 0x6B, 0x45, 0xAF, 0x11,
    0x5A, 0x13, 0x5D, 0xC6, 0x37, 0x85, 0xA0, 0x4B, 0xAF, 0xED, 0xE0, 0xC7, 0x76, 0x40, 0x3D, 0x84,
    0xF5, 0x03, 0x46, 0xAF, 0x43, 0x16, 0x76, 0x53, 0x3F, 0x7B, 0xDC, 0x59, 0x03, 0x6E, 0xE2, 0xB7,
    0xEB, 0x6E, 0x3B, 0x9F, 0xC3, 0x02, 0x15, 0x55, 0xC5, 0xBF, 0x50, 0xA2, 0x4D, 0xA5, 0x1B, 0xE5,
    0x5F, 0xF6, 0xE9, 0x07, 0xA8, 0xD2, 0xDB, 0x96, 0x99, 0x1F, 0xF2, 0x97, 0x82, 0xE6, 0xA8, 0x06,
    0x41, 0x3B, 0xAD, 0xC6, 0x9C, 0x88, 0x9B, 0x1F, 0x1E, 0xB7, 0x7F, 0x38, 0x6E, 0x0B, 0xCA, 0x91,
    0x9F, 0xF4, 0xA9, 0xA5, 0x8E, 0xBE, 0x00, 0x1F, 0x0E, 0x80, 0xD3, 0x96, 0x50, 0xEC, 0x07, 0x94,
    0x3C, 0x1C, 0xB7, 0x0E, 0x6E, 0xC9, 0x37, 0x9A, 0xDD, 0x78, 0xD4, 0xA2, 0xF3, 0xAB, 0xD6, 0x15,
    0x33, 0xDB, 0xB0, 0x69, 0x2A, 0x16, 0x48, 0x6E, 0x34, 0x29, 0x39, 0x6B, 0x8F, 0x29, 0x34, 0xA6,
    0x1F, 0xC2, 0x34, 0x9B, 0x38, 0x66, 0xCD, 0xA6, 0x0F, 0x16, 0x13, 0x98, 0xD5, 0x76, 0xA6, 0xFA,
    0x60, 0xF2, 0xC9, 0x54, 0x4E, 0x26, 0xB7, 0x98, 0x76, 0x34, 0x81, 0xD1, 0x14, 0x92, 0xEE, 0x3B,
    0xCA, 0x2C, 0x68, 0xAE, 0xA2, 0xE5, 0x59, 0x58, 0x17, 0x80, 0x7A, 0x53, 0x34, 0x55, 0x59, 0xFE,
    0xB6, 0xBA, 0x9B, 0xA7, 0x77, 0x61, 0xBC, 0x00, 0xA9, 0xA5, 0xA6, 0x8A, 0x33, 0xE3, 0xDB, 0x0B,
    0xC2, 0x5F, 0xA9, 0x87, 0x2F, 0x70, 0x64, 0x31, 0x8A, 0x6E, 0x10, 0xCB, 0x28, 0x6A, 0x0F, 0x8E,
    0x84, 0x51, 0xF1, 0xEC, 0x0F, 0x62, 0x99, 0x44, 0x37, 0x89, 0xC5, 0x22, 0x82, 0xA2, 0x06, 0xB9,
    0x5F, 0x34, 0x95, 0xF6, 0x1C, 0xFC, 0x04, 0x72, 0x70, 0xB4, 0xC3, 0xF7, 0xC6, 0x80, 0xBB, 0xAC,
    0x8D, 0xBF, 0x6B, 0x7C, 0x2B, 0x0F, 0x70, 0x39, 0x6A, 0xC6, 0x9E, 0xD6, 0x0F, 0xCF, 0x5C, 0x8A,
    0xAC, 0xF6, 0xFB, 0xA6, 0x05, 0xA6, 0x49, 0xF2, 0xBB, 0x64, 0x72, 0x83, 0xA9, 0x8C, 0x26, 0x6F,
    0x22, 0x9B, 0xAC, 0xCE, 0x6E, 0x21, 0xCC, 0xEF, 0x55, 0xC9, 0xE4, 0x47, 0xD3, 0x7E, 0x36, 0xB9,
    0xD5, 0x54, 0x50, 0x02, 0xFA, 0xAD, 0x03, 0x83, 0xA9, 0x1E, 0x4D, 0x7E, 0x86, 0xA6, 0x6B, 0x47,
    0x04, 0x2A, 0x8C, 0xCA, 0x33, 0x5F, 0x10, 0x40, 0x9E, 0x88, 0x1E, 0xAA, 0xB0, 0x3B, 0x1E, 0xD9,
    0xED, 0x89, 0x6F, 0xCF, 0xF0, 0xFF, 0xA5, 0xB2, 0xD4, 0x10, 0xDF, 0x13, 0xD3, 0x73, 0xE3, 0x24,
    0xFE, 0xAF, 0xCA, 0xB8, 0xFE, 0x62, 0xB0, 0xF2, 0x5A, 0x49, 0x7F, 0x3E, 0x89, 0xFF, 0xB3, 0x88,
    0x89, 0xC6, 0xF6, 0xC6, 0x23, 0x81, 0x2A, 0xE9, 0x64, 0xF7, 0x13, 0x5A, 0x6A, 0xE6, 0xB4, 0x5B,
    0x8C, 0xF5, 0xFA, 0x5B, 0xE8, 0x75, 0x53, 0x1B, 0x40, 0xCE, 0x4A, 0xB7, 0xE5, 0x80, 0x3E, 0x67,
    0x4D, 0x93, 0x7A, 0x45, 0xCE, 0xFB, 0x64, 0xCA, 0xE5, 0x41, 0xDD, 0x99, 0x02, 0x4C, 0x2F, 0x4C,
    0xC5, 0x64, 0x62, 0xBA, 0xE7, 0x8C, 0x2E, 0x56, 0x13, 0xD8, 0x98, 0xDA, 0x6D, 0x2F, 0x83, 0xC9,
    0x8F, 0xA6, 0x72, 0x36, 0xB9, 0xD5, 0x54, 0xB0, 0x93, 0xD0, 0x1F, 0xEC, 0xC7, 0x54, 0x18, 0xAD,
    0xB7, 0x7E, 0xB5, 0x5D, 0x3A, 0xBD, 0x69, 0xC9, 0xEF, 0x7A, 0x39, 0xF0, 0x9A, 0xB8, 0x97, 0x0F,
    0x55, 0xF9, 0xDD, 0x22, 0x96, 0x0B, 0x40, 0x54, 0xFF, 0x21, 0xBE, 0x07, 0x71, 0x16, 0x8B, 0x51,
    0x74, 0x83, 0x58, 0x46, 0x91, 0x99, 0x07, 0xB1, 0x4C, 0xA2, 0x9B, 0xC4, 0x5D, 0x4E, 0x94, 0xC6,
    0xBE, 0x13, 0xC3, 0xC1, 0x9E, 0x93, 0x24, 0xD4, 0x1C, 0x4B, 0x1D, 0x65, 0x2C, 0xD8, 0xE4, 0x0C,
    0x5B, 0x92, 0x28, 0x26, 0x79, 0x45, 0xB9, 0xC8, 0x07, 0xD4, 0x0B, 0x5E, 0xAA, 0x33, 0xED, 0x82,
    0x27, 0xF2, 0xFA, 0x1B, 0xF9, 0x79, 0xD5, 0x0C, 0xB3, 0x4B, 0xC0, 0xEF, 0x1C, 0x5D, 0xEA, 0xD8,
    0x47, 0x57, 0x31, 0x3B, 0x20, 0xFB, 0x49, 0x36, 0xE7, 0xCD, 0xCB, 0x66, 0x66, 0xC7, 0xBE, 0xCB,
    0x0E, 0x31, 0xBB, 0x4A, 0xD9, 0x7E, 0xCC, 0xDE, 0xCF, 0xD9, 0x8E, 0xD9, 0x60, 0x97, 0xDD, 0x1F,
    0xB2, 0x83, 0x3E, 0xD8, 0xBF, 0x82, 0x5F, 0x00, 0x4F, 0x62, 0xCF, 0x06, 0xD5, 0xD1, 0xE0, 0x80,
    0x5C, 0xF9, 0x46, 0x2C, 0x1A, 0xCD, 0x95, 0x55, 0xEA, 0xC9, 0x26, 0xA4, 0x97, 0x7F, 0x34, 0x63,
    0xBD, 0x78, 0xEE, 0x66, 0x3D, 0x7D, 0x73, 0xF3, 0xFE, 0x20, 0xFA, 0x0E, 0xBF, 0xE7, 0xE6, 0xDA,
    0xE6, 0xFA, 0x77, 0x45, 0xCE, 0x46, 0x8A, 0x73, 0x68, 0xC4, 0x3A, 0x8A, 0x3E, 0x4F, 0x1F, 0xA3,
    0xE8, 0x66, 0x51, 0x67, 0xCD, 0x7E, 0x51, 0x89, 0x7B, 0xC6, 0x30, 0xE4, 0xA9, 0x27, 0x3F, 0xDA,
    0x38, 0x3D, 0x10, 0xD8, 0x0C, 0x3D, 0x18, 0x38, 0xEB, 0x87, 0xD3, 0x0F, 0xF0, 0xAF, 0x61, 0xBD,
    0xEE, 0xB3, 0xDE, 0xFF, 0xDA, 0xD6, 0xB4, 0xFC, 0x86, 0x07, 0x03, 0xE1, 0xE4, 0xEE, 0xB6, 0xEB,
    0xE6, 0xB6, 0xAB, 0x2C, 0xF8, 0xCD, 0x67, 0x68, 0x39, 0x96, 0x24, 0xEC, 0x77, 0xF7, 0x82, 0x07,
    0x6C, 0x0A, 0xB5, 0x92, 0xB6, 0xCB, 0x37, 0x8B, 0xE4, 0x0D, 0x5D, 0x5E, 0xB6, 0xF1, 0xCB, 0x7C,
    0x4F, 0xD3, 0x59, 0xFB, 0x29, 0x6A, 0x4E, 0xCE, 0xBA, 0x30, 0xEE, 0x8F, 0xCA, 0x39, 0x6F, 0xDA,
    0x32, 0xBE, 0xA5, 0x2A, 0xEB, 0x9B, 0x27, 0x6D, 0xA3, 0x67, 0xBA, 0x0A, 0xF4, 0x60, 0xE2, 0xAC,
    0x27, 0xD3, 0x56, 0x30, 0xF7, 0x86, 0x60, 0xD8, 0x82, 0xA2, 0xD9, 0x02, 0xE0, 0xBE, 0x40, 0xAF,
    0xFB, 0x03, 0xFB, 0xCC, 0xAF, 0x30, 0xC8, 0xCD, 0xFD, 0x14, 0x57, 0xDD, 0x45, 0xBB, 0x05, 0x5B,
    0x7F, 0xD8, 0x32, 0x49, 0x8F, 0xD8, 0xEC, 0x7A, 0x32, 0xD7, 0x32, 0xDC, 0xD2, 0x7B, 0x59, 0xEF,
    0x66, 0xBD, 0xFD, 0xB5, 0xFA, 0xF3, 0x6A, 0xEB, 0x0F, 0xAC, 0x3F, 0x92, 0x5E, 0x23, 0xB0, 0x45,
    0x09, 0xC0, 0x23, 0x05, 0xAB, 0xF5, 0x2C, 0xDF, 0x88, 0x7F, 0xB5, 0xD1, 0xCA, 0x57, 0x5B, 0x44,
    0xB2, 0xBB, 0x8A, 0xD2, 0xE9, 0x73, 0xED, 0x7C, 0x8A, 0xF6, 0xEB, 0x29, 0x2A, 0x78, 0x8A, 0xC0,
    0xE6, 0x14, 0xB5, 0xDD, 0x29, 0x0A, 0xF1, 0xCD, 0x91, 0x7E, 0xAA, 0x95, 0xEB, 0x05, 0x42, 0xA7,
    0x89, 0x51, 0xE3, 0x6D, 0x35, 0x4D, 0x14, 0x3A, 0x6A, 0xDF, 0x60, 0x7B, 0x71, 0x33, 0x76, 0x6B,
    0x76, 0x5E, 0x0D, 0xE6, 0x57, 0x35, 0x66, 0xA3, 0xE0, 0x60, 0xDE, 0x56, 0x31, 0x39, 0x5A, 0xCC,
    0xB0, 0x7B, 0xD3, 0x56, 0x49, 0xDC, 0x08, 0xEA, 0xAD, 0xC8, 0x5B, 0x2B, 0xBE, 0x44, 0xF0, 0x4F,
    0x7C, 0x9A, 0x83, 0x9F, 0x72, 0xCE, 0x01, 0xC9, 0x1C, 0x8C, 0x3B, 0x76, 0xDB, 0x87, 0xDB, 0xB8,
    0x05, 0xE1, 0xB0, 0x05, 0xD5, 0xB0, 0x05, 0x3E, 0x5D, 0x05, 0x05, 0x2F, 0xD0, 0xFE, 0xDB, 0x31,
    0xB0, 0xD6, 0xAF, 0xC7, 0xA0, 0xE5, 0xA4, 0x39, 0xC1, 0x6F, 0x23, 0xB9, 0x0E, 0xAA, 0x43, 0x36,
    0xEA, 0x88, 0xDB, 0xF3, 0x0D, 0xFA, 0xBB, 0xC5, 0x79, 0x3C, 0x65, 0xEF, 0x39, 0xDC, 0x7C, 0xE7,
    0x01, 0xC5, 0x82, 0x9F, 0x48, 0x7E, 0xCA, 0x15, 0xE9, 0xF6, 0x9C, 0x51, 0xAC, 0xA8, 0x68, 0xAB,
    0x87, 0x10, 0xD9, 0xF9, 0x84, 0x3E, 0xDF, 0xC7, 0x56, 0xD4, 0x87, 0xD0, 0x15, 0x0B, 0xAA, 0xA1,
    0x6D, 0xF4, 0x94, 0x38, 0xF5, 0x70, 0x12, 0xBF, 0x58, 0x43, 0xD6, 0x81, 0xFA, 0x42, 0x15, 0x7B,
    0x7D, 0xBD, 0x8E, 0xAD, 0x76, 0x16, 0x9A, 0x70, 0x40, 0x8F, 0xD6, 0x7E, 0x09, 0x36, 0x0B, 0xFC,
    0x8C, 0xEA, 0x1F, 0x27, 0x38, 0x36, 0xE5, 0xCF, 0x07, 0x80, 0xAF, 0x1D, 0x63, 0x61, 0x2D, 0x59,
    0x5F, 0x62, 0x47, 0xFE, 0x35, 0x27, 0xFB, 0x17, 0x84, 0xCB, 0x06, 0x78, 0xDF, 0x8A, 0xF0, 0x5A,
    0xEC, 0x7F, 0x9F, 0x0D, 0xDC, 0x58, 0x31, 0xC1, 0x0F, 0xE1, 0x0F, 0x74, 0x94, 0x55, 0xAB, 0x85,
    0xEF, 0x2F, 0x58, 0xD1, 0xEE, 0x66, 0x10, 0xBD, 0x13, 0x79, 0x87, 0xAB, 0x2D, 0x07, 0x16, 0xF4,
    0xC5, 0x52, 0x68, 0x11, 0xBB, 0xDA, 0x80, 0xFB, 0x7D, 0xD2, 0xCF, 0x98, 0xBF, 0x88, 0xF0, 0x93,
    0x67, 0xF3, 0xF6, 0x8E, 0xE4, 0xB3, 0x84, 0x96, 0x3F, 0x65, 0x44, 0x71, 0x59, 0xE8, 0xC8, 0x8F,
    0x35, 0x59, 0xEC, 0xC9, 0x05, 0x4A, 0x6F, 0x05, 0xF8, 0xB4, 0x58, 0x6D, 0x3D, 0xFF, 0xC2, 0x9E,
    0x2E, 0x3C, 0x81, 0x3F, 0x88, 0x6A, 0xCE, 0xF7, 0xB6, 0xCE, 0xB4, 0xCD, 0x75, 0x73, 0xF8, 0x66,
    0xE6, 0x4F, 0x76, 0xC6, 0x28, 0xB6, 0x83, 0x18, 0x26, 0xB1, 0x62, 0x83, 0xA2, 0x29, 0xB9, 0x3E,
    0xEB, 0x1B, 0x47, 0x92, 0x0D, 0x7A, 0xCB, 0xE1, 0x9C, 0x1C, 0x95, 0xDB, 0xCF, 0xF2, 0xEF, 0x77,
    0x63, 0xBA, 0xE2, 0x5B, 0xE5, 0x60, 0x5F, 0x8E, 0xA2, 0x1D, 0x61, 0x6F, 0xBB, 0xC3, 0xA5, 0xFE,
    0xB6, 0x25, 0xA4, 0x5B, 0x3F, 0x5A, 0x7D, 0x72, 0xAC, 0x23, 0x18, 0x3A, 0x2C, 0x2D, 0x70, 0xA1,
    0x7C, 0x79, 0x77, 0x6B, 0x72, 0x76, 0x9A, 0xCD, 0x42, 0x02, 0xEA, 0xB5, 0x39, 0xF7, 0x24, 0x77,
    0x2A, 0xC8, 0x63, 0x0E, 0xC0, 0x8C, 0xAB, 0xED, 0xCF, 0xE6, 0x6D, 0x31, 0x3A, 0x00, 0x7F, 0x02,
    0x50, 0xAF, 0xE9, 0x26, 0x67, 0x5D, 0xF6, 0x63, 0xA6, 0xEA, 0x5F, 0x8C, 0xA3, 0x98, 0xBE, 0x73,
    0x24, 0x9E, 0x42, 0xC4, 0xAF, 0x85, 0x45, 0xFF, 0x93, 0xC6, 0xFA, 0x77, 0x00, 0x82, 0xF1, 0xE8,
    0xCC, 0x28, 0xD6, 0xC6, 0x2A, 0xB3, 0x13, 0x7D, 0x66, 0x23, 0x16, 0x79, 0x2C, 0xE9, 0x1A, 0xB3,
    0x9B, 0x5D, 0x9A, 0x84, 0xF1, 0x84, 0xE1, 0x3B, 0x6E, 0x2E, 0x1A, 0x9B, 0xDB, 0xBE, 0x0C, 0xF6,
    0xEB, 0x05, 0x8A, 0xBC, 0x46, 0xDE, 0x9E, 0x1E, 0x9C, 0x60, 0x0B, 0x5C, 0x18, 0xD2, 0x15, 0xFE,
    0x14, 0x2D, 0x97, 0x22, 0x2F, 0x44, 0x8E, 0xEA, 0xF4, 0x4F, 0x82, 0xE7, 0x13, 0xB6, 0xA7, 0xB5,
    0xE8, 0xA3, 0x92, 0xD7, 0x90, 0xEC, 0x89, 0x43, 0x42, 0xAB, 0xE4, 0x47, 0xAC, 0x76, 0xB8, 0xC2,
    0x0E, 0xB0, 0x38, 0xDB, 0x27, 0xF7, 0x49, 0x6A, 0xFF, 0x30, 0x0F, 0xFF, 0x3F, 0x3B, 0xA9, 0xA2,
    0x88, 0x72, 0x35, 0xB9, 0xF9, 0x97, 0xD3, 0xF9, 0xFA, 0x54, 0x07, 0xCA, 0x03, 0x72, 0x26, 0x72,
    0xA8, 0x98, 0x7A, 0x1E, 0x2A, 0x0E, 0xBA, 0x84, 0xD9, 0xE8, 0x54, 0x5C, 0xEC, 0xF6, 0x31, 0x63,
    0x77, 0x0C, 0x26, 0x60, 0xB5, 0xD3, 0x96, 0x76, 0x39, 0xB5, 0x8D, 0x3F, 0x9C, 0x96, 0xD2, 0x75,
    0xAC, 0x3B, 0xE8, 0x42, 0x57, 0x6A, 0xE9, 0x87, 0xAA, 0xDA, 0x68, 0xBB, 0x7E, 0x2D, 0x16, 0x6B,
    0x1E, 0x4F, 0x12, 0xFB, 0xE1, 0xAB, 0x9D, 0x15, 0xFD, 0x2B, 0xED, 0x93, 0x8B, 0xC6, 0x2E, 0xD2,
    0x6E, 0xC0, 0x1D, 0x39, 0x1E, 0xD5, 0xD4, 0x6C, 0xF0, 0xD1, 0x64, 0x17, 0xB9, 0xB2, 0x61, 0x3E,
    0x41, 0xFA, 0x06, 0x21, 0xEF, 0x60, 0xB5, 0x9F, 0xE7, 0x56, 0x56, 0x9F, 0xDC, 0x68, 0x89, 0x59,
    0x59, 0x5D, 0xFE, 0xE1, 0x55, 0x2C, 0xF9, 0x24, 0x5A, 0x83, 0x88, 0xF0, 0x42, 0xFC, 0x56, 0xBB,
    0x5C, 0x22, 0xDF, 0x33, 0xAE, 0xA5, 0xEE, 0x7D, 0x49, 0x3D, 0xFE, 0xEC, 0x42, 0x07, 0xCA, 0x4F,
    0xE8, 0xBC, 0x4D, 0x00, 0xFF, 0x07, 0xD5, 0x98, 0x01, 0xC4, 0x26, 0x49, 0x7A, 0xC7, 0xFF, 0xDD,
    0x95, 0xEF, 0xEB, 0x93, 0x16, 0x75, 0xB8, 0xB9, 0xC4, 0x0C, 0xFA, 0x00, 0x21, 0x92, 0x06, 0x38,
    0x8C, 0xAD, 0x3E, 0x07, 0x08, 0x6E, 0xB0, 0x43, 0x24, 0x38, 0x00, 0xC0, 0x04, 0x10, 0xCC, 0x6E,
    0x77, 0x1C, 0x20, 0xB8, 0x0F, 0x09, 0x80, 0xC0, 0x82, 0x59, 0x0C, 0x04, 0x27, 0x66, 0xA6, 0x2B,
    0x07, 0x01, 0xA4, 0x25, 0x09, 0x38, 0x5C, 0x93, 0x6F, 0x91, 0x39, 0x6C, 0x91, 0x3E, 0x7A, 0x76,
    0xAB, 0xFB, 0x9F, 0x7A, 0x9E, 0x6A, 0xFB, 0xBE, 0xDF, 0xCE, 0x77, 0x3B, 0xD9, 0x19, 0xC9, 0xD9,
    0x9A, 0x6F, 0x7E, 0xBF, 0x67, 0xBA, 0xE7, 0xEB, 0xAE, 0x7A, 0xAA, 0xBA, 0x9E, 0xF7, 0xED, 0x91,
    0xB3, 0x63, 0xE8, 0x39, 0xB5, 0x9C, 0xED, 0x06, 0x10, 0x26, 0x02, 0x9B, 0xB0, 0x48, 0x3F, 0x3B,
    0xCC, 0xA2, 0x07, 0x03, 0xD0, 0x77, 0xF5, 0x04, 0xB8, 0xC1, 0x7A, 0xA0, 0xF5, 0xCD, 0x00, 0xD8,
    0xA9, 0x05, 0x50, 0x87, 0xF7, 0x12, 0x4D, 0x78, 0x2C, 0x5C, 0xD7, 0xC4, 0x62, 0x0B, 0x89, 0xE0,
    0x2C, 0x1C, 0xA7, 0x04, 0x47, 0xFA, 0x83, 0x49, 0x82, 0xAF, 0x66, 0x31, 0xAE, 0x89, 0x96, 0x9B,
    0x32, 0x0A, 0xE8, 0x1B, 0xAE, 0x49, 0x43, 0xC3, 0xA5, 0x18, 0x17, 0x14, 0xEC, 0xD0, 0x2E, 0x28,
    0xE5, 0x64, 0x44, 0xB5, 0x00, 0x66, 0x87, 0x9D, 0x21, 0x27, 0xDC, 0x20, 0x37, 0xF6, 0xBD, 0x5E,
    0x2F, 0x6C, 0x22, 0xFB, 0xF9, 0x2A, 0xAA, 0x72, 0xA7, 0x4A, 0x7A, 0x11, 0x38, 0xE4, 0x7F, 0x4D,
    0xF9, 0x5C, 0x10, 0xD9, 0x5F, 0x44, 0x91, 0xFB, 0xC9, 0x2E, 0x1A, 0x0B, 0x02, 0x92, 0x8B, 0xD1,
    0xCB, 0xF0, 0xE0, 0x66, 0x19, 0x31, 0x9A, 0x05, 0x68, 0x3C, 0xEA, 0x08, 0xB8, 0x4E, 0xEE, 0x5C,
    0xF2, 0x0A, 0x97, 0xBC, 0x6E, 0x19, 0xD1, 0x73, 0x73, 0x49, 0xA3, 0xF6, 0x1E, 0x28, 0xB3, 0x8A,
    0x78, 0x2E, 0xDC, 0xD4, 0x9A, 0xF5, 0x0F, 0x59, 0xDF, 0xD6, 0x91, 0x86, 0x86, 0x8B, 0xE5, 0x7C,
    0xC9, 0x0E, 0x3B, 0xD0, 0xFB, 0x72, 0x05, 0xDA, 0xB9, 0x0A, 0x40, 0xBD, 0xC8, 0x1C, 0x94, 0xD1,
    0xE9, 0x10, 0x9E, 0x0B, 0xDD, 0x22, 0xB4, 0x41, 0xD8, 0x46, 0xE1, 0x8B, 0x3D, 0xA1, 0x5C, 0xFB,
    0x01, 0xA8, 0x42, 0x3B, 0x49, 0x77, 0xE5, 0xB4, 0xEB, 0x64, 0x6A, 0x89, 0x92, 0x5D, 0xAB, 0xB7,
    0x70, 0x0C, 0x8E, 0x8B, 0x8E, 0x5F, 0x69, 0xC2, 0x97, 0x59, 0xCE, 0x27, 0x62, 0xEA, 0x49, 0xF9,
    0xBD, 0xED, 0x86, 0x2F, 0x79, 0xF5, 0xDC, 0x44, 0x13, 0x40, 0x1C, 0xC6, 0xE3, 0x33, 0xCF, 0xC9,
    0x7F, 0x98, 0x3C, 0x24, 0xEB, 0x02, 0xFB, 0x6D, 0xF8, 0x1E, 0xA5, 0x5D, 0x83, 0xB9, 0x15, 0x87,
    0x91, 0xDB, 0x61, 0xEC, 0x5F, 0xF2, 0xF3, 0x2F, 0xF9, 0xF1, 0xE1, 0xFB, 0x87, 0xBF, 0x23, 0xE3,
    0xAF, 0x19, 0xC7, 0x24, 0xCB, 0x55, 0x54, 0x71, 0x7A, 0x66, 0x83, 0x93, 0xB1, 0x67, 0xFD, 0x95,
    0x0D, 0xEF, 0x25, 0x7D, 0xDF, 0x86, 0xFB, 0xA0, 0xCE, 0xD2, 0xBB, 0xA8, 0xFD, 0xEC, 0xC9, 0x13,
    0x7E, 0x54, 0x52, 0xDA, 0x66, 0xB2, 0xA0, 0xED, 0x50, 0xCC, 0x7A, 0x76, 0xD2, 0xA9, 0xDF, 0xDF,
    0x3F, 0xD4, 0x33, 0x1A, 0xD2, 0x27, 0x55, 0xE4, 0x70, 0x97, 0x43, 0xF1, 0x74, 0x7D, 0x9B, 0xEE,
    0x74, 0xAA, 0xD1, 0xAB, 0xDC, 0x82, 0x26, 0xA9, 0x21, 0x99, 0x54, 0x65, 0xE1, 0xD1, 0xFE, 0xF7,
    0x22, 0xC0, 0x7E, 0x5D, 0x3D, 0xFA, 0xAC, 0x4B, 0xB4, 0xE4, 0x94, 0xD4, 0xA8, 0x24, 0xC8, 0xB2,
    0xFE, 0x16, 0xD5, 0x87, 0x06, 0x55, 0x95, 0x55, 0x80, 0xF4, 0xE4, 0xA4, 0x1C, 0xEE, 0x6D, 0xF2,
    0xF0, 0x9A, 0x08, 0x1B, 0x7E, 0x23, 0x4B, 0x0A, 0xC1, 0x97, 0x63, 0xA2, 0x3B, 0x46, 0xF3, 0x34,
    0xE4, 0xAE, 0xDD, 0xCE, 0x46, 0xFA, 0x6A, 0x78, 0x0C, 0xFC, 0xEC, 0x44, 0x3D, 0x9F, 0x58, 0x4D,
    0x42, 0x93, 0xE9, 0x85, 0xE5, 0x31, 0x05, 0xA2, 0xFA, 0x2D, 0x67, 0x22, 0xA8, 0x3A, 0xD5, 0xE8,
    0x55, 0x6E, 0x0D, 0x4D, 0x52, 0x9B, 0xA7, 0xA0, 0xCE, 0xC2, 0x78, 0xCC, 0x44, 0xB0, 0xB7, 0xEB,
    0x2B, 0x66, 0x62, 0xEF, 0xF2, 0x14, 0xF8, 0xA4, 0x36, 0xA7, 0x73, 0xE4, 0xA4, 0xF4, 0x7F, 0xB4,
    0xA1, 0x5D, 0x7F, 0x73, 0x46, 0x37, 0xAB, 0x19, 0xFD, 0x51, 0x22, 0x72, 0x47, 0x9C, 0xF2, 0x92,
    0x9F, 0x26, 0xC2, 0xDA, 0x73, 0x9E, 0x67, 0xF4, 0xD7, 0x09, 0x85, 0xCE, 0xBA, 0x49, 0xEC, 0xF3,
    0x2A, 0xEF, 0x19, 0x45, 0xDF, 0x65, 0x27, 0x02, 0xF1, 0xBF, 0xD6, 0x5D, 0x5E, 0x89, 0xC8, 0x2D,
    0x8B, 0x5D, 0xD2, 0x55, 0x41, 0x9F, 0x04, 0xB8, 0x49, 0xD5, 0xCC, 0x6F, 0xFD, 0x6C, 0x5E, 0xF2,
    0xA3, 0xF4, 0x6C, 0x76, 0x8E, 0xB1, 0xCC, 0xF3, 0x69, 0x92, 0x2E, 0x47, 0x68, 0xF9, 0x13, 0xF6,
    0xCA, 0x0B, 0x25, 0xDE, 0xC4, 0x3B, 0x5D, 0x62, 0xCD, 0x25, 0xB1, 0xE7, 0x9E, 0xB8, 0xFF, 0x05,
    0xB5, 0xA4, 0x72, 0x00, 0x3B, 0xF4, 0x89, 0x52, 0x2B, 0xDF, 0x85, 0x05, 0xAF, 0xD0, 0xA7, 0x8A,
    0xB5, 0x1A, 0xD2, 0x71, 0xA9, 0x48, 0x40, 0x6A, 0x58, 0x4E, 0x3B, 0xBB, 0xBC, 0x70, 0x66, 0x48,
    0x99, 0xED, 0x17, 0x60, 0x1C, 0x50, 0x6B, 0xED, 0x80, 0xD9, 0xFE, 0xD8, 0x44, 0xA0, 0xD8, 0x1F,
    0x9B, 0x15, 0x00, 0x63, 0xBD, 0x88, 0xB6, 0x3A, 0x88, 0x8E, 0x36, 0x2A, 0xF7, 0x46, 0xB5, 0xDD,
    0xBE, 0xAE, 0xEA, 0x25, 0x6B, 0x55, 0x55, 0x51, 0x65, 0x76, 0x55, 0xC9, 0x41, 0x2D, 0x39, 0xF8,
    0x03, 0xC9, 0xDE, 0xCB, 0x8F, 0x63, 0xDE, 0x5C, 0xE2, 0x69, 0x73, 0xE9, 0xA9, 0x2B, 0xB3, 0x78,
    0x28, 0xC4, 0x43, 0x41, 0xA3, 0x27, 0x74, 0x9A, 0x0D, 0x53, 0xD2, 0xBE, 0x55, 0x2F, 0x60, 0x97,
    0xB6, 0x62, 0xF4, 0x3E, 0x36, 0x13, 0x9C, 0xDF, 0x5A, 0x9F, 0x48, 0x69, 0xBE, 0x57, 0x5E, 0x8E,
    0x2F, 0x9F, 0x3C, 0xE9, 0x6E, 0x7E, 0x0E, 0x99, 0x84, 0xED, 0x2C, 0x6C, 0x72, 0x75, 0xDD, 0x84,
    0x15, 0x3F, 0x79, 0x34, 0xE0, 0x48, 0x50, 0xCB, 0xED, 0x74, 0xF7, 0x9C, 0x3A, 0x8C, 0x24, 0x72,
    0x07, 0xA5, 0xE8, 0xAE, 0xE8, 0x03, 0xD0, 0xE7, 0x8F, 0x0A, 0x9A, 0xBA, 0xDF, 0x2B, 0x37, 0x49,
    0xDD, 0xFD, 0x5C, 0x97, 0x9E, 0x55, 0xE7, 0x19, 0xDC, 0x6F, 0x64, 0xB0, 0x57, 0xEE, 0xF7, 0xBE,
    0x7E, 0x06, 0xB7, 0x23, 0x83, 0x2A, 0x70, 0x52, 0xF5, 0x7B, 0x77, 0xF1, 0x0C, 0x68, 0x4F, 0x19,
    0x5C, 0x72, 0x77, 0x07, 0xFD, 0xBF, 0x57, 0xE7, 0x75, 0xEF, 0xD0, 0x76, 0x5B, 0x0D, 0x39, 0x74,
    0x1F, 0x67, 0x29, 0x9F, 0xF5, 0x4A, 0x11, 0x28, 0x25, 0xE5, 0xBF, 0x63, 0x56, 0xB0, 0xBB, 0x5F,
    0x07, 0xF4, 0xC3, 0x33, 0x3B, 0xC3, 0xDD, 0x92, 0x78, 0xF7, 0x86, 0xC4, 0x07, 0x61, 0xB3, 0x0A,
    0x2D, 0xBB, 0xCB, 0x0E, 0x46, 0x53, 0x5E, 0x24, 0xCA, 0x69, 0x2E, 0xA7, 0xFE, 0xC5, 0xD7, 0xF8,
    0xB3, 0x13, 0xA5, 0xE4, 0xF5, 0xDC, 0x7A, 0x46, 0xD9, 0x00, 0x88, 0xB7, 0xFD, 0x91, 0xE7, 0xDB,
    0x71, 0xCB, 0xDB, 0xD0, 0x1D, 0x5C, 0x74, 0xD0, 0x36, 0xC2, 0xCE, 0x39, 0xD2, 0x9A, 0x91, 0x8F,
    0x4D, 0x7D, 0x3E, 0x76, 0x7C, 0xE2, 0xCD, 0x8B, 0xE3, 0x15, 0xBE, 0x46, 0x2B, 0x56, 0x58, 0x12,
    0xE5, 0x02, 0xC3, 0x4E, 0xA2, 0x26, 0xC2, 0xA4, 0x74, 0x71, 0x81, 0x93, 0x28, 0x48, 0xB2, 0x74,
    0x1A, 0x97, 0x14, 0x15, 0xBA, 0x0A, 0x63, 0x8A, 0x8C, 0xA6, 0xE5, 0x45, 0x8A, 0x74, 0x25, 0xC1,
    0xA5, 0x28, 0xD7, 0xC6, 0xC6, 0x3B, 0xEF, 0xB4, 0xD3, 0x76, 0x72, 0xBE, 0xCF, 0xEB, 0x24, 0x38,
    0x1F, 0x8F, 0xA5, 0x42, 0x6A, 0xAE, 0x35, 0xCD, 0xF9, 0x58, 0xFD, 0xEB, 0xFE, 0x3F, 0xA8, 0x51,
    0x33, 0x3B, 0x3F, 0x76, 0x79, 0x8A, 0xE4, 0x8F, 0x0E, 0x72, 0x70, 0xBE, 0xD1, 0x61, 0x52, 0xEE,
    0xB1, 0xE8, 0xB2, 0x4B, 0x91, 0x2E, 0xC1, 0x5A, 0xFB, 0xB2, 0xEB, 0xA3, 0xA3, 0x3D, 0xED, 0x00,
    0x37, 0x4B, 0x34, 0x4E, 0x00, 0xBD, 0x44, 0x2E, 0xC8, 0xD8, 0x8A, 0xF1, 0xBF, 0x60, 0x23, 0xEC,
    0x26, 0xE3, 0xED, 0x2A, 0x76, 0x6E, 0x91, 0x08, 0x05, 0x27, 0x4D, 0xB1, 0x26, 0x1B, 0xB8, 0x38,
    0x12, 0xEE, 0x34, 0xDD, 0xEA, 0xA0, 0xEE, 0x1A, 0x75, 0x33, 0xF5, 0xC7, 0x67, 0xF8, 0xA3, 0x30,
    0x8C, 0xEB, 0x6D, 0x59, 0xED, 0xA0, 0xD7, 0xAA, 0x56, 0xC3, 0x0D, 0xBD, 0xAF, 0x68, 0xB8, 0x16,
    0xF4, 0x65, 0x3F, 0x58, 0x6F, 0x5E, 0x0D, 0xB0, 0x5E, 0xFE, 0x00, 0x66, 0xB6, 0xBE, 0xE9, 0x80,
    0x72, 0xB1, 0xFE, 0x3D, 0x5D, 0x56, 0xD6, 0x3F, 0x13, 0x7F, 0x60, 0xFD, 0x7A, 0x4C, 0x6C, 0x10,
    0x8F, 0x39, 0x59, 0xC5, 0x6A, 0xFD, 0x96, 0x6C, 0x16, 0xEB, 0xC7, 0xE4, 0x2A, 0x58, 0xEF, 0x06,
    0xC0, 0xA6, 0xEB, 0xB4, 0x1E, 0x3A, 0x09, 0x5A, 0x9E, 0xD3, 0x7D, 0xEA, 0x15, 0x05, 0xD1, 0x4C,
    0x66, 0x43, 0x15, 0x4B, 0x46, 0x70, 0x68, 0x83, 0x49, 0x76, 0xF3, 0x45, 0xEE, 0x5F, 0xE7, 0xB8,
    0xA3, 0xD8, 0x1C, 0x25, 0x29, 0xAD, 0x4C, 0x39, 0x41, 0x80, 0xC2, 0x72, 0xBF, 0x00, 0x65, 0xD6,
    0x13, 0xED, 0x2C, 0x74, 0x83, 0x70, 0x84, 0x30, 0x0A, 0xCD, 0x2A, 0xD4, 0x92, 0xAD, 0xB3, 0x2A,
    0x64, 0x62, 0x77, 0x8F, 0xBA, 0xF3, 0x8F, 0xB3, 0xB0, 0x0D, 0x42, 0xBB, 0x08, 0xAB, 0x55, 0x68,
    0xE2, 0xEB, 0x2C, 0xF8, 0x51, 0xA2, 0x6C, 0x73, 0x66, 0x75, 0x89, 0xD5, 0x72, 0x56, 0xA0, 0xA7,
    0xD3, 0x43, 0xAB, 0x59, 0xAF, 0x36, 0xE9, 0xFD, 0x98, 0x77, 0x15, 0x39, 0xDC, 0x1E, 0x6B, 0xFE,
    0x01, 0x39, 0x55, 0x91, 0xF4, 0x4D, 0xFC, 0xFD, 0x0D, 0xEE, 0xCF, 0x4C, 0x44, 0x84, 0x89, 0x65,
    0x48, 0x30, 0x53, 0x42, 0xED, 0x13, 0xAC, 0x3E, 0xE3, 0xD7, 0x02, 0xC2, 0xEC, 0x1F, 0xD3, 0x9B,
    0x88, 0x3E, 0x24, 0xD8, 0x25, 0xA1, 0x5E, 0x13, 0x4C, 0x54, 0x54, 0x5B, 0xC2, 0xC8, 0xC9, 0x44,
    0x0A, 0x00, 0xE8, 0xA0, 0xB5, 0x77, 0xBA, 0xF0, 0x75, 0x95, 0x48, 0xE6, 0xA5, 0x6A, 0xE1, 0xDE,
    0x0E, 0x14, 0x5C, 0x8F, 0x7F, 0xB5, 0xD4, 0xE2, 0xE1, 0x44, 0x13, 0x7E, 0x37, 0x71, 0x3B, 0x56,
    0xD4, 0x1B, 0xF4, 0xE1, 0x0D, 0x3D, 0xBF, 0xA1, 0x78, 0x8B, 0x8A, 0x55, 0x55, 0x2E, 0x2A, 0x13,
    0x54, 0x55, 0x96, 0x9D, 0x55, 0x8D, 0x17, 0x7D, 0xCF, 0x0D, 0xA2, 0x17, 0x84, 0x88, 0x1B, 0xE4,
    0x83, 0x04, 0x17, 0xFD, 0x24, 0x39, 0x4E, 0xA8, 0x93, 0xE4, 0x21, 0x40, 0x3B, 0x21, 0xA7, 0x3C,
    0xAB, 0x53, 0x8D, 0xB7, 0x7C, 0x93, 0x2C, 0x82, 0x0A, 0x79, 0xBF, 0xE4, 0x5C, 0xE6, 0xB1, 0x8E,
    0xB9, 0x2A, 0x86, 0xDC, 0x1D, 0xE5, 0x7C, 0x62, 0x95, 0x39, 0x09, 0x6B, 0xA5, 0xF5, 0x27, 0x36,
    0x83, 0xD0, 0x75, 0x89, 0xDF, 0xEE, 0x91, 0xF8, 0x8F, 0x9B, 0x90, 0x11, 0xED, 0x3E, 0x30, 0x14,
    0xD2, 0x55, 0x6F, 0x8E, 0x9E, 0xB6, 0x67, 0x4B, 0x23, 0x77, 0xF3, 0xC3, 0xB3, 0x42, 0xB2, 0x28,
    0x03, 0x7A, 0x46, 0x7D, 0xEA, 0x0F, 0xE3, 0x2E, 0x07, 0x5C, 0x8C, 0x33, 0x40, 0xFD, 0xE5, 0x77,
    0xB0, 0xB4, 0xDB, 0x2C, 0xE7, 0xDF, 0xD9, 0x52, 0x09, 0xD4, 0x8E, 0x51, 0xDD, 0xAB, 0x07, 0x68,
    0xEB, 0xBB, 0xEC, 0x31, 0x0B, 0xCC, 0x32, 0x5B, 0x76, 0xBB, 0xAA, 0x46, 0x06, 0x75, 0xCF, 0x41,
    0xAD, 0x85, 0xAE, 0xE7, 0x52, 0x93, 0x49, 0xA1, 0xE6, 0x8E, 0x4B, 0x76, 0x85, 0xEE, 0x96, 0x72,
    0x8F, 0x37, 0x28, 0xB5, 0x33, 0x3D, 0x7C, 0xD8, 0x1F, 0xE7, 0xBE, 0x5A, 0x05, 0xAF, 0x44, 0x2D,
    0xD7, 0x3C, 0x8A, 0x45, 0x24, 0xED, 0x18, 0x4B, 0x9F, 0x35, 0x76, 0x2A, 0x9E, 0xBF, 0xCD, 0xA8,
    0xA3, 0xB0, 0x18, 0x83, 0xA8, 0xA1, 0x17, 0xD5, 0xF2, 0xB4, 0x1F, 0x73, 0xE9, 0x0F, 0x77, 0x79,
    0x4E, 0xAF, 0xBF, 0x19, 0x73, 0x9A, 0x6A, 0x91, 0x3B, 0xF5, 0x5F, 0x8D, 0xF3, 0x14, 0x80, 0x59,
    0xD8, 0xB2, 0xCA, 0x98, 0x6D, 0xC2, 0xE1, 0x39, 0xBB, 0xF2, 0xD9, 0xC5, 0x6F, 0x67, 0x4E, 0xFB,
    0x6B, 0x99, 0x53, 0xA3, 0x4F, 0xD6, 0x72, 0xAA, 0x88, 0x4A, 0xEC, 0x59, 0x51, 0x59, 0x2C, 0xAA,
    0x32, 0xA8, 0xCC, 0x94, 0x35, 0xE0, 0x1B, 0xF2, 0x7A, 0x00, 0xA7, 0x2F, 0xA5, 0xEE, 0x50, 0x1E,
    0x42, 0x7B, 0xC8, 0xAB, 0x9A, 0x2C, 0x7B, 0x68, 0x50, 0xD5, 0x59, 0x05, 0x00, 0xF2, 0x9F, 0x48,
    0x4F, 0xFE, 0x35, 0x53, 0x8D, 0xDC, 0xF0, 0xE3, 0xFF, 0x83, 0xD7, 0x03, 0x8F, 0xE4, 0xD9, 0xA8,
    0xB5, 0x8F, 0x56, 0x99, 0x0F, 0xD7, 0x67, 0xAC, 0xE6, 0xD3, 0x1C, 0x64, 0x96, 0x3E, 0x45, 0x24,
    0x50, 0x90, 0x39, 0x28, 0xB9, 0x03, 0x8F, 0x28, 0x85, 0x72, 0x96, 0x2B, 0x0D, 0xA8, 0xF4, 0x62,
    0x09, 0xF5, 0xA7, 0x12, 0xFC, 0xD2, 0xEB, 0x5F, 0xD8, 0x9F, 0xCE, 0x68, 0x7E, 0xAC, 0x41, 0x40,
    0x2B, 0x09, 0x68, 0xFE, 0x26, 0xE0, 0x3D, 0x2B, 0xC1, 0x0F, 0x17, 0x7C, 0x60, 0x27, 0xA0, 0xFD,
    0x61, 0x44, 0xD4, 0xE0, 0x07, 0x11, 0xAB, 0x9D, 0x53, 0x80, 0xAD, 0x58, 0x24, 0x70, 0xD8, 0x4D,
    0xC8, 0x41, 0x6F, 0xE6, 0x3A, 0x48, 0xE0, 0xFE, 0xD4, 0xE7, 0xA0, 0xFD, 0xE9, 0x11, 0x34, 0xBF,
    0xEC, 0xAA, 0x14, 0xF4, 0xB0, 0x84, 0x04, 0x1F, 0xA2, 0x3E, 0x02, 0x48, 0x81, 0x5E, 0x80, 0x17,
    0x30, 0x51, 0x83, 0xE7, 0x28, 0x56, 0x09, 0xCA, 0xFD, 0x01, 0xE6, 0x54, 0x8F, 0x07, 0xC7, 0xA8,
    0xE3, 0x0A, 0x1A, 0x94, 0x9A, 0xC4, 0xF3, 0xD7, 0x3B, 0x79, 0xF2, 0x4E, 0x75, 0x4E, 0x83, 0xC3,
    0xF8, 0xE0, 0x30, 0xE2, 0x61, 0x84, 0xC3, 0x78, 0xA0, 0xBB, 0x51, 0xC1, 0xC5, 0x72, 0xD2, 0x2C,
    0x31, 0xA0, 0x22, 0xC0, 0x05, 0x76, 0x04, 0xB6, 0x15, 0x8D, 0x03, 0x62, 0xC4, 0x9F, 0x88, 0x5E,
    0xE0, 0xBE, 0xC8, 0xE1, 0x67, 0xA2, 0x76, 0x08, 0x22, 0xFB, 0xF3, 0xAC, 0x7F, 0x9B, 0x44, 0xD5,
    0xE7, 0x5E, 0x64, 0xD8, 0x89, 0x0A, 0x42, 0x84, 0x2D, 0xEB, 0x71, 0x52, 0xB1, 0x75, 0x40, 0x7F,
    0xD5, 0x32, 0xA0, 0xE6, 0xE6, 0x38, 0xA3, 0xE1, 0x8D, 0x57, 0xBE, 0x66, 0xCD, 0x0A, 0xAA, 0x6A,
    0x3A, 0x7F, 0x53, 0x65, 0xBB, 0x2C, 0xF4, 0xDC, 0x46, 0xC6, 0xEF, 0x72, 0x00, 0xF1, 0xEE, 0x3F,
    0x25, 0xFF, 0x56, 0x2F, 0xB8, 0x01, 0xEF, 0xE3, 0x8E, 0xEE, 0x54, 0xBA, 0xA9, 0x9B, 0x24, 0x2F,
    0xE9, 0xFE, 0x81, 0xD6, 0x1D, 0x92, 0x89, 0xB8, 0xC7, 0x6B, 0xBC, 0xA9, 0xD5, 0xDD, 0x79, 0x49,
    0xA0, 0x17, 0x16, 0xCC, 0xCB, 0xF4, 0xF3, 0x20, 0x32, 0xFF, 0xAD, 0xAA, 0xFF, 0x73, 0x15, 0xD9,
    0x7F, 0x8D, 0xA2, 0xC6, 0x6F, 0xB9, 0xA0, 0xEC, 0x2A, 0x8C, 0xA2, 0x31, 0x5F, 0x66, 0xCF, 0x7D,
    0x89, 0x68, 0x27, 0xED, 0x59, 0x33, 0x7F, 0xB1, 0x2B, 0xD8, 0xA4, 0x25, 0xE9, 0xB3, 0x27, 0x1F,
    0x47, 0x5D, 0x09, 0x26, 0x57, 0xD8, 0x72, 0x07, 0x7A, 0xE8, 0x20, 0x77, 0xDD, 0x96, 0x8B, 0x4D,
    0x3B, 0x55, 0xED, 0x1D, 0x8A, 0xF1, 0x5A, 0xD6, 0x92, 0x23, 0x7B, 0xAE, 0xE8, 0xC9, 0x46, 0x1E,
    0x23, 0x27, 0x79, 0x77, 0xB2, 0x4E, 0xDB, 0xA9, 0x99, 0x51, 0x93, 0xC3, 0x6B, 0x5F, 0x0E, 0x2E,
    0xDE, 0x97, 0x52, 0xC6, 0x41, 0x6E, 0x1B, 0xE0, 0x5E, 0xF5, 0x0B, 0x28, 0x1F, 0xD3, 0xD9, 0x49,
    0xBE, 0x90, 0x80, 0x13, 0xEE, 0x32, 0xA2, 0x64, 0x42, 0x23, 0xE8, 0xAF, 0x4D, 0x04, 0x3B, 0x01,
    0xBE, 0x40, 0x67, 0x23, 0xC6, 0x4F, 0x46, 0xF9, 0xBE, 0xB8, 0xCA, 0xF6, 0x3F, 0x8D, 0xD3, 0x31,
    0x0D, 0x11, 0x7A, 0x19, 0x1A, 0xBE, 0x26, 0x3D, 0xF7, 0xA6, 0xD6, 0x9C, 0x97, 0xA3, 0x63, 0x16,
    0xCA, 0x2C, 0xC3, 0x59, 0x54, 0xFD, 0x22, 0x88, 0xEC, 0x3F, 0x2F, 0xA2, 0xE6, 0x27, 0xAB, 0xA8,
    0xCD, 0x85, 0xCA, 0x69, 0xB6, 0xF0, 0x1C, 0xBB, 0x28, 0x62, 0xCC, 0x5F, 0x34, 0xFB, 0x0E, 0x30,
    0xB9, 0xF6, 0x4B, 0x9A, 0x92, 0x8E, 0xF7, 0x3E, 0x36, 0x4F, 0x46, 0xFB, 0xF2, 0xC9, 0xD3, 0x45,
    0x1F, 0xC3, 0x6A, 0x05, 0xFA, 0x9C, 0x86, 0x3D, 0x7F, 0x14, 0xD8, 0x80, 0x82, 0xB9, 0x0E, 0x12,
    0xD5, 0xD6, 0xE1, 0x92, 0xFF, 0xDE, 0x33, 0xE8, 0x72, 0x4E, 0x1A, 0xB9, 0xE9, 0x17, 0x2A, 0x17,
    0x5C, 0x38, 0x83, 0x1E, 0x93, 0xF6, 0xDA, 0x2C, 0xF0, 0xFF, 0x63, 0x16, 0x90, 0x5F, 0xFA, 0x9C,
    0x07, 0xD5, 0x17, 0xC1, 0xA7, 0x21, 0x17, 0x0A, 0xFB, 0x2F, 0x21, 0x3F, 0xA4, 0xED, 0x8F, 0x42,
    0x2E, 0xE8, 0x4E, 0xB6, 0x7E, 0x4D, 0x60, 0x0A, 0xF2, 0xF3, 0x7D, 0x04, 0x26, 0x1C, 0x41, 0x35,
    0xE7, 0x40, 0x46, 0x98, 0xBF, 0x50, 0xB7, 0x43, 0x0A, 0xA2, 0xAE, 0xFD, 0x7C, 0xE4, 0xF8, 0xC2,
    0xA0, 0x63, 0xA5, 0x06, 0x26, 0x07, 0xA7, 0x92, 0x08, 0x3B, 0x1D, 0xFF, 0xA7, 0xF5, 0x12, 0x14,
    0x01, 0x0E, 0x12, 0x94, 0x01, 0xBB, 0x06, 0x26, 0x14, 0x51, 0x83, 0x2A, 0x48, 0xD2, 0x1F, 0xC9,
    0x7C, 0xF5, 0x0C, 0x3A, 0x8A, 0x69, 0x64, 0xA8, 0xF3, 0x70, 0x2E, 0x1E, 0xC8, 0x4F, 0x31, 0xEE,
    0xE8, 0x29, 0x93, 0xFA, 0x73, 0x72, 0x4A, 0x89, 0xFD, 0xD5, 0xAB, 0x31, 0x8C, 0xBE, 0xA6, 0xB7,
    0x0B, 0x3B, 0x43, 0x54, 0x6B, 0x0F, 0xB3, 0xC3, 0xC4, 0x0B, 0x98, 0x2D, 0x49, 0x52, 0x7C, 0xE7,
    0x69, 0x44, 0xF1, 0x94, 0xD2, 0xF7, 0x31, 0xF1, 0xE5, 0x83, 0x9A, 0xBF, 0xD2, 0x61, 0x48, 0xAA,
    0x65, 0x05, 0xAA, 0x88, 0x72, 0x57, 0x15, 0x14, 0x75, 0x5A, 0x8D, 0x24, 0xE9, 0xFB, 0x9F, 0xAF,
    0x8E, 0xBB, 0xA5, 0xEC, 0xC3, 0x4B, 0x49, 0x4E, 0x78, 0x98, 0x67, 0xF8, 0x3B, 0xFA, 0x45, 0x3E,
    0x42, 0x8A, 0xCB, 0x86, 0x26, 0xC8, 0xA5, 0xFA, 0x39, 0xD7, 0xEF, 0x37, 0xBC, 0x25, 0xD1, 0xC9,
    0x3A, 0x78, 0x57, 0x09, 0x02, 0xCD, 0x19, 0xAD, 0xF2, 0x5B, 0x4A, 0xDC, 0x4A, 0x32, 0x9C, 0xF3,
    0x38, 0x7E, 0x3B, 0x4B, 0x65, 0xE5, 0x85, 0xB5, 0xD2, 0x2A, 0x1B, 0x7F, 0xC9, 0xD4, 0x06, 0x27,
    0xEC, 0x72, 0x7F, 0x8A, 0x0E, 0xEF, 0xCB, 0xE9, 0x5D, 0x40, 0xD8, 0xB9, 0xDC, 0x51, 0x2D, 0xD5,
    0x86, 0x42, 0x37, 0xB2, 0x66, 0xEF, 0x70, 0xD6, 0x8A, 0x87, 0x09, 0x2D, 0xE7, 0xBC, 0x84, 0x6B,
    0x79, 0xB5, 0xDB, 0xCC, 0x60, 0xE7, 0x3C, 0xFA, 0xC1, 0x75, 0x70, 0x7E, 0x44, 0x02, 0x53, 0x53,
    0x0C, 0x7C, 0x92, 0xDE, 0x92, 0x69, 0xC7, 0x32, 0xBA, 0xE3, 0xAB, 0x2C, 0xFA, 0x29, 0xC1, 0xAD,
    0x09, 0x96, 0x7F, 0xF7, 0xA8, 0xAB, 0x34, 0x2B, 0x23, 0x57, 0xB9, 0x47, 0x77, 0xEC, 0xEC, 0xA5,
    0x74, 0x13, 0x36, 0x71, 0x4E, 0xD3, 0x87, 0x7E, 0xD5, 0x61, 0x6D, 0xD0, 0x02, 0x8C, 0xBF, 0x3C,
    0x2E, 0x25, 0x37, 0x3C, 0x7D, 0x74, 0x6A, 0x66, 0xA1, 0xCD, 0x0C, 0x23, 0x25, 0x59, 0x3C, 0xA7,
    0x9E, 0x15, 0x36, 0xCA, 0x76, 0x12, 0xE6, 0xB7, 0x44, 0xFD, 0x20, 0xDB, 0x3B, 0xE1, 0x26, 0xD9,
    0x22, 0xDA, 0x05, 0xF5, 0x2A, 0xBD, 0x1B, 0xE7, 0xA3, 0x27, 0x90, 0xFD, 0xF9, 0x48, 0x82, 0xAC,
    0x4F, 0x14, 0x72, 0xB4, 0xD1, 0xA7, 0xFE, 0x93, 0x31, 0xE2, 0x19, 0xAA, 0x1D, 0xDF, 0x03, 0x78,
    0x6C, 0x75, 0x47, 0xD5, 0x71, 0x5E, 0x21, 0x7D, 0x39, 0xCF, 0x0C, 0xE0, 0x04, 0x7D, 0x37, 0x76,
    0x20, 0x7A, 0x5F, 0x6E, 0x70, 0xAF, 0x1E, 0xC9, 0x1D, 0x73, 0x7E, 0x3B, 0xE0, 0xCE, 0x83, 0xFC,
    0x26, 0x2C, 0x91, 0x9E, 0xFE, 0x26, 0xF3, 0xF1, 0xDB, 0xDB, 0x37, 0x20, 0x81, 0xFF, 0x03, 0xD5,
    0x58, 0x37, 0xB0, 0xE4, 0xB8, 0x15, 0x6C, 0x0E, 0xF5, 0x97, 0x75, 0xC5, 0x52, 0xF1, 0xBC, 0xBF,
    0xA3, 0x32, 0x79, 0x31, 0x94, 0x17, 0x20, 0x1F, 0xCA, 0xFB, 0x3C, 0xFE, 0xA1, 0xEC, 0x2E, 0x19,
    0xCB, 0x6E, 0xA4, 0x50, 0x5E, 0x4A, 0x2F, 0x94, 0x17, 0x21, 0xE5, 0x55, 0x47, 0xD9, 0x78, 0x82,
    0xF3, 0x11, 0x02, 0x56, 0x1D, 0x77, 0x8B, 0xC3, 0xD6, 0xF4, 0x23, 0x67, 0xE7, 0xFB, 0x75, 0xB2,
    0xD8, 0xCF, 0x6E, 0x2C, 0xC8, 0x07, 0x3C, 0x83, 0x07, 0x33, 0x45, 0x28, 0x02, 0x5C, 0x74, 0xF1,
    0x08, 0x58, 0xDB, 0xC9, 0x72, 0xF0, 0x71, 0x20, 0x21, 0x3D, 0x4A, 0x32, 0xA2, 0x7E, 0xBE, 0x1D,
    0xF1, 0x2B, 0x64, 0x13, 0xB6, 0xCD, 0xD4, 0xFB, 0xD6, 0x03, 0xA8, 0x1B, 0x00, 0x2E, 0x18, 0xB4,
    0x24, 0x03, 0x77, 0xD0, 0x10, 0x70, 0x82, 0xDA, 0xB7, 0x1E, 0x44, 0x1D, 0x56, 0x1B, 0xB8, 0x6B,
    0x87, 0x03, 0x0A, 0x72, 0x8D, 0x95, 0x7A, 0xC6, 0x43, 0x1F, 0x87, 0x8A, 0x83, 0x33, 0x06, 0x18,
    0x18, 0xCE, 0xAF, 0xD9, 0x77, 0xB7, 0x5E, 0x56, 0xBD, 0x74, 0x47, 0xB6, 0x96, 0xDA, 0x15, 0xB7,
    0x4F, 0x8F, 0x8C, 0x4D, 0xCE, 0x1E, 0xB5, 0x6A, 0x41, 0x9A, 0xB3, 0x47, 0x92, 0xC7, 0x6D, 0x6D,
    0x35, 0xDC, 0x0B, 0xA4, 0xFD, 0xB6, 0x96, 0x45, 0x49, 0x8F, 0x70, 0x8B, 0x5B, 0xAE, 0x6C, 0x6B,
    0x65, 0xB3, 0x28, 0x10, 0x66, 0x15, 0x8A, 0xE0, 0xC2, 0xEF, 0xAC, 0x96, 0x75, 0x2E, 0x0C, 0x56,
    0x4B, 0x49, 0xC6, 0xB9, 0x8D, 0xE4, 0xDC, 0x56, 0x3C, 0x5F, 0xFF, 0x63, 0xB4, 0x5A, 0xB5, 0x95,
    0x20, 0x60, 0x4E, 0x73, 0xA1, 0xF6, 0xAA, 0x51, 0xFD, 0x05, 0xA9, 0x3A, 0x69, 0x8C, 0xB5, 0x44,
    0x6D, 0xDC, 0x5E, 0xA2, 0xA6, 0xCB, 0x28, 0x51, 0xE9, 0x97, 0x52, 0x4E, 0xEF, 0x4C, 0xE7, 0x06,
    0x09, 0x1B, 0xD5, 0xDA, 0x0E, 0x19, 0x91, 0xB4, 0x2F, 0xC3, 0xF5, 0x28, 0x47, 0xB3, 0xB7, 0x98,
    0xD0, 0x46, 0x54, 0x24, 0x52, 0x36, 0x0F, 0x79, 0x58, 0x79, 0x08, 0xD8, 0x85, 0xD9, 0x62, 0x7E,
    0x16, 0xDB, 0xFB, 0x73, 0x4B, 0xE2, 0x85, 0x07, 0x28, 0xFA, 0x94, 0x0A, 0x67, 0x31, 0xA5, 0xDC,
    0x24, 0x0C, 0xF7, 0xB4, 0xBE, 0x08, 0xE9, 0xB5, 0x46, 0xE2, 0xD6, 0x41, 0xB6, 0x2E, 0x42, 0xE9,
    0x81, 0x34, 0x16, 0xB3, 0xB3, 0x86, 0x62, 0x76, 0xD5, 0xEF, 0x8B, 0xD9, 0x51, 0x35, 0xD9, 0x8B,
    0x49, 0x8E, 0xEA, 0x78, 0xFB, 0x7E, 0x82, 0x7C, 0x5F, 0x84, 0x16, 0x40, 0x2E, 0xB9, 0x06, 0x28,
    0xBB, 0x22, 0x54, 0x1D, 0x2C, 0x0C, 0x45, 0x04, 0x34, 0x4E, 0x36, 0x60, 0x45, 0x94, 0xDD, 0x6A,
    0x42, 0x3E, 0xAE, 0x38, 0x81, 0x8D, 0x8B, 0xE9, 0x96, 0x5D, 0x3C, 0xF0, 0x8B, 0x96, 0x23, 0x46,
    0xA4, 0x4C, 0x79, 0x04, 0xAC, 0xED, 0xCC, 0xF2, 0x04, 0x7F, 0xA4, 0x68, 0x4D, 0xF2, 0x1C, 0x43,
    0xF9, 0x1C, 0xDA, 0xAE, 0x0A, 0x28, 0x63, 0xD5, 0xA0, 0x88, 0x15, 0xB6, 0x90, 0x6F, 0x41, 0x81,
    0x91, 0x2A, 0x72, 0x39, 0x12, 0x02, 0x05, 0x47, 0x01, 0xBD, 0x84, 0x03, 0x20, 0x8F, 0x5B, 0xC4,
    0x80, 0x6C, 0x90, 0x2D, 0xA3, 0xC1, 0x5B, 0x05, 0x57, 0xD4, 0x46, 0x8F, 0x22, 0xB2, 0x83, 0x5B,
    0xD7, 0xD3, 0x67, 0xD9, 0x94, 0x1A, 0x72, 0xA5, 0x44, 0xC0, 0xC1, 0xA7, 0x67, 0xCF, 0xBB, 0xB8,
    0xFF, 0x77, 0x32, 0x12, 0xFA, 0x68, 0x25, 0xFD, 0xC8, 0xE8, 0x9E, 0x6F, 0x87, 0xCB, 0xC8, 0xC7,
    0x7B, 0x6D, 0x90, 0xB4, 0x97, 0xC3, 0x81, 0xAA, 0x81, 0xA3, 0x87, 0x53, 0x8F, 0xA5, 0xDA, 0xF4,
    0x6E, 0x7C, 0x70, 0xFB, 0xFC, 0x6E, 0xFB, 0x4C, 0xC8, 0x7B, 0x3E, 0xDF, 0xC6, 0x9A, 0x0C, 0x39,
    0x37, 0xC0, 0x67, 0xBC, 0xB4, 0xE7, 0x20, 0x18, 0x0D, 0xCA, 0x80, 0x22, 0x96, 0x0D, 0x9C, 0x62,
    0x47, 0x14, 0xEA, 0x5D, 0xE6, 0xEF, 0xF2, 0x9B, 0x32, 0x88, 0xCF, 0x09, 0x68, 0x60, 0x9E, 0xD0,
    0xEB, 0x4A, 0x56, 0xE7, 0x83, 0x4C, 0x37, 0xAB, 0xF7, 0xA0, 0x8C, 0xCA, 0xFA, 0xF7, 0xAA, 0x9B,
    0xBA, 0x81, 0x5B, 0xBB, 0x33, 0x4C, 0xAF, 0x48, 0x7A, 0x41, 0x70, 0xAA, 0x39, 0x60, 0xC2, 0xFB,
    0x90, 0x0E, 0x78, 0x8F, 0xDC, 0xFE, 0xE8, 0x3C, 0x78, 0xAB, 0x14, 0x51, 0x97, 0x96, 0x9A, 0xA5,
    0x9A, 0xDC, 0x35, 0x01, 0x3B, 0xE0, 0xCD, 0x1C, 0xD4, 0xB8, 0xD1, 0x37, 0x04, 0x00, 0x9E, 0x58,
    0x99, 0xF6, 0xD0, 0x3C, 0xAA, 0xBE, 0x2E, 0x23, 0x99, 0x50, 0x37, 0xF9, 0x08, 0x47, 0x46, 0x14,
    0x54, 0x3E, 0xB5, 0xEA, 0x44, 0x0D, 0x5E, 0x5C, 0xEF, 0x19, 0xB7, 0x5E, 0x6A, 0x8E, 0x36, 0x29,
    0x16, 0xC6, 0xE3, 0x6C, 0x70, 0xD0, 0x3E, 0x07, 0xD0, 0x34, 0x38, 0xCE, 0x9C, 0x39, 0x5D, 0xB8,
    0x58, 0xD8, 0xB5, 0x33, 0x4F, 0xCE, 0x38, 0x1D, 0x66, 0x2E, 0xE2, 0xCC, 0x2E, 0xCC, 0x4C, 0x18,
    0xA7, 0xE3, 0xCC, 0x79, 0x9C, 0xB9, 0x0A, 0x33, 0xB7, 0x98, 0x79, 0x5C, 0x38, 0x2E, 0x1C, 0x16,
    0xC6, 0x31, 0xBE, 0xC4, 0xAB, 0x80, 0xD6, 0x90, 0xE3, 0xFA, 0x7B, 0xAC, 0x28, 0xC9, 0xD4, 0x30,
    0x13, 0xDE, 0xCC, 0xFE, 0x98, 0x91, 0x86, 0xD3, 0xC3, 0xF4, 0xA8, 0x3B, 0xB3, 0x28, 0x08, 0x29,
    0x4C, 0x0D, 0x0B, 0x43, 0xE7, 0x84, 0xA3, 0x30, 0x8D, 0xC2, 0x22, 0x08, 0x1D, 0x84, 0xA3, 0x61,
    0x34, 0x0C, 0x42, 0xEB, 0x27, 0x51, 0x9F, 0xCF, 0x55, 0xEC, 0x53, 0x8D, 0xD2, 0x67, 0x54, 0x2B,
    0xDC, 0x7E, 0x97, 0x38, 0xC9, 0xB7, 0xBC, 0x67, 0xD4, 0xDC, 0xDC, 0xB0, 0xBC, 0xFC, 0x7F, 0x8C,
    0xDC, 0x71, 0xFD, 0x3D, 0xD2, 0x98, 0x46, 0xA0, 0x18, 0x8B, 0xF1, 0x38, 0x5A, 0xFB, 0xF9, 0x5E,
    0xE8, 0xFF, 0xD3, 0xF1, 0x33, 0x7D, 0x16, 0xE5, 0x4E, 0x92, 0xBD, 0xBB, 0x49, 0x39, 0x94, 0x03,
    0x90, 0x91, 0x9B, 0x39, 0x7B, 0xD9, 0x00, 0xEC, 0x12, 0x46, 0xA4, 0x1B, 0xA0, 0x1A, 0x6C, 0x4D,
    0xCE, 0x47, 0x68, 0x6F, 0x4D, 0xA7, 0xDD, 0x52, 0xE6, 0x1A, 0x91, 0xAF, 0xE7, 0x85, 0xA2, 0x85,
    0x11, 0x61, 0x3E, 0xBD, 0x80, 0x1A, 0x9A, 0x80, 0x6F, 0x25, 0xDE, 0xA2, 0x5E, 0x3A, 0xEB, 0x80,
    0x64, 0x83, 0x2A, 0xDA, 0xB2, 0x67, 0xAE, 0xEE, 0x91, 0xC9, 0xD4, 0x35, 0x12, 0x5E, 0xFB, 0x92,
    0x84, 0x6A, 0x29, 0x68, 0x7A, 0x76, 0xB6, 0x1B, 0x7F, 0x5A, 0x78, 0x5B, 0x1B, 0x15, 0x3E, 0x03,
    0xA0, 0xE2, 0x80, 0x84, 0x24, 0xB2, 0xE9, 0x4B, 0xD4, 0xA6, 0x58, 0xAF, 0x6D, 0xB7, 0x72, 0x0D,
    0x8A, 0xA1, 0x05, 0xB2, 0x91, 0x40, 0x7A, 0x16, 0x0C, 0x9A, 0x13, 0x7D, 0x1B, 0x90, 0x47, 0xD7,
    0xA1, 0x58, 0x57, 0xBD, 0xF6, 0x55, 0x7E, 0x9F, 0x3E, 0x35, 0xD5, 0x5A, 0xAE, 0x81, 0xC4, 0xD4,
    0x7A, 0x62, 0xE7, 0x52, 0x29, 0x5E, 0x91, 0x7A, 0xB3, 0x7D, 0xEA, 0x41, 0x0E, 0x44, 0xAE, 0xBD,
    0x04, 0x48, 0xE8, 0xCB, 0xB5, 0xB9, 0xAD, 0x0A, 0xE6, 0x21, 0x73, 0x69, 0xD9, 0xD5, 0x80, 0xF6,
    0xCB, 0xD6, 0x28, 0xD2, 0xCA, 0x49, 0xB2, 0x77, 0x47, 0x49, 0x02, 0xDE, 0xB6, 0xD8, 0x7A, 0xE9,
    0xAC, 0x33, 0x3F, 0xCB, 0xA5, 0xA0, 0x5C, 0xAA, 0x68, 0xA6, 0x6C, 0xB4, 0xD7, 0x24, 0xBC, 0xFE,
    0x45, 0x76, 0x73, 0xB0, 0x01, 0x5C, 0x22, 0x9F, 0x9B, 0x77, 0xC8, 0xF3, 0xBC, 0xB4, 0xBE, 0xE1,
    0x25, 0x8F, 0x7C, 0x68, 0xF7, 0x6E, 0x21, 0x79, 0x14, 0xCC, 0x4B, 0x90, 0x97, 0x1A, 0x64, 0xD1,
    0x05, 0x79, 0x29, 0xA2, 0x0A, 0x05, 0x3F, 0x7B, 0xDA, 0x4B, 0x77, 0x33, 0x6F, 0xFF, 0xDF, 0x9D,
    0x7C, 0xEB, 0xF3, 0xF6, 0x3F, 0x19, 0x11, 0x69, 0x60, 0xCA, 0x1C, 0x47, 0xB5, 0x5F, 0x18, 0x87,
    0xE7, 0x76, 0x61, 0x28, 0x2D, 0x0A, 0xE5, 0x73, 0x38, 0x1C, 0x51, 0x06, 0xC5, 0xA1, 0x6C, 0x00,
    0xFA, 0xC2, 0x2B, 0x02, 0xB9, 0xF9, 0x0C, 0xE6, 0xFF, 0xD9, 0x9B, 0x86, 0x76, 0x7C, 0x60, 0x44,
    0x6E, 0x98, 0x19, 0x5A, 0xBB, 0xE1, 0x7A, 0x8F, 0xB3, 0x94, 0x0B, 0x4F, 0x09, 0x1B, 0x67, 0x3E,
    0xAF, 0x1B, 0xAC, 0x36, 0x5A, 0x26, 0xCA, 0x01, 0x3A, 0x1B, 0xAD, 0xAD, 0x33, 0x2F, 0x57, 0xF5,
    0xF2, 0xB6, 0x5C, 0x77, 0xCB, 0xF7, 0x35, 0xC5, 0x66, 0x45, 0x36, 0x28, 0x25, 0xED, 0x74, 0x5F,
    0xBB, 0x8C, 0x8C, 0xB8, 0x77, 0x77, 0x5F, 0x6B, 0x8E, 0x9C, 0x8A, 0x1C, 0xB9, 0x40, 0x25, 0x90,
    0x4A, 0x02, 0x5B, 0xDE, 0xF0, 0x0D, 0x49, 0x4C, 0x3A, 0x70, 0xF1, 0xF9, 0xC3, 0x1E, 0x35, 0xD9,
    0x21, 0xE7, 0xA4, 0x58, 0x1E, 0x3D, 0x14, 0xB5, 0x33, 0x91, 0xD3, 0x2D, 0x1E, 0x8E, 0x26, 0x38,
    0x8E, 0xDA, 0x69, 0x1D, 0x87, 0x27, 0xD8, 0xE1, 0x80, 0x8D, 0xA9, 0x36, 0x99, 0x72, 0xC9, 0x68,
    0x9A, 0xA5, 0x03, 0x50, 0xAD, 0x91, 0xC5, 0xD9, 0xB9, 0x6B, 0x3B, 0x5A, 0xCA, 0xDC, 0x74, 0x44,
    0xE5, 0xE7, 0x9B, 0x92, 0x0D, 0x8B, 0xDF, 0x8B, 0x6A, 0x3F, 0x8A, 0xDC, 0x1F, 0x7B, 0x51, 0xF9,
    0xD7, 0xD9, 0xEF, 0xAF, 0x76, 0xA2, 0x8C, 0x41, 0x94, 0xD2, 0x8B, 0x12, 0xC2, 0xCA, 0x66, 0xA6,
    0xD1, 0x30, 0x89, 0xC2, 0xA7, 0xD2, 0xB5, 0xC8, 0xFD, 0x30, 0x18, 0x51, 0x88, 0x6A, 0x30, 0x3A,
    0x30, 0xE1, 0xC5, 0x4D, 0x6E, 0x87, 0xCD, 0xCD, 0x4F, 0x42, 0x05, 0x47, 0xC7, 0x98, 0x73, 0xC8,
    0x37, 0x40, 0x1D, 0xD2, 0x51, 0xCA, 0x26, 0xB2, 0xD5, 0x02, 0xA2, 0x8A, 0x5F, 0xC9, 0xE6, 0xC6,
    0x4C, 0x0E, 0x66, 0x71, 0x27, 0x83, 0x8B, 0x58, 0x06, 0x20, 0x8B, 0x95, 0xAC, 0x1E, 0x14, 0x94,
    0x64, 0x6C, 0x4D, 0xF5, 0x8D, 0xB0, 0x9D, 0x2D, 0xEE, 0x85, 0x55, 0x14, 0x96, 0x6B, 0xAB, 0xCF,
    0xDA, 0x7B, 0x21, 0x01, 0xDC, 0xAB, 0x21, 0xF1, 0x95, 0x52, 0x1F, 0x92, 0x9D, 0xA1, 0x17, 0x5A,
    0x2F, 0x96, 0xFD, 0xBB, 0xF4, 0xB0, 0x5C, 0x39, 0x45, 0xF6, 0xEE, 0xC2, 0x42, 0x8E, 0x68, 0x19,
    0x17, 0xAA, 0x78, 0x15, 0xD9, 0xE4, 0x57, 0x13, 0x20, 0xC3, 0x2C, 0x73, 0x2D, 0xB4, 0x79, 0xB4,
    0xD0, 0x16, 0x9D, 0xDD, 0xA2, 0x64, 0x5C, 0x11, 0x4D, 0xD1, 0xBC, 0x47, 0x0D, 0x0B, 0xAD, 0x9D,
    0xDE, 0x37, 0xF3, 0x78, 0x5C, 0xF5, 0xA2, 0xF6, 0x83, 0x51, 0xE4, 0xBE, 0xD5, 0x89, 0xCA, 0x67,
    0x83, 0xA8, 0xA0, 0x17, 0x65, 0x14, 0x22, 0xDD, 0x18, 0x25, 0x47, 0x83, 0x89, 0x39, 0x98, 0xEF,
    0xC8, 0x83, 0xA8, 0x3E, 0xF4, 0x46, 0x1B, 0xCC, 0x4E, 0x3B, 0x1A, 0x53, 0x4B, 0x23, 0xCB, 0xA8,
    0x63, 0x78, 0xF1, 0x3D, 0xD8, 0x71, 0x2C, 0x38, 0x56, 0xEC, 0x73, 0x0E, 0xDA, 0xE4, 0xAB, 0x2E,
    0xA1, 0x79, 0x9D, 0x40, 0x6D, 0x09, 0xF6, 0x07, 0x33, 0x76, 0x94, 0xAD, 0xAB, 0x41, 0xE9, 0x2F,
    0x2F, 0xE4, 0x31, 0x8B, 0x76, 0xC5, 0xED, 0xE4, 0x9C, 0x22, 0x48, 0xE9, 0x4A, 0x6A, 0x6C, 0x9C,
    0xE9, 0x77, 0x45, 0xE8, 0x46, 0x61, 0x39, 0xEC, 0x57, 0x90, 0x7C, 0x3D, 0x2B, 0x2A, 0xAC, 0x1A,
    0x61, 0xAD, 0xC8, 0x26, 0x32, 0xE7, 0xBD, 0xF9, 0x30, 0xCF, 0x34, 0xC3, 0x46, 0x38, 0x01, 0x96,
    0x3D, 0xC7, 0x4A, 0x89, 0xC2, 0x04, 0xED, 0xB8, 0xB3, 0xE2, 0xFB, 0x29, 0xC7, 0x6F, 0xB2, 0xC9,
    0xFC, 0x31, 0xCF, 0x8E, 0xA6, 0x96, 0xF8, 0x80, 0xCB, 0xB0, 0x72, 0xEF, 0xE9, 0xE9, 0xCC, 0x7D,
    0xEE, 0xF6, 0x73, 0xEE, 0x9A, 0xC5, 0xD8, 0x1C, 0xCB, 0xDD, 0xFE, 0x58, 0xEE, 0x76, 0x27, 0x73,
    0x37, 0xB9, 0x91, 0xBB, 0x36, 0x50, 0xDD, 0xDC, 0x61, 0xEE, 0x0E, 0xC7, 0x72, 0xB7, 0xBB, 0x59,
    0xEE, 0x2E, 0xE5, 0xAD, 0x90, 0x80, 0xB3, 0x7B, 0x64, 0x9B, 0x0A, 0xA7, 0xBC, 0x97, 0x6E, 0xCA,
    0xB9, 0x4C, 0x67, 0x28, 0xE4, 0xE1, 0x7D, 0x1A, 0x1B, 0x6F, 0xF8, 0xBF, 0xCE, 0xE9, 0xBB, 0x3B,
    0x9B, 0xD4, 0x9A, 0xE0, 0x0C, 0x35, 0x87, 0x2D, 0x35, 0x8F, 0xB3, 0x49, 0x9E, 0x19, 0x00, 0xCA,
    0x84, 0xDB, 0x22, 0x6F, 0xD4, 0x06, 0x91, 0x2C, 0x2B, 0xB7, 0x54, 0x72, 0xB9, 0x4A, 0x1A, 0xE1,
    0x70, 0xFA, 0xA1, 0x48, 0x02, 0xB7, 0x49, 0x87, 0xD7, 0x85, 0xBB, 0xBD, 0x4B, 0xE4, 0xE0, 0x96,
    0x5B, 0xDF, 0x31, 0xBC, 0xF8, 0xFE, 0x47, 0x76, 0xF6, 0x17, 0xC8, 0xE6, 0x89, 0x0D, 0xCA, 0xDE,
    0x4E, 0xF0, 0xF1, 0x5C, 0x5C, 0x51, 0x08, 0xBE, 0xD2, 0xCA, 0xA6, 0xC5, 0x96, 0x67, 0xA2, 0x29,
    0x76, 0x0E, 0x96, 0xD7, 0x3C, 0x90, 0x5A, 0xAC, 0x84, 0x35, 0xC9, 0x49, 0xB0, 0x79, 0x58, 0x00,
    0x22, 0x11, 0x60, 0xBC, 0x01, 0xBF, 0x13, 0xFC, 0x4A, 0x70, 0xAF, 0x00, 0x77, 0x0D, 0x97, 0xF8,
    0x73, 0x53, 0xD6, 0xA3, 0x16, 0x00, 0x06, 0x2D, 0x76, 0x50, 0x0B, 0x9C, 0xE0, 0x7D, 0x82, 0xF7,
    0x0A, 0x5E, 0x03, 0x48, 0xC9, 0xC6, 0xE0, 0x09, 0x01, 0xA8, 0x14, 0x26, 0x4A, 0x41, 0x61, 0x00,
    0x10, 0x07, 0xB7, 0xAC, 0x46, 0x22, 0x35, 0xAA, 0x23, 0x6A, 0xD4, 0x02, 0x87, 0x63, 0x50, 0x09,
    0x9E, 0x16, 0xBC, 0x76, 0x3F, 0x93, 0x97, 0xD9, 0x7B, 0x4E, 0xC5, 0xBE, 0xB9, 0xF5, 0xDF, 0x67,
    0xB0, 0x4C, 0x6E, 0x9B, 0x8C, 0x8D, 0x6E, 0xB9, 0xFB, 0x8B, 0x3E, 0x5C, 0xB8, 0xE3, 0xCA, 0xF5,
    0x9F, 0x2D, 0x15, 0xB2, 0xDB, 0x55, 0x86, 0xB9, 0x82, 0x72, 0x5A, 0x2A, 0x09, 0x77, 0x52, 0x6D,
    0x63, 0x15, 0xC9, 0x9C, 0x5F, 0x69, 0x76, 0x1F, 0xFB, 0x13, 0xE2, 0xE5, 0x46, 0x95, 0x4C, 0x43,
    0x24, 0x9C, 0x7C, 0xAD, 0x41, 0x67, 0xBB, 0xF8, 0x92, 0xEC, 0x0A, 0xFF, 0xBA, 0xDF, 0x45, 0x06,
    0xE4, 0xA4, 0xAF, 0xD9, 0x6F, 0x79, 0xB2, 0x65, 0x1F, 0x75, 0x07, 0xD0, 0xEC, 0xBE, 0x80, 0xDB,
    0x61, 0x66, 0xD2, 0x1B, 0xFF, 0x82, 0xC1, 0x18, 0xD5, 0x7A, 0xE6, 0x22, 0x9E, 0xCD, 0xE5, 0xF2,
    0xBE, 0xEE, 0xB6, 0x9C, 0x93, 0x6C, 0x48, 0xD4, 0xE4, 0x94, 0x9A, 0x1E, 0xBC, 0x2A, 0xBE, 0xC5,
    0x34, 0xFA, 0x8A, 0x00, 0x7B, 0x20, 0x19, 0xF7, 0x70, 0x67, 0x69, 0x14, 0xA4, 0xCC, 0xDA, 0x26,
    0xDE, 0x29, 0xB8, 0x47, 0xFB, 0x75, 0xC1, 0x20, 0xF0, 0x80, 0xB6, 0x7F, 0x2E, 0xE5, 0xCD, 0x24,
    0xD3, 0x11, 0xF5, 0xF6, 0x71, 0xCB, 0xF3, 0xD6, 0xED, 0x03, 0x72, 0xB4, 0x47, 0xF5, 0xB3, 0x9E,
    0x6C, 0xF2, 0x68, 0xB9, 0x59, 0x8E, 0xD9, 0x25, 0x80, 0x62, 0x7E, 0x5E, 0x57, 0xCD, 0xC7, 0x9A,
    0x7A, 0x98, 0x4F, 0x55, 0x64, 0x53, 0x71, 0xD8, 0x92, 0xAF, 0xD8, 0xAF, 0xD8, 0x63, 0x45, 0x0F,
    0x17, 0xAD, 0x93, 0x72, 0xB0, 0x33, 0x58, 0xBE, 0x41, 0x69, 0xEB, 0xD0, 0x7C, 0xDC, 0x67, 0x43,
    0x8B, 0xF1, 0x5F, 0x46, 0x51, 0xF5, 0x6A, 0x14, 0x15, 0xEC, 0x44, 0x29, 0x1B, 0x91, 0xFA, 0xB0,
    0xFF, 0x85, 0xF9, 0x5D, 0x14, 0x55, 0xCF, 0xF6, 0x26, 0x97, 0x99, 0xDC, 0x66, 0x45, 0xD8, 0x81,
    0x4F, 0x12, 0x59, 0xB4, 0xD9, 0x51, 0x74, 0xDA, 0xC5, 0x34, 0x8A, 0x92, 0xB4, 0x05, 0xB2, 0x0D,
    0x32, 0x7E, 0x1C, 0x2B, 0xC2, 0x52, 0x8F, 0xBE, 0x15, 0xB5, 0x0D, 0xAC, 0xA3, 0x60, 0xE4, 0x8E,
    0x51, 0xED, 0x8D, 0x68, 0xF8, 0xC4, 0x46, 0x98, 0xB1, 0x17, 0x25, 0x76, 0xC7, 0x19, 0x0A, 0xC6,
    0x92, 0x7D, 0xC1, 0xF5, 0x25, 0x7A, 0x4C, 0xEA, 0x65, 0x65, 0x57, 0x87, 0x4C, 0x86, 0xF6, 0x45,
    0x90, 0x4E, 0xCE, 0xBA, 0xF8, 0xFD, 0x7E, 0x6F, 0x2D, 0x66, 0x03, 0x46, 0xE1, 0xEF, 0x4D, 0xEF,
    0xA1, 0x36, 0xB5, 0xB5, 0x75, 0x96, 0xA1, 0xE8, 0x01, 0xE7, 0xB3, 0x11, 0x09, 0xA5, 0x6B, 0xC5,
    0x08, 0x36, 0x8E, 0xD1, 0x54, 0x54, 0xE7, 0xC2, 0xF2, 0xF4, 0x4A, 0x6F, 0xED, 0xEA, 0x02, 0x97,
    0x8E, 0x1F, 0xC4, 0x4A, 0x9A, 0xBC, 0xA2, 0xB2, 0x25, 0x8B, 0xCA, 0x34, 0x47, 0x65, 0xD8, 0x47,
    0xC5, 0xAE, 0x9B, 0x16, 0x95, 0x79, 0x75, 0x36, 0xE1, 0xFA, 0x4F, 0xA7, 0xA3, 0xF2, 0xD0, 0xE7,
    0xF8, 0xF7, 0x4F, 0xDB, 0x24, 0xE4, 0x78, 0x83, 0x90, 0x73, 0x39, 0x20, 0x47, 0x91, 0xFB, 0xA8,
    0xC9, 0x4D, 0xAB, 0x69, 0x89, 0x8A, 0x9F, 0xA3, 0x12, 0x8E, 0x45, 0x65, 0x38, 0x1A, 0x95, 0x8C,
    0x57, 0x15, 0x95, 0x96, 0xA3, 0xA2, 0x42, 0x8E, 0x47, 0xBD, 0x9B, 0xB1, 0x49, 0x66, 0xEF, 0x8E,
    0x27, 0xBD, 0x5B, 0x99, 0xBA, 0x97, 0x6D, 0xD4, 0x41, 0x55, 0xD3, 0x67, 0x46, 0x5C, 0xB1, 0x90,
    0x8D, 0x0A, 0x63, 0x1A, 0x2B, 0x1B, 0xBD, 0xB0, 0xC1, 0xB3, 0xC1, 0xBC, 0x3B, 0xA1, 0xD4, 0x10,
    0xD1, 0xD9, 0xDF, 0x3F, 0x01, 0xCD, 0x97, 0x01, 0x84, 0x25, 0xD9, 0x15, 0x86, 0xFF, 0x5B, 0xB5,
    0xD3, 0x95, 0x4D, 0x25, 0xEE, 0x60, 0x87, 0xD8, 0x9E, 0x51, 0x10, 0x04, 0xB1, 0x15, 0x04, 0x8B,
    0xC9, 0xDC, 0xDB, 0x33, 0x24, 0x80, 0x34, 0x76, 0x10, 0x81, 0x00, 0x42, 0xB0, 0x0B, 0x08, 0x3A,
    0x53, 0x15, 0x0B, 0x08, 0x34, 0x04, 0x40, 0x06, 0x01, 0xBD, 0x18, 0x08, 0x82, 0xDD, 0xA9, 0xDA,
    0x04, 0x0B, 0xD8, 0x8A, 0x09, 0xC1, 0x20, 0x15, 0x99, 0x48, 0x0C, 0x4C, 0x49, 0x2A, 0x52, 0xB3,
    0x53, 0x55, 0x27, 0xEF, 0x9C, 0xF3, 0x5E, 0xF5, 0xAB, 0xE9, 0x97, 0xB7, 0x6F, 0x5B, 0x76, 0xBB,
    0x2F, 0xFE, 0x1F, 0xFA, 0xBD, 0xAE, 0x3A, 0x5F, 0x9D, 0xBF, 0xFE, 0x07, 0x20, 0x81, 0x9C, 0xC2,
    0x8B, 0x51, 0xCE, 0x1A, 0x50, 0xC9, 0x16, 0x52, 0xC5, 0x16, 0xFD, 0xB9, 0x61, 0xB3, 0x1F, 0x89,
    0x25, 0xEF, 0x76, 0x6C, 0xE9, 0x9D, 0x9E, 0xCD, 0x99, 0x81, 0xED, 0x21, 0x46, 0xB6, 0x1E, 0x04,
    0xC0, 0xF4, 0xC8, 0x3C, 0x10, 0xB6, 0x70, 0xE5, 0xC2, 0x1A, 0xB1, 0xF8, 0x93, 0x93, 0xA2, 0x06,
    0x2C, 0x11, 0x35, 0x40, 0xB2, 0xB0, 0x16, 0x70, 0x39, 0xA2, 0x0E, 0xC8, 0x80, 0xB0, 0x07, 0x68,
    0x61, 0x03, 0x30, 0x00, 0x86, 0x10, 0xF4, 0x00, 0x08, 0xD1, 0xC0, 0x57, 0xF3, 0xC7, 0x8C, 0x1A,
    0x64, 0x34, 0x14, 0x0B, 0x2B, 0x68, 0xC0, 0xF6, 0x33, 0x88, 0x86, 0xB4, 0xC1, 0x4C, 0xCF, 0x7A,
    0xE5, 0x2D, 0x00, 0x05, 0xE5, 0x88, 0xF9, 0x62, 0xDC, 0xF3, 0xAC, 0x45, 0x51, 0xC6, 0x1D, 0xC8,
    0x47, 0x3D, 0x0A, 0xBE, 0x96, 0x6B, 0x2C, 0x38, 0x95, 0x9F, 0x50, 0x8F, 0x88, 0x16, 0xE2, 0x58,
    0x8A, 0x2A, 0xEC, 0x41, 0x98, 0xC4, 0xC7, 0x3D, 0x8A, 0xBF, 0x15, 0xF4, 0x6B, 0x47, 0x1D, 0xB5,
    0x96, 0xAA, 0xA2, 0xC2, 0x5B, 0xB8, 0x86, 0xF9, 0x91, 0x89, 0x00, 0xB6, 0x9F, 0x49, 0x24, 0x43,
    0x35, 0x3A, 0x77, 0x4B, 0x0D, 0x5B, 0x4A, 0x3A, 0xDB, 0x3B, 0x6A, 0xA1, 0xD8, 0x97, 0xE5, 0xD3,
    0x80, 0xAD, 0xD7, 0x79, 0xB5, 0xA2, 0x78, 0x47, 0xED, 0x2A, 0xD6, 0xCF, 0xFE, 0x9C, 0xAC, 0x20,
    0x35, 0x6A, 0xE1, 0x8B, 0x5A, 0xC8, 0xFE, 0xBD, 0x61, 0x8B, 0x1F, 0xB5, 0x6C, 0xF6, 0x77, 0x3D,
    0x5B, 0xFA, 0x73, 0x31, 0xE7, 0x05, 0x69, 0x86, 0x82, 0x6D, 0x14, 0xA4, 0xE8, 0x19, 0x19, 0xB3,
    0x49, 0x99, 0x6C, 0x8B, 0xA4, 0x02, 0x22, 0x45, 0x6A, 0x15, 0xA9, 0x7D, 0x7A, 0xF2, 0x5E, 0x07,
    0xA4, 0xA5, 0xCC, 0xCD, 0x79, 0x04, 0x83, 0x00, 0x06, 0x01, 0xA3, 0x98, 0x3C, 0x31, 0x59, 0x1E,
    0x8D, 0x1E, 0x86, 0x9E, 0x38, 0x6A, 0x79, 0xA8, 0xD9, 0xC2, 0x32, 0x22, 0xEC, 0x3F, 0x11, 0x34,
    0x0C, 0x9D, 0x72, 0x84, 0x1D, 0x7F, 0x4F, 0x63, 0x4B, 0x98, 0xC6, 0xE6, 0x00, 0x52, 0x40, 0x3F,
    0x2F, 0x53, 0x88, 0x73, 0x00, 0x21, 0xCB, 0x74, 0x84, 0xAD, 0xE1, 0xCF, 0xDA, 0x89, 0x2D, 0x29,
    0xDB, 0xB0, 0x87, 0x7B, 0x09, 0xEB, 0xEB, 0xD4, 0x23, 0x60, 0xA2, 0x09, 0x4B, 0xF6, 0x44, 0x60,
    0xBE, 0xC4, 0xD6, 0x4E, 0x6C, 0x7B, 0x6A, 0x63, 0x61, 0x7B, 0xF7, 0x25, 0xB6, 0xDF, 0x56, 0xFB,
    0x40, 0x54, 0x17, 0x02, 0x0A, 0x0D, 0x71, 0xC3, 0xFA, 0x03, 0xB9, 0xF8, 0x80, 0xBE, 0x2B, 0x43,
    0xD7, 0xAD, 0xB2, 0x8F, 0x5B, 0x36, 0x77, 0xD0, 0xB3, 0x0D, 0xF8, 0x19, 0xDB, 0x21, 0xB6, 0x12,
    0x9C, 0xED, 0xA6, 0x12, 0x7C, 0xBC, 0xDC, 0xCD, 0x76, 0x7D, 0x37, 0x83, 0xF5, 0xDD, 0xFC, 0x00,
    0xC4, 0xD6, 0x0B, 0x48, 0xD3, 0x21, 0xCB, 0xD7, 0x77, 0x33, 0xAD, 0xC0, 0x6B, 0x40, 0x6B, 0xBB,
    0xF9, 0xF4, 0xE4, 0x41, 0x2B, 0xE8, 0xC2, 0x7E, 0xDA, 0xCD, 0x87, 0x80, 0xD1, 0xDD, 0xC4, 0x72,
    0x37, 0x0B, 0x44, 0x83, 0x5F, 0xED, 0xA6, 0xD3, 0xDD, 0xCC, 0x4E, 0x77, 0x33, 0xF4, 0x00, 0xE2,
    0x0A, 0x80, 0x65, 0x49, 0x4B, 0x00, 0x6E, 0x9A, 0x52, 0x0B, 0xEC, 0x1D, 0x1F, 0x02, 0xAE, 0x03,
    0x40, 0x23, 0x10, 0x0C, 0x45, 0x8E, 0xB8, 0x4D, 0x2B, 0xA4, 0x55, 0xD4, 0xE0, 0x0D, 0x98, 0xEA,
    0x0B, 0xA2, 0xDA, 0x09, 0xD5, 0xB3, 0x1B, 0xAB, 0x2B, 0x65, 0x5A, 0x35, 0xA5, 0x89, 0x51, 0xCD,
    0x89, 0xDE, 0xB5, 0x5E, 0x78, 0xDC, 0x3E, 0x27, 0xD5, 0x7C, 0x46, 0xB5, 0xDA, 0x40, 0xF5, 0xF7,
    0xAD, 0xD8, 0xBB, 0xBA, 0x97, 0xB7, 0xC5, 0x9C, 0x40, 0xC0, 0xBD, 0x19, 0xD5, 0xE5, 0x5E, 0x4E,
    0x54, 0x93, 0x9D, 0xA9, 0x06, 0xE3, 0x8C, 0x2A, 0xF9, 0x6D, 0x54, 0xAF, 0xB3, 0xC8, 0x2D, 0x15,
    0x2C, 0x99, 0x5F, 0x92, 0x55, 0xD0, 0x41, 0xC3, 0x54, 0xEF, 0x03, 0xAE, 0x9D, 0xA8, 0xD2, 0x65,
    0xA1, 0x1A, 0x0C, 0x62, 0x09, 0x79, 0xB6, 0x5B, 0xB6, 0x64, 0xBB, 0x61, 0x95, 0x41, 0xEA, 0x4F,
    0x21, 0x17, 0x07, 0x8D, 0xE4, 0x64, 0x75, 0xCC, 0x20, 0x5E, 0xE8, 0x5E, 0xFD, 0x61, 0xD0, 0x48,
    0x74, 0x6C, 0x3F, 0xC5, 0xAB, 0x58, 0x3B, 0x71, 0x2E, 0xE6, 0x4A, 0xA5, 0x5A, 0x89, 0x91, 0xC6,
    0xFA, 0x0B, 0xB1, 0xF0, 0x5F, 0xAD, 0x50, 0xFD, 0x6B, 0xCF, 0x16, 0x7F, 0x28, 0x66, 0xCB, 0x51,
    0xFF, 0x35, 0x29, 0xD5, 0xCC, 0x33, 0x55, 0xE1, 0x88, 0x41, 0xBE, 0xCD, 0xF4, 0xC2, 0x31, 0xE8,
    0x60, 0x1B, 0x20, 0x14, 0x8E, 0x42, 0xB5, 0x03, 0xEC, 0x27, 0x27, 0xEF, 0xF5, 0x40, 0x52, 0xCA,
    0x8D, 0xB9, 0x1C, 0x66, 0x04, 0x9C, 0x70, 0x44, 0xA1, 0x91, 0x21, 0x31, 0x5B, 0x06, 0x1A, 0xB3,
    0x29, 0xB5, 0x48, 0x89, 0x96, 0x69, 0x0B, 0x98, 0x22, 0x07, 0x62, 0x09, 0x6C, 0xBE, 0x1C, 0xEB,
    0x7B, 0x0D, 0x07, 0x60, 0xBF, 0x59, 0x91, 0xFD, 0x0E, 0x90, 0xB4, 0xAF, 0x01, 0x99, 0x3C, 0x1F,
    0xC4, 0x4F, 0x4E, 0x5A, 0xC1, 0x36, 0x71, 0x03, 0x97, 0x9B, 0x06, 0xAF, 0x7C, 0xFE, 0x24, 0xFF,
    0xC1, 0x24, 0x7B, 0x26, 0x59, 0x2F, 0x49, 0xA6, 0xC7, 0x5F, 0x97, 0x31, 0x77, 0x47, 0x6C, 0x44,
    0x3D, 0x5B, 0x93, 0x75, 0x6C, 0x57, 0xE3, 0x1A, 0xA7, 0xC7, 0x8C, 0x62, 0xA1, 0x2E, 0x98, 0x7D,
    0x26, 0x28, 0x9C, 0x2E, 0xD1, 0xA8, 0x31, 0xF4, 0x1B, 0xBC, 0x86, 0xB5, 0x93, 0xA8, 0x91, 0x3E,
    0x0D, 0xF3, 0x2A, 0xF4, 0x4C, 0xB8, 0xC6, 0x1F, 0xCF, 0xAA, 0xD0, 0x9D, 0x8E, 0xCD, 0x69, 0xDC,
    0xDE, 0x5A, 0xC5, 0xED, 0x38, 0x2D, 0x26, 0xB3, 0xCB, 0xFC, 0xD4, 0x81, 0xA2, 0x46, 0xB6, 0xC5,
    0xCE, 0x16, 0x33, 0x5D, 0x2E, 0x26, 0xD6, 0xAB, 0xD0, 0x00, 0xE6, 0x6A, 0xB4, 0x03, 0x85, 0xDD,
    0x54, 0x85, 0xF6, 0x78, 0x31, 0x6B, 0xDE, 0x48, 0x5A, 0x58, 0x41, 0x83, 0xE9, 0x0C, 0x10, 0x51,
    0x58, 0xC2, 0xD2, 0x47, 0x0B, 0xF9, 0x05, 0x2D, 0x24, 0x20, 0x8F, 0x40, 0xF6, 0x54, 0x4E, 0xDC,
    0x02, 0x70, 0xA3, 0x8C, 0x2B, 0x67, 0x88, 0x35, 0x6C, 0xC3, 0xD7, 0x22, 0x10, 0x2F, 0x32, 0x64,
    0x05, 0x02, 0x02, 0x1D, 0x78, 0xA4, 0xD9, 0x97, 0x3C, 0xEE, 0xD8, 0xB2, 0xDB, 0x03, 0xDB, 0x80,
    0x8C, 0xAD, 0xC5, 0x0D, 0x9C, 0x3D, 0x3B, 0x54, 0xD7, 0xC7, 0x9B, 0xAA, 0xEB, 0xED, 0x8D, 0xD5,
    0xB5, 0xD8, 0x54, 0x5D, 0xD3, 0x9D, 0xAB, 0x6B, 0x30, 0x7F, 0x3D, 0x2A, 0x2F, 0x33, 0x05, 0xE9,
    0xFF, 0xA9, 0xBA, 0xE2, 0x10, 0x90, 0x38, 0x40, 0xDA, 0x03, 0xC8, 0x46, 0x00, 0x63, 0xC6, 0xAB,
    0x99, 0x94, 0x88, 0x9B, 0xB8, 0x86, 0xAD, 0xC2, 0x1A, 0x06, 0xF0, 0x00, 0x2E, 0x67, 0xD9, 0x85,
    0xC9, 0xC5, 0xC2, 0x5A, 0x2C, 0x56, 0xB3, 0xE5, 0x5A, 0x14, 0xBF, 0x73, 0x73, 0x4F, 0xA1, 0x58,
    0x5D, 0xC8, 0x7B, 0x6C, 0x99, 0x2E, 0x7B, 0xB2, 0xCC, 0xD6, 0x87, 0x1E, 0x7A, 0x3E, 0x6B, 0x18,
    0x77, 0x6C, 0xD1, 0x23, 0x4D, 0xE1, 0x0F, 0xD5, 0xF2, 0x65, 0x18, 0x17, 0x67, 0xC3, 0xB8, 0x47,
    0x7A, 0x1A, 0xC6, 0x61, 0xBB, 0x29, 0x8C, 0x9F, 0xCE, 0xC2, 0xD8, 0xC3, 0x8C, 0x53, 0xE7, 0x7D,
    0x78, 0x26, 0x8C, 0x8B, 0x27, 0x4E, 0xC3, 0x58, 0x9F, 0x0C, 0x82, 0x9E, 0x6F, 0x4C, 0xC5, 0x82,
    0x24, 0x7D, 0x56, 0x44, 0xA2, 0x7A, 0xD9, 0xA6, 0x22, 0xE0, 0x3E, 0x6C, 0x69, 0x1A, 0xD8, 0x36,
    0xAE, 0x99, 0x50, 0xC9, 0xEB, 0x0A, 0x68, 0x69, 0x06, 0x2E, 0xAA, 0x07, 0x1F, 0x2A, 0x54, 0x65,
    0x1B, 0x74, 0x62, 0xE8, 0xD5, 0x1C, 0x04, 0xA7, 0x8D, 0xCE, 0x89, 0xD3, 0x8B, 0x65, 0x8A, 0x93,
    0xD4, 0x34, 0x27, 0x82, 0xF9, 0xBB, 0xF5, 0x51, 0xB7, 0xF6, 0x13, 0x26, 0xC9, 0x07, 0xC1, 0x09,
    0x5A, 0xE2, 0xD4, 0xB0, 0x51, 0x9C, 0xFA, 0x6E, 0xED, 0x26, 0x9C, 0x35, 0x10, 0x9D, 0xE2, 0x6C,
    0x27, 0x9C, 0x69, 0x29, 0x9B, 0x3C, 0xC7, 0x39, 0xAE, 0xE1, 0xCC, 0xC3, 0x15, 0xCE, 0xE6, 0x0C,
    0xCE, 0xEB, 0x2C, 0x72, 0x9B, 0xC5, 0xF4, 0x3C, 0x26, 0x15, 0x24, 0x53, 0x00, 0x1C, 0x5F, 0x5E,
    0x9C, 0x46, 0xD3, 0x38, 0xA6, 0x4A, 0xBB, 0x67, 0xC3, 0xB6, 0xB7, 0xDC, 0xD5, 0x34, 0x67, 0xBD,
    0x7A, 0xC4, 0x8A, 0xE6, 0x4D, 0xB9, 0xCB, 0x01, 0xEF, 0xB3, 0x15, 0xA4, 0xCD, 0x77, 0x19, 0xBC,
    0x23, 0x36, 0x9C, 0xFD, 0x25, 0xCE, 0xF5, 0xE6, 0x6B, 0x56, 0xCD, 0xB7, 0x61, 0x8B, 0xFE, 0x24,
    0x16, 0xCF, 0x9B, 0xEF, 0x81, 0x98, 0xC3, 0xA8, 0xFD, 0xB3, 0x60, 0xE3, 0xA4, 0x16, 0x8E, 0x2E,
    0x17, 0x8E, 0xE9, 0xBC, 0xF9, 0x36, 0x1B, 0x9A, 0x6F, 0x74, 0xDA, 0x7C, 0x47, 0x6D, 0xBE, 0x3D,
    0x60, 0xFE, 0x47, 0xF3, 0x25, 0xAA, 0xD9, 0xB0, 0xDF, 0x62, 0x59, 0x81, 0xBA, 0x02, 0x40, 0xE3,
    0x94, 0xAC, 0x3E, 0xE9, 0xFA, 0xE3, 0x26, 0xCA, 0x81, 0xC8, 0xA0, 0x86, 0x2D, 0x83, 0x0B, 0xC7,
    0xF9, 0x7C, 0x0A, 0xE5, 0x5D, 0xFA, 0x92, 0x18, 0xAE, 0xB0, 0x75, 0x48, 0xD8, 0x46, 0x53, 0x28,
    0x4E, 0x5D, 0x21, 0xA5, 0xCA, 0xC1, 0x75, 0xF6, 0xBC, 0xA1, 0x46, 0xEB, 0x6F, 0xF1, 0x50, 0xA9,
    0x46, 0xCF, 0xC4, 0xEC, 0xC7, 0xB5, 0xD8, 0xF7, 0x85, 0x6A, 0x1A, 0xB5, 0x6C, 0xB7, 0xC2, 0x4E,
    0x38, 0x86, 0xBD, 0x70, 0x34, 0x03, 0x84, 0x23, 0xE9, 0x4F, 0x08, 0xD2, 0xBE, 0x94, 0xF1, 0x4C,
    0x2B, 0xB8, 0x52, 0x39, 0x56, 0x40, 0xA2, 0x38, 0xD3, 0x93, 0x93, 0x07, 0x0B, 0x73, 0x40, 0xDC,
    0x49, 0xBC, 0x46, 0xDA, 0x97, 0x42, 0xED, 0x4B, 0x66, 0x9C, 0xF7, 0xA5, 0xE3, 0x8C, 0x2A, 0xBE,
    0x19, 0xE6, 0x41, 0x5B, 0xFA, 0x92, 0xE1, 0xBE, 0xB4, 0xC7, 0x61, 0x66, 0x3D, 0xEF, 0x64, 0xBD,
    0xDF, 0x20, 0x26, 0xAA, 0x78, 0xF2, 0x1E, 0x48, 0x27, 0x88, 0x17, 0xD9, 0x97, 0xBE, 0x85, 0x00,
    0x6B, 0x41, 0x0A, 0xF2, 0x19, 0xA6, 0x28, 0x55, 0x5A, 0x13, 0x8B, 0xAD, 0x27, 0x2A, 0xD5, 0x5D,
    0xA5, 0x9E, 0xD5, 0xEA, 0xD4, 0xA8, 0xAF, 0xBE, 0xE7, 0x3F, 0xBD, 0x78, 0xF8, 0x4F, 0xF5, 0xF8,
    0x2F, 0xA3, 0xB8, 0x2D, 0x49, 0x3C, 0x29, 0xB5, 0x7B, 0x39, 0x9F, 0xE5, 0xE2, 0xC2, 0x8B, 0xA9,
    0xA4, 0x15, 0xFB, 0x80, 0xA4, 0x01, 0x78, 0xBF, 0x2C, 0x7B, 0x38, 0x9E, 0x3C, 0xE8, 0xA0, 0x71,
    0xDB, 0x43, 0xC1, 0x0E, 0xF2, 0x35, 0x08, 0x47, 0x48, 0xE2, 0x1A, 0x92, 0xAF, 0xD3, 0x12, 0x5E,
    0x2C, 0x43, 0x62, 0xD4, 0x57, 0x80, 0xBE, 0x3D, 0xFF, 0x8D, 0x94, 0x3A, 0x9E, 0xA2, 0x77, 0x0B,
    0x4F, 0x85, 0xCE, 0xA7, 0x1E, 0xE7, 0xD5, 0xA9, 0xDC, 0xEC, 0xD9, 0xE9, 0x64, 0xFC, 0x4E, 0xB1,
    0xFC, 0xF9, 0x97, 0xAB, 0x7E, 0xB5, 0xC7, 0x77, 0x3F, 0x43, 0xB9, 0xCA, 0x68, 0x71, 0x96, 0xFA,
    0xBA, 0x28, 0x08, 0x70, 0xA2, 0xA9, 0x68, 0x22, 0x7A, 0x43, 0x14, 0x5B, 0x54, 0x76, 0x6D, 0xD2,
    0x6A, 0xEB, 0xDF, 0x87, 0x39, 0x6B, 0x5C, 0xB2, 0x5A, 0xD1, 0xA4, 0xDC, 0xA3, 0xC5, 0xC9, 0x1D,
    0xAB, 0xCF, 0x58, 0xB7, 0xD3, 0x51, 0x16, 0x73, 0x55, 0x2A, 0xE6, 0xAE, 0x3C, 0xD8, 0xB5, 0x6E,
    0x4F, 0x3C, 0xFE, 0x70, 0x44, 0xD2, 0x18, 0x82, 0x2B, 0x51, 0xE4, 0x2E, 0x87, 0xCB, 0x0B, 0x0F,
    0x57, 0x12, 0x58, 0x16, 0x47, 0x24, 0x67, 0xF1, 0x34, 0x5D, 0x65, 0xE1, 0x57, 0x2D, 0xC2, 0xC9,
    0xE4, 0xE8, 0x97, 0x0F, 0x3C, 0x3F, 0x85, 0x0C, 0xAF, 0xE3, 0xFF, 0xE1, 0x77, 0x1C, 0xF1, 0xB4,
    0x2C, 0xE1, 0xEA, 0x09, 0x66, 0xAD, 0x58, 0xE3, 0x92, 0xD5, 0x1C, 0x48, 0x6E, 0x6A, 0xD2, 0xB9,
    0x9C, 0xF5, 0x9B, 0x53, 0x23, 0x58, 0x3F, 0x9B, 0x51, 0xA5, 0x67, 0x50, 0x7D, 0x69, 0x67, 0x48,
    0xF5, 0x56, 0x48, 0x81, 0x68, 0x54, 0xEE, 0x84, 0x4A, 0x5E, 0xDF, 0x8E, 0x29, 0x14, 0xFC, 0xB5,
    0x23, 0xDF, 0x78, 0x1F, 0x36, 0xC0, 0x51, 0x58, 0xAF, 0xBA, 0x7A, 0xE6, 0xA1, 0x51, 0x1B, 0x48,
    0x78, 0x88, 0xC8, 0xD9, 0x48, 0x8D, 0x90, 0x54, 0x20, 0xEF, 0x72, 0x64, 0xB9, 0x63, 0x60, 0xC5,
    0x04, 0x4C, 0x65, 0x0E, 0x4C, 0xB6, 0xBA, 0xC8, 0x01, 0x64, 0xD5, 0x1A, 0xB5, 0xB7, 0xE7, 0xD4,
    0x64, 0xD0, 0x11, 0xC7, 0xF3, 0xC8, 0x97, 0xE4, 0x78, 0x59, 0x71, 0xCB, 0x52, 0x0E, 0x5C, 0x0F,
    0x06, 0xCC, 0xCE, 0xAE, 0xB3, 0x4F, 0x2E, 0x7A, 0xF6, 0x19, 0x7E, 0xC4, 0xA5, 0xE8, 0x7D, 0x84,
    0xD4, 0xF6, 0x08, 0x1B, 0x5A, 0x48, 0xCD, 0x03, 0x38, 0x8E, 0x8F, 0xA1, 0x67, 0xFB, 0x9C, 0x6B,
    0x9E, 0x73, 0xB9, 0x79, 0xCE, 0xF9, 0x79, 0xE7, 0x3C, 0x9D, 0xAF, 0xAE, 0xFD, 0x4C, 0x73, 0xA2,
    0xC5, 0x54, 0xF8, 0xAF, 0x1D, 0xD4, 0xB2, 0x1F, 0x39, 0x00, 0xFE, 0x24, 0xC2, 0xE7, 0x4C, 0xC1,
    0xD6, 0x4E, 0xBA, 0xA3, 0xF5, 0xC0, 0x95, 0x4F, 0xA3, 0xE0, 0x2E, 0xC5, 0x06, 0x4C, 0xE7, 0x3E,
    0x4B, 0xAB, 0x79, 0x20, 0x01, 0x20, 0x9F, 0x5A, 0x0E, 0xE0, 0x16, 0x60, 0x7E, 0xFC, 0x35, 0x20,
    0x26, 0x00, 0x09, 0x95, 0x80, 0xFB, 0x55, 0xC3, 0xEB, 0xD2, 0xF3, 0x66, 0x30, 0x37, 0xBC, 0x79,
    0x7E, 0x5A, 0x13, 0xB2, 0xF3, 0xD3, 0xFA, 0x8A, 0xA8, 0xC3, 0x29, 0xAC, 0x44, 0xEB, 0x19, 0x73,
    0xBA, 0x72, 0xD0, 0x00, 0x70, 0xF5, 0xE1, 0x9C, 0x56, 0x7C, 0x86, 0xD6, 0xE5, 0xDF, 0x19, 0x3D,
    0x81, 0x07, 0x60, 0xA7, 0x9F, 0x5A, 0x56, 0x72, 0xBA, 0xD1, 0x76, 0x09, 0xE0, 0x88, 0x69, 0x5D,
    0x07, 0xE2, 0xF1, 0x25, 0x5A, 0x9D, 0xD2, 0x8A, 0xAA, 0x0B, 0xA3, 0x65, 0x0A, 0xCF, 0x54, 0xA8,
    0x9A, 0x7E, 0x72, 0x45, 0x12, 0xB4, 0x7A, 0x37, 0xB8, 0x27, 0x55, 0xED, 0x48, 0x38, 0x5D, 0x65,
    0x4E, 0xA3, 0x72, 0xF2, 0xC2, 0xA9, 0x04, 0x5E, 0x81, 0x99, 0x71, 0xF2, 0xAA, 0xC2, 0x29, 0x17,
    0x4E, 0x9E, 0x35, 0x11, 0xB5, 0xA2, 0xAF, 0xEE, 0xCC, 0xA9, 0xD9, 0xCA, 0xC9, 0x78, 0xD6, 0xB0,
    0x12, 0x5A, 0xA2, 0xB1, 0xA8, 0xAD, 0x84, 0x53, 0xE9, 0x44, 0x33, 0xBD, 0x12, 0xE0, 0xED, 0x0A,
    0x30, 0xD4, 0x32, 0x98, 0x23, 0x20, 0xA8, 0x6F, 0x02, 0xC0, 0x6F, 0xB5, 0xFA, 0xF3, 0x87, 0x58,
    0x72, 0x84, 0xE3, 0x9E, 0x87, 0xE4, 0x78, 0xFA, 0xAC, 0x01, 0x8A, 0xEF, 0xF5, 0x30, 0x03, 0x06,
    0xA6, 0x79, 0x13, 0xF0, 0x5F, 0x30, 0x22, 0x8F, 0xFF, 0x02, 0xE5, 0xD9, 0x01, 0xC4, 0x24, 0xE7,
    0x19, 0x07, 0xF0, 0xDF, 0xEC, 0x34, 0x37, 0x69, 0x17, 0x73, 0xC8, 0xD1, 0x5E, 0xC4, 0x16, 0x05,
    0x9A, 0x18, 0x28, 0x82, 0xC4, 0x4C, 0x15, 0x05, 0x08, 0x12, 0x10, 0x34, 0x28, 0x28, 0x7A, 0x41,
    0x01, 0x97, 0x9B, 0x49, 0x8B, 0x02, 0x1C, 0x9A, 0x02, 0x28, 0x8A, 0x02, 0x01, 0x08, 0xEA, 0x66,
    0x00, 0x00, 0x4B, 0x0B, 0x14, 0xB6, 0x04, 0x80, 0x4E, 0x98, 0xEA, 0xA4, 0xDE, 0x9D, 0xA7, 0x6E,
    0xA6, 0x92, 0xDE, 0x7D, 0x77, 0x9F, 0xB4, 0x17, 0xF9, 0x2E, 0xD7, 0xD7, 0xFA, 0x3F, 0xDF, 0x67,
    0x5F, 0x3B, 0xAF, 0xFD, 0xBD, 0xCF, 0x7A, 0xC7, 0xD8, 0x4F, 0xDF, 0x44, 0xB5, 0x94, 0xA8, 0x23,
    0xF0, 0xFA, 0x61, 0xC1, 0xF3, 0xBB, 0x19, 0x80, 0x7A, 0x80, 0x98, 0x90, 0xFF, 0xF3, 0x8C, 0xF2,
    0xD8, 0x36, 0xD4, 0x4D, 0x39, 0xF0, 0x82, 0x0C, 0xA0, 0x8D, 0x88, 0xD8, 0xD2, 0xCD, 0x35, 0x05,
    0x15, 0xC1, 0xE1, 0xF3, 0xF4, 0x3C, 0x81, 0x47, 0x66, 0xC4, 0xE8, 0xF3, 0x3C, 0x5D, 0x32, 0x93,
    0x1D, 0x41, 0x31, 0x08, 0xF6, 0x6B, 0x96, 0x6B, 0x1E, 0x86, 0x6B, 0x11, 0x11, 0x5D, 0x7D, 0x3F,
    0x9B, 0x6D, 0x3D, 0xEE, 0xB9, 0x2E, 0x8B, 0xE3, 0xBB, 0xF2, 0x98, 0x46, 0xF9, 0x5F, 0x63, 0x94,
    0x0F, 0xFD, 0x91, 0xEE, 0xD0, 0x00, 0x76, 0xF7, 0xB0, 0x8F, 0x81, 0x2A, 0x46, 0xFA, 0x1F, 0x27,
    0xBB, 0x73, 0x76, 0x56, 0x8C, 0x6E, 0xD3, 0x00, 0xC8, 0xDE, 0x42, 0x15, 0x27, 0xBB, 0x88, 0x64,
    0xBF, 0xBC, 0x1D, 0x0E, 0x27, 0xD1, 0xD4, 0x83, 0xB6, 0xAB, 0x1B, 0xF5, 0xD0, 0x53, 0x0F, 0x11,
    0x11, 0x6B, 0x74, 0xEB, 0x3A, 0x02, 0xB6, 0x68, 0xD0, 0x77, 0x68, 0x8F, 0xA8, 0x27, 0x1C, 0xE2,
    0x83, 0x0F, 0x9B, 0x22, 0x22, 0xE8, 0x63, 0xB6, 0x5D, 0x03, 0x50, 0x81, 0xFE, 0x88, 0x6C, 0x53,
    0xF8, 0xC7, 0xB2, 0x2A, 0xF4, 0xAB, 0x42, 0x35, 0xF0, 0x8A, 0xA2, 0x01, 0x97, 0x5B, 0xD4, 0x17,
    0x44, 0x5E, 0x22, 0xF0, 0x85, 0x45, 0x8E, 0x97, 0xCE, 0xCF, 0xBB, 0x2F, 0x62, 0xF1, 0xF8, 0x51,
    0x37, 0x10, 0xC3, 0xC3, 0xD9, 0x82, 0x37, 0x90, 0x27, 0xEC, 0x03, 0x65, 0x74, 0xD4, 0xB7, 0x4E,
    0xDC, 0xD9, 0x4F, 0xA4, 0x5D, 0xB2, 0x1B, 0x25, 0x1A, 0xD7, 0x1F, 0x07, 0xB5, 0x38, 0x8C, 0x59,
    0xA8, 0x07, 0x7D, 0x57, 0x77, 0xEA, 0xAE, 0xBF, 0xAF, 0x15, 0x17, 0xB5, 0xBA, 0x80, 0x80, 0xBE,
    0x41, 0x3B, 0xB0, 0x41, 0x95, 0xFF, 0x09, 0xF5, 0x29, 0xD9, 0x5B, 0x8D, 0x87, 0x47, 0xBE, 0x4E,
    0x4C, 0x0F, 0x44, 0x31, 0x92, 0x45, 0x57, 0xC6, 0x58, 0x47, 0xAA, 0x7F, 0x94, 0xAA, 0x3C, 0x3D,
    0x57, 0x4C, 0x0E, 0x47, 0x67, 0x46, 0xDE, 0xC5, 0x06, 0x77, 0x6E, 0x23, 0xDD, 0x8C, 0xBB, 0xC2,
    0xFF, 0xFC, 0xBA, 0x16, 0xBF, 0xAF, 0xEF, 0x7F, 0xCE, 0x39, 0xBB, 0xD7, 0xEC, 0x63, 0xAC, 0x62,
    0xAE, 0x7F, 0x99, 0x6A, 0xE9, 0x60, 0x96, 0x8F, 0x0E, 0x83, 0x33, 0x1F, 0xF1, 0x03, 0x80, 0x1B,
    0xAA, 0xD0, 0x87, 0x17, 0xBF, 0xF0, 0x25, 0xB2, 0xF8, 0x4D, 0x15, 0xE7, 0x3A, 0xCE, 0x11, 0x29,
    0x62, 0xBE, 0x19, 0xDD, 0x93, 0x2D, 0xF8, 0x6E, 0x1F, 0x29, 0x22, 0x01, 0x80, 0xB3, 0x3C, 0x6C,
    0xAF, 0x2C, 0x5D, 0xF8, 0x17, 0x9E, 0x68, 0xFD, 0xDB, 0x57, 0x74, 0xD9, 0x15, 0xDD, 0x8A, 0xBB,
    0x28, 0x22, 0xCE, 0xA8, 0x23, 0xA2, 0x23, 0x8E, 0x59, 0x8C, 0xF2, 0x33, 0xD5, 0xAC, 0x9C, 0xD8,
    0x27, 0x87, 0x13, 0xF9, 0xA2, 0x1E, 0x10, 0xEA, 0x0E, 0xD1, 0xB4, 0x0D, 0xDA, 0xAE, 0xB7, 0x96,
    0x80, 0x7A, 0xB8, 0xA4, 0x74, 0xD1, 0xA0, 0x6D, 0xFA, 0x0E, 0xBD, 0x76, 0x40, 0xA8, 0x8F, 0x64,
    0x67, 0xD5, 0x48, 0x9E, 0x94, 0x89, 0x72, 0x52, 0x44, 0xA3, 0x3D, 0xC9, 0xE2, 0xD3, 0xB7, 0xA3,
    0xA1, 0xDD, 0x16, 0x58, 0x44, 0x1C, 0xE1, 0xC6, 0x9B, 0x1E, 0x3B, 0xF2, 0x09, 0x94, 0xC9, 0xC5,
    0x52, 0x8C, 0x60, 0xEB, 0x9A, 0x59, 0x16, 0x11, 0x8A, 0xE5, 0xED, 0x18, 0xCA, 0x51, 0x7B, 0xAA,
    0x06, 0x87, 0xB1, 0xEE, 0x94, 0x73, 0x4F, 0x91, 0x82, 0xFC, 0x51, 0x31, 0x47, 0x23, 0x9F, 0xFA,
    0xC1, 0x7E, 0xAC, 0x8F, 0xCA, 0x53, 0x35, 0xA9, 0x87, 0x32, 0x7E, 0x1B, 0x4D, 0x1E, 0x71, 0xA6,
    0x8F, 0x13, 0xD9, 0x9B, 0x8F, 0xEB, 0xFE, 0x18, 0x1E, 0x88, 0x16, 0xAE, 0x7D, 0x0A, 0xAA, 0x18,
    0xD8, 0x3E, 0x00, 0xCB, 0x61, 0x84, 0x54, 0x8E, 0x70, 0xBB, 0x3C, 0x81, 0x6A, 0x00, 0x7D, 0x03,
    0xF9, 0x0C, 0x76, 0x03, 0xC8, 0xB6, 0xA2, 0x01, 0xF0, 0x35, 0x07, 0xCE, 0xA2, 0xA3, 0x8C, 0x71,
    0xD3, 0x52, 0xBF, 0x9F, 0xA8, 0x25, 0x0E, 0x66, 0xE4, 0x23, 0x0E, 0x47, 0x2C, 0xF0, 0x11, 0xBC,
    0x0A, 0xE0, 0x2B, 0x97, 0x6E, 0x40, 0x76, 0x02, 0xF9, 0x08, 0xF6, 0x5B, 0x29, 0x07, 0x50, 0x43,
    0x31, 0xBF, 0x0C, 0x65, 0x80, 0xBA, 0x1F, 0xE0, 0xDE, 0xAA, 0xBB, 0x4B, 0xF9, 0x88, 0xFC, 0xE4,
    0x04, 0x3C, 0x2B, 0x90, 0x00, 0x13, 0xB2, 0x84, 0x7C, 0x46, 0x31, 0xA2, 0x3C, 0xE2, 0xD0, 0xE0,
    0x25, 0x76, 0x0B, 0x8A, 0x4D, 0xFD, 0x44, 0xFD, 0xEB, 0x99, 0x25, 0x4B, 0x76, 0xB3, 0xF7, 0x78,
    0xC3, 0x0B, 0x57, 0x85, 0xDB, 0x80, 0x7C, 0x00, 0xFB, 0x13, 0x28, 0x26, 0x90, 0x25, 0xE0, 0xBD,
    0x0D, 0xF7, 0xA5, 0xC7, 0xE2, 0xCE, 0xCF, 0x34, 0x6E, 0x31, 0x6C, 0x98, 0x94, 0x23, 0xF2, 0x11,
    0xD9, 0x0C, 0xB7, 0xE1, 0x15, 0x76, 0xCB, 0x37, 0x1E, 0xC4, 0x9D, 0x36, 0xDC, 0x7C, 0xC3, 0x75,
    0xFD, 0xAA, 0x70, 0x37, 0x4F, 0x6D, 0x02, 0xF3, 0x1D, 0x30, 0xD6, 0xC0, 0x1D, 0x56, 0x3C, 0xF7,
    0xE7, 0xEF, 0x8F, 0x28, 0x96, 0x7C, 0x40, 0x19, 0x1D, 0xD4, 0x1F, 0x9E, 0x60, 0x29, 0x26, 0xEC,
    0x92, 0x79, 0x33, 0xBE, 0xFE, 0xCC, 0xE0, 0x56, 0x1F, 0x23, 0xCE, 0x64, 0x53, 0x4B, 0x36, 0xD6,
    0x70, 0x07, 0xBB, 0x84, 0xF2, 0x84, 0x7D, 0x27, 0x8B, 0x5D, 0xA3, 0x88, 0x81, 0xF2, 0x6F, 0x23,
    0xF5, 0xAF, 0x12, 0x8B, 0xC5, 0x6E, 0xF6, 0x3A, 0xCD, 0x15, 0xB8, 0xBE, 0xA7, 0x41, 0x16, 0xC3,
    0x88, 0x3C, 0x3E, 0x59, 0xCB, 0x9F, 0x62, 0x2D, 0x43, 0x1C, 0xA1, 0xA9, 0x1A, 0x00, 0x14, 0x33,
    0x28, 0x17, 0x50, 0xF7, 0x1D, 0x2C, 0xFF, 0xEE, 0xDD, 0xDD, 0xD6, 0xBB, 0xEE, 0x3E, 0x23, 0xAE,
    0xD5, 0xDD, 0xEF, 0xD1, 0x4F, 0xAF, 0x11, 0x91, 0x18, 0xFB, 0x99, 0x77, 0x5E, 0x3C, 0x01, 0xFC,
    0x0C, 0xBB, 0x18, 0x28, 0x62, 0xA4, 0xFC, 0x4B, 0xA2, 0xFE, 0xE1, 0xC2, 0xA2, 0x96, 0x4D, 0xBE,
    0x8D, 0xFF, 0x86, 0xB4, 0xF9, 0x52, 0x8F, 0x53, 0xBB, 0x09, 0xEC, 0xCF, 0xA0, 0x8A, 0x06, 0xDA,
    0x5B, 0x47, 0x64, 0xE7, 0xFD, 0x84, 0x62, 0xCA, 0x12, 0x8A, 0xA3, 0x5F, 0xB8, 0x30, 0xFE, 0x2F,
    0x8F, 0xBC, 0x2F, 0x40, 0x20, 0x8F, 0x8E, 0x22, 0x8E, 0xF7, 0x55, 0xD7, 0x46, 0x9D, 0x69, 0x25,
    0x92, 0xDB, 0x5C, 0x77, 0x1D, 0x4F, 0xE7, 0x21, 0x99, 0x06, 0xE4, 0x27, 0x70, 0x18, 0x41, 0x8C,
    0x50, 0xC4, 0x00, 0xD5, 0x99, 0x44, 0xD5, 0x10, 0x40, 0x00, 0x0B, 0xC8, 0xCE, 0xAB, 0x7E, 0x9E,
    0x14, 0x11, 0x4B, 0x39, 0xAE, 0xFA, 0x31, 0xAC, 0xFA, 0xCB, 0xA6, 0x9F, 0x36, 0xFD, 0x65, 0xD3,
    0x0F, 0x9B, 0x7E, 0xB3, 0xE9, 0x77, 0x0F, 0xE8, 0x0F, 0x57, 0xA5, 0x9F, 0x0D, 0x90, 0x8F, 0xB0,
    0x9F, 0xE0, 0x30, 0x42, 0x3D, 0x40, 0xDF, 0x40, 0x02, 0xA3, 0xDA, 0xF6, 0xCE, 0x83, 0xF9, 0x96,
    0xBA, 0x51, 0xC5, 0xB4, 0xAC, 0xBA, 0xF3, 0xCA, 0x7B, 0xB2, 0xFA, 0x5A, 0x81, 0xAD, 0xC2, 0x7A,
    0x8A, 0xD9, 0x8A, 0xFA, 0xD8, 0x5C, 0xA1, 0xAD, 0xD2, 0x56, 0x6A, 0xAB, 0xB5, 0x15, 0xDB, 0xA6,
    0xBD, 0x71, 0x3F, 0xE4, 0x3D, 0x80, 0x7C, 0xDA, 0x4A, 0x80, 0x5D, 0x1C, 0x41, 0x9F, 0x40, 0xB1,
    0x90, 0xF0, 0x9D, 0x67, 0xD9, 0xF3, 0x65, 0x70, 0x07, 0xF4, 0x1D, 0xB4, 0x47, 0xA8, 0x46, 0x28,
    0x12, 0x38, 0x83, 0x57, 0x9E, 0x4A, 0xCF, 0x27, 0xB9, 0x7B, 0xFD, 0x03, 0xBB, 0x81, 0x85, 0x6C,
    0x20, 0xD0, 0x10, 0x36, 0x5D, 0xAA, 0xCF, 0x74, 0xF7, 0x8F, 0xD6, 0xDD, 0x3F, 0xBD, 0xBA, 0x59,
    0x74, 0x28, 0x63, 0x44, 0x15, 0xB3, 0xED, 0x06, 0x96, 0x5A, 0xC2, 0xC1, 0x0C, 0xF9, 0x08, 0x87,
    0x23, 0x2C, 0xE0, 0x23, 0x37, 0xF0, 0xAA, 0xB6, 0xBB, 0x60, 0xDC, 0xDD, 0x37, 0xEE, 0x57, 0xE3,
    0xF4, 0x15, 0x1B, 0xFF, 0xDC, 0x3B, 0xC8, 0xE2, 0xF8, 0x47, 0xE4, 0x31, 0x25, 0xE4, 0x9F, 0xC4,
    0x5A, 0x4E, 0xED, 0xE4, 0xA7, 0xDC, 0xDD, 0xDF, 0xCD, 0x16, 0x78, 0x5C, 0xB3, 0x6E, 0x9C, 0xF3,
    0xD6, 0xAC, 0x5F, 0x3B, 0xCE, 0x43, 0xF7, 0x2A, 0xDA, 0xB1, 0x46, 0xCC, 0x3D, 0xE6, 0x36, 0x30,
    0x1E, 0xCE, 0xF8, 0xEE, 0xB5, 0xD3, 0xCD, 0x47, 0xB7, 0x66, 0x53, 0x37, 0x0E, 0x31, 0xB7, 0x5C,
    0xCA, 0xD6, 0x36, 0x8A, 0x59, 0xFF, 0x25, 0xB3, 0xC1, 0xF6, 0xD7, 0x45, 0x9A, 0x0B, 0x3F, 0xA0,
    0xFB, 0x2B, 0xFA, 0x01, 0xBD, 0x82, 0xE3, 0x10, 0x75, 0xF3, 0x34, 0xB5, 0xD7, 0xC5, 0x71, 0x86,
    0x3C, 0x1E, 0xCE, 0x2C, 0xA1, 0x8D, 0xB3, 0x72, 0x7D, 0xDA, 0x90, 0xEE, 0x57, 0x37, 0xA3, 0x73,
    0xAD, 0xFF, 0x98, 0x40, 0x3D, 0x5C, 0x61, 0x6D, 0x68, 0x3B, 0xFA, 0x8E, 0xBE, 0xF1, 0xF9, 0x7B,
    0x93, 0xE2, 0xBC, 0x3D, 0x5B, 0xE8, 0x67, 0xE4, 0x11, 0x71, 0x82, 0x36, 0x16, 0x6C, 0x0F, 0x19,
    0x2E, 0x1D, 0x1B, 0x17, 0x31, 0x3C, 0xBA, 0xB6, 0xE0, 0x06, 0xCF, 0x35, 0xAA, 0xB0, 0x8F, 0x41,
    0x1B, 0xCA, 0x18, 0x7C, 0x3F, 0x5C, 0x8B, 0x81, 0xA0, 0xFE, 0x32, 0x4B, 0x3F, 0xD0, 0x77, 0xBB,
    0x18, 0x68, 0xFF, 0x7E, 0x2B, 0xFE, 0x4C, 0x15, 0xF1, 0x93, 0x18, 0xEC, 0x63, 0x2E, 0x63, 0xED,
    0xFC, 0x6B, 0x1F, 0x3C, 0xC1, 0x16, 0xCD, 0xFA, 0x13, 0x28, 0x23, 0x81, 0x2A, 0x02, 0xD4, 0xEF,
    0x07, 0xA8, 0x04, 0x78, 0x2E, 0x3B, 0x03, 0xFB, 0x09, 0xE8, 0x1B, 0xE0, 0x36, 0xE0, 0x35, 0x17,
    0x87, 0x36, 0x92, 0x6D, 0x0B, 0xCD, 0x9F, 0x6D, 0xA1, 0xDD, 0x33, 0xB1, 0x85, 0x0E, 0x33, 0x88,
    0x80, 0x5D, 0x44, 0x87, 0x7C, 0x3E, 0x0C, 0xC8, 0xC7, 0x72, 0x80, 0xDF, 0x95, 0x1D, 0xA8, 0xC1,
    0x2E, 0x81, 0xF2, 0x08, 0xF6, 0x1D, 0xC8, 0xB7, 0x02, 0xF0, 0x34, 0xEE, 0xAE, 0x6F, 0x7D, 0xE0,
    0x5F, 0xE4, 0x96, 0x31, 0x88, 0xE5, 0x54, 0x14, 0x86, 0xFF, 0x24, 0xCC, 0x7B, 0xB2, 0x51, 0x6F,
    0xE3, 0x22, 0xCE, 0x20, 0xE9, 0x11, 0x36, 0x3D, 0xA8, 0x89, 0x7D, 0xA1, 0x85, 0x5B, 0xDB, 0x57,
    0xD3, 0x83, 0x98, 0xC8, 0xF6, 0x30, 0x85, 0xF6, 0xF6, 0x7D, 0xA9, 0x9B, 0x0B, 0xF6, 0x10, 0xB0,
    0xC7, 0x57, 0xD8, 0x93, 0xE2, 0x09, 0x51, 0x92, 0xFC, 0xCE, 0xF9, 0xCF, 0xC3, 0xBC, 0xD9, 0x79,
    0x0E, 0x32, 0x2C, 0xEC, 0xEE, 0xEC, 0x61, 0xF7, 0x7E, 0x03, 0xEF, 0x16, 0xE7, 0x9C, 0xFF, 0x3F,
    0x27, 0x17, 0x00, 0xDE, 0x85, 0xC7, 0x77, 0x8E, 0x8C, 0xCE, 0x62, 0x71, 0x76, 0xA3, 0x90, 0xB2,
    0x46, 0x11, 0x81, 0xA4, 0x07, 0x8A, 0x1D, 0x14, 0x61, 0xB8, 0xC9, 0xAA, 0x6F, 0x38, 0x21, 0x90,
    0xAD, 0x73, 0xC4, 0x39, 0x5B, 0x6C, 0xBA, 0x08, 0xD0, 0x7E, 0x7E, 0x95, 0xAC, 0x81, 0xA6, 0x05,
    0x3A, 0xFB, 0x5F, 0x1F, 0xFD, 0xB6, 0xC7, 0x76, 0xB6, 0x12, 0xF8, 0xA3, 0x0A, 0xCD, 0x48, 0xAA,
    0xBA, 0x86, 0x5E, 0x7F, 0xF2, 0xB4, 0xC6, 0x71, 0x3C, 0x72, 0x14, 0x51, 0xA8, 0x1C, 0x5D, 0xAB,
    0xAB, 0xF4, 0x06, 0x4E, 0x42, 0x3E, 0x08, 0xDB, 0x16, 0x25, 0x8E, 0xEF, 0x0A, 0x4A, 0xE6, 0x31,
    0xB0, 0x21, 0x4A, 0x22, 0xE7, 0x84, 0x86, 0x08, 0x8C, 0xF8, 0x84, 0xD8, 0xD0, 0x73, 0xAB, 0x5E,
    0x26, 0x4C, 0x83, 0xAE, 0x4D, 0x79, 0x8D, 0xE6, 0xCF, 0x4B, 0xFE, 0x01, 0x94, 0xE4, 0x37, 0x8C,
    0xC8, 0x39, 0x06, 0xB6, 0xC0, 0xD3, 0xFA, 0xEC, 0x6B, 0xAC, 0xF1, 0xDE, 0x81, 0x65, 0xEB, 0xAC,
    0x06, 0x67, 0x39, 0x3B, 0xB7, 0x8C, 0x22, 0x9A, 0x9D, 0xF7, 0x22, 0xB9, 0x7A, 0x9B, 0x6D, 0xD1,
    0xBB, 0xF2, 0x7B, 0x61, 0x3B, 0xDD, 0x18, 0x24, 0xB6, 0x87, 0x2E, 0x08, 0xDB, 0x41, 0xC0, 0xF0,
    0x46, 0xD9, 0x22, 0xE9, 0x5C, 0xDB, 0xC0, 0x49, 0x2C, 0x49, 0xB1, 0xFA, 0xDE, 0x59, 0xC2, 0x79,
    0x96, 0xCC, 0x22, 0xF2, 0xBD, 0x60, 0x4D, 0x7D, 0x64, 0x9D, 0xFA, 0x16, 0x6E, 0x8F, 0x4F, 0x6F,
    0xDB, 0xA3, 0x3C, 0xB2, 0xC7, 0x78, 0xCD, 0xF9, 0x01, 0xD9, 0xA3, 0x18, 0x05, 0xEF, 0x56, 0x4A,
    0x59, 0x21, 0x1B, 0x8B, 0x68, 0x18, 0x82, 0x01, 0x3F, 0x85, 0x83, 0x3F, 0x74, 0xA6, 0x93, 0x10,
    0x7A, 0x21, 0x8F, 0xF8, 0xC8, 0xAE, 0xB6, 0xA8, 0xDA, 0x1B, 0x66, 0x91, 0x4B, 0x92, 0xD7, 0xCD,
    0x25, 0x9B, 0xFD, 0xC6, 0xAB, 0x5E, 0xBC, 0xB4, 0x8A, 0x74, 0xEA, 0x12, 0xF0, 0x71, 0x3A, 0x43,
    0xB5, 0xE3, 0xEE, 0x6F, 0xC8, 0x82, 0xAD, 0xDC, 0x30, 0x23, 0xE7, 0x5F, 0x38, 0xE7, 0x15, 0x92,
    0x87, 0xE0, 0x86, 0x64, 0x46, 0xD4, 0xEA, 0xFC, 0x62, 0xD0, 0xED, 0xDF, 0x84, 0x5F, 0x29, 0xB4,
    0x34, 0xC9, 0xD3, 0xFA, 0x49, 0x7D, 0x0E, 0xC5, 0xEB, 0xA7, 0xF8, 0xA5, 0x2B, 0x5E, 0xAC, 0x8A,
    0x2B, 0xCE, 0x6A, 0x67, 0xD1, 0x0B, 0x77, 0xCE, 0xF7, 0xF4, 0x80, 0xE6, 0xFB, 0xCE, 0xA8, 0x6A,
    0x27, 0xE3, 0x69, 0x36, 0x2F, 0xDE, 0x94, 0xCE, 0xC2, 0x63, 0xAD, 0xCD, 0x92, 0xD8, 0x74, 0xB3,
    0xE9, 0x5C, 0xB0, 0x7F, 0xD5, 0x93, 0x7D, 0x3A, 0xB2, 0xBD, 0x10, 0xA6, 0x13, 0xD8, 0x0E, 0x42,
    0xAB, 0x33, 0xDD, 0x0B, 0x19, 0x85, 0x94, 0xFD, 0xF1, 0xC3, 0x32, 0xA7, 0x80, 0x12, 0xFF, 0x11,
    0xB6, 0x07, 0xC8, 0xD8, 0x70, 0x4A, 0xC8, 0xF6, 0x82, 0x57, 0xB8, 0x18, 0x01, 0xBA, 0xC1, 0xBA,
    0xA8, 0x8D, 0x52, 0xF5, 0x9A, 0x97, 0x62, 0x50, 0x63, 0xC3, 0x1E, 0x8B, 0x1E, 0x62, 0x89, 0x25,
    0x93, 0xCE, 0x9E, 0x28, 0x3D, 0xA7, 0xE6, 0xCB, 0xDE, 0x50, 0xFD, 0xDE, 0x1A, 0x0A, 0x7A, 0x12,
    0x8B, 0x90, 0x4D, 0xF7, 0xC3, 0xC5, 0x72, 0xA5, 0xC2, 0x38, 0xA9, 0x4C, 0x21, 0x3D, 0x6C, 0xF0,
    0x75, 0xD9, 0x15, 0x4A, 0x23, 0x9F, 0xBC, 0x09, 0x5E, 0x5B, 0xBB, 0x5E, 0x4A, 0xEA, 0x93, 0x46,
    0xE2, 0x10, 0x38, 0x5D, 0x9F, 0x39, 0xC7, 0x7C, 0xA9, 0xD1, 0xF4, 0xD9, 0x0C, 0x34, 0x75, 0xB2,
    0x00, 0x9D, 0xDA, 0x60, 0x7F, 0xD4, 0x56, 0x69, 0xD5, 0x66, 0x23, 0x50, 0x46, 0xAB, 0xB3, 0xE8,
    0xF3, 0x1D, 0x10, 0x76, 0xA1, 0x37, 0x2D, 0x8A, 0x68, 0x6A, 0x99, 0xD3, 0xD2, 0x49, 0xCE, 0x9B,
    0x7E, 0xB1, 0x73, 0x99, 0x94, 0xC3, 0xB8, 0x3E, 0xF0, 0x4A, 0x4F, 0x34, 0xAE, 0x0B, 0xA8, 0x81,
    0x6E, 0xAE, 0xEF, 0x9A, 0xCB, 0xBD, 0x34, 0xD9, 0xE9, 0xB4, 0x94, 0xCB, 0xF1, 0xA0, 0x52, 0xF2,
    0x06, 0xAA, 0xA4, 0xB8, 0xAF, 0xC1, 0x57, 0x71, 0x82, 0x8B, 0xD3, 0x49, 0x9C, 0x4E, 0xE2, 0xD0,
    0xFE, 0x49, 0xA5, 0x3A, 0xBD, 0x25, 0x4E, 0xF8, 0x57, 0x9C, 0x7C, 0x28, 0x57, 0x71, 0x46, 0xEB,
    0x4B, 0xF2, 0x7F, 0xC4, 0x29, 0x4F, 0x88, 0x33, 0x9B, 0x38, 0x19, 0x4D, 0x1C, 0x9D, 0x75, 0x46,
    0x13, 0x47, 0xED, 0xDD, 0x2E, 0x07, 0x37, 0x45, 0x03, 0x39, 0x18, 0xE6, 0x20, 0xFC, 0xEC, 0xF8,
    0xE0, 0xB0, 0xC0, 0x9B, 0xFA, 0x50, 0xBB, 0x10, 0x85, 0x44, 0x38, 0x0E, 0xAD, 0x42, 0xB2, 0x3F,
    0x4C, 0xE7, 0x05, 0x7B, 0x7C, 0x38, 0x03, 0x6C, 0xD5, 0x99, 0x26, 0xC2, 0x4A, 0xAC, 0x76, 0x28,
    0xA2, 0x04, 0xB7, 0xF2, 0xF2, 0x11, 0x9D, 0xAB, 0xE1, 0x82, 0xA7, 0xAA, 0x8D, 0xD9, 0x4D, 0xC1,
    0xA3, 0x21, 0xB0, 0x7E, 0x29, 0x82, 0xFF, 0xE0, 0x82, 0xCF, 0x12, 0x5C, 0xC0, 0xA5, 0x4C, 0x20,
    0xF1, 0x73, 0x2E, 0x30, 0x1D, 0x3A, 0x3B, 0x63, 0x65, 0x6D, 0x8A, 0x9F, 0x43, 0x2D, 0x71, 0x89,
    0xD7, 0xFD, 0xFC, 0x04, 0x16, 0xEF, 0xE3, 0xF4, 0x88, 0xEE, 0x5F, 0x18, 0xD1, 0xF4, 0xF6, 0x88,
    0x36, 0x37, 0x46, 0xD4, 0x6A, 0x0E, 0x1A, 0xD1, 0x7C, 0x38, 0x1A, 0xD1, 0xB1, 0xAC, 0x4D, 0xFF,
    0x4A, 0xE2, 0xC8, 0x05, 0xCF, 0x55, 0x49, 0x35, 0x4A, 0xF3, 0x61, 0xDD, 0x25, 0xE1, 0xC8, 0x05,
    0xD5, 0xEA, 0x82, 0xEC, 0xAE, 0x11, 0x45, 0x32, 0xA7, 0xAD, 0xCA, 0x7E, 0x36, 0xA8, 0xC7, 0x14,
    0x9E, 0xE9, 0xE2, 0x56, 0x1F, 0xC0, 0xBB, 0x82, 0x1C, 0x33, 0x32, 0x92, 0xFB, 0x6B, 0xB4, 0x25,
    0x6B, 0x14, 0x23, 0xD2, 0x05, 0x52, 0x9A, 0x56, 0x95, 0x3E, 0xA4, 0x95, 0x7F, 0x47, 0x9F, 0xCB,
    0xB0, 0xF2, 0x5E, 0x18, 0x64, 0xA6, 0xED, 0xA8, 0x86, 0x66, 0x93, 0x72, 0x4F, 0x16, 0x4F, 0xBE,
    0x6B, 0xBC, 0x87, 0xB3, 0x50, 0x4E, 0x42, 0x18, 0xEE, 0x87, 0xCB, 0xBF, 0xBF, 0xD2, 0x03, 0x8B,
    0x93, 0xD7, 0x37, 0x4A, 0xC5, 0x8D, 0x75, 0x6D, 0xCE, 0xA3, 0x29, 0x15, 0xEC, 0x0C, 0x8C, 0xC0,
    0x67, 0x99, 0xB5, 0xE6, 0x1D, 0xFC, 0xB3, 0x9D, 0x10, 0xDF, 0x51, 0x50, 0xF6, 0x32, 0xE1, 0x2D,
    0x7B, 0xF5, 0x69, 0x5F, 0xF6, 0x02, 0x00, 0xBD, 0x95, 0x01, 0xA4, 0x25, 0xC9, 0x15, 0x86, 0xBF,
    0xBE, 0xB5, 0x2F, 0x1D, 0xE9, 0xB1, 0xB5, 0x98, 0x45, 0x92, 0x4D, 0x1A, 0x00, 0x66, 0xD3, 0x97,
    0x58, 0x16, 0xF7, 0x4D, 0x15, 0x01, 0x80, 0xC1, 0x8C, 0x20, 0x21, 0xB0, 0x00, 0x64, 0x11, 0x2C,
    0xE6, 0xBD, 0x2E, 0x02, 0x00, 0x02, 0x60, 0x21, 0x08, 0x00, 0x06, 0x41, 0x30, 0xF3, 0xBA, 0x6C,
    0x02, 0x80, 0x0E, 0x00, 0x44, 0x63, 0x25, 0x00, 0x85, 0x16, 0x1D, 0x5B, 0xF7, 0x9E, 0xD4, 0x51,
    0xDE, 0x5C, 0x2F, 0xF6, 0xC5, 0xEE, 0xDA, 0xD9, 0xBF, 0xEB, 0xFC, 0x7D, 0xDE, 0x39, 0xFF, 0xA9,
    0x3A, 0x75, 0x1F, 0xA7, 0xF7, 0xFF, 0x17, 0xBC, 0x75, 0x78, 0xDB, 0x1E, 0x4C, 0x32, 0x8B, 0xDD,
    0x2E, 0xFF, 0xF1, 0xF0, 0x6F, 0xC4, 0xAF, 0xFD, 0x58, 0xC0, 0x44, 0x20, 0x01, 0x07, 0xA0, 0xC7,
    0x89, 0xC4, 0x0F, 0x9E, 0xFD, 0x86, 0x3D, 0x87, 0x62, 0x89, 0x7D, 0xC9, 0xEF, 0x2D, 0xC5, 0x7F,
    0xB3, 0xC6, 0x01, 0x92, 0x36, 0x63, 0xE1, 0x12, 0x26, 0x91, 0xCB, 0x67, 0xBF, 0xB4, 0x18, 0x13,
    0x0D, 0xC9, 0x70, 0x30, 0xF0, 0xED, 0xAC, 0x49, 0x36, 0x91, 0x2C, 0xB2, 0xBD, 0x76, 0xA4, 0x20,
    0xDE, 0xA5, 0x7C, 0x87, 0x2A, 0xD2, 0x37, 0xF0, 0x4C, 0xFE, 0xAE, 0xD7, 0xDD, 0xE6, 0x79, 0x8D,
    0xFF, 0x4D, 0x78, 0x93, 0xBA, 0xB9, 0x8F, 0xCE, 0x8F, 0x4C, 0x88, 0x3E, 0x61, 0x9A, 0x07, 0xDF,
    0xF8, 0x3E, 0xD9, 0xAD, 0xCB, 0x26, 0x9B, 0xCD, 0xAC, 0x6D, 0xD1, 0xD8, 0x38, 0xF8, 0x4B, 0xEE,
    0x8B, 0x5F, 0xE0, 0xE2, 0x14, 0xC5, 0x0B, 0xC2, 0x88, 0x63, 0x08, 0x36, 0xB6, 0x4B, 0xB3, 0x50,
    0x76, 0x32, 0x4B, 0x17, 0xBB, 0xA2, 0xEA, 0x83, 0xC3, 0xF9, 0x57, 0x8C, 0x64, 0xA6, 0x5D, 0x46,
    0x8C, 0xDA, 0x11, 0xF9, 0xBD, 0x30, 0xFD, 0x5D, 0xFC, 0x50, 0x72, 0x8D, 0xBF, 0xA0, 0x4F, 0x2E,
    0xDA, 0xCD, 0x2D, 0x5D, 0xEE, 0x93, 0xC9, 0x36, 0x99, 0xAD, 0xD8, 0x6A, 0x97, 0x36, 0xD9, 0x58,
    0x7A, 0x2D, 0x3B, 0x3B, 0x06, 0x7F, 0xC5, 0x25, 0xBF, 0xFB, 0xDA, 0xFA, 0x0B, 0x1E, 0xE2, 0xA2,
    0xF8, 0xE9, 0x33, 0x41, 0x7E, 0x71, 0xAA, 0x3D, 0xEC, 0x32, 0x53, 0x93, 0x71, 0x1C, 0x8B, 0xEE,
    0x06, 0xD5, 0xB7, 0xA5, 0x6E, 0x37, 0xB7, 0x91, 0x76, 0x85, 0xAE, 0x58, 0xAB, 0x96, 0xC0, 0x54,
    0x7B, 0x62, 0xD2, 0x85, 0xFC, 0xEB, 0xDF, 0x22, 0x8A, 0x2F, 0xBE, 0x90, 0xA7, 0xE5, 0x6F, 0x8D,
    0x7F, 0x75, 0x5B, 0xAB, 0x75, 0x0B, 0xD8, 0x74, 0xB6, 0x6E, 0xA1, 0xDA, 0xFC, 0x96, 0x7C, 0xFA,
    0x4F, 0xB9, 0xC5, 0x9F, 0xDA, 0xF9, 0x47, 0x1A, 0xBF, 0x4F, 0xFF, 0x51, 0x3B, 0xFF, 0xF0, 0x56,
    0xAB, 0x75, 0xEF, 0x94, 0xFA, 0xFB, 0xF4, 0xFD, 0x3A, 0x1E, 0xAB, 0x70, 0x3C, 0xF6, 0xEB, 0x3B,
    0x70, 0x04, 0x99, 0x91, 0x0D, 0x91, 0x20, 0xB2, 0x89, 0x54, 0xAC, 0x22, 0x5E, 0x83, 0x81, 0xBF,
    0xA0, 0xB8, 0x60, 0x0C, 0x12, 0x25, 0x4E, 0xFE, 0x61, 0xF1, 0x79, 0x32, 0x86, 0x76, 0x93, 0x68,
    0xB3, 0xDA, 0xE4, 0xBB, 0xF5, 0xA1, 0xFE, 0x37, 0x28, 0x84, 0xE6, 0xE8, 0x17, 0x34, 0x8F, 0x4B,
    0xA8, 0x46, 0xDF, 0xAA, 0x63, 0x98, 0x51, 0x2D, 0x2A, 0xF5, 0x83, 0x97, 0xA8, 0xCF, 0x35, 0xB4,
    0x01, 0x9A, 0x05, 0xF8, 0x04, 0x78, 0x1F, 0xE8, 0xFC, 0x87, 0x46, 0xE2, 0xBE, 0xF9, 0x95, 0xDF,
    0xF3, 0x13, 0xF6, 0x25, 0xBE, 0x2F, 0xF9, 0x7D, 0x1B, 0xBE, 0xD3, 0x21, 0x74, 0x05, 0x92, 0xED,
    0xD5, 0xD3, 0xB6, 0x7F, 0x03, 0x43, 0x88, 0x8F, 0x69, 0x32, 0x46, 0xB0, 0x3F, 0x8F, 0x87, 0x7D,
    0x7A, 0xB1, 0x3F, 0x84, 0xFD, 0xF7, 0xD9, 0xF3, 0xED, 0xAF, 0xC3, 0xFB, 0x60, 0xAD, 0xC7, 0xFC,
    0x75, 0x86, 0x94, 0xE0, 0xF9, 0xC1, 0x89, 0xD8, 0x0F, 0x9E, 0x3D, 0x7F, 0xB4, 0x27, 0xFD, 0x79,
    0x6F, 0x3E, 0x9B, 0xF7, 0x25, 0xBF, 0x2F, 0xBA, 0x37, 0xFF, 0xEB, 0x1E, 0xB4, 0x85, 0xD2, 0x4A,
    0xD4, 0x96, 0x38, 0x5C, 0xC2, 0x8B, 0x51, 0xF2, 0xE1, 0xF2, 0xD9, 0xAF, 0xAD, 0xE5, 0x41, 0x89,
    0x3F, 0x28, 0xF9, 0x07, 0x1C, 0x1E, 0x3D, 0x00, 0xDE, 0xB4, 0xDD, 0x45, 0x47, 0xC5, 0x34, 0x83,
    0x8D, 0x28, 0x5A, 0xC9, 0x30, 0x78, 0x14, 0xBD, 0x9C, 0xC0, 0xA1, 0xC0, 0x85, 0x09, 0x72, 0xF5,
    0x47, 0x86, 0xD0, 0x6C, 0xD5, 0x7F, 0x45, 0x1F, 0x4D, 0xAA, 0x7E, 0xC6, 0xC6, 0x76, 0x3E, 0xFB,
    0x36, 0x9E, 0xFD, 0x81, 0xB3, 0xFF, 0x98, 0x8A, 0x23, 0x7D, 0x78, 0xD9, 0xDC, 0x78, 0xBE, 0xF7,
    0x1F, 0x6E, 0x70, 0x7E, 0xB5, 0xB2, 0xE0, 0x24, 0x8C, 0x61, 0xDA, 0x2D, 0x4E, 0x36, 0x44, 0x96,
    0x41, 0x72, 0x1B, 0x65, 0x97, 0x4D, 0xEE, 0x92, 0x95, 0xD5, 0x86, 0xCC, 0xC9, 0x24, 0xB3, 0x35,
    0x12, 0x86, 0xDD, 0xCA, 0xD8, 0xCD, 0x4D, 0x06, 0x2E, 0x4D, 0xC2, 0xD9, 0x88, 0xFA, 0xF9, 0xEC,
    0x37, 0xEB, 0xD9, 0x37, 0xCB, 0xD9, 0xEF, 0xB4, 0xE7, 0x6B, 0x1B, 0xF5, 0x16, 0x36, 0xEC, 0x56,
    0x5E, 0x75, 0x73, 0x61, 0x1C, 0x4D, 0x26, 0xB7, 0xA9, 0x64, 0xB9, 0x06, 0xF9, 0x74, 0x33, 0xA7,
    0xDF, 0x2E, 0x90, 0x61, 0x94, 0xA5, 0x11, 0x09, 0xA8, 0xAC, 0x97, 0xC0, 0x78, 0x82, 0x5D, 0x82,
    0xE6, 0x29, 0x5C, 0x3C, 0x01, 0x3C, 0x9C, 0xB1, 0x68, 0xC7, 0xED, 0x66, 0x53, 0xBF, 0x0C, 0xD1,
    0xF9, 0x1B, 0x32, 0x2F, 0xCE, 0xB9, 0xB9, 0x64, 0xD7, 0x92, 0x5F, 0x55, 0xA1, 0x9A, 0x7E, 0x71,
    0xB1, 0xE8, 0x82, 0xF3, 0x13, 0xAA, 0xCD, 0xCD, 0x5A, 0xF4, 0xCB, 0x9D, 0x1D, 0x4D, 0xB0, 0x7E,
    0xB7, 0x75, 0x8B, 0x9D, 0x75, 0xE6, 0x0F, 0x73, 0xBB, 0xF6, 0xB3, 0x8B, 0x36, 0xB9, 0x38, 0x85,
    0x7E, 0x1E, 0x83, 0x30, 0xC4, 0x69, 0x77, 0xD4, 0xC9, 0x6E, 0x36, 0x6E, 0x76, 0x5B, 0x9B, 0xF4,
    0xA7, 0xB0, 0x91, 0x17, 0xBB, 0xD8, 0x9D, 0xBB, 0x7B, 0xC4, 0x09, 0x61, 0xF2, 0xE5, 0xC4, 0x59,
    0xBF, 0x1B, 0xBB, 0x8D, 0xCC, 0x87, 0xB7, 0x39, 0xCD, 0x6A, 0x5E, 0x15, 0xAA, 0x51, 0x95, 0xEA,
    0x54, 0xA9, 0x5A, 0x55, 0xAB, 0x5E, 0x2B, 0xCE, 0x3B, 0xFE, 0x8C, 0x9F, 0x72, 0x62, 0xC2, 0xA1,
    0x75, 0x63, 0x98, 0xC2, 0x18, 0x9D, 0x3E, 0xB3, 0x56, 0xF7, 0x8B, 0xDE, 0xB2, 0x4B, 0xE5, 0xBE,
    0xAB, 0xD9, 0x74, 0x8F, 0x26, 0xA3, 0xCF, 0x2B, 0xAE, 0x38, 0xA0, 0x87, 0x52, 0xE1, 0x01, 0xB3,
    0x00, 0x76, 0x03, 0xDC, 0x0D, 0x70, 0x1C, 0x02, 0x66, 0xED, 0x16, 0xEC, 0xBC, 0xDB, 0x70, 0x9E,
    0x12, 0xEC, 0xBC, 0x3A, 0x27, 0xDA, 0x8D, 0x3E, 0x31, 0x46, 0xC4, 0x23, 0xA8, 0xA3, 0x73, 0x78,
    0x85, 0x23, 0x38, 0x95, 0x7D, 0x82, 0xBE, 0xFB, 0x48, 0xB7, 0xB2, 0x3B, 0xA2, 0x3A, 0x17, 0x6B,
    0x81, 0x39, 0x6A, 0xB0, 0xA4, 0x46, 0x28, 0xB2, 0x8A, 0x8F, 0x95, 0xDE, 0x7B, 0xAE, 0x7C, 0xD5,
    0xD3, 0x46, 0xD6, 0x36, 0xDA, 0x64, 0xE6, 0xA6, 0xF4, 0x6F, 0x3D, 0x2F, 0xDB, 0x78, 0x09, 0x03,
    0xAC, 0xD0, 0x45, 0x6D, 0x74, 0x97, 0x6C, 0x00, 0x5E, 0x3E, 0xA6, 0xA8, 0x87, 0x4D, 0xD5, 0xDD,
    0x62, 0x53, 0xE5, 0x1A, 0xA9, 0xD9, 0xAA, 0xAC, 0x55, 0x75, 0x87, 0xBA, 0x5B, 0xDD, 0xB9, 0x9E,
    0xA2, 0x27, 0x36, 0x6B, 0x3D, 0xBD, 0x76, 0x02, 0x8A, 0x0B, 0xCF, 0x53, 0x17, 0xCC, 0xA6, 0xDF,
    0x1D, 0xF1, 0x76, 0x15, 0x6C, 0xFA, 0x26, 0x36, 0xD1, 0x25, 0xB5, 0x91, 0x36, 0xC1, 0x19, 0xEF,
    0xD2, 0x3C, 0x99, 0x42, 0x77, 0xFE, 0xBE, 0x15, 0x5F, 0x63, 0x52, 0x90, 0xCF, 0x34, 0x89, 0x17,
    0x5D, 0xDC, 0xA2, 0x59, 0x00, 0x93, 0x80, 0x56, 0x3D, 0x1B, 0x81, 0xDE, 0x03, 0xAE, 0x4E, 0x06,
    0x60, 0x43, 0x6F, 0xAE, 0x32, 0x55, 0x74, 0xAA, 0xB0, 0xAA, 0x18, 0x00, 0x0E, 0xB7, 0x8A, 0xE6,
    0x3E, 0xC5, 0x95, 0x52, 0x56, 0xC5, 0x5A, 0x8F, 0xBA, 0x55, 0x84, 0xDB, 0x53, 0xAE, 0x95, 0x1E,
    0x71, 0x8B, 0x7E, 0x85, 0xE1, 0x73, 0x26, 0xF1, 0xC8, 0x09, 0x91, 0xA5, 0x58, 0x14, 0xD9, 0x10,
    0x49, 0x1F, 0xB5, 0x47, 0xFE, 0xD8, 0x6F, 0x20, 0xB0, 0xCB, 0xE0, 0x3C, 0xDA, 0x64, 0x1F, 0xE0,
    0x71, 0xDD, 0xD2, 0xD5, 0x4B, 0xB8, 0x1A, 0x1C, 0x69, 0xA6, 0xC0, 0xEE, 0xC4, 0x28, 0xC5, 0x3B,
    0x5A, 0x39, 0x62, 0x65, 0xEB, 0x65, 0xA5, 0x97, 0xA5, 0x3F, 0x79, 0xFA, 0x13, 0x76, 0x81, 0x7E,
    0xD1, 0x62, 0x35, 0x1B, 0x51, 0x6B, 0x63, 0x6D, 0xF3, 0xCB, 0xD0, 0x3C, 0x41, 0xAD, 0xDB, 0x50,
    0xB3, 0x19, 0xB5, 0xFA, 0xA2, 0x06, 0x6F, 0x25, 0x28, 0x9E, 0xEA, 0x85, 0xCC, 0xA6, 0xF7, 0xE9,
    0x56, 0xBD, 0x8E, 0x2D, 0xBC, 0x61, 0xF5, 0x32, 0x85, 0x41, 0x50, 0x76, 0x5E, 0xB9, 0x0F, 0xCA,
    0xB6, 0x72, 0x7C, 0x1D, 0x69, 0x26, 0xE5, 0x51, 0x95, 0x56, 0xB4, 0xAA, 0x97, 0x55, 0xF9, 0xE4,
    0x35, 0xB2, 0xA0, 0x1C, 0xA0, 0x4B, 0x36, 0x2A, 0x6B, 0xF7, 0xED, 0x72, 0x5F, 0xE7, 0xB5, 0xC7,
    0xDA, 0x70, 0xE5, 0x1A, 0xA9, 0xD9, 0x0B, 0x0F, 0xE0, 0xC2, 0x4E, 0x3C, 0x93, 0xB7, 0xB2, 0x22,
    0x85, 0x4F, 0x08, 0x56, 0x24, 0x08, 0x3F, 0xF0, 0xE3, 0x2C, 0xE8, 0x89, 0xCA, 0x66, 0x55, 0x6E,
    0x36, 0x65, 0x2A, 0xE7, 0x73, 0xE4, 0xC7, 0xCA, 0xAD, 0xA8, 0x52, 0x64, 0x16, 0x1A, 0x11, 0xAF,
    0xFC, 0x39, 0x02, 0x27, 0x98, 0x60, 0x43, 0x39, 0xC3, 0x35, 0xBC, 0xE4, 0x4B, 0xF0, 0x2E, 0xBA,
    0xA6, 0xA0, 0x4B, 0xE2, 0x79, 0xD5, 0x48, 0xCD, 0x56, 0x34, 0xD3, 0x4C, 0x4B, 0x27, 0xE2, 0x07,
    0x3F, 0xFC, 0x61, 0x12, 0xE1, 0x31, 0x9D, 0x64, 0xDE, 0x83, 0x69, 0xE1, 0x2E, 0x74, 0x82, 0x77,
    0xFE, 0x6D, 0x74, 0x8A, 0xDB, 0x79, 0x88, 0x26, 0xD7, 0x59, 0xAC, 0xD3, 0xDC, 0xC5, 0x31, 0xE8,
    0x44, 0xD7, 0x79, 0xAC, 0x53, 0x5D, 0x9A, 0x13, 0x3A, 0xD9, 0x4F, 0xBB, 0x8C, 0xF3, 0x93, 0x96,
    0x70, 0xA3, 0x73, 0xB9, 0x5B, 0x74, 0xCA, 0xB7, 0xB3, 0xCE, 0x67, 0x1D, 0xEE, 0x1D, 0xAF, 0xF1,
    0x5F, 0xB5, 0x92, 0x21, 0x6C, 0xDD, 0x3A, 0x18, 0x85, 0xBF, 0x24, 0xEA, 0xB3, 0xF4, 0x02, 0xFC,
    0xC8, 0x43, 0x0F, 0x84, 0x23, 0xD3, 0xC7, 0x7E, 0x73, 0x3E, 0x3E, 0xDC, 0x81, 0x71, 0xD0, 0x39,
    0xE3, 0xA4, 0x9C, 0x83, 0xAA, 0x03, 0xE3, 0x60, 0x75, 0x38, 0xCA, 0x70, 0x49, 0x40, 0xD1, 0x46,
    0x02, 0x22, 0x2D, 0xEB, 0x75, 0xFC, 0xCF, 0xCB, 0xBD, 0x95, 0xBA, 0x56, 0x2A, 0x98, 0x34, 0xE9,
    0x9C, 0x80, 0x18, 0x9C, 0x63, 0x9F, 0x8F, 0x70, 0x47, 0xA3, 0x8A, 0xBD, 0xD7, 0x5E, 0x06, 0x37,
    0x04, 0xEC, 0x74, 0x43, 0x3B, 0x6F, 0x98, 0x27, 0x6E, 0xCB, 0x7F, 0x3B, 0x06, 0xBA, 0x41, 0xC6,
    0xD8, 0x77, 0x9A, 0x31, 0xBA, 0xC0, 0xBF, 0x1E, 0x38, 0x03, 0x82, 0x07, 0xF5, 0x34, 0xC5, 0x6D,
    0x71, 0x17, 0x3D, 0x22, 0x9E, 0x24, 0xBE, 0x5E, 0xC4, 0x9B, 0x49, 0xBC, 0x1D, 0xC4, 0xCB, 0x75,
    0xBC, 0x12, 0xD5, 0xD4, 0x15, 0x83, 0xF8, 0xC7, 0x6E, 0x35, 0xD9, 0xA2, 0x2F, 0x57, 0xB6, 0xA7,
    0xA8, 0xFB, 0x4E, 0xA7, 0xE3, 0xDF, 0x71, 0xA1, 0x49, 0x50, 0xB4, 0x51, 0x25, 0x4C, 0xAA, 0xE2,
    0xAC, 0x3A, 0xC6, 0xBC, 0x47, 0xFF, 0x95, 0x40, 0x32, 0x95, 0x7A, 0xCC, 0x42, 0x29, 0x07, 0xA2,
    0x3D, 0x41, 0x17, 0xE2, 0xC7, 0x8D, 0x0D, 0x2D, 0x0E, 0xC5, 0xE2, 0x33, 0x42, 0x24, 0x20, 0x9F,
    0x33, 0x4E, 0x13, 0x46, 0x27, 0x78, 0x05, 0x51, 0xB3, 0xAA, 0xE6, 0x6B, 0x5D, 0x48, 0x73, 0xB3,
    0xFC, 0xD3, 0x4E, 0xD8, 0x01, 0xF1, 0x84, 0x53, 0x64, 0x5D, 0x1A, 0xCC, 0x98, 0x99, 0x76, 0xC4,
    0x8C, 0x54, 0x9E, 0x2A, 0x4E, 0x94, 0xAA, 0xC8, 0x21, 0x23, 0x3E, 0x12, 0x08, 0x08, 0xEF, 0x4A,
    0xFC, 0x4A, 0x73, 0x98, 0x30, 0xB7, 0x2B, 0x8E, 0xCC, 0x05, 0x72, 0x8A, 0x0E, 0xE8, 0x7B, 0x25,
    0x68, 0xA2, 0x3B, 0xC5, 0xD6, 0xDA, 0xD3, 0xE9, 0x82, 0x7C, 0x4D, 0x44, 0xF2, 0x43, 0x4D, 0x32,
    0xE2, 0x43, 0x2F, 0x88, 0x2A, 0x6D, 0x31, 0xE7, 0x1B, 0xD4, 0x09, 0xDA, 0x05, 0xC2, 0xC8, 0x1B,
    0xF5, 0x84, 0x95, 0xE3, 0xED, 0xE7, 0xE8, 0x91, 0x6F, 0x3A, 0x22, 0x1A, 0x27, 0x9A, 0xB5, 0x9D,
    0x69, 0x16, 0xF3, 0xC2, 0xE7, 0xBF, 0xCD, 0x66, 0x24, 0x3B, 0xE5, 0xB8, 0x7C, 0xDE, 0x97, 0x77,
    0x65, 0x79, 0xC1, 0x4E, 0x71, 0x5F, 0xD9, 0xBC, 0xB0, 0xBE, 0xFB, 0xB9, 0xBE, 0xFF, 0x65, 0x7D,
    0x43, 0x15, 0x7B, 0x51, 0xEF, 0xD4, 0x23, 0x2F, 0x2A, 0x5C, 0x76, 0xBA, 0x39, 0xDD, 0x08, 0x13,
    0x46, 0x13, 0xF6, 0xA0, 0xC8, 0x10, 0x90, 0x5E, 0xBC, 0xF3, 0x42, 0x45, 0x00, 0x1E, 0xAE, 0x3B,
    0x83, 0x1B, 0x8F, 0x4C, 0x6D, 0x60, 0x67, 0x90, 0xFB, 0xEB, 0x4B, 0x51, 0x1D, 0x8B, 0x87, 0x4A,
    0x0B, 0x83, 0x4B, 0x79, 0xBC, 0x0B, 0xB6, 0xFF, 0x49, 0x54, 0x89, 0x76, 0x2E, 0x45, 0xCA, 0xAA,
    0xCD, 0x87, 0x95, 0x6A, 0xE7, 0x85, 0x44, 0x93, 0xAA, 0xB7, 0x73, 0xD0, 0x31, 0x64, 0xCE, 0xFE,
    0x18, 0xAA, 0xF6, 0x8E, 0xAE, 0xF4, 0xD1, 0xF2, 0xBE, 0x2B, 0xF5, 0x29, 0x7A, 0xA7, 0x75, 0xDD,
    0x69, 0x1D, 0x4E, 0xB4, 0x96, 0x23, 0x5C, 0xA6, 0x74, 0xC7, 0x24, 0xB0, 0x13, 0xB8, 0x13, 0xB1,
    0x51, 0x17, 0xF4, 0x77, 0x88, 0xAD, 0x97, 0xD7, 0x66, 0x27, 0xD6, 0xF5, 0x08, 0xDC, 0xEC, 0xC9,
    0x05, 0xC3, 0x23, 0xB4, 0xD3, 0x73, 0x68, 0xDD, 0x13, 0x68, 0xDD, 0x90, 0x68, 0x0F, 0x33, 0xB5,
    0x96, 0xF3, 0xDB, 0x84, 0xA0, 0x7C, 0x7A, 0x04, 0x6E, 0x2C, 0xE0, 0x8A, 0x26, 0xEC, 0x23, 0x70,
    0xAD, 0xCE, 0xCF, 0xC0, 0x2D, 0xF6, 0x37, 0x08, 0x05, 0x5E, 0xDC, 0x0E, 0x6F, 0x86, 0xF3, 0x04,
    0xF5, 0xBA, 0xAF, 0xF9, 0x14, 0xDE, 0x1F, 0x65, 0xD1, 0x01, 0xA6, 0xDC, 0x40, 0x1C, 0xC7, 0xF1,
    0x6F, 0x12, 0xED, 0xD2, 0x60, 0x40, 0x0B, 0xB0, 0xBD, 0x41, 0xA0, 0x80, 0xC7, 0xCC, 0x11, 0x16,
    0x16, 0xF4, 0x08, 0x45, 0x2F, 0x50, 0x26, 0x47, 0x28, 0x7A, 0x85, 0xC2, 0x3B, 0xC3, 0xD3, 0xC9,
    0x11, 0xF6, 0x08, 0x0B, 0xA5, 0x80, 0x20, 0x48, 0x9F, 0xC9, 0xFC, 0xFA, 0xFE, 0xEC, 0xCB, 0xB0,
    0x85, 0x8F, 0xAF, 0xFF, 0x3F, 0x89, 0x98, 0xF1, 0x92, 0xB2, 0x37, 0xDE, 0x19, 0x08, 0x9E, 0x76,
    0xBE, 0x19, 0x9F, 0x0C, 0xFE, 0x43, 0xBA, 0xEC, 0x4C, 0x77, 0x5B, 0x6F, 0xA3, 0xCA, 0xDD, 0xB6,
    0xD1, 0x4F, 0x18, 0xEA, 0x96, 0x56, 0xA3, 0x0D, 0x56, 0x48, 0xDA, 0x68, 0x4A, 0x23, 0xBA, 0x95,
    0xC8, 0x61, 0xC6, 0xD3, 0x5F, 0x79, 0xC0, 0x5D, 0x00, 0x37, 0x01, 0x47, 0x63, 0x78, 0xC1, 0x49,
    0xE2, 0x68, 0xE0, 0x47, 0xC0, 0x07, 0xF0, 0xD2, 0x46, 0x94, 0x32, 0x24, 0x80, 0x5F, 0xC6, 0x06,
    0x34, 0x19, 0x68, 0x57, 0xE0, 0xCB, 0xF3, 0xE3, 0xE3, 0x93, 0x24, 0xE5, 0x64, 0x44, 0x49, 0xCB,
    0x7B, 0x9A, 0xF3, 0xE9, 0x43, 0xD2, 0x1F, 0x00, 0x00, 0x9B, 0x8E, 0xD4, 0x9E, 0x6F, 0xFD, 0x46,
    0x1C, 0xF3, 0xAD, 0x11, 0xDD, 0x56, 0xBB, 0x29, 0xB5, 0x11, 0xD4, 0xE6, 0xA1, 0x36, 0xB9, 0x3E,
    0x5F, 0xBB, 0xDB, 0x1A, 0x89, 0xE1, 0xAF, 0x75, 0x6F, 0xFF, 0xD5, 0x4A, 0x13, 0x22, 0xCE, 0x52,
    0x39, 0x2C, 0xC7, 0x11, 0xD9, 0x20, 0xE3, 0xA6, 0xDE, 0xBA, 0x80, 0xF5, 0x01, 0x54, 0xBE, 0x63,
    0x7D, 0x05, 0x04, 0xD6, 0x7D, 0xA9, 0xDD, 0x69, 0xD9, 0x9B, 0x54, 0x6A, 0xBF, 0xD5, 0xB8, 0x37,
    0xC3, 0xB4, 0xBF, 0x8B, 0xDB, 0xDB, 0x05, 0x37, 0xB5, 0xFA, 0x01, 0xA8, 0x71, 0x61, 0x18, 0xBD,
    0x04, 0x24, 0xB9, 0x67, 0x11, 0xAD, 0xF1, 0xC5, 0x69, 0x7D, 0x3D, 0x99, 0x13, 0xE7, 0x00, 0xF0,
    0xB5, 0x04, 0x38, 0x48, 0x33, 0x78, 0x13, 0x5D, 0xBA, 0x99, 0xAE, 0xF0, 0x62, 0xBF, 0xD2, 0x5D,
    0x71, 0x33, 0xDD, 0x84, 0x5D, 0x21, 0x78, 0x93, 0x18, 0xE0, 0x76, 0x95, 0x83, 0x09, 0x82, 0x57,
    0xBD, 0x94, 0x21, 0x9A, 0xA0, 0x00, 0x90, 0x4C, 0xE2, 0x58, 0xBF, 0x30, 0x5C, 0x4D, 0xB7, 0x98,
    0x7D, 0x81, 0x8F, 0xB4, 0xFA, 0xFD, 0x79, 0x86, 0x24, 0x5D, 0xA0, 0x97, 0x02, 0x70, 0x3E, 0xF1,
    0x0F, 0xA5, 0x93, 0x2F, 0x6C, 0x14, 0x4F, 0x14, 0xC7, 0xBF, 0xDB, 0x6D, 0x3A, 0xFD, 0x65, 0x7E,
    0xB0, 0x18, 0x12, 0x44, 0x93, 0x45, 0x13, 0xC8, 0xE2, 0x13, 0x6E, 0xD6, 0x21, 0x51, 0x5B, 0x8D,
    0x37, 0xE0, 0x13, 0xBA, 0xE3, 0xB0, 0x78, 0x85, 0x84, 0x45, 0x60, 0x90, 0xA4, 0x1D, 0xA8, 0x38,
    0x81, 0xB8, 0x75, 0x48, 0x2E, 0x41, 0x34, 0xC1, 0x70, 0x09, 0x2B, 0x36, 0x61, 0x96, 0xE1, 0x7D,
    0xF3, 0x72, 0xB9, 0x6B, 0x05, 0x50, 0xF8, 0xA4, 0xEF, 0x9B, 0xDE, 0xFC, 0x79, 0xFF, 0xE6, 0x2D,
    0xF6, 0x41, 0x1C, 0xC8, 0x44, 0xC9, 0x07, 0x6A, 0xD1, 0x6F, 0x96, 0x13, 0xE9, 0x55, 0xDB, 0xE6,
    0xB0, 0xEB, 0x7C, 0xE9, 0x21, 0x98, 0x25, 0x35, 0x1B, 0x41, 0x4E, 0x40, 0xEE, 0x80, 0xEC, 0x82,
    0xEC, 0xD4, 0xEA, 0xC6, 0x0D, 0x40, 0x9A, 0x90, 0x7F, 0xFF, 0xEA, 0x8B, 0xF9, 0x87, 0xA5, 0x33,
    0xEF, 0xC7, 0x7B, 0x26, 0xBC, 0xD9, 0x35, 0xE1, 0x1A, 0x4C, 0x00, 0xD6, 0x66, 0x2F, 0x69, 0xC0,
    0x7F, 0x20, 0x55, 0xBD, 0x49, 0x58, 0x93, 0x47, 0x04, 0x71, 0x48, 0x24, 0x68, 0xE6, 0x5D, 0xF7,
    0xB2, 0x79, 0xE4, 0x21, 0x1C, 0x6D, 0xD2, 0xD6, 0x12, 0xCA, 0x40, 0x2D, 0xB0, 0x66, 0xCF, 0x5F,
    0x2E, 0x13, 0x73, 0xDE, 0x0E, 0x4C, 0x78, 0x7C, 0x64, 0xDE, 0x8D, 0xD5, 0xD3, 0xF9, 0xCA, 0x9E,
    0x2D, 0x42, 0x96, 0x12, 0xD0, 0x46, 0xA0, 0x5C, 0xE9, 0x19, 0xC5, 0x00, 0x01, 0x28, 0x42, 0x2E,
    0xAB, 0x8E, 0x39, 0xF3, 0xCF, 0x81, 0x3F, 0x8B, 0x50, 0x04, 0xC8, 0x7F, 0x2E, 0x09, 0x51, 0x55,
    0x57, 0x74, 0x57, 0x4F, 0xA2, 0x05, 0xE8, 0x95, 0x1E, 0xE8, 0xAD, 0xC7, 0x06, 0xC6, 0x61, 0x3C,
    0xC6, 0x95, 0xF8, 0xB5, 0xF9, 0xB6, 0xE8, 0xCB, 0xD3, 0xD3, 0xC1, 0xE5, 0x21, 0xFE, 0x9F, 0x87,
    0xBB, 0xC8, 0x03, 0x7E, 0x65, 0xFB, 0x79, 0xB8, 0xC9, 0xB3, 0xBC, 0x63, 0x3E, 0x2F, 0x7A, 0xFA,
    0x40, 0x3B, 0x9D, 0xAF, 0xC1, 0x78, 0xA0, 0x5C, 0xAE, 0x63, 0xC0, 0x9C, 0x7D, 0x0A, 0xAC, 0xB9,
    0x95, 0xDA, 0x6F, 0x4B, 0x0F, 0x78, 0xEE, 0xA2, 0xF1, 0xD5, 0xE5, 0xF5, 0x07, 0x77, 0xFF, 0x74,
    0x28, 0x3E, 0x2E, 0x7A, 0x99, 0x8A, 0x9A, 0xD3, 0xC1, 0x29, 0xE1, 0x1B, 0x76, 0xAF, 0xBE, 0xBC,
    0x90, 0x6A, 0x27, 0x1A, 0x94, 0xF8, 0x5B, 0xBB, 0x2A, 0xE6, 0xEA, 0x88, 0x09, 0x31, 0x1F, 0x10,
    0x6D, 0x8F, 0xB1, 0xF2, 0x18, 0x4F, 0x52, 0x1A, 0x5B, 0x31, 0x0E, 0x88, 0x5D, 0x02, 0x3B, 0x7C,
    0xF2, 0x63, 0x9D, 0x18, 0x9D, 0x1D, 0xC5, 0xFD, 0x91, 0x3D, 0x87, 0xCB, 0x46, 0x38, 0x71, 0x30,
    0x43, 0xE5, 0x67, 0xE2, 0x71, 0x26, 0x1E, 0x9D, 0xE4, 0x49, 0x13, 0xEF, 0x03, 0x60, 0x7B, 0x75,
    0x7E, 0xAC, 0xF3, 0x25, 0x77, 0xD6, 0x5C, 0x07, 0x71, 0x6B, 0xDD, 0xA3, 0xA2, 0xF4, 0xFA, 0x8A,
    0xA2, 0x59, 0xA4, 0x9A, 0x95, 0x28, 0x97, 0x51, 0xC1, 0x25, 0x41, 0x15, 0x5B, 0xDF, 0x9B, 0x56,
    0xC1, 0x10, 0xA4, 0xF2, 0x54, 0x8B, 0x8B, 0x18, 0x10, 0xBD, 0xD6, 0x82, 0x8C, 0x94, 0x3C, 0x09,
    0x7D, 0x91, 0xA8, 0xAE, 0x13, 0x9E, 0x45, 0x10, 0x55, 0xB7, 0xB5, 0xAB, 0x27, 0x31, 0x6E, 0xA5,
    0x5D, 0x68, 0x12, 0xD8, 0xE2, 0x21, 0xF3, 0xE1, 0x65, 0x9B, 0x98, 0xCC, 0x83, 0x00, 0x24, 0xBB,
    0x92, 0x30, 0x36, 0xA2, 0x48, 0xB2, 0xE8, 0x9C, 0x5D, 0x84, 0x2B, 0xCE, 0xCE, 0x01, 0x67, 0xC3,
    0x5F, 0xCB, 0x2D, 0x7E, 0x91, 0x6B, 0x0E, 0x40, 0x66, 0x94, 0x4D, 0x63, 0x92, 0x30, 0x82, 0xFA,
    0x03, 0x9D, 0xF0, 0x5A, 0x37, 0x7A, 0xAA, 0xED, 0x13, 0xA9, 0x29, 0x93, 0x9E, 0xD4, 0x5B, 0x9B,
    0x0E, 0xAA, 0xB7, 0x1B, 0x50, 0x34, 0xE0, 0xBF, 0x64, 0xCC, 0x92, 0xB5, 0x78, 0xB6, 0x41, 0x1B,
    0xC2, 0xD6, 0x68, 0x93, 0xB4, 0x5D, 0x6C, 0x9C, 0x8E, 0x48, 0x86, 0x4C, 0xD4, 0x04, 0xC3, 0x6F,
    0x36, 0x70, 0x08, 0x8E, 0x80, 0x88, 0x6C, 0x6A, 0x9A, 0x13, 0x98, 0x24, 0x84, 0x92, 0xBA, 0x62,
    0x9A, 0x18, 0x9F, 0x50, 0xDF, 0x56, 0x4D, 0xD3, 0x1C, 0x0E, 0x5B, 0xAF, 0x55, 0x23, 0x02, 0xB2,
    0xE7, 0x6A, 0x8E, 0x62, 0x11, 0x38, 0xF2, 0xB9, 0xCF, 0x3D, 0x94, 0x9F, 0xD5, 0x58, 0x31, 0x8C,
    0xEE, 0x46, 0x11, 0xFE, 0xD6, 0x4E, 0x9E, 0x11, 0x16, 0x72, 0x8A, 0xA4, 0x49, 0x0A, 0x53, 0x50,
    0xA0, 0x20, 0xC5, 0x0D, 0xE5, 0xBD, 0xEC, 0x86, 0x86, 0x82, 0x26, 0x05, 0xAF, 0x4E, 0x0D, 0x14,
    0xAF, 0xA5, 0x78, 0xDC, 0xBA, 0xAF, 0xAE, 0x89, 0xE8, 0x25, 0x9A, 0x77, 0x0D, 0x6D, 0x8A, 0xBB,
    0xDF, 0x86, 0xBE, 0xB0, 0xE8, 0xA5, 0x18, 0x29, 0x48, 0x41, 0x29, 0xDE, 0x46, 0xB2, 0x60, 0x2F,
    0x59, 0xFF, 0x83, 0x67, 0xC6, 0xF7, 0x6C, 0xEE, 0xFE, 0x13, 0x22, 0x44, 0x2F, 0x62, 0x72, 0xF9,
    0xE6, 0xFF, 0x77, 0x67, 0x67, 0xE6, 0x9B, 0x1D, 0xEF, 0xBF, 0xCF, 0x50, 0xB1, 0x3D, 0x43, 0x6B,
    0x07, 0x00, 0xDE, 0xD5, 0x01, 0x40, 0x87, 0x8A, 0xD5, 0x8C, 0x32, 0x02, 0x59, 0x42, 0x91, 0x80,
    0x3C, 0x22, 0x9F, 0x81, 0x22, 0xC0, 0x1C, 0x81, 0x32, 0x00, 0xB4, 0xC8, 0x00, 0x74, 0x8B, 0xEA,
    0x01, 0xBF, 0xA8, 0x56, 0xBC, 0x59, 0x00, 0xCD, 0x80, 0x03, 0xC0, 0x6E, 0x66, 0x51, 0x26, 0x01,
    0x28, 0x62, 0x36, 0x01, 0xC8, 0x53, 0xCE, 0xDE, 0xB3, 0xB9, 0x18, 0x01, 0xE0, 0x58, 0xF5, 0xAC,
    0x48, 0x95, 0x7F, 0xEA, 0x24, 0x29, 0x62, 0x44, 0x73, 0x14, 0x55, 0x27, 0x51, 0x55, 0x14, 0x55,
    0x8E, 0xA2, 0x8C, 0xE0, 0x23, 0x0E, 0xEA, 0x69, 0x82, 0x39, 0xFE, 0x71, 0x86, 0x19, 0x0D, 0x41,
    0x78, 0xDC, 0x12, 0x6B, 0x18, 0x6A, 0x86, 0x6A, 0x50, 0xC8, 0xE8, 0xC5, 0x88, 0x86, 0x68, 0x04,
    0x7D, 0x4C, 0x43, 0x9E, 0xD0, 0x0C, 0x65, 0x58, 0x26, 0xAA, 0x7E, 0x81, 0xA6, 0x5D, 0x8C, 0xAD,
    0x5B, 0xC0, 0x03, 0x4D, 0xDB, 0x01, 0xD6, 0x1D, 0x17, 0xC0, 0x02, 0x1D, 0xC3, 0xBC, 0x80, 0x49,
    0x20, 0xE4, 0x13, 0x97, 0x69, 0x84, 0x1F, 0x7C, 0xCF, 0xEE, 0x80, 0x8A, 0x22, 0x60, 0x0E, 0x8E,
    0xB3, 0x27, 0x72, 0x0C, 0xBD, 0x80, 0xE6, 0xF2, 0x9F, 0xA1, 0x61, 0x63, 0x85, 0xFF, 0x66, 0x99,
    0x00, 0xEF, 0xC2, 0x06, 0x0E, 0x22, 0x3F, 0x04, 0x4A, 0xFA, 0x0C, 0x57, 0x30, 0x44, 0xF4, 0xB3,
    0x84, 0x72, 0x51, 0x5F, 0x07, 0xD8, 0x1B, 0x3C, 0xA5, 0x1E, 0xD4, 0x23, 0x23, 0x64, 0x47, 0xC0,
    0x50, 0x9B, 0x27, 0xA0, 0xA0, 0x9E, 0xF7, 0xB5, 0xFE, 0x74, 0xAC, 0x46, 0xC0, 0xFE, 0x22, 0xD4,
    0x03, 0x30, 0x17, 0xA1, 0xE9, 0x91, 0x4F, 0xF9, 0x64, 0xB9, 0x40, 0x8B, 0x6A, 0x61, 0x5D, 0x1E,
    0x17, 0x35, 0x83, 0x55, 0x1E, 0xC1, 0x83, 0xCB, 0x12, 0x36, 0x59, 0x86, 0x79, 0xC1, 0x81, 0x5B,
    0xA4, 0xFE, 0x4B, 0x04, 0xAA, 0xB1, 0xFA, 0x22, 0x80, 0x8B, 0x2C, 0x5D, 0xD2, 0xE7, 0xC4, 0xF1,
    0x90, 0x91, 0x43, 0x31, 0xA3, 0xA0, 0x09, 0x5D, 0x44, 0xFD, 0x42, 0x7A, 0xC9, 0x67, 0x44, 0x47,
    0xE0, 0x1A, 0xEF, 0xD0, 0x05, 0xF0, 0x26, 0x6E, 0xC5, 0x6D, 0xDB, 0xDE, 0x04, 0x46, 0x3B, 0x31,
    0xFA, 0xC8, 0x48, 0x09, 0x80, 0xB9, 0x99, 0x01, 0x64, 0x13, 0x01, 0xC8, 0x43, 0x27, 0xE6, 0xBE,
    0x05, 0xAA, 0x9E, 0xEB, 0x53, 0xB7, 0xCD, 0x82, 0xD6, 0xD5, 0x4C, 0x4B, 0x7A, 0xFB, 0x80, 0x72,
    0x02, 0x12, 0x8A, 0xC8, 0xBB, 0x99, 0x27, 0xDE, 0xCE, 0x6C, 0x06, 0x37, 0x26, 0x49, 0x24, 0x92,
    0x7E, 0xE9, 0x1C, 0xB7, 0x0E, 0xB3, 0x62, 0xF4, 0x1C, 0x7F, 0xE4, 0xFA, 0x52, 0xA0, 0x1D, 0x7A,
    0xC6, 0x49, 0xC6, 0x93, 0xA2, 0xED, 0xC1, 0xD5, 0x18, 0xA4, 0x0A, 0xA3, 0x14, 0x81, 0x0B, 0xDB,
    0x73, 0xD0, 0xA6, 0x2D, 0x12, 0xB8, 0x84, 0x0B, 0x7A, 0x18, 0xE9, 0x29, 0x10, 0x90, 0x38, 0x5C,
    0x16, 0x01, 0xDF, 0xE6, 0x81, 0xC3, 0x15, 0x5A, 0xB6, 0x01, 0xA8, 0x42, 0xD5, 0x33, 0x36, 0x2D,
    0x50, 0x44, 0x2B, 0xCF, 0xD0, 0xB9, 0x3C, 0x42, 0xD7, 0x5A, 0x01, 0x41, 0xAD, 0x89, 0xD6, 0x47,
    0x6B, 0xD5, 0x32, 0xBE, 0xC6, 0x80, 0x9F, 0x10, 0x71, 0xB5, 0x19, 0x2D, 0xA3, 0xA1, 0x01, 0x90,
    0x27, 0x1A, 0x52, 0x10, 0xCE, 0x4E, 0x56, 0xCA, 0x1A, 0xCF, 0x80, 0x4E, 0xF0, 0x28, 0x48, 0xC2,
    0x4B, 0x70, 0x56, 0x5C, 0xC7, 0x37, 0x4B, 0x7D, 0xEA, 0xB4, 0x21, 0x51, 0x0F, 0xE2, 0x79, 0x62,
    0xCC, 0xC5, 0xD4, 0xD0, 0x67, 0x32, 0x4D, 0x5B, 0x26, 0x9A, 0x15, 0x80, 0xB7, 0x21, 0x53, 0x8A,
    0xA7, 0xB3, 0xCD, 0x22, 0x72, 0xD9, 0xA0, 0x2A, 0x30, 0xD6, 0x3D, 0xCA, 0x91, 0xB3, 0xAD, 0x7A,
    0x78, 0x30, 0x76, 0x42, 0x58, 0x1E, 0xD6, 0xD3, 0xD9, 0x26, 0x80, 0xC0, 0x05, 0xEE, 0x90, 0x4F,
    0x9C, 0xED, 0x5A, 0xE6, 0xF1, 0x65, 0x99, 0x27, 0x2E, 0x73, 0x71, 0xAC, 0x5B, 0xCE, 0x96, 0xDC,
    0xDD, 0x6C, 0x3B, 0xC1, 0x24, 0x64, 0x04, 0x33, 0xA1, 0xA7, 0xF2, 0x48, 0x6C, 0x3C, 0x63, 0x46,
    0x8C, 0xA5, 0xB0, 0xAE, 0x47, 0xAD, 0xC9, 0xDD, 0xAA, 0x12, 0xCB, 0xB4, 0xC7, 0x07, 0x2B, 0x19,
    0x18, 0xCB, 0x23, 0x0F, 0x65, 0xB4, 0x45, 0xD1, 0x88, 0x96, 0xE8, 0x66, 0xCD, 0x73, 0x54, 0x35,
    0x83, 0xA5, 0xA0, 0x56, 0xB4, 0x1D, 0xB0, 0x6D, 0x31, 0xF2, 0x88, 0x2D, 0x7B, 0xD9, 0xDA, 0x2D,
    0x26, 0x3C, 0x2C, 0xB1, 0xDC, 0x51, 0xEB, 0xDC, 0xDE, 0x92, 0xF6, 0xCB, 0x33, 0x75, 0x56, 0xC4,
    0x7D, 0x20, 0x3F, 0xAC, 0x49, 0x68, 0x4A, 0x5B, 0x82, 0x9A, 0x2E, 0xFE, 0x00, 0x91, 0xA4, 0xEA,
    0x5A, 0xF0, 0x34, 0x95, 0xBA, 0x95, 0x23, 0xBE, 0xEA, 0x85, 0x4A, 0x39, 0x48, 0x84, 0x22, 0x08,
    0x95, 0x3C, 0x08, 0x15, 0xDE, 0x86, 0xA3, 0xB2, 0xEA, 0xC4, 0xE9, 0xC3, 0x54, 0x1A, 0x07, 0xAF,
    0xBD, 0xDE, 0x41, 0x9C, 0x12, 0xD8, 0xA9, 0x61, 0x2A, 0xC5, 0x98, 0x27, 0xB0, 0xD3, 0x42, 0xD4,
    0x24, 0x85, 0x37, 0xB1, 0x13, 0x2A, 0x74, 0x8A, 0x0A, 0x61, 0xEB, 0x5B, 0x7D, 0xDC, 0xD4, 0xA9,
    0x8A, 0x9A, 0x5C, 0xA8, 0x3A, 0xAA, 0xA2, 0x1E, 0xDB, 0x53, 0x8A, 0x52, 0xF9, 0x67, 0xF3, 0x9D,
    0xED, 0xA8, 0x34, 0x5D, 0x55, 0x6E, 0x55, 0x27, 0xF6, 0x41, 0x17, 0xE4, 0xF3, 0xE6, 0x4C, 0x5C,
    0x6B, 0xA0, 0x2D, 0xAC, 0x24, 0xE1, 0xF5, 0x39, 0x50, 0x95, 0xDE, 0x16, 0x75, 0x21, 0xF4, 0x09,
    0xFF, 0x67, 0xAA, 0xA0, 0xCF, 0xF1, 0x88, 0x3E, 0xF7, 0x7C, 0x3A, 0x30, 0xA3, 0xB4, 0xA8, 0x54,
    0xCA, 0x75, 0xA4, 0x62, 0x1C, 0x15, 0xCB, 0x19, 0x28, 0x43, 0x4E, 0xD2, 0x27, 0xD4, 0x33, 0xFA,
    0x11, 0xD9, 0x88, 0x66, 0x02, 0x1C, 0xAA, 0xB4, 0x3F, 0x9B, 0x9C, 0x94, 0x55, 0x8F, 0xC0, 0xB0,
    0x5D, 0x36, 0x0A, 0x35, 0x12, 0x2C, 0xA7, 0xBB, 0x0F, 0x34, 0x6D, 0xBB, 0x57, 0xC4, 0xAD, 0xFB,
    0x79, 0xF2, 0x43, 0x74, 0x0E, 0x08, 0xDC, 0x58, 0x66, 0xE2, 0xF5, 0xF9, 0xA4, 0x8D, 0xDB, 0x7C,
    0x75, 0x79, 0xD9, 0x05, 0x2B, 0x19, 0x36, 0x5B, 0xCE, 0x3D, 0x44, 0x78, 0xCB, 0xF8, 0xFF, 0xCB,
    0xCB, 0xCB, 0xE7, 0xB7, 0xDB, 0x2D, 0xFE, 0x13, 0x47, 0x8A, 0x10, 0x2E, 0xFA, 0x5B, 0xA8, 0x8D,
    0x56, 0x33, 0x58, 0x77, 0x6B, 0x7B, 0x7D, 0xDF, 0xB6, 0x10, 0xDB, 0x61, 0x6F, 0xAB, 0x1D, 0x7B,
    0xB8, 0xB5, 0x35, 0x62, 0x3B, 0x81, 0xD3, 0x13, 0x5B, 0x75, 0xAE, 0x1D, 0xAD, 0xB6, 0xBF, 0x82,
    0x7E, 0xD2, 0x31, 0x9D, 0x2D, 0x07, 0x5D, 0xA1, 0x6B, 0xD5, 0x0B, 0x92, 0x78, 0xDE, 0xAC, 0xDD,
    0xFE, 0xFA, 0xB5, 0x5A, 0x33, 0x64, 0xA7, 0xAC, 0xED, 0x1D, 0xEB, 0xF1, 0x84, 0xF5, 0x8C, 0x5B,
    0xAE, 0xEF, 0x42, 0xC5, 0x84, 0x3D, 0x7C, 0xCF, 0x04, 0x83, 0xE6, 0x83, 0xD0, 0xC0, 0x7E, 0xF9,
    0x25, 0xB9, 0xE2, 0xF8, 0x75, 0x04, 0xBC, 0x1C, 0x21, 0x33, 0xF4, 0x93, 0x8C, 0xC9, 0xAC, 0xD8,
    0xC9, 0x8A, 0x3B, 0x5E, 0xF0, 0x26, 0x72, 0x1A, 0x6B, 0x8A, 0xF6, 0x83, 0xF9, 0x77, 0x38, 0xBF,
    0x82, 0x4D, 0xF2, 0x77, 0xC0, 0xB9, 0xFD, 0x20, 0x35, 0x34, 0x15, 0x34, 0x2C, 0x36, 0x8D, 0xEB,
    0x7A, 0x1A, 0xA8, 0xE7, 0xC4, 0x37, 0xC9, 0xB4, 0x69, 0xA2, 0xE0, 0x04, 0xE5, 0xAD, 0xBB, 0xA6,
    0xD4, 0x84, 0xA5, 0x16, 0x53, 0x69, 0x0B, 0x6E, 0x0F, 0xB8, 0x90, 0xDC, 0x7E, 0x69, 0x68, 0xE6,
    0x02, 0xD0, 0x51, 0xFA, 0x98, 0xC4, 0x59, 0x27, 0xCE, 0xBC, 0x63, 0x67, 0xB6, 0xE7, 0xED, 0x68,
    0xFA, 0xBA, 0x05, 0xEA, 0x81, 0x2B, 0x5E, 0x8D, 0x96, 0xC3, 0x85, 0x73, 0x09, 0x7D, 0x2D, 0x69,
    0x24, 0xC6, 0xC8, 0x68, 0x8E, 0x92, 0x13, 0x85, 0x0D, 0xBB, 0x5D, 0x53, 0x2B, 0x6A, 0x66, 0xAF,
    0x43, 0xE5, 0x22, 0x3B, 0xA2, 0x18, 0x2A, 0x1A, 0xEA, 0xC1, 0x7E, 0x31, 0x79, 0x9C, 0x63, 0x8E,
    0x48, 0xB0, 0x01, 0x91, 0x99, 0x44, 0x6E, 0x88, 0x84, 0x66, 0xC4, 0x35, 0x0E, 0x13, 0xFC, 0xEF,
    0xA7, 0x03, 0x2C, 0x0D, 0x76, 0x28, 0x8F, 0xDA, 0x25, 0x68, 0x17, 0x07, 0xD9, 0x8C, 0x8A, 0xAF,
    0xB6, 0xAD, 0x7D, 0x11, 0xBA, 0x6E, 0x38, 0x37, 0x37, 0x53, 0x31, 0x26, 0xBE, 0x12, 0x86, 0x88,
    0xC6, 0x65, 0x0B, 0xD6, 0x6D, 0x16, 0x12, 0xFC, 0x90, 0x87, 0x6B, 0xF3, 0x8F, 0xA9, 0x18, 0xFC,
    0x8B, 0x91, 0x3A, 0x59, 0x42, 0x8E, 0x6F, 0x8B, 0x51, 0x2B, 0xF3, 0x1D, 0xE3, 0xF1, 0xC9, 0x22,
    0x1F, 0x12, 0x4B, 0xDC, 0x23, 0x36, 0x31, 0x2D, 0xA0, 0xCD, 0xBB, 0x5D, 0x83, 0xB8, 0x3E, 0x2C,
    0xBE, 0x17, 0x45, 0xD8, 0x1F, 0xDE, 0xBA, 0xB8, 0x0E, 0xD8, 0x5B, 0xB8, 0x07, 0x2D, 0xEC, 0xDE,
    0x22, 0x3B, 0x62, 0x3B, 0xAB, 0x50, 0x85, 0xFD, 0x0F, 0x7F, 0xD7, 0x8A, 0x05, 0xA9, 0x85, 0x64,
    0xBE, 0xFE, 0xA0, 0x0C, 0x56, 0x55, 0xA7, 0xCA, 0xE3, 0xDB, 0xFA, 0xEF, 0x2D, 0x78, 0x93, 0x5E,
    0xE5, 0xDF, 0x5B, 0xF8, 0x25, 0xF7, 0xFC, 0x46, 0xBE, 0x89, 0x8C, 0x36, 0x31, 0xFA, 0x99, 0x71,
    0xD6, 0xC3, 0xCE, 0xCA, 0x59, 0x62, 0x9D, 0xFC, 0xBC, 0xF7, 0x40, 0x21, 0x17, 0xEB, 0x72, 0xE4,
    0x87, 0xA9, 0xEA, 0x0B, 0xB9, 0xA3, 0xE7, 0x13, 0x60, 0xF5, 0x22, 0x0E, 0x93, 0xE4, 0x78, 0x9A,
    0xE5, 0xAF, 0x83, 0xD1, 0x8B, 0x7B, 0x5C, 0xB0, 0xCD, 0xC5, 0xB8, 0x5C, 0xB0, 0x1A, 0x38, 0x76,
    0x19, 0xD4, 0x61, 0xB3, 0x60, 0x2E, 0x21, 0xB2, 0xA4, 0xC7, 0xB7, 0xA2, 0x8E, 0xE8, 0xEC, 0x1A,
    0x7A, 0xE0, 0x55, 0xEA, 0x41, 0xBD, 0xA9, 0x67, 0x8D, 0x22, 0x11, 0x25, 0xFA, 0x51, 0x33, 0xD1,
    0xAC, 0x34, 0x43, 0xCD, 0x56, 0x33, 0x57, 0x16, 0xCA, 0x48, 0xD9, 0x09, 0xD3, 0x8D, 0xB5, 0x9F,
    0xB7, 0x6A, 0x34, 0x71, 0x6B, 0x22, 0xA9, 0xD8, 0x23, 0xB9, 0x73, 0x79, 0xA2, 0x01, 0x99, 0xF4,
    0x70, 0x41, 0x1F, 0x7E, 0x34, 0x73, 0xC7, 0x1A, 0x42, 0x33, 0x00, 0xBE, 0xB5, 0x2D, 0xD0, 0xC8,
    0x11, 0x57, 0xF7, 0x1E, 0x9C, 0xED, 0xAB, 0x41, 0x3E, 0xDF, 0xBF, 0xDF, 0x2A, 0xBE, 0xCA, 0xB8,
    0xCA, 0x54, 0x59, 0x37, 0x3D, 0x57, 0x40, 0xAB, 0xA1, 0x95, 0xD1, 0x2A, 0x69, 0xC5, 0xA4, 0x7A,
    0x2C, 0xDD, 0x05, 0x50, 0xF0, 0x70, 0x2D, 0x17, 0xC4, 0x3F, 0x25, 0xC0, 0xBB, 0x9F, 0xCA, 0x06,
    0x02, 0xF4, 0x12, 0x8E, 0xAF, 0x1E, 0x66, 0x00, 0x66, 0x81, 0xB3, 0x2C, 0x01, 0xDD, 0xCF, 0xA7,
    0x05, 0x28, 0x00, 0x96, 0x7A, 0xE0, 0x91, 0x26, 0x5F, 0x0E, 0xFB, 0x7F, 0x58, 0xEF, 0x6E, 0x40,
    0x03, 0xBE, 0x05, 0xA9, 0xE5, 0x01, 0x63, 0x8F, 0x75, 0xF4, 0x0B, 0x36, 0xD1, 0x8E, 0x40, 0x3D,
    0xD5, 0x2D, 0x8F, 0xCB, 0x93, 0x70, 0x62, 0xB6, 0x91, 0x59, 0x7C, 0x0B, 0x22, 0x5E, 0x1E, 0x64,
    0xD7, 0xB4, 0xA7, 0x7E, 0xC0, 0x55, 0xB6, 0xB9, 0x5A, 0x1E, 0x2F, 0x5E, 0x57, 0x25, 0x2F, 0x68,
    0x47, 0x46, 0xCE, 0xB2, 0x08, 0xF8, 0x9F, 0xE5, 0x21, 0xFF, 0xB5, 0xFA, 0xFF, 0xB5, 0x43, 0x86,
    0x9C, 0x22, 0x2A, 0x3E, 0xBA, 0x2F, 0x3C, 0xAC, 0xF3, 0x74, 0xC4, 0x19, 0x1E, 0xD1, 0x84, 0xD7,
    0x80, 0xB7, 0x1C, 0x36, 0x9B, 0xB2, 0x15, 0x1B, 0xD7, 0x88, 0xCD, 0xE3, 0xBD, 0xCD, 0x3D, 0x79,
    0xF7, 0x72, 0x11, 0x27, 0xBF, 0x03, 0xAD, 0x22, 0x1E, 0x90, 0xBD, 0x8D, 0xAE, 0xCA, 0x6E, 0x90,
    0xBB, 0x9A, 0xFA, 0xB2, 0xB7, 0x14, 0xEB, 0xFE, 0x50, 0x2C, 0x33, 0x57, 0xE8, 0x8E, 0xF8, 0x91,
    0x5C, 0x94, 0xDF, 0x90, 0x9F, 0x1B, 0xE4, 0x6D, 0x43, 0x43, 0xD9, 0x7B, 0x8A, 0x8D, 0x98, 0xB8,
    0xCD, 0x84, 0x13, 0x32, 0x5F, 0x39, 0xBC, 0xDE, 0x11, 0x8B, 0x27, 0xA2, 0x1B, 0xF3, 0x1B, 0xFA,
    0xFB, 0xDD, 0x44, 0x79, 0x0C, 0x32, 0x2B, 0x76, 0xB2, 0x42, 0xD6, 0x02, 0xD9, 0xA2, 0xF3, 0x1E,
    0xA8, 0xDA, 0xE5, 0x4E, 0xFD, 0xFC, 0xF6, 0xEE, 0x8C, 0x2C, 0x00, 0xF9, 0x00, 0x94, 0x3D, 0x50,
    0x3B, 0x5C, 0x76, 0x97, 0x2F, 0xE7, 0xF2, 0x51, 0x87, 0x8B, 0x35, 0x0A, 0xF1, 0xA0, 0x00, 0x93,
    0x7A, 0x7E, 0x27, 0xB4, 0x8C, 0x6D, 0x26, 0x38, 0x21, 0xA7, 0x1D, 0xFC, 0x56, 0x7F, 0x8D, 0xFD,
    0x8C, 0x82, 0x06, 0x55, 0x17, 0xF0, 0x11, 0xE0, 0x0A, 0xD3, 0x00, 0x34, 0x33, 0x90, 0xAD, 0x1F,
    0xD8, 0x46, 0x6C, 0x51, 0xCC, 0x00, 0x9E, 0xDD, 0xC9, 0x60, 0xE3, 0xC5, 0xF2, 0x03, 0x86, 0x66,
    0x00, 0x60, 0x67, 0xF0, 0xD2, 0x1E, 0x60, 0xCF, 0xFC, 0xB1, 0xDD, 0x3E, 0x3A, 0x68, 0x2C, 0xF9,
    0xD4, 0x4D, 0x40, 0x79, 0xFB, 0xA1, 0xE6, 0x0F, 0xCD, 0x04, 0xA0, 0x62, 0xA3, 0xD7, 0xEE, 0x77,
    0x84, 0x34, 0x44, 0x2B, 0x80, 0x4D, 0x7E, 0x0C, 0x14, 0xEB, 0xDD, 0xD6, 0xB7, 0x92, 0x37, 0xC7,
    0xCE, 0x68, 0x94, 0xCC, 0x1B, 0x61, 0x2A, 0x94, 0x7C, 0xD4, 0xAF, 0x42, 0xF5, 0x02, 0x75, 0x04,
    0x53, 0x66, 0xBD, 0x8D, 0xDF, 0xDA, 0xC1, 0xEB, 0x80, 0x2C, 0xEE, 0x64, 0x20, 0xA1, 0x94, 0x81,
    0x19, 0xE8, 0x98, 0xDB, 0x15, 0x50, 0xB6, 0x9A, 0xA8, 0xD9, 0x27, 0x93, 0x3B, 0x7D, 0x5B, 0x55,
    0x4E, 0xCA, 0xBA, 0x22, 0x07, 0x5E, 0x6A, 0x88, 0x07, 0xBA, 0x28, 0x8C, 0xC5, 0x79, 0xA7, 0x16,
    0xB7, 0x03, 0x40, 0x37, 0x6C, 0x5A, 0xC7, 0x6F, 0xED, 0xF4, 0x6B, 0xCB, 0xD4, 0x24, 0x1D, 0x3F,
    0xCB, 0x57, 0xB6, 0xAC, 0x38, 0xBB, 0xC7, 0xEB, 0x69, 0xF9, 0xC6, 0x9A, 0x0C, 0x6F, 0x8B, 0x63,
    0xA4, 0x28, 0x28, 0x75, 0x37, 0xB4, 0x3B, 0x50, 0x8B, 0xB8, 0xFD, 0x03, 0xD2, 0xFC, 0xDB, 0x25,
    0x72, 0x87, 0xF3, 0x36, 0xAB, 0x96, 0xBA, 0xAA, 0x0E, 0xEA, 0x4D, 0x3D, 0x6B, 0x14, 0x8D, 0xC8,
    0xF2, 0xBE, 0xE0, 0xB9, 0x60, 0xDA, 0xD0, 0x68, 0xC0, 0x70, 0xF2, 0x8D, 0x94, 0xAB, 0x7A, 0xF6,
    0x5A, 0xB7, 0xB0, 0xBD, 0xBC, 0x0B, 0x71, 0xB0, 0x40, 0x27, 0x6E, 0x8E, 0xC0, 0xB5, 0x60, 0x62,
    0x34, 0x91, 0x31, 0x9B, 0x80, 0x4E, 0x9C, 0x79, 0x57, 0xC8, 0xDB, 0x32, 0xA6, 0xDF, 0xE8, 0xEB,
    0xC8, 0xE3, 0x47, 0xFD, 0xA9, 0x37, 0x52, 0xC0, 0xE1, 0x6E, 0x4E, 0xD9, 0xCB, 0x9C, 0x14, 0x37,
    0xA9, 0x85, 0x8B, 0xC5, 0x86, 0xE7, 0xBB, 0x1A, 0xA5, 0xD3, 0x15, 0x2E, 0xFE, 0x4A, 0xF2, 0x2A,
    0xA8, 0x09, 0x72, 0x0F, 0x8A, 0x40, 0xDD, 0x72, 0xDD, 0x1A, 0x67, 0x66, 0x71, 0x33, 0xDF, 0x23,
    0x34, 0xC3, 0x24, 0x98, 0x99, 0x09, 0xE5, 0x89, 0x73, 0x28, 0x22, 0x63, 0x1D, 0x50, 0x8E, 0xA7,
    0x2B, 0xBC, 0xCF, 0x49, 0x09, 0xCD, 0x77, 0x8B, 0x2C, 0x72, 0xBA, 0xCE, 0xBA, 0x7B, 0xDB, 0x9B,
    0x3F, 0xB7, 0x7F, 0x9F, 0x7A, 0x1F, 0xBF, 0xC9, 0x9B, 0xBF, 0x07, 0x0E, 0xE9, 0x79, 0x8F, 0xF7,
    0xAA, 0x27, 0xC9, 0x53, 0xBF, 0xF5, 0x67, 0x39, 0x6D, 0x5D, 0x97, 0xDD, 0xEF, 0x52, 0x41, 0x1D,
    0xC9, 0xEE, 0xBD, 0x0A, 0x69, 0x82, 0x7A, 0x53, 0xCF, 0xFB, 0xEA, 0xDD, 0x97, 0xFB, 0xEF, 0x3B,
    0x01, 0x3C, 0x51, 0xCA, 0x14, 0xD9, 0xA5, 0x9E, 0x37, 0x76, 0x3C, 0x7B, 0x67, 0xE2, 0xB8, 0x67,
    0x38, 0x20, 0x0F, 0x8B, 0x6A, 0xB8, 0x69, 0xCF, 0x50, 0xF6, 0xB5, 0x5B, 0x54, 0x1E, 0xDE, 0xC7,
    0xA2, 0xCC, 0xF4, 0x8C, 0x15, 0xE2, 0x95, 0xA8, 0x67, 0x51, 0xD5, 0x24, 0xEA, 0x31, 0x89, 0xCC,
    0xAB, 0x8A, 0x72, 0xA6, 0x3E, 0x56, 0x93, 0xB3, 0x75, 0xC1, 0xBA, 0x5C, 0x9C, 0x61, 0xAA, 0x59,
    0x65, 0x41, 0x02, 0x15, 0x83, 0x84, 0xAD, 0x5B, 0xA3, 0x49, 0xC0, 0x5F, 0x9C, 0x15, 0x91, 0x13,
    0x3C, 0xC8, 0x83, 0xDD, 0x91, 0x16, 0xE5, 0xF9, 0x9E, 0x66, 0x43, 0x23, 0x80, 0x5C, 0xFB, 0xB3,
    0xF9, 0x0C, 0x4F, 0x47, 0xE0, 0x28, 0x35, 0xCB, 0xE5, 0xF4, 0x91, 0x1F, 0x1D, 0x54, 0xAD, 0x9C,
    0xB9, 0xC5, 0xF0, 0x9E, 0x14, 0x34, 0x9C, 0x81, 0x25, 0x3C, 0x13, 0x15, 0x3F, 0x11, 0x75, 0x35,
    0x89, 0x7A, 0x46, 0x22, 0x69, 0x55, 0x51, 0xE7, 0x56, 0x75, 0xA5, 0x6A, 0x5D, 0xF7, 0x98, 0xD1,
    0x84, 0x86, 0x55, 0x3E, 0x56, 0x2D, 0x80, 0x52, 0x9E, 0x53, 0xD4, 0x6D, 0x16, 0x25, 0x3A, 0x3A,
    0x07, 0x79, 0x42, 0x6E, 0x4C, 0x37, 0x4A, 0x33, 0x49, 0xCF, 0xBD, 0x43, 0x17, 0xF7, 0x38, 0x14,
    0xD2, 0x25, 0xA7, 0x39, 0x24, 0x00, 0xD4, 0x56, 0x1D, 0x90, 0xFF, 0xB3, 0x7F, 0xAF, 0xEE, 0x51,
    0xFD, 0x79, 0x3C, 0x2B, 0x02, 0xEC, 0xC2, 0xC1, 0x24, 0x24, 0x4C, 0x9F, 0xC0, 0xE7, 0x01, 0x9F,
    0x4C, 0xA8, 0x3F, 0xED, 0xF1, 0x2C, 0x20, 0x27, 0xE0, 0x2C, 0xC0, 0xCC, 0xA2, 0x0A, 0xFE, 0xB6,
    0xCE, 0xAD, 0x96, 0xEB, 0xBA, 0xD5, 0xCB, 0xEA, 0x53, 0x22, 0x7C, 0xDD, 0xAF, 0xF1, 0xB2, 0x49,
    0x8F, 0x85, 0x83, 0x1E, 0x24, 0xCD, 0xDF, 0xCC, 0xD3, 0x6F, 0xC2, 0x21, 0x00, 0xE8, 0x64, 0x1F,
    0x0C, 0xC9, 0x3E, 0x14, 0x0B, 0x07, 0x00, 0xF5, 0xC2, 0x81, 0xE9, 0xC9, 0x3E, 0x18, 0xE1, 0x80,
    0x42, 0x38, 0xA0, 0x16, 0x0E, 0xF0, 0xCA, 0x21, 0x29, 0x87, 0xC0, 0x7D, 0xC6, 0x53, 0xC2, 0x01,
    0x50, 0x0E, 0x50, 0x0E, 0x50, 0x0E, 0xC8, 0x84, 0x03, 0x0A, 0xE5, 0x50, 0xC9, 0x3E, 0xEC, 0x39,
    0xDC, 0x18, 0x7F, 0x9F, 0x83, 0x75, 0xDF, 0x35, 0x3E, 0x79, 0xE2, 0x3F, 0x7E, 0xE2, 0x88, 0xA5,
    0xDF, 0xE3, 0xF6, 0x9E, 0x4B, 0x8A, 0x52, 0x0E, 0x7A, 0x69, 0x6F, 0x82, 0x5E, 0xDB, 0xED, 0xA4,
    0x17, 0x77, 0x1B, 0xF4, 0xEA, 0x5E, 0x0F, 0xBB, 0xCB, 0xFB, 0xBF, 0x00, 0xCD, 0x94, 0x21, 0x8C,
    0xDB, 0x30, 0x18, 0x85, 0x5F, 0x5A, 0x75, 0x91, 0x16, 0x4D, 0x19, 0x19, 0x3A, 0x10, 0x8E, 0xCC,
    0xC1, 0x64, 0x73, 0xBC, 0xE3, 0x78, 0x68, 0x1C, 0x39, 0x1C, 0x1D, 0xD8, 0x38, 0xE7, 0x07, 0xA7,
    0xB3, 0x39, 0x32, 0x47, 0x01, 0x2D, 0x0F, 0x08, 0xF0, 0xA4, 0x24, 0x6F, 0xF7, 0xDB, 0xEE, 0x2D,
    0xAD, 0x76, 0xAC, 0xD3, 0xCE, 0x3A, 0xBD, 0xEF, 0xE9, 0x5C, 0x59, 0xFF, 0xFF, 0xFA, 0x54, 0xE0,
    0x1D, 0xFB, 0x7A, 0x35, 0x80, 0x65, 0xB4, 0x1C, 0xB0, 0xA3, 0x9C, 0x11, 0x4D, 0xAC, 0x5C, 0xAC,
    0x07, 0x74, 0x01, 0xDD, 0x08, 0x03, 0xED, 0xC5, 0x02, 0xD6, 0x40, 0x79, 0x00, 0x0E, 0xD0, 0x42,
    0x5E, 0xF2, 0x8E, 0x72, 0x66, 0xB8, 0x0B, 0x4E, 0xE7, 0xFB, 0x7F, 0xCE, 0x8A, 0x0F, 0xB0, 0x27,
    0x40, 0x71, 0x6E, 0x48, 0x0F, 0xCB, 0xB9, 0x15, 0xCA, 0x64, 0x0F, 0x00, 0x64, 0x26, 0xD4, 0xE4,
    0x0A, 0xB4, 0xD3, 0x8E, 0x90, 0x65, 0x64, 0x95, 0x1E, 0x9F, 0x21, 0x06, 0x00, 0x2F, 0xF5, 0x53,
    0xDE, 0x09, 0x6E, 0xA3, 0xB8, 0xE5, 0x9F, 0xCC, 0x5C, 0xF1, 0xBB, 0x62, 0xEC, 0x48, 0xCB, 0xA8,
    0x48, 0x60, 0x97, 0x86, 0xD6, 0xA2, 0x15, 0x45, 0xEB, 0x05, 0xD6, 0xA3, 0x1D, 0x65, 0x4B, 0xE5,
    0x45, 0x75, 0x2F, 0xEA, 0x8C, 0x28, 0xF1, 0xA2, 0x77, 0x64, 0xD0, 0xDE, 0x9D, 0xD5, 0xE7, 0xFF,
    0xDF, 0x4E, 0x53, 0xC2, 0xC7, 0x9C, 0x6F, 0x4E, 0x37, 0x75, 0xA8, 0xE2, 0x11, 0x00, 0xCE, 0xF3,
    0x97, 0x1E, 0xD1, 0x23, 0x35, 0x69, 0x81, 0xF3, 0x28, 0x5D, 0xEA, 0xFA, 0xF4, 0x58, 0x3B, 0xE0,
    0xFD, 0x9F, 0x3E, 0x6D, 0x1A, 0x05, 0xF0, 0xCA, 0x1D, 0x4C, 0xE9, 0x95, 0xBC, 0xE7, 0xFE, 0xE2,
    0xCA, 0xE7, 0xF4, 0xFF, 0x73, 0x39, 0x15, 0xA9, 0x5E, 0x4A, 0x66, 0xAD, 0x49, 0x93, 0xD2, 0x59,
    0x1B, 0xD2, 0xE4, 0x84, 0x1C, 0x7D, 0x4E, 0x48, 0x1A, 0x99, 0x13, 0xB2, 0x2F, 0x09, 0xAD, 0xD0,
    0x25, 0xA1, 0x98, 0x9C, 0x2E, 0x5F, 0x76, 0x4A, 0xA8, 0x1B, 0x92, 0x73, 0x80, 0x0A, 0xAF, 0x4C,
    0x50, 0x12, 0x1A, 0xA5, 0x12, 0x57, 0x2E, 0xE8, 0xB7, 0x94, 0xD0, 0xF1, 0x95, 0x84, 0xBE, 0xA5,
    0xFE, 0xEC, 0xB9, 0x0A, 0x5A, 0x52, 0xA0, 0x06, 0x2D, 0xD0, 0xFE, 0x03, 0x72, 0x55, 0x9A, 0x92,
    0x42, 0x79, 0xF8, 0x1A, 0xE5, 0xD7, 0xC7, 0x6D, 0x31, 0x95, 0xBB, 0xDB, 0x23, 0xA0, 0xA2, 0x81,
    0xFA, 0xF5, 0x55, 0x71, 0x46, 0xC7, 0xC5, 0x3E, 0xA3, 0x61, 0x84, 0x9C, 0x7B, 0x11, 0x37, 0x25,
    0x2F, 0xFB, 0x09, 0x15, 0x19, 0x84, 0xB6, 0xD7, 0xA3, 0xF0, 0x09, 0xED, 0x24, 0x9C, 0x51, 0xC7,
    0xCC, 0xFD, 0xBC, 0xE5, 0xCF, 0xCC, 0xC3, 0x53, 0x62, 0x45, 0xF6, 0x8A, 0x1C, 0x1B, 0xD2, 0xF3,
    0x99, 0xDD, 0xC9, 0x09, 0x83, 0x36, 0x8D, 0x97, 0x7B, 0x8D, 0x7D, 0x61, 0x85, 0xC4, 0x80, 0xC4,
    0x6E, 0xC9, 0x6C, 0x38, 0x94, 0x77, 0x96, 0x44, 0x74, 0xEC, 0x13, 0xE1, 0x82, 0xF0, 0x23, 0xDA,
    0x51, 0xF8, 0x88, 0x3A, 0x31, 0x16, 0x2E, 0x68, 0x87, 0xFD, 0x02, 0xF0, 0xE4, 0xFC, 0x8E, 0x3F,
    0x1E, 0x29, 0xDB, 0x90, 0x93, 0x95, 0x4D, 0x2D, 0x43, 0x75, 0x6F, 0x80, 0xC3, 0x17, 0xFC, 0x06,
    0x4D, 0xCD, 0x01, 0xC6, 0xC3, 0x40, 0x14, 0xC4, 0xF1, 0x49, 0xC2, 0xF7, 0x01, 0xF6, 0x08, 0x3D,
    0xC2, 0x42, 0x51, 0x60, 0xAB, 0x27, 0xCB, 0xC9, 0xDA, 0x1C, 0x21, 0x40, 0x01, 0x82, 0x1E, 0xA0,
    0x08, 0x82, 0xF4, 0x4D, 0x67, 0x3C, 0x25, 0x03, 0xFE, 0x76, 0x7F, 0x3C, 0x1C, 0x77, 0xF9, 0x45,
    0x20, 0x37, 0x70, 0xCC, 0x28, 0x5C, 0x32, 0x1A, 0xB7, 0x8C, 0xB5, 0x8F, 0x24, 0x13, 0xAA, 0x90,
    0xC8, 0x84, 0x7F, 0x21, 0x91, 0x09, 0x9D, 0x11, 0xF8, 0x0C, 0xDC, 0x4D, 0x48, 0xCE, 0x4D, 0xA8,
    0x28, 0xDE, 0x4D, 0xA8, 0x29, 0xD6, 0x2A, 0x44, 0x6D, 0xAB, 0x61, 0xE2, 0x17, 0x8E, 0x22, 0xC2,
    0x95, 0x8B, 0xC9, 0xCB, 0xE7, 0x14, 0x1F, 0xE0, 0xC1, 0xB5, 0x48, 0xA0, 0xD7, 0xEF, 0xE0, 0xA8,
    0xE4, 0x15, 0xE4, 0xF6, 0xE7, 0x6F, 0xBB, 0x93, 0x5F, 0x75, 0x62, 0x57, 0xCC, 0x3E, 0xBA, 0x17,
    0x93, 0xBC, 0x21, 0x62, 0x64, 0x02, 0xA3, 0x9B, 0x89, 0x50, 0x74, 0x26, 0x5A, 0x74, 0x26, 0x46,
    0x83, 0x89, 0x51, 0x12, 0xA1, 0x24, 0x5A, 0x12, 0xED, 0x8C, 0xE3, 0xBE,
};

static const EpdGlyph bookerly_18_regularGlyphs[] = {
    { 0, 0, 0, 0, 0, 0, 0 }, // U+0000
    { 0, 0, 0, 0, 0, 0, 0 }, // U+0008
    { 0, 0, 129, 0, 0, 0, 0 }, // U+0009
    { 0, 0, 129, 0, 0, 0, 0 }, // U+000D
    { 0, 0, 0, 0, 0, 0, 0 }, // U+001D
    { 0, 0, 129, 0, 0, 0, 0 }, // U+0020
    { 5, 30, 164, 3, 29, 38, 0 }, // !
    { 10, 12, 221, 2, 26, 30, 38 }, // "
    { 23, 23, 374, 0, 21, 133, 68 }, // #
    { 17, 38, 374, 3, 30, 162, 201 }, // $
    { 32, 30, 581, 2, 28, 240, 363 }, // %
    { 28, 29, 482, 2, 28, 203, 603 }, // &
    { 3, 12, 118, 2, 26, 9, 806 }, // '
    { 12, 38, 219, 2, 31, 114, 815 }, // (
    { 12, 38, 219, 0, 31, 114, 929 }, // )
    { 13, 12, 223, 0, 27, 39, 1043 }, // *
    { 16, 16, 374, 4, 21, 64, 1082 }, // +
    { 8, 12, 164, 0, 5, 24, 1146 }, // ,
    { 11, 3, 224, 1, 11, 9, 1170 }, // -
    { 5, 6, 164, 2, 5, 8, 1179 }, // .
    { 17, 29, 295, 1, 27, 124, 1187 }, // /
    { 20, 27, 374, 2, 26, 135, 1311 }, // 0
    { 15, 27, 374, 4, 27, 102, 1446 }, // 1
    { 19, 26, 374, 2, 26, 124, 1548 }, // 2
    { 17, 27, 374, 3, 26, 115, 1672 }, // 3
    { 20, 27, 374, 1, 26, 135, 1787 }, // 4
    { 18, 27, 374, 2, 26, 122, 1922 }, // 5
    { 19, 27, 374, 3, 26, 129, 2044 }, // 6
    { 18, 27, 374, 4, 26, 122, 2173 }, // 7
    { 18, 27, 374, 3, 26, 122, 2295 }, // 8
    { 18, 27, 374, 3, 26, 122, 2417 }, // 9
    { 5, 20, 164, 2, 19, 25, 2539 }, // :
    { 7, 26, 164, 1, 19, 46, 2564 }, // ;
    { 16, 18, 374, 4, 22, 72, 2610 }, // <
    { 16, 9, 374, 4, 17, 36, 2682 }, // =
    { 16, 18, 374, 4, 22, 72, 2718 }, // >
    { 13, 29, 285, 3, 28, 95, 2790 }, // ?
    { 32, 33, 573, 2, 26, 264, 2885 }, // @
    { 28, 26, 445, 0, 26, 182, 3149 }, // A
    { 21, 26, 371, 1, 26, 137, 3331 }, // B
    { 21, 27, 385, 2, 26, 142, 3468 }, // C
    { 25, 26, 449, 1, 26, 163, 3610 }, // D
    { 21, 26, 378, 1, 26, 137, 3773 }, // E
    { 19, 26, 341, 1, 26, 124, 3910 }, // F
    { 23, 27, 436, 2, 26, 156, 4034 }, // G
    { 30, 26, 501, 1, 26, 195, 4190 }, // H
    { 12, 26, 226, 1, 26, 78, 4385 }, // I
    { 15, 34, 217, -2, 26, 128, 4463 }, // J
    { 27, 27, 436, 1, 26, 183, 4591 }, // K
    { 21, 26, 361, 1, 26, 137, 4774 }, // L
    { 34, 26, 536, 0, 26, 221, 4911 }, // M
    { 29, 27, 489, 1, 26, 196, 5132 }, // N
    { 25, 27, 467, 2, 26, 169, 5328 }, // O
    { 20, 26, 356, 1, 26, 130, 5497 }, // P
    { 28, 34, 467, 2, 26, 238, 5627 }, // Q
    { 25, 27, 406, 1, 26, 169, 5865 }, // R
    { 17, 27, 330, 2, 26, 115, 6034 }, // S
    { 23, 26, 411, 1, 26, 150, 6149 }, // T
    { 29, 27, 464, 0, 26, 196, 6299 }, // U
    { 28, 26, 440, 0, 26, 182, 6495 }, // V
    { 41, 26, 665, 0, 26, 267, 6677 }, // W
    { 28, 26, 436, -1, 26, 182, 6944 }, // X
    { 26, 26, 410, 0, 26, 169, 7126 }, // Y
    { 20, 27, 355, 1, 26, 135, 7295 }, // Z
    { 7, 37, 184, 3, 29, 65, 7430 }, // [
    { 17, 29, 295, 1, 27, 124, 7495 }, // <backslash>
    { 7, 37, 184, 1, 29, 65, 0 }, // ]
    { 18, 17, 374, 3, 24, 77, 65 }, // ^
    { 19, 3, 300, 0, -1, 15, 142 }, // _
    { 8, 10, 403, 9, 32, 20, 157 }, // `
    { 19, 21, 329, 2, 20, 100, 177 }, // a
    { 22, 30, 358, -1, 29, 165, 277 }, // b
    { 16, 21, 304, 2, 20, 84, 442 }, // c
    { 22, 30, 374, 2, 29, 165, 526 }, // d
    { 17, 21, 312, 2, 20, 90, 691 }, // e
    { 18, 29, 244, 1, 29, 131, 781 }, // f
    { 21, 29, 348, 1, 20, 153, 912 }, // g
    { 24, 29, 397, 0, 29, 174, 1065 }, // h
    { 12, 29, 199, 0, 29, 87, 1239 }, // i
    { 10, 38, 172, -2, 29, 95, 1326 }, // j
    { 23, 30, 362, 0, 29, 173, 1421 }, // k
    { 12, 29, 195, 0, 29, 87, 1594 }, // l
    { 36, 20, 598, 1, 20, 180, 1681 }, // m
    { 24, 20, 403, 1, 20, 120, 1861 }, // n
    { 19, 21, 357, 2, 20, 100, 1981 }, // o
    { 22, 29, 368, 0, 20, 160, 2081 }, // p
    { 21, 29, 356, 2, 20, 153, 2241 }, // q
    { 16, 20, 277, 1, 20, 80, 2394 }, // r
    { 14, 21, 287, 2, 20, 74, 2474 }, // s
    { 15, 26, 246, 0, 25, 98, 2548 }, // t
    { 25, 21, 390, 0, 20, 132, 2646 }, // u
    { 23, 19, 360, 0, 19, 110, 2778 }, // v
    { 32, 19, 535, 0, 19, 152, 2888 }, // w
    { 22, 19, 356, 0, 19, 105, 3040 }, // x
    { 23, 28, 360, 0, 19, 161, 3145 }, // y
    { 17, 19, 301, 1, 19, 81, 3306 }, // z
    { 11, 37, 231, 3, 31, 102, 3387 }, // {
    { 3, 34, 163, 4, 29, 26, 3489 }, // |
    { 11, 37, 231, 1, 31, 102, 3515 }, // }
    { 17, 6, 374, 3, 16, 26, 3617 }, // ~
    { 0, 0, 129, 0, 0, 0, 0 }, // U+00A0
    { 5, 29, 164, 2, 20, 37, 0 }, // U+00A1
    { 17, 37, 374, 3, 29, 158, 37 }, // U+00A2
    { 20, 27, 374, 2, 26, 135, 195 }, // U+00A3
    { 20, 19, 374, 1, 22, 95, 330 }, // U+00A4
    { 25, 26, 374, -1, 26, 163, 425 }, // U+00A5
    { 3, 33, 163, 4, 29, 25, 588 }, // U+00A6
    { 16, 30, 305, 2, 26, 120, 613 }, // U+00A7
    { 13, 5, 403, 6, 29, 17, 733 }, // U+00A8
    { 27, 28, 469, 1, 27, 189, 750 }, // U+00A9
    { 12, 17, 268, 2, 26, 51, 939 }, // U+00AA
    { 19, 14, 315, 1, 17, 67, 990 }, // U+00AB
    { 16, 9, 374, 3, 18, 36, 1057 }, // U+00AC
    { 11, 3, 224, 1, 11, 9, 1093 }, // U+00AD
    { 20, 20, 349, 1, 29, 100, 1102 }, // U+00AE
    { 13, 3, 403, 6, 27, 10, 1202 }, // U+00AF
    { 12, 12, 317, 4, 26, 36, 1212 }, // U+00B0
    { 16, 22, 374, 4, 22, 88, 1248 }, // U+00B1
    { 14, 16, 268, 2, 30, 56, 1336 }, // U+00B2
    { 12, 17, 268, 2, 30, 51, 1392 }, // U+00B3
    { 7, 9, 403, 9, 31, 16, 1443 }, // U+00B4
    { 22, 29, 400, 3, 20, 160, 1459 }, // U+00B5
    { 18, 32, 327, 1, 26, 144, 1619 }, // U+00B6
    { 5, 5, 164, 2, 13, 7, 1763 }, // U+00B7
    { 8, 9, 403, 9, -1, 18, 1770 }, // U+00B8
    { 12, 17, 268, 2, 31, 51, 1788 }, // U+00B9
    { 13, 17, 272, 2, 26, 56, 1839 }, // U+00BA
    { 19, 14, 315, 2, 17, 67, 1895 }, // U+00BB
    { 37, 31, 646, 2, 28, 287, 1962 }, // U+00BC
    { 37, 31, 646, 2, 28, 287, 2249 }, // U+00BD
    { 37, 31, 646, 2, 28, 287, 2536 }, // U+00BE
    { 13, 29, 285, 2, 20, 95, 2823 }, // U+00BF
    { 28, 36, 445, 0, 36, 252, 2918 }, // U+00C0
    { 28, 36, 445, 0, 36, 252, 3170 }, // U+00C1
    { 28, 36, 445, 0, 36, 252, 3422 }, // U+00C2
    { 28, 35, 445, -1, 35, 245, 3674 }, // U+00C3
    { 28, 35, 445, 0, 35, 245, 3919 }, // U+00C4
    { 28, 38, 445, 0, 38, 266, 4164 }, // U+00C5
    { 34, 26, 558, 0, 26, 221, 4430 }, // U+00C6
    { 21, 36, 385, 2, 26, 189, 4651 }, // U+00C7
    { 21, 36, 378, 1, 36, 189, 4840 }, // U+00C8
    { 21, 36, 378, 1, 36, 189, 5029 }, // U+00C9
    { 21, 36, 378, 1, 36, 189, 5218 }, // U+00CA
    { 21, 35, 378, 1, 35, 184, 5407 }, // U+00CB
    { 12, 36, 226, 1, 36, 108, 5591 }, // U+00CC
    { 12, 36, 226, 1, 36, 108, 5699 }, // U+00CD
    { 14, 36, 226, 0, 36, 126, 5807 }, // U+00CE
    { 13, 35, 226, 1, 35, 114, 5933 }, // U+00CF
    { 25, 26, 449, 1, 26, 163, 6047 }, // U+00D0
    { 29, 36, 489, 1, 35, 261, 6210 }, // U+00D1
    { 25, 37, 467, 2, 36, 232, 6471 }, // U+00D2
    { 25, 37, 467, 2, 36, 232, 6703 }, // U+00D3
    { 25, 38, 467, 2, 37, 238, 6935 }, // U+00D4
    { 25, 37, 467, 2, 36, 232, 7173 }, // U+00D5
    { 25, 36, 467, 2, 35, 225, 0 }, // U+00D6
    { 15, 16, 374, 4, 21, 60, 225 }, // U+00D7
    { 27, 27, 467, 1, 26, 183, 285 }, // U+00D8
    { 29, 37, 464, 0, 36, 269, 468 }, // U+00D9
    { 29, 37, 464, 0, 36, 269, 737 }, // U+00DA
    { 29, 38, 464, 0, 37, 276, 1006 }, // U+00DB
    { 29, 36, 464, 0, 35, 261, 1282 }, // U+00DC
    { 26, 36, 410, 0, 36, 234, 1543 }, // U+00DD
    { 21, 26, 373, 1, 26, 137, 1777 }, // U+00DE
    { 23, 30, 390, 0, 29, 173, 1914 }, // U+00DF
    { 19, 32, 329, 2, 31, 152, 2087 }, // U+00E0
    { 19, 32, 329, 2, 31, 152, 2239 }, // U+00E1
    { 19, 32, 329, 2, 31, 152, 2391 }, // U+00E2
    { 19, 30, 329, 2, 29, 143, 2543 }, // U+00E3
    { 19, 29, 329, 2, 28, 138, 2686 }, // U+00E4
    { 19, 32, 329, 2, 31, 152, 2824 }, // U+00E5
    { 27, 21, 488, 2, 20, 142, 2976 }, // U+00E6
    { 16, 30, 304, 2, 20, 120, 3118 }, // U+00E7
    { 17, 32, 312, 2, 31, 136, 3238 }, // U+00E8
    { 17, 32, 312, 2, 31, 136, 3374 }, // U+00E9
    { 17, 32, 312, 2, 31, 136, 3510 }, // U+00EA
    { 17, 29, 312, 2, 28, 124, 3646 }, // U+00EB
    { 11, 31, 199, 1, 31, 86, 3770 }, // U+00EC
    { 11, 31, 199, 1, 31, 86, 3856 }, // U+00ED
    { 13, 31, 199, 0, 31, 101, 3942 }, // U+00EE
    { 13, 28, 199, 0, 28, 91, 4043 }, // U+00EF
    { 19, 32, 357, 2, 31, 152, 4134 }, // U+00F0
    { 24, 29, 403, 1, 29, 174, 4286 }, // U+00F1
    { 19, 32, 357, 2, 31, 152, 4460 }, // U+00F2
    { 19, 32, 357, 2, 31, 152, 4612 }, // U+00F3
    { 19, 32, 357, 2, 31, 152, 4764 }, // U+00F4
    { 19, 30, 357, 2, 29, 143, 4916 }, // U+00F5
    { 19, 30, 357, 2, 29, 143, 5059 }, // U+00F6
    { 16, 17, 374, 4, 21, 68, 5202 }, // U+00F7
    { 21, 21, 357, 1, 20, 111, 5270 }, // U+00F8
    { 25, 32, 390, 0, 31, 200, 5381 }, // U+00F9
    { 25, 32, 390, 0, 31, 200, 5581 }, // U+00FA
    { 25, 32, 390, 0, 31, 200, 5781 }, // U+00FB
    { 25, 29, 390, 0, 28, 182, 5981 }, // U+00FC
    { 23, 40, 360, 0, 31, 230, 6163 }, // U+00FD
    { 22, 38, 373, 0, 29, 209, 6393 }, // U+00FE
    { 22, 37, 360, 1, 28, 204, 6602 }, // U+00FF
    { 28, 34, 445, 0, 34, 238, 0 }, // U+0100
    { 19, 28, 329, 2, 27, 133, 238 }, // U+0101
    { 29, 36, 445, -1, 36, 261, 371 }, // U+0102
    { 19, 31, 329, 2, 30, 148, 632 }, // U+0103
    { 28, 34, 445, 0, 26, 238, 780 }, // U+0104
    { 19, 28, 329, 2, 20, 133, 1018 }, // U+0105
    { 21, 37, 385, 2, 36, 195, 1151 }, // U+0106
    { 16, 32, 304, 2, 31, 128, 1346 }, // U+0107
    { 21, 38, 385, 2, 37, 200, 1474 }, // U+0108
    { 16, 32, 304, 2, 31, 128, 1674 }, // U+0109
    { 21, 36, 385, 2, 35, 189, 1802 }, // U+010A
    { 16, 30, 304, 2, 29, 120, 1991 }, // U+010B
    { 21, 37, 385, 2, 36, 195, 2111 }, // U+010C
    { 16, 31, 304, 2, 30, 124, 2306 }, // U+010D
    { 25, 36, 449, 1, 36, 225, 2430 }, // U+010E
    { 25, 30, 386, 2, 29, 188, 2655 }, // U+010F
    { 25, 26, 449, 1, 26, 163, 2843 }, // U+0110
    { 22, 30, 374, 2, 29, 165, 3006 }, // U+0111
    { 21, 34, 378, 1, 34, 179, 3171 }, // U+0112
    { 17, 28, 312, 2, 27, 119, 3350 }, // U+0113
    { 21, 36, 378, 1, 36, 189, 3469 }, // U+0114
    { 17, 31, 312, 2, 30, 132, 3658 }, // U+0115
    { 21, 35, 378, 1, 35, 184, 3790 }, // U+0116
    { 17, 30, 312, 2, 29, 128, 3974 }, // U+0117
    { 21, 34, 378, 1, 26, 179, 4102 }, // U+0118
    { 17, 28, 312, 2, 20, 119, 4281 }, // U+0119
    { 21, 36, 378, 1, 36, 189, 4400 }, // U+011A
    { 17, 32, 312, 2, 31, 136, 4589 }, // U+011B
    { 23, 38, 436, 2, 37, 219, 4725 }, // U+011C
    { 21, 40, 348, 1, 31, 210, 4944 }, // U+011D
    { 23, 37, 436, 2, 36, 213, 5154 }, // U+011E
    { 21, 39, 348, 1, 30, 205, 5367 }, // U+011F
    { 23, 36, 436, 2, 35, 207, 5572 }, // U+0120
    { 21, 37, 348, 1, 28, 195, 5779 }, // U+0121
    { 23, 36, 436, 2, 26, 207, 5974 }, // U+0122
    { 21, 41, 348, 1, 32, 216, 6181 }, // U+0123
    { 30, 36, 501, 1, 36, 270, 6397 }, // U+0124
    { 25, 39, 397, -1, 39, 244, 6667 }, // U+0125
    { 29, 26, 501, 1, 26, 189, 6911 }, // U+0126
    { 24, 29, 397, 0, 29, 174, 7100 }, // U+0127
    { 12, 35, 226, 1, 35, 105, 7274 }, // U+0128
    { 12, 29, 199, 1, 29, 87, 7379 }, // U+0129
    { 13, 34, 226, 0, 34, 111, 0 }, // U+012A
    { 13, 27, 199, 0, 27, 88, 111 }, // U+012B
    { 12, 36, 226, 1, 36, 108, 199 }, // U+012C
    { 12, 30, 199, 1, 30, 90, 307 }, // U+012D
    { 12, 34, 226, 1, 26, 102, 397 }, // U+012E
    { 12, 37, 199, 0, 29, 111, 499 }, // U+012F
    { 11, 35, 226, 1, 35, 97, 610 }, // U+0130
    { 11, 20, 199, 1, 20, 55, 707 }, // U+0131
    { 25, 34, 431, 1, 26, 213, 762 }, // U+0132
    { 20, 38, 365, 0, 29, 190, 975 }, // U+0133
    { 16, 44, 217, -2, 36, 176, 1165 }, // U+0134
    { 14, 40, 172, -2, 31, 140, 1341 }, // U+0135
    { 26, 36, 436, 1, 26, 234, 1481 }, // U+0136
    { 23, 39, 362, 0, 29, 225, 1715 }, // U+0137
    { 23, 21, 368, 1, 20, 121, 1940 }, // U+0138
    { 21, 36, 361, 1, 36, 189, 2061 }, // U+0139
    { 12, 38, 195, 0, 38, 114, 2250 }, // U+013A
    { 21, 36, 361, 1, 26, 189, 2364 }, // U+013B
    { 12, 39, 195, 0, 29, 117, 2553 }, // U+013C
    { 21, 30, 361, 1, 30, 158, 2670 }, // U+013D
    { 15, 29, 207, 0, 29, 109, 2828 }, // U+013E
    { 21, 26, 361, 1, 26, 137, 2937 }, // U+013F
    { 17, 29, 281, 0, 29, 124, 3074 }, // U+0140
    { 23, 26, 361, -1, 26, 150, 3198 }, // U+0141
    { 14, 29, 195, -1, 29, 102, 3348 }, // U+0142
    { 29, 37, 489, 1, 36, 269, 3450 }, // U+0143
    { 24, 31, 403, 1, 31, 186, 3719 }, // U+0144
    { 29, 36, 489, 1, 26, 261, 3905 }, // U+0145
    { 24, 30, 403, 1, 20, 180, 4166 }, // U+0146
    { 29, 37, 489, 1, 36, 269, 4346 }, // U+0147
    { 24, 31, 403, 1, 31, 186, 4615 }, // U+0148
    { 33, 28, 543, 0, 28, 231, 4801 }, // U+0149
    { 29, 33, 489, 1, 26, 240, 5032 }, // U+014A
    { 21, 29, 386, 1, 20, 153, 5272 }, // U+014B
    { 25, 35, 467, 2, 34, 219, 5425 }, // U+014C
    { 19, 28, 357, 2, 27, 133, 5644 }, // U+014D
    { 25, 38, 467, 2, 37, 238, 5777 }, // U+014E
    { 19, 31, 357, 2, 30, 148, 6015 }, // U+014F
    { 25, 37, 467, 2, 36, 232, 6163 }, // U+0150
    { 19, 32, 357, 2, 31, 152, 6395 }, // U+0151
    { 33, 27, 581, 2, 26, 223, 6547 }, // U+0152
    { 31, 21, 544, 2, 20, 163, 6770 }, // U+0153
    { 25, 37, 406, 1, 36, 232, 6933 }, // U+0154
    { 16, 31, 277, 1, 31, 124, 7165 }, // U+0155
    { 25, 36, 406, 1, 26, 225, 7289 }, // U+0156
    { 16, 30, 277, 1, 20, 120, 0 }, // U+0157
    { 25, 38, 406, 1, 37, 238, 120 }, // U+0158
    { 16, 31, 277, 0, 31, 124, 358 }, // U+0159
    { 17, 37, 330, 2, 36, 158, 482 }, // U+015A
    { 14, 32, 287, 2, 31, 112, 640 }, // U+015B
    { 17, 38, 330, 2, 37, 162, 752 }, // U+015C
    { 14, 32, 287, 2, 31, 112, 914 }, // U+015D
    { 17, 36, 330, 2, 26, 153, 1026 }, // U+015E
    { 14, 30, 287, 2, 20, 105, 1179 }, // U+015F
    { 17, 37, 330, 2, 36, 158, 1284 }, // U+0160
    { 14, 32, 287, 2, 31, 112, 1442 }, // U+0161
    { 23, 36, 411, 1, 26, 207, 1554 }, // U+0162
    { 15, 35, 246, 0, 25, 132, 1761 }, // U+0163
    { 23, 36, 411, 1, 36, 207, 1893 }, // U+0164
    { 15, 31, 246, 0, 30, 117, 2100 }, // U+0165
    { 23, 26, 411, 1, 26, 150, 2217 }, // U+0166
    { 16, 26, 246, 0, 25, 104, 2367 }, // U+0167
    { 29, 36, 464, 0, 35, 261, 2471 }, // U+0168
    { 25, 30, 390, 0, 29, 188, 2732 }, // U+0169
    { 29, 35, 464, 0, 34, 254, 2920 }, // U+016A
    { 25, 28, 390, 0, 27, 175, 3174 }, // U+016B
    { 29, 37, 464, 0, 36, 269, 3349 }, // U+016C
    { 25, 31, 390, 0, 30, 194, 3618 }, // U+016D
    { 29, 39, 464, 0, 38, 283, 3812 }, // U+016E
    { 25, 33, 390, 0, 32, 207, 4095 }, // U+016F
    { 28, 38, 464, 0, 37, 266, 4302 }, // U+0170
    { 25, 32, 390, 0, 31, 200, 4568 }, // U+0171
    { 29, 34, 464, 0, 26, 247, 4768 }, // U+0172
    { 25, 28, 390, 0, 20, 175, 5015 }, // U+0173
    { 41, 37, 665, 1, 37, 380, 5190 }, // U+0174
    { 32, 31, 535, 0, 31, 248, 5570 }, // U+0175
    { 26, 36, 410, 0, 36, 234, 5818 }, // U+0176
    { 23, 40, 360, 0, 31, 230, 6052 }, // U+0177
    { 26, 35, 410, 0, 35, 228, 6282 }, // U+0178
    { 20, 37, 355, 1, 36, 185, 6510 }, // U+0179
    { 17, 31, 301, 1, 31, 132, 6695 }, // U+017A
    { 21, 36, 355, 1, 35, 189, 6827 }, // U+017B
    { 17, 29, 301, 1, 29, 124, 7016 }, // U+017C
    { 20, 37, 355, 1, 36, 185, 7140 }, // U+017D
    { 17, 31, 301, 1, 31, 132, 7325 }, // U+017E
    { 18, 29, 244, 1, 29, 131, 0 }, // U+017F
    { 28, 32, 467, 2, 31, 224, 0 }, // U+01A0
    { 21, 25, 357, 2, 24, 132, 224 }, // U+01A1
    { 30, 32, 464, 0, 31, 240, 356 }, // U+01AF
    { 25, 25, 390, 0, 24, 157, 596 }, // U+01B0
    { 48, 37, 805, 1, 36, 444, 753 }, // U+01C4
    { 45, 31, 751, 1, 31, 349, 1197 }, // U+01C5
    { 40, 32, 675, 2, 31, 320, 1546 }, // U+01C6
    { 35, 34, 578, 1, 26, 298, 1866 }, // U+01C7
    { 30, 38, 533, 1, 29, 285, 2164 }, // U+01C8
    { 20, 38, 367, 0, 29, 190, 2449 }, // U+01C9
    { 43, 34, 706, 1, 26, 366, 2639 }, // U+01CA
    { 38, 38, 661, 1, 29, 361, 3005 }, // U+01CB
    { 33, 38, 575, 1, 29, 314, 3366 }, // U+01CC
    { 28, 36, 445, 0, 36, 252, 3680 }, // U+01CD
    { 19, 32, 329, 2, 31, 152, 3932 }, // U+01CE
    { 14, 36, 226, 1, 36, 126, 4084 }, // U+01CF
    { 13, 31, 199, 0, 31, 101, 4210 }, // U+01D0
    { 25, 38, 467, 2, 37, 238, 4311 }, // U+01D1
    { 19, 32, 357, 2, 31, 152, 4549 }, // U+01D2
    { 29, 37, 464, 0, 36, 269, 4701 }, // U+01D3
    { 25, 32, 390, 0, 31, 200, 4970 }, // U+01D4
    { 29, 40, 464, 0, 39, 290, 5170 }, // U+01D5
    { 25, 35, 390, 0, 34, 219, 5460 }, // U+01D6
    { 29, 41, 464, 0, 40, 298, 5679 }, // U+01D7
    { 25, 38, 390, 0, 37, 238, 5977 }, // U+01D8
    { 29, 41, 464, 0, 40, 298, 6215 }, // U+01D9
    { 25, 38, 390, 0, 37, 238, 6513 }, // U+01DA
    { 29, 41, 464, 0, 40, 298, 6751 }, // U+01DB
    { 25, 38, 390, 0, 37, 238, 7049 }, // U+01DC
    { 17, 21, 313, 2, 20, 90, 7287 }, // U+01DD
    { 28, 39, 445, 0, 39, 273, 7377 }, // U+01DE
    { 19, 35, 329, 2, 34, 167, 0 }, // U+01DF
    { 28, 39, 445, 0, 39, 273, 167 }, // U+01E0
    { 19, 35, 329, 2, 34, 167, 440 }, // U+01E1
    { 34, 34, 558, 0, 34, 289, 607 }, // U+01E2
    { 27, 28, 488, 2, 27, 189, 896 }, // U+01E3
    { 25, 27, 436, 2, 26, 169, 1085 }, // U+01E4
    { 25, 29, 348, -1, 20, 182, 1254 }, // U+01E5
    { 23, 37, 436, 2, 36, 213, 1436 }, // U+01E6
    { 21, 40, 348, 1, 31, 210, 1649 }, // U+01E7
    { 27, 38, 436, 1, 37, 257, 1859 }, // U+01E8
    { 24, 40, 362, -1, 39, 240, 2116 }, // U+01E9
    { 25, 34, 467, 2, 26, 213, 2356 }, // U+01EA
    { 19, 28, 357, 2, 20, 133, 2569 }, // U+01EB
    { 25, 42, 467, 2, 34, 263, 2702 }, // U+01EC
    { 19, 35, 357, 2, 27, 167, 2965 }, // U+01ED
    { 20, 38, 343, 1, 37, 190, 3132 }, // U+01EE
    { 18, 39, 301, 0, 30, 176, 3322 }, // U+01EF
    { 15, 40, 172, -2, 31, 150, 3498 }, // U+01F0
    { 48, 27, 805, 1, 26, 324, 3648 }, // U+01F1
    { 45, 26, 751, 1, 26, 293, 3972 }, // U+01F2
    { 40, 30, 675, 2, 29, 300, 4265 }, // U+01F3
    { 23, 37, 436, 2, 36, 213, 4565 }, // U+01F4
    { 21, 40, 348, 1, 31, 210, 4778 }, // U+01F5
    { 29, 37, 489, 1, 36, 269, 4988 }, // U+01F8
    { 24, 31, 403, 1, 31, 186, 5257 }, // U+01F9
    { 29, 40, 445, -1, 40, 290, 5443 }, // U+01FA
    { 19, 39, 329, 2, 38, 186, 5733 }, // U+01FB
    { 34, 36, 558, 0, 36, 306, 5919 }, // U+01FC
    { 27, 32, 488, 2, 31, 216, 6225 }, // U+01FD
    { 27, 37, 467, 1, 36, 250, 6441 }, // U+01FE
    { 21, 32, 357, 1, 31, 168, 6691 }, // U+01FF
    { 28, 37, 445, 0, 37, 259, 6859 }, // U+0200
    { 19, 32, 329, 2, 31, 152, 7118 }, // U+0201
    { 29, 35, 445, -1, 35, 254, 7270 }, // U+0202
    { 19, 30, 329, 2, 29, 143, 7524 }, // U+0203
    { 21, 37, 378, 1, 37, 195, 0 }, // U+0204
    { 17, 32, 312, 2, 31, 136, 195 }, // U+0205
    { 21, 35, 378, 1, 35, 184, 331 }, // U+0206
    { 17, 30, 312, 2, 29, 128, 515 }, // U+0207
    { 17, 37, 226, -4, 37, 158, 643 }, // U+0208
    { 14, 31, 199, -2, 31, 109, 801 }, // U+0209
    { 12, 35, 226, 1, 35, 105, 910 }, // U+020A
    { 12, 29, 199, 1, 29, 87, 1015 }, // U+020B
    { 25, 37, 467, 2, 36, 232, 1102 }, // U+020C
    { 19, 32, 357, 2, 31, 152, 1334 }, // U+020D
    { 25, 37, 467, 2, 36, 232, 1486 }, // U+020E
    { 19, 30, 357, 2, 29, 143, 1718 }, // U+020F
    { 26, 38, 406, 0, 37, 247, 1861 }, // U+0210
    { 16, 31, 277, 1, 31, 124, 2108 }, // U+0211
    { 25, 37, 406, 1, 36, 232, 2232 }, // U+0212
    { 16, 29, 277, 1, 29, 116, 2464 }, // U+0213
    { 29, 38, 464, 0, 37, 276, 2580 }, // U+0214
    { 25, 32, 390, 0, 31, 200, 2856 }, // U+0215
    { 29, 36, 464, 0, 35, 261, 3056 }, // U+0216
    { 25, 30, 390, 0, 29, 188, 3317 }, // U+0217
    { 17, 36, 330, 2, 26, 153, 3505 }, // U+0218
    { 14, 30, 287, 2, 20, 105, 3658 }, // U+0219
    { 23, 36, 411, 1, 26, 207, 3763 }, // U+021A
    { 15, 35, 246, 0, 25, 132, 3970 }, // U+021B
    { 17, 31, 343, 2, 26, 132, 4102 }, // U+021C
    { 17, 29, 279, 0, 20, 124, 4234 }, // U+021D
    { 30, 36, 501, 1, 36, 270, 4358 }, // U+021E
    { 25, 39, 397, -1, 39, 244, 4628 }, // U+021F
    { 8, 10, 0, -5, 32, 20, 0 }, // U+0300
    { 7, 9, 0, -2, 31, 16, 20 }, // U+0301
    { 12, 9, 0, -6, 31, 27, 36 }, // U+0302
    { 12, 6, 0, -6, 29, 18, 63 }, // U+0303
    { 14, 3, 0, -7, 27, 11, 81 }, // U+0304
    { 12, 7, 0, -6, 30, 21, 92 }, // U+0306
    { 5, 5, 0, -2, 29, 7, 113 }, // U+0307
    { 13, 5, 0, -6, 29, 17, 120 }, // U+0308
    { 10, 12, 0, -5, 33, 30, 137 }, // U+0309
    { 10, 10, 0, -5, 32, 25, 167 }, // U+030A
    { 13, 9, 0, -5, 31, 30, 192 }, // U+030B
    { 13, 8, 0, -6, 31, 26, 222 }, // U+030C
    { 13, 9, 0, -8, 31, 30, 248 }, // U+030F
    { 12, 7, 0, -6, 29, 21, 278 }, // U+0311
    { 6, 10, 0, -3, 32, 15, 299 }, // U+0312
    { 7, 10, 0, -2, 33, 18, 314 }, // U+0313
    { 6, 10, 0, -3, 33, 15, 332 }, // U+0314
    { 4, 10, 0, -1, 32, 10, 347 }, // U+0315
    { 6, 8, 0, -3, 24, 12, 357 }, // U+031B
    { 5, 5, 0, -2, -3, 7, 369 }, // U+0323
    { 13, 5, 0, -6, -3, 17, 376 }, // U+0324
    { 9, 8, 0, -4, -2, 18, 393 }, // U+0325
    { 6, 8, 0, -3, -2, 12, 411 }, // U+0326
    { 8, 9, 0, -4, -1, 18, 423 }, // U+0327
    { 8, 10, 0, -4, 2, 20, 441 }, // U+0328
    { 3, 8, 162, 3, -2, 6, 461 }, // U+0329
    { 12, 7, 0, -6, -3, 21, 467 }, // U+032D
    { 12, 7, 0, -6, -2, 21, 488 }, // U+032E
    { 12, 6, 0, -6, -3, 18, 509 }, // U+0330
    { 14, 3, 0, -7, -4, 11, 527 }, // U+0331
    { 12, 7, 0, -6, 29, 21, 538 }, // U+0342
    { 13, 15, 0, -6, 39, 49, 559 }, // U+0344
    { 6, 6, 0, -2, -3, 9, 608 }, // U+0345
    { 21, 36, 378, 1, 36, 189, 0 }, // U+0400
    { 21, 35, 378, 1, 35, 184, 189 }, // U+0401
    { 28, 34, 485, 1, 26, 238, 373 }, // U+0402
    { 20, 36, 350, 1, 36, 180, 611 }, // U+0403
    { 22, 27, 401, 2, 26, 149, 791 }, // U+0404
    { 17, 27, 330, 2, 26, 115, 940 }, // U+0405
    { 12, 26, 226, 1, 26, 78, 1055 }, // U+0406
    { 13, 35, 226, 1, 35, 114, 1133 }, // U+0407
    { 15, 34, 217, -2, 26, 128, 1247 }, // U+0408
    { 35, 27, 583, 1, 26, 237, 1375 }, // U+0409
    { 36, 26, 615, 1, 26, 234, 1612 }, // U+040A
    { 30, 26, 514, 1, 26, 195, 1846 }, // U+040B
    { 26, 37, 428, 1, 36, 241, 2041 }, // U+040C
    { 29, 36, 498, 1, 36, 261, 2282 }, // U+040D
    { 27, 37, 434, 0, 36, 250, 2543 }, // U+040E
    { 28, 35, 479, 1, 26, 245, 2793 }, // U+040F
    { 28, 26, 445, 0, 26, 182, 3038 }, // U+0410
    { 21, 26, 379, 1, 26, 137, 3220 }, // U+0411
    { 21, 26, 371, 1, 26, 137, 3357 }, // U+0412
    { 20, 26, 350, 1, 26, 130, 3494 }, // U+0413
    { 26, 34, 446, 1, 26, 221, 3624 }, // U+0414
    { 21, 26, 378, 1, 26, 137, 3845 }, // U+0415
    { 38, 27, 608, 0, 26, 257, 3982 }, // U+0416
    { 19, 27, 349, 1, 26, 129, 4239 }, // U+0417
    { 29, 26, 498, 1, 26, 189, 4368 }, // U+0418
    { 29, 36, 498, 1, 36, 261, 4557 }, // U+0419
    { 26, 27, 428, 1, 26, 176, 4818 }, // U+041A
    { 26, 27, 445, 1, 26, 176, 4994 }, // U+041B
    { 34, 26, 536, 0, 26, 221, 5170 }, // U+041C
    { 30, 26, 501, 1, 26, 195, 5391 }, // U+041D
    { 25, 27, 467, 2, 26, 169, 5586 }, // U+041E
    { 29, 26, 486, 1, 26, 189, 5755 }, // U+041F
    { 20, 26, 356, 1, 26, 130, 5944 }, // U+0420
    { 21, 27, 385, 2, 26, 142, 6074 }, // U+0421
    { 23, 26, 411, 1, 26, 150, 6216 }, // U+0422
    { 28, 27, 434, 0, 26, 189, 6366 }, // U+0423
    { 27, 28, 476, 1, 27, 189, 6555 }, // U+0424
    { 28, 26, 436, -1, 26, 182, 6744 }, // U+0425
    { 28, 34, 479, 1, 26, 238, 6926 }, // U+0426
    { 26, 26, 428, 0, 26, 169, 7164 }, // U+0427
    { 38, 26, 639, 1, 26, 247, 7333 }, // U+0428
    { 38, 34, 639, 1, 26, 323, 0 }, // U+0429
    { 26, 26, 461, 1, 26, 169, 323 }, // U+042A
    { 33, 26, 565, 1, 26, 215, 492 }, // U+042B
    { 21, 26, 379, 1, 26, 137, 707 }, // U+042C
    { 21, 27, 401, 2, 26, 142, 844 }, // U+042D
    { 37, 27, 634, 1, 26, 250, 986 }, // U+042E
    { 25, 27, 401, -1, 26, 169, 1236 }, // U+042F
    { 19, 21, 329, 2, 20, 100, 1405 }, // U+0430
    { 19, 31, 350, 2, 30, 148, 1505 }, // U+0431
    { 19, 19, 327, 1, 19, 91, 1653 }, // U+0432
    { 17, 19, 298, 1, 19, 81, 1744 }, // U+0433
    { 22, 26, 385, 1, 19, 143, 1825 }, // U+0434
    { 17, 21, 312, 2, 20, 90, 1968 }, // U+0435
    { 31, 21, 483, 0, 20, 163, 2058 }, // U+0436
    { 15, 21, 285, 1, 20, 79, 2221 }, // U+0437
    { 24, 19, 415, 1, 19, 114, 2300 }, // U+0438
    { 24, 29, 415, 1, 29, 174, 2414 }, // U+0439
    { 21, 21, 353, 1, 20, 111, 2588 }, // U+043A
    { 21, 20, 372, 1, 19, 105, 2699 }, // U+043B
    { 27, 19, 465, 1, 19, 129, 2804 }, // U+043C
    { 24, 19, 416, 1, 19, 114, 2933 }, // U+043D
    { 19, 21, 357, 2, 20, 100, 3047 }, // U+043E
    { 24, 19, 411, 1, 19, 114, 3147 }, // U+043F
    { 22, 29, 368, 0, 20, 160, 3261 }, // U+0440
    { 16, 21, 304, 2, 20, 84, 3421 }, // U+0441
    { 18, 19, 337, 1, 19, 86, 3505 }, // U+0442
    { 23, 28, 360, 0, 19, 161, 3591 }, // U+0443
    { 25, 38, 443, 2, 29, 238, 3752 }, // U+0444
    { 22, 19, 356, 0, 19, 105, 3990 }, // U+0445
    { 24, 26, 413, 1, 19, 156, 4095 }, // U+0446
    { 22, 19, 366, 1, 19, 105, 4251 }, // U+0447
    { 31, 19, 530, 1, 19, 148, 4356 }, // U+0448
    { 32, 26, 530, 1, 19, 208, 4504 }, // U+0449
    { 22, 19, 385, 1, 19, 105, 4712 }, // U+044A
    { 29, 19, 487, 1, 19, 138, 4817 }, // U+044B
    { 18, 19, 322, 1, 19, 86, 4955 }, // U+044C
    { 17, 21, 308, 1, 20, 90, 5041 }, // U+044D
    { 30, 21, 506, 1, 20, 158, 5131 }, // U+044E
    { 20, 20, 346, 1, 19, 100, 5289 }, // U+044F
    { 17, 32, 312, 2, 31, 136, 5389 }, // U+0450
    { 17, 29, 312, 2, 28, 124, 5525 }, // U+0451
    { 21, 38, 376, 0, 29, 200, 5649 }, // U+0452
    { 17, 31, 298, 1, 31, 132, 5849 }, // U+0453
    { 16, 21, 310, 2, 20, 84, 5981 }, // U+0454
    { 14, 21, 287, 2, 20, 74, 6065 }, // U+0455
    { 12, 29, 199, 0, 29, 87, 6139 }, // U+0456
    { 13, 28, 199, 0, 28, 91, 6226 }, // U+0457
    { 10, 38, 172, -2, 29, 95, 6317 }, // U+0458
    { 28, 20, 479, 1, 19, 140, 6412 }, // U+0459
    { 30, 19, 512, 1, 19, 143, 6552 }, // U+045A
    { 24, 29, 397, 0, 29, 174, 6695 }, // U+045B
    { 21, 32, 353, 1, 31, 168, 6869 }, // U+045C
    { 24, 31, 415, 1, 31, 186, 7037 }, // U+045D
    { 23, 38, 360, 0, 29, 219, 7223 }, // U+045E
    { 24, 27, 407, 1, 19, 162, 7442 }, // U+045F
    { 26, 30, 438, 0, 30, 195, 0 }, // U+0462
    { 21, 26, 369, 1, 26, 137, 195 }, // U+0463
    { 26, 27, 467, 2, 26, 176, 332 }, // U+0472
    { 19, 21, 357, 2, 20, 100, 508 }, // U+0473
    { 28, 26, 449, 0, 26, 182, 608 }, // U+0474
    { 23, 20, 365, 0, 20, 115, 790 }, // U+0475
    { 29, 44, 499, 1, 36, 319, 905 }, // U+048A
    { 24, 36, 415, 1, 29, 216, 1224 }, // U+048B
    { 21, 26, 379, 1, 26, 137, 1440 }, // U+048C
    { 19, 26, 313, 0, 26, 124, 1577 }, // U+048D
    { 20, 26, 356, 1, 26, 130, 1701 }, // U+048E
    { 22, 29, 368, 0, 20, 160, 1831 }, // U+048F
    { 19, 31, 338, 1, 31, 148, 1991 }, // U+0490
    { 16, 24, 286, 1, 24, 96, 2139 }, // U+0491
    { 20, 26, 350, 1, 26, 130, 2235 }, // U+0492
    { 16, 19, 298, 1, 19, 76, 2365 }, // U+0493
    { 23, 34, 401, 1, 26, 196, 2441 }, // U+0494
    { 20, 28, 366, 1, 19, 140, 2637 }, // U+0495
    { 38, 34, 608, 0, 26, 323, 2777 }, // U+0496
    { 31, 27, 483, 0, 20, 210, 3100 }, // U+0497
    { 19, 34, 349, 1, 26, 162, 3310 }, // U+0498
    { 15, 27, 285, 1, 20, 102, 3472 }, // U+0499
    { 26, 34, 428, 1, 26, 221, 3574 }, // U+049A
    { 21, 27, 353, 1, 20, 142, 3795 }, // U+049B
    { 27, 27, 446, 1, 26, 183, 3937 }, // U+049C
    { 22, 21, 366, 1, 20, 116, 4120 }, // U+049D
    { 25, 27, 428, 1, 26, 169, 4236 }, // U+049E
    { 21, 27, 337, 0, 26, 142, 4405 }, // U+049F
    { 30, 27, 501, 1, 26, 203, 4547 }, // U+04A0
    { 24, 21, 400, 1, 20, 126, 4750 }, // U+04A1
    { 29, 34, 501, 1, 26, 247, 4876 }, // U+04A2
    { 25, 26, 422, 1, 19, 163, 5123 }, // U+04A3
    { 34, 26, 583, 1, 26, 221, 5286 }, // U+04A4
    { 28, 19, 473, 1, 19, 133, 5507 }, // U+04A5
    { 37, 34, 630, 1, 26, 315, 5640 }, // U+04A6
    { 34, 28, 578, 1, 19, 238, 5955 }, // U+04A7
    { 28, 27, 494, 2, 26, 189, 6193 }, // U+04A8
    { 22, 21, 386, 2, 20, 116, 6382 }, // U+04A9
    { 21, 34, 385, 2, 26, 179, 6498 }, // U+04AA
    { 16, 28, 304, 2, 20, 112, 6677 }, // U+04AB
    { 23, 34, 411, 1, 26, 196, 6789 }, // U+04AC
    { 18, 26, 335, 1, 19, 117, 6985 }, // U+04AD
    { 26, 26, 410, 0, 26, 169, 7102 }, // U+04AE
    { 22, 28, 360, 1, 19, 154, 7271 }, // U+04AF
    { 25, 26, 410, 1, 26, 163, 7425 }, // U+04B0
    { 22, 28, 360, 0, 19, 154, 0 }, // U+04B1
    { 28, 34, 437, -1, 26, 238, 154 }, // U+04B2
    { 23, 26, 359, 0, 19, 150, 392 }, // U+04B3
    { 32, 34, 546, 1, 26, 272, 542 }, // U+04B4
    { 28, 26, 474, 1, 19, 182, 814 }, // U+04B5
    { 26, 34, 428, 0, 26, 221, 996 }, // U+04B6
    { 22, 26, 372, 1, 19, 143, 1217 }, // U+04B7
    { 26, 26, 428, 0, 26, 169, 1360 }, // U+04B8
    { 22, 19, 366, 1, 19, 105, 1529 }, // U+04B9
    { 25, 26, 431, 1, 26, 163, 1634 }, // U+04BA
    { 24, 29, 397, 0, 29, 174, 1797 }, // U+04BB
    { 28, 27, 490, 1, 26, 189, 1971 }, // U+04BC
    { 21, 21, 379, 1, 20, 111, 2160 }, // U+04BD
    { 28, 35, 490, 1, 26, 245, 2271 }, // U+04BE
    { 21, 28, 379, 1, 20, 147, 2516 }, // U+04BF
    { 12, 26, 226, 1, 26, 78, 2663 }, // U+04C0
    { 38, 37, 607, 0, 36, 352, 2741 }, // U+04C1
    { 31, 30, 483, -1, 29, 233, 3093 }, // U+04C2
    { 24, 34, 415, 1, 26, 204, 3326 }, // U+04C3
    { 19, 29, 355, 1, 20, 138, 3530 }, // U+04C4
    { 26, 34, 445, 1, 26, 221, 3668 }, // U+04C5
    { 22, 26, 372, 1, 19, 143, 3889 }, // U+04C6
    { 29, 34, 490, 1, 26, 247, 4032 }, // U+04C7
    { 25, 28, 416, 1, 19, 175, 4279 }, // U+04C8
    { 29, 34, 501, 1, 26, 247, 4454 }, // U+04C9
    { 25, 26, 416, 1, 19, 163, 4701 }, // U+04CA
    { 26, 34, 428, 0, 26, 221, 4864 }, // U+04CB
    { 21, 26, 366, 1, 19, 137, 5085 }, // U+04CC
    { 34, 34, 536, 0, 26, 289, 5222 }, // U+04CD
    { 28, 26, 465, 1, 19, 182, 5511 }, // U+04CE
    { 12, 29, 195, 0, 29, 87, 5693 }, // U+04CF
    { 28, 36, 445, 0, 36, 252, 5780 }, // U+04D0
    { 19, 29, 329, 2, 28, 138, 6032 }, // U+04D1
    { 28, 35, 445, 0, 35, 245, 6170 }, // U+04D2
    { 19, 29, 329, 2, 28, 138, 6415 }, // U+04D3
    { 34, 26, 558, 0, 26, 221, 6553 }, // U+04D4
    { 27, 21, 488, 2, 20, 142, 6774 }, // U+04D5
    { 21, 36, 378, 1, 36, 189, 6916 }, // U+04D6
    { 17, 30, 312, 2, 29, 128, 7105 }, // U+04D7
    { 22, 27, 409, 2, 26, 149, 7233 }, // U+04D8
    { 17, 21, 313, 2, 20, 90, 7382 }, // U+04D9
    { 22, 36, 409, 2, 35, 198, 7472 }, // U+04DA
    { 17, 29, 313, 2, 28, 124, 0 }, // U+04DB
    { 37, 36, 607, 0, 35, 333, 124 }, // U+04DC
    { 31, 29, 483, 0, 28, 225, 457 }, // U+04DD
    { 19, 36, 349, 1, 35, 171, 682 }, // U+04DE
    { 15, 29, 285, 1, 28, 109, 853 }, // U+04DF
    { 20, 27, 343, 1, 26, 135, 962 }, // U+04E0
    { 18, 28, 301, 0, 19, 126, 1097 }, // U+04E1
    { 29, 34, 498, 1, 34, 247, 1223 }, // U+04E2
    { 24, 27, 415, 1, 27, 162, 1470 }, // U+04E3
    { 29, 35, 498, 1, 35, 254, 1632 }, // U+04E4
    { 24, 28, 415, 1, 28, 168, 1886 }, // U+04E5
    { 25, 36, 467, 2, 35, 225, 2054 }, // U+04E6
    { 19, 30, 357, 2, 29, 143, 2279 }, // U+04E7
    { 26, 27, 467, 2, 26, 176, 2422 }, // U+04E8
    { 19, 21, 357, 2, 20, 100, 2598 }, // U+04E9
    { 26, 36, 500, 2, 35, 234, 2698 }, // U+04EA
    { 19, 30, 357, 2, 29, 143, 2932 }, // U+04EB
    { 22, 36, 401, 1, 35, 198, 3075 }, // U+04EC
    { 17, 29, 308, 1, 28, 124, 3273 }, // U+04ED
    { 28, 35, 434, 0, 34, 245, 3397 }, // U+04EE
    { 23, 36, 360, 0, 27, 207, 3642 }, // U+04EF
    { 27, 36, 434, 0, 35, 243, 3849 }, // U+04F0
    { 23, 37, 360, 0, 28, 213, 4092 }, // U+04F1
    { 27, 38, 434, 0, 37, 257, 4305 }, // U+04F2
    { 23, 40, 360, 0, 31, 230, 4562 }, // U+04F3
    { 26, 35, 427, 0, 35, 228, 4792 }, // U+04F4
    { 22, 28, 374, 1, 28, 154, 5020 }, // U+04F5
    { 20, 34, 350, 1, 26, 170, 5174 }, // U+04F6
    { 17, 26, 298, 1, 19, 111, 5344 }, // U+04F7
    { 33, 35, 584, 1, 35, 289, 5455 }, // U+04F8
    { 29, 28, 487, 1, 28, 203, 5744 }, // U+04F9
    { 20, 34, 350, 1, 26, 170, 5947 }, // U+04FA
    { 16, 26, 298, 1, 19, 104, 6117 }, // U+04FB
    { 27, 34, 424, 0, 26, 230, 6221 }, // U+04FC
    { 22, 28, 354, 0, 19, 154, 6451 }, // U+04FD
    { 27, 26, 436, 0, 26, 176, 6605 }, // U+04FE
    { 22, 19, 356, 0, 19, 105, 6781 }, // U+04FF
    { 28, 35, 445, 0, 26, 245, 0 }, // U+1EA0
    { 19, 29, 329, 2, 20, 138, 245 }, // U+1EA1
    { 28, 38, 445, -1, 38, 266, 383 }, // U+1EA2
    { 19, 34, 329, 2, 33, 162, 649 }, // U+1EA3
    { 28, 40, 445, 0, 40, 280, 811 }, // U+1EA4
    { 19, 38, 329, 2, 37, 181, 1091 }, // U+1EA5
    { 28, 40, 445, 0, 40, 280, 1272 }, // U+1EA6
    { 19, 38, 329, 2, 37, 181, 1552 }, // U+1EA7
    { 28, 39, 445, -1, 39, 273, 1733 }, // U+1EA8
    { 19, 37, 329, 2, 36, 176, 2006 }, // U+1EA9
    { 28, 39, 445, 0, 39, 273, 2182 }, // U+1EAA
    { 19, 36, 329, 2, 35, 171, 2455 }, // U+1EAB
    { 28, 45, 445, 0, 36, 315, 2626 }, // U+1EAC
    { 19, 39, 329, 2, 30, 186, 2941 }, // U+1EAD
    { 28, 39, 445, -1, 39, 273, 3127 }, // U+1EAE
    { 19, 38, 329, 2, 37, 181, 3400 }, // U+1EAF
    { 28, 39, 445, -1, 39, 273, 3581 }, // U+1EB0
    { 19, 38, 329, 2, 37, 181, 3854 }, // U+1EB1
    { 28, 39, 445, 0, 39, 273, 4035 }, // U+1EB2
    { 19, 38, 329, 2, 37, 181, 4308 }, // U+1EB3
    { 28, 39, 445, 0, 39, 273, 4489 }, // U+1EB4
    { 19, 36, 329, 2, 35, 171, 4762 }, // U+1EB5
    { 29, 45, 445, -1, 36, 327, 4933 }, // U+1EB6
    { 19, 39, 329, 2, 30, 186, 5260 }, // U+1EB7
    { 21, 35, 378, 1, 26, 184, 5446 }, // U+1EB8
    { 17, 29, 312, 2, 20, 124, 5630 }, // U+1EB9
    { 21, 38, 378, 1, 38, 200, 5754 }, // U+1EBA
    { 17, 34, 312, 2, 33, 145, 5954 }, // U+1EBB
    { 21, 35, 378, 1, 35, 184, 6099 }, // U+1EBC
    { 17, 30, 312, 2, 29, 128, 6283 }, // U+1EBD
    { 21, 40, 378, 1, 40, 210, 6411 }, // U+1EBE
    { 19, 38, 312, 2, 37, 181, 6621 }, // U+1EBF
    { 21, 40, 378, 1, 40, 210, 6802 }, // U+1EC0
    { 17, 38, 312, 2, 37, 162, 7012 }, // U+1EC1
    { 22, 39, 383, 1, 39, 215, 7174 }, // U+1EC2
    { 19, 37, 312, 2, 36, 176, 7389 }, // U+1EC3
    { 21, 39, 378, 1, 39, 205, 0 }, // U+1EC4
    { 17, 36, 312, 2, 35, 153, 205 }, // U+1EC5
    { 21, 45, 378, 1, 36, 237, 358 }, // U+1EC6
    { 17, 39, 312, 2, 30, 166, 595 }, // U+1EC7
    { 12, 38, 226, 1, 38, 114, 761 }, // U+1EC8
    { 12, 33, 199, 0, 33, 99, 875 }, // U+1EC9
    { 11, 35, 226, 1, 26, 97, 974 }, // U+1ECA
    { 12, 38, 199, 0, 29, 114, 1071 }, // U+1ECB
    { 25, 35, 467, 2, 26, 219, 1185 }, // U+1ECC
    { 19, 29, 357, 2, 20, 138, 1404 }, // U+1ECD
    { 25, 40, 467, 2, 39, 250, 1542 }, // U+1ECE
    { 19, 34, 357, 2, 33, 162, 1792 }, // U+1ECF
    { 25, 41, 467, 2, 40, 257, 1954 }, // U+1ED0
    { 19, 38, 357, 2, 37, 181, 2211 }, // U+1ED1
    { 25, 41, 467, 2, 40, 257, 2392 }, // U+1ED2
    { 19, 38, 357, 2, 37, 181, 2649 }, // U+1ED3
    { 25, 41, 467, 2, 40, 257, 2830 }, // U+1ED4
    { 20, 37, 357, 2, 36, 185, 3087 }, // U+1ED5
    { 25, 41, 467, 2, 40, 257, 3272 }, // U+1ED6
    { 19, 36, 357, 2, 35, 171, 3529 }, // U+1ED7
    { 25, 45, 467, 2, 36, 282, 3700 }, // U+1ED8
    { 19, 39, 357, 2, 30, 186, 3982 }, // U+1ED9
    { 28, 37, 467, 2, 36, 259, 4168 }, // U+1EDA
    { 21, 33, 357, 2, 32, 174, 4427 }, // U+1EDB
    { 28, 38, 467, 2, 37, 266, 4601 }, // U+1EDC
    { 21, 33, 357, 2, 32, 174, 4867 }, // U+1EDD
    { 28, 40, 467, 2, 39, 280, 5041 }, // U+1EDE
    { 21, 34, 357, 2, 33, 179, 5321 }, // U+1EDF
    { 28, 37, 467, 2, 36, 259, 5500 }, // U+1EE0
    { 21, 30, 357, 2, 29, 158, 5759 }, // U+1EE1
    { 28, 40, 467, 2, 31, 280, 5917 }, // U+1EE2
    { 21, 32, 357, 2, 23, 168, 6197 }, // U+1EE3
    { 29, 35, 464, 0, 26, 254, 6365 }, // U+1EE4
    { 25, 29, 390, 0, 20, 182, 6619 }, // U+1EE5
    { 29, 39, 464, 0, 38, 283, 6801 }, // U+1EE6
    { 25, 34, 390, 0, 33, 213, 7084 }, // U+1EE7
    { 30, 37, 464, 0, 36, 278, 0 }, // U+1EE8
    { 25, 33, 390, 0, 32, 207, 278 }, // U+1EE9
    { 30, 38, 464, 0, 37, 285, 485 }, // U+1EEA
    { 25, 33, 390, 0, 32, 207, 770 }, // U+1EEB
    { 30, 39, 464, 0, 38, 293, 977 }, // U+1EEC
    { 25, 34, 390, 0, 33, 213, 1270 }, // U+1EED
    { 30, 36, 464, 0, 35, 270, 1483 }, // U+1EEE
    { 25, 30, 390, 0, 29, 188, 1753 }, // U+1EEF
    { 30, 40, 464, 0, 31, 300, 1941 }, // U+1EF0
    { 25, 32, 390, 0, 23, 200, 2241 }, // U+1EF1
    { 26, 36, 410, 0, 36, 234, 2441 }, // U+1EF2
    { 23, 40, 360, 0, 31, 230, 2675 }, // U+1EF3
    { 26, 35, 410, 0, 26, 228, 2905 }, // U+1EF4
    { 23, 28, 360, 0, 19, 161, 3133 }, // U+1EF5
    { 26, 38, 410, 0, 38, 247, 3294 }, // U+1EF6
    { 23, 42, 360, 0, 33, 242, 3541 }, // U+1EF7
    { 26, 35, 410, 1, 35, 228, 3783 }, // U+1EF8
    { 23, 38, 360, 0, 29, 219, 4011 }, // U+1EF9
    { 0, 0, 300, 0, 0, 0, 0 }, // U+2000
    { 0, 0, 600, 0, 0, 0, 0 }, // U+2001
    { 0, 0, 300, 0, 0, 0, 0 }, // U+2002
    { 0, 0, 600, 0, 0, 0, 0 }, // U+2003
    { 0, 0, 200, 0, 0, 0, 0 }, // U+2004
    { 0, 0, 150, 0, 0, 0, 0 }, // U+2005
    { 0, 0, 100, 0, 0, 0, 0 }, // U+2006
    { 0, 0, 374, 0, 0, 0, 0 }, // U+2007
    { 0, 0, 164, 0, 0, 0, 0 }, // U+2008
    { 0, 0, 120, 0, 0, 0, 0 }, // U+2009
    { 0, 0, 30, 0, 0, 0, 0 }, // U+200A
    { 0, 0, 0, 0, 0, 0, 0 }, // U+200B
    { 2, 30, 0, -1, 21, 15, 0 }, // U+200C
    { 8, 33, 0, -4, 24, 66, 15 }, // U+200D
    { 13, 35, 0, -7, 26, 114, 81 }, // U+200E
    { 12, 35, 0, -6, 26, 105, 195 }, // U+200F
    { 11, 3, 224, 1, 11, 9, 300 }, // U+2010
    { 11, 3, 224, 1, 11, 9, 309 }, // U+2011
    { 17, 3, 374, 3, 14, 13, 318 }, // U+2012
    { 19, 3, 300, 0, 11, 15, 331 }, // U+2013
    { 38, 3, 600, 0, 11, 29, 346 }, // U+2014
    { 38, 3, 600, 0, 11, 29, 375 }, // U+2015
    { 11, 38, 300, 4, 29, 105, 404 }, // U+2016
    { 19, 8, 300, 0, -1, 38, 509 }, // U+2017
    { 7, 12, 142, 2, 29, 21, 547 }, // U+2018
    { 7, 12, 142, 0, 29, 21, 568 }, // U+2019
    { 7, 12, 142, 0, 5, 21, 589 }, // U+201A
    { 7, 12, 142, 2, 29, 21, 610 }, // U+201B
    { 14, 12, 262, 2, 29, 42, 631 }, // U+201C
    { 14, 12, 262, 0, 29, 42, 673 }, // U+201D
    { 14, 12, 263, 0, 5, 42, 715 }, // U+201E
    { 14, 12, 262, 2, 29, 42, 757 }, // U+201F
    { 16, 24, 300, 1, 26, 96, 799 }, // U+2020
    { 16, 29, 300, 1, 26, 116, 895 }, // U+2021
    { 8, 7, 180, 2, 13, 14, 1011 }, // U+2022
    { 12, 14, 374, 5, 20, 42, 1025 }, // U+2023
    { 5, 6, 164, 2, 5, 8, 1067 }, // U+2024
    { 15, 6, 300, 2, 5, 23, 1075 }, // U+2025
    { 31, 6, 600, 4, 5, 47, 1098 }, // U+2026
    { 5, 5, 164, 2, 13, 7, 1145 }, // U+2027
    { 0, 0, 0, 0, 0, 0, 1152 }, // U+2028
    { 0, 0, 0, 0, 0, 0, 1152 }, // U+2029
    { 13, 35, 0, -7, 26, 114, 1152 }, // U+202A
    { 12, 35, 0, -6, 26, 105, 1266 }, // U+202B
    { 11, 35, 0, -5, 26, 97, 1371 }, // U+202C
    { 16, 35, 0, -8, 26, 140, 1468 }, // U+202D
    { 15, 35, 0, -8, 26, 132, 1608 }, // U+202E
    { 0, 0, 64, 0, 0, 0, 1740 }, // U+202F
    { 47, 30, 826, 2, 28, 353, 1740 }, // U+2030
    { 7, 13, 157, 1, 27, 23, 2093 }, // U+2032
    { 15, 13, 274, 1, 27, 49, 2116 }, // U+2033
    { 22, 13, 391, 1, 27, 72, 2165 }, // U+2034
    { 7, 13, 157, 1, 27, 23, 2237 }, // U+2035
    { 15, 13, 288, 1, 27, 49, 2260 }, // U+2036
    { 24, 13, 419, 1, 27, 78, 2309 }, // U+2037
    { 17, 8, 299, 1, 0, 34, 2387 }, // U+2038
    { 9, 14, 193, 1, 17, 32, 2421 }, // U+2039
    { 9, 14, 193, 2, 17, 32, 2453 }, // U+203A
    { 24, 26, 374, 0, 25, 156, 2485 }, // U+203B
    { 15, 30, 328, 3, 29, 113, 2641 }, // U+203C
    { 19, 3, 300, 0, 31, 15, 2754 }, // U+203E
    { 9, 3, 180, 1, 11, 7, 2769 }, // U+2043
    { 19, 31, 109, -6, 28, 148, 2776 }, // U+2044
    { 28, 29, 536, 3, 28, 203, 2924 }, // U+2047
    { 23, 30, 449, 3, 29, 173, 3127 }, // U+2048
    { 23, 30, 449, 3, 29, 173, 3300 }, // U+2049
    { 21, 7, 600, 8, 14, 37, 3473 }, // U+2053
    { 29, 13, 508, 1, 27, 95, 3510 }, // U+2057
    { 0, 0, 133, 0, 0, 0, 3605 }, // U+205F
    { 0, 0, 0, 0, 0, 0, 3605 }, // U+2060
    { 0, 0, 0, 0, 0, 0, 3605 }, // U+2061
    { 0, 0, 0, 0, 0, 0, 3605 }, // U+2062
    { 0, 0, 0, 0, 0, 0, 3605 }, // U+2063
    { 0, 0, 0, 0, 0, 0, 3605 }, // U+2064
    { 14, 17, 268, 1, 30, 60, 0 }, // U+2070
    { 15, 18, 268, 1, 31, 68, 60 }, // U+2074
    { 12, 17, 268, 2, 30, 51, 128 }, // U+2075
    { 13, 17, 268, 2, 30, 56, 179 }, // U+2076
    { 12, 17, 268, 3, 30, 51, 235 }, // U+2077
    { 13, 17, 268, 2, 30, 56, 286 }, // U+2078
    { 13, 17, 268, 2, 30, 56, 342 }, // U+2079
    { 17, 12, 340, 2, 26, 51, 398 }, // U+207F
    { 14, 18, 268, 1, 12, 63, 449 }, // U+2080
    { 12, 17, 268, 2, 12, 51, 512 }, // U+2081
    { 14, 17, 268, 2, 12, 60, 563 }, // U+2082
    { 12, 18, 268, 2, 12, 54, 623 }, // U+2083
    { 15, 18, 268, 1, 13, 68, 677 }, // U+2084
    { 12, 18, 268, 2, 12, 54, 745 }, // U+2085
    { 13, 18, 268, 2, 12, 59, 799 }, // U+2086
    { 12, 18, 268, 3, 12, 54, 858 }, // U+2087
    { 13, 18, 268, 2, 12, 59, 912 }, // U+2088
    { 13, 18, 268, 2, 12, 59, 971 }, // U+2089
    { 19, 26, 374, 1, 26, 124, 0 }, // U+20A3
    { 20, 27, 374, 2, 26, 135, 124 }, // U+20A4
    { 45, 27, 750, 1, 26, 304, 259 }, // U+20A7
    { 23, 27, 374, 0, 26, 156, 563 }, // U+20AC
    { 22, 15, 600, 8, 20, 83, 0 }, // U+2190
    { 15, 24, 600, 11, 25, 90, 83 }, // U+2191
    { 22, 15, 600, 8, 20, 83, 173 }, // U+2192
    { 15, 24, 600, 11, 25, 90, 256 }, // U+2193
    { 23, 16, 600, 7, 21, 92, 346 }, // U+2194
    { 16, 26, 600, 11, 26, 104, 438 }, // U+2195
    { 16, 24, 600, 11, 25, 96, 542 }, // U+21A8
    { 16, 25, 600, 11, 25, 100, 638 }, // U+21B2
    { 16, 25, 600, 11, 25, 100, 738 }, // U+21B3
    { 21, 18, 600, 8, 22, 95, 838 }, // U+21B5
    { 22, 18, 600, 8, 22, 99, 933 }, // U+21D0
    { 18, 22, 600, 10, 24, 99, 1032 }, // U+21D1
    { 22, 18, 600, 8, 22, 99, 1131 }, // U+21D2
    { 18, 22, 600, 10, 24, 99, 1230 }, // U+21D3
    { 23, 17, 600, 7, 21, 98, 1329 }, // U+21D4
    { 25, 28, 600, 6, 27, 175, 0 }, // U+2200
    { 18, 30, 374, 3, 29, 135, 175 }, // U+2202
    { 17, 26, 600, 10, 26, 111, 310 }, // U+2203
    { 28, 29, 600, 5, 27, 203, 421 }, // U+2205
    { 23, 27, 395, 1, 27, 156, 624 }, // U+2206
    { 23, 27, 600, 7, 26, 156, 780 }, // U+2207
    { 24, 26, 600, 7, 26, 156, 936 }, // U+2208
    { 24, 33, 600, 7, 29, 198, 1092 }, // U+2209
    { 24, 20, 600, 7, 23, 120, 1290 }, // U+220A
    { 25, 26, 600, 6, 26, 163, 1410 }, // U+220B
    { 25, 33, 600, 6, 29, 207, 1573 }, // U+220C
    { 25, 20, 600, 6, 23, 125, 1780 }, // U+220D
    { 28, 32, 486, 1, 26, 224, 1905 }, // U+220F
    { 23, 33, 367, 0, 26, 190, 2129 }, // U+2211
    { 16, 3, 374, 4, 14, 12, 2319 }, // U+2212
    { 17, 29, 295, 1, 27, 124, 2331 }, // U+2215
    { 17, 29, 316, 2, 27, 124, 2455 }, // U+2216
    { 17, 18, 374, 3, 22, 77, 2579 }, // U+2217
    { 12, 13, 374, 5, 19, 39, 2656 }, // U+2218
    { 6, 6, 374, 9, 13, 9, 2695 }, // U+2219
    { 24, 36, 374, 0, 31, 216, 2704 }, // U+221A
    { 18, 14, 374, 3, 19, 63, 2920 }, // U+221D
    { 22, 12, 374, 1, 18, 66, 2983 }, // U+221E
    { 23, 26, 600, 7, 26, 150, 3049 }, // U+221F
    { 26, 27, 600, 5, 27, 176, 3199 }, // U+2220
    { 5, 38, 300, 7, 29, 48, 3375 }, // U+2223
    { 11, 38, 300, 4, 29, 105, 3423 }, // U+2225
    { 24, 26, 600, 7, 26, 156, 3528 }, // U+2227
    { 24, 26, 600, 7, 26, 156, 3684 }, // U+2228
    { 22, 27, 600, 8, 27, 149, 3840 }, // U+2229
    { 22, 27, 600, 8, 26, 149, 3989 }, // U+222A
    { 20, 38, 374, 2, 29, 190, 4138 }, // U+222B
    { 23, 21, 600, 7, 20, 121, 4328 }, // U+2234
    { 23, 21, 600, 7, 20, 121, 4449 }, // U+2235
    { 6, 20, 187, 3, 23, 30, 4570 }, // U+2236
    { 24, 21, 600, 7, 20, 126, 4600 }, // U+2237
    { 21, 6, 600, 8, 14, 32, 4726 }, // U+223C
    { 21, 19, 600, 8, 22, 100, 4758 }, // U+2245
    { 18, 13, 374, 3, 19, 59, 4858 }, // U+2248
    { 20, 13, 600, 9, 17, 65, 4917 }, // U+224D
    { 16, 17, 374, 4, 21, 68, 4982 }, // U+2260
    { 20, 16, 600, 9, 19, 80, 5050 }, // U+2261
    { 16, 23, 374, 4, 23, 92, 5130 }, // U+2264
    { 17, 23, 374, 3, 23, 98, 5222 }, // U+2265
    { 30, 18, 600, 4, 22, 135, 5320 }, // U+226A
    { 30, 18, 600, 4, 22, 135, 5455 }, // U+226B
    { 24, 20, 600, 7, 23, 120, 5590 }, // U+2283
    { 24, 33, 600, 7, 29, 198, 5710 }, // U+2284
    { 24, 33, 600, 7, 29, 198, 5908 }, // U+2285
    { 24, 26, 600, 7, 26, 156, 6106 }, // U+2286
    { 24, 26, 600, 7, 26, 156, 6262 }, // U+2287
    { 28, 28, 600, 5, 27, 196, 6418 }, // U+2295
    { 28, 28, 600, 5, 27, 196, 6614 }, // U+2296
    { 27, 28, 600, 5, 27, 189, 6810 }, // U+2297
    { 27, 28, 600, 5, 27, 189, 6999 }, // U+2298
    { 22, 26, 600, 8, 26, 143, 7188 }, // U+22A5
    { 6, 6, 374, 9, 13, 9, 7331 }, // U+22C5
    { 31, 6, 600, 3, 13, 47, 7340 }, // U+22EF
    { 30, 29, 446, 1, 29, 218, 0 }, // U+FB00
    { 24, 29, 401, 1, 29, 174, 218 }, // U+FB01
    { 24, 29, 403, 1, 29, 174, 392 }, // U+FB02
    { 37, 29, 604, 1, 29, 269, 566 }, // U+FB03
    { 37, 29, 605, 1, 29, 269, 835 }, // U+FB04
    { 28, 30, 462, 1, 29, 210, 1104 }, // U+FB05
    { 31, 30, 533, 2, 29, 233, 1314 }, // U+FB06
    { 36, 36, 600, 1, 31, 324, 0 }, // U+FFFD
};

static const EpdUnicodeInterval bookerly_18_regularIntervals[] = {
    { 0x0, 0x0, 0x0 },
    { 0x8, 0x9, 0x1 },
    { 0xD, 0xD, 0x3 },
    { 0x1D, 0x1D, 0x4 },
    { 0x20, 0x7E, 0x5 },
    { 0xA0, 0xFF, 0x64 },
    { 0x100, 0x17F, 0xC4 },
    { 0x1A0, 0x1A1, 0x144 },
    { 0x1AF, 0x1B0, 0x146 },
    { 0x1C4, 0x1F5, 0x148 },
    { 0x1F8, 0x21F, 0x17A },
    { 0x300, 0x304, 0x1A2 },
    { 0x306, 0x30C, 0x1A7 },
    { 0x30F, 0x30F, 0x1AE },
    { 0x311, 0x315, 0x1AF },
    { 0x31B, 0x31B, 0x1B4 },
    { 0x323, 0x329, 0x1B5 },
    { 0x32D, 0x32E, 0x1BC },
    { 0x330, 0x331, 0x1BE },
    { 0x342, 0x342, 0x1C0 },
    { 0x344, 0x345, 0x1C1 },
    { 0x400, 0x45F, 0x1C3 },
    { 0x462, 0x463, 0x223 },
    { 0x472, 0x475, 0x225 },
    { 0x48A, 0x4FF, 0x229 },
    { 0x1EA0, 0x1EF9, 0x29F },
    { 0x2000, 0x2030, 0x2F9 },
    { 0x2032, 0x203C, 0x32A },
    { 0x203E, 0x203E, 0x335 },
    { 0x2043, 0x2044, 0x336 },
    { 0x2047, 0x2049, 0x338 },
    { 0x2053, 0x2053, 0x33B },
    { 0x2057, 0x2057, 0x33C },
    { 0x205F, 0x2064, 0x33D },
    { 0x2070, 0x2070, 0x343 },
    { 0x2074, 0x2079, 0x344 },
    { 0x207F, 0x2089, 0x34A },
    { 0x20A3, 0x20A4, 0x355 },
    { 0x20A7, 0x20A7, 0x357 },
    { 0x20AC, 0x20AC, 0x358 },
    { 0x2190, 0x2195, 0x359 },
    { 0x21A8, 0x21A8, 0x35F },
    { 0x21B2, 0x21B3, 0x360 },
    { 0x21B5, 0x21B5, 0x362 },
    { 0x21D0, 0x21D4, 0x363 },
    { 0x2200, 0x2200, 0x368 },
    { 0x2202, 0x2203, 0x369 },
    { 0x2205, 0x220D, 0x36B },
    { 0x220F, 0x220F, 0x374 },
    { 0x2211, 0x2212, 0x375 },
    { 0x2215, 0x221A, 0x377 },
    { 0x221D, 0x2220, 0x37D },
    { 0x2223, 0x2223, 0x381 },
    { 0x2225, 0x2225, 0x382 },
    { 0x2227, 0x222B, 0x383 },
    { 0x2234, 0x2237, 0x388 },
    { 0x223C, 0x223C, 0x38C },
    { 0x2245, 0x2245, 0x38D },
    { 0x2248, 0x2248, 0x38E },
    { 0x224D, 0x224D, 0x38F },
    { 0x2260, 0x2261, 0x390 },
    { 0x2264, 0x2265, 0x392 },
    { 0x226A, 0x226B, 0x394 },
    { 0x2283, 0x2287, 0x396 },
    { 0x2295, 0x2298, 0x39B },
    { 0x22A5, 0x22A5, 0x39F },
    { 0x22C5, 0x22C5, 0x3A0 },
    { 0x22EF, 0x22EF, 0x3A1 },
    { 0xFB00, 0xFB06, 0x3A2 },
    { 0xFFFD, 0xFFFD, 0x3A9 },
};

static const EpdFontGroup bookerly_18_regularGroups[] = {
    { 0, 3104, 8165, 66, 0 },
    { 3104, 1395, 3906, 34, 66 },
    { 4499, 2556, 7989, 54, 100 },
    { 7055, 1894, 7399, 42, 154 },
    { 8949, 1816, 8165, 42, 196 },
    { 10765, 1925, 8121, 45, 238 },
    { 12690, 2015, 8131, 40, 283 },
    { 14705, 53, 145, 1, 323 },
    { 14758, 2059, 8188, 31, 324 },
    { 16817, 2620, 8120, 35, 355 },
    { 19437, 1559, 5379, 28, 390 },
    { 20996, 409, 704, 33, 418 },
    { 21405, 2225, 8062, 41, 451 },
    { 23630, 2649, 8164, 55, 492 },
    { 26279, 2927, 8073, 45, 547 },
    { 29206, 2681, 8129, 42, 592 },
    { 31887, 2262, 7318, 37, 634 },
    { 34149, 2085, 7976, 36, 671 },
    { 36234, 1447, 7903, 36, 707 },
    { 37681, 934, 4550, 18, 743 },
    { 38615, 1386, 3843, 74, 761 },
    { 40001, 518, 1147, 18, 835 },
    { 40519, 330, 751, 4, 853 },
    { 40849, 587, 1514, 15, 857 },
    { 41436, 2512, 7783, 58, 872 },
    { 43948, 452, 1610, 7, 930 },
    { 44400, 156, 324, 1, 937 },
};

static const uint16_t bookerly_18_regularKernLeftCodepoints[] = {
    0x0022, 0x0027, 0x0028, 0x002A, 0x002C, 0x002D, 0x002E, 0x002F, 0x003A, 0x003B, 0x0040, 0x0041,
    0x0042, 0x0043, 0x0044, 0x0045, 0x0046, 0x0047, 0x0048, 0x0049, 0x004A, 0x004B, 0x004C, 0x004D,
    0x004E, 0x004F, 0x0050, 0x0051, 0x0052, 0x0053, 0x0054, 0x0055, 0x0056, 0x0057, 0x0058, 0x0059,
    0x005A, 0x005B, 0x005C, 0x0061, 0x0062, 0x0063, 0x0064, 0x0065, 0x0066, 0x0067, 0x0068, 0x0069,
    0x006A, 0x006B, 0x006C, 0x006D, 0x006E, 0x006F, 0x0070, 0x0071, 0x0072, 0x0073, 0x0074, 0x0075,
    0x0076, 0x0077, 0x0078, 0x0079, 0x007A, 0x007B, 0x00A1, 0x00AB, 0x00AD, 0x00BB, 0x00BF, 0x00C0,
    0x00C1, 0x00C2, 0x00C3, 0x00C4, 0x00C5, 0x00C6, 0x00C7, 0x00C8, 0x00C9, 0x00CA, 0x00CB, 0x00CC,
    0x00CD, 0x00CE, 0x00CF, 0x00D0, 0x00D1, 0x00D2, 0x00D3, 0x00D4, 0x00D5, 0x00D6, 0x00D8, 0x00D9,
    0x00DA, 0x00DB, 0x00DC, 0x00DD, 0x00DE, 0x00DF, 0x00E0, 0x00E1, 0x00E2, 0x00E3, 0x00E4, 0x00E5,
    0x00E6, 0x00E7, 0x00E8, 0x00E9, 0x00EA, 0x00EB, 0x00EC, 0x00ED, 0x00EE, 0x00EF, 0x00F0, 0x00F1,
    0x00F2, 0x00F3, 0x00F4, 0x00F5, 0x00F6, 0x00F8, 0x00F9, 0x00FA, 0x00FB, 0x00FC, 0x00FD, 0x00FE,
    0x00FF, 0x0100, 0x0101, 0x0102, 0x0103, 0x0104, 0x0105, 0x0106, 0x0107, 0x0108, 0x0109, 0x010A,
    0x010B, 0x010C, 0x010D, 0x010E, 0x010F, 0x0110, 0x0111, 0x0112, 0x0113, 0x0114, 0x0115, 0x0116,
    0x0117, 0x0118, 0x0119, 0x011A, 0x011B, 0x011C, 0x011D, 0x011E, 0x011F, 0x0120, 0x0121, 0x0122,
    0x0123, 0x0124, 0x0125, 0x0126, 0x0127, 0x0128, 0x0129, 0x012A, 0x012B, 0x012C, 0x012D, 0x012E,
    0x012F, 0x0130, 0x0131, 0x0132, 0x0133, 0x0134, 0x0135, 0x0136, 0x0137, 0x0138, 0x0139, 0x013A,
    0x013B, 0x013C, 0x013E, 0x0141, 0x0142, 0x0143, 0x0144, 0x0145, 0x0146, 0x0147, 0x0148, 0x0149,
    0x014A, 0x014B, 0x014C, 0x014D, 0x014E, 0x014F, 0x0150, 0x0151, 0x0152, 0x0153, 0x0154, 0x0155,
    0x0156, 0x0157, 0x0158, 0x0159, 0x015A, 0x015B, 0x015C, 0x015D, 0x015E, 0x015F, 0x0160, 0x0161,
    0x0162, 0x0163, 0x0164, 0x0166, 0x0167, 0x0168, 0x0169, 0x016A, 0x016B, 0x016C, 0x016D, 0x016E,
    0x016F, 0x0170, 0x0171, 0x0172, 0x0173, 0x0174, 0x0175, 0x0176, 0x0177, 0x0178, 0x0179, 0x017A,
    0x017B, 0x017C, 0x017D, 0x017E, 0x01A0, 0x01A1, 0x01AF, 0x01B0, 0x01C4, 0x01C5, 0x01C6, 0x01C7,
    0x01C8, 0x01C9, 0x01CA, 0x01CB, 0x01CC, 0x01CD, 0x01CE, 0x01CF, 0x01D0, 0x01D1, 0x01D2, 0x01D3,
    0x01D4, 0x01D5, 0x01D6, 0x01D7, 0x01D8, 0x01D9, 0x01DA, 0x01DB, 0x01DC, 0x01DD, 0x01DE, 0x01DF,
    0x01E0, 0x01E1, 0x01E2, 0x01E3, 0x01E4, 0x01E5, 0x01E6, 0x01E7, 0x01E8, 0x01E9, 0x01EA, 0x01EB,
    0x01EC, 0x01ED, 0x01EF, 0x01F0, 0x01F1, 0x01F2, 0x01F3, 0x01F4, 0x01F5, 0x01F8, 0x01F9, 0x01FA,
    0x01FB, 0x01FC, 0x01FD, 0x01FE, 0x01FF, 0x0200, 0x0201, 0x0202, 0x0203, 0x0204, 0x0205, 0x0206,
    0x0207, 0x0208, 0x0209, 0x020A, 0x020B, 0x020C, 0x020D, 0x020E, 0x020F, 0x0210, 0x0211, 0x0212,
    0x0213, 0x0214, 0x0215, 0x0216, 0x0217, 0x0218, 0x0219, 0x021A, 0x021B, 0x021C, 0x021D, 0x021E,
    0x021F, 0x0400, 0x0401, 0x0402, 0x0404, 0x0405, 0x0406, 0x0407, 0x0408, 0x0409, 0x040A, 0x040B,
    0x040C, 0x040D, 0x040E, 0x040F, 0x0410, 0x0411, 0x0412, 0x0413, 0x0414, 0x0415, 0x0416, 0x0417,
    0x0418, 0x0419, 0x041A, 0x041B, 0x041C, 0x041D, 0x041E, 0x041F, 0x0420, 0x0421, 0x0422, 0x0423,
    0x0424, 0x0425, 0x0426, 0x0427, 0x0428, 0x0429, 0x042A, 0x042B, 0x042C, 0x042D, 0x042E, 0x042F,
    0x0430, 0x0431, 0x0432, 0x0433, 0x0434, 0x0435, 0x0436, 0x0437, 0x0438, 0x0439, 0x043A, 0x043B,
    0x043C, 0x043D, 0x043E, 0x043F, 0x0440, 0x0441, 0x0442, 0x0443, 0x0444, 0x0445, 0x0446, 0x0447,
    0x0448, 0x0449, 0x044A, 0x044B, 0x044C, 0x044D, 0x044E, 0x044F, 0x0450, 0x0451, 0x0452, 0x0453,
    0x0454, 0x0455, 0x0456, 0x0457, 0x0458, 0x0459, 0x045A, 0x045B, 0x045C, 0x045D, 0x045E, 0x045F,
    0x0462, 0x0463, 0x0472, 0x0473, 0x0474, 0x0475, 0x048A, 0x048B, 0x048C, 0x048D, 0x048E, 0x048F,
    0x0490, 0x0491, 0x0492, 0x0493, 0x0496, 0x0497, 0x0498, 0x0499, 0x049A, 0x049B, 0x049C, 0x049D,
    0x049E, 0x049F, 0x04A0, 0x04A1, 0x04A2, 0x04A3, 0x04A8, 0x04A9, 0x04AA, 0x04AB, 0x04AC, 0x04AD,
    0x04AE, 0x04AF, 0x04B0, 0x04B1, 0x04B2, 0x04B3, 0x04B4, 0x04B5, 0x04B6, 0x04B7, 0x04B8, 0x04B9,
    0x04BA, 0x04BB, 0x04BC, 0x04BD, 0x04BE, 0x04BF, 0x04C0, 0x04C1, 0x04C2, 0x04C3, 0x04C4, 0x04C5,
    0x04C6, 0x04C7, 0x04C8, 0x04C9, 0x04CA, 0x04CB, 0x04CC, 0x04CD, 0x04CE, 0x04CF, 0x04D0, 0x04D1,
    0x04D2, 0x04D3, 0x04D4, 0x04D5, 0x04D6, 0x04D7, 0x04D8, 0x04D9, 0x04DA, 0x04DB, 0x04DC, 0x04DD,
    0x04DE, 0x04DF, 0x04E0, 0x04E1, 0x04E2, 0x04E3, 0x04E4, 0x04E5, 0x04E6, 0x04E7, 0x04E8, 0x04E9,
    0x04EA, 0x04EB, 0x04EC, 0x04ED, 0x04EE, 0x04EF, 0x04F0, 0x04F1, 0x04F2, 0x04F3, 0x04F4, 0x04F5,
    0x04F6, 0x04F7, 0x04F8, 0x04F9, 0x04FA, 0x04FB, 0x04FC, 0x04FD, 0x04FE, 0x04FF, 0x1EA0, 0x1EA1,
    0x1EA2, 0x1EA3, 0x1EA4, 0x1EA5, 0x1EA6, 0x1EA7, 0x1EA8, 0x1EA9, 0x1EAA, 0x1EAB, 0x1EAC, 0x1EAD,
    0x1EAE, 0x1EAF, 0x1EB0, 0x1EB1, 0x1EB2, 0x1EB3, 0x1EB4, 0x1EB5, 0x1EB6, 0x1EB7, 0x1EB8, 0x1EB9,
    0x1EBA, 0x1EBB, 0x1EBC, 0x1EBD, 0x1EBE, 0x1EBF, 0x1EC0, 0x1EC1, 0x1EC2, 0x1EC3, 0x1EC4, 0x1EC5,
    0x1EC6, 0x1EC7, 0x1EC8, 0x1EC9, 0x1ECA, 0x1ECB, 0x1ECC, 0x1ECD, 0x1ECE, 0x1ECF, 0x1ED0, 0x1ED1,
    0x1ED2, 0x1ED3, 0x1ED4, 0x1ED5, 0x1ED6, 0x1ED7, 0x1ED8, 0x1ED9, 0x1EDA, 0x1EDB, 0x1EDC, 0x1EDD,
    0x1EDE, 0x1EDF, 0x1EE0, 0x1EE1, 0x1EE2, 0x1EE3, 0x1EE4, 0x1EE5, 0x1EE6, 0x1EE7, 0x1EE8, 0x1EE9,
    0x1EEA, 0x1EEB, 0x1EEC, 0x1EED, 0x1EEE, 0x1EEF, 0x1EF0, 0x1EF1, 0x1EF2, 0x1EF3, 0x1EF4, 0x1EF5,
    0x1EF6, 0x1EF7, 0x1EF8, 0x1EF9, 0x2010, 0x2011, 0x2013, 0x2014, 0x2015, 0x2018, 0x2019, 0x201A,
    0x201B, 0x201C, 0x201D, 0x201E, 0x201F, 0x2025, 0x2026, 0x2039, 0x203A, 0xFB00, 0xFB01, 0xFB02,
    0xFB03, 0xFB04, 0xFB05, 0xFB06,
};

static const uint8_t bookerly_18_regularKernLeftClassIds[] = {
      1,   1,   2,   3,   4,   5,   4,   6,   7,   7,   8,   9,  10,  11,  12,  13,
     14,  15,  16,  16,  17,  18,  19,  20,  21,  12,  22,  23,  24,  25,  26,  27,
     28,  28,  29,  30,  31,  32,  33,  34,  35,  36,  37,  38,  39,  40,  41,  42,
     43,  44,  45,  41,  41,  35,  35,  46,  47,  48,  49,  50,  51,  51,  52,  51,
     53,  54,  55,  56,   5,  57,  58,   9,   9,   9,   9,   9,   9,  13,  11,  13,
     13,  13,  13,  16,  16,  16,  16,  12,  21,  12,  12,  12,  12,  12,  59,  27,
     27,  27,  27,  30,  60,  61,  34,  34,  34,  34,  34,  34,  38,  36,  38,  38,
     38,  38,  42,  42,  62,  62,  63,  41,  35,  35,  35,  35,  35,  64,  50,  50,
     50,  50,  51,  35,  51,   9,  34,   9,  34,  65,  66,  11,  36,  11,  36,  11,
     36,  11,  36,  12,  67,  12,  37,  13,  38,  13,  38,  13,  38,  68,  69,  13,
     38,  15,  40,  15,  40,  15,  40,  15,  40,  16,  41,  16,  41,  16,  62,  16,
     62,  16,  62,  70,  71,  16,  42,  17,  43,  17,  72,  18,  44,  44,  19,  45,
     19,  45,  67,  19,  73,  21,  41,  21,  41,  21,  41,  41,  21,  41,  12,  35,
     12,  35,  12,  35,  13,  38,  24,  47,  24,  47,  24,  47,  25,  48,  25,  48,
     25,  48,  25,  48,  26,  74,  26,  26,  49,  27,  50,  27,  50,  27,  50,  27,
     50,  27,  50,  27,  75,  28,  51,  30,  51,  30,  31,  53,  31,  53,  31,  53,
     76,  77,  78,  79,  31,  53,  53,  17,  43,  43,  17,  43,  43,   9,  34,  16,
     62,  12,  35,  27,  50,  27,  50,  27,  50,  27,  50,  27,  50,  35,   9,  34,
      9,  34,  13,  38,  15,  80,  15,  40,  18,  44,  12,  35,  12,  35,  81,  72,
     31,  53,  53,  15,  40,  21,  41,   9,  34,  13,  38,  82,  35,   9,  34,   9,
     34,  13,  38,  13,  38,  16,  62,  16,  62,  12,  35,  12,  35,  24,  47,  24,
     47,  27,  50,  27,  50,  25,  48,  26,  49,  10,  83,  16,  41,  84,  84,  85,
     86,  87,  88,  88,  89,  90,  90,  91,  92,  88,  93,  88,  94,  95,  96,  97,
     98,  84,  92,  96,  88,  88,  92,  88,  99,  88, 100,  88, 101, 102,  97,  93,
    103, 104,  98,  88,  88,  98,  90,  88,  90, 100, 100,  88, 105, 106, 107, 108,
    109, 110, 111, 112, 113, 113, 111, 113, 113, 113, 106, 113, 106, 114, 108, 115,
    106, 116, 109, 113, 113, 109, 117, 113, 117, 106, 106, 113, 110, 110, 118, 108,
    119, 120, 121, 122, 123, 117, 117, 124, 111, 113, 115, 113, 125, 126, 100, 106,
    127, 128,  98, 109,  90, 117, 101, 106, 129, 130, 131, 108, 132, 133,  96, 112,
    132, 133,  92, 111,  92, 111,  92, 111,  98, 109, 134, 135, 102, 114,  97, 108,
    136, 115, 136, 115, 137, 138,  98, 109,  98, 109,  88, 113, 139, 124, 140, 110,
    140, 110,  88,  92, 111, 141, 142,  98, 109,  89, 143,  98, 109,  88, 113,  98,
    109, 144,  94, 105,  94, 105,  84, 110,  84, 110, 100, 106, 100, 106,  92, 111,
     96, 112, 145, 146,  88, 113,  88, 113, 100, 106, 100, 106, 100, 106, 100, 106,
     93, 115,  93, 115,  93, 115,  88, 113,  97, 108,  88, 113, 131, 108, 147, 116,
    104, 116,   9,  34,   9,  34,   9,  34,   9,  34,   9,  34,   9,  34,   9,  34,
      9,  34,   9,  34,   9,  34,   9,  34,   9,  34,  13,  38,  13,  38,  13,  38,
     13,  38,  13,  38,  13,  38,  13,  38,  13,  38,  16,  62,  16,  42,  12,  35,
     12,  35,  12,  35,  12,  35,  12,  35,  12,  35,  12,  35,  76,  77,  76,  77,
     76,  77,  76,  77,  76,  77,  27,  50,  27,  50,  78,  79,  78,  79,  78,  79,
     78,  79,  78,  79,  30,  51,  30,  51,  30,  51,  30,  51,   5,   5,   5,   5,
      5, 148, 149,   4, 148, 148, 149,   4, 148,   4,   4,  56,  57,  39,  42,  45,
     42,  45,  49,  49,
};

static const uint16_t bookerly_18_regularKernRightCodepoints[] = {
    0x0021, 0x0022, 0x0027, 0x0029, 0x002A, 0x002C, 0x002D, 0x002E, 0x002F, 0x003A, 0x003B, 0x003F,
    0x0041, 0x0042, 0x0043, 0x0044, 0x0045, 0x0046, 0x0047, 0x0048, 0x0049, 0x004A, 0x004B, 0x004C,
    0x004D, 0x004E, 0x004F, 0x0050, 0x0051, 0x0052, 0x0053, 0x0054, 0x0055, 0x0056, 0x0057, 0x0058,
    0x0059, 0x005A, 0x005C, 0x005D, 0x0061, 0x0062, 0x0063, 0x0064, 0x0065, 0x0066, 0x0067, 0x0068,
    0x0069, 0x006A, 0x006B, 0x006C, 0x006D, 0x006E, 0x006F, 0x0070, 0x0071, 0x0072, 0x0073, 0x0074,
    0x0075, 0x0076, 0x0077, 0x0078, 0x0079, 0x007A, 0x007D, 0x00AB, 0x00AD, 0x00BB, 0x00BF, 0x00C0,
    0x00C1, 0x00C2, 0x00C3, 0x00C4, 0x00C5, 0x00C6, 0x00C7, 0x00C8, 0x00C9, 0x00CA, 0x00CB, 0x00CC,
    0x00CD, 0x00CE, 0x00CF, 0x00D0, 0x00D1, 0x00D2, 0x00D3, 0x00D4, 0x00D5, 0x00D6, 0x00D8, 0x00D9,
    0x00DA, 0x00DB, 0x00DC, 0x00DD, 0x00DE, 0x00DF, 0x00E0, 0x00E1, 0x00E2, 0x00E3, 0x00E4, 0x00E5,
    0x00E6, 0x00E7, 0x00E8, 0x00E9, 0x00EA, 0x00EB, 0x00EC, 0x00ED, 0x00EE, 0x00EF, 0x00F0, 0x00F1,
    0x00F2, 0x00F3, 0x00F4, 0x00F5, 0x00F6, 0x00F8, 0x00F9, 0x00FA, 0x00FB, 0x00FC, 0x00FD, 0x00FE,
    0x00FF, 0x0100, 0x0101, 0x0102, 0x0103, 0x0104, 0x0105, 0x0106, 0x0107, 0x0108, 0x0109, 0x010A,
    0x010B, 0x010C, 0x010D, 0x010E, 0x010F, 0x0110, 0x0111, 0x0112, 0x0113, 0x0114, 0x0115, 0x0116,
    0x0117, 0x0118, 0x0119, 0x011A, 0x011B, 0x011C, 0x011D, 0x011E, 0x011F, 0x0120, 0x0121, 0x0122,
    0x0123, 0x0124, 0x0125, 0x0126, 0x0127, 0x0128, 0x0129, 0x012A, 0x012B, 0x012C, 0x012D, 0x012E,
    0x012F, 0x0130, 0x0131, 0x0132, 0x0133, 0x0134, 0x0135, 0x0136, 0x0137, 0x0138, 0x0139, 0x013A,
    0x013B, 0x013C, 0x013D, 0x013E, 0x013F, 0x0140, 0x0141, 0x0142, 0x0143, 0x0144, 0x0145, 0x0146,
    0x0147, 0x0148, 0x0149, 0x014A, 0x014B, 0x014C, 0x014D, 0x014E, 0x014F, 0x0150, 0x0151, 0x0152,
    0x0153, 0x0154, 0x0155, 0x0156, 0x0157, 0x0158, 0x0159, 0x015A, 0x015B, 0x015C, 0x015D, 0x015E,
    0x015F, 0x0160, 0x0161, 0x0162, 0x0163, 0x0164, 0x0165, 0x0166, 0x0167, 0x0168, 0x0169, 0x016A,
    0x016B, 0x016C, 0x016D, 0x016E, 0x016F, 0x0170, 0x0171, 0x0172, 0x0173, 0x0174, 0x0175, 0x0176,
    0x0177, 0x0178, 0x0179, 0x017A, 0x017B, 0x017C, 0x017D, 0x017E, 0x017F, 0x01A0, 0x01A1, 0x01AF,
    0x01B0, 0x01C4, 0x01C5, 0x01C6, 0x01C7, 0x01C8, 0x01C9, 0x01CA, 0x01CB, 0x01CC, 0x01CD, 0x01CE,
    0x01CF, 0x01D0, 0x01D1, 0x01D2, 0x01D3, 0x01D4, 0x01D5, 0x01D6, 0x01D7, 0x01D8, 0x01D9, 0x01DA,
    0x01DB, 0x01DC, 0x01DD, 0x01DE, 0x01DF, 0x01E0, 0x01E1, 0x01E2, 0x01E3, 0x01E4, 0x01E5, 0x01E6,
    0x01E7, 0x01E8, 0x01E9, 0x01EA, 0x01EB, 0x01EC, 0x01ED, 0x01EE, 0x01EF, 0x01F1, 0x01F2, 0x01F3,
    0x01F4, 0x01F5, 0x01F8, 0x01F9, 0x01FA, 0x01FB, 0x01FC, 0x01FD, 0x01FE, 0x01FF, 0x0200, 0x0201,
    0x0202, 0x0203, 0x0204, 0x0205, 0x0206, 0x0207, 0x0208, 0x0209, 0x020A, 0x020B, 0x020C, 0x020D,
    0x020E, 0x020F, 0x0210, 0x0211, 0x0212, 0x0213, 0x0214, 0x0215, 0x0216, 0x0217, 0x0218, 0x0219,
    0x021A, 0x021B, 0x021C, 0x021D, 0x021E, 0x021F, 0x0400, 0x0401, 0x0402, 0x0403, 0x0404, 0x0405,
    0x0406, 0x0407, 0x0408, 0x0409, 0x040A, 0x040B, 0x040C, 0x040D, 0x040E, 0x040F, 0x0410, 0x0411,
    0x0412, 0x0413, 0x0414, 0x0415, 0x0416, 0x0417, 0x0418, 0x0419, 0x041A, 0x041B, 0x041C, 0x041D,
    0x041E, 0x041F, 0x0420, 0x0421, 0x0422, 0x0423, 0x0424, 0x0425, 0x0426, 0x0427, 0x0428, 0x0429,
    0x042A, 0x042B, 0x042C, 0x042D, 0x042E, 0x042F, 0x0430, 0x0431, 0x0432, 0x0433, 0x0434, 0x0435,
    0x0436, 0x0437, 0x0438, 0x0439, 0x043A, 0x043B, 0x043C, 0x043D, 0x043E, 0x043F, 0x0440, 0x0441,
    0x0442, 0x0443, 0x0444, 0x0445, 0x0446, 0x0447, 0x0448, 0x0449, 0x044A, 0x044B, 0x044C, 0x044D,
    0x044E, 0x044F, 0x0450, 0x0451, 0x0452, 0x0453, 0x0454, 0x0455, 0x0456, 0x0457, 0x0458, 0x0459,
    0x045A, 0x045B, 0x045C, 0x045D, 0x045E, 0x045F, 0x0462, 0x0463, 0x0472, 0x0473, 0x0474, 0x0475,
    0x048A, 0x048B, 0x048C, 0x048D, 0x048E, 0x048F, 0x0490, 0x0491, 0x0492, 0x0493, 0x0494, 0x0495,
    0x0496, 0x0497, 0x0498, 0x0499, 0x049A, 0x049B, 0x049C, 0x049D, 0x04A0, 0x04A1, 0x04A2, 0x04A3,
    0x04A4, 0x04A5, 0x04A6, 0x04A7, 0x04A8, 0x04A9, 0x04AA, 0x04AB, 0x04AC, 0x04AD, 0x04AE, 0x04AF,
    0x04B0, 0x04B1, 0x04B2, 0x04B3, 0x04B5, 0x04B6, 0x04B7, 0x04B8, 0x04B9, 0x04BA, 0x04BB, 0x04BC,
    0x04BD, 0x04BE, 0x04BF, 0x04C0, 0x04C1, 0x04C2, 0x04C3, 0x04C4, 0x04C5, 0x04C6, 0x04C7, 0x04C8,
    0x04C9, 0x04CA, 0x04CB, 0x04CC, 0x04CE, 0x04CF, 0x04D0, 0x04D1, 0x04D2, 0x04D3, 0x04D4, 0x04D5,
    0x04D6, 0x04D7, 0x04D8, 0x04D9, 0x04DB, 0x04DC, 0x04DD, 0x04DE, 0x04DF, 0x04E0, 0x04E1, 0x04E2,
    0x04E3, 0x04E4, 0x04E5, 0x04E6, 0x04E7, 0x04E8, 0x04E9, 0x04EA, 0x04EB, 0x04ED, 0x04EE, 0x04EF,
    0x04F0, 0x04F1, 0x04F2, 0x04F3, 0x04F5, 0x04F6, 0x04F7, 0x04F8, 0x04F9, 0x04FA, 0x04FB, 0x04FC,
    0x04FD, 0x04FE, 0x04FF, 0x1EA0, 0x1EA1, 0x1EA2, 0x1EA3, 0x1EA4, 0x1EA5, 0x1EA6, 0x1EA7, 0x1EA8,
    0x1EA9, 0x1EAA, 0x1EAB, 0x1EAC, 0x1EAD, 0x1EAE, 0x1EAF, 0x1EB0, 0x1EB1, 0x1EB2, 0x1EB3, 0x1EB4,
    0x1EB5, 0x1EB6, 0x1EB7, 0x1EB8, 0x1EB9, 0x1EBA, 0x1EBB, 0x1EBC, 0x1EBD, 0x1EBE, 0x1EBF, 0x1EC0,
    0x1EC1, 0x1EC2, 0x1EC3, 0x1EC4, 0x1EC5, 0x1EC6, 0x1EC7, 0x1EC8, 0x1EC9, 0x1ECA, 0x1ECB, 0x1ECC,
    0x1ECD, 0x1ECE, 0x1ECF, 0x1ED0, 0x1ED1, 0x1ED2, 0x1ED3, 0x1ED4, 0x1ED5, 0x1ED6, 0x1ED7, 0x1ED8,
    0x1ED9, 0x1EDA, 0x1EDB, 0x1EDC, 0x1EDD, 0x1EDE, 0x1EDF, 0x1EE0, 0x1EE1, 0x1EE2, 0x1EE3, 0x1EE4,
    0x1EE5, 0x1EE6, 0x1EE7, 0x1EE8, 0x1EE9, 0x1EEA, 0x1EEB, 0x1EEC, 0x1EED, 0x1EEE, 0x1EEF, 0x1EF0,
    0x1EF1, 0x1EF2, 0x1EF3, 0x1EF4, 0x1EF5, 0x1EF6, 0x1EF7, 0x1EF8, 0x1EF9, 0x2010, 0x2011, 0x2013,
    0x2014, 0x2015, 0x2018, 0x2019, 0x201A, 0x201B, 0x201C, 0x201D, 0x201E, 0x201F, 0x2025, 0x2026,
    0x2039, 0x203A, 0x203C, 0x2047, 0x2048, 0x2049, 0xFB00, 0xFB01, 0xFB02, 0xFB03, 0xFB04, 0xFB05,
    0xFB06,
};

static const uint8_t bookerly_18_regularKernRightClassIds[] = {
      1,   2,   2,   3,   4,   5,   6,   7,   8,   9,  10,  11,  12,  13,  14,  13,
     13,  13,  14,  13,  13,  15,  13,  13,  16,  13,  14,  13,  14,  13,  17,  18,
     19,  20,  20,  21,  22,  23,  24,  25,  26,  27,  28,  28,  28,  29,  30,  31,
     32,  33,  31,  31,  34,  34,  28,  35,  28,  34,  36,  37,  38,  39,  39,  40,
     41,  42,  43,  44,   6,  45,  46,  12,  12,  12,  12,  12,  12,  47,  14,  13,
     13,  13,  13,  13,  13,  13,  13,  13,  13,  14,  14,  14,  14,  14,  48,  19,
     19,  19,  19,  22,  13,  49,  26,  26,  26,  50,  51,  26,  26,  28,  28,  28,
     28,  52,  53,  32,  54,  55,  28,  34,  28,  28,  28,  28,  28,  56,  38,  38,
     38,  38,  41,  57,  41,  12,  58,  12,  59,  12,  26,  14,  28,  14,  28,  14,
     28,  14,  28,  13,  28,  13,  28,  13,  60,  13,  60,  13,  28,  13,  28,  13,
     28,  14,  30,  14,  30,  14,  30,  14,  30,  13,  31,  13,  61,  13,  55,  13,
     55,  13,  55,  13,  32,  13,  32,  13,  32,  15,  62,  13,  31,  34,  13,  31,
     13,  31,  13,  31,  13,  31,  13,  63,  13,  34,  13,  34,  13,  34,  34,  13,
     34,  14,  28,  14,  28,  14,  28,  14,  28,  13,  34,  13,  34,  13,  64,  17,
     36,  17,  36,  17,  36,  17,  65,  18,  37,  18,  37,  18,  37,  19,  38,  19,
     38,  19,  38,  19,  38,  19,  38,  19,  38,  20,  39,  22,  41,  22,  23,  42,
     23,  42,  23,  66,  49,  14,  28,  19,  38,  13,  13,  28,  13,  13,  31,  13,
     13,  34,  12,  26,  13,  55,  14,  28,  19,  38,  19,  38,  19,  38,  19,  38,
     19,  38,  67,  12,  26,  12,  26,  47,  26,  14,  68,  14,  30,  13,  31,  14,
     28,  14,  28,  69,  70,  13,  13,  28,  14,  30,  13,  34,  12,  26,  47,  26,
     71,  28,  12,  26,  12,  26,  13,  28,  13,  28,  13,  55,  13,  55,  14,  28,
     14,  28,  13,  34,  13,  34,  19,  38,  19,  38,  17,  36,  18,  37,  72,  73,
     13,  31,  74,  74,  75,  74,  76,  77,  74,  74,  78,  79,  74,  75,  74,  74,
     80,  74,  81,  74,  74,  74,  82,  74,  83,  84,  74,  74,  74,  79,  85,  74,
     76,  74,  74,  76,  75,  80,  86,  87,  74,  88,  74,  74,  75,  74,  74,  89,
     74,  90,  91,  92,  93,  93,  94,  95,  96,  97,  93,  93,  93,  98,  93,  93,
     95,  93,  99,  95, 100, 101,  95, 102,  93, 103,  93,  93, 100,  93,  93,  97,
     93, 104,  95,  95, 105,  93,  95, 106, 107, 108, 109,  98,  93, 105,  93,  93,
    110,  93,  75, 100,  76,  95, 111, 101,  74,  93, 112, 113,  74,  99,  74,  93,
     74,  93,  74,  93,  83,  96,  84,  97,  74,  93,  74,  93,  75, 100,  74,  93,
     74,  93,  74,  93,  76,  95,  76,  95,  75, 100, 114, 101, 114, 101,  87, 102,
    100,  88, 103,  88, 103,  74, 105, 115, 116, 115, 116,  74,  83,  96,  74,  93,
     79,  98,  74,  93,  74,  93,  88, 103,  93, 105,  81,  91,  81,  91, 117,  91,
     74,  95, 118, 119, 119,  83,  96,  84,  97, 120, 121,  74,  93,  74,  93,  76,
     95,  76,  95,  76,  95,  97,  80, 110,  80, 110,  80, 110, 103,  74,  93,  74,
     93,  74,  93,  87, 102,  87, 102,  12,  26,  12,  26,  12,  26,  12,  26,  12,
     26,  12,  26,  12,  26,  12,  26,  12,  26,  12,  26,  12,  26,  12,  26,  13,
     28,  13,  28,  13,  28,  13,  28,  13,  28,  13,  28,  13,  28,  13,  28,  13,
     55,  13,  32,  14,  28,  14,  28,  14,  28,  14,  28,  14,  28,  14,  28,  14,
     28,  14,  28,  14,  28,  14,  28,  14,  28,  14,  28,  19,  38,  19,  38,  19,
     38,  19,  38,  19,  38,  19,  38,  19,  38,  22,  41,  22,  39,  22,  41,  22,
     41,   6,   6,   6,   6,   6, 122, 123,   7, 122, 122, 123,   7, 122,   7,   7,
     44,  45,   1,  11,  11,   1,  29,  29,  29,  29,  29,  29,  36,
};

static const uint16_t bookerly_18_regularKernRowOffsets[] = {
        0,     5,    32,    48,    91,   111,   169,   173,   176,   203,   218,   238,   258,   259,   291,   297,
      311,   343,   371,   383,   399,   428,   462,   489,   511,   525,   562,   593,   644,   664,   716,   724,
      735,   764,   775,   793,   807,   811,   822,   859,   880,   889,   892,   896,   912,   917,   925,   952,
      968,   973,   980,  1018,  1030,  1033,  1045,  1053,  1062,  1081,  1130,  1150,  1184,  1198,  1211,  1229,
     1245,  1275,  1288,  1315,  1317,  1330,  1345,  1350,  1361,  1376,  1382,  1391,  1416,  1437,  1480,  1487,
     1509,  1513,  1533,  1538,  1541,  1554,  1557,  1572,  1583,  1611,  1639,  1658,  1680,  1724,  1758,  1768,
     1786,  1817,  1829,  1847,  1870,  1897,  1905,  1927,  1948,  1960,  1978,  1987,  2000,  2008,  2014,  2023,
     2029,  2035,  2039,  2060,  2072,  2088,  2099,  2100,  2114,  2120,  2128,  2130,  2140,  2149,  2157,  2193,
     2206,  2241,  2250,  2272,  2297,  2304,  2311,  2317,  2360,  2389,  2402,  2416,  2419,  2421,  2423,  2435,
     2441,  2444,  2446,  2473,  2520,  2573,
};

static const uint8_t bookerly_18_regularKernSparseCols[] = {
     11,  29,  36,  67,  80,  13,  14,  25,  27,  32,  38,  40,  47,  49,  50,  51,
     53,  54,  55,  57,  58,  59,  61,  70,  75,  77,  90,  94, 100, 107, 108, 109,
     11,  19,  20,  27,  29,  46,  51,  55,  59,  67,  78,  80,  86,  94, 110, 116,
     11,  13,  14,  17,  18,  19,  21,  26,  27,  33,  34,  36,  37,  38,  40,  47,
     51,  55,  59,  61,  63,  70,  74,  75,  77,  79,  80,  81,  85,  87,  94,  98,
     99, 100, 101, 102, 109, 110, 113, 114, 115, 121, 122,  11,  14,  17,  19,  21,
     38,  40,  46,  71,  74,  77,  80,  81,  85,  87, 100, 109, 110, 113, 116,  11,
     13,  16,  22,  25,  27,  28,  29,  33,  34,  35,  37,  38,  39,  40,  41,  46,
     47,  49,  50,  51,  53,  54,  55,  57,  58,  59,  63,  64,  65,  67,  69,  70,
     72,  75,  76,  78,  80,  81,  85,  90,  92,  93,  94,  95,  96,  97,  98,  99,
    100, 101, 103, 105, 107, 109, 115, 116, 120,  19,  21, 110, 113,  21,  71, 113,
      1,   3,   5,   7,  10,  11,  13,  15,  17,  18,  19,  20,  21,  22,  23,  26,
     36,  37,  38,  39,  40,  43,  46,  47,  70, 121, 122,   4,   6,  11,  17,  19,
     20,  21,  23,  27,  32,  46,  51,  55,  59,  71,   5,  13,  25,  27,  29,  35,
     37,  38,  40,  47,  49,  50,  51,  55,  57,  58,  59,  64,  67,  70,   2,   4,
      6,   7,  11,  12,  14,  15,  18,  19,  20,  21,  22,  23,  29,  36,  46,  48,
     67,  68, 122,   3,   4,   6,   7,  11,  15,  25,  26,  27,  29,  30,  35,  41,
     46,  49,  50,  51,  53,  54,  55,  56,  57,  58,  59,  60,  61,  62,  64,  65,
     67, 121, 122,  17,  19,  21,  29,  46,  67,  13,  27,  37,  38,  40,  43,  47,
     51,  53,  54,  55,  59,  61,  70,   4,   5,   6,   7,   8,   9,  11,  13,  25,
     27,  29,  35,  37,  38,  39,  40,  41,  46,  47,  49,  50,  51,  53,  54,  55,
     57,  58,  59,  64,  65,  67,  70,   5,  11,  13,  15,  20,  25,  27,  34,  35,
     36,  37,  38,  40,  46,  47,  49,  50,  51,  53,  54,  55,  57,  58,  59,  61,
     64,  70,  72,   3,  11,  17,  18,  19,  20,  21,  23,  38,  40, 121, 122,  11,
     13,  17,  18,  19,  20,  21,  37,  38,  40,  46,  47,  53,  54,  70, 121,   4,
      5,   6,  11,  13,  25,  27,  29,  35,  38,  39,  40,  41,  46,  47,  49,  50,
     51,  53,  54,  55,  57,  58,  59,  64,  65,  67,  70,  72,   1,   3,   4,   6,
      7,  11,  12,  15,  17,  20,  25,  27,  29,  32,  35,  36,  37,  38,  40,  46,
     49,  50,  51,  53,  54,  55,  57,  58,  59,  61,  64,  67, 121, 122,   2,   4,
      6,   7,   9,  11,  12,  14,  15,  18,  19,  20,  21,  22,  23,  24,  29,  32,
     36,  40,  42,  46,  48,  61,  67,  68,  69,   3,   5,  10,  11,  13,  15,  17,
     18,  19,  20,  21,  36,  37,  38,  39,  40,  46,  47,  70,  71, 121, 122,   4,
      6,   7,  11,  19,  20,  21,  29,  38,  39,  40,  46,  67,  72,   4,   5,   6,
      7,   8,   9,  11,  13,  15,  16,  22,  25,  27,  29,  35,  41,  43,  44,  46,
     47,  49,  50,  51,  53,  54,  55,  57,  58,  59,  64,  65,  66,  67,  70,  72,
    121, 122,   4,   6,   7,  11,  13,  15,  16,  22,  25,  27,  29,  35,  39,  41,
     44,  46,  47,  48,  49,  50,  51,  53,  54,  55,  57,  58,  59,  64,  65,  67,
     70,   3,   4,   5,   6,   7,   8,   9,  11,  13,  15,  16,  19,  21,  25,  26,
     27,  28,  29,  30,  33,  34,  35,  37,  38,  39,  40,  41,  43,  44,  46,  47,
     49,  50,  51,  53,  54,  55,  56,  57,  58,  59,  60,  61,  62,  63,  64,  65,
     67,  70,  72, 122,   3,  11,  13,  15,  20,  26,  30,  37,  38,  39,  40,  46,
     47,  53,  54,  56,  60,  61,  62,  70,   4,   5,   6,   7,   8,   9,  11,  13,
     15,  16,  19,  21,  25,  26,  27,  28,  29,  30,  33,  34,  35,  37,  38,  39,
     40,  41,  43,  44,  46,  47,  49,  50,  51,  53,  54,  55,  56,  57,  58,  59,
     60,  61,  62,  63,  64,  65,  66,  67,  69,  70,  72, 122,  13,  38,  40,  47,
     53,  54,  61,  70,  14,  32,  40,  53,  54,  61,  77, 100, 107, 108, 109,  13,
     17,  18,  19,  21,  27,  29,  36,  37,  38,  40,  47,  51,  55,  59,  67,  70,
     74,  75,  79,  87,  94,  99, 100, 102, 109, 110, 113, 114,   3,  10,  23,  26,
     37,  38,  40,  56,  69, 121, 122,   2,   3,   4,   6,   7,  10,  23,  26,  30,
     36,  38,  39,  40,  56,  60,  62, 121, 122,  23,  25,  26,  29,  30,  49,  50,
     56,  57,  58,  60,  62,  67, 122,  38,  39,  40, 121,  10,  23,  25,  38,  40,
     49,  50,  57,  58,  62, 121,   0,   1,   2,   3,   4,   6,   7,  10,  23,  24,
     25,  27,  29,  31,  32,  35,  38,  40,  42,  49,  50,  51,  52,  53,  54,  55,
     57,  58,  59,  60,  61,  63,  64,  65,  67, 121, 122,   1,   3,  23,  25,  27,
     32,  34,  36,  38,  40,  49,  50,  51,  55,  57,  58,  59,  61,  67, 121, 122,
      3,  10,  23,  36,  37,  38,  40, 121, 122,  38,  40, 121,   4,   6,  29,  67,
     10,  23,  25,  26,  27,  32,  35,  39,  49,  50,  51,  55,  57,  58,  59,  64,
     10,  38,  40, 121, 122,  10,  23,  32,  34,  38,  40,  61, 121,   3,   4,   5,
      6,   7,  10,  25,  26,  27,  29,  30,  35,  36,  49,  50,  51,  55,  56,  57,
     58,  59,  60,  62,  64,  67, 121, 122,   4,   6,   7,  10,  23,  25,  29,  38,
     39,  40,  49,  50,  57,  58,  67, 121,  23,  38,  40, 121, 122,  10,  23,  38,
     39,  40, 121, 122,   3,   4,   5,   6,   7,  25,  26,  27,  28,  29,  30,  31,
     32,  33,  34,  35,  36,  37,  38,  39,  40,  49,  50,  51,  52,  55,  56,  57,
     58,  59,  60,  61,  62,  63,  64,  67, 121, 122,   3,  27,  34,  36,  38,  39,
     40,  51,  55,  59, 121, 122,  23,  29,  67,  14,  32,  38,  40,  53,  54,  61,
     77, 100, 107, 108, 109,  14,  19,  21,  32,  77, 108, 110, 113,  17,  18,  19,
     21,  74,  79,  87, 110, 113,   4,   6,  11,  12,  17,  19,  21,  46,  73,  74,
     79,  80,  81,  82,  87,  95, 110, 113, 116,  12,  13,  14,  17,  18,  19,  21,
     25,  26,  27,  28,  30,  33,  35,  36,  37,  38,  39,  40,  41,  47,  48,  49,
     50,  51,  55,  56,  57,  58,  59,  60,  62,  63,  64,  65,  70,  73,  74,  75,
     77,  90,  94, 100, 101, 104, 105, 109, 110, 113,   2,   4,   6,   7,  11,  12,
     14,  15,  18,  19,  20,  21,  22,  23,  29,  36,  46,  48,  67,  68,   2,   4,
      6,   7,  10,  11,  12,  14,  15,  16,  17,  18,  19,  20,  21,  23,  24,  25,
     26,  29,  30,  35,  39,  46,  49,  50,  56,  57,  58,  60,  62,  64,  67,  68,
      3,   4,   6,   7,  10,  23,  33,  34,  37,  38,  40,  63, 121, 122,   2,   3,
     23,  24,  26,  30,  42,  53,  54,  56,  60,  62, 122,   2,   3,   4,   6,   7,
     10,  23,  26,  30,  36,  38,  39,  40,  56,  60,  62, 121, 122,   2,   3,   4,
      6,   7,  10,  23,  26,  30,  36,  39,  56,  60,  62, 121, 122,   1,   3,   5,
      7,  10,  11,  13,  14,  15,  17,  18,  19,  20,  21,  22,  23,  26,  32,  36,
     37,  38,  39,  40,  43,  46,  47,  61,  70, 121, 122,   3,  10,  23,  26,  32,
     37,  38,  40,  56,  61,  69, 121, 122,   0,   2,   3,  10,  23,  24,  26,  28,
     30,  31,  32,  36,  37,  38,  40,  42,  50,  52,  56,  60,  61,  62,  63,  64,
     65, 121, 122,  32, 122,  10,  23,  25,  32,  38,  40,  49,  50,  57,  58,  61,
     62, 121,  13,  27,  32,  37,  38,  40,  43,  47,  51,  53,  54,  55,  59,  61,
     70,  32,  38,  40,  61, 121,   4,   6,  26,  29,  30,  56,  60,  62,  67, 121,
    122,  10,  28,  31,  32,  33,  34,  36,  37,  38,  39,  40,  52,  63, 121, 122,
     23,  32,  38,  40, 121, 122,  10,  23,  32,  38,  39,  40,  61, 121, 122,   2,
      4,   6,   7,  11,  12,  17,  18,  19,  20,  21,  22,  23,  24,  26,  29,  30,
     36,  42,  46,  56,  60,  62,  67, 122,   1,   3,   4,   6,   7,  26,  28,  30,
     33,  34,  36,  37,  38,  39,  40,  56,  60,  62,  63, 121, 122,   2,   3,   4,
      6,   7,  11,  12,  13,  16,  18,  19,  21,  23,  24,  25,  26,  27,  29,  30,
     35,  39,  41,  42,  44,  46,  47,  49,  50,  51,  53,  54,  55,  56,  57,  58,
     59,  60,  62,  64,  65,  67,  70, 122,   3,  36,  38,  39,  40, 121, 122,   1,
      3,  23,  25,  27,  29,  32,  34,  36,  38,  40,  49,  50,  51,  55,  57,  58,
     59,  61,  67, 121, 122,  27,  51,  55,  59,   2,   4,   6,   7,  11,  12,  14,
     15,  18,  19,  20,  21,  22,  23,  29,  36,  46,  48,  67,  68,  23,  27,  51,
     55,  59,  85, 114, 122,   3,  23,  74,  79,  87, 100, 102, 109, 110, 113, 114,
    121, 122,  85,  87, 114,   4,   6,   7,  80,  82,  86,  89,  93,  95, 100, 101,
    103, 109, 110, 116,  43,  75,  85,  94,  99, 100, 102, 107, 109, 114, 115,   4,
      5,   6,   7,   8,   9,  75,  78,  80,  81,  85,  89,  90,  92,  93,  94,  95,
     96,  97, 100, 101, 103, 105, 107, 109, 114, 115, 116,   3,   5,  23,  73,  74,
     77,  79,  81,  82,  86,  87,  89,  90,  91,  92,  93,  94,  95,  99, 100, 102,
    103, 109, 110, 113, 114, 121, 122,   3,  23,  74,  75,  79,  85,  87,  91,  94,
     99, 100, 102, 109, 110, 113, 114, 115, 121, 122,  43,  74,  75,  79,  80,  83,
     85,  87,  91,  94,  99, 100, 102, 109, 110, 113, 114, 115, 117, 118, 120, 121,
      4,   5,   6,   7,  43,  44,  75,  76,  78,  79,  80,  81,  82,  83,  84,  85,
     88,  89,  90,  91,  92,  93,  94,  95,  96,  97,  98,  99, 100, 101, 102, 103,
    105, 107, 109, 110, 113, 114, 115, 116, 117, 118, 120, 122,   1,   3,   5,   7,
     10,  23,  43,  74,  75,  78,  79,  80,  81,  82,  84,  85,  86,  87,  89,  91,
     93,  97,  99, 100, 101, 102, 109, 110, 113, 114, 115, 116, 121, 122,  74,  79,
     80,  82,  87,  89,  93,  95, 103, 114,   4,   6,  23,  74,  79,  80,  81,  82,
     86,  87,  91,  93,  94, 103, 108, 110, 113, 116,   4,   5,   6,   7,   8,   9,
     43,  44,  75,  76,  78,  80,  81,  82,  84,  85,  89,  90,  93,  94,  96,  97,
    103, 105, 107, 114, 115, 116, 118, 121, 122,  75,  77,  80,  85,  94,  99, 100,
    102, 108, 109, 114, 115,  74,  75,  78,  80,  85,  86,  87,  89, 100, 102, 107,
    109, 110, 113, 114, 115, 116, 121,   2,   4,   6,   7,  23,  73,  77,  78,  79,
     80,  81,  82,  84,  86,  87,  89,  93,  97, 103, 110, 113, 116, 119,   1,   3,
      4,   6,   7,  73,  74,  78,  80,  81,  82,  84,  86,  89,  90,  93,  94,  97,
    100, 103, 105, 107, 108, 109, 116, 121, 122,   5,  75,  89,  90,  94, 100, 105,
    109,   4,   5,   6,   7,  73,  74,  78,  79,  80,  81,  82,  84,  86,  87,  88,
     89,  93,  97, 103, 110, 113, 116,   3,  75,  78,  80,  81,  84,  85,  86,  93,
     97,  99, 100, 101, 102, 104, 107, 109, 114, 115, 116, 117,   3,  10,  23,  97,
     99, 100, 102, 109, 115, 120, 121, 122,   2,   3,   4,   6,   7,  10,  23,  92,
     93,  95,  96,  97, 100, 101, 103, 109, 121, 122,  92,  93,  95,  99, 100, 101,
    103, 109, 115,   4,   6,   7,  90,  91,  93,  94,  97,  98, 103, 104, 105, 122,
      4,   6,  23,  94, 100, 108, 109, 115,  10,  23,  90,  95, 103, 121,  23,  43,
     90,  91,  94,  96, 100, 109, 115,   4,   6,  23,  95, 103, 121,  90,  94, 100,
    103, 109, 115,  23,  90, 103, 122,   3,   4,   5,   6,   7,  90,  93,  94,  97,
     98, 100, 101, 102, 103, 104, 105, 106, 108, 109, 121, 122,   3,   4,   6,  90,
     94,  98, 100, 101, 109, 115, 121, 122,   3,  23,  92,  93,  95,  98,  99, 100,
    101, 102, 103, 109, 115, 120, 121, 122,   3,  10,  23,  99, 100, 102, 103, 109,
    115, 121, 122, 122,   4,   6,   7,  10,  23,  90,  92,  93,  95, 100, 101, 103,
    109, 121,  99, 100, 102, 109, 115, 121,   2,   3,  23,  24,  42, 104, 107, 122,
      4,   6,   3,  10,  23,  99, 100, 102, 109, 115, 121, 122,   5,  23,  74,  79,
     82,  87, 110, 113, 114,   4,   6,  99, 100, 102, 103, 109, 121,   4,   5,   6,
     43,  44,  75,  78,  79,  80,  81,  82,  83,  85,  89,  90,  92,  93,  94,  95,
     96,  97,  99, 100, 101, 102, 103, 105, 109, 113, 114, 115, 116, 118, 120, 121,
    122,   4,   6,   7,  93,  97,  98, 100, 102, 103, 108, 109, 121, 122,   3,   4,
      5,   6,   7,  23,  75,  76,  78,  80,  81,  82,  85,  89,  90,  92,  93,  94,
     95,  96,  97,  98,  99, 100, 101, 102, 103, 105, 109, 114, 115, 116, 118, 120,
    121,   3,   4,   6,  93,  94,  97, 103, 105, 122,   3,   4,   6,   7,  78,  80,
     81,  84,  89,  90,  93,  94,  97, 103, 104, 105, 107, 114, 115, 116, 121, 122,
     43,  74,  75,  77,  79,  80,  83,  85,  86,  87,  91,  94,  99, 100, 102, 108,
    109, 110, 113, 114, 115, 116, 117, 118, 121,  43,  91,  94, 100, 108, 109, 115,
     74,  79,  87, 110, 113, 114, 121,  23,  99, 100, 102, 109, 121,   4,   5,   6,
      7,   8,   9,  43,  44,  75,  76,  78,  79,  80,  81,  82,  84,  85,  89,  90,
     92,  93,  94,  95,  96,  97,  98,  99, 100, 101, 102, 103, 104, 105, 107, 109,
    110, 113, 114, 115, 116, 118, 120, 122,   3,   4,   9,  75,  77,  78,  80,  81,
     82,  84,  85,  86,  89,  93,  95,  97,  99, 101, 102, 103, 104, 106, 107, 108,
    112, 114, 115, 116, 117,   3,   4,   6,  90,  94,  98, 100, 101, 108, 109, 115,
    121, 122,  23,  74,  75,  79,  85,  87,  99, 100, 102, 109, 110, 113, 114, 115,
     81,  82,  89,  82, 114,  99, 115,   4,   6,  90,  93,  94,  95,  96,  97, 103,
    104, 105, 115,  10, 100, 109, 115, 121, 122,  82,  89, 103,  94, 115,   3,  75,
     78,  80,  81,  84,  85,  86,  90,  91,  93,  94,  96,  97,  99, 100, 101, 102,
    104, 105, 107, 109, 114, 115, 116, 117, 118,   4,   6,  11,  17,  19,  21,  26,
     27,  29,  30,  32,  35,  38,  40,  45,  46,  51,  53,  54,  55,  56,  59,  60,
     61,  62,  64,  67,  74,  78,  79,  80,  81,  89,  93,  94,  97, 100, 103, 104,
    105, 107, 108, 109, 110, 111, 113, 116,   4,   6,  11,  13,  16,  19,  21,  25,
     26,  27,  29,  30,  35,  36,  41,  46,  47,  49,  50,  51,  53,  54,  55,  56,
     57,  58,  59,  60,  61,  62,  64,  65,  67,  70,  75,  76,  78,  80,  81,  82,
     89,  90,  93,  94,  97, 103, 104, 105, 107, 110, 113, 115, 116,
};

static const int8_t bookerly_18_regularKernSparseValues[] = {
     -30,  -24,   24,  -24,  -30,  -18,   30,  -12,  -12,   31,   12,   12,  -18,  -12,  -12,  -12,
      12,   12,  -12,  -12,  -12,  -12,   31,  -18,  -18,   30,  -12,  -12,   12,   12,   31,   12,
     -49,   24,   24,  -12,  -18,  -81,  -12,  -12,  -12,  -18,  -48,  -49,   24,  -12,   24,  -81,
      18,  -24,   18,  -42,  -24,  -54,  -48,   -9,   -9,   -6,   -9,  -17,  -23,  -36,  -36,  -24,
      -9,   -9,   -9,  -12,   -6,  -24,  -42,  -24,   18,  -42,   18,   12,  -18,  -60,   -9,   -9,
     -30,  -24,   12,  -36,  -24,  -54,  -48,  -42,  -24,  -48,  -24,  -18,  -12,  -24,  -30,  -30,
      -9,   -9,  -18,  -18,  -24,  -12,  -18,  -12,   12,  -12,   -9,   -9,  -30,  -30,  -18,  -60,
     -24,  -18,  -12,  -60,  -54,  -24,  -48,  -30,  -30,  -54,  -18,  -12,  -24,  -12,  -24,  -84,
     -24,  -60,  -60,  -54,   24,   24,  -54,  -60,  -60,  -54,  -30,  -54,  -24,  -48,  -18,  -24,
     -42,  -24,  -18,  -42,  -60,  -42,  -24,  -60,  -12,  -63,  -54,  -30,  -30,  -39,  -30,  -18,
     -12,  -24,  -54,  -54,   24,  -12,  -12,  -84,  -18,   -9,   -9,   -9,   -9,  -12,  -12,  -12,
     -30,  -49,  -18,   12,  -33,   15,  -11,   12,  -60,  -36,  -66,   12,  -63,    6,  -60,   -9,
      -9,  -12,  -39,   12,  -39,  -18,   18,   -2,   -2,  -54,  -42,   -9,   -9,   -6,   -9,  -15,
      -9,  -12,  -24,   15,   12,  -15,   15,   15,   15,  -12,  -12,  -14,   -9,   -9,   -9,  -12,
      -6,   -8,   -8,  -14,   -9,   -9,   -9,   -9,   -9,   -9,   -9,  -12,   -9,  -14,  -18,  -24,
     -24,  -24,  -18,   -9,  -12,   -6,   -9,  -12,  -18,  -24,   -6,  -18,   -6,   18,  -42,  -12,
      -6,   -6,    6,   24,  -54,  -54,  -51,  -54,  -12,  -18,    6,  -12,  -24,    6,  -18,  -12,
     -69,  -18,  -18,  -12,   24,   24,  -12,    6,  -18,  -18,  -12,    6,   24,    6,  -18,  -12,
     -24,   12,   12,  -12,  -12,  -12,   -6,  -12,   -6,   -9,   -9,   -7,  -18,  -18,  -12,   -9,
      -9,   12,   12,   -9,   -9,   12,   -9,  -30,  -12,  -30,  -23,  -17,  -17,  -24,   -6,  -18,
     -12,  -12,  -16,   -6,   -9,  -12,   -9,   -9,  -30,   -6,  -18,  -18,  -12,   18,   18,  -12,
     -18,  -18,  -12,  -16,   -9,  -12,   -6,  -18,   15,  -24,   12,    6,   -8,  -14,   -6,   -7,
     -18,  -21,  -36,  -36,    6,  -24,   -8,   -8,  -14,   18,   18,  -14,   -8,   -8,  -14,   18,
      -7,  -24,  -12,  -24,   24,  -30,  -15,  -48,    6,  -48,  -66,  -18,  -18,  -24,  -12,   12,
      -6,  -15,   -9,   -9,   18,  -12,   -6,   -9,   -9,   12,   -6,   24,   24,   -6,  -12,  -27,
     -12,  -27,  -22,   -9,  -13,   -9,  -18,  -15,   -9,   -6,   -9,   -6,  -24,   -9,  -13,  -13,
      -9,   24,   24,   -9,  -13,  -13,   -9,  -15,   -6,  -18,   -9,  -18,   12,   22,  -60,  -60,
     -59,  -60,   -9,   -9,   18,   -6,   -9,   -9,  -17,   18,  -11,   12,   15,   18,   18,  -81,
      -9,   -9,   -9,   12,   12,   -9,   -9,   -9,   -9,   30,  -11,  -17,   12,   17,   12,   -6,
     -24,  -24,   18,  -18,   -9,   45,   -6,   -9,  -12,  -18,  -24,   -6,  -18,   30,    6,   54,
      18,   33,   42,  -42,  -12,   54,   27,   -6,   12,  -18,  -18,  -18,   24,  -18,   18,  -30,
     -21,  -39,   18,  -42,   -6,  -12,  -18,   12,  -18,   18,  -12,  -18,  -12,  -36,  -24,  -11,
     -11,  -12,  -12,   -6,   -6,   -6,  -18,  -12,   -6,  -12,  -18,  -18,  -12,  -54,  -24,  -54,
     -75,  -24,  -24,  -66,  -18,  -15,   -9,   -6,  -33,  -36,  -38,  -42,  -12,  -30,  -12,  -60,
     -18,  -33,  -33,  -36,   24,   24,  -36,  -33,  -33,  -36,  -42,  -12,  -12,  -38,  -18,  -12,
      12,   12,  -24,  -24,  -35,  -42,   -9,   -9,   -9,   -6,  -12,   -9,  -24,  -15,  -12,  -12,
     -12,  -42,   -9,  -18,  -12,  -12,   -9,   24,   24,   -9,  -12,  -12,   -9,  -15,  -12,  -24,
      -9,   24,  -60,  -30,  -60,  -81,  -12,  -12,  -69,  -24,   -9,  -15,   18,   12,  -38,   15,
     -43,  -12,  -54,   15,  -15,  -12,  -38,  -12,  -12,  -18,  -12,  -19,  -24,  -18,  -84,  -24,
     -62,  -56,  -43,   36,   36,  -43,   15,  -62,  -38,  -43,   15,   36,   15,  -15,  -38,  -19,
     -54,  -24,  -24,   12,   18,   12,  -18,   15,   18,   12,   12,  -18,  -27,   12,  -27,   18,
      -6,   30,   30,   12,   12,   30,   12,   -6,  -48,  -30,  -48,  -63,  -18,  -18,  -62,  -30,
      -9,  -16,   15,   15,  -40,   12,  -48,  -12,  -39,   12,  -18,  -12,  -48,  -18,  -18,  -21,
     -18,  -18,  -30,  -24,  -66,  -30,  -40,  -58,  -48,   66,   42,  -48,   12,  -58,  -58,  -48,
      12,   31,   12,  -18,  -48,  -18,  -24,  -39,  -12,  -30,  -24,   12,   -6,   -6,   -6,   -6,
      12,   12,   18,   -6,   24,   25,   31,   12,   12,   25,   24,   31,   12,   25,   31,  -18,
     -48,  -30,  -60,  -48,  -12,   12,  -12,  -18,  -18,  -18,  -18,  -12,  -12,  -12,   12,  -18,
     -48,  -18,  -24,  -60,  -12,  -18,  -18,  -18,  -18,  -60,  -48,  -39,  -24,  -15,  -60,   -6,
      -6,  -21,  -21,   -8,  -12,  -24,  -18,  -12,  -12,   -9,   -9,  -24,   -9,  -36,   -7,   -7,
       6,   -6,   -9,   -6,   -7,   -7,   23,  -30,  -12,  -36,   -6,   -6,   -9,   -6,   -6,   -6,
      -6,   -6,   -6,   -6,   -6,   -9,   12,  -18,    6,  -18,  -12,  -15,  -24,   -6,   -6,   -6,
      -6,   -6,   -6,   -6,   18,  -12,   36,   61,   60,   60,  -12,  -12,  -18,   32,   49,   50,
      -8,   -9,   -6,   12,   18,  -10,   12,   12,   60,    4,   22,    6,   72,  126,   78,   -9,
       8,    2,   -3,   57,   60,   24,    8,   18,   -6,   48,   57,   18,   12,  -18,   -9,   -6,
      15,    8,   15,    6,    6,   -9,   -9,   -6,   -6,   -9,   -9,   -6,   15,   30,    9,   24,
     -12,  -10,  -54,   -6,   -6,  -33,  -33,  -30,  -18,  -21,  -21,  -18,  -12,  -12,  -12,  -12,
      -9,  -12,   -9,  -12,  -12,    6,   -9,    6,   -9,   -9,  -12,   -6,   -9,   -9,  -12,   -9,
     -12,  -12,  -12,  -18,  -12,   -9,  -30,   40,    6,  -12,   18,   40,  -18,   12,  -36,  -12,
     -36,  -36,  -12,  -15,   -9,  -12,  -19,   -9,  -14,    9,  -15,  -15,  -12,  -12,   -9,  -15,
     -15,  -12,   -9,   -9,  -14,  -19,   18,   18,   -9,   -9,  -18,  -15,  -30,   -9,   -9,   -6,
      -6,   -6,   -9,   -9,   -9,   -9,   -9,  -12,  -30,   -6,   -6,    9,   12,  -15,  -36,  -12,
      12,  -12,  -12,  -12,   30,  -48,   -9,  -48,  -33,   -7,  -16,  -12,   15,  -27,  -16,    6,
      14,    6,   12,  -20,   18,   24,    9,    9,    9,   -7,   -7,  -12,    6,  -12,  -16,   -7,
      -7,  -12,  -16,   24,  -16,    6,  -20,  -27,   24,   30,   12,   -9,   18,   12,    9,    6,
       9,   -9,   -9,   -9,   24,   30,  -30,   -6,   -6,   36,   31,   33,   33,   12,   12,   31,
      36,   33,   12,   31,   33,   24,  -18,  -24,   24,   24,   24,  -18,  -12,  -12,  -12,  -18,
     -24,  -12,   -6,  -12,  -18,  -24,  -12,  -12,  -18,  -12,  -18,  -24,  -30,  -30,  -12,  -18,
     -12,  -18,  -12,  -18,  -18,  -18,  -24,  -30,  -30,  -12,  -15,   18,  -24,  -18,  -45,  -32,
     -18,  -18,  -18,  -12,  -18,  -12,  -24,  -12,  -12,  -18,  -18,  -18,  -18,  -15,  -18,  -18,
     -18,  -18,  -18,  -18,  -18,  -18,  -18,  -18,  -18,  -12,  -24,  -18,  -15,  -12,  -24,  -15,
      18,  -18,  -18,  -18,  -18,  -18,  -24,  -18,  -36,  -18,  -18,  -24,  -24,  -24,  -18,   -9,
     -12,   -6,   -9,   -6,  -12,  -18,   -6,  -18,   -6,   18,  -42,  -12,   -6,   -6,  -18,  -47,
     -47,  -60,  -12,  -60,  -27,  -24,  -27,  -12,  -18,  -21,  -39,  -42,  -45,  -48,  -18,   -8,
     -12,  -12,  -12,   -8,   -6,  -66,   -8,   -8,  -12,   -8,   -8,  -12,  -12,   -8,  -12,  -24,
     -12,   -9,   -9,  -12,  -18,  -30,   -9,   -9,  -12,  -24,  -24,   -9,  -24,  -18,   12,   12,
      12,   12,   30,   30,   12,   30,   30,   30,   30,   30,   12,  -12,  -12,   -9,   -9,  -60,
      -9,  -54,   -7,   -7,    6,   -6,   -9,   -6,   -7,   -7,   23,  -48,  -12,  -12,  -12,   -9,
      -9,  -24,   -9,  -36,   -7,   -7,    6,   -9,   -7,   -7,   23,  -30,  -12,  -30,  -49,  -18,
      12,  -33,   15,  -11,   12,   12,  -60,  -36,  -66,   12,  -63,    6,  -60,   -9,   24,   -9,
     -12,  -39,   12,  -39,  -18,   18,   -2,   24,   -2,  -54,  -42,  -24,  -15,  -60,   -6,   54,
      -6,  -21,  -21,   -8,   54,  -12,  -24,  -18,   18,   54,   42,   30,   36,   36,   63,   24,
      63,   24,   36,   24,   18,   18,   18,   48,   24,   24,   63,   63,   54,   63,   30,   30,
      21,   36,   48,   18,    6,  -15,  -24,   -6,   18,   -6,   -6,   -6,   -6,   -6,   -6,   18,
      18,  -12,   -9,   -9,   18,   -7,  -18,  -18,  -12,   -9,   -9,   12,   12,   -9,   -9,   12,
      -9,   42,  -21,  -21,   42,  -18,  -12,  -12,   24,  -12,   24,   24,   24,   24,  -12,   24,
      24,  -12,   24,   24,   30,   24,   30,   24,   24,   18,   18,   18,   24,   24,  -18,  -12,
     -30,   12,   -6,   -6,    9,   12,  -15,  -36,   42,  -12,   12,  -12,   42,  -12,  -12,   24,
     -24,  -24,  -24,  -16,    9,   12,   18,   24,    6,   24,    6,   18,   12,   36,   -6,   36,
      18,   18,  -42,   36,   36,   36,   -6,   18,   18,   24,   -9,   -9,  -24,   18,   12,   18,
      12,   18,   18,   12,   24,   12,   24,   18,   18,   18,   12,   36,   24,   30,   18,  -24,
     -24,  -35,  -39,    6,   -9,   -9,   18,   24,   24,   21,   12,  -12,   30,   -9,  -24,   30,
     -15,  -12,  -12,   24,  -12,  -42,   -9,  -12,  -12,   -9,   48,   48,   -9,   30,  -12,  -12,
      -9,   30,   30,  -15,  -12,  -24,   -9,   18,   24,   12,   12,   12,   12,   12,   18,   18,
      12,  -18,   -9,   -6,   42,   15,    8,   15,    6,    6,   -9,   -9,   -6,   -6,   -9,   -9,
      -6,   15,   30,    9,   24,   -9,   -9,   -9,   -9,  -18,  -24,  -24,  -24,  -18,   -9,  -12,
      -6,   -9,  -12,  -12,  -24,   -6,  -18,   -6,   18,  -42,  -12,   -6,   -6,  -30,   12,   12,
      12,   12,   -6,  -18,    6,  -24,  -36,  -24,  -30,  -36,  -18,  -18,  -18,  -42,  -36,  -18,
     -18,  -12,  -15,  -12,  -18,  -11,  -11,  -12,  -12,  -12,   -6,  -12,  -24,  -18,  -12,   -6,
     -12,  -12,   -6,  -18,  -12,   -9,  -24,   -9,  -18,  -12,  -18,   12,  -12,  -30,  -36,  -30,
     -12,  -30,  -23,  -17,  -17,   -6,  -24,  -24,  -18,  -18,  -12,  -12,  -12,  -12,  -12,   -9,
     -12,  -12,   -9,  -12,  -24,  -16,   18,   -9,  -24,  -24,  -30,  -30,   12,  -39,   -6,  -36,
     -18,  -44,  -18,  -18,   -6,  -48,  -12,   12,   12,   -6,  -12,   12,  -15,  -12,  -21,  -12,
     -12,  -21,  -42,  -54,  -12,  -24,  -12,  -48,  -72,  -36,  -12,  -42,  -12,  -66,  -12,   -6,
     -24,  -42,  -42,  -42,  -54,  -39,  -42,  -27,  -18,  -30,  -18,  -24,  -24,  -18,    9,   -6,
     -42,  -18,  -18,  -18,  -42,  -30,  -48,  -30,  -18,  -15,  -45,  -54,  -12,  -12,  -12,  -24,
     -75,  -30,  -75,  -69,  -48,  -30,  -48,  -16,  -60,   12,  -96,  -66,  -12,  -12,  -18,  -42,
     -12,  -51,  -60,   -6,  -48,  -78,  -66,  -36,  -54,  -60,  -18,  -30,  -24,  -24,  -30,  -90,
     -54,   42,  -24,   15,   24,  -18,  -66, -102,  -12,  -36,  -18,   12,  -30,  -49,  -18,   12,
     -33,  -60,  -18,  -60,  -11,   12,  -42,   15,   12,    9,   12,  -30,   12,  -78,    6,   -6,
       9,   18,  -36,  -19,   12,  -42,  -19,  -66,  -54,  -54,  -30,   18,  -54,  -42,  -18,   -6,
     -12,  -18,  -12,  -12,  -12,  -12,  -12,  -21,   -9,   -9,  -24,   -9,  -15,   -6,   -9,   -6,
      -9,  -15,   12,   -9,   15,  -12,   12,  -15,  -12,  -15,  -54,  -24,  -54,  -75,  -24,  -24,
     -30,  -12,  -18,   -9,  -48,  -66,  -48,  -12,  -15,  -18,  -39,  -33,  -48,  -36,  -12,  -54,
     -66,  -42,   24,  -12,  -60,  -60,  -12,   12,   12,   -9,   24,   12,  -24,   -9,  -18,   12,
     -18,   24,   12,  -30,  -36,  -15,   -6,   12,   12,  -18,   18,   -6,    6,   -9,  -18,   24,
      -9,   -9,  -12,  -12,  -18,   12,  -12,  -18,  -24,  -24,  -24,  -18,   -9,  -12,   -6,  -12,
     -18,  -24,  -24,   -6,  -18,  -18,  -18,  -24,  -24,  -24,  -12,  -24,  -42,   -6,   12,   22,
     -60,  -60,  -59,   -9,   18,  -48,  -60,  -48,  -18,   -9,   -6,  -15,   -9,  -33,   -9,  -27,
      18,  -30,  -11,   12,   18,   18,  -81,   12,   17,  -12,  -14,   12,   -9,   -9,   -8,  -12,
      -8,  -30,   12,  -30,  -36,  -18,   -6,  -24,  -24,  -39,  -48,  -42,  -18,  -30,  -12,  -12,
     -24,  -24,  -18,  -14,  -18,  -18,  -42,   18,  -18,   12,   12,   12,   15,  -30,   18,   18,
      18,  -36,  -27,   12,  -36,   12,   30,  -27,  -42,  -36,   18,   -6,  -24,  -15,  -60,   12,
     -18,  -18,  -24,  -18,  -18,  -12,  -24,  -18,  -12,  -12,   -9,   -9,  -24,   -9,  -36,   -6,
     -12,   -6,   -6,  -12,   -6,   -9,  -15,   -6,  -30,  -12,   -6,   -9,  -12,   -6,  -12,   -9,
     -12,  -12,   -6,  -42,  -42,  -42,   -6,    6,  -30,   -8,  -30,   12,  -24,   -6,   -6,   12,
       6,    6,  -24,   -6,   12,   18,   30,  -18,  -15,  -24,   -6,   -6,  -12,  -12,  -30,  -18,
     -13,   -6,  -18,   -6,   -6,   -6,  -36,  -12,  -12,  -30,   -7,   -9,  -12,   -6,   -6,   -6,
      -6,   -6,  -18,  -36,   -6,  -12,   12,   30,  -48,   -9,  -48,  -33,  -11,  -30,  -12,  -36,
      18,   18,    9,   24,  -34,   -6,  -12,   12,   24,   18,   24,   30,   12,    6,    6,   -6,
      -9,   18,    9,    6,    9,  -12,   24,   30,  -36,  -72,   -6,   -6,   -6,  -12,  -24,  -45,
     -12,  -30,  -12,  -45,  -12,   -6,  -18,  -18,  -12,  -10,  -54,  -18,  -27,  -30,  -18,  -27,
     -18,  -30,  -18,   12,   -9,   -9,  -18,  -15,  -30,   -9,   -6,   -9,   -6,   -6,   -6,  -12,
      -6,  -12,  -15,  -15,  -18,  -15,  -18,  -18,   12,   12,   12,   12,   12,   30,   30,   12,
     -12,  -12,  -12,  -10,  -54,  -18,  -27,  -30,  -27,  -18,  -30,  -18,   12,  -24,  -30,  -30,
     -12,  -24,  -24,  -36,  -18,  -12,  -12,  -18,  -18,  -24,  -12,  -18,  -12,  -42,  -30,  -42,
     -18,  -18,  -12,  -48,   12,  -78,  -57,  -12,   -6,  -24,  -30,  -33,  -24,  -60,  -48,  -30,
     -42,  -54,  -18,   -6,  -12,  -12,  -66,  -42,   -6,   24,  -30,  -54,  -96,  -30,  -24,   12,
      12,  -42,  -42,  -18,  -24,  -24,   24,   24,   18,  -18,   24,   24,   18,   21,   12,  -42,
     -18,  -42,  -69,    6,  -24,  -24,  -36,  -66,  -54,  -12,  -30,  -30,  -48,  -36,  -54,  -42,
     -30,  -36,  -45,  -30,  -30,  -18,  -24,  -36,  -54,  -48,  -18,  -54,  -66,  -78,  -30,  -24,
      12,   18,  -36,  -36,  -30,  -12,  -30,  -30,  -12,   18,   24,  -36,  -36,  -51,  -42,  -42,
     -48,  -12,  -15,  -18,  -36,  -12,  -30,  -36,    6,  -18,   24,  -12,  -12,  -69,   12,   12,
     -18,  -24,  -24,   30,  -18,   12,   -6,  -42,   18,  -18,  -12,  -18,  -42,   12,  -48,   24,
      12,  -18,  -18,  -45,  -54,   18,   -9,  -12,  -12,  -18,   -6,  -12,   18,   30,   18,  -36,
     -24,  -24,  -30,  -39,  -36,  -24,  -12,  -60,  -12,  -18,  -18,  -18,  -24,  -48,  -30,  -48,
     -63,  -18,  -18,  -30,  -24,  -30,  -16,  -42,   18,  -51,  -30,  -15,   -9,  -18,  -36,  -36,
     -18,  -42,  -32,  -30,  -30,  -42,  -12,  -30,  -18,  -21,  -18,  -60,   12,  -33,   42,  -18,
      18,   15,  -30,  -42,  -60,  -24,  -12,   12,   18,    6,    6,  -18,   36,   12,   12,   12,
      12,   15,  -30,   18,   24,   18,   24,   18,  -36,   12,  -36,   12,   12,   12,   30,   36,
      12,  -42,  -36,   18,   -6,   12,    6,    6,   -6,   -9,   18,    9,    6,   42,    9,  -12,
      24,   30,  -75,  -54,  -12,  -48,  -18,  -66,  -30,  -30,  -30,  -30,  -60,  -60,  -30,  -24,
     -12,  -18,  -18,  -12,  -18,  -12,  -18,  -42,  -42,  -18,  -30,  -12,   -6,   -6,  -24,  -30,
     -18,  -12,  -18,  -12,   -9,   -9,  -18,  -18,  -12,  -12,   -6,  -12,   -9,  -12,   18,  -42,
       6,    6,   12,   15,  -66,   18,  -24,  -18,   18,  -12,  -12,   18,  -36,  -48,   12,  -36,
      12,  -12,   30,  -48,  -42,  -96,   18,   -6,  -12,  -48,  -48,  -42,   24,   12,   12,   12,
     -18,  -18,   12,    6,  -18,    6,    6,  -66,  -72,  -18,   30,   30,  -18,   12,  -18,   12,
      30,   12,  -18,  -18,   24,  -33,   12,  -42,  -39,  -18,  -18,  -18,  -24,    6,  -30,   12,
     -18,   30,    6,    6,   12,   12,   12,  -72,  -48,  -48,  -60,  -24,  -12,   12,   12,  -24,
       6,  -30,  -51,    6,  -48,    6,  -12,  -99,  -24,  -24,  -24,  -30,   12,   12,  -30,    6,
     -24,  -24,  -30,    6,   24,    6,  -48,  -12,  -51,  -24,  -24,  -12,  -45,  -60,  -45,  -12,
     -24,  -24,  -42,  -30,  -42,  -48,    6,  -48,   12,   12,   12,  -30,  -99,
};

static const EpdLigaturePair bookerly_18_regularLigaturePairs[] = {
    { 0x00660066, 0xFB00 }, // f f -> U+FB00
    { 0x00660069, 0xFB01 }, // f i -> U+FB01
    { 0x0066006C, 0xFB02 }, // f l -> U+FB02
    { 0xFB000069, 0xFB03 }, // U+FB00 i -> U+FB03
    { 0xFB00006C, 0xFB04 }, // U+FB00 l -> U+FB04
};

static const EpdFontData bookerly_18_regular = {
    bookerly_18_regularBitmaps,
    bookerly_18_regularGlyphs,
    bookerly_18_regularIntervals,
    70,
    49,
    40,
    -10,
    true,
    bookerly_18_regularGroups,
    27,
    nullptr,
    nullptr,  // kernLeftClasses: built-in fonts use the split arrays below
    nullptr,  // kernRightClasses
    bookerly_18_regularKernLeftCodepoints,
    bookerly_18_regularKernLeftClassIds,
    bookerly_18_regularKernRightCodepoints,
    bookerly_18_regularKernRightClassIds,
    nullptr,  // kernMatrix: built-in fonts use the sparse form below
    bookerly_18_regularKernRowOffsets,
    bookerly_18_regularKernSparseCols,
    bookerly_18_regularKernSparseValues,
    676,
    685,
    149,
    123,
    bookerly_18_regularLigaturePairs,
    5,
};
