/**
 * generated by fontconvert.py
 * name: bookerly_12_bolditalic
 * size: 12
 * mode: 2-bit  compressed: zopfli
 * hinting: auto (FT_LOAD_FORCE_AUTOHINT — grid-fits stems to whole pixels)
 * Command used: fontconvert.py bookerly_12_bolditalic 12 ../builtinFonts/source/Bookerly/Bookerly-BoldItalic.ttf --2bit --compress --zopfli
 */
#pragma once
#include "EpdFontData.h"

static const uint8_t bookerly_12_bolditalicBitmaps[29550] = {
    0x8D, 0x98, 0x01, 0xA4, 0x2F, 0xD9, 0x7D, 0xC7, 0x3F, 0x33, 0x27, 0xEF, 0x4D, 0x9A, 0xC1, 0x59,
    0x6C, 0xAC, 0x7A, 0x6A, 0x16, 0xC1, 0xD2, 0x74, 0x4F, 0x51, 0x44, 0xED, 0xBB, 0x67, 0xB2, 0x41,
    0x4B, 0x90, 0x87, 0x7D, 0x0D, 0x82, 0x14, 0x05, 0x82, 0x5B, 0x14, 0x2D, 0x7B, 0xEF, 0x4C, 0x13,
    0x6C, 0x29, 0xF2, 0x82, 0xA6, 0x08, 0x52, 0xA4, 0x14, 0x78, 0x45, 0xB0, 0xE2, 0xDE, 0x3B, 0x27,
    0x16, 0x41, 0xD0, 0x69, 0xB5, 0x42, 0x1F, 0x76, 0x48, 0xB2, 0xC1, 0x62, 0x4F, 0xD3, 0xD9, 0xEE,
    0xB9, 0xFB, 0xCE, 0xCC, 0xAF, 0xE7, 0xF7, 0x26, 0x6F, 0xAF, 0xB7, 0x09, 0x72, 0xFF, 0xBF, 0xDF,
    0x77, 0xFC, 0x67, 0xCE, 0xF9, 0xCE, 0xF7, 0xF7, 0xFD, 0x9D, 0x39, 0x7F, 0x73, 0x79, 0xBE, 0xCA,
    0x26, 0x99, 0xB5, 0x89, 0xED, 0x62, 0x67, 0x1B, 0xCA, 0x67, 0xEC, 0xFA, 0x0E, 0xC7, 0x1F, 0x00,
    0x2F, 0x33, 0x21, 0xBC, 0x4E, 0xFB, 0x46, 0x70, 0x5F, 0x0A, 0xDE, 0x8D, 0xDE, 0xF5, 0xE7, 0x9E,
    0xB3, 0x13, 0x2E, 0xEE, 0xF2, 0xBD, 0xCF, 0x81, 0x33, 0x0B, 0xBE, 0x99, 0x39, 0x69, 0x03, 0x77,
    0x6D, 0xE8, 0x44, 0x36, 0x27, 0x92, 0x49, 0x8E, 0x6A, 0xF5, 0xBC, 0xF0, 0xFE, 0xF9, 0xBD, 0x49,
    0x24, 0x4A, 0xC9, 0x66, 0xCE, 0xB4, 0x21, 0x61, 0x7F, 0xB8, 0xF2, 0xA9, 0xCF, 0xFF, 0x13, 0xF0,
    0x3C, 0xF0, 0x0A, 0xF0, 0xD7, 0x50, 0x7D, 0x1F, 0xFC, 0x4E, 0x25, 0x12, 0xCC, 0xFB, 0xEF, 0x85,
    0xE6, 0x3F, 0xDE, 0x9A, 0x9B, 0x9F, 0xBE, 0x35, 0x1A, 0x19, 0xA9, 0x4B, 0x22, 0x11, 0x5C, 0x86,
    0x6E, 0xE7, 0xF5, 0xCF, 0x0E, 0xE4, 0x57, 0x3C, 0xDB, 0xE7, 0xAE, 0x98, 0x3E, 0xCC, 0x78, 0x89,
    0x34, 0xD2, 0x53, 0x2D, 0x50, 0xCF, 0x60, 0xC2, 0x91, 0x15, 0x00, 0xF0, 0xE7, 0x54, 0x53, 0x4F,
    0xA2, 0x2D, 0xD4, 0x91, 0xEE, 0xD1, 0xD2, 0xCE, 0x78, 0xB3, 0x74, 0x23, 0xE7, 0x66, 0xF1, 0x70,
    0xD9, 0xCC, 0x17, 0x05, 0xED, 0x0F, 0xE3, 0x2D, 0xA6, 0xE1, 0x1B, 0xFF, 0x2E, 0xC1, 0xEF, 0xF6,
    0x0D, 0x89, 0xDD, 0xCF, 0x9C, 0x7D, 0x2B, 0xC2, 0x85, 0x7B, 0x75, 0xD5, 0x62, 0xEA, 0x48, 0x19,
    0x6F, 0x22, 0x36, 0xF8, 0x76, 0xC1, 0xE1, 0x1F, 0x06, 0x2E, 0x71, 0x02, 0x99, 0x36, 0xC1, 0x1F,
    0x02, 0xC0, 0x34, 0x02, 0x8D, 0x0A, 0xA6, 0xFB, 0x85, 0xA2, 0x7F, 0x55, 0xF1, 0xC4, 0xCC, 0xC0,
    0x79, 0x37, 0xDE, 0x2E, 0xB8, 0x31, 0xC0, 0xF4, 0x60, 0xD8, 0x68, 0xC4, 0xC8, 0x03, 0xBA, 0xEF,
    0x7E, 0xE3, 0xBB, 0xE0, 0xED, 0xEC, 0xE0, 0xAA, 0x89, 0x77, 0x0B, 0xD6, 0x5B, 0x86, 0x09, 0xE5,
    0x19, 0x7E, 0x3E, 0xAD, 0xE0, 0x44, 0xCA, 0xC8, 0x5A, 0xBE, 0x25, 0x19, 0xE0, 0xCE, 0x4A, 0x3B,
    0xBA, 0xDE, 0xE3, 0x39, 0xE7, 0x8C, 0x0B, 0xBE, 0x07, 0x7C, 0x02, 0xCE, 0xA8, 0x13, 0x76, 0xC6,
    0xF7, 0x5C, 0x51, 0x25, 0x4C, 0xA4, 0x5D, 0xB0, 0x81, 0x6E, 0xC4, 0xF5, 0x78, 0x9E, 0x8D, 0x1E,
    0x17, 0xF4, 0x6A, 0xBB, 0xE8, 0xC8, 0x2A, 0xC3, 0xE5, 0xD1, 0x18, 0x78, 0x13, 0x76, 0x74, 0x44,
    0x17, 0x94, 0xB0, 0x89, 0x98, 0x12, 0x2B, 0x75, 0x89, 0x54, 0x50, 0xC3, 0x44, 0x8D, 0xE6, 0xE9,
    0x0D, 0xD4, 0x4E, 0xBD, 0xA8, 0xFE, 0x8C, 0x6C, 0x6A, 0xBE, 0xB6, 0xF7, 0x95, 0x0B, 0x86, 0xEF,
    0x73, 0x47, 0x42, 0x89, 0xE1, 0x5F, 0xFB, 0x57, 0x0A, 0x73, 0x89, 0x8B, 0x9B, 0xB8, 0x7F, 0xF9,
    0xDA, 0x24, 0x5B, 0x09, 0x6E, 0x4E, 0x42, 0xDF, 0xC6, 0x66, 0x35, 0xB1, 0x59, 0x6C, 0x18, 0x0A,
    0xCB, 0xFD, 0xD7, 0x64, 0x97, 0xDD, 0x31, 0xF4, 0x13, 0x67, 0x40, 0x55, 0x2A, 0x36, 0x11, 0xDA,
    0x19, 0xBD, 0x3D, 0x5E, 0xFD, 0x05, 0x32, 0xAA, 0x4C, 0x45, 0xE9, 0x69, 0x15, 0x82, 0x07, 0x36,
    0xA8, 0xD2, 0x6F, 0x9E, 0x41, 0x2D, 0x3D, 0x4E, 0x22, 0xF2, 0xDD, 0x64, 0xB2, 0xC9, 0x6D, 0xAC,
    0xB3, 0x9D, 0xEB, 0xEC, 0x42, 0x9D, 0xFD, 0x58, 0xB2, 0x37, 0x79, 0xE8, 0x4D, 0x9A, 0x68, 0xE2,
    0x84, 0x5D, 0x26, 0xBA, 0x30, 0x8C, 0x43, 0xEF, 0xDF, 0xD9, 0xE8, 0x64, 0xA5, 0xDE, 0x7B, 0x00,
    0xAA, 0x37, 0x39, 0xCD, 0xB5, 0x64, 0xBE, 0x96, 0x68, 0x57, 0x6C, 0xD4, 0xE8, 0x16, 0xDC, 0x8C,
    0x2F, 0x11, 0x34, 0x86, 0x91, 0xA9, 0x47, 0xFA, 0x32, 0xCF, 0xCB, 0x4A, 0xBB, 0xC3, 0x24, 0x73,
    0xBD, 0x9F, 0x46, 0xB3, 0xB6, 0x6B, 0x33, 0x37, 0x6B, 0x35, 0xDA, 0x08, 0x9D, 0x36, 0x3E, 0x50,
    0x49, 0x4F, 0xB3, 0x81, 0x5B, 0x61, 0x0A, 0x98, 0x1D, 0xEC, 0xAA, 0x4B, 0xE2, 0x7E, 0x2F, 0x22,
    0x61, 0x12, 0xE9, 0x39, 0x38, 0xC2, 0xC1, 0x51, 0xB4, 0x87, 0x56, 0xE7, 0xCF, 0xE8, 0x8D, 0xEE,
    0x6C, 0x7A, 0x0D, 0x7E, 0x20, 0x6A, 0x83, 0xDA, 0x11, 0x50, 0x0D, 0xB5, 0xF0, 0x67, 0x53, 0x66,
    0x92, 0x05, 0x77, 0x0D, 0x60, 0xD4, 0xAE, 0x05, 0x15, 0x5A, 0x49, 0xA0, 0x29, 0xD9, 0xBD, 0x1D,
    0x18, 0xDC, 0x58, 0x95, 0xFA, 0x9B, 0xE8, 0xB5, 0x66, 0x06, 0x91, 0x55, 0x4A, 0x96, 0x63, 0x84,
    0x0C, 0x95, 0xBA, 0xAD, 0xB6, 0xAE, 0xE0, 0x24, 0xE3, 0x25, 0xE1, 0xEF, 0xDF, 0xE3, 0x0A, 0xD8,
    0x00, 0x79, 0x40, 0x25, 0x99, 0x4A, 0x35, 0x68, 0x2D, 0xF8, 0xF1, 0x26, 0x05, 0xAD, 0xED, 0xD3,
    0x53, 0xC2, 0xCB, 0x8C, 0x4B, 0x00, 0x2E, 0xD2, 0xC8, 0x8A, 0xDB, 0x40, 0x02, 0x66, 0x43, 0x9D,
    0xA4, 0x93, 0x05, 0x2F, 0x1B, 0xC3, 0xB7, 0x85, 0x89, 0x89, 0x9D, 0xA1, 0x2F, 0xC9, 0xFE, 0xF4,
    0xDB, 0xA3, 0x4C, 0x27, 0x11, 0xED, 0x84, 0x15, 0x89, 0x5D, 0x49, 0xF7, 0x0F, 0xC3, 0xEC, 0x19,
    0xC6, 0xBB, 0xD5, 0xCE, 0x27, 0x4C, 0x46, 0x9B, 0x71, 0x94, 0xDF, 0x83, 0x80, 0x9E, 0x6A, 0x13,
    0xC7, 0xE9, 0xF9, 0x70, 0xC7, 0xF7, 0xE0, 0x9E, 0x59, 0x11, 0xDF, 0x49, 0x55, 0xAE, 0xD3, 0x93,
    0x4F, 0x6E, 0x22, 0xE2, 0x02, 0xC3, 0x0E, 0xC3, 0x86, 0xD9, 0xA5, 0xB7, 0x8B, 0x0F, 0x6E, 0xEC,
    0x66, 0xDF, 0xDB, 0xD9, 0x8F, 0x2E, 0xF8, 0x77, 0xCA, 0x39, 0xD9, 0xA8, 0x4B, 0xDD, 0x05, 0x46,
    0x54, 0xD4, 0xF0, 0x9D, 0xCC, 0x5E, 0x6D, 0x55, 0x66, 0xAB, 0x33, 0x7B, 0xC9, 0xAD, 0x2A, 0x1F,
    0xE4, 0x1F, 0x33, 0x83, 0x24, 0xEE, 0xC8, 0xA1, 0x80, 0x49, 0x7B, 0x4D, 0x35, 0xAD, 0x78, 0x9D,
    0xFA, 0x33, 0xA8, 0x62, 0xB3, 0x36, 0xAB, 0x59, 0xF8, 0xE8, 0xEF, 0xA3, 0xF5, 0xDF, 0xA9, 0x87,
    0x5A, 0xCB, 0x09, 0x1F, 0xFB, 0xAB, 0x1E, 0xA8, 0x67, 0xA6, 0x44, 0xA4, 0x9D, 0x71, 0x23, 0x57,
    0xF0, 0x1C, 0xC0, 0xF3, 0xDA, 0x2F, 0x97, 0x4A, 0x71, 0x6E, 0xD5, 0xBB, 0x0D, 0x0B, 0xCD, 0x0E,
    0x7A, 0xC8, 0xF0, 0x26, 0x70, 0x3C, 0x86, 0xF7, 0xEF, 0xBF, 0x06, 0x14, 0x3C, 0xBE, 0xBE, 0x08,
    0x27, 0x3C, 0x33, 0x58, 0x63, 0x9A, 0xDB, 0x8D, 0x61, 0xE6, 0x2E, 0x00, 0xDD, 0x32, 0xE4, 0x61,
    0xFF, 0x8C, 0xE7, 0x84, 0xD7, 0xEB, 0x68, 0xC3, 0x09, 0x97, 0xBD, 0x04, 0xB5, 0xFA, 0x2E, 0xC2,
    0x8E, 0x92, 0xDF, 0x16, 0x2D, 0x49, 0x44, 0x7A, 0xEC, 0xFE, 0xED, 0x69, 0xD6, 0xD9, 0x6D, 0x64,
    0x83, 0x7A, 0x35, 0xB1, 0xFD, 0x69, 0x48, 0xED, 0xEC, 0x25, 0x64, 0x3B, 0xEE, 0xC3, 0x98, 0x5D,
    0x95, 0x2C, 0xD9, 0x9B, 0xD8, 0x91, 0x4E, 0x4C, 0x7C, 0xB9, 0x5A, 0xCF, 0x9A, 0xE5, 0xAE, 0x89,
    0x05, 0xB7, 0x76, 0x3E, 0x6B, 0x3E, 0xD8, 0x4E, 0xC7, 0x73, 0x23, 0x6E, 0x67, 0xA8, 0x52, 0xB7,
    0xE0, 0x7B, 0x38, 0x7C, 0x04, 0x7B, 0xCD, 0x9D, 0x11, 0xA3, 0xB7, 0x02, 0xF5, 0x18, 0x2A, 0x2D,
    0x89, 0xA3, 0x4A, 0x6D, 0x3D, 0xAD, 0x42, 0xB7, 0x01, 0x27, 0x57, 0xC0, 0xEB, 0x0A, 0x69, 0x80,
    0x3A, 0x7A, 0x68, 0x4A, 0x4B, 0x75, 0xA7, 0x1F, 0x71, 0x22, 0x01, 0xAF, 0xB0, 0xE1, 0x42, 0x95,
    0xE8, 0x66, 0xA3, 0x4F, 0xB5, 0xDB, 0x90, 0x6D, 0xD8, 0x6B, 0xD9, 0x38, 0x95, 0xD1, 0x88, 0xAC,
    0x8D, 0x3C, 0xCA, 0xB8, 0xB0, 0xE3, 0xC7, 0x92, 0x7D, 0x66, 0xA8, 0x13, 0xFA, 0x84, 0x89, 0x44,
    0xF6, 0xD3, 0x5C, 0x6D, 0x66, 0xAB, 0x15, 0x73, 0x9D, 0x8D, 0x6E, 0x34, 0xD7, 0xA7, 0x51, 0x89,
    0x27, 0xB9, 0x86, 0x6A, 0x4A, 0xD0, 0x89, 0xA0, 0xDB, 0x3D, 0xF5, 0x8E, 0xA7, 0x49, 0xDC, 0xC5,
    0x46, 0x3E, 0x43, 0x37, 0x73, 0x2C, 0x5D, 0xFC, 0x6F, 0x82, 0x85, 0x3F, 0xD2, 0xAE, 0x26, 0x74,
    0xE9, 0xD3, 0xA8, 0x56, 0x86, 0x6B, 0xE0, 0x54, 0x16, 0x35, 0x61, 0xA7, 0x99, 0xFE, 0x5B, 0xAB,
    0x08, 0x7E, 0xC1, 0xEB, 0xF6, 0xE2, 0xFB, 0x76, 0x65, 0xE8, 0x9B, 0x95, 0x49, 0x6F, 0x23, 0x34,
    0x2B, 0x3B, 0xED, 0x5A, 0x6D, 0xD8, 0x58, 0x67, 0xBA, 0xA5, 0x80, 0x0F, 0x26, 0x57, 0xD2, 0x9B,
    0xED, 0x74, 0x53, 0x03, 0x16, 0x54, 0x28, 0xA8, 0xA9, 0x95, 0x02, 0xEE, 0xBF, 0x4E, 0x55, 0x42,
    0x07, 0x7E, 0xFC, 0x3D, 0xD0, 0x66, 0x33, 0x00, 0x68, 0xD1, 0x88, 0xCC, 0xB0, 0xDF, 0xEF, 0x29,
    0xA4, 0x50, 0xF8, 0x9E, 0x53, 0xDF, 0xBF, 0x8F, 0x49, 0xAC, 0x34, 0xD7, 0x5F, 0x8E, 0x0C, 0x2A,
    0x77, 0xD2, 0x71, 0x4A, 0xAA, 0x9C, 0x85, 0xF2, 0x1C, 0x1F, 0xEE, 0xE2, 0xC7, 0x57, 0x18, 0xC6,
    0x83, 0x73, 0x2A, 0x1C, 0x5A, 0x93, 0xC8, 0x58, 0xA8, 0x94, 0x09, 0x73, 0xA4, 0x6A, 0x67, 0x90,
    0x91, 0xA9, 0x24, 0xD5, 0x74, 0x8D, 0x5A, 0x10, 0x8A, 0x85, 0xA7, 0x63, 0xB5, 0x63, 0xC7, 0x26,
    0x61, 0xD5, 0xC2, 0xDF, 0xF9, 0x75, 0x0B, 0xAD, 0x04, 0x85, 0xD1, 0x07, 0x76, 0xFC, 0x52, 0xC0,
    0xAD, 0x6C, 0x58, 0xF9, 0x76, 0xA6, 0x16, 0x49, 0x70, 0xBA, 0xF7, 0x20, 0xBB, 0x95, 0x58, 0x49,
    0xB2, 0x32, 0x6B, 0xFB, 0x37, 0x9D, 0xAA, 0x0A, 0xFC, 0x68, 0x0A, 0xEA, 0xAF, 0x02, 0x87, 0x91,
    0x5A, 0xC8, 0x8A, 0x16, 0x12, 0xB5, 0xEC, 0xAF, 0x46, 0xD4, 0xCC, 0x05, 0x75, 0x73, 0xC6, 0xE8,
    0xCA, 0x50, 0xF4, 0x81, 0x26, 0x29, 0x0E, 0xF2, 0x05, 0xD1, 0xE5, 0xD1, 0xE8, 0x2C, 0xD9, 0x2B,
    0xC9, 0xB8, 0xA7, 0x3F, 0x12, 0xC7, 0x83, 0x3D, 0x81, 0xC0, 0x4E, 0x55, 0x62, 0x53, 0x1E, 0x53,
    0x22, 0x31, 0x48, 0x3F, 0x89, 0x2A, 0x13, 0x2A, 0xD9, 0xD0, 0x59, 0xCA, 0x8D, 0xD7, 0x3C, 0x2C,
    0x43, 0x73, 0x02, 0x04, 0xD8, 0xE1, 0xE3, 0xB6, 0x99, 0x15, 0xDA, 0x88, 0x3A, 0xF3, 0x59, 0xA7,
    0x52, 0x46, 0x86, 0x0D, 0xBA, 0x05, 0x90, 0xCD, 0x17, 0x31, 0xC9, 0xA9, 0xE0, 0x4E, 0x05, 0x4D,
    0xE0, 0xBF, 0xAE, 0xB5, 0x7E, 0x31, 0x16, 0xD0, 0xA6, 0x4C, 0x3B, 0x20, 0x59, 0xE1, 0x09, 0xF9,
    0xD4, 0x17, 0x76, 0xAF, 0xE5, 0x75, 0x11, 0x93, 0xDA, 0x44, 0x93, 0xCC, 0xCE, 0x20, 0xC8, 0x3C,
    0x09, 0x6E, 0xD4, 0x71, 0x5A, 0xE0, 0x6F, 0xA9, 0xF3, 0x45, 0x93, 0x79, 0xD3, 0xE4, 0x6A, 0xD5,
    0x55, 0x32, 0x88, 0x2C, 0xBA, 0x46, 0x70, 0x82, 0x15, 0xE8, 0x04, 0xB7, 0x41, 0x23, 0xF8, 0x08,
    0xAD, 0x30, 0x69, 0x21, 0xD2, 0x3F, 0xD6, 0xC3, 0xF0, 0xEA, 0x07, 0x11, 0x3A, 0xF7, 0xC6, 0x8F,
    0x23, 0x78, 0xF7, 0xCD, 0xBF, 0x5F, 0xE0, 0xA4, 0x7B, 0xBB, 0x5D, 0xE0, 0xCC, 0xEE, 0x76, 0x81,
    0x0B, 0x9B, 0xF5, 0x90, 0xEC, 0x6A, 0x67, 0xAA, 0xB5, 0x8D, 0xE5, 0x50, 0xC7, 0x66, 0x2E, 0x07,
    0x13, 0x9B, 0xB1, 0x9B, 0x95, 0x5D, 0xB5, 0xEA, 0x0E, 0xAF, 0x92, 0x65, 0x6E, 0x64, 0xAE, 0x24,
    0x36, 0x32, 0xE2, 0x56, 0x32, 0xF8, 0x84, 0x62, 0x26, 0x41, 0xF1, 0x6A, 0x85, 0x33, 0xA9, 0x23,
    0x5C, 0x0C, 0xDF, 0x28, 0x98, 0xFD, 0x5B, 0x8A, 0xEE, 0x27, 0x0B, 0x55, 0xB2, 0x1F, 0x14, 0xF6,
    0xB5, 0x95, 0x80, 0x89, 0x46, 0x14, 0x6B, 0x19, 0x0B, 0xA2, 0x64, 0x1B, 0x53, 0xCF, 0xB4, 0x31,
    0xDC, 0xEC, 0xDC, 0xD3, 0x02, 0x4E, 0x76, 0x90, 0x77, 0x64, 0x54, 0x0B, 0x43, 0x9B, 0xF0, 0xB3,
    0x8D, 0xB8, 0xC5, 0x2D, 0x05, 0xFC, 0xAC, 0x10, 0x0E, 0xF0, 0xB3, 0x42, 0x28, 0x30, 0x8D, 0x7E,
    0x46, 0x70, 0xD1, 0x6C, 0xD8, 0xED, 0x74, 0xC5, 0x1C, 0x9B, 0x40, 0x02, 0x4E, 0xE5, 0x81, 0x7E,
    0xCD, 0x34, 0xD3, 0xA3, 0x5D, 0x5B, 0x20, 0xEA, 0xBF, 0x42, 0x2F, 0x30, 0x20, 0x30, 0xD5, 0x1B,
    0xC8, 0x69, 0x02, 0x35, 0xBA, 0x92, 0x6B, 0xB4, 0x0D, 0x60, 0x9E, 0x40, 0x02, 0x1A, 0x05, 0x2F,
    0xDA, 0x7C, 0x85, 0x43, 0x29, 0x9D, 0x4A, 0x65, 0x7A, 0x47, 0x7A, 0x9E, 0x88, 0xE5, 0x89, 0x5A,
    0x9E, 0xC8, 0x3D, 0x42, 0xBF, 0x2A, 0x86, 0x03, 0xF5, 0xAB, 0xA2, 0x06, 0xC3, 0x88, 0xAA, 0x06,
    0xB7, 0x98, 0x4D, 0xF7, 0xEC, 0xAF, 0x26, 0x30, 0xAA, 0x00, 0xE4, 0xFA, 0x66, 0x33, 0x37, 0x7B,
    0x0F, 0x30, 0xEC, 0xFF, 0x3C, 0x42, 0x23, 0x52, 0x90, 0x3B, 0x3B, 0xFC, 0xFE, 0x47, 0x85, 0xC9,
    0xBB, 0x37, 0x85, 0x4D, 0x5A, 0x58, 0x81, 0xA1, 0xDF, 0x61, 0xD2, 0x0A, 0xE4, 0x61, 0x04, 0x91,
    0x9E, 0x6A, 0xDF, 0xB5, 0xB0, 0xE1, 0xE9, 0x72, 0x4D, 0x36, 0x62, 0xD6, 0x36, 0xE3, 0xA5, 0x96,
    0x71, 0x12, 0x55, 0xD4, 0x14, 0x52, 0x2F, 0x2B, 0xF2, 0x9D, 0x58, 0xE7, 0x5A, 0x73, 0xA9, 0xB7,
    0xAA, 0xD7, 0xB6, 0x21, 0x2B, 0xF8, 0x1D, 0x5A, 0xFD, 0x22, 0xC1, 0xE2, 0x83, 0xC3, 0x05, 0xDF,
    0xFB, 0x27, 0x3F, 0xFC, 0x4E, 0x36, 0x6A, 0x5D, 0xA8, 0xBA, 0x39, 0x7A, 0x51, 0xF8, 0xCA, 0xF5,
    0xC0, 0xDD, 0x36, 0x3A, 0x5E, 0xB7, 0xF1, 0x84, 0x97, 0xEC, 0xF2, 0x12, 0xD8, 0x05, 0x7E, 0x6D,
    0x3B, 0x1A, 0x51, 0xC5, 0xC0, 0x04, 0x20, 0x4F, 0xC1, 0xCA, 0x02, 0x4E, 0x66, 0xD0, 0xED, 0x62,
    0x1D, 0x76, 0x23, 0x8B, 0x8D, 0x0C, 0x4A, 0x32, 0x29, 0xC9, 0xAE, 0x1E, 0x6D, 0xCA, 0xA4, 0x5B,
    0x4B, 0x55, 0x60, 0xAC, 0x93, 0x6E, 0x4B, 0x2B, 0x13, 0xBA, 0xCE, 0x68, 0x14, 0x74, 0xF8, 0xA8,
    0x96, 0xAB, 0x0D, 0xAA, 0x93, 0xDB, 0xA5, 0x4E, 0x6D, 0xA8, 0x24, 0x2F, 0xC8, 0xDA, 0xAE, 0xF8,
    0xB1, 0x59, 0x19, 0x30, 0x2B, 0x1B, 0x26, 0x55, 0xB9, 0x80, 0x89, 0xD4, 0xB9, 0x59, 0xA8, 0xB2,
    0x0D, 0x05, 0x5C, 0x0F, 0xD9, 0x03, 0xDB, 0x25, 0xB0, 0x27, 0x60, 0x8A, 0xC0, 0x30, 0x7F, 0x54,
    0x47, 0x8F, 0x92, 0xA6, 0x46, 0x66, 0xBF, 0x57, 0xA9, 0xB8, 0xD6, 0xAE, 0x75, 0x66, 0xA3, 0x59,
    0x4D, 0xAE, 0x53, 0x39, 0xB4, 0xD9, 0xA8, 0xE9, 0x36, 0xB7, 0x4B, 0x39, 0x38, 0x25, 0x36, 0xEB,
    0xDD, 0xEC, 0x46, 0x4C, 0xBA, 0x50, 0x72, 0x93, 0xD6, 0x7C, 0x05, 0xF5, 0x87, 0xF1, 0x22, 0x43,
    0xFD, 0x78, 0xB9, 0x5A, 0xA1, 0x96, 0xA0, 0x77, 0xAA, 0x64, 0x1C, 0x66, 0x3D, 0x30, 0x04, 0x60,
    0x3F, 0x2C, 0xCB, 0x78, 0xF4, 0x64, 0x76, 0x52, 0x70, 0x75, 0x1B, 0x38, 0x7D, 0x9E, 0xB1, 0x51,
    0xF5, 0xB4, 0xF1, 0x0A, 0x30, 0x1F, 0x26, 0x94, 0x67, 0x01, 0x90, 0x11, 0x45, 0x05, 0x6D, 0x2C,
    0xB4, 0x12, 0x00, 0xF7, 0xCD, 0x05, 0x38, 0x6F, 0x23, 0xE8, 0x5B, 0x31, 0x34, 0xA5, 0xFF, 0x30,
    0x6C, 0x7A, 0x59, 0x36, 0x27, 0x6A, 0x60, 0x2B, 0x41, 0x4F, 0xF4, 0x36, 0xD6, 0xA9, 0x70, 0x37,
    0x91, 0x66, 0xD5, 0x22, 0x92, 0xD3, 0x65, 0x75, 0x0E, 0xEC, 0x19, 0x90, 0xC3, 0x98, 0xDF, 0xAA,
    0xB7, 0x95, 0xC8, 0x4E, 0x2D, 0x22, 0x98, 0xF7, 0xBF, 0xBC, 0x63, 0x96, 0x36, 0x63, 0xE6, 0x2E,
    0xC2, 0x51, 0xA7, 0xF4, 0x60, 0x36, 0xC0, 0x26, 0xC0, 0x2D, 0xC0, 0x14, 0x74, 0x1A, 0x7F, 0x41,
    0x93, 0xB9, 0xC0, 0xAE, 0x24, 0xFC, 0xCF, 0xBF, 0xBC, 0xE2, 0x45, 0xA2, 0xC2, 0x02, 0x00, 0xD8,
    0x1D, 0xBB, 0xD1, 0xFD, 0x27, 0x6E, 0xC4, 0xF7, 0x78, 0x18, 0xE0, 0x0A, 0x2E, 0x21, 0x6B, 0x54,
    0xE9, 0x99, 0xD7, 0xB8, 0x76, 0xC6, 0x06, 0x6E, 0xDE, 0x16, 0x93, 0xC6, 0xA7, 0xEF, 0xF1, 0x12,
    0x78, 0x0D, 0x3D, 0x6F, 0x83, 0x0E, 0x6B, 0x16, 0x4C, 0xD4, 0xB9, 0x64, 0xB8, 0x80, 0x73, 0xF0,
    0xE8, 0x1C, 0xAB, 0x23, 0x6E, 0x2E, 0x1F, 0x02, 0x6E, 0xFD, 0x36, 0x37, 0xE3, 0x46, 0xDE, 0x86,
    0x0E, 0xCF, 0xA8, 0x80, 0x55, 0x05, 0x1C, 0x2B, 0x2B, 0x1C, 0x85, 0x3F, 0x5E, 0xA8, 0x7F, 0x19,
    0x31, 0xFF, 0xB3, 0xD2, 0xCC, 0x19, 0x1B, 0x2E, 0xB1, 0xA3, 0xE7, 0x78, 0x1B, 0xEE, 0xC6, 0xFB,
    0xF7, 0xEF, 0x23, 0x22, 0xA3, 0x26, 0x7C, 0x8E, 0x4B, 0x06, 0xBA, 0x60, 0x02, 0x3D, 0xDD, 0x4F,
    0x22, 0x22, 0xB3, 0xD9, 0xA6, 0xD0, 0x46, 0x17, 0xEC, 0xEC, 0x7B, 0x17, 0x3C, 0x7E, 0x1C, 0xF0,
    0xBD, 0xE0, 0xEB, 0x1D, 0xFF, 0x27, 0xFB, 0x8B, 0xFE, 0xE1, 0xB0, 0xFA, 0xEC, 0x97, 0x76, 0x71,
    0xFD, 0xED, 0x0D, 0xBA, 0x1D, 0x3E, 0xB5, 0xF3, 0xB1, 0x37, 0x9E, 0x73, 0xCC, 0xFF, 0x4A, 0x30,
    0xEF, 0x4D, 0xA1, 0xD9, 0xBA, 0xD0, 0xAE, 0x5D, 0xB0, 0xB1, 0xE4, 0xEC, 0x42, 0x17, 0x0A, 0xAF,
    0x72, 0x8E, 0x1B, 0xFE, 0xDD, 0xC4, 0x20, 0x0B, 0x7F, 0x33, 0xF5, 0x70, 0x67, 0x65, 0xCA, 0xE6,
    0xFA, 0xA2, 0x5D, 0x9E, 0xB3, 0xE1, 0xE8, 0x89, 0xC6, 0x50, 0x70, 0xFC, 0x4B, 0xFF, 0x8B, 0xE8,
    0x64, 0x6E, 0x36, 0xE0, 0x4E, 0x84, 0x61, 0x85, 0xAF, 0xAD, 0xA8, 0x59, 0x34, 0x11, 0xDA, 0x85,
    0xEE, 0xED, 0x19, 0x91, 0xF0, 0x2B, 0xF9, 0xE3, 0xB3, 0xF2, 0xF7, 0xDF, 0x28, 0x5F, 0x6F, 0x29,
    0xE5, 0x96, 0x5B, 0x3B, 0xE7, 0x2E, 0x24, 0xF7, 0x85, 0xE8, 0xCB, 0x94, 0x8D, 0xE1, 0x01, 0x9E,
    0xBF, 0xF2, 0x8F, 0xD6, 0xEE, 0xB8, 0x25, 0x9C, 0xCE, 0x50, 0xCB, 0x0A, 0xCD, 0xFF, 0x15, 0xB0,
    0xF3, 0x3D, 0xE8, 0x9E, 0xEE, 0x4D, 0xD5, 0x24, 0x60, 0x65, 0x87, 0x5B, 0xD3, 0x6B, 0xC0, 0x04,
    0xB0, 0x2B, 0x6C, 0x1C, 0x96, 0x50, 0x2B, 0x98, 0xA4, 0xB0, 0x2A, 0x44, 0x0E, 0xD9, 0xAA, 0x5B,
    0xE9, 0xE0, 0x79, 0xA5, 0x3B, 0x19, 0x46, 0x18, 0x76, 0xC0, 0xFD, 0x0C, 0xA0, 0xD6, 0x26, 0x39,
    0x91, 0x9E, 0xE1, 0xD1, 0xFB, 0xB0, 0xEB, 0xBC, 0xFC, 0x04, 0xDA, 0x02, 0xD3, 0x14, 0xD4, 0xFD,
    0xA7, 0xAB, 0xFE, 0x0A, 0x60, 0x1A, 0xE1, 0xB6, 0x6C, 0xE0, 0xFE, 0x76, 0x0A, 0x9C, 0x63, 0x17,
    0xAE, 0x14, 0x86, 0x6F, 0x0D, 0x41, 0x99, 0x8E, 0xF7, 0x0C, 0xEA, 0x4D, 0x15, 0x1F, 0x7D, 0x63,
    0xBB, 0xE9, 0x5B, 0xBD, 0x9E, 0xF6, 0xE6, 0x97, 0x12, 0xCC, 0xE3, 0x87, 0xA1, 0xD9, 0x4B, 0xDF,
    0x92, 0x2B, 0x7D, 0xF3, 0xA3, 0x5D, 0x7C, 0xDF, 0x85, 0x01, 0x17, 0xAE, 0xB4, 0x6F, 0x2F, 0xFA,
    0x5E, 0xE2, 0x80, 0x2C, 0x13, 0x57, 0x3D, 0x2F, 0xC3, 0x04, 0x02, 0x17, 0x00, 0x80, 0xEE, 0x97,
    0x89, 0x17, 0xD2, 0xD3, 0xD7, 0xAC, 0x45, 0x2B, 0xD4, 0xA5, 0x1C, 0x70, 0x7F, 0x87, 0xDF, 0xF4,
    0x6A, 0xF7, 0x00, 0x68, 0xB5, 0x80, 0x05, 0xDC, 0x0C, 0x76, 0xE4, 0xE6, 0x97, 0x1E, 0x5A, 0x39,
    0x8E, 0x68, 0x6A, 0x69, 0xDB, 0xC7, 0x57, 0xD8, 0x33, 0xCD, 0x57, 0xFA, 0xE7, 0xDC, 0xC8, 0xA5,
    0x2A, 0xC9, 0xE0, 0x17, 0xB8, 0x7D, 0x14, 0xC9, 0xAD, 0x9B, 0x22, 0xA9, 0x9E, 0x14, 0x39, 0xE8,
    0xE2, 0x1C, 0xCD, 0x7B, 0x0F, 0xC7, 0x26, 0xDB, 0xB1, 0x8D, 0x0E, 0x3B, 0x5F, 0x62, 0xDF, 0x8D,
    0x74, 0x02, 0xEE, 0x61, 0x8F, 0xFF, 0xD2, 0x8C, 0x6F, 0xB7, 0x7E, 0xA8, 0x65, 0xBC, 0xE2, 0xAA,
    0x70, 0xD9, 0xFD, 0xD6, 0x46, 0xAE, 0x72, 0xFD, 0xF4, 0x5F, 0x82, 0xD1, 0x3E, 0xF9, 0xA7, 0x60,
    0x17, 0xDC, 0xE8, 0xFF, 0xD4, 0x67, 0xBF, 0x3A, 0x65, 0xEA, 0x2F, 0xF1, 0xAB, 0xFC, 0x48, 0x78,
    0xE1, 0x03, 0x79, 0x5B, 0x30, 0x62, 0xF3, 0x80, 0xD9, 0x6C, 0x9C, 0x68, 0x52, 0x37, 0xEF, 0xE8,
    0xA3, 0x95, 0x29, 0x86, 0x7E, 0xBE, 0xE0, 0x3C, 0xD4, 0x09, 0x1B, 0x26, 0xB3, 0x8E, 0x5D, 0xB8,
    0x32, 0x52, 0xB8, 0x36, 0x23, 0xA3, 0xEF, 0x73, 0x7D, 0xCD, 0x9D, 0xD5, 0x05, 0x9F, 0x64, 0x31,
    0x8F, 0xDF, 0x5B, 0x8C, 0xB4, 0x8B, 0xC9, 0x76, 0x2E, 0x1C, 0xC7, 0xC3, 0xB9, 0x78, 0x5D, 0xE1,
    0xDA, 0x94, 0xE7, 0x4B, 0x96, 0x36, 0x0D, 0xD1, 0xF7, 0x7E, 0xE4, 0x4E, 0x02, 0x11, 0xCC, 0x36,
    0x69, 0xD3, 0x54, 0x5D, 0xD0, 0x77, 0x6F, 0xBD, 0x56, 0xB2, 0x1F, 0x7A, 0x7D, 0x1A, 0x36, 0xFC,
    0xA3, 0x44, 0x27, 0x0B, 0xF5, 0xAE, 0x36, 0x37, 0x6B, 0x23, 0xA7, 0x19, 0xFF, 0x83, 0x0D, 0xBF,
    0xEC, 0xF8, 0xB0, 0x33, 0xF4, 0x1B, 0x13, 0xC7, 0x5B, 0x79, 0x36, 0x6B, 0x95, 0xDB, 0x58, 0xEF,
    0x43, 0x30, 0xCA, 0xFD, 0x38, 0x1D, 0xB6, 0x47, 0xB0, 0x0B, 0xF8, 0x1D, 0x26, 0x81, 0x9B, 0x0D,
    0xE4, 0x63, 0x4F, 0x60, 0x3F, 0x1D, 0x4F, 0xA0, 0xD9, 0x18, 0xBE, 0x78, 0x89, 0xDF, 0x2F, 0xF0,
    0x29, 0xD3, 0xCE, 0x1F, 0x35, 0xE4, 0xE8, 0xA7, 0x53, 0xA2, 0xBD, 0xD4, 0x7D, 0x82, 0x4F, 0x42,
    0xFD, 0x41, 0xC9, 0xC7, 0x3D, 0x66, 0xE7, 0x78, 0x9F, 0x59, 0x6F, 0xEE, 0x69, 0x67, 0xE8, 0x02,
    0xB8, 0x92, 0x7E, 0x04, 0xAD, 0x7B, 0xDA, 0xEA, 0xEB, 0x4B, 0x13, 0x3F, 0x69, 0x32, 0xB5, 0xF4,
    0x4C, 0x33, 0xDD, 0xFA, 0x49, 0x93, 0x7C, 0x9D, 0xFC, 0xBB, 0x4F, 0x36, 0x8F, 0x1D, 0x5E, 0x3E,
    0x76, 0x77, 0x6E, 0xCB, 0xEA, 0x65, 0x7D, 0xE1, 0xFA, 0x9E, 0x59, 0xB5, 0x96, 0x56, 0x43, 0x89,
    0x0B, 0x6F, 0xF7, 0xC3, 0xA5, 0x38, 0x63, 0x65, 0x6C, 0x12, 0x77, 0x62, 0x13, 0xFD, 0x6A, 0x97,
    0x17, 0x56, 0x3B, 0x9B, 0x68, 0x43, 0x13, 0x8B, 0xFD, 0xBF, 0xB2, 0xDE, 0x06, 0x29, 0x63, 0x05,
    0xF7, 0xC6, 0xF4, 0x92, 0x17, 0x9F, 0x5C, 0xF6, 0xD1, 0x2E, 0x5D, 0x7F, 0x27, 0x0C, 0x0C, 0x71,
    0x18, 0xBF, 0x12, 0xFD, 0x68, 0x56, 0x57, 0xD2, 0xF7, 0x45, 0x02, 0x75, 0x3A, 0xA3, 0x4A, 0x99,
    0xEA, 0xC3, 0x08, 0x32, 0x83, 0x8C, 0xB0, 0x03, 0x09, 0xD0, 0x0A, 0xC2, 0x59, 0x13, 0xA7, 0x65,
    0x30, 0x6B, 0x99, 0x69, 0x92, 0x89, 0xFE, 0xD5, 0xB5, 0xCC, 0xFD, 0x7A, 0xAC, 0x57, 0xFF, 0x56,
    0xAC, 0xD2, 0xF4, 0xA3, 0xB9, 0x4A, 0xF2, 0x6F, 0x81, 0x0F, 0xDF, 0x7D, 0xBB, 0x47, 0x7E, 0xBC,
    0x83, 0x7C, 0x31, 0xC3, 0xA6, 0x9E, 0xA4, 0x26, 0x00, 0x40, 0x75, 0x51, 0x5A, 0x25, 0xCD, 0x76,
    0x6B, 0xB0, 0xFF, 0x82, 0xBB, 0x84, 0x2E, 0x81, 0x7D, 0xDA, 0x2D, 0x35, 0x39, 0xC1, 0x59, 0xE6,
    0x8F, 0xD7, 0xFD, 0x39, 0xBF, 0x4C, 0x45, 0x9B, 0x7F, 0x80, 0x4A, 0x66, 0x88, 0xBA, 0x7C, 0x14,
    0x54, 0x35, 0x2A, 0x1B, 0xD5, 0x4D, 0x95, 0xCE, 0x14, 0x32, 0x90, 0x57, 0x40, 0x16, 0x85, 0xA0,
    0xF0, 0xD1, 0x26, 0xB7, 0x02, 0xCD, 0x0C, 0x27, 0xA7, 0x3D, 0x0C, 0x19, 0x70, 0x0F, 0x80, 0x6A,
    0xB7, 0x63, 0x23, 0x12, 0xDA, 0x47, 0x42, 0x3B, 0x6E, 0xDC, 0x36, 0xEB, 0xD1, 0x3B, 0x3F, 0xC2,
    0x15, 0x85, 0xFF, 0x13, 0xB4, 0x8B, 0xA5, 0xFB, 0x70, 0xC0, 0x8B, 0x70, 0xA2, 0xCB, 0xB7, 0xBA,
    0x47, 0xB7, 0x32, 0x44, 0x36, 0xAA, 0xA4, 0xD4, 0x75, 0x89, 0xA8, 0x71, 0x6C, 0x26, 0x7E, 0xC4,
    0xF7, 0xD8, 0x80, 0xC6, 0x88, 0x03, 0x0F, 0x77, 0xE1, 0x42, 0x83, 0xAB, 0x7B, 0x3A, 0xB5, 0x9B,
    0x39, 0x2E, 0x68, 0x9C, 0xC0, 0x99, 0x5E, 0x23, 0x43, 0x52, 0xCE, 0x83, 0xD0, 0x94, 0x58, 0x54,
    0x75, 0x1B, 0x6E, 0xD8, 0xBA, 0xFE, 0x98, 0xC7, 0xEF, 0x02, 0xB7, 0x60, 0x98, 0x99, 0x74, 0xE8,
    0xCD, 0x84, 0x63, 0x74, 0xD7, 0xA3, 0x31, 0x62, 0x17, 0xDC, 0xCC, 0xF9, 0xC1, 0x7F, 0x13, 0x95,
    0x2E, 0x1E, 0x64, 0x66, 0xEF, 0xA1, 0x84, 0x4D, 0xED, 0xE8, 0xE5, 0xE1, 0x78, 0xD2, 0x09, 0x9F,
    0xAD, 0x13, 0x00, 0xFF, 0x0F, 0xBD, 0x99, 0x01, 0xA4, 0x27, 0x49, 0x7E, 0xC7, 0x3F, 0xDD, 0x35,
    0xB7, 0xBD, 0xAB, 0xDC, 0xD6, 0x90, 0x89, 0xBB, 0x64, 0xB2, 0xD7, 0x8B, 0xC3, 0x92, 0x99, 0xA9,
    0xC3, 0x60, 0x24, 0x33, 0xAF, 0x2A, 0xB7, 0x64, 0xC8, 0xE1, 0x06, 0x37, 0x42, 0x8E, 0x38, 0x80,
    0x08, 0x66, 0xB1, 0x48, 0x98, 0x37, 0x5D, 0x77, 0x8B, 0x3B, 0x82, 0x1D, 0x88, 0x20, 0xC8, 0x22,
    0x00, 0xEC, 0x62, 0x31, 0xC7, 0x9B, 0xD7, 0xB5, 0x7B, 0x58, 0x1C, 0xB6, 0x4F, 0xC4, 0x92, 0xC3,
    0x74, 0xEC, 0x26, 0x8B, 0xC3, 0x56, 0xF6, 0x7A, 0x6D, 0xBD, 0x9D, 0xEE, 0xFE, 0xA5, 0xCB, 0x7B,
    0x7F, 0x3B, 0xE3, 0x92, 0xB0, 0x3B, 0xF7, 0x52, 0x53, 0xF5, 0x35, 0xAF, 0x5F, 0xFD, 0x3E, 0xDF,
    0x6F, 0x57, 0x77, 0x57, 0xBF, 0xF7, 0x7F, 0x5C, 0x82, 0x0E, 0x7A, 0xD8, 0x87, 0xAF, 0xC3, 0x6D,
    0x38, 0x80, 0x5C, 0x7A, 0x95, 0xA9, 0x27, 0xD4, 0xD6, 0x13, 0x3A, 0x61, 0x46, 0xCC, 0x80, 0x8D,
    0x38, 0x80, 0x17, 0xA0, 0xCC, 0xE5, 0x1E, 0x30, 0x01, 0x09, 0xCE, 0xAF, 0x20, 0x12, 0x1B, 0xF9,
    0x28, 0x9A, 0xF7, 0xDF, 0xC2, 0xBE, 0x12, 0x70, 0x8D, 0xA7, 0xD3, 0xD0, 0x99, 0xE3, 0xE1, 0xFE,
    0x52, 0xE3, 0xD6, 0x8E, 0x56, 0x32, 0x4A, 0x86, 0xDF, 0x40, 0x54, 0x65, 0xDC, 0x00, 0xD0, 0x47,
    0x40, 0x27, 0x50, 0xAD, 0x9D, 0x47, 0xA5, 0x16, 0xF4, 0xF8, 0x7B, 0x60, 0x22, 0x60, 0x23, 0xA8,
    0xCD, 0x8A, 0xA6, 0x48, 0xD5, 0xDF, 0x04, 0x3A, 0x80, 0x43, 0x80, 0x79, 0x27, 0x7F, 0x74, 0x74,
    0xF3, 0x80, 0x4E, 0x24, 0xE3, 0xFE, 0xB4, 0x1F, 0x79, 0x0A, 0xBE, 0x69, 0xFE, 0x2E, 0xCF, 0x5A,
    0x64, 0xAA, 0xD7, 0x2E, 0xD6, 0xC9, 0x44, 0x35, 0x98, 0xD0, 0xC4, 0x6D, 0x0C, 0x76, 0xB3, 0x14,
    0x9C, 0x48, 0x38, 0xE8, 0xFE, 0x61, 0x78, 0x9E, 0x2A, 0xF4, 0xD2, 0x8A, 0x97, 0xA5, 0x15, 0xEC,
    0xA8, 0x26, 0xCC, 0x68, 0x06, 0x74, 0x6A, 0x03, 0xCD, 0xE4, 0x40, 0xE5, 0x19, 0xFE, 0x70, 0x59,
    0x03, 0xA5, 0x06, 0xFA, 0x00, 0x56, 0x04, 0x9C, 0xAC, 0xBB, 0x24, 0xCB, 0x2E, 0x49, 0x2B, 0x11,
    0x5C, 0x11, 0x2C, 0xB8, 0xD2, 0xD9, 0x83, 0x7D, 0x38, 0x80, 0xB9, 0x74, 0x32, 0x8F, 0xB6, 0x66,
    0x40, 0x47, 0xCC, 0x71, 0x0F, 0xB4, 0xFE, 0xF3, 0x3A, 0x9E, 0x5A, 0x0A, 0x8B, 0x6A, 0xE9, 0xBD,
    0x9A, 0x0C, 0x7A, 0x7A, 0x06, 0x73, 0x00, 0xCF, 0x3A, 0xCF, 0xB3, 0xE5, 0x22, 0x7D, 0x3B, 0xD3,
    0x0C, 0xF7, 0xA9, 0x27, 0x0B, 0x87, 0x06, 0xDA, 0x57, 0xA1, 0x79, 0xC0, 0x33, 0xF5, 0xCA, 0x5E,
    0x35, 0xE3, 0x5E, 0x9C, 0x70, 0xB2, 0xF1, 0x57, 0xB0, 0x3A, 0x74, 0x36, 0x5E, 0x6B, 0x37, 0xA8,
    0xDC, 0x85, 0x3B, 0x7F, 0x72, 0x40, 0x3D, 0xA0, 0xBD, 0xE6, 0xF0, 0xDB, 0xF1, 0xAB, 0x8D, 0xC4,
    0x74, 0xC1, 0xBC, 0x18, 0x5F, 0xBA, 0x62, 0x6B, 0x7F, 0xE5, 0xF2, 0x1E, 0x14, 0xE1, 0xEA, 0x65,
    0x07, 0x57, 0xAE, 0xD8, 0xE0, 0xAF, 0x5C, 0x6D, 0x25, 0xBE, 0xFC, 0x5C, 0x23, 0x21, 0x69, 0xBE,
    0x57, 0x0D, 0x2A, 0xA2, 0x3D, 0x3F, 0x65, 0x1F, 0xB4, 0x0C, 0x00, 0x50, 0x7D, 0x36, 0x68, 0x89,
    0xED, 0x77, 0xC2, 0x9E, 0xF6, 0x57, 0x0D, 0x57, 0x2D, 0x57, 0xEF, 0x3C, 0xEF, 0x3E, 0x1A, 0x7E,
    0xFF, 0xCF, 0x3C, 0x60, 0x25, 0xF6, 0xE2, 0xB9, 0x54, 0x25, 0x56, 0x9D, 0x9A, 0xC9, 0x85, 0x76,
    0x58, 0x71, 0x3F, 0x9A, 0x71, 0x6F, 0xCF, 0x98, 0xB1, 0x47, 0x25, 0xEB, 0x79, 0x53, 0x87, 0x9B,
    0x37, 0xBF, 0xD7, 0xCB, 0xB2, 0x75, 0xD8, 0xDF, 0xF5, 0x17, 0x6E, 0x7E, 0x4F, 0x56, 0x59, 0xE9,
    0x46, 0xD4, 0xF0, 0x0D, 0x9E, 0x45, 0xF9, 0x0B, 0xF2, 0x56, 0xBC, 0x7C, 0x65, 0x1C, 0xBE, 0x75,
    0x65, 0x7C, 0xED, 0x5B, 0x2E, 0xBE, 0xF1, 0xAD, 0x3F, 0x8E, 0xAF, 0x5D, 0xBE, 0x92, 0x86, 0x0B,
    0xCB, 0xDF, 0xC6, 0xF2, 0xFD, 0x32, 0xAF, 0xCC, 0xFF, 0xDD, 0x9B, 0x38, 0x09, 0x4E, 0x7C, 0x75,
    0x83, 0x76, 0x2D, 0xFF, 0xBF, 0x6F, 0x62, 0xD6, 0x71, 0xD6, 0xF1, 0xF0, 0xD6, 0x76, 0x1C, 0x9D,
    0xE1, 0xE0, 0xA4, 0xDF, 0xBC, 0xBF, 0xF3, 0x3E, 0xE0, 0xD1, 0xFE, 0x79, 0xA6, 0x3E, 0x28, 0x49,
    0xE6, 0xED, 0xA4, 0xEB, 0x44, 0x33, 0xD0, 0x06, 0x0E, 0xA9, 0x27, 0x4C, 0x28, 0x4B, 0xED, 0x24,
    0x56, 0x2B, 0x46, 0xC2, 0xB3, 0x26, 0x9C, 0x31, 0x9E, 0x43, 0xF4, 0x42, 0x65, 0xC1, 0x52, 0x1D,
    0x22, 0x99, 0xFE, 0x2E, 0x35, 0x3A, 0x9A, 0xE8, 0xFC, 0x3E, 0x6F, 0x02, 0xFC, 0x15, 0xFF, 0x0C,
    0x8B, 0x9A, 0xA8, 0xE6, 0x26, 0x51, 0xE7, 0x4D, 0xD4, 0xA4, 0x47, 0x54, 0x32, 0x43, 0x91, 0x48,
    0x93, 0xDA, 0x88, 0x4E, 0x36, 0x62, 0x52, 0xB7, 0xC9, 0x67, 0x0F, 0x7F, 0x85, 0x91, 0x77, 0x56,
    0xDA, 0xC3, 0x7A, 0xC2, 0x02, 0x38, 0x1E, 0x7B, 0x2E, 0x32, 0x00, 0x55, 0x2F, 0x01, 0x23, 0xE2,
    0xE9, 0x96, 0x09, 0x64, 0xDE, 0xF0, 0x92, 0x37, 0xBC, 0x7C, 0x32, 0x6E, 0xF2, 0xF1, 0xB0, 0xC9,
    0xAF, 0xE3, 0xB1, 0xD4, 0xF2, 0x7E, 0x04, 0x79, 0x2F, 0xC0, 0xEF, 0xFC, 0xDC, 0x83, 0x7A, 0x17,
    0x68, 0x5E, 0x05, 0xF4, 0x77, 0x01, 0x73, 0xB1, 0xC8, 0x55, 0xE0, 0xD2, 0x04, 0x3F, 0xE8, 0x46,
    0xE8, 0x3F, 0x01, 0x6C, 0x00, 0x8C, 0x77, 0xD1, 0x85, 0x4B, 0xE8, 0xD0, 0x0E, 0x2A, 0xEA, 0x70,
    0x87, 0xB3, 0x40, 0x75, 0xDF, 0xCC, 0x5F, 0x99, 0xC9, 0x4C, 0x55, 0xAA, 0x93, 0x4A, 0x6A, 0xB4,
    0xB9, 0x9B, 0xE9, 0xBD, 0x92, 0x68, 0x7E, 0x36, 0xB4, 0xDB, 0xD7, 0x6A, 0xD8, 0xD3, 0xD1, 0xB6,
    0xDE, 0xAC, 0xD4, 0xAF, 0x01, 0x58, 0xF1, 0xFD, 0x4A, 0x13, 0xAE, 0xD2, 0x24, 0x47, 0x3D, 0xB7,
    0x11, 0xD1, 0x89, 0xBE, 0x49, 0xF5, 0xD2, 0x8E, 0x3A, 0x75, 0xDE, 0xFE, 0x70, 0xE6, 0x62, 0x35,
    0x02, 0x50, 0x01, 0x5F, 0x07, 0x1D, 0xD0, 0x0B, 0xB4, 0x01, 0x33, 0x83, 0x03, 0x32, 0xCC, 0xC0,
    0x44, 0x3D, 0x41, 0x35, 0xA1, 0x46, 0xA8, 0x13, 0x26, 0xE8, 0xA0, 0x12, 0x16, 0x17, 0xD4, 0xC8,
    0x6D, 0xC4, 0xB7, 0x99, 0xA9, 0x7E, 0x40, 0x37, 0xAB, 0x51, 0xB7, 0x80, 0x8E, 0x17, 0x2E, 0x01,
    0xAD, 0xFF, 0xE9, 0x1D, 0x0F, 0x7B, 0xB5, 0x48, 0x84, 0xB9, 0x12, 0x89, 0xA5, 0x9E, 0x03, 0xD0,
    0x23, 0xDC, 0x03, 0x13, 0xE1, 0x07, 0x50, 0xB3, 0x6B, 0x67, 0x8E, 0xB3, 0xEC, 0x41, 0xC9, 0x72,
    0x48, 0xC9, 0x52, 0x65, 0x60, 0x46, 0x25, 0x20, 0xA3, 0x63, 0xC9, 0xB2, 0xB1, 0x4B, 0x96, 0x8D,
    0xBD, 0xA2, 0x12, 0xB9, 0x95, 0x2D, 0x4B, 0x9D, 0xDC, 0xEB, 0xF1, 0xFC, 0x07, 0x4D, 0xBC, 0x6A,
    0x42, 0x37, 0x1B, 0x4F, 0x0B, 0x05, 0x75, 0x1B, 0x38, 0xA0, 0x1E, 0x29, 0x85, 0xDA, 0x43, 0x33,
    0x72, 0xE7, 0x66, 0x71, 0xDF, 0x22, 0x81, 0xA3, 0x92, 0x15, 0x2E, 0xEE, 0x12, 0xEC, 0xDA, 0x33,
    0x50, 0xAD, 0x60, 0x02, 0x5A, 0x02, 0x0E, 0xCC, 0x3F, 0x45, 0xEE, 0xC3, 0x33, 0x3A, 0x94, 0x48,
    0xD8, 0xE2, 0xCC, 0x53, 0x33, 0x3A, 0x42, 0xD3, 0xD3, 0xFA, 0xA7, 0x8A, 0xE5, 0x1E, 0x36, 0xE0,
    0x38, 0xA0, 0xF7, 0x7F, 0xB1, 0x56, 0xA9, 0x7E, 0x80, 0xE4, 0x66, 0xD0, 0x2D, 0x7D, 0x30, 0xA1,
    0xAC, 0x0B, 0x8E, 0xB2, 0x2E, 0xDC, 0x2F, 0xEB, 0x42, 0x95, 0xCB, 0xBA, 0x50, 0x50, 0x07, 0x60,
    0x22, 0xDC, 0x83, 0x36, 0x3C, 0xBA, 0x2E, 0x8F, 0xBE, 0x70, 0x80, 0x05, 0x25, 0x54, 0x1D, 0xEC,
    0x53, 0x65, 0xF4, 0x80, 0xF5, 0x27, 0xFB, 0xE2, 0xFD, 0x67, 0xE8, 0x56, 0xDC, 0x82, 0x9E, 0x00,
    0x00, 0xBE, 0x01, 0x94, 0x40, 0xD0, 0x26, 0xA0, 0x9E, 0x01, 0xCE, 0xB1, 0x6B, 0xF7, 0x00, 0x35,
    0x03, 0xBA, 0x48, 0xBB, 0x00, 0x7B, 0x87, 0xC0, 0xED, 0x22, 0xB9, 0x83, 0x3A, 0x39, 0x68, 0x06,
    0xE7, 0x31, 0xD1, 0x05, 0x6C, 0xC9, 0xEA, 0x8A, 0x2C, 0xD8, 0x58, 0x65, 0xDA, 0x41, 0x25, 0xDA,
    0xD1, 0x2E, 0xC8, 0xD2, 0xAD, 0xB5, 0x2C, 0x00, 0x00, 0x4D, 0x00, 0x6C, 0x84, 0x4A, 0x02, 0x34,
    0x47, 0x40, 0xED, 0x4F, 0xD7, 0xF7, 0x1C, 0xC0, 0x02, 0x28, 0xF1, 0x60, 0xDE, 0x8D, 0xD0, 0xA9,
    0xA1, 0x1C, 0xF7, 0xA7, 0xE9, 0xAB, 0xDF, 0x8A, 0x60, 0x3F, 0x1D, 0x60, 0x4F, 0x22, 0xBC, 0xB0,
    0x07, 0x00, 0xA7, 0x69, 0xD9, 0x5E, 0x8F, 0xE0, 0xBE, 0x5B, 0x2C, 0x4D, 0x38, 0x75, 0xB7, 0x6A,
    0x01, 0x1A, 0x01, 0x8C, 0xF6, 0x45, 0x00, 0xBD, 0x02, 0x75, 0x3E, 0x55, 0x5F, 0x25, 0x22, 0x03,
    0x54, 0x52, 0xA6, 0x41, 0xF7, 0xC9, 0xF7, 0x23, 0xF0, 0x30, 0x35, 0x01, 0xD4, 0x87, 0xE3, 0x53,
    0x80, 0xFE, 0xF9, 0x00, 0x60, 0x4D, 0x04, 0xD8, 0x37, 0x32, 0x41, 0x95, 0xAD, 0x24, 0x50, 0xC9,
    0xFD, 0xFD, 0x0D, 0x8E, 0x37, 0x6E, 0x8A, 0x1F, 0x40, 0x7F, 0xB3, 0xE7, 0x22, 0xD5, 0xCC, 0x21,
    0xD7, 0x68, 0x12, 0xEB, 0xCD, 0x19, 0x9B, 0xB5, 0x48, 0xA6, 0x9F, 0x5B, 0x91, 0x52, 0xDE, 0x67,
    0x68, 0x45, 0xA0, 0xFB, 0x8F, 0x9E, 0x7A, 0xC5, 0xD1, 0x64, 0xAE, 0x61, 0x12, 0xDF, 0xA4, 0x1D,
    0x00, 0x1B, 0x01, 0xF7, 0x3F, 0xC9, 0xC8, 0xE5, 0x0D, 0x57, 0xE7, 0xE2, 0x9A, 0x68, 0x4A, 0x6E,
    0xBA, 0x23, 0x00, 0x00, 0x3D, 0x00, 0x66, 0x04, 0x54, 0x11, 0x1D, 0x61, 0xE3, 0x02, 0xDC, 0x00,
    0x98, 0x80, 0x6A, 0x05, 0xE8, 0x23, 0xD0, 0x0C, 0x3C, 0xD2, 0x44, 0xC4, 0x57, 0x45, 0xB0, 0xFF,
    0x7A, 0xAB, 0xD8, 0xB5, 0xE0, 0xC2, 0x73, 0xD0, 0x79, 0x36, 0x01, 0xE8, 0x65, 0x04, 0x91, 0x01,
    0xD6, 0x9B, 0x9E, 0x6A, 0x01, 0xEA, 0x99, 0xB3, 0xA8, 0x99, 0x37, 0x51, 0x99, 0x89, 0xE6, 0xE8,
    0xCF, 0x13, 0x5D, 0x89, 0xD6, 0x97, 0x79, 0xC0, 0xD3, 0x00, 0xB7, 0x77, 0xD7, 0xCE, 0x4E, 0xC0,
    0x9E, 0x3F, 0x7D, 0x5F, 0x3C, 0xA0, 0x47, 0xC0, 0x66, 0xE0, 0xFE, 0x7D, 0x50, 0xD3, 0x25, 0xA8,
    0xFC, 0x99, 0x53, 0xF5, 0xCD, 0x7B, 0x65, 0xCE, 0xBA, 0x49, 0x3A, 0x38, 0xF5, 0xB3, 0x7C, 0x1E,
    0xF6, 0xA1, 0x0F, 0xD8, 0x91, 0x2A, 0xED, 0x9C, 0xD6, 0x4A, 0x66, 0xEC, 0x80, 0x8B, 0x94, 0x1E,
    0x8A, 0x45, 0x0F, 0x02, 0x2B, 0xD5, 0xD6, 0x97, 0x82, 0x55, 0x5B, 0xCF, 0x74, 0xE2, 0x7B, 0xF1,
    0x50, 0x01, 0x16, 0x2A, 0x01, 0xBD, 0x80, 0xB9, 0x0B, 0xB0, 0xC3, 0x51, 0x78, 0x05, 0x88, 0x8B,
    0x27, 0x23, 0x50, 0xA0, 0xF4, 0x80, 0x00, 0x2B, 0x05, 0x5C, 0xC8, 0x05, 0x5D, 0xD8, 0x05, 0x5E,
    0xE8, 0x14, 0x3C, 0xDC, 0x38, 0x3E, 0x60, 0x16, 0x70, 0x0E, 0x66, 0xE3, 0xB9, 0x51, 0xFD, 0xF6,
    0xF8, 0xFB, 0xAD, 0x67, 0x75, 0x9E, 0x7B, 0x7B, 0xBF, 0xDD, 0xDC, 0xB7, 0x64, 0x44, 0x89, 0xAC,
    0x34, 0xFD, 0xBF, 0x49, 0x59, 0x4D, 0x37, 0xE2, 0x82, 0x49, 0x38, 0xAF, 0xA7, 0x8D, 0xD4, 0x4C,
    0xF4, 0x34, 0xD9, 0xCA, 0xD2, 0x4C, 0x56, 0x66, 0x3D, 0xB1, 0x60, 0x52, 0x35, 0xD3, 0x8E, 0x1B,
    0xCF, 0x45, 0x35, 0x57, 0xE2, 0xD5, 0x72, 0x6B, 0xC1, 0x8A, 0x8C, 0xF4, 0x72, 0x04, 0xA0, 0x7F,
    0x14, 0x00, 0xF7, 0x30, 0x02, 0xFB, 0x12, 0x80, 0xCB, 0x7B, 0x3C, 0xDE, 0x64, 0x68, 0x64, 0xA8,
    0x24, 0x35, 0x12, 0xB0, 0x13, 0x33, 0xB8, 0x4C, 0xD1, 0x99, 0x0C, 0x6E, 0xAD, 0xA6, 0x52, 0x5A,
    0x27, 0x38, 0xE8, 0x5E, 0x49, 0x30, 0xBB, 0x9F, 0x15, 0xB5, 0xEF, 0x8D, 0x54, 0xD9, 0x7C, 0x3A,
    0x50, 0x4F, 0x5A, 0x22, 0x2A, 0x29, 0x29, 0x5A, 0x4B, 0xD8, 0x94, 0x02, 0x5B, 0xE8, 0x3D, 0xFD,
    0x42, 0xC7, 0xE3, 0x6D, 0xDC, 0xBD, 0xBA, 0xB7, 0xC4, 0x80, 0x8D, 0x40, 0x15, 0x00, 0x80, 0xAA,
    0x1F, 0xC1, 0xCA, 0x0A, 0xF2, 0x9F, 0x12, 0xD4, 0x4A, 0x17, 0x75, 0xC6, 0x0D, 0x26, 0x61, 0x47,
    0x3B, 0x6E, 0xE2, 0x86, 0x22, 0xF1, 0x58, 0xDC, 0x50, 0x24, 0x6E, 0xD2, 0x07, 0x37, 0x20, 0xD8,
    0xA4, 0x16, 0xCC, 0x72, 0x6B, 0x42, 0x1D, 0x6F, 0x58, 0x99, 0x5D, 0xE3, 0xEA, 0xCE, 0xB8, 0xCD,
    0x80, 0xBB, 0x0B, 0x7C, 0x93, 0x53, 0xF5, 0x6D, 0x22, 0xD0, 0x26, 0xE0, 0xCE, 0x0C, 0x75, 0xDE,
    0x07, 0x35, 0xFC, 0x01, 0xC0, 0xE9, 0xFA, 0x9E, 0x3B, 0x03, 0xAC, 0x17, 0xE1, 0xF8, 0xD5, 0xF3,
    0x4E, 0x06, 0xF0, 0xA7, 0xEE, 0x5B, 0x4D, 0xFB, 0xA0, 0xF2, 0x02, 0xF5, 0x98, 0x4F, 0xDD, 0x0D,
    0x9E, 0x23, 0xB9, 0x17, 0x73, 0xFB, 0x20, 0x35, 0x12, 0x2B, 0x41, 0x89, 0x37, 0x32, 0xB8, 0x77,
    0x26, 0x57, 0x4D, 0x4F, 0x73, 0x03, 0x00, 0xE0, 0xD6, 0xD1, 0xB3, 0xD0, 0x88, 0x2C, 0x60, 0x8F,
    0xFA, 0x04, 0xE2, 0xDB, 0x44, 0xBD, 0x60, 0x37, 0xDC, 0x4C, 0x9F, 0xD1, 0x93, 0xFA, 0x30, 0x63,
    0x92, 0xF9, 0x71, 0xD1, 0xBD, 0xA6, 0xE8, 0xA4, 0x27, 0xCC, 0xFB, 0x25, 0xA1, 0xD9, 0xE6, 0x8F,
    0x98, 0x05, 0x17, 0xD1, 0x19, 0xF1, 0x68, 0xF9, 0x7E, 0x81, 0x89, 0x24, 0xF8, 0x9B, 0x76, 0x05,
    0xCE, 0x02, 0x40, 0x0D, 0xD0, 0x0C, 0x50, 0x26, 0x42, 0x2D, 0x00, 0x2D, 0x8F, 0xB4, 0x4E, 0x5E,
    0x94, 0xA9, 0x5B, 0x95, 0x8C, 0x26, 0xD1, 0x61, 0x46, 0x7A, 0xDA, 0x81, 0x15, 0x3B, 0xB0, 0x60,
    0x23, 0x33, 0x2E, 0x56, 0x9B, 0x84, 0x3A, 0xD3, 0x79, 0x35, 0xD1, 0xA3, 0x12, 0x42, 0x53, 0xA4,
    0x4C, 0x0F, 0x2E, 0xD2, 0x89, 0x78, 0xAC, 0x2C, 0x27, 0xBF, 0xB8, 0x9F, 0x04, 0xA8, 0x13, 0xD0,
    0x16, 0xE9, 0x07, 0xE0, 0xE8, 0xF4, 0x7D, 0x69, 0x01, 0xBA, 0x08, 0xD5, 0xC3, 0x04, 0xFA, 0xDF,
    0x27, 0x30, 0xFE, 0xA5, 0x53, 0xF7, 0x6D, 0x7E, 0x51, 0x8C, 0xDE, 0xCF, 0xA0, 0x5F, 0x19, 0x4F,
    0xDD, 0x0D, 0x02, 0xD0, 0x0C, 0x50, 0x38, 0x54, 0x12, 0xA0, 0xFE, 0x80, 0xC7, 0x7C, 0xB5, 0xC4,
    0x6E, 0xD1, 0xE2, 0x4D, 0xDA, 0xC8, 0x3A, 0x6D, 0xBC, 0x66, 0x32, 0x11, 0x95, 0xAD, 0xA7, 0x9E,
    0xEF, 0x00, 0xEB, 0x0C, 0x48, 0x02, 0xBA, 0x01, 0x70, 0x01, 0xE8, 0x3C, 0xD0, 0x03, 0xC8, 0x4E,
    0x8C, 0x8C, 0x60, 0x65, 0xD8, 0xBD, 0x57, 0x32, 0xD8, 0x08, 0x4E, 0xC2, 0x36, 0x26, 0xBA, 0xEB,
    0x33, 0x7D, 0xB5, 0xD2, 0xB3, 0x22, 0x2C, 0xAC, 0xF5, 0x5C, 0x2D, 0x4D, 0xAE, 0xD7, 0x3E, 0x29,
    0x91, 0xA0, 0xE4, 0x03, 0x9A, 0x0C, 0xDD, 0xCA, 0xC9, 0xFB, 0x10, 0x3B, 0x01, 0x95, 0xAC, 0x40,
    0x73, 0xD4, 0x03, 0x66, 0x70, 0x14, 0x68, 0x51, 0xE7, 0xF7, 0x8B, 0x92, 0x81, 0x4E, 0x25, 0xE0,
    0x50, 0x47, 0x60, 0x69, 0x8B, 0xCE, 0xED, 0x08, 0xD5, 0xAC, 0x33, 0xD4, 0xB3, 0x5A, 0x40, 0x65,
    0x04, 0xD4, 0x44, 0x07, 0x2A, 0x15, 0x42, 0xF3, 0xEB, 0xA3, 0xFB, 0xA0, 0xDF, 0x97, 0x5C, 0xC0,
    0x7D, 0x00, 0x13, 0x81, 0xB3, 0x36, 0x00, 0x7B, 0x1D, 0x40, 0xB7, 0x00, 0xD8, 0x91, 0x5D, 0xD3,
    0x80, 0x89, 0x60, 0xC6, 0x42, 0x01, 0xEE, 0x95, 0x0A, 0x00, 0x68, 0xDF, 0x4B, 0x88, 0x0C, 0x6A,
    0xE9, 0xA3, 0x4E, 0x36, 0x6E, 0x59, 0x7D, 0x49, 0xEA, 0x42, 0x87, 0xF3, 0x82, 0xAB, 0x57, 0xDC,
    0xF5, 0xF5, 0x79, 0xF7, 0x7A, 0x37, 0xB9, 0xD9, 0x8D, 0x7A, 0xB4, 0x1E, 0x6A, 0xA0, 0x89, 0xC7,
    0xD0, 0x62, 0x7C, 0x07, 0x78, 0x19, 0xE0, 0x09, 0x98, 0xE7, 0x80, 0x05, 0x94, 0x80, 0x7E, 0xE0,
    0xB1, 0x3A, 0x72, 0x55, 0xF9, 0x27, 0x62, 0x36, 0x43, 0xA4, 0xFD, 0x78, 0x60, 0x4F, 0x36, 0x96,
    0xF3, 0x70, 0xE6, 0xCB, 0xB3, 0xCC, 0xF5, 0x88, 0x7B, 0x75, 0xE0, 0x92, 0x09, 0xC0, 0x13, 0x9E,
    0xEB, 0xBD, 0x93, 0xF3, 0xFC, 0x8E, 0xC7, 0x34, 0xDB, 0x30, 0xA0, 0x57, 0xA8, 0xA7, 0x2F, 0xCF,
    0x6C, 0x3F, 0x68, 0x47, 0x44, 0x64, 0xDE, 0xAA, 0x3E, 0x9B, 0x75, 0x32, 0x71, 0x36, 0x83, 0xFD,
    0xE1, 0xB4, 0x15, 0x36, 0xA3, 0x0B, 0xBD, 0x0D, 0x5B, 0x69, 0xC6, 0xD5, 0xE2, 0xCF, 0xBA, 0xEB,
    0xC2, 0x1B, 0x5B, 0xF5, 0x3F, 0x26, 0x3B, 0x5B, 0x09, 0x7A, 0xD4, 0x47, 0x70, 0x7E, 0xA2, 0x9F,
    0xD5, 0xD1, 0x81, 0x1E, 0xCF, 0x9A, 0x88, 0x0D, 0x38, 0x5F, 0x7A, 0xB7, 0x69, 0x78, 0xC9, 0x7D,
    0x98, 0xAC, 0x0C, 0xCD, 0x02, 0x25, 0x25, 0x2A, 0xC3, 0x9B, 0xD4, 0x23, 0xC6, 0x03, 0x70, 0x01,
    0x1C, 0xB8, 0x80, 0x89, 0xE5, 0x28, 0x1E, 0x0A, 0x10, 0xD9, 0x80, 0x8B, 0x1E, 0xE6, 0x36, 0x66,
    0xFB, 0x62, 0x72, 0x5B, 0x96, 0x85, 0xEE, 0x2E, 0x8E, 0x97, 0xDD, 0x2F, 0xA7, 0xF6, 0x04, 0xF8,
    0x34, 0xD0, 0x02, 0x0E, 0x38, 0x84, 0x2A, 0x43, 0x35, 0x00, 0xC0, 0x09, 0x06, 0x99, 0xD9, 0x40,
    0x6C, 0x24, 0x36, 0x14, 0x1B, 0x8B, 0x0D, 0xC6, 0x46, 0x2B, 0xB8, 0xC2, 0x63, 0x03, 0xB2, 0x11,
    0x29, 0x48, 0xB8, 0x81, 0x9A, 0x30, 0x33, 0x76, 0x9F, 0x03, 0x4B, 0xFA, 0x2A, 0xF0, 0x05, 0x22,
    0x5D, 0x6B, 0x79, 0xF4, 0x67, 0xCE, 0x27, 0x8B, 0xA2, 0x62, 0x33, 0xAA, 0x89, 0x99, 0x8B, 0x9C,
    0x01, 0x3D, 0xB9, 0xFC, 0xB5, 0xAC, 0x26, 0x95, 0xF4, 0x68, 0x06, 0x13, 0xDB, 0x68, 0x7F, 0xE2,
    0x16, 0x97, 0xDB, 0xBB, 0x10, 0xA8, 0x13, 0x2A, 0x61, 0x06, 0x5A, 0xCF, 0x73, 0x00, 0x94, 0x0A,
    0x5C, 0xE6, 0x6B, 0x79, 0xF7, 0x97, 0x81, 0x11, 0x33, 0x60, 0x22, 0x6D, 0xC4, 0xFE, 0xA4, 0xF8,
    0xBA, 0x4C, 0xA9, 0xFE, 0x0A, 0x38, 0x8F, 0xC4, 0xFA, 0xD3, 0x41, 0xBF, 0x3D, 0x1A, 0x86, 0x2F,
    0x54, 0xDE, 0xFC, 0x22, 0x99, 0x7F, 0x49, 0x65, 0x73, 0xE7, 0x0B, 0xFA, 0xD6, 0x35, 0x98, 0x07,
    0x1E, 0xBD, 0x80, 0x9A, 0xA1, 0x5D, 0xE1, 0x69, 0x07, 0x58, 0x4F, 0x2B, 0x01, 0x91, 0x58, 0x6E,
    0x64, 0x93, 0x6C, 0x6C, 0xB7, 0x7F, 0x2E, 0x6C, 0xC3, 0xDB, 0xE0, 0x70, 0xBE, 0xA3, 0xDB, 0x74,
    0x23, 0xFD, 0x6A, 0x43, 0xC9, 0x48, 0xBD, 0x7A, 0xFE, 0xB7, 0x87, 0xF6, 0x7C, 0xB9, 0x93, 0xB3,
    0x8C, 0xEA, 0xE1, 0x47, 0xA3, 0x12, 0x3D, 0xAA, 0xD9, 0x0C, 0x4D, 0x6E, 0x8F, 0x1F, 0x90, 0xD1,
    0x85, 0xF2, 0x90, 0xB4, 0xB1, 0x3B, 0xB7, 0x8D, 0x6C, 0x63, 0x97, 0x9C, 0x77, 0xE1, 0x37, 0x37,
    0xBF, 0xE9, 0xF1, 0xCD, 0xEF, 0x7C, 0x06, 0x11, 0xB6, 0x7C, 0x61, 0x63, 0x94, 0x8B, 0xB1, 0xE5,
    0xB3, 0xB1, 0xD4, 0x6E, 0xC3, 0x77, 0xFE, 0x24, 0xDF, 0x2F, 0x77, 0xF9, 0xE0, 0xFF, 0xD8, 0xFC,
    0x9E, 0x80, 0x79, 0xB2, 0xF9, 0xD5, 0x27, 0x9B, 0x5F, 0xDB, 0x94, 0xCD, 0x2F, 0x3C, 0x01, 0x73,
    0xB7, 0x8E, 0x23, 0x97, 0x64, 0xE0, 0x82, 0x0B, 0x70, 0xE6, 0xCB, 0xB3, 0xCC, 0xF5, 0x01, 0xFB,
    0xEA, 0x36, 0x4C, 0x00, 0x78, 0xA2, 0x5C, 0xFB, 0xB0, 0xC2, 0x01, 0xC0, 0xF1, 0x87, 0xF9, 0xDB,
    0xA7, 0xFA, 0x00, 0xB7, 0x3F, 0x3F, 0x0E, 0x54, 0xFD, 0x2B, 0x1E, 0x23, 0xC2, 0x56, 0x3C, 0xC3,
    0xAA, 0x66, 0xAA, 0x59, 0xCF, 0xA8, 0xEC, 0x36, 0xF9, 0xAF, 0x8F, 0x33, 0xEA, 0xE1, 0x2B, 0x13,
    0xCD, 0xDA, 0x24, 0x54, 0x36, 0x03, 0x25, 0x03, 0x46, 0x56, 0xB8, 0x6A, 0x47, 0x1E, 0x69, 0x06,
    0x68, 0x03, 0x98, 0x01, 0x54, 0x02, 0xDE, 0xDC, 0x5D, 0x7F, 0xCE, 0xA7, 0x26, 0xB9, 0xC9, 0x8C,
    0x5F, 0x9B, 0xCC, 0xA0, 0x92, 0x89, 0x4D, 0x6A, 0xA3, 0x3E, 0xB9, 0x97, 0x4C, 0x14, 0xDA, 0xB7,
    0x04, 0xFB, 0xE3, 0xFE, 0x05, 0x27, 0x2E, 0xDB, 0xD9, 0x25, 0x33, 0xB6, 0x1E, 0x6A, 0x40, 0x47,
    0x68, 0x23, 0x38, 0x0F, 0xF7, 0x81, 0x37, 0x00, 0x9E, 0x80, 0x79, 0x0E, 0x98, 0x41, 0xAD, 0x60,
    0x1E, 0x80, 0xD5, 0x81, 0xDB, 0xCA, 0x3F, 0x11, 0xB3, 0xD5, 0x11, 0xF7, 0xDD, 0xC8, 0x9E, 0xF1,
    0xC0, 0x13, 0xE6, 0x2B, 0x01, 0xE1, 0x1A, 0xC0, 0x02, 0x54, 0x19, 0x50, 0x63, 0x91, 0xF0, 0x18,
    0x3C, 0x76, 0xD0, 0x25, 0x17, 0x38, 0x5F, 0x44, 0x4D, 0xB6, 0x88, 0xF3, 0xD4, 0xD9, 0x95, 0xAA,
    0xFD, 0x22, 0x33, 0x30, 0x4F, 0x80, 0x8C, 0x45, 0x62, 0x11, 0x76, 0xE0, 0x09, 0x68, 0x06, 0xD8,
    0xBB, 0xE5, 0xA1, 0x9B, 0x01, 0x7B, 0x77, 0xB7, 0xF5, 0xD2, 0x65, 0xE0, 0xAF, 0x27, 0x40, 0x25,
    0xA0, 0x29, 0xA2, 0x47, 0xC0, 0xBC, 0x95, 0xC1, 0xBC, 0xBB, 0x42, 0x7B, 0x28, 0x60, 0x53, 0x07,
    0x6E, 0x28, 0x12, 0x8B, 0xF8, 0x1E, 0x3A, 0x16, 0x38, 0xAC, 0x66, 0x58, 0xD4, 0x04, 0xF2, 0xFA,
    0x48, 0x25, 0x12, 0xA8, 0xD7, 0x05, 0x54, 0x06, 0xD4, 0xB4, 0x63, 0x5A, 0xF1, 0xE0, 0x8A, 0xC0,
    0xBD, 0x6B, 0x50, 0xCF, 0x87, 0x50, 0xA5, 0x03, 0x00, 0xFE, 0x5F, 0xCE, 0xF7, 0xBF, 0x01, 0xC5,
    0x99, 0x01, 0xA4, 0x25, 0x59, 0x7A, 0xC7, 0x7F, 0x55, 0xD5, 0xDD, 0x95, 0xDD, 0x32, 0x73, 0x9E,
    0x98, 0x18, 0xAC, 0xED, 0x6A, 0x2C, 0x90, 0x99, 0x9C, 0x60, 0x11, 0x74, 0xF7, 0x39, 0x76, 0xB1,
    0x43, 0x90, 0x46, 0x26, 0x41, 0xB0, 0x00, 0x21, 0x78, 0x8B, 0x45, 0xA3, 0xA7, 0xAB, 0x36, 0x81,
    0x05, 0xD2, 0x81, 0x40, 0xB0, 0x0B, 0x40, 0xD0, 0x83, 0xC6, 0xE2, 0xF5, 0xAB, 0xB3, 0x19, 0x04,
    0x90, 0x12, 0xC6, 0x90, 0xC1, 0x54, 0x92, 0x64, 0x83, 0xC1, 0x9C, 0x99, 0xD4, 0x9A, 0x7A, 0xD3,
    0xA7, 0xEA, 0xCB, 0xF9, 0xD2, 0xEF, 0x7A, 0xB7, 0x7B, 0xBA, 0xA5, 0xFB, 0xED, 0xBC, 0x49, 0xB9,
    0xE7, 0x5F, 0x97, 0x7B, 0xDF, 0xF7, 0xFD, 0xFE, 0xE7, 0x9C, 0xEF, 0xAB, 0xBA, 0xAF, 0xC0, 0x4A,
    0x00, 0xA7, 0xF2, 0x3B, 0x6F, 0x7B, 0xF6, 0x8F, 0x5F, 0x00, 0x55, 0x02, 0x1A, 0x95, 0x76, 0x05,
    0x6E, 0x1E, 0x03, 0x77, 0x54, 0x96, 0x0E, 0xCA, 0xE8, 0xA0, 0x1E, 0x9D, 0xC7, 0x04, 0xD7, 0x63,
    0x45, 0x02, 0x4E, 0x65, 0xC5, 0x86, 0x62, 0xA1, 0x1D, 0xAB, 0x48, 0x3B, 0xD9, 0x15, 0x59, 0xBB,
    0xAD, 0x94, 0x95, 0x56, 0xBF, 0x91, 0xC7, 0xE5, 0xBD, 0x54, 0xED, 0x07, 0x11, 0x91, 0xB1, 0x5A,
    0x87, 0xD0, 0x44, 0x1B, 0x4C, 0x8E, 0x67, 0x83, 0xC3, 0xF5, 0x1D, 0xCE, 0x0B, 0xAE, 0xDC, 0x70,
    0x3F, 0xD8, 0xAE, 0xB9, 0xFB, 0xDD, 0xEC, 0x92, 0x9B, 0x9A, 0xC9, 0x7A, 0xB8, 0x04, 0x70, 0x95,
    0x00, 0xF6, 0xEF, 0xB2, 0xB4, 0x02, 0xD4, 0x0B, 0x17, 0xCD, 0x0F, 0xF0, 0x0A, 0x3D, 0xB6, 0x0E,
    0x58, 0xE9, 0x69, 0x36, 0xE0, 0xD6, 0xF9, 0x7D, 0x3C, 0x13, 0xF2, 0xC6, 0xFF, 0x42, 0xDE, 0x05,
    0xE6, 0x27, 0x21, 0xDF, 0xEF, 0xF6, 0x21, 0x13, 0xED, 0x97, 0x20, 0x57, 0x85, 0x84, 0xC6, 0x03,
    0xD7, 0x01, 0x8E, 0x15, 0x6E, 0x98, 0x00, 0xDB, 0x9F, 0x83, 0xB0, 0x87, 0x57, 0x35, 0x94, 0x02,
    0x01, 0xDD, 0xA8, 0x71, 0x00, 0x00, 0xDE, 0x00, 0x8A, 0x04, 0x18, 0x15, 0x37, 0x02, 0xDF, 0x01,
    0x00, 0x28, 0x86, 0x05, 0x5A, 0x11, 0xE8, 0xFE, 0x73, 0x40, 0x03, 0x53, 0x2F, 0xDC, 0xC0, 0x44,
    0xBE, 0x93, 0x91, 0x01, 0x1B, 0x00, 0xF7, 0x2C, 0x99, 0xF8, 0x2E, 0x76, 0x29, 0x17, 0x8C, 0x48,
    0xA4, 0x56, 0xAF, 0x74, 0x27, 0x00, 0xBF, 0x05, 0xB4, 0x80, 0x53, 0x67, 0x50, 0x2C, 0x79, 0x8C,
    0xEC, 0x0E, 0xBE, 0x35, 0xC3, 0x90, 0xA8, 0x4E, 0x8E, 0x68, 0xA6, 0x03, 0x4C, 0x50, 0x5A, 0x70,
    0x5E, 0x07, 0x74, 0x7A, 0xEE, 0x7F, 0x84, 0xFB, 0xAF, 0x88, 0x95, 0x91, 0x7A, 0x05, 0x28, 0x03,
    0x28, 0x16, 0x74, 0x49, 0x43, 0xDE, 0x84, 0x6A, 0xFC, 0x36, 0xC0, 0xC5, 0x7A, 0xB9, 0x45, 0x35,
    0x63, 0x12, 0xF6, 0x1D, 0x8E, 0x2C, 0xF1, 0x95, 0x33, 0x0F, 0x43, 0xCA, 0x0E, 0xB2, 0x01, 0x13,
    0x14, 0xDF, 0x79, 0x7D, 0x75, 0x5E, 0xD1, 0x33, 0x79, 0x06, 0x57, 0x6E, 0xEA, 0x00, 0xB4, 0xA3,
    0x4A, 0x00, 0x2E, 0x73, 0xE1, 0xC4, 0xE5, 0x44, 0x1D, 0x69, 0x22, 0x65, 0xFF, 0x72, 0xAC, 0x45,
    0x68, 0xA1, 0x8C, 0x77, 0x81, 0x6D, 0x06, 0xBA, 0x11, 0x68, 0xFD, 0x85, 0x03, 0x53, 0xC0, 0x6D,
    0xE3, 0xB9, 0x71, 0x13, 0x9C, 0xC6, 0x8F, 0xD0, 0x84, 0xDF, 0x70, 0xBB, 0x50, 0x00, 0xB1, 0xED,
    0x21, 0xA9, 0x21, 0x37, 0xEF, 0x96, 0xE1, 0xCA, 0xCE, 0xD0, 0xA1, 0x4C, 0x54, 0x22, 0x1B, 0xF5,
    0xF0, 0x2F, 0x5A, 0xAB, 0xC1, 0x4D, 0xB8, 0xDE, 0x44, 0x9C, 0x6F, 0x66, 0x3A, 0x5F, 0xCF, 0x0C,
    0xEA, 0x4E, 0xC8, 0xEF, 0x36, 0x9A, 0xB9, 0x58, 0x31, 0xB1, 0x4C, 0xB4, 0x53, 0x16, 0x17, 0xAA,
    0x54, 0x88, 0xAF, 0xD6, 0xC3, 0x15, 0x27, 0x32, 0x31, 0xC8, 0x09, 0x0A, 0x1B, 0x1F, 0x40, 0x37,
    0x2F, 0xF0, 0x17, 0xF3, 0x0C, 0xD5, 0xA7, 0x11, 0xEA, 0xCF, 0x46, 0x68, 0xFE, 0x2D, 0xD0, 0x7E,
    0x34, 0x82, 0x1A, 0xD7, 0xD2, 0xA6, 0x89, 0xB6, 0x47, 0x8B, 0x1B, 0xAD, 0x6E, 0x2D, 0x6F, 0x35,
    0xB4, 0x81, 0x16, 0x38, 0x5A, 0xE1, 0x68, 0x89, 0xA3, 0x35, 0x8E, 0xB6, 0xA1, 0x17, 0x66, 0xB6,
    0xB2, 0xD6, 0xB3, 0x95, 0xD4, 0xCC, 0x28, 0x73, 0xF1, 0x0C, 0x66, 0xFB, 0x04, 0x33, 0xCA, 0x0C,
    0xD4, 0x2A, 0x7F, 0xFF, 0x05, 0x94, 0x22, 0x40, 0x33, 0xB1, 0xC7, 0xBC, 0x3D, 0x8B, 0x79, 0xD8,
    0x31, 0x7F, 0xEF, 0x79, 0xCC, 0xC8, 0x0A, 0xA5, 0x0A, 0x6F, 0xFF, 0x31, 0x7B, 0x87, 0x88, 0xF8,
    0x42, 0x05, 0xFB, 0xFE, 0x21, 0xB8, 0xD0, 0x6A, 0xC0, 0x6F, 0x43, 0xE7, 0xC9, 0x02, 0x30, 0xC8,
    0x04, 0x22, 0x23, 0x6C, 0x6F, 0x7B, 0x8A, 0x15, 0x28, 0x13, 0x07, 0x54, 0x89, 0x07, 0x54, 0x0B,
    0x33, 0xF5, 0xC9, 0x9F, 0x46, 0x3A, 0x91, 0xC8, 0xA0, 0xDF, 0xA3, 0x13, 0x10, 0xD1, 0x8B, 0xE4,
    0x93, 0x1B, 0x48, 0x74, 0x03, 0xAD, 0x34, 0xA3, 0xB6, 0xE3, 0x05, 0xFB, 0xFD, 0x88, 0xB3, 0x01,
    0xB7, 0x42, 0x77, 0x0F, 0x1C, 0x3F, 0xC6, 0x7D, 0x38, 0xD3, 0x9E, 0x6D, 0x20, 0x80, 0xF8, 0x0D,
    0x28, 0xD6, 0x23, 0x40, 0x16, 0xC0, 0x8E, 0x17, 0xCE, 0x0F, 0xF0, 0xDD, 0x12, 0x8E, 0x5A, 0x18,
    0x36, 0xB0, 0x0B, 0x14, 0xFE, 0xFC, 0x3E, 0xA8, 0x03, 0x60, 0x76, 0x0D, 0x08, 0xE3, 0x2F, 0xDC,
    0xC2, 0x33, 0x1B, 0x90, 0xA4, 0x8C, 0x9D, 0xA9, 0x33, 0x74, 0x66, 0xCE, 0xC8, 0x6E, 0xCD, 0xC0,
    0xCA, 0x9B, 0x71, 0x5B, 0x6D, 0x40, 0x5F, 0x31, 0xCD, 0xA4, 0x34, 0x01, 0xF8, 0x26, 0xC0, 0x75,
    0x80, 0xBB, 0xB7, 0x80, 0x6E, 0x02, 0x6C, 0x78, 0x31, 0x28, 0x81, 0x37, 0xE0, 0x01, 0x44, 0x90,
    0x9E, 0x0E, 0xF0, 0x97, 0xD5, 0xA1, 0x85, 0x62, 0x4E, 0xC0, 0x10, 0x51, 0x52, 0xE0, 0xF2, 0x05,
    0x4E, 0xEA, 0x8B, 0x34, 0xC9, 0x73, 0xEC, 0x8D, 0x72, 0x02, 0x9A, 0x05, 0xF4, 0x3B, 0x90, 0x2C,
    0x94, 0xD3, 0xAB, 0x4F, 0x36, 0xFC, 0x13, 0x30, 0x22, 0x21, 0x37, 0xFC, 0xC3, 0xBE, 0xD8, 0x30,
    0x7D, 0xBD, 0x60, 0x30, 0x91, 0x6F, 0x7C, 0xB9, 0xE1, 0x1B, 0x09, 0x2A, 0xBD, 0x0B, 0x6C, 0xB8,
    0x29, 0x8B, 0x9D, 0x59, 0x31, 0xF2, 0xB7, 0x89, 0x52, 0x64, 0x81, 0xC3, 0xCD, 0xEF, 0xF2, 0x9A,
    0x08, 0xD8, 0x05, 0x38, 0xBA, 0x03, 0x45, 0x7C, 0x13, 0xF0, 0x97, 0xD8, 0x3B, 0x4A, 0x91, 0x1E,
    0xAB, 0x13, 0xD9, 0x7D, 0xF8, 0x6B, 0xD8, 0xAA, 0x08, 0x49, 0x25, 0x35, 0x59, 0x86, 0x21, 0x40,
    0xBB, 0x01, 0x76, 0x02, 0x8E, 0x01, 0x86, 0x1E, 0xAE, 0xC8, 0x0A, 0xF6, 0x27, 0x43, 0xE0, 0x2E,
    0x66, 0xE2, 0x58, 0xA5, 0xFB, 0x9B, 0x2E, 0x68, 0x24, 0xFD, 0xF4, 0x3F, 0x00, 0x0E, 0x00, 0x62,
    0x0D, 0xAC, 0x77, 0x81, 0x21, 0x01, 0x76, 0xBC, 0x78, 0xE7, 0x00, 0xBC, 0x5B, 0x02, 0xCB, 0x55,
    0x40, 0x12, 0xD0, 0x45, 0xE0, 0xF2, 0xD7, 0x60, 0xBA, 0x1A, 0x01, 0x33, 0xA9, 0x8C, 0x9A, 0x92,
    0x8B, 0xF7, 0xFB, 0x54, 0xCA, 0x2B, 0xFE, 0xEB, 0x59, 0xDF, 0x8B, 0x5B, 0x3C, 0xC5, 0xDB, 0x93,
    0x3A, 0x00, 0x57, 0x61, 0xB7, 0xA7, 0x8A, 0x89, 0x5D, 0xCB, 0xF5, 0x40, 0xEB, 0x55, 0x7A, 0xC8,
    0x00, 0x5F, 0x8F, 0x73, 0xB8, 0x04, 0x40, 0x07, 0x9A, 0xA6, 0x07, 0x9A, 0x0F, 0x46, 0xF4, 0x02,
    0x1D, 0x81, 0xD7, 0xD8, 0x19, 0x41, 0x36, 0x23, 0xB1, 0x90, 0xC5, 0xC8, 0x88, 0x0D, 0xC5, 0x0A,
    0x2E, 0x94, 0x29, 0x6B, 0x5F, 0x65, 0xED, 0x7C, 0xB5, 0xA8, 0xD6, 0x33, 0x0C, 0x22, 0x59, 0x45,
    0x24, 0x6A, 0xBF, 0xFA, 0x61, 0xA4, 0x58, 0x35, 0x75, 0x99, 0x68, 0x47, 0xAA, 0x84, 0x0D, 0xAA,
    0x2E, 0x50, 0x2F, 0xAA, 0x9D, 0x7C, 0x5F, 0x16, 0x06, 0xA9, 0x65, 0x86, 0x02, 0x68, 0x03, 0x74,
    0x91, 0xE2, 0x64, 0xA6, 0x1E, 0xEF, 0x50, 0x70, 0x00, 0x40, 0xB9, 0x82, 0x11, 0xF8, 0xE6, 0x06,
    0xAC, 0x50, 0x24, 0x28, 0x97, 0x3C, 0xE6, 0x43, 0x5F, 0x7D, 0x26, 0xA1, 0x7A, 0x74, 0x3F, 0xD4,
    0x5B, 0x1B, 0x9A, 0xC5, 0x06, 0x13, 0x5D, 0x6F, 0x26, 0xE7, 0xDB, 0xD0, 0x61, 0xC3, 0x31, 0xAE,
    0x5F, 0xAF, 0x39, 0x2F, 0xB1, 0x43, 0xA6, 0x81, 0x63, 0xBF, 0x73, 0x93, 0xD4, 0x8D, 0x1D, 0xCB,
    0xED, 0xD4, 0x4D, 0x2D, 0xF9, 0x18, 0x1B, 0xD5, 0x80, 0x7A, 0x7A, 0x09, 0x37, 0xD5, 0xA2, 0xEA,
    0xB2, 0x9B, 0xF9, 0xD4, 0xCD, 0x95, 0x15, 0xDA, 0x53, 0x5A, 0x2B, 0x11, 0x27, 0x13, 0x4A, 0x5C,
    0x9D, 0x12, 0xD7, 0x99, 0xB8, 0x59, 0x5F, 0x88, 0x98, 0xDC, 0x9E, 0x61, 0xF8, 0xC8, 0xF3, 0x48,
    0xE0, 0xE7, 0x47, 0x70, 0xB6, 0x2E, 0x64, 0x1F, 0x60, 0x47, 0xF5, 0x70, 0x3A, 0x7A, 0x32, 0x3D,
    0x0C, 0x80, 0x00, 0x1B, 0x14, 0x3A, 0x56, 0x94, 0x9B, 0x4A, 0xC7, 0x02, 0x9D, 0x78, 0x86, 0x3C,
    0xCA, 0xF8, 0xFB, 0x75, 0x7A, 0x60, 0x86, 0x68, 0xCC, 0x48, 0x01, 0xD0, 0xCC, 0xB8, 0x85, 0xD7,
    0x97, 0x8C, 0x4A, 0x15, 0x69, 0x26, 0xCC, 0x88, 0x09, 0xB4, 0x01, 0xFB, 0x53, 0xDC, 0xAA, 0x9F,
    0xB6, 0xF7, 0x76, 0x11, 0xF4, 0xF6, 0xE9, 0x2B, 0x05, 0x6A, 0x24, 0x1A, 0x89, 0x97, 0xDF, 0xBE,
    0x05, 0x2F, 0x43, 0x03, 0x70, 0xBB, 0xF2, 0x1C, 0x1F, 0x82, 0x5B, 0xA1, 0x9D, 0xBE, 0x52, 0x2A,
    0xA0, 0xF2, 0xD7, 0x9A, 0x5F, 0xC6, 0x46, 0x46, 0x2D, 0x95, 0xD7, 0x5E, 0x86, 0x4D, 0x36, 0x4D,
    0x6F, 0x47, 0x4D, 0xAC, 0xAF, 0x5E, 0x33, 0x0F, 0x20, 0x90, 0xC9, 0xF2, 0x6B, 0xD5, 0x9C, 0x55,
    0x7E, 0x2D, 0x9A, 0x70, 0x10, 0xF8, 0x03, 0x88, 0x94, 0xBF, 0xF6, 0xA5, 0x64, 0x4B, 0xF0, 0x7B,
    0x9C, 0x7E, 0xFF, 0x88, 0x97, 0x98, 0x96, 0x91, 0x06, 0xDE, 0x84, 0x1B, 0xE0, 0x26, 0xFD, 0x88,
    0x32, 0x52, 0x47, 0x9A, 0xAC, 0x01, 0x80, 0x73, 0xB0, 0xF9, 0x66, 0x76, 0xCB, 0xEB, 0x4B, 0x35,
    0x57, 0xB1, 0x99, 0xCC, 0x68, 0x42, 0x1B, 0xEC, 0x4F, 0xDD, 0xEA, 0x96, 0xEC, 0x54, 0x2B, 0x6B,
    0xCA, 0xF1, 0xDA, 0xC7, 0x95, 0x75, 0xD6, 0x27, 0x42, 0xA5, 0xDA, 0xEF, 0xF5, 0x09, 0x85, 0x40,
    0x50, 0xDD, 0x30, 0x91, 0x22, 0xEB, 0x44, 0xB1, 0x2A, 0x75, 0xF9, 0x54, 0x65, 0xF5, 0x9A, 0x59,
    0xB1, 0x72, 0x7E, 0x00, 0x36, 0xA0, 0xFA, 0x87, 0x04, 0x68, 0xA9, 0xA9, 0x8E, 0x40, 0xB9, 0x81,
    0x4E, 0x55, 0xAB, 0x06, 0xBA, 0x1E, 0x51, 0x2B, 0x47, 0xDC, 0xE4, 0xEC, 0x68, 0xE6, 0x2B, 0x89,
    0x8C, 0x9A, 0xF2, 0xD4, 0xE5, 0x77, 0xD5, 0x5C, 0x64, 0x89, 0xE5, 0x42, 0x33, 0x55, 0x33, 0x66,
    0xAC, 0x22, 0x26, 0xD4, 0x91, 0x5C, 0x97, 0x31, 0x4F, 0x64, 0x26, 0x72, 0xAB, 0x19, 0xF5, 0x2F,
    0x42, 0x5E, 0x49, 0xDB, 0x03, 0xCE, 0x43, 0x3F, 0x40, 0x29, 0x09, 0x2A, 0x4D, 0xCF, 0xD0, 0x9F,
    0x35, 0xF5, 0xC7, 0x50, 0x80, 0xFD, 0x59, 0x0F, 0x0F, 0xEB, 0x00, 0x07, 0x05, 0x00, 0x80, 0x08,
    0x14, 0xB2, 0x02, 0xF6, 0xA9, 0x0B, 0x4B, 0x0F, 0x4A, 0x7B, 0x2A, 0x03, 0x80, 0xEC, 0x9C, 0xEE,
    0xEE, 0xF9, 0xA0, 0x3A, 0x93, 0x19, 0xC8, 0x8C, 0x60, 0xB2, 0xBC, 0xA1, 0x91, 0x3A, 0xE9, 0xB3,
    0xAC, 0xB0, 0xDB, 0xFB, 0x57, 0x46, 0xD0, 0x4F, 0xDD, 0x02, 0xE9, 0x88, 0x32, 0x5E, 0x07, 0xBF,
    0x7F, 0x15, 0x87, 0x46, 0x40, 0xCF, 0xE8, 0x38, 0x06, 0x56, 0x20, 0x9D, 0xF5, 0x57, 0x4D, 0x53,
    0x45, 0xA8, 0x23, 0x34, 0x13, 0x98, 0xC0, 0x81, 0xED, 0x79, 0x38, 0x80, 0xDA, 0x77, 0x13, 0x20,
    0xAB, 0xDB, 0x0A, 0x59, 0xAC, 0x2E, 0x5A, 0xAB, 0xFB, 0x68, 0x00, 0xF7, 0x97, 0x09, 0xBA, 0x3F,
    0x8C, 0x59, 0xBA, 0x1E, 0x86, 0x0D, 0x90, 0xA4, 0xB2, 0xA9, 0x9F, 0xC1, 0x53, 0x26, 0xA7, 0x4B,
    0xDC, 0x46, 0xAA, 0xA5, 0x59, 0xA8, 0x97, 0x6A, 0xA3, 0x13, 0x64, 0x1C, 0x04, 0xDB, 0x9F, 0x12,
    0xCE, 0x2A, 0xCB, 0xEE, 0x5D, 0x35, 0x01, 0x8D, 0x07, 0xED, 0xAD, 0x46, 0xE0, 0xF2, 0xDE, 0xD5,
    0x40, 0xBF, 0x56, 0xCE, 0x1D, 0xD5, 0x7F, 0x4B, 0x5F, 0x7D, 0x72, 0xBF, 0xAF, 0x93, 0xE9, 0x9B,
    0x68, 0x31, 0xE3, 0x43, 0xCC, 0xC7, 0x91, 0x56, 0xC0, 0xDE, 0xF7, 0xB8, 0x3F, 0x1A, 0x71, 0xCD,
    0xEA, 0xBB, 0x52, 0xFA, 0x63, 0xD4, 0x32, 0x70, 0x07, 0x78, 0x78, 0x7A, 0x9E, 0xA1, 0x1C, 0xA1,
    0x99, 0xEB, 0xD1, 0x2D, 0x76, 0x7A, 0x7D, 0x96, 0xB1, 0xFA, 0x2C, 0xFA, 0xEA, 0xF3, 0x40, 0x2D,
    0xD0, 0x08, 0x98, 0x4F, 0x7A, 0xCC, 0x47, 0x01, 0xF3, 0x8F, 0x93, 0x6F, 0xDF, 0xFB, 0x62, 0xB4,
    0x3F, 0x91, 0xE0, 0xFC, 0x5D, 0xA0, 0x00, 0x2C, 0x14, 0x02, 0x8D, 0x42, 0xDE, 0x7B, 0x46, 0x13,
    0x7A, 0xAA, 0x01, 0xED, 0x37, 0xA1, 0xB3, 0x06, 0x74, 0xAD, 0x4A, 0xFC, 0xA2, 0x4A, 0xC5, 0xAC,
    0x37, 0xF7, 0xFA, 0x13, 0x45, 0x6F, 0xED, 0xA1, 0xA7, 0x19, 0x19, 0xC6, 0x6A, 0xF3, 0xE5, 0x2D,
    0x40, 0x67, 0xC2, 0x6C, 0x5C, 0x5E, 0x21, 0x51, 0x24, 0xB4, 0x52, 0xB5, 0x25, 0x9C, 0x16, 0xB9,
    0xD9, 0xEF, 0x0A, 0x3D, 0xEE, 0x2D, 0x5C, 0xC2, 0xCD, 0xFA, 0xFE, 0xAB, 0xC1, 0x01, 0x1A, 0x8F,
    0x86, 0xD7, 0x2C, 0xB4, 0xC0, 0x3B, 0xC0, 0x2D, 0x28, 0x06, 0x5F, 0x49, 0x5F, 0x74, 0x1E, 0x07,
    0x1D, 0x0C, 0xB0, 0xC1, 0xFA, 0x04, 0x64, 0x15, 0x51, 0xCE, 0x0C, 0xF9, 0xCF, 0x18, 0xC1, 0xAC,
    0xFA, 0x1E, 0x30, 0x1E, 0xD3, 0xAB, 0x5E, 0x85, 0xDB, 0x00, 0xBC, 0x09, 0xDC, 0x44, 0xB6, 0xEB,
    0x19, 0xF9, 0x0E, 0x36, 0x3C, 0xC0, 0x85, 0x9F, 0x9F, 0x07, 0xB9, 0x5C, 0xAF, 0x9A, 0xCD, 0x7E,
    0x73, 0xBD, 0x41, 0xBA, 0x5E, 0xA4, 0xDB, 0x65, 0xFA, 0xD1, 0xFE, 0x7C, 0x35, 0x2F, 0x3D, 0x5F,
    0x7F, 0x9E, 0x47, 0x62, 0x28, 0x12, 0x52, 0xCC, 0xFF, 0x57, 0xF2, 0xE7, 0x2F, 0xD6, 0x51, 0xF3,
    0x69, 0x32, 0xFF, 0x9A, 0xCC, 0x78, 0xEF, 0x25, 0x92, 0xBF, 0x95, 0xC7, 0x0A, 0xC3, 0x44, 0x21,
    0xD0, 0x6E, 0xE0, 0x56, 0xF8, 0xED, 0xE7, 0x24, 0x7F, 0xF6, 0x82, 0x6C, 0x53, 0x21, 0x7D, 0x06,
    0x69, 0x17, 0xDC, 0xF3, 0x17, 0xA4, 0x04, 0xC0, 0xF4, 0x00, 0x83, 0x6A, 0xB5, 0x01, 0x34, 0x23,
    0x4F, 0x1E, 0x32, 0xD6, 0x39, 0x91, 0xC4, 0x5A, 0x7A, 0xEC, 0x4C, 0x02, 0xB7, 0xA0, 0x9A, 0x58,
    0xB2, 0x6E, 0xC5, 0x0C, 0xEF, 0x48, 0x19, 0xE1, 0xA8, 0xFB, 0xAB, 0xAC, 0xC9, 0xBD, 0xA7, 0x6A,
    0x3F, 0x98, 0x28, 0x16, 0xF3, 0xF9, 0x48, 0x39, 0x37, 0x12, 0xA8, 0x62, 0x25, 0xAA, 0xA5, 0xF4,
    0x59, 0xD1, 0x60, 0x2B, 0x83, 0x67, 0x58, 0xE9, 0x00, 0x60, 0x07, 0x55, 0x9F, 0x6E, 0x3C, 0xE7,
    0xE1, 0x1D, 0xE0, 0xC7, 0x7B, 0xBF, 0x71, 0x6D, 0x70, 0x8B, 0x4C, 0xD5, 0xA3, 0x4F, 0xA6, 0x4A,
    0x9A, 0xA9, 0xCA, 0x93, 0x5B, 0x2F, 0xED, 0xE3, 0x7F, 0x92, 0x4F, 0xAE, 0x37, 0xA3, 0xD3, 0xDB,
    0xAD, 0xD7, 0xF2, 0x58, 0x6C, 0xE8, 0xA2, 0xF3, 0xAE, 0xFF, 0x7A, 0xF9, 0x1F, 0x00, 0x90, 0xCE,
    0x54, 0xA3, 0x43, 0x3D, 0x02, 0x14, 0xE7, 0xF6, 0x00, 0x60, 0xF7, 0xC6, 0x75, 0x20, 0x02, 0x1C,
    0xE0, 0x81, 0x3B, 0xF5, 0x04, 0x38, 0xEB, 0x81, 0x76, 0x65, 0x77, 0x11, 0xA1, 0xE8, 0xFF, 0x5F,
    0x56, 0xF1, 0x12, 0x9E, 0xAB, 0xD5, 0x88, 0xD1, 0x82, 0xDF, 0xA0, 0x5E, 0xA0, 0x8C, 0xBF, 0xD1,
    0x2A, 0x16, 0x7E, 0x67, 0xAA, 0xDE, 0x09, 0xCD, 0x08, 0x98, 0x00, 0xD8, 0x66, 0x69, 0xC7, 0xEB,
    0x2E, 0x0D, 0x91, 0xF2, 0xD1, 0xC7, 0x59, 0xE4, 0x07, 0x91, 0x6A, 0x6B, 0x26, 0x34, 0x36, 0xF5,
    0xDC, 0x06, 0x34, 0x3A, 0x1A, 0x9E, 0x1C, 0xFF, 0x2D, 0x95, 0x44, 0x1B, 0x9C, 0x96, 0xA2, 0x7D,
    0xE1, 0x4D, 0x92, 0xF5, 0xE1, 0x8B, 0x4D, 0x8F, 0x6A, 0xF1, 0x78, 0x7A, 0x64, 0x6F, 0x7A, 0x6E,
    0x02, 0x8C, 0x0F, 0x81, 0xF2, 0x8B, 0x45, 0x55, 0x22, 0xC0, 0xE0, 0x9F, 0x37, 0x2D, 0x26, 0x4F,
    0x4B, 0x9B, 0xA7, 0xC5, 0xEE, 0xA6, 0x25, 0x43, 0x0F, 0xD8, 0xB0, 0xE1, 0x7C, 0x82, 0x32, 0x81,
    0x36, 0xDD, 0x4F, 0x26, 0x6A, 0x09, 0x94, 0x1B, 0x50, 0xC8, 0xAA, 0x81, 0xD3, 0x97, 0xFE, 0xDF,
    0x5A, 0x0C, 0x13, 0x58, 0xD9, 0x40, 0x7E, 0x25, 0xBD, 0x5E, 0x9A, 0x43, 0xB3, 0xE0, 0x46, 0x13,
    0xB1, 0x93, 0x9D, 0xB2, 0xB8, 0x51, 0x25, 0xA0, 0x82, 0x1B, 0x55, 0x42, 0x96, 0xA1, 0x77, 0x23,
    0x82, 0x8D, 0xD5, 0x8A, 0x59, 0x0F, 0x67, 0x2A, 0x91, 0x00, 0xDD, 0x02, 0xB4, 0x12, 0xB0, 0x4F,
    0x3D, 0x29, 0xFC, 0xD6, 0x02, 0x22, 0x54, 0xEB, 0xD0, 0x9B, 0x1C, 0xA9, 0x0D, 0xD9, 0x59, 0x9F,
    0x87, 0x77, 0x7D, 0x1E, 0xBE, 0xF3, 0x1D, 0xCE, 0xAF, 0xB8, 0x0F, 0x17, 0x5A, 0x99, 0x94, 0x7A,
    0x47, 0x38, 0xBD, 0x02, 0xE5, 0xC9, 0x11, 0x20, 0x33, 0xD0, 0xF5, 0x17, 0xCD, 0x7F, 0xF6, 0xA4,
    0xF0, 0x7B, 0x81, 0xF6, 0xEC, 0x49, 0xE1, 0xF9, 0x7D, 0x14, 0x1C, 0x40, 0xD3, 0x3F, 0x00, 0xF7,
    0xDE, 0x42, 0x21, 0xED, 0x44, 0x35, 0xDF, 0xF5, 0x94, 0xFE, 0xDA, 0x45, 0xFB, 0x60, 0x7A, 0x97,
    0xF2, 0xD3, 0x85, 0xFA, 0xDF, 0x23, 0xE6, 0xAF, 0x03, 0x6F, 0xBE, 0x0A, 0x5C, 0x3A, 0xBF, 0x97,
    0x62, 0x10, 0x91, 0x9E, 0x56, 0xF4, 0xC4, 0x70, 0x72, 0xF8, 0xFE, 0x0F, 0x7D, 0x29, 0xD8, 0x60,
    0xA8, 0x13, 0xAE, 0x7F, 0x15, 0x13, 0x71, 0x1E, 0xDA, 0x11, 0x07, 0x8F, 0x7F, 0xFB, 0x4F, 0x28,
    0xA9, 0x8C, 0xB8, 0x5E, 0xFF, 0xB9, 0xA9, 0xA7, 0x15, 0xFD, 0xAC, 0x48, 0x1C, 0xA0, 0x3F, 0x1D,
    0xB8, 0x8D, 0x8D, 0xE5, 0xC2, 0x82, 0xD9, 0xFE, 0xEC, 0xE4, 0x4F, 0xD4, 0x46, 0x3E, 0x22, 0x1C,
    0xE6, 0xD3, 0xA4, 0x95, 0x50, 0x2F, 0xE8, 0x0D, 0x68, 0x86, 0x5D, 0x87, 0x4C, 0x1B, 0x6F, 0x66,
    0xDC, 0xF1, 0x61, 0xE6, 0xFD, 0xE5, 0x9C, 0x61, 0x7F, 0x36, 0x66, 0xD9, 0xC8, 0xC8, 0xE3, 0x25,
    0xE7, 0xA5, 0xBF, 0xEE, 0x3E, 0x94, 0x5F, 0xA5, 0x56, 0xFE, 0x49, 0xA6, 0x2B, 0xDB, 0xD9, 0x66,
    0xE2, 0x5D, 0xA0, 0x9E, 0x01, 0x1B, 0x01, 0xF1, 0x67, 0x0B, 0x0B, 0xBF, 0x2B, 0xF7, 0x34, 0x6D,
    0xA2, 0x96, 0x8F, 0x37, 0xB0, 0x41, 0xD8, 0x3D, 0xCC, 0xC8, 0xD2, 0xF9, 0x0D, 0x86, 0x2A, 0x81,
    0xDC, 0x8F, 0x20, 0xE2, 0x29, 0xB6, 0x0D, 0xCA, 0xD4, 0xED, 0x6E, 0x72, 0x17, 0x13, 0xA9, 0xE6,
    0x26, 0xE1, 0xA4, 0x94, 0x7E, 0x10, 0xBA, 0xFE, 0xC9, 0xE7, 0x9E, 0x2B, 0x14, 0x73, 0x1E, 0xE3,
    0x5E, 0xE3, 0xBB, 0x89, 0x5B, 0x84, 0xF2, 0xF3, 0x3C, 0x1E, 0x79, 0xAA, 0x0D, 0x34, 0x87, 0x32,
    0x36, 0x11, 0xCC, 0x04, 0x66, 0x84, 0x36, 0x28, 0x90, 0xF2, 0xC0, 0xFF, 0x00, 0xBD, 0xD6, 0x01,
    0xA4, 0x25, 0xD7, 0xFD, 0xC0, 0xF1, 0xCF, 0xCC, 0x6C, 0x76, 0x92, 0x0C, 0x99, 0x45, 0xFE, 0x82,
    0xFD, 0xB7, 0x17, 0x8A, 0xA5, 0xB2, 0x53, 0x14, 0xC5, 0xDB, 0x37, 0xD3, 0x16, 0x45, 0xD1, 0x85,
    0x08, 0x02, 0x50, 0x00, 0x02, 0x45, 0x91, 0x64, 0xA6, 0x81, 0xA2, 0x10, 0x00, 0x0A, 0x01, 0x00,
    0x0A, 0xC5, 0x62, 0xF7, 0xDD, 0x93, 0x14, 0x41, 0xD0, 0x51, 0x28, 0x2D, 0x3A, 0x34, 0x4D, 0x11,
    0xF4, 0x68, 0xA7, 0xCD, 0x6C, 0x3A, 0xF7, 0x9E, 0xDE, 0xA1, 0x2B, 0x59, 0x6D, 0xAB, 0xF2, 0xF6,
    0x85, 0x7B, 0xBE, 0x3F, 0xB8, 0x77, 0x7C, 0xBF, 0xE7, 0x30, 0xF7, 0xF8, 0x6A, 0x7A, 0x4B, 0x91,
    0xD2, 0xAA, 0x4C, 0x1F, 0x1D, 0x69, 0x42, 0xA2, 0x1D, 0xF6, 0xB4, 0xDD, 0x9E, 0xBE, 0x3B, 0xB2,
    0x2F, 0x56, 0xD2, 0xCF, 0x22, 0x29, 0x75, 0xB2, 0xE3, 0x91, 0x7C, 0xED, 0xBB, 0x13, 0xDA, 0xA0,
    0x58, 0xEA, 0xA8, 0x98, 0xAB, 0x55, 0x9B, 0xF2, 0x34, 0xEC, 0x93, 0x7E, 0x00, 0x8A, 0xF8, 0x18,
    0xCA, 0x80, 0xE7, 0x70, 0xFD, 0x50, 0x0F, 0xF5, 0xB1, 0x0D, 0x1E, 0xA4, 0xE0, 0x62, 0x24, 0x0D,
    0x24, 0xB2, 0x03, 0xF9, 0x4A, 0xB1, 0x50, 0xCC, 0x94, 0x91, 0x2A, 0x52, 0x4F, 0xC0, 0xF5, 0x8E,
    0x3A, 0x50, 0x0F, 0xD4, 0xB8, 0x83, 0x1B, 0x50, 0x7A, 0x91, 0x2A, 0xAC, 0x14, 0xBF, 0x8F, 0xE4,
    0x29, 0x60, 0x0F, 0xB7, 0x00, 0x57, 0x53, 0x79, 0x23, 0xE3, 0x87, 0x75, 0xE7, 0xEC, 0x9C, 0x76,
    0x61, 0x37, 0x51, 0x05, 0x00, 0x37, 0xE7, 0x73, 0xED, 0x92, 0xE4, 0x1F, 0x9F, 0xD6, 0xDF, 0x3B,
    0xC5, 0x91, 0x62, 0xA5, 0x9C, 0x3F, 0xED, 0xAA, 0x47, 0x76, 0x61, 0x13, 0xDA, 0x7C, 0x00, 0xB2,
    0x89, 0x2A, 0xD2, 0x8F, 0xB2, 0x23, 0x3A, 0xA0, 0x3C, 0x45, 0xB4, 0x69, 0x96, 0x7E, 0x1A, 0xF3,
    0x35, 0xDF, 0xD6, 0x94, 0x1F, 0xB2, 0xEE, 0xE4, 0x43, 0x9A, 0x69, 0x8F, 0x54, 0x69, 0x20, 0x85,
    0x5A, 0x1B, 0x1A, 0x4D, 0x68, 0xBB, 0x36, 0xB4, 0x1F, 0xA6, 0xAE, 0x49, 0x07, 0x79, 0x1A, 0xF1,
    0x14, 0xEA, 0x8E, 0xA6, 0xA3, 0xC7, 0x8A, 0xC9, 0xA7, 0xD2, 0x0B, 0xFB, 0x83, 0xFC, 0xE1, 0x03,
    0x45, 0x7C, 0xDA, 0xE6, 0x9B, 0xA7, 0x8E, 0xFD, 0x26, 0x3A, 0x7B, 0xBA, 0x58, 0xB4, 0xF9, 0x69,
    0x7D, 0x14, 0x35, 0x69, 0x54, 0x1E, 0xE1, 0xCB, 0xD8, 0x87, 0x53, 0xE4, 0xA4, 0xFE, 0x55, 0xB4,
    0xF3, 0x36, 0x9E, 0xA0, 0xF3, 0x0D, 0xF2, 0x85, 0xF2, 0xC0, 0xAE, 0xE7, 0x4E, 0xCD, 0xCF, 0x9F,
    0xBD, 0x9C, 0xF3, 0x13, 0xF1, 0x42, 0xD3, 0xD1, 0x0E, 0xD4, 0x1D, 0xB7, 0x31, 0xDB, 0x7C, 0x4E,
    0x3A, 0x27, 0x9B, 0x93, 0x4C, 0xB1, 0x6E, 0x2A, 0x9B, 0xC9, 0x6E, 0x3E, 0x79, 0x9C, 0x34, 0x4E,
    0x16, 0x27, 0x89, 0xCD, 0x01, 0x8B, 0x6C, 0xE5, 0x4C, 0x16, 0x55, 0x03, 0xCF, 0xBA, 0xA7, 0x7E,
    0x73, 0x56, 0xFD, 0x29, 0x28, 0x12, 0x56, 0x4F, 0x74, 0x23, 0xAF, 0x65, 0x9D, 0xB3, 0x2A, 0x38,
    0x6F, 0xD8, 0xAD, 0xD4, 0x91, 0x72, 0xBC, 0xD4, 0x46, 0x36, 0x29, 0xA5, 0xAE, 0x4D, 0x1B, 0x5E,
    0x79, 0xD8, 0xBB, 0x53, 0xC5, 0xC6, 0x6B, 0x75, 0x3C, 0x77, 0xAB, 0x9E, 0x6E, 0x51, 0x4F, 0xD8,
    0x8D, 0x68, 0x02, 0xDA, 0x80, 0x76, 0x40, 0xDF, 0x61, 0x0F, 0xE9, 0x11, 0xEA, 0x34, 0xB1, 0x3D,
    0x17, 0xC8, 0x67, 0x14, 0x0B, 0xDC, 0x43, 0x16, 0x51, 0x07, 0x3C, 0x05, 0x6E, 0xF3, 0x80, 0xD5,
    0xF5, 0x34, 0xB7, 0x69, 0x7E, 0xE1, 0xE1, 0xDD, 0x62, 0x56, 0x46, 0xD5, 0xF6, 0x51, 0x4F, 0xEA,
    0xD1, 0xEE, 0x9D, 0x69, 0x97, 0xA6, 0x3A, 0x0D, 0xE5, 0x82, 0xAD, 0xB4, 0x8A, 0xB2, 0x49, 0x19,
    0x9C, 0xE3, 0x9A, 0x1B, 0x34, 0xF9, 0x4C, 0xFD, 0x93, 0x91, 0x2A, 0x21, 0x5F, 0xE1, 0x2E, 0xB8,
    0xB2, 0xB8, 0x1A, 0x3B, 0xDC, 0xE1, 0xF6, 0x19, 0x0F, 0xBE, 0xC6, 0x6A, 0x0B, 0x71, 0x2A, 0x71,
    0x4A, 0xF9, 0xCC, 0xEB, 0xEF, 0xB1, 0x57, 0xC5, 0x56, 0xE4, 0x94, 0xE4, 0xD4, 0xA4, 0x5C, 0xFE,
    0xAB, 0x60, 0x3C, 0xFB, 0x8C, 0x60, 0x99, 0xD2, 0x86, 0xE3, 0xE3, 0x82, 0x8F, 0x59, 0x56, 0x69,
    0xB4, 0x09, 0xFE, 0xE7, 0xAD, 0xDD, 0xA7, 0x90, 0xD2, 0xF0, 0xEF, 0xB6, 0xF6, 0xEE, 0x0D, 0x8A,
    0xE5, 0x07, 0x54, 0x69, 0xA6, 0xDE, 0x4D, 0xC8, 0x00, 0xA0, 0x4F, 0xDF, 0x4E, 0x73, 0x7F, 0x2C,
    0x4E, 0x3F, 0x89, 0xFA, 0xCD, 0x6B, 0xBF, 0x79, 0x1D, 0x35, 0xA3, 0x83, 0x26, 0x58, 0xB5, 0x21,
    0x3B, 0x61, 0xC8, 0x17, 0x7D, 0x57, 0xCC, 0xF6, 0x8A, 0x28, 0x29, 0x37, 0x6C, 0x5F, 0x1F, 0xDA,
    0xA0, 0x4F, 0xA9, 0xD3, 0xA4, 0x03, 0xD7, 0xD3, 0x5B, 0xA8, 0x42, 0xD0, 0xFC, 0x65, 0x74, 0x9E,
    0x82, 0x6F, 0x6C, 0x49, 0xD7, 0xC0, 0xCD, 0x58, 0xC6, 0x76, 0xAE, 0xA7, 0x17, 0xE6, 0x7A, 0x2C,
    0x62, 0x1D, 0xCA, 0xB8, 0x0B, 0xD5, 0xD4, 0x0E, 0xF5, 0xD8, 0x76, 0x75, 0x48, 0x27, 0xF7, 0xA4,
    0xF9, 0xF1, 0xFE, 0x56, 0x9B, 0xDA, 0xA5, 0x59, 0xDB, 0x58, 0x4F, 0xBB, 0x4E, 0x99, 0x66, 0xAA,
    0x14, 0xC9, 0x5E, 0xBA, 0x7B, 0xE5, 0xE6, 0x4D, 0x0A, 0xDA, 0x14, 0xFC, 0xDF, 0x4B, 0xF0, 0xF9,
    0xAD, 0x41, 0x39, 0x7C, 0x9D, 0xF2, 0xC3, 0x48, 0x91, 0x46, 0x5C, 0xB8, 0x72, 0x7F, 0xF8, 0x7F,
    0x83, 0xB6, 0x0C, 0x9A, 0xD4, 0xA9, 0x0F, 0xB8, 0x7B, 0x89, 0x8E, 0xBE, 0x23, 0x4B, 0x23, 0xC5,
    0x3B, 0x1B, 0xDE, 0x1D, 0xC9, 0x53, 0xC0, 0x1B, 0x57, 0xDB, 0x71, 0x8F, 0x22, 0x51, 0xD7, 0x3C,
    0x57, 0xB1, 0xCD, 0xEA, 0x40, 0xFE, 0xC1, 0x25, 0xCF, 0xC4, 0x33, 0x02, 0x6D, 0x39, 0xC9, 0x8E,
    0xCD, 0xA4, 0x9A, 0x53, 0xA7, 0xFE, 0xE6, 0x07, 0x5F, 0xC8, 0xC1, 0x64, 0xE3, 0xA4, 0xF8, 0x73,
    0x54, 0xFD, 0x7A, 0xB2, 0xFB, 0xDE, 0xE0, 0xEC, 0x4B, 0xF0, 0xB9, 0x83, 0x2E, 0x29, 0x3A, 0x7A,
    0x24, 0x4A, 0x93, 0x96, 0x4D, 0x74, 0xC0, 0x8B, 0x70, 0x0F, 0x0E, 0x1D, 0xD2, 0x88, 0x66, 0xF8,
    0x5C, 0x86, 0x81, 0x0A, 0x2F, 0xE2, 0x0C, 0xED, 0xC4, 0x2E, 0x20, 0x03, 0x9B, 0x21, 0xEC, 0x27,
    0xC8, 0xFF, 0x36, 0x43, 0x3D, 0xDE, 0x83, 0xA7, 0xDC, 0x00, 0xD0, 0xA6, 0x61, 0x29, 0xD3, 0xD8,
    0x1E, 0xB3, 0x25, 0x4F, 0x43, 0x35, 0xE7, 0xAB, 0x83, 0x72, 0x2E, 0xD6, 0x7C, 0x39, 0x8D, 0x6A,
    0x2D, 0xA2, 0x62, 0xAE, 0xD7, 0x6A, 0x3A, 0x8D, 0x66, 0xAD, 0xC3, 0x69, 0xDC, 0x59, 0x9B, 0x41,
    0xB1, 0xDC, 0x5F, 0x5B, 0xA7, 0x31, 0xAF, 0x17, 0xE4, 0x9F, 0xC4, 0xFB, 0xAB, 0xED, 0x26, 0x74,
    0x31, 0x93, 0xA7, 0xB0, 0x8F, 0x64, 0x69, 0xE8, 0xC7, 0x6D, 0xE8, 0x03, 0x8E, 0xFA, 0x0E, 0xAB,
    0x16, 0xDC, 0xEC, 0xD0, 0x06, 0xA4, 0x91, 0xED, 0xE0, 0x54, 0x21, 0x92, 0xE9, 0x80, 0x9B, 0xE1,
    0xF5, 0x32, 0xEE, 0xA7, 0xBE, 0x98, 0x5F, 0x89, 0x6D, 0xB1, 0x14, 0xB1, 0xFD, 0xD6, 0x5C, 0xCC,
    0xED, 0x9B, 0x31, 0x9F, 0xDB, 0x5F, 0xC4, 0x6C, 0xD9, 0xBF, 0x37, 0x66, 0x4B, 0xFA, 0x65, 0xF0,
    0xC9, 0x47, 0xBF, 0xEB, 0xA4, 0xF7, 0x8F, 0xA4, 0xEF, 0xAE, 0x1C, 0xAA, 0xC8, 0x52, 0x06, 0x80,
    0x6B, 0xD0, 0x23, 0x4B, 0x81, 0xEA, 0x8F, 0x13, 0xCD, 0x8F, 0x22, 0xD7, 0x74, 0x40, 0x9F, 0xAA,
    0x14, 0xFA, 0x43, 0x95, 0xBA, 0x3A, 0xE6, 0x8B, 0x2A, 0x96, 0x51, 0x39, 0x6F, 0xA9, 0x4B, 0xD3,
    0xC9, 0xD7, 0x37, 0x70, 0x5C, 0x91, 0x22, 0xFA, 0xF1, 0x7F, 0xFC, 0xBB, 0xBB, 0xBE, 0xB1, 0x8E,
    0x68, 0x67, 0xAC, 0xF7, 0xC9, 0xE3, 0x19, 0x3A, 0xC0, 0xA3, 0xCC, 0x9E, 0x3E, 0xB6, 0x83, 0x9B,
    0x1B, 0x8A, 0xB9, 0xD9, 0xD0, 0x76, 0xF2, 0xA5, 0x25, 0x5B, 0x5E, 0xDF, 0xB0, 0x62, 0x9D, 0x91,
    0x26, 0xA4, 0x80, 0x04, 0x07, 0x64, 0x33, 0xCA, 0x91, 0xF3, 0x57, 0x3B, 0xFA, 0x15, 0xCD, 0x5B,
    0x50, 0xBD, 0x3B, 0xB1, 0x7B, 0x3F, 0xB2, 0xFB, 0xCE, 0x08, 0xAE, 0xB4, 0xD7, 0x5D, 0xE4, 0x11,
    0xBB, 0x88, 0x34, 0x92, 0x3D, 0x04, 0x80, 0x2C, 0xA5, 0xA3, 0x3C, 0xA5, 0xA4, 0xF8, 0xEB, 0xCB,
    0x47, 0xC5, 0x54, 0xAD, 0x8A, 0x71, 0x17, 0xD1, 0x07, 0xA4, 0x8E, 0xE2, 0x80, 0x7A, 0x41, 0x33,
    0x61, 0x1F, 0xC8, 0x92, 0xEF, 0x2B, 0x57, 0xF7, 0xD5, 0xB3, 0x45, 0xFB, 0x87, 0x97, 0x67, 0x6D,
    0x4A, 0x71, 0xC3, 0x04, 0xF0, 0x0C, 0x76, 0x68, 0x71, 0x81, 0x05, 0x23, 0x80, 0xEC, 0x58, 0x0F,
    0x65, 0x4A, 0xA1, 0xFA, 0x6D, 0x52, 0x0D, 0x07, 0xD7, 0x8B, 0x99, 0x7A, 0xA4, 0x1D, 0xB8, 0x20,
    0x5F, 0xAE, 0xA9, 0xA6, 0xDA, 0xEE, 0x93, 0x7E, 0x7B, 0xAA, 0xF3, 0x9B, 0x0B, 0x6E, 0x43, 0x0F,
    0x7B, 0x78, 0xED, 0x0B, 0x6A, 0xC9, 0x22, 0xE5, 0x3F, 0x57, 0x3E, 0xFC, 0x6B, 0xC3, 0x6F, 0xB6,
    0x86, 0x55, 0x5E, 0x44, 0xEA, 0x40, 0xDB, 0x71, 0xA0, 0x98, 0x9F, 0x51, 0x4D, 0x3B, 0x4D, 0x4A,
    0xDA, 0x74, 0x74, 0x5E, 0x2D, 0x64, 0x9E, 0xA7, 0xEE, 0x56, 0xAA, 0xF7, 0x26, 0x8A, 0x34, 0xE0,
    0x08, 0x5F, 0xB9, 0xFA, 0x10, 0x19, 0x67, 0xF5, 0xE0, 0xCE, 0x39, 0xCD, 0xA3, 0x6B, 0x77, 0xB8,
    0xE4, 0xA1, 0x78, 0x75, 0x24, 0x4F, 0x33, 0xE5, 0xC7, 0x33, 0xF5, 0xF8, 0x36, 0xBB, 0x80, 0x66,
    0x40, 0xDB, 0xD9, 0xF0, 0xD8, 0xB9, 0x1D, 0xE1, 0x80, 0x6C, 0x45, 0xBE, 0xA1, 0x58, 0x36, 0xCC,
    0x1B, 0x22, 0xCA, 0x88, 0x2A, 0xA2, 0x1E, 0x79, 0x7E, 0x17, 0x38, 0xEF, 0x07, 0xFA, 0x23, 0x9A,
    0x0F, 0xF0, 0x0F, 0xCD, 0x99, 0x01, 0xA4, 0x2F, 0x57, 0x7E, 0xC7, 0x3F, 0x33, 0xE7, 0xBE, 0x3B,
    0xD9, 0x0E, 0x7B, 0x2E, 0xD2, 0x66, 0xF5, 0x49, 0x26, 0x08, 0x16, 0xBB, 0x19, 0x58, 0x14, 0x79,
    0xF7, 0x9C, 0x4A, 0xC9, 0xB2, 0xC8, 0x43, 0x9F, 0x45, 0x90, 0x02, 0x50, 0xDC, 0x22, 0x78, 0x78,
    0xC9, 0x4C, 0x1A, 0xA4, 0x40, 0x6F, 0xE9, 0xB6, 0x28, 0xBA, 0xA0, 0xA5, 0x90, 0x45, 0xF0, 0xF0,
    0xEE, 0x9D, 0xD3, 0x0D, 0x8A, 0xC2, 0x44, 0xA4, 0x4B, 0x83, 0x1D, 0x36, 0xD9, 0x60, 0xB1, 0x67,
    0xD3, 0x93, 0xEE, 0xDC, 0xCD, 0x99, 0xF9, 0x75, 0xCF, 0x99, 0xFF, 0xBD, 0xEF, 0x5E, 0x4F, 0xED,
    0xB6, 0xEF, 0xBD, 0xD8, 0xAF, 0x3B, 0xBF, 0x13, 0x5C, 0x39, 0x9F, 0xDF, 0xCC, 0x39, 0xE7, 0x7C,
    0xDF, 0xF7, 0x02, 0x5C, 0x03, 0xC0, 0xD8, 0xFB, 0xB5, 0x83, 0x62, 0xF8, 0x38, 0x42, 0x2B, 0xE2,
    0x41, 0x7E, 0x2A, 0x0E, 0xB5, 0xD2, 0x39, 0xEA, 0x19, 0x33, 0xA2, 0x3D, 0xED, 0xB4, 0xFB, 0x31,
    0x63, 0xAE, 0x6E, 0x57, 0xCD, 0x98, 0x6B, 0xFE, 0x19, 0x7A, 0xCC, 0x88, 0x40, 0xEB, 0xD5, 0x02,
    0x7A, 0x39, 0x0A, 0xA0, 0x44, 0x7A, 0xA0, 0x9B, 0xC9, 0x7A, 0x12, 0xB8, 0x97, 0x9F, 0xEB, 0x67,
    0x01, 0x91, 0x51, 0x2D, 0x43, 0xAF, 0x27, 0xE3, 0x1A, 0xD7, 0x3A, 0xD3, 0xB7, 0xCE, 0x58, 0xD3,
    0x1B, 0x6B, 0x6C, 0x67, 0x3B, 0x8C, 0x5D, 0x30, 0x1F, 0xCD, 0x34, 0x32, 0x51, 0xAE, 0x64, 0x15,
    0x16, 0x40, 0x8F, 0xB9, 0x3A, 0x80, 0xB6, 0xEF, 0xE4, 0x45, 0x59, 0xE8, 0x56, 0x25, 0xC7, 0x89,
    0xB5, 0x03, 0x3D, 0x71, 0x0A, 0xCD, 0xC8, 0x0A, 0xED, 0xC8, 0x02, 0xAD, 0x23, 0x82, 0x71, 0x45,
    0xAA, 0x7D, 0x39, 0x43, 0x67, 0x55, 0x80, 0x01, 0xE5, 0x41, 0xA8, 0x72, 0xD5, 0x13, 0x0C, 0xBD,
    0x71, 0xD0, 0x89, 0x58, 0x68, 0x65, 0x01, 0xF6, 0xE5, 0xF8, 0xD2, 0xE4, 0xD5, 0x08, 0xD4, 0xEE,
    0xBA, 0x2F, 0x05, 0x13, 0xF4, 0xC4, 0x53, 0x41, 0x8F, 0x28, 0xAF, 0x1D, 0x95, 0x6F, 0x1C, 0xF5,
    0x64, 0x7A, 0xF4, 0x68, 0x2C, 0xDA, 0x0D, 0xD0, 0xFC, 0xAB, 0x40, 0xFB, 0xF6, 0xF0, 0x75, 0x8C,
    0x98, 0x99, 0x36, 0x1A, 0x8F, 0x9E, 0x1A, 0xCB, 0xA6, 0x3D, 0x6E, 0x92, 0x75, 0x23, 0x71, 0x00,
    0xB4, 0x2F, 0x3B, 0xB2, 0xF4, 0xCA, 0x26, 0x35, 0xB3, 0xD3, 0x31, 0xF7, 0x75, 0x24, 0x13, 0x4A,
    0x24, 0x2A, 0x91, 0x95, 0x4A, 0x24, 0x96, 0xDD, 0x7F, 0x8A, 0xAB, 0x3F, 0x7C, 0x35, 0x62, 0x9C,
    0x99, 0xB4, 0x6B, 0x3C, 0xA6, 0xD7, 0xBE, 0xB6, 0xC6, 0x61, 0x6C, 0x1D, 0x40, 0x2C, 0x9D, 0xAD,
    0x02, 0x6A, 0x81, 0x81, 0x6A, 0xA6, 0x9E, 0x73, 0xEF, 0x81, 0x76, 0x82, 0x95, 0x3A, 0xD0, 0x39,
    0x8A, 0x05, 0xED, 0x0B, 0x81, 0x32, 0xD2, 0x4C, 0x2A, 0x72, 0xAC, 0x22, 0xC6, 0xE9, 0x50, 0x7A,
    0x15, 0x0B, 0xB1, 0x66, 0x54, 0xBE, 0x5A, 0x8E, 0x16, 0x86, 0x0F, 0x5F, 0x9D, 0x8C, 0xC8, 0x84,
    0x88, 0x8C, 0x83, 0x9C, 0xC1, 0x20, 0xE2, 0xB8, 0x2A, 0xBB, 0x07, 0x40, 0x31, 0xDD, 0xD8, 0x46,
    0x3F, 0x93, 0xF5, 0xC5, 0x94, 0x3B, 0x60, 0x70, 0xB9, 0x01, 0x0C, 0xD5, 0xF0, 0x6B, 0x7E, 0xF6,
    0xC8, 0xF8, 0xC0, 0x46, 0x3F, 0x1F, 0x66, 0xF8, 0x56, 0xD6, 0xCC, 0x6E, 0x8E, 0x62, 0x46, 0xBF,
    0x51, 0xF9, 0x4C, 0xFE, 0xB5, 0xC6, 0x6D, 0xE0, 0x66, 0xE3, 0x66, 0xD9, 0x61, 0x07, 0xCA, 0x4C,
    0x3D, 0x1E, 0x6C, 0xD0, 0xFD, 0x6D, 0x95, 0x99, 0x3F, 0x89, 0x09, 0xB9, 0x10, 0x99, 0x33, 0x71,
    0x38, 0x9A, 0x00, 0x0A, 0x0E, 0x00, 0xAA, 0x37, 0x03, 0x5C, 0xF7, 0xD5, 0xBF, 0x8D, 0xD0, 0x05,
    0x25, 0x3D, 0xFC, 0x79, 0x28, 0x56, 0x40, 0x79, 0x22, 0x50, 0x79, 0x00, 0xEA, 0x09, 0xA0, 0xF9,
    0xF1, 0xD8, 0x1E, 0x07, 0x44, 0xDC, 0xB0, 0x46, 0xB5, 0x0C, 0x6E, 0x19, 0x7C, 0xED, 0xDB, 0x3E,
    0x34, 0x63, 0xFA, 0xFE, 0x7F, 0xD6, 0xD9, 0xD6, 0x19, 0x58, 0x30, 0x7D, 0x87, 0x0A, 0x18, 0xBB,
    0xA2, 0x47, 0x4C, 0xB9, 0x62, 0xAC, 0x35, 0x2F, 0x9D, 0x3E, 0xBB, 0x14, 0x93, 0x79, 0xA7, 0xFB,
    0x6F, 0xF9, 0x67, 0x6F, 0xA2, 0xF9, 0x54, 0x64, 0xAA, 0xA7, 0xF6, 0xC5, 0xF7, 0x87, 0x1E, 0x59,
    0xA9, 0xC5, 0x17, 0x12, 0xD1, 0x32, 0xD1, 0x3A, 0x10, 0x30, 0x0E, 0x56, 0x30, 0x3D, 0xC5, 0x02,
    0x9D, 0xA5, 0x8C, 0x79, 0x50, 0x11, 0x86, 0x6D, 0x99, 0x08, 0xA8, 0x00, 0x2B, 0x54, 0x21, 0xFF,
    0x56, 0xED, 0x29, 0x23, 0xCF, 0x6A, 0x8F, 0x8A, 0xDC, 0xD5, 0x13, 0x2A, 0x16, 0xA1, 0x19, 0xA9,
    0xCE, 0xBE, 0xEB, 0x5B, 0x47, 0x27, 0x32, 0x19, 0xC7, 0x20, 0x92, 0x16, 0x2C, 0xC0, 0x00, 0x50,
    0xBC, 0xBF, 0x00, 0x28, 0x99, 0x01, 0x4A, 0x19, 0x2F, 0x36, 0x6F, 0xD6, 0x21, 0x59, 0x02, 0xB2,
    0xE6, 0x61, 0x88, 0x70, 0x8F, 0xCC, 0x09, 0x98, 0xDD, 0xD0, 0x53, 0x87, 0x0C, 0x68, 0x66, 0x18,
    0x2C, 0x4F, 0x85, 0x8D, 0x33, 0x80, 0x6C, 0xAF, 0x72, 0xCD, 0x80, 0x99, 0x73, 0xDA, 0x38, 0xC7,
    0x8D, 0xD3, 0x6D, 0x9C, 0x6E, 0xE3, 0xEC, 0x37, 0x4E, 0xBB, 0x71, 0x92, 0x75, 0x4A, 0x56, 0x04,
    0x50, 0x9F, 0xCE, 0x00, 0x95, 0x4C, 0x00, 0xE5, 0x6A, 0x61, 0x7F, 0xA1, 0xA5, 0x49, 0x6B, 0x86,
    0x85, 0x01, 0x22, 0xAF, 0x53, 0x44, 0xA0, 0x4C, 0x45, 0xCD, 0xFB, 0x11, 0x15, 0xDA, 0x48, 0xE5,
    0xFF, 0x20, 0x52, 0xFB, 0x72, 0x46, 0x4F, 0x6A, 0x46, 0x8F, 0x2A, 0xA0, 0x5D, 0xE5, 0x69, 0x5C,
    0xED, 0x69, 0x7B, 0x3D, 0x61, 0xBE, 0xAD, 0x47, 0x4C, 0x6C, 0x1C, 0x26, 0xB4, 0x8E, 0xB6, 0x37,
    0x16, 0xE8, 0x80, 0x7E, 0x05, 0x25, 0x31, 0x15, 0x0F, 0x85, 0xF4, 0x80, 0x8C, 0x95, 0x7C, 0x20,
    0xB1, 0x10, 0x5F, 0xC9, 0x5B, 0x32, 0xD3, 0x06, 0x22, 0xA6, 0xC7, 0xCC, 0xC4, 0xFC, 0x2E, 0x22,
    0x73, 0x1E, 0xD7, 0x22, 0x30, 0xC0, 0xEB, 0x52, 0x7A, 0x04, 0xEE, 0x75, 0x6F, 0x79, 0x56, 0x88,
    0xE6, 0x3D, 0x5F, 0x2C, 0x10, 0xDB, 0x1F, 0x4D, 0x65, 0xA4, 0x98, 0xF5, 0x2F, 0x47, 0x15, 0x29,
    0x43, 0x2D, 0x4E, 0xCD, 0x28, 0xAF, 0x76, 0x63, 0x29, 0x7D, 0xDA, 0xCA, 0x1E, 0xE9, 0x13, 0xE9,
    0xC2, 0x60, 0xB5, 0x67, 0x58, 0xE8, 0xD0, 0x23, 0xC0, 0xC5, 0xF7, 0x78, 0xAD, 0xEB, 0x01, 0x10,
    0x61, 0x1B, 0x67, 0xB2, 0xBA, 0x63, 0x76, 0x6A, 0x2C, 0x59, 0xC6, 0x65, 0xFE, 0xD1, 0xF4, 0x0C,
    0x7E, 0x5F, 0xFA, 0x43, 0x36, 0x7E, 0xD8, 0xF8, 0x01, 0x13, 0x8B, 0xF4, 0xF2, 0xE8, 0xD6, 0x22,
    0xE8, 0x05, 0x4E, 0xA4, 0x0C, 0xD7, 0xD2, 0x98, 0xF8, 0xE3, 0x8E, 0x3F, 0xEE, 0xF8, 0xE7, 0x1D,
    0x7F, 0xD8, 0xF1, 0x87, 0x8D, 0xBF, 0xF2, 0x89, 0x3F, 0x73, 0x57, 0x89, 0x5F, 0x4F, 0x89, 0x5F,
    0xAC, 0x76, 0x1B, 0x7F, 0xE3, 0x00, 0x0E, 0x30, 0x1B, 0xF7, 0xCD, 0x0E, 0x80, 0x42, 0x16, 0x00,
    0x4A, 0x09, 0x64, 0x0D, 0x3D, 0x57, 0xD7, 0xE3, 0x95, 0xE1, 0x1E, 0x57, 0x75, 0x3D, 0xB4, 0xEE,
    0x7A, 0xC0, 0xCC, 0x32, 0x99, 0x19, 0xF5, 0xC5, 0xCF, 0xA7, 0x84, 0x23, 0x75, 0x1E, 0xA2, 0x1E,
    0x2B, 0x4F, 0x35, 0xE7, 0xAF, 0x5E, 0xFB, 0xD6, 0xE9, 0x09, 0x3D, 0x99, 0x5E, 0x8F, 0xF9, 0x28,
    0xD7, 0x8E, 0xC6, 0x75, 0x4F, 0x36, 0x79, 0x98, 0xDB, 0x9E, 0xD6, 0x75, 0xDE, 0x58, 0xD2, 0x6D,
    0xD5, 0x5D, 0x5A, 0x8F, 0xC5, 0x1F, 0x47, 0x00, 0x25, 0x0F, 0xAC, 0xC7, 0xDD, 0x49, 0xFF, 0x82,
    0xF2, 0x60, 0x9A, 0x1E, 0xF4, 0x0A, 0x54, 0xE1, 0xEA, 0xA9, 0x7E, 0x17, 0x50, 0x11, 0xA8, 0x53,
    0x69, 0x16, 0xE0, 0xF0, 0x14, 0xB8, 0x93, 0xCA, 0xDC, 0x41, 0xE9, 0x0D, 0x54, 0xDB, 0xE5, 0x62,
    0x7A, 0x5A, 0x11, 0x87, 0x49, 0x65, 0xA1, 0x75, 0xC5, 0x4C, 0x33, 0x2A, 0x4F, 0x33, 0xB5, 0x0B,
    0xB2, 0x74, 0x6B, 0x29, 0x0B, 0x60, 0x79, 0x46, 0x8D, 0xE8, 0x97, 0xFB, 0x3C, 0x67, 0x15, 0xA1,
    0xF4, 0x5C, 0xA8, 0xF9, 0x91, 0xDF, 0xDD, 0xC3, 0x2E, 0xF7, 0x3D, 0x9A, 0x7C, 0x6A, 0xA5, 0xBE,
    0x8C, 0x95, 0xED, 0xB0, 0x7A, 0x69, 0x7D, 0xD6, 0xBC, 0xD3, 0x05, 0x13, 0x4D, 0x3A, 0xA0, 0x2C,
    0x07, 0x85, 0x25, 0x68, 0xC7, 0x89, 0x01, 0x33, 0x83, 0x9E, 0xA0, 0xB4, 0x64, 0xC9, 0x4A, 0x21,
    0x11, 0xDA, 0x11, 0x8C, 0xDB, 0x3D, 0x3D, 0x74, 0x16, 0x06, 0x40, 0x80, 0x15, 0x8A, 0xF4, 0x2C,
    0x50, 0x46, 0x50, 0xE9, 0x99, 0xA1, 0x13, 0xCB, 0x20, 0x96, 0x82, 0x83, 0xAA, 0x0F, 0xD5, 0x7B,
    0xA3, 0x92, 0xBE, 0x58, 0x2F, 0xBE, 0x64, 0x3E, 0xE5, 0x67, 0x9E, 0x9A, 0xC9, 0xEB, 0x88, 0x7A,
    0x42, 0x8F, 0xE4, 0x4F, 0x43, 0xFB, 0x57, 0x98, 0x05, 0x33, 0xD3, 0x1C, 0x43, 0xE9, 0x1A, 0x50,
    0xD3, 0x09, 0x14, 0xBF, 0x0A, 0xC0, 0xE0, 0x80, 0x96, 0xCB, 0x2A, 0x86, 0x09, 0x5A, 0x59, 0xB3,
    0xDB, 0xE9, 0xB3, 0xD9, 0xC9, 0x5E, 0x27, 0x5B, 0x9D, 0xEC, 0x74, 0xCC, 0x98, 0x8A, 0xDB, 0x8A,
    0x19, 0x53, 0x71, 0xD9, 0xE4, 0x98, 0x11, 0xC9, 0x16, 0x67, 0x73, 0x38, 0x4A, 0xC4, 0x5D, 0xF8,
    0x1B, 0x8B, 0x56, 0x53, 0x7E, 0xD5, 0xF5, 0x0A, 0xEA, 0xEA, 0xAB, 0xE6, 0xFA, 0x0C, 0x22, 0xFC,
    0x9F, 0x2C, 0x4F, 0xCD, 0x1D, 0xD0, 0x3F, 0x0C, 0x50, 0xFD, 0x6C, 0x84, 0x42, 0x1E, 0x58, 0xDA,
    0xC9, 0xFD, 0x84, 0x64, 0x7E, 0xA6, 0xEC, 0x7D, 0xF4, 0xC4, 0x90, 0x9D, 0x4F, 0x36, 0x3E, 0xD9,
    0xF7, 0x64, 0xDB, 0x93, 0x5D, 0x4F, 0x36, 0x3D, 0x9B, 0xE7, 0x11, 0xAA, 0x54, 0xF4, 0x94, 0x0D,
    0x4F, 0xF6, 0x3B, 0x9B, 0xDD, 0xD9, 0xDC, 0xCE, 0x5E, 0x5A, 0x36, 0xD5, 0x48, 0xD3, 0x58, 0xF4,
    0x02, 0xD5, 0x0C, 0x6A, 0x62, 0x53, 0xBE, 0x23, 0x7D, 0x32, 0x3F, 0xC9, 0xFB, 0x24, 0xEB, 0x93,
    0x9C, 0x4F, 0x32, 0x3E, 0xDB, 0x66, 0x91, 0xEC, 0x7A, 0x92, 0xE9, 0x49, 0x9E, 0x27, 0x59, 0x9E,
    0xEC, 0x78, 0x8A, 0x5B, 0x7F, 0x7A, 0x71, 0x5E, 0xCE, 0x6C, 0xAA, 0xDE, 0x0F, 0xA0, 0x3F, 0x08,
    0x50, 0x60, 0x1F, 0x7B, 0x57, 0x5A, 0xA6, 0xFC, 0x6A, 0xAF, 0xDD, 0xB2, 0x00, 0xB4, 0x75, 0x4F,
    0xD7, 0x3A, 0x6E, 0x34, 0x0F, 0xD7, 0xD9, 0x4E, 0xAF, 0xED, 0xB6, 0x74, 0x22, 0xA5, 0xF8, 0x93,
    0x9B, 0xA0, 0xDF, 0xF3, 0xA0, 0xDF, 0x9A, 0x1E, 0x7B, 0x67, 0x60, 0x41, 0x39, 0xD0, 0x23, 0x18,
    0x0B, 0x33, 0x60, 0xE1, 0x79, 0x6D, 0x19, 0x4C, 0xCF, 0x9D, 0xE7, 0x1F, 0xB2, 0x43, 0x7B, 0x13,
    0x8A, 0xCF, 0x02, 0x20, 0x0E, 0x38, 0x04, 0x0A, 0xFB, 0x65, 0x77, 0xA8, 0xAB, 0x11, 0xFD, 0x63,
    0x8B, 0x5A, 0xA0, 0x08, 0x00, 0x8F, 0xB0, 0x43, 0x00, 0xE5, 0x52, 0x09, 0x40, 0x71, 0x2F, 0x95,
    0x6F, 0x7F, 0x99, 0x1D, 0xEE, 0x01, 0xDF, 0x00, 0x0C, 0xD0, 0x38, 0x50, 0x23, 0xD0, 0x3F, 0xBA,
    0x0E, 0xBB, 0x51, 0x49, 0xD0, 0x9F, 0xC6, 0x67, 0x58, 0xF6, 0x8A, 0x85, 0xA3, 0xA5, 0x0C, 0x51,
    0xBF, 0x19, 0x8D, 0x9A, 0xDF, 0xA8, 0x7C, 0x77, 0x34, 0x1A, 0xB1, 0x3A, 0xC0, 0xB6, 0x3B, 0xB4,
    0xF8, 0x54, 0x46, 0x36, 0x5D, 0x2B, 0x2C, 0x98, 0x97, 0x47, 0x38, 0xD4, 0x3D, 0xC0, 0xE3, 0xBC,
    0xB3, 0xB4, 0xF8, 0xFC, 0x64, 0x10, 0xA0, 0xA9, 0x1D, 0xA6, 0x71, 0x1C, 0x36, 0xF6, 0x61, 0xEE,
    0xAD, 0x8B, 0xCE, 0xC6, 0x54, 0xDC, 0xE5, 0x06, 0xCA, 0x98, 0xCA, 0x0C, 0x70, 0xFC, 0xF8, 0x3B,
    0x9B, 0x36, 0x90, 0xDD, 0x1C, 0x45, 0xDC, 0xCD, 0x3F, 0xF1, 0x70, 0xDD, 0x81, 0x91, 0x1E, 0xB6,
    0x8B, 0x14, 0xF8, 0xFD, 0x5B, 0x5C, 0x15, 0x28, 0x11, 0xC9, 0xD7, 0x48, 0xA2, 0x84, 0xEE, 0xF3,
    0x57, 0x1C, 0xF0, 0x85, 0xAF, 0xFA, 0xE4, 0xA2, 0xA7, 0x7D, 0xA0, 0xFE, 0xF7, 0x11, 0xA0, 0xD5,
    0x0E, 0xE0, 0x75, 0x2D, 0x01, 0x8A, 0xB9, 0x15, 0x0F, 0xCA, 0x9B, 0xEF, 0xDD, 0x04, 0x2D, 0x62,
    0x21, 0xB5, 0x0B, 0x30, 0xDC, 0x1A, 0xF8, 0x26, 0x45, 0xE4, 0x94, 0x1B, 0x54, 0x9E, 0xF5, 0x56,
    0xA4, 0x9D, 0x6B, 0x91, 0x99, 0x21, 0x36, 0x22, 0x01, 0x90, 0xE5, 0xDC, 0xBE, 0xA5, 0x2B, 0xE0,
    0xBE, 0x9A, 0x8F, 0x9B, 0x09, 0x11, 0x89, 0x6A, 0x19, 0x7E, 0x15, 0x6B, 0xAF, 0x5D, 0xD4, 0x63,
    0xFB, 0x66, 0x68, 0x9D, 0xA9, 0x26, 0xD3, 0x0F, 0xC9, 0x6B, 0xCB, 0x8C, 0x29, 0xC5, 0x1E, 0x98,
    0x97, 0x84, 0x1F, 0xFC, 0xBA, 0xE1, 0x7F, 0xF0, 0x6D, 0x6C, 0xA5, 0xAF, 0xA7, 0xFA, 0x0C, 0x8A,
    0xE1, 0x2C, 0xF3, 0x38, 0xBA, 0x4F, 0x8E, 0x92, 0x59, 0xD0, 0xB6, 0x9A, 0xD1, 0x68, 0xCF, 0x1E,
    0xCD, 0x78, 0xEE, 0x81, 0x8D, 0xFB, 0xBD, 0x7F, 0xE9, 0x8D, 0x6B, 0xC4, 0x19, 0x57, 0x08, 0xC6,
    0xFD, 0xA1, 0x1C, 0x9B, 0xA9, 0x95, 0x31, 0xBB, 0x5B, 0x2D, 0x7F, 0x1F, 0x29, 0x13, 0x30, 0x47,
    0xEB, 0xD6, 0xD9, 0x4C, 0x99, 0xC8, 0xAB, 0x65, 0xB8, 0x89, 0x9E, 0x0C, 0x68, 0x97, 0xCB, 0x0A,
    0xD5, 0x17, 0x33, 0x20, 0xC7, 0xA0, 0x02, 0x50, 0xFB, 0x54, 0xC4, 0x52, 0xAC, 0xDD, 0x4C, 0x35,
    0xED, 0xAF, 0x74, 0x22, 0xE2, 0x9A, 0x4F, 0x6E, 0x2D, 0xB6, 0x3A, 0x7B, 0x25, 0xFF, 0x9F, 0x46,
    0x68, 0xCF, 0x00, 0xC6, 0xDA, 0x52, 0x04, 0x03, 0x2C, 0x33, 0x60, 0x26, 0xE0, 0xEA, 0x7E, 0x7A,
    0xB0, 0xA3, 0xFE, 0xBC, 0xA3, 0xAF, 0x5C, 0xE9, 0x28, 0x17, 0x2D, 0x2E, 0x95, 0xDE, 0x38, 0x56,
    0xCC, 0xC4, 0x4A, 0x1B, 0x58, 0xD0, 0xF2, 0x77, 0x57, 0x3B, 0xFA, 0x0B, 0x0D, 0xCC, 0x87, 0xC0,
    0xEB, 0x17, 0xF3, 0x36, 0x0E, 0xD8, 0xE7, 0xB2, 0x4A, 0x91, 0xBC, 0x8C, 0x2D, 0xDD, 0x47, 0x9F,
    0xC3, 0xAA, 0x3C, 0xC4, 0x5C, 0x6A, 0x0F, 0xC3, 0xE0, 0xA0, 0x59, 0x81, 0x76, 0x02, 0x4E, 0xCF,
    0x3D, 0xF8, 0xBE, 0x2C, 0xD0, 0xBE, 0x39, 0x38, 0xDE, 0xC8, 0xC9, 0x4B, 0x2A, 0xDD, 0xDF, 0x74,
    0x6E, 0x5B, 0x21, 0xFB, 0xF2, 0x31, 0xC0, 0x0F, 0x2A, 0x07, 0x73, 0x6B, 0xE1, 0x8D, 0x13, 0xA0,
    0xF5, 0x40, 0xED, 0xB8, 0x24, 0x59, 0xCC, 0x5A, 0xC8, 0xDC, 0x46, 0x5A, 0xD7, 0x8C, 0x18, 0x37,
    0x80, 0xF9, 0xCB, 0x08, 0xDD, 0x77, 0x3C, 0x74, 0x5D, 0x0F, 0xC3, 0x0A, 0x48, 0x04, 0x24, 0xFB,
    0xC7, 0xC1, 0x52, 0x46, 0xE3, 0x50, 0xB1, 0xF1, 0xA8, 0xB9, 0x9E, 0xA9, 0xE6, 0x64, 0xE6, 0x84,
    0x14, 0x48, 0xD0, 0xF6, 0xD8, 0x27, 0x29, 0xC7, 0x7B, 0x14, 0x9F, 0x79, 0xC8, 0x46, 0x0D, 0xF8,
    0x1A, 0x59, 0xFB, 0x0B, 0x68, 0x81, 0x6B, 0x2B, 0xB0, 0x40, 0x11, 0xA1, 0x98, 0xA1, 0x0C, 0x1D,
    0xEA, 0xBF, 0xA4, 0x57, 0x3F, 0x7F, 0xA7, 0xAF, 0xA2, 0xEE, 0x6B, 0xDF, 0xA2, 0xC7, 0x13, 0xF4,
    0xCF, 0x3C, 0x8D, 0x40, 0xFB, 0x8E, 0xCD, 0x27, 0xA1, 0xA9, 0x17, 0xDB, 0x95, 0xD2, 0x9F, 0x72,
    0xFA, 0x48, 0x0C, 0x65, 0x4C, 0x86, 0x32, 0x67, 0x3A, 0x16, 0xBA, 0x00, 0x28, 0x07, 0x68, 0x0B,
    0x34, 0x7F, 0x0B, 0xE8, 0x2D, 0x81, 0xB8, 0xE2, 0x24, 0xED, 0x6F, 0xE5, 0x24, 0xC5, 0xC2, 0xD3,
    0xC0, 0x6D, 0xE0, 0xEE, 0xCE, 0x11, 0x1B, 0xBB, 0xDB, 0x93, 0xA5, 0xC4, 0x07, 0x36, 0xE6, 0x97,
    0xDA, 0x4E, 0x3E, 0x0D, 0x5B, 0x71, 0xF9, 0xC9, 0x7A, 0x84, 0x2D, 0x56, 0xF6, 0x9B, 0x54, 0x2E,
    0xA2, 0x7E, 0x39, 0x81, 0xF4, 0x70, 0x83, 0x0B, 0x89, 0x2C, 0x88, 0xAC, 0xC5, 0xD9, 0x77, 0x63,
    0xE9, 0x6B, 0x5F, 0x4C, 0xAD, 0x83, 0x01, 0xCA, 0x08, 0x75, 0x5E, 0x1D, 0x3D, 0x45, 0xE7, 0x36,
    0x3F, 0xA7, 0xC7, 0x86, 0x66, 0x9B, 0xFF, 0xA7, 0x42, 0x93, 0x8F, 0x88, 0x63, 0x28, 0xFB, 0xDB,
    0xA8, 0x1F, 0x7A, 0xD4, 0xA7, 0x8E, 0x42, 0x2C, 0x2C, 0xC0, 0x73, 0x5C, 0x68, 0x90, 0x88, 0x48,
    0x2C, 0x3E, 0x7F, 0xC5, 0x97, 0x93, 0x76, 0x58, 0x03, 0x44, 0x50, 0x1E, 0x74, 0x00, 0x2D, 0x50,
    0x24, 0xD8, 0xD6, 0x41, 0x93, 0x9F, 0x27, 0x68, 0xDD, 0x21, 0x9D, 0xED, 0xFE, 0x63, 0xA5, 0x95,
    0xC0, 0xBE, 0x58, 0xE0, 0xFB, 0x0D, 0x10, 0x5E, 0x07, 0x4E, 0xC2, 0xF9, 0x16, 0x6E, 0x7B, 0xE0,
    0x2B, 0x5C, 0xFD, 0x72, 0x40, 0x2D, 0xE7, 0xFF, 0x45, 0x2E, 0xA7, 0xB0, 0x81, 0x11, 0x81, 0xE2,
    0xE2, 0xB2, 0x53, 0x81, 0x8D, 0x84, 0x2A, 0x95, 0x7A, 0x02, 0xB4, 0x83, 0x83, 0xB6, 0x87, 0x93,
    0x01, 0x90, 0xB8, 0x9B, 0x6B, 0x0B, 0x1C, 0xB5, 0x88, 0xCF, 0x79, 0x5D, 0x3A, 0xD8, 0x73, 0xE0,
    0xD8, 0x7E, 0xEF, 0xC8, 0xE7, 0xC4, 0xAE, 0xC5, 0xB8, 0x1C, 0xD9, 0x3D, 0x8F, 0xD8, 0x2D, 0x70,
    0x54, 0x0B, 0x5B, 0xE0, 0x58, 0xCF, 0xBB, 0xC0, 0xB1, 0x9D, 0x76, 0x81, 0x63, 0xE7, 0xB6, 0xC0,
    0xB1, 0x10, 0xB6, 0xE0, 0x4E, 0xC5, 0x5D, 0xE0, 0xA8, 0x43, 0xD9, 0xE7, 0xC0, 0xD1, 0x8C, 0x95,
    0xCB, 0xD9, 0xDD, 0xD0, 0x6B, 0x97, 0x02, 0xC7, 0x52, 0x6E, 0x1D, 0x39, 0x23, 0x32, 0x29, 0x11,
    0xB1, 0x29, 0xBE, 0x2B, 0x45, 0xE4, 0x6A, 0x24, 0x0A, 0x90, 0x01, 0x61, 0x17, 0x28, 0x72, 0x35,
    0x50, 0xD4, 0x1F, 0xDF, 0xCB, 0x70, 0x46, 0x96, 0xCC, 0xF6, 0xC6, 0x51, 0xC8, 0x68, 0x77, 0xEA,
    0x29, 0x93, 0x3D, 0xD7, 0xF6, 0x19, 0x8C, 0xD3, 0x8D, 0xAB, 0x8C, 0x1B, 0x56, 0xE5, 0xD3, 0x98,
    0x16, 0xA2, 0xCD, 0x50, 0x1D, 0x3E, 0x07, 0x8A, 0xF2, 0x4F, 0x61, 0x87, 0xE4, 0x33, 0x91, 0x1F,
    0xC6, 0x64, 0xCF, 0x80, 0xDD, 0xAA, 0x4F, 0x11, 0x22, 0x9C, 0xBF, 0x67, 0x1E, 0x8C, 0x10, 0xC7,
    0x19, 0x11, 0xD7, 0x9D, 0x47, 0x88, 0xE1, 0x72, 0x84, 0x68, 0x7E, 0x63, 0x84, 0x78, 0xF2, 0xBF,
    0x45, 0x88, 0x3B, 0x3D, 0x0D, 0xB0, 0xB2, 0x2D, 0x68, 0xDA, 0x09, 0x78, 0xF2, 0xF1, 0xDE, 0x35,
    0xEC, 0x01, 0x1C, 0x5E, 0xAC, 0xBB, 0x78, 0xDE, 0xBB, 0x72, 0x5F, 0xD2, 0x5D, 0xF3, 0x04, 0x17,
    0x04, 0x1B, 0x3C, 0x4D, 0x00, 0x28, 0xEE, 0x72, 0x55, 0x39, 0xEC, 0xCA, 0x51, 0x5D, 0xBF, 0x0B,
    0xBA, 0xCC, 0x9C, 0x6B, 0x64, 0x26, 0x47, 0x74, 0x5B, 0x40, 0xB7, 0xC5, 0x73, 0x5B, 0xB8, 0xB5,
    0x45, 0x5B, 0x5B, 0xB0, 0xB5, 0xC5, 0x5A, 0x5B, 0xA8, 0xB5, 0x45, 0x5A, 0x5B, 0x20, 0xB7, 0xC5,
    0x71, 0x5B, 0x98, 0x75, 0x59, 0x1A, 0x68, 0x1C, 0xE8, 0x69, 0xF7, 0x4A, 0xDE, 0x05, 0x0E, 0x2E,
    0xE2, 0xA9, 0x94, 0x4D, 0xE5, 0x60, 0x4A, 0xEA, 0x29, 0x47, 0x52, 0x73, 0xB3, 0xD9, 0xBF, 0x9D,
    0xB3, 0xDF, 0x32, 0xA8, 0x6E, 0xDE, 0xD2, 0x27, 0xD3, 0x03, 0x58, 0xA0, 0x76, 0xC0, 0xE0, 0x40,
    0x9D, 0x01, 0xC5, 0x7D, 0xF3, 0x2A, 0x40, 0xFD, 0x1D, 0x0B, 0xBA, 0xB2, 0x50, 0xFF, 0x23, 0xA0,
    0x96, 0x0B, 0x43, 0x9B, 0xCA, 0xE1, 0x09, 0x70, 0xEF, 0xDC, 0xD0, 0xAA, 0x07, 0x0C, 0x6D, 0xFF,
    0x1B, 0xE3, 0x25, 0x20, 0x99, 0x9A, 0xC1, 0x52, 0x9D, 0xC1, 0xF9, 0xDC, 0x4A, 0xF2, 0xCC, 0x79,
    0x62, 0xAD, 0xA1, 0x5E, 0xA1, 0x0C, 0x0F, 0x65, 0x6E, 0x29, 0xAF, 0x84, 0x95, 0x92, 0x87, 0x6A,
    0x05, 0x40, 0x1F, 0xFF, 0xAE, 0x58, 0x5D, 0x9E, 0x04, 0xB8, 0x01, 0x70, 0x02, 0x14, 0xF7, 0x57,
    0x7F, 0xFF, 0x08, 0x9D, 0xEF, 0xD5, 0x25, 0x05, 0xC3, 0xFD, 0x77, 0xA1, 0x3F, 0xE6, 0xEA, 0xA5,
    0xC0, 0xD1, 0xD9, 0x57, 0xA1, 0x92, 0xBC, 0x73, 0xCE, 0x06, 0x0F, 0x62, 0x1B, 0x4F, 0xB9, 0xD0,
    0x06, 0x54, 0x64, 0x98, 0xA9, 0x43, 0x8A, 0xD0, 0xB5, 0xD7, 0x6F, 0xA7, 0x7A, 0x58, 0xA5, 0x1A,
    0xEA, 0x80, 0xFE, 0xC9, 0xA8, 0x3D, 0x5A, 0x6C, 0x33, 0xA1, 0x17, 0x8C, 0xA3, 0x9E, 0x11, 0x4B,
    0x2D, 0xAF, 0x2C, 0xF9, 0xAD, 0x78, 0xB8, 0xDD, 0xAC, 0xC0, 0x01, 0x3B, 0x3D, 0x0B, 0x70, 0x07,
    0xE0, 0xE2, 0x96, 0xA9, 0xA6, 0x54, 0xEC, 0xD5, 0x5B, 0xEA, 0x2D, 0x8B, 0x16, 0x01, 0xF3, 0x51,
    0x84, 0x55, 0x45, 0x8A, 0x58, 0x47, 0xD4, 0x6C, 0x22, 0xEA, 0x17, 0x9F, 0xA5, 0x80, 0xF6, 0xAD,
    0x40, 0xB5, 0x56, 0xC9, 0xD7, 0xE9, 0x31, 0x87, 0x66, 0x68, 0x59, 0xE1, 0x85, 0x76, 0xE2, 0xB2,
    0x4A, 0x37, 0x81, 0xFA, 0xC5, 0x0C, 0x45, 0x3C, 0x01, 0x0E, 0x1B, 0xE0, 0x89, 0xF2, 0x71, 0xFE,
    0x2B, 0xEE, 0xEB, 0xCF, 0xC1, 0x9D, 0xBB, 0x70, 0xE3, 0x0E, 0x3C, 0x7F, 0x03, 0xBE, 0xFA, 0x0C,
    0xEC, 0xED, 0x3D, 0xC4, 0xE2, 0x2E, 0x17, 0x36, 0xB7, 0xC1, 0xE1, 0x91, 0x83, 0x6F, 0x55, 0x3D,
    0x50, 0x3C, 0xCE, 0x16, 0x8A, 0x75, 0x9B, 0xB0, 0x7D, 0xD5, 0xF1, 0x2D, 0xE5, 0xA0, 0xF8, 0xFF,
    0xE3, 0x3F, 0x71, 0x6D, 0x17, 0xC3, 0xD0, 0xFC, 0xF5, 0x08, 0xD5, 0x4F, 0x3C, 0x14, 0xFE, 0x5D,
    0x2E, 0x49, 0x44, 0x6C, 0x91, 0x0A, 0xED, 0x87, 0x47, 0x60, 0x5C, 0x03, 0xA6, 0x7F, 0x1A, 0x3A,
    0x0B, 0x74, 0x00, 0x83, 0x4C, 0xA4, 0xA9, 0x61, 0xBD, 0x65, 0x29, 0x16, 0xA0, 0x8C, 0x1C, 0xA0,
    0x22, 0xEF, 0xA2, 0x66, 0x42, 0xFE, 0x5B, 0x10, 0x9D, 0x88, 0x67, 0xC8, 0xBF, 0xF7, 0xFD, 0xE3,
    0xE2, 0xB3, 0x89, 0xCF, 0x3D, 0x77, 0x03, 0x7F, 0x74, 0x9B, 0x83, 0x83, 0xED, 0x1C, 0x45, 0xA2,
    0x3A, 0x5B, 0xEA, 0x31, 0x36, 0x6E, 0x6E, 0x5F, 0xF4, 0xA6, 0x75, 0x66, 0xA1, 0x3B, 0xC6, 0xF0,
    0x9A, 0xF9, 0x28, 0x34, 0x32, 0x56, 0x0B, 0xD0, 0x4C, 0x80, 0x44, 0x28, 0xCF, 0x52, 0xB1, 0x2F,
    0x00, 0x1C, 0x3C, 0x4E, 0xDC, 0x6A, 0xC6, 0xAC, 0x9C, 0x74, 0x8C, 0x1A, 0xF6, 0x7E, 0x7B, 0xD6,
    0xB2, 0xB0, 0xFA, 0x6D, 0x57, 0x7F, 0xE0, 0xCB, 0x10, 0xB9, 0xFD, 0x0D, 0x36, 0xC9, 0x5A, 0x48,
    0xA4, 0xBD, 0xF8, 0xFB, 0x7B, 0x9F, 0xD8, 0x06, 0x10, 0x58, 0x29, 0xD6, 0x44, 0x54, 0x46, 0x54,
    0x4C, 0x2C, 0x5D, 0x72, 0x4B, 0xF6, 0x7F, 0x00, 0xB5, 0x95, 0x01, 0x84, 0x1F, 0x47, 0x14, 0x87,
    0xBF, 0xDD, 0xB9, 0x64, 0xD3, 0xAC, 0x64, 0x8A, 0x68, 0x42, 0xB5, 0x1B, 0x04, 0xA1, 0xE9, 0x4D,
    0x11, 0x14, 0x49, 0x66, 0xB4, 0x00, 0x68, 0xA0, 0x85, 0x22, 0x00, 0x80, 0x83, 0x00, 0x8E, 0x9D,
    0x16, 0x52, 0x20, 0x87, 0x02, 0x45, 0x03, 0x00, 0x04, 0xA0, 0xB8, 0xCB, 0x4E, 0x15, 0x50, 0x18,
    0xA0, 0x28, 0x4C, 0xA9, 0x28, 0x81, 0x11, 0x5B, 0xDD, 0x93, 0xDD, 0x7D, 0xFD, 0x4F, 0xEE, 0x2F,
    0x07, 0xA0, 0xA9, 0x5B, 0xFB, 0xFB, 0x60, 0x66, 0x79, 0xDF, 0xEC, 0x7B, 0x06, 0xB8, 0x78, 0x89,
    0x6E, 0x17, 0xDD, 0xD1, 0x3E, 0x76, 0xEA, 0x91, 0xAB, 0x2A, 0x80, 0x76, 0xC4, 0x4E, 0x5C, 0x9D,
    0x50, 0x23, 0x2A, 0xD3, 0x26, 0x74, 0x44, 0x07, 0xBA, 0x80, 0xF9, 0x0E, 0xBB, 0x94, 0xD5, 0xEE,
    0x00, 0x9A, 0x09, 0xEC, 0x0A, 0xC7, 0x3D, 0x44, 0x0D, 0xEC, 0x00, 0x80, 0xAC, 0x54, 0x32, 0x83,
    0x89, 0x60, 0xC3, 0x36, 0x1E, 0x7A, 0x07, 0x03, 0x20, 0xC0, 0x0A, 0x55, 0xC9, 0x02, 0xF5, 0x0C,
    0xAA, 0x64, 0x82, 0x5E, 0x1C, 0xC3, 0x26, 0xF4, 0x5E, 0x49, 0x6A, 0x7F, 0xCB, 0x97, 0xAA, 0x04,
    0xEE, 0x3F, 0x14, 0x05, 0xC0, 0xAD, 0xCB, 0x80, 0xED, 0x3C, 0xE8, 0x5F, 0x13, 0xA8, 0x3F, 0x46,
    0xE0, 0xFE, 0x75, 0x00, 0xA0, 0x1A, 0x12, 0x18, 0x59, 0x41, 0x9E, 0x8B, 0x57, 0x2B, 0x7D, 0x68,
    0x27, 0x6C, 0xD4, 0x19, 0x93, 0x4C, 0xDA, 0xC0, 0xC6, 0x82, 0x70, 0x02, 0x1B, 0x0B, 0xC2, 0x06,
    0x83, 0xB7, 0x11, 0xC1, 0x64, 0xB5, 0xA0, 0x97, 0xBD, 0x11, 0x25, 0x12, 0xA0, 0x9F, 0x80, 0x6B,
    0x37, 0x60, 0xFF, 0x10, 0xEE, 0xEE, 0xC3, 0xEE, 0x5D, 0xD0, 0x97, 0x4F, 0x0F, 0xE4, 0xFD, 0x09,
    0x44, 0x50, 0xCB, 0xE0, 0x75, 0xB2, 0xA1, 0x0B, 0x26, 0x58, 0xBF, 0x89, 0xB3, 0x7E, 0x13, 0xD7,
    0xBB, 0x1E, 0xEB, 0x16, 0xEC, 0xEF, 0x13, 0x9D, 0x24, 0xEA, 0x15, 0xA0, 0x72, 0x40, 0x9F, 0x39,
    0x39, 0x4B, 0x15, 0x0F, 0x41, 0x71, 0x1B, 0x80, 0xB3, 0xF4, 0xA8, 0x56, 0xD0, 0xE2, 0x31, 0x3F,
    0x06, 0x6E, 0xA8, 0x00, 0xD5, 0xFF, 0x70, 0x00, 0x78, 0x78, 0x0B, 0x38, 0xB2, 0x80, 0x7D, 0x10,
    0xA0, 0xFD, 0x25, 0x41, 0xE5, 0x3D, 0x00, 0xF0, 0x91, 0x1C, 0xA0, 0x44, 0x66, 0x1A, 0x79, 0xB1,
    0x82, 0x09, 0x02, 0xD6, 0x0F, 0x60, 0xDD, 0x00, 0xBD, 0x5B, 0x61, 0x50, 0x33, 0xC8, 0xD3, 0x0C,
    0x22, 0x8E, 0x6A, 0x5D, 0xA1, 0x9E, 0x7B, 0xB7, 0x81, 0x0D, 0xA8, 0x49, 0x67, 0xD4, 0xD8, 0xCE,
    0x58, 0xA9, 0xC5, 0x0F, 0x42, 0xEF, 0x01, 0x78, 0x72, 0x40, 0xF5, 0x32, 0xC1, 0xDF, 0x19, 0x7E,
    0x1A, 0xE1, 0xD3, 0x87, 0xC0, 0xBB, 0x27, 0x2A, 0xE3, 0x3D, 0xEC, 0x24, 0xD4, 0xFF, 0x6C, 0xF2,
    0xCA, 0xA1, 0x56, 0x50, 0x33, 0x34, 0x23, 0xB4, 0x19, 0x74, 0x02, 0x1D, 0xA1, 0x0B, 0x60, 0xB6,
    0xBD, 0x0B, 0xE7, 0x00, 0x86, 0x08, 0x4A, 0x32, 0xB4, 0xDF, 0x8C, 0xF0, 0x0E, 0x4F, 0x00, 0x38,
    0x4B, 0x97, 0xED, 0x90, 0x71, 0xD4, 0x43, 0xFC, 0x10, 0xD8, 0x79, 0x7B, 0x87, 0xEB, 0x57, 0x80,
    0xE9, 0x0E, 0xF0, 0xCC, 0x02, 0xE6, 0x8B, 0x00, 0xCD, 0xB7, 0x91, 0xD3, 0xA7, 0x97, 0xCF, 0x65,
    0xEC, 0x57, 0x25, 0x49, 0x67, 0x7A, 0x74, 0x62, 0xA0, 0x8B, 0xAC, 0x98, 0xC8, 0x82, 0x09, 0xCC,
    0xD8, 0x50, 0x6D, 0xE0, 0xEB, 0x89, 0xDE, 0xA9, 0x91, 0x01, 0x95, 0x11, 0x9A, 0x82, 0xB2, 0xDD,
    0xDB, 0x40, 0x5F, 0xE4, 0x8C, 0x2C, 0x70, 0x5E, 0x0E, 0x00, 0x80, 0x1B, 0x9F, 0xC0, 0xE1, 0xB4,
    0x9D, 0x91, 0x3B, 0x70, 0xF9, 0x03, 0xD8, 0xD9, 0xBA, 0xE4, 0x26, 0xDB, 0x51, 0xA7, 0xAB, 0xA3,
    0x8E, 0x2A, 0xEB, 0xD0, 0xE4, 0x2E, 0xB4, 0xC9, 0x7A, 0x1D, 0xAD, 0xD3, 0x41, 0xE8, 0x7E, 0x16,
    0xCC, 0xA3, 0xE1, 0xA6, 0x15, 0x3B, 0x99, 0xD9, 0x66, 0x9D, 0x3A, 0x07, 0xE7, 0x80, 0x4A, 0x22,
    0x34, 0x92, 0x41, 0x7F, 0x96, 0xE1, 0x02, 0xE9, 0xCC, 0x5D, 0xEA, 0x05, 0xB4, 0x38, 0xEE, 0xED,
    0x79, 0x6E, 0x37, 0x1E, 0xAA, 0xB7, 0x77, 0x68, 0xE4, 0x00, 0x2B, 0x23, 0xF2, 0x43, 0xAE, 0xE7,
    0xBA, 0x24, 0xD5, 0x4B, 0xE5, 0x6A, 0xF1, 0x20, 0x23, 0xD8, 0x15, 0x5A, 0xF1, 0x20, 0x41, 0x63,
    0x83, 0xE1, 0xF5, 0xBC, 0x05, 0xFB, 0x5C, 0x5C, 0xA9, 0xA8, 0x96, 0x08, 0x00, 0x96, 0xD3, 0xEC,
    0x43, 0x95, 0x4E, 0xE6, 0x75, 0x58, 0xEA, 0xE3, 0x23, 0x95, 0x2F, 0xA8, 0x99, 0x5A, 0x1C, 0x43,
    0xA4, 0x1B, 0x2F, 0xA8, 0xC9, 0xD6, 0x93, 0x7D, 0x91, 0x8D, 0xC4, 0x66, 0x05, 0x60, 0x84, 0xA9,
    0xB0, 0x4E, 0x34, 0x45, 0x55, 0xC4, 0xD9, 0xD7, 0xF8, 0xFA, 0xB8, 0xE7, 0x6E, 0x9B, 0x0D, 0xFB,
    0x3A, 0xDF, 0xE3, 0xA6, 0x4E, 0x37, 0x41, 0x27, 0xA0, 0x8B, 0x80, 0x09, 0x80, 0x7D, 0x0D, 0x0F,
    0xF4, 0x0E, 0x18, 0x00, 0x84, 0x2D, 0xB4, 0x24, 0x30, 0x12, 0x01, 0xD8, 0x96, 0xA5, 0x32, 0x50,
    0x17, 0xA8, 0x04, 0x68, 0xFF, 0xA6, 0xA3, 0x77, 0xE1, 0x08, 0x66, 0xCE, 0xCB, 0x68, 0x65, 0xBC,
    0x7A, 0x7C, 0x5F, 0x8D, 0x34, 0x99, 0xB6, 0xBC, 0xE8, 0x84, 0x8E, 0x9B, 0x43, 0x4C, 0x9D, 0x24,
    0x2D, 0xBE, 0x99, 0x00, 0x9A, 0x40, 0x1B, 0x0B, 0xB5, 0xE3, 0xE3, 0xA2, 0xBC, 0x3A, 0x44, 0x52,
    0xB5, 0xEE, 0xE5, 0x2A, 0x37, 0xB9, 0x4A, 0x4D, 0xC6, 0xB5, 0xF9, 0xA4, 0xDE, 0xC1, 0xD3, 0xAC,
    0xD4, 0x22, 0x4E, 0x89, 0x04, 0xBE, 0x37, 0x11, 0xBA, 0x92, 0x70, 0x62, 0x31, 0xB8, 0xB2, 0xFE,
    0xD5, 0x30, 0x31, 0x48, 0xC4, 0xFE, 0x05, 0xB4, 0x0B, 0xF4, 0xE2, 0xAB, 0xB5, 0x0F, 0xE5, 0x97,
    0x56, 0x51, 0x6F, 0x87, 0x69, 0x80, 0x66, 0x01, 0xD9, 0x64, 0x15, 0xC0, 0xFA, 0xD3, 0x0B, 0x4E,
    0xA0, 0x99, 0x79, 0x4F, 0xC6, 0xF2, 0x29, 0xE6, 0x4F, 0x80, 0x1D, 0xEE, 0x03, 0xBB, 0xF5, 0x08,
    0x74, 0x8F, 0x03, 0xD0, 0x0A, 0x40, 0x3D, 0x03, 0x50, 0x16, 0x01, 0x40, 0x56, 0x2D, 0xB9, 0x92,
    0x49, 0x4B, 0xC4, 0x84, 0x6A, 0x01, 0x1B, 0xCA, 0x26, 0xEB, 0xD5, 0x4C, 0xE9, 0xD1, 0xA9, 0xB0,
    0x19, 0x61, 0x10, 0x19, 0x41, 0x44, 0x32, 0xAC, 0x5F, 0x3E, 0xC8, 0x54, 0x0B, 0x3A, 0x51, 0xCF,
    0x45, 0x4A, 0xCD, 0x98, 0x50, 0x68, 0x03, 0xCD, 0x54, 0x58, 0x66, 0xA1, 0x98, 0x35, 0x32, 0x82,
    0xBB, 0x42, 0x1D, 0x0F, 0xA9, 0x5E, 0x66, 0x90, 0x00, 0x3D, 0x70, 0x0D, 0x78, 0xD3, 0xDD, 0x70,
    0x71, 0x05, 0x16, 0xA8, 0x66, 0xA8, 0xA7, 0x4D, 0xC6, 0x3D, 0xA7, 0x5E, 0x4A, 0x50, 0xAF, 0x9E,
    0x86, 0x66, 0xED, 0x42, 0x3B, 0x99, 0xA0, 0xB3, 0x2D, 0x57, 0x81, 0xEB, 0x42, 0x8F, 0x09, 0xCF,
    0xB0, 0x7E, 0xB9, 0x6E, 0x9D, 0xE4, 0x1E, 0x49, 0x03, 0xCF, 0xDC, 0xBF, 0x6D, 0x90, 0x21, 0xCC,
    0xD3, 0x40, 0x00, 0x85, 0xBF, 0xEE, 0x46, 0x2A, 0x1A, 0x72, 0x13, 0x73, 0x64, 0x39, 0xC4, 0x24,
    0xEB, 0x21, 0x27, 0xAE, 0xBD, 0xF3, 0x08, 0x26, 0x40, 0x63, 0xF1, 0x81, 0x64, 0xA2, 0x6B, 0xCF,
    0x7B, 0x0F, 0x5E, 0x41, 0x32, 0x31, 0xB1, 0x6C, 0x87, 0xC2, 0xD6, 0xAB, 0xF3, 0xAA, 0x21, 0x4D,
    0x98, 0x68, 0x5A, 0x2A, 0xF9, 0x93, 0xDF, 0xBD, 0xE4, 0x3D, 0xF1, 0xBD, 0x0F, 0x0C, 0x35, 0x8D,
    0x53, 0x41, 0xB4, 0xB8, 0x05, 0x69, 0x90, 0x41, 0xFB, 0x9A, 0x2F, 0x00, 0x6B, 0x92, 0x01, 0x31,
    0x22, 0xBF, 0x61, 0xA5, 0x3F, 0x0A, 0x97, 0xFD, 0xF2, 0xFA, 0x6F, 0x28, 0xA7, 0xB0, 0x2D, 0x79,
    0xF1, 0xD1, 0xD9, 0x29, 0xD8, 0xC9, 0xAF, 0x38, 0xA7, 0x63, 0x7D, 0x1F, 0x54, 0xCC, 0xEF, 0xE3,
    0x45, 0x65, 0xC1, 0x7E, 0x0A, 0xA5, 0x74, 0xAF, 0xDA, 0xA6, 0xEF, 0xFB, 0x43, 0x97, 0x85, 0x9C,
    0x0D, 0x69, 0xA7, 0x07, 0x63, 0xF6, 0xC6, 0x3E, 0x64, 0x0B, 0x24, 0x6D, 0x14, 0x7F, 0x3A, 0xF9,
    0x3B, 0xEA, 0xF7, 0xDE, 0xEC, 0x00, 0x56, 0x09, 0x67, 0xE5, 0xAA, 0x13, 0xB6, 0x47, 0x47, 0xA4,
    0x67, 0xFB, 0xF6, 0xD2, 0x57, 0xD7, 0xC2, 0x6C, 0x76, 0xCB, 0x25, 0x1F, 0x48, 0x27, 0xD4, 0xE4,
    0x0B, 0xE9, 0x5F, 0xA7, 0x0E, 0xC0, 0xCD, 0xA8, 0xE4, 0x14, 0x58, 0x72, 0x12, 0x97, 0x45, 0xD1,
    0x89, 0x98, 0x05, 0xE9, 0x0A, 0x72, 0x6E, 0x0C, 0x3C, 0xB8, 0x52, 0xF1, 0x86, 0x5D, 0x69, 0xAA,
    0xF3, 0xF7, 0x34, 0xCC, 0x9D, 0xB7, 0xEC, 0x81, 0x27, 0x9C, 0xCA, 0x7F, 0x8D, 0x3F, 0xE2, 0xCF,
    0xD6, 0x7A, 0xC8, 0xBC, 0x9C, 0x47, 0x8A, 0xFD, 0x9C, 0x54, 0x2B, 0xDA, 0x34, 0x94, 0xAC, 0x59,
    0xB0, 0xC1, 0x70, 0xE4, 0x3E, 0x9B, 0x51, 0x4E, 0x63, 0x29, 0x39, 0x71, 0x85, 0xCF, 0x2C, 0x46,
    0xB2, 0xC9, 0xE9, 0x77, 0xE1, 0x28, 0xFE, 0xF3, 0xF0, 0xAC, 0x26, 0x0E, 0x6A, 0x68, 0xC6, 0x5E,
    0xFB, 0x97, 0x00, 0x20, 0x1C, 0x32, 0xA0, 0x3D, 0x35, 0xF4, 0x00, 0x33, 0xCB, 0xCD, 0xFA, 0x6A,
    0xBE, 0x44, 0x45, 0xE3, 0x2C, 0xFF, 0x00, 0xC5, 0x59, 0x01, 0xC4, 0x27, 0x67, 0x7A, 0xFF, 0xCD,
    0xCC, 0xDD, 0x4D, 0x74, 0xDA, 0x7B, 0x17, 0xDB, 0x4B, 0x89, 0x33, 0x41, 0x10, 0xA4, 0x19, 0x28,
    0x4E, 0xEC, 0x7E, 0xEF, 0x3F, 0xBB, 0x08, 0x8A, 0x0B, 0x9A, 0x3B, 0x2C, 0x02, 0x80, 0x96, 0x2F,
    0x38, 0x50, 0xFB, 0x7D, 0x33, 0x97, 0x45, 0xCA, 0xE1, 0x16, 0x38, 0x04, 0x01, 0xF4, 0x68, 0x49,
    0x10, 0xA4, 0xED, 0xEE, 0x37, 0x73, 0x89, 0x0A, 0x02, 0x13, 0x71, 0x82, 0xA5, 0x99, 0x6B, 0x2E,
    0x49, 0xEB, 0xE8, 0xBE, 0x4D, 0xA7, 0x32, 0x9B, 0x7D, 0x67, 0x9E, 0xFE, 0x7E, 0x33, 0xDF, 0x3F,
    0xFB, 0x25, 0x39, 0x6D, 0x1A, 0xDD, 0xDE, 0x7C, 0x3B, 0xBF, 0x57, 0xFC, 0xDF, 0xF7, 0x79, 0x9E,
    0xE7, 0x79, 0x7E, 0xEF, 0xF3, 0x3C, 0x23, 0xC0, 0xD3, 0xE0, 0x33, 0x02, 0x48, 0x16, 0x02, 0xDA,
    0x8E, 0x90, 0xF7, 0x38, 0xF3, 0x98, 0xD9, 0x2E, 0x11, 0xA0, 0xFA, 0xE5, 0x21, 0xE0, 0xBB, 0x92,
    0xD0, 0x7C, 0x17, 0xA8, 0x77, 0x20, 0xAC, 0xA7, 0x6C, 0xD0, 0x3E, 0x1E, 0x5B, 0x9E, 0xD9, 0x21,
    0x99, 0x01, 0xA4, 0x11, 0xE7, 0x90, 0x45, 0xBC, 0x8A, 0x6C, 0xA2, 0xFC, 0xFC, 0xCE, 0x0F, 0x03,
    0x6A, 0xB3, 0x80, 0x76, 0xDD, 0x87, 0xE9, 0x40, 0x7B, 0x16, 0x42, 0xB8, 0x71, 0xBF, 0xB5, 0x55,
    0x92, 0xE7, 0x09, 0xF0, 0x57, 0xEE, 0xD4, 0xB8, 0x58, 0x04, 0x8F, 0x0B, 0x2E, 0x5C, 0xC4, 0x79,
    0x47, 0x49, 0x28, 0x65, 0x4F, 0x65, 0xA3, 0x60, 0x01, 0xFC, 0x87, 0x54, 0xEE, 0x9B, 0xBA, 0xA1,
    0x4A, 0xDF, 0xA1, 0x85, 0x6F, 0x60, 0x82, 0x05, 0x7E, 0xE7, 0xAC, 0xAF, 0xB9, 0xAD, 0x6B, 0xC1,
    0x67, 0x06, 0x92, 0x74, 0x02, 0xDC, 0x4B, 0x81, 0x60, 0x0D, 0xA8, 0x18, 0x7A, 0xCE, 0x0B, 0xE4,
    0x56, 0x1E, 0x09, 0x3E, 0x10, 0x8E, 0xF1, 0x05, 0x2F, 0x91, 0x08, 0xE8, 0x65, 0x2D, 0x2F, 0x3D,
    0xA1, 0xB9, 0x28, 0x2F, 0x2F, 0x08, 0xE4, 0xE5, 0xBA, 0x4F, 0xB0, 0x00, 0x7B, 0x2F, 0x09, 0xD9,
    0x67, 0x90, 0x4F, 0x84, 0x5A, 0x6A, 0x5B, 0x01, 0x92, 0xF6, 0x5F, 0x80, 0x52, 0x42, 0xED, 0x83,
    0x16, 0xD9, 0x8C, 0x03, 0x14, 0x01, 0x17, 0xE0, 0x7A, 0x06, 0xA7, 0xEA, 0x64, 0x89, 0x45, 0xC1,
    0x44, 0xF8, 0xE5, 0xD3, 0xD2, 0x08, 0xE9, 0xC6, 0xC3, 0xF0, 0x3D, 0xAE, 0xA2, 0x0C, 0x49, 0x84,
    0x5B, 0xAE, 0x8C, 0x48, 0xD7, 0xE8, 0x1E, 0xCA, 0x99, 0xDC, 0xAE, 0xF3, 0xC4, 0x08, 0x7B, 0x31,
    0xA4, 0x31, 0xD5, 0x3B, 0xA4, 0x73, 0xB2, 0x4B, 0xA5, 0x51, 0x21, 0xF3, 0x0B, 0x50, 0xAC, 0xFF,
    0xD1, 0x39, 0xCA, 0xAA, 0xA8, 0xC8, 0x33, 0x6C, 0x0A, 0x62, 0x65, 0x33, 0x52, 0x09, 0xB2, 0x25,
    0xA1, 0xE2, 0xAA, 0x97, 0x2E, 0xFD, 0x53, 0x64, 0xE5, 0x9F, 0xC9, 0xB7, 0x84, 0xFF, 0x66, 0xB9,
    0x96, 0x45, 0x25, 0xAF, 0xB6, 0x5D, 0x6B, 0x3B, 0x1C, 0x95, 0x3B, 0x2C, 0x7E, 0x87, 0xD7, 0x0E,
    0xCE, 0x04, 0x6D, 0x81, 0xE4, 0x48, 0x90, 0xC4, 0xE8, 0x95, 0x2C, 0x09, 0x93, 0x34, 0x18, 0x24,
    0x4F, 0x02, 0x25, 0x51, 0x22, 0x25, 0x53, 0x42, 0x25, 0x15, 0x12, 0x0B, 0xAC, 0x81, 0x9F, 0x37,
    0x21, 0xD5, 0x17, 0x84, 0x9C, 0x15, 0xF4, 0x45, 0x21, 0x7A, 0x47, 0x28, 0xA0, 0x70, 0x01, 0x8F,
    0xF1, 0xA8, 0x22, 0x5F, 0xCF, 0x40, 0x39, 0x28, 0x21, 0x66, 0xD6, 0x6D, 0xCB, 0xCA, 0xD3, 0x2B,
    0x81, 0x88, 0xA3, 0x62, 0x5D, 0x6E, 0xB8, 0x41, 0x4B, 0xDC, 0x96, 0xA9, 0xFC, 0x80, 0x98, 0x84,
    0xD2, 0x02, 0x0F, 0x04, 0x45, 0x09, 0x59, 0xEF, 0x9F, 0x37, 0x4A, 0x67, 0xEC, 0x5A, 0xC0, 0x35,
    0xB5, 0x16, 0x8F, 0x96, 0x7F, 0xE7, 0x6F, 0xC2, 0xE8, 0x92, 0x8F, 0xB0, 0x2B, 0x11, 0x9E, 0xC7,
    0x78, 0xAE, 0x6A, 0xBC, 0x2D, 0x54, 0x64, 0xD1, 0x5B, 0x93, 0xD8, 0xE4, 0x4D, 0xDE, 0x48, 0x9B,
    0x6F, 0x9C, 0x70, 0xE7, 0x06, 0xF9, 0xE3, 0x7A, 0x22, 0xCA, 0x4E, 0x14, 0x31, 0x66, 0x92, 0x60,
    0x13, 0xAF, 0x4D, 0xFD, 0xFC, 0x92, 0x44, 0xFE, 0x6E, 0x69, 0x94, 0x92, 0x6C, 0x22, 0x1A, 0x71,
    0x49, 0xE6, 0x9C, 0x78, 0x25, 0xD6, 0x56, 0x98, 0x0D, 0xAD, 0x39, 0xAA, 0xF9, 0xEF, 0xAE, 0xCF,
    0xF9, 0xFD, 0xF5, 0xB9, 0x35, 0x13, 0xCC, 0x1A, 0xF8, 0x7F, 0x6D, 0x95, 0x62, 0x05, 0x68, 0x47,
    0x68, 0x41, 0x30, 0x85, 0x79, 0x91, 0x6D, 0xF6, 0xBA, 0xD1, 0xE3, 0x37, 0xE5, 0xFA, 0xF6, 0xE4,
    0x3B, 0x6C, 0x89, 0x48, 0x6C, 0x77, 0x4A, 0xE9, 0xE4, 0xB3, 0x84, 0xCF, 0xC9, 0x4C, 0xE7, 0x8A,
    0x85, 0x1B, 0xAA, 0xBF, 0xA5, 0x8C, 0xAB, 0x80, 0xFF, 0xF1, 0x08, 0xD4, 0x97, 0x07, 0xA0, 0x2D,
    0x56, 0xB7, 0xB4, 0x4F, 0x47, 0x97, 0xAA, 0x61, 0xC6, 0xE8, 0x6A, 0xAA, 0x38, 0x67, 0x31, 0x0F,
    0xCC, 0x7C, 0x36, 0x51, 0x64, 0x3A, 0xA3, 0x36, 0x88, 0x57, 0x6B, 0xA6, 0x1F, 0x80, 0x9E, 0x6A,
    0xC3, 0x5E, 0x58, 0x4C, 0xD8, 0x5F, 0xD8, 0xB3, 0x8F, 0x2D, 0xCE, 0x02, 0x19, 0xE7, 0x54, 0x42,
    0x3A, 0xD1, 0xCA, 0x77, 0x69, 0x24, 0x36, 0x05, 0x91, 0xC5, 0x41, 0xF8, 0xA4, 0x6E, 0x53, 0x9B,
    0xDF, 0x1D, 0x01, 0xAB, 0x7E, 0x12, 0x80, 0xE5, 0xC4, 0x05, 0x3A, 0x33, 0xBA, 0x41, 0xE4, 0x2F,
    0x69, 0x8A, 0x29, 0x44, 0x59, 0xA4, 0x0C, 0xF9, 0xE7, 0xC5, 0x9C, 0x4B, 0x3C, 0xD5, 0x5A, 0x6E,
    0x23, 0xB6, 0x27, 0xD9, 0x3D, 0xAA, 0xEC, 0x7F, 0x0F, 0x70, 0x6F, 0x8B, 0x65, 0xD4, 0x28, 0x1E,
    0x9F, 0x79, 0xBC, 0x5D, 0xB6, 0xDE, 0x2F, 0xA9, 0x75, 0xC5, 0x88, 0x19, 0xF9, 0x98, 0x4C, 0xF2,
    0x2F, 0xD0, 0x5D, 0xC6, 0x21, 0x89, 0x65, 0x03, 0xCC, 0x1E, 0xC0, 0x89, 0xDC, 0xA8, 0xC7, 0x7D,
    0xDD, 0xA9, 0x3A, 0xC1, 0x0E, 0x78, 0xEE, 0x44, 0x2E, 0x4D, 0x82, 0xE1, 0xB3, 0x7A, 0x64, 0x73,
    0x65, 0x1D, 0x5D, 0xF4, 0xAA, 0xB7, 0x5D, 0x3E, 0xC9, 0xC5, 0x7C, 0x5C, 0x5D, 0x0C, 0x2B, 0x7F,
    0x36, 0x54, 0xB4, 0xE5, 0x04, 0x4C, 0xF2, 0x94, 0x49, 0xAA, 0x9C, 0xB9, 0x8B, 0xDA, 0x51, 0x37,
    0xC8, 0x88, 0x3B, 0x88, 0x45, 0x2A, 0x81, 0xCF, 0x18, 0x54, 0x7C, 0xA9, 0xA6, 0x25, 0xF6, 0x22,
    0x39, 0xF0, 0x19, 0xF6, 0x2B, 0x76, 0x2B, 0x36, 0x42, 0xE0, 0xB5, 0x7D, 0x45, 0x2B, 0x04, 0xE5,
    0x4C, 0x38, 0x90, 0xB5, 0x57, 0x05, 0x53, 0xAD, 0x1E, 0xE1, 0xD5, 0x95, 0xFC, 0x0E, 0xAE, 0xF3,
    0x8D, 0x78, 0xD6, 0xC1, 0x0B, 0x66, 0x25, 0x66, 0xA2, 0x69, 0x14, 0x5E, 0x0E, 0xD5, 0x4C, 0x87,
    0x6A, 0xC6, 0x68, 0xFE, 0x5C, 0x81, 0x3D, 0x5E, 0x6B, 0xAB, 0xE0, 0xC2, 0xE7, 0xDA, 0xC8, 0x7A,
    0x81, 0x4C, 0x29, 0x3B, 0x8C, 0x74, 0x27, 0x55, 0x15, 0xA2, 0x57, 0x59, 0x4C, 0xA2, 0x42, 0x1B,
    0xE9, 0xCA, 0x61, 0x40, 0x2D, 0x3D, 0xAD, 0xA9, 0x16, 0x1E, 0x5A, 0x93, 0x99, 0x8D, 0xB9, 0xDD,
    0x52, 0x32, 0xC5, 0x67, 0xBE, 0x3B, 0xFA, 0x9E, 0x2A, 0x9B, 0x83, 0x84, 0x49, 0x56, 0x32, 0x67,
    0x73, 0x2A, 0x8C, 0x69, 0x94, 0x9C, 0x8C, 0x62, 0x64, 0xAD, 0x84, 0xDC, 0x9F, 0xCA, 0xBF, 0x55,
    0x1F, 0xA1, 0x2A, 0xD9, 0x0F, 0xA3, 0x02, 0x98, 0x4D, 0xA2, 0xB4, 0x92, 0x09, 0xDD, 0x05, 0x60,
    0x2A, 0x88, 0x69, 0x50, 0x32, 0xB3, 0xE0, 0x7A, 0x05, 0x54, 0x85, 0xC1, 0x75, 0x15, 0xB1, 0xDC,
    0x79, 0xA2, 0xA7, 0x29, 0x3C, 0x24, 0x33, 0xD2, 0xF9, 0x99, 0x56, 0x95, 0x9F, 0xFE, 0x9E, 0x62,
    0xAD, 0x73, 0x38, 0x22, 0x0E, 0xB8, 0xCA, 0xD3, 0xDD, 0x29, 0xFE, 0x88, 0xB8, 0xBB, 0x4F, 0x63,
    0xC2, 0x31, 0x2C, 0x32, 0xB8, 0x8C, 0xDD, 0xE8, 0x22, 0xFE, 0x86, 0x06, 0xFB, 0xBF, 0xA0, 0x0F,
    0x55, 0x23, 0x17, 0x83, 0xBF, 0xB4, 0xFA, 0xE5, 0xF3, 0x4E, 0xAE, 0xD6, 0x4E, 0x8A, 0x78, 0x8E,
    0xB8, 0x45, 0x18, 0xF9, 0x38, 0xFB, 0x1D, 0xE0, 0x86, 0x28, 0x1F, 0xFD, 0x2F, 0xA2, 0xE3, 0x62,
    0x97, 0x26, 0x15, 0x88, 0x39, 0x1B, 0x19, 0x1C, 0x37, 0x65, 0xA3, 0xD8, 0x3B, 0x54, 0x4B, 0x62,
    0xBA, 0xD3, 0x0B, 0x01, 0x0F, 0x2D, 0xAB, 0x9D, 0xC9, 0x72, 0x18, 0xD2, 0x50, 0x84, 0xB4, 0x57,
    0xE8, 0x14, 0x38, 0x8A, 0xA9, 0x16, 0x2E, 0xD6, 0xE0, 0x3B, 0xB2, 0xAF, 0x1A, 0x54, 0xFF, 0xBF,
    0x4D, 0x02, 0x7A, 0x9C, 0x6D, 0x7A, 0xD7, 0xFF, 0x1F, 0xAB, 0x87, 0x08, 0xF0, 0xC7, 0xE8, 0x89,
    0x5B, 0x20, 0x74, 0x97, 0x55, 0xD3, 0x7E, 0x07, 0xD5, 0xEC, 0xFE, 0x94, 0xEC, 0x33, 0xF4, 0xDE,
    0xA9, 0xB5, 0xCA, 0xB3, 0xA3, 0x95, 0xD8, 0x37, 0x94, 0x17, 0x44, 0x27, 0x54, 0x52, 0x91, 0xAC,
    0xC4, 0xCE, 0x42, 0x29, 0xEC, 0x69, 0xA2, 0x5A, 0x2A, 0xD1, 0x35, 0x22, 0xB6, 0xA7, 0x9B, 0xEA,
    0xA7, 0x2D, 0xD6, 0x76, 0x4A, 0x0C, 0x85, 0x0D, 0xA8, 0x9A, 0x8A, 0x88, 0xCA, 0xE0, 0x0C, 0x28,
    0x0D, 0xD5, 0x0C, 0xE4, 0xB6, 0xD6, 0xCF, 0xC2, 0xD0, 0x2A, 0xF7, 0xB6, 0xBB, 0xAB, 0xA5, 0xBE,
    0xF4, 0x09, 0x97, 0xB2, 0x7A, 0xE1, 0x2D, 0x2E, 0xBE, 0xFA, 0xE9, 0x4F, 0x78, 0xEE, 0xA0, 0x7C,
    0xAF, 0xE0, 0x72, 0xE4, 0x16, 0x59, 0x70, 0xC3, 0x45, 0x2D, 0x93, 0x1B, 0x69, 0x49, 0x32, 0x16,
    0x32, 0x28, 0x0D, 0x79, 0xCF, 0x25, 0x0B, 0x79, 0x53, 0xF6, 0x92, 0xCE, 0x34, 0x68, 0x74, 0xC8,
    0xB8, 0xEC, 0xF3, 0x32, 0x9D, 0xE6, 0x65, 0xBE, 0x97, 0x97, 0x6C, 0xCD, 0x4B, 0x36, 0x09, 0xE5,
    0x6E, 0x6B, 0x46, 0xB4, 0xAD, 0x64, 0x3D, 0xF3, 0x6C, 0x00, 0x37, 0x2B, 0x2F, 0xF1, 0x5E, 0x46,
    0x88, 0xFE, 0x5E, 0x5E, 0x2E, 0xDF, 0xCB, 0x4B, 0xD2, 0xAE, 0x1E, 0x8A, 0xD7, 0x1F, 0x5A, 0x93,
    0x91, 0xE5, 0x5D, 0xC1, 0x5D, 0xBD, 0x0B, 0xA8, 0x86, 0x6A, 0x20, 0xF8, 0x5E, 0xD0, 0x6D, 0xE0,
    0x7B, 0x41, 0x47, 0x68, 0x1B, 0xFE, 0x60, 0xA8, 0x42, 0x46, 0x65, 0xF3, 0xE1, 0xA8, 0x34, 0x74,
    0x40, 0xAD, 0x24, 0x98, 0xF2, 0x92, 0x08, 0x1B, 0x5E, 0x7A, 0x95, 0x1D, 0xBF, 0xF5, 0x90, 0x26,
    0x1F, 0x65, 0xF4, 0xBD, 0x1E, 0xD2, 0xCA, 0x50, 0x98, 0x0C, 0x85, 0xA8, 0x21, 0xD3, 0xBD, 0xF2,
    0x2E, 0xCC, 0x88, 0xFB, 0x1E, 0xC2, 0xE3, 0xAD, 0x4A, 0xDB, 0x9F, 0xAE, 0x25, 0xC0, 0xD9, 0xA0,
    0xAA, 0x7B, 0x5D, 0x4A, 0x23, 0xF2, 0xF6, 0xD6, 0x02, 0x1E, 0x36, 0x69, 0x10, 0xEC, 0x08, 0x35,
    0x08, 0x2D, 0xF9, 0x02, 0x3B, 0x9C, 0xB6, 0xEA, 0x92, 0xD8, 0x9D, 0xCF, 0x55, 0xCC, 0x69, 0x5F,
    0x31, 0xFD, 0xD9, 0x59, 0x79, 0x52, 0xAA, 0x25, 0x80, 0xB3, 0x72, 0xBA, 0xC0, 0x6B, 0xCB, 0x45,
    0xD0, 0xD8, 0x47, 0x64, 0xA5, 0xF4, 0xE8, 0xC4, 0x6F, 0x83, 0x01, 0x7F, 0x82, 0x6A, 0x4A, 0x27,
    0x38, 0xA5, 0x22, 0xDF, 0xE2, 0x41, 0x95, 0xDB, 0x9C, 0x24, 0xD8, 0xCF, 0x49, 0x15, 0xAE, 0xBA,
    0x70, 0x80, 0x47, 0xDD, 0xF0, 0xE8, 0x56, 0x3F, 0xBE, 0x24, 0xBA, 0xC1, 0x97, 0x8A, 0xBE, 0xC0,
    0x6D, 0x84, 0xEC, 0xEF, 0x57, 0xDF, 0x4F, 0x2D, 0x0A, 0x26, 0x1D, 0x69, 0x08, 0xAA, 0x92, 0x0F,
    0x31, 0x6C, 0xA9, 0x99, 0x14, 0x9D, 0x90, 0x13, 0xDD, 0x5C, 0x04, 0xDF, 0xF0, 0x4E, 0xD6, 0x4F,
    0xC6, 0x22, 0xD4, 0x97, 0xA2, 0x0B, 0xFE, 0xDA, 0x44, 0x62, 0xDC, 0xFD, 0xD4, 0x1A, 0x67, 0x6B,
    0x99, 0x53, 0x9D, 0x2B, 0x24, 0x55, 0xA1, 0x4F, 0x6C, 0x16, 0xC4, 0xCA, 0x88, 0xA3, 0xEE, 0x50,
    0x25, 0xD6, 0xC3, 0x05, 0x49, 0x2F, 0x82, 0xEC, 0xC8, 0x3E, 0x9D, 0x56, 0xED, 0x3A, 0x03, 0x6B,
    0x56, 0xDC, 0xEC, 0x69, 0x88, 0x85, 0xAD, 0x46, 0xFF, 0x74, 0xB5, 0x53, 0xE4, 0x49, 0xA2, 0x92,
    0x97, 0x07, 0x25, 0xB3, 0x9E, 0xF5, 0xF3, 0x3A, 0xB0, 0xDC, 0xE7, 0xB9, 0x45, 0xCC, 0x13, 0x8A,
    0x36, 0x1B, 0xF6, 0xC2, 0xA2, 0x5B, 0xB1, 0x59, 0x51, 0x89, 0xF9, 0xBE, 0x0D, 0xB5, 0x39, 0xC5,
    0x2B, 0x9D, 0xE9, 0x1F, 0x85, 0xB9, 0x15, 0x86, 0x6C, 0x22, 0xA8, 0xB9, 0x04, 0x5A, 0xE3, 0x96,
    0x97, 0x57, 0x92, 0xC8, 0x96, 0xDB, 0xFD, 0x6F, 0xA7, 0xC0, 0x7A, 0x45, 0x9D, 0x54, 0x5A, 0xB4,
    0xC9, 0x22, 0xE3, 0xA7, 0x3F, 0xEE, 0xF2, 0x9A, 0x77, 0x3C, 0xAB, 0x57, 0xBD, 0xD3, 0xB2, 0xAB,
    0x81, 0x9A, 0xD0, 0x02, 0x82, 0x05, 0x2B, 0xCC, 0x10, 0xD0, 0x31, 0x01, 0x3D, 0x4B, 0x34, 0x78,
    0x44, 0x08, 0x68, 0x8A, 0x20, 0x1B, 0x21, 0xA0, 0x3B, 0xF9, 0x94, 0xB3, 0x28, 0xAD, 0x7E, 0xDA,
    0x82, 0x76, 0x5D, 0xCE, 0xAA, 0xFD, 0xCF, 0x33, 0x6A, 0x09, 0x54, 0x2B, 0xF8, 0x3F, 0x55, 0x6B,
    0x68, 0xB7, 0x65, 0x7D, 0xEA, 0x6D, 0x39, 0xC2, 0xD9, 0x19, 0xFC, 0xB5, 0x6D, 0x79, 0xE5, 0xF4,
    0x93, 0x42, 0x7B, 0xBD, 0x3E, 0xB2, 0x2F, 0x3A, 0xC2, 0x55, 0xE5, 0xF5, 0x11, 0xB7, 0xC6, 0x72,
    0x25, 0x8C, 0x5D, 0xDF, 0x7F, 0xDA, 0xBE, 0xB8, 0xC8, 0x50, 0x55, 0x04, 0xD9, 0x6A, 0x82, 0x45,
    0x1F, 0x98, 0xFC, 0xA2, 0xC1, 0xF6, 0xE1, 0xB4, 0x7D, 0x36, 0x2D, 0x28, 0xAD, 0x27, 0x7F, 0xB8,
    0x34, 0x5B, 0xDD, 0x54, 0x22, 0xB6, 0x45, 0x84, 0x90, 0x14, 0xAC, 0x45, 0x4C, 0xCC, 0x5D, 0x67,
    0x45, 0x69, 0x36, 0x1B, 0xA4, 0x7B, 0x2E, 0x47, 0x26, 0x51, 0xE4, 0xE4, 0x51, 0xB9, 0xCB, 0x45,
    0xEE, 0x7A, 0x2E, 0x53, 0x31, 0xFA, 0x86, 0x64, 0xAA, 0x43, 0xDD, 0xC8, 0xDD, 0x6B, 0x2B, 0x9D,
    0xA6, 0x82, 0xCB, 0xFE, 0x03, 0xF6, 0xCB, 0xDF, 0x9D, 0x58, 0x35, 0x6C, 0xF3, 0xE3, 0x43, 0x91,
    0x71, 0x3C, 0x9D, 0x1F, 0xA5, 0x22, 0x8B, 0x1A, 0x43, 0xEB, 0xFD, 0xFC, 0xF8, 0xE7, 0xFB, 0xA9,
    0x35, 0xD1, 0xD4, 0x9A, 0xAA, 0x2C, 0xA7, 0x1C, 0x54, 0xCE, 0x56, 0x0F, 0x67, 0x7B, 0xF8, 0xE6,
    0x0F, 0x08, 0xAA, 0x6E, 0x80, 0x88, 0x09, 0x95, 0xFC, 0x5D, 0x19, 0xE0, 0x3F, 0xB0, 0x8E, 0xAE,
    0x2F, 0xFB, 0xAB, 0x68, 0x33, 0xDA, 0x11, 0x89, 0xCC, 0x34, 0x99, 0xA7, 0xDF, 0xB9, 0xD8, 0xCE,
    0xF7, 0xF0, 0xCF, 0xCF, 0xD0, 0x91, 0xCB, 0xA2, 0x37, 0xEA, 0x62, 0xD4, 0xD2, 0x5A, 0xD0, 0x62,
    0xDB, 0xB2, 0x38, 0x2E, 0x43, 0x32, 0x73, 0x29, 0xFB, 0x24, 0x72, 0x51, 0x0B, 0x73, 0x23, 0xEA,
    0x26, 0x9B, 0xF2, 0x29, 0x31, 0xB1, 0x60, 0xFD, 0x7A, 0x35, 0x6C, 0x9F, 0x05, 0x28, 0x57, 0x8B,
    0x0F, 0x6D, 0xD6, 0xD5, 0x98, 0x50, 0xDE, 0xA9, 0xF7, 0x4D, 0x47, 0x9D, 0x7A, 0xE3, 0x5D, 0xD7,
    0x02, 0xD5, 0x1D, 0x03, 0x0A, 0x59, 0x9A, 0x99, 0xBA, 0xF2, 0xAF, 0x22, 0xE0, 0x5E, 0x27, 0x54,
    0x97, 0x09, 0x27, 0x19, 0x1D, 0x8A, 0x39, 0x21, 0x50, 0x74, 0xD5, 0x50, 0x30, 0xCA, 0x77, 0x65,
    0x57, 0x9F, 0xCD, 0x6D, 0xC7, 0x02, 0xDC, 0xB9, 0xDE, 0xEF, 0xE8, 0x90, 0x44, 0xAE, 0x0D, 0xC3,
    0xAB, 0xD6, 0x3F, 0xB5, 0x3C, 0xEC, 0x5F, 0xAE, 0x47, 0x1F, 0xFD, 0x50, 0x0C, 0x2A, 0x92, 0x38,
    0x0F, 0x7C, 0x2B, 0x02, 0xED, 0x44, 0x65, 0x03, 0xBF, 0x61, 0x01, 0x15, 0xB3, 0x51, 0xC3, 0xEE,
    0xD3, 0x28, 0xDE, 0x5A, 0x14, 0xCF, 0x5D, 0x39, 0xD6, 0x4D, 0xD5, 0xEB, 0x76, 0xF0, 0xDD, 0x55,
    0xBC, 0x8E, 0xFA, 0x93, 0x5C, 0xCA, 0xFC, 0x4D, 0x54, 0xD5, 0x66, 0xB0, 0x55, 0x4A, 0x27, 0xC8,
    0xC9, 0x6C, 0xAE, 0x51, 0xF4, 0x1E, 0x65, 0x73, 0x84, 0xEA, 0x07, 0xB4, 0x92, 0x2E, 0xF8, 0xA7,
    0x5B, 0xD4, 0xE0, 0x19, 0xF0, 0xCC, 0xCF, 0x44, 0xC0, 0x01, 0xB9, 0xCE, 0xB4, 0x7D, 0x61, 0x63,
    0xF9, 0xEE, 0xF4, 0x07, 0xE9, 0x24, 0xE6, 0x55, 0x43, 0x2A, 0x85, 0x94, 0x7D, 0xAE, 0x46, 0x68,
    0x5F, 0xA4, 0x83, 0x5D, 0xC1, 0xFC, 0x27, 0xDA, 0x3A, 0xA9, 0xF6, 0x22, 0x6B, 0xDA, 0xDD, 0x46,
    0xA4, 0x75, 0x82, 0x67, 0xC6, 0x6E, 0xAB, 0x1B, 0x77, 0x72, 0xDD, 0x0D, 0x65, 0x57, 0xCA, 0xCC,
    0xC6, 0x6F, 0x66, 0xAE, 0x4A, 0x6F, 0xC2, 0x3F, 0x19, 0xE1, 0x6F, 0x05, 0xAA, 0xED, 0x90, 0xCF,
    0xA0, 0xA9, 0x23, 0x8C, 0x5F, 0x28, 0x73, 0xD1, 0xC7, 0xB2, 0x9B, 0xAA, 0xCB, 0xC1, 0xF3, 0xD0,
    0x8C, 0xFA, 0x3A, 0x3C, 0x7E, 0xE4, 0x6F, 0x8D, 0xBC, 0x27, 0xDA, 0x77, 0x92, 0x84, 0x62, 0xC8,
    0xED, 0x5A, 0xF0, 0xA3, 0x7B, 0xF9, 0x8D, 0x61, 0x7E, 0xE5, 0xF7, 0xDD, 0x9B, 0xEF, 0x0C, 0x40,
    0xF1, 0xDE, 0x5B, 0x1D, 0xD1, 0xDE, 0x6B, 0xB0, 0x86, 0x88, 0xF8, 0x9E, 0x41, 0x23, 0xD2, 0xCB,
    0xC4, 0x8B, 0xBE, 0x7A, 0xB2, 0xFB, 0xCB, 0xE9, 0xA0, 0xBC, 0xD5, 0xD8, 0x70, 0xE4, 0x34, 0x60,
    0xBF, 0xA6, 0x5B, 0x55, 0xFD, 0x3A, 0xB5, 0x39, 0xFF, 0x60, 0x49, 0x71, 0x8C, 0x84, 0x06, 0x0D,
    0x6A, 0x5C, 0xDF, 0x89, 0x40, 0xFC, 0x6E, 0x12, 0xFD, 0x8B, 0x93, 0xB7, 0xA1, 0x58, 0xF0, 0x50,
    0xC8, 0xA5, 0x6E, 0x78, 0x70, 0x74, 0x7D, 0x16, 0x5C, 0x97, 0x87, 0xB2, 0x2B, 0x06, 0xDF, 0x28,
    0xA5, 0xAE, 0x33, 0x94, 0xBF, 0x30, 0x54, 0x2F, 0xB4, 0x8F, 0x7A, 0xF3, 0x53, 0x15, 0x7D, 0xA0,
    0xCF, 0x3B, 0xE8, 0xF9, 0x06, 0x3A, 0x1C, 0xE4, 0x9D, 0x26, 0xE1, 0x33, 0x73, 0xF0, 0xD7, 0x92,
    0xF7, 0xD0, 0x98, 0xF7, 0x7E, 0xF2, 0x43, 0x3A, 0xCE, 0xD7, 0xB3, 0x8F, 0x03, 0xB2, 0x4F, 0x18,
    0xB7, 0xDB, 0x14, 0x6B, 0x0D, 0x9C, 0x75, 0x70, 0xB7, 0x06, 0x94, 0x6F, 0x84, 0xEB, 0xE5, 0xEB,
    0x46, 0x62, 0x18, 0x63, 0xAD, 0x42, 0x56, 0x2D, 0x80, 0x1A, 0xE4, 0xA7, 0x11, 0xD9, 0xEB, 0xA4,
    0xD4, 0xB5, 0x11, 0xEE, 0x72, 0x40, 0x99, 0x07, 0x1C, 0xB8, 0x81, 0x55, 0xAC, 0xC7, 0x8D, 0xB2,
    0x7B, 0x62, 0xAC, 0xFE, 0xC9, 0x0F, 0xD5, 0x5C, 0xA9, 0x51, 0x1D, 0xF6, 0xE9, 0xBC, 0x0E, 0xDA,
    0xE2, 0xF6, 0x54, 0x11, 0x1F, 0x8F, 0x17, 0x27, 0x86, 0x30, 0xFE, 0xDD, 0x08, 0x5C, 0xB8, 0xF1,
    0x71, 0x20, 0x1E, 0xBF, 0xA3, 0xF2, 0x57, 0xBF, 0x41, 0x7C, 0xAD, 0x7E, 0x61, 0x00, 0x42, 0x9D,
    0xFF, 0x33, 0x9E, 0x08, 0xC7, 0xC5, 0x6D, 0xF8, 0xEE, 0x42, 0x31, 0xC3, 0xEF, 0xCE, 0x67, 0x03,
    0x93, 0x9A, 0x05, 0xDE, 0x8B, 0xC0, 0x6A, 0x14, 0x32, 0x7A, 0xAC, 0xEF, 0xBD, 0x5C, 0x9D, 0x9D,
    0xAF, 0x3B, 0xF5, 0xB8, 0xEC, 0xFC, 0x1F, 0x95, 0x5D, 0x1D, 0xAB, 0xA6, 0x0E, 0xE4, 0x47, 0xB3,
    0x92, 0xD6, 0x44, 0xDA, 0xB6, 0xE1, 0x9E, 0x53, 0xF6, 0x88, 0xE8, 0x1B, 0x83, 0xEA, 0x95, 0xE8,
    0x33, 0xD9, 0x33, 0xA1, 0x5C, 0x89, 0x2E, 0xF2, 0xF0, 0xF7, 0xC9, 0x86, 0xEC, 0xEE, 0xED, 0x21,
    0xB3, 0x62, 0xC8, 0x22, 0xF5, 0x4C, 0xA5, 0x2E, 0xDE, 0x19, 0x3D, 0xF5, 0x79, 0xBE, 0x2C, 0x95,
    0x9B, 0x9E, 0xA4, 0xCD, 0xC7, 0xDC, 0x58, 0xBB, 0xFC, 0xDF, 0x53, 0xD8, 0xA0, 0x9E, 0xBC, 0xA0,
    0xA6, 0xE0, 0x16, 0x11, 0x6A, 0x23, 0x31, 0x1B, 0x93, 0x58, 0x84, 0x74, 0xA9, 0xBB, 0x4C, 0xF6,
    0xDC, 0x9D, 0xD6, 0x36, 0xBC, 0xFF, 0x04, 0xF3, 0xEA, 0x3E, 0xB6, 0x31, 0xB7, 0x25, 0x73, 0x6F,
    0x14, 0xC3, 0x39, 0xD7, 0xA1, 0x6A, 0x68, 0x9D, 0xFE, 0xD5, 0xC4, 0xE6, 0x39, 0xFF, 0x51, 0xA8,
    0x56, 0xE6, 0xD2, 0x94, 0x1D, 0x69, 0x3F, 0xDA, 0x9B, 0x86, 0x07, 0x3F, 0x31, 0x92, 0x33, 0x33,
    0x17, 0x6B, 0xBA, 0xE9, 0x42, 0x0B, 0x1A, 0xDB, 0x2F, 0x90, 0xB9, 0xEA, 0xDB, 0xBA, 0x1C, 0xAE,
    0xAF, 0x35, 0xD9, 0x75, 0x6D, 0x36, 0x36, 0x65, 0x77, 0x92, 0x59, 0x57, 0x35, 0x73, 0xA6, 0xC4,
    0xC6, 0xF4, 0x0E, 0x95, 0x76, 0x6A, 0x85, 0x41, 0xE1, 0x12, 0x64, 0x63, 0x25, 0xA0, 0xDA, 0x74,
    0xF2, 0x40, 0x32, 0x1D, 0x09, 0x22, 0x80, 0x38, 0x12, 0x6C, 0x10, 0x74, 0x02, 0xF0, 0x99, 0xA1,
    0x9A, 0x72, 0x3A, 0x50, 0x1C, 0x1C, 0xAA, 0xF2, 0x6B, 0x6B, 0x75, 0x9D, 0xA0, 0x1A, 0xB4, 0x1F,
    0x84, 0x9C, 0x8E, 0x94, 0x4F, 0x35, 0x80, 0xC7, 0xE9, 0xC8, 0x96, 0x9C, 0x10, 0x6A, 0x1B, 0x75,
    0xF1, 0x17, 0xB8, 0x10, 0xEB, 0x9D, 0xAE, 0x6B, 0xE7, 0x9F, 0x64, 0xB8, 0x7D, 0x32, 0x12, 0x52,
    0x41, 0x16, 0x58, 0x96, 0xAE, 0x85, 0x1A, 0xE5, 0xFB, 0x1F, 0xD3, 0x79, 0xB3, 0x51, 0xD1, 0xD2,
    0xFC, 0x45, 0x95, 0x74, 0x8B, 0x97, 0xC3, 0x35, 0xE4, 0x56, 0x0D, 0xC0, 0xCF, 0x50, 0x48, 0x25,
    0xFD, 0x06, 0x23, 0x6E, 0xF9, 0xFC, 0xCD, 0xDA, 0xFD, 0x1C, 0xD5, 0x4D, 0xA0, 0x9C, 0x00, 0xB7,
    0x0F, 0xFA, 0x28, 0x46, 0x02, 0x47, 0x11, 0x4F, 0x8C, 0xCB, 0x39, 0x3F, 0xB4, 0xF4, 0xD7, 0x5F,
    0xFF, 0x8A, 0xB7, 0xE9, 0xB1, 0xED, 0x36, 0x69, 0xE7, 0xE3, 0xAF, 0x02, 0x18, 0xB7, 0x37, 0x95,
    0xE0, 0x1E, 0x90, 0x0A, 0x9E, 0x92, 0x0C, 0x9E, 0xA7, 0xF5, 0x5D, 0x4E, 0x19, 0x79, 0xB0, 0x5D,
    0x6E, 0x46, 0x8E, 0xB5, 0x00, 0xE4, 0xFA, 0xF2, 0x1C, 0x60, 0x81, 0x2F, 0xCF, 0x1C, 0x33, 0xF6,
    0x45, 0xAF, 0xA4, 0x96, 0x5D, 0xC4, 0x83, 0x63, 0xF5, 0xE3, 0x08, 0xF2, 0xFD, 0x92, 0x78, 0xE2,
    0xB3, 0x11, 0xC5, 0x50, 0x67, 0x81, 0xBE, 0xCE, 0x05, 0x91, 0xDF, 0xFC, 0x03, 0xCA, 0x6B, 0x51,
    0xDF, 0x38, 0xDF, 0x9F, 0xFE, 0xE1, 0x5D, 0xF8, 0xC5, 0xDE, 0x37, 0x54, 0xA3, 0x5D, 0x9B, 0xE1,
    0x9A, 0x9B, 0xE9, 0xF8, 0x3F, 0x49, 0xEB, 0x8F, 0xBF, 0x20, 0xAD, 0xBA, 0x16, 0xF5, 0xB1, 0xF4,
    0xEC, 0x74, 0xF7, 0xDD, 0x1D, 0xA5, 0x7D, 0xB4, 0x49, 0x33, 0x49, 0xCB, 0xDE, 0x83, 0x9E, 0xEA,
    0x0C, 0x1E, 0x0B, 0x92, 0x69, 0x6D, 0x62, 0x95, 0x19, 0x0E, 0xD8, 0x08, 0x2E, 0x30, 0x1B, 0x07,
    0x95, 0x2A, 0xB9, 0xEE, 0xBC, 0x35, 0x9B, 0xEF, 0xAE, 0xE3, 0xDA, 0x64, 0x77, 0xDA, 0x6D, 0x94,
    0xAE, 0x07, 0x14, 0xA3, 0x4C, 0x91, 0x25, 0x0F, 0xD2, 0x90, 0x20, 0x3B, 0x86, 0x9C, 0xA0, 0x56,
    0xE1, 0x3A, 0x67, 0x2C, 0xD9, 0xAE, 0x3B, 0xA9, 0x9A, 0xB2, 0x39, 0xE6, 0x45, 0x6B, 0x6E, 0xF2,
    0x46, 0x7F, 0x14, 0xEB, 0xE8, 0x2C, 0xD4, 0x23, 0x1B, 0x51, 0xD5, 0x50, 0x00, 0x8F, 0xF3, 0x30,
    0x8F, 0xF2, 0xA0, 0x8E, 0xD9, 0x4C, 0x72, 0x97, 0x8D, 0xE7, 0x99, 0xF2, 0x43, 0x6D, 0x65, 0x9F,
    0xC1, 0xE1, 0x80, 0x54, 0xBD, 0xF8, 0x03, 0x43, 0x86, 0x95, 0x1B, 0x58, 0xAB, 0x67, 0x6D, 0xC0,
    0x1F, 0x6E, 0x39, 0x60, 0x65, 0xE6, 0x7C, 0x45, 0x79, 0xD6, 0xA3, 0x58, 0x20, 0xDB, 0xEA, 0x9E,
    0x45, 0xC6, 0xC6, 0x07, 0x27, 0x6A, 0xCD, 0x46, 0xDE, 0x9E, 0x2C, 0xB4, 0x88, 0x39, 0x05, 0x91,
    0x4D, 0x31, 0x89, 0xEE, 0x57, 0x31, 0x9D, 0xDC, 0xDB, 0xFC, 0x8D, 0x81, 0x2B, 0xD8, 0x91, 0xEC,
    0x90, 0xB7, 0x89, 0x32, 0x69, 0xEC, 0xAF, 0x81, 0xDC, 0x34, 0x10, 0x0E, 0xB0, 0x67, 0x3B, 0x6E,
    0xEB, 0xC8, 0xDF, 0x26, 0x8D, 0x5E, 0x63, 0x10, 0x56, 0xC5, 0x37, 0xD8, 0x1C, 0xC6, 0x9B, 0x0F,
    0xFF, 0xF5, 0xB0, 0x04, 0xEB, 0xAC, 0x3F, 0xA1, 0x11, 0x7A, 0x1E, 0xDB, 0xAC, 0x6B, 0xC4, 0xE6,
    0x74, 0x00, 0x76, 0xF8, 0xEA, 0x6D, 0xEC, 0x62, 0x89, 0x2F, 0xFD, 0x6F, 0x85, 0xD3, 0xE3, 0x3C,
    0x0F, 0x0A, 0x00, 0x25, 0x80, 0x22, 0x40, 0x19, 0xA0, 0x10, 0x50, 0x8A, 0xC4, 0x48, 0x0E, 0x28,
    0x08, 0x94, 0x04, 0x89, 0xC2, 0x9F, 0x01, 0x6E, 0xC1, 0x36, 0xC9, 0xCC, 0x5C, 0x8D, 0x1D, 0x6B,
    0xF9, 0x39, 0xD2, 0x09, 0xC8, 0xC6, 0xF3, 0xC8, 0xFE, 0x9D, 0x1C, 0xFE, 0xC8, 0xBA, 0xE2, 0xDF,
    0x58, 0x0B, 0x95, 0xA8, 0x50, 0xEE, 0xBB, 0xB2, 0xFE, 0x3E, 0xD7, 0x97, 0x5B, 0x09, 0x60, 0x7C,
    0xA1, 0x0C, 0xBF, 0xD4, 0xC3, 0x7D, 0xD6, 0xB8, 0xCE, 0x01, 0x17, 0x28, 0x5E, 0x52, 0xB3, 0x01,
    0x59, 0x03, 0x3D, 0x5F, 0x75, 0x58, 0x50, 0x49, 0xB7, 0x25, 0xBB, 0x73, 0xD3, 0xF5, 0xDF, 0x28,
    0x35, 0x46, 0x77, 0xDE, 0x1A, 0xFF, 0x0C, 0x6A, 0x70, 0xE7, 0xF7, 0xFC, 0x87, 0x53, 0x69, 0x43,
    0xBE, 0xAC, 0xDB, 0xDA, 0x39, 0xBD, 0x73, 0x33, 0x0B, 0x0F, 0x64, 0x11, 0x14, 0x45, 0xF9, 0x28,
    0xC7, 0x07, 0xB2, 0xC9, 0xB3, 0xAC, 0xFD, 0x46, 0x95, 0x54, 0xDB, 0x1E, 0x07, 0x5A, 0x40, 0x89,
    0xC1, 0xF6, 0x9C, 0xB2, 0x8B, 0xA6, 0xAD, 0x04, 0x2B, 0x06, 0xB8, 0x5E, 0x59, 0xD1, 0x28, 0xF2,
    0x57, 0xF0, 0xB3, 0x7E, 0x2D, 0xAF, 0x23, 0x7F, 0x3B, 0xB8, 0x77, 0x42, 0x71, 0x6D, 0x00, 0xFE,
    0x77, 0x07, 0xB7, 0x6F, 0xAE, 0x92, 0xE7, 0xAA, 0x1E, 0x70, 0x0D, 0xF6, 0x4F, 0xD2, 0x02, 0x85,
    0x6D, 0x2B, 0xF6, 0x25, 0x42, 0x39, 0x89, 0x5B, 0x18, 0xB7, 0x1C, 0x40, 0xB2, 0x45, 0x7B, 0x29,
    0x90, 0xF8, 0x73, 0x55, 0x83, 0x9B, 0x72, 0x21, 0x02, 0x7E, 0xB5, 0xA6, 0xD2, 0x21, 0xD3, 0x89,
    0x4F, 0x75, 0xE4, 0xF5, 0x11, 0x6C, 0xD6, 0x2A, 0x4D, 0x4F, 0xDD, 0x65, 0xA6, 0x0B, 0x9B, 0x71,
    0xC0, 0x86, 0x80, 0x0B, 0xAE, 0xF3, 0xB8, 0xE1, 0xBA, 0xE3, 0x27, 0x46, 0xF7, 0x61, 0xF4, 0x03,
    0x49, 0x5F, 0xED, 0x12, 0xE3, 0xF5, 0xA2, 0xDD, 0x3E, 0x12, 0x78, 0x07, 0xBA, 0xD3, 0x6E, 0x10,
    0x18, 0xE1, 0xDC, 0xCC, 0x86, 0x82, 0x10, 0xDC, 0xD0, 0x66, 0xDC, 0x75, 0xA2, 0xEA, 0x7C, 0xA2,
    0x7B, 0x5E, 0xBF, 0x34, 0x30, 0xF9, 0x6A, 0x28, 0xCC, 0xD0, 0xB7, 0xE6, 0x8D, 0x44, 0xBF, 0x77,
    0x4A, 0xA0, 0xCA, 0xE6, 0x33, 0xC6, 0xD7, 0xC8, 0xFF, 0xC3, 0xBA, 0xFC, 0xF6, 0xCB, 0x5D, 0x11,
    0x49, 0xA2, 0xD1, 0x37, 0xFA, 0x96, 0x2E, 0x69, 0x50, 0xD5, 0x9D, 0xC0, 0x37, 0xF3, 0xC3, 0x7E,
    0x67, 0xDC, 0x65, 0x43, 0x8B, 0x93, 0x1D, 0x90, 0x62, 0x8B, 0x12, 0x4D, 0x81, 0xC7, 0x96, 0xA7,
    0x57, 0xB0, 0x7F, 0xBE, 0xDE, 0x28, 0x23, 0x91, 0xA0, 0xC8, 0x86, 0x6B, 0xBF, 0x45, 0x14, 0xAF,
    0x8A, 0x98, 0x5F, 0x7B, 0xA4, 0x52, 0xFE, 0x00, 0x84, 0x6F, 0x03, 0xE9, 0x78, 0x11, 0x48, 0x4C,
    0x4C, 0x3F, 0xBC, 0x97, 0x5D, 0xDC, 0xAF, 0x36, 0xFB, 0x75, 0x0C, 0x7E, 0xFF, 0x25, 0x46, 0x88,
    0x22, 0xDC, 0xE9, 0x7B, 0x72, 0xDA, 0xA8, 0x6B, 0x55, 0x4D, 0x65, 0x2F, 0xC0, 0x9B, 0x45, 0xBE,
    0xD3, 0x51, 0xD5, 0x8D, 0x57, 0xAB, 0x2E, 0x3C, 0xE2, 0x1B, 0x96, 0x1D, 0xA9, 0xB5, 0x06, 0xAD,
    0x8D, 0x68, 0xAF, 0xCC, 0xEB, 0x67, 0xA8, 0x30, 0x62, 0x49, 0xF5, 0x9D, 0x3C, 0x1F, 0x4E, 0x95,
    0x59, 0x5F, 0xDB, 0x1D, 0x14, 0xF2, 0xCE, 0x4F, 0x46, 0x16, 0xDD, 0xBD, 0xDD, 0x6B, 0x3E, 0xE9,
    0x34, 0x9E, 0xFC, 0xA3, 0xA6, 0x13, 0x0B, 0x45, 0xA8, 0x6C, 0x72, 0x6C, 0x48, 0x91, 0x36, 0x22,
    0xEE, 0xBB, 0xFD, 0xCF, 0x02, 0x8B, 0x88, 0x75, 0x7E, 0x97, 0xCF, 0xF8, 0x2F, 0xBD, 0x99, 0x01,
    0xC4, 0x67, 0xD9, 0x79, 0xFF, 0x3F, 0xF7, 0x9E, 0x99, 0xB9, 0x49, 0x6E, 0xFE, 0x7B, 0x16, 0xF3,
    0x4F, 0xA2, 0x63, 0x73, 0x17, 0x45, 0x34, 0xD9, 0x39, 0x40, 0x45, 0xCC, 0xFB, 0x9E, 0xBB, 0x3B,
    0x58, 0x84, 0x26, 0xE8, 0xB4, 0x18, 0xAC, 0x02, 0x10, 0xDE, 0x20, 0xA8, 0x9A, 0x99, 0x7B, 0xD7,
    0xAA, 0x45, 0x90, 0x81, 0x0A, 0x16, 0x1B, 0x50, 0xA5, 0x65, 0x43, 0xA3, 0xDD, 0xD4, 0x3B, 0xEF,
    0x3D, 0x9B, 0xA1, 0x5B, 0x16, 0x3D, 0x36, 0xB6, 0x29, 0xAB, 0x9D, 0xDB, 0xEC, 0x26, 0x23, 0x42,
    0xF7, 0x24, 0x39, 0x31, 0xF7, 0xDD, 0x39, 0xF7, 0x3E, 0xBD, 0xE7, 0xEE, 0x6F, 0xE6, 0xF5, 0xDA,
    0x55, 0x69, 0x37, 0xDB, 0x33, 0xF7, 0xF9, 0x1C, 0xC6, 0xF5, 0x3E, 0xDF, 0xEF, 0xF9, 0xFD, 0xEE,
    0x79, 0xEE, 0xF3, 0x3B, 0x14, 0xC3, 0x08, 0x46, 0x16, 0x90, 0x7F, 0x91, 0x5E, 0xCD, 0x58, 0x57,
    0x47, 0x8C, 0xD7, 0x23, 0xCD, 0x68, 0xFC, 0x0A, 0x2B, 0x22, 0x3B, 0xBC, 0x71, 0xA5, 0xF3, 0xB6,
    0xC7, 0x3A, 0xEB, 0xE8, 0xFA, 0x15, 0x82, 0x19, 0xD5, 0x8C, 0x9E, 0x0F, 0x22, 0x4A, 0xC4, 0x41,
    0x37, 0x01, 0x17, 0x56, 0x88, 0xA0, 0xE6, 0xA1, 0xD5, 0xDE, 0xB8, 0xA6, 0x6F, 0x9C, 0x15, 0xC9,
    0xD1, 0xDB, 0x2B, 0x5D, 0xDB, 0xD1, 0x61, 0xDB, 0x19, 0xFB, 0xE6, 0x44, 0x23, 0x23, 0xE5, 0x02,
    0x56, 0xFA, 0x2A, 0x5A, 0xA1, 0x49, 0x75, 0xA4, 0x9B, 0xAA, 0xC8, 0xFC, 0xA8, 0x8A, 0xC5, 0x84,
    0x9A, 0x54, 0x58, 0x51, 0x79, 0xCA, 0xA4, 0x1D, 0x45, 0x6A, 0xDA, 0x15, 0x16, 0x48, 0xD7, 0x81,
    0xF9, 0x10, 0x58, 0x22, 0x30, 0x04, 0xA0, 0xF3, 0x80, 0xED, 0x33, 0xB2, 0x8E, 0xC8, 0x2D, 0x9B,
    0x4A, 0x51, 0xA9, 0xFE, 0x49, 0x99, 0x9A, 0xBE, 0x4C, 0xFB, 0x14, 0xE9, 0x70, 0x8D, 0x40, 0x21,
    0xE3, 0x1A, 0x6E, 0x8D, 0x16, 0x16, 0x20, 0x01, 0xDF, 0x01, 0x80, 0x1E, 0x78, 0x02, 0x0F, 0xD8,
    0xCA, 0x65, 0x4A, 0x0B, 0xD4, 0x13, 0xA7, 0x87, 0x2C, 0x5A, 0x42, 0x21, 0x49, 0x8B, 0xC7, 0xB8,
    0x22, 0xBB, 0x70, 0x65, 0x02, 0xDB, 0xD7, 0x09, 0xBA, 0xD6, 0x66, 0x3E, 0x29, 0x13, 0x0C, 0xD5,
    0xFD, 0x08, 0x62, 0xBE, 0x19, 0x60, 0x39, 0xD2, 0x39, 0x7B, 0xD4, 0x23, 0xA5, 0xF8, 0xC6, 0xA3,
    0x84, 0xCC, 0x84, 0x71, 0x54, 0x13, 0x79, 0x6D, 0xE5, 0x29, 0x49, 0x0C, 0x52, 0xAD, 0x04, 0x8A,
    0x09, 0xA0, 0x8C, 0x1B, 0x03, 0x80, 0x1A, 0x01, 0x4A, 0x07, 0x00, 0x67, 0x70, 0xEC, 0x57, 0x6E,
    0x93, 0x79, 0x22, 0x92, 0x0B, 0xA1, 0x0A, 0x76, 0x4D, 0xF3, 0xE9, 0xA8, 0xBD, 0x0A, 0xDA, 0x55,
    0xA1, 0x71, 0xF5, 0x68, 0x7B, 0xED, 0x6D, 0xAB, 0x9D, 0xD0, 0xBC, 0x22, 0x98, 0xE7, 0x87, 0x2F,
    0x5A, 0xB1, 0x93, 0x49, 0xF9, 0x4E, 0x13, 0xA0, 0x1C, 0x41, 0x39, 0xA8, 0x5B, 0xF8, 0x2C, 0x70,
    0x06, 0x64, 0x61, 0x75, 0x09, 0xC6, 0x83, 0x75, 0x54, 0x22, 0x6B, 0x2C, 0xD0, 0x01, 0xC3, 0xD2,
    0x22, 0x12, 0x58, 0x0E, 0x52, 0x31, 0x97, 0x73, 0xB9, 0x52, 0xA5, 0x22, 0xA9, 0x49, 0x25, 0x75,
    0x7C, 0x10, 0xAC, 0x88, 0x1B, 0xE4, 0x38, 0xCB, 0xB2, 0x89, 0x72, 0x42, 0x05, 0x06, 0xE9, 0x07,
    0x69, 0xB5, 0x47, 0x3B, 0x9A, 0x3F, 0xC7, 0x48, 0xB0, 0x32, 0xD9, 0x32, 0xDD, 0x20, 0xDD, 0x28,
    0xA6, 0xEE, 0x85, 0x60, 0xC5, 0xD5, 0x33, 0x1C, 0xC8, 0x4D, 0x94, 0x48, 0xA2, 0x1A, 0xDE, 0x5C,
    0xC0, 0x38, 0x01, 0xDB, 0x77, 0x60, 0xDB, 0x15, 0xDD, 0x17, 0x06, 0x18, 0x9A, 0x19, 0xE4, 0x20,
    0x82, 0x6C, 0x1F, 0xE5, 0x7D, 0x47, 0x99, 0x94, 0x63, 0x95, 0xD0, 0xA2, 0x26, 0xA0, 0xCA, 0xB0,
    0xD2, 0xC3, 0x90, 0x51, 0x0C, 0x55, 0xAC, 0xE4, 0x20, 0x61, 0xFF, 0x61, 0xC6, 0x8E, 0x0B, 0xD6,
    0x2D, 0x74, 0xCC, 0x1C, 0x91, 0x98, 0xFF, 0x24, 0x91, 0xFE, 0x2E, 0x16, 0xC9, 0x86, 0x72, 0xE9,
    0x9C, 0x12, 0x41, 0xDD, 0x13, 0xAA, 0x50, 0xF5, 0x75, 0x50, 0xAD, 0x1E, 0xC1, 0x2E, 0x30, 0x08,
    0x00, 0x05, 0x40, 0xDD, 0x02, 0x3A, 0xC3, 0x80, 0x88, 0x50, 0x88, 0x64, 0xAD, 0x6F, 0xFC, 0x21,
    0x58, 0x47, 0x16, 0x0C, 0x74, 0xED, 0x03, 0x0C, 0x00, 0x02, 0xB0, 0x00, 0xC5, 0x0C, 0x94, 0x09,
    0x50, 0x3B, 0xEC, 0x04, 0x77, 0x0F, 0x05, 0xC3, 0x59, 0xA0, 0xE9, 0x41, 0x3B, 0xD0, 0x7D, 0x25,
    0x82, 0x96, 0x99, 0xB3, 0xC3, 0x57, 0x61, 0x00, 0x8E, 0x80, 0x79, 0x17, 0x09, 0x8A, 0x04, 0xE5,
    0x04, 0x7F, 0x1F, 0x40, 0xFC, 0x2E, 0xEB, 0x4E, 0x98, 0x64, 0x61, 0x1D, 0x58, 0x67, 0xB3, 0xB0,
    0xBD, 0x8C, 0x4B, 0x27, 0xC2, 0x68, 0x64, 0xCE, 0x48, 0x50, 0x7C, 0x90, 0xBA, 0x09, 0x30, 0x72,
    0xB2, 0x92, 0x5E, 0x4B, 0x34, 0xDF, 0x9E, 0x3E, 0x53, 0x4E, 0xE5, 0xD3, 0xB1, 0x14, 0x5F, 0x2E,
    0x34, 0x09, 0xFB, 0x07, 0x74, 0x7C, 0x63, 0x78, 0x21, 0x5A, 0xF1, 0xF5, 0x7C, 0x3A, 0xF7, 0x11,
    0x58, 0xB7, 0xA5, 0xBD, 0xF6, 0x60, 0x51, 0x00, 0x06, 0xB9, 0x09, 0x22, 0x11, 0xE4, 0x6A, 0x22,
    0x7F, 0x8D, 0x72, 0xDA, 0x05, 0xB5, 0x61, 0x5A, 0x51, 0x4D, 0xCC, 0x74, 0x52, 0x24, 0x06, 0xD9,
    0x74, 0xA8, 0x00, 0xE8, 0x11, 0xF6, 0xBB, 0x1E, 0xBA, 0x05, 0x30, 0x23, 0x34, 0x22, 0xAD, 0x11,
    0xA1, 0x3A, 0x3E, 0x40, 0x85, 0x47, 0xD6, 0x80, 0x4A, 0x46, 0x6A, 0x49, 0xE8, 0x9F, 0x2E, 0x68,
    0xD7, 0xD1, 0x38, 0x8B, 0xE9, 0x2D, 0xB6, 0x5D, 0x83, 0x1B, 0xC0, 0x2D, 0x28, 0x12, 0xD5, 0x9B,
    0x81, 0x5A, 0x3C, 0xE5, 0x02, 0xDC, 0x40, 0x52, 0x39, 0x21, 0x6E, 0x88, 0x3A, 0xF1, 0xD7, 0xBE,
    0x71, 0xF6, 0x6B, 0x94, 0xC1, 0xF4, 0x09, 0x08, 0xF6, 0xA9, 0x00, 0x4C, 0xB6, 0x72, 0xC0, 0x61,
    0xA7, 0xDB, 0xCD, 0x84, 0xC0, 0xCE, 0x29, 0x55, 0x9C, 0x6D, 0x9B, 0x05, 0x26, 0xE3, 0xC0, 0xBE,
    0x92, 0xB4, 0x03, 0x79, 0x6A, 0xD2, 0x01, 0x35, 0xAB, 0x58, 0x45, 0xF4, 0xA4, 0xA2, 0x9A, 0xE9,
    0x46, 0xB3, 0x14, 0xD2, 0x76, 0xAD, 0x5D, 0xE8, 0x1C, 0xEC, 0x3E, 0x6B, 0xC0, 0x00, 0xC0, 0x45,
    0x00, 0xB8, 0x04, 0x00, 0xE7, 0xE1, 0xA8, 0x08, 0xF5, 0x58, 0xC9, 0x73, 0xF9, 0xD1, 0x7E, 0xE9,
    0xF6, 0x38, 0x7F, 0xF7, 0x93, 0xFA, 0xD5, 0x1F, 0x8E, 0x50, 0xDF, 0x79, 0xCD, 0xAD, 0x94, 0x3B,
    0x3D, 0x68, 0x91, 0x9C, 0xFD, 0x8E, 0x00, 0x8D, 0x79, 0x09, 0xD8, 0xB3, 0xE6, 0x49, 0xF7, 0x67,
    0xD3, 0x7E, 0xF3, 0xA6, 0x93, 0xF1, 0xBA, 0x96, 0xBE, 0x6B, 0x5F, 0xAE, 0xEE, 0xF6, 0x00, 0xB5,
    0x3B, 0xA1, 0xEE, 0x01, 0xBA, 0x07, 0xB9, 0x2E, 0x2C, 0x20, 0xE2, 0x8B, 0xE5, 0x20, 0x94, 0xA1,
    0x0E, 0xA5, 0xAF, 0x43, 0x36, 0x05, 0xC6, 0x61, 0x16, 0x30, 0xD2, 0xF3, 0x29, 0xF1, 0xBB, 0xB5,
    0x1F, 0x1F, 0xA1, 0xF1, 0x16, 0xEB, 0xEC, 0x4F, 0xF3, 0xA7, 0x30, 0x73, 0x4E, 0x3C, 0xE8, 0x16,
    0xEA, 0x1E, 0xF5, 0x62, 0x8B, 0x92, 0x07, 0xDF, 0xA2, 0xB7, 0x4B, 0x99, 0xAB, 0x9F, 0x2C, 0x25,
    0x37, 0x28, 0x12, 0x76, 0xA4, 0x8B, 0x7C, 0x2A, 0x41, 0x7A, 0xAC, 0x48, 0xF6, 0x85, 0xC9, 0xCA,
    0x58, 0x2F, 0xD9, 0xF4, 0x99, 0x4B, 0xE8, 0x84, 0x8E, 0x14, 0x2D, 0x48, 0xDE, 0x5D, 0x64, 0xD2,
    0x33, 0xC6, 0xD9, 0x6B, 0x58, 0x77, 0x08, 0xF6, 0xD9, 0x00, 0xDD, 0x65, 0x0F, 0x43, 0xD6, 0x3E,
    0x0C, 0xC0, 0x66, 0x7E, 0x31, 0x8E, 0x62, 0x6E, 0x5C, 0xAE, 0x1A, 0x23, 0x2A, 0xD5, 0x81, 0xBC,
    0x27, 0x51, 0x4D, 0xE5, 0x4C, 0x27, 0x48, 0x3B, 0x08, 0x9D, 0x07, 0xB4, 0x7B, 0x60, 0xBC, 0xE1,
    0x01, 0x1E, 0xE3, 0x42, 0xAC, 0xBC, 0x9D, 0xEC, 0x58, 0xC6, 0xF9, 0xA6, 0xFA, 0x55, 0x40, 0xDD,
    0xEF, 0xA9, 0xA4, 0xA5, 0x16, 0x87, 0x7E, 0x67, 0x8D, 0x1F, 0x8D, 0x34, 0xB7, 0xA3, 0x6F, 0x7E,
    0x20, 0xDE, 0x38, 0xF1, 0xB6, 0xED, 0x3C, 0xA8, 0x11, 0x94, 0x87, 0xDA, 0x81, 0x01, 0x99, 0xE9,
    0x58, 0x25, 0x2B, 0x69, 0x31, 0x4E, 0xFF, 0x1C, 0x6C, 0x6F, 0x00, 0xFB, 0xB5, 0x6B, 0x40, 0xF7,
    0xC5, 0x08, 0x0C, 0xBF, 0x3F, 0x66, 0x8A, 0x03, 0x16, 0x19, 0x81, 0xF9, 0x6F, 0x03, 0x14, 0xE9,
    0xAD, 0x08, 0x65, 0x7A, 0x3D, 0x81, 0x9A, 0x8A, 0x79, 0x65, 0x44, 0xA0, 0x8A, 0x74, 0x3D, 0x9D,
    0x60, 0x3D, 0x83, 0x50, 0x8F, 0xAB, 0x52, 0xAE, 0xD9, 0xD5, 0x55, 0x19, 0xAB, 0x7F, 0x55, 0xBF,
    0xD6, 0xA8, 0x7B, 0x97, 0xA8, 0xEE, 0x7D, 0x83, 0x5A, 0x26, 0xF4, 0x7F, 0x26, 0xF4, 0xBF, 0x5D,
    0xA7, 0xF9, 0xA7, 0xFD, 0x8F, 0x35, 0xCE, 0x1E, 0x9A, 0xBE, 0x99, 0x6C, 0x5B, 0x7B, 0x64, 0x2E,
    0x52, 0x21, 0xA9, 0x5E, 0x30, 0xAE, 0xF9, 0x1B, 0xAC, 0xBB, 0x8E, 0x92, 0x18, 0xA9, 0xE4, 0x97,
    0xDB, 0x82, 0x3A, 0x18, 0x9E, 0x69, 0x41, 0x04, 0x58, 0xBA, 0xFE, 0xE1, 0x5A, 0xFA, 0x87, 0x6B,
    0x39, 0xAD, 0x28, 0x67, 0xEC, 0x6E, 0x2D, 0x6D, 0x7F, 0x2E, 0x41, 0x93, 0x80, 0x04, 0xC5, 0x04,
    0x56, 0x6A, 0x67, 0x17, 0xEB, 0x55, 0x98, 0x7B, 0xF5, 0xD6, 0x48, 0xF5, 0x66, 0x4B, 0xFD, 0x0E,
    0x68, 0x69, 0xB7, 0x25, 0x6C, 0xFE, 0xD9, 0x61, 0x9E, 0x1F, 0x9D, 0x7D, 0x4E, 0x9C, 0x7D, 0x4A,
    0xDA, 0x8E, 0x5B, 0x18, 0xC9, 0xB3, 0x95, 0xA5, 0x94, 0xDE, 0xBE, 0x18, 0xEA, 0x9F, 0xB3, 0xA7,
    0x83, 0x81, 0x4B, 0x7A, 0xBC, 0x0E, 0xE7, 0x1B, 0x3F, 0x01, 0xE6, 0x76, 0xC8, 0x14, 0x07, 0x58,
    0xF1, 0x99, 0x5F, 0x1E, 0x81, 0xAE, 0x0A, 0xC0, 0xA0, 0x26, 0x40, 0xCA, 0x04, 0x2C, 0x2C, 0x50,
    0x2C, 0x0C, 0x2D, 0x8D, 0x38, 0xEB, 0xB1, 0xE2, 0xF4, 0x48, 0x2D, 0xEE, 0xBA, 0x91, 0xE7, 0x64,
    0xEF, 0xE0, 0x2B, 0x3F, 0xDB, 0x33, 0x86, 0x27, 0xEC, 0x35, 0xD8, 0x8F, 0xD0, 0x25, 0x18, 0x12,
    0xCC, 0x37, 0x20, 0xD9, 0x8F, 0x17, 0xC9, 0xCC, 0xAB, 0xE7, 0xA4, 0x62, 0xE5, 0x1F, 0x54, 0xFB,
    0x69, 0x57, 0xED, 0xE7, 0x93, 0x6A, 0xAF, 0xB6, 0x6A, 0xAF, 0xA6, 0xCC, 0x2A, 0xC2, 0x20, 0xB2,
    0x52, 0x44, 0x02, 0x2C, 0x57, 0x9E, 0x09, 0x14, 0x33, 0xB9, 0xDA, 0xA7, 0x93, 0x3A, 0xBF, 0xD2,
    0x9E, 0x54, 0xFB, 0xCB, 0x27, 0xD5, 0x1E, 0xCA, 0x69, 0x63, 0x38, 0xA1, 0xF2, 0x1B, 0x1D, 0x17,
    0xA2, 0x0A, 0x36, 0x55, 0x41, 0x4D, 0x75, 0x50, 0x51, 0x8F, 0x2A, 0x68, 0x5F, 0x89, 0xB8, 0x7A,
    0x0D, 0xBD, 0xAB, 0xEC, 0x8D, 0xB3, 0x5F, 0x68, 0x5C, 0x97, 0x4C, 0xDF, 0x4D, 0xB6, 0xDD, 0xFF,
    0x53, 0xE0, 0x65, 0x60, 0x82, 0x22, 0x42, 0xBD, 0xF9, 0x10, 0xF1, 0x9B, 0x11, 0x71, 0x18, 0x57,
    0x2E, 0xCF, 0xB8, 0xCD, 0x8A, 0xEE, 0x37, 0x2F, 0xBA, 0xC5, 0xAE, 0x66, 0x3E, 0xBE, 0xB9, 0x99,
    0xD8, 0xD9, 0xD9, 0xF9, 0xD9, 0x19, 0xDA, 0x39, 0xDA, 0x59, 0xDA, 0x79, 0xDA, 0x99, 0xDA, 0xB9,
    0xDA, 0x6C, 0x4D, 0x6C, 0xBE, 0x72, 0xE2, 0xA8, 0x24, 0xAE, 0xDA, 0x25, 0x7D, 0x7A, 0xAA, 0x7F,
    0x7D, 0xB8, 0xAA, 0xFF, 0x8F, 0xB8, 0xCA, 0xFF, 0xE1, 0x98, 0xF5, 0x53, 0x67, 0x64, 0x07, 0x64,
    0x0B, 0x68, 0x67, 0x3F, 0x43, 0x36, 0xC1, 0xEA, 0x22, 0x60, 0x5B, 0xDB, 0x83, 0xAC, 0xA3, 0xA7,
    0xC8, 0x13, 0xB9, 0x98, 0x5C, 0x8D, 0x80, 0x75, 0x75, 0x00, 0x56, 0xEB, 0x81, 0x2C, 0x38, 0x8B,
    0xA2, 0xDB, 0x44, 0x31, 0x60, 0x24, 0x82, 0x60, 0x65, 0x81, 0x85, 0xBC, 0x2D, 0x15, 0x33, 0xB6,
    0xEF, 0x56, 0xB3, 0x74, 0xAD, 0x75, 0x2A, 0xE5, 0x9B, 0x9C, 0x9A, 0x90, 0x75, 0xAA, 0x26, 0x96,
    0x75, 0xEA, 0x96, 0x4A, 0xBC, 0xED, 0x87, 0x45, 0x8B, 0xB3, 0x2D, 0x00, 0x03, 0x40, 0x51, 0x26,
    0x00, 0xFD, 0x62, 0xDC, 0x26, 0x71, 0x00, 0xD5, 0x31, 0x5C, 0x88, 0xC6, 0x61, 0x8F, 0x65, 0x44,
    0xDD, 0xBF, 0xB3, 0x42, 0xB6, 0x87, 0x44, 0xCB, 0x58, 0x4D, 0x8D, 0xA4, 0x3A, 0x98, 0x9F, 0xCE,
    0x7A, 0x34, 0xFD, 0x92, 0xAD, 0x75, 0x8D, 0xB3, 0xAC, 0xE8, 0xE8, 0x4C, 0x3F, 0x70, 0xC3, 0xB6,
    0x0B, 0xB7, 0x00, 0x12, 0xA0, 0x62, 0xFE, 0xF3, 0x5B, 0x19, 0xEB, 0xA1, 0x9E, 0xA0, 0x18, 0x5A,
    0xA0, 0x39, 0x3E, 0xDB, 0x82, 0xB4, 0x12, 0x50, 0x79, 0x05, 0xA9, 0x83, 0xF6, 0x33, 0xDB, 0x1F,
    0xC5, 0x38, 0xCB, 0x11, 0xD6, 0x75, 0x64, 0x6B, 0x03, 0x69, 0xE5, 0x51, 0xB1, 0xB1, 0x8C, 0xF9,
    0xFF, 0x55, 0xC0, 0x7A, 0xAB, 0x1D, 0x4D, 0x30, 0x03, 0xE8, 0xE5, 0xA5, 0xE5, 0x2A, 0xA5, 0xAC,
    0x03, 0xCC, 0xF1, 0x41, 0x84, 0xC6, 0x41, 0x6A, 0x46, 0x35, 0x0E, 0x93, 0x7E, 0xE5, 0xDD, 0xD4,
    0x5C, 0x0E, 0x87, 0x56, 0xF9, 0x43, 0x5B, 0xF9, 0x64, 0x2B, 0x37, 0xD9, 0xEA, 0xF5, 0x60, 0x2F,
    0xDF, 0x75, 0xE6, 0x75, 0x41, 0x8B, 0xCC, 0x85, 0xBC, 0x10, 0x29, 0x86, 0x09, 0xB4, 0x08, 0x74,
    0x3F, 0x19, 0x28, 0x16, 0x2C, 0xD5, 0xC4, 0x1E, 0x3A, 0xF0, 0xBB, 0x34, 0x1E, 0x30, 0x0E, 0xB0,
    0x1F, 0x84, 0x71, 0xBD, 0xC5, 0xC6, 0x62, 0xA2, 0x11, 0x89, 0xD4, 0x22, 0x9E, 0x42, 0x16, 0xA0,
    0xF2, 0x80, 0xCA, 0xF8, 0xB6, 0x83, 0x42, 0x7A, 0x60, 0x86, 0xBC, 0xC4, 0x0C, 0x49, 0x1D, 0x1F,
    0xD6, 0xE3, 0xA3, 0x8D, 0xC3, 0xF4, 0xD8, 0x36, 0x5F, 0x5D, 0xFB, 0xA8, 0x7D, 0x25, 0x58, 0x09,
    0x8D, 0xF4, 0xE7, 0x8E, 0x21, 0x70, 0x3E, 0x60, 0x03, 0x5B, 0x6A, 0x8C, 0x88, 0xB4, 0x76, 0xC3,
    0xD5, 0xE3, 0x8E, 0xBD, 0x3A, 0x18, 0xAE, 0xE9, 0xB0, 0xCF, 0xE7, 0xF4, 0xF8, 0x39, 0xD0, 0x23,
    0xBC, 0x4F, 0x69, 0xFF, 0xFE, 0x17, 0xB5, 0x0C, 0x2D, 0x01, 0x4C, 0x06, 0xF5, 0x98, 0xE1, 0x33,
    0x1C, 0xA0, 0xDB, 0x0C, 0xA0, 0x0E, 0xA6, 0xBD, 0x85, 0x8D, 0xF2, 0xAA, 0xF0, 0xE9, 0x7B, 0x72,
    0x47, 0x50, 0xA2, 0x53, 0x87, 0x9A, 0x75, 0x18, 0xA8, 0xA6, 0xC6, 0x2F, 0xF9, 0x1E, 0x97, 0xD0,
    0xA3, 0x7D, 0x72, 0xA5, 0xEF, 0xCA, 0x09, 0xED, 0x06, 0x15, 0x7D, 0xE3, 0x8E, 0x94, 0x78, 0xD3,
    0xCF, 0x2A, 0x7F, 0xE5, 0x52, 0x79, 0xCF, 0x01, 0x54, 0x27, 0xDC, 0x72, 0xED, 0x94, 0x71, 0x9E,
    0x4E, 0x6A, 0x71, 0xDD, 0x5C, 0x4B, 0xAB, 0x43, 0x39, 0x51, 0x87, 0x2A, 0x50, 0x45, 0xED, 0x50,
    0x93, 0x69, 0xC9, 0x6F, 0xD2, 0xB0, 0x24, 0x40, 0x76, 0x3D, 0xD1, 0x7F, 0xE7, 0x6C, 0x04, 0x23,
    0x1E, 0x2E, 0xB8, 0x8E, 0x21, 0xD8, 0xFE, 0xC2, 0x1A, 0x2A, 0x9A, 0x35, 0x2C, 0xE5, 0xB4, 0x4F,
    0x31, 0x5D, 0x5B, 0x63, 0x82, 0x77, 0x03, 0x88, 0x03, 0x01, 0x4E, 0xB6, 0x79, 0xCA, 0x08, 0x2A,
    0x40, 0x33, 0x43, 0xB7, 0xF0, 0x9B, 0x88, 0x2B, 0xE6, 0x4D, 0x5C, 0x04, 0x86, 0x11, 0xB4, 0x2C,
    0xF0, 0x89, 0xE1, 0x67, 0xC0, 0x70, 0x4A, 0x61, 0x2D, 0x9E, 0x13, 0x71, 0x5D, 0xE8, 0xFA, 0xAB,
    0xA7, 0xC4, 0x59, 0x8A, 0xE9, 0x3A, 0xA7, 0xC5, 0xB5, 0xFC, 0x8E, 0x7C, 0x07, 0x2B, 0xE1, 0x94,
    0xB8, 0x0B, 0xC7, 0x6C, 0xE2, 0x0A, 0x49, 0x46, 0x56, 0x46, 0x33, 0x83, 0xF1, 0xDA, 0x83, 0x0E,
    0xB6, 0x85, 0x3A, 0x1C, 0x01, 0xEA, 0xDD, 0x09, 0x28, 0x65, 0x04, 0x90, 0x7E, 0x23, 0x40, 0x29,
    0xFD, 0x26, 0xC7, 0x01, 0xE6, 0x5B, 0x23, 0x70, 0xA3, 0x0E, 0x90, 0xFB, 0x1C, 0xA8, 0x42, 0x99,
    0x20, 0x3B, 0xF6, 0xC8, 0x6C, 0x64, 0x04, 0xA8, 0xFD, 0xA9, 0xB7, 0xAA, 0x4C, 0x00, 0x1E, 0x81,
    0xE2, 0xB0, 0x48, 0xB5, 0x54, 0xF3, 0xD9, 0x4E, 0xFF, 0x15, 0xE6, 0x16, 0x34, 0x53, 0x56, 0x91,
    0x35, 0x80, 0x8E, 0x60, 0x26, 0xB8, 0x96, 0x1E, 0xFF, 0x52, 0x58, 0xA2, 0xF5, 0xDD, 0x2A, 0xEF,
    0x62, 0x00, 0x72, 0xBE, 0x08, 0x65, 0x80, 0x2C, 0xFB, 0x2C, 0xB5, 0xC8, 0x8F, 0xB7, 0x5D, 0xFC,
    0x75, 0x09, 0xFA, 0xC5, 0xBB, 0x7E, 0xA0, 0xD1, 0xB7, 0xDD, 0xCA, 0xE6, 0x76, 0xBF, 0x70, 0xC6,
    0x3C, 0xCB, 0x02, 0xB6, 0xDF, 0x2A, 0x55, 0x5B, 0x64, 0x89, 0x64, 0xA1, 0x03, 0x59, 0xF4, 0x11,
    0x2A, 0xC2, 0x4C, 0x15, 0x20, 0x51, 0x07, 0x8A, 0x94, 0x35, 0x94, 0xF3, 0x95, 0x67, 0x46, 0x8C,
    0xAC, 0x03, 0xBB, 0x11, 0xE0, 0x16, 0x00, 0x09, 0x80, 0x09, 0x80, 0xF0, 0x80, 0x46, 0x1C, 0x76,
    0x8D, 0xFF, 0x7F, 0xE5, 0x7F, 0xDA, 0x77, 0x7E, 0xE1, 0xA4, 0xEF, 0xBC, 0xF8, 0x3D, 0x20, 0x02,
    0x27, 0xFE, 0x00, 0x2B, 0x5F, 0x91, 0xB1, 0x13, 0x2D, 0xAE, 0x8E, 0xE5, 0x4C, 0x1D, 0x54, 0x42,
    0x6F, 0x18, 0xD5, 0xB4, 0xA2, 0x8A, 0xE8, 0x50, 0x87, 0xBC, 0xA3, 0x05, 0x2A, 0x91, 0x11, 0x86,
    0x77, 0xFC, 0x07, 0x3F, 0xD4, 0x95, 0x24, 0xD0, 0x19, 0x94, 0x11, 0x50, 0x21, 0x63, 0xCC, 0xF0,
    0x19, 0x8E, 0x3A, 0xAC, 0x1A, 0x37, 0xC5, 0x8D, 0x53, 0xC1, 0xB8, 0x6A, 0x55, 0x5C, 0x05, 0x69,
    0x2B, 0x11, 0xCA, 0x65, 0x00, 0x8E, 0x1E, 0x85, 0x65, 0x55, 0x2A, 0x61, 0x0B, 0xBE, 0x1F, 0xA0,
    0xDC, 0x85, 0x1A, 0xA1, 0x71, 0x70, 0x76, 0x53, 0x1D, 0xEC, 0xA2, 0xC5, 0xD7, 0xA1, 0xC8, 0xAA,
    0xCB, 0x4D, 0xF0, 0x8A, 0x1F, 0xDF, 0xCE, 0x78, 0x75, 0x42, 0xDF, 0x7B, 0x2D, 0xA2, 0x45, 0x02,
    0x55, 0x46, 0x31, 0xBC, 0x33, 0x42, 0x9D, 0x55, 0xEB, 0xC6, 0x9D, 0x48, 0x07, 0x25, 0x13, 0xD4,
    0x12, 0x1F, 0x2E, 0xA9, 0x0A, 0xBB, 0x25, 0x7D, 0xAB, 0x71, 0xD5, 0x5D, 0xD3, 0x57, 0xF7, 0x87,
    0x56, 0x89, 0x50, 0x2C, 0x1D, 0x7C, 0x72, 0x78, 0x1C, 0x24, 0xC2, 0x10, 0xA0, 0x6B, 0x91, 0xF7,
    0xBE, 0xEF, 0xEF, 0x5B, 0x0B, 0x6C, 0x0B, 0x74, 0x2F, 0xE5, 0x3B, 0x65, 0x01, 0xF9, 0x4B, 0x81,
    0x85, 0x21, 0x17, 0xC7, 0x8E, 0xDC, 0x63, 0x51, 0x26, 0x64, 0xEB, 0xBC, 0x56, 0x14, 0x0B, 0xDB,
    0x87, 0x30, 0x88, 0x11, 0x77, 0x6E, 0x06, 0x2D, 0xF0, 0x89, 0x05, 0x98, 0x4F, 0xDA, 0x4D, 0x15,
    0x0F, 0x5A, 0xF5, 0x4B, 0x71, 0xEA, 0xFE, 0x4B, 0xAE, 0x5A, 0x1A, 0x57, 0x4F, 0xC6, 0xE9, 0x60,
    0x7B, 0x3D, 0xDA, 0x36, 0x57, 0x3B, 0xE3, 0x8E, 0xB0, 0xFD, 0xFC, 0xB8, 0x6D, 0x25, 0x74, 0xC8,
    0x38, 0x70, 0xD4, 0x6E, 0x3D, 0x24, 0x18, 0x99, 0x40, 0xBE, 0x3D, 0xEB, 0xCB, 0x13, 0x8B, 0xD5,
    0x81, 0x65, 0xBF, 0xF1, 0x2C, 0x76, 0x78, 0xE3, 0x8F, 0xE6, 0x46, 0x44, 0xD2, 0xB9, 0x15, 0x53,
    0x36, 0xC4, 0x0E, 0x7D, 0x86, 0xE3, 0xEB, 0x58, 0x5F, 0x06, 0x9A, 0xE3, 0x83, 0x91, 0x5A, 0xA4,
    0xA5, 0x18, 0xDE, 0x06, 0x0E, 0x3C, 0xA5, 0x04, 0xF4, 0xDD, 0x88, 0xB9, 0x1C, 0x2E, 0x59, 0x35,
    0xBE, 0x7C, 0x4B, 0xBB, 0xC3, 0x34, 0x60, 0x25, 0x52, 0x2F, 0x2D, 0xA4, 0xC2, 0x23, 0x07, 0x9E,
    0x41, 0x5A, 0x9A, 0xC8, 0x87, 0x10, 0xF2, 0x68, 0x16, 0xF2, 0x5D, 0x6C, 0xA8, 0x03, 0x8D, 0x88,
    0xDF, 0x84, 0xC0, 0x26, 0xC4, 0x02, 0xEC, 0x03, 0xEC, 0x3D, 0x6C, 0xE1, 0xBE, 0x48, 0x56, 0xE8,
    0x36, 0x85, 0xF5, 0xDD, 0xB0, 0x53, 0x18, 0xAE, 0xBD, 0xA7, 0xB0, 0xED, 0x64, 0xDA, 0x8A, 0x7F,
    0x91, 0xF0, 0xCC, 0xB5, 0x47, 0xA4, 0xC7, 0xCE, 0x50, 0x79, 0x50, 0x6E, 0x17, 0x3D, 0xA8, 0x16,
    0x64, 0x29, 0x24, 0x61, 0x3C, 0xD6, 0x6D, 0x57, 0x9F, 0x55, 0x0D, 0x20, 0xB0, 0x50, 0xAC, 0xD7,
    0xD6, 0x46, 0xAB, 0xF5, 0x9A, 0xE8, 0xA4, 0xCD, 0x66, 0x4F, 0xC6, 0x19, 0x3C, 0x9B, 0xB4, 0x62,
    0x9B, 0xB1, 0x95, 0x03, 0xC0, 0x0A, 0x00, 0xD4, 0x13, 0x1F, 0x30, 0x9A, 0xDE, 0x0A, 0x47, 0x60,
    0x47, 0x33, 0x2B, 0x81, 0xDF, 0x8B, 0xD5, 0xA8, 0xFF, 0x1D, 0x58, 0x2B, 0xF3, 0xFE, 0x66, 0x52,
    0xFB, 0x43, 0x80, 0x3D, 0xFD, 0x4A, 0x00, 0x30, 0xCD, 0x6D, 0xBF, 0xCD, 0xD9, 0x08, 0xD0, 0x89,
    0x38, 0xA0, 0x98, 0xAD, 0xF6, 0x80, 0x9A, 0x6C, 0x3D, 0x02, 0x3A, 0x74, 0x55, 0x00, 0xEC, 0x5A,
    0x08, 0x27, 0x40, 0xDA, 0xB9, 0x48, 0x50, 0x2D, 0x24, 0x04, 0xCC, 0x54, 0x4B, 0xDF, 0x39, 0x1A,
    0xAF, 0xA5, 0x6F, 0x3C, 0x0F, 0xC6, 0x59, 0xBE, 0x0E, 0x34, 0x4F, 0x8E, 0x99, 0xE2, 0x80, 0x6A,
    0xE6, 0xF4, 0xF8, 0xB0, 0xED, 0x72, 0xBF, 0xB5, 0xCB, 0xE4, 0x76, 0x39, 0x82, 0xCC, 0xC5, 0xFC,
    0xA0, 0x6D, 0x32, 0x5B, 0xDB, 0x04, 0xB6, 0x8F, 0xB9, 0x63, 0x1A, 0x61, 0xA8, 0xDD, 0xAE, 0x93,
    0x13, 0x89, 0xB0, 0x7C, 0x79, 0x26, 0xDF, 0xBE, 0x7B, 0x9A, 0xD2, 0xB6, 0xF3, 0xAE, 0xA8, 0x32,
    0x3A, 0x61, 0x61, 0x10, 0x66, 0xA0, 0x4C, 0x70, 0xA6, 0x8A, 0x70, 0xF1, 0x60, 0x04, 0x2B, 0x2D,
    0x34, 0x91, 0x5D, 0x0B, 0xDA, 0x84, 0xB5, 0x08, 0xDF, 0x54, 0x31, 0xA2, 0x7E, 0x11, 0xA8, 0x7E,
    0xE5, 0xA9, 0x25, 0xA2, 0x65, 0x46, 0xE7, 0x1D, 0xDF, 0xD9, 0x36, 0x87, 0xE9, 0x6D, 0xBB, 0xFE,
    0x03, 0x3A, 0x60, 0x46, 0xDD, 0x9D, 0xA8, 0x64, 0xA4, 0x5C, 0x5A, 0x50, 0x22, 0xE2, 0x36, 0xB6,
    0xD0, 0x5D, 0x9D, 0x80, 0xEB, 0x39, 0x1D, 0x87, 0x75, 0x00, 0x92, 0xCE, 0x9C, 0xF4, 0x08, 0x45,
    0xD0, 0x1E, 0x54, 0x68, 0x32, 0xBD, 0x71, 0x50, 0x3B, 0xEB, 0x40, 0xF7, 0xB6, 0x07, 0x4B, 0xD7,
    0x72, 0xFE, 0x16, 0x03, 0xD8, 0x84, 0xB4, 0xD8, 0x50, 0x4B, 0xC0, 0xF4, 0x66, 0x25, 0x50, 0xF9,
    0x93, 0x6A, 0x67, 0x01, 0x38, 0x04, 0xE0, 0xAB, 0x00, 0x66, 0x01, 0x64, 0x86, 0xF2, 0xDD, 0x04,
    0xEA, 0x07, 0x13, 0xD4, 0xCF, 0x45, 0xD0, 0x97, 0x03, 0x34, 0x55, 0x80, 0xFD, 0xAC, 0x60, 0x2F,
    0x0B, 0x38, 0x6C, 0xFE, 0x91, 0x2F, 0x45, 0x73, 0x07, 0x3B, 0x1A, 0xC1, 0xB4, 0x7A, 0x01, 0xB8,
    0x06, 0x30, 0x91, 0x55, 0x02, 0xCA, 0x01, 0x05, 0xFC, 0xA6, 0x7D, 0xD9, 0xF4, 0xBF, 0xE8, 0xCB,
    0x5A, 0xDB, 0x33, 0x08, 0x03, 0x00, 0x02, 0x50, 0xCC, 0x80, 0xBA, 0x9B, 0x80, 0x4A, 0x02, 0x6C,
    0x0B, 0xFC, 0xFE, 0xBE, 0x2C, 0x36, 0x27, 0x7D, 0x99, 0x7F, 0xD8, 0x97, 0xB1, 0xED, 0x84, 0xFD,
    0x11, 0xB6, 0x9D, 0x81, 0x6D, 0xEB, 0x44, 0xFD, 0x3C, 0x50, 0x89, 0xA3, 0x5C, 0xE0, 0xFF, 0xAE,
    0xC7, 0x8C, 0x00, 0x2A, 0x9C, 0xBC, 0xA3, 0x34, 0xEC, 0xB6, 0xA7, 0x7A, 0xE7, 0xE5, 0xF3, 0xD9,
    0xCB, 0x94, 0xBD, 0x68, 0xBF, 0xFA, 0x71, 0x3B, 0x3F, 0xBB, 0x2A, 0x6E, 0x3F, 0xB6, 0x7A, 0x39,
    0x34, 0xAE, 0x4B, 0xB6, 0xB5, 0xD3, 0x49, 0xE5, 0x56, 0x0E, 0x74, 0x0B, 0x8F, 0xFC, 0x56, 0xAB,
    0xF7, 0x39, 0x89, 0xA0, 0x25, 0xAC, 0x70, 0x40, 0x73, 0xFA, 0xC7, 0x9A, 0xFF, 0x07, 0x54, 0xBB,
    0xEA, 0xFD, 0xF9, 0xA0, 0x5D, 0xAE, 0xE0, 0x55, 0x30, 0x7D, 0x35, 0xDA, 0xB6, 0xFA, 0x85, 0xF0,
    0x5E, 0x81, 0x3C, 0xF9, 0xAD, 0x94, 0x32, 0x41, 0x93, 0xC0, 0xB6, 0xB0, 0x0F, 0xEC, 0x01, 0x97,
    0x36, 0xF7, 0x60, 0x04, 0x2D, 0xD0, 0x08, 0x66, 0x86, 0x4A, 0xB0, 0x01, 0x6A, 0x61, 0x08, 0xA0,
    0xA5, 0xBD, 0x9F, 0xA7, 0xEE, 0xA9, 0x7B, 0x01, 0x1A, 0xF3, 0xFC, 0x6B, 0x01, 0xAC, 0xF9, 0xD6,
    0x37, 0x47, 0xD8, 0x6F, 0xEE, 0xD4, 0x23, 0x5C, 0xD7, 0x8B, 0x1E, 0xE1, 0x50, 0xA7, 0x3C, 0x4D,
    0x7A, 0x95, 0x44, 0x11, 0x73, 0xBF, 0x46, 0x19, 0x2A, 0xBF, 0x4E, 0x2A, 0x54, 0x79, 0x0B, 0x33,
    0x33, 0x85, 0x2C, 0x74, 0x33, 0x4A, 0x66, 0x00, 0x48, 0x00, 0x14, 0x11, 0x00, 0x35, 0x02, 0x3B,
    0xBF, 0xF0, 0xC8, 0x56, 0xD7, 0xCA, 0x79, 0x3B, 0x37, 0x48, 0x60, 0x26, 0x93, 0xE0, 0x62, 0xDA,
    0x9B, 0x60, 0x2F, 0x7D, 0x3F, 0xC2, 0xA5, 0xC3, 0x5F, 0x86, 0x95, 0x37, 0x7E, 0x18, 0xE0, 0x5A,
    0x77, 0x3B, 0xC0, 0xCB, 0xDD, 0xF3, 0x23, 0x84, 0xAE, 0x7A, 0x8B, 0x2F, 0x85, 0x1B, 0xF5, 0x3B,
    0xAD, 0x75, 0x97, 0x6A, 0xC1, 0xB6, 0xE7, 0x2B, 0x81, 0x9D, 0x6D, 0x38, 0x04, 0x20, 0x00, 0x94,
    0x1E, 0x80, 0xAD, 0xB4, 0x20, 0x89, 0xC6, 0xB1, 0xEB, 0xB6, 0xDE, 0x6B, 0xB8, 0xA0, 0x83, 0x23,
    0x58, 0x60, 0xA6, 0x48, 0xF9, 0x2A, 0x27, 0x54, 0xCC, 0x97, 0x15, 0x06, 0x01, 0xA0, 0x87, 0x27,
    0xF0, 0xBB, 0x8A, 0x62, 0xA5, 0x7D, 0x7F, 0x2D, 0x79, 0x19, 0x50, 0x09, 0xA8, 0x33, 0x9A, 0x19,
    0xD8, 0x3F, 0x02, 0xAE, 0x65, 0x4C, 0x1D, 0x94, 0xC1, 0x42, 0xB5, 0xFB, 0x25, 0xA0, 0xC7, 0x88,
    0x38, 0x6C, 0xC6, 0x8C, 0x71, 0xB9, 0x6F, 0xF4, 0x2A, 0xD0, 0x8C, 0x66, 0x46, 0xE6, 0x6E, 0x29,
    0x65, 0xDE, 0x55, 0x03, 0x8F, 0x55, 0x0E, 0x73, 0xFA, 0x18, 0x84, 0xE6, 0x47, 0x01, 0x11, 0xAF,
    0xE6, 0xC1, 0xE5, 0x06, 0x2C, 0x7F, 0x81, 0x8D, 0xB3, 0xD8, 0xBE, 0xC3, 0xB6, 0x82, 0x2D, 0x17,
    0xEC, 0xD3, 0xCB, 0xE3, 0xF6, 0xA5, 0x2E, 0xDA, 0x64, 0xC7, 0x7A, 0x34, 0x2D, 0x34, 0x4F, 0x3B,
    0xB0, 0x5F, 0xF1, 0xB0, 0xAF, 0xFB, 0x8F, 0x5A, 0xBD, 0x5E, 0x93, 0xD9, 0x6F, 0x79, 0x2E, 0x6E,
    0xA9, 0x3E, 0xA4, 0x72, 0x25, 0x22, 0x1E, 0x0A, 0xC9, 0x29, 0xA1, 0xFB, 0xF5, 0x55, 0x07, 0xDC,
    0x0F, 0x55, 0x0F, 0xEA, 0xEE, 0x78, 0x0E, 0xA8, 0x5F, 0xF3, 0x00, 0x46, 0x3B, 0x80, 0xEB, 0x5A,
    0x22, 0x14, 0x93, 0x91, 0x00, 0x2A, 0xD8, 0xBF, 0xF8, 0xEA, 0x83, 0x92, 0x98, 0xB5, 0x03, 0x0C,
    0x57, 0x06, 0x9E, 0xA0, 0x48, 0x1C, 0xB1, 0x47, 0x15, 0x58, 0xAE, 0xA4, 0xAD, 0x26, 0xCB, 0xC4,
    0x90, 0xB6, 0x26, 0x9E, 0xE6, 0xED, 0x66, 0x44, 0x44, 0xD2, 0x2A, 0xF6, 0xDD, 0x54, 0x07, 0xED,
    0x92, 0xF6, 0xE6, 0xD9, 0xB8, 0xEA, 0xCD, 0x6F, 0xD2, 0x43, 0x2E, 0x50, 0x32, 0x61, 0x4B, 0x59,
    0x7B, 0xF6, 0xA7, 0x85, 0xEF, 0xAE, 0xA2, 0x5F, 0x08, 0x26, 0x19, 0xE9, 0xEB, 0xB1, 0x3E, 0x06,
    0x28, 0xB7, 0xFA, 0x03, 0x2A, 0x3E, 0x01, 0xA5, 0x4C, 0x40, 0xE7, 0x39, 0x19, 0x88, 0x48, 0x5B,
    0x64, 0x60, 0xDE, 0x38, 0x00, 0xEB, 0x1A, 0xB0, 0xFD, 0x63, 0xA7, 0x8F, 0x12, 0x46, 0xC8, 0xFE,
    0x57, 0x8D, 0xED, 0xC3, 0x13, 0x8C, 0x47, 0x51, 0x89, 0xEF, 0xA1, 0x26, 0x22, 0xD5, 0xF1, 0x1F,
    0x07, 0x3A, 0x91, 0xC0, 0xB0, 0xDD, 0x07, 0x70, 0x5E, 0xB5, 0x24, 0x0D, 0xC3, 0x0C, 0x66, 0xE4,
    0xA4, 0x93, 0x89, 0x20, 0x09, 0x75, 0x3C, 0x53, 0xFB, 0x44, 0xE3, 0xA6, 0xFC, 0xC2, 0x86, 0x35,
    0x0E, 0x3B, 0x43, 0x77, 0x13, 0x2C, 0xDF, 0xC0, 0xBE, 0x19, 0x69, 0xC4, 0x53, 0xCD, 0xC0, 0x85,
    0xA5, 0x45, 0x64, 0x54, 0xCB, 0xC1, 0x54, 0x39, 0x95, 0x4A, 0x8A, 0x05, 0x10, 0x40, 0xCE, 0x5E,
    0xB9, 0x22, 0x46, 0x64, 0xB1, 0x22, 0x73, 0xD7, 0xAA, 0x34, 0xA0, 0xA6, 0x01, 0x1D, 0x86, 0xD6,
    0xF8, 0xFC, 0xE3, 0x54, 0x23, 0x89, 0x73, 0x72, 0x33, 0xDB, 0x56, 0x12, 0xF5, 0xDD, 0xF4, 0x59,
    0xE6, 0x33, 0xC5, 0xCC, 0xC1, 0x5C, 0xC6, 0xA4, 0x9F, 0x4D, 0x56, 0x4D, 0x37, 0xAA, 0xD0, 0x1D,
    0x78, 0x2B, 0xAD, 0x8E, 0x50, 0xFF, 0x20, 0xD0, 0xBC, 0xBA, 0xC6, 0xD3, 0x3B, 0x1F, 0xBF, 0xA5,
    0xF4, 0xF1, 0x7A, 0x39, 0xCD, 0x65, 0x78, 0x99, 0xDD, 0xF8, 0x8D, 0x05, 0xC1, 0xF5, 0x06, 0x80,
    0xD9, 0xB6, 0x00, 0xD3, 0x3E, 0xA7, 0xC6, 0x47, 0x78, 0xB0, 0x32, 0x9E, 0x3A, 0x58, 0x49, 0xBB,
    0x83, 0x15, 0xF2, 0xC1, 0xCA, 0x8A, 0xBC, 0x56, 0x23, 0xD0, 0xBC, 0x16, 0x60, 0x7B, 0xDC, 0x00,
    0x3E, 0xD2, 0x57, 0xC5, 0xFA, 0xB9, 0x11, 0xB3, 0xA6, 0x6B, 0xEA, 0x93, 0x64, 0x1F, 0xF2, 0x3C,
    0xA5, 0x94, 0x9B, 0xB0, 0xDF, 0xB4, 0x1C, 0xD9, 0x96, 0x6B, 0x17, 0x39, 0x35, 0xCC, 0xDB, 0x94,
    0x32, 0xB3, 0x9E, 0xAA, 0x50, 0x72, 0x03, 0x8A, 0x04, 0x76, 0x84, 0x2E, 0xC2, 0xA7, 0x12, 0x90,
    0x78, 0xAC, 0x48, 0xD8, 0x17, 0x26, 0xAC, 0x8C, 0xD4, 0x0B, 0xFC, 0x17, 0xC5, 0x95, 0x01, 0x84,
    0x25, 0xC9, 0x1D, 0x87, 0xBF, 0xEA, 0xB6, 0xE9, 0x44, 0x4B, 0x2A, 0xC8, 0xB9, 0x63, 0x45, 0x01,
    0x04, 0x28, 0x00, 0xCE, 0xED, 0x54, 0x5F, 0x82, 0x05, 0xB2, 0x41, 0x26, 0x41, 0x10, 0x00, 0x12,
    0xEC, 0x02, 0xE0, 0x66, 0xBA, 0x58, 0x04, 0xC1, 0x2E, 0x10, 0x2C, 0x00, 0x04, 0x08, 0xC0, 0x61,
    0xF7, 0x75, 0x25, 0x00, 0xA0, 0x4F, 0xDC, 0x05, 0x81, 0x22, 0xEE, 0x42, 0x82, 0x14, 0xEA, 0xA2,
    0x36, 0xE9, 0xEE, 0x7F, 0xBA, 0xDE, 0xCC, 0xDC, 0xEE, 0x8C, 0x01, 0x89, 0xDD, 0xFC, 0x75, 0x7D,
    0x85, 0x47, 0xBD, 0xEF, 0x57, 0x3F, 0x14, 0x22, 0x2B, 0x22, 0x9B, 0x7A, 0xF9, 0xD3, 0xA5, 0x49,
    0x7D, 0x52, 0xD1, 0x06, 0x98, 0xA0, 0x59, 0xA0, 0x5F, 0x41, 0x8B, 0x47, 0x8D, 0x01, 0xCC, 0x0C,
    0x7A, 0x36, 0x98, 0xE0, 0x06, 0xE7, 0xDD, 0x17, 0x82, 0x91, 0x42, 0x23, 0x4F, 0x61, 0x92, 0x05,
    0x91, 0x45, 0x7D, 0xF9, 0xB3, 0xD4, 0x44, 0x1D, 0x18, 0x1C, 0xB0, 0x40, 0x9B, 0x40, 0x67, 0xD0,
    0x02, 0x6A, 0x0A, 0x60, 0x03, 0x98, 0xE3, 0xFA, 0x3A, 0x36, 0x9C, 0x30, 0x0E, 0xE3, 0x67, 0x1B,
    0x56, 0x32, 0x5F, 0x93, 0x01, 0xB0, 0x12, 0x00, 0x77, 0xE4, 0x3B, 0xA7, 0x03, 0xD7, 0x46, 0x36,
    0x2D, 0x49, 0xC9, 0xA2, 0x65, 0xC6, 0x06, 0xB5, 0x81, 0x0B, 0xD5, 0xD2, 0xF9, 0x7E, 0xE7, 0x38,
    0xB8, 0xCA, 0x0F, 0xA5, 0xC0, 0xD4, 0xFD, 0x3B, 0x83, 0xD8, 0x5F, 0x27, 0xD8, 0x0E, 0x3A, 0xA1,
    0x24, 0xEB, 0x48, 0x23, 0xB3, 0x89, 0xB4, 0x52, 0xA3, 0xB4, 0x4B, 0x95, 0xE9, 0x0A, 0x2E, 0x30,
    0xCA, 0xF7, 0xA5, 0x30, 0x49, 0x27, 0xF9, 0xA8, 0x50, 0x05, 0xF6, 0xBF, 0xE7, 0x6A, 0xEE, 0xA6,
    0x2E, 0xB9, 0xAC, 0xE3, 0xBB, 0x59, 0xCF, 0x6D, 0xD2, 0xA1, 0x4B, 0x26, 0xF4, 0xD1, 0x79, 0x3D,
    0xBB, 0x41, 0x07, 0xC1, 0xFC, 0x5E, 0xB0, 0xBF, 0x9A, 0xBE, 0xE7, 0xC4, 0x15, 0xBB, 0xB8, 0xA4,
    0xA3, 0x19, 0xC0, 0xDC, 0x3F, 0x66, 0x79, 0x30, 0x03, 0x27, 0xDA, 0xFF, 0x3F, 0xB2, 0x98, 0x3E,
    0xEC, 0x02, 0x81, 0x13, 0x3D, 0x00, 0xFF, 0x5B, 0x1E, 0x95, 0xCF, 0xA0, 0x2D, 0x2B, 0x34, 0xB1,
    0xF0, 0xDA, 0xA8, 0x29, 0x82, 0x95, 0x0D, 0xE4, 0x0B, 0xF1, 0xED, 0xC6, 0x18, 0xFA, 0x82, 0x9B,
    0x75, 0xC2, 0x46, 0x1B, 0x77, 0xB8, 0xB9, 0x22, 0x5C, 0xC0, 0xCD, 0x15, 0x61, 0xC7, 0xE4, 0xDD,
    0x8C, 0x60, 0x53, 0xBB, 0xA2, 0xD7, 0x87, 0x99, 0x56, 0x24, 0xC0, 0x58, 0x00, 0x7D, 0x7F, 0xC6,
    0x3E, 0xD9, 0xD7, 0x8D, 0x8B, 0xBB, 0x5B, 0x40, 0x84, 0x76, 0x9D, 0xBC, 0x8E, 0x2E, 0x98, 0x60,
    0x83, 0xF3, 0xFB, 0x1A, 0x9C, 0xDF, 0xD7, 0x30, 0x0E, 0x23, 0x6E, 0x58, 0x71, 0x7F, 0x2E, 0x18,
    0x89, 0x34, 0xDB, 0x75, 0xC1, 0xCF, 0x76, 0xC1, 0x15, 0x17, 0xFA, 0x8C, 0x9D, 0x75, 0xC4, 0x44,
    0x3B, 0xEF, 0x70, 0x22, 0x72, 0x89, 0x4F, 0x4F, 0xC7, 0xD9, 0xF9, 0x0B, 0xC1, 0xD1, 0xEF, 0x10,
    0x6C, 0xBC, 0x29, 0x78, 0x4D, 0x64, 0xD0, 0xB3, 0x0D, 0xC6, 0x9B, 0xE0, 0x44, 0xEA, 0xF2, 0xEE,
    0xB4, 0x6A, 0xDC, 0x22, 0x72, 0xFB, 0x15, 0xBE, 0x21, 0xC3, 0xDB, 0xAF, 0xF0, 0xBF, 0x34, 0xEF,
    0x3E, 0xC9, 0xA0, 0xFF, 0xB2, 0xA3, 0x7F, 0x1C, 0x79, 0x6D, 0x7E, 0xB9, 0x0D, 0x20, 0x92, 0x50,
    0xDB, 0xC3, 0x85, 0xA6, 0x56, 0xD9, 0xCC, 0x6A, 0x03, 0x90, 0x4B, 0x68, 0xB9, 0xC2, 0x9D, 0x9F,
    0x08, 0x5C, 0x1C, 0xD8, 0x2E, 0x68, 0xFA, 0x82, 0x1B, 0x4C, 0xC2, 0x7D, 0x2E, 0x01, 0x23, 0x1B,
    0x34, 0x12, 0x81, 0x33, 0x03, 0xAB, 0x83, 0x72, 0x8F, 0x6B, 0xF3, 0x30, 0xD2, 0xC8, 0x4A, 0xF7,
    0xB9, 0xD0, 0x32, 0x02, 0x0E, 0x9C, 0x0C, 0x8C, 0x02, 0xEF, 0x4C, 0xC0, 0x81, 0xEF, 0xAA, 0x05,
    0xF7, 0x2C, 0xE3, 0x64, 0xA6, 0x3F, 0x9A, 0x4B, 0x95, 0xAE, 0x50, 0xA7, 0x3F, 0xE2, 0xD5, 0x38,
    0xF9, 0x81, 0xCC, 0x6E, 0x6B, 0xA4, 0xDE, 0xF4, 0x4A, 0x97, 0x55, 0xA1, 0x2D, 0x6D, 0xA2, 0x59,
    0xFA, 0x80, 0x5A, 0x8C, 0xBF, 0x70, 0xE0, 0xF0, 0x1C, 0x18, 0x33, 0xE0, 0x12, 0x60, 0x43, 0xC5,
    0x00, 0x8F, 0x0E, 0x80, 0x94, 0x8A, 0x08, 0x9C, 0x03, 0xC0, 0xE9, 0x8F, 0x41, 0xC9, 0x5A, 0xB1,
    0x70, 0x73, 0xEE, 0x86, 0x11, 0xC6, 0xE4, 0x3C, 0x77, 0x2B, 0xDA, 0x6C, 0x2B, 0xDC, 0x40, 0x53,
    0x1C, 0xA8, 0x72, 0x56, 0xB1, 0x00, 0x4B, 0xBE, 0x3A, 0x56, 0x42, 0x05, 0xC0, 0x0A, 0xA8, 0x0C,
    0x74, 0x33, 0x9C, 0x3C, 0x1C, 0x60, 0x5C, 0x00, 0xFB, 0x14, 0xA0, 0xBD, 0xE8, 0xA7, 0x40, 0xFF,
    0x87, 0xF8, 0xE6, 0x53, 0x7E, 0x7C, 0x0F, 0x9A, 0xE5, 0x00, 0x2A, 0x3D, 0x7F, 0x8B, 0x29, 0x01,
    0xE0, 0x1B, 0x04, 0x70, 0x5D, 0x44, 0x89, 0x8D, 0xF4, 0x59, 0x06, 0xF4, 0x87, 0xF9, 0xCD, 0x87,
    0x06, 0xE0, 0x5B, 0xDD, 0x00, 0xF6, 0x81, 0x87, 0x73, 0x07, 0x94, 0xE7, 0xA0, 0x62, 0x7A, 0x3B,
    0xF1, 0xBB, 0x4F, 0x12, 0xE8, 0x3F, 0xE6, 0x1D, 0x8F, 0xAF, 0x97, 0xFC, 0x40, 0xE2, 0x28, 0xBA,
    0xE6, 0x6D, 0x56, 0xFA, 0xD4, 0x2E, 0xE8, 0x23, 0x62, 0x5B, 0x76, 0x74, 0x19, 0x9D, 0xFA, 0x84,
    0xDE, 0x7E, 0x97, 0xE8, 0x44, 0x22, 0x4C, 0xFF, 0x98, 0x01, 0x33, 0x5F, 0xA5, 0x76, 0x47, 0x78,
    0xE8, 0x24, 0x83, 0x96, 0x74, 0xF9, 0x76, 0x98, 0x9B, 0x6F, 0x07, 0x7D, 0xEA, 0xA3, 0x3B, 0xBE,
    0x1B, 0x26, 0xB4, 0xC9, 0x86, 0x2E, 0x3A, 0xDF, 0x25, 0x19, 0x3A, 0x11, 0x9A, 0x6D, 0x02, 0x0E,
    0xC0, 0xF6, 0x08, 0x24, 0x81, 0xCC, 0x70, 0x0E, 0x22, 0x82, 0xAA, 0xC0, 0x7E, 0x3A, 0x82, 0x0B,
    0x0E, 0x9C, 0x3F, 0x81, 0x71, 0xF8, 0xA0, 0x02, 0x98, 0x00, 0x04, 0x60, 0x03, 0xD4, 0x0A, 0x34,
    0x0B, 0xD0, 0x7E, 0x85, 0xAE, 0x00, 0x4E, 0x02, 0x4C, 0xE2, 0x2F, 0x9B, 0xC2, 0x01, 0x9C, 0x00,
    0x7C, 0xF0, 0x15, 0xA6, 0xB9, 0x97, 0x6C, 0xFE, 0x54, 0xBE, 0xD9, 0x14, 0xBA, 0x8C, 0x8D, 0x8D,
    0x0C, 0x26, 0xE3, 0x06, 0x46, 0xD2, 0xF4, 0x2C, 0x39, 0x89, 0xFD, 0xCB, 0x48, 0x93, 0xEA, 0xD7,
    0x46, 0x4C, 0xE0, 0x0E, 0xA0, 0xF2, 0x47, 0x00, 0x6D, 0x5E, 0x8F, 0x5B, 0x2C, 0xDC, 0x1C, 0xD9,
    0x30, 0x32, 0x2B, 0x59, 0x30, 0xE2, 0xB1, 0xE1, 0xE8, 0xE5, 0xFC, 0xC5, 0x36, 0xD0, 0x96, 0x63,
    0x96, 0x2E, 0xC3, 0x08, 0x7D, 0x82, 0x69, 0x1B, 0x74, 0x02, 0x91, 0xA8, 0x23, 0xAC, 0x26, 0x9B,
    0x19, 0xB5, 0xB4, 0xC5, 0x06, 0x9A, 0xA5, 0x5D, 0x8E, 0x27, 0xB4, 0xC5, 0xED, 0x5B, 0xE9, 0xB3,
    0xF3, 0x74, 0x2F, 0xC7, 0x34, 0x7A, 0x46, 0x91, 0xC7, 0x92, 0x98, 0xA4, 0xF4, 0x92, 0x80, 0x72,
    0x06, 0x4D, 0x59, 0x41, 0xA5, 0x8F, 0xB9, 0x31, 0x7D, 0xA6, 0x4D, 0xAE, 0xD0, 0xA5, 0x77, 0x73,
    0xAD, 0x3E, 0xD5, 0xC2, 0x77, 0xD4, 0x3B, 0xD0, 0x41, 0xCB, 0x62, 0x82, 0x0E, 0x07, 0xEB, 0x8D,
    0x3F, 0x77, 0x83, 0xF1, 0x2F, 0xDC, 0x7B, 0xE6, 0xAF, 0xCB, 0xB8, 0x68, 0x49, 0x63, 0x6E, 0xB6,
    0xC1, 0x7A, 0x6E, 0x2F, 0xE7, 0x5E, 0xC5, 0xEB, 0xE5, 0x18, 0x59, 0x2B, 0x16, 0x50, 0xB7, 0x35,
    0x54, 0x00, 0x2B, 0x1E, 0x26, 0x89, 0x80, 0xAA, 0x68, 0x2A, 0xFE, 0x3E, 0x03, 0xE2, 0xAF, 0x8A,
    0x9D, 0x66, 0x2D, 0xD9, 0xFE, 0xA6, 0xBC, 0xD7, 0x94, 0xE6, 0x7E, 0x6E, 0x64, 0x6E, 0x36, 0xCC,
    0x82, 0xFB, 0x21, 0x23, 0x8F, 0xA6, 0x67, 0xC5, 0xED, 0xA1, 0xD7, 0x02, 0x19, 0x95, 0x98, 0xF6,
    0x2F, 0xF0, 0x1D, 0x94, 0x2C, 0x56, 0x76, 0x66, 0xBB, 0x82, 0x9D, 0xF5, 0x0C, 0x3A, 0xB9, 0x01,
    0xFA, 0x74, 0x00, 0xDA, 0x7F, 0x15, 0xAE, 0xDE, 0x0E, 0xC4, 0x1F, 0x09, 0xD0, 0x88, 0x07, 0x7A,
    0x09, 0x80, 0x7D, 0x92, 0x80, 0xF3, 0x3E, 0x53, 0x1B, 0x58, 0xA0, 0x4B, 0x6A, 0xE7, 0xB8, 0xB2,
    0x81, 0xAC, 0x1C, 0x00, 0x38, 0x07, 0x18, 0x5E, 0x00, 0xEA, 0x9F, 0x0B, 0xD0, 0x48, 0x02, 0x98,
    0x3C, 0xA8, 0xE7, 0x6A, 0xE9, 0xA5, 0x5B, 0xEF, 0x8C, 0xFA, 0xB7, 0xD8, 0x17, 0x60, 0x4A, 0xB5,
    0xA8, 0x0E, 0xA0, 0x33, 0xD8, 0x05, 0x3E, 0x5A, 0x79, 0x3F, 0x6D, 0xB8, 0x79, 0xC4, 0x0D, 0x55,
    0xD0, 0x7A, 0x30, 0x03, 0xF7, 0x46, 0x18, 0xAB, 0x7B, 0xBC, 0x3D, 0x8B, 0x7D, 0x95, 0xE5, 0xE5,
    0xAB, 0x2C, 0xBF, 0x90, 0xBF, 0x0D, 0x20, 0x22, 0xFE, 0x7A, 0x16, 0xF3, 0x24, 0x1E, 0xB3, 0xA4,
    0x63, 0x96, 0x52, 0xB3, 0x34, 0xC7, 0x2C, 0xF5, 0x67, 0x59, 0xED, 0xCE, 0x9B, 0xB6, 0xE8, 0x0B,
    0xDB, 0x46, 0x64, 0x56, 0x3F, 0xFF, 0x72, 0xC0, 0x66, 0x38, 0x5B, 0x78, 0x3F, 0xAF, 0xDF, 0x76,
    0x71, 0xCA, 0xBB, 0xED, 0xD3, 0xFF, 0x00, 0xC5, 0xD8, 0x01, 0x84, 0x25, 0x79, 0x7E, 0x07, 0xF0,
    0x4F, 0x55, 0xF5, 0xEE, 0xBB, 0xBD, 0x97, 0x55, 0x1D, 0x69, 0x6E, 0x63, 0x76, 0xA7, 0x16, 0x87,
    0xC5, 0x4E, 0xD7, 0x22, 0x08, 0x66, 0xBA, 0x8A, 0x41, 0x10, 0xB1, 0x13, 0x44, 0x10, 0x91, 0x05,
    0x04, 0xB8, 0x20, 0x18, 0x4C, 0xCF, 0x2B, 0x82, 0x84, 0xE0, 0x16, 0x00, 0xB8, 0x03, 0x00, 0xB9,
    0xC5, 0xA0, 0x49, 0x77, 0xBF, 0x4A, 0x82, 0xE0, 0x70, 0xE5, 0x88, 0xC5, 0x22, 0x75, 0xE6, 0x04,
    0x82, 0xAD, 0x44, 0x85, 0x5A, 0x79, 0xF5, 0xFE, 0x99, 0xAA, 0x97, 0x77, 0xC6, 0xB0, 0xD8, 0xED,
    0x79, 0xBD, 0xBC, 0xF7, 0x07, 0xDD, 0xEA, 0xF7, 0xF9, 0xFE, 0xFE, 0xFE, 0xFF, 0x57, 0x3F, 0x5C,
    0x20, 0xD9, 0x60, 0xB9, 0xC1, 0xDD, 0x2B, 0xDC, 0xBF, 0xC6, 0xE3, 0xA7, 0xE8, 0x0A, 0xE2, 0xA6,
    0x60, 0x51, 0x17, 0xA5, 0x34, 0x84, 0x4A, 0x1E, 0x42, 0xED, 0x81, 0xBC, 0xB6, 0x91, 0xD5, 0x51,
    0x2F, 0x6B, 0x92, 0x5E, 0xDE, 0xE6, 0xDB, 0x28, 0x8C, 0xAB, 0x31, 0x0E, 0x23, 0xE0, 0x18, 0xF1,
    0x80, 0x64, 0x5E, 0x5A, 0x64, 0x9F, 0x77, 0x42, 0x68, 0x92, 0x71, 0x5D, 0x2F, 0xBB, 0xBC, 0x4E,
    0x9B, 0xA2, 0xCC, 0xEB, 0x42, 0x51, 0xAD, 0x14, 0x65, 0x50, 0xC4, 0x5B, 0xC5, 0x1F, 0x6C, 0xDF,
    0x2F, 0x7E, 0xB6, 0xEA, 0x8B, 0x4D, 0xD1, 0x2E, 0xDB, 0xBC, 0x04, 0x27, 0xD8, 0x10, 0x6D, 0xD0,
    0x83, 0x2B, 0x2C, 0x42, 0x49, 0xFA, 0x71, 0xC5, 0xF7, 0xD3, 0x12, 0x4F, 0x11, 0xB7, 0x88, 0x1A,
    0xC0, 0xAB, 0xBA, 0x6C, 0xC4, 0xD9, 0x35, 0x9E, 0x4C, 0xCB, 0xB0, 0x22, 0xEE, 0x26, 0x5D, 0x33,
    0xE9, 0xEA, 0x62, 0xA7, 0x53, 0x4C, 0xCB, 0x28, 0xAF, 0xA3, 0x61, 0xD2, 0x75, 0xB2, 0x36, 0x1F,
    0xBD, 0xD0, 0x6D, 0x67, 0xDD, 0x35, 0x49, 0xA8, 0x2C, 0x7F, 0x5C, 0x59, 0xA4, 0x25, 0xA7, 0x44,
    0x3D, 0x5A, 0x94, 0xF8, 0xF6, 0xD0, 0x08, 0x2C, 0x4B, 0xC8, 0x4A, 0x9C, 0x9C, 0x23, 0x1A, 0xFF,
    0x6A, 0xD6, 0x42, 0xF6, 0xE3, 0x1A, 0xF7, 0x92, 0xD2, 0xCB, 0xC4, 0xD9, 0xB8, 0x47, 0xCE, 0xCA,
    0x99, 0xB9, 0x77, 0xCE, 0xD0, 0x9D, 0x74, 0x47, 0xDD, 0x59, 0x77, 0xD8, 0x9D, 0x76, 0xE6, 0x9A,
    0xBD, 0x66, 0xB0, 0x59, 0x6C, 0x47, 0x06, 0xF8, 0xBE, 0x7D, 0x61, 0x05, 0x6C, 0xA0, 0xC5, 0x80,
    0x64, 0x8B, 0xEC, 0x67, 0x25, 0x4F, 0x27, 0xC0, 0x49, 0x04, 0xFB, 0x2C, 0xA6, 0x30, 0x4C, 0x69,
    0x98, 0xE2, 0x30, 0xE5, 0x61, 0x0A, 0x64, 0x4E, 0x64, 0x8E, 0x64, 0xCE, 0x64, 0x0E, 0xC5, 0x94,
    0x8A, 0x29, 0x16, 0xFB, 0x5C, 0x40, 0x52, 0x23, 0x69, 0x71, 0xDC, 0x11, 0x6D, 0x3E, 0x62, 0x11,
    0xE6, 0x48, 0xAA, 0x39, 0x91, 0x43, 0xB6, 0xFC, 0x2D, 0x64, 0x48, 0x2B, 0x16, 0x0D, 0x51, 0xCB,
    0x30, 0x99, 0x67, 0xF2, 0x24, 0x9E, 0xC0, 0x37, 0x69, 0xFD, 0x1A, 0xE2, 0x2F, 0x2A, 0x44, 0x7F,
    0x58, 0x62, 0x78, 0x30, 0x87, 0xFA, 0x11, 0x96, 0xFF, 0x5E, 0xA2, 0x58, 0x54, 0x38, 0x89, 0x6E,
    0xB1, 0xE9, 0xD7, 0x76, 0x5B, 0x5D, 0xF2, 0xAF, 0x15, 0x52, 0xB8, 0xC0, 0x45, 0x4B, 0x32, 0x22,
    0x3D, 0x48, 0xBF, 0x17, 0xBF, 0xAA, 0x49, 0x43, 0xCD, 0x5B, 0x59, 0x89, 0x4F, 0x10, 0x8F, 0x58,
    0x7E, 0x59, 0x52, 0x2C, 0x2B, 0x4E, 0xA2, 0x03, 0xB5, 0x7A, 0x51, 0x57, 0xD2, 0xFF, 0x69, 0x64,
    0xEB, 0xC6, 0x6F, 0x65, 0x35, 0x11, 0x2E, 0xEC, 0x5A, 0xFD, 0x93, 0xD2, 0xD3, 0x45, 0x75, 0xC3,
    0x56, 0x9F, 0xC0, 0x88, 0x24, 0x94, 0xA4, 0xBF, 0xA8, 0x59, 0x25, 0x0D, 0x27, 0x4A, 0x00, 0x6E,
    0xF9, 0x60, 0x76, 0x82, 0x91, 0x24, 0xEC, 0x76, 0x5B, 0xBE, 0xAC, 0xDD, 0x4F, 0x4A, 0xE0, 0xB5,
    0x1E, 0xDC, 0x20, 0x85, 0x33, 0x1C, 0x5D, 0xE0, 0xC3, 0x3F, 0xAE, 0x29, 0xFE, 0x62, 0xDE, 0x9B,
    0x58, 0x0E, 0x07, 0x3D, 0xBD, 0x63, 0x2C, 0x2B, 0xF2, 0x92, 0x73, 0x7C, 0xC6, 0x87, 0x6A, 0x67,
    0x8B, 0x5A, 0x1E, 0x4A, 0xE9, 0x48, 0xF4, 0xE8, 0x26, 0xEA, 0x12, 0x51, 0x8B, 0xA8, 0xC3, 0xD1,
    0xB3, 0x49, 0xF8, 0xDB, 0xB7, 0x29, 0x2C, 0x49, 0x6A, 0x92, 0x96, 0xA8, 0xC7, 0xE3, 0xD7, 0x2D,
    0xBC, 0x46, 0xF2, 0x0B, 0xB8, 0xBB, 0x17, 0xDE, 0xFF, 0x9D, 0xF2, 0x76, 0x70, 0xD7, 0xC4, 0xA1,
    0x92, 0xFC, 0xBC, 0xE4, 0x2E, 0x7A, 0xDE, 0xF9, 0x69, 0x35, 0xE3, 0x8A, 0xD7, 0x81, 0x5B, 0xFE,
    0xAA, 0x9E, 0x20, 0x35, 0xEF, 0x9C, 0xE2, 0x24, 0xAA, 0x39, 0xFB, 0xB3, 0x8A, 0xE2, 0xF0, 0xB8,
    0xA8, 0x64, 0xF9, 0x5F, 0x8D, 0x2C, 0xD4, 0xDE, 0x2B, 0x2A, 0x47, 0x47, 0xBC, 0xEB, 0x35, 0xE2,
    0xC0, 0xDB, 0x2A, 0xF2, 0x64, 0x66, 0x56, 0x2C, 0x47, 0x78, 0xE4, 0x3B, 0x3B, 0x7B, 0xF6, 0x35,
    0xE5, 0xF3, 0xFE, 0xAC, 0x2C, 0xB7, 0x78, 0xF4, 0x7A, 0xCF, 0x9D, 0x10, 0x42, 0x19, 0x4D, 0x8B,
    0xFC, 0xDF, 0x7E, 0x44, 0x51, 0x67, 0x14, 0xD5, 0xEF, 0xB2, 0x2A, 0xB1, 0xFA, 0x93, 0x92, 0x75,
    0x68, 0x99, 0x18, 0x46, 0x44, 0x23, 0xE2, 0x8D, 0xF7, 0x25, 0x1B, 0xCF, 0x24, 0x83, 0xDE, 0xE2,
    0xAB, 0x3F, 0xED, 0xAC, 0x42, 0xE8, 0xAC, 0x43, 0x68, 0x00, 0x6F, 0x40, 0x5E, 0xA2, 0x28, 0x71,
    0x06, 0x77, 0x7A, 0x61, 0x93, 0x7C, 0x35, 0x2E, 0x9B, 0x4D, 0x56, 0x0F, 0xF9, 0xC3, 0xAE, 0xC8,
    0xEB, 0x62, 0xB4, 0xFA, 0x54, 0xE1, 0xAF, 0x8B, 0x2F, 0xFA, 0x2C, 0x34, 0x8B, 0x11, 0x94, 0x92,
    0xCE, 0xB2, 0xB3, 0x68, 0xF0, 0x66, 0x8B, 0x62, 0x83, 0x8B, 0x4B, 0xBC, 0x7F, 0x81, 0x45, 0x8B,
    0xBB, 0xF0, 0x16, 0xF8, 0x5A, 0xCB, 0x7B, 0x7B, 0x0B, 0xF6, 0x96, 0x86, 0xED, 0x0B, 0xDA, 0xDE,
    0x72, 0xEC, 0xEB, 0x2D, 0xF1, 0x20, 0xDD, 0x3A, 0x3D, 0xF3, 0xEE, 0x03, 0x2E, 0x2C, 0x1A, 0x49,
    0x25, 0xF2, 0x4D, 0x34, 0xE7, 0x6F, 0x13, 0x85, 0x7F, 0x20, 0xFE, 0xCF, 0x91, 0xE8, 0x9F, 0x7B,
    0x38, 0x68, 0xD1, 0xD9, 0x43, 0x56, 0x3F, 0x2F, 0xFD, 0x6F, 0xA0, 0x1B, 0x71, 0x6C, 0x5F, 0xB1,
    0xB0, 0xF1, 0xA2, 0x66, 0xCB, 0x66, 0xDA, 0x90, 0x83, 0x17, 0x65, 0x2B, 0xF2, 0x5A, 0x31, 0x9A,
    0x2A, 0x9F, 0x4A, 0xF7, 0xA2, 0x76, 0x59, 0x68, 0xCC, 0xD5, 0xE3, 0x18, 0x1E, 0xC3, 0x40, 0xF4,
    0xB0, 0x25, 0x7D, 0x5E, 0x52, 0x0C, 0xD8, 0x5C, 0x12, 0xB5, 0x1F, 0x1C, 0x52, 0x03, 0x7C, 0x80,
    0x73, 0x6C, 0x48, 0x3A, 0x92, 0x4A, 0xD2, 0x92, 0x0E, 0x3C, 0xBD, 0x12, 0x0D, 0xF7, 0x78, 0x74,
    0x74, 0x13, 0xE5, 0x11, 0xDC, 0x83, 0x7C, 0xFF, 0x53, 0x33, 0xFD, 0xE5, 0xA4, 0xEC, 0x6F, 0x49,
    0xF9, 0x43, 0x3C, 0xC1, 0x19, 0xB2, 0x92, 0xC5, 0xEB, 0x16, 0x2E, 0x7A, 0xDC, 0x7D, 0x82, 0xA3,
    0xC7, 0x2C, 0xFF, 0xA5, 0x21, 0xFF, 0xEF, 0x92, 0xCB, 0x4B, 0xE2, 0xEE, 0xFE, 0x41, 0x71, 0xF1,
    0x40, 0xBA, 0x25, 0xBD, 0x8B, 0xFB, 0xC4, 0xAD, 0xF8, 0x79, 0x25, 0xED, 0x39, 0x7B, 0x1D, 0xB8,
    0xFC, 0x8F, 0xB0, 0xDE, 0xE2, 0x93, 0x0B, 0xBC, 0x59, 0x22, 0x6B, 0x71, 0xB5, 0x21, 0x6E, 0x0F,
    0x8A, 0xCB, 0x62, 0x8A, 0xCF, 0x4B, 0x4F, 0x43, 0xE9, 0xA3, 0x15, 0x8E, 0x88, 0xF7, 0x9D, 0x3B,
    0x17, 0x0D, 0x77, 0x6F, 0x88, 0x53, 0x62, 0xD9, 0x22, 0x1F, 0x70, 0x75, 0x45, 0xD2, 0x9F, 0x12,
    0x95, 0x47, 0x00, 0x6E, 0xFD, 0x2C, 0xF7, 0x48, 0xD2, 0x4B, 0x37, 0xF2, 0x73, 0x97, 0xB9, 0xEE,
    0x6D, 0x7C, 0xFB, 0x33, 0x3E, 0x1E, 0x64, 0x5B, 0x67, 0xA7, 0xDE, 0x79, 0x20, 0xEE, 0xE7, 0xBD,
    0x5F, 0x42, 0xD8, 0x46, 0x61, 0x23, 0x6F, 0x14, 0xF5, 0xFC, 0xA9, 0x26, 0xCC, 0x9A, 0xC0, 0x56,
    0xB4, 0x15, 0x8D, 0x13, 0x20, 0xD9, 0x48, 0x06, 0xAB, 0x50, 0xAE, 0x27, 0x7C, 0x15, 0x85, 0x26,
    0x7E, 0xDE, 0x46, 0x7F, 0xD3, 0x48, 0x2B, 0xE7, 0x3C, 0xE6, 0x18, 0x96, 0xBD, 0x62, 0xF0, 0x83,
    0x41, 0xD2, 0xCF, 0x8F, 0x6E, 0xA5, 0x8D, 0xB4, 0x96, 0xD5, 0xF2, 0xBF, 0x53, 0x8C, 0x8A, 0x41,
    0xF6, 0xE9, 0xB7, 0x7A, 0x28, 0x11, 0x69, 0x2D, 0xAF, 0x65, 0x38, 0x65, 0x4D, 0xE0, 0x12, 0xDF,
    0xE4, 0xD1, 0x1C, 0xB1, 0xB2, 0xFF, 0xD7, 0x68, 0xDD, 0x92, 0x87, 0x2D, 0xE1, 0x3F, 0x42, 0x95,
    0x6C, 0xAD, 0xEA, 0xE5, 0xA0, 0x68, 0xD2, 0x4E, 0xDE, 0xE6, 0xAD, 0xBC, 0x2D, 0x9A, 0x69, 0xA9,
    0x77, 0x4B, 0xD1, 0xCC, 0x15, 0x17, 0xB5, 0x75, 0x55, 0x34, 0x82, 0xBC, 0x4B, 0x46, 0xE9, 0xF8,
    0xA3, 0x5E, 0x32, 0x77, 0x7D, 0x35, 0x78, 0xB9, 0xA5, 0x05, 0xAC, 0xE1, 0x1C, 0xEE, 0x0C, 0x84,
    0x20, 0x19, 0xD7, 0x55, 0xDA, 0x16, 0x75, 0x56, 0xE7, 0x75, 0x51, 0xBD, 0xF8, 0x96, 0x45, 0xF5,
    0xE2, 0x5B, 0xAE, 0xCA, 0x95, 0xA2, 0x1C, 0x15, 0x5F, 0x0C, 0xB2, 0xD0, 0x8A, 0xB7, 0x80, 0x47,
    0x26, 0x93, 0x65, 0xC7, 0xA2, 0xC1, 0xC4, 0xB3, 0x7B, 0x56, 0x7F, 0x81, 0x4F, 0x7A, 0x2C, 0x5A,
    0x9C, 0xC2, 0x7B, 0xE0, 0x60, 0xBA, 0xFD, 0x14, 0xEA, 0xEF, 0x6B, 0x8B, 0xB4, 0xF2, 0xEA, 0x14,
    0xEA, 0x06, 0xD0, 0x63, 0x78, 0x86, 0xA8, 0x27, 0x7A, 0xD8, 0x90, 0x7E, 0xBE, 0xBF, 0x21, 0x86,
    0x4B, 0xE2, 0xF6, 0xF7, 0x0F, 0x2A, 0xFB, 0xFA, 0x59, 0x53, 0xF7, 0xF2, 0xAC, 0x29, 0xFD, 0x49,
    0xC9, 0xD3, 0xFD, 0x30, 0xC0, 0x5E, 0x3C, 0x93, 0x67, 0xB3, 0x09, 0x6D, 0x52, 0x9B, 0xD8, 0x26,
    0xB7, 0x09, 0x6E, 0x92, 0xCF, 0xF4, 0xD9, 0x3E, 0xE3, 0xED, 0xF5, 0x47, 0x70, 0x1F, 0xCE, 0x10,
    0x7D, 0xFC, 0x9B, 0x0B, 0xB2, 0xC3, 0x70, 0x31, 0xF1, 0x7F, 0xEF, 0xA0, 0xFC, 0x57, 0x67, 0x4D,
    0x3A, 0x86, 0xC9, 0x3C, 0x93, 0x27, 0xF1, 0x04, 0xBE, 0x41, 0x83, 0x17, 0x1D, 0xEE, 0x3D, 0xC6,
    0xD1, 0xB3, 0xFD, 0x05, 0xF9, 0xBC, 0xE4, 0xAA, 0x27, 0xEE, 0x9E, 0xA0, 0x3C, 0x3E, 0x14, 0xCE,
    0x1A, 0xF1, 0x2B, 0x23, 0xA5, 0x4B, 0x5C, 0x74, 0xFB, 0xB6, 0x7E, 0x79, 0x88, 0xB6, 0xDE, 0xFB,
    0x1E, 0xD6, 0x7F, 0x8E, 0xE7, 0x1B, 0x3C, 0x7A, 0x86, 0x37, 0x20, 0x6B, 0x70, 0xDD, 0x93, 0x4C,
    0xF2, 0xE8, 0x60, 0xF2, 0x97, 0xE7, 0x4A, 0x6F, 0xBF, 0x3C, 0x57, 0x9A, 0xDB, 0x5A, 0x79, 0xBA,
    0xA8, 0x6F, 0xD6, 0xD6, 0xA8, 0x44, 0xDA, 0xDA, 0xFF, 0x94, 0xDB, 0x4C, 0xA4, 0x07, 0xAF, 0xDC,
    0x9E, 0xB7, 0x7D, 0xD4, 0x3A, 0xC1, 0x48, 0xBC, 0x9B, 0x2B, 0xC9, 0x16, 0xD3, 0x5C, 0xA9, 0x02,
    0xAF, 0xF5, 0x28, 0x06, 0x7C, 0x00, 0x36, 0xB0, 0xD8, 0x40, 0xD1, 0xBD, 0x81, 0xB3, 0xB2, 0x28,
    0x61, 0xB7, 0xAE, 0x88, 0xD6, 0xBF, 0xDE, 0x90, 0x87, 0xD0, 0xCD, 0x39, 0xD4, 0xE6, 0x20, 0xCC,
    0x49, 0x98, 0xA3, 0xB0, 0xFB, 0xCC, 0x61, 0x28, 0x6A, 0xBB, 0xB5, 0xD8, 0x5F, 0x96, 0x73, 0x20,
    0xE6, 0x44, 0x76, 0x91, 0xEC, 0x32, 0x99, 0x42, 0xA9, 0xD8, 0xA7, 0xF2, 0x3D, 0x64, 0x28, 0x70,
    0x4D, 0x34, 0x10, 0x35, 0x27, 0xB8, 0x9C, 0xBF, 0x77, 0xBE, 0xEA, 0x85, 0xD0, 0x7C, 0x63, 0x3D,
    0x1A, 0x88, 0x07, 0x88, 0x02, 0x58, 0xD5, 0x93, 0x34, 0xAE, 0xBF, 0x1B, 0x29, 0x3E, 0x44, 0x81,
    0xA2, 0x22, 0x6D, 0x88, 0xDB, 0x13, 0xCA, 0x1B, 0x48, 0x97, 0x2D, 0xFB, 0x07, 0xF4, 0x17, 0xF6,
    0x37, 0xAC, 0x45, 0x0B, 0xA7, 0x72, 0xBC, 0xE7, 0xFF, 0xBD, 0xB3, 0x74, 0x3C, 0xBC, 0x74, 0xFF,
    0x0B, 0xFF, 0x34, 0xE7, 0xDD, 0x33, 0x5C, 0xB0, 0x68, 0x48, 0xAA, 0x13, 0x91, 0x1B, 0x68, 0x4F,
    0x8E, 0x60, 0x7B, 0x0F, 0x71, 0x18, 0x4D, 0x07, 0xE4, 0xF0, 0x06, 0xBC, 0xBC, 0x77, 0x15, 0xB7,
    0xD5, 0xD1, 0xDD, 0xBB, 0x75, 0xE5, 0x1F, 0x43, 0xE9, 0xB3, 0x2D, 0x8E, 0xFF, 0xD2, 0xCE, 0x36,
    0x08, 0xA1, 0xFD, 0x66, 0x36, 0x66, 0x89, 0xEF, 0x6C, 0x6F, 0xDA, 0x17, 0x00, 0xD6, 0xE0, 0x1C,
    0xF0, 0x64, 0x76, 0xB1, 0xD9, 0xF7, 0xED, 0xA6, 0xA7, 0xD1, 0x2A, 0x3C, 0x0C, 0xFD, 0x6A, 0x9B,
    0x84, 0x36, 0xED, 0xAC, 0xA4, 0xAD, 0xB5, 0xAC, 0xB1, 0x95, 0x37, 0x46, 0x79, 0x6D, 0xA3, 0xA8,
    0xA3, 0x8D, 0xA2, 0x8A, 0x07, 0xAB, 0x32, 0xE9, 0xAD, 0x25, 0x9D, 0x60, 0x31, 0x2D, 0xD3, 0x9F,
    0x57, 0x45, 0x6D, 0x35, 0xBF, 0xE1, 0x84, 0x91, 0x37, 0xC3, 0xA7, 0x00, 0x27, 0xBC, 0xF4, 0x4E,
    0xA3, 0xC7, 0x9D, 0x6E, 0xD1, 0x15, 0x7D, 0xDA, 0xFE, 0xA0, 0x4F, 0x9B, 0xA4, 0x4B, 0xEB, 0x45,
    0x97, 0xD5, 0xCB, 0xB6, 0xA8, 0xA6, 0x59, 0x59, 0x5A, 0x07, 0xD9, 0x3F, 0x05, 0xF9, 0xDF, 0xAE,
    0x3F, 0x28, 0x42, 0x31, 0xE4, 0x9B, 0xA2, 0x4B, 0xDB, 0xAC, 0x04, 0x27, 0xB8, 0xC6, 0x88, 0x01,
    0xF2, 0x8A, 0x28, 0xB4, 0xC4, 0xBF, 0x6C, 0xF1, 0xB0, 0x41, 0x5E, 0xE2, 0x31, 0xFC, 0x10, 0x1C,
    0x4C, 0x77, 0xC5, 0x22, 0x94, 0xD2, 0x8F, 0x2B, 0x6F, 0xA6, 0x38, 0x23, 0xEE, 0x89, 0x1A, 0x94,
    0xDC, 0x04, 0x0A, 0x3F, 0x85, 0xA4, 0x83, 0xBC, 0x83, 0x50, 0x45, 0x25, 0xBF, 0x96, 0x36, 0x90,
    0xD6, 0x90, 0x57, 0x13, 0x6E, 0x34, 0xE9, 0x3E, 0x35, 0xF3, 0xA4, 0xAD, 0x6B, 0x3B, 0xE0, 0x4E,
    0xB8, 0x23, 0xEE, 0x8C, 0x3B, 0xE4, 0x4E, 0xB9, 0x63, 0xEE, 0x9C, 0x3B, 0xE8, 0x4E, 0xBA, 0xA3,
    0xEE, 0xAC, 0x7B, 0xAC, 0x18, 0x96, 0x35, 0xB2, 0x1A, 0x45, 0x89, 0x2B, 0xF8, 0x2C, 0x2A, 0xB1,
    0x68, 0xB0, 0xAC, 0xEF, 0x74, 0x71, 0x30, 0x91, 0x4D, 0x66, 0x13, 0xDA, 0xA4, 0x36, 0xB1, 0x4D,
    0x6E, 0x69, 0xBD, 0x36, 0xCB, 0x67, 0xBA, 0xC9, 0x6E, 0xC2, 0x9B, 0xF5, 0xFF, 0x07, 0xC5, 0xD2,
    0x01, 0xA6, 0xE5, 0xD6, 0x03, 0xC7, 0xF1, 0x4F, 0x92, 0xF9, 0x4F, 0xFC, 0xA5, 0x9C, 0x41, 0x29,
    0x1E, 0x02, 0x83, 0x02, 0x01, 0x28, 0x78, 0x09, 0x83, 0x02, 0x3A, 0x2B, 0xE8, 0x12, 0xFA, 0x60,
    0x30, 0xE8, 0x34, 0x01, 0x0A, 0xF0, 0x96, 0x30, 0x8B, 0x28, 0x0A, 0xED, 0x3D, 0x55, 0x14, 0x20,
    0xBA, 0x82, 0x2C, 0x21, 0x34, 0xB8, 0x6D, 0x73, 0xDF, 0xA9, 0x83, 0xD4, 0x8C, 0xD2, 0x29, 0xE6,
    0xB6, 0x07, 0x5F, 0x5C, 0x89, 0xEB, 0x73, 0x7E, 0x01, 0x54, 0x03, 0xD4, 0x8B, 0xDC, 0x1D, 0x8A,
    0xA4, 0x18, 0x68, 0x84, 0x19, 0x42, 0x84, 0x6E, 0x1A, 0xD3, 0xB3, 0x74, 0x31, 0x3E, 0x54, 0xE9,
    0x5E, 0x58, 0x8D, 0x84, 0xC5, 0xF7, 0xB4, 0xB3, 0x07, 0xBA, 0xD9, 0x85, 0x2E, 0xDA, 0xE9, 0x63,
    0x91, 0x3B, 0x95, 0x67, 0xC6, 0xA1, 0xDA, 0x38, 0xA9, 0x56, 0x92, 0x3A, 0x37, 0xBF, 0xE7, 0x34,
    0xF5, 0x91, 0x31, 0xA5, 0x81, 0x2E, 0x5D, 0xF0, 0x38, 0xDD, 0x3B, 0x4E, 0x80, 0x76, 0x42, 0x98,
    0x91, 0x5F, 0xE3, 0x9B, 0x62, 0xE0, 0x49, 0x3D, 0xA3, 0x89, 0x37, 0x6B, 0x99, 0xF4, 0x5B, 0x58,
    0x7C, 0xB4, 0x85, 0x59, 0xB5, 0x86, 0xA8, 0x5E, 0xDB, 0xA8, 0x59, 0xFA, 0x49, 0x98, 0xFB, 0x41,
    0x88, 0x27, 0xDA, 0x1F, 0x12, 0xDD, 0xD7, 0xA7, 0x8F, 0xF5, 0xA9, 0x3F, 0xEB, 0xF6, 0x7E, 0x15,
    0x96, 0x76, 0x90, 0x49, 0x32, 0x76, 0x41, 0xF9, 0x73, 0xAE, 0x67, 0x33, 0x74, 0x03, 0xBC, 0xCC,
    0x70, 0x4F, 0x85, 0x99, 0x0C, 0xCB, 0xFC, 0x07, 0x99, 0xBF, 0x38, 0xF8, 0x4E, 0xEF, 0x9F, 0xFF,
    0x1D, 0xEA, 0xFC, 0x73, 0xF8, 0x6C, 0xE2, 0x71, 0x80, 0x5B, 0x94, 0x1B, 0x8A, 0xB9, 0x98, 0x18,
    0xEA, 0x19, 0x6D, 0xBC, 0x59, 0xEB, 0x77, 0xDF, 0x41, 0xFA, 0xDB, 0x3B, 0x78, 0xFE, 0x04, 0xD5,
    0xF9, 0x05, 0x9A, 0xB4, 0x21, 0xB4, 0x4B, 0x31, 0x50, 0xFC, 0x65, 0xFC, 0x43, 0x7F, 0x7F, 0x4D,
    0x7D, 0x13, 0x23, 0xDD, 0x2F, 0x33, 0xB7, 0x29, 0xF2, 0xC9, 0x38, 0xE0, 0x51, 0x19, 0x51, 0xCF,
    0x37, 0xAB, 0xBB, 0xA9, 0xDF, 0x9A, 0x5F, 0x33, 0x77, 0x79, 0x8B, 0xDB, 0xFD, 0xC3, 0xC9, 0xC9,
    0x38, 0xFF, 0xE1, 0x97, 0xED, 0x43, 0x70, 0x81, 0x22, 0x97, 0x0D, 0x64, 0xE1, 0x91, 0xBB, 0x3C,
    0xED, 0xE5, 0xAD, 0x69, 0xDB, 0x6C, 0xED, 0xFE, 0x9C, 0x76, 0x7C, 0xF7, 0xB4, 0xC7, 0x9F, 0x65,
    0x09, 0x17, 0x38, 0xC3, 0xFF, 0x20, 0x4C, 0x39, 0x2B, 0xEA, 0x0B, 0x7C, 0xE1, 0x8D, 0x33, 0xA6,
    0x26, 0xC5, 0xF1, 0xD2, 0xA4, 0x21, 0xAC, 0xE5, 0x59, 0xB3, 0xD6, 0xAB, 0x7A, 0x0B, 0x51, 0x75,
    0xEE, 0x06, 0xE5, 0xFE, 0x15, 0x1E, 0x76, 0xA4, 0x15, 0xE3, 0x2C, 0x5F, 0x09, 0xF2, 0x5A, 0x4E,
    0x90, 0x8E, 0x84, 0xB4, 0xD0, 0xA5, 0xD9, 0x71, 0x5E, 0xC0, 0xEE, 0x78, 0xB0, 0x9B, 0x50, 0x47,
    0x6F, 0x9C, 0x9B, 0x38, 0x32, 0xAE, 0xFD, 0xE4, 0x26, 0xA7, 0xDA, 0xBA, 0x9C, 0x7E, 0x50, 0x9E,
    0x7B, 0x8A, 0xF3, 0xAB, 0x9C, 0x1D, 0xFB, 0x86, 0xB4, 0xE4, 0xC4, 0x9C, 0x83, 0x59, 0x6C, 0xA8,
    0x67, 0x6E, 0xEF, 0x06, 0xC6, 0x1D, 0xDD, 0xFD, 0x75, 0x59, 0x03, 0xAA, 0x15, 0x4D, 0x4E, 0x3D,
    0xBF, 0x4F, 0xC7, 0xA3, 0xEC, 0xE8, 0xB3, 0xE3, 0x94, 0x1D, 0xAF, 0xF2, 0x5A, 0x03, 0x65, 0x7E,
    0xB8, 0xFE, 0x29, 0x52, 0x7E, 0x1A, 0x8F, 0x05, 0x57, 0x78, 0x7D, 0xDD, 0x19, 0x33, 0x51, 0xBF,
    0xE3, 0xE5, 0x97, 0x78, 0xFA, 0x2D, 0xCA, 0x15, 0x61, 0xC8, 0xF1, 0xAF, 0x6C, 0xA9, 0x5A, 0x5E,
    0x13, 0x7E, 0x5B, 0x69, 0x4F, 0x33, 0x1F, 0xB4, 0x13, 0x5C, 0x57, 0x7E, 0xFB, 0x7F, 0xA4, 0xCF,
    0x29, 0x7E, 0xBF, 0x50, 0xFC, 0x78, 0x86, 0xE7, 0xD7, 0xA6, 0xFE, 0x01, 0xAD, 0x94, 0x01, 0x84,
    0x5C, 0xD7, 0x1B, 0xC5, 0x7F, 0xF3, 0x5E, 0x92, 0xF7, 0xCF, 0xFF, 0x66, 0x7B, 0x17, 0x29, 0x29,
    0xE5, 0x06, 0x41, 0x8A, 0xCC, 0xDB, 0xB2, 0x28, 0x32, 0x7B, 0xAF, 0x06, 0x81, 0x62, 0xD1, 0x05,
    0x82, 0x2D, 0xA0, 0xA0, 0x5B, 0x00, 0x66, 0x67, 0x6E, 0x2D, 0xA2, 0xA0, 0x45, 0x29, 0x8A, 0x16,
    0x10, 0xA0, 0xC1, 0x62, 0xB1, 0xBB, 0xF3, 0x6D, 0x16, 0x50, 0x78, 0xDB, 0x45, 0x69, 0xE1, 0x35,
    0xAA, 0x14, 0xB8, 0xE1, 0x95, 0x57, 0xDE, 0xCC, 0xED, 0x7D, 0xA6, 0x89, 0x46, 0x2B, 0x6D, 0xE8,
    0x77, 0xEE, 0xB9, 0xF3, 0xDD, 0xF3, 0xBE, 0x7B, 0xE6, 0xE1, 0xCC, 0x6C, 0xFF, 0xB5, 0xE0, 0xBA,
    0x2F, 0xBD, 0xC6, 0xCA, 0x6B, 0xEE, 0x32, 0x2F, 0xC6, 0x40, 0xD8, 0x61, 0x25, 0x46, 0xB9, 0x22,
    0x3B, 0x27, 0x22, 0xBC, 0x08, 0xB9, 0x5B, 0x61, 0x8D, 0x18, 0xD7, 0xF3, 0x95, 0x3C, 0xBF, 0x43,
    0xFE, 0x22, 0x6C, 0xBD, 0x1B, 0x17, 0x71, 0xB1, 0xDC, 0x5F, 0xDD, 0xDA, 0x72, 0x36, 0x46, 0xE9,
    0xB9, 0xB5, 0xB5, 0x45, 0x8C, 0xD1, 0xF7, 0x4C, 0x7D, 0x2A, 0x97, 0xDA, 0x54, 0xF2, 0xC7, 0xC7,
    0xDF, 0x8A, 0x5D, 0xE9, 0xFE, 0x93, 0xF5, 0xE7, 0x6F, 0x07, 0x78, 0xEE, 0xEC, 0x0A, 0x31, 0xDE,
    0x32, 0xE1, 0x88, 0x05, 0xBB, 0x0C, 0x9C, 0x0A, 0x45, 0x28, 0x6A, 0x55, 0x69, 0x5F, 0xF2, 0x56,
    0x3A, 0x6B, 0xD1, 0x55, 0x62, 0x3A, 0xED, 0xB2, 0x4F, 0xC9, 0x94, 0x63, 0x26, 0x58, 0x8C, 0x53,
    0x92, 0x09, 0x6E, 0xB5, 0x90, 0xC6, 0xEC, 0x05, 0xAB, 0x64, 0xA2, 0xE5, 0xC8, 0xF8, 0x45, 0x29,
    0xBB, 0xDA, 0xE5, 0xF5, 0x41, 0x11, 0xBA, 0x3C, 0x74, 0x45, 0xDD, 0xE9, 0x47, 0xC1, 0xDC, 0xA9,
    0x37, 0xB4, 0x5F, 0xBD, 0x98, 0xFC, 0x36, 0xF5, 0x69, 0xD0, 0xE7, 0x4D, 0xBF, 0xEF, 0xD5, 0xA5,
    0x92, 0x5D, 0xE3, 0xF6, 0x6F, 0x91, 0x9A, 0xA9, 0x91, 0xE3, 0xD2, 0x4F, 0x8C, 0xB7, 0x5A, 0xCC,
    0xDD, 0x4A, 0x3D, 0x0A, 0x99, 0x3C, 0xC4, 0xC2, 0x06, 0x8C, 0x60, 0xCC, 0xFB, 0x47, 0x0F, 0x62,
    0x6C, 0x7F, 0xF9, 0x75, 0x9F, 0x00, 0x81, 0x2C, 0x90, 0xD7, 0xE4, 0x15, 0x45, 0x85, 0x12, 0xB4,
    0x70, 0xD1, 0x41, 0x1E, 0x58, 0xB2, 0x82, 0x42, 0xB8, 0xF4, 0xF9, 0xF7, 0x5E, 0xC7, 0xE8, 0x5F,
    0xF9, 0xF2, 0x0B, 0x87, 0x76, 0x60, 0x12, 0x2D, 0xBD, 0x29, 0xAB, 0xA3, 0x0B, 0xD8, 0x38, 0x67,
    0x1A, 0x3B, 0x18, 0x03, 0xED, 0x92, 0x83, 0x44, 0x36, 0x41, 0xD5, 0x65, 0x63, 0x1B, 0x1B, 0x4C,
    0xB5, 0x0A, 0x13, 0x98, 0xD6, 0x4C, 0x17, 0x69, 0x5A, 0xFA, 0xBD, 0xEE, 0x95, 0xA4, 0x97, 0x6E,
    0x26, 0x33, 0xB1, 0x0C, 0xB3, 0x30, 0x2B, 0x9A, 0xA8, 0xC2, 0xB8, 0xA8, 0x86, 0x94, 0x18, 0x37,
    0x63, 0xEA, 0xAC, 0x8F, 0xCC, 0xB0, 0xFE, 0x90, 0x11, 0x1B, 0xCF, 0x66, 0x97, 0xF1, 0x3B, 0x7B,
    0x99, 0xF8, 0xDD, 0xFD, 0x37, 0xF1, 0xCB, 0xBC, 0xAA, 0xDF, 0x78, 0xF0, 0xDE, 0xC7, 0x03, 0xFF,
    0xCF, 0xC8, 0xEF, 0xC1, 0x39, 0xAC, 0x57, 0xB1, 0xDB, 0x91, 0x75, 0x91, 0xEF, 0x38, 0xBD, 0x87,
    0xF0, 0x12, 0x2B, 0x39, 0x5C, 0xD9, 0xE1, 0x43, 0xE1, 0x3C, 0x86, 0x37, 0x65, 0x6D, 0x65, 0x67,
    0x2D, 0x7F, 0x67, 0x0D, 0x5E, 0x6A, 0xC1, 0x36, 0xC0, 0x60, 0xE6, 0x68, 0x01, 0x54, 0x94, 0x3C,
    0x00, 0x98, 0x1F, 0x52, 0x04, 0x01, 0x6C, 0x5E, 0x1B, 0x0F, 0x30, 0xC9, 0x6B, 0x0B, 0xC0, 0x51,
    0x51, 0x1D, 0x2E, 0x1B, 0x7D, 0x12, 0x2E, 0xC2, 0x26, 0xB3, 0xE9, 0xDE, 0x59, 0x14, 0xB5, 0xC0,
    0x2E, 0xF4, 0xFD, 0x18, 0xCA, 0xE8, 0xCD, 0x4F, 0x65, 0x0A, 0xD8, 0xB1, 0x11, 0x38, 0x2C, 0xDF,
    0x6E, 0x3A, 0x2D, 0x0C, 0x1A, 0x9B, 0x3D, 0x69, 0x53, 0x93, 0x7C, 0xF2, 0x27, 0x8D, 0xF1, 0x68,
    0xB1, 0xEA, 0x71, 0x63, 0xA1, 0xC4, 0x7E, 0x7D, 0x32, 0x5F, 0xC0, 0x11, 0x65, 0x24, 0xB6, 0xD0,
    0xA1, 0x5A, 0xCA, 0x0A, 0xD6, 0x58, 0x56, 0x96, 0x12, 0xAD, 0x6A, 0x5D, 0x19, 0xB1, 0x8C, 0xB8,
    0x99, 0xCE, 0x9F, 0xE6, 0x3F, 0xB6, 0xEA, 0x71, 0xAB, 0xCF, 0x83, 0xF9, 0xA6, 0xB6, 0x5A, 0x46,
    0xC6, 0xDD, 0xFC, 0x7F, 0xD2, 0xAF, 0x5F, 0x26, 0xAF, 0x0F, 0x8D, 0x57, 0x75, 0x57, 0x7A, 0xFD,
    0x6D, 0x6B, 0x31, 0xE9, 0x4D, 0xB0, 0x45, 0xDD, 0x31, 0x52, 0x27, 0x0D, 0x37, 0x0B, 0xBE, 0xE2,
    0x1A, 0x13, 0xA6, 0x58, 0x67, 0x44, 0x4B, 0x5E, 0x0F, 0xE4, 0x5A, 0xE6, 0x26, 0x5A, 0xA6, 0xBA,
    0xB2, 0x77, 0x83, 0x39, 0x6D, 0xF4, 0x49, 0x9B, 0x4C, 0x06, 0x72, 0x23, 0xE9, 0xDB, 0x4C, 0x74,
    0xBA, 0x36, 0xD5, 0x67, 0x1D, 0xE9, 0xE9, 0x9C, 0xF4, 0x7C, 0x42, 0x9A, 0xB0, 0xA4, 0x19, 0xED,
    0xD2, 0xD4, 0x25, 0xD8, 0xEE, 0x63, 0x5B, 0x2C, 0x30, 0x9F, 0xC8, 0x24, 0x0F, 0x0C, 0x61, 0x41,
    0xD1, 0x60, 0x2A, 0xAC, 0xC7, 0x0A, 0xBA, 0x26, 0xC9, 0xEC, 0x53, 0xF8, 0x22, 0x64, 0x1D, 0x91,
    0x59, 0x36, 0x57, 0xA1, 0xF4, 0xB7, 0xB8, 0x0E, 0xD7, 0x0E, 0x0B, 0x19, 0x0F, 0x95, 0x04, 0xF5,
    0x51, 0x2E, 0x59, 0xAD, 0x1D, 0x07, 0x23, 0x2E, 0x0C, 0x9B, 0x4D, 0xAB, 0xCF, 0xDA, 0xA1, 0xAE,
    0x1B, 0x6E, 0x1F, 0x40, 0x33, 0x24, 0xAF, 0xB4, 0xD3, 0xF7, 0x4F, 0xAB, 0xA1, 0xAA, 0x9A, 0x83,
    0x42, 0x6E, 0xF7, 0x77, 0xB9, 0xCA, 0xE6, 0xA0, 0x2B, 0x42, 0xDE, 0xEA, 0x3A, 0x6F, 0x8C, 0x14,
    0xA1, 0x14, 0x55, 0x5B, 0xAF, 0x2B, 0x8B, 0x96, 0x9E, 0x13, 0xB4, 0xDF, 0xC5, 0xB8, 0x31, 0x86,
    0x43, 0x4A, 0x0E, 0xB8, 0x45, 0x03, 0xC0, 0x90, 0x86, 0x59, 0xDE, 0x11, 0xF3, 0x96, 0x71, 0x56,
    0xF3, 0xDC, 0x3F, 0xA5, 0x8B, 0x55, 0xAC, 0x80, 0xFF, 0x01, 0x58, 0x80, 0x09, 0x40, 0x07, 0xE4,
    0x01, 0x50, 0x02, 0x18, 0x07, 0x6C, 0x00, 0x1C, 0x02, 0x83, 0x00, 0xE4, 0x15, 0xA0, 0x3D, 0x50,
    0x3E, 0xD3, 0x9B, 0xA7, 0x97, 0xB4, 0x00, 0xA5, 0x03, 0x86, 0x3C, 0x2D, 0x53, 0x67, 0x73, 0xA6,
    0x9D, 0x8E, 0x7E, 0xBA, 0xD0, 0x51, 0x6E, 0xD8, 0xCB, 0xAA, 0x62, 0x83, 0x42, 0x18, 0xA3, 0x7D,
    0x16, 0x52, 0xAF, 0x65, 0xD0, 0x2C, 0xA5, 0x23, 0xA7, 0x3F, 0x23, 0x8A, 0x69, 0x99, 0x3A, 0x55,
    0x03, 0xC0, 0x08, 0x25, 0x44, 0x8C, 0xB0, 0xA0, 0x14, 0x0E, 0xD0, 0x0E, 0xE0, 0x2A, 0x30, 0x4F,
    0xE6, 0xDD, 0xB4, 0xCB, 0xDB, 0xE9, 0xA2, 0x08, 0x37, 0xAC, 0x4A, 0x66, 0xAA, 0x66, 0xAC, 0xAB,
    0x2C, 0x68, 0x49, 0xF0, 0xC9, 0xDB, 0x1D, 0x39, 0xD3, 0x5B, 0x26, 0xC7, 0x21, 0xB0, 0xCA, 0x88,
    0x21, 0x91, 0x19, 0x8B, 0xC4, 0x03, 0xC6, 0x4B, 0x27, 0xE6, 0x40, 0xD6, 0xA9, 0x86, 0xBC, 0xB5,
    0x73, 0x8A, 0x60, 0x23, 0x2A, 0x59, 0xA2, 0x6B, 0x4A, 0xB4, 0x30, 0x5A, 0xBE, 0xA5, 0xF6, 0xAA,
    0xC2, 0xB8, 0x12, 0x0C, 0x93, 0x4D, 0x92, 0x6B, 0xC5, 0x10, 0xEB, 0x59, 0x05, 0x18, 0x26, 0x30,
    0x4B, 0x20, 0xF6, 0xDB, 0x38, 0x01, 0x00, 0xF5, 0x1B, 0x0F, 0x6D, 0xFC, 0xB9, 0x39, 0xFE, 0x20,
    0x86, 0xF5, 0xFE, 0x07, 0x09, 0xF4, 0x69, 0x1E, 0xF8, 0x3E, 0xCE, 0x7B, 0xA1, 0xCF, 0xF3, 0x5E,
    0xE8, 0x03, 0xAD, 0xEA, 0x3E, 0xD1, 0x5A, 0x6C, 0x91, 0x24, 0xD7, 0x67, 0xDA, 0xD2, 0x87, 0xFA,
    0x75, 0x7E, 0x07, 0x74, 0xD0, 0xB1, 0x4D, 0x03, 0x31, 0x14, 0x87, 0xF1, 0xBF, 0x6D, 0xD0, 0x15,
    0x96, 0x78, 0x23, 0x78, 0x03, 0xBC, 0x00, 0x60, 0xA7, 0xCE, 0x12, 0x8C, 0xC0, 0x00, 0x21, 0x36,
    0xAC, 0x45, 0xC8, 0x3D, 0xA5, 0x49, 0x7B, 0x8A, 0x90, 0x68, 0x4F, 0xCA, 0x00, 0xBC, 0xC2, 0xC5,
    0x21, 0x25, 0x79, 0x24, 0x34, 0x54, 0x48, 0x5F, 0xFB, 0x6B, 0x3E, 0x94, 0xEA, 0x54, 0x68, 0xD7,
    0xC2, 0xAC, 0x25, 0xD3, 0x92, 0x6D, 0x4B, 0x27, 0xCB, 0x6E, 0x4C, 0xC4, 0x51, 0xE1, 0x27, 0xC0,
    0x08, 0xBC, 0x20, 0x8E, 0x78, 0x1B, 0xEC, 0x9E, 0xFD, 0x96, 0xA3, 0xAF, 0x45, 0x5B, 0x52, 0x41,
    0x00, 0x22, 0xA0, 0xCD, 0xA8, 0xD8, 0x11, 0xAE, 0xC1, 0x69, 0x46, 0x60, 0x78, 0x06, 0x31, 0x4A,
    0x4E, 0xC7, 0x8B, 0x43, 0x18, 0x8C, 0x8A, 0xFF, 0x40, 0x98, 0x90, 0x14, 0xAB, 0x90, 0x27, 0xAA,
    0xE7, 0x56, 0x11, 0xE5, 0x84, 0xD0, 0x90, 0xB4, 0x16, 0xE5, 0x16, 0xF1, 0xB8, 0x80, 0x69, 0x70,
    0xE3, 0x45, 0x87, 0x8C, 0x04, 0x3C, 0x03, 0x0B, 0x00, 0xA5, 0x5A, 0x95, 0x6E, 0x27, 0x7E, 0x23,
    0xEE, 0x93, 0xED, 0x17, 0xC8, 0xF3, 0x43, 0x37, 0x24, 0xE2, 0xB3, 0xF5, 0xDF, 0x40, 0x9F, 0x9D,
    0x8E, 0xB4, 0x11, 0x9A, 0x09, 0xBD, 0x0A, 0xA9, 0x58, 0x1D, 0x10, 0xD8, 0xF4, 0xE8, 0x27, 0xA4,
    0x8A, 0x38, 0xE7, 0x54, 0x98, 0xF6, 0x4C, 0x5B, 0xA6, 0x79, 0x0D, 0x94, 0x6F, 0xE9, 0xE9, 0x3E,
    0x8C, 0x77, 0x94, 0xFF, 0x0E, 0xBC, 0xFC, 0x73, 0x00, 0xE6, 0x9D, 0x0E, 0xD7, 0x07, 0x4C, 0x68,
    0x46, 0xAC, 0x38, 0x71, 0x63, 0x9C, 0xCA, 0x01, 0xFD, 0x2F, 0xDC, 0x88, 0xB7, 0x82, 0x6E, 0x40,
    0xA8, 0x58, 0xC3, 0x36, 0x50, 0x45, 0xD2, 0x21, 0x29, 0x9B, 0x13, 0x48, 0xEB, 0x0D, 0xD5, 0x2B,
    0xCA, 0x58, 0xC3, 0x1F, 0x61, 0x22, 0x10, 0x61, 0xD6, 0xD0, 0x09, 0xFD, 0xCF, 0x26, 0x50, 0x1A,
    0xB6, 0xF6, 0x24, 0x85, 0x6D, 0x2D, 0xAD, 0xC2, 0x16, 0x00, 0x2D, 0xD0, 0x21, 0x68, 0xF4, 0x30,
    0x00, 0xC5, 0xF1, 0x7F, 0xAE, 0xDF, 0xB7, 0x83, 0x05, 0x16, 0x37, 0x18, 0x13, 0xE7, 0x55, 0xFD,
    0x4C, 0xA2, 0xE6, 0xC5, 0x4E, 0xCF, 0xAB, 0x7A, 0x31, 0xD2, 0x79, 0x33, 0x33, 0xEF, 0xD5, 0x3C,
    0x1C, 0x97, 0x7A, 0x55, 0x3F, 0x53, 0x33, 0x98, 0x3C, 0x71, 0x83, 0x1E, 0xA4, 0x79, 0x23, 0xAC,
    0xE6, 0xC7, 0x23, 0x21, 0x2F, 0xF0, 0x88, 0x52, 0x4F, 0xAA, 0xB8, 0x9F, 0x2E, 0xE0, 0x26, 0x07,
    0x6E, 0xBC, 0x81, 0xDD, 0x00, 0xB4, 0x15, 0xAF, 0x53, 0x65, 0x82, 0xF8, 0x1E, 0x20, 0x01, 0x56,
    0xF3, 0x0A, 0x0B, 0x60, 0x2A, 0x3B, 0x4D, 0xE0, 0x35, 0x02, 0xD8, 0x0B, 0x10, 0x05, 0xA6, 0xC4,
    0x40, 0x73, 0xDE, 0x81, 0x9D, 0xEE, 0xC0, 0x0D, 0xB0, 0x91, 0x46, 0x1A, 0x69, 0xC0, 0xD4, 0x3E,
    0x2B, 0x05, 0x9C, 0x04, 0xFF, 0xCB, 0x1E, 0xC8, 0xAC, 0x3C, 0x5C, 0xF6, 0x07, 0xA2, 0x34, 0xE3,
    0x1F, 0xD3, 0x04, 0x9D, 0x7A, 0x80, 0xFA, 0xF4, 0x0C, 0xC0, 0x36, 0x7D, 0x66, 0x00, 0xF0, 0xAF,
    0x65, 0x0D, 0xA1, 0x34, 0x23, 0x40, 0x0C, 0xC5, 0x0E, 0x00, 0xC9, 0x2C, 0xEE, 0x2F, 0x34, 0x59,
    0xC5, 0x14, 0x50, 0x77, 0x4A, 0xDF, 0xEE, 0x03, 0xA4, 0xC1, 0x87, 0xD6, 0x60, 0xEA, 0x17, 0xB4,
    0x23, 0x9B, 0x0C, 0x1E, 0x37, 0xD3, 0x64, 0x88, 0x34, 0x0B, 0xCD, 0x0C, 0xC7, 0x7F, 0xA1, 0xB0,
    0x9D, 0x41, 0x87, 0xD3, 0x0B, 0xBE, 0xCE, 0x75, 0xD6, 0x4C, 0x52, 0xC0, 0xF7, 0xDD, 0x08, 0xDC,
    0x97, 0x40, 0x6D, 0x63, 0x5B, 0x9E, 0x07, 0xDC, 0x64, 0x7B, 0x7C, 0x7F, 0x0D, 0x11, 0xB0, 0xF5,
    0xDC, 0xD5, 0x7D, 0x4D, 0x06, 0x5A, 0x09, 0x7C, 0xE5, 0x76, 0x79, 0x5A, 0x87, 0x43, 0x18, 0x48,
    0x5F, 0xC7, 0x7A, 0x9D, 0xE1, 0x4A, 0x6F, 0xFC, 0x02, 0x85, 0x91, 0x81, 0x66, 0x1D, 0x4D, 0x14,
    0xC7, 0x7F, 0x77, 0xE7, 0xE6, 0xDB, 0xB0, 0x7C, 0x53, 0x04, 0x0A, 0x9D, 0x22, 0xA8, 0xD2, 0x2C,
    0x04, 0x45, 0x9B, 0xD9, 0x47, 0xB8, 0xCF, 0xD1, 0x27, 0x28, 0x24, 0xBB, 0x8F, 0x90, 0x47, 0x28,
    0x0A, 0x6E, 0xA1, 0x0F, 0x70, 0xD3, 0xBB, 0x8F, 0xB0, 0x8F, 0xB0, 0x8F, 0x70, 0x52, 0xA3, 0xDD,
    0x36, 0x73, 0x73, 0x9A, 0x63, 0x93, 0x84, 0x4A, 0xE5, 0x6F, 0xFE, 0xBF, 0x3D, 0xE7, 0xCC, 0xCE,
    0x39, 0xC3, 0x80, 0xE9, 0xD8, 0x90, 0x01, 0x97, 0x00, 0xDF, 0x03, 0xB5, 0xAA, 0x12, 0x0D, 0x16,
    0x51, 0x0D, 0x40, 0x31, 0x01, 0x6C, 0x0C, 0x2F, 0xB9, 0xD3, 0x73, 0xA0, 0x6D, 0x58, 0xE8, 0x40,
    0xA5, 0x89, 0xBA, 0xBD, 0xE0, 0x28, 0x9E, 0xB0, 0x1F, 0xF7, 0x21, 0xF2, 0xB4, 0x67, 0x95, 0x86,
    0xD0, 0x5B, 0x24, 0x00, 0xD9, 0x66, 0x5F, 0x1B, 0x74, 0x8E, 0x60, 0x31, 0x01, 0xD5, 0x08, 0xF8,
    0x0E, 0xF8, 0x8F, 0x5B, 0xBD, 0x7E, 0x7A, 0xC8, 0x32, 0x2E, 0x79, 0x11, 0xDF, 0x10, 0xDB, 0x33,
    0xBC, 0x4E, 0x14, 0x3A, 0xC2, 0xB6, 0x83, 0x23, 0xE0, 0xBC, 0xA0, 0x48, 0xBE, 0x2F, 0xC7, 0x52,
    0x42, 0x43, 0x6E, 0x55, 0x75, 0x7B, 0xE3, 0xB8, 0x5E, 0xEF, 0x7C, 0x5F, 0x24, 0x97, 0xFC, 0x80,
    0x94, 0x0D, 0xA6, 0x84, 0xDB, 0xE1, 0xB5, 0x89, 0x3A, 0x6C, 0x7E, 0xCB, 0xF1, 0x34, 0x30, 0x71,
    0xBF, 0x0E, 0xA7, 0xF3, 0xCD, 0x2F, 0x39, 0xB9, 0x1A, 0xBD, 0x76, 0xEE, 0xDA, 0x2A, 0xA6, 0x25,
    0x10, 0x01, 0xED, 0x71, 0x2A, 0x04, 0xCD, 0x84, 0xF8, 0x8E, 0xBD, 0xF8, 0x0C, 0x22, 0xE6, 0x9B,
    0xF8, 0x90, 0xD0, 0x9E, 0xE2, 0x35, 0xE3, 0x1E, 0xAE, 0x46, 0x54, 0xBD, 0xB7, 0x89, 0xFC, 0xF7,
    0xFA, 0x94, 0x8B, 0x29, 0x57, 0x63, 0xAE, 0x9B, 0xBC, 0xD5, 0xAC, 0x9A, 0xE3, 0xFA, 0xB3, 0xEF,
    0x29, 0x13, 0x8B, 0x04, 0xAB, 0x47, 0xCF, 0x90, 0x5F, 0x91, 0xBF, 0x91, 0xEB, 0x2E, 0x97, 0xA3,
    0xEA, 0xA4, 0x9A, 0x3F, 0x7C, 0x11, 0x7C, 0x6F, 0xCF, 0x78, 0x0A, 0x07, 0xCC, 0x72, 0x62, 0xE6,
    0xAB, 0x93, 0x62, 0x72, 0x52, 0x8D, 0x4E, 0xEA, 0xC6, 0x49, 0xAB, 0x2A, 0xDB, 0x1B, 0xC7, 0xF5,
    0xFA, 0xDC, 0xF7, 0xE0, 0x12, 0x60, 0x5E, 0x01, 0x4B, 0x80, 0x60, 0x38, 0xBB, 0x7B, 0xB0, 0x52,
    0x55, 0x09, 0x86, 0xF7, 0xC0, 0x0C, 0x4B, 0xE7, 0x8D, 0x22, 0xB1, 0x07, 0x17, 0x00, 0xB5, 0x61,
    0x9F, 0xDB, 0x2E, 0x75, 0x03, 0xDB, 0x81, 0xE2, 0x72, 0xA2, 0x92, 0x6B, 0x6A, 0xD1, 0xEE, 0x42,
    0x7E, 0x0E, 0xC7, 0x72, 0xD9, 0x23, 0xC2, 0x63, 0x5E, 0xDC, 0x7A, 0xD6, 0xF2, 0x7E, 0x9A, 0xB5,
    0xA2, 0x1A, 0x88, 0xAA, 0xC9, 0xB0, 0x03, 0x08, 0x33, 0x2C, 0x9D, 0x37, 0x0E, 0x28, 0x47, 0x2B,
    0x75, 0xC0, 0xC9, 0xDD, 0x55, 0x56, 0xAB, 0x87, 0xAE, 0xFF, 0xF0, 0x47, 0xF9, 0xDE, 0x9F, 0xC9,
    0xD5, 0x10, 0x44, 0x9B, 0x52, 0x76, 0x2C, 0x7E, 0x24, 0x68, 0x7B, 0x08, 0x3C, 0xE8, 0xED, 0xFF,
    0x90, 0x43, 0xE3, 0xA4, 0x1C, 0xBC, 0x6A, 0xB2, 0xA9, 0x1B, 0x08, 0xF6, 0xB5, 0xDC, 0xEA, 0xE4,
    0xD0, 0xD9, 0x7F, 0xA6, 0x3F, 0xBD, 0x96, 0x01, 0x84, 0x25, 0xC9, 0x19, 0xC7, 0x7F, 0xDD, 0x9D,
    0x9D, 0x46, 0xA3, 0x82, 0x5B, 0xC2, 0xA1, 0x20, 0x20, 0xC9, 0x5D, 0xC1, 0x61, 0x31, 0xB3, 0x55,
    0x49, 0x00, 0x41, 0x16, 0xBB, 0x10, 0x08, 0x04, 0x11, 0xB8, 0xE0, 0x70, 0x98, 0x99, 0x6E, 0x82,
    0x03, 0xD8, 0x20, 0x00, 0x04, 0x20, 0x81, 0x83, 0x60, 0x31, 0x3B, 0x5D, 0x01, 0x01, 0xE8, 0x04,
    0x82, 0x83, 0x06, 0x82, 0xE0, 0x0A, 0x9D, 0xA4, 0x67, 0xD3, 0xFD, 0xBE, 0xD4, 0xD7, 0xED, 0x19,
    0x33, 0xBB, 0x7B, 0x17, 0xC9, 0x25, 0xDF, 0xEB, 0xEF, 0x37, 0x55, 0xF5, 0xFF, 0xBE, 0xFF, 0xAB,
    0x7E, 0xF3, 0xF4, 0xAB, 0x87, 0x81, 0xE2, 0x89, 0x1B, 0x69, 0x46, 0x9B, 0x30, 0xD1, 0x4C, 0xD8,
    0xD8, 0xCC, 0xF8, 0x50, 0xAF, 0xCF, 0x5A, 0x2A, 0x91, 0x03, 0xA5, 0xC8, 0x02, 0xC2, 0x0C, 0xF2,
    0xBD, 0x09, 0xDA, 0x5F, 0x24, 0xF0, 0x7F, 0x18, 0xC0, 0x7D, 0x16, 0xC1, 0x7E, 0xDE, 0x81, 0x11,
    0xA0, 0x51, 0x54, 0xAB, 0x62, 0x06, 0x8A, 0xC0, 0x1E, 0xED, 0x44, 0x25, 0x2B, 0x55, 0x27, 0x80,
    0xEF, 0xC0, 0xC5, 0x2D, 0x9D, 0xC4, 0x42, 0x24, 0xD6, 0x53, 0x1B, 0x4D, 0x74, 0xD1, 0x75, 0xBE,
    0xF3, 0x21, 0xBF, 0xF0, 0xB4, 0xDB, 0x6B, 0xA5, 0x2D, 0x16, 0xFC, 0x67, 0x09, 0x27, 0x03, 0xCD,
    0x81, 0x2D, 0x44, 0x0E, 0x22, 0xD2, 0x1F, 0x04, 0x6E, 0xAF, 0x56, 0xF4, 0xFA, 0xD9, 0x6F, 0xEF,
    0x2C, 0x6A, 0xA1, 0xC6, 0xDE, 0x48, 0x79, 0x1D, 0x3E, 0xC2, 0xC9, 0xCD, 0x54, 0xE4, 0xB5, 0xA1,
    0x3A, 0xD0, 0x47, 0x93, 0xF0, 0x83, 0x1D, 0x90, 0xD1, 0xC5, 0xEA, 0xAF, 0xC9, 0x77, 0xE6, 0x93,
    0xE4, 0x83, 0xAF, 0x32, 0xAE, 0x32, 0xCA, 0x54, 0x27, 0xFF, 0x83, 0xD8, 0x24, 0xFF, 0x29, 0x66,
    0x74, 0x0B, 0x76, 0xD0, 0x8E, 0xD8, 0xCC, 0xA5, 0x60, 0x45, 0x56, 0x2E, 0x7A, 0x49, 0x7C, 0x74,
    0xF2, 0x0A, 0xF6, 0x28, 0x7E, 0x0D, 0xCD, 0x0C, 0x66, 0x01, 0x9B, 0xD3, 0x1F, 0xE0, 0x42, 0x60,
    0xE9, 0x03, 0x73, 0xDB, 0x95, 0xC9, 0xC7, 0x2A, 0xB9, 0xA1, 0x1E, 0x6C, 0x32, 0xD1, 0x24, 0xDB,
    0x35, 0xB3, 0x0B, 0xF5, 0xE2, 0xA9, 0xD6, 0x6B, 0x4A, 0xDD, 0xEF, 0x16, 0x0F, 0x9F, 0x3D, 0x7B,
    0xAA, 0x1B, 0xD7, 0xEC, 0x23, 0x8B, 0x8F, 0xC5, 0xE2, 0x87, 0x72, 0xB2, 0x63, 0x95, 0x4C, 0xAA,
    0xC7, 0x66, 0x32, 0xB1, 0x9E, 0x4D, 0x57, 0x2D, 0x2E, 0x94, 0xAB, 0x87, 0xC3, 0x05, 0xC8, 0x15,
    0xB4, 0x33, 0xF8, 0x04, 0x2E, 0xA7, 0x8D, 0xF0, 0x00, 0x78, 0x57, 0xA4, 0x2B, 0x24, 0xA3, 0x51,
    0xA8, 0x82, 0x8F, 0x40, 0x0F, 0x20, 0x1B, 0x54, 0x90, 0x23, 0x82, 0x70, 0x54, 0xB7, 0xBA, 0xAD,
    0x63, 0xEB, 0x2D, 0x15, 0x9B, 0x1F, 0xB0, 0x00, 0xC5, 0xAC, 0xF6, 0x2A, 0xDC, 0xDA, 0x9B, 0x88,
    0x8F, 0x36, 0xD2, 0xE3, 0x02, 0x82, 0x7F, 0xDD, 0xBE, 0x9C, 0xA1, 0xAF, 0x12, 0xF8, 0x4F, 0x32,
    0xDC, 0x3F, 0x87, 0x3B, 0xF6, 0x7E, 0x03, 0xC0, 0x25, 0xC7, 0xF8, 0x76, 0x5E, 0xAB, 0x54, 0x35,
    0x0A, 0x3F, 0x02, 0x6D, 0x78, 0xCB, 0xEE, 0x7B, 0x8E, 0xEA, 0x56, 0x67, 0xE4, 0xD8, 0xBB, 0xB9,
    0xF4, 0x72, 0x03, 0xBD, 0xC8, 0xA0, 0x98, 0x81, 0xEA, 0xC0, 0xD1, 0xC8, 0x77, 0x8A, 0x98, 0x05,
    0xD9, 0xD1, 0x2A, 0xB6, 0xB5, 0xA3, 0x2A, 0x7B, 0x87, 0xF6, 0x2A, 0x46, 0x36, 0x3F, 0xA3, 0x7A,
    0x33, 0x00, 0xF7, 0xED, 0x17, 0xB5, 0x5F, 0x11, 0xB8, 0x54, 0x03, 0xFF, 0x06, 0xFB, 0x66, 0xF4,
    0x91, 0x2A, 0xF9, 0x2E, 0xA3, 0x87, 0xE2, 0xD5, 0x5D, 0xFB, 0x7D, 0x67, 0x0A, 0x17, 0x94, 0x6A,
    0xFF, 0x4A, 0x21, 0x49, 0xB1, 0x00, 0xA5, 0xDC, 0xDE, 0x72, 0xF7, 0x86, 0xDD, 0x77, 0xBB, 0xAA,
    0x75, 0xDA, 0xA1, 0x48, 0xBB, 0xCB, 0xC3, 0x67, 0x39, 0xF0, 0x92, 0x03, 0x97, 0xB1, 0x52, 0x2D,
    0x98, 0xF4, 0x3F, 0x64, 0xBD, 0x62, 0x27, 0xBC, 0x0C, 0x22, 0xC1, 0xCB, 0x1F, 0x45, 0x78, 0x90,
    0xBF, 0xEB, 0x56, 0x64, 0x71, 0x39, 0x6D, 0xE2, 0x65, 0x33, 0x73, 0x56, 0xAD, 0x9C, 0x16, 0x02,
    0xF4, 0x1D, 0xF8, 0x01, 0xB2, 0x40, 0x33, 0x41, 0x35, 0xA1, 0x2E, 0xB8, 0xB8, 0xDF, 0xD2, 0x01,
    0xAA, 0x19, 0xDB, 0x24, 0xBC, 0x8D, 0xB4, 0x5E, 0xE4, 0x90, 0x73, 0x55, 0x2F, 0x80, 0x6C, 0x9D,
    0x47, 0xDB, 0xA4, 0x9C, 0xA0, 0x4E, 0x60, 0x22, 0x58, 0x75, 0x05, 0x5E, 0x42, 0xB1, 0x40, 0x95,
    0xA0, 0x1E, 0x77, 0xC9, 0x85, 0x5D, 0x5A, 0xA0, 0x98, 0x77, 0xA9, 0x19, 0x76, 0xC9, 0xDF, 0x7E,
    0x25, 0xF1, 0x01, 0x5C, 0xB7, 0xAF, 0x37, 0xE3, 0xEE, 0x5C, 0x4D, 0xBB, 0x1D, 0x2B, 0xD0, 0x03,
    0x9E, 0xDB, 0x22, 0x73, 0xBF, 0x48, 0xF3, 0x7A, 0x2F, 0xD2, 0x38, 0xD7, 0xEB, 0xD1, 0xF9, 0xA3,
    0xFE, 0x62, 0x71, 0x32, 0x55, 0xD2, 0x35, 0x32, 0xB4, 0xB2, 0x5C, 0x9C, 0x5F, 0x7D, 0xFD, 0xFC,
    0x1D, 0x55, 0x7F, 0xCA, 0xC9, 0x8A, 0x95, 0xCE, 0xDB, 0x78, 0x5E, 0x0D, 0x57, 0xD5, 0x98, 0xE9,
    0x7F, 0x18, 0x9D, 0x84, 0xFA, 0x06, 0x17, 0xDA, 0xD8, 0x46, 0x1F, 0x00, 0x1B, 0x8E, 0xA6, 0x8F,
    0x15, 0x17, 0x8A, 0x2B, 0xC5, 0x0C, 0x14, 0x13, 0x50, 0x26, 0xA0, 0x4A, 0x7C, 0xEB, 0x79, 0x35,
    0xD0, 0xA6, 0x3A, 0x66, 0x34, 0x91, 0x6A, 0x32, 0x1D, 0xE5, 0x6C, 0x75, 0x7F, 0x0E, 0x58, 0xB4,
    0xFF, 0xE5, 0x19, 0x70, 0x79, 0x0E, 0x78, 0xED, 0x77, 0xDA, 0x6F, 0x13, 0x60, 0xC6, 0xE3, 0x57,
    0xFE, 0x09, 0xA1, 0x59, 0xEA, 0x68, 0xC5, 0x75, 0xDE, 0xAC, 0x9C, 0x55, 0xD3, 0x96, 0x3A, 0x76,
    0xE2, 0x3B, 0xB3, 0x98, 0x58, 0x3C, 0x29, 0x02, 0xA1, 0x08, 0x66, 0x36, 0x93, 0x5F, 0xFD, 0xF2,
    0xD8, 0xCD, 0x17, 0xE7, 0xCD, 0x78, 0xA6, 0x79, 0x61, 0xE7, 0x73, 0xBF, 0xB6, 0x8B, 0x9D, 0x5C,
    0x2A, 0x72, 0xCD, 0x43, 0x00, 0xFF, 0xD5, 0x40, 0x44, 0x6E, 0xC1, 0x31, 0xDE, 0xE3, 0xF6, 0xF1,
    0x01, 0xD5, 0x02, 0x34, 0x09, 0x70, 0x83, 0xAE, 0x77, 0xC0, 0xE1, 0x4B, 0xD7, 0xB3, 0xDF, 0xEC,
    0x14, 0xAD, 0xC2, 0xBF, 0x2D, 0x16, 0xCF, 0x57, 0x75, 0x51, 0x3C, 0x01, 0xAA, 0x09, 0xA8, 0x67,
    0xC0, 0x2C, 0x80, 0x3D, 0x00, 0xAE, 0x07, 0xBC, 0x0F, 0x70, 0x6D, 0x23, 0xAC, 0x26, 0x52, 0x2C,
    0xCD, 0x48, 0x35, 0xD7, 0x89, 0x2A, 0xE5, 0x96, 0x26, 0x95, 0x0B, 0x66, 0x60, 0xC1, 0x46, 0x0E,
    0xF8, 0x8E, 0x16, 0x0F, 0x3E, 0xF4, 0xE0, 0xE2, 0x3B, 0xF0, 0x20, 0xB4, 0xE0, 0x3A, 0x1F, 0xF0,
    0xC1, 0x75, 0xF4, 0x5A, 0xB7, 0x62, 0xC6, 0x62, 0xA1, 0x4E, 0xE5, 0x4C, 0x35, 0x65, 0x97, 0x52,
    0xFD, 0x58, 0xCC, 0xB0, 0xBF, 0x07, 0xAD, 0xEB, 0xC0, 0xB7, 0x80, 0x13, 0xC0, 0xAC, 0x8A, 0xE5,
    0xB8, 0xBF, 0x2A, 0xA9, 0x30, 0x53, 0xEE, 0x4F, 0xED, 0xD1, 0x8E, 0xCD, 0xE4, 0xBA, 0x72, 0xF6,
    0xB0, 0xFC, 0x5F, 0x32, 0xBF, 0x97, 0x1D, 0x9A, 0xC9, 0x88, 0xA4, 0x4A, 0x24, 0xF2, 0xE1, 0x0D,
    0xF0, 0x10, 0x4A, 0x89, 0x18, 0x19, 0xB1, 0x7F, 0x1E, 0xF0, 0xBF, 0x07, 0x1F, 0xFF, 0xCB, 0xEC,
    0x78, 0xE4, 0x03, 0x07, 0x81, 0x7E, 0x05, 0x37, 0xC2, 0xFE, 0x34, 0x99, 0xF6, 0xD4, 0xF1, 0x5B,
    0xC2, 0x05, 0x5E, 0xB6, 0xB1, 0x10, 0x4D, 0x1F, 0x58, 0xEF, 0xCF, 0x79, 0x5B, 0xDC, 0xF3, 0xAF,
    0xA3, 0x1D, 0xED, 0x60, 0x02, 0xC7, 0xE0, 0x7D, 0x04, 0xE1, 0x0A, 0x17, 0xB8, 0xA4, 0x8D, 0x48,
    0xD8, 0xE0, 0x75, 0xFA, 0x85, 0xF1, 0xD6, 0x8E, 0x7A, 0xE6, 0xE7, 0x5E, 0x7E, 0x39, 0x5D, 0x7F,
    0x28, 0xE9, 0x83, 0xA2, 0xEF, 0xD8, 0x83, 0xE2, 0x37, 0x7C, 0xD3, 0xC8, 0x70, 0xE5, 0x3E, 0x95,
    0xF9, 0x3D, 0xFA, 0x91, 0x3D, 0xD0, 0x23, 0x8C, 0x3E, 0x86, 0x35, 0xD9, 0x83, 0xE3, 0x5C, 0x1F,
    0xF9, 0xC5, 0xF3, 0x02, 0xB3, 0x36, 0x9D, 0x97, 0xCF, 0xBB, 0xC7, 0x56, 0xF8, 0x4E, 0x39, 0x43,
    0x80, 0x66, 0xAE, 0x83, 0x13, 0xD3, 0xF9, 0x5E, 0xC2, 0x69, 0x73, 0xE0, 0x6B, 0xFC, 0x04, 0x8D,
    0xC7, 0xBF, 0xFA, 0x51, 0xF2, 0x22, 0xE9, 0x44, 0x0E, 0x01, 0xF6, 0xD0, 0xB1, 0xAE, 0xA9, 0x06,
    0x7B, 0x94, 0x91, 0x3A, 0xEE, 0x0F, 0xFD, 0x67, 0xD7, 0x4F, 0xB9, 0xE2, 0xD9, 0xDF, 0x9E, 0xEE,
    0x53, 0x13, 0xB0, 0x1C, 0xA3, 0xCF, 0x6D, 0x9A, 0xC7, 0x79, 0xFE, 0x1D, 0x7C, 0x72, 0x7F, 0xED,
    0x38, 0x7F, 0x98, 0x35, 0xF8, 0x06, 0xC5, 0x01, 0x7B, 0x53, 0x48, 0x67, 0x67, 0x7C, 0xC4, 0x4D,
    0x94, 0x12, 0xF6, 0x3F, 0x70, 0xB6, 0xDF, 0xB2, 0x17, 0xC9, 0x17, 0xF0, 0x08, 0xFA, 0x8E, 0xDB,
    0x9A, 0x6A, 0xC1, 0xCE, 0xB9, 0xD7, 0xCD, 0xBA, 0xFE, 0x01, 0xF7, 0x7E, 0x9D, 0xF6, 0xF8, 0x98,
    0x06, 0xEA, 0x85, 0x1E, 0xDA, 0xF1, 0xDD, 0x95, 0xFA, 0x50, 0xC8, 0xF3, 0x3C, 0x34, 0x33, 0xF4,
    0xC1, 0x8E, 0x64, 0xA7, 0x66, 0x85, 0x5A, 0x42, 0x3F, 0x40, 0xBB, 0x4F, 0x16, 0x24, 0x68, 0xAF,
    0xE5, 0x36, 0x74, 0x03, 0x4D, 0x00, 0xDF, 0x99, 0x09, 0xEC, 0x7C, 0x22, 0x81, 0xA2, 0x1F, 0xDC,
    0x04, 0xCD, 0xA2, 0x5B, 0x2A, 0x57, 0xDA, 0x2E, 0x0B, 0xF5, 0x81, 0xBC, 0xAB, 0x36, 0xE9, 0x50,
    0x02, 0xED, 0x56, 0x7F, 0xB6, 0xF5, 0xFE, 0x3B, 0xA7, 0x0D, 0xC0, 0xC5, 0x5B, 0x7C, 0xF1, 0x69,
    0x03, 0x78, 0xAA, 0xD8, 0x5C, 0x26, 0xA0, 0x4A, 0xAF, 0x1F, 0xED, 0x6C, 0x97, 0xBB, 0x5D, 0xA0,
    0xC7, 0xC3, 0x81, 0x4B, 0xC5, 0xAA, 0x58, 0x40, 0x8A, 0x19, 0xDA, 0xEF, 0x27, 0xF0, 0x7F, 0x49,
    0x77, 0x8E, 0x76, 0x1F, 0x2A, 0x72, 0x17, 0xF7, 0x4E, 0x8E, 0x7B, 0xDC, 0x55, 0x7A, 0x39, 0xDC,
    0xB9, 0xA3, 0xEA, 0xEF, 0x92, 0x91, 0xDA, 0x40, 0x33, 0xF8, 0x88, 0x89, 0x2E, 0x62, 0x15, 0x2E,
    0x64, 0x78, 0x7C, 0xC7, 0x25, 0x59, 0x7D, 0x79, 0xFF, 0x8E, 0xB4, 0x0B, 0xA8, 0x47, 0xC8, 0x5D,
    0xC0, 0x83, 0x00, 0xE8, 0x5E, 0x42, 0x25, 0x19, 0x46, 0xE1, 0x55, 0xF5, 0x2A, 0xB4, 0xDC, 0xC1,
    0xFE, 0xE1, 0xA9, 0xBA, 0xD5, 0x95, 0x0A, 0xDE, 0x55, 0xA0, 0xC2, 0xD6, 0x2B, 0xB7, 0x38, 0x04,
    0xF2, 0x68, 0x52, 0xAC, 0x40, 0x71, 0xEF, 0xBF, 0xA0, 0xB8, 0xF3, 0xD9, 0x6B, 0x9D, 0x22, 0x65,
    0xBC, 0x02, 0xDE, 0xF4, 0x83, 0x78, 0x22, 0xCF, 0xA1, 0x95, 0x95, 0x62, 0x3E, 0x75, 0xA1, 0x1E,
    0x4E, 0xEB, 0xC1, 0x84, 0xD3, 0x22, 0x59, 0x4E, 0x99, 0xDE, 0xCB, 0xF8, 0xF8, 0x94, 0xFC, 0xD2,
    0xE2, 0x65, 0xC3, 0x36, 0xDD, 0x84, 0xAD, 0x64, 0x2B, 0xDE, 0xDA, 0x36, 0x03, 0xB5, 0xDA, 0x4D,
    0xF7, 0x38, 0xB9, 0x01, 0x7A, 0x19, 0xA9, 0xA6, 0x62, 0xC1, 0x74, 0x58, 0xDE, 0x87, 0xBA, 0x3B,
    0x85, 0x2A, 0xFE, 0x0E, 0x8A, 0x31, 0x01, 0x49, 0x72, 0xEC, 0xD8, 0xA6, 0x13, 0x14, 0xE9, 0x05,
    0x94, 0xE3, 0x56, 0xE7, 0xC8, 0x9D, 0xB9, 0xD7, 0xED, 0x2E, 0x9B, 0x1F, 0x27, 0xAF, 0x5E, 0xB7,
    0x8F, 0x78, 0xDC, 0x48, 0xDF, 0x3D, 0x9E, 0xCB, 0x7F, 0xC4, 0x17, 0x17, 0xCD, 0x9F, 0xC6, 0xC9,
    0xFE, 0x38, 0xA4, 0x54, 0xAF, 0xA4, 0x54, 0xCE, 0xEC, 0xA3, 0xC9, 0x7E, 0xFA, 0xDD, 0xF4, 0xE2,
    0x32, 0xAB, 0x67, 0x5A, 0xB7, 0x75, 0x68, 0xEF, 0x97, 0xD9, 0x77, 0x78, 0xDD, 0x7D, 0x9F, 0x77,
    0xAF, 0xF6, 0xA8, 0x3D, 0x36, 0xDB, 0x73, 0x41, 0x4A, 0xC5, 0xA4, 0xF6, 0x83, 0xDA, 0x07, 0xD2,
    0x8B, 0x0B, 0xCA, 0x6C, 0x4F, 0xA5, 0xF6, 0x8D, 0xDA, 0xBF, 0xBE, 0xFB, 0x07, 0x80, 0xED, 0xFE,
    0xA3, 0xD4, 0x8F, 0xEA, 0x98, 0xC7, 0x93, 0xDF, 0x25, 0x2E, 0xD8, 0x4E, 0xF2, 0xCC, 0x0F, 0x3B,
    0x2F, 0xF1, 0x79, 0xE5, 0x5F, 0x8D, 0xD3, 0x01, 0x86, 0xDD, 0x50, 0x14, 0xC6, 0xF1, 0xFF, 0x4B,
    0xDA, 0xA6, 0x04, 0x29, 0x00, 0x83, 0x2C, 0x21, 0x2B, 0x68, 0x93, 0x82, 0x02, 0x14, 0x33, 0xEB,
    0xE8, 0x06, 0x4A, 0xEE, 0x12, 0x0A, 0xBA, 0x9A, 0x6A, 0xB2, 0x84, 0x2C, 0x21, 0xC6, 0x50, 0x14,
    0x82, 0xCC, 0x34, 0x8F, 0x9B, 0x9C, 0xDE, 0xCF, 0x11, 0x55, 0xD4, 0x34, 0xC3, 0x39, 0x60, 0xEE,
    0xFD, 0xF9, 0xBE, 0xFB, 0x80, 0x66, 0xED, 0x27, 0xB8, 0x98, 0xD9, 0x0A, 0xC5, 0x75, 0x78, 0x5A,
    0xA0, 0x9A, 0xEA, 0xB1, 0x83, 0x7A, 0x6C, 0x46, 0xA0, 0x0D, 0x6D, 0x80, 0xCB, 0x60, 0x66, 0x50,
    0xA5, 0x79, 0xC0, 0xCB, 0xE1, 0xCE, 0x6E, 0x81, 0x81, 0x03, 0x48, 0x63, 0x07, 0xD2, 0x88, 0xC0,
    0x25, 0x5E, 0xB4, 0xB2, 0x98, 0x69, 0xE5, 0x5B, 0xBE, 0x69, 0xAD, 0xF9, 0x8A, 0x56, 0xB1, 0x00,
    0xC5, 0x52, 0x6A, 0x95, 0x4B, 0x39, 0xA3, 0xEB, 0xAA, 0x89, 0xF3, 0xBA, 0x77, 0xFD, 0x75, 0x00,
    0x7A, 0xB3, 0x28, 0xDD, 0xC3, 0xF0, 0x05, 0xF4, 0xDD, 0x1C, 0x9A, 0x66, 0x01, 0xF2, 0xBD, 0x1F,
    0xA1, 0x9A, 0x4B, 0x19, 0x25, 0xA4, 0x09, 0x20, 0xE1, 0x0E, 0xD5, 0xE9, 0x3B, 0x10, 0x4F, 0xAE,
    0x43, 0x1E, 0xF6, 0x6C, 0x93, 0x4D, 0x8C, 0x2C, 0xE6, 0x8B, 0x64, 0x85, 0xE6, 0x5A, 0xDE, 0xA7,
    0xB9, 0x54, 0xD6, 0x25, 0x56, 0x75, 0x40, 0x39, 0x17, 0x0F, 0x42, 0x01, 0x6F, 0xEA, 0x11, 0x91,
    0x82, 0x44, 0x07, 0x08, 0x84, 0x7F, 0xCD, 0xAF, 0x09, 0x32, 0xB3, 0x19, 0xA5, 0x36, 0xC9, 0x53,
    0x8D, 0xF2, 0xE8, 0x5F, 0xDA, 0xD0, 0x84, 0xE4, 0xD9, 0xDB, 0x8E, 0xCA, 0x62, 0x2B, 0xCF, 0x6D,
    0x2F, 0x0F, 0xDF, 0xE5, 0xE1, 0x90, 0x87, 0xDD, 0xB3, 0xF2, 0xA8, 0x3C, 0x29, 0x0F, 0x2A, 0x24,
    0x4F, 0x6E, 0x23, 0x45, 0x9A, 0x5D, 0xF2, 0x48, 0xFE, 0xAC, 0x67, 0xBD, 0xD9, 0xF1, 0x22, 0x2D,
    0x20, 0xD3, 0xB5, 0x0F, 0x9E, 0x6D, 0x79, 0x86, 0x7B, 0x96, 0xE9, 0x6D, 0x7A, 0x5A, 0x7F, 0xFA,
    0xBC, 0xDB, 0xBD, 0x50, 0xA2, 0x37, 0xEA, 0xA9, 0x11, 0x3D, 0x37, 0x25, 0xE7, 0xD2, 0x62, 0x71,
    0x6B, 0x39, 0xBB, 0xB6, 0xBA, 0xF7, 0x5E, 0x2B, 0x43, 0xC5, 0x7A, 0x86, 0xCB, 0x99, 0xA2, 0xDC,
    0xE7, 0xF5, 0x5E, 0xEE, 0xD9, 0xEE, 0x5F, 0xF5, 0xD2, 0x6C, 0xCD, 0x8F, 0x11, 0xF7, 0x4F, 0xEE,
    0x1F, 0x26, 0x3F, 0xA0, 0x1E, 0xFD, 0x80, 0x66, 0x94, 0x5F, 0x7F, 0xC8, 0x1F, 0x95, 0xAE, 0xA5,
    0xDD, 0xBB, 0xFF, 0xE3, 0xE0, 0x7E, 0xCF, 0xD8, 0xF3, 0x95, 0x9F, 0xE8, 0xFE, 0x33, 0xE9, 0x6C,
    0x73, 0x7F, 0xBE, 0xBA, 0x3F, 0x7F, 0x0C, 0xC8, 0x5F, 0xD8, 0x88, 0xFC, 0x85, 0x32, 0x5F, 0x3C,
    0xF5, 0xFF, 0xF7, 0x7F, 0x9A, 0x80, 0xCC, 0x16, 0xA0, 0x78, 0xD2, 0xAC, 0xA6, 0xF7, 0x1D, 0x7A,
    0x0F, 0x01, 0xA9, 0x3B, 0x64, 0x3E, 0x90, 0xF8, 0xF0, 0xDF, 0x8F, 0x6B, 0xDD, 0x8A, 0xF2, 0xFE,
    0xD7, 0x7B, 0xF8, 0x8C, 0xDE, 0x43, 0xA4, 0x48, 0x73, 0xA1, 0x9C, 0x2F, 0x47, 0xF7, 0xEC, 0x7B,
    0xE0, 0x05, 0xF2, 0x44, 0xE1, 0x6D, 0x03, 0xDA, 0xAF, 0x2B, 0xF0, 0x36, 0x4B, 0xF3, 0x26, 0x16,
    0x36, 0x33, 0xC4, 0xD6, 0xA6, 0xEC, 0xFA, 0xAD, 0x7E, 0xEC, 0xF2, 0x45, 0xE7, 0xE5, 0x91, 0x6A,
    0x24, 0xB3, 0x4E, 0xA7, 0x0E, 0x53, 0xA3, 0xD8, 0xD7, 0x36, 0xF0, 0x3A, 0xDF, 0x12, 0xBF, 0xCD,
    0xB6, 0xFE, 0xC3, 0xD8, 0xFE, 0x5C, 0x7A, 0x0B, 0x8D, 0x4D, 0xED, 0xC1, 0xAB, 0x83, 0x7A, 0xE6,
    0x37, 0x1D, 0xC9, 0xA1, 0x19, 0x02, 0x31, 0x0C, 0x80, 0xD1, 0xFF, 0x6A, 0x2A, 0x10, 0x8C, 0xD0,
    0x09, 0x20, 0x1B, 0x40, 0x87, 0xC2, 0xD3, 0xB1, 0x10, 0x7C, 0x5F, 0x57, 0xB8, 0x11, 0x32, 0x02,
    0x02, 0x11, 0xC1, 0x35, 0xB4, 0x51, 0x4F, 0x3C, 0xA0, 0x02, 0xB0, 0x69, 0x90, 0x2D, 0x28, 0x23,
    0x78, 0x94, 0xB6, 0x6A, 0x8F, 0xCC, 0x7B, 0x7D, 0xAD, 0x72, 0xBB, 0x01, 0x4F, 0x3F, 0xA4, 0xB1,
    0xB9, 0x8F, 0xA2, 0xE4, 0x85, 0xCD, 0x72, 0x95, 0x81, 0xB8, 0x71, 0x1F, 0x9C, 0xFC, 0x93, 0xDC,
    0x48, 0xFE, 0x15, 0x57, 0xE8, 0xD6, 0xBD, 0x81, 0xFC, 0xFA, 0x80, 0x99, 0xB3, 0x20, 0x1D, 0xA2,
    0x00, 0xEF, 0x73, 0x5B, 0x5C, 0xAE, 0xB0, 0xD2, 0x82, 0xA4, 0x01, 0x15, 0xF8, 0x03,
};

static const EpdGlyph bookerly_12_bolditalicGlyphs[] = {
    { 0, 0, 0, 0, 0, 0, 0 }, // U+0000
    { 0, 0, 0, 0, 0, 0, 0 }, // U+0008
    { 0, 0, 86, 0, 0, 0, 0 }, // U+0009
    { 0, 0, 86, 0, 0, 0, 0 }, // U+000D
    { 0, 0, 0, 0, 0, 0, 0 }, // U+001D
    { 0, 0, 86, 0, 0, 0, 0 }, // U+0020
    { 8, 19, 134, 1, 19, 38, 0 }, // !
    { 10, 8, 160, 1, 17, 20, 38 }, // "
    { 16, 15, 249, 0, 14, 60, 58 }, // #
    { 14, 25, 249, 1, 20, 88, 118 }, // $
    { 23, 19, 393, 1, 18, 110, 206 }, // %
    { 21, 18, 353, 1, 17, 95, 316 }, // &
    { 5, 8, 88, 1, 17, 10, 411 }, // '
    { 12, 25, 168, 0, 20, 75, 421 }, // (
    { 11, 25, 168, -1, 20, 69, 496 }, // )
    { 10, 8, 156, 1, 18, 20, 565 }, // *
    { 12, 11, 249, 2, 14, 33, 585 }, // +
    { 7, 8, 123, -1, 4, 14, 618 }, // ,
    { 8, 3, 156, 1, 8, 6, 632 }, // -
    { 5, 4, 123, 1, 4, 5, 638 }, // .
    { 15, 19, 206, -1, 18, 72, 643 }, // /
    { 16, 17, 249, 0, 17, 68, 715 }, // 0
    { 12, 18, 249, 1, 18, 54, 783 }, // 1
    { 15, 17, 249, 0, 17, 64, 837 }, // 2
    { 15, 17, 249, 0, 17, 64, 901 }, // 3
    { 15, 17, 249, 0, 17, 64, 965 }, // 4
    { 16, 17, 249, 0, 17, 68, 1029 }, // 5
    { 15, 17, 249, 1, 17, 64, 1097 }, // 6
    { 15, 17, 249, 2, 17, 64, 1161 }, // 7
    { 15, 17, 249, 0, 17, 64, 1225 }, // 8
    { 16, 17, 249, -1, 17, 68, 1289 }, // 9
    { 7, 13, 123, 1, 13, 23, 1357 }, // :
    { 9, 17, 123, -1, 13, 39, 1380 }, // ;
    { 12, 12, 249, 2, 14, 36, 1419 }, // <
    { 12, 7, 249, 2, 12, 21, 1455 }, // =
    { 12, 12, 249, 2, 14, 36, 1476 }, // >
    { 8, 17, 163, 2, 17, 34, 1512 }, // ?
    { 23, 22, 399, 1, 17, 127, 1546 }, // @
    { 20, 17, 296, -2, 17, 85, 1673 }, // A
    { 16, 17, 251, -1, 17, 68, 1758 }, // B
    { 17, 17, 262, 0, 17, 73, 1826 }, // C
    { 19, 17, 293, -1, 17, 81, 1899 }, // D
    { 17, 17, 249, -1, 17, 73, 1980 }, // E
    { 16, 17, 231, -1, 17, 68, 2053 }, // F
    { 18, 17, 291, 0, 17, 77, 2121 }, // G
    { 22, 17, 321, -1, 17, 94, 2198 }, // H
    { 12, 17, 159, -1, 17, 51, 2292 }, // I
    { 16, 22, 152, -5, 17, 88, 2343 }, // J
    { 20, 17, 286, -1, 17, 85, 2431 }, // K
    { 15, 17, 231, -1, 17, 64, 2516 }, // L
    { 25, 17, 359, -2, 17, 107, 2580 }, // M
    { 22, 18, 309, -1, 17, 99, 2687 }, // N
    { 18, 17, 296, 0, 17, 77, 2786 }, // O
    { 17, 17, 246, -1, 17, 73, 2863 }, // P
    { 22, 22, 297, 0, 17, 121, 2936 }, // Q
    { 18, 17, 272, -1, 17, 77, 3057 }, // R
    { 15, 17, 221, -1, 17, 64, 3134 }, // S
    { 17, 17, 265, 1, 17, 73, 3198 }, // T
    { 19, 17, 314, 2, 17, 81, 3271 }, // U
    { 19, 17, 292, 1, 17, 81, 3352 }, // V
    { 26, 17, 400, 1, 17, 111, 3433 }, // W
    { 21, 17, 266, -2, 17, 90, 3544 }, // X
    { 18, 17, 262, 1, 17, 77, 3634 }, // Y
    { 17, 18, 248, -1, 17, 77, 3711 }, // Z
    { 12, 24, 135, -2, 19, 72, 3788 }, // [
    { 11, 19, 206, 1, 18, 53, 3860 }, // <backslash>
    { 12, 24, 135, -2, 19, 72, 3913 }, // ]
    { 13, 11, 249, 1, 15, 36, 3985 }, // ^
    { 13, 3, 200, 0, 0, 10, 4021 }, // _
    { 6, 7, 248, 5, 21, 11, 4031 }, // `
    { 15, 13, 239, 0, 13, 49, 4042 }, // a
    { 14, 19, 223, 0, 19, 67, 4091 }, // b
    { 12, 13, 182, 0, 13, 39, 4158 }, // c
    { 15, 19, 238, 0, 19, 72, 4197 }, // d
    { 12, 13, 190, 0, 13, 39, 4269 }, // e
    { 19, 24, 170, -5, 19, 114, 4308 }, // f
    { 17, 18, 212, -2, 13, 77, 4422 }, // g
    { 15, 19, 239, 0, 19, 72, 4499 }, // h
    { 9, 19, 129, 0, 19, 43, 4571 }, // i
    { 14, 24, 126, -5, 19, 84, 4614 }, // j
    { 13, 19, 214, 0, 19, 62, 4698 }, // k
    { 8, 19, 129, 0, 19, 38, 4760 }, // l
    { 22, 13, 350, 0, 13, 72, 4798 }, // m
    { 15, 13, 248, 0, 13, 49, 4870 }, // n
    { 13, 13, 218, 0, 13, 43, 4919 }, // o
    { 16, 18, 229, -2, 13, 72, 4962 }, // p
    { 14, 18, 225, 0, 13, 63, 5034 }, // q
    { 13, 13, 193, 0, 13, 43, 5097 }, // r
    { 12, 13, 174, -1, 13, 39, 5140 }, // s
    { 11, 16, 169, 0, 16, 44, 5179 }, // t
    { 15, 13, 246, 0, 13, 49, 5223 }, // u
    { 13, 14, 211, 0, 13, 46, 5272 }, // v
    { 19, 14, 304, 0, 13, 67, 5318 }, // w
    { 16, 13, 229, -1, 13, 52, 5385 }, // x
    { 17, 18, 211, -4, 13, 77, 5437 }, // y
    { 14, 13, 192, -1, 13, 46, 5514 }, // z
    { 11, 24, 166, 1, 20, 66, 5560 }, // {
    { 9, 22, 121, -1, 19, 50, 5626 }, // |
    { 11, 24, 166, -1, 20, 66, 5676 }, // }
    { 13, 6, 249, 1, 11, 20, 5742 }, // ~
    { 0, 0, 86, 0, 0, 0, 0 }, // U+00A0
    { 9, 18, 134, -1, 13, 41, 0 }, // U+00A1
    { 14, 24, 249, 1, 19, 84, 41 }, // U+00A2
    { 17, 17, 249, -1, 17, 73, 125 }, // U+00A3
    { 16, 12, 249, 0, 14, 48, 198 }, // U+00A4
    { 17, 17, 249, 1, 17, 73, 246 }, // U+00A5
    { 9, 22, 121, -1, 19, 50, 319 }, // U+00A6
    { 13, 19, 205, -1, 17, 62, 369 }, // U+00A7
    { 9, 3, 248, 3, 18, 7, 431 }, // U+00A8
    { 19, 18, 313, 0, 17, 86, 438 }, // U+00A9
    { 10, 12, 181, 1, 18, 30, 524 }, // U+00AA
    { 15, 9, 243, 0, 11, 34, 554 }, // U+00AB
    { 12, 7, 249, 2, 12, 21, 588 }, // U+00AC
    { 8, 3, 156, 1, 8, 6, 609 }, // U+00AD
    { 14, 13, 233, 0, 19, 46, 615 }, // U+00AE
    { 9, 3, 248, 3, 18, 7, 661 }, // U+00AF
    { 10, 9, 212, 2, 17, 23, 668 }, // U+00B0
    { 12, 14, 249, 2, 14, 42, 691 }, // U+00B1
    { 11, 11, 179, 0, 20, 31, 733 }, // U+00B2
    { 9, 11, 179, 1, 20, 25, 764 }, // U+00B3
    { 6, 7, 248, 5, 21, 11, 789 }, // U+00B4
    { 17, 18, 247, -1, 13, 77, 800 }, // U+00B5
    { 17, 21, 242, -1, 17, 90, 877 }, // U+00B6
    { 5, 4, 123, 1, 9, 5, 967 }, // U+00B7
    { 6, 6, 248, 5, -1, 9, 972 }, // U+00B8
    { 8, 12, 179, 1, 21, 24, 981 }, // U+00B9
    { 10, 12, 181, 1, 18, 30, 1005 }, // U+00BA
    { 15, 9, 243, 0, 11, 34, 1035 }, // U+00BB
    { 26, 20, 430, 1, 18, 130, 1069 }, // U+00BC
    { 25, 20, 430, 1, 18, 125, 1199 }, // U+00BD
    { 26, 20, 430, 1, 18, 130, 1324 }, // U+00BE
    { 9, 18, 163, 0, 13, 41, 1454 }, // U+00BF
    { 20, 24, 296, -2, 24, 120, 1495 }, // U+00C0
    { 20, 24, 296, -2, 24, 120, 1615 }, // U+00C1
    { 20, 24, 296, -2, 24, 120, 1735 }, // U+00C2
    { 20, 23, 296, -2, 23, 115, 1855 }, // U+00C3
    { 20, 22, 296, -2, 22, 110, 1970 }, // U+00C4
    { 20, 24, 296, -2, 24, 120, 2080 }, // U+00C5
    { 26, 17, 375, -2, 17, 111, 2200 }, // U+00C6
    { 17, 23, 262, 0, 17, 98, 2311 }, // U+00C7
    { 17, 24, 249, -1, 24, 102, 2409 }, // U+00C8
    { 17, 24, 249, -1, 24, 102, 2511 }, // U+00C9
    { 17, 24, 249, -1, 24, 102, 2613 }, // U+00CA
    { 17, 22, 249, -1, 22, 94, 2715 }, // U+00CB
    { 12, 24, 159, -1, 24, 72, 2809 }, // U+00CC
    { 13, 24, 159, -1, 24, 78, 2881 }, // U+00CD
    { 13, 24, 159, -1, 24, 78, 2959 }, // U+00CE
    { 13, 22, 159, -1, 22, 72, 3037 }, // U+00CF
    { 19, 17, 293, -1, 17, 81, 3109 }, // U+00D0
    { 22, 24, 309, -1, 23, 132, 3190 }, // U+00D1
    { 18, 24, 296, 0, 24, 108, 3322 }, // U+00D2
    { 18, 24, 296, 0, 24, 108, 3430 }, // U+00D3
    { 18, 24, 296, 0, 24, 108, 3538 }, // U+00D4
    { 18, 24, 296, 0, 24, 108, 3646 }, // U+00D5
    { 18, 22, 296, 0, 22, 99, 3754 }, // U+00D6
    { 11, 11, 249, 2, 14, 31, 3853 }, // U+00D7
    { 21, 19, 296, -1, 18, 100, 3884 }, // U+00D8
    { 19, 24, 314, 2, 24, 114, 3984 }, // U+00D9
    { 19, 24, 314, 2, 24, 114, 4098 }, // U+00DA
    { 19, 24, 314, 2, 24, 114, 4212 }, // U+00DB
    { 19, 22, 314, 2, 22, 105, 4326 }, // U+00DC
    { 18, 24, 262, 1, 24, 108, 4431 }, // U+00DD
    { 16, 17, 240, -1, 17, 68, 4539 }, // U+00DE
    { 21, 24, 255, -5, 19, 126, 4607 }, // U+00DF
    { 15, 21, 239, 0, 21, 79, 4733 }, // U+00E0
    { 15, 21, 239, 0, 21, 79, 4812 }, // U+00E1
    { 15, 21, 239, 0, 21, 79, 4891 }, // U+00E2
    { 15, 19, 239, 0, 19, 72, 4970 }, // U+00E3
    { 15, 19, 239, 0, 19, 72, 5042 }, // U+00E4
    { 15, 21, 239, 0, 21, 79, 5114 }, // U+00E5
    { 20, 13, 313, 0, 13, 65, 5193 }, // U+00E6
    { 12, 19, 182, 0, 13, 57, 5258 }, // U+00E7
    { 12, 21, 190, 0, 21, 63, 5315 }, // U+00E8
    { 13, 21, 190, 0, 21, 69, 5378 }, // U+00E9
    { 12, 21, 190, 0, 21, 63, 5447 }, // U+00EA
    { 13, 19, 190, 0, 19, 62, 5510 }, // U+00EB
    { 8, 21, 129, 0, 21, 42, 5572 }, // U+00EC
    { 11, 21, 129, 0, 21, 58, 5614 }, // U+00ED
    { 10, 21, 129, 0, 21, 53, 5672 }, // U+00EE
    { 11, 19, 129, 0, 19, 53, 5725 }, // U+00EF
    { 14, 20, 219, 0, 20, 70, 5778 }, // U+00F0
    { 15, 19, 248, 0, 19, 72, 5848 }, // U+00F1
    { 13, 21, 218, 0, 21, 69, 5920 }, // U+00F2
    { 14, 21, 218, 0, 21, 74, 5989 }, // U+00F3
    { 13, 21, 218, 0, 21, 69, 6063 }, // U+00F4
    { 14, 19, 218, 0, 19, 67, 6132 }, // U+00F5
    { 14, 19, 218, 0, 19, 67, 6199 }, // U+00F6
    { 12, 11, 249, 2, 14, 33, 6266 }, // U+00F7
    { 17, 15, 218, -2, 14, 64, 6299 }, // U+00F8
    { 15, 21, 246, 0, 21, 79, 6363 }, // U+00F9
    { 15, 21, 246, 0, 21, 79, 6442 }, // U+00FA
    { 15, 21, 246, 0, 21, 79, 6521 }, // U+00FB
    { 15, 19, 246, 0, 19, 72, 6600 }, // U+00FC
    { 17, 26, 211, -4, 21, 111, 6672 }, // U+00FD
    { 17, 24, 222, -3, 19, 102, 6783 }, // U+00FE
    { 17, 24, 211, -4, 19, 102, 6885 }, // U+00FF
    { 20, 22, 296, -2, 22, 110, 0 }, // U+0100
    { 15, 18, 239, 0, 18, 68, 110 }, // U+0101
    { 20, 24, 296, -2, 24, 120, 178 }, // U+0102
    { 15, 20, 239, 0, 20, 75, 298 }, // U+0103
    { 20, 22, 296, -2, 17, 110, 373 }, // U+0104
    { 15, 18, 239, 0, 13, 68, 483 }, // U+0105
    { 17, 24, 262, 0, 24, 102, 551 }, // U+0106
    { 13, 21, 182, 0, 21, 69, 653 }, // U+0107
    { 17, 24, 262, 0, 24, 102, 722 }, // U+0108
    { 12, 21, 182, 0, 21, 63, 824 }, // U+0109
    { 17, 23, 262, 0, 23, 98, 887 }, // U+010A
    { 12, 19, 182, 0, 19, 57, 985 }, // U+010B
    { 17, 24, 262, 0, 24, 102, 1042 }, // U+010C
    { 13, 21, 182, 0, 21, 69, 1144 }, // U+010D
    { 19, 24, 293, -1, 24, 114, 1213 }, // U+010E
    { 19, 19, 248, 0, 19, 91, 1327 }, // U+010F
    { 19, 17, 293, -1, 17, 81, 1418 }, // U+0110
    { 17, 19, 238, 0, 19, 81, 1499 }, // U+0111
    { 17, 22, 249, -1, 22, 94, 1580 }, // U+0112
    { 13, 18, 190, 0, 18, 59, 1674 }, // U+0113
    { 17, 24, 249, -1, 24, 102, 1733 }, // U+0114
    { 13, 20, 190, 0, 20, 65, 1835 }, // U+0115
    { 17, 23, 249, -1, 23, 98, 1900 }, // U+0116
    { 12, 19, 190, 0, 19, 57, 1998 }, // U+0117
    { 17, 22, 249, -1, 17, 94, 2055 }, // U+0118
    { 12, 18, 190, 0, 13, 54, 2149 }, // U+0119
    { 17, 24, 249, -1, 24, 102, 2203 }, // U+011A
    { 13, 21, 190, 0, 21, 69, 2305 }, // U+011B
    { 18, 24, 291, 0, 24, 108, 2374 }, // U+011C
    { 17, 26, 212, -2, 21, 111, 2482 }, // U+011D
    { 18, 24, 291, 0, 24, 108, 2593 }, // U+011E
    { 17, 25, 212, -2, 20, 107, 2701 }, // U+011F
    { 18, 23, 291, 0, 23, 104, 2808 }, // U+0120
    { 17, 24, 212, -2, 19, 102, 2912 }, // U+0121
    { 18, 23, 291, 0, 17, 104, 3014 }, // U+0122
    { 17, 27, 212, -2, 22, 115, 3118 }, // U+0123
    { 22, 24, 321, -1, 24, 132, 3233 }, // U+0124
    { 15, 26, 239, 0, 26, 98, 3365 }, // U+0125
    { 22, 17, 321, -1, 17, 94, 3463 }, // U+0126
    { 15, 19, 239, 0, 19, 72, 3557 }, // U+0127
    { 13, 23, 159, -1, 23, 75, 3629 }, // U+0128
    { 11, 19, 129, 0, 19, 53, 3704 }, // U+0129
    { 13, 22, 159, -1, 22, 72, 3757 }, // U+012A
    { 11, 18, 129, 0, 18, 50, 3829 }, // U+012B
    { 13, 24, 159, -1, 24, 78, 3879 }, // U+012C
    { 11, 20, 129, 0, 20, 55, 3957 }, // U+012D
    { 12, 22, 159, -1, 17, 66, 4012 }, // U+012E
    { 9, 24, 129, 0, 19, 54, 4078 }, // U+012F
    { 12, 23, 159, -1, 23, 69, 4132 }, // U+0130
    { 8, 13, 129, 0, 13, 26, 4201 }, // U+0131
    { 22, 22, 311, -1, 17, 121, 4227 }, // U+0132
    { 17, 24, 256, 0, 19, 102, 4348 }, // U+0133
    { 17, 29, 152, -5, 24, 124, 4450 }, // U+0134
    { 16, 26, 126, -5, 21, 104, 4574 }, // U+0135
    { 20, 23, 286, -1, 17, 115, 4678 }, // U+0136
    { 13, 25, 214, 0, 19, 82, 4793 }, // U+0137
    { 14, 13, 230, 0, 13, 46, 4875 }, // U+0138
    { 15, 24, 231, -1, 24, 90, 4921 }, // U+0139
    { 10, 25, 129, 0, 25, 63, 5011 }, // U+013A
    { 15, 24, 231, -1, 17, 90, 5074 }, // U+013B
    { 9, 25, 129, -1, 19, 57, 5164 }, // U+013C
    { 16, 19, 231, -1, 19, 76, 5221 }, // U+013D
    { 12, 19, 140, 0, 19, 57, 5297 }, // U+013E
    { 16, 17, 231, -1, 17, 68, 5354 }, // U+013F
    { 12, 19, 169, 0, 19, 57, 5422 }, // U+0140
    { 15, 17, 231, -1, 17, 64, 5479 }, // U+0141
    { 10, 19, 126, -1, 19, 48, 5543 }, // U+0142
    { 22, 25, 309, -1, 24, 138, 5591 }, // U+0143
    { 15, 21, 248, 0, 21, 79, 5729 }, // U+0144
    { 22, 24, 309, -1, 17, 132, 5808 }, // U+0145
    { 15, 19, 248, 0, 13, 72, 5940 }, // U+0146
    { 22, 25, 309, -1, 24, 138, 6012 }, // U+0147
    { 15, 21, 248, 0, 21, 79, 6150 }, // U+0148
    { 20, 19, 332, 1, 19, 95, 6229 }, // U+0149
    { 22, 22, 309, -1, 17, 121, 6324 }, // U+014A
    { 14, 18, 235, 0, 13, 63, 6445 }, // U+014B
    { 18, 22, 296, 0, 22, 99, 6508 }, // U+014C
    { 14, 18, 218, 0, 18, 63, 6607 }, // U+014D
    { 18, 24, 296, 0, 24, 108, 6670 }, // U+014E
    { 14, 20, 218, 0, 20, 70, 6778 }, // U+014F
    { 19, 24, 296, 0, 24, 114, 6848 }, // U+0150
    { 15, 21, 218, 0, 21, 79, 6962 }, // U+0151
    { 25, 17, 397, 0, 17, 107, 7041 }, // U+0152
    { 20, 13, 327, 0, 13, 65, 7148 }, // U+0153
    { 18, 24, 272, -1, 24, 108, 7213 }, // U+0154
    { 13, 21, 193, 0, 21, 69, 7321 }, // U+0155
    { 18, 23, 272, -1, 17, 104, 0 }, // U+0156
    { 14, 20, 193, -1, 13, 70, 104 }, // U+0157
    { 18, 24, 272, -1, 24, 108, 174 }, // U+0158
    { 13, 21, 193, 0, 21, 69, 282 }, // U+0159
    { 15, 24, 221, -1, 24, 90, 351 }, // U+015A
    { 13, 21, 174, -1, 21, 69, 441 }, // U+015B
    { 15, 24, 221, -1, 24, 90, 510 }, // U+015C
    { 13, 21, 174, -1, 21, 69, 600 }, // U+015D
    { 15, 23, 221, -1, 17, 87, 669 }, // U+015E
    { 12, 19, 174, -1, 13, 57, 756 }, // U+015F
    { 16, 24, 221, -1, 24, 96, 813 }, // U+0160
    { 14, 21, 174, -1, 21, 74, 909 }, // U+0161
    { 17, 24, 265, 1, 17, 102, 983 }, // U+0162
    { 11, 22, 169, 0, 16, 61, 1085 }, // U+0163
    { 17, 24, 265, 1, 24, 102, 1146 }, // U+0164
    { 13, 19, 169, 0, 19, 62, 1248 }, // U+0165
    { 17, 17, 265, 1, 17, 73, 1310 }, // U+0166
    { 11, 16, 169, 0, 16, 44, 1383 }, // U+0167
    { 19, 24, 314, 2, 24, 114, 1427 }, // U+0168
    { 15, 19, 246, 0, 19, 72, 1541 }, // U+0169
    { 19, 22, 314, 2, 22, 105, 1613 }, // U+016A
    { 15, 18, 246, 0, 18, 68, 1718 }, // U+016B
    { 19, 24, 314, 2, 24, 114, 1786 }, // U+016C
    { 15, 20, 246, 0, 20, 75, 1900 }, // U+016D
    { 19, 24, 314, 2, 24, 114, 1975 }, // U+016E
    { 15, 21, 246, 0, 21, 79, 2089 }, // U+016F
    { 19, 25, 314, 2, 25, 119, 2168 }, // U+0170
    { 15, 21, 246, 0, 21, 79, 2287 }, // U+0171
    { 19, 22, 314, 2, 17, 105, 2366 }, // U+0172
    { 15, 18, 246, 0, 13, 68, 2471 }, // U+0173
    { 26, 24, 400, 1, 24, 156, 2539 }, // U+0174
    { 19, 21, 304, 0, 20, 100, 2695 }, // U+0175
    { 18, 24, 262, 1, 24, 108, 2795 }, // U+0176
    { 17, 26, 211, -4, 21, 111, 2903 }, // U+0177
    { 18, 22, 262, 1, 22, 99, 3014 }, // U+0178
    { 17, 25, 248, -1, 24, 107, 3113 }, // U+0179
    { 14, 21, 192, -1, 21, 74, 3220 }, // U+017A
    { 17, 24, 248, -1, 23, 102, 3294 }, // U+017B
    { 14, 19, 192, -1, 19, 67, 3396 }, // U+017C
    { 17, 25, 248, -1, 24, 107, 3463 }, // U+017D
    { 14, 21, 192, -1, 21, 74, 3570 }, // U+017E
    { 19, 24, 170, -5, 19, 114, 3644 }, // U+017F
    { 21, 21, 296, 0, 21, 111, 0 }, // U+01A0
    { 16, 16, 218, 0, 16, 64, 111 }, // U+01A1
    { 22, 21, 307, 2, 21, 116, 175 }, // U+01AF
    { 18, 16, 246, 0, 16, 72, 291 }, // U+01B0
    { 36, 25, 554, -1, 24, 225, 363 }, // U+01C4
    { 32, 21, 492, -1, 21, 168, 588 }, // U+01C5
    { 27, 21, 428, 0, 21, 142, 756 }, // U+01C6
    { 27, 22, 383, -1, 17, 149, 898 }, // U+01C7
    { 25, 24, 358, -1, 19, 150, 1047 }, // U+01C8
    { 17, 24, 253, 0, 19, 102, 1197 }, // U+01C9
    { 32, 22, 461, -1, 17, 176, 1299 }, // U+01CA
    { 29, 24, 436, -1, 19, 174, 1475 }, // U+01CB
    { 25, 24, 374, 0, 19, 150, 1649 }, // U+01CC
    { 20, 24, 296, -2, 24, 120, 1799 }, // U+01CD
    { 15, 21, 239, 0, 21, 79, 1919 }, // U+01CE
    { 14, 24, 159, -1, 24, 84, 1998 }, // U+01CF
    { 11, 21, 129, 0, 21, 58, 2082 }, // U+01D0
    { 18, 24, 296, 0, 24, 108, 2140 }, // U+01D1
    { 14, 21, 218, 0, 21, 74, 2248 }, // U+01D2
    { 19, 24, 314, 2, 24, 114, 2322 }, // U+01D3
    { 15, 21, 246, 0, 21, 79, 2436 }, // U+01D4
    { 19, 26, 314, 2, 26, 124, 2515 }, // U+01D5
    { 15, 22, 246, 0, 22, 83, 2639 }, // U+01D6
    { 19, 26, 314, 2, 26, 124, 2722 }, // U+01D7
    { 15, 24, 246, 0, 24, 90, 2846 }, // U+01D8
    { 19, 26, 314, 2, 26, 124, 2936 }, // U+01D9
    { 15, 24, 246, 0, 24, 90, 3060 }, // U+01DA
    { 19, 26, 314, 2, 26, 124, 3150 }, // U+01DB
    { 15, 24, 246, 0, 24, 90, 3274 }, // U+01DC
    { 12, 13, 195, 0, 13, 39, 3364 }, // U+01DD
    { 20, 26, 296, -2, 26, 130, 3403 }, // U+01DE
    { 15, 22, 239, 0, 22, 83, 3533 }, // U+01DF
    { 20, 26, 296, -2, 26, 130, 3616 }, // U+01E0
    { 15, 23, 239, 0, 23, 87, 3746 }, // U+01E1
    { 26, 22, 375, -2, 22, 143, 3833 }, // U+01E2
    { 20, 18, 313, 0, 18, 90, 3976 }, // U+01E3
    { 18, 17, 291, 0, 17, 77, 4066 }, // U+01E4
    { 19, 18, 212, -4, 13, 86, 4143 }, // U+01E5
    { 18, 24, 291, 0, 24, 108, 4229 }, // U+01E6
    { 17, 26, 212, -2, 21, 111, 4337 }, // U+01E7
    { 20, 24, 286, -1, 24, 120, 4448 }, // U+01E8
    { 13, 26, 214, 0, 26, 85, 4568 }, // U+01E9
    { 18, 22, 296, 0, 17, 99, 4653 }, // U+01EA
    { 13, 18, 218, 0, 13, 59, 4752 }, // U+01EB
    { 18, 27, 296, 0, 22, 122, 4811 }, // U+01EC
    { 14, 23, 218, 0, 18, 81, 4933 }, // U+01ED
    { 16, 24, 226, -1, 24, 96, 5014 }, // U+01EE
    { 16, 26, 213, -2, 21, 104, 5110 }, // U+01EF
    { 17, 26, 126, -5, 21, 111, 5214 }, // U+01F0
    { 35, 18, 541, -1, 17, 158, 5325 }, // U+01F1
    { 32, 17, 485, -1, 17, 136, 5483 }, // U+01F2
    { 27, 19, 430, 0, 19, 129, 5619 }, // U+01F3
    { 18, 24, 291, 0, 24, 108, 5748 }, // U+01F4
    { 17, 26, 212, -2, 21, 111, 5856 }, // U+01F5
    { 22, 25, 309, -1, 24, 138, 5967 }, // U+01F8
    { 15, 21, 248, 0, 21, 79, 6105 }, // U+01F9
    { 20, 26, 296, -2, 26, 130, 6184 }, // U+01FA
    { 15, 26, 239, 0, 26, 98, 6314 }, // U+01FB
    { 26, 24, 375, -2, 24, 156, 6412 }, // U+01FC
    { 20, 21, 313, 0, 21, 105, 6568 }, // U+01FD
    { 21, 25, 296, -1, 24, 132, 6673 }, // U+01FE
    { 17, 22, 218, -2, 21, 94, 6805 }, // U+01FF
    { 20, 24, 296, -2, 24, 120, 6899 }, // U+0200
    { 15, 20, 239, 0, 20, 75, 7019 }, // U+0201
    { 20, 23, 296, -2, 23, 115, 7094 }, // U+0202
    { 15, 19, 239, 0, 19, 72, 7209 }, // U+0203
    { 17, 24, 249, -1, 24, 102, 7281 }, // U+0204
    { 12, 20, 190, 0, 20, 60, 7383 }, // U+0205
    { 17, 23, 249, -1, 23, 98, 7443 }, // U+0206
    { 12, 19, 190, 0, 19, 57, 7541 }, // U+0207
    { 12, 24, 159, -1, 24, 72, 7598 }, // U+0208
    { 9, 21, 129, 0, 21, 48, 0 }, // U+0209
    { 13, 23, 159, -1, 23, 75, 48 }, // U+020A
    { 10, 19, 129, 0, 19, 48, 123 }, // U+020B
    { 18, 24, 296, 0, 24, 108, 171 }, // U+020C
    { 13, 20, 218, 0, 20, 65, 279 }, // U+020D
    { 18, 24, 296, 0, 24, 108, 344 }, // U+020E
    { 14, 19, 218, 0, 19, 67, 452 }, // U+020F
    { 18, 24, 272, -1, 24, 108, 519 }, // U+0210
    { 13, 21, 193, 0, 21, 69, 627 }, // U+0211
    { 18, 24, 272, -1, 24, 108, 696 }, // U+0212
    { 13, 19, 193, 0, 19, 62, 804 }, // U+0213
    { 19, 24, 314, 2, 24, 114, 866 }, // U+0214
    { 15, 21, 246, 0, 21, 79, 980 }, // U+0215
    { 19, 24, 314, 2, 24, 114, 1059 }, // U+0216
    { 15, 19, 246, 0, 19, 72, 1173 }, // U+0217
    { 15, 23, 221, -1, 17, 87, 1245 }, // U+0218
    { 12, 19, 174, -1, 13, 57, 1332 }, // U+0219
    { 17, 24, 265, 1, 17, 102, 1389 }, // U+021A
    { 11, 22, 169, 0, 16, 61, 1491 }, // U+021B
    { 15, 20, 228, -1, 17, 75, 1552 }, // U+021C
    { 14, 18, 190, -2, 13, 63, 1627 }, // U+021D
    { 22, 24, 321, -1, 24, 132, 1690 }, // U+021E
    { 15, 26, 239, 0, 26, 98, 1822 }, // U+021F
    { 6, 7, 0, -4, 21, 11, 0 }, // U+0300
    { 6, 7, 0, -2, 21, 11, 11 }, // U+0301
    { 9, 6, 0, -5, 21, 14, 22 }, // U+0302
    { 10, 4, 0, -5, 19, 10, 36 }, // U+0303
    { 9, 3, 0, -5, 18, 7, 46 }, // U+0304
    { 8, 5, 0, -4, 20, 10, 53 }, // U+0306
    { 4, 4, 0, -2, 19, 4, 63 }, // U+0307
    { 10, 3, 0, -5, 18, 8, 67 }, // U+0308
    { 7, 7, 0, -3, 22, 13, 75 }, // U+0309
    { 8, 6, 0, -4, 20, 12, 88 }, // U+030A
    { 11, 7, 0, -5, 21, 20, 100 }, // U+030B
    { 9, 6, 0, -4, 21, 14, 120 }, // U+030C
    { 8, 6, 0, -5, 20, 12, 134 }, // U+030F
    { 9, 6, 0, -5, 20, 14, 146 }, // U+0311
    { 6, 7, 0, -3, 21, 11, 160 }, // U+0312
    { 6, 7, 0, -3, 22, 11, 171 }, // U+0313
    { 5, 7, 0, -3, 22, 9, 182 }, // U+0314
    { 4, 6, 0, -2, 21, 6, 191 }, // U+0315
    { 6, 6, 0, -3, 15, 9, 197 }, // U+031B
    { 4, 4, 0, -2, -2, 4, 206 }, // U+0323
    { 10, 3, 0, -5, -3, 8, 210 }, // U+0324
    { 6, 6, 0, -3, -1, 9, 218 }, // U+0325
    { 5, 5, 0, -3, -1, 7, 227 }, // U+0326
    { 6, 6, 0, -3, -1, 9, 234 }, // U+0327
    { 6, 6, 0, -3, 1, 9, 243 }, // U+0328
    { 5, 6, 108, -1, -1, 8, 252 }, // U+0329
    { 9, 5, 0, -5, -1, 12, 260 }, // U+032D
    { 8, 5, 0, -4, -1, 10, 272 }, // U+032E
    { 10, 4, 0, -5, -2, 10, 282 }, // U+0330
    { 9, 3, 0, -5, -2, 7, 292 }, // U+0331
    { 8, 6, 0, -4, 20, 12, 299 }, // U+0342
    { 10, 10, 0, -5, 25, 25, 311 }, // U+0344
    { 5, 4, 0, -2, -2, 5, 336 }, // U+0345
    { 17, 24, 249, -1, 24, 102, 0 }, // U+0400
    { 17, 22, 249, -1, 22, 94, 102 }, // U+0401
    { 17, 22, 309, 1, 17, 94, 196 }, // U+0402
    { 17, 24, 231, -1, 24, 102, 290 }, // U+0403
    { 17, 17, 260, 0, 17, 73, 392 }, // U+0404
    { 15, 17, 221, -1, 17, 64, 465 }, // U+0405
    { 12, 17, 159, -1, 17, 51, 529 }, // U+0406
    { 13, 22, 159, -1, 22, 72, 580 }, // U+0407
    { 16, 22, 152, -5, 17, 88, 652 }, // U+0408
    { 25, 17, 370, -2, 17, 107, 740 }, // U+0409
    { 24, 17, 383, -1, 17, 102, 847 }, // U+040A
    { 19, 17, 338, 1, 17, 81, 949 }, // U+040B
    { 20, 24, 282, -1, 24, 120, 1030 }, // U+040C
    { 23, 24, 322, -1, 24, 138, 1150 }, // U+040D
    { 18, 25, 268, 1, 25, 113, 1288 }, // U+040E
    { 22, 22, 307, -1, 17, 121, 1401 }, // U+040F
    { 20, 17, 296, -2, 17, 85, 1522 }, // U+0410
    { 17, 17, 254, -1, 17, 73, 1607 }, // U+0411
    { 16, 17, 251, -1, 17, 68, 1680 }, // U+0412
    { 17, 17, 231, -1, 17, 73, 1748 }, // U+0413
    { 22, 22, 298, -2, 17, 121, 1821 }, // U+0414
    { 17, 17, 249, -1, 17, 73, 1942 }, // U+0415
    { 28, 17, 389, -2, 17, 119, 2015 }, // U+0416
    { 15, 17, 228, -1, 17, 64, 2134 }, // U+0417
    { 23, 17, 322, -1, 17, 98, 2198 }, // U+0418
    { 23, 24, 322, -1, 24, 138, 2296 }, // U+0419
    { 20, 17, 282, -1, 17, 85, 2434 }, // U+041A
    { 22, 17, 292, -2, 17, 94, 2519 }, // U+041B
    { 25, 17, 359, -2, 17, 107, 2613 }, // U+041C
    { 22, 17, 321, -1, 17, 94, 2720 }, // U+041D
    { 18, 17, 296, 0, 17, 77, 2814 }, // U+041E
    { 22, 17, 310, -1, 17, 94, 2891 }, // U+041F
    { 17, 17, 246, -1, 17, 73, 2985 }, // U+0420
    { 17, 17, 262, 0, 17, 73, 3058 }, // U+0421
    { 17, 17, 265, 1, 17, 73, 3131 }, // U+0422
    { 18, 17, 268, 1, 17, 77, 3204 }, // U+0423
    { 19, 18, 300, 0, 18, 86, 3281 }, // U+0424
    { 21, 17, 266, -2, 17, 90, 3367 }, // U+0425
    { 22, 22, 309, -1, 17, 121, 3457 }, // U+0426
    { 18, 17, 286, 1, 17, 77, 3578 }, // U+0427
    { 28, 17, 404, -1, 17, 119, 3655 }, // U+0428
    { 28, 22, 406, -1, 17, 154, 3774 }, // U+0429
    { 17, 17, 290, 1, 17, 73, 3928 }, // U+042A
    { 26, 17, 379, -1, 17, 111, 4001 }, // U+042B
    { 16, 17, 246, -1, 17, 68, 4112 }, // U+042C
    { 17, 17, 253, -1, 17, 73, 4180 }, // U+042D
    { 27, 17, 414, -1, 17, 115, 4253 }, // U+042E
    { 20, 17, 266, -2, 17, 85, 4368 }, // U+042F
    { 15, 13, 239, 0, 13, 49, 4453 }, // U+0430
    { 15, 20, 219, 0, 20, 75, 4502 }, // U+0431
    { 13, 13, 208, 0, 13, 43, 4577 }, // U+0432
    { 11, 13, 183, 0, 13, 36, 4620 }, // U+0433
    { 14, 20, 218, 0, 20, 70, 4656 }, // U+0434
    { 12, 13, 190, 0, 13, 39, 4726 }, // U+0435
    { 23, 13, 360, 0, 13, 75, 4765 }, // U+0436
    { 12, 13, 185, -1, 13, 39, 4840 }, // U+0437
    { 15, 13, 246, 0, 13, 49, 4879 }, // U+0438
    { 15, 20, 246, 0, 20, 75, 4928 }, // U+0439
    { 14, 13, 229, 0, 13, 46, 5003 }, // U+043A
    { 16, 13, 250, -1, 13, 52, 5049 }, // U+043B
    { 21, 13, 320, -1, 13, 69, 5101 }, // U+043C
    { 15, 13, 250, 0, 13, 49, 5170 }, // U+043D
    { 13, 13, 218, 0, 13, 43, 5219 }, // U+043E
    { 15, 13, 248, 0, 13, 49, 5262 }, // U+043F
    { 16, 18, 229, -2, 13, 72, 5311 }, // U+0440
    { 12, 13, 182, 0, 13, 39, 5383 }, // U+0441
    { 22, 13, 350, 0, 13, 72, 5422 }, // U+0442
    { 17, 18, 211, -4, 13, 77, 5494 }, // U+0443
    { 18, 25, 286, 0, 20, 113, 5571 }, // U+0444
    { 16, 13, 229, -1, 13, 52, 5684 }, // U+0445
    { 16, 18, 249, 0, 13, 72, 5736 }, // U+0446
    { 15, 13, 242, 0, 13, 49, 5808 }, // U+0447
    { 21, 13, 334, 0, 13, 69, 5857 }, // U+0448
    { 21, 17, 337, 0, 13, 90, 5926 }, // U+0449
    { 13, 13, 220, 0, 13, 43, 6016 }, // U+044A
    { 19, 13, 314, 0, 13, 62, 6059 }, // U+044B
    { 12, 13, 203, 0, 13, 39, 6121 }, // U+044C
    { 13, 13, 192, -1, 13, 43, 6160 }, // U+044D
    { 20, 13, 318, 0, 13, 65, 6203 }, // U+044E
    { 15, 13, 240, 0, 13, 49, 6268 }, // U+044F
    { 12, 21, 190, 0, 21, 63, 6317 }, // U+0450
    { 13, 19, 190, 0, 19, 62, 6380 }, // U+0451
    { 14, 25, 229, 0, 20, 88, 6442 }, // U+0452
    { 12, 21, 183, 0, 21, 63, 6530 }, // U+0453
    { 12, 13, 192, 0, 13, 39, 6593 }, // U+0454
    { 12, 13, 174, -1, 13, 39, 6632 }, // U+0455
    { 9, 19, 129, 0, 19, 43, 6671 }, // U+0456
    { 11, 19, 129, 0, 19, 53, 6714 }, // U+0457
    { 14, 24, 126, -5, 19, 84, 6767 }, // U+0458
    { 20, 13, 316, -1, 13, 65, 6851 }, // U+0459
    { 19, 13, 309, 0, 13, 62, 6916 }, // U+045A
    { 15, 19, 239, 0, 19, 72, 6978 }, // U+045B
    { 14, 21, 229, 0, 21, 74, 7050 }, // U+045C
    { 15, 21, 246, 0, 21, 79, 7124 }, // U+045D
    { 17, 25, 211, -4, 20, 107, 7203 }, // U+045E
    { 15, 18, 246, 0, 13, 68, 7310 }, // U+045F
    { 16, 19, 284, 1, 19, 76, 7378 }, // U+0462
    { 19, 13, 314, 0, 13, 62, 7454 }, // U+0463
    { 18, 17, 296, 0, 17, 77, 0 }, // U+0472
    { 13, 13, 218, 0, 13, 43, 77 }, // U+0473
    { 20, 17, 305, 1, 17, 85, 120 }, // U+0474
    { 16, 13, 234, -1, 13, 52, 205 }, // U+0475
    { 23, 29, 324, -1, 24, 167, 257 }, // U+048A
    { 15, 25, 245, 0, 20, 94, 424 }, // U+048B
    { 16, 17, 246, -1, 17, 68, 518 }, // U+048C
    { 11, 17, 203, 1, 17, 47, 586 }, // U+048D
    { 17, 17, 246, -1, 17, 73, 633 }, // U+048E
    { 16, 18, 229, -2, 13, 72, 706 }, // U+048F
    { 17, 21, 228, -1, 21, 90, 778 }, // U+0490
    { 13, 17, 190, 0, 17, 56, 868 }, // U+0491
    { 17, 17, 231, -1, 17, 73, 924 }, // U+0492
    { 11, 13, 183, 0, 13, 36, 997 }, // U+0493
    { 17, 22, 265, -1, 17, 94, 1033 }, // U+0494
    { 13, 18, 219, 0, 13, 59, 1127 }, // U+0495
    { 28, 22, 393, -2, 17, 154, 1186 }, // U+0496
    { 23, 18, 360, 0, 13, 104, 1340 }, // U+0497
    { 15, 22, 228, -1, 17, 83, 1444 }, // U+0498
    { 12, 18, 185, -1, 13, 54, 1527 }, // U+0499
    { 20, 22, 281, -1, 17, 110, 1581 }, // U+049A
    { 14, 17, 229, 0, 13, 60, 1691 }, // U+049B
    { 21, 17, 295, -1, 17, 90, 1751 }, // U+049C
    { 16, 13, 256, 0, 13, 52, 1841 }, // U+049D
    { 20, 17, 282, -1, 17, 85, 1893 }, // U+049E
    { 14, 17, 224, 0, 17, 60, 1978 }, // U+049F
    { 21, 17, 329, 1, 17, 90, 2038 }, // U+04A0
    { 16, 13, 262, 0, 13, 52, 2128 }, // U+04A1
    { 22, 22, 323, -1, 17, 121, 2180 }, // U+04A2
    { 16, 17, 257, 0, 13, 68, 2301 }, // U+04A3
    { 26, 17, 374, -1, 17, 111, 2369 }, // U+04A4
    { 19, 13, 304, 0, 13, 62, 2480 }, // U+04A5
    { 26, 22, 411, -1, 17, 143, 2542 }, // U+04A6
    { 20, 18, 335, 0, 13, 90, 2685 }, // U+04A7
    { 21, 17, 333, 0, 17, 90, 2775 }, // U+04A8
    { 16, 13, 259, 0, 13, 52, 2865 }, // U+04A9
    { 17, 22, 262, 0, 17, 94, 2917 }, // U+04AA
    { 12, 18, 182, 0, 13, 54, 3011 }, // U+04AB
    { 17, 22, 265, 1, 17, 94, 3065 }, // U+04AC
    { 22, 18, 353, 0, 13, 99, 3159 }, // U+04AD
    { 18, 17, 262, 1, 17, 77, 3258 }, // U+04AE
    { 13, 18, 211, 0, 13, 59, 3335 }, // U+04AF
    { 18, 17, 262, 1, 17, 77, 3394 }, // U+04B0
    { 13, 18, 211, 0, 13, 59, 3471 }, // U+04B1
    { 21, 22, 266, -2, 17, 116, 3530 }, // U+04B2
    { 16, 18, 229, -1, 13, 72, 3646 }, // U+04B3
    { 23, 22, 368, 1, 17, 127, 3718 }, // U+04B4
    { 16, 23, 249, 0, 18, 92, 3845 }, // U+04B5
    { 18, 22, 288, 1, 17, 99, 3937 }, // U+04B6
    { 15, 18, 245, 0, 13, 68, 4036 }, // U+04B7
    { 18, 17, 290, 1, 17, 77, 4104 }, // U+04B8
    { 15, 13, 246, 0, 13, 49, 4181 }, // U+04B9
    { 18, 17, 289, -1, 17, 77, 4230 }, // U+04BA
    { 15, 19, 239, 0, 19, 72, 4307 }, // U+04BB
    { 20, 17, 328, 0, 17, 85, 4379 }, // U+04BC
    { 15, 13, 238, 0, 13, 49, 4464 }, // U+04BD
    { 20, 22, 328, 0, 17, 110, 4513 }, // U+04BE
    { 15, 18, 238, 0, 13, 68, 4623 }, // U+04BF
    { 12, 17, 159, -1, 17, 51, 4691 }, // U+04C0
    { 29, 25, 388, -3, 25, 182, 4742 }, // U+04C1
    { 23, 20, 360, 0, 20, 115, 4924 }, // U+04C2
    { 20, 22, 289, -1, 17, 110, 5039 }, // U+04C3
    { 14, 18, 229, 0, 13, 63, 5149 }, // U+04C4
    { 22, 22, 294, -2, 17, 121, 5212 }, // U+04C5
    { 17, 18, 253, -1, 13, 77, 5333 }, // U+04C6
    { 22, 22, 321, -1, 17, 121, 5410 }, // U+04C7
    { 15, 18, 236, 0, 13, 68, 5531 }, // U+04C8
    { 22, 22, 323, -1, 17, 121, 5599 }, // U+04C9
    { 16, 18, 254, 0, 13, 72, 5720 }, // U+04CA
    { 18, 22, 286, 1, 17, 99, 5792 }, // U+04CB
    { 14, 18, 234, 0, 13, 63, 5891 }, // U+04CC
    { 25, 22, 367, -2, 17, 138, 5954 }, // U+04CD
    { 21, 18, 320, -1, 13, 95, 6092 }, // U+04CE
    { 12, 19, 153, -1, 19, 57, 6187 }, // U+04CF
    { 20, 24, 296, -2, 24, 120, 6244 }, // U+04D0
    { 15, 20, 239, 0, 20, 75, 6364 }, // U+04D1
    { 20, 22, 296, -2, 22, 110, 6439 }, // U+04D2
    { 15, 19, 239, 0, 19, 72, 6549 }, // U+04D3
    { 26, 17, 375, -2, 17, 111, 6621 }, // U+04D4
    { 20, 13, 313, 0, 13, 65, 6732 }, // U+04D5
    { 17, 24, 249, -1, 24, 102, 6797 }, // U+04D6
    { 13, 20, 190, 0, 20, 65, 6899 }, // U+04D7
    { 16, 17, 266, 0, 17, 68, 6964 }, // U+04D8
    { 12, 13, 195, 0, 13, 39, 7032 }, // U+04D9
    { 16, 22, 266, 0, 22, 88, 7071 }, // U+04DA
    { 12, 19, 195, 0, 19, 57, 7159 }, // U+04DB
    { 28, 22, 389, -2, 22, 154, 7216 }, // U+04DC
    { 23, 19, 360, 0, 19, 110, 7370 }, // U+04DD
    { 15, 22, 228, -1, 22, 83, 7480 }, // U+04DE
    { 13, 19, 185, -1, 19, 62, 7563 }, // U+04DF
    { 16, 17, 226, -1, 17, 68, 0 }, // U+04E0
    { 16, 18, 213, -2, 13, 72, 68 }, // U+04E1
    { 23, 22, 322, -1, 22, 127, 140 }, // U+04E2
    { 15, 18, 246, 0, 18, 68, 267 }, // U+04E3
    { 23, 22, 322, -1, 22, 127, 335 }, // U+04E4
    { 15, 19, 246, 0, 19, 72, 462 }, // U+04E5
    { 18, 22, 296, 0, 22, 99, 534 }, // U+04E6
    { 14, 19, 218, 0, 19, 67, 633 }, // U+04E7
    { 18, 17, 296, 0, 17, 77, 700 }, // U+04E8
    { 13, 13, 218, 0, 13, 43, 777 }, // U+04E9
    { 18, 22, 296, 0, 22, 99, 820 }, // U+04EA
    { 14, 19, 218, 0, 19, 67, 919 }, // U+04EB
    { 17, 22, 253, -1, 22, 94, 986 }, // U+04EC
    { 13, 19, 192, -1, 19, 62, 1080 }, // U+04ED
    { 18, 22, 268, 1, 22, 99, 1142 }, // U+04EE
    { 17, 24, 211, -4, 19, 102, 1241 }, // U+04EF
    { 18, 22, 268, 1, 22, 99, 1343 }, // U+04F0
    { 17, 24, 211, -4, 19, 102, 1442 }, // U+04F1
    { 18, 25, 268, 1, 25, 113, 1544 }, // U+04F2
    { 17, 26, 211, -4, 21, 111, 1657 }, // U+04F3
    { 18, 22, 286, 1, 22, 99, 1768 }, // U+04F4
    { 15, 19, 242, 0, 19, 72, 1867 }, // U+04F5
    { 17, 22, 231, -1, 17, 94, 1939 }, // U+04F6
    { 11, 18, 183, 0, 13, 50, 2033 }, // U+04F7
    { 26, 22, 379, -1, 22, 143, 2083 }, // U+04F8
    { 19, 19, 314, 0, 19, 91, 2226 }, // U+04F9
    { 17, 22, 231, -1, 17, 94, 2317 }, // U+04FA
    { 11, 18, 183, 0, 13, 50, 2411 }, // U+04FB
    { 21, 22, 266, -2, 17, 116, 2461 }, // U+04FC
    { 16, 18, 229, -1, 13, 72, 2577 }, // U+04FD
    { 21, 17, 266, -2, 17, 90, 2649 }, // U+04FE
    { 16, 13, 229, -1, 13, 52, 2739 }, // U+04FF
    { 20, 22, 296, -2, 17, 110, 0 }, // U+1EA0
    { 15, 18, 239, 0, 13, 68, 110 }, // U+1EA1
    { 20, 25, 296, -2, 25, 125, 178 }, // U+1EA2
    { 15, 22, 239, 0, 22, 83, 303 }, // U+1EA3
    { 21, 26, 296, -2, 26, 137, 386 }, // U+1EA4
    { 17, 25, 239, 0, 25, 107, 523 }, // U+1EA5
    { 20, 26, 296, -2, 26, 130, 630 }, // U+1EA6
    { 15, 24, 239, 0, 24, 90, 760 }, // U+1EA7
    { 21, 25, 296, -2, 25, 132, 850 }, // U+1EA8
    { 17, 24, 239, 0, 24, 102, 982 }, // U+1EA9
    { 20, 25, 296, -2, 25, 125, 1084 }, // U+1EAA
    { 15, 24, 239, 0, 24, 90, 1209 }, // U+1EAB
    { 20, 30, 296, -2, 25, 150, 1299 }, // U+1EAC
    { 15, 26, 239, 0, 21, 98, 1449 }, // U+1EAD
    { 20, 26, 296, -2, 26, 130, 1547 }, // U+1EAE
    { 15, 24, 239, 0, 24, 90, 1677 }, // U+1EAF
    { 20, 26, 296, -2, 26, 130, 1767 }, // U+1EB0
    { 15, 24, 239, 0, 24, 90, 1897 }, // U+1EB1
    { 20, 25, 296, -2, 25, 125, 1987 }, // U+1EB2
    { 15, 24, 239, 0, 24, 90, 2112 }, // U+1EB3
    { 20, 25, 296, -2, 25, 125, 2202 }, // U+1EB4
    { 15, 24, 239, 0, 24, 90, 2327 }, // U+1EB5
    { 20, 30, 296, -2, 25, 150, 2417 }, // U+1EB6
    { 15, 25, 239, 0, 20, 94, 2567 }, // U+1EB7
    { 17, 22, 249, -1, 17, 94, 2661 }, // U+1EB8
    { 12, 18, 190, 0, 13, 54, 2755 }, // U+1EB9
    { 17, 25, 249, -1, 25, 107, 2809 }, // U+1EBA
    { 12, 22, 190, 0, 22, 66, 2916 }, // U+1EBB
    { 17, 23, 249, -1, 23, 98, 2982 }, // U+1EBC
    { 13, 19, 190, 0, 19, 62, 3080 }, // U+1EBD
    { 19, 26, 249, -1, 26, 124, 3142 }, // U+1EBE
    { 16, 25, 190, 0, 25, 100, 3266 }, // U+1EBF
    { 17, 26, 249, -1, 26, 111, 3366 }, // U+1EC0
    { 13, 24, 190, 0, 24, 78, 3477 }, // U+1EC1
    { 19, 25, 249, -1, 25, 119, 3555 }, // U+1EC2
    { 16, 24, 190, 0, 24, 96, 3674 }, // U+1EC3
    { 17, 25, 249, -1, 25, 107, 3770 }, // U+1EC4
    { 13, 24, 190, 0, 24, 78, 3877 }, // U+1EC5
    { 17, 30, 249, -1, 25, 128, 3955 }, // U+1EC6
    { 12, 26, 190, 0, 21, 78, 4083 }, // U+1EC7
    { 12, 25, 159, -1, 25, 75, 4161 }, // U+1EC8
    { 10, 22, 129, 0, 22, 55, 4236 }, // U+1EC9
    { 12, 22, 159, -1, 17, 66, 4291 }, // U+1ECA
    { 9, 24, 129, 0, 19, 54, 4357 }, // U+1ECB
    { 18, 22, 296, 0, 17, 99, 4411 }, // U+1ECC
    { 13, 18, 218, 0, 13, 59, 4510 }, // U+1ECD
    { 18, 25, 296, 0, 25, 113, 4569 }, // U+1ECE
    { 13, 22, 218, 0, 22, 72, 4682 }, // U+1ECF
    { 19, 26, 296, 0, 26, 124, 4754 }, // U+1ED0
    { 17, 25, 218, 0, 25, 107, 4878 }, // U+1ED1
    { 18, 26, 296, 0, 26, 117, 4985 }, // U+1ED2
    { 14, 24, 218, 0, 24, 84, 5102 }, // U+1ED3
    { 19, 25, 296, 0, 25, 119, 5186 }, // U+1ED4
    { 17, 24, 218, 0, 24, 102, 5305 }, // U+1ED5
    { 18, 26, 296, 0, 26, 117, 5407 }, // U+1ED6
    { 14, 24, 218, 0, 24, 84, 5524 }, // U+1ED7
    { 18, 30, 296, 0, 25, 135, 5608 }, // U+1ED8
    { 13, 26, 218, 0, 21, 85, 5743 }, // U+1ED9
    { 21, 25, 296, 0, 25, 132, 5828 }, // U+1EDA
    { 16, 21, 218, 0, 21, 84, 5960 }, // U+1EDB
    { 21, 25, 296, 0, 25, 132, 6044 }, // U+1EDC
    { 16, 21, 218, 0, 21, 84, 6176 }, // U+1EDD
    { 21, 25, 296, 0, 25, 132, 6260 }, // U+1EDE
    { 16, 22, 218, 0, 22, 88, 6392 }, // U+1EDF
    { 21, 24, 296, 0, 24, 126, 6480 }, // U+1EE0
    { 16, 19, 218, 0, 19, 76, 6606 }, // U+1EE1
    { 21, 26, 296, 0, 21, 137, 6682 }, // U+1EE2
    { 16, 21, 218, 0, 16, 84, 6819 }, // U+1EE3
    { 19, 22, 314, 2, 17, 105, 6903 }, // U+1EE4
    { 15, 18, 246, 0, 13, 68, 7008 }, // U+1EE5
    { 19, 25, 314, 2, 25, 119, 7076 }, // U+1EE6
    { 15, 22, 246, 0, 22, 83, 7195 }, // U+1EE7
    { 22, 25, 307, 2, 25, 138, 7278 }, // U+1EE8
    { 18, 21, 246, 0, 21, 95, 7416 }, // U+1EE9
    { 22, 25, 307, 2, 25, 138, 0 }, // U+1EEA
    { 18, 21, 246, 0, 21, 95, 138 }, // U+1EEB
    { 22, 25, 307, 2, 25, 138, 233 }, // U+1EEC
    { 18, 22, 246, 0, 22, 99, 371 }, // U+1EED
    { 22, 24, 307, 2, 24, 132, 470 }, // U+1EEE
    { 18, 19, 246, 0, 19, 86, 602 }, // U+1EEF
    { 22, 26, 307, 2, 21, 143, 688 }, // U+1EF0
    { 18, 21, 246, 0, 16, 95, 831 }, // U+1EF1
    { 18, 24, 262, 1, 24, 108, 926 }, // U+1EF2
    { 17, 26, 211, -4, 21, 111, 1034 }, // U+1EF3
    { 18, 22, 262, 1, 17, 99, 1145 }, // U+1EF4
    { 17, 18, 211, -4, 13, 77, 1244 }, // U+1EF5
    { 18, 25, 262, 1, 25, 113, 1321 }, // U+1EF6
    { 17, 27, 211, -4, 22, 115, 1434 }, // U+1EF7
    { 18, 23, 262, 1, 23, 104, 1549 }, // U+1EF8
    { 17, 24, 211, -4, 19, 102, 1653 }, // U+1EF9
    { 0, 0, 200, 0, 0, 0, 0 }, // U+2000
    { 0, 0, 400, 0, 0, 0, 0 }, // U+2001
    { 0, 0, 200, 0, 0, 0, 0 }, // U+2002
    { 0, 0, 400, 0, 0, 0, 0 }, // U+2003
    { 0, 0, 133, 0, 0, 0, 0 }, // U+2004
    { 0, 0, 100, 0, 0, 0, 0 }, // U+2005
    { 0, 0, 66, 0, 0, 0, 0 }, // U+2006
    { 0, 0, 249, 0, 0, 0, 0 }, // U+2007
    { 0, 0, 123, 0, 0, 0, 0 }, // U+2008
    { 0, 0, 80, 0, 0, 0, 0 }, // U+2009
    { 0, 0, 20, 0, 0, 0, 0 }, // U+200A
    { 0, 0, 0, 0, 0, 0, 0 }, // U+200B
    { 2, 19, 0, -1, 14, 10, 0 }, // U+200C
    { 6, 22, 0, -3, 17, 33, 10 }, // U+200D
    { 8, 22, 0, -4, 17, 44, 43 }, // U+200E
    { 8, 22, 0, -4, 17, 44, 87 }, // U+200F
    { 8, 3, 156, 1, 8, 6, 131 }, // U+2010
    { 8, 3, 156, 1, 8, 6, 137 }, // U+2011
    { 13, 3, 249, 1, 10, 10, 143 }, // U+2012
    { 13, 3, 200, 0, 8, 10, 153 }, // U+2013
    { 25, 3, 400, 0, 8, 19, 163 }, // U+2014
    { 25, 3, 400, 0, 8, 19, 182 }, // U+2015
    { 9, 24, 200, 2, 19, 54, 201 }, // U+2016
    { 13, 7, 200, 0, 0, 23, 255 }, // U+2017
    { 6, 8, 120, 2, 18, 12, 278 }, // U+2018
    { 6, 8, 120, 1, 18, 12, 290 }, // U+2019
    { 6, 8, 120, 0, 4, 12, 302 }, // U+201A
    { 6, 8, 120, 1, 18, 12, 314 }, // U+201B
    { 11, 8, 204, 2, 18, 22, 326 }, // U+201C
    { 12, 8, 204, 1, 17, 24, 348 }, // U+201D
    { 11, 8, 200, 0, 4, 22, 372 }, // U+201E
    { 11, 8, 200, 1, 18, 22, 394 }, // U+201F
    { 11, 16, 187, 1, 17, 44, 416 }, // U+2020
    { 13, 19, 187, -1, 17, 62, 460 }, // U+2021
    { 7, 5, 120, 0, 9, 9, 522 }, // U+2022
    { 9, 9, 249, 3, 13, 21, 531 }, // U+2023
    { 5, 4, 116, 1, 4, 5, 552 }, // U+2024
    { 11, 4, 200, 1, 4, 11, 557 }, // U+2025
    { 21, 4, 400, 2, 4, 21, 568 }, // U+2026
    { 5, 4, 116, 1, 9, 5, 589 }, // U+2027
    { 0, 0, 0, 0, 0, 0, 594 }, // U+2028
    { 0, 0, 0, 0, 0, 0, 594 }, // U+2029
    { 8, 22, 0, -4, 17, 44, 594 }, // U+202A
    { 8, 22, 0, -4, 17, 44, 638 }, // U+202B
    { 8, 22, 0, -4, 17, 44, 682 }, // U+202C
    { 11, 22, 0, -5, 17, 61, 726 }, // U+202D
    { 11, 22, 0, -5, 17, 61, 787 }, // U+202E
    { 0, 0, 43, 0, 0, 0, 848 }, // U+202F
    { 33, 19, 563, 1, 18, 157, 848 }, // U+2030
    { 6, 8, 102, 0, 17, 12, 1005 }, // U+2032
    { 11, 8, 180, 0, 17, 22, 1017 }, // U+2033
    { 17, 8, 276, 0, 17, 34, 1039 }, // U+2034
    { 6, 8, 102, 0, 17, 12, 1073 }, // U+2035
    { 12, 8, 189, 0, 17, 24, 1085 }, // U+2036
    { 17, 8, 276, 0, 17, 34, 1109 }, // U+2037
    { 11, 5, 200, 1, 0, 14, 1143 }, // U+2038
    { 9, 9, 142, 0, 11, 21, 1157 }, // U+2039
    { 8, 9, 142, 0, 11, 18, 1178 }, // U+203A
    { 16, 16, 249, 0, 16, 64, 1196 }, // U+203B
    { 15, 19, 243, 1, 19, 72, 1260 }, // U+203C
    { 13, 3, 200, 0, 21, 10, 1332 }, // U+203E
    { 6, 3, 120, 1, 8, 5, 1342 }, // U+2043
    { 17, 20, 115, -5, 18, 85, 1347 }, // U+2044
    { 18, 17, 314, 2, 17, 77, 1432 }, // U+2047
    { 16, 19, 279, 2, 19, 76, 1509 }, // U+2048
    { 17, 19, 279, 1, 19, 81, 1585 }, // U+2049
    { 15, 6, 400, 5, 10, 23, 1666 }, // U+2053
    { 23, 8, 364, 0, 17, 46, 1689 }, // U+2057
    { 0, 0, 89, 0, 0, 0, 1735 }, // U+205F
    { 0, 0, 0, 0, 0, 0, 1735 }, // U+2060
    { 0, 0, 0, 0, 0, 0, 1735 }, // U+2061
    { 0, 0, 0, 0, 0, 0, 1735 }, // U+2062
    { 0, 0, 0, 0, 0, 0, 1735 }, // U+2063
    { 0, 0, 0, 0, 0, 0, 1735 }, // U+2064
    { 11, 11, 179, 0, 20, 31, 0 }, // U+2070
    { 11, 11, 179, 0, 20, 31, 31 }, // U+2074
    { 11, 11, 179, 0, 20, 31, 62 }, // U+2075
    { 10, 11, 179, 1, 20, 28, 93 }, // U+2076
    { 9, 11, 179, 2, 20, 25, 121 }, // U+2077
    { 11, 11, 179, 0, 20, 31, 146 }, // U+2078
    { 11, 11, 179, 0, 20, 31, 177 }, // U+2079
    { 11, 9, 226, 2, 18, 25, 208 }, // U+207F
    { 11, 11, 179, 0, 8, 31, 233 }, // U+2080
    { 8, 12, 179, 1, 9, 24, 264 }, // U+2081
    { 11, 11, 179, 0, 8, 31, 288 }, // U+2082
    { 9, 11, 179, 1, 8, 25, 319 }, // U+2083
    { 11, 11, 179, 0, 8, 31, 344 }, // U+2084
    { 11, 11, 179, 0, 8, 31, 375 }, // U+2085
    { 10, 11, 179, 1, 8, 28, 406 }, // U+2086
    { 9, 11, 179, 2, 8, 25, 434 }, // U+2087
    { 11, 11, 179, 0, 8, 31, 459 }, // U+2088
    { 11, 11, 179, 0, 8, 31, 490 }, // U+2089
    { 17, 17, 249, -1, 17, 73, 0 }, // U+20A3
    { 17, 17, 249, -1, 17, 73, 73 }, // U+20A4
    { 33, 17, 531, 0, 17, 141, 146 }, // U+20A7
    { 18, 17, 249, -1, 17, 77, 287 }, // U+20AC
    { 17, 13, 400, 4, 15, 56, 0 }, // U+2190
    { 13, 16, 400, 6, 17, 52, 56 }, // U+2191
    { 17, 13, 400, 4, 15, 56, 108 }, // U+2192
    { 13, 16, 400, 6, 17, 52, 164 }, // U+2193
    { 16, 11, 400, 4, 14, 44, 216 }, // U+2194
    { 11, 17, 400, 7, 17, 47, 260 }, // U+2195
    { 13, 18, 400, 6, 18, 59, 307 }, // U+21A8
    { 11, 18, 400, 7, 18, 50, 366 }, // U+21B2
    { 11, 18, 400, 7, 18, 50, 416 }, // U+21B3
    { 15, 14, 400, 5, 16, 53, 466 }, // U+21B5
    { 17, 14, 400, 4, 16, 60, 519 }, // U+21D0
    { 14, 17, 400, 6, 17, 60, 579 }, // U+21D1
    { 17, 14, 400, 4, 16, 60, 639 }, // U+21D2
    { 14, 17, 400, 6, 17, 60, 699 }, // U+21D3
    { 16, 13, 400, 4, 15, 52, 759 }, // U+21D4
    { 18, 19, 400, 3, 18, 86, 0 }, // U+2200
    { 13, 21, 249, 1, 20, 69, 86 }, // U+2202
    { 12, 17, 400, 6, 17, 51, 155 }, // U+2203
    { 19, 21, 400, 3, 19, 100, 206 }, // U+2205
    { 16, 18, 273, 0, 18, 72, 306 }, // U+2206
    { 16, 19, 400, 5, 18, 76, 378 }, // U+2207
    { 17, 17, 400, 4, 17, 73, 454 }, // U+2208
    { 17, 22, 400, 4, 19, 94, 527 }, // U+2209
    { 17, 15, 400, 4, 16, 64, 621 }, // U+220A
    { 17, 17, 400, 4, 17, 73, 685 }, // U+220B
    { 17, 22, 400, 4, 19, 94, 758 }, // U+220C
    { 17, 15, 400, 4, 16, 64, 852 }, // U+220D
    { 21, 22, 335, 0, 18, 116, 916 }, // U+220F
    { 16, 23, 266, 0, 18, 92, 1032 }, // U+2211
    { 12, 3, 249, 2, 10, 9, 1124 }, // U+2212
    { 15, 20, 211, -1, 18, 75, 1133 }, // U+2215
    { 13, 20, 211, 0, 18, 65, 1208 }, // U+2216
    { 12, 12, 249, 2, 14, 36, 1273 }, // U+2217
    { 10, 9, 249, 3, 13, 23, 1309 }, // U+2218
    { 5, 4, 249, 5, 9, 5, 1332 }, // U+2219
    { 17, 23, 249, -1, 20, 98, 1337 }, // U+221A
    { 13, 10, 249, 1, 13, 33, 1435 }, // U+221D
    { 16, 10, 249, 0, 13, 40, 1468 }, // U+221E
    { 17, 18, 400, 4, 18, 77, 1508 }, // U+221F
    { 19, 18, 400, 3, 18, 86, 1585 }, // U+2220
    { 4, 25, 200, 4, 19, 25, 1671 }, // U+2223
    { 9, 25, 200, 2, 19, 57, 1696 }, // U+2225
    { 18, 18, 400, 4, 18, 81, 1753 }, // U+2227
    { 18, 18, 400, 4, 18, 81, 1834 }, // U+2228
    { 15, 18, 400, 5, 18, 68, 1915 }, // U+2229
    { 15, 18, 400, 5, 18, 68, 1983 }, // U+222A
    { 14, 26, 249, 1, 20, 91, 2051 }, // U+222B
    { 16, 14, 400, 4, 14, 56, 2142 }, // U+2234
    { 16, 14, 400, 4, 14, 56, 2198 }, // U+2235
    { 6, 13, 125, 1, 15, 20, 2254 }, // U+2236
    { 17, 14, 400, 4, 14, 60, 2274 }, // U+2237
    { 15, 6, 400, 5, 10, 23, 2334 }, // U+223C
    { 16, 15, 400, 4, 16, 60, 2357 }, // U+2245
    { 13, 11, 249, 1, 14, 36, 2417 }, // U+2248
    { 15, 10, 400, 5, 12, 38, 2453 }, // U+224D
    { 12, 13, 249, 2, 15, 39, 2491 }, // U+2260
    { 14, 13, 400, 5, 14, 46, 2530 }, // U+2261
    { 12, 15, 249, 1, 15, 45, 2576 }, // U+2264
    { 12, 16, 249, 2, 16, 48, 2621 }, // U+2265
    { 21, 13, 400, 2, 15, 69, 2669 }, // U+226A
    { 21, 13, 400, 2, 15, 69, 2738 }, // U+226B
    { 17, 15, 400, 4, 16, 64, 2807 }, // U+2283
    { 17, 23, 400, 4, 20, 98, 2871 }, // U+2284
    { 17, 23, 400, 4, 20, 98, 2969 }, // U+2285
    { 17, 17, 400, 4, 17, 73, 3067 }, // U+2286
    { 17, 17, 400, 4, 17, 73, 3140 }, // U+2287
    { 20, 19, 400, 2, 18, 95, 3213 }, // U+2295
    { 19, 19, 400, 3, 18, 91, 3308 }, // U+2296
    { 19, 19, 400, 3, 18, 91, 3399 }, // U+2297
    { 19, 19, 400, 3, 18, 91, 3490 }, // U+2298
    { 15, 18, 400, 5, 18, 68, 3581 }, // U+22A5
    { 5, 4, 249, 5, 9, 5, 3649 }, // U+22C5
    { 22, 4, 400, 2, 9, 22, 3654 }, // U+22EF
    { 27, 24, 296, -5, 19, 162, 0 }, // U+FB00
    { 21, 24, 257, -5, 19, 126, 162 }, // U+FB01
    { 22, 24, 269, -5, 19, 132, 288 }, // U+FB02
    { 29, 24, 384, -5, 19, 174, 420 }, // U+FB03
    { 30, 24, 395, -5, 19, 180, 594 }, // U+FB04
    { 24, 24, 301, -5, 19, 144, 774 }, // U+FB05
    { 22, 18, 330, -1, 18, 99, 918 }, // U+FB06
    { 25, 24, 400, 0, 21, 150, 0 }, // U+FFFD
};

static const EpdUnicodeInterval bookerly_12_bolditalicIntervals[] = {
    { 0x0, 0x0, 0x0 },
    { 0x8, 0x9, 0x1 },
    { 0xD, 0xD, 0x3 },
    { 0x1D, 0x1D, 0x4 },
    { 0x20, 0x7E, 0x5 },
    { 0xA0, 0xFF, 0x64 },
    { 0x100, 0x17F, 0xC4 },
    { 0x1A0, 0x1A1, 0x144 },
    { 0x1AF, 0x1B0, 0x146 },
    { 0x1C4, 0x1F5, 0x148 },
    { 0x1F8, 0x21F, 0x17A },
    { 0x300, 0x304, 0x1A2 },
    { 0x306, 0x30C, 0x1A7 },
    { 0x30F, 0x30F, 0x1AE },
    { 0x311, 0x315, 0x1AF },
    { 0x31B, 0x31B, 0x1B4 },
    { 0x323, 0x329, 0x1B5 },
    { 0x32D, 0x32E, 0x1BC },
    { 0x330, 0x331, 0x1BE },
    { 0x342, 0x342, 0x1C0 },
    { 0x344, 0x345, 0x1C1 },
    { 0x400, 0x45F, 0x1C3 },
    { 0x462, 0x463, 0x223 },
    { 0x472, 0x475, 0x225 },
    { 0x48A, 0x4FF, 0x229 },
    { 0x1EA0, 0x1EF9, 0x29F },
    { 0x2000, 0x2030, 0x2F9 },
    { 0x2032, 0x203C, 0x32A },
    { 0x203E, 0x203E, 0x335 },
    { 0x2043, 0x2044, 0x336 },
    { 0x2047, 0x2049, 0x338 },
    { 0x2053, 0x2053, 0x33B },
    { 0x2057, 0x2057, 0x33C },
    { 0x205F, 0x2064, 0x33D },
    { 0x2070, 0x2070, 0x343 },
    { 0x2074, 0x2079, 0x344 },
    { 0x207F, 0x2089, 0x34A },
    { 0x20A3, 0x20A4, 0x355 },
    { 0x20A7, 0x20A7, 0x357 },
    { 0x20AC, 0x20AC, 0x358 },
    { 0x2190, 0x2195, 0x359 },
    { 0x21A8, 0x21A8, 0x35F },
    { 0x21B2, 0x21B3, 0x360 },
    { 0x21B5, 0x21B5, 0x362 },
    { 0x21D0, 0x21D4, 0x363 },
    { 0x2200, 0x2200, 0x368 },
    { 0x2202, 0x2203, 0x369 },
    { 0x2205, 0x220D, 0x36B },
    { 0x220F, 0x220F, 0x374 },
    { 0x2211, 0x2212, 0x375 },
    { 0x2215, 0x221A, 0x377 },
    { 0x221D, 0x2220, 0x37D },
    { 0x2223, 0x2223, 0x381 },
    { 0x2225, 0x2225, 0x382 },
    { 0x2227, 0x222B, 0x383 },
    { 0x2234, 0x2237, 0x388 },
    { 0x223C, 0x223C, 0x38C },
    { 0x2245, 0x2245, 0x38D },
    { 0x2248, 0x2248, 0x38E },
    { 0x224D, 0x224D, 0x38F },
    { 0x2260, 0x2261, 0x390 },
    { 0x2264, 0x2265, 0x392 },
    { 0x226A, 0x226B, 0x394 },
    { 0x2283, 0x2287, 0x396 },
    { 0x2295, 0x2298, 0x39B },
    { 0x22A5, 0x22A5, 0x39F },
    { 0x22C5, 0x22C5, 0x3A0 },
    { 0x22EF, 0x22EF, 0x3A1 },
    { 0xFB00, 0xFB06, 0x3A2 },
    { 0xFFFD, 0xFFFD, 0x3A9 },
};

static const EpdFontGroup bookerly_12_bolditalicGroups[] = {
    { 0, 3269, 6240, 100, 0 },
    { 3269, 2826, 7719, 96, 100 },
    { 6095, 2574, 8184, 86, 196 },
    { 8669, 1318, 4143, 42, 282 },
    { 9987, 2997, 8189, 71, 324 },
    { 12984, 948, 2143, 23, 395 },
    { 13932, 299, 412, 33, 418 },
    { 14231, 3670, 8134, 98, 451 },
    { 17901, 3823, 8189, 90, 549 },
    { 21724, 1211, 3083, 32, 639 },
    { 22935, 1879, 8159, 74, 671 },
    { 24814, 526, 1960, 16, 745 },
    { 25340, 1015, 1943, 74, 761 },
    { 26355, 279, 579, 18, 835 },
    { 26634, 255, 408, 4, 853 },
    { 26889, 444, 917, 15, 857 },
    { 27333, 1616, 4065, 58, 872 },
    { 28949, 492, 1092, 7, 930 },
    { 29441, 109, 168, 1, 937 },
};

static const EpdKernClassEntry bookerly_12_bolditalicKernLeftClasses[] = {
    { 0x0028, 1 }, // (
    { 0x002A, 2 }, // *
    { 0x002C, 3 }, // ,
    { 0x002D, 4 }, // -
    { 0x002E, 3 }, // .
    { 0x002F, 5 }, // /
    { 0x003A, 6 }, // :
    { 0x003B, 6 }, // ;
    { 0x0041, 7 }, // A
    { 0x0042, 8 }, // B
    { 0x0043, 9 }, // C
    { 0x0044, 10 }, // D
    { 0x0045, 11 }, // E
    { 0x0046, 12 }, // F
    { 0x0047, 13 }, // G
    { 0x0048, 14 }, // H
    { 0x0049, 14 }, // I
    { 0x004A, 15 }, // J
    { 0x004B, 16 }, // K
    { 0x004C, 17 }, // L
    { 0x004D, 18 }, // M
    { 0x004E, 19 }, // N
    { 0x004F, 10 }, // O
    { 0x0050, 20 }, // P
    { 0x0051, 21 }, // Q
    { 0x0052, 22 }, // R
    { 0x0053, 23 }, // S
    { 0x0054, 24 }, // T
    { 0x0055, 25 }, // U
    { 0x0056, 26 }, // V
    { 0x0057, 27 }, // W
    { 0x0058, 28 }, // X
    { 0x0059, 29 }, // Y
    { 0x005A, 30 }, // Z
    { 0x005B, 31 }, // [
    { 0x005C, 32 }, // <backslash>
    { 0x0061, 33 }, // a
    { 0x0062, 34 }, // b
    { 0x0063, 35 }, // c
    { 0x0064, 36 }, // d
    { 0x0065, 37 }, // e
    { 0x0066, 38 }, // f
    { 0x0067, 39 }, // g
    { 0x0068, 40 }, // h
    { 0x0069, 41 }, // i
    { 0x006A, 42 }, // j
    { 0x006B, 43 }, // k
    { 0x006C, 44 }, // l
    { 0x006D, 40 }, // m
    { 0x006E, 40 }, // n
    { 0x006F, 34 }, // o
    { 0x0070, 34 }, // p
    { 0x0071, 45 }, // q
    { 0x0072, 46 }, // r
    { 0x0073, 47 }, // s
    { 0x0074, 48 }, // t
    { 0x0075, 33 }, // u
    { 0x0076, 49 }, // v
    { 0x0077, 49 }, // w
    { 0x0078, 50 }, // x
    { 0x0079, 49 }, // y
    { 0x007A, 51 }, // z
    { 0x007B, 52 }, // {
    { 0x00A1, 53 }, // U+00A1
    { 0x00AD, 4 }, // U+00AD
    { 0x00BB, 54 }, // U+00BB
    { 0x00BF, 55 }, // U+00BF
    { 0x00C0, 7 }, // U+00C0
    { 0x00C1, 7 }, // U+00C1
    { 0x00C2, 7 }, // U+00C2
    { 0x00C3, 7 }, // U+00C3
    { 0x00C4, 7 }, // U+00C4
    { 0x00C5, 7 }, // U+00C5
    { 0x00C6, 11 }, // U+00C6
    { 0x00C7, 9 }, // U+00C7
    { 0x00C8, 11 }, // U+00C8
    { 0x00C9, 11 }, // U+00C9
    { 0x00CA, 11 }, // U+00CA
    { 0x00CB, 11 }, // U+00CB
    { 0x00CC, 14 }, // U+00CC
    { 0x00CD, 14 }, // U+00CD
    { 0x00CE, 14 }, // U+00CE
    { 0x00CF, 14 }, // U+00CF
    { 0x00D0, 10 }, // U+00D0
    { 0x00D1, 19 }, // U+00D1
    { 0x00D2, 10 }, // U+00D2
    { 0x00D3, 10 }, // U+00D3
    { 0x00D4, 10 }, // U+00D4
    { 0x00D5, 10 }, // U+00D5
    { 0x00D6, 10 }, // U+00D6
    { 0x00D8, 10 }, // U+00D8
    { 0x00D9, 25 }, // U+00D9
    { 0x00DA, 25 }, // U+00DA
    { 0x00DB, 25 }, // U+00DB
    { 0x00DC, 25 }, // U+00DC
    { 0x00DD, 29 }, // U+00DD
    { 0x00DE, 56 }, // U+00DE
    { 0x00DF, 57 }, // U+00DF
    { 0x00E0, 33 }, // U+00E0
    { 0x00E1, 33 }, // U+00E1
    { 0x00E2, 33 }, // U+00E2
    { 0x00E3, 33 }, // U+00E3
    { 0x00E4, 33 }, // U+00E4
    { 0x00E5, 33 }, // U+00E5
    { 0x00E6, 37 }, // U+00E6
    { 0x00E7, 58 }, // U+00E7
    { 0x00E8, 37 }, // U+00E8
    { 0x00E9, 37 }, // U+00E9
    { 0x00EA, 37 }, // U+00EA
    { 0x00EB, 37 }, // U+00EB
    { 0x00EC, 41 }, // U+00EC
    { 0x00ED, 59 }, // U+00ED
    { 0x00EE, 60 }, // U+00EE
    { 0x00EF, 60 }, // U+00EF
    { 0x00F0, 34 }, // U+00F0
    { 0x00F1, 40 }, // U+00F1
    { 0x00F2, 34 }, // U+00F2
    { 0x00F3, 34 }, // U+00F3
    { 0x00F4, 34 }, // U+00F4
    { 0x00F5, 34 }, // U+00F5
    { 0x00F6, 34 }, // U+00F6
    { 0x00F8, 61 }, // U+00F8
    { 0x00F9, 33 }, // U+00F9
    { 0x00FA, 33 }, // U+00FA
    { 0x00FB, 33 }, // U+00FB
    { 0x00FC, 33 }, // U+00FC
    { 0x00FD, 49 }, // U+00FD
    { 0x00FE, 34 }, // U+00FE
    { 0x00FF, 49 }, // U+00FF
    { 0x0100, 7 }, // U+0100
    { 0x0101, 33 }, // U+0101
    { 0x0102, 7 }, // U+0102
    { 0x0103, 33 }, // U+0103
    { 0x0104, 62 }, // U+0104
    { 0x0105, 63 }, // U+0105
    { 0x0106, 9 }, // U+0106
    { 0x0107, 35 }, // U+0107
    { 0x0108, 9 }, // U+0108
    { 0x0109, 35 }, // U+0109
    { 0x010A, 9 }, // U+010A
    { 0x010B, 35 }, // U+010B
    { 0x010C, 9 }, // U+010C
    { 0x010D, 35 }, // U+010D
    { 0x010E, 10 }, // U+010E
    { 0x010F, 64 }, // U+010F
    { 0x0110, 10 }, // U+0110
    { 0x0111, 36 }, // U+0111
    { 0x0112, 11 }, // U+0112
    { 0x0113, 37 }, // U+0113
    { 0x0114, 11 }, // U+0114
    { 0x0115, 37 }, // U+0115
    { 0x0116, 11 }, // U+0116
    { 0x0117, 37 }, // U+0117
    { 0x0118, 65 }, // U+0118
    { 0x0119, 66 }, // U+0119
    { 0x011A, 11 }, // U+011A
    { 0x011B, 37 }, // U+011B
    { 0x011C, 13 }, // U+011C
    { 0x011D, 39 }, // U+011D
    { 0x011E, 13 }, // U+011E
    { 0x011F, 39 }, // U+011F
    { 0x0120, 13 }, // U+0120
    { 0x0121, 39 }, // U+0121
    { 0x0122, 13 }, // U+0122
    { 0x0123, 39 }, // U+0123
    { 0x0124, 14 }, // U+0124
    { 0x0125, 40 }, // U+0125
    { 0x0126, 67 }, // U+0126
    { 0x0127, 40 }, // U+0127
    { 0x0128, 14 }, // U+0128
    { 0x0129, 60 }, // U+0129
    { 0x012A, 14 }, // U+012A
    { 0x012B, 60 }, // U+012B
    { 0x012C, 14 }, // U+012C
    { 0x012D, 60 }, // U+012D
    { 0x012E, 68 }, // U+012E
    { 0x012F, 69 }, // U+012F
    { 0x0130, 14 }, // U+0130
    { 0x0131, 33 }, // U+0131
    { 0x0132, 15 }, // U+0132
    { 0x0133, 42 }, // U+0133
    { 0x0134, 15 }, // U+0134
    { 0x0135, 70 }, // U+0135
    { 0x0136, 16 }, // U+0136
    { 0x0137, 43 }, // U+0137
    { 0x0138, 71 }, // U+0138
    { 0x0139, 17 }, // U+0139
    { 0x013A, 44 }, // U+013A
    { 0x013B, 17 }, // U+013B
    { 0x013C, 72 }, // U+013C
    { 0x013E, 64 }, // U+013E
    { 0x0141, 17 }, // U+0141
    { 0x0142, 73 }, // U+0142
    { 0x0143, 19 }, // U+0143
    { 0x0144, 40 }, // U+0144
    { 0x0145, 19 }, // U+0145
    { 0x0146, 40 }, // U+0146
    { 0x0147, 19 }, // U+0147
    { 0x0148, 40 }, // U+0148
    { 0x0149, 40 }, // U+0149
    { 0x014A, 19 }, // U+014A
    { 0x014B, 42 }, // U+014B
    { 0x014C, 10 }, // U+014C
    { 0x014D, 34 }, // U+014D
    { 0x014E, 10 }, // U+014E
    { 0x014F, 34 }, // U+014F
    { 0x0150, 10 }, // U+0150
    { 0x0151, 34 }, // U+0151
    { 0x0152, 11 }, // U+0152
    { 0x0153, 37 }, // U+0153
    { 0x0154, 22 }, // U+0154
    { 0x0155, 46 }, // U+0155
    { 0x0156, 22 }, // U+0156
    { 0x0157, 46 }, // U+0157
    { 0x0158, 22 }, // U+0158
    { 0x0159, 46 }, // U+0159
    { 0x015A, 23 }, // U+015A
    { 0x015B, 47 }, // U+015B
    { 0x015C, 23 }, // U+015C
    { 0x015D, 47 }, // U+015D
    { 0x015E, 23 }, // U+015E
    { 0x015F, 74 }, // U+015F
    { 0x0160, 23 }, // U+0160
    { 0x0161, 47 }, // U+0161
    { 0x0162, 24 }, // U+0162
    { 0x0163, 75 }, // U+0163
    { 0x0164, 24 }, // U+0164
    { 0x0166, 24 }, // U+0166
    { 0x0167, 48 }, // U+0167
    { 0x0168, 25 }, // U+0168
    { 0x0169, 33 }, // U+0169
    { 0x016A, 25 }, // U+016A
    { 0x016B, 33 }, // U+016B
    { 0x016C, 25 }, // U+016C
    { 0x016D, 33 }, // U+016D
    { 0x016E, 25 }, // U+016E
    { 0x016F, 33 }, // U+016F
    { 0x0170, 25 }, // U+0170
    { 0x0171, 33 }, // U+0171
    { 0x0172, 25 }, // U+0172
    { 0x0173, 76 }, // U+0173
    { 0x0174, 26 }, // U+0174
    { 0x0175, 49 }, // U+0175
    { 0x0176, 29 }, // U+0176
    { 0x0177, 49 }, // U+0177
    { 0x0178, 29 }, // U+0178
    { 0x0179, 30 }, // U+0179
    { 0x017A, 51 }, // U+017A
    { 0x017B, 30 }, // U+017B
    { 0x017C, 51 }, // U+017C
    { 0x017D, 30 }, // U+017D
    { 0x017E, 51 }, // U+017E
    { 0x01A0, 77 }, // U+01A0
    { 0x01A1, 78 }, // U+01A1
    { 0x01AF, 79 }, // U+01AF
    { 0x01B0, 80 }, // U+01B0
    { 0x01C4, 30 }, // U+01C4
    { 0x01C5, 51 }, // U+01C5
    { 0x01C6, 51 }, // U+01C6
    { 0x01C7, 15 }, // U+01C7
    { 0x01C8, 42 }, // U+01C8
    { 0x01C9, 42 }, // U+01C9
    { 0x01CA, 15 }, // U+01CA
    { 0x01CB, 42 }, // U+01CB
    { 0x01CC, 42 }, // U+01CC
    { 0x01CD, 7 }, // U+01CD
    { 0x01CE, 33 }, // U+01CE
    { 0x01CF, 14 }, // U+01CF
    { 0x01D0, 60 }, // U+01D0
    { 0x01D1, 10 }, // U+01D1
    { 0x01D2, 34 }, // U+01D2
    { 0x01D3, 25 }, // U+01D3
    { 0x01D4, 33 }, // U+01D4
    { 0x01D5, 25 }, // U+01D5
    { 0x01D6, 33 }, // U+01D6
    { 0x01D7, 25 }, // U+01D7
    { 0x01D8, 33 }, // U+01D8
    { 0x01D9, 25 }, // U+01D9
    { 0x01DA, 33 }, // U+01DA
    { 0x01DB, 25 }, // U+01DB
    { 0x01DC, 33 }, // U+01DC
    { 0x01DD, 34 }, // U+01DD
    { 0x01DE, 7 }, // U+01DE
    { 0x01DF, 33 }, // U+01DF
    { 0x01E0, 7 }, // U+01E0
    { 0x01E1, 33 }, // U+01E1
    { 0x01E2, 11 }, // U+01E2
    { 0x01E3, 37 }, // U+01E3
    { 0x01E4, 13 }, // U+01E4
    { 0x01E5, 81 }, // U+01E5
    { 0x01E6, 13 }, // U+01E6
    { 0x01E7, 39 }, // U+01E7
    { 0x01E8, 16 }, // U+01E8
    { 0x01E9, 43 }, // U+01E9
    { 0x01EA, 10 }, // U+01EA
    { 0x01EB, 82 }, // U+01EB
    { 0x01EC, 10 }, // U+01EC
    { 0x01ED, 34 }, // U+01ED
    { 0x01EE, 83 }, // U+01EE
    { 0x01EF, 84 }, // U+01EF
    { 0x01F0, 70 }, // U+01F0
    { 0x01F1, 30 }, // U+01F1
    { 0x01F2, 51 }, // U+01F2
    { 0x01F3, 51 }, // U+01F3
    { 0x01F4, 13 }, // U+01F4
    { 0x01F5, 39 }, // U+01F5
    { 0x01F8, 19 }, // U+01F8
    { 0x01F9, 40 }, // U+01F9
    { 0x01FA, 7 }, // U+01FA
    { 0x01FB, 33 }, // U+01FB
    { 0x01FC, 11 }, // U+01FC
    { 0x01FD, 37 }, // U+01FD
    { 0x01FE, 10 }, // U+01FE
    { 0x01FF, 61 }, // U+01FF
    { 0x0200, 7 }, // U+0200
    { 0x0201, 33 }, // U+0201
    { 0x0202, 7 }, // U+0202
    { 0x0203, 33 }, // U+0203
    { 0x0204, 11 }, // U+0204
    { 0x0205, 37 }, // U+0205
    { 0x0206, 11 }, // U+0206
    { 0x0207, 37 }, // U+0207
    { 0x0208, 14 }, // U+0208
    { 0x0209, 60 }, // U+0209
    { 0x020A, 14 }, // U+020A
    { 0x020B, 60 }, // U+020B
    { 0x020C, 10 }, // U+020C
    { 0x020D, 34 }, // U+020D
    { 0x020E, 10 }, // U+020E
    { 0x020F, 34 }, // U+020F
    { 0x0210, 22 }, // U+0210
    { 0x0211, 46 }, // U+0211
    { 0x0212, 22 }, // U+0212
    { 0x0213, 46 }, // U+0213
    { 0x0214, 25 }, // U+0214
    { 0x0215, 33 }, // U+0215
    { 0x0216, 25 }, // U+0216
    { 0x0217, 33 }, // U+0217
    { 0x0218, 23 }, // U+0218
    { 0x0219, 47 }, // U+0219
    { 0x021A, 24 }, // U+021A
    { 0x021B, 85 }, // U+021B
    { 0x021C, 8 }, // U+021C
    { 0x021D, 86 }, // U+021D
    { 0x021E, 14 }, // U+021E
    { 0x021F, 40 }, // U+021F
    { 0x0400, 87 }, // U+0400
    { 0x0401, 87 }, // U+0401
    { 0x0402, 88 }, // U+0402
    { 0x0404, 89 }, // U+0404
    { 0x0405, 90 }, // U+0405
    { 0x0406, 91 }, // U+0406
    { 0x0407, 91 }, // U+0407
    { 0x0408, 92 }, // U+0408
    { 0x0409, 93 }, // U+0409
    { 0x040A, 93 }, // U+040A
    { 0x040B, 94 }, // U+040B
    { 0x040C, 95 }, // U+040C
    { 0x040D, 91 }, // U+040D
    { 0x040E, 96 }, // U+040E
    { 0x040F, 91 }, // U+040F
    { 0x0410, 97 }, // U+0410
    { 0x0411, 98 }, // U+0411
    { 0x0412, 99 }, // U+0412
    { 0x0413, 100 }, // U+0413
    { 0x0414, 101 }, // U+0414
    { 0x0415, 87 }, // U+0415
    { 0x0416, 95 }, // U+0416
    { 0x0417, 99 }, // U+0417
    { 0x0418, 91 }, // U+0418
    { 0x0419, 91 }, // U+0419
    { 0x041A, 95 }, // U+041A
    { 0x041B, 91 }, // U+041B
    { 0x041C, 102 }, // U+041C
    { 0x041D, 91 }, // U+041D
    { 0x041E, 103 }, // U+041E
    { 0x041F, 91 }, // U+041F
    { 0x0420, 104 }, // U+0420
    { 0x0421, 105 }, // U+0421
    { 0x0422, 106 }, // U+0422
    { 0x0423, 96 }, // U+0423
    { 0x0424, 107 }, // U+0424
    { 0x0425, 108 }, // U+0425
    { 0x0426, 101 }, // U+0426
    { 0x0427, 91 }, // U+0427
    { 0x0428, 91 }, // U+0428
    { 0x0429, 101 }, // U+0429
    { 0x042A, 93 }, // U+042A
    { 0x042B, 91 }, // U+042B
    { 0x042C, 93 }, // U+042C
    { 0x042D, 103 }, // U+042D
    { 0x042E, 103 }, // U+042E
    { 0x042F, 91 }, // U+042F
    { 0x0430, 109 }, // U+0430
    { 0x0431, 110 }, // U+0431
    { 0x0432, 111 }, // U+0432
    { 0x0433, 112 }, // U+0433
    { 0x0434, 113 }, // U+0434
    { 0x0435, 114 }, // U+0435
    { 0x0436, 115 }, // U+0436
    { 0x0437, 111 }, // U+0437
    { 0x0438, 109 }, // U+0438
    { 0x0439, 109 }, // U+0439
    { 0x043A, 116 }, // U+043A
    { 0x043B, 109 }, // U+043B
    { 0x043C, 109 }, // U+043C
    { 0x043D, 109 }, // U+043D
    { 0x043E, 117 }, // U+043E
    { 0x043F, 118 }, // U+043F
    { 0x0440, 117 }, // U+0440
    { 0x0441, 119 }, // U+0441
    { 0x0442, 118 }, // U+0442
    { 0x0443, 120 }, // U+0443
    { 0x0444, 113 }, // U+0444
    { 0x0445, 121 }, // U+0445
    { 0x0446, 122 }, // U+0446
    { 0x0447, 109 }, // U+0447
    { 0x0448, 109 }, // U+0448
    { 0x0449, 122 }, // U+0449
    { 0x044A, 123 }, // U+044A
    { 0x044B, 109 }, // U+044B
    { 0x044C, 124 }, // U+044C
    { 0x044D, 117 }, // U+044D
    { 0x044E, 117 }, // U+044E
    { 0x044F, 109 }, // U+044F
    { 0x0450, 114 }, // U+0450
    { 0x0451, 114 }, // U+0451
    { 0x0452, 125 }, // U+0452
    { 0x0453, 112 }, // U+0453
    { 0x0454, 119 }, // U+0454
    { 0x0455, 126 }, // U+0455
    { 0x0456, 127 }, // U+0456
    { 0x0457, 128 }, // U+0457
    { 0x0458, 129 }, // U+0458
    { 0x0459, 124 }, // U+0459
    { 0x045A, 124 }, // U+045A
    { 0x045B, 118 }, // U+045B
    { 0x045C, 116 }, // U+045C
    { 0x045D, 109 }, // U+045D
    { 0x045E, 120 }, // U+045E
    { 0x045F, 109 }, // U+045F
    { 0x0462, 130 }, // U+0462
    { 0x0463, 124 }, // U+0463
    { 0x0472, 103 }, // U+0472
    { 0x0473, 117 }, // U+0473
    { 0x0474, 131 }, // U+0474
    { 0x0475, 132 }, // U+0475
    { 0x048A, 101 }, // U+048A
    { 0x048B, 122 }, // U+048B
    { 0x048C, 93 }, // U+048C
    { 0x048D, 124 }, // U+048D
    { 0x048E, 104 }, // U+048E
    { 0x048F, 117 }, // U+048F
    { 0x0490, 133 }, // U+0490
    { 0x0491, 134 }, // U+0491
    { 0x0492, 135 }, // U+0492
    { 0x0493, 112 }, // U+0493
    { 0x0496, 136 }, // U+0496
    { 0x0497, 137 }, // U+0497
    { 0x0498, 99 }, // U+0498
    { 0x0499, 111 }, // U+0499
    { 0x049A, 138 }, // U+049A
    { 0x049B, 137 }, // U+049B
    { 0x049C, 95 }, // U+049C
    { 0x049D, 116 }, // U+049D
    { 0x049E, 95 }, // U+049E
    { 0x049F, 116 }, // U+049F
    { 0x04A0, 95 }, // U+04A0
    { 0x04A1, 116 }, // U+04A1
    { 0x04A2, 101 }, // U+04A2
    { 0x04A3, 122 }, // U+04A3
    { 0x04A8, 139 }, // U+04A8
    { 0x04A9, 140 }, // U+04A9
    { 0x04AA, 105 }, // U+04AA
    { 0x04AB, 119 }, // U+04AB
    { 0x04AC, 100 }, // U+04AC
    { 0x04AD, 122 }, // U+04AD
    { 0x04AE, 141 }, // U+04AE
    { 0x04AF, 142 }, // U+04AF
    { 0x04B0, 141 }, // U+04B0
    { 0x04B1, 143 }, // U+04B1
    { 0x04B2, 144 }, // U+04B2
    { 0x04B3, 145 }, // U+04B3
    { 0x04B4, 101 }, // U+04B4
    { 0x04B5, 122 }, // U+04B5
    { 0x04B6, 101 }, // U+04B6
    { 0x04B7, 122 }, // U+04B7
    { 0x04B8, 91 }, // U+04B8
    { 0x04B9, 109 }, // U+04B9
    { 0x04BA, 146 }, // U+04BA
    { 0x04BB, 118 }, // U+04BB
    { 0x04BC, 147 }, // U+04BC
    { 0x04BD, 114 }, // U+04BD
    { 0x04BE, 147 }, // U+04BE
    { 0x04BF, 114 }, // U+04BF
    { 0x04C0, 91 }, // U+04C0
    { 0x04C1, 95 }, // U+04C1
    { 0x04C2, 115 }, // U+04C2
    { 0x04C3, 148 }, // U+04C3
    { 0x04C4, 149 }, // U+04C4
    { 0x04C5, 101 }, // U+04C5
    { 0x04C6, 122 }, // U+04C6
    { 0x04C7, 92 }, // U+04C7
    { 0x04C8, 129 }, // U+04C8
    { 0x04C9, 101 }, // U+04C9
    { 0x04CA, 122 }, // U+04CA
    { 0x04CB, 91 }, // U+04CB
    { 0x04CD, 101 }, // U+04CD
    { 0x04CE, 122 }, // U+04CE
    { 0x04CF, 150 }, // U+04CF
    { 0x04D0, 97 }, // U+04D0
    { 0x04D1, 109 }, // U+04D1
    { 0x04D2, 97 }, // U+04D2
    { 0x04D3, 109 }, // U+04D3
    { 0x04D4, 87 }, // U+04D4
    { 0x04D5, 114 }, // U+04D5
    { 0x04D6, 87 }, // U+04D6
    { 0x04D7, 114 }, // U+04D7
    { 0x04D8, 103 }, // U+04D8
    { 0x04D9, 117 }, // U+04D9
    { 0x04DA, 103 }, // U+04DA
    { 0x04DB, 117 }, // U+04DB
    { 0x04DC, 95 }, // U+04DC
    { 0x04DD, 115 }, // U+04DD
    { 0x04DE, 99 }, // U+04DE
    { 0x04DF, 111 }, // U+04DF
    { 0x04E0, 151 }, // U+04E0
    { 0x04E1, 152 }, // U+04E1
    { 0x04E2, 91 }, // U+04E2
    { 0x04E3, 109 }, // U+04E3
    { 0x04E4, 91 }, // U+04E4
    { 0x04E5, 109 }, // U+04E5
    { 0x04E6, 103 }, // U+04E6
    { 0x04E7, 117 }, // U+04E7
    { 0x04E8, 103 }, // U+04E8
    { 0x04E9, 117 }, // U+04E9
    { 0x04EA, 103 }, // U+04EA
    { 0x04EB, 117 }, // U+04EB
    { 0x04EC, 103 }, // U+04EC
    { 0x04ED, 117 }, // U+04ED
    { 0x04EE, 96 }, // U+04EE
    { 0x04EF, 120 }, // U+04EF
    { 0x04F0, 96 }, // U+04F0
    { 0x04F1, 120 }, // U+04F1
    { 0x04F2, 96 }, // U+04F2
    { 0x04F3, 120 }, // U+04F3
    { 0x04F4, 91 }, // U+04F4
    { 0x04F5, 109 }, // U+04F5
    { 0x04F6, 100 }, // U+04F6
    { 0x04F7, 112 }, // U+04F7
    { 0x04F8, 91 }, // U+04F8
    { 0x04F9, 109 }, // U+04F9
    { 0x04FA, 135 }, // U+04FA
    { 0x04FB, 112 }, // U+04FB
    { 0x04FC, 153 }, // U+04FC
    { 0x04FD, 154 }, // U+04FD
    { 0x04FE, 108 }, // U+04FE
    { 0x04FF, 121 }, // U+04FF
    { 0x1EA0, 7 }, // U+1EA0
    { 0x1EA1, 33 }, // U+1EA1
    { 0x1EA2, 7 }, // U+1EA2
    { 0x1EA3, 33 }, // U+1EA3
    { 0x1EA4, 7 }, // U+1EA4
    { 0x1EA5, 33 }, // U+1EA5
    { 0x1EA6, 7 }, // U+1EA6
    { 0x1EA7, 33 }, // U+1EA7
    { 0x1EA8, 7 }, // U+1EA8
    { 0x1EA9, 33 }, // U+1EA9
    { 0x1EAA, 7 }, // U+1EAA
    { 0x1EAB, 33 }, // U+1EAB
    { 0x1EAC, 7 }, // U+1EAC
    { 0x1EAD, 33 }, // U+1EAD
    { 0x1EAE, 7 }, // U+1EAE
    { 0x1EAF, 33 }, // U+1EAF
    { 0x1EB0, 7 }, // U+1EB0
    { 0x1EB1, 33 }, // U+1EB1
    { 0x1EB2, 7 }, // U+1EB2
    { 0x1EB3, 33 }, // U+1EB3
    { 0x1EB4, 7 }, // U+1EB4
    { 0x1EB5, 33 }, // U+1EB5
    { 0x1EB6, 7 }, // U+1EB6
    { 0x1EB7, 33 }, // U+1EB7
    { 0x1EB8, 11 }, // U+1EB8
    { 0x1EB9, 37 }, // U+1EB9
    { 0x1EBA, 11 }, // U+1EBA
    { 0x1EBB, 37 }, // U+1EBB
    { 0x1EBC, 11 }, // U+1EBC
    { 0x1EBD, 37 }, // U+1EBD
    { 0x1EBE, 11 }, // U+1EBE
    { 0x1EBF, 37 }, // U+1EBF
    { 0x1EC0, 11 }, // U+1EC0
    { 0x1EC1, 37 }, // U+1EC1
    { 0x1EC2, 11 }, // U+1EC2
    { 0x1EC3, 37 }, // U+1EC3
    { 0x1EC4, 11 }, // U+1EC4
    { 0x1EC5, 37 }, // U+1EC5
    { 0x1EC6, 11 }, // U+1EC6
    { 0x1EC7, 37 }, // U+1EC7
    { 0x1EC8, 14 }, // U+1EC8
    { 0x1EC9, 60 }, // U+1EC9
    { 0x1ECA, 14 }, // U+1ECA
    { 0x1ECB, 41 }, // U+1ECB
    { 0x1ECC, 10 }, // U+1ECC
    { 0x1ECD, 34 }, // U+1ECD
    { 0x1ECE, 10 }, // U+1ECE
    { 0x1ECF, 34 }, // U+1ECF
    { 0x1ED0, 10 }, // U+1ED0
    { 0x1ED1, 34 }, // U+1ED1
    { 0x1ED2, 10 }, // U+1ED2
    { 0x1ED3, 34 }, // U+1ED3
    { 0x1ED4, 10 }, // U+1ED4
    { 0x1ED5, 34 }, // U+1ED5
    { 0x1ED6, 10 }, // U+1ED6
    { 0x1ED7, 34 }, // U+1ED7
    { 0x1ED8, 10 }, // U+1ED8
    { 0x1ED9, 34 }, // U+1ED9
    { 0x1EDA, 77 }, // U+1EDA
    { 0x1EDB, 78 }, // U+1EDB
    { 0x1EDC, 77 }, // U+1EDC
    { 0x1EDD, 78 }, // U+1EDD
    { 0x1EDE, 77 }, // U+1EDE
    { 0x1EDF, 78 }, // U+1EDF
    { 0x1EE0, 77 }, // U+1EE0
    { 0x1EE1, 78 }, // U+1EE1
    { 0x1EE2, 77 }, // U+1EE2
    { 0x1EE3, 78 }, // U+1EE3
    { 0x1EE4, 25 }, // U+1EE4
    { 0x1EE5, 33 }, // U+1EE5
    { 0x1EE6, 25 }, // U+1EE6
    { 0x1EE7, 33 }, // U+1EE7
    { 0x1EE8, 79 }, // U+1EE8
    { 0x1EE9, 80 }, // U+1EE9
    { 0x1EEA, 79 }, // U+1EEA
    { 0x1EEB, 80 }, // U+1EEB
    { 0x1EEC, 79 }, // U+1EEC
    { 0x1EED, 80 }, // U+1EED
    { 0x1EEE, 79 }, // U+1EEE
    { 0x1EEF, 80 }, // U+1EEF
    { 0x1EF0, 79 }, // U+1EF0
    { 0x1EF1, 80 }, // U+1EF1
    { 0x1EF2, 29 }, // U+1EF2
    { 0x1EF3, 49 }, // U+1EF3
    { 0x1EF4, 29 }, // U+1EF4
    { 0x1EF5, 49 }, // U+1EF5
    { 0x1EF6, 29 }, // U+1EF6
    { 0x1EF7, 49 }, // U+1EF7
    { 0x1EF8, 29 }, // U+1EF8
    { 0x1EF9, 49 }, // U+1EF9
    { 0x2010, 4 }, // U+2010
    { 0x2011, 4 }, // U+2011
    { 0x2013, 4 }, // U+2013
    { 0x2014, 4 }, // U+2014
    { 0x2015, 4 }, // U+2015
    { 0x2018, 155 }, // U+2018
    { 0x2019, 156 }, // U+2019
    { 0x201A, 157 }, // U+201A
    { 0x201B, 155 }, // U+201B
    { 0x201C, 155 }, // U+201C
    { 0x201D, 156 }, // U+201D
    { 0x201E, 3 }, // U+201E
    { 0x2025, 3 }, // U+2025
    { 0x2026, 3 }, // U+2026
    { 0x203A, 54 }, // U+203A
    { 0xFB00, 38 }, // U+FB00
    { 0xFB01, 41 }, // U+FB01
    { 0xFB02, 44 }, // U+FB02
    { 0xFB03, 41 }, // U+FB03
    { 0xFB04, 44 }, // U+FB04
    { 0xFB05, 48 }, // U+FB05
    { 0xFB06, 48 }, // U+FB06
};

static const EpdKernClassEntry bookerly_12_bolditalicKernRightClasses[] = {
    { 0x0021, 1 }, // !
    { 0x0022, 2 }, // "
    { 0x0027, 2 }, // '
    { 0x0029, 3 }, // )
    { 0x002A, 4 }, // *
    { 0x002C, 5 }, // ,
    { 0x002D, 6 }, // -
    { 0x002E, 7 }, // .
    { 0x002F, 8 }, // /
    { 0x003A, 9 }, // :
    { 0x003B, 10 }, // ;
    { 0x003F, 11 }, // ?
    { 0x0041, 12 }, // A
    { 0x0042, 13 }, // B
    { 0x0043, 14 }, // C
    { 0x0044, 13 }, // D
    { 0x0045, 15 }, // E
    { 0x0046, 15 }, // F
    { 0x0047, 14 }, // G
    { 0x0048, 15 }, // H
    { 0x0049, 15 }, // I
    { 0x004A, 16 }, // J
    { 0x004B, 15 }, // K
    { 0x004C, 15 }, // L
    { 0x004D, 17 }, // M
    { 0x004E, 15 }, // N
    { 0x004F, 14 }, // O
    { 0x0050, 13 }, // P
    { 0x0051, 14 }, // Q
    { 0x0052, 13 }, // R
    { 0x0053, 18 }, // S
    { 0x0054, 19 }, // T
    { 0x0055, 20 }, // U
    { 0x0056, 21 }, // V
    { 0x0057, 21 }, // W
    { 0x0058, 22 }, // X
    { 0x0059, 23 }, // Y
    { 0x005A, 24 }, // Z
    { 0x005C, 25 }, // <backslash>
    { 0x005D, 26 }, // ]
    { 0x0061, 27 }, // a
    { 0x0062, 28 }, // b
    { 0x0063, 27 }, // c
    { 0x0064, 27 }, // d
    { 0x0065, 27 }, // e
    { 0x0066, 29 }, // f
    { 0x0067, 30 }, // g
    { 0x0068, 31 }, // h
    { 0x0069, 32 }, // i
    { 0x006A, 33 }, // j
    { 0x006B, 31 }, // k
    { 0x006C, 31 }, // l
    { 0x006D, 34 }, // m
    { 0x006E, 34 }, // n
    { 0x006F, 27 }, // o
    { 0x0070, 34 }, // p
    { 0x0071, 27 }, // q
    { 0x0072, 34 }, // r
    { 0x0073, 35 }, // s
    { 0x0074, 36 }, // t
    { 0x0075, 37 }, // u
    { 0x0076, 38 }, // v
    { 0x0077, 38 }, // w
    { 0x0078, 39 }, // x
    { 0x0079, 40 }, // y
    { 0x007A, 41 }, // z
    { 0x007D, 42 }, // }
    { 0x00A1, 43 }, // U+00A1
    { 0x00AB, 44 }, // U+00AB
    { 0x00AD, 6 }, // U+00AD
    { 0x00BB, 45 }, // U+00BB
    { 0x00BF, 46 }, // U+00BF
    { 0x00C0, 12 }, // U+00C0
    { 0x00C1, 12 }, // U+00C1
    { 0x00C2, 12 }, // U+00C2
    { 0x00C3, 12 }, // U+00C3
    { 0x00C4, 12 }, // U+00C4
    { 0x00C5, 12 }, // U+00C5
    { 0x00C6, 47 }, // U+00C6
    { 0x00C7, 14 }, // U+00C7
    { 0x00C8, 15 }, // U+00C8
    { 0x00C9, 15 }, // U+00C9
    { 0x00CA, 15 }, // U+00CA
    { 0x00CB, 15 }, // U+00CB
    { 0x00CC, 15 }, // U+00CC
    { 0x00CD, 15 }, // U+00CD
    { 0x00CE, 15 }, // U+00CE
    { 0x00CF, 15 }, // U+00CF
    { 0x00D0, 13 }, // U+00D0
    { 0x00D1, 15 }, // U+00D1
    { 0x00D2, 14 }, // U+00D2
    { 0x00D3, 14 }, // U+00D3
    { 0x00D4, 14 }, // U+00D4
    { 0x00D5, 14 }, // U+00D5
    { 0x00D6, 14 }, // U+00D6
    { 0x00D8, 14 }, // U+00D8
    { 0x00D9, 20 }, // U+00D9
    { 0x00DA, 20 }, // U+00DA
    { 0x00DB, 20 }, // U+00DB
    { 0x00DC, 20 }, // U+00DC
    { 0x00DD, 23 }, // U+00DD
    { 0x00DE, 15 }, // U+00DE
    { 0x00DF, 48 }, // U+00DF
    { 0x00E0, 27 }, // U+00E0
    { 0x00E1, 27 }, // U+00E1
    { 0x00E2, 27 }, // U+00E2
    { 0x00E3, 27 }, // U+00E3
    { 0x00E4, 49 }, // U+00E4
    { 0x00E5, 27 }, // U+00E5
    { 0x00E6, 27 }, // U+00E6
    { 0x00E7, 27 }, // U+00E7
    { 0x00E8, 27 }, // U+00E8
    { 0x00E9, 27 }, // U+00E9
    { 0x00EA, 27 }, // U+00EA
    { 0x00EB, 27 }, // U+00EB
    { 0x00EC, 50 }, // U+00EC
    { 0x00ED, 32 }, // U+00ED
    { 0x00EE, 51 }, // U+00EE
    { 0x00EF, 51 }, // U+00EF
    { 0x00F0, 27 }, // U+00F0
    { 0x00F1, 34 }, // U+00F1
    { 0x00F2, 27 }, // U+00F2
    { 0x00F3, 27 }, // U+00F3
    { 0x00F4, 27 }, // U+00F4
    { 0x00F5, 27 }, // U+00F5
    { 0x00F6, 27 }, // U+00F6
    { 0x00F8, 52 }, // U+00F8
    { 0x00F9, 37 }, // U+00F9
    { 0x00FA, 37 }, // U+00FA
    { 0x00FB, 37 }, // U+00FB
    { 0x00FC, 37 }, // U+00FC
    { 0x00FD, 38 }, // U+00FD
    { 0x00FE, 53 }, // U+00FE
    { 0x00FF, 38 }, // U+00FF
    { 0x0100, 12 }, // U+0100
    { 0x0101, 27 }, // U+0101
    { 0x0102, 12 }, // U+0102
    { 0x0103, 27 }, // U+0103
    { 0x0104, 12 }, // U+0104
    { 0x0105, 27 }, // U+0105
    { 0x0106, 14 }, // U+0106
    { 0x0107, 27 }, // U+0107
    { 0x0108, 14 }, // U+0108
    { 0x0109, 27 }, // U+0109
    { 0x010A, 14 }, // U+010A
    { 0x010B, 27 }, // U+010B
    { 0x010C, 14 }, // U+010C
    { 0x010D, 54 }, // U+010D
    { 0x010E, 13 }, // U+010E
    { 0x010F, 27 }, // U+010F
    { 0x0110, 13 }, // U+0110
    { 0x0111, 27 }, // U+0111
    { 0x0112, 15 }, // U+0112
    { 0x0113, 27 }, // U+0113
    { 0x0114, 15 }, // U+0114
    { 0x0115, 27 }, // U+0115
    { 0x0116, 15 }, // U+0116
    { 0x0117, 27 }, // U+0117
    { 0x0118, 15 }, // U+0118
    { 0x0119, 27 }, // U+0119
    { 0x011A, 15 }, // U+011A
    { 0x011B, 27 }, // U+011B
    { 0x011C, 14 }, // U+011C
    { 0x011D, 30 }, // U+011D
    { 0x011E, 14 }, // U+011E
    { 0x011F, 30 }, // U+011F
    { 0x0120, 14 }, // U+0120
    { 0x0121, 30 }, // U+0121
    { 0x0122, 14 }, // U+0122
    { 0x0123, 30 }, // U+0123
    { 0x0124, 15 }, // U+0124
    { 0x0125, 31 }, // U+0125
    { 0x0126, 15 }, // U+0126
    { 0x0127, 55 }, // U+0127
    { 0x0128, 15 }, // U+0128
    { 0x0129, 51 }, // U+0129
    { 0x012A, 15 }, // U+012A
    { 0x012B, 51 }, // U+012B
    { 0x012C, 15 }, // U+012C
    { 0x012D, 51 }, // U+012D
    { 0x012E, 15 }, // U+012E
    { 0x012F, 32 }, // U+012F
    { 0x0130, 15 }, // U+0130
    { 0x0131, 34 }, // U+0131
    { 0x0132, 15 }, // U+0132
    { 0x0133, 32 }, // U+0133
    { 0x0134, 16 }, // U+0134
    { 0x0135, 56 }, // U+0135
    { 0x0136, 15 }, // U+0136
    { 0x0137, 31 }, // U+0137
    { 0x0138, 34 }, // U+0138
    { 0x0139, 15 }, // U+0139
    { 0x013A, 31 }, // U+013A
    { 0x013B, 15 }, // U+013B
    { 0x013C, 31 }, // U+013C
    { 0x013D, 15 }, // U+013D
    { 0x013E, 31 }, // U+013E
    { 0x013F, 15 }, // U+013F
    { 0x0140, 31 }, // U+0140
    { 0x0141, 15 }, // U+0141
    { 0x0142, 57 }, // U+0142
    { 0x0143, 15 }, // U+0143
    { 0x0144, 34 }, // U+0144
    { 0x0145, 15 }, // U+0145
    { 0x0146, 34 }, // U+0146
    { 0x0147, 15 }, // U+0147
    { 0x0148, 34 }, // U+0148
    { 0x0149, 34 }, // U+0149
    { 0x014A, 15 }, // U+014A
    { 0x014B, 34 }, // U+014B
    { 0x014C, 14 }, // U+014C
    { 0x014D, 27 }, // U+014D
    { 0x014E, 14 }, // U+014E
    { 0x014F, 27 }, // U+014F
    { 0x0150, 14 }, // U+0150
    { 0x0151, 27 }, // U+0151
    { 0x0152, 14 }, // U+0152
    { 0x0153, 27 }, // U+0153
    { 0x0154, 13 }, // U+0154
    { 0x0155, 34 }, // U+0155
    { 0x0156, 13 }, // U+0156
    { 0x0157, 34 }, // U+0157
    { 0x0158, 13 }, // U+0158
    { 0x0159, 34 }, // U+0159
    { 0x015A, 18 }, // U+015A
    { 0x015B, 35 }, // U+015B
    { 0x015C, 18 }, // U+015C
    { 0x015D, 35 }, // U+015D
    { 0x015E, 18 }, // U+015E
    { 0x015F, 35 }, // U+015F
    { 0x0160, 18 }, // U+0160
    { 0x0161, 58 }, // U+0161
    { 0x0162, 19 }, // U+0162
    { 0x0163, 36 }, // U+0163
    { 0x0164, 19 }, // U+0164
    { 0x0165, 36 }, // U+0165
    { 0x0166, 19 }, // U+0166
    { 0x0167, 36 }, // U+0167
    { 0x0168, 20 }, // U+0168
    { 0x0169, 37 }, // U+0169
    { 0x016A, 20 }, // U+016A
    { 0x016B, 37 }, // U+016B
    { 0x016C, 20 }, // U+016C
    { 0x016D, 37 }, // U+016D
    { 0x016E, 20 }, // U+016E
    { 0x016F, 37 }, // U+016F
    { 0x0170, 20 }, // U+0170
    { 0x0171, 37 }, // U+0171
    { 0x0172, 20 }, // U+0172
    { 0x0173, 37 }, // U+0173
    { 0x0174, 21 }, // U+0174
    { 0x0175, 38 }, // U+0175
    { 0x0176, 23 }, // U+0176
    { 0x0177, 38 }, // U+0177
    { 0x0178, 23 }, // U+0178
    { 0x0179, 24 }, // U+0179
    { 0x017A, 41 }, // U+017A
    { 0x017B, 24 }, // U+017B
    { 0x017C, 41 }, // U+017C
    { 0x017D, 24 }, // U+017D
    { 0x017E, 59 }, // U+017E
    { 0x017F, 48 }, // U+017F
    { 0x01A0, 14 }, // U+01A0
    { 0x01A1, 27 }, // U+01A1
    { 0x01AF, 20 }, // U+01AF
    { 0x01B0, 37 }, // U+01B0
    { 0x01C4, 13 }, // U+01C4
    { 0x01C5, 13 }, // U+01C5
    { 0x01C6, 27 }, // U+01C6
    { 0x01C7, 15 }, // U+01C7
    { 0x01C8, 15 }, // U+01C8
    { 0x01C9, 31 }, // U+01C9
    { 0x01CA, 15 }, // U+01CA
    { 0x01CB, 15 }, // U+01CB
    { 0x01CC, 34 }, // U+01CC
    { 0x01CD, 12 }, // U+01CD
    { 0x01CE, 27 }, // U+01CE
    { 0x01CF, 15 }, // U+01CF
    { 0x01D0, 51 }, // U+01D0
    { 0x01D1, 14 }, // U+01D1
    { 0x01D2, 27 }, // U+01D2
    { 0x01D3, 20 }, // U+01D3
    { 0x01D4, 37 }, // U+01D4
    { 0x01D5, 20 }, // U+01D5
    { 0x01D6, 37 }, // U+01D6
    { 0x01D7, 20 }, // U+01D7
    { 0x01D8, 37 }, // U+01D8
    { 0x01D9, 20 }, // U+01D9
    { 0x01DA, 37 }, // U+01DA
    { 0x01DB, 20 }, // U+01DB
    { 0x01DC, 37 }, // U+01DC
    { 0x01DD, 60 }, // U+01DD
    { 0x01DE, 12 }, // U+01DE
    { 0x01DF, 27 }, // U+01DF
    { 0x01E0, 12 }, // U+01E0
    { 0x01E1, 27 }, // U+01E1
    { 0x01E2, 47 }, // U+01E2
    { 0x01E3, 27 }, // U+01E3
    { 0x01E4, 14 }, // U+01E4
    { 0x01E5, 61 }, // U+01E5
    { 0x01E6, 14 }, // U+01E6
    { 0x01E7, 30 }, // U+01E7
    { 0x01E8, 15 }, // U+01E8
    { 0x01E9, 31 }, // U+01E9
    { 0x01EA, 14 }, // U+01EA
    { 0x01EB, 27 }, // U+01EB
    { 0x01EC, 14 }, // U+01EC
    { 0x01ED, 27 }, // U+01ED
    { 0x01EE, 62 }, // U+01EE
    { 0x01EF, 63 }, // U+01EF
    { 0x01F0, 56 }, // U+01F0
    { 0x01F1, 13 }, // U+01F1
    { 0x01F2, 13 }, // U+01F2
    { 0x01F3, 27 }, // U+01F3
    { 0x01F4, 14 }, // U+01F4
    { 0x01F5, 30 }, // U+01F5
    { 0x01F8, 15 }, // U+01F8
    { 0x01F9, 34 }, // U+01F9
    { 0x01FA, 12 }, // U+01FA
    { 0x01FB, 27 }, // U+01FB
    { 0x01FC, 47 }, // U+01FC
    { 0x01FD, 27 }, // U+01FD
    { 0x01FE, 14 }, // U+01FE
    { 0x01FF, 52 }, // U+01FF
    { 0x0200, 12 }, // U+0200
    { 0x0201, 27 }, // U+0201
    { 0x0202, 12 }, // U+0202
    { 0x0203, 27 }, // U+0203
    { 0x0204, 15 }, // U+0204
    { 0x0205, 27 }, // U+0205
    { 0x0206, 15 }, // U+0206
    { 0x0207, 27 }, // U+0207
    { 0x0208, 15 }, // U+0208
    { 0x0209, 51 }, // U+0209
    { 0x020A, 15 }, // U+020A
    { 0x020B, 51 }, // U+020B
    { 0x020C, 14 }, // U+020C
    { 0x020D, 27 }, // U+020D
    { 0x020E, 14 }, // U+020E
    { 0x020F, 27 }, // U+020F
    { 0x0210, 13 }, // U+0210
    { 0x0211, 34 }, // U+0211
    { 0x0212, 13 }, // U+0212
    { 0x0213, 34 }, // U+0213
    { 0x0214, 20 }, // U+0214
    { 0x0215, 37 }, // U+0215
    { 0x0216, 20 }, // U+0216
    { 0x0217, 37 }, // U+0217
    { 0x0218, 18 }, // U+0218
    { 0x0219, 35 }, // U+0219
    { 0x021A, 19 }, // U+021A
    { 0x021B, 36 }, // U+021B
    { 0x021C, 64 }, // U+021C
    { 0x021D, 65 }, // U+021D
    { 0x021E, 15 }, // U+021E
    { 0x021F, 31 }, // U+021F
    { 0x0400, 66 }, // U+0400
    { 0x0401, 66 }, // U+0401
    { 0x0402, 67 }, // U+0402
    { 0x0403, 66 }, // U+0403
    { 0x0404, 68 }, // U+0404
    { 0x0405, 69 }, // U+0405
    { 0x0406, 66 }, // U+0406
    { 0x0407, 66 }, // U+0407
    { 0x0408, 70 }, // U+0408
    { 0x0409, 71 }, // U+0409
    { 0x040A, 66 }, // U+040A
    { 0x040B, 67 }, // U+040B
    { 0x040C, 66 }, // U+040C
    { 0x040D, 66 }, // U+040D
    { 0x040E, 72 }, // U+040E
    { 0x040F, 66 }, // U+040F
    { 0x0410, 73 }, // U+0410
    { 0x0411, 66 }, // U+0411
    { 0x0412, 74 }, // U+0412
    { 0x0413, 66 }, // U+0413
    { 0x0414, 75 }, // U+0414
    { 0x0415, 66 }, // U+0415
    { 0x0416, 76 }, // U+0416
    { 0x0417, 77 }, // U+0417
    { 0x0418, 66 }, // U+0418
    { 0x0419, 66 }, // U+0419
    { 0x041A, 66 }, // U+041A
    { 0x041B, 78 }, // U+041B
    { 0x041C, 79 }, // U+041C
    { 0x041D, 66 }, // U+041D
    { 0x041E, 68 }, // U+041E
    { 0x041F, 66 }, // U+041F
    { 0x0420, 74 }, // U+0420
    { 0x0421, 68 }, // U+0421
    { 0x0422, 67 }, // U+0422
    { 0x0423, 72 }, // U+0423
    { 0x0424, 80 }, // U+0424
    { 0x0425, 81 }, // U+0425
    { 0x0426, 66 }, // U+0426
    { 0x0427, 82 }, // U+0427
    { 0x0428, 66 }, // U+0428
    { 0x0429, 66 }, // U+0429
    { 0x042A, 67 }, // U+042A
    { 0x042B, 66 }, // U+042B
    { 0x042C, 66 }, // U+042C
    { 0x042D, 83 }, // U+042D
    { 0x042E, 66 }, // U+042E
    { 0x042F, 84 }, // U+042F
    { 0x0430, 85 }, // U+0430
    { 0x0431, 86 }, // U+0431
    { 0x0432, 85 }, // U+0432
    { 0x0433, 87 }, // U+0433
    { 0x0434, 88 }, // U+0434
    { 0x0435, 85 }, // U+0435
    { 0x0436, 89 }, // U+0436
    { 0x0437, 90 }, // U+0437
    { 0x0438, 91 }, // U+0438
    { 0x0439, 91 }, // U+0439
    { 0x043A, 92 }, // U+043A
    { 0x043B, 93 }, // U+043B
    { 0x043C, 94 }, // U+043C
    { 0x043D, 92 }, // U+043D
    { 0x043E, 85 }, // U+043E
    { 0x043F, 92 }, // U+043F
    { 0x0440, 95 }, // U+0440
    { 0x0441, 85 }, // U+0441
    { 0x0442, 92 }, // U+0442
    { 0x0443, 96 }, // U+0443
    { 0x0444, 85 }, // U+0444
    { 0x0445, 97 }, // U+0445
    { 0x0446, 91 }, // U+0446
    { 0x0447, 98 }, // U+0447
    { 0x0448, 91 }, // U+0448
    { 0x0449, 91 }, // U+0449
    { 0x044A, 99 }, // U+044A
    { 0x044B, 91 }, // U+044B
    { 0x044C, 91 }, // U+044C
    { 0x044D, 90 }, // U+044D
    { 0x044E, 92 }, // U+044E
    { 0x044F, 100 }, // U+044F
    { 0x0450, 85 }, // U+0450
    { 0x0451, 85 }, // U+0451
    { 0x0452, 101 }, // U+0452
    { 0x0453, 87 }, // U+0453
    { 0x0454, 85 }, // U+0454
    { 0x0455, 102 }, // U+0455
    { 0x0456, 103 }, // U+0456
    { 0x0457, 104 }, // U+0457
    { 0x0458, 105 }, // U+0458
    { 0x0459, 93 }, // U+0459
    { 0x045A, 92 }, // U+045A
    { 0x045B, 106 }, // U+045B
    { 0x045C, 92 }, // U+045C
    { 0x045D, 91 }, // U+045D
    { 0x045E, 96 }, // U+045E
    { 0x045F, 91 }, // U+045F
    { 0x0462, 67 }, // U+0462
    { 0x0463, 92 }, // U+0463
    { 0x0472, 68 }, // U+0472
    { 0x0473, 85 }, // U+0473
    { 0x0474, 107 }, // U+0474
    { 0x0475, 108 }, // U+0475
    { 0x048A, 66 }, // U+048A
    { 0x048B, 92 }, // U+048B
    { 0x048C, 109 }, // U+048C
    { 0x048D, 110 }, // U+048D
    { 0x048E, 74 }, // U+048E
    { 0x048F, 92 }, // U+048F
    { 0x0490, 66 }, // U+0490
    { 0x0491, 111 }, // U+0491
    { 0x0492, 66 }, // U+0492
    { 0x0493, 87 }, // U+0493
    { 0x0494, 66 }, // U+0494
    { 0x0495, 92 }, // U+0495
    { 0x0496, 76 }, // U+0496
    { 0x0497, 89 }, // U+0497
    { 0x0498, 77 }, // U+0498
    { 0x0499, 90 }, // U+0499
    { 0x049A, 66 }, // U+049A
    { 0x049B, 92 }, // U+049B
    { 0x049C, 66 }, // U+049C
    { 0x049D, 92 }, // U+049D
    { 0x04A0, 67 }, // U+04A0
    { 0x04A2, 66 }, // U+04A2
    { 0x04A3, 92 }, // U+04A3
    { 0x04A4, 66 }, // U+04A4
    { 0x04A5, 92 }, // U+04A5
    { 0x04A6, 66 }, // U+04A6
    { 0x04A7, 92 }, // U+04A7
    { 0x04A8, 68 }, // U+04A8
    { 0x04A9, 85 }, // U+04A9
    { 0x04AA, 68 }, // U+04AA
    { 0x04AB, 85 }, // U+04AB
    { 0x04AC, 67 }, // U+04AC
    { 0x04AD, 92 }, // U+04AD
    { 0x04AE, 112 }, // U+04AE
    { 0x04AF, 96 }, // U+04AF
    { 0x04B0, 112 }, // U+04B0
    { 0x04B1, 96 }, // U+04B1
    { 0x04B2, 81 }, // U+04B2
    { 0x04B3, 97 }, // U+04B3
    { 0x04B6, 82 }, // U+04B6
    { 0x04B7, 98 }, // U+04B7
    { 0x04B8, 82 }, // U+04B8
    { 0x04B9, 98 }, // U+04B9
    { 0x04BA, 66 }, // U+04BA
    { 0x04BB, 106 }, // U+04BB
    { 0x04BC, 113 }, // U+04BC
    { 0x04BD, 114 }, // U+04BD
    { 0x04BE, 113 }, // U+04BE
    { 0x04BF, 114 }, // U+04BF
    { 0x04C0, 66 }, // U+04C0
    { 0x04C1, 76 }, // U+04C1
    { 0x04C2, 89 }, // U+04C2
    { 0x04C3, 66 }, // U+04C3
    { 0x04C4, 92 }, // U+04C4
    { 0x04C5, 78 }, // U+04C5
    { 0x04C6, 93 }, // U+04C6
    { 0x04C7, 66 }, // U+04C7
    { 0x04C8, 92 }, // U+04C8
    { 0x04C9, 66 }, // U+04C9
    { 0x04CA, 92 }, // U+04CA
    { 0x04CB, 82 }, // U+04CB
    { 0x04CC, 98 }, // U+04CC
    { 0x04CE, 94 }, // U+04CE
    { 0x04CF, 115 }, // U+04CF
    { 0x04D0, 73 }, // U+04D0
    { 0x04D1, 85 }, // U+04D1
    { 0x04D2, 73 }, // U+04D2
    { 0x04D3, 85 }, // U+04D3
    { 0x04D4, 116 }, // U+04D4
    { 0x04D5, 85 }, // U+04D5
    { 0x04D6, 66 }, // U+04D6
    { 0x04D7, 85 }, // U+04D7
    { 0x04D8, 117 }, // U+04D8
    { 0x04D9, 118 }, // U+04D9
    { 0x04DB, 118 }, // U+04DB
    { 0x04DC, 76 }, // U+04DC
    { 0x04DD, 89 }, // U+04DD
    { 0x04DE, 77 }, // U+04DE
    { 0x04DF, 90 }, // U+04DF
    { 0x04E0, 119 }, // U+04E0
    { 0x04E1, 120 }, // U+04E1
    { 0x04E2, 66 }, // U+04E2
    { 0x04E3, 91 }, // U+04E3
    { 0x04E4, 66 }, // U+04E4
    { 0x04E5, 91 }, // U+04E5
    { 0x04E6, 68 }, // U+04E6
    { 0x04E7, 85 }, // U+04E7
    { 0x04E8, 68 }, // U+04E8
    { 0x04E9, 85 }, // U+04E9
    { 0x04EA, 68 }, // U+04EA
    { 0x04EB, 85 }, // U+04EB
    { 0x04ED, 90 }, // U+04ED
    { 0x04EE, 72 }, // U+04EE
    { 0x04EF, 96 }, // U+04EF
    { 0x04F0, 72 }, // U+04F0
    { 0x04F1, 96 }, // U+04F1
    { 0x04F2, 72 }, // U+04F2
    { 0x04F3, 96 }, // U+04F3
    { 0x04F5, 98 }, // U+04F5
    { 0x04F6, 66 }, // U+04F6
    { 0x04F7, 87 }, // U+04F7
    { 0x04F8, 66 }, // U+04F8
    { 0x04F9, 91 }, // U+04F9
    { 0x04FA, 66 }, // U+04FA
    { 0x04FB, 87 }, // U+04FB
    { 0x04FC, 81 }, // U+04FC
    { 0x04FD, 97 }, // U+04FD
    { 0x04FE, 81 }, // U+04FE
    { 0x04FF, 97 }, // U+04FF
    { 0x1EA0, 12 }, // U+1EA0
    { 0x1EA1, 27 }, // U+1EA1
    { 0x1EA2, 12 }, // U+1EA2
    { 0x1EA3, 27 }, // U+1EA3
    { 0x1EA4, 12 }, // U+1EA4
    { 0x1EA5, 27 }, // U+1EA5
    { 0x1EA6, 12 }, // U+1EA6
    { 0x1EA7, 27 }, // U+1EA7
    { 0x1EA8, 12 }, // U+1EA8
    { 0x1EA9, 27 }, // U+1EA9
    { 0x1EAA, 12 }, // U+1EAA
    { 0x1EAB, 27 }, // U+1EAB
    { 0x1EAC, 12 }, // U+1EAC
    { 0x1EAD, 27 }, // U+1EAD
    { 0x1EAE, 12 }, // U+1EAE
    { 0x1EAF, 27 }, // U+1EAF
    { 0x1EB0, 12 }, // U+1EB0
    { 0x1EB1, 27 }, // U+1EB1
    { 0x1EB2, 12 }, // U+1EB2
    { 0x1EB3, 27 }, // U+1EB3
    { 0x1EB4, 12 }, // U+1EB4
    { 0x1EB5, 27 }, // U+1EB5
    { 0x1EB6, 12 }, // U+1EB6
    { 0x1EB7, 27 }, // U+1EB7
    { 0x1EB8, 15 }, // U+1EB8
    { 0x1EB9, 27 }, // U+1EB9
    { 0x1EBA, 15 }, // U+1EBA
    { 0x1EBB, 27 }, // U+1EBB
    { 0x1EBC, 15 }, // U+1EBC
    { 0x1EBD, 27 }, // U+1EBD
    { 0x1EBE, 15 }, // U+1EBE
    { 0x1EBF, 27 }, // U+1EBF
    { 0x1EC0, 15 }, // U+1EC0
    { 0x1EC1, 27 }, // U+1EC1
    { 0x1EC2, 15 }, // U+1EC2
    { 0x1EC3, 27 }, // U+1EC3
    { 0x1EC4, 15 }, // U+1EC4
    { 0x1EC5, 27 }, // U+1EC5
    { 0x1EC6, 15 }, // U+1EC6
    { 0x1EC7, 27 }, // U+1EC7
    { 0x1EC8, 15 }, // U+1EC8
    { 0x1EC9, 51 }, // U+1EC9
    { 0x1ECA, 15 }, // U+1ECA
    { 0x1ECB, 32 }, // U+1ECB
    { 0x1ECC, 14 }, // U+1ECC
    { 0x1ECD, 27 }, // U+1ECD
    { 0x1ECE, 14 }, // U+1ECE
    { 0x1ECF, 27 }, // U+1ECF
    { 0x1ED0, 14 }, // U+1ED0
    { 0x1ED1, 27 }, // U+1ED1
    { 0x1ED2, 14 }, // U+1ED2
    { 0x1ED3, 27 }, // U+1ED3
    { 0x1ED4, 14 }, // U+1ED4
    { 0x1ED5, 27 }, // U+1ED5
    { 0x1ED6, 14 }, // U+1ED6
    { 0x1ED7, 27 }, // U+1ED7
    { 0x1ED8, 14 }, // U+1ED8
    { 0x1ED9, 27 }, // U+1ED9
    { 0x1EDA, 14 }, // U+1EDA
    { 0x1EDB, 27 }, // U+1EDB
    { 0x1EDC, 14 }, // U+1EDC
    { 0x1EDD, 27 }, // U+1EDD
    { 0x1EDE, 14 }, // U+1EDE
    { 0x1EDF, 27 }, // U+1EDF
    { 0x1EE0, 14 }, // U+1EE0
    { 0x1EE1, 27 }, // U+1EE1
    { 0x1EE2, 14 }, // U+1EE2
    { 0x1EE3, 27 }, // U+1EE3
    { 0x1EE4, 20 }, // U+1EE4
    { 0x1EE5, 37 }, // U+1EE5
    { 0x1EE6, 20 }, // U+1EE6
    { 0x1EE7, 37 }, // U+1EE7
    { 0x1EE8, 20 }, // U+1EE8
    { 0x1EE9, 37 }, // U+1EE9
    { 0x1EEA, 20 }, // U+1EEA
    { 0x1EEB, 37 }, // U+1EEB
    { 0x1EEC, 20 }, // U+1EEC
    { 0x1EED, 37 }, // U+1EED
    { 0x1EEE, 20 }, // U+1EEE
    { 0x1EEF, 37 }, // U+1EEF
    { 0x1EF0, 20 }, // U+1EF0
    { 0x1EF1, 37 }, // U+1EF1
    { 0x1EF2, 23 }, // U+1EF2
    { 0x1EF3, 38 }, // U+1EF3
    { 0x1EF4, 23 }, // U+1EF4
    { 0x1EF5, 38 }, // U+1EF5
    { 0x1EF6, 23 }, // U+1EF6
    { 0x1EF7, 38 }, // U+1EF7
    { 0x1EF8, 23 }, // U+1EF8
    { 0x1EF9, 38 }, // U+1EF9
    { 0x2010, 6 }, // U+2010
    { 0x2011, 6 }, // U+2011
    { 0x2013, 6 }, // U+2013
    { 0x2014, 6 }, // U+2014
    { 0x2015, 6 }, // U+2015
    { 0x2018, 121 }, // U+2018
    { 0x2019, 122 }, // U+2019
    { 0x201A, 7 }, // U+201A
    { 0x201B, 121 }, // U+201B
    { 0x201C, 121 }, // U+201C
    { 0x201D, 122 }, // U+201D
    { 0x201E, 7 }, // U+201E
    { 0x2025, 7 }, // U+2025
    { 0x2026, 7 }, // U+2026
    { 0x2039, 44 }, // U+2039
    { 0x203A, 45 }, // U+203A
    { 0x203C, 1 }, // U+203C
    { 0x2047, 11 }, // U+2047
    { 0x2048, 11 }, // U+2048
    { 0x2049, 1 }, // U+2049
    { 0xFB00, 29 }, // U+FB00
    { 0xFB01, 29 }, // U+FB01
    { 0xFB02, 29 }, // U+FB02
    { 0xFB03, 29 }, // U+FB03
    { 0xFB04, 29 }, // U+FB04
    { 0xFB05, 29 }, // U+FB05
    { 0xFB06, 35 }, // U+FB06
};

static const uint16_t bookerly_12_bolditalicKernRowOffsets[] = {
        0,    25,    29,    81,    83,   139,   143,   174,   199,   210,   230,   241,   269,   279,   304,   328,
      356,   368,   384,   413,   446,   472,   499,   510,   543,   574,   615,   656,   685,   728,   736,   749,
      802,   809,   819,   827,   831,   843,   874,   898,   907,   911,   915,   922,   925,   937,   953,   960,
      966,   981,   989,   998,  1023,  1040,  1051,  1077,  1094,  1095,  1105,  1114,  1127,  1142,  1176,  1187,
     1217,  1231,  1245,  1272,  1300,  1308,  1315,  1320,  1325,  1333,  1342,  1350,  1361,  1378,  1390,  1430,
     1438,  1462,  1474,  1482,  1487,  1494,  1499,  1509,  1529,  1530,  1541,  1571,  1600,  1616,  1641,  1675,
     1723,  1761,  1766,  1787,  1827,  1835,  1859,  1886,  1924,  1934,  1974,  2003,  2039,  2048,  2064,  2067,
     2069,  2084,  2090,  2094,  2100,  2115,  2126,  2133,  2149,  2159,  2172,  2184,  2196,  2209,  2218,  2221,
     2231,  2237,  2246,  2279,  2294,  2330,  2349,  2374,  2390,  2400,  2417,  2433,  2438,  2488,  2505,  2522,
     2564,  2579,  2603,  2607,  2649,  2654,  2664,  2671,  2677,  2724,  2740,  2791,  2870,  2922,
};

static const uint8_t bookerly_12_bolditalicKernSparseCols[] = {
     13,  15,  26,  27,  28,  30,  32,  39,  48,  51,  52,  53,  54,  56,  67,  69,
     74,  84,  87,  92,  95, 100, 104, 105, 107,  11,  46,  72, 115,  11,  12,  13,
     14,  15,  18,  19,  20,  21,  22,  28,  29,  31,  32,  35,  36,  37,  39,  43,
     46,  49,  60,  65,  66,  67,  69,  70,  72,  73,  74,  75,  77,  79,  80,  81,
     83,  85,  90,  95,  97,  98, 102, 104, 106, 107, 109, 111, 112, 113, 115, 120,
    121,  22, 111,  11,  13,  16,  26,  27,  28,  29,  30,  33,  34,  35,  36,  38,
     40,  46,  48,  51,  52,  53,  54,  56,  57,  58,  60,  62,  64,  67,  70,  72,
     74,  77,  78,  79,  83,  84,  85,  86,  87,  88,  89,  90,  91,  92,  93,  94,
     96,  98,  99, 100, 101, 105, 110, 113, 115, 117, 119,  37,  39,  95, 107,   3,
     10,  11,  12,  13,  14,  16,  18,  19,  20,  21,  22,  24,  29,  31,  33,  35,
     36,  37,  39,  43,  46,  49,  50,  51,  60,  62,  63,  64, 120, 121,   4,   6,
      8,   9,  11,  13,  18,  19,  20,  22,  24,  27,  29,  30,  31,  46,  49,  52,
     54,  56,  60,  62,  63,  64, 121,   8,   9,  13,  19,  20,  21,  26,  48,  51,
     53,  62,   4,   6,   7,   8,   9,  11,  13,  14,  15,  16,  18,  19,  20,  21,
     22,  24,  46,  47,  62,  63,   3,   8,   9,  11,  13,  19,  26,  48,  51,  53,
     63,   4,   6,   7,   8,   9,  11,  16,  20,  21,  22,  26,  27,  28,  29,  30,
     34,  43,  46,  48,  50,  51,  52,  53,  54,  56,  57,  60, 121,   4,   6,  11,
     18,  19,  20,  22,  24,  63, 120,   4,   6,   8,   9,  11,  13,  26,  27,  30,
     33,  34,  35,  36,  38,  43,  44,  48,  51,  52,  53,  54,  56,  57,  62,  64,
      3,   4,   6,   7,   8,   9,  11,  12,  13,  21,  22,  24,  26,  27,  30,  46,
     48,  50,  51,  52,  53,  54,  56,  62,   3,   5,  11,  12,  13,  16,  21,  24,
     26,  27,  30,  33,  34,  35,  36,  37,  39,  43,  46,  48,  51,  52,  53,  54,
     56,  57,  62,  64,   3,  18,  19,  20,  21,  22,  24,  37,  39,  62, 120, 121,
     11,  13,  16,  18,  19,  20,  21,  22,  24,  37,  39,  43,  46,  62,  64, 120,
      4,   6,   7,  11,  13,  21,  24,  26,  27,  29,  30,  34,  36,  38,  40,  43,
     44,  46,  48,  51,  52,  53,  54,  56,  57,  58,  60,  62,  64,   4,   6,   7,
      8,   9,  11,  12,  14,  15,  16,  19,  20,  21,  22,  24,  26,  27,  29,  30,
     34,  37,  39,  46,  48,  51,  52,  53,  54,  56,  57,  60,  61,  63,   2,   4,
      6,   7,   8,   9,  11,  13,  14,  15,  16,  18,  19,  20,  21,  22,  24,  25,
     29,  32,  41,  46,  47,  60,  62,  63,   3,   5,  11,  12,  13,  14,  16,  18,
     19,  20,  21,  22,  24,  26,  28,  36,  37,  39,  43,  46,  48,  51,  53,  62,
     64, 120, 121,   4,   6,   8,   9,  18,  19,  20,  24,  62,  63,  64,   3,   4,
      6,   7,   8,   9,  11,  12,  16,  20,  21,  22,  26,  27,  29,  30,  34,  37,
     39,  43,  46,  48,  51,  52,  53,  54,  56,  57,  59,  60,  62, 120, 121,   4,
      6,   7,   8,   9,  11,  13,  16,  17,  24,  26,  27,  29,  30,  34,  38,  40,
     46,  47,  48,  51,  52,  53,  54,  56,  57,  58,  59,  60,  62,  64,   3,   4,
      5,   6,   7,   8,   9,  11,  12,  13,  16,  18,  20,  21,  22,  24,  26,  27,
     29,  30,  34,  36,  38,  40,  43,  44,  46,  48,  50,  51,  52,  53,  54,  55,
     56,  57,  58,  59,  60,  62,  64,   3,   4,   5,   6,   7,   8,   9,  11,  12,
     13,  16,  18,  20,  21,  22,  24,  26,  27,  29,  30,  34,  36,  38,  40,  43,
     44,  46,  48,  50,  51,  52,  53,  54,  55,  56,  57,  58,  59,  60,  62,  64,
      3,   4,   6,   8,   9,  11,  12,  13,  16,  21,  22,  24,  26,  27,  30,  36,
     37,  39,  43,  46,  48,  50,  52,  53,  54,  55,  56,  62,  64,   1,   3,   4,
      5,   6,   7,   8,   9,  11,  12,  13,  17,  18,  20,  21,  22,  24,  26,  27,
     28,  29,  30,  33,  34,  36,  38,  40,  43,  44,  46,  48,  50,  51,  52,  53,
     54,  56,  57,  58,  59,  60,  62,  64,   8,   9,  18,  19,  20,  22,  24,  62,
     15,  27,  28,  30,  32,  39,  52,  54,  56,  69, 100, 104, 105,  11,  12,  13,
     14,  15,  16,  18,  19,  20,  21,  22,  27,  28,  29,  30,  32,  37,  38,  39,
     40,  46,  52,  54,  56,  58,  60,  65,  66,  67,  69,  70,  72,  73,  74,  75,
     77,  78,  79,  80,  81,  83,  95,  96,  97,  98, 100, 104, 105, 106, 107, 111,
    112, 115,   3,   7,  24,  34,  57,  62, 120,   3,   4,   6,   8,   9,  24,  38,
     56,  62, 120,  24,  26,  37,  39,  48,  51,  53, 121,   7,  24,  34,  57,  24,
     26,  27,  29,  30,  48,  51,  52,  53,  54,  56,  60,   2,   3,   4,   6,   7,
     10,  24,  25,  26,  27,  29,  30,  33,  34,  35,  37,  39,  41,  48,  49,  50,
     51,  52,  53,  54,  55,  56,  57,  60, 120, 121,   1,   3,   4,   6,   7,  28,
     29,  31,  32,  33,  35,  36,  37,  38,  39,  40,  41,  49,  50,  52,  58,  60,
    120, 121,   3,   7,  24,  34,  37,  39,  57,  62, 120,   7,  24,  34,  57,   8,
      9,  24,  32,   7,  24,  29,  40,  51,  58,  60,   7,  34,  57,   2,   4,   6,
     24,  27,  28,  29,  32,  34,  39,  57,  60,   4,   6,   7,  24,  26,  29,  33,
     34,  37,  39,  48,  51,  53,  57,  60, 121,   4,   6,   7,   8,   9,  24,  62,
      7,   8,   9,  24,  62, 121,   4,   6,   7,   8,   9,  24,  26,  29,  34,  48,
     51,  53,  57,  60,  62,  24,  33,  36,  37,  39,  51,  62, 121,   2,  24,  34,
     37,  39,  51,  57,  62, 121,  15,  26,  27,  28,  30,  32,  34,  39,  48,  51,
     52,  53,  54,  56,  57,  60,  69,  84,  87,  95, 100, 101, 104, 105, 107,  15,
     20,  22,  27,  28,  30,  32,  47,  52,  54,  56,  69, 100, 104, 105, 106, 111,
      4,   6,  18,  20,  22,  66,  79,  81, 106, 111, 116,  15,  19,  20,  22,  26,
     27,  28,  29,  30,  32,  47,  48,  51,  52,  53,  54,  56,  60,  69,  84,  87,
    100, 104, 105, 106, 111,   2,   4,   6,   7,  11,  12,  14,  15,  16,  18,  19,
     20,  21,  22,  24,  46,  62, 120,  24,  26,  28,  32,  37,  39,  48,  51,  53,
    121,   7,  24,  27,  30,  34,  52,  54,  56,  57,   2,   3,  10,  24,  25,  27,
     30,  41,  50,  52,  54,  56, 121,   3,   4,   6,   8,   9,  24,  33,  35,  36,
     37,  38,  39,  56,  62, 120,   3,  10,  11,  12,  13,  14,  15,  16,  18,  19,
     20,  21,  22,  24,  28,  29,  31,  32,  33,  35,  36,  37,  39,  43,  46,  49,
     50,  51,  60,  62,  63,  64, 120, 121,   3,   7,  24,  28,  29,  32,  34,  57,
     60,  62, 120,   2,   3,  10,  24,  25,  27,  28,  29,  30,  31,  32,  33,  35,
     36,  37,  38,  39,  40,  41,  48,  49,  52,  53,  54,  56,  57,  58,  60, 120,
    121,   3,   8,   9,  11,  13,  15,  19,  26,  28,  32,  48,  51,  53,  63,  24,
     26,  27,  28,  29,  30,  32,  48,  51,  52,  53,  54,  56,  60,   4,   6,   8,
      9,  11,  13,  26,  27,  30,  33,  34,  35,  36,  37,  38,  39,  43,  44,  48,
     51,  52,  53,  54,  56,  57,  62,  64,   4,   6,   8,   9,  11,  13,  15,  26,
     27,  28,  30,  32,  33,  34,  35,  36,  38,  43,  44,  48,  51,  52,  53,  54,
     56,  57,  62,  64,   7,  24,  28,  29,  32,  34,  57,  60,  10,  27,  30,  52,
     54,  56, 121,   4,   6,  24,  37,  39,   7,  28,  32,  34,  57,  28,  32,  33,
     35,  36,  37,  38,  39,   4,   6,   7,   8,   9,  24,  28,  32,  62,   7,   8,
      9,  24,  28,  32,  62, 121,   3,   7,  24,  28,  29,  32,  34,  57,  60,  62,
    120,   3,   4,   6,   7,   8,   9,  11,  13,  20,  21,  22,  24,  27,  30,  52,
     54,  56,   1,   3,   4,   6,  10,  28,  33,  36,  37,  39, 120, 121,   2,   3,
      4,   6,   7,   8,   9,  10,  11,  14,  16,  17,  18,  19,  20,  21,  22,  24,
     25,  26,  27,  29,  30,  31,  34,  38,  40,  41,  48,  49,  51,  52,  53,  54,
     56,  57,  58,  60, 120, 121,   1,   3,  10,  28,  37,  39, 120, 121,   1,   3,
      4,   6,   7,  28,  29,  31,  32,  33,  35,  36,  37,  38,  39,  40,  41,  49,
     50,  52,  58,  60, 120, 121,   3,   4,   6,   8,   9,  24,  28,  32,  38,  56,
     62, 120,   4,   6,   7,  11,  29,  60,  62,  64,  28,  32,  37,  39,  60,   7,
      8,   9,  24,  32,  62, 121,  24,  28,  32,  37,  39,   3,   8,   9,  67,  72,
     84,  87,  88,  89, 113,  24,  66,  69,  70,  71,  72,  74,  75,  77,  80,  81,
     83,  95,  97, 104, 106, 107, 111, 112, 120,  79,   4,   6,   8,   9,  24,  66,
     71,  88, 106, 111, 119,   4,   6,   8,   9,  43,  44,  67,  79,  84,  85,  86,
     87,  88,  89,  90,  91,  92,  93,  94,  96,  97,  98, 100, 101, 105, 110, 112,
    113, 117, 119,   3,   4,   6,   7,   8,   9,  24,  67,  70,  71,  72,  73,  74,
     77,  80,  83,  84,  87,  88,  89,  92,  93, 100, 103, 105, 110, 113, 115, 119,
      2,   3,  24,  66,  71,  81,  83,  95,  97, 106, 107, 111, 112, 119, 120, 121,
      3,  24,  66,  67,  71,  79,  80,  81,  84,  85,  87,  90,  91,  94,  95,  97,
     98, 106, 107, 111, 112, 113, 119, 120, 121,   3,   5,  24,  43,  67,  70,  72,
     73,  74,  75,  77,  78,  79,  80,  82,  83,  84,  85,  87,  89,  90,  91,  94,
     95,  97,  98, 100, 101, 105, 107, 113, 115, 117, 119,   3,   4,   6,   7,   8,
      9,  24,  44,  66,  67,  70,  71,  72,  73,  74,  75,  77,  79,  80,  81,  83,
     84,  85,  86,  87,  88,  89,  90,  91,  92,  93,  94,  96,  97,  98,  99, 100,
    101, 103, 105, 106, 110, 111, 113, 115, 117, 119, 121,   3,  10,  24,  43,  65,
     66,  67,  70,  71,  72,  73,  74,  75,  77,  78,  79,  80,  81,  83,  85,  90,
     91,  94,  95,  97,  98, 102, 103, 106, 107, 111, 112, 113, 115, 116, 119, 120,
    121,  66,  71,  81, 106, 119,   4,   6,   8,   9,  24,  66,  67,  71,  72,  74,
     81,  88, 100, 102, 105, 106, 111, 112, 115, 119, 121,   3,   4,   6,   7,   8,
      9,  43,  70,  71,  72,  73,  74,  77,  78,  79,  80,  83,  84,  85,  86,  87,
     88,  89,  92,  93,  95,  99, 100, 101, 103, 105, 106, 107, 111, 113, 115, 117,
    119, 120, 121,  67,  69,  75,  78,  80,  95, 104, 107,  24,  43,  66,  67,  70,
     72,  74,  75,  77,  78,  79,  80,  81,  83,  95,  97,  98, 106, 107, 112, 113,
    115, 119, 120,   4,   6,   7,   8,   9,  24,  65,  66,  67,  69,  71,  72,  74,
     75,  78,  80,  81,  83,  88,  89,  92,  93,  99, 106, 111, 115, 119,   4,   6,
      7,   8,   9,  24,  65,  69,  70,  71,  72,  74,  75,  76,  77,  78,  80,  82,
     83,  84,  87,  88,  89,  92,  93,  95,  99, 100, 101, 105, 106, 107, 111, 113,
    114, 115, 117, 118,   8,   9,  67,  79,  84,  85,  87, 106, 113, 119,   3,   4,
      6,   7,   8,   9,  43,  70,  71,  72,  73,  74,  77,  78,  79,  80,  83,  84,
     85,  86,  87,  88,  89,  92,  93,  95,  99, 100, 101, 103, 105, 106, 107, 111,
    113, 115, 117, 119, 120, 121,   4,   6,   7,   8,   9,  24,  65,  66,  69,  70,
     71,  72,  73,  74,  75,  77,  80,  81,  82,  83,  92,  93,  99, 106, 110, 111,
    114, 115, 118,   3,   4,   6,   8,   9,  24,  43,  67,  70,  71,  72,  73,  74,
     75,  76,  77,  78,  79,  80,  81,  83,  84,  87,  90,  95,  97,  98, 100, 103,
    105, 107, 111, 112, 113, 115, 119,   3,   7,  24,  97,  98, 101, 113, 119, 120,
      4,   6,   8,   9,  24,  88,  92,  93,  96,  97,  99, 100, 105, 107, 119, 120,
     24, 119, 120,  24, 107,   3,   4,   6,   8,   9,  24,  88,  92,  93,  96,  97,
     99, 107, 119, 120,  24,  84,  87, 100, 105, 107,  24,  84,  87, 107,   4,   6,
     24,  95, 107, 113,   3,   4,   6,   8,   9,  24,  88,  92,  93,  96,  97,  99,
    107, 119, 120,   3,   7,  24,  89,  95,  97,  98, 101, 107, 119, 120,  24,  84,
     85,  87,  95, 107, 121,   4,   6,   7,   8,   9,  24,  84,  87,  88,  92,  93,
     99, 101, 107, 110, 119,  24,  90,  91,  94,  95,  97, 107, 114, 119, 121,   2,
      7,  24,  25,  41,  94,  95,  97,  98, 104, 107, 113, 119,   3,   4,   6,  24,
     95,  97,  98, 107, 109, 119, 120, 121,   3,   4,   6,  24,  95,  97,  98, 107,
    109, 119, 120, 121,   3,   7,  24,  89,  93,  95,  97,  98, 101, 104, 107, 119,
    120,   4,   6,   7,   8,   9,  24, 107, 113, 119,   7,  24, 101,   2,   3,  10,
     24,  25,  41, 100, 103, 105, 121,   8,   9,  24,  92,  93, 104,  24,  66,  70,
     71,  77,  81, 106, 111, 112,   4,   6,   7,   8,   9,  43,  65,  67,  70,  71,
     72,  74,  77,  78,  79,  80,  83,  84,  85,  86,  87,  88,  89,  92,  93,  96,
     99, 101, 110, 113, 115, 117, 119,   4,   6,   7,  84,  87,  88,  90,  91,  92,
     93,  94,  95,  99, 101, 107,   3,   4,   6,   7,   8,   9,  43,  70,  71,  72,
     74,  77,  79,  81,  83,  84,  85,  86,  87,  88,  89,  90,  91,  92,  93,  94,
     97,  98,  99, 101, 110, 113, 115, 117, 119, 121,   3,   4,   6,  43,  84,  87,
     88,  89,  92,  93,  95,  99, 101, 107, 110, 113, 117, 119, 121,   4,   6,   7,
      8,   9,  43,  67,  70,  72,  74,  77,  83,  84,  87,  92,  93,  99, 100, 101,
    103, 105, 107, 113, 115, 121,  65,  69,  70,  72,  73,  74,  75,  77,  78,  79,
     80,  83,  95, 107, 108, 115,   2,   7,  25,  41,  94,  95, 104, 107, 114, 119,
     65,  69,  70,  72,  73,  74,  75,  77,  78,  79,  80,  83,  95, 104, 107, 108,
    115,  24,  65,  66,  70,  72,  74,  75,  77,  78,  80,  81,  83, 106, 108, 111,
    115,  24,  97,  98, 109, 120,   1,   3,   4,   5,   6,   7,   8,   9,  24,  43,
     44,  66,  67,  68,  70,  71,  72,  73,  74,  77,  79,  80,  81,  83,  84,  85,
     86,  87,  88,  89,  90,  91,  92,  93,  94,  96,  97,  98,  99, 100, 101, 103,
    105, 106, 110, 111, 113, 115, 117, 119,   4,   6,   7,   8,   9,  24,  84,  87,
     88,  92,  93,  99, 101, 104, 107, 110, 119,   4,   6,   7,   8,   9,  24,  84,
     87,  88,  92,  93,  99, 101, 104, 107, 110, 119,   3,   4,   6,   8,   9,  24,
     25,  43,  65,  67,  69,  70,  71,  72,  73,  74,  75,  76,  77,  78,  79,  80,
     81,  83,  84,  87,  90,  95,  97,  98, 100, 103, 104, 105, 107, 108, 111, 112,
    113, 114, 115, 119,   2,   7,  24,  25,  41,  90,  91,  94,  95,  97, 104, 107,
    114, 119, 121,   3,  24,  66,  67,  71,  79,  80,  81,  84,  87,  90,  91,  94,
     95,  97,  98, 106, 107, 109, 111, 112, 113, 119, 121,  72,  81, 106, 111,   2,
      4,   6,   7,  44,  65,  67,  68,  70,  74,  75,  76,  77,  79,  80,  82,  84,
     85,  86,  87,  88,  89,  90,  91,  92,  93,  94,  95,  96,  97,  98,  99, 101,
    107, 110, 112, 113, 115, 116, 117, 118, 119,  24,  95, 104, 107, 113,   5,  84,
     87,  90,  91,  94,  97,  98, 113, 119,   4,   6,   7,  72,  88,  92, 119,  92,
     93,  95, 104, 107, 113,   3,   4,   6,   8,   9,  24,  43,  67,  69,  70,  71,
     72,  73,  74,  75,  76,  77,  78,  79,  80,  81,  84,  86,  87,  89,  90,  91,
     92,  93,  94,  95,  97,  98,  99, 100, 101, 103, 104, 105, 107, 110, 111, 112,
    113, 115, 117, 119,  24,  84,  87,  90,  91,  92,  93,  94,  95,  97,  99, 104,
    107, 114, 119, 121,   0,   4,   6,  11,  13,  14,  16,  17,  19,  20,  26,  28,
     29,  33,  34,  38,  40,  42,  45,  46,  48,  51,  53,  57,  58,  60,  65,  67,
     68,  70,  72,  74,  77,  78,  83,  84,  85,  87,  88,  89,  91,  92,  93,  94,
     96,  99, 101, 106, 110, 115, 117,   0,   4,   6,  10,  11,  13,  14,  15,  16,
     17,  18,  19,  20,  21,  22,  23,  26,  27,  28,  29,  30,  31,  33,  34,  36,
     38,  40,  46,  48,  49,  51,  52,  53,  54,  56,  57,  58,  60,  61,  65,  66,
     67,  68,  69,  70,  72,  74,  75,  76,  77,  78,  79,  80,  82,  83,  84,  85,
     86,  87,  88,  89,  90,  91,  92,  93,  94,  96,  99, 100, 101, 102, 105, 106,
    110, 111, 113, 114, 115, 118,  11,  12,  13,  14,  15,  18,  19,  20,  21,  22,
     28,  29,  31,  32,  35,  36,  37,  39,  43,  46,  49,  60,  65,  66,  67,  69,
     70,  72,  73,  74,  75,  77,  79,  80,  81,  83,  85,  90,  95,  97,  98, 102,
    104, 106, 107, 109, 111, 112, 113, 115, 120, 121,
};

static const int8_t bookerly_12_bolditalicKernSparseValues[] = {
     -10,   40,   -8,   28,   60,   28,   60,   36,   -8,   -8,   28,   -8,   28,   28,  -10,   40,
      12,   -8,   -8,  -12,   32,   28,   60,   28,   32,  -16,  -36,  -16,  -36,   11,    8,  -12,
      12,   44,  -20,  -16,  -40,   16,  -24,   12,    8,   -8,   42,   -8,   -8,  -20,  -20,  -16,
      12,   -8,    8,   12,  -20,  -12,   44,   16,   11,    8,   12,   16,   16,   -8,   16,  -34,
      20,   -8,   -8,  -20,  -24,  -30,   -8,   42,  -40,  -20,  -12,  -24,  -48,  -12,   12,  -40,
     -40,  -12,  -12,  -36,   -8,  -20,  -40,   12,  -20,  -40,   12,   -8,  -36,  -12,  -16,  -20,
     -24,  -52,  -40,  -40,   12,  -40,   12,   12,  -36,  -24,  -40,  -20,  -16,   -8,  -12,  -36,
     -24,  -12,  -20,   -8,  -16,  -40,  -12,  -12,  -48,  -24,  -24,  -16,   -8,  -42,  -30,   -8,
     -20,  -12,  -36,   12,  -36,   12,  -24,  -20,  -52,  -24,  -20,   12,   12,   12,   12,  -20,
     -12,   14,    4,  -16,    8,   16,  -24,  -20,  -48,   26,  -28,  -64,    8,   -8,   -8,   -8,
      -6,  -24,  -24,  -12,   20,   -8,   -8,   12,    8,   -8,   -8,  -12,  -40,  -32,  -16,  -16,
     -12,  -12,   -8,    6,  -12,  -12,  -20,  -18,  -16,   -4,   -8,   -4,   -4,   -8,   -4,   -4,
      -4,   -4,   -8,  -12,  -12,   -4,   -4,  -12,  -12,   -6,   -4,   -4,    4,   -4,   -4,   -4,
      -4,  -12,  -20,  -20,   -8,   -8,   -8,  -16,    6,   -4,  -10,   -6,   -8,   -8,  -16,   -4,
     -14,  -20,  -12,   -8,   -8,  -12,   12,  -12,  -12,   -4,   -4,   -4,   -4,   -4,   -4,   -4,
      -4,  -32,  -32,  -20,  -20,  -20,  -36,   -6,    4,    6,    4,  -10,    8,   -6,  -12,    8,
      -8,   -8,  -38,  -10,    8,  -10,    8,  -10,    8,    8,   -8,  -12,   18,  -12,  -12,   -8,
     -12,  -12,  -16,   -8,  -12,   -8,  -12,  -12,  -12,  -16,  -16,   -4,   -6,   -8,   12,   12,
      -4,   -4,   -8,   -4,   -6,  -16,   -8,   -8,   -8,   12,   -8,   12,   12,   -4,   -8,   -8,
      20,  -24,  -24,  -12,  -20,  -20,  -12,   10,   -4,   12,    8,   12,   -6,   16,   16,   -8,
      -6,    8,   -6,   16,   -6,   16,   16,  -12,   12,  -12,   12,    4,  -14,   12,   18,    8,
      -8,   16,   16,   -8,   -8,   -4,  -12,   -8,   -8,  -16,   14,   -8,   -8,   16,   -8,   16,
      16,   -8,  -16,  -20,  -22,  -18,  -12,  -28,   12,  -24,  -24,   -8,   -8,   -8,  -24,   -8,
       8,   -6,    8,   -4,   -8,  -13,   20,   -4,  -12,   -4,   -4,   -8,   12,   -8,   -8,  -12,
     -20,  -20,  -24,  -16,   -6,    8,   12,   -8,   10,   -8,   10,   -8,   -4,   -8,   -6,   -8,
      -8,  -16,   -8,   -8,   10,   -8,   10,   10,   -8,   -6,   -8,   -8,   -4,  -32,  -32,  -28,
     -20,  -20,  -42,   -4,  -10,   -4,  -14,   -8,   -8,   -4,   -8,  -12,   -8,   -4,  -10,   -4,
      -8,    8,    8,  -58,   -8,   -8,   -4,   -8,   -4,   -4,   -8,  -10,   -4,   -8,   76,   55,
     -20,   -8,   -8,   67,  -16,    6,   -4,   32,   -6,   -8,   -8,  -16,   -4,  -14,  -20,   80,
      17,   25,   76,  -12,   -8,   17,   12,  -12,  -12,  -16,   20,   12,  -12,    8,   16,  -24,
     -24,  -28,   24,  -24,  -38,   -4,   -8,   -8,   -8,   -8,  -16,   24,   -4,   -4,   -4,  -20,
     -12,  -22,  -12,  -12,  -12,  -16,  -16,   -7,   -4,   -4,   -8,   -8,   -8,   -8,   36,  -40,
     -40,  -28,  -20,  -20,  -32,    8,   -4,    4,    8,    8,  -16,    8,   -8,    8,  -12,   12,
      12,  -12,  -36,  -16,  -16,    8,  -16,   24,    8,  -12,  -12,   -8,  -12,   12,   12,  -32,
     -32,  -28,  -12,  -12,  -24,   -8,   -4,   -4,   12,  -16,   16,  -16,   16,  -12,   -8,   -4,
     -32,  -20,  -16,  -16,   16,  -16,   16,   16,  -12,   -4,   -8,  -16,   -8,   -4,    8,  -52,
     -12,  -52,  -36,  -28,  -28,  -44,   12,   -8,   -8,    4,    4,    4,   12,   20,  -24,   20,
     -24,   20,  -20,   -4,   -8,   -4,  -12,  -12,  -56,  -24,    8,  -24,   20,  -24,   20,   12,
      20,  -20,   -4,  -12,  -24,   -8,   -8,    8,  -52,  -12,  -52,  -36,  -28,  -28,  -44,   12,
      -8,   -8,    4,    4,    4,   12,   20,  -24,   20,  -24,   20,  -20,   -4,   -8,   -4,  -12,
     -12,  -56,  -24,   24,  -24,   20,  -24,   20,   12,   20,  -20,   -4,  -12,  -24,   -8,   -8,
      12,  -16,  -16,   -8,   -8,   11,    8,  -12,   10,   20,   12,   12,   -8,   12,   12,   -8,
      -4,   -4,   -8,    8,   -8,   16,   12,   -8,   12,   12,   12,  -16,  -12,    8,   26,  -36,
     -16,  -36,  -24,  -28,  -28,  -38,   12,  -10,   -4,    8,    8,   20,   12,   20,  -16,   20,
      -7,  -20,   20,   -8,  -20,   -8,  -16,   -4,  -12,  -12,  -40,  -16,   20,  -16,   20,  -16,
      20,   20,  -20,   -4,  -20,  -20,  -16,  -12,   -8,   -8,   -6,  -12,  -16,   -8,  -12,   -8,
      24,   28,   28,   28,   36,   24,   28,   28,   28,   24,   28,   36,   28,   24,   12,   -8,
      12,   52,   12,  -22,  -20,  -40,   24,  -34,   12,   24,   32,   12,   16,  -20,   12,  -20,
       8,   12,   12,   12,   12,    8,   32,   12,  -22,   -8,   52,   24,   24,   12,   32,   18,
      24,   12,   -8,   24,  -32,   26,  -20,   12,  -28,  -12,   12,   16,   12,  -40,  -20,  -34,
     -28,   12,  -12,   12,  -24,    4,    4,   -8,  -12,  -12,  -20,  -20,   -8,   -8,  -24,   -4,
      14,   -8,  -12,  -16,   -4,    8,    8,   -4,   -4,   -4,    8,   12,    8,    8,    8,  -24,
      -4,   -4,  -12,   -4,   -4,   -4,   -4,   -4,   -4,   -4,  -12,   16,   40,  -24,  -24,  -12,
      16,   44,   20,   -8,   34,  -12,   34,   -4,   -4,    4,    8,    8,   20,   -8,   28,   32,
      -8,   34,   -8,   34,   12,   34,   -4,  -12,   12,   28,   12,   16,   -8,  -12,   12,   36,
      12,   12,   42,   12,   12,   20,   20,    8,   43,   12,    8,   12,   16,    8,   12,   12,
      20,   24,  -16,    8,  -36,    8,   -6,   -6,    8,   -8,  -12,    8,   16,    8,    8,   -8,
      -8,   16,   16,    8,  -12,   16,    4,   16,    4,   16,    8,    8,    8,   24,  -12,  -12,
     -20,   -4,   32,    8,   48,   -4,   20,   -4,    8,  -32,  -32,  -20,  -12,   -8,  -12,    8,
      -4,   12,   12,   -8,   -8,   -8,   -4,  -12,   20,   -8,   -8,    8,   -8,   -8,  -16,  -12,
       8,   -8,   -8,   -8,   -8,    8,  -24,  -24,  -12,  -12,  -12,  -12,   -4,   -9,   -4,   -4,
      -4,   -4,   -4,   -9,   -4,  -25,    8,    8,   12,   12,   12,   -8,   12,  -12,  -24,   -4,
       8,    8,   12,   -4,  -13,    8,   24,  -16,   24,   28,   24,   42,   -8,   16,  -16,  -16,
      24,  -16,   24,   24,   -8,   12,   24,  -16,  -16,   16,   24,   -8,   42,   24,   16,   40,
     -18,  -10,  -12,   20,  -12,   24,   20,  -12,  -12,  -12,   40,  -12,   24,  -12,  -18,  -10,
     -16,  -16,  -12,   -8,   -8,  -12,   12,  -16,   -8,   -8,   16,   52,  -12,  -16,  -16,  -12,
     -12,   48,    8,  -12,   48,   48,  -12,  -12,  -12,  -12,  -12,  -12,    8,   52,  -12,  -12,
     -12,   48,  -12,  -16,  -16,  -22,  -32,  -32,  -16,  -24,   -8,  -12,   -8,  -12,  -12,   -8,
     -16,  -16,  -24,  -41,  -24,   -4,  -12,  -16,   -4,   16,   16,    8,    8,   -4,   -4,   -4,
       8,    8,   16,   16,   16,    8,   16,   16,   16,    8,   16,   23,   16,   36,    4,   32,
      32,   12,   24,   32,   32,   32,   12,  -12,  -20,  -20,   -8,   -8,  -24,   16,    8,   16,
      16,   -4,   16,   14,   -8,  -12,  -20,  -12,   14,    4,  -16,    8,   56,   16,  -24,  -20,
     -48,   26,  -28,  -64,   48,   32,   -8,   60,   -8,   -8,   -6,  -24,  -24,  -12,   20,   -8,
      -8,   12,   32,   -8,   -8,  -12,  -40,  -32,  -12,   12,  -24,   56,   16,   64,    4,    4,
      16,   -8,  -12,   36,   52,   36,   52,   24,   52,   16,   12,   52,   20,   20,   24,   16,
      16,   20,   12,   20,   12,   32,   12,   20,   52,   16,   52,   52,   16,   32,   12,   24,
      40,   12,  -12,  -12,   -4,   -4,   40,   -4,   -4,   40,   50,   -4,   -4,   -4,   -4,  -24,
      -4,   -4,   36,  -12,   -4,   38,   -4,   -4,   -4,   -4,   -4,   -4,  -12,  -12,  -12,  -16,
     -16,   -4,   -6,   -8,   12,   12,    4,   -4,   -4,    8,   20,   -6,   20,  -16,   -8,   -8,
      -8,   12,   -8,   12,   12,   -4,   -8,   -8,  -12,  -12,  -16,  -16,   -4,   -6,   46,   -8,
      12,   46,   12,   54,   -4,   -4,   -8,   -4,   -6,  -16,   -8,   -8,   -8,   12,   -8,   12,
      12,   -4,   -8,   -8,    8,   16,   44,    8,   52,    8,    8,    8,   18,   28,   28,   28,
      28,   28,   20,    8,    8,  -22,    8,    8,    8,   20,   24,    8,    8,   12,    8,   16,
      16,   16,   20,    8,   20,   -8,   -8,    8,   -8,   -8,  -16,   16,   16,  -12,    8,   -8,
      -8,   -8,   16,   16,   -8,    8,  -12,   12,  -24,   58,   16,   64,    4,    4,   16,   -8,
     -12,    8,  -20,  -20,   -8,   -8,   -8,  -16,    6,   10,   10,   12,   22,   12,   12,   12,
      12,   12,   12,   16,  -12,  -12,    8,   12,   16,   12,    8,    8,    8,   12,   44,   40,
     -32,  -32,  -28,  -12,  -12,   31,  -24,   32,   16,    8,   36,   32,   40,   44,   44,   60,
      28,  -16,   52,  -16,   52,    8,  -12,   -8,   -4,   32,  -16,    8,  -16,   52,  -16,   52,
      52,  -12,   -4,  -16,   24,   34,   16,   24,   12,    8,   12,   12,   12,   12,   12,   16,
       4,  -12,   12,   36,   12,   12,   42,   12,   12,   20,   20,    8,   43,   12,    8,   12,
      16,    8,   12,   12,   20,   24,  -12,  -20,  -20,   -8,   -8,  -24,   12,   24,   -4,   14,
      -8,  -12,  -12,  -12,   -8,   -8,   -8,   -8,  -12,   -4,   32,   40,   20,   20,   24,    8,
      -8,   -8,   -8,    8,   -8,    8,  -16,   28,   48,    8,    8,   12,  -12,  -12,   -4,   -4,
      -4,   -4,   -4,   -4,   -8,  -24,  -16,   20,    8,  -10,    8,   16,   12,    8,   16,  -28,
       8,   -8,   -4,   30,  -30,   -8,  -16,  -16,  -16,   -8,  -12,  -12,  -16,  -16,   -8,   -7,
      -4,   -8,   -4,   -8,   -8,  -12,  -12,  -16,  -16,  -16,   -8,   -6,   -8,   -8,   -8,   -4,
      -8,   -8,   -4,   -4,   -4,   -8,   -8,   -4,   -6,  -12,   -4,   12,   -4,   12,   -8,   -8,
      -8,   -8,   -8,   20,  -24,  -24,  -12,  -20,  -20,   12,   -4,   -8,    8,  -12,   10,   -8,
      -8,   12,   -8,   -6,   -6,   -8,  -12,  -12,   -4,   16,    8,   16,   -8,   -8,   -8,  -12,
     -20,  -24,  -36,  -28,  -12,  -36,    8,   -8,   -8,  -36,   -8,  -28,  -28,  -16,  -24,  -22,
     -16,  -34,  -44,  -12,  -16,  -20,   12,  -44,   -8,  -12,   -8,   -8,   -8,   -8,  -20,  -36,
     -12,  -52,  -20,  -36,  -36,  -20,  -20,  -32,  -28,   12,  -12,    8,  -16,  -10,   12,    8,
       4,   20,   16,   12,   12,  -16,   18,   -8,   16,   -8,  -12,   -8,   -8,  -12,   -8,   -8,
      -8,  -16,  -12,   16,   -8,   16,   -8,  -34,   14,   -8,  -16,   34,  -48,  -48,  -36,  -20,
     -20,   22,  -12,    8,   -6,  -34,    6,  -52,   12,  -32,    6,  -34,   -8,   16,   16,  -20,
     -30,   -4,   -4,  -34,  -24,  -20,   -8,   -8,  -60,  -16,   -8,  -12,   -8,   -8,  -40,   28,
     -24,    8,   28,   16,   -8,   16,  -32,  -72,  -12,  -12,   20,  -20,  -12,  -64,  -12,    8,
     -24,  -16,   16,  -12,   14,    4,   16,   20,   16,   16,  -12,   26,  -52,   16,  -12,   -6,
      -8,   -8,  -24,  -32,  -20,   -8,   -8,  -48,  -24,  -32,  -42,  -24,   20,   -4,   -8,  -40,
     -32,   -8,   -8,   -8,   -8,  -12,  -16,  -16,  -12,  -12,  -16,  -12,    6,  -16,   -8,   -8,
     -16,   -8,   -4,   -4,   -4,  -20,  -18,  -12,   -8,  -12,   -4,   36,  -40,  -40,  -28,  -20,
     -20,  -12,  -20,    4,  -40,    8,  -20,  -20,   -4,   -4,    6,  -12,  -16,   -4,   -8,  -16,
     -12,  -12,  -48,  -16,   12,  -28,    8,  -12,    8,    8,    4,   12,    8,  -36,  -36,  -12,
     -12,   12,   12,   -6,   32,    8,   20,   12,   20,   40,   20,  -12,   -8,   -8,   -6,   12,
       8,   12,   20,   12,    8,   -8,   16,   -8,   12,   -4,   -8,  -12,  -12,   -4,  -12,   -8,
      12,   -8,  -12,  -20,  -20,   -8,   -8,   -8,  -20,   -4,   -8,    6,  -10,   -8,  -16,   -8,
      -4,   -6,   -4,  -12,   -8,   -8,   -8,  -12,   -4,  -12,  -16,  -18,  -12,   -8,  -32,  -32,
     -28,  -20,  -20,  -12,  -10,   -4,  -24,  -12,  -38,  -28,   -8,   -6,  -24,  -14,   -4,   -6,
     -16,   -8,   -8,   -4,   -4,  -46,  -12,    8,  -24,   -4,   -8,   -4,   -8,    8,   -8,   -8,
      -4,  -58,   -4,   -4,  -12,  -12,   -6,   -8,   -4,   -4,   -4,   -8,  -12,  -12,   36,  -40,
     -40,  -28,  -20,  -20,  -12,  -20,    4,  -72,    8,  -20,  -20,   -4,   -4,    6,  -12,  -16,
      -4,   -8,  -16,  -12,  -12,  -48,  -16,   12,  -28,    8,  -12,    8,    8,    4,   12,    8,
     -36,  -36,  -12,  -12,   12,   12,  -24,  -24,  -12,  -16,  -16,  -28,  -12,  -12,   -8,   -8,
     -12,  -14,   -8,  -12,  -12,   -8,   -8,  -12,  -12,   -8,   -8,   -8,  -16,  -16,   -4,  -16,
      -8,  -16,   -4,   12,  -16,  -16,   -8,   -8,   12,   -8,  -12,   16,    4,   11,    8,   12,
      16,   -4,   16,   20,  -12,   20,    8,   12,   -8,   -8,   -8,   -4,  -16,   -4,   12,   16,
      12,   -4,   12,  -16,  -22,    8,  -16,  -12,   12,  -24,   -8,   -8,    4,  -12,   -8,  -12,
     -20,  -20,   -8,   -8,   -2,   -4,   -8,   -8,   -4,   -4,   -4,    4,    4,    8,   -8,  -12,
     -46,   -8,  -12,  -16,    8,  -12,  -20,  -20,   -8,   -8,  -36,   -4,   -8,   -8,   -4,   -4,
      -4,    8,   -8,  -12,  -24,   -4,   -4,   -4,   -4,    8,  -34,   -4,   -4,   14,    8,    8,
     -22,    8,   20,   -4,  -12,  -20,  -20,   -8,   -8,  -24,   -4,   -8,   -8,   -4,   -4,   -4,
       8,   -8,  -12,  -16,    8,  -36,    8,   -6,   -8,   -4,    8,   -6,   -8,  -12,  -16,   -4,
      -4,   -4,    8,    8,    8,  -24,  -24,  -12,  -12,  -12,  -12,   -4,   -4,   -4,  -16,   -8,
     -16,   -4,   12,   -8,   -4,  -25,    8,    8,    8,   12,    8,   36,   12,   -8,   12,   22,
      12,  -32,   12,   12,   12,   44,  -10,   -4,   70,   44,  -12,   16,  -16,   -8,   -8,  -83,
      -8,  -30,  -12,   -8,   -8,  -12,  -28,  -16,  -16,   -8,   -8,  -54,   -8,  -18,  -12,   -8,
      -8,  -12,  -20,  -16,  -16,    8,  -36,    8,   -4,   -6,   -8,   -4,    8,   16,   -6,   -8,
     -12,   -8,   -8,    8,   -8,   -8,  -16,   12,   -8,  -12,    8,   16,    8,   16,   23,   16,
      36,    4,   12,   32,   24,   32,   12,   -8,   -8,   16,  -12,   -4,   16,  -20,  -20,   12,
     -16,   12,  -16,  -26,  -20,  -12,  -38,  -38,  -40,  -28,  -28,  -16,   -4,  -12,  -24,    8,
     -44,  -28,  -24,   -8,  -16,    8,  -16,  -28,  -12,  -14,  -20,  -12,  -16,  -48,  -20,  -10,
     -40,  -20,  -12,  -36,  -56,  -16,   -8,  -28,  -28,  -24,   -8,   -8,  -12,    4,    8,  -44,
      -8,    8,   12,  -20,  -12,   12,   16,  -32,  -32,  -28,  -16,  -16,  -20,  -24,   16,  -32,
     -28,  -24,  -20,    8,  -20,  -26,  -12,  -16,   -6,  -33,  -33,  -12,  -12,  -54,  -21,  -12,
     -16,  -21,  -16,  -16,  -29,  -42,  -52,  -16,  -12,   16,   12,  -22,  -22,  -12,  -16,  -16,
      -8,   -8,  -36,   -8,   12,  -24,  -12,   12,   -8,  -12,   -8,   -8,   22,  -20,  -20,  -20,
     -12,  -12,   -8,   -6,  -16,  -36,  -20,  -16,  -16,  -10,  -10,  -34,  -12,  -28,   16,   -8,
       8,   16,   20,  -20,  -38,   18,   12,   48,   12,   16,    8,   16,   24,   12,   16,  -12,
      20,   16,   28,   28,    8,   20,   16,   16,   16,   12,    8,   44,   68,   44,   12,   16,
      12,   48,   12,   16,    8,   16,   24,   12,   16,  -12,   20,   16,   28,   48,   28,    8,
      20,  -20,    8,  -16,   20,   20,   20,   12,   20,   16,   24,  -12,   24,  -28,    8,  -28,
      20,  -42,   -8,   -8,   -4,  -12,    8,   26,  -36,  -16,  -36,  -24,  -16,  -16,   20,  -12,
     -12,    8,  -10,   -4,  -24,   16,  -34,   12,  -20,  -24,  -12,   20,   12,  -16,  -16,   -8,
     -16,  -20,  -14,  -16,   -8,   -8,  -40,  -20,   -8,  -16,   -8,   -8,  -34,   36,  -16,   20,
      20,    8,  -16,   12,  -36,  -40,  -18,  -16,  -24,  -24,  -12,  -12,  -12,  -12,   -4,   -4,
      -4,  -16,   -8,  -16,   -4,   12,    8,   -8,   -4,  -24,  -24,  -12,  -12,  -12,  -12,   -4,
      -4,   -4,  -16,   -8,  -16,   -4,   12,   12,   -8,   -4,   12,  -12,  -16,   -8,   -4,   12,
      16,   -8,   20,  -12,   56,   40,    4,   30,   24,   40,   48,   -4,   44,   48,  -12,   52,
       8,   36,   -8,   -8,   -8,   36,  -16,   -4,   12,   16,   60,   12,   36,   16,   12,  -16,
     -22,   12,   32,   -4,   16,   16,  -25,   16,   12,    8,    8,    8,   60,    8,   70,   32,
      12,   12,   12,  -42,  -44,  -44,   -8,  -20,  -12,    8,  -52,   -4,   -4,   -8,   -8,   -8,
     -12,  -24,  -12,  -54,  -12,  -12,  -36,  -36,  -12,  -24,  -26,   -8,   -8,   -8,   -8,  -12,
     -20,  -20,  -12,  -12,   -8,  -20,  -16,  -16,   -8,    4,  -16,  -16,  -20,   -8,  -12,  -24,
     -16,  -16,  -24,  -16,  -12,  -16,  -20,  -16,  -16,  -20,  -16,  -16,  -20,  -12,  -20,  -20,
     -16,  -20,  -16,  -24,  -12,  -20,  -16,   -8,  -20,  -30,   16,   38,   16,   -4,  -12,   -8,
      -8,  -12,  -12,  -12,   -4,   -8,  -16,  -12,  -12,  -12,   -8,   -8,  -12,  -10,  -12,   -8,
      -8,   20,   40,   20,  -16,   12,  -16,  -16,   -8,   -8,   12,   -8,  -12,   36,    8,    4,
       3,    8,   12,   16,   -4,    8,   20,  -12,   20,    8,  -32,  -24,  -32,  -20,   -8,  -20,
     -16,  -20,  -20,   -4,  -16,   -4,  -24,   12,  -16,   16,   24,   12,   -4,  -12,   12,  -16,
     -22,    8,  -24,  -16,  -25,  -10,  -10,    8,    8,  -12,  -16,    8,   28,    8,  -12,   44,
      32,    8,   -8,   12,   -8,  -40,  -40,  -44,   -8,  -16,  -16,  -12,  -12,  -12,  -32,  -12,
     -34,   -4,  -28,   -8,  -12,  -20,  -40,  -44,  -32,  -32,  -32,  -28,  -12,  -34,  -16,   -8,
     -12,  -38,  -44,  -32,  -38,  -16,  -28,  -32,  -16,  -32,  -16,   -8,   -4,  -62,  -20,   -4,
      -8,  -26,  -28,  -12,  -22,  -44,  -12,  -16,  -72,  -72,  -12,  -60,  -24,  -20,  -16,  -20,
     -16,  -12,  -20,  -12,  -12,   -8,   -8,  -40,   -8,  -20,  -46,   -8,  -12,   -8,  -32,  -12,
     -12,  -12,  -60,  -40,  -12,  -40,   -8,  -40,   -8,   -8,  -32,  -12,  -46,  -10,  -20,  -12,
     -24,  -16,  -16,  -50,  -60,  -46,  -12,  -32,  -50,  -20,  -20,  -12,  -16,  -32,  -40,  -28,
     -16,  -40,  -28,  -24,  -12,   -8,  -70,  -32,   -8,  -12,  -44,   -8,  -32,  -12,   -8,  -12,
     -30,   -8,  -24,  -16,  -60,  -10,   11,    8,  -12,   12,   44,  -20,  -16,  -40,   16,  -24,
      40,    8,   -8,   42,   -8,   -8,  -20,   -4,  -16,   12,   -8,   28,   12,  -20,  -12,   44,
      16,   11,    8,   12,   16,   16,   -8,   16,  -34,   20,   -8,   -8,  -16,  -24,  -30,   -8,
      42,  -40,  -16,  -12,  -24,  -48,  -12,   12,  -40,  -40,
};

static const EpdLigaturePair bookerly_12_bolditalicLigaturePairs[] = {
    { 0x00660066, 0xFB00 }, // f f -> U+FB00
    { 0x00660069, 0xFB01 }, // f i -> U+FB01
    { 0x0066006C, 0xFB02 }, // f l -> U+FB02
    { 0xFB000069, 0xFB03 }, // U+FB00 i -> U+FB03
    { 0xFB00006C, 0xFB04 }, // U+FB00 l -> U+FB04
};

static const EpdFontData bookerly_12_bolditalic = {
    bookerly_12_bolditalicBitmaps,
    bookerly_12_bolditalicGlyphs,
    bookerly_12_bolditalicIntervals,
    70,
    33,
    27,
    -7,
    true,
    bookerly_12_bolditalicGroups,
    19,
    nullptr,
    bookerly_12_bolditalicKernLeftClasses,
    bookerly_12_bolditalicKernRightClasses,
    nullptr,  // kernMatrix: built-in fonts use the sparse form below
    bookerly_12_bolditalicKernRowOffsets,
    bookerly_12_bolditalicKernSparseCols,
    bookerly_12_bolditalicKernSparseValues,
    670,
    684,
    157,
    122,
    bookerly_12_bolditalicLigaturePairs,
    5,
};
