/**
 * generated by fontconvert.py
 * name: notosans_12_italic
 * size: 12
 * mode: 2-bit  compressed: zopfli
 * hinting: auto (FT_LOAD_FORCE_AUTOHINT — grid-fits stems to whole pixels)
 * Command used: fontconvert.py notosans_12_italic 12 ../builtinFonts/source/NotoSans/NotoSans-Italic.ttf --2bit --compress --zopfli
 */
#pragma once
#include "EpdFontData.h"

static const uint8_t notosans_12_italicBitmaps[27556] = {
    0xB5, 0x98, 0x09, 0xA8, 0x24, 0x49, 0x5A, 0x80, 0xBF, 0xCC, 0x60, 0x37, 0x5D, 0x12, 0x3B, 0xE4,
    0x16, 0x9A, 0xAE, 0x18, 0x40, 0xEE, 0xAE, 0x4C, 0x8E, 0x01, 0x1E, 0x18, 0x59, 0x19, 0xAE, 0xDC,
    0x03, 0xCC, 0x72, 0xDF, 0x3A, 0x80, 0x80, 0x9C, 0x2D, 0xD0, 0x40, 0x21, 0xD9, 0x5D, 0xA1, 0x0B,
    0x0C, 0x20, 0x68, 0x73, 0xDF, 0x72, 0x9F, 0x22, 0xDB, 0xC2, 0x03, 0x13, 0x7C, 0xD3, 0x15, 0xB6,
    0x80, 0xC0, 0x00, 0x13, 0xEB, 0x02, 0x02, 0x5E, 0x29, 0x0E, 0x08, 0xCA, 0xB2, 0xA1, 0x9B, 0xCB,
    0x66, 0x3B, 0xF5, 0x5E, 0x98, 0x91, 0x95, 0x38, 0xF5, 0xEC, 0x37, 0x80, 0x80, 0x95, 0xF1, 0xC5,
    0xCB, 0x97, 0x51, 0xF1, 0xC7, 0x1F, 0xC7, 0x7F, 0x64, 0x71, 0x62, 0x62, 0xCC, 0x42, 0x1E, 0xC4,
    0x20, 0xBC, 0x70, 0x85, 0x2B, 0x6C, 0x69, 0x24, 0x12, 0x80, 0x86, 0x97, 0x68, 0x94, 0xA4, 0x52,
    0x6C, 0x37, 0xE8, 0x2D, 0xFA, 0x29, 0x57, 0x9A, 0x0F, 0xAF, 0x20, 0x77, 0x73, 0x25, 0xDC, 0x6B,
    0x10, 0x36, 0x40, 0x69, 0x06, 0x90, 0x99, 0xA7, 0x8C, 0x31, 0x9A, 0x6F, 0xBF, 0xF9, 0x93, 0x7F,
    0x83, 0xA7, 0x85, 0x01, 0x5D, 0x02, 0x57, 0x12, 0x78, 0xFE, 0x08, 0xDA, 0x18, 0x4F, 0xA9, 0x9A,
    0xC8, 0xBC, 0x7E, 0x4F, 0x48, 0x91, 0x84, 0xC0, 0x6B, 0x20, 0x89, 0xFC, 0x2F, 0x38, 0x46, 0x97,
    0xFD, 0xEC, 0xAD, 0x11, 0x6F, 0x1D, 0xE2, 0xAF, 0x12, 0x96, 0xFC, 0x2B, 0x03, 0x47, 0x0B, 0x6A,
    0x04, 0x79, 0x03, 0x8F, 0x2A, 0x78, 0x32, 0xF3, 0xB4, 0xE1, 0x57, 0xF4, 0x0D, 0x6D, 0x1C, 0x79,
    0x1C, 0x2D, 0x3C, 0x5F, 0x45, 0xCD, 0x14, 0x23, 0x1B, 0xD4, 0x2D, 0x9A, 0x66, 0x43, 0x60, 0xFF,
    0x28, 0xF7, 0xBC, 0x7E, 0x24, 0x2C, 0xE1, 0x89, 0x84, 0xF0, 0x74, 0xFB, 0xDB, 0x04, 0xFD, 0xBB,
    0xD1, 0x84, 0xEB, 0x9F, 0x7F, 0x6A, 0x8F, 0xFF, 0xF2, 0x85, 0x70, 0xF5, 0x47, 0xBF, 0x21, 0x1C,
    0x9B, 0xAD, 0xB0, 0xF3, 0x9C, 0x0B, 0x4B, 0xD0, 0xA5, 0xC9, 0xBD, 0x96, 0x14, 0x76, 0x5B, 0x21,
    0x51, 0x27, 0x34, 0xE5, 0x00, 0xC5, 0x2D, 0x50, 0x47, 0x0B, 0x2F, 0x4A, 0x07, 0xBD, 0x70, 0x70,
    0x9D, 0xAA, 0x7D, 0x69, 0x40, 0x6F, 0x81, 0xCA, 0x73, 0xD6, 0xB8, 0xF8, 0x91, 0x57, 0xA8, 0x2C,
    0x34, 0x34, 0x4C, 0x1D, 0x9A, 0x5D, 0x40, 0xA3, 0x7C, 0xAA, 0x1C, 0x2D, 0x47, 0x8F, 0x8C, 0xFF,
    0x11, 0xC8, 0xA3, 0x39, 0xA1, 0xAA, 0xAD, 0xD6, 0x57, 0x1F, 0xA2, 0x40, 0xC3, 0x48, 0x3E, 0x20,
    0x1C, 0xD2, 0xA0, 0xA0, 0x02, 0x0D, 0x1D, 0xF4, 0x70, 0x0D, 0xE1, 0xBD, 0x72, 0x0D, 0x7B, 0xD0,
    0xF0, 0x14, 0x7E, 0x01, 0xB8, 0x5A, 0xEE, 0x9E, 0xC0, 0x23, 0x90, 0x0F, 0x15, 0x05, 0x1B, 0x68,
    0x40, 0xC3, 0x1E, 0x46, 0xB2, 0x80, 0x70, 0x94, 0x76, 0x1D, 0xFF, 0x13, 0x00, 0x40, 0x7E, 0x4D,
    0xF3, 0x8B, 0xD0, 0xFE, 0x3D, 0x64, 0x31, 0xC2, 0x9B, 0x1F, 0x90, 0xFF, 0x23, 0x94, 0x7F, 0x00,
    0xAA, 0xB0, 0x7C, 0x47, 0x38, 0xC8, 0x0D, 0x6C, 0x78, 0x8F, 0x43, 0x8C, 0xB6, 0x8D, 0xD1, 0x3C,
    0xD4, 0x96, 0xBD, 0x12, 0x43, 0xE1, 0x4A, 0x2B, 0x79, 0x82, 0xA6, 0x3D, 0xB5, 0x53, 0xF3, 0xB2,
    0x83, 0xC2, 0x81, 0x04, 0x2A, 0x40, 0x03, 0x3D, 0x64, 0x01, 0x84, 0x5F, 0x9B, 0x0C, 0x28, 0xA0,
    0x39, 0x37, 0x11, 0x20, 0x1F, 0x40, 0xA4, 0x26, 0xFB, 0x75, 0x13, 0x6A, 0x84, 0x78, 0x8B, 0x08,
    0x2D, 0xA5, 0x93, 0x48, 0x23, 0x8D, 0x9A, 0xEB, 0xDD, 0x8C, 0x3E, 0x43, 0x87, 0xA2, 0x5F, 0xD8,
    0xCD, 0x68, 0x3A, 0x6E, 0x66, 0x46, 0x76, 0xC5, 0x80, 0x8A, 0x76, 0xDD, 0x6E, 0xB2, 0x48, 0x79,
    0x47, 0xFB, 0x82, 0xAB, 0x75, 0x1F, 0x96, 0x32, 0x42, 0x20, 0x0B, 0xCB, 0x56, 0x79, 0x84, 0x4B,
    0xA5, 0x58, 0x16, 0x51, 0x1A, 0x78, 0x3C, 0x41, 0x9A, 0xF6, 0x20, 0xDD, 0x59, 0x6D, 0xB1, 0x52,
    0xCE, 0x28, 0x60, 0x07, 0x4C, 0x50, 0x0C, 0xA0, 0xD2, 0x79, 0x82, 0x7C, 0x84, 0xD2, 0x43, 0x0B,
    0x1C, 0xE3, 0x2D, 0xC9, 0x7A, 0x50, 0xEF, 0xC8, 0x16, 0x39, 0xE5, 0xA5, 0x0C, 0x0B, 0x07, 0x38,
    0x8C, 0x70, 0xF4, 0x90, 0x9D, 0xD6, 0x39, 0x57, 0x17, 0x34, 0xFC, 0xD6, 0xFC, 0xFC, 0x10, 0x03,
    0x8F, 0xEF, 0x0C, 0x20, 0x1D, 0xD4, 0x33, 0x47, 0x4B, 0xF6, 0x95, 0x41, 0x7C, 0x01, 0xF2, 0x63,
    0x68, 0x14, 0xF4, 0x15, 0xF9, 0xD0, 0x50, 0x38, 0x8D, 0x42, 0xA3, 0xE9, 0x38, 0xC6, 0xE8, 0x63,
    0x8C, 0x0E, 0x02, 0x64, 0x89, 0x01, 0x72, 0x0F, 0x6D, 0xF4, 0x1C, 0xA2, 0xE3, 0x1A, 0x08, 0x89,
    0xF3, 0x63, 0x11, 0xFD, 0xCC, 0x89, 0xCC, 0xBC, 0x01, 0x6A, 0x40, 0x5E, 0x50, 0x03, 0x0D, 0x1F,
    0x66, 0x27, 0xDA, 0x55, 0x9F, 0x74, 0xEA, 0xA9, 0x67, 0x6E, 0x21, 0x0F, 0x17, 0x1B, 0xAB, 0x3C,
    0x55, 0x9C, 0x68, 0xDD, 0x0D, 0x3B, 0x1A, 0x3A, 0xB6, 0x2B, 0xE9, 0x5E, 0xA3, 0xE9, 0x69, 0xF3,
    0x80, 0x8A, 0x9E, 0xFC, 0x6E, 0x71, 0x31, 0x89, 0xFB, 0xC7, 0x41, 0x0C, 0x17, 0x02, 0xBF, 0xB9,
    0xA9, 0xBE, 0x68, 0xA2, 0x5E, 0xF6, 0x0B, 0x11, 0x94, 0x11, 0x4E, 0xDA, 0x74, 0x2C, 0xE7, 0xBF,
    0x46, 0xF8, 0x0A, 0x7E, 0x36, 0xC1, 0xD1, 0x51, 0x7C, 0x35, 0x50, 0x33, 0xD2, 0xD1, 0xD1, 0xA3,
    0x19, 0x67, 0x26, 0x3A, 0x5E, 0x64, 0x13, 0x6D, 0x1C, 0x28, 0xD2, 0xBC, 0x9E, 0x0D, 0xE4, 0xF1,
    0x44, 0xE9, 0x77, 0x48, 0x14, 0x15, 0x92, 0x26, 0xB1, 0xDC, 0xB7, 0xD4, 0xE6, 0x0E, 0x19, 0xEF,
    0xC8, 0xEF, 0x1A, 0xA0, 0xBB, 0xA7, 0x98, 0x51, 0x8E, 0xB9, 0x89, 0xE3, 0x97, 0x20, 0x7C, 0x31,
    0x14, 0x8E, 0xCB, 0xCF, 0xEA, 0xA2, 0xBB, 0xF5, 0x0F, 0xF7, 0x3F, 0x26, 0x99, 0x92, 0x34, 0x92,
    0x2D, 0x1A, 0x00, 0x28, 0x2D, 0x1C, 0x0D, 0xE5, 0x08, 0x07, 0x43, 0x31, 0x42, 0x6B, 0xCE, 0x94,
    0x13, 0x70, 0x78, 0xC5, 0x7A, 0xC0, 0x2D, 0xE4, 0x06, 0x20, 0x19, 0x6A, 0x82, 0x8B, 0xCF, 0xE5,
    0xB3, 0x3D, 0xD0, 0x5A, 0x28, 0x26, 0xD6, 0x6E, 0xCB, 0x4D, 0x9A, 0xB6, 0x59, 0x1E, 0x1E, 0x2D,
    0x8F, 0xCF, 0xC3, 0xF1, 0x01, 0x00, 0xF0, 0xED, 0x68, 0x54, 0x1C, 0xBE, 0x93, 0x07, 0x18, 0x57,
    0xA3, 0x11, 0x03, 0xD2, 0xD1, 0x92, 0x4D, 0x08, 0x4F, 0x61, 0x29, 0x01, 0x00, 0x14, 0xB4, 0xD0,
    0x00, 0x1C, 0xDF, 0x41, 0x19, 0xA3, 0xE3, 0xA5, 0x29, 0x42, 0x36, 0x42, 0x5F, 0xB8, 0x67, 0x83,
    0x96, 0x79, 0x9C, 0xB6, 0xDB, 0xD2, 0x5D, 0x3F, 0xD1, 0x92, 0xB0, 0xD9, 0x6F, 0x09, 0x4F, 0x9E,
    0xEB, 0x6C, 0xD8, 0x5E, 0xEB, 0xDC, 0xEB, 0xD7, 0x5A, 0xB8, 0xFD, 0x75, 0x23, 0x7D, 0xB8, 0xAE,
    0x4F, 0xD1, 0xEF, 0xCB, 0xE1, 0x60, 0x9A, 0x55, 0x30, 0x94, 0x03, 0x9F, 0x90, 0xC7, 0x18, 0xA0,
    0x3E, 0xDB, 0x84, 0x85, 0xDA, 0x41, 0x3B, 0xF3, 0xE7, 0x33, 0x3F, 0x75, 0xE4, 0x3F, 0xF2, 0x88,
    0xB7, 0x1E, 0xF9, 0xDD, 0x01, 0x95, 0x0D, 0x34, 0x59, 0x58, 0x8C, 0x68, 0xEE, 0x95, 0x0D, 0x04,
    0xE1, 0x18, 0x4B, 0xCB, 0x28, 0xA1, 0xAF, 0x67, 0x1A, 0xE8, 0xB2, 0x78, 0x9B, 0xA4, 0xBA, 0xDC,
    0x17, 0x5E, 0xF8, 0x7C, 0x10, 0x2E, 0x1F, 0x0A, 0x27, 0x7C, 0x69, 0x95, 0x95, 0x73, 0x9B, 0x8C,
    0x23, 0x92, 0x97, 0x6C, 0x90, 0xA6, 0x42, 0xDA, 0x66, 0xE6, 0xEC, 0x81, 0x14, 0x1D, 0x6F, 0x38,
    0xC6, 0x89, 0x18, 0x2D, 0xE4, 0x71, 0xA0, 0x8E, 0x13, 0x6F, 0xF8, 0x60, 0xB1, 0x09, 0xBF, 0x7A,
    0x34, 0x56, 0x8B, 0x5E, 0xD1, 0x2B, 0x0D, 0xB0, 0x63, 0xB5, 0x36, 0xFF, 0x2D, 0xC4, 0x72, 0x78,
    0x26, 0xB2, 0xF8, 0x2E, 0xE9, 0x63, 0x73, 0x5F, 0x0E, 0xC2, 0x67, 0x49, 0xE7, 0xA9, 0x70, 0xDC,
    0x94, 0x96, 0x4E, 0x9A, 0x19, 0xB8, 0x99, 0xE9, 0x15, 0x4C, 0x15, 0x29, 0x40, 0x89, 0xA0, 0x29,
    0xBD, 0xA6, 0xB6, 0x5D, 0x76, 0xC7, 0x31, 0x8E, 0xC4, 0x3B, 0x43, 0x96, 0x64, 0xC4, 0x68, 0x16,
    0xFB, 0x76, 0x67, 0x8A, 0xD5, 0xFB, 0xC8, 0x38, 0x9D, 0x01, 0x36, 0x17, 0xFA, 0xE9, 0x95, 0x0E,
    0x38, 0x46, 0x4F, 0x8C, 0xEE, 0xBE, 0x9C, 0xC4, 0xA5, 0x1C, 0xC3, 0x2A, 0x6B, 0x7C, 0x50, 0xCE,
    0x1E, 0xE8, 0x81, 0x11, 0x20, 0x8F, 0x5F, 0x52, 0xC7, 0x5B, 0xDE, 0xF0, 0xCB, 0xF9, 0xF8, 0xD0,
    0xFA, 0xB4, 0x53, 0xC3, 0x61, 0xD4, 0x10, 0xF4, 0x32, 0xAF, 0x6C, 0xD8, 0x91, 0x0F, 0x35, 0xC2,
    0x4B, 0x5F, 0x38, 0x91, 0x94, 0x39, 0xBC, 0x23, 0x0B, 0x48, 0xB2, 0x01, 0x45, 0xEE, 0xA9, 0x10,
    0x9E, 0x06, 0xE1, 0xD0, 0x14, 0x8E, 0x8E, 0xD2, 0xD2, 0x23, 0xE3, 0xA2, 0xD3, 0xB2, 0x71, 0x04,
    0x36, 0xA9, 0x4F, 0x72, 0x92, 0x34, 0x08, 0x8F, 0x5E, 0x2B, 0x47, 0x97, 0xFA, 0xF4, 0xA4, 0x13,
    0x81, 0x34, 0x10, 0x47, 0x9E, 0xBD, 0x42, 0xB2, 0x86, 0xED, 0x66, 0x8D, 0xDC, 0xEC, 0xE1, 0xFA,
    0x81, 0x88, 0xF1, 0xF8, 0x4B, 0x0E, 0x27, 0xD6, 0x6F, 0xDC, 0x8F, 0x29, 0xE4, 0x1E, 0xE1, 0x2F,
    0x63, 0x4A, 0x2A, 0xEF, 0x49, 0xCE, 0x46, 0xE2, 0xC0, 0xD1, 0xA4, 0x4E, 0xA7, 0x7C, 0x10, 0x21,
    0x1F, 0xA4, 0x13, 0xBE, 0x45, 0xB8, 0x1B, 0x8A, 0xB7, 0x61, 0x8E, 0xD1, 0x0E, 0xF9, 0x0C, 0x64,
    0x9C, 0xF9, 0x09, 0xA8, 0x8F, 0x2C, 0x55, 0xE1, 0x68, 0xD2, 0x14, 0xB2, 0x80, 0x66, 0xA4, 0xA3,
    0xA7, 0x3F, 0x07, 0x3E, 0xD6, 0xC1, 0x87, 0xF7, 0x06, 0xE7, 0xFE, 0xE0, 0xEB, 0xF8, 0x1C, 0x53,
    0x9C, 0x70, 0xD9, 0x09, 0x8E, 0xE4, 0x27, 0x88, 0xA9, 0xCE, 0xEF, 0x10, 0x3F, 0x5E, 0xCA, 0x3F,
    0x20, 0x3B, 0x8A, 0x3F, 0x66, 0xA3, 0x29, 0xFF, 0x10, 0xDD, 0xA5, 0x98, 0xB3, 0xEF, 0x91, 0x92,
    0x30, 0x22, 0x65, 0x36, 0x04, 0x36, 0xA5, 0xF8, 0xCB, 0xC0, 0xB6, 0xFC, 0xE8, 0xD7, 0x06, 0x9A,
    0xE2, 0xE3, 0x7C, 0x40, 0x17, 0x7F, 0x2A, 0x3C, 0x5D, 0x71, 0x12, 0x8E, 0xBD, 0x18, 0x0B, 0xC7,
    0xB5, 0x08, 0xA5, 0x25, 0x08, 0x37, 0xD7, 0xD9, 0x48, 0x61, 0xF3, 0x89, 0xD2, 0xE4, 0x27, 0xA4,
    0x99, 0x47, 0x91, 0x88, 0x7F, 0x42, 0x51, 0xFC, 0x11, 0x1B, 0xCA, 0x8F, 0xEC, 0x16, 0xF9, 0xEB,
    0x4E, 0x23, 0x85, 0x9F, 0xAB, 0x7C, 0xE8, 0xD8, 0x10, 0x7A, 0xB6, 0x8C, 0xD7, 0x34, 0x74, 0x01,
    0x8D, 0x0E, 0x74, 0x54, 0x81, 0x3D, 0x6A, 0xE0, 0x1A, 0xE9, 0x09, 0x94, 0x2E, 0xF9, 0x2A, 0xCB,
    0x92, 0x52, 0x72, 0x9B, 0x9D, 0x10, 0x81, 0x5D, 0x7A, 0x5C, 0x9F, 0xE7, 0xAF, 0x40, 0x52, 0x81,
    0xA4, 0x59, 0x2B, 0x85, 0x86, 0x1A, 0x0D, 0x3B, 0x1A, 0xE8, 0xD8, 0xC1, 0x44, 0x4D, 0x1E, 0x90,
    0x5E, 0x79, 0xC4, 0xE2, 0x36, 0x0F, 0x23, 0x64, 0x71, 0x4A, 0x26, 0x49, 0xEE, 0xA5, 0x13, 0xE9,
    0x28, 0xCE, 0x57, 0xAA, 0x4B, 0xBB, 0x38, 0x6D, 0x2B, 0x39, 0x2C, 0x66, 0xA0, 0xEE, 0xEC, 0x83,
    0xA6, 0xB4, 0x9A, 0xC0, 0xFF, 0x87, 0x86, 0x9C, 0x35, 0x84, 0x09, 0xE0, 0x6B, 0x67, 0x29, 0x1D,
    0xAB, 0xD6, 0xE6, 0xAC, 0xB5, 0xB8, 0xD0, 0xBA, 0x74, 0xD2, 0xD4, 0xC8, 0x78, 0x9A, 0xF1, 0x6C,
    0x84, 0xA3, 0x4A, 0x66, 0xB4, 0x9C, 0xA7, 0xC4, 0xC4, 0x9E, 0x9B, 0x35, 0x48, 0xEE, 0xE0, 0x71,
    0x72, 0x4C, 0xD1, 0xE6, 0x63, 0x6E, 0xD6, 0x2C, 0x6E, 0x41, 0x0C, 0x6B, 0x04, 0x39, 0x1A, 0x50,
    0xEB, 0x3F, 0xDC, 0x5C, 0xCC, 0xFD, 0x86, 0xEF, 0xE5, 0x23, 0xC7, 0xE4, 0x17, 0xEF, 0xCE, 0xB9,
    0xE4, 0x31, 0xAD, 0x69, 0xF3, 0xC0, 0xD2, 0x84, 0x33, 0xD9, 0x9A, 0x0E, 0x5E, 0x3A, 0x9A, 0x7B,
    0xCE, 0x86, 0xA5, 0x5D, 0x92, 0x7B, 0x14, 0x62, 0x71, 0x00, 0x8E, 0x86, 0xC2, 0xA1, 0x29, 0x2D,
    0x9A, 0xE4, 0x22, 0x91, 0xD0, 0x23, 0x61, 0x44, 0x41, 0x20, 0xB9, 0x49, 0x9A, 0xD4, 0x51, 0xB3,
    0xFA, 0x0B, 0x76, 0x48, 0x4B, 0x6D, 0x0F, 0x90, 0x9C, 0x3C, 0x59, 0x1C, 0xA0, 0x27, 0x0F, 0x3D,
    0xC2, 0xEF, 0x29, 0x5D, 0x12, 0xA2, 0xA9, 0xD0, 0x6B, 0xDA, 0xA2, 0x09, 0x34, 0xF9, 0xC0, 0x36,
    0xAD, 0x56, 0x69, 0xD9, 0x48, 0xD8, 0x6C, 0x41, 0x69, 0x90, 0xD7, 0x33, 0x61, 0xC6, 0xCF, 0x38,
    0xE8, 0x50, 0x46, 0xF8, 0x8E, 0xDA, 0x14, 0x4E, 0xD3, 0x1A, 0x69, 0x34, 0x7F, 0x61, 0x14, 0x9A,
    0x9F, 0x9B, 0x0A, 0x9D, 0xFF, 0xAD, 0xD5, 0x68, 0xF1, 0xD7, 0xB6, 0x47, 0x17, 0x9F, 0xDA, 0x80,
    0x96, 0xE2, 0xF7, 0xE6, 0x7A, 0x23, 0xBE, 0xEF, 0xD1, 0x73, 0x83, 0x43, 0xEF, 0xC5, 0xE7, 0x06,
    0x1D, 0xC4, 0x17, 0xD0, 0x84, 0xD9, 0x0E, 0xA9, 0xBC, 0x38, 0x41, 0xED, 0xC4, 0x04, 0xB5, 0x11,
    0x01, 0x6A, 0xC4, 0x00, 0x68, 0x4A, 0x47, 0x85, 0x02, 0x45, 0x03, 0xD2, 0x8C, 0x50, 0xFE, 0xFE,
    0x00, 0x49, 0x0E, 0xE2, 0x27, 0x40, 0x76, 0x0B, 0x30, 0x01, 0x49, 0x06, 0xE5, 0x0D, 0xA0, 0x2A,
    0xA0, 0x51, 0xC0, 0x24, 0x21, 0x1F, 0x4A, 0x4B, 0xE1, 0x0A, 0x47, 0x4A, 0x9A, 0x48, 0x7E, 0x97,
    0x1E, 0x69, 0x3B, 0x14, 0x9A, 0x86, 0x86, 0x89, 0x2A, 0x0B, 0x28, 0xE1, 0x91, 0xA5, 0x45, 0xFE,
    0x26, 0x94, 0x9F, 0x41, 0x31, 0x81, 0x08, 0xEF, 0x07, 0x86, 0xCB, 0xFD, 0xE2, 0x10, 0x4F, 0x0B,
    0x64, 0x23, 0x88, 0x61, 0x4D, 0x66, 0x81, 0x17, 0xC0, 0x2A, 0xA0, 0x74, 0xA0, 0xCC, 0x03, 0x8F,
    0x2E, 0x92, 0xC4, 0x3A, 0xD0, 0x86, 0xF7, 0x5F, 0xA6, 0xB2, 0x0B, 0x6F, 0x3B, 0x97, 0xC2, 0x52,
    0x9A, 0x7B, 0x6F, 0x4A, 0x5B, 0x52, 0xBF, 0x76, 0x40, 0xAF, 0xD7, 0x96, 0x0D, 0x1B, 0xE4, 0x7A,
    0x95, 0xA6, 0xB0, 0x85, 0x3D, 0xDB, 0x47, 0xEE, 0x39, 0x0C, 0x1C, 0xFE, 0x97, 0xAC, 0x55, 0xDC,
    0x2A, 0x4B, 0x5F, 0x86, 0x85, 0x0B, 0x1D, 0x96, 0x7E, 0x47, 0x07, 0xDF, 0x02, 0xE4, 0x9A, 0x62,
    0xFD, 0xAA, 0x83, 0x3F, 0x1B, 0x20, 0x04, 0x72, 0xBF, 0x47, 0x38, 0x4D, 0x61, 0xCE, 0x63, 0x6F,
    0x28, 0xAC, 0x46, 0xB8, 0x36, 0x9E, 0xDA, 0x38, 0x69, 0x2A, 0x24, 0xC2, 0x72, 0xF8, 0xBE, 0x15,
    0xF1, 0x5F, 0x4D, 0xE9, 0x0F, 0x28, 0x5A, 0x76, 0xD4, 0xA4, 0xB6, 0x8E, 0x86, 0x7E, 0x4D, 0x59,
    0x47, 0x4E, 0xF4, 0xF9, 0x7C, 0x57, 0x8E, 0xB4, 0xA7, 0xD7, 0x94, 0x43, 0x78, 0xD8, 0x9A, 0xFE,
    0xF9, 0x96, 0xFC, 0xEF, 0xE2, 0xEC, 0x64, 0x4B, 0x27, 0x82, 0x70, 0x85, 0x17, 0xAE, 0x74, 0x33,
    0x29, 0x49, 0xA6, 0x98, 0x29, 0xAD, 0x22, 0xF9, 0x82, 0x9A, 0xD6, 0x7E, 0x86, 0x8E, 0x23, 0x57,
    0x07, 0x0B, 0x87, 0x41, 0xC4, 0x20, 0xFD, 0x2F, 0x29, 0x68, 0xEE, 0xBF, 0x33, 0x4D, 0x70, 0x03,
    0x2F, 0x33, 0x53, 0x47, 0x5B, 0xDC, 0xF1, 0x9E, 0xC5, 0x26, 0x0E, 0x9F, 0x3A, 0x11, 0xFF, 0xDD,
    0x4A, 0x7F, 0x30, 0x97, 0x33, 0xB8, 0x59, 0x66, 0xD0, 0x3C, 0x30, 0x83, 0x70, 0x9E, 0xC1, 0xC1,
    0x8B, 0x38, 0x96, 0xAE, 0x57, 0xEC, 0x1B, 0xC6, 0xAE, 0x08, 0xC7, 0x68, 0x8F, 0x5F, 0x32, 0xC2,
    0x78, 0x1E, 0x15, 0x5B, 0x47, 0xB7, 0xE4, 0xE9, 0xF5, 0x00, 0xC7, 0xE1, 0xEB, 0xC1, 0x1D, 0x3C,
    0x8E, 0x70, 0xBC, 0xBB, 0x7F, 0xF4, 0x12, 0x0A, 0xBE, 0xD9, 0x29, 0xBF, 0xEF, 0x75, 0xA2, 0x83,
    0x37, 0x00, 0x6A, 0x18, 0x88, 0xEF, 0xBC, 0x18, 0x95, 0x2F, 0x9C, 0x74, 0xD2, 0x96, 0xFF, 0xB3,
    0x5E, 0x15, 0x92, 0x1D, 0x8A, 0x86, 0x96, 0x8A, 0x37, 0xA8, 0x3C, 0xA5, 0x89, 0x9A, 0x7C, 0x5A,
    0x93, 0x9E, 0xF5, 0xFD, 0xEA, 0x93, 0x62, 0xE0, 0x10, 0x1D, 0xEA, 0x16, 0x1E, 0xDE, 0x9F, 0xBB,
    0xB4, 0x3F, 0xF6, 0xFE, 0xFE, 0x14, 0xC9, 0x43, 0x5B, 0x69, 0xE6, 0x0B, 0x89, 0x9A, 0xA9, 0x96,
    0xB1, 0x2A, 0x34, 0xCD, 0x8C, 0x86, 0x3D, 0x13, 0xBF, 0x03, 0xF9, 0x70, 0xF6, 0xEB, 0xA9, 0xC7,
    0xFA, 0x6D, 0xAA, 0xF5, 0x3B, 0xF0, 0x1C, 0x26, 0xD2, 0xD7, 0x78, 0xF8, 0x25, 0xF7, 0xC1, 0x9C,
    0x60, 0x4D, 0x64, 0xC8, 0x02, 0xAD, 0xA7, 0x35, 0x0F, 0xAE, 0x55, 0x36, 0x48, 0x9B, 0xFB, 0x1D,
    0xC2, 0x4F, 0x88, 0xB7, 0x03, 0xC5, 0xE7, 0x8E, 0xF2, 0x07, 0x50, 0xDE, 0x9D, 0xB3, 0x14, 0xF9,
    0xB1, 0x41, 0x15, 0x6B, 0x54, 0xC9, 0xC3, 0xFA, 0xB2, 0xD5, 0x43, 0x47, 0xCF, 0x48, 0x20, 0x64,
    0xE1, 0xAC, 0xFB, 0x32, 0xD7, 0x34, 0xD3, 0x0B, 0xCD, 0xF3, 0x1F, 0xDE, 0xE6, 0x27, 0xC4, 0xE7,
    0x51, 0x46, 0xC4, 0x8F, 0xE5, 0x8D, 0x34, 0x22, 0x94, 0xA1, 0x34, 0x85, 0x4F, 0x71, 0x6B, 0xC6,
    0x4A, 0x66, 0x8C, 0x24, 0xA1, 0x48, 0x54, 0x6B, 0xFF, 0x84, 0x4E, 0xAC, 0x57, 0xB7, 0xD0, 0xCF,
    0x32, 0xEF, 0x10, 0x69, 0xA5, 0x6F, 0x4B, 0x57, 0x2C, 0x2B, 0x3D, 0x8F, 0x3C, 0x5F, 0x72, 0x5D,
    0x69, 0x45, 0x22, 0xC9, 0xA8, 0x57, 0x29, 0x4D, 0xEA, 0x7B, 0x3E, 0x93, 0x93, 0x74, 0x2F, 0x6A,
    0xAA, 0x06, 0xD5, 0xA1, 0xFA, 0x54, 0xAA, 0x91, 0x66, 0x44, 0xF7, 0x4C, 0xF3, 0xF4, 0x96, 0x33,
    0x09, 0xD7, 0x07, 0xC3, 0x7F, 0x46, 0xCF, 0x57, 0xDF, 0x0D, 0x9C, 0x08, 0xD9, 0x48, 0xC8, 0x03,
    0x41, 0xF8, 0x19, 0x97, 0xCD, 0xAC, 0xAF, 0x15, 0x69, 0xD4, 0xA1, 0x36, 0xF2, 0x70, 0x8B, 0x94,
    0xC3, 0x37, 0xA6, 0xCD, 0xFF, 0x77, 0x3F, 0xB0, 0x5A, 0xD1, 0x03, 0x06, 0x49, 0x61, 0xC9, 0xFF,
    0x66, 0x12, 0x5F, 0x8C, 0xE2, 0x16, 0x11, 0x28, 0x3C, 0xA5, 0x43, 0xDA, 0x87, 0x8F, 0x40, 0x16,
    0x5F, 0x15, 0x31, 0x48, 0xF3, 0x3D, 0x05, 0x12, 0xA4, 0x47, 0x4C, 0x70, 0x04, 0xE9, 0x28, 0x52,
    0x79, 0x25, 0x5D, 0x8C, 0x3C, 0x9B, 0xC0, 0x93, 0x2F, 0xCF, 0xEA, 0x98, 0x4C, 0x4F, 0x9A, 0x87,
    0x93, 0xCC, 0x1E, 0x6E, 0xE0, 0x30, 0xA0, 0x3C, 0xE7, 0xA3, 0x5D, 0xDE, 0x3B, 0xDA, 0xDB, 0xF3,
    0x82, 0xAF, 0x1B, 0xD6, 0xD1, 0xAF, 0xD3, 0xBA, 0x59, 0xA7, 0xA5, 0x86, 0xC0, 0x35, 0x55, 0xBF,
    0x2C, 0xF8, 0x3E, 0x0B, 0x9D, 0x18, 0x74, 0xE1, 0xB4, 0xB4, 0x5A, 0xA1, 0x1B, 0x9A, 0x8E, 0xED,
    0xDC, 0x1C, 0x92, 0x78, 0xE5, 0xE8, 0xB3, 0x31, 0x0F, 0x7D, 0x3E, 0x0A, 0xBF, 0x24, 0x9F, 0xFB,
    0xF2, 0xB9, 0x34, 0x7B, 0x79, 0x25, 0xD9, 0x6F, 0xAF, 0x2A, 0x3A, 0x7D, 0xA5, 0xE9, 0x9E, 0x5F,
    0xED, 0xE9, 0xC2, 0xD5, 0x48, 0x33, 0x34, 0x81, 0x9D, 0xDB, 0x79, 0x5A, 0xDB, 0x3A, 0x5A, 0xD3,
    0x1A, 0x5A, 0x5A, 0x10, 0x3E, 0xBD, 0x7B, 0x49, 0x4B, 0xA8, 0xA0, 0xEF, 0xA0, 0x09, 0x50, 0x7B,
    0x50, 0x06, 0xEA, 0x99, 0x83, 0x23, 0xFB, 0xA9, 0x47, 0xFC, 0x70, 0x40, 0xDA, 0x40, 0x4D, 0xCF,
    0x0D, 0x9A, 0xA4, 0x28, 0x3D, 0x7A, 0x31, 0xD1, 0x2E, 0x0B, 0x68, 0x31, 0x30, 0x6B, 0x8B, 0x96,
    0x86, 0xAD, 0x82, 0x6D, 0x03, 0x9B, 0x6E, 0xE6, 0x1A, 0x1E, 0x5D, 0xE4, 0x0C, 0x97, 0x3F, 0x99,
    0x4D, 0x70, 0x08, 0x33, 0x16, 0x88, 0x31, 0x8B, 0x77, 0xD0, 0xC1, 0x88, 0x18, 0x28, 0xED, 0xC5,
    0x8F, 0x8C, 0xEB, 0x7F, 0x6D, 0x1C, 0x0E, 0x71, 0x20, 0x0F, 0xC8, 0x81, 0x6A, 0x5D, 0xF8, 0xCB,
    0xE8, 0x54, 0x78, 0x0E, 0x86, 0x37, 0x50, 0xDA, 0x35, 0xAA, 0x5D, 0x06, 0xC9, 0x54, 0x96, 0xF0,
    0x75, 0xFD, 0x4D, 0x1F, 0x26, 0x88, 0x20, 0x79, 0x20, 0x0E, 0x56, 0x50, 0x7A, 0x94, 0xE7, 0x33,
    0x08, 0x64, 0x6B, 0x38, 0x5E, 0x7D, 0x4D, 0x69, 0x89, 0x30, 0x81, 0x9A, 0x32, 0x93, 0xF2, 0xBF,
    0x0F, 0xBE, 0x7D, 0xC7, 0x7F, 0x03, 0xBD, 0x98, 0x3F, 0x8C, 0x1C, 0xC9, 0x5E, 0xC7, 0x3F, 0xDD,
    0x25, 0xBB, 0x65, 0xD7, 0x3B, 0xD7, 0x22, 0x39, 0x30, 0x60, 0x4F, 0x5B, 0xE8, 0x05, 0x17, 0xEC,
    0x74, 0x27, 0x2B, 0x34, 0x48, 0xDD, 0x33, 0x65, 0x3B, 0x74, 0x80, 0x33, 0x42, 0x08, 0xC8, 0xD9,
    0xC0, 0xC1, 0x04, 0xED, 0x9B, 0xC2, 0x2F, 0x78, 0xE1, 0x6D, 0x46, 0xBA, 0x01, 0x11, 0xD1, 0x06,
    0x03, 0x8C, 0x60, 0xCF, 0x5B, 0x77, 0x97, 0x8B, 0x3A, 0x11, 0x20, 0x71, 0x01, 0x7D, 0x60, 0x89,
    0x00, 0xA1, 0x2B, 0x89, 0x16, 0x37, 0xC7, 0xCD, 0x4C, 0x51, 0xDD, 0x1A, 0x79, 0x65, 0x9F, 0x91,
    0x58, 0xAD, 0x9F, 0xA7, 0xEB, 0xFB, 0x53, 0xF7, 0xCE, 0xEF, 0xFB, 0xA7, 0xDC, 0xEE, 0xEA, 0x9E,
    0xA6, 0x61, 0xC3, 0x0A, 0x00, 0x97, 0xB8, 0xD4, 0x8A, 0xB8, 0x65, 0x46, 0x6A, 0xA5, 0x15, 0x39,
    0x25, 0xD3, 0xB8, 0x21, 0x0C, 0xE2, 0x35, 0xE5, 0x26, 0xF1, 0x77, 0x33, 0x8B, 0x82, 0x02, 0x6A,
    0xA8, 0xA0, 0xD9, 0x0F, 0x6A, 0x28, 0x1F, 0x19, 0x19, 0x6C, 0xB2, 0xD3, 0x38, 0x12, 0x0B, 0x2C,
    0x5E, 0x93, 0x86, 0x0D, 0x99, 0xBB, 0x87, 0xD2, 0xA0, 0x80, 0x1C, 0x28, 0x80, 0x31, 0x64, 0x61,
    0x87, 0x0C, 0x5B, 0x68, 0x80, 0x15, 0xD0, 0x01, 0x1E, 0xD2, 0x16, 0xA4, 0x85, 0x59, 0x08, 0xA6,
    0xC7, 0x01, 0x0F, 0xFF, 0x7B, 0xBB, 0x9C, 0x05, 0x5F, 0x08, 0x57, 0xD1, 0x1E, 0x71, 0x16, 0x47,
    0xDC, 0x89, 0x87, 0xF1, 0x8F, 0x7F, 0xFD, 0xE3, 0xF2, 0x80, 0x03, 0x45, 0xE2, 0xA5, 0x16, 0x2E,
    0x26, 0x37, 0xC2, 0xE6, 0x08, 0x5B, 0x93, 0xBA, 0x15, 0xC9, 0x77, 0x1E, 0xFE, 0xCB, 0xC2, 0x4F,
    0x9A, 0xDF, 0x09, 0x7F, 0x49, 0x19, 0x3A, 0x98, 0x03, 0x2B, 0x88, 0x64, 0x16, 0xA1, 0x05, 0x0F,
    0x49, 0x4B, 0xEC, 0x87, 0xE5, 0x9B, 0x0F, 0xF0, 0xD6, 0x61, 0xFE, 0x23, 0x5C, 0x04, 0x92, 0x2E,
    0x19, 0x9A, 0x13, 0x0F, 0xBC, 0x02, 0x2E, 0x5A, 0xC4, 0x97, 0x6B, 0xA4, 0xAE, 0x50, 0x44, 0xE8,
    0x09, 0x99, 0xF3, 0x10, 0x0C, 0xE4, 0x16, 0xD2, 0x96, 0x9E, 0x70, 0x90, 0xB9, 0x68, 0x66, 0x28,
    0xA3, 0xCC, 0xE4, 0x7E, 0x53, 0x3F, 0xAF, 0x90, 0x41, 0xF7, 0x92, 0x1D, 0xA2, 0xE3, 0xB3, 0x48,
    0x44, 0x9A, 0x71, 0xB2, 0x7B, 0xEC, 0x26, 0x32, 0x18, 0x7F, 0x9C, 0xC3, 0xF1, 0x59, 0x0D, 0x47,
    0xA7, 0x15, 0x4C, 0xDA, 0xBE, 0x0C, 0x7B, 0x71, 0xE6, 0x1C, 0x1D, 0xD7, 0x70, 0x3C, 0xC9, 0x1F,
    0x69, 0x3F, 0x96, 0xE1, 0xA5, 0x53, 0x7F, 0xFE, 0x4A, 0x9A, 0x41, 0x25, 0xEA, 0xAD, 0x21, 0x0A,
    0x20, 0xFF, 0x79, 0x5C, 0x3F, 0x3F, 0x3C, 0x3B, 0x6C, 0x27, 0xED, 0x91, 0xEF, 0x16, 0xC7, 0x00,
    0x70, 0xF2, 0x30, 0x6D, 0x97, 0xF2, 0x65, 0x5B, 0x48, 0x7B, 0x9E, 0xB3, 0xAA, 0xA9, 0x0A, 0xC6,
    0x0A, 0x25, 0xB5, 0x14, 0x36, 0x49, 0x98, 0x85, 0xA0, 0x17, 0x21, 0xD2, 0xC9, 0x7E, 0x86, 0xD9,
    0x66, 0xB6, 0x7E, 0x6F, 0x68, 0xB5, 0x4B, 0xDD, 0x44, 0xF5, 0xA1, 0x95, 0xB0, 0xC7, 0x67, 0xB1,
    0x1C, 0x9D, 0xAA, 0xCC, 0x4E, 0x5A, 0x15, 0xF4, 0xE4, 0x54, 0x6D, 0x63, 0x68, 0xA5, 0x62, 0x68,
    0x25, 0xCD, 0xF1, 0x24, 0x7E, 0xEB, 0xC7, 0x2A, 0xF9, 0x57, 0xA7, 0x0C, 0xEF, 0x86, 0x8E, 0xF6,
    0xEB, 0x45, 0xE8, 0x64, 0xC7, 0x6C, 0xC7, 0x5C, 0x71, 0x96, 0xE9, 0x38, 0xE2, 0x4E, 0x3C, 0x94,
    0x1D, 0x8C, 0xF8, 0x19, 0xFA, 0xB0, 0x7D, 0xE8, 0xF7, 0x7D, 0x07, 0xBC, 0x99, 0x50, 0xB2, 0x43,
    0xFC, 0x87, 0x49, 0x84, 0x25, 0x8E, 0x6C, 0x68, 0x9F, 0x93, 0xB4, 0x48, 0x4D, 0xF9, 0x57, 0xB1,
    0x8B, 0x6C, 0x7D, 0xE7, 0x15, 0x8A, 0x3B, 0x37, 0x57, 0xD2, 0x53, 0x71, 0x48, 0xF5, 0x3F, 0xEB,
    0x85, 0x4B, 0x7D, 0x66, 0x15, 0x15, 0xAC, 0x68, 0xE8, 0x62, 0xF5, 0x74, 0x11, 0x3E, 0x89, 0x48,
    0xDB, 0xC4, 0x0B, 0x97, 0xB6, 0xC2, 0x0A, 0x27, 0x6C, 0x16, 0x37, 0x65, 0xA5, 0x2D, 0x63, 0xFD,
    0x7B, 0xA3, 0xC2, 0xB7, 0x5A, 0x7D, 0x26, 0x19, 0x01, 0x05, 0x50, 0x03, 0xD5, 0x1E, 0x73, 0x20,
    0x8D, 0x91, 0xD4, 0x10, 0xFD, 0xA5, 0x59, 0xEC, 0x71, 0x71, 0x89, 0xE1, 0x78, 0x16, 0x51, 0x46,
    0xC8, 0x08, 0xFE, 0x28, 0x22, 0xFD, 0x7F, 0x20, 0x79, 0xA4, 0x9B, 0xCD, 0x4A, 0x68, 0x69, 0x12,
    0x97, 0xB4, 0x33, 0x37, 0xD3, 0x3C, 0xCB, 0xDA, 0xA9, 0xFB, 0x3D, 0x1B, 0x63, 0x9A, 0xCC, 0x64,
    0x5A, 0xF6, 0xB3, 0x44, 0xFA, 0xF1, 0xE1, 0xF1, 0x2F, 0xCE, 0x3E, 0x69, 0xEF, 0xB7, 0x87, 0x67,
    0xCF, 0x4B, 0x07, 0xC0, 0x6D, 0xA1, 0x55, 0x9C, 0xC9, 0xCB, 0x38, 0x9D, 0x38, 0xBB, 0x2E, 0xF5,
    0xE7, 0xD9, 0x97, 0x9D, 0xCA, 0x5C, 0xA5, 0xF4, 0xB2, 0x02, 0x48, 0x3C, 0x95, 0x6C, 0x59, 0xD6,
    0x6D, 0xD2, 0xFE, 0x56, 0xEC, 0x4A, 0xAD, 0x42, 0xD8, 0x31, 0xC2, 0xCC, 0xC9, 0xB4, 0xBF, 0x27,
    0x1F, 0xBB, 0x4A, 0x66, 0x66, 0xA3, 0x94, 0x58, 0xC5, 0xCE, 0x23, 0x96, 0xF7, 0x9F, 0x27, 0xED,
    0xF1, 0x99, 0xB0, 0x61, 0x2B, 0x1F, 0x85, 0xCD, 0x08, 0x5C, 0x45, 0xE2, 0xFE, 0x84, 0xC4, 0xF0,
    0x8C, 0x7B, 0x08, 0xCF, 0x9C, 0xBC, 0xC5, 0xF3, 0x07, 0x2E, 0x75, 0xA4, 0x36, 0x33, 0x08, 0xAB,
    0x88, 0xA5, 0x02, 0x61, 0x96, 0x90, 0x3D, 0xFA, 0x2E, 0x68, 0x29, 0xBE, 0xFE, 0x0B, 0xAB, 0xA4,
    0x4E, 0xED, 0xED, 0x11, 0xC2, 0x52, 0x45, 0x3B, 0x3C, 0x23, 0x22, 0x29, 0x5A, 0xC7, 0xC9, 0xA2,
    0x90, 0x30, 0xA6, 0x0C, 0xCC, 0x99, 0x05, 0xD2, 0x2D, 0x9C, 0xA8, 0xD0, 0x37, 0x4B, 0xA4, 0x46,
    0x11, 0x89, 0xEB, 0x9E, 0xD8, 0xE1, 0xE1, 0x30, 0x12, 0x79, 0x20, 0xCC, 0x29, 0x0F, 0x94, 0x68,
    0x9F, 0x55, 0x63, 0xE9, 0x2E, 0xD6, 0xF3, 0x91, 0x2D, 0x4F, 0xFC, 0xEF, 0xDB, 0x48, 0xFA, 0xB7,
    0x48, 0x7B, 0xF2, 0x2B, 0xC3, 0x48, 0x06, 0x4F, 0xA5, 0x42, 0x8B, 0x47, 0xF6, 0x6E, 0x8A, 0x44,
    0x73, 0x0B, 0xD2, 0x16, 0xE1, 0x11, 0x0E, 0x00, 0x10, 0xBA, 0x37, 0xC9, 0xE1, 0x05, 0x69, 0x87,
    0x74, 0xE4, 0x50, 0x43, 0x03, 0xAB, 0xA1, 0x4E, 0x53, 0x5B, 0x06, 0x7B, 0xF3, 0x47, 0x60, 0x0A,
    0x28, 0x20, 0x33, 0x90, 0x5A, 0x00, 0x00, 0x50, 0x06, 0x4A, 0x0B, 0xB3, 0x88, 0xBF, 0xB5, 0xC3,
    0xB2, 0x95, 0xFE, 0xA3, 0x43, 0x7C, 0xE5, 0x50, 0x8F, 0x5B, 0xF2, 0xA4, 0xA5, 0x4E, 0x3C, 0x8B,
    0xE0, 0x09, 0xC1, 0xC7, 0x23, 0x2F, 0x2C, 0x9D, 0x34, 0x74, 0x0A, 0x56, 0x65, 0x44, 0x6F, 0xB8,
    0x37, 0x58, 0x0F, 0x09, 0xC9, 0xF4, 0x87, 0xD7, 0x17, 0x2D, 0x28, 0x0F, 0xD5, 0x1C, 0xDA, 0x07,
    0x1F, 0x5E, 0x7F, 0xF6, 0x44, 0x43, 0x08, 0x90, 0xD8, 0x15, 0xF0, 0xB6, 0xC1, 0xE0, 0x30, 0x58,
    0x0C, 0x1E, 0xBD, 0xC9, 0xE0, 0x32, 0xD8, 0x0C, 0x3E, 0x83, 0xD1, 0xE0, 0x34, 0x58, 0xF5, 0x5E,
    0xF4, 0x66, 0xF4, 0x6E, 0xF4, 0x76, 0xF4, 0x7E, 0xF4, 0x86, 0x0C, 0x8E, 0x30, 0x79, 0x00, 0x4D,
    0x0D, 0x47, 0xF7, 0x3E, 0xFC, 0x74, 0x32, 0x07, 0x79, 0x07, 0x87, 0x13, 0x98, 0x44, 0x94, 0x1D,
    0x48, 0xF7, 0xE1, 0x7D, 0x92, 0x10, 0xB6, 0x20, 0x86, 0x2A, 0x3F, 0x07, 0xC8, 0x73, 0x80, 0x7A,
    0xA8, 0xE7, 0x05, 0x80, 0xAF, 0x01, 0xD1, 0xCE, 0x82, 0x23, 0xB3, 0x8B, 0x58, 0x15, 0x2B, 0x18,
    0xEE, 0x8A, 0xB0, 0x18, 0x6A, 0x87, 0x87, 0x7E, 0x69, 0x03, 0x61, 0xD3, 0x16, 0x94, 0x11, 0x2D,
    0x94, 0xBD, 0x32, 0xF5, 0x50, 0x49, 0x43, 0x1B, 0x39, 0x6B, 0x5E, 0xF1, 0x30, 0xF5, 0x90, 0xB9,
    0xBE, 0xEB, 0xF2, 0xDE, 0x5E, 0xBF, 0xB3, 0xE0, 0xD5, 0xC0, 0x14, 0x28, 0x01, 0xE5, 0x6E, 0x20,
    0xC2, 0x0E, 0x2E, 0xD6, 0xF0, 0x8B, 0x3D, 0x41, 0xEA, 0x01, 0x49, 0x00, 0xD6, 0x80, 0xD2, 0x90,
    0x59, 0x48, 0x1D, 0x70, 0x06, 0x00, 0x0C, 0x33, 0x34, 0x69, 0x08, 0x3A, 0x75, 0x20, 0xEC, 0x80,
    0xA1, 0x4D, 0x1A, 0x50, 0x61, 0xCD, 0x00, 0x78, 0xEF, 0xA2, 0xDB, 0x00, 0x17, 0xC1, 0x11, 0x82,
    0xDD, 0x1B, 0xD4, 0xC0, 0xB2, 0xF7, 0xF8, 0xF0, 0xFA, 0x49, 0x07, 0xD9, 0x06, 0xF2, 0x11, 0xCC,
    0xE5, 0x87, 0xD7, 0xBF, 0x23, 0xA1, 0x54, 0x9A, 0x4F, 0x6E, 0x7F, 0x78, 0xED, 0x02, 0x14, 0x64,
    0xE6, 0x72, 0x69, 0x0A, 0x1D, 0x7F, 0x76, 0x82, 0x82, 0xFC, 0xED, 0xE7, 0xBE, 0x39, 0x2C, 0xA1,
    0x03, 0x4F, 0xE2, 0x87, 0xF5, 0xD0, 0xF5, 0xB6, 0xBF, 0xFB, 0x9A, 0xC5, 0x06, 0x98, 0xC2, 0x9A,
    0xB4, 0x25, 0xD3, 0xD7, 0xD2, 0x11, 0x2D, 0xCA, 0x53, 0xCD, 0xF1, 0x0F, 0xAE, 0xA5, 0x53, 0x3D,
    0xA0, 0xA9, 0x39, 0xBA, 0x7F, 0x2D, 0x91, 0xC5, 0x4E, 0x73, 0x11, 0x5A, 0x96, 0xE9, 0x9A, 0x8E,
    0x06, 0xCF, 0x34, 0x76, 0x95, 0xB1, 0x2D, 0x17, 0x8E, 0x7C, 0x16, 0x6C, 0x19, 0x51, 0x64, 0x96,
    0xA9, 0x34, 0x34, 0x4A, 0xB3, 0x51, 0xA4, 0x9D, 0x42, 0xB6, 0x39, 0x0B, 0x53, 0x86, 0x2D, 0xB3,
    0x70, 0x02, 0x6C, 0x3F, 0x01, 0x11, 0x36, 0x90, 0x45, 0xEE, 0xE5, 0x27, 0xE9, 0xC8, 0x4C, 0xD4,
    0x96, 0x3A, 0xDD, 0xA0, 0xB4, 0xF8, 0x4F, 0x14, 0xE2, 0x5F, 0xC8, 0xC9, 0x3E, 0x67, 0x84, 0x7C,
    0x6A, 0xC6, 0xA8, 0x27, 0xB6, 0x42, 0x09, 0x17, 0x4B, 0xDA, 0x36, 0x8C, 0xF0, 0x2B, 0xC6, 0x74,
    0x4B, 0x6A, 0x1A, 0x4F, 0x45, 0xE5, 0x69, 0x28, 0xF6, 0xB7, 0xD5, 0x25, 0xCA, 0xE1, 0x91, 0x16,
    0xF8, 0x53, 0x80, 0x06, 0xA0, 0x06, 0x50, 0x00, 0x29, 0x97, 0x1F, 0xB8, 0x19, 0x0C, 0x31, 0x5F,
    0x07, 0xDB, 0x64, 0x83, 0xF0, 0x4C, 0x7B, 0x66, 0x89, 0xD2, 0x28, 0x72, 0x50, 0x14, 0xA0, 0xA8,
    0xF7, 0x25, 0xA7, 0x82, 0xB2, 0x2F, 0x53, 0x6A, 0x68, 0x86, 0x33, 0x4E, 0x49, 0xEA, 0x51, 0x2E,
    0x77, 0x88, 0x10, 0x34, 0x2C, 0x3A, 0xD8, 0xBB, 0x27, 0x1E, 0x10, 0x16, 0x50, 0x00, 0x77, 0x3F,
    0x96, 0xF9, 0x4D, 0x80, 0xD2, 0x02, 0x7F, 0xE7, 0x20, 0x6D, 0x3D, 0xA4, 0x3C, 0xFC, 0x48, 0xE6,
    0xAB, 0x5B, 0x90, 0x86, 0xFB, 0x20, 0x9E, 0x6E, 0x20, 0x4B, 0xDA, 0x8F, 0xE4, 0x7B, 0xFA, 0x1C,
    0xF0, 0x2B, 0xA0, 0x3D, 0x03, 0xE0, 0xA3, 0xF8, 0x1E, 0x70, 0xB0, 0xA2, 0x99, 0x26, 0x9D, 0xFA,
    0xB5, 0x13, 0xDF, 0x6B, 0xB6, 0xC4, 0x11, 0x77, 0xD4, 0x13, 0x57, 0x27, 0xDD, 0x92, 0x26, 0x36,
    0x00, 0x49, 0x1F, 0xE1, 0xA9, 0x89, 0x11, 0x42, 0x1F, 0x21, 0xB6, 0x78, 0x76, 0x48, 0x2B, 0x02,
    0x4A, 0xCB, 0xCF, 0xC9, 0xC9, 0x15, 0x05, 0x4D, 0xEF, 0xDE, 0xC5, 0x22, 0x5C, 0x4E, 0x25, 0x4D,
    0x49, 0x55, 0xF6, 0x11, 0x9A, 0x3E, 0x82, 0xEF, 0x23, 0xB8, 0x7D, 0x04, 0xCA, 0x3E, 0x42, 0xD3,
    0x47, 0x78, 0x08, 0x00, 0x27, 0x00, 0x1D, 0xC0, 0x1C, 0x60, 0x0C, 0x70, 0x83, 0xCB, 0x0F, 0x69,
    0x8B, 0x22, 0x75, 0xE4, 0x08, 0x47, 0x81, 0xB0, 0xD4, 0x64, 0x96, 0x0A, 0x69, 0xA8, 0x50, 0x51,
    0x0D, 0x05, 0x2B, 0x14, 0x74, 0xE4, 0xE0, 0x29, 0x48, 0x3C, 0x75, 0x4F, 0xAC, 0x7A, 0x4E, 0xDD,
    0x73, 0xA6, 0x28, 0x43, 0x69, 0x16, 0xA0, 0xC2, 0x16, 0x92, 0xD0, 0x02, 0x70, 0x0A, 0x88, 0x16,
    0x7A, 0x31, 0x28, 0x00, 0x7E, 0xF9, 0xB1, 0xCC, 0x7F, 0x1B, 0x60, 0x06, 0xF0, 0x83, 0x05, 0xF1,
    0xA5, 0x83, 0x1B, 0x3C, 0xFB, 0x38, 0xE6, 0x89, 0x3B, 0x05, 0xF1, 0x9D, 0x87, 0xD4, 0xB6, 0x00,
    0x1F, 0x6B, 0xD2, 0xE7, 0xF4, 0xAD, 0x08, 0x0B, 0x77, 0x00, 0x00, 0x06, 0x2D, 0xD3, 0x90, 0x53,
    0x51, 0x53, 0xB3, 0xA6, 0x88, 0x3D, 0xB9, 0x70, 0xA8, 0xE8, 0xA8, 0xFE, 0x18, 0xE4, 0x17, 0x90,
    0xAD, 0x41, 0xF4, 0x54, 0xF7, 0xF6, 0x5D, 0xB3, 0x87, 0xD2, 0x11, 0x0C, 0xD2, 0xA4, 0x6D, 0x44,
    0xDF, 0x13, 0x5E, 0x47, 0x6C, 0x63, 0x5F, 0x19, 0x7B, 0x94, 0x8E, 0x9B, 0x51, 0xC4, 0x1A, 0x91,
    0x53, 0x52, 0xF0, 0xC5, 0x70, 0x69, 0xCD, 0x76, 0x9A, 0x8A, 0xB7, 0xDF, 0x6E, 0xC0, 0xCD, 0x1D,
    0x50, 0x06, 0x07, 0x2F, 0x44, 0x0B, 0x5D, 0xAF, 0xEC, 0xD3, 0x36, 0x3A, 0x48, 0x1B, 0x2D, 0x66,
    0x20, 0x5C, 0x1F, 0xE8, 0xAB, 0x16, 0xB2, 0xAF, 0x1D, 0x64, 0x2F, 0x3B, 0xA2, 0xCF, 0x17, 0xA0,
    0x74, 0xA9, 0x51, 0x48, 0x4B, 0x1E, 0xCD, 0x29, 0xFA, 0x52, 0x3F, 0xCB, 0x0D, 0xD5, 0x22, 0x40,
    0x55, 0x76, 0xD0, 0xB0, 0x37, 0xA3, 0xDB, 0xA7, 0x66, 0xE6, 0xFA, 0xA2, 0x01, 0x4A, 0x40, 0x01,
    0xC2, 0x02, 0x06, 0x00, 0x16, 0xBF, 0x32, 0x22, 0xFC, 0xBB, 0x96, 0x6E, 0x41, 0xCE, 0x8C, 0x29,
    0x25, 0x15, 0x05, 0x0D, 0x35, 0x2B, 0x2A, 0xD6, 0x34, 0x74, 0x6C, 0x58, 0xA5, 0x71, 0x4F, 0x76,
    0xCC, 0x36, 0x67, 0xC8, 0xD6, 0x73, 0xF9, 0x23, 0xC3, 0x45, 0xE8, 0xEB, 0x69, 0x89, 0x16, 0x54,
    0x9F, 0xBE, 0x82, 0x93, 0x5B, 0xD7, 0xD3, 0x5A, 0x04, 0x4D, 0xD8, 0x01, 0x5C, 0x4F, 0xA7, 0x7A,
    0x10, 0x51, 0xC0, 0xE4, 0xFE, 0xB5, 0x74, 0x62, 0xD9, 0x3F, 0xFD, 0x7F, 0x1A, 0x31, 0x19, 0xF6,
    0xC9, 0xDC, 0x35, 0xE7, 0xF8, 0xB4, 0x6C, 0x45, 0xF8, 0x87, 0xB0, 0x96, 0xEE, 0xC2, 0x9D, 0xF7,
    0xD4, 0x6A, 0xCA, 0x94, 0x55, 0x45, 0x95, 0xF9, 0x86, 0x45, 0xB0, 0x2B, 0x2E, 0x5E, 0xB3, 0x8E,
    0x1B, 0x5D, 0x12, 0xCB, 0x4A, 0x6C, 0xE0, 0x7C, 0xB4, 0xE3, 0x64, 0xB6, 0xFE, 0x3E, 0xB8, 0xFC,
    0x9B, 0xAF, 0x76, 0x9A, 0x45, 0xD4, 0xF0, 0xCA, 0x1D, 0x5C, 0xFE, 0x50, 0x1D, 0x46, 0x07, 0x6B,
    0x38, 0x87, 0xCF, 0x12, 0x5D, 0x06, 0x93, 0xED, 0x48, 0x2D, 0xC2, 0x81, 0x07, 0x4F, 0xD9, 0x52,
    0x1A, 0x68, 0xA0, 0x00, 0x05, 0xA9, 0x06, 0x58, 0x38, 0x11, 0x3A, 0x69, 0x57, 0x39, 0xF3, 0x9A,
    0xAE, 0xC9, 0xFC, 0x45, 0x30, 0x31, 0x40, 0x07, 0x1D, 0x83, 0x14, 0xA6, 0x0C, 0x36, 0x8B, 0xA6,
    0x9C, 0x93, 0x78, 0x32, 0xC3, 0x2D, 0xAE, 0x46, 0x54, 0xB6, 0xF7, 0xEE, 0x96, 0x89, 0xF9, 0xE5,
    0xD5, 0x88, 0x67, 0x93, 0xF8, 0x3D, 0xA7, 0x47, 0x57, 0x62, 0x65, 0x36, 0x75, 0x78, 0x0E, 0x20,
    0x6D, 0x85, 0x1B, 0x5E, 0x89, 0xDA, 0xE1, 0x5A, 0x47, 0x91, 0x53, 0x50, 0x53, 0x51, 0x81, 0x32,
    0x14, 0xB0, 0x04, 0x0D, 0x5C, 0x3E, 0x2C, 0xC6, 0x91, 0x59, 0xA4, 0x41, 0x69, 0x14, 0xEF, 0x3E,
    0x64, 0x56, 0xC0, 0x06, 0xB1, 0x25, 0x97, 0xDC, 0x4D, 0xF4, 0x95, 0x88, 0x32, 0xD3, 0x4A, 0x9A,
    0xDB, 0xD9, 0x15, 0xED, 0x00, 0x54, 0x66, 0x50, 0x01, 0x44, 0x07, 0xE5, 0x1A, 0xE6, 0x15, 0x50,
    0x00, 0x0A, 0x2E, 0xFE, 0x10, 0x19, 0xBE, 0x27, 0xD7, 0x17, 0xD4, 0xCC, 0x68, 0x28, 0x59, 0x51,
    0xD0, 0x51, 0x47, 0x54, 0xAC, 0xE3, 0xF6, 0x42, 0x78, 0x66, 0x21, 0xDA, 0x6C, 0x01, 0xD9, 0x9E,
    0x51, 0x06, 0xC7, 0x51, 0xAE, 0x01, 0xD2, 0x6F, 0x76, 0x88, 0x6F, 0x83, 0x11, 0x5B, 0x69, 0x33,
    0x2F, 0x6C, 0xE6, 0x32, 0x2B, 0xE3, 0xA6, 0x8C, 0x1C, 0xD6, 0xC7, 0x9C, 0x1E, 0x39, 0x05, 0x25,
    0x35, 0x45, 0x44, 0x4D, 0x43, 0x05, 0x35, 0xE4, 0x20, 0x35, 0xC9, 0x9B, 0xFF, 0x46, 0x6B, 0x65,
    0x5F, 0x94, 0x14, 0x35, 0x79, 0x43, 0xBE, 0xEA, 0x47, 0xD1, 0x51, 0x77, 0x54, 0x2B, 0xD6, 0x75,
    0xEA, 0x87, 0xD3, 0x03, 0x34, 0x24, 0x1E, 0x61, 0xB9, 0xC1, 0xD5, 0x88, 0xD2, 0x52, 0x7A, 0x96,
    0xCF, 0x13, 0x73, 0xEF, 0x6A, 0xC4, 0x8B, 0x40, 0x1A, 0x36, 0x00, 0xEC, 0x2D, 0x89, 0x54, 0x22,
    0x97, 0x48, 0x26, 0xB2, 0x89, 0x74, 0x22, 0xFF, 0xAD, 0x7F, 0xBA, 0xA8, 0x41, 0x14, 0x21, 0xAA,
    0x30, 0x04, 0x7F, 0x1E, 0xFF, 0x56, 0x71, 0xFC, 0xE9, 0xD5, 0xDC, 0x47, 0xC0, 0x0C, 0x18, 0x01,
    0xBC, 0xFD, 0x62, 0x13, 0x00, 0x78, 0xB7, 0x47, 0x93, 0xFF, 0x60, 0x89, 0x3D, 0xC2, 0x97, 0x5A,
    0xDA, 0x99, 0x51, 0xFA, 0x27, 0x9B, 0xA7, 0xFF, 0x64, 0x0B, 0xF9, 0x6B, 0x3B, 0x1E, 0x65, 0xA6,
    0xAE, 0x94, 0x1E, 0x7B, 0x45, 0xE9, 0xA6, 0x28, 0x73, 0x4E, 0x1E, 0x3C, 0xF5, 0x85, 0xE1, 0x2E,
    0x40, 0x0E, 0x48, 0x0D, 0xC2, 0x02, 0x1A, 0x00, 0x39, 0x9C, 0x4C, 0xB9, 0xBF, 0x04, 0x14, 0x05,
    0x39, 0xE3, 0xFD, 0xC9, 0xAC, 0xA8, 0x68, 0x68, 0x58, 0xED, 0x57, 0xAB, 0xF3, 0x61, 0xB5, 0xF2,
    0xE4, 0x6F, 0xEE, 0x14, 0x2B, 0x48, 0x1D, 0x24, 0x5C, 0x4F, 0x4B, 0xF8, 0xFD, 0x9D, 0xE2, 0x10,
    0x9E, 0xDD, 0xB8, 0x9E, 0xD6, 0xE1, 0x1D, 0xA8, 0x0A, 0xF8, 0xF4, 0xFE, 0xF5, 0x74, 0x48, 0x7D,
    0xCF, 0x86, 0x11, 0x70, 0x17, 0x00, 0x96, 0x14, 0xAC, 0xA8, 0x98, 0xB3, 0xA6, 0x49, 0x3C, 0x95,
    0x68, 0xA9, 0x32, 0x4B, 0xA5, 0x34, 0xE3, 0x1C, 0xC6, 0x35, 0x8C, 0x9A, 0x88, 0x25, 0xDC, 0xF1,
    0xA0, 0x5C, 0x84, 0x8D, 0x00, 0x0A, 0xA0, 0x02, 0xD6, 0xB0, 0xF0, 0x11, 0x06, 0xC8, 0xDF, 0xF7,
    0x1A, 0x79, 0xA1, 0xF9, 0x9B, 0xE0, 0xF8, 0xE9, 0xB1, 0x67, 0x83, 0x4F, 0xBA, 0xFD, 0x5B, 0x69,
    0x87, 0x17, 0x36, 0x89, 0x48, 0xDB, 0xCC, 0x0A, 0x37, 0x5C, 0x88, 0x6D, 0xA9, 0xD5, 0x62, 0x8B,
    0x52, 0xED, 0xFF, 0xF9, 0x46, 0x9A, 0xD4, 0xB6, 0x88, 0x6F, 0x3C, 0xA9, 0x71, 0xBF, 0x89, 0x39,
    0xFC, 0x2F, 0xBD, 0xD9, 0x01, 0xA4, 0x2C, 0xD9, 0x9D, 0xC7, 0xF1, 0x4F, 0x55, 0xE5, 0xBD, 0x92,
    0xA9, 0xCD, 0x9C, 0xC1, 0x60, 0x57, 0xE6, 0xDD, 0x0A, 0x06, 0x90, 0xD7, 0x0D, 0xC1, 0xA0, 0xFB,
    0x76, 0x49, 0x00, 0x41, 0x06, 0x00, 0x10, 0x00, 0x20, 0xC1, 0xC3, 0x5D, 0x7A, 0x72, 0x8B, 0xC5,
    0x62, 0xB0, 0x0F, 0x00, 0x30, 0x58, 0x60, 0xED, 0xEE, 0x5B, 0x1E, 0xDB, 0xEC, 0x33, 0x7D, 0xCC,
    0x22, 0x6C, 0x90, 0xDA, 0xCD, 0x02, 0xC1, 0xD6, 0x6E, 0xC2, 0x62, 0xC5, 0x16, 0xA9, 0xB5, 0x9D,
    0xA4, 0xEF, 0x3D, 0xDB, 0x7D, 0xBB, 0xDD, 0xBD, 0xEF, 0xE6, 0xBD, 0x49, 0x6E, 0xE6, 0xCE, 0x9C,
    0xAA, 0xFF, 0xE1, 0xD2, 0xFD, 0xFF, 0x7F, 0x7F, 0xA7, 0xCE, 0xFF, 0x5F, 0xFF, 0xD3, 0x97, 0xF3,
    0x0B, 0xD6, 0x5B, 0xD7, 0x23, 0xB4, 0x4C, 0x23, 0x8B, 0xC8, 0xDF, 0x47, 0x7E, 0x19, 0xE5, 0x3F,
    0xE9, 0x14, 0x9F, 0x74, 0xC2, 0x37, 0x7B, 0x75, 0xD6, 0x9B, 0x67, 0x83, 0xF3, 0x34, 0x48, 0x69,
    0xC8, 0x7A, 0x43, 0x11, 0x8D, 0x55, 0x6B, 0x0C, 0xAC, 0xA6, 0xAC, 0xE6, 0x2C, 0xF7, 0x6E, 0xAF,
    0x0C, 0xE0, 0xFC, 0xCF, 0xDA, 0x22, 0xFD, 0x67, 0x53, 0x75, 0xE7, 0x6A, 0x0B, 0xA7, 0xA6, 0x66,
    0x26, 0x96, 0xE6, 0x56, 0x66, 0x36, 0x96, 0x46, 0x5B, 0xAB, 0x7C, 0x63, 0x59, 0x8D, 0x16, 0xDB,
    0x67, 0xAA, 0x7E, 0xC0, 0x5B, 0x0F, 0x78, 0xF2, 0x88, 0xC5, 0x96, 0xAA, 0xBF, 0x77, 0xCE, 0x27,
    0x6F, 0x1E, 0x5C, 0xD7, 0xFD, 0x3D, 0xB0, 0xDE, 0x13, 0x13, 0x3D, 0x45, 0x4B, 0x85, 0x80, 0xD0,
    0x93, 0xF7, 0x7F, 0x30, 0x57, 0x1E, 0xA9, 0xF0, 0x15, 0x3C, 0x42, 0x1D, 0xA9, 0x22, 0x7C, 0x44,
    0x3E, 0x50, 0x46, 0x4E, 0xF0, 0xB6, 0xEB, 0x91, 0xA7, 0xDE, 0x34, 0x6D, 0x7C, 0xEC, 0x6B, 0x57,
    0x9F, 0xE8, 0x0E, 0xEA, 0x6A, 0x4C, 0x30, 0x3F, 0xDA, 0xEC, 0x68, 0x73, 0x9C, 0x62, 0x8A, 0xD0,
    0x3D, 0x50, 0xA4, 0x4B, 0xD6, 0x1B, 0x6C, 0xE4, 0xBD, 0xAA, 0xF5, 0x65, 0x70, 0xDE, 0x17, 0x69,
    0x08, 0xDD, 0x5B, 0x35, 0x07, 0xA9, 0x2B, 0x56, 0x8C, 0x6C, 0x78, 0xC1, 0x0F, 0xB2, 0x66, 0x9A,
    0xDA, 0xF2, 0x12, 0x6F, 0x60, 0xD1, 0xF0, 0x9B, 0xA8, 0xE8, 0x7A, 0x0F, 0x7C, 0xF7, 0xDE, 0xE1,
    0x42, 0xB4, 0xE8, 0x0C, 0x43, 0xDE, 0xBE, 0x7B, 0x47, 0xB8, 0x37, 0x31, 0xC5, 0x09, 0xB8, 0x77,
    0xB0, 0xAA, 0x11, 0x5A, 0x95, 0xBB, 0x51, 0x65, 0xCD, 0xDB, 0xB2, 0x7E, 0xE4, 0x1F, 0x3A, 0x16,
    0x0D, 0x7F, 0x72, 0xFF, 0x64, 0xFD, 0x63, 0x67, 0x83, 0x69, 0xF4, 0xC6, 0x1D, 0xE1, 0x8A, 0xF6,
    0xB9, 0xEC, 0x67, 0x1D, 0xA9, 0xE1, 0x03, 0x00, 0x59, 0xFA, 0x95, 0x3C, 0xA5, 0x36, 0xEF, 0xAA,
    0xBE, 0xE8, 0xB2, 0xA1, 0x88, 0x36, 0x65, 0xF4, 0xA2, 0x6A, 0x2D, 0x43, 0xB3, 0x33, 0x5E, 0x04,
    0x56, 0x35, 0x9B, 0x89, 0x6C, 0x98, 0x2B, 0x86, 0x99, 0xAA, 0x9B, 0x99, 0xB6, 0xCB, 0xEC, 0xD2,
    0x3A, 0x8D, 0xD2, 0x65, 0x83, 0x6C, 0x18, 0xC8, 0xFF, 0xA3, 0xA3, 0xF8, 0x49, 0x4B, 0xF1, 0x4F,
    0x28, 0x22, 0xE7, 0x7F, 0x1E, 0x15, 0xE9, 0xBF, 0x5A, 0xA1, 0x3B, 0x6F, 0xD4, 0x16, 0x9C, 0x9A,
    0x32, 0x33, 0xE1, 0x85, 0x39, 0x2B, 0x73, 0x36, 0x96, 0x8C, 0xB6, 0xAE, 0xF2, 0xE7, 0x2A, 0x81,
    0x2C, 0xB6, 0x83, 0x63, 0x6A, 0x9F, 0x5F, 0x36, 0xD6, 0xA9, 0xF7, 0x3C, 0xDF, 0x18, 0x2D, 0x0D,
    0x4E, 0xB3, 0xC1, 0x34, 0xEF, 0xD5, 0x45, 0xA7, 0x5E, 0xA4, 0x38, 0xDD, 0xD9, 0xA4, 0x8C, 0x4E,
    0x8F, 0xE8, 0xDB, 0x20, 0x1F, 0x83, 0xAA, 0xAF, 0x9D, 0xB7, 0xD3, 0x74, 0x61, 0x91, 0x9E, 0x22,
    0xEB, 0xE5, 0x7F, 0xB5, 0x51, 0xA6, 0xED, 0x01, 0xAF, 0x8C, 0xCE, 0x3F, 0x6C, 0x77, 0x80, 0x4D,
    0xF8, 0xBD, 0xF3, 0x7A, 0x38, 0x40, 0x4D, 0xD3, 0xC1, 0x00, 0xD9, 0x7E, 0x19, 0x53, 0x6A, 0xF2,
    0x8E, 0x22, 0x5E, 0x7B, 0x57, 0xB5, 0x84, 0xB4, 0x39, 0x18, 0x4E, 0x30, 0xB9, 0xF5, 0xBC, 0x97,
    0x58, 0xA7, 0x4E, 0x4A, 0x91, 0xB4, 0xD9, 0xDF, 0xC0, 0x79, 0x57, 0xA4, 0xB1, 0x8A, 0xAB, 0xDA,
    0xD9, 0xDC, 0xB8, 0x2C, 0x87, 0x75, 0x6A, 0xD7, 0x3F, 0x37, 0x32, 0x1E, 0x1E, 0xB0, 0x9D, 0xB6,
    0x58, 0x5E, 0x36, 0xDE, 0xCE, 0x1A, 0x8F, 0xCB, 0x46, 0xB8, 0xE4, 0xE1, 0x78, 0xFF, 0x54, 0xFD,
    0xD7, 0xAD, 0x37, 0xA6, 0xDD, 0x9D, 0xC1, 0x0C, 0x64, 0x03, 0xFA, 0xFB, 0x87, 0x2A, 0x5B, 0x21,
    0x2A, 0x9B, 0x3B, 0x11, 0xDD, 0x5B, 0xF4, 0x37, 0xF0, 0x1E, 0x9E, 0x1D, 0x6D, 0x8D, 0xC9, 0xEF,
    0x4F, 0x92, 0x1A, 0xEF, 0xF0, 0x84, 0x81, 0x81, 0x4B, 0x3E, 0xE0, 0x51, 0x11, 0x85, 0x9A, 0x72,
    0x4B, 0x31, 0xDC, 0xFF, 0x8A, 0x0D, 0x8F, 0xCD, 0x46, 0xD3, 0xCE, 0x1B, 0xAF, 0x5F, 0xB4, 0xBF,
    0x7C, 0xE5, 0x63, 0x7C, 0xD8, 0x50, 0x47, 0x7E, 0xD0, 0xCB, 0xFA, 0x67, 0xF2, 0xE6, 0xED, 0x1B,
    0xD5, 0xED, 0xE7, 0xF6, 0x29, 0xF6, 0xB1, 0x3F, 0xCE, 0xC7, 0x57, 0x55, 0xB7, 0xC5, 0x66, 0xEE,
    0x7C, 0x9C, 0x31, 0xCC, 0x64, 0xC3, 0x5C, 0xD6, 0x9F, 0xCA, 0xFB, 0xA9, 0xA2, 0x0B, 0x5D, 0x19,
    0x8B, 0x3D, 0xD9, 0xF9, 0xAF, 0xB0, 0x39, 0x08, 0x3F, 0x09, 0xBC, 0x9B, 0x03, 0x75, 0xDF, 0x4B,
    0xBF, 0xEA, 0x8A, 0xB1, 0xEE, 0xCA, 0x18, 0x62, 0x68, 0xAB, 0x18, 0x54, 0x6D, 0x2D, 0x34, 0x13,
    0xC1, 0xA9, 0x7A, 0xEF, 0xDF, 0xC4, 0xC7, 0xEA, 0xFC, 0x42, 0x48, 0x33, 0xF9, 0x66, 0x86, 0x33,
    0x3C, 0xC7, 0xE0, 0xBB, 0x65, 0xEF, 0x3C, 0x45, 0xF5, 0x05, 0xC4, 0xAF, 0xD3, 0x9F, 0xB1, 0x1E,
    0x98, 0xB6, 0xF7, 0xAE, 0xE1, 0x9D, 0xA2, 0x15, 0x12, 0xE5, 0x06, 0x3E, 0x27, 0x0D, 0x65, 0x73,
    0xA0, 0x0B, 0xE0, 0xDE, 0x35, 0x78, 0x86, 0x11, 0x1F, 0x7D, 0x3E, 0xFC, 0xD7, 0x9C, 0xDE, 0x79,
    0x25, 0xE7, 0x91, 0x75, 0x76, 0x64, 0x9D, 0xCB, 0x86, 0xFF, 0xE7, 0x2C, 0x8E, 0x9C, 0xBF, 0x06,
    0x1E, 0x72, 0xBD, 0xF3, 0x67, 0xF8, 0x3E, 0x3C, 0xC2, 0x7B, 0x18, 0xC8, 0x9E, 0x7E, 0x3E, 0x1A,
    0x2C, 0x60, 0xDD, 0x90, 0xFF, 0x2C, 0x52, 0x35, 0xBD, 0xEB, 0x21, 0x1B, 0x04, 0x59, 0xAF, 0x96,
    0x77, 0x26, 0x8A, 0xCE, 0x5C, 0x11, 0xCD, 0x94, 0xD1, 0x52, 0xD5, 0x5A, 0x09, 0x29, 0x6D, 0xF6,
    0xD3, 0x28, 0x30, 0x38, 0x91, 0x0D, 0x26, 0xF2, 0xDE, 0x5C, 0xD1, 0x99, 0x1D, 0xA7, 0x68, 0xA9,
    0x8C, 0x56, 0xAA, 0xD6, 0x28, 0x1C, 0x9B, 0x8A, 0x05, 0x7E, 0xD3, 0x2A, 0x3F, 0xE9, 0x3C, 0xF0,
    0xBE, 0xEB, 0xB1, 0xC4, 0x0A, 0x23, 0x86, 0xA3, 0xFC, 0x7F, 0xBF, 0x94, 0xFF, 0x34, 0xB5, 0xC5,
    0x2F, 0xAA, 0x58, 0x0C, 0x45, 0x2C, 0xBB, 0x22, 0x56, 0xB1, 0x8C, 0x55, 0x5B, 0xB5, 0xA1, 0xD9,
    0x5D, 0x82, 0x5A, 0x30, 0x51, 0x9B, 0x9B, 0x98, 0x99, 0x9B, 0x99, 0x1D, 0x14, 0xE4, 0xD7, 0x0A,
    0x16, 0x29, 0xA5, 0xFE, 0x7C, 0x37, 0x75, 0x47, 0x05, 0x5E, 0xBC, 0xA4, 0x20, 0xFB, 0x14, 0x05,
    0x67, 0xB7, 0x14, 0x1C, 0x29, 0xAB, 0xB4, 0xF1, 0xC6, 0xAF, 0x3F, 0x92, 0xFD, 0x2E, 0x4A, 0xAF,
    0xA7, 0xB4, 0xF8, 0x56, 0x23, 0x25, 0x59, 0x5C, 0xB9, 0x1E, 0x69, 0xE4, 0x7B, 0x4F, 0x09, 0xA8,
    0x6F, 0xD5, 0xC3, 0xE5, 0x8D, 0x07, 0x3A, 0xBA, 0x7E, 0x37, 0xE5, 0x3D, 0xC5, 0xB1, 0xB4, 0x7E,
    0xF5, 0xE7, 0x9C, 0x6F, 0xA9, 0xFA, 0x7E, 0x9A, 0xE2, 0x37, 0xA6, 0x0D, 0xF2, 0x5E, 0xD1, 0x29,
    0xE2, 0xFE, 0x2E, 0xA3, 0xAA, 0x15, 0x1A, 0x81, 0x40, 0xCD, 0x84, 0x39, 0x33, 0x66, 0x38, 0xBF,
    0xB0, 0xDE, 0x5E, 0x93, 0xEC, 0x41, 0x6E, 0x7D, 0x68, 0xC9, 0x19, 0xCF, 0x19, 0x19, 0x64, 0xC3,
    0xB5, 0xF3, 0x7D, 0xE4, 0x5D, 0xE0, 0x90, 0xDA, 0x3A, 0xDD, 0x31, 0xE8, 0x5B, 0x0F, 0x3C, 0x79,
    0x64, 0xB1, 0x55, 0xF5, 0x9F, 0x25, 0xF4, 0x1F, 0xE5, 0xF1, 0xCD, 0xB2, 0xAD, 0x92, 0x7C, 0xE3,
    0x6E, 0x00, 0x7F, 0x50, 0xB8, 0x3C, 0x0A, 0x3C, 0xE2, 0x31, 0xD3, 0xA8, 0x8A, 0x9C, 0x38, 0xF5,
    0x0E, 0x56, 0x46, 0x83, 0x21, 0x1B, 0xF2, 0xBE, 0xD8, 0x67, 0xFC, 0xD5, 0x5E, 0x38, 0xEC, 0x83,
    0x37, 0xBD, 0xE7, 0x99, 0xC1, 0xDA, 0x84, 0x3C, 0x2A, 0x3A, 0x79, 0xFB, 0x59, 0x54, 0xFF, 0x76,
    0x88, 0xDA, 0xC4, 0x71, 0x83, 0xA5, 0x31, 0xD8, 0xF9, 0xAC, 0x09, 0x26, 0xD4, 0xE6, 0x4C, 0xCC,
    0x98, 0x1F, 0xA4, 0x2F, 0x59, 0x5A, 0x71, 0x66, 0xE4, 0xB9, 0x81, 0x31, 0x1B, 0xEC, 0xC9, 0xED,
    0xE1, 0xAF, 0x9C, 0xDB, 0xFB, 0xB7, 0x0B, 0xB0, 0x8F, 0x58, 0xB5, 0xBB, 0x98, 0xBB, 0x89, 0xD0,
    0xA0, 0x86, 0x0F, 0xB0, 0xD8, 0x60, 0xFA, 0x14, 0x67, 0xC7, 0x26, 0xFC, 0xFB, 0x45, 0x0B, 0x79,
    0x1F, 0x14, 0x5D, 0xAD, 0x88, 0x93, 0x9D, 0x3D, 0x56, 0xC6, 0x99, 0xAA, 0x9D, 0x09, 0xCD, 0x52,
    0xB0, 0x12, 0x3C, 0x57, 0x1B, 0x4C, 0x0C, 0xE6, 0xD9, 0x60, 0x96, 0xF7, 0x66, 0xC5, 0xAD, 0x3E,
    0x21, 0x34, 0xF2, 0xE4, 0xF8, 0x5C, 0x17, 0x58, 0x37, 0xFB, 0xBA, 0xF5, 0x52, 0xD9, 0xBA, 0x4E,
    0x8E, 0xD5, 0x6F, 0x27, 0x47, 0xDE, 0x51, 0x74, 0xB7, 0xFA, 0x8E, 0xE6, 0x68, 0xAF, 0xCE, 0xB3,
    0x6C, 0x24, 0xF5, 0x57, 0x91, 0xB0, 0xA5, 0xB8, 0xA0, 0xAE, 0x5C, 0x75, 0xAA, 0xDC, 0x4C, 0xBA,
    0x57, 0xF8, 0xF5, 0x6A, 0xBF, 0xB3, 0x97, 0x11, 0xB3, 0x81, 0xC5, 0xF1, 0xB4, 0x95, 0x0D, 0xB6,
    0x79, 0x5F, 0x0C, 0x79, 0x1F, 0x62, 0xD1, 0x2D, 0x14, 0xF1, 0x85, 0xF2, 0x93, 0x41, 0xF5, 0x61,
    0x14, 0xBE, 0x47, 0x48, 0x84, 0xFF, 0xA6, 0xFE, 0x76, 0x6B, 0x52, 0x46, 0xF3, 0xA2, 0x33, 0xDB,
    0xAF, 0x97, 0xD1, 0xD2, 0xCA, 0xCA, 0xD2, 0xE8, 0x14, 0x78, 0xFF, 0x28, 0xBF, 0x3F, 0xA2, 0xBD,
    0xA2, 0xBA, 0x66, 0x7B, 0xEB, 0x43, 0x9B, 0x77, 0xA7, 0x8A, 0x6E, 0xA3, 0xF8, 0xA4, 0x57, 0xFE,
    0x28, 0xAA, 0xFE, 0x96, 0xEA, 0xF2, 0x10, 0x2B, 0x7C, 0xA7, 0x51, 0x97, 0xD1, 0xA4, 0xE8, 0xCC,
    0xF3, 0x43, 0xAC, 0x99, 0x15, 0xF0, 0xD6, 0xF5, 0x8B, 0x45, 0x1E, 0x29, 0x1A, 0x76, 0xEC, 0x6D,
    0xB1, 0xF7, 0x17, 0x5F, 0xF6, 0x17, 0x7E, 0x97, 0xBF, 0xA2, 0x13, 0x5A, 0x13, 0x9E, 0x00, 0xC7,
    0x6D, 0x7E, 0xDC, 0xE9, 0xBF, 0x2B, 0x7D, 0x97, 0xAC, 0x53, 0x97, 0x52, 0x94, 0x3D, 0xBD, 0x72,
    0xD5, 0x78, 0xCC, 0xBB, 0x00, 0x4B, 0x56, 0x8C, 0x0C, 0xC7, 0x04, 0xBA, 0xE5, 0xB6, 0x6A, 0x84,
    0xE6, 0x15, 0x6E, 0xFF, 0x40, 0x06, 0x34, 0xF2, 0xAB, 0xAF, 0x54, 0x8D, 0xAF, 0x70, 0x23, 0x1F,
    0x97, 0x56, 0xC6, 0x43, 0x5D, 0xC8, 0xBB, 0xA2, 0xBB, 0x99, 0xB4, 0x3C, 0x70, 0x62, 0xE6, 0x89,
    0x5E, 0x36, 0xD4, 0x79, 0x3F, 0xCF, 0xFB, 0xB3, 0xA2, 0x1B, 0xEE, 0x10, 0x79, 0xB9, 0xB4, 0x1A,
    0xFD, 0x4F, 0xEF, 0x97, 0xED, 0x7D, 0x08, 0xED, 0x43, 0x3E, 0x84, 0xAC, 0x7B, 0x5D, 0xB8, 0xD7,
    0xAE, 0xEB, 0x0F, 0x9B, 0xF2, 0xC7, 0xB1, 0xFA, 0xB0, 0x79, 0x5D, 0xB8, 0xE3, 0x17, 0x6F, 0x55,
    0xB4, 0x9F, 0xB6, 0x45, 0x52, 0x8E, 0xA6, 0xD1, 0xBA, 0x55, 0x1F, 0xBF, 0xA8, 0x66, 0x9A, 0xC6,
    0x45, 0x1A, 0x2C, 0x5F, 0xAA, 0xAA, 0xFF, 0x5A, 0x6C, 0xCB, 0x71, 0x1A, 0xD7, 0x4D, 0xDD, 0xBC,
    0x54, 0xF0, 0x18, 0x51, 0xF4, 0xA8, 0x5A, 0x3C, 0x72, 0x63, 0x64, 0xA3, 0xB2, 0xCD, 0x37, 0xAA,
    0x26, 0xDF, 0x0A, 0x4D, 0xF1, 0x0B, 0x41, 0xF1, 0x6F, 0x6A, 0xE5, 0x5F, 0x38, 0x51, 0x7D, 0xBB,
    0x7D, 0x2C, 0x7C, 0x2B, 0xCE, 0x84, 0xA2, 0xDB, 0x4D, 0x79, 0xBF, 0x74, 0x62, 0x58, 0x79, 0x6C,
    0x7C, 0x6E, 0x6E, 0x39, 0xEC, 0x43, 0x0C, 0x96, 0x26, 0x83, 0x33, 0x75, 0xEF, 0xB9, 0xD0, 0x19,
    0x54, 0x11, 0x21, 0x32, 0xC5, 0x19, 0x9E, 0x82, 0xFC, 0x9F, 0x2F, 0x15, 0xFB, 0xAE, 0xE0, 0xA2,
    0x8A, 0xE5, 0x55, 0x57, 0x50, 0xC6, 0x6A, 0x77, 0x85, 0x63, 0xEF, 0x52, 0xDB, 0xDB, 0x9E, 0x7D,
    0x6A, 0xBE, 0x57, 0xB0, 0x8F, 0x61, 0xF6, 0xB9, 0x52, 0xC2, 0x97, 0x60, 0x0E, 0x33, 0x78, 0x06,
    0xDD, 0x67, 0xE0, 0x05, 0x6F, 0x63, 0x89, 0x01, 0x3D, 0x79, 0x44, 0xD6, 0xCD, 0xF0, 0x77, 0x03,
    0x16, 0x11, 0xD3, 0x2F, 0xE8, 0x59, 0xBC, 0x99, 0x77, 0x3B, 0x2F, 0x8D, 0x7C, 0x8B, 0x8F, 0xF8,
    0x0C, 0xDA, 0xAA, 0x48, 0x68, 0xA8, 0x1D, 0x8B, 0xF7, 0xF3, 0xF3, 0xF6, 0xD9, 0xFF, 0xA6, 0x5E,
    0xFA, 0xE6, 0x90, 0x6D, 0xB3, 0x21, 0x1F, 0x77, 0xB6, 0xBB, 0x8A, 0x7E, 0x77, 0x75, 0xC5, 0xCE,
    0xEB, 0x75, 0xE7, 0x17, 0x77, 0x7E, 0xDB, 0xE0, 0xCA, 0xF7, 0xA7, 0xAA, 0x9D, 0xB8, 0xAD, 0x36,
    0xBB, 0x56, 0xEB, 0xF9, 0xE8, 0xA8, 0x76, 0x3E, 0x58, 0x9A, 0xEE, 0xD5, 0x86, 0x6B, 0xB5, 0x65,
    0xE4, 0x30, 0x55, 0x2D, 0xA6, 0x08, 0x17, 0x08, 0xFD, 0x51, 0xF2, 0x8F, 0xF6, 0x4D, 0x69, 0xF9,
    0x52, 0x53, 0x1A, 0x5E, 0x6A, 0x9D, 0xEB, 0xDF, 0x6E, 0x4A, 0x2D, 0x6F, 0xBD, 0xA1, 0x7A, 0x16,
    0x2D, 0x59, 0x1A, 0xC9, 0xD3, 0xE0, 0xC6, 0x78, 0x98, 0x5A, 0x16, 0x69, 0xE4, 0x22, 0xDB, 0x2A,
    0x06, 0xA7, 0xAA, 0x68, 0x7A, 0x48, 0xFC, 0x63, 0xD7, 0x21, 0x98, 0x1F, 0xA7, 0xDA, 0x8C, 0xA9,
    0x19, 0xA7, 0xE6, 0x2C, 0x9D, 0xB2, 0x31, 0x95, 0x0F, 0x42, 0x57, 0x77, 0x8A, 0x94, 0x1A, 0xCE,
    0x47, 0xAC, 0xB7, 0xD2, 0xF6, 0xC6, 0xAF, 0x35, 0x9B, 0x10, 0x3F, 0x98, 0x9A, 0xCC, 0xD5, 0x4B,
    0xF5, 0x6A, 0x7F, 0x4F, 0x46, 0xF3, 0xD1, 0x6C, 0x65, 0x33, 0xCF, 0x87, 0xAB, 0x63, 0x3E, 0x59,
    0x7C, 0x8F, 0xAC, 0x7B, 0x82, 0xD4, 0x63, 0xDA, 0x7C, 0x31, 0xB4, 0xCF, 0x1E, 0x59, 0x6F, 0x4C,
    0xFB, 0x3B, 0x03, 0x0B, 0x1F, 0x46, 0x4E, 0x6A, 0x9C, 0xCD, 0xD0, 0xF7, 0x5F, 0x0C, 0x70, 0xF1,
    0x8F, 0x9D, 0xF0, 0xED, 0xD6, 0xE3, 0x13, 0x9E, 0x7C, 0xC3, 0x91, 0xDA, 0x0E, 0xDB, 0x8E, 0xDB,
    0xD4, 0xC4, 0x5C, 0x6D, 0xA9, 0xB6, 0xBA, 0xB2, 0x89, 0xD1, 0xFC, 0xF8, 0xBE, 0xDE, 0xD8, 0x09,
    0xB0, 0x53, 0xA0, 0xBC, 0xBC, 0xA2, 0x4C, 0xA9, 0xB3, 0xD8, 0xCD, 0xD1, 0x85, 0x81, 0x62, 0xC8,
    0x06, 0xAA, 0x98, 0xF7, 0x84, 0xA6, 0xE8, 0xA8, 0x15, 0x91, 0x89, 0x22, 0x5D, 0x98, 0x2B, 0xD3,
    0xD6, 0x5C, 0xD5, 0x32, 0x13, 0x9A, 0xAB, 0x99, 0xAB, 0x78, 0x9C, 0xAA, 0xB9, 0x8A, 0x4F, 0xE8,
    0xE6, 0xEC, 0xA9, 0xD3, 0xC0, 0xF9, 0x61, 0xEE, 0xBE, 0x3A, 0xEE, 0x20, 0xD7, 0x17, 0x21, 0xFE,
    0x60, 0x9C, 0xD6, 0xA6, 0xB1, 0x9E, 0xAB, 0x9B, 0xC9, 0x52, 0x9D, 0x6D, 0x57, 0xEA, 0x34, 0xAC,
    0x4C, 0x7F, 0xDD, 0x8C, 0x4E, 0xB9, 0x9A, 0x56, 0xD6, 0xCC, 0xF3, 0xD4, 0x7E, 0x6D, 0x9A, 0x7E,
    0x98, 0xC6, 0xF2, 0x22, 0x5B, 0x3F, 0x25, 0xB4, 0x4C, 0x70, 0x76, 0xEB, 0x87, 0xBD, 0x8D, 0xC3,
    0xCF, 0x54, 0xFB, 0x1E, 0xAC, 0x88, 0x87, 0xB6, 0xBA, 0x38, 0x66, 0xF3, 0x54, 0x48, 0xDB, 0x9D,
    0x75, 0x4E, 0x8A, 0x63, 0x0F, 0x93, 0x0D, 0x66, 0xF6, 0xB6, 0x71, 0xE6, 0x85, 0x95, 0xD9, 0x21,
    0xA8, 0x0F, 0x18, 0x15, 0xD1, 0x43, 0xC8, 0xFF, 0x65, 0x53, 0xFC, 0x78, 0x2C, 0x2E, 0x14, 0x83,
    0xB2, 0x53, 0x45, 0xA1, 0x7D, 0xF5, 0xBB, 0xFC, 0x08, 0xE0, 0xD0, 0x04, 0x96, 0x37, 0x00, 0xF6,
    0x79, 0xBB, 0xBB, 0x9A, 0x73, 0x21, 0x6D, 0xD4, 0x69, 0x0F, 0x10, 0xCD, 0xF3, 0xFE, 0x46, 0x13,
    0xF8, 0xE2, 0xE5, 0x26, 0xF0, 0xAD, 0x57, 0x34, 0x81, 0xCF, 0x3F, 0xF6, 0xCB, 0x0B, 0xA9, 0xB1,
    0x95, 0x8D, 0xF2, 0x41, 0xD1, 0xBF, 0xFA, 0x84, 0x84, 0x07, 0xD4, 0xCC, 0x78, 0x8F, 0x67, 0x78,
    0x33, 0x8F, 0xAA, 0xEF, 0x50, 0x6C, 0xC9, 0xC6, 0xFB, 0x5F, 0xB4, 0x27, 0x35, 0xB3, 0x15, 0xA1,
    0xE7, 0x61, 0xEB, 0xB8, 0x72, 0x76, 0x4B, 0xA7, 0xB8, 0xA0, 0x18, 0x28, 0x3B, 0xAA, 0x48, 0x68,
    0x3F, 0xBD, 0xC7, 0xE6, 0xE1, 0x8D, 0xA2, 0x3D, 0xA0, 0x71, 0x3D, 0xBE, 0x7A, 0xC9, 0x3A, 0xB5,
    0xF9, 0x98, 0x37, 0x45, 0x47, 0x19, 0x0F, 0x56, 0xF4, 0xE4, 0x1B, 0xAC, 0x1B, 0xEA, 0xE3, 0x1F,
    0x5E, 0xDC, 0xF0, 0xFA, 0xC2, 0xFB, 0xF9, 0x68, 0x9D, 0x7A, 0xD3, 0x4B, 0xD7, 0xFF, 0x9C, 0x6A,
    0x7C, 0x19, 0xB2, 0xF4, 0xB4, 0x4C, 0x43, 0x68, 0xDE, 0xAF, 0x09, 0x84, 0x4E, 0xB1, 0x61, 0x4D,
    0x88, 0xCA, 0xFD, 0xFD, 0x34, 0xC4, 0x94, 0x7C, 0x6F, 0x83, 0xEF, 0x92, 0x6F, 0xA9, 0xFE, 0x9A,
    0x49, 0xE0, 0xDD, 0xEC, 0xFE, 0xE1, 0x42, 0x6B, 0xD1, 0x65, 0xC3, 0x90, 0x37, 0xEF, 0xDE, 0x05,
    0xEE, 0xFE, 0x00, 0x3A, 0xB2, 0x1E, 0xEF, 0xE1, 0x8C, 0x30, 0x12, 0xBA, 0xBB, 0x90, 0x14, 0xAD,
    0x32, 0xD2, 0xCB, 0x06, 0x8B, 0xCE, 0xA2, 0xE1, 0x4B, 0x5A, 0xA1, 0x6A, 0x95, 0x7F, 0x43, 0xB1,
    0xC1, 0xD3, 0xFB, 0x5F, 0xB8, 0xFE, 0xEB, 0xFE, 0x74, 0xB0, 0x88, 0xDE, 0xE0, 0x2E, 0xB8, 0x75,
    0x4A, 0xFD, 0x34, 0xA5, 0xEE, 0xB5, 0x67, 0xCA, 0xD9, 0x6B, 0xCE, 0x60, 0xC3, 0xAD, 0xA3, 0x64,
    0x4B, 0xD9, 0x92, 0xF5, 0x57, 0x76, 0x7D, 0x3E, 0xF4, 0x0D, 0x9E, 0xC9, 0x06, 0x55, 0x8A, 0xD3,
    0xD4, 0x7E, 0xCA, 0x99, 0x64, 0x4A, 0xBD, 0x51, 0x8E, 0x0A, 0xAA, 0x56, 0xD6, 0xC9, 0x3B, 0x8B,
    0xE8, 0x94, 0xFF, 0x03, 0xBD, 0xD6, 0x81, 0x86, 0x24, 0xD7, 0x17, 0xC7, 0xF1, 0x4F, 0xD5, 0xFD,
    0xFF, 0x35, 0xCA, 0xA6, 0x5E, 0x60, 0x77, 0xEB, 0x05, 0x66, 0xBA, 0x61, 0xD1, 0xB8, 0x35, 0x55,
    0xE4, 0x05, 0xF6, 0x0D, 0xF2, 0x0A, 0xC1, 0xA2, 0x51, 0x9B, 0xA9, 0x08, 0xF6, 0x35, 0xF2, 0x08,
    0x8B, 0x41, 0x93, 0x89, 0xAD, 0x4D, 0x44, 0x10, 0xA4, 0x80, 0x80, 0x50, 0x8F, 0x50, 0x89, 0x22,
    0x4D, 0x66, 0xA6, 0x32, 0x45, 0xB3, 0x46, 0x46, 0x60, 0x76, 0xA7, 0xF9, 0xFD, 0xF4, 0x3D, 0x75,
    0x1D, 0xDF, 0x73, 0x1C, 0xCE, 0x35, 0x9C, 0xB2, 0x9B, 0xA8, 0x7A, 0x8A, 0x1A, 0xC0, 0xF9, 0x3C,
    0xB7, 0xEF, 0xE6, 0xB9, 0x56, 0x22, 0xA2, 0xC1, 0x1E, 0x13, 0xC6, 0x45, 0x24, 0x23, 0xE9, 0x40,
    0xE8, 0x09, 0x1D, 0xAB, 0xA3, 0xB2, 0x96, 0xBC, 0x26, 0x07, 0xA3, 0xD0, 0x7B, 0x53, 0xA7, 0x3F,
    0x09, 0x9D, 0xCD, 0xEC, 0xDD, 0x8D, 0xBC, 0x96, 0x53, 0xB0, 0xA6, 0x24, 0x12, 0x69, 0xD8, 0x73,
    0xC9, 0xF9, 0xA0, 0xE8, 0xFF, 0x13, 0x60, 0xD1, 0xBB, 0x79, 0xB8, 0x55, 0x7F, 0x07, 0x20, 0xDC,
    0x07, 0xF0, 0x82, 0xB7, 0x0B, 0x6A, 0x36, 0x77, 0x9B, 0xB9, 0x0D, 0xBD, 0xD0, 0x2D, 0x97, 0xAA,
    0x1B, 0xE7, 0xD7, 0x77, 0x48, 0x36, 0x14, 0x07, 0xAB, 0x89, 0x64, 0x78, 0x4A, 0xB8, 0xDE, 0x92,
    0x15, 0x23, 0x4F, 0xD2, 0x1E, 0x00, 0xE9, 0x20, 0x97, 0xF6, 0x0A, 0xA1, 0xB7, 0x16, 0x3A, 0xE5,
    0x92, 0x2F, 0xCA, 0x5A, 0x51, 0x5E, 0x6B, 0xE4, 0xEC, 0xE5, 0x4C, 0x0A, 0x46, 0x6B, 0xC9, 0xA8,
    0x94, 0x0E, 0xA2, 0xD0, 0x2B, 0x85, 0xCE, 0x99, 0xBC, 0xB5, 0x69, 0xCF, 0xC9, 0xE7, 0x6B, 0x92,
    0x79, 0x40, 0x35, 0xB7, 0xE6, 0x1B, 0x00, 0x59, 0x9B, 0xB5, 0x79, 0x9D, 0xD5, 0xB9, 0x5C, 0x21,
    0xB7, 0x56, 0x38, 0xB5, 0x56, 0x2A, 0x45, 0x51, 0xA3, 0xB1, 0x77, 0x65, 0x9F, 0x1E, 0x5C, 0x66,
    0x93, 0xEA, 0x6A, 0x54, 0x0C, 0x23, 0x61, 0x1E, 0x16, 0x7B, 0x2C, 0xEA, 0x1B, 0x4B, 0x2B, 0x1F,
    0x4E, 0x5D, 0x7F, 0x49, 0xE8, 0x46, 0x92, 0xB9, 0xC3, 0x57, 0x1E, 0x87, 0xFF, 0x45, 0x46, 0x75,
    0x4D, 0x36, 0x3D, 0xB8, 0x86, 0x23, 0xF4, 0x82, 0x9F, 0xBC, 0x3F, 0x1A, 0x8F, 0x5A, 0xCD, 0x6A,
    0x20, 0x3F, 0xF0, 0xF4, 0x64, 0xD1, 0xF2, 0x7F, 0x89, 0x3D, 0xB0, 0xAA, 0x22, 0xAF, 0x89, 0x25,
    0xC6, 0x0B, 0xD2, 0xF7, 0x8F, 0x34, 0x59, 0xC9, 0x1F, 0xA3, 0xF0, 0x63, 0x2F, 0xCF, 0x6A, 0xF1,
    0xE4, 0x41, 0x35, 0x7C, 0x42, 0xCA, 0x67, 0xF0, 0x0A, 0x46, 0x8E, 0x76, 0x03, 0xE5, 0x03, 0x78,
    0xA5, 0x1D, 0x19, 0x9E, 0xE0, 0x19, 0x8A, 0xE5, 0xDC, 0x39, 0x9A, 0x62, 0x80, 0xDD, 0x05, 0x92,
    0x21, 0xBA, 0xF3, 0x6B, 0x14, 0x75, 0xE8, 0x1B, 0x9B, 0x7A, 0xD5, 0x45, 0x55, 0x9D, 0xD7, 0xD1,
    0x77, 0x75, 0x21, 0xFA, 0xAB, 0x5E, 0x8B, 0xE9, 0x6F, 0x6D, 0x14, 0xC3, 0xCF, 0xED, 0x5E, 0x5C,
    0xBD, 0x69, 0x47, 0x31, 0x0F, 0x5F, 0xDF, 0xFA, 0xF3, 0xF0, 0x4D, 0x2F, 0xDE, 0x7E, 0xE8, 0xC4,
    0x5D, 0xF8, 0xA5, 0x16, 0xC7, 0xF0, 0x2B, 0xE5, 0x18, 0x7E, 0x67, 0xDD, 0x87, 0x2B, 0x36, 0x5D,
    0x38, 0xB0, 0xA9, 0xC3, 0xC8, 0x46, 0x18, 0xE0, 0x35, 0x92, 0x19, 0xD9, 0xE7, 0x2D, 0xFF, 0x53,
    0x03, 0xFB, 0x64, 0x4A, 0xC7, 0x7D, 0x3A, 0x85, 0x7E, 0x17, 0xA6, 0x55, 0xB7, 0xCB, 0x5E, 0xE5,
    0xF5, 0x2E, 0xDF, 0xE6, 0x76, 0xA7, 0xDB, 0xB5, 0x26, 0x6E, 0xA3, 0xE6, 0xD5, 0x76, 0xA7, 0x19,
    0xB7, 0x93, 0x72, 0x28, 0x47, 0x67, 0xDD, 0x59, 0xAF, 0x6A, 0xAB, 0x4E, 0x55, 0x57, 0xB5, 0x4A,
    0x85, 0xBC, 0x63, 0xD3, 0x73, 0x31, 0x4A, 0xFB, 0x2D, 0x80, 0xBD, 0xBC, 0x6D, 0x14, 0xA2, 0x52,
    0xE9, 0x60, 0x9D, 0x8C, 0x8A, 0xD0, 0xCB, 0xB3, 0x56, 0xFE, 0x05, 0xD9, 0xF7, 0xAC, 0x0E, 0x84,
    0x91, 0xD0, 0xDF, 0xDD, 0x0C, 0x77, 0xD7, 0x53, 0x85, 0xBF, 0x5B, 0xE1, 0x87, 0xDE, 0xFF, 0xBD,
    0x04, 0x17, 0xD6, 0xF6, 0xA2, 0x9D, 0x83, 0x26, 0x19, 0xC5, 0x30, 0x88, 0xCB, 0xB0, 0xE4, 0xB5,
    0xD3, 0x82, 0xD3, 0x92, 0xE7, 0xCD, 0xAD, 0x2E, 0xF8, 0x6C, 0x24, 0xEF, 0x59, 0x38, 0x73, 0xAC,
    0x11, 0x71, 0xE0, 0x7C, 0xBC, 0x55, 0x8B, 0xB7, 0x5B, 0xA6, 0x4B, 0xBE, 0x7D, 0xF1, 0x09, 0xF8,
    0x93, 0xE3, 0x8D, 0x25, 0x72, 0xC2, 0x87, 0xFD, 0x7D, 0xB5, 0x88, 0x64, 0x22, 0x0C, 0xC7, 0x46,
    0xE2, 0x35, 0x8E, 0x89, 0xB3, 0x8E, 0xA2, 0xBE, 0x37, 0x54, 0xCD, 0xF3, 0x22, 0x6C, 0xD0, 0x90,
    0x0C, 0x24, 0x35, 0x30, 0xCF, 0x92, 0xF9, 0x06, 0x0D, 0x8E, 0xE9, 0x17, 0xA8, 0x02, 0x11, 0x13,
    0xE9, 0x87, 0x90, 0x6A, 0x1E, 0x9C, 0xDF, 0x8A, 0x1C, 0x1B, 0x3C, 0xFB, 0xF8, 0x9C, 0xC9, 0x20,
    0x1D, 0x25, 0x3D, 0x0B, 0xDF, 0x82, 0xA7, 0x61, 0x12, 0x86, 0x85, 0xA3, 0x20, 0x32, 0x49, 0x8F,
    0xA7, 0x85, 0x69, 0x41, 0x4A, 0xBB, 0x1D, 0x7F, 0x0E, 0x9C, 0xB7, 0x9C, 0x7D, 0x7C, 0xAA, 0x93,
    0x55, 0x2B, 0x7F, 0xCD, 0x6A, 0x22, 0x79, 0xF9, 0xC0, 0xEE, 0x65, 0x13, 0xD5, 0xC4, 0x25, 0xA6,
    0xFB, 0x5F, 0x60, 0xF7, 0x8D, 0x48, 0x81, 0x35, 0x4A, 0xC4, 0x7F, 0xBF, 0xA5, 0xD2, 0x91, 0xAA,
    0xA7, 0xAA, 0xF9, 0x07, 0xCD, 0xD8, 0x01, 0x84, 0x2D, 0xE9, 0x95, 0x07, 0xF0, 0x5F, 0x55, 0x25,
    0xA9, 0x64, 0x4A, 0xDE, 0xB7, 0x18, 0x24, 0x36, 0xF3, 0x2A, 0x58, 0x0C, 0x5E, 0xDF, 0x0B, 0x83,
    0x41, 0x55, 0xDF, 0xB2, 0x8B, 0xC5, 0x20, 0x03, 0x00, 0x6C, 0xB0, 0x00, 0x64, 0x31, 0xE8, 0xB5,
    0x95, 0x74, 0xAD, 0x20, 0x08, 0xE6, 0x01, 0x00, 0x19, 0x00, 0x0B, 0x19, 0x34, 0x7B, 0xD1, 0x49,
    0x57, 0x66, 0xB0, 0x08, 0xB6, 0x46, 0xB0, 0x58, 0x6C, 0xED, 0x1A, 0x16, 0x6B, 0xE5, 0x23, 0x45,
    0xEE, 0xEC, 0xDE, 0xEE, 0xDA, 0xAE, 0x7B, 0xAF, 0xF6, 0xE6, 0x49, 0x30, 0xDE, 0xCB, 0xCB, 0x76,
    0xD7, 0x39, 0x0D, 0xCD, 0xF9, 0x9F, 0xEF, 0xFB, 0x9F, 0x73, 0xCE, 0xF7, 0x87, 0xB5, 0xAF, 0xCC,
    0x5D, 0x6D, 0x33, 0x4F, 0xD7, 0x6E, 0x93, 0xBB, 0x98, 0x45, 0x9B, 0xA6, 0xE8, 0xAD, 0x85, 0x46,
    0x50, 0x12, 0xAC, 0x08, 0xEA, 0x93, 0x2B, 0x55, 0xAC, 0x17, 0x77, 0xAE, 0xA6, 0x75, 0xCE, 0xCE,
    0x5A, 0x1A, 0x85, 0xA1, 0x1C, 0x64, 0xF3, 0xDC, 0x70, 0x39, 0x81, 0x73, 0xD4, 0x2E, 0x87, 0x6D,
    0x36, 0xFF, 0x4F, 0x0C, 0xFD, 0x65, 0xB3, 0xB6, 0x52, 0x2B, 0xB5, 0x4A, 0xDB, 0x83, 0xAD, 0x4C,
    0x6A, 0x93, 0xCA, 0xD6, 0x4E, 0x9D, 0x46, 0xEB, 0xB9, 0x97, 0xDF, 0x01, 0xA1, 0x4B, 0x47, 0x21,
    0x34, 0xE9, 0xA0, 0x3C, 0x97, 0x0D, 0xD6, 0x3B, 0x59, 0x6F, 0xF3, 0x54, 0xDE, 0xAB, 0x29, 0x3A,
    0x15, 0xA1, 0xD1, 0x12, 0xD8, 0x12, 0x98, 0x28, 0x89, 0xAC, 0x24, 0x91, 0x5A, 0x1A, 0xA9, 0x64,
    0x23, 0xB5, 0xAC, 0xE7, 0x5C, 0xE8, 0x59, 0x77, 0x97, 0x08, 0xF3, 0x2D, 0x92, 0x79, 0x04, 0xB2,
    0x01, 0x79, 0x5F, 0x74, 0xC5, 0xFB, 0x5D, 0x68, 0x8A, 0x3B, 0x41, 0x98, 0x94, 0x02, 0x2B, 0x25,
    0x67, 0x56, 0xD4, 0x6A, 0x2A, 0x15, 0xAD, 0x96, 0xAD, 0x3D, 0xDB, 0x74, 0xC7, 0x75, 0x31, 0xB1,
    0xD9, 0x47, 0xCA, 0x31, 0x02, 0x1E, 0xA5, 0x03, 0xC8, 0xDF, 0x6F, 0x40, 0x76, 0x0B, 0x24, 0x93,
    0xE7, 0x7F, 0x92, 0xF9, 0x33, 0xE9, 0x3C, 0xC7, 0x7B, 0xEB, 0xB2, 0x79, 0x1E, 0xD3, 0xA1, 0x18,
    0x29, 0xFA, 0x6C, 0x48, 0x22, 0x65, 0x93, 0xF5, 0x76, 0x9C, 0xCB, 0x7B, 0xD7, 0xEC, 0x15, 0x9D,
    0x56, 0x1A, 0x8F, 0xF9, 0xE7, 0x83, 0xC0, 0xF5, 0xF1, 0xDE, 0x6C, 0x9D, 0x53, 0xB2, 0xB3, 0x3F,
    0x9E, 0x43, 0x1A, 0xA9, 0x65, 0x31, 0x1F, 0xA8, 0x14, 0x43, 0xE8, 0xA8, 0xAC, 0xBB, 0x0D, 0xDA,
    0xE4, 0xCE, 0x35, 0x6E, 0xE6, 0x29, 0x99, 0xE7, 0x9D, 0xF9, 0xAE, 0x39, 0xFC, 0x05, 0xE3, 0xD9,
    0x02, 0xCB, 0xDF, 0x1E, 0x50, 0x59, 0xF7, 0x07, 0x50, 0xAF, 0x39, 0x62, 0xB2, 0x40, 0x2A, 0xE6,
    0xDD, 0x82, 0xA8, 0x98, 0xA7, 0x23, 0xA0, 0xF1, 0x88, 0xA7, 0x3F, 0xC2, 0x39, 0xA2, 0xA9, 0x8F,
    0x60, 0xB6, 0x27, 0x2C, 0x47, 0x28, 0xFD, 0x11, 0xC9, 0x11, 0x48, 0x7D, 0xC4, 0xB1, 0x75, 0x82,
    0xD1, 0xDC, 0xA3, 0x48, 0x0F, 0x64, 0x4A, 0xE2, 0xA3, 0xAC, 0x27, 0x1D, 0xF3, 0x9F, 0x20, 0x1B,
    0xB2, 0x1D, 0xB2, 0x3E, 0xF9, 0x00, 0x59, 0x0F, 0x97, 0x3F, 0xEA, 0xE7, 0xB9, 0xC9, 0xE6, 0xFF,
    0xEA, 0xE6, 0x59, 0x18, 0x2E, 0x1B, 0xE7, 0x4A, 0x1B, 0xAE, 0x9D, 0x5B, 0x4B, 0xA2, 0xCA, 0x4A,
    0x36, 0xB8, 0x56, 0x0B, 0xCD, 0x01, 0xCF, 0x8A, 0x9D, 0x56, 0xCB, 0x64, 0x9F, 0xC4, 0xC3, 0x0D,
    0x66, 0x03, 0x6D, 0x3E, 0x85, 0x8E, 0xCD, 0xCF, 0x3E, 0x5C, 0xFF, 0xC3, 0x07, 0x8A, 0x31, 0x6E,
    0xE6, 0x28, 0x59, 0xBE, 0x74, 0x94, 0x8E, 0x8B, 0x1B, 0xB2, 0x61, 0x81, 0xD1, 0xCB, 0xFA, 0xBC,
    0x3F, 0xB0, 0x45, 0xD1, 0x85, 0x46, 0x68, 0x02, 0xC1, 0xC1, 0x95, 0x94, 0x56, 0xAC, 0xD4, 0xD4,
    0xAA, 0x67, 0x09, 0xD3, 0xBA, 0x99, 0x87, 0xAD, 0x79, 0xEE, 0x27, 0x88, 0x48, 0x23, 0xF2, 0x81,
    0x6C, 0xEE, 0x48, 0x3F, 0x73, 0x08, 0x39, 0xA4, 0xA3, 0xEC, 0x10, 0xB2, 0xCF, 0x06, 0x64, 0xBD,
    0xA2, 0xCB, 0x7B, 0xA1, 0x29, 0x3A, 0x41, 0x68, 0x16, 0xC7, 0xE3, 0x07, 0x7A, 0x1E, 0xD2, 0xAA,
    0x1E, 0xE8, 0x79, 0xB1, 0xB8, 0xAD, 0x96, 0x69, 0x09, 0x19, 0xCD, 0xF3, 0x2F, 0x22, 0x92, 0x11,
    0xE9, 0x80, 0x6C, 0x40, 0xD1, 0x63, 0x6E, 0x70, 0x8B, 0x16, 0xDB, 0xAC, 0x37, 0xE5, 0xBD, 0x98,
    0x75, 0xE2, 0x82, 0x25, 0x48, 0xC7, 0x52, 0x36, 0xAC, 0x64, 0xFD, 0x99, 0xBC, 0xAF, 0x14, 0xDD,
    0xBD, 0x35, 0xAD, 0xD0, 0x6C, 0x05, 0x57, 0x4A, 0xD1, 0x4A, 0x54, 0x2F, 0xA7, 0x9D, 0x8E, 0xAA,
    0x6C, 0x20, 0xEB, 0x8F, 0x96, 0xF7, 0x84, 0x46, 0x3A, 0x93, 0xEE, 0x48, 0x26, 0x79, 0xB7, 0x4A,
    0x77, 0x8A, 0xA6, 0x4E, 0xF7, 0x42, 0x53, 0x65, 0xFF, 0x2D, 0xA8, 0xB2, 0x7F, 0x53, 0x6A, 0xF3,
    0xF7, 0x3D, 0xB6, 0x2D, 0xDE, 0xE9, 0xCE, 0x4C, 0xE1, 0x2F, 0xFA, 0x4A, 0x0C, 0xD9, 0x50, 0xDD,
    0x63, 0x48, 0xC7, 0x36, 0x19, 0x1F, 0x8B, 0xDB, 0x74, 0x3C, 0x33, 0x5D, 0x65, 0x43, 0xAD, 0x8D,
    0x59, 0x5F, 0xA9, 0x62, 0xDE, 0xB7, 0x56, 0xB1, 0xE8, 0x2E, 0x94, 0x63, 0xD1, 0x5C, 0x09, 0x43,
    0x68, 0xA2, 0xA2, 0x0F, 0xA0, 0x04, 0xE7, 0xE0, 0x1A, 0x36, 0xD3, 0xC1, 0x77, 0x47, 0x24, 0x4F,
    0x9E, 0x41, 0xF2, 0x66, 0x76, 0x2B, 0x70, 0x40, 0x32, 0xDD, 0x23, 0x59, 0x89, 0xC5, 0x8F, 0xBB,
    0xB3, 0x24, 0x86, 0xBF, 0xEC, 0xAB, 0x64, 0x5C, 0x90, 0xA4, 0xC3, 0x82, 0x24, 0x1B, 0x16, 0x24,
    0xCB, 0x69, 0x4C, 0x53, 0xDE, 0x2F, 0x48, 0x96, 0x13, 0xA9, 0xE3, 0x72, 0x26, 0xEB, 0x18, 0x2C,
    0x48, 0x82, 0x05, 0x49, 0x69, 0x41, 0xB2, 0x02, 0x67, 0xA0, 0x7A, 0xC6, 0xEF, 0xA0, 0x8C, 0x07,
    0xDF, 0xF3, 0xC0, 0xE9, 0xBC, 0x87, 0xAC, 0x03, 0xD2, 0x4F, 0xEE, 0x04, 0xD9, 0xBF, 0xCE, 0x5D,
    0x29, 0xBB, 0x2D, 0xFA, 0xC7, 0xF2, 0x78, 0xB8, 0x89, 0x61, 0x89, 0x5D, 0xF4, 0x45, 0x5F, 0x09,
    0x5D, 0xD1, 0x2D, 0xF7, 0xB1, 0xDC, 0x48, 0x29, 0x34, 0x57, 0x4A, 0xA5, 0xC9, 0xCA, 0x5A, 0x54,
    0x5B, 0x25, 0x8B, 0xAF, 0xD3, 0x51, 0xAB, 0x4A, 0x07, 0xC8, 0xFA, 0xE7, 0x03, 0x86, 0x06, 0xE9,
    0x0C, 0xE9, 0x0E, 0xDE, 0x0B, 0x38, 0x6B, 0x11, 0x22, 0x8A, 0x1E, 0x00, 0x84, 0x0E, 0xEB, 0x1E,
    0x9B, 0x1E, 0xFF, 0xD8, 0xE3, 0x37, 0x3D, 0xE9, 0xAF, 0x06, 0xB2, 0x8F, 0x06, 0xC2, 0x9F, 0x8F,
    0x94, 0xC9, 0xE8, 0xC0, 0x0C, 0x97, 0x73, 0x64, 0x5E, 0x4A, 0x6A, 0x14, 0x2D, 0x34, 0x53, 0x74,
    0x26, 0x81, 0xAD, 0xF5, 0xE2, 0x6A, 0x5A, 0xDE, 0x2E, 0x78, 0xDC, 0x12, 0x22, 0x5F, 0xE9, 0x80,
    0xCB, 0x1F, 0x76, 0xD9, 0xFC, 0x9F, 0x4D, 0x31, 0x5C, 0x2A, 0x6D, 0x9C, 0x5B, 0xAB, 0xAC, 0xB4,
    0x6A, 0x5B, 0x95, 0x9D, 0xD6, 0x64, 0xBF, 0x14, 0xB2, 0xB6, 0x98, 0x6C, 0xF6, 0x1F, 0x2E, 0xF5,
    0xBB, 0xA4, 0x70, 0xCC, 0x20, 0xC4, 0xCF, 0xE3, 0x9F, 0x27, 0xBE, 0xF7, 0x94, 0x80, 0x12, 0x2B,
    0xD4, 0xA8, 0xD0, 0xE2, 0x02, 0x57, 0x98, 0x38, 0x56, 0x01, 0xE9, 0xC8, 0x89, 0xD8, 0xFE, 0xF4,
    0x53, 0x2E, 0xF7, 0x87, 0x0E, 0x9F, 0xFF, 0x44, 0xBA, 0xE7, 0x5D, 0x58, 0x6A, 0x76, 0x70, 0xE8,
    0x0E, 0xF2, 0xA5, 0x60, 0x4F, 0x2D, 0x39, 0x50, 0xB2, 0xA2, 0xA6, 0xA2, 0x82, 0xE6, 0x1B, 0x88,
    0x5B, 0xFC, 0xDD, 0x88, 0x4D, 0x87, 0x6F, 0x02, 0xC0, 0x32, 0x9E, 0x2D, 0xE3, 0x99, 0xDB, 0x64,
    0x2F, 0x8B, 0xCE, 0xBD, 0xA4, 0xF1, 0xFC, 0xE1, 0x63, 0xD5, 0x95, 0x72, 0xF0, 0x5A, 0x03, 0x97,
    0x43, 0x36, 0xEF, 0x42, 0xFF, 0xFD, 0xB5, 0x55, 0xAD, 0x6C, 0x95, 0xDB, 0xE5, 0x5B, 0x4D, 0xEA,
    0x49, 0xB5, 0xB5, 0xAB, 0xD3, 0xB8, 0x9E, 0xFB, 0xFC, 0x8E, 0xA4, 0x79, 0x9D, 0x74, 0x88, 0xF8,
    0x6D, 0x8F, 0x4B, 0xF8, 0x06, 0x00, 0xA4, 0xA3, 0x60, 0x99, 0xD9, 0xB2, 0xC1, 0x4A, 0xD6, 0xAB,
    0x1D, 0xBB, 0x7D, 0xA7, 0x3A, 0x8E, 0xAB, 0xC0, 0x56, 0x60, 0x52, 0x12, 0xAD, 0x1C, 0xC8, 0xB9,
    0xF4, 0x0D, 0xD9, 0x70, 0x9C, 0xD3, 0xE7, 0x42, 0xB7, 0x4C, 0xE9, 0xD3, 0x90, 0x5E, 0x66, 0xF4,
    0xC2, 0x8B, 0xE6, 0xC0, 0x8B, 0x22, 0x2E, 0x40, 0x40, 0xD1, 0x15, 0xCB, 0xAC, 0x6E, 0x82, 0xA0,
    0x14, 0xAC, 0x94, 0xCE, 0xAC, 0xD4, 0x6A, 0x95, 0x4A, 0xAB, 0xB5, 0x3D, 0xF1, 0xE2, 0xFA, 0xC0,
    0x8B, 0x78, 0x9A, 0xCF, 0xF3, 0x8E, 0x64, 0x9E, 0x00, 0x49, 0x3F, 0x92, 0x7D, 0x12, 0x49, 0x7F,
    0x31, 0xBC, 0x9A, 0x6C, 0xC2, 0xDC, 0x28, 0xEF, 0x0D, 0xE0, 0xC9, 0x1B, 0x54, 0x2B, 0xDE, 0xFC,
    0xD6, 0x0B, 0x66, 0x76, 0x1A, 0xCE, 0x08, 0xF0, 0x3A, 0x34, 0xCD, 0x29, 0xBD, 0xEC, 0x55, 0xA5,
    0xE7, 0x35, 0xD4, 0x98, 0x48, 0x07, 0xA0, 0x7A, 0x59, 0x29, 0x0E, 0x4F, 0x70, 0x15, 0xB1, 0xE9,
    0xB1, 0x06, 0xD0, 0xBD, 0xFB, 0xAA, 0xAF, 0xF1, 0xF5, 0xA4, 0xF3, 0xA8, 0x68, 0xE4, 0x3F, 0x23,
    0x9B, 0x48, 0x9E, 0xBE, 0xE4, 0xEB, 0x9C, 0xE0, 0x02, 0xCE, 0xE0, 0xCB, 0xD0, 0xBC, 0xFB, 0xAA,
    0xAF, 0xF3, 0x6B, 0x08, 0x0D, 0x59, 0x4F, 0x32, 0xBC, 0xD4, 0x14, 0xD3, 0xB9, 0x0B, 0x73, 0xFC,
    0x9A, 0x1D, 0x2D, 0x15, 0x95, 0x9F, 0xEE, 0x8B, 0x79, 0xBF, 0x6E, 0xB6, 0x95, 0xD8, 0xA6, 0x63,
    0x5B, 0xF4, 0x9B, 0x59, 0xB1, 0xC3, 0x7A, 0x3E, 0x39, 0x38, 0x45, 0x6E, 0x6B, 0xBC, 0xF5, 0xE4,
    0xD5, 0xCC, 0xA6, 0xA5, 0x62, 0x4F, 0xF1, 0x1F, 0x28, 0xBD, 0x00, 0x78, 0xEB, 0x5B, 0x2F, 0x36,
    0xA7, 0x9E, 0xCF, 0x2C, 0xEB, 0x91, 0xF7, 0xC8, 0xBA, 0x57, 0x95, 0xD9, 0x43, 0xFC, 0x07, 0x04,
    0xF9, 0x40, 0xFA, 0x82, 0x13, 0x98, 0x30, 0x77, 0x0E, 0x27, 0xF7, 0xFC, 0x93, 0x67, 0xBE, 0x25,
    0x3B, 0xF8, 0xE2, 0x7D, 0x28, 0x4B, 0xA8, 0x0F, 0xFE, 0x7A, 0x05, 0xB1, 0x46, 0x36, 0x6E, 0xE6,
    0x41, 0xDE, 0x5F, 0xDE, 0xFB, 0x60, 0x6B, 0xC1, 0x39, 0xE1, 0xF2, 0xE0, 0x27, 0x87, 0xD9, 0x9C,
    0x44, 0xB2, 0x3E, 0x1D, 0x09, 0x5D, 0x36, 0xB2, 0x96, 0xCD, 0xB3, 0xFA, 0xE0, 0x9F, 0xEF, 0xF6,
    0xE0, 0xF2, 0x9D, 0xF5, 0x98, 0xCD, 0xFF, 0x3C, 0xEF, 0x8A, 0xE1, 0x66, 0xB8, 0x5E, 0x52, 0xAA,
    0xCE, 0x9D, 0xDB, 0x56, 0xAA, 0x3C, 0xB6, 0x2E, 0xE7, 0x7E, 0xEB, 0xE6, 0x53, 0x3B, 0x3B, 0xA6,
    0x64, 0xC7, 0x36, 0xDB, 0x73, 0xFD, 0xF8, 0xCE, 0xD3, 0xCD, 0xEE, 0xD7, 0xF3, 0x50, 0x7E, 0xF2,
    0xD1, 0x5D, 0x23, 0x9D, 0x3F, 0xB5, 0x9E, 0x6F, 0xFD, 0xDC, 0x37, 0xD2, 0x89, 0x7C, 0x20, 0x74,
    0xCF, 0xAE, 0x14, 0x9B, 0x5D, 0xED, 0x72, 0xAA, 0x88, 0x95, 0x24, 0xD6, 0xE6, 0xDB, 0x73, 0xF3,
    0x7E, 0x2D, 0x1B, 0xC2, 0x90, 0xF7, 0xD9, 0x3C, 0xF7, 0x2E, 0x3F, 0xA3, 0x1C, 0x47, 0xF3, 0x67,
    0x43, 0x3A, 0x95, 0x43, 0xDE, 0x87, 0x3E, 0x74, 0x45, 0x1F, 0x14, 0x5D, 0x29, 0x34, 0xAB, 0x53,
    0x2D, 0xAD, 0x6C, 0xAC, 0xFC, 0x5C, 0x99, 0xDE, 0x0A, 0x73, 0x25, 0xDD, 0x55, 0xB8, 0xE0, 0x66,
    0x3E, 0xD8, 0x77, 0xB3, 0x71, 0x41, 0xAD, 0xBC, 0x85, 0xEE, 0xAB, 0xC4, 0x0B, 0xCE, 0x47, 0xD6,
    0x1D, 0xAF, 0x01, 0xF8, 0xE2, 0x98, 0x93, 0xF1, 0x5C, 0x3A, 0x3E, 0x8F, 0xD9, 0xD7, 0xB3, 0x5E,
    0xF1, 0x57, 0x64, 0x7B, 0x92, 0x0F, 0xE0, 0x21, 0x8F, 0xEC, 0xF7, 0xE4, 0x71, 0xAE, 0x54, 0xFF,
    0xBE, 0x3C, 0x5C, 0x21, 0xFA, 0x6E, 0xFE, 0x4C, 0x1E, 0x45, 0x32, 0xCA, 0x7E, 0xD9, 0x49, 0xEE,
    0xB0, 0x07, 0x90, 0x44, 0xFB, 0x74, 0xCC, 0x62, 0x3A, 0x86, 0x3E, 0x1B, 0x36, 0xB2, 0xFE, 0x5A,
    0xFE, 0x51, 0x54, 0xFC, 0xB8, 0x17, 0xBE, 0x47, 0x98, 0x09, 0xBF, 0xA6, 0x7C, 0xA7, 0xB3, 0xCA,
    0x7B, 0x75, 0x36, 0xA8, 0x92, 0xA8, 0x32, 0x69, 0x6D, 0x6D, 0xB5, 0x26, 0xE7, 0x87, 0x7D, 0x26,
    0xFD, 0x24, 0x1E, 0xB7, 0x99, 0x4B, 0xBC, 0x09, 0x80, 0x16, 0xDB, 0xCF, 0xEF, 0x80, 0xC9, 0x18,
    0xBA, 0x74, 0x58, 0xE4, 0x88, 0x9D, 0xEC, 0xA3, 0x51, 0xFE, 0xCB, 0x5E, 0xF1, 0x53, 0x8A, 0xBB,
    0x63, 0xBC, 0xF0, 0x9D, 0x46, 0x99, 0xF7, 0x56, 0xD9, 0xA0, 0x4E, 0x8F, 0xF1, 0x2A, 0xDB, 0x3F,
    0xE4, 0x2E, 0xF7, 0x08, 0xDE, 0x86, 0xF7, 0xE0, 0x0A, 0x6E, 0x60, 0xFD, 0x85, 0x56, 0xBB, 0x64,
    0x90, 0x35, 0x0A, 0x02, 0x61, 0x94, 0x8E, 0xA7, 0x82, 0x49, 0xE7, 0x08, 0xC0, 0x1F, 0x2F, 0x8F,
    0x9B, 0xBD, 0x79, 0x8F, 0x17, 0xCD, 0xE9, 0x51, 0xDA, 0x2B, 0xBE, 0x73, 0xE2, 0xEC, 0xF4, 0x6C,
    0x2F, 0x1A, 0xEF, 0xAD, 0xA7, 0x6C, 0x68, 0x49, 0x23, 0x45, 0xC7, 0x0A, 0x37, 0x4F, 0x4F, 0x0D,
    0x64, 0x8F, 0x73, 0xAC, 0x4E, 0x56, 0xA3, 0x35, 0xA6, 0x93, 0x79, 0x1E, 0xAD, 0xEF, 0xB0, 0xC8,
    0x15, 0x8B, 0x56, 0x91, 0xED, 0xF0, 0x2E, 0x30, 0xCF, 0xFD, 0xC1, 0x94, 0x68, 0x31, 0x91, 0x0D,
    0x84, 0x86, 0x1A, 0x37, 0x1D, 0x3F, 0x8D, 0xD8, 0xA1, 0x42, 0xFD, 0xDC, 0x63, 0x64, 0xE7, 0x69,
    0x1E, 0xDD, 0xCC, 0xBD, 0xF5, 0x67, 0x27, 0x59, 0x69, 0x89, 0x91, 0xEE, 0x1F, 0x62, 0x48, 0x47,
    0x9E, 0x7F, 0x75, 0x2F, 0xF8, 0x43, 0x43, 0xF0, 0xBB, 0xDF, 0x39, 0x8B, 0x5D, 0x3C, 0x70, 0x5C,
    0x12, 0xD9, 0x0C, 0x6C, 0x9A, 0xFF, 0x7F, 0x72, 0xD4, 0x82, 0x07, 0x0B, 0x1C, 0x1C, 0xD1, 0xBC,
    0x5A, 0x1D, 0xEA, 0xE1, 0x94, 0x91, 0x0D, 0x20, 0xEB, 0x79, 0x75, 0x3A, 0x14, 0xFE, 0x9A, 0xE4,
    0xC4, 0x9D, 0xA2, 0xE1, 0xAB, 0x2F, 0xBF, 0xA5, 0x0B, 0x1D, 0xE7, 0xB8, 0x22, 0xE9, 0xFE, 0x20,
    0x2D, 0xFD, 0x70, 0x12, 0x0E, 0x4A, 0x84, 0x74, 0xB0, 0x25, 0xEB, 0x4D, 0x07, 0x1F, 0x17, 0x85,
    0x2B, 0x89, 0x8B, 0xC4, 0x95, 0xDE, 0xFB, 0x30, 0xCF, 0x63, 0x70, 0xEF, 0x87, 0x52, 0x90, 0xF5,
    0x2B, 0x8F, 0xE5, 0x7D, 0x6D, 0xE5, 0x20, 0xB7, 0x1C, 0x7C, 0x25, 0x34, 0xED, 0xC1, 0x4F, 0x2E,
    0x84, 0xBF, 0x8F, 0xB6, 0xF2, 0x79, 0x30, 0x49, 0xE6, 0x86, 0xC7, 0xE5, 0xC4, 0xD9, 0xCD, 0x1D,
    0xAB, 0x61, 0xDD, 0xD8, 0x34, 0xA1, 0x3B, 0x76, 0xAC, 0x76, 0x71, 0xDB, 0xD3, 0x26, 0xD4, 0x88,
    0x02, 0xD1, 0xFA, 0x61, 0x1D, 0xDE, 0xC9, 0x86, 0x6C, 0x94, 0xF5, 0xA1, 0x93, 0xF7, 0x3F, 0x20,
    0xFF, 0xA7, 0x48, 0x31, 0x37, 0x84, 0x4F, 0x11, 0xA0, 0x84, 0x15, 0xD4, 0x50, 0x3D, 0x38, 0x76,
    0x50, 0xC1, 0x1B, 0x50, 0x00, 0x70, 0x92, 0xC0, 0x0E, 0xBA, 0xD3, 0x41, 0x76, 0x5A, 0xF4, 0xAF,
    0xA3, 0xE8, 0x74, 0x50, 0xBF, 0x0E, 0xE2, 0xD7, 0x41, 0xFB, 0x5A, 0x04, 0x27, 0x8B, 0xDE, 0x64,
    0x91, 0x9B, 0x2C, 0xBA, 0x97, 0x5A, 0x1B, 0x55, 0xAA, 0xA8, 0xB5, 0x8A, 0x07, 0xA5, 0xE9, 0x20,
    0x34, 0x89, 0x8A, 0x53, 0xD9, 0xA7, 0x03, 0x22, 0xFE, 0xEC, 0x41, 0x3E, 0x5A, 0xC4, 0xA3, 0x45,
    0x3A, 0x5A, 0x84, 0xA3, 0x45, 0x36, 0x5A, 0x44, 0xA3, 0x70, 0x58, 0xD7, 0x43, 0x53, 0x5A, 0xAC,
    0xB4, 0xB2, 0x56, 0x9F, 0xD6, 0xF5, 0x56, 0x05, 0xDF, 0xC4, 0x35, 0xE9, 0x48, 0x8A, 0xB2, 0x63,
    0x33, 0xF2, 0x37, 0x1F, 0x1E, 0x6D, 0x33, 0x70, 0xD9, 0x1F, 0x66, 0x67, 0xF2, 0x9B, 0x5E, 0xF6,
    0xAB, 0x41, 0xFE, 0xD1, 0x70, 0xD8, 0x3F, 0xCB, 0x64, 0x54, 0x27, 0x4B, 0xCF, 0x8A, 0x96, 0x36,
    0x32, 0x8A, 0x59, 0x6F, 0x29, 0xCE, 0xAB, 0x85, 0xFB, 0x6B, 0xB6, 0x35, 0x2D, 0xEB, 0x86, 0xEF,
    0xE3, 0xF4, 0xA4, 0xCF, 0x07, 0xCA, 0x48, 0xF5, 0x16, 0x6F, 0xBD, 0xCD, 0x93, 0xB7, 0x08, 0xE3,
    0x8B, 0x2E, 0xA0, 0xF6, 0x90, 0x46, 0xC8, 0x7B, 0x78, 0xC4, 0x1F, 0x6F, 0x19, 0xB5, 0x47, 0x3A,
    0x22, 0xEF, 0xF0, 0xB5, 0x97, 0xBB, 0x91, 0xB2, 0x7B, 0x10, 0x95, 0xBB, 0xCF, 0xA7, 0x9A, 0x2D,
    0xF3, 0xFB, 0x9D, 0xCE, 0x66, 0x9E, 0xB9, 0x4D, 0x6E, 0x65, 0xD1, 0x9D, 0xA2, 0xCF, 0x66, 0xA1,
    0x29, 0xDE, 0x57, 0x2A, 0x83, 0x95, 0x36, 0xA8, 0x4D, 0xF7, 0x2E, 0x1B, 0x4A, 0x55, 0xD1, 0xAD,
    0x55, 0x6B, 0xE7, 0xEA, 0x56, 0xEB, 0x3C, 0xDA, 0x59, 0x0F, 0xA7, 0xF9, 0x6D, 0x3D, 0xCF, 0x8D,
    0xF6, 0x72, 0xE2, 0xDB, 0x40, 0xD1, 0x53, 0xE2, 0x02, 0x4F, 0xA1, 0x51, 0xFE, 0xB6, 0xB7, 0xB4,
    0xC6, 0xB8, 0x6E, 0x8A, 0x7E, 0xD3, 0x85, 0xE6, 0x7F, 0xFB, 0x32, 0xFD, 0x97, 0x7E, 0x55, 0xFC,
    0xA8, 0x3F, 0x7B, 0x9C, 0x77, 0x75, 0x15, 0x9A, 0xB3, 0x18, 0xAC, 0x87, 0x73, 0xA1, 0xBB, 0x56,
    0xCE, 0x51, 0x7D, 0xD3, 0x79, 0x1D, 0xC2, 0x3D, 0xDA, 0xFC, 0xE3, 0x5E, 0xFA, 0xC9, 0x48, 0xFC,
    0xF0, 0xF3, 0xCF, 0xA0, 0x75, 0xCF, 0xA6, 0x3F, 0xBE, 0x81, 0x7E, 0xD3, 0x1F, 0x5E, 0x40, 0xD9,
    0x73, 0xFC, 0xBB, 0x3C, 0xF2, 0x2F, 0x79, 0xE0, 0x9F, 0x29, 0xF0, 0xC0, 0xBF, 0xF0, 0xE3, 0x5E,
    0xF6, 0xF1, 0x20, 0x19, 0x23, 0xDF, 0xFD, 0xF6, 0x0B, 0xF2, 0x2C, 0x1F, 0x59, 0xEF, 0x79, 0xEF,
    0x0D, 0x3E, 0xF8, 0xFA, 0xCB, 0xC6, 0xAA, 0x98, 0xD8, 0xDC, 0xF2, 0xDE, 0x23, 0xFE, 0xE4, 0xCB,
    0x2F, 0x84, 0x35, 0xFB, 0x78, 0x94, 0xFE, 0x7B, 0x24, 0x5E, 0xF1, 0xF6, 0x93, 0x67, 0xAB, 0xA0,
    0x5B, 0x06, 0x5E, 0xFA, 0xBB, 0x36, 0x89, 0x79, 0x77, 0x34, 0x3C, 0xFE, 0x1D, 0x9B, 0x44, 0x8B,
    0x9B, 0x79, 0x30, 0xCF, 0xBD, 0x75, 0xB9, 0xDC, 0x5C, 0xF6, 0x71, 0xAF, 0x7B, 0xEA, 0xB4, 0xB1,
    0x4D, 0x45, 0xBF, 0x2D, 0x5D, 0xD4, 0xA6, 0x36, 0x8F, 0x37, 0x73, 0x77, 0xCF, 0xE4, 0x89, 0x89,
    0x6B, 0x7E, 0xA0, 0x3B, 0x6C, 0x6C, 0x8D, 0x74, 0x47, 0x98, 0x79, 0xA3, 0xE0, 0xCD, 0xAC, 0x79,
    0xD9, 0xC0, 0xAC, 0x07, 0x37, 0x93, 0xE1, 0x6D, 0xCD, 0xEB, 0x5F, 0x08, 0xD8, 0x7D, 0x3A, 0xF7,
    0x3C, 0x5C, 0x68, 0xF8, 0xC0, 0xC2, 0x79, 0x5A, 0x14, 0xE4, 0xE7, 0xA4, 0xDD, 0x96, 0x0B, 0xAE,
    0x98, 0x88, 0x92, 0xF8, 0x20, 0x09, 0x2F, 0x92, 0xF1, 0xE5, 0xDE, 0xB6, 0x55, 0x9D, 0x79, 0x14,
    0x24, 0x09, 0xD8, 0x32, 0x11, 0x1F, 0xFE, 0xF9, 0xF7, 0xEA, 0xC7, 0xF2, 0xD1, 0x7A, 0xEF, 0xE2,
    0x8D, 0x85, 0x5A, 0x2F, 0x00, 0x20, 0xBD, 0x5D, 0xA6, 0xD8, 0xD7, 0xB3, 0xEE, 0x4B, 0xBE, 0xA0,
    0x62, 0xFD, 0xE6, 0x37, 0xB1, 0x2A, 0x11, 0x42, 0x43, 0xFE, 0xC3, 0x9E, 0xA4, 0xE9, 0x5E, 0xC9,
    0xEB, 0xA0, 0x0C, 0xCD, 0x7D, 0xBB, 0x58, 0x2A, 0xE6, 0xE9, 0xBB, 0x5F, 0x4C, 0xB1, 0x56, 0x76,
    0xB8, 0x89, 0x24, 0xE3, 0x7B, 0xA4, 0xFD, 0x5B, 0xAF, 0x04, 0xB0, 0x72, 0x74, 0xB9, 0x17, 0x9F,
    0x68, 0xBE, 0xF4, 0x85, 0x00, 0x67, 0xFF, 0xB1, 0xDC, 0x5A, 0xE4, 0xEA, 0x82, 0x27, 0xDF, 0x7A,
    0xA6, 0x34, 0x77, 0x8E, 0x15, 0xB0, 0xBC, 0x78, 0xB3, 0x7E, 0xF9, 0xCD, 0xEF, 0xAD, 0x58, 0xD6,
    0xB1, 0x66, 0x2D, 0xCC, 0x7B, 0x61, 0x1E, 0x3C, 0xCE, 0x4E, 0xAF, 0xCF, 0x24, 0xAA, 0x2C, 0xB6,
    0x73, 0xE1, 0xDA, 0x56, 0x65, 0x72, 0xEE, 0xFF, 0x00, 0xBD, 0xD3, 0x01, 0xA4, 0x25, 0x55, 0x18,
    0xC0, 0xF1, 0xDF, 0xCC, 0xA9, 0x1D, 0x1A, 0xF6, 0x3C, 0x04, 0xEC, 0xB6, 0x03, 0x8B, 0xD0, 0xDE,
    0x0B, 0xA1, 0x65, 0xEE, 0xDB, 0x23, 0x00, 0xB0, 0x00, 0x80, 0x10, 0x00, 0x85, 0xB0, 0xB8, 0x7A,
    0x03, 0x04, 0xB0, 0x00, 0x80, 0x00, 0x00, 0x0B, 0xB8, 0xF1, 0x74, 0x4F, 0x01, 0x40, 0x53, 0x00,
    0xC1, 0x2D, 0x01, 0xC4, 0x60, 0x68, 0xF0, 0xF6, 0x9D, 0xDE, 0xE8, 0x92, 0x45, 0x48, 0x64, 0xE6,
    0xFF, 0x8D, 0xC1, 0xDF, 0xF9, 0xBE, 0xF3, 0x7D, 0x5F, 0x8C, 0xA9, 0xFD, 0x2A, 0xD7, 0xDF, 0x9D,
    0xBC, 0xFC, 0x04, 0xF5, 0x4F, 0x4B, 0xF8, 0x61, 0x0E, 0xAF, 0x85, 0x49, 0x33, 0x6A, 0xB3, 0x38,
    0x88, 0x44, 0x3A, 0x36, 0xEC, 0xE8, 0xE9, 0x51, 0x2D, 0xB4, 0x85, 0xFB, 0xCD, 0xE0, 0x61, 0x3D,
    0x00, 0x54, 0x65, 0x51, 0x97, 0x92, 0xEA, 0x31, 0xE6, 0x30, 0x86, 0xBC, 0x3E, 0xCD, 0x1D, 0xED,
    0xD0, 0xE6, 0x98, 0xB6, 0x62, 0xB9, 0xB9, 0x63, 0xF4, 0x28, 0x64, 0x9B, 0x30, 0xDA, 0x55, 0x93,
    0xDE, 0xCA, 0xE2, 0x85, 0x6B, 0x07, 0xBD, 0xD9, 0x25, 0xED, 0xE4, 0xD9, 0x8D, 0x57, 0x0F, 0xA5,
    0xB7, 0xFE, 0x5D, 0x62, 0x9F, 0x3E, 0xC6, 0x7E, 0x87, 0x27, 0x1D, 0x62, 0x9B, 0xA8, 0xAB, 0x04,
    0x80, 0xFA, 0x24, 0xAA, 0x47, 0x9D, 0x30, 0xDA, 0x08, 0xD9, 0x4E, 0x93, 0xF5, 0xDA, 0x41, 0x2F,
    0x26, 0x7B, 0x91, 0x83, 0xC8, 0xAC, 0x63, 0xB2, 0x51, 0x4D, 0x76, 0xAB, 0xD8, 0x5B, 0x93, 0x5E,
    0x9D, 0x4B, 0x71, 0xB0, 0x1D, 0xAE, 0x88, 0xE5, 0x35, 0x55, 0x39, 0x71, 0x77, 0x97, 0xC2, 0xF7,
    0x23, 0xD3, 0xC4, 0xC5, 0x05, 0x68, 0x87, 0x76, 0x88, 0xA9, 0x4D, 0x51, 0xD4, 0x89, 0x36, 0x3A,
    0x4F, 0x6C, 0xEC, 0xEC, 0xF4, 0x7A, 0x7B, 0x7B, 0x07, 0x37, 0x0E, 0xF5, 0xE2, 0xBA, 0x9D, 0x3D,
    0xBB, 0x99, 0x74, 0xA7, 0x09, 0xDB, 0x44, 0x55, 0x46, 0x42, 0x9E, 0x08, 0x3E, 0xFF, 0x5F, 0x6A,
    0xD0, 0x2E, 0x6C, 0x5F, 0xF3, 0xE1, 0x7D, 0x2E, 0xFC, 0xB7, 0x1A, 0x1E, 0xDC, 0x72, 0x2C, 0x43,
    0x3D, 0xD7, 0x29, 0x8C, 0x34, 0x79, 0x85, 0x70, 0xA2, 0x5E, 0x70, 0x4C, 0x74, 0xE7, 0x1F, 0xD7,
    0xE8, 0xCF, 0x5C, 0x7B, 0x5E, 0xCF, 0x8E, 0xE5, 0x64, 0x7B, 0x0B, 0xF8, 0x9A, 0xEA, 0x44, 0x58,
    0xFD, 0x81, 0x16, 0x55, 0x79, 0xD9, 0x94, 0x29, 0xA6, 0xE7, 0x1D, 0x91, 0x38, 0x0A, 0x0B, 0x47,
    0x62, 0xD6, 0xAC, 0xEF, 0xCB, 0x98, 0x4B, 0xF1, 0xD9, 0x02, 0xF5, 0xA0, 0xC9, 0xDA, 0xE4, 0x3E,
    0x1F, 0x70, 0x55, 0xCA, 0x70, 0x2C, 0x25, 0xD9, 0xA1, 0xC7, 0x1E, 0x07, 0xCC, 0x98, 0x56, 0xA8,
    0x26, 0xEA, 0x13, 0x61, 0x24, 0x64, 0x9A, 0x33, 0xED, 0x40, 0x4C, 0x44, 0xC0, 0xDB, 0xE8, 0xD0,
    0xE3, 0x05, 0x5E, 0xC1, 0xC5, 0xFA, 0x35, 0x69, 0x4B, 0xDE, 0x96, 0x21, 0x8C, 0xC2, 0x9A, 0xD1,
    0xEA, 0xC6, 0xF4, 0xC6, 0xEC, 0x6E, 0xE9, 0x16, 0xCD, 0x0C, 0x75, 0xD2, 0x26, 0x91, 0xF7, 0xF8,
    0x08, 0xD5, 0xF1, 0x37, 0xBA, 0x72, 0xCB, 0x26, 0x6D, 0xB1, 0xBA, 0xE7, 0xD0, 0xC1, 0x97, 0xA8,
    0x17, 0x5C, 0x8D, 0xD6, 0x93, 0x78, 0xE7, 0xE3, 0x09, 0x16, 0xB8, 0x86, 0x03, 0x2C, 0x30, 0x23,
    0x4C, 0x88, 0x19, 0x47, 0x3C, 0x58, 0xB8, 0x57, 0x06, 0x9E, 0xCD, 0x78, 0x0A, 0xB0, 0x36, 0x8E,
    0xAB, 0x92, 0x3D, 0x0E, 0x27, 0xEA, 0x33, 0x61, 0xA4, 0x1B, 0x54, 0xDF, 0xB2, 0xBD, 0xE1, 0xE9,
    0x16, 0x31, 0xFD, 0x4D, 0x87, 0x4B, 0xDC, 0xD0, 0x4E, 0xEE, 0x95, 0xE4, 0x6A, 0xE6, 0x1B, 0x80,
    0x90, 0xBF, 0xA0, 0xFA, 0x75, 0x3C, 0xF7, 0xDD, 0x25, 0x00, 0x54, 0x93, 0xA8, 0x3A, 0xE9, 0xD4,
    0xA3, 0x8D, 0xF3, 0x84, 0xEA, 0x35, 0xD9, 0x5E, 0x3B, 0x38, 0x88, 0xA5, 0x2C, 0x6B, 0x98, 0x45,
    0x26, 0x8F, 0x56, 0x67, 0xA3, 0x3E, 0xD9, 0x09, 0xA3, 0xFE, 0x1C, 0xB2, 0xFD, 0xEA, 0x1C, 0x56,
    0x67, 0x16, 0x93, 0x2A, 0xBD, 0xAB, 0xFE, 0x71, 0xE2, 0x8F, 0xCC, 0x15, 0xDE, 0x07, 0xF8, 0x87,
    0xA6, 0xFF, 0x72, 0xAB, 0xFE, 0xB9, 0x0C, 0xE1, 0xF7, 0x36, 0x87, 0x29, 0xE4, 0x66, 0x0C, 0xB9,
    0xCD, 0x4D, 0xFE, 0x6B, 0x09, 0xE2, 0x1B, 0x4B, 0xB0, 0xB3, 0xD1, 0x9F, 0x97, 0xE0, 0x4F, 0x5D,
    0x92, 0x01, 0x64, 0x24, 0x57, 0x18, 0xC7, 0x7F, 0x33, 0x73, 0x77, 0x73, 0x97, 0x97, 0x64, 0x72,
    0x1C, 0x72, 0xB5, 0xC9, 0x04, 0x87, 0x94, 0x6C, 0x66, 0x8E, 0xC5, 0x9C, 0xCE, 0x66, 0x1E, 0x00,
    0xC5, 0x05, 0xAD, 0xA2, 0xE8, 0x56, 0x41, 0x41, 0x96, 0x6E, 0x49, 0xC9, 0x65, 0x5E, 0x0B, 0x50,
    0x58, 0x00, 0xA0, 0x51, 0x55, 0x05, 0xBA, 0x48, 0x39, 0xED, 0x5D, 0xF7, 0x15, 0x00, 0x78, 0xE7,
    0x00, 0xE0, 0x95, 0x02, 0xD0, 0xA1, 0xAB, 0xE2, 0xEC, 0xE6, 0xF5, 0xED, 0xE4, 0x8E, 0xF4, 0xBE,
    0xF9, 0xE6, 0x7B, 0xEF, 0x7D, 0xFF, 0x6F, 0xBE, 0x6F, 0xBE, 0xFF, 0xFB, 0x9E, 0xD1, 0x27, 0x21,
    0x96, 0x91, 0x49, 0xD4, 0x3E, 0x23, 0x98, 0x13, 0x2D, 0x48, 0x1E, 0x53, 0xC6, 0x32, 0x31, 0xB6,
    0x72, 0xBA, 0x97, 0xC9, 0x7A, 0x31, 0x9D, 0x57, 0xEE, 0xC2, 0xEB, 0x4E, 0xD0, 0x5B, 0xAF, 0xE6,
    0xC2, 0x6E, 0x1D, 0x94, 0xBB, 0x6B, 0xE5, 0x7E, 0xD1, 0x39, 0x90, 0x95, 0x0E, 0x75, 0xA4, 0x33,
    0x0A, 0x36, 0x10, 0xAA, 0x6A, 0x7A, 0xC3, 0xE1, 0xB0, 0x6A, 0x52, 0x1D, 0xBD, 0xB4, 0xE2, 0x7D,
    0xD5, 0xDD, 0x66, 0x54, 0x50, 0x08, 0xB9, 0xED, 0xEB, 0xCC, 0x88, 0x0D, 0xC9, 0x76, 0xB7, 0x5B,
    0x96, 0xC7, 0xDB, 0x7E, 0xE9, 0x96, 0x5E, 0x0E, 0xD8, 0x4F, 0x49, 0x84, 0x8C, 0xBE, 0xD1, 0x81,
    0x25, 0x6C, 0xB8, 0xFB, 0x82, 0x22, 0xA1, 0x5A, 0x20, 0x66, 0x08, 0x5B, 0xCD, 0x47, 0x5B, 0x87,
    0x37, 0x02, 0x15, 0x69, 0x21, 0x13, 0xF6, 0xE9, 0xF3, 0x8C, 0x50, 0x09, 0x9D, 0xC8, 0x94, 0x2E,
    0x25, 0xE7, 0x9C, 0x9C, 0xF8, 0x2C, 0x7B, 0x6F, 0xF9, 0xDE, 0x6E, 0xCB, 0x56, 0x66, 0xF9, 0xA3,
    0x81, 0xDC, 0x63, 0xB9, 0x1B, 0x31, 0xA0, 0xBA, 0xAC, 0x17, 0x74, 0xD8, 0xA3, 0xA4, 0xA0, 0xC7,
    0x4E, 0x64, 0x62, 0x9D, 0xA8, 0x53, 0x66, 0x40, 0x4C, 0xD6, 0x3A, 0xFB, 0xAC, 0x12, 0x23, 0x98,
    0x1A, 0x67, 0xAA, 0xA6, 0x6E, 0x04, 0xEB, 0xDC, 0x21, 0x24, 0xA6, 0xB6, 0x53, 0xBB, 0xCE, 0x1A,
    0x53, 0xEB, 0x6C, 0x68, 0x22, 0x13, 0x79, 0x12, 0x84, 0x72, 0xF2, 0x39, 0x5D, 0xFA, 0x94, 0xFE,
    0x39, 0xA1, 0xD2, 0xA9, 0xDA, 0x3D, 0x29, 0x76, 0x3B, 0x27, 0xFD, 0x62, 0x2F, 0x53, 0xBF, 0xD8,
    0x33, 0x3B, 0x35, 0x99, 0x12, 0x2A, 0x61, 0x8B, 0x82, 0x48, 0x0A, 0x15, 0x98, 0x60, 0xF9, 0x6B,
    0x32, 0xF0, 0x9E, 0x1E, 0xE7, 0x4C, 0xC9, 0x96, 0x0C, 0x95, 0x9E, 0xA1, 0xCA, 0x59, 0xAF, 0x23,
    0xCC, 0x24, 0x30, 0x4D, 0xA8, 0x87, 0x83, 0xE1, 0xE9, 0xAB, 0xA6, 0xFA, 0x59, 0xC3, 0x92, 0xCF,
    0xAD, 0x37, 0x7C, 0x46, 0x8D, 0x98, 0x75, 0xCB, 0xD9, 0xFA, 0x4E, 0x40, 0xB1, 0x4E, 0x35, 0x47,
    0x58, 0xE2, 0xBF, 0xB2, 0x45, 0xB1, 0xBE, 0x71, 0x33, 0x35, 0xA6, 0x72, 0x7A, 0x78, 0x44, 0xBD,
    0xA8, 0xFD, 0x0D, 0xCE, 0x6B, 0x37, 0xCF, 0xDC, 0x22, 0x73, 0x73, 0xC0, 0xDF, 0x66, 0xED, 0x2E,
    0x92, 0x37, 0x11, 0x53, 0xD7, 0xB8, 0x65, 0x41, 0xE7, 0x4C, 0xED, 0x8D, 0x06, 0x3A, 0x2C, 0x84,
    0xAD, 0x65, 0x01, 0x40, 0x60, 0x21, 0xD2, 0x10, 0x4B, 0x48, 0x80, 0x2E, 0x50, 0x02, 0x93, 0x6B,
    0x90, 0xBA, 0x82, 0xB6, 0x5E, 0x43, 0xE7, 0x40, 0x03, 0xE1, 0x35, 0x68, 0xFB, 0x1A, 0xB4, 0xB9,
    0x2F, 0xD6, 0x9F, 0x8C, 0xEE, 0x71, 0xD8, 0xC3, 0x8E, 0xB0, 0x53, 0x67, 0xA6, 0x4E, 0xB7, 0x4D,
    0x9B, 0x21, 0xDA, 0xEF, 0xBD, 0x8A, 0x6F, 0xD5, 0x92, 0x83, 0xF3, 0xC9, 0xE1, 0xC6, 0xE1, 0xED,
    0x9D, 0xFD, 0x26, 0x51, 0x99, 0xFE, 0xD2, 0x2C, 0x4B, 0x0A, 0x93, 0x20, 0x88, 0x65, 0xAC, 0x2A,
    0xD9, 0x27, 0x75, 0x97, 0xA9, 0x5B, 0x00, 0xBE, 0x49, 0xAF, 0xDE, 0x81, 0x90, 0xA1, 0x0E, 0x1B,
    0x7F, 0xA5, 0x94, 0xA4, 0x5F, 0xFB, 0xC4, 0x6A, 0x72, 0x4A, 0x9F, 0xCA, 0x03, 0x82, 0x55, 0x00,
    0x0E, 0xE8, 0x9C, 0x98, 0xFE, 0xBF, 0xB6, 0xFF, 0xA7, 0x09, 0x24, 0xC7, 0xE7, 0xCF, 0x9F, 0xF8,
    0x3C, 0x99, 0xBB, 0x2C, 0xD9, 0x2A, 0xE8, 0xF4, 0xD8, 0x4B, 0xFE, 0x9F, 0xF6, 0xF5, 0xC4, 0x1E,
    0x4F, 0xB5, 0x53, 0x91, 0xF2, 0xB5, 0x61, 0x13, 0x31, 0xB3, 0x99, 0xD3, 0xBD, 0xBF, 0x65, 0xA0,
    0x60, 0x0F, 0xFA, 0xB0, 0x8B, 0xB0, 0x93, 0xD4, 0x99, 0x22, 0x53, 0x9C, 0x11, 0x34, 0x60, 0x09,
    0x4D, 0x2E, 0x2E, 0x26, 0x6B, 0x99, 0xED, 0x08, 0x25, 0xC6, 0x66, 0xF9, 0xC9, 0x91, 0x04, 0xA2,
    0x98, 0x74, 0xD9, 0xB6, 0x5A, 0x59, 0xA3, 0x95, 0x6D, 0x6A, 0x79, 0x35, 0x93, 0x2E, 0x9A, 0x27,
    0x4D, 0x6B, 0x0C, 0x30, 0x34, 0x77, 0x7E, 0x64, 0xC8, 0xE7, 0xB7, 0xC6, 0x30, 0x60, 0x4C, 0xA8,
    0xD8, 0xE4, 0x85, 0x64, 0x73, 0xF8, 0x12, 0x56, 0xAF, 0x4C, 0x7B, 0x6C, 0x81, 0x36, 0xA4, 0x0D,
    0x6E, 0x3F, 0x6B, 0x13, 0xBC, 0x0A, 0x7F, 0x5A, 0xB9, 0xCA, 0xF7, 0x61, 0xF0, 0xC1, 0xCD, 0x43,
    0xC3, 0x29, 0x09, 0xBF, 0x63, 0xB8, 0xFF, 0x64, 0x62, 0x9F, 0xF6, 0xE2, 0x0B, 0x3F, 0x34, 0xC9,
    0xDD, 0x3F, 0x96, 0xB3, 0x0C, 0x5F, 0xC8, 0x5A, 0x56, 0xFC, 0xA6, 0xEE, 0x12, 0xCA, 0x9A, 0xA7,
    0x1C, 0xF9, 0xB5, 0x47, 0xA6, 0x62, 0x9D, 0xA9, 0x1E, 0x66, 0x85, 0xD3, 0x44, 0x26, 0x9F, 0xA8,
    0xD3, 0x47, 0xDA, 0x0C, 0xED, 0xED, 0x6D, 0x21, 0x0E, 0x8E, 0x3B, 0x07, 0xA5, 0xE0, 0xBD, 0x71,
    0x6D, 0x52, 0xF5, 0xAE, 0x82, 0xEC, 0x3B, 0x35, 0x9A, 0x4D, 0xBC, 0xD4, 0xAE, 0xC9, 0x1E, 0xAB,
    0x1D, 0x7E, 0x95, 0x4E, 0x7E, 0x44, 0x44, 0x01, 0x34, 0x07, 0x10, 0x9B, 0xC4, 0x70, 0x24, 0x43,
    0xE7, 0x2E, 0x20, 0x73, 0x8A, 0x73, 0x08, 0x6C, 0x09, 0x42, 0xA7, 0x8A, 0x9A, 0xB8, 0x05, 0x8E,
    0x2E, 0x25, 0x95, 0x73, 0xC6, 0xBF, 0xFA, 0xCD, 0x2A, 0xDC, 0x98, 0x91, 0xDF, 0x38, 0x7B, 0xCE,
    0xC7, 0x4E, 0x72, 0xCB, 0x9F, 0x99, 0xBA, 0x4B, 0x3F, 0xF8, 0x1C, 0xE9, 0x14, 0x42, 0x7B, 0x0C,
    0x34, 0xBC, 0x96, 0x50, 0x4D, 0x7D, 0x70, 0xE3, 0x96, 0xA6, 0x3D, 0x02, 0x20, 0x7E, 0xD8, 0x1D,
    0xE6, 0x79, 0x3E, 0x78, 0x68, 0xF6, 0xC7, 0xA9, 0xCC, 0xF5, 0xF7, 0xEA, 0x92, 0x31, 0x15, 0xAB,
    0x3C, 0x58, 0xBA, 0xA5, 0x30, 0xBB, 0x79, 0x2B, 0xE3, 0x54, 0xDD, 0xD8, 0x58, 0xFA, 0xF2, 0xB3,
    0x87, 0xA6, 0xAB, 0x12, 0xDD, 0x6B, 0xE9, 0x1D, 0x90, 0xC1, 0x2A, 0x9B, 0xD7, 0xF2, 0xA8, 0x55,
    0xEF, 0x58, 0xB1, 0x5B, 0xB9, 0x8F, 0x1E, 0xE4, 0x83, 0xC1, 0x78, 0xED, 0x1F, 0xB3, 0x56, 0x0C,
    0x36, 0xF3, 0xC1, 0x83, 0x7C, 0x9C, 0x0F, 0x74, 0x3E, 0xD6, 0xEF, 0xE8, 0x3D, 0x1E, 0x90, 0xFB,
    0x67, 0xC0, 0xBD, 0xAF, 0xF2, 0xC1, 0xD8, 0x1C, 0x8F, 0xCD, 0xA7, 0xEA, 0x33, 0x1E, 0x51, 0x70,
    0x63, 0x63, 0xF5, 0x2C, 0x56, 0x31, 0xF7, 0xD5, 0x50, 0xFF, 0x07, 0xBD, 0x99, 0x01, 0xC4, 0x2C,
    0x59, 0x76, 0xC7, 0x7F, 0x55, 0x35, 0x3B, 0x25, 0x5B, 0x32, 0xF7, 0x01, 0xC8, 0x64, 0xBF, 0x1B,
    0x0C, 0x02, 0x5D, 0x05, 0xC1, 0xA2, 0xAA, 0xBB, 0xB2, 0x83, 0x60, 0xC5, 0x0C, 0x00, 0x84, 0x20,
    0x10, 0xC2, 0x40, 0xD0, 0xA8, 0xB7, 0x5D, 0xBB, 0x03, 0x58, 0x78, 0x00, 0x40, 0x82, 0x05, 0xC0,
    0xE0, 0x91, 0x42, 0xCF, 0x7C, 0x95, 0x79, 0x18, 0x84, 0x4C, 0xCD, 0x2C, 0x16, 0x83, 0x57, 0x9B,
    0x59, 0x82, 0x84, 0xB9, 0x66, 0xEE, 0x52, 0x6F, 0xB7, 0xBF, 0xAE, 0x9C, 0x73, 0xAB, 0xBC, 0x7E,
    0xDF, 0x37, 0x2F, 0x6F, 0x77, 0x76, 0x66, 0xF6, 0x75, 0x9F, 0x3F, 0xDD, 0x5F, 0xDD, 0x73, 0xFF,
    0xE7, 0xD4, 0x3D, 0xFF, 0x73, 0x5E, 0x35, 0xD1, 0x03, 0x88, 0x1C, 0xE0, 0x81, 0xEF, 0x03, 0x7F,
    0xCE, 0xD3, 0x7F, 0x87, 0x79, 0xE4, 0x7A, 0x1E, 0xF0, 0x80, 0x5B, 0x2E, 0x8B, 0x47, 0xB1, 0x01,
    0x92, 0xF9, 0x26, 0x58, 0xDA, 0x42, 0x26, 0x66, 0x6A, 0x31, 0x16, 0xB3, 0x40, 0x0E, 0xEC, 0x66,
    0x17, 0x8C, 0xE4, 0x51, 0x4F, 0xFA, 0x41, 0x4F, 0xF2, 0x7A, 0xFB, 0xCD, 0xFA, 0x56, 0x9B, 0xC5,
    0xD5, 0x19, 0x3A, 0xB8, 0xEB, 0x2B, 0x99, 0x27, 0xB1, 0x99, 0xA4, 0xB7, 0x7D, 0x2A, 0xAF, 0xAC,
    0x4D, 0x06, 0x53, 0x27, 0xBD, 0x21, 0x15, 0xCB, 0x7A, 0x8B, 0xAD, 0x73, 0x73, 0x43, 0x65, 0x3C,
    0x84, 0x44, 0x64, 0xFD, 0xB2, 0x4B, 0x09, 0xBC, 0x03, 0x17, 0xAE, 0x83, 0x70, 0xED, 0x9F, 0xCB,
    0x55, 0xAD, 0x47, 0x3C, 0xFE, 0xFF, 0x5C, 0xAB, 0xD5, 0x23, 0x2F, 0xCF, 0xA3, 0x10, 0xF6, 0xDC,
    0x70, 0x2F, 0x71, 0xEB, 0x6E, 0x35, 0x14, 0x21, 0x9E, 0x53, 0xB0, 0x06, 0x6E, 0x59, 0xC5, 0xF2,
    0x77, 0x33, 0xBC, 0x44, 0x2A, 0x39, 0xE1, 0x7A, 0x82, 0x57, 0xCF, 0x30, 0xCF, 0x6D, 0xEC, 0xE3,
    0x5A, 0xF7, 0xD7, 0xBD, 0xD5, 0x12, 0xE5, 0x34, 0x01, 0xD7, 0x35, 0xD8, 0xF5, 0x03, 0x47, 0xA0,
    0x5C, 0xED, 0xC8, 0x9B, 0xB1, 0x97, 0x50, 0x46, 0x8A, 0x73, 0xD8, 0xA0, 0xC3, 0xE3, 0x22, 0x17,
    0x8F, 0xF1, 0x98, 0x0C, 0x49, 0xC8, 0x91, 0xA9, 0x0D, 0x06, 0x4B, 0x4E, 0x45, 0x09, 0x9F, 0xF7,
    0x7C, 0xD1, 0xF3, 0x69, 0x0B, 0x10, 0x96, 0xD0, 0x81, 0x07, 0xA7, 0x69, 0x88, 0x47, 0x7D, 0x0B,
    0x87, 0xA4, 0x57, 0x06, 0x59, 0xAB, 0xF1, 0x18, 0xF4, 0x6D, 0x21, 0x0F, 0xF4, 0xCB, 0x75, 0xD9,
    0xFE, 0x4B, 0x2B, 0x87, 0x2F, 0xAD, 0xAC, 0xEF, 0xAE, 0x6C, 0x88, 0x3C, 0x42, 0x77, 0xAE, 0xD1,
    0x90, 0x07, 0x88, 0xE7, 0x59, 0x43, 0x1D, 0x52, 0x45, 0xA1, 0xAB, 0xA1, 0x6B, 0x12, 0x85, 0x38,
    0x60, 0x58, 0xD0, 0x9E, 0x6B, 0xAE, 0x28, 0x64, 0xE5, 0x86, 0x4A, 0x5C, 0x94, 0x94, 0x74, 0x62,
    0x0D, 0x0D, 0xFB, 0x80, 0x9E, 0x4E, 0x5E, 0x0E, 0x8F, 0x17, 0x16, 0x2E, 0x75, 0x73, 0x1F, 0x89,
    0xEB, 0xB3, 0x6C, 0xF0, 0x44, 0xC9, 0x1A, 0xA0, 0xC3, 0x02, 0x9E, 0x1C, 0x70, 0x54, 0x28, 0xF1,
    0x12, 0xE5, 0xAE, 0x38, 0xD0, 0xA0, 0xE7, 0x4B, 0xAE, 0x57, 0x9C, 0x5B, 0xA1, 0xE4, 0x8C, 0x50,
    0x8A, 0x5C, 0x32, 0x9A, 0x5A, 0xB3, 0x6A, 0xE4, 0x5A, 0x45, 0xC9, 0xED, 0x60, 0xD1, 0xFC, 0xE6,
    0x42, 0xD7, 0xB6, 0x15, 0xE9, 0x7C, 0xA6, 0x24, 0x13, 0x82, 0x2F, 0x3E, 0xC1, 0xC1, 0xB7, 0xDC,
    0xE5, 0x4C, 0xD6, 0x6A, 0xB8, 0x49, 0xFF, 0xCC, 0x09, 0x6E, 0x2D, 0xA6, 0xCE, 0xC5, 0x2A, 0x0C,
    0xC0, 0x3F, 0xB0, 0xBA, 0x48, 0x06, 0x20, 0xAB, 0x81, 0x3F, 0xE5, 0xD9, 0x7F, 0x7B, 0xB6, 0xD0,
    0x31, 0x81, 0x57, 0xF7, 0x2E, 0xEB, 0x65, 0xAB, 0x42, 0xF7, 0x3A, 0x0A, 0x7C, 0xE4, 0x74, 0xC7,
    0x7E, 0x85, 0xF4, 0x91, 0x40, 0xF6, 0x93, 0x11, 0xCC, 0x5F, 0x3B, 0x01, 0xBC, 0xC2, 0x11, 0x2C,
    0x25, 0xE4, 0xEA, 0xA9, 0xC2, 0x42, 0x89, 0xA6, 0x9F, 0xBF, 0x04, 0xC8, 0x15, 0x0C, 0x10, 0x6A,
    0x97, 0xB8, 0x7F, 0x76, 0xF3, 0x86, 0xAC, 0xD7, 0x94, 0xF6, 0x78, 0x76, 0x3D, 0x8E, 0x59, 0x32,
    0x15, 0x7F, 0x56, 0xC7, 0x63, 0xFA, 0x21, 0x92, 0x25, 0x2B, 0xB4, 0xAB, 0x9C, 0xA4, 0xEF, 0x72,
    0xD2, 0x7F, 0x77, 0x15, 0xD9, 0xDB, 0xBD, 0x38, 0x7F, 0xA3, 0x6E, 0x30, 0x39, 0x1D, 0x66, 0x8F,
    0xC7, 0x3A, 0x1C, 0x85, 0xAE, 0xDE, 0x49, 0x86, 0xD9, 0x86, 0x34, 0x7D, 0x87, 0x07, 0x60, 0x7E,
    0x30, 0x42, 0x3A, 0xB7, 0xC0, 0x3F, 0x3E, 0xBB, 0x6D, 0xDA, 0xB3, 0x15, 0xA7, 0x34, 0x9A, 0x95,
    0x49, 0xAE, 0x8F, 0xF4, 0x00, 0x26, 0xC3, 0x12, 0x3E, 0x0F, 0x0D, 0xB0, 0xDF, 0x02, 0x65, 0xA3,
    0xE0, 0x81, 0xDC, 0x81, 0xF2, 0x04, 0xD3, 0xAE, 0xF5, 0xC7, 0x7D, 0xD6, 0x7A, 0x9A, 0xC7, 0xB5,
    0xC2, 0x42, 0x44, 0xAD, 0x12, 0xAB, 0xF1, 0x18, 0x70, 0x58, 0xC4, 0x79, 0xAE, 0x9C, 0x02, 0x54,
    0xBA, 0x65, 0x19, 0x36, 0x57, 0x1A, 0x9D, 0x5E, 0xEE, 0xF5, 0x72, 0xB7, 0x82, 0x5E, 0x6E, 0x97,
    0xCB, 0x93, 0x41, 0x4F, 0x42, 0x1F, 0x60, 0xCD, 0xE1, 0x95, 0xC2, 0x46, 0xA1, 0x82, 0x85, 0x8C,
    0x86, 0xCE, 0x4E, 0xEC, 0xDF, 0xC4, 0xA4, 0x2E, 0xE3, 0x9F, 0x0F, 0x24, 0xEF, 0x0F, 0x21, 0x78,
    0x1B, 0xC9, 0x8E, 0xE2, 0xF0, 0x30, 0x3B, 0xE6, 0xD9, 0xC9, 0x27, 0x27, 0x3B, 0x7B, 0xDD, 0xD3,
    0xD4, 0x74, 0x05, 0x74, 0x15, 0x34, 0xFA, 0x77, 0x95, 0x80, 0xE7, 0x2B, 0xEF, 0xB8, 0x28, 0x6F,
    0xBF, 0x43, 0x95, 0x40, 0x5E, 0xAD, 0x61, 0x55, 0x04, 0x0A, 0x72, 0xDE, 0x55, 0x01, 0x13, 0x6B,
    0xE1, 0x70, 0x66, 0x51, 0xF0, 0xC4, 0xE1, 0xF0, 0x91, 0xA0, 0x26, 0x37, 0x1E, 0xD2, 0x21, 0x9C,
    0xD9, 0x79, 0x22, 0x6D, 0x0B, 0xF1, 0xA3, 0x9E, 0xF4, 0xBC, 0x2E, 0x66, 0x31, 0x6D, 0xCE, 0x4E,
    0x7C, 0xDC, 0x88, 0x0D, 0xDF, 0x9C, 0xBA, 0x62, 0xE6, 0xF9, 0x29, 0x5E, 0x91, 0x03, 0x9B, 0xF5,
    0xAF, 0x65, 0xC0, 0x06, 0x42, 0xD1, 0x83, 0x57, 0x54, 0xD2, 0xA0, 0xB4, 0x41, 0x89, 0xEB, 0x56,
    0xBA, 0xB1, 0xB6, 0x09, 0x30, 0x28, 0x86, 0x93, 0xC3, 0x51, 0x09, 0x88, 0xDF, 0xF9, 0x14, 0x70,
    0xC2, 0x06, 0x4F, 0x79, 0xF0, 0x54, 0x01, 0x8E, 0x52, 0x3D, 0x7D, 0xD3, 0x7D, 0xD3, 0x92, 0x53,
    0x80, 0xA1, 0xE2, 0x88, 0x2C, 0x29, 0xE3, 0x40, 0xB2, 0x4C, 0x7B, 0x75, 0xD8, 0x58, 0x00, 0xD7,
    0xDD, 0x07, 0xE8, 0xBC, 0x67, 0xED, 0x54, 0x10, 0xD2, 0x09, 0xF1, 0xE7, 0x9F, 0xF6, 0x40, 0xFA,
    0xF1, 0xC7, 0x23, 0x60, 0x5E, 0xD7, 0xFA, 0x66, 0x9B, 0xF4, 0x1E, 0x38, 0xA6, 0x7D, 0x03, 0xB1,
    0xCB, 0xDA, 0x12, 0xD2, 0x41, 0x65, 0x04, 0xBD, 0xD7, 0x16, 0x76, 0x98, 0x40, 0xEB, 0xAD, 0x27,
    0xA1, 0xCB, 0x50, 0x67, 0xCA, 0x7B, 0xBC, 0xDC, 0x0D, 0xDB, 0x72, 0xD0, 0x4E, 0x34, 0xAE, 0x65,
    0x61, 0xD1, 0x38, 0x56, 0x03, 0x0A, 0x5E, 0x5B, 0xCF, 0xC9, 0xAB, 0x73, 0xFB, 0x6D, 0xD6, 0x3D,
    0x0F, 0xFE, 0x04, 0x90, 0x15, 0x4B, 0x5B, 0xE4, 0xCF, 0xEA, 0x3F, 0x86, 0xDE, 0x7C, 0x9B, 0x32,
    0xAA, 0x85, 0xAB, 0x2D, 0x4E, 0x9B, 0x6A, 0x68, 0x8E, 0xA1, 0x3D, 0x86, 0x06, 0xA9, 0x2D, 0x92,
    0x00, 0x46, 0x7B, 0x9B, 0x81, 0xCD, 0xB2, 0x2E, 0x57, 0xA8, 0x60, 0xAF, 0xE0, 0x29, 0xC1, 0x2D,
    0x62, 0xD7, 0x11, 0xAA, 0xEA, 0x0C, 0x0E, 0x0E, 0x68, 0x18, 0xD7, 0x70, 0x68, 0x99, 0x61, 0xAE,
    0xF9, 0x2D, 0xD1, 0x67, 0x75, 0xF4, 0x3F, 0x75, 0x22, 0xD9, 0xF8, 0xEF, 0x3A, 0xFD, 0x17, 0xE2,
    0x5F, 0xB4, 0x26, 0x27, 0x79, 0xD4, 0xE6, 0x1B, 0xC1, 0xBE, 0xAC, 0x48, 0xDF, 0xEE, 0x1F, 0x96,
    0x9A, 0x17, 0xD7, 0xC8, 0xF9, 0x79, 0x7F, 0xE8, 0x30, 0xF1, 0xA3, 0xDE, 0x0B, 0x3E, 0xC6, 0x71,
    0x15, 0x9D, 0x05, 0x37, 0xD1, 0x29, 0x72, 0x54, 0x4C, 0xA1, 0x2D, 0x06, 0x61, 0xDD, 0x5F, 0xD4,
    0xEE, 0xAE, 0xD0, 0x15, 0x5A, 0x05, 0xB9, 0x36, 0xB5, 0x1B, 0x85, 0x93, 0x16, 0x42, 0x90, 0xD1,
    0xA3, 0x5E, 0x39, 0x61, 0xF8, 0xB2, 0x96, 0x56, 0x0A, 0x25, 0x61, 0xD4, 0x39, 0xD7, 0x5A, 0x5D,
    0xD1, 0x14, 0x4D, 0xC9, 0x48, 0x93, 0xF5, 0x54, 0xB2, 0x2C, 0x2F, 0x20, 0xDF, 0x8A, 0x55, 0x62,
    0x0D, 0x54, 0x62, 0xA5, 0x58, 0x23, 0x36, 0x55, 0xE2, 0x67, 0x27, 0x8B, 0x4D, 0x6B, 0x5B, 0xED,
    0xBA, 0xE1, 0xDC, 0x1E, 0xF4, 0x60, 0x5F, 0xCF, 0xF3, 0xAA, 0xDC, 0xB7, 0xA5, 0x38, 0x1E, 0xEE,
    0x28, 0xF7, 0x2D, 0xA1, 0x7F, 0xF1, 0xE5, 0x1C, 0x9E, 0x20, 0x8E, 0x5B, 0x7C, 0x36, 0x2C, 0x7A,
    0x18, 0xA6, 0x2B, 0x51, 0xC5, 0x44, 0x26, 0x2C, 0xED, 0xE1, 0x45, 0x60, 0x91, 0xCD, 0xFF, 0xFA,
    0xFB, 0xCE, 0x8A, 0x7F, 0x71, 0x77, 0x56, 0xDC, 0x5E, 0xAE, 0xFB, 0x9D, 0xB3, 0xA2, 0xB6, 0x93,
    0x10, 0x6C, 0x75, 0x7B, 0xD1, 0x65, 0xDA, 0xB8, 0xAD, 0x51, 0x17, 0xC5, 0xBD, 0xAD, 0xBA, 0xDF,
    0x5E, 0x17, 0x55, 0xFF, 0x1A, 0xEE, 0xAF, 0xD0, 0x1B, 0x42, 0xF2, 0x24, 0xB7, 0xBD, 0xE9, 0x2B,
    0x1D, 0x98, 0x44, 0xEF, 0xB6, 0x34, 0x91, 0x53, 0xE9, 0x16, 0xE8, 0x22, 0xD7, 0x68, 0xC5, 0x35,
    0xC8, 0xC6, 0xD2, 0xE9, 0xD2, 0xBE, 0x88, 0x47, 0x5B, 0x9B, 0x9F, 0x7F, 0xF4, 0x9E, 0x9E, 0x25,
    0x0F, 0x6F, 0xFD, 0x66, 0xA1, 0xBA, 0xF0, 0xA6, 0xD4, 0xB4, 0xE5, 0x58, 0xB0, 0x54, 0xBA, 0x8F,
    0x5F, 0x4B, 0x31, 0xF9, 0xA0, 0x17, 0xF8, 0x0C, 0x88, 0x6E, 0x00, 0x26, 0x20, 0x39, 0xE9, 0xB2,
    0x23, 0x60, 0xC3, 0x8D, 0xB0, 0xFA, 0xBD, 0x59, 0x34, 0x72, 0xA9, 0x41, 0xA3, 0xD3, 0xB6, 0x2A,
    0xC0, 0xD7, 0xEB, 0xFC, 0x3C, 0xB7, 0xF3, 0x9F, 0x15, 0x02, 0x99, 0xF2, 0x29, 0x34, 0x80, 0xEE,
    0xC2, 0x32, 0x43, 0x5A, 0x92, 0x30, 0x3F, 0x56, 0xA8, 0x6A, 0xAB, 0x99, 0x5A, 0x8C, 0x5D, 0x5D,
    0x60, 0x67, 0x9D, 0x5C, 0xDF, 0x7D, 0xF1, 0x4D, 0x56, 0x85, 0xB0, 0x74, 0x41, 0x33, 0x3C, 0x0D,
    0x15, 0x4E, 0x3F, 0x45, 0x4E, 0x3F, 0x09, 0x17, 0x27, 0x38, 0xE8, 0x77, 0xC9, 0xA0, 0xDF, 0x85,
    0x76, 0x28, 0x59, 0xD6, 0x4F, 0x59, 0xAB, 0x9F, 0xB4, 0x8F, 0xC7, 0x83, 0x41, 0xBF, 0x33, 0xE8,
    0x77, 0x16, 0xFD, 0x2E, 0x47, 0x3F, 0x49, 0x00, 0x52, 0x51, 0x01, 0xA1, 0x79, 0xC1, 0x5E, 0xE5,
    0xBA, 0xD7, 0xF8, 0xE2, 0xBD, 0x14, 0x5F, 0xB8, 0xD7, 0x29, 0xE0, 0x04, 0xC0, 0xC3, 0x80, 0xEE,
    0x82, 0x52, 0xF5, 0x27, 0x38, 0x88, 0x3D, 0x6F, 0xB2, 0x8E, 0xD7, 0x49, 0x47, 0xEA, 0x51, 0xE7,
    0x92, 0x5A, 0xF5, 0xF5, 0x32, 0xED, 0x14, 0x58, 0xDE, 0xA5, 0x10, 0xD7, 0x61, 0xD2, 0xD9, 0x13,
    0x42, 0x09, 0x91, 0x84, 0x40, 0x42, 0x1C, 0x21, 0x8C, 0x90, 0x31, 0x09, 0x42, 0xE7, 0xA9, 0x64,
    0x3E, 0x69, 0x08, 0x07, 0x8D, 0xC0, 0x6A, 0x00, 0x32, 0x95, 0x19, 0x8C, 0xD2, 0xB7, 0xCA, 0x7E,
    0xAB, 0xE4, 0x4F, 0xCA, 0xDD, 0x1B, 0x49, 0x53, 0x6D, 0x6A, 0xF6, 0x77, 0xD9, 0xDD, 0x9D, 0xC5,
    0x4E, 0x88, 0x43, 0x94, 0x9B, 0xBE, 0x6E, 0xCF, 0x62, 0xC7, 0xA7, 0xB3, 0x58, 0x74, 0xED, 0xB5,
    0x02, 0x88, 0xB0, 0xFD, 0x52, 0xC3, 0x71, 0xF0, 0x16, 0xEC, 0x3A, 0xCC, 0x83, 0xB7, 0xEA, 0xFB,
    0xA2, 0x27, 0x5B, 0xDE, 0x8C, 0x4E, 0x61, 0x1C, 0x7C, 0xEB, 0x0C, 0xEC, 0x79, 0xF5, 0x06, 0xBA,
    0x65, 0x1E, 0x4B, 0x7C, 0x3A, 0x6A, 0x79, 0x47, 0x3E, 0x72, 0x16, 0x15, 0xF8, 0x2D, 0x1C, 0xE3,
    0xA1, 0x84, 0x46, 0x99, 0x71, 0xD4, 0x19, 0x8F, 0x2E, 0x6D, 0x3D, 0x4C, 0x99, 0xA2, 0x04, 0xE6,
    0x65, 0x4F, 0x83, 0xF0, 0x19, 0x0D, 0x5D, 0x98, 0xF7, 0x9A, 0x75, 0xE2, 0xFB, 0x11, 0x15, 0x46,
    0x56, 0x94, 0x44, 0xF3, 0x03, 0x88, 0x25, 0xFD, 0x56, 0xDC, 0x6C, 0x29, 0x39, 0xD2, 0xE0, 0xE9,
    0xC4, 0x3C, 0x13, 0x8E, 0xFB, 0xC2, 0xBB, 0x10, 0x52, 0x46, 0xAC, 0x10, 0xCE, 0xF7, 0x85, 0xF3,
    0x94, 0xF6, 0x5A, 0x8B, 0x69, 0x1F, 0xEE, 0x53, 0xBD, 0x0B, 0x6D, 0xD4, 0xC2, 0xF5, 0xDF, 0xD4,
    0xC9, 0xFC, 0x49, 0x6D, 0xFA, 0x6B, 0x0A, 0x76, 0x54, 0x6C, 0x69, 0x04, 0x3B, 0x31, 0x4F, 0x29,
    0x76, 0x54, 0xA7, 0x1A, 0x0E, 0xC7, 0xCC, 0xB1, 0x3B, 0x39, 0xEC, 0xE8, 0x00, 0x90, 0xC4, 0xF5,
    0xD8, 0xB9, 0xE5, 0xBD, 0x3A, 0x64, 0x2C, 0x5D, 0xB3, 0x62, 0x5E, 0x1D, 0xC9, 0xAF, 0x85, 0xDA,
    0x70, 0x9F, 0x1D, 0x39, 0xF7, 0xB1, 0x34, 0x62, 0x1D, 0x85, 0x58, 0xCE, 0x43, 0x2A, 0xB1, 0x86,
    0x3D, 0x13, 0x55, 0xE2, 0xC4, 0x45, 0x4F, 0x7A, 0x06, 0xAC, 0x87, 0xF9, 0x2C, 0xB1, 0x5B, 0xB2,
    0x7E, 0xB9, 0x53, 0x56, 0x56, 0x17, 0x41, 0xCC, 0x5D, 0x08, 0xB4, 0x0A, 0x0C, 0x4B, 0x6C, 0x7D,
    0x24, 0x9B, 0x1D, 0x51, 0xB8, 0x7F, 0x0F, 0xD2, 0xD9, 0x47, 0x74, 0xE8, 0xDB, 0x93, 0x8D, 0xD1,
    0x75, 0x9D, 0x79, 0x76, 0xA0, 0xC9, 0x46, 0xF2, 0x21, 0xA7, 0xA6, 0xCF, 0xCE, 0xB5, 0x5C, 0x49,
    0x3C, 0xFB, 0x55, 0x4A, 0x73, 0xC0, 0x2C, 0xF6, 0xDE, 0x1B, 0x92, 0x85, 0xC7, 0x9A, 0x85, 0x5A,
    0xB3, 0x50, 0x3E, 0x65, 0x9C, 0xE3, 0x2F, 0x99, 0x50, 0x0D, 0xA5, 0x49, 0x47, 0x61, 0xD4, 0x92,
    0x3D, 0x01, 0x0E, 0x43, 0x32, 0x3B, 0xD3, 0x4F, 0x12, 0x58, 0x85, 0x6F, 0x32, 0x27, 0xCD, 0x4B,
    0xB4, 0xD8, 0xA3, 0xEF, 0x2E, 0xEC, 0x5C, 0xCC, 0xBD, 0x04, 0x17, 0x4F, 0xF8, 0xF8, 0x94, 0xCC,
    0x38, 0x73, 0xC2, 0xD4, 0x6E, 0x0B, 0xD9, 0x8F, 0xC7, 0x26, 0x28, 0xAA, 0x17, 0x7C, 0x7B, 0x70,
    0x82, 0x3A, 0xBA, 0x60, 0x16, 0x4C, 0x7F, 0x32, 0x80, 0xCD, 0x14, 0x2B, 0x29, 0x05, 0x38, 0x1A,
    0xD9, 0x7D, 0xE7, 0x0C, 0x73, 0xBF, 0x6B, 0xAF, 0x28, 0xFA, 0x97, 0xA5, 0x08, 0xE6, 0xF1, 0x3B,
    0xF2, 0x2D, 0xE1, 0x9D, 0x8C, 0xF1, 0x2C, 0x61, 0xD4, 0xA4, 0xFD, 0xF2, 0x78, 0xA0, 0xCE, 0x7A,
    0x91, 0x94, 0xB7, 0x26, 0xB4, 0x42, 0x2F, 0xA7, 0xDF, 0x92, 0x73, 0x45, 0x25, 0x58, 0x0A, 0x36,
    0x82, 0x7B, 0x8D, 0x8D, 0x89, 0x4E, 0x68, 0x1E, 0x33, 0x7F, 0xB9, 0xCB, 0x7F, 0xFF, 0xF2, 0xD2,
    0x9D, 0x9A, 0x0A, 0x0A, 0x0F, 0x51, 0x0D, 0xF0, 0x07, 0xFB, 0x93, 0xE1, 0xB1, 0x5F, 0x94, 0xB8,
    0x12, 0x92, 0x13, 0xA9, 0xB4, 0x93, 0xEC, 0xA7, 0x3D, 0x66, 0x26, 0x98, 0xD5, 0xE1, 0x4C, 0xD8,
    0xE7, 0xC9, 0x40, 0x15, 0x3B, 0x4A, 0x1C, 0x0D, 0x1D, 0xCB, 0xD0, 0x2F, 0xB6, 0xC8, 0x76, 0x83,
    0xA1, 0xE3, 0x0A, 0xCF, 0x86, 0x70, 0x51, 0x50, 0x94, 0x7D, 0xAC, 0x2A, 0x32, 0xC4, 0x2E, 0xE9,
    0x77, 0x83, 0x98, 0xAA, 0xAD, 0x27, 0x73, 0xC9, 0x84, 0x19, 0x93, 0x13, 0xC5, 0x98, 0x1E, 0xF9,
    0xD1, 0x90, 0xFE, 0x13, 0x5F, 0xF4, 0xD9, 0xDF, 0x45, 0x9F, 0xF6, 0xE6, 0x7B, 0xC9, 0x07, 0xAD,
    0x79, 0x25, 0xFB, 0x61, 0x7B, 0x65, 0x8C, 0xA9, 0xAF, 0xCC, 0xC6, 0xB0, 0xC9, 0x1A, 0x43, 0x99,
    0xBA, 0x2B, 0x81, 0x31, 0xA7, 0x51, 0xA6, 0xEB, 0xF3, 0x9D, 0x41, 0xE7, 0xC9, 0x54, 0x4D, 0x5E,
    0x41, 0xF1, 0x24, 0xB9, 0x62, 0x58, 0x0C, 0x39, 0x56, 0x2C, 0x0F, 0xE7, 0xB3, 0xA4, 0xA4, 0x11,
    0xA3, 0x78, 0x7A, 0x9E, 0xEB, 0x4C, 0x56, 0xA8, 0xFE, 0x5A, 0xD2, 0xA7, 0x5D, 0xA8, 0xC2, 0xD4,
    0x55, 0x58, 0xB7, 0xC5, 0x5C, 0xCE, 0x33, 0xF1, 0xFB, 0xA2, 0xAC, 0x1F, 0xCA, 0xAD, 0x3C, 0x99,
    0x36, 0x75, 0xD9, 0xB2, 0x5B, 0x58, 0xFF, 0x6C, 0xC6, 0x73, 0x36, 0xB7, 0xF6, 0x6B, 0xE0, 0x9D,
    0x43, 0xCD, 0x17, 0xF3, 0xC0, 0x1C, 0xBB, 0xE8, 0x84, 0x8B, 0x3D, 0x3E, 0x76, 0xB8, 0x64, 0x14,
    0x1B, 0xB4, 0xE3, 0xC7, 0x63, 0x26, 0xF9, 0xCF, 0x06, 0xA9, 0x2E, 0x57, 0x60, 0x0E, 0x37, 0x58,
    0x3B, 0x5E, 0x26, 0xA7, 0x3B, 0xBD, 0x0F, 0x3B, 0x31, 0x9F, 0x12, 0xF7, 0x52, 0xA6, 0xDD, 0xFB,
    0xF2, 0x64, 0x69, 0x79, 0x6F, 0xC1, 0xD6, 0x6F, 0x9A, 0x79, 0x10, 0xCA, 0xF1, 0xFB, 0xA7, 0x78,
    0x52, 0xCE, 0x76, 0x26, 0xF9, 0x5F, 0xB3, 0x37, 0x08, 0xEF, 0xD0, 0xEF, 0x64, 0x27, 0x02, 0x73,
    0xD4, 0x2C, 0x6A, 0x79, 0xB0, 0x4D, 0xB0, 0x2A, 0x58, 0x19, 0xAC, 0x09, 0xD6, 0x05, 0xF3, 0x08,
    0x14, 0x04, 0x2D, 0xD2, 0xC2, 0x57, 0xF0, 0x6B, 0xD3, 0xA8, 0x92, 0x1E, 0x36, 0x59, 0x0B, 0x57,
    0x06, 0x81, 0x1C, 0x78, 0xA5, 0x04, 0xCC, 0x5E, 0xC1, 0x29, 0x8C, 0x2C, 0x2A, 0xAD, 0xC4, 0xC1,
    0xB2, 0x86, 0xC8, 0x09, 0xD8, 0x39, 0x85, 0x16, 0x80, 0xEF, 0x72, 0x99, 0x1E, 0x37, 0x97, 0x3C,
    0x64, 0x73, 0xAD, 0xCA, 0x9F, 0xF8, 0x5F, 0x9F, 0xB2, 0xDE, 0x55, 0x06, 0x97, 0xE7, 0x91, 0xCB,
    0xAB, 0x78, 0xCC, 0xAB, 0x64, 0x10, 0xEB, 0x2B, 0xB1, 0xA6, 0x10, 0xF1, 0x36, 0xFF, 0xF1, 0xD3,
    0x31, 0x0D, 0x03, 0xF1, 0x04, 0x56, 0xF9, 0xDC, 0x19, 0x46, 0x1B, 0xC0, 0xC5, 0x0E, 0xAF, 0xA3,
    0xB0, 0xA9, 0x29, 0xB7, 0x70, 0xD5, 0x29, 0xD1, 0xB5, 0x91, 0x88, 0xED, 0x46, 0xE8, 0x74, 0x26,
    0xF4, 0xA4, 0x7D, 0x13, 0x26, 0x93, 0x2D, 0xF9, 0xEF, 0xAC, 0xB3, 0xE6, 0x56, 0x9D, 0x4D, 0x52,
    0x67, 0xD7, 0xB5, 0x1D, 0x77, 0x5C, 0x88, 0x68, 0x4C, 0xA0, 0xEB, 0xD7, 0x53, 0xAA, 0xFA, 0x29,
    0x76, 0x9F, 0x12, 0x51, 0xE8, 0xF4, 0x44, 0x31, 0x37, 0x64, 0xD3, 0xDD, 0x36, 0xAA, 0x36, 0xAE,
    0x3B, 0x1B, 0x6E, 0xDF, 0xB9, 0x4A, 0xED, 0x72, 0xCF, 0x56, 0x3C, 0x32, 0xD1, 0x88, 0x79, 0xBA,
    0x48, 0x8F, 0x5D, 0x27, 0x0D, 0xD0, 0x71, 0x7C, 0xA5, 0xBB, 0x1A, 0x85, 0xD7, 0xE1, 0xD7, 0x23,
    0x76, 0xB4, 0x1F, 0x0F, 0xBF, 0xB7, 0xCF, 0xFD, 0x0B, 0x7D, 0x3A, 0xF5, 0xE9, 0xCF, 0xEA, 0x73,
    0x78, 0x97, 0xA7, 0xB7, 0x97, 0x32, 0x60, 0x13, 0x10, 0x0E, 0x13, 0x5C, 0x5F, 0xC2, 0x22, 0x1A,
    0x21, 0xBE, 0x3C, 0xD7, 0xAE, 0xB5, 0xB2, 0x16, 0xD3, 0xE9, 0xB4, 0x08, 0x4D, 0x95, 0xC3, 0x48,
    0xD6, 0x86, 0x43, 0x1B, 0xB8, 0x2A, 0x49, 0x85, 0x2B, 0xB0, 0x14, 0x73, 0x9D, 0xB3, 0x9B, 0x47,
    0xA1, 0xB9, 0x0C, 0xD6, 0x3E, 0x40, 0x23, 0xE0, 0x3A, 0xAA, 0x64, 0xF4, 0x88, 0xDE, 0x3B, 0x6D,
    0x67, 0xEE, 0xEE, 0xD3, 0x5C, 0x99, 0x59, 0x64, 0x65, 0x19, 0x79, 0x59, 0xB0, 0x47, 0xD0, 0x89,
    0xC4, 0x2D, 0xDD, 0xE1, 0xE5, 0x73, 0x2D, 0x85, 0xF4, 0x52, 0xEC, 0x58, 0xFB, 0x46, 0x97, 0xCE,
    0x93, 0xF4, 0x34, 0xF0, 0x44, 0x2A, 0xEC, 0xF7, 0xB2, 0xFE, 0x30, 0x53, 0x4C, 0xAA, 0x45, 0x67,
    0x92, 0xC1, 0xCC, 0xA2, 0x43, 0x5B, 0x91, 0xA5, 0xBE, 0xD3, 0xA1, 0xC9, 0xE1, 0xB2, 0x1F, 0x3B,
    0xBC, 0x36, 0x7C, 0x27, 0x9E, 0x04, 0xB4, 0xE0, 0xAD, 0xAA, 0x56, 0xAE, 0xA2, 0x5B, 0x45, 0xDE,
    0xD6, 0x25, 0xD7, 0x67, 0x4A, 0xEC, 0xAF, 0x50, 0x92, 0xCC, 0xB3, 0xEA, 0x81, 0x4C, 0x86, 0x59,
    0x78, 0x26, 0x1A, 0x6C, 0xB4, 0x41, 0xB1, 0x10, 0x65, 0x60, 0x2A, 0xE5, 0x73, 0x49, 0xD6, 0x37,
    0xA1, 0x6F, 0xDF, 0xE7, 0x21, 0x54, 0x60, 0x21, 0xAB, 0x49, 0x5A, 0x80, 0xAF, 0xD2, 0x01, 0xF9,
    0xE7, 0xEF, 0x6B, 0xD0, 0xEF, 0xFC, 0xD5, 0x57, 0x5B, 0xF5, 0x1A, 0xFA, 0x85, 0x64, 0xE8, 0x67,
    0x98, 0xD9, 0x5F, 0x0E, 0xE8, 0x7F, 0x89, 0x46, 0x3E, 0x16, 0x8D, 0xBC, 0x11, 0x45, 0x93, 0x0C,
    0xA4, 0x83, 0x6A, 0x4D, 0xDA, 0x7E, 0xB9, 0x62, 0xF2, 0xA7, 0x15, 0x53, 0xDE, 0x9D, 0xEC, 0xD5,
    0xD1, 0x61, 0x5C, 0xB5, 0xE0, 0x18, 0x32, 0xDD, 0x63, 0x00, 0xE0, 0x2B, 0x4C, 0x15, 0xAB, 0x4E,
    0x8E, 0x17, 0x9D, 0x2C, 0xE6, 0x41, 0xFE, 0xB4, 0xE8, 0x64, 0x1E, 0x74, 0x32, 0x9B, 0x47, 0xD1,
    0x49, 0x99, 0xDC, 0x32, 0x89, 0xBB, 0xBE, 0x67, 0xC1, 0x80, 0x19, 0x48, 0xF4, 0x84, 0x06, 0x0D,
    0x48, 0xF5, 0xFD, 0xC0, 0x48, 0xC7, 0x46, 0x3A, 0x76, 0x18, 0x8E, 0x1E, 0x42, 0xE8, 0x3C, 0xFD,
    0xF3, 0x7E, 0x5B, 0x28, 0x49, 0xFE, 0x93, 0xF4, 0x31, 0xC9, 0xDF, 0x02, 0xB7, 0x7E, 0x48, 0x48,
    0xF5, 0xF4, 0xDE, 0xFA, 0x39, 0x60, 0x73, 0xF9, 0x45, 0x00, 0xD4, 0xED, 0x04, 0xEF, 0x84, 0x65,
    0xC3, 0xED, 0x65, 0xF5, 0xDD, 0x65, 0x25, 0xEB, 0xB2, 0x2E, 0xAC, 0x73, 0xC4, 0x8E, 0xC3, 0xC0,
    0xAE, 0x86, 0x30, 0xC4, 0x92, 0x2A, 0xCA, 0x7E, 0x0D, 0xC8, 0xDA, 0x4E, 0x11, 0x0F, 0x5C, 0xF1,
    0xDB, 0x49, 0x3D, 0xCC, 0x33, 0x5A, 0x2B, 0xA6, 0xA7, 0xD4, 0xE3, 0xCA, 0x3E, 0xA0, 0xD7, 0x43,
    0x19, 0x3B, 0xF9, 0xBE, 0xDE, 0x0D, 0xCC, 0x67, 0x75, 0x58, 0x78, 0xC2, 0xDF, 0x92, 0x21, 0x15,
    0x90, 0x78, 0x91, 0xA0, 0x6B, 0xF4, 0x9E, 0xEA, 0x64, 0x34, 0xB7, 0x46, 0xC0, 0x19, 0xF2, 0x68,
    0xB2, 0x6C, 0x68, 0x34, 0x0D, 0x8D, 0x76, 0x91, 0xAE, 0xC2, 0x6A, 0x35, 0xCA, 0xE9, 0x6F, 0x88,
    0xCF, 0x75, 0x38, 0x33, 0x7B, 0xA0, 0x43, 0x16, 0x4E, 0x7C, 0xF7, 0x37, 0x3F, 0x5B, 0xCE, 0xCD,
    0x2F, 0xCF, 0xC4, 0x9F, 0xCC, 0xED, 0xED, 0x33, 0x23, 0x76, 0xEB, 0xCC, 0x04, 0x95, 0xBC, 0x73,
    0x66, 0x5E, 0xAE, 0xC1, 0x88, 0x55, 0x2C, 0x79, 0x6B, 0x01, 0xFE, 0xF0, 0x69, 0xC6, 0x82, 0xA6,
    0x5A, 0xF3, 0x0E, 0x03, 0xC0, 0xD7, 0x9A, 0xAA, 0x88, 0xDA, 0xD7, 0xD4, 0xD9, 0x1E, 0xE2, 0x5F,
    0x3A, 0x60, 0x1E, 0x80, 0x97, 0x00, 0xE0, 0xDB, 0xEF, 0xA3, 0x5F, 0x87, 0xF9, 0x3D, 0xD5, 0xE4,
    0xDB, 0xFF, 0xB7, 0xD2, 0xC9, 0x88, 0xAE, 0xD4, 0x0D, 0x7D, 0x23, 0x18, 0x39, 0xC5, 0x38, 0x60,
    0x32, 0x34, 0x58, 0x51, 0xAB, 0x86, 0x9D, 0xEC, 0xD8, 0x70, 0xA8, 0x75, 0x18, 0x9C, 0x6B, 0x4B,
    0x13, 0x3F, 0xAE, 0x2B, 0xCA, 0xE4, 0x43, 0xF9, 0xB6, 0x32, 0x3F, 0x6C, 0x3D, 0xD5, 0x95, 0x3C,
    0x96, 0x24, 0x2F, 0x93, 0x47, 0x03, 0xC5, 0x3E, 0xF9, 0xA4, 0xC5, 0xBA, 0x64, 0x06, 0x33, 0x44,
    0x37, 0x21, 0x26, 0xCF, 0xD2, 0x6B, 0x14, 0x9A, 0x92, 0x8E, 0xAE, 0x11, 0x70, 0x02, 0xBA, 0xE5,
    0x14, 0x0F, 0x65, 0x34, 0x25, 0x7D, 0x99, 0x4C, 0x32, 0x74, 0x9A, 0xC6, 0x50, 0x7D, 0xAF, 0xDC,
    0xB0, 0x29, 0xCB, 0x86, 0x2B, 0xB7, 0x71, 0xE2, 0xC7, 0x0E, 0x98, 0xD6, 0xB4, 0xD0, 0x00, 0x9E,
    0xF5, 0x57, 0xC8, 0xE9, 0xF6, 0xD3, 0xA0, 0xF9, 0x81, 0x98, 0x3E, 0xA8, 0x3B, 0xAC, 0xBF, 0x38,
    0xC9, 0x8B, 0x35, 0x4F, 0xDA, 0xE3, 0x23, 0x5D, 0xE3, 0xD8, 0x9D, 0x6B, 0xE2, 0x8F, 0xCE, 0x90,
    0xC8, 0x01, 0x45, 0x4F, 0x28, 0xA9, 0x4B, 0x04, 0xB4, 0x18, 0xB2, 0x5E, 0x95, 0xA5, 0x15, 0x0D,
    0x91, 0xC5, 0xF3, 0xC9, 0x62, 0x68, 0x14, 0xAA, 0x5C, 0xA0, 0xAC, 0x74, 0x78, 0xAC, 0x74, 0x7A,
    0x6C, 0x50, 0x8D, 0x71, 0xFA, 0xE0, 0x38, 0x0E, 0xCF, 0xD0, 0xE3, 0x21, 0xF1, 0xA8, 0xBA, 0xF7,
    0x9A, 0xDB, 0x02, 0xC2, 0xE4, 0x89, 0x30, 0x39, 0x02, 0xA1, 0x9E, 0x58, 0x51, 0x49, 0x73, 0x15,
    0x30, 0x0F, 0x58, 0xA1, 0x58, 0xE2, 0x03, 0xEA, 0xF5, 0x7B, 0xC9, 0xFA, 0x3D, 0x3A, 0xEC, 0xEC,
    0xF1, 0xC4, 0xF3, 0x48, 0x2C, 0xA2, 0x36, 0xAC, 0xDD, 0xA8, 0xA8, 0xF5, 0xC6, 0xE8, 0x0E, 0x1E,
    0xB4, 0x1B, 0xA9, 0xE7, 0x1B, 0x85, 0x13, 0x46, 0x53, 0x61, 0x15, 0xF2, 0x70, 0xF0, 0x22, 0x1F,
    0xB1, 0x76, 0x23, 0xFB, 0x24, 0xB0, 0x02, 0xA3, 0x97, 0x88, 0x55, 0x23, 0x3C, 0x74, 0xE0, 0x54,
    0x8D, 0x1D, 0xDA, 0x05, 0x8D, 0xD8, 0xA6, 0xDC, 0xA3, 0xB9, 0x7F, 0xB8, 0x2F, 0x71, 0x0F, 0xCB,
    0x64, 0xF0, 0x95, 0xF4, 0xBD, 0xCD, 0x32, 0x99, 0x8D, 0x56, 0x0E, 0xB4, 0x85, 0xF7, 0x80, 0x33,
    0xC4, 0x9F, 0x41, 0xFA, 0x21, 0x98, 0x37, 0xC0, 0x66, 0x35, 0x3B, 0x9D, 0xCE, 0xC4, 0x3E, 0xFF,
    0x45, 0x1F, 0x7F, 0xFA, 0xA8, 0x4F, 0x1E, 0x3D, 0xEA, 0xCD, 0xEB, 0x8F, 0x06, 0x2B, 0x05, 0x5B,
    0x65, 0x3F, 0x18, 0xFF, 0x0F, 0xB5, 0x98, 0x31, 0x90, 0xE4, 0xC6, 0x75, 0x86, 0x3F, 0xA0, 0x45,
    0xA2, 0xA4, 0x2E, 0xAA, 0x19, 0x28, 0xB0, 0x8A, 0xD2, 0xB6, 0x02, 0x45, 0x36, 0x17, 0x48, 0x14,
    0xB0, 0xEC, 0xC6, 0x4C, 0x93, 0x0C, 0x14, 0x28, 0x51, 0xE2, 0xC8, 0x01, 0x15, 0x38, 0x36, 0x55,
    0x65, 0x05, 0x6B, 0x17, 0x8E, 0x03, 0x8A, 0x55, 0x76, 0xA0, 0x40, 0x97, 0x27, 0x52, 0x60, 0x47,
    0x0E, 0x24, 0x57, 0x6D, 0x80, 0x72, 0x0D, 0x39, 0x4D, 0x5E, 0xE0, 0xE0, 0x02, 0xF6, 0x91, 0x81,
    0x02, 0x55, 0x59, 0x70, 0xE9, 0x1C, 0xC9, 0xF6, 0xB5, 0x28, 0x94, 0x0D, 0x4A, 0xB3, 0xD3, 0x46,
    0x03, 0x28, 0xEF, 0xDE, 0xAE, 0x28, 0x95, 0x65, 0xBB, 0x07, 0xEF, 0x9F, 0xBD, 0x99, 0xB9, 0xF7,
    0xFE, 0xF7, 0x1E, 0xFA, 0xBD, 0xD7, 0xC8, 0x02, 0x9A, 0xBC, 0x67, 0x6B, 0x73, 0xCF, 0xC1, 0x0A,
    0xC7, 0x7F, 0xB6, 0xC2, 0x89, 0x0F, 0x5D, 0xE1, 0x8A, 0x07, 0x4E, 0xB6, 0x4A, 0x38, 0x15, 0x63,
    0xF4, 0x0B, 0x30, 0xFC, 0xBC, 0x3F, 0xCB, 0xC2, 0xCF, 0x43, 0x29, 0x1E, 0xF5, 0xA1, 0x2E, 0xDE,
    0xF3, 0xC1, 0xA8, 0x57, 0xFC, 0x60, 0x2A, 0xE1, 0x2E, 0x2F, 0x6A, 0xE1, 0xBA, 0xAE, 0x2B, 0xDA,
    0x66, 0x08, 0xB2, 0x6D, 0xF2, 0x3E, 0x1F, 0x10, 0x5E, 0x8C, 0x13, 0xC8, 0x3D, 0xC2, 0x69, 0x43,
    0xE1, 0x6A, 0xC3, 0xF4, 0xDD, 0x39, 0x2A, 0xC6, 0xAB, 0x04, 0x27, 0x94, 0x78, 0xF8, 0x1A, 0x5A,
    0x7E, 0x57, 0x51, 0x2A, 0xA5, 0xA8, 0x6B, 0xA5, 0xAC, 0x69, 0xCE, 0xA4, 0x35, 0xC3, 0xB9, 0x6C,
    0xD9, 0xC6, 0x18, 0x16, 0x28, 0x91, 0x0E, 0x85, 0x86, 0xC9, 0x04, 0x88, 0x77, 0x03, 0x64, 0x3F,
    0x75, 0x20, 0x63, 0x0F, 0xBB, 0x78, 0x84, 0xB1, 0xB9, 0x47, 0x1E, 0xBA, 0x0D, 0xC2, 0x0F, 0xE9,
    0xE7, 0xE1, 0x0C, 0x65, 0x83, 0x46, 0x67, 0x13, 0xD4, 0x79, 0xAF, 0x69, 0x84, 0xD7, 0x8C, 0xC2,
    0x29, 0x92, 0x52, 0x9B, 0x00, 0xCE, 0x68, 0x40, 0xBD, 0x1C, 0x40, 0xFC, 0xA3, 0x83, 0xFC, 0x09,
    0x50, 0x45, 0x0F, 0x57, 0xFF, 0x11, 0xC8, 0x42, 0xE8, 0x10, 0x2E, 0x5C, 0x20, 0xDF, 0xEC, 0x0D,
    0x2A, 0xF7, 0x86, 0x32, 0x81, 0x11, 0xAE, 0x26, 0x0B, 0x55, 0x8C, 0x43, 0xDE, 0x4F, 0x18, 0x72,
    0xAF, 0x29, 0xBC, 0xF0, 0xCA, 0x2A, 0x2B, 0x5C, 0xFA, 0xB6, 0x70, 0xB9, 0x1F, 0x90, 0x2D, 0xBF,
    0xF0, 0xA4, 0x08, 0x2E, 0x78, 0x44, 0x71, 0x34, 0x1B, 0xA6, 0x48, 0x36, 0x9A, 0x52, 0xF8, 0x4E,
    0x53, 0x17, 0xEE, 0x52, 0x61, 0x54, 0x3B, 0x24, 0x24, 0x28, 0x2E, 0xCA, 0x6C, 0xC2, 0xCE, 0xE4,
    0xBD, 0x62, 0xD8, 0xE7, 0x93, 0xD6, 0xBC, 0x9F, 0xE2, 0x25, 0xFC, 0x14, 0x39, 0xE1, 0x1B, 0x06,
    0xE1, 0x4A, 0xE1, 0x0B, 0xA7, 0x94, 0x95, 0x6D, 0x31, 0x07, 0x33, 0x5A, 0x15, 0x7F, 0xF5, 0x33,
    0xAF, 0xC4, 0x7B, 0x1F, 0xF4, 0x5A, 0xBD, 0xEA, 0x42, 0xA9, 0x85, 0x0B, 0x75, 0x5D, 0xB4, 0xC1,
    0x34, 0xD2, 0x0E, 0x66, 0x90, 0xF6, 0x92, 0xE2, 0xE5, 0x30, 0xF9, 0x19, 0x20, 0x42, 0x76, 0x4A,
    0x91, 0x73, 0x8C, 0x45, 0x8F, 0xCD, 0x02, 0xB0, 0x4A, 0xFA, 0x5B, 0x78, 0xA8, 0x2C, 0x87, 0x11,
    0x0E, 0x57, 0xCC, 0x7F, 0x23, 0x1D, 0x14, 0xAB, 0x28, 0x37, 0x7F, 0xF6, 0x27, 0x27, 0x74, 0x1C,
    0xD8, 0xFD, 0x2D, 0x8C, 0x2C, 0x72, 0x88, 0x03, 0x55, 0x1C, 0x01, 0xE0, 0x39, 0xE1, 0x90, 0xCA,
    0x21, 0xAE, 0xA0, 0x18, 0x93, 0x3D, 0xF8, 0x8B, 0xD7, 0x92, 0xAE, 0x76, 0x11, 0x0D, 0x7A, 0x84,
    0x6A, 0x12, 0x6A, 0x40, 0xAF, 0xB2, 0x81, 0x67, 0x8F, 0x3C, 0x1B, 0x7B, 0xAA, 0x7F, 0x81, 0x1A,
    0x30, 0xC0, 0x36, 0xF6, 0xC8, 0x38, 0x00, 0x89, 0x4D, 0xC9, 0x28, 0xDB, 0x9A, 0x41, 0x59, 0x43,
    0x50, 0x34, 0x29, 0xD1, 0xFB, 0xBC, 0x2F, 0xE9, 0x84, 0xDF, 0xA4, 0x18, 0xD5, 0x84, 0xC2, 0xD5,
    0x59, 0x50, 0xB6, 0x9A, 0xB2, 0x84, 0x7E, 0xEB, 0xD1, 0x11, 0x19, 0x63, 0x20, 0x3B, 0x9C, 0xEC,
    0xE2, 0xC7, 0x4C, 0x02, 0x65, 0x61, 0x05, 0x00, 0x7E, 0x8F, 0xD5, 0xE6, 0x2A, 0x17, 0xC0, 0x25,
    0xB2, 0x1D, 0xCE, 0x95, 0x0D, 0xA5, 0xCA, 0xA6, 0xE0, 0x66, 0x7D, 0x59, 0xE6, 0xBE, 0x3E, 0x9F,
    0xAC, 0xD4, 0xC2, 0x19, 0x53, 0xB8, 0xA6, 0x91, 0x6D, 0x37, 0x85, 0x3A, 0x34, 0x4A, 0xF4, 0x5B,
    0xA5, 0x9D, 0x8E, 0xA7, 0xE4, 0xC1, 0x5D, 0x55, 0x1D, 0x30, 0xC0, 0xF4, 0x65, 0x9B, 0x7C, 0x1A,
    0xE0, 0x8A, 0x23, 0xA2, 0x67, 0x93, 0xE8, 0x68, 0x14, 0x28, 0xCE, 0x12, 0x54, 0x31, 0x46, 0xB6,
    0x09, 0x0C, 0x54, 0x09, 0xB6, 0x09, 0x36, 0xD4, 0xB0, 0x67, 0x03, 0x23, 0x15, 0x22, 0xA0, 0xBC,
    0xF6, 0x88, 0x18, 0x2D, 0xEC, 0x06, 0x26, 0xF0, 0x22, 0x8E, 0xCA, 0xDD, 0xAB, 0xA8, 0x6A, 0x74,
    0x83, 0x3E, 0xC4, 0x78, 0x88, 0xA7, 0x81, 0x7A, 0xC0, 0x74, 0x8C, 0x75, 0x1E, 0xAA, 0xE8, 0x8A,
    0x13, 0x1D, 0xD9, 0xB1, 0xA3, 0x38, 0x5E, 0xA0, 0x6C, 0x33, 0x5B, 0x48, 0xAF, 0x0E, 0xC3, 0x80,
    0xC9, 0x03, 0xB5, 0xF0, 0x9C, 0x4B, 0x47, 0xA9, 0x2C, 0x67, 0x1A, 0xCE, 0x6A, 0x92, 0x3E, 0xD4,
    0x25, 0xA8, 0x00, 0xCA, 0x83, 0x72, 0x30, 0x50, 0xD1, 0x71, 0xA0, 0xCB, 0x02, 0x17, 0xA2, 0xA7,
    0x11, 0x0E, 0x23, 0x5B, 0x8C, 0x02, 0x53, 0x82, 0x31, 0x50, 0x37, 0x70, 0x3E, 0x40, 0x19, 0x40,
    0x7B, 0xD0, 0x0E, 0x3E, 0xFF, 0x69, 0xD0, 0xCA, 0xA2, 0xBE, 0xD6, 0x22, 0x1E, 0x38, 0x32, 0xDF,
    0xB3, 0xAE, 0xFF, 0x33, 0x6E, 0xDF, 0xF8, 0x53, 0xD8, 0x37, 0x0B, 0x0F, 0xA5, 0x20, 0xCF, 0x01,
    0x7E, 0x67, 0xCE, 0x6B, 0xDE, 0x58, 0x53, 0xC7, 0x92, 0x3D, 0x40, 0x04, 0x36, 0x00, 0xD2, 0xA1,
    0xA5, 0xCD, 0xFB, 0xE4, 0x96, 0x6C, 0x85, 0xD3, 0xA0, 0x8A, 0x56, 0xB6, 0x65, 0x7A, 0x77, 0x8A,
    0x1A, 0x94, 0x70, 0x25, 0x89, 0xAE, 0x70, 0xCD, 0x9C, 0x5A, 0xE1, 0x87, 0x39, 0xB1, 0xF9, 0xA3,
    0x40, 0x0D, 0x4D, 0xFE, 0xA1, 0x9F, 0xD3, 0x9B, 0x8A, 0x5C, 0x45, 0x1E, 0xB2, 0x9F, 0xD9, 0x25,
    0xC9, 0x4F, 0x58, 0xF2, 0x7C, 0xC5, 0x92, 0xEA, 0x23, 0xAB, 0x33, 0x00, 0x90, 0xF7, 0x00, 0x20,
    0x1C, 0x00, 0xA8, 0x16, 0x80, 0x22, 0xB2, 0xBC, 0x8F, 0x00, 0x3B, 0x2F, 0xDB, 0xBC, 0x17, 0x71,
    0x4C, 0xEC, 0x94, 0xBB, 0x57, 0x38, 0xD9, 0x56, 0x94, 0x62, 0xE6, 0xA6, 0x13, 0xB5, 0x26, 0xBD,
    0xA5, 0x58, 0x6B, 0xE1, 0x3B, 0x3A, 0xCA, 0xC4, 0x6B, 0xA0, 0xCE, 0x7E, 0xEA, 0x19, 0x30, 0x89,
    0x55, 0xC7, 0xC8, 0x44, 0xAA, 0xCE, 0x03, 0x11, 0xAA, 0xE8, 0xB8, 0x82, 0xE2, 0x04, 0xC7, 0x9B,
    0x84, 0xF2, 0x00, 0x80, 0xF0, 0x37, 0xD8, 0xAC, 0x64, 0xC4, 0x08, 0x40, 0x09, 0x64, 0x07, 0x40,
    0xC7, 0x1E, 0x0E, 0xF1, 0x48, 0x36, 0x36, 0x6F, 0x20, 0x7A, 0x34, 0xCA, 0x91, 0x0A, 0x2A, 0x89,
    0xDE, 0x04, 0x9B, 0x04, 0xF5, 0x0A, 0xAA, 0x35, 0x90, 0xB6, 0x3E, 0x9A, 0x1A, 0xB6, 0x6C, 0xE0,
    0x1E, 0x15, 0x1C, 0x51, 0x0F, 0xFF, 0x3A, 0x50, 0xC4, 0xE8, 0xC9, 0x62, 0x04, 0x2A, 0xBF, 0x6E,
    0x6F, 0xA4, 0x9D, 0xFF, 0x95, 0xC7, 0x23, 0xF2, 0x27, 0x6F, 0xA0, 0xD1, 0xD4, 0x49, 0xC9, 0x24,
    0xCD, 0x24, 0x1D, 0x8A, 0x61, 0x16, 0x4D, 0x47, 0x4D, 0x43, 0xC3, 0xE6, 0x2F, 0x03, 0x3A, 0x7A,
    0xF2, 0x2B, 0xE0, 0x12, 0x20, 0x1B, 0x17, 0x2F, 0x5A, 0x40, 0x15, 0x47, 0xE0, 0xB3, 0x5F, 0xBE,
    0x00, 0x68, 0x00, 0xF8, 0x02, 0x00, 0x2F, 0x02, 0xF0, 0x7D, 0xD6, 0x85, 0xFC, 0x38, 0x4F, 0xF5,
    0xF6, 0x24, 0x53, 0xC5, 0xFD, 0x54, 0x26, 0x7A, 0xD1, 0x43, 0x16, 0x0A, 0x07, 0x04, 0xD5, 0x26,
    0xD4, 0x24, 0xAC, 0x80, 0x2C, 0x6C, 0x66, 0xAC, 0xE7, 0x8C, 0x26, 0x76, 0xC2, 0x4F, 0x48, 0xE1,
    0x0C, 0x7A, 0x76, 0xBF, 0x44, 0xB3, 0xA1, 0x9E, 0xA4, 0xB2, 0x87, 0xEC, 0x88, 0x8A, 0x73, 0x5D,
    0x8B, 0xDF, 0x8E, 0x16, 0xD8, 0xDD, 0x07, 0x62, 0xB4, 0xE4, 0xEF, 0xBE, 0xBE, 0x86, 0x9D, 0xD9,
    0x92, 0xB0, 0x89, 0x2D, 0x37, 0xD7, 0xEE, 0xCD, 0x88, 0x88, 0xEF, 0x46, 0xA7, 0x1C, 0xC2, 0x57,
    0xC9, 0x60, 0x9D, 0x6C, 0x37, 0x09, 0xBA, 0xF4, 0xCF, 0x2E, 0x0B, 0xA2, 0x1F, 0xB2, 0x5E, 0xF8,
    0x2E, 0xEF, 0x0B, 0xB7, 0x17, 0x5E, 0xB5, 0xF7, 0x8A, 0x7E, 0x47, 0x15, 0x53, 0x1C, 0xC7, 0x9D,
    0x27, 0x05, 0xBA, 0x07, 0x1E, 0x3D, 0x72, 0x40, 0x6B, 0x2D, 0x37, 0x57, 0x8D, 0x6C, 0xE9, 0x92,
    0x1B, 0x0C, 0x29, 0xCC, 0x59, 0x48, 0x98, 0xCF, 0x98, 0xDA, 0x99, 0xB6, 0x69, 0x1B, 0x6C, 0xAD,
    0x6C, 0x1B, 0x76, 0x36, 0xA5, 0x22, 0x5A, 0x4D, 0x93, 0xFF, 0xC4, 0xD6, 0x18, 0xF1, 0x7E, 0xDB,
    0x50, 0x4F, 0xF5, 0x61, 0xA0, 0x3E, 0x2B, 0xDE, 0x0D, 0x94, 0x46, 0x3C, 0xF0, 0x54, 0x17, 0xE2,
    0xC7, 0x2D, 0x3A, 0x88, 0x08, 0xCA, 0x67, 0x57, 0x20, 0x1D, 0x03, 0xA4, 0x48, 0xC0, 0x67, 0x3E,
    0xFB, 0x1C, 0xD7, 0xCB, 0xD0, 0x60, 0x12, 0x34, 0x86, 0x8E, 0xAE, 0x99, 0x20, 0x4C, 0x90, 0x68,
    0x8C, 0xB9, 0x37, 0xD9, 0x28, 0x9C, 0x11, 0xA3, 0x6C, 0x8D, 0x6A, 0x14, 0xF5, 0x17, 0xCD, 0x39,
    0xE7, 0xC6, 0x34, 0x9C, 0x85, 0xF3, 0xB5, 0xB2, 0xAA, 0x56, 0xB5, 0x90, 0xC7, 0x7E, 0xEE, 0x6C,
    0xEF, 0xF0, 0xA5, 0x3C, 0x40, 0xE1, 0x97, 0xC8, 0x6A, 0xA0, 0x04, 0xEA, 0x5B, 0x4D, 0xA3, 0x06,
    0x36, 0x40, 0x45, 0x62, 0x08, 0x45, 0xF4, 0x70, 0x58, 0xFB, 0xA7, 0x6C, 0x41, 0x59, 0x50, 0x80,
    0x5E, 0x65, 0xD7, 0x8B, 0x18, 0x94, 0x7F, 0x5E, 0x43, 0x0D, 0x0D, 0x74, 0xF3, 0x35, 0xCC, 0x57,
    0x07, 0xF7, 0xA0, 0x3A, 0x51, 0x5C, 0x81, 0x81, 0x06, 0x2E, 0x58, 0xBF, 0x0E, 0xAC, 0xDD, 0x16,
    0x38, 0x27, 0xF9, 0xC6, 0x3B, 0x03, 0xE8, 0x00, 0xE2, 0x08, 0xF2, 0x07, 0x6D, 0x2A, 0x40, 0x17,
    0xE7, 0xB0, 0xDD, 0x43, 0x31, 0x2E, 0xBD, 0x5F, 0xFC, 0xC4, 0x53, 0xBC, 0xE9, 0x51, 0xC0, 0x67,
    0x58, 0x57, 0xE6, 0x7E, 0xFF, 0xEF, 0xFC, 0x21, 0xBA, 0x8F, 0xFF, 0x98, 0xE7, 0x21, 0x3B, 0xD8,
    0xE9, 0xEF, 0xD3, 0xCB, 0xBE, 0xE9, 0xBE, 0xF9, 0x22, 0xA6, 0x7E, 0xEE, 0x5B, 0xE8, 0xC7, 0xA9,
    0x0B, 0xFF, 0xF0, 0x05, 0x0F, 0x6C, 0x5B, 0x00, 0x88, 0x3D, 0x00, 0xB8, 0x6F, 0x72, 0x63, 0xFD,
    0x19, 0xA0, 0x5B, 0x88, 0x0E, 0x76, 0x81, 0xDC, 0x79, 0xF8, 0xFE, 0x57, 0xF8, 0x6D, 0x4B, 0x7A,
    0x80, 0x37, 0xA8, 0x06, 0x20, 0x8B, 0xED, 0x57, 0x5E, 0x04, 0xC4, 0x9B, 0xEE, 0xF9, 0x4F, 0x01,
    0x19, 0x96, 0xDF, 0xB6, 0x76, 0x16, 0xB4, 0xBB, 0xB6, 0xDB, 0xDE, 0xB1, 0x5B, 0xAD, 0x4A, 0x0E,
    0x1E, 0x00, 0xFC, 0x0F, 0x01, 0xC0, 0x3E, 0x0F, 0x5C, 0x6F, 0x90, 0x2F, 0x02, 0x80, 0x01, 0xF8,
    0xD2, 0xF2, 0xF6, 0x2D, 0x2E, 0xC8, 0xC0, 0x2C, 0x4A, 0x4A, 0xE6, 0xAA, 0xA0, 0x20, 0xEB, 0xE1,
    0xD3, 0x7C, 0xE2, 0xFA, 0x3A, 0xC0, 0x33, 0x8B, 0xBD, 0x62, 0xD0, 0xF3, 0xDB, 0x89, 0xF5, 0xD3,
    0xDF, 0xB4, 0x32, 0xE0, 0x87, 0x4B, 0x18, 0x07, 0x38, 0x58, 0xB8, 0x20, 0x7F, 0x4C, 0x49, 0x0A,
    0x0A, 0x86, 0xE7, 0x60, 0x25, 0x08, 0xAB, 0x8B, 0x73, 0x0E, 0x14, 0x06, 0x64, 0x9B, 0xB2, 0x1D,
    0xC3, 0x1C, 0xC6, 0x9B, 0x4A, 0x03, 0xBA, 0x5D, 0xE7, 0x7E, 0x22, 0xC2, 0xE5, 0x4F, 0x26, 0x28,
    0xFE, 0x89, 0xA2, 0x55, 0x65, 0xAA, 0x2E, 0xA9, 0x24, 0xA6, 0xED, 0x9A, 0x85, 0x09, 0x84, 0xBB,
    0xE0, 0x4C, 0xD9, 0x4B, 0xCE, 0x37, 0x04, 0xCC, 0x9E, 0x40, 0x1D, 0xB2, 0xC0, 0xCE, 0x67, 0x3D,
    0xBB, 0xA4, 0xE2, 0x1D, 0xC4, 0x3C, 0xBF, 0x1C, 0x61, 0xAD, 0x90, 0x81, 0xB5, 0x13, 0x15, 0x6E,
    0x2D, 0x3F, 0xF7, 0x73, 0x4B, 0x90, 0x2D, 0x31, 0x42, 0x35, 0x5E, 0x27, 0xBB, 0x95, 0xAD, 0xB2,
    0xD2, 0x2A, 0x14, 0x1A, 0x45, 0x89, 0xE6, 0x7C, 0xC2, 0x9A, 0x1A, 0xC3, 0xBC, 0x65, 0xE9, 0x38,
    0xD2, 0xE5, 0x23, 0x7B, 0x39, 0xB0, 0x3D, 0x46, 0x74, 0x7F, 0x5A, 0x93, 0x63, 0x56, 0x7B, 0x01,
    0xB8, 0x4F, 0x16, 0xC8, 0xD3, 0x06, 0x75, 0xDB, 0xE8, 0x84, 0x4B, 0xA6, 0x65, 0x8B, 0x8A, 0xAD,
    0x8A, 0x83, 0xCA, 0x8E, 0x67, 0xD4, 0x25, 0x75, 0x4D, 0x6D, 0x30, 0x0D, 0xFB, 0x26, 0x1F, 0x0E,
    0xD1, 0xC7, 0x8F, 0xC9, 0xFB, 0x74, 0x09, 0xCF, 0x1F, 0xFC, 0x92, 0x6D, 0x44, 0xB6, 0x48, 0x8B,
    0xB2, 0x28, 0xD0, 0x50, 0xCE, 0xD7, 0x36, 0xB6, 0xDB, 0x18, 0x1A, 0x86, 0x0B, 0x2E, 0x27, 0x9C,
    0x87, 0x27, 0x2F, 0x4F, 0x64, 0x71, 0x9C, 0x24, 0x92, 0xF7, 0xCA, 0xA5, 0x71, 0x5C, 0x4C, 0xAF,
    0x84, 0xF2, 0xCD, 0xAF, 0x3A, 0xF5, 0xEA, 0xFB, 0xAD, 0x7A, 0x25, 0xA2, 0xE2, 0x88, 0x3E, 0x0D,
    0x94, 0x18, 0x6A, 0x9E, 0xC7, 0xC0, 0x2C, 0xCD, 0x8D, 0x39, 0x90, 0xCB, 0x9D, 0xE5, 0xA3, 0xE8,
    0xF9, 0xD5, 0x2B, 0x81, 0x23, 0x21, 0x1B, 0x08, 0x79, 0x20, 0x08, 0x3F, 0x89, 0xCB, 0x26, 0xC9,
    0xFB, 0xE2, 0xDD, 0xB7, 0xBC, 0x7C, 0xF0, 0xD0, 0xA9, 0x3E, 0x5A, 0xB5, 0xBB, 0x42, 0xA9, 0x23,
    0x67, 0x73, 0xAC, 0x9E, 0xBB, 0x33, 0x5F, 0x42, 0xEE, 0x41, 0x38, 0x56, 0x99, 0x38, 0xB6, 0x79,
    0x8C, 0x76, 0xFE, 0x34, 0xC9, 0xDD, 0x22, 0x94, 0xE4, 0x66, 0x25, 0xFB, 0xF5, 0x3C, 0xA9, 0xC1,
    0xCC, 0x57, 0x93, 0xC7, 0x51, 0xC4, 0x41, 0x38, 0xAE, 0x43, 0x6D, 0x51, 0xB0, 0xC6, 0xED, 0xC6,
    0x4F, 0xD9, 0xC5, 0x9E, 0x29, 0xD8, 0x5C, 0x02, 0xC3, 0xF5, 0x11, 0x23, 0xEF, 0x17, 0x36, 0xDB,
    0xE8, 0x92, 0xDC, 0x2D, 0x8B, 0xB7, 0x18, 0xDD, 0xB5, 0x78, 0x38, 0x11, 0x4F, 0x77, 0x2D, 0xA6,
    0x9C, 0xB8, 0x49, 0xEC, 0xCD, 0x28, 0x14, 0x2D, 0x48, 0x0B, 0xEA, 0x64, 0x51, 0x31, 0xA0, 0xB2,
    0x14, 0xBF, 0x9A, 0x73, 0x2A, 0x6A, 0x34, 0x06, 0x35, 0xCB, 0x05, 0x9A, 0x0E, 0xCD, 0x40, 0xB5,
    0xDA, 0xDD, 0x43, 0x36, 0xF2, 0xBC, 0x0C, 0xE9, 0x3E, 0xA0, 0x1A, 0xE1, 0xD7, 0xF8, 0x9E, 0x8E,
    0x5F, 0x5E, 0xE5, 0x41, 0x33, 0x94, 0x74, 0x35, 0x9D, 0x99, 0x2F, 0x18, 0xC8, 0x02, 0xA2, 0x47,
    0x39, 0x1D, 0x51, 0x23, 0xD4, 0x98, 0x79, 0x4E, 0x31, 0x0C, 0x28, 0xDB, 0x88, 0x1E, 0xE9, 0x3A,
    0xD5, 0x22, 0xFC, 0xB0, 0x85, 0x3C, 0x84, 0x3D, 0x30, 0x7C, 0x14, 0x80, 0xB7, 0x7F, 0xE5, 0x48,
    0xF1, 0x01, 0x88, 0x4F, 0x80, 0xFC, 0x17, 0xEF, 0x5B, 0x90, 0x0F, 0xD2, 0x49, 0x55, 0x7F, 0xF5,
    0x2D, 0x0F, 0xF7, 0xE4, 0xCB, 0x01, 0x46, 0x65, 0x07, 0x44, 0xAF, 0x68, 0x50, 0xAD, 0x66, 0xEB,
    0xB7, 0x9C, 0xA1, 0xDD, 0xF5, 0x20, 0x58, 0x24, 0x4C, 0x44, 0x01, 0x65, 0x67, 0x44, 0x8C, 0x84,
    0x62, 0x72, 0x24, 0x0B, 0xD5, 0x88, 0x7E, 0xB9, 0x7F, 0x1B, 0xE4, 0xB7, 0x1F, 0x0D, 0x50, 0x3C,
    0x78, 0xAF, 0x4F, 0xF8, 0xC0, 0x83, 0x8C, 0xD1, 0x81, 0x7C, 0xF2, 0xC4, 0x81, 0xFA, 0xDA, 0x57,
    0x93, 0x5D, 0x95, 0x94, 0x6D, 0x66, 0x3C, 0x9E, 0x89, 0x9E, 0x6D, 0x38, 0xCB, 0x62, 0xBB, 0xB3,
    0xE7, 0xBC, 0xFE, 0x94, 0x7E, 0x00, 0x0D, 0xC0, 0x19, 0xEB, 0x7A, 0xFD, 0x63, 0x88, 0xB1, 0xC5,
    0x4A, 0x0F, 0xA2, 0xBF, 0xBE, 0x1B, 0x75, 0xCB, 0xEE, 0x0A, 0x0E, 0x3D, 0x70, 0x0F, 0xD0, 0xB3,
    0x9E, 0x55, 0x80, 0x8A, 0x2F, 0xF3, 0xF6, 0x3C, 0x6F, 0xBF, 0x10, 0xDB, 0xA5, 0xD4, 0xBD, 0x74,
    0x7D, 0xC3, 0xCB, 0x44, 0xDA, 0xC3, 0xB3, 0x29, 0x0B, 0xFD, 0x33, 0x59, 0x80, 0xF9, 0x12, 0x7D,
    0x1E, 0xAD, 0x88, 0x96, 0xC2, 0x91, 0x7B, 0x84, 0xB7, 0xD2, 0xC5, 0x68, 0x5F, 0x1F, 0xC1, 0x43,
    0x0F, 0x81, 0xAC, 0xA7, 0xF2, 0x68, 0x4B, 0x16, 0x38, 0x66, 0x41, 0x84, 0xBC, 0x97, 0x2E, 0x8D,
    0x41, 0xC2, 0xED, 0x29, 0xDE, 0x0B, 0xC8, 0xEF, 0x38, 0xD4, 0xEB, 0xA0, 0x8E, 0xA0, 0xF6, 0xA0,
    0x6B, 0x28, 0x35, 0xD4, 0xAA, 0xC5, 0x08, 0x8F, 0xC9, 0x03, 0x0D, 0x23, 0x1D, 0x3B, 0x37, 0xB0,
    0x6D, 0x41, 0xDE, 0xDA, 0x51, 0x67, 0xA9, 0x3E, 0xB4, 0xE9, 0x48, 0x2A, 0xDC, 0x88, 0x98, 0x62,
    0x5B, 0x3C, 0x74, 0xC8, 0x1F, 0x5C, 0xEB, 0x54, 0x1B, 0xD0, 0x0A, 0x4A, 0xE9, 0xA8, 0x45, 0x8F,
    0xC9, 0x22, 0x86, 0x08, 0x94, 0xC0, 0xF9, 0xCD, 0xDD, 0xB8, 0xF0, 0xEC, 0xF3, 0x85, 0xE7, 0x07,
    0x3F, 0x40, 0x3C, 0x38, 0x52, 0x3C, 0x58, 0x79, 0x7E, 0xCF, 0xA2, 0x0E, 0xA0, 0x4E, 0x2B, 0xCF,
    0x0A, 0xEA, 0xAA, 0xA5, 0xDE, 0x3A, 0xCC, 0x1F, 0x26, 0x9E, 0x03, 0xDD, 0x8C, 0x5B, 0xE6, 0xFF,
    0xFF, 0xA3, 0x0A, 0xF1, 0x70, 0x8F, 0x78, 0x3F, 0x50, 0xBC, 0xEF, 0x90, 0xDF, 0xBB, 0xC1, 0xA9,
    0x06, 0xBD, 0x85, 0x72, 0xEB, 0xA8, 0xFF, 0xDC, 0x63, 0xFE, 0x3E, 0x60, 0x18, 0x67, 0xFB, 0x79,
    0x2F, 0x42, 0x75, 0x52, 0x6E, 0x7B, 0xDA, 0x22, 0xDC, 0xF1, 0x7F, 0x18, 0xA7, 0x64, 0x7F, 0x03,
    0x5F, 0xBE, 0x3E, 0x0C, 0xCB, 0xD8, 0x23, 0x7F, 0x39, 0x57, 0x70, 0xB2, 0x5E, 0xB9, 0xDC, 0x6F,
    0x11, 0x7E, 0x8F, 0x98, 0xF4, 0xAE, 0xB1, 0x42, 0x3E, 0x15, 0x2B, 0x7B, 0x23, 0x56, 0x89, 0xD7,
    0x91, 0xDD, 0x91, 0x0D, 0x87, 0x91, 0x11, 0x06, 0xD1, 0x43, 0x50, 0xED, 0x32, 0x46, 0xE7, 0xFD,
    0x08, 0xF9, 0x87, 0x7D, 0x1A, 0x78, 0x5A, 0x10, 0x27, 0xA0, 0xF8, 0x77, 0x40, 0x7E, 0xD7, 0xA6,
    0x7B, 0xDA, 0x81, 0x12, 0x3D, 0xA8, 0x64, 0x5D, 0xB3, 0x87, 0x92, 0x1A, 0x6A, 0x2A, 0x30, 0xA8,
    0x96, 0xED, 0x89, 0x71, 0x7B, 0x25, 0x7A, 0x6A, 0xD9, 0x62, 0x2A, 0x68, 0xF6, 0xF0, 0x0F, 0x01,
    0xA2, 0x83, 0xB4, 0x43, 0x3F, 0xEA, 0xC9, 0x42, 0x6A, 0x3E, 0x7B, 0x96, 0x2C, 0xEB, 0x49, 0xA4,
    0xCB, 0x02, 0x8A, 0xAC, 0x47, 0x93, 0x7B, 0x4A, 0x84, 0xA7, 0x46, 0x38, 0x0C, 0x85, 0xA3, 0x99,
    0x27, 0x62, 0x54, 0x8C, 0x63, 0x82, 0x01, 0x05, 0x81, 0x33, 0xB2, 0x40, 0x49, 0xDE, 0x53, 0x93,
    0x42, 0xB6, 0x82, 0xA3, 0xA1, 0x70, 0x74, 0xC8, 0x91, 0x01, 0x35, 0x02, 0x0C, 0x00, 0x61, 0x85,
    0x64, 0x85, 0xA5, 0x93, 0xDD, 0x6A, 0x1A, 0x4E, 0xF8, 0xF9, 0x8C, 0x17, 0xE3, 0x22, 0xC8, 0x56,
    0xA3, 0x6C, 0x89, 0x5A, 0x8B, 0x9E, 0xEE, 0x0D, 0xD5, 0x8D, 0x96, 0x70, 0x5D, 0x84, 0x13, 0xFD,
    0x98, 0x34, 0xEA, 0xD3, 0xE2, 0x00, 0xC2, 0x51, 0xCF, 0x68, 0x58, 0x7C, 0x58, 0x9C, 0x58, 0x1C,
    0x60, 0x45, 0xB2, 0xC0, 0xE2, 0xC8, 0xE2, 0xC9, 0xE2, 0xCA, 0xE2, 0xC6, 0x8A, 0x17, 0xB3, 0x95,
    0x6E, 0xB6, 0x93, 0x6A, 0xE0, 0x4C, 0x3D, 0x0E, 0xC2, 0x13, 0x13, 0xF3, 0x9E, 0x44, 0x9D, 0xC4,
    0x9D, 0x44, 0x3E, 0x69, 0x5E, 0x21, 0xF1, 0x47, 0x93, 0xD2, 0x8F, 0x62, 0x76, 0x01, 0xB3, 0x40,
    0x39, 0x97, 0xFD, 0xD3, 0x8C, 0x57, 0x24, 0xC6, 0x06, 0xC4, 0x82, 0x8E, 0x8B, 0x99, 0xF1, 0xE5,
    0xCC, 0x38, 0xB1, 0xB4, 0xC4, 0xC7, 0xC9, 0xC7, 0x78, 0x9A, 0x73, 0x54, 0xB5, 0x29, 0x49, 0x85,
    0x2B, 0x11, 0x4E, 0xF4, 0x75, 0x22, 0x10, 0x52, 0x9E, 0xB2, 0x84, 0x6D, 0x16, 0x52, 0xBA, 0xF2,
    0xD0, 0x91, 0x9E, 0xC3, 0x0D, 0x28, 0x44, 0x7F, 0x5D, 0x54, 0x95, 0xBB, 0x1E, 0x29, 0xDF, 0x01,
    0x8A, 0x38, 0x00, 0x79, 0x6C, 0x27, 0x89, 0x3D, 0x22, 0x46, 0x9F, 0xB4, 0xCE, 0xE0, 0x28, 0xDC,
    0xDC, 0x30, 0xE6, 0x76, 0x29, 0xA3, 0x55, 0xA8, 0xD8, 0x2B, 0xE6, 0xC6, 0xA1, 0x19, 0x4B, 0xE6,
    0xE6, 0x71, 0x4E, 0x63, 0xA8, 0xB9, 0x30, 0x18, 0xBA, 0x9B, 0xD9, 0x5E, 0x0C, 0x4B, 0x07, 0x3A,
    0x5A, 0x90, 0xE3, 0xFA, 0x2C, 0xA2, 0x4A, 0x70, 0x05, 0x88, 0x50, 0x0C, 0x48, 0x57, 0x5D, 0xA1,
    0xEC, 0xBD, 0x2A, 0xA9, 0xD4, 0x6C, 0x08, 0x8A, 0x3A, 0x0B, 0x1A, 0x93, 0xF7, 0x13, 0x88, 0xBE,
    0x4A, 0xB0, 0x49, 0xDB, 0xA7, 0x61, 0x93, 0xF6, 0x47, 0x95, 0xFD, 0x22, 0xA0, 0x7C, 0xFC, 0xEF,
    0x67, 0x48, 0xF1, 0x08, 0xE4, 0x23, 0x1C, 0x1C, 0x22, 0x05, 0xBE, 0x7D, 0x9B, 0x4A, 0x44, 0x6B,
    0xD4, 0x77, 0xDA, 0x46, 0x15, 0xAE, 0x3B, 0x2B, 0xDC, 0x65, 0x29, 0xDB, 0xA1, 0x54, 0xB6, 0xAB,
    0xB6, 0xEC, 0xF5, 0x15, 0x1B, 0x35, 0xA0, 0x63, 0xA4, 0x38, 0xC5, 0xFF, 0xE5, 0x59, 0xE9, 0x19,
    0x44, 0x3C, 0xC1, 0x61, 0x04, 0xC9, 0x22, 0xC5, 0x5A, 0x54, 0x23, 0x30, 0xFE, 0xC6, 0xB3, 0xD2,
    0x08, 0x7B, 0xB8, 0x97, 0xD9, 0x29, 0x28, 0xC5, 0x09, 0x3C, 0x04, 0x08, 0xF3, 0xD4, 0x3B, 0x57,
    0xFA, 0x5D, 0x8C, 0xED, 0x21, 0xB9, 0x59, 0x73, 0x77, 0xC4, 0x09, 0x77, 0xE7, 0x93, 0x3B, 0x5B,
    0x63, 0x00, 0x75, 0xEB, 0x77, 0xEB, 0xA4, 0x41, 0xFE, 0xE8, 0x2A, 0x3F, 0x22, 0x1E, 0x46, 0x15,
    0x11, 0xFF, 0xAA, 0x1A, 0x65, 0x45, 0x90, 0x41, 0xDA, 0xC2, 0x4B, 0xA7, 0xEC, 0x24, 0xAD, 0xB2,
    0xB3, 0x90, 0x44, 0x93, 0xA4, 0x9C, 0xA5, 0x9E, 0x25, 0xBD, 0xCC, 0x8D, 0x57, 0xC3, 0xD6, 0x01,
    0xC8, 0x4F, 0xEC, 0xAC, 0x1D, 0xAA, 0x6D, 0xD0, 0x18, 0x6A, 0x6A, 0x46, 0xCA, 0xE4, 0xA7, 0xF0,
    0x28, 0xD9, 0xA2, 0x5E, 0x03, 0xF9, 0x36, 0x14, 0x23, 0x88, 0x70, 0x77, 0xF6, 0xBB, 0x39, 0x6D,
    0x5D, 0x52, 0x76, 0x34, 0x17, 0x0C, 0x4D, 0x16, 0x8C, 0xF0, 0xA6, 0x70, 0x46, 0xD9, 0xBA, 0xE4,
    0xDC, 0x70, 0xDE, 0x71, 0x16, 0xD0, 0x3D, 0xCA, 0x3D, 0x35, 0x19, 0x9F, 0xB3, 0x8E, 0x5C, 0x25,
    0xA2, 0xD7, 0x14, 0x6E, 0xF6, 0xCA, 0x96, 0xC8, 0x36, 0x15, 0xAC, 0x61, 0xEE, 0x75, 0xE2, 0x47,
    0x8E, 0xFC, 0x89, 0x25, 0x3B, 0x01, 0x47, 0x60, 0xB8, 0x1E, 0x08, 0x6F, 0x47, 0x39, 0x3D, 0x34,
    0x93, 0x6D, 0xE1, 0x8A, 0x56, 0x4D, 0x98, 0xAA, 0x68, 0x3D, 0x49, 0x83, 0x48, 0xBA, 0x3E, 0x08,
    0xE4, 0x1F, 0x3A, 0xF2, 0x1F, 0xB7, 0x64, 0x4F, 0x78, 0x4A, 0xDF, 0x36, 0xA6, 0xF1, 0xBD, 0x5D,
    0x33, 0x71, 0xAD, 0x0F, 0x83, 0x74, 0x73, 0x7C, 0xD1, 0xD4, 0xA0, 0xEC, 0x90, 0x66, 0x9C, 0x7E,
    0x7D, 0xD6, 0x2F, 0x9E, 0x00, 0xD9, 0x15, 0xC0, 0x08, 0x88, 0x23, 0x20, 0xF7, 0x80, 0x2E, 0x81,
    0x5A, 0x03, 0xA3, 0x82, 0x3C, 0xC8, 0x76, 0xD9, 0xB7, 0xCA, 0x8A, 0x23, 0x1B, 0xF2, 0x23, 0xC0,
    0x05, 0x70, 0x6B, 0x77, 0x26, 0x08, 0x79, 0xE0, 0x32, 0x55, 0x47, 0x65, 0x31, 0x1B, 0x38, 0xEB,
    0x40, 0x05, 0x12, 0x11, 0x94, 0x83, 0x6D, 0x0F, 0x5D, 0x20, 0x0B, 0x03, 0x85, 0x6B, 0x50, 0x76,
    0xEB, 0x36, 0x54, 0xB7, 0x92, 0x91, 0xE4, 0x2C, 0xDD, 0xA8, 0x6F, 0xF9, 0x43, 0x8C, 0xAF, 0x3A,
    0xEE, 0x76, 0x0E, 0xCB, 0xDA, 0x34, 0xF4, 0x0C, 0x77, 0x3A, 0xC7, 0xDA, 0x34, 0xF6, 0x09, 0xBA,
    0xA5, 0xEC, 0xA9, 0x18, 0xE3, 0x02, 0x80, 0x06, 0x28, 0x01, 0x6A, 0x00, 0x03, 0x2B, 0xC0, 0x21,
    0x86, 0xCB, 0x43, 0xEC, 0x87, 0x2C, 0x10, 0xF2, 0x3E, 0x0B, 0xB9, 0xCF, 0x7B, 0xE1, 0x73, 0xBF,
    0x1C, 0x6F, 0xD2, 0xC3, 0x42, 0xE9, 0xE4, 0x7C, 0x1B, 0x6F, 0xD3, 0x40, 0x65, 0x8B, 0xF8, 0x30,
    0x64, 0x27, 0x11, 0x20, 0xBB, 0x9D, 0x80, 0x64, 0x38, 0x48, 0x9B, 0x85, 0x54, 0x39, 0x15, 0xC2,
    0x6B, 0xC4, 0x5C, 0x65, 0x6B, 0x8A, 0x49, 0x64, 0x5B, 0xA3, 0xEC, 0x86, 0x1D, 0xD5, 0x5C, 0x38,
    0x5E, 0xBB, 0x75, 0x00, 0x69, 0x80, 0x83, 0x9B, 0xE4, 0x4E, 0x6C, 0xA0, 0x44, 0xA1, 0xD0, 0x68,
    0x4A, 0x4A, 0x6A, 0x36, 0xF3, 0x5C, 0x6D, 0x38, 0xB2, 0x29, 0x8E, 0x54, 0xB1, 0x43, 0x0E, 0xDD,
    0xAD, 0x13, 0xC7, 0x09, 0xF2, 0xAB, 0x6B, 0xDD, 0xD7, 0x3B, 0xFF, 0xD7, 0xF3, 0x7C, 0x66, 0xE2,
    0xA9, 0x26, 0x9E, 0x9F, 0x9D, 0x78, 0x3E, 0x37, 0xF1, 0xFC, 0xE2, 0x61, 0x29, 0x70, 0x57, 0x1A,
    0x5E, 0x2A, 0xE1, 0x5B, 0x35, 0x7C, 0xD3, 0xC0, 0xD7, 0x67, 0x3D, 0x49, 0x9E, 0xE6, 0xF4, 0xB9,
    0x0D, 0xE6, 0xC5, 0x89, 0xD3, 0x4B, 0x47, 0xEA, 0x3F, 0x5A, 0x39, 0x8D, 0x1D, 0x84, 0x01, 0xFA,
    0x00, 0x8F, 0x02, 0xBC, 0xD2, 0x43, 0xDE, 0x93, 0x7D, 0x42, 0xD1, 0x91, 0x7F, 0xF5, 0x71, 0x4A,
    0x59, 0xAB, 0x1E, 0x4B, 0x77, 0x3B, 0x7E, 0x06, 0xD9, 0xAE, 0x4F, 0x2E, 0xD7, 0x23, 0x8B, 0xBE,
    0x1E, 0xAB, 0x6E, 0x1F, 0xB6, 0xFE, 0xF9, 0x44, 0xFE, 0xE3, 0xD8, 0x8A, 0x7F, 0x93, 0x4E, 0x04,
    0xE1, 0x0A, 0x9F, 0x46, 0x94, 0xC2, 0xA9, 0xF9, 0x00, 0xAE, 0x9E, 0x3A, 0x80, 0xD7, 0x13, 0x9A,
    0xB5, 0x10, 0xC1, 0x0B, 0x4B, 0x4F, 0x75, 0x14, 0x8F, 0x45, 0x40, 0xDB, 0x2C, 0x50, 0x93, 0x87,
    0x97, 0xF6, 0x14, 0xFD, 0xC5, 0x90, 0xED, 0xDC, 0x2E, 0xC6, 0x53, 0xCA, 0xDF, 0xFD, 0x99, 0xFC,
    0x0D, 0xC8, 0x02, 0x2B, 0x30, 0x02, 0xBC, 0xC1, 0x17, 0x40, 0xC7, 0xE3, 0xD2, 0x1D, 0xE6, 0xAC,
    0x16, 0x31, 0xA0, 0xDB, 0x30, 0x05, 0x6A, 0x30, 0xA9, 0xF0, 0x0C, 0x2F, 0xF8, 0x6D, 0x8C, 0x56,
    0xC6, 0xBF, 0x59, 0x23, 0xB2, 0x7A, 0xB1, 0xCF, 0xEC, 0x7C, 0xFA, 0x92, 0x57, 0xFF, 0xAF, 0x8C,
    0x6E, 0x4D, 0x55, 0x33, 0xDC, 0xE7, 0x77, 0xA7, 0x7A, 0xBB, 0xD8, 0x3E, 0x0B, 0xC4, 0x81, 0xD7,
    0xEF, 0xDF, 0x3E, 0xB4, 0xDE, 0x6C, 0x60, 0x61, 0x7D, 0x92, 0x31, 0x8F, 0x0C, 0xBC, 0xF0, 0x98,
    0xDD, 0x11, 0xE0, 0xFE, 0xE7, 0x01, 0xB2, 0xDE, 0x00, 0xF0, 0xCB, 0x11, 0x80, 0xCA, 0x73, 0x7B,
    0x69, 0x4A, 0x2A, 0x50, 0xD4, 0xEC, 0xA1, 0x68, 0x4D, 0x1E, 0x40, 0x38, 0x93, 0x78, 0xE4, 0x7D,
    0xA3, 0x01, 0x42, 0x77, 0x0F, 0xA0, 0x1B, 0x06, 0x80, 0x5D, 0xF4, 0xCB, 0xB6, 0x77, 0x40, 0xFE,
    0xD1, 0x4F, 0x1D, 0x50, 0x7C, 0xF0, 0x41, 0x0F, 0xA8, 0x57, 0x1F, 0x05, 0x60, 0x23, 0xDC, 0xEC,
    0x5A, 0xAA, 0x58, 0x73, 0x3D, 0x34, 0x50, 0xF8, 0x54, 0xEA, 0x51, 0xAD, 0x42, 0xC3, 0x16, 0x85,
    0xB2, 0x24, 0x17, 0xBF, 0x01, 0x48, 0x1B, 0x80, 0xE2, 0x81, 0x5F, 0x47, 0x21, 0xE0, 0x73, 0xAC,
    0x2B, 0x1F, 0x19, 0xF2, 0xA3, 0x88, 0x04, 0x75, 0x44, 0xD9, 0xB0, 0x01, 0xF9, 0x66, 0xDF, 0xCC,
    0x95, 0x79, 0x00, 0xF9, 0x96, 0x0F, 0x20, 0x63, 0xEC, 0x41, 0x2D, 0x58, 0x7C, 0xDB, 0x83, 0x96,
    0x09, 0x6B, 0x95, 0x36, 0xCC, 0x5E, 0x65, 0x81, 0x6D, 0x50, 0x44, 0xB7, 0x6D, 0xCF, 0xA8, 0xDC,
    0x72, 0x2A, 0x12, 0xE1, 0xE6, 0x49, 0xAB, 0x78, 0xD0, 0x23, 0xBF, 0xDB, 0xA2, 0xDE, 0x00, 0x15,
    0xEF, 0x4F, 0x32, 0xA2, 0x79, 0x67, 0xBD, 0xC5, 0x55, 0x9B, 0x9A, 0x43, 0x92, 0x66, 0x92, 0x54,
    0x21, 0x07, 0xD6, 0x09, 0x85, 0x2D, 0xF0, 0xF6, 0x4C, 0x54, 0x47, 0x8F, 0x3C, 0xC1, 0xB5, 0xDE,
    0xA7, 0x4E, 0x25, 0xEB, 0xD3, 0x84, 0x1E, 0x95, 0x25, 0xDD, 0xCD, 0x75, 0x0F, 0x4F, 0x72, 0x73,
    0xB8, 0xC8, 0x06, 0x3E, 0x55, 0xF4, 0xA8, 0xF5, 0xC6, 0x58, 0xA3, 0x1D, 0x13, 0x84, 0xC2, 0x91,
    0xF5, 0xB2, 0x45, 0x78, 0x65, 0x11, 0x4E, 0x41, 0x6A, 0x7E, 0xC8, 0xB6, 0x82, 0x25, 0xC6, 0xD4,
    0x70, 0x86, 0x81, 0x9A, 0x06, 0xCC, 0x72, 0xAF, 0x0C, 0x30, 0x30, 0x20, 0x02, 0x81, 0xE8, 0xB2,
    0xC8, 0x69, 0x29, 0x6E, 0x18, 0x80, 0xEE, 0xA9, 0x91, 0x31, 0x6F, 0xF9, 0x2F, 0xBD, 0x97, 0x01,
    0xA4, 0x2D, 0xC7, 0x19, 0xC7, 0x7F, 0xBB, 0xD3, 0xBC, 0xD5, 0x8C, 0xDE, 0x29, 0xA0, 0x24, 0xEF,
    0x0C, 0x04, 0xC1, 0xBB, 0xBB, 0x10, 0x3C, 0xEC, 0x9E, 0xDD, 0xA4, 0x80, 0x20, 0x05, 0x00, 0x5A,
    0x00, 0x5A, 0x5E, 0xF0, 0x70, 0xB0, 0xD7, 0xD9, 0xE4, 0x01, 0xD0, 0x3E, 0x00, 0x10, 0x41, 0x01,
    0x2A, 0xC1, 0xA5, 0x8B, 0xFB, 0x9C, 0x49, 0x8A, 0xA2, 0xC8, 0x26, 0x05, 0x50, 0x1D, 0x1A, 0x5A,
    0xA5, 0x32, 0x9A, 0xC1, 0x86, 0x73, 0xCF, 0xF4, 0x7E, 0xD6, 0xE1, 0x5C, 0x37, 0x51, 0x69, 0x9A,
    0x37, 0xF6, 0xFB, 0x73, 0xAD, 0x3B, 0xDF, 0xEF, 0xFF, 0x9D, 0xF9, 0x66, 0x67, 0xA0, 0x9A, 0xC9,
    0xD2, 0x8C, 0xF2, 0x91, 0xC2, 0x05, 0x4C, 0x77, 0x13, 0x59, 0xA0, 0xCC, 0x3D, 0x8D, 0x9A, 0xE8,
    0x95, 0x63, 0x2C, 0x1C, 0xA1, 0x18, 0x94, 0xD7, 0x43, 0xEB, 0x4C, 0x5C, 0x63, 0x02, 0x64, 0x1E,
    0x94, 0x83, 0x62, 0x00, 0xD3, 0x81, 0x25, 0x0B, 0x18, 0x32, 0x8F, 0x25, 0x9F, 0x28, 0xE5, 0x65,
    0x23, 0x52, 0x53, 0x38, 0x7A, 0xF4, 0xC0, 0x88, 0x49, 0x69, 0x16, 0x89, 0x18, 0x08, 0xAC, 0x90,
    0x4C, 0x48, 0x2A, 0xD4, 0x44, 0xCD, 0x22, 0x8E, 0x9E, 0xC2, 0x31, 0xCA, 0xFF, 0x44, 0x64, 0x72,
    0x0C, 0x40, 0x09, 0xD0, 0x03, 0x79, 0x84, 0x2A, 0x4D, 0x60, 0x0F, 0x20, 0xFF, 0x1E, 0xD4, 0x74,
    0x13, 0x2E, 0xBB, 0x89, 0xDC, 0x17, 0x4E, 0x4D, 0x7A, 0x50, 0xCE, 0xA4, 0x24, 0x31, 0x18, 0xF4,
    0x60, 0x31, 0x5D, 0x89, 0xA1, 0xC1, 0x52, 0xB3, 0xA2, 0xE6, 0x1C, 0xA8, 0x81, 0x1E, 0x18, 0xC9,
    0xF2, 0x80, 0x4A, 0x13, 0xF9, 0x81, 0x3B, 0x3E, 0xA6, 0xFF, 0xC1, 0x87, 0xBB, 0xED, 0x63, 0x2F,
    0x3E, 0x22, 0x40, 0x00, 0x99, 0x16, 0x79, 0x0B, 0x66, 0x00, 0xEC, 0x7F, 0xB5, 0xE0, 0xEE, 0x5A,
    0xB0, 0xBE, 0xA6, 0x9A, 0x4E, 0x7E, 0x02, 0x60, 0x05, 0x34, 0x02, 0x18, 0x74, 0x97, 0x05, 0xD3,
    0xE5, 0xDE, 0xA0, 0x26, 0x8B, 0x72, 0xE5, 0x4D, 0x34, 0x14, 0x4E, 0xDE, 0x36, 0x98, 0x6E, 0xCD,
    0x8E, 0x2A, 0x25, 0x8A, 0xC3, 0xCF, 0x81, 0x12, 0x68, 0xE0, 0x58, 0x8E, 0x62, 0x06, 0x3D, 0x83,
    0x61, 0x09, 0x0B, 0x94, 0xC0, 0x39, 0x94, 0x94, 0x0D, 0xE7, 0x35, 0x75, 0x4F, 0xBF, 0x61, 0x3F,
    0x66, 0x73, 0xAF, 0x63, 0x7B, 0x1D, 0xCC, 0xE7, 0x81, 0x2C, 0x88, 0x0D, 0x35, 0xD1, 0x3A, 0x79,
    0x6A, 0xE8, 0x61, 0x84, 0x08, 0x81, 0x6C, 0x0F, 0x3B, 0xF2, 0x3D, 0x24, 0xD1, 0xFC, 0x80, 0xFA,
    0x17, 0xF2, 0xFC, 0x05, 0xD3, 0x53, 0xBC, 0xC7, 0xAA, 0x46, 0xFF, 0x5A, 0xE6, 0x35, 0x6F, 0xB1,
    0x19, 0x31, 0x86, 0x10, 0x6F, 0x34, 0xF3, 0x81, 0x95, 0x56, 0x1F, 0x05, 0xCE, 0xF5, 0x9B, 0xAF,
    0x7B, 0x9A, 0xE2, 0xAD, 0xDC, 0x53, 0x17, 0xBF, 0x93, 0xA5, 0x59, 0xEC, 0x95, 0x63, 0xA3, 0x62,
    0xE1, 0xB8, 0x54, 0x41, 0xEF, 0xA5, 0x7E, 0x3A, 0x02, 0x10, 0x00, 0xC1, 0x01, 0x94, 0xE3, 0x58,
    0x69, 0x2C, 0xE4, 0x91, 0x6A, 0x50, 0x33, 0x6D, 0x77, 0x23, 0xBB, 0x4E, 0x5D, 0x91, 0x28, 0xFA,
    0xFC, 0xAF, 0xE8, 0x5F, 0xA9, 0xF7, 0x30, 0x0F, 0xF4, 0x7D, 0xCC, 0xFD, 0xB3, 0x73, 0xCE, 0xEE,
    0xD7, 0x35, 0xAB, 0xB3, 0x4D, 0xCD, 0xF9, 0x59, 0xD8, 0x50, 0x1B, 0xFF, 0x98, 0x5A, 0xBB, 0xDD,
    0x8D, 0x74, 0x09, 0xE0, 0x3E, 0x40, 0x0D, 0xB0, 0x01, 0x08, 0x40, 0x16, 0x20, 0x45, 0x1E, 0x3D,
    0xC5, 0x80, 0x85, 0x12, 0x1A, 0x8E, 0x95, 0x38, 0x29, 0xC6, 0xB1, 0x52, 0xCA, 0xF1, 0xD2, 0xE7,
    0x6C, 0xF7, 0xC0, 0x2F, 0x5E, 0x00, 0x2E, 0x4B, 0x58, 0xFE, 0xBC, 0xF7, 0x94, 0xD3, 0x21, 0xF4,
    0x54, 0x0E, 0x68, 0x45, 0x7E, 0x2F, 0xF2, 0xA5, 0x83, 0xFC, 0xCF, 0x13, 0xA8, 0x8F, 0x27, 0x30,
    0x6F, 0x78, 0xB0, 0x99, 0x87, 0x46, 0x28, 0xB6, 0x49, 0x50, 0x52, 0x20, 0xF3, 0x04, 0xC9, 0x13,
    0x39, 0x36, 0xD3, 0x48, 0x05, 0x23, 0x0D, 0xF4, 0xF0, 0xCA, 0x3D, 0xD8, 0x18, 0x68, 0x4A, 0xB0,
    0x33, 0x64, 0x1D, 0x00, 0x6C, 0x9F, 0x0C, 0x2A, 0xFD, 0xBD, 0xD3, 0xD3, 0x16, 0x4B, 0xCB, 0x9A,
    0x8A, 0x9A, 0x92, 0x9E, 0x86, 0x91, 0x9A, 0x99, 0x9E, 0xC8, 0x9E, 0x31, 0x9F, 0xE9, 0x75, 0xA4,
    0xBD, 0xFE, 0x10, 0xED, 0x03, 0xF0, 0xEA, 0xCB, 0xD0, 0x37, 0xF0, 0xF0, 0x01, 0x77, 0x1C, 0x54,
    0x4E, 0xF8, 0x05, 0x5F, 0xE8, 0x05, 0x5E, 0xD8, 0x05, 0x5D, 0xC8, 0x05, 0x5C, 0xB8, 0x05, 0x5B,
    0xA8, 0x05, 0x5A, 0x98, 0x05, 0x59, 0x88, 0x05, 0x98, 0xFA, 0x3E, 0xD4, 0x25, 0x3C, 0x7C, 0xF9,
    0x3B, 0x72, 0x66, 0x29, 0x5D, 0x83, 0x12, 0x45, 0xFF, 0x06, 0xC0, 0x5A, 0x80, 0x46, 0x94, 0xAB,
    0x12, 0x20, 0x34, 0x80, 0xF2, 0x6D, 0x9A, 0x28, 0xDC, 0xF6, 0x46, 0x4D, 0x37, 0x02, 0x55, 0x8A,
    0xC0, 0x56, 0x94, 0x48, 0x80, 0xDC, 0x67, 0x01, 0xA4, 0x6F, 0xC5, 0xA7, 0xF2, 0x50, 0xC9, 0xCC,
    0x34, 0xA2, 0xB0, 0x7D, 0xB3, 0xF2, 0x2A, 0x7D, 0x92, 0x66, 0x3D, 0xED, 0xA6, 0x5E, 0x30, 0xFB,
    0x35, 0x6B, 0xC6, 0x9A, 0xBA, 0x08, 0x3D, 0xDB, 0xE4, 0x46, 0x76, 0xFF, 0x60, 0x66, 0x86, 0x98,
    0xCD, 0x30, 0xAA, 0x3D, 0x5C, 0xAD, 0x0E, 0x3C, 0x6D, 0xE7, 0x2F, 0xD2, 0x64, 0x3F, 0xFD, 0xF8,
    0xD0, 0xF1, 0x93, 0x6C, 0xA0, 0x2C, 0x1C, 0x26, 0x41, 0xF6, 0x5B, 0x00, 0x58, 0x7C, 0x0C, 0x79,
    0x4A, 0x5D, 0x3E, 0x09, 0xC1, 0x12, 0x85, 0x03, 0x3D, 0x80, 0x49, 0xF3, 0x12, 0xC0, 0xEA, 0x76,
    0x9F, 0x4B, 0xD0, 0x03, 0xBB, 0x34, 0x91, 0x92, 0x5B, 0x16, 0xE0, 0xA5, 0x81, 0xCD, 0x05, 0xB4,
    0xF1, 0x64, 0x25, 0x4C, 0xA8, 0x14, 0xD1, 0x6E, 0xC4, 0xB2, 0xA1, 0x21, 0xD2, 0x17, 0x81, 0x5D,
    0x1A, 0xD8, 0x7D, 0x0E, 0x91, 0x25, 0xAE, 0x80, 0x0B, 0x06, 0xAA, 0xE4, 0x28, 0x0E, 0x1D, 0xEC,
    0xBE, 0x12, 0xF7, 0x83, 0xEA, 0xB4, 0x87, 0x3C, 0x00, 0x11, 0x98, 0x81, 0x51, 0x82, 0x5F, 0xA6,
    0xB9, 0x48, 0x29, 0x56, 0x53, 0x16, 0x2E, 0xC8, 0xC3, 0x8C, 0x9A, 0x22, 0xC6, 0xCD, 0x54, 0x3C,
    0xCB, 0xAE, 0x69, 0x53, 0x40, 0x1F, 0x3A, 0xF2, 0x34, 0x98, 0x14, 0x7E, 0xC8, 0x0C, 0x3D, 0xD4,
    0xF2, 0x7C, 0xB0, 0xD7, 0x69, 0x5F, 0x75, 0x63, 0x4D, 0xE8, 0x73, 0xDF, 0x6B, 0xD7, 0x26, 0xF4,
    0x0C, 0xEA, 0x8D, 0x01, 0xFD, 0xC4, 0x51, 0xA8, 0x81, 0xD3, 0xF1, 0x7F, 0x22, 0x91, 0x35, 0xD7,
    0x37, 0xBC, 0xF6, 0x2A, 0x7C, 0x1B, 0x2A, 0x78, 0xFF, 0x31, 0x00, 0x61, 0x04, 0xC0, 0x7F, 0xC8,
    0x37, 0x0C, 0x4B, 0x49, 0x05, 0x86, 0x86, 0x2B, 0x28, 0x86, 0x5A, 0x58, 0x95, 0xAB, 0x0B, 0x07,
    0x37, 0x33, 0xDA, 0x65, 0x92, 0x0B, 0x80, 0x31, 0x46, 0x00, 0x59, 0x93, 0xC0, 0x2E, 0x39, 0x20,
    0xFF, 0xF7, 0xDF, 0x1C, 0x50, 0x7C, 0xF6, 0x99, 0x07, 0xCC, 0x4F, 0x3F, 0x0D, 0xC0, 0x5A, 0xB9,
    0x08, 0x5C, 0x15, 0xAE, 0x17, 0xEF, 0x7A, 0xA8, 0xA1, 0x98, 0xE4, 0x43, 0x82, 0x19, 0x0C, 0x16,
    0x5A, 0x0C, 0xA6, 0x03, 0xD4, 0xBB, 0x0E, 0xD0, 0x7F, 0x98, 0x58, 0x4A, 0x09, 0x00, 0xF9, 0x4C,
    0xCC, 0xF7, 0x2A, 0x11, 0xCC, 0x1E, 0xD3, 0x85, 0x35, 0xE8, 0x77, 0x7C, 0x0F, 0xFA, 0x5D, 0x1F,
    0x41, 0x3F, 0x99, 0x02, 0xE8, 0x94, 0x3C, 0x98, 0x45, 0x8B, 0x77, 0x27, 0xB0, 0x5A, 0xB4, 0x91,
    0xD6, 0xE6, 0xCA, 0x64, 0x81, 0x36, 0x18, 0x92, 0x6B, 0x87, 0x15, 0x95, 0x23, 0x7F, 0xC7, 0x51,
    0xDC, 0x24, 0x92, 0x94, 0xA7, 0xE3, 0xD1, 0x57, 0x90, 0xD2, 0x40, 0xA7, 0x27, 0x50, 0x1E, 0xD4,
    0xB2, 0xAA, 0xB1, 0x03, 0xDB, 0x6B, 0xD8, 0x79, 0xE0, 0x02, 0xB0, 0x20, 0xD0, 0x4B, 0x00, 0x15,
    0xAF, 0xF0, 0x8C, 0x36, 0x45, 0x5E, 0x4A, 0x03, 0x7C, 0xF8, 0x90, 0x30, 0xF2, 0xFE, 0xDB, 0xC0,
    0xBD, 0xD4, 0x99, 0xE4, 0x5F, 0xC8, 0x02, 0xC8, 0x83, 0xF2, 0x79, 0xEA, 0x54, 0xEA, 0x28, 0x1C,
    0xF9, 0x84, 0x9A, 0x3A, 0xED, 0x52, 0xEA, 0x1E, 0xCD, 0xD2, 0x49, 0xFE, 0x26, 0x04, 0xBE, 0x83,
    0x1E, 0x72, 0x71, 0x36, 0x40, 0x09, 0xEC, 0x06, 0x48, 0x33, 0x64, 0x7B, 0x60, 0x0D, 0x94, 0x27,
    0xFD, 0xD4, 0xE3, 0xF3, 0x19, 0x71, 0x5F, 0x1D, 0x40, 0xDA, 0x49, 0x02, 0x2C, 0xD0, 0x03, 0x71,
    0x31, 0x22, 0xB0, 0xCD, 0x32, 0x17, 0x1F, 0x04, 0x60, 0x06, 0x6A, 0xA0, 0xB9, 0xFD, 0xFD, 0x65,
    0xE6, 0xA9, 0x74, 0x58, 0x72, 0x54, 0x5F, 0x01, 0xEC, 0xF6, 0x22, 0x33, 0x27, 0xA3, 0x47, 0x3B,
    0x46, 0xAC, 0x23, 0xD2, 0x3A, 0x02, 0x69, 0xC8, 0x42, 0xFE, 0x45, 0x97, 0xFB, 0xE2, 0x13, 0x72,
    0x6F, 0x2C, 0x6A, 0x6A, 0x4A, 0x94, 0x1B, 0x4B, 0x8A, 0x8F, 0x42, 0x23, 0x8D, 0x51, 0x63, 0xDE,
    0xEA, 0x7A, 0x4C, 0xC9, 0x88, 0xD9, 0x10, 0xB1, 0x81, 0x40, 0xE5, 0x08, 0xB4, 0x5D, 0x16, 0x58,
    0x93, 0x7B, 0x68, 0x0F, 0x48, 0xAD, 0x01, 0x00, 0xF4, 0xA0, 0x07, 0xD3, 0xE9, 0xCE, 0x60, 0xB0,
    0x18, 0x4A, 0x2C, 0xE7, 0x94, 0x34, 0x34, 0xD4, 0xD4, 0xF4, 0xF4, 0x8C, 0xCB, 0x0E, 0xCB, 0x95,
    0xEC, 0xB0, 0xFB, 0x80, 0xF5, 0x01, 0x78, 0xED, 0x01, 0x30, 0xD6, 0xC0, 0x63, 0x11, 0x78, 0x3E,
    0xFC, 0x0F, 0xCE, 0xA0, 0x2E, 0xE5, 0x43, 0xF4, 0x1D, 0xF9, 0x65, 0xF9, 0x64, 0x21, 0x7E, 0x7D,
    0xCB, 0xDE, 0x4B, 0x03, 0xB2, 0xDE, 0xE0, 0x9A, 0x3D, 0x4A, 0x92, 0x6B, 0x27, 0x09, 0x3A, 0xC9,
    0x83, 0x24, 0x12, 0x69, 0x16, 0xC1, 0x52, 0x43, 0x25, 0xB2, 0xA6, 0x81, 0x9E, 0x35, 0xCC, 0x54,
    0xE4, 0x01, 0x33, 0x59, 0xD9, 0x61, 0x53, 0x07, 0xDB, 0xB8, 0x14, 0x6B, 0xAC, 0x79, 0xFB, 0x21,
    0xC0, 0x76, 0x52, 0x69, 0x36, 0xEE, 0xA2, 0xA2, 0x6C, 0xB0, 0x3D, 0x76, 0x94, 0xA7, 0x8C, 0x34,
    0x91, 0x7A, 0x64, 0x6E, 0xF2, 0x50, 0x25, 0x57, 0x1C, 0xEE, 0xF0, 0x78, 0xE1, 0x19, 0x84, 0x07,
    0x0C, 0x2B, 0x91, 0x2A, 0xA5, 0x44, 0x2B, 0x72, 0x44, 0x69, 0x8F, 0x3C, 0x5C, 0x1D, 0x79, 0xD4,
    0x1D, 0x9E, 0x13, 0x86, 0x6A, 0x61, 0xD8, 0xA5, 0xB4, 0x4B, 0x87, 0xBB, 0x0C, 0x64, 0x6E, 0x02,
    0x25, 0xDB, 0x8E, 0xFA, 0x68, 0xE2, 0xF6, 0xF8, 0x1E, 0x09, 0xA5, 0x62, 0xB1, 0xE7, 0xED, 0xD7,
    0xF8, 0x56, 0xB4, 0x3F, 0xD2, 0x50, 0x1A, 0xB8, 0x6F, 0x38, 0x1D, 0xD9, 0x2E, 0xCA, 0xDC, 0x64,
    0x58, 0x07, 0x6A, 0x82, 0x3C, 0x40, 0xB6, 0xC4, 0x6E, 0x39, 0x9D, 0x40, 0x7E, 0xB2, 0x37, 0x69,
    0x07, 0xA6, 0x83, 0x35, 0x3F, 0xCB, 0xF6, 0xEC, 0x92, 0xE7, 0xD1, 0x01, 0x59, 0x34, 0xB9, 0x0F,
    0x99, 0x7B, 0x5F, 0xAC, 0x1F, 0x3A, 0x93, 0xA6, 0x1F, 0xC8, 0x44, 0x11, 0x46, 0x18, 0x0B, 0xF9,
    0xE4, 0x44, 0x88, 0x32, 0xAB, 0xF2, 0x3F, 0xD6, 0x6E, 0x9B, 0xA8, 0x66, 0x28, 0xD2, 0x04, 0x3A,
    0x9D, 0x6E, 0x8B, 0x85, 0x63, 0x2D, 0x89, 0x7A, 0xC9, 0x38, 0x2F, 0x87, 0x8D, 0x2C, 0x48, 0xF6,
    0x20, 0xA9, 0x2F, 0x0D, 0xB0, 0x59, 0x03, 0x75, 0x2F, 0x12, 0x81, 0x32, 0x80, 0xF0, 0x1F, 0x0F,
    0x8E, 0x00, 0x17, 0x40, 0x3E, 0x03, 0xC9, 0x03, 0xBB, 0x0E, 0x40, 0x25, 0x2F, 0x01, 0x00, 0xC0,
    0x25, 0x25, 0x23, 0x35, 0x1B, 0x66, 0xFA, 0x2C, 0x50, 0x2B, 0x8F, 0x7C, 0x7E, 0x6A, 0xD3, 0x71,
    0x6E, 0xE1, 0xBC, 0x81, 0x55, 0x0F, 0xAB, 0x4B, 0x38, 0x0B, 0x60, 0x26, 0x30, 0x62, 0x1F, 0x28,
    0x81, 0x1A, 0x98, 0x61, 0x1B, 0x60, 0x3B, 0x80, 0xEC, 0xF3, 0xC8, 0x46, 0xCF, 0xE9, 0x4E, 0xFF,
    0x1C, 0x7C, 0xE5, 0xCE, 0xCB, 0x42, 0x24, 0x1F, 0xA6, 0xEF, 0xC5, 0x17, 0xEB, 0x0A, 0xD8, 0xF4,
    0x90, 0xF9, 0x00, 0xEA, 0xC9, 0xF0, 0x1C, 0xCD, 0x61, 0x0D, 0x50, 0x37, 0x40, 0xB8, 0x84, 0xFC,
    0x76, 0xAF, 0x89, 0x55, 0xF1, 0x8A, 0x98, 0x45, 0xDC, 0x22, 0x76, 0x11, 0xBF, 0x88, 0x61, 0xC4,
    0xF1, 0x62, 0x59, 0x3C, 0x2F, 0xA6, 0xC5, 0xB5, 0xD8, 0x16, 0x71, 0xB7, 0xAE, 0xDB, 0x35, 0xC0,
    0x8C, 0x98, 0xE7, 0xE8, 0xFE, 0xC5, 0x42, 0x20, 0x3A, 0xCE, 0x34, 0xA7, 0xC3, 0x70, 0x7A, 0xE1,
    0x5C, 0x2E, 0x9B, 0xB5, 0x04, 0xA6, 0xBB, 0x09, 0xDA, 0xAE, 0xC2, 0xA6, 0x03, 0x79, 0x7A, 0x76,
    0xFB, 0x83, 0xC7, 0x08, 0x44, 0x20, 0x48, 0x48, 0x43, 0x43, 0xEC, 0x59, 0x5A, 0x1A, 0x4E, 0xB7,
    0xEE, 0x86, 0x35, 0x0D, 0x17, 0xD4, 0xEC, 0x59, 0x17, 0x7B, 0xAA, 0xD4, 0xA3, 0xE7, 0x93, 0xFF,
    0x17, 0xBF, 0xB9, 0x84, 0x27, 0x4B, 0xC9, 0x65, 0xC7, 0xA3, 0xB1, 0xC4, 0xE9, 0xD1, 0xB8, 0x63,
    0x09, 0xC0, 0x7E, 0xD3, 0xD1, 0x78, 0x80, 0xD4, 0x7D, 0xED, 0x3D, 0x98, 0x3C, 0xCD, 0x2A, 0x45,
    0xE5, 0x50, 0x8E, 0xC2, 0xC9, 0x94, 0xA6, 0xC3, 0x70, 0xEB, 0xDE, 0x27, 0xF7, 0xE0, 0xE3, 0x2B,
    0x79, 0xC0, 0x1E, 0xAB, 0x27, 0xE5, 0xE3, 0x76, 0xFD, 0x00, 0x60, 0x03, 0x96, 0x11, 0x4A, 0x22,
    0x34, 0x04, 0xA8, 0x33, 0x91, 0xDC, 0x43, 0x2F, 0x46, 0x46, 0xE9, 0xD7, 0xA8, 0xD2, 0x9E, 0x50,
    0xB8, 0x6D, 0x16, 0xF4, 0x60, 0x73, 0x6F, 0x3A, 0xF3, 0x86, 0x37, 0x18, 0x35, 0x19, 0xAC, 0x72,
    0x96, 0x75, 0xE1, 0x4A, 0xF6, 0x7A, 0x68, 0x53, 0x34, 0x5D, 0x9B, 0x3A, 0xD3, 0xC9, 0x9E, 0x7C,
    0xEC, 0xC5, 0xD7, 0x1D, 0x00, 0x82, 0xA6, 0x07, 0x23, 0x70, 0x42, 0x8E, 0x15, 0x59, 0x81, 0xA5,
    0x4A, 0x5D, 0x49, 0x9B, 0x7C, 0x23, 0xD9, 0x6B, 0x7A, 0xA2, 0x48, 0xEC, 0xE9, 0x09, 0x23, 0x8D,
    0xF2, 0x91, 0x2A, 0xB9, 0x40, 0x71, 0x20, 0xC0, 0x36, 0x79, 0xB9, 0x46, 0x70, 0x79, 0xF2, 0x2B,
    0x9C, 0xEC, 0x91, 0x6D, 0x72, 0x12, 0xB7, 0x4B, 0x0F, 0xD8, 0x25, 0xA8, 0x26, 0x68, 0xDD, 0xC9,
    0xED, 0x65, 0x80, 0x1D, 0xF0, 0x0C, 0x60, 0x77, 0x20, 0x5D, 0x13, 0x38, 0xDE, 0x9A, 0xA9, 0xD2,
    0x8D, 0xA9, 0xE1, 0x56, 0xD5, 0x83, 0x3C, 0x78, 0xB2, 0x09, 0xE5, 0x90, 0xAA, 0x03, 0x35, 0xDA,
    0x51, 0x62, 0xC1, 0xD2, 0x48, 0xD2, 0x88, 0x1C, 0x59, 0x41, 0xFD, 0x51, 0xF2, 0x7C, 0x01, 0x64,
    0xD7, 0x00, 0x33, 0xA0, 0xF6, 0x80, 0xBE, 0x02, 0x6C, 0x09, 0x34, 0x16, 0x98, 0xCD, 0x72, 0x60,
    0xA6, 0x70, 0x85, 0xC3, 0x74, 0x6A, 0xCF, 0x9A, 0x7C, 0x06, 0x78, 0x0C, 0x70, 0x09, 0x10, 0x00,
    0xE3, 0x45, 0x06, 0xD4, 0xA4, 0xA6, 0x2C, 0x98, 0x81, 0x50, 0xC2, 0xD8, 0x43, 0x13, 0x16, 0x73,
    0xB6, 0x83, 0xAA, 0x83, 0xAD, 0x23, 0xFB, 0x72, 0x42, 0x7D, 0xEA, 0x31, 0x43, 0xA0, 0x62, 0xC7,
    0x15, 0x2D, 0x60, 0x80, 0x15, 0x70, 0xBE, 0x90, 0xA8, 0x70, 0x8A, 0x6F, 0xE8, 0x17, 0x7C, 0x8A,
    0x27, 0x13, 0xA8, 0x3F, 0x0D, 0x90, 0x1F, 0x80, 0x94, 0xE2, 0x22, 0x0B, 0xBE, 0xB9, 0x00, 0xAA,
    0x12, 0xE8, 0x0D, 0x10, 0xE5, 0x27, 0xF7, 0x47, 0x7C, 0x69, 0x4B, 0xC1, 0xF7, 0x77, 0x29, 0xEB,
    0x85, 0x52, 0xA7, 0xC4, 0x8B, 0xBB, 0x7F, 0xDE, 0xA5, 0x64, 0xE4, 0x8A, 0x9A, 0xFF, 0x00, 0xC5,
    0xD9, 0x01, 0x87, 0x24, 0xD9, 0x01, 0x07, 0xF0, 0x5F, 0xD5, 0xCB, 0x6E, 0x3B, 0x95, 0x6C, 0x9D,
    0xE4, 0x70, 0xE4, 0x76, 0x2B, 0x38, 0x6C, 0xD8, 0xED, 0x86, 0xC5, 0xA2, 0x7A, 0xBA, 0xE4, 0x1C,
    0xC0, 0xDD, 0xE5, 0x8B, 0x5C, 0x16, 0x8B, 0x41, 0xDF, 0x4D, 0xDD, 0x45, 0x40, 0x48, 0x56, 0x3E,
    0xC1, 0x22, 0x1F, 0x60, 0xB0, 0x64, 0x24, 0x1B, 0xFB, 0x24, 0xE1, 0x48, 0xA0, 0xE2, 0xBE, 0x40,
    0x91, 0x23, 0x00, 0x15, 0x29, 0xD1, 0x62, 0x76, 0x2B, 0xDD, 0xCF, 0xB1, 0xE3, 0x92, 0x38, 0x7B,
    0xD3, 0xBD, 0xCB, 0x54, 0xD3, 0x63, 0xBC, 0xF7, 0xFF, 0xD5, 0xBF, 0xDE, 0x6B, 0xF3, 0x9A, 0xB2,
    0x65, 0x11, 0x59, 0x45, 0x7E, 0x13, 0xF9, 0x67, 0x94, 0x7F, 0xDE, 0x09, 0x7F, 0xE8, 0x94, 0x3F,
    0xEA, 0x55, 0x59, 0x6F, 0x99, 0x0D, 0x4E, 0xA6, 0xC1, 0x34, 0x0D, 0x59, 0x6F, 0x08, 0xD1, 0x58,
    0xB4, 0xC6, 0x92, 0xB3, 0x05, 0x67, 0x4B, 0xD6, 0x00, 0x4A, 0x54, 0xB8, 0x86, 0x93, 0x9F, 0xB6,
    0x61, 0xFA, 0x7B, 0x53, 0x74, 0x27, 0x2A, 0x2B, 0x47, 0x16, 0x6A, 0x73, 0x6B, 0x4B, 0x67, 0x6A,
    0x1B, 0x6B, 0xA3, 0x73, 0x67, 0xF9, 0xC6, 0xBA, 0x18, 0xAD, 0xCE, 0x4F, 0x15, 0xFD, 0x00, 0xF2,
    0x48, 0xE8, 0x08, 0x11, 0x66, 0x3D, 0xB3, 0x0D, 0x6A, 0xDC, 0x25, 0x1F, 0x08, 0x0D, 0x01, 0xEC,
    0xCD, 0x10, 0x7A, 0x66, 0xE7, 0xA8, 0x51, 0x93, 0xA6, 0x69, 0x09, 0x70, 0x39, 0xCF, 0xDB, 0x30,
    0x92, 0x7D, 0x1A, 0x29, 0xFF, 0x81, 0xE5, 0x7D, 0xF4, 0x6F, 0x01, 0xCF, 0x1D, 0x09, 0x92, 0x24,
    0x89, 0x92, 0x2C, 0x09, 0x93, 0x34, 0x89, 0x93, 0x3C, 0x09, 0x94, 0x44, 0x3B, 0x92, 0x9D, 0xC9,
    0x0E, 0x65, 0xA7, 0xB2, 0x63, 0xD9, 0xB9, 0x24, 0x18, 0xD6, 0x18, 0xCC, 0xFE, 0xD6, 0xAA, 0x46,
    0x8E, 0x6B, 0x9A, 0x6F, 0x5D, 0x4E, 0x75, 0x05, 0x05, 0xC2, 0x27, 0x2D, 0xEF, 0x0F, 0x49, 0x94,
    0x40, 0xF6, 0xDA, 0x4A, 0x81, 0xD0, 0x92, 0x7D, 0xB6, 0x93, 0x0F, 0xFB, 0xC9, 0x4E, 0xE8, 0xE1,
    0x1E, 0xB2, 0x81, 0xD9, 0xE7, 0x2D, 0xE5, 0x80, 0xFA, 0xA5, 0xD6, 0x92, 0x52, 0xDC, 0x23, 0xDB,
    0x55, 0xD3, 0xEC, 0x8F, 0x57, 0xFD, 0x2A, 0xB2, 0x9A, 0x1A, 0x1E, 0x7E, 0x88, 0xAC, 0x41, 0xD1,
    0x63, 0xFE, 0x08, 0xA7, 0xB7, 0x5E, 0x0E, 0xAF, 0xFA, 0x24, 0x5A, 0x4D, 0xAD, 0x7B, 0x1F, 0x03,
    0xB3, 0x7D, 0x36, 0x18, 0x7A, 0xCA, 0x81, 0xFA, 0x98, 0xFE, 0x3A, 0xC0, 0x41, 0xF7, 0xB3, 0x34,
    0xE5, 0xC8, 0xBA, 0xE6, 0xC1, 0x6B, 0xD8, 0xE7, 0x1E, 0x67, 0x89, 0x53, 0x7E, 0xFC, 0x2E, 0xF7,
    0xAF, 0xB3, 0x3A, 0xA7, 0xEC, 0xF7, 0xEF, 0x9A, 0xE3, 0x18, 0x1D, 0xF7, 0xAE, 0x5D, 0x9C, 0xE6,
    0x9B, 0x79, 0x9E, 0x26, 0x0F, 0xAE, 0x21, 0x34, 0x7C, 0xF0, 0x2E, 0xF7, 0x0E, 0x97, 0xBF, 0xC4,
    0xAC, 0x21, 0x8B, 0xCF, 0xF3, 0x57, 0xFB, 0xC8, 0x1F, 0x7A, 0xDC, 0x21, 0x3B, 0xE5, 0xBB, 0x3F,
    0x7B, 0x6E, 0xA8, 0xF6, 0x6F, 0xC8, 0x07, 0xDC, 0xC1, 0x3D, 0xF2, 0x7D, 0xF7, 0x50, 0x7D, 0x1A,
    0x39, 0x49, 0x4B, 0xFF, 0x23, 0x80, 0xD3, 0x1B, 0xD2, 0x0C, 0x49, 0xF3, 0x52, 0x97, 0xFE, 0xE9,
    0xC7, 0xB0, 0xE7, 0xAA, 0x5E, 0xBF, 0xF2, 0x7C, 0x89, 0x14, 0xFD, 0x4B, 0x59, 0xFA, 0xF7, 0x2F,
    0xE6, 0xB7, 0xD7, 0xA5, 0x9F, 0x4D, 0x53, 0x9B, 0x4F, 0x53, 0x93, 0xA7, 0xF7, 0xE9, 0x32, 0x8B,
    0x14, 0x2D, 0xE5, 0xB4, 0x91, 0x2E, 0xDC, 0xC0, 0x1C, 0x4B, 0xD4, 0xA8, 0xB1, 0xC6, 0x93, 0xA9,
    0x33, 0x4D, 0x11, 0x40, 0x1A, 0xA7, 0x27, 0x8F, 0x38, 0xE9, 0xC2, 0x34, 0x16, 0xF1, 0xAC, 0x72,
    0xBC, 0x34, 0xAE, 0x67, 0xC3, 0x93, 0xA9, 0x7D, 0xF2, 0x85, 0x91, 0x91, 0xC7, 0x7C, 0xAC, 0x5D,
    0x4C, 0x71, 0xF6, 0xAC, 0x49, 0xA1, 0xCC, 0x3A, 0x29, 0xD2, 0x48, 0xFE, 0x14, 0x37, 0x70, 0x1D,
    0x1B, 0xB2, 0x48, 0xDE, 0x62, 0x8F, 0x89, 0x8B, 0x4E, 0x39, 0xF0, 0x88, 0x53, 0xB3, 0x4E, 0xC9,
    0x6B, 0xBC, 0x50, 0xEA, 0xEA, 0xAF, 0x9D, 0xD5, 0x14, 0xDD, 0xFB, 0x10, 0xF6, 0x9B, 0xEE, 0xC9,
    0x24, 0x4C, 0x1B, 0x40, 0x4A, 0x65, 0x1B, 0xCB, 0x36, 0x97, 0xCA, 0xB1, 0xA5, 0xD1, 0x36, 0x9A,
    0x6D, 0x36, 0xDB, 0x70, 0x46, 0x8C, 0x78, 0x2C, 0x05, 0xB4, 0x4D, 0x68, 0x17, 0x51, 0x52, 0xA9,
    0x79, 0x38, 0x08, 0x9B, 0x46, 0x79, 0x8B, 0xBB, 0xC5, 0xFE, 0xF3, 0x32, 0x12, 0x3A, 0xE5, 0x5F,
    0x38, 0xEA, 0x19, 0x4E, 0x65, 0xCD, 0x1B, 0x97, 0xCA, 0x9E, 0x37, 0xE4, 0x11, 0xFD, 0x43, 0xBE,
    0xB7, 0x71, 0xA8, 0xEC, 0xD7, 0x29, 0x08, 0xEF, 0xC7, 0x5D, 0xF0, 0xE1, 0x34, 0xC5, 0xFE, 0x3F,
    0x8F, 0xC1, 0xAF, 0xFF, 0xE7, 0xC3, 0x9B, 0x8D, 0xB8, 0x85, 0x63, 0xD9, 0xD8, 0x99, 0x9D, 0x53,
    0xDE, 0x3E, 0x48, 0x54, 0x8A, 0x88, 0x8E, 0x3C, 0x2A, 0xFF, 0xBC, 0xB7, 0x5B, 0xAD, 0xE8, 0x4F,
    0x55, 0x53, 0xE7, 0x66, 0xD5, 0xF0, 0x01, 0x61, 0x43, 0xB9, 0xA6, 0x3E, 0x80, 0x61, 0xF5, 0x4E,
    0xB3, 0x7D, 0x43, 0xF7, 0x18, 0x28, 0xE3, 0xFE, 0x1C, 0xD9, 0xC8, 0xEC, 0x9C, 0xEA, 0x06, 0xC7,
    0x05, 0xE0, 0xC0, 0xDB, 0x5C, 0x19, 0x2D, 0x7A, 0xE3, 0xA3, 0xAC, 0x7D, 0xDB, 0x37, 0xDE, 0xF5,
    0x42, 0x9F, 0x72, 0xD7, 0xD4, 0xF2, 0x41, 0x68, 0x05, 0x30, 0x8D, 0x7E, 0xF2, 0x40, 0x49, 0xC5,
    0x9C, 0x25, 0x35, 0x6B, 0x8E, 0x79, 0xC4, 0xC8, 0x20, 0x1B, 0xE4, 0xBD, 0x90, 0xC6, 0xF9, 0xFE,
    0x17, 0x4E, 0xCE, 0x79, 0xC6, 0xD4, 0x98, 0x35, 0x6E, 0xF0, 0x88, 0x07, 0x78, 0xFE, 0x37, 0x21,
    0x9A, 0xC5, 0x1D, 0xBD, 0x6C, 0x94, 0xBE, 0x3A, 0x76, 0xFD, 0x8D, 0x27, 0x05, 0x25, 0x15, 0xD7,
    0x70, 0xC3, 0x91, 0xB7, 0x70, 0x66, 0x34, 0x18, 0xB2, 0x21, 0xEF, 0x43, 0x17, 0x62, 0x88, 0xB3,
    0x58, 0xB4, 0x65, 0x53, 0x2A, 0xC1, 0x6D, 0x4B, 0x37, 0xB9, 0x3A, 0xB5, 0xAC, 0xA6, 0x91, 0xA7,
    0xD9, 0xB9, 0x30, 0x38, 0x52, 0x44, 0x8B, 0x94, 0x51, 0x45, 0x69, 0x4E, 0x69, 0x99, 0x5E, 0xA8,
    0xD4, 0x2C, 0xD4, 0x1C, 0x59, 0xB2, 0x76, 0xC4, 0xC6, 0x42, 0x3E, 0x28, 0xBB, 0xAA, 0x13, 0xB6,
    0x65, 0x73, 0x32, 0x02, 0x5C, 0x87, 0x15, 0xDC, 0x46, 0xEA, 0x68, 0x53, 0xC6, 0x8F, 0x16, 0xE6,
    0x4B, 0xD5, 0x5A, 0x75, 0xB6, 0xFB, 0x99, 0x8F, 0x96, 0xA3, 0xFA, 0xCC, 0x66, 0x99, 0x0F, 0xA9,
    0x23, 0xC8, 0x3A, 0x61, 0x90, 0x77, 0xA8, 0x5A, 0x54, 0x3D, 0x0C, 0xD0, 0xA3, 0x88, 0x92, 0x57,
    0xC2, 0xE2, 0x90, 0x96, 0x59, 0xAF, 0xD8, 0x70, 0x97, 0xFB, 0xE9, 0x89, 0xE1, 0xAA, 0x17, 0xF5,
    0x78, 0x80, 0x10, 0xA9, 0x7E, 0x81, 0x93, 0xB8, 0x13, 0xF6, 0x64, 0x5E, 0x87, 0xC3, 0x1B, 0x18,
    0xC9, 0x3B, 0xC5, 0x67, 0x8D, 0x79, 0xCF, 0xA3, 0xFB, 0x17, 0xFE, 0x21, 0xEB, 0x6C, 0x21, 0xB6,
    0x12, 0x5B, 0x8A, 0xA5, 0xCA, 0x16, 0xE3, 0x2C, 0x5D, 0x73, 0xA3, 0xA5, 0x51, 0x6D, 0x2B, 0xB2,
    0x25, 0x7D, 0xB9, 0xEC, 0xF1, 0x06, 0x5C, 0x87, 0x59, 0xD5, 0xBE, 0x0A, 0xD5, 0x35, 0x0A, 0xC2,
    0xCF, 0xE3, 0x96, 0xB4, 0x13, 0x25, 0xD0, 0x0B, 0xD5, 0x52, 0x36, 0xC8, 0x22, 0xF2, 0x48, 0xF9,
    0x1E, 0x56, 0x7F, 0xC2, 0xBF, 0xD2, 0x66, 0x7F, 0x4A, 0x76, 0x78, 0x05, 0x45, 0x87, 0x87, 0x64,
    0xBB, 0x7E, 0xEC, 0xAD, 0x1F, 0xCB, 0x19, 0xA6, 0xF7, 0xC8, 0xFE, 0xF8, 0x94, 0xBC, 0x7D, 0x84,
    0x2B, 0xB0, 0x68, 0xF1, 0xBB, 0x48, 0xDE, 0x0D, 0xA9, 0xAE, 0x83, 0x1B, 0x17, 0xEF, 0xB4, 0xD2,
    0xC7, 0xCF, 0xEF, 0x81, 0x22, 0xEE, 0xD1, 0x79, 0x15, 0x16, 0x11, 0xBF, 0xED, 0xC8, 0xFB, 0x81,
    0xDC, 0x0F, 0x00, 0x78, 0xC9, 0x1B, 0x5D, 0x1A, 0x7A, 0xD8, 0xD2, 0xB2, 0xF6, 0xCD, 0x4B, 0xEC,
    0x7B, 0x1E, 0x22, 0xF4, 0x28, 0x5A, 0xCC, 0xE1, 0x6D, 0x00, 0x2C, 0x76, 0xAA, 0xE5, 0x4E, 0xF5,
    0x78, 0xAB, 0x7A, 0x36, 0x84, 0xC1, 0xAA, 0xD9, 0x97, 0x6A, 0x4D, 0x36, 0x10, 0x22, 0x57, 0xFD,
    0x10, 0xCB, 0x2D, 0xE3, 0x71, 0x98, 0xFE, 0x3D, 0x94, 0xF1, 0xA4, 0x7D, 0xB1, 0x7A, 0x1E, 0xC0,
    0x08, 0xC7, 0x70, 0x1B, 0xAE, 0xBC, 0x24, 0xC8, 0x12, 0x15, 0x8A, 0x86, 0xAC, 0xB9, 0x24, 0xE4,
    0x6B, 0x3E, 0x89, 0x0E, 0xAF, 0x99, 0xF5, 0x14, 0x1B, 0xDC, 0xC5, 0x7D, 0x42, 0xCF, 0x0C, 0x57,
    0x1D, 0x91, 0x64, 0x67, 0x5F, 0xCA, 0x9A, 0x17, 0x92, 0x65, 0xFD, 0x5B, 0x84, 0xA7, 0x77, 0x29,
    0xAA, 0x81, 0xEF, 0xE4, 0x1D, 0x1C, 0xDE, 0xF3, 0x64, 0x92, 0x4F, 0xE7, 0xB8, 0x4C, 0xFE, 0xC3,
    0xC7, 0x04, 0xB7, 0x60, 0x0D, 0x35, 0x7B, 0x89, 0x7C, 0xF1, 0x48, 0x20, 0xEF, 0x95, 0xF2, 0x4E,
    0x25, 0x74, 0xE6, 0x42, 0xB4, 0x34, 0x8B, 0x6A, 0x45, 0xAB, 0xDE, 0x11, 0xD6, 0x4A, 0xCE, 0x94,
    0x8C, 0x2A, 0x06, 0x73, 0xD9, 0x60, 0x29, 0xEF, 0xD5, 0x42, 0x67, 0x29, 0x44, 0x47, 0xCA, 0xD6,
    0xA2, 0x3D, 0xA1, 0x9C, 0x9E, 0x92, 0x4D, 0x3D, 0xC0, 0x4D, 0x58, 0xC3, 0x5D, 0x14, 0x6D, 0xD1,
    0x96, 0x4D, 0xD1, 0x94, 0x4A, 0x95, 0xD2, 0x5C, 0xE5, 0x76, 0x4A, 0xBF, 0x54, 0xAB, 0xAD, 0xAD,
    0x9D, 0x49, 0x07, 0x19, 0x1E, 0xA7, 0x83, 0x8C, 0x41, 0x75, 0xE1, 0x20, 0x63, 0x96, 0x52, 0xC3,
    0x11, 0xAC, 0x22, 0xF2, 0x88, 0x10, 0xB1, 0x68, 0x70, 0x17, 0xEE, 0x80, 0x83, 0xEA, 0x42, 0x4F,
    0xB8, 0xF0, 0x0D, 0x4E, 0x18, 0x08, 0x0D, 0x39, 0x2E, 0x25, 0xCD, 0x1E, 0x40, 0xE8, 0xA0, 0x6C,
    0xE1, 0xB6, 0xAF, 0x6E, 0xC1, 0x94, 0xED, 0xCE, 0x56, 0x36, 0x3B, 0xDC, 0x91, 0xD0, 0x59, 0x6C,
    0x84, 0x68, 0xF5, 0x60, 0xE7, 0x5B, 0x4A, 0x40, 0x49, 0x28, 0x11, 0x25, 0xA3, 0x84, 0x94, 0x94,
    0x76, 0xCC, 0x81, 0x3A, 0x51, 0x12, 0x74, 0x27, 0x8D, 0x12, 0x35, 0x59, 0x25, 0x2C, 0x38, 0x82,
    0x0D, 0xF2, 0x0E, 0x59, 0xCA, 0x67, 0x16, 0xB7, 0xCC, 0x5F, 0xEE, 0x9C, 0x93, 0x52, 0xB9, 0xD9,
    0x49, 0x9B, 0x44, 0x4D, 0xD6, 0x84, 0x55, 0x5B, 0x4A, 0xDC, 0xE4, 0x4D, 0xE0, 0x24, 0x4E, 0xE4,
    0x64, 0x46, 0x32, 0x1B, 0xC0, 0x31, 0xB8, 0x05, 0xAE, 0xBC, 0x4A, 0xF4, 0x02, 0xCA, 0x06, 0x21,
    0x42, 0xB3, 0x67, 0xF4, 0x11, 0x58, 0x45, 0xC8, 0x2F, 0xBC, 0x56, 0x0D, 0xD4, 0xE0, 0xCE, 0xAB,
    0xA1, 0x87, 0x1E, 0xE1, 0x1C, 0x6E, 0x41, 0x8D, 0x7C, 0x40, 0x68, 0x91, 0x5F, 0xAC, 0xBF, 0x29,
    0x9B, 0xE2, 0x99, 0x52, 0x39, 0xAA, 0x94, 0xFE, 0xFB, 0x4E, 0xD4, 0x5F, 0x7B, 0x27, 0xB2, 0xFE,
    0x4D, 0xCC, 0x9E, 0xDE, 0xC1, 0xB5, 0x6A, 0xC0, 0xB7, 0x43, 0x7C, 0x85, 0xC5, 0xA7, 0x33, 0xED,
    0xF4, 0x0B, 0x2E, 0x76, 0x7E, 0x79, 0xE9, 0xCB, 0xB7, 0x00, 0x37, 0xC1, 0x1A, 0x1C, 0x73, 0x18,
    0x99, 0xAC, 0x23, 0x65, 0x4A, 0x91, 0xFC, 0x07, 0xB5, 0xD2, 0x01, 0x66, 0xC3, 0x50, 0x00, 0xC6,
    0xF1, 0x5F, 0x1B, 0x13, 0x84, 0xBD, 0x0B, 0x6C, 0x0D, 0x0C, 0xD0, 0x76, 0x17, 0x78, 0x6F, 0xCD,
    0x4E, 0xB2, 0x6B, 0x0C, 0xA1, 0x39, 0x54, 0x51, 0xD8, 0xBC, 0x23, 0xE4, 0x08, 0x39, 0xC2, 0x43,
    0x11, 0x6C, 0x3A, 0x8C, 0x8D, 0x02, 0x68, 0xF1, 0x01, 0xF0, 0xF3, 0xF7, 0xE9, 0x91, 0x10, 0x50,
    0x77, 0x00, 0x8E, 0xC2, 0xD0, 0x6B, 0x45, 0x49, 0x32, 0xDB, 0x2E, 0x8A, 0xB6, 0x1A, 0x85, 0x66,
    0x10, 0xDE, 0x68, 0x3E, 0xA8, 0x67, 0xAA, 0x42, 0x35, 0x52, 0x65, 0xEA, 0x4C, 0x33, 0xFC, 0x2E,
    0x74, 0x04, 0x58, 0x14, 0x1C, 0xB1, 0xC6, 0x1D, 0x70, 0xB0, 0x75, 0x14, 0xBD, 0x9B, 0xF5, 0x8B,
    0x22, 0x56, 0x93, 0x58, 0x67, 0x31, 0x74, 0x36, 0x2D, 0x9B, 0xC4, 0xAA, 0x67, 0x75, 0xE0, 0xBE,
    0x10, 0x46, 0x42, 0x26, 0x60, 0x8B, 0x88, 0x99, 0x7D, 0x61, 0x3F, 0x5C, 0xD1, 0x0A, 0xD8, 0xE0,
    0x05, 0xEB, 0x7F, 0x6B, 0x7F, 0x69, 0x95, 0x2E, 0xAD, 0x27, 0xC2, 0xA5, 0x75, 0x4D, 0x9F, 0x98,
    0xE3, 0x9F, 0x55, 0x3B, 0xF0, 0x3C, 0xA1, 0x60, 0xA2, 0xC9, 0x3C, 0xE2, 0xE1, 0xCA, 0xDD, 0xED,
    0x3A, 0x76, 0x99, 0xE5, 0x48, 0x3D, 0x90, 0xF0, 0x74, 0x93, 0xFE, 0x3E, 0x1B, 0xCB, 0xF3, 0xB7,
    0xEA, 0xF5, 0x74, 0xFD, 0xFF, 0x2C, 0xCF, 0x5F, 0xC2, 0x79, 0xC2, 0x4D, 0xEC, 0x3F, 0xAD, 0x97,
    0x01, 0x84, 0x64, 0xC9, 0x19, 0xC7, 0x7F, 0xEF, 0x95, 0xDB, 0x97, 0xDD, 0xCA, 0x74, 0x2D, 0x82,
    0x63, 0xA7, 0xFB, 0x2D, 0x82, 0xCD, 0xE9, 0x9E, 0x5E, 0x6C, 0x18, 0xBC, 0x37, 0xEF, 0xE5, 0x0E,
    0x87, 0x40, 0x00, 0x20, 0x11, 0x04, 0x09, 0x61, 0x07, 0x89, 0xB4, 0xD3, 0x99, 0x2E, 0x0E, 0x87,
    0x83, 0x01, 0x80, 0x30, 0x04, 0x89, 0x70, 0x6E, 0xD0, 0xA2, 0x31, 0xAB, 0xCB, 0x0E, 0x0E, 0x17,
    0xB7, 0xCF, 0x06, 0xE0, 0x8E, 0x17, 0x77, 0x20, 0x17, 0x52, 0x78, 0x49, 0xFA, 0xA2, 0x67, 0x2A,
    0x55, 0x6F, 0x7A, 0xDA, 0x74, 0xEC, 0x5E, 0x2F, 0xEE, 0xFB, 0xEA, 0x5F, 0x55, 0xF5, 0x7D, 0xFF,
    0xEF, 0xAB, 0xEF, 0xE9, 0x37, 0x55, 0x6F, 0x40, 0x94, 0x54, 0x73, 0x7B, 0x52, 0xFD, 0xBE, 0x3C,
    0xE1, 0xEB, 0x15, 0x12, 0x76, 0x29, 0x16, 0xBB, 0x0F, 0x92, 0x07, 0x6C, 0xD1, 0x62, 0x59, 0x2C,
    0x5A, 0x38, 0xC7, 0xC4, 0xA3, 0x70, 0xCB, 0xB6, 0x79, 0x79, 0x41, 0x3F, 0x52, 0x7C, 0x53, 0x6D,
    0xE8, 0x2E, 0x86, 0x6E, 0x09, 0x14, 0x6E, 0x31, 0x71, 0x4D, 0x5C, 0x09, 0x23, 0x4B, 0xC5, 0x1E,
    0x39, 0x0F, 0x10, 0x95, 0x34, 0xAA, 0x4C, 0x19, 0x90, 0x71, 0x9F, 0xE8, 0x58, 0x54, 0x89, 0x5F,
    0xAB, 0x76, 0x9D, 0x79, 0xE9, 0x77, 0x63, 0x63, 0xC5, 0xD3, 0x4A, 0xBD, 0x65, 0x52, 0xA5, 0x0F,
    0x52, 0xC6, 0x05, 0xE2, 0xB9, 0x95, 0xE7, 0x95, 0x7A, 0xDB, 0xF4, 0x54, 0x99, 0x75, 0x18, 0xF5,
    0x11, 0x7F, 0xB3, 0xC9, 0xD3, 0x5A, 0xBE, 0x6B, 0x94, 0xD4, 0x03, 0x45, 0xD6, 0x65, 0x9C, 0x67,
    0x79, 0x36, 0xC8, 0xBA, 0xFD, 0x5E, 0xB7, 0xC3, 0x01, 0x64, 0x6D, 0xDB, 0x87, 0x43, 0x0A, 0x67,
    0xDF, 0xF9, 0x6F, 0x4D, 0x0D, 0x15, 0x91, 0x21, 0x36, 0x08, 0xDF, 0x34, 0x52, 0xA3, 0x4A, 0x14,
    0xA4, 0x30, 0x84, 0x03, 0x40, 0xD4, 0x1E, 0x15, 0x81, 0x10, 0x18, 0xF1, 0x1F, 0xFE, 0x84, 0x70,
    0x8E, 0x48, 0xBE, 0x06, 0x0A, 0xE8, 0x01, 0x7B, 0x40, 0x0E, 0x64, 0xF0, 0x9D, 0xFD, 0xBB, 0x21,
    0x3B, 0x6F, 0xFC, 0xF9, 0x04, 0x4E, 0x01, 0x0B, 0x91, 0x47, 0xEC, 0x31, 0xD4, 0x93, 0x7A, 0x6E,
    0xE7, 0x76, 0x52, 0xA7, 0x1A, 0xBE, 0x4D, 0x5A, 0x0E, 0xEB, 0xE2, 0xC2, 0xFF, 0x1C, 0xFA, 0x57,
    0x40, 0x7E, 0x34, 0xCE, 0xE3, 0xFA, 0x48, 0xD8, 0xB1, 0xA8, 0xF2, 0xC8, 0x2A, 0xFC, 0x74, 0x58,
    0xFA, 0x45, 0xCA, 0x5E, 0x91, 0xCF, 0x9B, 0x13, 0xB6, 0xEB, 0x64, 0xC1, 0x83, 0xED, 0xEA, 0xEC,
    0xB5, 0xDE, 0xE1, 0xEB, 0xF4, 0x35, 0x9C, 0x35, 0x04, 0x7D, 0x15, 0x26, 0x0F, 0x83, 0x6E, 0x67,
    0x26, 0x0D, 0x3D, 0x20, 0xBD, 0x20, 0x03, 0xF2, 0x1E, 0x16, 0x18, 0x75, 0xE2, 0x0A, 0x38, 0xED,
    0x08, 0x0D, 0xD8, 0xAE, 0x02, 0xB0, 0xFD, 0xC1, 0xCF, 0xF9, 0x05, 0x36, 0x7B, 0xC7, 0xBD, 0xE9,
    0x4A, 0x3B, 0xFD, 0xCF, 0x7B, 0xEF, 0x9D, 0x9B, 0xF9, 0xE7, 0xCF, 0xC4, 0x33, 0x61, 0x86, 0x3F,
    0xFC, 0x89, 0xF8, 0x44, 0x18, 0x7A, 0x03, 0xF1, 0x3B, 0x3F, 0x64, 0xFD, 0xE4, 0x03, 0xA1, 0x3D,
    0x55, 0xFE, 0x32, 0x29, 0xE3, 0x2A, 0x53, 0x7D, 0x49, 0xA2, 0x07, 0x7B, 0x83, 0x1E, 0x8A, 0x74,
    0xA9, 0x96, 0x64, 0xC8, 0x3A, 0xB1, 0xD7, 0xBB, 0xAF, 0xF7, 0x5F, 0x57, 0xB0, 0xAE, 0x61, 0x5D,
    0xC5, 0xBA, 0x8E, 0x75, 0x25, 0xDF, 0x5B, 0xD5, 0xF2, 0x03, 0xA7, 0xAF, 0xAA, 0x39, 0xBF, 0xAE,
    0xE7, 0xE3, 0x37, 0x57, 0x15, 0x3D, 0x8B, 0x57, 0x35, 0x7D, 0xB2, 0xAA, 0xAA, 0x2D, 0xAF, 0xAD,
    0xEB, 0xC7, 0x42, 0x5F, 0x55, 0xD6, 0x95, 0xE5, 0x55, 0x6D, 0x3D, 0xB5, 0xAA, 0x4E, 0x5D, 0xD0,
    0xD6, 0x57, 0x27, 0x0D, 0x91, 0x15, 0x55, 0xA2, 0x15, 0x5D, 0xF6, 0xB9, 0xEF, 0x57, 0x56, 0x3C,
    0xAF, 0x93, 0x73, 0x23, 0x93, 0xB2, 0xA3, 0xE8, 0xEF, 0xF2, 0x68, 0x3F, 0x18, 0x1B, 0xF1, 0xDC,
    0xBF, 0xF0, 0xE7, 0xC1, 0xFE, 0xB6, 0xEE, 0x28, 0xE9, 0x3D, 0x3B, 0xDE, 0xD5, 0x67, 0x36, 0xCA,
    0xFC, 0xB4, 0x33, 0x9B, 0x8E, 0x46, 0x59, 0xD6, 0xCF, 0x76, 0xFB, 0x3B, 0xDD, 0xCE, 0xCE, 0x6C,
    0xDA, 0x8C, 0x46, 0xD3, 0x2C, 0x1B, 0xF5, 0x33, 0x6F, 0xF1, 0xA6, 0xDD, 0xCE, 0xCE, 0x0E, 0x1D,
    0x18, 0xC2, 0x6F, 0xE0, 0x73, 0x1D, 0x3F, 0x35, 0x49, 0x64, 0x76, 0xA8, 0xF6, 0xA9, 0x81, 0xE3,
    0xB8, 0x96, 0x7A, 0xC8, 0x19, 0x0D, 0x63, 0x06, 0x74, 0x90, 0x44, 0xC0, 0x1D, 0x14, 0x89, 0x16,
    0x26, 0xAE, 0x43, 0x91, 0xAA, 0xCC, 0x99, 0x72, 0xD7, 0xAB, 0xEF, 0x33, 0x16, 0xD8, 0x94, 0x69,
    0x52, 0x25, 0x15, 0x29, 0x6D, 0x20, 0x07, 0xB1, 0x05, 0xF5, 0xBE, 0x66, 0x14, 0x5F, 0x32, 0x3D,
    0x63, 0xC9, 0xA2, 0x9D, 0x21, 0xBD, 0x8D, 0xBD, 0xB8, 0x86, 0x19, 0x0D, 0x7E, 0xCC, 0x91, 0x06,
    0x55, 0xFA, 0x04, 0xA2, 0x6A, 0x53, 0xB5, 0x49, 0x59, 0x2A, 0xCD, 0x42, 0x95, 0x34, 0x29, 0x91,
    0x1D, 0x12, 0xDB, 0x03, 0x44, 0x9D, 0x13, 0x38, 0xC2, 0x8C, 0x49, 0xCC, 0x88, 0x44, 0xFB, 0x74,
    0xA5, 0x45, 0x11, 0x50, 0x73, 0x2D, 0xB9, 0x30, 0x1C, 0xC9, 0x8A, 0x2C, 0x31, 0xDC, 0x72, 0x65,
    0xEA, 0xEA, 0xDB, 0xFF, 0xB2, 0x91, 0x6D, 0x7C, 0x8B, 0x6B, 0x2B, 0xFE, 0x5A, 0x8B, 0x67, 0x46,
    0x5C, 0x92, 0x2C, 0x48, 0x2A, 0xA4, 0x46, 0xB2, 0x92, 0x14, 0x0A, 0xC8, 0xAF, 0xCF, 0xAA, 0xFB,
    0xA0, 0x1F, 0x11, 0x9B, 0x3E, 0xB2, 0x54, 0xE5, 0x6F, 0x49, 0x5C, 0x03, 0x73, 0x0D, 0x8F, 0x8F,
    0x89, 0xDD, 0x02, 0xA5, 0x07, 0x78, 0x1F, 0x87, 0x88, 0xD2, 0x5B, 0x4A, 0x00, 0x78, 0x0D, 0x76,
    0x56, 0x67, 0x0D, 0x75, 0x7B, 0xBE, 0x94, 0xDC, 0x81, 0xDD, 0xD6, 0x36, 0x86, 0x7F, 0x10, 0xFF,
    0x85, 0x64, 0x87, 0x4E, 0x87, 0xDD, 0x3B, 0x3C, 0x92, 0xAC, 0x05, 0x59, 0x02, 0xA0, 0xB8, 0x31,
    0xE4, 0x1D, 0x00, 0x8A, 0x4F, 0x01, 0x88, 0x9C, 0x03, 0xE0, 0xE8, 0xC3, 0x76, 0xF5, 0x4F, 0x00,
    0xE4, 0x47, 0x25, 0x40, 0x2A, 0x0C, 0xC0, 0xED, 0x76, 0xE8, 0x11, 0x95, 0xA3, 0x30, 0xC0, 0x14,
    0xBA, 0xC0, 0x29, 0xB3, 0x3E, 0x71, 0x75, 0xCA, 0xFC, 0x8F, 0xC4, 0x17, 0x35, 0xB7, 0xDC, 0x25,
    0xF7, 0x5C, 0xC3, 0xC5, 0x07, 0x88, 0x7F, 0x4F, 0xC5, 0x67, 0x90, 0x9E, 0xA2, 0x3A, 0x30, 0xDE,
    0xE7, 0x40, 0x41, 0x93, 0xF1, 0x2D, 0xA9, 0xF9, 0xE9, 0x00, 0x62, 0xE0, 0x75, 0x8A, 0xA6, 0xB0,
    0x40, 0x06, 0x58, 0x88, 0x2B, 0x48, 0x34, 0xA8, 0x95, 0x69, 0x0A, 0x51, 0x0D, 0xC2, 0x80, 0x04,
    0xBA, 0xC0, 0xFE, 0x4B, 0x99, 0x30, 0xB4, 0x14, 0x96, 0x0C, 0xC6, 0x30, 0x6B, 0x6D, 0x36, 0xB4,
    0xA8, 0x0E, 0x74, 0xE1, 0xDA, 0x66, 0x42, 0x98, 0x2C, 0x51, 0x84, 0x96, 0x42, 0x0F, 0x06, 0x84,
    0xB8, 0xA2, 0x86, 0x49, 0xCD, 0xC4, 0x53, 0xCD, 0x0D, 0xDE, 0x35, 0xB5, 0x47, 0x72, 0x81, 0x5C,
    0xB2, 0xCA, 0x3F, 0xDA, 0xCC, 0xDF, 0xC6, 0xCD, 0xDB, 0x57, 0xE3, 0xDE, 0x57, 0xA4, 0xAE, 0x9E,
    0xBB, 0xF2, 0x76, 0x6C, 0x7F, 0x26, 0x0D, 0x34, 0x88, 0x75, 0x6F, 0x49, 0x0C, 0xA2, 0x6E, 0xD3,
    0x1A, 0x8E, 0xA0, 0x20, 0x5A, 0x84, 0x96, 0x54, 0x88, 0x0A, 0x05, 0x89, 0x66, 0x00, 0x12, 0x32,
    0x36, 0x24, 0x85, 0x59, 0x4B, 0x5F, 0x42, 0x0E, 0x0D, 0x61, 0x2F, 0xA5, 0xFD, 0x56, 0x69, 0xD8,
    0x29, 0x05, 0x9A, 0x61, 0xE8, 0x0E, 0x00, 0x9B, 0x83, 0xA8, 0x33, 0x50, 0x66, 0x0C, 0x05, 0xB3,
    0xB0, 0xC5, 0x14, 0x51, 0x61, 0x49, 0x34, 0x16, 0x09, 0xF5, 0x46, 0x72, 0x61, 0x28, 0x90, 0x15,
    0x39, 0x89, 0x81, 0x65, 0x72, 0x09, 0x8B, 0xC2, 0x19, 0x9A, 0xD7, 0x45, 0x1D, 0x59, 0x22, 0x1B,
    0x87, 0x4E, 0x84, 0x47, 0x15, 0x95, 0xE7, 0x08, 0x43, 0x5A, 0x7A, 0xEA, 0x13, 0x12, 0xED, 0x5D,
    0x32, 0xCC, 0x15, 0x0A, 0x14, 0x1D, 0x6E, 0x48, 0xEE, 0x95, 0x23, 0xAF, 0x64, 0x8C, 0x61, 0xE2,
    0x9C, 0x0E, 0x00, 0x05, 0x0C, 0x80, 0x31, 0xD0, 0xDC, 0xF8, 0x9D, 0x35, 0xA4, 0x40, 0xBE, 0x76,
    0x11, 0xD7, 0x21, 0xEE, 0x0B, 0x8F, 0x4B, 0x0E, 0x27, 0x2E, 0x40, 0x7B, 0x98, 0x17, 0x40, 0x5F,
    0xF9, 0x97, 0x1C, 0xFE, 0xFA, 0x47, 0x1C, 0x1E, 0xB2, 0x15, 0x77, 0xEF, 0x42, 0xEC, 0x9C, 0x51,
    0x1E, 0x85, 0x3B, 0x37, 0x93, 0x15, 0xE6, 0x9B, 0x08, 0xB6, 0xD6, 0x9F, 0x7A, 0x5E, 0xE0, 0x3B,
    0x57, 0xE3, 0xDC, 0x92, 0xDA, 0xB9, 0x6B, 0x94, 0x1E, 0xFA, 0x06, 0xCA, 0x15, 0x5A, 0x5E, 0xE0,
    0x03, 0x90, 0x94, 0x20, 0x03, 0x60, 0xA0, 0xA0, 0xF8, 0x0C, 0xA2, 0xB9, 0x2B, 0x99, 0x7C, 0x58,
    0x46, 0x5F, 0x42, 0xF2, 0x91, 0x46, 0xBD, 0x65, 0xB8, 0x25, 0x2A, 0x88, 0x34, 0xA2, 0x4A, 0xEA,
    0xC4, 0xC0, 0xA6, 0x64, 0x6B, 0xED, 0xD3, 0x9E, 0x1C, 0x08, 0xB7, 0x00, 0xA5, 0xF7, 0x20, 0x43,
    0xD2, 0x9E, 0x1E, 0x68, 0xA2, 0x92, 0x6F, 0x4E, 0xEE, 0x83, 0xE6, 0x11, 0x91, 0xA1, 0x4F, 0x52,
    0xA2, 0x38, 0x82, 0xF6, 0xF4, 0x62, 0xAE, 0x59, 0x89, 0x5D, 0x43, 0x54, 0x15, 0xE2, 0xC2, 0x40,
    0xEA, 0x2C, 0xF2, 0xEF, 0x96, 0x41, 0x0D, 0xB3, 0x53, 0x22, 0x3B, 0x82, 0xE3, 0x0C, 0xF8, 0x2E,
    0x00, 0xF4, 0x56, 0xE8, 0xC3, 0xCC, 0x63, 0x3E, 0x82, 0x5B, 0xEE, 0x82, 0xF6, 0x08, 0xF9, 0x14,
    0xD2, 0x0E, 0xE4, 0x8A, 0xF6, 0xD8, 0xE0, 0x16, 0x8C, 0x84, 0x59, 0x26, 0x7A, 0xA4, 0x40, 0xC1,
    0x00, 0x32, 0x18, 0xC1, 0x29, 0x58, 0xE2, 0xEA, 0xFA, 0xCF, 0x16, 0x14, 0x74, 0x21, 0x4B, 0xCC,
    0xBE, 0x34, 0xD3, 0xC4, 0xC4, 0xEE, 0x18, 0xAA, 0xD4, 0xB9, 0xE3, 0xD8, 0x64, 0x3C, 0x76, 0xAE,
    0x3C, 0x84, 0xC7, 0x5F, 0xC1, 0xBD, 0x2F, 0xC0, 0x5D, 0x22, 0xEA, 0x7B, 0xA5, 0x6A, 0x4F, 0x65,
    0xAA, 0x87, 0x70, 0x0C, 0x80, 0xA4, 0xFD, 0x2C, 0x93, 0xEF, 0xA7, 0xC4, 0x5F, 0x8E, 0x60, 0x52,
    0x53, 0x38, 0x57, 0x4D, 0x3C, 0x98, 0x54, 0xE0, 0x1A, 0xC4, 0xC7, 0x39, 0x52, 0x2A, 0x90, 0xD0,
    0x82, 0x86, 0x68, 0x11, 0xFA, 0x1B, 0x32, 0x86, 0xB3, 0xD0, 0xFF, 0xBF, 0xAC, 0xC9, 0xE1, 0xFE,
    0x9D, 0x85, 0x0B, 0x38, 0xDC, 0xC0, 0x4F, 0x2B, 0x7F, 0x05, 0xBF, 0x6B, 0x3A, 0xEA, 0xEA, 0x12,
    0xEE, 0x84, 0x5B, 0x78, 0xB7, 0xE5, 0xD2, 0xB2, 0x37, 0x93, 0x6F, 0x6E, 0x13, 0xD9, 0x33, 0x88,
    0x6D, 0x3B, 0xE3, 0xA5, 0xB2, 0x99, 0x6A, 0x0C, 0x84, 0xB0, 0xA8, 0x69, 0x67, 0x2F, 0x8F, 0x60,
    0x73, 0xF3, 0xED, 0x15, 0x8C, 0xCF, 0x36, 0x9E, 0x39, 0x2C, 0x15, 0x90, 0x96, 0xA0, 0x5E, 0x96,
    0x20, 0xAA, 0xCF, 0x10, 0x36, 0x8C, 0xBC, 0x48, 0x36, 0xE2, 0xB3, 0x55, 0x17, 0x57, 0x99, 0xD4,
    0xC2, 0x66, 0xCA, 0xB4, 0x33, 0xC8, 0x6E, 0x7A, 0x8B, 0xEB, 0xFF, 0x40, 0x96, 0x6C, 0x3A, 0xD6,
    0xB1, 0x65, 0x88, 0xD5, 0xED, 0x8C, 0xB5, 0xE3, 0xA0, 0xC8, 0x21, 0x0C, 0x07, 0x40, 0xBB, 0x1C,
    0x3F, 0x19, 0x33, 0x7E, 0xE2, 0x3B, 0xC6, 0xAB, 0xEE, 0xFA, 0xE3, 0xF4, 0x95, 0x3E, 0x7C, 0x1F,
    0x06, 0xDD, 0xCE, 0x9C, 0xD7, 0x85, 0x19, 0x6A, 0xC5, 0x9D, 0xAD, 0x8A, 0x67, 0x2B, 0xD2, 0xB2,
    0x30, 0x93, 0xEA, 0xF1, 0xF1, 0x16, 0xAE, 0xC7, 0x1B, 0xFA, 0xE4, 0xE4, 0xFB, 0x66, 0x7B, 0xE6,
    0x4B, 0x5E, 0xF5, 0xA9, 0xFE, 0x07, 0x4D, 0x91, 0x01, 0x64, 0x2C, 0x47, 0x1C, 0x87, 0xBF, 0xDB,
    0x91, 0xB7, 0x95, 0x7F, 0x6E, 0xE7, 0xA9, 0x16, 0x7D, 0xEE, 0x76, 0x01, 0xDA, 0xBC, 0xB9, 0x5C,
    0x70, 0x18, 0x3A, 0x2F, 0xB7, 0x14, 0x00, 0x0A, 0x80, 0xA2, 0x00, 0xD5, 0xAA, 0xC5, 0x22, 0xAD,
    0xD7, 0xDC, 0x16, 0x00, 0x78, 0x00, 0x28, 0x82, 0x87, 0x34, 0xE8, 0x5B, 0x40, 0xBC, 0x97, 0xE6,
    0x86, 0x02, 0xA0, 0x07, 0x00, 0x6A, 0x00, 0x6D, 0xAB, 0xED, 0x95, 0xA8, 0x53, 0x97, 0x5C, 0x27,
    0xDB, 0xA4, 0x2F, 0x7E, 0x3F, 0x3B, 0x6B, 0xFC, 0x99, 0x99, 0xEF, 0x4B, 0x56, 0xE8, 0xEF, 0xC8,
    0x05, 0x27, 0x58, 0xA1, 0xD6, 0x5D, 0x73, 0x6A, 0xC7, 0xC1, 0x25, 0xC5, 0x82, 0xDE, 0x16, 0xEC,
    0x0C, 0x8C, 0x9D, 0x54, 0x55, 0x1B, 0x00, 0xA4, 0xA1, 0x28, 0x99, 0xC2, 0x6F, 0xA8, 0x1F, 0x91,
    0x8C, 0x61, 0xCE, 0x74, 0xD3, 0xBC, 0xFD, 0x15, 0x38, 0x98, 0xA0, 0x36, 0xC8, 0x29, 0x19, 0xF4,
    0xA1, 0xB8, 0xE4, 0xD1, 0x39, 0x8C, 0x60, 0x08, 0x86, 0x97, 0x97, 0xCC, 0x16, 0x30, 0x47, 0xFD,
    0x8A, 0x06, 0x03, 0x07, 0x2B, 0xA6, 0xDF, 0x73, 0x98, 0x51, 0xC7, 0x8E, 0x38, 0x38, 0x43, 0x07,
    0xB6, 0x4F, 0x4B, 0xBD, 0x69, 0xD0, 0x30, 0x04, 0x07, 0x2D, 0xBD, 0x80, 0xF2, 0x48, 0x49, 0x06,
    0x0E, 0x92, 0x35, 0xFA, 0x05, 0x43, 0x61, 0xA8, 0x91, 0xCF, 0x90, 0x25, 0xCE, 0xD1, 0x1A, 0x96,
    0x86, 0x8B, 0x35, 0xE3, 0x40, 0xF7, 0x2A, 0x8C, 0xC6, 0x09, 0x4E, 0xB3, 0x37, 0x47, 0x7E, 0x02,
    0x03, 0x87, 0x7C, 0x1A, 0x98, 0x97, 0x24, 0xCD, 0x4D, 0x66, 0x57, 0x8F, 0x7F, 0xFE, 0x6F, 0x85,
    0xD9, 0xD5, 0xEE, 0xC9, 0xEE, 0x49, 0xFC, 0xFB, 0x98, 0xA0, 0xBC, 0x94, 0x9A, 0x21, 0x06, 0x87,
    0xED, 0xE2, 0x30, 0xF4, 0xE9, 0x95, 0x89, 0xEF, 0xF9, 0xDE, 0x82, 0x98, 0x5E, 0x4C, 0xE2, 0x55,
    0x23, 0x65, 0x86, 0xA1, 0x65, 0xEB, 0x1D, 0x64, 0xDE, 0xE8, 0x1F, 0xBC, 0x4E, 0xFC, 0x50, 0x35,
    0x46, 0x95, 0x26, 0xC5, 0x0A, 0x93, 0x0C, 0x9E, 0x93, 0x5E, 0xA3, 0x35, 0x23, 0xC1, 0x75, 0x9B,
    0xB5, 0xDC, 0x62, 0xB6, 0x1D, 0x66, 0x1D, 0x31, 0x2F, 0x25, 0x3C, 0x59, 0xBC, 0xE9, 0xD5, 0x4D,
    0x9A, 0xB4, 0x14, 0x74, 0x0C, 0x9F, 0xA0, 0x36, 0xA5, 0xFA, 0xC0, 0xA3, 0xBA, 0x4A, 0x49, 0x0E,
    0x67, 0x24, 0x0B, 0xA4, 0x64, 0x7A, 0x1A, 0xC1, 0xD3, 0x7B, 0xAE, 0xAF, 0xDF, 0xD0, 0x68, 0xB2,
    0x07, 0x67, 0x37, 0x24, 0x30, 0xB8, 0x7F, 0x56, 0x91, 0xF3, 0x16, 0x8C, 0xE1, 0x08, 0x7E, 0x47,
    0x7D, 0x83, 0x36, 0x18, 0xC7, 0xD1, 0x05, 0xF3, 0x0D, 0xB4, 0x5D, 0x3F, 0x24, 0xBD, 0xEF, 0x6A,
    0x49, 0xBE, 0x86, 0x11, 0x0C, 0xC0, 0xDD, 0xB9, 0x7A, 0x44, 0x12, 0x67, 0x1A, 0x32, 0x30, 0xC7,
    0x4C, 0xD7, 0x3C, 0xC9, 0xB1, 0x19, 0x93, 0x0C, 0x1B, 0x75, 0x9D, 0x23, 0xFF, 0xEB, 0x12, 0xC8,
    0xC1, 0x41, 0x0D, 0x4B, 0x12, 0x4F, 0x7A, 0xA7, 0xF0, 0x2D, 0x3A, 0x04, 0x1B, 0xB4, 0x90, 0xA5,
    0x68, 0x4D, 0xBA, 0x42, 0xAF, 0xB0, 0x86, 0x76, 0x48, 0x3B, 0xE2, 0xE8, 0x9C, 0x22, 0xC4, 0x87,
    0x20, 0x57, 0x64, 0x1A, 0x23, 0xB7, 0xDE, 0xC6, 0xF7, 0xBD, 0x2D, 0x99, 0x95, 0x44, 0xFA, 0xFE,
    0xF1, 0x2F, 0xD3, 0xEB, 0xB8, 0xC6, 0x4C, 0xAF, 0x61, 0xF7, 0xDB, 0xBB, 0x6F, 0xE2, 0xD3, 0xCE,
    0x85, 0xA5, 0xA6, 0x65, 0x79, 0x9B, 0x96, 0x8A, 0x09, 0xAA, 0xE9, 0x79, 0x16, 0x04, 0xBA, 0x74,
    0xE6, 0xE2, 0xB4, 0xC6, 0x50, 0xA3, 0xFE, 0x6E, 0xF2, 0xA2, 0x74, 0x9D, 0x95, 0x2A, 0xA3, 0x1D,
    0x51, 0x9F, 0x33, 0xFE, 0x08, 0xB5, 0xCA, 0x87, 0x13, 0x33, 0x0B, 0x15, 0x15, 0xF6, 0x61, 0x11,
    0xD2, 0x15, 0x79, 0x8E, 0x4D, 0xA9, 0x62, 0xBB, 0x51, 0xFB, 0x94, 0x22, 0x90, 0x45, 0x5F, 0x19,
    0xEA, 0x2C, 0x3A, 0x24, 0x09, 0x48, 0x85, 0xB1, 0x54, 0x03, 0x8A, 0xF0, 0xF0, 0x10, 0x23, 0xEB,
    0x2F, 0x6C, 0xA8, 0xFF, 0x0A, 0xB3, 0x32, 0x05, 0xA1, 0x83, 0x7D, 0x44, 0xFE, 0x27, 0x7B, 0x29,
    0x2E, 0x65, 0xB2, 0x4D, 0xD5, 0xA7, 0xDA, 0xE1, 0x78, 0xC0, 0xEB, 0x81, 0x8C, 0x81, 0xC5, 0x04,
    0xDE, 0x6F, 0x38, 0xF0, 0x54, 0x81, 0xAA, 0xE2, 0xD8, 0x92, 0x22, 0x64, 0xF4, 0x19, 0x60, 0xB0,
    0x4C, 0xD8, 0x27, 0x6E, 0xB3, 0xF3, 0x74, 0x5C, 0xE6, 0x7F, 0xBC, 0xF2, 0x7B, 0xF2, 0xB5, 0x77,
    0x92, 0x78, 0x1B, 0x2F, 0xB4, 0xDF, 0x57, 0x65, 0x35, 0x48, 0x39, 0x36, 0xC2, 0xCE, 0xC5, 0xEB,
    0xE3, 0xAC, 0x50, 0x67, 0xB4, 0x7D, 0x96, 0x03, 0x54, 0x51, 0xA6, 0xAF, 0xBC, 0x34, 0x0B, 0xCD,
    0xA2, 0x9F, 0xF8, 0xBE, 0x6A, 0x8A, 0x17, 0xBC, 0xB7, 0x62, 0x02, 0xFB, 0x50, 0x41, 0x0B, 0x72,
    0x39, 0x3E, 0x31, 0x6C, 0xC3, 0x33, 0xAA, 0x97, 0xCB, 0x99, 0xEF, 0xF1, 0x80, 0x8C, 0x69, 0xF8,
    0xFC, 0xD9, 0x80, 0x77, 0xBB, 0x1B, 0x7C, 0xC9, 0x94, 0x7F, 0x01, 0x6D, 0x96, 0x01, 0x84, 0x24,
    0xD9, 0xFD, 0x80, 0xBF, 0xAA, 0xF7, 0xDF, 0xAD, 0xF3, 0xAF, 0xDD, 0x79, 0x87, 0x4B, 0x1C, 0x3B,
    0x3B, 0xEF, 0x00, 0x11, 0x33, 0x5D, 0xC1, 0xC6, 0x4D, 0x92, 0x57, 0x5D, 0xE5, 0x0E, 0x83, 0xC3,
    0x45, 0x38, 0x10, 0x27, 0x01, 0x40, 0xB8, 0xC1, 0x61, 0xD1, 0x37, 0x53, 0xE7, 0x10, 0x2C, 0xB1,
    0x08, 0x40, 0x08, 0x80, 0x24, 0xDC, 0x60, 0xC8, 0x60, 0xB2, 0xFD, 0x26, 0x87, 0xE0, 0x90, 0xCA,
    0x26, 0xC0, 0x86, 0x3C, 0x9B, 0x05, 0xEE, 0x22, 0xEF, 0x72, 0x85, 0x9E, 0x4D, 0x75, 0xFF, 0xF2,
    0x53, 0xE6, 0xC6, 0x92, 0x18, 0xDF, 0x37, 0x5E, 0xA9, 0x7E, 0xE5, 0x7B, 0xED, 0x57, 0x9A, 0xE3,
    0x48, 0x2E, 0x89, 0xB2, 0x07, 0x0B, 0xCC, 0x80, 0xBA, 0x90, 0xE0, 0x4B, 0xC5, 0xB6, 0x78, 0x0B,
    0x73, 0xC5, 0xC9, 0x86, 0x42, 0xC1, 0xC3, 0x35, 0xF7, 0x81, 0xE5, 0x0A, 0x44, 0xE1, 0xA4, 0x87,
    0xA7, 0x81, 0x9B, 0x12, 0x68, 0x24, 0x66, 0xF2, 0x56, 0x67, 0x3E, 0xDB, 0xC2, 0xFE, 0x6C, 0x1B,
    0x77, 0xD7, 0x33, 0xDF, 0xBD, 0x87, 0xDF, 0x3F, 0x61, 0x71, 0x18, 0x39, 0xFF, 0x22, 0x70, 0xF6,
    0xE7, 0xC0, 0xD1, 0x27, 0x2D, 0xC7, 0x0F, 0xA0, 0xD9, 0x82, 0xEA, 0xDD, 0x57, 0xB0, 0xB2, 0x62,
    0x6F, 0xF9, 0x90, 0xFD, 0x43, 0xD0, 0xDB, 0xA0, 0x10, 0xBD, 0x41, 0xFA, 0x6C, 0x45, 0x6B, 0x22,
    0xD8, 0x0E, 0x1C, 0x30, 0x2B, 0x1D, 0xB5, 0x5D, 0xE2, 0x6D, 0xCF, 0xC2, 0xB6, 0x2C, 0x1C, 0x2C,
    0x66, 0xCA, 0x1E, 0x78, 0x0F, 0x73, 0xC5, 0x8D, 0xAF, 0x51, 0xCA, 0x40, 0x26, 0x3D, 0x38, 0x19,
    0xA8, 0x24, 0x51, 0x03, 0x1E, 0x58, 0x00, 0xF7, 0x81, 0x53, 0x20, 0x01, 0x22, 0x64, 0x4A, 0x1E,
    0x21, 0xEF, 0xC1, 0x04, 0x68, 0xA6, 0x47, 0x43, 0xD9, 0x81, 0x6D, 0x15, 0x00, 0x8E, 0x9F, 0x91,
    0xCB, 0x48, 0xD1, 0xBF, 0x8A, 0xED, 0xC0, 0x02, 0x0E, 0xD8, 0x01, 0x23, 0x72, 0x7D, 0x3E, 0xA5,
    0x8C, 0x58, 0x85, 0x01, 0x48, 0x90, 0x47, 0xA6, 0x7D, 0x1A, 0x91, 0x4E, 0xE9, 0x80, 0x3C, 0x00,
    0x14, 0x2D, 0x80, 0x85, 0xFC, 0x4F, 0xEB, 0x6A, 0xC4, 0x7C, 0x2A, 0xC7, 0x82, 0xF9, 0x87, 0x1D,
    0x6D, 0x6B, 0x52, 0x99, 0xCA, 0xB6, 0xE8, 0xCB, 0x60, 0x5B, 0xA5, 0xB3, 0xD8, 0xCE, 0xB5, 0xEA,
    0xB6, 0xC1, 0x61, 0x59, 0x32, 0xC3, 0xB1, 0xA1, 0x66, 0x66, 0xD6, 0x78, 0xEA, 0x62, 0xA1, 0xF6,
    0x5B, 0x1E, 0xFD, 0xBF, 0xBB, 0xE0, 0x8C, 0xA9, 0x10, 0x12, 0x30, 0x55, 0x01, 0xE7, 0x24, 0x7E,
    0x97, 0x45, 0xD6, 0x59, 0xCF, 0x26, 0x0F, 0xD9, 0xDF, 0x4C, 0xC8, 0x95, 0x4A, 0x64, 0xB8, 0xF3,
    0xCF, 0x8F, 0xA3, 0x79, 0xF0, 0x36, 0xC5, 0x4F, 0xDF, 0xD6, 0x6E, 0x89, 0x4A, 0x6F, 0xCD, 0x2F,
    0xB0, 0xE6, 0x73, 0x76, 0xCC, 0xC8, 0x5E, 0x3E, 0xE2, 0xF3, 0x15, 0x3E, 0x1B, 0x60, 0x19, 0x01,
    0x59, 0x03, 0xA9, 0x81, 0x2C, 0x59, 0x55, 0xB4, 0x2D, 0x79, 0x6F, 0xDF, 0xC2, 0xF4, 0x76, 0x0B,
    0x13, 0x9A, 0xE3, 0x5F, 0x16, 0x17, 0xBA, 0x51, 0x29, 0xC9, 0x53, 0x6E, 0x5A, 0x8F, 0x85, 0xFB,
    0x2A, 0x4E, 0x71, 0x90, 0x98, 0xA9, 0xA8, 0x55, 0x78, 0x90, 0x56, 0x75, 0xDC, 0xB2, 0x1C, 0xB8,
    0xDA, 0x1A, 0x52, 0xC5, 0xD5, 0xE6, 0xE4, 0xD1, 0x16, 0x97, 0xE8, 0xF6, 0x95, 0x60, 0x42, 0x55,
    0xA3, 0x3E, 0x5F, 0x40, 0x21, 0x83, 0xBA, 0x94, 0x30, 0x07, 0x7B, 0x10, 0x5C, 0xC0, 0x9A, 0x50,
    0x24, 0xD4, 0xAC, 0xD8, 0x31, 0x3D, 0x67, 0xCC, 0xF2, 0xA8, 0xAE, 0xF3, 0xA7, 0x0C, 0xF8, 0xEC,
    0x4B, 0x49, 0x78, 0xFE, 0x25, 0x1D, 0x45, 0xE7, 0xF3, 0xBE, 0xE8, 0x16, 0xFA, 0x81, 0x6E, 0x34,
    0x5D, 0xD1, 0x7E, 0x5E, 0xB6, 0xE5, 0x1B, 0x7F, 0xB5, 0x94, 0x6F, 0xFE, 0x66, 0x87, 0xF2, 0xE0,
    0x27, 0x7B, 0x94, 0xE5, 0xAE, 0x47, 0x4F, 0x42, 0x78, 0xEF, 0xD1, 0xA3, 0xE7, 0x58, 0xEF, 0x13,
    0xF6, 0xDE, 0x77, 0x7A, 0xEC, 0xE1, 0x77, 0x03, 0x5B, 0xE9, 0x7B, 0x1D, 0xB6, 0x6F, 0x5A, 0x6C,
    0x68, 0xC0, 0x76, 0x73, 0x55, 0x5B, 0x03, 0x4B, 0x69, 0x2D, 0x68, 0xBC, 0x3A, 0x4D, 0x05, 0x89,
    0xD3, 0x1D, 0xB2, 0x98, 0xDE, 0xDF, 0xD3, 0x8A, 0x74, 0xEA, 0x31, 0x17, 0x31, 0xA9, 0x7F, 0xDF,
    0xA7, 0xFB, 0x14, 0x1F, 0x85, 0x74, 0x46, 0xF9, 0xD1, 0x45, 0x3C, 0xD5, 0x87, 0xEB, 0x25, 0xAC,
    0x5E, 0x52, 0x97, 0x6F, 0x5E, 0x44, 0x76, 0x2C, 0x79, 0xCF, 0x9E, 0xC5, 0x04, 0x6A, 0x8B, 0x6B,
    0xF1, 0x3A, 0x8C, 0xE0, 0x2B, 0x79, 0x06, 0xC0, 0x7D, 0xE0, 0x57, 0x1B, 0xC8, 0x44, 0x00, 0x12,
    0x90, 0xA9, 0xDC, 0xD3, 0x08, 0xF2, 0xBC, 0xC7, 0x0C, 0x2E, 0x50, 0x04, 0x1B, 0xB0, 0x5D, 0xA9,
    0xA2, 0xEC, 0x70, 0xD8, 0x96, 0x19, 0x16, 0xE6, 0x38, 0xA8, 0x69, 0x60, 0xC6, 0x23, 0x70, 0xF9,
    0x1A, 0xAC, 0x78, 0xC8, 0x57, 0x2A, 0x00, 0x60, 0x6A, 0x1A, 0x50, 0xA5, 0xAB, 0x31, 0x30, 0x32,
    0x62, 0xC3, 0xCB, 0xCC, 0x81, 0x73, 0x60, 0x00, 0x27, 0xE3, 0x84, 0xB9, 0x1E, 0xA1, 0xA8, 0xF4,
    0x98, 0x00, 0x13, 0x11, 0xB2, 0x21, 0x83, 0xE5, 0x06, 0xDC, 0x25, 0x2C, 0x68, 0xE0, 0x8C, 0x51,
    0x65, 0x12, 0x0C, 0x65, 0x80, 0x54, 0x41, 0x96, 0xCE, 0x21, 0x7F, 0x9A, 0xC0, 0x3C, 0x99, 0xF6,
    0x91, 0x40, 0x25, 0xCF, 0x3B, 0x8A, 0xC7, 0x11, 0xCA, 0x0F, 0x13, 0xD8, 0x76, 0x50, 0x71, 0xAE,
    0xA2, 0x06, 0xC7, 0x0C, 0x66, 0x53, 0x09, 0xB6, 0xC3, 0x89, 0xC4, 0x4A, 0xA4, 0xBF, 0x9E, 0x5C,
    0xF7, 0x2A, 0x54, 0xE7, 0xD0, 0xF4, 0x30, 0x87, 0x7C, 0x7C, 0x19, 0x37, 0x26, 0x76, 0x97, 0x3D,
    0x6C, 0x20, 0x1F, 0xC0, 0x25, 0x78, 0xA4, 0xFC, 0x20, 0x72, 0x5D, 0x70, 0x47, 0x1E, 0x02, 0x8D,
    0x8C, 0xC0, 0x2B, 0x1C, 0x03, 0xFC, 0xD8, 0x06, 0x20, 0x99, 0x1E, 0x75, 0x1E, 0x21, 0x8B, 0x59,
    0x82, 0x7C, 0xB2, 0xE9, 0x27, 0x87, 0x2C, 0xB9, 0xBE, 0x08, 0x79, 0x94, 0x55, 0xD1, 0x99, 0xC7,
    0x69, 0x51, 0xB6, 0xE5, 0x27, 0x7D, 0x6D, 0xB1, 0x07, 0x41, 0x7D, 0x54, 0x74, 0xDE, 0xDD, 0x1C,
    0xCB, 0x6E, 0x55, 0x49, 0xB4, 0x92, 0xAA, 0x4B, 0xEC, 0x71, 0x07, 0x38, 0x00, 0x76, 0x00, 0xD8,
    0x03, 0xA0, 0x06, 0xC0, 0x03, 0xB0, 0x00, 0xC8, 0x57, 0x60, 0xD7, 0x30, 0xDB, 0x01, 0xBF, 0xA5,
    0xEC, 0xC0, 0xFE, 0xAE, 0xE2, 0x95, 0x13, 0xF0, 0x11, 0x9A, 0x00, 0x15, 0x30, 0x83, 0x6F, 0x1D,
    0x41, 0x12, 0xF2, 0x7F, 0xFF, 0x11, 0xF3, 0xF1, 0xDB, 0xD8, 0x9D, 0xB2, 0xDD, 0xBB, 0x55, 0xB6,
    0x70, 0x05, 0x56, 0x71, 0x50, 0xAC, 0x95, 0x01, 0x8E, 0xD7, 0xB0, 0x94, 0x8E, 0xA1, 0x08, 0x56,
    0x64, 0x74, 0x4A, 0x16, 0x4D, 0xC8, 0xB5, 0xA6, 0x11, 0x49, 0x4A, 0x2A, 0x42, 0x45, 0x21, 0x23,
    0xA5, 0x3C, 0xC4, 0xC2, 0x84, 0x03, 0x66, 0x40, 0x0D, 0x78, 0x00, 0x6E, 0x43, 0x2E, 0x03, 0xD5,
    0x72, 0xCD, 0xE8, 0x5F, 0xCD, 0xE3, 0x3E, 0x45, 0x78, 0x1F, 0xDB, 0x9E, 0xE0, 0x48, 0xCC, 0x88,
    0xD4, 0xC8, 0xAA, 0xCE, 0x64, 0xF0, 0x79, 0x48, 0xDE, 0x5C, 0xA4, 0xDA, 0x7C, 0x18, 0xE7, 0xE6,
    0x8D, 0x58, 0x15, 0xA6, 0xB7, 0x4F, 0x8A, 0x50, 0x88, 0x04, 0x96, 0x97, 0x70, 0x17, 0xD8, 0x06,
    0xB0, 0x1D, 0x50, 0x05, 0xA6, 0x42, 0xF8, 0xAD, 0x2A, 0xFB, 0x52, 0x65, 0x1E, 0xF7, 0xE4, 0xBF,
    0xFE, 0xEC, 0x79, 0x67, 0x44, 0xA4, 0xC3, 0x65, 0x11, 0xEA, 0x2C, 0x51, 0xEA, 0x12, 0xAB, 0x42,
    0x17, 0x09, 0xD3, 0x33, 0x50, 0x06, 0x4E, 0xB1, 0x2D, 0x67, 0x54, 0xA8, 0x6A, 0x58, 0xC0, 0x9D,
    0x0D, 0x34, 0x12, 0x78, 0xC5, 0x24, 0xC8, 0xAE, 0xC8, 0x93, 0x15, 0x59, 0x39, 0x11, 0xAD, 0x58,
    0xF1, 0x55, 0xFD, 0xD5, 0x79, 0x51, 0x01, 0x0E, 0xB0, 0xDD, 0x4B, 0xD3, 0x69, 0xB0, 0x7C, 0x36,
    0x55, 0x73, 0x53, 0xA2, 0x56, 0xAF, 0x58, 0xF9, 0xD7, 0xFE, 0x77, 0xB5, 0x92, 0xF5, 0x68, 0x35,
    0xDE, 0x04, 0x6A, 0xD3, 0x31, 0x37, 0x2D, 0xD5, 0x01, 0xD8, 0x27, 0x37, 0x28, 0x64, 0x43, 0x26,
    0xAB, 0xEB, 0x6A, 0xEE, 0x15, 0x70, 0x62, 0xC9, 0x92, 0x43, 0x7B, 0xC6, 0x4A, 0x64, 0x65, 0x7A,
    0x8F, 0x09, 0x9E, 0x22, 0x2C, 0x28, 0xBB, 0xB3, 0x69, 0x16, 0x2C, 0x09, 0x9B, 0xA5, 0x29, 0x7E,
    0x96, 0x47, 0xEA, 0x3C, 0xE1, 0x33, 0xE9, 0x3C, 0xC7, 0x1D, 0x14, 0xA2, 0x6A, 0x24, 0xC2, 0x9A,
    0x6E, 0xAA, 0x23, 0xBF, 0x16, 0x03, 0xC0, 0x23, 0x80, 0xAA, 0x07, 0xF2, 0x15, 0xC0, 0x07, 0x00,
    0x15, 0xB3, 0xA3, 0x0F, 0x1C, 0xAF, 0xFF, 0xE1, 0x41, 0xC5, 0xEB, 0x07, 0xC5, 0x9C, 0xEA, 0xAD,
    0x72, 0xC4, 0x8A, 0x24, 0x6E, 0xBF, 0xB7, 0x69, 0xB9, 0x75, 0xEB, 0x16, 0xDC, 0xDA, 0xDE, 0x06,
    0x27, 0x12, 0x2A, 0x05, 0x00, 0xA0, 0x11, 0x69, 0x8F, 0x45, 0xC0, 0x33, 0xC1, 0x02, 0x38, 0x03,
    0x06, 0xE0, 0xC5, 0x53, 0x7E, 0x61, 0xDA, 0x0A, 0xE5, 0xC6, 0x3B, 0xEF, 0x60, 0x45, 0xDA, 0x1B,
    0xCB, 0x77, 0xC0, 0xB6, 0xDC, 0xF8, 0xE1, 0x5F, 0x68, 0x64, 0xCD, 0xD7, 0x7E, 0xF4, 0xF3, 0x69,
    0x4D, 0x03, 0x5F, 0x5F, 0xC3, 0x32, 0xC1, 0x07, 0x80, 0x07, 0x66, 0x80, 0x05, 0xCA, 0xEE, 0x85,
    0xF7, 0x4C, 0x7A, 0xF1, 0xB9, 0x25, 0x3C, 0xDF, 0x90, 0xC9, 0x43, 0xAA, 0x04, 0xDF, 0xFC, 0xE2,
    0x9C, 0x5C, 0x9E, 0x71, 0x67, 0x05, 0xCB, 0x00, 0x07, 0xC1, 0xF4, 0x65, 0x67, 0x42, 0xD9, 0x95,
    0x9D, 0x6D, 0xF5, 0x8F, 0x23, 0x74, 0x3E, 0xA9, 0x24, 0x52, 0x5D, 0x82, 0xEB, 0xA1, 0x49, 0x70,
    0xF2, 0x3E, 0x9C, 0x1E, 0x82, 0x76, 0x45, 0xED, 0x1D, 0x89, 0xDC, 0xCD, 0x7A, 0xB6, 0xF2, 0x8B,
    0xFF, 0xFB, 0xFF, 0xFC, 0xD3, 0x77, 0xB7, 0x8C, 0xC8, 0x5D, 0xF3, 0xF4, 0xEF, 0x63, 0x11, 0x3E,
    0x4C, 0x2E, 0xC0, 0xEB, 0x4A, 0x1E, 0x01, 0x19, 0xA1, 0x1A, 0xB8, 0x5A, 0x99, 0x1E, 0x55, 0x00,
    0x0A, 0x15, 0x65, 0x07, 0x37, 0x65, 0x7D, 0xF5, 0x9A, 0x5B, 0xDB, 0x22, 0x9A, 0xE4, 0xB2, 0x64,
    0xC2, 0x8C, 0x54, 0xAA, 0x92, 0xED, 0x6A, 0x55, 0xEB, 0xB3, 0xE4, 0xF8, 0x46, 0x1E, 0x1D, 0x98,
    0x38, 0x53, 0xF5, 0xB5, 0x2A, 0xA8, 0x8A, 0x80, 0x93, 0x48, 0x25, 0x23, 0x33, 0x8E, 0xA8, 0xA9,
    0xF0, 0x38, 0x16, 0xCA, 0x19, 0x33, 0x65, 0xC1, 0x70, 0x73, 0x70, 0x22, 0xBD, 0x93, 0xCB, 0xEB,
    0x13, 0x6F, 0xA4, 0xD7, 0x92, 0x40, 0x11, 0xAE, 0x7F, 0xE4, 0x00, 0xE5, 0x6D, 0x60, 0x6B, 0x1B,
    0xB8, 0xBD, 0x0B, 0x54, 0x9B, 0x96, 0x5C, 0xA4, 0xC3, 0x8E, 0xDF, 0x86, 0x66, 0xFF, 0x10, 0xCE,
    0xEF, 0x9D, 0xC0, 0x70, 0x18, 0xC9, 0x93, 0xCA, 0xF4, 0xDF, 0xEF, 0xA6, 0x98, 0xFF, 0x52, 0x0F,
    0x64, 0x09, 0xE0, 0x0C, 0xA0, 0x6A, 0xA7, 0xC2, 0x38, 0x09, 0xCA, 0x6D, 0xD8, 0xDA, 0x85, 0xDB,
    0xFB, 0x64, 0x32, 0x92, 0x8B, 0xA0, 0x69, 0xDD, 0x57, 0x5F, 0x44, 0x11, 0x6C, 0x5B, 0x76, 0x0D,
    0x56, 0x56, 0x4A, 0xC4, 0x66, 0x23, 0x3B, 0xD4, 0xCC, 0x98, 0x53, 0x2B, 0x9E, 0x5A, 0x59, 0xB0,
    0xC8, 0x56, 0x2C, 0x25, 0x22, 0x9B, 0xF6, 0x6A, 0x3B, 0x78, 0xE9, 0x35, 0xF8, 0x0F, 0xB3, 0xFF,
    0x63, 0xFF, 0x83, 0x81, 0x01, 0x00, 0xC5, 0xD1, 0x01, 0xA6, 0xDC, 0x50, 0x14, 0xC6, 0xF1, 0x7F,
    0x5E, 0x10, 0x04, 0xB7, 0x00, 0x14, 0x59, 0x41, 0x27, 0x1B, 0xE8, 0x78, 0xD9, 0x51, 0x01, 0x06,
    0xE1, 0x65, 0x09, 0x5D, 0x4C, 0x31, 0xA8, 0xE6, 0x2E, 0x21, 0x4B, 0xB8, 0xED, 0x0A, 0x4E, 0x19,
    0x4C, 0xE1, 0x9D, 0x9E, 0xCF, 0x9C, 0xAA, 0x82, 0x52, 0xA8, 0x13, 0x9F, 0x31, 0xEE, 0xCC, 0xF7,
    0xCB, 0xB9, 0x30, 0xB7, 0xB9, 0xC1, 0xDE, 0xBC, 0xD1, 0x59, 0x67, 0xF0, 0xD4, 0x9E, 0x1A, 0xF4,
    0xB5, 0xAF, 0xF0, 0xD6, 0xDD, 0x61, 0x77, 0x7F, 0x85, 0x71, 0x1B, 0x37, 0x28, 0x4B, 0x59, 0x22,
    0x63, 0x32, 0x99, 0x62, 0xE0, 0x14, 0x03, 0xE7, 0x18, 0x78, 0x1F, 0x43, 0xE6, 0xCA, 0x05, 0xB8,
    0xC6, 0xC0, 0x2D, 0x06, 0x2C, 0xE6, 0xCF, 0xAA, 0xA3, 0x3F, 0xC0, 0xAB, 0x6F, 0xF0, 0x25, 0x06,
    0x40, 0x26, 0xF6, 0xEF, 0x07, 0x9D, 0xF5, 0x4D, 0xE7, 0x2A, 0xE1, 0x11, 0x28, 0x10, 0xFB, 0x6B,
    0x59, 0x82, 0x53, 0xA4, 0x51, 0x08, 0x50, 0xD4, 0x3F, 0xA9, 0xFE, 0xA4, 0xDE, 0x73, 0x44, 0x3C,
    0xAB, 0xE2, 0x2A, 0xC5, 0x4D, 0x08, 0x83, 0x9B, 0xC2, 0x90, 0x00, 0x01, 0x50, 0x3F, 0xAA, 0x87,
    0xEC, 0x66, 0xFE, 0x6A, 0xB0, 0x7F, 0x6B, 0x2A, 0x3F, 0xE2, 0x4C, 0xAF, 0xF2, 0xA1, 0x92, 0xE5,
    0xA3, 0xCA, 0xCB, 0xF2, 0x2F, 0xE5, 0xDD, 0x5F, 0xCB, 0xF3, 0x3E, 0xD8, 0xCD, 0xF5, 0xF6, 0xF6,
    0xEB, 0xFD, 0x5B, 0x27, 0x44, 0xEE, 0xC0, 0x5D, 0x10, 0xF7, 0xC7, 0x1E, 0x72, 0x13, 0xC9, 0x49,
    0x50, 0x92, 0x12, 0x95, 0xAC, 0x84, 0x25, 0x2D, 0x71, 0x17, 0xC4, 0x4B, 0x60, 0xEE, 0x27, 0x91,
    0xC9, 0x4C, 0x68, 0x52, 0x7D, 0x13, 0xF6, 0x37, 0xF7, 0xB1, 0xAD, 0xE6, 0xDA, 0x97, 0xE5, 0xC6,
    0x72, 0x67, 0xB9, 0x35, 0xF7, 0xE1, 0xC1, 0x1D, 0x93, 0xBB, 0xFC, 0x37, 0xEE, 0xF8, 0x43, 0xF9,
    0xAC, 0x2F, 0xF9, 0x3C, 0xE8, 0xC4, 0x4D, 0x3B, 0xC5, 0x94, 0x9D, 0x4D, 0xAE, 0x3F, 0xD8, 0x5D,
    0xBF, 0x2F, 0x4B, 0x64, 0x2D, 0xC0, 0x50, 0x27, 0x08, 0xF9, 0x09, 0xE5, 0x3B, 0xB4, 0xED, 0xB3,
    0x52, 0x3E, 0x26, 0x56, 0x84, 0xBE, 0x20, 0xF3, 0x8A, 0xAC, 0xCF, 0xA6, 0x9C, 0x9A, 0xC0, 0x80,
    0xE4, 0x88, 0x2B, 0x9F, 0x21, 0xC1, 0x81, 0x72, 0x49, 0xD5, 0x1D, 0x78, 0xF1, 0x05, 0xEE, 0x43,
    0x4D, 0x8C, 0x0D, 0x5B, 0xE7, 0x36, 0xFB, 0xE0, 0xA6, 0x7B, 0x7E, 0xA3, 0x45, 0xC5, 0x53, 0x54,
    0x55, 0x0E, 0xCE, 0xF4, 0x77, 0xD5, 0xEF, 0x8A, 0x52, 0x57, 0x29, 0xAF, 0x8A, 0x4F, 0x7C, 0x2C,
    0xF1, 0xC9, 0x9D, 0x97, 0xF6, 0xE1, 0xCE, 0x7C, 0xFC, 0x04, 0x62, 0x80, 0x02, 0x76, 0x07, 0x40,
    0x05, 0x72, 0x6C, 0x84, 0x40, 0x08, 0x85, 0x61, 0xF0, 0x83, 0x84, 0x80, 0x1E, 0xA4, 0x04, 0x4A,
    0xF0, 0xC6, 0x86, 0xEC, 0xE0, 0xC0, 0xC6, 0x64, 0xEC, 0x80, 0x12, 0x48, 0xCD, 0x2E, 0x20, 0x20,
    0xC1, 0xDF, 0x79, 0xC9, 0x06, 0x6B, 0xA6, 0x6E, 0x96, 0x09, 0x38, 0x6D, 0xEB, 0x6F, 0x3B, 0xE0,
    0x46, 0xE8, 0x70, 0xE2, 0x27, 0x4E, 0xCF, 0xD7, 0x26, 0x48, 0x1F, 0x1D, 0x49, 0x7A, 0xA8, 0x17,
    0xED, 0xA0, 0xD9, 0x34, 0x93, 0x56, 0xD6, 0x55, 0x34, 0xA2, 0x46, 0x53, 0xF5, 0x92, 0x7E, 0xD0,
    0xA4, 0x05, 0xF9, 0x6A, 0x03, 0x62, 0xBF, 0x57, 0xF0, 0xE3, 0x04, 0x78, 0x2F, 0x33, 0x0F, 0x33,
    0x56, 0xD3, 0x01, 0x7F,
};

static const EpdGlyph notosans_12_italicGlyphs[] = {
    { 0, 0, 0, 0, 0, 0, 0 }, // U+0000
    { 0, 0, 104, 0, 0, 0, 0 }, // U+000D
    { 0, 0, 104, 0, 0, 0, 0 }, // U+0020
    { 7, 18, 104, 0, 18, 32, 0 }, // !
    { 9, 7, 157, 2, 18, 16, 32 }, // "
    { 17, 18, 258, 0, 18, 77, 48 }, // #
    { 14, 21, 220, 0, 19, 74, 125 }, // $
    { 17, 18, 320, 2, 18, 77, 199 }, // %
    { 17, 18, 269, 0, 18, 77, 276 }, // &
    { 4, 7, 88, 2, 18, 7, 353 }, // '
    { 9, 23, 116, 1, 18, 52, 360 }, // (
    { 9, 23, 116, -2, 18, 52, 412 }, // )
    { 13, 13, 220, 2, 20, 43, 464 }, // *
    { 13, 12, 229, 1, 15, 39, 507 }, // +
    { 6, 7, 102, -2, 4, 11, 546 }, // ,
    { 7, 2, 125, 0, 8, 4, 557 }, // -
    { 4, 3, 102, 0, 3, 3, 561 }, // .
    { 14, 18, 142, -2, 18, 63, 564 }, // /
    { 13, 18, 220, 1, 18, 59, 627 }, // 0
    { 9, 18, 220, 3, 18, 41, 686 }, // 1
    { 14, 18, 220, 0, 18, 63, 727 }, // 2
    { 14, 18, 220, 0, 18, 63, 790 }, // 3
    { 14, 18, 220, 0, 18, 63, 853 }, // 4
    { 14, 18, 220, 0, 18, 63, 916 }, // 5
    { 13, 18, 220, 1, 18, 59, 979 }, // 6
    { 13, 18, 220, 2, 18, 59, 1038 }, // 7
    { 13, 18, 220, 1, 18, 59, 1097 }, // 8
    { 13, 18, 220, 1, 18, 59, 1156 }, // 9
    { 6, 14, 102, 0, 14, 21, 1215 }, // :
    { 8, 17, 102, -2, 14, 34, 1236 }, // ;
    { 13, 14, 229, 1, 16, 46, 1270 }, // <
    { 13, 7, 229, 1, 13, 23, 1316 }, // =
    { 13, 14, 229, 1, 16, 46, 1339 }, // >
    { 11, 18, 172, 1, 18, 50, 1385 }, // ?
    { 20, 20, 339, 1, 18, 100, 1435 }, // @
    { 15, 18, 225, -2, 18, 68, 1535 }, // A
    { 14, 18, 240, 1, 18, 63, 1603 }, // B
    { 15, 18, 235, 1, 18, 68, 1666 }, // C
    { 15, 18, 267, 1, 18, 68, 1734 }, // D
    { 13, 18, 206, 1, 18, 59, 1802 }, // E
    { 13, 18, 191, 1, 18, 59, 1861 }, // F
    { 16, 18, 271, 1, 18, 72, 1920 }, // G
    { 17, 18, 272, 1, 18, 77, 1992 }, // H
    { 11, 18, 130, -1, 18, 50, 2069 }, // I
    { 12, 23, 109, -4, 18, 69, 2119 }, // J
    { 16, 18, 225, 1, 18, 72, 2188 }, // K
    { 10, 18, 191, 1, 18, 45, 2260 }, // L
    { 21, 18, 336, 1, 18, 95, 2305 }, // M
    { 17, 18, 283, 1, 18, 77, 2400 }, // N
    { 17, 18, 288, 1, 18, 77, 2477 }, // O
    { 14, 18, 227, 1, 18, 63, 2554 }, // P
    { 17, 22, 288, 1, 18, 94, 2617 }, // Q
    { 14, 18, 229, 1, 18, 63, 2711 }, // R
    { 13, 18, 202, 0, 18, 59, 2774 }, // S
    { 13, 18, 200, 2, 18, 59, 2833 }, // T
    { 17, 18, 271, 1, 18, 77, 2892 }, // U
    { 15, 18, 221, 2, 18, 68, 2969 }, // V
    { 22, 18, 342, 2, 18, 99, 3037 }, // W
    { 18, 18, 211, -2, 18, 81, 3136 }, // X
    { 14, 18, 204, 2, 18, 63, 3217 }, // Y
    { 16, 18, 212, -1, 18, 72, 3280 }, // Z
    { 11, 22, 116, -1, 18, 61, 3352 }, // [
    { 6, 18, 142, 2, 18, 27, 3413 }, // <backslash>
    { 10, 22, 116, -2, 18, 55, 3440 }, // ]
    { 14, 12, 229, 0, 19, 42, 3495 }, // ^
    { 11, 2, 158, -3, -2, 6, 3537 }, // _
    { 5, 4, 111, 3, 20, 5, 3543 }, // `
    { 13, 14, 227, 1, 14, 46, 3548 }, // a
    { 14, 19, 232, 0, 19, 67, 3594 }, // b
    { 11, 14, 181, 1, 14, 39, 3661 }, // c
    { 14, 19, 232, 1, 19, 67, 3700 }, // d
    { 11, 14, 200, 1, 14, 39, 3767 }, // e
    { 15, 25, 127, -3, 19, 94, 3806 }, // f
    { 14, 20, 232, 0, 14, 70, 3900 }, // g
    { 14, 19, 232, 0, 19, 67, 3970 }, // h
    { 7, 18, 103, 0, 18, 32, 4037 }, // i
    { 11, 24, 103, -4, 18, 66, 4069 }, // j
    { 14, 19, 198, 0, 19, 67, 4135 }, // k
    { 7, 19, 103, 0, 19, 34, 4202 }, // l
    { 21, 14, 350, 0, 14, 74, 4236 }, // m
    { 14, 14, 232, 0, 14, 49, 4310 }, // n
    { 12, 14, 225, 1, 14, 42, 4359 }, // o
    { 15, 20, 232, -1, 14, 75, 4401 }, // p
    { 13, 20, 232, 1, 14, 65, 4476 }, // q
    { 11, 14, 159, 0, 14, 39, 4541 }, // r
    { 11, 14, 173, 0, 14, 39, 4580 }, // s
    { 9, 17, 133, 1, 17, 39, 4619 }, // t
    { 13, 14, 232, 1, 14, 46, 4658 }, // u
    { 12, 14, 187, 1, 14, 42, 4704 }, // v
    { 19, 14, 289, 1, 14, 67, 4746 }, // w
    { 14, 14, 193, -1, 14, 49, 4813 }, // x
    { 16, 20, 187, -3, 14, 80, 4862 }, // y
    { 12, 14, 178, -1, 14, 42, 4942 }, // z
    { 10, 22, 140, 0, 18, 55, 4984 }, // {
    { 3, 25, 220, 6, 19, 19, 5039 }, // |
    { 10, 22, 140, -1, 18, 55, 5058 }, // }
    { 13, 3, 229, 1, 10, 10, 5113 }, // ~
    { 0, 0, 104, 0, 0, 0, 0 }, // U+00A0
    { 8, 18, 104, -1, 14, 36, 0 }, // U+00A1
    { 12, 18, 220, 2, 18, 54, 36 }, // U+00A2
    { 16, 18, 220, -1, 18, 72, 90 }, // U+00A3
    { 11, 12, 220, 2, 15, 33, 162 }, // U+00A4
    { 15, 18, 220, 1, 18, 68, 195 }, // U+00A5
    { 3, 25, 220, 6, 19, 19, 263 }, // U+00A6
    { 13, 19, 194, 0, 19, 62, 282 }, // U+00A7
    { 8, 3, 222, 5, 19, 6, 344 }, // U+00A8
    { 19, 19, 333, 1, 19, 91, 350 }, // U+00A9
    { 8, 9, 136, 2, 19, 18, 441 }, // U+00AA
    { 11, 12, 191, 1, 13, 33, 459 }, // U+00AB
    { 13, 7, 229, 1, 10, 23, 492 }, // U+00AC
    { 7, 2, 125, 0, 8, 4, 515 }, // U+00AD
    { 19, 19, 333, 1, 19, 91, 519 }, // U+00AE
    { 11, 2, 157, 2, 21, 6, 610 }, // U+00AF
    { 9, 8, 171, 1, 19, 18, 616 }, // U+00B0
    { 13, 15, 229, 1, 15, 49, 634 }, // U+00B1
    { 9, 11, 141, 1, 21, 25, 683 }, // U+00B2
    { 8, 11, 141, 2, 21, 22, 708 }, // U+00B3
    { 7, 4, 105, 2, 20, 7, 730 }, // U+00B4
    { 15, 20, 234, -1, 14, 75, 737 }, // U+00B5
    { 13, 23, 262, 2, 19, 75, 812 }, // U+00B6
    { 4, 3, 102, 2, 10, 3, 887 }, // U+00B7
    { 6, 6, 82, -3, 0, 9, 890 }, // U+00B8
    { 6, 11, 141, 3, 21, 17, 899 }, // U+00B9
    { 8, 9, 136, 2, 19, 18, 916 }, // U+00BA
    { 11, 12, 191, 0, 13, 33, 934 }, // U+00BB
    { 16, 19, 293, 2, 19, 76, 967 }, // U+00BC
    { 18, 19, 322, 2, 19, 86, 1043 }, // U+00BD
    { 18, 19, 317, 1, 18, 86, 1129 }, // U+00BE
    { 10, 19, 172, -1, 14, 48, 1215 }, // U+00BF
    { 15, 24, 225, -2, 24, 90, 1263 }, // U+00C0
    { 16, 24, 225, -2, 24, 96, 1353 }, // U+00C1
    { 16, 24, 225, -2, 24, 96, 1449 }, // U+00C2
    { 17, 23, 225, -2, 23, 98, 1545 }, // U+00C3
    { 16, 23, 225, -2, 23, 92, 1643 }, // U+00C4
    { 15, 26, 225, -2, 26, 98, 1735 }, // U+00C5
    { 24, 18, 330, -2, 18, 108, 1833 }, // U+00C6
    { 15, 24, 235, 1, 18, 90, 1941 }, // U+00C7
    { 13, 24, 206, 1, 24, 78, 2031 }, // U+00C8
    { 13, 24, 206, 1, 24, 78, 2109 }, // U+00C9
    { 13, 24, 206, 1, 24, 78, 2187 }, // U+00CA
    { 13, 23, 206, 1, 23, 75, 2265 }, // U+00CB
    { 11, 24, 130, -1, 24, 66, 2340 }, // U+00CC
    { 12, 24, 130, -1, 24, 72, 2406 }, // U+00CD
    { 12, 24, 130, -1, 24, 72, 2478 }, // U+00CE
    { 12, 23, 130, -1, 23, 69, 2550 }, // U+00CF
    { 16, 18, 267, 0, 18, 72, 2619 }, // U+00D0
    { 17, 23, 283, 1, 23, 98, 2691 }, // U+00D1
    { 17, 25, 288, 1, 25, 107, 2789 }, // U+00D2
    { 17, 25, 288, 1, 25, 107, 2896 }, // U+00D3
    { 17, 25, 288, 1, 25, 107, 3003 }, // U+00D4
    { 17, 24, 288, 1, 24, 102, 3110 }, // U+00D5
    { 17, 24, 288, 1, 24, 102, 3212 }, // U+00D6
    { 12, 12, 229, 2, 15, 36, 3314 }, // U+00D7
    { 17, 20, 288, 1, 19, 85, 3350 }, // U+00D8
    { 17, 25, 271, 1, 25, 107, 3435 }, // U+00D9
    { 17, 25, 271, 1, 25, 107, 3542 }, // U+00DA
    { 17, 25, 271, 1, 25, 107, 3649 }, // U+00DB
    { 17, 24, 271, 1, 24, 102, 3756 }, // U+00DC
    { 14, 24, 204, 2, 24, 84, 3858 }, // U+00DD
    { 13, 18, 227, 1, 18, 59, 3942 }, // U+00DE
    { 18, 25, 234, -4, 19, 113, 4001 }, // U+00DF
    { 13, 19, 227, 1, 19, 62, 4114 }, // U+00E0
    { 13, 19, 227, 1, 19, 62, 4176 }, // U+00E1
    { 13, 19, 227, 1, 19, 62, 4238 }, // U+00E2
    { 13, 18, 227, 1, 18, 59, 4300 }, // U+00E3
    { 13, 18, 227, 1, 18, 59, 4359 }, // U+00E4
    { 13, 21, 227, 1, 21, 69, 4418 }, // U+00E5
    { 19, 14, 328, 1, 14, 67, 4487 }, // U+00E6
    { 11, 20, 181, 1, 14, 55, 4554 }, // U+00E7
    { 11, 19, 200, 1, 19, 53, 4609 }, // U+00E8
    { 12, 19, 200, 1, 19, 57, 4662 }, // U+00E9
    { 11, 19, 200, 1, 19, 53, 4719 }, // U+00EA
    { 11, 18, 200, 1, 18, 50, 4772 }, // U+00EB
    { 7, 19, 103, 0, 19, 34, 4822 }, // U+00EC
    { 9, 19, 103, 0, 19, 43, 4856 }, // U+00ED
    { 9, 19, 103, 0, 19, 43, 4899 }, // U+00EE
    { 9, 18, 103, 0, 18, 41, 4942 }, // U+00EF
    { 13, 20, 228, 1, 20, 65, 4983 }, // U+00F0
    { 14, 18, 232, 0, 18, 63, 5048 }, // U+00F1
    { 12, 19, 225, 1, 19, 57, 5111 }, // U+00F2
    { 12, 19, 225, 1, 19, 57, 5168 }, // U+00F3
    { 12, 19, 225, 1, 19, 57, 5225 }, // U+00F4
    { 13, 18, 225, 1, 18, 59, 5282 }, // U+00F5
    { 12, 18, 225, 1, 18, 54, 5341 }, // U+00F6
    { 13, 12, 229, 1, 15, 39, 5395 }, // U+00F7
    { 14, 16, 225, 0, 15, 56, 5434 }, // U+00F8
    { 13, 19, 232, 1, 19, 62, 5490 }, // U+00F9
    { 13, 19, 232, 1, 19, 62, 5552 }, // U+00FA
    { 13, 19, 232, 1, 19, 62, 5614 }, // U+00FB
    { 13, 18, 232, 1, 18, 59, 5676 }, // U+00FC
    { 16, 25, 187, -3, 19, 100, 5735 }, // U+00FD
    { 15, 25, 232, -1, 19, 94, 5835 }, // U+00FE
    { 16, 24, 187, -3, 18, 96, 5929 }, // U+00FF
    { 16, 22, 225, -2, 22, 88, 0 }, // U+0100
    { 13, 18, 227, 1, 18, 59, 88 }, // U+0101
    { 16, 24, 225, -2, 24, 96, 147 }, // U+0102
    { 13, 19, 227, 1, 19, 62, 243 }, // U+0103
    { 15, 24, 225, -2, 18, 90, 305 }, // U+0104
    { 13, 20, 227, 1, 14, 65, 395 }, // U+0105
    { 15, 25, 235, 1, 25, 94, 460 }, // U+0106
    { 11, 19, 181, 1, 19, 53, 554 }, // U+0107
    { 15, 25, 235, 1, 25, 94, 607 }, // U+0108
    { 11, 19, 181, 1, 19, 53, 701 }, // U+0109
    { 15, 24, 235, 1, 24, 90, 754 }, // U+010A
    { 11, 18, 181, 1, 18, 50, 844 }, // U+010B
    { 15, 25, 235, 1, 25, 94, 894 }, // U+010C
    { 12, 19, 181, 1, 19, 57, 988 }, // U+010D
    { 15, 24, 267, 1, 24, 90, 1045 }, // U+010E
    { 19, 19, 245, 1, 19, 91, 1135 }, // U+010F
    { 16, 18, 267, 0, 18, 72, 1226 }, // U+0110
    { 16, 19, 232, 1, 19, 76, 1298 }, // U+0111
    { 13, 22, 206, 1, 22, 72, 1374 }, // U+0112
    { 11, 18, 200, 1, 18, 50, 1446 }, // U+0113
    { 13, 24, 206, 1, 24, 78, 1496 }, // U+0114
    { 12, 19, 200, 1, 19, 57, 1574 }, // U+0115
    { 13, 23, 206, 1, 23, 75, 1631 }, // U+0116
    { 11, 18, 200, 1, 18, 50, 1706 }, // U+0117
    { 13, 24, 206, 1, 18, 78, 1756 }, // U+0118
    { 11, 20, 200, 1, 14, 55, 1834 }, // U+0119
    { 14, 24, 206, 1, 24, 84, 1889 }, // U+011A
    { 12, 19, 200, 1, 19, 57, 1973 }, // U+011B
    { 16, 25, 271, 1, 25, 100, 2030 }, // U+011C
    { 14, 25, 232, 0, 19, 88, 2130 }, // U+011D
    { 16, 24, 271, 1, 24, 96, 2218 }, // U+011E
    { 14, 25, 232, 0, 19, 88, 2314 }, // U+011F
    { 16, 24, 271, 1, 24, 96, 2402 }, // U+0120
    { 14, 24, 232, 0, 18, 84, 2498 }, // U+0121
    { 16, 24, 271, 1, 18, 96, 2582 }, // U+0122
    { 14, 25, 232, 0, 19, 88, 2678 }, // U+0123
    { 17, 24, 272, 1, 24, 102, 2766 }, // U+0124
    { 14, 26, 232, 0, 26, 91, 2868 }, // U+0125
    { 18, 18, 272, 1, 18, 81, 2959 }, // U+0126
    { 14, 19, 232, 0, 19, 67, 3040 }, // U+0127
    { 13, 23, 130, -1, 23, 75, 3107 }, // U+0128
    { 10, 18, 103, 0, 18, 45, 3182 }, // U+0129
    { 12, 22, 130, -1, 22, 66, 3227 }, // U+012A
    { 9, 17, 103, 0, 17, 39, 3293 }, // U+012B
    { 12, 24, 130, -1, 24, 72, 3332 }, // U+012C
    { 10, 19, 103, 0, 19, 48, 3404 }, // U+012D
    { 11, 24, 130, -1, 18, 66, 3452 }, // U+012E
    { 8, 24, 103, -1, 18, 48, 3518 }, // U+012F
    { 11, 23, 130, -1, 23, 64, 3566 }, // U+0130
    { 6, 14, 103, 0, 14, 21, 3630 }, // U+0131
    { 17, 23, 239, -1, 18, 98, 3651 }, // U+0132
    { 14, 24, 206, 0, 18, 84, 3749 }, // U+0133
    { 14, 29, 109, -4, 24, 102, 3833 }, // U+0134
    { 13, 25, 103, -4, 19, 82, 3935 }, // U+0135
    { 16, 24, 225, 1, 18, 96, 4017 }, // U+0136
    { 14, 25, 198, 0, 19, 88, 4113 }, // U+0137
    { 14, 14, 198, 0, 14, 49, 4201 }, // U+0138
    { 10, 24, 191, 1, 24, 60, 4250 }, // U+0139
    { 11, 26, 103, 0, 26, 72, 4310 }, // U+013A
    { 10, 24, 191, 1, 18, 60, 4382 }, // U+013B
    { 8, 25, 103, -1, 19, 50, 4442 }, // U+013C
    { 12, 18, 191, 1, 18, 54, 4492 }, // U+013D
    { 11, 19, 115, 0, 19, 53, 4546 }, // U+013E
    { 10, 18, 191, 1, 18, 45, 4599 }, // U+013F
    { 9, 19, 119, 0, 19, 43, 4644 }, // U+0140
    { 11, 18, 191, 0, 18, 50, 4687 }, // U+0141
    { 8, 19, 103, 0, 19, 38, 4737 }, // U+0142
    { 17, 24, 283, 1, 24, 102, 4775 }, // U+0143
    { 14, 19, 232, 0, 19, 67, 4877 }, // U+0144
    { 17, 24, 283, 1, 18, 102, 4944 }, // U+0145
    { 14, 20, 232, 0, 14, 70, 5046 }, // U+0146
    { 17, 24, 283, 1, 24, 102, 5116 }, // U+0147
    { 14, 19, 232, 0, 19, 67, 5218 }, // U+0148
    { 15, 18, 263, 1, 18, 68, 5285 }, // U+0149
    { 17, 23, 283, 1, 18, 98, 5353 }, // U+014A
    { 14, 20, 232, 0, 14, 70, 5451 }, // U+014B
    { 17, 22, 288, 1, 22, 94, 5521 }, // U+014C
    { 12, 18, 225, 1, 18, 54, 5615 }, // U+014D
    { 17, 24, 288, 1, 24, 102, 5669 }, // U+014E
    { 12, 19, 225, 1, 19, 57, 5771 }, // U+014F
    { 18, 24, 288, 1, 24, 108, 5828 }, // U+0150
    { 14, 19, 225, 1, 19, 67, 5936 }, // U+0151
    { 22, 18, 344, 1, 18, 99, 6003 }, // U+0152
    { 20, 14, 346, 1, 14, 70, 6102 }, // U+0153
    { 14, 24, 229, 1, 24, 84, 6172 }, // U+0154
    { 12, 19, 159, 0, 19, 57, 6256 }, // U+0155
    { 14, 24, 229, 1, 18, 84, 6313 }, // U+0156
    { 12, 20, 159, -1, 14, 60, 6397 }, // U+0157
    { 14, 24, 229, 1, 24, 84, 6457 }, // U+0158
    { 13, 19, 159, 0, 19, 62, 6541 }, // U+0159
    { 13, 25, 202, 0, 25, 82, 6603 }, // U+015A
    { 11, 19, 173, 0, 19, 53, 6685 }, // U+015B
    { 13, 25, 202, 0, 25, 82, 6738 }, // U+015C
    { 11, 19, 173, 0, 19, 53, 6820 }, // U+015D
    { 13, 24, 202, 0, 18, 78, 6873 }, // U+015E
    { 11, 20, 173, 0, 14, 55, 6951 }, // U+015F
    { 14, 25, 202, 0, 25, 88, 7006 }, // U+0160
    { 12, 19, 173, 0, 19, 57, 7094 }, // U+0161
    { 14, 24, 200, 1, 18, 84, 7151 }, // U+0162
    { 10, 23, 133, 0, 17, 58, 7235 }, // U+0163
    { 13, 24, 200, 2, 24, 78, 0 }, // U+0164
    { 11, 19, 133, 1, 19, 53, 78 }, // U+0165
    { 13, 18, 200, 2, 18, 59, 131 }, // U+0166
    { 10, 17, 133, 0, 17, 43, 190 }, // U+0167
    { 17, 24, 271, 1, 24, 102, 233 }, // U+0168
    { 13, 18, 232, 1, 18, 59, 335 }, // U+0169
    { 17, 22, 271, 1, 22, 94, 394 }, // U+016A
    { 13, 18, 232, 1, 18, 59, 488 }, // U+016B
    { 17, 24, 271, 1, 24, 102, 547 }, // U+016C
    { 13, 19, 232, 1, 19, 62, 649 }, // U+016D
    { 17, 26, 271, 1, 26, 111, 711 }, // U+016E
    { 13, 21, 232, 1, 21, 69, 822 }, // U+016F
    { 17, 24, 271, 1, 24, 102, 891 }, // U+0170
    { 15, 19, 232, 1, 19, 72, 993 }, // U+0171
    { 17, 24, 271, 1, 18, 102, 1065 }, // U+0172
    { 13, 20, 232, 1, 14, 65, 1167 }, // U+0173
    { 22, 24, 342, 2, 24, 132, 1232 }, // U+0174
    { 19, 19, 289, 1, 19, 91, 1364 }, // U+0175
    { 14, 24, 204, 2, 24, 84, 1455 }, // U+0176
    { 16, 25, 187, -3, 19, 100, 1539 }, // U+0177
    { 14, 23, 204, 2, 23, 81, 1639 }, // U+0178
    { 16, 24, 212, -1, 24, 96, 1720 }, // U+0179
    { 13, 19, 178, -1, 19, 62, 1816 }, // U+017A
    { 16, 23, 212, -1, 23, 92, 1878 }, // U+017B
    { 12, 18, 178, -1, 18, 54, 1970 }, // U+017C
    { 16, 24, 212, -1, 24, 96, 2024 }, // U+017D
    { 13, 19, 178, -1, 19, 62, 2120 }, // U+017E
    { 15, 25, 113, -4, 19, 94, 2182 }, // U+017F
    { 20, 19, 288, 1, 19, 95, 0 }, // U+01A0
    { 16, 16, 227, 1, 16, 64, 95 }, // U+01A1
    { 21, 19, 291, 1, 19, 100, 159 }, // U+01AF
    { 18, 16, 250, 1, 16, 72, 259 }, // U+01B0
    { 30, 24, 479, 1, 24, 180, 331 }, // U+01C4
    { 28, 19, 445, 1, 19, 133, 511 }, // U+01C5
    { 26, 19, 410, 1, 19, 124, 644 }, // U+01C6
    { 18, 23, 300, 1, 18, 104, 768 }, // U+01C7
    { 18, 24, 294, 1, 18, 108, 872 }, // U+01C8
    { 14, 25, 206, 0, 19, 88, 980 }, // U+01C9
    { 24, 23, 392, 1, 18, 138, 1068 }, // U+01CA
    { 24, 24, 386, 1, 18, 144, 1206 }, // U+01CB
    { 22, 24, 335, 0, 18, 132, 1350 }, // U+01CC
    { 17, 24, 225, -2, 24, 102, 1482 }, // U+01CD
    { 13, 19, 227, 1, 19, 62, 1584 }, // U+01CE
    { 13, 24, 130, -1, 24, 78, 1646 }, // U+01CF
    { 10, 19, 103, 0, 19, 48, 1724 }, // U+01D0
    { 17, 25, 288, 1, 25, 107, 1772 }, // U+01D1
    { 12, 19, 225, 1, 19, 57, 1879 }, // U+01D2
    { 17, 25, 271, 1, 25, 107, 1936 }, // U+01D3
    { 13, 19, 232, 1, 19, 62, 2043 }, // U+01D4
    { 17, 26, 271, 1, 26, 111, 2105 }, // U+01D5
    { 13, 22, 232, 1, 22, 72, 2216 }, // U+01D6
    { 17, 27, 271, 1, 27, 115, 2288 }, // U+01D7
    { 13, 23, 232, 1, 23, 75, 2403 }, // U+01D8
    { 17, 28, 271, 1, 28, 119, 2478 }, // U+01D9
    { 14, 24, 232, 1, 24, 84, 2597 }, // U+01DA
    { 17, 27, 271, 1, 27, 115, 2681 }, // U+01DB
    { 13, 23, 232, 1, 23, 75, 2796 }, // U+01DC
    { 12, 14, 197, 0, 14, 42, 2871 }, // U+01DD
    { 17, 26, 225, -2, 26, 111, 2913 }, // U+01DE
    { 13, 22, 227, 1, 22, 72, 3024 }, // U+01DF
    { 17, 26, 225, -2, 26, 111, 3096 }, // U+01E0
    { 13, 22, 227, 1, 22, 72, 3207 }, // U+01E1
    { 24, 22, 330, -2, 22, 132, 3279 }, // U+01E2
    { 19, 18, 328, 1, 18, 86, 3411 }, // U+01E3
    { 16, 18, 271, 1, 18, 72, 3497 }, // U+01E4
    { 14, 20, 202, 0, 14, 70, 3569 }, // U+01E5
    { 16, 25, 271, 1, 25, 100, 3639 }, // U+01E6
    { 14, 25, 232, 0, 19, 88, 3739 }, // U+01E7
    { 16, 24, 225, 1, 24, 96, 3827 }, // U+01E8
    { 14, 26, 198, 0, 26, 91, 3923 }, // U+01E9
    { 17, 24, 288, 1, 18, 102, 4014 }, // U+01EA
    { 12, 20, 225, 1, 14, 60, 4116 }, // U+01EB
    { 17, 28, 288, 1, 22, 119, 4176 }, // U+01EC
    { 12, 24, 225, 1, 18, 72, 4295 }, // U+01ED
    { 14, 24, 212, 0, 24, 84, 4367 }, // U+01EE
    { 14, 25, 186, -2, 19, 88, 4451 }, // U+01EF
    { 14, 25, 103, -4, 19, 88, 4539 }, // U+01F0
    { 30, 18, 479, 1, 18, 135, 4627 }, // U+01F1
    { 27, 18, 445, 1, 18, 122, 4762 }, // U+01F2
    { 25, 19, 410, 1, 19, 119, 4884 }, // U+01F3
    { 16, 25, 271, 1, 25, 100, 5003 }, // U+01F4
    { 14, 25, 232, 0, 19, 88, 5103 }, // U+01F5
    { 21, 18, 359, 1, 18, 95, 5191 }, // U+01F6
    { 17, 24, 252, -1, 18, 102, 5286 }, // U+01F7
    { 17, 24, 283, 1, 24, 102, 5388 }, // U+01F8
    { 14, 19, 232, 0, 19, 67, 5490 }, // U+01F9
    { 16, 25, 225, -2, 25, 100, 5557 }, // U+01FA
    { 13, 25, 227, 1, 25, 82, 5657 }, // U+01FB
    { 24, 24, 330, -2, 24, 144, 5739 }, // U+01FC
    { 19, 19, 328, 1, 19, 91, 5883 }, // U+01FD
    { 17, 25, 288, 1, 24, 107, 5974 }, // U+01FE
    { 14, 20, 225, 0, 19, 70, 6081 }, // U+01FF
    { 15, 24, 225, -2, 24, 90, 6151 }, // U+0200
    { 13, 19, 227, 1, 19, 62, 6241 }, // U+0201
    { 16, 24, 225, -2, 24, 96, 6303 }, // U+0202
    { 13, 19, 227, 1, 19, 62, 6399 }, // U+0203
    { 13, 24, 206, 1, 24, 78, 6461 }, // U+0204
    { 11, 19, 200, 1, 19, 53, 6539 }, // U+0205
    { 13, 24, 206, 1, 24, 78, 6592 }, // U+0206
    { 11, 19, 200, 1, 19, 53, 6670 }, // U+0207
    { 11, 24, 130, -1, 24, 66, 6723 }, // U+0208
    { 9, 19, 103, -1, 19, 43, 6789 }, // U+0209
    { 12, 24, 130, -1, 24, 72, 6832 }, // U+020A
    { 9, 19, 103, 0, 19, 43, 6904 }, // U+020B
    { 17, 25, 288, 1, 25, 107, 6947 }, // U+020C
    { 12, 19, 225, 1, 19, 57, 7054 }, // U+020D
    { 17, 24, 288, 1, 24, 102, 7111 }, // U+020E
    { 12, 19, 225, 1, 19, 57, 7213 }, // U+020F
    { 14, 24, 229, 1, 24, 84, 7270 }, // U+0210
    { 11, 19, 159, 0, 19, 53, 0 }, // U+0211
    { 14, 24, 229, 1, 24, 84, 53 }, // U+0212
    { 12, 19, 159, 0, 19, 57, 137 }, // U+0213
    { 17, 25, 271, 1, 25, 107, 194 }, // U+0214
    { 13, 19, 232, 1, 19, 62, 301 }, // U+0215
    { 17, 24, 271, 1, 24, 102, 363 }, // U+0216
    { 13, 19, 232, 1, 19, 62, 465 }, // U+0217
    { 13, 24, 202, 0, 18, 78, 527 }, // U+0218
    { 11, 20, 173, 0, 14, 55, 605 }, // U+0219
    { 13, 24, 200, 2, 18, 78, 660 }, // U+021A
    { 10, 23, 133, 0, 17, 58, 738 }, // U+021B
    { 17, 24, 230, -2, 18, 102, 796 }, // U+021C
    { 14, 21, 198, -2, 14, 74, 898 }, // U+021D
    { 17, 24, 272, 1, 24, 102, 972 }, // U+021E
    { 14, 26, 232, 0, 26, 91, 1074 }, // U+021F
    { 5, 4, 0, -10, 20, 5, 0 }, // U+0300
    { 6, 4, 0, -6, 20, 6, 5 }, // U+0301
    { 9, 4, 0, -3, 20, 9, 11 }, // U+0302
    { 10, 3, 0, -11, 19, 8, 20 }, // U+0303
    { 8, 2, 0, -2, 18, 4, 28 }, // U+0304
    { 11, 2, 0, -3, 22, 6, 32 }, // U+0305
    { 8, 4, 0, -2, 20, 8, 38 }, // U+0306
    { 4, 3, 0, 0, 19, 3, 46 }, // U+0307
    { 8, 3, 0, -2, 19, 6, 49 }, // U+0308
    { 6, 7, 0, -8, 22, 11, 55 }, // U+0309
    { 7, 6, 0, -1, 22, 11, 66 }, // U+030A
    { 10, 4, 0, -2, 20, 10, 77 }, // U+030B
    { 9, 4, 0, -2, 20, 9, 87 }, // U+030C
    { 4, 7, 0, 0, 20, 7, 96 }, // U+030D
    { 8, 4, 0, -2, 19, 8, 103 }, // U+030E
    { 10, 4, 0, -13, 20, 10, 111 }, // U+030F
    { 9, 6, 0, -2, 22, 14, 121 }, // U+0310
    { 8, 4, 0, -2, 19, 8, 135 }, // U+0311
    { 6, 7, 0, -1, 19, 11, 143 }, // U+0312
    { 6, 7, 0, -1, 19, 11, 154 }, // U+0313
    { 4, 6, 0, 0, 18, 6, 165 }, // U+0314
    { 6, 7, 0, -1, 19, 11, 171 }, // U+0315
    { 5, 4, 0, -5, -1, 5, 182 }, // U+0316
    { 6, 4, 0, -4, -1, 6, 187 }, // U+0317
    { 6, 5, 0, -5, -1, 8, 193 }, // U+0318
    { 6, 5, 0, -5, -1, 8, 201 }, // U+0319
    { 8, 8, 130, 2, 20, 16, 209 }, // U+031A
    { 6, 6, 0, -1, 19, 9, 225 }, // U+031B
    { 5, 6, 0, -2, 0, 8, 234 }, // U+031C
    { 6, 4, 0, -5, -1, 6, 242 }, // U+031D
    { 7, 5, 0, -5, -1, 9, 248 }, // U+031E
    { 6, 6, 0, -5, 0, 9, 257 }, // U+031F
    { 6, 2, 0, -5, -2, 3, 266 }, // U+0320
    { 6, 7, 0, -5, 1, 11, 269 }, // U+0321
    { 5, 7, 0, -3, 1, 9, 280 }, // U+0322
    { 4, 3, 0, -11, -1, 3, 289 }, // U+0323
    { 8, 3, 0, -6, -1, 6, 292 }, // U+0324
    { 6, 5, 0, -5, -1, 8, 298 }, // U+0325
    { 5, 4, 0, 1, -2, 5, 306 }, // U+0326
    { 6, 6, 0, -5, 0, 9, 311 }, // U+0327
    { 5, 6, 0, -4, 0, 8, 320 }, // U+0328
    { 4, 7, 0, -4, -1, 7, 328 }, // U+0329
    { 10, 5, 0, -7, -1, 13, 335 }, // U+032A
    { 11, 4, 0, -7, -1, 11, 348 }, // U+032B
    { 9, 4, 0, -6, -1, 9, 359 }, // U+032C
    { 8, 4, 0, -6, -1, 8, 368 }, // U+032D
    { 9, 4, 0, -6, -1, 9, 376 }, // U+032E
    { 8, 4, 0, -6, -1, 8, 385 }, // U+032F
    { 10, 3, 0, -7, -2, 8, 393 }, // U+0330
    { 8, 2, 0, -6, -2, 4, 401 }, // U+0331
    { 12, 2, 0, -8, -2, 6, 405 }, // U+0332
    { 12, 5, 0, -8, -1, 15, 411 }, // U+0333
    { 10, 3, 0, -5, 8, 8, 426 }, // U+0334
    { 10, 2, 0, -5, 9, 5, 434 }, // U+0335
    { 18, 2, 0, -9, 8, 9, 439 }, // U+0336
    { 8, 7, 0, -4, 11, 14, 448 }, // U+0337
    { 14, 21, 0, -7, 20, 74, 462 }, // U+0338
    { 4, 6, 0, -2, 0, 6, 536 }, // U+0339
    { 10, 5, 0, -7, -1, 13, 542 }, // U+033A
    { 10, 5, 0, -7, -1, 13, 555 }, // U+033B
    { 10, 4, 0, -7, -1, 10, 568 }, // U+033C
    { 7, 6, 0, -1, 20, 11, 578 }, // U+033D
    { 6, 8, 0, -1, 23, 12, 589 }, // U+033E
    { 12, 5, 0, -3, 24, 15, 601 }, // U+033F
    { 6, 4, 0, -2, 20, 6, 616 }, // U+0340
    { 7, 4, 0, 0, 20, 7, 622 }, // U+0341
    { 10, 3, 0, 4, 19, 8, 629 }, // U+0342
    { 5, 5, 0, 0, 20, 7, 637 }, // U+0343
    { 10, 6, 0, -3, 21, 15, 644 }, // U+0344
    { 4, 4, 0, -3, -2, 4, 659 }, // U+0345
    { 12, 5, 0, -4, 20, 15, 663 }, // U+0346
    { 12, 5, 0, -8, -1, 15, 678 }, // U+0347
    { 8, 4, 0, -6, -1, 8, 693 }, // U+0348
    { 5, 5, 0, -4, -1, 7, 701 }, // U+0349
    { 10, 5, 0, -3, 20, 13, 708 }, // U+034A
    { 11, 9, 0, -3, 24, 25, 721 }, // U+034B
    { 11, 7, 0, -3, 23, 20, 746 }, // U+034C
    { 10, 6, 0, -7, 0, 15, 766 }, // U+034D
    { 5, 6, 0, -4, 0, 8, 781 }, // U+034E
    { 18, 19, 0, -9, 18, 86, 789 }, // U+034F
    { 5, 5, 0, 0, 20, 7, 875 }, // U+0350
    { 4, 6, 0, 3, 21, 6, 882 }, // U+0351
    { 8, 6, 0, -2, 22, 12, 888 }, // U+0352
    { 5, 6, 0, -4, 0, 8, 900 }, // U+0353
    { 5, 5, 0, -4, -1, 7, 908 }, // U+0354
    { 5, 5, 0, -4, -1, 7, 915 }, // U+0355
    { 10, 5, 0, -6, -1, 13, 922 }, // U+0356
    { 4, 6, 0, 2, 21, 6, 935 }, // U+0357
    { 4, 3, 0, 0, 19, 3, 941 }, // U+0358
    { 6, 6, 0, -5, -1, 9, 944 }, // U+0359
    { 10, 5, 0, -7, -1, 13, 953 }, // U+035A
    { 5, 5, 0, 0, 20, 7, 966 }, // U+035B
    { 19, 5, 0, -11, -1, 24, 973 }, // U+035C
    { 18, 5, 0, -7, 20, 23, 997 }, // U+035D
    { 14, 2, 0, -5, 18, 7, 1020 }, // U+035E
    { 14, 2, 0, -9, -2, 7, 1027 }, // U+035F
    { 19, 3, 0, -7, 19, 15, 1034 }, // U+0360
    { 19, 5, 0, -7, 22, 24, 1049 }, // U+0361
    { 19, 6, 0, -12, 0, 29, 1073 }, // U+0362
    { 7, 6, 0, -1, 22, 11, 1102 }, // U+0363
    { 5, 6, 0, 0, 22, 8, 1113 }, // U+0364
    { 4, 8, 0, 1, 23, 8, 1121 }, // U+0365
    { 7, 6, 0, -1, 22, 11, 1129 }, // U+0366
    { 7, 6, 0, -1, 22, 11, 1140 }, // U+0367
    { 6, 6, 0, 0, 22, 9, 1151 }, // U+0368
    { 7, 8, 0, -1, 24, 14, 1160 }, // U+0369
    { 7, 8, 0, -1, 24, 14, 1174 }, // U+036A
    { 10, 6, 0, -3, 22, 15, 1188 }, // U+036B
    { 6, 6, 0, 0, 22, 9, 1203 }, // U+036C
    { 4, 7, 0, 1, 23, 7, 1212 }, // U+036D
    { 6, 5, 0, 0, 21, 8, 1219 }, // U+036E
    { 7, 6, 0, -1, 22, 11, 1227 }, // U+036F
    { 14, 25, 203, 0, 25, 88, 0 }, // U+0400
    { 14, 23, 203, 0, 23, 81, 88 }, // U+0401
    { 14, 18, 266, 2, 18, 63, 169 }, // U+0402
    { 14, 25, 189, 0, 25, 88, 232 }, // U+0403
    { 15, 18, 232, 1, 18, 68, 320 }, // U+0404
    { 13, 18, 202, 0, 18, 59, 388 }, // U+0405
    { 7, 18, 108, 0, 18, 32, 447 }, // U+0406
    { 10, 23, 108, 0, 23, 58, 479 }, // U+0407
    { 12, 23, 109, -4, 18, 69, 537 }, // U+0408
    { 24, 18, 371, -1, 18, 108, 606 }, // U+0409
    { 22, 18, 368, 0, 18, 99, 714 }, // U+040A
    { 14, 18, 272, 2, 18, 63, 813 }, // U+040B
    { 17, 25, 225, 0, 25, 107, 876 }, // U+040C
    { 18, 25, 275, 0, 25, 113, 983 }, // U+040D
    { 17, 24, 225, 0, 24, 102, 1096 }, // U+040E
    { 17, 22, 265, 0, 18, 94, 1198 }, // U+040F
    { 15, 18, 228, -2, 18, 68, 1292 }, // U+0410
    { 15, 18, 221, 0, 18, 68, 1360 }, // U+0411
    { 15, 18, 235, 0, 18, 68, 1428 }, // U+0412
    { 14, 18, 189, 0, 18, 63, 1496 }, // U+0413
    { 21, 23, 276, -3, 18, 121, 1559 }, // U+0414
    { 14, 18, 203, 0, 18, 63, 1680 }, // U+0415
    { 25, 18, 321, -2, 18, 113, 1743 }, // U+0416
    { 14, 18, 209, -1, 18, 63, 1856 }, // U+0417
    { 18, 18, 275, 0, 18, 81, 1919 }, // U+0418
    { 18, 24, 275, 0, 24, 108, 2000 }, // U+0419
    { 17, 18, 225, 0, 18, 77, 2108 }, // U+041A
    { 18, 18, 268, -1, 18, 81, 2185 }, // U+041B
    { 21, 18, 336, 0, 18, 95, 2266 }, // U+041C
    { 17, 18, 270, 0, 18, 77, 2361 }, // U+041D
    { 16, 18, 278, 1, 18, 72, 2438 }, // U+041E
    { 17, 18, 266, 0, 18, 77, 2510 }, // U+041F
    { 15, 18, 219, 0, 18, 68, 2587 }, // U+0420
    { 15, 18, 232, 1, 18, 68, 2655 }, // U+0421
    { 13, 18, 209, 2, 18, 59, 2723 }, // U+0422
    { 17, 18, 225, 0, 18, 77, 2782 }, // U+0423
    { 19, 18, 315, 1, 18, 86, 2859 }, // U+0424
    { 18, 18, 214, -2, 18, 81, 2945 }, // U+0425
    { 17, 22, 271, 0, 18, 94, 3026 }, // U+0426
    { 14, 18, 249, 2, 18, 63, 3120 }, // U+0427
    { 24, 18, 381, 0, 18, 108, 3183 }, // U+0428
    { 24, 22, 387, 0, 18, 132, 3291 }, // U+0429
    { 13, 18, 254, 2, 18, 59, 3423 }, // U+042A
    { 20, 18, 317, 0, 18, 90, 3482 }, // U+042B
    { 13, 18, 219, 0, 18, 59, 3572 }, // U+042C
    { 15, 18, 234, 0, 18, 68, 3631 }, // U+042D
    { 23, 18, 376, 0, 18, 104, 3699 }, // U+042E
    { 16, 18, 231, -1, 18, 72, 3803 }, // U+042F
    { 13, 14, 226, 1, 14, 46, 3875 }, // U+0430
    { 14, 21, 222, 1, 21, 74, 3921 }, // U+0431
    { 13, 14, 207, 0, 14, 46, 3995 }, // U+0432
    { 11, 14, 184, 0, 14, 39, 4041 }, // U+0433
    { 13, 20, 223, 1, 20, 65, 4080 }, // U+0434
    { 11, 14, 196, 1, 14, 39, 4145 }, // U+0435
    { 24, 14, 351, -1, 14, 84, 4184 }, // U+0436
    { 11, 14, 178, 0, 14, 39, 4268 }, // U+0437
    { 13, 14, 228, 1, 14, 46, 4307 }, // U+0438
    { 13, 20, 228, 1, 20, 65, 4353 }, // U+0439
    { 14, 14, 202, 0, 14, 49, 4418 }, // U+043A
    { 16, 14, 226, -2, 14, 56, 4467 }, // U+043B
    { 19, 14, 298, 0, 14, 67, 4523 }, // U+043C
    { 14, 14, 229, 0, 14, 49, 4590 }, // U+043D
    { 14, 14, 224, 0, 14, 49, 4639 }, // U+043E
    { 13, 14, 226, 0, 14, 46, 4688 }, // U+043F
    { 15, 20, 229, -1, 14, 75, 4734 }, // U+0440
    { 12, 14, 184, 0, 14, 42, 4809 }, // U+0441
    { 21, 14, 346, 0, 14, 74, 4851 }, // U+0442
    { 17, 20, 195, -3, 14, 85, 4925 }, // U+0443
    { 16, 26, 268, 0, 20, 104, 5010 }, // U+0444
    { 15, 14, 183, -2, 14, 53, 5114 }, // U+0445
    { 13, 18, 238, 1, 14, 59, 5167 }, // U+0446
    { 13, 14, 222, 1, 14, 46, 5226 }, // U+0447
    { 21, 14, 346, 1, 14, 74, 5272 }, // U+0448
    { 21, 18, 356, 1, 14, 95, 5346 }, // U+0449
    { 13, 14, 239, 1, 14, 46, 5441 }, // U+044A
    { 17, 14, 293, 1, 14, 60, 5487 }, // U+044B
    { 11, 14, 205, 1, 14, 39, 5547 }, // U+044C
    { 11, 14, 190, 0, 14, 39, 5586 }, // U+044D
    { 19, 14, 310, 0, 14, 67, 5625 }, // U+044E
    { 14, 14, 204, -1, 14, 49, 5692 }, // U+044F
    { 11, 20, 196, 1, 20, 55, 5741 }, // U+0450
    { 12, 18, 196, 1, 18, 54, 5796 }, // U+0451
    { 13, 26, 230, 0, 20, 85, 5850 }, // U+0452
    { 12, 20, 184, 0, 20, 60, 5935 }, // U+0453
    { 12, 14, 185, 0, 14, 42, 5995 }, // U+0454
    { 11, 14, 173, 0, 14, 39, 6037 }, // U+0455
    { 7, 18, 103, 0, 18, 32, 6076 }, // U+0456
    { 9, 18, 99, 0, 18, 41, 6108 }, // U+0457
    { 11, 24, 99, -4, 18, 66, 6149 }, // U+0458
    { 22, 14, 326, -2, 14, 77, 6215 }, // U+0459
    { 19, 14, 323, 0, 14, 67, 6292 }, // U+045A
    { 14, 20, 230, 0, 20, 70, 6359 }, // U+045B
    { 14, 20, 202, 0, 20, 70, 6429 }, // U+045C
    { 13, 20, 228, 1, 20, 65, 6499 }, // U+045D
    { 17, 26, 195, -3, 20, 111, 6564 }, // U+045E
    { 13, 19, 228, 1, 14, 62, 6675 }, // U+045F
    { 23, 18, 368, 2, 18, 104, 6737 }, // U+0460
    { 20, 14, 316, 1, 14, 70, 6841 }, // U+0461
    { 13, 18, 235, 1, 18, 59, 6911 }, // U+0462
    { 20, 14, 334, 0, 14, 70, 6970 }, // U+0463
    { 22, 18, 345, 1, 18, 99, 7040 }, // U+0464
    { 18, 14, 277, 0, 14, 63, 7139 }, // U+0465
    { 16, 18, 243, -2, 18, 72, 7202 }, // U+0466
    { 14, 14, 214, -2, 14, 49, 7274 }, // U+0467
    { 19, 18, 340, 1, 18, 86, 0 }, // U+0468
    { 17, 14, 292, 0, 14, 60, 86 }, // U+0469
    { 19, 18, 266, -1, 18, 86, 146 }, // U+046A
    { 17, 14, 240, -2, 14, 60, 232 }, // U+046B
    { 23, 18, 368, 1, 18, 104, 292 }, // U+046C
    { 20, 14, 321, 0, 14, 70, 396 }, // U+046D
    { 15, 28, 215, -1, 22, 105, 466 }, // U+046E
    { 14, 23, 182, -2, 18, 81, 571 }, // U+046F
    { 19, 18, 297, 2, 18, 86, 652 }, // U+0470
    { 16, 26, 289, 1, 20, 104, 738 }, // U+0471
    { 17, 18, 288, 1, 18, 77, 842 }, // U+0472
    { 12, 14, 225, 1, 14, 42, 919 }, // U+0473
    { 15, 18, 227, 2, 18, 68, 961 }, // U+0474
    { 13, 14, 180, 1, 14, 46, 1029 }, // U+0475
    { 15, 25, 227, 2, 25, 94, 1075 }, // U+0476
    { 13, 20, 180, 1, 20, 65, 1169 }, // U+0477
    { 30, 24, 475, 1, 18, 180, 1234 }, // U+0478
    { 26, 20, 412, 1, 14, 130, 1414 }, // U+0479
    { 17, 22, 296, 1, 20, 94, 1544 }, // U+047A
    { 13, 17, 233, 1, 16, 56, 1638 }, // U+047B
    { 23, 27, 384, 1, 27, 156, 1694 }, // U+047C
    { 18, 23, 319, 1, 23, 104, 1850 }, // U+047D
    { 23, 23, 368, 2, 23, 133, 1954 }, // U+047E
    { 20, 18, 316, 1, 18, 90, 2087 }, // U+047F
    { 15, 24, 235, 1, 18, 90, 2177 }, // U+0480
    { 11, 20, 181, 1, 14, 55, 2267 }, // U+0481
    { 14, 18, 244, 1, 17, 63, 2322 }, // U+0482
    { 10, 5, 0, -10, 19, 13, 2385 }, // U+0483
    { 10, 3, 0, -10, 19, 8, 2398 }, // U+0484
    { 4, 5, 0, -7, 20, 5, 2406 }, // U+0485
    { 4, 5, 0, -7, 20, 5, 2411 }, // U+0486
    { 10, 3, 0, -2, 23, 8, 2416 }, // U+0487
    { 30, 27, 0, -15, 20, 203, 2424 }, // U+0488
    { 28, 28, 0, -14, 21, 196, 2627 }, // U+0489
    { 17, 29, 284, 1, 24, 124, 2823 }, // U+048A
    { 13, 25, 233, 1, 20, 82, 2947 }, // U+048B
    { 12, 18, 222, 1, 18, 54, 3029 }, // U+048C
    { 11, 20, 209, 1, 20, 55, 3083 }, // U+048D
    { 14, 18, 227, 1, 18, 63, 3138 }, // U+048E
    { 15, 20, 232, -1, 14, 75, 3201 }, // U+048F
    { 14, 22, 191, 1, 22, 77, 3276 }, // U+0490
    { 12, 18, 156, 0, 18, 54, 3353 }, // U+0491
    { 14, 18, 190, 0, 18, 63, 3407 }, // U+0492
    { 11, 14, 156, 0, 14, 39, 3470 }, // U+0493
    { 13, 24, 244, 1, 18, 78, 3509 }, // U+0494
    { 11, 20, 199, 0, 14, 55, 3587 }, // U+0495
    { 24, 23, 332, -2, 18, 138, 3642 }, // U+0496
    { 23, 19, 340, -1, 14, 110, 3780 }, // U+0497
    { 14, 24, 209, -1, 18, 84, 3890 }, // U+0498
    { 11, 20, 178, 0, 14, 55, 3974 }, // U+0499
    { 16, 23, 244, 1, 18, 92, 4029 }, // U+049A
    { 14, 19, 212, 0, 14, 67, 4121 }, // U+049B
    { 16, 18, 230, 1, 18, 72, 4188 }, // U+049C
    { 14, 14, 194, 0, 14, 49, 4260 }, // U+049D
    { 16, 18, 225, 1, 18, 72, 4309 }, // U+049E
    { 14, 20, 194, 0, 20, 70, 4381 }, // U+049F
    { 17, 18, 255, 2, 18, 77, 4451 }, // U+04A0
    { 16, 14, 227, 0, 14, 56, 4528 }, // U+04A1
    { 17, 23, 274, 1, 18, 98, 4584 }, // U+04A2
    { 15, 19, 242, 0, 14, 72, 4682 }, // U+04A3
    { 21, 18, 302, 1, 18, 95, 4754 }, // U+04A4
    { 19, 14, 276, 0, 14, 67, 4849 }, // U+04A5
    { 22, 24, 400, 1, 18, 132, 4916 }, // U+04A6
    { 19, 20, 329, 0, 14, 95, 5048 }, // U+04A7
    { 17, 19, 288, 1, 18, 81, 5143 }, // U+04A8
    { 13, 14, 240, 1, 14, 46, 5224 }, // U+04A9
    { 15, 24, 235, 1, 18, 90, 5270 }, // U+04AA
    { 11, 20, 181, 1, 14, 55, 5360 }, // U+04AB
    { 13, 23, 200, 2, 18, 75, 5415 }, // U+04AC
    { 21, 19, 356, 0, 14, 100, 5490 }, // U+04AD
    { 14, 18, 204, 2, 18, 63, 5590 }, // U+04AE
    { 12, 20, 187, 1, 14, 60, 5653 }, // U+04AF
    { 15, 18, 204, 1, 18, 68, 5713 }, // U+04B0
    { 14, 20, 187, -1, 14, 70, 5781 }, // U+04B1
    { 18, 23, 232, -2, 18, 104, 5851 }, // U+04B2
    { 15, 19, 211, -1, 14, 72, 5955 }, // U+04B3
    { 18, 24, 313, 2, 18, 108, 6027 }, // U+04B4
    { 15, 19, 264, 1, 14, 72, 6135 }, // U+04B5
    { 15, 23, 258, 2, 18, 87, 6207 }, // U+04B6
    { 13, 19, 221, 1, 14, 62, 6294 }, // U+04B7
    { 15, 18, 257, 2, 18, 68, 6356 }, // U+04B8
    { 13, 14, 224, 1, 14, 46, 6424 }, // U+04B9
    { 14, 18, 258, 1, 18, 63, 6470 }, // U+04BA
    { 14, 20, 232, 0, 20, 70, 6533 }, // U+04BB
    { 18, 18, 306, 1, 18, 81, 6603 }, // U+04BC
    { 15, 14, 240, 0, 14, 53, 6684 }, // U+04BD
    { 18, 23, 306, 1, 18, 104, 6737 }, // U+04BE
    { 15, 19, 240, 0, 14, 72, 6841 }, // U+04BF
    { 11, 18, 130, -1, 18, 50, 6913 }, // U+04C0
    { 25, 24, 321, -2, 24, 150, 6963 }, // U+04C1
    { 24, 20, 351, -1, 20, 120, 7113 }, // U+04C2
    { 16, 24, 254, 1, 18, 96, 7233 }, // U+04C3
    { 14, 20, 210, 0, 14, 70, 7329 }, // U+04C4
    { 18, 23, 264, -1, 18, 104, 7399 }, // U+04C5
    { 15, 19, 219, -2, 14, 72, 0 }, // U+04C6
    { 17, 24, 272, 1, 18, 102, 72 }, // U+04C7
    { 15, 20, 240, 0, 14, 75, 174 }, // U+04C8
    { 17, 23, 277, 1, 18, 98, 249 }, // U+04C9
    { 15, 19, 242, 0, 14, 72, 347 }, // U+04CA
    { 15, 23, 257, 2, 18, 87, 419 }, // U+04CB
    { 12, 19, 232, 2, 14, 57, 506 }, // U+04CC
    { 21, 23, 340, 1, 18, 121, 563 }, // U+04CD
    { 17, 19, 281, 0, 14, 81, 684 }, // U+04CE
    { 11, 18, 130, -1, 18, 50, 765 }, // U+04CF
    { 17, 24, 225, -2, 24, 102, 815 }, // U+04D0
    { 13, 20, 227, 1, 20, 65, 917 }, // U+04D1
    { 16, 24, 225, -2, 24, 96, 982 }, // U+04D2
    { 13, 18, 227, 1, 18, 59, 1078 }, // U+04D3
    { 24, 18, 330, -2, 18, 108, 1137 }, // U+04D4
    { 19, 14, 328, 1, 14, 67, 1245 }, // U+04D5
    { 14, 24, 206, 1, 24, 84, 1312 }, // U+04D6
    { 13, 20, 200, 1, 20, 65, 1396 }, // U+04D7
    { 15, 18, 264, 1, 18, 68, 1461 }, // U+04D8
    { 12, 14, 197, 0, 14, 42, 1529 }, // U+04D9
    { 15, 24, 264, 1, 24, 90, 1571 }, // U+04DA
    { 12, 18, 197, 0, 18, 54, 1661 }, // U+04DB
    { 25, 24, 321, -2, 24, 150, 1715 }, // U+04DC
    { 24, 18, 351, -1, 18, 108, 1865 }, // U+04DD
    { 14, 24, 209, -1, 24, 84, 1973 }, // U+04DE
    { 11, 18, 178, 0, 18, 50, 2057 }, // U+04DF
    { 14, 18, 212, 0, 18, 63, 2107 }, // U+04E0
    { 14, 20, 186, -2, 14, 70, 2170 }, // U+04E1
    { 18, 22, 275, 0, 22, 99, 2240 }, // U+04E2
    { 13, 18, 232, 1, 18, 59, 2339 }, // U+04E3
    { 18, 24, 275, 0, 24, 108, 2398 }, // U+04E4
    { 13, 18, 232, 1, 18, 59, 2506 }, // U+04E5
    { 17, 24, 288, 1, 24, 102, 2565 }, // U+04E6
    { 12, 18, 225, 1, 18, 54, 2667 }, // U+04E7
    { 17, 18, 288, 1, 18, 77, 2721 }, // U+04E8
    { 12, 14, 225, 1, 14, 42, 2798 }, // U+04E9
    { 17, 24, 288, 1, 24, 102, 2840 }, // U+04EA
    { 12, 18, 225, 1, 18, 54, 2942 }, // U+04EB
    { 15, 24, 234, 0, 24, 90, 2996 }, // U+04EC
    { 11, 18, 190, 0, 18, 50, 3086 }, // U+04ED
    { 17, 22, 225, 0, 22, 94, 3136 }, // U+04EE
    { 16, 24, 187, -3, 18, 96, 3230 }, // U+04EF
    { 17, 24, 225, 0, 24, 102, 3326 }, // U+04F0
    { 16, 24, 187, -3, 18, 96, 3428 }, // U+04F1
    { 17, 25, 225, 0, 25, 107, 3524 }, // U+04F2
    { 17, 26, 187, -3, 20, 111, 3631 }, // U+04F3
    { 14, 24, 249, 2, 24, 84, 3742 }, // U+04F4
    { 13, 18, 222, 1, 18, 59, 3826 }, // U+04F5
    { 13, 23, 192, 1, 18, 75, 3885 }, // U+04F6
    { 11, 19, 156, 0, 14, 53, 3960 }, // U+04F7
    { 20, 24, 317, 0, 24, 120, 4013 }, // U+04F8
    { 17, 18, 293, 1, 18, 77, 4133 }, // U+04F9
    { 14, 23, 190, 0, 18, 81, 4210 }, // U+04FA
    { 12, 19, 156, -1, 14, 57, 4291 }, // U+04FB
    { 18, 23, 210, -2, 18, 104, 4348 }, // U+04FC
    { 14, 19, 192, -1, 14, 67, 4452 }, // U+04FD
    { 18, 18, 211, -2, 18, 81, 4519 }, // U+04FE
    { 14, 14, 193, -1, 14, 49, 4600 }, // U+04FF
    { 15, 23, 225, -2, 18, 87, 0 }, // U+1EA0
    { 13, 18, 227, 1, 14, 59, 87 }, // U+1EA1
    { 15, 26, 225, -2, 26, 98, 146 }, // U+1EA2
    { 13, 22, 227, 1, 22, 72, 244 }, // U+1EA3
    { 19, 26, 225, -2, 26, 124, 316 }, // U+1EA4
    { 16, 21, 227, 1, 21, 84, 440 }, // U+1EA5
    { 16, 26, 225, -2, 26, 104, 524 }, // U+1EA6
    { 13, 21, 227, 1, 21, 69, 628 }, // U+1EA7
    { 19, 27, 225, -2, 27, 129, 697 }, // U+1EA8
    { 15, 22, 227, 1, 22, 83, 826 }, // U+1EA9
    { 18, 27, 225, -2, 27, 122, 909 }, // U+1EAA
    { 14, 23, 227, 1, 23, 81, 1031 }, // U+1EAB
    { 16, 29, 225, -2, 24, 116, 1112 }, // U+1EAC
    { 13, 23, 227, 1, 19, 75, 1228 }, // U+1EAD
    { 16, 26, 225, -2, 26, 104, 1303 }, // U+1EAE
    { 13, 22, 227, 1, 22, 72, 1407 }, // U+1EAF
    { 16, 26, 225, -2, 26, 104, 1479 }, // U+1EB0
    { 13, 22, 227, 1, 22, 72, 1583 }, // U+1EB1
    { 16, 27, 225, -2, 27, 108, 1655 }, // U+1EB2
    { 13, 23, 227, 1, 23, 75, 1763 }, // U+1EB3
    { 17, 27, 225, -2, 27, 115, 1838 }, // U+1EB4
    { 14, 23, 227, 1, 23, 81, 1953 }, // U+1EB5
    { 16, 29, 225, -2, 24, 116, 2034 }, // U+1EB6
    { 13, 23, 227, 1, 19, 75, 2150 }, // U+1EB7
    { 13, 23, 206, 1, 18, 75, 2225 }, // U+1EB8
    { 11, 18, 200, 1, 14, 50, 2300 }, // U+1EB9
    { 13, 26, 206, 1, 26, 85, 2350 }, // U+1EBA
    { 11, 22, 200, 1, 22, 61, 2435 }, // U+1EBB
    { 14, 23, 206, 1, 23, 81, 2496 }, // U+1EBC
    { 13, 18, 200, 1, 18, 59, 2577 }, // U+1EBD
    { 16, 26, 206, 1, 26, 104, 2636 }, // U+1EBE
    { 15, 21, 200, 1, 21, 79, 2740 }, // U+1EBF
    { 13, 26, 206, 1, 26, 85, 2819 }, // U+1EC0
    { 11, 21, 200, 1, 21, 58, 2904 }, // U+1EC1
    { 15, 27, 206, 1, 27, 102, 2962 }, // U+1EC2
    { 14, 22, 200, 1, 22, 77, 3064 }, // U+1EC3
    { 14, 27, 206, 1, 27, 95, 3141 }, // U+1EC4
    { 13, 23, 200, 1, 23, 75, 3236 }, // U+1EC5
    { 13, 29, 206, 1, 24, 95, 3311 }, // U+1EC6
    { 11, 23, 200, 1, 19, 64, 3406 }, // U+1EC7
    { 11, 26, 130, -1, 26, 72, 3470 }, // U+1EC8
    { 9, 21, 103, 0, 21, 48, 3542 }, // U+1EC9
    { 11, 23, 130, -1, 18, 64, 3590 }, // U+1ECA
    { 8, 23, 103, -1, 18, 46, 3654 }, // U+1ECB
    { 17, 22, 288, 1, 18, 94, 3700 }, // U+1ECC
    { 12, 18, 225, 1, 14, 54, 3794 }, // U+1ECD
    { 17, 26, 288, 1, 26, 111, 3848 }, // U+1ECE
    { 12, 22, 225, 1, 22, 66, 3959 }, // U+1ECF
    { 18, 26, 288, 1, 26, 117, 4025 }, // U+1ED0
    { 15, 21, 225, 1, 21, 79, 4142 }, // U+1ED1
    { 17, 26, 288, 1, 26, 111, 4221 }, // U+1ED2
    { 12, 21, 225, 1, 21, 63, 4332 }, // U+1ED3
    { 18, 27, 288, 1, 27, 122, 4395 }, // U+1ED4
    { 14, 22, 225, 1, 22, 77, 4517 }, // U+1ED5
    { 17, 28, 288, 1, 28, 119, 4594 }, // U+1ED6
    { 13, 23, 225, 1, 23, 75, 4713 }, // U+1ED7
    { 17, 29, 288, 1, 25, 124, 4788 }, // U+1ED8
    { 12, 23, 225, 1, 19, 69, 4912 }, // U+1ED9
    { 20, 25, 288, 1, 25, 125, 4981 }, // U+1EDA
    { 16, 19, 227, 1, 19, 76, 5106 }, // U+1EDB
    { 20, 25, 288, 1, 25, 125, 5182 }, // U+1EDC
    { 16, 19, 227, 1, 19, 76, 5307 }, // U+1EDD
    { 20, 26, 288, 1, 26, 130, 5383 }, // U+1EDE
    { 16, 22, 227, 1, 22, 88, 5513 }, // U+1EDF
    { 20, 24, 288, 1, 24, 120, 5601 }, // U+1EE0
    { 16, 18, 227, 1, 18, 72, 5721 }, // U+1EE1
    { 20, 23, 288, 1, 19, 115, 5793 }, // U+1EE2
    { 16, 20, 227, 1, 16, 80, 5908 }, // U+1EE3
    { 17, 22, 271, 1, 18, 94, 5988 }, // U+1EE4
    { 13, 18, 232, 1, 14, 59, 6082 }, // U+1EE5
    { 17, 26, 271, 1, 26, 111, 6141 }, // U+1EE6
    { 13, 22, 232, 1, 22, 72, 6252 }, // U+1EE7
    { 21, 25, 291, 1, 25, 132, 6324 }, // U+1EE8
    { 18, 19, 250, 1, 19, 86, 6456 }, // U+1EE9
    { 21, 25, 291, 1, 25, 132, 6542 }, // U+1EEA
    { 18, 19, 250, 1, 19, 86, 6674 }, // U+1EEB
    { 21, 26, 291, 1, 26, 137, 6760 }, // U+1EEC
    { 18, 22, 250, 1, 22, 99, 6897 }, // U+1EED
    { 21, 24, 291, 1, 24, 126, 6996 }, // U+1EEE
    { 18, 18, 250, 1, 18, 81, 7122 }, // U+1EEF
    { 21, 23, 291, 1, 19, 121, 7203 }, // U+1EF0
    { 18, 20, 250, 1, 16, 90, 7324 }, // U+1EF1
    { 14, 24, 204, 2, 24, 84, 0 }, // U+1EF2
    { 16, 25, 187, -3, 19, 100, 84 }, // U+1EF3
    { 14, 23, 204, 2, 18, 81, 184 }, // U+1EF4
    { 16, 20, 187, -3, 14, 80, 265 }, // U+1EF5
    { 14, 26, 204, 2, 26, 91, 345 }, // U+1EF6
    { 16, 27, 187, -3, 21, 108, 436 }, // U+1EF7
    { 14, 23, 204, 2, 23, 81, 544 }, // U+1EF8
    { 16, 24, 187, -3, 18, 96, 625 }, // U+1EF9
    { 0, 0, 200, 0, 0, 0, 0 }, // U+2000
    { 0, 0, 400, 0, 0, 0, 0 }, // U+2001
    { 0, 0, 200, 0, 0, 0, 0 }, // U+2002
    { 0, 0, 400, 0, 0, 0, 0 }, // U+2003
    { 0, 0, 133, 0, 0, 0, 0 }, // U+2004
    { 0, 0, 100, 0, 0, 0, 0 }, // U+2005
    { 0, 0, 67, 0, 0, 0, 0 }, // U+2006
    { 0, 0, 220, 0, 0, 0, 0 }, // U+2007
    { 0, 0, 102, 0, 0, 0, 0 }, // U+2008
    { 0, 0, 66, 0, 0, 0, 0 }, // U+2009
    { 0, 0, 40, 0, 0, 0, 0 }, // U+200A
    { 0, 0, 0, 0, 0, 0, 0 }, // U+200B
    { 0, 0, 0, 0, 0, 0, 0 }, // U+200C
    { 0, 0, 0, 0, 0, 0, 0 }, // U+200D
    { 7, 22, 0, -1, 18, 39, 0 }, // U+200E
    { 7, 22, 0, -6, 18, 39, 39 }, // U+200F
    { 7, 2, 125, 0, 8, 4, 78 }, // U+2010
    { 7, 2, 125, 0, 8, 4, 82 }, // U+2011
    { 13, 2, 220, 1, 10, 7, 86 }, // U+2012
    { 12, 2, 192, 0, 8, 6, 93 }, // U+2013
    { 24, 2, 384, 0, 8, 12, 99 }, // U+2014
    { 24, 2, 384, 0, 8, 12, 111 }, // U+2015
    { 9, 25, 220, 3, 19, 57, 123 }, // U+2016
    { 12, 5, 158, -3, -1, 15, 180 }, // U+2017
    { 6, 7, 70, 1, 18, 11, 195 }, // U+2018
    { 6, 7, 70, 1, 18, 11, 206 }, // U+2019
    { 6, 7, 97, -2, 4, 11, 217 }, // U+201A
    { 4, 6, 70, 2, 18, 6, 228 }, // U+201B
    { 11, 6, 143, 1, 18, 17, 234 }, // U+201C
    { 11, 6, 143, 1, 18, 17, 251 }, // U+201D
    { 11, 6, 170, -2, 3, 17, 268 }, // U+201E
    { 8, 6, 143, 2, 18, 12, 285 }, // U+201F
    { 10, 19, 188, 2, 19, 48, 297 }, // U+2020
    { 13, 19, 188, 0, 19, 62, 345 }, // U+2021
    { 6, 6, 150, 2, 12, 9, 407 }, // U+2022
    { 8, 9, 147, 1, 14, 18, 416 }, // U+2023
    { 4, 3, 200, 3, 3, 3, 434 }, // U+2024
    { 10, 3, 203, 0, 3, 8, 437 }, // U+2025
    { 17, 3, 308, 0, 3, 13, 445 }, // U+2026
    { 4, 3, 102, 1, 8, 3, 458 }, // U+2027
    { 0, 0, 240, 0, 0, 0, 461 }, // U+2028
    { 0, 0, 240, 0, 0, 0, 461 }, // U+2029
    { 7, 19, 0, -1, 15, 34, 461 }, // U+202A
    { 7, 19, 0, -6, 15, 34, 495 }, // U+202B
    { 6, 21, 0, -3, 17, 32, 529 }, // U+202C
    { 6, 21, 0, -3, 17, 32, 561 }, // U+202D
    { 6, 21, 0, -3, 17, 32, 593 }, // U+202E
    { 0, 0, 66, 0, 0, 0, 625 }, // U+202F
    { 26, 18, 450, 2, 18, 117, 625 }, // U+2030
    { 34, 18, 581, 2, 18, 153, 742 }, // U+2031
    { 7, 7, 88, 1, 18, 13, 895 }, // U+2032
    { 11, 7, 156, 1, 18, 20, 908 }, // U+2033
    { 15, 7, 223, 1, 18, 27, 928 }, // U+2034
    { 4, 7, 108, 3, 18, 7, 955 }, // U+2035
    { 8, 7, 170, 3, 18, 14, 962 }, // U+2036
    { 12, 7, 231, 3, 18, 21, 976 }, // U+2037
    { 10, 8, 160, -3, 2, 20, 997 }, // U+2038
    { 6, 12, 115, 1, 13, 18, 1017 }, // U+2039
    { 7, 12, 115, 0, 13, 21, 1035 }, // U+203A
    { 19, 18, 335, 1, 18, 86, 1056 }, // U+203B
    { 13, 18, 198, 0, 18, 59, 1142 }, // U+203C
    { 11, 18, 172, 1, 18, 50, 1201 }, // U+203D
    { 11, 2, 157, 2, 21, 6, 1251 }, // U+203E
    { 14, 6, 217, -2, 0, 21, 1257 }, // U+203F
    { 13, 7, 217, 2, 21, 23, 1278 }, // U+2040
    { 12, 17, 136, -3, 11, 51, 1301 }, // U+2041
    { 27, 24, 447, 0, 20, 162, 1352 }, // U+2042
    { 7, 2, 114, 0, 8, 4, 1514 }, // U+2043
    { 16, 18, 52, -6, 18, 72, 1518 }, // U+2044
    { 11, 22, 116, -1, 18, 61, 1590 }, // U+2045
    { 10, 22, 116, -2, 18, 55, 1651 }, // U+2046
    { 22, 18, 344, 1, 18, 99, 1706 }, // U+2047
    { 17, 18, 276, 1, 18, 77, 1805 }, // U+2048
    { 18, 18, 276, 0, 18, 81, 1882 }, // U+2049
    { 13, 14, 208, 1, 14, 46, 1963 }, // U+204A
    { 13, 23, 240, 2, 19, 75, 2009 }, // U+204B
    { 13, 13, 256, 1, 14, 43, 2084 }, // U+204C
    { 13, 13, 256, 2, 14, 43, 2127 }, // U+204D
    { 13, 13, 220, -1, 7, 43, 2170 }, // U+204E
    { 6, 17, 102, 0, 14, 26, 2213 }, // U+204F
    { 17, 27, 217, -2, 21, 115, 2239 }, // U+2050
    { 15, 26, 220, 0, 21, 98, 2354 }, // U+2051
    { 10, 18, 149, 0, 18, 45, 2452 }, // U+2052
    { 22, 4, 400, 2, 9, 22, 2497 }, // U+2053
    { 14, 7, 217, -3, 0, 25, 2519 }, // U+2054
    { 14, 13, 229, 0, 13, 46, 2544 }, // U+2055
    { 11, 18, 207, 1, 18, 50, 2590 }, // U+2056
    { 19, 7, 290, 1, 18, 34, 2640 }, // U+2057
    { 19, 18, 329, 1, 18, 86, 2674 }, // U+2058
    { 19, 18, 332, 1, 18, 86, 2760 }, // U+2059
    { 4, 18, 88, 1, 18, 18, 2846 }, // U+205A
    { 15, 19, 262, 1, 19, 72, 2864 }, // U+205B
    { 19, 19, 318, 0, 19, 91, 2936 }, // U+205C
    { 4, 18, 107, 1, 18, 18, 3027 }, // U+205D
    { 4, 18, 107, 2, 18, 18, 3045 }, // U+205E
    { 0, 0, 89, 0, 0, 0, 3063 }, // U+205F
    { 0, 0, 240, 0, 0, 0, 3063 }, // U+2060
    { 0, 0, 240, 0, 0, 0, 3063 }, // U+2061
    { 0, 0, 240, 0, 0, 0, 3063 }, // U+2062
    { 0, 0, 240, 0, 0, 0, 3063 }, // U+2063
    { 0, 0, 240, 0, 0, 0, 3063 }, // U+2064
    { 0, 0, 240, 0, 0, 0, 3063 }, // U+2066
    { 0, 0, 240, 0, 0, 0, 3063 }, // U+2067
    { 0, 0, 240, 0, 0, 0, 3063 }, // U+2068
    { 0, 0, 240, 0, 0, 0, 3063 }, // U+2069
    { 6, 21, 0, -3, 17, 32, 3063 }, // U+206A
    { 6, 21, 0, -3, 17, 32, 3095 }, // U+206B
    { 6, 21, 0, -3, 18, 32, 3127 }, // U+206C
    { 6, 22, 0, -3, 19, 33, 3159 }, // U+206D
    { 6, 22, 0, -3, 19, 33, 3192 }, // U+206E
    { 6, 21, 0, -3, 17, 32, 3225 }, // U+206F
    { 9, 11, 141, 2, 21, 25, 0 }, // U+2070
    { 4, 13, 89, 2, 20, 13, 25 }, // U+2071
    { 9, 12, 141, 1, 22, 27, 38 }, // U+2074
    { 9, 11, 141, 2, 21, 25, 65 }, // U+2075
    { 9, 11, 141, 2, 21, 25, 90 }, // U+2076
    { 9, 11, 141, 2, 22, 25, 115 }, // U+2077
    { 9, 11, 141, 2, 21, 25, 140 }, // U+2078
    { 9, 11, 141, 2, 21, 25, 165 }, // U+2079
    { 8, 7, 135, 2, 19, 14, 190 }, // U+207A
    { 8, 2, 135, 2, 16, 4, 204 }, // U+207B
    { 8, 4, 135, 2, 17, 8, 208 }, // U+207C
    { 7, 14, 74, 2, 23, 25, 216 }, // U+207D
    { 6, 14, 74, 0, 23, 21, 241 }, // U+207E
    { 9, 9, 150, 1, 16, 21, 262 }, // U+207F
    { 9, 12, 141, -1, 8, 27, 283 }, // U+2080
    { 6, 11, 141, 0, 8, 17, 310 }, // U+2081
    { 9, 12, 141, -2, 9, 27, 327 }, // U+2082
    { 8, 12, 141, -1, 8, 24, 354 }, // U+2083
    { 9, 12, 141, -1, 8, 27, 378 }, // U+2084
    { 9, 11, 141, -1, 7, 25, 405 }, // U+2085
    { 9, 12, 141, -1, 8, 27, 430 }, // U+2086
    { 9, 12, 141, -1, 8, 27, 457 }, // U+2087
    { 9, 12, 141, -1, 8, 27, 484 }, // U+2088
    { 9, 12, 141, -1, 8, 27, 511 }, // U+2089
    { 8, 7, 135, -1, 5, 14, 538 }, // U+208A
    { 8, 2, 135, -1, 3, 4, 552 }, // U+208B
    { 8, 5, 135, -1, 5, 10, 556 }, // U+208C
    { 6, 14, 74, 0, 9, 21, 566 }, // U+208D
    { 6, 14, 74, -3, 9, 21, 587 }, // U+208E
    { 9, 8, 148, -1, 6, 18, 608 }, // U+2090
    { 8, 8, 130, -1, 6, 16, 626 }, // U+2091
    { 9, 8, 146, -1, 6, 18, 642 }, // U+2092
    { 9, 8, 126, -2, 6, 18, 660 }, // U+2093
    { 7, 8, 130, -1, 6, 14, 678 }, // U+2094
    { 9, 11, 174, 0, 9, 25, 692 }, // U+2095
    { 9, 11, 140, 0, 9, 25, 717 }, // U+2096
    { 5, 11, 94, 0, 9, 14, 742 }, // U+2097
    { 14, 8, 252, 0, 6, 28, 756 }, // U+2098
    { 9, 8, 150, -1, 6, 18, 784 }, // U+2099
    { 10, 12, 150, -2, 6, 30, 802 }, // U+209A
    { 7, 8, 123, -1, 6, 14, 832 }, // U+209B
    { 6, 11, 86, -1, 9, 17, 846 }, // U+209C
    { 14, 18, 220, 1, 18, 63, 0 }, // U+20A0
    { 14, 21, 220, 1, 19, 74, 63 }, // U+20A1
    { 14, 18, 220, 1, 18, 63, 137 }, // U+20A2
    { 15, 18, 220, 0, 18, 68, 200 }, // U+20A3
    { 16, 18, 220, -1, 18, 72, 268 }, // U+20A4
    { 21, 20, 350, 0, 17, 105, 340 }, // U+20A5
    { 15, 18, 220, 0, 18, 68, 445 }, // U+20A6
    { 18, 18, 295, 0, 18, 81, 513 }, // U+20A7
    { 21, 18, 321, 0, 18, 95, 594 }, // U+20A8
    { 18, 18, 248, 0, 18, 81, 689 }, // U+20A9
    { 21, 18, 320, 0, 18, 95, 770 }, // U+20AA
    { 17, 23, 232, 0, 19, 98, 865 }, // U+20AB
    { 16, 18, 220, 0, 18, 72, 963 }, // U+20AC
    { 17, 18, 225, 0, 18, 77, 1035 }, // U+20AD
    { 14, 18, 200, 1, 18, 63, 1112 }, // U+20AE
    { 24, 24, 388, 0, 18, 144, 1175 }, // U+20AF
    { 16, 24, 220, -2, 18, 96, 1319 }, // U+20B0
    { 16, 18, 220, 0, 18, 72, 1415 }, // U+20B1
    { 16, 21, 271, 1, 19, 84, 1487 }, // U+20B2
    { 17, 18, 225, -2, 18, 77, 1571 }, // U+20B3
    { 15, 18, 202, -1, 18, 68, 1648 }, // U+20B4
    { 15, 21, 235, 1, 19, 79, 1716 }, // U+20B5
    { 16, 17, 228, 0, 17, 68, 1795 }, // U+20B6
    { 18, 20, 263, -1, 18, 90, 1863 }, // U+20B7
    { 14, 18, 197, 1, 18, 63, 1953 }, // U+20B8
    { 13, 19, 220, 2, 19, 62, 2016 }, // U+20B9
    { 14, 18, 220, 0, 18, 63, 2078 }, // U+20BA
    { 16, 18, 268, 1, 18, 72, 2141 }, // U+20BB
    { 19, 18, 297, -1, 18, 86, 2213 }, // U+20BC
    { 16, 18, 233, -1, 18, 72, 2299 }, // U+20BD
    { 17, 21, 235, -1, 21, 90, 2371 }, // U+20BE
    { 13, 24, 220, 1, 21, 78, 2461 }, // U+20BF
    { 7, 3, 125, 0, 8, 6, 0 }, // U+2212
    { 23, 25, 255, -3, 19, 144, 0 }, // U+FB00
    { 18, 25, 230, -3, 19, 113, 144 }, // U+FB01
    { 18, 25, 230, -3, 19, 113, 257 }, // U+FB02
    { 26, 25, 358, -3, 19, 163, 370 }, // U+FB03
    { 26, 25, 358, -3, 19, 163, 533 }, // U+FB04
    { 21, 25, 246, -4, 19, 132, 696 }, // U+FB05
    { 20, 19, 306, 0, 19, 95, 828 }, // U+FB06
    { 23, 24, 400, 1, 20, 138, 0 }, // U+FFFD
};

static const EpdUnicodeInterval notosans_12_italicIntervals[] = {
    { 0x0, 0x0, 0x0 },
    { 0xD, 0xD, 0x1 },
    { 0x20, 0x7E, 0x2 },
    { 0xA0, 0xFF, 0x61 },
    { 0x100, 0x17F, 0xC1 },
    { 0x1A0, 0x1A1, 0x141 },
    { 0x1AF, 0x1B0, 0x143 },
    { 0x1C4, 0x21F, 0x145 },
    { 0x300, 0x36F, 0x1A1 },
    { 0x400, 0x4FF, 0x211 },
    { 0x1EA0, 0x1EF9, 0x311 },
    { 0x2000, 0x2064, 0x36B },
    { 0x2066, 0x206F, 0x3D0 },
    { 0x2070, 0x2071, 0x3DA },
    { 0x2074, 0x208E, 0x3DC },
    { 0x2090, 0x209C, 0x3F7 },
    { 0x20A0, 0x20BF, 0x404 },
    { 0x2212, 0x2212, 0x424 },
    { 0xFB00, 0xFB06, 0x425 },
    { 0xFFFD, 0xFFFD, 0x42C },
};

static const EpdFontGroup notosans_12_italicGroups[] = {
    { 0, 2678, 5832, 97, 0 },
    { 2678, 2380, 6760, 96, 97 },
    { 5058, 2402, 8113, 100, 193 },
    { 7460, 736, 2573, 28, 293 },
    { 8196, 2629, 8186, 81, 321 },
    { 10825, 598, 1356, 15, 402 },
    { 11423, 956, 1435, 112, 417 },
    { 12379, 3306, 8134, 104, 529 },
    { 15685, 3768, 8174, 94, 633 },
    { 19453, 2082, 5161, 58, 727 },
    { 21535, 1513, 8178, 82, 785 },
    { 23048, 198, 768, 8, 867 },
    { 23246, 1576, 3672, 111, 875 },
    { 24822, 693, 1093, 42, 986 },
    { 25515, 1555, 2774, 32, 1028 },
    { 27070, 8, 6, 1, 1060 },
    { 27078, 372, 995, 7, 1061 },
    { 27450, 106, 144, 1, 1068 },
};

static const EpdKernClassEntry notosans_12_italicKernLeftClasses[] = {
    { 0x0020, 1 }, // U+0020
    { 0x0022, 2 }, // "
    { 0x0026, 3 }, // &
    { 0x0027, 2 }, // '
    { 0x0028, 4 }, // (
    { 0x002C, 5 }, // ,
    { 0x002D, 6 }, // -
    { 0x002E, 5 }, // .
    { 0x0041, 7 }, // A
    { 0x0042, 8 }, // B
    { 0x0043, 9 }, // C
    { 0x0044, 10 }, // D
    { 0x0045, 11 }, // E
    { 0x0046, 12 }, // F
    { 0x004B, 13 }, // K
    { 0x004C, 14 }, // L
    { 0x004F, 10 }, // O
    { 0x0050, 15 }, // P
    { 0x0051, 10 }, // Q
    { 0x0052, 16 }, // R
    { 0x0054, 17 }, // T
    { 0x0055, 18 }, // U
    { 0x0056, 19 }, // V
    { 0x0057, 19 }, // W
    { 0x0058, 13 }, // X
    { 0x0059, 20 }, // Y
    { 0x005A, 21 }, // Z
    { 0x005B, 4 }, // [
    { 0x005F, 22 }, // _
    { 0x0061, 23 }, // a
    { 0x0062, 24 }, // b
    { 0x0063, 25 }, // c
    { 0x0065, 24 }, // e
    { 0x0066, 26 }, // f
    { 0x006B, 27 }, // k
    { 0x006F, 24 }, // o
    { 0x0070, 24 }, // p
    { 0x0072, 28 }, // r
    { 0x0074, 29 }, // t
    { 0x0076, 30 }, // v
    { 0x0077, 30 }, // w
    { 0x0078, 27 }, // x
    { 0x0079, 30 }, // y
    { 0x007B, 4 }, // {
    { 0x00A1, 31 }, // U+00A1
    { 0x00AB, 32 }, // U+00AB
    { 0x00BB, 33 }, // U+00BB
    { 0x00BF, 34 }, // U+00BF
    { 0x00C0, 7 }, // U+00C0
    { 0x00C1, 7 }, // U+00C1
    { 0x00C2, 7 }, // U+00C2
    { 0x00C3, 7 }, // U+00C3
    { 0x00C4, 7 }, // U+00C4
    { 0x00C5, 7 }, // U+00C5
    { 0x00C6, 11 }, // U+00C6
    { 0x00C7, 9 }, // U+00C7
    { 0x00C8, 11 }, // U+00C8
    { 0x00C9, 11 }, // U+00C9
    { 0x00CA, 11 }, // U+00CA
    { 0x00CB, 11 }, // U+00CB
    { 0x00D0, 10 }, // U+00D0
    { 0x00D2, 10 }, // U+00D2
    { 0x00D3, 10 }, // U+00D3
    { 0x00D4, 10 }, // U+00D4
    { 0x00D5, 10 }, // U+00D5
    { 0x00D6, 10 }, // U+00D6
    { 0x00D8, 10 }, // U+00D8
    { 0x00D9, 18 }, // U+00D9
    { 0x00DA, 18 }, // U+00DA
    { 0x00DB, 18 }, // U+00DB
    { 0x00DC, 18 }, // U+00DC
    { 0x00DD, 20 }, // U+00DD
    { 0x00DE, 15 }, // U+00DE
    { 0x00E0, 23 }, // U+00E0
    { 0x00E1, 23 }, // U+00E1
    { 0x00E2, 23 }, // U+00E2
    { 0x00E3, 23 }, // U+00E3
    { 0x00E4, 23 }, // U+00E4
    { 0x00E5, 23 }, // U+00E5
    { 0x00E6, 24 }, // U+00E6
    { 0x00E8, 24 }, // U+00E8
    { 0x00E9, 24 }, // U+00E9
    { 0x00EA, 24 }, // U+00EA
    { 0x00EB, 24 }, // U+00EB
    { 0x00EF, 35 }, // U+00EF
    { 0x00F0, 24 }, // U+00F0
    { 0x00F2, 24 }, // U+00F2
    { 0x00F3, 24 }, // U+00F3
    { 0x00F4, 24 }, // U+00F4
    { 0x00F5, 24 }, // U+00F5
    { 0x00F6, 24 }, // U+00F6
    { 0x00F8, 24 }, // U+00F8
    { 0x00FD, 30 }, // U+00FD
    { 0x00FE, 24 }, // U+00FE
    { 0x00FF, 30 }, // U+00FF
    { 0x0100, 7 }, // U+0100
    { 0x0101, 23 }, // U+0101
    { 0x0102, 7 }, // U+0102
    { 0x0103, 23 }, // U+0103
    { 0x0104, 7 }, // U+0104
    { 0x0105, 23 }, // U+0105
    { 0x0106, 9 }, // U+0106
    { 0x0108, 9 }, // U+0108
    { 0x010A, 9 }, // U+010A
    { 0x010C, 9 }, // U+010C
    { 0x010E, 10 }, // U+010E
    { 0x010F, 36 }, // U+010F
    { 0x0110, 10 }, // U+0110
    { 0x0112, 11 }, // U+0112
    { 0x0113, 24 }, // U+0113
    { 0x0114, 11 }, // U+0114
    { 0x0115, 24 }, // U+0115
    { 0x0116, 11 }, // U+0116
    { 0x0117, 24 }, // U+0117
    { 0x0118, 11 }, // U+0118
    { 0x0119, 24 }, // U+0119
    { 0x011A, 11 }, // U+011A
    { 0x011B, 24 }, // U+011B
    { 0x0129, 37 }, // U+0129
    { 0x012B, 35 }, // U+012B
    { 0x012E, 38 }, // U+012E
    { 0x0136, 13 }, // U+0136
    { 0x0137, 27 }, // U+0137
    { 0x0138, 27 }, // U+0138
    { 0x0139, 14 }, // U+0139
    { 0x013B, 14 }, // U+013B
    { 0x013D, 14 }, // U+013D
    { 0x013E, 36 }, // U+013E
    { 0x013F, 14 }, // U+013F
    { 0x0141, 14 }, // U+0141
    { 0x014C, 10 }, // U+014C
    { 0x014D, 24 }, // U+014D
    { 0x014E, 10 }, // U+014E
    { 0x014F, 24 }, // U+014F
    { 0x0150, 10 }, // U+0150
    { 0x0151, 24 }, // U+0151
    { 0x0152, 11 }, // U+0152
    { 0x0153, 24 }, // U+0153
    { 0x0155, 28 }, // U+0155
    { 0x0157, 28 }, // U+0157
    { 0x0159, 28 }, // U+0159
    { 0x0162, 17 }, // U+0162
    { 0x0163, 29 }, // U+0163
    { 0x0164, 17 }, // U+0164
    { 0x0165, 39 }, // U+0165
    { 0x0166, 17 }, // U+0166
    { 0x0167, 29 }, // U+0167
    { 0x0168, 18 }, // U+0168
    { 0x016A, 18 }, // U+016A
    { 0x016C, 18 }, // U+016C
    { 0x016E, 18 }, // U+016E
    { 0x0170, 18 }, // U+0170
    { 0x0172, 18 }, // U+0172
    { 0x0174, 19 }, // U+0174
    { 0x0175, 30 }, // U+0175
    { 0x0176, 20 }, // U+0176
    { 0x0177, 30 }, // U+0177
    { 0x0178, 20 }, // U+0178
    { 0x0179, 21 }, // U+0179
    { 0x017B, 21 }, // U+017B
    { 0x017D, 21 }, // U+017D
    { 0x01A0, 40 }, // U+01A0
    { 0x01A1, 41 }, // U+01A1
    { 0x01AF, 42 }, // U+01AF
    { 0x01B0, 43 }, // U+01B0
    { 0x01D0, 35 }, // U+01D0
    { 0x01FA, 7 }, // U+01FA
    { 0x01FB, 23 }, // U+01FB
    { 0x01FC, 11 }, // U+01FC
    { 0x01FD, 24 }, // U+01FD
    { 0x01FE, 10 }, // U+01FE
    { 0x01FF, 24 }, // U+01FF
    { 0x020B, 35 }, // U+020B
    { 0x021A, 17 }, // U+021A
    { 0x021B, 29 }, // U+021B
    { 0x0402, 44 }, // U+0402
    { 0x0403, 45 }, // U+0403
    { 0x0404, 46 }, // U+0404
    { 0x0405, 47 }, // U+0405
    { 0x0408, 48 }, // U+0408
    { 0x0409, 44 }, // U+0409
    { 0x040A, 44 }, // U+040A
    { 0x040B, 49 }, // U+040B
    { 0x040C, 50 }, // U+040C
    { 0x040E, 51 }, // U+040E
    { 0x0410, 52 }, // U+0410
    { 0x0411, 53 }, // U+0411
    { 0x0412, 54 }, // U+0412
    { 0x0413, 45 }, // U+0413
    { 0x0414, 55 }, // U+0414
    { 0x0416, 50 }, // U+0416
    { 0x0417, 54 }, // U+0417
    { 0x041A, 50 }, // U+041A
    { 0x041E, 56 }, // U+041E
    { 0x0420, 57 }, // U+0420
    { 0x0421, 46 }, // U+0421
    { 0x0422, 45 }, // U+0422
    { 0x0423, 51 }, // U+0423
    { 0x0424, 58 }, // U+0424
    { 0x0425, 50 }, // U+0425
    { 0x0426, 55 }, // U+0426
    { 0x0429, 55 }, // U+0429
    { 0x042A, 44 }, // U+042A
    { 0x042C, 44 }, // U+042C
    { 0x042D, 56 }, // U+042D
    { 0x042E, 56 }, // U+042E
    { 0x0430, 59 }, // U+0430
    { 0x0431, 60 }, // U+0431
    { 0x0432, 61 }, // U+0432
    { 0x0433, 62 }, // U+0433
    { 0x0434, 63 }, // U+0434
    { 0x0435, 62 }, // U+0435
    { 0x0436, 64 }, // U+0436
    { 0x0437, 61 }, // U+0437
    { 0x0438, 59 }, // U+0438
    { 0x0439, 59 }, // U+0439
    { 0x043A, 65 }, // U+043A
    { 0x043B, 59 }, // U+043B
    { 0x043C, 59 }, // U+043C
    { 0x043D, 59 }, // U+043D
    { 0x043E, 66 }, // U+043E
    { 0x043F, 67 }, // U+043F
    { 0x0440, 66 }, // U+0440
    { 0x0441, 64 }, // U+0441
    { 0x0442, 67 }, // U+0442
    { 0x0443, 68 }, // U+0443
    { 0x0444, 66 }, // U+0444
    { 0x0445, 65 }, // U+0445
    { 0x0446, 69 }, // U+0446
    { 0x0447, 59 }, // U+0447
    { 0x0448, 59 }, // U+0448
    { 0x0449, 69 }, // U+0449
    { 0x044A, 70 }, // U+044A
    { 0x044B, 59 }, // U+044B
    { 0x044C, 70 }, // U+044C
    { 0x044D, 66 }, // U+044D
    { 0x044E, 66 }, // U+044E
    { 0x044F, 59 }, // U+044F
    { 0x0450, 62 }, // U+0450
    { 0x0451, 62 }, // U+0451
    { 0x0452, 71 }, // U+0452
    { 0x0453, 62 }, // U+0453
    { 0x0454, 64 }, // U+0454
    { 0x0455, 72 }, // U+0455
    { 0x0457, 73 }, // U+0457
    { 0x0458, 74 }, // U+0458
    { 0x0459, 70 }, // U+0459
    { 0x045A, 70 }, // U+045A
    { 0x045B, 67 }, // U+045B
    { 0x045C, 65 }, // U+045C
    { 0x045D, 59 }, // U+045D
    { 0x045E, 75 }, // U+045E
    { 0x045F, 59 }, // U+045F
    { 0x0460, 51 }, // U+0460
    { 0x0461, 76 }, // U+0461
    { 0x0462, 77 }, // U+0462
    { 0x0463, 70 }, // U+0463
    { 0x0464, 46 }, // U+0464
    { 0x0466, 52 }, // U+0466
    { 0x0467, 78 }, // U+0467
    { 0x0468, 52 }, // U+0468
    { 0x0469, 78 }, // U+0469
    { 0x046E, 54 }, // U+046E
    { 0x046F, 61 }, // U+046F
    { 0x0472, 56 }, // U+0472
    { 0x0473, 66 }, // U+0473
    { 0x0474, 51 }, // U+0474
    { 0x0475, 76 }, // U+0475
    { 0x0476, 51 }, // U+0476
    { 0x0477, 76 }, // U+0477
    { 0x0478, 68 }, // U+0478
    { 0x0479, 68 }, // U+0479
    { 0x047A, 56 }, // U+047A
    { 0x047B, 66 }, // U+047B
    { 0x047C, 56 }, // U+047C
    { 0x047D, 66 }, // U+047D
    { 0x047E, 51 }, // U+047E
    { 0x047F, 76 }, // U+047F
    { 0x0480, 46 }, // U+0480
    { 0x048A, 55 }, // U+048A
    { 0x048B, 63 }, // U+048B
    { 0x048C, 77 }, // U+048C
    { 0x048D, 70 }, // U+048D
    { 0x048E, 57 }, // U+048E
    { 0x048F, 66 }, // U+048F
    { 0x0490, 79 }, // U+0490
    { 0x0491, 80 }, // U+0491
    { 0x0492, 81 }, // U+0492
    { 0x0493, 82 }, // U+0493
    { 0x0495, 83 }, // U+0495
    { 0x0496, 84 }, // U+0496
    { 0x0497, 85 }, // U+0497
    { 0x0498, 54 }, // U+0498
    { 0x0499, 61 }, // U+0499
    { 0x049A, 84 }, // U+049A
    { 0x049B, 85 }, // U+049B
    { 0x049C, 50 }, // U+049C
    { 0x049D, 64 }, // U+049D
    { 0x049E, 50 }, // U+049E
    { 0x049F, 64 }, // U+049F
    { 0x04A0, 50 }, // U+04A0
    { 0x04A1, 64 }, // U+04A1
    { 0x04A2, 55 }, // U+04A2
    { 0x04A3, 63 }, // U+04A3
    { 0x04A4, 81 }, // U+04A4
    { 0x04A5, 80 }, // U+04A5
    { 0x04A7, 83 }, // U+04A7
    { 0x04A9, 66 }, // U+04A9
    { 0x04AA, 46 }, // U+04AA
    { 0x04AC, 79 }, // U+04AC
    { 0x04AD, 63 }, // U+04AD
    { 0x04AE, 86 }, // U+04AE
    { 0x04AF, 87 }, // U+04AF
    { 0x04B0, 86 }, // U+04B0
    { 0x04B1, 87 }, // U+04B1
    { 0x04B2, 84 }, // U+04B2
    { 0x04B3, 85 }, // U+04B3
    { 0x04B4, 55 }, // U+04B4
    { 0x04B5, 63 }, // U+04B5
    { 0x04B6, 55 }, // U+04B6
    { 0x04B7, 63 }, // U+04B7
    { 0x04BB, 83 }, // U+04BB
    { 0x04BC, 88 }, // U+04BC
    { 0x04BD, 62 }, // U+04BD
    { 0x04BE, 88 }, // U+04BE
    { 0x04BF, 62 }, // U+04BF
    { 0x04C1, 50 }, // U+04C1
    { 0x04C2, 64 }, // U+04C2
    { 0x04C4, 64 }, // U+04C4
    { 0x04C5, 55 }, // U+04C5
    { 0x04C6, 63 }, // U+04C6
    { 0x04C9, 55 }, // U+04C9
    { 0x04CA, 63 }, // U+04CA
    { 0x04CD, 55 }, // U+04CD
    { 0x04CE, 63 }, // U+04CE
    { 0x04D0, 52 }, // U+04D0
    { 0x04D1, 23 }, // U+04D1
    { 0x04D2, 52 }, // U+04D2
    { 0x04D3, 23 }, // U+04D3
    { 0x04D5, 62 }, // U+04D5
    { 0x04D7, 62 }, // U+04D7
    { 0x04D8, 56 }, // U+04D8
    { 0x04D9, 66 }, // U+04D9
    { 0x04DA, 56 }, // U+04DA
    { 0x04DB, 66 }, // U+04DB
    { 0x04DC, 50 }, // U+04DC
    { 0x04DD, 64 }, // U+04DD
    { 0x04DE, 54 }, // U+04DE
    { 0x04DF, 61 }, // U+04DF
    { 0x04E6, 56 }, // U+04E6
    { 0x04E7, 66 }, // U+04E7
    { 0x04E8, 56 }, // U+04E8
    { 0x04E9, 66 }, // U+04E9
    { 0x04EA, 56 }, // U+04EA
    { 0x04EB, 66 }, // U+04EB
    { 0x04EC, 56 }, // U+04EC
    { 0x04ED, 66 }, // U+04ED
    { 0x04EE, 51 }, // U+04EE
    { 0x04EF, 68 }, // U+04EF
    { 0x04F0, 51 }, // U+04F0
    { 0x04F1, 68 }, // U+04F1
    { 0x04F2, 51 }, // U+04F2
    { 0x04F3, 68 }, // U+04F3
    { 0x04F5, 59 }, // U+04F5
    { 0x04F6, 79 }, // U+04F6
    { 0x04F7, 80 }, // U+04F7
    { 0x04F9, 59 }, // U+04F9
    { 0x04FA, 81 }, // U+04FA
    { 0x04FB, 82 }, // U+04FB
    { 0x04FC, 84 }, // U+04FC
    { 0x04FD, 85 }, // U+04FD
    { 0x04FE, 50 }, // U+04FE
    { 0x04FF, 85 }, // U+04FF
    { 0x1EA0, 7 }, // U+1EA0
    { 0x1EA1, 23 }, // U+1EA1
    { 0x1EA2, 7 }, // U+1EA2
    { 0x1EA3, 23 }, // U+1EA3
    { 0x1EA4, 7 }, // U+1EA4
    { 0x1EA5, 23 }, // U+1EA5
    { 0x1EA6, 7 }, // U+1EA6
    { 0x1EA7, 23 }, // U+1EA7
    { 0x1EA8, 7 }, // U+1EA8
    { 0x1EA9, 23 }, // U+1EA9
    { 0x1EAA, 7 }, // U+1EAA
    { 0x1EAB, 23 }, // U+1EAB
    { 0x1EAC, 7 }, // U+1EAC
    { 0x1EAD, 23 }, // U+1EAD
    { 0x1EAE, 7 }, // U+1EAE
    { 0x1EAF, 23 }, // U+1EAF
    { 0x1EB0, 7 }, // U+1EB0
    { 0x1EB1, 23 }, // U+1EB1
    { 0x1EB2, 7 }, // U+1EB2
    { 0x1EB3, 23 }, // U+1EB3
    { 0x1EB4, 7 }, // U+1EB4
    { 0x1EB5, 23 }, // U+1EB5
    { 0x1EB6, 7 }, // U+1EB6
    { 0x1EB7, 23 }, // U+1EB7
    { 0x1EB8, 11 }, // U+1EB8
    { 0x1EB9, 24 }, // U+1EB9
    { 0x1EBA, 11 }, // U+1EBA
    { 0x1EBB, 24 }, // U+1EBB
    { 0x1EBC, 11 }, // U+1EBC
    { 0x1EBD, 24 }, // U+1EBD
    { 0x1EBE, 11 }, // U+1EBE
    { 0x1EBF, 24 }, // U+1EBF
    { 0x1EC0, 11 }, // U+1EC0
    { 0x1EC1, 24 }, // U+1EC1
    { 0x1EC2, 11 }, // U+1EC2
    { 0x1EC3, 24 }, // U+1EC3
    { 0x1EC4, 11 }, // U+1EC4
    { 0x1EC5, 24 }, // U+1EC5
    { 0x1EC6, 11 }, // U+1EC6
    { 0x1EC7, 24 }, // U+1EC7
    { 0x1ECC, 10 }, // U+1ECC
    { 0x1ECD, 24 }, // U+1ECD
    { 0x1ECE, 10 }, // U+1ECE
    { 0x1ECF, 24 }, // U+1ECF
    { 0x1ED0, 10 }, // U+1ED0
    { 0x1ED1, 24 }, // U+1ED1
    { 0x1ED2, 10 }, // U+1ED2
    { 0x1ED3, 24 }, // U+1ED3
    { 0x1ED4, 10 }, // U+1ED4
    { 0x1ED5, 24 }, // U+1ED5
    { 0x1ED6, 10 }, // U+1ED6
    { 0x1ED7, 24 }, // U+1ED7
    { 0x1ED8, 10 }, // U+1ED8
    { 0x1ED9, 24 }, // U+1ED9
    { 0x1EDA, 40 }, // U+1EDA
    { 0x1EDB, 41 }, // U+1EDB
    { 0x1EDC, 40 }, // U+1EDC
    { 0x1EDD, 41 }, // U+1EDD
    { 0x1EDE, 40 }, // U+1EDE
    { 0x1EDF, 41 }, // U+1EDF
    { 0x1EE0, 40 }, // U+1EE0
    { 0x1EE1, 41 }, // U+1EE1
    { 0x1EE2, 40 }, // U+1EE2
    { 0x1EE3, 41 }, // U+1EE3
    { 0x1EE4, 18 }, // U+1EE4
    { 0x1EE6, 18 }, // U+1EE6
    { 0x1EE8, 42 }, // U+1EE8
    { 0x1EE9, 43 }, // U+1EE9
    { 0x1EEA, 42 }, // U+1EEA
    { 0x1EEB, 43 }, // U+1EEB
    { 0x1EEC, 42 }, // U+1EEC
    { 0x1EED, 43 }, // U+1EED
    { 0x1EEE, 42 }, // U+1EEE
    { 0x1EEF, 43 }, // U+1EEF
    { 0x1EF0, 42 }, // U+1EF0
    { 0x1EF1, 43 }, // U+1EF1
    { 0x1EF2, 20 }, // U+1EF2
    { 0x1EF3, 30 }, // U+1EF3
    { 0x1EF4, 20 }, // U+1EF4
    { 0x1EF5, 30 }, // U+1EF5
    { 0x1EF6, 20 }, // U+1EF6
    { 0x1EF7, 30 }, // U+1EF7
    { 0x1EF8, 20 }, // U+1EF8
    { 0x1EF9, 30 }, // U+1EF9
    { 0x2013, 6 }, // U+2013
    { 0x2014, 6 }, // U+2014
    { 0x2015, 6 }, // U+2015
    { 0x2018, 2 }, // U+2018
    { 0x2019, 2 }, // U+2019
    { 0x201A, 5 }, // U+201A
    { 0x201C, 2 }, // U+201C
    { 0x201D, 2 }, // U+201D
    { 0x201E, 5 }, // U+201E
    { 0x2039, 32 }, // U+2039
    { 0x203A, 33 }, // U+203A
    { 0x207D, 89 }, // U+207D
    { 0x208D, 90 }, // U+208D
    { 0xFB00, 26 }, // U+FB00
};

static const EpdKernClassEntry notosans_12_italicKernRightClasses[] = {
    { 0x0021, 1 }, // !
    { 0x0022, 2 }, // "
    { 0x0026, 3 }, // &
    { 0x0027, 2 }, // '
    { 0x0029, 4 }, // )
    { 0x002C, 5 }, // ,
    { 0x002D, 6 }, // -
    { 0x002E, 5 }, // .
    { 0x003A, 7 }, // :
    { 0x003B, 7 }, // ;
    { 0x003F, 8 }, // ?
    { 0x0041, 9 }, // A
    { 0x0043, 10 }, // C
    { 0x0047, 10 }, // G
    { 0x0049, 11 }, // I
    { 0x004A, 12 }, // J
    { 0x004F, 10 }, // O
    { 0x0051, 10 }, // Q
    { 0x0053, 13 }, // S
    { 0x0054, 14 }, // T
    { 0x0055, 15 }, // U
    { 0x0056, 16 }, // V
    { 0x0057, 16 }, // W
    { 0x0058, 17 }, // X
    { 0x0059, 18 }, // Y
    { 0x005A, 19 }, // Z
    { 0x005D, 4 }, // ]
    { 0x0061, 20 }, // a
    { 0x0063, 21 }, // c
    { 0x0064, 21 }, // d
    { 0x0065, 21 }, // e
    { 0x0066, 22 }, // f
    { 0x0067, 23 }, // g
    { 0x006A, 24 }, // j
    { 0x006D, 25 }, // m
    { 0x006E, 25 }, // n
    { 0x006F, 21 }, // o
    { 0x0070, 25 }, // p
    { 0x0071, 21 }, // q
    { 0x0072, 25 }, // r
    { 0x0073, 26 }, // s
    { 0x0074, 27 }, // t
    { 0x0075, 25 }, // u
    { 0x0076, 28 }, // v
    { 0x0077, 28 }, // w
    { 0x0079, 28 }, // y
    { 0x007A, 29 }, // z
    { 0x007D, 4 }, // }
    { 0x00AB, 30 }, // U+00AB
    { 0x00BB, 31 }, // U+00BB
    { 0x00C0, 9 }, // U+00C0
    { 0x00C1, 9 }, // U+00C1
    { 0x00C2, 9 }, // U+00C2
    { 0x00C3, 9 }, // U+00C3
    { 0x00C4, 9 }, // U+00C4
    { 0x00C5, 9 }, // U+00C5
    { 0x00C6, 32 }, // U+00C6
    { 0x00C7, 10 }, // U+00C7
    { 0x00D2, 10 }, // U+00D2
    { 0x00D3, 10 }, // U+00D3
    { 0x00D4, 10 }, // U+00D4
    { 0x00D5, 10 }, // U+00D5
    { 0x00D6, 10 }, // U+00D6
    { 0x00D8, 10 }, // U+00D8
    { 0x00D9, 15 }, // U+00D9
    { 0x00DA, 15 }, // U+00DA
    { 0x00DB, 15 }, // U+00DB
    { 0x00DC, 15 }, // U+00DC
    { 0x00DD, 18 }, // U+00DD
    { 0x00DF, 24 }, // U+00DF
    { 0x00E0, 21 }, // U+00E0
    { 0x00E1, 20 }, // U+00E1
    { 0x00E2, 20 }, // U+00E2
    { 0x00E3, 20 }, // U+00E3
    { 0x00E4, 20 }, // U+00E4
    { 0x00E5, 20 }, // U+00E5
    { 0x00E6, 20 }, // U+00E6
    { 0x00E7, 21 }, // U+00E7
    { 0x00E8, 21 }, // U+00E8
    { 0x00E9, 21 }, // U+00E9
    { 0x00EA, 21 }, // U+00EA
    { 0x00EB, 21 }, // U+00EB
    { 0x00F1, 25 }, // U+00F1
    { 0x00F2, 21 }, // U+00F2
    { 0x00F3, 21 }, // U+00F3
    { 0x00F4, 21 }, // U+00F4
    { 0x00F5, 21 }, // U+00F5
    { 0x00F6, 21 }, // U+00F6
    { 0x00F8, 21 }, // U+00F8
    { 0x00F9, 25 }, // U+00F9
    { 0x00FA, 25 }, // U+00FA
    { 0x00FB, 25 }, // U+00FB
    { 0x00FC, 25 }, // U+00FC
    { 0x00FD, 28 }, // U+00FD
    { 0x00FF, 28 }, // U+00FF
    { 0x0100, 9 }, // U+0100
    { 0x0101, 20 }, // U+0101
    { 0x0102, 9 }, // U+0102
    { 0x0103, 20 }, // U+0103
    { 0x0104, 9 }, // U+0104
    { 0x0105, 20 }, // U+0105
    { 0x0106, 10 }, // U+0106
    { 0x0107, 21 }, // U+0107
    { 0x0108, 10 }, // U+0108
    { 0x0109, 21 }, // U+0109
    { 0x010A, 10 }, // U+010A
    { 0x010B, 21 }, // U+010B
    { 0x010C, 10 }, // U+010C
    { 0x010D, 21 }, // U+010D
    { 0x010F, 21 }, // U+010F
    { 0x0111, 21 }, // U+0111
    { 0x0113, 21 }, // U+0113
    { 0x0115, 21 }, // U+0115
    { 0x0117, 21 }, // U+0117
    { 0x0119, 21 }, // U+0119
    { 0x011B, 21 }, // U+011B
    { 0x011C, 10 }, // U+011C
    { 0x011D, 23 }, // U+011D
    { 0x011E, 10 }, // U+011E
    { 0x011F, 23 }, // U+011F
    { 0x0120, 10 }, // U+0120
    { 0x0121, 23 }, // U+0121
    { 0x0122, 10 }, // U+0122
    { 0x0123, 23 }, // U+0123
    { 0x0127, 33 }, // U+0127
    { 0x0129, 34 }, // U+0129
    { 0x0135, 24 }, // U+0135
    { 0x0138, 25 }, // U+0138
    { 0x0144, 25 }, // U+0144
    { 0x0146, 25 }, // U+0146
    { 0x0148, 25 }, // U+0148
    { 0x014B, 25 }, // U+014B
    { 0x014C, 10 }, // U+014C
    { 0x014D, 21 }, // U+014D
    { 0x014E, 10 }, // U+014E
    { 0x014F, 21 }, // U+014F
    { 0x0150, 10 }, // U+0150
    { 0x0151, 21 }, // U+0151
    { 0x0152, 10 }, // U+0152
    { 0x0153, 21 }, // U+0153
    { 0x0155, 25 }, // U+0155
    { 0x0157, 25 }, // U+0157
    { 0x015B, 26 }, // U+015B
    { 0x015D, 26 }, // U+015D
    { 0x015F, 26 }, // U+015F
    { 0x0161, 26 }, // U+0161
    { 0x0162, 14 }, // U+0162
    { 0x0163, 27 }, // U+0163
    { 0x0164, 14 }, // U+0164
    { 0x0165, 27 }, // U+0165
    { 0x0166, 14 }, // U+0166
    { 0x0167, 27 }, // U+0167
    { 0x0168, 15 }, // U+0168
    { 0x0169, 25 }, // U+0169
    { 0x016A, 15 }, // U+016A
    { 0x016B, 25 }, // U+016B
    { 0x016C, 15 }, // U+016C
    { 0x016D, 25 }, // U+016D
    { 0x016E, 15 }, // U+016E
    { 0x016F, 25 }, // U+016F
    { 0x0170, 15 }, // U+0170
    { 0x0171, 25 }, // U+0171
    { 0x0172, 15 }, // U+0172
    { 0x0173, 25 }, // U+0173
    { 0x0174, 16 }, // U+0174
    { 0x0175, 28 }, // U+0175
    { 0x0176, 18 }, // U+0176
    { 0x0177, 28 }, // U+0177
    { 0x0178, 18 }, // U+0178
    { 0x0179, 19 }, // U+0179
    { 0x017A, 29 }, // U+017A
    { 0x017B, 19 }, // U+017B
    { 0x017C, 29 }, // U+017C
    { 0x017D, 19 }, // U+017D
    { 0x017E, 29 }, // U+017E
    { 0x01A0, 10 }, // U+01A0
    { 0x01A1, 21 }, // U+01A1
    { 0x01AF, 15 }, // U+01AF
    { 0x01B0, 25 }, // U+01B0
    { 0x01FA, 9 }, // U+01FA
    { 0x01FB, 20 }, // U+01FB
    { 0x01FC, 32 }, // U+01FC
    { 0x01FD, 20 }, // U+01FD
    { 0x01FE, 10 }, // U+01FE
    { 0x01FF, 21 }, // U+01FF
    { 0x0219, 26 }, // U+0219
    { 0x021A, 14 }, // U+021A
    { 0x021B, 27 }, // U+021B
    { 0x0402, 35 }, // U+0402
    { 0x0404, 36 }, // U+0404
    { 0x0405, 37 }, // U+0405
    { 0x0408, 38 }, // U+0408
    { 0x0409, 39 }, // U+0409
    { 0x040B, 35 }, // U+040B
    { 0x040E, 40 }, // U+040E
    { 0x0410, 41 }, // U+0410
    { 0x0414, 42 }, // U+0414
    { 0x0416, 43 }, // U+0416
    { 0x0417, 44 }, // U+0417
    { 0x041B, 39 }, // U+041B
    { 0x041E, 36 }, // U+041E
    { 0x0421, 36 }, // U+0421
    { 0x0422, 35 }, // U+0422
    { 0x0423, 40 }, // U+0423
    { 0x0424, 45 }, // U+0424
    { 0x0425, 43 }, // U+0425
    { 0x0427, 46 }, // U+0427
    { 0x042A, 35 }, // U+042A
    { 0x042D, 44 }, // U+042D
    { 0x042F, 47 }, // U+042F
    { 0x0430, 48 }, // U+0430
    { 0x0431, 49 }, // U+0431
    { 0x0432, 48 }, // U+0432
    { 0x0433, 50 }, // U+0433
    { 0x0434, 51 }, // U+0434
    { 0x0435, 48 }, // U+0435
    { 0x0436, 52 }, // U+0436
    { 0x0437, 50 }, // U+0437
    { 0x0438, 53 }, // U+0438
    { 0x0439, 53 }, // U+0439
    { 0x043A, 54 }, // U+043A
    { 0x043B, 55 }, // U+043B
    { 0x043C, 54 }, // U+043C
    { 0x043D, 54 }, // U+043D
    { 0x043E, 48 }, // U+043E
    { 0x043F, 54 }, // U+043F
    { 0x0440, 54 }, // U+0440
    { 0x0441, 48 }, // U+0441
    { 0x0442, 54 }, // U+0442
    { 0x0443, 56 }, // U+0443
    { 0x0444, 48 }, // U+0444
    { 0x0445, 57 }, // U+0445
    { 0x0446, 53 }, // U+0446
    { 0x0447, 58 }, // U+0447
    { 0x0448, 53 }, // U+0448
    { 0x0449, 53 }, // U+0449
    { 0x044A, 59 }, // U+044A
    { 0x044B, 53 }, // U+044B
    { 0x044C, 53 }, // U+044C
    { 0x044D, 52 }, // U+044D
    { 0x044E, 54 }, // U+044E
    { 0x044F, 60 }, // U+044F
    { 0x0450, 48 }, // U+0450
    { 0x0451, 48 }, // U+0451
    { 0x0452, 61 }, // U+0452
    { 0x0453, 50 }, // U+0453
    { 0x0454, 48 }, // U+0454
    { 0x0455, 62 }, // U+0455
    { 0x0457, 63 }, // U+0457
    { 0x0458, 64 }, // U+0458
    { 0x0459, 55 }, // U+0459
    { 0x045A, 54 }, // U+045A
    { 0x045B, 61 }, // U+045B
    { 0x045C, 54 }, // U+045C
    { 0x045D, 53 }, // U+045D
    { 0x045E, 65 }, // U+045E
    { 0x045F, 53 }, // U+045F
    { 0x0460, 66 }, // U+0460
    { 0x0461, 67 }, // U+0461
    { 0x0462, 68 }, // U+0462
    { 0x0465, 69 }, // U+0465
    { 0x0466, 41 }, // U+0466
    { 0x0467, 70 }, // U+0467
    { 0x0469, 69 }, // U+0469
    { 0x046D, 69 }, // U+046D
    { 0x046E, 44 }, // U+046E
    { 0x046F, 50 }, // U+046F
    { 0x0470, 46 }, // U+0470
    { 0x0471, 69 }, // U+0471
    { 0x0472, 71 }, // U+0472
    { 0x0473, 72 }, // U+0473
    { 0x0474, 66 }, // U+0474
    { 0x0475, 67 }, // U+0475
    { 0x0476, 66 }, // U+0476
    { 0x0477, 67 }, // U+0477
    { 0x0478, 71 }, // U+0478
    { 0x0479, 72 }, // U+0479
    { 0x047A, 71 }, // U+047A
    { 0x047B, 72 }, // U+047B
    { 0x047C, 71 }, // U+047C
    { 0x047D, 72 }, // U+047D
    { 0x047E, 66 }, // U+047E
    { 0x047F, 67 }, // U+047F
    { 0x0480, 71 }, // U+0480
    { 0x0481, 72 }, // U+0481
    { 0x048B, 69 }, // U+048B
    { 0x048C, 68 }, // U+048C
    { 0x048D, 61 }, // U+048D
    { 0x048F, 69 }, // U+048F
    { 0x0491, 69 }, // U+0491
    { 0x0492, 68 }, // U+0492
    { 0x0495, 69 }, // U+0495
    { 0x0496, 43 }, // U+0496
    { 0x0497, 50 }, // U+0497
    { 0x0498, 44 }, // U+0498
    { 0x0499, 50 }, // U+0499
    { 0x049B, 69 }, // U+049B
    { 0x049D, 69 }, // U+049D
    { 0x049E, 68 }, // U+049E
    { 0x049F, 61 }, // U+049F
    { 0x04A0, 73 }, // U+04A0
    { 0x04A1, 59 }, // U+04A1
    { 0x04A3, 69 }, // U+04A3
    { 0x04A5, 69 }, // U+04A5
    { 0x04A7, 69 }, // U+04A7
    { 0x04A8, 71 }, // U+04A8
    { 0x04A9, 72 }, // U+04A9
    { 0x04AA, 71 }, // U+04AA
    { 0x04AB, 72 }, // U+04AB
    { 0x04AC, 35 }, // U+04AC
    { 0x04AD, 69 }, // U+04AD
    { 0x04AE, 74 }, // U+04AE
    { 0x04AF, 75 }, // U+04AF
    { 0x04B0, 74 }, // U+04B0
    { 0x04B1, 75 }, // U+04B1
    { 0x04B2, 43 }, // U+04B2
    { 0x04B3, 52 }, // U+04B3
    { 0x04B4, 73 }, // U+04B4
    { 0x04B5, 59 }, // U+04B5
    { 0x04B6, 46 }, // U+04B6
    { 0x04B7, 58 }, // U+04B7
    { 0x04B8, 46 }, // U+04B8
    { 0x04B9, 58 }, // U+04B9
    { 0x04BB, 69 }, // U+04BB
    { 0x04BC, 76 }, // U+04BC
    { 0x04BD, 77 }, // U+04BD
    { 0x04BE, 76 }, // U+04BE
    { 0x04BF, 77 }, // U+04BF
    { 0x04C1, 43 }, // U+04C1
    { 0x04C2, 52 }, // U+04C2
    { 0x04C4, 69 }, // U+04C4
    { 0x04C5, 78 }, // U+04C5
    { 0x04C6, 70 }, // U+04C6
    { 0x04C8, 69 }, // U+04C8
    { 0x04CA, 69 }, // U+04CA
    { 0x04CB, 46 }, // U+04CB
    { 0x04CC, 58 }, // U+04CC
    { 0x04CE, 69 }, // U+04CE
    { 0x04D0, 41 }, // U+04D0
    { 0x04D1, 79 }, // U+04D1
    { 0x04D2, 41 }, // U+04D2
    { 0x04D3, 79 }, // U+04D3
    { 0x04D4, 41 }, // U+04D4
    { 0x04D5, 79 }, // U+04D5
    { 0x04D7, 72 }, // U+04D7
    { 0x04D8, 80 }, // U+04D8
    { 0x04D9, 50 }, // U+04D9
    { 0x04DA, 80 }, // U+04DA
    { 0x04DB, 50 }, // U+04DB
    { 0x04DC, 43 }, // U+04DC
    { 0x04DD, 52 }, // U+04DD
    { 0x04DE, 44 }, // U+04DE
    { 0x04DF, 50 }, // U+04DF
    { 0x04E3, 69 }, // U+04E3
    { 0x04E5, 69 }, // U+04E5
    { 0x04E6, 71 }, // U+04E6
    { 0x04E7, 72 }, // U+04E7
    { 0x04E8, 71 }, // U+04E8
    { 0x04E9, 72 }, // U+04E9
    { 0x04EA, 71 }, // U+04EA
    { 0x04EB, 72 }, // U+04EB
    { 0x04EC, 44 }, // U+04EC
    { 0x04ED, 52 }, // U+04ED
    { 0x04EE, 40 }, // U+04EE
    { 0x04EF, 56 }, // U+04EF
    { 0x04F0, 40 }, // U+04F0
    { 0x04F1, 56 }, // U+04F1
    { 0x04F2, 40 }, // U+04F2
    { 0x04F3, 56 }, // U+04F3
    { 0x04F4, 46 }, // U+04F4
    { 0x04F5, 58 }, // U+04F5
    { 0x04F7, 69 }, // U+04F7
    { 0x04F9, 53 }, // U+04F9
    { 0x04FA, 68 }, // U+04FA
    { 0x04FC, 43 }, // U+04FC
    { 0x04FD, 52 }, // U+04FD
    { 0x04FE, 43 }, // U+04FE
    { 0x04FF, 52 }, // U+04FF
    { 0x1EA0, 9 }, // U+1EA0
    { 0x1EA1, 20 }, // U+1EA1
    { 0x1EA2, 9 }, // U+1EA2
    { 0x1EA3, 20 }, // U+1EA3
    { 0x1EA4, 9 }, // U+1EA4
    { 0x1EA5, 20 }, // U+1EA5
    { 0x1EA6, 9 }, // U+1EA6
    { 0x1EA7, 20 }, // U+1EA7
    { 0x1EA8, 9 }, // U+1EA8
    { 0x1EA9, 20 }, // U+1EA9
    { 0x1EAA, 9 }, // U+1EAA
    { 0x1EAB, 20 }, // U+1EAB
    { 0x1EAC, 9 }, // U+1EAC
    { 0x1EAD, 20 }, // U+1EAD
    { 0x1EAE, 9 }, // U+1EAE
    { 0x1EAF, 20 }, // U+1EAF
    { 0x1EB0, 9 }, // U+1EB0
    { 0x1EB1, 20 }, // U+1EB1
    { 0x1EB2, 9 }, // U+1EB2
    { 0x1EB3, 20 }, // U+1EB3
    { 0x1EB4, 9 }, // U+1EB4
    { 0x1EB5, 20 }, // U+1EB5
    { 0x1EB6, 9 }, // U+1EB6
    { 0x1EB7, 20 }, // U+1EB7
    { 0x1EB9, 21 }, // U+1EB9
    { 0x1EBB, 21 }, // U+1EBB
    { 0x1EBD, 21 }, // U+1EBD
    { 0x1EBF, 21 }, // U+1EBF
    { 0x1EC1, 21 }, // U+1EC1
    { 0x1EC3, 21 }, // U+1EC3
    { 0x1EC5, 21 }, // U+1EC5
    { 0x1EC7, 21 }, // U+1EC7
    { 0x1ECC, 10 }, // U+1ECC
    { 0x1ECD, 21 }, // U+1ECD
    { 0x1ECE, 10 }, // U+1ECE
    { 0x1ECF, 21 }, // U+1ECF
    { 0x1ED0, 10 }, // U+1ED0
    { 0x1ED1, 21 }, // U+1ED1
    { 0x1ED2, 10 }, // U+1ED2
    { 0x1ED3, 21 }, // U+1ED3
    { 0x1ED4, 10 }, // U+1ED4
    { 0x1ED5, 21 }, // U+1ED5
    { 0x1ED6, 10 }, // U+1ED6
    { 0x1ED7, 21 }, // U+1ED7
    { 0x1ED8, 10 }, // U+1ED8
    { 0x1ED9, 21 }, // U+1ED9
    { 0x1EDA, 10 }, // U+1EDA
    { 0x1EDB, 21 }, // U+1EDB
    { 0x1EDC, 10 }, // U+1EDC
    { 0x1EDD, 21 }, // U+1EDD
    { 0x1EDE, 10 }, // U+1EDE
    { 0x1EDF, 21 }, // U+1EDF
    { 0x1EE0, 10 }, // U+1EE0
    { 0x1EE1, 21 }, // U+1EE1
    { 0x1EE2, 10 }, // U+1EE2
    { 0x1EE3, 21 }, // U+1EE3
    { 0x1EE4, 15 }, // U+1EE4
    { 0x1EE5, 25 }, // U+1EE5
    { 0x1EE6, 15 }, // U+1EE6
    { 0x1EE7, 25 }, // U+1EE7
    { 0x1EE8, 15 }, // U+1EE8
    { 0x1EE9, 25 }, // U+1EE9
    { 0x1EEA, 15 }, // U+1EEA
    { 0x1EEB, 25 }, // U+1EEB
    { 0x1EEC, 15 }, // U+1EEC
    { 0x1EED, 25 }, // U+1EED
    { 0x1EEE, 15 }, // U+1EEE
    { 0x1EEF, 25 }, // U+1EEF
    { 0x1EF0, 15 }, // U+1EF0
    { 0x1EF1, 25 }, // U+1EF1
    { 0x1EF2, 18 }, // U+1EF2
    { 0x1EF3, 28 }, // U+1EF3
    { 0x1EF4, 18 }, // U+1EF4
    { 0x1EF5, 28 }, // U+1EF5
    { 0x1EF6, 18 }, // U+1EF6
    { 0x1EF7, 28 }, // U+1EF7
    { 0x1EF8, 18 }, // U+1EF8
    { 0x1EF9, 28 }, // U+1EF9
    { 0x2013, 6 }, // U+2013
    { 0x2014, 6 }, // U+2014
    { 0x2015, 6 }, // U+2015
    { 0x2018, 81 }, // U+2018
    { 0x2019, 2 }, // U+2019
    { 0x201A, 5 }, // U+201A
    { 0x201C, 81 }, // U+201C
    { 0x201D, 2 }, // U+201D
    { 0x201E, 5 }, // U+201E
    { 0x2026, 5 }, // U+2026
    { 0x2039, 30 }, // U+2039
    { 0x203A, 31 }, // U+203A
    { 0x207E, 82 }, // U+207E
    { 0x208E, 83 }, // U+208E
    { 0xFB00, 22 }, // U+FB00
};

static const int8_t notosans_12_italicKernMatrix[] = {
       0,    0,    0,    0,    0,    0,    0,    0,    0,    0,    0,    0,    0,    0,    0,    0,    0,    0,    0,    0,    0,    0,    0,    0,    0,    0,    0,    0,    0,    0,    0,    0,    0,    0,    0,    0,    0,    0,    0,    0,    0,    0,    0,    0,    0,    0,    0,    0,    0,    0,    0,    0,    0,    0,    0,    0,    0,    0,    0,    0,    0,    0,    0,    0,    0,    0,    0,    0,    0,    0,   -8,   -8,    0,    0,    0,    0,    0,    0,    0,    0,    0,    0,    0,
       0,    0,    0,    0,    0,    0,    0,    0,  -28,    0,    0,    0,    0,    8,    0,    8,    0,    4,    0,  -16,  -24,    0,  -12,    0,  -12,  -12,    0,    0,    0,    0,    0,    0,    0,   28,    8,    0,   12,    0,  -20,   12,  -28,  -24,   12,   16,    0,    8,    0,    0,    0,    4,    0,    0,    0,    0,  -12,    8,    0,    0,    0,    0,   16,    0,   16,    0,    8,    0,    0,    0,   -4,  -28,    0,  -24,    0,    0,    0,    0,    0,  -24,   -8,    0,    0,    0,    0,
       0,    0,    0,    0,    0,    0,    0,    0,    0,    0,    0,    0,    0,  -24,    0,  -16,    0,  -24,    0,    0,    0,    0,    0,    0,    0,    0,    0,    0,    0,    0,    0,    0,    0,    0,    0,    0,    0,    0,    0,    0,    0,    0,    0,    0,    0,    0,    0,    0,    0,    0,    0,    0,    0,    0,    0,    0,    0,    0,    0,    0,    0,    0,    0,    0,    0,    0,    0,    0,    0,    0,    0,    0,    0,    0,    0,    0,    0,    0,    0,    0,    0,    0,    0,
       0,    0,    0,    0,    0,    0,    0,    0,    0,    0,    0,   36,    0,    0,    0,    0,    0,    0,    0,    0,    0,   16,    0,   16,    0,    0,    0,    0,    0,    0,    0,    0,    0,    0,   12,    0,    0,   44,   -4,    0,    0,   16,    8,   12,   -8,    0,    0,    0,    0,    0,    0,    0,    0,    0,    0,   12,    0,    0,    0,    0,   16,    0,   12,   36,   12,    0,    0,    0,    0,    0,    0,    0,    0,    0,    0,    0,    0,    0,    0,    0,    0,    0,    0,
       0,    0,    0,    0,    0,    0,    0,    0,    0,  -20,    0,    0,    0,  -28,   -8,  -24,    0,  -24,    0,    0,    0,    0,    0,    0,    0,    0,    0,    0,    0,    0,    0,    0,    0,    0,  -24,    0,    0,    0,    0,    0,    0,    0,    0,    0,  -16,  -32,    0,    0,    0,    0,    0,    0,    0,    0,    0,    0,    0,  -24,  -20,    0,    0,    0,    0,    0,    0,  -24,    0,    0,    0,    0,  -20,    0,  -28,  -24,    0,  -24,    0,    0,    0,    0,    0,    0,    0,
       0,    0,    0,    0,    0,    0,    0,    0,    0,    0,    0,    0,    0,  -16,    0,    0,    0,    0,    0,    0,    0,    0,    0,    0,    0,    0,    0,    0,    0,    0,    0,    0,    0,    0,  -16,    0,    0,    0,    0,   -8,    0,   -4,   -8,    0,    0,  -20,    0,    0,    0,    0,    0,    0,    0,    0,   -4,   -4,   -4,   -8,   -8,    0,    0,    0,    0,    0,   -4,    0,    0,    0,    0,    0,    0,    0,  -16,    0,    0,    0,    0,    0,    0,    0,    0,    0,    0,
       0,  -28,    0,    0,    0,    0,    0,    0,    0,   -8,    0,   30,    0,  -20,    0,   -4,    0,  -12,    0,    0,    0,    0,    0,    0,    0,    0,    0,    0,    0,    0,    0,    0,    0,    0,    0,    0,    0,    0,    0,    0,    0,    0,    0,    0,    0,    0,    0,    0,    0,    0,    0,    0,    0,    0,    0,    0,    0,    0,    0,    0,    0,    0,    0,    0,    0,    0,    0,    0,    0,    0,    0,    0,    0,    0,    0,    0,    0,    0,    0,    0,    0,    0,    0,
       0,    0,    0,    0,   -8,    0,    0,    0,    0,    0,    0,    0,    0,    0,    0,    0,    0,    0,    0,    0,    0,    0,    0,    0,    0,    0,    0,    0,    0,    0,    0,    0,    0,    0,    0,    0,    0,    0,    0,    0,    0,    0,    0,    0,    0,    0,    0,    0,    0,    0,    0,    0,    0,    0,    0,    0,    0,    0,    0,    0,    0,    0,    0,    0,    0,    0,    0,    0,    0,    0,    0,    0,    0,    0,    0,    0,    0,    0,    0,    0,    0,    0,    0,
       0,    0,   -4,    0,    0,    0,    0,    0,    0,   -8,    0,    0,    0,    0,    0,    0,    0,    0,    0,    0,    0,    0,    0,    0,    0,    0,    0,    0,    0,   -8,    0,    0,    0,    0,    0,    0,    0,    0,    0,    0,    0,    0,    0,    0,    0,    0,    0,    0,    0,    0,    0,    0,    0,    0,    0,    0,    0,    0,    0,    0,    0,    0,    0,    0,    0,    0,    0,    0,    0,    0,    0,    0,    0,    0,    0,    0,    0,    0,    0,    0,    0,    0,    0,
       0,    0,    0,    0,  -16,    0,    0,    0,   -8,    0,    0,    0,    0,  -12,    0,   -4,   -8,   -4,   -4,    0,    0,    0,    0,    0,    0,    0,    0,    0,    0,    0,    0,    0,    0,    0,    0,    0,   -4,    0,    0,    0,    0,    0,    0,    0,    0,    0,    0,    0,    0,    0,    0,    0,    0,    0,    0,    0,    0,    0,    0,    0,    0,    0,    0,    0,    0,    0,    0,    0,    0,    0,    0,    0,    0,    0,    0,    0,    0,    0,    0,    0,    0,    0,    0,
       0,    0,    0,    0,    0,    0,    0,    0,    0,    0,    0,   24,    0,    0,    0,    0,    0,    0,    0,    0,    0,    0,    0,    0,    0,    0,    0,    0,    0,    0,    0,    0,    0,    0,    0,    0,    0,    0,    0,    0,    0,    0,    0,    0,    0,    0,    0,    0,    0,    0,    0,    0,    0,    0,    0,    0,    0,    0,    0,    0,    0,    0,    0,    0,    0,    0,    0,    0,    0,    0,    0,    0,    0,    0,    0,    0,    0,    0,    0,    0,    0,    0,    0,
       0,    0,    0,    0,  -24,    0,    0,    8,   -8,    0,    0,    0,    0,    0,    0,    0,    0,    0,    0,    0,    0,    0,    0,    0,    0,    0,    0,    0,    0,    0,    0,    0,    0,    0,    0,    0,    0,    0,    0,    0,    0,    0,    0,    0,    0,    0,    0,    0,    0,    0,    0,    0,    0,    0,    0,    0,    0,    0,    0,    0,    0,    0,    0,    0,    0,    0,    0,    0,    0,    0,    0,    0,    0,    0,    0,    0,    0,    0,    0,    0,    0,    0,    0,
       0,    0,    0,    0,    0,    0,    0,    0,    0,   -8,    0,    0,    0,    0,    0,    0,    0,    0,    0,    0,    0,    0,    0,    0,    0,    0,    0,    0,    0,   -8,    0,    0,    0,    0,    0,    0,    0,    0,    0,    0,    0,    0,    0,    0,    0,    0,    0,    0,    0,    0,    0,    0,    0,    0,    0,    0,    0,    0,    0,    0,    0,    0,    0,    0,    0,    0,    0,    0,    0,    0,    0,    0,    0,    0,    0,    0,    0,    0,    0,    0,    0,    0,    0,
       0,  -32,    0,    0,    0,    0,    0,    0,    0,   -8,    0,    0,    0,  -16,   -4,   -8,    0,  -16,    0,    0,    0,    0,    0,    0,    0,    0,    0,    0,    0,  -16,    0,    0,    0,    0,    0,    0,    0,    0,    0,    0,    0,    0,    0,    0,    0,    0,    0,    0,    0,    0,    0,    0,    0,    0,    0,    0,    0,    0,    0,    0,    0,    0,    0,    0,    0,    0,    0,    0,    0,    0,    0,    0,    0,    0,    0,    0,    0,    0,    0,    0,    0,    0,    0,
       0,    0,   -8,    0,  -52,    0,    0,    0,  -20,    0,    0,    0,    0,    0,    0,    0,   -8,    0,   -4,    0,    0,    0,    0,    0,    0,    0,    0,    0,    0,   -4,    0,    0,    0,    0,    0,    0,    0,    0,    0,    0,    0,    0,    0,    0,    0,    0,    0,    0,    0,    0,    0,    0,    0,    0,    0,    0,    0,    0,    0,    0,    0,    0,    0,    0,    0,    0,    0,    0,    0,    0,    0,    0,    0,    0,    0,    0,    0,    0,    0,    0,    0,    0,    0,
       0,    0,    0,    0,    0,    0,    0,    0,    0,    0,    0,    0,    0,    0,    0,    0,    0,    0,    0,    0,    0,    0,    0,    0,    0,    0,    0,    0,    0,   -4,    0,    0,    0,    0,    0,    0,    0,    0,    0,    0,    0,    0,    0,    0,    0,    0,    0,    0,    0,    0,    0,    0,    0,    0,    0,    0,    0,    0,    0,    0,    0,    0,    0,    0,    0,    0,    0,    0,    0,    0,    0,    0,    0,    0,    0,    0,    0,    0,    0,    0,    0,    0,    0,
       0,    0,   -8,    0,  -24,  -16,    0,    8,  -20,   -8,    0,    0,    0,    4,    0,    0,    0,    0,    0,  -32,  -28,    0,  -28,    0,  -20,  -24,    0,   -8,  -16,  -24,  -16,    0,    0,    0,    0,    0,    0,    0,    0,    0,    0,    0,    0,    0,    0,    0,    0,    0,    0,    0,    0,    0,    0,    0,    0,    0,    0,    0,    0,    0,    0,    0,    0,    0,    0,    0,    0,    0,    0,    0,    0,    0,    0,    0,    0,    0,    0,    0,    0,    0,    0,    0,    0,
       0,    0,    0,    0,   -8,    0,    0,    0,   -4,    0,    0,    0,    0,    0,    0,    0,    0,    0,    0,    0,    0,    0,    0,    0,    0,    0,    0,    0,    0,    0,    0,    0,    0,    0,    0,    0,    0,    0,    0,    0,    0,    0,    0,    0,    0,    0,    0,    0,    0,    0,    0,    0,    0,    0,    0,    0,    0,    0,    0,    0,    0,    0,    0,    0,    0,    0,    0,    0,    0,    0,    0,    0,    0,    0,    0,    0,    0,    0,    0,    0,    0,    0,    0,
       0,    0,   -4,    0,  -20,    0,    0,    8,   -4,   -4,    0,    0,    0,    0,    0,    0,    0,    0,    0,   -8,   -8,    0,   -4,    0,   -4,   -4,    0,    0,    0,  -16,   -8,    0,    0,    0,    0,    0,    0,    0,    0,    0,    0,    0,    0,    0,    0,    0,    0,    0,    0,    0,    0,    0,    0,    0,    0,    0,    0,    0,    0,    0,    0,    0,    0,    0,    0,    0,    0,    0,    0,    0,    0,    0,    0,    0,    0,    0,    0,    0,    0,    0,    0,    0,    0,
       0,    0,  -12,    0,  -24,    0,    0,    8,  -12,   -8,    0,    0,    0,    0,    0,    0,    0,    0,    0,  -20,  -20,    0,   -8,    0,  -12,  -16,    0,    0,   -8,  -16,  -16,   -8,    0,    0,    0,    0,    0,    0,    0,    0,    0,    0,    0,    0,    0,    0,    0,    0,    0,    0,    0,    0,    0,    0,    0,    0,    0,    0,    0,    0,    0,    0,    0,    0,    0,    0,    0,    0,    0,    0,    0,    0,    0,    0,    0,    0,    0,    0,    0,    0,    0,    0,    0,
       0,    0,   -8,    0,    0,    0,    0,    0,    0,   -4,    0,    0,    0,    0,    0,    0,    0,    0,    0,    0,    0,    0,    0,    0,    0,    0,    0,    0,    0,   -4,    0,    0,    0,    0,    0,    0,    0,    0,    0,    0,    0,    0,    0,    0,    0,    0,    0,    0,    0,    0,    0,    0,    0,    0,    0,    0,    0,    0,    0,    0,    0,    0,    0,    0,    0,    0,    0,    0,    0,    0,    0,    0,    0,    0,    0,    0,    0,    0,    0,    0,    0,    0,    0,
       0,    0,    0,    0,    0,    0,    0,    0,    0,    0,    0,   36,    0,    0,    0,    0,    0,    0,    0,    0,    0,    0,    0,    0,    0,    0,    0,    0,    0,    0,    0,    0,    0,    0,    0,    0,    0,    0,    0,    0,    0,    0,    0,    0,    0,    0,    0,    0,    0,    0,    0,    0,    0,    0,    0,    0,    0,    0,    0,    0,    0,    0,    0,    0,    0,    0,    0,    0,    0,    0,    0,    0,    0,    0,    0,    0,    0,    0,    0,    0,    0,    0,    0,
       0,   -4,    0,    0,    0,    0,    0,    0,    0,    0,    0,    0,    0,    0,    0,    0,    0,    0,    0,    0,    0,    0,    0,    0,    0,    0,    0,    0,    0,    0,    0,    0,    0,    0,    0,    0,    0,    0,    0,    0,    0,    0,    0,    0,    0,    0,    0,    0,    0,    0,    0,    0,    0,    0,    0,    0,    0,    0,    0,    0,    0,    0,    0,    0,    0,    0,    0,    0,    0,    0,    0,    0,    0,    0,    0,    0,    0,    0,    0,    0,    0,    0,    0,
       0,   -4,    0,    0,    0,    0,    0,    0,    0,    0,    0,    0,    0,    0,    0,    0,    0,    0,    0,    0,    0,    0,    0,    0,    0,    0,    0,   -8,   -4,    0,    0,    0,    0,    0,    0,    0,    0,    0,    0,    0,    0,    0,    0,    0,    0,    0,    0,    0,    0,    0,    0,    0,    0,    0,    0,    0,    0,    0,    0,    0,    0,    0,    0,    0,    0,    0,    0,    0,    0,    0,    0,    0,    0,    0,    0,    0,    0,    0,    0,    0,    0,    0,    0,
       0,    8,    0,    0,    0,    0,    0,    0,    0,    0,    0,    0,    0,    0,    0,    0,    0,    0,    0,    0,    0,    0,    0,    0,    0,    0,    0,    0,    0,    0,    0,    0,    0,    0,    0,    0,    0,    0,    0,    0,    0,    0,    0,    0,    0,    0,    0,    0,    0,    0,    0,    0,    0,    0,    0,    0,    0,    0,    0,    0,    0,    0,    0,    0,    0,    0,    0,    0,    0,    0,    0,    0,    0,    0,    0,    0,    0,    0,    0,    0,    0,    0,    0,
       0,   24,    0,   16,    0,    0,    0,    0,    0,    0,    0,    0,    0,    0,    0,    0,    0,    0,    0,    0,    0,    0,    0,    0,    0,    0,    0,    0,    0,    0,    0,    0,    0,    0,    0,    0,    0,    0,    0,    0,    0,    0,    0,    0,    0,    0,    0,    0,    0,    0,    0,    0,    0,    0,    0,    0,    0,    0,    0,    0,    0,    0,    0,    0,    0,    0,    0,    0,    0,    0,    0,    0,    0,    0,    0,    0,    0,    0,    0,    0,    0,    0,    0,
       0,    0,    0,    0,    0,    0,    0,    0,    0,    0,    0,    0,    0,    0,    0,    0,    0,    0,    0,    0,   -8,    0,    0,    0,    0,    0,    0,    0,    0,    0,    0,    0,    0,    0,    0,    0,    0,    0,    0,    0,    0,    0,    0,    0,    0,    0,    0,    0,    0,    0,    0,    0,    0,    0,    0,    0,    0,    0,    0,    0,    0,    0,    0,    0,    0,    0,    0,    0,    0,    0,    0,    0,    0,    0,    0,    0,    0,    0,    0,    0,    0,    0,    0,
       0,   16,    0,    0,  -48,    0,    0,    0,    0,    0,    0,    0,    0,    0,    0,    0,    0,    0,    0,   -8,   -8,    0,   -4,    0,    0,    0,    0,    0,    0,    0,    0,    0,    0,    0,    0,    0,    0,    0,    0,    0,    0,    0,    0,    0,    0,    0,    0,    0,    0,    0,    0,    0,    0,    0,    0,    0,    0,    0,    0,    0,    0,    0,    0,    0,    0,    0,    0,    0,    0,    0,    0,    0,    0,    0,    0,    0,    0,    0,    0,    0,    0,    0,    0,
       0,    8,    0,    8,    0,    0,    0,    0,    0,    0,    0,    0,    0,    0,    0,    0,    0,    0,    0,    0,    0,    0,    0,    0,    0,    0,    0,    0,    0,    0,    0,    0,    0,    0,    0,    0,    0,    0,    0,    0,    0,    0,    0,    0,    0,    0,    0,    0,    0,    0,    0,    0,    0,    0,    0,    0,    0,    0,    0,    0,    0,    0,    0,    0,    0,    0,    0,    0,    0,    0,    0,    0,    0,    0,    0,    0,    0,    0,    0,    0,    0,    0,    0,
       0,   16,    0,    0,  -16,    0,    0,    8,    0,    0,    0,    0,    0,    0,    0,    0,    0,    0,    0,    0,    0,    0,    0,    0,    0,    0,    0,    0,    0,    0,    0,    0,    0,    0,    0,    0,    0,    0,    0,    0,    0,    0,    0,    0,    0,    0,    0,    0,    0,    0,    0,    0,    0,    0,    0,    0,    0,    0,    0,    0,    0,    0,    0,    0,    0,    0,    0,    0,    0,    0,    0,    0,    0,    0,    0,    0,    0,    0,    0,    0,    0,    0,    0,
       0,    0,    0,    0,    0,    0,    0,    0,    0,    0,    0,   24,    0,   -8,    0,    0,    0,   -4,    0,    0,    0,    0,    0,    0,    0,    0,    0,    0,    0,    0,    0,    0,    0,    0,    0,    0,    0,    0,    0,    0,    0,    0,    0,    0,    0,    0,    0,    0,    0,    0,    0,    0,    0,    0,    0,    0,    0,    0,    0,    0,    0,    0,    0,    0,    0,    0,    0,    0,    0,    0,    0,    0,    0,    0,    0,    0,    0,    0,    0,    0,    0,    0,    0,
       0,    0,    0,    0,    0,    0,    0,    0,    0,    0,    0,    0,    0,  -16,    0,   -8,    0,  -16,    0,    0,    0,    0,    0,    0,    0,    0,    0,    0,    0,    0,    0,    0,    0,    0,  -16,    0,    0,    0,    0,   -4,    0,    0,    0,    0,    0,   -8,    0,    0,    0,    0,    0,    0,    0,    0,    0,    0,    0,    0,    0,    0,    0,    0,    0,    0,    0,    0,    0,    0,    0,    0,    0,    0,  -12,    0,    0,    0,    0,    0,    0,    0,    0,    0,    0,
       0,    0,    0,    0,    0,    0,    0,    0,    0,    0,    0,    0,    0,  -24,    0,  -16,    0,  -16,    0,    0,    0,    0,    0,    0,    0,    0,    0,    0,    0,    0,    0,    0,    0,    0,  -24,    0,    0,    0,    0,   -8,    0,    0,   -8,    0,    0,  -24,    0,    0,    0,    0,    0,    0,    0,    0,    0,    0,    0,    0,    0,    0,    0,    0,    0,    0,    0,    0,    0,    0,    0,    0,    0,    0,  -16,    0,    0,    0,    0,    0,    0,    0,    0,    0,    0,
       0,    0,    0,    0,    0,    0,    0,    0,    0,    0,    0,   40,    0,  -20,    0,   -4,    0,  -12,    0,    0,    0,    0,    0,    0,    0,    0,    0,    0,    0,    0,    0,    0,    0,    0,    0,    0,    0,    0,    0,    0,    0,    0,    0,    0,    0,    0,    0,    0,    0,    0,    0,    0,    0,    0,    0,    0,    0,    0,    0,    0,    0,    0,    0,    0,    0,    0,    0,    0,    0,    0,    0,    0,    0,    0,    0,    0,    0,    0,    0,    0,    0,    0,    0,
       0,    0,    0,   16,    0,    0,    0,    0,    0,    0,    0,    0,    0,    0,    0,    0,    0,    0,    0,    0,    0,    0,    0,    0,    0,    0,    0,    0,    0,    0,    0,    0,    0,    0,    0,    0,    0,    0,    0,    0,    0,    0,    0,    0,    0,    0,    0,    0,    0,    0,    0,    0,    0,    0,    0,    0,    0,    0,    0,    0,    0,    0,    0,    0,    0,    0,    0,    0,    0,    0,    0,    0,    0,    0,    0,    0,    0,    0,    0,    0,    0,    0,    0,
      24,   28,    0,   34,    0,    0,    0,   32,    0,    0,    0,    0,    0,    0,    0,    0,    0,    0,    0,    0,    0,    0,    0,    0,    0,    0,    0,    0,    0,    0,    0,    0,   28,    0,    0,    0,    0,    0,    0,    0,    0,    0,    0,    0,    0,    0,    0,    0,    0,    0,    0,    0,    0,    0,    0,    0,    0,    0,    0,    0,    0,    0,    0,    0,    0,    0,    0,    0,    0,    0,    0,    0,    0,    0,    0,    0,    0,    0,    0,    0,   16,    0,    0,
       0,    0,    0,   16,    0,    0,    0,    0,    0,    0,    0,    0,    0,    0,    0,    0,    0,    0,    0,    0,    0,    0,    0,    0,    0,    0,    0,    0,    0,    0,    0,    0,    0,   44,    0,    0,    0,    0,    0,    0,    0,    0,    0,    0,    0,    0,    0,    0,    0,    0,    0,    0,    0,    0,    0,    0,    0,    0,    0,    0,    0,    0,    0,    0,    0,    0,    0,    0,    0,    0,    0,    0,    0,    0,    0,    0,    0,    0,    0,    0,    0,    0,    0,
       0,    0,    0,    0,    0,    0,    0,    0,    0,    0,    0,   20,    0,    0,    0,    0,    0,    0,    0,    0,    0,    0,    0,    0,    0,    0,    0,    0,    0,    0,    0,    0,    0,    0,    0,    0,    0,    0,    0,    0,    0,    0,    0,    0,    0,    0,    0,    0,    0,    0,    0,    0,    0,    0,    0,    0,    0,    0,    0,    0,    0,    0,    0,    0,    0,    0,    0,    0,    0,    0,    0,    0,    0,    0,    0,    0,    0,    0,    0,    0,    0,    0,    0,
       0,   16,    0,   24,    0,    0,    0,    8,    0,    0,    0,    0,    0,    0,    0,    0,    0,    0,    0,    0,    0,    0,    0,    0,    0,    0,    0,    0,    0,    0,    0,    0,    0,    0,    0,    0,    0,    0,    0,    0,    0,    0,    0,    0,    0,    0,    0,    0,    0,    0,    0,    0,    0,    0,    0,    0,    0,    0,    0,    0,    0,    0,    0,    0,    0,    0,    0,    0,    0,    0,    0,    0,    0,    0,    0,    0,    0,    0,    0,    0,    0,    0,    0,
       0,    0,    0,    0,    0,    0,    0,   12,    0,    0,    0,    0,    8,   12,    0,   16,   12,   24,    0,    0,    8,    0,    0,    0,    0,    0,    0,    0,    0,    0,    0,    0,    0,    0,    0,    0,    0,    0,    0,    0,    0,    0,    0,    0,    0,    0,    0,    0,    0,    0,    0,    0,    0,    0,    0,    0,    0,    0,    0,    0,    0,    0,    0,    0,    0,    0,    0,    0,    0,    0,    0,    0,    0,    0,    0,    0,    0,    0,    0,    0,    0,    0,    0,
       0,    8,    0,    0,    0,    0,    0,    0,    0,    0,    0,    0,    0,    0,    0,    0,    0,    0,    0,    0,    0,   16,    0,    0,    0,    8,   16,   20,    0,    0,    0,    0,    0,    0,    0,    0,    0,    0,    0,    0,    0,    0,    0,    0,    0,    0,    0,    0,    0,    0,    0,    0,    0,    0,    0,    0,    0,    0,    0,    0,    0,    0,    0,    0,    0,    0,    0,    0,    0,    0,    0,    0,    0,    0,    0,    0,    0,    0,    0,    0,   24,    0,    0,
       0,    8,    0,    0,  -16,    0,    0,   20,   -8,    0,   12,    0,    8,   28,    0,   32,   24,   32,    0,   -8,    4,    0,    0,    0,   -4,    0,    0,    0,    0,    0,    0,    0,    0,    0,    0,    0,    0,    0,    0,    0,    0,    0,    0,    0,    0,    0,    0,    0,    0,    0,    0,    0,    0,    0,    0,    0,    0,    0,    0,    0,    0,    0,    0,    0,    0,    0,    0,    0,    0,    0,    0,    0,    0,    0,    0,    0,    0,    0,    0,    0,    8,    0,    0,
       0,    8,    0,    0,   -4,    0,    0,    8,    0,    0,    0,    0,    0,    0,    0,    0,    0,    0,    0,    0,    0,   20,    0,    0,    0,    8,   20,   20,    0,    0,    0,    0,    0,    0,    0,    0,    0,    0,    0,    0,    0,    0,    0,    0,    0,    0,    0,    0,    0,    0,    0,    0,    0,    0,    0,    0,    0,    0,    0,    0,    0,    0,    0,    0,    0,    0,    0,    0,    0,    0,    0,    0,    0,    0,    0,    0,    0,    0,    0,    0,   20,    0,    0,
       0,  -32,    0,   -4,   -8,    0,    0,    0,    0,    0,    0,    0,    0,    0,    0,    0,    0,    0,    0,    0,    0,    0,    0,    0,    0,    0,    0,    0,    0,    0,    0,    0,    0,    0,  -28,   -4,    0,    0,    0,   -8,    0,    0,   -4,    0,   -4,  -32,   -4,    0,    0,    0,    0,   -4,    0,    0,    0,  -12,    0,  -12,  -24,    0,    0,    0,    0,    0,  -12,    0,    0,    0,    0,    0,    0,    0,    0,    0,    0,    0,    0,    0,    0,    0,  -28,    0,    0,
       0,    0,    0,   12,  -24,  -16,   -8,    0,    0,    0,    0,    0,    0,    0,    0,    0,    0,    0,    0,    0,    0,    0,    0,    0,    0,    0,    0,    0,    0,    0,  -16,    0,    0,    0,    4,   -8,    0,    0,  -24,    0,  -20,  -24,    0,    4,  -14,    0,   -4,  -28,    0,  -12,  -40,  -12,  -12,  -12,  -28,   -8,  -12,  -20,   -8,  -12,   20,  -12,    8,    0,  -16,    0,    0,    0,    0,    0,    0,    0,    0,    0,    0,    0,    0,    0,    0,    0,    0,    0,    0,
       0,    0,    0,    0,    0,    0,    0,    0,    0,    0,    0,    0,    0,    0,    0,    0,    0,    0,    0,    0,    0,    0,    0,    0,    0,    0,    0,    0,    0,   -8,    0,    0,    0,    0,    0,   -4,    0,    8,    0,    0,    0,    0,    0,    0,   -8,   -4,    0,   -4,    0,    0,   -4,    0,    0,    0,    0,    0,    0,   -8,    0,    0,    0,    0,    0,    0,    0,    0,    0,    0,    0,    0,   -8,    0,    0,    0,    0,   -8,    0,    0,    0,    0,    0,    0,    0,
       0,    0,    0,    0,   -4,    0,    0,    0,    0,    0,    0,    0,    0,    0,    0,    0,    0,    0,    0,    0,    0,    0,    0,    0,    0,    0,    0,    0,    0,    0,    0,    0,    0,    0,    0,    0,    0,    0,    0,    0,    0,    0,    0,    0,   -4,   -8,    0,    0,    0,    0,    0,    0,    0,    0,    0,    0,    0,   -6,    0,    0,    0,    0,    0,    0,    0,    0,    0,    0,    0,    0,    0,    0,    0,    0,    0,    0,    0,    0,    0,    0,   -4,    0,    0,
       0,    0,    0,    0,    0,    0,    0,    0,    0,    0,    0,    0,    0,    0,    0,    0,    0,    0,    0,    0,    0,    0,    0,    0,    0,    0,    0,    0,    0,    0,    0,    0,    0,    0,    0,    0,    0,   20,    0,    0,    0,    0,    0,    0,    0,    0,    0,    0,    0,    0,    0,    0,    0,    0,    0,    0,    0,    0,    0,    0,    0,    0,    0,   12,    0,    0,    0,    0,    0,    0,    0,    0,    0,    0,    0,    0,    0,    0,    0,    0,    0,    0,    0,
       0,  -32,    0,    0,    0,    0,    0,    0,    0,    0,    0,    0,    0,    0,    0,    0,    0,    0,    0,    0,    0,    0,    0,    0,    0,    0,    0,    0,    0,    0,    0,    0,    0,    0,  -28,    0,    0,    0,    0,   -8,    0,    0,    0,    0,    0,  -32,    0,    0,    0,    0,    0,    0,    0,    0,    0,    0,    0,  -12,  -20,    0,    0,    0,    0,    0,    0,    0,    0,    0,    0,    0,    0,    0,    0,    0,    0,    0,    0,    0,    0,    0,  -20,    0,    0,
       0,    0,    0,    8,   -4,  -12,    0,    0,    0,    0,    0,    0,    0,    0,    0,    0,    0,    0,    0,    0,    0,    0,    0,    0,    0,    0,    0,    0,    0,   -8,    0,    0,    0,    0,    0,  -10,    0,    8,    0,    0,    0,    4,    0,    0,  -16,   -8,    0,   -4,    0,    0,   -8,    0,   -4,    0,    0,   -4,    0,  -12,   -4,    0,    0,    0,    4,    0,   -4,    0,    0,    0,    0,    0,   -8,    0,    0,    0,    0,  -20,    0,    0,    0,    0,    0,    0,    0,
       0,    0,    0,    0,  -32,   -8,   -8,    0,    0,    0,    0,    0,    0,    0,    0,    0,    0,    0,    0,    0,    0,    0,    0,    0,    0,    0,    0,    0,    0,  -16,   -8,    0,    0,    0,    0,   -8,    0,    0,  -32,    0,  -32,  -28,    0,    0,  -12,    0,  -12,  -12,   -8,   -4,  -24,    0,   -4,   -8,  -20,    0,    0,   -8,    0,   -4,   20,   -8,    8,    0,    0,    0,    0,    0,    0,  -16,   -4,   -8,    0,    0,    0,   -8,  -12,  -20,    0,    0,    0,    0,    0,
       0,  -28,    0,    0,    0,    0,    0,    0,    0,    0,    0,    0,    0,    0,    0,    0,    0,    0,    0,    0,    0,    0,    0,    0,    0,    0,    0,    0,    0,    0,    0,    0,    0,    0,  -24,  -16,    0,   12,    8,   -8,    0,    0,    0,    0,  -16,  -36,    0,   -4,   -4,    0,   -4,    0,   -4,    0,    8,  -12,    0,  -24,  -24,    0,    0,    0,    0,    0,  -12,  -16,    0,   -8,    0,    0,    0,    0,  -20,  -24,    0,  -20,    0,    0,    0,   -8,  -28,    0,    0,
       0,   -8,    0,    0,    0,    0,    0,    0,    0,    0,    0,    0,    0,    0,    0,    0,    0,    0,    0,    0,    0,    0,    0,    0,    0,    0,    0,    0,    0,    0,    0,    0,    0,    0,    0,   -4,    0,    0,    0,    0,   -4,    0,   -4,    0,   -4,   -8,    0,    0,    0,    0,    0,   -4,    0,    0,    0,  -12,   -4,  -12,  -16,    0,    0,    0,    0,    0,  -12,    0,    0,    0,    0,    0,    0,    0,    0,    0,    0,   -8,    0,    0,    0,    0,   -8,    0,    0,
       0,    0,    0,    0,   -8,    0,    0,    0,    0,    0,    0,    0,    0,    0,    0,    0,    0,    0,    0,    0,    0,    0,    0,    0,    0,    0,    0,    0,    0,    0,    0,    0,    0,    0,   -8,    0,   -4,    0,    0,   -4,   -4,    0,   -4,   -4,   -4,   -8,   -4,    0,    0,    0,    0,   -4,    0,    0,    0,    0,    0,   -4,    0,    0,    0,    0,    0,    0,    0,   -4,    0,    0,    0,    0,    0,    0,    0,   -4,    0,    0,    0,    0,    0,    0,    0,    0,    0,
       0,    0,    0,   16,    0,    0,    0,    0,    0,    0,    0,    0,    0,    0,    0,    0,    0,    0,    0,    0,    0,    0,    0,    0,    0,    0,    0,    0,    0,    0,    0,    0,    0,    0,   -4,   -4,    0,   48,   12,    0,    6,   12,    4,    0,   -4,  -12,    0,    0,    0,    0,    0,    0,    0,    0,   16,   12,    0,  -16,   -8,    0,    0,    0,    0,   40,   12,    0,    0,    0,    0,    0,    0,    0,    0,    0,    0,    0,    0,    0,    0,    0,    0,    0,    0,
       0,    0,    0,    0,  -16,    0,    0,    0,    0,    0,    0,    0,    0,    0,    0,    0,    0,    0,    0,    0,    0,    0,    0,    0,    0,    0,    0,    0,    0,    0,    0,    0,    0,    0,  -16,    0,    0,    0,    0,  -16,   -8,    0,  -10,   -4,    0,   -8,   -4,    0,    0,    0,    0,    0,    0,    0,    0,    0,    0,   -4,    0,    0,    0,    0,    0,    0,    0,   -4,    0,    0,    0,   -4,    0,    0,   -4,   -4,    0,    0,    0,    0,    0,    0,    0,    0,    0,
       0,    0,    0,    0,  -52,   -4,    0,    0,    0,    0,    0,    0,    0,    0,    0,    0,    0,    0,    0,    0,    0,    0,    0,    0,    0,    0,    0,    0,    0,   -4,    0,    0,    0,    0,   -8,    0,    0,    0,  -20,  -12,  -20,  -20,  -12,   -4,    0,    0,   -4,   -4,    0,    0,   -4,    0,    0,    0,  -16,    0,    0,    0,    0,    0,    0,    0,    0,    0,    0,    0,    0,    0,    0,  -20,    0,    0,    0,    0,    0,    0,    0,  -24,    0,    0,    0,    0,    0,
       0,    0,    0,   -8,  -16,    0,   -4,    0,    0,    0,    0,    0,    0,    0,    0,    0,    0,    0,    0,    0,    0,    0,    0,    0,    0,    0,    0,    0,    0,    0,    0,    0,    0,    0,  -20,    0,   -4,    0,   -8,  -24,   -8,   -6,  -16,   -8,    0,   -8,  -12,    0,    0,    0,    0,    0,    0,    0,   -8,    0,    0,    0,    0,    0,    0,    0,    0,    0,    0,   -4,    0,    0,    0,   -4,    0,    0,   -8,  -12,    0,    0,    0,   -8,    0,    0,    0,    0,    0,
       0,    0,    0,    0,    0,    0,    0,    0,    0,    0,    0,    0,    0,    0,    0,    0,    0,    0,    0,    0,    0,    0,    0,    0,    0,    0,    0,    0,    0,    0,    0,    0,    0,    0,  -12,    0,    0,    0,    0,    0,    0,    0,    0,    0,    0,    0,    0,    0,    0,    0,    0,    0,    0,    0,    0,    0,    0,    0,    0,    0,    0,    0,    0,    0,    0,    0,    0,    0,    0,    0,    0,    0,    0,    0,    0,    0,    0,    0,    0,    0,    0,    0,    0,
       0,   -4,    0,    0,   -8,    0,    0,    0,    0,    0,    0,    0,    0,    0,    0,    0,    0,    0,    0,    0,    0,    0,    0,    0,    0,    0,    0,    0,    0,    0,    0,    0,    0,    0,  -44,    0,    0,    0,    0,  -12,    0,    0,   -4,    0,    0,  -12,    0,    0,    0,   -4,    0,   -8,    0,    0,    0,  -16,   -8,   -8,   -8,   -4,    0,   -4,    0,    0,  -16,    0,    0,    0,    0,    0,    0,    0,    0,    0,    0,    0,    0,    0,    0,    0,   -8,    0,    0,
       0,    0,    0,    0,   -8,    0,    0,    0,    0,    0,    0,    0,    0,    0,    0,    0,    0,    0,    0,    0,    0,    0,    0,    0,    0,    0,    0,    0,    0,    0,    0,    0,    0,    0,  -24,    0,    0,    0,    0,    0,    0,    0,    0,    0,    0,   -4,    0,    0,    0,   -4,    0,   -4,    0,    0,    0,  -12,    0,   -8,   -4,    0,    0,    0,    0,    0,  -12,    0,    0,    0,    0,    0,    0,    0,    0,    0,    0,    0,    0,    0,    0,    0,    0,    0,    0,
       0,   -4,    0,    0,    0,    0,    0,    0,    0,    0,    0,    0,    0,    0,    0,    0,    0,    0,    0,    0,    0,    0,    0,    0,    0,    0,    0,    0,    0,    0,    0,    0,    0,    0,  -20,    0,    0,    0,    0,    0,    0,    0,    0,    0,    0,   -4,    0,   -4,    0,    0,   -4,    0,    0,    0,    0,   -8,    0,   -4,    0,    0,    0,    0,    0,    0,   -8,    0,    0,    0,    0,    0,    0,    0,    0,    0,    0,    0,    0,    0,    0,    0,    0,    0,    0,
       0,   -4,    0,    0,   -8,    0,    0,    0,    0,    0,    0,    0,    0,    0,    0,    0,    0,    0,    0,    0,    0,    0,    0,    0,    0,    0,    0,    0,    0,    0,    0,    0,    0,    0,   -8,    0,    0,    0,    0,    0,    0,    0,   -4,    0,    0,    0,    0,    0,    0,    0,    0,    0,    0,    0,    0,    0,   -4,    0,    0,    0,    0,    0,    0,    0,    0,    0,    0,    0,    0,    0,    0,    0,    0,    0,    0,    0,    0,    0,    0,    0,    0,    0,    0,
       0,    0,    0,    0,    0,    0,    0,    0,    0,    0,    0,    0,    0,    0,    0,    0,    0,    0,    0,    0,    0,    0,    0,    0,    0,    0,    0,    0,    0,    0,    0,    0,    0,    0,  -16,    0,    0,    0,    0,    0,    0,    0,    0,    0,    0,   -4,    0,   -8,    0,    0,   -8,    0,    0,    0,    4,    0,    0,   -8,    0,    0,    0,    0,    0,    0,    0,    0,    0,    0,    0,    0,    0,   -8,    0,    0,    0,    0,   -8,    0,    0,    0,    0,    0,    0,
       0,    0,    0,    0,   -4,   -8,    0,    0,    0,    0,    0,    0,    0,    0,    0,    0,    0,    0,    0,    0,    0,    0,    0,    0,    0,    0,    0,    0,    0,    0,    0,    0,    0,    0,  -12,    0,    0,    0,    0,    0,    0,    0,    0,    0,    0,   -4,    0,   -8,   -4,    0,   -8,    0,   -6,    0,    0,    0,    0,   -4,    0,    0,    0,    0,    0,    0,    0,    0,    0,    0,    0,    0,    0,    0,    0,    0,    0,    0,    0,    0,    0,    0,    4,    0,    0,
       0,   -4,    0,    0,   -8,    0,    0,    0,    0,    0,    0,    0,    0,    0,    0,    0,    0,    0,    0,    0,    0,    0,    0,    0,    0,    0,    0,    0,    0,    0,    0,    0,    0,    0,  -28,    0,    0,    0,    0,  -12,    0,    0,   -4,    0,    0,  -12,    0,    0,    0,   -4,    0,   -8,    0,    0,    0,  -16,   -8,   -8,   -8,   -4,    0,   -4,    0,    0,  -16,    0,    0,    0,    0,    0,    0,    0,    0,    0,    0,    0,    0,    0,    0,    0,   -8,    0,    0,
       0,  -12,    0,    0,    0,    0,    0,    0,    0,    0,    0,    0,    0,    0,    0,    0,    0,    0,    0,    0,    0,    0,    0,    0,    0,    0,    0,    0,    0,    0,    0,    0,    0,    0,  -16,    0,    0,    0,    0,    0,    0,    0,   -4,    0,    0,   -8,    0,    0,    0,    0,    0,    0,    0,    0,    0,  -20,    0,   -8,   -8,    0,    0,    0,    0,    0,  -20,    0,    0,    0,    0,    0,    0,    0,    0,    0,    0,    0,    0,    0,    0,    0,  -16,    0,    0,
       0,    0,    0,    0,  -16,   -4,    0,    0,    0,    0,    0,    0,    0,    0,    0,    0,    0,    0,    0,    0,    0,    0,    0,    0,    0,    0,    0,    0,    0,    0,    0,    0,    0,    0,   -8,    0,    0,    0,  -12,    0,   -4,    0,   -4,    0,    0,    0,    0,  -12,    0,    0,  -12,    0,    0,    0,  -20,    0,    0,    0,    0,   -4,    0,    0,    0,    0,    0,    0,    0,    0,    0,   -8,    0,    0,    0,    0,    0,    0,    0,    0,    0,    0,    8,    0,    0,
       0,   -8,    0,   16,    0,    0,    0,    0,    0,    0,    0,    0,    0,    0,    0,    0,    0,    0,    0,    0,    0,    0,    0,    0,    0,    0,    0,    0,    0,    0,    0,    0,    0,    0,  -20,    0,    0,   52,   16,    0,    8,   16,    8,    0,   -8,  -16,    0,    0,    0,    0,    0,    0,   -4,    0,    8,    4,    0,   -8,   -8,    0,    0,    0,    0,   20,    4,    0,    0,    0,    0,    0,    0,    0,    0,    0,    0,    0,    0,    0,    0,    0,  -12,    0,    0,
       0,  -24,    0,    0,    0,    0,    0,    0,    0,    0,    0,    0,    0,    0,    0,    0,    0,    0,    0,    0,    0,    0,    0,    0,    0,    0,    0,    0,    0,    0,    0,    0,    0,    0,  -36,  -12,    0,    0,    4,    0,    0,    0,    0,    0,    0,  -48,    0,    0,   -4,    0,    0,   -6,   -4,    0,    0,  -24,   -2,  -28,  -28,    0,    0,    0,    0,    0,  -24,    0,   -8,    0,    0,    0,    0,    0,    0,    0,  -12,    0,   -8,    0,    0,    0,  -36,    0,    0,
       0,  -12,    0,    0,    0,    0,    0,    0,    0,    0,    0,    0,    0,    0,    0,    0,    0,    0,    0,    0,    0,    0,    0,    0,    0,    0,    0,    0,    0,    0,    0,    0,    0,    0,  -36,    0,    0,   32,    0,    0,    0,    0,    0,    0,    0,    0,    0,    0,    0,    0,    0,    0,    0,    0,    0,  -16,    0,   -8,   -8,    0,    0,    0,    0,    8,  -16,    0,    0,    0,    0,    0,    0,    0,    0,    0,    0,    0,    0,    0,    0,    0,  -16,    0,    0,
       0,    0,    0,    0,    0,    0,    0,    0,    0,    0,    0,    0,    0,    0,    0,    0,    0,    0,    0,    0,    0,    0,    0,    0,    0,    0,    0,    0,    0,    0,    0,    0,    0,    0,  -12,    0,    0,    0,    0,   -8,    0,    0,    0,    0,    0,    0,    0,   -4,    0,    0,   -4,    0,    0,    0,    0,    0,    0,   -8,    0,    0,    0,    0,    0,    0,    0,    0,    0,    0,    0,    0,    0,    0,    0,    0,    0,    0,    0,    0,    0,    0,    0,    0,    0,
       0,   16,    0,   12,    0,    0,    0,    0,    0,    0,    0,    0,    0,    0,    0,    0,    0,    0,    0,    0,    0,    0,    0,    0,    0,    0,    0,    0,    0,    0,    0,    0,    0,    0,    8,    0,    0,    0,    0,    8,    0,    0,    4,    0,    0,    0,    0,    0,    0,    0,    0,    0,    0,    0,    0,    0,    0,    0,    0,    0,    8,    0,    4,    0,    0,    0,    0,    0,    0,    0,    0,    0,    0,    0,    0,    0,    0,    0,    0,    0,   16,    0,    0,
       0,    0,    0,    0,    0,    0,    0,    0,    0,    0,    0,    0,    0,    0,    0,    0,    0,    0,    0,    0,    0,    0,    0,    0,    0,    0,    0,    0,    0,    0,    0,    0,    0,    0,    0,    0,    0,   32,    0,    0,    0,    0,    0,    0,    0,    0,    0,    0,    0,    0,    0,    0,    0,    0,    0,    0,    0,    0,    0,    0,    0,    0,    0,   12,    0,    0,    0,    0,    0,    0,    0,    0,    0,    0,    0,    0,    0,    0,    0,    0,    0,    0,    0,
       0,    0,    0,    0,  -16,   -4,    0,    0,    0,    0,    0,    0,    0,    0,    0,    0,    0,    0,    0,    0,    0,    0,    0,    0,    0,    0,    0,    0,    0,    0,    0,    0,    0,    0,  -16,    0,    0,    0,  -12,    0,   -4,    0,   -4,    0,    0,    0,    0,  -12,    0,    0,  -12,    0,    0,    0,  -20,    0,    0,    0,    0,   -4,    0,    0,    0,    0,    0,    0,    0,    0,    0,   -8,    0,    0,    0,    0,    0,    0,    0,    0,    0,    0,    8,    0,    0,
       0,    0,    0,    0,  -16,    0,    0,    0,    0,    0,    0,    0,    0,    0,    0,    0,    0,    0,    0,    0,    0,    0,    0,    0,    0,    0,    0,    0,    0,    0,    0,    0,    0,    0,    0,    0,    0,    0,    0,    0,    0,    0,    0,    0,    0,    0,    0,    0,    0,    0,    0,    0,    0,    0,    0,    0,    0,    0,    0,    0,    0,    0,    0,    0,    0,    0,    0,    0,    0,   -8,    0,    0,    0,    0,    0,    0,    0,    0,    0,    0,    0,    0,    0,
       0,  -16,    0,    0,    0,    0,    0,    0,    0,    0,    0,    0,    0,    0,    0,    0,    0,    0,    0,    0,    0,    0,    0,    0,    0,    0,    0,    0,    0,    0,    0,    0,    0,    0,  -16,    0,    0,    0,    0,    0,    0,    0,    0,    0,    0,  -24,    0,    0,    0,    0,    0,    0,    0,    0,    0,    0,    0,    0,   -8,    0,    0,    0,    0,    0,    0,  -12,    0,    0,    0,    0,    0,    0,  -20,  -12,    0,    0,    0,    0,    0,    0,    0,    0,    0,
       0,  -28,    0,    0,    0,    0,    0,    0,    0,    0,    0,    0,    0,    0,    0,    0,    0,    0,    0,    0,    0,    0,    0,    0,    0,    0,    0,    0,    0,    0,    0,    0,    0,    0,    0,    0,    0,    0,    0,    0,    0,    0,    0,    0,    0,    0,    0,    0,    0,    0,    0,    0,    0,    0,    0,  -12,    0,  -12,  -20,   12,    0,    0,    0,    0,  -12,    0,   -8,    0,   -4,    0,    0,   -8,    0,    0,   -8,    0,   -8,    0,   -8,    0,    0,    0,    0,
       0,    0,    0,    0,  -24,  -16,    0,    0,    0,    0,    0,    0,    0,    0,    0,    0,    0,    0,    0,    0,    0,    0,    0,    0,    0,    0,    0,    0,    0,  -24,  -16,    0,    0,    0,    4,    0,    0,    0,    0,    0,  -20,    0,    0,    0,  -16,    0,    0,    0,    0,   -8,    0,   -8,    0,    0,    0,  -16,    0,  -20,  -16,  -12,    0,  -24,    0,    0,  -16,    0,   -8,    0,  -20,  -24,   -8,  -28,    0,    0,  -16,  -20,  -28,  -20,    0,    0,    0,    0,    0,
       0,    0,    0,    0,  -20,   -8,    0,    0,    0,    0,    0,    0,    0,    0,    0,    0,    0,    0,    0,    0,    0,    0,    0,    0,    0,    0,    0,    0,    0,    0,    0,    0,    0,    0,    0,    0,    0,    0,    0,    0,    0,    0,    0,    0,    0,    0,    0,    0,    0,    0,    0,    0,    0,    0,    0,    0,    0,    0,    0,    0,    0,    0,    0,    0,    0,    0,    0,    0,    0,  -12,    0,   -4,    0,    0,    0,    0,    0,    0,    0,    0,    0,    0,    0,
       0,    0,    0,    0,  -20,   -8,    0,    0,    0,    0,    0,    0,    0,    0,    0,    0,    0,    0,    0,    0,    0,    0,    0,    0,    0,    0,    0,    0,    0,    0,    0,    0,    0,    0,    8,    0,    0,    0,    0,    0,  -24,    0,    0,    0,  -12,    0,    0,    0,    0,   -8,    0,   -8,    0,    0,    0,    0,    0,  -20,    0,    0,    8,  -12,    0,    0,    0,    0,    0,    0,  -12,  -20,   -8,  -16,    8,    0,    0,   -8,  -12,  -16,    0,    0,    0,    0,    0,
       0,    0,    0,    0,  -12,    0,    0,    0,    0,    0,    0,    0,    0,    0,    0,    0,    0,    0,    0,    0,    0,    0,    0,    0,    0,    0,    0,    0,    0,    0,    0,    0,    0,    0,    0,    0,    0,    0,    0,    0,    0,    0,    0,    0,    0,    0,    0,    0,    0,    0,    0,    0,    0,    0,    0,    0,    0,    0,    0,    0,    0,    0,    0,    0,    0,    0,   20,    0,    0,  -12,    0,   -8,    0,    0,    0,    0,    0,    0,    0,    0,    0,    0,    0,
       0,  -28,    0,    0,    0,    0,    0,    0,    0,    0,    0,    0,    0,    0,    0,    0,    0,    0,    0,    0,    0,    0,    0,    0,    0,    0,    0,    0,    0,    0,    0,    0,    0,    0,    0,    0,    0,    0,    0,    0,    0,    0,    0,    0,    0,    0,    0,    0,    0,    0,    0,    0,    0,    0,    0,   -8,    0,  -32,  -20,    0,    0,    0,    0,    0,   -8,    0,   -8,    0,    0,    0,    0,    0,    0,    0,   -8,    0,   -8,    0,    0,    0,    0,    0,    0,
       0,    0,    0,    0,    0,    0,    0,    0,    0,    0,    0,    0,    0,    0,    0,    0,    0,    0,    0,    0,    0,    0,    0,    0,    0,    0,    0,    0,    0,    0,    0,    0,    0,    0,    0,    0,    0,   88,    0,    0,    0,    0,    0,    0,  -12,    0,    0,    0,    0,    0,    0,    0,    0,    0,    0,    0,    0,  -16,   -8,    0,    0,    0,    0,    0,    0,    0,    0,    0,    0,    0,   -8,    0,    0,    0,    0,  -12,   -8,    0,    0,    0,    0,    0,    0,
       0,    0,    0,    0,    0,    0,    0,    0,    0,    0,    0,    0,    0,    0,    0,    0,    0,    0,    0,    0,    0,    0,    0,    0,    0,    0,    0,    0,    0,    0,    0,    0,    0,    0,    0,    0,    0,    0,    0,    0,    0,    0,    0,    0,    0,    0,    0,    0,    0,    0,    0,    0,    0,    0,    0,    0,    0,   -4,    0,    0,    0,    0,    0,    0,    0,    0,    0,    0,    0,    0,    0,   -4,    0,    0,    0,    0,    0,    0,    0,    0,    0,    0,    0,
       0,    0,    0,    0,  -24,    0,    0,    0,    0,    0,    0,    0,    0,    0,    0,    0,    0,    0,    0,    0,    0,    0,    0,    0,    0,    0,    0,    0,    0,    0,    0,    0,    0,    0,    0,    0,    0,    0,    0,    0,  -24,    0,    0,    0,  -12,    0,    0,    0,    0,  -16,    0,    0,    0,    0,    0,    0,    0,  -16,    0,   -8,    8,    0,    0,    0,    0,    0,    0,    0,  -12,  -20,   -8,  -20,    0,    0,    0,    0,  -16,  -16,  -16,   -4,    0,    0,    0,
       0,    0,    0,    0,  -16,    0,    0,    0,    0,    0,    0,    0,    0,    0,    0,    0,    0,    0,    0,    0,    0,    0,    0,    0,    0,    0,    0,    0,    0,    0,    0,    0,    0,    0,    0,    0,    0,    0,    0,    0,    0,    0,    0,    0,    0,    0,    0,    0,    0,    0,    0,    0,    0,    0,    0,    0,    0,    0,    0,    0,    0,    0,    0,    0,    0,    0,    0,    0,    0,   -4,    0,    0,    0,    0,    0,    0,    0,    0,    0,    0,    0,    0,    0,
       0,    0,    0,    0,    0,    0,    0,    0,    0,    0,    0,    0,    0,    0,    0,    0,    0,    0,    0,    0,    0,    0,    0,    0,    0,    0,    0,    0,    0,    0,    0,    0,    0,    0,   -8,    0,    0,    0,    0,    0,    0,    0,    0,    0,    0,    0,    0,    0,    0,    0,    0,    0,    0,    0,    0,    0,    0,    0,    0,    0,    0,    0,    0,    0,    0,   -4,    0,    0,    0,    0,    0,    0,    0,   -4,    0,    0,    0,    0,    0,    0,    0,    0,    0,
       0,    0,    0,    0,    0,    0,    0,    0,    0,    0,    0,    0,    0,    0,    0,    0,    0,    0,    0,    0,    0,    0,    0,    0,    0,    0,    0,    0,    0,    0,    0,    0,    0,    0,    0,    0,    0,    0,    0,    0,    0,    0,    0,    0,    0,    0,    0,    0,    0,    0,    0,    0,    0,    0,    0,    0,    0,    0,    0,    0,    0,    0,    0,    0,    0,    0,    0,    0,    0,    0,    0,    0,    0,    0,    0,    0,    0,    0,    0,    0,    0,   21,    0,
       0,    0,    0,    0,    0,    0,    0,    0,    0,    0,    0,    0,    0,    0,    0,    0,    0,    0,    0,    0,    0,    0,    0,    0,    0,    0,    0,    0,    0,    0,    0,    0,    0,    0,    0,    0,    0,    0,    0,    0,    0,    0,    0,    0,    0,    0,    0,    0,    0,    0,    0,    0,    0,    0,    0,    0,    0,    0,    0,    0,    0,    0,    0,    0,    0,    0,    0,    0,    0,    0,    0,    0,    0,    0,    0,    0,    0,    0,    0,    0,    0,    0,   20,
};

static const EpdLigaturePair notosans_12_italicLigaturePairs[] = {
    { 0x00660066, 0xFB00 }, // f f -> U+FB00
    { 0x00660069, 0xFB01 }, // f i -> U+FB01
    { 0x0066006C, 0xFB02 }, // f l -> U+FB02
    { 0xFB000069, 0xFB03 }, // U+FB00 i -> U+FB03
    { 0xFB00006C, 0xFB04 }, // U+FB00 l -> U+FB04
};

static const EpdFontData notosans_12_italic = {
    notosans_12_italicBitmaps,
    notosans_12_italicGlyphs,
    notosans_12_italicIntervals,
    20,
    34,
    27,
    -8,
    true,
    notosans_12_italicGroups,
    18,
    nullptr,
    notosans_12_italicKernLeftClasses,
    notosans_12_italicKernRightClasses,
    notosans_12_italicKernMatrix,
    471,
    471,
    90,
    83,
    notosans_12_italicLigaturePairs,
    5,
};
