/**
 * generated by fontconvert.py
 * name: notosans_14_bold
 * size: 14
 * mode: 2-bit  compressed: zopfli
 * hinting: auto (FT_LOAD_FORCE_AUTOHINT — grid-fits stems to whole pixels)
 * Command used: fontconvert.py notosans_14_bold 14 ../builtinFonts/source/NotoSans/NotoSans-Bold.ttf --2bit --compress --zopfli
 */
#pragma once
#include "EpdFontData.h"

static const uint8_t notosans_14_boldBitmaps[32022] = {
    0xAD, 0x58, 0x31, 0x90, 0xE5, 0x36, 0x72, 0x7D, 0xFC, 0xBC, 0x13, 0xCB, 0x66, 0x00, 0x05, 0x56,
    0x95, 0xAB, 0xB6, 0xCA, 0xBC, 0x3C, 0x30, 0xF3, 0xC4, 0xE0, 0xF9, 0x82, 0x0D, 0x14, 0x9C, 0x82,
    0xFD, 0x92, 0xAB, 0x14, 0x6C, 0xEE, 0x64, 0x9C, 0x07, 0x4B, 0x9E, 0x2E, 0x50, 0xE0, 0x60, 0x95,
    0x4C, 0x9E, 0x38, 0x70, 0x26, 0x87, 0x0E, 0xAC, 0x01, 0x4E, 0x1B, 0x38, 0x70, 0xB0, 0xBC, 0x52,
    0xA9, 0x14, 0x8A, 0xE5, 0xD3, 0x96, 0xEA, 0x22, 0xE1, 0x6C, 0x4E, 0x2D, 0xE6, 0x16, 0xE4, 0x73,
    0x37, 0x3E, 0x67, 0xFE, 0xCC, 0xCC, 0xAE, 0x3C, 0x77, 0x12, 0x89, 0xF7, 0x50, 0xBF, 0xD1, 0x68,
    0xA0, 0xC1, 0x06, 0x7E, 0x93, 0xCE, 0xBF, 0xF9, 0x06, 0x00, 0x0B, 0x7A, 0xBD, 0x2D, 0xEC, 0xB3,
    0xB4, 0x95, 0x8F, 0x0E, 0x25, 0xB6, 0x3F, 0x8F, 0xA8, 0xC7, 0x33, 0xC0, 0x8C, 0x8B, 0x90, 0x4F,
    0x40, 0x93, 0xE9, 0x57, 0x42, 0xED, 0x47, 0x11, 0x96, 0x64, 0x38, 0x12, 0x9E, 0x54, 0x01, 0x38,
    0xAB, 0x27, 0x60, 0x31, 0x23, 0x48, 0xD2, 0x1F, 0xE9, 0x83, 0x8B, 0x93, 0xD3, 0xAE, 0x9C, 0x6D,
    0x87, 0x32, 0x58, 0x1C, 0xA8, 0x0A, 0x3D, 0x50, 0x4F, 0x32, 0x04, 0xCC, 0x86, 0x4F, 0x7F, 0x8F,
    0x9A, 0x9C, 0x2C, 0x19, 0x1C, 0x39, 0xF2, 0x79, 0x31, 0xF0, 0x29, 0xC0, 0xE7, 0x80, 0x23, 0x60,
    0xF9, 0x09, 0x0C, 0x17, 0x14, 0xA4, 0x47, 0xC3, 0x00, 0xE3, 0x66, 0x98, 0x66, 0xEE, 0x8C, 0x99,
    0x2F, 0x4C, 0x1B, 0x48, 0x2A, 0xFC, 0x09, 0x17, 0xE0, 0xF1, 0xD1, 0x6E, 0xB5, 0x00, 0x0B, 0x5A,
    0x76, 0x45, 0x82, 0xA5, 0x2F, 0x67, 0xB8, 0xC7, 0x53, 0x1D, 0xB0, 0x54, 0xC1, 0x8C, 0x48, 0x65,
    0x68, 0x07, 0x65, 0x0B, 0xE5, 0x15, 0x22, 0xFF, 0x43, 0x6A, 0x47, 0xF7, 0xF8, 0x77, 0xD1, 0x45,
    0xCB, 0xFF, 0xFC, 0x03, 0x53, 0xC3, 0xA7, 0xFF, 0x3D, 0x9F, 0x55, 0x4B, 0xFB, 0x4C, 0xB5, 0xEC,
    0x2F, 0x94, 0x5D, 0xA9, 0xBC, 0x28, 0x97, 0xA9, 0x9C, 0x7B, 0x54, 0xF3, 0x6E, 0x59, 0x61, 0x02,
    0xB8, 0xA0, 0x19, 0xE1, 0x22, 0xAC, 0x47, 0x33, 0xE1, 0xE4, 0x02, 0x40, 0x49, 0x0E, 0x80, 0x21,
    0x47, 0xA0, 0x59, 0xFA, 0x20, 0x1C, 0xDA, 0x23, 0xCF, 0x76, 0x02, 0xCC, 0x42, 0x0F, 0x54, 0x24,
    0x80, 0x1D, 0xA3, 0x70, 0xCD, 0x69, 0x47, 0xB4, 0x8C, 0xE5, 0x8A, 0xFE, 0x25, 0xAB, 0x05, 0xFC,
    0x0D, 0xFF, 0x2B, 0x81, 0x43, 0xCF, 0x59, 0xB8, 0xE1, 0x04, 0xFA, 0x8A, 0x1E, 0xEE, 0xE2, 0x84,
    0x23, 0x2C, 0x29, 0xF2, 0x9A, 0xFC, 0x6E, 0x81, 0x88, 0x4A, 0x76, 0xD6, 0xE7, 0x7B, 0xD0, 0xBB,
    0xED, 0xB0, 0x62, 0x97, 0x64, 0xA2, 0x30, 0x41, 0x67, 0x66, 0xBD, 0x96, 0x7E, 0x80, 0xEB, 0x40,
    0xDC, 0x2D, 0x2A, 0x97, 0xD6, 0xAC, 0xA6, 0xFA, 0x26, 0x48, 0x5F, 0xB5, 0x80, 0x15, 0xAD, 0x87,
    0x99, 0xF4, 0x67, 0x99, 0xB0, 0x5B, 0xEE, 0x76, 0xB8, 0x53, 0x8E, 0xC3, 0xA8, 0x7E, 0x79, 0x98,
    0xC6, 0xA4, 0x76, 0xB4, 0xCA, 0xA8, 0xC7, 0x8C, 0xBF, 0x7D, 0xF8, 0xDB, 0x7F, 0xB7, 0x64, 0x14,
    0xA4, 0x77, 0xDC, 0x1F, 0x1F, 0xC1, 0xEA, 0x88, 0x3A, 0xF5, 0xBE, 0x2B, 0x93, 0xF5, 0xC5, 0xFC,
    0x37, 0xC0, 0xDB, 0xD0, 0xB0, 0xBC, 0x83, 0xFD, 0xE3, 0x2F, 0xDF, 0x23, 0x19, 0x2E, 0xF1, 0x3A,
    0x1D, 0x33, 0x9B, 0x60, 0x42, 0x33, 0xB6, 0xBE, 0x1D, 0x6C, 0xB7, 0xDF, 0x33, 0x5F, 0x4F, 0xC0,
    0x4E, 0xEF, 0x27, 0xB8, 0x36, 0xC5, 0x88, 0xFA, 0xE6, 0x62, 0x65, 0x17, 0x8A, 0xF5, 0xD8, 0x6E,
    0x82, 0x96, 0xF6, 0x5A, 0x3B, 0xDC, 0x37, 0xA8, 0xB8, 0xC2, 0x90, 0x83, 0x3D, 0xA7, 0xB7, 0xA3,
    0x9D, 0x7A, 0xDF, 0x06, 0xE7, 0x9B, 0xC0, 0xC1, 0xCC, 0x6F, 0x82, 0xB6, 0xF7, 0x02, 0xD5, 0x6F,
    0xCF, 0x9D, 0xD7, 0xFE, 0x25, 0xD7, 0x6C, 0x0F, 0x26, 0xC2, 0xC6, 0x82, 0xB1, 0xD6, 0x65, 0x89,
    0xEE, 0x79, 0xB4, 0x26, 0xFE, 0xB5, 0x08, 0xEF, 0x57, 0x34, 0x06, 0x2B, 0xD2, 0xB7, 0x64, 0x68,
    0x2E, 0x4E, 0x62, 0x3D, 0x98, 0x54, 0xA0, 0x4E, 0xC8, 0x30, 0x82, 0x26, 0x02, 0x36, 0x00, 0x1C,
    0xB1, 0xE3, 0x80, 0x7A, 0x3D, 0x88, 0xFA, 0x09, 0x05, 0x07, 0x54, 0xFA, 0x73, 0xD9, 0xEF, 0x2D,
    0xC9, 0x4B, 0x14, 0xEE, 0x02, 0xAD, 0xBA, 0xA8, 0x36, 0x5F, 0xB8, 0xF9, 0x2F, 0xD0, 0xCC, 0x80,
    0xD9, 0xD0, 0x06, 0xEC, 0xE9, 0x8B, 0xBC, 0x5B, 0x2F, 0x04, 0x1C, 0x81, 0x13, 0x6D, 0xCB, 0x63,
    0x2A, 0x3A, 0x98, 0x74, 0xB6, 0x77, 0xB3, 0x23, 0xA7, 0x9E, 0x1C, 0x1E, 0x50, 0xDC, 0x84, 0xEE,
    0x03, 0xA7, 0x83, 0x4E, 0x28, 0x05, 0xB5, 0xA0, 0x11, 0x58, 0x91, 0x39, 0x3B, 0x15, 0x8B, 0x9D,
    0xCA, 0x68, 0xA7, 0x3A, 0xD8, 0xA9, 0x91, 0x65, 0xB2, 0x83, 0x9D, 0xDC, 0xBE, 0x7F, 0xC1, 0x6B,
    0x97, 0xDA, 0xB8, 0x8E, 0x86, 0xF4, 0x97, 0x68, 0x5F, 0xEC, 0xBB, 0x76, 0x04, 0x14, 0x56, 0xF1,
    0xDB, 0x0E, 0x96, 0x8B, 0x80, 0x5E, 0x30, 0xFD, 0x14, 0x2E, 0xE0, 0xE8, 0x47, 0xC6, 0x7B, 0x68,
    0xC3, 0xD9, 0x9E, 0x93, 0x23, 0x7D, 0xCF, 0x15, 0x0F, 0x38, 0x01, 0x6F, 0x71, 0x84, 0xE3, 0x58,
    0x92, 0x63, 0xCD, 0xD3, 0xF7, 0x9A, 0x79, 0xB3, 0xE7, 0x01, 0x37, 0xBC, 0x07, 0xF7, 0x4B, 0x76,
    0xEC, 0x39, 0xE6, 0x28, 0x0C, 0x6D, 0xA4, 0x37, 0x89, 0x43, 0x9D, 0xE1, 0x7C, 0x9D, 0xEC, 0x68,
    0x62, 0x7B, 0xD1, 0xCF, 0x86, 0x9C, 0xF2, 0xC9, 0x70, 0x12, 0x41, 0x32, 0x5D, 0x62, 0xBF, 0x7F,
    0x1C, 0xA1, 0x71, 0xA5, 0x81, 0x95, 0x2D, 0x3B, 0x0F, 0xB0, 0x43, 0x41, 0xA0, 0x5C, 0x81, 0x2A,
    0x69, 0x48, 0x5C, 0x2D, 0xF5, 0x51, 0x65, 0x38, 0xAA, 0x2C, 0x40, 0xE1, 0xF2, 0x69, 0xD0, 0x59,
    0x72, 0xEC, 0xCF, 0x5D, 0xD0, 0x30, 0x54, 0xE4, 0x10, 0x9B, 0x73, 0x88, 0x75, 0x3B, 0x46, 0xEC,
    0xB8, 0x1C, 0xC2, 0x35, 0x38, 0x0D, 0xD3, 0x78, 0x39, 0x57, 0x9D, 0xB7, 0x3B, 0xEF, 0xA3, 0x3E,
    0x63, 0x6D, 0xD7, 0x67, 0xAE, 0xE1, 0x58, 0x93, 0x68, 0x49, 0x2F, 0x36, 0xA7, 0x2D, 0xAC, 0x6F,
    0xF6, 0x99, 0x6C, 0xB2, 0x64, 0x6A, 0xF9, 0x32, 0x55, 0xFC, 0x2A, 0xE2, 0xAF, 0xEA, 0xCD, 0x9F,
    0x46, 0xD0, 0x8F, 0xEF, 0x7C, 0x98, 0x9F, 0x07, 0x1A, 0x46, 0x34, 0x6B, 0x87, 0xEB, 0x7B, 0xEF,
    0x78, 0x1D, 0xA5, 0xCD, 0x60, 0x47, 0xBD, 0x9B, 0x01, 0xB7, 0x2E, 0xDD, 0xC5, 0xD6, 0xDB, 0xCE,
    0x8A, 0xF6, 0x67, 0x2A, 0xF8, 0x19, 0xB0, 0xD3, 0x31, 0x02, 0x2A, 0x4E, 0xE8, 0x57, 0xA9, 0x46,
    0xF4, 0x0B, 0x20, 0x15, 0x34, 0xC4, 0x5A, 0x76, 0x50, 0x9F, 0xD1, 0x88, 0xA4, 0x70, 0x01, 0xA8,
    0x05, 0xF8, 0x27, 0x01, 0xF6, 0xFB, 0xFD, 0xCD, 0xD3, 0xE3, 0x35, 0x32, 0x9D, 0x42, 0xC4, 0xC1,
    0x9E, 0x5B, 0x80, 0x9A, 0x23, 0x74, 0x00, 0x1D, 0x28, 0x8F, 0xAB, 0x36, 0x1B, 0x0E, 0x3A, 0x46,
    0xCF, 0x2E, 0x8F, 0xB9, 0x02, 0x18, 0x91, 0x2F, 0x69, 0x8E, 0xB0, 0xDB, 0x33, 0x69, 0x4E, 0x5D,
    0xF8, 0x49, 0x7E, 0x80, 0x0A, 0x2B, 0x70, 0x23, 0x4A, 0x0E, 0x30, 0xCB, 0x26, 0x1A, 0x04, 0x50,
    0x5C, 0x5F, 0x16, 0x80, 0xDD, 0x11, 0xFA, 0x1B, 0x27, 0x6B, 0xA7, 0x53, 0xE1, 0x0C, 0x38, 0x72,
    0xC5, 0x8E, 0x5D, 0xC1, 0xA1, 0x56, 0x37, 0x47, 0x33, 0x3E, 0x58, 0x1F, 0x86, 0x76, 0x70, 0x7C,
    0x36, 0xDB, 0x1D, 0xF9, 0x9B, 0xF8, 0xA4, 0x9A, 0x8D, 0x4F, 0x9F, 0xD5, 0x93, 0x70, 0x32, 0xFE,
    0x2E, 0x37, 0x9F, 0xC7, 0x54, 0x87, 0xFE, 0x8B, 0x70, 0x56, 0x52, 0xF7, 0x67, 0xC1, 0xFF, 0xA1,
    0xB7, 0xC3, 0xC9, 0x20, 0xCF, 0x62, 0x02, 0x80, 0x7A, 0x41, 0xF1, 0x6F, 0xD8, 0x1D, 0x16, 0xA9,
    0xCF, 0xFC, 0x16, 0xFF, 0x08, 0xA0, 0xA4, 0xCF, 0x3C, 0xAA, 0x12, 0x55, 0xD7, 0x30, 0x28, 0xBF,
    0x9A, 0x85, 0xDB, 0x6F, 0xA3, 0xB0, 0xFD, 0x22, 0x09, 0xF7, 0xCF, 0x16, 0x61, 0xF7, 0x39, 0xB3,
    0x3F, 0xC2, 0x05, 0xC1, 0x01, 0x3B, 0x6A, 0x24, 0x97, 0xEB, 0x5E, 0xB8, 0xD2, 0xC1, 0x51, 0xE7,
    0x51, 0x8C, 0xF0, 0x8C, 0x66, 0xCE, 0x47, 0xA1, 0xFC, 0x4C, 0xB0, 0x93, 0x06, 0x79, 0x3F, 0x8A,
    0x32, 0x28, 0x5D, 0x08, 0xF2, 0x42, 0xB0, 0xED, 0xBB, 0xD3, 0x3E, 0x72, 0x38, 0xEE, 0x3B, 0x8D,
    0x51, 0x91, 0x05, 0x92, 0x83, 0xA0, 0xCB, 0x3A, 0x43, 0x23, 0xF2, 0x6A, 0xE1, 0x50, 0x6E, 0xA8,
    0x17, 0x9E, 0x9E, 0x24, 0x1D, 0xEA, 0x60, 0xE7, 0x42, 0xFD, 0xFA, 0x26, 0x2F, 0x2A, 0x4A, 0x0A,
    0x19, 0x9E, 0x7E, 0x86, 0x36, 0xE2, 0x27, 0x3A, 0x09, 0xA0, 0xF7, 0x42, 0x4E, 0x89, 0xC3, 0x1B,
    0xC8, 0xF9, 0x4D, 0x4F, 0x27, 0x0C, 0xED, 0x0B, 0xB5, 0x72, 0xA6, 0xDE, 0xAD, 0x40, 0x26, 0x3D,
    0xFC, 0xC8, 0x08, 0x21, 0x0E, 0x4A, 0x01, 0x3C, 0x75, 0x09, 0x32, 0xA1, 0x55, 0x68, 0x47, 0x21,
    0x29, 0x4A, 0x5E, 0xC8, 0xBD, 0x81, 0x36, 0x95, 0x4E, 0x7C, 0x21, 0xD4, 0x99, 0xCD, 0x0A, 0x19,
    0x94, 0x3A, 0x50, 0x7D, 0xE1, 0xD5, 0x75, 0xBA, 0xE7, 0x80, 0x63, 0x39, 0x7D, 0x44, 0xAE, 0x5B,
    0x19, 0x70, 0xBD, 0xA8, 0xE6, 0xDD, 0x2B, 0x77, 0xBF, 0xAF, 0x85, 0xAD, 0xE8, 0x7A, 0x5E, 0xE4,
    0x90, 0xF1, 0xA5, 0x4E, 0xC9, 0xC8, 0x7A, 0xA3, 0x49, 0xC0, 0xB6, 0x9E, 0xE3, 0xAD, 0xF5, 0xEC,
    0xE9, 0xAF, 0xD3, 0x3B, 0x39, 0x79, 0xDD, 0xC8, 0x4E, 0x4A, 0xB3, 0x90, 0xE1, 0x9E, 0xBE, 0x22,
    0xE9, 0x91, 0xE9, 0x01, 0x7F, 0x8F, 0xBC, 0x26, 0xF7, 0x20, 0x71, 0x43, 0x88, 0xE4, 0x91, 0x72,
    0xC3, 0xFD, 0x89, 0x5B, 0x31, 0x0B, 0xEA, 0x74, 0xAF, 0x22, 0x9A, 0x57, 0xBD, 0x60, 0xA7, 0x3F,
    0xB7, 0x8C, 0x5A, 0xFA, 0xB1, 0x50, 0x3B, 0x1D, 0x57, 0x70, 0xC6, 0x3B, 0xC8, 0xF1, 0xD2, 0x71,
    0xA8, 0x56, 0x68, 0xFC, 0x0B, 0xD9, 0x20, 0xE4, 0x46, 0xF0, 0x57, 0xEC, 0xC0, 0x8F, 0x57, 0x80,
    0x4F, 0x93, 0xD0, 0xA7, 0x41, 0x88, 0x93, 0xD2, 0xAC, 0xA4, 0xB2, 0x57, 0xDA, 0xFA, 0x6B, 0xAA,
    0x15, 0xFA, 0xDC, 0xED, 0xD2, 0x40, 0x13, 0x0F, 0x21, 0xB5, 0x05, 0x57, 0x91, 0x63, 0x0D, 0x3F,
    0x18, 0xA7, 0xFB, 0x8E, 0xA4, 0xBF, 0x82, 0xCE, 0x24, 0x32, 0xA2, 0x10, 0x4E, 0xD8, 0x65, 0x2E,
    0x85, 0x17, 0x54, 0xC2, 0x0E, 0xF5, 0x77, 0x91, 0x3D, 0xCC, 0xD7, 0x91, 0xB6, 0x6B, 0x9E, 0x0B,
    0x0F, 0xED, 0xD3, 0xC8, 0xD6, 0xDB, 0x5F, 0x46, 0x36, 0xA3, 0x35, 0x91, 0x66, 0x3A, 0x13, 0xAE,
    0xC3, 0x22, 0x5C, 0x85, 0x24, 0x5C, 0x9E, 0x67, 0xE6, 0x2C, 0x5C, 0x30, 0x08, 0x63, 0xE3, 0x49,
    0xD9, 0x79, 0xE5, 0x5E, 0x39, 0xA0, 0x4C, 0x8C, 0x4A, 0x8B, 0x12, 0x33, 0x75, 0x4A, 0x5E, 0xC8,
    0x4E, 0x42, 0x6D, 0x10, 0x32, 0x49, 0xA8, 0x5A, 0x84, 0x4A, 0x0A, 0x15, 0xFC, 0x75, 0x22, 0xDC,
    0x33, 0x21, 0xFB, 0x3B, 0xA1, 0xF6, 0xA5, 0x90, 0xA1, 0x50, 0xA5, 0x54, 0x2A, 0x21, 0x93, 0x53,
    0xB2, 0x09, 0x0F, 0xF8, 0xC9, 0x61, 0xEF, 0xE7, 0xA8, 0x35, 0x7C, 0x9F, 0x53, 0x3B, 0xC3, 0x06,
    0x3B, 0xC1, 0x44, 0xE7, 0x51, 0x27, 0xA1, 0x2A, 0x71, 0x40, 0xB9, 0xBC, 0x8E, 0x72, 0x6B, 0xAF,
    0x7A, 0xB9, 0x47, 0xEE, 0x9B, 0xAD, 0xA8, 0xBD, 0x21, 0x5B, 0xD6, 0x31, 0xF2, 0x8E, 0xDF, 0x8E,
    0xBB, 0x91, 0xA7, 0x2E, 0x70, 0x68, 0x6F, 0x65, 0x9E, 0x8D, 0xC8, 0x44, 0xAE, 0xED, 0x59, 0x2F,
    0x82, 0xA7, 0xDF, 0xFF, 0xCC, 0x6E, 0x4E, 0x7E, 0xF8, 0x51, 0x26, 0x3F, 0x5F, 0x4D, 0xDE, 0x5F,
    0x4E, 0x3E, 0x01, 0xA8, 0x28, 0xB4, 0xCB, 0x83, 0x72, 0x12, 0xB2, 0x51, 0xE8, 0x2F, 0xFF, 0xF5,
    0xF2, 0x1C, 0xEB, 0x94, 0x46, 0xA8, 0x63, 0x50, 0xCF, 0x84, 0xCC, 0x4D, 0x6A, 0x83, 0xB4, 0x72,
    0xC2, 0xB6, 0x2A, 0x0B, 0x84, 0xD2, 0x31, 0xC4, 0x3B, 0x21, 0xE7, 0xAF, 0x42, 0x3C, 0x77, 0x4B,
    0xD8, 0x36, 0xCF, 0x8E, 0x9D, 0x66, 0x3C, 0x86, 0xF4, 0x56, 0xE0, 0x5E, 0x9C, 0x74, 0x1C, 0x8A,
    0xC3, 0x32, 0x78, 0x41, 0x00, 0xFA, 0xB5, 0x43, 0xCB, 0x09, 0xF5, 0xE1, 0xBD, 0xB4, 0x43, 0x43,
    0x8F, 0x22, 0x67, 0x02, 0x02, 0x3B, 0x8E, 0x52, 0xAF, 0xEF, 0xD3, 0x1F, 0x96, 0x76, 0xD9, 0x1E,
    0xC9, 0xF1, 0xDA, 0x9F, 0x9C, 0xEF, 0xD1, 0x06, 0xFC, 0x50, 0xE4, 0x83, 0xE8, 0x47, 0x22, 0x5D,
    0x0E, 0x3D, 0x54, 0x3A, 0x7B, 0xF1, 0x21, 0x61, 0x98, 0x37, 0x20, 0x43, 0x4E, 0x32, 0x74, 0xA0,
    0x5A, 0x1F, 0x9D, 0x99, 0xF5, 0x9D, 0x50, 0x9F, 0x78, 0x1B, 0x9A, 0x00, 0x3B, 0x1A, 0x21, 0x6F,
    0xF4, 0x30, 0xAE, 0x12, 0xD8, 0x95, 0x42, 0x28, 0x97, 0x82, 0x28, 0xD6, 0x72, 0x01, 0x28, 0x02,
    0xF0, 0x61, 0x04, 0xFA, 0x7F, 0x9E, 0x01, 0xFB, 0x3C, 0x08, 0x7D, 0x3D, 0x1D, 0xD2, 0x30, 0x18,
    0x7A, 0xA5, 0x01, 0xA8, 0xD8, 0x01, 0x25, 0x01, 0x76, 0x52, 0x0A, 0xC2, 0x0D, 0x05, 0xA5, 0xA0,
    0xF7, 0x3B, 0xFA, 0xDD, 0x0A, 0xEB, 0x4B, 0x7A, 0xB1, 0x68, 0xC7, 0x92, 0xA3, 0x18, 0x6D, 0xA7,
    0x8A, 0x93, 0x0C, 0xD9, 0x84, 0xFA, 0x55, 0xA8, 0x23, 0x4C, 0x30, 0xDF, 0x06, 0x33, 0xEB, 0x5B,
    0xDE, 0x57, 0xB3, 0x09, 0xA8, 0x63, 0xF3, 0x2C, 0x36, 0x01, 0x55, 0x6A, 0x9F, 0xA5, 0x76, 0x42,
    0x99, 0xBF, 0x70, 0x8C, 0x5A, 0xFF, 0x7C, 0xB1, 0x1E, 0xBB, 0xA5, 0xC7, 0x2A, 0x75, 0xB1, 0x3A,
    0xB0, 0x1F, 0x00, 0xAE, 0x70, 0xAE, 0x03, 0xB8, 0xA0, 0x27, 0x00, 0x97, 0x60, 0xB5, 0xEE, 0xA5,
    0x5E, 0x0F, 0x21, 0xD8, 0x2E, 0x5A, 0xCF, 0x68, 0x92, 0x54, 0x01, 0xCD, 0xB6, 0xFD, 0x12, 0xDC,
    0xB8, 0x05, 0xCE, 0x8E, 0x00, 0x3F, 0x5E, 0x80, 0xFE, 0xEB, 0x04, 0xB4, 0x0C, 0x80, 0xE1, 0xA4,
    0xEE, 0x79, 0x75, 0x6F, 0xD8, 0x5C, 0x6E, 0xB4, 0xC1, 0x72, 0x06, 0xF4, 0xB5, 0xBE, 0xE0, 0x2F,
    0x88, 0x92, 0x05, 0xBB, 0x3A, 0x81, 0xBE, 0x89, 0xBA, 0xA5, 0x02, 0xDA, 0xD9, 0x8D, 0x30, 0xBA,
    0xA5, 0xDA, 0x90, 0x0F, 0xFE, 0x36, 0xE4, 0x23, 0x0B, 0x9A, 0xD6, 0xEC, 0x88, 0x52, 0x17, 0xB8,
    0xA0, 0xF4, 0x01, 0x9F, 0xCE, 0x40, 0x7F, 0x30, 0x3A, 0xAA, 0xF9, 0xBC, 0xAC, 0x00, 0xAA, 0x55,
    0xA8, 0xBC, 0x1F, 0xDD, 0x7C, 0x13, 0x39, 0x99, 0xB7, 0xB7, 0x32, 0x8D, 0xEB, 0x2E, 0x2B, 0xE8,
    0x48, 0x8D, 0x8A, 0x43, 0x16, 0x43, 0xC5, 0xDC, 0x5E, 0x4A, 0x36, 0x71, 0xFF, 0xE5, 0xFE, 0xD1,
    0x75, 0x3B, 0xDB, 0xFD, 0x88, 0xB8, 0xC7, 0x9D, 0x75, 0xF7, 0x8F, 0xAE, 0x3E, 0x26, 0xB4, 0xE3,
    0xF6, 0x9A, 0x5D, 0xC5, 0xED, 0x73, 0x43, 0xB1, 0x6E, 0x9F, 0x1B, 0x6E, 0x7C, 0x9C, 0xA8, 0xE7,
    0x6B, 0x1A, 0xDB, 0xA0, 0x1F, 0xA4, 0xF2, 0x1E, 0xF7, 0xE5, 0x90, 0xD8, 0x75, 0x00, 0xEA, 0x11,
    0x50, 0x7B, 0x40, 0x13, 0x85, 0x6C, 0x12, 0x7A, 0x72, 0x26, 0xB4, 0x58, 0xA0, 0x48, 0xED, 0x80,
    0x72, 0x36, 0x1E, 0x55, 0xA8, 0x27, 0xD4, 0x53, 0x19, 0x60, 0xFC, 0x2E, 0x42, 0xC4, 0x09, 0x16,
    0x70, 0x60, 0xBE, 0xFE, 0x71, 0x80, 0xD5, 0xF0, 0xD3, 0xD9, 0xA0, 0xBF, 0x3A, 0x49, 0x04, 0xA1,
    0x7A, 0xD1, 0x07, 0x5D, 0x2B, 0xC5, 0x8E, 0x8C, 0x8D, 0xA0, 0x17, 0x70, 0xD4, 0xF7, 0x28, 0x45,
    0x1B, 0xF9, 0xC2, 0x65, 0x99, 0xE5, 0x17, 0xB1, 0x5A, 0xCB, 0xF8, 0xA6, 0xC3, 0x58, 0xA3, 0x8C,
    0x8E, 0x9E, 0xE4, 0xC4, 0xF3, 0x3E, 0xC8, 0x08, 0xB7, 0xF2, 0xDE, 0xE3, 0x7B, 0x99, 0xC6, 0x94,
    0xEA, 0x64, 0x5D, 0x4B, 0xBF, 0xD6, 0x8B, 0xEE, 0x6A, 0x54, 0xE4, 0xD0, 0x50, 0x37, 0xFC, 0x63,
    0xF4, 0xC7, 0x57, 0xC9, 0x9B, 0xF0, 0xC8, 0x6D, 0x72, 0x28, 0xA8, 0xEE, 0x50, 0x91, 0x1D, 0xFA,
    0x0B, 0x68, 0x38, 0xDC, 0x45, 0x95, 0x0A, 0x7E, 0x9C, 0x0C, 0x5F, 0xA6, 0x96, 0x4C, 0xF6, 0xA2,
    0x4F, 0x6E, 0xD4, 0xF1, 0x75, 0x2E, 0x95, 0xA0, 0xDC, 0x50, 0x89, 0xAC, 0xCA, 0x6D, 0xAA, 0xA3,
    0xBA, 0x86, 0xFF, 0x2B, 0x7D, 0xFF, 0x3E, 0xE1, 0x24, 0x5E, 0xCE, 0x6B, 0x92, 0xB6, 0xD0, 0x8B,
    0x5F, 0x4E, 0xFD, 0x20, 0x8F, 0x38, 0x95, 0x28, 0x19, 0x2E, 0xE7, 0xF5, 0x7E, 0xD0, 0xB5, 0x2D,
    0x05, 0xF9, 0xA4, 0x6A, 0x57, 0x14, 0x24, 0x4A, 0x41, 0xC5, 0x3D, 0xAA, 0x6D, 0x66, 0x2D, 0x13,
    0xB8, 0xE1, 0xC3, 0xE5, 0x91, 0xCA, 0xFE, 0x24, 0xE8, 0x5F, 0x7D, 0x7D, 0xC7, 0xAF, 0xEC, 0xD3,
    0x4D, 0xDC, 0xF1, 0xEB, 0x65, 0x5E, 0x13, 0x6C, 0x33, 0x79, 0x1B, 0x26, 0xFE, 0xDD, 0xA9, 0x9B,
    0xAD, 0xFA, 0x97, 0xBF, 0x7F, 0xC4, 0xD7, 0x3F, 0xDF, 0x4E, 0xF0, 0x70, 0xED, 0xD8, 0x73, 0x22,
    0x39, 0xF3, 0xA2, 0x8F, 0xBC, 0x5A, 0xCB, 0xFB, 0xE1, 0x09, 0x8E, 0x6F, 0xD7, 0x1C, 0xBE, 0xFF,
    0x86, 0xA8, 0xB1, 0xD3, 0xA2, 0xFA, 0x5B, 0x97, 0x3F, 0xBD, 0xA8, 0x85, 0x0F, 0xD8, 0x39, 0xC2,
    0x2D, 0xE8, 0x27, 0x95, 0xBD, 0x01, 0x3A, 0xC5, 0x36, 0x68, 0xA6, 0xC9, 0x8F, 0xD8, 0xF1, 0xE1,
    0x02, 0x3E, 0x8E, 0xA0, 0xF6, 0xA1, 0x62, 0x16, 0x24, 0xF0, 0x19, 0x35, 0x7F, 0x1D, 0xB2, 0xDE,
    0x60, 0xC3, 0x21, 0xC4, 0xAB, 0x95, 0xC3, 0xFD, 0xEF, 0xB5, 0x5E, 0xE1, 0x26, 0xD0, 0xF2, 0x2B,
    0xB5, 0x98, 0x2F, 0xC8, 0x7A, 0xF2, 0x43, 0x82, 0x63, 0xB3, 0x14, 0xEC, 0x74, 0x97, 0x40, 0xAA,
    0x21, 0x1F, 0xAF, 0x3F, 0xB0, 0x5A, 0xAB, 0xB5, 0xA3, 0xFD, 0xF3, 0x1F, 0xDB, 0xAD, 0x2D, 0x30,
    0xF7, 0xD2, 0xDF, 0x1D, 0x42, 0x6D, 0xB9, 0x0E, 0x95, 0x69, 0x9B, 0xBD, 0xFD, 0x49, 0xA9, 0x5E,
    0x40, 0x7B, 0xFD, 0x68, 0x68, 0xEE, 0x77, 0x34, 0x38, 0x7A, 0xBE, 0xBB, 0x80, 0xDD, 0x9B, 0x9E,
    0xD9, 0xAD, 0x6D, 0x70, 0x7E, 0xB9, 0x0D, 0x5E, 0x67, 0x5B, 0x93, 0x41, 0xA3, 0x3A, 0xDB, 0x36,
    0x78, 0x95, 0x0A, 0xBE, 0xFB, 0xBD, 0x9B, 0x6C, 0xAD, 0x22, 0xDB, 0x99, 0x6E, 0x26, 0x67, 0xCE,
    0xA0, 0xFF, 0x7F, 0x82, 0xED, 0x2D, 0x4E, 0x2D, 0x57, 0xC7, 0x85, 0x5F, 0xFE, 0x87, 0x4A, 0x46,
    0xF4, 0x2B, 0x5A, 0x4E, 0x3B, 0x26, 0xB4, 0x2B, 0x4A, 0x76, 0x3B, 0x4A, 0x2A, 0x43, 0x2E, 0x64,
    0x6C, 0x39, 0xE0, 0x5F, 0xB0, 0x8B, 0x28, 0x23, 0xAA, 0x88, 0x96, 0x89, 0xB9, 0x3C, 0xBE, 0x78,
    0xF4, 0xC6, 0x0F, 0xA8, 0xCB, 0x3F, 0xD4, 0x4C, 0x25, 0x13, 0xDC, 0x37, 0xEA, 0xD3, 0xFD, 0x90,
    0xD7, 0x34, 0xB9, 0x73, 0x97, 0xFA, 0xED, 0x53, 0xD8, 0x5B, 0xFC, 0x48, 0x64, 0x60, 0xD7, 0xFB,
    0x82, 0x9A, 0xC0, 0xAC, 0x68, 0xA7, 0x72, 0x41, 0x13, 0xAA, 0x04, 0x33, 0xD7, 0x11, 0x75, 0x34,
    0x01, 0x65, 0x6A, 0x84, 0x96, 0x76, 0x44, 0xA1, 0x89, 0xC9, 0x21, 0x2B, 0xC9, 0x29, 0x49, 0x4F,
    0x00, 0x76, 0x15, 0x6A, 0x93, 0x90, 0x11, 0xB2, 0x9A, 0x71, 0x58, 0x6F, 0xA7, 0x9A, 0xD0, 0xAF,
    0xC7, 0x86, 0x70, 0x9D, 0x91, 0xAA, 0xA3, 0x98, 0x6C, 0x3E, 0x1D, 0x28, 0x46, 0xDB, 0xC7, 0x9F,
    0xAF, 0xA8, 0x92, 0x35, 0xCF, 0x16, 0xB1, 0xDE, 0x9B, 0x2F, 0x92, 0xD8, 0x7F, 0x62, 0xBE, 0x4A,
    0x28, 0x96, 0xB3, 0xFA, 0xDB, 0x19, 0x58, 0x97, 0xEA, 0x55, 0x90, 0x2A, 0x95, 0x94, 0xCA, 0x49,
    0x35, 0x01, 0x7D, 0xDC, 0x71, 0x04, 0xEC, 0x5C, 0xD0, 0x4B, 0x15, 0x20, 0x55, 0x3F, 0x95, 0x44,
    0x3B, 0x57, 0x0B, 0x4C, 0x32, 0x09, 0xD5, 0xD2, 0x06, 0xEC, 0x74, 0xB3, 0x82, 0xF4, 0xDB, 0x0C,
    0xDB, 0xF5, 0x72, 0x9A, 0x8E, 0xDD, 0xA1, 0xA1, 0xA4, 0x9D, 0x50, 0xA7, 0xFC, 0xF9, 0xA6, 0x4E,
    0x62, 0x4B, 0x7C, 0x77, 0xE3, 0x8E, 0x9D, 0xD5, 0xDC, 0xB1, 0x09, 0xE8, 0x73, 0xEE, 0x38, 0xD4,
    0x87, 0xDC, 0xB1, 0x20, 0xCA, 0x65, 0xB7, 0x6A, 0xEE, 0x98, 0x00, 0x56, 0x42, 0xEE, 0xDD, 0x19,
    0xE8, 0x9F, 0x5E, 0xA5, 0x8D, 0xDF, 0x5D, 0xA6, 0x8D, 0x35, 0x87, 0xED, 0x3D, 0xA1, 0xCC, 0xB4,
    0x08, 0x69, 0x07, 0x7D, 0x72, 0xF8, 0x69, 0xBF, 0x65, 0x5E, 0x42, 0x83, 0xD0, 0x05, 0x00, 0x92,
    0x57, 0xD8, 0x7F, 0xB0, 0xE8, 0x3A, 0x1E, 0xBF, 0xA2, 0x72, 0xC0, 0xEE, 0x5A, 0x2E, 0xD3, 0x4E,
    0x9A, 0xCB, 0xDC, 0x7C, 0x45, 0x45, 0x1D, 0xD1, 0x47, 0x50, 0xCA, 0x08, 0xE2, 0x56, 0xA9, 0x08,
    0xA7, 0x89, 0x20, 0x5C, 0xC4, 0x03, 0xF1, 0xE0, 0x8E, 0x82, 0x0E, 0xC1, 0x6C, 0xA1, 0x89, 0xC0,
    0xDB, 0xE9, 0xFB, 0x2E, 0x37, 0xC0, 0xCD, 0x6A, 0xAF, 0x49, 0x28, 0xEF, 0x16, 0x76, 0x60, 0x36,
    0xE3, 0xE2, 0x8E, 0x9F, 0x94, 0xCB, 0x6D, 0x85, 0x3A, 0x69, 0x5F, 0xB5, 0x30, 0xE2, 0x6D, 0xE4,
    0xAB, 0x9D, 0xF1, 0x33, 0xF2, 0x34, 0x90, 0x0C, 0xE7, 0x27, 0x0C, 0x9A, 0x5D, 0xAB, 0xFC, 0xFF,
    0x00, 0xCD, 0x59, 0x01, 0xA4, 0x1E, 0x59, 0x7B, 0x7E, 0x66, 0x4E, 0x92, 0xD1, 0x0C, 0x3D, 0xC1,
    0x2E, 0x9A, 0xD0, 0x29, 0x8A, 0xB6, 0xB4, 0x03, 0x45, 0x91, 0xF4, 0xCC, 0xEE, 0x02, 0xA0, 0x17,
    0xF9, 0xB6, 0x58, 0x04, 0xA0, 0x01, 0x29, 0x00, 0xB2, 0x99, 0x49, 0x82, 0xA2, 0xD8, 0xC0, 0x55,
    0x14, 0x16, 0x8B, 0x2A, 0x5C, 0x58, 0x2C, 0xDD, 0xCD, 0x9C, 0xDD, 0x00, 0x0A, 0xD3, 0xC6, 0x76,
    0xB1, 0xE8, 0xD4, 0xEE, 0x76, 0xB1, 0xF8, 0x8F, 0x3F, 0x13, 0x99, 0xBB, 0x39, 0x33, 0xCF, 0xFF,
    0xBE, 0xF3, 0x7D, 0xF9, 0xEE, 0xBD, 0x7F, 0x6E, 0xB8, 0xD9, 0x7B, 0xC5, 0x9E, 0x3B, 0xEF, 0x73,
    0xE6, 0x3B, 0xE7, 0x9C, 0xE7, 0x7D, 0xDE, 0x33, 0xE7, 0x9C, 0xF3, 0xCD, 0x77, 0xEF, 0x80, 0x95,
    0xFE, 0xDD, 0x81, 0x26, 0x36, 0xAF, 0xFE, 0x83, 0xF5, 0x58, 0xAC, 0xF8, 0x1E, 0x86, 0x6C, 0xAC,
    0x98, 0x23, 0x51, 0x0F, 0x17, 0xD0, 0x7A, 0x80, 0x6A, 0xCD, 0x11, 0xD3, 0x72, 0xAD, 0xAF, 0xCA,
    0x4D, 0xFB, 0x84, 0xAC, 0x60, 0x3B, 0x6C, 0xB9, 0xAE, 0xCC, 0x0D, 0x5A, 0x86, 0x94, 0xEC, 0x0D,
    0xDF, 0xEF, 0xB2, 0x09, 0xC8, 0x22, 0x90, 0x6F, 0xEC, 0x83, 0x69, 0x05, 0x92, 0x5B, 0x93, 0xB2,
    0x23, 0x66, 0x07, 0xA0, 0xFE, 0x61, 0x75, 0x9D, 0x64, 0x7C, 0x61, 0x90, 0x74, 0x01, 0x69, 0x55,
    0xEC, 0x7D, 0xDB, 0x39, 0xE1, 0xB5, 0xA4, 0xCF, 0xF6, 0xDB, 0xCA, 0x76, 0x85, 0xB7, 0x9B, 0x3F,
    0xBD, 0xD7, 0x32, 0xAD, 0x2B, 0xA5, 0x4D, 0xB1, 0xF7, 0x53, 0xA7, 0x7D, 0x20, 0xA9, 0xF6, 0x60,
    0xE5, 0x7A, 0x10, 0x45, 0x48, 0x67, 0x71, 0x61, 0xA2, 0x68, 0xCA, 0x47, 0x98, 0xC9, 0x06, 0x24,
    0x73, 0xD1, 0x03, 0x74, 0x1E, 0x68, 0x29, 0xE0, 0x58, 0x01, 0x25, 0x01, 0x43, 0x86, 0x35, 0xA4,
    0x7B, 0xF3, 0xC7, 0x2A, 0xEF, 0x70, 0x99, 0xC2, 0x52, 0x76, 0x08, 0xE2, 0x41, 0x82, 0xA6, 0x23,
    0x25, 0x17, 0xF8, 0xC0, 0x71, 0x6C, 0x39, 0x4C, 0xF8, 0xC7, 0x08, 0xB4, 0x15, 0xDC, 0x88, 0x92,
    0x4D, 0xDD, 0x86, 0x98, 0x8D, 0x11, 0x71, 0x42, 0x6C, 0xEF, 0xC5, 0x92, 0x21, 0x63, 0x8F, 0x7A,
    0xD0, 0x61, 0x33, 0xB1, 0xCF, 0x22, 0x39, 0x68, 0x40, 0x73, 0x75, 0x0E, 0x55, 0x9B, 0x07, 0xFE,
    0xDD, 0x70, 0x27, 0xEB, 0x91, 0xF2, 0x7B, 0xA8, 0x58, 0x02, 0xC9, 0x84, 0xA2, 0x43, 0xD6, 0x21,
    0x19, 0x60, 0xAB, 0xB6, 0xBF, 0x8D, 0x6B, 0x86, 0xA1, 0xC4, 0x55, 0xEB, 0x77, 0x6C, 0xF5, 0x69,
    0x01, 0xE4, 0x4D, 0xB8, 0x06, 0x18, 0x1F, 0xAE, 0xBE, 0x84, 0x4B, 0xF9, 0xA7, 0x25, 0x90, 0x35,
    0xB7, 0x6D, 0x73, 0xC9, 0x56, 0xD7, 0x32, 0xED, 0x5B, 0xA0, 0xED, 0x3E, 0x44, 0x2E, 0x9C, 0x23,
    0x52, 0xE1, 0xEF, 0x81, 0x9A, 0xAC, 0x80, 0x0B, 0xEA, 0xF7, 0xCA, 0xA4, 0xC3, 0xF4, 0xA7, 0x85,
    0x87, 0xF5, 0x05, 0x7D, 0x4B, 0x1F, 0xAD, 0x8F, 0x85, 0xDE, 0x94, 0x8F, 0x3D, 0x80, 0x0A, 0x9F,
    0x25, 0x43, 0xC2, 0x2C, 0x66, 0xD1, 0x0E, 0x76, 0x70, 0xBD, 0xEB, 0xA5, 0xD9, 0x57, 0x04, 0xEF,
    0x13, 0xAE, 0x63, 0x53, 0x04, 0xD7, 0x65, 0xB1, 0x18, 0x52, 0xE6, 0x11, 0x53, 0x3A, 0xE2, 0x12,
    0xAA, 0xD5, 0x6A, 0xB5, 0x43, 0x32, 0xBC, 0x30, 0xC0, 0xBC, 0x64, 0xAB, 0x15, 0x97, 0xF4, 0xCA,
    0xF8, 0xDF, 0xE3, 0x83, 0x25, 0xFE, 0x41, 0xE2, 0x37, 0xFE, 0x73, 0x89, 0xDF, 0xF8, 0xAB, 0x12,
    0xBF, 0xF1, 0xB7, 0x8D, 0x17, 0x1C, 0x15, 0x19, 0x16, 0xF4, 0x8A, 0x8F, 0x7A, 0x89, 0x5F, 0x6E,
    0x24, 0xFE, 0xA5, 0xFD, 0x35, 0xE3, 0xAF, 0x49, 0xFC, 0xC6, 0xFF, 0xF1, 0xAB, 0xE3, 0x17, 0xA5,
    0x47, 0x66, 0x68, 0xBA, 0x7E, 0x92, 0xEC, 0xA6, 0x2C, 0x44, 0xA3, 0x17, 0x6F, 0x04, 0xF9, 0x28,
    0x85, 0xBA, 0x00, 0xAC, 0x7F, 0xC9, 0x0E, 0xC7, 0xB9, 0xBA, 0xF1, 0xF5, 0xCE, 0x71, 0x6D, 0x7E,
    0x7F, 0x3C, 0xD2, 0x19, 0x85, 0x72, 0x86, 0x3F, 0xB4, 0x01, 0x79, 0x80, 0xED, 0xE1, 0x3C, 0x08,
    0x13, 0x97, 0x5B, 0x86, 0xF5, 0x95, 0xB2, 0x91, 0x36, 0x25, 0xC7, 0x3F, 0x30, 0x23, 0x32, 0xFD,
    0x28, 0x97, 0xB6, 0x37, 0xE3, 0x5F, 0x67, 0xA3, 0xE3, 0xE0, 0xD8, 0xE7, 0x73, 0x95, 0xFC, 0x3B,
    0x8C, 0x2E, 0x06, 0xB8, 0x0E, 0x0F, 0x01, 0x36, 0x79, 0x3C, 0x99, 0xD9, 0x48, 0x5F, 0x44, 0x3E,
    0x6D, 0x37, 0xE1, 0x3F, 0x8B, 0xDC, 0xFB, 0x6F, 0x29, 0x07, 0x5E, 0x65, 0x09, 0x19, 0xAD, 0x98,
    0x13, 0xAB, 0x19, 0xAE, 0xB6, 0x62, 0x3C, 0xC6, 0xB4, 0x5C, 0xEB, 0x4B, 0xB1, 0x5C, 0x0C, 0x37,
    0xC5, 0x70, 0x72, 0x3B, 0xD8, 0xFA, 0x72, 0x6F, 0xBB, 0x7C, 0x44, 0x4C, 0x62, 0x3B, 0xD4, 0x5D,
    0x32, 0xE7, 0x73, 0x39, 0xB7, 0xF3, 0xDF, 0xCC, 0x38, 0xF2, 0x97, 0xE9, 0x34, 0x6E, 0x1E, 0xE6,
    0x5D, 0x34, 0xFD, 0xFA, 0xB1, 0xC9, 0xCD, 0x9D, 0x7C, 0xF3, 0xD8, 0x12, 0x48, 0x2A, 0x9A, 0x12,
    0xCB, 0x84, 0x45, 0x11, 0x5C, 0x8F, 0x3C, 0x16, 0x03, 0x0C, 0xA5, 0x16, 0xBC, 0x47, 0x81, 0x2F,
    0x59, 0xA5, 0xFA, 0x31, 0x8B, 0x76, 0x84, 0x4E, 0x74, 0xE8, 0x4C, 0x47, 0xD9, 0xD4, 0x40, 0x82,
    0x73, 0x00, 0x22, 0x12, 0xAD, 0x86, 0x19, 0x51, 0x46, 0x64, 0x01, 0x77, 0x22, 0x6C, 0x87, 0x3F,
    0x8B, 0x28, 0xBD, 0xD6, 0xBA, 0x4A, 0x71, 0x06, 0x54, 0xAD, 0xA2, 0x19, 0xA4, 0x51, 0xCC, 0x83,
    0x15, 0xB4, 0xDE, 0x09, 0x96, 0xCD, 0x7F, 0x04, 0xA0, 0x4E, 0x9E, 0x08, 0x4E, 0xE6, 0x71, 0x40,
    0x3A, 0xDA, 0xFB, 0x01, 0x26, 0x94, 0x7F, 0xFF, 0x14, 0x79, 0xEF, 0x48, 0x14, 0x5E, 0x51, 0xB8,
    0x8C, 0x38, 0x80, 0xE2, 0xE2, 0x37, 0x17, 0xBF, 0xE2, 0x22, 0x22, 0x0F, 0xB8, 0xB6, 0x4C, 0x93,
    0x4B, 0x2F, 0xFC, 0xD6, 0x87, 0xFD, 0x5E, 0x7E, 0x20, 0x7E, 0x9F, 0x32, 0x8A, 0xDF, 0x27, 0xA4,
    0xFA, 0x1D, 0x6A, 0x44, 0xD7, 0xC0, 0x01, 0x35, 0x74, 0x7E, 0x4C, 0x48, 0xA3, 0xF8, 0x45, 0xAE,
    0x7E, 0xE1, 0xBC, 0xF8, 0x05, 0x57, 0xE2, 0xD7, 0x2C, 0x7E, 0x15, 0xEF, 0x40, 0x30, 0x9F, 0x20,
    0x37, 0x8E, 0x15, 0x26, 0xFC, 0x65, 0xE1, 0xA5, 0x13, 0xAC, 0x37, 0x41, 0x47, 0x52, 0xBC, 0x4B,
    0x6D, 0x21, 0x5D, 0x67, 0x55, 0xBA, 0x0C, 0x92, 0xD6, 0x4E, 0x8A, 0x5F, 0x8D, 0x59, 0xF8, 0xB4,
    0x7C, 0x24, 0x51, 0xB7, 0xB4, 0xBD, 0x0B, 0xE5, 0x58, 0x78, 0x8D, 0xDA, 0xBD, 0xA3, 0x51, 0xB7,
    0x1A, 0x35, 0xA2, 0x46, 0x9D, 0x8E, 0x1A, 0x75, 0x16, 0x34, 0x5E, 0xDB, 0xAD, 0x63, 0x5F, 0x24,
    0x55, 0x8A, 0x45, 0xA3, 0x8F, 0x6B, 0x6B, 0xFA, 0x79, 0x9B, 0x2E, 0x36, 0xEA, 0x0D, 0x4B, 0xFC,
    0x6D, 0x83, 0x8C, 0x40, 0x11, 0x01, 0xA7, 0xFC, 0x87, 0x8F, 0xBA, 0xAE, 0x5C, 0xD6, 0xBA, 0x50,
    0x37, 0x39, 0xF7, 0x81, 0xB7, 0x55, 0x5F, 0x14, 0x80, 0x99, 0x15, 0xA5, 0xB3, 0x62, 0xD1, 0x29,
    0xA6, 0x0F, 0xB6, 0xFC, 0x86, 0x7E, 0x41, 0x2D, 0xCF, 0xD9, 0x6B, 0x2F, 0x06, 0xC5, 0xE7, 0x83,
    0x60, 0xF9, 0xE3, 0x28, 0xE8, 0x1E, 0x2B, 0x51, 0xFD, 0x68, 0x12, 0xD4, 0xFD, 0x10, 0x60, 0x25,
    0x98, 0x50, 0x5D, 0xA7, 0x54, 0x21, 0x66, 0x5E, 0x09, 0x66, 0xA4, 0x50, 0xE4, 0x82, 0x01, 0x56,
    0x70, 0x40, 0x31, 0xC0, 0x8E, 0xA2, 0x56, 0xB5, 0xB8, 0x1E, 0xD9, 0x84, 0xBA, 0x53, 0x45, 0x94,
    0x2E, 0x4A, 0x94, 0xA9, 0x38, 0x6D, 0x02, 0x0D, 0x5D, 0xB1, 0x55, 0xC0, 0x27, 0xF8, 0x95, 0x28,
    0x4C, 0xD8, 0xA8, 0xCC, 0xC5, 0xBB, 0xFD, 0x49, 0x3D, 0xBA, 0xBB, 0xEA, 0xE5, 0x26, 0xFE, 0xFC,
    0x57, 0xA2, 0x30, 0xEF, 0xAD, 0x7A, 0x99, 0x6B, 0xF5, 0xC2, 0x59, 0xF0, 0xC3, 0x5A, 0x7D, 0x7D,
    0x96, 0xF5, 0xBF, 0x96, 0x31, 0xC4, 0x25, 0xF5, 0xF2, 0x55, 0x5C, 0xBC, 0x28, 0x7F, 0x71, 0x77,
    0xC4, 0xD1, 0x94, 0x6E, 0x15, 0x2A, 0xAA, 0xC2, 0xFC, 0x90, 0xC2, 0xE2, 0x59, 0x54, 0x86, 0xEF,
    0xD6, 0x0C, 0xB3, 0xEA, 0xFC, 0x92, 0x82, 0xF4, 0x1B, 0x9D, 0x0D, 0x92, 0xB5, 0x42, 0xAE, 0x5A,
    0x71, 0x7D, 0xAC, 0xC2, 0x88, 0x32, 0x20, 0x8F, 0xAA, 0x33, 0x9B, 0x17, 0x85, 0x54, 0x85, 0x29,
    0x2B, 0x00, 0x07, 0x6B, 0x24, 0x5D, 0xBC, 0x9B, 0xFF, 0x0A, 0x5B, 0x4C, 0x79, 0x80, 0x66, 0xC1,
    0x8C, 0xA3, 0x2A, 0x5C, 0x54, 0xD9, 0x27, 0x4B, 0x44, 0xBF, 0x55, 0x55, 0xEE, 0xFF, 0xA8, 0xD8,
    0x29, 0x65, 0xED, 0x95, 0x8E, 0x4D, 0xED, 0x55, 0xA1, 0xEB, 0x84, 0x60, 0x55, 0xF7, 0x8B, 0xB6,
    0xB0, 0xE0, 0xB0, 0x28, 0x8C, 0x2A, 0x2C, 0x8F, 0xAA, 0x30, 0x9B, 0x50, 0x6A, 0x95, 0x2A, 0x4C,
    0x89, 0xBA, 0x5F, 0xCF, 0xBE, 0x92, 0x54, 0x77, 0x6E, 0x9D, 0xD5, 0xEB, 0x8C, 0x37, 0xF6, 0x57,
    0x3B, 0x48, 0x66, 0x3B, 0xAA, 0xB4, 0x69, 0xC9, 0x4C, 0x5C, 0xB2, 0x7C, 0x5C, 0x32, 0x1B, 0xAC,
    0x36, 0x29, 0x83, 0x55, 0x87, 0xAE, 0x5B, 0xB2, 0xDA, 0x2F, 0x19, 0xBF, 0xBE, 0x31, 0x02, 0xC9,
    0x9A, 0x2A, 0x5D, 0x67, 0x66, 0xC9, 0x54, 0x8A, 0x76, 0xB7, 0x03, 0xB4, 0x7B, 0xB9, 0x0C, 0xE0,
    0xE8, 0xFA, 0x25, 0xAB, 0xFD, 0x92, 0xAD, 0xBF, 0x4F, 0xB4, 0xA4, 0xF6, 0x99, 0x61, 0xB9, 0xFB,
    0x39, 0xCA, 0x11, 0xE7, 0x54, 0xB7, 0xC6, 0x2D, 0xD0, 0x2A, 0xB0, 0x79, 0x05, 0x2C, 0xB5, 0xB5,
    0x82, 0x10, 0x43, 0xFB, 0x42, 0x59, 0x1E, 0x22, 0x53, 0x3E, 0x2C, 0x70, 0x45, 0x7D, 0xA4, 0x5A,
    0x6D, 0xB4, 0x3A, 0x99, 0xA1, 0xCD, 0xC5, 0xCE, 0xD5, 0xDA, 0x7A, 0x52, 0x18, 0x20, 0x2E, 0x55,
    0x71, 0x3A, 0x03, 0x75, 0x83, 0x0B, 0x8B, 0x87, 0x6D, 0xDA, 0x5D, 0xB1, 0xC1, 0xC1, 0xB5, 0x7B,
    0x5D, 0x88, 0x37, 0x57, 0x83, 0xA3, 0x55, 0xAB, 0x6D, 0xA7, 0xCD, 0x3C, 0xA9, 0x9B, 0x64, 0x42,
    0xF2, 0x31, 0x4E, 0x4F, 0x98, 0xB0, 0xC9, 0xD8, 0xC9, 0xDE, 0x21, 0x1B, 0x87, 0xEE, 0x1A, 0xA7,
    0x26, 0x3C, 0x87, 0x4B, 0xEE, 0x5E, 0x94, 0x85, 0xEA, 0xDE, 0x19, 0x81, 0x33, 0x50, 0x58, 0xF7,
    0x3A, 0xFB, 0x4C, 0x04, 0x5A, 0xE0, 0x72, 0x05, 0x1C, 0x7C, 0x2F, 0x33, 0xAC, 0x52, 0xE2, 0x24,
    0x97, 0xB4, 0xDC, 0xF6, 0xD2, 0xC5, 0xC5, 0x4A, 0x08, 0x6D, 0xC0, 0xC5, 0x6A, 0xAD, 0xD0, 0xAF,
    0x2F, 0xAB, 0xE7, 0xFB, 0x89, 0x2E, 0x3B, 0x1D, 0xF4, 0x5A, 0xAF, 0xD3, 0x20, 0x2B, 0x6E, 0x44,
    0xE9, 0x27, 0x19, 0xC5, 0x3F, 0x82, 0x26, 0xCB, 0xB8, 0x35, 0xB0, 0x03, 0x5A, 0xFF, 0xFA, 0xC6,
    0xEE, 0x08, 0xCF, 0x91, 0x37, 0x16, 0xE0, 0xF0, 0x68, 0x64, 0x84, 0x99, 0x4F, 0x74, 0x65, 0x3C,
    0xE8, 0x65, 0x39, 0x37, 0xCB, 0xBA, 0x51, 0x20, 0xEC, 0xFE, 0x07, 0xF4, 0x76, 0x44, 0xDB, 0x0B,
    0x94, 0x41, 0xC0, 0x8E, 0x0A, 0x51, 0x20, 0x8F, 0x64, 0x38, 0x0C, 0x37, 0xF6, 0x77, 0xF2, 0xB8,
    0x6D, 0x32, 0x08, 0xB8, 0xA0, 0x7D, 0xBB, 0x35, 0x8B, 0xF2, 0x09, 0x0C, 0x02, 0x73, 0x05, 0x14,
    0xDD, 0x5F, 0x01, 0xF5, 0xF4, 0x05, 0x40, 0x46, 0x60, 0xBF, 0x1D, 0x91, 0x84, 0xBC, 0xC3, 0x92,
    0x18, 0x60, 0x22, 0x47, 0x85, 0x49, 0x81, 0x0B, 0x54, 0x0A, 0x5E, 0xC0, 0xF5, 0x02, 0x65, 0x10,
    0xB0, 0x51, 0x20, 0x9B, 0x04, 0x0C, 0x05, 0x12, 0xDE, 0x8F, 0x44, 0xFB, 0x48, 0xC0, 0x7D, 0x27,
    0x50, 0x3E, 0x13, 0xB0, 0x14, 0xC8, 0x14, 0x8C, 0x02, 0x16, 0x68, 0x15, 0x5C, 0x44, 0x31, 0x02,
    0xC8, 0x26, 0x01, 0x50, 0xA1, 0xF4, 0x02, 0x17, 0x1E, 0x60, 0x9D, 0xAE, 0x50, 0xEE, 0x48, 0x1D,
    0x23, 0x6A, 0x08, 0xEF, 0xB3, 0x2F, 0x07, 0xB8, 0xA0, 0x7B, 0xCC, 0xD8, 0x7A, 0xE4, 0x51, 0x20,
    0x8B, 0x6C, 0x60, 0xA6, 0xE3, 0x60, 0xA9, 0xAD, 0xB5, 0xDD, 0xD2, 0x63, 0xE9, 0xBB, 0xB0, 0x28,
    0x5F, 0xA3, 0xCC, 0x1B, 0x1F, 0xC8, 0x55, 0x42, 0x31, 0x08, 0x38, 0x2F, 0x30, 0x8B, 0x25, 0x9F,
    0xE0, 0x4D, 0xCB, 0x30, 0xAC, 0x80, 0x9C, 0x1E, 0x28, 0x7F, 0x13, 0x80, 0xFA, 0xDD, 0x08, 0x7C,
    0x82, 0x9B, 0x6F, 0x5A, 0x46, 0xDE, 0x15, 0x80, 0x8B, 0x7F, 0x0B, 0xD4, 0x9C, 0x80, 0x2F, 0xDA,
    0x08, 0x0C, 0x36, 0x00, 0x3B, 0x6F, 0x54, 0x86, 0x6C, 0x5E, 0x80, 0x6C, 0x5F, 0x9B, 0x6F, 0x1A,
    0xE5, 0x66, 0x0B, 0x7B, 0xC5, 0x68, 0xAC, 0x44, 0xC6, 0xB8, 0x79, 0x8B, 0x51, 0x19, 0x26, 0x2A,
    0xA8, 0x8C, 0x74, 0x3A, 0x0E, 0x96, 0xDA, 0x5A, 0x41, 0x7B, 0xA8, 0x8C, 0x22, 0x28, 0xCB, 0x4B,
    0x32, 0x90, 0xC0, 0x22, 0x6B, 0x9C, 0x2F, 0xFA, 0x22, 0xB4, 0x3E, 0x9B, 0x89, 0x84, 0x2A, 0x2A,
    0x00, 0x6D, 0x40, 0xCA, 0x88, 0x7C, 0x9F, 0x28, 0x7B, 0xE7, 0xCB, 0xC6, 0x76, 0x17, 0x61, 0x2A,
    0xAC, 0x53, 0x52, 0x09, 0xC3, 0x8F, 0x01, 0x24, 0xBB, 0xED, 0x60, 0x05, 0xF1, 0xC4, 0xC1, 0xF5,
    0x29, 0xC5, 0xBB, 0x79, 0x2E, 0x2A, 0xED, 0x37, 0xA2, 0xA8, 0x78, 0x24, 0xE0, 0x8C, 0xC0, 0x24,
    0x70, 0x37, 0x0A, 0xDC, 0x0F, 0x02, 0xFF, 0xD9, 0x67, 0xB1, 0xFD, 0x5F, 0x2F, 0x83, 0x45, 0xD8,
    0xD1, 0xCD, 0x70, 0xA1, 0xD0, 0xC1, 0xCA, 0x55, 0xA5, 0x55, 0x95, 0xC5, 0xB7, 0xA2, 0xD2, 0x2C,
    0xFE, 0x58, 0xBD, 0x38, 0x2C, 0x8B, 0x20, 0x60, 0xA2, 0x00, 0xFE, 0x01, 0xEB, 0xC4, 0x06, 0xAD,
    0x3F, 0x23, 0xF0, 0x60, 0x53, 0x77, 0xE2, 0xCF, 0xC9, 0xDE, 0x02, 0x4B, 0xC6, 0xCD, 0x0F, 0x46,
    0xB7, 0x66, 0x95, 0xD0, 0x76, 0x8B, 0x98, 0x8D, 0x02, 0xDB, 0x0B, 0x5C, 0xAC, 0xDE, 0xB8, 0x0C,
    0xAB, 0xCE, 0xDD, 0x2C, 0xC0, 0xBA, 0x41, 0x1A, 0x8B, 0x0E, 0xE9, 0x83, 0xE4, 0xE3, 0x37, 0x2D,
    0xE3, 0x52, 0x02, 0x71, 0x6E, 0x7B, 0x98, 0xA9, 0x08, 0x48, 0x46, 0xDB, 0x41, 0xD3, 0x9B, 0x96,
    0xB1, 0x19, 0x8E, 0x5E, 0x80, 0x95, 0x2A, 0x02, 0x90, 0xEC, 0x60, 0x9D, 0x5A, 0x8F, 0x32, 0x2C,
    0x2F, 0xF7, 0x65, 0x90, 0x0F, 0x76, 0x04, 0x9B, 0x3C, 0xEA, 0x51, 0x3D, 0x9B, 0x09, 0x09, 0xF3,
    0x08, 0xF0, 0xA3, 0x01, 0xA8, 0x95, 0xCF, 0xB1, 0x03, 0x0A, 0x7A, 0xC0, 0x6E, 0x5F, 0xCC, 0xCC,
    0xC9, 0x80, 0xCD, 0x21, 0xDB, 0x15, 0xE3, 0x24, 0xC6, 0x46, 0xAC, 0x17, 0xF5, 0x81, 0x4D, 0x31,
    0xB0, 0xB1, 0x87, 0xAC, 0x0C, 0xDC, 0x65, 0x20, 0xE9, 0xC5, 0x40, 0x7E, 0x7F, 0x84, 0x43, 0x0D,
    0xED, 0x0C, 0xE4, 0xA4, 0xC8, 0xD7, 0x98, 0xEB, 0xFD, 0x5B, 0xC2, 0xE9, 0x8D, 0x40, 0xB3, 0x40,
    0x1E, 0x05, 0xCA, 0x41, 0x80, 0xDD, 0xE6, 0x67, 0x8D, 0xFB, 0xB3, 0x02, 0x1B, 0xF0, 0x2E, 0xB5,
    0xA2, 0x9E, 0xB5, 0x1D, 0x1B, 0x2D, 0xF1, 0x02, 0xAE, 0x5B, 0xC3, 0x3F, 0xEF, 0x52, 0x80, 0xF4,
    0x0A, 0x95, 0xF4, 0x1D, 0xD7, 0xEF, 0x00, 0xAD, 0x0E, 0x40, 0xD8, 0xCC, 0xEF, 0x9B, 0xD0, 0x94,
    0xB4, 0xFB, 0xB0, 0xA4, 0x17, 0x0B, 0xD9, 0x0F, 0x75, 0x00, 0xEC, 0xA0, 0x96, 0x92, 0x63, 0x21,
    0x56, 0x8B, 0xB1, 0xB3, 0x23, 0x1B, 0xB5, 0x72, 0xE4, 0x0F, 0xED, 0x52, 0xE6, 0xF8, 0x78, 0xCC,
    0x66, 0x33, 0x2E, 0xA4, 0xBA, 0x68, 0xB2, 0xB8, 0x5E, 0x32, 0x97, 0xAB, 0x93, 0xF1, 0xFE, 0xBC,
    0x37, 0xD2, 0x1F, 0xE6, 0xE5, 0x51, 0x5E, 0x37, 0x00, 0x6D, 0x44, 0x3A, 0x13, 0xF9, 0xE0, 0xFC,
    0xC5, 0x46, 0x8F, 0xD7, 0xD3, 0xEB, 0x4D, 0xE6, 0x77, 0x83, 0x21, 0xFB, 0x85, 0xE3, 0x5F, 0x58,
    0x9D, 0xC7, 0x5B, 0x38, 0x0B, 0xDE, 0xAC, 0x77, 0x95, 0x1D, 0x6A, 0x9F, 0x07, 0xD7, 0xA0, 0x3A,
    0x07, 0x49, 0x5B, 0xDE, 0x62, 0xC3, 0x9B, 0xFF, 0x02, 0x5E, 0x94, 0x3D, 0xD0, 0x8E, 0xC0, 0x70,
    0x7B, 0x6D, 0x7A, 0xAF, 0x65, 0xC0, 0x29, 0x75, 0x7F, 0xB3, 0x1E, 0x8F, 0x76, 0xC8, 0x58, 0xA9,
    0xC4, 0x9A, 0x83, 0x32, 0x91, 0x11, 0xD9, 0x6E, 0x3B, 0x7F, 0x40, 0x00, 0xE5, 0x98, 0x10, 0x38,
    0x7F, 0xEB, 0xE9, 0x8A, 0x55, 0x46, 0x4D, 0x95, 0x53, 0x64, 0xD3, 0x76, 0xA5, 0x66, 0x3A, 0xD1,
    0x81, 0xF5, 0x44, 0xD5, 0xCC, 0x45, 0xCD, 0xFE, 0x9F, 0xFA, 0xAA, 0x53, 0x73, 0x22, 0x67, 0x94,
    0x0C, 0x8E, 0x13, 0xC4, 0xCB, 0xF2, 0x52, 0x75, 0x6B, 0x39, 0xFA, 0x7C, 0xC1, 0x65, 0xC1, 0xA3,
    0xEE, 0xB6, 0x3F, 0xF3, 0x1C, 0x35, 0x0F, 0xD4, 0x3D, 0x2A, 0x37, 0xDF, 0x6A, 0x0A, 0x71, 0x94,
    0x49, 0x7B, 0xD4, 0xFB, 0x80, 0x6D, 0x80, 0xA2, 0x07, 0xB2, 0x11, 0x40, 0x04, 0xDE, 0x11, 0xE3,
    0x00, 0x2C, 0x2F, 0xC5, 0x58, 0x93, 0x95, 0x2F, 0xEA, 0xFF, 0x0D, 0x4B, 0xBA, 0x35, 0xAA, 0x4F,
    0xE5, 0xE9, 0xDD, 0x7E, 0x1D, 0x6A, 0x6F, 0xC7, 0xB6, 0xC9, 0x23, 0xC9, 0x03, 0xDB, 0x5D, 0x5D,
    0x6F, 0x1B, 0x2C, 0x7A, 0xDC, 0xFE, 0xFB, 0x41, 0xC7, 0xD3, 0x88, 0xAD, 0x77, 0x21, 0x76, 0x48,
    0x09, 0xE4, 0x23, 0x50, 0x74, 0xC0, 0x5F, 0xE0, 0x6C, 0x78, 0x5D, 0x00, 0x38, 0xC2, 0xCC, 0x33,
    0x6C, 0xA8, 0x9B, 0xCB, 0xD5, 0xC5, 0xE6, 0x2C, 0x78, 0x8F, 0x9F, 0x8B, 0xA7, 0xE7, 0x3D, 0x78,
    0x13, 0x15, 0xDE, 0xF3, 0x15, 0x20, 0xCA, 0x5F, 0xEF, 0x02, 0xBD, 0x60, 0x3E, 0xA0, 0xF4, 0x78,
    0x1B, 0x9A, 0x5C, 0xFF, 0x7A, 0x57, 0x42, 0x0F, 0xC3, 0x1E, 0xF6, 0xD9, 0x28, 0x2A, 0x66, 0xBC,
    0xB5, 0xE1, 0x01, 0x9B, 0x53, 0x99, 0xBC, 0x0A, 0xC9, 0x0B, 0x51, 0x9B, 0x87, 0x73, 0xD0, 0xC0,
    0x7E, 0x49, 0x6C, 0x9A, 0x3E, 0xCC, 0x1A, 0x70, 0xAF, 0x83, 0xD3, 0x35, 0xA5, 0xF1, 0x4A, 0x3E,
    0xD5, 0x1E, 0x7F, 0x52, 0xF6, 0x38, 0xAF, 0xAB, 0xF2, 0xF9, 0xB8, 0xFD, 0xC9, 0xBD, 0x2F, 0xA6,
    0xD6, 0x67, 0x13, 0x1B, 0x73, 0xC8, 0xB2, 0xD8, 0xFA, 0x3C, 0xCA, 0xD3, 0x19, 0xF4, 0x29, 0xE9,
    0xD3, 0x42, 0x3D, 0x22, 0x99, 0xDF, 0xD3, 0xFB, 0x6E, 0x59, 0xE9, 0xFF, 0x4A, 0x9C, 0xC7, 0x25,
    0x68, 0x9A, 0xB3, 0xB9, 0xA2, 0x63, 0x4F, 0x72, 0xE0, 0x7E, 0xAD, 0x2B, 0x3D, 0x52, 0xFA, 0xB3,
    0x39, 0x99, 0x25, 0xDC, 0x3C, 0x6A, 0x1B, 0x36, 0x67, 0xEB, 0xCD, 0xE3, 0x66, 0xCA, 0x50, 0x0B,
    0xAF, 0x68, 0x8D, 0x47, 0xB4, 0x8A, 0x69, 0x99, 0xD6, 0x69, 0x1B, 0x2B, 0x6D, 0x0D, 0xD9, 0x68,
    0xDF, 0xED, 0xA9, 0x60, 0xB6, 0xA7, 0xC2, 0xD9, 0xF0, 0x6E, 0x4E, 0x85, 0x64, 0x26, 0xB2, 0xA1,
    0x5C, 0x4E, 0x85, 0x33, 0xE1, 0x7D, 0xB8, 0x3E, 0x15, 0x72, 0x1D, 0xDF, 0xFF, 0xD9, 0x9E, 0x0A,
    0xA7, 0xE6, 0x4D, 0x07, 0x57, 0x49, 0x8D, 0x37, 0xE3, 0xD1, 0x95, 0x78, 0x6A, 0xBD, 0x45, 0xF3,
    0xD2, 0x8F, 0xE9, 0x47, 0xFE, 0x77, 0xB5, 0x5A, 0xED, 0x00, 0x38, 0xB6, 0x1D, 0xEA, 0x9F, 0x3B,
    0xF1, 0x1D, 0x0E, 0x7C, 0xD7, 0xE2, 0x9B, 0x91, 0xF7, 0x9E, 0x4F, 0xFC, 0xA7, 0x27, 0x13, 0x3F,
    0x7A, 0x34, 0x71, 0xEF, 0xBD, 0xA9, 0xA5, 0xF8, 0x8E, 0xE2, 0x7B, 0x5A, 0xFB, 0xB6, 0xAA, 0x77,
    0x6F, 0x44, 0x02, 0x6C, 0xBE, 0x4D, 0x78, 0xA0, 0x78, 0x31, 0x6F, 0xAE, 0x8B, 0xBD, 0xFE, 0xBF,
    0xAB, 0xDA, 0xA7, 0x6D, 0xAC, 0xC9, 0x58, 0xF2, 0x59, 0xBC, 0xC0, 0x7B, 0x71, 0xBB, 0xD3, 0x66,
    0x9B, 0x9D, 0xF6, 0x6D, 0x9C, 0x0D, 0xAF, 0x0B, 0x00, 0x23, 0xCC, 0x44, 0xD8, 0x50, 0xFA, 0xF3,
    0xD5, 0xF9, 0xEA, 0x2C, 0x78, 0x7F, 0x07, 0x8D, 0xD0, 0x01, 0x66, 0x03, 0x41, 0x18, 0xC5, 0xF1,
    0x7F, 0xB2, 0x69, 0x17, 0x83, 0x39, 0x42, 0x8E, 0x90, 0x23, 0xCC, 0x02, 0x45, 0xD0, 0x9E, 0xA8,
    0x33, 0x7A, 0x81, 0x1E, 0x69, 0xE6, 0x08, 0xB9, 0x41, 0xE7, 0x06, 0x1D, 0x6C, 0x74, 0xCB, 0xB7,
    0x79, 0x35, 0x81, 0xD2, 0x08, 0xC5, 0x7B, 0xE0, 0x7B, 0xF8, 0x7E, 0x63, 0x0D, 0x93, 0x9F, 0x63,
    0x71, 0x2D, 0x24, 0xA6, 0x1D, 0x00, 0x00, 0x4A, 0xCE, 0xFE, 0x17, 0x6F, 0x2A, 0x7B, 0xCB, 0xE7,
    0x6C, 0x51, 0xB2, 0x83, 0xBE, 0xEC, 0x51, 0x6F, 0x06, 0xDE, 0x80, 0x50, 0x81, 0x3C, 0xC1, 0xD6,
    0x80, 0xCD, 0x0B, 0x00, 0x10, 0x1A, 0xE1, 0xB4, 0x6F, 0xC4, 0xE2, 0x67, 0x72, 0x72, 0x86, 0xA6,
    0xC1, 0x36, 0x62, 0x58, 0xB7, 0x17, 0x36, 0x97, 0xC1, 0x40, 0xA3, 0x41, 0x3E, 0xCE, 0x10, 0xDF,
    0x1B, 0x84, 0x8F, 0x0A, 0xFB, 0xCF, 0x13, 0x78, 0x15, 0x70, 0x4A, 0x30, 0x0A, 0x18, 0xAE, 0xB5,
    0x02, 0x7D, 0x80, 0x5F, 0xE0, 0x21, 0x36, 0xF0, 0xAA, 0xBD, 0x12, 0xF8, 0x6F, 0x40, 0xE9, 0x4E,
    0x9E, 0x56, 0x14, 0x55, 0x24, 0x55, 0x9D, 0x63, 0x53, 0xF1, 0x8B, 0x92, 0xBF, 0x7D, 0xB4, 0xF8,
    0x9E, 0xE5, 0x7A, 0xD3, 0x6F, 0xB3, 0x8A, 0x8E, 0x2B, 0x4A, 0xDC, 0x0D, 0xAF, 0x63, 0x05, 0x3D,
    0xCF, 0x90, 0x5D, 0x83, 0x1D, 0x13, 0xC0, 0x1F, 0x84, 0xDC, 0x11, 0x94, 0xDC, 0xF2, 0x8B, 0x30,
    0xDC, 0x22, 0x84, 0x8E, 0x70, 0xB8, 0x45, 0x60, 0x10, 0xB0, 0xBD, 0xD6, 0x0A, 0xF4, 0x15, 0xEE,
    0x0E, 0xC2, 0x0F, 0xBD, 0x99, 0x01, 0xA4, 0x25, 0x47, 0xF6, 0xC6, 0xBF, 0xDB, 0xFD, 0x4F, 0x9A,
    0x34, 0x2A, 0xC8, 0xF0, 0xDF, 0x0C, 0x1A, 0xC0, 0x0E, 0xAB, 0x01, 0xC0, 0x4E, 0xB5, 0x04, 0xC1,
    0xC2, 0x60, 0x6E, 0x82, 0xC1, 0xC0, 0x62, 0x03, 0x1E, 0x00, 0x64, 0xD3, 0x95, 0x0D, 0x06, 0x83,
    0x0C, 0x3C, 0x0B, 0xD8, 0x45, 0x40, 0x20, 0x00, 0x90, 0xA4, 0x6B, 0x77, 0x11, 0x80, 0xB6, 0xC1,
    0x02, 0xB6, 0xC9, 0x44, 0x2C, 0xD8, 0x26, 0x1D, 0xD3, 0x2F, 0x53, 0xDD, 0xDF, 0x9E, 0x53, 0x7D,
    0xEF, 0xBB, 0x77, 0xDE, 0xCC, 0x9B, 0x79, 0x2F, 0xF7, 0x65, 0xCE, 0xAB, 0xEF, 0xA7, 0xEE, 0xAD,
    0x53, 0xD5, 0x75, 0xAA, 0xCA, 0xB9, 0xDD, 0xFD, 0xF0, 0xCA, 0x7A, 0x0D, 0xC0, 0x90, 0x67, 0xB8,
    0x31, 0xF6, 0x82, 0x15, 0x07, 0x61, 0xC2, 0x51, 0x98, 0x32, 0x08, 0xB3, 0x9F, 0x26, 0xF5, 0x3C,
    0xA1, 0x72, 0x50, 0x16, 0x3D, 0x2B, 0xC0, 0x76, 0x8D, 0x17, 0xB6, 0xB5, 0xB0, 0xF1, 0xB6, 0x03,
    0xE8, 0xCA, 0x5E, 0x78, 0x7C, 0x34, 0x20, 0x21, 0x39, 0x22, 0x15, 0x06, 0x64, 0xC2, 0x09, 0x79,
    0x40, 0x3A, 0xC3, 0x8C, 0xD2, 0x84, 0x62, 0xC0, 0x8A, 0x55, 0x74, 0x76, 0x56, 0xD8, 0x78, 0xF1,
    0x3C, 0xD5, 0x6A, 0xBD, 0xAE, 0xA0, 0xD6, 0x4C, 0x30, 0xA4, 0xCF, 0xC9, 0x3E, 0xFD, 0xAE, 0xEE,
    0xF5, 0xF2, 0xAA, 0x84, 0x1C, 0x0B, 0x51, 0x2D, 0x62, 0x6B, 0x46, 0x3A, 0x55, 0x39, 0xF2, 0xBB,
    0x26, 0x7E, 0x67, 0xF9, 0xED, 0x98, 0xCD, 0x6F, 0x8D, 0xF8, 0x2D, 0x4A, 0x00, 0xF6, 0xB8, 0x11,
    0x16, 0x9C, 0x84, 0x39, 0x87, 0x18, 0xA3, 0xC3, 0xD6, 0x12, 0xFA, 0x18, 0x69, 0x2B, 0xCC, 0xD8,
    0x0B, 0xCD, 0xC2, 0xC7, 0xEA, 0x59, 0x7C, 0x1F, 0x84, 0xF6, 0x9B, 0xC8, 0xBF, 0xCF, 0xC2, 0xE6,
    0x6F, 0x14, 0xD2, 0x45, 0x56, 0x74, 0x1A, 0x4E, 0xE3, 0x91, 0x72, 0x5D, 0xB7, 0x42, 0xB2, 0x43,
    0x2E, 0xEC, 0x61, 0x84, 0x83, 0x46, 0x2A, 0x21, 0x97, 0xBD, 0x86, 0x2F, 0x91, 0x66, 0x13, 0xD4,
    0x6D, 0xD6, 0x2E, 0x09, 0x61, 0x7C, 0xA6, 0xD1, 0xB9, 0x94, 0x04, 0x38, 0x02, 0xAF, 0x20, 0xDA,
    0xAA, 0x39, 0x41, 0x41, 0x7A, 0x43, 0xF6, 0xF9, 0x05, 0x23, 0x6F, 0x62, 0xE4, 0xFF, 0x92, 0xC8,
    0xD3, 0xF1, 0xFC, 0xBD, 0x7C, 0x1C, 0x57, 0xE1, 0xA7, 0x59, 0x68, 0x7E, 0xDC, 0xED, 0x65, 0xD9,
    0xEF, 0xF6, 0xB2, 0x5E, 0xF6, 0xD2, 0xDB, 0xB8, 0x3D, 0x45, 0x8F, 0xD5, 0x6E, 0x2F, 0x95, 0xBA,
    0x97, 0xD3, 0xFA, 0xBD, 0x19, 0x46, 0x3F, 0x2E, 0x3B, 0xBA, 0xEC, 0xA5, 0xB7, 0x91, 0x10, 0xBB,
    0xA9, 0xC0, 0xA8, 0x48, 0x7A, 0x65, 0x3A, 0x44, 0xC6, 0xD6, 0x44, 0xA9, 0x17, 0xD2, 0x38, 0xCD,
    0x26, 0xCE, 0x6C, 0x2F, 0xCE, 0xD5, 0xE7, 0xCF, 0x8A, 0xB3, 0xD8, 0x8B, 0xF3, 0x9B, 0x4D, 0x9C,
    0x59, 0x0B, 0x18, 0x87, 0x65, 0xA3, 0x55, 0x41, 0xEA, 0xA2, 0x4C, 0x64, 0x44, 0xB0, 0xBD, 0xA0,
    0x71, 0x40, 0x32, 0x41, 0xF0, 0x00, 0x1B, 0x7B, 0x95, 0x0F, 0x81, 0x86, 0x8C, 0x11, 0xC1, 0xF0,
    0xF8, 0x4B, 0x94, 0x23, 0xFE, 0x6F, 0xF1, 0xAF, 0xBD, 0xA0, 0x51, 0xD0, 0x9D, 0x03, 0x6D, 0x5D,
    0xFC, 0x74, 0xB5, 0xB4, 0x2F, 0x74, 0x94, 0xAF, 0x90, 0x91, 0x33, 0x10, 0x71, 0x5D, 0xAF, 0x01,
    0x7A, 0xA4, 0xF3, 0x12, 0x59, 0xE9, 0x81, 0x1B, 0x58, 0xEC, 0x68, 0x56, 0x57, 0x57, 0x90, 0x95,
    0x3D, 0xB9, 0x8B, 0xBA, 0x5D, 0xC6, 0xA4, 0x3B, 0x23, 0x8F, 0xD8, 0x66, 0x4F, 0xEE, 0xA8, 0xAF,
    0xCB, 0xC8, 0x0A, 0xF5, 0x09, 0x90, 0x11, 0x80, 0x51, 0x17, 0xFB, 0xDF, 0x0E, 0x98, 0xB3, 0x11,
    0xAB, 0x4F, 0xF1, 0x87, 0x97, 0x1D, 0x5E, 0xDD, 0xC5, 0x63, 0x96, 0xCE, 0x13, 0x4C, 0x57, 0x57,
    0x6F, 0x56, 0xAF, 0xB9, 0x2B, 0x09, 0x6F, 0x15, 0x0F, 0xED, 0xB4, 0x85, 0x7E, 0x54, 0x7B, 0xD9,
    0xE1, 0x15, 0xBA, 0xBE, 0xAD, 0x6A, 0xA9, 0xE3, 0x6A, 0x76, 0x2F, 0x09, 0x98, 0x81, 0xE6, 0x9D,
    0x11, 0x28, 0xD9, 0x01, 0x46, 0x1D, 0x93, 0xCF, 0x5E, 0x76, 0x78, 0xA5, 0x37, 0x6D, 0x3E, 0xD4,
    0x2E, 0x89, 0xDF, 0x06, 0xE0, 0xC6, 0x5F, 0xAF, 0x24, 0xBC, 0xAC, 0xCF, 0x06, 0x24, 0x53, 0xA9,
    0xDD, 0xD4, 0xCF, 0xCE, 0x00, 0x5E, 0xFB, 0x14, 0x8B, 0x91, 0xA3, 0x82, 0x4E, 0xD1, 0x83, 0xC7,
    0x4D, 0x00, 0x5D, 0x3E, 0x0B, 0x12, 0x0A, 0xA4, 0x28, 0xBC, 0xA0, 0x39, 0x0F, 0x8B, 0x4B, 0xA5,
    0xA9, 0x53, 0xFB, 0x4E, 0x9B, 0x51, 0xC8, 0x5E, 0x51, 0x09, 0x1E, 0x42, 0x2C, 0x0F, 0xD6, 0x47,
    0xBA, 0x48, 0x28, 0x3F, 0x8C, 0xFC, 0x02, 0x4B, 0x92, 0x58, 0xF1, 0x9E, 0xD0, 0xF0, 0x91, 0xB0,
    0x24, 0x83, 0x06, 0x53, 0x0B, 0x9B, 0xD6, 0x08, 0xE9, 0x73, 0xA5, 0xCB, 0xF6, 0x98, 0xEE, 0xEA,
    0x5E, 0xB9, 0x78, 0x6A, 0xAF, 0xED, 0x08, 0x86, 0x3F, 0xC4, 0x91, 0xDF, 0x8A, 0xF5, 0xD9, 0x09,
    0x38, 0x2A, 0x08, 0x73, 0x72, 0x87, 0xDE, 0x8C, 0x68, 0x3A, 0x41, 0xD9, 0x0B, 0xCC, 0xA8, 0x08,
    0x82, 0x3C, 0x90, 0xFD, 0x3E, 0xEE, 0x9E, 0xDC, 0xCA, 0xC3, 0xA9, 0xCB, 0x20, 0xB0, 0xBD, 0xA0,
    0x69, 0x97, 0x51, 0x48, 0x42, 0x30, 0x08, 0xE6, 0x2A, 0x06, 0xB5, 0x81, 0x21, 0xFD, 0x1E, 0x5E,
    0xB9, 0x33, 0x55, 0x78, 0x23, 0xD3, 0x6C, 0xFD, 0x75, 0x40, 0xC1, 0xC7, 0x01, 0x96, 0x0C, 0xA8,
    0x3B, 0x1B, 0xD0, 0x78, 0x13, 0x57, 0xFF, 0x69, 0x78, 0x41, 0x6C, 0xAD, 0x7F, 0xAC, 0x37, 0x3D,
    0x0C, 0xBF, 0x0F, 0x58, 0xF1, 0xED, 0x80, 0x6B, 0xEB, 0xDB, 0x96, 0x61, 0x29, 0x00, 0x78, 0x6A,
    0xC7, 0x6B, 0x3A, 0xEC, 0xCA, 0xF1, 0x6D, 0x72, 0xDE, 0x14, 0x87, 0xFD, 0xA2, 0x9E, 0x5B, 0x33,
    0x24, 0xB6, 0x8A, 0x37, 0x29, 0x6A, 0x47, 0xE3, 0xF6, 0x0C, 0x76, 0xB2, 0xB8, 0x7D, 0x2D, 0xCB,
    0xD6, 0x38, 0x5D, 0x19, 0x9E, 0x4A, 0xC6, 0xB8, 0xDD, 0xB8, 0xED, 0x19, 0x7C, 0xB7, 0x17, 0xDF,
    0x3E, 0x15, 0xE1, 0x68, 0xAE, 0xE4, 0xC7, 0xDF, 0x1E, 0x37, 0x05, 0xA7, 0x9C, 0xC3, 0x8A, 0xEE,
    0x45, 0x93, 0x9C, 0x96, 0xF2, 0xBC, 0x49, 0xFA, 0xFC, 0x59, 0x3F, 0xD6, 0x67, 0x27, 0x3A, 0x3C,
    0x73, 0xA2, 0x0E, 0x68, 0xFC, 0x93, 0x13, 0xCD, 0x36, 0x13, 0xC5, 0x87, 0x00, 0x2B, 0x30, 0x56,
    0x80, 0xC3, 0x57, 0xF3, 0xFC, 0xA4, 0x75, 0xF9, 0x15, 0x35, 0x7B, 0x2B, 0x7A, 0xDE, 0xB4, 0xB4,
    0x6C, 0xD7, 0x4F, 0xA7, 0x78, 0xDE, 0xB4, 0x30, 0x22, 0xED, 0x90, 0xB7, 0x30, 0x52, 0x88, 0x9C,
    0x58, 0xF1, 0xB0, 0x39, 0x51, 0x03, 0xAC, 0x10, 0x17, 0x2E, 0x6C, 0xC4, 0x0E, 0xA8, 0x7B, 0xA0,
    0xE8, 0xBE, 0x42, 0x5D, 0x95, 0xFF, 0x9C, 0x90, 0x53, 0x2E, 0xAC, 0x5F, 0x7F, 0x56, 0x6D, 0x97,
    0x77, 0x2B, 0x9D, 0xE0, 0x53, 0x59, 0x4D, 0x62, 0x00, 0x39, 0xEF, 0xE4, 0xF0, 0xB4, 0xB4, 0x1F,
    0x79, 0xAA, 0xA2, 0xCD, 0xFB, 0x6C, 0xAC, 0xFD, 0x8A, 0x04, 0x9A, 0x98, 0x49, 0x7F, 0xF6, 0xE1,
    0xD8, 0x5F, 0x73, 0xA4, 0x04, 0x90, 0xD3, 0x03, 0xC5, 0xBF, 0x7B, 0xA0, 0x7E, 0x3B, 0x00, 0xBF,
    0xC7, 0xFB, 0xA7, 0x3F, 0x14, 0x27, 0x40, 0xBD, 0xDC, 0x37, 0xB3, 0x32, 0x3C, 0x3E, 0x42, 0x71,
    0x7A, 0xD7, 0x53, 0xB7, 0x67, 0x7E, 0x28, 0x6A, 0xFA, 0x7D, 0x5C, 0x6B, 0xBC, 0xB4, 0x6E, 0x60,
    0x3B, 0xC5, 0x20, 0x30, 0x5C, 0xD3, 0x67, 0x24, 0x3D, 0x22, 0xAE, 0xF3, 0x3F, 0x80, 0xB4, 0x68,
    0x58, 0xC9, 0x4C, 0xE4, 0x83, 0xF5, 0xAF, 0xB9, 0x57, 0x1F, 0x40, 0x6C, 0xC5, 0x8F, 0x43, 0x2E,
    0xB9, 0x53, 0xF3, 0x9E, 0x66, 0x40, 0xCD, 0x85, 0x9A, 0x15, 0xE9, 0xD2, 0x7D, 0xE9, 0x77, 0xDA,
    0xA6, 0x3E, 0xD1, 0x57, 0xF3, 0xED, 0x92, 0x79, 0x33, 0x51, 0x1E, 0x5E, 0x87, 0x19, 0x6F, 0x1E,
    0x37, 0x83, 0x25, 0x3B, 0x91, 0xBB, 0xCE, 0x11, 0xF8, 0x7F, 0xFC, 0x0A, 0xB8, 0x89, 0x06, 0x28,
    0x39, 0x03, 0x86, 0x01, 0x48, 0xD8, 0x01, 0x78, 0x03, 0x67, 0xE3, 0x4F, 0x48, 0xBA, 0x17, 0xC5,
    0x6F, 0xE9, 0xB7, 0xB8, 0x64, 0xFC, 0xA6, 0x3D, 0xE7, 0x46, 0xFD, 0x2A, 0xE3, 0x5F, 0x9F, 0x89,
    0x7F, 0xC9, 0x07, 0xAC, 0xB6, 0x88, 0x1F, 0x81, 0xCB, 0x6F, 0xFD, 0x41, 0xA1, 0x23, 0x6F, 0x81,
    0xA2, 0x57, 0xC5, 0xBA, 0xDA, 0x2F, 0xBC, 0xF5, 0x2F, 0xF1, 0x5C, 0x2F, 0x46, 0xC5, 0xAC, 0x41,
    0x05, 0x41, 0x32, 0x0A, 0xD2, 0x5E, 0x3F, 0x0E, 0x4B, 0x25, 0x17, 0x99, 0x98, 0x53, 0x7E, 0xF9,
    0xD0, 0x4D, 0x8C, 0x73, 0x16, 0xB0, 0x76, 0x48, 0x82, 0x5C, 0x33, 0x79, 0xB0, 0xDA, 0x64, 0x93,
    0x78, 0xFB, 0x73, 0x11, 0x1C, 0xAF, 0x05, 0x62, 0x7B, 0xD0, 0x86, 0x0B, 0x63, 0x45, 0x8F, 0x25,
    0x69, 0x9A, 0xC7, 0x23, 0x60, 0x3F, 0x9A, 0x81, 0xF7, 0xF1, 0x26, 0x36, 0x46, 0x77, 0x1E, 0x2A,
    0xC5, 0x3B, 0x73, 0x05, 0xD6, 0xEC, 0x40, 0x72, 0x00, 0x4F, 0xEA, 0x11, 0x6C, 0xCD, 0xE6, 0x9E,
    0x82, 0xEE, 0x92, 0x58, 0xDE, 0x1C, 0xEC, 0x93, 0x6A, 0xFD, 0x3E, 0xEF, 0xE8, 0x13, 0xE9, 0xAD,
    0x8D, 0x8F, 0xD4, 0x85, 0x24, 0xCF, 0x50, 0x5B, 0x2F, 0x4D, 0x33, 0x02, 0x0B, 0xC8, 0xB0, 0x8F,
    0xBB, 0x27, 0xB7, 0xB1, 0x69, 0x1D, 0xEA, 0x87, 0xB2, 0x4E, 0x14, 0xE7, 0xE5, 0xB8, 0xFE, 0x99,
    0xCE, 0x4C, 0xA0, 0x37, 0xF1, 0x0E, 0x6A, 0xBC, 0x04, 0xF2, 0xEE, 0x37, 0x76, 0xFA, 0xA0, 0x66,
    0xF8, 0xB2, 0x19, 0x86, 0xBC, 0x45, 0x4C, 0x7B, 0x4B, 0x01, 0x5B, 0x71, 0xB8, 0x50, 0x61, 0x7B,
    0xDA, 0x2B, 0x1F, 0x4D, 0x55, 0x92, 0xB0, 0x9C, 0xF1, 0xC7, 0xA3, 0x11, 0xAF, 0xA3, 0xDA, 0x6E,
    0xE1, 0x41, 0x5A, 0xAF, 0x2B, 0xD2, 0x2F, 0x05, 0xC0, 0x69, 0x5D, 0xE2, 0xCE, 0xC3, 0x85, 0x8A,
    0x99, 0x76, 0xBD, 0xC8, 0x7E, 0x29, 0xEB, 0xF5, 0x2D, 0x40, 0x5B, 0x2F, 0x55, 0x46, 0x7C, 0x31,
    0xBF, 0x1B, 0x6A, 0x0E, 0x25, 0xDB, 0x6C, 0x86, 0x98, 0x65, 0xBF, 0x94, 0x8C, 0x48, 0xE7, 0x0B,
    0x95, 0x8C, 0xBB, 0x5E, 0x32, 0x60, 0xC3, 0x51, 0x2A, 0x86, 0x0E, 0x3A, 0x23, 0x75, 0xB8, 0x54,
    0x39, 0x70, 0x41, 0x60, 0x81, 0xA0, 0x99, 0x28, 0x95, 0x42, 0x9F, 0xD0, 0xA3, 0xF6, 0x85, 0xB3,
    0xAD, 0x6D, 0x0B, 0x17, 0x03, 0xEC, 0x9E, 0xFF, 0x57, 0xB8, 0x9B, 0xF8, 0x02, 0x13, 0xD8, 0x37,
    0x7D, 0xD1, 0x27, 0x03, 0xB2, 0xA0, 0x45, 0x2A, 0x6A, 0x87, 0x6F, 0x98, 0x7B, 0xC1, 0x1F, 0x7D,
    0xD9, 0xEF, 0x20, 0x5D, 0xCB, 0x3E, 0x0F, 0x07, 0x22, 0x8E, 0x72, 0x66, 0x64, 0x00, 0x11, 0xB6,
    0x03, 0xD6, 0x5C, 0x1E, 0x38, 0x05, 0x33, 0x04, 0x0F, 0xF1, 0x21, 0x0A, 0xC7, 0xCA, 0xB6, 0x2A,
    0xAD, 0xEF, 0xF2, 0x97, 0xED, 0x0E, 0x11, 0x10, 0xD5, 0x46, 0x5D, 0x63, 0x8B, 0x92, 0x5E, 0xB4,
    0x3C, 0x6A, 0xDF, 0x78, 0x00, 0xB0, 0x47, 0xC2, 0x80, 0xEC, 0x64, 0x46, 0xD1, 0xD6, 0xEE, 0x4D,
    0xBC, 0xEA, 0xB0, 0x6C, 0xDB, 0x15, 0xAA, 0x5D, 0x54, 0xB7, 0xD0, 0x74, 0x4D, 0x56, 0xE0, 0x0C,
    0x70, 0x00, 0xAE, 0x01, 0xF1, 0x3B, 0xCD, 0xE0, 0xE6, 0xD1, 0x08, 0xEB, 0x66, 0xBC, 0x81, 0x6B,
    0xDB, 0xE0, 0xAF, 0x40, 0x55, 0xD4, 0x7B, 0xA2, 0x86, 0x40, 0x33, 0x01, 0x75, 0xA7, 0x4D, 0x09,
    0x2B, 0xBA, 0x6C, 0x96, 0x9A, 0x09, 0x02, 0xDB, 0x0B, 0x9A, 0x16, 0xFC, 0x48, 0x67, 0x77, 0x6F,
    0x06, 0xF8, 0x49, 0x10, 0x7C, 0xDE, 0x0B, 0xD8, 0x29, 0x06, 0x45, 0x10, 0x3C, 0xD6, 0xD6, 0x8F,
    0x29, 0x70, 0xF4, 0xB1, 0xDB, 0x76, 0x80, 0x62, 0x14, 0xE4, 0x93, 0x20, 0x65, 0xBC, 0x86, 0xC3,
    0xCE, 0x4C, 0xAF, 0xE8, 0x04, 0x85, 0x17, 0x94, 0xDA, 0x66, 0x9F, 0x1B, 0xA6, 0x19, 0x75, 0x5C,
    0xBD, 0x0A, 0xFF, 0x44, 0xF0, 0x77, 0x01, 0xBC, 0xDB, 0x83, 0x7A, 0x3D, 0xAA, 0x7A, 0x51, 0x00,
    0xBF, 0x9E, 0x21, 0xED, 0x95, 0xFA, 0x2D, 0xFB, 0x5E, 0x0E, 0x31, 0xAA, 0xAD, 0x59, 0x2F, 0x72,
    0xA2, 0xCD, 0xBD, 0xD9, 0x07, 0xCB, 0x7B, 0x01, 0xBA, 0x42, 0xFC, 0x6C, 0x4B, 0x27, 0x7F, 0x1F,
    0xCF, 0xE0, 0xFD, 0x00, 0xFE, 0xA5, 0xD7, 0x70, 0x77, 0x63, 0x7F, 0x3B, 0xEB, 0x92, 0x38, 0x0D,
    0x72, 0x99, 0x8B, 0x09, 0xBA, 0x6C, 0x67, 0x5F, 0x16, 0xFE, 0x1A, 0xB8, 0xBA, 0x63, 0xF3, 0xDD,
    0xFA, 0x96, 0x25, 0xFB, 0xAD, 0x40, 0x9F, 0x12, 0xF9, 0x88, 0xB2, 0x8D, 0xD7, 0x51, 0xAF, 0x43,
    0x0B, 0x1D, 0x0E, 0xD7, 0xF1, 0xBA, 0x22, 0xE9, 0xB7, 0x7A, 0x6A, 0xBD, 0x6B, 0x00, 0x5F, 0x89,
    0x82, 0xCE, 0xF8, 0xE2, 0x7F, 0x10, 0x2B, 0xBA, 0xB2, 0x2D, 0xBD, 0xAD, 0x6E, 0xEA, 0xA1, 0xD2,
    0x1D, 0x6D, 0x45, 0xBA, 0xBB, 0x15, 0xDD, 0xCD, 0x83, 0x67, 0xCA, 0x7B, 0x23, 0xEF, 0xF7, 0xBC,
    0xDF, 0xF1, 0x13, 0xCF, 0x4F, 0x1C, 0x1D, 0x7E, 0x46, 0x79, 0x81, 0xBE, 0xD4, 0x73, 0xA3, 0xD2,
    0xFA, 0xC5, 0x66, 0xF5, 0x9C, 0xCB, 0xDD, 0x6F, 0xE5, 0x64, 0x6A, 0x91, 0xCA, 0xF9, 0x6E, 0xE9,
    0x8C, 0x73, 0xF4, 0x3A, 0x52, 0x0E, 0xA2, 0x20, 0x1A, 0x91, 0x69, 0x12, 0x9C, 0x81, 0x5A, 0x54,
    0x8A, 0xF2, 0x27, 0x7C, 0xD7, 0xEB, 0x94, 0xE4, 0xA9, 0x66, 0x9C, 0x53, 0xAA, 0x54, 0x0F, 0x66,
    0x9F, 0xB2, 0x2D, 0x67, 0x1D, 0xCA, 0xCE, 0xC8, 0x9F, 0xE5, 0x09, 0x98, 0x49, 0x50, 0x6E, 0x5F,
    0xF0, 0xAF, 0xF4, 0xD3, 0xF6, 0x46, 0x19, 0xEC, 0x91, 0x06, 0x8E, 0x8A, 0x49, 0xC1, 0x88, 0x4A,
    0xE1, 0x05, 0xB6, 0x13, 0x94, 0xBD, 0xC0, 0x04, 0x41, 0x36, 0x09, 0x52, 0x0A, 0xF4, 0xDE, 0x9E,
    0x68, 0xFE, 0x21, 0xB0, 0xDF, 0x0A, 0xCA, 0x47, 0x02, 0x43, 0x41, 0xA6, 0x48, 0x15, 0x88, 0x68,
    0x14, 0x36, 0x00, 0x6C, 0x91, 0x70, 0xB9, 0xA7, 0x2F, 0x3A, 0xE0, 0x46, 0x05, 0xB5, 0x39, 0x9B,
    0x2B, 0x5A, 0x76, 0x24, 0x07, 0xBD, 0x03, 0x66, 0x7C, 0x48, 0xC8, 0x03, 0xDD, 0x05, 0xF5, 0xD2,
    0x02, 0xD8, 0xD9, 0x8A, 0x8A, 0x49, 0x90, 0x04, 0x41, 0x3A, 0x28, 0xFA, 0xC3, 0x63, 0x79, 0x22,
    0x57, 0x17, 0xED, 0x92, 0xDB, 0x6C, 0x25, 0x8A, 0x97, 0x6B, 0x80, 0xFA, 0x9E, 0xAE, 0x1E, 0xFB,
    0xCD, 0xBB, 0x8E, 0xD5, 0x67, 0xD5, 0x4B, 0xDE, 0xC6, 0xE5, 0x05, 0x8E, 0xDD, 0x7B, 0x81, 0xF3,
    0xE9, 0x95, 0x6C, 0x63, 0xD9, 0x41, 0xAC, 0x6C, 0x95, 0xD6, 0x47, 0x3A, 0x65, 0x5D, 0x29, 0x1B,
    0xD3, 0x35, 0x0F, 0x31, 0x99, 0x47, 0x9C, 0xB1, 0x3C, 0x3C, 0x20, 0x3E, 0x3D, 0x20, 0x3E, 0x3E,
    0xC0, 0x04, 0x34, 0xC2, 0xF1, 0x67, 0x73, 0x59, 0xBE, 0xA0, 0x98, 0x9F, 0x5C, 0x39, 0x76, 0x02,
    0x3B, 0x08, 0x8A, 0x20, 0xC8, 0x29, 0x48, 0x75, 0xD1, 0x56, 0xFC, 0x46, 0x57, 0xEE, 0x07, 0x81,
    0x7D, 0x7C, 0xDE, 0xA2, 0xD5, 0x8A, 0x52, 0x61, 0x14, 0x59, 0x3C, 0x2D, 0x0A, 0xAD, 0x5D, 0x3B,
    0x1A, 0x81, 0x92, 0xBD, 0xC2, 0x0B, 0x4E, 0x30, 0xE7, 0x73, 0xC5, 0xFA, 0x90, 0xF3, 0xB3, 0xA7,
    0xD5, 0x51, 0xD8, 0x64, 0x9D, 0x4E, 0x54, 0xC1, 0x32, 0x60, 0x07, 0x7D, 0x33, 0x0D, 0x5C, 0xE7,
    0x03, 0x80, 0x9C, 0x91, 0x91, 0xF4, 0x86, 0xEF, 0xB2, 0x2B, 0x07, 0xD8, 0xDE, 0x76, 0x30, 0x63,
    0xE3, 0x65, 0x18, 0x81, 0xFE, 0x54, 0x23, 0x9D, 0x9E, 0x85, 0xD8, 0x5A, 0xAB, 0x5F, 0xEC, 0x11,
    0xFB, 0xC6, 0x51, 0x74, 0x3C, 0xA7, 0x23, 0x2F, 0xD7, 0x38, 0xFB, 0x6F, 0xEB, 0x67, 0xBE, 0xF2,
    0x93, 0x60, 0x9B, 0xE5, 0xED, 0xC0, 0xB4, 0x2F, 0xFD, 0x4E, 0xDB, 0xD4, 0xC7, 0xE8, 0x7E, 0x90,
    0x4E, 0xFB, 0xFE, 0x0F, 0xBD, 0x96, 0x01, 0xA4, 0x1E, 0xD9, 0x15, 0xC7, 0x7F, 0x33, 0xD3, 0xEC,
    0x60, 0x70, 0x17, 0x2D, 0xDD, 0x2D, 0x06, 0x40, 0x03, 0x03, 0x00, 0xFA, 0xEE, 0x6C, 0x0B, 0x28,
    0x12, 0xE4, 0x4B, 0x97, 0x60, 0x01, 0xAA, 0xCA, 0x03, 0x28, 0x2A, 0x33, 0x4D, 0x00, 0xC5, 0x3E,
    0x28, 0x28, 0x2C, 0x16, 0x14, 0x16, 0x00, 0xDA, 0xCC, 0xED, 0x06, 0x50, 0x74, 0xB6, 0xEB, 0x59,
    0x14, 0x1D, 0x6C, 0x2C, 0x8A, 0xBD, 0x6A, 0x62, 0xE7, 0xC9, 0x9D, 0xF9, 0x77, 0xEE, 0x37, 0xDF,
    0x4B, 0xDE, 0x6E, 0xD2, 0x34, 0xED, 0xBE, 0xBC, 0xEB, 0x9E, 0x73, 0x26, 0xF7, 0xDE, 0x7B, 0xCE,
    0xFF, 0x77, 0x4F, 0x3C, 0x1F, 0xDF, 0xE7, 0x2D, 0x38, 0xA2, 0x81, 0x4A, 0x0B, 0x18, 0x05, 0x48,
    0x35, 0x00, 0xDF, 0xE5, 0x30, 0x7E, 0xA0, 0x13, 0x90, 0x16, 0x72, 0x49, 0xCE, 0xE8, 0xB6, 0x86,
    0x6A, 0xC4, 0x7A, 0x3B, 0x60, 0xA6, 0xCE, 0x51, 0x84, 0xD5, 0xE5, 0x41, 0x2D, 0xD9, 0xFC, 0x22,
    0xB7, 0xDF, 0x6D, 0xE2, 0xB9, 0xFD, 0x8D, 0xFD, 0xDD, 0x7D, 0x96, 0x98, 0xAF, 0x8D, 0x99, 0xB7,
    0x1A, 0x59, 0x9F, 0xFB, 0x54, 0x1A, 0x90, 0x1C, 0x76, 0x81, 0xA4, 0x06, 0x80, 0xE3, 0x29, 0x96,
    0x6E, 0x4B, 0x69, 0xB0, 0x67, 0xCD, 0xD8, 0xF4, 0x66, 0xAD, 0x18, 0x0B, 0x66, 0xF3, 0x45, 0x8B,
    0x6B, 0x71, 0x2F, 0x9E, 0x31, 0xD2, 0x90, 0x49, 0x6D, 0xBC, 0x4B, 0xF9, 0xAF, 0x05, 0xEC, 0xA7,
    0x01, 0x9A, 0x1B, 0x1E, 0xE6, 0xD2, 0x91, 0xFA, 0xA3, 0xAB, 0xC6, 0x4B, 0x54, 0xF9, 0x6C, 0xB6,
    0x2E, 0x1F, 0x85, 0xF9, 0x24, 0x50, 0x65, 0xC3, 0x65, 0xE0, 0xC5, 0xE4, 0x51, 0x78, 0xA2, 0x7D,
    0xC8, 0xB7, 0x60, 0x96, 0x9D, 0x4E, 0x77, 0xB5, 0x1D, 0xE9, 0x1C, 0xD8, 0x21, 0x86, 0x68, 0x17,
    0x82, 0x5A, 0xBA, 0xD3, 0xDD, 0x3E, 0x48, 0xED, 0x73, 0xE1, 0xC2, 0xC9, 0xC6, 0x5D, 0xCC, 0x72,
    0xC8, 0x79, 0xA8, 0x90, 0xEB, 0x62, 0xF5, 0x83, 0x16, 0x9A, 0x29, 0xE9, 0x86, 0x48, 0x75, 0x43,
    0x0B, 0xA5, 0xE2, 0x68, 0x57, 0xDD, 0x3A, 0x95, 0x5B, 0x11, 0x84, 0x1D, 0x56, 0x9A, 0x85, 0xCA,
    0xAF, 0x60, 0x92, 0x9E, 0x0F, 0xCB, 0x6E, 0x77, 0x73, 0x7F, 0x04, 0xE2, 0x85, 0x1A, 0xE2, 0xF5,
    0x47, 0x77, 0x9C, 0xD9, 0x0A, 0x65, 0xD2, 0x6F, 0xD7, 0x10, 0xF9, 0xBB, 0x33, 0x48, 0xD4, 0x42,
    0xB6, 0x00, 0x66, 0x04, 0xAC, 0x03, 0xBE, 0xC7, 0x61, 0x48, 0x9F, 0x47, 0xA7, 0x3A, 0xBA, 0x1E,
    0xFD, 0xAE, 0xF3, 0xA8, 0xAD, 0xC6, 0xD5, 0x99, 0xAF, 0xBB, 0xCA, 0xAF, 0xBB, 0x1A, 0x38, 0x34,
    0x6E, 0x06, 0x29, 0x80, 0xEE, 0x0B, 0xD4, 0xC6, 0x04, 0x6D, 0xE7, 0x56, 0x67, 0x63, 0x82, 0x72,
    0x7F, 0x2D, 0xAC, 0x2E, 0x5F, 0x56, 0x97, 0xAA, 0xC6, 0x04, 0xEC, 0x10, 0xBF, 0x67, 0xD2, 0x0F,
    0x00, 0x96, 0x7C, 0x52, 0x35, 0xAA, 0x1B, 0xA5, 0x51, 0x23, 0x8A, 0x97, 0x5F, 0x32, 0x2F, 0x41,
    0xEA, 0xBD, 0x57, 0x94, 0xFA, 0x6C, 0x18, 0x1F, 0xDD, 0x00, 0x94, 0x0E, 0xA8, 0x5A, 0xC0, 0x46,
    0xFB, 0xCD, 0x62, 0xFF, 0x32, 0xDB, 0x2F, 0x67, 0xAB, 0xD9, 0xCE, 0x58, 0x8F, 0x1D, 0x5E, 0x36,
    0xB7, 0x51, 0x0E, 0x54, 0x3D, 0x95, 0xC3, 0xD6, 0x1C, 0x41, 0xE5, 0xCA, 0x9E, 0x62, 0xEC, 0x6A,
    0x52, 0xCD, 0x40, 0x37, 0xC5, 0xCE, 0xDC, 0xBC, 0xEA, 0xCE, 0x74, 0xD8, 0xBA, 0xFA, 0x64, 0xA1,
    0xD0, 0x44, 0x26, 0x0F, 0x7F, 0x68, 0x61, 0x63, 0x64, 0x85, 0x64, 0xA5, 0xC4, 0x6A, 0xB5, 0x99,
    0x08, 0x8A, 0x1D, 0x5E, 0xCD, 0xC8, 0x17, 0x30, 0x13, 0xD8, 0x1E, 0x3A, 0xE0, 0x43, 0x00, 0x48,
    0xBA, 0x33, 0x8C, 0xE4, 0xEC, 0x6A, 0xDD, 0xA3, 0xE3, 0x5A, 0x6D, 0x82, 0x5A, 0x90, 0x03, 0x79,
    0x68, 0x96, 0x9A, 0x4A, 0x03, 0x85, 0x66, 0x92, 0xC8, 0x5F, 0xCA, 0x91, 0xA8, 0x87, 0xA6, 0x8F,
    0xC9, 0xFA, 0x35, 0x2E, 0xB7, 0xE5, 0x24, 0xD5, 0xD2, 0xBC, 0xFD, 0x8D, 0x2A, 0x66, 0xCA, 0x11,
    0xEB, 0x78, 0x70, 0xA8, 0xF3, 0x86, 0x86, 0x4A, 0x4B, 0xA7, 0x59, 0xA7, 0x7F, 0x54, 0x8B, 0x7A,
    0x9A, 0x25, 0xA6, 0x4D, 0x15, 0xA8, 0x16, 0x32, 0xD5, 0xA9, 0xCE, 0xEE, 0x48, 0x9A, 0xA5, 0xA9,
    0x8A, 0x27, 0x1C, 0xA9, 0x3C, 0xF9, 0x57, 0x81, 0xB2, 0x17, 0x6F, 0xF1, 0x76, 0xFD, 0xDA, 0xD4,
    0x36, 0xF1, 0x88, 0x27, 0x7F, 0x12, 0x28, 0x07, 0x71, 0xBD, 0xBE, 0x7E, 0xA8, 0x35, 0x51, 0x48,
    0x6D, 0x25, 0xD5, 0xF6, 0xF1, 0xF1, 0xF6, 0x92, 0x23, 0x94, 0x6A, 0xF7, 0xDD, 0xA1, 0x13, 0x14,
    0x5B, 0xF5, 0x37, 0xE9, 0xDC, 0xD1, 0x9A, 0xD7, 0xC6, 0xB3, 0x8A, 0xDD, 0x1B, 0xBE, 0xA9, 0xB5,
    0xBD, 0x14, 0xAD, 0x47, 0x40, 0xD7, 0x42, 0x39, 0x40, 0xE6, 0x49, 0x72, 0x4F, 0xA6, 0x9E, 0x54,
    0xF5, 0xFF, 0xFE, 0xC6, 0xBF, 0x82, 0x05, 0x9A, 0x16, 0xE3, 0x92, 0xD2, 0xE5, 0xAA, 0xB3, 0x19,
    0xDB, 0x56, 0xCE, 0x78, 0x91, 0x29, 0x6C, 0x2A, 0x7F, 0x71, 0xC2, 0xEB, 0x7A, 0xF8, 0xE7, 0x6A,
    0x5D, 0x3F, 0xE1, 0x32, 0x1E, 0x5E, 0x17, 0xC6, 0xEE, 0xF8, 0xF1, 0x8E, 0xCA, 0xF3, 0xAD, 0xAD,
    0x70, 0x60, 0x06, 0xC8, 0x27, 0x20, 0xC0, 0xED, 0x00, 0xDD, 0xB8, 0xC7, 0x4B, 0x27, 0xB2, 0x29,
    0x6E, 0x94, 0x0A, 0xDA, 0xCF, 0xF7, 0xCE, 0x6E, 0x99, 0x89, 0x17, 0xCF, 0xE5, 0x97, 0x85, 0x42,
    0x44, 0xEE, 0x3E, 0xC7, 0xB4, 0x94, 0xC3, 0x3E, 0x65, 0x20, 0x09, 0x31, 0x5F, 0xD3, 0x9B, 0x21,
    0x1F, 0xB3, 0x50, 0xF5, 0x48, 0x35, 0x76, 0x86, 0xB7, 0x3F, 0x04, 0x78, 0x3D, 0x54, 0x20, 0x48,
    0x66, 0x48, 0x43, 0x3A, 0x66, 0x63, 0x36, 0x65, 0x3E, 0x9F, 0x88, 0x20, 0xE8, 0x60, 0x2B, 0x4B,
    0xD4, 0xFD, 0x72, 0x9B, 0xDF, 0x65, 0xA5, 0x22, 0x62, 0x45, 0xAE, 0x57, 0xD1, 0x6A, 0x24, 0x77,
    0x6E, 0xD7, 0x8E, 0x1F, 0xD7, 0xFF, 0x4D, 0x6B, 0xF2, 0x01, 0x99, 0xA7, 0xF0, 0x18, 0x4F, 0x75,
    0xFE, 0xD0, 0xC7, 0x8F, 0x6F, 0x55, 0x9E, 0x75, 0x4A, 0x7E, 0x9B, 0xDB, 0x3F, 0xCB, 0x75, 0xCE,
    0xEF, 0x1A, 0x85, 0x7C, 0x7B, 0xE8, 0x3F, 0xA5, 0x3D, 0x99, 0xEE, 0xF7, 0x14, 0x92, 0xC3, 0xFC,
    0x5D, 0x2D, 0xE6, 0x9D, 0x05, 0xAE, 0xF1, 0x26, 0xA8, 0xA5, 0x73, 0x97, 0xE4, 0x1C, 0x6A, 0x9B,
    0x3E, 0x51, 0x6D, 0xCF, 0xEE, 0x08, 0xA3, 0xFD, 0xA3, 0xC8, 0xC3, 0xF1, 0x52, 0x93, 0x2C, 0x3F,
    0x19, 0x72, 0xA9, 0xDF, 0x63, 0xFF, 0x5E, 0x5B, 0x75, 0x40, 0x6D, 0x11, 0x5E, 0xCD, 0x4C, 0x90,
    0x2B, 0x43, 0xF7, 0xB8, 0x0B, 0x8D, 0x14, 0x2A, 0x7D, 0x15, 0xDE, 0xD0, 0xBD, 0x10, 0xE9, 0xB9,
    0xE0, 0xD6, 0x5F, 0x24, 0x57, 0x07, 0x65, 0xA4, 0xA7, 0x76, 0x6D, 0xB7, 0xBB, 0x04, 0xA0, 0xFB,
    0x21, 0x39, 0xE1, 0x84, 0x6C, 0xCC, 0x3D, 0xA9, 0x34, 0x80, 0xE4, 0xA0, 0x5A, 0x78, 0xF6, 0x43,
    0xFB, 0x0A, 0xF9, 0x5C, 0xE1, 0x0A, 0xA9, 0xCD, 0x24, 0xD0, 0x04, 0xD7, 0xB8, 0x9C, 0xA6, 0x01,
    0x50, 0x8C, 0x80, 0x5D, 0x80, 0x1F, 0x95, 0x07, 0x17, 0x41, 0x0F, 0x1B, 0x70, 0xD5, 0xB4, 0x54,
    0x3D, 0x74, 0x13, 0x8C, 0xBF, 0xDE, 0x2C, 0x7E, 0xC7, 0x35, 0xB8, 0x94, 0xCE, 0xD2, 0xFC, 0x75,
    0x04, 0x55, 0x03, 0x69, 0xB0, 0x2D, 0xB9, 0x7F, 0x00, 0xE6, 0xCF, 0xE3, 0x55, 0x63, 0xA6, 0xB2,
    0x43, 0x16, 0x1A, 0x67, 0xBC, 0x28, 0x3F, 0x9E, 0x38, 0xCA, 0x87, 0x4B, 0x69, 0xEA, 0xD5, 0x00,
    0xA8, 0x07, 0x4C, 0x0B, 0x54, 0x00, 0xF6, 0x99, 0x1B, 0x81, 0x32, 0xBA, 0xC2, 0x7F, 0x6B, 0x16,
    0xC8, 0x86, 0xAD, 0x4C, 0x55, 0x83, 0x8D, 0x16, 0xA0, 0x0A, 0x90, 0x07, 0x48, 0xD5, 0x02, 0x90,
    0xAB, 0x07, 0xA0, 0xFC, 0xE7, 0x08, 0x40, 0xF3, 0xE3, 0x19, 0x80, 0x9F, 0xF3, 0x43, 0x9E, 0x0D,
    0xD5, 0xEB, 0x4C, 0x44, 0xD7, 0x26, 0x5A, 0x27, 0x8D, 0x4B, 0xE5, 0xD2, 0x05, 0xEB, 0x32, 0xB9,
    0x6C, 0xC6, 0xF6, 0x99, 0xFA, 0x2C, 0x50, 0x0D, 0xB9, 0x86, 0x3C, 0x50, 0xFA, 0xE2, 0x89, 0x2F,
    0x26, 0x8C, 0x37, 0x5F, 0x78, 0x33, 0x62, 0x46, 0xF3, 0xD9, 0x68, 0x3C, 0xC5, 0x54, 0x3E, 0x9C,
    0x4A, 0x4F, 0x1E, 0xAA, 0x87, 0xA1, 0x1A, 0xC8, 0x82, 0xBD, 0x17, 0x6C, 0x1F, 0xE3, 0x3B, 0xB3,
    0x75, 0xA4, 0x73, 0xC3, 0xB2, 0xC6, 0x64, 0xE9, 0x50, 0xD3, 0x82, 0x16, 0xBA, 0xAE, 0x06, 0xCD,
    0x34, 0x02, 0xBA, 0x80, 0x15, 0xD0, 0xAC, 0x71, 0x01, 0xEC, 0x44, 0x35, 0xC7, 0x38, 0x52, 0x06,
    0x80, 0x7C, 0xD9, 0x70, 0x36, 0xBC, 0xE6, 0xA3, 0x1E, 0x48, 0xE6, 0x7C, 0x8C, 0xE1, 0x26, 0xB7,
    0x38, 0x1F, 0xB6, 0xCF, 0xA3, 0x7C, 0x3B, 0x14, 0x91, 0xA6, 0xF4, 0x46, 0x74, 0xB5, 0x59, 0x43,
    0x2D, 0xCC, 0x58, 0x7E, 0xD4, 0x8A, 0x62, 0xAA, 0xDE, 0xFB, 0x78, 0x21, 0x0F, 0xD6, 0x3C, 0x9C,
    0xC9, 0x42, 0x63, 0x3E, 0x0D, 0x64, 0xF3, 0x5D, 0xF3, 0x59, 0x20, 0x99, 0x1F, 0x14, 0x5F, 0x8C,
    0xB0, 0xCC, 0xF9, 0x13, 0x0F, 0x4B, 0xC8, 0xE4, 0xA1, 0x5B, 0xC3, 0x00, 0xCD, 0x94, 0xAA, 0x8F,
    0x9A, 0x12, 0x39, 0xB0, 0x9E, 0x18, 0x72, 0x01, 0x46, 0x2D, 0xD8, 0x7F, 0x0C, 0xB0, 0xE4, 0x13,
    0x3C, 0x15, 0xD4, 0x39, 0x2A, 0x6F, 0x07, 0xEC, 0x50, 0x79, 0x3A, 0x67, 0xA6, 0x7D, 0xF7, 0x53,
    0x91, 0x2D, 0xD9, 0x4C, 0xA2, 0x22, 0x80, 0xDE, 0x1F, 0xA1, 0x91, 0x07, 0xAB, 0x3E, 0x12, 0x3A,
    0x30, 0x3A, 0x47, 0xCE, 0x5E, 0xCD, 0x3D, 0x27, 0x23, 0xBB, 0x28, 0xC3, 0x7A, 0x6C, 0x5F, 0x7A,
    0x1A, 0x67, 0x46, 0xBA, 0x55, 0x01, 0xAA, 0xB3, 0x90, 0x88, 0x6C, 0x4E, 0x17, 0x92, 0x25, 0x0B,
    0xA0, 0x3C, 0x40, 0xF7, 0xD3, 0xA8, 0xE5, 0x7D, 0x7F, 0xC8, 0x52, 0x7E, 0xD9, 0x83, 0x91, 0x83,
    0x42, 0xED, 0xA1, 0x46, 0xB6, 0x77, 0x33, 0x10, 0x2F, 0x60, 0x26, 0xB8, 0xD6, 0x78, 0x30, 0x1A,
    0x0E, 0x02, 0xCC, 0x19, 0xC0, 0x77, 0xA8, 0xA1, 0x2B, 0x3C, 0xE8, 0xC6, 0x08, 0x77, 0xF3, 0x01,
    0x80, 0xAB, 0x7E, 0x97, 0x44, 0xED, 0x5E, 0xAD, 0x19, 0xC1, 0x3A, 0xCE, 0xFF, 0xF7, 0x4B, 0x0A,
    0xE7, 0xB6, 0xDB, 0x1D, 0xC7, 0xCD, 0x61, 0x2F, 0x2B, 0x51, 0xBD, 0xBF, 0x18, 0x15, 0x94, 0x71,
    0xD9, 0xEF, 0x97, 0x89, 0xCB, 0xDA, 0x98, 0xCD, 0x61, 0xB9, 0x39, 0xDD, 0xDD, 0xBA, 0x98, 0x87,
    0x7C, 0x39, 0x6C, 0xF6, 0xB0, 0x00, 0xB7, 0x9E, 0xD6, 0x7A, 0x6A, 0xBB, 0x9F, 0x45, 0x2D, 0x01,
    0x2A, 0xBF, 0x9D, 0x53, 0x4B, 0x7A, 0x21, 0x6F, 0x35, 0xEC, 0xF3, 0xD6, 0x92, 0xDC, 0xB9, 0x51,
    0x44, 0x7C, 0xBF, 0x59, 0xFC, 0xE6, 0x3F, 0x32, 0xF8, 0x67, 0x0C, 0x3A, 0x30, 0x4C, 0x17, 0x18,
    0xDA, 0x8D, 0x21, 0x4A, 0x38, 0x2C, 0x37, 0x8F, 0xBE, 0xC1, 0x70, 0x97, 0xC8, 0xBA, 0x59, 0xFC,
    0xE6, 0x45, 0x0C, 0xE7, 0xEF, 0x73, 0xCE, 0x10, 0x4B, 0x42, 0x76, 0xC8, 0x5B, 0x6D, 0x79, 0xBF,
    0xC6, 0x60, 0xFA, 0xC2, 0xE7, 0x93, 0x75, 0x89, 0x04, 0x4D, 0x88, 0xBF, 0x9E, 0x5F, 0x5B, 0x1F,
    0x1E, 0xD0, 0xB8, 0xEA, 0x6F, 0x0B, 0x46, 0x13, 0x99, 0x06, 0xD8, 0xD5, 0x97, 0xD2, 0x87, 0x5C,
    0x27, 0x56, 0x7D, 0x27, 0xA7, 0xD3, 0x56, 0x2D, 0xFF, 0xC7, 0xFC, 0x37, 0xD5, 0x58, 0x3F, 0xB0,
    0xDD, 0xC4, 0xF5, 0xFE, 0x74, 0xF5, 0xF3, 0xD3, 0x0C, 0xB7, 0x10, 0x05, 0xAF, 0x31, 0xC5, 0xED,
    0x2B, 0xF5, 0x33, 0xBF, 0x61, 0x35, 0x34, 0x14, 0x69, 0x5C, 0x70, 0xE3, 0x82, 0xC2, 0x3D, 0xCD,
    0xEB, 0x67, 0x42, 0x24, 0x70, 0x41, 0x19, 0x37, 0xAE, 0x43, 0x91, 0x82, 0x21, 0x45, 0xFA, 0xC6,
    0xD2, 0xE0, 0x32, 0x8D, 0x12, 0xF2, 0xA7, 0x15, 0x01, 0xC2, 0xA4, 0x42, 0x13, 0xE4, 0x41, 0x8E,
    0x57, 0xFA, 0xB2, 0xDF, 0xD9, 0xAB, 0xFB, 0xFC, 0x78, 0xC6, 0xE0, 0x98, 0xC7, 0x98, 0x9D, 0x77,
    0xBE, 0x6F, 0x9F, 0xB4, 0x7F, 0xCE, 0x39, 0xBB, 0xBA, 0xE7, 0xEC, 0x02, 0x40, 0x3A, 0x63, 0xCB,
    0xCF, 0x53, 0x8F, 0x86, 0x7C, 0xC3, 0xA7, 0x24, 0xBF, 0x1A, 0x73, 0xEE, 0xC9, 0xBE, 0x98, 0xB0,
    0x63, 0xED, 0x7A, 0x6C, 0x67, 0x54, 0x2D, 0xD2, 0x05, 0x8D, 0x21, 0x6B, 0x6C, 0xF8, 0x9D, 0x68,
    0x6D, 0xAC, 0xFD, 0x0C, 0xF5, 0xF5, 0xD0, 0x38, 0x13, 0x34, 0xE6, 0x80, 0x8C, 0x64, 0x07, 0x04,
    0x04, 0xB0, 0x65, 0x0F, 0x95, 0xCD, 0x87, 0xA6, 0x87, 0xC0, 0xE3, 0xEC, 0x61, 0x36, 0x65, 0xE4,
    0x6F, 0x87, 0x9D, 0x9A, 0xBA, 0x87, 0x55, 0x18, 0xAC, 0xCB, 0x3D, 0x9A, 0x36, 0x9B, 0xC1, 0x3A,
    0xBD, 0x04, 0xE1, 0x85, 0x8F, 0x4D, 0x42, 0xE3, 0x11, 0x39, 0xD9, 0x23, 0x25, 0x6B, 0xE0, 0x6C,
    0x02, 0xA2, 0x89, 0xAC, 0xD1, 0xDC, 0xF7, 0xC2, 0x3F, 0x1A, 0x7E, 0x35, 0x0A, 0xD9, 0x19, 0x96,
    0xC2, 0x0E, 0xC2, 0xF6, 0xD9, 0xD1, 0x2A, 0x55, 0x97, 0xB0, 0x0C, 0xF3, 0xBF, 0x45, 0x48, 0x01,
    0x0F, 0x69, 0x30, 0x00, 0x38, 0x5B, 0x4A, 0x58, 0x79, 0xDB, 0xB8, 0x69, 0x0D, 0x6B, 0xD6, 0x5B,
    0xCF, 0x32, 0xE0, 0x42, 0x04, 0xA4, 0x37, 0xEC, 0x85, 0x33, 0x84, 0xFE, 0x69, 0x98, 0x0B, 0xDB,
    0x5D, 0xC0, 0xE6, 0x41, 0x13, 0xB0, 0xB2, 0x19, 0x0B, 0x7E, 0x13, 0xF0, 0x84, 0xEF, 0x05, 0xB4,
    0xB2, 0xEB, 0xB6, 0xBD, 0x18, 0xD9, 0x54, 0xB5, 0x62, 0x24, 0x24, 0x62, 0x51, 0x37, 0x2B, 0xD7,
    0x3F, 0xC0, 0xB1, 0x90, 0x93, 0x80, 0x3E, 0x48, 0xBD, 0x56, 0x86, 0x58, 0xB9, 0x1B, 0x7A, 0xEC,
    0xF7, 0x67, 0xA3, 0x74, 0x06, 0xE0, 0x7A, 0xD6, 0x1B, 0x9A, 0x45, 0x6A, 0x5A, 0x23, 0x31, 0x37,
    0x72, 0xDD, 0x20, 0x4D, 0xAB, 0x95, 0x8F, 0x95, 0xDD, 0x78, 0xA8, 0xB8, 0xE1, 0x50, 0x39, 0xF7,
    0x5E, 0x09, 0xEB, 0x9E, 0x12, 0x56, 0x29, 0x33, 0x8F, 0xF8, 0x6F, 0x3E, 0xC2, 0xBC, 0xA1, 0x4E,
    0xB0, 0xD9, 0xAB, 0xBF, 0xEE, 0xDF, 0x3C, 0xD7, 0x87, 0xEA, 0x6A, 0x95, 0xCF, 0x61, 0x95, 0x68,
    0x16, 0xAA, 0xD6, 0xAC, 0xD8, 0x7D, 0xB9, 0xC0, 0xAC, 0xC8, 0x38, 0xC2, 0x7A, 0x6D, 0xD8, 0xC6,
    0x71, 0x54, 0xCC, 0x0A, 0x15, 0xB3, 0x82, 0x64, 0x54, 0x63, 0xAD, 0xB4, 0x56, 0x91, 0x86, 0xFB,
    0x9B, 0x73, 0xAC, 0x20, 0x5F, 0xCD, 0x29, 0x56, 0x2B, 0xDC, 0xF9, 0x9E, 0x89, 0x7F, 0x9B, 0xEF,
    0xB6, 0xA2, 0xE8, 0xCF, 0xAD, 0x28, 0x57, 0x2B, 0xDA, 0xD5, 0x8A, 0x76, 0xB5, 0xA2, 0x05, 0xB6,
    0x7E, 0xDB, 0x67, 0x5E, 0xBC, 0x99, 0x8B, 0x5E, 0x0C, 0xB2, 0x36, 0x76, 0x0B, 0x8C, 0x5F, 0xD2,
    0xF7, 0xA2, 0x36, 0x40, 0xC2, 0xF7, 0x7D, 0x4E, 0x0E, 0x39, 0xBF, 0x31, 0x2E, 0x48, 0xE3, 0xF0,
    0x29, 0xF8, 0x6B, 0xFB, 0xAA, 0x6F, 0xBA, 0xB8, 0x59, 0xD8, 0x86, 0x7E, 0xF6, 0x8D, 0x86, 0x7E,
    0xF1, 0xCB, 0xF1, 0xC8, 0x27, 0x63, 0x59, 0x64, 0xCF, 0x2B, 0x6D, 0xE7, 0xC0, 0x2C, 0xA1, 0x7E,
    0x9B, 0x05, 0xD0, 0x38, 0xD9, 0xBC, 0x7F, 0xD3, 0xC6, 0x35, 0xF9, 0xDA, 0x38, 0xE1, 0xEB, 0xC6,
    0xD2, 0xAC, 0x69, 0xAF, 0x1C, 0xEF, 0xEE, 0xCB, 0x80, 0x64, 0x7B, 0x11, 0x01, 0x20, 0xA2, 0xDA,
    0xE1, 0x26, 0x4B, 0x55, 0x09, 0xA1, 0x37, 0xBC, 0x23, 0xC4, 0xAF, 0xED, 0x3D, 0xCB, 0x15, 0xD7,
    0x27, 0x38, 0xA2, 0xE4, 0xF9, 0x51, 0x7A, 0x06, 0x24, 0xDB, 0x8B, 0xF8, 0xD8, 0x4C, 0x65, 0xC4,
    0xA3, 0xB6, 0x0D, 0xCF, 0x3F, 0xC7, 0xAA, 0x07, 0xEB, 0x5D, 0x18, 0xCB, 0x75, 0x26, 0x56, 0x07,
    0xA2, 0xB8, 0xFE, 0x79, 0x04, 0x30, 0xE9, 0x4C, 0x4E, 0xD9, 0xA1, 0x60, 0x1B, 0x04, 0x28, 0x26,
    0x70, 0x40, 0xEA, 0x37, 0xE4, 0x14, 0x69, 0x8E, 0xC4, 0x03, 0x95, 0x91, 0x5A, 0x23, 0xD7, 0x1B,
    0x15, 0x83, 0x51, 0xEE, 0x8D, 0xB2, 0xD9, 0x28, 0xA5, 0x51, 0xC2, 0xDB, 0x22, 0x34, 0xF7, 0x8D,
    0xDC, 0x67, 0x46, 0xC5, 0x37, 0x46, 0x39, 0x8D, 0xB2, 0x48, 0x69, 0x24, 0x1C, 0xA8, 0x89, 0xE4,
    0x02, 0x41, 0xE5, 0x40, 0xE9, 0x22, 0x4C, 0xDE, 0x9A, 0xE3, 0x33, 0x1F, 0x69, 0xB0, 0x87, 0x2C,
    0x61, 0x3C, 0x99, 0x0D, 0xE9, 0xCC, 0xC9, 0xC8, 0x6C, 0x08, 0x0F, 0x19, 0x08, 0x30, 0x1B, 0x00,
    0xB3, 0x21, 0x5D, 0x64, 0x83, 0xA8, 0x18, 0x8C, 0x72, 0x6F, 0x94, 0xCD, 0x46, 0x29, 0x45, 0xB2,
    0x41, 0x24, 0x1B, 0x44, 0xC1, 0x06, 0x51, 0xB0, 0x41, 0x94, 0xD3, 0x28, 0x8B, 0x94, 0x46, 0xC2,
    0x81, 0x9A, 0x48, 0x2E, 0x10, 0x54, 0x56, 0x9A, 0x1F, 0xA7, 0x5B, 0x91, 0xE8, 0x23, 0x8D, 0x91,
    0xEA, 0x68, 0xC9, 0x79, 0x3B, 0x43, 0x7B, 0x72, 0x5E, 0x96, 0x6C, 0x29, 0x65, 0x03, 0xFB, 0x80,
    0xE4, 0x18, 0xF0, 0x61, 0x35, 0x05, 0xEC, 0x72, 0x1F, 0xB0, 0xDD, 0x0A, 0xEB, 0xFF, 0x1D, 0x57,
    0x9D, 0x2F, 0xEA, 0x60, 0x0A, 0x27, 0xF4, 0x86, 0xE3, 0x41, 0xDB, 0x06, 0x55, 0x09, 0x14, 0x7F,
    0xD6, 0xBB, 0x2D, 0x27, 0x35, 0x8E, 0xF1, 0x7C, 0x5F, 0x62, 0x2D, 0x29, 0x5B, 0xC3, 0xEE, 0x18,
    0xED, 0x73, 0x0E, 0xC2, 0x47, 0x1A, 0xA5, 0xF8, 0x52, 0xBD, 0xDC, 0x27, 0x3E, 0x60, 0x75, 0x5F,
    0xE3, 0x34, 0x1F, 0x33, 0x20, 0xCB, 0x80, 0xC9, 0x85, 0x84, 0x62, 0x1F, 0x30, 0x23, 0xD9, 0x63,
    0x1B, 0x70, 0x40, 0x2E, 0xE3, 0x15, 0x59, 0xF2, 0x49, 0x11, 0x42, 0xC1, 0xBF, 0x47, 0x36, 0xA3,
    0xEA, 0x2C, 0x00, 0x85, 0x2E, 0x44, 0xDE, 0x65, 0x43, 0xEA, 0x5D, 0x97, 0x90, 0x25, 0xAA, 0x19,
    0xB8, 0xFE, 0x3B, 0xA8, 0x24, 0xCD, 0x43, 0xF5, 0x6F, 0x83, 0x0C, 0xD9, 0x17, 0xD5, 0x00, 0xE4,
    0xA3, 0x44, 0x9F, 0xC0, 0x2E, 0x48, 0x15, 0x84, 0x5D, 0x3E, 0xB1, 0x96, 0x14, 0x13, 0xBF, 0x68,
    0xEC, 0x99, 0xE3, 0x27, 0x53, 0xB6, 0xA4, 0x93, 0x2B, 0x8B, 0x72, 0xF7, 0xE9, 0x82, 0x8C, 0x53,
    0xDC, 0x88, 0x6F, 0xD7, 0x80, 0x99, 0xE6, 0x8F, 0x02, 0x99, 0xDC, 0xB4, 0xCF, 0x2E, 0xEC, 0x2E,
    0x8C, 0x53, 0x95, 0x45, 0x7D, 0x61, 0xAE, 0xD5, 0xB9, 0xAC, 0x9F, 0x4F, 0x16, 0x54, 0x80, 0xFB,
    0xD8, 0x4B, 0xED, 0xF1, 0xB0, 0x44, 0xC9, 0x47, 0xEB, 0xCA, 0xBD, 0xCA, 0x3B, 0x00, 0xA9, 0x79,
    0xCD, 0x51, 0xBF, 0x64, 0x5F, 0x8C, 0x70, 0x83, 0xEB, 0x91, 0x4F, 0x16, 0xDB, 0x03, 0x64, 0x9E,
    0x35, 0xD2, 0xF9, 0x49, 0x60, 0x6F, 0x2B, 0xB5, 0xB3, 0x1E, 0xD6, 0xD7, 0x46, 0xD1, 0x78, 0xB5,
    0x8D, 0x6C, 0x73, 0xE4, 0xBD, 0x96, 0xA8, 0xE8, 0x40, 0x96, 0x70, 0x5A, 0xA2, 0x0F, 0x61, 0xE5,
    0x6C, 0xD2, 0xD4, 0xF5, 0x8E, 0xEC, 0x95, 0xD5, 0x29, 0xBD, 0x53, 0x9E, 0xA7, 0x84, 0xEF, 0x71,
    0xD1, 0x33, 0xBD, 0x53, 0x1B, 0x25, 0x7E, 0x96, 0xF7, 0xA9, 0xEF, 0x98, 0x8E, 0x48, 0x96, 0x5D,
    0x0F, 0x54, 0xB2, 0xB6, 0x58, 0x00, 0x9C, 0x1C, 0xC6, 0x8E, 0x51, 0xFB, 0x47, 0x02, 0x45, 0x7F,
    0xCB, 0xFE, 0x2C, 0xF9, 0xB3, 0xDC, 0xCF, 0x52, 0x3F, 0xCB, 0xFC, 0xF2, 0x6E, 0xAB, 0x1D, 0xD8,
    0x5A, 0xDE, 0x55, 0x79, 0xE0, 0xF4, 0xC6, 0x9A, 0x7E, 0xF8, 0x1F, 0x26, 0xB9, 0x57, 0xA2, 0xA7,
    0x34, 0xAF, 0x22, 0xBD, 0x52, 0x3C, 0x4B, 0xF0, 0xC8, 0x16, 0xE7, 0x10, 0xCB, 0x3B, 0xBB, 0x12,
    0xA0, 0x6B, 0x81, 0x7B, 0x45, 0x0D, 0xBC, 0x72, 0xED, 0x27, 0xB6, 0x56, 0xB5, 0xA3, 0xA8, 0x24,
    0xE3, 0x3B, 0x48, 0x3D, 0xB1, 0x99, 0xEE, 0x01, 0x37, 0x5E, 0xF9, 0x11, 0x2C, 0xBF, 0xED, 0x2D,
    0x48, 0xC6, 0x00, 0x9A, 0xD8, 0x81, 0xA1, 0x7F, 0x11, 0x2C, 0x47, 0xC2, 0xDA, 0x7E, 0x36, 0xB3,
    0x11, 0xC8, 0xEB, 0x2B, 0xB3, 0x3E, 0xB9, 0x93, 0xDC, 0x01, 0x7C, 0xDE, 0x02, 0xAE, 0x01, 0x90,
    0xFB, 0x00, 0x9B, 0x0F, 0x5E, 0x04, 0x17, 0x9C, 0x94, 0x27, 0x65, 0x3A, 0x38, 0x60, 0xF1, 0xB0,
    0x9C, 0xFD, 0xA5, 0xFA, 0x4A, 0x5C, 0xB0, 0xB1, 0x90, 0x5F, 0xB5, 0x76, 0xBE, 0x91, 0xF5, 0xC3,
    0x8B, 0x60, 0xFD, 0x76, 0x8E, 0xE9, 0x8A, 0x85, 0xC4, 0x6D, 0x7B, 0x55, 0x1B, 0x20, 0x48, 0x0F,
    0xC7, 0x25, 0x08, 0xDB, 0xD7, 0xF6, 0xEC, 0x80, 0x42, 0xE1, 0x6B, 0xD8, 0xEF, 0x6F, 0x8D, 0x24,
    0xCF, 0xA5, 0xCE, 0x87, 0xA6, 0x2D, 0x06, 0xF7, 0xA0, 0xE9, 0x0A, 0xB2, 0xDD, 0x72, 0x41, 0xD2,
    0x7C, 0x0E, 0xE9, 0x8D, 0x8B, 0x18, 0x4B, 0x52, 0xBE, 0x1C, 0x70, 0xDB, 0xDF, 0x83, 0x86, 0x63,
    0xC0, 0xAC, 0x7B, 0x07, 0xC7, 0xC2, 0xE1, 0x18, 0xFA, 0x37, 0x87, 0x50, 0xEF, 0xD5, 0xE6, 0x3F,
    0xB3, 0xDA, 0x3F, 0x5C, 0x84, 0x23, 0x03, 0xEE, 0x06, 0x96, 0x80, 0xEB, 0x9B, 0x36, 0x60, 0x57,
    0x59, 0x50, 0x73, 0xBD, 0x0C, 0x2F, 0x06, 0x24, 0xBC, 0x7B, 0xA6, 0x83, 0x98, 0xA5, 0x9A, 0x01,
    0x3D, 0xB2, 0x80, 0x33, 0xB6, 0x5E, 0x1F, 0x4F, 0xAE, 0x08, 0xA7, 0x90, 0x9E, 0xB0, 0x94, 0x55,
    0x4A, 0x5B, 0xD5, 0xFD, 0xA9, 0x3F, 0x2B, 0xA6, 0xB6, 0x42, 0xFA, 0x8C, 0xDC, 0xEC, 0xE4, 0x90,
    0xFE, 0xC0, 0x90, 0xDE, 0x58, 0x48, 0xFF, 0xBB, 0x85, 0x74, 0x5C, 0xDB, 0xEF, 0xF1, 0xDD, 0xDE,
    0xC1, 0xFF, 0x19, 0x16, 0xB5, 0xD0, 0xB5, 0xC2, 0x5D, 0xF9, 0x44, 0xEF, 0xA4, 0x97, 0xBD, 0xF3,
    0x80, 0x47, 0x9F, 0x16, 0xDF, 0xE7, 0x9D, 0xF1, 0x99, 0xBD, 0x93, 0xEC, 0xF7, 0x65, 0x4A, 0xB6,
    0xAB, 0x00, 0xB6, 0x76, 0x9A, 0x51, 0xEB, 0xA9, 0x95, 0x85, 0x95, 0x67, 0xF6, 0xD0, 0x9A, 0xF4,
    0x7C, 0x16, 0x3C, 0xF4, 0xFA, 0x04, 0x73, 0x51, 0xF4, 0xCB, 0x25, 0x5A, 0x8B, 0x23, 0x39, 0x1C,
    0xA9, 0x89, 0xC4, 0xB3, 0x07, 0xFB, 0x1B, 0xD8, 0xCC, 0xD2, 0x1A, 0xA9, 0x37, 0xCA, 0x26, 0xA3,
    0x7C, 0x34, 0xDA, 0x0D, 0xC5, 0x83, 0x7D, 0x09, 0xD7, 0x17, 0xD4, 0xFE, 0x6E, 0x8D, 0x9A, 0x48,
    0xB6, 0x65, 0xCC, 0x2B, 0x81, 0xD2, 0x48, 0x99, 0x91, 0x5C, 0x52, 0x0C, 0xEA, 0x8D, 0x22, 0xCC,
    0xE0, 0x7A, 0x14, 0xE4, 0xE0, 0x5A, 0xA3, 0x26, 0x12, 0x0E, 0x2E, 0xB9, 0x48, 0xF2, 0x19, 0xD6,
    0x92, 0x34, 0x63, 0xC6, 0x12, 0x3B, 0xB2, 0xE2, 0x28, 0x7B, 0xCC, 0xF3, 0x77, 0x9B, 0xE5, 0x2D,
    0x5B, 0xB1, 0x29, 0x09, 0x74, 0x2D, 0x98, 0xC0, 0x32, 0xA3, 0x4A, 0xE9, 0x8C, 0xEA, 0xA6, 0x2B,
    0x44, 0xB6, 0x74, 0x40, 0xA0, 0xD1, 0xC8, 0x79, 0xD1, 0x3F, 0xC9, 0xBB, 0xF7, 0x50, 0x71, 0x26,
    0x17, 0x14, 0x1C, 0x1C, 0x67, 0x64, 0x2C, 0x4F, 0x74, 0xCC, 0x3F, 0xE1, 0x43, 0xA0, 0x8A, 0xCB,
    0xC5, 0x32, 0x0F, 0x06, 0x62, 0xA7, 0x4E, 0x4E, 0xE3, 0x54, 0xDD, 0x7A, 0xA4, 0x65, 0x7D, 0xAA,
    0xC3, 0x64, 0xC5, 0xF6, 0x71, 0x08, 0xEF, 0x9A, 0xD6, 0xD1, 0x1B, 0xB8, 0x5E, 0x30, 0x9E, 0x36,
    0x7F, 0xC9, 0xB9, 0x67, 0x6B, 0xB9, 0x1A, 0x0C, 0x5E, 0xE5, 0xBF, 0xA0, 0x43, 0x0C, 0x74, 0x2F,
    0x80, 0x42, 0x26, 0xB9, 0x07, 0x95, 0x0F, 0xBD, 0x73, 0xBB, 0x6A, 0x7A, 0x32, 0xD8, 0xDB, 0x4A,
    0xED, 0x1C, 0xA9, 0xBE, 0x8F, 0x3C, 0x12, 0xFE, 0xC2, 0xC7, 0x5B, 0x07, 0xDB, 0x3E, 0x06, 0xC1,
    0x1F, 0x73, 0xF9, 0xDA, 0xBE, 0x1A, 0xD5, 0xAE, 0x17, 0xD4, 0x38, 0xB1, 0x8D, 0x3F, 0xA3, 0x01,
    0xDC, 0x6D, 0x6B, 0x6C, 0x0B, 0xD5, 0x2A, 0xAB, 0x84, 0x95, 0x67, 0xB0, 0x3C, 0xC0, 0x25, 0xCB,
    0x4F, 0x65, 0x39, 0x0E, 0xE0, 0x7A, 0xC1, 0x18, 0xE0, 0x49, 0x96, 0x5B, 0xE2, 0xBF, 0xA6, 0x5D,
    0xE7, 0x89, 0xBF, 0x79, 0x64, 0x1B, 0x1C, 0x22, 0x7F, 0xE8, 0x62, 0x43, 0x97, 0x1C, 0x8C, 0x59,
    0xE5, 0x45, 0x69, 0x33, 0xBD, 0x53, 0x1B, 0x6B, 0x2B, 0x27, 0xEA, 0xA2, 0x05, 0x88, 0x17, 0x33,
    0x2F, 0x23, 0x9F, 0x5E, 0xBB, 0xDB, 0x8C, 0xB2, 0x5E, 0xC6, 0xBF, 0xCA, 0xC9, 0x32, 0x59, 0x58,
    0x2A, 0x0B, 0xDA, 0x47, 0x3E, 0x23, 0xCE, 0x7B, 0xBC, 0x66, 0x2A, 0x59, 0x67, 0x8B, 0xDD, 0xDE,
    0x05, 0x70, 0x03, 0xB4, 0x85, 0xC0, 0x77, 0x59, 0x82, 0xEF, 0x2F, 0x00, 0x7F, 0xE3, 0x03, 0xFC,
    0x61, 0x08, 0xC0, 0x5E, 0x30, 0x0A, 0xF4, 0xEC, 0x91, 0xDE, 0xDE, 0xA6, 0x46, 0x61, 0x6B, 0xDD,
    0xD6, 0x01, 0x76, 0x93, 0xDD, 0x2E, 0x05, 0x48, 0x19, 0x20, 0x09, 0xEF, 0xE0, 0x6A, 0x14, 0x7F,
    0x5A, 0x0E, 0x47, 0xB2, 0x94, 0x03, 0x80, 0x8F, 0x6A, 0x1C, 0xF5, 0x78, 0x3A, 0xD8, 0x4E, 0x28,
    0x56, 0xDD, 0xDE, 0x93, 0x6E, 0x6F, 0xCC, 0x00, 0x6F, 0x4D, 0x01, 0xAA, 0xFE, 0xB2, 0x6E, 0xF7,
    0x09, 0xD9, 0x50, 0x5F, 0x50, 0xCB, 0x2C, 0xCC, 0x96, 0x9F, 0xEC, 0x14, 0x01, 0x58, 0xA8, 0x9A,
    0xD6, 0x74, 0x20, 0x1D, 0x05, 0xB6, 0xF7, 0x04, 0xA8, 0xDA, 0xE7, 0x3E, 0x50, 0xD8, 0x4F, 0xEA,
    0xAE, 0x06, 0x1C, 0x82, 0x94, 0x41, 0x3C, 0xB0, 0x3B, 0xEC, 0x08, 0xC7, 0x0B, 0x70, 0xBA, 0x7F,
    0x13, 0x2F, 0x92, 0xED, 0x8F, 0x87, 0x87, 0xF5, 0xA7, 0xEF, 0x2A, 0xFD, 0x61, 0xA7, 0x9E, 0xC9,
    0xB5, 0x88, 0xA7, 0x9E, 0xE3, 0x67, 0xE0, 0x48, 0xBF, 0xCA, 0xE9, 0xFE, 0x70, 0x25, 0xBB, 0x5D,
    0xEC, 0x0E, 0x0A, 0x4D, 0x8F, 0x84, 0x1D, 0x36, 0x64, 0x1D, 0x64, 0x48, 0x7E, 0xCF, 0x29, 0x0E,
    0x98, 0xCE, 0xAB, 0xDC, 0xC0, 0xD6, 0xDF, 0xDB, 0x37, 0xBE, 0x21, 0x87, 0x8A, 0xAC, 0xAF, 0xDB,
    0x67, 0x17, 0x4F, 0x58, 0x20, 0xA3, 0x0E, 0xD7, 0x6E, 0x3C, 0x61, 0xAE, 0x6A, 0xC4, 0xE1, 0x4E,
    0x00, 0xB9, 0xA5, 0xA7, 0xF6, 0x6F, 0xC2, 0x39, 0x08, 0xDB, 0x20, 0x03, 0x50, 0x4D, 0xF6, 0x72,
    0x9D, 0xCF, 0x24, 0x0B, 0x73, 0xE6, 0x9A, 0x73, 0x7A, 0x7C, 0x4E, 0x77, 0x55, 0x67, 0x72, 0x93,
    0xD2, 0xE4, 0x66, 0x90, 0x86, 0x16, 0xB5, 0x51, 0xF5, 0x3F, 0xF3, 0xAB, 0x79, 0x29, 0x6F, 0x45,
    0xCA, 0xAF, 0x95, 0x41, 0xFC, 0x33, 0xB9, 0x91, 0x87, 0xCA, 0xD3, 0xF9, 0x85, 0xB9, 0x91, 0x07,
    0x76, 0x76, 0xAB, 0xB6, 0x1E, 0x93, 0x37, 0x1E, 0x01, 0xEE, 0xFC, 0xD4, 0x31, 0x18, 0x68, 0x3A,
    0xED, 0x3C, 0xF3, 0x4A, 0xDE, 0x03, 0xD7, 0xCB, 0x2B, 0x8F, 0xC1, 0xA1, 0xDF, 0x02, 0x7C, 0x3F,
    0xB9, 0xFE, 0x5B, 0x74, 0xF7, 0xA6, 0x11, 0x79, 0x99, 0x9E, 0xD4, 0xA1, 0x3B, 0x27, 0xA2, 0x6A,
    0xB5, 0xCD, 0xFE, 0xC6, 0x40, 0xEB, 0xB6, 0x75, 0x9C, 0x45, 0x3A, 0xAC, 0x2D, 0x9B, 0x05, 0x2C,
    0xD8, 0xB1, 0xE1, 0xC0, 0xF9, 0xCC, 0x73, 0xD8, 0x7A, 0xB6, 0xE9, 0x6C, 0x52, 0xAF, 0x92, 0xCD,
    0xEB, 0xA1, 0xCF, 0x52, 0xEF, 0xBA, 0x1A, 0xF8, 0x2E, 0x3B, 0xBE, 0xCF, 0x9A, 0x0D, 0x41, 0x99,
    0xC6, 0x0E, 0x5C, 0x80, 0x40, 0x4F, 0xFD, 0xF9, 0x80, 0x1B, 0xD7, 0x1D, 0x99, 0x10, 0xFA, 0x5F,
    0x0F, 0x4F, 0x04, 0x40, 0xBC, 0xE9, 0xE7, 0x24, 0x98, 0x05, 0x34, 0x28, 0x05, 0x6D, 0x00, 0xD7,
    0x07, 0x28, 0x86, 0x00, 0xB9, 0x0F, 0x90, 0xCD, 0x01, 0x52, 0x06, 0xD0, 0xA2, 0xD9, 0x6D, 0xB8,
    0xDD, 0x85, 0xDB, 0x4D, 0x38, 0x91, 0x33, 0x40, 0x26, 0x48, 0x05, 0x30, 0x68, 0x04, 0xCE, 0xA7,
    0x2C, 0xE3, 0x46, 0xDA, 0x0D, 0x40, 0x36, 0x01, 0xF8, 0xF0, 0x78, 0x7D, 0x4D, 0x47, 0x39, 0x77,
    0xD4, 0xC5, 0x35, 0x6D, 0xF5, 0x65, 0xFA, 0x0F, 0x13, 0x20, 0x5B, 0x00, 0x20, 0x9F, 0xCE, 0x4F,
    0x62, 0xA7, 0x02, 0x54, 0xA5, 0x99, 0xDC, 0x07, 0x4C, 0x3F, 0x1D, 0x84, 0xAD, 0x70, 0xF3, 0x0F,
    0xC3, 0xF8, 0x9C, 0xAA, 0x67, 0x34, 0x0F, 0x3D, 0xF2, 0x1A, 0xE6, 0x6B, 0xE1, 0xEE, 0xDF, 0x1A,
    0xD3, 0x7D, 0x4A, 0x61, 0x1B, 0x35, 0x6F, 0xCC, 0x9F, 0x4E, 0x41, 0x02, 0xCE, 0xC2, 0x92, 0x7C,
    0x67, 0x98, 0x05, 0x9C, 0x90, 0xCF, 0xFB, 0x5B, 0x1E, 0xF9, 0x88, 0x6C, 0xD6, 0xD7, 0xAA, 0xFD,
    0xA0, 0x80, 0x86, 0xCA, 0x76, 0x7D, 0xA8, 0xD5, 0x7A, 0x63, 0x3B, 0xFF, 0x9A, 0xE6, 0xE8, 0x63,
    0x84, 0x99, 0x7E, 0x05, 0x0C, 0xFF, 0x6F, 0x6C, 0xFF, 0xEF, 0xBA, 0x4B, 0x57, 0xD2, 0xDB, 0x6F,
    0x9D, 0xCE, 0x8A, 0xA7, 0x9E, 0xCE, 0xE2, 0xF9, 0xF5, 0xBF, 0xBD, 0x56, 0x01, 0xC4, 0x24, 0xC9,
    0x15, 0xFE, 0x7A, 0xCA, 0x6D, 0xB3, 0x8D, 0x82, 0x43, 0x92, 0x43, 0x03, 0xAC, 0x20, 0x0D, 0x00,
    0xA1, 0x5A, 0x0E, 0x01, 0xE4, 0xB0, 0xB3, 0xC2, 0xE1, 0x87, 0x43, 0x04, 0x06, 0x00, 0x2E, 0xE9,
    0xBA, 0x1C, 0x02, 0xB8, 0x1F, 0x06, 0x00, 0x38, 0x04, 0x58, 0x00, 0xD8, 0xDB, 0xEE, 0x64, 0xB1,
    0x58, 0x68, 0x39, 0x27, 0x08, 0xD2, 0x17, 0xFB, 0xE7, 0x00, 0xA9, 0x48, 0x5F, 0x52, 0x93, 0xAD,
    0xEE, 0x2F, 0xEF, 0xD5, 0xCC, 0xCE, 0xCE, 0x9D, 0x4D, 0xEC, 0xBA, 0x73, 0x4F, 0x7D, 0xDF, 0xA3,
    0xBB, 0x5E, 0xBD, 0xAA, 0x57, 0xF5, 0xEA, 0x15, 0x00, 0x43, 0xA8, 0x54, 0x29, 0xAB, 0x66, 0xCA,
    0xAA, 0x6B, 0xB3, 0xFA, 0x05, 0x2E, 0xA4, 0x21, 0x19, 0x01, 0x77, 0x54, 0xDD, 0x51, 0xF1, 0xEA,
    0xB0, 0x7D, 0x07, 0xC5, 0x6A, 0x23, 0x80, 0xCD, 0x92, 0x95, 0x49, 0x59, 0x55, 0x31, 0x2B, 0x1B,
    0xAC, 0x76, 0x69, 0x82, 0x25, 0x03, 0xDC, 0x98, 0x55, 0x37, 0x64, 0xC5, 0xCF, 0xAE, 0x22, 0x50,
    0x1C, 0x87, 0xDA, 0x1C, 0x95, 0xC9, 0x4A, 0xE7, 0xA3, 0xE6, 0x76, 0x86, 0x9A, 0x37, 0x01, 0x96,
    0x8C, 0x6E, 0xCA, 0xAA, 0x1B, 0xB2, 0x02, 0xD0, 0x0F, 0x80, 0x5A, 0x2A, 0xA3, 0x4C, 0x59, 0xD9,
    0x29, 0xAB, 0x1F, 0xB4, 0x38, 0x4B, 0xD1, 0xCF, 0x25, 0x5B, 0xD4, 0x64, 0xC7, 0x59, 0x6D, 0xC9,
    0x84, 0x72, 0xDF, 0xAF, 0xEF, 0x12, 0x40, 0x13, 0x0B, 0x02, 0x6F, 0xEC, 0xBE, 0xDC, 0xB2, 0x2D,
    0xA9, 0xD2, 0xBA, 0xAC, 0x7C, 0x3F, 0x36, 0xAA, 0xE8, 0x9B, 0x00, 0x40, 0xD4, 0x9C, 0x95, 0x4B,
    0xAA, 0xFE, 0x46, 0xEE, 0x1F, 0xA2, 0xE3, 0x42, 0xAE, 0x68, 0x18, 0x1C, 0x17, 0x88, 0x97, 0x5B,
    0x7C, 0xAA, 0x8B, 0x5F, 0x84, 0x6A, 0xED, 0xEE, 0x06, 0xA1, 0x55, 0x50, 0x7C, 0x0C, 0xA8, 0x6A,
    0xF1, 0x16, 0xBF, 0x08, 0x20, 0x39, 0xAA, 0xB7, 0xC1, 0xF2, 0x1E, 0x43, 0x33, 0x83, 0xB3, 0x9B,
    0x36, 0x4C, 0xDD, 0x60, 0x9E, 0xA5, 0x7E, 0xB0, 0x7F, 0x5A, 0xE8, 0xEB, 0x47, 0x42, 0xCE, 0x08,
    0x2D, 0x42, 0x1F, 0x24, 0xA1, 0x0F, 0x83, 0xD0, 0x93, 0xA9, 0x4C, 0xFD, 0x5F, 0x86, 0x2A, 0x39,
    0xC2, 0x46, 0xB7, 0xC2, 0x85, 0x5A, 0x46, 0x99, 0x2A, 0x92, 0xDE, 0x92, 0x2B, 0xEA, 0x3F, 0xF3,
    0x1A, 0xE6, 0xE8, 0x90, 0x1E, 0x66, 0xCD, 0xA1, 0x44, 0x33, 0x00, 0x3F, 0xC4, 0x51, 0xBA, 0xFF,
    0xA8, 0x7F, 0x31, 0xE4, 0xE4, 0x0E, 0xDD, 0xDC, 0x8D, 0x9D, 0xB8, 0x65, 0xE2, 0x6F, 0x9E, 0x2D,
    0xFC, 0xED, 0x3F, 0x17, 0x7E, 0x24, 0xCE, 0xEF, 0xBF, 0xBD, 0xF4, 0x2C, 0x53, 0x97, 0x6C, 0x72,
    0x4B, 0x37, 0x5B, 0x72, 0x12, 0xF8, 0xFA, 0x7E, 0x44, 0x01, 0xA0, 0x8C, 0x6C, 0x75, 0xBF, 0x8F,
    0x6B, 0xAC, 0x47, 0x61, 0x57, 0x06, 0x61, 0xFB, 0xFB, 0x19, 0xCF, 0xC5, 0x70, 0xC8, 0xAC, 0x7F,
    0x2B, 0x4E, 0xFA, 0x97, 0x41, 0xF9, 0x99, 0xF6, 0x69, 0xBE, 0x88, 0x6A, 0xF5, 0x69, 0x12, 0xEE,
    0x1E, 0x2D, 0xC2, 0xFD, 0x1F, 0x28, 0xCC, 0x56, 0xB8, 0x20, 0xE8, 0xB1, 0xA1, 0xEE, 0xB3, 0x59,
    0xB7, 0xC2, 0x1A, 0xB1, 0x09, 0x95, 0x70, 0x3E, 0x11, 0x9C, 0x35, 0xC8, 0x36, 0xC2, 0x05, 0xD8,
    0x04, 0x37, 0xA1, 0x5C, 0xD0, 0x8D, 0xBA, 0x5E, 0x8A, 0x09, 0xE1, 0x1E, 0x27, 0xD4, 0x7F, 0x5D,
    0x50, 0x86, 0x1E, 0x45, 0x6A, 0x3C, 0x7E, 0x55, 0x0D, 0x50, 0xD9, 0xAD, 0xAD, 0x21, 0x83, 0x20,
    0x15, 0x87, 0xAB, 0x04, 0x98, 0x25, 0xA3, 0xE7, 0x5A, 0x92, 0x6B, 0x2D, 0x70, 0xB3, 0x59, 0xDD,
    0xA4, 0xA8, 0x56, 0x77, 0xD8, 0xE5, 0x6F, 0x96, 0xF3, 0x5A, 0xD0, 0xAF, 0xC0, 0x1B, 0xC7, 0xD8,
    0x86, 0xBC, 0xAA, 0x94, 0x57, 0x45, 0xE1, 0xA6, 0x6D, 0x84, 0xBF, 0x8F, 0xDB, 0x38, 0x0B, 0xC3,
    0xB9, 0xA7, 0xE1, 0x9C, 0x59, 0xFB, 0x97, 0xCF, 0xB2, 0xD5, 0xBF, 0x16, 0xE5, 0x7F, 0x64, 0xDB,
    0xA0, 0xEC, 0x26, 0xB6, 0xC2, 0x63, 0x37, 0xE8, 0xF9, 0x76, 0xC2, 0xF4, 0x6E, 0x42, 0xC1, 0xFD,
    0x2E, 0xE4, 0x24, 0x09, 0xA7, 0x1C, 0x29, 0x85, 0x93, 0x26, 0x4A, 0x99, 0x73, 0xC5, 0xAC, 0x1A,
    0x0B, 0x43, 0x34, 0x41, 0x03, 0xE7, 0x82, 0x1A, 0xA2, 0x99, 0x51, 0x70, 0xD5, 0xBE, 0xAD, 0xBD,
    0xB9, 0x1A, 0x6C, 0x6B, 0x86, 0x63, 0x46, 0x1C, 0x60, 0xC9, 0x9C, 0x86, 0xE5, 0x4D, 0x17, 0xF4,
    0x78, 0x28, 0x36, 0x64, 0xAC, 0x05, 0x9D, 0x80, 0xA3, 0x8D, 0xF4, 0x8A, 0x26, 0xF2, 0xA6, 0xCF,
    0xDF, 0x1C, 0x3F, 0x8D, 0xE5, 0x6A, 0x62, 0xF7, 0x64, 0x46, 0x23, 0x9B, 0x66, 0xC3, 0x02, 0x33,
    0x3B, 0x20, 0xD5, 0x1E, 0x22, 0x3A, 0xDE, 0x19, 0x92, 0xB8, 0x9A, 0xC3, 0x97, 0x90, 0x6F, 0xAD,
    0x9E, 0xA2, 0x33, 0x22, 0xF0, 0x75, 0xA8, 0xDD, 0xE5, 0x38, 0xEE, 0x49, 0xCC, 0xBE, 0xAA, 0xB0,
    0x62, 0xA3, 0xBE, 0x1E, 0xD8, 0x01, 0x2A, 0x6F, 0xAD, 0x28, 0xC8, 0xA9, 0x24, 0xA3, 0x5D, 0xAF,
    0x52, 0x1D, 0xCC, 0xDA, 0x4C, 0x1B, 0x3A, 0xF2, 0x05, 0x6E, 0xB6, 0xDB, 0x66, 0x3A, 0xA6, 0xA2,
    0x5D, 0xB7, 0x0F, 0x74, 0xBF, 0xA1, 0x78, 0x8B, 0xD7, 0x78, 0x53, 0xCF, 0x66, 0xAD, 0x99, 0x9B,
    0x7E, 0x8D, 0x07, 0x77, 0x70, 0x07, 0x00, 0xCF, 0xB2, 0xDF, 0xD2, 0xE3, 0x45, 0xDB, 0xDF, 0x25,
    0xD3, 0xA9, 0x79, 0x5C, 0x36, 0xED, 0xF9, 0x5C, 0xB0, 0x7B, 0x8A, 0xCD, 0x4B, 0xE2, 0x8D, 0xDD,
    0x01, 0x25, 0xD5, 0x1B, 0x83, 0x9C, 0xA5, 0xD8, 0x49, 0xF2, 0xF6, 0xDE, 0x24, 0x92, 0xCB, 0x19,
    0xFB, 0xED, 0xDD, 0xDE, 0x43, 0xCF, 0x2F, 0xDC, 0xE1, 0x5E, 0x5E, 0xBB, 0x11, 0xE8, 0x59, 0xE5,
    0xCF, 0x82, 0x7B, 0x3C, 0xD7, 0x7F, 0x4C, 0x65, 0xF8, 0xA4, 0x98, 0x7F, 0x04, 0xC0, 0x90, 0xC7,
    0x06, 0x37, 0xA3, 0x09, 0xAF, 0xD4, 0xDC, 0x7C, 0xB6, 0xEA, 0x4E, 0x41, 0xB5, 0x61, 0x3D, 0x6D,
    0xA0, 0xF5, 0x50, 0xB1, 0xF1, 0x9B, 0xE1, 0x4D, 0x94, 0x1C, 0x1A, 0x86, 0x8E, 0xE9, 0x13, 0x3C,
    0x78, 0x2F, 0x07, 0xD5, 0x31, 0x1C, 0x9B, 0x61, 0xBB, 0x21, 0x5E, 0xA5, 0x49, 0xCF, 0xB3, 0x55,
    0xD1, 0x5F, 0x5B, 0xC6, 0x86, 0x8B, 0xDB, 0x77, 0x77, 0x8E, 0x99, 0x45, 0xFF, 0x5A, 0xAD, 0x9A,
    0x09, 0x98, 0xD4, 0x79, 0x14, 0x4B, 0x33, 0x00, 0x5D, 0xA5, 0x67, 0xE2, 0x27, 0x01, 0x59, 0xF2,
    0x61, 0x00, 0xB9, 0xE2, 0x7C, 0x21, 0x4F, 0xCD, 0x0C, 0x17, 0xB4, 0xDE, 0xC4, 0x7E, 0x40, 0x95,
    0x84, 0x4A, 0xDD, 0x77, 0xB3, 0xBC, 0x8C, 0xF2, 0xDF, 0x4E, 0xFB, 0x65, 0x8B, 0x6C, 0x9B, 0x47,
    0xD1, 0xF1, 0x7C, 0x1E, 0x39, 0xFB, 0x90, 0x5D, 0x84, 0x7B, 0x1C, 0x21, 0xFB, 0x88, 0x32, 0x3C,
    0x44, 0x31, 0x37, 0xC8, 0xB2, 0xCB, 0xD9, 0xEC, 0x5F, 0xDC, 0xC5, 0x56, 0x3C, 0xAA, 0x43, 0xB3,
    0x5C, 0x42, 0xBF, 0xE9, 0x3F, 0xED, 0xA3, 0xD9, 0x63, 0x48, 0xAF, 0xB6, 0x1A, 0x75, 0x68, 0xDC,
    0x81, 0x86, 0x01, 0x70, 0x8C, 0x80, 0x44, 0x1F, 0xF8, 0x18, 0x77, 0xBE, 0xE3, 0x35, 0x1E, 0x6F,
    0x1C, 0x42, 0xE7, 0x56, 0x49, 0x06, 0x54, 0xDE, 0x0C, 0xDF, 0xC6, 0x1A, 0xBB, 0x8F, 0x66, 0xC0,
    0x3D, 0x4A, 0x80, 0xFD, 0x7C, 0x01, 0xCC, 0xDC, 0x01, 0x48, 0x75, 0x8B, 0x2C, 0x8E, 0x07, 0x25,
    0x8E, 0x4A, 0x33, 0xDC, 0xCD, 0x4E, 0xAB, 0x41, 0xB5, 0x08, 0x99, 0xAF, 0x52, 0x95, 0xE4, 0x6F,
    0x17, 0xB5, 0xDF, 0xA4, 0xD4, 0x2A, 0xE5, 0x5B, 0x77, 0x10, 0x72, 0xA3, 0x50, 0x13, 0x84, 0x72,
    0x39, 0x29, 0xB3, 0x19, 0x85, 0x8A, 0x7C, 0x09, 0xF7, 0x63, 0x2F, 0xD3, 0xD0, 0x59, 0xD8, 0x69,
    0xD1, 0x39, 0x9C, 0x2F, 0x3E, 0x13, 0xEB, 0xC9, 0xA4, 0x7E, 0x34, 0x2B, 0x47, 0x43, 0xC5, 0x08,
    0x43, 0xC0, 0xAC, 0xAF, 0x86, 0x63, 0x3D, 0xE9, 0x23, 0x34, 0x48, 0x80, 0xD5, 0x89, 0xD5, 0xBE,
    0xF1, 0xB8, 0x8D, 0xDB, 0x2D, 0xB2, 0x90, 0x4F, 0x95, 0xD8, 0x2A, 0x8D, 0xE0, 0xBE, 0x0F, 0xF9,
    0x4D, 0x22, 0x64, 0xBF, 0x4A, 0x4D, 0x90, 0xBF, 0x9C, 0x70, 0xDA, 0x99, 0x05, 0x27, 0xFA, 0x90,
    0x42, 0x9E, 0x5E, 0xA8, 0x1F, 0x84, 0x5C, 0x10, 0xAA, 0xB3, 0x59, 0x12, 0x32, 0xAB, 0xD0, 0x46,
    0x53, 0xD4, 0x5B, 0x4D, 0xBC, 0xD8, 0x6D, 0xD3, 0xFB, 0xF8, 0x31, 0x00, 0xF7, 0x41, 0x72, 0x4F,
    0x92, 0xFB, 0x7B, 0x72, 0x4C, 0x6E, 0x81, 0xD3, 0x00, 0xFD, 0xBF, 0xA6, 0x87, 0x5C, 0xEA, 0x6E,
    0x02, 0xCA, 0xB0, 0x02, 0x9B, 0xE8, 0x00, 0xBC, 0x6F, 0x3D, 0xB2, 0xD0, 0xA3, 0x1F, 0xBE, 0x25,
    0xD2, 0x65, 0x74, 0x63, 0xC1, 0xD6, 0x1D, 0xDE, 0x25, 0x2C, 0x99, 0x60, 0xC8, 0x90, 0x0B, 0xFC,
    0xB9, 0xFA, 0x57, 0x81, 0x3A, 0x87, 0xF6, 0x79, 0xE5, 0xD0, 0x87, 0xD6, 0xAB, 0xC1, 0xD0, 0x85,
    0x92, 0xCD, 0xB2, 0x63, 0x4D, 0xB2, 0xE2, 0xC2, 0xA2, 0x9F, 0x7A, 0xE0, 0x1D, 0x00, 0xCD, 0x2A,
    0xD4, 0x73, 0xC8, 0x45, 0x08, 0x66, 0xDE, 0x04, 0x14, 0xD7, 0xB8, 0xFE, 0x6E, 0xD7, 0x28, 0x34,
    0x5F, 0x54, 0x9C, 0xDD, 0x70, 0xBB, 0xBD, 0x9D, 0xC3, 0xAC, 0x95, 0xFB, 0x95, 0x31, 0x34, 0xB1,
    0xFF, 0xF2, 0x58, 0xE1, 0x1B, 0xFE, 0x3B, 0xDE, 0xE2, 0xDB, 0xF1, 0xF9, 0x0B, 0xC1, 0x09, 0xFA,
    0x9B, 0x5D, 0x4B, 0x5F, 0x80, 0x1E, 0xE0, 0x20, 0x08, 0x40, 0x27, 0xBE, 0x9B, 0xFC, 0x16, 0x5B,
    0x50, 0xE4, 0xD3, 0x9A, 0x23, 0x31, 0x9E, 0xEA, 0xD7, 0x38, 0x8A, 0x5E, 0xEF, 0x71, 0x20, 0xD9,
    0x92, 0x4B, 0xBE, 0x1B, 0xB2, 0x38, 0x0F, 0x74, 0xAD, 0x00, 0x7A, 0x47, 0x01, 0x09, 0xB8, 0xC5,
    0xA9, 0xE1, 0xDA, 0x73, 0xE1, 0x67, 0x0F, 0xE8, 0x41, 0xB1, 0x5D, 0x75, 0xF0, 0x0D, 0x93, 0x46,
    0x39, 0x57, 0x0D, 0x59, 0x3A, 0xB9, 0xE4, 0x09, 0x7A, 0x20, 0x9B, 0x3F, 0xCC, 0xC6, 0x11, 0x45,
    0x00, 0x2F, 0x64, 0x2B, 0x2F, 0x79, 0x34, 0x01, 0xDF, 0x14, 0x67, 0xB1, 0xE1, 0x84, 0x11, 0xA8,
    0x07, 0xA0, 0x81, 0x5E, 0xAC, 0x9B, 0x08, 0x13, 0x51, 0x46, 0xD4, 0x4C, 0xCC, 0xED, 0xEA, 0x70,
    0xD7, 0x46, 0xBC, 0xBC, 0x2D, 0x3F, 0xAF, 0x98, 0x0C, 0x13, 0xFA, 0xA7, 0x39, 0x08, 0x83, 0xC6,
    0xA0, 0x07, 0x56, 0x20, 0xA1, 0xE8, 0x75, 0xB9, 0x9C, 0x7A, 0x32, 0xEA, 0xD5, 0xF5, 0x3D, 0x94,
    0x0B, 0x60, 0x4E, 0xA8, 0xA5, 0x83, 0x16, 0x41, 0x0E, 0xF9, 0xA0, 0xF1, 0x7E, 0xC4, 0x75, 0xFE,
    0x4F, 0x60, 0x73, 0x81, 0xFC, 0xC8, 0x4F, 0xF9, 0x12, 0xA9, 0x38, 0xDD, 0x22, 0x7D, 0xC7, 0x88,
    0x9E, 0x3E, 0xFB, 0x7C, 0x0F, 0x1A, 0xE7, 0xA7, 0x70, 0xA4, 0xFA, 0x1A, 0xEC, 0x9E, 0xBA, 0x4F,
    0x27, 0xF4, 0x03, 0x36, 0xDA, 0x51, 0x83, 0xBD, 0x62, 0x43, 0xFA, 0x62, 0xCA, 0xFB, 0x78, 0x11,
    0x0E, 0x27, 0xE8, 0x27, 0x2D, 0x33, 0x45, 0x4F, 0x7C, 0x7D, 0x6C, 0x33, 0x9B, 0x88, 0x62, 0xAD,
    0x27, 0xA0, 0xA3, 0x07, 0x1A, 0xAA, 0xC3, 0xDF, 0xE1, 0x35, 0xD3, 0x61, 0xBF, 0x15, 0x12, 0xB9,
    0xA4, 0xD7, 0x49, 0x96, 0xAE, 0x6D, 0x3C, 0xEA, 0xCF, 0xD7, 0xD3, 0xAB, 0x7C, 0xC3, 0x00, 0xE0,
    0x97, 0x1E, 0xE7, 0x79, 0xFC, 0x2F, 0x6A, 0x95, 0x7E, 0xBA, 0xB6, 0x60, 0x77, 0xBC, 0x39, 0x67,
    0xF0, 0xD0, 0x45, 0x70, 0xB4, 0x09, 0x1C, 0x2A, 0x21, 0xFF, 0x9A, 0xF4, 0x5F, 0x95, 0x93, 0x01,
    0x84, 0x1D, 0x57, 0x17, 0xC7, 0x7F, 0xF3, 0x66, 0x37, 0xEF, 0xFB, 0x32, 0x64, 0x16, 0x81, 0xEF,
    0x5B, 0x9B, 0x41, 0x4B, 0xD3, 0xD8, 0xCD, 0x0D, 0x2D, 0xA2, 0x26, 0x99, 0x69, 0xA1, 0x40, 0x13,
    0x78, 0x41, 0x0B, 0x41, 0x50, 0x81, 0x16, 0xC1, 0x96, 0x97, 0x37, 0x43, 0x01, 0xD0, 0x07, 0x05,
    0xD0, 0x55, 0x4A, 0x45, 0xB1, 0xD8, 0xF2, 0xF0, 0x76, 0xE7, 0x6A, 0x10, 0x14, 0x46, 0x41, 0x09,
    0x4C, 0x15, 0x41, 0x90, 0xD3, 0x98, 0xE8, 0x54, 0xEE, 0x9B, 0xDB, 0x3B, 0xEF, 0xBD, 0xB7, 0x36,
    0x49, 0xD0, 0x9E, 0xFF, 0x99, 0x33, 0xE7, 0xCE, 0x3D, 0xF7, 0xBC, 0x77, 0xCF, 0x39, 0xFF, 0xDB,
    0x63, 0x94, 0x10, 0x18, 0xBC, 0x16, 0x92, 0x9C, 0x7B, 0xA9, 0x6F, 0x09, 0x1B, 0x54, 0x49, 0x06,
    0xDC, 0xC3, 0xB7, 0x3A, 0xB4, 0x55, 0xF2, 0xA0, 0x39, 0xA2, 0xF5, 0xD2, 0xF5, 0x68, 0x96, 0x25,
    0xB6, 0x2D, 0xAC, 0x69, 0x36, 0xAB, 0xC1, 0xE0, 0xBA, 0xB5, 0xB2, 0xD0, 0xC1, 0x60, 0x60, 0x57,
    0x52, 0x33, 0x6D, 0x6F, 0x98, 0xCC, 0xD6, 0xCA, 0x96, 0xFD, 0x96, 0x11, 0x36, 0xB5, 0xE9, 0x88,
    0x35, 0xD2, 0x22, 0x10, 0x7B, 0xAD, 0x1E, 0xF5, 0x2B, 0xB0, 0xB9, 0xAD, 0x7C, 0xF1, 0x45, 0x95,
    0x2A, 0xFD, 0x1F, 0x51, 0x99, 0x35, 0xCD, 0x50, 0xE2, 0x66, 0x98, 0x35, 0x51, 0xE9, 0x9B, 0x4C,
    0x07, 0xB5, 0x25, 0xFA, 0xC5, 0x90, 0x7C, 0x28, 0x1C, 0x86, 0x9A, 0x4F, 0xF9, 0x3F, 0x59, 0xDA,
    0x12, 0x3D, 0x32, 0xF4, 0xAD, 0xD0, 0xB3, 0x1A, 0x33, 0x97, 0x64, 0x85, 0xEC, 0xAB, 0x9A, 0xE4,
    0xBE, 0x21, 0xFC, 0x6D, 0x86, 0x2F, 0x19, 0x98, 0x28, 0xF5, 0x6A, 0x7C, 0xC3, 0xB7, 0xCD, 0x5E,
    0xFD, 0xBE, 0x1C, 0x06, 0x55, 0x62, 0x75, 0x30, 0x83, 0xB3, 0xF4, 0xAD, 0x56, 0x56, 0x12, 0x6B,
    0x0E, 0x99, 0xDE, 0xE2, 0x7C, 0x50, 0x85, 0x65, 0x54, 0x26, 0x3A, 0xD1, 0x59, 0x5E, 0xA4, 0x51,
    0xA5, 0x9C, 0xEF, 0x90, 0x66, 0x1C, 0x51, 0xA4, 0x59, 0xDE, 0xAD, 0xA2, 0x32, 0x2C, 0x83, 0xEA,
    0xC5, 0xBD, 0xDB, 0x39, 0x89, 0x10, 0x34, 0x8B, 0xF2, 0xA5, 0x6E, 0xED, 0xD9, 0xB4, 0x3F, 0x23,
    0x14, 0x92, 0x1C, 0x5F, 0x5B, 0x07, 0xDF, 0x41, 0xE8, 0x3C, 0x41, 0xB0, 0xC6, 0x1A, 0xE2, 0x15,
    0x02, 0x13, 0x34, 0x61, 0x9D, 0x89, 0xD5, 0x33, 0x52, 0xB6, 0x46, 0x8D, 0xD4, 0xA3, 0xAD, 0x53,
    0x84, 0x0E, 0x56, 0x16, 0x08, 0x59, 0x61, 0xB5, 0xEA, 0xDE, 0xBD, 0xEF, 0x7D, 0xB3, 0xC0, 0x27,
    0xC6, 0x36, 0x56, 0x8A, 0xFC, 0x1E, 0x76, 0x85, 0x71, 0xD1, 0x24, 0x4D, 0x54, 0xBF, 0xAE, 0xF0,
    0x2F, 0x16, 0xDA, 0x5D, 0x23, 0xEF, 0xAE, 0x61, 0x08, 0xB4, 0xBB, 0x5C, 0x83, 0xF1, 0x4C, 0x51,
    0x67, 0xA5, 0x47, 0x98, 0x5F, 0x65, 0x8A, 0xC1, 0x65, 0x96, 0x48, 0x4C, 0x27, 0x8B, 0x46, 0x0B,
    0x4B, 0xBD, 0xBE, 0x71, 0x56, 0x3E, 0x8F, 0x0F, 0x26, 0xBB, 0xC9, 0x93, 0x0A, 0xBA, 0xFE, 0xA4,
    0x49, 0x6E, 0x89, 0xFE, 0x5C, 0xF5, 0xA7, 0x7C, 0x79, 0x7C, 0x6E, 0x72, 0x6B, 0x76, 0xC3, 0x14,
    0xB6, 0x4E, 0x6C, 0xD5, 0x6F, 0xD3, 0x79, 0x17, 0xF2, 0xA8, 0xEB, 0x42, 0x33, 0x62, 0x3A, 0x25,
    0xEE, 0xE6, 0xEB, 0xAF, 0xD7, 0xCF, 0x97, 0x5D, 0x3D, 0x73, 0x01, 0x80, 0xA5, 0x9F, 0xAE, 0x13,
    0xCE, 0x3E, 0x23, 0x71, 0x6E, 0x66, 0x67, 0x4C, 0x37, 0x6B, 0x4E, 0x4E, 0xE3, 0xA0, 0x93, 0x74,
    0xEE, 0xEA, 0x93, 0x16, 0x6E, 0xD2, 0xAB, 0x89, 0x8C, 0x67, 0xAB, 0xC0, 0x92, 0x38, 0x37, 0xE7,
    0x3F, 0x00, 0xA7, 0x52, 0x08, 0x73, 0x50, 0x29, 0x24, 0xC0, 0x08, 0x98, 0x02, 0x0D, 0x78, 0x35,
    0xF8, 0x02, 0xFD, 0x0A, 0x02, 0xBD, 0x08, 0x8B, 0xFE, 0x5D, 0xD8, 0x1D, 0x8E, 0x88, 0x08, 0x89,
    0xDC, 0x7B, 0x97, 0x55, 0x39, 0x8F, 0xAF, 0x69, 0x9C, 0x0A, 0xB1, 0xD3, 0x85, 0xAF, 0xBE, 0xA9,
    0x26, 0x93, 0x89, 0x5C, 0x8A, 0x01, 0xD8, 0xAF, 0x32, 0xC7, 0x97, 0x44, 0xFF, 0x58, 0x6D, 0xA4,
    0x7D, 0x7D, 0x91, 0x18, 0x45, 0x98, 0xFB, 0xBA, 0xAF, 0xAF, 0x02, 0xAF, 0x16, 0xE7, 0xC2, 0x18,
    0x55, 0xD3, 0x37, 0x60, 0x41, 0xCD, 0xE9, 0xDD, 0x2E, 0xE9, 0x5D, 0x80, 0xAB, 0x37, 0xD1, 0xBC,
    0x74, 0x2D, 0x99, 0x35, 0x4C, 0x36, 0x85, 0x02, 0xAB, 0x43, 0x1D, 0xE6, 0xE7, 0x80, 0x2E, 0x72,
    0x14, 0xFE, 0xD1, 0xD8, 0x6B, 0xBF, 0xCF, 0x8A, 0xE8, 0x27, 0xB3, 0xA6, 0xD2, 0x0D, 0x83, 0xA1,
    0x4D, 0xAD, 0x4E, 0xF4, 0xB2, 0x94, 0x5A, 0xF0, 0x8F, 0x9F, 0x57, 0xFF, 0xC1, 0x09, 0x7A, 0x4A,
    0x21, 0x2C, 0x30, 0x06, 0x38, 0x4D, 0xF0, 0x64, 0x47, 0xCD, 0xE2, 0xB8, 0x68, 0x76, 0x9F, 0x57,
    0x94, 0x00, 0x1C, 0x81, 0xED, 0x6C, 0x30, 0xDE, 0x49, 0x9A, 0x2B, 0x99, 0x35, 0x13, 0x55, 0xDF,
    0x5C, 0xCF, 0x97, 0xDF, 0xEF, 0x02, 0x04, 0x75, 0xAC, 0x6C, 0x13, 0x6F, 0x56, 0x27, 0x7D, 0xCF,
    0x23, 0xF0, 0xF3, 0xC4, 0x8A, 0x53, 0xE7, 0xB8, 0x25, 0x9C, 0x46, 0xE5, 0x2A, 0x5F, 0x72, 0x27,
    0xB7, 0xAE, 0x6C, 0xCE, 0x3A, 0x2A, 0x0B, 0xE0, 0x3B, 0x7B, 0xDE, 0xD9, 0x3D, 0xFF, 0x87, 0xAA,
    0x97, 0x73, 0xC1, 0xD1, 0x07, 0x2E, 0x13, 0x00, 0x7B, 0xB8, 0x0F, 0x52, 0xD1, 0xBB, 0xBF, 0x8C,
    0x7C, 0xAA, 0xE1, 0x1D, 0xFD, 0x34, 0x87, 0x37, 0xB4, 0xB8, 0xDD, 0x2F, 0x35, 0x6E, 0x57, 0xC3,
    0x79, 0x4E, 0xAF, 0x4E, 0x8D, 0x5D, 0x1E, 0x2F, 0x77, 0xB4, 0xDC, 0xF3, 0x97, 0xA7, 0x4E, 0xFE,
    0x62, 0x49, 0x4B, 0xA4, 0x23, 0xDD, 0x52, 0xB2, 0x75, 0xB7, 0x91, 0xE6, 0xEE, 0x56, 0xCF, 0xA6,
    0xDD, 0xE8, 0x7F, 0xD0, 0x0C, 0xD7, 0x86, 0xBB, 0x47, 0xF1, 0xEA, 0x76, 0x97, 0xB4, 0x6B, 0xB0,
    0x3B, 0xF1, 0x45, 0x09, 0x9E, 0x56, 0x7A, 0xC6, 0x0C, 0xA5, 0xBD, 0x17, 0x32, 0x94, 0xDE, 0xB8,
    0xF5, 0xAB, 0xE8, 0x81, 0x44, 0x3F, 0xDF, 0x69, 0x3F, 0xBA, 0x5C, 0x6E, 0x6F, 0x57, 0xCD, 0x30,
    0x1E, 0x36, 0xD5, 0x8A, 0xF0, 0xBE, 0x7E, 0xEB, 0xD7, 0xC4, 0x04, 0xD5, 0x99, 0xFD, 0xB5, 0x0D,
    0xF5, 0xB0, 0x9E, 0x1C, 0xED, 0x48, 0x1C, 0x3A, 0x3D, 0x38, 0x3C, 0xA7, 0x1E, 0x37, 0xC0, 0x59,
    0xDE, 0x25, 0xAB, 0x8A, 0xD2, 0xD3, 0x3D, 0xFD, 0x36, 0x1D, 0x7B, 0x93, 0x12, 0x4E, 0x99, 0xA8,
    0xFD, 0xFA, 0x46, 0x21, 0xFD, 0x05, 0x3F, 0x0A, 0x6B, 0x5B, 0xF7, 0xB1, 0x68, 0xC7, 0xFC, 0x93,
    0x18, 0xEB, 0x44, 0x5E, 0x32, 0x3D, 0xDB, 0x7E, 0x37, 0x38, 0x8C, 0x16, 0x73, 0xD0, 0xD9, 0x7A,
    0x34, 0xF8, 0xB8, 0xB0, 0x39, 0xAC, 0x5F, 0x07, 0x5C, 0x92, 0x8A, 0x45, 0x0E, 0x7F, 0x9E, 0x2F,
    0x6C, 0x53, 0xAF, 0x10, 0x55, 0x42, 0xDF, 0x64, 0x00, 0x33, 0x8E, 0xA5, 0x07, 0x80, 0x5F, 0xDA,
    0x4E, 0x9A, 0xB9, 0xAD, 0x01, 0x7C, 0xCD, 0xF1, 0x2E, 0xAC, 0xF3, 0x5E, 0x85, 0x28, 0xA9, 0xE5,
    0x99, 0x8C, 0xF6, 0xC1, 0xE3, 0x6A, 0xB5, 0x7F, 0xC7, 0xD6, 0xC2, 0x64, 0x43, 0x09, 0xEC, 0x09,
    0x32, 0x17, 0xE5, 0x68, 0x25, 0xB1, 0xC4, 0x07, 0xBB, 0xAA, 0x02, 0xE7, 0x2D, 0x30, 0xCC, 0x0C,
    0xA8, 0x72, 0x92, 0x0A, 0xC2, 0x01, 0x49, 0x09, 0xC4, 0x1D, 0xD4, 0x74, 0x32, 0x9D, 0xC7, 0x0F,
    0x93, 0x29, 0xC8, 0x1C, 0xCF, 0xA5, 0x19, 0xAE, 0x4E, 0x3E, 0x7E, 0x58, 0x3E, 0x7B, 0x26, 0x27,
    0xE5, 0x51, 0x6A, 0xF3, 0x1A, 0x59, 0x02, 0xB6, 0x29, 0xD2, 0x98, 0x05, 0x54, 0x0E, 0x6F, 0xFE,
    0x97, 0xF8, 0x1C, 0x3B, 0xDB, 0x9C, 0x89, 0x09, 0x0F, 0xE8, 0x0B, 0x7E, 0x45, 0x7C, 0x25, 0x9C,
    0xF4, 0x25, 0x90, 0x68, 0x37, 0xBE, 0xF8, 0x37, 0xC5, 0x98, 0x31, 0x8C, 0xDC, 0xC6, 0xF5, 0xC6,
    0x1F, 0x97, 0xFF, 0xBF, 0x16, 0xF0, 0x02, 0xA1, 0x1A, 0xC7, 0x80, 0x55, 0xB0, 0x76, 0x52, 0xB0,
    0x6F, 0x42, 0x4A, 0x57, 0xA8, 0x50, 0xA1, 0x2B, 0xBC, 0x52, 0x71, 0xC5, 0xF5, 0x4D, 0xB6, 0x2F,
    0x02, 0xD2, 0x71, 0x8F, 0xA8, 0x59, 0xA7, 0x48, 0xE1, 0x14, 0x29, 0x12, 0xF5, 0x4D, 0x80, 0xC0,
    0xC3, 0xD8, 0x45, 0x8A, 0x14, 0xA1, 0x21, 0x38, 0x2E, 0xCD, 0x00, 0xBA, 0xB8, 0x48, 0x21, 0x06,
    0xA0, 0x10, 0xAE, 0x4D, 0xF2, 0xCB, 0xF7, 0x61, 0xB8, 0x8B, 0xDD, 0xF3, 0xCA, 0x77, 0xB6, 0x2C,
    0x85, 0xB7, 0xEF, 0x37, 0xBB, 0x9C, 0x37, 0x8F, 0x33, 0xC3, 0x79, 0x6F, 0xDE, 0x5C, 0xD2, 0x9A,
    0xCD, 0x7B, 0xB3, 0x00, 0x66, 0x96, 0x16, 0x66, 0x6F, 0x64, 0xA6, 0x0B, 0x40, 0xB1, 0x93, 0xF5,
    0xD2, 0x90, 0xD9, 0xA1, 0xE8, 0x1E, 0xB0, 0x13, 0xDD, 0x3B, 0xA2, 0x73, 0x60, 0x27, 0x7E, 0xAF,
    0xB3, 0xF4, 0xC9, 0x60, 0x12, 0x7D, 0xD7, 0xF5, 0xAA, 0x9E, 0x05, 0x29, 0xDA, 0x3E, 0x97, 0xF9,
    0xC5, 0x52, 0x63, 0xAC, 0xEC, 0x38, 0xFF, 0x85, 0x82, 0x04, 0x5A, 0x11, 0x03, 0xB9, 0x39, 0x83,
    0x6A, 0x67, 0x10, 0xF5, 0x94, 0x43, 0x06, 0x30, 0xD2, 0xEB, 0x48, 0x9F, 0xEC, 0x44, 0x3C, 0x32,
    0x0B, 0x79, 0x77, 0xD1, 0x9B, 0xC5, 0x8D, 0x9F, 0xD5, 0x77, 0x76, 0x23, 0x2D, 0x77, 0xB2, 0x5E,
    0x66, 0xEA, 0xF9, 0xCB, 0x8A, 0x2D, 0xF0, 0xD4, 0xCC, 0x01, 0x7C, 0x28, 0x46, 0x8B, 0xB0, 0xFC,
    0x93, 0x25, 0x9D, 0xFD, 0x9F, 0xA5, 0x35, 0x2B, 0xF3, 0x92, 0x70, 0x82, 0x9E, 0xA7, 0x0E, 0xD4,
    0xFB, 0x28, 0x54, 0x2B, 0x48, 0xCF, 0xB7, 0x48, 0x5A, 0x22, 0xC2, 0xFA, 0xE7, 0x36, 0x97, 0x3D,
    0x83, 0xC6, 0x76, 0x8B, 0xCF, 0x08, 0xDC, 0x86, 0xF7, 0x51, 0xA6, 0x14, 0x77, 0xB1, 0xCA, 0x50,
    0x04, 0xBE, 0x13, 0x25, 0xA5, 0xA1, 0x09, 0x2A, 0x27, 0x34, 0xBA, 0x60, 0x83, 0x00, 0xAC, 0x89,
    0x59, 0x13, 0xA0, 0x62, 0x0D, 0x25, 0xAD, 0x2A, 0x3E, 0x64, 0x7C, 0xA0, 0xC1, 0x23, 0x93, 0xD1,
    0x5B, 0x9C, 0x28, 0x64, 0xD7, 0xFD, 0xFB, 0x45, 0x9C, 0x21, 0x2D, 0xF9, 0xE1, 0x17, 0x3F, 0x99,
    0x51, 0xFB, 0x32, 0x1F, 0xF5, 0xE8, 0xA5, 0x3E, 0x79, 0x19, 0x68, 0x2C, 0x19, 0x46, 0x43, 0xCB,
    0xE9, 0xD6, 0xB2, 0x41, 0x6F, 0xC7, 0xCA, 0x8B, 0x33, 0x5F, 0x56, 0xF3, 0x17, 0x95, 0xC3, 0xA9,
    0x2F, 0x81, 0x7A, 0x2A, 0xFB, 0xA9, 0x84, 0xD7, 0x9B, 0xA1, 0xB0, 0x5C, 0xFA, 0x28, 0x7D, 0xC9,
    0x77, 0xEA, 0x54, 0xE6, 0x2C, 0x4B, 0xFF, 0x1B, 0x2A, 0x51, 0xBC, 0x85, 0x62, 0x3E, 0x9C, 0x21,
    0x73, 0x30, 0xB5, 0x37, 0x37, 0xA8, 0xEC, 0xCC, 0x3D, 0x55, 0x59, 0x18, 0x32, 0x7D, 0xBE, 0x47,
    0xA1, 0xAB, 0xF3, 0x05, 0x0A, 0x5F, 0xD4, 0x5C, 0x55, 0x58, 0xBB, 0x16, 0x52, 0x89, 0x3A, 0xA8,
    0x58, 0xF4, 0x50, 0x31, 0xEF, 0xF7, 0x7F, 0xF9, 0x3A, 0xAF, 0xA9, 0x76, 0xBE, 0x28, 0x54, 0x78,
    0x9B, 0xFD, 0x1E, 0xE8, 0xAA, 0xEF, 0x6A, 0xD8, 0x76, 0x04, 0x37, 0x09, 0xA0, 0x12, 0x3A, 0x61,
    0xB0, 0xF4, 0xE9, 0x62, 0x94, 0x9B, 0x82, 0x08, 0xAE, 0x82, 0x96, 0xBC, 0x85, 0x23, 0x4D, 0xCD,
    0x5B, 0x22, 0x92, 0xD1, 0x37, 0x6C, 0xBA, 0x90, 0x05, 0x20, 0x58, 0xAD, 0x7E, 0x13, 0x71, 0x43,
    0xA4, 0x35, 0xE1, 0x4A, 0x42, 0xBD, 0x3D, 0x91, 0x4B, 0xFC, 0xA6, 0x27, 0xD0, 0x0A, 0x8D, 0xD0,
    0x11, 0x77, 0x07, 0xE2, 0x0E, 0x64, 0x05, 0x52, 0xCE, 0x2B, 0x22, 0x91, 0x81, 0xA8, 0x27, 0xE6,
    0xA3, 0x2C, 0x83, 0x30, 0xBD, 0x42, 0x79, 0x5A, 0xDC, 0x12, 0x61, 0x4F, 0x98, 0x13, 0xDE, 0xDE,
    0x75, 0xC3, 0xD0, 0xA8, 0x2F, 0x44, 0x28, 0xCC, 0x85, 0x48, 0x88, 0x85, 0xF4, 0x19, 0x91, 0x7F,
    0x48, 0x20, 0x6E, 0x70, 0x67, 0x24, 0x4E, 0x7A, 0xE2, 0x5E, 0x4B, 0xDC, 0x6F, 0x88, 0x55, 0x45,
    0xB8, 0x92, 0x40, 0x26, 0x18, 0x31, 0x08, 0xBD, 0xD0, 0x0A, 0x0D, 0xC1, 0xC7, 0x72, 0x34, 0xF9,
    0x2F, 0x15, 0xBC, 0xD0, 0x2B, 0x92, 0xA8, 0x5B, 0x4B, 0xF3, 0x17, 0x07, 0xB0, 0xE8, 0x38, 0xF8,
    0xA8, 0x4D, 0xA4, 0x1C, 0x71, 0xBA, 0x2B, 0xCE, 0x4A, 0x5A, 0x86, 0x83, 0xB9, 0x62, 0x36, 0x9A,
    0xC6, 0x1A, 0x8C, 0x1A, 0xF5, 0x40, 0xED, 0x4F, 0xB4, 0x62, 0x3F, 0x6F, 0x39, 0xAC, 0x67, 0x8D,
    0x59, 0x24, 0x53, 0x73, 0x85, 0x86, 0x50, 0x33, 0x3E, 0x43, 0xE6, 0xA7, 0xFD, 0xFF, 0xCF, 0x7B,
    0x55, 0xB6, 0x42, 0x45, 0x8C, 0x7E, 0xBC, 0x79, 0xF9, 0x83, 0x63, 0xBD, 0x74, 0x25, 0x78, 0xED,
    0xC1, 0xE4, 0x6F, 0x97, 0x31, 0xFB, 0x3D, 0x11, 0xB2, 0x52, 0xAC, 0x48, 0x3F, 0x0B, 0x11, 0x1A,
    0xF1, 0xEB, 0x96, 0x4C, 0xBE, 0xEC, 0xC8, 0xF4, 0x49, 0x6F, 0x1A, 0xE7, 0x40, 0xBA, 0x8F, 0x41,
    0x22, 0x23, 0x03, 0x68, 0x4D, 0xCD, 0x20, 0x0F, 0x0C, 0xC7, 0x25, 0x39, 0x07, 0x14, 0x06, 0xC9,
    0xC6, 0x22, 0xB2, 0xD5, 0x9B, 0xD6, 0xF4, 0xF1, 0x67, 0xAF, 0x20, 0x3B, 0x1F, 0x34, 0xB9, 0x5A,
    0x66, 0x6C, 0x02, 0x93, 0xFA, 0x4E, 0x8E, 0xED, 0x0A, 0x6B, 0x0A, 0x46, 0x0A, 0x2A, 0x19, 0x45,
    0x96, 0x74, 0xDE, 0xB1, 0xE6, 0x14, 0x95, 0x51, 0x8F, 0x75, 0xDE, 0xAA, 0x8E, 0x52, 0x78, 0x8F,
    0xDA, 0xEC, 0xF4, 0x59, 0xD7, 0x49, 0x67, 0x4F, 0xBF, 0xE3, 0x3D, 0xE9, 0x4E, 0xC1, 0x58, 0x36,
    0x63, 0xD5, 0x0F, 0xC8, 0xC2, 0x49, 0x16, 0x03, 0xD6, 0xAB, 0x5E, 0xDD, 0xF7, 0x76, 0x36, 0xAF,
    0x66, 0xF7, 0xCA, 0x81, 0xE1, 0x12, 0x3F, 0x7B, 0x28, 0x96, 0xE1, 0x95, 0x74, 0xFB, 0x2C, 0x44,
    0x64, 0x22, 0x8C, 0x0C, 0xC4, 0xE9, 0x73, 0x36, 0x2C, 0x1F, 0x8E, 0xA7, 0xD0, 0xD5, 0xEC, 0x53,
    0x3D, 0x88, 0x8F, 0xF0, 0x31, 0xF9, 0xF6, 0x6F, 0x5F, 0x45, 0x5E, 0x92, 0xD6, 0xBE, 0x8F, 0x71,
    0xE3, 0x63, 0xCC, 0x36, 0xCC, 0x84, 0x83, 0x8F, 0x34, 0x01, 0x7C, 0xB0, 0x31, 0xC5, 0x46, 0x19,
    0x48, 0x2B, 0x7A, 0xB8, 0xD6, 0x60, 0x83, 0xBB, 0x3D, 0xCB, 0x68, 0x83, 0x0F, 0x5B, 0x96, 0x7E,
    0x91, 0x69, 0xCD, 0xFA, 0xD2, 0x2F, 0x37, 0x05, 0x15, 0xDC, 0x97, 0x5E, 0xCA, 0xA0, 0x30, 0x98,
    0x66, 0x07, 0x0A, 0x4A, 0x81, 0xEC, 0x4D, 0xCB, 0x2D, 0x93, 0x67, 0x0F, 0x7A, 0x1E, 0xFD, 0xBA,
    0xF3, 0x01, 0x8A, 0x5F, 0xF5, 0xCA, 0xCD, 0x55, 0x3E, 0x4C, 0xDD, 0x40, 0x67, 0xB9, 0xFA, 0x4B,
    0xEB, 0xE9, 0xDA, 0x35, 0x3E, 0x5A, 0x45, 0x93, 0x24, 0x4D, 0xB0, 0x44, 0x15, 0x62, 0x34, 0x2F,
    0xD0, 0x26, 0xAF, 0xBA, 0xDE, 0x3B, 0xD5, 0xA2, 0xD7, 0xF7, 0x8F, 0x96, 0xAE, 0x75, 0x6C, 0x4F,
    0x29, 0x94, 0x40, 0xBC, 0xB6, 0xB8, 0x16, 0xF6, 0x8C, 0xAA, 0xC1, 0xB8, 0xE8, 0xA6, 0x00, 0x9D,
    0xC8, 0xBB, 0x83, 0x77, 0x5F, 0x77, 0x78, 0x7D, 0x7D, 0xDB, 0x89, 0xF6, 0xC1, 0x7D, 0x5C, 0x3C,
    0x24, 0xAA, 0xF0, 0xDA, 0xF0, 0xFE, 0xE4, 0x76, 0x00, 0x9D, 0xE9, 0x2D, 0xAD, 0x53, 0x07, 0x23,
    0x06, 0x22, 0xAF, 0x09, 0xF5, 0x0C, 0x2D, 0x38, 0xB9, 0x10, 0x67, 0x24, 0x5F, 0x3F, 0x89, 0x89,
    0x8B, 0x67, 0x2D, 0xF2, 0x2C, 0xFA, 0xA2, 0xC5, 0xAA, 0x88, 0xFE, 0xD6, 0xE2, 0xBC, 0x8C, 0x7F,
    0xC5, 0x05, 0x59, 0xA6, 0xF7, 0xC9, 0x3A, 0x8D, 0x5A, 0xDC, 0x6B, 0x72, 0xF2, 0x6E, 0xF3, 0x11,
    0x79, 0xD2, 0xF6, 0xE4, 0x9D, 0x8D, 0x78, 0x7B, 0xEC, 0xC8, 0x0C, 0xAD, 0x88, 0x46, 0x74, 0xB5,
    0x98, 0x57, 0x62, 0x5A, 0x8A, 0xEC, 0xEC, 0x75, 0xB0, 0x5E, 0xE6, 0x15, 0x78, 0xED, 0x43, 0x15,
    0xD7, 0x85, 0x2D, 0x94, 0xC3, 0x03, 0x4A, 0x9C, 0x80, 0x22, 0xC2, 0x03, 0xD4, 0x49, 0x4B, 0x1F,
    0xD1, 0x6E, 0xD8, 0xE5, 0x25, 0xD7, 0xB7, 0xC2, 0x7C, 0x8F, 0xC2, 0x14, 0x29, 0x0F, 0xA1, 0x7B,
    0x4E, 0xB5, 0xB9, 0xF4, 0x52, 0xB5, 0x50, 0xDB, 0x46, 0x56, 0xAA, 0x50, 0xF6, 0x7C, 0x4A, 0xAD,
    0x67, 0x1C, 0xEE, 0x4F, 0x7E, 0xCF, 0x7A, 0x35, 0xBB, 0xA1, 0xDC, 0x0F, 0xC8, 0xFC, 0x53, 0xA0,
    0x2D, 0x84, 0x12, 0xB5, 0x07, 0xA2, 0x7B, 0x6B, 0xD4, 0xBE, 0x3B, 0xA3, 0xA9, 0xCD, 0xB7, 0x86,
    0xEE, 0x1B, 0x97, 0x0E, 0x1E, 0xEB, 0x17, 0x1C, 0x3C, 0x0A, 0x21, 0x3B, 0x44, 0xE1, 0x6B, 0x0F,
    0x0E, 0x1E, 0xDD, 0x74, 0xF0, 0xF0, 0xF6, 0x8C, 0xF0, 0x87, 0x1B, 0xEC, 0x5D, 0xCB, 0xD5, 0xF3,
    0xA5, 0x82, 0xE7, 0x4B, 0xCA, 0xEB, 0x4B, 0x6E, 0x0E, 0x4E, 0x99, 0x09, 0xF0, 0x88, 0xEA, 0x7E,
    0xBA, 0x34, 0xCF, 0xC9, 0x90, 0xFF, 0x13, 0x75, 0x5E, 0xA7, 0x55, 0xDA, 0xB8, 0x32, 0xAD, 0xA2,
    0x0E, 0x85, 0x3A, 0x82, 0x4C, 0x49, 0xBF, 0xA7, 0xBF, 0xE3, 0x6B, 0xF3, 0x2A, 0xAD, 0x92, 0x36,
    0xED, 0xD2, 0x4F, 0x5D, 0x13, 0x43, 0x16, 0xE6, 0x22, 0x7B, 0xA8, 0xB7, 0xC5, 0xA2, 0x3E, 0x78,
    0xA2, 0x7E, 0x47, 0x3D, 0x47, 0x98, 0x34, 0x8A, 0xF1, 0xF5, 0x5C, 0xFE, 0x3D, 0x43, 0xA0, 0xA8,
    0xF1, 0xFE, 0xC8, 0xEA, 0xCF, 0x35, 0x2E, 0xDF, 0xE1, 0x46, 0x93, 0x5D, 0xFA, 0x71, 0xF9, 0xFE,
    0x27, 0xBA, 0x97, 0x3E, 0x93, 0xCF, 0xFF, 0x55, 0xFB, 0x69, 0x08, 0x8E, 0x32, 0x40, 0x41, 0x53,
    0xAE, 0x8A, 0x27, 0x7F, 0x88, 0x3B, 0xC7, 0x75, 0x3E, 0xBC, 0xB2, 0x1C, 0xEE, 0x33, 0x1C, 0x5E,
    0x66, 0x16, 0x1C, 0xC3, 0x63, 0x8D, 0x29, 0xBB, 0x0E, 0x8A, 0x5D, 0x48, 0xE5, 0x01, 0x3F, 0x4B,
    0xE5, 0x16, 0x91, 0xC0, 0xF3, 0xAD, 0x5F, 0x9B, 0x57, 0x40, 0x71, 0x91, 0xEB, 0xE6, 0xB5, 0x17,
    0xEB, 0x87, 0xE3, 0xF2, 0xBC, 0x85, 0x2E, 0x5C, 0x2A, 0x94, 0xD9, 0x69, 0x55, 0xFF, 0xCF, 0xCB,
    0xF5, 0xD9, 0x40, 0x0F, 0x35, 0xF8, 0x2B, 0xBB, 0x5C, 0x9A, 0x2E, 0xBB, 0xAA, 0x7C, 0x9C, 0x41,
    0xCB, 0x0F, 0x3B, 0x2C, 0xF3, 0x63, 0x47, 0xC1, 0x8B, 0x8C, 0x00, 0x32, 0xA1, 0x11, 0x7A, 0x56,
    0xC4, 0x03, 0x11, 0xE2, 0xE0, 0x3C, 0x38, 0x13, 0xC2, 0x91, 0x2D, 0x56, 0xC3, 0xEE, 0xDC, 0x58,
    0x13, 0xDA, 0x43, 0x65, 0xED, 0x5A, 0x5C, 0x8B, 0x6A, 0x2C, 0xA2, 0x10, 0x51, 0xA9, 0x36, 0x6F,
    0xC4, 0x98, 0x54, 0x14, 0xBD, 0xCC, 0xA4, 0x51, 0x5B, 0x88, 0x40, 0x29, 0x22, 0x13, 0x9F, 0x4E,
    0x96, 0x5F, 0x28, 0x6B, 0x0A, 0x86, 0x6D, 0xD2, 0xAD, 0x94, 0xA4, 0xF5, 0x49, 0xFC, 0xE2, 0x52,
    0x22, 0xEF, 0x5A, 0x00, 0xF5, 0x36, 0xF1, 0x9F, 0x82, 0xB2, 0xFC, 0x07, 0x1A, 0x24, 0xAB, 0xED,
    0xA6, 0x12, 0xB2, 0xE9, 0xD8, 0x3B, 0x03, 0x61, 0xB0, 0x60, 0xB9, 0x54, 0x02, 0x81, 0x7D, 0xA8,
    0x82, 0x08, 0xE0, 0xF5, 0x7C, 0x0B, 0x25, 0x75, 0xCA, 0xE4, 0xCC, 0xC9, 0x5E, 0x2E, 0x35, 0x25,
    0x73, 0xD2, 0x5C, 0x8D, 0x2A, 0x42, 0xDD, 0x97, 0x0F, 0xA1, 0x67, 0x91, 0x6E, 0xCE, 0x47, 0x16,
    0xB9, 0x66, 0xDD, 0x3B, 0x5B, 0x81, 0xDB, 0x50, 0xB0, 0x57, 0x21, 0xA7, 0xFE, 0x60, 0xF4, 0x33,
    0x79, 0xAC, 0xB8, 0x33, 0x15, 0x5E, 0xD3, 0xB7, 0xDB, 0x5A, 0xC9, 0x9C, 0x6C, 0xEE, 0x9E, 0x10,
    0x03, 0xFD, 0xEE, 0xE9, 0xBE, 0x2F, 0x4A, 0x82, 0x4B, 0x73, 0x44, 0xE8, 0x43, 0xE3, 0xDA, 0x95,
    0x51, 0x4F, 0x4B, 0x51, 0x27, 0xB4, 0xDB, 0x6F, 0x0B, 0xDD, 0x9B, 0xB3, 0x93, 0x8C, 0x85, 0xBE,
    0x05, 0x11, 0x0B, 0xE9, 0x73, 0xC7, 0x9F, 0x55, 0x5E, 0x1A, 0x8A, 0x9C, 0x56, 0xA4, 0x37, 0x6C,
    0x9B, 0xA5, 0x0D, 0x91, 0x57, 0xC4, 0xCC, 0x6D, 0x14, 0xCB, 0x0B, 0xB6, 0xA9, 0xA3, 0x75, 0xDE,
    0x6C, 0x33, 0x63, 0x9A, 0x6B, 0x63, 0x4A, 0x4E, 0x81, 0xF2, 0x96, 0x42, 0x92, 0xB4, 0xB8, 0x50,
    0x26, 0x8C, 0x36, 0xC5, 0x93, 0x76, 0x3E, 0x86, 0xD4, 0xB5, 0x53, 0xBE, 0x29, 0xDA, 0x43, 0x13,
    0x02, 0x4D, 0x84, 0xAF, 0x4E, 0xE3, 0xCD, 0x14, 0xB2, 0x8B, 0x9B, 0xE6, 0xEE, 0x73, 0xB4, 0x39,
    0x6A, 0xC8, 0x4E, 0x13, 0xF7, 0x60, 0x97, 0x51, 0x28, 0xC3, 0xF0, 0xE2, 0xF8, 0x3D, 0x2F, 0xE6,
    0x7D, 0xCA, 0xFB, 0xC9, 0xF3, 0x55, 0x1B, 0x01, 0x35, 0xED, 0x14, 0xB6, 0xEA, 0x0C, 0x90, 0x6C,
    0xB7, 0x7A, 0x57, 0x69, 0xB9, 0x69, 0xA8, 0xFE, 0xDE, 0xA0, 0xBA, 0x82, 0xF7, 0x6B, 0x2D, 0x4D,
    0x09, 0xBF, 0x37, 0x5A, 0xCA, 0xBB, 0x93, 0x23, 0xFA, 0xE9, 0xB3, 0x7E, 0x17, 0x99, 0x5D, 0xF9,
    0x91, 0xC1, 0x03, 0x3C, 0x10, 0x82, 0xE3, 0x08, 0x84, 0xD9, 0x48, 0x84, 0x3D, 0x71, 0x3E, 0x3C,
    0xC0, 0x29, 0x34, 0xCA, 0x3D, 0x64, 0x16, 0xED, 0x81, 0x47, 0xB1, 0x37, 0x7E, 0x67, 0xAB, 0x8D,
    0x69, 0x7C, 0x1A, 0x67, 0xCA, 0xF1, 0xEA, 0x85, 0xB8, 0xF5, 0x59, 0x0F, 0x60, 0x27, 0xEA, 0x8A,
    0x2B, 0x4C, 0x3B, 0xFB, 0xCD, 0x74, 0xF3, 0xA0, 0x89, 0xE0, 0xE7, 0x96, 0x2B, 0x23, 0x4B, 0x6A,
    0x6D, 0xEB, 0x7C, 0x19, 0xE1, 0xC0, 0xA7, 0xCE, 0xFB, 0x70, 0xE0, 0xEF, 0x19, 0xC2, 0x41, 0x47,
    0x04, 0xBC, 0x3F, 0x28, 0x29, 0xC8, 0x9F, 0x0C, 0x9A, 0xFE, 0x04, 0x00, 0xAD, 0x44, 0x2C, 0x6C,
    0xF7, 0x2B, 0xFF, 0x72, 0x54, 0x08, 0xC2, 0x27, 0x43, 0xD2, 0xB0, 0xDD, 0xC9, 0xC0, 0xF5, 0xC0,
    0xF7, 0x38, 0x70, 0x6D, 0x44, 0x32, 0x06, 0x4B, 0x68, 0x5A, 0x6B, 0x46, 0x0F, 0x72, 0xD5, 0x0D,
    0xB4, 0xA6, 0xD0, 0xC4, 0xE6, 0xE5, 0x8F, 0x96, 0xAE, 0xF2, 0x6F, 0x56, 0x5B, 0x2F, 0xB2, 0x99,
    0x12, 0x67, 0x59, 0x5D, 0xBA, 0x5A, 0x27, 0x29, 0xC9, 0xCF, 0x96, 0xAE, 0xA1, 0x7E, 0xA5, 0x36,
    0x6F, 0xD3, 0xB9, 0xFC, 0x69, 0x3C, 0xA5, 0xE4, 0x14, 0xF4, 0xB8, 0x4D, 0x39, 0xF9, 0xBA, 0xC7,
    0xDD, 0xFF, 0xF4, 0xB8, 0xFF, 0x79, 0x8F, 0xF3, 0xBF, 0xF4, 0xC8, 0xEF, 0xF6, 0x70, 0xF3, 0x1E,
    0x03, 0xA5, 0xA7, 0xB4, 0x94, 0x86, 0xC2, 0x94, 0x21, 0x6A, 0x94, 0x2F, 0x73, 0x85, 0x40, 0x53,
    0x3E, 0x98, 0xFD, 0xF8, 0xD4, 0x74, 0xBD, 0xAC, 0x5D, 0x1F, 0x74, 0xE2, 0xC6, 0xAF, 0x29, 0x14,
    0x72, 0x54, 0x1D, 0x4B, 0x81, 0x96, 0xD2, 0xF8, 0xB5, 0xC7, 0xD3, 0x0C, 0x4E, 0x60, 0xB8, 0xED,
    0x7D, 0x96, 0xBA, 0x3A, 0x59, 0x75, 0xD0, 0xF1, 0x12, 0x40, 0xB6, 0x8F, 0xF5, 0x55, 0x1B, 0x76,
    0x00, 0x16, 0x33, 0x61, 0x25, 0xB8, 0x41, 0xE8, 0xB7, 0xE7, 0x21, 0x3E, 0x4E, 0x61, 0xC0, 0x92,
    0xE9, 0xE8, 0x33, 0x2A, 0x3E, 0xC1, 0x28, 0x79, 0x36, 0x02, 0xAB, 0xF7, 0x36, 0xC0, 0xF9, 0x27,
    0xCF, 0x81, 0xFB, 0x4F, 0xFE, 0x0D, 0xDC, 0xFB, 0xF2, 0x1F, 0xC0, 0x5D, 0x7C, 0x0A, 0x76, 0xEF,
    0xCF, 0xC0, 0x1D, 0xE1, 0x36, 0xFF, 0x90, 0x21, 0x20, 0x9C, 0x10, 0xB5, 0x47, 0x65, 0xAD, 0x8D,
    0x17, 0x3B, 0x79, 0x91, 0x9E, 0xFC, 0x6F, 0x7E, 0xB0, 0x4E, 0x99, 0xB8, 0x15, 0xF3, 0x03, 0xDF,
    0xD5, 0x77, 0xFD, 0xC7, 0x56, 0x75, 0xD2, 0x51, 0x0C, 0x51, 0x1B, 0xCB, 0x3B, 0x3B, 0x78, 0x86,
    0x9E, 0x29, 0xBB, 0xDF, 0x45, 0x34, 0xC5, 0x29, 0xE4, 0xEB, 0x35, 0x9E, 0xE7, 0x0D, 0x4A, 0x25,
    0x94, 0x8B, 0xDD, 0xA6, 0x21, 0xD1, 0x6F, 0xE5, 0x70, 0xAA, 0x93, 0x8E, 0x74, 0xE1, 0x50, 0xE0,
    0xDE, 0xF0, 0xAD, 0xE9, 0xBE, 0xFC, 0x28, 0x04, 0x5B, 0x41, 0x21, 0xF8, 0x4C, 0x7E, 0x66, 0xFE,
    0x1F, 0x15, 0x7B, 0x7A, 0xFA, 0xCE, 0x7B, 0xAA, 0xA3, 0x0F, 0x2A, 0x46, 0x17, 0x1A, 0x9B, 0xAD,
    0xBE, 0xD2, 0xD8, 0x9A, 0xAD, 0x2C, 0xF3, 0x8B, 0x53, 0xB9, 0xC4, 0x77, 0x11, 0x9F, 0xB2, 0x95,
    0xC1, 0xB4, 0x99, 0x27, 0x4D, 0xD8, 0x5B, 0xD4, 0xCC, 0x89, 0x56, 0xDE, 0xD8, 0x45, 0x0D, 0x63,
    0x4A, 0x4C, 0xF7, 0x1C, 0x92, 0xCA, 0x82, 0x31, 0x55, 0xD7, 0x72, 0xF6, 0xC7, 0x39, 0xED, 0xDF,
    0x30, 0x62, 0x24, 0xE2, 0x9E, 0x88, 0x7A, 0xA1, 0x15, 0x9A, 0xE9, 0xF8, 0xF1, 0x26, 0x4A, 0xA9,
    0x15, 0x93, 0x5A, 0xFA, 0x94, 0xD0, 0x26, 0x74, 0x25, 0x6F, 0x61, 0x63, 0x72, 0x68, 0xD4, 0x16,
    0x91, 0xBD, 0xA5, 0x83, 0xFB, 0x02, 0x96, 0xD7, 0xF9, 0xC7, 0x3A, 0xE7, 0xE7, 0x25, 0x0A, 0xED,
    0x25, 0xAE, 0x54, 0xEF, 0xF3, 0x89, 0xFE, 0x8E, 0xAF, 0xF5, 0x9A, 0xBE, 0x95, 0xB7, 0xE0, 0xAD,
    0x79, 0xCB, 0x7A, 0xCA, 0xF5, 0x98, 0x36, 0x01, 0x8A, 0xB8, 0x0B, 0x61, 0x8B, 0x7E, 0xD1, 0x5B,
    0x38, 0x72, 0x5A, 0x02, 0xAC, 0x38, 0x40, 0xB7, 0x1B, 0x5B, 0xEC, 0x83, 0x9A, 0x4D, 0x3F, 0x81,
    0x8A, 0x0F, 0x4B, 0x38, 0x73, 0x43, 0xD4, 0x73, 0x56, 0x18, 0xCF, 0x92, 0x76, 0x06, 0x4D, 0x08,
    0x4A, 0x68, 0x41, 0x7F, 0x5F, 0xAC, 0xCF, 0x37, 0xB6, 0x4B, 0xFD, 0x84, 0x63, 0xB9, 0xF4, 0xE3,
    0xEC, 0x85, 0x0B, 0x99, 0xE1, 0xCB, 0x5D, 0xD0, 0x81, 0x80, 0x36, 0xA1, 0xDC, 0xC0, 0x87, 0xDA,
    0x60, 0xBF, 0x21, 0x0A, 0x46, 0xE1, 0xF8, 0x03, 0x70, 0xBD, 0x7A, 0xFE, 0x70, 0x84, 0xAE, 0x03,
    0xFA, 0x13, 0x98, 0xFD, 0xB0, 0xC5, 0x3A, 0xBF, 0x38, 0x1B, 0x32, 0xE8, 0x42, 0x75, 0x58, 0x98,
    0xAE, 0xF4, 0x58, 0xF1, 0x93, 0x47, 0x4E, 0xD5, 0x82, 0xC7, 0x9B, 0x7B, 0x49, 0x31, 0x36, 0x02,
    0x2A, 0xA1, 0x51, 0x9E, 0xBB, 0x3D, 0xCE, 0xEA, 0x79, 0xFA, 0xE6, 0xEF, 0xF9, 0x5A, 0xAF, 0xB7,
    0x99, 0x9C, 0xF6, 0x85, 0xC4, 0x53, 0x11, 0xA3, 0x08, 0x14, 0xE4, 0x5A, 0x6B, 0x42, 0x83, 0x38,
    0xA4, 0xEE, 0xEF, 0x74, 0x30, 0xEE, 0xDA, 0x1E, 0x0B, 0x22, 0x07, 0xFF, 0x87, 0xD8, 0x25, 0x21,
    0x31, 0x85, 0xA5, 0x7E, 0xEB, 0x3E, 0xBC, 0x85, 0x5B, 0x8A, 0x89, 0x3E, 0x59, 0xB7, 0x77, 0xCE,
    0x90, 0x4D, 0xA1, 0x45, 0x27, 0xDE, 0x6A, 0x2B, 0x01, 0x8F, 0x06, 0xBA, 0xA7, 0xBA, 0x3F, 0x52,
    0xC7, 0x61, 0x34, 0xC7, 0x36, 0x3F, 0x85, 0x4E, 0x79, 0x37, 0x20, 0xA6, 0xE8, 0xB6, 0x23, 0xB9,
    0x83, 0x0F, 0xF8, 0xED, 0x84, 0x3A, 0x25, 0x4E, 0x94, 0xD7, 0xF9, 0x43, 0xC3, 0x01, 0x7F, 0x2D,
    0x4E, 0xB5, 0x5E, 0xF3, 0xB6, 0x5A, 0x79, 0xDB, 0xDA, 0xD2, 0x3B, 0x59, 0xC6, 0x23, 0xF9, 0x11,
    0xE4, 0xA9, 0x73, 0x4A, 0x34, 0x3E, 0x40, 0xD4, 0x05, 0x5E, 0x86, 0x80, 0xF7, 0x7C, 0x9D, 0xE5,
    0x14, 0xF7, 0x77, 0x18, 0xDE, 0x43, 0x88, 0x00, 0x0B, 0xD6, 0xC5, 0xD4, 0x91, 0xAF, 0xDE, 0xF8,
    0xC3, 0x94, 0x65, 0x2B, 0x8A, 0xC6, 0xFA, 0x8F, 0x42, 0x63, 0xBB, 0xEB, 0x1B, 0x09, 0xCF, 0xE2,
    0x3B, 0x25, 0x3C, 0xFF, 0x05, 0xC5, 0x59, 0x01, 0xA4, 0x26, 0x59, 0x76, 0xFE, 0xAA, 0x6A, 0x67,
    0x4A, 0xA6, 0x64, 0x6B, 0x43, 0xD6, 0xAE, 0x0C, 0xA9, 0x45, 0x00, 0xA1, 0x20, 0x48, 0x48, 0x72,
    0xAB, 0xFB, 0xE1, 0x61, 0xD0, 0x83, 0xFE, 0x7B, 0x48, 0xE3, 0x2D, 0x20, 0xB0, 0x79, 0x01, 0x24,
    0x24, 0x5D, 0x95, 0x85, 0x05, 0x64, 0x90, 0x37, 0x00, 0x33, 0x18, 0x04, 0xD8, 0x45, 0xD0, 0x58,
    0xB9, 0xB5, 0x19, 0x0C, 0x82, 0xD4, 0x26, 0xDA, 0x62, 0xA0, 0x64, 0x5E, 0x10, 0x83, 0xBD, 0x89,
    0x6A, 0x53, 0x6F, 0xF7, 0xD6, 0xFD, 0x72, 0xCE, 0xBD, 0x7F, 0xBD, 0xF7, 0xBA, 0x77, 0x7A, 0x66,
    0x3A, 0x1B, 0xD9, 0xF3, 0xFE, 0xF3, 0x7D, 0xF5, 0xD7, 0x3D, 0x75, 0xCE, 0xB9, 0xF7, 0xD4, 0xBD,
    0xF7, 0xBF, 0xDD, 0xF9, 0xD2, 0x76, 0xA5, 0xEF, 0x47, 0x55, 0xBD, 0xC6, 0x2E, 0xE7, 0x57, 0x28,
    0xC8, 0xA1, 0x26, 0x67, 0xF3, 0xF4, 0x7C, 0xE9, 0xC7, 0x7A, 0xB5, 0x17, 0x0F, 0x3D, 0xC9, 0x1B,
    0xED, 0x00, 0x3B, 0x00, 0xFD, 0x04, 0x98, 0xAB, 0x07, 0xAE, 0x26, 0x5D, 0x21, 0x8A, 0xF3, 0x20,
    0x3E, 0x01, 0x44, 0x20, 0x79, 0x1B, 0x1E, 0x6E, 0x87, 0xD8, 0xA0, 0x70, 0x7E, 0x89, 0x72, 0x63,
    0x40, 0x49, 0xB2, 0x2B, 0xF9, 0x0E, 0x87, 0x92, 0xE0, 0x58, 0x6E, 0xB0, 0x92, 0x10, 0xFA, 0x2F,
    0x0D, 0xC0, 0x2D, 0xB0, 0x02, 0x0F, 0x38, 0xC8, 0x05, 0x21, 0xB0, 0xE9, 0xFD, 0x4B, 0xA0, 0xDA,
    0xD0, 0x38, 0x98, 0x11, 0x01, 0x78, 0x1F, 0x22, 0xA4, 0x3F, 0x7E, 0x2E, 0xEE, 0xB3, 0xC3, 0x17,
    0x7E, 0xA4, 0x5B, 0x28, 0xC8, 0xB1, 0x26, 0x3B, 0x73, 0xF5, 0x27, 0xDA, 0xED, 0x18, 0x8B, 0x5C,
    0x6F, 0xF4, 0xE2, 0x4D, 0x70, 0xBC, 0x1E, 0x92, 0xAE, 0xA1, 0xF4, 0x49, 0x54, 0x87, 0xF3, 0x55,
    0x5E, 0x1A, 0x06, 0xCB, 0x8D, 0x4F, 0x7E, 0xA8, 0x1E, 0x27, 0xF4, 0x01, 0x2D, 0xE7, 0x82, 0x1E,
    0xAD, 0xBA, 0xEE, 0x32, 0x5E, 0xBD, 0x45, 0x72, 0x23, 0xD7, 0x96, 0x6F, 0x3F, 0x02, 0x3B, 0x76,
    0x8F, 0xA0, 0xC2, 0xEE, 0xF3, 0xFF, 0x1E, 0x3F, 0xF6, 0x22, 0x8F, 0x1F, 0x43, 0xA4, 0x71, 0x9F,
    0xFF, 0x07, 0x71, 0x99, 0x7A, 0x94, 0x7C, 0x47, 0xF7, 0xFF, 0xBB, 0xCF, 0x5B, 0x84, 0x95, 0x8F,
    0x47, 0x3F, 0x1F, 0xCB, 0xFB, 0x0B, 0xF4, 0x4E, 0xA2, 0x3B, 0x3B, 0xF1, 0x32, 0x51, 0x48, 0xC4,
    0x41, 0xE9, 0x01, 0x47, 0x25, 0x1D, 0x36, 0x66, 0x84, 0x99, 0x32, 0xA5, 0x7E, 0xFA, 0x86, 0x90,
    0xB4, 0xD9, 0x90, 0xA9, 0xA5, 0xF5, 0x42, 0x41, 0x6E, 0x0B, 0xCD, 0x60, 0x57, 0x2F, 0x78, 0x31,
    0x5E, 0x9C, 0x5D, 0x49, 0x29, 0x54, 0x86, 0x88, 0x4B, 0x44, 0xAF, 0xAD, 0xD5, 0xA6, 0x58, 0xDC,
    0xE0, 0xD5, 0x99, 0x17, 0x24, 0x13, 0x3A, 0xC5, 0xFF, 0xFF, 0x37, 0x98, 0x23, 0x72, 0x26, 0xC7,
    0xF5, 0x0C, 0xBC, 0xD6, 0x1D, 0x2B, 0x53, 0x49, 0x56, 0x8D, 0xE4, 0x64, 0x26, 0x76, 0x1C, 0x78,
    0x97, 0xE0, 0xA9, 0x07, 0xB9, 0x88, 0xBA, 0xF4, 0xD2, 0xBD, 0xEB, 0xC1, 0x13, 0xEA, 0x08, 0x0E,
    0xEC, 0xAC, 0xD8, 0x19, 0xB1, 0x6F, 0x56, 0x79, 0x76, 0x2B, 0x42, 0x2A, 0xAF, 0xBE, 0xF8, 0xA8,
    0x66, 0x20, 0x7B, 0xEF, 0xE8, 0xB7, 0xF1, 0x62, 0x27, 0xDA, 0x8B, 0xD2, 0xF3, 0x8E, 0xE8, 0xC9,
    0xCF, 0x3D, 0x4F, 0x3F, 0xF5, 0xBC, 0xF7, 0x13, 0xCF, 0xB3, 0x0F, 0x3D, 0xFB, 0x53, 0x4F, 0x5B,
    0x7A, 0x6E, 0xA2, 0x5E, 0x74, 0x11, 0x75, 0xA2, 0x53, 0xE9, 0x0B, 0x5F, 0x39, 0xE4, 0x5B, 0xED,
    0x00, 0x52, 0x5F, 0x76, 0x8D, 0xF1, 0xCA, 0xFB, 0x48, 0xC2, 0x11, 0xE2, 0x78, 0x8C, 0xA5, 0x94,
    0x0C, 0x5A, 0x57, 0x78, 0xD4, 0xAE, 0x14, 0x58, 0xEA, 0x15, 0xE5, 0x2A, 0x8F, 0x15, 0xBE, 0x51,
    0x07, 0xED, 0x84, 0x2C, 0x68, 0x6E, 0xEC, 0x75, 0xC6, 0x5A, 0xCD, 0x94, 0x10, 0x08, 0x02, 0x8D,
    0x17, 0xA8, 0x23, 0x2C, 0x0A, 0x4E, 0x1B, 0x66, 0xE0, 0xEB, 0x1C, 0xD5, 0x6C, 0x88, 0x66, 0x02,
    0x97, 0x48, 0x65, 0x7F, 0x29, 0xBD, 0x38, 0x5B, 0x48, 0x5E, 0xAB, 0x64, 0x8A, 0xDB, 0xCA, 0x2E,
    0xA6, 0xBB, 0xD3, 0x70, 0xA4, 0x42, 0xC9, 0x0E, 0xC5, 0xA6, 0x34, 0x16, 0x41, 0x92, 0xEA, 0x95,
    0x1A, 0x27, 0x3D, 0x65, 0xA4, 0x8A, 0x68, 0xE7, 0x76, 0xAE, 0xD9, 0x99, 0xB9, 0x71, 0x35, 0x07,
    0x33, 0xD5, 0xAE, 0xE5, 0x68, 0xC6, 0x7A, 0x35, 0x1C, 0xB5, 0xE0, 0xA6, 0x9F, 0xC5, 0x87, 0xEF,
    0x5B, 0x47, 0xE4, 0xC1, 0xD6, 0x4F, 0x89, 0x8C, 0xA1, 0xE2, 0x06, 0x70, 0x2B, 0xE8, 0x81, 0xDE,
    0xE7, 0x5C, 0x00, 0xE3, 0x41, 0x07, 0x34, 0x2B, 0xEC, 0x14, 0xBB, 0x28, 0xB0, 0xD3, 0x50, 0xAF,
    0x42, 0x76, 0xA8, 0x84, 0x60, 0xC7, 0xCA, 0x67, 0x84, 0x3A, 0xCF, 0x09, 0x49, 0x62, 0xCB, 0x03,
    0x24, 0x89, 0x50, 0xE8, 0xB2, 0xD7, 0x52, 0xD3, 0x77, 0x86, 0x62, 0x5B, 0xAD, 0xD6, 0xDE, 0xD3,
    0xF1, 0xDF, 0xCC, 0xBB, 0x33, 0x72, 0x7A, 0x49, 0x0D, 0xE0, 0x52, 0x53, 0x0B, 0xE0, 0x2A, 0x02,
    0xA9, 0x6A, 0xC8, 0x88, 0xDB, 0x40, 0x72, 0xBC, 0x05, 0x0F, 0x78, 0xE8, 0xF6, 0xD6, 0xFB, 0x0A,
    0x5C, 0x15, 0xD8, 0x29, 0x4C, 0x9A, 0x8B, 0x13, 0x68, 0x16, 0x81, 0xFA, 0x1A, 0x5A, 0xB9, 0x77,
    0xA0, 0x00, 0x39, 0x2A, 0x40, 0xE0, 0xF2, 0x25, 0x02, 0xE1, 0x56, 0xA0, 0xE1, 0x18, 0xE8, 0x60,
    0x9D, 0x7A, 0xDE, 0x41, 0xBF, 0x6A, 0xC3, 0x9E, 0x8B, 0x0E, 0x12, 0x5E, 0xE7, 0xA5, 0x12, 0x49,
    0xA1, 0x92, 0x0C, 0x42, 0x4D, 0x78, 0xB0, 0x09, 0x19, 0x87, 0x6F, 0x0A, 0xD9, 0xF1, 0xB8, 0xCC,
    0xDE, 0x5A, 0xAD, 0xDE, 0xE1, 0xE1, 0x20, 0xA4, 0x32, 0x3C, 0x4F, 0x77, 0x89, 0xDD, 0x72, 0x7F,
    0x4E, 0x29, 0x79, 0xE9, 0x5D, 0x24, 0x13, 0x0E, 0xFF, 0x28, 0x54, 0xA7, 0x78, 0x79, 0xA4, 0x3D,
    0x97, 0xCC, 0x5E, 0xA5, 0x26, 0xB5, 0x8B, 0x68, 0xFF, 0xE3, 0x3B, 0xD1, 0xD1, 0xEE, 0x95, 0x22,
    0xEE, 0x19, 0xD4, 0x84, 0xDE, 0xDC, 0x5B, 0x3B, 0x0E, 0x88, 0x4F, 0x9D, 0xEF, 0x1E, 0x92, 0xB7,
    0xE8, 0x59, 0x0B, 0x2A, 0x90, 0x71, 0x05, 0xB4, 0xC6, 0x82, 0x45, 0xD8, 0x04, 0xCB, 0x95, 0x71,
    0x26, 0x59, 0xC5, 0x59, 0xE7, 0x5C, 0x3B, 0xEA, 0xF4, 0x33, 0x4F, 0xCE, 0x27, 0xA0, 0xD7, 0x28,
    0xE0, 0x8E, 0x2B, 0xF2, 0xCD, 0xFC, 0x9B, 0x47, 0xE1, 0xCD, 0xBF, 0x6E, 0xF2, 0xA8, 0xF9, 0x71,
    0x40, 0xB5, 0x98, 0x89, 0xFA, 0x2E, 0x4D, 0xB6, 0x6B, 0x66, 0x33, 0xF5, 0xA3, 0x99, 0xE4, 0x6F,
    0x34, 0xC2, 0xED, 0x6C, 0x05, 0x1B, 0x87, 0x82, 0x23, 0x50, 0x72, 0x02, 0x6A, 0x3A, 0x81, 0x4F,
    0x04, 0xDA, 0x0F, 0x56, 0xC0, 0x7C, 0x57, 0xDF, 0x6D, 0x6C, 0xC0, 0xB1, 0xF8, 0x71, 0x58, 0x38,
    0x14, 0x2B, 0xDB, 0xB1, 0x5A, 0xD8, 0xCC, 0xB5, 0x63, 0xED, 0x9A, 0x99, 0x12, 0x67, 0xA4, 0xFE,
    0x2A, 0x61, 0xE1, 0xD9, 0xC1, 0x6C, 0x80, 0x50, 0x1F, 0x22, 0x59, 0x46, 0xA2, 0x1D, 0x84, 0xE2,
    0xFA, 0x21, 0x7E, 0x7C, 0x3B, 0x09, 0x15, 0x6B, 0x33, 0x0B, 0x95, 0xAE, 0x76, 0xBA, 0x09, 0x3C,
    0x7D, 0xB8, 0x80, 0x2A, 0xFE, 0x19, 0x0A, 0x5A, 0xA4, 0x7B, 0x0B, 0x85, 0x28, 0x13, 0xB9, 0x8B,
    0xD4, 0xCB, 0xEA, 0xBA, 0xD5, 0x1A, 0xF7, 0xC4, 0xD7, 0x4B, 0x3B, 0xF1, 0x54, 0xA8, 0x71, 0x7C,
    0x63, 0xA9, 0x17, 0x49, 0xEB, 0x9E, 0xAB, 0x97, 0x6A, 0xE5, 0x99, 0x50, 0xE9, 0x09, 0x68, 0xCF,
    0xB4, 0x0F, 0x8B, 0x52, 0x41, 0xAF, 0x54, 0xFE, 0x2C, 0x52, 0xED, 0x34, 0xCF, 0xC3, 0x99, 0xA3,
    0x10, 0x39, 0xF5, 0x9D, 0x12, 0x39, 0x26, 0x9A, 0x40, 0xD0, 0xFC, 0xCB, 0x2C, 0x14, 0xCC, 0x3F,
    0x3B, 0x30, 0xF7, 0x46, 0x46, 0x87, 0x85, 0x90, 0x07, 0x65, 0xA0, 0xFF, 0x69, 0x03, 0x65, 0x8C,
    0x47, 0xEE, 0x54, 0xC7, 0xC7, 0x13, 0x96, 0x4C, 0xE3, 0x76, 0x78, 0xB8, 0x01, 0x71, 0x19, 0x80,
    0x54, 0x60, 0xD6, 0x9D, 0xDF, 0xEA, 0xB8, 0x07, 0x42, 0x90, 0x41, 0xB0, 0x25, 0xA7, 0xBD, 0x94,
    0x82, 0x1B, 0x8A, 0x60, 0x7E, 0x42, 0x54, 0xDE, 0xFC, 0x98, 0x5D, 0xBD, 0x9A, 0x89, 0x43, 0x2C,
    0xE5, 0xD8, 0x08, 0xAA, 0x93, 0xA3, 0x4E, 0xAD, 0xEB, 0xB5, 0x94, 0x4B, 0x5C, 0xBD, 0xD6, 0x7A,
    0x0F, 0x3E, 0x96, 0x31, 0x74, 0x38, 0x10, 0xB0, 0x77, 0x3C, 0x60, 0x3E, 0x5C, 0xB4, 0xC8, 0xB3,
    0x86, 0x92, 0x2B, 0x0D, 0xA1, 0x81, 0x50, 0xAC, 0x34, 0x5D, 0xE5, 0xD8, 0x0E, 0x5A, 0xD0, 0xB1,
    0x99, 0x58, 0x4F, 0xED, 0xC8, 0x6A, 0xD6, 0xAA, 0x3A, 0x9E, 0x50, 0xE4, 0x9A, 0xEE, 0x28, 0x4D,
    0xEC, 0xEC, 0x93, 0x03, 0x07, 0x9D, 0x91, 0x19, 0xA1, 0xE9, 0x15, 0x9B, 0x50, 0xB9, 0xC5, 0x75,
    0x2E, 0x67, 0xA3, 0x05, 0x3D, 0xD0, 0x1E, 0x07, 0x71, 0x4E, 0xB4, 0x25, 0x8A, 0x13, 0xE8, 0x93,
    0x4D, 0x1F, 0x97, 0xB2, 0x49, 0x90, 0xBB, 0x2C, 0x7D, 0x3B, 0xF3, 0x24, 0x94, 0xBE, 0x91, 0x40,
    0xBE, 0x94, 0x5A, 0xF2, 0x54, 0xA8, 0x5A, 0xF9, 0xC6, 0x5A, 0xCA, 0x85, 0x14, 0xB4, 0xF4, 0xC5,
    0xC6, 0x33, 0xA1, 0x3C, 0xB0, 0x88, 0xA9, 0x24, 0xCC, 0x62, 0x3E, 0xB0, 0x07, 0x76, 0x94, 0x77,
    0x36, 0x68, 0x49, 0x3F, 0x5A, 0xF7, 0x59, 0x78, 0x13, 0x15, 0x3C, 0x04, 0x49, 0x88, 0xB9, 0xBE,
    0xBE, 0x2C, 0x16, 0xD6, 0x33, 0x0B, 0x7D, 0x81, 0xB5, 0x8F, 0x95, 0x8B, 0x5F, 0x57, 0xE9, 0x39,
    0x0B, 0x0F, 0x95, 0x62, 0x96, 0x8B, 0xDC, 0xEB, 0xBE, 0x66, 0xFB, 0x0E, 0x68, 0x37, 0x20, 0xB3,
    0xA1, 0x43, 0xA3, 0x8E, 0x7B, 0xD2, 0xC3, 0xFC, 0xCC, 0x06, 0x7C, 0x15, 0x05, 0xE3, 0xC4, 0xDD,
    0xA1, 0x10, 0xC3, 0xC3, 0x79, 0x5C, 0xF7, 0x26, 0x81, 0xD0, 0x09, 0xC4, 0xB9, 0xDD, 0x84, 0xDD,
    0x04, 0xEC, 0x22, 0xA4, 0xAF, 0xAF, 0x9C, 0x13, 0x55, 0xF4, 0xA7, 0x9E, 0x2D, 0x03, 0xC0, 0xF1,
    0xDA, 0xE8, 0xC9, 0x01, 0xB0, 0xE4, 0x0C, 0xA3, 0x50, 0x2A, 0x44, 0x79, 0x6D, 0xA8, 0x5C, 0xE9,
    0x64, 0xFC, 0xFD, 0xF6, 0x35, 0xD8, 0x05, 0x2D, 0x83, 0x9A, 0x8C, 0x9A, 0xDE, 0xAF, 0xA1, 0x71,
    0x69, 0x0F, 0x6E, 0x67, 0x58, 0x0E, 0xB0, 0x1B, 0x84, 0x75, 0xD5, 0xD0, 0xFB, 0x4B, 0xD4, 0xAF,
    0xEB, 0x06, 0xC2, 0xD9, 0x90, 0x83, 0x4D, 0x2B, 0x2F, 0x08, 0xD1, 0x8B, 0xFB, 0x1A, 0xAF, 0x33,
    0xA2, 0x95, 0xE8, 0xBE, 0x66, 0xF6, 0xE3, 0xCB, 0xA1, 0x1D, 0x39, 0x08, 0x0E, 0xE9, 0x9B, 0x91,
    0x82, 0x12, 0x4D, 0x2C, 0x47, 0x25, 0xB8, 0xC4, 0x4E, 0x0D, 0x40, 0xA6, 0xA0, 0x11, 0x7E, 0x19,
    0x54, 0xE5, 0xC9, 0xA6, 0x78, 0x37, 0x28, 0xDE, 0xE1, 0x0D, 0x76, 0x8A, 0x2F, 0xF8, 0x1B, 0x12,
    0xAA, 0xA5, 0x9D, 0x78, 0x42, 0x29, 0x29, 0xBF, 0xBF, 0xA1, 0x25, 0xB9, 0xC6, 0x3C, 0x67, 0x68,
    0x41, 0x5E, 0x2A, 0x9F, 0x8A, 0x97, 0x00, 0x49, 0x94, 0x02, 0x53, 0xAD, 0x9B, 0x5C, 0xBB, 0xA0,
    0x91, 0x09, 0x0C, 0x5D, 0x23, 0x51, 0x6C, 0x76, 0x40, 0x1E, 0x64, 0x7E, 0x3C, 0xE0, 0xF3, 0xA2,
    0xEF, 0x4A, 0x6C, 0x8D, 0x76, 0xF1, 0x89, 0xF8, 0x6C, 0x1D, 0xC4, 0x4B, 0xF4, 0x07, 0x01, 0x8D,
    0xA1, 0x89, 0x2D, 0x1A, 0xA2, 0x6B, 0xC8, 0xC9, 0x3C, 0xED, 0x5D, 0x3F, 0xEA, 0xEA, 0x58, 0xAE,
    0xCF, 0x1C, 0xFB, 0xE4, 0x18, 0xA8, 0xBF, 0x3A, 0xB4, 0x4D, 0x6D, 0xD4, 0x56, 0x9F, 0x41, 0xBF,
    0x40, 0x42, 0x40, 0xF7, 0x00, 0xE4, 0x1C, 0x8D, 0xBE, 0x59, 0x63, 0xE3, 0x50, 0x5F, 0x75, 0xF5,
    0x02, 0xB9, 0xA8, 0x56, 0xB4, 0x72, 0xD3, 0xC3, 0x48, 0x26, 0x5E, 0x8D, 0xF3, 0x00, 0x49, 0x2D,
    0x63, 0x7A, 0x4B, 0x32, 0x45, 0xFB, 0xDD, 0x20, 0xD8, 0x7F, 0xE0, 0x05, 0x4D, 0xC4, 0xF6, 0xA3,
    0xF8, 0xA6, 0xFF, 0xD4, 0x09, 0xD6, 0x54, 0xAC, 0x38, 0x01, 0xEA, 0x5D, 0xB0, 0x88, 0x98, 0xB3,
    0x83, 0x3A, 0xD4, 0x75, 0x0C, 0xBD, 0x6B, 0x1D, 0xE8, 0x6A, 0x97, 0xF1, 0xBD, 0x7A, 0x29, 0x82,
    0x84, 0x2C, 0x74, 0x17, 0x2B, 0x75, 0x43, 0x93, 0x54, 0xB2, 0xA0, 0xAF, 0x31, 0x5B, 0xED, 0xAF,
    0x66, 0x6C, 0xEC, 0x20, 0xA0, 0x1E, 0x1A, 0x6A, 0x8C, 0xA0, 0x21, 0x7C, 0xDC, 0x2C, 0x3B, 0xE8,
    0xEE, 0xA7, 0x11, 0x42, 0xA3, 0x31, 0x4D, 0x19, 0xB3, 0xF8, 0xD1, 0x82, 0x24, 0xBF, 0xE2, 0x1E,
    0xB7, 0x1F, 0x6F, 0x48, 0xBB, 0x4D, 0xB1, 0xEA, 0x82, 0xE2, 0x1B, 0x69, 0xFA, 0xE3, 0x52, 0x6D,
    0xF1, 0x7F, 0x3F, 0x1E, 0x78, 0x9D, 0x6F, 0x43, 0x65, 0x5F, 0x7D, 0x62, 0x62, 0x24, 0xA2, 0x34,
    0xE1, 0x2D, 0x8E, 0x50, 0x31, 0x0E, 0x76, 0x4A, 0x19, 0x4C, 0x30, 0x73, 0x3C, 0x0D, 0x58, 0xCD,
    0xA5, 0x9F, 0x72, 0x82, 0x83, 0x64, 0x6C, 0xE6, 0x22, 0xC4, 0xAB, 0xA5, 0x75, 0x71, 0x99, 0x87,
    0xEE, 0xB1, 0x12, 0x24, 0x5D, 0xAD, 0xF5, 0x9A, 0xAE, 0x4A, 0x5F, 0xBB, 0x64, 0xA7, 0x07, 0x86,
    0xF4, 0x6C, 0x1E, 0xA4, 0x4F, 0xD1, 0x1F, 0x68, 0xC6, 0x14, 0x23, 0x9E, 0x1F, 0x52, 0xDC, 0x9E,
    0x5D, 0xCC, 0x45, 0xBE, 0x73, 0xCF, 0xAF, 0x0D, 0x7B, 0xCE, 0x75, 0xEA, 0xC7, 0x90, 0xAE, 0x92,
    0xD4, 0x7B, 0x35, 0xD5, 0x65, 0x12, 0x75, 0x19, 0x45, 0x0F, 0x1B, 0xFB, 0x2D, 0x76, 0xFB, 0x55,
    0x78, 0xD6, 0xEC, 0x7C, 0x45, 0xAF, 0x29, 0x95, 0xE4, 0xA0, 0xB9, 0x0C, 0x0D, 0x39, 0xEB, 0x98,
    0x43, 0x26, 0xC8, 0x52, 0x2F, 0x39, 0x21, 0xB3, 0xC5, 0xEB, 0x8E, 0xA6, 0x56, 0x3E, 0x8E, 0x3F,
    0x87, 0x62, 0x2B, 0xB6, 0x4A, 0x3B, 0x5A, 0x6C, 0x79, 0xA8, 0x97, 0x78, 0x01, 0xC6, 0x0E, 0xAB,
    0xE1, 0xF9, 0x7C, 0x3C, 0x45, 0x5A, 0xED, 0xA4, 0xA4, 0x6B, 0x38, 0xC2, 0x5C, 0xF5, 0x0B, 0x1A,
    0x1D, 0x1B, 0x72, 0x16, 0x00, 0x0A, 0x72, 0x40, 0x15, 0x52, 0x1A, 0x28, 0x37, 0x24, 0xA9, 0xFC,
    0xDE, 0xBB, 0xF5, 0xB9, 0xCE, 0xBD, 0x62, 0x8F, 0x7D, 0x6B, 0x39, 0xEE, 0x17, 0xBB, 0x49, 0xB2,
    0x35, 0x0A, 0x99, 0x7D, 0x3B, 0x36, 0x05, 0x20, 0xA7, 0x06, 0xAB, 0x04, 0xD7, 0xE3, 0x7A, 0x6B,
    0x56, 0x53, 0x51, 0x8F, 0xFD, 0x79, 0x2C, 0x2D, 0x38, 0xC4, 0xE3, 0xC3, 0x98, 0x30, 0x4E, 0xC6,
    0x1D, 0xD3, 0x9D, 0x51, 0x31, 0x59, 0xF6, 0x4E, 0x9F, 0x4A, 0x1E, 0x92, 0xB7, 0xE4, 0x39, 0xEE,
    0xBA, 0x29, 0xA2, 0x88, 0x1D, 0xAE, 0x33, 0xC9, 0x67, 0x81, 0x6A, 0x45, 0xDA, 0xFE, 0x2A, 0xB5,
    0x6D, 0x63, 0x12, 0x1F, 0xFF, 0x37, 0xC5, 0x6B, 0x0C, 0x9E, 0xA2, 0xF6, 0xB7, 0x41, 0xEF, 0xC5,
    0x56, 0xF3, 0xF1, 0xBF, 0xC7, 0x48, 0x21, 0x3D, 0xAB, 0x5E, 0xD4, 0xDF, 0xEE, 0x19, 0xE8, 0x22,
    0xA2, 0xDE, 0xF6, 0x42, 0x4F, 0x47, 0x66, 0xE4, 0x47, 0x55, 0xE2, 0xBF, 0xFE, 0x0D, 0x9B, 0x5E,
    0x89, 0x90, 0x45, 0xCE, 0x88, 0x24, 0xE6, 0xC8, 0x3F, 0x4C, 0x94, 0xA5, 0x59, 0x72, 0x2E, 0x85,
    0xBA, 0x8A, 0x83, 0x07, 0x72, 0x44, 0x1D, 0xD9, 0xA1, 0xDD, 0xBE, 0x83, 0xBF, 0x3C, 0xF7, 0xFA,
    0xB6, 0xC6, 0x72, 0xF5, 0x69, 0x4E, 0x4B, 0xB2, 0xC9, 0xE5, 0xBE, 0x79, 0x5D, 0x73, 0xF7, 0x3C,
    0x67, 0x4C, 0xED, 0x89, 0xED, 0x28, 0x2C, 0x9F, 0x5E, 0x39, 0x27, 0xCC, 0x2C, 0xAC, 0xA7, 0xEE,
    0x78, 0xEA, 0xF2, 0xA8, 0xC3, 0x43, 0x3E, 0x89, 0xEB, 0xBA, 0xCA, 0xAC, 0xDD, 0xFF, 0x84, 0xEA,
    0xFC, 0xF5, 0x00, 0xBB, 0xDE, 0x0C, 0x75, 0xC1, 0xD0, 0x01, 0x6A, 0x16, 0x87, 0xFB, 0x69, 0xA2,
    0x8F, 0x3E, 0x51, 0xDA, 0xDF, 0x9D, 0x2A, 0x51, 0x91, 0xA8, 0x1A, 0x23, 0xFD, 0x36, 0x6E, 0x89,
    0x9D, 0x5F, 0x65, 0x87, 0x8A, 0x6B, 0x4D, 0x87, 0x86, 0xAE, 0xA4, 0x97, 0x49, 0xF0, 0xED, 0xFC,
    0x61, 0xD0, 0x0E, 0x6A, 0x7E, 0x1C, 0xF7, 0x6E, 0xA6, 0xDE, 0xBC, 0xF6, 0xDE, 0xED, 0x43, 0x6D,
    0xA2, 0xB1, 0xD6, 0xE4, 0xED, 0x28, 0x33, 0x26, 0xCE, 0xA1, 0x20, 0x8F, 0xB7, 0x14, 0xF1, 0xA8,
    0x18, 0x0C, 0x1D, 0xB2, 0x14, 0x08, 0x85, 0xDE, 0xBB, 0xA6, 0x6C, 0x76, 0xFF, 0x90, 0x0A, 0xFA,
    0x35, 0xEC, 0xF2, 0xF2, 0x27, 0xF9, 0xB1, 0xFC, 0xAC, 0x93, 0x7C, 0x73, 0xFB, 0x24, 0xBF, 0xC4,
    0x93, 0x7C, 0xA5, 0x27, 0x79, 0x75, 0x65, 0x5B, 0x47, 0x14, 0x2F, 0x38, 0xC9, 0x17, 0xBF, 0x70,
    0x92, 0x3F, 0x4A, 0x4D, 0xBA, 0x1D, 0xCB, 0x93, 0x1F, 0x4D, 0x40, 0xA6, 0xA9, 0xEF, 0x69, 0xEB,
    0x18, 0x1C, 0x71, 0xA8, 0xD7, 0x9C, 0x76, 0xA8, 0x14, 0x25, 0xAA, 0xEE, 0xE5, 0xFA, 0xDB, 0x55,
    0xCF, 0xF9, 0x85, 0x97, 0x0C, 0xE3, 0xAF, 0xDC, 0x96, 0xD5, 0xAA, 0x87, 0xFC, 0xDA, 0xA5, 0x33,
    0xBE, 0x1E, 0xF1, 0xBF, 0x3F, 0xA5, 0x13, 0x7E, 0x3C, 0xE0, 0x77, 0xE9, 0x7C, 0xAF, 0xC7, 0x7B,
    0x0F, 0xBC, 0xCA, 0xFF, 0x04, 0x7A, 0x72, 0x8C, 0x27, 0xB0, 0x8A, 0x17, 0x56, 0xB3, 0xCB, 0x60,
    0xDC, 0xED, 0x7F, 0x49, 0xDD, 0xEB, 0xF4, 0x2C, 0x0C, 0x7B, 0xAB, 0xDA, 0xA5, 0x45, 0xB0, 0x5D,
    0x63, 0x8F, 0x2E, 0xFE, 0xF4, 0x58, 0x0B, 0x4B, 0x8D, 0xA1, 0x80, 0xF2, 0x0B, 0xC1, 0x5E, 0xA1,
    0x62, 0x5C, 0x36, 0x3B, 0x73, 0x75, 0x1E, 0x87, 0x88, 0x63, 0x8A, 0xC3, 0x2E, 0x6A, 0xBA, 0x1E,
    0x53, 0x58, 0xB3, 0x7C, 0x05, 0xAD, 0xAE, 0x1B, 0xA2, 0x99, 0x28, 0x4A, 0xD1, 0xE2, 0x05, 0x1A,
    0x25, 0x9B, 0x80, 0x62, 0xC2, 0xEF, 0x55, 0x23, 0xFA, 0x7B, 0xBA, 0x3F, 0x00, 0xB9, 0x28, 0x38,
    0x21, 0xFB, 0xD4, 0x4B, 0xD3, 0x5F, 0xFD, 0x91, 0x34, 0x99, 0x77, 0x81, 0x32, 0xE0, 0x18, 0x70,
    0x41, 0xFE, 0x5F, 0xDA, 0xF4, 0x4D, 0x54, 0x03, 0x50, 0x62, 0x17, 0x79, 0xB5, 0xBC, 0xA5, 0x27,
    0x57, 0x1F, 0xBF, 0x68, 0xCD, 0xDA, 0xF5, 0x1B, 0x0C, 0x3D, 0xD9, 0x2F, 0xE6, 0x51, 0xD7, 0x1A,
    0xB0, 0x0B, 0xF0, 0x78, 0x84, 0xAA, 0x33, 0xE8, 0x87, 0x76, 0xAC, 0x87, 0x16, 0x7F, 0x81, 0x36,
    0xDC, 0xB7, 0xDC, 0xC8, 0x6D, 0xD3, 0xA3, 0x1B, 0xAA, 0x05, 0x49, 0xDA, 0x2D, 0xB1, 0xE4, 0xB7,
    0xC7, 0xC8, 0xF0, 0x8C, 0xD8, 0x41, 0xA1, 0x43, 0xCE, 0x19, 0x28, 0x38, 0xA1, 0x18, 0xFE, 0x5C,
    0x2E, 0xBA, 0x19, 0x99, 0xA4, 0x20, 0xF0, 0xE5, 0xA4, 0x9D, 0x15, 0xF3, 0xED, 0x38, 0xF1, 0x2B,
    0x0E, 0xF3, 0xEF, 0xEA, 0xC5, 0x57, 0xF3, 0x11, 0x5F, 0xC1, 0x4B, 0xC8, 0x9F, 0x75, 0x02, 0x8F,
    0x80, 0x8C, 0x13, 0x90, 0x73, 0x94, 0x7C, 0x7E, 0x90, 0xF2, 0xC9, 0xF1, 0x2D, 0x08, 0x7C, 0x1B,
    0xB7, 0xA5, 0xBC, 0x7C, 0xBE, 0xA7, 0xBF, 0x5F, 0x27, 0xC6, 0xB7, 0xAE, 0x73, 0x77, 0x89, 0xB2,
    0x59, 0x31, 0x96, 0x2B, 0xF1, 0xA8, 0xF8, 0x3B, 0xA8, 0x22, 0xFF, 0x21, 0xEA, 0x11, 0xAF, 0x02,
    0x2D, 0xD2, 0x80, 0xD4, 0x5D, 0x5A, 0xCA, 0xB5, 0xB5, 0xD2, 0x22, 0x0F, 0x1A, 0xFD, 0x0B, 0x47,
    0xE4, 0xFD, 0x88, 0xBF, 0x0E, 0xCE, 0xCA, 0x7A, 0xCC, 0x8F, 0x4C, 0xFC, 0x40, 0x19, 0xAF, 0xE3,
    0x4B, 0x49, 0x07, 0x64, 0x63, 0xCA, 0xB0, 0x72, 0xC2, 0x73, 0x9A, 0x10, 0x99, 0x43, 0xB6, 0xEA,
    0x22, 0xF9, 0x58, 0x4D, 0x8A, 0x59, 0x92, 0x4E, 0xFD, 0xF8, 0x4D, 0xE5, 0x72, 0x44, 0x94, 0xAA,
    0x3B, 0x72, 0x6C, 0x5C, 0x41, 0x41, 0xAF, 0x98, 0x87, 0x53, 0x1D, 0x25, 0x72, 0xDD, 0x7F, 0xAA,
    0x24, 0x61, 0x07, 0xE3, 0x15, 0x6D, 0x44, 0x2A, 0xE6, 0x11, 0xCB, 0x88, 0xF5, 0xCF, 0x15, 0x9B,
    0x4F, 0x15, 0xCD, 0x87, 0x8A, 0xF6, 0x7B, 0x8A, 0x2C, 0x05, 0xEF, 0x06, 0xC5, 0x13, 0xAF, 0x78,
    0x6F, 0x51, 0x3C, 0x73, 0x8A, 0xFD, 0xA4, 0xC8, 0x31, 0x22, 0x14, 0x03, 0x4A, 0x06, 0x7A, 0xC1,
    0x8D, 0xAB, 0xA0, 0xA7, 0x53, 0x8C, 0xA9, 0xAF, 0x69, 0xB4, 0x6E, 0x76, 0x04, 0x13, 0xB1, 0x9F,
    0x15, 0x39, 0xFD, 0xD6, 0x90, 0xFD, 0xBD, 0xB4, 0xCC, 0x85, 0x57, 0x2B, 0xB1, 0xDB, 0x77, 0x13,
    0xCB, 0x0E, 0xCF, 0x88, 0xE6, 0xDC, 0x09, 0xD6, 0x11, 0x9B, 0x88, 0x26, 0xA2, 0x55, 0xBC, 0x43,
    0xC5, 0x93, 0x4D, 0xF1, 0x74, 0x55, 0xBC, 0xE7, 0x14, 0xCF, 0x27, 0x45, 0x3B, 0x2A, 0x12, 0x8A,
    0x61, 0x1F, 0x0A, 0x0E, 0x5C, 0x04, 0x3B, 0xCE, 0x82, 0x50, 0xB1, 0x11, 0x83, 0x42, 0xB6, 0x29,
    0x16, 0x7E, 0xC7, 0xD8, 0x15, 0xCD, 0x2F, 0xC1, 0xD9, 0xD5, 0x7D, 0x80, 0xF4, 0xB7, 0x60, 0x6F,
    0x55, 0xB8, 0xEA, 0x04, 0xC8, 0x41, 0x61, 0x51, 0xD8, 0xA4, 0xA1, 0xA4, 0x40, 0x96, 0xF6, 0xAD,
    0x1D, 0x72, 0x8A, 0xF1, 0x19, 0xA3, 0xC9, 0x6E, 0x1C, 0xBA, 0xDD, 0xD5, 0x0E, 0x24, 0x6F, 0x40,
    0x83, 0x1F, 0x62, 0xC3, 0x0B, 0x80, 0x9C, 0x15, 0x82, 0x82, 0xC4, 0xB8, 0x7A, 0xC0, 0x51, 0x1A,
    0xEC, 0x0E, 0x19, 0x87, 0xD8, 0xB0, 0x87, 0xD4, 0xDE, 0x5F, 0x42, 0xEF, 0x88, 0x4E, 0xBC, 0xB0,
    0x8E, 0x5D, 0xEB, 0x34, 0xB9, 0xA8, 0xA7, 0x7F, 0xBB, 0xF0, 0xDE, 0x4F, 0x1D, 0x4F, 0xE9, 0x62,
    0x7B, 0xB2, 0x03, 0xFF, 0xAE, 0x19, 0xD9, 0x55, 0x60, 0x87, 0xCF, 0xD6, 0x6A, 0x03, 0x0D, 0x47,
    0x92, 0x33, 0xE5, 0xCC, 0x27, 0x39, 0xAC, 0x1C, 0x2A, 0xCF, 0x4E, 0xB5, 0x4C, 0xFA, 0x37, 0x1F,
    0x79, 0x7E, 0x8F, 0x9E, 0x1F, 0x70, 0xE5, 0x53, 0xBA, 0x68, 0x6B, 0x39, 0xF2, 0x0D, 0x4A, 0xFC,
    0x62, 0x66, 0x87, 0xEE, 0xB3, 0x7C, 0xEB, 0xAB, 0x74, 0x5B, 0x49, 0xDE, 0xE8, 0xC5, 0xE1, 0x4D,
    0xB5, 0xF9, 0x65, 0x15, 0x19, 0xAF, 0x3F, 0xD7, 0x22, 0xCE, 0xA5, 0xED, 0x0B, 0x3F, 0x35, 0xE9,
    0xAF, 0xF5, 0xEA, 0x70, 0x5F, 0xCB, 0xF2, 0xBC, 0x92, 0xDC, 0x55, 0xEB, 0xA9, 0xF7, 0x3E, 0x5F,
    0xC9, 0x79, 0x57, 0xF1, 0xD9, 0xED, 0xF7, 0xF5, 0x45, 0x24, 0xFD, 0xAE, 0x2F, 0x7C, 0x9E, 0xE4,
    0x78, 0x0B, 0xA4, 0x27, 0x31, 0x55, 0x7C, 0x36, 0xF0, 0x4A, 0x81, 0xB3, 0xC2, 0xAA, 0x10, 0xE2,
    0x11, 0xA5, 0xD3, 0xE5, 0x23, 0x4E, 0x25, 0x85, 0x7E, 0x12, 0x30, 0xCF, 0xC3, 0xBE, 0xC5, 0x53,
    0x20, 0x63, 0x87, 0x3F, 0x78, 0x48, 0xC0, 0xD0, 0x2B, 0x38, 0xA0, 0xD5, 0xA7, 0x19, 0x6E, 0xF4,
    0xE2, 0xFE, 0xB3, 0x63, 0x1F, 0x83, 0x6E, 0xA2, 0x1C, 0xF8, 0x0E, 0xF7, 0xFF, 0x9A, 0xBA, 0x79,
    0x1F, 0xF7, 0x9E, 0xC7, 0xDA, 0x1B, 0x97, 0x5D, 0x70, 0xCA, 0xC8, 0x31, 0x63, 0x00, 0xEC, 0x25,
    0xCC, 0x0C, 0x7D, 0xB5, 0xB4, 0x55, 0x4C, 0x57, 0x54, 0x5E, 0xB8, 0x75, 0x28, 0x82, 0xB0, 0x19,
    0x91, 0x51, 0xF8, 0x78, 0xC2, 0xB8, 0x43, 0x40, 0xD3, 0x3E, 0xF1, 0x50, 0x77, 0x7C, 0x63, 0x15,
    0x8E, 0xFF, 0x60, 0x2B, 0x5C, 0x6C, 0xD4, 0x7E, 0xC4, 0xF2, 0x8F, 0xE9, 0xBB, 0x9D, 0x84, 0x6B,
    0x9F, 0xDA, 0x77, 0xFB, 0xFD, 0x79, 0x0E, 0xD1, 0x5F, 0xAE, 0xFE, 0xED, 0x80, 0x72, 0xD3, 0x78,
    0x4F, 0xDE, 0x8C, 0xC7, 0xD2, 0x86, 0xAE, 0x8D, 0xF9, 0xD0, 0xF5, 0x93, 0x70, 0x41, 0x87, 0x28,
    0xCD, 0x97, 0xE6, 0xFF, 0x01, 0xBD, 0x98, 0x01, 0xA4, 0x25, 0x59, 0x7A, 0xC7, 0xFF, 0x75, 0x6B,
    0xF3, 0x8A, 0x29, 0x51, 0x83, 0xAC, 0xA0, 0x51, 0x20, 0x00, 0x29, 0x00, 0x41, 0x72, 0xCE, 0x4C,
    0x93, 0xC1, 0xA0, 0x17, 0x7D, 0xBB, 0xB1, 0xE4, 0x41, 0x02, 0xE0, 0x01, 0x08, 0xE2, 0x54, 0xB6,
    0x01, 0x8B, 0x6D, 0x78, 0x02, 0x98, 0xC1, 0x22, 0x40, 0x20, 0x80, 0xEC, 0x9C, 0x9A, 0x19, 0x2C,
    0x82, 0xAD, 0xA4, 0xB5, 0x20, 0xE8, 0x62, 0xA7, 0x6D, 0x08, 0xE6, 0xB0, 0xF5, 0x92, 0xBA, 0xA6,
    0xAA, 0xFE, 0xF9, 0xBE, 0x73, 0xEA, 0xF5, 0xBD, 0xAF, 0xE7, 0xBD, 0xF4, 0x9B, 0x64, 0x92, 0xE3,
    0x7E, 0xBF, 0xBF, 0x7B, 0xEB, 0xD4, 0xF7, 0xD5, 0x77, 0xEA, 0xDE, 0x3A, 0xDF, 0xFD, 0x4C, 0xC8,
    0x17, 0xF8, 0xAE, 0x1A, 0xF3, 0x25, 0xA3, 0x2D, 0xE6, 0x7C, 0xC9, 0x57, 0xEC, 0x98, 0x2F, 0xE5,
    0x0C, 0xF0, 0xD9, 0x52, 0x07, 0xC0, 0xBC, 0x58, 0x4C, 0x0F, 0xD4, 0xBF, 0x5D, 0x7C, 0x0B, 0x94,
    0xDF, 0xAC, 0x04, 0x50, 0x25, 0x69, 0xE4, 0xC3, 0x0E, 0xF0, 0x5F, 0x2E, 0x66, 0x40, 0xC6, 0x87,
    0x4B, 0x35, 0x22, 0x5F, 0xF3, 0xA5, 0x98, 0x51, 0x89, 0xB3, 0x1D, 0x97, 0x46, 0x23, 0x70, 0x71,
    0xBD, 0x88, 0x5B, 0xA0, 0x23, 0xBF, 0x8F, 0x9C, 0x71, 0x82, 0x23, 0x5B, 0x43, 0x0E, 0xE6, 0xD2,
    0x07, 0xA0, 0x1E, 0x81, 0x6A, 0x33, 0xBD, 0x2E, 0xDF, 0xE7, 0xA4, 0xCD, 0xB9, 0x40, 0xB4, 0xCB,
    0xF6, 0x3A, 0xA7, 0x9A, 0x80, 0x72, 0x4E, 0x56, 0xCD, 0x9F, 0xED, 0xFD, 0xE8, 0xC9, 0x41, 0xAC,
    0x7D, 0xC0, 0x11, 0x28, 0x7A, 0x60, 0x27, 0x8A, 0x39, 0x59, 0xA3, 0x36, 0x8A, 0xF5, 0x78, 0x8F,
    0x5F, 0xC1, 0x71, 0x85, 0x21, 0xDB, 0x3F, 0x7C, 0x42, 0x4D, 0x2A, 0x5A, 0xF6, 0xE4, 0x3A, 0xC6,
    0x41, 0x8C, 0x6D, 0xFA, 0xDC, 0xF4, 0x7F, 0xB9, 0x67, 0xEF, 0xC9, 0x4E, 0x0C, 0x0F, 0xE4, 0x5C,
    0xD4, 0x36, 0xF9, 0xCF, 0x43, 0x32, 0xAF, 0xD6, 0x8B, 0x59, 0xD0, 0x66, 0xB4, 0xE2, 0x66, 0x05,
    0x6D, 0x35, 0x0B, 0x9A, 0x20, 0x70, 0xBD, 0x80, 0x2D, 0xF8, 0x21, 0x01, 0x7E, 0x34, 0x0B, 0x1E,
    0x8D, 0x02, 0x37, 0x08, 0xD8, 0x09, 0xD4, 0x05, 0xCF, 0x47, 0xC1, 0xC7, 0xB3, 0xE0, 0x21, 0xB1,
    0x9D, 0x91, 0xCE, 0x6D, 0xAE, 0x1E, 0x8B, 0x3F, 0xCE, 0xE2, 0x59, 0x91, 0x51, 0xB3, 0x2A, 0xEE,
    0xC6, 0x75, 0xF0, 0xF1, 0x34, 0xB8, 0x3A, 0x4D, 0xEE, 0xCF, 0x83, 0xC0, 0xF7, 0x11, 0x77, 0xC6,
    0x65, 0x27, 0x0E, 0x14, 0x25, 0x3B, 0x00, 0xEE, 0x6E, 0xE8, 0x55, 0x41, 0xE6, 0x2D, 0x92, 0x56,
    0x3D, 0x09, 0x4C, 0x10, 0xF8, 0x4E, 0x40, 0x2B, 0x58, 0x21, 0xB8, 0x19, 0x97, 0x8A, 0x8B, 0xB0,
    0x1D, 0xD8, 0xA6, 0xD0, 0x2A, 0x3A, 0x81, 0x1B, 0x04, 0xCD, 0x88, 0x2D, 0x8F, 0x82, 0x82, 0x1D,
    0x5B, 0x7D, 0xAB, 0x59, 0xE9, 0x04, 0x9D, 0x29, 0x26, 0xF3, 0x96, 0x98, 0x01, 0xFD, 0x10, 0xDD,
    0xF2, 0x62, 0x54, 0xA7, 0x62, 0x44, 0x9A, 0x63, 0x06, 0xBD, 0x2C, 0xDA, 0x72, 0xAD, 0x46, 0xD4,
    0x41, 0x60, 0x86, 0xFA, 0x60, 0x7D, 0xE7, 0xF9, 0x39, 0xE1, 0xF9, 0xE5, 0x2A, 0xF8, 0xC7, 0x19,
    0xD5, 0x58, 0x8D, 0x02, 0x33, 0xA0, 0x3A, 0xF8, 0x0E, 0x15, 0x69, 0x15, 0x50, 0xB4, 0x72, 0xC0,
    0xF5, 0x82, 0x26, 0x08, 0xAA, 0x59, 0x50, 0x2C, 0x82, 0x1D, 0x05, 0x60, 0x27, 0x70, 0x83, 0xC0,
    0x04, 0x41, 0x35, 0x0B, 0x80, 0x08, 0x72, 0x3E, 0xC5, 0xF9, 0xE1, 0x71, 0x3C, 0xE0, 0xFA, 0x6A,
    0xCC, 0xD8, 0x56, 0x63, 0xCE, 0x6B, 0x7F, 0x26, 0x08, 0xBC, 0xC4, 0xB8, 0x62, 0xBB, 0xC5, 0xFD,
    0x46, 0x31, 0xB2, 0x13, 0xB8, 0x20, 0x68, 0x26, 0x41, 0xB9, 0x08, 0x72, 0xDA, 0x14, 0x57, 0x43,
    0x7A, 0xF6, 0x70, 0x9D, 0x92, 0x56, 0x98, 0xAF, 0xF8, 0xA1, 0xEB, 0xCB, 0x19, 0x30, 0x7D, 0x1D,
    0x94, 0xA6, 0x57, 0xB2, 0x15, 0xFE, 0x33, 0x21, 0xFC, 0xD7, 0x59, 0xF9, 0xF5, 0x18, 0x39, 0x1D,
    0x3F, 0x79, 0x41, 0xA4, 0x99, 0x4A, 0xDF, 0x2B, 0x4D, 0x50, 0x56, 0xB3, 0xB2, 0x58, 0x95, 0x3B,
    0x2A, 0xC1, 0x4E, 0xE9, 0x06, 0xC6, 0x88, 0xA4, 0x46, 0x24, 0x35, 0xE2, 0xDE, 0xF5, 0xA6, 0x8B,
    0x7E, 0xAC, 0xFA, 0x5C, 0xA3, 0xFF, 0x49, 0xC9, 0x70, 0x8C, 0xFB, 0x2F, 0x8B, 0xF2, 0x9F, 0x52,
    0x44, 0xDF, 0x29, 0xCD, 0xA0, 0xAC, 0x26, 0x65, 0xB1, 0x28, 0x33, 0x82, 0x56, 0x92, 0xFB, 0x2E,
    0xBC, 0xDC, 0x7B, 0xA1, 0x8C, 0x53, 0xDE, 0xE7, 0x5C, 0xF6, 0xDF, 0x26, 0x64, 0x98, 0x77, 0x50,
    0x1F, 0xA7, 0xB8, 0x1B, 0xE4, 0x0D, 0x5C, 0xFE, 0xF8, 0xB6, 0x79, 0x9C, 0x8F, 0x00, 0x90, 0xDF,
    0x8D, 0x78, 0x5D, 0xC3, 0xDB, 0x7C, 0x69, 0xBF, 0xF7, 0xF5, 0xB8, 0x83, 0x05, 0x79, 0x03, 0xCB,
    0xFE, 0x7E, 0xB9, 0xDE, 0x01, 0x19, 0x00, 0xBE, 0xAD, 0x97, 0x4F, 0x92, 0xDA, 0xEC, 0xDE, 0xCA,
    0xC3, 0xA6, 0xEC, 0x37, 0x1D, 0x37, 0x5D, 0xA2, 0xA2, 0x61, 0xD2, 0x9C, 0x36, 0x2A, 0xD8, 0x6E,
    0xDA, 0x25, 0xF5, 0x9B, 0xBA, 0xB7, 0xD4, 0x77, 0x88, 0x83, 0x6D, 0x94, 0x8C, 0x36, 0x6A, 0xCE,
    0x28, 0x7F, 0x71, 0xB1, 0x46, 0xF5, 0x9C, 0x36, 0x1D, 0xA2, 0xEA, 0xC7, 0x24, 0xC3, 0x5B, 0xBC,
    0xBC, 0x50, 0xDA, 0xFA, 0xDB, 0xE4, 0x57, 0x91, 0x4C, 0xEC, 0x84, 0x57, 0x3E, 0x08, 0x43, 0x33,
    0x2A, 0xAB, 0x49, 0x59, 0xCE, 0xCA, 0x62, 0x23, 0x64, 0x94, 0x91, 0xD5, 0xA4, 0xAC, 0x47, 0xC1,
    0x4B, 0x1F, 0x84, 0x64, 0x1F, 0x69, 0x85, 0x7E, 0x02, 0x1E, 0xD0, 0x22, 0xA3, 0xA0, 0x20, 0x81,
    0x7A, 0x7D, 0x02, 0x98, 0x00, 0x41, 0x7F, 0xB6, 0x4A, 0x86, 0x0D, 0x7B, 0xDF, 0x1A, 0x06, 0xB6,
    0xFE, 0x95, 0x04, 0xE2, 0x4F, 0x67, 0xC1, 0x47, 0x1B, 0x5A, 0x81, 0xEF, 0xF8, 0x53, 0x81, 0xFB,
    0xD9, 0x68, 0x06, 0xF3, 0x2B, 0xB9, 0x26, 0x39, 0xA3, 0xE2, 0x39, 0xDB, 0x82, 0xE4, 0x1E, 0x02,
    0x4A, 0x0C, 0x4F, 0x00, 0x67, 0x84, 0x1F, 0x80, 0x82, 0x82, 0x9A, 0x3D, 0x60, 0xAE, 0x3E, 0xD0,
    0xD5, 0x74, 0x23, 0x7C, 0xCB, 0x19, 0xFC, 0x09, 0x57, 0xF0, 0xE1, 0xE8, 0x04, 0xC1, 0x80, 0xCF,
    0x04, 0xFE, 0x99, 0xBC, 0x75, 0x5F, 0x2C, 0xAB, 0x4C, 0xE6, 0x8C, 0x9A, 0x3C, 0x58, 0xF5, 0xDC,
    0xC1, 0xFF, 0xBB, 0x00, 0x72, 0xA6, 0xF8, 0xFD, 0x4A, 0x94, 0x44, 0x4E, 0x41, 0xC5, 0xFD, 0x2F,
    0xD0, 0x4C, 0xF8, 0x01, 0xCC, 0x70, 0xBD, 0x1B, 0x79, 0x05, 0x5B, 0x85, 0xBD, 0x89, 0xF6, 0xFA,
    0xA8, 0x53, 0xE8, 0x19, 0x7A, 0x2E, 0xD4, 0xCB, 0x67, 0x28, 0xC8, 0x15, 0x50, 0xA4, 0x2D, 0x3E,
    0x1B, 0x21, 0xE3, 0xAF, 0x14, 0xE6, 0x1A, 0x25, 0x15, 0x8B, 0x62, 0x4C, 0x77, 0xB7, 0x20, 0xDB,
    0x9A, 0x84, 0x39, 0xFC, 0x19, 0x5C, 0xAF, 0xEE, 0x53, 0x1C, 0xDA, 0xCD, 0x5A, 0xB1, 0x0E, 0x70,
    0x03, 0xAC, 0x59, 0xFF, 0x4E, 0xE7, 0xEA, 0x62, 0x59, 0xB8, 0x03, 0x50, 0xBD, 0x55, 0x45, 0x38,
    0xB5, 0x41, 0xAC, 0x05, 0x4F, 0xC6, 0xFE, 0xE2, 0x6A, 0xAF, 0x45, 0xD0, 0x77, 0x37, 0x8E, 0x37,
    0x0C, 0xD5, 0xAD, 0x46, 0x72, 0xBE, 0xB6, 0xBD, 0x7B, 0xFD, 0x18, 0xA6, 0xC7, 0xBB, 0x8D, 0x63,
    0xB2, 0xBB, 0xFD, 0xFA, 0x0E, 0x26, 0x98, 0x41, 0x52, 0x6A, 0x02, 0xD8, 0x55, 0x53, 0x46, 0x5B,
    0xCE, 0x39, 0x63, 0xD1, 0x88, 0x8C, 0xB1, 0xEC, 0xFC, 0xD9, 0x08, 0x38, 0x06, 0x75, 0xD8, 0x01,
    0x35, 0x5B, 0xA0, 0x22, 0x80, 0x62, 0x15, 0xE4, 0xCB, 0xBD, 0x60, 0x02, 0x5C, 0xDF, 0x84, 0x58,
    0xDB, 0x82, 0x6D, 0x35, 0xC7, 0xF2, 0x76, 0xB7, 0x05, 0xDA, 0xB1, 0x98, 0x91, 0xB1, 0x9A, 0xB6,
    0x68, 0xFE, 0x95, 0x46, 0xFB, 0x7A, 0x00, 0x9A, 0x18, 0x52, 0x51, 0xD1, 0x6E, 0x77, 0x37, 0xBF,
    0x5F, 0x5C, 0x2D, 0x11, 0x66, 0x09, 0x59, 0x4F, 0xE2, 0xD7, 0x04, 0x49, 0xC5, 0xC5, 0x3D, 0xB0,
    0xCB, 0x28, 0xC1, 0xC1, 0x67, 0x2B, 0xE0, 0x7E, 0x39, 0x6F, 0x9B, 0x6B, 0xCD, 0xA0, 0x31, 0x7A,
    0xA0, 0xD0, 0x68, 0x39, 0x2D, 0xB2, 0x27, 0xDC, 0xDB, 0x9C, 0x64, 0x77, 0x04, 0x32, 0x02, 0x6F,
    0xC1, 0x04, 0x79, 0xD5, 0x92, 0x9B, 0x6E, 0x8A, 0xEC, 0x4A, 0xC9, 0xAD, 0xBD, 0xCE, 0x8D, 0x9A,
    0xDB, 0x02, 0x6C, 0x2B, 0x39, 0x01, 0xEE, 0x24, 0xB7, 0xFE, 0xD6, 0xDC, 0x34, 0xD0, 0x09, 0xB2,
    0xA7, 0xEB, 0xFE, 0x96, 0xE5, 0xAC, 0x66, 0xD4, 0x23, 0x1A, 0x2D, 0x64, 0x34, 0xD5, 0x5C, 0x9F,
    0x0E, 0xD8, 0xC5, 0xD4, 0xA0, 0xD5, 0x92, 0x6E, 0xDE, 0xB3, 0xB0, 0xE1, 0x28, 0xAC, 0x18, 0xB0,
    0xA5, 0x86, 0x5C, 0x99, 0x72, 0x4D, 0x69, 0xC3, 0xBC, 0x9A, 0x84, 0xFE, 0x97, 0x8B, 0x26, 0xB4,
    0x23, 0x10, 0xD7, 0x09, 0xE5, 0x0C, 0xCF, 0x5E, 0xA2, 0x18, 0x6A, 0x85, 0x51, 0x53, 0x2B, 0x80,
    0xF2, 0x7E, 0xDB, 0xAD, 0x1B, 0x72, 0x2D, 0x02, 0x0B, 0x6A, 0xA1, 0x35, 0xA3, 0x58, 0x9A, 0x11,
    0x39, 0x4D, 0xD8, 0x6A, 0x69, 0x1F, 0xAB, 0x8E, 0x15, 0x1B, 0x1C, 0x6D, 0x3A, 0x90, 0xD3, 0x0D,
    0x28, 0x17, 0x89, 0x59, 0x4D, 0x15, 0x47, 0x13, 0x72, 0x8E, 0xBE, 0xDF, 0xA5, 0x1C, 0xEE, 0x06,
    0xC9, 0xB9, 0x0E, 0xB8, 0x29, 0xFA, 0x43, 0x49, 0xA5, 0x15, 0xFE, 0xCF, 0xE4, 0xB5, 0xFC, 0xF2,
    0x7F, 0x04, 0x43, 0x19, 0xE1, 0x2D, 0xD1, 0x51, 0xDD, 0x5B, 0xDE, 0xFB, 0x94, 0xA4, 0xB8, 0x3C,
    0xE5, 0x13, 0xEE, 0x85, 0x19, 0xF1, 0x1D, 0xA9, 0xD7, 0x94, 0x51, 0xC6, 0x78, 0xCA, 0x18, 0xEC,
    0xBF, 0xE5, 0x7B, 0x3F, 0xFF, 0x1F, 0x96, 0x1B, 0x6D, 0xE4, 0x70, 0xC6, 0x0E, 0x8E, 0x14, 0x36,
    0x91, 0x05, 0xB5, 0x44, 0xC7, 0xEF, 0xC1, 0x09, 0x71, 0x93, 0xEC, 0x6F, 0xF2, 0x7B, 0x2A, 0xE3,
    0x5A, 0x45, 0x77, 0x31, 0xC3, 0x93, 0x33, 0x8C, 0xA2, 0xE4, 0xDF, 0xCC, 0xC0, 0xFB, 0x85, 0x00,
    0x09, 0x5C, 0x4E, 0x81, 0xFC, 0x6E, 0xC4, 0xFC, 0x78, 0x37, 0xC2, 0x35, 0x5A, 0x45, 0xA7, 0x18,
    0xFE, 0x83, 0x5D, 0x5C, 0x84, 0x46, 0xB1, 0xE3, 0xEA, 0x3B, 0x64, 0x41, 0xB3, 0xBE, 0x05, 0xA7,
    0xFF, 0xCE, 0x96, 0x1B, 0xF6, 0xF0, 0xCB, 0x64, 0xCF, 0xC4, 0x5E, 0xBC, 0x5A, 0x3C, 0xB9, 0x18,
    0xB1, 0x92, 0xBF, 0x5E, 0xF0, 0xFB, 0x5F, 0x2E, 0xC8, 0x37, 0x43, 0x1E, 0x8D, 0x16, 0xC0, 0x3B,
    0xF0, 0xA7, 0x1C, 0x40, 0x72, 0x51, 0xD0, 0xF2, 0xF0, 0x94, 0x2D, 0x5B, 0x50, 0x73, 0xF1, 0x0A,
    0x77, 0x4F, 0xE0, 0x56, 0xFB, 0x68, 0xB5, 0x74, 0xEC, 0x49, 0x8E, 0x3C, 0x5C, 0x4C, 0xEC, 0xAB,
    0x59, 0x9F, 0x85, 0x7A, 0x47, 0x68, 0xDF, 0x6D, 0x40, 0xE6, 0x0F, 0x90, 0x51, 0x71, 0xFB, 0x3A,
    0x70, 0x12, 0xE1, 0xEB, 0xF3, 0x15, 0xD8, 0xC5, 0x02, 0xCF, 0x69, 0xAA, 0xBE, 0x65, 0x39, 0xC7,
    0x15, 0x8B, 0xFF, 0x40, 0x3A, 0x7E, 0x72, 0xD8, 0xEF, 0x5D, 0xCF, 0x38, 0x7A, 0x93, 0xA4, 0x4C,
    0x82, 0x6A, 0xC4, 0x56, 0x74, 0x1D, 0x2B, 0x30, 0x14, 0x4B, 0x94, 0x9C, 0x16, 0x0F, 0x2C, 0xC0,
    0xAB, 0x27, 0x14, 0x31, 0xA4, 0x4A, 0x49, 0xAE, 0xA9, 0x3A, 0x7C, 0x2E, 0xBC, 0x38, 0xE8, 0x3C,
    0x76, 0xA8, 0xC8, 0x80, 0x46, 0xD2, 0xFA, 0x07, 0xD3, 0x17, 0xF3, 0xEC, 0xBA, 0x7C, 0xA1, 0x8C,
    0xC5, 0x2B, 0x1A, 0x05, 0x8E, 0x77, 0xD3, 0x04, 0x41, 0xBD, 0x3C, 0xF9, 0x7B, 0xF5, 0x36, 0x62,
    0xA7, 0x40, 0xA3, 0x0E, 0xB7, 0x14, 0x6B, 0x72, 0x88, 0x31, 0xA8, 0x69, 0xF3, 0xF5, 0x8F, 0x57,
    0x0D, 0xA3, 0x05, 0xAB, 0x2B, 0xE6, 0x98, 0xE2, 0x96, 0xDB, 0xA3, 0x51, 0x65, 0xCB, 0xCD, 0x27,
    0x69, 0x92, 0xE0, 0xFC, 0x6A, 0xBF, 0xDF, 0xDB, 0xDB, 0x53, 0xCC, 0x09, 0x14, 0x56, 0x22, 0xF7,
    0x99, 0xB7, 0x31, 0x10, 0x45, 0x9A, 0x24, 0xC5, 0xF6, 0x2C, 0x68, 0xAE, 0x94, 0xA8, 0xC3, 0xBB,
    0xA4, 0x39, 0x40, 0x93, 0xE8, 0x34, 0x9D, 0x80, 0x3A, 0xAD, 0x42, 0x39, 0xCF, 0xA6, 0xCB, 0xE7,
    0xE5, 0xCD, 0x52, 0x38, 0xC5, 0x83, 0x93, 0xA5, 0xE8, 0x05, 0x66, 0xC4, 0x9F, 0x6B, 0xBA, 0x63,
    0x8A, 0x9A, 0x8A, 0xEE, 0x6A, 0xBA, 0xFB, 0x61, 0x4E, 0x76, 0xE9, 0x55, 0x2D, 0x28, 0xE6, 0x7B,
    0xBD, 0xAA, 0xE5, 0x78, 0x16, 0x60, 0x5A, 0x67, 0xB7, 0x27, 0x45, 0x4A, 0x81, 0x4B, 0xD4, 0x82,
    0x63, 0x54, 0xFC, 0xD0, 0xE2, 0x38, 0xCC, 0x00, 0xFD, 0xB5, 0x69, 0xA2, 0x5A, 0xF8, 0x40, 0x5E,
    0xB1, 0xCE, 0xCF, 0x17, 0xD1, 0xD8, 0x42, 0x13, 0x4D, 0x05, 0x23, 0x2D, 0x6D, 0x74, 0xFB, 0xE1,
    0x0A, 0xA0, 0x09, 0xB1, 0x43, 0x84, 0xEA, 0xC0, 0x4F, 0xC6, 0xE8, 0x3E, 0xDD, 0xD3, 0x7C, 0xD3,
    0x52, 0x34, 0x68, 0xF8, 0x31, 0xF6, 0x4E, 0x60, 0x02, 0x1F, 0x2E, 0xA2, 0xBE, 0x8B, 0xED, 0xA5,
    0x2C, 0xFA, 0xEB, 0x90, 0x33, 0xF5, 0x7E, 0xCA, 0x18, 0x4F, 0x6B, 0x15, 0x51, 0xDD, 0xD0, 0xE3,
    0xF5, 0x2C, 0xF0, 0xBD, 0x68, 0x4E, 0x60, 0xB7, 0xE4, 0x13, 0xF4, 0xBC, 0x22, 0xA6, 0x91, 0x9C,
    0xC3, 0xB0, 0x55, 0xC9, 0x7E, 0xAE, 0x4C, 0xA3, 0x19, 0xB4, 0x83, 0xD8, 0xA6, 0x0E, 0x22, 0x62,
    0x07, 0x71, 0x49, 0x1D, 0xC4, 0xE9, 0x4D, 0x07, 0xD1, 0xA5, 0x0E, 0x62, 0x43, 0xA6, 0x5A, 0x8E,
    0xC4, 0x9B, 0x77, 0xEE, 0x37, 0xAB, 0xEB, 0xB5, 0x82, 0x58, 0x9A, 0x80, 0x9D, 0x76, 0x10, 0x27,
    0x14, 0xDA, 0x41, 0x5C, 0x50, 0xA9, 0x33, 0xA2, 0x11, 0xD7, 0x60, 0xEB, 0x62, 0xA0, 0xFE, 0xF6,
    0x5E, 0x9A, 0xEF, 0xC0, 0x0F, 0x68, 0x11, 0x93, 0xE6, 0xA3, 0xE9, 0x4D, 0x5B, 0xA9, 0x13, 0x90,
    0xAD, 0x62, 0x52, 0x10, 0x7C, 0x79, 0xC1, 0x56, 0xBD, 0xC4, 0xE7, 0xCB, 0x20, 0x30, 0x41, 0xD0,
    0x28, 0xEA, 0x0D, 0xFA, 0x36, 0xE6, 0x76, 0xBD, 0x11, 0xB0, 0xC3, 0xEF, 0x3E, 0x65, 0x8B, 0x9A,
    0x84, 0x60, 0x02, 0x4A, 0x3E, 0xD7, 0x5B, 0x37, 0xD3, 0xEA, 0xE9, 0xD4, 0x65, 0xD6, 0x76, 0x59,
    0x8C, 0x4B, 0x5D, 0x46, 0xFE, 0x5B, 0x8C, 0x2C, 0x16, 0xF8, 0xDA, 0x8F, 0x69, 0x6E, 0x39, 0x9F,
    0x3E, 0x74, 0x01, 0xB5, 0x22, 0xF6, 0x2A, 0xF1, 0x07, 0x6E, 0x84, 0x61, 0x10, 0x93, 0x30, 0x87,
    0xB8, 0x4C, 0x0B, 0xBE, 0x25, 0x57, 0x4F, 0x55, 0xEA, 0x21, 0x3F, 0x91, 0x26, 0x89, 0xE9, 0x6F,
    0x48, 0x77, 0x2A, 0x2E, 0x89, 0x6F, 0x4F, 0x85, 0x36, 0x09, 0x54, 0xB2, 0x24, 0x4F, 0x57, 0xE4,
    0x24, 0xFC, 0x9C, 0x64, 0x14, 0x59, 0xE1, 0x9E, 0x8B, 0x6C, 0x4F, 0xB1, 0xF9, 0x54, 0xCA, 0x09,
    0xC7, 0xDD, 0x1C, 0x4D, 0x88, 0x62, 0x44, 0x3C, 0x69, 0x6F, 0x92, 0xFB, 0x48, 0x1C, 0xB9, 0x1E,
    0x99, 0x2D, 0xCA, 0x5D, 0x64, 0x3E, 0x1F, 0xF9, 0xC9, 0x04, 0x5E, 0x82, 0x01, 0x64, 0xCB, 0x41,
    0x68, 0x69, 0x85, 0xD0, 0xE1, 0x23, 0x57, 0x45, 0xB6, 0x1C, 0xAF, 0x29, 0xF1, 0xEC, 0x6F, 0x71,
    0xEF, 0x0D, 0x46, 0x3B, 0x21, 0x94, 0x71, 0x8A, 0xFB, 0x6F, 0x4E, 0xFE, 0xC6, 0xFF, 0xCB, 0x1D,
    0x81, 0x3F, 0xD2, 0xC7, 0xAB, 0xE3, 0xAC, 0x08, 0x40, 0xB3, 0x5A, 0xDC, 0xB9, 0x11, 0x91, 0x47,
    0x93, 0xB6, 0xC8, 0x5D, 0xF3, 0x4E, 0x9A, 0xDA, 0x13, 0x5E, 0xBB, 0x00, 0x72, 0x10, 0x6B, 0xE1,
    0xA6, 0xFF, 0xCF, 0x4E, 0xD8, 0x10, 0xD9, 0x47, 0x76, 0x89, 0x90, 0x61, 0x5A, 0xA5, 0xB7, 0x4A,
    0x2A, 0x76, 0x91, 0xF9, 0xBA, 0xED, 0x7E, 0xDF, 0x73, 0x27, 0x6C, 0x52, 0xDF, 0xA3, 0xA0, 0x0C,
    0x82, 0x2A, 0xE1, 0xF8, 0x6B, 0x8D, 0xD7, 0x7B, 0x6F, 0xB4, 0x8A, 0xE1, 0xEC, 0xB4, 0x84, 0x4A,
    0x55, 0x64, 0x2A, 0x22, 0x8F, 0x30, 0xBC, 0x05, 0x3D, 0xEE, 0xC4, 0x9D, 0xB7, 0xBC, 0x15, 0x93,
    0x82, 0xD1, 0x93, 0xB3, 0x11, 0xD3, 0x6A, 0x31, 0x15, 0x8B, 0x62, 0x05, 0x4F, 0x6C, 0xC6, 0x6D,
    0xA6, 0xE9, 0x73, 0x04, 0x67, 0x64, 0x49, 0x76, 0x2A, 0x2B, 0x72, 0x15, 0x26, 0xF1, 0x28, 0xBF,
    0x16, 0x71, 0xB6, 0x7A, 0x25, 0x72, 0xD1, 0x56, 0xBF, 0x12, 0x39, 0xEF, 0x6A, 0x95, 0x47, 0xBD,
    0x79, 0xA4, 0x32, 0x98, 0x4A, 0xE4, 0xE3, 0xE0, 0x54, 0x3E, 0x0A, 0x9F, 0xA9, 0x3C, 0x1C, 0x17,
    0x95, 0x0F, 0x0F, 0xB3, 0xCA, 0x07, 0xEB, 0xA4, 0x62, 0x39, 0x26, 0x09, 0x95, 0xAE, 0xBF, 0x1F,
    0xA2, 0xB8, 0xBE, 0xE2, 0x44, 0x6B, 0xBA, 0x8A, 0x5B, 0x41, 0x70, 0x63, 0x23, 0x37, 0x43, 0x14,
    0xD7, 0x47, 0x61, 0xA7, 0xCC, 0xD8, 0x71, 0x42, 0x45, 0x0B, 0xCE, 0xA8, 0x55, 0x16, 0x34, 0x2A,
    0x84, 0x49, 0xE2, 0x54, 0x9C, 0xFD, 0x85, 0xCA, 0x45, 0x37, 0xAB, 0x9C, 0x7F, 0x1E, 0xE5, 0xD1,
    0x8B, 0x51, 0xE5, 0xE3, 0xDF, 0x06, 0x95, 0x87, 0xDF, 0x24, 0x61, 0xAF, 0xF2, 0x21, 0x3B, 0x15,
    0xCB, 0x96, 0x69, 0xD7, 0xA4, 0xC2, 0x81, 0x44, 0x1C, 0x3E, 0xC9, 0x1A, 0x99, 0xDD, 0xF1, 0x18,
    0xFB, 0xDF, 0xD6, 0x01, 0xCE, 0x6A, 0x18, 0xF3, 0x39, 0x85, 0x0D, 0x97, 0x63, 0x01, 0xB0, 0x57,
    0xA4, 0x91, 0xB3, 0x8B, 0xEC, 0x35, 0x24, 0x07, 0x61, 0xC5, 0xA0, 0xFC, 0x66, 0x14, 0x36, 0xBF,
    0x99, 0x62, 0xB3, 0x7D, 0x16, 0x3A, 0x2D, 0xB4, 0xE1, 0xBF, 0xA0, 0x90, 0x56, 0x98, 0x11, 0x6C,
    0xB1, 0x23, 0x7C, 0x87, 0x7C, 0xDD, 0x0B, 0x53, 0x01, 0x90, 0xB6, 0xFD, 0x4A, 0x38, 0xA2, 0x1E,
    0x11, 0x1B, 0x0F, 0xDB, 0x1F, 0xF4, 0x62, 0x81, 0xEB, 0xB7, 0x3F, 0xD6, 0x39, 0xB1, 0xFB, 0xF4,
    0xEC, 0xD3, 0x62, 0xAA, 0x42, 0x3E, 0x37, 0x43, 0x2C, 0xAE, 0x3C, 0x81, 0x33, 0x2D, 0x3A, 0x53,
    0x99, 0x58, 0x69, 0xEE, 0xE4, 0x50, 0xE8, 0xE3, 0x65, 0xEB, 0xD6, 0x68, 0x25, 0x59, 0x8B, 0x39,
    0x31, 0xF6, 0xD5, 0xC8, 0x56, 0xAD, 0x19, 0xF9, 0xD2, 0xC7, 0xCF, 0x0C, 0x5F, 0x8C, 0xC5, 0x9A,
    0x8F, 0xC8, 0xF0, 0xBE, 0x66, 0xF0, 0xC5, 0x1C, 0x33, 0x58, 0x84, 0xF5, 0x5F, 0x4F, 0xB8, 0x39,
    0x76, 0xC7, 0xEC, 0x85, 0xA9, 0x66, 0x39, 0x66, 0x5F, 0xFF, 0xE7, 0x2C, 0x6C, 0x7E, 0x7D, 0xF4,
    0xE0, 0x52, 0xF6, 0x5D, 0xA4, 0x65, 0x8B, 0x2C, 0x65, 0xCF, 0xBD, 0xEF, 0x85, 0xB7, 0x65, 0x3F,
    0xA3, 0x09, 0x28, 0x63, 0x35, 0xB3, 0x65, 0xCF, 0xD4, 0xA4, 0x40, 0x31, 0x34, 0xB6, 0x1A, 0x5D,
    0x57, 0x06, 0xD3, 0xC2, 0xFE, 0x00, 0x69, 0xA4, 0xCC, 0xEB, 0x2D, 0xF3, 0xF2, 0xF2, 0xBB, 0x66,
    0xFE, 0x70, 0x4C, 0x65, 0x8C, 0x16, 0xCF, 0x49, 0x5C, 0x12, 0x9E, 0x1F, 0xF6, 0x3F, 0x42, 0xB6,
    0xAA, 0x33, 0xEC, 0x96, 0x28, 0xF9, 0x1C, 0xA5, 0x9C, 0xA2, 0x54, 0xA1, 0xD2, 0x29, 0x4D, 0x88,
    0x95, 0xBE, 0xE9, 0xA3, 0xB8, 0x2E, 0x0A, 0x5F, 0x9E, 0x8F, 0x40, 0x46, 0x52, 0x64, 0x97, 0x24,
    0x4F, 0x52, 0xCE, 0xDB, 0x05, 0x42, 0x4F, 0x6F, 0x62, 0xF2, 0x93, 0x19, 0xA2, 0xB8, 0x2E, 0x4A,
    0xE6, 0xC7, 0x92, 0x56, 0xB3, 0x72, 0xDB, 0xE2, 0x70, 0x46, 0x71, 0xE9, 0x56, 0xDD, 0x96, 0xD0,
    0x4C, 0x19, 0x81, 0xDF, 0x91, 0xF6, 0x21, 0x6D, 0x41, 0x1D, 0xD6, 0x24, 0xF1, 0x7D, 0xAD, 0xC2,
    0x36, 0xFE, 0x84, 0xB5, 0x97, 0xA2, 0xD2, 0x9A, 0x59, 0xE5, 0x25, 0xB5, 0xAB, 0xEA, 0xB8, 0x30,
    0xFE, 0x68, 0x83, 0x11, 0x29, 0x68, 0xB5, 0xF3, 0x4A, 0xAC, 0xEE, 0x27, 0x8B, 0xE1, 0x5C, 0x72,
    0x48, 0xDF, 0x76, 0xBE, 0x19, 0x97, 0x12, 0x05, 0xC7, 0xD7, 0xE5, 0x63, 0x72, 0xDD, 0x5E, 0x16,
    0x37, 0x0F, 0xED, 0x79, 0x3D, 0xCE, 0x3E, 0x7D, 0xEF, 0x79, 0x19, 0xEA, 0xA1, 0x98, 0x4C, 0x9F,
    0x93, 0x2D, 0xFC, 0xFA, 0xE6, 0x9B, 0x8A, 0x8B, 0xE9, 0xBA, 0xBF, 0x3A, 0x98, 0x2B, 0x17, 0x64,
    0xC5, 0x26, 0xDF, 0xBE, 0xBD, 0x91, 0xEE, 0x1F, 0xFB, 0x36, 0x3D, 0x7C, 0xCC, 0xE1, 0x49, 0x5C,
    0xE1, 0x5C, 0x0C, 0x17, 0xAB, 0xC5, 0x05, 0x9F, 0xA3, 0xD6, 0x24, 0x8C, 0x26, 0x2B, 0x87, 0xD9,
    0xFF, 0x31, 0x60, 0xC2, 0xFB, 0x5B, 0x15, 0x53, 0xCC, 0x82, 0x3C, 0x62, 0xA1, 0x8C, 0x13, 0x88,
    0xDF, 0xA7, 0x8B, 0x6F, 0xE5, 0xA8, 0x6B, 0x65, 0x9E, 0xE9, 0x50, 0x4D, 0x4D, 0x80, 0x09, 0xD5,
    0x2A, 0x5E, 0x8A, 0xAD, 0xCC, 0x5C, 0x80, 0x07, 0x12, 0xE3, 0x8C, 0x03, 0x0C, 0x57, 0x31, 0xB6,
    0x7F, 0xB2, 0x67, 0x9F, 0xAA, 0xA3, 0x2A, 0xEC, 0xF7, 0xE7, 0x23, 0xC9, 0xA3, 0xD9, 0x2A, 0xF8,
    0xAE, 0x09, 0xEE, 0xB5, 0xEF, 0x1B, 0xB2, 0x2B, 0xB9, 0x22, 0xF3, 0x5F, 0xE1, 0xBF, 0x00, 0xBD,
    0x56, 0x3D, 0x8C, 0xDC, 0xE6, 0x11, 0x1D, 0x2E, 0x25, 0xB1, 0x20, 0x10, 0xAA, 0x51, 0x63, 0x17,
    0x5B, 0x07, 0x29, 0xD8, 0x17, 0x31, 0x29, 0xA9, 0x50, 0xE1, 0x42, 0x2A, 0x44, 0xBB, 0x50, 0x71,
    0x7D, 0xA5, 0x3A, 0x45, 0x44, 0x3A, 0xEE, 0xE1, 0x34, 0x57, 0xAB, 0x47, 0x8A, 0xD4, 0x29, 0x1C,
    0x32, 0x72, 0xE1, 0x96, 0x70, 0x60, 0xA8, 0x0C, 0x11, 0xCB, 0x48, 0x29, 0x06, 0xA1, 0x61, 0x2E,
    0xF4, 0x91, 0x2F, 0xEF, 0x0D, 0xF6, 0x98, 0xBB, 0x3D, 0x09, 0xB2, 0x81, 0xC0, 0xD4, 0xCE, 0x5B,
    0xED, 0x7D, 0x33, 0x6F, 0xFE, 0xBE, 0x9D, 0x59, 0xBB, 0x61, 0xA5, 0x59, 0xF1, 0xF9, 0x6C, 0x56,
    0x7F, 0x1D, 0xCC, 0xF2, 0x7B, 0x93, 0x5D, 0x7A, 0x9E, 0xE2, 0x8F, 0xB6, 0x07, 0x16, 0x2B, 0x00,
    0x94, 0xC5, 0xE1, 0x13, 0xF4, 0xBF, 0xA5, 0xFA, 0x78, 0xDB, 0x2C, 0x93, 0x62, 0x12, 0x08, 0xB1,
    0xC3, 0x02, 0x3E, 0x97, 0xE1, 0xBC, 0xFA, 0x74, 0x69, 0x1B, 0x9E, 0xD6, 0x1D, 0xF5, 0x8A, 0xCE,
    0xB2, 0x39, 0x1F, 0x2D, 0x1F, 0xB3, 0x95, 0x2C, 0x09, 0x80, 0xC6, 0xC4, 0x6C, 0x1F, 0xD2, 0x47,
    0xDA, 0x3F, 0xB3, 0xFD, 0x88, 0x32, 0x1B, 0x5A, 0x8B, 0x18, 0xD3, 0xC5, 0x93, 0x62, 0xB0, 0x1A,
    0x2B, 0x05, 0xCD, 0xEF, 0x2A, 0xF4, 0x46, 0x7B, 0xBA, 0x1E, 0xAB, 0xEA, 0x6C, 0x02, 0xB0, 0x09,
    0x2D, 0xC7, 0xB6, 0xCB, 0xC7, 0xFA, 0xFB, 0xB6, 0xCF, 0x81, 0x2E, 0xA5, 0x4D, 0xD4, 0xBE, 0x32,
    0x23, 0xDB, 0x6D, 0x22, 0xED, 0x5E, 0x04, 0x7F, 0x2F, 0xFE, 0xBE, 0xF8, 0xFB, 0xFE, 0xB3, 0xD9,
    0xAE, 0x3F, 0xC5, 0x60, 0x28, 0xE3, 0x85, 0xB1, 0xF0, 0x3D, 0x0D, 0xC6, 0x17, 0x4A, 0x7E, 0x88,
    0x17, 0xBE, 0xF3, 0x30, 0x02, 0xDF, 0xDB, 0xCE, 0x0C, 0x0D, 0x4A, 0xA8, 0x72, 0x3D, 0xEE, 0xAF,
    0xA6, 0xB0, 0xF0, 0x40, 0x0E, 0xB2, 0x03, 0x9E, 0x7B, 0x61, 0x00, 0x0C, 0x2A, 0xCB, 0xF1, 0x3D,
    0x05, 0x30, 0xCA, 0xED, 0x84, 0x87, 0xC1, 0x1D, 0xE1, 0x81, 0x02, 0x69, 0x3B, 0xDC, 0x03, 0xA3,
    0x74, 0xBE, 0xCE, 0x62, 0xF1, 0xD7, 0xBD, 0xA5, 0xEE, 0x6F, 0xB4, 0xFD, 0xCC, 0xF7, 0x2C, 0x58,
    0xE1, 0xF1, 0x2C, 0xD6, 0xF6, 0x8A, 0x8F, 0x06, 0xDE, 0x37, 0xD9, 0xA7, 0x62, 0x35, 0x3C, 0x94,
    0x53, 0x7B, 0x96, 0x0C, 0x76, 0xF2, 0x64, 0x63, 0x4C, 0xB3, 0x26, 0x0D, 0xF1, 0x12, 0x81, 0x79,
    0xE8, 0x9F, 0x19, 0xE2, 0x25, 0x55, 0xCB, 0xBF, 0x5A, 0x98, 0x9C, 0x6A, 0x52, 0xF4, 0x54, 0xF5,
    0x9E, 0x78, 0xA8, 0xB6, 0x7D, 0x2A, 0xFE, 0xB5, 0xD6, 0xBD, 0x6B, 0xAA, 0xF2, 0xF8, 0x7C, 0xC9,
    0x66, 0x8B, 0x69, 0x9E, 0x2C, 0x96, 0x88, 0x0C, 0x6C, 0xAB, 0xAA, 0xD3, 0x14, 0xEE, 0xA8, 0xB7,
    0xDB, 0x91, 0xED, 0x42, 0xDE, 0xC5, 0xA4, 0x8C, 0xE6, 0x7D, 0x63, 0xC7, 0xE7, 0x56, 0x7B, 0xB0,
    0x02, 0xE8, 0x72, 0x60, 0xCC, 0xCE, 0xEB, 0xF9, 0x86, 0x31, 0x2D, 0x4B, 0x28, 0x29, 0x25, 0x9B,
    0xAC, 0x6A, 0xC7, 0x88, 0x1E, 0x23, 0xAC, 0x65, 0xE4, 0xB5, 0xCA, 0x8F, 0xE7, 0xA4, 0xA5, 0xDC,
    0xA6, 0xDE, 0x47, 0x55, 0x1D, 0xC8, 0x31, 0x8A, 0xE7, 0x16, 0x0E, 0x96, 0x0C, 0xCF, 0x68, 0xC9,
    0xC2, 0x8C, 0xAD, 0x59, 0x79, 0xC3, 0x36, 0x5F, 0x98, 0xE4, 0xAB, 0xD4, 0x4D, 0xF8, 0x55, 0xC5,
    0x98, 0xAC, 0xA0, 0xB4, 0x1D, 0x79, 0xC9, 0x1D, 0x4C, 0x7E, 0xE8, 0x6F, 0x50, 0xDB, 0x24, 0x1F,
    0xD1, 0x37, 0xF5, 0x7B, 0xD9, 0x7C, 0x80, 0x57, 0xB2, 0x0D, 0x17, 0x72, 0xA7, 0x62, 0x2C, 0x3B,
    0x74, 0x96, 0xAE, 0x54, 0x9D, 0xCD, 0x68, 0x16, 0xA1, 0xB7, 0x1D, 0x39, 0x28, 0x63, 0xF4, 0x27,
    0xCC, 0x6C, 0xEB, 0x16, 0xA7, 0xE4, 0x11, 0x63, 0xFD, 0x6B, 0x55, 0xCF, 0x2D, 0xCF, 0x75, 0x73,
    0x3F, 0xC0, 0x7C, 0xC2, 0x59, 0x4F, 0x66, 0xF0, 0x76, 0x7B, 0x19, 0x8A, 0xD1, 0x3F, 0x46, 0x58,
    0x28, 0xE8, 0x3C, 0x7F, 0xAB, 0xC9, 0xEB, 0x35, 0xDA, 0x78, 0xF5, 0xFF, 0xD2, 0x32, 0x72, 0xB7,
    0x57, 0xB8, 0xAD, 0xAA, 0x1E, 0x99, 0xB9, 0xD1, 0x06, 0xFE, 0xA0, 0x34, 0x8C, 0xCA, 0x99, 0x10,
    0x0B, 0x12, 0x41, 0x26, 0xD8, 0x0B, 0x8A, 0xD7, 0x84, 0xFA, 0x39, 0x01, 0xFB, 0x11, 0xF7, 0x56,
    0xC2, 0xFD, 0x40, 0xF8, 0x78, 0x22, 0x3C, 0x1C, 0x09, 0x4F, 0x7B, 0x42, 0xDB, 0x11, 0x50, 0x0A,
    0x8C, 0xB0, 0x08, 0x82, 0x60, 0x12, 0x8C, 0x84, 0x18, 0xE8, 0x2E, 0x24, 0xAA, 0x2A, 0xBF, 0x9A,
    0x34, 0x08, 0x74, 0x41, 0xA9, 0x29, 0x08, 0xB8, 0x4B, 0xB9, 0xFF, 0x26, 0xE0, 0xC1, 0x8F, 0x01,
    0x0F, 0x5F, 0x06, 0x9C, 0x7D, 0x1D, 0x50, 0x3F, 0x08, 0x68, 0x93, 0x80, 0x85, 0x12, 0x28, 0x13,
    0x65, 0xA4, 0xF4, 0x49, 0xD0, 0x4D, 0x32, 0x5B, 0x33, 0xD5, 0x5B, 0xB7, 0xF4, 0xCB, 0xB4, 0x37,
    0x3D, 0x57, 0x52, 0xDB, 0x6D, 0xA9, 0xA5, 0x5B, 0x6A, 0xF9, 0x96, 0x5A, 0xFB, 0x96, 0xD4, 0xE6,
    0x9F, 0x99, 0x9A, 0x2E, 0x56, 0x3A, 0x16, 0x4D, 0x36, 0xD5, 0x5D, 0x32, 0xE4, 0x9E, 0xDA, 0xFF,
    0x25, 0xBD, 0x1B, 0x9A, 0x4C, 0xC5, 0x1F, 0x82, 0x7F, 0xB9, 0xCC, 0xF2, 0xBB, 0x57, 0x06, 0x92,
    0xA6, 0xA2, 0x01, 0xAB, 0xF9, 0xA4, 0xCC, 0x50, 0x61, 0xC8, 0x15, 0x53, 0x31, 0x58, 0x3A, 0xB7,
    0xBC, 0x3A, 0xC1, 0x01, 0x8D, 0xED, 0x16, 0x94, 0x57, 0xA1, 0x21, 0xF8, 0x69, 0x2D, 0x70, 0x0B,
    0xB7, 0x75, 0x16, 0xE7, 0x73, 0x66, 0xF7, 0xB1, 0x9B, 0xF2, 0x32, 0xA1, 0x62, 0x3C, 0x17, 0x8D,
    0x52, 0xDD, 0x9E, 0xA7, 0xB3, 0x5C, 0x37, 0x7B, 0x60, 0x28, 0x7E, 0xA8, 0x99, 0x7C, 0x46, 0x8F,
    0x09, 0x1D, 0xC6, 0xF4, 0x72, 0x14, 0xFE, 0x5F, 0x7F, 0xAB, 0xFB, 0x2C, 0x14, 0x87, 0x7A, 0xCA,
    0xA8, 0x1B, 0xD3, 0x46, 0xB6, 0x96, 0xE2, 0x95, 0x12, 0x80, 0x27, 0xD0, 0xD3, 0x75, 0x3B, 0x2A,
    0x88, 0xB9, 0xE8, 0x4D, 0xFE, 0x8C, 0xA6, 0x8C, 0x73, 0xE5, 0x9A, 0xF8, 0x04, 0xA7, 0x4F, 0x69,
    0x11, 0xFC, 0xD4, 0xF5, 0xDC, 0xC2, 0x6D, 0xB3, 0x95, 0x2C, 0xCE, 0xE7, 0xCC, 0xBE, 0x1E, 0xAC,
    0x9D, 0xE4, 0xA2, 0x64, 0xA0, 0x3D, 0x03, 0x1D, 0x19, 0xE8, 0xD4, 0x96, 0xC9, 0x0C, 0x20, 0x6C,
    0x72, 0xFE, 0x24, 0x70, 0x06, 0xCE, 0x3A, 0x93, 0x8E, 0x74, 0x65, 0x63, 0xF5, 0x64, 0xEF, 0xE9,
    0xC3, 0x2F, 0x94, 0xC6, 0xBB, 0xFA, 0x70, 0x92, 0xDE, 0x53, 0xA6, 0x97, 0x4E, 0x6D, 0x73, 0x92,
    0xDE, 0xB7, 0x9F, 0xAA, 0x37, 0x73, 0xDD, 0x33, 0xBD, 0xC3, 0x49, 0x7A, 0xE2, 0xF2, 0x01, 0xA9,
    0x49, 0xE9, 0x23, 0xF3, 0xD2, 0x73, 0x4B, 0xD9, 0xB5, 0xAE, 0x0A, 0x06, 0x51, 0x9C, 0xD3, 0x1B,
    0xAF, 0xBB, 0x2F, 0xF4, 0x95, 0xB0, 0x03, 0xC1, 0x08, 0x55, 0xC5, 0x86, 0x03, 0x97, 0x41, 0x07,
    0x84, 0x08, 0x17, 0x7A, 0x6E, 0x91, 0x05, 0xE3, 0x78, 0x9A, 0xAC, 0x15, 0x5F, 0x2D, 0xB5, 0x0F,
    0xE5, 0x43, 0xEB, 0x56, 0xAB, 0x57, 0x6B, 0xD8, 0x57, 0xF2, 0x76, 0xCD, 0x1B, 0x6A, 0xF9, 0x78,
    0xB4, 0x5F, 0x3F, 0x11, 0x1F, 0x3A, 0x33, 0x96, 0x01, 0xE8, 0x2F, 0x24, 0xAA, 0x7C, 0x03, 0x75,
    0x3A, 0xFB, 0x0B, 0x75, 0x5A, 0xAC, 0xD6, 0xD2, 0xE6, 0x37, 0xBE, 0x9F, 0x10, 0x2E, 0xC3, 0x9D,
    0xEA, 0xB1, 0xD5, 0x83, 0x6E, 0xFD, 0xC8, 0x34, 0xF6, 0x13, 0xB3, 0xCE, 0xF4, 0x7D, 0x66, 0x4A,
    0x45, 0xCF, 0x00, 0x8B, 0x8E, 0xA1, 0xB2, 0x27, 0x28, 0xC1, 0xC4, 0xFF, 0xB6, 0xD2, 0xEC, 0x85,
    0x9A, 0xFE, 0x1D, 0x6D, 0xB3, 0x37, 0x93, 0x7A, 0x31, 0x6A, 0x7B, 0xD3, 0x61, 0xAC, 0x48, 0x22,
    0xF9, 0x50, 0x76, 0x37, 0xCF, 0xA8, 0x96, 0x61, 0x16, 0x0C, 0x04, 0x5A, 0x5E, 0x1B, 0xB9, 0x1A,
    0xC3, 0xFE, 0xD4, 0x3D, 0xBD, 0x31, 0x02, 0x4D, 0x17, 0x03, 0x47, 0x87, 0x81, 0xD1, 0x90, 0x26,
    0xE1, 0x1A, 0xD6, 0x12, 0xD6, 0x0E, 0xD2, 0x02, 0x06, 0x8F, 0xAC, 0x7D, 0x38, 0xD2, 0xE4, 0x39,
    0x59, 0x8B, 0xD7, 0x74, 0xB9, 0x97, 0xCB, 0x4C, 0xA5, 0x48, 0xB7, 0xAA, 0xD2, 0x80, 0x1F, 0x05,
    0x32, 0xB8, 0xD9, 0x6A, 0x6D, 0xA1, 0x17, 0x94, 0x34, 0x20, 0x91, 0x79, 0x55, 0xBD, 0xBC, 0xAA,
    0xF3, 0xE9, 0xEF, 0x9B, 0x62, 0xA4, 0xD7, 0xFD, 0x44, 0xFF, 0xD9, 0x6C, 0xD9, 0x9C, 0x04, 0xCB,
    0x46, 0x12, 0xE7, 0x43, 0x04, 0x96, 0xC4, 0x50, 0xD6, 0x1D, 0xAB, 0x82, 0x92, 0x1F, 0x40, 0x96,
    0x6F, 0xE8, 0x33, 0xFB, 0x8F, 0x76, 0xF3, 0x9B, 0x99, 0xCE, 0x95, 0xDB, 0x4E, 0x60, 0xF2, 0xC9,
    0xAC, 0x08, 0xD4, 0xBD, 0xF9, 0x64, 0x55, 0x8C, 0xE1, 0xA2, 0x68, 0x2B, 0x63, 0xD1, 0xD0, 0xD6,
    0xFE, 0x3F, 0x5E, 0xF8, 0xCB, 0xBF, 0x00, 0x64, 0xE4, 0xAE, 0xD4, 0x82, 0x62, 0x90, 0xFB, 0x31,
    0x5E, 0x18, 0x08, 0xA3, 0x49, 0xA7, 0x6C, 0x56, 0x70, 0x0C, 0x33, 0xB0, 0x64, 0xD1, 0x92, 0xD3,
    0xD1, 0xCA, 0xC8, 0xAC, 0xAD, 0x49, 0x50, 0xB7, 0xA4, 0x2E, 0x60, 0x4C, 0xCB, 0xEF, 0xD8, 0x56,
    0x8D, 0x64, 0x22, 0xD0, 0xCA, 0x98, 0x0A, 0x9B, 0xAF, 0xC8, 0x0A, 0x34, 0x84, 0xD5, 0x08, 0xAF,
    0x08, 0x64, 0xF8, 0x62, 0xB2, 0x08, 0xB9, 0x5F, 0x8A, 0xC6, 0x92, 0x51, 0xB9, 0x7D, 0x36, 0x6D,
    0x8D, 0x4A, 0xE7, 0x62, 0x60, 0x55, 0x73, 0xCD, 0x7A, 0x06, 0x51, 0xF4, 0xBA, 0x2A, 0x9D, 0xFF,
    0x68, 0xDA, 0xAD, 0x06, 0x33, 0x44, 0x2B, 0xE1, 0xDE, 0xA2, 0xF9, 0xA0, 0xEA, 0xBE, 0xA4, 0xED,
    0xFE, 0xF5, 0x78, 0xBC, 0x08, 0x09, 0x3A, 0x55, 0xC8, 0x6F, 0x49, 0xA9, 0x6E, 0xE9, 0xAA, 0x04,
    0x1D, 0x4E, 0x82, 0xFE, 0xE2, 0xAA, 0xC4, 0x4B, 0xDD, 0xD1, 0x17, 0x68, 0xFB, 0x4F, 0xB1, 0xDC,
    0x27, 0xC1, 0xEF, 0xB3, 0x6E, 0x6B, 0x4F, 0xD1, 0x33, 0x6F, 0xCD, 0x27, 0xFA, 0xF5, 0x5F, 0x9D,
    0x71, 0x88, 0x40, 0x2B, 0xC6, 0x10, 0xAD, 0x6A, 0x3F, 0x12, 0x42, 0xFB, 0x31, 0x59, 0xEB, 0x2F,
    0x46, 0x9A, 0xFC, 0x63, 0x50, 0x18, 0xE2, 0x57, 0x04, 0xA9, 0x22, 0x48, 0x20, 0x47, 0x0E, 0x0B,
    0x41, 0x06, 0x6C, 0x36, 0x03, 0xAA, 0x8F, 0xD1, 0x12, 0x1A, 0xC2, 0xC1, 0xDE, 0xDB, 0xA8, 0x92,
    0xAF, 0x9F, 0x02, 0x8D, 0xC0, 0xBB, 0x7A, 0x78, 0x82, 0xB2, 0x00, 0x50, 0x66, 0x82, 0xA8, 0x3D,
    0xF8, 0x84, 0x78, 0x2F, 0xF8, 0x76, 0x6D, 0x7D, 0x38, 0x5D, 0x9E, 0x4D, 0xA4, 0x99, 0xDE, 0x2A,
    0x9A, 0xEE, 0xDF, 0x3F, 0x9D, 0x6A, 0x60, 0xCA, 0x29, 0xB7, 0xF0, 0x5A, 0x75, 0xBE, 0x26, 0x00,
    0xBA, 0x4D, 0xCE, 0x2B, 0x45, 0x6B, 0x3F, 0x5B, 0xD0, 0x5D, 0x11, 0xAB, 0xDF, 0x2E, 0x40, 0x38,
    0xBE, 0xCE, 0x1F, 0xD3, 0xEE, 0x9D, 0x2F, 0x94, 0xF0, 0x97, 0xB5, 0xA7, 0xAF, 0xE3, 0x48, 0xCC,
    0x86, 0x95, 0xB8, 0xFF, 0x37, 0x88, 0x69, 0xFF, 0x25, 0xF1, 0x6A, 0x4B, 0xAC, 0xE8, 0x7F, 0x12,
    0x9E, 0x3B, 0x62, 0x76, 0x44, 0xE3, 0xD8, 0xEB, 0xB4, 0x1E, 0x85, 0x7B, 0xC7, 0x6C, 0x3A, 0xC5,
    0x7C, 0x94, 0x2D, 0x84, 0x40, 0xE7, 0x58, 0x0A, 0x5F, 0x91, 0xC7, 0xB7, 0xE4, 0x71, 0x4D, 0xFA,
    0x9E, 0xBC, 0xB6, 0x28, 0x2F, 0xEA, 0xF6, 0x4E, 0x24, 0x8F, 0x70, 0x75, 0x44, 0x43, 0x3C, 0x47,
    0x47, 0xA4, 0x8F, 0x13, 0xE4, 0xDF, 0x37, 0x1D, 0xAC, 0x9B, 0x6D, 0x06, 0x84, 0x4D, 0x0E, 0xD5,
    0xE3, 0xD3, 0xAE, 0x4B, 0x00, 0x6C, 0x72, 0x76, 0xA8, 0xEC, 0x9A, 0xCE, 0xE1, 0xB1, 0x65, 0x08,
    0x9B, 0x58, 0x7C, 0x94, 0x24, 0x58, 0x74, 0x16, 0x2C, 0xC6, 0x44, 0x19, 0xFC, 0xCB, 0x4C, 0x3F,
    0xC3, 0x85, 0xD0, 0x5F, 0x79, 0xD5, 0x4F, 0xD8, 0xE4, 0x8C, 0x9C, 0xDB, 0x19, 0xC6, 0x4D, 0x2C,
    0xBD, 0x24, 0x67, 0xA3, 0x45, 0x18, 0x28, 0x9D, 0x69, 0x9E, 0xE4, 0x93, 0x65, 0x8B, 0x69, 0x35,
    0xCD, 0x96, 0x2C, 0x1A, 0x00, 0xDA, 0x4B, 0xBD, 0x19, 0x93, 0xD6, 0xC0, 0xFB, 0x06, 0xAA, 0xF6,
    0x8F, 0x0B, 0x51, 0x61, 0x1E, 0x47, 0xAC, 0x87, 0x66, 0x54, 0xED, 0x88, 0x09, 0x06, 0x3F, 0x9D,
    0x88, 0xB9, 0xEB, 0x14, 0xDF, 0xAD, 0x44, 0xBC, 0x40, 0xA9, 0xF8, 0xD1, 0x69, 0x1A, 0xD5, 0xE8,
    0xE9, 0x25, 0x47, 0xAF, 0x5D, 0x08, 0x2D, 0x25, 0x2D, 0x37, 0x29, 0x9F, 0xE2, 0x1D, 0x67, 0xCD,
    0x8F, 0x48, 0x60, 0x6C, 0x8A, 0x13, 0x5D, 0x16, 0x48, 0x97, 0xAC, 0xC9, 0x4A, 0x5A, 0x92, 0x19,
    0xFE, 0xAC, 0x29, 0x24, 0xF7, 0xAE, 0x9D, 0x41, 0xBA, 0x7E, 0xF7, 0xF4, 0xB1, 0x55, 0xA4, 0x38,
    0x9B, 0x19, 0x6C, 0xBA, 0x58, 0xBA, 0xC4, 0xE0, 0xD2, 0x89, 0xA0, 0x8D, 0xEC, 0x51, 0xC6, 0x57,
    0xE1, 0x89, 0x00, 0xB3, 0x60, 0x24, 0xB4, 0x0D, 0xF5, 0x32, 0x5A, 0x58, 0xEE, 0x4B, 0x5B, 0x7B,
    0xA2, 0xED, 0x22, 0xDC, 0x25, 0x3F, 0xBE, 0x02, 0xFD, 0xBE, 0x5C, 0xE4, 0x77, 0xBE, 0xA8, 0x35,
    0x30, 0xFE, 0x0F, 0x6E, 0x9E, 0xE1, 0x87, 0x47, 0x7E, 0xEA, 0x7A, 0x6E, 0xB1, 0x43, 0x84, 0x26,
    0x11, 0x4B, 0x46, 0xBE, 0xE3, 0xAF, 0xB7, 0x81, 0x3E, 0xF2, 0x51, 0xB9, 0xCD, 0x3B, 0x30, 0x48,
    0x9E, 0xC7, 0xCA, 0x2D, 0xC2, 0xD9, 0xA4, 0x14, 0x06, 0x0E, 0x4D, 0x7C, 0xEB, 0xF4, 0x97, 0x40,
    0xD5, 0x54, 0xFA, 0xA3, 0x2B, 0xBB, 0x19, 0xC9, 0x58, 0x9C, 0x42, 0x54, 0xFF, 0x05, 0xCD, 0x98,
    0x01, 0xC4, 0x26, 0xC7, 0x19, 0xC7, 0x7F, 0xBB, 0xDB, 0xEF, 0x96, 0x5B, 0x4C, 0x4B, 0x8E, 0x4A,
    0xB8, 0x05, 0xC8, 0x21, 0x16, 0x00, 0x22, 0xBB, 0xCD, 0xA9, 0xA2, 0x68, 0xF1, 0x7D, 0x29, 0x0A,
    0x50, 0xA4, 0xE0, 0x00, 0xA0, 0xBD, 0x9D, 0xB4, 0x08, 0x82, 0xA6, 0x38, 0x45, 0x51, 0x48, 0xA9,
    0x03, 0x05, 0x04, 0xCD, 0xED, 0xA4, 0x87, 0x22, 0xE8, 0x36, 0x41, 0x50, 0xD8, 0x4A, 0xA2, 0x08,
    0x32, 0x49, 0x56, 0xB3, 0xD7, 0xCC, 0xEE, 0xD3, 0x77, 0x1E, 0xEF, 0xBB, 0x5E, 0x9F, 0xF7, 0x8B,
    0xEB, 0xDD, 0x7B, 0xC9, 0x37, 0xB7, 0xF3, 0xF7, 0xDD, 0xBB, 0xB3, 0xB3, 0xFB, 0xFF, 0xCD, 0xEC,
    0xF3, 0xEC, 0x0C, 0xA9, 0x38, 0x20, 0x93, 0x1E, 0xC8, 0x65, 0x00, 0x0A, 0xF1, 0x80, 0xF9, 0x72,
    0x04, 0xCA, 0x2F, 0x02, 0x50, 0x7D, 0x10, 0xB5, 0x7E, 0x77, 0x06, 0xDA, 0xB7, 0x05, 0xE8, 0x6C,
    0x54, 0x69, 0xC4, 0x92, 0x08, 0x9D, 0x23, 0x95, 0xB3, 0x8D, 0x66, 0x22, 0x32, 0x90, 0x6F, 0xD4,
    0x63, 0x36, 0x3A, 0x62, 0xA6, 0x78, 0x94, 0x9E, 0x22, 0x50, 0x7B, 0xF2, 0x99, 0x7A, 0x20, 0x5B,
    0xE8, 0x7A, 0x32, 0x61, 0xBF, 0xC0, 0x6D, 0xD0, 0x4E, 0x57, 0xD5, 0x5F, 0x92, 0xEE, 0x41, 0xEC,
    0xCB, 0x6D, 0xAA, 0xCF, 0x3F, 0x6A, 0x3D, 0x98, 0x31, 0xD6, 0x54, 0x64, 0x2A, 0x37, 0xB5, 0xDD,
    0x54, 0xE9, 0xCD, 0x24, 0x36, 0xD6, 0x6A, 0x92, 0x8F, 0xBA, 0xA9, 0x13, 0x99, 0x6A, 0x79, 0x7F,
    0xCA, 0x97, 0x6C, 0x62, 0x57, 0x8A, 0x1E, 0x4A, 0xAF, 0x55, 0xFF, 0xCE, 0x16, 0x35, 0x6E, 0x21,
    0x29, 0x1D, 0x60, 0xA2, 0xB4, 0x16, 0x78, 0x0B, 0xE0, 0x65, 0xB4, 0x68, 0x93, 0x28, 0x0E, 0x0A,
    0xE9, 0xC1, 0xC8, 0x10, 0xE9, 0x78, 0xA8, 0x3E, 0x1E, 0xA1, 0x7E, 0x7F, 0x82, 0xFA, 0x7E, 0x80,
    0xEE, 0xFE, 0x0C, 0xF2, 0xE2, 0x42, 0x22, 0x08, 0xA9, 0x20, 0x4D, 0xB6, 0x9C, 0x89, 0x8B, 0x38,
    0x5C, 0xB1, 0x91, 0x3E, 0x22, 0xF1, 0xE5, 0x48, 0xE5, 0x2B, 0x8F, 0x99, 0xEA, 0x01, 0x13, 0xDA,
    0x9E, 0x22, 0x88, 0x23, 0x5B, 0x68, 0x07, 0x68, 0x27, 0x48, 0x02, 0x10, 0x20, 0x9F, 0xC0, 0x0C,
    0x50, 0x58, 0x78, 0x44, 0x10, 0xAD, 0x82, 0x78, 0x6F, 0x05, 0x71, 0x0A, 0xDA, 0x3F, 0xC9, 0xDD,
    0x9B, 0x1E, 0x32, 0x79, 0xC7, 0x6D, 0xCD, 0x50, 0xBD, 0x12, 0x80, 0x1B, 0x3C, 0xCB, 0x6A, 0x7C,
    0x6F, 0x6A, 0x14, 0x32, 0x00, 0x66, 0x6F, 0x6A, 0x54, 0xFF, 0x9E, 0x80, 0xFA, 0xBD, 0x00, 0xB4,
    0xD1, 0x3A, 0xDD, 0x5F, 0xB7, 0x93, 0x02, 0x45, 0x60, 0x49, 0x85, 0x2E, 0x3A, 0x8B, 0x53, 0x23,
    0x52, 0x18, 0x28, 0xF6, 0xA6, 0x46, 0xA9, 0xB3, 0xA3, 0xF6, 0x98, 0x40, 0x3D, 0x90, 0xCF, 0xB4,
    0x7D, 0xC4, 0x10, 0x61, 0x08, 0x80, 0x8E, 0x4A, 0xDD, 0x50, 0x8F, 0x01, 0x24, 0xFC, 0x98, 0x74,
    0xEA, 0x20, 0x1F, 0x4A, 0xCB, 0x49, 0x93, 0x34, 0xAC, 0x54, 0x14, 0x4B, 0x14, 0x8F, 0x82, 0x51,
    0x32, 0x2A, 0x91, 0x0D, 0x65, 0x94, 0x36, 0x4A, 0xC4, 0x83, 0x58, 0x95, 0x6A, 0x22, 0x12, 0xD2,
    0x13, 0x44, 0x46, 0x28, 0xA4, 0x6B, 0xA0, 0x77, 0x05, 0x30, 0x6F, 0xDF, 0x6D, 0x20, 0xFD, 0x5C,
    0x7A, 0x2E, 0x29, 0xA5, 0x6E, 0x7D, 0xD8, 0xE2, 0xBE, 0x34, 0x24, 0x3F, 0x14, 0x07, 0xD5, 0x3B,
    0x1E, 0x6E, 0x27, 0x13, 0x9C, 0xF2, 0x14, 0x5A, 0x78, 0x46, 0x5E, 0x07, 0x91, 0x10, 0x45, 0xE0,
    0xF6, 0x4F, 0x04, 0x40, 0x1A, 0x15, 0x2A, 0x11, 0x9B, 0xC8, 0x46, 0xF2, 0x28, 0x66, 0x56, 0x46,
    0x2A, 0xE9, 0x46, 0x96, 0x9F, 0x6E, 0x4F, 0x64, 0x32, 0xD7, 0x96, 0x76, 0xD8, 0x08, 0x64, 0x03,
    0x51, 0x03, 0x00, 0xCF, 0x03, 0xDD, 0xBB, 0x13, 0x24, 0xF2, 0x59, 0x0F, 0xD9, 0x97, 0x01, 0x30,
    0xFD, 0x3D, 0xE0, 0x2A, 0x4F, 0xB3, 0x16, 0x25, 0x93, 0xA8, 0xA6, 0x32, 0x29, 0xB7, 0x00, 0xE4,
    0xDA, 0xDE, 0xFC, 0x67, 0x89, 0xFA, 0xA9, 0x00, 0xA5, 0x97, 0x06, 0xEA, 0xA1, 0xB3, 0x50, 0xF7,
    0xAD, 0x83, 0xCE, 0xD5, 0x3D, 0x88, 0xAD, 0x07, 0x90, 0x3B, 0xB7, 0x3C, 0xA9, 0xF2, 0xC9, 0x36,
    0x3A, 0x29, 0xB7, 0x40, 0x11, 0x22, 0x1F, 0x13, 0xC8, 0x84, 0x32, 0x0E, 0x3E, 0x95, 0x27, 0x91,
    0xA6, 0xF6, 0x20, 0x0E, 0x92, 0x59, 0x99, 0x43, 0x49, 0x3D, 0xCE, 0x74, 0xE1, 0xCF, 0xC9, 0x2C,
    0x64, 0xBE, 0xB2, 0x57, 0x9A, 0x2B, 0xF6, 0x28, 0xEF, 0x58, 0x3A, 0x1B, 0xA0, 0x10, 0x75, 0x92,
    0x4F, 0xAC, 0xA5, 0xEB, 0xD5, 0xF9, 0x08, 0xE4, 0x9F, 0xAA, 0x5B, 0x5B, 0x5D, 0x92, 0x37, 0xAD,
    0x7D, 0xDD, 0x23, 0x32, 0xA4, 0xFF, 0x88, 0xB0, 0x21, 0xB6, 0xA2, 0x12, 0xB8, 0x57, 0xB9, 0x74,
    0xCC, 0x3C, 0xC0, 0x51, 0xD8, 0x20, 0x56, 0x5D, 0x0E, 0xAB, 0xB3, 0xFA, 0x95, 0x19, 0xB8, 0xC1,
    0x0D, 0xB6, 0xE5, 0xF2, 0xA7, 0x23, 0x74, 0x32, 0x4D, 0xA4, 0x8B, 0x50, 0xF8, 0xDA, 0x5D, 0xB5,
    0x57, 0x5E, 0x3F, 0x0E, 0x9D, 0x6D, 0x29, 0x75, 0xC6, 0x6B, 0xD5, 0xBF, 0xD1, 0x11, 0xA0, 0x70,
    0xC0, 0x49, 0xF9, 0x7D, 0xC0, 0x7C, 0xAB, 0x8C, 0xDA, 0xDF, 0x5E, 0xDF, 0x1F, 0xBA, 0x81, 0x75,
    0x98, 0x64, 0x50, 0x8E, 0x5E, 0xCF, 0x8E, 0xCA, 0x71, 0x02, 0x0A, 0x65, 0x67, 0x3E, 0x9F, 0x81,
    0xF2, 0xB3, 0x05, 0xA8, 0xFE, 0x25, 0x40, 0xDD, 0x4B, 0x03, 0xAD, 0xEB, 0x2C, 0x88, 0x6D, 0x1D,
    0x48, 0x53, 0xF7, 0x24, 0x72, 0xD6, 0x7A, 0x25, 0xA8, 0x2A, 0xA3, 0xCE, 0xA8, 0x80, 0xD1, 0xD7,
    0xCC, 0x4C, 0x91, 0x5A, 0x15, 0x4F, 0x45, 0x20, 0xA9, 0x68, 0xF2, 0x12, 0x0B, 0xA7, 0x90, 0x04,
    0x7D, 0xE8, 0xFC, 0x9D, 0xFB, 0x2E, 0x1B, 0x4A, 0x97, 0x88, 0x34, 0xB4, 0x33, 0xC7, 0x9A, 0x47,
    0xDA, 0x3F, 0xF0, 0x4B, 0x94, 0xC8, 0x09, 0x60, 0x92, 0x27, 0x45, 0xA4, 0x73, 0x5F, 0x41, 0x24,
    0xDF, 0x11, 0xC9, 0x0F, 0x10, 0x69, 0x6A, 0x25, 0xA2, 0x11, 0xB8, 0x46, 0xC7, 0x32, 0xFF, 0xDB,
    0x13, 0x22, 0xB2, 0xCD, 0x57, 0xCF, 0x38, 0x80, 0x3C, 0xEA, 0xF5, 0xEB, 0x06, 0x30, 0x54, 0x68,
    0x1C, 0x3E, 0xC8, 0x85, 0x73, 0x5C, 0xA2, 0x2A, 0x97, 0x6D, 0x34, 0x56, 0x2E, 0x1A, 0x8D, 0x2B,
    0xBF, 0xE5, 0x62, 0x95, 0x8B, 0x5B, 0xB9, 0xD8, 0x7A, 0x50, 0x2E, 0x07, 0xA2, 0xB1, 0x72, 0x99,
    0x51, 0x2E, 0x1A, 0x8D, 0x95, 0x4B, 0xB2, 0xE5, 0xE2, 0x30, 0x3D, 0x9C, 0x78, 0x48, 0x3D, 0xC5,
    0xAB, 0xAF, 0x46, 0x2E, 0x36, 0x15, 0x81, 0x76, 0x3A, 0x22, 0x17, 0xB4, 0x74, 0xBF, 0x76, 0x90,
    0x8A, 0x38, 0xC8, 0xDE, 0xBE, 0xC7, 0xAE, 0x64, 0x2E, 0x8B, 0xBF, 0x8C, 0xA5, 0x05, 0x44, 0x00,
    0xAA, 0x89, 0xF3, 0xB9, 0x6A, 0x3C, 0x9F, 0xAB, 0xFE, 0x3B, 0x03, 0xC5, 0x03, 0x8D, 0xF0, 0xE3,
    0x9A, 0xAB, 0xA8, 0xF6, 0x72, 0x55, 0xAB, 0xB9, 0x4A, 0x5C, 0xE5, 0xB7, 0xB9, 0x2A, 0x59, 0xE9,
    0x84, 0xAD, 0x16, 0x21, 0x72, 0xD1, 0x5C, 0x15, 0x19, 0x69, 0xAE, 0x52, 0xA0, 0x51, 0xDD, 0x1A,
    0x93, 0xB5, 0x53, 0x48, 0x87, 0x64, 0x48, 0xC6, 0x7C, 0xA0, 0x13, 0x47, 0xB9, 0x1C, 0x8F, 0xD0,
    0x0B, 0x54, 0x40, 0x7D, 0xA7, 0x03, 0x4A, 0x51, 0x67, 0xEA, 0x38, 0x11, 0xFB, 0xD0, 0x31, 0x59,
    0xB3, 0xD3, 0xF9, 0x98, 0x8C, 0xEC, 0x62, 0x72, 0xB3, 0xCB, 0x4E, 0x72, 0x28, 0x3B, 0xF9, 0x6D,
    0x76, 0xAA, 0x0E, 0x64, 0xA7, 0x87, 0x8D, 0xC9, 0xA6, 0xCF, 0x5D, 0xA1, 0xDF, 0x27, 0x02, 0x32,
    0xC1, 0x09, 0x2B, 0x9D, 0x72, 0x4B, 0xC7, 0xFC, 0xF1, 0xD1, 0x97, 0x0E, 0xE7, 0x63, 0xB2, 0xAC,
    0xE5, 0xCE, 0x99, 0x58, 0x64, 0x3D, 0xEE, 0x9C, 0x8A, 0x2C, 0xDB, 0xC3, 0xB2, 0x7F, 0xC4, 0x96,
    0xBB, 0x82, 0x96, 0x64, 0x22, 0x9B, 0xE3, 0x91, 0x4C, 0x70, 0x4B, 0x5F, 0x1A, 0x5B, 0x8A, 0x0C,
    0xF5, 0x83, 0xD6, 0xB7, 0xCE, 0x4C, 0x9D, 0x2D, 0x82, 0x88, 0xAC, 0x75, 0xD3, 0xC3, 0x69, 0x67,
    0x89, 0x70, 0xA8, 0x1F, 0xBC, 0xE4, 0xA3, 0xA9, 0x6C, 0x53, 0xB9, 0xB5, 0x34, 0x17, 0xAD, 0x71,
    0xF2, 0x85, 0x5C, 0x2C, 0xA5, 0xC3, 0x38, 0x3A, 0xCB, 0x0C, 0x6F, 0x00, 0x8F, 0x6D, 0xA0, 0x1E,
    0xA0, 0x9E, 0xE0, 0x3B, 0xE7, 0x56, 0x2A, 0xB9, 0x05, 0x78, 0x24, 0x3B, 0xE5, 0x9E, 0x9D, 0x62,
    0x30, 0x54, 0x4B, 0x4B, 0x2D, 0x0B, 0x6F, 0xB5, 0x81, 0x37, 0xF3, 0x01, 0x00, 0x11, 0x59, 0xEB,
    0xE6, 0x7A, 0xC4, 0xB2, 0x5F, 0xE3, 0xE3, 0x23, 0xB2, 0xB0, 0x56, 0xCB, 0xF9, 0xAA, 0xD7, 0xED,
    0xF7, 0x93, 0x2C, 0x37, 0x87, 0x5C, 0x74, 0x6D, 0xE6, 0xCA, 0xDF, 0x0B, 0x27, 0x7C, 0xFB, 0x90,
    0x87, 0xF1, 0xA0, 0x07, 0x4D, 0x10, 0x17, 0x0E, 0xC9, 0x29, 0x10, 0xB8, 0x7B, 0x73, 0xCC, 0xE4,
    0x9F, 0xAE, 0xF8, 0xD2, 0xEB, 0xE2, 0xE1, 0x06, 0xDF, 0x05, 0xA0, 0x16, 0x71, 0x6B, 0xFD, 0xE8,
    0x4C, 0xA3, 0xE2, 0x7E, 0xDD, 0xFC, 0x16, 0xDB, 0xD8, 0xB5, 0x0E, 0x70, 0xA0, 0x4D, 0xB3, 0xDF,
    0xCF, 0xFE, 0x9A, 0xC9, 0xAF, 0x6B, 0xA6, 0x7B, 0x90, 0x0F, 0x55, 0x5C, 0x33, 0x9D, 0x34, 0xAC,
    0xDE, 0xD4, 0x1C, 0xD1, 0x1D, 0x71, 0x88, 0x88, 0xFE, 0x88, 0x06, 0x11, 0x91, 0x7D, 0x89, 0x03,
    0x45, 0x67, 0x41, 0x6D, 0xAA, 0x4F, 0xA2, 0x51, 0xD4, 0xA9, 0x5A, 0xBD, 0xB6, 0xAE, 0x42, 0x74,
    0xC5, 0x94, 0x7D, 0x20, 0x0E, 0xCC, 0xC7, 0x1E, 0xEA, 0xEF, 0x4D, 0xF0, 0x2C, 0xCF, 0xC2, 0x6A,
    0x9A, 0x55, 0xF4, 0xF9, 0xD5, 0xC8, 0x39, 0x51, 0xF3, 0xEA, 0x7E, 0x5F, 0x06, 0xB8, 0xA8, 0x71,
    0x73, 0xAE, 0x67, 0xD9, 0x5F, 0x16, 0x41, 0xF2, 0x23, 0x5D, 0x16, 0xBD, 0x36, 0xC0, 0xED, 0x54,
    0x97, 0x45, 0xA7, 0xA0, 0xE5, 0x8A, 0x66, 0x34, 0x99, 0x48, 0x44, 0x16, 0x32, 0xF9, 0x9D, 0x90,
    0x07, 0xC4, 0x16, 0x13, 0x5D, 0x0C, 0x1B, 0xB2, 0x2F, 0x0F, 0xCE, 0xCE, 0x9A, 0x62, 0x02, 0xF2,
    0x19, 0xC8, 0x36, 0x81, 0x1D, 0x44, 0x44, 0x9F, 0x34, 0x76, 0xF5, 0x21, 0x60, 0x2C, 0x18, 0x0F,
    0xF8, 0x44, 0x5E, 0x1B, 0x36, 0x03, 0xDF, 0x98, 0xED, 0xC0, 0x5F, 0xE3, 0xA9, 0x43, 0x03, 0xCF,
    0x05, 0x03, 0xBF, 0xD6, 0x0B, 0x06, 0x9E, 0xFD, 0x7E, 0x20, 0x09, 0xAC, 0x4B, 0x1B, 0x1F, 0x97,
    0x36, 0x3E, 0x99, 0x17, 0x72, 0x5F, 0x37, 0xDB, 0xA5, 0xCD, 0x63, 0xC7, 0x98, 0x62, 0x7A, 0xAE,
    0x92, 0xF0, 0xFC, 0x33, 0x1E, 0xCD, 0x0E, 0x99, 0xF4, 0xE6, 0xBD, 0xF1, 0x05, 0x7E, 0x71, 0x84,
    0x70, 0xD2, 0xFE, 0xF6, 0xC0, 0x02, 0x64, 0x81, 0x7B, 0x95, 0x4D, 0xC7, 0xDC, 0x03, 0x1C, 0xC3,
    0x41, 0x2A, 0xE4, 0xE2, 0xCA, 0x4F, 0x7C, 0x7B, 0x33, 0xFC, 0x8C, 0x9F, 0xC3, 0xF1, 0x03, 0xB9,
    0x8E, 0x8E, 0x4C, 0x64, 0xCB, 0x42, 0xE1, 0x5B, 0x7B, 0xB5, 0xB9, 0x6A, 0x81, 0x27, 0x16, 0xE0,
    0x81, 0xDA, 0x53, 0x07, 0x08, 0x24, 0x81, 0xC2, 0x93, 0x3B, 0x00, 0x11, 0x27, 0x7A, 0x98, 0x99,
    0x22, 0x3C, 0xD4, 0x61, 0x66, 0xD6, 0xAB, 0xDA, 0xA1, 0x9B, 0x92, 0x40, 0x28, 0x26, 0xD3, 0x5F,
    0xD5, 0x75, 0xF8, 0x57, 0xFF, 0x7B, 0xCC, 0xDB, 0xAD, 0xD6, 0x4A, 0x1F, 0x8F, 0xA2, 0xE7, 0xB6,
    0x7E, 0x38, 0x6C, 0xB3, 0xBD, 0xFD, 0xEA, 0x7F, 0xC0, 0xDA, 0x7E, 0xB7, 0xCF, 0x11, 0xF3, 0x9E,
    0xBE, 0xB7, 0x2F, 0xC9, 0x50, 0x8D, 0xD4, 0xBE, 0x1E, 0xD8, 0x10, 0x77, 0x14, 0x61, 0x23, 0x79,
    0x10, 0x4B, 0x36, 0x1F, 0x12, 0x3D, 0xDB, 0xC6, 0x76, 0x7A, 0x85, 0x5E, 0xAB, 0xBD, 0xE8, 0x06,
    0x88, 0xF6, 0xAC, 0xF7, 0xD8, 0x2F, 0x6F, 0x01, 0x89, 0xA8, 0xE8, 0x7F, 0x0F, 0x24, 0x8F, 0xDE,
    0x84, 0xCE, 0xC5, 0xDB, 0x66, 0xF3, 0x7E, 0x8D, 0xBF, 0xC5, 0x73, 0xB1, 0x8D, 0x11, 0x19, 0x32,
    0x11, 0x1B, 0xAF, 0x7D, 0x84, 0x3D, 0xCB, 0x7B, 0x00, 0x6F, 0xA2, 0xE5, 0xEB, 0xC3, 0x70, 0xF0,
    0x4B, 0xA0, 0x58, 0xBF, 0x04, 0x8E, 0x02, 0xE2, 0x14, 0xC8, 0x26, 0xD2, 0xBB, 0xF9, 0x40, 0x2E,
    0xBF, 0x69, 0x28, 0x3F, 0x19, 0xA0, 0xBE, 0x39, 0xC2, 0xCB, 0xFC, 0xE9, 0xEB, 0x36, 0x0C, 0x95,
    0xA6, 0x58, 0xD0, 0x6D, 0xC9, 0x2E, 0xA6, 0xD8, 0xB0, 0xBF, 0x2D, 0x79, 0x51, 0x8A, 0x1D, 0x89,
    0x06, 0x89, 0x4E, 0x89, 0x96, 0xCF, 0x8B, 0x9E, 0xD0, 0x26, 0xDA, 0x38, 0x52, 0x40, 0x31, 0x68,
    0x57, 0x9A, 0x3B, 0x5A, 0x80, 0xF2, 0x57, 0x77, 0x21, 0x7F, 0x5F, 0x53, 0xEC, 0x37, 0x08, 0xA2,
    0x53, 0x14, 0xEB, 0xCE, 0x23, 0xBA, 0xF3, 0x58, 0xEE, 0xEF, 0x3C, 0x5E, 0x98, 0x62, 0x9B, 0x7C,
    0x46, 0x5C, 0x11, 0x88, 0x51, 0x90, 0xBA, 0x3F, 0x27, 0x7A, 0x42, 0x9B, 0x68, 0x63, 0xF4, 0x96,
    0xB5, 0x4C, 0xDB, 0xAE, 0xA0, 0x74, 0x51, 0x3C, 0x80, 0x27, 0x13, 0xD3, 0x53, 0xC8, 0xDF, 0xF9,
    0x46, 0xA7, 0xC5, 0xE1, 0xBD, 0xC5, 0x65, 0xDD, 0x5B, 0x3C, 0xCA, 0xBB, 0x90, 0x8D, 0x06, 0xCC,
    0x72, 0x1D, 0xAE, 0x97, 0x01, 0x9E, 0x4B, 0x47, 0xE0, 0x1A, 0x80, 0xF4, 0x90, 0x7F, 0x31, 0x42,
    0xB9, 0x8D, 0x99, 0x0F, 0x63, 0xBF, 0x3D, 0x9E, 0xFD, 0xED, 0x72, 0xB5, 0x4F, 0xB6, 0xCB, 0x55,
    0x8A, 0x03, 0x5B, 0x88, 0xC7, 0x40, 0x90, 0x4A, 0x03, 0xB9, 0xB8, 0x38, 0xDA, 0x1E, 0xDA, 0x17,
    0x03, 0xBC, 0xAC, 0xA9, 0x1C, 0x2E, 0x4D, 0xF0, 0xAF, 0x46, 0x68, 0x03, 0xC9, 0x22, 0xE4, 0x63,
    0xB5, 0xEE, 0x10, 0x3E, 0xB1, 0xA4, 0x40, 0x2E, 0x00, 0x46, 0x9B, 0xD4, 0x3D, 0x80, 0x00, 0x24,
    0x6F, 0x80, 0x96, 0x6C, 0xA6, 0x90, 0x0F, 0xB3, 0x40, 0x27, 0xF2, 0x83, 0x90, 0x89, 0xC8, 0x27,
    0xA3, 0x91, 0x33, 0x91, 0xA1, 0x9A, 0x28, 0x75, 0x6D, 0x51, 0xCC, 0xB4, 0x4E, 0x77, 0x42, 0x55,
    0x75, 0x4B, 0xF9, 0x42, 0xD5, 0x36, 0xDA, 0x7E, 0x26, 0x5E, 0x1B, 0x88, 0xFD, 0x4C, 0xC4, 0x3E,
    0xBD, 0xC2, 0xEF, 0x61, 0xA3, 0xEB, 0x6E, 0x36, 0x5D, 0x0F, 0x89, 0x34, 0x90, 0x05, 0xC0, 0x0C,
    0xC0, 0xD3, 0x4D, 0x36, 0xA3, 0x3F, 0xDC, 0x7A, 0x90, 0x87, 0x5C, 0xE4, 0x0F, 0x63, 0x29, 0xA2,
    0x68, 0xA4, 0xF9, 0x7F, 0x43, 0xA5, 0xDF, 0x0B, 0x95, 0xD4, 0x1E, 0xC0, 0x04, 0x80, 0x54, 0x60,
    0x97, 0x22, 0xB9, 0x62, 0x2F, 0x07, 0x8F, 0x4C, 0x00, 0xC4, 0xEE, 0x86, 0xAB, 0x18, 0x75, 0xB4,
    0x9E, 0x14, 0x8F, 0x6C, 0x01, 0xC8, 0xC5, 0xB2, 0xFB, 0x6C, 0xC0, 0x38, 0x56, 0x2A, 0x7A, 0x96,
    0xBF, 0x70, 0x39, 0xD8, 0xD0, 0xAA, 0x4C, 0x40, 0x12, 0x00, 0xA2, 0xE4, 0xD3, 0x6E, 0xD6, 0x14,
    0x76, 0x47, 0xA9, 0x9D, 0x8A, 0x8B, 0x28, 0xCD, 0x8F, 0x90, 0x60, 0x29, 0x06, 0xD3, 0x40, 0x3D,
    0x97, 0x40, 0x2B, 0x02, 0xBA, 0xF5, 0x00, 0x63, 0xEE, 0x2F, 0x07, 0x99, 0xFF, 0x01, 0xCD, 0x96,
    0x21, 0x8C, 0xE5, 0x54, 0x14, 0x86, 0xBF, 0xBE, 0xF2, 0xB6, 0xA2, 0xA2, 0x90, 0xB0, 0xBA, 0x5E,
    0x3D, 0x9F, 0x40, 0xDA, 0x80, 0x40, 0xAC, 0x00, 0x83, 0xC2, 0x27, 0x04, 0xB3, 0xDE, 0x4C, 0x1B,
    0xF0, 0x59, 0x3C, 0x02, 0x8B, 0xD7, 0x40, 0x9B, 0x20, 0x11, 0x14, 0x83, 0xA5, 0x82, 0x60, 0xE7,
    0x8A, 0x6E, 0xE8, 0x4B, 0x6E, 0x7B, 0xB8, 0xFF, 0xCD, 0xF4, 0xBD, 0xC9, 0x90, 0x65, 0x86, 0x64,
    0xF2, 0x98, 0x9B, 0xF4, 0x4B, 0x7B, 0x7B, 0xE6, 0xF4, 0xFF, 0xFF, 0x39, 0x37, 0x33, 0xFC, 0xF8,
    0x81, 0x23, 0x35, 0x1B, 0xC9, 0xCD, 0x7A, 0x8A, 0xDF, 0xAC, 0x66, 0xCF, 0xBB, 0xE9, 0x02, 0xA4,
    0x9E, 0x97, 0xC7, 0xCC, 0x67, 0x66, 0xDF, 0x4E, 0xA5, 0x85, 0x9A, 0xEA, 0xD8, 0x58, 0xDD, 0x0C,
    0x85, 0xA7, 0xEB, 0x33, 0x8F, 0xB5, 0xE9, 0x72, 0x17, 0xF1, 0x45, 0x2C, 0x09, 0xC5, 0x13, 0x85,
    0x59, 0x6C, 0xDF, 0xC2, 0xCB, 0x99, 0xB8, 0x42, 0x51, 0x6E, 0x7F, 0xA4, 0x9E, 0xCE, 0xEC, 0x23,
    0x9F, 0x9A, 0xD9, 0xF5, 0x54, 0xD8, 0xA7, 0x66, 0xE3, 0x61, 0xA6, 0xB4, 0xB6, 0x0A, 0x52, 0x16,
    0x9A, 0x9E, 0x74, 0xA5, 0x8B, 0xB4, 0x96, 0x9D, 0xBD, 0x91, 0xB1, 0x26, 0xD6, 0x2F, 0xE8, 0x67,
    0x3D, 0xEA, 0x33, 0xA3, 0x9E, 0x8E, 0xCC, 0xCC, 0x06, 0x08, 0x04, 0x72, 0x1B, 0xB9, 0xB3, 0x7E,
    0x10, 0x12, 0xDB, 0xB8, 0xED, 0xC0, 0xEE, 0x3B, 0xE0, 0x56, 0x0C, 0xB3, 0x62, 0x70, 0xA5, 0xDA,
    0x05, 0x67, 0x2B, 0x5B, 0x0C, 0xCB, 0x03, 0x63, 0x18, 0xCF, 0x31, 0xDC, 0x5E, 0xF9, 0x00, 0x94,
    0x6E, 0x83, 0x1E, 0xAD, 0xA5, 0xEB, 0x1F, 0x09, 0x3D, 0xD6, 0x36, 0x43, 0x62, 0x75, 0x75, 0xFC,
    0xCC, 0x24, 0xC3, 0x4B, 0x86, 0x0B, 0x32, 0xD6, 0xFA, 0x5E, 0x19, 0xB9, 0x7F, 0xD8, 0x55, 0x78,
    0xEB, 0x4B, 0xDF, 0xBD, 0xEE, 0x7C, 0x63, 0xE6, 0x0F, 0xF6, 0x97, 0x7F, 0x66, 0x5F, 0x7A, 0xB6,
    0x55, 0xB6, 0x50, 0x0D, 0xBA, 0x6E, 0xEE, 0x47, 0x02, 0x66, 0xE0, 0x9D, 0x58, 0x24, 0x64, 0xF3,
    0x26, 0xE2, 0x59, 0x8B, 0xD6, 0x25, 0x63, 0x68, 0x46, 0x68, 0x66, 0x48, 0x7C, 0x54, 0x43, 0x3E,
    0x43, 0x31, 0x04, 0x29, 0x35, 0xF0, 0x18, 0x41, 0x54, 0xEE, 0xC6, 0x10, 0xEC, 0x16, 0x64, 0x77,
    0x82, 0x53, 0x7F, 0x8D, 0x99, 0x64, 0xFE, 0xE4, 0xC5, 0x9F, 0x23, 0xAF, 0x27, 0xD1, 0x86, 0xC8,
    0x5A, 0x1C, 0x10, 0xFB, 0xFF, 0xCE, 0x78, 0x13, 0xCD, 0x13, 0xDD, 0x47, 0xFB, 0xDC, 0xF8, 0xDF,
    0xE6, 0xC0, 0x7A, 0x69, 0x33, 0x90, 0x7B, 0xF1, 0x30, 0x88, 0xCF, 0x51, 0x0B, 0x02, 0xDB, 0xE8,
    0xB0, 0x0E, 0x5C, 0x8D, 0x40, 0xF3, 0x91, 0xA3, 0xB8, 0x20, 0xFA, 0x7F, 0x63, 0x21, 0xF6, 0x65,
    0xA0, 0xD2, 0x01, 0xE5, 0x03, 0x4A, 0x08, 0x94, 0xD1, 0xF6, 0x71, 0x7D, 0x6E, 0x1B, 0x42, 0xD2,
    0x59, 0xE4, 0xF3, 0x27, 0x92, 0x52, 0xBE, 0x02, 0xA8, 0x02, 0x0D, 0xB3, 0x98, 0x3B, 0x91, 0x4F,
    0x2E, 0x96, 0x92, 0x0E, 0x8F, 0x38, 0x73, 0x3A, 0x3E, 0x44, 0x66, 0xB3, 0x98, 0x8F, 0x91, 0xFD,
    0x13, 0x49, 0x4C, 0x27, 0x4B, 0xBC, 0xA3, 0x76, 0x9B, 0xB1, 0x62, 0xE0, 0x79, 0xAD, 0x53, 0x70,
    0x89, 0xF4, 0xBE, 0x0A, 0xE4, 0x0A, 0x07, 0x89, 0xFD, 0xEA, 0xA2, 0x4E, 0xF1, 0x4F, 0xEB, 0x21,
    0xEB, 0x9B, 0xFA, 0x69, 0x24, 0x96, 0xAC, 0x1F, 0x8E, 0x90, 0x99, 0x0D, 0xF1, 0x6D, 0x1F, 0xF8,
    0x8D, 0x01, 0x7B, 0xDE, 0xBE, 0x27, 0x25, 0xF7, 0x78, 0x33, 0xF6, 0x04, 0x72, 0xF8, 0xE7, 0xDF,
    0x48, 0x4A, 0xB7, 0x71, 0xDB, 0x01, 0xBE, 0x50, 0xED, 0xE5, 0x4E, 0xDF, 0xED, 0x55, 0xB6, 0x62,
    0x35, 0x6C, 0x3C, 0xED, 0x48, 0xA1, 0x3A, 0xB2, 0x5B, 0x01, 0x1A, 0xED, 0xEE, 0xA3, 0xCE, 0xA8,
    0xF4, 0xE0, 0xAA, 0x91, 0x6A, 0x3C, 0xB8, 0xF0, 0x50, 0xCC, 0xF1, 0xEB, 0x3B, 0x23, 0x5D, 0xD3,
    0x85, 0xC4, 0xA2, 0x92, 0x57, 0x13, 0x34, 0xCA, 0xA2, 0xB2, 0x01, 0xCA, 0x38, 0x05, 0x06, 0x64,
    0xEA, 0x97, 0x3E, 0x10, 0x67, 0x19, 0x89, 0x45, 0x59, 0x67, 0x19, 0xF1, 0x65, 0x35, 0x94, 0x8E,
    0xA6, 0x2F, 0x26, 0x3A, 0xF9, 0xB7, 0x3A, 0xF5, 0x89, 0x91, 0x2E, 0x41, 0x74, 0xB2, 0xA6, 0x92,
    0x91, 0x29, 0x89, 0x17, 0xD2, 0xF2, 0x4A, 0x5A, 0x7E, 0x1F, 0xA1, 0xBC, 0x8E, 0x73, 0xD9, 0x43,
    0x6E, 0x2D, 0x64, 0x06, 0xA4, 0x11, 0x8B, 0xF4, 0x79, 0xA0, 0x98, 0x61, 0xDF, 0x38, 0x95, 0x8D,
    0x42, 0x1B, 0x70, 0xBC, 0xA8, 0xF3, 0xF3, 0x4A, 0xE6, 0x4D, 0x9A, 0x10, 0x1F, 0x83, 0x82, 0xA6,
    0x2F, 0x83, 0x82, 0xB6, 0x98, 0xB0, 0x3A, 0x9F, 0x31, 0x52, 0xBF, 0x5B, 0x43, 0x45, 0xEA, 0x4F,
    0xCE, 0x27, 0xE8, 0x3E, 0x76, 0x27, 0xE7, 0x67, 0x2D, 0xAD, 0x9C, 0xD7, 0x9B, 0xF3, 0x55, 0xF0,
    0x27, 0xE7, 0xD3, 0x95, 0x9C, 0x5B, 0x5D, 0xD8, 0x20, 0xD4, 0x57, 0x0A, 0x23, 0xAE, 0xCD, 0x42,
    0x6E, 0xBD, 0x0A, 0x85, 0x52, 0x88, 0x72, 0xB7, 0x9A, 0x66, 0xE0, 0x30, 0xE9, 0x37, 0xE3, 0xCA,
    0x49, 0x09, 0x69, 0x7A, 0xB3, 0x45, 0x09, 0x59, 0xBA, 0x92, 0xD8, 0x0B, 0x49, 0xFB, 0xE5, 0x0D,
    0x09, 0x49, 0xCB, 0x83, 0x51, 0xCC, 0x82, 0xEE, 0xDE, 0x6A, 0x00, 0x2A, 0x20, 0xD1, 0xE3, 0x6E,
    0xD2, 0xDD, 0xD7, 0x67, 0x41, 0xF1, 0xDF, 0x71, 0xE3, 0xE0, 0x76, 0x46, 0x31, 0xA5, 0x0B, 0xF9,
    0x9C, 0x7A, 0x32, 0x9F, 0xCD, 0xA4, 0x3E, 0x9F, 0xD8, 0xAD, 0x85, 0x03, 0x2B, 0xC6, 0x80, 0xC3,
    0x00, 0x4D, 0xD3, 0x43, 0xD5, 0xB5, 0x70, 0x30, 0x24, 0x4D, 0x38, 0xCD, 0x46, 0x36, 0xC7, 0x98,
    0x6E, 0x8E, 0xF1, 0xBE, 0x1B, 0x54, 0xD6, 0x0B, 0xDA, 0x9A, 0x10, 0xDB, 0xF7, 0xA0, 0x39, 0x7E,
    0x0F, 0x66, 0x9E, 0xE4, 0x68, 0x8E, 0xC4, 0x95, 0xC3, 0xA5, 0x4F, 0x4F, 0x39, 0xBE, 0x0F, 0x9D,
    0xA9, 0x9F, 0xCD, 0x24, 0xAF, 0xBB, 0x11, 0xEA, 0x84, 0xFF, 0xED, 0xF4, 0xFC, 0x0D, 0xB5, 0x57,
    0x47, 0x90, 0xE6, 0x3A, 0x11, 0xFE, 0x6C, 0xC1, 0xF3, 0x82, 0xB7, 0x10, 0x39, 0x83, 0x49, 0x27,
    0x92, 0x87, 0x9C, 0x86, 0x95, 0xC8, 0x37, 0xE2, 0xFC, 0xE4, 0x9C, 0x33, 0xDC, 0xC8, 0x63, 0x2F,
    0x7B, 0x23, 0xC7, 0x2B, 0x39, 0xE7, 0x1B, 0x79, 0xA4, 0x97, 0x8F, 0x98, 0x7C, 0x7C, 0x26, 0x67,
    0xD0, 0x56, 0x79, 0xC1, 0x6F, 0x4A, 0x76, 0xD3, 0x5D, 0xF6, 0x8C, 0x67, 0x7F, 0xB6, 0x66, 0xFE,
    0x47, 0xD5, 0x6B, 0xA9, 0x5B, 0x9F, 0xFA, 0xEB, 0xEE, 0xBF, 0x35, 0x41, 0xF6, 0x0F, 0x8B, 0x06,
    0x0F, 0x35, 0xC3, 0xD6, 0x23, 0xB7, 0xDA, 0x2D, 0xBB, 0x85, 0x93, 0x86, 0x48, 0x8E, 0xFB, 0xC3,
    0xC5, 0xED, 0xBB, 0xDE, 0xFC, 0x74, 0x72, 0x1A, 0x27, 0x0F, 0xAC, 0x56, 0x44, 0x22, 0xCB, 0xBA,
    0xDA, 0xE1, 0x25, 0x1E, 0xE8, 0x6A, 0x26, 0x66, 0x6E, 0xA6, 0x85, 0xB9, 0x78, 0x39, 0x8E, 0x8B,
    0xB8, 0x51, 0xE6, 0x54, 0x1D, 0x22, 0x98, 0x70, 0x16, 0x74, 0xAB, 0x9B, 0xD2, 0x1B, 0x5F, 0x79,
    0x57, 0x17, 0xA1, 0x68, 0xCB, 0xC6, 0x78, 0x53, 0x57, 0xD8, 0x83, 0xEE, 0x34, 0xEF, 0x0B, 0x61,
    0x6B, 0x03, 0x57, 0x57, 0x1C, 0x55, 0x7A, 0xDD, 0xE8, 0x36, 0x0B, 0x59, 0x28, 0x6B, 0xDD, 0x1A,
    0xAB, 0x1B, 0x87, 0xD2, 0x13, 0xCC, 0xE5, 0x23, 0xAA, 0x2B, 0x06, 0xB8, 0x73, 0x03, 0x8A, 0xC0,
    0x95, 0x5A, 0xB2, 0x65, 0x43, 0x30, 0x7E, 0x84, 0x39, 0x1B, 0x51, 0xA5, 0x11, 0x7B, 0xAA, 0xE3,
    0x9A, 0xC6, 0xEB, 0x50, 0x89, 0xDA, 0x42, 0x72, 0x85, 0xAF, 0x07, 0x98, 0xC7, 0x45, 0xC9, 0x95,
    0x1A, 0x52, 0x4B, 0x6A, 0x42, 0x6A, 0xCB, 0x67, 0xC8, 0x67, 0x25, 0x03, 0x10, 0x97, 0xB9, 0xF3,
    0xBD, 0x15, 0xD1, 0xC8, 0x73, 0x7F, 0xFC, 0x26, 0x22, 0x36, 0x9A, 0x24, 0x13, 0x7B, 0xC0, 0x7B,
    0x64, 0xD2, 0x81, 0xD8, 0xF7, 0x24, 0xD8, 0x5B, 0x58, 0xDE, 0x1E, 0x52, 0x53, 0xE4, 0x21, 0x5B,
    0x04, 0x13, 0xDD, 0x38, 0x51, 0x6E, 0x34, 0x31, 0x6F, 0x01, 0x78, 0xA0, 0x07, 0xC8, 0x82, 0x02,
    0x68, 0x04, 0x51, 0x4D, 0x11, 0xD4, 0x60, 0x04, 0x98, 0xB6, 0xC0, 0x2E, 0x93, 0x32, 0x76, 0x19,
    0x15, 0x35, 0x59, 0xD3, 0x1C, 0xA8, 0xEC, 0x77, 0x51, 0x5A, 0xF1, 0x56, 0x5E, 0x7C, 0x8B, 0x9D,
    0xFC, 0x4B, 0xAE, 0x19, 0xB7, 0xB0, 0xD9, 0x00, 0x5C, 0xC4, 0x5D, 0x71, 0x7A, 0xA3, 0x01, 0x8A,
    0xCB, 0x50, 0x38, 0x69, 0x24, 0x4B, 0x1F, 0x8C, 0x12, 0x8F, 0x93, 0x46, 0x4D, 0x87, 0xBD, 0x50,
    0xCC, 0x4E, 0xAC, 0x9F, 0x22, 0x1B, 0x00, 0x9E, 0x40, 0x49, 0x36, 0x89, 0x02, 0x0C, 0x79, 0xD5,
    0x09, 0x70, 0x2F, 0x69, 0xF3, 0x20, 0x60, 0xC8, 0x82, 0x6E, 0x04, 0x44, 0x15, 0xCA, 0x7A, 0x06,
    0x06, 0x33, 0x18, 0x31, 0xC5, 0x9C, 0x8F, 0x65, 0x03, 0x67, 0xDD, 0x4B, 0x7E, 0xD7, 0xBB, 0x3E,
    0xA5, 0xD6, 0xD0, 0xB5, 0xE7, 0xB9, 0x07, 0x0A, 0x05, 0x7D, 0xF8, 0xB7, 0xDD, 0x5E, 0xFE, 0xD3,
    0x3E, 0x1B, 0xCA, 0x2B, 0x83, 0xD1, 0x3E, 0x02, 0xE6, 0x09, 0x33, 0x70, 0x6A, 0x06, 0xC3, 0x0C,
    0x54, 0x54, 0x5D, 0xA5, 0x7F, 0x1A, 0x91, 0x75, 0xE9, 0x30, 0xE6, 0xFF, 0xE9, 0xA1, 0x03, 0x68,
    0x50, 0xD4, 0xA1, 0xE0, 0xFA, 0x52, 0x19, 0xC6, 0xA3, 0x68, 0x51, 0xD5, 0xD2, 0x7C, 0x05, 0x60,
    0xEE, 0x1F, 0x11, 0xC0, 0x7C, 0x84, 0xB4, 0x9F, 0xB1, 0xFB, 0x76, 0xAB, 0xC2, 0x8C, 0x49, 0x87,
    0xBC, 0x59, 0x70, 0xE1, 0x17, 0x6C, 0xEC, 0x82, 0x2B, 0x2C, 0x38, 0xDE, 0xA5, 0xC5, 0x5B, 0xEA,
    0x64, 0x8F, 0xEB, 0xFC, 0xB6, 0xAF, 0x86, 0x84, 0xBA, 0x8C, 0x1A, 0x43, 0x57, 0x06, 0x22, 0x45,
    0x51, 0xCB, 0xE9, 0xDE, 0xFF, 0xB3, 0xA1, 0x7A, 0xFF, 0x85, 0xB1, 0xFC, 0x35, 0x1F, 0xB0, 0xB8,
    0x32, 0x9A, 0x9F, 0x04, 0x32, 0x57, 0x46, 0x39, 0xE3, 0x82, 0x2B, 0xB5, 0xE0, 0xB8, 0xE0, 0xB4,
    0x5F, 0xB0, 0x0A, 0xE9, 0xE8, 0xDE, 0xBF, 0x3F, 0x96, 0x7F, 0xEB, 0x91, 0x37, 0x38, 0xA8, 0x8F,
    0xC2, 0xA3, 0x1A, 0x13, 0xEA, 0x33, 0x39, 0xB8, 0x45, 0xD1, 0xA1, 0x6A, 0x12, 0xB2, 0x18, 0x91,
    0x72, 0x52, 0x87, 0x3C, 0x40, 0x7B, 0x94, 0x16, 0x06, 0x78, 0x2D, 0x80, 0x31, 0x0F, 0x69, 0x2C,
    0x1A, 0xD5, 0x99, 0x5A, 0xB7, 0x15, 0xA7, 0x0F, 0x30, 0x49, 0x8F, 0xF7, 0xA8, 0x00, 0xE1, 0xAA,
    0x5A, 0x58, 0x02, 0xF3, 0x67, 0x23, 0x38, 0x42, 0xF5, 0x12, 0x93, 0x05, 0x89, 0xD2, 0x5E, 0xE2,
    0xA4, 0x56, 0x8D, 0xD2, 0x33, 0x0B, 0xCE, 0x4A, 0x7B, 0x20, 0x02, 0x67, 0x80, 0x3B, 0xC3, 0xBC,
    0x37, 0xA2, 0x68, 0x46, 0x70, 0x1D, 0xAB, 0xBA, 0xD2, 0x27, 0x51, 0x37, 0xF8, 0xB1, 0x92, 0xE4,
    0x8E, 0xB9, 0xA2, 0x15, 0x36, 0x0F, 0xC2, 0x3F, 0xA1, 0x87, 0x44, 0x44, 0x48, 0x4C, 0x05, 0x89,
    0x2A, 0xAD, 0xC4, 0x69, 0x8F, 0xFB, 0x00, 0xEF, 0x06, 0x06, 0x24, 0x04, 0x75, 0x5D, 0x9D, 0x5D,
    0xEB, 0xF5, 0xB9, 0xB6, 0x48, 0xC2, 0x19, 0xF4, 0xDB, 0x4C, 0xDC, 0x92, 0x83, 0x21, 0xD4, 0x00,
    0xDD, 0xC3, 0x04, 0x38, 0x0F, 0xF2, 0x30, 0x2D, 0x74, 0x87, 0x2C, 0x22, 0x25, 0x09, 0xE0, 0xB0,
    0x04, 0x28, 0x6A, 0x98, 0x06, 0x45, 0x40, 0x1E, 0xA1, 0x08, 0xA0, 0x1A, 0xE4, 0x53, 0x92, 0x30,
    0xDD, 0x49, 0x4A, 0x59, 0x4B, 0x18, 0x50, 0x5A, 0xA0, 0x40, 0xE5, 0xB5, 0x35, 0x5E, 0x2E, 0xD6,
    0x82, 0xBB, 0x21, 0xCB, 0x61, 0x3C, 0x41, 0x52, 0x01, 0xC6, 0x3B, 0x0F, 0xE8, 0x7F, 0x8F, 0xC0,
    0xAE, 0xA2, 0x3E, 0x6F, 0xC8, 0x52, 0x5B, 0x04, 0xB6, 0x4D, 0x11, 0xD8, 0xD3, 0xE5, 0x0D, 0xB3,
    0x83, 0x14, 0x6B, 0x9C, 0x05, 0x9C, 0x2D, 0x1B, 0xA4, 0x03, 0x72, 0xEE, 0xAA, 0x17, 0x50, 0xB4,
    0xA5, 0x75, 0xD6, 0xD4, 0x95, 0x2F, 0xBD, 0x7C, 0x56, 0x6E, 0x6F, 0x82, 0x52, 0x02, 0xFD, 0xFF,
    0x37, 0x30, 0x8B, 0x01, 0xF7, 0xCA, 0x5D, 0x1F, 0xA8, 0xEC, 0x13, 0xD7, 0xA3, 0x24, 0xB2, 0x86,
    0xC8, 0x97, 0x83, 0x6B, 0x4F, 0x45, 0x1D, 0x10, 0x45, 0x0B, 0xD6, 0xAA, 0xC1, 0x48, 0x16, 0x34,
    0x00, 0xD4, 0x02, 0x0C, 0x31, 0x42, 0x74, 0x91, 0x5D, 0x88, 0x7F, 0x51, 0xDE, 0xAF, 0x3F, 0x59,
    0x21, 0xB2, 0x05, 0x24, 0x7E, 0x1B, 0x50, 0xB5, 0x06, 0x0A, 0x64, 0x6D, 0xF2, 0x23, 0x80, 0x28,
    0x00, 0x77, 0x19, 0x2D, 0x90, 0xEF, 0x43, 0xB6, 0x2D, 0xD4, 0xEF, 0x93, 0x08, 0x09, 0x01, 0x07,
    0x67, 0xF5, 0x43, 0x81, 0xD4, 0x63, 0x92, 0x07, 0x42, 0x7C, 0xDF, 0x03, 0x02, 0x52, 0x0E, 0xF4,
    0xC8, 0x6B, 0xE8, 0x03, 0xF7, 0x8F, 0x01, 0x42, 0xFA, 0x2F, 0xAB, 0xAE, 0xF5, 0xF9, 0xB9, 0x46,
    0x27, 0xE1, 0x81, 0xE8, 0xE4, 0xAF, 0x00, 0x98, 0x6E, 0x9F, 0xA3, 0x20, 0x3B, 0x04, 0xED, 0xB4,
    0x16, 0x1F, 0xFF, 0xCD, 0x8F, 0x20, 0x52, 0xCE, 0xED, 0x2E, 0x20, 0x79, 0xCB, 0xF0, 0x74, 0x88,
    0xC0, 0x44, 0x4C, 0xE2, 0x1C, 0x26, 0x6A, 0x30, 0x1E, 0x22, 0x4A, 0xEE, 0x2C, 0x00, 0x77, 0xB6,
    0x6F, 0xBF, 0x45, 0xF2, 0x15, 0xC9, 0xF6, 0x40, 0x1A, 0x67, 0x90, 0x08, 0x28, 0x6A, 0x06, 0x3D,
    0xF0, 0xCA, 0xA2, 0x7E, 0xE9, 0x65, 0xB6, 0xBF, 0x0C, 0xEE, 0xDB, 0xDF, 0x0E, 0xF9, 0xFE, 0x3E,
    0xC1, 0x11, 0x85, 0x9C, 0x68, 0x01, 0x40, 0xD5, 0x02, 0x19, 0x01, 0xA0, 0x0E, 0xD0, 0x64, 0xA1,
    0xAE, 0x8F, 0x80, 0xF9, 0x74, 0x83, 0x3C, 0x10, 0xE0, 0x9E, 0x16, 0x18, 0x54, 0x0C, 0xE4, 0x20,
    0x1F, 0x79, 0x28, 0x70, 0xB3, 0xD4, 0x1E, 0xBE, 0xDF, 0x4C, 0x1F, 0xA8, 0x7A, 0x40, 0x58, 0xDD,
    0x4C, 0x4D, 0x18, 0x0B, 0x38, 0x00, 0x11, 0x48, 0x0F, 0xA8, 0x16, 0x28, 0x66, 0xAA, 0x02, 0x30,
    0x4C, 0x3D, 0xAB, 0x0E, 0xC8, 0x99, 0xD2, 0x42, 0xD5, 0x42, 0x1D, 0x3E, 0x6E, 0x76, 0x08, 0x47,
    0xC7, 0x71, 0xDE, 0xD5, 0xCE, 0xB4, 0x3E, 0x27, 0xAA, 0x8B, 0xC6, 0x31, 0x5E, 0xCE, 0x91, 0xBF,
    0xC6, 0xFB, 0x8D, 0xD6, 0x10, 0x3D, 0x81, 0x28, 0xF0, 0xF2, 0x73, 0xA2, 0x58, 0x7C, 0xD2, 0x9D,
    0xBF, 0xFE, 0x25, 0x03, 0xFF, 0x0F, 0x04, 0xAB, 0x06, 0xF0, 0x02, 0x59, 0x4C, 0x40, 0xC6, 0x8B,
    0x6B, 0xA0, 0x23, 0x14, 0xD5, 0xE2, 0xD0, 0x03, 0x40, 0x5E, 0x22, 0xD2, 0x51, 0xBA, 0x87, 0xEA,
    0x01, 0x03, 0xA8, 0x70, 0xB0, 0xAC, 0xC9, 0x2E, 0x90, 0x4D, 0x7F, 0xD8, 0xBA, 0x5B, 0x5F, 0x26,
    0x2E, 0x75, 0x3D, 0xA8, 0x36, 0x44, 0x96, 0xC4, 0x36, 0x54, 0x73, 0x3F, 0x81, 0xEA, 0x53, 0x28,
    0xD9, 0x62, 0xB6, 0x46, 0x2C, 0x1C, 0xB3, 0x48, 0xA9, 0x66, 0xAB, 0x47, 0xB0, 0x2D, 0x3B, 0xB1,
    0xC6, 0x43, 0x2C, 0x16, 0xBB, 0xD6, 0x02, 0x4F, 0xB2, 0x6B, 0x73, 0xF2, 0x3B, 0x7F, 0x17, 0xAA,
    0xDD, 0x15, 0x44, 0x9D, 0x98, 0xC1, 0xF9, 0xF1, 0x05, 0xE4, 0xBC, 0x4D, 0xD9, 0x40, 0x0C, 0x94,
    0x98, 0x9C, 0x09, 0x94, 0x3D, 0x1B, 0x6A, 0x9D, 0x4F, 0xC9, 0x3A, 0xAF, 0x22, 0xD8, 0x84, 0xC9,
    0x2C, 0x62, 0x90, 0x76, 0x20, 0x9F, 0xC5, 0xC5, 0x88, 0x2F, 0x80, 0x88, 0xC2, 0x81, 0xAE, 0x56,
    0x6F, 0x69, 0x20, 0x5D, 0xC3, 0x01, 0x18, 0x01, 0x15, 0x81, 0xAC, 0x03, 0x74, 0x00, 0xCA, 0x99,
    0x22, 0x20, 0x99, 0xA9, 0x9C, 0x29, 0xA2, 0x91, 0x95, 0xBC, 0xE4, 0x07, 0x43, 0x1D, 0x6B, 0xCF,
    0x1A, 0x2F, 0xA1, 0xFD, 0xCC, 0xB7, 0xAC, 0x75, 0x78, 0xEC, 0x17, 0x10, 0xB6, 0xB1, 0xB1, 0x26,
    0x44, 0x51, 0xB3, 0x1A, 0xD6, 0x8A, 0x2E, 0xBC, 0xDB, 0x51, 0xD8, 0xA6, 0x4B, 0xA8, 0xF8, 0x2B,
    0x56, 0x89, 0x2B, 0x58, 0x33, 0x56, 0xDC, 0x4E, 0xEE, 0xA5, 0xE1, 0xB0, 0xCF, 0x0B, 0xD5, 0xC9,
    0x7D, 0x4A, 0x1C, 0x6B, 0xC3, 0x6A, 0x57, 0xAB, 0xA7, 0x03, 0xBA, 0x9D, 0x34, 0x6F, 0x44, 0xF1,
    0xC0, 0xA7, 0xFC, 0xF4, 0x7B, 0x86, 0xA8, 0x67, 0x8D, 0xB7, 0x73, 0xFB, 0x3B, 0x30, 0x11, 0xD8,
    0x93, 0x87, 0x6A, 0x65, 0x55, 0x34, 0x3E, 0xE9, 0xEE, 0x0E, 0xDC, 0xF2, 0xE8, 0xEB, 0xE4, 0xBA,
    0x10, 0x1C, 0x2A, 0x6B, 0xEA, 0xB2, 0xD6, 0x5E, 0xFB, 0x13, 0x2E, 0xC2, 0x1B, 0x4D, 0xA4, 0xFC,
    0x31, 0xD7, 0xF3, 0xFF, 0x9E, 0xBA, 0x5F, 0x3F, 0x35, 0xC6, 0xB5, 0x53, 0x8B, 0x5C, 0xF6, 0x91,
    0x8B, 0x72, 0x6F, 0x9B, 0x37, 0xF7, 0x31, 0x7F, 0xFB, 0x9B, 0xE4, 0x45, 0x51, 0x94, 0x3D, 0x50,
    0x45, 0x60, 0x70, 0xE0, 0xBC, 0x5A, 0xF5, 0x65, 0x8D, 0xB7, 0x9E, 0x42, 0x51, 0x17, 0xDE, 0x34,
    0xC6, 0xB2, 0xC2, 0x34, 0x7B, 0xBC, 0x8F, 0xD3, 0xF5, 0xA9, 0xBA, 0xE5, 0x5A, 0xD3, 0x1E, 0xE0,
    0x70, 0x98, 0xF9, 0x29, 0x34, 0x4C, 0x37, 0x5F, 0xDA, 0x01, 0xF2, 0x8E, 0x90, 0xB7, 0x95, 0xD7,
    0xBE, 0xF2, 0x05, 0xAB, 0xB1, 0xF2, 0xA4, 0xDB, 0x7F, 0x3A, 0xB0, 0xAD, 0x89, 0xE8, 0x2F, 0xCF,
    0x8E, 0x86, 0x44, 0xBA, 0x6A, 0xF5, 0x06, 0x5E, 0x9A, 0xEF, 0x71, 0xA7, 0x6E, 0x04, 0xEE, 0x72,
    0xF2, 0x0F, 0x5F, 0x03, 0x37, 0xD5, 0x29, 0x8A, 0xA7, 0x69, 0xAF, 0xAF, 0xAB, 0xBC, 0xA2, 0x11,
    0x09, 0xF5, 0x38, 0x78, 0xD6, 0x09, 0xCE, 0x88, 0x50, 0x30, 0x27, 0x31, 0x12, 0x0B, 0x8D, 0xF9,
    0x09, 0x60, 0x9A, 0x45, 0x65, 0x7F, 0xEC, 0x63, 0x74, 0x4D, 0xD6, 0x6A, 0x08, 0x1E, 0x75, 0x20,
    0x79, 0x4D, 0x2B, 0x2F, 0x1F, 0xE4, 0x4D, 0xCD, 0x3C, 0xA1, 0x97, 0x97, 0x35, 0x97, 0x85, 0x0A,
    0x85, 0x8F, 0xDA, 0x0F, 0x30, 0x69, 0x57, 0x9E, 0x95, 0xB7, 0xB6, 0xD6, 0xA8, 0x30, 0x17, 0x90,
    0xF4, 0x75, 0xBB, 0x34, 0xB3, 0xDE, 0x54, 0xD6, 0x4A, 0x3B, 0xBA, 0x3B, 0x6A, 0x27, 0x3F, 0x2E,
    0x29, 0x4B, 0xB5, 0xF5, 0xFA, 0xC7, 0x57, 0xDB, 0xBC, 0xCE, 0x22, 0x9B, 0xF5, 0x3C, 0x79, 0xD6,
    0xFF, 0x01, 0xD7, 0x65, 0xE1, 0xA5, 0x19, 0xC9, 0x5B, 0xCC, 0x31, 0xC7, 0xDD, 0x9D, 0x32, 0x79,
    0x2E, 0x46, 0x7C, 0xB8, 0x84, 0x1C, 0x57, 0x59, 0x7B, 0x41, 0xDA, 0xEF, 0xB2, 0x53, 0x7B, 0xB2,
    0x47, 0xED, 0xE4, 0x9F, 0x62, 0x8E, 0x5A, 0x12, 0x89, 0x47, 0xED, 0x6A, 0xF5, 0x92, 0x5F, 0xAE,
    0x76, 0x84, 0xBD, 0xE1, 0x35, 0xD7, 0x7F, 0x40, 0xEB, 0xFB, 0xC5, 0x73, 0x66, 0xE1, 0x16, 0x74,
    0xC8, 0x0B, 0x5A, 0xF0, 0xF2, 0xF5, 0x71, 0xB3, 0x2F, 0x92, 0x86, 0xB6, 0xB2, 0x2D, 0x25, 0xC3,
    0xD0, 0x26, 0x5F, 0x54, 0x5D, 0x6F, 0x42, 0xD9, 0x68, 0x9F, 0x5B, 0x85, 0x4D, 0x46, 0xC2, 0xAA,
    0xE5, 0x76, 0x69, 0xAB, 0xF0, 0x86, 0x2F, 0x6C, 0x12, 0xAF, 0xEB, 0x47, 0xB6, 0xDF, 0x79, 0xE8,
    0x03, 0xDA, 0xCD, 0x3E, 0x81, 0x70, 0xC3, 0xCE, 0xFB, 0x5F, 0xAD, 0x93, 0x41, 0x6A, 0xDC, 0x4C,
    0x10, 0x85, 0x9F, 0x47, 0x3F, 0xE8, 0x0F, 0x0D, 0x69, 0xAF, 0x93, 0x45, 0x6F, 0xB2, 0xEF, 0x0B,
    0xC4, 0x69, 0x2D, 0x02, 0x3E, 0x46, 0x8E, 0xE0, 0x0B, 0x04, 0x4B, 0x47, 0xF0, 0x71, 0xB2, 0xB0,
    0xA7, 0xEB, 0x06, 0x11, 0xE4, 0x02, 0x9D, 0x75, 0x16, 0xE9, 0x85, 0x0C, 0x32, 0xB4, 0xFA, 0xA5,
    0x66, 0x46, 0x38, 0x1E, 0x6C, 0x87, 0x40, 0x5C, 0xF5, 0x04, 0xA5, 0xAE, 0x47, 0x31, 0x35, 0x5F,
    0xAB, 0x5D, 0xE0, 0x39, 0xF4, 0x94, 0x68, 0x13, 0x6D, 0xAE, 0x66, 0x95, 0xD6, 0x7A, 0x12, 0x28,
    0xDA, 0x55, 0xCF, 0xFC, 0x05, 0x28, 0xF7, 0x81, 0x37, 0x03, 0x7A, 0x01, 0xA5, 0xA1, 0xB4, 0x3F,
    0xC5, 0x5E, 0xC8, 0x07, 0x2F, 0x9F, 0xBD, 0x90, 0xF9, 0x20, 0x78, 0x51, 0xA9, 0xAD, 0xE7, 0xAA,
    0x6B, 0x40, 0x15, 0x2B, 0x22, 0xB5, 0x35, 0xC2, 0xA6, 0x2B, 0x97, 0x48, 0x21, 0x87, 0x8B, 0x3B,
    0x9C, 0x44, 0xB1, 0x94, 0x40, 0xD1, 0xA9, 0x11, 0x60, 0x3F, 0x90, 0xEB, 0xCF, 0x89, 0x36, 0xF7,
    0x4C, 0x9E, 0xD2, 0x56, 0xFC, 0x9E, 0x6F, 0x12, 0xAC, 0xC0, 0x0F, 0x08, 0x40, 0xC5, 0xC9, 0x82,
    0xA6, 0xA0, 0x9D, 0x60, 0x33, 0xDC, 0x08, 0x53, 0xD1, 0x53, 0xE8, 0x52, 0xB5, 0x29, 0x5E, 0x88,
    0x27, 0xAC, 0x9E, 0xC4, 0xF1, 0x30, 0x90, 0x9F, 0x72, 0xA0, 0xA8, 0xC7, 0x2C, 0x08, 0x1C, 0x22,
    0xF5, 0x3C, 0x1D, 0x36, 0xEE, 0x99, 0xFD, 0x8F, 0x0C, 0x9B, 0xE0, 0x47, 0xF5, 0x04, 0x22, 0x4C,
    0x68, 0x64, 0x97, 0xD4, 0x58, 0xAB, 0x35, 0x00, 0x6A, 0x18, 0x71, 0x5D, 0xC0, 0x25, 0x6E, 0x50,
    0x1E, 0xE4, 0x8D, 0x9E, 0x04, 0xB8, 0xCE, 0xC8, 0x19, 0x3C, 0xEC, 0x60, 0xA4, 0x1D, 0x9B, 0xD4,
    0xE4, 0x35, 0x53, 0x3B, 0x1A, 0xB1, 0x83, 0xC7, 0x19, 0x6E, 0xD9, 0x91, 0x63, 0x35, 0xA9, 0x34,
    0xF9, 0xB1, 0xFE, 0x92, 0x0E, 0x6A, 0x5B, 0x7D, 0x8D, 0xF5, 0x7D, 0x3D, 0xAD, 0x38, 0xCA, 0x4D,
    0xED, 0x3C, 0x47, 0xCF, 0xFC, 0xDA, 0x66, 0x98, 0xFD, 0x6A, 0x41, 0x40, 0x34, 0x65, 0x5F, 0x32,
    0x1F, 0xB4, 0xE1, 0xA0, 0x1E, 0xCF, 0xF9, 0x55, 0x33, 0xA3, 0xD5, 0xD7, 0x71, 0xC3, 0x6E, 0xC3,
    0x8C, 0x76, 0x7A, 0xD7, 0xCE, 0x81, 0x53, 0x60, 0x32, 0xEC, 0x5E, 0x86, 0xBB, 0x7F, 0x8A, 0xFB,
    0xB8, 0xE7, 0x1E, 0xFF, 0x89, 0xBB, 0x86, 0x7B, 0x84, 0xDE, 0xB1, 0x7B, 0x80, 0x3E, 0x3D, 0x87,
    0x3E, 0x3E, 0x8B, 0xFE, 0x08, 0x3E, 0xF0, 0xB2, 0xF8, 0xDF, 0xEE, 0x00, 0x77, 0xFF, 0x3B, 0x81,
    0x15, 0x47, 0x89, 0x94, 0xC5, 0x4A, 0x71, 0xBB, 0xC2, 0x7F, 0xDB, 0xAD, 0x1E, 0x28, 0x97, 0x66,
    0x2C, 0xCD, 0xFA, 0x07, 0x14, 0xE8, 0xE8, 0x1D, 0xD2, 0x76, 0x0F, 0x5E, 0xBB, 0xDB, 0x7D, 0xF7,
    0x5E, 0x6A, 0xF6, 0x14, 0x6D, 0xF5, 0xCD, 0xE4, 0xCF, 0x93, 0xFD, 0x2A, 0xAD, 0x92, 0xAC, 0x68,
    0x2A, 0xB4, 0xD0, 0xD7, 0x70, 0x9E, 0xB7, 0x9B, 0xD9, 0xDF, 0x41, 0xE1, 0x9C, 0xDA, 0x11, 0x4D,
    0x5A, 0x27, 0x37, 0x49, 0x47, 0x05, 0x0E, 0x66, 0x41, 0xC1, 0x03, 0xED, 0x2F, 0x28, 0x9F, 0xB9,
    0xA0, 0x47, 0x4E, 0xF5, 0xF8, 0xA1, 0x6C, 0xB1, 0xCC, 0x60, 0x06, 0x0B, 0x96, 0x2D, 0x4A, 0xE8,
    0x8A, 0x6E, 0xD4, 0xE6, 0x72, 0x14, 0xB7, 0xD5, 0x25, 0x92, 0x73, 0x75, 0xDF, 0x8B, 0xF6, 0x77,
    0xCF, 0xF5, 0x53, 0xCF, 0x9F, 0x3F, 0x8F, 0xA9, 0x82, 0x94, 0x6A, 0x8F, 0xBA, 0xD5, 0x8E, 0xA4,
    0x2C, 0xF5, 0x68, 0x0B, 0x77, 0x17, 0x97, 0xF2, 0x5F, 0x45, 0x3F, 0xE9, 0x7A, 0xF1, 0x2A, 0x70,
    0x89, 0x93, 0x85, 0x43, 0x5F, 0x58, 0x02, 0xEE, 0xF3, 0xA3, 0x2F, 0x66, 0xFE, 0x05, 0x9D, 0xD7,
    0x01, 0xA4, 0x1D, 0xD9, 0x1D, 0xC7, 0xF1, 0xDF, 0xBD, 0x93, 0x64, 0x30, 0x38, 0x50, 0xB6, 0x1A,
    0x3A, 0x00, 0x45, 0x6B, 0x00, 0x60, 0xED, 0x99, 0x58, 0x40, 0x90, 0x22, 0xF7, 0xA5, 0x2C, 0xB6,
    0x28, 0x16, 0xEA, 0x01, 0x04, 0xD1, 0x99, 0xE4, 0x21, 0x08, 0xF6, 0xA2, 0x11, 0x14, 0x00, 0x2A,
    0x8B, 0x85, 0xC5, 0x6A, 0x23, 0xE7, 0x24, 0x17, 0x41, 0xD0, 0xD9, 0x56, 0x84, 0x06, 0x3B, 0x2B,
    0x9B, 0x56, 0xBB, 0x34, 0x27, 0xCD, 0xBC, 0x66, 0x5E, 0xDE, 0x7F, 0xCE, 0xAF, 0xFF, 0x99, 0x7B,
    0x5F, 0xEE, 0x7B, 0x9B, 0xD6, 0x56, 0x8F, 0x7C, 0x3F, 0xFF, 0xB9, 0x73, 0xEE, 0xBD, 0x37, 0x32,
    0x77, 0x92, 0x3C, 0xB8, 0x1E, 0x19, 0x07, 0xE4, 0x14, 0xD8, 0xFD, 0x8F, 0xE0, 0x1A, 0x80, 0x5E,
    0xBB, 0xBA, 0xB8, 0xC8, 0x1B, 0x8C, 0x47, 0xB9, 0x87, 0x82, 0xEA, 0x89, 0xC0, 0x92, 0x92, 0x6B,
    0xA9, 0x86, 0xB3, 0xC3, 0x45, 0x64, 0x02, 0x64, 0xE3, 0x64, 0x7C, 0x13, 0x2E, 0x5F, 0x01, 0xF0,
    0xF9, 0x65, 0xE0, 0x4C, 0xEC, 0x00, 0xC7, 0x88, 0x84, 0x24, 0x0C, 0x19, 0x51, 0xF0, 0x2B, 0x81,
    0xFD, 0xE7, 0x1F, 0x1B, 0x54, 0x7F, 0x5A, 0x35, 0xE0, 0x6A, 0xE5, 0xC1, 0xEB, 0x7B, 0xCA, 0x8D,
    0xEB, 0xB5, 0x72, 0xBE, 0x04, 0x3F, 0x36, 0x00, 0xFF, 0xA0, 0xB8, 0x7F, 0x28, 0x36, 0xFE, 0x10,
    0x28, 0x86, 0x9F, 0x7C, 0x1F, 0x86, 0x14, 0x24, 0x23, 0x70, 0x23, 0xBF, 0x8B, 0x4B, 0xA0, 0xFB,
    0x0C, 0x40, 0x08, 0x4A, 0xC6, 0xE5, 0x78, 0x3E, 0x21, 0x7B, 0xC3, 0x9D, 0x50, 0xF4, 0x80, 0x6D,
    0x81, 0xCA, 0x03, 0x4E, 0xE3, 0x5E, 0xB8, 0xC3, 0xBD, 0x43, 0xE1, 0x1E, 0x7B, 0x6D, 0xA9, 0x81,
    0xAB, 0x08, 0xA7, 0x55, 0x4F, 0x23, 0xEC, 0x61, 0x3C, 0x95, 0x93, 0x7D, 0xA6, 0xCD, 0xC9, 0x0E,
    0x05, 0x97, 0x86, 0xEC, 0xDF, 0x74, 0xB0, 0xF8, 0xA9, 0xE9, 0x81, 0xB7, 0x22, 0xC3, 0x51, 0xC7,
    0x9F, 0x43, 0xCA, 0x51, 0x27, 0x9E, 0x8F, 0xB3, 0xAC, 0xE1, 0x18, 0xE6, 0x64, 0x48, 0xB8, 0xD3,
    0xA4, 0x03, 0x90, 0x0A, 0x90, 0x6D, 0x22, 0x39, 0xB6, 0x3D, 0xDE, 0x3E, 0x9E, 0x5E, 0x9F, 0x07,
    0xA0, 0x7A, 0xA6, 0xD7, 0x87, 0x94, 0xA3, 0x00, 0xCC, 0x3B, 0x05, 0x48, 0xC2, 0x34, 0xB2, 0x06,
    0x88, 0x59, 0x34, 0x6C, 0x41, 0x4B, 0x52, 0xC0, 0x69, 0x81, 0x07, 0x15, 0x3F, 0x20, 0xD8, 0xE4,
    0xC3, 0x8C, 0x25, 0xBD, 0x11, 0xE8, 0xA8, 0x4D, 0x0F, 0xD6, 0xDF, 0x1E, 0xF9, 0x7A, 0xD8, 0xF5,
    0xA8, 0xD6, 0x83, 0xD3, 0xB8, 0xBA, 0x1E, 0x7B, 0xEB, 0x71, 0xFD, 0xF9, 0x38, 0x90, 0x79, 0x8C,
    0xCB, 0xD4, 0xD3, 0x28, 0x26, 0x4D, 0x97, 0x04, 0xD3, 0x6B, 0xB2, 0x29, 0x6A, 0xD4, 0x9E, 0x6B,
    0x5F, 0xBE, 0x1F, 0xB8, 0x59, 0xE6, 0xE1, 0x2A, 0x98, 0x07, 0x4F, 0xB7, 0x8F, 0xEF, 0xBD, 0x0A,
    0xC6, 0x1F, 0x6A, 0x4E, 0xAB, 0x34, 0xBB, 0x29, 0x0F, 0xE4, 0x12, 0x00, 0xD9, 0x4F, 0x72, 0xF4,
    0x16, 0x4B, 0xB5, 0xA6, 0x1F, 0x75, 0x5E, 0xB6, 0xDE, 0x1B, 0xE5, 0x6A, 0xB8, 0xC8, 0x6B, 0x3C,
    0x4F, 0x21, 0x69, 0x47, 0x65, 0xB2, 0xCD, 0x04, 0xFC, 0x35, 0x46, 0xEB, 0x13, 0xA6, 0x6B, 0xE3,
    0xCF, 0xD4, 0x84, 0xA2, 0xCE, 0x27, 0x51, 0xF5, 0x27, 0x3F, 0x3D, 0xAE, 0x3F, 0x7D, 0xF4, 0xEA,
    0xE6, 0xF7, 0x70, 0xCE, 0x7D, 0xAD, 0x5E, 0x60, 0x54, 0x77, 0x39, 0xE8, 0x79, 0xFB, 0xEC, 0x0E,
    0x7F, 0x13, 0xAD, 0x07, 0x29, 0xB6, 0x55, 0xDB, 0x3C, 0x8E, 0x66, 0x6C, 0xF9, 0x71, 0x80, 0x13,
    0xDE, 0xE8, 0x90, 0x47, 0x5E, 0xEF, 0x91, 0x90, 0x7B, 0x82, 0x39, 0x79, 0x2D, 0xBE, 0x77, 0x89,
    0xAC, 0x69, 0x39, 0xB0, 0x76, 0x15, 0x7B, 0xD6, 0xD5, 0x27, 0x5C, 0x3A, 0x54, 0xA5, 0xAD, 0x1D,
    0x5C, 0x6D, 0xCB, 0x0A, 0xF4, 0xB6, 0xB4, 0xA3, 0xB0, 0x25, 0x7D, 0x05, 0x7B, 0xEE, 0xB0, 0x51,
    0xAF, 0xBE, 0x6A, 0xEE, 0xA2, 0xB8, 0xF6, 0xB2, 0xBD, 0x8B, 0xFC, 0xFE, 0xCB, 0x76, 0x40, 0xBE,
    0x7A, 0x19, 0x06, 0x70, 0x5C, 0x7E, 0xAD, 0x79, 0xFC, 0xC5, 0x7E, 0x8F, 0xEC, 0xC9, 0xBD, 0xD7,
    0x3D, 0xD2, 0x6F, 0xFC, 0xEB, 0x0E, 0xE9, 0x73, 0xCF, 0x80, 0x84, 0xB5, 0x3B, 0x72, 0xCE, 0xB2,
    0x6A, 0x55, 0xD8, 0x16, 0x33, 0xB5, 0x01, 0x19, 0x4B, 0x13, 0x48, 0xB6, 0x93, 0xBD, 0xBA, 0xD8,
    0x15, 0x15, 0x49, 0x54, 0xCD, 0x0B, 0xAA, 0xFF, 0xEF, 0xAF, 0x45, 0x3E, 0x0A, 0xDB, 0xD2, 0xEC,
    0xEF, 0xD0, 0xD3, 0x90, 0xAC, 0x47, 0x23, 0x46, 0x5B, 0x00, 0x99, 0x6C, 0x30, 0xA4, 0x3F, 0xC6,
    0xE9, 0x0F, 0x86, 0x12, 0xDF, 0x4B, 0x05, 0x09, 0x1F, 0x08, 0x72, 0x1E, 0x0A, 0x2C, 0x29, 0xA8,
    0x5A, 0x2B, 0x70, 0xD3, 0x97, 0xBC, 0xCE, 0xDE, 0xC6, 0x2B, 0xD3, 0x6E, 0xB5, 0x5F, 0x6D, 0x5E,
    0x61, 0xF8, 0x57, 0xC1, 0x9C, 0xEF, 0x0B, 0xB6, 0xCB, 0x90, 0x61, 0x8D, 0xEE, 0x7C, 0x8D, 0x82,
    0x02, 0xC7, 0x7E, 0xCE, 0x47, 0x9F, 0x25, 0x11, 0xDB, 0xFB, 0xB2, 0xDB, 0xDE, 0xAF, 0x79, 0x00,
    0x3E, 0x7D, 0xFD, 0xDB, 0xED, 0xFD, 0xAF, 0x7B, 0x46, 0x80, 0x74, 0x00, 0x12, 0x3E, 0xFA, 0x1C,
    0x64, 0x8F, 0x42, 0x3B, 0xC3, 0xD6, 0xF4, 0x33, 0xC2, 0xF4, 0xC9, 0xA0, 0xA4, 0xA2, 0x98, 0xA0,
    0x14, 0xAD, 0x62, 0xBD, 0xE2, 0x4A, 0x25, 0x02, 0xE6, 0xB5, 0x00, 0x24, 0xE5, 0x18, 0x66, 0x18,
    0x37, 0x7A, 0x96, 0x4A, 0xE5, 0x15, 0xDB, 0x28, 0x79, 0x50, 0x4C, 0x77, 0xF4, 0x7E, 0x49, 0x54,
    0xE6, 0x04, 0xB7, 0x4B, 0xAF, 0xDA, 0xFE, 0x02, 0x45, 0x28, 0x51, 0xBC, 0x6C, 0x51, 0x70, 0x4C,
    0x8F, 0x7B, 0xC0, 0x06, 0xCC, 0xF8, 0xA2, 0xC9, 0x78, 0x18, 0xB2, 0x4F, 0x59, 0xCF, 0x8A, 0x01,
    0x28, 0x02, 0x30, 0x7D, 0x29, 0x02, 0x8C, 0x76, 0x66, 0x7C, 0xBC, 0xE9, 0x0C, 0x0F, 0x00, 0xA0,
    0x22, 0x5B, 0x00, 0x96, 0x14, 0x00, 0xF9, 0xCD, 0x5D, 0x62, 0x5C, 0x09, 0x4B, 0x95, 0xA0, 0x07,
    0x66, 0x44, 0xB5, 0x1E, 0xB6, 0x01, 0xE6, 0x71, 0x1A, 0xC9, 0xB0, 0x1E, 0x32, 0x8D, 0x54, 0x50,
    0x35, 0xBB, 0xCB, 0xAC, 0x87, 0xBB, 0x4F, 0xD1, 0xC1, 0x07, 0x8C, 0xA6, 0x9B, 0xF1, 0x42, 0xA8,
    0x4C, 0x48, 0x98, 0x37, 0x36, 0x0F, 0xF9, 0x50, 0x78, 0x5B, 0xFC, 0x8B, 0x9D, 0xF5, 0x77, 0x2D,
    0xD9, 0x58, 0x0E, 0x96, 0x11, 0x15, 0x7B, 0xCB, 0x25, 0x5C, 0xD5, 0x00, 0x80, 0xC3, 0xB4, 0x38,
    0x89, 0x38, 0x39, 0x1B, 0xA6, 0x31, 0x97, 0xE3, 0x23, 0x99, 0x46, 0xD1, 0xE9, 0x36, 0x23, 0x90,
    0x92, 0x25, 0xB2, 0xC1, 0x4D, 0x7F, 0x94, 0x27, 0x90, 0xAA, 0x46, 0x2A, 0xAE, 0x44, 0x12, 0x09,
    0xCC, 0x19, 0x01, 0x50, 0x14, 0x17, 0x80, 0x9F, 0x5B, 0x25, 0xD8, 0x0E, 0xB3, 0xDE, 0x09, 0x92,
    0x81, 0x03, 0x32, 0xBE, 0x22, 0xCC, 0xF3, 0x17, 0x44, 0x71, 0xC1, 0xB3, 0xB4, 0x69, 0xC9, 0x1A,
    0x33, 0x38, 0x0F, 0x6C, 0x39, 0x4D, 0x25, 0x67, 0xA9, 0x44, 0x28, 0x1D, 0x0A, 0x1E, 0x68, 0xAC,
    0xB5, 0xB6, 0xD8, 0x77, 0xA1, 0x08, 0xA6, 0xE7, 0x66, 0x15, 0x21, 0x93, 0xB1, 0xED, 0xE3, 0xA2,
    0x2B, 0xC8, 0xA0, 0xF9, 0x82, 0x03, 0x8A, 0x7D, 0xA0, 0x08, 0x6F, 0x07, 0x88, 0x36, 0x5D, 0xA9,
    0x8A, 0xF4, 0x09, 0xC9, 0xD2, 0x70, 0xD8, 0x45, 0x2E, 0x02, 0xD8, 0xA0, 0x54, 0x8D, 0xE2, 0xBC,
    0xC2, 0x7A, 0x82, 0xF4, 0xC7, 0x19, 0x9C, 0xD7, 0xDD, 0x0D, 0xB6, 0x1D, 0xE9, 0x14, 0xC3, 0x81,
    0x3E, 0x25, 0xE9, 0x31, 0x71, 0x96, 0x7F, 0x03, 0x20, 0xD8, 0x30, 0x67, 0x0D, 0x24, 0xF4, 0x1B,
    0x32, 0x36, 0x80, 0x61, 0x50, 0xBE, 0x51, 0xF2, 0xC7, 0x1D, 0x60, 0x57, 0x02, 0x4B, 0x52, 0x26,
    0xC0, 0x73, 0x04, 0x08, 0x1E, 0x3B, 0x97, 0x0A, 0x6C, 0x93, 0xF5, 0x28, 0x5A, 0xD3, 0x21, 0x0F,
    0x26, 0xC0, 0x84, 0x5C, 0xE9, 0x6C, 0x83, 0x54, 0xAC, 0x47, 0x22, 0x33, 0x37, 0x20, 0x27, 0x1B,
    0x43, 0x86, 0xEC, 0xD9, 0x6E, 0xBF, 0xFD, 0xB7, 0xD4, 0x08, 0x37, 0x0B, 0x15, 0x9B, 0x19, 0x89,
    0x94, 0x3D, 0xB8, 0x59, 0xB6, 0x05, 0xA6, 0x02, 0x4E, 0x15, 0xC3, 0x8E, 0x18, 0x52, 0x12, 0x0D,
    0xBB, 0x5C, 0x02, 0x02, 0x9C, 0xD5, 0x49, 0x0E, 0x89, 0x36, 0xEE, 0x15, 0xBD, 0xFC, 0xC8, 0x06,
    0x41, 0xE5, 0x05, 0x4E, 0x63, 0xFD, 0x1F, 0xDA, 0xEC, 0x55, 0xAD, 0xC0, 0x76, 0x72, 0x2A, 0x67,
    0x94, 0x8C, 0x94, 0xB9, 0x36, 0xDD, 0x68, 0x10, 0x8C, 0xCD, 0xFB, 0x24, 0x20, 0x19, 0x49, 0xFB,
    0x2C, 0x20, 0x27, 0xD9, 0xF3, 0x0D, 0x1F, 0x1E, 0xEC, 0xEE, 0xEB, 0x7F, 0x24, 0x8A, 0x80, 0xEF,
    0x22, 0x9F, 0x18, 0x7E, 0x61, 0x7A, 0xC3, 0x5E, 0x6F, 0xF8, 0x91, 0x99, 0xEB, 0x80, 0x8C, 0x4B,
    0xC0, 0x31, 0x62, 0x46, 0x0E, 0x48, 0xB8, 0x23, 0x48, 0x05, 0xD8, 0x30, 0x8C, 0xAC, 0x2F, 0x4F,
    0x07, 0x80, 0x2C, 0x01, 0xCB, 0x30, 0x9E, 0x14, 0x00, 0x55, 0x54, 0x32, 0x56, 0xC5, 0x93, 0x17,
    0x24, 0x29, 0x7C, 0xFA, 0x45, 0x77, 0x85, 0xBF, 0xF7, 0xE1, 0xBD, 0xA1, 0x38, 0x08, 0x95, 0x24,
    0x24, 0xDB, 0xE4, 0xCF, 0x8C, 0x48, 0x7C, 0x78, 0x77, 0x0D, 0x49, 0x39, 0x6A, 0xB1, 0x58, 0x5C,
    0xC4, 0x66, 0x8D, 0xC7, 0xC7, 0xF7, 0x50, 0x04, 0xFC, 0xAF, 0xDD, 0xBE, 0x7D, 0xBB, 0x26, 0xE9,
    0x3F, 0xE1, 0xDF, 0x6B, 0x54, 0x1E, 0x28, 0x5A, 0xDC, 0x76, 0xAF, 0xA7, 0x73, 0xE3, 0x9C, 0x2E,
    0x9F, 0xF3, 0x20, 0x4B, 0xB0, 0x9F, 0x0E, 0x61, 0x9B, 0xF5, 0xCB, 0xB7, 0x7F, 0xDF, 0x02, 0x33,
    0xD6, 0x80, 0xD3, 0x0D, 0x1B, 0x90, 0x09, 0x36, 0xFD, 0x00, 0x59, 0x8C, 0xC8, 0x38, 0xA0, 0x60,
    0x0D, 0xCA, 0x69, 0x70, 0xB8, 0x8B, 0xF3, 0x8C, 0xC8, 0xD9, 0x82, 0x82, 0x05, 0x65, 0xC6, 0x1B,
    0x5A, 0x26, 0xF3, 0x98, 0x49, 0x32, 0x64, 0x92, 0x4A, 0x26, 0x79, 0x9F, 0x45, 0x86, 0x8C, 0xF4,
    0x19, 0x23, 0x52, 0x2E, 0x91, 0x75, 0x00, 0x70, 0xE5, 0x57, 0xA3, 0xC1, 0x94, 0x93, 0xB5, 0xDA,
    0x1B, 0xAF, 0x3A, 0x92, 0x11, 0x56, 0x65, 0x63, 0x46, 0x03, 0x3E, 0x7C, 0xB4, 0xB8, 0xD4, 0x63,
    0xDC, 0xBD, 0x03, 0x73, 0xDF, 0xD7, 0xEF, 0xC2, 0x3C, 0x7C, 0xD5, 0xAA, 0x64, 0x77, 0x19, 0x46,
    0x9C, 0xEB, 0x60, 0xDA, 0x1F, 0xE7, 0x0D, 0x6C, 0x00, 0x30, 0x63, 0xAF, 0xE2, 0x2B, 0xDE, 0xFC,
    0x08, 0x80, 0xA3, 0xA8, 0xB9, 0x7A, 0xB4, 0x63, 0x5B, 0x7C, 0x97, 0xBB, 0x64, 0x8B, 0x39, 0xC9,
    0x08, 0xA3, 0xB2, 0xCE, 0x63, 0xF5, 0x17, 0x7A, 0x1B, 0x6C, 0x5B, 0xB5, 0x95, 0xB7, 0x6D, 0x11,
    0x9C, 0x9A, 0x07, 0xD6, 0x56, 0x6F, 0xB5, 0x93, 0x02, 0xA6, 0xFF, 0x6F, 0x26, 0xE4, 0x12, 0xCA,
    0x30, 0xC2, 0x32, 0x89, 0x3B, 0xF4, 0x49, 0x84, 0x6B, 0x14, 0x7B, 0x12, 0xE7, 0xDF, 0x89, 0x97,
    0xE8, 0x1D, 0x49, 0x28, 0x32, 0xB2, 0x84, 0x6E, 0x60, 0x8D, 0x23, 0x8F, 0xF3, 0x4E, 0x5C, 0x60,
    0xBB, 0xAB, 0xAE, 0x3C, 0x90, 0xB1, 0xDD, 0xFE, 0x4C, 0xE1, 0x0D, 0x1F, 0x33, 0x14, 0xAF, 0x56,
    0x5F, 0xF6, 0xF6, 0xE9, 0xEA, 0xA1, 0xB8, 0xD5, 0x6A, 0x35, 0x50, 0x89, 0xDC, 0x5B, 0xDD, 0xE7,
    0x11, 0xF7, 0xC8, 0x1A, 0x80, 0x1B, 0xA9, 0xBC, 0x62, 0x1B, 0x25, 0x0F, 0x4A, 0x36, 0x28, 0x73,
    0xDE, 0x5C, 0x5C, 0xB4, 0x24, 0x65, 0xCB, 0xF8, 0x61, 0x63, 0x64, 0xA3, 0x89, 0x46, 0xF0, 0x96,
    0x76, 0x95, 0x25, 0xEB, 0x4D, 0x7A, 0x3C, 0x9D, 0xE3, 0xA0, 0xF5, 0xDA, 0xB4, 0x5F, 0xB3, 0x76,
    0x7E, 0x1B, 0x3D, 0x6F, 0xA9, 0xE4, 0xE6, 0x7D, 0x9A, 0xE9, 0x7D, 0x8F, 0xC2, 0xEE, 0x01, 0x52,
    0x12, 0xB9, 0x66, 0x0F, 0x7E, 0x89, 0xAA, 0x59, 0x7F, 0x8D, 0x59, 0x7F, 0x2B, 0x0F, 0xB8, 0x66,
    0xA6, 0xCF, 0xD9, 0x9D, 0x9E, 0x9B, 0x6A, 0x70, 0xFD, 0xD1, 0x2D, 0x06, 0x92, 0x6F, 0xFA, 0x37,
    0xFB, 0xFF, 0xFF, 0xFF, 0x07, 0x18, 0x66, 0x00, 0x02, 0x00, 0xC5, 0x91, 0x2B, 0x6C, 0xC3, 0x30,
    0x14, 0x45, 0x5F, 0x5A, 0x6D, 0x01, 0x05, 0xE5, 0x28, 0x1C, 0x85, 0x23, 0x87, 0xA3, 0x81, 0x76,
    0xEB, 0x54, 0x3A, 0x5E, 0x4E, 0x5A, 0x73, 0x34, 0x32, 0xCE, 0x39, 0x19, 0x4B, 0x38, 0x2A, 0x29,
    0x37, 0x47, 0x21, 0x95, 0x52, 0xC9, 0xF1, 0xD9, 0xB3, 0xDD, 0xCF, 0xD8, 0xA4, 0x7D, 0x34, 0x72,
    0x0F, 0xB8, 0x96, 0xEE, 0xD3, 0xB1, 0x6C, 0x4E, 0xD2, 0x0E, 0x05, 0xA1, 0xC4, 0x4F, 0x19, 0xE7,
    0xF8, 0x32, 0xAC, 0xAA, 0x71, 0x51, 0x7A, 0xA9, 0x7A, 0x99, 0x79, 0xA9, 0x7B, 0xA9, 0xF1, 0x2D,
    0x3D, 0xC0, 0x25, 0xD7, 0xE3, 0x72, 0x73, 0x7C, 0xC8, 0xED, 0xCF, 0x53, 0xEA, 0x50, 0xD9, 0x02,
    0xCC, 0x7E, 0x4A, 0x30, 0xFB, 0x92, 0x65, 0x65, 0x75, 0x5F, 0x62, 0x2D, 0x71, 0xDD, 0x38, 0xAE,
    0xB1, 0x1E, 0x17, 0xC6, 0x69, 0xF1, 0xED, 0xD0, 0x35, 0xE3, 0xE2, 0x9A, 0x8B, 0x6B, 0xAE, 0xE4,
    0x59, 0xE3, 0xDA, 0xFE, 0xFA, 0x5A, 0xF2, 0xBB, 0x95, 0x6C, 0x98, 0x26, 0x39, 0x1E, 0x68, 0xB2,
    0xE5, 0xAD, 0x64, 0xCF, 0x72, 0x31, 0x71, 0x71, 0x6D, 0x01, 0x3E, 0x33, 0x1B, 0xC7, 0xE6, 0x77,
    0x7F, 0xC7, 0x7C, 0x2F, 0xF6, 0x7C, 0xAF, 0x3D, 0xDF, 0x6B, 0xD3, 0xBD, 0x2F, 0xCA, 0x74, 0xEF,
    0xED, 0xFD, 0x7F, 0xDF, 0x5B, 0xB4, 0x27, 0x95, 0x07, 0x4E, 0x0C, 0x78, 0xD9, 0x1D, 0x37, 0x5E,
    0xE8, 0xB4, 0xC5, 0xA6, 0xA8, 0xF0, 0x58, 0xAE, 0xA1, 0xFF, 0x99, 0x8A, 0xAF, 0xA2, 0x4C, 0x11,
    0x56, 0x51, 0x80, 0xD7, 0x95, 0x18, 0xB2, 0x1B, 0x44, 0x2A, 0x5E, 0x45, 0xA4, 0x80, 0x51, 0x51,
    0x02, 0x8D, 0xC8, 0x3C, 0x3C, 0x62, 0x15, 0xBD, 0xDC, 0x70, 0xCF, 0x50, 0x40, 0x67, 0x08, 0x33,
    0x45, 0x8B, 0x9F, 0x2B, 0x38, 0xBC, 0xDF, 0xF1, 0xD6, 0x68, 0x1D, 0x9F, 0xE0, 0x12, 0x76, 0x21,
    0xA1, 0xC6, 0x45, 0x4C, 0xF0, 0x11, 0x52, 0x87, 0x84, 0x29, 0x09, 0x93, 0x84, 0xD3, 0x93, 0xE2,
    0x60, 0xE3, 0x76, 0x4B, 0x07, 0x83, 0x18, 0xBA, 0x5A, 0x8B, 0x59, 0x68, 0x3E, 0x00, 0x25, 0xCD,
    0x57, 0x01, 0xC2, 0x40, 0x10, 0x84, 0xE1, 0xA3, 0x77, 0x90, 0x40, 0x1C, 0x20, 0x21, 0x02, 0xB0,
    0x81, 0x8F, 0xE0, 0x07, 0x09, 0x54, 0x09, 0x48, 0x88, 0x84, 0x7B, 0xA3, 0x2D, 0xFC, 0xCC, 0xA4,
    0x5C, 0xFF, 0xB6, 0xA4, 0x94, 0x0A, 0x4D, 0x7D, 0xD1, 0xAC, 0x3D, 0x9A, 0x6D, 0xC5, 0xCD, 0x5B,
    0x49, 0xF6, 0xC6, 0x21, 0x4C, 0x75, 0xAA, 0x4C, 0x37, 0x0D, 0xD1, 0x7D, 0x37, 0x13, 0xF2, 0x89,
    0x51, 0x28, 0x8B, 0x98, 0xA1, 0x2C, 0x9E, 0xCA, 0x2C, 0xA1, 0x5E, 0x93, 0xAF, 0xB0, 0xAF, 0x78,
    0x6E, 0xA0, 0x0B, 0x79, 0xC6, 0x6F, 0x04, 0xB7, 0x2E, 0xDF, 0x19, 0xEA, 0x21, 0x44, 0x45, 0x85,
    0x6E, 0x31, 0x93, 0xA9, 0x66, 0x37, 0xDA, 0xF6, 0xA7, 0x9E, 0x48, 0xB8, 0x15, 0x09, 0x4D, 0x42,
    0x93, 0xB1, 0xDD, 0x0A, 0xCD, 0x3F,
};

static const EpdGlyph notosans_14_boldGlyphs[] = {
    { 0, 0, 0, 0, 0, 0, 0 }, // U+0000
    { 0, 0, 121, 0, 0, 0, 0 }, // U+000D
    { 0, 0, 121, 0, 0, 0, 0 }, // U+0020
    { 5, 21, 132, 2, 21, 27, 0 }, // !
    { 12, 7, 224, 1, 21, 21, 27 }, // "
    { 18, 21, 302, 1, 21, 95, 48 }, // #
    { 15, 24, 267, 1, 22, 90, 143 }, // $
    { 24, 21, 421, 1, 21, 126, 233 }, // %
    { 21, 21, 350, 1, 21, 111, 359 }, // &
    { 5, 7, 124, 1, 21, 9, 470 }, // '
    { 9, 25, 158, 1, 21, 57, 479 }, // (
    { 9, 25, 158, 0, 21, 57, 536 }, // )
    { 15, 14, 253, 0, 22, 53, 593 }, // *
    { 14, 14, 267, 1, 17, 49, 646 }, // +
    { 7, 7, 133, 0, 3, 13, 695 }, // ,
    { 8, 4, 149, 1, 10, 8, 708 }, // -
    { 5, 5, 131, 2, 5, 7, 716 }, // .
    { 12, 21, 194, 0, 21, 63, 723 }, // /
    { 15, 21, 267, 1, 21, 79, 786 }, // 0
    { 11, 21, 267, 2, 21, 58, 865 }, // 1
    { 16, 21, 267, 0, 21, 84, 923 }, // 2
    { 15, 21, 267, 1, 21, 79, 1007 }, // 3
    { 16, 21, 267, 1, 21, 84, 1086 }, // 4
    { 15, 21, 267, 1, 21, 79, 1170 }, // 5
    { 15, 21, 267, 1, 21, 79, 1249 }, // 6
    { 15, 21, 267, 1, 21, 79, 1328 }, // 7
    { 15, 21, 267, 1, 21, 79, 1407 }, // 8
    { 15, 21, 267, 1, 21, 79, 1486 }, // 9
    { 5, 16, 131, 2, 16, 20, 1565 }, // :
    { 6, 20, 133, 1, 16, 30, 1585 }, // ;
    { 14, 16, 267, 1, 18, 56, 1615 }, // <
    { 14, 9, 267, 1, 15, 32, 1671 }, // =
    { 14, 16, 267, 1, 18, 56, 1703 }, // >
    { 14, 21, 223, 0, 21, 74, 1759 }, // ?
    { 23, 23, 419, 1, 21, 133, 1833 }, // @
    { 21, 21, 323, 0, 21, 111, 1966 }, // A
    { 16, 21, 310, 2, 21, 84, 2077 }, // B
    { 17, 21, 300, 2, 21, 90, 2161 }, // C
    { 17, 21, 342, 2, 21, 90, 2251 }, // D
    { 12, 21, 261, 3, 21, 63, 2341 }, // E
    { 12, 21, 256, 3, 21, 63, 2404 }, // F
    { 17, 21, 338, 2, 21, 90, 2467 }, // G
    { 17, 21, 357, 3, 21, 90, 2557 }, // H
    { 9, 21, 182, 1, 21, 48, 2647 }, // I
    { 10, 27, 154, -2, 21, 68, 2695 }, // J
    { 17, 21, 310, 3, 21, 90, 2763 }, // K
    { 13, 21, 261, 2, 21, 69, 2853 }, // L
    { 23, 21, 440, 3, 21, 121, 2922 }, // M
    { 19, 21, 379, 3, 21, 100, 3043 }, // N
    { 20, 21, 369, 2, 21, 105, 3143 }, // O
    { 15, 21, 290, 2, 21, 79, 3248 }, // P
    { 20, 26, 369, 2, 21, 130, 3327 }, // Q
    { 17, 21, 306, 2, 21, 90, 3457 }, // R
    { 14, 21, 257, 1, 21, 74, 3547 }, // S
    { 16, 21, 269, 1, 21, 84, 3621 }, // T
    { 17, 21, 353, 2, 21, 90, 3705 }, // U
    { 19, 21, 303, 0, 21, 100, 3795 }, // V
    { 29, 21, 451, 0, 21, 153, 3895 }, // W
    { 20, 21, 313, 0, 21, 105, 4048 }, // X
    { 19, 21, 292, 0, 21, 100, 4153 }, // Y
    { 15, 21, 270, 1, 21, 79, 4253 }, // Z
    { 7, 26, 154, 2, 21, 46, 4332 }, // [
    { 12, 21, 194, 0, 21, 63, 4378 }, // <backslash>
    { 7, 26, 154, 1, 21, 46, 4441 }, // ]
    { 17, 14, 267, 0, 21, 60, 4487 }, // ^
    { 12, 2, 192, 0, -3, 6, 4547 }, // _
    { 9, 5, 170, 1, 22, 12, 4553 }, // `
    { 15, 16, 280, 1, 16, 60, 4565 }, // a
    { 15, 22, 295, 2, 22, 83, 4625 }, // b
    { 13, 16, 241, 1, 16, 52, 4708 }, // c
    { 15, 22, 295, 1, 22, 83, 4760 }, // d
    { 15, 16, 279, 1, 16, 60, 4843 }, // e
    { 13, 22, 181, 1, 22, 72, 4903 }, // f
    { 15, 23, 295, 1, 16, 87, 4975 }, // g
    { 15, 22, 303, 2, 22, 83, 5062 }, // h
    { 5, 22, 140, 2, 22, 28, 5145 }, // i
    { 9, 29, 139, -2, 22, 66, 5173 }, // j
    { 16, 22, 289, 2, 22, 88, 5239 }, // k
    { 5, 22, 139, 2, 22, 28, 5327 }, // l
    { 25, 16, 455, 2, 16, 100, 5355 }, // m
    { 15, 16, 303, 2, 16, 60, 5455 }, // n
    { 16, 16, 292, 1, 16, 64, 5515 }, // o
    { 15, 23, 295, 2, 16, 87, 5579 }, // p
    { 15, 23, 295, 1, 16, 87, 5666 }, // q
    { 11, 16, 209, 2, 16, 44, 5753 }, // r
    { 12, 16, 234, 1, 16, 48, 5797 }, // s
    { 11, 20, 203, 1, 20, 55, 5845 }, // t
    { 15, 16, 303, 2, 16, 60, 5900 }, // u
    { 17, 16, 267, 0, 16, 68, 5960 }, // v
    { 26, 16, 400, -1, 16, 104, 6028 }, // w
    { 17, 16, 270, 0, 16, 68, 6132 }, // x
    { 18, 23, 267, -1, 16, 104, 6200 }, // y
    { 13, 16, 230, 1, 16, 52, 6304 }, // z
    { 11, 26, 184, 0, 21, 72, 6356 }, // {
    { 3, 29, 257, 6, 22, 22, 6428 }, // |
    { 11, 26, 184, 1, 21, 72, 6450 }, // }
    { 14, 7, 267, 1, 14, 25, 6522 }, // ~
    { 0, 0, 121, 0, 0, 0, 0 }, // U+00A0
    { 5, 21, 133, 2, 16, 27, 0 }, // U+00A1
    { 13, 21, 267, 2, 21, 69, 27 }, // U+00A2
    { 15, 21, 267, 1, 21, 79, 96 }, // U+00A3
    { 15, 16, 265, 1, 18, 60, 175 }, // U+00A4
    { 17, 21, 267, 0, 21, 90, 235 }, // U+00A5
    { 3, 29, 257, 6, 22, 22, 325 }, // U+00A6
    { 11, 22, 227, 2, 22, 61, 347 }, // U+00A7
    { 11, 4, 277, 4, 22, 11, 408 }, // U+00A8
    { 22, 21, 388, 1, 21, 116, 419 }, // U+00A9
    { 9, 10, 178, 1, 21, 23, 535 }, // U+00AA
    { 16, 14, 287, 1, 15, 56, 558 }, // U+00AB
    { 14, 9, 267, 1, 13, 32, 614 }, // U+00AC
    { 8, 4, 149, 1, 10, 8, 646 }, // U+00AD
    { 22, 21, 388, 1, 21, 116, 654 }, // U+00AE
    { 15, 4, 233, 0, 26, 15, 770 }, // U+00AF
    { 10, 10, 198, 1, 21, 25, 785 }, // U+00B0
    { 14, 18, 267, 1, 18, 63, 810 }, // U+00B1
    { 10, 13, 177, 0, 25, 33, 873 }, // U+00B2
    { 11, 13, 177, 0, 25, 36, 906 }, // U+00B3
    { 9, 5, 170, 1, 22, 12, 942 }, // U+00B4
    { 15, 23, 305, 2, 16, 87, 954 }, // U+00B5
    { 15, 26, 302, 2, 22, 98, 1041 }, // U+00B6
    { 5, 5, 131, 2, 13, 7, 1139 }, // U+00B7
    { 7, 7, 123, 0, 0, 13, 1146 }, // U+00B8
    { 8, 12, 177, 1, 24, 24, 1159 }, // U+00B9
    { 10, 10, 180, 1, 21, 25, 1183 }, // U+00BA
    { 17, 14, 287, 1, 15, 60, 1208 }, // U+00BB
    { 24, 20, 387, 0, 20, 120, 1268 }, // U+00BC
    { 24, 20, 408, 0, 20, 120, 1388 }, // U+00BD
    { 24, 21, 394, 1, 21, 126, 1508 }, // U+00BE
    { 13, 22, 223, 1, 16, 72, 1634 }, // U+00BF
    { 21, 27, 323, 0, 27, 142, 1706 }, // U+00C0
    { 21, 27, 323, 0, 27, 142, 1848 }, // U+00C1
    { 21, 27, 323, 0, 27, 142, 1990 }, // U+00C2
    { 21, 27, 323, 0, 27, 142, 2132 }, // U+00C3
    { 21, 27, 323, 0, 27, 142, 2274 }, // U+00C4
    { 21, 26, 323, -1, 26, 137, 2416 }, // U+00C5
    { 27, 21, 444, 0, 21, 142, 2553 }, // U+00C6
    { 17, 28, 300, 2, 21, 119, 2695 }, // U+00C7
    { 12, 27, 261, 3, 27, 81, 2814 }, // U+00C8
    { 12, 27, 261, 3, 27, 81, 2895 }, // U+00C9
    { 12, 27, 261, 3, 27, 81, 2976 }, // U+00CA
    { 12, 27, 261, 3, 27, 81, 3057 }, // U+00CB
    { 10, 27, 182, 0, 27, 68, 3138 }, // U+00CC
    { 10, 27, 182, 1, 27, 68, 3206 }, // U+00CD
    { 13, 27, 182, -1, 27, 88, 3274 }, // U+00CE
    { 11, 27, 182, 1, 27, 75, 3362 }, // U+00CF
    { 19, 21, 342, 1, 21, 100, 3437 }, // U+00D0
    { 19, 27, 376, 3, 27, 129, 3537 }, // U+00D1
    { 20, 27, 369, 2, 27, 135, 3666 }, // U+00D2
    { 20, 27, 369, 2, 27, 135, 3801 }, // U+00D3
    { 20, 27, 369, 2, 27, 135, 3936 }, // U+00D4
    { 20, 27, 369, 2, 27, 135, 4071 }, // U+00D5
    { 20, 27, 369, 2, 27, 135, 4206 }, // U+00D6
    { 14, 14, 267, 1, 17, 49, 4341 }, // U+00D7
    { 20, 23, 369, 2, 22, 115, 4390 }, // U+00D8
    { 17, 27, 353, 2, 27, 115, 4505 }, // U+00D9
    { 17, 27, 353, 2, 27, 115, 4620 }, // U+00DA
    { 17, 27, 353, 2, 27, 115, 4735 }, // U+00DB
    { 17, 27, 353, 2, 27, 115, 4850 }, // U+00DC
    { 19, 27, 292, 0, 27, 129, 4965 }, // U+00DD
    { 15, 21, 293, 3, 21, 79, 5094 }, // U+00DE
    { 18, 22, 329, 2, 22, 99, 5173 }, // U+00DF
    { 15, 22, 280, 1, 22, 83, 5272 }, // U+00E0
    { 15, 22, 280, 1, 22, 83, 5355 }, // U+00E1
    { 15, 22, 280, 1, 22, 83, 5438 }, // U+00E2
    { 15, 22, 280, 1, 22, 83, 5521 }, // U+00E3
    { 15, 22, 280, 1, 22, 83, 5604 }, // U+00E4
    { 15, 24, 280, 1, 24, 90, 5687 }, // U+00E5
    { 25, 16, 428, 1, 16, 100, 5777 }, // U+00E6
    { 13, 23, 241, 1, 16, 75, 5877 }, // U+00E7
    { 15, 22, 279, 1, 22, 83, 5952 }, // U+00E8
    { 15, 22, 279, 1, 22, 83, 6035 }, // U+00E9
    { 15, 22, 279, 1, 22, 83, 6118 }, // U+00EA
    { 15, 22, 279, 1, 22, 83, 6201 }, // U+00EB
    { 10, 22, 140, -1, 22, 55, 6284 }, // U+00EC
    { 10, 22, 140, 1, 22, 55, 6339 }, // U+00ED
    { 13, 22, 140, -2, 22, 72, 6394 }, // U+00EE
    { 11, 22, 140, -1, 22, 61, 6466 }, // U+00EF
    { 16, 23, 293, 1, 23, 92, 6527 }, // U+00F0
    { 15, 22, 303, 2, 22, 83, 6619 }, // U+00F1
    { 16, 22, 292, 1, 22, 88, 6702 }, // U+00F2
    { 16, 22, 292, 1, 22, 88, 6790 }, // U+00F3
    { 16, 22, 292, 1, 22, 88, 6878 }, // U+00F4
    { 16, 22, 292, 1, 22, 88, 6966 }, // U+00F5
    { 16, 22, 292, 1, 22, 88, 7054 }, // U+00F6
    { 14, 14, 267, 1, 17, 49, 7142 }, // U+00F7
    { 16, 18, 289, 1, 17, 72, 7191 }, // U+00F8
    { 15, 22, 303, 2, 22, 83, 7263 }, // U+00F9
    { 15, 22, 303, 2, 22, 83, 7346 }, // U+00FA
    { 15, 22, 303, 2, 22, 83, 7429 }, // U+00FB
    { 15, 22, 303, 2, 22, 83, 0 }, // U+00FC
    { 18, 29, 267, -1, 22, 131, 83 }, // U+00FD
    { 15, 29, 295, 2, 22, 109, 214 }, // U+00FE
    { 18, 29, 267, -1, 22, 131, 323 }, // U+00FF
    { 22, 26, 323, -1, 26, 143, 0 }, // U+0100
    { 15, 21, 280, 1, 21, 79, 143 }, // U+0101
    { 21, 27, 323, 0, 27, 142, 222 }, // U+0102
    { 15, 22, 280, 1, 22, 83, 364 }, // U+0103
    { 22, 28, 323, -1, 21, 154, 447 }, // U+0104
    { 15, 23, 280, 1, 16, 87, 601 }, // U+0105
    { 17, 27, 300, 2, 27, 115, 688 }, // U+0106
    { 14, 22, 241, 1, 22, 77, 803 }, // U+0107
    { 17, 27, 300, 2, 27, 115, 880 }, // U+0108
    { 14, 22, 241, 1, 22, 77, 995 }, // U+0109
    { 17, 27, 300, 2, 27, 115, 1072 }, // U+010A
    { 13, 22, 241, 1, 22, 72, 1187 }, // U+010B
    { 17, 27, 300, 2, 27, 115, 1259 }, // U+010C
    { 14, 22, 241, 1, 22, 77, 1374 }, // U+010D
    { 17, 27, 342, 2, 27, 115, 1451 }, // U+010E
    { 22, 22, 295, 1, 22, 121, 1566 }, // U+010F
    { 19, 21, 342, 1, 21, 100, 1687 }, // U+0110
    { 17, 22, 301, 1, 22, 94, 1787 }, // U+0111
    { 12, 26, 261, 3, 26, 78, 1881 }, // U+0112
    { 15, 21, 279, 1, 21, 79, 1959 }, // U+0113
    { 12, 27, 261, 3, 27, 81, 2038 }, // U+0114
    { 15, 22, 279, 1, 22, 83, 2119 }, // U+0115
    { 12, 27, 261, 3, 27, 81, 2202 }, // U+0116
    { 15, 22, 279, 1, 22, 83, 2283 }, // U+0117
    { 12, 28, 261, 3, 21, 84, 2366 }, // U+0118
    { 15, 23, 276, 1, 16, 87, 2450 }, // U+0119
    { 13, 27, 261, 3, 27, 88, 2537 }, // U+011A
    { 15, 22, 279, 1, 22, 83, 2625 }, // U+011B
    { 17, 27, 338, 2, 27, 115, 2708 }, // U+011C
    { 15, 29, 295, 1, 22, 109, 2823 }, // U+011D
    { 17, 28, 338, 2, 28, 119, 2932 }, // U+011E
    { 15, 29, 295, 1, 22, 109, 3051 }, // U+011F
    { 17, 27, 338, 2, 27, 115, 3160 }, // U+0120
    { 15, 29, 295, 1, 22, 109, 3275 }, // U+0121
    { 17, 27, 338, 2, 21, 115, 3384 }, // U+0122
    { 15, 29, 295, 1, 22, 109, 3499 }, // U+0123
    { 17, 27, 357, 3, 27, 115, 3608 }, // U+0124
    { 19, 28, 303, -2, 28, 133, 3723 }, // U+0125
    { 22, 21, 358, 0, 21, 116, 3856 }, // U+0126
    { 17, 22, 307, 1, 22, 94, 3972 }, // U+0127
    { 12, 27, 182, -1, 27, 81, 4066 }, // U+0128
    { 13, 22, 140, -2, 22, 72, 4147 }, // U+0129
    { 9, 26, 182, 1, 26, 59, 4219 }, // U+012A
    { 10, 21, 140, 0, 21, 53, 4278 }, // U+012B
    { 11, 27, 182, 1, 27, 75, 4331 }, // U+012C
    { 11, 22, 140, -1, 22, 61, 4406 }, // U+012D
    { 9, 28, 182, 1, 21, 63, 4467 }, // U+012E
    { 6, 29, 140, 1, 22, 44, 4530 }, // U+012F
    { 9, 27, 182, 1, 27, 61, 4574 }, // U+0130
    { 5, 16, 140, 2, 16, 20, 4635 }, // U+0131
    { 18, 27, 337, 1, 21, 122, 4655 }, // U+0132
    { 14, 29, 285, 2, 22, 102, 4777 }, // U+0133
    { 14, 34, 154, -2, 28, 119, 4879 }, // U+0134
    { 13, 29, 139, -2, 22, 95, 4998 }, // U+0135
    { 17, 28, 308, 3, 21, 119, 5093 }, // U+0136
    { 16, 29, 289, 2, 22, 116, 5212 }, // U+0137
    { 16, 16, 289, 2, 16, 64, 5328 }, // U+0138
    { 14, 27, 261, 1, 27, 95, 5392 }, // U+0139
    { 10, 28, 139, 1, 28, 70, 5487 }, // U+013A
    { 13, 28, 261, 2, 21, 91, 5557 }, // U+013B
    { 6, 29, 139, 1, 22, 44, 5648 }, // U+013C
    { 14, 21, 261, 2, 21, 74, 5692 }, // U+013D
    { 11, 22, 139, 2, 22, 61, 5766 }, // U+013E
    { 13, 21, 261, 2, 21, 69, 5827 }, // U+013F
    { 10, 22, 172, 2, 22, 55, 5896 }, // U+0140
    { 16, 21, 264, 0, 21, 84, 5951 }, // U+0141
    { 11, 22, 142, -1, 22, 61, 6035 }, // U+0142
    { 19, 27, 376, 3, 27, 129, 6096 }, // U+0143
    { 15, 22, 303, 2, 22, 83, 6225 }, // U+0144
    { 19, 28, 376, 3, 21, 133, 6308 }, // U+0145
    { 15, 23, 303, 2, 16, 87, 6441 }, // U+0146
    { 19, 27, 376, 3, 27, 129, 6528 }, // U+0147
    { 15, 22, 303, 2, 22, 83, 6657 }, // U+0148
    { 21, 21, 362, 0, 21, 111, 6740 }, // U+0149
    { 19, 27, 379, 3, 21, 129, 6851 }, // U+014A
    { 15, 23, 303, 2, 16, 87, 6980 }, // U+014B
    { 20, 25, 369, 2, 25, 125, 7067 }, // U+014C
    { 16, 21, 292, 1, 21, 84, 7192 }, // U+014D
    { 20, 28, 369, 2, 28, 140, 0 }, // U+014E
    { 16, 22, 292, 1, 22, 88, 140 }, // U+014F
    { 20, 27, 369, 2, 27, 135, 228 }, // U+0150
    { 16, 22, 292, 1, 22, 88, 363 }, // U+0151
    { 25, 21, 454, 2, 21, 132, 451 }, // U+0152
    { 26, 16, 456, 1, 16, 104, 583 }, // U+0153
    { 17, 27, 306, 2, 27, 115, 687 }, // U+0154
    { 12, 22, 209, 2, 22, 66, 802 }, // U+0155
    { 17, 28, 306, 2, 21, 119, 868 }, // U+0156
    { 12, 23, 209, 1, 16, 69, 987 }, // U+0157
    { 17, 27, 306, 2, 27, 115, 1056 }, // U+0158
    { 13, 22, 209, 1, 22, 72, 1171 }, // U+0159
    { 14, 27, 257, 1, 27, 95, 1243 }, // U+015A
    { 12, 22, 234, 1, 22, 66, 1338 }, // U+015B
    { 14, 27, 257, 1, 27, 95, 1404 }, // U+015C
    { 13, 22, 234, 0, 22, 72, 1499 }, // U+015D
    { 14, 28, 257, 1, 21, 98, 1571 }, // U+015E
    { 12, 23, 234, 1, 16, 69, 1669 }, // U+015F
    { 14, 27, 257, 1, 27, 95, 1738 }, // U+0160
    { 14, 22, 234, 0, 22, 77, 1833 }, // U+0161
    { 16, 28, 269, 1, 21, 112, 1910 }, // U+0162
    { 11, 26, 203, 1, 19, 72, 2022 }, // U+0163
    { 16, 27, 269, 1, 27, 108, 2094 }, // U+0164
    { 16, 22, 203, 1, 22, 88, 2202 }, // U+0165
    { 16, 21, 269, 1, 21, 84, 2290 }, // U+0166
    { 11, 20, 203, 1, 20, 55, 2374 }, // U+0167
    { 17, 27, 353, 2, 27, 115, 2429 }, // U+0168
    { 15, 22, 303, 2, 22, 83, 2544 }, // U+0169
    { 17, 25, 353, 2, 25, 107, 2627 }, // U+016A
    { 15, 21, 303, 2, 21, 79, 2734 }, // U+016B
    { 17, 28, 353, 2, 28, 119, 2813 }, // U+016C
    { 15, 22, 303, 2, 22, 83, 2932 }, // U+016D
    { 17, 30, 353, 2, 30, 128, 3015 }, // U+016E
    { 15, 24, 303, 2, 24, 90, 3143 }, // U+016F
    { 17, 27, 353, 2, 27, 115, 3233 }, // U+0170
    { 15, 22, 303, 2, 22, 83, 3348 }, // U+0171
    { 17, 28, 353, 2, 21, 119, 3431 }, // U+0172
    { 15, 23, 303, 2, 16, 87, 3550 }, // U+0173
    { 29, 27, 451, 0, 27, 196, 3637 }, // U+0174
    { 26, 22, 402, -1, 22, 143, 3833 }, // U+0175
    { 19, 27, 292, 0, 27, 129, 3976 }, // U+0176
    { 18, 29, 267, -1, 22, 131, 4105 }, // U+0177
    { 19, 27, 292, 0, 27, 129, 4236 }, // U+0178
    { 15, 27, 270, 1, 27, 102, 4365 }, // U+0179
    { 13, 22, 230, 1, 22, 72, 4467 }, // U+017A
    { 15, 27, 270, 1, 27, 102, 4539 }, // U+017B
    { 13, 22, 230, 1, 22, 72, 4641 }, // U+017C
    { 15, 27, 270, 1, 27, 102, 4713 }, // U+017D
    { 14, 22, 230, 1, 22, 77, 4815 }, // U+017E
    { 10, 22, 179, 2, 22, 55, 4892 }, // U+017F
    { 24, 22, 383, 2, 22, 132, 0 }, // U+01A0
    { 20, 19, 318, 1, 19, 95, 132 }, // U+01A1
    { 24, 22, 413, 2, 22, 132, 227 }, // U+01AF
    { 22, 19, 353, 2, 19, 105, 359 }, // U+01B0
    { 35, 27, 611, 2, 27, 237, 464 }, // U+01C4
    { 34, 22, 572, 2, 22, 187, 701 }, // U+01C5
    { 32, 22, 525, 1, 22, 176, 888 }, // U+01C6
    { 21, 27, 418, 2, 21, 142, 1064 }, // U+01C7
    { 21, 29, 406, 2, 22, 153, 1206 }, // U+01C8
    { 14, 29, 285, 2, 22, 102, 1359 }, // U+01C9
    { 28, 27, 534, 3, 21, 189, 1461 }, // U+01CA
    { 28, 29, 522, 3, 22, 203, 1650 }, // U+01CB
    { 24, 29, 449, 2, 22, 174, 1853 }, // U+01CC
    { 21, 27, 323, 0, 27, 142, 2027 }, // U+01CD
    { 15, 22, 280, 1, 22, 83, 2169 }, // U+01CE
    { 13, 27, 182, -1, 27, 88, 2252 }, // U+01CF
    { 13, 22, 140, -2, 22, 72, 2340 }, // U+01D0
    { 20, 27, 369, 2, 27, 135, 2412 }, // U+01D1
    { 16, 22, 292, 1, 22, 88, 2547 }, // U+01D2
    { 17, 27, 353, 2, 27, 115, 2635 }, // U+01D3
    { 15, 22, 303, 2, 22, 83, 2750 }, // U+01D4
    { 17, 30, 353, 2, 30, 128, 2833 }, // U+01D5
    { 15, 25, 303, 2, 25, 94, 2961 }, // U+01D6
    { 17, 30, 353, 2, 30, 128, 3055 }, // U+01D7
    { 15, 26, 303, 2, 26, 98, 3183 }, // U+01D8
    { 17, 31, 353, 2, 31, 132, 3281 }, // U+01D9
    { 15, 26, 303, 2, 26, 98, 3413 }, // U+01DA
    { 17, 30, 353, 2, 30, 128, 3511 }, // U+01DB
    { 15, 26, 303, 2, 26, 98, 3639 }, // U+01DC
    { 15, 16, 279, 1, 16, 60, 3737 }, // U+01DD
    { 22, 30, 323, -1, 30, 165, 3797 }, // U+01DE
    { 15, 25, 280, 1, 25, 94, 3962 }, // U+01DF
    { 22, 31, 323, -1, 31, 171, 4056 }, // U+01E0
    { 15, 26, 280, 1, 26, 98, 4227 }, // U+01E1
    { 26, 26, 444, 0, 26, 169, 4325 }, // U+01E2
    { 25, 21, 428, 1, 21, 132, 4494 }, // U+01E3
    { 19, 21, 338, 2, 21, 100, 4626 }, // U+01E4
    { 17, 23, 297, 1, 16, 98, 4726 }, // U+01E5
    { 17, 27, 338, 2, 27, 115, 4824 }, // U+01E6
    { 15, 29, 295, 1, 22, 109, 4939 }, // U+01E7
    { 17, 27, 308, 3, 27, 115, 5048 }, // U+01E8
    { 20, 28, 289, -2, 28, 140, 5163 }, // U+01E9
    { 20, 28, 369, 2, 21, 140, 5303 }, // U+01EA
    { 16, 23, 292, 1, 16, 92, 5443 }, // U+01EB
    { 20, 32, 369, 2, 25, 160, 5535 }, // U+01EC
    { 16, 28, 292, 1, 21, 112, 5695 }, // U+01ED
    { 16, 27, 276, 0, 27, 108, 5807 }, // U+01EE
    { 16, 29, 271, 0, 22, 116, 5915 }, // U+01EF
    { 13, 29, 139, -2, 22, 95, 6031 }, // U+01F0
    { 35, 21, 611, 2, 21, 184, 6126 }, // U+01F1
    { 33, 21, 572, 2, 21, 174, 6310 }, // U+01F2
    { 31, 22, 525, 1, 22, 171, 6484 }, // U+01F3
    { 17, 27, 338, 2, 27, 115, 6655 }, // U+01F4
    { 15, 29, 295, 1, 22, 109, 6770 }, // U+01F5
    { 26, 21, 489, 3, 21, 137, 6879 }, // U+01F6
    { 16, 28, 316, 3, 21, 112, 7016 }, // U+01F7
    { 19, 27, 376, 3, 27, 129, 7128 }, // U+01F8
    { 15, 22, 303, 2, 22, 83, 7257 }, // U+01F9
    { 21, 28, 323, -1, 28, 147, 7340 }, // U+01FA
    { 15, 28, 280, 1, 28, 105, 7487 }, // U+01FB
    { 27, 27, 444, 0, 27, 183, 0 }, // U+01FC
    { 25, 22, 428, 1, 22, 138, 183 }, // U+01FD
    { 20, 28, 369, 2, 27, 140, 321 }, // U+01FE
    { 16, 23, 289, 1, 22, 92, 461 }, // U+01FF
    { 21, 27, 323, 0, 27, 142, 553 }, // U+0200
    { 16, 22, 280, 0, 22, 88, 695 }, // U+0201
    { 21, 28, 323, -1, 28, 147, 783 }, // U+0202
    { 15, 22, 280, 1, 22, 83, 930 }, // U+0203
    { 14, 27, 261, 1, 27, 95, 1013 }, // U+0204
    { 16, 22, 279, 0, 22, 88, 1108 }, // U+0205
    { 12, 28, 261, 3, 28, 84, 1196 }, // U+0206
    { 16, 22, 279, 1, 22, 88, 1280 }, // U+0207
    { 12, 27, 182, -2, 27, 81, 1368 }, // U+0208
    { 13, 22, 140, -4, 22, 72, 1449 }, // U+0209
    { 12, 28, 182, 0, 28, 84, 1521 }, // U+020A
    { 12, 22, 140, -2, 22, 66, 1605 }, // U+020B
    { 20, 27, 369, 2, 27, 135, 1671 }, // U+020C
    { 16, 22, 292, 1, 22, 88, 1806 }, // U+020D
    { 20, 28, 369, 2, 28, 140, 1894 }, // U+020E
    { 16, 22, 292, 1, 22, 88, 2034 }, // U+020F
    { 18, 27, 306, 1, 27, 122, 2122 }, // U+0210
    { 14, 22, 209, -1, 22, 77, 2244 }, // U+0211
    { 17, 28, 306, 2, 28, 119, 2321 }, // U+0212
    { 12, 22, 209, 1, 22, 66, 2440 }, // U+0213
    { 17, 27, 353, 2, 27, 115, 2506 }, // U+0214
    { 16, 22, 303, 1, 22, 88, 2621 }, // U+0215
    { 17, 28, 353, 2, 28, 119, 2709 }, // U+0216
    { 15, 22, 303, 2, 22, 83, 2828 }, // U+0217
    { 14, 27, 257, 1, 21, 95, 2911 }, // U+0218
    { 12, 22, 234, 1, 16, 66, 3006 }, // U+0219
    { 16, 28, 269, 1, 21, 112, 3072 }, // U+021A
    { 11, 26, 203, 1, 20, 72, 3184 }, // U+021B
    { 16, 26, 294, 1, 21, 104, 3256 }, // U+021C
    { 14, 23, 236, 0, 16, 81, 3360 }, // U+021D
    { 17, 27, 357, 3, 27, 115, 3441 }, // U+021E
    { 19, 28, 303, -2, 28, 133, 3556 }, // U+021F
    { 9, 5, 0, -16, 22, 12, 0 }, // U+0300
    { 9, 5, 0, -11, 22, 12, 12 }, // U+0301
    { 12, 5, 0, -6, 22, 15, 24 }, // U+0302
    { 12, 5, 0, -16, 22, 15, 39 }, // U+0303
    { 10, 4, 0, -5, 21, 10, 54 }, // U+0304
    { 12, 4, 0, -6, 25, 12, 64 }, // U+0305
    { 11, 5, 0, -5, 22, 14, 76 }, // U+0306
    { 5, 4, 0, -2, 22, 5, 90 }, // U+0307
    { 11, 4, 0, -5, 22, 11, 95 }, // U+0308
    { 6, 8, 0, -12, 25, 12, 106 }, // U+0309
    { 8, 7, 0, -4, 24, 14, 118 }, // U+030A
    { 14, 5, 0, -5, 22, 18, 132 }, // U+030B
    { 13, 5, 0, -6, 22, 17, 150 }, // U+030C
    { 3, 5, 0, -1, 22, 4, 167 }, // U+030D
    { 8, 5, 0, -4, 22, 10, 171 }, // U+030E
    { 13, 5, 0, -17, 22, 17, 181 }, // U+030F
    { 10, 7, 0, -5, 24, 18, 198 }, // U+0310
    { 12, 6, 0, -6, 23, 18, 216 }, // U+0311
    { 6, 7, 0, -3, 21, 11, 234 }, // U+0312
    { 6, 7, 0, -3, 21, 11, 245 }, // U+0313
    { 6, 7, 0, -3, 21, 11, 256 }, // U+0314
    { 6, 7, 0, -3, 21, 11, 267 }, // U+0315
    { 9, 5, 0, -5, -1, 12, 278 }, // U+0316
    { 10, 5, 0, -5, -1, 13, 290 }, // U+0317
    { 5, 5, 0, -2, -1, 7, 303 }, // U+0318
    { 5, 5, 0, -2, -1, 7, 310 }, // U+0319
    { 7, 7, 140, 1, 22, 13, 317 }, // U+031A
    { 7, 7, 0, -3, 22, 13, 330 }, // U+031B
    { 4, 7, 0, -2, 0, 7, 343 }, // U+031C
    { 6, 5, 0, -3, -1, 8, 350 }, // U+031D
    { 6, 5, 0, -3, -1, 8, 358 }, // U+031E
    { 6, 6, 0, -3, -1, 9, 366 }, // U+031F
    { 6, 2, 0, -3, -3, 3, 375 }, // U+0320
    { 7, 9, 0, -6, 2, 16, 378 }, // U+0321
    { 7, 9, 0, 0, 2, 16, 394 }, // U+0322
    { 5, 4, 0, -12, -2, 5, 410 }, // U+0323
    { 11, 4, 0, -5, -2, 11, 415 }, // U+0324
    { 8, 7, 0, -4, 0, 14, 426 }, // U+0325
    { 6, 5, 0, -3, -1, 8, 440 }, // U+0326
    { 7, 7, 0, -4, 0, 13, 448 }, // U+0327
    { 6, 8, 0, -3, 1, 12, 461 }, // U+0328
    { 3, 5, 0, -1, -1, 4, 473 }, // U+0329
    { 10, 5, 0, -5, -1, 13, 477 }, // U+032A
    { 11, 5, 0, -5, -1, 14, 490 }, // U+032B
    { 13, 5, 0, -6, -1, 17, 504 }, // U+032C
    { 12, 5, 0, -6, -1, 15, 521 }, // U+032D
    { 11, 5, 0, -5, -1, 14, 536 }, // U+032E
    { 12, 6, 0, -6, 0, 18, 550 }, // U+032F
    { 12, 5, 0, -6, -1, 15, 568 }, // U+0330
    { 10, 4, 0, -5, -1, 10, 583 }, // U+0331
    { 14, 2, 0, -7, -3, 7, 593 }, // U+0332
    { 12, 6, 0, -7, 0, 18, 600 }, // U+0333
    { 13, 5, 0, -6, 11, 17, 618 }, // U+0334
    { 12, 4, 0, -6, 11, 12, 635 }, // U+0335
    { 21, 4, 0, -11, 10, 21, 647 }, // U+0336
    { 12, 8, 0, -6, 12, 24, 668 }, // U+0337
    { 14, 24, 0, -7, 22, 84, 692 }, // U+0338
    { 5, 7, 0, -2, 0, 9, 776 }, // U+0339
    { 10, 5, 0, -5, -1, 13, 785 }, // U+033A
    { 11, 6, 0, -5, -1, 17, 798 }, // U+033B
    { 11, 4, 0, -5, -2, 11, 815 }, // U+033C
    { 6, 7, 0, -3, 23, 11, 826 }, // U+033D
    { 6, 9, 0, -3, 25, 14, 837 }, // U+033E
    { 12, 6, 0, -7, 28, 18, 851 }, // U+033F
    { 9, 5, 0, -7, 22, 12, 869 }, // U+0340
    { 9, 5, 0, -2, 22, 12, 881 }, // U+0341
    { 13, 5, 0, -6, 22, 17, 893 }, // U+0342
    { 5, 6, 0, -3, 22, 8, 910 }, // U+0343
    { 16, 5, 0, -6, 22, 20, 918 }, // U+0344
    { 5, 5, 0, -1, -2, 7, 938 }, // U+0345
    { 13, 5, 0, -6, 22, 17, 945 }, // U+0346
    { 12, 6, 0, -7, 0, 18, 962 }, // U+0347
    { 8, 5, 0, -4, -1, 10, 980 }, // U+0348
    { 6, 6, 0, -3, -1, 9, 990 }, // U+0349
    { 12, 8, 0, -6, 23, 24, 999 }, // U+034A
    { 12, 11, 0, -6, 27, 33, 1023 }, // U+034B
    { 12, 8, 0, -6, 25, 24, 1056 }, // U+034C
    { 11, 6, 0, -5, -1, 17, 1080 }, // U+034D
    { 6, 7, 0, -3, 0, 11, 1097 }, // U+034E
    { 21, 21, 0, -10, 21, 111, 1108 }, // U+034F
    { 5, 6, 0, -2, 23, 8, 1219 }, // U+0350
    { 4, 7, 0, -1, 24, 7, 1227 }, // U+0351
    { 11, 7, 0, -5, 24, 20, 1234 }, // U+0352
    { 6, 7, 0, -3, 0, 11, 1254 }, // U+0353
    { 5, 6, 0, -2, -1, 8, 1265 }, // U+0354
    { 5, 6, 0, -2, -1, 8, 1273 }, // U+0355
    { 12, 6, 0, -5, -1, 18, 1281 }, // U+0356
    { 4, 7, 0, -1, 24, 7, 1299 }, // U+0357
    { 5, 4, 0, 3, 22, 5, 1306 }, // U+0358
    { 8, 6, 0, -4, -1, 12, 1311 }, // U+0359
    { 12, 7, 0, -5, -1, 21, 1323 }, // U+035A
    { 6, 6, 0, -3, 23, 9, 1344 }, // U+035B
    { 24, 6, 0, -12, -1, 36, 1353 }, // U+035C
    { 24, 6, 0, -12, 23, 36, 1389 }, // U+035D
    { 18, 2, 0, -9, 20, 9, 1425 }, // U+035E
    { 18, 2, 0, -9, -2, 9, 1434 }, // U+035F
    { 24, 4, 0, -12, 22, 24, 1443 }, // U+0360
    { 24, 7, 0, -12, 26, 42, 1467 }, // U+0361
    { 24, 8, 0, -11, 0, 48, 1509 }, // U+0362
    { 6, 8, 0, -3, 25, 12, 1557 }, // U+0363
    { 7, 8, 0, -3, 25, 14, 1569 }, // U+0364
    { 2, 9, 0, -1, 27, 5, 1583 }, // U+0365
    { 7, 7, 0, -3, 24, 13, 1588 }, // U+0366
    { 7, 7, 0, -3, 24, 13, 1601 }, // U+0367
    { 6, 7, 0, -2, 24, 11, 1614 }, // U+0368
    { 7, 10, 0, -3, 27, 18, 1625 }, // U+0369
    { 7, 9, 0, -3, 27, 16, 1643 }, // U+036A
    { 11, 6, 0, -5, 24, 17, 1659 }, // U+036B
    { 5, 7, 0, -2, 25, 9, 1676 }, // U+036C
    { 5, 9, 0, -2, 26, 12, 1685 }, // U+036D
    { 9, 7, 0, -4, 25, 16, 1697 }, // U+036E
    { 8, 6, 0, -4, 24, 12, 1713 }, // U+036F
    { 13, 27, 262, 2, 27, 88, 0 }, // U+0400
    { 13, 27, 262, 2, 27, 88, 88 }, // U+0401
    { 21, 21, 357, 1, 21, 111, 176 }, // U+0402
    { 13, 27, 263, 3, 27, 88, 287 }, // U+0403
    { 17, 21, 304, 2, 21, 90, 375 }, // U+0404
    { 14, 21, 255, 1, 21, 74, 465 }, // U+0405
    { 5, 21, 151, 2, 21, 27, 539 }, // U+0406
    { 9, 27, 154, 1, 27, 61, 566 }, // U+0407
    { 10, 27, 154, -2, 21, 68, 627 }, // U+0408
    { 29, 21, 483, 0, 21, 153, 695 }, // U+0409
    { 27, 21, 496, 3, 21, 142, 848 }, // U+040A
    { 20, 21, 363, 1, 21, 105, 990 }, // U+040B
    { 18, 27, 319, 3, 27, 122, 1095 }, // U+040C
    { 18, 27, 369, 3, 27, 122, 1217 }, // U+040D
    { 19, 27, 301, 0, 27, 129, 1339 }, // U+040E
    { 17, 26, 358, 3, 21, 111, 1468 }, // U+040F
    { 21, 21, 323, 0, 21, 111, 1579 }, // U+0410
    { 15, 21, 303, 3, 21, 79, 1690 }, // U+0411
    { 16, 21, 309, 2, 21, 84, 1769 }, // U+0412
    { 13, 21, 263, 3, 21, 69, 1853 }, // U+0413
    { 22, 26, 362, 1, 21, 143, 1922 }, // U+0414
    { 13, 21, 262, 2, 21, 69, 2065 }, // U+0415
    { 29, 21, 465, 0, 21, 153, 2134 }, // U+0416
    { 15, 21, 277, 1, 21, 79, 2287 }, // U+0417
    { 18, 21, 369, 3, 21, 95, 2366 }, // U+0418
    { 18, 27, 369, 3, 27, 122, 2461 }, // U+0419
    { 18, 21, 323, 3, 21, 95, 2583 }, // U+041A
    { 20, 21, 342, 0, 21, 105, 2678 }, // U+041B
    { 23, 21, 440, 3, 21, 121, 2783 }, // U+041C
    { 18, 21, 359, 3, 21, 95, 2904 }, // U+041D
    { 20, 21, 363, 2, 21, 105, 2999 }, // U+041E
    { 17, 21, 356, 3, 21, 90, 3104 }, // U+041F
    { 15, 21, 291, 2, 21, 79, 3194 }, // U+0420
    { 17, 21, 301, 2, 21, 90, 3273 }, // U+0421
    { 16, 21, 269, 1, 21, 84, 3363 }, // U+0422
    { 19, 21, 301, 0, 21, 100, 3447 }, // U+0423
    { 23, 21, 421, 2, 21, 121, 3547 }, // U+0424
    { 20, 21, 311, 0, 21, 105, 3668 }, // U+0425
    { 20, 26, 362, 3, 21, 130, 3773 }, // U+0426
    { 17, 21, 336, 2, 21, 90, 3903 }, // U+0427
    { 27, 21, 498, 2, 21, 142, 3993 }, // U+0428
    { 29, 26, 501, 2, 21, 189, 4135 }, // U+0429
    { 20, 21, 352, 1, 21, 105, 4324 }, // U+042A
    { 22, 21, 429, 3, 21, 116, 4429 }, // U+042B
    { 15, 21, 301, 3, 21, 79, 4545 }, // U+042C
    { 17, 21, 306, 1, 21, 90, 4624 }, // U+042D
    { 26, 21, 475, 3, 21, 137, 4714 }, // U+042E
    { 17, 21, 318, 0, 21, 90, 4851 }, // U+042F
    { 15, 16, 278, 1, 16, 60, 4941 }, // U+0430
    { 16, 23, 291, 1, 23, 92, 5001 }, // U+0431
    { 14, 16, 278, 2, 16, 56, 5093 }, // U+0432
    { 11, 16, 222, 2, 16, 44, 5149 }, // U+0433
    { 19, 20, 297, 1, 16, 95, 5193 }, // U+0434
    { 15, 16, 273, 1, 16, 60, 5288 }, // U+0435
    { 26, 16, 404, 0, 16, 104, 5348 }, // U+0436
    { 14, 16, 240, 0, 16, 56, 5452 }, // U+0437
    { 15, 16, 315, 2, 16, 60, 5508 }, // U+0438
    { 15, 22, 315, 2, 22, 83, 5568 }, // U+0439
    { 16, 16, 288, 2, 16, 64, 5651 }, // U+043A
    { 17, 16, 291, 0, 16, 68, 5715 }, // U+043B
    { 20, 16, 391, 2, 16, 80, 5783 }, // U+043C
    { 15, 16, 306, 2, 16, 60, 5863 }, // U+043D
    { 16, 16, 290, 1, 16, 64, 5923 }, // U+043E
    { 15, 16, 303, 2, 16, 60, 5987 }, // U+043F
    { 15, 23, 296, 2, 16, 87, 6047 }, // U+0440
    { 14, 16, 245, 1, 16, 56, 6134 }, // U+0441
    { 14, 16, 236, 1, 16, 56, 6190 }, // U+0442
    { 17, 23, 267, 0, 16, 98, 6246 }, // U+0443
    { 21, 29, 378, 1, 22, 153, 6344 }, // U+0444
    { 18, 16, 269, 0, 16, 72, 6497 }, // U+0445
    { 17, 20, 303, 2, 16, 85, 6569 }, // U+0446
    { 15, 16, 297, 2, 16, 60, 6654 }, // U+0447
    { 24, 16, 445, 2, 16, 96, 6714 }, // U+0448
    { 26, 20, 445, 2, 16, 130, 6810 }, // U+0449
    { 19, 16, 313, 0, 16, 76, 6940 }, // U+044A
    { 21, 16, 399, 2, 16, 84, 7016 }, // U+044B
    { 14, 16, 276, 2, 16, 56, 7100 }, // U+044C
    { 14, 16, 245, 1, 16, 56, 7156 }, // U+044D
    { 22, 16, 397, 2, 16, 88, 7212 }, // U+044E
    { 16, 16, 282, 0, 16, 64, 7300 }, // U+044F
    { 15, 23, 273, 1, 23, 87, 7364 }, // U+0450
    { 15, 22, 273, 1, 22, 83, 0 }, // U+0451
    { 17, 29, 305, 0, 22, 124, 83 }, // U+0452
    { 12, 22, 224, 2, 22, 66, 207 }, // U+0453
    { 14, 16, 245, 1, 16, 56, 273 }, // U+0454
    { 12, 16, 232, 1, 16, 48, 329 }, // U+0455
    { 5, 22, 144, 2, 22, 28, 377 }, // U+0456
    { 7, 22, 140, 1, 22, 39, 405 }, // U+0457
    { 9, 29, 139, -2, 22, 66, 444 }, // U+0458
    { 26, 16, 419, 0, 16, 104, 510 }, // U+0459
    { 24, 16, 432, 2, 16, 96, 614 }, // U+045A
    { 17, 22, 305, 0, 22, 94, 710 }, // U+045B
    { 16, 22, 288, 2, 22, 88, 804 }, // U+045C
    { 15, 22, 315, 2, 22, 83, 892 }, // U+045D
    { 17, 29, 267, 0, 22, 124, 975 }, // U+045E
    { 15, 20, 303, 2, 16, 75, 1099 }, // U+045F
    { 27, 21, 445, 1, 21, 142, 1174 }, // U+0460
    { 25, 16, 413, 1, 16, 100, 1316 }, // U+0461
    { 19, 21, 314, 0, 21, 100, 1416 }, // U+0462
    { 18, 19, 311, 1, 19, 86, 1516 }, // U+0463
    { 25, 21, 443, 3, 21, 132, 1602 }, // U+0464
    { 21, 16, 375, 2, 16, 84, 1734 }, // U+0465
    { 23, 21, 341, 0, 21, 121, 1818 }, // U+0466
    { 20, 16, 299, -1, 16, 80, 1939 }, // U+0467
    { 28, 21, 469, 3, 21, 147, 2019 }, // U+0468
    { 25, 16, 421, 2, 16, 100, 2166 }, // U+0469
    { 23, 21, 375, 1, 21, 121, 2266 }, // U+046A
    { 19, 16, 291, -1, 16, 76, 2387 }, // U+046B
    { 28, 21, 501, 3, 21, 147, 2463 }, // U+046C
    { 24, 16, 411, 2, 16, 96, 2610 }, // U+046D
    { 17, 33, 295, 1, 26, 141, 2706 }, // U+046E
    { 15, 27, 259, 1, 20, 102, 2847 }, // U+046F
    { 21, 21, 411, 2, 21, 111, 2949 }, // U+0470
    { 21, 29, 393, 2, 22, 153, 3060 }, // U+0471
    { 20, 21, 369, 2, 21, 105, 3213 }, // U+0472
    { 15, 16, 289, 1, 16, 60, 3318 }, // U+0473
    { 21, 21, 335, 0, 21, 111, 3378 }, // U+0474
    { 18, 16, 282, 0, 16, 72, 3489 }, // U+0475
    { 21, 27, 335, 0, 27, 142, 3561 }, // U+0476
    { 18, 22, 282, 0, 22, 99, 3703 }, // U+0477
    { 37, 28, 616, 2, 21, 259, 3802 }, // U+0478
    { 34, 23, 549, 1, 16, 196, 4061 }, // U+0479
    { 21, 24, 388, 2, 22, 126, 4257 }, // U+047A
    { 17, 19, 320, 1, 17, 81, 4383 }, // U+047B
    { 29, 32, 508, 2, 32, 232, 4464 }, // U+047C
    { 25, 27, 447, 1, 27, 169, 4696 }, // U+047D
    { 27, 26, 446, 1, 26, 176, 4865 }, // U+047E
    { 24, 22, 413, 1, 22, 132, 5041 }, // U+047F
    { 18, 28, 316, 2, 21, 126, 5173 }, // U+0480
    { 13, 23, 245, 1, 16, 75, 5299 }, // U+0481
    { 16, 20, 284, 1, 19, 80, 5374 }, // U+0482
    { 11, 6, 0, -14, 21, 17, 5454 }, // U+0483
    { 12, 6, 0, -14, 23, 18, 5471 }, // U+0484
    { 5, 6, 0, -10, 23, 8, 5489 }, // U+0485
    { 5, 6, 0, -10, 23, 8, 5497 }, // U+0486
    { 12, 4, 0, -6, 26, 12, 5505 }, // U+0487
    { 33, 30, 0, -16, 23, 248, 5517 }, // U+0488
    { 32, 32, 0, -16, 24, 256, 5765 }, // U+0489
    { 24, 33, 428, 3, 27, 198, 6021 }, // U+048A
    { 21, 29, 374, 2, 23, 153, 6219 }, // U+048B
    { 17, 21, 298, 1, 21, 90, 6372 }, // U+048C
    { 17, 22, 287, 1, 22, 94, 6462 }, // U+048D
    { 15, 21, 293, 3, 21, 79, 6556 }, // U+048E
    { 15, 23, 295, 2, 16, 87, 6635 }, // U+048F
    { 14, 25, 270, 2, 25, 88, 6722 }, // U+0490
    { 12, 20, 239, 2, 20, 60, 6810 }, // U+0491
    { 15, 21, 261, 1, 21, 79, 6870 }, // U+0492
    { 14, 16, 229, 1, 16, 56, 6949 }, // U+0493
    { 18, 28, 343, 3, 21, 126, 7005 }, // U+0494
    { 15, 23, 281, 2, 16, 87, 7131 }, // U+0495
    { 30, 27, 480, 0, 21, 203, 7218 }, // U+0496
    { 28, 22, 437, 0, 16, 154, 0 }, // U+0497
    { 15, 28, 277, 1, 21, 105, 154 }, // U+0498
    { 14, 23, 240, 1, 16, 81, 259 }, // U+0499
    { 19, 27, 353, 3, 21, 129, 340 }, // U+049A
    { 17, 22, 307, 2, 16, 94, 469 }, // U+049B
    { 17, 21, 312, 2, 21, 90, 563 }, // U+049C
    { 16, 16, 289, 2, 16, 64, 653 }, // U+049D
    { 20, 21, 323, 1, 21, 105, 717 }, // U+049E
    { 19, 22, 293, 1, 22, 105, 822 }, // U+049F
    { 22, 21, 342, 0, 21, 116, 927 }, // U+04A0
    { 21, 16, 324, 0, 16, 84, 1043 }, // U+04A1
    { 22, 27, 393, 3, 21, 149, 1127 }, // U+04A2
    { 19, 22, 347, 2, 16, 105, 1276 }, // U+04A3
    { 22, 21, 389, 3, 21, 116, 1381 }, // U+04A4
    { 20, 16, 354, 2, 16, 80, 1497 }, // U+04A5
    { 29, 28, 525, 3, 21, 203, 1577 }, // U+04A6
    { 23, 23, 415, 2, 16, 133, 1780 }, // U+04A7
    { 20, 22, 363, 2, 21, 110, 1913 }, // U+04A8
    { 17, 17, 306, 1, 16, 73, 2023 }, // U+04A9
    { 17, 28, 300, 2, 21, 119, 2096 }, // U+04AA
    { 13, 23, 241, 1, 16, 75, 2215 }, // U+04AB
    { 16, 27, 270, 1, 21, 108, 2290 }, // U+04AC
    { 15, 22, 257, 1, 16, 83, 2398 }, // U+04AD
    { 19, 21, 292, 0, 21, 100, 2481 }, // U+04AE
    { 18, 23, 268, -1, 16, 104, 2581 }, // U+04AF
    { 20, 21, 292, -1, 21, 105, 2685 }, // U+04B0
    { 19, 23, 268, -1, 16, 110, 2790 }, // U+04B1
    { 22, 27, 347, 0, 21, 149, 2900 }, // U+04B2
    { 19, 22, 296, 0, 16, 105, 3049 }, // U+04B3
    { 26, 28, 434, 1, 21, 182, 3154 }, // U+04B4
    { 23, 22, 369, 1, 16, 127, 3336 }, // U+04B5
    { 22, 27, 375, 2, 21, 149, 3463 }, // U+04B6
    { 20, 22, 339, 2, 16, 110, 3612 }, // U+04B7
    { 17, 21, 343, 2, 21, 90, 3722 }, // U+04B8
    { 16, 16, 308, 2, 16, 64, 3812 }, // U+04B9
    { 17, 21, 343, 2, 21, 90, 3876 }, // U+04BA
    { 15, 22, 303, 2, 22, 83, 3966 }, // U+04BB
    { 26, 21, 442, 0, 21, 137, 4049 }, // U+04BC
    { 20, 16, 330, 0, 16, 80, 4186 }, // U+04BD
    { 26, 26, 442, 0, 21, 169, 4266 }, // U+04BE
    { 20, 22, 330, 0, 16, 110, 4435 }, // U+04BF
    { 9, 21, 182, 1, 21, 48, 4545 }, // U+04C0
    { 29, 27, 467, 0, 27, 196, 4593 }, // U+04C1
    { 26, 22, 404, 0, 22, 143, 4789 }, // U+04C2
    { 18, 28, 355, 3, 21, 126, 4932 }, // U+04C3
    { 16, 23, 305, 2, 16, 92, 5058 }, // U+04C4
    { 25, 27, 391, 0, 21, 169, 5150 }, // U+04C5
    { 21, 22, 339, 0, 16, 116, 5319 }, // U+04C6
    { 17, 28, 357, 3, 21, 119, 5435 }, // U+04C7
    { 15, 23, 309, 2, 16, 87, 5554 }, // U+04C8
    { 22, 27, 400, 3, 21, 149, 5641 }, // U+04C9
    { 20, 22, 347, 2, 16, 110, 5790 }, // U+04CA
    { 17, 27, 343, 2, 21, 115, 5900 }, // U+04CB
    { 15, 22, 306, 2, 16, 83, 6015 }, // U+04CC
    { 28, 27, 484, 3, 21, 189, 6098 }, // U+04CD
    { 25, 22, 432, 2, 16, 138, 6287 }, // U+04CE
    { 9, 21, 182, 1, 21, 48, 6425 }, // U+04CF
    { 21, 27, 323, 0, 27, 142, 6473 }, // U+04D0
    { 15, 23, 280, 1, 23, 87, 6615 }, // U+04D1
    { 21, 27, 323, 0, 27, 142, 6702 }, // U+04D2
    { 15, 22, 280, 1, 22, 83, 6844 }, // U+04D3
    { 27, 21, 444, 0, 21, 142, 6927 }, // U+04D4
    { 25, 16, 428, 1, 16, 100, 7069 }, // U+04D5
    { 12, 27, 261, 3, 27, 81, 7169 }, // U+04D6
    { 15, 23, 279, 1, 23, 87, 7250 }, // U+04D7
    { 20, 21, 381, 2, 21, 105, 7337 }, // U+04D8
    { 15, 16, 279, 1, 16, 60, 7442 }, // U+04D9
    { 20, 27, 381, 2, 27, 135, 0 }, // U+04DA
    { 15, 22, 279, 1, 22, 83, 135 }, // U+04DB
    { 29, 27, 467, 0, 27, 196, 218 }, // U+04DC
    { 26, 22, 404, -1, 22, 143, 414 }, // U+04DD
    { 16, 27, 277, 0, 27, 108, 557 }, // U+04DE
    { 14, 22, 240, 0, 22, 77, 665 }, // U+04DF
    { 16, 21, 276, 0, 21, 84, 742 }, // U+04E0
    { 16, 23, 271, 0, 16, 92, 826 }, // U+04E1
    { 18, 26, 369, 3, 26, 117, 918 }, // U+04E2
    { 15, 21, 315, 2, 21, 79, 1035 }, // U+04E3
    { 18, 27, 369, 3, 27, 122, 1114 }, // U+04E4
    { 15, 22, 315, 2, 22, 83, 1236 }, // U+04E5
    { 20, 27, 369, 2, 27, 135, 1319 }, // U+04E6
    { 16, 22, 292, 1, 22, 88, 1454 }, // U+04E7
    { 20, 21, 369, 2, 21, 105, 1542 }, // U+04E8
    { 15, 16, 292, 1, 16, 60, 1647 }, // U+04E9
    { 20, 27, 369, 2, 27, 135, 1707 }, // U+04EA
    { 15, 22, 292, 1, 22, 83, 1842 }, // U+04EB
    { 17, 27, 304, 1, 27, 115, 1925 }, // U+04EC
    { 14, 22, 245, 1, 22, 77, 2040 }, // U+04ED
    { 20, 25, 301, 0, 25, 125, 2117 }, // U+04EE
    { 18, 28, 267, -1, 21, 126, 2242 }, // U+04EF
    { 20, 27, 301, -1, 27, 135, 2368 }, // U+04F0
    { 17, 29, 267, 0, 22, 124, 2503 }, // U+04F1
    { 19, 27, 301, 0, 27, 129, 2627 }, // U+04F2
    { 18, 29, 267, -1, 22, 131, 2756 }, // U+04F3
    { 17, 27, 336, 2, 27, 115, 2887 }, // U+04F4
    { 15, 22, 297, 2, 22, 83, 3002 }, // U+04F5
    { 13, 27, 262, 3, 21, 88, 3085 }, // U+04F6
    { 11, 22, 223, 2, 16, 61, 3173 }, // U+04F7
    { 22, 27, 429, 3, 27, 149, 3234 }, // U+04F8
    { 21, 22, 399, 2, 22, 116, 3383 }, // U+04F9
    { 15, 28, 261, 1, 21, 105, 3499 }, // U+04FA
    { 14, 23, 229, 1, 16, 81, 3604 }, // U+04FB
    { 22, 28, 341, -1, 21, 154, 3685 }, // U+04FC
    { 19, 23, 301, -1, 16, 110, 3839 }, // U+04FD
    { 20, 21, 313, 0, 21, 105, 3949 }, // U+04FE
    { 18, 16, 270, -1, 16, 72, 4054 }, // U+04FF
    { 21, 27, 323, 0, 21, 142, 0 }, // U+1EA0
    { 15, 22, 280, 1, 16, 83, 142 }, // U+1EA1
    { 20, 29, 323, 0, 29, 145, 225 }, // U+1EA2
    { 15, 24, 280, 1, 24, 90, 370 }, // U+1EA3
    { 21, 29, 323, 0, 29, 153, 460 }, // U+1EA4
    { 18, 24, 280, 1, 24, 108, 613 }, // U+1EA5
    { 21, 29, 323, 0, 29, 153, 721 }, // U+1EA6
    { 17, 24, 280, -1, 24, 102, 874 }, // U+1EA7
    { 21, 30, 323, -1, 30, 158, 976 }, // U+1EA8
    { 16, 25, 280, 1, 25, 100, 1134 }, // U+1EA9
    { 21, 30, 323, 0, 30, 158, 1234 }, // U+1EAA
    { 15, 26, 280, 1, 26, 98, 1392 }, // U+1EAB
    { 21, 33, 323, 0, 27, 174, 1490 }, // U+1EAC
    { 15, 28, 280, 1, 22, 105, 1664 }, // U+1EAD
    { 21, 29, 323, -1, 29, 153, 1769 }, // U+1EAE
    { 15, 25, 280, 1, 25, 94, 1922 }, // U+1EAF
    { 21, 29, 323, -1, 29, 153, 2016 }, // U+1EB0
    { 15, 25, 280, 1, 25, 94, 2169 }, // U+1EB1
    { 21, 30, 323, -1, 30, 158, 2263 }, // U+1EB2
    { 15, 25, 280, 1, 25, 94, 2421 }, // U+1EB3
    { 22, 31, 323, -1, 31, 171, 2515 }, // U+1EB4
    { 15, 26, 280, 1, 26, 98, 2686 }, // U+1EB5
    { 21, 33, 323, 0, 27, 174, 2784 }, // U+1EB6
    { 15, 28, 280, 1, 22, 105, 2958 }, // U+1EB7
    { 12, 27, 261, 3, 21, 81, 3063 }, // U+1EB8
    { 15, 22, 279, 1, 16, 83, 3144 }, // U+1EB9
    { 12, 29, 261, 3, 29, 87, 3227 }, // U+1EBA
    { 15, 24, 279, 1, 24, 90, 3314 }, // U+1EBB
    { 13, 27, 261, 3, 27, 88, 3404 }, // U+1EBC
    { 15, 22, 279, 1, 22, 83, 3492 }, // U+1EBD
    { 16, 29, 261, 2, 29, 116, 3575 }, // U+1EBE
    { 18, 24, 279, 1, 24, 108, 3691 }, // U+1EBF
    { 17, 29, 261, -2, 29, 124, 3799 }, // U+1EC0
    { 17, 24, 279, -1, 24, 102, 3923 }, // U+1EC1
    { 15, 30, 261, 2, 30, 113, 4025 }, // U+1EC2
    { 16, 25, 279, 1, 25, 100, 4138 }, // U+1EC3
    { 12, 30, 261, 3, 30, 90, 4238 }, // U+1EC4
    { 15, 26, 279, 1, 26, 98, 4328 }, // U+1EC5
    { 12, 33, 261, 3, 27, 99, 4426 }, // U+1EC6
    { 15, 28, 279, 1, 22, 105, 4525 }, // U+1EC7
    { 9, 29, 182, 1, 29, 66, 4630 }, // U+1EC8
    { 7, 24, 140, 1, 24, 42, 4696 }, // U+1EC9
    { 9, 27, 182, 1, 21, 61, 4738 }, // U+1ECA
    { 5, 28, 140, 2, 22, 35, 4799 }, // U+1ECB
    { 20, 27, 369, 2, 21, 135, 4834 }, // U+1ECC
    { 16, 22, 292, 1, 16, 88, 4969 }, // U+1ECD
    { 20, 29, 369, 2, 29, 145, 5057 }, // U+1ECE
    { 16, 24, 292, 1, 24, 96, 5202 }, // U+1ECF
    { 20, 29, 369, 2, 29, 145, 5298 }, // U+1ED0
    { 18, 24, 292, 1, 24, 108, 5443 }, // U+1ED1
    { 20, 29, 369, 2, 29, 145, 5551 }, // U+1ED2
    { 18, 24, 292, -1, 24, 108, 5696 }, // U+1ED3
    { 20, 30, 369, 2, 30, 150, 5804 }, // U+1ED4
    { 16, 25, 292, 1, 25, 100, 5954 }, // U+1ED5
    { 20, 31, 369, 2, 31, 155, 6054 }, // U+1ED6
    { 16, 26, 292, 1, 26, 104, 6209 }, // U+1ED7
    { 20, 33, 369, 2, 27, 165, 6313 }, // U+1ED8
    { 16, 28, 292, 1, 22, 112, 6478 }, // U+1ED9
    { 24, 27, 383, 2, 27, 162, 6590 }, // U+1EDA
    { 20, 22, 318, 1, 22, 110, 6752 }, // U+1EDB
    { 24, 27, 383, 2, 27, 162, 6862 }, // U+1EDC
    { 20, 22, 318, 1, 22, 110, 7024 }, // U+1EDD
    { 24, 29, 383, 2, 29, 174, 7134 }, // U+1EDE
    { 20, 24, 318, 1, 24, 120, 7308 }, // U+1EDF
    { 24, 27, 383, 2, 27, 162, 7428 }, // U+1EE0
    { 20, 22, 318, 1, 22, 110, 0 }, // U+1EE1
    { 24, 28, 383, 2, 22, 168, 110 }, // U+1EE2
    { 20, 25, 318, 1, 19, 125, 278 }, // U+1EE3
    { 17, 27, 353, 2, 21, 115, 403 }, // U+1EE4
    { 15, 22, 303, 2, 16, 83, 518 }, // U+1EE5
    { 17, 29, 353, 2, 29, 124, 601 }, // U+1EE6
    { 15, 24, 303, 2, 24, 90, 725 }, // U+1EE7
    { 24, 27, 413, 2, 27, 162, 815 }, // U+1EE8
    { 22, 22, 353, 2, 22, 121, 977 }, // U+1EE9
    { 24, 27, 413, 2, 27, 162, 1098 }, // U+1EEA
    { 22, 22, 353, 2, 22, 121, 1260 }, // U+1EEB
    { 24, 29, 413, 2, 29, 174, 1381 }, // U+1EEC
    { 22, 24, 353, 2, 24, 132, 1555 }, // U+1EED
    { 24, 27, 413, 2, 27, 162, 1687 }, // U+1EEE
    { 22, 22, 353, 2, 22, 121, 1849 }, // U+1EEF
    { 24, 28, 413, 2, 22, 168, 1970 }, // U+1EF0
    { 22, 25, 353, 2, 19, 138, 2138 }, // U+1EF1
    { 19, 27, 292, 0, 27, 129, 2276 }, // U+1EF2
    { 18, 29, 267, -1, 22, 131, 2405 }, // U+1EF3
    { 19, 27, 292, 0, 21, 129, 2536 }, // U+1EF4
    { 18, 23, 267, -1, 16, 104, 2665 }, // U+1EF5
    { 19, 29, 292, 0, 29, 138, 2769 }, // U+1EF6
    { 17, 31, 267, 0, 24, 132, 2907 }, // U+1EF7
    { 19, 27, 292, 0, 27, 129, 3039 }, // U+1EF8
    { 18, 29, 267, -1, 22, 131, 3168 }, // U+1EF9
    { 0, 0, 233, 0, 0, 0, 0 }, // U+2000
    { 0, 0, 467, 0, 0, 0, 0 }, // U+2001
    { 0, 0, 233, 0, 0, 0, 0 }, // U+2002
    { 0, 0, 467, 0, 0, 0, 0 }, // U+2003
    { 0, 0, 155, 0, 0, 0, 0 }, // U+2004
    { 0, 0, 117, 0, 0, 0, 0 }, // U+2005
    { 0, 0, 78, 0, 0, 0, 0 }, // U+2006
    { 0, 0, 267, 0, 0, 0, 0 }, // U+2007
    { 0, 0, 131, 0, 0, 0, 0 }, // U+2008
    { 0, 0, 77, 0, 0, 0, 0 }, // U+2009
    { 0, 0, 47, 0, 0, 0, 0 }, // U+200A
    { 0, 0, 0, 0, 0, 0, 0 }, // U+200B
    { 0, 0, 0, 0, 0, 0, 0 }, // U+200C
    { 0, 0, 0, 0, 0, 0, 0 }, // U+200D
    { 8, 25, 0, -1, 20, 50, 0 }, // U+200E
    { 7, 25, 0, -6, 20, 44, 50 }, // U+200F
    { 8, 4, 149, 1, 10, 8, 94 }, // U+2010
    { 8, 4, 149, 1, 10, 8, 102 }, // U+2011
    { 15, 4, 269, 1, 12, 15, 110 }, // U+2012
    { 12, 4, 233, 1, 10, 12, 125 }, // U+2013
    { 27, 4, 467, 1, 10, 27, 137 }, // U+2014
    { 27, 4, 467, 1, 10, 27, 164 }, // U+2015
    { 11, 29, 257, 3, 22, 80, 191 }, // U+2016
    { 12, 6, 192, 0, 0, 18, 271 }, // U+2017
    { 6, 7, 101, 0, 21, 11, 289 }, // U+2018
    { 6, 7, 101, 0, 21, 11, 300 }, // U+2019
    { 7, 7, 133, 0, 4, 13, 311 }, // U+201A
    { 6, 7, 101, 0, 21, 11, 324 }, // U+201B
    { 13, 7, 208, 0, 21, 23, 335 }, // U+201C
    { 13, 7, 208, 0, 21, 23, 358 }, // U+201D
    { 14, 7, 239, 0, 3, 25, 381 }, // U+201E
    { 13, 7, 208, 0, 21, 23, 406 }, // U+201F
    { 12, 22, 239, 2, 22, 66, 429 }, // U+2020
    { 12, 22, 242, 2, 22, 66, 495 }, // U+2021
    { 8, 9, 175, 1, 15, 18, 561 }, // U+2022
    { 10, 12, 175, 2, 17, 30, 579 }, // U+2023
    { 5, 5, 233, 5, 5, 7, 609 }, // U+2024
    { 14, 5, 268, 2, 5, 18, 616 }, // U+2025
    { 22, 5, 399, 2, 5, 28, 634 }, // U+2026
    { 5, 5, 131, 2, 10, 7, 662 }, // U+2027
    { 0, 0, 280, 0, 0, 0, 669 }, // U+2028
    { 0, 0, 280, 0, 0, 0, 669 }, // U+2029
    { 8, 22, 0, -1, 17, 44, 669 }, // U+202A
    { 7, 22, 0, -6, 17, 39, 713 }, // U+202B
    { 7, 24, 0, -3, 20, 42, 752 }, // U+202C
    { 8, 24, 0, -4, 20, 48, 794 }, // U+202D
    { 7, 24, 0, -3, 20, 42, 842 }, // U+202E
    { 0, 0, 77, 0, 0, 0, 884 }, // U+202F
    { 35, 21, 597, 1, 21, 184, 884 }, // U+2030
    { 47, 21, 778, 1, 21, 247, 1068 }, // U+2031
    { 9, 8, 141, 1, 21, 18, 1315 }, // U+2032
    { 15, 7, 245, 1, 21, 27, 1333 }, // U+2033
    { 21, 7, 348, 1, 21, 37, 1360 }, // U+2034
    { 9, 8, 197, 1, 21, 18, 1397 }, // U+2035
    { 15, 7, 300, 1, 21, 27, 1415 }, // U+2036
    { 22, 7, 403, 1, 21, 39, 1442 }, // U+2037
    { 12, 10, 190, 0, 3, 30, 1481 }, // U+2038
    { 9, 14, 170, 1, 15, 32, 1511 }, // U+2039
    { 9, 14, 170, 1, 15, 32, 1543 }, // U+203A
    { 22, 21, 397, 1, 21, 116, 1575 }, // U+203B
    { 13, 21, 266, 2, 21, 69, 1691 }, // U+203C
    { 14, 21, 223, 0, 21, 74, 1760 }, // U+203D
    { 15, 4, 233, 0, 26, 15, 1834 }, // U+203E
    { 18, 7, 284, 0, 0, 32, 1849 }, // U+203F
    { 18, 7, 284, 0, 23, 32, 1881 }, // U+2040
    { 12, 18, 198, 0, 11, 54, 1913 }, // U+2041
    { 33, 26, 522, 0, 22, 215, 1967 }, // U+2042
    { 8, 4, 149, 1, 10, 8, 2182 }, // U+2043
    { 16, 21, 61, -6, 21, 84, 2190 }, // U+2044
    { 7, 26, 154, 2, 21, 46, 2274 }, // U+2045
    { 7, 26, 154, 1, 21, 46, 2320 }, // U+2046
    { 28, 21, 443, 0, 21, 147, 2366 }, // U+2047
    { 21, 21, 356, 0, 21, 111, 2513 }, // U+2048
    { 20, 21, 356, 2, 21, 105, 2624 }, // U+2049
    { 14, 16, 274, 1, 16, 56, 2729 }, // U+204A
    { 15, 26, 302, 2, 22, 98, 2785 }, // U+204B
    { 15, 16, 306, 2, 16, 60, 2883 }, // U+204C
    { 15, 16, 306, 3, 16, 60, 2943 }, // U+204D
    { 15, 14, 253, 0, 8, 53, 3003 }, // U+204E
    { 6, 20, 133, 2, 16, 30, 3056 }, // U+204F
    { 18, 30, 280, 0, 23, 135, 3086 }, // U+2050
    { 15, 28, 253, 0, 22, 105, 3221 }, // U+2051
    { 13, 21, 197, 0, 21, 69, 3326 }, // U+2052
    { 28, 5, 467, 1, 11, 35, 3395 }, // U+2053
    { 18, 7, 280, 0, 0, 32, 3430 }, // U+2054
    { 15, 14, 261, 1, 14, 53, 3462 }, // U+2055
    { 14, 21, 270, 2, 21, 74, 3515 }, // U+2056
    { 27, 7, 436, 1, 21, 48, 3589 }, // U+2057
    { 23, 21, 407, 2, 21, 121, 3637 }, // U+2058
    { 23, 21, 407, 2, 21, 121, 3758 }, // U+2059
    { 5, 21, 133, 2, 21, 27, 3879 }, // U+205A
    { 17, 23, 323, 2, 23, 98, 3906 }, // U+205B
    { 23, 22, 398, 1, 22, 127, 4004 }, // U+205C
    { 5, 22, 131, 2, 22, 28, 4131 }, // U+205D
    { 5, 21, 133, 2, 21, 27, 4159 }, // U+205E
    { 0, 0, 104, 0, 0, 0, 4186 }, // U+205F
    { 0, 0, 280, 0, 0, 0, 4186 }, // U+2060
    { 0, 0, 280, 0, 0, 0, 4186 }, // U+2061
    { 0, 0, 280, 0, 0, 0, 4186 }, // U+2062
    { 0, 0, 280, 0, 0, 0, 4186 }, // U+2063
    { 0, 0, 280, 0, 0, 0, 4186 }, // U+2064
    { 0, 0, 0, 0, 0, 0, 4186 }, // U+2066
    { 0, 0, 0, 0, 0, 0, 4186 }, // U+2067
    { 0, 0, 0, 0, 0, 0, 4186 }, // U+2068
    { 0, 0, 0, 0, 0, 0, 4186 }, // U+2069
    { 7, 24, 0, -3, 20, 42, 4186 }, // U+206A
    { 8, 24, 0, -4, 20, 48, 4228 }, // U+206B
    { 7, 24, 0, -3, 20, 42, 4276 }, // U+206C
    { 7, 24, 0, -3, 20, 42, 4318 }, // U+206D
    { 7, 24, 0, -3, 20, 42, 4360 }, // U+206E
    { 7, 24, 0, -3, 20, 42, 4402 }, // U+206F
    { 10, 13, 177, 1, 25, 33, 0 }, // U+2070
    { 3, 14, 91, 1, 22, 11, 33 }, // U+2071
    { 10, 14, 177, 1, 25, 35, 44 }, // U+2074
    { 10, 13, 177, 1, 25, 33, 79 }, // U+2075
    { 10, 13, 177, 1, 25, 33, 112 }, // U+2076
    { 10, 13, 177, 1, 25, 33, 145 }, // U+2077
    { 10, 13, 177, 1, 25, 33, 178 }, // U+2078
    { 10, 13, 177, 1, 25, 33, 211 }, // U+2079
    { 8, 8, 168, 1, 21, 16, 244 }, // U+207A
    { 8, 2, 168, 1, 18, 4, 260 }, // U+207B
    { 8, 5, 168, 1, 20, 10, 264 }, // U+207C
    { 6, 16, 113, 2, 26, 24, 274 }, // U+207D
    { 6, 16, 113, 0, 26, 24, 298 }, // U+207E
    { 10, 10, 197, 1, 18, 25, 322 }, // U+207F
    { 10, 13, 177, 1, 9, 33, 347 }, // U+2080
    { 8, 13, 177, 1, 9, 26, 380 }, // U+2081
    { 10, 13, 177, 0, 9, 33, 406 }, // U+2082
    { 11, 13, 177, 0, 9, 36, 439 }, // U+2083
    { 10, 14, 177, 1, 10, 35, 475 }, // U+2084
    { 10, 13, 177, 1, 9, 33, 510 }, // U+2085
    { 10, 13, 177, 1, 9, 33, 543 }, // U+2086
    { 10, 13, 177, 1, 9, 33, 576 }, // U+2087
    { 10, 14, 177, 1, 10, 35, 609 }, // U+2088
    { 10, 13, 177, 1, 9, 33, 644 }, // U+2089
    { 8, 9, 168, 1, 7, 18, 677 }, // U+208A
    { 8, 3, 168, 1, 4, 6, 695 }, // U+208B
    { 8, 5, 168, 1, 5, 10, 701 }, // U+208C
    { 6, 16, 113, 2, 11, 24, 711 }, // U+208D
    { 6, 16, 113, 0, 11, 24, 735 }, // U+208E
    { 9, 10, 182, 1, 7, 23, 759 }, // U+2090
    { 10, 10, 181, 1, 7, 25, 782 }, // U+2091
    { 10, 10, 190, 1, 7, 25, 807 }, // U+2092
    { 11, 10, 175, 0, 7, 28, 832 }, // U+2093
    { 10, 10, 181, 1, 7, 25, 860 }, // U+2094
    { 10, 14, 197, 1, 11, 35, 885 }, // U+2095
    { 11, 14, 185, 1, 11, 39, 920 }, // U+2096
    { 3, 14, 91, 1, 11, 11, 959 }, // U+2097
    { 16, 10, 296, 1, 7, 40, 970 }, // U+2098
    { 10, 10, 197, 1, 7, 25, 1010 }, // U+2099
    { 10, 14, 192, 1, 7, 35, 1035 }, // U+209A
    { 8, 10, 152, 1, 7, 20, 1070 }, // U+209B
    { 7, 12, 128, 1, 9, 21, 1090 }, // U+209C
    { 16, 21, 267, 1, 21, 84, 0 }, // U+20A0
    { 17, 24, 284, 1, 22, 102, 84 }, // U+20A1
    { 16, 21, 267, 1, 21, 84, 186 }, // U+20A2
    { 15, 21, 267, 1, 21, 79, 270 }, // U+20A3
    { 15, 21, 267, 1, 21, 79, 349 }, // U+20A4
    { 25, 22, 455, 2, 19, 138, 428 }, // U+20A5
    { 16, 21, 267, 1, 21, 84, 566 }, // U+20A6
    { 23, 21, 415, 2, 21, 121, 650 }, // U+20A7
    { 24, 21, 428, 2, 21, 126, 771 }, // U+20A8
    { 21, 21, 344, 1, 21, 111, 897 }, // U+20A9
    { 22, 21, 429, 2, 21, 116, 1008 }, // U+20AA
    { 17, 26, 301, 1, 22, 111, 1124 }, // U+20AB
    { 16, 21, 267, 1, 21, 84, 1235 }, // U+20AC
    { 17, 21, 267, 1, 21, 90, 1319 }, // U+20AD
    { 16, 21, 267, 1, 21, 84, 1409 }, // U+20AE
    { 28, 28, 471, 0, 21, 196, 1493 }, // U+20AF
    { 17, 28, 285, -1, 21, 119, 1689 }, // U+20B0
    { 16, 21, 267, 1, 21, 84, 1808 }, // U+20B1
    { 17, 24, 343, 2, 22, 102, 1892 }, // U+20B2
    { 20, 21, 303, 0, 21, 105, 1994 }, // U+20B3
    { 16, 21, 267, 1, 21, 84, 2099 }, // U+20B4
    { 16, 24, 297, 2, 22, 96, 2183 }, // U+20B5
    { 19, 19, 325, 1, 19, 91, 2279 }, // U+20B6
    { 20, 23, 341, 1, 21, 115, 2370 }, // U+20B7
    { 15, 21, 267, 1, 21, 79, 2485 }, // U+20B8
    { 13, 21, 267, 2, 21, 69, 2564 }, // U+20B9
    { 16, 21, 267, 1, 21, 84, 2633 }, // U+20BA
    { 23, 21, 379, 1, 21, 121, 2717 }, // U+20BB
    { 23, 21, 408, 1, 21, 121, 2838 }, // U+20BC
    { 18, 21, 280, 0, 21, 95, 2959 }, // U+20BD
    { 20, 22, 368, 2, 22, 110, 3054 }, // U+20BE
    { 13, 26, 267, 3, 23, 85, 3164 }, // U+20BF
    { 13, 21, 245, 1, 16, 69, 3249 }, // U+20C0
    { 15, 4, 271, 1, 12, 15, 0 }, // U+2212
    { 24, 22, 360, 1, 22, 132, 0 }, // U+FB00
    { 18, 22, 320, 1, 22, 99, 132 }, // U+FB01
    { 18, 22, 323, 1, 22, 99, 231 }, // U+FB02
    { 29, 22, 500, 1, 22, 160, 330 }, // U+FB03
    { 29, 22, 504, 1, 22, 160, 490 }, // U+FB04
    { 19, 22, 365, 2, 22, 105, 650 }, // U+FB05
    { 25, 22, 435, 1, 22, 138, 755 }, // U+FB06
    { 27, 27, 467, 1, 22, 183, 0 }, // U+FFFD
};

static const EpdUnicodeInterval notosans_14_boldIntervals[] = {
    { 0x0, 0x0, 0x0 },
    { 0xD, 0xD, 0x1 },
    { 0x20, 0x7E, 0x2 },
    { 0xA0, 0xFF, 0x61 },
    { 0x100, 0x17F, 0xC1 },
    { 0x1A0, 0x1A1, 0x141 },
    { 0x1AF, 0x1B0, 0x143 },
    { 0x1C4, 0x21F, 0x145 },
    { 0x300, 0x36F, 0x1A1 },
    { 0x400, 0x4FF, 0x211 },
    { 0x1EA0, 0x1EF9, 0x311 },
    { 0x2000, 0x2064, 0x36B },
    { 0x2066, 0x206F, 0x3D0 },
    { 0x2070, 0x2071, 0x3DA },
    { 0x2074, 0x208E, 0x3DC },
    { 0x2090, 0x209C, 0x3F7 },
    { 0x20A0, 0x20C0, 0x404 },
    { 0x2212, 0x2212, 0x425 },
    { 0xFB00, 0xFB06, 0x426 },
    { 0xFFFD, 0xFFFD, 0x42D },
};

static const EpdFontGroup notosans_14_boldGroups[] = {
    { 0, 2865, 7213, 97, 0 },
    { 2865, 2662, 8150, 92, 97 },
    { 5527, 220, 494, 4, 189 },
    { 5747, 2161, 8103, 78, 193 },
    { 7908, 1560, 5420, 50, 271 },
    { 9468, 2302, 8137, 60, 321 },
    { 11770, 1571, 3934, 36, 381 },
    { 13341, 1067, 1948, 112, 417 },
    { 14408, 2557, 8151, 81, 529 },
    { 16965, 3168, 8055, 70, 610 },
    { 20133, 2826, 8089, 67, 680 },
    { 22959, 1839, 4428, 38, 747 },
    { 24798, 2048, 8107, 65, 785 },
    { 26846, 832, 3495, 25, 850 },
    { 27678, 1756, 4858, 111, 875 },
    { 29434, 516, 1299, 42, 986 },
    { 29950, 1650, 3543, 33, 1028 },
    { 31600, 10, 16, 1, 1061 },
    { 31610, 292, 968, 7, 1062 },
    { 31902, 120, 189, 1, 1069 },
};

static const uint16_t notosans_14_boldKernLeftCodepoints[] = {
    0x0022, 0x0026, 0x0027, 0x0028, 0x002C, 0x002D, 0x002E, 0x003A, 0x0041, 0x0042, 0x0043, 0x0044,
    0x0045, 0x0046, 0x004B, 0x004C, 0x004F, 0x0050, 0x0051, 0x0052, 0x0054, 0x0055, 0x0056, 0x0057,
    0x0058, 0x0059, 0x005A, 0x005B, 0x005F, 0x0061, 0x0062, 0x0063, 0x0065, 0x0066, 0x0068, 0x006D,
    0x006E, 0x006F, 0x0070, 0x0072, 0x0074, 0x0076, 0x0077, 0x0078, 0x0079, 0x007B, 0x00A1, 0x00AB,
    0x00BB, 0x00BF, 0x00C0, 0x00C1, 0x00C2, 0x00C3, 0x00C4, 0x00C5, 0x00C6, 0x00C7, 0x00C8, 0x00C9,
    0x00CA, 0x00CB, 0x00D0, 0x00D2, 0x00D3, 0x00D4, 0x00D5, 0x00D6, 0x00D8, 0x00D9, 0x00DA, 0x00DB,
    0x00DC, 0x00DD, 0x00DE, 0x00E0, 0x00E1, 0x00E2, 0x00E3, 0x00E4, 0x00E5, 0x00E6, 0x00E8, 0x00E9,
    0x00EA, 0x00EB, 0x00EE, 0x00EF, 0x00F0, 0x00F2, 0x00F3, 0x00F4, 0x00F5, 0x00F6, 0x00F8, 0x00FD,
    0x00FE, 0x00FF, 0x0100, 0x0101, 0x0102, 0x0103, 0x0104, 0x0105, 0x0106, 0x0108, 0x010A, 0x010C,
    0x010E, 0x010F, 0x0110, 0x0112, 0x0113, 0x0114, 0x0115, 0x0116, 0x0117, 0x0118, 0x0119, 0x011A,
    0x011B, 0x0125, 0x0129, 0x012B, 0x012E, 0x0136, 0x0138, 0x0139, 0x013B, 0x013D, 0x013E, 0x013F,
    0x0141, 0x0144, 0x0146, 0x0149, 0x014B, 0x014C, 0x014D, 0x014E, 0x014F, 0x0150, 0x0151, 0x0152,
    0x0153, 0x0155, 0x0157, 0x0159, 0x0162, 0x0163, 0x0164, 0x0165, 0x0166, 0x0167, 0x0168, 0x016A,
    0x016C, 0x016E, 0x0170, 0x0172, 0x0174, 0x0175, 0x0176, 0x0177, 0x0178, 0x0179, 0x017B, 0x017D,
    0x01A0, 0x01A1, 0x01AF, 0x01B0, 0x01FA, 0x01FB, 0x01FC, 0x01FD, 0x01FE, 0x020B, 0x021A, 0x021B,
    0x0400, 0x0401, 0x0402, 0x0403, 0x0404, 0x0405, 0x0409, 0x040A, 0x040B, 0x040C, 0x040E, 0x0410,
    0x0411, 0x0412, 0x0413, 0x0414, 0x0415, 0x0416, 0x0417, 0x041A, 0x041E, 0x0420, 0x0421, 0x0422,
    0x0423, 0x0424, 0x0425, 0x0426, 0x0429, 0x042A, 0x042C, 0x042D, 0x042E, 0x0430, 0x0431, 0x0432,
    0x0433, 0x0434, 0x0435, 0x0436, 0x0437, 0x0438, 0x0439, 0x043A, 0x043B, 0x043C, 0x043D, 0x043E,
    0x043F, 0x0440, 0x0441, 0x0442, 0x0443, 0x0444, 0x0445, 0x0446, 0x0447, 0x0448, 0x0449, 0x044A,
    0x044B, 0x044C, 0x044D, 0x044E, 0x044F, 0x0450, 0x0451, 0x0452, 0x0453, 0x0454, 0x0455, 0x0457,
    0x0458, 0x0459, 0x045A, 0x045B, 0x045C, 0x045D, 0x045E, 0x045F, 0x0460, 0x0461, 0x0462, 0x0463,
    0x0464, 0x0465, 0x0466, 0x0467, 0x0468, 0x0469, 0x046E, 0x0471, 0x0472, 0x0473, 0x0474, 0x0475,
    0x0476, 0x0477, 0x0478, 0x0479, 0x047A, 0x047B, 0x047C, 0x047D, 0x047E, 0x047F, 0x0480, 0x048A,
    0x048B, 0x048C, 0x048D, 0x048E, 0x048F, 0x0490, 0x0491, 0x0492, 0x0493, 0x0496, 0x0497, 0x0498,
    0x0499, 0x049A, 0x049B, 0x049C, 0x049D, 0x049E, 0x049F, 0x04A0, 0x04A1, 0x04A2, 0x04A3, 0x04A4,
    0x04A5, 0x04A9, 0x04AA, 0x04AB, 0x04AC, 0x04AD, 0x04AE, 0x04AF, 0x04B0, 0x04B1, 0x04B2, 0x04B3,
    0x04B4, 0x04B5, 0x04B6, 0x04B7, 0x04BC, 0x04BD, 0x04BE, 0x04BF, 0x04C1, 0x04C2, 0x04C5, 0x04C6,
    0x04C9, 0x04CA, 0x04CD, 0x04CE, 0x04D0, 0x04D1, 0x04D2, 0x04D3, 0x04D4, 0x04D5, 0x04D6, 0x04D7,
    0x04D8, 0x04D9, 0x04DA, 0x04DB, 0x04DC, 0x04DD, 0x04DE, 0x04DF, 0x04E3, 0x04E5, 0x04E6, 0x04E7,
    0x04E8, 0x04E9, 0x04EA, 0x04EB, 0x04EC, 0x04ED, 0x04EE, 0x04EF, 0x04F0, 0x04F1, 0x04F2, 0x04F3,
    0x04F5, 0x04F6, 0x04F7, 0x04F9, 0x04FA, 0x04FB, 0x04FC, 0x04FD, 0x04FE, 0x04FF, 0x1EA0, 0x1EA1,
    0x1EA2, 0x1EA3, 0x1EA4, 0x1EA5, 0x1EA6, 0x1EA7, 0x1EA8, 0x1EA9, 0x1EAA, 0x1EAB, 0x1EAC, 0x1EAD,
    0x1EAE, 0x1EAF, 0x1EB0, 0x1EB1, 0x1EB2, 0x1EB3, 0x1EB4, 0x1EB5, 0x1EB6, 0x1EB7, 0x1EB8, 0x1EB9,
    0x1EBA, 0x1EBB, 0x1EBC, 0x1EBD, 0x1EBE, 0x1EBF, 0x1EC0, 0x1EC1, 0x1EC2, 0x1EC3, 0x1EC4, 0x1EC5,
    0x1EC6, 0x1EC7, 0x1ECC, 0x1ECD, 0x1ECE, 0x1ECF, 0x1ED0, 0x1ED1, 0x1ED2, 0x1ED3, 0x1ED4, 0x1ED5,
    0x1ED6, 0x1ED7, 0x1ED8, 0x1ED9, 0x1EDA, 0x1EDB, 0x1EDC, 0x1EDD, 0x1EDE, 0x1EDF, 0x1EE0, 0x1EE1,
    0x1EE2, 0x1EE3, 0x1EE4, 0x1EE6, 0x1EE8, 0x1EE9, 0x1EEA, 0x1EEB, 0x1EEC, 0x1EED, 0x1EEE, 0x1EEF,
    0x1EF0, 0x1EF1, 0x1EF2, 0x1EF3, 0x1EF4, 0x1EF5, 0x1EF6, 0x1EF7, 0x1EF8, 0x1EF9, 0x2013, 0x2014,
    0x2015, 0x2018, 0x2019, 0x201A, 0x201C, 0x201D, 0x201E, 0x2039, 0x203A, 0xFB00,
};

static const uint8_t notosans_14_boldKernLeftClassIds[] = {
      1,   2,   1,   3,   4,   5,   4,   6,   7,   8,   9,  10,  11,  12,   9,  13,
     10,  14,  10,  15,  16,  17,  18,  18,   9,  19,  20,   3,  21,  22,  23,  24,
     23,  25,  22,  22,  22,  23,  23,  26,  24,  27,  27,  28,  27,   3,  29,  30,
     31,  32,   7,   7,   7,   7,   7,   7,  11,   9,  11,  11,  11,  11,  10,  10,
     10,  10,  10,  10,  10,  17,  17,  17,  17,  19,  14,  22,  22,  22,  22,  22,
     22,  23,  23,  23,  23,  23,  33,  33,  23,  23,  23,  23,  23,  23,  23,  27,
     23,  27,   7,  22,   7,  22,  34,  22,   9,   9,   9,   9,  10,  35,  10,  11,
     23,  11,  23,  11,  23,  11,  23,  11,  23,  22,  36,  33,  37,   9,  28,  13,
     13,  13,  35,  13,  13,  22,  22,  22,  22,  10,  23,  10,  23,  10,  23,  11,
     23,  26,  26,  26,  16,  24,  16,  38,  16,  24,  17,  17,  17,  17,  17,  17,
     18,  27,  19,  27,  19,  20,  20,  20,  39,  40,  41,  42,   7,  22,  11,  23,
     10,  33,  16,  24,  43,  43,  44,  45,  46,  47,  48,  48,  44,  49,  50,  51,
     52,  53,  45,  54,  43,  49,  53,  49,  55,  56,  46,  45,  50,  57,  49,  54,
     54,  48,  48,  55,  55,  58,  59,  60,  61,  62,  63,  64,  60,  65,  65,  64,
     65,  65,  65,  63,  65,  63,  66,  61,  67,  63,  64,  62,  65,  65,  62,  68,
     65,  68,  63,  63,  65,  63,  63,  69,  70,  66,  71,  72,  73,  68,  68,  74,
     64,  65,  67,  65,  55,  75,  76,  68,  46,  66,  51,  77,  51,  77,  78,  63,
     55,  63,  50,  75,  50,  75,  67,  67,  55,  63,  55,  63,  55,  75,  46,  54,
     62,  76,  68,  56,  63,  79,  80,  81,  82,  83,  84,  78,  60,  83,  84,  49,
     64,  49,  64,  49,  64,  54,  62,  81,  80,  63,  46,  66,  79,  80,  85,  86,
     85,  86,  83,  84,  54,  62,  54,  62,  87,  88,  87,  88,  49,  64,  54,  62,
     54,  62,  54,  62,  51,  58,  51,  58,  43,  88,  43,  88,  55,  63,  55,  63,
     49,  64,  78,  60,  65,  65,  55,  63,  55,  63,  55,  63,  55,  63,  50,  67,
     50,  67,  50,  67,  65,  79,  80,  65,  81,  82,  83,  84,  49,  84,   7,  22,
      7,  22,   7,  22,   7,  22,   7,  22,   7,  22,   7,  22,   7,  22,   7,  22,
      7,  22,   7,  22,   7,  22,  11,  23,  11,  23,  11,  23,  11,  23,  11,  23,
     11,  23,  11,  23,  11,  23,  10,  23,  10,  23,  10,  23,  10,  23,  10,  23,
     10,  23,  10,  23,  39,  40,  39,  40,  39,  40,  39,  40,  39,  40,  17,  17,
     41,  42,  41,  42,  41,  42,  41,  42,  41,  42,  19,  27,  19,  27,  19,  27,
     19,  27,   5,   5,   5,   1,   1,   4,   1,   1,   4,  30,  31,  25,
};

static const uint16_t notosans_14_boldKernRightCodepoints[] = {
    0x0021, 0x0022, 0x0026, 0x0027, 0x0029, 0x002C, 0x002D, 0x002E, 0x003A, 0x003B, 0x003F, 0x0041,
    0x0043, 0x0047, 0x0049, 0x004A, 0x004F, 0x0051, 0x0054, 0x0055, 0x0056, 0x0057, 0x0058, 0x0059,
    0x005A, 0x005D, 0x0061, 0x0062, 0x0063, 0x0064, 0x0065, 0x0066, 0x0067, 0x0068, 0x006A, 0x006B,
    0x006C, 0x006D, 0x006E, 0x006F, 0x0070, 0x0071, 0x0072, 0x0073, 0x0074, 0x0075, 0x0076, 0x0077,
    0x0078, 0x0079, 0x007A, 0x007D, 0x00AB, 0x00BB, 0x00C0, 0x00C1, 0x00C2, 0x00C3, 0x00C4, 0x00C5,
    0x00C6, 0x00C7, 0x00D2, 0x00D3, 0x00D4, 0x00D5, 0x00D6, 0x00D8, 0x00D9, 0x00DA, 0x00DB, 0x00DC,
    0x00DD, 0x00E0, 0x00E1, 0x00E2, 0x00E3, 0x00E4, 0x00E5, 0x00E6, 0x00E7, 0x00E8, 0x00E9, 0x00EA,
    0x00EB, 0x00F2, 0x00F3, 0x00F4, 0x00F5, 0x00F6, 0x00F8, 0x00F9, 0x00FA, 0x00FB, 0x00FC, 0x00FD,
    0x00FE, 0x00FF, 0x0100, 0x0101, 0x0102, 0x0103, 0x0104, 0x0105, 0x0106, 0x0107, 0x0108, 0x0109,
    0x010A, 0x010B, 0x010C, 0x010D, 0x010F, 0x0111, 0x0113, 0x0115, 0x0117, 0x0119, 0x011B, 0x011C,
    0x011D, 0x011E, 0x011F, 0x0120, 0x0121, 0x0122, 0x0123, 0x0125, 0x0127, 0x0129, 0x0137, 0x0138,
    0x013A, 0x013C, 0x013E, 0x0140, 0x0144, 0x0146, 0x014B, 0x014C, 0x014D, 0x014E, 0x014F, 0x0150,
    0x0151, 0x0152, 0x0153, 0x0155, 0x0157, 0x015B, 0x015F, 0x0162, 0x0163, 0x0164, 0x0165, 0x0166,
    0x0167, 0x0168, 0x0169, 0x016A, 0x016B, 0x016C, 0x016D, 0x016E, 0x016F, 0x0170, 0x0171, 0x0172,
    0x0173, 0x0174, 0x0175, 0x0176, 0x0177, 0x0178, 0x0179, 0x017A, 0x017B, 0x017C, 0x017D, 0x017E,
    0x01A0, 0x01A1, 0x01AF, 0x01B0, 0x01FA, 0x01FB, 0x01FC, 0x01FD, 0x01FE, 0x01FF, 0x0219, 0x021A,
    0x021B, 0x0402, 0x0404, 0x0405, 0x0408, 0x0409, 0x040B, 0x040E, 0x0410, 0x0414, 0x0416, 0x0417,
    0x041B, 0x041E, 0x0421, 0x0422, 0x0423, 0x0424, 0x0425, 0x0427, 0x042A, 0x042D, 0x042F, 0x0430,
    0x0431, 0x0432, 0x0433, 0x0434, 0x0435, 0x0436, 0x0437, 0x0438, 0x0439, 0x043A, 0x043B, 0x043C,
    0x043D, 0x043E, 0x043F, 0x0440, 0x0441, 0x0442, 0x0443, 0x0444, 0x0445, 0x0446, 0x0447, 0x0448,
    0x0449, 0x044A, 0x044B, 0x044C, 0x044D, 0x044E, 0x044F, 0x0450, 0x0451, 0x0452, 0x0453, 0x0454,
    0x0455, 0x0457, 0x0458, 0x0459, 0x045A, 0x045B, 0x045C, 0x045D, 0x045E, 0x045F, 0x0460, 0x0461,
    0x0462, 0x0465, 0x0466, 0x0467, 0x0469, 0x046D, 0x046E, 0x0470, 0x0472, 0x0473, 0x0474, 0x0475,
    0x0476, 0x0477, 0x0478, 0x0479, 0x047A, 0x047B, 0x047C, 0x047D, 0x047E, 0x047F, 0x0480, 0x0481,
    0x048B, 0x048C, 0x048D, 0x048F, 0x0491, 0x0492, 0x0495, 0x0496, 0x0497, 0x0498, 0x0499, 0x049B,
    0x049D, 0x049F, 0x04A0, 0x04A1, 0x04A3, 0x04A5, 0x04A7, 0x04A8, 0x04A9, 0x04AA, 0x04AB, 0x04AC,
    0x04AD, 0x04AE, 0x04AF, 0x04B0, 0x04B1, 0x04B2, 0x04B3, 0x04B4, 0x04B5, 0x04B6, 0x04B7, 0x04B8,
    0x04B9, 0x04BB, 0x04BC, 0x04BD, 0x04BE, 0x04BF, 0x04C1, 0x04C2, 0x04C4, 0x04C5, 0x04C6, 0x04C8,
    0x04CA, 0x04CB, 0x04CC, 0x04CE, 0x04D0, 0x04D1, 0x04D2, 0x04D3, 0x04D4, 0x04D5, 0x04D7, 0x04D8,
    0x04D9, 0x04DA, 0x04DB, 0x04DC, 0x04DD, 0x04DE, 0x04DF, 0x04E3, 0x04E5, 0x04E6, 0x04E7, 0x04E8,
    0x04E9, 0x04EA, 0x04EB, 0x04EC, 0x04ED, 0x04EE, 0x04EF, 0x04F0, 0x04F1, 0x04F2, 0x04F3, 0x04F4,
    0x04F5, 0x04F7, 0x04F9, 0x04FA, 0x04FC, 0x04FD, 0x04FE, 0x04FF, 0x1EA0, 0x1EA1, 0x1EA2, 0x1EA3,
    0x1EA4, 0x1EA5, 0x1EA6, 0x1EA7, 0x1EA8, 0x1EA9, 0x1EAA, 0x1EAB, 0x1EAC, 0x1EAD, 0x1EAE, 0x1EAF,
    0x1EB0, 0x1EB1, 0x1EB2, 0x1EB3, 0x1EB4, 0x1EB5, 0x1EB6, 0x1EB7, 0x1EB9, 0x1EBB, 0x1EBD, 0x1EBF,
    0x1EC1, 0x1EC3, 0x1EC5, 0x1EC7, 0x1ECC, 0x1ECD, 0x1ECE, 0x1ECF, 0x1ED0, 0x1ED1, 0x1ED2, 0x1ED3,
    0x1ED4, 0x1ED5, 0x1ED6, 0x1ED7, 0x1ED8, 0x1ED9, 0x1EDA, 0x1EDB, 0x1EDC, 0x1EDD, 0x1EDE, 0x1EDF,
    0x1EE0, 0x1EE1, 0x1EE2, 0x1EE3, 0x1EE4, 0x1EE5, 0x1EE6, 0x1EE7, 0x1EE8, 0x1EE9, 0x1EEA, 0x1EEB,
    0x1EEC, 0x1EED, 0x1EEE, 0x1EEF, 0x1EF0, 0x1EF1, 0x1EF2, 0x1EF4, 0x1EF5, 0x1EF6, 0x1EF7, 0x1EF8,
    0x1EF9, 0x2013, 0x2014, 0x2015, 0x2018, 0x2019, 0x201A, 0x201C, 0x201D, 0x201E, 0x2026, 0x2039,
    0x203A, 0xFB00, 0xFB01, 0xFB02, 0xFB03, 0xFB04,
};

static const uint8_t notosans_14_boldKernRightClassIds[] = {
      1,   2,   3,   2,   4,   5,   6,   5,   7,   7,   8,   9,  10,  10,  11,  12,
     10,  10,  13,  14,  15,  15,  16,  17,  18,   4,  19,  20,  21,  21,  21,  22,
     23,  20,  24,  20,  20,  25,  25,  21,  25,  21,  25,  26,  22,  25,  27,  27,
     27,  27,  28,   4,  29,  30,   9,   9,   9,   9,   9,   9,  31,  10,  10,  10,
     10,  10,  10,  10,  14,  14,  14,  14,  17,  21,  19,  19,  19,  19,  19,  19,
     21,  21,  21,  21,  21,  21,  21,  21,  21,  21,  21,  25,  25,  25,  25,  27,
     20,  27,   9,  19,   9,  19,   9,  19,  10,  21,  10,  21,  10,  21,  10,  21,
     21,  21,  21,  21,  21,  21,  21,  10,  23,  10,  23,  10,  23,  10,  23,  20,
     32,  33,  20,  25,  20,  20,  20,  20,  25,  25,  25,  10,  21,  10,  21,  10,
     21,  10,  21,  25,  25,  26,  26,  13,  22,  13,  22,  13,  22,  14,  25,  14,
     25,  14,  25,  14,  25,  14,  25,  14,  25,  15,  27,  17,  27,  17,  18,  28,
     18,  28,  18,  28,  10,  21,  14,  25,   9,  19,  31,  19,  10,  21,  26,  13,
     22,  34,  35,  36,  37,  38,  34,  39,  40,  41,  42,  43,  38,  35,  35,  34,
     39,  44,  42,  45,  34,  43,  46,  47,  48,  49,  49,  50,  51,  52,  53,  49,
     49,  49,  54,  49,  49,  51,  49,  49,  51,  55,  56,  51,  52,  49,  57,  49,
     49,  55,  49,  49,  53,  49,  58,  51,  51,  59,  49,  51,  60,  61,  62,  54,
     49,  59,  49,  49,  56,  49,  63,  64,  65,  66,  40,  50,  66,  66,  43,  45,
     63,  47,  67,  64,  67,  64,  63,  47,  63,  47,  63,  47,  63,  64,  63,  47,
     66,  65,  59,  66,  66,  65,  66,  42,  52,  43,  53,  66,  66,  59,  68,  55,
     66,  66,  66,  63,  47,  63,  47,  34,  55,  69,  70,  69,  70,  42,  52,  68,
     55,  45,  57,  45,  57,  66,  71,  72,  71,  72,  42,  52,  66,  73,  50,  66,
     66,  45,  57,  66,  40,  74,  40,  74,  40,  74,  47,  75,  74,  75,  74,  42,
     52,  43,  53,  49,  49,  63,  47,  63,  47,  63,  47,  43,  53,  39,  56,  39,
     56,  39,  56,  45,  57,  66,  49,  65,  42,  52,  42,  52,   9,  19,   9,  19,
      9,  19,   9,  19,   9,  19,   9,  19,   9,  19,   9,  19,   9,  19,   9,  19,
      9,  19,   9,  19,  21,  21,  21,  21,  21,  21,  21,  21,  10,  21,  10,  21,
     10,  21,  10,  21,  10,  21,  10,  21,  10,  21,  10,  21,  10,  21,  10,  21,
     10,  21,  10,  21,  14,  25,  14,  25,  14,  25,  14,  25,  14,  25,  14,  25,
     14,  25,  17,  17,  27,  17,  27,  17,  27,   6,   6,   6,  76,   2,   5,  76,
      2,   5,   5,  29,  30,  22,  22,  22,  22,  22,
};

static const uint16_t notosans_14_boldKernRowOffsets[] = {
        0,    29,    32,    37,    54,    61,    66,    72,    73,    75,    82,    83,    87,    93,   100,   101,
      117,   119,   130,   143,   145,   146,   147,   150,   151,   154,   159,   162,   163,   167,   173,   182,
      186,   187,   193,   200,   202,   203,   208,   214,   217,   227,   230,   231,   244,   269,   275,   277,
      288,   303,   332,   351,   353,   357,   369,   385,   402,   420,   426,   438,   446,   457,   469,   481,
      493,   495,   499,   511,   529,   535,   549,   553,   557,   559,   564,   566,   573,   581,   584,   609,
      616,   632,   635,   640,   642,   654,   656,   659,   662,
};

static const uint8_t notosans_14_boldKernSparseCols[] = {
      8,  12,  14,  16,  18,  20,  22,  24,  25,  30,  32,  33,  37,  38,  39,  40,
     41,  43,  46,  49,  52,  53,  54,  55,  58,  60,  67,  72,  73,  12,  14,  16,
     11,  23,  36,  43,  61,   9,  12,  13,  14,  16,  33,  36,  38,  43,  44,  54,
     56,  62,  66,  67,  68,  70,  12,  33,  38,  41,  51,  54,  67,  33,  41,  43,
     44,  56,   1,   9,  11,  12,  14,  16,   4,   9,  28,   4,   8,  12,  14,  15,
     16,  17,  11,   3,   4,   7,   8,   1,   9,  12,  13,  14,  16,   2,   4,   8,
     15,  17,  28,  30,  28,   2,   4,   5,   7,   8,   9,  12,  18,  20,  22,  24,
     25,  26,  27,  28,  29,   4,   8,   4,   7,   8,   9,  18,  20,  22,  24,  25,
     28,  29,   2,   4,   7,   8,   9,  18,  20,  22,  24,  25,  27,  28,  29,   9,
     28,  11,   1,   1,  26,  27,   1,   1,   3,   4,   1,   4,  18,  20,  22,   1,
      4,   7,  20,  11,  12,  14,  16,  12,  14,  16,  33,  39,  67,  12,  14,  15,
     16,  33,  38,  41,  44,  67,  11,  12,  14,  16,   3,   1,   9,  11,  12,  14,
     16,   0,   1,   3,   7,  19,  31,  75,   3,  32,  11,   0,   1,   3,   7,  75,
      8,  10,  12,  14,  15,  16,  19,  21,  26,   8,   9,  10,  12,  14,  15,  16,
     18,  20,  22,  19,  21,  26,  36,   1,  33,  38,  44,  54,  55,  56,  64,  66,
     67,  68,  69,  75,   1,   4,   5,   6,  29,  33,  34,  37,  39,  40,  43,  46,
     47,  48,  49,  50,  51,  52,  53,  54,  55,  56,  57,  59,  67,  28,  34,  43,
     56,  62,  70,   4,  43,   1,   4,  33,  38,  44,  51,  54,  55,  57,  67,  75,
      1,   5,   6,  28,  34,  43,  44,  46,  47,  50,  54,  55,  56,  62,  70,   1,
      4,   5,   6,  28,  29,  34,  35,  37,  39,  40,  43,  45,  46,  47,  48,  49,
     50,  51,  52,  53,  56,  57,  58,  59,  62,  70,  71,  72,   1,  29,  33,  34,
     36,  38,  43,  44,  50,  54,  55,  56,  64,  66,  67,  68,  70,  74,  75,  51,
     55,   3,  51,  56,  57,   4,  36,  37,  40,  43,  44,  49,  53,  54,  55,  56,
     61,   4,  33,  37,  38,  39,  40,  41,  42,  49,  51,  53,  57,  66,  67,  68,
     72,   4,   5,   6,  28,  29,  37,  38,  39,  40,  41,  43,  46,  49,  50,  53,
     57,  72,   1,   3,   4,   6,  33,  35,  37,  38,  39,  40,  41,  42,  45,  49,
     51,  53,  57,  67,   1,  33,  38,  51,  54,  55,   1,  33,  38,  39,  41,  45,
     49,  51,  54,  55,  56,  57,   3,  33,  38,  41,  45,  51,  54,  55,   1,   4,
      5,  37,  39,  40,  41,  49,  50,  53,  75,   1,   4,  33,  36,  37,  40,  44,
     49,  53,  54,  56,  61,   1,  33,  38,  39,  41,  45,  49,  51,  54,  55,  56,
     57,   5,  33,  34,  38,  43,  44,  46,  50,  56,  57,  71,  75,  33,  58,   1,
     33,  50,  57,   1,   4,  37,  39,  40,  41,  46,  49,  50,  53,  57,  75,   1,
      6,  33,  38,  39,  41,  43,  44,  45,  51,  54,  55,  56,  57,  63,  69,  71,
     75,   1,  33,  36,  54,  55,  61,   1,   4,   5,  37,  38,  39,  40,  41,  49,
     50,  53,  58,  60,  75,  33,  38,  45,  57,   1,  33,  58,  60,  36,  61,   1,
     33,  36,  54,  55,   4,  49,   1,  33,  44,  54,  66,  67,  68,   1,  46,  54,
     55,  56,  63,  69,  71,   4,  66,  68,   4,   5,  28,  29,  33,  34,  37,  39,
     40,  43,  46,  49,  51,  52,  54,  55,  56,  62,  63,  65,  69,  70,  71,  72,
     73,   4,   5,  39,  46,  49,  50,  53,   4,   5,  33,  39,  46,  49,  51,  52,
     56,  58,  62,  65,  67,  70,  71,  72,   4,  46,  49,  54,  56,  62,  70,  71,
     46,  56,   4,  39,  46,  49,  56,  58,  62,  65,  71,  72,  73,  74,   4,  49,
     33,  66,  68,   1,  51,  55,
};

static const int8_t notosans_14_boldKernSparseValues[] = {
     -33,    9,    9,    5,  -19,  -28,  -14,  -14,  -14,  -37,   33,    9,  -14,    9,  -33,  -28,
       9,   -5,  -19,  -33,    9,  -23,   14,    9,   14,   14,    9,  -28,   -9,  -28,   -9,  -14,
      42,   19,   47,  -14,   28,  -23,  -33,   -9,  -28,  -28,  -23,   28,   -9,  -19,  -37,  -19,
     -28,  -23,  -28,  -33,  -28,  -28,  -19,  -19,   -9,   -5,   -5,   -9,  -19,   -6,   -2,   -2,
      -2,   -2,  -33,   -9,   23,  -33,  -19,  -28,   -5,   -9,   -9,  -19,   -9,  -14,   -5,   -9,
      -5,   -5,   28,    9,  -28,    9,   -9,  -37,   -9,   -9,   -5,   -9,  -14,   -5,  -61,  -23,
      -9,   -5,   -9,  -14,   -5,   -9,  -28,  -19,    9,  -33,   -9,    9,  -37,  -33,  -33,  -23,
     -28,   -9,  -19,  -28,  -14,   -9,   -5,  -23,    9,  -19,   -5,   -9,   -9,   -5,   -5,   -5,
     -14,   -5,  -14,  -28,    9,  -28,   -9,  -23,  -23,  -23,  -14,  -19,   -9,  -37,  -14,   -5,
      -9,   44,   -5,   -5,   -9,   -5,    9,   28,   19,   -9,   19,  -75,   -9,   -9,   -5,   19,
     -19,    9,   -9,   23,   -9,   -5,  -14,  -14,   -5,  -14,  -14,   -5,   -5,  -28,  -14,   -9,
     -37,  -28,   -9,   -9,   -9,  -19,   47,  -19,  -14,  -19,   23,  -33,   -9,   51,  -33,  -19,
     -28,   55,   49,   68,   62,   14,   33,   43,   23,   55,   23,   61,   63,   76,   65,   44,
      -9,    9,   28,   33,   23,   28,    9,   19,   23,  -14,   -5,    9,   33,   33,   23,   28,
     -14,   -9,   -9,    9,   23,   23,   23,  -33,  -23,   -9,  -14,   -9,   -9,   -9,   -9,  -19,
     -28,  -23,   -9,  -14,    9,  -23,  -19,  -14,  -14,    9,   -9,  -12,  -33,  -12,  -16,  -19,
      -9,  -14,  -19,  -19,   -5,   -5,  -14,   -5,   -4,  -14,  -19,   -9,    5,   -9,   -9,  -14,
      -9,   -9,   -9,   -9,   -5,  -42,   -5,  -28,   -9,  -14,   -9,   -9,   -9,   -9,  -14,  -28,
       9,   -5,   -5,   -9,   -9,  -19,   -5,   -5,   -9,   -9,   -5,   -5,   -9,   -9,  -23,    9,
     -33,   -9,   -5,  -23,   -9,  -19,   -9,  -36,  -56,  -49,  -14,  -17,  -23,  -19,   -5,  -44,
     -34,  -14,   -9,  -23,   -9,  -23,   23,  -14,   -5,   -9,  -14,  -23,  -33,   -5,  -33,   -9,
      23,   -8,  -16,  -28,   -5,  -14,   -9,  -14,   -9,  -19,  -23,  -28,  -23,   -5,  -19,   -5,
      -5,   -5,   -5,   -7,   -5,   14,   42,   14,   19,   -5,  -12,   14,   14,   -5,   14,   -9,
      33,  -19,   -9,   -5,  -19,   -9,   -5,   -9,   -5,   -5,   -7,   -5,   -5,   -5,   -5,   -5,
      -9,  -61,   -5,   -5,   -9,   -5,  -28,   -9,  -23,  -28,   -9,   -5,  -12,  -23,   -5,  -19,
      -5,  -28,   -5,   -6,  -19,   -5,  -16,   -5,   -9,  -14,  -16,  -14,  -19,  -14,   -5,  -12,
      -7,   -7,   -5,   -9,   -5,  -19,  -16,   -9,   -5,   -5,   -3,  -28,  -17,   -5,  -14,   -9,
      -5,   -9,   -5,  -14,   -5,   -5,   -2,  -14,   -5,   -5,   -5,   -9,   -5,   -5,   14,  -19,
      -9,   -9,  -14,  -14,   -5,  -19,   -5,  -14,   19,   -5,    9,  -14,   47,    9,   14,   -7,
       9,   12,   -7,  -14,   28,   -3,  -19,  -17,   -5,   -9,   -9,   -5,   -9,   -5,  -14,   -5,
      -5,   -5,   -5,   -7,   -5,   -7,   -5,   -9,   -9,   -9,   -5,   -9,   14,  -14,   -1,    9,
      -9,   -5,   -5,    9,  -19,   -9,   -9,  -14,   -5,   -5,  -23,  -14,  -23,  -14,   19,  -37,
      -5,  -28,   -9,   -5,   -5,   -5,  -33,   -9,   -9,  -28,  -21,  -19,   -9,   -9,  -14,   -9,
     -14,   -5,  -19,   37,  -14,  -23,    9,   14,  -19,   -9,   -9,   11,  -14,  -14,   -5,  -19,
      -5,  -14,   11,   11,   19,   -9,  -14,   -5,   -9,   14,    9,   20,    7,   14,    9,   -5,
     -19,   19,  -14,  -23,  -19,   -9,  -19,  -19,  -19,   -9,  -14,   -9,  -14,  -33,   -9,  -23,
     -14,  -14,   -9,   -9,   -9,  -19,   -5,   -5,  -28,  -19,  -28,  -14,    9,   -9,  -19,  -33,
     -23,  -14,  -33,  -28,   -9,   -9,  -19,  -19,  -23,   -9,   -9,  -23,  -19,  -23,  -33,  -23,
     -37,  -23,   -9,  -14,   -5,  -19,   -5,  -14,  -23,   -9,    9,  -28,  -19,  -23,   -9,   -9,
     -23,    9,   -9,  -14,    9,   -9,  -14,  -19,  -14,   -9,  -14,   -9,  -23,   -9,  -23,   -9,
      -5,   -5,  -28,  -28,  -23,  -23,  -19,    9,   -9,  -14,  -19,  -19,  -19,   -5,  -19,   -5,
      -9,   -5,   -5,   -5,   -9,   -5,
};

static const EpdLigaturePair notosans_14_boldLigaturePairs[] = {
    { 0x00660066, 0xFB00 }, // f f -> U+FB00
    { 0x00660069, 0xFB01 }, // f i -> U+FB01
    { 0x0066006C, 0xFB02 }, // f l -> U+FB02
    { 0xFB000069, 0xFB03 }, // U+FB00 i -> U+FB03
    { 0xFB00006C, 0xFB04 }, // U+FB00 l -> U+FB04
};

static const EpdFontData notosans_14_bold = {
    notosans_14_boldBitmaps,
    notosans_14_boldGlyphs,
    notosans_14_boldIntervals,
    20,
    40,
    32,
    -9,
    true,
    notosans_14_boldGroups,
    20,
    nullptr,
    nullptr,  // kernLeftClasses: built-in fonts use the split arrays below
    nullptr,  // kernRightClasses
    notosans_14_boldKernLeftCodepoints,
    notosans_14_boldKernLeftClassIds,
    notosans_14_boldKernRightCodepoints,
    notosans_14_boldKernRightClassIds,
    nullptr,  // kernMatrix: built-in fonts use the sparse form below
    notosans_14_boldKernRowOffsets,
    notosans_14_boldKernSparseCols,
    notosans_14_boldKernSparseValues,
    478,
    474,
    88,
    76,
    notosans_14_boldLigaturePairs,
    5,
};
