/**
 * generated by fontconvert.py
 * name: notosans_10_regular
 * size: 10
 * mode: 2-bit  compressed: zopfli
 * hinting: auto (FT_LOAD_FORCE_AUTOHINT — grid-fits stems to whole pixels)
 * Command used: fontconvert.py notosans_10_regular 10 ../builtinFonts/source/NotoSans/NotoSans-Regular.ttf --2bit --compress --zopfli
 */
#pragma once
#include "EpdFontData.h"

static const uint8_t notosans_10_regularBitmaps[19113] = {
    0xA5, 0x97, 0x01, 0x84, 0x24, 0xE9, 0x15, 0xC7, 0x7F, 0x55, 0x5F, 0xB2, 0x85, 0xCF, 0xCD, 0x77,
    0x10, 0xB8, 0xCB, 0x74, 0x07, 0x41, 0x92, 0xF4, 0x4C, 0xC3, 0x90, 0x0E, 0xDF, 0x6C, 0x7F, 0x97,
    0x00, 0x60, 0x01, 0x00, 0x81, 0x00, 0xC8, 0x0E, 0x9A, 0xF4, 0xD1, 0x99, 0xF9, 0xEE, 0x0E, 0x41,
    0x38, 0x01, 0x00, 0xB1, 0x38, 0x9C, 0x5E, 0xAE, 0x0B, 0x8D, 0x25, 0x3B, 0xD3, 0x9F, 0x1C, 0x82,
    0x25, 0x57, 0x9C, 0x38, 0x44, 0xA8, 0xDB, 0x3B, 0xEE, 0xDC, 0x26, 0x97, 0x97, 0xD9, 0x8E, 0xEB,
    0xED, 0xED, 0xEE, 0x2F, 0x55, 0x3D, 0xB3, 0xB3, 0x3D, 0x97, 0xD9, 0xBD, 0x25, 0xF5, 0xFE, 0xAF,
    0x54, 0xBF, 0xF7, 0xBE, 0xF7, 0xBE, 0xEF, 0xBD, 0x57, 0xAF, 0x66, 0xE4, 0xE9, 0x05, 0xE3, 0xC5,
    0x78, 0x2C, 0x79, 0x7E, 0x70, 0x46, 0x07, 0xEC, 0xB5, 0xE0, 0xA0, 0x03, 0xF9, 0xDE, 0x19, 0x97,
    0x07, 0x74, 0x63, 0x0C, 0xDF, 0xF9, 0xEB, 0x7F, 0x5C, 0x12, 0x4A, 0xD2, 0x50, 0xA0, 0xDE, 0x08,
    0xC4, 0x18, 0xB9, 0x7D, 0xFB, 0x0B, 0x32, 0xE5, 0x2B, 0x76, 0xE8, 0x8A, 0xB7, 0x32, 0x40, 0x6A,
    0x34, 0xA3, 0x3F, 0x7C, 0x1C, 0x44, 0x38, 0xC3, 0x61, 0x25, 0x59, 0x92, 0xC4, 0xC0, 0x69, 0x79,
    0x26, 0xFA, 0xFD, 0x69, 0x11, 0xA3, 0x7F, 0x65, 0x7A, 0x6E, 0xDF, 0x76, 0xCA, 0x1F, 0x15, 0x9A,
    0xBC, 0x7C, 0x09, 0x91, 0x56, 0xC5, 0x7B, 0x15, 0xDF, 0xAA, 0xF8, 0xDE, 0x34, 0xFF, 0xE4, 0x0F,
    0x83, 0xA3, 0x8F, 0x5A, 0x8D, 0xF6, 0xDB, 0xD6, 0xF0, 0xDD, 0x8A, 0xF7, 0x2A, 0x3E, 0xA8, 0xB8,
    0xD8, 0x69, 0x24, 0xDE, 0xDC, 0x55, 0x64, 0xD3, 0x6C, 0x09, 0xCD, 0x91, 0x63, 0x3F, 0x0B, 0x58,
    0x15, 0xD8, 0xC9, 0x3C, 0xA6, 0x09, 0x7A, 0x01, 0x99, 0x40, 0xFB, 0x6E, 0x1A, 0x06, 0x6D, 0x15,
    0x44, 0xFF, 0xD9, 0x49, 0x1A, 0x11, 0x8E, 0xB9, 0x93, 0x44, 0xBA, 0xA3, 0xBF, 0x79, 0xBD, 0x52,
    0xE5, 0x38, 0x3F, 0xA8, 0xAE, 0xCC, 0x1B, 0xB6, 0xB1, 0xF4, 0x19, 0x93, 0x23, 0x1B, 0x34, 0xA6,
    0x8F, 0x65, 0x07, 0x43, 0xE6, 0x72, 0x2C, 0xDB, 0x98, 0xF5, 0x73, 0xE6, 0x55, 0x78, 0x42, 0x99,
    0xCF, 0x9C, 0xE6, 0xCC, 0x43, 0x0E, 0x7D, 0xE8, 0xC0, 0x1E, 0x3F, 0xDD, 0xFB, 0x65, 0x37, 0x4E,
    0x93, 0x63, 0xF8, 0x12, 0x75, 0xCF, 0xE9, 0xB7, 0x42, 0x9A, 0x3A, 0x84, 0x4D, 0xC4, 0x28, 0xC3,
    0xF9, 0xAD, 0x4D, 0x89, 0x69, 0xEC, 0xD8, 0xBD, 0xA1, 0x8F, 0xA1, 0x2A, 0xCF, 0xDA, 0x63, 0x87,
    0x1E, 0x42, 0x99, 0x16, 0x55, 0x28, 0xAF, 0x9D, 0x61, 0x8B, 0xD6, 0x7A, 0xAB, 0x39, 0xD9, 0x8C,
    0xE6, 0xA8, 0x3E, 0x76, 0x2F, 0x2D, 0xF2, 0xA4, 0x14, 0x2A, 0xC8, 0x06, 0xCA, 0x4A, 0x58, 0xA9,
    0x2A, 0x83, 0x2A, 0x45, 0xD9, 0x92, 0x44, 0xB4, 0xEC, 0xCA, 0x58, 0x5E, 0x16, 0xAE, 0x24, 0x3D,
    0xE3, 0x70, 0x42, 0x95, 0x0D, 0x54, 0x38, 0x47, 0x9D, 0x4E, 0xD8, 0x81, 0x3B, 0x24, 0x42, 0x16,
    0x30, 0x60, 0x61, 0x35, 0xBC, 0x15, 0xA3, 0x64, 0x2B, 0xBA, 0xA3, 0xF0, 0xFD, 0xB4, 0x04, 0xA9,
    0x91, 0x94, 0x64, 0x41, 0xAD, 0x48, 0x47, 0x9E, 0x0B, 0x21, 0xE2, 0xD2, 0xF2, 0x64, 0x14, 0xDA,
    0x4B, 0xD6, 0xEB, 0x03, 0xED, 0xC0, 0x4F, 0x02, 0x0F, 0x43, 0xF2, 0x7E, 0x50, 0x6F, 0x05, 0xAD,
    0xC2, 0xB6, 0x0A, 0x1D, 0x15, 0x72, 0x15, 0x62, 0x5C, 0x0C, 0x6F, 0x7F, 0x7E, 0x11, 0xBD, 0x1D,
    0xC3, 0xEE, 0xD0, 0x5B, 0xA8, 0xD0, 0x59, 0xA3, 0xBB, 0x64, 0x77, 0xE4, 0x51, 0x05, 0x89, 0x5C,
    0x04, 0x75, 0x2A, 0x9C, 0x8C, 0x5C, 0xFB, 0x11, 0x4C, 0xBC, 0x9E, 0xFB, 0x26, 0x58, 0xE8, 0x41,
    0x0E, 0xA7, 0x2B, 0x1E, 0x8F, 0xC2, 0x22, 0x2D, 0x2E, 0xB2, 0xD2, 0x4B, 0x4A, 0xAB, 0x8A, 0xE6,
    0xC8, 0xA7, 0xCB, 0x75, 0xF6, 0x87, 0xB5, 0x87, 0x75, 0x38, 0x8F, 0x76, 0x18, 0xD8, 0x06, 0x0B,
    0x7D, 0xC8, 0x41, 0x48, 0x8B, 0xA7, 0x69, 0xD0, 0x33, 0xBA, 0x23, 0x37, 0xCE, 0x82, 0xA8, 0x1A,
    0x7D, 0xED, 0xDB, 0xBF, 0xAA, 0x85, 0xCD, 0x13, 0xFA, 0x95, 0x30, 0x39, 0x4F, 0xFF, 0x9D, 0xB4,
    0xAC, 0xD2, 0xA2, 0x97, 0x64, 0x33, 0xDA, 0x23, 0xD7, 0x57, 0x95, 0xAA, 0x10, 0x9E, 0x68, 0x95,
    0x74, 0xDF, 0x13, 0x3D, 0x2D, 0x49, 0xCA, 0x73, 0xEF, 0xC6, 0xFD, 0x68, 0x49, 0xB7, 0xA4, 0x2E,
    0x39, 0x40, 0xFD, 0xB0, 0xD3, 0xDD, 0x01, 0x00, 0xF6, 0xAD, 0xED, 0xE5, 0x00, 0xE4, 0xE8, 0x92,
    0x13, 0xB2, 0x92, 0x43, 0x98, 0x41, 0xDB, 0x93, 0x2E, 0xA1, 0x79, 0x96, 0x8D, 0xB3, 0xE3, 0xDC,
    0x02, 0x80, 0xE1, 0xBA, 0x40, 0x40, 0x09, 0x27, 0xD4, 0xEB, 0x38, 0x06, 0x5D, 0x90, 0x0A, 0x6D,
    0x9F, 0xCD, 0x38, 0x72, 0x4C, 0x01, 0x78, 0x75, 0xC9, 0xF5, 0x91, 0x7B, 0x39, 0xDB, 0xA8, 0x78,
    0x13, 0xEE, 0x92, 0x08, 0x6A, 0xBD, 0xBB, 0xC4, 0x01, 0xEB, 0x9D, 0x4A, 0x7D, 0xE7, 0xD5, 0x95,
    0x83, 0x38, 0x12, 0xB2, 0x82, 0xBB, 0x18, 0x68, 0xB0, 0xAF, 0x97, 0x86, 0x7E, 0x7B, 0x94, 0xF9,
    0x71, 0xDF, 0xA8, 0x20, 0xB2, 0x79, 0xF3, 0x22, 0xCD, 0xCC, 0xCB, 0x9D, 0xEE, 0x0D, 0xC6, 0xDD,
    0x87, 0x4B, 0xEC, 0x35, 0x77, 0x8B, 0x5D, 0x00, 0x53, 0x7C, 0xDB, 0x91, 0xC6, 0xE8, 0xE0, 0x95,
    0x77, 0x80, 0x06, 0xD0, 0x06, 0xBA, 0x0E, 0x7E, 0x1D, 0xE0, 0x34, 0xC0, 0xC7, 0x05, 0x75, 0xF5,
    0x54, 0xC8, 0xC9, 0x7C, 0x1F, 0x1D, 0x17, 0x98, 0xB8, 0x64, 0x9B, 0x06, 0x2D, 0x0C, 0x16, 0xED,
    0x7A, 0x28, 0x5F, 0x5B, 0xC4, 0x15, 0xF3, 0x51, 0x90, 0xB4, 0xBC, 0xE8, 0x7F, 0xC9, 0xCE, 0x84,
    0x7E, 0x43, 0x28, 0xD5, 0x73, 0x65, 0x56, 0xC9, 0x99, 0x7C, 0x9A, 0xCD, 0x17, 0x4D, 0xB7, 0x59,
    0xEE, 0x4B, 0xB8, 0x03, 0x16, 0xDA, 0xA0, 0xE7, 0xB3, 0x64, 0x52, 0xAE, 0x5D, 0x15, 0x92, 0x4C,
    0x05, 0x2B, 0xEC, 0x08, 0x0D, 0xC1, 0x6C, 0xA0, 0xB1, 0x16, 0x0E, 0x24, 0x91, 0xCA, 0x2C, 0x3E,
    0x22, 0x46, 0x3F, 0x1F, 0x3A, 0x81, 0x4D, 0xC4, 0xC8, 0x7C, 0xC8, 0xD7, 0x84, 0x95, 0x59, 0x65,
    0x7C, 0xA5, 0x7D, 0x65, 0x1C, 0x23, 0xC2, 0x15, 0xE0, 0x68, 0x96, 0xCD, 0x4F, 0x9A, 0xEE, 0x5B,
    0x97, 0xF6, 0x9F, 0x0E, 0x45, 0x45, 0xC1, 0xE4, 0x98, 0x3E, 0xC6, 0x62, 0x9A, 0x18, 0x3D, 0x9F,
    0x30, 0x79, 0x24, 0xD8, 0xFF, 0x45, 0x8C, 0x8B, 0xF9, 0xF0, 0xEE, 0xD5, 0xAA, 0x70, 0xD3, 0x19,
    0xAE, 0xA6, 0x5F, 0xB8, 0x18, 0x90, 0x6F, 0xA2, 0xB4, 0x98, 0x84, 0x1F, 0x22, 0x4C, 0x45, 0x15,
    0xA2, 0xBD, 0x34, 0x90, 0x01, 0x22, 0x3C, 0x0C, 0xC4, 0xC0, 0xAA, 0x52, 0x4C, 0x11, 0x8B, 0x34,
    0xA9, 0xB5, 0xF5, 0x7B, 0x22, 0xC2, 0x1D, 0x81, 0x17, 0x44, 0x8C, 0x75, 0xDE, 0x16, 0xB0, 0x58,
    0x92, 0x2C, 0x22, 0x6A, 0xF1, 0x18, 0x35, 0xF8, 0xCA, 0x6B, 0xFB, 0x30, 0x6C, 0xD9, 0xD3, 0xF0,
    0x92, 0xFD, 0x77, 0xD9, 0xB2, 0x22, 0x1D, 0x2B, 0xF9, 0x9E, 0x95, 0x4E, 0x6E, 0xC5, 0x96, 0x56,
    0x76, 0x0B, 0x2B, 0x26, 0x54, 0xEC, 0xAD, 0x68, 0x67, 0x67, 0x98, 0x25, 0x26, 0x62, 0x1E, 0x3B,
    0xF3, 0x30, 0x98, 0xD3, 0xD2, 0x88, 0x18, 0xE9, 0x1B, 0xD9, 0x37, 0x62, 0x8C, 0xE8, 0x1B, 0xA2,
    0x3E, 0x90, 0xF4, 0x5F, 0x42, 0x14, 0x8E, 0x84, 0x2E, 0x93, 0x12, 0x3D, 0x5F, 0xD2, 0xC4, 0x38,
    0x8B, 0x0A, 0xBD, 0x75, 0x87, 0x26, 0xA5, 0x80, 0x6C, 0x72, 0x2D, 0xAB, 0x75, 0xB5, 0x4D, 0x6D,
    0x5B, 0xAF, 0xA9, 0xD7, 0xC6, 0x47, 0xCC, 0x27, 0x5E, 0x54, 0x71, 0x31, 0x31, 0xEA, 0x07, 0x15,
    0xE6, 0x13, 0x17, 0x67, 0x57, 0x9C, 0xF2, 0xFF, 0x8B, 0x27, 0xC0, 0x14, 0xF8, 0x0D, 0xD0, 0x74,
    0x70, 0xCD, 0xC5, 0xE5, 0xD9, 0x7B, 0x52, 0x08, 0xF2, 0x34, 0x7E, 0x16, 0xEA, 0xD6, 0xBC, 0x8B,
    0x34, 0x10, 0xE3, 0x44, 0x5D, 0xBC, 0x48, 0x7D, 0xBD, 0x5A, 0x8F, 0x3D, 0x90, 0x35, 0xA6, 0x70,
    0x08, 0xCD, 0x4F, 0x49, 0x57, 0x6B, 0x8F, 0x4F, 0x26, 0x87, 0xD3, 0x7E, 0x3E, 0xE1, 0x68, 0x46,
    0x3D, 0xC5, 0x4F, 0xDE, 0xC5, 0xF2, 0x82, 0x10, 0xCC, 0x37, 0x62, 0x4C, 0xC3, 0x32, 0x68, 0x3E,
    0x98, 0xA6, 0xD1, 0x0B, 0xDA, 0x8D, 0x31, 0x58, 0x1A, 0x58, 0x76, 0x2A, 0xB2, 0x18, 0xFA, 0x18,
    0xC6, 0x95, 0x46, 0x50, 0x6F, 0x94, 0xA8, 0x3F, 0x15, 0xA4, 0x1F, 0x06, 0xF8, 0xC4, 0xC3, 0x57,
    0x0E, 0x26, 0xC0, 0x75, 0x60, 0x9F, 0xB3, 0x6F, 0x7A, 0x9F, 0x05, 0x1D, 0xCB, 0x92, 0x9E, 0x4D,
    0xBE, 0x24, 0xDF, 0x49, 0x3F, 0x40, 0x1A, 0xEA, 0x1E, 0xE5, 0x96, 0xFA, 0xED, 0x6B, 0x85, 0xC9,
    0x7E, 0xFE, 0x66, 0xD0, 0x5A, 0xBD, 0x1F, 0xB2, 0x1B, 0x95, 0x1B, 0xF5, 0x76, 0xF2, 0x99, 0x57,
    0x7F, 0xE7, 0x81, 0x4B, 0xFF, 0xC1, 0x1F, 0x49, 0x16, 0x1C, 0xC1, 0xB4, 0xF6, 0x27, 0xEC, 0x33,
    0x60, 0xFB, 0x7C, 0x0F, 0x63, 0xB2, 0x2A, 0x76, 0xB5, 0x8A, 0xE4, 0xB3, 0xF3, 0x98, 0xFB, 0xC0,
    0x21, 0xF0, 0xD8, 0x91, 0x56, 0xF2, 0xEC, 0xCD, 0x02, 0x83, 0xD0, 0xA0, 0x8F, 0xC5, 0x32, 0xA6,
    0xC9, 0xFA, 0x6C, 0x76, 0x87, 0xBE, 0x41, 0xF4, 0x6B, 0x65, 0xB5, 0x3C, 0xFD, 0xC8, 0x13, 0xE1,
    0xE4, 0xEA, 0x7C, 0xD5, 0x73, 0xFE, 0xB6, 0xA0, 0x8A, 0xA7, 0x5F, 0x67, 0x0B, 0xD3, 0xB3, 0xEF,
    0xD8, 0xF9, 0x47, 0xAC, 0x05, 0x7D, 0x98, 0xAF, 0xBF, 0x02, 0xD1, 0xCF, 0x9D, 0xF0, 0x3C, 0x9A,
    0xBB, 0xE8, 0xF3, 0xF5, 0x8E, 0x5A, 0x6C, 0x61, 0xD0, 0x4E, 0x79, 0x15, 0xD2, 0x82, 0x12, 0xA1,
    0x47, 0x07, 0xCB, 0x76, 0x0C, 0xB7, 0x83, 0x7A, 0x1E, 0x55, 0xFA, 0x18, 0xD8, 0x83, 0x01, 0xFC,
    0x93, 0xE4, 0x1E, 0xEA, 0x2D, 0xA7, 0x7E, 0x16, 0x34, 0xC5, 0x4B, 0xE4, 0x2D, 0xF6, 0x3A, 0xB4,
    0x86, 0x43, 0x1F, 0x63, 0xF8, 0x01, 0xBB, 0x68, 0xD2, 0xA0, 0x97, 0xB4, 0x47, 0x4F, 0xFB, 0x47,
    0xC7, 0x70, 0x74, 0x3B, 0x4C, 0x55, 0x90, 0x0A, 0x3A, 0x9C, 0x9C, 0x84, 0xF6, 0xFD, 0x20, 0x70,
    0x81, 0xD3, 0x25, 0x71, 0xE4, 0x67, 0x17, 0xEF, 0xCD, 0x46, 0xF7, 0xCE, 0x54, 0xA8, 0x54, 0xF7,
    0x97, 0x5C, 0x5B, 0x55, 0x3E, 0xB1, 0x30, 0x06, 0xD9, 0xC0, 0x18, 0x06, 0xD4, 0xAA, 0x6C, 0xC5,
    0xA6, 0x26, 0x9B, 0x49, 0x7B, 0x24, 0x03, 0x25, 0xE3, 0x64, 0xC3, 0x21, 0xD5, 0xCF, 0x4A, 0x58,
    0xAB, 0xF4, 0x2C, 0xBF, 0xB6, 0xA4, 0x39, 0xF2, 0x9D, 0xB4, 0xC8, 0x29, 0xE7, 0x43, 0x89, 0x51,
    0x2E, 0x7C, 0x5A, 0x68, 0x3E, 0x28, 0xD2, 0xE8, 0xD3, 0x88, 0xFE, 0x02, 0x43, 0x8D, 0xC9, 0x82,
    0xD1, 0xBB, 0x18, 0x9E, 0x87, 0x6C, 0x96, 0x9F, 0xC7, 0xE5, 0x72, 0x5C, 0x64, 0x90, 0xD6, 0x71,
    0xB3, 0x99, 0xC0, 0x1A, 0x69, 0x79, 0x7D, 0x14, 0x9A, 0x2B, 0x2E, 0xA5, 0x62, 0x45, 0x1C, 0x85,
    0xC5, 0xFA, 0x0D, 0x7D, 0x16, 0x4A, 0x01, 0xD9, 0xB8, 0xEA, 0x92, 0x02, 0x3C, 0xBF, 0x88, 0x23,
    0x77, 0x39, 0xD2, 0xF9, 0xD8, 0xEE, 0x3F, 0x19, 0xDB, 0x9E, 0x58, 0xAC, 0xDD, 0x0F, 0x90, 0x5D,
    0xC4, 0x20, 0x59, 0x90, 0xAF, 0x5D, 0xF7, 0x97, 0x7A, 0x4A, 0x1C, 0x1D, 0x1E, 0x33, 0xCB, 0x6A,
    0x0B, 0x55, 0xD4, 0xB7, 0xF0, 0x42, 0xB7, 0xFB, 0x4F, 0x4E, 0x36, 0x7D, 0xF6, 0xC9, 0xB2, 0xBA,
    0x71, 0xFC, 0x40, 0x85, 0xF1, 0xE5, 0x46, 0xA8, 0x7E, 0xAE, 0xFF, 0xD6, 0xF5, 0x95, 0xC1, 0xFD,
    0x67, 0x37, 0xCB, 0x62, 0xDD, 0x2C, 0xA7, 0x4B, 0x84, 0x4D, 0xAC, 0x6B, 0xF2, 0xDE, 0x33, 0x7B,
    0xA1, 0x52, 0xE9, 0x99, 0xC0, 0x25, 0x7C, 0x3C, 0x7D, 0xF0, 0xCE, 0x82, 0x29, 0xF2, 0x35, 0x6A,
    0x3E, 0x3A, 0x39, 0x16, 0x84, 0x63, 0xDA, 0x45, 0xBA, 0xA0, 0x8D, 0x71, 0x66, 0x7E, 0x7C, 0xF4,
    0x69, 0x82, 0xC6, 0x30, 0x59, 0x8C, 0xDE, 0x35, 0x5C, 0x26, 0xFD, 0x79, 0xBA, 0x78, 0x66, 0x31,
    0x13, 0x99, 0x2A, 0x39, 0x7A, 0x4F, 0x9A, 0xB3, 0x5C, 0x18, 0xF7, 0x10, 0x4B, 0x69, 0xD3, 0x62,
    0x5B, 0x05, 0xA3, 0xBC, 0xD6, 0x2E, 0xBB, 0x81, 0xFA, 0x0B, 0xD5, 0x6C, 0x4A, 0x16, 0x30, 0x63,
    0x5C, 0x27, 0xBC, 0xA7, 0x4A, 0x43, 0x47, 0xCB, 0x36, 0xD6, 0x1C, 0xB4, 0x68, 0x6D, 0xED, 0x59,
    0xB6, 0xB7, 0x6D, 0x87, 0xAD, 0x56, 0xAB, 0x87, 0xE9, 0x6C, 0xE7, 0xE8, 0xDE, 0x96, 0x90, 0xE5,
    0xA6, 0x44, 0x89, 0x2E, 0x50, 0x65, 0x16, 0xB0, 0x48, 0x23, 0x2D, 0x8C, 0x0A, 0xEA, 0x03, 0x92,
    0x25, 0x2C, 0x6A, 0xA4, 0x5F, 0x92, 0xFD, 0xCE, 0x55, 0xC2, 0x9D, 0xA4, 0x1C, 0x30, 0x5D, 0x4F,
    0x2B, 0xDB, 0xA0, 0x67, 0x10, 0xED, 0x44, 0xBD, 0x51, 0x54, 0xA3, 0x2D, 0xF9, 0xD0, 0xD7, 0x83,
    0x76, 0x02, 0xD7, 0x61, 0x1F, 0x2C, 0xF4, 0x41, 0xF8, 0x71, 0x41, 0xD7, 0x11, 0xE3, 0x70, 0xC4,
    0x0E, 0x7D, 0x24, 0x2D, 0x32, 0x6F, 0x68, 0xD1, 0x63, 0x3E, 0x8C, 0x91, 0x41, 0x32, 0xDB, 0x6C,
    0x3F, 0xED, 0x8F, 0xB9, 0xC9, 0xE6, 0x7F, 0x57, 0xE9, 0x8C, 0x81, 0x5C, 0x75, 0xBD, 0xCE, 0x4D,
    0x77, 0xC9, 0xB0, 0xE4, 0x90, 0x47, 0x4F, 0x7F, 0x67, 0xE1, 0xA6, 0x7B, 0x9D, 0x23, 0xFF, 0xBD,
    0xC7, 0x2B, 0xF1, 0xED, 0xF0, 0x5F, 0xAD, 0x98, 0x01, 0x84, 0x64, 0xC9, 0x19, 0xC7, 0x7F, 0xEF,
    0xD5, 0xED, 0xBC, 0xDC, 0xBD, 0xB9, 0xA9, 0xC5, 0x46, 0xEE, 0x72, 0x33, 0xFD, 0x16, 0xC1, 0x92,
    0x9E, 0xEB, 0xC6, 0x84, 0x4E, 0xD4, 0x4C, 0xBF, 0xCB, 0x21, 0x80, 0x1B, 0x08, 0x48, 0x24, 0xC7,
    0x1D, 0x08, 0x71, 0x83, 0xE1, 0x3A, 0xC9, 0xEC, 0xCC, 0x4B, 0x82, 0x00, 0x4C, 0x02, 0x00, 0x06,
    0x12, 0xAB, 0x2F, 0xD9, 0xEE, 0x44, 0x8B, 0x21, 0x9B, 0xE9, 0xCA, 0x2D, 0x82, 0xE0, 0x9E, 0x04,
    0x07, 0x41, 0xDD, 0x39, 0xC2, 0x2D, 0xD9, 0x2F, 0x7B, 0x8F, 0xEB, 0xED, 0xEB, 0xD9, 0xCA, 0xEB,
    0x9E, 0xD9, 0x9E, 0x99, 0xBD, 0x1D, 0xD7, 0xC6, 0x74, 0xFD, 0xBF, 0x51, 0xF5, 0xD5, 0xFF, 0xFB,
    0x57, 0xA9, 0xFE, 0xFA, 0xAB, 0xF7, 0xA6, 0x37, 0xEA, 0x81, 0x9C, 0x7C, 0x10, 0x82, 0x87, 0x24,
    0x9E, 0xD5, 0x80, 0x7D, 0x90, 0xB3, 0xE8, 0xC1, 0x16, 0xD4, 0x3A, 0x44, 0x8F, 0x1E, 0xBB, 0xFA,
    0x99, 0xBA, 0x97, 0xC7, 0x29, 0x9A, 0x13, 0x74, 0xDA, 0x78, 0x7F, 0xC6, 0xB3, 0x0C, 0x07, 0xED,
    0x3D, 0xEF, 0xE5, 0x2A, 0xE9, 0x4F, 0x3E, 0xCD, 0x6B, 0x9D, 0xAC, 0x12, 0xA7, 0x46, 0xD9, 0x23,
    0x94, 0xFD, 0x5A, 0x67, 0xEC, 0x2F, 0x67, 0x5B, 0x2C, 0x1B, 0x4C, 0x85, 0x9E, 0x46, 0xE2, 0x57,
    0x9C, 0xBA, 0x6B, 0xC3, 0xF7, 0x33, 0x3C, 0xF4, 0xD1, 0x5E, 0xAE, 0xDC, 0x5C, 0x7F, 0xEE, 0x60,
    0xAF, 0xEC, 0x60, 0x38, 0xC2, 0x74, 0xE3, 0xC0, 0x74, 0x90, 0x3C, 0x3C, 0xB8, 0x2D, 0x14, 0xAC,
    0xA5, 0xCD, 0xA2, 0xBB, 0x2D, 0xBA, 0xD0, 0xDB, 0x95, 0x78, 0xC0, 0x4D, 0x34, 0x7A, 0xF8, 0xD7,
    0x9D, 0x62, 0x7D, 0xDD, 0x39, 0xBE, 0xBA, 0x4B, 0xE0, 0x0F, 0x89, 0x77, 0x5F, 0xCA, 0x96, 0x08,
    0xF2, 0x95, 0xB8, 0xD8, 0x78, 0xBD, 0xD9, 0x5B, 0xC9, 0xF7, 0x79, 0xC1, 0x0A, 0xF3, 0xA7, 0x6D,
    0x6F, 0x9F, 0x1B, 0xF5, 0x66, 0xAF, 0x5E, 0x8D, 0xC5, 0xE9, 0x34, 0xB2, 0x6A, 0xD8, 0x87, 0xB7,
    0x3E, 0x22, 0xC9, 0xD9, 0x48, 0x64, 0xA5, 0x5E, 0xEF, 0xD6, 0x36, 0x80, 0xE8, 0xD5, 0x4C, 0x6B,
    0xCC, 0x32, 0xBD, 0x1E, 0x22, 0x18, 0x43, 0xA5, 0x42, 0xFC, 0x9D, 0x34, 0x0C, 0xF9, 0x51, 0xFB,
    0x56, 0xDF, 0x8F, 0xC0, 0x4C, 0xD1, 0xCE, 0xBC, 0xFD, 0xDC, 0x1E, 0x9A, 0x6E, 0xE3, 0xF5, 0xB5,
    0xC1, 0x4A, 0x6E, 0xCC, 0x0B, 0xD6, 0x98, 0x79, 0xBB, 0x56, 0xCC, 0xDB, 0x66, 0x3E, 0x6F, 0x8D,
    0x9B, 0xDF, 0x33, 0x9B, 0x37, 0xEA, 0xC6, 0xD4, 0xAB, 0xD7, 0xAE, 0x9C, 0xD9, 0x43, 0xBB, 0x7D,
    0xCB, 0xFB, 0x51, 0x92, 0x6F, 0x17, 0x62, 0xC6, 0x6D, 0xBB, 0x48, 0x72, 0x84, 0x29, 0xDA, 0xC3,
    0xF1, 0xB9, 0x23, 0x9C, 0x71, 0xB6, 0x27, 0x4E, 0x6A, 0xF6, 0xB7, 0x42, 0x97, 0x6E, 0x60, 0xA3,
    0x74, 0x89, 0x4D, 0xBC, 0x00, 0x24, 0xEE, 0x1B, 0x3D, 0x56, 0xE8, 0x6A, 0x17, 0xB4, 0xA8, 0x5E,
    0x35, 0x4D, 0x81, 0x30, 0x8D, 0xD3, 0x0A, 0x0D, 0x04, 0x79, 0x3A, 0x02, 0x29, 0x94, 0xF8, 0xDB,
    0xF2, 0xD9, 0xA0, 0x2B, 0x70, 0x1A, 0xB1, 0x97, 0xDA, 0xA3, 0x6E, 0x73, 0x54, 0xDF, 0x19, 0xD5,
    0xFB, 0x53, 0x4C, 0x86, 0xA5, 0x33, 0x19, 0xD5, 0x83, 0xEF, 0xD7, 0x99, 0x3F, 0x07, 0x50, 0xA6,
    0xE8, 0x33, 0x2C, 0x92, 0xA4, 0xCA, 0x7E, 0xCF, 0xF6, 0x81, 0x38, 0x6B, 0x66, 0x6F, 0x64, 0xEA,
    0x54, 0x8B, 0x5D, 0xE3, 0x46, 0x7D, 0xB1, 0x3E, 0x5F, 0x5F, 0xBC, 0xD1, 0x88, 0x1D, 0xD0, 0xDD,
    0xC0, 0x18, 0x16, 0x34, 0xD1, 0xAF, 0xB2, 0x32, 0x85, 0xB4, 0x66, 0x79, 0x99, 0xCD, 0x16, 0xD7,
    0xAF, 0x13, 0x5B, 0x95, 0x35, 0x6D, 0xCC, 0x1B, 0x76, 0x09, 0x65, 0x4D, 0x69, 0x1B, 0xA5, 0x39,
    0xD4, 0xBB, 0x7F, 0x13, 0xF5, 0xF7, 0x57, 0x45, 0xBD, 0xF7, 0x9C, 0x50, 0x5D, 0x14, 0x1A, 0x2B,
    0x42, 0x77, 0x4F, 0x82, 0xDC, 0x8F, 0x94, 0xFD, 0x6E, 0x11, 0x83, 0xC4, 0x36, 0xE6, 0x67, 0xF6,
    0x79, 0x94, 0x6D, 0x9C, 0x8A, 0xFB, 0x87, 0xA8, 0xBB, 0x3F, 0xDE, 0x52, 0xEF, 0x61, 0xD4, 0xBF,
    0x31, 0x34, 0xE8, 0xD1, 0x0D, 0x1C, 0xB9, 0xCA, 0x42, 0xBB, 0x40, 0x94, 0xAE, 0xDD, 0x5A, 0xA0,
    0x39, 0x4A, 0x1C, 0xB2, 0x36, 0x08, 0x72, 0x8C, 0xB2, 0xB4, 0x22, 0xB4, 0x5B, 0xE0, 0xB9, 0xA2,
    0x0A, 0xA6, 0x01, 0xA6, 0x6B, 0x7E, 0x3A, 0xC8, 0xEF, 0xD4, 0x3E, 0x7C, 0x77, 0x8B, 0x48, 0x19,
    0x16, 0x9E, 0x37, 0x2C, 0x56, 0x0D, 0x8D, 0xA6, 0x67, 0xE3, 0xCB, 0x37, 0xC9, 0x31, 0x81, 0x43,
    0x09, 0x81, 0x03, 0x60, 0x1D, 0x84, 0x40, 0x50, 0x39, 0x3A, 0x63, 0x15, 0x7A, 0x20, 0x13, 0x14,
    0x01, 0x3B, 0x7D, 0x92, 0x87, 0xF0, 0x3A, 0xB0, 0x0F, 0x2C, 0x03, 0x31, 0x00, 0x50, 0x01, 0x6A,
    0x40, 0x33, 0x85, 0xB7, 0x2D, 0x3C, 0xB0, 0xF0, 0x41, 0x4E, 0x98, 0x0B, 0xCA, 0x76, 0x89, 0xB2,
    0x16, 0xB1, 0x1F, 0xA1, 0xFD, 0x21, 0x4B, 0x54, 0xA8, 0xA2, 0x31, 0xC4, 0xE9, 0x26, 0x2A, 0x1B,
    0x33, 0x08, 0x76, 0x41, 0x59, 0x88, 0x53, 0x58, 0xBA, 0x24, 0xCD, 0x67, 0x81, 0x26, 0xF0, 0xA9,
    0x25, 0xB4, 0xDD, 0x4B, 0xD1, 0x0C, 0x06, 0x2B, 0xA8, 0xFB, 0x42, 0x18, 0x64, 0x97, 0xA2, 0xC7,
    0xFA, 0x3A, 0x38, 0xC7, 0xF4, 0xA3, 0x81, 0x24, 0x85, 0xA6, 0x85, 0x6F, 0x59, 0xF8, 0x63, 0x0E,
    0x22, 0x04, 0xAE, 0x4B, 0x68, 0x5B, 0x93, 0xBC, 0x8A, 0x4A, 0xAD, 0xD8, 0x3F, 0x42, 0xA3, 0x59,
    0x22, 0x4E, 0x0D, 0x2A, 0x6B, 0xA0, 0x6C, 0x8F, 0x30, 0x67, 0x2E, 0x85, 0x9A, 0x83, 0x95, 0x8D,
    0x89, 0x4D, 0xFA, 0xDA, 0x42, 0xE2, 0x60, 0x55, 0xC0, 0x14, 0xB0, 0xDF, 0x02, 0x31, 0xE0, 0x96,
    0x09, 0xF3, 0x0A, 0xEA, 0xE3, 0x0E, 0x91, 0xF7, 0x69, 0x8C, 0xB2, 0xBA, 0xB4, 0x71, 0xBD, 0x30,
    0x20, 0x0D, 0x10, 0x42, 0xEF, 0x1D, 0xEA, 0x7E, 0x7B, 0x97, 0xE8, 0x35, 0x40, 0x6B, 0xA0, 0xA2,
    0x81, 0xAA, 0x06, 0x1A, 0x1A, 0xE8, 0x69, 0xEF, 0x10, 0xDD, 0xDE, 0x0D, 0x87, 0x1D, 0x50, 0xDE,
    0x43, 0x94, 0x69, 0xD0, 0x68, 0xA8, 0xA0, 0xA1, 0x4A, 0x39, 0x6B, 0x18, 0xF3, 0xFA, 0x1F, 0x45,
    0xC3, 0x51, 0x92, 0x62, 0xA0, 0x05, 0x5D, 0x90, 0xB3, 0xD8, 0x07, 0x03, 0x35, 0x88, 0x87, 0x83,
    0xA0, 0xEF, 0x58, 0x84, 0x92, 0xAD, 0x2C, 0x6F, 0x65, 0x1C, 0xF0, 0x2C, 0xE8, 0xC9, 0x08, 0x07,
    0xE0, 0x7D, 0x36, 0x6C, 0xA7, 0x4F, 0x28, 0x78, 0xCF, 0xB0, 0xFD, 0xA4, 0x6C, 0x49, 0x2B, 0xC9,
    0xBC, 0x00, 0x5B, 0x20, 0x84, 0xF6, 0x22, 0xE1, 0x41, 0x46, 0x24, 0xE8, 0x2D, 0x1A, 0x0B, 0x17,
    0x09, 0xBF, 0x76, 0x8D, 0x6A, 0x15, 0xB8, 0x48, 0xEC, 0x9B, 0x6C, 0xB1, 0x44, 0x04, 0x78, 0xFB,
    0x56, 0xAA, 0x79, 0x7A, 0xFB, 0x61, 0xEA, 0x2D, 0x59, 0x68, 0xA3, 0x74, 0x61, 0x06, 0x66, 0x98,
    0xC6, 0xF9, 0x72, 0xB7, 0xD7, 0x80, 0xA6, 0xBC, 0x94, 0x2B, 0xFB, 0xF4, 0xF6, 0x95, 0xBC, 0x29,
    0x93, 0x5B, 0x6D, 0x06, 0xC5, 0xA6, 0xCF, 0x58, 0x7B, 0xA7, 0xC0, 0x70, 0x13, 0x73, 0x9C, 0xE9,
    0xE6, 0xB8, 0x16, 0x1E, 0xDC, 0x52, 0x76, 0x5C, 0xEF, 0x8E, 0xC7, 0xD9, 0xD1, 0x9C, 0x1E, 0x73,
    0x27, 0x31, 0xCD, 0x47, 0x29, 0x61, 0xB1, 0x17, 0xF5, 0xED, 0x95, 0xB9, 0x14, 0x18, 0xA0, 0x0F,
    0xD1, 0x1E, 0xFD, 0x59, 0xAA, 0x3F, 0xB1, 0xFA, 0x81, 0xD3, 0x22, 0x5A, 0x5A, 0x5A, 0x56, 0xB5,
    0x68, 0x2D, 0xF1, 0x6B, 0x65, 0x3D, 0x95, 0xF0, 0xBE, 0xE0, 0x85, 0x1D, 0xA1, 0xC9, 0x3E, 0xB0,
    0x0A, 0x68, 0x20, 0x00, 0x00, 0xFA, 0x8E, 0x78, 0x78, 0x48, 0x82, 0x9E, 0xEC, 0x63, 0x93, 0x30,
    0x17, 0x02, 0x27, 0x20, 0x67, 0x2D, 0x70, 0xE3, 0xB9, 0x31, 0x67, 0xCC, 0x2D, 0x63, 0x26, 0xB1,
    0x04, 0x72, 0x5C, 0x95, 0x80, 0x2F, 0x5D, 0x92, 0x66, 0x02, 0x34, 0xED, 0x11, 0x23, 0xBD, 0x76,
    0x39, 0x9A, 0x87, 0x8B, 0x84, 0xF7, 0x0B, 0xC2, 0x60, 0xF7, 0x72, 0xF4, 0x9C, 0x63, 0x52, 0x99,
    0xE0, 0x52, 0xF4, 0xAE, 0x92, 0x6E, 0x86, 0xF9, 0x72, 0x9C, 0xE9, 0x1F, 0xA0, 0x06, 0x04, 0x05,
    0xD1, 0x88, 0x44, 0x63, 0x94, 0xAD, 0x63, 0xA7, 0x8B, 0xFC, 0xC7, 0xC6, 0x43, 0x9F, 0x26, 0x24,
    0xA9, 0xA1, 0x69, 0x37, 0xF9, 0x53, 0xDE, 0x0D, 0x3E, 0x70, 0xA2, 0xAC, 0x48, 0x8C, 0xC8, 0x52,
    0x69, 0xA6, 0x34, 0x09, 0xDC, 0x9F, 0xF3, 0x30, 0x6F, 0x66, 0xCA, 0xD6, 0x52, 0x9D, 0xD6, 0xCA,
    0x45, 0xBE, 0xD9, 0x77, 0x00, 0x84, 0x0E, 0x0A, 0x30, 0xF0, 0x0C, 0x80, 0xA0, 0xBF, 0x10, 0x3D,
    0x2A, 0x86, 0xAD, 0xE4, 0x5E, 0x11, 0xFA, 0x8C, 0xC8, 0xA2, 0xA1, 0x0A, 0xD7, 0x2F, 0x14, 0x7E,
    0x13, 0x3C, 0xEA, 0xAE, 0xBD, 0xC2, 0xFA, 0x05, 0xC2, 0xD5, 0x2F, 0xB3, 0xE0, 0x95, 0x14, 0x2E,
    0xB4, 0x74, 0x98, 0x12, 0xA7, 0x54, 0xA0, 0x01, 0x30, 0x99, 0x32, 0xCB, 0xB4, 0x9E, 0x7C, 0xD6,
    0x3D, 0x00, 0xF3, 0x14, 0x9C, 0x94, 0xA0, 0x87, 0x0C, 0xFB, 0x99, 0xA8, 0xFC, 0xD4, 0xE3, 0x97,
    0x93, 0xD8, 0x7A, 0xCF, 0x70, 0xF7, 0x84, 0xF6, 0xD2, 0x21, 0x3B, 0x9D, 0xAC, 0x50, 0x56, 0x4A,
    0xC4, 0x99, 0xBC, 0x8C, 0xF4, 0x26, 0xEC, 0x3B, 0x48, 0x92, 0x49, 0x28, 0x42, 0x4B, 0x30, 0x25,
    0x1E, 0x7C, 0x5C, 0xFC, 0xAF, 0x9F, 0xC7, 0x19, 0x61, 0x0E, 0x1B, 0x00, 0xF1, 0x21, 0xB5, 0x4E,
    0x4A, 0x64, 0x51, 0x63, 0xC4, 0xDE, 0xEE, 0xBC, 0x63, 0x1F, 0x4B, 0xD9, 0x83, 0x03, 0x5B, 0xFB,
    0xD0, 0xF2, 0x32, 0xB4, 0x20, 0x9F, 0x95, 0x1F, 0x0A, 0xD1, 0x1D, 0x96, 0xE2, 0x59, 0xF9, 0xFA,
    0x37, 0xD9, 0xCB, 0x9E, 0xEB, 0x2F, 0xCE, 0xCA, 0x5F, 0x58, 0xE0, 0xCA, 0x15, 0x60, 0x36, 0xFE,
    0x07, 0x36, 0x28, 0x50, 0x23, 0xD4, 0xFC, 0xF8, 0x6F, 0x50, 0xCC, 0xBA, 0x4A, 0x3C, 0x48, 0xDC,
    0x5A, 0xE7, 0x60, 0x44, 0xE4, 0x2A, 0x28, 0xAB, 0x83, 0x77, 0x3E, 0xEE, 0xD4, 0xBC, 0xF7, 0x77,
    0x94, 0x45, 0x26, 0x96, 0x23, 0x5A, 0xD8, 0xBE, 0xB3, 0x7D, 0x3B, 0x71, 0xC9, 0x60, 0xEE, 0x51,
    0xA9, 0x89, 0x81, 0x1E, 0xE7, 0xBF, 0x4C, 0xD9, 0xC9, 0x06, 0x0C, 0x73, 0x77, 0x88, 0x1C, 0xC7,
    0x5F, 0xC4, 0x26, 0xC0, 0xDC, 0x21, 0x49, 0x27, 0x6B, 0x84, 0x79, 0x17, 0x37, 0x6C, 0x8B, 0xF7,
    0x32, 0x0D, 0x37, 0x90, 0xDC, 0xCB, 0x43, 0x9F, 0x91, 0x80, 0x01, 0x37, 0x2B, 0x3F, 0x28, 0x88,
    0xFE, 0xC0, 0x52, 0x94, 0xCE, 0xC8, 0x9F, 0x1E, 0xEC, 0x94, 0x6F, 0xC2, 0xBC, 0xF7, 0x39, 0xFE,
    0xEA, 0x63, 0x7E, 0xEB, 0xF8, 0x16, 0xD4, 0xE7, 0xB4, 0x28, 0xAB, 0xF0, 0x35, 0xC0, 0x9C, 0xD3,
    0xA2, 0xBC, 0xD2, 0x7B, 0x73, 0x11, 0xCE, 0xBB, 0xED, 0x9C, 0x9B, 0x94, 0xBD, 0x73, 0xF5, 0x01,
    0xF5, 0xED, 0x54, 0xDD, 0x4F, 0x19, 0x11, 0xFD, 0x97, 0xB9, 0x38, 0x45, 0xD9, 0xE0, 0x77, 0x79,
    0xE2, 0xDD, 0x6A, 0x24, 0xBD, 0x40, 0x84, 0x29, 0x5C, 0x4B, 0x8D, 0xDF, 0x47, 0xA3, 0x43, 0xF4,
    0xAF, 0xED, 0x9A, 0x4F, 0x8F, 0xD2, 0xED, 0xC3, 0x47, 0xF8, 0x8E, 0x1D, 0x85, 0xAE, 0x40, 0xE4,
    0x1C, 0x44, 0x96, 0xE0, 0xF1, 0xCF, 0xA5, 0x0C, 0x2F, 0x45, 0xB6, 0x94, 0xED, 0x05, 0xEE, 0x34,
    0xA7, 0x1C, 0x1A, 0x65, 0x93, 0x89, 0xFE, 0xF1, 0xEF, 0x7E, 0x6F, 0x56, 0x7E, 0x20, 0xA8, 0xDF,
    0xF3, 0x7C, 0x3C, 0x2B, 0x3F, 0xFE, 0x67, 0x56, 0xF1, 0x5C, 0x7B, 0x71, 0x66, 0xBE, 0x9E, 0x7E,
    0xAB, 0x33, 0xF1, 0x71, 0x20, 0xC7, 0xFB, 0xF7, 0x5E, 0xDA, 0xED, 0x49, 0x6F, 0xEF, 0xC4, 0x19,
    0x3D, 0x2C, 0x4F, 0xD2, 0x6E, 0xC5, 0xB6, 0xA7, 0x9D, 0x18, 0x91, 0xAE, 0x88, 0x93, 0x4F, 0xAC,
    0xFC, 0x25, 0x70, 0x6B, 0x2A, 0x6F, 0x76, 0xB2, 0xB7, 0x0F, 0xB9, 0x0A, 0xB1, 0x25, 0x70, 0xB0,
    0x09, 0x7C, 0xC1, 0xEB, 0xE4, 0xCE, 0x6D, 0x49, 0x06, 0xDD, 0xE3, 0xEC, 0xDE, 0x9B, 0x95, 0x7F,
    0x94, 0xDD, 0x2F, 0xCE, 0xA5, 0x33, 0xF2, 0xA7, 0xD9, 0x3D, 0x13, 0xBF, 0x10, 0x22, 0xCB, 0x02,
    0xDC, 0x00, 0x98, 0xD4, 0x6F, 0x53, 0x61, 0x53, 0x23, 0x71, 0x2A, 0xEA, 0xE7, 0x79, 0x78, 0xD7,
    0x06, 0xFF, 0xCA, 0xF8, 0x34, 0xA5, 0x0F, 0x6B, 0xB0, 0x0A, 0x06, 0x5A, 0x20, 0x7C, 0x3D, 0xA7,
    0x99, 0x22, 0x9C, 0xE0, 0xC1, 0x21, 0xBE, 0x93, 0x0D, 0x94, 0x95, 0xB3, 0xC7, 0x5E, 0x04, 0xAE,
    0x74, 0x96, 0x53, 0x25, 0x41, 0x38, 0x83, 0xD3, 0xF7, 0x8F, 0xC1, 0x54, 0x69, 0x1C, 0xFF, 0xB3,
    0x24, 0x70, 0xEA, 0x17, 0xB9, 0x2A, 0x57, 0x7F, 0x3F, 0xE3, 0x1E, 0x78, 0xD8, 0x06, 0x33, 0x41,
    0xEF, 0x64, 0xF5, 0xFF, 0x03, 0xAD, 0x99, 0x01, 0x84, 0x24, 0xD9, 0x19, 0xC7, 0x7F, 0x55, 0x6F,
    0x77, 0x2A, 0xB6, 0x6E, 0xFB, 0x1D, 0x8E, 0xB8, 0xBB, 0x9D, 0xAE, 0xC5, 0xE1, 0x92, 0xF4, 0xEC,
    0x1C, 0x06, 0xED, 0xD4, 0x4C, 0xBF, 0x15, 0x84, 0xC0, 0x2D, 0x10, 0xC0, 0x06, 0x07, 0x11, 0xDC,
    0x62, 0x22, 0x8D, 0xD9, 0x9B, 0x4A, 0x0E, 0x01, 0x92, 0x05, 0x00, 0x2C, 0x16, 0xAB, 0x57, 0xAE,
    0x5B, 0x34, 0x96, 0xDB, 0x9D, 0x7E, 0x2C, 0x82, 0xC3, 0xD5, 0xE5, 0x10, 0x44, 0x5C, 0xDD, 0x39,
    0x72, 0xB1, 0x71, 0xF9, 0x72, 0x5B, 0xA4, 0xB7, 0xAF, 0xBB, 0x5F, 0xAA, 0xCA, 0xCC, 0x6C, 0xF7,
    0xDE, 0x74, 0xA6, 0xA7, 0x5D, 0xBF, 0x7F, 0x8D, 0xEE, 0xF7, 0xBE, 0xEF, 0xFF, 0xFB, 0xBE, 0x9A,
    0xB7, 0x5D, 0x53, 0xB5, 0x38, 0x81, 0xCE, 0x6D, 0x00, 0xD0, 0x40, 0x64, 0x60, 0xD3, 0xC2, 0x9B,
    0x16, 0x7E, 0x95, 0x82, 0x08, 0x64, 0x3D, 0xBC, 0xB4, 0x8D, 0xB2, 0x31, 0xCA, 0x4D, 0x08, 0xDD,
    0x14, 0x8D, 0xA6, 0x4E, 0x68, 0x36, 0x08, 0x92, 0x18, 0x65, 0xDB, 0xF8, 0xA9, 0x76, 0x5C, 0xE8,
    0x00, 0x04, 0x13, 0xA2, 0xAE, 0x39, 0x17, 0x58, 0x54, 0xA9, 0xD0, 0xD9, 0xFD, 0x7B, 0x36, 0x57,
    0x56, 0x0A, 0x85, 0xF6, 0xE0, 0xC0, 0x6E, 0x7E, 0x66, 0x49, 0xB7, 0x60, 0x20, 0xF0, 0x8A, 0x39,
    0x84, 0x1B, 0xD0, 0x09, 0x15, 0x7C, 0x3B, 0x85, 0x66, 0x06, 0xBD, 0x1E, 0xC8, 0x6E, 0x01, 0x8F,
    0xF1, 0x6D, 0x03, 0x55, 0x80, 0x03, 0xE7, 0xD0, 0x84, 0xD4, 0x0A, 0xF0, 0x46, 0x55, 0x92, 0x9F,
    0x36, 0xF1, 0xB2, 0x4B, 0x01, 0x7A, 0x82, 0x57, 0x75, 0x12, 0x4E, 0xD8, 0xEC, 0x1A, 0x8E, 0xF8,
    0xAF, 0x3A, 0xFB, 0xEE, 0xCF, 0xAC, 0x1C, 0xF1, 0x1F, 0xBE, 0x63, 0x37, 0x3F, 0xB7, 0x68, 0x60,
    0x13, 0x68, 0x25, 0xF0, 0x6B, 0x0B, 0x7F, 0xAA, 0x9A, 0x2D, 0x58, 0x52, 0xB5, 0xA3, 0x92, 0x98,
    0xD0, 0x4D, 0xD0, 0x05, 0xB3, 0x86, 0x66, 0x83, 0xD0, 0xC4, 0x54, 0x2B, 0x69, 0xAF, 0xE0, 0x81,
    0x6F, 0x21, 0x04, 0x34, 0xA0, 0x6F, 0x43, 0x90, 0x1D, 0x71, 0x17, 0xF6, 0x1D, 0x65, 0x16, 0x95,
    0x10, 0x82, 0x06, 0x7D, 0x8B, 0x20, 0x45, 0xA5, 0x04, 0x09, 0x35, 0x78, 0x09, 0x80, 0xC1, 0x17,
    0xC1, 0x68, 0x1C, 0x19, 0x62, 0x68, 0x43, 0x0F, 0x64, 0x5E, 0xF7, 0x21, 0x86, 0x4D, 0x08, 0x47,
    0x43, 0x6F, 0x90, 0x71, 0xA5, 0x8A, 0x4B, 0x01, 0xD6, 0xA6, 0x05, 0x9D, 0x18, 0xFA, 0xF3, 0x29,
    0x7D, 0xD8, 0xA3, 0x5C, 0x0A, 0xA6, 0xB0, 0x03, 0xFB, 0xC6, 0xFB, 0x4B, 0xEA, 0x99, 0x6B, 0x2B,
    0xE0, 0x7C, 0x21, 0x7C, 0xC0, 0x7A, 0xB8, 0x34, 0x0E, 0xD0, 0x50, 0x03, 0x56, 0xEA, 0x2E, 0x03,
    0x01, 0x96, 0xC5, 0xF9, 0x56, 0x78, 0x62, 0x69, 0xC1, 0xCB, 0xAB, 0xE0, 0xD6, 0x43, 0x82, 0x07,
    0x78, 0xB2, 0x2C, 0xEE, 0xBC, 0x67, 0x82, 0x9F, 0x18, 0xFF, 0x2B, 0x78, 0x00, 0xE0, 0xA6, 0x8C,
    0xBA, 0xA9, 0x78, 0xB9, 0x10, 0x0B, 0x1B, 0x42, 0x5D, 0xD0, 0x33, 0xAA, 0x57, 0x93, 0x7B, 0xE2,
    0x49, 0x11, 0xE6, 0x9E, 0x02, 0x5F, 0x5B, 0x78, 0x92, 0x14, 0x07, 0x20, 0x04, 0x43, 0x29, 0x8C,
    0x8B, 0x08, 0x25, 0xF4, 0x3D, 0x61, 0x7E, 0x54, 0x73, 0xE5, 0x5A, 0x15, 0x13, 0x0E, 0x7B, 0xB4,
    0x5C, 0xC2, 0xCE, 0xBD, 0x9C, 0x98, 0x9B, 0xC4, 0x68, 0xE2, 0xC3, 0x1D, 0x5A, 0x1E, 0x07, 0x77,
    0x95, 0x75, 0xE3, 0xEA, 0x7D, 0x79, 0x24, 0xD5, 0x1A, 0xBA, 0x8C, 0xAD, 0x72, 0x5A, 0x53, 0x03,
    0x08, 0xCE, 0xD1, 0x19, 0x81, 0x84, 0x43, 0x29, 0x6C, 0x0B, 0xF7, 0x02, 0x22, 0x3C, 0x53, 0xF1,
    0xB1, 0x98, 0xDC, 0x7C, 0x5F, 0x0A, 0x60, 0x6B, 0xCC, 0x0F, 0xEF, 0x02, 0x38, 0x97, 0x8C, 0x3A,
    0x46, 0x60, 0x56, 0xCE, 0x31, 0xEA, 0x20, 0xCC, 0xA9, 0x08, 0x2B, 0x82, 0x8F, 0xBF, 0x17, 0xD6,
    0xCA, 0xEF, 0x85, 0x24, 0xF6, 0xD3, 0x3E, 0xD9, 0xA8, 0x23, 0xCE, 0xC9, 0xF1, 0x49, 0xDD, 0x86,
    0xE8, 0x71, 0xEA, 0xBB, 0xA4, 0x59, 0x23, 0x1A, 0xE3, 0xDF, 0x5A, 0x05, 0x74, 0x49, 0x19, 0x3D,
    0xC5, 0xBB, 0x33, 0xC3, 0x52, 0x25, 0x4B, 0x28, 0x59, 0xA3, 0xCE, 0xAD, 0x8A, 0x45, 0x7C, 0xC4,
    0xF2, 0x2D, 0xCA, 0x02, 0xAB, 0xB0, 0xE6, 0xF6, 0x66, 0xC5, 0x6A, 0xFA, 0x69, 0x6F, 0xAE, 0xAF,
    0x39, 0xD6, 0x99, 0xFD, 0x2F, 0x40, 0x03, 0x62, 0xD8, 0x31, 0x44, 0xE6, 0xA4, 0x76, 0x6E, 0x3F,
    0x43, 0xDC, 0x2B, 0x10, 0x96, 0xF0, 0x28, 0xA5, 0x95, 0xA0, 0xED, 0xE5, 0xF3, 0x6C, 0x6C, 0x10,
    0xE6, 0xA8, 0x6C, 0x95, 0x06, 0xD7, 0x03, 0x13, 0x3C, 0xC4, 0xCB, 0x97, 0x3D, 0x99, 0x44, 0xD0,
    0xB2, 0x48, 0x86, 0xB9, 0x0C, 0xB0, 0x3F, 0x0C, 0x46, 0x07, 0x91, 0x39, 0x37, 0xF7, 0x8F, 0xCF,
    0xEF, 0x88, 0x72, 0x82, 0xEE, 0xA1, 0xDB, 0xE8, 0x18, 0x1D, 0xA1, 0xC3, 0xD1, 0x80, 0xC1, 0xD3,
    0x02, 0x14, 0xFC, 0x91, 0x8B, 0x81, 0x01, 0x82, 0x61, 0xEF, 0x70, 0x37, 0x32, 0xBF, 0x1B, 0x91,
    0x3D, 0x5F, 0x8A, 0xA5, 0x60, 0x28, 0x50, 0xC9, 0xCF, 0x76, 0xBA, 0x36, 0x9A, 0x82, 0x79, 0x91,
    0xB4, 0xC7, 0x20, 0xE5, 0x15, 0x66, 0xE8, 0xCC, 0xD1, 0x95, 0x5B, 0x44, 0xBF, 0x18, 0x10, 0x56,
    0x3B, 0x67, 0x45, 0x3A, 0xA0, 0x21, 0x04, 0x58, 0xA1, 0xF7, 0xC3, 0x08, 0x56, 0xA3, 0x2F, 0xC0,
    0x41, 0x89, 0xF3, 0xBB, 0x27, 0xE0, 0x80, 0x10, 0x34, 0x5C, 0x84, 0x4B, 0xB0, 0x55, 0xE5, 0x64,
    0xAB, 0xD2, 0xDF, 0x86, 0x31, 0xEA, 0x53, 0x42, 0x95, 0x00, 0x42, 0xFC, 0x6D, 0x39, 0x37, 0x1E,
    0x75, 0x1E, 0x9C, 0xB8, 0x14, 0x58, 0xD0, 0x02, 0x1B, 0x6D, 0xD8, 0x5D, 0xE7, 0xF8, 0xA5, 0xEC,
    0x73, 0xC7, 0x87, 0x43, 0xD4, 0x74, 0x80, 0x92, 0x30, 0x51, 0xF6, 0xF4, 0xA1, 0x79, 0x76, 0xB8,
    0x82, 0xDF, 0xED, 0xDC, 0xFB, 0xF2, 0x78, 0xCE, 0x39, 0xAB, 0x3B, 0xF7, 0xAA, 0xF7, 0x8B, 0x0F,
    0xBA, 0x1D, 0x9C, 0x43, 0x83, 0xDE, 0x4C, 0xF5, 0x28, 0xD7, 0xC9, 0x9E, 0x26, 0x5E, 0xA4, 0xE8,
    0x3D, 0x76, 0xA6, 0x5C, 0x7E, 0x1D, 0x40, 0x8F, 0x59, 0xCB, 0x41, 0x4E, 0xD7, 0xF9, 0xBC, 0x0C,
    0x6E, 0xFD, 0xF4, 0x83, 0x49, 0xF2, 0x36, 0x2C, 0xEA, 0xC5, 0x49, 0xE7, 0x36, 0xB4, 0x24, 0xBA,
    0xA5, 0x39, 0x79, 0x44, 0xD7, 0x5A, 0x52, 0x45, 0xB1, 0x28, 0xE2, 0xC6, 0x6B, 0x2D, 0xB9, 0x60,
    0x4A, 0x97, 0x57, 0xD3, 0x45, 0x9C, 0xEF, 0xA7, 0x2D, 0xB9, 0x71, 0xA9, 0x35, 0x5C, 0xBB, 0xC5,
    0xE2, 0x5A, 0xEC, 0x3B, 0x66, 0x11, 0xE3, 0xBA, 0x71, 0x56, 0x99, 0x10, 0x8D, 0x4E, 0x02, 0xDB,
    0x88, 0x21, 0x9E, 0x79, 0xBD, 0xDE, 0x93, 0xA7, 0x37, 0x6B, 0x68, 0x00, 0x4E, 0xB3, 0x91, 0x99,
    0x57, 0xF1, 0xE9, 0x1D, 0x23, 0x9A, 0xD3, 0x75, 0xDD, 0x94, 0xC1, 0x20, 0x78, 0x19, 0xBF, 0x4C,
    0xD9, 0x37, 0x59, 0x43, 0x62, 0x00, 0x89, 0x4F, 0x1E, 0x54, 0x63, 0x6D, 0x18, 0x64, 0x9E, 0xA0,
    0xC6, 0x68, 0xCD, 0x39, 0x0F, 0x00, 0x39, 0xB3, 0xFC, 0x94, 0x81, 0xE5, 0x07, 0x10, 0xA4, 0xF5,
    0xFE, 0xCF, 0x2F, 0xC1, 0xFF, 0xDF, 0xA1, 0x5D, 0x33, 0x45, 0xC8, 0x45, 0xA5, 0x12, 0x26, 0x52,
    0x47, 0xF6, 0x10, 0xE1, 0x89, 0xC5, 0x59, 0xA6, 0x42, 0x9E, 0x23, 0x31, 0x12, 0x51, 0xAE, 0x2A,
    0x2B, 0x9E, 0x08, 0xF7, 0x01, 0x7A, 0x20, 0x90, 0xE2, 0xD9, 0x39, 0xFE, 0xA1, 0x49, 0xFB, 0xC8,
    0x24, 0xC1, 0xA5, 0x88, 0x54, 0xB6, 0x57, 0x10, 0x8D, 0x04, 0x16, 0xF0, 0x2D, 0xAA, 0x90, 0x21,
    0x00, 0xD1, 0xA6, 0x5C, 0x3A, 0xE2, 0x7E, 0x63, 0xCB, 0x94, 0x5C, 0x2A, 0x93, 0xED, 0xC3, 0x14,
    0xDF, 0xA0, 0x0D, 0x75, 0x68, 0x02, 0x10, 0x2F, 0xAD, 0x96, 0x4B, 0x5B, 0x2E, 0x0B, 0xAC, 0x66,
    0xFD, 0x28, 0xF7, 0x94, 0x21, 0x2C, 0x2B, 0xE7, 0xAA, 0x4B, 0x24, 0x78, 0x19, 0x9E, 0xAD, 0x7A,
    0x32, 0xC4, 0xCF, 0xBD, 0x68, 0xC4, 0x5B, 0x37, 0x24, 0x30, 0x12, 0x22, 0x35, 0xE4, 0x85, 0xA5,
    0x3C, 0xBF, 0xB6, 0x4F, 0x92, 0x27, 0xC8, 0xE2, 0xC1, 0x49, 0x6A, 0x22, 0xF1, 0xC9, 0x7E, 0xF3,
    0xB9, 0x4F, 0x0A, 0xF7, 0xF9, 0x19, 0xCD, 0xB7, 0xB4, 0x81, 0x1E, 0xA2, 0x53, 0xF6, 0x29, 0x34,
    0x33, 0xEF, 0x72, 0xED, 0x86, 0x9A, 0x99, 0x71, 0x4D, 0x67, 0x91, 0x19, 0x10, 0xCD, 0xCC, 0xE1,
    0x1B, 0xC2, 0x67, 0xBF, 0xAF, 0x21, 0x7A, 0x82, 0x76, 0xE8, 0x6F, 0x8C, 0x7E, 0x62, 0xF5, 0xD7,
    0x99, 0x16, 0xD1, 0xD2, 0xD6, 0xB2, 0xAD, 0x45, 0x6B, 0x09, 0xDF, 0x12, 0xF5, 0x91, 0xF8, 0xFF,
    0x16, 0x9C, 0xB0, 0x2F, 0xB4, 0xD8, 0x84, 0x36, 0x64, 0x00, 0x9F, 0x4F, 0x71, 0x5D, 0x3B, 0xF6,
    0xB3, 0x1C, 0x91, 0x05, 0x3A, 0xB3, 0x3F, 0xD0, 0xA8, 0xB4, 0x05, 0x6F, 0x2C, 0x85, 0x78, 0x6E,
    0xCB, 0x7B, 0x18, 0xF5, 0x28, 0xC1, 0xC1, 0xDE, 0x2A, 0x0D, 0xAE, 0x87, 0xE6, 0xE8, 0x6F, 0xFC,
    0xA5, 0xE8, 0x11, 0x50, 0x07, 0x1A, 0x40, 0x0C, 0x6C, 0x15, 0x49, 0x4C, 0x94, 0x25, 0x27, 0x43,
    0x4E, 0x1F, 0x27, 0xD4, 0x97, 0x6B, 0xD9, 0xD3, 0xB2, 0x51, 0xD5, 0x17, 0xFC, 0x41, 0xD4, 0xA7,
    0x55, 0x71, 0x03, 0xA1, 0x25, 0x44, 0xA0, 0xA1, 0xCE, 0xDA, 0x03, 0x42, 0x39, 0xAE, 0x4F, 0x90,
    0x45, 0xE2, 0x58, 0x3F, 0x4A, 0xD9, 0x4C, 0xE6, 0x6E, 0xE7, 0x07, 0x19, 0xE1, 0x68, 0x42, 0x84,
    0xAE, 0xEE, 0x0B, 0x76, 0xF1, 0x53, 0xC1, 0xCB, 0x04, 0x64, 0xFE, 0xF0, 0xB2, 0x72, 0xAD, 0x8C,
    0x29, 0x63, 0x8B, 0x9C, 0x2A, 0x77, 0xF6, 0x76, 0x7E, 0xB3, 0x9B, 0xEC, 0x29, 0xDB, 0xF7, 0xE6,
    0x4A, 0x29, 0x3E, 0xC6, 0x45, 0x4A, 0x37, 0x29, 0x02, 0x30, 0x2F, 0x42, 0x7A, 0x03, 0x06, 0x29,
    0xBC, 0x62, 0xBE, 0x93, 0x02, 0x2E, 0x06, 0x84, 0x13, 0xBC, 0x3B, 0x4B, 0xD7, 0xB0, 0xD7, 0x86,
    0x9E, 0xC0, 0xC7, 0x29, 0xEA, 0xBD, 0xEF, 0xA6, 0x06, 0xF5, 0xA1, 0x09, 0x2F, 0x72, 0x69, 0x6B,
    0xD9, 0x1A, 0xBC, 0x81, 0x73, 0x36, 0x1C, 0x1D, 0x74, 0x92, 0x4D, 0x62, 0x0A, 0xC5, 0xD0, 0x27,
    0x06, 0x99, 0xF9, 0xD1, 0x72, 0x89, 0xB0, 0xD3, 0x31, 0xCF, 0xE6, 0x76, 0x8F, 0x83, 0xAB, 0xB4,
    0xCA, 0x80, 0xD2, 0x2A, 0x98, 0xAC, 0x95, 0xD4, 0xEB, 0x25, 0x77, 0xEC, 0xA7, 0x3D, 0x4F, 0xC8,
    0x84, 0x51, 0x47, 0x04, 0xE7, 0x8E, 0x36, 0x80, 0x40, 0xDF, 0xCB, 0x21, 0x56, 0x63, 0x88, 0xBA,
    0x6F, 0xDD, 0x4B, 0x83, 0x89, 0xEF, 0x12, 0x5E, 0x86, 0x6D, 0xE8, 0xE3, 0xA5, 0x00, 0x6E, 0xC2,
    0xA8, 0x6B, 0xC5, 0x4F, 0x9F, 0xD5, 0x5E, 0xF4, 0x11, 0x58, 0xE7, 0x18, 0x3D, 0x40, 0xEA, 0x88,
    0x36, 0xA2, 0xAC, 0x1C, 0xEE, 0xB7, 0x36, 0xC5, 0x87, 0x10, 0xF8, 0x2C, 0x7F, 0x7C, 0x67, 0x4C,
    0x8E, 0xCC, 0x8F, 0xB3, 0xFB, 0x01, 0x7D, 0x10, 0xC8, 0xF0, 0x2C, 0xCD, 0x9B, 0x6F, 0xFE, 0xB3,
    0xC5, 0x36, 0xF1, 0x73, 0x03, 0x1A, 0xC4, 0x6C, 0x71, 0x83, 0x97, 0x7C, 0xEA, 0x75, 0xC2, 0xFB,
    0xF8, 0xB2, 0x4A, 0xFD, 0xCD, 0x75, 0xDD, 0x57, 0x19, 0x8B, 0x41, 0xDB, 0x47, 0xDF, 0x75, 0x06,
    0x20, 0x9C, 0xD2, 0xEA, 0x9A, 0xE3, 0xDB, 0xFD, 0x1C, 0xDE, 0x85, 0xE8, 0x0B, 0xFC, 0x29, 0x44,
    0xCF, 0x1E, 0xEA, 0x98, 0x30, 0x19, 0x0D, 0xD8, 0x1F, 0xC2, 0x7D, 0x32, 0x95, 0x40, 0xF4, 0xF4,
    0xE0, 0xA1, 0x20, 0x3C, 0x64, 0x33, 0xF5, 0xC7, 0x6C, 0xA2, 0x8D, 0x1E, 0x3D, 0xDC, 0xFF, 0xC2,
    0x17, 0x82, 0x9C, 0xDA, 0x06, 0x2F, 0x9D, 0x5F, 0xC5, 0x3E, 0xB0, 0xF5, 0xDE, 0x6E, 0x63, 0xB1,
    0xFD, 0x59, 0xFD, 0x7C, 0x8B, 0x9F, 0x43, 0xCC, 0x85, 0x21, 0x3A, 0x5B, 0x68, 0xAB, 0xF0, 0x53,
    0xE4, 0x82, 0x68, 0xDB, 0xD0, 0x84, 0x31, 0x4A, 0xE0, 0xD6, 0x2A, 0xF5, 0xB7, 0x1B, 0x75, 0x09,
    0x2C, 0x0B, 0x41, 0xCE, 0x8D, 0x3B, 0x07, 0x77, 0x89, 0x59, 0x56, 0x6F, 0x40, 0x13, 0x34, 0x44,
    0x30, 0x24, 0x20, 0x44, 0x33, 0x18, 0x77, 0xEF, 0x6A, 0xE6, 0x47, 0xF8, 0xA5, 0x3F, 0xF6, 0xF0,
    0x52, 0x64, 0x4D, 0x82, 0xF4, 0x3C, 0xC9, 0xEC, 0xE5, 0xE2, 0xCC, 0xD4, 0x6A, 0xAF, 0x06, 0x7E,
    0xA2, 0x29, 0x60, 0x74, 0xEF, 0xA2, 0x39, 0x51, 0x05, 0x16, 0x7F, 0x7C, 0xB2, 0xFF, 0x85, 0x83,
    0xDB, 0xDA, 0xC9, 0x89, 0xFE, 0xDE, 0x5C, 0x1B, 0x6E, 0x7C, 0xFD, 0xDA, 0x6C, 0x1B, 0x2A, 0xBF,
    0xA1, 0x07, 0xD9, 0xF7, 0xD6, 0x0C, 0x20, 0xE8, 0x53, 0xD5, 0xA7, 0x1E, 0xB3, 0x17, 0x3D, 0xCE,
    0x7D, 0x97, 0xE8, 0x8F, 0xED, 0x15, 0x97, 0x5C, 0x7E, 0x19, 0x40, 0x90, 0x93, 0xE5, 0x49, 0xAE,
    0x64, 0xFF, 0x7D, 0x89, 0x86, 0x3D, 0xE5, 0xAC, 0xDF, 0x49, 0x56, 0x00, 0x55, 0x97, 0x89, 0x53,
    0x28, 0x43, 0x55, 0x51, 0x72, 0xF1, 0x30, 0xC1, 0x55, 0xAB, 0x5C, 0xC2, 0x2F, 0x58, 0x81, 0x55,
    0x3E, 0xE0, 0x71, 0x78, 0x77, 0x96, 0x6D, 0x8A, 0xD7, 0xE0, 0x00, 0x1E, 0x55, 0x72, 0x10, 0xAF,
    0x02, 0xF5, 0x72, 0xD4, 0x18, 0xF5, 0x42, 0xF9, 0xD3, 0xCB, 0x97, 0x45, 0x7B, 0xFF, 0xC9, 0xD4,
    0x23, 0x5B, 0x3C, 0x1F, 0xAC, 0x5D, 0x5C, 0x05, 0x1A, 0xFC, 0x39, 0xD1, 0x35, 0x5E, 0x6F, 0x2E,
    0x8B, 0x3B, 0xA3, 0x7F, 0x3A, 0xF3, 0x18, 0x3A, 0x43, 0xC9, 0xE9, 0x88, 0x5C, 0xF0, 0xED, 0x51,
    0xCA, 0x6D, 0x02, 0x81, 0xD7, 0x00, 0x26, 0x80, 0xFF, 0x29, 0x10, 0xFA, 0x16, 0x00, 0xFA, 0xB4,
    0x89, 0xDB, 0x8C, 0x69, 0xC6, 0x4C, 0xD8, 0x8D, 0xBD, 0xAF, 0xE8, 0x6D, 0xF8, 0x1F, 0x21, 0x75,
    0xF5, 0x21, 0x59, 0x4D, 0xFD, 0xEE, 0x6A, 0xAA, 0x83, 0x1F, 0xFF, 0xD6, 0x86, 0x61, 0x79, 0x82,
    0xDE, 0xF2, 0x3F, 0xB1, 0xEA, 0xF7, 0xDE, 0x3F, 0x12, 0xF5, 0x77, 0x1E, 0x1B, 0xFF, 0x5F, 0x7C,
    0x80, 0x37, 0x66, 0x1F, 0x72, 0x76, 0x40, 0xD8, 0x06, 0x95, 0x01, 0xB5, 0x3E, 0x05, 0xF1, 0x22,
    0x87, 0x0C, 0x95, 0x6A, 0x76, 0x55, 0xA6, 0x69, 0x86, 0xB2, 0x4E, 0xAC, 0x6F, 0x34, 0x68, 0xD4,
    0xB6, 0x62, 0xD6, 0xD7, 0xE3, 0x26, 0xB5, 0x46, 0x63, 0x17, 0xDD, 0x5C, 0xEF, 0x11, 0xEE, 0xD6,
    0x84, 0xA0, 0x57, 0xF5, 0x18, 0xA6, 0xA8, 0x2C, 0xB0, 0x50, 0x6D, 0x0A, 0xEF, 0x6F, 0xE5, 0x4E,
    0x04, 0xAA, 0xB3, 0x12, 0x6F, 0xD0, 0xD6, 0x48, 0x78, 0xB5, 0xFC, 0xA5, 0xF9, 0x7F, 0x4D, 0x70,
    0x70, 0x00, 0xF1, 0x49, 0xBA, 0x89, 0xF7, 0xD8, 0xA8, 0xAB, 0x29, 0x50, 0x25, 0xC6, 0x75, 0x76,
    0xCB, 0x5C, 0x23, 0xEA, 0x37, 0xA9, 0xFF, 0xC8, 0x7A, 0x9F, 0x24, 0xFC, 0xD7, 0x30, 0x80, 0x1D,
    0xD8, 0x86, 0x18, 0xDA, 0x87, 0x7F, 0xA0, 0xB5, 0x0C, 0xDE, 0x55, 0xA3, 0xDE, 0x4B, 0x80, 0x55,
    0xD0, 0x17, 0xE0, 0x0A, 0x34, 0x21, 0x03, 0x70, 0x4E, 0x3A, 0xF7, 0xE4, 0xF0, 0x7F, 0x10, 0x34,
    0x6C, 0x40, 0x0C, 0x39, 0x5E, 0x86, 0xB2, 0x84, 0x06, 0x0D, 0x8D, 0x0A, 0x5E, 0x3C, 0x2B, 0x2C,
    0x82, 0x79, 0xE0, 0x65, 0xBE, 0x01, 0xE7, 0x3A, 0x5D, 0x0A, 0x2A, 0xE2, 0xA7, 0x41, 0xA2, 0x69,
    0xB0, 0x5B, 0x44, 0x38, 0x47, 0x0F, 0x04, 0x98, 0xF7, 0x0E, 0x13, 0x74, 0x85, 0xDD, 0x7B, 0xDE,
    0x7B, 0x7B, 0xC6, 0xDB, 0xB7, 0xCA, 0xC2, 0xB7, 0xBD, 0x8B, 0xB7, 0x95, 0xF7, 0x39, 0xCF, 0x68,
    0x8D, 0x1A, 0x43, 0xBE, 0x4A, 0xE9, 0xBB, 0x1B, 0xD5, 0xD5, 0x64, 0x61, 0xE9, 0x51, 0xF6, 0xEE,
    0x2D, 0x61, 0xF1, 0xF8, 0x1F, 0xBD, 0x98, 0x31, 0x6C, 0x1C, 0xC7, 0xF5, 0xC6, 0x7F, 0xBB, 0x23,
    0x69, 0x2D, 0xAD, 0xCC, 0x71, 0x21, 0xE0, 0x6F, 0xFC, 0x1D, 0xDE, 0xA9, 0x50, 0x11, 0x38, 0xA4,
    0xCF, 0x85, 0x0B, 0xC6, 0x18, 0xF1, 0xC6, 0x48, 0x91, 0x22, 0x85, 0xD4, 0xA5, 0x75, 0x9B, 0x4E,
    0x05, 0x13, 0x5F, 0x41, 0x8B, 0x0B, 0xB8, 0x74, 0x11, 0x75, 0x69, 0x55, 0x1A, 0xA7, 0xC4, 0x7B,
    0x09, 0x0E, 0x06, 0x11, 0xCB, 0xE4, 0x38, 0x29, 0x52, 0xA4, 0xC8, 0x22, 0x6D, 0x8A, 0xAC, 0x0C,
    0x03, 0x76, 0x22, 0x04, 0x7E, 0xB0, 0x17, 0xC8, 0xE9, 0x7C, 0x77, 0x93, 0x99, 0x05, 0xCF, 0x04,
    0x65, 0x2A, 0xA4, 0x29, 0x21, 0x98, 0xEF, 0x3D, 0x68, 0x67, 0xDE, 0xCE, 0xF7, 0x09, 0x37, 0x6F,
    0xDE, 0x5B, 0xB2, 0x5F, 0x77, 0xF2, 0xE9, 0xC2, 0x74, 0xD1, 0x8D, 0x41, 0xB9, 0x2D, 0xD2, 0x4A,
    0x48, 0x6A, 0x01, 0x39, 0x6A, 0x49, 0x1D, 0xD7, 0x62, 0x4C, 0x88, 0xB5, 0xF9, 0x74, 0x4E, 0x78,
    0x17, 0xD0, 0xB0, 0x92, 0xCD, 0x57, 0x7B, 0xE5, 0xEE, 0xB6, 0xAA, 0xC7, 0xF1, 0x4D, 0xF9, 0x06,
    0xE1, 0xD1, 0xA8, 0xAA, 0x57, 0x16, 0xD9, 0x1C, 0x41, 0x9B, 0x60, 0x83, 0x60, 0x12, 0xCC, 0x06,
    0xE3, 0xBF, 0xD9, 0x98, 0x0E, 0xD7, 0xD9, 0xA6, 0xFB, 0xB0, 0x21, 0xF5, 0x05, 0x90, 0x5A, 0x50,
    0x4E, 0xF8, 0x77, 0x21, 0x78, 0x84, 0x09, 0x72, 0xDC, 0x48, 0x84, 0x46, 0x09, 0x3B, 0xEF, 0x0B,
    0xDD, 0xC9, 0x08, 0x00, 0x7B, 0x05, 0x40, 0x04, 0xA0, 0xEF, 0x00, 0xB4, 0x05, 0x00, 0xBF, 0x40,
    0x7B, 0x3F, 0x2D, 0xAB, 0x4B, 0xC3, 0x7D, 0x49, 0x1A, 0xB8, 0x2E, 0x18, 0x18, 0x08, 0xEB, 0x20,
    0x42, 0x87, 0xB4, 0x16, 0x74, 0xCB, 0xAB, 0x0F, 0x54, 0x77, 0x88, 0xDE, 0x10, 0x57, 0xC7, 0xC4,
    0x48, 0x41, 0xD8, 0x56, 0x2E, 0x72, 0x67, 0x05, 0x61, 0x37, 0x3D, 0x1C, 0xFA, 0x47, 0x71, 0x67,
    0xBF, 0x40, 0xFD, 0xCA, 0x85, 0x19, 0x16, 0xC4, 0xFD, 0xAF, 0x20, 0x18, 0x88, 0x6F, 0x69, 0x1F,
    0xF7, 0xBF, 0x34, 0x14, 0x41, 0x93, 0x56, 0xD1, 0x67, 0x45, 0xCB, 0x42, 0xF4, 0x71, 0xD7, 0x0E,
    0x83, 0xC3, 0xFD, 0xD3, 0x76, 0x7F, 0x65, 0x69, 0xF7, 0xBF, 0xDB, 0xEE, 0x2F, 0x20, 0x5B, 0x6B,
    0x20, 0x1D, 0x01, 0xC9, 0x1C, 0x08, 0x64, 0x13, 0xF1, 0xBE, 0x57, 0xCA, 0xB0, 0xDC, 0x56, 0xC2,
    0xFA, 0x38, 0x11, 0x06, 0x82, 0x20, 0x01, 0x91, 0x47, 0x22, 0x8D, 0x68, 0xC2, 0xC2, 0x1A, 0x21,
    0x64, 0x8B, 0x10, 0x3C, 0x1D, 0xE6, 0x93, 0x91, 0xF7, 0x82, 0x72, 0x67, 0x31, 0xEF, 0x7F, 0x14,
    0xEC, 0x1D, 0x07, 0xCA, 0x41, 0x56, 0x90, 0x94, 0x90, 0x4C, 0x10, 0x54, 0xD1, 0xC6, 0x00, 0x02,
    0x9C, 0x6D, 0xBF, 0xA5, 0x95, 0x16, 0x16, 0xC8, 0x9A, 0x18, 0x41, 0x10, 0x73, 0xFC, 0xA0, 0x1D,
    0x17, 0x26, 0x59, 0x3D, 0x41, 0x23, 0xF3, 0xE8, 0x7C, 0x74, 0x5F, 0xDB, 0xE0, 0xBE, 0x72, 0xC1,
    0x7D, 0x59, 0x07, 0x27, 0x12, 0xDD, 0x20, 0xBA, 0xEB, 0xD1, 0xE9, 0xE8, 0xF2, 0x1B, 0x88, 0xA8,
    0xBF, 0x20, 0x92, 0x7E, 0x81, 0x08, 0x3E, 0xBA, 0x9D, 0xE8, 0xFA, 0x08, 0x80, 0x00, 0x49, 0x0D,
    0xDC, 0x73, 0xC0, 0x1E, 0x91, 0xA3, 0x5E, 0x72, 0x40, 0xE4, 0xE0, 0xC9, 0x1C, 0xDD, 0x53, 0x73,
    0x1C, 0xBA, 0x1F, 0x54, 0x40, 0xBF, 0x00, 0x36, 0x00, 0x03, 0x00, 0xF0, 0xC9, 0x02, 0xE3, 0x4B,
    0x67, 0x66, 0x69, 0x6D, 0x1A, 0xC4, 0xC8, 0x09, 0x06, 0x1C, 0x1A, 0x17, 0x26, 0x90, 0xD7, 0x89,
    0xBD, 0x4A, 0xF2, 0xA0, 0x82, 0x9D, 0x02, 0x7A, 0x00, 0x40, 0x07, 0xE8, 0x01, 0x7D, 0x0B, 0x6F,
    0x39, 0xF8, 0xD2, 0x41, 0x88, 0x49, 0x2B, 0x41, 0xB9, 0x11, 0x59, 0x31, 0x20, 0xF7, 0x33, 0xB4,
    0x9F, 0xB3, 0x4A, 0x87, 0x35, 0x34, 0x86, 0xDC, 0x6E, 0x1D, 0xFC, 0xD4, 0xAB, 0x39, 0xD9, 0x7D,
    0x12, 0x01, 0xC8, 0xE7, 0xF4, 0x4A, 0x4B, 0xE6, 0x50, 0x11, 0x2F, 0x79, 0xF7, 0xF6, 0x4F, 0x9D,
    0xA8, 0x16, 0xB9, 0xDB, 0xDB, 0x73, 0xBD, 0x4F, 0xDC, 0xCD, 0x2B, 0x66, 0x4B, 0xD7, 0x99, 0x83,
    0xBE, 0xBC, 0x54, 0x29, 0x77, 0xFC, 0xF8, 0xBF, 0xAA, 0x1F, 0x4E, 0x7A, 0x47, 0x62, 0xDC, 0x93,
    0x62, 0x92, 0x6A, 0x0B, 0x3E, 0xA8, 0xA0, 0x57, 0xC0, 0x45, 0x00, 0x60, 0xBF, 0x26, 0x5E, 0x56,
    0x5D, 0xB4, 0x3D, 0xCB, 0x05, 0xB7, 0x92, 0xA3, 0xEE, 0x83, 0x00, 0x64, 0xF1, 0x7F, 0x53, 0x84,
    0x44, 0x3F, 0xEE, 0x9A, 0x73, 0xDD, 0xF6, 0x9A, 0xCB, 0xDE, 0xA8, 0xD2, 0xBF, 0x15, 0xEC, 0xC1,
    0x35, 0x00, 0x41, 0x9F, 0x88, 0x31, 0x1D, 0xC3, 0x76, 0xB8, 0xE7, 0x52, 0x5F, 0xAC, 0xE6, 0x36,
    0x6C, 0x92, 0x08, 0x80, 0x20, 0xC7, 0x23, 0x91, 0x46, 0x49, 0xB8, 0xDF, 0xC2, 0xF5, 0x96, 0x0E,
    0x0B, 0xE5, 0x1D, 0x00, 0x24, 0x6F, 0x58, 0xF5, 0x8E, 0x3B, 0x03, 0xE9, 0xA5, 0x21, 0xDA, 0x03,
    0xAC, 0xAC, 0x70, 0xFE, 0x3C, 0x70, 0x02, 0xFB, 0x44, 0xB5, 0xEC, 0x8D, 0x90, 0x5A, 0xF2, 0x82,
    0x0E, 0x6C, 0x00, 0xA8, 0x3F, 0x3A, 0xF5, 0x4E, 0x71, 0x06, 0x01, 0x74, 0xC1, 0x40, 0x7D, 0x5A,
    0x01, 0xCD, 0x52, 0xC0, 0x79, 0x6E, 0x06, 0x52, 0x3C, 0xBC, 0xFD, 0x54, 0x02, 0xAE, 0x24, 0x56,
    0x6B, 0xD4, 0x8C, 0xA4, 0xF9, 0xCE, 0x1A, 0xD2, 0x82, 0xB4, 0x86, 0x31, 0xAC, 0x3D, 0x95, 0x06,
    0x6D, 0x51, 0x0E, 0x46, 0xDF, 0x59, 0x40, 0x6F, 0xC2, 0xDE, 0x7E, 0xFB, 0x72, 0x52, 0x83, 0x0C,
    0x87, 0xE2, 0x7D, 0x8C, 0x19, 0x25, 0xF5, 0x40, 0xB9, 0x90, 0x7F, 0xD9, 0x04, 0x86, 0x77, 0xC1,
    0x0B, 0x00, 0x00, 0xD4, 0x23, 0xB8, 0x79, 0x13, 0x00, 0x34, 0xD0, 0x2D, 0xA0, 0xEF, 0xE0, 0x75,
    0x07, 0x3F, 0xAF, 0x41, 0x04, 0xEA, 0x31, 0x69, 0xB5, 0x81, 0x72, 0x06, 0xE5, 0xE7, 0xE4, 0xB1,
    0x58, 0xA2, 0xE9, 0x90, 0xDB, 0x75, 0x54, 0x61, 0x50, 0x6E, 0x10, 0x22, 0x8E, 0x3D, 0x3E, 0xD9,
    0x9C, 0x6E, 0x69, 0xCF, 0x2D, 0x33, 0x3F, 0xF7, 0x6E, 0xE7, 0x9E, 0x6B, 0x8E, 0x66, 0x3E, 0x5E,
    0xA2, 0xB0, 0x43, 0x11, 0x39, 0x87, 0xFF, 0xD6, 0x16, 0x7A, 0xC5, 0x81, 0xA0, 0x0A, 0x46, 0xD2,
    0x8A, 0x4E, 0xAA, 0xC1, 0x81, 0xA0, 0xD9, 0x52, 0x10, 0x2B, 0xAD, 0xA0, 0xEC, 0xDB, 0x82, 0xA8,
    0x41, 0x4E, 0x2D, 0xE8, 0x81, 0x03, 0x2F, 0x1C, 0x4A, 0x22, 0x69, 0x0B, 0xE2, 0x17, 0xE1, 0x59,
    0xFD, 0x12, 0xC8, 0x35, 0xB0, 0x12, 0xDD, 0x7A, 0x74, 0x26, 0xBA, 0x2D, 0xED, 0x6B, 0x44, 0x0F,
    0xEF, 0x24, 0xD3, 0x12, 0x94, 0xF7, 0xA0, 0x0A, 0x0D, 0xB9, 0xD5, 0xA0, 0xD1, 0xB0, 0x4E, 0xA8,
    0xD6, 0x06, 0xED, 0x85, 0xFE, 0x0C, 0x5E, 0x7E, 0x0F, 0x80, 0x7C, 0xD2, 0xAD, 0x37, 0xCB, 0xBD,
    0x19, 0x59, 0xDD, 0x41, 0x39, 0x9D, 0xDC, 0xFB, 0x67, 0xD9, 0xF3, 0xDE, 0xDF, 0x57, 0x0E, 0x69,
    0xAD, 0x42, 0xB4, 0x70, 0xFB, 0xFE, 0xED, 0xF7, 0xBB, 0x75, 0x77, 0xC2, 0xCE, 0x84, 0x6C, 0xBA,
    0x47, 0xD7, 0x9E, 0xC3, 0x00, 0x03, 0x60, 0x04, 0x48, 0x6B, 0x43, 0x04, 0x7F, 0xD8, 0x3A, 0xE1,
    0xC5, 0x50, 0xDE, 0xED, 0xA1, 0xC9, 0xA7, 0xFB, 0xB0, 0xFF, 0x88, 0x6C, 0x32, 0xEA, 0x95, 0xB2,
    0xAD, 0x64, 0x9C, 0xC8, 0x91, 0xBB, 0x0B, 0xD9, 0x4E, 0x25, 0x2C, 0x65, 0x13, 0x61, 0x38, 0xC1,
    0xCF, 0x48, 0x83, 0x30, 0xD7, 0x5D, 0x90, 0x54, 0x23, 0x7E, 0x51, 0xD1, 0xB3, 0x5C, 0x04, 0x08,
    0x0A, 0x82, 0x80, 0xAE, 0xC5, 0xC0, 0x00, 0x46, 0x20, 0x20, 0xCA, 0x47, 0xA0, 0x47, 0xE8, 0x01,
    0xDA, 0xA0, 0xBB, 0xE8, 0xC0, 0x19, 0x28, 0x57, 0x72, 0xAB, 0x7E, 0x43, 0xD2, 0x00, 0x1C, 0xB2,
    0xF3, 0x64, 0x76, 0x5A, 0x2C, 0xD9, 0xCF, 0x2D, 0x53, 0x92, 0x06, 0x40, 0x68, 0x44, 0x55, 0x92,
    0x17, 0xD2, 0x41, 0xB6, 0x11, 0xE1, 0x2B, 0x87, 0x77, 0x2C, 0x84, 0xA6, 0x41, 0x0C, 0xD2, 0x25,
    0xAE, 0x2A, 0x27, 0x89, 0x08, 0xBB, 0x5B, 0xAB, 0xB0, 0x3E, 0x00, 0x2D, 0x90, 0x39, 0x00, 0x00,
    0x50, 0xEE, 0x71, 0x7B, 0x25, 0xD8, 0x00, 0xF5, 0x71, 0x1D, 0x53, 0x97, 0x50, 0x96, 0x51, 0x0B,
    0x50, 0xDE, 0xD2, 0x3E, 0x7F, 0x2C, 0x28, 0xB7, 0x1B, 0xAC, 0xAD, 0x0C, 0x4F, 0x5D, 0x4F, 0xC8,
    0x81, 0x35, 0xC0, 0x1C, 0x14, 0x75, 0xED, 0x4E, 0x55, 0x57, 0xA8, 0x49, 0x1D, 0x2A, 0xE0, 0x73,
    0x78, 0x2C, 0x9F, 0x9F, 0xBD, 0x24, 0x96, 0x29, 0x74, 0x3A, 0x6D, 0xB2, 0xD4, 0x36, 0x81, 0x19,
    0x79, 0xEA, 0xD4, 0xDF, 0x61, 0x06, 0xD7, 0x00, 0xFA, 0x5E, 0x5E, 0x1E, 0x4A, 0x5C, 0xD6, 0xB0,
    0x0E, 0x63, 0xD2, 0x1A, 0xB5, 0xB0, 0x69, 0x29, 0x30, 0x01, 0xD3, 0x62, 0xC3, 0xD2, 0xEC, 0x95,
    0x75, 0x6F, 0x61, 0x57, 0xB2, 0x42, 0xFD, 0x0B, 0xC6, 0xCB, 0x77, 0xEF, 0x09, 0x99, 0x3B, 0xA8,
    0x10, 0x0D, 0x69, 0x85, 0x9A, 0x93, 0xEE, 0x17, 0xA8, 0x0A, 0x64, 0x89, 0x3A, 0x3C, 0xEE, 0x95,
    0x45, 0xEF, 0x11, 0x27, 0x34, 0x09, 0x07, 0xA3, 0xB4, 0x8B, 0xFF, 0x45, 0xEF, 0x0F, 0x71, 0x06,
    0x68, 0xF7, 0x7F, 0xF6, 0xBD, 0x3F, 0x1C, 0xBA, 0xA7, 0xEE, 0xFD, 0xDB, 0xDF, 0xC5, 0x91, 0xC3,
    0x73, 0x70, 0x98, 0xEF, 0xE7, 0x8E, 0xE4, 0x7B, 0x3A, 0x7C, 0x52, 0xBE, 0xD3, 0x05, 0x03, 0x77,
    0xCF, 0x98, 0xEF, 0xF2, 0xED, 0xA1, 0x97, 0xE6, 0xBD, 0xE8, 0xE9, 0x70, 0xF9, 0x7C, 0xC4, 0x3A,
    0xF1, 0x8A, 0x14, 0xBA, 0xCD, 0x83, 0x7D, 0xFB, 0xD9, 0xC3, 0x7A, 0x4E, 0xD3, 0x30, 0x10, 0xCC,
    0x12, 0x03, 0x61, 0x2C, 0x88, 0xA8, 0x4A, 0x74, 0x21, 0x9B, 0x7C, 0xD9, 0xE0, 0x0B, 0x26, 0x20,
    0x47, 0x91, 0xDC, 0x01, 0x81, 0x01, 0x7C, 0x0F, 0x60, 0x82, 0x9E, 0xA3, 0x3D, 0x3A, 0xF4, 0xF3,
    0xA1, 0x9B, 0x0F, 0xBD, 0xBC, 0x88, 0x96, 0x81, 0x96, 0xEB, 0x5A, 0xB4, 0x96, 0xFC, 0x46, 0xE8,
    0xDF, 0x43, 0xF7, 0x2E, 0x78, 0x61, 0x47, 0xE8, 0xE7, 0x05, 0x69, 0x05, 0xB7, 0x0E, 0x1A, 0x73,
    0x5F, 0xBA, 0x59, 0x5A, 0x37, 0x88, 0x3C, 0x01, 0xD0, 0x40, 0x5A, 0x43, 0x66, 0x41, 0x3B, 0xD8,
    0x14, 0x78, 0xF5, 0x55, 0xB8, 0xF6, 0x66, 0xFB, 0x4C, 0xB7, 0x02, 0x23, 0x60, 0x46, 0x30, 0x1E,
    0x80, 0x18, 0x92, 0x6A, 0x15, 0xE5, 0x74, 0x5B, 0x64, 0x72, 0xEF, 0x0B, 0x8D, 0x72, 0x9D, 0x36,
    0x9F, 0x91, 0x68, 0x6C, 0xC2, 0x18, 0x20, 0x69, 0x50, 0x33, 0xD4, 0xE5, 0x88, 0xA4, 0x39, 0xD2,
    0x87, 0x1F, 0x5F, 0xFC, 0x3E, 0x6C, 0xAB, 0x31, 0xDC, 0x01, 0xD2, 0x0A, 0xC8, 0x0A, 0x60, 0x05,
    0x00, 0x20, 0xF5, 0xBE, 0x8E, 0x65, 0xF0, 0x0E, 0xD9, 0x0D, 0x40, 0x6B, 0xA0, 0x13, 0xDD, 0x5A,
    0x74, 0x1B, 0xD1, 0x8D, 0x97, 0x65, 0x30, 0x5D, 0x96, 0x41, 0xB2, 0x62, 0x59, 0x01, 0x3B, 0xD1,
    0xAD, 0x11, 0x56, 0x0D, 0x31, 0x0E, 0x03, 0x08, 0xA4, 0xC5, 0xD9, 0x4A, 0x61, 0x22, 0xA0, 0x1C,
    0xE4, 0x2C, 0x8F, 0x2A, 0xEC, 0x7F, 0xE6, 0xF2, 0xA9, 0xB7, 0x5D, 0xBA, 0xD6, 0xD0, 0x77, 0x5B,
    0xFC, 0xAE, 0x1A, 0x25, 0x0F, 0x6A, 0x51, 0x4E, 0x24, 0x47, 0x64, 0x35, 0x98, 0x09, 0x26, 0x49,
    0xFD, 0x41, 0x95, 0x56, 0xFD, 0x42, 0xB9, 0x9E, 0xD5, 0xB6, 0x37, 0x9D, 0xF3, 0xC3, 0xFD, 0x1A,
    0x00, 0x3A, 0xB0, 0xB1, 0x3C, 0xC0, 0x8F, 0xAA, 0x5E, 0xE9, 0xB6, 0x73, 0x37, 0xD6, 0xB5, 0x18,
    0x91, 0x91, 0x48, 0x2D, 0x5F, 0x39, 0xF9, 0x30, 0xA9, 0x37, 0x55, 0xD5, 0x2F, 0x8B, 0xB7, 0xE6,
    0xBC, 0x00, 0x5A, 0x43, 0xF6, 0xAE, 0x25, 0x0D, 0x95, 0x82, 0xBB, 0xD5, 0x33, 0xF9, 0x7E, 0xDA,
    0x15, 0xD6, 0x36, 0xC8, 0x9F, 0x3F, 0xF1, 0x77, 0x5B, 0x76, 0x51, 0xFD, 0x02, 0xA6, 0x35, 0x49,
    0x71, 0x15, 0x00, 0xF4, 0x92, 0xBF, 0x68, 0xF9, 0xF9, 0x6D, 0x05, 0x12, 0xD6, 0x2B, 0x21, 0x75,
    0x91, 0xC5, 0x90, 0x1D, 0xF0, 0xAF, 0xA0, 0x59, 0x27, 0xC7, 0xB4, 0xAA, 0x94, 0x8B, 0x0D, 0x5F,
    0x3A, 0x41, 0xBF, 0xCF, 0x65, 0x75, 0x5A, 0x7E, 0x33, 0x60, 0xDD, 0xA0, 0x57, 0x50, 0x3F, 0x06,
    0xE8, 0xFB, 0x7A, 0x33, 0xFE, 0xD0, 0x1C, 0x22, 0x4E, 0xBA, 0xCD, 0x61, 0xF1, 0xD8, 0x64, 0x08,
    0x0B, 0xC1, 0xE3, 0x86, 0x35, 0x43, 0x7E, 0x09, 0xE0, 0x42, 0xEC, 0xD1, 0x0A, 0xA3, 0xAA, 0x31,
    0xB5, 0x20, 0xDE, 0xCB, 0x74, 0x78, 0x47, 0x60, 0x0C, 0x06, 0xBA, 0x0F, 0xAB, 0xD4, 0x17, 0x79,
    0xC3, 0x2B, 0xBF, 0xE6, 0xDA, 0x45, 0x00, 0xEF, 0x8B, 0xE9, 0xD0, 0x0A, 0x1C, 0x22, 0x4E, 0x32,
    0x1D, 0xF2, 0xD8, 0x64, 0x08, 0x0B, 0xC1, 0xE9, 0x0C, 0x5D, 0xF2, 0xA2, 0xB2, 0x2C, 0xB9, 0x36,
    0xD2, 0x6A, 0x44, 0x3D, 0x3D, 0x68, 0x99, 0x79, 0x8C, 0xAB, 0x11, 0xB3, 0xB5, 0xFA, 0xFD, 0xFC,
    0x32, 0xE8, 0xD9, 0x85, 0x06, 0x39, 0x7E, 0x9C, 0x6F, 0xF4, 0x6C, 0xD0, 0xAC, 0x99, 0x7C, 0x05,
    0x9E, 0x14, 0x13, 0x4E, 0xF8, 0xEE, 0x9B, 0x2F, 0x9E, 0xFC, 0x89, 0x9B, 0x87, 0xB8, 0xAB, 0xCF,
    0xC1, 0x93, 0x62, 0xF2, 0x1B, 0xA0, 0xFE, 0x54, 0x90, 0xFC, 0xD5, 0xC1, 0xAD, 0xBB, 0xCF, 0xA4,
    0xFE, 0x0F, 0x46, 0xAC, 0x1A, 0xB2, 0xE7, 0x4F, 0x5D, 0xEE, 0xFF, 0xDF, 0xB6, 0xEF, 0x51, 0xDD,
    0x02, 0x7B, 0xF5, 0x99, 0x68, 0x48, 0xE7, 0xE4, 0x25, 0x97, 0x53, 0x7B, 0xA8, 0x21, 0x75, 0xED,
    0x29, 0x18, 0x7D, 0x83, 0xF0, 0x68, 0xD2, 0x03, 0x0D, 0x66, 0x9B, 0xCE, 0x3A, 0xB9, 0xA6, 0xFD,
    0xD6, 0xA2, 0xEF, 0xED, 0xE6, 0x3D, 0x31, 0x8C, 0x0D, 0x66, 0x89, 0x81, 0x49, 0x24, 0x9E, 0xBB,
    0x12, 0x93, 0xC5, 0x33, 0x65, 0x10, 0xC3, 0x6E, 0xBB, 0xD4, 0x31, 0x03, 0x3A, 0x6B, 0x64, 0x39,
    0xC0, 0x4A, 0xD7, 0xAE, 0xFC, 0xDE, 0x6A, 0x87, 0xB6, 0x68, 0x8E, 0x47, 0x36, 0xA1, 0x53, 0x72,
    0x4D, 0x01, 0xF8, 0x39, 0xD3, 0xD2, 0xB5, 0xD5, 0x54, 0x0E, 0x90, 0xD4, 0x92, 0xB9, 0x78, 0xEE,
    0xEE, 0x23, 0x1D, 0x44, 0x5B, 0x51, 0x21, 0xA0, 0x6E, 0x57, 0x07, 0x79, 0xF3, 0xCA, 0xFD, 0xD7,
    0x2E, 0xC2, 0xC6, 0xED, 0xD7, 0xFF, 0xD1, 0xE7, 0x3A, 0xE6, 0xB1, 0xB1, 0x7E, 0x1D, 0xDD, 0x21,
    0xFB, 0x09, 0xE9, 0x1F, 0xCE, 0xF2, 0xF1, 0xBE, 0xCC, 0x9F, 0xD3, 0xFE, 0xC5, 0x80, 0x9F, 0x11,
    0xDE, 0xCA, 0xDE, 0x70, 0x09, 0xF6, 0x0C, 0x74, 0xE9, 0xBC, 0x4D, 0xA1, 0xD4, 0x9E, 0x92, 0x2E,
    0x5F, 0xD0, 0x2F, 0xED, 0x18, 0xA4, 0x45, 0x03, 0xB7, 0xA1, 0xFB, 0x29, 0xE9, 0x02, 0xBA, 0x87,
    0x37, 0x8B, 0xCD, 0x8B, 0xE9, 0x3E, 0x3B, 0x13, 0x80, 0xD4, 0x45, 0x28, 0x8B, 0x82, 0xEE, 0xA3,
    0xBD, 0x8F, 0x04, 0xE1, 0x23, 0x7A, 0x55, 0x3A, 0xA3, 0x87, 0xB6, 0x7A, 0xFA, 0xD1, 0xCE, 0xA7,
    0x31, 0x2A, 0x75, 0xCA, 0x2A, 0xBC, 0x9F, 0x0D, 0xF7, 0xDE, 0xC3, 0x70, 0x5A, 0x00, 0x6B, 0x60,
    0xE0, 0x35, 0xB8, 0x45, 0x42, 0x8E, 0x66, 0x7F, 0x56, 0xBE, 0xA7, 0x39, 0x3A, 0xF2, 0xCF, 0x03,
    0x21, 0xD4, 0x54, 0x89, 0x4B, 0x8B, 0x0B, 0xBE, 0xE8, 0x3D, 0x94, 0x17, 0xD9, 0x5D, 0x6E, 0xB3,
    0x4B, 0x2A, 0xEC, 0xB8, 0xF4, 0xEB, 0x1A, 0x9A, 0xA3, 0x0C, 0x0D, 0x4A, 0xE8, 0xB9, 0x6C, 0x4E,
    0xBF, 0xE2, 0x1A, 0xBC, 0x34, 0x67, 0xB3, 0xB4, 0x2F, 0x64, 0x05, 0xCA, 0x45, 0x68, 0xCB, 0x1E,
    0xD9, 0x82, 0x24, 0x5F, 0xCE, 0x04, 0x84, 0xD5, 0x2E, 0xC9, 0x9C, 0x5E, 0xCD, 0x1E, 0x00, 0xE7,
    0x13, 0xAB, 0xDE, 0xB5, 0x61, 0x86, 0x5D, 0x00, 0xC1, 0x7C, 0x1B, 0xDE, 0xCF, 0xA6, 0xC3, 0xFB,
    0xC7, 0x2E, 0x9D, 0xFA, 0x03, 0xE8, 0xCF, 0x13, 0xD4, 0x62, 0x1F, 0x25, 0x79, 0xA1, 0xDC, 0xC9,
    0xE3, 0x3F, 0x6D, 0x52, 0x45, 0x90, 0x1B, 0x47, 0x14, 0x7D, 0xA3, 0x99, 0x15, 0x4B, 0xA3, 0xF0,
    0x92, 0x20, 0x6C, 0x10, 0x8C, 0x2B, 0x66, 0xB7, 0x3C, 0x1D, 0x66, 0x66, 0xC6, 0x4B, 0x98, 0x39,
    0xF2, 0xF6, 0xFD, 0x12, 0xBC, 0x85, 0x39, 0x19, 0x87, 0x71, 0x79, 0x7F, 0x55, 0x98, 0xCD, 0xBE,
    0xCE, 0xD5, 0xDC, 0x55, 0x59, 0xA6, 0xF6, 0x80, 0x69, 0xE1, 0xBD, 0x66, 0xFC, 0xF0, 0x4E, 0x41,
    0x05, 0x26, 0x74, 0x11, 0x45, 0x11, 0x0C, 0x5F, 0x41, 0x13, 0x29, 0xB7, 0xF0, 0xDD, 0xD2, 0x7C,
    0xF1, 0x6C, 0x6E, 0x4F, 0xC0, 0x6A, 0xC0, 0x79, 0x47, 0x49, 0xC7, 0x11, 0x4A, 0x11, 0x2D, 0xED,
    0x96, 0x35, 0x82, 0x74, 0xAF, 0xB8, 0xC2, 0x75, 0x17, 0xA2, 0x43, 0xE8, 0x14, 0x13, 0x15, 0x2C,
    0x80, 0x8D, 0x09, 0x22, 0x9A, 0x20, 0x1B, 0x66, 0x21, 0xCF, 0x56, 0x3E, 0xF1, 0x88, 0x9B, 0x33,
    0x18, 0x33, 0x65, 0x8C, 0xA4, 0x87, 0xFF, 0x29, 0xE4, 0x77, 0x92, 0x3D, 0x93, 0x2F, 0xC7, 0xB2,
    0x59, 0x98, 0xA0, 0x47, 0xBA, 0xDD, 0x9A, 0x88, 0xBE, 0x54, 0x1B, 0x5C, 0x5A, 0xCE, 0x19, 0x99,
    0x32, 0x7B, 0xA6, 0xB3, 0xC2, 0xD8, 0xD2, 0x47, 0x3A, 0x9F, 0x61, 0xED, 0x99, 0xAA, 0x3F, 0x6A,
    0x46, 0x15, 0x29, 0x1E, 0xA1, 0x08, 0x4F, 0x89, 0x02, 0x56, 0x42, 0xA7, 0x0E, 0x5A, 0x4C, 0x3A,
    0x49, 0x28, 0x8C, 0x43, 0x06, 0x66, 0xE1, 0x00, 0x53, 0xDC, 0x44, 0x15, 0xA3, 0xE0, 0x58, 0x3A,
    0x48, 0x83, 0x4B, 0x0D, 0xD6, 0x50, 0xD7, 0x3A, 0x8A, 0x31, 0xA6, 0xFA, 0x99, 0x67, 0x39, 0x99,
    0x1E, 0xFA, 0x27, 0xA5, 0x87, 0xB1, 0xFA, 0x01, 0xF3, 0x0F, 0x9B, 0x5C, 0x29, 0xAF, 0xB4, 0x0C,
    0xB4, 0xA3, 0xC8, 0x75, 0xBA, 0x99, 0x06, 0x00, 0x18, 0x2B, 0xBF, 0x92, 0xE3, 0xEB, 0xA4, 0x07,
    0xC7, 0x51, 0x4A, 0x9A, 0xD2, 0x7C, 0x29, 0x71, 0x96, 0xB1, 0x6F, 0xB2, 0x31, 0x98, 0x6B, 0x0A,
    0xDD, 0xF2, 0x8C, 0x72, 0xF3, 0xDF, 0x3D, 0x91, 0x0F, 0x23, 0x72, 0xD0, 0x8D, 0x6A, 0xF4, 0xF9,
    0x3D, 0x1B, 0x3A, 0x0F, 0xC7, 0x2B, 0x6C, 0x01, 0x84, 0x83, 0x6A, 0xEC, 0xF9, 0xBD, 0xEF, 0xF4,
    0x1E, 0xDC, 0x72, 0x3E, 0x51, 0x4A, 0x4D, 0xC2, 0x40, 0x6F, 0xCC, 0xAD, 0xF1, 0x05, 0x40, 0x84,
    0xA0, 0x0B, 0xC4, 0x00, 0x13, 0xC8, 0x00, 0xED, 0xC0, 0x4A, 0x60, 0x29, 0xF0, 0x15, 0xE0, 0x42,
    0xA3, 0x60, 0x9F, 0x1F, 0xDE, 0x2F, 0x07, 0xFB, 0x1B, 0xA4, 0x25, 0x37, 0xB8, 0x59, 0x69, 0x0E,
    0xDD, 0xAE, 0xD4, 0xB5, 0xD7, 0x2C, 0x72, 0x84, 0xAD, 0xC8, 0x02, 0xAD, 0x76, 0xC8, 0x1B, 0x34,
    0xDF, 0x33, 0x30, 0xBD, 0xFD, 0xFC, 0xB3, 0x34, 0xE0, 0x54, 0x51, 0x13, 0x26, 0x56, 0x13, 0x10,
    0xB5, 0x59, 0x39, 0x6B, 0xB3, 0x59, 0xB6, 0x9D, 0x82, 0xFA, 0x0C, 0x15, 0x84, 0xAE, 0x2C, 0xE8,
    0x30, 0xF3, 0x86, 0x4E, 0xD7, 0xBF, 0xB6, 0xAB, 0x9C, 0x04, 0xE4, 0x60, 0xEF, 0x81, 0xD3, 0x52,
    0xF7, 0xCB, 0x4B, 0x9A, 0x98, 0xF5, 0xCA, 0xC1, 0x4C, 0xDF, 0x27, 0x06, 0x48, 0xF7, 0x18, 0xE1,
    0x10, 0xD5, 0x5F, 0x9F, 0xDF, 0xB3, 0xBD, 0xB3, 0x09, 0xBA, 0xD0, 0x38, 0x60, 0x5F, 0xD4, 0x33,
    0xC5, 0xEF, 0xD1, 0xB8, 0x2E, 0x5A, 0x9A, 0xEC, 0x3D, 0x8F, 0x8E, 0x86, 0x6D, 0xBC, 0x54, 0xED,
    0xB4, 0x27, 0xD3, 0x16, 0x00, 0x98, 0x28, 0x72, 0xD3, 0x6B, 0x17, 0x45, 0xDE, 0x71, 0x6C, 0x5D,
    0x2A, 0x0B, 0xD0, 0xAD, 0xF4, 0xDF, 0x3A, 0x96, 0xC6, 0x80, 0x2B, 0x34, 0x0E, 0x02, 0x2D, 0x01,
    0xCE, 0x3E, 0x03, 0xF8, 0xC9, 0xE2, 0x38, 0x1B, 0xE4, 0xD1, 0xD2, 0x51, 0x6A, 0xBF, 0x34, 0x62,
    0x19, 0x3F, 0xEB, 0xCB, 0xB4, 0x2B, 0x6E, 0xF6, 0xEF, 0x01, 0xC0, 0x86, 0x46, 0x63, 0x43, 0xA0,
    0x88, 0xD4, 0xE0, 0xDA, 0xDE, 0x25, 0x17, 0x7A, 0x26, 0x09, 0x38, 0xF5, 0xFE, 0x6B, 0x13, 0xA3,
    0xA3, 0x09, 0x7F, 0x6F, 0xC3, 0x82, 0x06, 0x7B, 0xF0, 0xF3, 0x0D, 0xBF, 0x05, 0x51, 0x84, 0x74,
    0x93, 0xB0, 0xA9, 0xC8, 0x6B, 0x02, 0x78, 0x61, 0x50, 0x4D, 0xFE, 0x94, 0x56, 0x93, 0x2F, 0x0C,
    0xE2, 0x43, 0x95, 0x34, 0x18, 0xA0, 0x93, 0xC9, 0x51, 0x44, 0x64, 0x7A, 0xFD, 0x28, 0x50, 0x53,
    0x02, 0xF3, 0xAD, 0x39, 0x41, 0x1C, 0x14, 0x1D, 0xEC, 0x63, 0xD3, 0x5C, 0xA3, 0xC2, 0x97, 0x6A,
    0x3D, 0x5F, 0x8A, 0xB6, 0x29, 0x20, 0xFA, 0x29, 0xA0, 0x29, 0x35, 0x88, 0xD4, 0x06, 0xAC, 0x43,
    0x1E, 0x88, 0xF1, 0x63, 0x01, 0x8D, 0x03, 0xC8, 0xF9, 0x97, 0xFB, 0xE0, 0xDD, 0x9A, 0x06, 0x80,
    0x05, 0x08, 0xB0, 0xD6, 0x56, 0xBB, 0x7E, 0x6C, 0xC6, 0x00, 0x36, 0x71, 0xC5, 0x77, 0xC2, 0x46,
    0xAE, 0x64, 0xF9, 0x68, 0xC1, 0x80, 0xD8, 0xE8, 0x0B, 0x58, 0xD8, 0xF8, 0xE9, 0xA7, 0x9F, 0x76,
    0xFD, 0xD8, 0xD2, 0xBF, 0x81, 0xC6, 0xEB, 0xA0, 0x66, 0xEA, 0x27, 0x7F, 0x63, 0x9C, 0xEA, 0x5E,
    0xBB, 0x77, 0xC2, 0xDB, 0xFC, 0xBC, 0x73, 0xD7, 0xEE, 0x9F, 0xD2, 0x3E, 0xDF, 0x18, 0x25, 0xA2,
    0x52, 0xC3, 0xB2, 0x56, 0x55, 0x72, 0xB9, 0x92, 0x68, 0x16, 0x59, 0x1E, 0xC3, 0x29, 0xE4, 0xB7,
    0x19, 0x5E, 0x12, 0xFB, 0x01, 0xA5, 0x99, 0x41, 0x6C, 0x1C, 0x47, 0x76, 0x86, 0xBF, 0xEE, 0x72,
    0xD4, 0xBB, 0x6A, 0x98, 0xA5, 0x83, 0x0F, 0xCE, 0xDA, 0x9A, 0xC9, 0x21, 0x87, 0x4D, 0x42, 0x6A,
    0x72, 0xD8, 0x20, 0xC4, 0x6E, 0x91, 0xD3, 0xC1, 0x1E, 0x73, 0xB0, 0x2F, 0x39, 0x26, 0xD8, 0x43,
    0x2E, 0x09, 0x10, 0xC8, 0x07, 0x26, 0xCB, 0x6C, 0x68, 0xA9, 0x77, 0x7D, 0xC8, 0xC1, 0x40, 0xAC,
    0x3B, 0x90, 0xC0, 0x07, 0x1D, 0x94, 0x61, 0xE2, 0xE1, 0x66, 0x07, 0x08, 0x61, 0x48, 0x9C, 0x5A,
    0x0B, 0xC8, 0x1E, 0xF6, 0xB0, 0x6D, 0xF8, 0x9E, 0x74, 0x1C, 0x01, 0x09, 0xA8, 0xDD, 0xE8, 0x49,
    0x1C, 0xC0, 0xA3, 0xD6, 0xCC, 0xD4, 0xD6, 0xC3, 0x0C, 0x29, 0x92, 0xA2, 0x64, 0xDA, 0xEE, 0xFE,
    0xDF, 0xE3, 0x74, 0xD5, 0x7B, 0xD5, 0xD5, 0x55, 0xAF, 0xDE, 0x7B, 0x55, 0xFC, 0x3A, 0xE4, 0x25,
    0xA9, 0x87, 0x1D, 0x80, 0x10, 0xCA, 0xA6, 0x57, 0x08, 0x1C, 0x47, 0x08, 0x34, 0x3D, 0x4E, 0x15,
    0x46, 0xB1, 0x28, 0xBC, 0xE4, 0xB0, 0x0E, 0xF8, 0x32, 0xBA, 0x21, 0x4C, 0xD8, 0xDE, 0xBF, 0x85,
    0xF1, 0x9C, 0xA4, 0xFF, 0xB8, 0x89, 0x09, 0xA1, 0x30, 0x55, 0x56, 0x19, 0x9F, 0xD4, 0xC6, 0x23,
    0x4F, 0x29, 0xAD, 0xCC, 0x47, 0x7D, 0x6F, 0x3E, 0x9A, 0xC2, 0xAB, 0xEC, 0x52, 0x9B, 0x12, 0x42,
    0x68, 0x7A, 0xC2, 0xF3, 0x6F, 0x86, 0xA3, 0xAC, 0xB9, 0xDD, 0x2E, 0x5E, 0x72, 0xB0, 0x09, 0x3B,
    0x8B, 0x9E, 0xD5, 0x4D, 0xEF, 0x86, 0x80, 0xC0, 0x2E, 0x38, 0xE8, 0x14, 0xE4, 0xCD, 0x6D, 0x86,
    0xE3, 0x7C, 0x46, 0xB7, 0x5F, 0x0C, 0x40, 0x14, 0x8C, 0xE0, 0x1A, 0xB4, 0x47, 0xA4, 0x33, 0x68,
    0x17, 0x64, 0x1E, 0xA3, 0x28, 0xF2, 0xB2, 0x19, 0x72, 0x7D, 0x8C, 0x9C, 0xBA, 0xFE, 0xC7, 0x1F,
    0x78, 0x00, 0xC7, 0x8B, 0x6F, 0xE4, 0xF3, 0xEE, 0xB4, 0x1E, 0xFA, 0xDF, 0x81, 0x10, 0x3C, 0xD0,
    0x6C, 0x2B, 0x17, 0xF3, 0x3C, 0xBE, 0x7F, 0x43, 0x79, 0x98, 0x2A, 0xF7, 0xED, 0x42, 0x79, 0x56,
    0x52, 0x1B, 0x6F, 0xFC, 0x9C, 0x27, 0x95, 0xF2, 0x34, 0x92, 0x2D, 0xAE, 0x7A, 0xB3, 0xBF, 0xC7,
    0x1E, 0x26, 0xDC, 0x43, 0x70, 0x3C, 0x9F, 0x35, 0xBD, 0xBD, 0x9B, 0x84, 0x78, 0x95, 0x82, 0xCB,
    0xAA, 0xC8, 0x12, 0x89, 0x8C, 0x93, 0x2C, 0xAD, 0x85, 0xF5, 0xBE, 0x17, 0xBA, 0x53, 0x74, 0x66,
    0x7B, 0xCD, 0x2D, 0x10, 0x4E, 0xD2, 0xC3, 0x5B, 0xA8, 0x99, 0x30, 0xCA, 0x2A, 0x24, 0xA9, 0x91,
    0xE7, 0xDC, 0x5F, 0x87, 0x35, 0xD8, 0x80, 0x1A, 0x40, 0x90, 0x28, 0x2C, 0xC6, 0x4B, 0x5E, 0x48,
    0x0B, 0x71, 0xC8, 0x80, 0x20, 0x34, 0x82, 0x6C, 0x21, 0x2B, 0x88, 0x45, 0xB2, 0x52, 0x4C, 0xA5,
    0x92, 0xEC, 0x26, 0x3A, 0x0E, 0xE0, 0xE0, 0x65, 0x00, 0xA1, 0x23, 0x74, 0x85, 0xA1, 0x24, 0x0F,
    0xC4, 0xFC, 0x42, 0xF2, 0x37, 0xC4, 0x5A, 0x59, 0xB6, 0xB2, 0x69, 0x45, 0xEC, 0xA3, 0xCA, 0x1E,
    0x78, 0xFB, 0x04, 0x3B, 0xC3, 0x4E, 0xB0, 0x23, 0x2C, 0xF5, 0x06, 0x7C, 0x28, 0xD0, 0x29, 0x01,
    0xD8, 0xC4, 0x78, 0x47, 0x56, 0xB6, 0xB0, 0x58, 0x96, 0xE2, 0xAF, 0x15, 0x2D, 0x21, 0x55, 0x39,
    0x11, 0x18, 0xD4, 0xB0, 0xEE, 0xA1, 0x13, 0xC9, 0x16, 0x91, 0x80, 0x15, 0xB8, 0x38, 0x06, 0x5B,
    0x83, 0x60, 0xCF, 0x89, 0xA6, 0xD7, 0x0F, 0x21, 0xE0, 0x58, 0xE0, 0xB7, 0xA1, 0x05, 0x74, 0x80,
    0x6E, 0x01, 0xDF, 0xF7, 0xF0, 0x28, 0xD2, 0x7F, 0x57, 0xA4, 0x95, 0x60, 0xFC, 0x0E, 0x59, 0xB9,
    0x49, 0x1E, 0x26, 0xD8, 0x30, 0xE5, 0x32, 0x2D, 0x96, 0xB1, 0x38, 0xF2, 0x62, 0x03, 0x53, 0xAA,
    0x44, 0x08, 0xBE, 0xE9, 0x95, 0x27, 0xD6, 0x9E, 0xCE, 0x65, 0x21, 0x59, 0xA5, 0x43, 0x8A, 0x2C,
    0x60, 0xAA, 0xA6, 0x5F, 0x86, 0xC7, 0x84, 0x19, 0x4D, 0xDF, 0x4B, 0x7A, 0x54, 0x55, 0x4B, 0xE6,
    0x83, 0x16, 0x96, 0xC7, 0x0A, 0x25, 0xFE, 0x6E, 0xFA, 0x5A, 0xFE, 0xB9, 0x2B, 0x4F, 0x2D, 0x57,
    0xED, 0x56, 0xCC, 0xF3, 0x48, 0x57, 0xB8, 0xAE, 0x6A, 0xAF, 0x77, 0x16, 0xC9, 0x16, 0xC6, 0xF7,
    0x7B, 0xDB, 0xFF, 0x17, 0xA2, 0x19, 0x09, 0xB8, 0x43, 0x7A, 0x13, 0x5E, 0xF9, 0xA2, 0x3E, 0xC6,
    0x21, 0xA8, 0x81, 0xA4, 0x95, 0x9D, 0x2F, 0x07, 0xB1, 0x18, 0x2F, 0x2D, 0xA8, 0xC5, 0xC1, 0x40,
    0x06, 0xD0, 0x0D, 0x02, 0xD7, 0x1A, 0x01, 0x91, 0x4D, 0xD2, 0x5A, 0x74, 0x7A, 0xC5, 0x62, 0x0B,
    0xC9, 0xCB, 0x96, 0xAA, 0x39, 0x24, 0x91, 0x5D, 0x84, 0xC1, 0x6B, 0x33, 0x35, 0xF2, 0x4B, 0x69,
    0x0D, 0xA2, 0x48, 0x6A, 0x32, 0x9F, 0xCF, 0xB8, 0xD0, 0x2F, 0x39, 0x2A, 0x44, 0xE2, 0xEF, 0xBD,
    0xBE, 0xEF, 0x4C, 0xBF, 0xB0, 0xED, 0x99, 0x1F, 0x79, 0x73, 0xDF, 0xB3, 0xF7, 0x65, 0xEC, 0xF6,
    0x8B, 0x2E, 0x93, 0xF3, 0xCC, 0x0D, 0x4A, 0xF5, 0x9C, 0x92, 0x6A, 0xEE, 0x3B, 0xAE, 0x46, 0xDA,
    0xC3, 0xF8, 0x09, 0x4C, 0x66, 0x24, 0x93, 0x80, 0x99, 0x3C, 0xC1, 0x6C, 0x7D, 0x56, 0x66, 0xEE,
    0xC0, 0x2F, 0xB9, 0x47, 0xFE, 0x65, 0x27, 0xF5, 0xB2, 0x13, 0x59, 0x75, 0xB2, 0xF3, 0x2D, 0x27,
    0xAB, 0x3B, 0x4E, 0x5C, 0xED, 0xE4, 0x4A, 0xE5, 0xC4, 0xFA, 0x48, 0xA5, 0x93, 0xAC, 0x70, 0xC2,
    0x19, 0x88, 0x73, 0xDE, 0xF4, 0x6E, 0x9F, 0x59, 0x95, 0x0C, 0x6F, 0x90, 0xEF, 0x8F, 0xE9, 0xB0,
    0x8E, 0xC3, 0x32, 0x20, 0x53, 0x1B, 0xF7, 0x67, 0xD1, 0x46, 0xAC, 0x53, 0x19, 0x95, 0x55, 0x1D,
    0xD5, 0x3D, 0x6A, 0xFA, 0x9C, 0x08, 0x8F, 0x69, 0x86, 0x3A, 0x5C, 0x92, 0x88, 0x20, 0x87, 0xC3,
    0x5B, 0x35, 0xC3, 0x22, 0x8C, 0x11, 0x4E, 0xE1, 0x74, 0x94, 0x19, 0x9C, 0x16, 0x38, 0x1D, 0x65,
    0x62, 0x7F, 0x7A, 0x7B, 0xB7, 0x70, 0x9C, 0x0F, 0x5F, 0xD9, 0x0F, 0x61, 0xE7, 0x94, 0x86, 0x31,
    0xED, 0x07, 0xC3, 0x62, 0xCD, 0x1A, 0x3F, 0xB0, 0x49, 0x2D, 0x16, 0x39, 0x4E, 0x5A, 0xB6, 0x66,
    0x33, 0xAF, 0x32, 0x2A, 0x7B, 0xA8, 0xB7, 0xC6, 0xD2, 0xC2, 0xBB, 0x68, 0x4F, 0x84, 0xE4, 0xE3,
    0x0A, 0x0E, 0x4A, 0xE8, 0x02, 0x57, 0x98, 0xFF, 0xFD, 0xF7, 0x12, 0x3E, 0xF5, 0xA4, 0xBE, 0x26,
    0x2B, 0x07, 0xA8, 0xFC, 0x4A, 0xAC, 0x74, 0x58, 0x04, 0xF7, 0x65, 0x48, 0xE3, 0x4F, 0x19, 0x42,
    0x38, 0x95, 0x25, 0x24, 0xA5, 0x20, 0xCF, 0x62, 0x17, 0xE9, 0xF6, 0x25, 0x9F, 0x09, 0x9C, 0x86,
    0x20, 0x7C, 0x75, 0x16, 0xE2, 0x35, 0x67, 0x82, 0x18, 0xFF, 0x95, 0x59, 0xD3, 0x6B, 0xD4, 0xD5,
    0x69, 0xC8, 0x04, 0xDC, 0x49, 0xF6, 0xEA, 0x50, 0xE0, 0x2F, 0x05, 0x38, 0x45, 0xEA, 0xC6, 0xD5,
    0x8F, 0x23, 0x67, 0x45, 0x52, 0x53, 0xA9, 0xC3, 0x26, 0x3C, 0x46, 0x40, 0xCE, 0xA2, 0xA8, 0x2E,
    0x1A, 0x06, 0x34, 0x0E, 0xA8, 0x55, 0x0B, 0x32, 0xA7, 0x44, 0x44, 0x2D, 0x5E, 0x0D, 0x5F, 0xD5,
    0x05, 0x14, 0x2F, 0x8E, 0x1F, 0x89, 0xAA, 0x44, 0x8D, 0xA8, 0xF0, 0x9A, 0x66, 0x4E, 0xD5, 0xA5,
    0x64, 0x04, 0x0E, 0x56, 0xA0, 0x05, 0xD6, 0x84, 0x90, 0xF6, 0xFA, 0x60, 0xF5, 0x51, 0x0B, 0x1D,
    0xC9, 0x68, 0xBD, 0x5F, 0x75, 0x66, 0x08, 0xC3, 0x1A, 0xC9, 0x9A, 0x29, 0xD2, 0xC6, 0x16, 0xE2,
    0x30, 0x5E, 0x9D, 0x70, 0x25, 0x03, 0xB4, 0x5B, 0x20, 0x41, 0x59, 0xA3, 0x4C, 0x94, 0xC9, 0x48,
    0x2B, 0x76, 0xA3, 0xC8, 0x5C, 0xB8, 0xA3, 0x6A, 0xB9, 0x36, 0xA0, 0x4D, 0x25, 0x61, 0x62, 0xF7,
    0x6F, 0x5F, 0xC1, 0xB9, 0x43, 0xAC, 0xE0, 0x6C, 0xE1, 0xB2, 0x30, 0xA1, 0xB9, 0x9D, 0xD4, 0xCE,
    0x78, 0x97, 0x17, 0xAE, 0x8D, 0x56, 0xED, 0xE2, 0x5E, 0x9B, 0xB2, 0xDE, 0x5F, 0x64, 0x74, 0xC9,
    0xB6, 0xEF, 0x04, 0x7F, 0xC7, 0x78, 0x99, 0xC3, 0xFA, 0x6B, 0x1F, 0xFA, 0xCE, 0xA7, 0x1E, 0x0A,
    0x86, 0x3E, 0x6B, 0x8A, 0x36, 0x38, 0xD8, 0x80, 0x7F, 0x9B, 0x11, 0xFA, 0xE5, 0xC4, 0x54, 0xA3,
    0x63, 0x31, 0x74, 0x07, 0xD9, 0xD0, 0x17, 0xF8, 0x76, 0xBF, 0xC8, 0xA6, 0x84, 0x29, 0x4D, 0xBF,
    0x58, 0x34, 0x95, 0x97, 0x41, 0x1F, 0x91, 0x6C, 0xD1, 0x78, 0xAC, 0xD2, 0x68, 0x3B, 0x69, 0x6E,
    0x09, 0xCF, 0xDE, 0x26, 0x4C, 0xCC, 0xFE, 0x6D, 0xE3, 0xDD, 0x53, 0x94, 0x2E, 0x2B, 0x5C, 0x8E,
    0xB3, 0xB8, 0x61, 0x6F, 0x4F, 0xCD, 0x0F, 0x3B, 0xC7, 0x9B, 0xFC, 0xC6, 0x85, 0x29, 0xED, 0x7E,
    0xE9, 0x4C, 0x35, 0x40, 0xFB, 0x13, 0x2B, 0x9B, 0xDE, 0xFB, 0x02, 0x03, 0x70, 0xD0, 0xBE, 0x5F,
    0xA5, 0xA1, 0x5C, 0x35, 0x7E, 0x79, 0xC5, 0xF8, 0x4D, 0x6B, 0xBC, 0x64, 0xEF, 0x7C, 0x54, 0xA5,
    0x77, 0x7F, 0x56, 0x12, 0x02, 0xC9, 0x93, 0x07, 0x85, 0xB9, 0x7B, 0xD7, 0xE7, 0xDF, 0xFD, 0xA8,
    0x6E, 0x1B, 0x3F, 0xD2, 0xB7, 0xED, 0x1A, 0x7F, 0xE5, 0xEA, 0xE8, 0xC3, 0x3B, 0x58, 0x2C, 0x2B,
    0xED, 0xD1, 0x37, 0x6E, 0xD3, 0xC6, 0xD2, 0x6E, 0xEE, 0x0C, 0xEF, 0x49, 0xAE, 0x23, 0x23, 0x1D,
    0x2F, 0x7F, 0xE8, 0xE5, 0x27, 0x3E, 0xE6, 0xBA, 0x0F, 0xEF, 0xFA, 0x83, 0x77, 0xFC, 0x67, 0xC6,
    0xCF, 0x8C, 0x9F, 0x18, 0x3F, 0x36, 0xFE, 0x6B, 0x5F, 0xE3, 0xE5, 0xD7, 0xB1, 0xB7, 0x31, 0x02,
    0x70, 0x1E, 0x15, 0x8D, 0x59, 0x4B, 0x88, 0x43, 0x36, 0x90, 0x1A, 0x8D, 0x4C, 0x15, 0x22, 0xC8,
    0xEA, 0xD3, 0xC8, 0x75, 0x7A, 0x58, 0x0E, 0x91, 0x79, 0x97, 0x97, 0xEE, 0x2A, 0xEE, 0x6D, 0xDC,
    0x04, 0xEB, 0xA7, 0xB4, 0xFD, 0x8C, 0x8E, 0x7F, 0xC2, 0x77, 0xFC, 0x41, 0xF1, 0x13, 0x7F, 0x10,
    0xEF, 0x87, 0x1F, 0x7F, 0xE2, 0xE5, 0xD3, 0xBB, 0xF1, 0xFD, 0xEF, 0x78, 0xB9, 0x6E, 0xBC, 0x74,
    0x23, 0xAD, 0x44, 0x3A, 0x09, 0xCD, 0x97, 0xB6, 0x4F, 0x17, 0x66, 0x53, 0x3A, 0xFD, 0x72, 0xCB,
    0xF8, 0xC1, 0xD3, 0xE9, 0x56, 0x0C, 0x16, 0xD3, 0x5D, 0x46, 0x81, 0x43, 0xC5, 0x17, 0xE1, 0xD3,
    0xA9, 0x9A, 0xCD, 0xD8, 0x54, 0x72, 0xB2, 0x9D, 0x68, 0x45, 0xD1, 0x96, 0x62, 0xD5, 0xA3, 0x29,
    0xC2, 0x09, 0x5C, 0x98, 0xD1, 0xEE, 0xE3, 0x9E, 0x89, 0x26, 0x03, 0xD8, 0x82, 0xCE, 0x36, 0xD9,
    0x4C, 0x5F, 0xDD, 0x6B, 0x4A, 0x84, 0x17, 0xC0, 0xE1, 0x96, 0x59, 0x6D, 0x31, 0xB0, 0x48, 0x5E,
    0xD4, 0xE6, 0x47, 0x95, 0xB9, 0xEB, 0x93, 0x4F, 0x4A, 0xEE, 0xC3, 0x10, 0xAE, 0x81, 0x3B, 0x34,
    0x6E, 0xE1, 0xF7, 0x2A, 0xBA, 0x05, 0x58, 0x9E, 0xA1, 0x34, 0xD4, 0xB4, 0x1F, 0x4C, 0x59, 0xB3,
    0x6D, 0x76, 0x6D, 0x5E, 0x8A, 0x5A, 0xD3, 0x31, 0xD2, 0x32, 0xAD, 0x53, 0x19, 0x95, 0x3D, 0xAB,
    0x0D, 0x87, 0xB4, 0xD2, 0x2A, 0x37, 0xA5, 0xF9, 0x05, 0xC9, 0x14, 0x76, 0x61, 0x42, 0xFA, 0xFF,
    0x98, 0x77, 0x89, 0x2D, 0xAC, 0x24, 0xB5, 0x43, 0x5E, 0x3C, 0x8E, 0xEA, 0x30, 0xC3, 0x04, 0xDC,
    0x21, 0x5E, 0x39, 0x25, 0x30, 0x32, 0xFE, 0x5A, 0xDF, 0xB7, 0x9F, 0x78, 0xCC, 0x11, 0xB4, 0xDC,
    0x9E, 0x87, 0x9A, 0xED, 0xFD, 0x7E, 0x88, 0x97, 0x58, 0x1C, 0x5F, 0x88, 0x35, 0xFD, 0x79, 0xA4,
    0x0A, 0x1E, 0x30, 0x27, 0x59, 0x52, 0x04, 0xCF, 0xF6, 0x51, 0x6F, 0xF6, 0x6F, 0xA8, 0x31, 0xFB,
    0x2B, 0xF1, 0x7D, 0x0A, 0xDF, 0x32, 0xFB, 0x13, 0x13, 0xEA, 0x13, 0x9B, 0x81, 0x9B, 0x36, 0x04,
    0x2B, 0xF9, 0x7B, 0x31, 0xF7, 0x53, 0x64, 0xEF, 0x35, 0x43, 0x1B, 0xC6, 0xF6, 0x19, 0x67, 0x8C,
    0xE4, 0xE5, 0xE2, 0xD3, 0x33, 0xDD, 0x90, 0x86, 0x31, 0x9D, 0x7B, 0x7C, 0xFB, 0x0E, 0x58, 0xC8,
    0x4A, 0xA2, 0x89, 0x06, 0x7F, 0x71, 0xFE, 0xEE, 0xF8, 0x68, 0xF9, 0xF0, 0x8E, 0x0A, 0x48, 0x36,
    0x45, 0x3A, 0xFD, 0x42, 0xA2, 0x61, 0x8B, 0x5A, 0xB6, 0x20, 0x21, 0x52, 0x73, 0x18, 0x0B, 0xB4,
    0x4C, 0xEB, 0xA2, 0xED, 0xAB, 0x6C, 0x16, 0xA4, 0xDD, 0x93, 0x35, 0xC4, 0xA1, 0xB8, 0x82, 0xD8,
    0x20, 0xE9, 0xBE, 0xE8, 0xCC, 0xEB, 0xA3, 0x16, 0x66, 0x9E, 0xA4, 0x86, 0x01, 0xBC, 0x02, 0x70,
    0x1E, 0xBF, 0x94, 0x2F, 0x61, 0x2D, 0x70, 0x0E, 0xF9, 0x6D, 0x95, 0xB7, 0x10, 0x11, 0x26, 0xF4,
    0x6F, 0xA1, 0xBF, 0x3B, 0x95, 0x6D, 0x46, 0xD6, 0x6F, 0xD9, 0xC2, 0x59, 0xCE, 0x06, 0x47, 0xB8,
    0x38, 0xC2, 0x56, 0x8C, 0x92, 0xCA, 0x94, 0x09, 0x3C, 0xD7, 0xFF, 0xEA, 0xAA, 0xDB, 0x7E, 0xBA,
    0xEA, 0x74, 0xFF, 0xF3, 0xCF, 0xA7, 0x57, 0x5D, 0xFB, 0xF1, 0xDE, 0x1D, 0x41, 0x88, 0x63, 0x59,
    0xA5, 0x13, 0x34, 0x0C, 0xD9, 0xE6, 0xCE, 0xD5, 0x91, 0x08, 0xC8, 0xB1, 0x2B, 0x04, 0x70, 0xC7,
    0xAE, 0x68, 0xF7, 0x1E, 0xC0, 0xF8, 0x17, 0xDD, 0xFD, 0x72, 0xA6, 0x51, 0x00, 0xA2, 0xC3, 0x53,
    0x59, 0x77, 0xC4, 0xD6, 0x6F, 0x46, 0xD6, 0x0D, 0xFA, 0x98, 0x97, 0x91, 0x19, 0x9F, 0x29, 0xCB,
    0x4B, 0x97, 0xF9, 0xAB, 0x1A, 0xCC, 0xDE, 0xA6, 0x3B, 0x3D, 0x33, 0x8D, 0x0F, 0x21, 0xDC, 0x8B,
    0xC6, 0x7D, 0x47, 0x0F, 0x07, 0x22, 0xD9, 0xF9, 0x5F, 0x7D, 0x0E, 0xF5, 0x62, 0x54, 0x03, 0xFD,
    0xDE, 0x79, 0x47, 0x75, 0x31, 0x3E, 0x15, 0x14, 0x00, 0x92, 0xA9, 0x03, 0x97, 0xE5, 0x63, 0x0E,
    0xBC, 0x46, 0x04, 0x71, 0x4F, 0x1D, 0x78, 0x5E, 0x60, 0x3C, 0x54, 0x70, 0xE9, 0xBC, 0x71, 0xC1,
    0x7C, 0xE4, 0x93, 0x50, 0xF2, 0x17, 0xC0, 0x97, 0x71, 0x62, 0x82, 0xBC, 0x00, 0x4D, 0x4F, 0x6D,
    0x0C, 0x61, 0x8E, 0x53, 0x99, 0xDE, 0x0E, 0x3B, 0xC8, 0x80, 0x01, 0xF5, 0x26, 0x63, 0x75, 0x4B,
    0x93, 0xA4, 0x72, 0xE9, 0x24, 0xF5, 0x2B, 0xE6, 0x57, 0xC6, 0xB7, 0xB2, 0x7F, 0x30, 0xA5, 0xCD,
    0x6D, 0x56, 0xE4, 0x6F, 0xE4, 0x7F, 0x8C, 0xF9, 0x4F, 0xF3, 0x1E, 0xE6, 0x97, 0xE9, 0xAF, 0x48,
    0x26, 0xC9, 0x04, 0xC6, 0x8C, 0x10, 0x8B, 0x3D, 0xA4, 0x9D, 0xBC, 0x68, 0x6D, 0xC4, 0x8C, 0x7D,
    0xD5, 0x7A, 0xE7, 0xAC, 0x5F, 0x5D, 0x5E, 0xA9, 0x07, 0x4B, 0xDF, 0x12, 0xB1, 0x6F, 0xFD, 0x4D,
    0x95, 0xD5, 0x5D, 0x1F, 0xE7, 0xE2, 0x28, 0xB5, 0xDD, 0xDE, 0xD7, 0xC8, 0xEC, 0x4F, 0x1E, 0x8A,
    0x85, 0x7B, 0x98, 0xFD, 0x21, 0x3A, 0xD3, 0x27, 0x4D, 0xC5, 0x96, 0x66, 0x3F, 0x60, 0xC2, 0x88,
    0x53, 0x93, 0xB8, 0x40, 0xB8, 0x67, 0x7B, 0x77, 0x2C, 0x56, 0x41, 0x3B, 0xFE, 0x8E, 0x25, 0x82,
    0xE6, 0x5E, 0xC9, 0xAC, 0xAF, 0x89, 0x5C, 0x82, 0xD8, 0x02, 0xA4, 0x05, 0xC8, 0x8A, 0x32, 0x07,
    0x6A, 0x2D, 0x63, 0x9A, 0xBD, 0xDE, 0x4D, 0x7D, 0x64, 0xC1, 0xAE, 0x28, 0xB3, 0xCA, 0xF2, 0x0A,
    0x24, 0x9D, 0xF5, 0x59, 0x34, 0x15, 0x4A, 0xC9, 0xEF, 0x7B, 0x69, 0xCF, 0x9B, 0x10, 0x87, 0x36,
    0xA0, 0xFA, 0xFA, 0x1B, 0x59, 0x03, 0xAD, 0x53, 0x19, 0x95, 0xC5, 0x78, 0xC8, 0x6B, 0xB0, 0x02,
    0xAD, 0x01, 0xB8, 0xD5, 0x48, 0x0E, 0x06, 0x2D, 0x0E, 0x93, 0x12, 0x4D, 0x50, 0x16, 0x89, 0x49,
    0xA5, 0xE1, 0xA5, 0x65, 0xFC, 0x8E, 0x26, 0x30, 0x1A, 0xF1, 0xE9, 0x14, 0xD0, 0xF5, 0xF0, 0x83,
    0x48, 0x3F, 0xAE, 0x41, 0x84, 0xA4, 0x19, 0xE9, 0x92, 0x21, 0x7B, 0xCF, 0x91, 0xBF, 0xD1, 0xC2,
    0x5A, 0xCB, 0x65, 0x9B, 0x17, 0x4E, 0x95, 0xD1, 0x0E, 0xB0, 0xA7, 0x2C, 0x28, 0xBB, 0x5F, 0x20,
    0xE9, 0x27, 0x1E, 0x89, 0x16, 0x84, 0x64, 0x3F, 0xAC, 0xB5, 0xBB, 0x42, 0xD3, 0xDF, 0x1B, 0x21,
    0x97, 0x9D, 0x43, 0x9C, 0xB2, 0x55, 0xD7, 0x42, 0x06, 0xCE, 0x22, 0xE2, 0xF2, 0xE2, 0x61, 0xED,
    0xB2, 0xF2, 0x91, 0x77, 0xEA, 0x68, 0x6B, 0x24, 0x17, 0x64, 0x69, 0x03, 0x79, 0x7D, 0x15, 0x71,
    0xCB, 0x04, 0x4D, 0xF1, 0x9E, 0x3C, 0x40, 0x0E, 0x7E, 0x5E, 0xC8, 0x27, 0x77, 0xCB, 0x87, 0xB1,
    0xEF, 0x07, 0x77, 0x7F, 0x5A, 0x1D, 0x7C, 0xD7, 0x8B, 0xD5, 0x70, 0xB2, 0xBF, 0x2D, 0x3A, 0x5F,
    0x49, 0x9D, 0x17, 0xFA, 0x9D, 0x38, 0x07, 0x6D, 0x81, 0xE1, 0x0C, 0xF3, 0xE4, 0x81, 0xD7, 0xA4,
    0x4C, 0xBB, 0xBA, 0xF8, 0xD6, 0xC1, 0xE1, 0xB7, 0x46, 0x5A, 0x8E, 0xFA, 0xE4, 0xBD, 0x0F, 0x88,
    0x8F, 0x50, 0xEF, 0xC0, 0x0F, 0x2A, 0x92, 0x30, 0x22, 0xFB, 0xAF, 0xB7, 0xF5, 0x3B, 0x59, 0xB2,
    0x39, 0x97, 0xA3, 0x29, 0xEA, 0xB7, 0xAE, 0xDA, 0xD4, 0x4B, 0x37, 0x84, 0xC8, 0x7A, 0x7D, 0xAF,
    0xB6, 0x87, 0x44, 0xC3, 0x43, 0xD2, 0x6A, 0xF3, 0xD0, 0xB6, 0xAF, 0xFB, 0xC5, 0xFC, 0xF6, 0x1F,
    0x0C, 0x91, 0x56, 0x1C, 0x25, 0x59, 0xD6, 0xF7, 0x3A, 0x65, 0x9B, 0x36, 0xA9, 0x64, 0x60, 0xA9,
    0xE7, 0x3B, 0xC2, 0xDA, 0xB2, 0xA3, 0xCB, 0x44, 0x3E, 0xEC, 0xD5, 0xE2, 0xB4, 0x83, 0x39, 0x92,
    0xFD, 0xAB, 0x36, 0x50, 0x34, 0xB3, 0x27, 0x95, 0xEC, 0x48, 0x14, 0x92, 0x9D, 0x87, 0x95, 0x6C,
    0x3E, 0xF2, 0xE2, 0x0E, 0x4A, 0x59, 0xBE, 0x9C, 0xF9, 0xFC, 0x8D, 0x32, 0x9D, 0xA8, 0x47, 0xBF,
    0x1E, 0xFC, 0xC6, 0xC9, 0xF3, 0x12, 0x3B, 0xE5, 0xE2, 0xB0, 0xC0, 0x54, 0xC7, 0xCF, 0x4B, 0x2E,
    0xF4, 0xFD, 0xF5, 0x29, 0x23, 0x10, 0xD8, 0xEB, 0xDD, 0xE8, 0x04, 0x81, 0x4B, 0xCB, 0x51, 0xB8,
    0x5D, 0x9A, 0x31, 0x9D, 0x79, 0x9E, 0x6E, 0xBC, 0x22, 0xD7, 0xFC, 0x3A, 0x1D, 0x42, 0xA6, 0x8F,
    0x91, 0xC7, 0xD6, 0xAE, 0x3F, 0x5E, 0xE8, 0x0E, 0x83, 0xFF, 0x46, 0xAF, 0x04, 0xC4, 0x22, 0x2F,
    0xA0, 0x7A, 0xD3, 0xA6, 0xD5, 0x62, 0x9B, 0xCB, 0x62, 0x9B, 0x7B, 0x92, 0xDC, 0xB3, 0xA4, 0x56,
    0x20, 0xD1, 0x08, 0xC4, 0x19, 0x25, 0x7F, 0x9A, 0x06, 0xB1, 0x7E, 0xCB, 0x75, 0xE8, 0xEC, 0x69,
    0xBC, 0xAC, 0xCF, 0x6C, 0x83, 0x61, 0x8D, 0xEE, 0x57, 0x74, 0xBF, 0xE3, 0xF4, 0xA8, 0x82, 0xB4,
    0x12, 0xA8, 0x05, 0x24, 0x04, 0x0D, 0x79, 0x3D, 0x11, 0x50, 0xAA, 0x37, 0x48, 0x2A, 0x95, 0x51,
    0x59, 0xD5, 0x51, 0xDD, 0xA3, 0x6C, 0xF4, 0x58, 0x90, 0x9C, 0xEF, 0x3F, 0x6A, 0x67, 0xAA, 0x58,
    0x15, 0x05, 0x06, 0x18, 0xD9, 0x24, 0xAF, 0x1D, 0x96, 0x15, 0x3D, 0x18, 0xC4, 0x1D, 0x1D, 0x0C,
    0x66, 0xE5, 0x0E, 0xC6, 0x0B, 0xE9, 0xC7, 0x35, 0xC9, 0xA7, 0x15, 0x1C, 0xF8, 0xF9, 0xB6, 0xFD,
    0xBA, 0xAE, 0x29, 0xA0, 0x03, 0x8E, 0xF6, 0x32, 0xEB, 0x0B, 0x4F, 0x4B, 0x9D, 0xFD, 0xB0, 0x8A,
    0x7E, 0x38, 0xBD, 0x5B, 0x26, 0xFF, 0x5B, 0xF0, 0x04, 0x86, 0xB0, 0x8E, 0xB5, 0x60, 0xDE, 0x2D,
    0x48, 0xEF, 0x7A, 0x78, 0xBF, 0x02, 0xF8, 0xCA, 0xEF, 0x6D, 0xAF, 0x90, 0x5B, 0xCC, 0xDF, 0x17,
    0xFC, 0xD4, 0x73, 0xBE, 0x6E, 0xE8, 0xC9, 0x0E, 0x7A, 0xC6, 0x03, 0x5C, 0x89, 0x37, 0xFA, 0x4A,
    0x60, 0x40, 0xFE, 0xA7, 0x2C, 0x09, 0xE6, 0x3D, 0x56, 0x22, 0xFF, 0x39, 0x2E, 0xF2, 0x9F, 0x95,
    0xAB, 0x91, 0xDF, 0xF5, 0x03, 0x21, 0xB6, 0x24, 0x91, 0x97, 0x75, 0x1D, 0x25, 0x8B, 0x47, 0x5E,
    0xB5, 0xBE, 0xEF, 0xB5, 0x85, 0xEF, 0x14, 0xF3, 0x53, 0x26, 0x6D, 0xB9, 0x0D, 0xC0, 0x65, 0x00,
    0x1C, 0x00, 0x9B, 0x00, 0xAF, 0x09, 0x40, 0xBB, 0x24, 0x9B, 0xA6, 0x55, 0x52, 0x6B, 0x86, 0x94,
    0x56, 0x9A, 0x2B, 0x19, 0xDD, 0x23, 0x6C, 0x66, 0xA5, 0xCC, 0x4D, 0x05, 0x59, 0xB6, 0x08, 0xD2,
    0x6A, 0x29, 0xB7, 0xCB, 0xC4, 0xDA, 0x7C, 0x0B, 0x67, 0xBC, 0x19, 0x68, 0xAA, 0x93, 0x8A, 0x4E,
    0x67, 0x22, 0x00, 0x49, 0xC5, 0x61, 0xB2, 0x48, 0x56, 0x6A, 0xC1, 0x10, 0xE5, 0x63, 0x20, 0x2F,
    0xE1, 0xEA, 0x3D, 0xB2, 0x10, 0x68, 0xBF, 0xFB, 0xAE, 0x5F, 0x23, 0x91, 0x4D, 0x18, 0x0C, 0x60,
    0x53, 0xC0, 0x1D, 0x27, 0x2D, 0xDB, 0x84, 0x91, 0xCA, 0xA8, 0xAC, 0xEA, 0xA8, 0xAE, 0xB6, 0xC1,
    0x26, 0xD9, 0xAC, 0x68, 0x87, 0x6A, 0xED, 0xAF, 0x65, 0xA0, 0xAA, 0xEE, 0x08, 0xF1, 0x71, 0xED,
    0x6F, 0x25, 0x56, 0xA5, 0xB3, 0x82, 0x4D, 0xC8, 0x6A, 0xC0, 0x0E, 0x4B, 0x78, 0x3D, 0xF3, 0x80,
    0x00, 0xFC, 0x3E, 0xC0, 0x0D, 0x00, 0x20, 0x9D, 0xC6, 0xC5, 0x6D, 0x1F, 0xE4, 0x7D, 0xBF, 0x06,
    0x69, 0xBD, 0x05, 0xC8, 0x80, 0x79, 0x8F, 0x58, 0x55, 0xE6, 0x16, 0xEC, 0x4D, 0x65, 0x32, 0x67,
    0x9B, 0x03, 0x84, 0x81, 0x43, 0xD0, 0x94, 0xD1, 0xD4, 0xF6, 0x7E, 0x88, 0xC3, 0x30, 0xCB, 0xA7,
    0x70, 0x51, 0xED, 0xE0, 0x31, 0xBC, 0x75, 0x75, 0x71, 0xC2, 0xA3, 0x54, 0x46, 0x02, 0x80, 0x6C,
    0xDC, 0xAE, 0x3B, 0xBB, 0xAD, 0xF1, 0x16, 0xAC, 0x0C, 0xA0, 0x25, 0x60, 0x95, 0x0E, 0xF3, 0xF6,
    0x41, 0x8C, 0xC9, 0x5B, 0x59, 0xB5, 0xD6, 0xE9, 0x37, 0xE3, 0x6C, 0xDC, 0xA9, 0xF8, 0xDD, 0x5E,
    0x09, 0xDD, 0xE0, 0xE1, 0x95, 0xDF, 0x2A, 0x00, 0xF8, 0xDC, 0x08, 0x3F, 0x4E, 0x35, 0xC2, 0x9B,
    0x18, 0xE1, 0x7F, 0xA9, 0x11, 0xFE, 0x1F, 0xB3, 0xD2, 0xE6, 0x4B, 0xB9, 0x46, 0x78, 0x8B, 0xF9,
    0xA7, 0xEC, 0xCF, 0x88, 0xE5, 0x13, 0x92, 0x49, 0x3A, 0x86, 0x11, 0x02, 0x21, 0xC0, 0x83, 0x0F,
    0xE0, 0x8F, 0x5E, 0x02, 0x38, 0x11, 0xF1, 0x07, 0x31, 0xE2, 0x47, 0x4B, 0x58, 0x71, 0xD6, 0xBB,
    0xE5, 0x18, 0xF1, 0x2F, 0x5F, 0xAE, 0x07, 0x76, 0x55, 0x24, 0x8B, 0x11, 0xDF, 0x48, 0xD7, 0x53,
    0xB5, 0x61, 0x38, 0x9E, 0x1F, 0x19, 0xAE, 0xBD, 0xF8, 0xC8, 0x10, 0xF2, 0xA6, 0x64, 0xE8, 0x31,
    0x27, 0x90, 0xCD, 0xE8, 0xF4, 0xD9, 0x7A, 0xDE, 0xEE, 0xF0, 0x5F, 0xC8, 0x26, 0xE0, 0x4E, 0x82,
    0x92, 0xC4, 0x9B, 0x77, 0xCA, 0xF4, 0x09, 0x74, 0x22, 0x6A, 0x56, 0x07, 0xEF, 0xEF, 0x70, 0xAD,
    0x22, 0xAF, 0xC8, 0xC6, 0xD8, 0x16, 0xAF, 0xC3, 0xAB, 0x00, 0xF0, 0xD2, 0x9F, 0xFC, 0x55, 0x98,
    0x0A, 0xC0, 0x9F, 0x5F, 0x9D, 0x5D, 0xCB, 0x76, 0xEA, 0xF7, 0x5F, 0x59, 0x5D, 0xFE, 0xE6, 0x9B,
    0xBF, 0xC9, 0xF0, 0x71, 0xBD, 0x07, 0x69, 0x09, 0x60, 0x05, 0xA2, 0xC6, 0x37, 0x39, 0xBC, 0x6E,
    0xEA, 0x5C, 0x9A, 0x29, 0x74, 0xAB, 0x0B, 0x17, 0xE0, 0xAD, 0xEF, 0xF1, 0xCC, 0x75, 0x11, 0x6D,
    0xB3, 0xEB, 0x21, 0x9D, 0x7D, 0xEF, 0x06, 0x18, 0xC3, 0x73, 0x2E, 0xB5, 0xFF, 0x18, 0x02, 0x3E,
    0x80, 0x6F, 0x57, 0x49, 0x02, 0x97, 0x2E, 0x1D, 0xBD, 0x77, 0x84, 0xBE, 0x57, 0xBB, 0x4A, 0xEA,
    0x01, 0x4C, 0x89, 0xF2, 0x02, 0x20, 0x47, 0x4B, 0x2D, 0x09, 0xD4, 0xD0, 0x29, 0x10, 0x18, 0xC3,
    0x5B, 0x70, 0x89, 0x67, 0xAF, 0x06, 0x88, 0xCE, 0x13, 0x48, 0x27, 0x9C, 0x75, 0xA9, 0xD6, 0x2A,
    0x6C, 0xA0, 0x53, 0xEF, 0xC8, 0x4A, 0xE3, 0x2F, 0xA3, 0x6F, 0xBC, 0x08, 0x64, 0x1C, 0xBE, 0x11,
    0x96, 0x80, 0x0B, 0xBC, 0x49, 0x46, 0x8D, 0x1E, 0xE5, 0x27, 0xA1, 0x00, 0x40, 0xE8, 0x20, 0x74,
    0x11, 0x02, 0x92, 0x3C, 0x20, 0x6E, 0xE9, 0x90, 0xFC, 0x0D, 0xC4, 0x5A, 0x64, 0x25, 0xD2, 0xE6,
    0x3C, 0x2E, 0x3D, 0xAC, 0x2D, 0x07, 0xDE, 0xF2, 0xA4, 0xB0, 0x04, 0x2C, 0x13, 0xAC, 0x8C, 0xB1,
    0x35, 0x50, 0x41, 0xBA, 0x48, 0x07, 0xF3, 0xF2, 0xD5, 0xA4, 0xBC, 0x6C, 0xBC, 0xED, 0x97, 0x3A,
    0xD0, 0x20, 0x46, 0x24, 0x13, 0x59, 0x12, 0x59, 0x16, 0x59, 0x15, 0xD9, 0x91, 0x87, 0xB5, 0x1C,
    0x78, 0xF9, 0xAC, 0x90, 0x80, 0x4C, 0x09, 0x63, 0x66, 0xF0, 0x32, 0x2C, 0x83, 0x83, 0xCD, 0x48,
    0x11, 0x7B, 0xB7, 0x08, 0x13, 0x1C, 0x0B, 0x74, 0x67, 0xC5, 0xFA, 0xB6, 0x38, 0x76, 0x1D, 0xEE,
    0x10, 0xE3, 0xF5, 0xBE, 0x74, 0x43, 0xF1, 0xEA, 0x42, 0x46, 0xE5, 0x9F, 0x3D, 0xB4, 0xEE, 0x86,
    0x1B, 0xEB, 0xBD, 0xD1, 0xA1, 0xCA, 0x56, 0xFC, 0x1D, 0x4B, 0xCE, 0x38, 0x3F, 0xFF, 0x71, 0x2D,
    0x7F, 0x57, 0xC5, 0xC2, 0x10, 0x10, 0x53, 0x4A, 0x72, 0xC2, 0x6A, 0x9F, 0x7B, 0x3C, 0xF2, 0x07,
    0xF5, 0xA4, 0xE3, 0xF5, 0x78, 0x24, 0x14, 0x92, 0x7A, 0xA1, 0x38, 0x52, 0x59, 0xAC, 0x84, 0x13,
    0xFF, 0xE7, 0x3A, 0x17, 0x70, 0xF3, 0xFB, 0x79, 0x3B, 0xC0, 0x6E, 0x90, 0xF5, 0xDE, 0xFB, 0xA7,
    0xBE, 0x72, 0xAF, 0x47, 0x08, 0x38, 0x9E, 0x45, 0x94, 0x2F, 0xD7, 0x7B, 0x85, 0x83, 0x93, 0xE3,
    0x7A, 0x02, 0xDA, 0xC7, 0x67, 0xFF, 0x77, 0xB5, 0x18, 0xA4, 0x5A, 0x18, 0xC9, 0x49, 0x97, 0xBC,
    0x70, 0x09, 0x89, 0xE4, 0x7D, 0x5D, 0xE9, 0x7A, 0x82, 0x79, 0xEB, 0x98, 0xE2, 0x3D, 0x9A, 0xBD,
    0xA3, 0x7F, 0xE9, 0xF8, 0x39, 0x0E, 0xB7, 0xF8, 0xC5, 0xD2, 0x1E, 0xF9, 0x88, 0x5F, 0x03, 0xB5,
    0x98, 0x41, 0x6C, 0x1B, 0x49, 0x76, 0x86, 0xBF, 0xEE, 0xDA, 0x51, 0x27, 0x6E, 0xAC, 0x6B, 0x02,
    0xEC, 0x21, 0xBB, 0x03, 0x93, 0x39, 0x27, 0xA2, 0xB8, 0x01, 0x02, 0x44, 0xD8, 0x2D, 0x89, 0x3D,
    0xD9, 0x3B, 0x66, 0x6E, 0x39, 0xE6, 0x92, 0xD3, 0x5E, 0x1C, 0x20, 0x06, 0x42, 0x24, 0x1A, 0xB9,
    0xC7, 0x73, 0xCC, 0x61, 0xE6, 0x7E, 0xF2, 0xC1, 0x07, 0x83, 0x42, 0x40, 0x05, 0x61, 0x00, 0x61,
    0x21, 0x93, 0x0F, 0xD6, 0x61, 0x0F, 0x01, 0xE2, 0x06, 0x72, 0xD8, 0x63, 0x7A, 0x33, 0x03, 0x2C,
    0x62, 0x05, 0xF1, 0x1B, 0x91, 0x88, 0x69, 0xAA, 0xC5, 0x4A, 0x77, 0x53, 0xE2, 0x50, 0x1C, 0x39,
    0x0A, 0xC6, 0x58, 0xF6, 0xFF, 0x0A, 0xCD, 0xEE, 0xF7, 0xF3, 0x7F, 0xAC, 0xAE, 0xF7, 0xAA, 0xBA,
    0xBA, 0x68, 0x98, 0xB7, 0xD0, 0x48, 0x2C, 0x6A, 0x31, 0xA2, 0x3B, 0x04, 0xB9, 0x1E, 0xC1, 0xE0,
    0xEB, 0x1C, 0xDC, 0x58, 0xC0, 0xFA, 0x04, 0xB6, 0xCE, 0x53, 0xD8, 0x1B, 0x67, 0xA0, 0xAA, 0x84,
    0x99, 0xEE, 0x11, 0xA5, 0xBA, 0x45, 0x45, 0x4B, 0x76, 0x50, 0x33, 0x3D, 0x42, 0x83, 0x02, 0xC0,
    0xAD, 0x35, 0xCE, 0xC8, 0x83, 0x86, 0x91, 0x3C, 0xFE, 0xD9, 0x89, 0x84, 0x27, 0xBF, 0x4C, 0x18,
    0xFF, 0x2B, 0xFC, 0xB4, 0x80, 0xBF, 0xFB, 0x2F, 0x82, 0x2F, 0x5F, 0x60, 0x4E, 0x7E, 0x99, 0x5A,
    0xF3, 0x5C, 0x5A, 0x46, 0x66, 0x47, 0x46, 0x3A, 0x80, 0x5D, 0xB5, 0xFB, 0x17, 0x0C, 0xFB, 0x42,
    0x98, 0x83, 0xD6, 0xC8, 0x31, 0xD9, 0x9D, 0x51, 0x62, 0xE7, 0x10, 0x65, 0xA0, 0x97, 0x08, 0xF3,
    0x59, 0x5F, 0xEE, 0xBF, 0x81, 0x1C, 0xB6, 0xC1, 0x11, 0x16, 0x84, 0x4A, 0xFB, 0x0D, 0xBB, 0xFD,
    0x84, 0x48, 0x30, 0x42, 0x94, 0x6E, 0x8C, 0xA8, 0x88, 0x71, 0x8A, 0x91, 0x12, 0xC3, 0x7E, 0xD2,
    0xBE, 0x4E, 0x31, 0x8A, 0x32, 0xD1, 0x30, 0xD7, 0x38, 0xD5, 0x26, 0xBA, 0x87, 0x2A, 0xE3, 0x0C,
    0x9F, 0x70, 0x2E, 0x9C, 0xE5, 0xE8, 0x04, 0xDD, 0x41, 0x2D, 0x1A, 0x89, 0x86, 0x73, 0x65, 0x04,
    0x76, 0x09, 0x8D, 0x13, 0x6D, 0x5C, 0xB1, 0xA4, 0x66, 0xA5, 0x9C, 0x65, 0x35, 0xCB, 0xA1, 0xF6,
    0xB1, 0x46, 0x0A, 0xDF, 0x40, 0x83, 0x5C, 0x8D, 0xA8, 0x65, 0xDC, 0x62, 0xDC, 0x65, 0x9C, 0x57,
    0xAC, 0x73, 0xF0, 0x54, 0x27, 0xD5, 0xD7, 0x6E, 0x75, 0x4B, 0x6D, 0x52, 0xB9, 0xA1, 0xA5, 0xE8,
    0xF8, 0x05, 0xE3, 0x82, 0x71, 0x1D, 0xD5, 0xB9, 0x54, 0xA8, 0xDC, 0xA6, 0x8C, 0x2F, 0x18, 0xBF,
    0xA8, 0xDC, 0x2C, 0xD5, 0xD1, 0xE0, 0xA1, 0x3A, 0x46, 0x3A, 0xC0, 0x06, 0x39, 0xD6, 0x08, 0x36,
    0x4E, 0xB0, 0x1E, 0x6C, 0x1F, 0x6C, 0x24, 0xD8, 0x30, 0xC3, 0xA2, 0x58, 0xBA, 0x58, 0x76, 0x58,
    0xF0, 0xE2, 0xD4, 0x41, 0x09, 0x5F, 0x30, 0x7C, 0x4A, 0x75, 0x1E, 0xE4, 0x2E, 0x4A, 0x9D, 0xC5,
    0x39, 0x9C, 0xB2, 0x9B, 0xB1, 0x93, 0xE3, 0x8E, 0x70, 0x2D, 0x9C, 0x4D, 0x9C, 0x11, 0x87, 0x8E,
    0x14, 0xFD, 0xB9, 0x9A, 0x0C, 0x8D, 0x53, 0x74, 0x0B, 0x74, 0x0F, 0xBE, 0x56, 0x18, 0x0B, 0xF8,
    0x04, 0x5E, 0x0B, 0x55, 0xE7, 0xA1, 0x13, 0xD0, 0x1D, 0x50, 0x0B, 0x1A, 0x09, 0x1A, 0xE6, 0x28,
    0x47, 0x23, 0x8D, 0x93, 0x9F, 0x6B, 0x0B, 0xB4, 0x0B, 0x7A, 0xC5, 0x83, 0xAA, 0xF7, 0xAA, 0xEE,
    0x43, 0x15, 0xD4, 0x81, 0x36, 0x2B, 0x5E, 0xAA, 0x38, 0xDE, 0x66, 0xDE, 0x17, 0xCC, 0x7A, 0xC7,
    0x6F, 0xB9, 0xDF, 0x91, 0xCA, 0xC0, 0x5C, 0x33, 0x45, 0x57, 0xE1, 0xBD, 0xCE, 0x7A, 0xAB, 0x57,
    0x8A, 0x12, 0xE0, 0x96, 0x50, 0x3A, 0x85, 0xB2, 0xFB, 0xF4, 0x76, 0xFD, 0xB7, 0x99, 0xCF, 0x95,
    0xD9, 0x17, 0xCA, 0xF2, 0xC0, 0x7B, 0xA5, 0x54, 0xE5, 0xA6, 0xA3, 0xFA, 0xCD, 0xFA, 0x47, 0x51,
    0xDC, 0xDB, 0x9A, 0xCE, 0x1C, 0x65, 0xB7, 0x2F, 0x8A, 0x0B, 0x55, 0x71, 0x0C, 0xAA, 0xA6, 0x5B,
    0x35, 0x6E, 0xAD, 0x01, 0x16, 0xCD, 0x00, 0x08, 0x14, 0xCC, 0x41, 0x06, 0xE1, 0x1C, 0xEF, 0x85,
    0xD9, 0x81, 0xA0, 0x66, 0xD5, 0x7C, 0xAA, 0xE6, 0xE5, 0xA4, 0x3C, 0x77, 0xA5, 0x35, 0x4A, 0xB3,
    0x57, 0x06, 0x54, 0xD6, 0x00, 0x76, 0xE0, 0x27, 0x53, 0x68, 0xE7, 0xC1, 0x28, 0x25, 0x7E, 0x99,
    0xB0, 0x05, 0x38, 0x86, 0x0C, 0xCC, 0xA9, 0x68, 0xFC, 0x28, 0x53, 0x8B, 0xAE, 0x59, 0x7E, 0x14,
    0xFF, 0x59, 0xE6, 0xCC, 0x89, 0x34, 0xC3, 0x57, 0x49, 0x7C, 0x3E, 0x87, 0x91, 0x57, 0x08, 0xBF,
    0x88, 0x0A, 0xDA, 0x4F, 0x70, 0x71, 0x3E, 0x68, 0x4E, 0xD5, 0xB9, 0x25, 0x06, 0xAD, 0x07, 0xCE,
    0x6A, 0xB3, 0xFF, 0x9F, 0x1B, 0x17, 0x43, 0x46, 0x5F, 0x45, 0xB3, 0xA2, 0x99, 0xE0, 0xA0, 0x0B,
    0x87, 0xA0, 0xD7, 0x71, 0x04, 0x0E, 0xDA, 0x10, 0xCF, 0xA6, 0xC1, 0x28, 0x67, 0x13, 0xEE, 0x82,
    0x85, 0xFB, 0xF0, 0x09, 0x1B, 0x73, 0xDA, 0x7D, 0x1C, 0x0C, 0xAE, 0xB3, 0x06, 0xB0, 0x47, 0x75,
    0x2B, 0x9A, 0x2F, 0x2B, 0x03, 0x41, 0x41, 0x58, 0x3F, 0x86, 0x5E, 0x9D, 0x14, 0xB7, 0xA3, 0x53,
    0xC3, 0x2C, 0x81, 0xF7, 0x72, 0xF0, 0x32, 0x35, 0xC2, 0xCD, 0x28, 0x2A, 0xE0, 0x96, 0x60, 0x40,
    0xC3, 0xE1, 0x5A, 0x74, 0x2D, 0x1A, 0x7F, 0x98, 0x97, 0x7D, 0x14, 0xFE, 0x2A, 0xC5, 0xC3, 0xF0,
    0x66, 0xC5, 0xED, 0x3A, 0x3F, 0xEF, 0x31, 0xA8, 0xFC, 0xC9, 0xA3, 0x47, 0xD9, 0x25, 0xE5, 0x14,
    0x3C, 0x7C, 0xB2, 0xEE, 0x7F, 0xAB, 0xC4, 0x9D, 0xE1, 0x63, 0xEB, 0x75, 0xD5, 0xBF, 0x4B, 0x6B,
    0xE1, 0x7F, 0x97, 0x43, 0x8B, 0x46, 0x1F, 0xD6, 0x12, 0x27, 0x69, 0x70, 0x9A, 0xE0, 0xE1, 0x19,
    0xEC, 0x51, 0x52, 0xDE, 0xFB, 0xE4, 0xE3, 0x25, 0x65, 0x8F, 0x16, 0x2D, 0x1C, 0x96, 0x43, 0xE2,
    0x4F, 0x73, 0x4A, 0x02, 0xC1, 0x6F, 0x12, 0x18, 0x01, 0x3B, 0xD4, 0x52, 0x94, 0xF4, 0xB0, 0xBC,
    0x1E, 0x3D, 0xCA, 0xB1, 0x28, 0xF7, 0xE8, 0xE2, 0xE8, 0xC8, 0x80, 0xE6, 0xB7, 0x12, 0xB5, 0xC1,
    0x9E, 0x45, 0xCD, 0xF3, 0x2C, 0xF8, 0x4D, 0x8A, 0x87, 0x1D, 0x18, 0xC1, 0x79, 0x52, 0xFE, 0x6E,
    0xF4, 0xA9, 0x5A, 0x46, 0x2D, 0x3A, 0x60, 0x97, 0xF0, 0xBE, 0x70, 0xF4, 0x66, 0x4F, 0x1D, 0x28,
    0xDF, 0xBD, 0xF1, 0xDE, 0xCB, 0xA2, 0x01, 0xB3, 0xDE, 0x78, 0x7F, 0x52, 0x3E, 0xDA, 0xCF, 0xC4,
    0xDC, 0x76, 0xBC, 0x3C, 0xC8, 0x8D, 0xF7, 0x0A, 0xAC, 0xDB, 0xC7, 0x8A, 0xE3, 0xFF, 0xB2, 0xA3,
    0xA0, 0xA0, 0xE3, 0x0B, 0x36, 0x9E, 0x38, 0x60, 0xD5, 0x3A, 0xC2, 0xED, 0x05, 0x6D, 0x12, 0xEA,
    0xFE, 0x48, 0x9B, 0x13, 0x85, 0x05, 0x0A, 0xD6, 0x0A, 0xDA, 0x1A, 0x7E, 0x7C, 0x89, 0xE3, 0x3F,
    0x3E, 0x2E, 0x65, 0x37, 0x06, 0x8E, 0x1F, 0x5F, 0x81, 0x0A, 0x6A, 0xE4, 0x12, 0x27, 0x35, 0xFE,
    0x45, 0xF6, 0xBD, 0x34, 0xBF, 0x14, 0x4E, 0x6A, 0x98, 0x0A, 0x0A, 0x6B, 0xF8, 0x1F, 0x9F, 0xFA,
    0xD3, 0xC9, 0xA4, 0xAE, 0x49, 0x37, 0x81, 0x55, 0x9C, 0xCD, 0x13, 0xDF, 0x97, 0x22, 0xCC, 0x27,
    0xA8, 0xBE, 0x05, 0x6C, 0xF8, 0x84, 0xF6, 0xA9, 0xB2, 0xC7, 0x11, 0xCA, 0xE6, 0xEF, 0x65, 0x34,
    0xCE, 0x04, 0x3B, 0x2E, 0x6D, 0xE4, 0xBD, 0xFF, 0xE0, 0x65, 0xAF, 0x77, 0xD5, 0x29, 0x61, 0x06,
    0x28, 0x70, 0xCC, 0xF7, 0x68, 0xBF, 0x2C, 0x08, 0xFD, 0x57, 0x34, 0x73, 0x86, 0x45, 0xA0, 0xAD,
    0x33, 0x29, 0x39, 0x76, 0x54, 0x33, 0xEA, 0xE0, 0x09, 0x14, 0x86, 0xFF, 0x40, 0x73, 0xFA, 0xCE,
    0x1A, 0x38, 0x56, 0xED, 0xFF, 0xA5, 0x69, 0x64, 0x09, 0x2F, 0xF7, 0x13, 0xCB, 0xCD, 0xC7, 0x5F,
    0x24, 0x5E, 0x88, 0xA3, 0x14, 0xA2, 0x57, 0x40, 0x70, 0x01, 0x00, 0x38, 0x14, 0x6D, 0xA1, 0x61,
    0x66, 0x51, 0x23, 0x51, 0xBA, 0x58, 0xDD, 0x35, 0x20, 0x57, 0x07, 0x03, 0x1D, 0x40, 0xC7, 0x2B,
    0xEC, 0xCF, 0x14, 0x54, 0xBB, 0x84, 0xB9, 0xB6, 0x2A, 0x17, 0x8B, 0x4D, 0x34, 0x4E, 0x1B, 0x15,
    0xCD, 0xA1, 0x81, 0x1E, 0xA1, 0x0C, 0xF8, 0x83, 0xDF, 0x87, 0x6D, 0x07, 0x5B, 0x53, 0x88, 0x73,
    0x00, 0xB6, 0x8D, 0x6C, 0xB6, 0x8C, 0x74, 0x6D, 0xC9, 0x8A, 0x3E, 0x7B, 0x9E, 0x95, 0x8B, 0xBB,
    0x14, 0xEF, 0x09, 0xCE, 0x5F, 0x95, 0xE9, 0x78, 0x22, 0xF1, 0xCF, 0x9E, 0xE7, 0x4D, 0x23, 0x13,
    0x67, 0xC4, 0x1D, 0x19, 0xD9, 0xD2, 0x20, 0xD7, 0xA8, 0x12, 0x50, 0x87, 0x0E, 0x38, 0xCB, 0x78,
    0x9D, 0xE2, 0x2F, 0x98, 0x8F, 0x44, 0x43, 0x55, 0x26, 0x7A, 0x7D, 0x5C, 0x40, 0x17, 0x06, 0x04,
    0x6A, 0xFA, 0x12, 0xCE, 0xB9, 0x46, 0x4C, 0xF0, 0x13, 0xE6, 0x43, 0xD4, 0x26, 0x1A, 0xA5, 0xCB,
    0xC1, 0x48, 0x89, 0x28, 0xC5, 0x26, 0x77, 0x86, 0x44, 0x53, 0x78, 0xE8, 0x85, 0x5F, 0x1C, 0x08,
    0x87, 0x2B, 0xB3, 0x59, 0xBE, 0xB0, 0x20, 0x5B, 0x58, 0xB8, 0x92, 0xA0, 0x51, 0x6A, 0x24, 0x4E,
    0x8C, 0xF4, 0x31, 0x45, 0x81, 0x99, 0x02, 0x0F, 0x80, 0x43, 0x40, 0x21, 0xCC, 0xA9, 0x67, 0xE1,
    0x63, 0xC8, 0x1C, 0xC1, 0xA5, 0x85, 0xA5, 0x19, 0x59, 0x58, 0x94, 0x3A, 0xE2, 0xC4, 0x71, 0x9F,
    0xDD, 0xE4, 0x98, 0x4E, 0x0A, 0x26, 0x81, 0x18, 0xB0, 0xC0, 0x5D, 0xE0, 0x7B, 0x28, 0x6E, 0x0D,
    0xE5, 0xB4, 0xEE, 0x7D, 0xA1, 0xB8, 0x1B, 0x01, 0xEE, 0xAA, 0x17, 0xB2, 0x70, 0xCE, 0x6D, 0x0B,
    0x95, 0x0A, 0xA0, 0x04, 0x39, 0x61, 0x16, 0xBE, 0x92, 0x60, 0xCE, 0xBB, 0xAD, 0x95, 0xD6, 0xFF,
    0x45, 0xE3, 0xD6, 0x10, 0xE6, 0x25, 0xE0, 0xFB, 0xB0, 0x09, 0x8E, 0xB7, 0xE6, 0xBA, 0x2B, 0x4B,
    0x5A, 0x55, 0x5A, 0x9E, 0x38, 0xB8, 0x82, 0x29, 0x6A, 0xC8, 0x12, 0xB7, 0x94, 0x31, 0xBB, 0x00,
    0x4B, 0x14, 0x94, 0x98, 0x13, 0x14, 0x78, 0xCC, 0x31, 0xE7, 0x98, 0x3D, 0x5E, 0xA7, 0xB1, 0x63,
    0x2C, 0x77, 0x1D, 0x67, 0xD9, 0xF7, 0x1D, 0x9A, 0x6F, 0x3A, 0x54, 0xB7, 0x1D, 0x3A, 0xF8, 0x13,
    0x87, 0x6E, 0x1F, 0x3A, 0xD4, 0xE5, 0x0E, 0xDD, 0xCA, 0x1C, 0x6A, 0xA5, 0x6A, 0xD2, 0x8E, 0x68,
    0x94, 0x74, 0x52, 0x20, 0x4A, 0x80, 0x18, 0xC0, 0x02, 0x6C, 0x51, 0xD0, 0xA9, 0x6D, 0xCE, 0x88,
    0x73, 0x5E, 0xF1, 0xFA, 0xC3, 0x7F, 0x67, 0xFC, 0xE8, 0x05, 0x67, 0x27, 0x9F, 0xF3, 0xF5, 0xAF,
    0x3E, 0x42, 0x4F, 0x2D, 0x3A, 0x2C, 0x6D, 0xCF, 0xAA, 0x3A, 0x9B, 0x03, 0x19, 0x84, 0x97, 0x15,
    0x22, 0x4A, 0x6F, 0xCB, 0xE7, 0x50, 0x14, 0xCE, 0x33, 0x78, 0x98, 0x00, 0x40, 0x03, 0x68, 0x03,
    0x9D, 0x04, 0xFE, 0x46, 0xE0, 0x4C, 0xE0, 0xD7, 0x19, 0x61, 0xA6, 0x18, 0x39, 0x24, 0x4A, 0xBB,
    0xC4, 0xBE, 0xC0, 0xFA, 0x0B, 0xEE, 0xD1, 0x60, 0x13, 0x4B, 0x35, 0x0E, 0x1F, 0x60, 0xD2, 0xCA,
    0xE3, 0x77, 0x36, 0xB8, 0x6B, 0x89, 0x87, 0x84, 0x53, 0x80, 0xF8, 0x82, 0xF6, 0xD5, 0x0B, 0x51,
    0x89, 0x0F, 0xBC, 0xEC, 0xFF, 0xB9, 0x4C, 0x16, 0x19, 0x14, 0xCB, 0xB3, 0xFB, 0xD2, 0xFE, 0x0F,
    0xE1, 0xE3, 0x8F, 0x41, 0x95, 0xE5, 0xC7, 0x02, 0xCD, 0x04, 0x3A, 0x02, 0x3F, 0x11, 0xF8, 0xE7,
    0x1C, 0x54, 0x21, 0x3F, 0x24, 0x94, 0xED, 0xC5, 0xE0, 0x2F, 0xE5, 0x63, 0x3F, 0xC7, 0x62, 0xB9,
    0x57, 0xA7, 0x81, 0xA9, 0xEF, 0x0C, 0x08, 0x32, 0x6B, 0x79, 0xEF, 0x3D, 0xE0, 0x06, 0xFD, 0xD8,
    0xCB, 0xC3, 0x83, 0x6F, 0xF4, 0x87, 0x43, 0x69, 0xFF, 0x5A, 0x08, 0xBD, 0xCF, 0x31, 0xAF, 0x7A,
    0x5F, 0x10, 0x7D, 0x04, 0x58, 0x0B, 0x34, 0x2C, 0xB0, 0x69, 0x81, 0x6D, 0x0B, 0x0C, 0xAC, 0xCF,
    0x51, 0xDB, 0xFB, 0x22, 0x9C, 0xF5, 0xC1, 0x78, 0x0F, 0x51, 0x6A, 0xA9, 0xF5, 0x69, 0x60, 0x61,
    0x93, 0xF2, 0xAE, 0xA3, 0xF4, 0x8B, 0xA7, 0xCD, 0x7C, 0xB7, 0x3F, 0x2C, 0x88, 0xF2, 0x06, 0x46,
    0x6C, 0x70, 0xF0, 0xB2, 0xDF, 0xF6, 0xDE, 0x3F, 0x5B, 0xD6, 0x85, 0x0C, 0xB5, 0xCA, 0xFE, 0xF1,
    0xFE, 0xB0, 0x99, 0x37, 0xA7, 0xEE, 0x2E, 0xCD, 0x63, 0xA2, 0x09, 0x80, 0xF7, 0xE9, 0xAC, 0x97,
    0x28, 0xAC, 0xC2, 0x7B, 0x66, 0x3D, 0xD6, 0x2E, 0x96, 0x6E, 0xA5, 0xF3, 0xEF, 0x86, 0xD8, 0x38,
    0x89, 0xE6, 0x04, 0x4F, 0x00, 0x36, 0x2E, 0x68, 0xF6, 0x53, 0x17, 0x66, 0x03, 0xF2, 0xAB, 0x6C,
    0x79, 0xAC, 0x30, 0x00, 0x07, 0xCD, 0xD3, 0x2C, 0xF4, 0xE9, 0x07, 0x3E, 0xA5, 0x73, 0x30, 0xE1,
    0x7D, 0x76, 0x00, 0x0B, 0xC4, 0x09, 0x98, 0x14, 0x8C, 0xF4, 0x7A, 0x07, 0xE2, 0xBD, 0x17, 0xC5,
    0x54, 0x96, 0x1E, 0x12, 0x25, 0x8B, 0xD7, 0xB5, 0x1D, 0xEC, 0xE9, 0x94, 0xC0, 0xA7, 0xB4, 0xA7,
    0x0C, 0x47, 0x09, 0x46, 0x08, 0x72, 0xD0, 0x5E, 0xAF, 0x92, 0x51, 0xF4, 0x30, 0xC8, 0xBB, 0x46,
    0xCA, 0xDE, 0x8E, 0xDE, 0x2C, 0x16, 0x5E, 0x1F, 0x26, 0x5C, 0x7D, 0xDE, 0x55, 0x73, 0xF5, 0x91,
    0x96, 0xFA, 0xFB, 0xB7, 0xE9, 0x2F, 0xBC, 0xAD, 0x05, 0xE0, 0xB7, 0x35, 0x4B, 0x39, 0x07, 0x3F,
    0xF8, 0x01, 0xC0, 0xD5, 0x0C, 0xB5, 0xDD, 0x32, 0x72, 0x68, 0x8D, 0x64, 0xD1, 0x67, 0xF5, 0xF6,
    0x03, 0xF8, 0x79, 0x35, 0x43, 0x51, 0xCE, 0x50, 0x69, 0x39, 0x43, 0x49, 0xC3, 0x88, 0x3A, 0x23,
    0x83, 0x23, 0x23, 0x6E, 0xF5, 0x3F, 0x7D, 0x30, 0xAF, 0x5E, 0xA5, 0xDE, 0x0F, 0x73, 0x96, 0x05,
    0x35, 0x92, 0x78, 0xCE, 0x46, 0x3F, 0x65, 0x79, 0x11, 0x2D, 0xCF, 0x87, 0x7D, 0x69, 0x5F, 0xE0,
    0xDC, 0x42, 0xF8, 0xFE, 0xE4, 0x17, 0xCF, 0xB0, 0x58, 0x5A, 0xED, 0xC9, 0x8F, 0x0A, 0x9A, 0x58,
    0x9A, 0xB3, 0x67, 0xA3, 0xAF, 0x3A, 0x5E, 0xFF, 0xB0, 0xA7, 0x18, 0xC1, 0x42, 0x0B, 0x06, 0x25,
    0x13, 0x33, 0x4F, 0xC2, 0xBE, 0xC2, 0x14, 0xDC, 0x02, 0x09, 0x93, 0x61, 0x3F, 0x6F, 0xCF, 0x93,
    0xCA, 0xFF, 0x40, 0x89, 0x85, 0x26, 0x38, 0x98, 0x10, 0x66, 0x98, 0x0B, 0xC2, 0x51, 0x8A, 0xC9,
    0x40, 0x59, 0xC6, 0x65, 0xB2, 0x61, 0x3F, 0x6D, 0xBF, 0xC1, 0x78, 0x09, 0x7B, 0x29, 0xA0, 0xB4,
    0x95, 0x8E, 0x32, 0xD2, 0xE0, 0x95, 0x9A, 0x17, 0x1A, 0x7F, 0xA4, 0xD6, 0xEA, 0xA6, 0xD5, 0xAE,
    0x55, 0xB5, 0x67, 0x59, 0xB5, 0xEC, 0x38, 0xC7, 0xCE, 0xB1, 0x05, 0x76, 0x82, 0xB5, 0x9E, 0x3B,
    0x3D, 0x00, 0x8D, 0x45, 0xAD, 0x68, 0x5B, 0xF4, 0x4F, 0x45, 0xFF, 0x49, 0xF4, 0x4B, 0xF9, 0xFA,
    0x44, 0xC6, 0x9F, 0xC9, 0x6B, 0x23, 0x73, 0x23, 0x85, 0x91, 0xA9, 0x91, 0x72, 0x10, 0x55, 0x63,
    0x09, 0xBE, 0x83, 0xD0, 0x6A, 0x07, 0x6B, 0x54, 0x6B, 0x35, 0x45, 0x7F, 0x2A, 0xFA, 0xD7, 0x37,
    0x6B, 0xA1, 0x4A, 0x55, 0x8B, 0x96, 0x9F, 0x51, 0x4E, 0x3C, 0xBB, 0xA0, 0x89, 0xAD, 0xEB, 0x4B,
    0x97, 0x30, 0xAB, 0xBA, 0x40, 0x41, 0xAF, 0x5B, 0x39, 0xF2, 0x2E, 0xA7, 0xE6, 0xCA, 0xB7, 0xE2,
    0x54, 0xDC, 0x55, 0xFD, 0xA8, 0xAA, 0x43, 0xE9, 0x9E, 0x91, 0x41, 0xC5, 0xD7, 0x25, 0xCA, 0xAF,
    0xAE, 0x64, 0xF5, 0xD3, 0xD2, 0x61, 0x5D, 0xEF, 0x41, 0xAD, 0x47, 0xAD, 0xE7, 0xEB, 0x54, 0xEE,
    0x5D, 0x69, 0xE6, 0x0F, 0x08, 0xD6, 0xF5, 0x56, 0x34, 0xC8, 0x57, 0xA7, 0xCA, 0x43, 0x4A, 0x8D,
    0xAC, 0x5D, 0x6B, 0xAC, 0xD7, 0xDA, 0x77, 0xD5, 0x5C, 0xFF, 0x8F, 0xB7, 0xE8, 0x5F, 0x4F, 0xE4,
    0x39, 0xFB, 0xFD, 0xEC, 0xFD, 0x60, 0x02, 0x7B, 0xD0, 0x82, 0x06, 0xD8, 0xC8, 0xFB, 0x8D, 0x5E,
    0x1F, 0x2C, 0x34, 0xA0, 0x05, 0x8E, 0xA0, 0x1C, 0xA4, 0x59, 0xE9, 0xEC, 0x1C, 0xCB, 0x74, 0x6B,
    0x7F, 0xC5, 0xDF, 0x3E, 0x03, 0x0B, 0x51, 0x8A, 0x91, 0xB6, 0x97, 0x1F, 0x1D, 0x2C, 0x17, 0x64,
    0x94, 0x49, 0x51, 0x3A, 0xE0, 0x15, 0x7A, 0x8F, 0x01, 0xA8, 0xE2, 0x6E, 0xD4, 0x25, 0x3B, 0x4E,
    0xE2, 0xC4, 0x62, 0xA4, 0x55, 0x3F, 0x31, 0xB4, 0x0B, 0x87, 0x87, 0xD0, 0x55, 0xD8, 0xCD, 0xA0,
    0x29, 0x60, 0xD3, 0xE5, 0x3E, 0xC3, 0xC6, 0x31, 0x44, 0x39, 0xCB, 0xD1, 0xCE, 0xE2, 0x95, 0xB4,
    0xB1, 0x78, 0xF1, 0x4D, 0x72, 0x53, 0xBF, 0xF8, 0x06, 0xFF, 0x96, 0x72, 0x0A, 0xA3, 0x95, 0x17,
    0xDF, 0x07, 0xA0, 0xFC, 0x51, 0x46, 0x27, 0x61, 0x7D, 0x5C, 0xED, 0x61, 0x64, 0x07, 0x93, 0x36,
    0xA8, 0x22, 0xB1, 0x44, 0xE9, 0x3D, 0x8C, 0xB8, 0x7A, 0x14, 0xA1, 0x55, 0x2C, 0xF9, 0x22, 0x96,
    0xB6, 0x80, 0x4D, 0xC0, 0x02, 0x2D, 0xB8, 0x33, 0x05, 0x9B, 0x43, 0x29, 0xB8, 0xAC, 0xAD, 0x0E,
    0xB7, 0x89, 0xBB, 0x0C, 0x87, 0xCB, 0x70, 0xC2, 0x2A, 0x9C, 0x04, 0x0F, 0xFB, 0x37, 0x85, 0x63,
    0x2D, 0x34, 0x5A, 0xE0, 0xB6, 0xE1, 0xAF, 0x1E, 0x03, 0xD0, 0xBD, 0x5C, 0x51, 0x36, 0xB0, 0x58,
    0xEE, 0x96, 0x67, 0xAD, 0xFA, 0x4A, 0x98, 0x57, 0x44, 0x85, 0x41, 0x15, 0x92, 0xBC, 0x35, 0x24,
    0x9C, 0xA3, 0x7B, 0x88, 0x66, 0xC1, 0xF3, 0x65, 0x27, 0xB9, 0x06, 0x0F, 0xEA, 0x4E, 0x52, 0xF3,
    0x69, 0x16, 0x2E, 0x3A, 0xE9, 0x75, 0xC2, 0x08, 0x76, 0x61, 0x07, 0x1C, 0x74, 0x97, 0x51, 0x55,
    0xA3, 0x62, 0x59, 0xAE, 0x15, 0xFD, 0x36, 0x8E, 0xD0, 0x4E, 0x5F, 0xE3, 0xB9, 0xC2, 0x3A, 0xAE,
    0x25, 0xBA, 0x91, 0x55, 0x4C, 0x8C, 0x3C, 0xEC, 0x4B, 0xF3, 0x5C, 0x30, 0xDF, 0x60, 0x39, 0xC9,
    0xDE, 0x0A, 0x5F, 0xC3, 0xAE, 0xC0, 0x17, 0xB3, 0xA7, 0xCA, 0xF5, 0xC3, 0xE3, 0xB1, 0x97, 0xC7,
    0x7A, 0x82, 0x29, 0xE8, 0x4D, 0x36, 0x7B, 0x82, 0x7A, 0x9F, 0xA8, 0x46, 0x59, 0xBD, 0x2D, 0xAB,
    0xE8, 0xC2, 0x82, 0xD2, 0x4C, 0xA6, 0xB3, 0x51, 0xAA, 0xFE, 0x0D, 0xBA, 0xFA, 0xB0, 0x15, 0xBB,
    0xC4, 0xEC, 0x89, 0xF5, 0xDE, 0x6A, 0xFC, 0xB9, 0x9A, 0x17, 0x15, 0xA2, 0xCF, 0x67, 0x23, 0xEB,
    0xA7, 0xB6, 0xE3, 0x75, 0xB7, 0xF7, 0xD8, 0xC1, 0x2A, 0x86, 0x3D, 0xBC, 0x67, 0xED, 0xE2, 0x6E,
    0x4A, 0x67, 0xA5, 0x5B, 0x3A, 0x29, 0x3F, 0x84, 0xB6, 0x4F, 0xB7, 0x7A, 0xC9, 0x26, 0x2C, 0x30,
    0x7C, 0x8A, 0x2F, 0x58, 0x7E, 0x6D, 0x25, 0xB4, 0x57, 0x28, 0xED, 0x9A, 0xB2, 0xC7, 0xD6, 0xE5,
    0xA6, 0xCB, 0xE0, 0xE6, 0x4D, 0x97, 0x7D, 0xE0, 0xFC, 0x6A, 0xD3, 0x25, 0xC3, 0xA2, 0x34, 0x16,
    0x9B, 0x2E, 0xE9, 0xB7, 0x37, 0x5D, 0x3A, 0x09, 0xFC, 0x90, 0xAD, 0xAB, 0x8D, 0x97, 0xCB, 0x2D,
    0xA2, 0x4F, 0x60, 0x1F, 0x7C, 0xF5, 0xDB, 0xD1, 0xA3, 0xDC, 0x32, 0xBB, 0xBE, 0xF1, 0x32, 0x87,
    0xBF, 0xDC, 0xAA, 0xB3, 0xDB, 0x2E, 0x87, 0x2E, 0xAA, 0x8B, 0x95, 0x63, 0x47, 0xB0, 0xDE, 0x73,
    0x67, 0xF4, 0xB2, 0x3E, 0xE7, 0x1F, 0x73, 0x82, 0x7C, 0x50, 0xFB, 0xC4, 0xC9, 0x16, 0x0D, 0x2C,
    0x8E, 0x48, 0xF6, 0xD0, 0xAD, 0x30, 0xB7, 0x46, 0xCC, 0x0B, 0xC2, 0x0B, 0xAA, 0x19, 0x71, 0xFE,
    0xD8, 0xFC, 0x37, 0xD1, 0xDF, 0x27, 0xE5, 0xC5, 0x9D, 0x40, 0xBB, 0x0C, 0xFE, 0x17, 0xAD, 0xD8,
    0x01, 0x84, 0x65, 0xE7, 0xF9, 0xC7, 0xF1, 0xCF, 0x39, 0x27, 0x3B, 0x67, 0x77, 0x6E, 0xF6, 0x9E,
    0x3F, 0x16, 0x9B, 0xFF, 0xEE, 0xCC, 0x0D, 0x8A, 0x8D, 0xCC, 0xEC, 0x5D, 0x28, 0x23, 0x39, 0xBB,
    0x73, 0x52, 0x68, 0x4B, 0x11, 0x94, 0x02, 0xDA, 0x12, 0x40, 0xD9, 0x2D, 0x93, 0x76, 0xA4, 0x9B,
    0xDD, 0x93, 0x06, 0x00, 0x5D, 0x00, 0x28, 0x8B, 0x80, 0x49, 0x9B, 0xBD, 0x18, 0x84, 0x6E, 0x76,
    0x5F, 0x49, 0x0B, 0x28, 0x27, 0x0D, 0x8A, 0xC2, 0x49, 0x83, 0x92, 0x0D, 0x79, 0x1B, 0xB7, 0xCD,
    0xDA, 0x9D, 0xD9, 0xD3, 0x7B, 0x73, 0x75, 0xCD, 0xD6, 0x48, 0xEE, 0xCE, 0xCE, 0x9C, 0xE7, 0xC5,
    0x75, 0x9F, 0xF7, 0xFD, 0x7D, 0xDF, 0xDF, 0xF3, 0xBC, 0xEF, 0x3D, 0x46, 0x81, 0x01, 0xD6, 0x6B,
    0x5E, 0x0C, 0xFC, 0x3C, 0x10, 0x5B, 0xDA, 0x28, 0x0D, 0x1B, 0xB2, 0xB0, 0x26, 0xEF, 0x76, 0xF4,
    0xBA, 0x5D, 0x85, 0xBE, 0x25, 0x85, 0x15, 0x79, 0x55, 0xCA, 0xBE, 0xFA, 0x16, 0x40, 0x81, 0x3E,
    0xBD, 0x5D, 0xC3, 0x1B, 0x95, 0x3C, 0xC8, 0xA6, 0xD1, 0xEB, 0xC2, 0xD5, 0xB7, 0xC3, 0x38, 0x0B,
    0x71, 0x12, 0xBD, 0x70, 0xEB, 0x56, 0x18, 0xFE, 0x3D, 0x00, 0x22, 0x2D, 0x83, 0x40, 0x2F, 0x22,
    0x92, 0xD7, 0x2C, 0x02, 0x7A, 0x15, 0x45, 0x60, 0x39, 0x50, 0xB6, 0xAC, 0x45, 0xB6, 0x37, 0x88,
    0x25, 0xED, 0x8A, 0x34, 0xF4, 0x65, 0x5D, 0x27, 0xEF, 0xBA, 0xAA, 0x27, 0xAB, 0x0B, 0x69, 0x58,
    0x92, 0x34, 0xE5, 0x2C, 0x63, 0x94, 0x8D, 0xA5, 0x37, 0x29, 0x89, 0x92, 0xC0, 0xBC, 0x64, 0x47,
    0x70, 0x9C, 0xE1, 0x1A, 0xBF, 0xAA, 0x25, 0x4D, 0x0B, 0x2C, 0x63, 0x88, 0xF5, 0x8A, 0x5F, 0x06,
    0xBE, 0x08, 0x7C, 0xDC, 0x48, 0x9B, 0x28, 0x0B, 0x23, 0x79, 0xBD, 0xA9, 0xD7, 0xED, 0x28, 0xBA,
    0x5D, 0x4B, 0x96, 0xAD, 0x28, 0x94, 0x7A, 0xD5, 0x86, 0xAC, 0x9E, 0x66, 0x10, 0x25, 0x4D, 0xFA,
    0x45, 0x9D, 0x5F, 0x76, 0x74, 0x71, 0x5E, 0x9A, 0x13, 0x58, 0x42, 0x3E, 0x34, 0xA3, 0x09, 0x87,
    0x43, 0xB3, 0xC1, 0x0A, 0xC7, 0x6F, 0x4A, 0xFE, 0x26, 0x4D, 0x6B, 0xA4, 0x13, 0x13, 0xEF, 0x34,
    0x92, 0xC8, 0x34, 0xD2, 0x2E, 0x0E, 0x3E, 0x8D, 0xE7, 0xC5, 0x72, 0x12, 0x69, 0x1C, 0xDE, 0x18,
    0xF5, 0xEE, 0x8E, 0x38, 0x8B, 0x53, 0x58, 0xA0, 0xF7, 0x03, 0x2E, 0x34, 0x5C, 0xBF, 0xB4, 0xA7,
    0x5A, 0x35, 0x83, 0xC0, 0xF9, 0xC6, 0xAC, 0x5A, 0x23, 0xE2, 0x86, 0xA4, 0x2D, 0xA5, 0x61, 0x45,
    0xD6, 0x3D, 0x98, 0x56, 0x4B, 0x4F, 0x4F, 0x21, 0xAF, 0x97, 0x64, 0xA1, 0x94, 0x36, 0x6B, 0x92,
    0x56, 0x5A, 0xCB, 0x22, 0xE7, 0xB8, 0x96, 0xFC, 0xB3, 0xCE, 0x7F, 0xE6, 0xE8, 0xC2, 0x7C, 0x2E,
    0x7D, 0x1C, 0xBC, 0x7B, 0x4E, 0xF2, 0x79, 0x2B, 0x79, 0xA9, 0x66, 0x79, 0xE6, 0x94, 0x43, 0xAA,
    0x5B, 0xEF, 0x8E, 0xE5, 0x5D, 0x48, 0xA2, 0xFC, 0xA6, 0xE3, 0x73, 0x97, 0xCE, 0x31, 0x0C, 0x2B,
    0x7E, 0x11, 0x24, 0xCD, 0x08, 0x1C, 0xF6, 0x51, 0x33, 0x96, 0xBF, 0x63, 0x29, 0xAD, 0x91, 0x3F,
    0xA8, 0x86, 0x37, 0x1A, 0x49, 0x4B, 0x24, 0xF6, 0xBA, 0xB8, 0xBE, 0x15, 0xC7, 0x62, 0x9C, 0x44,
    0x16, 0xAF, 0xDC, 0x8A, 0x83, 0xF1, 0xE8, 0x91, 0x63, 0x97, 0x06, 0xF2, 0x8A, 0x3F, 0x9D, 0xE3,
    0xFA, 0x88, 0xF5, 0x59, 0xEF, 0xCF, 0x18, 0x2B, 0x86, 0x81, 0x17, 0x02, 0xAF, 0x36, 0xC4, 0x48,
    0x3B, 0x92, 0x36, 0x9B, 0xD3, 0x92, 0xC9, 0x27, 0x7C, 0xBD, 0xEE, 0x81, 0x42, 0x61, 0x49, 0xAF,
    0x5A, 0x91, 0xD5, 0x33, 0xC6, 0xA4, 0x71, 0x82, 0x35, 0xAE, 0x4F, 0xAD, 0xEA, 0xED, 0xF0, 0xF2,
    0x3E, 0x86, 0x9D, 0xEA, 0xC2, 0x95, 0x1F, 0x85, 0xF8, 0x5F, 0xC3, 0xDE, 0xBB, 0x38, 0x35, 0xCC,
    0x08, 0x25, 0xC9, 0x1F, 0x7F, 0xC2, 0x87, 0x0D, 0x57, 0x6B, 0x9E, 0x7A, 0xF2, 0x0A, 0x2E, 0x90,
    0xD5, 0x92, 0xF0, 0xF8, 0x40, 0xBD, 0x9A, 0x85, 0x40, 0x52, 0xF3, 0xD3, 0x13, 0xBC, 0xB0, 0xCD,
    0xA0, 0x01, 0xF2, 0x9A, 0x22, 0x50, 0x34, 0xAC, 0xB6, 0x94, 0x23, 0x36, 0x37, 0x18, 0xAD, 0x11,
    0x57, 0x24, 0xCD, 0x92, 0xB4, 0xEB, 0x66, 0x17, 0x54, 0x95, 0xD7, 0x85, 0x2C, 0xF4, 0xA5, 0x61,
    0x55, 0xD2, 0x96, 0xC4, 0xA4, 0x96, 0xCE, 0xBA, 0xBD, 0xF1, 0x74, 0x6F, 0x8A, 0x93, 0xBC, 0x35,
    0x2F, 0xD7, 0xDE, 0x76, 0x4F, 0xEA, 0x97, 0xF9, 0x74, 0x6A, 0x56, 0x75, 0x28, 0xED, 0x9E, 0x7E,
    0x47, 0x71, 0xDF, 0xE9, 0xD7, 0xE1, 0xE9, 0x45, 0x53, 0xAE, 0xEB, 0x73, 0x73, 0x35, 0x97, 0xB8,
    0xDD, 0xF0, 0xFF, 0xD5, 0xA3, 0xDD, 0x3E, 0xDC, 0xA7, 0xDB, 0x9B, 0x59, 0xB7, 0x67, 0x7B, 0xBA,
    0x7D, 0x59, 0x61, 0xD5, 0xAC, 0xDB, 0x37, 0xF7, 0xE9, 0xF6, 0x7E, 0xAE, 0xF7, 0xE0, 0x71, 0x7C,
    0x02, 0x22, 0x23, 0x5D, 0x57, 0xDF, 0xDB, 0xAA, 0x22, 0x7B, 0xA3, 0xEB, 0xDC, 0xDB, 0x12, 0x3D,
    0x12, 0x93, 0xB4, 0x49, 0x32, 0x90, 0x05, 0x69, 0xB0, 0xB0, 0x6B, 0x70, 0xA3, 0x5E, 0x4B, 0x9B,
    0x91, 0xF6, 0xDE, 0x56, 0xEC, 0xBA, 0x38, 0xCB, 0xDC, 0xA6, 0x64, 0x70, 0xA7, 0x49, 0x67, 0xF9,
    0x23, 0x22, 0xE4, 0x51, 0xBA, 0x43, 0x69, 0x76, 0xAB, 0xF1, 0xF8, 0xEA, 0x6F, 0x49, 0x1E, 0x50,
    0xB0, 0xCC, 0x36, 0xD7, 0x31, 0x17, 0xC6, 0xF0, 0x4D, 0x2F, 0x76, 0x5E, 0x3E, 0x73, 0x10, 0xD1,
    0xE2, 0xC3, 0x70, 0xA1, 0xAB, 0x9E, 0x7D, 0xC6, 0x43, 0xAD, 0x32, 0x6B, 0xB6, 0xB5, 0xD1, 0x54,
    0xEB, 0xDE, 0xD6, 0xB5, 0xFF, 0xD1, 0xE2, 0x9A, 0x34, 0x64, 0x9F, 0x54, 0xC5, 0xB6, 0x33, 0xA7,
    0x0F, 0xA2, 0xC8, 0x26, 0x31, 0xB9, 0x1B, 0xF2, 0xDF, 0x3A, 0x9E, 0xCD, 0xAB, 0xFB, 0x2D, 0x56,
    0x58, 0xBC, 0xC0, 0xFD, 0x2A, 0x7D, 0x23, 0xA0, 0xE8, 0xEE, 0x16, 0x5B, 0x6F, 0x15, 0x3C, 0x12,
    0x5D, 0x2C, 0xB6, 0xAE, 0x17, 0xEC, 0x8D, 0x49, 0xDA, 0x24, 0x79, 0x93, 0x15, 0x8E, 0x5D, 0xE1,
    0x1F, 0x55, 0x5A, 0x5D, 0x43, 0x72, 0xBB, 0xCA, 0xEF, 0xB4, 0x7D, 0xDB, 0x2B, 0xD6, 0x2E, 0x6C,
    0xDD, 0x5C, 0xEF, 0x76, 0x4A, 0x4A, 0x56, 0x29, 0xC8, 0xEF, 0x8D, 0xDD, 0x6E, 0xF5, 0x6A, 0x0B,
    0x41, 0x52, 0x67, 0x1F, 0xD9, 0xB3, 0xE5, 0x6A, 0xBA, 0xBB, 0xB9, 0xB6, 0x3C, 0x4D, 0x96, 0xEC,
    0xF9, 0x99, 0x1B, 0xD7, 0xF9, 0xEF, 0x1D, 0x5F, 0x98, 0xA3, 0xB8, 0x6F, 0x4F, 0x37, 0x3E, 0xF8,
    0xBE, 0x17, 0x77, 0x3C, 0xFB, 0x8A, 0xB4, 0x51, 0x8C, 0x0E, 0xE8, 0x79, 0xFE, 0xEB, 0xAA, 0x7F,
    0xDF, 0xC9, 0xB3, 0x90, 0xDE, 0xD5, 0xEF, 0x61, 0xDE, 0xEE, 0x4A, 0x6A, 0x79, 0xAB, 0xBF, 0x69,
    0x6D, 0x19, 0x4F, 0x74, 0xA6, 0x92, 0x28, 0x7F, 0xCF, 0x52, 0x5E, 0xF1, 0xD8, 0xE7, 0x6B, 0x58,
    0x9D, 0x0A, 0x42, 0x5E, 0x2D, 0xA2, 0x0B, 0x17, 0xAB, 0xC2, 0xFE, 0xCF, 0x8F, 0xAB, 0x2E, 0x5C,
    0x75, 0x31, 0x64, 0xE1, 0xAC, 0x33, 0x28, 0xF7, 0x7F, 0xBE, 0x71, 0x0D, 0x28, 0xF4, 0xB5, 0x91,
    0xB8, 0xE7, 0x8F, 0xD8, 0x9A, 0xF6, 0xC5, 0xBD, 0x5D, 0x03, 0xC5, 0xEC, 0x57, 0x5A, 0xDA, 0x44,
    0xC9, 0x2C, 0xF5, 0x91, 0x91, 0xB4, 0xD3, 0xEF, 0xA6, 0x39, 0xD3, 0xDC, 0xE9, 0x9C, 0xE9, 0x5C,
    0xD0, 0x47, 0x01, 0xE4, 0xD3, 0x7B, 0xAD, 0xBE, 0x9C, 0x85, 0xED, 0xE9, 0x1A, 0xF1, 0x61, 0x4C,
    0x3E, 0x96, 0x59, 0x98, 0xD8, 0x34, 0x49, 0xD8, 0xEB, 0x85, 0x41, 0xE0, 0x54, 0x44, 0x24, 0x6F,
    0x58, 0x04, 0x9E, 0x98, 0x6B, 0xBF, 0x1B, 0x68, 0x3E, 0xB8, 0x14, 0x7D, 0x06, 0x3F, 0xE4, 0xD5,
    0x40, 0x73, 0xE9, 0x70, 0x80, 0x44, 0x9A, 0xE4, 0xDF, 0x75, 0xF6, 0x3B, 0xC7, 0x16, 0xE6, 0xA5,
    0x39, 0x89, 0x02, 0xC9, 0xA0, 0xE2, 0xDB, 0x87, 0x47, 0xB3, 0xC6, 0x69, 0x16, 0x5F, 0xE7, 0x8E,
    0xF4, 0xA5, 0x1A, 0xC9, 0xF4, 0xFD, 0xB9, 0x1D, 0x88, 0xAB, 0x36, 0x4B, 0xE5, 0xC3, 0x98, 0x7C,
    0x2C, 0xC4, 0xC9, 0xE5, 0x32, 0x49, 0xE0, 0x24, 0xD6, 0x91, 0xE1, 0x18, 0x83, 0xEF, 0xF1, 0x5A,
    0x73, 0x68, 0x54, 0x8F, 0xBC, 0x43, 0xFF, 0xEB, 0xF1, 0x9C, 0x72, 0x6B, 0x24, 0xB9, 0xD3, 0x72,
    0x04, 0xC3, 0x8A, 0xD7, 0x0E, 0xCF, 0xAD, 0xFC, 0x4D, 0xFD, 0xFB, 0x9E, 0x5E, 0x85, 0x64, 0x6C,
    0x71, 0x11, 0x73, 0x73, 0x15, 0x58, 0x0F, 0xB3, 0xD5, 0xAB, 0x13, 0xE0, 0xB0, 0x0F, 0x9D, 0xB1,
    0xEC, 0x33, 0xFD, 0xFC, 0x40, 0x07, 0x30, 0x8D, 0x64, 0x81, 0x02, 0x4F, 0x61, 0xC6, 0xB7, 0xDC,
    0xBB, 0xF7, 0xA0, 0x1C, 0x28, 0xC6, 0x07, 0xE2, 0x3B, 0xCB, 0x26, 0xCD, 0x11, 0x8A, 0x7C, 0x77,
    0x69, 0x78, 0xE3, 0xE6, 0xE5, 0xAC, 0xDD, 0x8F, 0xA7, 0x19, 0xCE, 0x78, 0xDE, 0xC5, 0x79, 0x14,
    0x48, 0x0E, 0x87, 0x21, 0x0F, 0x92, 0x86, 0x4B, 0x73, 0x33, 0x3C, 0x87, 0xF5, 0x9A, 0x2C, 0xCC,
    0x46, 0x51, 0x71, 0x1A, 0x47, 0xE7, 0x66, 0x99, 0xFF, 0x32, 0x5A, 0x9C, 0x17, 0x6A, 0xF7, 0xB4,
    0xF4, 0xF3, 0xB1, 0x34, 0xB9, 0x76, 0x28, 0xA6, 0xF4, 0xFE, 0x52, 0x2F, 0x77, 0x4E, 0x3C, 0x33,
    0xB7, 0xFE, 0xFC, 0x7A, 0xF3, 0x35, 0xAA, 0x82, 0xFE, 0x57, 0xCA, 0xEF, 0x7E, 0xBD, 0xF2, 0xDE,
    0x16, 0x8D, 0x8A, 0x6F, 0x8C, 0x6D, 0xCB, 0xA5, 0xCB, 0x83, 0x3B, 0xE3, 0xB4, 0xAB, 0x61, 0x8D,
    0x12, 0xA2, 0xB8, 0x7F, 0x24, 0x71, 0x9C, 0xC5, 0xAB, 0xEF, 0xC4, 0xC1, 0xDD, 0x11, 0x90, 0x05,
    0x59, 0xCD, 0x2E, 0x37, 0x28, 0x38, 0xCF, 0xA5, 0x83, 0xA8, 0x3F, 0xFC, 0xB7, 0x8D, 0x96, 0x30,
    0x37, 0x43, 0x2F, 0x50, 0xA0, 0xC4, 0xFF, 0x61, 0xA6, 0x5C, 0x4E, 0xC6, 0xE6, 0x54, 0x63, 0x32,
    0xAA, 0xC9, 0xF0, 0x75, 0x63, 0x42, 0xE1, 0xBC, 0xCB, 0x26, 0x1C, 0x26, 0x20, 0x0C, 0xB1, 0x89,
    0x6B, 0x49, 0x45, 0x16, 0xA2, 0x2F, 0xEB, 0xA8, 0x13, 0xDD, 0x15, 0xF7, 0x7B, 0x92, 0x68, 0x02,
    0x64, 0x42, 0x64, 0x8A, 0x94, 0xB6, 0x18, 0xA3, 0xC4, 0x53, 0x87, 0xC3, 0xD4, 0x0B, 0x24, 0x2D,
    0x5E, 0x39, 0x18, 0x93, 0x1D, 0xDC, 0x40, 0x81, 0x65, 0x6C, 0xE0, 0xDC, 0x93, 0x73, 0x65, 0x63,
    0xD2, 0x9B, 0x28, 0xD1, 0x22, 0xA4, 0xF5, 0x41, 0xF8, 0xB2, 0xF1, 0x25, 0xC5, 0xED, 0xC6, 0xD1,
    0x85, 0xEA, 0x50, 0xFC, 0x2A, 0x3E, 0x0C, 0xCE, 0x76, 0xB5, 0x67, 0x9F, 0x39, 0x18, 0xCF, 0x93,
    0xEA, 0x83, 0x35, 0x94, 0x00, 0xE9, 0xC1, 0xEA, 0x06, 0xC8, 0x02, 0x59, 0x4D, 0x72, 0x8D, 0xC8,
    0x26, 0xA7, 0x31, 0x95, 0x7D, 0xF8, 0xAE, 0xD1, 0x7B, 0xA9, 0xCD, 0x3E, 0x08, 0xE9, 0x5F, 0x6B,
    0x1D, 0xB7, 0x28, 0xF7, 0x89, 0x64, 0x36, 0xF7, 0x18, 0x4C, 0x27, 0x2A, 0x97, 0x6D, 0x4C, 0xE7,
    0x56, 0x31, 0x7B, 0xA3, 0x49, 0x3F, 0x08, 0xC9, 0x47, 0xB5, 0x2F, 0x2B, 0xB7, 0xB9, 0xC0, 0x79,
    0x4A, 0x36, 0x89, 0x9E, 0x6F, 0xAC, 0x57, 0x8F, 0x2D, 0x07, 0x28, 0x59, 0xB3, 0x6D, 0xB4, 0x26,
    0x96, 0x49, 0xBB, 0x94, 0x86, 0x7E, 0x16, 0x8A, 0xAC, 0xCE, 0xBF, 0x2B, 0xFB, 0x8D, 0xF4, 0xCF,
    0x92, 0xCF, 0xD8, 0x61, 0x9B, 0x11, 0x51, 0xF2, 0x51, 0xB8, 0xF8, 0x41, 0x7D, 0x05, 0x57, 0x71,
    0x31, 0x90, 0x05, 0x06, 0x38, 0x03, 0x6C, 0x2B, 0x94, 0x96, 0x4D, 0xF0, 0x15, 0x36, 0xF5, 0xEA,
    0x28, 0x7B, 0xBF, 0x91, 0x7E, 0x12, 0xB8, 0x5F, 0x71, 0x0B, 0xE5, 0xD7, 0x8C, 0xE7, 0xB8, 0x5A,
    0xCB, 0x82, 0xBC, 0xB6, 0xCA, 0x49, 0x28, 0x15, 0xAB, 0x56, 0xFB, 0xCA, 0xC2, 0x66, 0x5E, 0x8D,
    0xB3, 0x10, 0xD3, 0xF7, 0xDB, 0x64, 0xB2, 0xE2, 0x97, 0xB5, 0x3F, 0x54, 0xD6, 0xB9, 0x40, 0xC9,
    0x65, 0xC6, 0x9E, 0x6F, 0xAD, 0x4F, 0x9B, 0xFF, 0x7A, 0xEF, 0x76, 0x33, 0x6B, 0xD9, 0xC7, 0xB5,
    0x26, 0x1D, 0x5F, 0xCA, 0x6F, 0x37, 0x47, 0x16, 0xAA, 0x83, 0x55, 0xE2, 0x3F, 0x95, 0x96, 0x01,
    0x84, 0x24, 0xCD, 0x15, 0xC7, 0x7F, 0xDD, 0x95, 0xEC, 0xAC, 0xED, 0xE9, 0xEE, 0x25, 0x80, 0x9B,
    0xDD, 0x3D, 0x7C, 0x98, 0x8F, 0x9E, 0xDD, 0x41, 0x93, 0x4E, 0xF4, 0xED, 0x74, 0x84, 0xC0, 0x87,
    0xC4, 0x07, 0x00, 0x17, 0x1C, 0x12, 0x48, 0x06, 0x8B, 0x71, 0xEE, 0x6E, 0x8B, 0x73, 0x60, 0x39,
    0x01, 0x00, 0x31, 0x22, 0x38, 0x7B, 0xD8, 0x09, 0x8D, 0xC3, 0x9D, 0x2D, 0x26, 0x5C, 0x38, 0xA4,
    0x43, 0xE2, 0x10, 0x68, 0x12, 0x90, 0x8B, 0xA4, 0xCE, 0x2E, 0xB9, 0x5C, 0x66, 0xB7, 0x52, 0x5D,
    0x66, 0xDC, 0xDE, 0xE6, 0x76, 0xF6, 0xF2, 0x7F, 0xAF, 0xDF, 0xAB, 0xFE, 0xD7, 0xBF, 0x5E, 0x95,
    0x52, 0xD5, 0x33, 0xAB, 0x08, 0x8C, 0x9C, 0xF2, 0x3B, 0xD4, 0x95, 0x56, 0xB0, 0x4A, 0x9F, 0x63,
    0xD5, 0x57, 0xAB, 0x6A, 0x99, 0xEC, 0x50, 0x1A, 0xE5, 0x9E, 0xC3, 0xB1, 0x31, 0xFA, 0xD0, 0x36,
    0x6D, 0xDB, 0xE2, 0x89, 0xB1, 0x98, 0x7D, 0x68, 0xE9, 0xCF, 0xC5, 0xBC, 0x06, 0xE0, 0x1A, 0x2A,
    0x4C, 0xF2, 0x51, 0x79, 0x2B, 0xCF, 0xF6, 0x26, 0x9B, 0xBD, 0x3C, 0xEB, 0x97, 0xA3, 0x3C, 0x09,
    0xC3, 0x4E, 0x92, 0xE7, 0xD9, 0xA8, 0x2C, 0x4F, 0x6F, 0xE5, 0xB9, 0xED, 0x1A, 0x4E, 0x26, 0xF5,
    0xE6, 0x76, 0xAF, 0x21, 0xD3, 0xFE, 0xB0, 0x3C, 0x1D, 0x95, 0x79, 0x96, 0xE4, 0x61, 0x47, 0x28,
    0x67, 0xB6, 0xCC, 0x9B, 0x37, 0x42, 0x5D, 0x61, 0xF2, 0xEB, 0x47, 0xC6, 0x7C, 0xFD, 0x48, 0xC8,
    0xFF, 0x7D, 0x1B, 0x60, 0x94, 0x35, 0x9B, 0xA1, 0xE6, 0x0C, 0x23, 0x4D, 0xF1, 0x0E, 0x09, 0x94,
    0xB3, 0xB2, 0xDC, 0x9C, 0x0D, 0xCA, 0xCD, 0x72, 0xB3, 0x25, 0x67, 0x83, 0x40, 0xD9, 0xAC, 0x2C,
    0x69, 0x94, 0x62, 0x99, 0x15, 0x18, 0xC5, 0x35, 0x12, 0xA3, 0x16, 0xD6, 0xE6, 0x2A, 0xFB, 0x06,
    0x8B, 0x99, 0xAE, 0x53, 0xE1, 0x6C, 0xB9, 0x6A, 0xA7, 0x10, 0x12, 0xF6, 0xAB, 0x00, 0x98, 0xD4,
    0x21, 0xA0, 0x75, 0xE2, 0x62, 0xEA, 0xE2, 0xD8, 0xC5, 0x57, 0xA7, 0x5B, 0xD5, 0xE4, 0x2F, 0xBF,
    0xBC, 0x77, 0x4B, 0xEF, 0xBF, 0x4E, 0x36, 0xCB, 0xD1, 0xCE, 0xE3, 0x3C, 0xD6, 0x39, 0x1D, 0x17,
    0x53, 0x17, 0x87, 0x2E, 0x56, 0x3D, 0xDB, 0xEB, 0xC9, 0xF8, 0xF9, 0xAE, 0x16, 0xB4, 0xEC, 0xA8,
    0xAD, 0x4A, 0x14, 0x00, 0x0F, 0x74, 0x00, 0x40, 0x39, 0x0A, 0x5D, 0xD6, 0x79, 0x32, 0xCF, 0xE9,
    0x3C, 0x4F, 0xE6, 0xB9, 0xC2, 0xE9, 0xEE, 0xDA, 0x39, 0xEB, 0x1D, 0xB9, 0x7B, 0x72, 0xFB, 0xFE,
    0xFD, 0xD3, 0xBB, 0xD5, 0xD6, 0x9F, 0x93, 0x68, 0x92, 0x6B, 0x4D, 0x64, 0xE7, 0x69, 0x72, 0x32,
    0xCF, 0xD9, 0x3C, 0x4F, 0x9A, 0x99, 0x6D, 0xAE, 0xED, 0xDC, 0xA7, 0xFB, 0x95, 0xAF, 0x9A, 0xD9,
    0x77, 0xA4, 0xAF, 0x44, 0x11, 0xD0, 0xA6, 0xCB, 0x3A, 0xFE, 0x54, 0x89, 0x03, 0x82, 0x88, 0xB0,
    0x43, 0x92, 0x91, 0x0E, 0x2D, 0xF3, 0xB2, 0x10, 0x07, 0xB1, 0xE5, 0x36, 0x2C, 0x99, 0x58, 0xB6,
    0x6F, 0xE9, 0x31, 0x19, 0x09, 0x11, 0x2D, 0x84, 0xA4, 0x18, 0x69, 0x92, 0x3D, 0xC2, 0x84, 0x20,
    0x44, 0x7C, 0x85, 0x37, 0x65, 0xF4, 0xB6, 0x4A, 0xF6, 0x74, 0x98, 0x0C, 0x83, 0x30, 0x13, 0x5F,
    0x75, 0xBC, 0xE9, 0x9A, 0xA7, 0x44, 0xD5, 0x1A, 0x86, 0xFD, 0x4E, 0x37, 0x6D, 0x0F, 0xD7, 0x40,
    0xC8, 0x98, 0x84, 0x12, 0x4D, 0xCE, 0x26, 0x41, 0xE1, 0x03, 0x13, 0xF2, 0xA6, 0xA6, 0x14, 0x2A,
    0xA6, 0xC7, 0x1E, 0x37, 0x59, 0xF7, 0xD5, 0xFA, 0x9E, 0x50, 0xD9, 0xB6, 0x2F, 0x6B, 0xCB, 0x4B,
    0x4F, 0xC7, 0x90, 0xE7, 0x8C, 0x63, 0xDD, 0xD5, 0x42, 0xE5, 0x75, 0x50, 0x27, 0xF4, 0x32, 0x28,
    0x37, 0xF0, 0xAB, 0xA0, 0xA9, 0xA3, 0x7A, 0xBE, 0xD4, 0xCD, 0x18, 0x3B, 0x16, 0x9D, 0x7F, 0xCA,
    0x00, 0xCA, 0x9E, 0x3D, 0xA0, 0xBD, 0x1B, 0xEF, 0x18, 0xFC, 0x93, 0x6F, 0xBD, 0x94, 0x62, 0xAA,
    0x1A, 0xB7, 0x8D, 0xDF, 0x23, 0x66, 0x88, 0x1A, 0xA1, 0x1A, 0xC7, 0xC1, 0x97, 0xEE, 0x55, 0xE2,
    0x2E, 0xEC, 0x0C, 0xE0, 0xC7, 0x08, 0x52, 0xD6, 0xD8, 0x20, 0xA1, 0xF5, 0x37, 0x0D, 0xC7, 0x12,
    0xBE, 0x04, 0xDF, 0xD4, 0xC4, 0xC5, 0x88, 0x2E, 0x21, 0x43, 0x04, 0xE0, 0x41, 0x48, 0x87, 0x94,
    0x21, 0x63, 0x54, 0xB3, 0xDB, 0x2D, 0x19, 0xA9, 0xF6, 0xB8, 0xDB, 0x4F, 0xD3, 0x61, 0x07, 0x5A,
    0x12, 0x6C, 0x2C, 0x00, 0x44, 0x13, 0xC5, 0xC3, 0x1F, 0xD8, 0x24, 0x8C, 0xB1, 0x91, 0xDB, 0x7F,
    0x04, 0x88, 0x2A, 0x80, 0x5C, 0x03, 0x3C, 0xBB, 0x07, 0x70, 0xF3, 0x0B, 0x40, 0x43, 0x0E, 0x93,
    0x45, 0x4C, 0xB8, 0xF3, 0x9B, 0xF1, 0x97, 0xDD, 0x9F, 0x1C, 0x1B, 0xBD, 0x63, 0x66, 0xDF, 0xFC,
    0x37, 0xDE, 0x83, 0xC2, 0xFF, 0x3B, 0x18, 0x5A, 0x8F, 0xF1, 0x5E, 0xCB, 0x38, 0x2E, 0xC4, 0xB4,
    0x5A, 0x59, 0xC1, 0xFB, 0x9E, 0xFB, 0x34, 0x41, 0x0A, 0x13, 0xBC, 0x0A, 0x21, 0x69, 0x41, 0x04,
    0xC9, 0x12, 0x0E, 0x23, 0xDF, 0x17, 0x9A, 0x8B, 0x76, 0x99, 0x79, 0x5F, 0x18, 0x5B, 0xF7, 0xE9,
    0xA5, 0xAF, 0xC8, 0x65, 0xE6, 0xA9, 0x65, 0x6E, 0x9C, 0xAD, 0x9C, 0xB3, 0x7B, 0xF4, 0xC3, 0x23,
    0xB5, 0xDE, 0xFA, 0xAD, 0xE7, 0xB6, 0x5B, 0xBB, 0x40, 0x4B, 0xFA, 0x35, 0x5B, 0x04, 0x8A, 0xE7,
    0xEC, 0xE0, 0x69, 0xEE, 0x21, 0xAA, 0x45, 0xA7, 0x57, 0xF0, 0x23, 0x1C, 0xFC, 0x8A, 0x12, 0xA1,
    0x99, 0xB9, 0x16, 0x37, 0xCE, 0x84, 0xDA, 0x3D, 0xFA, 0xBE, 0xAD, 0x36, 0x55, 0x88, 0xF9, 0x13,
    0x3C, 0x54, 0xEC, 0x08, 0x5B, 0x48, 0x28, 0x4F, 0x7F, 0x98, 0x1F, 0x16, 0x25, 0x5A, 0x52, 0xE8,
    0x58, 0x35, 0x59, 0xFF, 0xFC, 0x54, 0x9F, 0xBF, 0xD0, 0x6C, 0x69, 0x62, 0xE7, 0xDB, 0x9A, 0xE7,
    0xDA, 0xD7, 0xBA, 0xA5, 0x74, 0x8C, 0x75, 0x07, 0xCA, 0xA0, 0x98, 0xC5, 0xCA, 0x46, 0xF7, 0x3D,
    0xD7, 0x6E, 0x9F, 0x14, 0x01, 0x44, 0x90, 0xC3, 0x08, 0x34, 0xFE, 0x82, 0x1B, 0x18, 0xF9, 0x5D,
    0xA3, 0xFB, 0x66, 0xE6, 0xFC, 0x6C, 0xEE, 0xF3, 0xD7, 0x77, 0x7D, 0x53, 0xF7, 0xFF, 0x44, 0x5F,
    0x7D, 0xDA, 0x81, 0xC0, 0xE8, 0xC1, 0xF9, 0xE4, 0xD8, 0xC9, 0x2F, 0xBA, 0x65, 0x2C, 0x6F, 0x7B,
    0xCD, 0x39, 0xFF, 0x31, 0xEA, 0xC4, 0xD4, 0x27, 0x46, 0x7F, 0xEC, 0xB5, 0xE5, 0x6D, 0x2F, 0x23,
    0xC8, 0x20, 0xE5, 0x3B, 0xE9, 0x9D, 0x81, 0x39, 0xF5, 0x5E, 0xC0, 0x3F, 0x10, 0xAF, 0x0A, 0xBB,
    0x2F, 0xBE, 0x5F, 0x3C, 0x9B, 0x95, 0x00, 0xEE, 0x48, 0xE5, 0x1B, 0x11, 0xC7, 0xD2, 0x9D, 0xE4,
    0x90, 0x84, 0x94, 0x35, 0x77, 0xC2, 0xFF, 0x5F, 0x5C, 0x71, 0x33, 0x2E, 0x2E, 0xA4, 0xB4, 0x0B,
    0xE1, 0xC2, 0x42, 0x3C, 0x0F, 0xB8, 0x66, 0xA5, 0x59, 0x2B, 0x0F, 0xBB, 0x6D, 0xBA, 0xF3, 0x4B,
    0x54, 0x79, 0xCA, 0x97, 0x82, 0x16, 0x11, 0xED, 0x95, 0x4E, 0x9C, 0x06, 0xDE, 0xAF, 0xE1, 0x66,
    0x6C, 0xFE, 0xCA, 0x30, 0x5B, 0x31, 0x6F, 0xAA, 0x21, 0x2B, 0xA6, 0xE0, 0xA7, 0x20, 0x2E, 0x5D,
    0x46, 0x07, 0xCD, 0x17, 0xFA, 0x17, 0x9D, 0x13, 0x15, 0x18, 0x9E, 0x9E, 0x37, 0xD7, 0x59, 0x9C,
    0x13, 0xFD, 0x4B, 0x26, 0x6F, 0xAB, 0x75, 0x5D, 0xA0, 0x21, 0x22, 0x66, 0x0D, 0x87, 0x31, 0x9A,
    0x9A, 0x05, 0x2C, 0x1B, 0x13, 0xF9, 0xD3, 0x83, 0x48, 0x1C, 0x44, 0x49, 0x10, 0x25, 0x59, 0x98,
    0x64, 0xC3, 0x24, 0x1D, 0x56, 0xE9, 0xF0, 0x0F, 0x8A, 0x08, 0x88, 0x9D, 0xEA, 0x23, 0x8C, 0xA1,
    0xAB, 0x21, 0xAF, 0x21, 0xE3, 0x32, 0xD6, 0xE6, 0x63, 0x22, 0xA8, 0xAD, 0x6B, 0xD0, 0x63, 0x18,
    0x5F, 0xA5, 0xB9, 0x8C, 0x46, 0xAB, 0x41, 0x37, 0x63, 0x6B, 0x3D, 0xBE, 0xD0, 0x61, 0xA9, 0x04,
    0x72, 0xE8, 0x5E, 0x54, 0x77, 0x35, 0xB9, 0xEB, 0xB8, 0x80, 0xAE, 0x93, 0x25, 0x10, 0xC3, 0x5A,
    0xEC, 0xCB, 0x38, 0x16, 0x2A, 0x8A, 0x85, 0x24, 0x86, 0xC5, 0xE3, 0xFE, 0xAE, 0x1C, 0x1D, 0x3E,
    0x21, 0xE6, 0x4A, 0x5D, 0xE9, 0x8E, 0x93, 0x4B, 0x2E, 0x5A, 0xC7, 0x1D, 0x31, 0x1B, 0x9A, 0xF7,
    0xC5, 0xAF, 0xEC, 0xB5, 0xBF, 0xDC, 0x0E, 0xCB, 0x55, 0xC7, 0x72, 0xC0, 0x36, 0xED, 0xA5, 0x06,
    0xAB, 0x6C, 0x30, 0x60, 0xBF, 0xF8, 0x59, 0xB1, 0x4C, 0xD5, 0xE6, 0xDB, 0xFC, 0x4A, 0x2E, 0xAF,
    0x36, 0xE3, 0x73, 0xD6, 0xFE, 0x5F, 0x75, 0x91, 0x21, 0x8C, 0xD4, 0x40, 0x14, 0x86, 0xFF, 0x61,
    0x21, 0x9B, 0x5C, 0xF7, 0x7A, 0x0A, 0x03, 0x03, 0xD8, 0x8A, 0x26, 0x1D, 0x31, 0x97, 0x0C, 0x82,
    0xB4, 0x5E, 0xD5, 0x9C, 0xC5, 0xE0, 0x93, 0x8A, 0x25, 0xE1, 0x12, 0x92, 0x8E, 0xF7, 0x41, 0xD7,
    0xE0, 0x9F, 0x28, 0x9A, 0x3A, 0xEC, 0xF8, 0x45, 0x3C, 0x00, 0xC5, 0x09, 0x46, 0xDC, 0x8A, 0x4B,
    0x16, 0x8E, 0x79, 0x69, 0x72, 0xD0, 0x0B, 0xF7, 0x7F, 0x6D, 0x9B, 0xB4, 0xAF, 0xFF, 0x64, 0xBE,
    0x02, 0xD5, 0xF4, 0x3A, 0xC6, 0x2D, 0xDB, 0x99, 0x2D, 0x55, 0x01, 0x30, 0x30, 0x73, 0x14, 0xAF,
    0xF8, 0x88, 0x35, 0x5B, 0x1E, 0xF8, 0xFA, 0x00, 0x4E, 0xA0, 0x8E, 0x16, 0x06, 0x7D, 0x78, 0x18,
    0x61, 0x61, 0x5B, 0xEA, 0x03, 0x52, 0x32, 0x7E, 0x01, 0xC2, 0xCF, 0xB0, 0x27, 0xA9, 0x19, 0xA5,
    0x26, 0xE5, 0x3A, 0x22, 0x22, 0xDC, 0x9B, 0x56, 0xCD, 0x1A, 0x39, 0x34, 0x0A, 0xCC, 0x0B, 0x76,
    0xF4, 0x3C, 0x54, 0x13, 0xA5, 0xD9, 0xB8, 0xED, 0x19, 0x90, 0xA7, 0x1F, 0xA2, 0x7C, 0x19, 0xC7,
    0x7A, 0x44, 0xA7, 0xB8, 0xF6, 0x40, 0x2E, 0xA4, 0x8E, 0xF9, 0x2A, 0x6D, 0x67, 0xAD, 0xDC, 0xB5,
    0xED, 0x58, 0xD2, 0x59, 0x4D, 0xB6, 0x3C, 0x96, 0x94, 0x96, 0x76, 0x7C, 0x35, 0xB2, 0x65, 0x37,
    0x23, 0x8D, 0xE7, 0xB7, 0x36, 0xA6, 0x90, 0xF9, 0xDA, 0xBF, 0xF2, 0xAB, 0x7F, 0x90, 0xB9, 0xF7,
    0x11, 0x04, 0x52, 0xD3, 0xBA, 0x79, 0x82, 0x2D, 0x64, 0x15, 0xA0, 0xE2, 0xD3, 0x11, 0x16, 0x74,
    0xC2, 0x0F, 0xDE, 0xA0, 0x6C, 0xDF, 0xF6, 0x51, 0xE1, 0xAF, 0x0D, 0x4A, 0x36, 0xCE, 0xBE, 0xCF,
    0x36, 0x4E, 0xDB, 0xFF, 0xDA, 0x68, 0x96, 0x36, 0x14, 0x20, 0xCD, 0x11, 0x41, 0x4D, 0x2B, 0x2F,
    0x36, 0x8E, 0x51, 0x42, 0x52, 0x85, 0xF3, 0x5B, 0x3E, 0xD4, 0xDD, 0x3E, 0x52, 0xC7, 0xCB, 0x76,
    0xE1, 0x23, 0x9D, 0xDA, 0x75, 0xC4, 0x29, 0xD4, 0x39, 0x11, 0xA2, 0x45, 0x88, 0x2E, 0xED, 0x90,
    0x5D, 0xDE, 0x2F, 0xB1, 0x79, 0x7C, 0xB0, 0x1B, 0x53, 0x3E, 0xFB, 0x9C, 0x71, 0x51, 0x18, 0x5D,
    0x1F, 0x0C, 0x0A, 0x64, 0x97, 0x19, 0x3B, 0x67, 0xB4, 0xD9, 0x18, 0x5D, 0xB8, 0x2C, 0x99, 0x2C,
    0x87, 0x3C, 0xED, 0x3F, 0x9F, 0x8A, 0x54, 0x52, 0x05, 0x38, 0xC8, 0xA4, 0x76, 0xE9, 0x1D, 0x43,
    0xB8, 0x58, 0xD8, 0x65, 0x08, 0x3C, 0x7C, 0xF5, 0x3F, 0xF0, 0x1B, 0xDF, 0x9A, 0x2F, 0x13, 0x13,
    0xDF, 0x64, 0xF7, 0x89, 0xF7, 0xBF, 0x46, 0x26, 0xCB, 0xE4, 0x6E, 0x8E, 0xE5, 0xEF, 0xD9, 0x85,
    0x7D, 0x64, 0x2B, 0x5C, 0xC5, 0x8B, 0xC0, 0x10, 0x7A, 0xBF, 0xF7, 0x03, 0x1E, 0x01, 0xE1, 0x5D,
    0xF8, 0xE8, 0x15, 0x8E, 0x50, 0xF1, 0xD3, 0x26, 0x87, 0x70, 0xD2, 0xAE, 0xF9, 0x0F, 0x85, 0x95,
    0x41, 0x68, 0x1C, 0x65, 0x1B, 0xC7, 0x7F, 0x3B, 0xD3, 0xAF, 0xF3, 0x7D, 0x9D, 0x24, 0x4F, 0x4F,
    0xDF, 0xA5, 0x69, 0xF6, 0xF2, 0x9D, 0x3E, 0x9B, 0xAE, 0x60, 0x84, 0x58, 0x27, 0xBB, 0xE3, 0x1D,
    0x69, 0x2F, 0x9E, 0xF5, 0x0E, 0xC5, 0x82, 0x15, 0x16, 0x8C, 0x66, 0x8A, 0x37, 0xBD, 0xC4, 0xFB,
    0x65, 0xF1, 0x62, 0xDC, 0x88, 0xBB, 0x87, 0x2D, 0x5D, 0x21, 0xEE, 0xBE, 0xD8, 0x43, 0x6E, 0x3A,
    0xD0, 0x3B, 0x0C, 0xB6, 0xA2, 0xB4, 0x48, 0x1F, 0x9B, 0x15, 0xC7, 0x49, 0xB2, 0x8F, 0x33, 0xCB,
    0x86, 0x90, 0x52, 0x14, 0x7E, 0xBF, 0x3F, 0xFF, 0x79, 0xDF, 0x77, 0x61, 0xF7, 0x7D, 0x87, 0x77,
    0xC3, 0x9C, 0xC6, 0x57, 0x6C, 0x42, 0x1F, 0xB4, 0xA4, 0x35, 0xD1, 0x66, 0x47, 0x23, 0x86, 0x11,
    0xAD, 0x51, 0x27, 0x34, 0x25, 0x62, 0x4E, 0xB3, 0x43, 0x6B, 0xC2, 0x5A, 0xC6, 0x5A, 0xEA, 0x59,
    0x26, 0x87, 0x93, 0xE6, 0xE7, 0x6E, 0xF3, 0x61, 0x32, 0x78, 0x10, 0xEB, 0x7D, 0x7E, 0xDB, 0xE7,
    0xD9, 0xA7, 0x1C, 0x7C, 0xC2, 0xBD, 0x37, 0xD9, 0x5A, 0xA0, 0xB5, 0x8C, 0x4C, 0x55, 0x2C, 0x5B,
    0x5C, 0x63, 0xE1, 0x65, 0x6A, 0xB6, 0x1D, 0x3E, 0xD1, 0x06, 0x44, 0x30, 0x00, 0x2D, 0xF9, 0x43,
    0xD5, 0x3A, 0x9A, 0xA3, 0x5A, 0x31, 0x50, 0x22, 0xE5, 0xAA, 0x22, 0x45, 0x56, 0xB3, 0x44, 0x4C,
    0xA5, 0xDB, 0x11, 0x38, 0x43, 0x77, 0x5B, 0x2C, 0x9B, 0x75, 0x7A, 0x3B, 0xD8, 0xD1, 0xE9, 0x14,
    0xE3, 0xC4, 0x7F, 0x92, 0x86, 0xF1, 0xE9, 0x48, 0xAF, 0x8B, 0xD9, 0x99, 0x52, 0xB2, 0x0A, 0xA3,
    0x6E, 0xC7, 0x4C, 0xE1, 0x5F, 0x00, 0x8B, 0x00, 0xCB, 0xF0, 0xE3, 0x71, 0x6B, 0x82, 0xF5, 0x46,
    0xDF, 0x92, 0x07, 0x2A, 0xA8, 0x9F, 0x56, 0xE1, 0x4E, 0x22, 0xAC, 0x42, 0xAA, 0xA8, 0x57, 0xF1,
    0x7A, 0x15, 0xEF, 0x55, 0xF1, 0xB0, 0x8C, 0x9A, 0x03, 0xBC, 0x04, 0xA8, 0x01, 0x34, 0xD1, 0x56,
    0x49, 0xAC, 0x2D, 0xA7, 0x4D, 0xA7, 0x1B, 0x99, 0x9A, 0xD9, 0x87, 0x77, 0x7F, 0x8F, 0xD6, 0xAB,
    0x32, 0x1A, 0x15, 0xD1, 0x92, 0x46, 0xA2, 0x51, 0xA0, 0x91, 0xAF, 0x91, 0xA7, 0x96, 0x41, 0x71,
    0x04, 0x7A, 0xB5, 0x54, 0x2A, 0x97, 0xE7, 0x5E, 0x41, 0x57, 0xC7, 0x5A, 0xE4, 0xA3, 0x8E, 0xA5,
    0x11, 0xCA, 0xF3, 0x36, 0x3A, 0x4A, 0xF8, 0x82, 0xCF, 0xD7, 0x1F, 0xA9, 0x7C, 0x34, 0xD4, 0x15,
    0x45, 0x23, 0xC5, 0x26, 0x7B, 0x14, 0xDA, 0x48, 0xB4, 0x1F, 0xA8, 0xDE, 0x66, 0xA8, 0x11, 0x91,
    0x2E, 0x97, 0x2E, 0x15, 0x13, 0x0D, 0xC7, 0x69, 0x5F, 0xC8, 0xFA, 0x12, 0x67, 0xB7, 0xEB, 0x6F,
    0xA4, 0x6B, 0x8D, 0x3B, 0xE9, 0xFA, 0xB5, 0xEF, 0x5C, 0xF4, 0x5A, 0xE9, 0xAB, 0x0F, 0x9C, 0x99,
    0xE9, 0xCD, 0xBB, 0x3F, 0x6F, 0x2F, 0xF6, 0xBF, 0x88, 0x97, 0xB2, 0x7B, 0x2C, 0x65, 0x1F, 0x10,
    0xA6, 0x2D, 0x42, 0xD7, 0x24, 0x28, 0xF5, 0xDD, 0x2A, 0x96, 0xFB, 0xAE, 0x18, 0xFB, 0x4E, 0xC3,
    0x8F, 0x9D, 0xFA, 0xF7, 0x9D, 0x1E, 0xFC, 0x83, 0xEA, 0x97, 0x86, 0x89, 0x16, 0x63, 0xD4, 0x72,
    0x40, 0x31, 0xA3, 0x5B, 0x80, 0x86, 0xB9, 0x36, 0x7A, 0xBA, 0xE9, 0xEB, 0xA0, 0xA6, 0xCA, 0x29,
    0xE5, 0x63, 0x39, 0xD8, 0xF8, 0xBA, 0x5C, 0xD0, 0x07, 0xFE, 0xDF, 0xED, 0xB4, 0x4C, 0xD9, 0x7A,
    0xE4, 0x17, 0x79, 0x98, 0x70, 0x72, 0xAE, 0x89, 0x99, 0x8B, 0xA0, 0xC4, 0x8C, 0x9B, 0x6F, 0xB1,
    0x02, 0x02, 0xA1, 0xC3, 0x2B, 0x86, 0x6C, 0x65, 0x42, 0x5B, 0x50, 0xF1, 0x9C, 0x04, 0x89, 0x08,
    0x72, 0x05, 0x69, 0x63, 0xA6, 0x6F, 0x1F, 0xDF, 0x90, 0xCB, 0x88, 0x50, 0x8E, 0x57, 0xB3, 0x64,
    0xC2, 0x40, 0x88, 0xCC, 0x8E, 0xBA, 0xA3, 0x1D, 0x22, 0x66, 0x64, 0xB4, 0x12, 0x9A, 0xD4, 0x8E,
    0x90, 0xBD, 0x6C, 0xF1, 0xB4, 0xB3, 0x38, 0x5F, 0xC0, 0xA5, 0x29, 0xD0, 0xEC, 0x65, 0x00, 0x39,
    0xD4, 0xD2, 0x08, 0xBC, 0x74, 0xA5, 0x0C, 0x27, 0xE0, 0xCF, 0x22, 0x11, 0x08, 0x62, 0xA9, 0x75,
    0xC2, 0x78, 0x45, 0x8E, 0x43, 0x56, 0x37, 0x56, 0x84, 0xA8, 0x2D, 0x4B, 0x4C, 0x06, 0x72, 0x39,
    0xC8, 0xFA, 0xAB, 0x8D, 0x71, 0x3C, 0x3D, 0x6A, 0xE4, 0x58, 0x06, 0xB5, 0x14, 0xF0, 0x66, 0xE1,
    0x00, 0x7F, 0x16, 0x09, 0x84, 0x19, 0xE5, 0x8A, 0x28, 0x3A, 0x61, 0x9D, 0xD5, 0x5B, 0xAC, 0x28,
    0x92, 0x12, 0xB8, 0x5A, 0x90, 0x04, 0xE2, 0xE4, 0x66, 0x5A, 0xCF, 0x75, 0x5D, 0xFB, 0xB7, 0x6E,
    0xB4, 0x21, 0x9A, 0x73, 0x61, 0x42, 0x98, 0xC9, 0x14, 0xE9, 0x39, 0xF1, 0xD2, 0x5E, 0xB7, 0x30,
    0x33, 0x41, 0xE7, 0xC5, 0x4B, 0xA5, 0x97, 0xC8, 0x31, 0xC2, 0x19, 0xD8, 0xCA, 0x03, 0x1B, 0xD5,
    0xAF, 0x9F, 0x8B, 0x66, 0x3B, 0xD8, 0x17, 0xB4, 0xA2, 0xAB, 0x62, 0x2A, 0xD2, 0x17, 0x69, 0x8B,
    0x44, 0x22, 0x75, 0x91, 0xD0, 0xC6, 0x8C, 0xFF, 0x44, 0xE0, 0x3C, 0x55, 0x52, 0x8F, 0xA1, 0xE5,
    0xE0, 0x5A, 0xE9, 0xFB, 0x29, 0xA8, 0xD2, 0x32, 0x73, 0xFF, 0xFD, 0xE9, 0x9B, 0xD8, 0x77, 0xEB,
    0xBC, 0xF4, 0x78, 0x94, 0x54, 0xCF, 0x21, 0x2B, 0x08, 0x52, 0x66, 0x18, 0x5F, 0x21, 0x48, 0x22,
    0x7C, 0x77, 0xDE, 0x62, 0xD9, 0x4D, 0xCF, 0xA1, 0xCC, 0xA8, 0x0E, 0xA3, 0xF7, 0x0B, 0x23, 0x82,
    0x8C, 0xB2, 0x8F, 0xBA, 0x3B, 0x11, 0x94, 0x6C, 0x70, 0x51, 0x9E, 0xA8, 0x67, 0xDB, 0x8C, 0x27,
    0x81, 0xED, 0xD5, 0x85, 0xD3, 0x6F, 0x79, 0x96, 0xE1, 0x6C, 0xAA, 0x21, 0x88, 0x0D, 0x6B, 0x36,
    0x41, 0xE0, 0x3F, 0x04, 0xBE, 0x0B, 0x7D, 0x27, 0x81, 0xDB, 0x32, 0x7B, 0x77, 0xF7, 0xB1, 0x94,
    0xFD, 0x85, 0x78, 0x87, 0xC2, 0x98, 0x60, 0x1A, 0xD3, 0xDA, 0x4D, 0x19, 0x12, 0xA3, 0x30, 0x73,
    0x08, 0xB4, 0x62, 0x08, 0x27, 0xC0, 0x38, 0x86, 0x20, 0x7D, 0xE7, 0xB3, 0x3B, 0x99, 0x1D, 0xAA,
    0x7E, 0x7F, 0xF9, 0x96, 0xEE, 0x2D, 0xBC, 0x92, 0xD6, 0xA7, 0xE3, 0x64, 0xB1, 0xDC, 0x97, 0x85,
    0xF2, 0x1E, 0xFC, 0xF7, 0xB9, 0x8B, 0x54, 0xBF, 0xA5, 0xBB, 0x03, 0xC0, 0xAC, 0x17, 0x3B, 0x28,
    0x7F, 0x07, 0x98, 0xB9, 0x4B, 0x29, 0x35, 0x05, 0xAD, 0x3A, 0x4A, 0x2D, 0xA3, 0x17, 0x33, 0x80,
    0x88, 0xF9, 0x8B, 0x1E, 0x38, 0xBC, 0x14, 0x14, 0x61, 0x46, 0x88, 0x1C, 0xB3, 0x95, 0xF0, 0x34,
    0x40, 0x46, 0x34, 0x52, 0x8C, 0xE8, 0xFA, 0x7C, 0x7B, 0x06, 0x82, 0x4A, 0x90, 0xCA, 0x38, 0x96,
    0x9C, 0x46, 0x02, 0x87, 0x29, 0x68, 0x56, 0xAA, 0xB0, 0x65, 0x96, 0x5D, 0x28, 0xBA, 0x7B, 0x28,
    0x17, 0x4A, 0x03, 0x9E, 0xED, 0xFB, 0x1C, 0xDA, 0x3E, 0x47, 0xED, 0x29, 0x93, 0x8B, 0xFF, 0xF3,
    0x73, 0xF0, 0x36, 0x00, 0x79, 0xEC, 0xF0, 0x2C, 0x41, 0xE0, 0x79, 0x3D, 0xCB, 0x91, 0xA7, 0xE3,
    0x78, 0x43, 0x02, 0xD7, 0x16, 0x2F, 0xEB, 0x0B, 0xAA, 0x27, 0x72, 0x56, 0xB1, 0x44, 0x76, 0x4F,
    0x4E, 0x68, 0x4E, 0x5B, 0x6A, 0x13, 0xB3, 0xB4, 0xF7, 0xE5, 0x0B, 0xEE, 0xFA, 0x9A, 0xA5, 0x84,
    0x87, 0x39, 0x57, 0x0F, 0x7E, 0x25, 0x3A, 0xF8, 0x81, 0xC1, 0xC1, 0x7E, 0x5C, 0xDE, 0x2C, 0x49,
    0xA9, 0x9B, 0x09, 0x54, 0x0E, 0x80, 0x36, 0xB0, 0x01, 0x48, 0x0C, 0x97, 0x8A, 0xEE, 0xEC, 0x75,
    0x13, 0xA5, 0xC4, 0x72, 0x0A, 0x43, 0xC3, 0x44, 0x7D, 0x37, 0x23, 0x51, 0xC1, 0x8E, 0x28, 0x46,
    0xA7, 0x83, 0x25, 0x65, 0x2F, 0xC6, 0xD5, 0x62, 0xD1, 0x8A, 0xF3, 0x53, 0x1A, 0xBD, 0x93, 0x3F,
    0xB1, 0x53, 0xAA, 0xC7, 0x4D, 0xAA, 0xA9, 0x60, 0x0A, 0xD0, 0xED, 0x62, 0xC6, 0x5F, 0x63, 0x60,
    0x60, 0xF8, 0xFF, 0xFF, 0x43, 0x68, 0x68, 0x00, 0x00, 0xA5, 0x8E, 0x01, 0x06, 0xC3, 0x30, 0x18,
    0x85, 0x9F, 0x04, 0x45, 0xD1, 0x23, 0xF4, 0x00, 0x43, 0x00, 0x86, 0xA0, 0x27, 0xDB, 0x76, 0x94,
    0x01, 0x6A, 0x90, 0x13, 0xB4, 0xC9, 0x11, 0x76, 0x84, 0x61, 0x98, 0x82, 0x60, 0xB0, 0x6A, 0x9B,
    0xBD, 0x3F, 0x63, 0x60, 0xA6, 0x33, 0xDE, 0xF7, 0xFB, 0x93, 0xBC, 0x3C, 0x4F, 0xCD, 0xC5, 0x54,
    0xDE, 0xEA, 0xB6, 0x82, 0x85, 0xE0, 0x97, 0x14, 0xDD, 0xA9, 0x3F, 0xCA, 0xBE, 0x06, 0x95, 0xB6,
    0xE5, 0x60, 0x2B, 0x80, 0xF2, 0x93, 0x75, 0x2D, 0xF7, 0x6F, 0x52, 0xC9, 0x66, 0xBF, 0x68, 0x95,
    0x9F, 0xFD, 0x2E, 0x52, 0x30, 0xF2, 0x00, 0xC8, 0xC8, 0x1D, 0x73, 0xC9, 0x7C, 0xF7, 0xDB, 0x90,
    0xBC, 0xF8, 0xCE, 0x7B, 0x8D, 0x7F, 0xF2, 0xCA, 0x07, 0x76, 0xAE, 0xB9, 0xEB, 0x10, 0x29, 0x93,
    0xE2, 0x66, 0xE0, 0xF2, 0x59, 0x6A, 0x8C, 0xF0, 0x28, 0x66, 0xA0, 0x76, 0x07, 0x58, 0x1D, 0x84,
    0x7A, 0x31, 0xA9, 0xEF, 0xF8, 0x0B, 0x74, 0x90, 0x8E, 0x98, 0xB3, 0x0E, 0x6A, 0xE2, 0xBB, 0x21,
    0x95, 0x0E, 0x0D, 0x19, 0x3B, 0x35, 0xEE, 0xAF, 0xF0, 0x4F, 0x25, 0xCC, 0x01, 0x06, 0x02, 0x41,
    0x18, 0x06, 0xD0, 0xC7, 0x40, 0x48, 0xFF, 0x11, 0x3A, 0x42, 0x17, 0x88, 0xB9, 0x58, 0x44, 0xF7,
    0x8A, 0xB5, 0x5D, 0x24, 0x20, 0x80, 0x01, 0x84, 0x69, 0xBF, 0xB0, 0xEF, 0x00, 0xCF, 0xEE, 0x08,
    0x1D, 0xB2, 0xD0, 0x32, 0x38, 0xB9, 0x71, 0x75, 0x66, 0x7B, 0xD6, 0xD2, 0xF2, 0xAB, 0x51, 0xF9,
    0x5E, 0x66, 0xCF, 0xFB, 0xBE, 0x55, 0xD6, 0xCC, 0x96, 0x57, 0x86, 0x24, 0x8B, 0xFE, 0x09, 0xF5,
    0x98, 0xB4, 0x75, 0xD8, 0x17, 0x1D, 0x0E, 0xFC, 0x01,
};

static const EpdGlyph notosans_10_regularGlyphs[] = {
    { 0, 0, 0, 0, 0, 0, 0 }, // U+0000
    { 0, 0, 87, 0, 0, 0, 0 }, // U+000D
    { 0, 0, 87, 0, 0, 0, 0 }, // U+0020
    { 3, 16, 90, 1, 16, 12, 0 }, // !
    { 7, 6, 136, 1, 16, 11, 12 }, // "
    { 13, 16, 215, 1, 16, 52, 23 }, // #
    { 10, 18, 191, 1, 16, 45, 75 }, // $
    { 16, 16, 277, 1, 16, 64, 120 }, // %
    { 15, 16, 244, 1, 16, 60, 184 }, // &
    { 3, 6, 75, 1, 16, 5, 244 }, // '
    { 5, 19, 100, 1, 16, 24, 249 }, // (
    { 5, 19, 100, 1, 16, 24, 273 }, // )
    { 11, 10, 184, 0, 16, 28, 297 }, // *
    { 10, 11, 191, 1, 13, 28, 325 }, // +
    { 4, 5, 89, 0, 2, 5, 353 }, // ,
    { 5, 2, 107, 1, 7, 3, 358 }, // -
    { 3, 3, 89, 1, 3, 3, 361 }, // .
    { 8, 16, 124, 0, 16, 32, 364 }, // /
    { 10, 16, 191, 1, 16, 40, 396 }, // 0
    { 6, 16, 191, 2, 16, 24, 436 }, // 1
    { 10, 16, 191, 1, 16, 40, 460 }, // 2
    { 10, 16, 191, 0, 16, 40, 500 }, // 3
    { 11, 16, 191, 1, 16, 44, 540 }, // 4
    { 10, 16, 191, 1, 16, 40, 584 }, // 5
    { 10, 16, 191, 1, 16, 40, 624 }, // 6
    { 10, 16, 191, 1, 16, 40, 664 }, // 7
    { 10, 16, 191, 1, 16, 40, 704 }, // 8
    { 10, 16, 191, 1, 16, 40, 744 }, // 9
    { 3, 12, 89, 1, 12, 9, 784 }, // :
    { 4, 15, 89, 0, 12, 15, 793 }, // ;
    { 10, 12, 191, 1, 14, 30, 808 }, // <
    { 10, 6, 191, 1, 11, 15, 838 }, // =
    { 10, 12, 191, 1, 14, 30, 853 }, // >
    { 9, 16, 145, -1, 16, 36, 883 }, // ?
    { 17, 18, 300, 1, 16, 77, 919 }, // @
    { 14, 16, 213, 0, 16, 56, 996 }, // A
    { 10, 16, 217, 2, 16, 40, 1052 }, // B
    { 12, 16, 211, 1, 16, 48, 1092 }, // C
    { 12, 16, 243, 2, 16, 48, 1140 }, // D
    { 9, 16, 185, 2, 16, 36, 1188 }, // E
    { 9, 16, 173, 2, 16, 36, 1224 }, // F
    { 12, 16, 243, 1, 16, 48, 1260 }, // G
    { 11, 16, 247, 2, 16, 44, 1308 }, // H
    { 5, 16, 113, 1, 16, 20, 1352 }, // I
    { 6, 20, 91, -2, 16, 30, 1372 }, // J
    { 11, 16, 206, 2, 16, 44, 1402 }, // K
    { 9, 16, 175, 2, 16, 36, 1446 }, // L
    { 15, 16, 302, 2, 16, 60, 1482 }, // M
    { 12, 16, 253, 2, 16, 48, 1542 }, // N
    { 14, 16, 260, 1, 16, 56, 1590 }, // O
    { 10, 16, 202, 2, 16, 40, 1646 }, // P
    { 14, 20, 260, 1, 16, 70, 1686 }, // Q
    { 11, 16, 207, 2, 16, 44, 1756 }, // R
    { 9, 16, 183, 1, 16, 36, 1800 }, // S
    { 11, 16, 185, 1, 16, 44, 1836 }, // T
    { 12, 16, 244, 2, 16, 48, 1880 }, // U
    { 13, 16, 200, 0, 16, 52, 1928 }, // V
    { 20, 16, 310, 0, 16, 80, 1980 }, // W
    { 13, 16, 195, 0, 16, 52, 2060 }, // X
    { 12, 16, 189, 0, 16, 48, 2112 }, // Y
    { 10, 16, 191, 1, 16, 40, 2160 }, // Z
    { 5, 19, 110, 2, 16, 24, 2200 }, // [
    { 8, 16, 124, 0, 16, 32, 2224 }, // <backslash>
    { 5, 19, 110, 1, 16, 24, 2256 }, // ]
    { 12, 10, 191, 0, 16, 30, 2280 }, // ^
    { 9, 2, 148, 0, -1, 5, 2310 }, // _
    { 6, 4, 94, 0, 17, 6, 2315 }, // `
    { 9, 12, 187, 1, 12, 27, 2321 }, // a
    { 10, 16, 205, 2, 16, 40, 2348 }, // b
    { 9, 12, 160, 1, 12, 27, 2388 }, // c
    { 10, 16, 205, 1, 16, 40, 2415 }, // d
    { 10, 12, 188, 1, 12, 30, 2455 }, // e
    { 9, 16, 115, 1, 16, 36, 2485 }, // f
    { 10, 17, 205, 1, 12, 43, 2521 }, // g
    { 10, 16, 206, 2, 16, 40, 2564 }, // h
    { 2, 16, 86, 2, 16, 8, 2604 }, // i
    { 5, 21, 86, -1, 16, 27, 2612 }, // j
    { 10, 16, 178, 2, 16, 40, 2639 }, // k
    { 2, 16, 86, 2, 16, 8, 2679 }, // l
    { 17, 12, 312, 2, 12, 51, 2687 }, // m
    { 10, 12, 206, 2, 12, 30, 2738 }, // n
    { 10, 12, 202, 1, 12, 30, 2768 }, // o
    { 10, 17, 205, 2, 12, 43, 2798 }, // p
    { 10, 17, 205, 1, 12, 43, 2841 }, // q
    { 7, 12, 138, 2, 12, 21, 2884 }, // r
    { 8, 12, 160, 1, 12, 24, 2905 }, // s
    { 7, 15, 120, 1, 15, 27, 2929 }, // t
    { 10, 12, 206, 2, 12, 30, 2956 }, // u
    { 11, 12, 169, 0, 12, 33, 2986 }, // v
    { 17, 12, 262, 0, 12, 51, 3019 }, // w
    { 11, 12, 176, 0, 12, 33, 3070 }, // x
    { 12, 17, 170, -1, 12, 51, 3103 }, // y
    { 8, 12, 157, 1, 12, 24, 3154 }, // z
    { 7, 19, 127, 0, 16, 34, 3178 }, // {
    { 2, 21, 184, 5, 16, 11, 3212 }, // |
    { 8, 19, 127, 0, 16, 38, 3223 }, // }
    { 10, 3, 191, 1, 9, 8, 3261 }, // ~
    { 0, 0, 87, 0, 0, 0, 0 }, // U+00A0
    { 3, 16, 90, 1, 12, 12, 0 }, // U+00A1
    { 9, 16, 191, 2, 16, 36, 12 }, // U+00A2
    { 10, 16, 191, 1, 16, 40, 48 }, // U+00A3
    { 10, 11, 191, 1, 13, 28, 88 }, // U+00A4
    { 12, 16, 191, 0, 16, 48, 116 }, // U+00A5
    { 2, 21, 184, 5, 16, 11, 164 }, // U+00A6
    { 8, 16, 171, 1, 16, 32, 175 }, // U+00A7
    { 6, 2, 193, 3, 16, 3, 207 }, // U+00A8
    { 15, 17, 277, 1, 17, 64, 210 }, // U+00A9
    { 7, 6, 119, 0, 15, 11, 274 }, // U+00AA
    { 9, 10, 170, 1, 11, 23, 285 }, // U+00AB
    { 11, 6, 191, 1, 9, 17, 308 }, // U+00AC
    { 5, 2, 107, 1, 7, 3, 325 }, // U+00AD
    { 15, 17, 277, 1, 17, 64, 328 }, // U+00AE
    { 11, 2, 167, 0, 19, 6, 392 }, // U+00AF
    { 7, 7, 143, 1, 16, 13, 398 }, // U+00B0
    { 10, 13, 191, 1, 13, 33, 411 }, // U+00B1
    { 6, 11, 117, 1, 19, 17, 444 }, // U+00B2
    { 7, 11, 117, 0, 19, 20, 461 }, // U+00B3
    { 6, 4, 94, 0, 17, 6, 481 }, // U+00B4
    { 10, 17, 208, 2, 12, 43, 487 }, // U+00B5
    { 10, 21, 218, 1, 16, 53, 530 }, // U+00B6
    { 3, 3, 89, 1, 9, 3, 583 }, // U+00B7
    { 5, 7, 75, 0, 1, 9, 586 }, // U+00B8
    { 5, 9, 117, 1, 18, 12, 595 }, // U+00B9
    { 8, 7, 125, 0, 15, 14, 607 }, // U+00BA
    { 9, 10, 170, 1, 11, 23, 621 }, // U+00BB
    { 15, 15, 248, 0, 15, 57, 644 }, // U+00BC
    { 15, 15, 257, 0, 15, 57, 701 }, // U+00BD
    { 16, 16, 260, 0, 16, 64, 758 }, // U+00BE
    { 9, 16, 145, 1, 12, 36, 822 }, // U+00BF
    { 14, 21, 213, 0, 21, 74, 858 }, // U+00C0
    { 14, 21, 213, 0, 21, 74, 932 }, // U+00C1
    { 14, 21, 213, 0, 21, 74, 1006 }, // U+00C2
    { 14, 20, 213, 0, 20, 70, 1080 }, // U+00C3
    { 14, 20, 213, 0, 20, 70, 1150 }, // U+00C4
    { 15, 20, 213, -1, 20, 75, 1220 }, // U+00C5
    { 18, 16, 294, -1, 16, 72, 1295 }, // U+00C6
    { 12, 21, 211, 1, 16, 63, 1367 }, // U+00C7
    { 9, 21, 185, 2, 21, 48, 1430 }, // U+00C8
    { 9, 21, 185, 2, 21, 48, 1478 }, // U+00C9
    { 9, 21, 185, 2, 21, 48, 1526 }, // U+00CA
    { 9, 20, 185, 2, 20, 45, 1574 }, // U+00CB
    { 5, 21, 113, 1, 21, 27, 1619 }, // U+00CC
    { 6, 21, 113, 1, 21, 32, 1646 }, // U+00CD
    { 7, 21, 113, 0, 21, 37, 1678 }, // U+00CE
    { 6, 20, 113, 1, 20, 30, 1715 }, // U+00CF
    { 13, 16, 243, 1, 16, 52, 1745 }, // U+00D0
    { 12, 20, 253, 2, 20, 60, 1797 }, // U+00D1
    { 14, 21, 260, 1, 21, 74, 1857 }, // U+00D2
    { 14, 21, 260, 1, 21, 74, 1931 }, // U+00D3
    { 14, 21, 260, 1, 21, 74, 2005 }, // U+00D4
    { 14, 20, 260, 1, 20, 70, 2079 }, // U+00D5
    { 14, 20, 260, 1, 20, 70, 2149 }, // U+00D6
    { 10, 11, 191, 1, 13, 28, 2219 }, // U+00D7
    { 14, 18, 260, 1, 17, 63, 2247 }, // U+00D8
    { 12, 21, 244, 2, 21, 63, 2310 }, // U+00D9
    { 12, 21, 244, 2, 21, 63, 2373 }, // U+00DA
    { 12, 21, 244, 2, 21, 63, 2436 }, // U+00DB
    { 12, 20, 244, 2, 20, 60, 2499 }, // U+00DC
    { 12, 21, 189, 0, 21, 63, 2559 }, // U+00DD
    { 10, 16, 202, 2, 16, 40, 2622 }, // U+00DE
    { 11, 16, 210, 2, 16, 44, 2662 }, // U+00DF
    { 9, 16, 187, 1, 16, 36, 2706 }, // U+00E0
    { 9, 16, 187, 1, 16, 36, 2742 }, // U+00E1
    { 9, 16, 187, 1, 16, 36, 2778 }, // U+00E2
    { 9, 16, 187, 1, 16, 36, 2814 }, // U+00E3
    { 9, 16, 187, 1, 16, 36, 2850 }, // U+00E4
    { 9, 18, 187, 1, 18, 41, 2886 }, // U+00E5
    { 16, 12, 288, 1, 12, 48, 2927 }, // U+00E6
    { 9, 17, 160, 1, 12, 39, 2975 }, // U+00E7
    { 10, 16, 188, 1, 16, 40, 3014 }, // U+00E8
    { 10, 16, 188, 1, 16, 40, 3054 }, // U+00E9
    { 10, 16, 188, 1, 16, 40, 3094 }, // U+00EA
    { 10, 16, 188, 1, 16, 40, 3134 }, // U+00EB
    { 5, 16, 86, 0, 16, 20, 3174 }, // U+00EC
    { 6, 16, 86, 1, 16, 24, 3194 }, // U+00ED
    { 8, 16, 86, -1, 16, 32, 3218 }, // U+00EE
    { 6, 16, 86, 0, 16, 24, 3250 }, // U+00EF
    { 10, 18, 202, 1, 18, 45, 3274 }, // U+00F0
    { 10, 16, 206, 2, 16, 40, 3319 }, // U+00F1
    { 10, 16, 202, 1, 16, 40, 3359 }, // U+00F2
    { 10, 16, 202, 1, 16, 40, 3399 }, // U+00F3
    { 10, 16, 202, 1, 16, 40, 3439 }, // U+00F4
    { 10, 16, 202, 1, 16, 40, 3479 }, // U+00F5
    { 10, 16, 202, 1, 16, 40, 3519 }, // U+00F6
    { 10, 10, 191, 1, 13, 25, 3559 }, // U+00F7
    { 10, 14, 202, 1, 13, 35, 3584 }, // U+00F8
    { 10, 16, 206, 2, 16, 40, 3619 }, // U+00F9
    { 10, 16, 206, 2, 16, 40, 3659 }, // U+00FA
    { 10, 16, 206, 2, 16, 40, 3699 }, // U+00FB
    { 10, 16, 206, 2, 16, 40, 3739 }, // U+00FC
    { 12, 21, 170, -1, 16, 63, 3779 }, // U+00FD
    { 10, 21, 205, 2, 16, 53, 3842 }, // U+00FE
    { 12, 21, 170, 0, 16, 63, 3895 }, // U+00FF
    { 14, 19, 213, 0, 19, 67, 0 }, // U+0100
    { 9, 15, 187, 1, 15, 34, 67 }, // U+0101
    { 14, 20, 213, -1, 20, 70, 101 }, // U+0102
    { 9, 16, 187, 1, 16, 36, 171 }, // U+0103
    { 14, 21, 213, 0, 16, 74, 207 }, // U+0104
    { 10, 17, 187, 1, 12, 43, 281 }, // U+0105
    { 12, 21, 211, 1, 21, 63, 324 }, // U+0106
    { 9, 16, 160, 1, 16, 36, 387 }, // U+0107
    { 12, 21, 211, 1, 21, 63, 423 }, // U+0108
    { 9, 16, 160, 1, 16, 36, 486 }, // U+0109
    { 12, 21, 211, 1, 21, 63, 522 }, // U+010A
    { 9, 16, 160, 1, 16, 36, 585 }, // U+010B
    { 12, 21, 211, 1, 21, 63, 621 }, // U+010C
    { 9, 16, 160, 1, 16, 36, 684 }, // U+010D
    { 12, 21, 243, 2, 21, 63, 720 }, // U+010E
    { 14, 16, 205, 1, 16, 56, 783 }, // U+010F
    { 13, 16, 243, 1, 16, 52, 839 }, // U+0110
    { 12, 16, 206, 1, 16, 48, 891 }, // U+0111
    { 9, 19, 185, 2, 19, 43, 939 }, // U+0112
    { 10, 15, 188, 1, 15, 38, 982 }, // U+0113
    { 9, 20, 185, 2, 20, 45, 1020 }, // U+0114
    { 10, 16, 188, 1, 16, 40, 1065 }, // U+0115
    { 9, 20, 185, 2, 20, 45, 1105 }, // U+0116
    { 10, 16, 188, 1, 16, 40, 1150 }, // U+0117
    { 9, 21, 185, 2, 16, 48, 1190 }, // U+0118
    { 10, 17, 188, 1, 12, 43, 1238 }, // U+0119
    { 9, 21, 185, 2, 21, 48, 1281 }, // U+011A
    { 10, 16, 188, 1, 16, 40, 1329 }, // U+011B
    { 12, 21, 243, 1, 21, 63, 1369 }, // U+011C
    { 10, 21, 205, 1, 16, 53, 1432 }, // U+011D
    { 12, 21, 243, 1, 21, 63, 1485 }, // U+011E
    { 10, 21, 205, 1, 16, 53, 1548 }, // U+011F
    { 12, 21, 243, 1, 21, 63, 1601 }, // U+0120
    { 10, 21, 205, 1, 16, 53, 1664 }, // U+0121
    { 12, 21, 243, 1, 16, 63, 1717 }, // U+0122
    { 10, 21, 205, 1, 16, 53, 1780 }, // U+0123
    { 11, 21, 247, 2, 21, 58, 1833 }, // U+0124
    { 13, 22, 206, -1, 22, 72, 1891 }, // U+0125
    { 15, 16, 247, 0, 16, 60, 1963 }, // U+0126
    { 11, 16, 206, 1, 16, 44, 2023 }, // U+0127
    { 9, 20, 113, -1, 20, 45, 2067 }, // U+0128
    { 8, 16, 86, -1, 16, 32, 2112 }, // U+0129
    { 6, 19, 113, 1, 19, 29, 2144 }, // U+012A
    { 6, 15, 86, 0, 15, 23, 2173 }, // U+012B
    { 7, 20, 113, 0, 20, 35, 2196 }, // U+012C
    { 8, 16, 86, -1, 16, 32, 2231 }, // U+012D
    { 5, 21, 113, 1, 16, 27, 2263 }, // U+012E
    { 4, 21, 86, 1, 16, 21, 2290 }, // U+012F
    { 5, 20, 113, 1, 20, 25, 2311 }, // U+0130
    { 2, 12, 86, 2, 12, 6, 2336 }, // U+0131
    { 10, 20, 204, 1, 16, 50, 2342 }, // U+0132
    { 7, 21, 172, 2, 16, 37, 2392 }, // U+0133
    { 9, 25, 91, -2, 21, 57, 2429 }, // U+0134
    { 8, 21, 86, -1, 16, 42, 2486 }, // U+0135
    { 11, 21, 206, 2, 16, 58, 2528 }, // U+0136
    { 10, 21, 178, 2, 16, 53, 2586 }, // U+0137
    { 10, 12, 178, 2, 12, 30, 2639 }, // U+0138
    { 10, 21, 175, 1, 21, 53, 2669 }, // U+0139
    { 6, 22, 86, 1, 22, 33, 2722 }, // U+013A
    { 9, 21, 175, 2, 16, 48, 2755 }, // U+013B
    { 4, 21, 86, 1, 16, 21, 2803 }, // U+013C
    { 9, 16, 175, 2, 16, 36, 2824 }, // U+013D
    { 6, 16, 86, 2, 16, 24, 2860 }, // U+013E
    { 9, 16, 175, 2, 16, 36, 2884 }, // U+013F
    { 5, 16, 89, 2, 16, 20, 2920 }, // U+0140
    { 11, 16, 175, 0, 16, 44, 2940 }, // U+0141
    { 6, 16, 86, 0, 16, 24, 2984 }, // U+0142
    { 12, 21, 253, 2, 21, 63, 3008 }, // U+0143
    { 10, 16, 206, 2, 16, 40, 3071 }, // U+0144
    { 12, 21, 253, 2, 16, 63, 3111 }, // U+0145
    { 10, 17, 206, 2, 12, 43, 3174 }, // U+0146
    { 12, 21, 253, 2, 21, 63, 3217 }, // U+0147
    { 10, 16, 206, 2, 16, 40, 3280 }, // U+0148
    { 14, 16, 229, -1, 16, 56, 3320 }, // U+0149
    { 12, 20, 253, 2, 16, 60, 3376 }, // U+014A
    { 10, 17, 206, 2, 12, 43, 3436 }, // U+014B
    { 14, 19, 260, 1, 19, 67, 3479 }, // U+014C
    { 10, 15, 202, 1, 15, 38, 3546 }, // U+014D
    { 14, 21, 260, 1, 21, 74, 3584 }, // U+014E
    { 10, 16, 202, 1, 16, 40, 3658 }, // U+014F
    { 14, 21, 260, 1, 21, 74, 3698 }, // U+0150
    { 10, 16, 202, 1, 16, 40, 3772 }, // U+0151
    { 17, 16, 309, 1, 16, 68, 3812 }, // U+0152
    { 18, 12, 315, 1, 12, 54, 3880 }, // U+0153
    { 11, 21, 207, 2, 21, 58, 3934 }, // U+0154
    { 7, 16, 138, 2, 16, 28, 3992 }, // U+0155
    { 11, 21, 207, 2, 16, 58, 4020 }, // U+0156
    { 8, 17, 138, 1, 12, 34, 4078 }, // U+0157
    { 11, 21, 207, 2, 21, 58, 4112 }, // U+0158
    { 8, 16, 138, 1, 16, 32, 4170 }, // U+0159
    { 9, 21, 183, 1, 21, 48, 4202 }, // U+015A
    { 8, 16, 160, 1, 16, 32, 4250 }, // U+015B
    { 9, 21, 183, 1, 21, 48, 4282 }, // U+015C
    { 8, 16, 160, 1, 16, 32, 4330 }, // U+015D
    { 9, 21, 183, 1, 16, 48, 4362 }, // U+015E
    { 8, 17, 160, 1, 12, 34, 4410 }, // U+015F
    { 9, 21, 183, 1, 21, 48, 4444 }, // U+0160
    { 8, 16, 160, 1, 16, 32, 4492 }, // U+0161
    { 11, 21, 185, 1, 16, 58, 4524 }, // U+0162
    { 7, 20, 120, 1, 15, 35, 4582 }, // U+0163
    { 11, 21, 185, 1, 21, 58, 4617 }, // U+0164
    { 10, 16, 120, 1, 16, 40, 4675 }, // U+0165
    { 11, 16, 185, 1, 16, 44, 4715 }, // U+0166
    { 7, 15, 120, 1, 15, 27, 4759 }, // U+0167
    { 12, 20, 244, 2, 20, 60, 4786 }, // U+0168
    { 10, 16, 206, 2, 16, 40, 4846 }, // U+0169
    { 12, 19, 244, 2, 19, 57, 4886 }, // U+016A
    { 10, 15, 206, 2, 15, 38, 4943 }, // U+016B
    { 12, 21, 244, 2, 21, 63, 4981 }, // U+016C
    { 10, 16, 206, 2, 16, 40, 5044 }, // U+016D
    { 12, 23, 244, 2, 23, 69, 5084 }, // U+016E
    { 10, 18, 206, 2, 18, 45, 5153 }, // U+016F
    { 12, 21, 244, 2, 21, 63, 5198 }, // U+0170
    { 10, 16, 206, 2, 16, 40, 5261 }, // U+0171
    { 12, 21, 244, 2, 16, 63, 5301 }, // U+0172
    { 11, 17, 206, 2, 12, 47, 5364 }, // U+0173
    { 20, 21, 310, 0, 21, 105, 5411 }, // U+0174
    { 17, 16, 262, 0, 16, 68, 5516 }, // U+0175
    { 12, 21, 189, 0, 21, 63, 5584 }, // U+0176
    { 12, 21, 170, -1, 16, 63, 5647 }, // U+0177
    { 12, 20, 189, 0, 20, 60, 5710 }, // U+0178
    { 10, 21, 191, 1, 21, 53, 5770 }, // U+0179
    { 8, 16, 157, 1, 16, 32, 5823 }, // U+017A
    { 10, 20, 191, 1, 20, 50, 5855 }, // U+017B
    { 8, 16, 157, 1, 16, 32, 5905 }, // U+017C
    { 10, 21, 191, 1, 21, 53, 5937 }, // U+017D
    { 8, 16, 157, 1, 16, 32, 5990 }, // U+017E
    { 6, 16, 109, 2, 16, 24, 6022 }, // U+017F
    { 16, 16, 261, 1, 16, 64, 0 }, // U+01A0
    { 12, 14, 205, 1, 14, 42, 64 }, // U+01A1
    { 16, 16, 260, 2, 16, 64, 106 }, // U+01AF
    { 14, 14, 225, 2, 14, 49, 170 }, // U+01B0
    { 24, 21, 431, 2, 21, 126, 219 }, // U+01C4
    { 22, 16, 400, 2, 16, 88, 345 }, // U+01C5
    { 20, 16, 362, 1, 16, 80, 433 }, // U+01C6
    { 13, 20, 266, 2, 16, 65, 513 }, // U+01C7
    { 13, 21, 261, 2, 16, 69, 578 }, // U+01C8
    { 7, 21, 172, 2, 16, 37, 647 }, // U+01C9
    { 18, 20, 344, 2, 16, 90, 684 }, // U+01CA
    { 18, 21, 339, 2, 16, 95, 774 }, // U+01CB
    { 15, 21, 292, 2, 16, 79, 869 }, // U+01CC
    { 14, 21, 213, 0, 21, 74, 948 }, // U+01CD
    { 9, 16, 187, 1, 16, 36, 1022 }, // U+01CE
    { 7, 21, 113, 0, 21, 37, 1058 }, // U+01CF
    { 8, 16, 86, -1, 16, 32, 1095 }, // U+01D0
    { 14, 21, 260, 1, 21, 74, 1127 }, // U+01D1
    { 10, 16, 202, 1, 16, 40, 1201 }, // U+01D2
    { 12, 21, 244, 2, 21, 63, 1241 }, // U+01D3
    { 10, 16, 206, 2, 16, 40, 1304 }, // U+01D4
    { 12, 23, 244, 2, 23, 69, 1344 }, // U+01D5
    { 10, 19, 206, 2, 19, 48, 1413 }, // U+01D6
    { 12, 24, 244, 2, 24, 72, 1461 }, // U+01D7
    { 10, 19, 206, 2, 19, 48, 1533 }, // U+01D8
    { 12, 24, 244, 2, 24, 72, 1581 }, // U+01D9
    { 10, 20, 206, 2, 20, 50, 1653 }, // U+01DA
    { 12, 24, 244, 2, 24, 72, 1703 }, // U+01DB
    { 10, 19, 206, 2, 19, 48, 1775 }, // U+01DC
    { 10, 12, 188, 1, 12, 30, 1823 }, // U+01DD
    { 14, 23, 213, 0, 23, 81, 1853 }, // U+01DE
    { 9, 19, 187, 1, 19, 43, 1934 }, // U+01DF
    { 14, 22, 213, 0, 22, 77, 1977 }, // U+01E0
    { 9, 19, 187, 1, 19, 43, 2054 }, // U+01E1
    { 18, 19, 294, -1, 19, 86, 2097 }, // U+01E2
    { 16, 15, 288, 1, 15, 60, 2183 }, // U+01E3
    { 14, 16, 243, 1, 16, 56, 2243 }, // U+01E4
    { 11, 17, 205, 1, 12, 47, 2299 }, // U+01E5
    { 12, 21, 243, 1, 21, 63, 2346 }, // U+01E6
    { 10, 21, 205, 1, 16, 53, 2409 }, // U+01E7
    { 11, 21, 206, 2, 21, 58, 2462 }, // U+01E8
    { 13, 22, 178, -1, 22, 72, 2520 }, // U+01E9
    { 14, 21, 260, 1, 16, 74, 2592 }, // U+01EA
    { 10, 17, 202, 1, 12, 43, 2666 }, // U+01EB
    { 14, 24, 260, 1, 19, 84, 2709 }, // U+01EC
    { 10, 20, 202, 1, 15, 50, 2793 }, // U+01ED
    { 11, 21, 195, 0, 21, 58, 2843 }, // U+01EE
    { 10, 21, 166, 0, 16, 53, 2901 }, // U+01EF
    { 8, 21, 86, -1, 16, 42, 2954 }, // U+01F0
    { 24, 16, 431, 2, 16, 96, 2996 }, // U+01F1
    { 22, 16, 400, 2, 16, 88, 3092 }, // U+01F2
    { 20, 16, 362, 1, 16, 80, 3180 }, // U+01F3
    { 12, 21, 243, 1, 21, 63, 3260 }, // U+01F4
    { 10, 21, 205, 1, 16, 53, 3323 }, // U+01F5
    { 16, 16, 313, 2, 16, 64, 3376 }, // U+01F6
    { 11, 21, 220, 2, 16, 58, 3440 }, // U+01F7
    { 12, 21, 253, 2, 21, 63, 3498 }, // U+01F8
    { 10, 16, 206, 2, 16, 40, 3561 }, // U+01F9
    { 15, 21, 213, -1, 21, 79, 3601 }, // U+01FA
    { 9, 21, 187, 1, 21, 48, 3680 }, // U+01FB
    { 18, 21, 294, -1, 21, 95, 3728 }, // U+01FC
    { 16, 16, 288, 1, 16, 64, 3823 }, // U+01FD
    { 14, 22, 260, 1, 21, 77, 3887 }, // U+01FE
    { 10, 17, 202, 1, 16, 43, 3964 }, // U+01FF
    { 14, 21, 213, 0, 21, 74, 4007 }, // U+0200
    { 9, 16, 187, 1, 16, 36, 4081 }, // U+0201
    { 14, 20, 213, 0, 20, 70, 4117 }, // U+0202
    { 9, 16, 187, 1, 16, 36, 4187 }, // U+0203
    { 10, 21, 185, 1, 21, 53, 4223 }, // U+0204
    { 10, 16, 188, 1, 16, 40, 4276 }, // U+0205
    { 9, 20, 185, 2, 20, 45, 4316 }, // U+0206
    { 10, 16, 188, 1, 16, 40, 4361 }, // U+0207
    { 8, 21, 113, -1, 21, 42, 4401 }, // U+0208
    { 8, 16, 86, -2, 16, 32, 4443 }, // U+0209
    { 7, 20, 113, 0, 20, 35, 4475 }, // U+020A
    { 7, 16, 86, -1, 16, 28, 4510 }, // U+020B
    { 14, 21, 260, 1, 21, 74, 4538 }, // U+020C
    { 10, 16, 202, 1, 16, 40, 4612 }, // U+020D
    { 14, 21, 260, 1, 21, 74, 4652 }, // U+020E
    { 10, 16, 202, 1, 16, 40, 4726 }, // U+020F
    { 12, 21, 207, 1, 21, 63, 4766 }, // U+0210
    { 9, 16, 138, 0, 16, 36, 4829 }, // U+0211
    { 11, 20, 207, 2, 20, 55, 4865 }, // U+0212
    { 8, 16, 138, 1, 16, 32, 4920 }, // U+0213
    { 12, 21, 244, 2, 21, 63, 4952 }, // U+0214
    { 10, 16, 206, 2, 16, 40, 5015 }, // U+0215
    { 12, 21, 244, 2, 21, 63, 5055 }, // U+0216
    { 10, 16, 206, 2, 16, 40, 5118 }, // U+0217
    { 9, 21, 183, 1, 16, 48, 5158 }, // U+0218
    { 8, 17, 160, 1, 12, 34, 5206 }, // U+0219
    { 11, 21, 185, 1, 16, 58, 5240 }, // U+021A
    { 7, 20, 120, 1, 15, 35, 5298 }, // U+021B
    { 11, 20, 192, 0, 16, 55, 5333 }, // U+021C
    { 9, 18, 165, 0, 12, 41, 5388 }, // U+021D
    { 11, 21, 247, 2, 21, 58, 5429 }, // U+021E
    { 13, 22, 206, -1, 22, 72, 5487 }, // U+021F
    { 5, 4, 0, -11, 17, 5, 0 }, // U+0300
    { 5, 4, 0, -7, 17, 5, 5 }, // U+0301
    { 8, 4, 0, -4, 17, 8, 10 }, // U+0302
    { 9, 3, 0, -11, 16, 7, 18 }, // U+0303
    { 6, 2, 0, -3, 15, 3, 25 }, // U+0304
    { 9, 2, 0, -4, 19, 5, 28 }, // U+0305
    { 7, 3, 0, -3, 16, 6, 33 }, // U+0306
    { 2, 3, 0, -1, 17, 2, 39 }, // U+0307
    { 6, 2, 0, -3, 16, 3, 41 }, // U+0308
    { 5, 6, 0, -8, 19, 8, 44 }, // U+0309
    { 5, 5, 0, -2, 18, 7, 52 }, // U+030A
    { 8, 4, 0, -3, 17, 8, 59 }, // U+030B
    { 8, 4, 0, -4, 17, 8, 67 }, // U+030C
    { 2, 4, 0, -1, 17, 2, 75 }, // U+030D
    { 5, 4, 0, -2, 17, 5, 77 }, // U+030E
    { 8, 4, 0, -11, 17, 8, 82 }, // U+030F
    { 7, 5, 0, -3, 18, 9, 90 }, // U+0310
    { 7, 4, 0, -4, 17, 7, 99 }, // U+0311
    { 4, 5, 0, -2, 15, 5, 106 }, // U+0312
    { 4, 5, 0, -2, 15, 5, 111 }, // U+0313
    { 4, 5, 0, -2, 15, 5, 116 }, // U+0314
    { 4, 5, 0, -2, 15, 5, 121 }, // U+0315
    { 6, 4, 0, -3, 0, 6, 126 }, // U+0316
    { 6, 4, 0, -3, 0, 6, 132 }, // U+0317
    { 5, 4, 0, -2, -1, 5, 138 }, // U+0318
    { 5, 4, 0, -2, -1, 5, 143 }, // U+0319
    { 6, 6, 104, 0, 17, 9, 148 }, // U+031A
    { 5, 5, 0, -2, 17, 7, 157 }, // U+031B
    { 3, 5, 0, -1, 0, 4, 164 }, // U+031C
    { 4, 5, 0, -2, 0, 5, 168 }, // U+031D
    { 4, 4, 0, -2, 0, 4, 173 }, // U+031E
    { 4, 4, 0, -2, -1, 4, 177 }, // U+031F
    { 5, 2, 0, -2, -1, 3, 181 }, // U+0320
    { 4, 6, 0, -4, 1, 6, 184 }, // U+0321
    { 4, 6, 0, 0, 1, 6, 190 }, // U+0322
    { 2, 3, 0, -7, -1, 2, 196 }, // U+0323
    { 6, 2, 0, -3, -2, 3, 198 }, // U+0324
    { 5, 5, 0, -2, 0, 7, 201 }, // U+0325
    { 4, 4, 0, -2, -1, 4, 208 }, // U+0326
    { 5, 7, 0, -2, 1, 9, 212 }, // U+0327
    { 4, 6, 0, -2, 1, 6, 221 }, // U+0328
    { 2, 4, 0, -1, 0, 2, 227 }, // U+0329
    { 8, 5, 0, -4, 0, 10, 229 }, // U+032A
    { 7, 3, 0, -4, -1, 6, 239 }, // U+032B
    { 8, 4, 0, -4, 0, 8, 245 }, // U+032C
    { 8, 4, 0, -4, 0, 8, 253 }, // U+032D
    { 7, 3, 0, -3, -1, 6, 261 }, // U+032E
    { 7, 4, 0, -4, -1, 7, 267 }, // U+032F
    { 8, 3, 0, -4, -1, 6, 274 }, // U+0330
    { 6, 2, 0, -3, -1, 3, 280 }, // U+0331
    { 9, 2, 0, -5, -1, 5, 283 }, // U+0332
    { 9, 5, 0, -4, 0, 12, 288 }, // U+0333
    { 8, 3, 0, -4, 8, 6, 300 }, // U+0334
    { 9, 2, 0, -4, 8, 5, 306 }, // U+0335
    { 15, 2, 0, -7, 7, 8, 311 }, // U+0336
    { 8, 5, 0, -4, 9, 10, 319 }, // U+0337
    { 10, 18, 0, -5, 17, 45, 329 }, // U+0338
    { 2, 5, 0, -1, 0, 3, 374 }, // U+0339
    { 8, 5, 0, -4, -1, 10, 377 }, // U+033A
    { 9, 5, 0, -5, 0, 12, 387 }, // U+033B
    { 8, 4, 0, -4, 0, 8, 399 }, // U+033C
    { 6, 6, 0, -3, 18, 9, 407 }, // U+033D
    { 4, 7, 0, -2, 20, 7, 416 }, // U+033E
    { 9, 5, 0, -4, 22, 12, 423 }, // U+033F
    { 5, 4, 0, -4, 17, 5, 435 }, // U+0340
    { 5, 4, 0, -1, 17, 5, 440 }, // U+0341
    { 8, 3, 0, -4, 16, 6, 445 }, // U+0342
    { 4, 5, 0, -2, 18, 5, 451 }, // U+0343
    { 7, 4, 0, -3, 17, 7, 456 }, // U+0344
    { 4, 5, 0, -1, -1, 5, 463 }, // U+0345
    { 9, 5, 0, -4, 17, 12, 468 }, // U+0346
    { 9, 5, 0, -4, 0, 12, 480 }, // U+0347
    { 5, 4, 0, -2, 0, 5, 492 }, // U+0348
    { 5, 5, 0, -2, -1, 7, 497 }, // U+0349
    { 8, 5, 0, -4, 17, 10, 504 }, // U+034A
    { 8, 8, 0, -4, 21, 16, 514 }, // U+034B
    { 8, 6, 0, -4, 19, 12, 530 }, // U+034C
    { 8, 5, 0, -4, 0, 10, 542 }, // U+034D
    { 6, 5, 0, -3, 0, 8, 552 }, // U+034E
    { 16, 17, 0, -8, 16, 68, 560 }, // U+034F
    { 4, 4, 0, -2, 17, 4, 628 }, // U+0350
    { 3, 5, 0, -1, 18, 4, 632 }, // U+0351
    { 8, 5, 0, -4, 18, 10, 636 }, // U+0352
    { 4, 5, 0, -2, 0, 5, 646 }, // U+0353
    { 4, 4, 0, -2, -1, 4, 651 }, // U+0354
    { 4, 4, 0, -2, -1, 4, 655 }, // U+0355
    { 8, 4, 0, -4, -1, 8, 659 }, // U+0356
    { 2, 5, 0, -1, 18, 3, 667 }, // U+0357
    { 2, 3, 0, 3, 17, 2, 670 }, // U+0358
    { 6, 5, 0, -3, -1, 8, 672 }, // U+0359
    { 7, 5, 0, -4, 0, 9, 680 }, // U+035A
    { 4, 5, 0, -2, 18, 5, 689 }, // U+035B
    { 18, 4, 0, -9, -1, 18, 694 }, // U+035C
    { 18, 4, 0, -9, 17, 18, 712 }, // U+035D
    { 13, 2, 0, -6, 16, 7, 730 }, // U+035E
    { 13, 2, 0, -6, -1, 7, 737 }, // U+035F
    { 18, 3, 0, -9, 16, 14, 744 }, // U+0360
    { 18, 5, 0, -9, 19, 23, 758 }, // U+0361
    { 17, 5, 0, -7, 0, 22, 781 }, // U+0362
    { 4, 5, 0, -2, 19, 5, 803 }, // U+0363
    { 5, 6, 0, -2, 20, 8, 808 }, // U+0364
    { 2, 7, 0, -1, 21, 4, 816 }, // U+0365
    { 5, 6, 0, -2, 20, 8, 820 }, // U+0366
    { 4, 5, 0, -2, 19, 5, 828 }, // U+0367
    { 4, 6, 0, -1, 20, 6, 833 }, // U+0368
    { 5, 7, 0, -2, 21, 9, 839 }, // U+0369
    { 4, 7, 0, -2, 21, 7, 848 }, // U+036A
    { 7, 5, 0, -3, 19, 9, 855 }, // U+036B
    { 4, 5, 0, -1, 19, 5, 864 }, // U+036C
    { 4, 6, 0, -2, 20, 6, 869 }, // U+036D
    { 6, 5, 0, -3, 19, 8, 875 }, // U+036E
    { 6, 5, 0, -3, 19, 8, 883 }, // U+036F
    { 9, 21, 185, 2, 21, 48, 0 }, // U+0400
    { 9, 20, 185, 2, 20, 45, 48 }, // U+0401
    { 14, 16, 239, 1, 16, 56, 93 }, // U+0402
    { 8, 21, 170, 2, 21, 42, 149 }, // U+0403
    { 12, 16, 213, 1, 16, 48, 191 }, // U+0404
    { 9, 16, 183, 1, 16, 36, 239 }, // U+0405
    { 2, 16, 95, 2, 16, 8, 275 }, // U+0406
    { 5, 20, 95, 1, 20, 25, 283 }, // U+0407
    { 6, 20, 91, -2, 16, 30, 308 }, // U+0408
    { 21, 16, 337, 0, 16, 84, 338 }, // U+0409
    { 18, 16, 342, 2, 16, 72, 422 }, // U+040A
    { 14, 16, 238, 1, 16, 56, 494 }, // U+040B
    { 11, 21, 208, 2, 21, 58, 550 }, // U+040C
    { 12, 21, 252, 2, 21, 63, 608 }, // U+040D
    { 14, 20, 205, 0, 20, 70, 671 }, // U+040E
    { 12, 20, 244, 2, 16, 60, 741 }, // U+040F
    { 14, 16, 213, 0, 16, 56, 801 }, // U+0410
    { 10, 16, 205, 2, 16, 40, 857 }, // U+0411
    { 10, 16, 217, 2, 16, 40, 897 }, // U+0412
    { 8, 16, 170, 2, 16, 32, 937 }, // U+0413
    { 15, 20, 243, 1, 16, 75, 969 }, // U+0414
    { 9, 16, 185, 2, 16, 36, 1044 }, // U+0415
    { 19, 16, 302, 0, 16, 76, 1080 }, // U+0416
    { 10, 16, 192, 0, 16, 40, 1156 }, // U+0417
    { 12, 16, 252, 2, 16, 48, 1196 }, // U+0418
    { 12, 20, 252, 2, 20, 60, 1244 }, // U+0419
    { 11, 16, 208, 2, 16, 44, 1304 }, // U+041A
    { 13, 16, 233, 0, 16, 52, 1348 }, // U+041B
    { 15, 16, 302, 2, 16, 60, 1400 }, // U+041C
    { 11, 16, 248, 2, 16, 44, 1460 }, // U+041D
    { 13, 16, 254, 1, 16, 52, 1504 }, // U+041E
    { 11, 16, 244, 2, 16, 44, 1556 }, // U+041F
    { 10, 16, 202, 2, 16, 40, 1600 }, // U+0420
    { 12, 16, 213, 1, 16, 48, 1640 }, // U+0421
    { 11, 16, 185, 1, 16, 44, 1688 }, // U+0422
    { 14, 16, 205, 0, 16, 56, 1732 }, // U+0423
    { 15, 16, 272, 1, 16, 60, 1788 }, // U+0424
    { 13, 16, 196, -1, 16, 52, 1848 }, // U+0425
    { 13, 20, 247, 2, 16, 65, 1900 }, // U+0426
    { 10, 16, 224, 2, 16, 40, 1965 }, // U+0427
    { 18, 16, 345, 2, 16, 72, 2005 }, // U+0428
    { 19, 20, 342, 2, 16, 95, 2077 }, // U+0429
    { 14, 16, 228, 0, 16, 56, 2172 }, // U+042A
    { 14, 16, 283, 2, 16, 56, 2228 }, // U+042B
    { 10, 16, 202, 2, 16, 40, 2284 }, // U+042C
    { 12, 16, 216, 0, 16, 48, 2324 }, // U+042D
    { 18, 16, 333, 2, 16, 72, 2372 }, // U+042E
    { 11, 16, 213, 0, 16, 44, 2444 }, // U+042F
    { 9, 12, 185, 1, 12, 27, 2488 }, // U+0430
    { 10, 18, 199, 1, 18, 45, 2515 }, // U+0431
    { 9, 12, 188, 2, 12, 27, 2560 }, // U+0432
    { 7, 12, 146, 2, 12, 21, 2587 }, // U+0433
    { 12, 16, 202, 1, 12, 48, 2608 }, // U+0434
    { 10, 12, 184, 1, 12, 30, 2656 }, // U+0435
    { 16, 12, 253, 0, 12, 48, 2686 }, // U+0436
    { 8, 12, 163, 1, 12, 24, 2734 }, // U+0437
    { 9, 12, 207, 2, 12, 27, 2758 }, // U+0438
    { 9, 17, 207, 2, 17, 39, 2785 }, // U+0439
    { 9, 12, 177, 2, 12, 27, 2824 }, // U+043A
    { 11, 12, 196, 0, 12, 33, 2851 }, // U+043B
    { 13, 12, 256, 2, 12, 39, 2884 }, // U+043C
    { 9, 12, 205, 2, 12, 27, 2923 }, // U+043D
    { 10, 12, 198, 1, 12, 30, 2950 }, // U+043E
    { 9, 12, 202, 2, 12, 27, 2980 }, // U+043F
    { 10, 17, 203, 2, 12, 43, 3007 }, // U+0440
    { 9, 12, 164, 1, 12, 27, 3050 }, // U+0441
    { 9, 12, 155, 1, 12, 27, 3077 }, // U+0442
    { 12, 17, 170, 0, 12, 51, 3104 }, // U+0443
    { 13, 22, 246, 1, 17, 72, 3155 }, // U+0444
    { 11, 12, 170, 0, 12, 33, 3227 }, // U+0445
    { 11, 16, 204, 2, 12, 44, 3260 }, // U+0446
    { 9, 12, 196, 1, 12, 27, 3304 }, // U+0447
    { 16, 12, 298, 2, 12, 48, 3331 }, // U+0448
    { 17, 16, 299, 2, 12, 68, 3379 }, // U+0449
    { 12, 12, 208, 1, 12, 36, 3447 }, // U+044A
    { 12, 12, 253, 2, 12, 36, 3483 }, // U+044B
    { 9, 12, 182, 2, 12, 27, 3519 }, // U+044C
    { 9, 12, 165, 0, 12, 27, 3546 }, // U+044D
    { 14, 12, 266, 2, 12, 42, 3573 }, // U+044E
    { 10, 12, 192, 0, 12, 30, 3615 }, // U+044F
    { 10, 17, 184, 1, 17, 43, 3645 }, // U+0450
    { 10, 16, 184, 1, 16, 40, 3688 }, // U+0451
    { 11, 22, 206, 1, 17, 61, 3728 }, // U+0452
    { 7, 17, 146, 2, 17, 30, 3789 }, // U+0453
    { 9, 12, 164, 1, 12, 27, 3819 }, // U+0454
    { 8, 12, 156, 1, 12, 24, 3846 }, // U+0455
    { 2, 16, 86, 2, 16, 8, 3870 }, // U+0456
    { 4, 16, 86, 1, 16, 16, 3878 }, // U+0457
    { 5, 21, 86, -1, 16, 27, 3894 }, // U+0458
    { 17, 12, 286, 0, 12, 51, 3921 }, // U+0459
    { 16, 12, 297, 2, 12, 48, 3972 }, // U+045A
    { 11, 17, 207, 1, 17, 47, 4020 }, // U+045B
    { 10, 17, 177, 2, 17, 43, 4067 }, // U+045C
    { 9, 17, 207, 2, 17, 39, 4110 }, // U+045D
    { 12, 21, 170, 0, 16, 63, 4149 }, // U+045E
    { 10, 15, 202, 2, 12, 38, 4212 }, // U+045F
    { 18, 16, 306, 1, 16, 72, 4250 }, // U+0460
    { 16, 12, 263, 1, 12, 48, 4322 }, // U+0461
    { 13, 16, 225, 1, 16, 52, 4370 }, // U+0462
    { 12, 14, 211, 1, 14, 42, 4422 }, // U+0463
    { 17, 16, 307, 2, 16, 68, 4464 }, // U+0464
    { 14, 12, 247, 2, 12, 42, 4532 }, // U+0465
    { 16, 16, 228, -1, 16, 64, 4574 }, // U+0466
    { 13, 12, 191, -1, 12, 39, 4638 }, // U+0467
    { 18, 16, 310, 2, 16, 72, 4677 }, // U+0468
    { 15, 12, 260, 2, 12, 45, 4749 }, // U+0469
    { 16, 16, 243, 0, 16, 64, 4794 }, // U+046A
    { 14, 12, 213, -1, 12, 42, 4858 }, // U+046B
    { 19, 16, 328, 2, 16, 76, 4900 }, // U+046C
    { 16, 12, 283, 2, 12, 48, 4976 }, // U+046D
    { 10, 24, 196, 1, 19, 60, 5024 }, // U+046E
    { 9, 20, 163, 1, 15, 45, 5084 }, // U+046F
    { 14, 16, 268, 2, 16, 56, 5129 }, // U+0470
    { 13, 22, 254, 2, 17, 72, 5185 }, // U+0471
    { 14, 16, 261, 1, 16, 56, 5257 }, // U+0472
    { 10, 12, 202, 1, 12, 30, 5313 }, // U+0473
    { 14, 16, 212, 0, 16, 56, 5343 }, // U+0474
    { 12, 12, 172, -1, 12, 36, 5399 }, // U+0475
    { 14, 21, 212, 0, 21, 74, 5435 }, // U+0476
    { 12, 17, 172, -1, 17, 51, 5509 }, // U+0477
    { 24, 21, 407, 1, 16, 126, 5560 }, // U+0478
    { 22, 17, 365, 1, 12, 94, 5686 }, // U+0479
    { 15, 18, 274, 1, 17, 68, 5780 }, // U+047A
    { 11, 14, 220, 1, 13, 39, 5848 }, // U+047B
    { 19, 23, 342, 1, 23, 110, 5887 }, // U+047C
    { 16, 20, 301, 1, 20, 80, 5997 }, // U+047D
    { 18, 20, 306, 1, 20, 90, 6077 }, // U+047E
    { 16, 16, 263, 1, 16, 64, 6167 }, // U+047F
    { 12, 21, 214, 1, 16, 63, 6231 }, // U+0480
    { 9, 17, 164, 1, 12, 39, 6294 }, // U+0481
    { 11, 15, 203, 1, 14, 42, 6333 }, // U+0482
    { 8, 5, 0, -9, 17, 10, 6375 }, // U+0483
    { 8, 3, 0, -10, 16, 6, 6385 }, // U+0484
    { 3, 4, 0, -7, 17, 3, 6391 }, // U+0485
    { 3, 4, 0, -8, 17, 3, 6394 }, // U+0486
    { 8, 3, 0, -4, 20, 6, 6397 }, // U+0487
    { 24, 23, 0, -12, 18, 138, 6403 }, // U+0488
    { 23, 24, 0, -11, 18, 138, 6541 }, // U+0489
    { 15, 25, 262, 2, 21, 94, 6679 }, // U+048A
    { 12, 21, 220, 2, 17, 63, 6773 }, // U+048B
    { 11, 16, 205, 1, 16, 44, 6836 }, // U+048C
    { 11, 17, 198, 1, 17, 47, 6880 }, // U+048D
    { 10, 16, 204, 2, 16, 40, 6927 }, // U+048E
    { 10, 17, 205, 2, 12, 43, 6967 }, // U+048F
    { 9, 19, 177, 2, 19, 43, 7010 }, // U+0490
    { 7, 16, 145, 2, 16, 28, 7053 }, // U+0491
    { 10, 16, 177, 1, 16, 40, 7081 }, // U+0492
    { 9, 12, 145, 1, 12, 27, 7121 }, // U+0493
    { 11, 21, 217, 2, 16, 58, 7148 }, // U+0494
    { 9, 17, 178, 2, 12, 39, 7206 }, // U+0495
    { 19, 20, 301, 0, 16, 95, 0 }, // U+0496
    { 16, 16, 265, 0, 12, 64, 95 }, // U+0497
    { 10, 21, 192, 1, 16, 53, 159 }, // U+0498
    { 9, 17, 163, 0, 12, 39, 212 }, // U+0499
    { 12, 20, 223, 2, 16, 60, 251 }, // U+049A
    { 10, 16, 186, 2, 12, 40, 311 }, // U+049B
    { 11, 16, 208, 2, 16, 44, 351 }, // U+049C
    { 10, 12, 176, 2, 12, 30, 395 }, // U+049D
    { 13, 16, 208, 0, 16, 52, 425 }, // U+049E
    { 11, 17, 178, 1, 17, 47, 477 }, // U+049F
    { 15, 16, 231, 0, 16, 60, 524 }, // U+04A0
    { 14, 12, 208, 0, 12, 42, 584 }, // U+04A1
    { 13, 20, 252, 2, 16, 65, 626 }, // U+04A2
    { 11, 16, 219, 2, 12, 44, 691 }, // U+04A3
    { 15, 16, 272, 2, 16, 60, 735 }, // U+04A4
    { 14, 12, 246, 2, 12, 42, 795 }, // U+04A5
    { 19, 21, 352, 2, 16, 100, 837 }, // U+04A6
    { 16, 17, 288, 2, 12, 68, 937 }, // U+04A7
    { 14, 17, 260, 1, 16, 60, 1005 }, // U+04A8
    { 12, 12, 214, 1, 12, 36, 1065 }, // U+04A9
    { 12, 21, 211, 1, 16, 63, 1101 }, // U+04AA
    { 9, 17, 160, 1, 12, 39, 1164 }, // U+04AB
    { 11, 20, 185, 1, 16, 55, 1203 }, // U+04AC
    { 9, 16, 158, 1, 12, 36, 1258 }, // U+04AD
    { 12, 16, 189, 0, 16, 48, 1294 }, // U+04AE
    { 12, 17, 169, -1, 12, 51, 1342 }, // U+04AF
    { 12, 16, 189, 0, 16, 48, 1393 }, // U+04B0
    { 12, 17, 169, 0, 12, 51, 1441 }, // U+04B1
    { 13, 20, 210, 0, 16, 65, 1492 }, // U+04B2
    { 12, 16, 184, -1, 12, 48, 1557 }, // U+04B3
    { 17, 20, 287, 1, 16, 85, 1605 }, // U+04B4
    { 14, 17, 241, 1, 12, 60, 1690 }, // U+04B5
    { 13, 20, 234, 2, 16, 65, 1750 }, // U+04B6
    { 11, 16, 207, 2, 12, 44, 1815 }, // U+04B7
    { 11, 16, 233, 2, 16, 44, 1859 }, // U+04B8
    { 9, 12, 202, 2, 12, 27, 1903 }, // U+04B9
    { 11, 16, 233, 2, 16, 44, 1930 }, // U+04BA
    { 10, 17, 206, 2, 17, 43, 1974 }, // U+04BB
    { 16, 16, 283, 1, 16, 64, 2017 }, // U+04BC
    { 12, 12, 222, 1, 12, 36, 2081 }, // U+04BD
    { 16, 20, 283, 1, 16, 80, 2117 }, // U+04BE
    { 12, 16, 222, 1, 12, 48, 2197 }, // U+04BF
    { 5, 16, 113, 1, 16, 20, 2245 }, // U+04C0
    { 19, 20, 302, 0, 20, 95, 2265 }, // U+04C1
    { 16, 17, 253, 0, 17, 68, 2360 }, // U+04C2
    { 11, 21, 232, 2, 16, 58, 2428 }, // U+04C3
    { 9, 17, 187, 2, 12, 39, 2486 }, // U+04C4
    { 15, 20, 240, 1, 16, 75, 2525 }, // U+04C5
    { 13, 17, 196, 0, 12, 56, 2600 }, // U+04C6
    { 11, 21, 244, 2, 16, 58, 2656 }, // U+04C7
    { 10, 17, 207, 2, 12, 43, 2714 }, // U+04C8
    { 14, 20, 252, 2, 16, 70, 2757 }, // U+04C9
    { 12, 16, 221, 2, 12, 48, 2827 }, // U+04CA
    { 11, 20, 233, 2, 16, 55, 2875 }, // U+04CB
    { 10, 16, 204, 2, 12, 40, 2930 }, // U+04CC
    { 17, 20, 306, 2, 16, 85, 2970 }, // U+04CD
    { 14, 16, 252, 2, 12, 56, 3055 }, // U+04CE
    { 5, 16, 113, 1, 16, 20, 3111 }, // U+04CF
    { 14, 20, 213, 0, 20, 70, 3131 }, // U+04D0
    { 9, 17, 187, 1, 17, 39, 3201 }, // U+04D1
    { 14, 20, 213, 0, 20, 70, 3240 }, // U+04D2
    { 9, 16, 187, 1, 16, 36, 3310 }, // U+04D3
    { 18, 16, 294, -1, 16, 72, 3346 }, // U+04D4
    { 16, 12, 288, 1, 12, 48, 3418 }, // U+04D5
    { 9, 20, 185, 2, 20, 45, 3466 }, // U+04D6
    { 10, 17, 188, 1, 17, 43, 3511 }, // U+04D7
    { 13, 16, 246, 1, 16, 52, 3554 }, // U+04D8
    { 10, 12, 188, 1, 12, 30, 3606 }, // U+04D9
    { 13, 20, 246, 1, 20, 65, 3636 }, // U+04DA
    { 10, 16, 188, 1, 16, 40, 3701 }, // U+04DB
    { 19, 20, 302, 0, 20, 95, 3741 }, // U+04DC
    { 16, 16, 253, 0, 16, 64, 3836 }, // U+04DD
    { 10, 20, 192, 0, 20, 50, 3900 }, // U+04DE
    { 8, 16, 163, 1, 16, 32, 3950 }, // U+04DF
    { 11, 16, 195, 0, 16, 44, 3982 }, // U+04E0
    { 10, 17, 166, 0, 12, 43, 4026 }, // U+04E1
    { 12, 19, 252, 2, 19, 57, 4069 }, // U+04E2
    { 9, 15, 207, 2, 15, 34, 4126 }, // U+04E3
    { 12, 20, 252, 2, 20, 60, 4160 }, // U+04E4
    { 9, 16, 207, 2, 16, 36, 4220 }, // U+04E5
    { 14, 20, 260, 1, 20, 70, 4256 }, // U+04E6
    { 10, 16, 202, 1, 16, 40, 4326 }, // U+04E7
    { 14, 16, 261, 1, 16, 56, 4366 }, // U+04E8
    { 10, 12, 202, 1, 12, 30, 4422 }, // U+04E9
    { 14, 20, 261, 1, 20, 70, 4452 }, // U+04EA
    { 10, 16, 202, 1, 16, 40, 4522 }, // U+04EB
    { 12, 20, 216, 1, 20, 60, 4562 }, // U+04EC
    { 9, 16, 165, 0, 16, 36, 4622 }, // U+04ED
    { 14, 19, 205, -1, 19, 67, 4658 }, // U+04EE
    { 12, 20, 170, 0, 15, 60, 4725 }, // U+04EF
    { 14, 20, 205, 0, 20, 70, 4785 }, // U+04F0
    { 12, 21, 170, 0, 16, 63, 4855 }, // U+04F1
    { 14, 21, 205, 0, 21, 74, 4918 }, // U+04F2
    { 12, 22, 170, -1, 17, 66, 4992 }, // U+04F3
    { 10, 20, 224, 2, 20, 50, 5058 }, // U+04F4
    { 9, 16, 196, 1, 16, 36, 5108 }, // U+04F5
    { 9, 20, 177, 2, 16, 45, 5144 }, // U+04F6
    { 7, 16, 144, 2, 12, 28, 5189 }, // U+04F7
    { 14, 20, 283, 2, 20, 70, 5217 }, // U+04F8
    { 12, 16, 253, 2, 16, 48, 5287 }, // U+04F9
    { 10, 21, 177, 1, 16, 53, 5335 }, // U+04FA
    { 9, 17, 145, 1, 12, 39, 5388 }, // U+04FB
    { 13, 21, 211, 0, 16, 69, 5427 }, // U+04FC
    { 12, 17, 183, -1, 12, 51, 5496 }, // U+04FD
    { 14, 16, 195, -1, 16, 56, 5547 }, // U+04FE
    { 11, 12, 176, 0, 12, 33, 5603 }, // U+04FF
    { 14, 20, 213, 0, 16, 70, 0 }, // U+1EA0
    { 9, 16, 187, 1, 12, 36, 70 }, // U+1EA1
    { 15, 22, 213, -1, 22, 83, 106 }, // U+1EA2
    { 9, 18, 187, 1, 18, 41, 189 }, // U+1EA3
    { 14, 22, 213, 0, 22, 77, 230 }, // U+1EA4
    { 11, 18, 187, 1, 18, 50, 307 }, // U+1EA5
    { 14, 22, 213, 0, 22, 77, 357 }, // U+1EA6
    { 10, 18, 187, 0, 18, 45, 434 }, // U+1EA7
    { 14, 23, 213, -1, 23, 81, 479 }, // U+1EA8
    { 10, 20, 187, 1, 20, 50, 560 }, // U+1EA9
    { 14, 23, 213, 0, 23, 81, 610 }, // U+1EAA
    { 9, 19, 187, 1, 19, 43, 691 }, // U+1EAB
    { 14, 25, 213, 0, 21, 88, 734 }, // U+1EAC
    { 10, 20, 187, 1, 16, 50, 822 }, // U+1EAD
    { 14, 22, 213, 0, 22, 77, 872 }, // U+1EAE
    { 9, 19, 187, 1, 19, 43, 949 }, // U+1EAF
    { 14, 22, 213, 0, 22, 77, 992 }, // U+1EB0
    { 9, 19, 187, 1, 19, 43, 1069 }, // U+1EB1
    { 15, 23, 213, -1, 23, 87, 1112 }, // U+1EB2
    { 9, 20, 187, 1, 20, 45, 1199 }, // U+1EB3
    { 14, 23, 213, 0, 23, 81, 1244 }, // U+1EB4
    { 9, 20, 187, 1, 20, 45, 1325 }, // U+1EB5
    { 14, 24, 213, 0, 20, 84, 1370 }, // U+1EB6
    { 9, 20, 187, 1, 16, 45, 1454 }, // U+1EB7
    { 9, 20, 185, 2, 16, 45, 1499 }, // U+1EB8
    { 10, 16, 188, 1, 12, 40, 1544 }, // U+1EB9
    { 9, 22, 185, 2, 22, 50, 1584 }, // U+1EBA
    { 10, 19, 188, 1, 19, 48, 1634 }, // U+1EBB
    { 9, 20, 185, 2, 20, 45, 1682 }, // U+1EBC
    { 10, 16, 188, 1, 16, 40, 1727 }, // U+1EBD
    { 10, 22, 185, 2, 22, 55, 1767 }, // U+1EBE
    { 11, 18, 188, 1, 18, 50, 1822 }, // U+1EBF
    { 11, 22, 185, 0, 22, 61, 1872 }, // U+1EC0
    { 11, 18, 188, 0, 18, 50, 1933 }, // U+1EC1
    { 9, 23, 185, 2, 23, 52, 1983 }, // U+1EC2
    { 10, 20, 188, 1, 20, 50, 2035 }, // U+1EC3
    { 9, 23, 185, 2, 23, 52, 2085 }, // U+1EC4
    { 10, 20, 188, 1, 20, 50, 2137 }, // U+1EC5
    { 9, 25, 185, 2, 21, 57, 2187 }, // U+1EC6
    { 10, 20, 188, 1, 16, 50, 2244 }, // U+1EC7
    { 5, 22, 113, 1, 22, 28, 2294 }, // U+1EC8
    { 5, 18, 86, 1, 18, 23, 2322 }, // U+1EC9
    { 5, 20, 113, 1, 16, 25, 2345 }, // U+1ECA
    { 2, 20, 86, 2, 16, 10, 2370 }, // U+1ECB
    { 14, 20, 260, 1, 16, 70, 2380 }, // U+1ECC
    { 10, 16, 202, 1, 12, 40, 2450 }, // U+1ECD
    { 14, 22, 260, 1, 22, 77, 2490 }, // U+1ECE
    { 10, 19, 202, 1, 19, 48, 2567 }, // U+1ECF
    { 14, 22, 260, 1, 22, 77, 2615 }, // U+1ED0
    { 11, 18, 202, 1, 18, 50, 2692 }, // U+1ED1
    { 14, 22, 260, 1, 22, 77, 2742 }, // U+1ED2
    { 11, 18, 202, 0, 18, 50, 2819 }, // U+1ED3
    { 14, 24, 260, 1, 24, 84, 2869 }, // U+1ED4
    { 10, 20, 202, 1, 20, 50, 2953 }, // U+1ED5
    { 14, 23, 260, 1, 23, 81, 3003 }, // U+1ED6
    { 10, 20, 202, 1, 20, 50, 3084 }, // U+1ED7
    { 14, 25, 260, 1, 21, 88, 3134 }, // U+1ED8
    { 10, 20, 202, 1, 16, 50, 3222 }, // U+1ED9
    { 16, 21, 261, 1, 21, 84, 3272 }, // U+1EDA
    { 12, 16, 205, 1, 16, 48, 3356 }, // U+1EDB
    { 16, 21, 261, 1, 21, 84, 3404 }, // U+1EDC
    { 12, 16, 205, 1, 16, 48, 3488 }, // U+1EDD
    { 16, 23, 261, 1, 23, 92, 3536 }, // U+1EDE
    { 12, 19, 205, 1, 19, 57, 3628 }, // U+1EDF
    { 16, 20, 261, 1, 20, 80, 3685 }, // U+1EE0
    { 12, 16, 205, 1, 16, 48, 3765 }, // U+1EE1
    { 16, 20, 261, 1, 16, 80, 3813 }, // U+1EE2
    { 12, 18, 205, 1, 14, 54, 3893 }, // U+1EE3
    { 12, 20, 244, 2, 16, 60, 3947 }, // U+1EE4
    { 10, 16, 206, 2, 12, 40, 4007 }, // U+1EE5
    { 12, 22, 244, 2, 22, 66, 4047 }, // U+1EE6
    { 10, 18, 206, 2, 18, 45, 4113 }, // U+1EE7
    { 16, 21, 260, 2, 21, 84, 4158 }, // U+1EE8
    { 14, 16, 225, 2, 16, 56, 4242 }, // U+1EE9
    { 16, 21, 260, 2, 21, 84, 4298 }, // U+1EEA
    { 14, 16, 225, 2, 16, 56, 4382 }, // U+1EEB
    { 16, 22, 260, 2, 22, 88, 4438 }, // U+1EEC
    { 14, 18, 225, 2, 18, 63, 4526 }, // U+1EED
    { 16, 20, 260, 2, 20, 80, 4589 }, // U+1EEE
    { 14, 16, 225, 2, 16, 56, 4669 }, // U+1EEF
    { 16, 20, 260, 2, 16, 80, 4725 }, // U+1EF0
    { 14, 18, 225, 2, 14, 63, 4805 }, // U+1EF1
    { 12, 21, 189, 0, 21, 63, 4868 }, // U+1EF2
    { 12, 21, 170, -1, 16, 63, 4931 }, // U+1EF3
    { 12, 20, 189, 0, 16, 60, 4994 }, // U+1EF4
    { 11, 17, 170, 0, 12, 47, 5054 }, // U+1EF5
    { 13, 22, 189, 0, 22, 72, 5101 }, // U+1EF6
    { 12, 24, 170, 0, 19, 72, 5173 }, // U+1EF7
    { 12, 20, 189, 0, 20, 60, 5245 }, // U+1EF8
    { 12, 21, 170, -1, 16, 63, 5305 }, // U+1EF9
    { 0, 0, 167, 0, 0, 0, 0 }, // U+2000
    { 0, 0, 333, 0, 0, 0, 0 }, // U+2001
    { 0, 0, 167, 0, 0, 0, 0 }, // U+2002
    { 0, 0, 333, 0, 0, 0, 0 }, // U+2003
    { 0, 0, 111, 0, 0, 0, 0 }, // U+2004
    { 0, 0, 83, 0, 0, 0, 0 }, // U+2005
    { 0, 0, 56, 0, 0, 0, 0 }, // U+2006
    { 0, 0, 191, 0, 0, 0, 0 }, // U+2007
    { 0, 0, 89, 0, 0, 0, 0 }, // U+2008
    { 0, 0, 55, 0, 0, 0, 0 }, // U+2009
    { 0, 0, 33, 0, 0, 0, 0 }, // U+200A
    { 0, 0, 0, 0, 0, 0, 0 }, // U+200B
    { 0, 0, 0, 0, 0, 0, 0 }, // U+200C
    { 0, 0, 0, 0, 0, 0, 0 }, // U+200D
    { 5, 19, 0, 0, 15, 24, 0 }, // U+200E
    { 5, 19, 0, -4, 15, 24, 24 }, // U+200F
    { 5, 2, 107, 1, 7, 3, 48 }, // U+2010
    { 5, 2, 107, 1, 7, 3, 51 }, // U+2011
    { 10, 2, 191, 1, 9, 5, 54 }, // U+2012
    { 9, 2, 167, 1, 7, 5, 59 }, // U+2013
    { 19, 2, 333, 1, 7, 10, 64 }, // U+2014
    { 19, 2, 333, 1, 7, 10, 74 }, // U+2015
    { 6, 21, 184, 3, 16, 32, 84 }, // U+2016
    { 9, 5, 137, 0, 0, 12, 116 }, // U+2017
    { 4, 5, 58, 0, 16, 5, 128 }, // U+2018
    { 4, 5, 58, 0, 16, 5, 133 }, // U+2019
    { 4, 5, 83, 0, 2, 5, 138 }, // U+201A
    { 4, 5, 58, 0, 16, 5, 143 }, // U+201B
    { 8, 5, 120, 0, 16, 10, 148 }, // U+201C
    { 8, 5, 120, 0, 16, 10, 158 }, // U+201D
    { 8, 5, 139, 0, 2, 10, 168 }, // U+201E
    { 8, 5, 120, 0, 16, 10, 178 }, // U+201F
    { 8, 16, 171, 1, 16, 32, 188 }, // U+2020
    { 8, 16, 171, 1, 16, 32, 220 }, // U+2021
    { 5, 5, 125, 2, 10, 7, 252 }, // U+2022
    { 6, 8, 123, 1, 12, 12, 259 }, // U+2023
    { 3, 3, 167, 4, 3, 3, 271 }, // U+2024
    { 8, 3, 179, 1, 3, 6, 274 }, // U+2025
    { 14, 3, 264, 1, 3, 11, 280 }, // U+2026
    { 3, 3, 89, 1, 7, 3, 291 }, // U+2027
    { 0, 0, 200, 0, 0, 0, 294 }, // U+2028
    { 0, 0, 200, 0, 0, 0, 294 }, // U+2029
    { 5, 17, 0, 0, 13, 22, 294 }, // U+202A
    { 5, 17, 0, -4, 13, 22, 316 }, // U+202B
    { 5, 19, 0, -2, 15, 24, 338 }, // U+202C
    { 5, 19, 0, -2, 16, 24, 362 }, // U+202D
    { 5, 19, 0, -2, 16, 24, 386 }, // U+202E
    { 0, 0, 55, 0, 0, 0, 410 }, // U+202F
    { 23, 16, 392, 1, 16, 92, 410 }, // U+2030
    { 30, 16, 515, 1, 16, 120, 502 }, // U+2031
    { 6, 6, 77, 0, 16, 9, 622 }, // U+2032
    { 10, 6, 136, 0, 16, 15, 631 }, // U+2033
    { 13, 6, 195, 0, 16, 20, 646 }, // U+2034
    { 6, 6, 77, -1, 16, 9, 666 }, // U+2035
    { 9, 6, 147, -1, 16, 14, 675 }, // U+2036
    { 12, 6, 201, -1, 16, 18, 689 }, // U+2037
    { 8, 7, 133, 0, 2, 14, 707 }, // U+2038
    { 5, 10, 103, 1, 11, 13, 721 }, // U+2039
    { 5, 10, 103, 1, 11, 13, 734 }, // U+203A
    { 15, 16, 279, 1, 16, 60, 747 }, // U+203B
    { 8, 16, 166, 1, 16, 32, 807 }, // U+203C
    { 9, 16, 148, 0, 16, 36, 839 }, // U+203D
    { 11, 2, 167, 0, 19, 6, 875 }, // U+203E
    { 13, 6, 203, 0, 1, 20, 881 }, // U+203F
    { 13, 6, 203, 0, 18, 20, 901 }, // U+2040
    { 8, 14, 125, 0, 9, 28, 921 }, // U+2041
    { 23, 20, 373, 0, 16, 115, 949 }, // U+2042
    { 5, 2, 107, 1, 7, 3, 1064 }, // U+2043
    { 11, 16, 43, -4, 16, 44, 1067 }, // U+2044
    { 5, 19, 108, 2, 16, 24, 1111 }, // U+2045
    { 5, 19, 108, 1, 16, 24, 1135 }, // U+2046
    { 18, 16, 285, -1, 16, 72, 1159 }, // U+2047
    { 13, 16, 226, -1, 16, 52, 1231 }, // U+2048
    { 12, 16, 227, 1, 16, 48, 1283 }, // U+2049
    { 10, 12, 191, 1, 12, 30, 1331 }, // U+204A
    { 12, 21, 218, 1, 16, 63, 1361 }, // U+204B
    { 10, 11, 213, 1, 12, 28, 1424 }, // U+204C
    { 10, 11, 213, 2, 12, 28, 1452 }, // U+204D
    { 11, 10, 184, 0, 6, 28, 1480 }, // U+204E
    { 4, 15, 79, 1, 12, 15, 1508 }, // U+204F
    { 13, 23, 202, 0, 18, 75, 1523 }, // U+2050
    { 11, 21, 184, 0, 16, 58, 1598 }, // U+2051
    { 8, 16, 124, 0, 16, 32, 1656 }, // U+2052
    { 19, 4, 333, 1, 9, 19, 1688 }, // U+2053
    { 13, 6, 202, 0, 0, 20, 1707 }, // U+2054
    { 11, 11, 191, 1, 11, 31, 1727 }, // U+2055
    { 8, 16, 172, 1, 16, 32, 1758 }, // U+2056
    { 16, 6, 247, 0, 16, 24, 1790 }, // U+2057
    { 15, 16, 274, 1, 16, 60, 1814 }, // U+2058
    { 14, 16, 276, 1, 16, 56, 1874 }, // U+2059
    { 2, 16, 74, 1, 16, 8, 1930 }, // U+205A
    { 11, 16, 218, 1, 16, 44, 1938 }, // U+205B
    { 15, 16, 265, 1, 16, 60, 1982 }, // U+205C
    { 3, 16, 89, 1, 16, 12, 2042 }, // U+205D
    { 3, 16, 89, 1, 16, 12, 2054 }, // U+205E
    { 0, 0, 74, 0, 0, 0, 2066 }, // U+205F
    { 0, 0, 200, 0, 0, 0, 2066 }, // U+2060
    { 0, 0, 200, 0, 0, 0, 2066 }, // U+2061
    { 0, 0, 200, 0, 0, 0, 2066 }, // U+2062
    { 0, 0, 200, 0, 0, 0, 2066 }, // U+2063
    { 0, 0, 200, 0, 0, 0, 2066 }, // U+2064
    { 0, 0, 0, 0, 0, 0, 2066 }, // U+2066
    { 0, 0, 0, 0, 0, 0, 2066 }, // U+2067
    { 0, 0, 0, 0, 0, 0, 2066 }, // U+2068
    { 0, 0, 0, 0, 0, 0, 2066 }, // U+2069
    { 5, 19, 0, -2, 16, 24, 2066 }, // U+206A
    { 5, 19, 0, -2, 16, 24, 2090 }, // U+206B
    { 5, 18, 0, -2, 15, 23, 2114 }, // U+206C
    { 5, 19, 0, -2, 16, 24, 2137 }, // U+206D
    { 5, 19, 0, -2, 16, 24, 2161 }, // U+206E
    { 5, 19, 0, -2, 16, 24, 2185 }, // U+206F
    { 7, 11, 117, 1, 19, 20, 0 }, // U+2070
    { 3, 9, 56, 0, 15, 7, 20 }, // U+2071
    { 7, 9, 117, 1, 18, 16, 27 }, // U+2074
    { 7, 11, 117, 0, 19, 20, 43 }, // U+2075
    { 7, 11, 117, 1, 19, 20, 63 }, // U+2076
    { 6, 10, 117, 1, 19, 15, 83 }, // U+2077
    { 7, 11, 117, 1, 19, 20, 98 }, // U+2078
    { 7, 11, 117, 1, 19, 20, 118 }, // U+2079
    { 6, 6, 113, 1, 16, 9, 138 }, // U+207A
    { 6, 1, 113, 1, 13, 2, 147 }, // U+207B
    { 6, 5, 113, 1, 15, 8, 149 }, // U+207C
    { 4, 11, 75, 1, 19, 11, 157 }, // U+207D
    { 4, 11, 75, 0, 19, 11, 168 }, // U+207E
    { 7, 7, 134, 1, 13, 13, 179 }, // U+207F
    { 7, 11, 117, 1, 7, 20, 192 }, // U+2080
    { 5, 9, 117, 1, 6, 12, 212 }, // U+2081
    { 6, 11, 117, 1, 7, 17, 224 }, // U+2082
    { 7, 11, 117, 0, 7, 20, 241 }, // U+2083
    { 7, 9, 117, 1, 6, 16, 261 }, // U+2084
    { 7, 11, 117, 0, 7, 20, 277 }, // U+2085
    { 7, 11, 117, 1, 7, 20, 297 }, // U+2086
    { 6, 11, 117, 1, 7, 17, 317 }, // U+2087
    { 7, 11, 117, 1, 7, 20, 334 }, // U+2088
    { 7, 11, 117, 1, 7, 20, 354 }, // U+2089
    { 6, 6, 113, 1, 4, 9, 374 }, // U+208A
    { 6, 1, 113, 1, 2, 2, 383 }, // U+208B
    { 6, 5, 113, 1, 4, 8, 385 }, // U+208C
    { 4, 12, 75, 1, 8, 12, 393 }, // U+208D
    { 4, 12, 75, 0, 8, 12, 405 }, // U+208E
    { 8, 7, 122, 0, 5, 14, 417 }, // U+2090
    { 8, 7, 122, 0, 5, 14, 431 }, // U+2091
    { 8, 7, 131, 0, 5, 14, 445 }, // U+2092
    { 7, 7, 115, 0, 5, 13, 459 }, // U+2093
    { 8, 7, 122, 0, 5, 14, 472 }, // U+2094
    { 7, 10, 134, 1, 8, 18, 486 }, // U+2095
    { 7, 10, 116, 1, 8, 18, 504 }, // U+2096
    { 2, 10, 56, 1, 8, 5, 522 }, // U+2097
    { 11, 7, 203, 1, 5, 20, 527 }, // U+2098
    { 7, 7, 134, 1, 5, 13, 547 }, // U+2099
    { 7, 10, 133, 1, 5, 18, 560 }, // U+209A
    { 6, 7, 104, 1, 5, 11, 578 }, // U+209B
    { 6, 9, 78, -1, 7, 14, 589 }, // U+209C
    { 11, 16, 191, 1, 16, 44, 0 }, // U+20A0
    { 11, 18, 191, 1, 16, 50, 44 }, // U+20A1
    { 11, 16, 191, 1, 16, 44, 94 }, // U+20A2
    { 10, 16, 191, 1, 16, 40, 138 }, // U+20A3
    { 10, 16, 191, 1, 16, 40, 178 }, // U+20A4
    { 17, 18, 312, 2, 15, 77, 218 }, // U+20A5
    { 12, 16, 191, 1, 16, 48, 295 }, // U+20A6
    { 15, 16, 259, 2, 16, 60, 343 }, // U+20A7
    { 15, 16, 278, 2, 16, 60, 403 }, // U+20A8
    { 14, 16, 223, 1, 16, 56, 463 }, // U+20A9
    { 13, 16, 266, 2, 16, 52, 519 }, // U+20AA
    { 12, 19, 206, 1, 16, 57, 571 }, // U+20AB
    { 11, 16, 191, 1, 16, 44, 628 }, // U+20AC
    { 12, 16, 191, 1, 16, 48, 672 }, // U+20AD
    { 11, 16, 191, 1, 16, 44, 720 }, // U+20AE
    { 20, 21, 323, 0, 16, 105, 764 }, // U+20AF
    { 11, 21, 191, 0, 16, 58, 869 }, // U+20B0
    { 12, 16, 191, 1, 16, 48, 927 }, // U+20B1
    { 12, 18, 243, 1, 16, 54, 975 }, // U+20B2
    { 14, 16, 203, 0, 16, 56, 1029 }, // U+20B3
    { 11, 16, 183, 1, 16, 44, 1085 }, // U+20B4
    { 12, 18, 211, 1, 16, 54, 1129 }, // U+20B5
    { 12, 15, 207, 0, 15, 45, 1183 }, // U+20B6
    { 14, 18, 242, 1, 16, 63, 1228 }, // U+20B7
    { 11, 16, 182, 1, 16, 44, 1291 }, // U+20B8
    { 9, 16, 191, 2, 16, 36, 1335 }, // U+20B9
    { 11, 16, 191, 1, 16, 44, 1371 }, // U+20BA
    { 16, 16, 260, 1, 16, 64, 1415 }, // U+20BB
    { 15, 16, 270, 1, 16, 60, 1479 }, // U+20BC
    { 11, 16, 194, 1, 16, 44, 1539 }, // U+20BD
    { 13, 16, 257, 1, 16, 52, 1583 }, // U+20BE
    { 9, 20, 191, 2, 18, 45, 1635 }, // U+20BF
    { 9, 15, 164, 1, 12, 34, 1680 }, // U+20C0
    { 10, 3, 191, 1, 9, 8, 0 }, // U+2212
    { 16, 16, 229, 1, 16, 64, 0 }, // U+FB00
    { 11, 16, 201, 1, 16, 44, 64 }, // U+FB01
    { 11, 16, 201, 1, 16, 44, 108 }, // U+FB02
    { 18, 16, 315, 1, 16, 72, 152 }, // U+FB03
    { 18, 16, 315, 1, 16, 72, 224 }, // U+FB04
    { 12, 16, 224, 2, 16, 48, 296 }, // U+FB05
    { 16, 16, 280, 1, 16, 64, 344 }, // U+FB06
    { 20, 20, 333, 0, 17, 100, 0 }, // U+FFFD
};

static const EpdUnicodeInterval notosans_10_regularIntervals[] = {
    { 0x0, 0x0, 0x0 },
    { 0xD, 0xD, 0x1 },
    { 0x20, 0x7E, 0x2 },
    { 0xA0, 0xFF, 0x61 },
    { 0x100, 0x17F, 0xC1 },
    { 0x1A0, 0x1A1, 0x141 },
    { 0x1AF, 0x1B0, 0x143 },
    { 0x1C4, 0x21F, 0x145 },
    { 0x300, 0x36F, 0x1A1 },
    { 0x400, 0x4FF, 0x211 },
    { 0x1EA0, 0x1EF9, 0x311 },
    { 0x2000, 0x2064, 0x36B },
    { 0x2066, 0x206F, 0x3D0 },
    { 0x2070, 0x2071, 0x3DA },
    { 0x2074, 0x208E, 0x3DC },
    { 0x2090, 0x209C, 0x3F7 },
    { 0x20A0, 0x20C0, 0x404 },
    { 0x2212, 0x2212, 0x425 },
    { 0xFB00, 0xFB06, 0x426 },
    { 0xFFFD, 0xFFFD, 0x42D },
};

static const EpdFontGroup notosans_10_regularGroups[] = {
    { 0, 1830, 3836, 97, 0 },
    { 1830, 1759, 4593, 96, 97 },
    { 3589, 2144, 6887, 128, 193 },
    { 5733, 2173, 6194, 96, 321 },
    { 7906, 723, 1035, 112, 417 },
    { 8629, 3370, 8157, 150, 529 },
    { 11999, 2607, 6338, 106, 679 },
    { 14606, 1647, 6077, 90, 785 },
    { 16253, 1161, 2619, 111, 875 },
    { 17414, 392, 684, 42, 986 },
    { 17806, 1056, 1883, 33, 1028 },
    { 18862, 11, 9, 1, 1061 },
    { 18873, 161, 432, 7, 1062 },
    { 19034, 79, 100, 1, 1069 },
};

static const EpdKernClassEntry notosans_10_regularKernLeftClasses[] = {
    { 0x0022, 1 }, // "
    { 0x0026, 2 }, // &
    { 0x0027, 1 }, // '
    { 0x0028, 3 }, // (
    { 0x002C, 4 }, // ,
    { 0x002D, 5 }, // -
    { 0x002E, 4 }, // .
    { 0x003A, 6 }, // :
    { 0x0041, 7 }, // A
    { 0x0042, 8 }, // B
    { 0x0043, 9 }, // C
    { 0x0044, 10 }, // D
    { 0x0045, 11 }, // E
    { 0x0046, 12 }, // F
    { 0x004B, 9 }, // K
    { 0x004C, 13 }, // L
    { 0x004F, 10 }, // O
    { 0x0050, 14 }, // P
    { 0x0051, 10 }, // Q
    { 0x0052, 15 }, // R
    { 0x0054, 16 }, // T
    { 0x0055, 17 }, // U
    { 0x0056, 18 }, // V
    { 0x0057, 18 }, // W
    { 0x0058, 9 }, // X
    { 0x0059, 19 }, // Y
    { 0x005A, 20 }, // Z
    { 0x005B, 3 }, // [
    { 0x005F, 21 }, // _
    { 0x0061, 22 }, // a
    { 0x0062, 23 }, // b
    { 0x0063, 24 }, // c
    { 0x0065, 23 }, // e
    { 0x0066, 25 }, // f
    { 0x0068, 22 }, // h
    { 0x006D, 22 }, // m
    { 0x006E, 22 }, // n
    { 0x006F, 23 }, // o
    { 0x0070, 23 }, // p
    { 0x0072, 26 }, // r
    { 0x0074, 24 }, // t
    { 0x0076, 27 }, // v
    { 0x0077, 27 }, // w
    { 0x0078, 28 }, // x
    { 0x0079, 27 }, // y
    { 0x007B, 3 }, // {
    { 0x00A1, 29 }, // U+00A1
    { 0x00AB, 30 }, // U+00AB
    { 0x00BB, 31 }, // U+00BB
    { 0x00BF, 32 }, // U+00BF
    { 0x00C0, 7 }, // U+00C0
    { 0x00C1, 7 }, // U+00C1
    { 0x00C2, 7 }, // U+00C2
    { 0x00C3, 7 }, // U+00C3
    { 0x00C4, 7 }, // U+00C4
    { 0x00C5, 7 }, // U+00C5
    { 0x00C6, 11 }, // U+00C6
    { 0x00C7, 9 }, // U+00C7
    { 0x00C8, 11 }, // U+00C8
    { 0x00C9, 11 }, // U+00C9
    { 0x00CA, 11 }, // U+00CA
    { 0x00CB, 11 }, // U+00CB
    { 0x00D0, 10 }, // U+00D0
    { 0x00D2, 10 }, // U+00D2
    { 0x00D3, 10 }, // U+00D3
    { 0x00D4, 10 }, // U+00D4
    { 0x00D5, 10 }, // U+00D5
    { 0x00D6, 10 }, // U+00D6
    { 0x00D8, 10 }, // U+00D8
    { 0x00D9, 17 }, // U+00D9
    { 0x00DA, 17 }, // U+00DA
    { 0x00DB, 17 }, // U+00DB
    { 0x00DC, 17 }, // U+00DC
    { 0x00DD, 19 }, // U+00DD
    { 0x00DE, 14 }, // U+00DE
    { 0x00E0, 22 }, // U+00E0
    { 0x00E1, 22 }, // U+00E1
    { 0x00E2, 22 }, // U+00E2
    { 0x00E3, 22 }, // U+00E3
    { 0x00E4, 22 }, // U+00E4
    { 0x00E5, 22 }, // U+00E5
    { 0x00E6, 23 }, // U+00E6
    { 0x00E8, 23 }, // U+00E8
    { 0x00E9, 23 }, // U+00E9
    { 0x00EA, 23 }, // U+00EA
    { 0x00EB, 23 }, // U+00EB
    { 0x00EE, 33 }, // U+00EE
    { 0x00EF, 33 }, // U+00EF
    { 0x00F0, 23 }, // U+00F0
    { 0x00F2, 23 }, // U+00F2
    { 0x00F3, 23 }, // U+00F3
    { 0x00F4, 23 }, // U+00F4
    { 0x00F5, 23 }, // U+00F5
    { 0x00F6, 23 }, // U+00F6
    { 0x00F8, 23 }, // U+00F8
    { 0x00FD, 27 }, // U+00FD
    { 0x00FE, 23 }, // U+00FE
    { 0x00FF, 27 }, // U+00FF
    { 0x0100, 7 }, // U+0100
    { 0x0101, 22 }, // U+0101
    { 0x0102, 7 }, // U+0102
    { 0x0103, 22 }, // U+0103
    { 0x0104, 34 }, // U+0104
    { 0x0105, 22 }, // U+0105
    { 0x0106, 9 }, // U+0106
    { 0x0108, 9 }, // U+0108
    { 0x010A, 9 }, // U+010A
    { 0x010C, 9 }, // U+010C
    { 0x010E, 10 }, // U+010E
    { 0x010F, 35 }, // U+010F
    { 0x0110, 10 }, // U+0110
    { 0x0112, 11 }, // U+0112
    { 0x0113, 23 }, // U+0113
    { 0x0114, 11 }, // U+0114
    { 0x0115, 23 }, // U+0115
    { 0x0116, 11 }, // U+0116
    { 0x0117, 23 }, // U+0117
    { 0x0118, 11 }, // U+0118
    { 0x0119, 23 }, // U+0119
    { 0x011A, 11 }, // U+011A
    { 0x011B, 23 }, // U+011B
    { 0x0125, 22 }, // U+0125
    { 0x0129, 36 }, // U+0129
    { 0x012B, 33 }, // U+012B
    { 0x012E, 37 }, // U+012E
    { 0x0136, 9 }, // U+0136
    { 0x0138, 28 }, // U+0138
    { 0x0139, 13 }, // U+0139
    { 0x013B, 13 }, // U+013B
    { 0x013D, 13 }, // U+013D
    { 0x013E, 35 }, // U+013E
    { 0x013F, 13 }, // U+013F
    { 0x0141, 13 }, // U+0141
    { 0x0144, 22 }, // U+0144
    { 0x0146, 22 }, // U+0146
    { 0x0149, 22 }, // U+0149
    { 0x014B, 22 }, // U+014B
    { 0x014C, 10 }, // U+014C
    { 0x014D, 23 }, // U+014D
    { 0x014E, 10 }, // U+014E
    { 0x014F, 23 }, // U+014F
    { 0x0150, 10 }, // U+0150
    { 0x0151, 23 }, // U+0151
    { 0x0152, 11 }, // U+0152
    { 0x0153, 23 }, // U+0153
    { 0x0155, 26 }, // U+0155
    { 0x0157, 26 }, // U+0157
    { 0x0159, 26 }, // U+0159
    { 0x0162, 16 }, // U+0162
    { 0x0163, 24 }, // U+0163
    { 0x0164, 16 }, // U+0164
    { 0x0165, 38 }, // U+0165
    { 0x0166, 16 }, // U+0166
    { 0x0167, 24 }, // U+0167
    { 0x0168, 17 }, // U+0168
    { 0x016A, 17 }, // U+016A
    { 0x016C, 17 }, // U+016C
    { 0x016E, 17 }, // U+016E
    { 0x0170, 17 }, // U+0170
    { 0x0172, 17 }, // U+0172
    { 0x0174, 18 }, // U+0174
    { 0x0175, 27 }, // U+0175
    { 0x0176, 19 }, // U+0176
    { 0x0177, 27 }, // U+0177
    { 0x0178, 19 }, // U+0178
    { 0x0179, 20 }, // U+0179
    { 0x017B, 20 }, // U+017B
    { 0x017D, 20 }, // U+017D
    { 0x01A0, 39 }, // U+01A0
    { 0x01A1, 40 }, // U+01A1
    { 0x01AF, 41 }, // U+01AF
    { 0x01B0, 42 }, // U+01B0
    { 0x01FA, 7 }, // U+01FA
    { 0x01FB, 22 }, // U+01FB
    { 0x01FC, 11 }, // U+01FC
    { 0x01FD, 23 }, // U+01FD
    { 0x01FE, 10 }, // U+01FE
    { 0x020B, 33 }, // U+020B
    { 0x021A, 16 }, // U+021A
    { 0x021B, 24 }, // U+021B
    { 0x0400, 43 }, // U+0400
    { 0x0401, 43 }, // U+0401
    { 0x0402, 44 }, // U+0402
    { 0x0403, 45 }, // U+0403
    { 0x0404, 46 }, // U+0404
    { 0x0405, 47 }, // U+0405
    { 0x0409, 48 }, // U+0409
    { 0x040A, 48 }, // U+040A
    { 0x040B, 44 }, // U+040B
    { 0x040C, 49 }, // U+040C
    { 0x040E, 50 }, // U+040E
    { 0x0410, 51 }, // U+0410
    { 0x0411, 52 }, // U+0411
    { 0x0412, 53 }, // U+0412
    { 0x0413, 45 }, // U+0413
    { 0x0414, 54 }, // U+0414
    { 0x0415, 43 }, // U+0415
    { 0x0416, 49 }, // U+0416
    { 0x0417, 53 }, // U+0417
    { 0x041A, 49 }, // U+041A
    { 0x041E, 55 }, // U+041E
    { 0x0420, 56 }, // U+0420
    { 0x0421, 46 }, // U+0421
    { 0x0422, 45 }, // U+0422
    { 0x0423, 50 }, // U+0423
    { 0x0424, 57 }, // U+0424
    { 0x0425, 49 }, // U+0425
    { 0x0426, 54 }, // U+0426
    { 0x0429, 54 }, // U+0429
    { 0x042A, 48 }, // U+042A
    { 0x042C, 48 }, // U+042C
    { 0x042D, 55 }, // U+042D
    { 0x042E, 55 }, // U+042E
    { 0x0430, 58 }, // U+0430
    { 0x0431, 59 }, // U+0431
    { 0x0432, 60 }, // U+0432
    { 0x0433, 61 }, // U+0433
    { 0x0434, 62 }, // U+0434
    { 0x0435, 63 }, // U+0435
    { 0x0436, 64 }, // U+0436
    { 0x0437, 60 }, // U+0437
    { 0x0438, 65 }, // U+0438
    { 0x0439, 65 }, // U+0439
    { 0x043A, 64 }, // U+043A
    { 0x043B, 65 }, // U+043B
    { 0x043C, 65 }, // U+043C
    { 0x043D, 65 }, // U+043D
    { 0x043E, 63 }, // U+043E
    { 0x043F, 65 }, // U+043F
    { 0x0440, 63 }, // U+0440
    { 0x0441, 66 }, // U+0441
    { 0x0442, 61 }, // U+0442
    { 0x0443, 67 }, // U+0443
    { 0x0444, 63 }, // U+0444
    { 0x0445, 64 }, // U+0445
    { 0x0446, 62 }, // U+0446
    { 0x0447, 65 }, // U+0447
    { 0x0448, 65 }, // U+0448
    { 0x0449, 62 }, // U+0449
    { 0x044A, 68 }, // U+044A
    { 0x044B, 65 }, // U+044B
    { 0x044C, 68 }, // U+044C
    { 0x044D, 63 }, // U+044D
    { 0x044E, 63 }, // U+044E
    { 0x044F, 65 }, // U+044F
    { 0x0450, 63 }, // U+0450
    { 0x0451, 63 }, // U+0451
    { 0x0452, 69 }, // U+0452
    { 0x0453, 61 }, // U+0453
    { 0x0454, 66 }, // U+0454
    { 0x0455, 70 }, // U+0455
    { 0x0457, 71 }, // U+0457
    { 0x0458, 72 }, // U+0458
    { 0x0459, 68 }, // U+0459
    { 0x045A, 68 }, // U+045A
    { 0x045B, 73 }, // U+045B
    { 0x045C, 64 }, // U+045C
    { 0x045D, 65 }, // U+045D
    { 0x045E, 67 }, // U+045E
    { 0x045F, 65 }, // U+045F
    { 0x0460, 55 }, // U+0460
    { 0x0461, 74 }, // U+0461
    { 0x0462, 75 }, // U+0462
    { 0x0463, 68 }, // U+0463
    { 0x0464, 46 }, // U+0464
    { 0x0465, 66 }, // U+0465
    { 0x0466, 51 }, // U+0466
    { 0x0467, 76 }, // U+0467
    { 0x0468, 51 }, // U+0468
    { 0x0469, 76 }, // U+0469
    { 0x046E, 77 }, // U+046E
    { 0x0471, 63 }, // U+0471
    { 0x0472, 55 }, // U+0472
    { 0x0473, 63 }, // U+0473
    { 0x0474, 50 }, // U+0474
    { 0x0475, 74 }, // U+0475
    { 0x0476, 50 }, // U+0476
    { 0x0477, 74 }, // U+0477
    { 0x0478, 67 }, // U+0478
    { 0x0479, 67 }, // U+0479
    { 0x047A, 55 }, // U+047A
    { 0x047B, 63 }, // U+047B
    { 0x047C, 55 }, // U+047C
    { 0x047D, 63 }, // U+047D
    { 0x047E, 55 }, // U+047E
    { 0x047F, 74 }, // U+047F
    { 0x0480, 46 }, // U+0480
    { 0x048A, 54 }, // U+048A
    { 0x048B, 62 }, // U+048B
    { 0x048C, 75 }, // U+048C
    { 0x048D, 68 }, // U+048D
    { 0x048E, 56 }, // U+048E
    { 0x048F, 63 }, // U+048F
    { 0x0490, 78 }, // U+0490
    { 0x0491, 79 }, // U+0491
    { 0x0492, 80 }, // U+0492
    { 0x0493, 81 }, // U+0493
    { 0x0496, 82 }, // U+0496
    { 0x0497, 83 }, // U+0497
    { 0x0498, 77 }, // U+0498
    { 0x0499, 60 }, // U+0499
    { 0x049A, 82 }, // U+049A
    { 0x049B, 83 }, // U+049B
    { 0x049C, 49 }, // U+049C
    { 0x049D, 64 }, // U+049D
    { 0x049E, 49 }, // U+049E
    { 0x049F, 64 }, // U+049F
    { 0x04A0, 49 }, // U+04A0
    { 0x04A1, 64 }, // U+04A1
    { 0x04A2, 54 }, // U+04A2
    { 0x04A3, 62 }, // U+04A3
    { 0x04A4, 80 }, // U+04A4
    { 0x04A5, 79 }, // U+04A5
    { 0x04A9, 63 }, // U+04A9
    { 0x04AA, 46 }, // U+04AA
    { 0x04AB, 66 }, // U+04AB
    { 0x04AC, 78 }, // U+04AC
    { 0x04AD, 79 }, // U+04AD
    { 0x04AE, 84 }, // U+04AE
    { 0x04AF, 85 }, // U+04AF
    { 0x04B0, 84 }, // U+04B0
    { 0x04B1, 85 }, // U+04B1
    { 0x04B2, 82 }, // U+04B2
    { 0x04B3, 83 }, // U+04B3
    { 0x04B4, 54 }, // U+04B4
    { 0x04B5, 62 }, // U+04B5
    { 0x04B6, 54 }, // U+04B6
    { 0x04B7, 62 }, // U+04B7
    { 0x04BC, 86 }, // U+04BC
    { 0x04BD, 87 }, // U+04BD
    { 0x04BE, 86 }, // U+04BE
    { 0x04BF, 87 }, // U+04BF
    { 0x04C1, 49 }, // U+04C1
    { 0x04C2, 64 }, // U+04C2
    { 0x04C5, 54 }, // U+04C5
    { 0x04C6, 62 }, // U+04C6
    { 0x04C9, 54 }, // U+04C9
    { 0x04CA, 62 }, // U+04CA
    { 0x04CD, 54 }, // U+04CD
    { 0x04CE, 62 }, // U+04CE
    { 0x04D0, 51 }, // U+04D0
    { 0x04D1, 58 }, // U+04D1
    { 0x04D2, 51 }, // U+04D2
    { 0x04D3, 58 }, // U+04D3
    { 0x04D4, 43 }, // U+04D4
    { 0x04D5, 87 }, // U+04D5
    { 0x04D6, 43 }, // U+04D6
    { 0x04D7, 87 }, // U+04D7
    { 0x04D8, 55 }, // U+04D8
    { 0x04D9, 63 }, // U+04D9
    { 0x04DA, 55 }, // U+04DA
    { 0x04DB, 63 }, // U+04DB
    { 0x04DC, 49 }, // U+04DC
    { 0x04DD, 64 }, // U+04DD
    { 0x04DE, 77 }, // U+04DE
    { 0x04DF, 60 }, // U+04DF
    { 0x04E3, 65 }, // U+04E3
    { 0x04E5, 65 }, // U+04E5
    { 0x04E6, 55 }, // U+04E6
    { 0x04E7, 63 }, // U+04E7
    { 0x04E8, 55 }, // U+04E8
    { 0x04E9, 63 }, // U+04E9
    { 0x04EA, 55 }, // U+04EA
    { 0x04EB, 63 }, // U+04EB
    { 0x04EC, 55 }, // U+04EC
    { 0x04ED, 63 }, // U+04ED
    { 0x04EE, 50 }, // U+04EE
    { 0x04EF, 67 }, // U+04EF
    { 0x04F0, 50 }, // U+04F0
    { 0x04F1, 67 }, // U+04F1
    { 0x04F2, 50 }, // U+04F2
    { 0x04F3, 67 }, // U+04F3
    { 0x04F5, 65 }, // U+04F5
    { 0x04F6, 78 }, // U+04F6
    { 0x04F7, 79 }, // U+04F7
    { 0x04F9, 65 }, // U+04F9
    { 0x04FA, 80 }, // U+04FA
    { 0x04FB, 81 }, // U+04FB
    { 0x04FC, 82 }, // U+04FC
    { 0x04FD, 83 }, // U+04FD
    { 0x04FE, 49 }, // U+04FE
    { 0x04FF, 83 }, // U+04FF
    { 0x1EA0, 7 }, // U+1EA0
    { 0x1EA1, 22 }, // U+1EA1
    { 0x1EA2, 7 }, // U+1EA2
    { 0x1EA3, 22 }, // U+1EA3
    { 0x1EA4, 7 }, // U+1EA4
    { 0x1EA5, 22 }, // U+1EA5
    { 0x1EA6, 7 }, // U+1EA6
    { 0x1EA7, 22 }, // U+1EA7
    { 0x1EA8, 7 }, // U+1EA8
    { 0x1EA9, 22 }, // U+1EA9
    { 0x1EAA, 7 }, // U+1EAA
    { 0x1EAB, 22 }, // U+1EAB
    { 0x1EAC, 7 }, // U+1EAC
    { 0x1EAD, 22 }, // U+1EAD
    { 0x1EAE, 7 }, // U+1EAE
    { 0x1EAF, 22 }, // U+1EAF
    { 0x1EB0, 7 }, // U+1EB0
    { 0x1EB1, 22 }, // U+1EB1
    { 0x1EB2, 7 }, // U+1EB2
    { 0x1EB3, 22 }, // U+1EB3
    { 0x1EB4, 7 }, // U+1EB4
    { 0x1EB5, 22 }, // U+1EB5
    { 0x1EB6, 7 }, // U+1EB6
    { 0x1EB7, 22 }, // U+1EB7
    { 0x1EB8, 11 }, // U+1EB8
    { 0x1EB9, 23 }, // U+1EB9
    { 0x1EBA, 11 }, // U+1EBA
    { 0x1EBB, 23 }, // U+1EBB
    { 0x1EBC, 11 }, // U+1EBC
    { 0x1EBD, 23 }, // U+1EBD
    { 0x1EBE, 11 }, // U+1EBE
    { 0x1EBF, 23 }, // U+1EBF
    { 0x1EC0, 11 }, // U+1EC0
    { 0x1EC1, 23 }, // U+1EC1
    { 0x1EC2, 11 }, // U+1EC2
    { 0x1EC3, 23 }, // U+1EC3
    { 0x1EC4, 11 }, // U+1EC4
    { 0x1EC5, 23 }, // U+1EC5
    { 0x1EC6, 11 }, // U+1EC6
    { 0x1EC7, 23 }, // U+1EC7
    { 0x1ECC, 10 }, // U+1ECC
    { 0x1ECD, 23 }, // U+1ECD
    { 0x1ECE, 10 }, // U+1ECE
    { 0x1ECF, 23 }, // U+1ECF
    { 0x1ED0, 10 }, // U+1ED0
    { 0x1ED1, 23 }, // U+1ED1
    { 0x1ED2, 10 }, // U+1ED2
    { 0x1ED3, 23 }, // U+1ED3
    { 0x1ED4, 10 }, // U+1ED4
    { 0x1ED5, 23 }, // U+1ED5
    { 0x1ED6, 10 }, // U+1ED6
    { 0x1ED7, 23 }, // U+1ED7
    { 0x1ED8, 10 }, // U+1ED8
    { 0x1ED9, 23 }, // U+1ED9
    { 0x1EDA, 39 }, // U+1EDA
    { 0x1EDB, 40 }, // U+1EDB
    { 0x1EDC, 39 }, // U+1EDC
    { 0x1EDD, 40 }, // U+1EDD
    { 0x1EDE, 39 }, // U+1EDE
    { 0x1EDF, 40 }, // U+1EDF
    { 0x1EE0, 39 }, // U+1EE0
    { 0x1EE1, 40 }, // U+1EE1
    { 0x1EE2, 39 }, // U+1EE2
    { 0x1EE3, 40 }, // U+1EE3
    { 0x1EE4, 17 }, // U+1EE4
    { 0x1EE6, 17 }, // U+1EE6
    { 0x1EE8, 41 }, // U+1EE8
    { 0x1EE9, 42 }, // U+1EE9
    { 0x1EEA, 41 }, // U+1EEA
    { 0x1EEB, 42 }, // U+1EEB
    { 0x1EEC, 41 }, // U+1EEC
    { 0x1EED, 42 }, // U+1EED
    { 0x1EEE, 41 }, // U+1EEE
    { 0x1EEF, 42 }, // U+1EEF
    { 0x1EF0, 41 }, // U+1EF0
    { 0x1EF1, 42 }, // U+1EF1
    { 0x1EF2, 19 }, // U+1EF2
    { 0x1EF3, 27 }, // U+1EF3
    { 0x1EF4, 19 }, // U+1EF4
    { 0x1EF5, 27 }, // U+1EF5
    { 0x1EF6, 19 }, // U+1EF6
    { 0x1EF7, 27 }, // U+1EF7
    { 0x1EF8, 19 }, // U+1EF8
    { 0x1EF9, 27 }, // U+1EF9
    { 0x2013, 5 }, // U+2013
    { 0x2014, 5 }, // U+2014
    { 0x2015, 5 }, // U+2015
    { 0x2018, 1 }, // U+2018
    { 0x2019, 1 }, // U+2019
    { 0x201A, 4 }, // U+201A
    { 0x201C, 1 }, // U+201C
    { 0x201D, 1 }, // U+201D
    { 0x201E, 4 }, // U+201E
    { 0x2039, 30 }, // U+2039
    { 0x203A, 31 }, // U+203A
    { 0xFB00, 25 }, // U+FB00
};

static const EpdKernClassEntry notosans_10_regularKernRightClasses[] = {
    { 0x0021, 1 }, // !
    { 0x0022, 2 }, // "
    { 0x0026, 3 }, // &
    { 0x0027, 2 }, // '
    { 0x0029, 4 }, // )
    { 0x002C, 5 }, // ,
    { 0x002D, 6 }, // -
    { 0x002E, 5 }, // .
    { 0x003A, 7 }, // :
    { 0x003B, 7 }, // ;
    { 0x003F, 8 }, // ?
    { 0x0041, 9 }, // A
    { 0x0043, 10 }, // C
    { 0x0047, 10 }, // G
    { 0x0049, 11 }, // I
    { 0x004A, 12 }, // J
    { 0x004F, 10 }, // O
    { 0x0051, 10 }, // Q
    { 0x0054, 13 }, // T
    { 0x0055, 14 }, // U
    { 0x0056, 15 }, // V
    { 0x0057, 15 }, // W
    { 0x0058, 16 }, // X
    { 0x0059, 17 }, // Y
    { 0x005A, 18 }, // Z
    { 0x005D, 4 }, // ]
    { 0x0061, 19 }, // a
    { 0x0062, 20 }, // b
    { 0x0063, 21 }, // c
    { 0x0064, 21 }, // d
    { 0x0065, 21 }, // e
    { 0x0066, 22 }, // f
    { 0x0067, 23 }, // g
    { 0x0068, 20 }, // h
    { 0x006A, 24 }, // j
    { 0x006B, 20 }, // k
    { 0x006C, 20 }, // l
    { 0x006D, 25 }, // m
    { 0x006E, 25 }, // n
    { 0x006F, 21 }, // o
    { 0x0070, 25 }, // p
    { 0x0071, 21 }, // q
    { 0x0072, 25 }, // r
    { 0x0073, 26 }, // s
    { 0x0074, 22 }, // t
    { 0x0075, 25 }, // u
    { 0x0076, 27 }, // v
    { 0x0077, 27 }, // w
    { 0x0078, 27 }, // x
    { 0x0079, 27 }, // y
    { 0x007A, 28 }, // z
    { 0x007D, 4 }, // }
    { 0x00AB, 29 }, // U+00AB
    { 0x00BB, 30 }, // U+00BB
    { 0x00C0, 9 }, // U+00C0
    { 0x00C1, 9 }, // U+00C1
    { 0x00C2, 9 }, // U+00C2
    { 0x00C3, 9 }, // U+00C3
    { 0x00C4, 9 }, // U+00C4
    { 0x00C5, 9 }, // U+00C5
    { 0x00C6, 31 }, // U+00C6
    { 0x00C7, 10 }, // U+00C7
    { 0x00D2, 10 }, // U+00D2
    { 0x00D3, 10 }, // U+00D3
    { 0x00D4, 10 }, // U+00D4
    { 0x00D5, 10 }, // U+00D5
    { 0x00D6, 10 }, // U+00D6
    { 0x00D8, 10 }, // U+00D8
    { 0x00D9, 14 }, // U+00D9
    { 0x00DA, 14 }, // U+00DA
    { 0x00DB, 14 }, // U+00DB
    { 0x00DC, 14 }, // U+00DC
    { 0x00DD, 17 }, // U+00DD
    { 0x00E0, 21 }, // U+00E0
    { 0x00E1, 19 }, // U+00E1
    { 0x00E2, 19 }, // U+00E2
    { 0x00E3, 19 }, // U+00E3
    { 0x00E4, 19 }, // U+00E4
    { 0x00E5, 19 }, // U+00E5
    { 0x00E6, 19 }, // U+00E6
    { 0x00E7, 21 }, // U+00E7
    { 0x00E8, 21 }, // U+00E8
    { 0x00E9, 21 }, // U+00E9
    { 0x00EA, 21 }, // U+00EA
    { 0x00EB, 21 }, // U+00EB
    { 0x00F2, 21 }, // U+00F2
    { 0x00F3, 21 }, // U+00F3
    { 0x00F4, 21 }, // U+00F4
    { 0x00F5, 21 }, // U+00F5
    { 0x00F6, 21 }, // U+00F6
    { 0x00F8, 21 }, // U+00F8
    { 0x00F9, 25 }, // U+00F9
    { 0x00FA, 25 }, // U+00FA
    { 0x00FB, 25 }, // U+00FB
    { 0x00FC, 25 }, // U+00FC
    { 0x00FD, 27 }, // U+00FD
    { 0x00FE, 20 }, // U+00FE
    { 0x00FF, 27 }, // U+00FF
    { 0x0100, 9 }, // U+0100
    { 0x0101, 19 }, // U+0101
    { 0x0102, 9 }, // U+0102
    { 0x0103, 19 }, // U+0103
    { 0x0104, 9 }, // U+0104
    { 0x0105, 19 }, // U+0105
    { 0x0106, 10 }, // U+0106
    { 0x0107, 21 }, // U+0107
    { 0x0108, 10 }, // U+0108
    { 0x0109, 21 }, // U+0109
    { 0x010A, 10 }, // U+010A
    { 0x010B, 21 }, // U+010B
    { 0x010C, 10 }, // U+010C
    { 0x010D, 21 }, // U+010D
    { 0x010F, 21 }, // U+010F
    { 0x0111, 21 }, // U+0111
    { 0x0113, 21 }, // U+0113
    { 0x0115, 21 }, // U+0115
    { 0x0117, 21 }, // U+0117
    { 0x0119, 21 }, // U+0119
    { 0x011B, 21 }, // U+011B
    { 0x011C, 10 }, // U+011C
    { 0x011D, 23 }, // U+011D
    { 0x011E, 10 }, // U+011E
    { 0x011F, 23 }, // U+011F
    { 0x0120, 10 }, // U+0120
    { 0x0121, 23 }, // U+0121
    { 0x0122, 10 }, // U+0122
    { 0x0123, 23 }, // U+0123
    { 0x0125, 20 }, // U+0125
    { 0x0127, 32 }, // U+0127
    { 0x0129, 33 }, // U+0129
    { 0x0137, 20 }, // U+0137
    { 0x0138, 25 }, // U+0138
    { 0x013A, 20 }, // U+013A
    { 0x013C, 20 }, // U+013C
    { 0x013E, 20 }, // U+013E
    { 0x0140, 20 }, // U+0140
    { 0x0144, 25 }, // U+0144
    { 0x0146, 25 }, // U+0146
    { 0x014B, 25 }, // U+014B
    { 0x014C, 10 }, // U+014C
    { 0x014D, 21 }, // U+014D
    { 0x014E, 10 }, // U+014E
    { 0x014F, 21 }, // U+014F
    { 0x0150, 10 }, // U+0150
    { 0x0151, 21 }, // U+0151
    { 0x0152, 10 }, // U+0152
    { 0x0153, 21 }, // U+0153
    { 0x0155, 25 }, // U+0155
    { 0x0157, 25 }, // U+0157
    { 0x015B, 26 }, // U+015B
    { 0x015F, 26 }, // U+015F
    { 0x0162, 13 }, // U+0162
    { 0x0163, 22 }, // U+0163
    { 0x0164, 13 }, // U+0164
    { 0x0165, 22 }, // U+0165
    { 0x0166, 13 }, // U+0166
    { 0x0167, 22 }, // U+0167
    { 0x0168, 14 }, // U+0168
    { 0x0169, 25 }, // U+0169
    { 0x016A, 14 }, // U+016A
    { 0x016B, 25 }, // U+016B
    { 0x016C, 14 }, // U+016C
    { 0x016D, 25 }, // U+016D
    { 0x016E, 14 }, // U+016E
    { 0x016F, 25 }, // U+016F
    { 0x0170, 14 }, // U+0170
    { 0x0171, 25 }, // U+0171
    { 0x0172, 14 }, // U+0172
    { 0x0173, 25 }, // U+0173
    { 0x0174, 15 }, // U+0174
    { 0x0175, 27 }, // U+0175
    { 0x0176, 17 }, // U+0176
    { 0x0177, 27 }, // U+0177
    { 0x0178, 17 }, // U+0178
    { 0x0179, 18 }, // U+0179
    { 0x017A, 28 }, // U+017A
    { 0x017B, 18 }, // U+017B
    { 0x017C, 28 }, // U+017C
    { 0x017D, 18 }, // U+017D
    { 0x017E, 28 }, // U+017E
    { 0x01A0, 10 }, // U+01A0
    { 0x01A1, 21 }, // U+01A1
    { 0x01AF, 14 }, // U+01AF
    { 0x01B0, 25 }, // U+01B0
    { 0x01FA, 9 }, // U+01FA
    { 0x01FB, 19 }, // U+01FB
    { 0x01FC, 31 }, // U+01FC
    { 0x01FD, 19 }, // U+01FD
    { 0x01FE, 10 }, // U+01FE
    { 0x01FF, 21 }, // U+01FF
    { 0x0219, 26 }, // U+0219
    { 0x021A, 13 }, // U+021A
    { 0x021B, 22 }, // U+021B
    { 0x0402, 34 }, // U+0402
    { 0x0404, 35 }, // U+0404
    { 0x0405, 36 }, // U+0405
    { 0x0408, 37 }, // U+0408
    { 0x0409, 38 }, // U+0409
    { 0x040B, 34 }, // U+040B
    { 0x040E, 39 }, // U+040E
    { 0x0410, 40 }, // U+0410
    { 0x0414, 41 }, // U+0414
    { 0x0416, 42 }, // U+0416
    { 0x0417, 43 }, // U+0417
    { 0x041B, 38 }, // U+041B
    { 0x041E, 35 }, // U+041E
    { 0x0421, 35 }, // U+0421
    { 0x0422, 34 }, // U+0422
    { 0x0423, 39 }, // U+0423
    { 0x0424, 44 }, // U+0424
    { 0x0425, 42 }, // U+0425
    { 0x0427, 45 }, // U+0427
    { 0x042A, 34 }, // U+042A
    { 0x042D, 43 }, // U+042D
    { 0x042F, 46 }, // U+042F
    { 0x0430, 47 }, // U+0430
    { 0x0431, 48 }, // U+0431
    { 0x0432, 49 }, // U+0432
    { 0x0433, 49 }, // U+0433
    { 0x0434, 50 }, // U+0434
    { 0x0435, 51 }, // U+0435
    { 0x0436, 52 }, // U+0436
    { 0x0437, 53 }, // U+0437
    { 0x0438, 49 }, // U+0438
    { 0x0439, 49 }, // U+0439
    { 0x043A, 49 }, // U+043A
    { 0x043B, 54 }, // U+043B
    { 0x043C, 49 }, // U+043C
    { 0x043D, 49 }, // U+043D
    { 0x043E, 51 }, // U+043E
    { 0x043F, 49 }, // U+043F
    { 0x0440, 49 }, // U+0440
    { 0x0441, 51 }, // U+0441
    { 0x0442, 55 }, // U+0442
    { 0x0443, 56 }, // U+0443
    { 0x0444, 51 }, // U+0444
    { 0x0445, 52 }, // U+0445
    { 0x0446, 49 }, // U+0446
    { 0x0447, 57 }, // U+0447
    { 0x0448, 49 }, // U+0448
    { 0x0449, 49 }, // U+0449
    { 0x044A, 55 }, // U+044A
    { 0x044B, 49 }, // U+044B
    { 0x044C, 49 }, // U+044C
    { 0x044D, 53 }, // U+044D
    { 0x044E, 49 }, // U+044E
    { 0x044F, 58 }, // U+044F
    { 0x0450, 51 }, // U+0450
    { 0x0451, 51 }, // U+0451
    { 0x0452, 59 }, // U+0452
    { 0x0453, 49 }, // U+0453
    { 0x0454, 51 }, // U+0454
    { 0x0455, 60 }, // U+0455
    { 0x0457, 61 }, // U+0457
    { 0x0458, 62 }, // U+0458
    { 0x0459, 54 }, // U+0459
    { 0x045A, 49 }, // U+045A
    { 0x045B, 59 }, // U+045B
    { 0x045C, 49 }, // U+045C
    { 0x045D, 49 }, // U+045D
    { 0x045E, 56 }, // U+045E
    { 0x045F, 49 }, // U+045F
    { 0x0460, 63 }, // U+0460
    { 0x0461, 64 }, // U+0461
    { 0x0462, 65 }, // U+0462
    { 0x0465, 66 }, // U+0465
    { 0x0466, 40 }, // U+0466
    { 0x0467, 50 }, // U+0467
    { 0x0469, 66 }, // U+0469
    { 0x046D, 66 }, // U+046D
    { 0x046E, 43 }, // U+046E
    { 0x0470, 45 }, // U+0470
    { 0x0472, 63 }, // U+0472
    { 0x0473, 47 }, // U+0473
    { 0x0474, 67 }, // U+0474
    { 0x0475, 64 }, // U+0475
    { 0x0476, 67 }, // U+0476
    { 0x0477, 64 }, // U+0477
    { 0x0478, 63 }, // U+0478
    { 0x0479, 47 }, // U+0479
    { 0x047A, 63 }, // U+047A
    { 0x047B, 47 }, // U+047B
    { 0x047C, 63 }, // U+047C
    { 0x047D, 47 }, // U+047D
    { 0x047E, 63 }, // U+047E
    { 0x047F, 64 }, // U+047F
    { 0x0480, 63 }, // U+0480
    { 0x0481, 47 }, // U+0481
    { 0x048B, 66 }, // U+048B
    { 0x048C, 65 }, // U+048C
    { 0x048D, 59 }, // U+048D
    { 0x048F, 66 }, // U+048F
    { 0x0491, 66 }, // U+0491
    { 0x0492, 65 }, // U+0492
    { 0x0495, 66 }, // U+0495
    { 0x0496, 42 }, // U+0496
    { 0x0497, 52 }, // U+0497
    { 0x0498, 43 }, // U+0498
    { 0x0499, 53 }, // U+0499
    { 0x049B, 66 }, // U+049B
    { 0x049D, 66 }, // U+049D
    { 0x049F, 59 }, // U+049F
    { 0x04A0, 68 }, // U+04A0
    { 0x04A1, 55 }, // U+04A1
    { 0x04A3, 66 }, // U+04A3
    { 0x04A5, 66 }, // U+04A5
    { 0x04A7, 66 }, // U+04A7
    { 0x04A8, 63 }, // U+04A8
    { 0x04A9, 47 }, // U+04A9
    { 0x04AA, 63 }, // U+04AA
    { 0x04AB, 47 }, // U+04AB
    { 0x04AC, 34 }, // U+04AC
    { 0x04AD, 55 }, // U+04AD
    { 0x04AE, 69 }, // U+04AE
    { 0x04AF, 70 }, // U+04AF
    { 0x04B0, 69 }, // U+04B0
    { 0x04B1, 70 }, // U+04B1
    { 0x04B2, 42 }, // U+04B2
    { 0x04B3, 52 }, // U+04B3
    { 0x04B4, 68 }, // U+04B4
    { 0x04B5, 55 }, // U+04B5
    { 0x04B6, 45 }, // U+04B6
    { 0x04B7, 57 }, // U+04B7
    { 0x04B8, 45 }, // U+04B8
    { 0x04B9, 57 }, // U+04B9
    { 0x04BB, 66 }, // U+04BB
    { 0x04BC, 71 }, // U+04BC
    { 0x04BD, 72 }, // U+04BD
    { 0x04BE, 71 }, // U+04BE
    { 0x04BF, 72 }, // U+04BF
    { 0x04C1, 42 }, // U+04C1
    { 0x04C2, 52 }, // U+04C2
    { 0x04C4, 66 }, // U+04C4
    { 0x04C5, 73 }, // U+04C5
    { 0x04C6, 50 }, // U+04C6
    { 0x04C8, 66 }, // U+04C8
    { 0x04CA, 66 }, // U+04CA
    { 0x04CB, 45 }, // U+04CB
    { 0x04CC, 57 }, // U+04CC
    { 0x04CE, 66 }, // U+04CE
    { 0x04D0, 40 }, // U+04D0
    { 0x04D1, 74 }, // U+04D1
    { 0x04D2, 40 }, // U+04D2
    { 0x04D3, 74 }, // U+04D3
    { 0x04D4, 40 }, // U+04D4
    { 0x04D5, 74 }, // U+04D5
    { 0x04D7, 47 }, // U+04D7
    { 0x04D8, 75 }, // U+04D8
    { 0x04D9, 74 }, // U+04D9
    { 0x04DA, 75 }, // U+04DA
    { 0x04DB, 74 }, // U+04DB
    { 0x04DC, 42 }, // U+04DC
    { 0x04DD, 52 }, // U+04DD
    { 0x04DE, 43 }, // U+04DE
    { 0x04DF, 53 }, // U+04DF
    { 0x04E3, 49 }, // U+04E3
    { 0x04E5, 49 }, // U+04E5
    { 0x04E6, 63 }, // U+04E6
    { 0x04E7, 47 }, // U+04E7
    { 0x04E8, 63 }, // U+04E8
    { 0x04E9, 47 }, // U+04E9
    { 0x04EA, 63 }, // U+04EA
    { 0x04EB, 47 }, // U+04EB
    { 0x04EC, 43 }, // U+04EC
    { 0x04ED, 53 }, // U+04ED
    { 0x04EE, 39 }, // U+04EE
    { 0x04EF, 56 }, // U+04EF
    { 0x04F0, 39 }, // U+04F0
    { 0x04F1, 56 }, // U+04F1
    { 0x04F2, 39 }, // U+04F2
    { 0x04F3, 56 }, // U+04F3
    { 0x04F4, 45 }, // U+04F4
    { 0x04F5, 57 }, // U+04F5
    { 0x04F7, 66 }, // U+04F7
    { 0x04F9, 49 }, // U+04F9
    { 0x04FA, 65 }, // U+04FA
    { 0x04FC, 42 }, // U+04FC
    { 0x04FD, 52 }, // U+04FD
    { 0x04FE, 42 }, // U+04FE
    { 0x04FF, 52 }, // U+04FF
    { 0x1EA0, 9 }, // U+1EA0
    { 0x1EA1, 19 }, // U+1EA1
    { 0x1EA2, 9 }, // U+1EA2
    { 0x1EA3, 19 }, // U+1EA3
    { 0x1EA4, 9 }, // U+1EA4
    { 0x1EA5, 19 }, // U+1EA5
    { 0x1EA6, 9 }, // U+1EA6
    { 0x1EA7, 19 }, // U+1EA7
    { 0x1EA8, 9 }, // U+1EA8
    { 0x1EA9, 19 }, // U+1EA9
    { 0x1EAA, 9 }, // U+1EAA
    { 0x1EAB, 19 }, // U+1EAB
    { 0x1EAC, 9 }, // U+1EAC
    { 0x1EAD, 19 }, // U+1EAD
    { 0x1EAE, 9 }, // U+1EAE
    { 0x1EAF, 19 }, // U+1EAF
    { 0x1EB0, 9 }, // U+1EB0
    { 0x1EB1, 19 }, // U+1EB1
    { 0x1EB2, 9 }, // U+1EB2
    { 0x1EB3, 19 }, // U+1EB3
    { 0x1EB4, 9 }, // U+1EB4
    { 0x1EB5, 19 }, // U+1EB5
    { 0x1EB6, 9 }, // U+1EB6
    { 0x1EB7, 19 }, // U+1EB7
    { 0x1EB9, 21 }, // U+1EB9
    { 0x1EBB, 21 }, // U+1EBB
    { 0x1EBD, 21 }, // U+1EBD
    { 0x1EBF, 21 }, // U+1EBF
    { 0x1EC1, 21 }, // U+1EC1
    { 0x1EC3, 21 }, // U+1EC3
    { 0x1EC5, 21 }, // U+1EC5
    { 0x1EC7, 21 }, // U+1EC7
    { 0x1ECC, 10 }, // U+1ECC
    { 0x1ECD, 21 }, // U+1ECD
    { 0x1ECE, 10 }, // U+1ECE
    { 0x1ECF, 21 }, // U+1ECF
    { 0x1ED0, 10 }, // U+1ED0
    { 0x1ED1, 21 }, // U+1ED1
    { 0x1ED2, 10 }, // U+1ED2
    { 0x1ED3, 21 }, // U+1ED3
    { 0x1ED4, 10 }, // U+1ED4
    { 0x1ED5, 21 }, // U+1ED5
    { 0x1ED6, 10 }, // U+1ED6
    { 0x1ED7, 21 }, // U+1ED7
    { 0x1ED8, 10 }, // U+1ED8
    { 0x1ED9, 21 }, // U+1ED9
    { 0x1EDA, 10 }, // U+1EDA
    { 0x1EDB, 21 }, // U+1EDB
    { 0x1EDC, 10 }, // U+1EDC
    { 0x1EDD, 21 }, // U+1EDD
    { 0x1EDE, 10 }, // U+1EDE
    { 0x1EDF, 21 }, // U+1EDF
    { 0x1EE0, 10 }, // U+1EE0
    { 0x1EE1, 21 }, // U+1EE1
    { 0x1EE2, 10 }, // U+1EE2
    { 0x1EE3, 21 }, // U+1EE3
    { 0x1EE4, 14 }, // U+1EE4
    { 0x1EE5, 25 }, // U+1EE5
    { 0x1EE6, 14 }, // U+1EE6
    { 0x1EE7, 25 }, // U+1EE7
    { 0x1EE8, 14 }, // U+1EE8
    { 0x1EE9, 25 }, // U+1EE9
    { 0x1EEA, 14 }, // U+1EEA
    { 0x1EEB, 25 }, // U+1EEB
    { 0x1EEC, 14 }, // U+1EEC
    { 0x1EED, 25 }, // U+1EED
    { 0x1EEE, 14 }, // U+1EEE
    { 0x1EEF, 25 }, // U+1EEF
    { 0x1EF0, 14 }, // U+1EF0
    { 0x1EF1, 25 }, // U+1EF1
    { 0x1EF2, 17 }, // U+1EF2
    { 0x1EF4, 17 }, // U+1EF4
    { 0x1EF5, 27 }, // U+1EF5
    { 0x1EF6, 17 }, // U+1EF6
    { 0x1EF7, 27 }, // U+1EF7
    { 0x1EF8, 17 }, // U+1EF8
    { 0x1EF9, 27 }, // U+1EF9
    { 0x2013, 6 }, // U+2013
    { 0x2014, 6 }, // U+2014
    { 0x2015, 6 }, // U+2015
    { 0x2018, 76 }, // U+2018
    { 0x2019, 2 }, // U+2019
    { 0x201A, 5 }, // U+201A
    { 0x201C, 76 }, // U+201C
    { 0x201D, 2 }, // U+201D
    { 0x201E, 5 }, // U+201E
    { 0x2026, 5 }, // U+2026
    { 0x2039, 29 }, // U+2039
    { 0x203A, 30 }, // U+203A
    { 0xFB00, 22 }, // U+FB00
    { 0xFB01, 22 }, // U+FB01
    { 0xFB02, 22 }, // U+FB02
    { 0xFB03, 22 }, // U+FB03
    { 0xFB04, 22 }, // U+FB04
};

static const int8_t notosans_10_regularKernMatrix[] = {
       0,    0,    0,    0,    0,    0,    0,    0,  -23,    0,    0,    0,    7,    0,    7,    0,    3,    0,  -13,    0,  -20,    0,  -10,    0,  -10,  -10,    0,    0,    0,    0,  -27,    0,   23,    7,    0,    0,    0,  -10,    7,  -23,  -20,    7,    0,   -3,    0,    0,  -13,    0,    0,  -23,    0,    0,    7,  -17,   10,    7,    0,    0,   10,    0,   10,    0,    0,    0,    0,    0,    0,    7,    0,    0,    0,    0,  -20,   -7,    0,    0,
       0,    0,    0,    0,    0,    0,    0,    0,    0,    0,    0,    0,  -20,    0,   -7,    0,  -10,    0,    0,    0,    0,    0,    0,    0,    0,    0,    0,    0,    0,    0,    0,    0,    0,    0,    0,    0,    0,    0,    0,    0,    0,    0,    0,    0,    0,    0,    0,    0,    0,    0,    0,    0,    0,    0,    0,    0,    0,    0,    0,    0,    0,    0,    0,    0,    0,    0,    0,    0,    0,    0,    0,    0,    0,    0,    0,    0,
       0,    0,    0,    0,    0,    0,    0,    0,    0,    0,    0,   30,    0,    0,    0,    0,    0,    0,    0,    0,    0,    0,    0,   13,    0,    0,    0,    0,    0,    0,    0,    0,    0,    0,    0,    0,   33,    0,    0,    0,    0,    0,    0,  -10,    0,    0,    0,    0,    0,    0,    0,    0,    0,    0,    0,    0,    0,    0,    0,    0,    0,   20,    0,    0,    0,    0,    0,    0,    0,    0,    0,    0,    0,    0,    0,    0,
       0,    0,    0,    0,    0,    0,    0,    0,    0,  -17,    0,    0,  -23,   -7,  -20,    0,  -20,    0,    0,    0,    0,    0,    0,    0,    0,    0,    0,    0,    0,    0,    0,    0,    0,  -17,    0,    0,   20,    0,   -7,    0,    0,    0,    0,  -13,  -27,    0,    0,    0,    0,    0,    0,    0,    0,    0,  -13,    0,  -20,    0,    0,    0,    0,    0,  -17,    0,    0,    0,  -20,  -23,  -20,    0,  -20,    0,    0,    0,    0,    0,
       0,    0,    0,    0,    0,    0,    0,    0,    0,    0,    0,    0,  -13,    0,    0,    0,    0,    0,    0,    0,    0,    0,    0,    0,    0,    0,    0,    0,    0,    0,    0,    0,    0,  -13,    0,    0,    0,    0,   -7,    0,    0,   -3,    0,    0,    0,    0,    0,    0,    0,    0,    0,   -3,    0,    0,   -7,    0,    0,    0,    0,    0,    0,    0,    0,    0,    0,    0,    0,  -13,    0,    0,    0,    0,    0,    0,    0,    0,
       0,    0,    0,    0,    0,    0,    0,    0,    0,    0,    0,    0,    0,    0,    0,    0,    0,    0,    0,    0,    0,    0,    0,    0,    0,    0,    0,    0,    0,    0,    0,    0,    0,  -10,    0,    0,    0,    0,    0,    0,    0,   -3,    0,   -3,   -3,    0,    0,    0,    0,    0,    0,    0,    0,    0,    0,    0,   -3,    0,    0,    0,    0,    0,    0,    0,    0,    0,    0,    0,    0,    0,    0,    0,    0,    0,    0,    0,
       0,  -23,    0,    0,    0,    0,    0,    0,    0,   -7,    0,   17,  -23,    0,  -13,    0,  -20,    0,    0,    0,    0,    0,    0,    0,    0,    0,    0,    0,    0,    0,    0,    0,    0,    0,    0,    0,    0,    0,    0,    0,    0,    0,    0,    0,    0,    0,    0,    0,    0,    0,    0,    0,    0,    0,    0,    0,    0,    0,    0,    0,    0,    0,    0,    0,    0,    0,    0,    0,    0,    0,    0,    0,    0,    0,    0,    0,
       0,    0,    0,    0,   -3,    0,    0,    0,    0,    0,    0,    0,    0,    0,    0,    0,    0,    0,    0,    0,    0,    0,    0,    0,    0,    0,    0,    0,    0,    0,    0,    0,    0,    0,    0,    0,    0,    0,    0,    0,    0,    0,    0,    0,    0,    0,    0,    0,    0,    0,    0,    0,    0,    0,    0,    0,    0,    0,    0,    0,    0,    0,    0,    0,    0,    0,    0,    0,    0,    0,    0,    0,    0,    0,    0,    0,
       0,    0,    0,    0,    0,    0,    0,    0,    0,   -7,    0,    0,    0,    0,    0,    0,    0,    0,    0,    0,    0,    0,    0,    0,    0,    0,    0,    0,   -7,    0,    0,    0,    0,    0,    0,    0,    0,    0,    0,    0,    0,    0,    0,    0,    0,    0,    0,    0,    0,    0,    0,    0,    0,    0,    0,    0,    0,    0,    0,    0,    0,    0,    0,    0,    0,    0,    0,    0,    0,    0,    0,    0,    0,    0,    0,    0,
       0,    0,    0,    0,  -13,    0,    0,    0,   -7,    0,    0,    0,  -10,    0,   -3,   -7,   -3,   -3,    0,    0,    0,    0,    0,    0,    0,    0,    0,    0,    0,    0,    0,    0,    0,    0,    0,    0,    0,    0,    0,    0,    0,    0,    0,    0,    0,    0,    0,    0,    0,    0,    0,    0,    0,    0,    0,    0,    0,    0,    0,    0,    0,    0,    0,    0,    0,    0,    0,    0,    0,    0,    0,    0,    0,    0,    0,    0,
       0,    0,    0,    0,    0,    0,    0,    0,    0,    0,    0,   20,    0,    0,    0,    0,    0,    0,    0,    0,    0,    0,    0,    0,    0,    0,    0,    0,    0,    0,    0,    0,    0,    0,    0,    0,    0,    0,    0,    0,    0,    0,    0,    0,    0,    0,    0,    0,    0,    0,    0,    0,    0,    0,    0,    0,    0,    0,    0,    0,    0,    0,    0,    0,    0,    0,    0,    0,    0,    0,    0,    0,    0,    0,    0,    0,
       0,    0,    0,    7,  -20,    0,    0,    7,   -7,    0,    0,    0,    0,    0,    0,    0,    0,    0,    0,    0,    0,    0,    0,    0,    0,    0,    0,    0,    0,    0,    0,    0,    0,    0,    0,    0,    0,    0,    0,    0,    0,    0,    0,    0,    0,    0,    0,    0,    0,    0,    0,    0,    0,    0,    0,    0,    0,    0,    0,    0,    0,    0,    0,    0,    0,    0,    0,    0,    0,    0,    0,    0,    0,    0,    0,    0,
       0,  -27,    0,    0,    0,    0,    0,    0,    0,   -7,    0,    0,   -7,   -3,   -7,    0,  -10,    0,    0,    0,    0,    0,    0,    0,    0,    0,    0,    0,    0,    0,    0,    0,    0,    0,    0,    0,    0,    0,    0,    0,    0,    0,    0,    0,    0,    0,    0,    0,    0,    0,    0,    0,    0,    0,    0,    0,    0,    0,    0,    0,    0,    0,    0,    0,    0,    0,    0,    0,    0,    0,    0,    0,    0,    0,    0,    0,
       0,    0,   -3,    0,  -43,    0,    0,    0,  -17,    0,    0,    0,    0,    0,    0,   -7,    0,   -3,    0,    0,    0,    0,    0,    0,    0,    0,    0,    0,   -7,    0,  -10,    0,    0,    0,    0,    0,    0,    0,    0,    0,    0,    0,    0,    0,    0,    0,    0,    0,    0,    0,    0,    0,    0,    0,    0,    0,    0,    0,    0,    0,    0,    0,    0,    0,    0,    0,    0,    0,    0,    0,    0,    0,    0,    0,    0,    0,
       0,    0,    0,    0,    0,    0,    0,    0,    0,    0,    0,    0,    0,    0,    0,    0,    0,    0,    0,    0,    0,    0,    0,    0,    0,    0,    0,    0,   -3,    0,    0,    0,    0,    0,    0,    0,    0,    0,    0,    0,    0,    0,    0,    0,    0,    0,    0,    0,    0,    0,    0,    0,    0,    0,    0,    0,    0,    0,    0,    0,    0,    0,    0,    0,    0,    0,    0,    0,    0,    0,    0,    0,    0,    0,    0,    0,
       0,    0,   -7,    0,  -20,  -13,    0,    7,  -23,   -7,    0,    0,    7,    0,    0,    0,    0,    0,  -27,    0,  -23,    0,  -23,    0,  -17,  -20,   -7,  -13,  -20,  -10,    0,    0,    0,    0,    0,    0,    0,    0,    0,    0,    0,    0,    0,    0,    0,    0,    0,    0,    0,    0,    0,    0,    0,    0,    0,    0,    0,    0,    0,    0,    0,    0,    0,    0,    0,    0,    0,    0,    0,    0,    0,    0,    0,    0,    0,    0,
       0,    0,    0,    0,   -7,    0,    0,    0,   -3,    0,    0,    0,    0,    0,    0,    0,    0,    0,    0,    0,    0,    0,    0,    0,    0,    0,    0,    0,    0,    0,    0,    0,    0,    0,    0,    0,    0,    0,    0,    0,    0,    0,    0,    0,    0,    0,    0,    0,    0,    0,    0,    0,    0,    0,    0,    0,    0,    0,    0,    0,    0,    0,    0,    0,    0,    0,    0,    0,    0,    0,    0,    0,    0,    0,    0,    0,
       0,    0,    0,    0,  -17,    0,    0,    7,  -13,   -3,    0,    0,    0,    0,    0,    0,    0,    0,   -7,    0,   -7,    0,   -3,    0,   -3,   -3,    0,    0,  -10,   -3,    0,    0,    0,    0,    0,    0,    0,    0,    0,    0,    0,    0,    0,    0,    0,    0,    0,    0,    0,    0,    0,    0,    0,    0,    0,    0,    0,    0,    0,    0,    0,    0,    0,    0,    0,    0,    0,    0,    0,    0,    0,    0,    0,    0,    0,    0,
       0,    0,  -10,    0,  -20,    0,    0,    7,  -20,   -7,    0,    0,    0,    0,    0,    0,    0,    0,  -17,    0,  -17,    0,  -17,    0,  -10,  -13,    0,   -7,  -27,  -10,    0,    0,    0,    0,    0,    0,    0,    0,    0,    0,    0,    0,    0,    0,    0,    0,    0,    0,    0,    0,    0,    0,    0,    0,    0,    0,    0,    0,    0,    0,    0,    0,    0,    0,    0,    0,    0,    0,    0,    0,    0,    0,    0,    0,    0,    0,
       0,    0,    0,    0,    0,    0,    0,    0,    0,   -3,    0,    0,    0,    0,    0,    0,    0,    0,    0,    0,    0,    0,    0,    0,    0,    0,    0,    0,   -7,    0,    0,    0,    0,    0,    0,    0,    0,    0,    0,    0,    0,    0,    0,    0,    0,    0,    0,    0,    0,    0,    0,    0,    0,    0,    0,    0,    0,    0,    0,    0,    0,    0,    0,    0,    0,    0,    0,    0,    0,    0,    0,    0,    0,    0,    0,    0,
       0,    0,    0,    0,    0,    0,    0,    0,    0,    0,    0,   32,    0,    0,    0,    0,    0,    0,    0,    0,    0,    0,    0,    0,    0,    0,    0,    0,    0,    0,    0,    0,    0,    0,    0,    0,    0,    0,    0,    0,    0,    0,    0,    0,    0,    0,    0,    0,    0,    0,    0,    0,    0,    0,    0,    0,    0,    0,    0,    0,    0,    0,    0,    0,    0,    0,    0,    0,    0,    0,    0,    0,    0,    0,    0,    0,
       0,   -3,    0,    0,    0,    0,    0,    0,    0,    0,    0,    0,    0,    0,    0,    0,    0,    0,    0,    0,    0,    0,    0,    0,    0,    0,    0,    0,    0,    0,    0,    0,    0,    0,    0,    0,    0,    0,    0,    0,    0,    0,    0,    0,    0,    0,    0,    0,    0,    0,    0,    0,    0,    0,    0,    0,    0,    0,    0,    0,    0,    0,    0,    0,    0,    0,    0,    0,    0,    0,    0,    0,    0,    0,    0,    0,
       0,   -3,    0,    0,    0,    0,    0,    0,    0,    0,    0,    0,    0,    0,    0,    0,    0,    0,    0,    0,    0,    0,    0,    0,    0,    0,   -7,   -3,    0,    0,    0,    0,    0,    0,    0,    0,    0,    0,    0,    0,    0,    0,    0,    0,    0,    0,    0,    0,    0,    0,    0,    0,    0,    0,    0,    0,    0,    0,    0,    0,    0,    0,    0,    0,    0,    0,    0,    0,    0,    0,    0,    0,    0,    0,    0,    0,
       0,    7,    0,    0,    0,    0,    0,    0,    0,    0,    0,    0,    0,    0,    0,    0,    0,    0,    0,    0,    0,    0,    0,    0,    0,    0,    0,    0,    0,    0,    0,    0,    0,    0,    0,    0,    0,    0,    0,    0,    0,    0,    0,    0,    0,    0,    0,    0,    0,    0,    0,    0,    0,    0,    0,    0,    0,    0,    0,    0,    0,    0,    0,    0,    0,    0,    0,    0,    0,    0,    0,    0,    0,    0,    0,    0,
       0,   20,    0,   13,   -7,    0,    0,    0,    0,    0,    0,    0,    0,    0,    0,    0,    0,    0,    0,    0,    0,    0,    0,    0,    0,    0,    0,    0,    0,    0,    0,    0,    0,    0,    0,    0,    0,    0,    0,    0,    0,    0,    0,    0,    0,    0,    0,    0,    0,    0,    0,    0,    0,    0,    0,    0,    0,    0,    0,    0,    0,    0,    0,    0,    0,    0,    0,    0,    0,    0,    0,    0,    0,    0,    0,    0,
       0,   13,    0,    0,  -53,    0,    0,    0,    0,    0,    0,    0,    0,    0,    0,    0,    0,    0,   -7,    0,   -7,    0,   -3,    0,    0,    0,    0,    0,    0,    0,    0,    0,    0,    0,    0,    0,    0,    0,    0,    0,    0,    0,    0,    0,    0,    0,    0,    0,    0,    0,    0,    0,    0,    0,    0,    0,    0,    0,    0,    0,    0,    0,    0,    0,    0,    0,    0,    0,    0,    0,    0,    0,    0,    0,    0,    0,
       0,   13,    0,    0,  -13,    0,    0,    7,    0,    0,    0,    0,    0,    0,    0,    0,    0,    0,    0,    0,    0,    0,    0,    0,    0,    0,    0,    0,    0,    0,    0,    0,    0,    0,    0,    0,    0,    0,    0,    0,    0,    0,    0,    0,    0,    0,    0,    0,    0,    0,    0,    0,    0,    0,    0,    0,    0,    0,    0,    0,    0,    0,    0,    0,    0,    0,    0,    0,    0,    0,    0,    0,    0,    0,    0,    0,
       0,    0,    0,    0,    0,    0,    0,    0,    0,    0,    0,    0,    0,    0,    0,    0,    0,    0,    0,    0,   -7,    0,    0,    0,    0,    0,    0,    0,    0,    0,    0,    0,    0,    0,    0,    0,    0,    0,    0,    0,    0,    0,    0,    0,    0,    0,    0,    0,    0,    0,    0,    0,    0,    0,    0,    0,    0,    0,    0,    0,    0,    0,    0,    0,    0,    0,    0,    0,    0,    0,    0,    0,    0,    0,    0,    0,
       0,    0,    0,    0,    0,    0,    0,    0,    0,    0,    0,   17,   -7,    0,   -3,    0,  -10,    0,    0,    0,    0,    0,    0,    0,    0,    0,    0,    0,    0,    0,    0,    0,    0,    0,    0,    0,    0,    0,    0,    0,    0,    0,    0,    0,    0,    0,    0,    0,    0,    0,    0,    0,    0,    0,    0,    0,    0,    0,    0,    0,    0,    0,    0,    0,    0,    0,    0,    0,    0,    0,    0,    0,    0,    0,    0,    0,
       0,    0,    0,    0,    0,    0,    0,    0,    0,    0,    0,    0,  -10,    0,   -3,    0,  -10,    0,    0,    0,    0,    0,    0,    0,    0,    0,    0,    0,    0,    0,    0,    0,    0,  -10,    0,    0,    0,    0,    0,   -3,    0,    0,    0,    0,    0,    0,    0,    0,    0,    0,    0,    0,    0,    0,    0,    0,    0,    0,    0,    0,    0,    0,    0,    0,    0,    0,    0,   -3,    0,    0,    0,    0,    0,    0,    0,    0,
       0,    0,    0,    0,    0,    0,    0,    0,    0,    0,    0,    0,  -20,    0,  -10,   -7,  -27,    0,    0,    0,    0,    0,    0,    0,    0,    0,    0,    0,    0,    0,    0,    0,    0,  -20,    0,    0,    0,    0,   -7,    0,    0,   -7,    0,    0,   -7,    0,    0,    0,    0,    0,    0,    0,    0,    0,    0,    0,    0,    0,    0,    0,    0,    0,    0,    0,    0,    0,    0,  -13,    0,    0,    0,    0,    0,    0,    0,    0,
       0,    0,    0,    0,    0,    0,    0,    0,    0,    0,    0,   33,  -13,    0,  -10,    0,  -13,    0,    0,    0,    0,    0,    0,    0,    0,    0,    0,    0,    0,    0,    0,    0,    0,    0,    0,    0,    0,    0,    0,    0,    0,    0,    0,    0,    0,    0,    0,    0,    0,    0,    0,    0,    0,    0,    0,    0,    0,    0,    0,    0,    0,    0,    0,    0,    0,    0,    0,    0,    0,    0,    0,    0,    0,    0,    0,    0,
       0,    0,    0,   17,    0,    0,    0,    0,    0,    0,    0,    0,    0,    0,    0,    0,    0,    0,    0,    0,    0,    0,    0,    0,    0,    0,    0,    0,    0,    0,    0,    0,    0,    0,    0,    0,    0,    0,    0,    0,    0,    0,    0,    0,    0,    0,    0,    0,    0,    0,    0,    0,    0,    0,    0,    0,    0,    0,    0,    0,    0,    0,    0,    0,    0,    0,    0,    0,    0,    0,    0,    0,    0,    0,    0,    0,
       0,  -23,    0,    0,    0,    0,    0,    0,    0,   -7,    0,   37,  -23,    0,  -13,    0,  -20,    0,    0,    0,    0,    0,    0,    0,    0,    0,    0,    0,    0,    0,    0,    0,    0,    0,    0,    0,    0,    0,    0,    0,    0,    0,    0,    0,    0,    0,    0,    0,    0,    0,    0,    0,    0,    0,    0,    0,    0,    0,    0,    0,    0,    0,    0,    0,    0,    0,    0,    0,    0,    0,    0,    0,    0,    0,    0,    0,
      17,   17,    0,   30,    0,    0,    0,   30,    0,    0,    0,    0,    0,    0,    0,    0,    0,    0,    0,   10,    0,    0,    0,    0,    0,    0,    0,    0,    0,    0,    0,   23,    0,    0,    0,    0,    0,    0,    0,    0,    0,    0,    0,    0,    0,    0,    0,    0,    0,    0,    0,    0,    0,    0,    0,    0,    0,    0,    0,    0,    0,    0,    0,    0,    0,    0,    0,    0,    0,    0,    0,    0,    0,    0,    0,   23,
       0,    0,    0,   17,    0,    0,    0,    0,    0,    0,    0,    0,    0,    0,    0,    0,    0,    0,    0,    0,    0,    0,    0,    0,    0,    0,    0,    0,    0,    0,    0,    0,   43,    0,    0,    0,    0,    0,    0,    0,    0,    0,    0,    0,    0,    0,    0,    0,    0,    0,    0,    0,    0,    0,    0,    0,    0,    0,    0,    0,    0,    0,    0,    0,    0,    0,    0,    0,    0,    0,    0,    0,    0,    0,    0,    0,
       0,    0,    0,    0,    0,    0,    0,    0,    0,    0,    0,   17,    0,    0,    0,    0,    0,    0,    0,    0,    0,    0,    0,    0,    0,    0,    0,    0,    0,    0,    0,    0,    0,    0,    0,    0,    0,    0,    0,    0,    0,    0,    0,    0,    0,    0,    0,    0,    0,    0,    0,    0,    0,    0,    0,    0,    0,    0,    0,    0,    0,    0,    0,    0,    0,    0,    0,    0,    0,    0,    0,    0,    0,    0,    0,    0,
      23,   37,    0,   40,    0,    0,    0,   37,    0,    0,    0,    0,    0,    0,    0,    0,    0,    0,    0,    0,    0,    0,    0,    0,    0,    0,    0,    0,    0,    0,    0,    0,    0,    0,    0,    0,    0,    0,    0,    0,    0,    0,    0,    0,    0,    0,    0,    0,    0,    0,    0,    0,    0,    0,    0,    0,    0,    0,    0,    0,    0,    0,    0,    0,    0,    0,    0,    0,    0,    0,    0,    0,    0,    0,    0,   23,
       0,    0,    0,    0,    0,    0,    0,    0,   -7,    0,    7,    0,   20,    0,   23,   17,   20,    0,    0,    0,    0,    0,    0,    0,    0,    0,    0,    0,    0,    0,    0,    0,    0,    0,    0,    0,    0,    0,    0,    0,    0,    0,    0,    0,    0,    0,    0,    0,    0,    0,    0,    0,    0,    0,    0,    0,    0,    0,    0,    0,    0,    0,    0,    0,    0,    0,    0,    0,    0,    0,    0,    0,    0,    0,    0,    0,
       0,    0,    0,    0,    0,    0,    0,    0,    0,    0,    0,    0,    0,    0,    0,    0,    0,    0,    0,    7,    0,   13,    0,    0,    0,    0,   17,    0,    0,    0,    0,    0,    0,    0,    0,    0,    0,    0,    0,    0,    0,    0,    0,    0,    0,    0,    0,    0,    0,    0,    0,    0,    0,    0,    0,    0,    0,    0,    0,    0,    0,    0,    0,    0,    0,    0,    0,    0,    0,    0,    0,    0,    0,    0,    0,    0,
       0,    0,    0,    0,    0,    0,    0,    0,  -10,   -3,    7,    0,   23,    0,   23,   17,   20,    0,  -10,    0,   -7,    0,   -7,    0,    0,    0,    0,    0,    0,    0,    0,    0,    0,    0,    0,    0,    0,    0,    0,    0,    0,    0,    0,    0,    0,    0,    0,    0,    0,    0,    0,    0,    0,    0,    0,    0,    0,    0,    0,    0,    0,    0,    0,    0,    0,    0,    0,    0,    0,    0,    0,    0,    0,    0,    0,    0,
       0,    0,    0,    0,    0,    0,    0,    0,    0,    0,    0,    0,    0,    0,    0,    0,    0,    0,    0,    7,    0,   17,    0,    0,    0,    0,   17,    0,    0,    0,    0,    0,    0,    0,    0,    0,    0,    0,    0,    0,    0,    0,    0,    0,    0,    0,    0,    0,    0,    0,    0,    0,    0,    0,    0,    0,    0,    0,    0,    0,    0,    0,    0,    0,    0,    0,    0,    0,    0,    0,    0,    0,    0,    0,    0,    0,
       0,    0,    0,    0,    0,    0,    0,    0,    0,    0,    0,    0,    0,    0,    0,    0,    0,    0,    0,    0,    0,    0,    0,    0,    0,    0,    0,    0,    0,    0,    0,    0,    0,    0,    0,    0,   17,    0,    0,    0,    0,    0,    0,    0,    0,    0,    0,    0,    0,    0,    0,    0,    0,    0,    0,    0,    0,    0,    0,    0,    0,    0,    0,    0,    0,    0,    0,    0,    0,    0,    0,    0,    0,    0,    0,    0,
       0,  -23,    0,    0,    0,    0,    0,    0,    0,    0,    0,    0,    0,    0,    0,    0,    0,    0,    0,    0,    0,    0,    0,    0,    0,    0,    0,    0,    0,    0,    0,    0,    0,  -17,    0,    0,    0,    0,   -7,    0,    0,    0,    0,    0,  -10,    0,    0,    0,    0,    0,    0,    0,    0,    0,   -7,   -7,   -7,    0,    0,    0,    0,    0,    0,    0,   -7,    0,  -13,  -20,  -17,   -7,    0,    0,    0,    0,    0,  -10,
       0,    7,    0,    0,  -17,  -13,  -10,    0,    0,    0,    0,    0,    0,    0,    0,    0,    0,    0,    0,    0,    0,    0,    0,    0,    0,    0,    0,    0,    0,  -10,    0,    0,    0,    7,   -7,    0,    0,   -8,    0,  -23,   -8,    0,    0,  -12,    0,    0,  -13,   -7,  -10,  -13,  -13,   -3,   -3,  -10,   -3,   -7,  -10,  -13,    0,   -7,    0,    0,    0,    0,    0,    0,    0,    3,    0,    0,    0,    0,    0,    0,    0,    0,
       0,    0,    0,    0,    0,    0,    0,    0,    0,    0,    0,    0,    0,    0,    0,    0,    0,    0,    0,    0,    0,    0,    0,    0,    0,    0,    0,    0,   -7,    0,    0,    0,    0,    0,   -7,    0,    0,    0,    0,    0,    0,    0,    0,  -10,    0,    0,    0,    0,    0,    0,    0,    0,    0,    0,    0,    0,   -7,    0,    0,    0,    0,    0,   -7,    0,    0,    0,    0,    0,    0,    0,   -7,    0,    0,    0,    0,    0,
       0,    0,    0,    0,   -7,    0,    0,    0,    0,    0,    0,    0,    0,    0,    0,    0,    0,    0,    0,    0,    0,    0,    0,    0,    0,    0,    0,    0,    0,    0,    0,    0,    0,    0,    0,    0,    0,    0,    0,    0,    0,    0,    0,   -3,    0,    0,    0,    0,    0,    0,    0,    0,    0,    0,    0,    0,    0,    0,    0,    0,    0,    0,    0,    0,    0,    0,    0,    0,    0,    0,    0,    0,    0,    0,    0,    0,
       0,  -30,    0,    0,   -3,    0,    0,    0,    0,    0,    0,    0,    0,    0,    0,    0,    0,    0,    0,    0,    0,    0,    0,    0,    0,    0,    0,    0,    0,    0,    0,    0,    0,  -20,    0,    0,    0,    0,   -7,    0,    0,    0,    0,    0,  -10,    0,    0,    0,    0,    0,    0,   -7,    0,    0,   -7,   -7,    0,   -7,    0,    0,    0,    0,    0,    0,    0,    0,    0,  -10,    0,    0,    0,    0,    0,    0,    0,  -20,
       0,    7,    0,    0,    0,   -3,   -3,    0,    0,    0,    0,    0,    0,    0,    0,    0,    0,    0,    0,    0,    0,    0,    0,    0,    0,    0,    0,    0,   -7,    0,    0,    0,    0,    0,   -7,    0,    0,    0,    0,    0,    0,    0,    0,  -13,   -3,    0,   -3,   -7,    0,    0,   -7,    0,    0,    0,   -3,   -3,   -7,    0,    0,    0,    0,    0,   -7,    0,    0,    0,    0,    0,    0,    0,  -17,    0,    0,    0,    0,    0,
       0,    7,    0,    0,  -23,   -7,   -3,    0,    0,    0,    0,    0,    0,    0,    0,    0,    0,    0,    0,    0,    0,    0,    0,    0,    0,    0,    0,    0,  -17,   -7,    0,    0,    0,    0,  -13,   -7,    0,  -30,    0,  -40,  -33,    0,    0,  -10,    0,  -10,  -17,  -13,   -3,  -33,  -20,  -10,   -7,  -17,    0,    0,   -7,  -17,   17,  -10,    0,    0,   -3,    0,    0,    0,    0,    0,    0,    0,   -7,  -10,  -17,    0,    0,    0,
       0,  -23,    0,    0,    0,    0,    0,    0,    0,    0,    0,    0,    0,    0,    0,    0,    0,    0,    0,    0,    0,    0,    0,    0,    0,    0,    0,    0,    0,   -3,    0,    0,    0,  -23,   -7,    0,   17,    0,  -10,    0,    0,    0,    0,  -12,  -20,    0,    0,    0,    0,    0,   -3,    0,    0,    0,  -10,   -7,  -10,    0,    0,    0,    0,    0,    0,    0,   -7,    0,  -13,  -17,  -20,    0,  -17,    0,    0,    0,   -3,  -13,
       0,    0,    0,    0,    0,    0,    0,    0,    0,    0,    0,    0,    0,    0,    0,    0,    0,    0,    0,    0,    0,    0,    0,    0,    0,    0,    0,    0,    0,    0,    0,    0,    0,    0,    0,    0,    0,    0,    0,    0,    0,    0,    0,    0,    0,    0,    0,    0,    0,    0,    0,   -3,    0,    0,    0,   -3,    0,    0,    0,    0,    0,    0,    0,    0,    0,    0,    0,    0,    0,    0,    0,    0,    0,    0,    0,    0,
       0,    0,    0,   -8,    0,    0,    0,    0,    0,    0,    0,    0,    0,    0,    0,    0,    0,    0,    0,    0,    0,    0,    0,    0,    0,    0,    0,    0,    0,    0,    0,    0,    0,    0,    0,    0,    0,    0,    0,    0,    0,    0,    0,    0,    0,    0,    0,    0,    0,    0,    0,   -3,    0,    0,    0,    0,   -5,   -3,    0,    0,    0,    0,    0,    0,    0,    0,    0,    0,    0,    0,    0,    0,    0,    0,    0,    0,
       0,    0,    0,    0,   10,    0,    0,    0,    0,    0,    0,    0,    0,    0,    0,    0,    0,    0,    0,    0,    0,    0,    0,    0,    0,    0,    0,    0,    0,    0,    0,    0,    0,    0,    0,    0,   30,   10,    0,    0,   13,    0,    0,   -3,   -8,    0,    0,    0,    0,   10,    0,    0,    0,   10,   -3,   10,   -7,    0,    0,    0,    0,   23,    0,    0,    0,    0,    0,    0,    0,    0,    0,    0,    0,    0,    0,    0,
       0,    0,    0,    0,  -13,    0,    0,    0,    0,    0,    0,    0,    0,    0,    0,    0,    0,    0,    0,    0,    0,    0,    0,    0,    0,    0,    0,    0,    0,    0,    0,    0,    0,   -7,    0,    0,    0,   -3,  -13,   -7,   -3,   -7,   -3,    0,    0,    0,    0,    0,    0,   -3,    0,   -5,    0,   -3,    0,    0,    0,   -3,    0,    0,    0,    0,    0,    0,    0,    0,   -3,   -3,   -3,    0,    0,    0,   -7,    0,    0,    0,
       0,    0,    0,    0,  -43,   -3,   -3,    0,    0,    0,    0,    0,    0,    0,    0,    0,    0,    0,    0,    0,    0,    0,    0,    0,    0,    0,    0,    0,   -7,   -3,    0,    0,    0,    0,    0,    0,    0,  -20,   -7,  -17,  -20,   -7,    0,   -3,    0,    0,   -8,    0,    0,  -17,   -3,    0,    0,  -13,    0,    0,    0,   -3,    0,    0,    0,    0,    0,    0,    0,    0,    0,    0,    0,    0,    0,    0,  -20,    0,    0,    0,
       0,   -3,    0,  -10,  -13,    0,   -3,    0,    0,    0,    0,    0,    0,    0,    0,    0,    0,    0,    0,    0,    0,    0,    0,    0,    0,    0,    0,    0,    0,    0,    0,    0,    0,  -12,    0,   -3,    0,   -8,  -10,  -12,  -10,  -13,  -10,    0,    0,   -3,    0,    0,    0,   -8,    0,   -5,    0,   -5,    0,    0,    0,   -3,    0,    0,    0,    0,    0,    0,    0,    0,    0,   -7,    0,    0,    0,    0,    0,    0,    0,    0,
       0,   -3,    0,    0,    0,    0,    0,    0,    0,    0,    0,    0,    0,    0,    0,    0,    0,    0,    0,    0,    0,    0,    0,    0,    0,    0,    0,    0,    0,    0,    0,    0,    0,  -13,    0,    0,    0,    0,  -13,    0,    0,    0,    0,    0,    0,    0,    0,    0,    0,    0,    0,   -7,    0,    0,   -3,   -3,    0,    0,    0,    0,    0,    0,    0,    0,    0,    0,    0,    0,    0,    0,    0,    0,    0,    0,    0,    0,
       0,    0,    0,    0,    0,    0,    0,    0,    0,    0,    0,    0,    0,    0,    0,    0,    0,    0,    0,    0,    0,    0,    0,    0,    0,    0,    0,    0,    0,    0,    0,    0,    0,  -20,    0,    0,    0,    0,  -13,   -3,    0,  -10,    0,    0,    0,   -7,    0,    0,    0,   -3,    0,   -7,    0,    0,   -3,  -10,   -3,   -3,    0,    0,    0,    0,    0,    0,    0,    0,    0,    0,    0,    0,    0,    0,    0,    0,    0,    0,
       0,    0,    0,   -3,    0,    0,    0,    0,    0,    0,    0,    0,    0,    0,    0,    0,    0,    0,    0,    0,    0,    0,    0,    0,    0,    0,    0,    0,    0,    0,    0,    0,    0,  -10,    0,    0,    0,    0,   -3,    0,    0,   -3,    0,    0,    0,   -3,    0,    0,    0,    0,    0,   -7,    0,    0,   -3,   -3,    0,    0,    0,    0,    0,    0,    0,    0,    0,    0,    0,    0,    0,    0,    0,    0,    0,    0,    0,    0,
       0,   10,    0,    0,  -13,   -7,    0,    0,    0,    0,    0,    0,    0,    0,    0,    0,    0,    0,    0,    0,    0,    0,    0,    0,    0,    0,    0,    0,    0,    0,    0,    0,    0,    0,    0,    0,    0,   -7,    0,  -10,  -10,   -3,    0,    0,    0,    0,    0,    0,    0,  -13,   -3,    0,    0,  -10,    0,    0,    0,    0,    0,    0,    0,    0,    0,    0,    0,    0,    0,    0,    0,    0,    0,    0,    0,    0,    0,   13,
       0,   -3,    0,    0,    7,    0,    0,    0,    0,    0,    0,    0,    0,    0,    0,    0,    0,    0,    0,    0,    0,    0,    0,    0,    0,    0,    0,    0,    0,    0,    0,    0,    0,  -10,    0,    0,   33,    7,    0,    0,   10,    0,    0,    0,   -5,    0,    0,    0,    0,    7,    0,    0,    0,    8,   -5,    0,  -10,    0,    0,    0,    0,   20,    0,    0,    0,    0,    0,    0,    0,    0,    0,    0,    0,    0,    0,    0,
       0,    0,    0,    0,    0,    0,    0,    0,    0,    0,    0,    0,    0,    0,    0,    0,    0,    0,    0,    0,    0,    0,    0,    0,    0,    0,    0,    0,    0,    0,    0,    0,    0,  -13,    0,    0,    0,    0,  -13,   -3,    0,   -7,    0,    0,    0,   -7,    0,    0,    0,   -3,    0,   -7,    0,    0,   -3,  -10,   -3,   -3,    0,    0,    0,    0,    0,    0,    0,    0,    0,    0,    0,    0,    0,    0,    0,    0,    0,    0,
       0,    0,    0,    0,    0,   -3,    0,    0,    0,    0,    0,    0,    0,    0,    0,    0,    0,    0,    0,    0,    0,    0,    0,    0,    0,    0,    0,    0,    0,    0,    0,    0,    0,   -3,   -5,    0,    0,    0,   -3,    0,    0,    0,    0,   -5,   -3,    0,   -7,    0,    0,    0,   -7,    0,    0,    0,    0,    0,   -7,   -3,    0,    0,    0,    0,    0,    0,    0,    0,    0,    0,    0,    0,    0,   -7,    0,    0,    0,   10,
       0,    0,    0,    0,    0,    0,    0,    0,    0,    0,    0,    0,    0,    0,    0,    0,    0,    0,    0,    0,    0,    0,    0,    0,    0,    0,    0,    0,    0,    0,    0,    0,    0,  -10,    0,    0,    0,    0,    0,    0,    0,    0,    0,    0,    0,    0,    0,    0,    0,    0,    0,    0,    0,    0,    0,    0,    0,    0,   -2,    0,    0,    0,    0,    0,    0,    0,    0,    0,    0,    0,    0,    0,    0,    0,    0,    0,
       0,    7,    0,    0,    0,    0,    0,    0,    0,    0,    0,    0,    0,    0,    0,    0,    0,    0,    0,    0,    0,    0,    0,    0,    0,    0,    0,    0,    0,    0,    0,    0,    0,   -7,    0,    0,    0,    0,    0,    0,    0,    0,    0,    0,    0,    0,    0,    0,    0,    0,   -3,    0,    0,    0,    0,    0,    0,   -3,    0,    0,    0,    0,    0,    0,    0,    0,    0,    0,    0,    0,    0,    0,    0,    0,    0,    0,
       0,    7,    0,    0,  -13,    0,    0,    0,    0,    0,    0,    0,    0,    0,    0,    0,    0,    0,    0,    0,    0,    0,    0,    0,    0,    0,    0,    0,    0,    0,    0,    0,    0,    0,    0,    0,    0,   -7,    0,   -7,  -10,   -3,    0,    0,    0,    0,   -3,    0,    0,  -17,  -10,    0,    0,  -17,    0,    0,    0,  -10,    0,    0,    0,    0,    0,    0,    0,    0,    0,    0,    0,    0,    0,    0,    0,    0,    0,   13,
       0,  -27,    0,    0,    0,    0,   -3,    0,    0,    0,    0,    0,    0,    0,    0,    0,    0,    0,    0,    0,    0,    0,    0,    0,    0,    0,    0,    0,    0,    0,    0,    0,    0,  -20,    0,    0,    0,    0,   -7,   -3,    0,   -3,    0,   -3,  -23,   -7,    0,    0,    0,    0,    0,   -7,    0,    0,  -20,  -15,  -13,   -7,    0,    0,    0,    0,    0,   -7,    0,    0,    0,    0,    0,  -10,    0,   -7,    0,    0,    0,  -10,
       0,   -3,    0,    0,    0,    0,    0,    0,    0,    0,    0,    0,    0,    0,    0,    0,    0,    0,    0,    0,    0,    0,    0,    0,    0,    0,    0,    0,    0,    0,    0,    0,    0,  -13,    0,    0,   27,    0,    0,    0,    0,    0,    0,    0,    0,    0,    0,    0,    0,    0,    0,    0,    0,    0,  -10,  -17,    0,    0,    0,    0,    0,    7,    0,    0,    0,    0,    0,    0,    0,    0,    0,    0,    0,    0,    0,    0,
       0,    0,    0,    0,    0,    0,    0,    0,    0,    0,    0,    0,    0,    0,    0,    0,    0,    0,    0,    0,    0,    0,    0,    0,    0,    0,    0,    0,    0,    0,    0,    0,    0,   -7,    0,    0,    0,    0,  -10,    0,    0,    0,    0,    0,    0,   -3,    0,    0,    0,    0,    0,    0,    0,    0,    0,    0,    0,   -7,    0,    0,    0,    0,    0,    0,    0,    0,    0,    0,    0,    0,    0,    0,    0,    0,    0,    0,
       0,   10,    0,    0,    0,    0,    0,    0,    0,    0,    0,    0,    0,    0,    0,    0,    0,    0,    0,    0,    0,    0,    0,    0,    0,    0,    0,    0,    0,    0,    0,    0,    0,    7,    0,    0,    0,    0,    0,    0,    0,    0,    0,    0,    0,    0,    0,    0,    0,    0,    0,    0,    0,    0,    0,    0,    0,    0,   10,    0,    3,    0,    0,    0,    0,    0,    0,    0,    0,    0,    0,    0,    0,    0,    0,    0,
       0,    0,    0,    0,    0,    0,    0,    0,    0,    0,    0,    0,    0,    0,    0,    0,    0,    0,    0,    0,    0,    0,    0,    0,    0,    0,    0,    0,    0,    0,    0,    0,    0,    0,    0,    0,   10,    0,    0,    0,    0,    0,    0,    0,    0,    0,    0,    0,    0,    0,    0,    0,    0,    0,    0,    0,    0,    0,    0,    0,    0,    7,    0,    0,    0,    0,    0,    0,    0,    0,    0,    0,    0,    0,    0,    0,
       0,   -3,    0,    0,    0,    0,    0,    0,    0,    0,    0,    0,    0,    0,    0,    0,    0,    0,    0,    0,    0,    0,    0,    0,    0,    0,    0,    0,    0,    0,    0,    0,    0,  -13,    0,    0,   13,    0,    0,    0,    0,    0,    0,    0,    0,    0,    0,    0,    0,    0,    0,    0,    0,    0,  -10,  -17,    0,    0,    0,    0,    0,    0,    0,    0,    0,    0,    0,    0,    0,    0,    0,    0,    0,    0,    0,    0,
       0,    0,    0,    0,  -13,    0,    0,    0,    0,    0,    0,    0,    0,    0,    0,    0,    0,    0,    0,    0,    0,    0,    0,    0,    0,    0,    0,    0,    0,    0,    0,    0,    0,    0,    0,    0,    0,    0,    0,    0,    0,    0,    0,    0,    0,    0,    0,    0,    0,   -7,    0,    0,    0,    0,    0,    0,    0,    0,    0,    0,    0,    0,    0,    0,    0,    0,    0,    0,    0,    0,    0,    0,    0,    0,    0,    0,
       0,  -13,    0,    0,    0,    0,    0,    0,    0,    0,    0,    0,    0,    0,    0,    0,    0,    0,    0,    0,    0,    0,    0,    0,    0,    0,    0,    0,    0,    0,    0,    0,    0,  -13,    0,    0,    0,    0,    0,    0,    0,    0,    0,    0,  -13,    0,    0,    0,    0,    0,    0,    0,    0,    0,   -7,    0,    0,    0,    0,    0,    0,    0,    0,    0,    0,    0,  -10,   -7,  -10,    0,    0,    0,    0,    0,    0,    0,
       0,  -23,    0,    0,    0,    0,    0,    0,    0,    0,    0,    0,    0,    0,    0,    0,    0,    0,    0,    0,    0,    0,    0,    0,    0,    0,    0,    0,    0,    0,    0,    0,    0,    0,    0,    0,    0,    0,    0,    0,    0,    0,    0,    0,    0,    0,   -7,    0,    0,    0,    0,    0,    0,    0,  -17,  -10,  -10,    0,    0,    0,    0,    0,    0,   -7,    0,    0,    0,    0,    0,   -7,    0,   -7,    0,    0,    0,    0,
       0,    0,    0,    0,  -13,    0,    0,    0,    0,    0,    0,    0,    0,    0,    0,    0,    0,    0,    0,    0,    0,    0,    0,    0,    0,    0,    0,    0,    0,    0,    0,    0,    0,    0,    0,    0,    0,    0,    0,    0,    0,    0,    0,    0,    0,    0,    0,    0,    0,    0,    0,    0,    0,    0,    0,    0,    0,    0,    0,    0,    0,    0,    0,    0,    0,    0,   -3,    0,   -3,    0,    0,    0,    0,    0,    0,    0,
       0,    0,    0,    0,  -20,  -13,    0,    0,    0,    0,    0,    0,    0,    0,    0,    0,    0,    0,    0,    0,    0,    0,    0,    0,    0,    0,    0,    0,  -20,  -10,    0,    0,    0,    7,   -7,    0,    0,  -13,    0,  -23,  -17,    0,    0,  -12,    0,    0,  -23,    0,    0,  -20,    0,   -7,   -7,    0,  -13,  -13,  -17,    0,    0,    0,    0,    0,   -7,   -7,    0,  -17,    0,    0,    0,  -13,  -17,  -23,  -17,  -27,    0,    0,
       0,    0,    0,    0,  -17,   -7,    0,    0,    0,    0,    0,    0,    0,    0,    0,    0,    0,    0,    0,    0,    0,    0,    0,    0,    0,    0,    0,    0,    0,    0,    0,    0,    0,    0,    0,    0,    0,    0,    0,  -10,    0,    0,    0,    0,    0,    0,   -3,    0,    0,  -13,   -3,    0,    0,  -10,    0,    0,    0,    0,    0,    0,    0,    0,    0,    0,    0,    0,    0,    0,    0,    0,    0,    0,    0,    0,    0,    0,
       0,    0,    0,    0,  -17,   -7,    0,    0,    0,    0,    0,    0,    0,    0,    0,    0,    0,    0,    0,    0,    0,    0,    0,    0,    0,    0,    0,    0,    0,    0,    0,    0,    0,    7,    0,    0,    0,    0,    0,  -20,    0,    0,    0,    0,    0,    0,  -13,    0,    0,  -17,    0,   -7,   -7,    0,    0,    0,  -17,    0,    7,    0,    0,    0,   -7,    0,    0,  -10,    0,    7,    0,    0,   -7,  -10,  -13,    0,    0,    0,
       0,    0,    0,    0,  -10,    0,    0,    0,    0,    0,    0,    0,    0,    0,    0,    0,    0,    0,    0,    0,    0,    0,    0,    0,    0,    0,    0,    0,    0,    0,    0,    0,    0,    0,    0,    0,    0,    0,    0,    0,    0,    0,    0,    0,    0,    0,   -7,    0,    0,  -10,    0,    0,    0,    0,    0,    0,    0,    0,    0,    0,    0,    0,    0,    0,    0,    0,    0,    0,    0,    0,    0,    0,    0,    0,    0,    0,
       0,    0,    0,    0,    0,    0,    0,    0,    0,    0,    0,    0,    0,    0,    0,    0,    0,    0,    0,    0,    0,    0,    0,    0,    0,    0,    0,    0,    0,    0,    0,    0,    0,    0,    0,    0,    0,    0,    0,    0,    0,    0,    0,    0,    0,    0,    0,    0,    0,    0,    0,    0,    0,    0,   -7,    0,  -17,    0,    0,    0,    0,    0,   -7,    0,    0,    0,    0,    0,    0,    0,  -17,   -7,    0,    0,    0,    0,
       0,    0,    0,    0,    0,    0,    0,    0,    0,    0,    0,    0,    0,    0,    0,    0,    0,    0,    0,    0,    0,    0,    0,    0,    0,    0,    0,    0,    0,    0,    0,    0,    0,    0,    0,    0,    0,    0,    0,    0,    0,    0,    0,    0,    0,    0,   -3,    0,    0,    0,    0,    0,    0,    0,    0,    0,   -3,    0,    0,    0,    0,    0,    0,    0,    0,    0,    0,    0,    0,    0,    0,    0,    0,    0,    0,    0,
       0,    0,    0,    0,  -20,    0,    0,    0,    0,    0,    0,    0,    0,    0,    0,    0,    0,    0,    0,    0,    0,    0,    0,    0,    0,    0,    0,    0,    0,    0,    0,    0,    0,    0,    0,    0,    0,    0,    0,  -20,    0,    0,    0,    0,    0,    0,  -17,    0,    0,  -17,    0,    0,    0,    0,    0,    0,  -13,    0,    7,    0,    0,    0,   -7,    0,    0,  -10,    0,    0,    0,    0,    0,  -13,  -13,  -13,   -3,    0,
       0,    0,    0,    0,  -13,    0,    0,    0,    0,    0,    0,    0,    0,    0,    0,    0,    0,    0,    0,    0,    0,    0,    0,    0,    0,    0,    0,    0,    0,    0,    0,    0,    0,    0,    0,    0,    0,    0,    0,    0,    0,    0,    0,    0,    0,    0,    0,    0,    0,   -3,    0,    0,    0,    0,    0,    0,    0,    0,    0,    0,    0,    0,    0,    0,    0,    0,    0,    0,    0,    0,    0,    0,    0,    0,    0,    0,
       0,    0,    0,    0,    0,    0,    0,    0,    0,    0,    0,    0,    0,    0,    0,    0,    0,    0,    0,    0,    0,    0,    0,    0,    0,    0,    0,    0,    0,    0,    0,    0,    0,   -7,    0,    0,    0,    0,    0,    0,    0,    0,    0,    0,    0,    0,    0,    0,    0,    0,    0,    0,    0,    0,    0,    0,    0,    0,    0,    0,    0,    0,    0,    0,    0,    0,   -3,    0,   -3,    0,    0,    0,    0,    0,    0,    0,
       0,   -3,    0,    0,    0,    0,    0,    0,    0,    0,    0,    0,    0,    0,    0,    0,    0,    0,    0,    0,    0,    0,    0,    0,    0,    0,    0,    0,    0,    0,    0,    0,    0,    0,    0,    0,    0,    0,    0,    0,    0,    0,    0,    0,    0,    0,    0,    0,    0,    0,    0,   -7,    0,    0,    0,   -3,    0,    0,    0,    0,    0,    0,    0,    0,    0,    0,    0,    0,    0,    0,    0,    0,    0,    0,    0,    0,
};

static const EpdLigaturePair notosans_10_regularLigaturePairs[] = {
    { 0x00660066, 0xFB00 }, // f f -> U+FB00
    { 0x00660069, 0xFB01 }, // f i -> U+FB01
    { 0x0066006C, 0xFB02 }, // f l -> U+FB02
    { 0xFB000069, 0xFB03 }, // U+FB00 i -> U+FB03
    { 0xFB00006C, 0xFB04 }, // U+FB00 l -> U+FB04
};

static const EpdFontData notosans_10_regular = {
    notosans_10_regularBitmaps,
    notosans_10_regularGlyphs,
    notosans_10_regularIntervals,
    20,
    28,
    23,
    -7,
    true,
    notosans_10_regularGroups,
    14,
    nullptr,
    notosans_10_regularKernLeftClasses,
    notosans_10_regularKernRightClasses,
    notosans_10_regularKernMatrix,
    478,
    474,
    87,
    76,
    notosans_10_regularLigaturePairs,
    5,
};
