/**
 * generated by fontconvert.py
 * name: notosans_10_bolditalic
 * size: 10
 * mode: 2-bit  compressed: zopfli
 * hinting: auto (FT_LOAD_FORCE_AUTOHINT — grid-fits stems to whole pixels)
 * Command used: fontconvert.py notosans_10_bolditalic 10 ../builtinFonts/source/NotoSans/NotoSans-BoldItalic.ttf --2bit --compress --zopfli
 */
#pragma once
#include "EpdFontData.h"

static const uint8_t notosans_10_bolditalicBitmaps[23995] = {
    0x9D, 0x97, 0x47, 0x94, 0xE5, 0x3C, 0x56, 0xC7, 0x7F, 0xB6, 0x61, 0xCC, 0xC1, 0x0B, 0x91, 0x36,
    0x44, 0xB3, 0x23, 0xB7, 0x56, 0x64, 0xAA, 0x64, 0x72, 0xA6, 0xF7, 0x1B, 0xF2, 0x8A, 0xD4, 0x3B,
    0xE2, 0xAB, 0xB2, 0xC8, 0x39, 0xEF, 0xC9, 0x71, 0x52, 0xCF, 0x8E, 0xF4, 0xDE, 0xB3, 0xC8, 0x19,
    0xCC, 0xB0, 0x3F, 0x2D, 0x32, 0x74, 0x1F, 0x28, 0xCD, 0x7C, 0x9A, 0xF3, 0xB9, 0xAB, 0x64, 0x5F,
    0x2C, 0xD7, 0x2B, 0xAA, 0x9A, 0x0C, 0xEF, 0xDE, 0xBF, 0xBA, 0x5B, 0xB2, 0x74, 0x83, 0x6E, 0x50,
    0x57, 0xB1, 0x0A, 0x75, 0xA8, 0x7D, 0x33, 0x2A, 0xB7, 0x92, 0x6D, 0x3B, 0x0D, 0x9C, 0x31, 0xAC,
    0xB4, 0xE3, 0xE2, 0x7C, 0xB7, 0xDB, 0xEF, 0x7E, 0xF5, 0x57, 0x43, 0xA4, 0x55, 0xF0, 0xA8, 0x85,
    0xB3, 0x47, 0xB0, 0x3B, 0xA3, 0x15, 0xF1, 0x2B, 0x46, 0x42, 0xA4, 0x08, 0x81, 0x8F, 0xBA, 0xBE,
    0xEE, 0x7A, 0x91, 0x6E, 0x58, 0x51, 0xFF, 0xB6, 0xA3, 0xF9, 0x6E, 0x87, 0xFA, 0x7C, 0x8B, 0x52,
    0x40, 0x65, 0xA9, 0x6D, 0x21, 0xA9, 0x92, 0xD4, 0xBC, 0x78, 0x3F, 0xF5, 0x67, 0xA8, 0x7F, 0xA6,
    0x5E, 0x28, 0x65, 0xC4, 0x04, 0x3E, 0x39, 0xF2, 0x71, 0xF1, 0x2B, 0xBF, 0x21, 0xF6, 0x12, 0x7A,
    0x71, 0x6F, 0x78, 0x09, 0x23, 0x58, 0xEA, 0x48, 0x44, 0xA7, 0xD2, 0x63, 0x0E, 0xB5, 0x5B, 0x65,
    0xAA, 0x8E, 0xFD, 0xEE, 0x1C, 0xA6, 0xFD, 0x1E, 0x96, 0x97, 0xAF, 0x27, 0xFA, 0xD7, 0x9E, 0x09,
    0xFA, 0x87, 0x7F, 0xF2, 0x09, 0x68, 0xD3, 0xC2, 0xEE, 0x5C, 0x43, 0x3C, 0x3B, 0xA7, 0xF2, 0x66,
    0xA6, 0x71, 0x66, 0xA2, 0x45, 0x79, 0x68, 0x23, 0x0C, 0x09, 0x96, 0x85, 0x22, 0x5E, 0xAE, 0xB8,
    0xA0, 0x78, 0x39, 0x81, 0x78, 0x2A, 0x29, 0x63, 0x2B, 0xBF, 0x1D, 0xCC, 0xE3, 0xAB, 0xD1, 0x54,
    0x62, 0xFB, 0x62, 0xC1, 0xBC, 0x10, 0x74, 0x36, 0x64, 0x69, 0xDD, 0xC5, 0x6E, 0xFF, 0xAB, 0x01,
    0x0D, 0x17, 0x30, 0x51, 0x05, 0xEA, 0x11, 0xE5, 0x50, 0x16, 0x0D, 0x06, 0xCE, 0x37, 0x3E, 0x3B,
    0xF1, 0xE9, 0x9F, 0x1A, 0x5A, 0x50, 0x1D, 0xEC, 0xB6, 0x59, 0x03, 0xFA, 0x76, 0xB6, 0xBB, 0x63,
    0xEE, 0xF7, 0x5F, 0x40, 0xA2, 0x88, 0xF9, 0xF0, 0x66, 0xA4, 0xB5, 0x79, 0x0E, 0xE0, 0x51, 0xE6,
    0x0F, 0x3F, 0xC3, 0xEC, 0xD1, 0x32, 0x15, 0x32, 0x55, 0xF3, 0xFB, 0xA9, 0x67, 0x28, 0xD5, 0x15,
    0xAA, 0x03, 0x88, 0x27, 0x7E, 0xE3, 0xF5, 0x4F, 0x89, 0x84, 0x95, 0x89, 0xF7, 0x93, 0xCA, 0xE9,
    0xCE, 0x70, 0xC1, 0xC4, 0x47, 0xFE, 0x54, 0x1F, 0x86, 0x70, 0x36, 0x2C, 0xBB, 0x4D, 0xD0, 0x03,
    0x2B, 0x74, 0x97, 0x65, 0xED, 0xFF, 0xFD, 0x9C, 0xC9, 0x73, 0xA0, 0xC7, 0x42, 0x62, 0x7D, 0x93,
    0x94, 0x4F, 0xAD, 0x9B, 0xB5, 0x9D, 0x4D, 0x97, 0x0C, 0xC9, 0x14, 0xA9, 0x2F, 0xA7, 0xBE, 0x8A,
    0xA6, 0x09, 0xE6, 0x6A, 0x6C, 0xA5, 0xAB, 0x5F, 0x42, 0xEB, 0x18, 0x5C, 0x2D, 0xD6, 0x48, 0xA7,
    0x7B, 0xDE, 0xC3, 0x40, 0x0F, 0x97, 0x70, 0x80, 0x74, 0x12, 0x5B, 0x4E, 0x54, 0x9B, 0x95, 0xE8,
    0x48, 0x21, 0x33, 0xD5, 0x22, 0x30, 0x1A, 0x20, 0xA3, 0x07, 0x66, 0xA8, 0x26, 0x50, 0x1E, 0x7A,
    0x4B, 0x31, 0x43, 0x13, 0x40, 0x3F, 0xFF, 0x39, 0x8C, 0x4C, 0xF4, 0x12, 0x61, 0xF0, 0xB5, 0x4C,
    0xD5, 0x8B, 0xDB, 0x43, 0x13, 0x4F, 0x43, 0x21, 0x5D, 0x8E, 0xA4, 0x3A, 0x6C, 0xA7, 0xC7, 0xAE,
    0x0E, 0xCB, 0xE0, 0x45, 0xEC, 0x93, 0x97, 0xA7, 0x43, 0x05, 0xAA, 0x05, 0xD4, 0x0C, 0xFA, 0x00,
    0x17, 0x59, 0x99, 0x44, 0xF5, 0x57, 0x13, 0xEA, 0xB7, 0x22, 0xFA, 0x4D, 0x2F, 0x31, 0x22, 0x2B,
    0x16, 0xA8, 0x3D, 0x34, 0x23, 0x28, 0x97, 0x15, 0x2C, 0x25, 0x55, 0xD7, 0xBF, 0x54, 0xF9, 0x3C,
    0xA5, 0xA4, 0x53, 0xE2, 0x9B, 0xA7, 0x27, 0x29, 0x54, 0xA1, 0x6B, 0xC2, 0x71, 0x18, 0x07, 0xB1,
    0xFA, 0x25, 0x34, 0x0B, 0xFD, 0x5C, 0xC8, 0x2F, 0x55, 0x71, 0x8B, 0x8E, 0x9F, 0x1C, 0xB5, 0x04,
    0x73, 0x33, 0x99, 0x6F, 0x9D, 0x4C, 0x31, 0x99, 0x72, 0x32, 0x55, 0xD0, 0x57, 0x5E, 0x89, 0x2B,
    0x17, 0x1A, 0xC9, 0x67, 0x09, 0xEF, 0xF9, 0xC6, 0x85, 0x6C, 0x42, 0x3E, 0x8E, 0x3A, 0x80, 0x1A,
    0x41, 0x5B, 0xE8, 0x81, 0x07, 0x4B, 0x4D, 0x80, 0xD6, 0x81, 0xB1, 0x40, 0xEF, 0x37, 0xAD, 0xE6,
    0xC6, 0x1F, 0x9A, 0xF1, 0x50, 0xF9, 0xA9, 0xBC, 0x59, 0x67, 0x6C, 0x7B, 0xE5, 0x4D, 0x15, 0x2F,
    0xCB, 0x98, 0xEF, 0xE5, 0x2A, 0x68, 0x19, 0xEB, 0x05, 0x06, 0x5B, 0x49, 0x50, 0x37, 0x53, 0xEB,
    0x92, 0xEE, 0x36, 0xFE, 0xF6, 0xD4, 0x4A, 0x52, 0xCB, 0x54, 0xFC, 0x4C, 0xCC, 0x22, 0xD5, 0xF8,
    0x49, 0xE2, 0xCC, 0x82, 0xF9, 0x5B, 0xEA, 0x51, 0x79, 0xE5, 0x1B, 0x07, 0xC0, 0xA9, 0x06, 0x2C,
    0xEC, 0xE0, 0x82, 0x65, 0xA5, 0x3D, 0x0F, 0x7E, 0x5B, 0xBD, 0xB0, 0xED, 0x5D, 0xA0, 0xBE, 0x8D,
    0x26, 0x30, 0x8C, 0xCD, 0x4C, 0x3F, 0xB2, 0x64, 0x1D, 0xA9, 0xA5, 0xE3, 0x49, 0xA0, 0x0C, 0xF0,
    0xA1, 0x6F, 0x7C, 0xE3, 0x5D, 0x78, 0xC2, 0xC3, 0xBF, 0xAF, 0x58, 0x40, 0x7B, 0xCA, 0xED, 0x8F,
    0xED, 0x10, 0xFF, 0x81, 0x33, 0x32, 0x32, 0x83, 0x85, 0x7A, 0xC1, 0x88, 0xD5, 0x4F, 0xDD, 0xBB,
    0x29, 0xC7, 0xCA, 0xC6, 0x16, 0x0B, 0x75, 0x3C, 0xE5, 0xDF, 0xBB, 0x03, 0xA0, 0xA1, 0x67, 0x53,
    0xA4, 0x10, 0x0F, 0x5A, 0x66, 0x90, 0xE7, 0xD2, 0x55, 0x13, 0xAD, 0x6B, 0xC6, 0x6C, 0x96, 0x1D,
    0x7E, 0xDC, 0xB7, 0xB5, 0xBC, 0xDD, 0x3F, 0x52, 0xDF, 0xFE, 0x5B, 0xFE, 0x4C, 0xD7, 0xBF, 0x35,
    0x7E, 0xCA, 0x59, 0xF3, 0xED, 0xEB, 0xA0, 0x3E, 0xDB, 0x9D, 0x9D, 0xE9, 0xC7, 0xDD, 0xB9, 0xBE,
    0x59, 0xD0, 0xCD, 0xDB, 0x23, 0x6A, 0x24, 0xCB, 0x7D, 0x53, 0xBE, 0x7F, 0x71, 0x90, 0xEF, 0x16,
    0x86, 0x0E, 0xA4, 0xA3, 0x12, 0x4B, 0xFD, 0xCC, 0xA2, 0xFE, 0xDC, 0xD1, 0x3E, 0x76, 0x98, 0xC6,
    0x71, 0xB1, 0x42, 0x9E, 0xBA, 0x42, 0x64, 0xAC, 0x56, 0xD4, 0x7E, 0x15, 0xE8, 0x6A, 0xDF, 0xDA,
    0xDA, 0x1B, 0xAA, 0x50, 0xC8, 0x44, 0x29, 0x42, 0x75, 0x3D, 0xD8, 0x2A, 0x68, 0x5B, 0x67, 0xF8,
    0x9E, 0x46, 0x66, 0x94, 0x04, 0xD4, 0xF3, 0x44, 0xEB, 0x8E, 0x68, 0x7B, 0x89, 0xEE, 0x16, 0xCC,
    0x9B, 0x12, 0x46, 0x22, 0xBD, 0xD8, 0x4D, 0x78, 0xB1, 0x95, 0xA1, 0x01, 0xE5, 0x41, 0xBB, 0xFB,
    0x44, 0x39, 0x02, 0x07, 0x60, 0x06, 0x8E, 0xA7, 0x39, 0xF3, 0x3C, 0xD0, 0x4A, 0xA0, 0x94, 0x1F,
    0xA1, 0x90, 0x78, 0x92, 0x2B, 0xAB, 0xDC, 0xD6, 0xD5, 0x41, 0xAD, 0xBA, 0xA9, 0xB1, 0x19, 0xD5,
    0x2D, 0x39, 0xE5, 0xDA, 0x95, 0xB4, 0x35, 0x56, 0x77, 0x82, 0x79, 0x9A, 0xE5, 0x06, 0xFA, 0xA5,
    0xCB, 0x32, 0x29, 0x65, 0x59, 0xF7, 0xFE, 0x32, 0x55, 0x80, 0x3A, 0xC3, 0x43, 0x23, 0xF1, 0xA4,
    0xF3, 0x4F, 0xD1, 0x3A, 0xD0, 0x76, 0x45, 0x07, 0xE6, 0x8D, 0x16, 0x23, 0x8E, 0x5E, 0x36, 0xAF,
    0xAD, 0x5B, 0xD7, 0x9D, 0xB9, 0x9E, 0xAC, 0xEC, 0x69, 0xAE, 0x7F, 0x4A, 0x49, 0x58, 0xB9, 0x75,
    0x68, 0x7B, 0x2A, 0x2F, 0x06, 0x7A, 0xE0, 0x03, 0x97, 0x2E, 0xBB, 0xB9, 0x5E, 0x9E, 0x76, 0x2A,
    0x9C, 0x0C, 0xEC, 0xA0, 0xAF, 0xA5, 0x3B, 0x36, 0xC2, 0xE1, 0x0D, 0x03, 0x33, 0x97, 0x1C, 0x39,
    0xD0, 0x33, 0x63, 0xB2, 0xB3, 0x24, 0x51, 0x8A, 0xA7, 0x98, 0xCA, 0xA9, 0x8C, 0x55, 0xA6, 0xB0,
    0xB5, 0xB0, 0xD0, 0xF8, 0x5A, 0xC4, 0x37, 0x22, 0xA3, 0x12, 0xF9, 0x37, 0xF3, 0x56, 0xEA, 0x74,
    0x67, 0x3A, 0x43, 0xA6, 0x7E, 0xA5, 0x4B, 0x4A, 0x09, 0x2B, 0x33, 0x74, 0xAF, 0x14, 0xA8, 0x44,
    0x39, 0x51, 0xE6, 0xCC, 0xCE, 0xDC, 0x44, 0xFA, 0x99, 0x21, 0x71, 0xBF, 0x56, 0x9D, 0xD6, 0x36,
    0xAB, 0x3C, 0x6A, 0x44, 0xB9, 0xCC, 0xAD, 0x45, 0x5B, 0x4C, 0x77, 0xB2, 0x6A, 0xE1, 0xA3, 0x12,
    0xFD, 0x84, 0x19, 0x29, 0xA6, 0x3A, 0x96, 0x51, 0x8D, 0x55, 0x34, 0xB6, 0x0A, 0x0B, 0xF5, 0x3B,
    0x13, 0xF5, 0x3F, 0x04, 0x9A, 0x2B, 0x87, 0x92, 0x5B, 0xB4, 0x7F, 0xEE, 0xD1, 0xDF, 0x1D, 0xD0,
    0x9F, 0x1E, 0x31, 0xE5, 0x84, 0x29, 0x12, 0x97, 0xCC, 0x14, 0xB7, 0xCA, 0x44, 0xEE, 0x3D, 0x79,
    0x27, 0xF0, 0xDE, 0x93, 0xCF, 0xAD, 0x11, 0xD7, 0x8B, 0x2B, 0x04, 0x15, 0x4B, 0x41, 0x87, 0x4A,
    0x30, 0x79, 0x18, 0x7C, 0x7D, 0xC5, 0xCD, 0x58, 0x3F, 0x2B, 0x6F, 0xC6, 0xE6, 0x59, 0xF5, 0xCC,
    0xA9, 0x3F, 0x6F, 0xFE, 0xDC, 0xA9, 0x1F, 0x7E, 0xFC, 0xD8, 0xB6, 0x8F, 0x9F, 0xB4, 0x9D, 0x7E,
    0x7C, 0xD0, 0x68, 0x95, 0x0C, 0x46, 0x45, 0xC3, 0xB9, 0x0A, 0x97, 0x5C, 0x34, 0xE3, 0x05, 0xC5,
    0x8C, 0x29, 0x85, 0xCB, 0x4A, 0x38, 0x54, 0xD2, 0xED, 0xEB, 0x2B, 0x9B, 0xEA, 0x67, 0x6E, 0x6A,
    0xFE, 0xF8, 0x2F, 0x26, 0xF5, 0xDB, 0x7F, 0x1D, 0xD5, 0xB7, 0xBF, 0x33, 0xB4, 0xDF, 0xF6, 0x7A,
    0xD0, 0x9F, 0x7A, 0xE3, 0x0D, 0x32, 0x1A, 0x86, 0xF1, 0x9C, 0xDE, 0x5D, 0x60, 0x1C, 0x7A, 0xDA,
    0xA2, 0x67, 0x8D, 0x58, 0xA7, 0x7C, 0x3B, 0x6A, 0xA7, 0x46, 0x43, 0xE3, 0xFB, 0x15, 0x47, 0xD4,
    0x78, 0x40, 0xB9, 0x79, 0x8B, 0x77, 0x63, 0x7B, 0x06, 0xCC, 0x8B, 0x99, 0x76, 0x8B, 0x54, 0xCB,
    0x83, 0x4C, 0xE9, 0xB6, 0x4C, 0xC9, 0x51, 0xEB, 0xB5, 0x6D, 0xC6, 0xBE, 0x53, 0xB2, 0xA0, 0x64,
    0xA2, 0x7D, 0xDE, 0xDD, 0x47, 0x1D, 0xB7, 0xB8, 0x04, 0xFE, 0xFF, 0x72, 0x1D, 0x28, 0x0F, 0x55,
    0x84, 0x32, 0x01, 0xBF, 0x74, 0xCA, 0x9C, 0x1C, 0xFD, 0x42, 0x15, 0x4C, 0x57, 0x67, 0xE4, 0x93,
    0xAE, 0x37, 0x1D, 0x56, 0x8C, 0xB4, 0x7F, 0xEC, 0xD1, 0xDF, 0x7E, 0x77, 0x67, 0x09, 0x43, 0xA2,
    0x67, 0x81, 0xFE, 0x6F, 0x4B, 0x49, 0xF5, 0xF5, 0xA4, 0xB6, 0xF0, 0x68, 0x02, 0xF5, 0x4C, 0x21,
    0x1D, 0xBD, 0x43, 0xE5, 0xA0, 0xE9, 0x56, 0x7D, 0x06, 0x37, 0x48, 0xA7, 0x27, 0x8C, 0xCC, 0x46,
    0xD2, 0x47, 0x2E, 0xBF, 0x44, 0xFA, 0xCF, 0x62, 0x2C, 0xBC, 0x12, 0x63, 0x8D, 0x6F, 0xEE, 0xF2,
    0xF6, 0x41, 0x68, 0x9B, 0x7F, 0x17, 0xD8, 0xC7, 0x95, 0x66, 0x86, 0x32, 0x6D, 0xAD, 0x52, 0x8B,
    0xA7, 0x5E, 0x3A, 0x0C, 0xAD, 0x33, 0xDC, 0x7D, 0x79, 0x40, 0x93, 0xD0, 0x65, 0x44, 0x57, 0x81,
    0xF6, 0xF3, 0xC7, 0xAD, 0x94, 0xB5, 0x4F, 0x3A, 0x54, 0x0F, 0xEA, 0xB0, 0x22, 0xAD, 0x88, 0x2B,
    0x02, 0x98, 0x1C, 0x8B, 0x86, 0x25, 0xB7, 0xFD, 0xA5, 0x8C, 0xA6, 0x5A, 0xAA, 0xB0, 0x0E, 0xB5,
    0x37, 0xCD, 0xBF, 0x28, 0x67, 0xD4, 0x5B, 0x95, 0x35, 0xFA, 0x91, 0xEE, 0xCC, 0xB9, 0x36, 0x98,
    0x9D, 0xBE, 0xC0, 0xA4, 0x47, 0x09, 0x13, 0xB3, 0x81, 0x41, 0x07, 0xF4, 0xA8, 0x3D, 0xDA, 0x69,
    0x07, 0x47, 0x06, 0xB6, 0xF0, 0xC6, 0xAC, 0x7E, 0x43, 0x7F, 0xBF, 0x07, 0xF5, 0xCC, 0x81, 0x12,
    0xA0, 0x99, 0xF3, 0x90, 0x80, 0x36, 0x0F, 0x66, 0x01, 0x96, 0x1E, 0xCA, 0x64, 0x3A, 0x72, 0xD9,
    0x44, 0x8D, 0xAD, 0xC3, 0x58, 0x35, 0x92, 0xAD, 0xD1, 0xDD, 0x91, 0xF6, 0x5B, 0x13, 0xEA, 0xB7,
    0x23, 0xEA, 0x8F, 0xFD, 0x96, 0x53, 0xB5, 0x74, 0x54, 0x0B, 0x54, 0xA7, 0xCE, 0x59, 0x85, 0x8C,
    0x07, 0x6D, 0x7D, 0x64, 0xAB, 0xEB, 0xE5, 0x8A, 0xE2, 0x8D, 0xD2, 0xC1, 0xF6, 0xF1, 0xA9, 0xC5,
    0x8E, 0x60, 0x2C, 0x48, 0x96, 0x09, 0x75, 0x04, 0xE5, 0xC1, 0xAC, 0x8F, 0x8F, 0x5E, 0x26, 0x06,
    0x89, 0x30, 0x38, 0xC4, 0xB1, 0x58, 0x22, 0x45, 0xA4, 0x0C, 0x54, 0x2B, 0x7B, 0xAA, 0xDC, 0x67,
    0x68, 0xDC, 0xA9, 0x33, 0xA9, 0x07, 0xEF, 0x3B, 0x13, 0x30, 0x9E, 0x8F, 0xFC, 0x11, 0xF6, 0x2B,
    0xED, 0x38, 0xE3, 0x7C, 0x25, 0x8D, 0xA6, 0xA5, 0xED, 0x54, 0xA7, 0xAC, 0x72, 0xCD, 0x4A, 0xA7,
    0x93, 0x9F, 0xFE, 0xFB, 0xFD, 0xA7, 0xC7, 0xE5, 0x0E, 0xF6, 0x90, 0x60, 0xCA, 0x72, 0x8B, 0xDC,
    0x58, 0xEF, 0x4F, 0xA6, 0xE9, 0x68, 0x2D, 0x66, 0x3B, 0xE4, 0xB5, 0xB1, 0xFA, 0x6B, 0x5F, 0xBB,
    0xA0, 0xBA, 0xF8, 0x88, 0x5F, 0xDD, 0xB1, 0x1B, 0xC4, 0x02, 0x33, 0x06, 0x05, 0x47, 0x4D, 0x25,
    0x47, 0x9A, 0x9B, 0x05, 0x35, 0xCE, 0x68, 0x9B, 0x30, 0xDD, 0x0A, 0xA6, 0xDB, 0xDA, 0x53, 0x45,
    0xCC, 0x55, 0x40, 0x4B, 0xA0, 0xF9, 0x1B, 0xFF, 0x4A, 0x0D, 0xAA, 0xFE, 0xC1, 0xD7, 0x92, 0x9A,
    0xEB, 0x59, 0xF9, 0x59, 0xB9, 0x43, 0x6B, 0x0F, 0x6D, 0x97, 0xF4, 0xA7, 0x26, 0xF3, 0xE9, 0xD3,
    0xBA, 0xE5, 0x52, 0xC6, 0xFD, 0x00, 0xBD, 0xAF, 0x24, 0x34, 0xD7, 0xBE, 0x1D, 0xEF, 0x4B, 0x62,
    0xE6, 0x0E, 0xFD, 0xC2, 0x2A, 0xB1, 0xE5, 0x02, 0x28, 0x07, 0xED, 0x7D, 0x16, 0x1F, 0x0D, 0x95,
    0x0C, 0xFF, 0x89, 0x4E, 0xE9, 0x15, 0x9D, 0xDA, 0xAC, 0xD3, 0x5F, 0x7B, 0xE8, 0xC7, 0x52, 0xA6,
    0xE6, 0x3A, 0xA9, 0x31, 0xE9, 0x6F, 0x4B, 0x46, 0xA2, 0x91, 0xD1, 0xFC, 0x3C, 0x06, 0xF4, 0xF3,
    0x51, 0xC9, 0xBA, 0xDA, 0xC1, 0x60, 0xB7, 0xE4, 0xAE, 0xAE, 0x3B, 0x6A, 0x0F, 0xED, 0x02, 0xC3,
    0x0C, 0x4F, 0xFF, 0xF1, 0x81, 0xE8, 0x87, 0x45, 0xE4, 0x41, 0x3B, 0x4D, 0x50, 0xAC, 0x28, 0x27,
    0xF8, 0xA8, 0x08, 0xC6, 0xAF, 0xB0, 0xFC, 0x47, 0xDF, 0xB9, 0xFF, 0xC6, 0x77, 0xFF, 0x70, 0xFF,
    0x8E, 0xFC, 0xF5, 0xC1, 0x32, 0x08, 0x3C, 0x99, 0x78, 0xD5, 0x9F, 0xAF, 0xC5, 0xFA, 0x2A, 0x35,
    0x32, 0xAB, 0xB8, 0xA8, 0xF1, 0xD0, 0xBA, 0xD4, 0xDA, 0xFC, 0x44, 0xDB, 0xDE, 0x8B, 0xB1, 0xAF,
    0xC2, 0xB1, 0x0A, 0x45, 0x2C, 0x27, 0x7E, 0x04, 0x72, 0x73, 0x6B, 0x4E, 0x3D, 0x3B, 0x37, 0xB4,
    0xDB, 0x8C, 0x3F, 0xB2, 0x45, 0x9D, 0xA7, 0xB4, 0x00, 0xAD, 0xA3, 0x7D, 0xB5, 0xBF, 0xFE, 0xE7,
    0xDD, 0x8D, 0x27, 0x81, 0x61, 0x64, 0xE8, 0xB2, 0x3A, 0x79, 0xEA, 0x41, 0xAA, 0xE4, 0x52, 0x37,
    0xD3, 0xFC, 0xE5, 0x84, 0xFA, 0x73, 0x8F, 0xBA, 0xB2, 0xB4, 0xC2, 0x8A, 0x0E, 0x2D, 0x16, 0xA3,
    0xDC, 0x0A, 0xCF, 0x65, 0x1D, 0x38, 0x56, 0x71, 0xEB, 0xC1, 0xA7, 0xFE, 0xBB, 0x95, 0xA7, 0xAD,
    0x30, 0x3D, 0x50, 0xAF, 0xFE, 0xFD, 0xA8, 0x6D, 0xF3, 0x2C, 0xC9, 0xD8, 0xBC, 0x94, 0x67, 0x5E,
    0xF9, 0xA1, 0x0E, 0xCA, 0x2D, 0xB5, 0x6F, 0x5D, 0x6A, 0xBC, 0xB6, 0x49, 0x8D, 0xFA, 0x53, 0x27,
    0xE5, 0x4C, 0xB9, 0x0D, 0xB1, 0xB5, 0x97, 0xB9, 0xF2, 0x1F, 0xB3, 0x1E, 0xEB, 0xDE, 0x75, 0x67,
    0xB3, 0xCC, 0x2A, 0x1C, 0x6F, 0xDD, 0xA3, 0x1F, 0xB8, 0xE7, 0x72, 0x73, 0x0F, 0xFD, 0x58, 0x49,
    0x6C, 0x6E, 0x52, 0x5E, 0x7D, 0xF0, 0xDF, 0x13, 0x53, 0x4D, 0xFA, 0x2A, 0xDC, 0x3E, 0xB6, 0x8B,
    0x77, 0x4C, 0x94, 0x37, 0x42, 0xB9, 0x0C, 0x5D, 0x15, 0x4D, 0x6E, 0x2D, 0xAB, 0x8D, 0xBA, 0x6B,
    0x46, 0x43, 0x33, 0xF6, 0xA8, 0x71, 0x41, 0xDD, 0xA4, 0xAD, 0x1D, 0xE8, 0x2F, 0x71, 0xFF, 0x59,
    0x54, 0x9C, 0xAE, 0x7E, 0xF9, 0xCF, 0xD3, 0xA6, 0x88, 0xB7, 0x57, 0xFF, 0xD9, 0x81, 0xF6, 0xEE,
    0xEA, 0xEB, 0xF1, 0xEE, 0xFA, 0xEF, 0xA3, 0x9D, 0xD5, 0x1D, 0xE3, 0x5A, 0xA4, 0x9A, 0xC5, 0xAA,
    0x90, 0x67, 0xFF, 0xE3, 0x7B, 0xE8, 0x08, 0xA5, 0x74, 0x4A, 0xC6, 0xF6, 0x85, 0xD3, 0x96, 0x76,
    0x44, 0x25, 0x4A, 0x01, 0xD3, 0xAD, 0x7C, 0x2D, 0x9D, 0x2C, 0x3C, 0x89, 0xF0, 0x95, 0xB0, 0x15,
    0x81, 0x46, 0x9C, 0x11, 0xAB, 0xAF, 0xBB, 0xE6, 0xD5, 0xA7, 0x48, 0x3E, 0xF3, 0x1F, 0xD1, 0x89,
    0x66, 0xE2, 0x41, 0x50, 0x4D, 0xA6, 0xCA, 0x8E, 0x3B, 0xD4, 0x21, 0x35, 0x3E, 0xB5, 0x5E, 0x86,
    0xB1, 0x7F, 0xDD, 0xE9, 0xEF, 0x76, 0xA9, 0x9C, 0x52, 0x15, 0xF6, 0x8D, 0x3F, 0x28, 0x77, 0xA1,
    0xED, 0x85, 0xE1, 0xFC, 0x92, 0xF3, 0x84, 0x99, 0x30, 0x81, 0xAD, 0x7E, 0xB3, 0x6F, 0x82, 0x61,
    0xAF, 0x42, 0xCF, 0xBE, 0x0D, 0x07, 0xF6, 0xE7, 0x21, 0xB1, 0xBF, 0x78, 0x67, 0x64, 0xF7, 0x6B,
    0xAF, 0x05, 0x76, 0xEF, 0x7A, 0xDD, 0x73, 0xF9, 0x8E, 0x1B, 0x47, 0xFF, 0x57, 0x62, 0xE9, 0x7F,
    0x53, 0xA0, 0xFF, 0x56, 0x01, 0xF3, 0xA9, 0x33, 0x14, 0x49, 0x79, 0xE6, 0xD6, 0x71, 0x69, 0xC0,
    0xCC, 0xA0, 0x27, 0x68, 0x03, 0x68, 0x0F, 0x43, 0xA0, 0x58, 0x22, 0xD5, 0xBB, 0x12, 0xCA, 0xE7,
    0xB4, 0x3A, 0x52, 0x85, 0xC6, 0x97, 0x41, 0xB9, 0x32, 0x6A, 0x5B, 0x44, 0x43, 0x31, 0x1D, 0x61,
    0x4A, 0xF0, 0x72, 0x82, 0x9B, 0x00, 0x92, 0xF7, 0x39, 0xE8, 0xED, 0x0A, 0xE0, 0x90, 0x65, 0xC0,
    0x57, 0x47, 0xE8, 0xFD, 0x8A, 0x0E, 0x2A, 0x49, 0x95, 0x4C, 0xE5, 0x9B, 0x22, 0x6A, 0xAB, 0x45,
    0x7D, 0xFE, 0xA2, 0x8A, 0x28, 0x8F, 0xBE, 0x7B, 0x35, 0xD1, 0x78, 0xF4, 0x88, 0xB1, 0x5C, 0xC0,
    0x7E, 0xE3, 0x44, 0x6E, 0x8C, 0x21, 0xCF, 0xE9, 0xF1, 0x95, 0xD2, 0x9E, 0x39, 0x50, 0xC7, 0xFC,
    0xC1, 0xEE, 0x3F, 0xFB, 0x31, 0x81, 0xC0, 0x00, 0x1A, 0xF4, 0xA9, 0x72, 0xE7, 0xD1, 0x58, 0x94,
    0xA3, 0x77, 0xA4, 0x57, 0x9A, 0x46, 0x96, 0xEC, 0xF2, 0xFA, 0x07, 0x74, 0xC8, 0xF2, 0x36, 0x91,
    0x60, 0x9F, 0x78, 0xE0, 0x5F, 0x01, 0xAD, 0x98, 0x3F, 0x6C, 0x1E, 0x47, 0x7A, 0xC6, 0x7F, 0xBB,
    0x93, 0x68, 0xA3, 0x2C, 0x9C, 0x51, 0x69, 0xE5, 0x84, 0xCC, 0x15, 0x2A, 0x0E, 0x07, 0xCA, 0xD3,
    0x5C, 0x41, 0x1C, 0x48, 0xCE, 0xB8, 0x4A, 0xE1, 0xC2, 0x29, 0xD2, 0xDB, 0x85, 0xAB, 0xA4, 0xB0,
    0x0B, 0x1D, 0xA0, 0x00, 0x9F, 0xB8, 0x7B, 0xBE, 0xE2, 0x8A, 0x14, 0xC7, 0xBE, 0x89, 0x8B, 0x4B,
    0x71, 0x4A, 0x00, 0xB1, 0x14, 0x82, 0xEF, 0xCF, 0x24, 0x2A, 0x5C, 0xB8, 0xF0, 0xF8, 0x52, 0xA6,
    0xD0, 0xC4, 0x97, 0x22, 0x90, 0x0A, 0x8E, 0x93, 0x4D, 0xBC, 0x26, 0x67, 0xBF, 0xC9, 0xAC, 0x48,
    0x50, 0xB9, 0x0B, 0x02, 0xD0, 0x32, 0x77, 0x9E, 0x67, 0xF9, 0x61, 0xF6, 0x7D, 0x9E, 0xF7, 0x5D,
    0xCC, 0xBE, 0x3B, 0xE0, 0x56, 0x51, 0x8C, 0x62, 0xA8, 0x23, 0x40, 0xE3, 0x5A, 0x27, 0xCB, 0x50,
    0xBD, 0xB6, 0xC6, 0x1A, 0x3A, 0x36, 0x20, 0x41, 0xD9, 0x2A, 0xC7, 0x36, 0x07, 0xE9, 0xAD, 0xEE,
    0x31, 0xCC, 0xE8, 0x98, 0x61, 0x5E, 0x58, 0x9D, 0x6D, 0xB3, 0xA5, 0x76, 0x08, 0x07, 0x75, 0xEE,
    0x91, 0xD9, 0xA3, 0x5F, 0x38, 0x8C, 0x05, 0x03, 0x74, 0xD0, 0xE6, 0xB1, 0x70, 0xE0, 0xC6, 0xF6,
    0x13, 0x48, 0x50, 0x8D, 0x20, 0x22, 0xA8, 0xE7, 0xBF, 0xC2, 0xE4, 0xA9, 0x30, 0x71, 0x0B, 0x7B,
    0x78, 0xE6, 0xBB, 0xEC, 0xF5, 0xE3, 0x7E, 0xBF, 0x71, 0x7B, 0xC2, 0x95, 0x73, 0xF9, 0x5D, 0x66,
    0xCA, 0x7C, 0xB9, 0x5A, 0xEA, 0x72, 0xAD, 0x37, 0x34, 0x61, 0x85, 0xF8, 0xD7, 0x11, 0xF1, 0x9F,
    0x91, 0x2A, 0x3B, 0xC8, 0x16, 0x99, 0x23, 0xAA, 0x90, 0x04, 0x33, 0x4D, 0xF6, 0x85, 0x8E, 0x7A,
    0x38, 0x4F, 0xB4, 0xB8, 0x38, 0xE0, 0xD5, 0xEF, 0x05, 0x1B, 0x2F, 0xF2, 0xD0, 0x9C, 0xC6, 0xC6,
    0x23, 0x06, 0xEA, 0x6C, 0xE5, 0x89, 0x53, 0x8D, 0x57, 0xC2, 0xCB, 0xCF, 0xFA, 0x3A, 0x83, 0xB1,
    0x56, 0xD9, 0xD3, 0x0D, 0x79, 0x8B, 0x1E, 0xB8, 0x7B, 0x77, 0x99, 0x9E, 0x3C, 0xE1, 0xC3, 0x12,
    0xFA, 0x6F, 0xCA, 0x4A, 0x6A, 0xBF, 0xD3, 0x86, 0xE3, 0x1F, 0x99, 0x61, 0xF7, 0xF8, 0xC9, 0xAD,
    0x9D, 0x10, 0xB9, 0xE3, 0x03, 0x6F, 0xCC, 0x0C, 0x81, 0x3B, 0xC7, 0x03, 0x3B, 0x1F, 0x75, 0xC3,
    0xEE, 0xAE, 0x0A, 0xC7, 0x7F, 0x44, 0xE5, 0x85, 0xFF, 0x9E, 0x65, 0x33, 0x02, 0xD0, 0x3E, 0x53,
    0xEB, 0xBD, 0x7B, 0x8B, 0x9D, 0x07, 0x7B, 0x8B, 0xA5, 0x19, 0x7F, 0xFF, 0xFB, 0x1C, 0xDD, 0xAD,
    0x86, 0x87, 0x22, 0x26, 0xF9, 0xCF, 0x83, 0xF9, 0x45, 0x30, 0xD2, 0xE9, 0x77, 0xBC, 0xFA, 0x34,
    0xCA, 0xA7, 0xF1, 0xC6, 0xDB, 0x47, 0xC0, 0xA3, 0x47, 0x9F, 0xE4, 0x1C, 0x0B, 0xE0, 0x15, 0x7E,
    0xF8, 0x49, 0x17, 0x37, 0xF1, 0xB7, 0xEA, 0x81, 0xE3, 0x1F, 0x75, 0x61, 0xF7, 0xF8, 0xFE, 0x83,
    0x9D, 0x70, 0x7F, 0xEF, 0x8E, 0xBF, 0xFF, 0xE0, 0x0D, 0xDF, 0x85, 0x37, 0xC2, 0x4F, 0xC2, 0x9D,
    0xE3, 0xFB, 0xC7, 0x3B, 0x1F, 0xDD, 0xDF, 0xDD, 0xDD, 0xBD, 0xBF, 0xF3, 0x7F, 0xEA, 0xF9, 0x8B,
    0x47, 0x47, 0x9B, 0xEC, 0x73, 0x76, 0xD5, 0x91, 0x4C, 0x66, 0xBB, 0xA7, 0xF6, 0xA4, 0xD9, 0xA8,
    0xA9, 0x19, 0x18, 0x38, 0xC7, 0xA3, 0xD3, 0x8B, 0x02, 0x18, 0xB8, 0xC4, 0xAB, 0xAA, 0x68, 0x92,
    0xDA, 0xFE, 0x9E, 0xE1, 0x80, 0x51, 0x04, 0x65, 0xBB, 0xB4, 0x49, 0xF3, 0x9C, 0xCC, 0xBC, 0xD5,
    0x8C, 0xED, 0xC8, 0xE2, 0xCF, 0x96, 0x9B, 0x51, 0x87, 0x1B, 0x47, 0xD2, 0x6B, 0xBB, 0xA0, 0x4A,
    0xD2, 0xD5, 0x63, 0xE1, 0x20, 0x9D, 0x88, 0xAA, 0x17, 0x51, 0xDB, 0x26, 0x1A, 0xDA, 0x50, 0xE8,
    0x3B, 0xA4, 0xDF, 0x22, 0xBF, 0x9E, 0x50, 0x79, 0x89, 0x9E, 0x16, 0x97, 0x8F, 0xD2, 0xCC, 0x43,
    0x60, 0x05, 0x34, 0x39, 0xA9, 0x9C, 0x4C, 0x5E, 0x76, 0xF9, 0xCE, 0xFF, 0x86, 0xC9, 0x77, 0x74,
    0xBE, 0xD3, 0xE6, 0x3B, 0xC8, 0xFF, 0x07, 0x37, 0xDE, 0x7C, 0x8B, 0x8E, 0x0D, 0x0F, 0x69, 0x6D,
    0xEB, 0x45, 0x30, 0xDE, 0xF4, 0x2C, 0x9B, 0x64, 0xC6, 0x7B, 0x43, 0x15, 0xEB, 0x28, 0x82, 0xF0,
    0xC2, 0x37, 0x83, 0x5A, 0xEE, 0xEF, 0xEF, 0x95, 0xE3, 0x60, 0x50, 0xBE, 0xAE, 0x7A, 0xF5, 0xF3,
    0x50, 0xD6, 0xA3, 0xFD, 0xF5, 0xD0, 0x7C, 0x95, 0xDA, 0x2F, 0x47, 0xF5, 0x59, 0xEC, 0x94, 0x5B,
    0x19, 0xEE, 0xDE, 0x04, 0xA8, 0x46, 0x86, 0x76, 0x10, 0xA1, 0x8B, 0xAD, 0xFB, 0x71, 0x94, 0x88,
    0x70, 0x80, 0xF0, 0x4B, 0xC4, 0x17, 0xF1, 0xB0, 0x79, 0xFA, 0xC5, 0xD4, 0x7E, 0xFE, 0xB3, 0x84,
    0x96, 0x4B, 0xF6, 0xEF, 0x3D, 0x61, 0x7C, 0x30, 0xD6, 0x31, 0x4F, 0x8D, 0xCB, 0x93, 0xB4, 0x55,
    0xBC, 0x4D, 0x75, 0x34, 0xEB, 0x99, 0x0D, 0x30, 0xC5, 0x81, 0x1F, 0x47, 0x05, 0x22, 0xEC, 0x83,
    0xF0, 0x23, 0x88, 0x5F, 0x7F, 0xB5, 0xA5, 0xF9, 0xF4, 0xD3, 0xDC, 0xB7, 0x9F, 0xBF, 0x2D, 0x7B,
    0x0E, 0x90, 0x96, 0xE2, 0x45, 0x15, 0xAB, 0x80, 0xF0, 0xED, 0x73, 0xDA, 0x5E, 0x67, 0x14, 0x66,
    0x4B, 0x3D, 0xA1, 0x68, 0xF2, 0x7C, 0x55, 0xDA, 0x11, 0x54, 0x1D, 0x11, 0x63, 0xE3, 0x10, 0xA9,
    0xA8, 0x38, 0x38, 0xA8, 0xEC, 0xAD, 0x83, 0x85, 0x74, 0x66, 0x1A, 0x8C, 0xFB, 0xDE, 0x6F, 0x42,
    0xEE, 0x69, 0xFF, 0xE9, 0x99, 0x45, 0xB5, 0xEF, 0xC2, 0xBE, 0xCA, 0x8E, 0x27, 0xE5, 0x54, 0x45,
    0x0E, 0xA8, 0x7A, 0x7E, 0x40, 0xB1, 0x46, 0xB9, 0x19, 0xB3, 0x1C, 0x00, 0x03, 0x87, 0x54, 0x89,
    0x76, 0x40, 0x3B, 0x3A, 0x58, 0xC1, 0xBA, 0xA1, 0xCB, 0xA5, 0x08, 0x5B, 0xFF, 0x12, 0x58, 0x03,
    0x06, 0x5E, 0x49, 0x80, 0x8D, 0x85, 0x6C, 0x11, 0xB9, 0xA7, 0x79, 0xD6, 0x23, 0x3F, 0x77, 0xA8,
    0x77, 0x1D, 0xA6, 0x75, 0x3C, 0x2C, 0xCC, 0x8F, 0x5D, 0x95, 0xB3, 0x17, 0x85, 0x4D, 0x68, 0xBC,
    0x74, 0x4D, 0x50, 0x7D, 0x13, 0x0C, 0x22, 0x82, 0x18, 0xA0, 0xF5, 0xA0, 0x2C, 0xDC, 0xBE, 0x06,
    0x3F, 0xE3, 0x21, 0x47, 0x84, 0x1F, 0xAF, 0xA7, 0xBE, 0xD5, 0x0E, 0x75, 0x4E, 0x88, 0x93, 0x81,
    0xBA, 0xB4, 0xEC, 0x77, 0xF6, 0x7B, 0xFF, 0x7D, 0xAA, 0xFF, 0x1A, 0xE0, 0xAB, 0x78, 0x3D, 0xF5,
    0xA9, 0x1E, 0x7E, 0xE2, 0xE1, 0x38, 0x9C, 0xFF, 0xD5, 0xFD, 0xF5, 0xF8, 0xCA, 0x9C, 0x1D, 0x98,
    0xF9, 0x4C, 0x97, 0x1F, 0xF5, 0x90, 0x56, 0x40, 0x3D, 0x24, 0xA0, 0x89, 0x09, 0x90, 0xFF, 0x98,
    0xB7, 0xA0, 0x3F, 0xCE, 0x13, 0x98, 0xBF, 0xFB, 0xE6, 0xCF, 0x21, 0xE7, 0x08, 0xD5, 0x7C, 0x46,
    0xC4, 0x26, 0x40, 0xEB, 0xDB, 0xD3, 0x5F, 0xA2, 0x9C, 0xCC, 0x23, 0xC6, 0xCA, 0x3C, 0x80, 0xFE,
    0x66, 0x8E, 0xB0, 0xCD, 0x76, 0x83, 0x0C, 0xA0, 0xDD, 0xE5, 0x6E, 0xC2, 0x1A, 0x58, 0x01, 0x13,
    0xB0, 0xBE, 0x98, 0x33, 0xCF, 0xCF, 0x77, 0x80, 0x3A, 0x1F, 0xC1, 0x93, 0x8B, 0x80, 0x03, 0x10,
    0x53, 0xE1, 0x08, 0x28, 0x07, 0x6D, 0x61, 0x1D, 0xB8, 0x38, 0x66, 0x7F, 0xEA, 0xBC, 0x45, 0x9C,
    0xFE, 0x0A, 0x11, 0xA1, 0x99, 0x19, 0xA0, 0xCD, 0x03, 0x32, 0x47, 0xE4, 0xF3, 0x4F, 0x98, 0x65,
    0xBA, 0x2F, 0xB4, 0x60, 0xCA, 0xED, 0x99, 0xEC, 0xE8, 0x0A, 0x61, 0x03, 0x55, 0x02, 0x11, 0xE0,
    0x86, 0xFD, 0xEE, 0x7E, 0xED, 0x08, 0x7A, 0x09, 0xA3, 0xBE, 0x9E, 0xFA, 0x6E, 0xBF, 0x09, 0xE6,
    0x00, 0xF6, 0xF7, 0xAF, 0xC7, 0xAF, 0x03, 0x0D, 0x6D, 0x0F, 0x00, 0x75, 0x8E, 0x05, 0x6C, 0x2C,
    0x87, 0xB0, 0x82, 0x34, 0xA3, 0x4A, 0xD4, 0x23, 0xF5, 0x80, 0x88, 0x33, 0xDA, 0x81, 0x6E, 0x62,
    0x93, 0x98, 0x67, 0x9B, 0x88, 0xEC, 0xB9, 0xFD, 0xED, 0xB5, 0x3A, 0xB0, 0x8E, 0x22, 0x2C, 0x5F,
    0x27, 0x6F, 0x69, 0xA2, 0x71, 0x64, 0x18, 0x5E, 0x43, 0x5B, 0xE5, 0xA1, 0x08, 0x32, 0xE2, 0x34,
    0xF7, 0x22, 0x2A, 0xD7, 0x44, 0xE9, 0x9B, 0x20, 0xBD, 0xC9, 0xD2, 0x77, 0x5B, 0xE9, 0x3F, 0xFC,
    0x77, 0xE9, 0x54, 0x19, 0xBA, 0x37, 0xBD, 0xB6, 0x19, 0xF3, 0x38, 0x61, 0x72, 0xA4, 0xDB, 0x5A,
    0xA8, 0xC6, 0x5D, 0x44, 0x1E, 0x68, 0x1F, 0x47, 0x6E, 0xD4, 0x16, 0xA0, 0x9A, 0x30, 0x75, 0xE6,
    0x50, 0x64, 0x56, 0x22, 0xDB, 0x65, 0x73, 0xD2, 0xA7, 0xE6, 0x99, 0x1B, 0xDB, 0xCF, 0xBE, 0x18,
    0xE5, 0xD3, 0x2F, 0x07, 0xF9, 0xB3, 0xFF, 0x88, 0xEA, 0xE3, 0xAF, 0xA3, 0x7E, 0xFB, 0x2C, 0x18,
    0xB2, 0x37, 0x6C, 0xFC, 0x01, 0x9D, 0x7B, 0x88, 0x71, 0x48, 0x0F, 0x22, 0x00, 0x91, 0xCB, 0x43,
    0x8F, 0x54, 0x39, 0x53, 0xFA, 0xC3, 0xC9, 0xA0, 0xBC, 0x76, 0xA5, 0x36, 0xDA, 0xD0, 0x15, 0xAE,
    0x8B, 0x60, 0x85, 0x74, 0x13, 0xCA, 0xAD, 0x31, 0x7D, 0xC7, 0x06, 0xF3, 0x62, 0x42, 0xBD, 0xBC,
    0xA7, 0x1E, 0xF8, 0x63, 0x0B, 0x1D, 0x90, 0xA0, 0x0E, 0xD7, 0xE3, 0x29, 0x12, 0xC8, 0x0D, 0x3C,
    0x94, 0xF6, 0x5A, 0xFC, 0x6A, 0xDB, 0x23, 0xBF, 0x74, 0xE8, 0xEC, 0xD8, 0xDB, 0x58, 0xEE, 0xDE,
    0xFE, 0xEE, 0x9E, 0xF2, 0x5D, 0x50, 0xEF, 0x59, 0xFE, 0xF0, 0xE6, 0xF5, 0xDC, 0x33, 0xEC, 0xD5,
    0xCE, 0xB4, 0x5E, 0x9D, 0xD8, 0x66, 0x4B, 0x9D, 0x68, 0xB7, 0xA8, 0xBF, 0xE9, 0x0F, 0x9A, 0xF0,
    0x83, 0xCA, 0x01, 0x80, 0x45, 0x9F, 0x86, 0x92, 0xC0, 0x9D, 0x27, 0x30, 0x5E, 0xF7, 0x1B, 0x6F,
    0xEA, 0x17, 0xE1, 0xB0, 0xF9, 0xEB, 0xB0, 0x96, 0xAD, 0x5F, 0xED, 0x49, 0xB7, 0x1A, 0x94, 0xDB,
    0x84, 0x92, 0xC0, 0x9D, 0x27, 0x30, 0x79, 0xE0, 0x1F, 0x72, 0xCF, 0x2D, 0xB8, 0x78, 0x71, 0xF9,
    0xDF, 0x5A, 0xA8, 0x36, 0xB4, 0x5E, 0xCE, 0xC3, 0x95, 0x71, 0xF1, 0x18, 0xEA, 0xDE, 0xD8, 0x32,
    0x98, 0x47, 0x57, 0xC6, 0x21, 0xEB, 0x32, 0x26, 0x36, 0x75, 0xA2, 0xCB, 0x03, 0x3A, 0x07, 0x9A,
    0xAD, 0x05, 0x7E, 0x08, 0x4C, 0x50, 0x0D, 0x20, 0xFC, 0xF5, 0x78, 0x36, 0x23, 0xE8, 0x15, 0x2C,
    0xD5, 0xF5, 0xF8, 0xA9, 0x3F, 0x01, 0x6D, 0xE0, 0xE6, 0x9B, 0xD7, 0xE3, 0x27, 0xC6, 0xD9, 0x00,
    0x64, 0x0F, 0xB7, 0x01, 0x98, 0x35, 0x56, 0xDB, 0x35, 0xEA, 0xA7, 0x09, 0xF9, 0x74, 0x40, 0x7E,
    0x16, 0x68, 0x4F, 0x1C, 0x4D, 0xB6, 0x88, 0x2D, 0x88, 0x54, 0x38, 0x14, 0xC6, 0x73, 0x9E, 0x6F,
    0x53, 0x20, 0x0B, 0xAB, 0xF3, 0x37, 0x46, 0x0E, 0x22, 0xA7, 0xE6, 0x6C, 0xDB, 0x84, 0x4D, 0xEB,
    0x3B, 0xE9, 0x0A, 0xB6, 0xEA, 0x45, 0xD2, 0x79, 0xD0, 0xD9, 0x5E, 0xFE, 0x9B, 0x04, 0xDD, 0x6C,
    0x93, 0xB7, 0xD0, 0x9E, 0xE6, 0xD9, 0xC0, 0x80, 0x74, 0x86, 0x92, 0x7A, 0x02, 0xFD, 0x8B, 0x01,
    0xCC, 0x7B, 0x0E, 0x8C, 0x76, 0xD0, 0xC9, 0x08, 0x87, 0x22, 0xC1, 0x8A, 0x89, 0x82, 0x35, 0xA4,
    0xE7, 0x13, 0x55, 0xCA, 0x89, 0x7A, 0xDC, 0xF8, 0x39, 0xF3, 0x79, 0x45, 0x7C, 0x18, 0x81, 0x32,
    0x03, 0x1B, 0x0B, 0x60, 0x00, 0xD9, 0x43, 0xE3, 0x00, 0x60, 0xAD, 0x11, 0x79, 0x4D, 0x7B, 0xB6,
    0x45, 0xFA, 0x09, 0xDD, 0x27, 0x8C, 0x2D, 0x64, 0xC4, 0xD4, 0x85, 0x62, 0xC0, 0x9C, 0x44, 0x74,
    0x8E, 0xB4, 0xBF, 0x09, 0xC0, 0x74, 0x6E, 0xDC, 0xF6, 0xAF, 0xA7, 0x7F, 0x59, 0xFA, 0x48, 0x35,
    0xEC, 0xBF, 0x9E, 0x5E, 0xBF, 0x03, 0x9B, 0x0C, 0x67, 0x13, 0xF4, 0x1F, 0x7C, 0x7B, 0xFD, 0xDE,
    0x02, 0x96, 0x4B, 0xB8, 0x7B, 0xF7, 0xF5, 0xF2, 0xB7, 0x1E, 0xEE, 0x1D, 0xC3, 0xCE, 0x47, 0x20,
    0x03, 0xC0, 0xEB, 0xF9, 0xAC, 0xEF, 0x6D, 0xAC, 0xC8, 0x9B, 0xEC, 0xDA, 0xB3, 0x7C, 0x12, 0xA4,
    0xDB, 0x36, 0xA1, 0x68, 0x94, 0x37, 0x36, 0xE7, 0xDE, 0x54, 0xF9, 0x1B, 0x66, 0x59, 0xD1, 0x25,
    0x8A, 0x30, 0x3F, 0x46, 0xE5, 0x9C, 0x8B, 0xF4, 0x5F, 0x46, 0xE8, 0x82, 0xC8, 0xB1, 0x3D, 0x0D,
    0xCA, 0xA3, 0x7B, 0x8C, 0xC5, 0xC0, 0x0C, 0x8B, 0x7E, 0xD1, 0xCB, 0xDC, 0x8B, 0x2D, 0x75, 0xA0,
    0x1E, 0x60, 0x44, 0x0E, 0xC8, 0x00, 0x06, 0x64, 0x7F, 0xB1, 0xE8, 0x9D, 0xAF, 0xF3, 0xD8, 0x9E,
    0x26, 0xE9, 0x93, 0xFE, 0x38, 0x99, 0x3C, 0x98, 0xEC, 0xCD, 0xDF, 0x62, 0x40, 0x3F, 0xF7, 0x32,
    0x97, 0xAB, 0x96, 0x2A, 0x21, 0x62, 0x91, 0x5C, 0x35, 0x5E, 0x45, 0x0E, 0xC7, 0x7A, 0x58, 0x5C,
    0x35, 0x7E, 0xB1, 0x60, 0x99, 0xB8, 0xFB, 0xC1, 0x15, 0xE3, 0xA5, 0x13, 0xA1, 0x8A, 0xD0, 0xC4,
    0x97, 0x2D, 0xEE, 0xE4, 0x79, 0x6B, 0xDB, 0xF3, 0xA6, 0x5E, 0x43, 0x07, 0x89, 0x3A, 0xC0, 0x1C,
    0x43, 0x1B, 0x68, 0x3D, 0xD2, 0xCD, 0x50, 0x0E, 0xDD, 0xA3, 0x2D, 0x97, 0xCD, 0xB6, 0x06, 0x91,
    0x50, 0xEB, 0x79, 0x1B, 0xBA, 0x62, 0xBC, 0x54, 0x68, 0xCD, 0xCD, 0x9B, 0x57, 0xF5, 0x07, 0x78,
    0xE3, 0x0F, 0xD0, 0x6B, 0xE4, 0x80, 0x19, 0xF8, 0xAB, 0x91, 0x5B, 0xCB, 0x6A, 0xBB, 0x68, 0xF3,
    0xA4, 0xCE, 0x26, 0xF3, 0xD3, 0x64, 0x48, 0xA6, 0x4A, 0x5D, 0x3D, 0x1A, 0x31, 0x98, 0x93, 0xA8,
    0xB2, 0xBB, 0xB1, 0x05, 0xFD, 0xA7, 0x96, 0x2E, 0xC3, 0xD9, 0x16, 0x8E, 0x3E, 0xA0, 0xF9, 0x74,
    0xA0, 0x7D, 0x96, 0x68, 0xB7, 0x13, 0x32, 0x9E, 0xEF, 0x34, 0xCA, 0x25, 0x74, 0x5F, 0x68, 0x13,
    0xA6, 0x1A, 0x31, 0xF5, 0xC0, 0xA1, 0x88, 0xAC, 0x0B, 0x31, 0xA0, 0xEC, 0xE5, 0x2A, 0x8B, 0x3C,
    0xB4, 0x67, 0xA9, 0x08, 0x74, 0x3F, 0x19, 0x7B, 0x91, 0xD2, 0x88, 0x51, 0x9F, 0x44, 0x99, 0x5D,
    0xBD, 0xE5, 0x72, 0x95, 0xAF, 0x1A, 0x3F, 0xAF, 0xF2, 0x50, 0xC7, 0xC5, 0x55, 0xE3, 0x0F, 0x24,
    0xE4, 0x2D, 0xD5, 0x59, 0xA2, 0xEA, 0xDF, 0x9F, 0x35, 0x14, 0x11, 0x45, 0x75, 0x71, 0x1F, 0xD3,
    0x45, 0x93, 0x14, 0x56, 0x85, 0x62, 0xA4, 0x88, 0x29, 0x6A, 0x66, 0x39, 0x8B, 0x07, 0xCC, 0x4F,
    0xC9, 0xFB, 0x57, 0xCD, 0x57, 0x02, 0xC7, 0xDF, 0xF9, 0xE8, 0xF0, 0x6A, 0x12, 0xA0, 0xFB, 0x7B,
    0x91, 0x93, 0x2C, 0x26, 0x4F, 0x93, 0x7E, 0x67, 0x32, 0x6F, 0x25, 0xB3, 0x48, 0xE6, 0xAB, 0x64,
    0x9E, 0xCE, 0x26, 0x3A, 0xBB, 0xC3, 0x2D, 0xDF, 0x07, 0x26, 0x38, 0x00, 0x09, 0xA0, 0xFA, 0xA4,
    0x6D, 0x49, 0x34, 0x9A, 0x97, 0x6B, 0x75, 0x28, 0xE2, 0xAA, 0x89, 0xA9, 0x0D, 0x49, 0x85, 0xBC,
    0xF1, 0xDD, 0xD7, 0x4E, 0xFF, 0xDC, 0x21, 0x06, 0xA4, 0xE3, 0xAD, 0x2B, 0xC7, 0x1B, 0xC7, 0x59,
    0x6C, 0xFC, 0x70, 0xD5, 0xF8, 0x18, 0xAB, 0xFF, 0x8E, 0x1C, 0x1D, 0x5D, 0x35, 0x9E, 0x0E, 0x48,
    0x20, 0x02, 0x00, 0x22, 0xB6, 0xA1, 0x8E, 0xD2, 0xD5, 0x83, 0xEE, 0xAB, 0xC1, 0x50, 0x8D, 0x6B,
    0x18, 0x13, 0x7C, 0x33, 0xC2, 0x59, 0x84, 0x1C, 0x60, 0x33, 0xCB, 0xFA, 0x42, 0x60, 0x05, 0x55,
    0x82, 0xBF, 0x1C, 0xA0, 0x0B, 0x85, 0x16, 0x38, 0x04, 0xD6, 0xC0, 0x04, 0x24, 0x60, 0x4A, 0x54,
    0x67, 0x99, 0x3A, 0x67, 0x2B, 0x92, 0xB1, 0x2F, 0x3F, 0xCF, 0x84, 0x42, 0x6F, 0x68, 0x0B, 0xA5,
    0xDF, 0x22, 0xE7, 0x75, 0xCE, 0x03, 0xFA, 0x3D, 0x8F, 0xFE, 0x9D, 0xCF, 0x33, 0x6B, 0x00, 0xA5,
    0x40, 0x6B, 0x4A, 0x63, 0x5D, 0x5B, 0x9D, 0xFF, 0x03, 0xAD, 0x99, 0x01, 0xA4, 0x25, 0x59, 0x7A,
    0xC7, 0x7F, 0x55, 0x45, 0x57, 0x74, 0x49, 0x0E, 0x2C, 0xD6, 0x46, 0xA6, 0x82, 0x80, 0xD9, 0x9D,
    0x2E, 0x80, 0x60, 0xFA, 0x9D, 0xD3, 0x06, 0x00, 0x01, 0x00, 0x18, 0x2C, 0x56, 0x42, 0x1A, 0x82,
    0xC1, 0x7B, 0xAF, 0x6A, 0x66, 0xB1, 0x08, 0xF2, 0x00, 0x80, 0x3C, 0xEC, 0x32, 0xD3, 0x21, 0x2D,
    0xAC, 0xE8, 0xC4, 0x7B, 0xF7, 0x9E, 0xD9, 0xC1, 0xA2, 0xB1, 0x95, 0x0C, 0x82, 0x60, 0x6A, 0x37,
    0x1B, 0x3B, 0x7A, 0xC8, 0x3B, 0x3B, 0x53, 0x49, 0x57, 0xBF, 0x57, 0x55, 0x5F, 0xBE, 0xE3, 0xDE,
    0x3B, 0x7D, 0xA7, 0xFB, 0xBD, 0x75, 0xDF, 0xBE, 0x77, 0xAB, 0xFE, 0x45, 0xBB, 0xB7, 0xFE, 0xFF,
    0xDF, 0x39, 0x7D, 0xEA, 0x7C, 0xE7, 0xD4, 0x03, 0x09, 0x24, 0x51, 0x8F, 0x8E, 0x01, 0x60, 0xE9,
    0x40, 0x1C, 0x99, 0x34, 0xE4, 0x9F, 0x35, 0x98, 0x5F, 0x78, 0xCA, 0xBF, 0xF0, 0xD8, 0xC2, 0x73,
    0xA0, 0x92, 0xC7, 0x3E, 0x11, 0x69, 0x33, 0x55, 0xDE, 0xE5, 0xAD, 0xF1, 0x79, 0x57, 0x36, 0x79,
    0x67, 0xC9, 0x02, 0xF5, 0x08, 0x51, 0x7F, 0xF9, 0x63, 0x58, 0x54, 0x6A, 0xB1, 0xA0, 0xB8, 0x98,
    0x31, 0xED, 0x44, 0xD5, 0x8C, 0x58, 0xA7, 0x62, 0xC0, 0xA6, 0xAA, 0xAC, 0xC7, 0x9E, 0x05, 0x2A,
    0x09, 0x14, 0xFF, 0xD5, 0x41, 0xDA, 0xBE, 0x47, 0xE4, 0x60, 0xD9, 0x02, 0xDC, 0x98, 0xE5, 0xA7,
    0xF7, 0x60, 0x39, 0x82, 0x1D, 0xE0, 0x4E, 0x73, 0x5D, 0x9E, 0x9B, 0x65, 0x63, 0x1C, 0xDC, 0x07,
    0xF6, 0x81, 0xBA, 0x81, 0xCA, 0x5D, 0x3B, 0xBF, 0x70, 0x70, 0x8F, 0x95, 0x8D, 0xF5, 0x50, 0xAA,
    0x78, 0x13, 0x98, 0x21, 0x19, 0x20, 0xDB, 0xEA, 0xA6, 0xEA, 0x05, 0xCA, 0xE2, 0xF2, 0x79, 0x89,
    0xE9, 0xA0, 0xF2, 0x60, 0x81, 0x1A, 0x58, 0x00, 0xA7, 0xC0, 0x04, 0x2C, 0x80, 0x1A, 0xB0, 0xCF,
    0x02, 0xA5, 0x04, 0x52, 0x39, 0x02, 0xCD, 0x2D, 0x5A, 0x2A, 0x00, 0xEA, 0x2E, 0x93, 0x50, 0x9C,
    0x77, 0x65, 0xAB, 0x7C, 0x8A, 0x87, 0x85, 0x78, 0x3A, 0xAA, 0x2F, 0x1A, 0x23, 0x4D, 0x3A, 0x43,
    0x3E, 0x42, 0x75, 0x0A, 0x27, 0xE5, 0xED, 0xE4, 0xDB, 0x16, 0x09, 0x59, 0x3B, 0xEC, 0x9A, 0x9F,
    0x06, 0xC8, 0x54, 0xC9, 0xD1, 0xED, 0xE4, 0x97, 0x4D, 0xCC, 0xBA, 0xCB, 0xAE, 0xF9, 0xF7, 0x4D,
    0x43, 0xB9, 0x80, 0xA2, 0xBF, 0x95, 0xFC, 0x34, 0x1C, 0x30, 0x07, 0xAC, 0xDF, 0x35, 0xDF, 0xBC,
    0xD3, 0x91, 0x9F, 0x39, 0xB2, 0x89, 0xCD, 0x27, 0x91, 0x5E, 0xBD, 0x84, 0xEC, 0x5C, 0x9A, 0x2C,
    0x94, 0x3E, 0x0F, 0x46, 0xC7, 0xA4, 0x69, 0x8B, 0xD6, 0xAC, 0x0E, 0x6F, 0x7C, 0xA9, 0x47, 0xD5,
    0xD8, 0xA6, 0x72, 0x82, 0x7D, 0x3C, 0x62, 0x25, 0x50, 0xCF, 0x0E, 0x30, 0x4F, 0x3D, 0x94, 0x7F,
    0xE7, 0xA0, 0xFA, 0x6B, 0xC0, 0x02, 0x0B, 0x0B, 0x99, 0x2C, 0x21, 0x8E, 0x56, 0xE2, 0x70, 0x55,
    0x9E, 0x31, 0x82, 0xC4, 0x0B, 0xF1, 0x92, 0x0E, 0x10, 0xC7, 0x2C, 0x71, 0xD0, 0x12, 0x5B, 0x43,
    0xF1, 0xAB, 0xEE, 0x6A, 0x16, 0x2B, 0xA6, 0xAD, 0x67, 0xD3, 0x3E, 0xFC, 0xFC, 0x77, 0xB1, 0x94,
    0x9E, 0x42, 0x02, 0x46, 0x85, 0x8D, 0x1C, 0x8A, 0x31, 0x63, 0x2E, 0x26, 0x4A, 0xFF, 0xEA, 0x33,
    0xD3, 0xB3, 0x79, 0x66, 0x62, 0x7A, 0x1E, 0xC3, 0xED, 0xAC, 0x9A, 0xE0, 0xCD, 0x0F, 0x81, 0xC8,
    0x22, 0xCA, 0x32, 0x2B, 0xCB, 0x47, 0x64, 0x01, 0xF2, 0xA8, 0x0E, 0x8D, 0xE8, 0x89, 0x11, 0xE6,
    0xD9, 0x71, 0x4C, 0x54, 0x5F, 0x95, 0x03, 0xFB, 0xA8, 0xC1, 0x8A, 0xA7, 0x56, 0x51, 0x8F, 0x2C,
    0x87, 0x38, 0x93, 0xD5, 0x6D, 0x2A, 0x43, 0x71, 0x3E, 0x9A, 0x76, 0xAC, 0x3E, 0x18, 0xAD, 0xF4,
    0x56, 0x5A, 0xFB, 0x13, 0x2C, 0x54, 0xCF, 0x5A, 0x23, 0xFA, 0xAD, 0xE3, 0x6D, 0xB3, 0x0A, 0x37,
    0x03, 0xC0, 0xCD, 0xC3, 0xC3, 0x7D, 0x64, 0xA4, 0xEE, 0xB9, 0xEB, 0x76, 0xCA, 0x4F, 0x8E, 0xD0,
    0x10, 0x55, 0x77, 0x3B, 0xF9, 0x85, 0xC7, 0xB4, 0xDC, 0x71, 0xC0, 0x2E, 0xF9, 0x97, 0x66, 0x9D,
    0x1F, 0x53, 0xC4, 0x9C, 0x28, 0xCF, 0xD5, 0x59, 0x6F, 0x00, 0xEF, 0x01, 0x3D, 0x20, 0x40, 0xBD,
    0x53, 0x66, 0xC3, 0x5B, 0xC4, 0xDB, 0x7A, 0x10, 0xB0, 0xEB, 0xE7, 0xF2, 0x14, 0x4C, 0x7F, 0x3B,
    0x5D, 0x30, 0x54, 0xB0, 0x37, 0x40, 0xD5, 0x01, 0x44, 0x24, 0x94, 0x09, 0x85, 0x42, 0xA9, 0x50,
    0x2C, 0x94, 0x4B, 0xD5, 0xA2, 0x64, 0x58, 0x88, 0x6C, 0x28, 0x1C, 0xA9, 0x38, 0xC8, 0x26, 0x30,
    0xB2, 0xE2, 0xDA, 0x7C, 0xFE, 0x78, 0x8E, 0x5D, 0xE5, 0xF3, 0xF9, 0xB1, 0x33, 0x61, 0x3D, 0x4F,
    0x38, 0xA8, 0x73, 0x71, 0x8B, 0x42, 0x38, 0xBD, 0xB3, 0x64, 0xE2, 0x90, 0x05, 0xA7, 0xD4, 0x4C,
    0xD8, 0x67, 0x23, 0xA5, 0x8C, 0xEA, 0xD7, 0x41, 0x19, 0xE0, 0x70, 0x20, 0xE9, 0xEF, 0x03, 0xBC,
    0x5E, 0xCF, 0xFC, 0xEF, 0xA8, 0x27, 0xBF, 0xE9, 0xA0, 0x68, 0xC1, 0x78, 0xFE, 0x75, 0xD9, 0xB0,
    0x14, 0x78, 0x38, 0x00, 0x7F, 0x90, 0x38, 0xDE, 0x28, 0x1A, 0x22, 0x67, 0x3E, 0x71, 0x2B, 0x9C,
    0x3F, 0x7D, 0x6B, 0x5D, 0x77, 0x7B, 0xB8, 0xE3, 0x6E, 0x87, 0x33, 0x19, 0x20, 0x55, 0x71, 0x7C,
    0x3B, 0x8C, 0x79, 0xCC, 0x68, 0x23, 0xDF, 0xED, 0xF5, 0xE5, 0x55, 0x3C, 0xE9, 0x23, 0x16, 0xB9,
    0xF2, 0x28, 0xD3, 0x44, 0xCD, 0x82, 0xC5, 0xEB, 0x3C, 0x9B, 0xCF, 0x08, 0xF4, 0x90, 0x76, 0x40,
    0x12, 0x39, 0x7D, 0xCC, 0xB9, 0x3D, 0xC6, 0x44, 0x20, 0xD6, 0x8E, 0x2A, 0x1A, 0x03, 0x40, 0x32,
    0xA4, 0x43, 0xDA, 0x67, 0xF1, 0x08, 0x59, 0xC8, 0xF5, 0x28, 0xBA, 0x5C, 0xA4, 0x2B, 0x44, 0x5A,
    0x23, 0xF2, 0x75, 0xE5, 0xD0, 0xC3, 0x55, 0xCE, 0x3A, 0x4B, 0x3C, 0x6A, 0x6A, 0x0E, 0xD5, 0x4E,
    0xDD, 0x9A, 0xF2, 0x9D, 0x76, 0x63, 0x45, 0xDA, 0x93, 0xE9, 0x19, 0xC8, 0xBE, 0xEA, 0xF3, 0xB3,
    0xB1, 0x90, 0xC9, 0xF4, 0xB3, 0x69, 0x4F, 0x4B, 0x3F, 0x96, 0xCD, 0x58, 0xB9, 0xD1, 0x26, 0x83,
    0x4D, 0xFB, 0x3A, 0x0B, 0x8B, 0x2C, 0xC4, 0x68, 0xD2, 0x21, 0xEB, 0xA9, 0x44, 0x04, 0x1B, 0x2F,
    0x0A, 0xD0, 0x91, 0x77, 0x45, 0x47, 0x04, 0x20, 0x12, 0x60, 0x9E, 0x3D, 0xF6, 0x28, 0x45, 0x43,
    0x84, 0x20, 0x52, 0x10, 0x21, 0x88, 0x1C, 0xD4, 0x2C, 0x88, 0xD1, 0xA5, 0xB4, 0x95, 0x78, 0x8D,
    0xCE, 0x7F, 0x13, 0x8A, 0x55, 0x74, 0x98, 0x56, 0xD1, 0x95, 0x46, 0x3F, 0x58, 0x47, 0x1F, 0xC6,
    0xE8, 0xC0, 0xC1, 0x9F, 0x24, 0x32, 0xA6, 0x67, 0x43, 0xFA, 0xE0, 0x08, 0x48, 0x25, 0xE8, 0xC9,
    0xD2, 0x71, 0x08, 0xA7, 0x30, 0xC6, 0x33, 0x19, 0x89, 0x7C, 0xAB, 0xE6, 0x04, 0x8A, 0x9E, 0x7A,
    0x62, 0x39, 0x52, 0xFC, 0xBB, 0xD7, 0xA0, 0x3D, 0x71, 0x7F, 0xFA, 0x6D, 0xC5, 0x25, 0xA2, 0x2A,
    0xA8, 0x62, 0x46, 0x48, 0x45, 0xA4, 0xDA, 0xD4, 0xED, 0x1A, 0x16, 0x80, 0x0C, 0x48, 0xCF, 0xA3,
    0xE3, 0xEB, 0x06, 0x95, 0x42, 0x25, 0x7C, 0xE7, 0xA3, 0x9D, 0x52, 0x92, 0x6E, 0x3F, 0xA6, 0xD4,
    0x2D, 0x70, 0xDD, 0xA0, 0xB7, 0x8A, 0x46, 0x83, 0xCC, 0x44, 0x72, 0xB4, 0x53, 0xD6, 0xB5, 0xCC,
    0x33, 0xB5, 0x72, 0x94, 0x50, 0x46, 0x5B, 0x38, 0x60, 0xC1, 0x9F, 0x41, 0x32, 0xEA, 0xB8, 0x5B,
    0x8F, 0xB9, 0xA2, 0x2B, 0xD6, 0x6B, 0x94, 0xAA, 0x29, 0xD9, 0xE7, 0x09, 0x4B, 0x2C, 0xDC, 0x71,
    0x31, 0xDE, 0x34, 0xBF, 0x47, 0x8B, 0xBE, 0xE9, 0x59, 0xB9, 0xD5, 0x98, 0x5D, 0x44, 0x13, 0x1B,
    0x2F, 0x87, 0xA8, 0xD1, 0x02, 0x0E, 0x99, 0xE0, 0x74, 0xE5, 0x15, 0x2F, 0xC9, 0x10, 0xC1, 0xFA,
    0xD5, 0xA8, 0x8C, 0x78, 0x44, 0x3E, 0x32, 0xB5, 0x53, 0xF3, 0xA2, 0x55, 0x7B, 0xE3, 0x35, 0x40,
    0x2F, 0x44, 0x38, 0xA8, 0x1D, 0x94, 0x02, 0x94, 0x23, 0x70, 0xF7, 0x08, 0x92, 0xDE, 0x34, 0xE9,
    0x50, 0x7A, 0x8E, 0xEE, 0x02, 0x28, 0x8B, 0xA5, 0xE8, 0x54, 0xED, 0x21, 0xC6, 0x9F, 0xAA, 0x46,
    0x4A, 0x55, 0xF5, 0xBE, 0xEA, 0xC1, 0x66, 0x25, 0x13, 0xA8, 0x55, 0x8B, 0x4D, 0x89, 0x32, 0x2D,
    0xC9, 0xD2, 0x93, 0x48, 0x43, 0x32, 0x01, 0x08, 0x64, 0x67, 0x9E, 0xCD, 0xC3, 0x06, 0xC0, 0x88,
    0xD2, 0xA2, 0xB0, 0xA0, 0xB8, 0x4A, 0xA9, 0xDA, 0x94, 0xB8, 0x95, 0x87, 0x86, 0xAD, 0x54, 0x36,
    0x50, 0xA9, 0xAC, 0x7B, 0xB9, 0x34, 0x9D, 0xE1, 0xBB, 0x23, 0xD4, 0x03, 0xD8, 0x16, 0x30, 0x81,
    0xC3, 0x61, 0x5D, 0x5F, 0x4A, 0x8D, 0xDA, 0xFE, 0x7F, 0xE7, 0xAA, 0x5E, 0x7F, 0x18, 0x58, 0xB6,
    0x2C, 0x1D, 0xC9, 0x90, 0xF7, 0x69, 0x6F, 0xDA, 0xAC, 0xB7, 0x4D, 0x16, 0x66, 0xF2, 0x2F, 0xC7,
    0xF8, 0x28, 0x52, 0x28, 0xB5, 0x91, 0x95, 0xCA, 0x5F, 0x74, 0x54, 0x3F, 0x0A, 0x54, 0xEF, 0xF4,
    0xAB, 0x49, 0x4B, 0x9D, 0x0E, 0x99, 0xBE, 0xD9, 0xA2, 0x1E, 0xB2, 0x76, 0x3D, 0xE7, 0xF7, 0xDB,
    0x2D, 0xB3, 0x2E, 0xEF, 0x26, 0x8A, 0x4F, 0x07, 0x8C, 0xFA, 0x98, 0xB3, 0x86, 0x52, 0x50, 0x39,
    0x2A, 0x69, 0xB0, 0xC6, 0xAB, 0x3A, 0x0E, 0xF3, 0xC0, 0x22, 0xDE, 0x04, 0xC0, 0xDA, 0x6F, 0x3D,
    0x97, 0xE6, 0xEA, 0x51, 0x5C, 0xE2, 0x51, 0x5D, 0xE5, 0x51, 0x04, 0x4A, 0xCF, 0x1E, 0x7C, 0xFF,
    0xD5, 0x09, 0x2E, 0xD7, 0xF3, 0xD2, 0xE7, 0xE4, 0x59, 0x63, 0xC5, 0xD7, 0xE2, 0x89, 0x5E, 0x8E,
    0x13, 0x38, 0xDE, 0xDC, 0x3B, 0x6C, 0x26, 0xC7, 0xAF, 0xEF, 0x8D, 0xB7, 0x5F, 0xD2, 0xD7, 0x8B,
    0xEB, 0x66, 0x01, 0x10, 0x7F, 0xD9, 0x62, 0x1C, 0xC4, 0xB2, 0x37, 0x31, 0x32, 0x26, 0xAB, 0xB9,
    0x3D, 0xCE, 0xEB, 0x5B, 0xCF, 0x03, 0x40, 0xC5, 0x7D, 0x9E, 0x68, 0xCA, 0x5E, 0xDA, 0x9F, 0x64,
    0x7D, 0xD8, 0x25, 0x25, 0x19, 0xC6, 0xF4, 0x45, 0xC8, 0x9E, 0xB7, 0x37, 0x68, 0xC2, 0xB1, 0xF9,
    0xA4, 0x37, 0x3F, 0x0B, 0xAF, 0x9B, 0x5F, 0xDE, 0x3F, 0xFF, 0xD1, 0x99, 0xA7, 0x5D, 0xF9, 0xB3,
    0xE6, 0x35, 0xF3, 0xCD, 0x78, 0x9C, 0x60, 0x8C, 0xD7, 0x44, 0x9A, 0x54, 0x7C, 0x31, 0x61, 0x03,
    0xE5, 0xD7, 0x53, 0xD8, 0xF9, 0xB1, 0x91, 0x50, 0x4A, 0x58, 0x75, 0xC4, 0x7A, 0xBA, 0x19, 0x8A,
    0xB1, 0x1C, 0x96, 0xBE, 0xDE, 0x9A, 0x18, 0xA0, 0x08, 0x60, 0x3C, 0x58, 0xE0, 0x07, 0x00, 0x24,
    0xEA, 0x95, 0x0A, 0x87, 0x99, 0x70, 0x9A, 0x89, 0x3B, 0xD1, 0x4A, 0x37, 0xE6, 0x9F, 0xF9, 0xA1,
    0x78, 0xFA, 0x6F, 0x83, 0xF9, 0xE4, 0x57, 0xBD, 0xF9, 0xE1, 0x97, 0xA1, 0xFC, 0xE0, 0x79, 0xA8,
    0x1E, 0x5C, 0x74, 0x16, 0x69, 0x2D, 0xCB, 0x76, 0x8F, 0xDA, 0x1F, 0x60, 0x3D, 0x4C, 0xA4, 0x3D,
    0x45, 0x03, 0xE4, 0x3F, 0xEF, 0x8B, 0xCF, 0xC6, 0x62, 0x9E, 0x4C, 0x58, 0xBC, 0x2C, 0x47, 0xEE,
    0x1B, 0xE5, 0xE8, 0x46, 0x59, 0x9B, 0x8F, 0x05, 0xF6, 0x81, 0x7E, 0xB7, 0x4C, 0x36, 0x4F, 0x47,
    0xD6, 0x91, 0x7B, 0xC8, 0xDA, 0x81, 0xE4, 0xA2, 0x05, 0x71, 0xC0, 0xCD, 0xBB, 0x60, 0xBF, 0x74,
    0xD8, 0x13, 0x30, 0x01, 0x20, 0x22, 0xA1, 0x4C, 0x28, 0x14, 0x4A, 0x85, 0x62, 0xA1, 0x5C, 0x28,
    0x18, 0x4A, 0x86, 0xA2, 0xA1, 0x6C, 0x28, 0x1C, 0x4A, 0xB7, 0x59, 0xBE, 0xA0, 0x2E, 0xD8, 0xB7,
    0xAD, 0xDB, 0x3F, 0x90, 0x96, 0xE5, 0x59, 0x87, 0xE4, 0x1D, 0x53, 0xD1, 0x31, 0x16, 0x6D, 0x32,
    0x18, 0x9F, 0xF6, 0xC6, 0x67, 0x7D, 0xE9, 0xB3, 0x50, 0x36, 0x59, 0xA8, 0x5C, 0xAE, 0x24, 0xC9,
    0xC8, 0x5E, 0x3A, 0x6F, 0x73, 0xFB, 0x31, 0x7F, 0xAA, 0xDC, 0x3F, 0xFF, 0x65, 0x6F, 0x3E, 0xF9,
    0xB2, 0x37, 0xCA, 0x5C, 0xBA, 0x0B, 0xFD, 0xB5, 0x74, 0x15, 0xB5, 0x72, 0x5B, 0xBF, 0x47, 0xA5,
    0xDC, 0xE5, 0x7A, 0xAA, 0xAC, 0x1D, 0xD5, 0x0C, 0xD5, 0x00, 0x77, 0xDD, 0x6E, 0xDD, 0xB9, 0x2A,
    0x9C, 0x8F, 0x3D, 0xD2, 0x30, 0x83, 0x11, 0x28, 0x85, 0x58, 0xBE, 0x01, 0xA2, 0x55, 0x22, 0x42,
    0x3E, 0x2F, 0xBD, 0xE9, 0xCA, 0xB6, 0xF2, 0x46, 0x63, 0x8B, 0xAE, 0x56, 0xAD, 0x3A, 0xC3, 0xF8,
    0x49, 0xE3, 0x17, 0xD8, 0xA6, 0x66, 0x89, 0xFD, 0x62, 0xA2, 0x94, 0x9E, 0x54, 0xDD, 0x58, 0xBE,
    0xDC, 0x8A, 0x66, 0xD2, 0x17, 0x17, 0x63, 0x19, 0x09, 0x26, 0xAB, 0x04, 0x28, 0xC4, 0x68, 0xB3,
    0xA1, 0x3A, 0x0B, 0x46, 0x7C, 0x3A, 0xC3, 0xB7, 0xD3, 0xAD, 0x35, 0xFD, 0x08, 0x70, 0x73, 0x80,
    0xFE, 0xAD, 0xC8, 0x60, 0x7B, 0xEE, 0xB8, 0x9D, 0x18, 0x92, 0x17, 0x23, 0xF9, 0xA7, 0x1D, 0xC6,
    0xB8, 0x5B, 0xC9, 0x37, 0xFF, 0xD9, 0x52, 0x95, 0x8E, 0xF7, 0xDE, 0x06, 0x40, 0x19, 0x50, 0x08,
    0x94, 0x62, 0x3D, 0x86, 0xA6, 0xF5, 0x5A, 0x58, 0x95, 0xA8, 0xB2, 0x01, 0x85, 0x41, 0x69, 0x88,
    0x38, 0x54, 0x22, 0xBD, 0x86, 0x4B, 0xD0, 0xF4, 0x67, 0xC7, 0xA6, 0xAB, 0x1A, 0x2A, 0xBF, 0x5A,
    0x45, 0x3E, 0x72, 0x35, 0x56, 0x9A, 0x05, 0xB5, 0xB8, 0x53, 0x4E, 0xD1, 0x73, 0x84, 0x05, 0x23,
    0xD4, 0x6A, 0xA5, 0x1C, 0xF3, 0x47, 0x0A, 0x22, 0xB3, 0x92, 0xC8, 0x04, 0xCB, 0xF7, 0xC5, 0x65,
    0xF2, 0x85, 0xB4, 0xE6, 0x42, 0xCE, 0xBA, 0xD2, 0x4B, 0x16, 0x34, 0x3E, 0xD6, 0x77, 0x11, 0x1F,
    0x2F, 0x4A, 0x30, 0x1F, 0x29, 0xC2, 0x88, 0x32, 0xC8, 0x63, 0x8C, 0x2C, 0x85, 0x74, 0x2A, 0x5E,
    0x00, 0x1A, 0xC9, 0x04, 0x49, 0xAF, 0x6A, 0xB6, 0x5E, 0xDD, 0xC4, 0x2D, 0xAA, 0xAC, 0x2A, 0x5C,
    0x54, 0xEC, 0x94, 0xF3, 0x19, 0x23, 0x83, 0xAA, 0xA5, 0x7C, 0xDA, 0x51, 0xFD, 0x70, 0x53, 0x35,
    0x57, 0xCD, 0xAC, 0x99, 0x21, 0x0F, 0x98, 0x86, 0xFB, 0xAB, 0xC7, 0xAB, 0xD5, 0x42, 0x5B, 0xCC,
    0x8D, 0x09, 0x57, 0x2F, 0x11, 0xE5, 0xD7, 0x97, 0x64, 0x59, 0x8A, 0x6E, 0x89, 0x91, 0x49, 0x15,
    0x28, 0xCF, 0x5A, 0xB6, 0x2B, 0xF4, 0x26, 0x6B, 0xBB, 0x42, 0xA7, 0x01, 0x32, 0xBF, 0xC2, 0xFF,
    0x6D, 0x9F, 0x5E, 0x84, 0x54, 0x8E, 0xB3, 0x51, 0x2D, 0x2F, 0x5F, 0x3C, 0x02, 0x10, 0x59, 0xF6,
    0xE0, 0x09, 0x70, 0xAF, 0xF0, 0x98, 0x25, 0xE4, 0x03, 0xC0, 0x8D, 0x7B, 0x21, 0xEB, 0x9E, 0x70,
    0xD1, 0xB1, 0x6C, 0x76, 0xEC, 0x05, 0xF8, 0x01, 0xB1, 0xD2, 0x74, 0x98, 0x0D, 0x5B, 0xFD, 0xEB,
    0x54, 0xC6, 0xFC, 0x7C, 0x30, 0x1D, 0xA6, 0xA5, 0x08, 0xE4, 0xB1, 0xA0, 0x38, 0x6A, 0x05, 0xED,
    0x28, 0x3A, 0xA7, 0x43, 0x74, 0xE9, 0x97, 0xE2, 0xAA, 0x01, 0x8A, 0x2E, 0x9A, 0x1E, 0x00, 0x8A,
    0xEC, 0x94, 0xAC, 0xFC, 0x22, 0x96, 0xD4, 0xB2, 0xC5, 0x8C, 0xA4, 0x02, 0xD6, 0xE9, 0x79, 0x2E,
    0x4E, 0x66, 0x1E, 0xF6, 0x50, 0x6E, 0xAD, 0xAA, 0xAE, 0x9B, 0xB5, 0x6C, 0xD2, 0x0B, 0x6F, 0x3E,
    0x08, 0xBB, 0x65, 0x5D, 0xCF, 0x3C, 0xF3, 0xA4, 0x01, 0x7A, 0x05, 0x54, 0xC3, 0x2B, 0xFC, 0x6B,
    0x47, 0xE5, 0x7E, 0xB2, 0x8C, 0xFE, 0x75, 0xAC, 0x67, 0xEA, 0x11, 0xEF, 0xB2, 0x1D, 0xB6, 0x79,
    0xF9, 0x8A, 0xA4, 0xEC, 0x00, 0x36, 0xED, 0x43, 0x19, 0x50, 0x88, 0x18, 0x19, 0x31, 0x22, 0x47,
    0x04, 0x21, 0x92, 0x44, 0x94, 0xF8, 0x45, 0x34, 0x72, 0x2A, 0xC5, 0x41, 0x79, 0x50, 0x20, 0xF2,
    0x8F, 0x75, 0x30, 0xB5, 0x88, 0xDB, 0xB1, 0xB9, 0x56, 0x26, 0x2B, 0xE3, 0x9B, 0xF3, 0x87, 0x9B,
    0x55, 0xE9, 0xD6, 0x0A, 0x62, 0x33, 0x16, 0xCD, 0x66, 0x2C, 0x1A, 0xE2, 0x35, 0x6B, 0x23, 0x40,
    0xED, 0xE0, 0xFB, 0xD0, 0x93, 0x04, 0x0A, 0xF1, 0x56, 0x9A, 0xEA, 0xDC, 0xBD, 0x1C, 0xB5, 0xCD,
    0x66, 0xD4, 0x7C, 0x4E, 0x35, 0x52, 0x0C, 0x14, 0x0D, 0xF9, 0x56, 0xBB, 0xD3, 0x70, 0x82, 0x84,
    0x68, 0x04, 0x70, 0x3D, 0x0C, 0x38, 0x81, 0x9E, 0xFF, 0xEB, 0x34, 0x3A, 0xDF, 0x21, 0xFA, 0x75,
    0x73, 0x1B, 0xEF, 0xF2, 0xDF, 0x3D, 0x77, 0xD1, 0xBC, 0xDB, 0x36, 0xBF, 0xA4, 0x51, 0xA6, 0x25,
    0x6E, 0x88, 0x26, 0x1E, 0x7E, 0xFE, 0xAA, 0x33, 0x77, 0x12, 0x47, 0xF5, 0x69, 0x83, 0x15, 0xC7,
    0xDF, 0x08, 0xBC, 0xFB, 0x2D, 0x00, 0x35, 0x2C, 0x36, 0x2F, 0x8D, 0xB7, 0x36, 0xFF, 0xF6, 0x95,
    0xAD, 0xFF, 0x42, 0x0F, 0x35, 0x4E, 0x47, 0x6A, 0xE9, 0xA9, 0xA4, 0x23, 0x9F, 0x1D, 0x9C, 0x7E,
    0x2F, 0x95, 0x31, 0x3B, 0xEB, 0x75, 0x5B, 0xBD, 0xB5, 0xDF, 0x1F, 0x6C, 0x16, 0xAB, 0xE4, 0x69,
    0x1E, 0xC6, 0xA2, 0x1B, 0xCB, 0x4E, 0x96, 0x6D, 0xFD, 0xDC, 0x57, 0x3F, 0xF2, 0x54, 0x33, 0x58,
    0xD5, 0x9B, 0x1F, 0xDE, 0x3C, 0x5B, 0x42, 0xA2, 0xE7, 0xA3, 0xDD, 0x82, 0xBF, 0x75, 0x07, 0xEE,
    0x1B, 0xA8, 0xB6, 0x5E, 0xDA, 0xDE, 0x10, 0x20, 0xED, 0xDE, 0x4B, 0xA4, 0x47, 0x3A, 0xBE, 0xE3,
    0x76, 0x62, 0xC8, 0x3A, 0x30, 0x7F, 0x0E, 0x7F, 0xF8, 0x3D, 0xF8, 0xA3, 0xB7, 0x21, 0x0F, 0xB7,
    0xC2, 0x41, 0xE5, 0xF8, 0xE7, 0x96, 0x7F, 0x6A, 0xB1, 0x0D, 0x00, 0xEC, 0x46, 0xF3, 0x55, 0x4F,
    0xF1, 0xB4, 0xE5, 0xDE, 0x1B, 0xB7, 0x44, 0xF1, 0xF7, 0x0D, 0x07, 0x7B, 0x10, 0xFA, 0x0D, 0xC3,
    0xD6, 0x3A, 0x4F, 0x95, 0xF5, 0x28, 0x08, 0x4A, 0x82, 0xA2, 0xA0, 0x2C, 0x28, 0x0C, 0x4A, 0x83,
    0xE2, 0x5C, 0x91, 0x5D, 0x5D, 0x9D, 0x7D, 0xB6, 0x95, 0x1D, 0x20, 0x6B, 0x59, 0x2D, 0x6B, 0x07,
    0xD0, 0xB8, 0x1D, 0xFA, 0xE0, 0x6F, 0x3D, 0xF7, 0xE0, 0x09, 0xF4, 0x20, 0x50, 0xA3, 0xF2, 0x90,
    0x5C, 0x74, 0x50, 0x7C, 0x1C, 0x78, 0xF9, 0xB1, 0x9A, 0x3C, 0x59, 0x66, 0xD4, 0x6F, 0x4E, 0x7B,
    0x9B, 0xCD, 0x59, 0xD0, 0x4B, 0xDE, 0xD9, 0xE2, 0x7F, 0x8C, 0xB7, 0xE6, 0x1F, 0x4D, 0x63, 0xAB,
    0x7B, 0xCA, 0xBA, 0x57, 0x29, 0xEA, 0x7E, 0x75, 0x80, 0x1D, 0xEF, 0x8D, 0xD8, 0xBE, 0x1A, 0xB0,
    0xA1, 0x0A, 0x54, 0x6D, 0xD5, 0x51, 0xF9, 0xCA, 0x43, 0x3E, 0x02, 0xE5, 0x02, 0x38, 0xD8, 0x2C,
    0x96, 0x4E, 0x8A, 0x60, 0x39, 0x31, 0xA1, 0xE6, 0xA4, 0x0C, 0xA7, 0x9C, 0xEC, 0x85, 0x91, 0x93,
    0x83, 0x2F, 0x7B, 0xF6, 0xFF, 0xE5, 0xAB, 0xC0, 0xFE, 0xFF, 0x3E, 0xEF, 0x38, 0xFC, 0xED, 0x85,
    0xA7, 0xFE, 0xA5, 0x34, 0xD4, 0x1F, 0x47, 0xD6, 0xF7, 0x05, 0xEC, 0x83, 0x09, 0xB0, 0x2D, 0xCC,
    0x21, 0x56, 0xC5, 0x2D, 0x5C, 0xEB, 0x2A, 0xB7, 0xA0, 0x7C, 0x7F, 0x44, 0xB7, 0x5F, 0xE8, 0x96,
    0x0A, 0x2D, 0x93, 0xE4, 0xE2, 0xC8, 0x66, 0xC8, 0xC6, 0x4B, 0xDE, 0x1F, 0xB4, 0x60, 0x54, 0x91,
    0x2F, 0xE2, 0x6D, 0xE8, 0xE2, 0x9B, 0x90, 0x34, 0xC4, 0x65, 0x77, 0xD5, 0x24, 0xBD, 0x25, 0x19,
    0x16, 0x30, 0x8C, 0xF0, 0x62, 0x80, 0x8B, 0x00, 0xD2, 0xC1, 0xD2, 0x43, 0xDD, 0xA8, 0x80, 0x53,
    0x48, 0x46, 0xF8, 0xAB, 0x1E, 0xEA, 0x4E, 0xE5, 0x80, 0x77, 0xDF, 0x85, 0x17, 0x3D, 0x84, 0x70,
    0x3B, 0x8C, 0xD8, 0x06, 0x16, 0xEB, 0x75, 0xD5, 0xD1, 0xE6, 0xD5, 0xBF, 0x4F, 0x55, 0xC9, 0x23,
    0x71, 0xB0, 0x36, 0x28, 0x02, 0x94, 0xED, 0xEA, 0xE7, 0x02, 0xE9, 0x08, 0x79, 0x58, 0x79, 0xD8,
    0x67, 0x1F, 0x52, 0xCB, 0xC0, 0x52, 0xFA, 0x08, 0x1C, 0xFD, 0x8D, 0x03, 0x32, 0x19, 0x33, 0x19,
    0xD2, 0x7F, 0x50, 0xA2, 0x58, 0xF7, 0xA9, 0xE3, 0x97, 0xD9, 0xEA, 0x5F, 0xFF, 0xED, 0x36, 0xBB,
    0xEF, 0x77, 0xA3, 0xD9, 0x2A, 0x1F, 0xAE, 0x97, 0xDF, 0xA3, 0x5E, 0x31, 0xFF, 0xC7, 0x9B, 0xFC,
    0xED, 0xBF, 0xBE, 0x6C, 0xE7, 0xB7, 0xAF, 0xE6, 0x6F, 0xB6, 0xCE, 0xFF, 0x0F, 0x25, 0xCC, 0xB1,
    0x51, 0x84, 0x40, 0x14, 0xC7, 0xE1, 0x0F, 0x08, 0x08, 0x0C, 0x28, 0x81, 0x0E, 0xA4, 0x04, 0xB6,
    0x23, 0x3B, 0xB8, 0xA5, 0x18, 0x23, 0xAD, 0xC1, 0x81, 0x12, 0x28, 0xE1, 0xE2, 0x4B, 0xBC, 0x80,
    0x80, 0x71, 0x76, 0x7C, 0xE2, 0x6C, 0xF0, 0x45, 0xEF, 0xF7, 0xFE, 0xC6, 0x7E, 0x37, 0x7C, 0xD3,
    0x15, 0x00, 0x4D, 0xC4, 0xD6, 0x5E, 0x9A, 0x8F, 0x48, 0xFC, 0xD6, 0xDB, 0xCB, 0x93, 0x71, 0x67,
    0x5E, 0x08, 0xDA, 0x42, 0x7F, 0x30, 0xDC, 0x99, 0x1F, 0xEF, 0x72, 0x9C, 0xD6, 0x38, 0x38, 0x5E,
    0xB9, 0x9D, 0x4C, 0x77, 0xD0, 0x45, 0xB9, 0x9C, 0xDA, 0xCF, 0xFF, 0x78, 0x67, 0x5A, 0xC8, 0x34,
    0x85, 0xAE, 0xFE, 0x9B, 0x1E, 0x8B, 0x39, 0x36, 0xF9, 0xC2, 0x9A, 0x74, 0x91, 0xF4, 0x3F, 0xB5,
    0x1F, 0xB6, 0x6A, 0x5C, 0x98, 0x12, 0xB3, 0x2A, 0xE3, 0x86, 0x2F, 0x94, 0xAA, 0x29, 0xB4, 0x67,
    0xDD, 0x7D, 0x7B, 0xB2, 0xEE, 0xE4, 0xC4, 0x1F, 0xBD, 0x98, 0x01, 0xA4, 0x26, 0x59, 0x76, 0xC7,
    0x7F, 0x55, 0x95, 0xED, 0xDA, 0xED, 0x22, 0xB7, 0xD1, 0x48, 0x76, 0x50, 0xC1, 0x82, 0x4D, 0xA6,
    0x0B, 0x20, 0xE8, 0xE9, 0x7B, 0x77, 0x16, 0x10, 0x64, 0x11, 0x00, 0x04, 0x01, 0x13, 0x34, 0xC0,
    0x84, 0xEE, 0x57, 0xB5, 0x33, 0x08, 0x16, 0xDB, 0x00, 0x40, 0x06, 0x1D, 0x66, 0xDF, 0x84, 0x17,
    0x04, 0x63, 0xBD, 0xF7, 0xD5, 0x9D, 0x69, 0x2C, 0x06, 0x5B, 0x3B, 0x8B, 0x60, 0x31, 0xD7, 0x64,
    0xD9, 0x35, 0x83, 0xBE, 0xB3, 0x5D, 0x99, 0xAE, 0x79, 0xAF, 0xBE, 0xEF, 0xE4, 0x1E, 0xD7, 0x7B,
    0xDD, 0xAF, 0x4D, 0xE2, 0x4D, 0xBF, 0xB7, 0x39, 0xF7, 0xFB, 0xDF, 0x07, 0xF5, 0xEA, 0xFF, 0x77,
    0xCE, 0xB9, 0xE7, 0x9E, 0x53, 0x80, 0xF1, 0x74, 0x4B, 0xEB, 0x0B, 0x11, 0x4B, 0xBD, 0x1B, 0xB7,
    0x98, 0x60, 0x02, 0x9D, 0x4F, 0x9B, 0xA5, 0x09, 0xF4, 0x34, 0x13, 0x1B, 0xCC, 0xC4, 0x11, 0xC6,
    0xA7, 0xAD, 0xF5, 0x6C, 0xB0, 0x8E, 0x9E, 0x11, 0xEC, 0xE7, 0x5B, 0x68, 0x65, 0x86, 0x52, 0x06,
    0xD4, 0x56, 0x05, 0xFD, 0xC7, 0x73, 0x25, 0x27, 0xA1, 0x39, 0x11, 0xD7, 0xFA, 0x95, 0x6E, 0xD8,
    0x62, 0xDD, 0x8A, 0x25, 0xA1, 0x48, 0xA8, 0x66, 0xBA, 0xC7, 0x11, 0x23, 0x9E, 0x72, 0x87, 0x5A,
    0x15, 0x9B, 0xD0, 0xFC, 0x67, 0x6C, 0x26, 0xF3, 0x89, 0x37, 0xDE, 0x88, 0x33, 0xBE, 0x5D, 0x68,
    0x87, 0x76, 0xA0, 0x1B, 0x3A, 0x87, 0x75, 0x16, 0x2C, 0xBA, 0xD1, 0xC3, 0x1E, 0x1B, 0xD2, 0x6F,
    0x0B, 0x7D, 0xB9, 0x82, 0x55, 0x09, 0x9D, 0x4C, 0x50, 0xE7, 0xD7, 0xD1, 0x03, 0x6C, 0x68, 0x87,
    0x35, 0xD1, 0x3B, 0x99, 0x13, 0xAF, 0x0C, 0xD8, 0x72, 0x41, 0xD9, 0x61, 0xAF, 0x8A, 0x70, 0x54,
    0x47, 0x58, 0x9B, 0x00, 0x6B, 0x1B, 0x40, 0xC6, 0x09, 0xC6, 0xA7, 0x1E, 0xBA, 0x7F, 0xF6, 0xA8,
    0x51, 0x7F, 0x30, 0x03, 0x94, 0x27, 0x13, 0x6A, 0xC2, 0x79, 0x2B, 0x64, 0xA6, 0x97, 0x58, 0x8A,
    0x30, 0x4A, 0xAC, 0x8E, 0x65, 0x78, 0x63, 0x0C, 0x55, 0x6C, 0x3D, 0xD6, 0xD7, 0xD1, 0x4C, 0x8C,
    0xD4, 0xC1, 0x4C, 0xC5, 0x96, 0x66, 0x32, 0x53, 0xE2, 0x35, 0x53, 0x5A, 0x01, 0xE3, 0x8D, 0xEF,
    0x3C, 0xAD, 0x6F, 0xFD, 0x08, 0xDD, 0x60, 0x7F, 0xBC, 0x45, 0x65, 0x56, 0x2A, 0xEF, 0x60, 0x35,
    0xC7, 0xFB, 0x58, 0x89, 0x46, 0x84, 0x7E, 0xE7, 0x5A, 0xD9, 0xA1, 0xF6, 0x5A, 0x33, 0x28, 0x5F,
    0xBB, 0x41, 0xF9, 0x9A, 0x05, 0xE5, 0x03, 0x94, 0x6F, 0x14, 0x94, 0x4F, 0x04, 0xE5, 0xDB, 0xCF,
    0x7C, 0xD5, 0x82, 0xF2, 0x35, 0x11, 0xE5, 0x6B, 0x33, 0x9F, 0x45, 0xF9, 0x86, 0xCC, 0x57, 0x66,
    0xBE, 0xFA, 0xF8, 0x9D, 0xCC, 0x17, 0x95, 0x4F, 0xFF, 0x80, 0xF9, 0x30, 0x1C, 0x42, 0x3B, 0x9C,
    0x04, 0x7D, 0xB2, 0xF7, 0x60, 0x01, 0x36, 0xB6, 0x96, 0x58, 0xC9, 0xD8, 0x48, 0x6C, 0x4E, 0x76,
    0xD7, 0x0E, 0x12, 0xDB, 0x96, 0xCE, 0x77, 0xC3, 0x4A, 0x8F, 0xC6, 0x78, 0x8B, 0x65, 0xAD, 0x66,
    0x75, 0x75, 0x13, 0xD4, 0xD7, 0xEA, 0x8C, 0xC7, 0xD1, 0xEE, 0xBB, 0x56, 0xE2, 0x28, 0xAE, 0xF9,
    0x34, 0x88, 0x50, 0x2C, 0xD4, 0xB1, 0x9C, 0x69, 0x82, 0x3A, 0x65, 0xAA, 0x54, 0x62, 0x1D, 0x75,
    0x0B, 0x89, 0xB3, 0x99, 0xE8, 0x06, 0xE3, 0xB1, 0x4E, 0x37, 0x5A, 0x4F, 0x4F, 0x37, 0xB0, 0x47,
    0xE7, 0x38, 0xC2, 0x7E, 0x96, 0xC8, 0xAC, 0xF8, 0xC4, 0x28, 0x1F, 0xAC, 0x40, 0xB9, 0x00, 0x1A,
    0xCA, 0x42, 0x02, 0x94, 0xE2, 0x81, 0x9F, 0xA1, 0x56, 0x4F, 0x85, 0xFA, 0x20, 0x11, 0x5D, 0x73,
    0x89, 0x08, 0x12, 0x51, 0x3B, 0xD4, 0x91, 0xCE, 0x25, 0x22, 0x4B, 0x22, 0xB2, 0x18, 0x4F, 0xAF,
    0xDB, 0x46, 0x89, 0x8E, 0x94, 0x68, 0x55, 0xA2, 0x35, 0x11, 0xFD, 0x58, 0x89, 0x3E, 0x5C, 0x12,
    0xD1, 0x87, 0xF9, 0xBF, 0xC9, 0x44, 0x1C, 0x04, 0x40, 0x89, 0xD8, 0x41, 0xB1, 0x98, 0xA1, 0x5C,
    0x5A, 0x5F, 0xCD, 0xD7, 0xF5, 0x91, 0x04, 0x4B, 0x1D, 0xF4, 0xED, 0x7B, 0x89, 0x5C, 0xCF, 0xCD,
    0x4A, 0xAB, 0x48, 0xAF, 0xEB, 0x7E, 0xB0, 0x60, 0x93, 0x1E, 0x5B, 0x45, 0xFA, 0x84, 0x8D, 0xBE,
    0xAE, 0x09, 0x60, 0x26, 0x8A, 0xD1, 0xA3, 0x59, 0x5A, 0x6C, 0x51, 0xD8, 0x62, 0x29, 0x85, 0xBD,
    0x72, 0xA9, 0x84, 0xA3, 0x6A, 0xAE, 0xC4, 0x1D, 0x56, 0xB1, 0x7E, 0x3C, 0xAC, 0x75, 0xAC, 0x3F,
    0xF1, 0x4B, 0x1D, 0x9A, 0x8F, 0x7E, 0xB5, 0xA4, 0x38, 0x3F, 0xFA, 0x74, 0x36, 0xDE, 0xBC, 0xFD,
    0x87, 0x68, 0x7C, 0xFB, 0xD6, 0xD3, 0xD8, 0xFA, 0xEE, 0x07, 0x27, 0x21, 0xC5, 0x18, 0x99, 0xF4,
    0xD4, 0x8C, 0x93, 0xE5, 0x0E, 0xBD, 0xB7, 0xDC, 0xC7, 0xFA, 0x1E, 0xB5, 0x0D, 0x40, 0xB1, 0x02,
    0x8C, 0x79, 0x8F, 0x00, 0x6F, 0x38, 0xD4, 0x8A, 0xA8, 0xEC, 0xD5, 0xAC, 0xEC, 0xC5, 0x03, 0x65,
    0x07, 0x65, 0x6F, 0x42, 0xE2, 0x5D, 0x9B, 0xA9, 0xFE, 0xC8, 0x2F, 0xC6, 0x37, 0xBF, 0xF8, 0x55,
    0xDA, 0x95, 0xBD, 0x1D, 0xCC, 0xDB, 0x4F, 0x62, 0x37, 0xB4, 0xAF, 0x3F, 0x8D, 0xD6, 0x75, 0x4E,
    0x82, 0x45, 0xD9, 0x2D, 0xCA, 0xBE, 0x87, 0xB2, 0x6F, 0x50, 0xF6, 0x2D, 0x6A, 0xEB, 0x33, 0xF6,
    0xBF, 0x5C, 0x00, 0x6C, 0x44, 0xF7, 0x01, 0xB5, 0xC3, 0xB3, 0x47, 0xFE, 0x01, 0xB5, 0xFA, 0x17,
    0x73, 0x39, 0x37, 0x9F, 0xAC, 0x55, 0x6C, 0x76, 0xDB, 0x2A, 0x9A, 0xB8, 0xD1, 0x4C, 0x3F, 0x6A,
    0x42, 0xAB, 0x5A, 0x52, 0xE2, 0x19, 0xDF, 0xB9, 0xB4, 0x25, 0x77, 0xB5, 0x3E, 0xB9, 0xB6, 0x1B,
    0xD2, 0xD9, 0xEE, 0xDC, 0x46, 0xA3, 0xC0, 0x69, 0xD6, 0x02, 0xD7, 0x95, 0xDC, 0xAC, 0xBA, 0x69,
    0x96, 0xC4, 0x7B, 0x20, 0x11, 0xAC, 0xE7, 0xCC, 0x46, 0x07, 0xE2, 0xA8, 0x64, 0xA0, 0xFE, 0x64,
    0xC0, 0xFC, 0xD2, 0xD3, 0xFE, 0xAD, 0xC7, 0x36, 0x9E, 0xFB, 0x09, 0x72, 0xA0, 0x75, 0x72, 0xAA,
    0x12, 0xEA, 0x50, 0x4F, 0x9A, 0xAC, 0xED, 0xA0, 0x81, 0xAE, 0x22, 0xEF, 0x77, 0x70, 0x67, 0x85,
    0x36, 0x00, 0xCA, 0xD8, 0x51, 0xC9, 0x86, 0x74, 0x46, 0xD0, 0x13, 0x92, 0x64, 0xE6, 0x0A, 0x88,
    0x86, 0x3F, 0xA1, 0x9A, 0xF5, 0x54, 0xD0, 0x49, 0xA4, 0xF9, 0xAF, 0x00, 0xF3, 0x7D, 0x36, 0x33,
    0x76, 0x42, 0x8D, 0x52, 0x62, 0xFA, 0xA9, 0x9E, 0x3D, 0x38, 0x82, 0x55, 0x7F, 0xC5, 0xAA, 0x99,
    0x5E, 0xCE, 0x89, 0x4E, 0x7F, 0xCD, 0x4C, 0xBF, 0xD5, 0xF0, 0xDD, 0x69, 0xBC, 0x19, 0xA9, 0x17,
    0x72, 0x72, 0x36, 0x81, 0x66, 0xC2, 0x78, 0xFD, 0xB5, 0x3E, 0x31, 0xA3, 0xE5, 0x13, 0xFD, 0xF5,
    0xD9, 0x13, 0x5D, 0xE3, 0x31, 0x23, 0xD4, 0x2B, 0x67, 0xD6, 0x2D, 0x14, 0x22, 0x7A, 0x05, 0x78,
    0x13, 0xDA, 0xA9, 0xF3, 0x66, 0xD2, 0xFA, 0xDF, 0x27, 0x6C, 0xC8, 0x49, 0xBC, 0xA5, 0xF5, 0x1B,
    0xEC, 0xD0, 0x33, 0x6A, 0xE1, 0xD7, 0xBA, 0x9F, 0xCB, 0xFE, 0x72, 0x0B, 0xEE, 0x2C, 0xD0, 0x05,
    0xD4, 0xE8, 0x27, 0x2A, 0x99, 0x69, 0x4E, 0x56, 0xBE, 0xBE, 0xFA, 0x2F, 0xE7, 0xAB, 0xFF, 0x6B,
    0x66, 0xA0, 0x3D, 0x02, 0x33, 0x73, 0x6A, 0x4D, 0x68, 0x26, 0xA3, 0xCB, 0xEB, 0x6A, 0xD3, 0xEA,
    0x86, 0x6E, 0xB0, 0x2E, 0x2D, 0x74, 0xF5, 0xF4, 0x7A, 0x07, 0xA4, 0xB5, 0x65, 0x2C, 0xB5, 0x12,
    0xCC, 0x74, 0x12, 0x92, 0x7E, 0x47, 0x19, 0x0E, 0x39, 0x89, 0xF4, 0x1E, 0xB4, 0xFE, 0x77, 0x6E,
    0x4D, 0xA9, 0x91, 0x9C, 0x9E, 0x7C, 0x9E, 0x32, 0x23, 0xD5, 0xFC, 0xB5, 0x09, 0x6B, 0x1B, 0x64,
    0x9C, 0xFA, 0xA7, 0x5E, 0x2B, 0xFD, 0xF5, 0x7D, 0x87, 0x11, 0x47, 0x9B, 0xF0, 0x9D, 0xEF, 0x40,
    0x67, 0xE1, 0xD6, 0xAB, 0x57, 0xA2, 0x45, 0xE3, 0x23, 0x2B, 0xFB, 0x0F, 0x01, 0x62, 0x2C, 0xFE,
    0x3B, 0xF2, 0xE0, 0xC1, 0x85, 0x44, 0x61, 0x1D, 0xEC, 0x01, 0x33, 0x5C, 0x7F, 0x17, 0xEE, 0xDC,
    0x81, 0x57, 0xAF, 0x48, 0x54, 0xB9, 0x50, 0x05, 0x8C, 0x23, 0x8B, 0xFA, 0xE2, 0xC2, 0xA2, 0xFE,
    0xB4, 0xF6, 0x34, 0x3B, 0xA8, 0x16, 0xAE, 0xDC, 0x53, 0x3F, 0xFA, 0x73, 0xDE, 0x3F, 0xC4, 0x46,
    0x5A, 0x4F, 0xD6, 0xF5, 0xE5, 0x85, 0x75, 0x5D, 0x1F, 0xA0, 0xF6, 0x50, 0x44, 0xF8, 0xF6, 0xB7,
    0xAF, 0xD6, 0x59, 0x47, 0xD0, 0xC1, 0x35, 0xBE, 0xA9, 0xB3, 0x4A, 0x19, 0x8C, 0x44, 0xF3, 0xDE,
    0xAC, 0xEE, 0xFE, 0xC7, 0xA5, 0x91, 0xC5, 0xCA, 0xDC, 0xFF, 0x30, 0xEE, 0x35, 0xB1, 0x1F, 0xBD,
    0x15, 0xD7, 0x2C, 0xC0, 0x1B, 0xEF, 0xE6, 0x12, 0x2C, 0x09, 0x6A, 0x73, 0x44, 0x93, 0x24, 0x71,
    0x5C, 0xBA, 0x24, 0x75, 0x02, 0x76, 0x07, 0xDF, 0xCF, 0x77, 0x21, 0xB7, 0x6F, 0xC3, 0xFD, 0x43,
    0xF8, 0xDE, 0xF7, 0x2E, 0x5C, 0x9E, 0xDA, 0xD3, 0xF2, 0xA4, 0x19, 0x8C, 0x2C, 0x09, 0x33, 0x6A,
    0x18, 0xA0, 0x03, 0xBE, 0xC3, 0xA5, 0x75, 0xDA, 0x17, 0x74, 0x56, 0x3E, 0x07, 0xB3, 0x74, 0x2F,
    0xA1, 0x53, 0x05, 0x9E, 0xED, 0xFB, 0xEF, 0x70, 0x6A, 0x46, 0xC4, 0x83, 0xD5, 0x9D, 0x5E, 0xF6,
    0x07, 0x58, 0x8F, 0x80, 0x72, 0x5E, 0x81, 0x3A, 0xEA, 0x6E, 0x3E, 0x90, 0x1D, 0x74, 0x6F, 0xC9,
    0x16, 0xEC, 0x7B, 0x5F, 0xFD, 0x1D, 0x88, 0x44, 0x28, 0x74, 0xA7, 0x8A, 0x75, 0x80, 0x66, 0x6A,
    0x8E, 0x1F, 0xD2, 0x7A, 0x23, 0x89, 0xDB, 0x19, 0x65, 0x29, 0x24, 0x42, 0xA9, 0x5B, 0xB1, 0xFF,
    0x00, 0x36, 0xAF, 0x8E, 0xAE, 0x92, 0x51, 0x7C, 0x73, 0x22, 0x8F, 0x83, 0xF1, 0xBB, 0x3A, 0x24,
    0xD1, 0xED, 0x64, 0x9D, 0xC8, 0x60, 0x0B, 0xF9, 0xEA, 0xB4, 0x07, 0x5D, 0x49, 0xCA, 0xE5, 0x80,
    0x56, 0x44, 0x92, 0xF6, 0xDF, 0x2C, 0xF0, 0xCA, 0xCE, 0x25, 0x32, 0x5F, 0xEF, 0x0E, 0x9C, 0x89,
    0xD0, 0xA9, 0xE0, 0xD7, 0xF7, 0x5D, 0x5F, 0x8B, 0xDB, 0x34, 0xC2, 0x11, 0x96, 0xAD, 0x11, 0xBF,
    0x49, 0xE8, 0xD9, 0x62, 0x3F, 0x5B, 0x69, 0x65, 0x4D, 0xE4, 0xCA, 0xAB, 0x8E, 0xDA, 0xA9, 0xA3,
    0x68, 0xFD, 0x73, 0x8E, 0x2A, 0x72, 0xBB, 0x61, 0x7F, 0xA2, 0x19, 0x1D, 0x31, 0x4F, 0x23, 0xD4,
    0x81, 0x42, 0x56, 0x8A, 0xF1, 0xF7, 0xFC, 0x7C, 0x1C, 0x18, 0x05, 0xBA, 0x05, 0xE8, 0x6A, 0x8F,
    0x11, 0x50, 0x6D, 0xD9, 0xBE, 0x5E, 0x93, 0x83, 0x33, 0x4D, 0xD7, 0x46, 0xB6, 0x7A, 0x76, 0x38,
    0xE2, 0xBC, 0xA6, 0x00, 0x4B, 0x77, 0xFE, 0x5E, 0x78, 0x31, 0x98, 0xFE, 0xFF, 0xB8, 0x13, 0x7F,
    0x17, 0xD4, 0xDB, 0x60, 0xFC, 0x99, 0xC6, 0xBB, 0x0B, 0xD0, 0xD6, 0x13, 0xCD, 0x63, 0x47, 0xB5,
    0xE5, 0xD4, 0x8A, 0xA5, 0x9E, 0xCB, 0x59, 0xDB, 0x6B, 0x3B, 0x54, 0x71, 0x47, 0xFD, 0x87, 0x95,
    0xFA, 0x77, 0x31, 0x3D, 0xE6, 0x31, 0x92, 0xD1, 0xFE, 0x32, 0xA4, 0xA6, 0x3E, 0xD2, 0xFD, 0x70,
    0xCE, 0x5C, 0xC5, 0xCA, 0x1E, 0x5B, 0xCC, 0x5B, 0x91, 0xEA, 0xF1, 0x90, 0xEF, 0xA1, 0xB3, 0xF7,
    0x69, 0x5E, 0x40, 0xA5, 0x88, 0x0A, 0xEB, 0xEA, 0xB0, 0xA5, 0xF9, 0xF5, 0x82, 0x49, 0xEF, 0x31,
    0xE9, 0xF9, 0x56, 0x48, 0x70, 0x74, 0x32, 0x60, 0x8D, 0x4F, 0x08, 0xEC, 0xD5, 0x91, 0x4D, 0x35,
    0x5F, 0xEE, 0x2E, 0xFD, 0x0F, 0x28, 0x03, 0x54, 0x53, 0x0E, 0x43, 0x91, 0x40, 0x3F, 0x55, 0x32,
    0xA7, 0xDB, 0xB4, 0xF5, 0x6B, 0x37, 0x6C, 0x93, 0xCB, 0x2C, 0xAB, 0x2D, 0x56, 0x5B, 0x2D, 0xE9,
    0x1A, 0x35, 0xE2, 0x93, 0xF8, 0x32, 0xA0, 0xA5, 0x79, 0xA0, 0x89, 0xAA, 0x19, 0xA3, 0xFA, 0x12,
    0xBE, 0x9B, 0xCF, 0xD4, 0x95, 0x4B, 0x1A, 0x57, 0xC6, 0x85, 0x37, 0x1E, 0xBE, 0x84, 0x36, 0xED,
    0x57, 0x30, 0x1B, 0x68, 0x16, 0xCE, 0x4C, 0x64, 0x48, 0xFA, 0x5C, 0xB1, 0xBF, 0xCB, 0xED, 0xBC,
    0x09, 0x39, 0xCF, 0xC6, 0x21, 0x9F, 0xE5, 0x52, 0x49, 0x33, 0x6E, 0x94, 0x2B, 0x77, 0x0E, 0x16,
    0xAC, 0x04, 0xCD, 0x4E, 0x58, 0xCE, 0xB7, 0x5E, 0x95, 0x48, 0x42, 0xA2, 0x7D, 0x6F, 0xCD, 0xCD,
    0x7A, 0xEB, 0xA1, 0xCF, 0xBA, 0x4B, 0x71, 0x09, 0x01, 0x95, 0x42, 0xF5, 0x2C, 0xC6, 0x9A, 0xDB,
    0xC7, 0xE3, 0x44, 0x92, 0x90, 0xD3, 0xEC, 0xC5, 0xD4, 0x6D, 0x7D, 0xC2, 0x00, 0x9D, 0x03, 0x4B,
    0x46, 0x0F, 0xEC, 0x01, 0x47, 0x67, 0xD2, 0x32, 0xC7, 0x69, 0xFA, 0x44, 0xB8, 0x9B, 0x30, 0x4E,
    0x09, 0xEE, 0xFF, 0x71, 0x56, 0x54, 0x22, 0x40, 0x89, 0xE0, 0x8F, 0x3C, 0x24, 0x7A, 0xC8, 0x8E,
    0xC9, 0xAE, 0xB9, 0xDA, 0x21, 0x11, 0xBE, 0xEB, 0xB2, 0x9B, 0xD5, 0xAD, 0xF1, 0x6A, 0x8A, 0x52,
    0xB1, 0x92, 0x4F, 0xC8, 0x70, 0x65, 0x45, 0xA9, 0x58, 0xCA, 0x59, 0x63, 0x9E, 0x8B, 0x45, 0xDE,
    0xEB, 0xA0, 0x45, 0xA3, 0x09, 0x96, 0xFA, 0xF8, 0x40, 0xCF, 0x9A, 0x88, 0xDF, 0xC3, 0xA4, 0x7D,
    0x83, 0xF1, 0xDA, 0x12, 0xB7, 0x43, 0xE7, 0x56, 0x75, 0xB3, 0xEE, 0xCE, 0xBE, 0x9E, 0xB8, 0x94,
    0x09, 0x4B, 0x2B, 0x13, 0x7B, 0x94, 0x9A, 0xDB, 0xF7, 0xBA, 0x81, 0x23, 0x89, 0xC8, 0xE3, 0x19,
    0x8D, 0xF8, 0x5A, 0x2E, 0xC5, 0x5A, 0xCE, 0x89, 0x2B, 0xAD, 0x3A, 0x71, 0x99, 0xA9, 0x8E, 0x9D,
    0x6F, 0xC2, 0x48, 0xF3, 0xF1, 0x8A, 0x91, 0x98, 0x3B, 0xD9, 0xDF, 0x6A, 0x00, 0xC1, 0x3E, 0x97,
    0xAE, 0x7B, 0x67, 0x53, 0xD7, 0x21, 0x70, 0x8B, 0x6C, 0x79, 0xD2, 0xD4, 0x49, 0x4F, 0xE7, 0x3C,
    0x9D, 0xF2, 0x74, 0xC2, 0xD4, 0xF9, 0x52, 0xA7, 0x4B, 0x9D, 0xEE, 0x74, 0xB2, 0xD4, 0xB9, 0x52,
    0xA7, 0xCA, 0x3C, 0xD5, 0x8D, 0x93, 0x4E, 0x74, 0x3A, 0xCF, 0x69, 0xD0, 0x8D, 0xA7, 0x9A, 0xD0,
    0x39, 0x4D, 0xA7, 0xB4, 0x34, 0xA3, 0x99, 0xB8, 0x49, 0x15, 0x45, 0x0B, 0xC2, 0xB3, 0x2E, 0x49,
    0x5B, 0xA4, 0x8D, 0x7A, 0x86, 0x87, 0xD9, 0xFD, 0xD7, 0xB2, 0x32, 0x9E, 0x78, 0xF8, 0x34, 0xE1,
    0x24, 0x41, 0x0F, 0x67, 0x42, 0xFD, 0xD8, 0xA5, 0x3A, 0x3B, 0xD0, 0xFE, 0x34, 0xD7, 0xD6, 0x3E,
    0x61, 0xDB, 0x78, 0x8D, 0xB8, 0xF6, 0x0F, 0x75, 0x82, 0x99, 0xEA, 0xD0, 0x7A, 0xF5, 0xB1, 0xBE,
    0xAB, 0x77, 0x14, 0x1A, 0x86, 0x07, 0x39, 0x21, 0x6D, 0x84, 0xBF, 0xFE, 0xF7, 0x8C, 0x76, 0x7A,
    0xB9, 0x71, 0x0C, 0xCC, 0x04, 0xD9, 0x81, 0xD9, 0x61, 0xF0, 0xF7, 0xFC, 0xF1, 0xBB, 0x09, 0xEA,
    0xB3, 0x63, 0x75, 0x87, 0x6C, 0x97, 0x69, 0x29, 0xF2, 0x09, 0xB2, 0x2F, 0x9E, 0x20, 0x4F, 0x77,
    0x1C, 0xD4, 0x9F, 0xF9, 0x3E, 0xB0, 0x53, 0x37, 0x8C, 0x93, 0x2D, 0x3F, 0x0F, 0x7B, 0xF5, 0x4F,
    0xC2, 0xC6, 0x34, 0xD3, 0xD1, 0x6D, 0xE3, 0x8F, 0xE6, 0xD6, 0x8F, 0xC1, 0x0E, 0xBD, 0xCF, 0xF7,
    0x81, 0x95, 0x99, 0x9F, 0xCB, 0xC0, 0x0D, 0xD4, 0xB6, 0x94, 0x33, 0x8D, 0x07, 0xE8, 0xFF, 0xAD,
    0x92, 0xD5, 0xA4, 0x2B, 0xE0, 0xD1, 0xDA, 0xFD, 0xCD, 0xD6, 0xDE, 0x5A, 0xED, 0xBD, 0xD5, 0x7E,
    0xB1, 0xDA, 0x47, 0x7A, 0x05, 0x74, 0x29, 0xED, 0x77, 0xFC, 0x05, 0xD0, 0xDD, 0x85, 0x26, 0x85,
    0xB4, 0x7C, 0x74, 0x25, 0x13, 0x77, 0xF3, 0x1B, 0x4F, 0xA5, 0xA1, 0x8A, 0xF1, 0x25, 0x43, 0x7C,
    0xDD, 0xC1, 0x18, 0x41, 0xEF, 0xB9, 0xF0, 0x3E, 0x85, 0xBB, 0x79, 0x59, 0x4D, 0x34, 0x11, 0xEC,
    0x0A, 0x9B, 0x23, 0xF8, 0xD1, 0x9F, 0x7C, 0x63, 0x4D, 0xD5, 0x93, 0x80, 0x0E, 0x18, 0xBC, 0xF9,
    0x26, 0xA7, 0x96, 0xB8, 0x28, 0x65, 0x47, 0x75, 0xFC, 0x33, 0x65, 0xA0, 0x56, 0x04, 0x68, 0x64,
    0xCE, 0xC7, 0xFD, 0xB3, 0x77, 0x68, 0x3D, 0x74, 0xA7, 0xB7, 0xD3, 0xFE, 0x80, 0x15, 0x4F, 0x9F,
    0x90, 0xA4, 0x57, 0xBF, 0x9E, 0xF8, 0x22, 0xE4, 0xA9, 0xBC, 0x94, 0xA5, 0x39, 0x5E, 0xCD, 0xB4,
    0x76, 0x6F, 0xAD, 0x56, 0x66, 0x2B, 0x93, 0xFD, 0x57, 0x2C, 0x74, 0x9F, 0x4D, 0x46, 0xA6, 0x52,
    0x5C, 0x3E, 0x42, 0x6B, 0x6E, 0xC7, 0x6F, 0xB7, 0x70, 0xE3, 0x5B, 0x97, 0xD6, 0x40, 0x1B, 0x18,
    0x17, 0x8E, 0x0F, 0x71, 0x37, 0x2F, 0xA2, 0xC1, 0xFC, 0xCB, 0x50, 0x7F, 0xE4, 0x8B, 0x8F, 0x5F,
    0xE6, 0x4B, 0xC8, 0xE1, 0xA1, 0x4E, 0x7E, 0xC6, 0x00, 0x2F, 0x3E, 0xF3, 0xB5, 0x1F, 0x46, 0xB4,
    0x0A, 0xF5, 0x11, 0x59, 0x8A, 0x78, 0x4F, 0xE5, 0x7D, 0x43, 0xBA, 0x5A, 0xAF, 0x15, 0xEC, 0x81,
    0xBB, 0x59, 0x5C, 0xE8, 0xC3, 0x4B, 0xF1, 0xE5, 0x0C, 0x87, 0xEF, 0xC3, 0x5F, 0xDD, 0xBE, 0x92,
    0x0F, 0x2F, 0x39, 0xBC, 0xC4, 0xC8, 0xC5, 0x9A, 0x44, 0x78, 0x08, 0xCD, 0x0E, 0x8C, 0x38, 0x6E,
    0x35, 0x8E, 0x3F, 0x2B, 0xDD, 0x65, 0x35, 0x68, 0x78, 0xFB, 0x95, 0xDD, 0xA1, 0xE6, 0xFB, 0x45,
    0x9A, 0xC1, 0x2F, 0x23, 0x2C, 0x8B, 0x4E, 0xA3, 0xE7, 0xBE, 0xA2, 0xE7, 0xF4, 0x92, 0xDC, 0x6C,
    0x2B, 0x94, 0xFD, 0x78, 0x87, 0x91, 0x25, 0x61, 0xA2, 0xFD, 0x28, 0xD0, 0xBD, 0x7D, 0xDA, 0xC0,
    0xE7, 0x8F, 0x49, 0x3D, 0x3B, 0x3A, 0x8B, 0xF9, 0xA9, 0xAB, 0x1E, 0x79, 0xF4, 0x06, 0x9A, 0x52,
    0xCF, 0xDF, 0xEC, 0x06, 0x13, 0xFF, 0xD7, 0x18, 0x50, 0x64, 0x1F, 0xD0, 0x0A, 0xBC, 0x6A, 0x1C,
    0x37, 0x8B, 0x4B, 0x6B, 0xA0, 0x1F, 0x0A, 0xED, 0xE8, 0x62, 0xC1, 0x8D, 0x8B, 0x68, 0xA8, 0x9E,
    0x44, 0xD0, 0x21, 0xFF, 0xDE, 0x9B, 0x57, 0xF2, 0x89, 0xA2, 0xBB, 0xAB, 0x85, 0xB5, 0x7C, 0x74,
    0xE1, 0x0F, 0x5E, 0xC5, 0x3B, 0x60, 0xB6, 0xD0, 0x09, 0xDC, 0x36, 0x70, 0xF3, 0x5B, 0x97, 0xD6,
    0x40, 0x37, 0x21, 0xB1, 0x3C, 0x9E, 0x71, 0x37, 0x2E, 0xA4, 0xA1, 0xFF, 0x6D, 0x29, 0xA9, 0xA7,
    0x5C, 0x4C, 0xC0, 0x4C, 0x34, 0x91, 0x7A, 0x4B, 0x21, 0x8E, 0xDE, 0x63, 0x02, 0x4D, 0x70, 0x29,
    0xF7, 0x46, 0x3F, 0x8A, 0xEB, 0x16, 0xB2, 0xD5, 0x01, 0xF5, 0x28, 0x68, 0x95, 0x90, 0xA9, 0xFD,
    0x3C, 0xC9, 0xA3, 0x9D, 0x30, 0xDA, 0xD9, 0x81, 0x75, 0xE9, 0x77, 0x2C, 0x4E, 0x76, 0xDC, 0x9D,
    0xC9, 0xA6, 0xCF, 0x3B, 0x5E, 0x03, 0x2B, 0x5B, 0x2B, 0xEB, 0xF7, 0x77, 0xEF, 0x3E, 0x7F, 0xA2,
    0xAB, 0xF3, 0xC5, 0xC1, 0x9C, 0x1E, 0xDE, 0x6C, 0xED, 0x80, 0x85, 0xDB, 0xE8, 0x00, 0x54, 0x44,
    0x6A, 0xF1, 0x56, 0x86, 0xEE, 0xD8, 0x3D, 0x3B, 0xE3, 0xC3, 0x69, 0x6C, 0x7F, 0x4F, 0xB7, 0xD2,
    0x2C, 0x2F, 0x90, 0x6A, 0x9F, 0x8A, 0x5E, 0x15, 0xEC, 0x0E, 0x22, 0x0F, 0x12, 0x09, 0x8A, 0x44,
    0x53, 0xC8, 0x80, 0xD5, 0xBC, 0x11, 0xB8, 0xD9, 0x0D, 0xA0, 0xA4, 0xA7, 0x05, 0xB4, 0x07, 0x3D,
    0xAB, 0x77, 0x67, 0x5E, 0x11, 0xCF, 0xF8, 0x15, 0x6C, 0x1C, 0x38, 0xF2, 0x39, 0x45, 0x84, 0xD4,
    0x7C, 0xF2, 0xAC, 0xB7, 0xD3, 0x5C, 0x5E, 0xA0, 0x9F, 0xE1, 0x9F, 0x72, 0x77, 0x97, 0xB1, 0x42,
    0xB5, 0xC0, 0xDD, 0xC0, 0x2B, 0x4A, 0xB7, 0xC0, 0x7D, 0xC8, 0x66, 0x5E, 0x0F, 0xD4, 0xE7, 0xA6,
    0x5E, 0xED, 0x61, 0x97, 0xDC, 0x55, 0x6A, 0x07, 0x5B, 0xA7, 0xD5, 0x84, 0x5A, 0x24, 0x34, 0xDA,
    0x6D, 0x89, 0x3C, 0x97, 0x0F, 0x9D, 0xEB, 0xCE, 0x67, 0x84, 0x0E, 0xD1, 0x69, 0x86, 0x3E, 0x7B,
    0x59, 0x91, 0x6B, 0x65, 0x76, 0xEE, 0x93, 0xB9, 0x7E, 0xBC, 0x36, 0xB2, 0x35, 0xF3, 0x2E, 0x37,
    0x85, 0xCF, 0x25, 0xC7, 0xDC, 0x6B, 0x53, 0x18, 0xFF, 0x07, 0x75, 0x93, 0x81, 0x67, 0x24, 0x57,
    0x1C, 0xC7, 0x3F, 0x33, 0x93, 0xDB, 0xB1, 0x99, 0x6D, 0x66, 0x8F, 0x62, 0x5B, 0xB9, 0x4C, 0xB1,
    0x88, 0xD8, 0xEC, 0x04, 0x5B, 0x1D, 0x6E, 0x76, 0xDF, 0x3B, 0xB8, 0xFF, 0xA2, 0x84, 0x02, 0x85,
    0xDB, 0x5C, 0x83, 0x94, 0x4D, 0xE6, 0x01, 0x50, 0x74, 0xFF, 0x84, 0x2D, 0xAD, 0x26, 0xA9, 0xF6,
    0x22, 0x5D, 0x15, 0x24, 0x99, 0xA7, 0x45, 0x15, 0x65, 0x34, 0xFF, 0xC0, 0x50, 0x40, 0x71, 0x4B,
    0x17, 0xAB, 0x37, 0xBB, 0xAF, 0x33, 0xE4, 0x1A, 0xD0, 0xF9, 0xF2, 0x66, 0xBE, 0x9F, 0xDF, 0xEF,
    0x37, 0xCF, 0xEF, 0xBD, 0xF7, 0x4E, 0x08, 0xF1, 0x54, 0x6D, 0xEC, 0x6B, 0xC1, 0x35, 0x4E, 0x41,
    0x70, 0xCB, 0xB1, 0x2F, 0x6D, 0xA9, 0x82, 0x37, 0x5A, 0x18, 0x15, 0x25, 0xEC, 0x9C, 0xA6, 0x45,
    0xBA, 0xD8, 0x39, 0x57, 0xC2, 0x64, 0x89, 0xD1, 0xFB, 0xF5, 0xDB, 0x9B, 0xA4, 0x08, 0xF2, 0xED,
    0xD5, 0x75, 0xBB, 0x7D, 0x7D, 0x3D, 0x3A, 0xEA, 0x4A, 0xA1, 0x1D, 0xED, 0xE9, 0x2E, 0x2D, 0x02,
    0xF5, 0x79, 0x36, 0xCC, 0x0F, 0xB3, 0x50, 0x81, 0xF3, 0xF7, 0xCC, 0xFF, 0x52, 0xF7, 0xBB, 0x2C,
    0x42, 0x06, 0x05, 0x41, 0xCE, 0x6E, 0x3F, 0x8E, 0x8F, 0xA6, 0xBB, 0x71, 0x3C, 0x8A, 0xAF, 0x46,
    0xD3, 0xC1, 0x09, 0x41, 0x88, 0xFB, 0x85, 0xB4, 0x94, 0x9B, 0x7D, 0xF6, 0xFB, 0xB4, 0x23, 0x16,
    0x41, 0x6E, 0x7D, 0x8D, 0xBF, 0x24, 0x34, 0xF4, 0x7D, 0xDA, 0x35, 0xEC, 0xDC, 0xCD, 0x7C, 0x1D,
    0x28, 0x81, 0x9B, 0x7B, 0x99, 0xAF, 0x02, 0x06, 0x14, 0x45, 0x39, 0xEB, 0x83, 0x15, 0xD2, 0x57,
    0x8E, 0xB6, 0xC7, 0x7E, 0x16, 0xCA, 0x63, 0xC0, 0x91, 0x09, 0x1E, 0x35, 0x9A, 0xEC, 0x91, 0x30,
    0x61, 0x8C, 0x28, 0x88, 0xE8, 0x95, 0x1A, 0xB2, 0xEF, 0xCC, 0x9D, 0x99, 0x9F, 0x09, 0x15, 0xB1,
    0x1E, 0xC6, 0x51, 0x67, 0xCD, 0xC2, 0xC1, 0x45, 0x64, 0x90, 0xAA, 0x4D, 0x3A, 0xC0, 0x3B, 0x34,
    0x30, 0xB2, 0x43, 0x9B, 0x8A, 0x5A, 0x13, 0x7B, 0xE6, 0xE4, 0x4E, 0x1E, 0x66, 0x89, 0x1E, 0x50,
    0x36, 0x42, 0x1F, 0xA1, 0x84, 0x0E, 0xF4, 0x7B, 0xC9, 0xA0, 0xD5, 0x1A, 0x0C, 0xFA, 0x71, 0xA0,
    0x44, 0x7E, 0x38, 0xEB, 0xE5, 0xA1, 0x86, 0x90, 0x3E, 0x57, 0x6C, 0x11, 0x2A, 0x4F, 0x1B, 0xB5,
    0x22, 0x60, 0x54, 0xFA, 0x14, 0x81, 0x4F, 0x40, 0x97, 0x5D, 0xE2, 0x52, 0xC2, 0x30, 0x74, 0xB9,
    0xF0, 0x18, 0x3F, 0xA2, 0x29, 0x39, 0xF8, 0x45, 0x8A, 0x5B, 0x80, 0x7E, 0xD9, 0xD1, 0x0D, 0xFE,
    0x1C, 0x7B, 0x85, 0xF7, 0x5A, 0x76, 0x5D, 0x5D, 0x2E, 0xC1, 0xE0, 0x15, 0x61, 0x69, 0xE7, 0x58,
    0x13, 0xBF, 0x10, 0xAB, 0x38, 0xF8, 0xE0, 0x91, 0x2D, 0xC7, 0xFE, 0x9B, 0x2C, 0x34, 0x3A, 0x7E,
    0xC1, 0xFB, 0x67, 0x62, 0x59, 0xCA, 0xCC, 0x00, 0x61, 0x32, 0x00, 0x48, 0x8D, 0x06, 0x6A, 0xCF,
    0xDE, 0x6E, 0xE2, 0x09, 0xE5, 0xF6, 0x95, 0x30, 0x35, 0x6A, 0xE7, 0xFC, 0xFC, 0x2C, 0x31, 0x66,
    0x95, 0x1A, 0xB3, 0x04, 0x36, 0xB9, 0xF1, 0x16, 0x89, 0x3E, 0xA6, 0x09, 0xD4, 0x61, 0x17, 0x46,
    0x30, 0xC3, 0xCA, 0x71, 0x34, 0xAE, 0xC2, 0xAF, 0x18, 0x31, 0x4C, 0xB1, 0x66, 0x0F, 0x6C, 0xEB,
    0x9E, 0x41, 0x67, 0xE3, 0xC9, 0x11, 0x4D, 0x8B, 0x9E, 0x23, 0xCB, 0xA6, 0x52, 0x03, 0x20, 0x0C,
    0x7B, 0x2E, 0xC3, 0x1A, 0xE9, 0x0A, 0x20, 0x48, 0xD9, 0xBB, 0x93, 0xCD, 0x67, 0xAC, 0xC9, 0x50,
    0xFB, 0x3C, 0x55, 0x8F, 0x71, 0xF5, 0x06, 0x1B, 0x78, 0xA5, 0x22, 0x42, 0x93, 0x03, 0x80, 0x30,
    0x1A, 0x48, 0xEE, 0x8F, 0x64, 0xA0, 0x05, 0x57, 0xAC, 0xDB, 0x52, 0xBC, 0x96, 0x89, 0xE1, 0xE2,
    0x86, 0x77, 0x6F, 0xB7, 0x3A, 0x10, 0x68, 0x02, 0xD1, 0x45, 0xF4, 0x05, 0xAD, 0xAB, 0x16, 0x7D,
    0x46, 0x24, 0x0C, 0xAA, 0xE6, 0x87, 0x96, 0xBE, 0xB0, 0xF5, 0xD8, 0x92, 0xFF, 0x2D, 0x44, 0x62,
    0x34, 0x10, 0x4F, 0x8F, 0x66, 0xD3, 0xD9, 0x7C, 0x96, 0x48, 0x57, 0xBA, 0xD4, 0xA0, 0x89, 0x77,
    0x29, 0x43, 0xC3, 0x87, 0x4B, 0x2C, 0xB0, 0x72, 0x3B, 0xDF, 0x7A, 0x9E, 0x2C, 0xBF, 0x5A, 0xD8,
    0xD2, 0xD7, 0x9E, 0xF4, 0x9E, 0x8B, 0xD5, 0xDE, 0x55, 0xB7, 0x91, 0x14, 0x7F, 0xCC, 0x80, 0xF5,
    0x16, 0x62, 0xC5, 0x93, 0x08, 0x00, 0x7C, 0xBA, 0x54, 0x07, 0x25, 0xF1, 0xF2, 0xE5, 0x3E, 0xD4,
    0xF7, 0x2D, 0x59, 0xA7, 0xD5, 0x06, 0x65, 0x63, 0x4B, 0x54, 0xC5, 0x3E, 0x81, 0xDF, 0xAA, 0x77,
    0xE5, 0x2B, 0x5E, 0xC5, 0xAB, 0xBC, 0x8A, 0x55, 0x75, 0x00, 0x59, 0xFF, 0x38, 0x5B, 0x1F, 0x44,
    0x51, 0xBC, 0xE6, 0xCD, 0x45, 0xF1, 0xD3, 0xC7, 0xAE, 0x76, 0x15, 0x7C, 0x24, 0x03, 0x84, 0x7C,
    0x4C, 0x7D, 0xB1, 0xA8, 0x4F, 0xBA, 0xDD, 0x49, 0xB6, 0x4D, 0x3F, 0x66, 0xF7, 0x7B, 0xB2, 0x5F,
    0x69, 0xC6, 0x9D, 0xCE, 0x9C, 0xF2, 0xDA, 0x35, 0x48, 0x65, 0x97, 0xA7, 0x40, 0x78, 0xC2, 0xC1,
    0x9D, 0xDC, 0xFF, 0x59, 0x96, 0x63, 0xF9, 0xCD, 0xC4, 0xAC, 0xAF, 0xB5, 0xA1, 0x26, 0x05, 0x24,
    0xF8, 0xFF, 0xBC, 0x2A, 0x70, 0x8D, 0xC9, 0xE1, 0xC5, 0x0A, 0xFE, 0x37, 0xB0, 0x73, 0x7E, 0x9A,
    0x98, 0x65, 0x6A, 0x8A, 0x4F, 0xCF, 0x4F, 0xCB, 0xD1, 0x98, 0xC2, 0x3A, 0x93, 0x96, 0xF2, 0xCC,
    0xEA, 0x3B, 0x1D, 0x1A, 0x63, 0x64, 0x6C, 0xBD, 0x58, 0x40, 0xED, 0x1B, 0xB0, 0xAA, 0x22, 0xAF,
    0xCC, 0x20, 0x1C, 0x5B, 0xB7, 0x8C, 0x20, 0xE0, 0xED, 0xD3, 0x40, 0x94, 0xC9, 0x24, 0x55, 0x45,
    0x65, 0x01, 0x20, 0xC8, 0xA3, 0x6C, 0xA8, 0x5F, 0x6A, 0xA1, 0xC0, 0xD7, 0x51, 0x26, 0x54, 0x8F,
    0x40, 0x6E, 0xD0, 0xD8, 0xDC, 0x8E, 0x7A, 0x81, 0x2A, 0x83, 0xD9, 0x4B, 0x1D, 0xB2, 0x3D, 0xE9,
    0x65, 0x7B, 0x65, 0xDA, 0x40, 0x41, 0xC8, 0x90, 0xBC, 0xD4, 0x31, 0x34, 0xB9, 0x78, 0xF8, 0x41,
    0x83, 0x4D, 0x42, 0x1D, 0x67, 0x3D, 0x7D, 0xA0, 0x2F, 0x35, 0x6C, 0xFC, 0x25, 0x9F, 0x5C, 0xAA,
    0xCE, 0x8F, 0x6A, 0xFB, 0x4F, 0xD9, 0xBB, 0xE3, 0x29, 0x11, 0xC3, 0x52, 0x13, 0x1A, 0x24, 0xF7,
    0xF7, 0x3D, 0xE6, 0x4E, 0x7D, 0xCB, 0x0F, 0x8C, 0x38, 0xA4, 0x93, 0xFB, 0xCA, 0x27, 0x94, 0x97,
    0xEA, 0x5F, 0xAD, 0x59, 0x01, 0xC4, 0x2E, 0x57, 0x7A, 0x7E, 0xBE, 0x19, 0x9B, 0xD1, 0x1D, 0xF6,
    0x14, 0xDD, 0xB6, 0x6D, 0xB4, 0x03, 0x45, 0xD9, 0x36, 0xA7, 0x50, 0x8A, 0x9B, 0xFF, 0x4C, 0x12,
    0x5C, 0x5C, 0xDC, 0x8B, 0xDC, 0x96, 0x56, 0x5D, 0x80, 0xAD, 0xA5, 0x3F, 0x14, 0xC5, 0xFD, 0xBF,
    0x99, 0xDD, 0x20, 0x34, 0xB8, 0x0B, 0xE9, 0xA2, 0xD8, 0x20, 0x68, 0x93, 0xEA, 0x5D, 0x04, 0x6B,
    0xDD, 0xEF, 0x9B, 0x49, 0x7E, 0x04, 0x17, 0x77, 0x92, 0xD8, 0x04, 0xC1, 0x3F, 0xD9, 0xDC, 0x6D,
    0xF4, 0x5E, 0xFC, 0x93, 0x9B, 0x49, 0xEE, 0xDC, 0xFF, 0x3F, 0x33, 0xA7, 0xCF, 0x33, 0xDF, 0xF7,
    0xF5, 0xFE, 0x91, 0x74, 0x37, 0xD9, 0x64, 0xFE, 0xEF, 0x7D, 0x13, 0x99, 0x73, 0xDE, 0xF3, 0x9E,
    0xE7, 0x7D, 0xDF, 0xE7, 0x3D, 0x67, 0x82, 0xAC, 0x44, 0x52, 0x23, 0x6A, 0x31, 0x3F, 0x51, 0x08,
    0x51, 0x98, 0xE2, 0x07, 0x4F, 0xC7, 0x1D, 0x92, 0x16, 0xE9, 0xC7, 0x97, 0x4C, 0xE8, 0xF4, 0xAB,
    0x35, 0xD0, 0xE6, 0x70, 0xFC, 0x3D, 0x9F, 0x17, 0xA1, 0xE6, 0x0F, 0xE7, 0xCE, 0xE1, 0xF1, 0xAB,
    0x38, 0xF7, 0xCF, 0xBF, 0xC1, 0x5C, 0x17, 0x02, 0x5C, 0x98, 0xF0, 0xED, 0xE9, 0x32, 0xE0, 0x31,
    0xCB, 0x62, 0xBC, 0x04, 0x5A, 0x40, 0x1C, 0x42, 0x1E, 0x77, 0xAE, 0x8E, 0xBB, 0xAC, 0x4E, 0xDA,
    0xAC, 0x4E, 0x1B, 0x5B, 0x9A, 0xB7, 0xAB, 0xDC, 0xDC, 0x9C, 0x90, 0xBD, 0xDE, 0x03, 0xA8, 0x38,
    0x78, 0x00, 0xE2, 0x16, 0x88, 0x72, 0xE8, 0x59, 0xD0, 0x9E, 0xE6, 0x72, 0x79, 0x70, 0x7D, 0x24,
    0x92, 0x16, 0x48, 0x1B, 0xC0, 0xD4, 0x1B, 0xC9, 0x28, 0xB6, 0xA4, 0x70, 0x8A, 0xC3, 0x46, 0x96,
    0x14, 0xD8, 0x07, 0x9A, 0x9F, 0x27, 0xD3, 0x75, 0x98, 0x76, 0x33, 0x46, 0xEF, 0xB4, 0xC5, 0x8A,
    0x32, 0x5D, 0xCE, 0x31, 0x02, 0x58, 0x53, 0x0A, 0x8A, 0xBB, 0xD3, 0x22, 0x0B, 0x2D, 0xD7, 0xFB,
    0x21, 0x50, 0xDC, 0x8E, 0x82, 0x4F, 0x4E, 0x7E, 0xCA, 0x89, 0xA6, 0x41, 0xCA, 0xAD, 0x8F, 0x7C,
    0x91, 0xA3, 0xA8, 0x65, 0x2B, 0xD5, 0xEF, 0x67, 0x55, 0x5D, 0x85, 0xDC, 0x0E, 0x88, 0x86, 0xA8,
    0x8F, 0xBB, 0xB8, 0x4B, 0xBA, 0xB4, 0x35, 0x8D, 0xA9, 0x4D, 0x9D, 0x95, 0xB6, 0x74, 0xB9, 0x43,
    0x41, 0x47, 0xA2, 0x77, 0xCA, 0xF8, 0xA8, 0x8E, 0x6F, 0x6E, 0x36, 0xA4, 0x0D, 0x46, 0xBD, 0xF6,
    0x22, 0x38, 0x3B, 0xA4, 0xB2, 0xAF, 0x6D, 0x6C, 0xE1, 0x2C, 0x67, 0x38, 0x01, 0xB7, 0xDD, 0x83,
    0x9F, 0x27, 0x0C, 0x88, 0x77, 0x73, 0x14, 0x82, 0x66, 0x3B, 0x27, 0xDB, 0xCC, 0xD9, 0x4D, 0x28,
    0x80, 0x09, 0xDF, 0xF1, 0x28, 0x7A, 0x14, 0xDC, 0x42, 0x4A, 0xDC, 0x00, 0x13, 0x46, 0xE9, 0xB7,
    0x3D, 0xC0, 0xC1, 0xD2, 0xF6, 0x89, 0x81, 0xDA, 0x45, 0xA1, 0xE5, 0x1A, 0xB1, 0x5E, 0xAF, 0xE2,
    0x4F, 0x02, 0xE0, 0x19, 0x1C, 0xEA, 0xA4, 0x75, 0x5C, 0x33, 0x6D, 0x1C, 0xD7, 0x34, 0x4D, 0x85,
    0xFD, 0xCE, 0xDC, 0x19, 0x11, 0xEA, 0x2C, 0x0C, 0x58, 0x13, 0xA0, 0x92, 0xEE, 0xD0, 0x8F, 0xA8,
    0x4F, 0xE4, 0x4F, 0xD2, 0x52, 0xD1, 0xA1, 0xA4, 0xA5, 0x3F, 0xE9, 0xC9, 0xF5, 0xFF, 0xE1, 0x82,
    0x21, 0x34, 0x52, 0xCC, 0x10, 0xF7, 0xD4, 0x90, 0x95, 0x2E, 0x1A, 0x6C, 0x4E, 0xE5, 0xF2, 0x22,
    0xEE, 0x1D, 0xAA, 0xFD, 0xAE, 0x40, 0x08, 0xF5, 0x12, 0x5C, 0xFA, 0xD7, 0xE7, 0x8B, 0xDD, 0xE5,
    0x4B, 0xC9, 0x7C, 0xC9, 0x4D, 0xE3, 0x72, 0x9A, 0x45, 0x46, 0x01, 0xF5, 0x26, 0xA2, 0x37, 0x28,
    0x3F, 0xDC, 0xA2, 0x1B, 0x77, 0x11, 0xDD, 0xE6, 0x56, 0xCA, 0xB8, 0x5B, 0x23, 0xB9, 0xE7, 0x89,
    0x43, 0x47, 0x21, 0xC2, 0x92, 0x9B, 0x8C, 0xF1, 0xB3, 0x1D, 0xEC, 0x33, 0x3D, 0xDC, 0x93, 0x03,
    0xDC, 0xC2, 0xC3, 0x61, 0xC4, 0x12, 0x13, 0x84, 0x2E, 0x30, 0x50, 0xCE, 0x61, 0xF7, 0x70, 0x97,
    0x3E, 0xEA, 0x0C, 0xAD, 0xDA, 0x3E, 0x6E, 0x1D, 0xB7, 0x1B, 0xBA, 0xF4, 0xCD, 0xFB, 0xAD, 0x39,
    0xFC, 0xA0, 0x35, 0xB7, 0x6E, 0x36, 0xE6, 0xC7, 0x17, 0xEB, 0x6C, 0x6D, 0x6A, 0xEB, 0x4D, 0xE9,
    0xFA, 0x2C, 0x77, 0x9D, 0xCD, 0x0B, 0xFA, 0x56, 0x94, 0x0E, 0xB8, 0x6A, 0x4A, 0xB8, 0x0A, 0x48,
    0x07, 0xEC, 0x1E, 0x53, 0x27, 0x1D, 0x53, 0xA4, 0x51, 0xFE, 0xD3, 0xC7, 0x5C, 0x3E, 0x46, 0x3D,
    0x83, 0x7C, 0x32, 0x00, 0xA1, 0xA3, 0x34, 0x40, 0x55, 0x6F, 0x12, 0x72, 0x02, 0x2A, 0x4F, 0xE9,
    0x28, 0x25, 0x66, 0xD8, 0xB7, 0x89, 0x46, 0x49, 0xDB, 0x84, 0xB8, 0xA7, 0x84, 0x7D, 0x9B, 0x72,
    0x14, 0x5B, 0x12, 0x97, 0x9C, 0xA9, 0x07, 0x97, 0x53, 0x9E, 0x5F, 0xA3, 0x08, 0x13, 0x65, 0x04,
    0xF8, 0x83, 0xDF, 0xCA, 0x8B, 0x14, 0x54, 0x39, 0xA0, 0x58, 0x52, 0xE2, 0xA3, 0x12, 0xE6, 0x16,
    0x73, 0xE9, 0x42, 0x0D, 0x97, 0xD6, 0x38, 0xA0, 0x84, 0xEB, 0x35, 0x6B, 0xA7, 0x89, 0x29, 0x49,
    0xAB, 0xE0, 0x2A, 0x02, 0x71, 0x2B, 0x8F, 0x37, 0x35, 0x19, 0x58, 0x93, 0x97, 0x11, 0xEF, 0xEA,
    0xF1, 0x63, 0xCC, 0x38, 0x9B, 0xE0, 0x61, 0x5E, 0x1D, 0x99, 0x69, 0x23, 0x6C, 0x3E, 0xC2, 0x3D,
    0xE1, 0xE1, 0xFE, 0x8D, 0x38, 0xF3, 0x5D, 0x11, 0x72, 0xD6, 0xE3, 0xB0, 0x9D, 0x5B, 0x95, 0xC4,
    0xB4, 0x4C, 0x88, 0x57, 0xF2, 0x49, 0xC5, 0xB9, 0x3D, 0xE7, 0x0E, 0xC4, 0x47, 0x73, 0x97, 0xB0,
    0xE5, 0x5A, 0xF3, 0x39, 0x97, 0xF3, 0xF9, 0xAE, 0xA0, 0x9B, 0x8B, 0xB3, 0x44, 0xB4, 0x2B, 0x84,
    0x6D, 0xE5, 0xD4, 0x9C, 0x01, 0x7B, 0xB6, 0x72, 0xB8, 0x4A, 0x8D, 0x38, 0x68, 0x7B, 0x1F, 0x17,
    0x39, 0x94, 0xD5, 0x50, 0x52, 0x73, 0xF8, 0x92, 0x8A, 0xF6, 0xE7, 0x05, 0xE0, 0x04, 0x49, 0x21,
    0x35, 0xB2, 0xD2, 0x16, 0x3E, 0xEA, 0xF1, 0xE8, 0x83, 0xBF, 0x79, 0xA0, 0xCC, 0x0C, 0x5B, 0x25,
    0x83, 0x9C, 0xB3, 0xE2, 0x1F, 0x46, 0x7C, 0x17, 0xFC, 0x7D, 0x39, 0x42, 0x5D, 0xC2, 0xD3, 0x61,
    0xB7, 0x18, 0x54, 0xB0, 0xDF, 0x1F, 0xF8, 0xCE, 0xBC, 0xD6, 0x4F, 0x40, 0xF2, 0xFE, 0x3D, 0xD1,
    0xDD, 0x69, 0xE8, 0xA8, 0xE5, 0x2F, 0xD2, 0x59, 0x67, 0xEF, 0x1E, 0x35, 0x80, 0xBB, 0x76, 0x53,
    0x09, 0x61, 0x0E, 0x3B, 0x44, 0x3E, 0x63, 0xC2, 0x26, 0x83, 0x7D, 0x92, 0xF0, 0x76, 0x73, 0xD2,
    0xD6, 0x0E, 0x23, 0x21, 0x69, 0x53, 0xD2, 0xD4, 0x9D, 0x09, 0x58, 0xF3, 0xB7, 0xF8, 0x9E, 0x27,
    0x79, 0xC5, 0xA1, 0x45, 0xD2, 0x23, 0xDA, 0xF2, 0xC6, 0xCF, 0xAE, 0x77, 0x55, 0x68, 0xEC, 0xF4,
    0xD5, 0x72, 0xD9, 0x3C, 0xD5, 0xC1, 0x1C, 0xD7, 0x88, 0xA6, 0xAF, 0xA5, 0x36, 0xBE, 0x52, 0x9D,
    0x8A, 0xD8, 0x0C, 0x25, 0xFB, 0xB9, 0x92, 0xCC, 0x6F, 0x5E, 0x72, 0xAF, 0x4B, 0xC6, 0x6E, 0x15,
    0xF7, 0x22, 0x32, 0x01, 0x4E, 0x12, 0x6B, 0xC5, 0x4D, 0x24, 0xB0, 0xBA, 0x62, 0x75, 0x90, 0xBC,
    0x98, 0xD3, 0x30, 0x7D, 0x14, 0x60, 0xBB, 0x38, 0xC0, 0x49, 0x55, 0x6D, 0x72, 0x8C, 0xD3, 0x26,
    0x3D, 0x8A, 0x4E, 0xEB, 0xF4, 0x88, 0x4C, 0x6D, 0x6E, 0xA5, 0xB7, 0x6A, 0x73, 0xCD, 0x5C, 0x29,
    0xB3, 0x8B, 0xFB, 0x59, 0x6E, 0xCD, 0xCA, 0xC2, 0x19, 0xEF, 0xA8, 0xFA, 0x3D, 0xEC, 0x99, 0x6E,
    0x89, 0x03, 0xD3, 0xAC, 0x66, 0xD6, 0x67, 0x39, 0xAA, 0x20, 0x55, 0x92, 0xDC, 0x7E, 0xDA, 0xA6,
    0x1B, 0xEA, 0xAB, 0x25, 0x2A, 0x49, 0xF5, 0x01, 0x72, 0x9F, 0xFE, 0xA0, 0xBF, 0x62, 0xEE, 0x08,
    0x4A, 0xBD, 0x41, 0xE9, 0x4C, 0xC2, 0xAC, 0x4A, 0xD3, 0x64, 0xB5, 0xA5, 0x76, 0x48, 0x9B, 0x82,
    0xB2, 0x86, 0x69, 0xC6, 0x4D, 0x21, 0xD0, 0x65, 0x57, 0x16, 0xA8, 0xE0, 0xEE, 0x8E, 0xC8, 0x42,
    0xAF, 0x6A, 0xA5, 0x84, 0x9E, 0xD2, 0xC5, 0x0F, 0xFE, 0x6E, 0x43, 0x03, 0xAD, 0xF9, 0x2C, 0x0D,
    0x94, 0x3B, 0x1A, 0xD8, 0xAD, 0xBA, 0xC6, 0x72, 0xCE, 0x97, 0xDB, 0x1B, 0x6A, 0x3D, 0x09, 0x10,
    0xFD, 0x24, 0x94, 0xB4, 0xA5, 0x34, 0x95, 0x1A, 0x05, 0xA5, 0x27, 0xAA, 0xDB, 0x56, 0xFA, 0x45,
    0xDB, 0xE9, 0xB6, 0x85, 0x8E, 0xC0, 0xFF, 0xDB, 0x4E, 0x5D, 0x18, 0x5D, 0xF0, 0xDF, 0x9E, 0x9E,
    0x86, 0x9F, 0x5B, 0x9A, 0x9F, 0x53, 0xF3, 0xF3, 0xDB, 0xE0, 0x57, 0xE2, 0x48, 0xE0, 0x80, 0xB2,
    0x1F, 0x5A, 0xD5, 0x13, 0x31, 0x9B, 0x54, 0xBF, 0xAC, 0xB8, 0xB2, 0x58, 0xF4, 0x84, 0x33, 0x62,
    0x2B, 0x59, 0xB1, 0x9F, 0x94, 0x6B, 0x51, 0x59, 0x91, 0xB4, 0x84, 0xF6, 0x98, 0xD8, 0x1A, 0x62,
    0xCA, 0xCD, 0x4D, 0x39, 0x60, 0x64, 0x25, 0xCB, 0xE7, 0x8D, 0x54, 0x40, 0x41, 0x5F, 0xE1, 0x9E,
    0xEA, 0x01, 0xFB, 0x5C, 0xCB, 0x17, 0x47, 0x35, 0x38, 0x1A, 0x40, 0x3A, 0x4A, 0x79, 0x0D, 0x96,
    0x72, 0x13, 0xD5, 0x58, 0x00, 0x91, 0x77, 0xE0, 0x8E, 0x88, 0x8E, 0x02, 0x0B, 0xC7, 0xC8, 0x7E,
    0x0E, 0x73, 0xFF, 0x9A, 0x90, 0xDD, 0x09, 0x2F, 0x14, 0x21, 0xB4, 0x94, 0xB3, 0xE7, 0x9C, 0x12,
    0xF8, 0x06, 0x38, 0x43, 0x73, 0xC8, 0xF4, 0x36, 0xB7, 0x9A, 0x93, 0x6B, 0x4E, 0x01, 0x27, 0xC6,
    0x9C, 0x43, 0x48, 0xA4, 0x5E, 0xF2, 0x10, 0xC8, 0x5C, 0x98, 0xD2, 0x43, 0x20, 0x4B, 0x16, 0x83,
    0x58, 0x3C, 0xEA, 0xD5, 0x49, 0xE3, 0x5E, 0x7D, 0x34, 0xEE, 0xA4, 0x13, 0xC2, 0x52, 0x20, 0x69,
    0xC5, 0xBA, 0x7A, 0xB7, 0x82, 0xFE, 0xAB, 0xDF, 0x6A, 0xBE, 0xA3, 0x2D, 0xBE, 0x8B, 0x06, 0x51,
    0x66, 0xDC, 0xCB, 0xBF, 0x97, 0x3B, 0x91, 0xA3, 0x58, 0x9D, 0xBA, 0x85, 0x6A, 0xCD, 0xE6, 0xAA,
    0xE8, 0x9D, 0x4D, 0x69, 0xDA, 0x14, 0xD6, 0xD0, 0xBB, 0x91, 0x96, 0x1F, 0xDA, 0x34, 0xB4, 0x39,
    0x88, 0xE9, 0x65, 0xB3, 0x5C, 0xC9, 0x66, 0xCE, 0xB2, 0xA5, 0xE5, 0xE9, 0xFA, 0x89, 0x2C, 0xCF,
    0x7D, 0x4B, 0x5A, 0xCF, 0x38, 0x6B, 0x7F, 0x46, 0x5F, 0xE2, 0x98, 0x0D, 0xE8, 0xDF, 0x7E, 0xD8,
    0xD9, 0xCE, 0xA6, 0x77, 0xBE, 0x61, 0x16, 0x5B, 0x6A, 0x57, 0x4A, 0x71, 0xF3, 0xDF, 0x41, 0xD8,
    0x50, 0x1A, 0x2C, 0x94, 0x7C, 0xC4, 0x45, 0x11, 0xD9, 0x28, 0x95, 0x2F, 0x54, 0xBF, 0x0C, 0x17,
    0x7B, 0x11, 0x21, 0x3E, 0xF6, 0x54, 0xAF, 0x8E, 0xAA, 0xE1, 0xD1, 0xB2, 0x8C, 0xBD, 0xCB, 0xD9,
    0xCC, 0x1C, 0xDC, 0xCB, 0x7D, 0x01, 0x17, 0xDA, 0x25, 0x8A, 0x89, 0x40, 0x9D, 0x3D, 0xCE, 0xC9,
    0x44, 0xF8, 0xA1, 0xA6, 0xDF, 0xE5, 0xE4, 0x71, 0x9E, 0x38, 0x72, 0x12, 0x1B, 0x20, 0x27, 0x70,
    0x78, 0xC4, 0xB5, 0x93, 0xC0, 0xC5, 0x5F, 0x9A, 0x76, 0x45, 0x32, 0xCB, 0xAE, 0xA3, 0x2E, 0x2E,
    0x57, 0x0F, 0x8B, 0x29, 0xF6, 0x20, 0x75, 0xCF, 0x27, 0x55, 0x3B, 0x42, 0x0B, 0x55, 0x0D, 0x18,
    0x3B, 0xCD, 0xEF, 0xEC, 0x9D, 0x71, 0x2E, 0xE0, 0x8A, 0x8B, 0xAE, 0xE1, 0x48, 0x24, 0x5E, 0x3A,
    0x48, 0xAB, 0x8F, 0x3A, 0x75, 0x18, 0x14, 0x50, 0xDB, 0x58, 0xC1, 0x92, 0x41, 0x3D, 0xE8, 0x49,
    0xAC, 0x37, 0x81, 0x56, 0x1D, 0xE6, 0xBE, 0xB4, 0xCD, 0x62, 0x85, 0x91, 0x12, 0x7E, 0xDC, 0x2E,
    0x7C, 0xDA, 0x44, 0x83, 0x69, 0x16, 0xDC, 0x00, 0xA6, 0xFD, 0x5A, 0x8D, 0x97, 0x92, 0x63, 0x74,
    0xCA, 0x6C, 0xE2, 0x54, 0xC0, 0x34, 0x5C, 0xB1, 0x1E, 0x51, 0x09, 0xF2, 0xF5, 0x63, 0x71, 0x98,
    0xCC, 0x29, 0x71, 0x22, 0x40, 0x1C, 0x30, 0x30, 0xAE, 0x45, 0xD4, 0x17, 0x74, 0xEE, 0x7A, 0x67,
    0xD9, 0x9E, 0xDE, 0x6F, 0x81, 0x7F, 0x44, 0x16, 0xB8, 0x91, 0x68, 0x22, 0xE1, 0xC0, 0xBC, 0x91,
    0x9B, 0x63, 0xBE, 0x1A, 0xDC, 0x9B, 0xDE, 0x95, 0x9B, 0x59, 0x9E, 0xBD, 0xD1, 0xC5, 0xBD, 0x3D,
    0x6E, 0x49, 0xFE, 0x91, 0x6A, 0xBA, 0x89, 0x09, 0xE3, 0x89, 0xCF, 0xEA, 0x1D, 0x7A, 0x44, 0x3C,
    0xEE, 0x38, 0xC6, 0xDD, 0xED, 0xC8, 0x2A, 0x51, 0xC8, 0x17, 0x55, 0x19, 0x93, 0x05, 0xEF, 0xF6,
    0x22, 0x92, 0xB4, 0x5B, 0x90, 0x79, 0x27, 0xD8, 0x66, 0xEE, 0xBC, 0x77, 0xEB, 0x2C, 0xD4, 0xC9,
    0x94, 0x83, 0x27, 0x94, 0xD0, 0x44, 0x2A, 0x6E, 0x2F, 0x50, 0x9F, 0x5E, 0xC5, 0x61, 0xC9, 0xD6,
    0x61, 0x5F, 0x9B, 0x5C, 0x3E, 0x3A, 0x15, 0xAC, 0x2F, 0x22, 0x2D, 0xED, 0xAE, 0xB7, 0x9A, 0x32,
    0x6E, 0x96, 0xEE, 0xCC, 0xE9, 0x90, 0xBD, 0x3A, 0xB8, 0xF3, 0xBD, 0x0B, 0x1D, 0x21, 0x28, 0x9E,
    0x86, 0x13, 0xA3, 0x6D, 0xCC, 0x22, 0xE9, 0x99, 0x55, 0x1C, 0x9C, 0x36, 0xF4, 0x96, 0x0D, 0x9A,
    0x0B, 0x39, 0xF3, 0x7A, 0x07, 0xB8, 0x2B, 0x73, 0xE3, 0x26, 0xFB, 0xEF, 0xF4, 0xD2, 0x19, 0x6A,
    0x2F, 0xFD, 0xE8, 0xB0, 0x67, 0x88, 0x7F, 0x77, 0xC0, 0x55, 0x5C, 0xBE, 0xA2, 0x47, 0xE9, 0x94,
    0x33, 0x1D, 0xBF, 0xC5, 0x78, 0xB0, 0x5B, 0xED, 0x37, 0xB2, 0x4C, 0xA8, 0x33, 0x51, 0xE0, 0x7F,
    0xCC, 0x97, 0x8B, 0x62, 0x00, 0x73, 0x57, 0x95, 0xA3, 0x63, 0x0B, 0x65, 0xC5, 0x9A, 0x51, 0x2D,
    0x2A, 0x9A, 0x9B, 0xA6, 0xE7, 0x92, 0x9E, 0x1C, 0xD6, 0xC1, 0x4E, 0x1D, 0xD2, 0x5F, 0x74, 0x00,
    0x9B, 0x14, 0x86, 0x03, 0x80, 0x73, 0xF1, 0x87, 0xF3, 0xA9, 0xF8, 0x4B, 0xDB, 0x48, 0x5A, 0x35,
    0xA2, 0x11, 0xE6, 0x70, 0x60, 0x27, 0xDE, 0x34, 0xFE, 0x8C, 0x9E, 0x59, 0xD5, 0x9C, 0xAE, 0x28,
    0x22, 0x36, 0xD3, 0x60, 0x99, 0x76, 0x50, 0xED, 0xA2, 0x08, 0x0D, 0xAA, 0xB0, 0xC9, 0x18, 0x9F,
    0x95, 0x8B, 0x41, 0x5C, 0xE0, 0x54, 0x83, 0x90, 0x24, 0xAC, 0x96, 0x7D, 0xAE, 0x5B, 0x95, 0xEA,
    0xE0, 0x1E, 0x89, 0x8F, 0xA7, 0xD4, 0x27, 0x93, 0xF1, 0x66, 0xA4, 0x78, 0x73, 0xC3, 0xFA, 0xEC,
    0xEA, 0xE3, 0x83, 0x3D, 0xB7, 0x1A, 0xDC, 0xE3, 0x1F, 0xF7, 0x7B, 0xEE, 0x5E, 0xB7, 0xE7, 0xDE,
    0xEA, 0x0E, 0xDC, 0x61, 0x7B, 0xC3, 0x9D, 0x6F, 0x92, 0xD9, 0x7F, 0xF9, 0xBE, 0xA6, 0x8C, 0x6C,
    0x51, 0x9E, 0xFE, 0x78, 0x30, 0x89, 0x36, 0xFE, 0xD3, 0x07, 0x66, 0x1C, 0x96, 0x94, 0x55, 0xD2,
    0x82, 0x0B, 0xCD, 0x31, 0xF4, 0xBB, 0xAC, 0xF4, 0xC5, 0x62, 0x17, 0xE7, 0x63, 0xC5, 0xF9, 0x91,
    0x11, 0xC9, 0xEB, 0x7D, 0xCA, 0x1A, 0x3F, 0x19, 0x4D, 0xBB, 0x9A, 0x8B, 0xD5, 0xDB, 0x7C, 0x4E,
    0xC3, 0x79, 0x18, 0x2D, 0xB1, 0x4F, 0x2C, 0x3E, 0x1C, 0x11, 0x9D, 0x06, 0x44, 0x53, 0x51, 0x32,
    0x3B, 0xCB, 0xCD, 0x4D, 0x44, 0x7C, 0x62, 0xF3, 0x19, 0xCF, 0xB6, 0x02, 0x2D, 0x40, 0x57, 0x23,
    0x7B, 0xA5, 0xF9, 0x4C, 0xCB, 0x5C, 0x01, 0x9B, 0x7C, 0x6A, 0xCD, 0x49, 0x63, 0xEB, 0xED, 0xD5,
    0xAE, 0xD0, 0x4B, 0x69, 0x77, 0x37, 0xCF, 0xD4, 0x4F, 0xE9, 0x8B, 0xFA, 0xF0, 0xF1, 0xC8, 0x14,
    0x3E, 0x09, 0x47, 0xAD, 0x69, 0x83, 0x4E, 0xDC, 0x63, 0xDA, 0xD2, 0x2B, 0xF2, 0xF1, 0x13, 0x2C,
    0x46, 0x7A, 0x46, 0x15, 0xB1, 0x89, 0x39, 0xF5, 0x2F, 0xFA, 0x47, 0x9A, 0x66, 0xFB, 0x9E, 0xEF,
    0x61, 0xE2, 0x5D, 0x1D, 0x2E, 0xE9, 0x7D, 0x8E, 0xA1, 0x00, 0xFC, 0x48, 0xF1, 0xC0, 0xD4, 0x03,
    0x55, 0x0B, 0x14, 0x35, 0x65, 0xDB, 0xAF, 0xD7, 0x9B, 0xD6, 0xF0, 0x9D, 0x01, 0x28, 0x94, 0xB2,
    0x25, 0x00, 0x7C, 0x97, 0xE2, 0x1F, 0x8A, 0x6E, 0xE1, 0xFB, 0xE2, 0x2B, 0x7A, 0x74, 0x7A, 0xDA,
    0x65, 0x87, 0xBF, 0x60, 0x2D, 0xBC, 0x37, 0xB8, 0xF4, 0x8D, 0xA1, 0x30, 0xAF, 0x51, 0x0E, 0x7B,
    0x67, 0x9E, 0xEB, 0xDC, 0xF1, 0x7C, 0xDC, 0xE1, 0xB8, 0xFE, 0xE1, 0xA6, 0x0F, 0x28, 0xAB, 0xAD,
    0x19, 0x6F, 0x5A, 0x78, 0x6E, 0x7C, 0x55, 0x00, 0x85, 0x07, 0x9C, 0xFA, 0x68, 0x0B, 0xB8, 0x66,
    0x6E, 0xD9, 0x8B, 0xD3, 0x1E, 0xC9, 0x87, 0x03, 0x4C, 0xE3, 0xE9, 0xC7, 0xF8, 0xAB, 0xF3, 0x34,
    0xDE, 0xE5, 0xE9, 0x04, 0x3B, 0x4E, 0x1C, 0xBB, 0x7E, 0xB8, 0x10, 0xE5, 0x6C, 0xE8, 0xD6, 0x49,
    0x57, 0x19, 0x51, 0x86, 0x0B, 0xCD, 0x23, 0x17, 0x77, 0x77, 0x6B, 0xF5, 0x4B, 0x6F, 0x08, 0xE7,
    0x06, 0x49, 0xAA, 0xB8, 0xDF, 0x22, 0xB9, 0x16, 0x97, 0x8E, 0x4A, 0x33, 0xCF, 0x79, 0xF0, 0x59,
    0x33, 0x21, 0x54, 0xA7, 0x23, 0xAA, 0x8F, 0xC2, 0x01, 0xEC, 0xF7, 0x87, 0xAB, 0xF8, 0xB2, 0x73,
    0x43, 0xC9, 0xB9, 0x45, 0xCD, 0xB9, 0x59, 0x0D, 0x20, 0xDB, 0x1D, 0x2B, 0x60, 0xE1, 0x3C, 0x66,
    0xF9, 0xDD, 0x5D, 0x77, 0x0E, 0x03, 0x65, 0xD2, 0xA5, 0x08, 0xB2, 0x33, 0xCB, 0x89, 0x2E, 0xC0,
    0x1E, 0xA8, 0xD4, 0x97, 0xA0, 0x23, 0x1A, 0x04, 0xCC, 0x46, 0x2D, 0x91, 0x85, 0xB9, 0xDF, 0x77,
    0x23, 0xDC, 0x8F, 0x7A, 0x55, 0xB1, 0x54, 0x4C, 0x2C, 0xDD, 0xF1, 0xBD, 0x81, 0x6F, 0x0F, 0x89,
    0xEC, 0x14, 0x77, 0x48, 0xCF, 0xDE, 0x92, 0x42, 0xC9, 0x19, 0xEE, 0xD9, 0x61, 0x8B, 0x95, 0x98,
    0x54, 0xA4, 0x93, 0x6A, 0x02, 0xBE, 0x59, 0x69, 0xD0, 0xE2, 0x4A, 0x9D, 0xEA, 0xFC, 0xCA, 0xD1,
    0xCA, 0xD7, 0x97, 0x02, 0x2A, 0x8F, 0xA2, 0xA5, 0x4F, 0x99, 0x2C, 0xA9, 0x81, 0xBE, 0x36, 0x4D,
    0xE0, 0xA5, 0xC4, 0xC1, 0xBC, 0x4B, 0x47, 0x69, 0xC2, 0xD1, 0x91, 0xDA, 0xC1, 0x31, 0x6C, 0x54,
    0x0D, 0x5D, 0x4A, 0x4E, 0x3D, 0x96, 0x2C, 0x41, 0xA8, 0xE6, 0x81, 0x62, 0xD3, 0xDE, 0x92, 0x07,
    0x3A, 0x0A, 0x48, 0x56, 0xFC, 0x77, 0x8F, 0x48, 0x47, 0x15, 0xED, 0xFD, 0xE3, 0x01, 0xE6, 0xCD,
    0x1E, 0xEE, 0x99, 0x0E, 0x15, 0x7D, 0xC6, 0x1E, 0x90, 0x01, 0x29, 0x67, 0x7E, 0x21, 0x3A, 0xC6,
    0x2B, 0x3D, 0x1E, 0xF4, 0xB8, 0x74, 0xE9, 0x8B, 0x8E, 0x7F, 0x11, 0xD1, 0x20, 0xC7, 0xE9, 0xB6,
    0x2E, 0x92, 0x1F, 0x74, 0x69, 0x20, 0x13, 0x30, 0x7C, 0xA3, 0xA9, 0xC5, 0x19, 0x62, 0x82, 0x27,
    0x08, 0x51, 0xBF, 0x63, 0x82, 0xDD, 0x6D, 0x53, 0x97, 0xE2, 0x12, 0xD3, 0x5C, 0x41, 0x71, 0x27,
    0x4C, 0x7F, 0x0B, 0x00, 0xBE, 0x50, 0x2B, 0xDA, 0xF2, 0x40, 0x2D, 0x5C, 0x9F, 0x87, 0x9B, 0x50,
    0x4C, 0x0F, 0x79, 0xC0, 0xCE, 0x3C, 0x10, 0xA9, 0x1F, 0xD4, 0xF6, 0x6E, 0xE9, 0x72, 0x4D, 0x37,
    0xBA, 0x2B, 0x6F, 0x46, 0xE4, 0x27, 0x15, 0xC2, 0x88, 0xE2, 0x36, 0x16, 0x7D, 0x3C, 0x44, 0xF3,
    0xAD, 0x3B, 0x6D, 0xFE, 0xEF, 0x63, 0xD3, 0xF6, 0x82, 0xB1, 0x04, 0x81, 0xFD, 0x7B, 0xB3, 0x4E,
    0xFF, 0x6C, 0xFB, 0x7E, 0x77, 0x09, 0xD9, 0x5E, 0x03, 0xF4, 0x1E, 0x09, 0x0D, 0x73, 0x33, 0x35,
    0xE6, 0x67, 0x53, 0x18, 0x67, 0x3F, 0x3A, 0x69, 0x8C, 0xE8, 0x43, 0xBF, 0xB3, 0xA7, 0x9B, 0xFD,
    0x16, 0xA1, 0xC6, 0x7A, 0xFB, 0x01, 0x0D, 0x95, 0xD4, 0xB4, 0x5F, 0x02, 0x84, 0x8B, 0x03, 0x5D,
    0x10, 0xE5, 0x87, 0x36, 0xEE, 0x8A, 0xEB, 0x5D, 0xDC, 0x11, 0xB6, 0xA4, 0xA5, 0xDA, 0xAF, 0x8B,
    0xEB, 0x6D, 0x55, 0xBA, 0x50, 0xEB, 0xB0, 0x31, 0x77, 0x82, 0xF9, 0x8E, 0x23, 0x1E, 0x97, 0xF2,
    0x60, 0x20, 0xC2, 0x20, 0x15, 0x60, 0x7F, 0xF4, 0xA0, 0xC8, 0x9D, 0x98, 0x96, 0xCA, 0xE5, 0x45,
    0x34, 0x55, 0x58, 0x6A, 0xDF, 0x2B, 0xD8, 0xDB, 0x9F, 0x17, 0x36, 0x12, 0x38, 0x23, 0xD7, 0x8D,
    0x34, 0xA6, 0xB0, 0x95, 0x9B, 0xB0, 0xF1, 0xB7, 0x0B, 0x1B, 0xFE, 0x01, 0x80, 0x87, 0xFC, 0xDF,
    0x6E, 0xF9, 0xCB, 0x37, 0x37, 0x8B, 0xCD, 0xAD, 0x20, 0xAE, 0x7F, 0xA3, 0x66, 0x8A, 0x3F, 0x88,
    0x08, 0xB1, 0x2A, 0x30, 0x00, 0xD1, 0xBF, 0x03, 0xC0, 0xD7, 0x42, 0xDA, 0x5F, 0xDA, 0x8F, 0x3F,
    0xA1, 0x8D, 0x87, 0x77, 0x01, 0x1D, 0x41, 0xE0, 0xC9, 0x5C, 0x5C, 0x1F, 0x3E, 0xEA, 0xA9, 0x62,
    0x7D, 0x59, 0x60, 0x4F, 0x89, 0x3D, 0xED, 0x26, 0x6A, 0x3A, 0x86, 0x98, 0xBA, 0xCC, 0x3B, 0x38,
    0xE7, 0x0B, 0xB8, 0xD5, 0xC8, 0x25, 0x7C, 0xC5, 0x20, 0xF4, 0x15, 0x81, 0xEB, 0x0A, 0xA5, 0x12,
    0x7D, 0x99, 0x79, 0x90, 0xCA, 0xA9, 0xFB, 0xCE, 0x6A, 0x8D, 0x95, 0x69, 0x3D, 0x56, 0xD9, 0x7B,
    0x03, 0x0E, 0xDC, 0xFB, 0x1D, 0x96, 0xD5, 0xFD, 0x16, 0xEE, 0x7E, 0x20, 0xB6, 0xF7, 0x04, 0xF6,
    0x1B, 0x01, 0xF2, 0x58, 0x50, 0xE0, 0xF7, 0x1E, 0x5C, 0x22, 0x57, 0x57, 0xA1, 0x11, 0x59, 0xFD,
    0x12, 0x86, 0x65, 0x12, 0xFA, 0xEC, 0x07, 0x8A, 0xA7, 0xBA, 0x77, 0xE4, 0xDD, 0x7E, 0xAF, 0x01,
    0x6A, 0x94, 0x3D, 0x90, 0x1E, 0x79, 0xAA, 0x49, 0xE9, 0xD3, 0xCD, 0x89, 0xB4, 0xBE, 0x84, 0xAC,
    0x0E, 0x13, 0x77, 0xCF, 0x5E, 0x64, 0x73, 0xF9, 0xBC, 0x18, 0xA8, 0x30, 0x2A, 0xE5, 0xF9, 0x62,
    0x0D, 0xDB, 0x33, 0x45, 0x17, 0xD5, 0x6D, 0x9D, 0x9F, 0xB5, 0xCF, 0x3B, 0xAF, 0xC4, 0x5D, 0xA5,
    0x5C, 0xF0, 0x54, 0xA7, 0xD3, 0x4B, 0x48, 0x95, 0x7F, 0x26, 0x84, 0x99, 0xDA, 0xC0, 0x73, 0x33,
    0x95, 0x3E, 0x3E, 0x40, 0x9F, 0x5C, 0xE0, 0x10, 0x5E, 0xA6, 0x3D, 0x52, 0xC9, 0x12, 0x8F, 0xD2,
    0x8D, 0x2E, 0x1D, 0x99, 0x46, 0x3A, 0xFF, 0xFD, 0x27, 0xDB, 0x21, 0x89, 0xF0, 0xC1, 0x25, 0x26,
    0x70, 0x6B, 0x03, 0x93, 0xF3, 0x42, 0x4B, 0xE8, 0x3B, 0xB8, 0xF8, 0xE4, 0x27, 0x45, 0x14, 0xE8,
    0x61, 0xD5, 0x6C, 0x62, 0xC9, 0xBD, 0x2F, 0x28, 0xF1, 0xFD, 0x1A, 0xC9, 0x3B, 0x0D, 0xD7, 0x69,
    0x60, 0x03, 0x07, 0x53, 0xD6, 0xA1, 0xC3, 0x78, 0xBF, 0x8B, 0x3F, 0xB9, 0xD7, 0x25, 0x1F, 0xDD,
    0xEB, 0xCC, 0x5B, 0x1F, 0xF6, 0xD9, 0x21, 0xFB, 0xED, 0xF9, 0x66, 0x40, 0x2C, 0x17, 0xB5, 0xD9,
    0x35, 0x60, 0xF7, 0x80, 0x3D, 0xAB, 0xE2, 0x03, 0xE8, 0x6F, 0x7C, 0x7A, 0x9C, 0x27, 0x77, 0x8F,
    0x72, 0x73, 0xEB, 0x56, 0x99, 0x5D, 0xBB, 0xC6, 0x78, 0x5D, 0x63, 0x3A, 0x21, 0x10, 0xD4, 0x48,
    0x37, 0xA0, 0xE4, 0x98, 0xCA, 0xDC, 0x2A, 0x49, 0xDE, 0x17, 0xCB, 0xE4, 0xA4, 0xBA, 0x5E, 0x6B,
    0x9B, 0xB5, 0x99, 0xD5, 0x6B, 0xF7, 0x4F, 0xEB, 0xEC, 0x99, 0x8F, 0x3E, 0xA0, 0xC7, 0xEF, 0xBC,
    0xD3, 0x58, 0x73, 0xF3, 0xAD, 0xD6, 0xD9, 0xE7, 0x0E, 0x5B, 0xE7, 0x88, 0xC0, 0x72, 0x6D, 0x9E,
    0xE9, 0x92, 0x26, 0x1D, 0x40, 0x16, 0xA1, 0xAA, 0xED, 0x7C, 0x73, 0xBB, 0x01, 0x53, 0xAE, 0xAE,
    0xAA, 0x58, 0x47, 0xD8, 0x59, 0x25, 0xC7, 0x6B, 0x38, 0x73, 0x54, 0xD0, 0xAD, 0x2B, 0x8E, 0xA1,
    0xB6, 0x16, 0x37, 0x56, 0xCE, 0xE6, 0x74, 0x31, 0x94, 0x52, 0x80, 0xFB, 0xEB, 0x11, 0xB0, 0xAA,
    0x24, 0xA3, 0x2B, 0x74, 0x7A, 0x5C, 0x82, 0x93, 0x73, 0x80, 0x88, 0x71, 0x0B, 0xA7, 0x9D, 0xBE,
    0x83, 0xF5, 0xC4, 0x83, 0x2A, 0x7B, 0x9D, 0xCA, 0x5E, 0x60, 0xD6, 0x38, 0xF3, 0xC6, 0x80, 0xB5,
    0x79, 0x75, 0xD0, 0xB8, 0x9E, 0x96, 0x3A, 0xEC, 0xED, 0xD7, 0x78, 0xCC, 0x02, 0xD9, 0x01, 0x60,
    0xFD, 0x0E, 0x01, 0x24, 0xEF, 0xDE, 0xDA, 0x20, 0x70, 0xF1, 0x5A, 0xE9, 0xB8, 0x51, 0x71, 0x51,
    0xA8, 0x45, 0x46, 0xC2, 0xC0, 0xFE, 0xEB, 0x04, 0x82, 0xF0, 0x83, 0x41, 0x51, 0x7B, 0xBD, 0x65,
    0x63, 0xBD, 0x4E, 0x07, 0x84, 0x43, 0x03, 0x43, 0xDD, 0xB1, 0xA1, 0x9D, 0x9C, 0xF4, 0x8C, 0xF8,
    0x3D, 0xB6, 0x21, 0xFB, 0xDC, 0x5B, 0x1D, 0xF5, 0xC5, 0xC3, 0xCE, 0xC3, 0x65, 0xCF, 0x4A, 0xBB,
    0xF3, 0xAD, 0xC7, 0xB2, 0x48, 0x1B, 0x8F, 0xE4, 0x4D, 0xCE, 0x4A, 0xDF, 0xA0, 0xF5, 0xB4, 0x1E,
    0x0B, 0x02, 0x72, 0xF5, 0x2A, 0xCC, 0xCF, 0xD7, 0xDD, 0x4C, 0x61, 0x02, 0xC4, 0xC3, 0xA6, 0x47,
    0x07, 0x70, 0xE6, 0xCA, 0x1E, 0x01, 0x61, 0xB4, 0x0E, 0xF6, 0x1C, 0x01, 0xB9, 0xA1, 0x98, 0xFD,
    0x71, 0x52, 0xC3, 0x70, 0x07, 0x8A, 0xE7, 0xFE, 0x88, 0x85, 0xF0, 0xB9, 0x6D, 0x6B, 0xC0, 0x6C,
    0xA5, 0x28, 0x51, 0x8C, 0x40, 0xD5, 0x03, 0x7F, 0x3B, 0x9E, 0xB9, 0x1F, 0x16, 0xC0, 0x23, 0x01,
    0x09, 0x8D, 0x2B, 0x55, 0xAA, 0x5F, 0x02, 0x7A, 0x5B, 0x5D, 0xCE, 0x67, 0x22, 0xCE, 0x28, 0xF3,
    0xF3, 0x82, 0xC5, 0xD5, 0x09, 0xAE, 0x8D, 0x42, 0x1F, 0x07, 0xBF, 0xC8, 0x67, 0x0E, 0xAF, 0x3A,
    0xE8, 0xCE, 0xA9, 0xEC, 0x47, 0x32, 0x3C, 0x12, 0x3A, 0x12, 0x71, 0xF5, 0x22, 0xC4, 0x32, 0x97,
    0x89, 0xA9, 0xFA, 0x0E, 0x94, 0xE3, 0xBD, 0xCD, 0xAD, 0xEA, 0xD7, 0x6D, 0x14, 0x59, 0x7A, 0x99,
    0xB4, 0x2B, 0xAC, 0xD2, 0xE6, 0x06, 0x56, 0x62, 0xE9, 0xB5, 0xE8, 0xB2, 0x10, 0x5C, 0x02, 0x97,
    0xF8, 0x3D, 0x98, 0xBD, 0xDB, 0xA9, 0xA5, 0xD4, 0x8A, 0xF2, 0xE9, 0xC3, 0xAF, 0x97, 0xA8, 0xCA,
    0x74, 0x72, 0x74, 0xBC, 0x92, 0x2A, 0xB7, 0x8A, 0x8C, 0xF9, 0xC5, 0x02, 0x5B, 0xDB, 0xF3, 0xED,
    0xE8, 0x2E, 0x34, 0xDE, 0x5D, 0x38, 0x1C, 0xEC, 0xF1, 0x71, 0x67, 0x08, 0x49, 0x44, 0xC3, 0x67,
    0xFF, 0x4F, 0xCE, 0xCE, 0xDC, 0xEE, 0x8B, 0x19, 0xB3, 0xB8, 0xD6, 0xC7, 0xA1, 0xF9, 0x00, 0xFE,
    0xFC, 0x95, 0xB6, 0x08, 0x62, 0x8E, 0xD0, 0xAC, 0x7E, 0xC5, 0x17, 0x33, 0x14, 0xBA, 0x4D, 0xA6,
    0xF3, 0x6D, 0xD2, 0x3E, 0xAF, 0x2F, 0x51, 0xFA, 0x2D, 0xBC, 0x8B, 0xB9, 0x6C, 0xB7, 0xB9, 0x71,
    0xEA, 0x6A, 0xEB, 0x60, 0x29, 0xEE, 0x05, 0xA7, 0x7E, 0x03, 0x0F, 0x1B, 0xF5, 0xB0, 0x4F, 0x31,
    0xBA, 0x17, 0x1A, 0x64, 0x17, 0x09, 0xF5, 0x7E, 0x0E, 0x53, 0x00, 0x66, 0xA4, 0x78, 0x4A, 0x4F,
    0xE9, 0x00, 0x0F, 0xEF, 0x63, 0x7F, 0x23, 0x1D, 0x88, 0xD4, 0x81, 0x2D, 0x0F, 0x1C, 0xF6, 0x96,
    0xD8, 0xF3, 0x70, 0xBA, 0xED, 0xC1, 0xB6, 0xB0, 0x35, 0x58, 0x85, 0x64, 0x2F, 0x32, 0xC0, 0x7B,
    0x2D, 0xB6, 0xCF, 0x57, 0x5A, 0x73, 0x75, 0x03, 0x8F, 0xED, 0xC1, 0x18, 0xE0, 0x8B, 0xAD, 0x2F,
    0xFC, 0x00, 0x41, 0x48, 0x8D, 0x64, 0xAA, 0x6A, 0x00, 0xA6, 0xE5, 0xB1, 0x4B, 0xDF, 0xAA, 0xF8,
    0x8F, 0xF9, 0x03, 0xE4, 0x7B, 0xEC, 0x47, 0x85, 0xFE, 0xE1, 0x72, 0x7D, 0x86, 0x1C, 0x0A, 0x08,
    0x57, 0xBF, 0x82, 0xA0, 0xF5, 0x1E, 0x42, 0x77, 0xDD, 0x43, 0x00, 0x57, 0xED, 0x8C, 0x71, 0x51,
    0x0B, 0x66, 0xE5, 0xAE, 0x90, 0x76, 0xC0, 0x2E, 0x1B, 0xB6, 0xD1, 0x57, 0xCF, 0x92, 0x86, 0x6B,
    0xA5, 0xE1, 0x72, 0xAA, 0x82, 0xE1, 0x2B, 0xC0, 0x98, 0xD8, 0x7C, 0x84, 0xE2, 0xF2, 0x84, 0x97,
    0x7D, 0x7D, 0xAC, 0xB0, 0xE5, 0x68, 0x9E, 0xED, 0x38, 0xCC, 0x9B, 0x5B, 0x0D, 0x1C, 0xBC, 0x80,
    0x63, 0xAC, 0xD2, 0x63, 0x80, 0xF1, 0x4A, 0x27, 0x80, 0x31, 0x4B, 0x84, 0x44, 0xA8, 0x93, 0x01,
    0x88, 0x54, 0xDE, 0xDB, 0xC6, 0x2E, 0x4D, 0x7F, 0xA5, 0xA3, 0xAA, 0xDC, 0x6C, 0x54, 0x1A, 0x71,
    0x2F, 0x1D, 0x35, 0x40, 0x36, 0x6C, 0x3E, 0x62, 0x8A, 0x01, 0xEF, 0x1F, 0xE9, 0x16, 0x3F, 0x7F,
    0x61, 0x2C, 0x68, 0x64, 0x4D, 0x59, 0x21, 0xA1, 0xA4, 0x9D, 0x76, 0x5F, 0x10, 0x37, 0xF7, 0x5F,
    0x3A, 0x33, 0x07, 0xA4, 0x81, 0xF3, 0x64, 0xF2, 0x1C, 0x80, 0x34, 0x57, 0x95, 0xD2, 0xFF, 0x11,
    0xE6, 0xB8, 0xA2, 0xE7, 0x0E, 0x3A, 0x61, 0x7D, 0xFA, 0x6F, 0x0D, 0x3B, 0x79, 0x3A, 0xD9, 0x11,
    0x98, 0xED, 0x3C, 0x64, 0x2D, 0xD5, 0x5F, 0x16, 0xD8, 0x9E, 0x25, 0x22, 0xA9, 0x85, 0xD4, 0x23,
    0xD8, 0x3E, 0x45, 0xA3, 0x5C, 0xED, 0xF4, 0xED, 0xA3, 0xF9, 0x1E, 0xF3, 0x15, 0x18, 0x5D, 0x2E,
    0xA5, 0x82, 0xD2, 0xC4, 0x71, 0x8D, 0xEF, 0x4A, 0x79, 0x78, 0xAA, 0xC8, 0xAF, 0x17, 0x43, 0xDC,
    0x17, 0x4F, 0x0E, 0x59, 0xE7, 0xC4, 0xEA, 0x59, 0x60, 0x51, 0x47, 0x63, 0x2A, 0xCC, 0xAB, 0x9C,
    0xD6, 0xDF, 0xF6, 0x20, 0xF5, 0x50, 0x90, 0x4A, 0x7D, 0x53, 0xEA, 0x77, 0xB0, 0x7D, 0xAA, 0x1F,
    0x8C, 0xDC, 0xC5, 0x61, 0xC8, 0xCD, 0xC9, 0x93, 0x55, 0x3D, 0x7F, 0x77, 0xB0, 0x39, 0x95, 0xC3,
    0xD3, 0xBB, 0x6B, 0x8E, 0x2E, 0x9B, 0x54, 0x2E, 0xE7, 0xBD, 0x2B, 0x80, 0xE6, 0x3D, 0x92, 0x41,
    0xFB, 0x88, 0xB8, 0xFB, 0xCD, 0x0D, 0x25, 0xFA, 0x97, 0x3F, 0xC5, 0xEE, 0xF9, 0x5A, 0x8F, 0x15,
    0x20, 0x59, 0x6D, 0xD5, 0x5F, 0x1C, 0x62, 0x7E, 0xBE, 0xD2, 0x51, 0xE3, 0x33, 0x5F, 0xB0, 0xEB,
    0x4F, 0x7F, 0xC1, 0x5E, 0x7D, 0xE6, 0x0B, 0x76, 0x29, 0x7A, 0x25, 0xFB, 0xCA, 0x97, 0x7C, 0x3B,
    0xF8, 0x0C, 0xBD, 0x15, 0x2D, 0x63, 0x95, 0x9E, 0xBC, 0x60, 0xEA, 0x4F, 0xFD, 0x8F, 0x5B, 0xF7,
    0x7D, 0x38, 0x62, 0x35, 0xA9, 0x6D, 0x9F, 0xFD, 0xE0, 0x1D, 0xF5, 0x00, 0x72, 0x2C, 0x9A, 0xE8,
    0xA9, 0x3A, 0x3A, 0xCD, 0x65, 0xCA, 0x36, 0xF8, 0xAB, 0x57, 0x5E, 0xF8, 0xC9, 0x6F, 0x2F, 0x75,
    0xBD, 0x20, 0xB2, 0x30, 0x8F, 0xE1, 0x8F, 0x80, 0xDF, 0xC7, 0xFC, 0x44, 0xA5, 0x2E, 0x56, 0xA1,
    0x3C, 0x37, 0x07, 0xED, 0xD1, 0x90, 0xF3, 0xDF, 0xF7, 0xCE, 0x97, 0x8F, 0x2D, 0xFF, 0xE9, 0xCF,
    0xF1, 0xB8, 0xFB, 0xD6, 0x4F, 0xF1, 0x0D, 0x2E, 0x39, 0xE5, 0x45, 0xC8, 0x5F, 0xD9, 0xC7, 0xFF,
    0x02, 0xBD, 0x99, 0x01, 0xC4, 0x26, 0x49, 0x7A, 0xC7, 0x7F, 0xDD, 0x75, 0x3B, 0xCD, 0x34, 0x57,
    0x83, 0xDD, 0xBB, 0xC8, 0xDE, 0x6D, 0x03, 0xC4, 0xE5, 0xEE, 0x2A, 0x40, 0x82, 0xBD, 0xAF, 0x7A,
    0x6F, 0x11, 0x72, 0x62, 0x06, 0xB3, 0x09, 0x09, 0x36, 0x21, 0x10, 0x87, 0x39, 0x84, 0x3B, 0xEC,
    0x7C, 0xDD, 0xC9, 0xE1, 0x70, 0xD8, 0x09, 0x39, 0xC1, 0x21, 0x8B, 0x0B, 0xC9, 0x2D, 0xF9, 0x12,
    0x82, 0x15, 0xF3, 0xBE, 0x5D, 0xB7, 0x83, 0xC1, 0x60, 0xDA, 0xAD, 0x73, 0x58, 0x4C, 0x67, 0xF7,
    0x36, 0xC7, 0x2E, 0xBE, 0xDA, 0xB9, 0x9E, 0xDB, 0xFE, 0xE6, 0xAB, 0xEE, 0x27, 0xD5, 0xFD, 0xBE,
    0xDF, 0xBC, 0xF3, 0xEE, 0xEE, 0xAE, 0xC9, 0xED, 0x4A, 0x75, 0xFD, 0x1F, 0xC3, 0x7C, 0x5D, 0xCF,
    0xBF, 0xEA, 0xAD, 0xE7, 0x79, 0xFE, 0x55, 0x0D, 0x79, 0x0B, 0xF0, 0x5B, 0xDF, 0x02, 0xB8, 0x70,
    0x81, 0x6D, 0x4B, 0x7B, 0x30, 0xF5, 0xF9, 0x2F, 0xC2, 0x5F, 0xB4, 0x7C, 0x44, 0xB3, 0x25, 0x24,
    0xC3, 0xDF, 0x3B, 0x50, 0x7F, 0xC4, 0x47, 0xB4, 0x65, 0x9C, 0xF2, 0xDC, 0x17, 0xE0, 0x2F, 0xDD,
    0x67, 0x1E, 0x83, 0xF2, 0x12, 0xDB, 0x96, 0x77, 0x00, 0xBF, 0xF3, 0x37, 0xEC, 0x9A, 0x03, 0x48,
    0x16, 0xAB, 0x66, 0xDB, 0xAA, 0x1A, 0xF8, 0x77, 0x28, 0x6A, 0xFE, 0x00, 0x56, 0xF0, 0x65, 0xF8,
    0x3D, 0x3E, 0xD8, 0x66, 0xDA, 0x09, 0x55, 0x0D, 0xEA, 0x17, 0x4F, 0x3A, 0x48, 0x47, 0x4A, 0xE0,
    0x33, 0x7C, 0x68, 0x7B, 0x1C, 0xBE, 0x02, 0x4F, 0xC3, 0x08, 0x5F, 0x24, 0xBD, 0x96, 0xBA, 0xCF,
    0x2E, 0x1E, 0xD3, 0xD9, 0xD6, 0xCC, 0x16, 0xE0, 0x3C, 0x7F, 0x05, 0x45, 0x39, 0x80, 0x16, 0x0F,
    0xA9, 0xD4, 0xEC, 0x5A, 0xD2, 0x27, 0x13, 0xA9, 0x57, 0x13, 0xCA, 0xE7, 0x63, 0x34, 0x45, 0x20,
    0xEB, 0x6C, 0x34, 0xED, 0x38, 0x90, 0xBF, 0x7A, 0xAF, 0x47, 0xDF, 0x7C, 0x23, 0x9A, 0x17, 0x6F,
    0x78, 0x8A, 0xE6, 0x59, 0x8F, 0x99, 0x54, 0x87, 0x09, 0x59, 0x8B, 0xF5, 0xF9, 0x7D, 0x6C, 0xAB,
    0x85, 0xAA, 0xD6, 0x23, 0x40, 0xD8, 0xAE, 0x14, 0xCA, 0x9F, 0xAD, 0xCC, 0xF9, 0x9A, 0xDC, 0x1D,
    0xE4, 0xED, 0x4A, 0xC9, 0xC0, 0xD1, 0x35, 0xA0, 0xA8, 0x83, 0x29, 0x83, 0x4D, 0x06, 0x9B, 0xC6,
    0xDE, 0x1F, 0x2A, 0xBF, 0x52, 0x7E, 0xCC, 0xBB, 0xA0, 0xBB, 0xA9, 0x7A, 0xAB, 0x39, 0x1D, 0xCD,
    0xF7, 0x03, 0x0C, 0xA4, 0x1E, 0xD5, 0x91, 0xB7, 0xC9, 0x80, 0x16, 0x57, 0x88, 0x7B, 0xF2, 0x5E,
    0x99, 0x79, 0xF2, 0x7B, 0x68, 0xE9, 0xB4, 0x0C, 0xFA, 0xD5, 0x50, 0xB8, 0x60, 0xEA, 0x60, 0xBF,
    0x1E, 0xEC, 0x51, 0x6F, 0xA5, 0xAB, 0xA6, 0x32, 0xBD, 0x46, 0x36, 0xBF, 0x44, 0x25, 0x65, 0x23,
    0x14, 0x8E, 0xA2, 0xC6, 0x94, 0x58, 0xB0, 0xCF, 0x51, 0x49, 0xDD, 0x48, 0xBB, 0xCA, 0xBB, 0xE8,
    0xAE, 0x39, 0x72, 0x95, 0xD4, 0xC5, 0x09, 0x89, 0x0C, 0xA4, 0x22, 0xA8, 0x93, 0xA6, 0x56, 0xBE,
    0xA8, 0x33, 0x5F, 0xB8, 0xEC, 0x8D, 0xA3, 0x3A, 0x7F, 0x4D, 0x4A, 0x2D, 0x13, 0xD1, 0x15, 0xC5,
    0xCF, 0x5E, 0xC1, 0xD4, 0x17, 0x30, 0x25, 0x58, 0x36, 0x38, 0x04, 0x92, 0x77, 0x07, 0xD2, 0x53,
    0x21, 0x9D, 0x9A, 0x52, 0xF5, 0xA6, 0x54, 0xDE, 0x94, 0x59, 0x67, 0xCA, 0xBC, 0xB5, 0xE4, 0x3F,
    0xAF, 0xD0, 0xAF, 0x4F, 0xE8, 0xD3, 0x40, 0x21, 0x3D, 0xE6, 0xF9, 0x1E, 0x5B, 0x7E, 0x67, 0xEF,
    0xFD, 0x15, 0x00, 0xE7, 0x4B, 0x28, 0x22, 0x0C, 0x60, 0x49, 0x44, 0x48, 0x65, 0x8A, 0x7C, 0x2E,
    0xA3, 0x3C, 0x64, 0x33, 0xBA, 0xCD, 0x06, 0xD7, 0x6E, 0x83, 0x22, 0xC2, 0xD4, 0xEC, 0xF1, 0xA9,
    0x00, 0x08, 0x24, 0x03, 0x69, 0x9F, 0x89, 0xCF, 0x63, 0x7F, 0xEB, 0x92, 0x76, 0xC4, 0x5E, 0x38,
    0xCC, 0x83, 0x75, 0x80, 0x0A, 0xD6, 0xCC, 0x8E, 0xA2, 0x9F, 0xE8, 0x46, 0x79, 0xE6, 0x85, 0xED,
    0xB0, 0x52, 0x56, 0x52, 0x5E, 0xF9, 0xD9, 0xF6, 0xEF, 0xED, 0xEE, 0xEF, 0x49, 0x24, 0xA4, 0xB1,
    0x2F, 0x7F, 0x1C, 0xBB, 0x91, 0xD2, 0x0A, 0xC5, 0x5B, 0x6C, 0xC7, 0xAF, 0x31, 0xF5, 0x07, 0x99,
    0x77, 0x11, 0x2D, 0xE4, 0xD2, 0x2E, 0xAB, 0xA8, 0xDF, 0x19, 0x29, 0x6A, 0xC1, 0x94, 0x55, 0x84,
    0xE5, 0xEC, 0x39, 0xA4, 0x02, 0x46, 0x48, 0x02, 0xE7, 0x8E, 0x7A, 0x72, 0xE9, 0xC8, 0xA6, 0x92,
    0xF7, 0x4F, 0x42, 0x30, 0xE2, 0xCC, 0x51, 0x67, 0x33, 0x6F, 0x95, 0x8F, 0x1B, 0x67, 0xBD, 0xA1,
    0xAD, 0xDB, 0xDF, 0x6E, 0x5C, 0x21, 0x14, 0x03, 0xAC, 0xD2, 0x5E, 0xB7, 0x58, 0xE5, 0x6D, 0x8D,
    0x7D, 0xD6, 0xAF, 0xA1, 0xF8, 0xDE, 0x7F, 0x07, 0xD0, 0xB7, 0x5E, 0xF3, 0x90, 0xBF, 0x7E, 0xC7,
    0x81, 0x12, 0x29, 0x21, 0x17, 0x01, 0x8A, 0x3B, 0x47, 0x25, 0xD8, 0x2B, 0xCF, 0x3B, 0x98, 0xAC,
    0x76, 0xA4, 0xC1, 0xE6, 0x1D, 0xD1, 0x43, 0x26, 0xE8, 0xF6, 0x50, 0x4D, 0xD8, 0x7A, 0x95, 0x8E,
    0x00, 0x84, 0xF7, 0xDB, 0x64, 0x20, 0xEF, 0xB3, 0xAE, 0x70, 0x79, 0xC8, 0x5B, 0x71, 0xE7, 0x26,
    0xFD, 0xEA, 0x54, 0x62, 0xF5, 0x0D, 0x4F, 0xB4, 0xDF, 0xEF, 0xC0, 0x8A, 0xB8, 0x33, 0xBB, 0xB6,
    0xB3, 0x97, 0x30, 0x7B, 0x79, 0x72, 0x38, 0xD0, 0xF7, 0xB1, 0xFE, 0x30, 0x13, 0x6C, 0xB9, 0x4A,
    0x27, 0x00, 0xAE, 0xEE, 0x2C, 0xD7, 0x77, 0x5E, 0xF8, 0x11, 0x89, 0x74, 0xB9, 0x84, 0xEC, 0xED,
    0x09, 0xD6, 0xB1, 0x27, 0xDF, 0x0C, 0xA9, 0x5C, 0x53, 0xF3, 0x3A, 0xF5, 0xA4, 0xC3, 0xDC, 0x55,
    0xBF, 0x6E, 0x7C, 0x23, 0xAD, 0x99, 0x96, 0x54, 0xF3, 0x1D, 0xCE, 0x05, 0xF4, 0x40, 0xDE, 0x91,
    0x4F, 0xA5, 0x96, 0xF6, 0xB3, 0x47, 0x9E, 0xCC, 0x27, 0x57, 0xDA, 0x6C, 0x22, 0x93, 0x92, 0xC2,
    0xA1, 0xDD, 0x3F, 0x37, 0xAE, 0x91, 0xB2, 0x1A, 0xA0, 0x03, 0xCF, 0xF9, 0x9E, 0xC2, 0xA3, 0x5B,
    0x92, 0x21, 0xF7, 0x69, 0x5F, 0x38, 0xD5, 0xDB, 0x52, 0xF9, 0x91, 0xEC, 0x57, 0x03, 0xD9, 0x3B,
    0x1D, 0xB9, 0x38, 0xB4, 0xD4, 0xE8, 0x3B, 0x8E, 0xE2, 0x76, 0x8B, 0xF9, 0xBE, 0xC7, 0xFC, 0xA1,
    0xC7, 0x2A, 0x69, 0x6D, 0x2A, 0xEE, 0x10, 0x71, 0x50, 0xEC, 0xED, 0xCC, 0xCC, 0xDB, 0x32, 0xEB,
    0x46, 0xF2, 0xD7, 0x06, 0xF4, 0x2D, 0x8F, 0x3E, 0x5E, 0x7E, 0x4A, 0x4C, 0x13, 0x71, 0xA5, 0xC6,
    0x16, 0x0E, 0xAB, 0x85, 0xC3, 0x6C, 0x62, 0xAD, 0x46, 0xE0, 0x85, 0xED, 0xF4, 0x03, 0x30, 0x90,
    0x0C, 0xAA, 0x4F, 0x4F, 0x6E, 0xB7, 0xEA, 0xDE, 0x71, 0xAD, 0xEE, 0x4A, 0xE4, 0x12, 0xC8, 0x7E,
    0xE9, 0xC9, 0x8F, 0x5B, 0xB4, 0x94, 0xE8, 0xE3, 0x3A, 0x72, 0x71, 0x98, 0x17, 0x3B, 0xCC, 0x45,
    0x8F, 0x7D, 0x6A, 0xC0, 0x7E, 0x39, 0x50, 0xB1, 0x26, 0xED, 0x8D, 0x53, 0xEF, 0x55, 0xA8, 0xF7,
    0x42, 0xE4, 0xDF, 0xC7, 0x77, 0xBA, 0x0D, 0xFF, 0xE3, 0xED, 0x1C, 0x8E, 0x3A, 0x4C, 0xE5, 0xB1,
    0xDF, 0x1E, 0xB0, 0xC9, 0x1C, 0x3B, 0x99, 0xD7, 0x52, 0xB4, 0xC5, 0x64, 0xCB, 0xE2, 0x64, 0x22,
    0xBB, 0x3B, 0x90, 0xBF, 0xE3, 0x3F, 0x64, 0xDE, 0x1D, 0xE6, 0xD9, 0x79, 0xDE, 0x9B, 0xF7, 0x2A,
    0x46, 0xF8, 0xD1, 0xB2, 0x1F, 0x28, 0xA4, 0xC5, 0x88, 0xDB, 0xC6, 0xAE, 0x2D, 0xF3, 0x6E, 0xDA,
    0xCD, 0x7D, 0x7E, 0x5F, 0x4A, 0x8C, 0x80, 0xA9, 0xCE, 0xE6, 0xDE, 0x72, 0x98, 0x79, 0xD6, 0xAA,
    0xC7, 0x4E, 0x69, 0xB0, 0x63, 0xE6, 0x3F, 0x17, 0x8A, 0x36, 0x09, 0xB6, 0x4C, 0x86, 0x89, 0xF4,
    0xD7, 0x01, 0x75, 0xEA, 0x51, 0xD2, 0x92, 0x9D, 0x76, 0x64, 0x6F, 0xFA, 0xCD, 0x78, 0x3F, 0x09,
    0x68, 0x37, 0x52, 0xB8, 0x06, 0x53, 0x57, 0xD8, 0x29, 0x7A, 0x1B, 0x75, 0xFB, 0x44, 0x7C, 0x8F,
    0x30, 0x91, 0x4C, 0x81, 0x54, 0xFC, 0x02, 0xF5, 0xAB, 0x1E, 0x75, 0x37, 0xB0, 0xFC, 0x0E, 0xDD,
    0x9A, 0xBC, 0xB5, 0x24, 0x43, 0x3A, 0xA4, 0xBD, 0xEA, 0x95, 0xDF, 0x3C, 0x59, 0x17, 0x9F, 0xFB,
    0x47, 0x6D, 0x2E, 0xD2, 0x6A, 0x11, 0xA7, 0x5D, 0xE1, 0x8A, 0xBA, 0xA8, 0x4D, 0x6D, 0xCA, 0x6D,
    0xB4, 0x06, 0x4B, 0x35, 0x1C, 0x52, 0xF5, 0xA0, 0xFC, 0x0E, 0xF1, 0x3D, 0x6F, 0xE2, 0x3C, 0xED,
    0x32, 0xAE, 0x76, 0x87, 0xE8, 0x9F, 0xAD, 0x29, 0x64, 0xC4, 0x48, 0xC0, 0x94, 0x01, 0x9B, 0x0C,
    0xCC, 0xFB, 0xA3, 0x52, 0x52, 0xAF, 0x95, 0x9C, 0xE5, 0xBA, 0x2D, 0x0E, 0x67, 0x2E, 0xD2, 0x45,
    0x32, 0xD2, 0x45, 0x26, 0x27, 0xE5, 0x4C, 0x87, 0x99, 0x0F, 0x91, 0x50, 0xC7, 0xCC, 0x88, 0x99,
    0x12, 0x33, 0x27, 0x66, 0x52, 0xCC, 0xAC, 0x88, 0xB4, 0x4A, 0x2C, 0x16, 0x2C, 0x15, 0x1C, 0xC6,
    0x87, 0x48, 0x45, 0xB2, 0xCE, 0x4E, 0x91, 0xCA, 0x65, 0xED, 0xAA, 0x0F, 0xA1, 0x12, 0x91, 0x0E,
    0x54, 0x69, 0xCF, 0x5A, 0x79, 0x12, 0x91, 0x9E, 0x54, 0xC4, 0xA3, 0x4E, 0xFE, 0x3C, 0x1A, 0x3F,
    0x7B, 0xF5, 0x79, 0x4B, 0xD6, 0x69, 0x47, 0xDE, 0x6A, 0xA9, 0xA3, 0x57, 0xE9, 0xB5, 0x33, 0x2F,
    0x87, 0xC2, 0x19, 0x46, 0x53, 0x5B, 0xD6, 0xD1, 0x35, 0x87, 0xB1, 0xCF, 0x66, 0xC5, 0xFA, 0x90,
    0x91, 0x07, 0x25, 0x50, 0x0D, 0x70, 0xFE, 0xC8, 0x83, 0x16, 0x07, 0xF9, 0x1C, 0x6F, 0xC2, 0xC6,
    0xE4, 0x6F, 0xAD, 0x41, 0xBB, 0xC5, 0xAC, 0xA0, 0x70, 0xD2, 0x63, 0xEA, 0x99, 0xDE, 0x33, 0x93,
    0xCC, 0xBC, 0x6C, 0x69, 0xD3, 0xDE, 0x96, 0xD5, 0x5C, 0x49, 0x22, 0x3D, 0x0B, 0xB0, 0x98, 0x35,
    0xF0, 0x4E, 0x00, 0xA4, 0x07, 0x9A, 0x1A, 0x4C, 0x4F, 0x22, 0x9E, 0x6C, 0x7A, 0x09, 0xDD, 0xAD,
    0x31, 0xDF, 0x15, 0x67, 0x63, 0x50, 0x54, 0xFA, 0x66, 0xBB, 0x2E, 0xBE, 0xD1, 0xAE, 0xCC, 0x37,
    0xDC, 0xCA, 0x5C, 0x74, 0xEB, 0xE2, 0x4A, 0x59, 0xE9, 0x09, 0x7B, 0x1C, 0x28, 0x44, 0xEA, 0x34,
    0x02, 0x9E, 0x80, 0xCA, 0x29, 0x71, 0xFA, 0xFE, 0xB5, 0xE2, 0x66, 0x30, 0x2F, 0x4E, 0xD6, 0x98,
    0xA5, 0x7F, 0xCD, 0x9A, 0xEB, 0xE6, 0xB8, 0xD7, 0x32, 0xA6, 0xD3, 0x08, 0x8F, 0x63, 0xE6, 0x12,
    0x29, 0x65, 0x36, 0x1D, 0xA1, 0x3B, 0x30, 0xF5, 0xAE, 0xDC, 0xAC, 0xB7, 0x25, 0x6C, 0xDC, 0xFE,
    0xBB, 0x02, 0xEC, 0x3B, 0x9E, 0x62, 0xD9, 0x76, 0xD7, 0x16, 0x7D, 0xC2, 0x53, 0x90, 0x34, 0x90,
    0x4E, 0x11, 0x03, 0x50, 0x75, 0x4A, 0xA2, 0x72, 0xE8, 0xF6, 0x6B, 0x0C, 0xB6, 0xC4, 0xBC, 0x53,
    0xEB, 0xC8, 0x6F, 0x82, 0xFF, 0xDC, 0x4B, 0x60, 0x56, 0x46, 0x2B, 0xE1, 0x89, 0xE9, 0x32, 0xE1,
    0xAC, 0xC0, 0xC5, 0xDE, 0xB3, 0x94, 0xA2, 0x6D, 0xBD, 0xD7, 0xB2, 0xF4, 0x09, 0x0E, 0x17, 0x4E,
    0x61, 0xEE, 0xD9, 0xCD, 0xDE, 0xD4, 0xF9, 0x9D, 0x20, 0x6D, 0x7E, 0x22, 0x77, 0x3A, 0xDD, 0x35,
    0x99, 0xD7, 0x6E, 0x9A, 0x13, 0x76, 0xC8, 0x3B, 0x53, 0x07, 0xDD, 0x9A, 0x67, 0x06, 0xED, 0x6C,
    0xBA, 0x98, 0x5E, 0x77, 0xB1, 0xA8, 0x68, 0x1F, 0xD7, 0x3D, 0xF3, 0x80, 0x5A, 0x4C, 0xC7, 0xA6,
    0x8A, 0x91, 0x3B, 0x8B, 0x2D, 0x4D, 0xB9, 0xA6, 0xF8, 0xDB, 0x80, 0xBE, 0xD1, 0xA3, 0x6F, 0x75,
    0xE4, 0xC7, 0x6E, 0xC9, 0xA7, 0x6A, 0x02, 0x15, 0x22, 0x76, 0xC1, 0xB1, 0x2B, 0xDB, 0x11, 0x21,
    0x1D, 0x82, 0xF2, 0xD7, 0xF3, 0x6E, 0xA5, 0xDD, 0x55, 0x53, 0x5F, 0xB5, 0x1C, 0xAC, 0x38, 0x08,
    0xD8, 0x1E, 0xEB, 0x31, 0x2D, 0x66, 0xB7, 0x1E, 0x9B, 0xCD, 0x8C, 0x76, 0xBA, 0xCD, 0x5B, 0x5B,
    0x67, 0x5D, 0x85, 0xF2, 0x01, 0x75, 0x77, 0x56, 0x1B, 0x9E, 0x44, 0x1C, 0x48, 0x09, 0x13, 0x7C,
    0x49, 0x5E, 0xC2, 0x8A, 0x5F, 0x90, 0x0C, 0x90, 0xF6, 0x1B, 0x0A, 0xDA, 0x99, 0x5A, 0x3B, 0x4B,
    0xEE, 0xE6, 0x68, 0x0F, 0x64, 0x3F, 0x1D, 0xC8, 0x5E, 0xF3, 0xA8, 0x5F, 0x76, 0xA8, 0x48, 0x59,
    0x49, 0x19, 0x01, 0xE9, 0x18, 0x11, 0xC0, 0x4A, 0x4B, 0x25, 0x8E, 0xCF, 0xDF, 0x2B, 0x1F, 0x50,
    0x67, 0x4D, 0xC3, 0x12, 0x30, 0xD8, 0x67, 0x7B, 0x96, 0x0C, 0xBB, 0xA4, 0x6F, 0xB4, 0x00, 0x59,
    0x00, 0xF4, 0x6C, 0x8A, 0xD9, 0xD8, 0x35, 0x30, 0x56, 0x30, 0x6F, 0xE2, 0x39, 0x0C, 0x03, 0xBA,
    0x2D, 0x02, 0xB6, 0xD6, 0x03, 0x0B, 0xB1, 0x9D, 0x38, 0x5C, 0x8C, 0xEA, 0x8D, 0x4B, 0x87, 0x8A,
    0x24, 0x8C, 0x20, 0x03, 0x54, 0x1D, 0x58, 0x07, 0x8D, 0x23, 0x91, 0x16, 0xF5, 0x9E, 0x47, 0x47,
    0x11, 0x16, 0x37, 0x76, 0x59, 0x25, 0x02, 0x58, 0xE0, 0x60, 0x5B, 0x21, 0x57, 0x58, 0x09, 0x87,
    0x11, 0xAB, 0xB8, 0x31, 0x02, 0xCB, 0x93, 0xC4, 0x27, 0x5D, 0xD2, 0x5A, 0xBA, 0x97, 0xD6, 0xF2,
    0xF8, 0xE8, 0x56, 0xDF, 0x3F, 0x1A, 0xB4, 0x48, 0x98, 0xC1, 0x6E, 0xB1, 0xFC, 0x06, 0x49, 0x69,
    0xE4, 0xF5, 0xD6, 0xCA, 0x6D, 0xF7, 0xF9, 0x93, 0x8B, 0x6E, 0x29, 0x7E, 0xBE, 0xA8, 0x37, 0x82,
    0xCE, 0x92, 0x77, 0x15, 0x79, 0x2B, 0xE4, 0xA7, 0x52, 0x67, 0x52, 0xB9, 0x64, 0x2C, 0x1C, 0xE8,
    0x7A, 0x2B, 0xDC, 0x22, 0x2C, 0xDA, 0xE9, 0x6D, 0xD2, 0x34, 0xF3, 0x53, 0xDA, 0x07, 0x12, 0x67,
    0x8D, 0x3D, 0x1E, 0x31, 0x32, 0x92, 0x9F, 0x04, 0xE0, 0xCC, 0xFD, 0x3C, 0x49, 0x71, 0xA8, 0xBD,
    0xA2, 0x39, 0x83, 0x59, 0x21, 0x3F, 0xB3, 0x28, 0x64, 0xD5, 0x57, 0xCA, 0x57, 0xDA, 0x5B, 0xE9,
    0xCC, 0x69, 0x7B, 0xEE, 0x1B, 0x2D, 0x7A, 0x44, 0x07, 0x8A, 0x00, 0x61, 0xA9, 0x8F, 0x3D, 0xA9,
    0x7F, 0xE0, 0xDB, 0x6D, 0x7D, 0xFF, 0xB1, 0xC5, 0x7E, 0x21, 0xE2, 0xCB, 0x15, 0x56, 0xA6, 0x8D,
    0xEF, 0x31, 0xC0, 0xB7, 0x22, 0xFE, 0x23, 0xE2, 0x8D, 0xE1, 0x6C, 0xAB, 0x2E, 0xBE, 0x58, 0x04,
    0xF9, 0xEF, 0x0F, 0xD5, 0xB7, 0x7B, 0x2B, 0x3E, 0xF6, 0x3C, 0xEE, 0x93, 0x5B, 0x5D, 0x72, 0xBB,
    0xE5, 0xA2, 0x43, 0xBB, 0x85, 0xEE, 0xEE, 0x15, 0xB2, 0x77, 0x2F, 0x2F, 0x09, 0x2D, 0x17, 0xA9,
    0xF5, 0x2F, 0xCC, 0x9E, 0xEF, 0xDD, 0xCC, 0x2B, 0xAA, 0x25, 0xB9, 0x2F, 0xC1, 0x1A, 0xFB, 0x52,
    0x88, 0xB2, 0xE3, 0x90, 0xCB, 0xA8, 0xFB, 0x49, 0xB7, 0xAB, 0xC2, 0x85, 0x87, 0x8E, 0x03, 0xF3,
    0x4C, 0xE7, 0x94, 0xCC, 0x95, 0x9E, 0x45, 0x48, 0xA2, 0xEF, 0x37, 0x1C, 0x18, 0x67, 0xB9, 0xBA,
    0x0C, 0xD6, 0x7C, 0x73, 0xC2, 0x8A, 0x0C, 0x68, 0x99, 0x6A, 0x08, 0x00, 0xE3, 0x03, 0xD3, 0x00,
    0xD8, 0xB7, 0x3D, 0x4B, 0xFE, 0xE1, 0x9C, 0x5C, 0x8B, 0x66, 0x02, 0x23, 0x35, 0xD5, 0x91, 0xFB,
    0xCE, 0x98, 0xBB, 0x93, 0xC1, 0xB8, 0x46, 0xA4, 0xB6, 0x32, 0x12, 0xEB, 0x0C, 0x6A, 0x76, 0x34,
    0xFD, 0x1B, 0xCC, 0xCE, 0xCC, 0xC0, 0x6F, 0xE0, 0x7A, 0xDA, 0xB8, 0xBE, 0x00, 0x56, 0xCE, 0x5C,
    0x67, 0x52, 0xEF, 0xEF, 0xF5, 0x33, 0x93, 0x5E, 0xE3, 0xD1, 0x38, 0x8D, 0x7F, 0xB6, 0xE3, 0x54,
    0xEC, 0x97, 0xCB, 0x54, 0x7C, 0xEC, 0x34, 0xE5, 0xC3, 0x99, 0x2E, 0x09, 0x7B, 0x39, 0x31, 0xEF,
    0xA9, 0x46, 0x9A, 0x00, 0xE4, 0x3F, 0xF1, 0x40, 0x26, 0x1D, 0x90, 0x48, 0xC9, 0x5E, 0x3B, 0x24,
    0x64, 0x7E, 0xAE, 0xCE, 0x85, 0x8B, 0x49, 0x6D, 0x8E, 0x5B, 0xFD, 0x6A, 0x3F, 0x41, 0xF6, 0xE6,
    0xDD, 0x01, 0xD4, 0xA9, 0x78, 0x50, 0xB2, 0x54, 0xB1, 0xC5, 0x16, 0xAF, 0xDF, 0x69, 0xC1, 0xBE,
    0x78, 0xCB, 0x83, 0xCC, 0x2A, 0x37, 0x0D, 0xC5, 0x77, 0x7B, 0xB2, 0xC1, 0x7C, 0x3D, 0xA0, 0xFD,
    0x52, 0x5B, 0x9D, 0x65, 0x04, 0x0E, 0xF2, 0x7A, 0xB6, 0x33, 0x79, 0x8A, 0x09, 0xE0, 0xDC, 0x8F,
    0xD8, 0xB6, 0xAC, 0xCF, 0x3A, 0xE3, 0xB2, 0x71, 0xD6, 0xCC, 0x69, 0x1C, 0x67, 0xD1, 0xCC, 0x37,
    0x3D, 0xD8, 0xE7, 0xEF, 0xB4, 0xFB, 0x9A, 0xF9, 0xD0, 0xEA, 0x87, 0x35, 0xF3, 0x80, 0xF5, 0x57,
    0xB3, 0x71, 0xD6, 0xCC, 0x49, 0x60, 0x5F, 0xA6, 0xCE, 0x72, 0xED, 0x61, 0x69, 0x38, 0x63, 0x29,
    0x79, 0x98, 0xBA, 0x99, 0x77, 0x65, 0x6D, 0x31, 0x0B, 0xAA, 0x07, 0xF2, 0x74, 0x8D, 0xFA, 0x61,
    0x40, 0x2D, 0x12, 0xA0, 0xDE, 0xC9, 0xB5, 0x9F, 0xBE, 0x5F, 0xAE, 0xB5, 0x11, 0x3D, 0xF6, 0xD9,
    0xB0, 0x95, 0x7B, 0x81, 0x75, 0x04, 0xC9, 0x26, 0xE1, 0x9F, 0x9B, 0xB5, 0xB5, 0x38, 0xD4, 0x04,
    0x64, 0x32, 0x42, 0x3E, 0x1B, 0xFD, 0x3F, 0x81, 0x45, 0xA6, 0xCD, 0x6B, 0x0B, 0xE6, 0xEB, 0x3D,
    0x58, 0xE5, 0xA1, 0x9A, 0xCD, 0x2A, 0xF3, 0x10, 0xF2, 0x8E, 0x24, 0xE4, 0x2D, 0xAA, 0xD7, 0x8E,
    0x2B, 0x5E, 0x4F, 0x34, 0xAE, 0x98, 0x58, 0x63, 0x02, 0xC0, 0x70, 0xB6, 0x73, 0xB2, 0xD9, 0xE8,
    0x76, 0x7B, 0x5A, 0x3C, 0x27, 0x35, 0x85, 0x38, 0xEC, 0x91, 0x63, 0x5D, 0xD4, 0x04, 0x53, 0x27,
    0x83, 0x29, 0x55, 0x6F, 0x51, 0xDE, 0x92, 0x77, 0x87, 0x5C, 0x71, 0xCD, 0xA5, 0xA6, 0x6E, 0xBA,
    0x35, 0x72, 0x76, 0x68, 0xDC, 0xCE, 0xF9, 0x70, 0x27, 0xFD, 0xFA, 0x25, 0x43, 0xC6, 0x27, 0xEF,
    0x32, 0x91, 0x6E, 0x4F, 0xFA, 0x2D, 0xD1, 0x6C, 0x17, 0xE9, 0xB7, 0x8B, 0xE6, 0xF5, 0x83, 0x83,
    0x5A, 0xFA, 0x72, 0xBF, 0xEC, 0x2A, 0x35, 0x95, 0x3C, 0x9A, 0xFC, 0x1B, 0xA8, 0xD4, 0x46, 0x73,
    0x31, 0x23, 0xEF, 0xE2, 0xBA, 0x39, 0x72, 0x29, 0xC9, 0x46, 0x3E, 0x4A, 0x8E, 0x76, 0x8F, 0x20,
    0x47, 0x3D, 0xA8, 0x6D, 0xA5, 0x2D, 0x1C, 0xD8, 0x12, 0xBE, 0xF4, 0x88, 0x9C, 0xA6, 0x7A, 0x27,
    0x49, 0xED, 0xB6, 0xB2, 0x04, 0x48, 0x87, 0x8F, 0xC9, 0xE6, 0x0D, 0xF6, 0x78, 0xFA, 0x60, 0x36,
    0xFF, 0x7C, 0x0F, 0x4D, 0x84, 0x78, 0xCE, 0xB6, 0x46, 0xBA, 0xAD, 0x31, 0xC9, 0x4B, 0x7C, 0x54,
    0x46, 0xEF, 0xE6, 0x8C, 0xFE, 0xBC, 0x4B, 0xC5, 0x45, 0x1E, 0xAA, 0x23, 0x6B, 0xC9, 0x1D, 0xDA,
    0x91, 0x08, 0xBA, 0x4F, 0x05, 0xE3, 0x95, 0x60, 0x67, 0xD3, 0x74, 0xD9, 0x31, 0xA7, 0x6D, 0x76,
    0x27, 0x3D, 0x6D, 0xF3, 0xDB, 0xEA, 0x8E, 0xD3, 0xB7, 0xF3, 0xDB, 0x4E, 0xBF, 0x78, 0xF1, 0x62,
    0x5D, 0x5C, 0xBC, 0x52, 0x94, 0xE6, 0xE2, 0xCA, 0x60, 0x74, 0xB0, 0x58, 0xDD, 0xDB, 0x7F, 0x39,
    0xD0, 0xBE, 0xEA, 0xAF, 0xE6, 0x6D, 0xE5, 0xD9, 0x96, 0x73, 0xED, 0x00, 0x53, 0x03, 0x16, 0xE0,
    0xAF, 0x51, 0x21, 0x15, 0xB2, 0xA0, 0x26, 0xF2, 0x90, 0x4F, 0xE8, 0x71, 0x2E, 0x2D, 0x2B, 0x73,
    0x3D, 0x9A, 0xAF, 0x05, 0x8A, 0xAB, 0xD7, 0x07, 0xCC, 0xC1, 0x49, 0x8F, 0xB5, 0x77, 0x7B, 0x0E,
    0xEC, 0x1B, 0xF7, 0xCA, 0x03, 0x73, 0x43, 0xCA, 0xAB, 0xB1, 0x22, 0xB3, 0x2D, 0xC5, 0x5C, 0xDF,
    0x6D, 0xD3, 0xFF, 0x63, 0x6A, 0x4A, 0xFD, 0x75, 0x92, 0xA5, 0xEE, 0xB7, 0x9C, 0xB5, 0xF9, 0x5D,
    0x16, 0x69, 0x52, 0x93, 0xDD, 0xA9, 0xD1, 0xB7, 0x1D, 0xC5, 0x45, 0x87, 0xCD, 0x1D, 0x57, 0x23,
    0xE4, 0xC8, 0x25, 0x22, 0xAD, 0x8A, 0xC8, 0xBA, 0xAC, 0xD5, 0x2E, 0xEB, 0x8A, 0x7A, 0x2E, 0xD0,
    0xCA, 0xF3, 0x8A, 0x81, 0xEB, 0x07, 0x60, 0x03, 0x9C, 0xBF, 0xC6, 0xD2, 0xD6, 0x06, 0x25, 0x13,
    0xF9, 0xE9, 0x84, 0x6E, 0x47, 0x4C, 0x1D, 0xB0, 0x65, 0x04, 0x9B, 0x0D, 0x69, 0x55, 0x8F, 0x3D,
    0xF6, 0x18, 0xF1, 0xE4, 0x6F, 0x76, 0xC0, 0xA5, 0x4B, 0x24, 0xF7, 0x7A, 0x78, 0xD7, 0x7F, 0x2A,
    0x9C, 0x1E, 0x7F, 0x1C, 0x5E, 0xB8, 0x1E, 0xF1, 0x02, 0xC0, 0x6F, 0xC8, 0x49, 0xEF, 0xF2, 0x21,
    0x95, 0x3C, 0x57, 0x42, 0x58, 0x01, 0x69, 0x1F, 0x80, 0xCC, 0x8F, 0xCF, 0xCD, 0x59, 0x66, 0xA9,
    0x16, 0x7F, 0x27, 0x23, 0xD8, 0x7F, 0xEC, 0x01, 0x11, 0x0F, 0xC9, 0x62, 0x95, 0xDF, 0x08, 0xD1,
    0xFC, 0xDE, 0x65, 0x0A, 0xA7, 0x65, 0xC0, 0x96, 0x5A, 0x7A, 0x58, 0x7F, 0xA5, 0x29, 0x95, 0x34,
    0xE2, 0xF2, 0x53, 0x39, 0xEE, 0x16, 0x65, 0x1C, 0xD9, 0x14, 0xAD, 0x2D, 0xE7, 0x7A, 0x94, 0xC8,
    0xC9, 0x42, 0x08, 0xAB, 0x02, 0x91, 0x92, 0x1C, 0x51, 0x88, 0x48, 0x24, 0xF5, 0xFA, 0x09, 0xBC,
    0xA0, 0x6B, 0x6C, 0x03, 0xF9, 0xC0, 0xB6, 0x7D, 0xF8, 0xCD, 0xD5, 0xBD, 0x4B, 0xE4, 0xE2, 0xD1,
    0x11, 0x1F, 0xB8, 0xB9, 0xFA, 0x41, 0x89, 0x15, 0x47, 0x15, 0xC1, 0xF5, 0x02, 0x5E, 0xB0, 0xDB,
    0x5F, 0xEF, 0x25, 0x96, 0x56, 0xB5, 0xA4, 0x32, 0x90, 0xDF, 0x0F, 0x68, 0x17, 0xE2, 0xF4, 0x02,
    0x56, 0xFA, 0x88, 0x16, 0x7B, 0x19, 0x2C, 0x60, 0xDE, 0xDE, 0xA4, 0xFA, 0x54, 0x4A, 0x92, 0xE6,
    0x17, 0x8B, 0xFF, 0xF4, 0x6D, 0x29, 0xC1, 0x38, 0xD0, 0x1B, 0x5C, 0x11, 0x37, 0xD7, 0x2F, 0x73,
    0x52, 0x39, 0x5B, 0xDB, 0xB2, 0xA2, 0xA1, 0x4A, 0x46, 0xEC, 0xCB, 0x03, 0x66, 0x7B, 0xD7, 0x94,
    0x4A, 0x1D, 0x29, 0xEA, 0x1F, 0x2E, 0xD7, 0x29, 0x9F, 0x1B, 0x72, 0x19, 0x8C, 0xF4, 0xD5, 0xB3,
    0xFE, 0x30, 0xF7, 0x55, 0xE3, 0xAC, 0x94, 0xF9, 0x00, 0x5A, 0x43, 0x71, 0x05, 0x1E, 0x7B, 0x8C,
    0x6D, 0xFB, 0x44, 0x3E, 0xB9, 0x70, 0x89, 0x61, 0xA0, 0xEF, 0x01, 0x78, 0x34, 0x0A, 0x24, 0xCF,
    0x94, 0x80, 0xFA, 0x79, 0x3B, 0xDB, 0x9B, 0xEE, 0xFF, 0xAB, 0x9E, 0x6F, 0xE7, 0x6C, 0x0C, 0x40,
    0xF1, 0x55, 0x96, 0xF6, 0x69, 0xD7, 0x73, 0xBE, 0xF6, 0x34, 0x57, 0xAF, 0x2E, 0x41, 0x03, 0x3C,
    0xD2, 0xA5, 0xD7, 0x7F, 0x1D, 0x6D, 0x2F, 0xBD, 0x62, 0xE4, 0x26, 0xBF, 0xF6, 0xC9, 0x36, 0x6E,
    0x3F, 0xEE, 0xD2, 0xEB, 0x5F, 0x1F, 0x5C, 0x7A, 0x89, 0xD4, 0x89, 0x48, 0xC9, 0x9F, 0x4C, 0xA0,
    0x06, 0xD0, 0x1D, 0xD8, 0x12, 0x9A, 0x1A, 0xA4, 0x87, 0x34, 0x00, 0x5B, 0x24, 0x81, 0x83, 0xA3,
    0x01, 0x2B, 0x1D, 0x4F, 0x4E, 0x25, 0x4A, 0x44, 0xC9, 0x94, 0xFC, 0x69, 0x20, 0xF3, 0x14, 0x8E,
    0x6A, 0xC9, 0x73, 0x52, 0xA7, 0xD2, 0x91, 0x7B, 0xD4, 0x99, 0xE0, 0xCD, 0xFD, 0xFD, 0xC6, 0x45,
    0x1F, 0x57, 0x06, 0x16, 0x89, 0x90, 0x47, 0x3C, 0x36, 0x87, 0x30, 0xA4, 0x7D, 0x16, 0x52, 0xAF,
    0x07, 0xE5, 0x4D, 0xAF, 0x3A, 0xEB, 0xB3, 0x4E, 0x7C, 0xFE, 0xD3, 0xF7, 0x3A, 0x7D, 0xE3, 0x97,
    0x9D, 0xBE, 0x7D, 0xAB, 0xD5, 0xFF, 0x74, 0xD1, 0x15, 0x6B, 0xED, 0x4C, 0xD0, 0xB5, 0xED, 0x8B,
    0xD2, 0x7A, 0x53, 0x56, 0xCE, 0x52, 0xD5, 0x16, 0xC4, 0x27, 0xB1, 0x3F, 0x77, 0x69, 0xEF, 0x36,
    0x5D, 0x2D, 0xB7, 0xE9, 0x99, 0x0F, 0x79, 0x17, 0x8A, 0x4E, 0x9A, 0xB6, 0x7A, 0xCF, 0x99, 0xEF,
    0xB9, 0x65, 0xCF, 0xE4, 0xB7, 0x1C, 0xD9, 0xAD, 0x1A, 0xE0, 0x13, 0x3B, 0x8F, 0x4B, 0x7D, 0x6F,
    0xB7, 0xD4, 0x8F, 0x42, 0xE1, 0xC3, 0x42, 0x07, 0x33, 0x2C, 0x29, 0x23, 0x9B, 0x1A, 0xA7, 0x3B,
    0xDD, 0x9A, 0x5A, 0xB7, 0xDB, 0x93, 0x56, 0xB7, 0x46, 0xB7, 0xAB, 0xED, 0xF5, 0xD6, 0x1A, 0x5B,
    0x57, 0x34, 0xD8, 0xF9, 0xFA, 0x78, 0xAB, 0xD4, 0xE6, 0x3D, 0x72, 0x3D, 0xF0, 0xCA, 0x2B, 0x9C,
    0x65, 0x0A, 0x25, 0x7D, 0x7E, 0x7F, 0xF3, 0x45, 0x60, 0xB4, 0xDB, 0x13, 0x4D, 0xB0, 0x6A, 0x30,
    0xC7, 0x5E, 0x8B, 0x4B, 0xA7, 0x9D, 0xBB, 0xFB, 0xD1, 0x5D, 0xAB, 0xDB, 0xE5, 0x96, 0xFE, 0x07,
    0xCF, 0x77, 0x95, 0x48, 0xD7, 0x88, 0x7C, 0x9C, 0xBB, 0xFD, 0xF1, 0x7F, 0x30, 0x5A, 0x09, 0x56,
    0x3E, 0x30, 0xFE, 0x53, 0x5F, 0x05, 0x6B, 0xE1, 0x33, 0x8F, 0xB3, 0x6D, 0x9F, 0xCC, 0xE7, 0x85,
    0x0B, 0x84, 0x5D, 0x76, 0x78, 0x24, 0x0A, 0x2F, 0xBC, 0x02, 0xD7, 0xC3, 0xF2, 0xEA, 0x59, 0x4B,
    0xA5, 0x25, 0x93, 0x01, 0xF5, 0xE3, 0xE9, 0xEC, 0x86, 0x86, 0xDD, 0x67, 0x06, 0x21, 0x79, 0xAE,
    0x81, 0x33, 0x5D, 0xA7, 0x02, 0x31, 0xA0, 0x68, 0xC4, 0x61, 0xC6, 0x25, 0xD7, 0xA8, 0x37, 0x3B,
    0xF5, 0x9A, 0x63, 0x69, 0xF9, 0x40, 0x21, 0x9C, 0x6F, 0x96, 0x03, 0xE1, 0xF3, 0x2E, 0x17, 0x17,
    0xDD, 0x52, 0x38, 0x6C, 0xF9, 0x63, 0xA1, 0x09, 0x54, 0x1D, 0x98, 0x09, 0xEC, 0x08, 0x4F, 0x5C,
    0x06, 0x40, 0xBB, 0xCC, 0xCF, 0x33, 0x9F, 0xEF, 0x5C, 0x94, 0x9F, 0x65, 0xFA, 0x7A, 0x29, 0x5C,
    0xC9, 0xFD, 0x01, 0xC4, 0x83, 0xB4, 0xD0, 0xB8, 0x0D, 0xB3, 0x09, 0x9A, 0x10, 0xE1, 0x23, 0x6A,
    0xA0, 0x90, 0xCD, 0x78, 0x4F, 0x3C, 0x87, 0xF2, 0x79, 0x37, 0x1F, 0x73, 0xD3, 0xDE, 0xD4, 0x49,
    0x6F, 0x49, 0x86, 0x35, 0x0C, 0x01, 0x4E, 0x06, 0x38, 0xF5, 0x20, 0xDD, 0x76, 0x9C, 0x3A, 0x02,
    0x58, 0x41, 0x12, 0xE0, 0x9B, 0x3D, 0x0B, 0xAD, 0xAA, 0x04, 0xBE, 0x3A, 0xFF, 0x42, 0x07, 0xBB,
    0x5F, 0xE8, 0x93, 0xF2, 0x9B, 0x37, 0xB3, 0x31, 0x7B, 0xF9, 0xF0, 0x53, 0xE1, 0x39, 0x5F, 0xD7,
    0xEA, 0x5B, 0x8E, 0xAF, 0x3C, 0xF5, 0xE9, 0xF0, 0x54, 0xBF, 0xEE, 0xC9, 0x6F, 0xB6, 0x3C, 0x55,
    0x7C, 0x7A, 0x1C, 0xE7, 0x24, 0x7D, 0x70, 0x15, 0x9E, 0x7E, 0x9A, 0xB3, 0xB6, 0x95, 0xCC, 0x75,
    0xE1, 0x4C, 0xF9, 0xE0, 0xE8, 0x50, 0x56, 0xD8, 0x7A, 0xBD, 0xC8, 0x65, 0x2D, 0x81, 0xE4, 0xC7,
    0xFB, 0xDA, 0x18, 0xE5, 0x17, 0x24, 0x6F, 0x74, 0xEA, 0x57, 0x9E, 0xA5, 0xB8, 0x3D, 0x9C, 0x4A,
    0xD6, 0x99, 0x6F, 0x74, 0x57, 0x49, 0x67, 0xA5, 0x3D, 0x77, 0xF1, 0xC1, 0xC7, 0xA6, 0x72, 0xFF,
    0xE3, 0xD5, 0xD9, 0x25, 0xE0, 0xEE, 0xFF, 0x31, 0x60, 0x03, 0x76, 0xA0, 0xEA, 0xF7, 0xEE, 0x0A,
    0xF7, 0x3F, 0x2A, 0x9D, 0xFD, 0x71, 0x89, 0x05, 0xEB, 0xA9, 0x3C, 0x8D, 0xE7, 0x61, 0x1D, 0x0E,
    0x8F, 0x5F, 0x60, 0x13, 0x55, 0xBB, 0x74, 0x03, 0x90, 0xCC, 0xE5, 0x67, 0x19, 0x79, 0x19, 0x7B,
    0xE1, 0x31, 0xD3, 0xE8, 0x72, 0xA9, 0x75, 0x9B, 0x4B, 0xAF, 0x9D, 0x3E, 0x0E, 0xD1, 0xFC, 0x64,
    0x9C, 0x4F, 0x11, 0xE3, 0x7C, 0x8C, 0x08, 0xB6, 0xB4, 0xCF, 0x04, 0x8B, 0x7D, 0xB9, 0xAF, 0xB0,
    0xD2, 0x1D, 0x52, 0x4D, 0xE5, 0x6A, 0x09, 0xB4, 0x6D, 0x4D, 0x57, 0x37, 0x1C, 0xBB, 0x96, 0x77,
    0xD8, 0x32, 0x6F, 0xB1, 0x68, 0xB7, 0x31, 0x87, 0x14, 0xB2, 0x2C, 0xA7, 0x1F, 0x67, 0xA1, 0x17,
    0xB0, 0xE9, 0x6C, 0xD4, 0xBB, 0x03, 0xF6, 0xF8, 0xEE, 0x1C, 0xA0, 0x37, 0x7A, 0xB2, 0x49, 0xF9,
    0x47, 0xF8, 0xBC, 0xF7, 0x0F, 0xD8, 0x30, 0xF7, 0x6A, 0x5B, 0x4B, 0xF9, 0x5D, 0x4F, 0xD5, 0x52,
    0x95, 0x1F, 0xFB, 0xB5, 0x4F, 0x28, 0x26, 0xCC, 0xB4, 0x15, 0xF8, 0x4F, 0x06, 0x4C, 0x4F, 0xD1,
    0xEE, 0x5D, 0x16, 0xAA, 0x9E, 0xE5, 0x13, 0xC9, 0x72, 0x80, 0x46, 0x0B, 0x90, 0x8F, 0xB3, 0xD9,
    0x5D, 0x16, 0x8E, 0xC0, 0x54, 0x41, 0x1A, 0x2C, 0xFB, 0x97, 0x85, 0x61, 0xB3, 0xB6, 0xCC, 0x84,
    0x98, 0x29, 0x41, 0xD5, 0xCD, 0xA6, 0xE6, 0x7F, 0x01, 0x2D, 0x8E, 0x01, 0xC6, 0xC4, 0x30, 0x14,
    0x06, 0x27, 0x0D, 0x7E, 0xFC, 0xC8, 0x11, 0x7A, 0x84, 0x1C, 0xE1, 0x95, 0xBD, 0xD7, 0xB6, 0x00,
    0xEC, 0x9D, 0x92, 0x77, 0x84, 0xDC, 0x60, 0x73, 0x84, 0xA2, 0x25, 0x48, 0xBD, 0x8D, 0xEE, 0x62,
    0x86, 0x0F, 0x1F, 0x43, 0x0F, 0x95, 0x2B, 0x2A, 0xCF, 0x15, 0xE4, 0x82, 0xD8, 0x60, 0xAE, 0x10,
    0x07, 0xEB, 0x8E, 0xB3, 0x03, 0x7F, 0x5A, 0x09, 0xD5, 0x4A, 0xD4, 0xAC, 0x10, 0x06, 0xB3, 0x32,
    0xE5, 0x05, 0x6F, 0xE0, 0x1B, 0x24, 0x32, 0x88, 0xEB, 0x43, 0x8F, 0x03, 0xE2, 0xAB, 0x42, 0x78,
    0xEB, 0x90, 0x81, 0x33, 0xDB, 0x99, 0x7E, 0xAA, 0x20, 0x09, 0xB8, 0x56, 0x98, 0xBA, 0x2C, 0xFC,
    0xED, 0x71, 0x23, 0x94, 0x59, 0x91, 0x2D, 0x14, 0xDC, 0x9D, 0x33, 0x56, 0x92, 0x6F, 0x8E, 0x34,
    0xC6, 0x6D, 0xF1, 0x66, 0xB8, 0x7C, 0xC2, 0x9D, 0xD3, 0xF8, 0xAF, 0x9D, 0xA8, 0x89, 0x0F, 0xB5,
    0xD9, 0x01, 0x84, 0x26, 0xE7, 0x19, 0x07, 0xF0, 0xDF, 0xCC, 0xC8, 0x7D, 0x9A, 0x8F, 0x0E, 0xB4,
    0x24, 0x92, 0xDC, 0x07, 0x87, 0x6B, 0xB8, 0x0C, 0x40, 0x70, 0x77, 0x33, 0x05, 0x28, 0x34, 0x08,
    0x00, 0x3D, 0x04, 0x88, 0x12, 0x04, 0x41, 0x6E, 0xBF, 0x69, 0x83, 0xA2, 0xB4, 0x07, 0x00, 0x38,
    0x28, 0x6D, 0xA1, 0x0D, 0x2D, 0xA1, 0xB7, 0xBB, 0x43, 0x50, 0x84, 0x74, 0x92, 0x86, 0x00, 0x32,
    0xD5, 0x50, 0x52, 0xDC, 0x90, 0x49, 0x33, 0xC9, 0xCE, 0xEE, 0xF4, 0x7D, 0x7D, 0x9F, 0xB3, 0x91,
    0xD3, 0xEE, 0xED, 0x7E, 0x67, 0xF6, 0xC5, 0xBB, 0xEB, 0x7B, 0xDF, 0xDF, 0xFB, 0x5F, 0xCF, 0xF3,
    0xEE, 0x58, 0x0E, 0x2B, 0xE6, 0x4A, 0x36, 0xD7, 0x16, 0x9F, 0xD4, 0xF2, 0xBF, 0x35, 0x56, 0x3F,
    0x6E, 0x94, 0xCB, 0xC6, 0xED, 0x30, 0xE6, 0x3F, 0x34, 0xC9, 0x3C, 0xB7, 0x59, 0x18, 0x8B, 0x6E,
    0xD1, 0xE6, 0xCD, 0xA2, 0x5B, 0xD5, 0x8B, 0xAE, 0x94, 0xF5, 0xA0, 0x40, 0x59, 0xF1, 0x34, 0x0E,
    0x0A, 0xD9, 0x7C, 0x60, 0x79, 0x74, 0x22, 0x6F, 0x8F, 0x15, 0xF5, 0xA4, 0xAC, 0xC2, 0x30, 0x2A,
    0xD3, 0x30, 0xB2, 0x41, 0x79, 0xBF, 0x57, 0xCC, 0xBD, 0xE5, 0x3F, 0x3B, 0x90, 0xDC, 0x61, 0xD1,
    0x93, 0x75, 0x50, 0x54, 0x94, 0xED, 0x66, 0xB6, 0x68, 0x59, 0x55, 0x3C, 0x07, 0x2E, 0xE4, 0xCC,
    0x3B, 0xF2, 0x01, 0xC3, 0x66, 0xB3, 0x65, 0x8D, 0x73, 0x79, 0x23, 0xAC, 0x7C, 0x2F, 0x4A, 0xA2,
    0xB2, 0xED, 0x81, 0x53, 0xC2, 0x48, 0x8C, 0x46, 0x11, 0x29, 0x2A, 0x45, 0xA6, 0xE8, 0x14, 0xA1,
    0xA2, 0x54, 0xA4, 0x8A, 0x56, 0x11, 0x2B, 0x6A, 0x45, 0xAE, 0xE8, 0x85, 0x91, 0x24, 0xC0, 0x3F,
    0x6F, 0xDC, 0x1C, 0x18, 0xAE, 0x9F, 0x0F, 0x7C, 0x03, 0x79, 0xD9, 0x44, 0xEE, 0x56, 0x7B, 0xE1,
    0x30, 0x73, 0x64, 0xBF, 0xEE, 0x5D, 0xC8, 0xC5, 0x13, 0x90, 0xD7, 0xC8, 0x6A, 0xCA, 0xF7, 0x31,
    0x7F, 0xF4, 0x58, 0x23, 0xCD, 0x5A, 0xD2, 0x0E, 0x5D, 0x88, 0xB5, 0xBE, 0x18, 0xFF, 0xC6, 0x55,
    0xE6, 0x51, 0xF2, 0x6E, 0x47, 0x59, 0x73, 0xB4, 0xB3, 0x78, 0x15, 0x27, 0xAC, 0x47, 0x20, 0xEF,
    0xB9, 0x3D, 0x70, 0xF7, 0xEA, 0x39, 0x9D, 0x65, 0xCB, 0xDC, 0x07, 0xDB, 0x08, 0xB0, 0xD3, 0x7A,
    0x8F, 0xBE, 0xBD, 0x51, 0x32, 0xDC, 0xC0, 0x2E, 0xEA, 0x3F, 0x6B, 0xF9, 0xE5, 0xCB, 0x92, 0x8F,
    0x5E, 0x17, 0xDD, 0xD6, 0xF5, 0x6E, 0xDC, 0xB7, 0xD0, 0x93, 0x36, 0xFC, 0xF9, 0xDA, 0x26, 0xDF,
    0x67, 0xEE, 0x9C, 0xCD, 0xBC, 0xD8, 0x98, 0x57, 0x0F, 0xCC, 0xD7, 0xF0, 0xAB, 0xEF, 0x49, 0x3E,
    0xD8, 0xAD, 0xF1, 0x3B, 0x58, 0x22, 0xAB, 0x78, 0xFB, 0xA7, 0x17, 0x34, 0xE6, 0x15, 0x59, 0x2D,
    0x79, 0x7F, 0xB7, 0xC6, 0xAC, 0x21, 0x69, 0x37, 0xC6, 0x3F, 0x6E, 0x73, 0x5C, 0x9D, 0x3B, 0xC7,
    0x67, 0x99, 0x47, 0x3E, 0xEC, 0x24, 0xF5, 0x55, 0xC9, 0x3C, 0xB0, 0x6E, 0x77, 0xE2, 0xBC, 0xFC,
    0x23, 0xCA, 0x13, 0x5E, 0x7B, 0x07, 0x82, 0xF5, 0x32, 0xEB, 0x89, 0x67, 0xBA, 0x47, 0xB2, 0x16,
    0x5B, 0xAB, 0xB4, 0x7D, 0x23, 0xF8, 0x7A, 0x0E, 0xDB, 0xC7, 0x52, 0x47, 0x7F, 0x7A, 0x61, 0xE3,
    0x2B, 0x47, 0x2E, 0xD5, 0x17, 0xAE, 0xA3, 0xB0, 0xAF, 0x74, 0x3E, 0x91, 0x7D, 0xFD, 0x3B, 0x59,
    0xCF, 0x22, 0x8E, 0x8E, 0xE5, 0x3C, 0xC8, 0xE7, 0x5E, 0xFE, 0xD9, 0x5D, 0xAB, 0x86, 0xA2, 0xDE,
    0xDE, 0xB8, 0xBF, 0xAF, 0x95, 0x73, 0x63, 0x1D, 0x06, 0xA4, 0x3D, 0xD9, 0xB0, 0x59, 0xD3, 0xBA,
    0x4D, 0xE7, 0x71, 0xF9, 0xF5, 0x94, 0xB7, 0x53, 0xF1, 0xF3, 0xA9, 0x9C, 0x87, 0x72, 0x6E, 0xCB,
    0xDF, 0x28, 0x29, 0x3E, 0x6B, 0xF3, 0x39, 0xFC, 0xB4, 0xDA, 0x6C, 0x9F, 0xF5, 0xB2, 0x6E, 0xBB,
    0xD1, 0x88, 0x7B, 0x18, 0x37, 0xA0, 0xAC, 0xC6, 0x05, 0x5D, 0x79, 0x2B, 0xEF, 0xE9, 0xE3, 0x27,
    0xF2, 0xCA, 0x19, 0x65, 0xAB, 0xB7, 0xE2, 0x12, 0x95, 0xBF, 0xCC, 0xDC, 0xBA, 0x72, 0x71, 0xC5,
    0xCD, 0xDC, 0x7C, 0x92, 0x1C, 0x4D, 0x49, 0x7D, 0xF7, 0x8C, 0xC9, 0xDC, 0xB3, 0xFC, 0xA2, 0xB3,
    0xBA, 0xC7, 0x1B, 0xD7, 0xE0, 0xE2, 0x06, 0x06, 0xD2, 0xCE, 0xEA, 0x5F, 0xB5, 0xBD, 0x9E, 0xFE,
    0x0D, 0x10, 0x3C, 0x02, 0x48, 0x10, 0x09, 0x24, 0xC1, 0x24, 0xA0, 0x04, 0x95, 0xC0, 0x52, 0x12,
    0x61, 0x82, 0x4C, 0xA4, 0x2D, 0x6B, 0xD2, 0xF7, 0x06, 0x8A, 0xDD, 0xD9, 0x72, 0x16, 0x3F, 0xE9,
    0xA2, 0x2A, 0xA2, 0x9C, 0x2D, 0xA2, 0xE4, 0x25, 0xD2, 0x1E, 0xAF, 0x59, 0xFE, 0xA7, 0x8D, 0x1C,
    0xEF, 0xEC, 0x86, 0xC3, 0xA2, 0xE1, 0x52, 0x8B, 0xD6, 0xEA, 0xE3, 0x2A, 0xC2, 0x92, 0x73, 0xC6,
    0x65, 0xF9, 0x16, 0xC5, 0xCC, 0x8B, 0xFB, 0x2C, 0x7B, 0x8A, 0x71, 0x77, 0xCE, 0xE2, 0xD8, 0xE1,
    0x08, 0xAB, 0xD6, 0x7E, 0x9F, 0xDC, 0xB9, 0x72, 0xD6, 0xF0, 0x96, 0xA3, 0x18, 0x98, 0xB1, 0x00,
    0xEC, 0xB8, 0xFA, 0x57, 0xBD, 0xBD, 0x31, 0x1D, 0xDE, 0x74, 0x8E, 0x4E, 0xB0, 0xAA, 0x15, 0x9D,
    0x34, 0x4E, 0xE4, 0xB5, 0xEF, 0x22, 0xC0, 0xFA, 0xF0, 0xE5, 0xB0, 0xB2, 0xC7, 0x3E, 0x13, 0x93,
    0x64, 0x92, 0x8E, 0xD2, 0x41, 0xFC, 0x60, 0x6F, 0x39, 0x58, 0x87, 0x3C, 0xE2, 0x37, 0xB3, 0x13,
    0x37, 0x4C, 0x49, 0xC7, 0xA2, 0x5F, 0x76, 0xCB, 0x36, 0x6F, 0xF2, 0x66, 0xD5, 0x14, 0x75, 0x51,
    0x95, 0x4A, 0x6B, 0x07, 0x8F, 0xB6, 0x20, 0x11, 0x52, 0x34, 0x9E, 0xC4, 0x6D, 0x07, 0xAE, 0x90,
    0x4C, 0x69, 0x38, 0x60, 0xD6, 0x67, 0xFD, 0x37, 0xB7, 0xE0, 0xA6, 0xB5, 0xA7, 0x28, 0xC6, 0x18,
    0xA9, 0xC5, 0xC9, 0x61, 0x93, 0x77, 0xAB, 0xB6, 0x68, 0xF2, 0xB6, 0xB4, 0xEC, 0xD6, 0x61, 0x1C,
    0xC8, 0xDB, 0x7D, 0x79, 0x73, 0x6C, 0xD5, 0x1C, 0x28, 0xEB, 0xB5, 0x43, 0xE5, 0xBF, 0xC3, 0x6C,
    0x1E, 0x02, 0xAC, 0x06, 0x5E, 0x11, 0x3D, 0x92, 0x01, 0xEB, 0x36, 0x9B, 0x87, 0xE5, 0xD1, 0xB4,
    0x6A, 0xA6, 0xA2, 0x3E, 0x2E, 0xAB, 0xA9, 0x34, 0x95, 0xC9, 0x54, 0x66, 0x63, 0x71, 0xBF, 0xCF,
    0xE7, 0x26, 0x3D, 0xB1, 0x8D, 0x30, 0xDA, 0x49, 0x07, 0xB2, 0x63, 0xD1, 0xC2, 0x0D, 0x92, 0x91,
    0xA4, 0x85, 0x8B, 0xB9, 0x1E, 0xD6, 0x4C, 0xCF, 0x22, 0x7B, 0xDA, 0xC6, 0x91, 0x4D, 0x03, 0xF9,
    0x3E, 0x6E, 0xE4, 0x80, 0x07, 0xA8, 0xA8, 0x22, 0xB2, 0x44, 0x97, 0x08, 0x13, 0x65, 0x22, 0x4D,
    0xB4, 0x89, 0x38, 0x51, 0x27, 0xF2, 0x44, 0x5F, 0x04, 0x8A, 0x42, 0x91, 0xE8, 0x7F, 0xB6, 0xB9,
    0x40, 0x15, 0xAC, 0x02, 0x56, 0xD0, 0x0A, 0x5C, 0xC1, 0x2B, 0x80, 0x05, 0xB1, 0x40, 0x16, 0xCC,
    0x22, 0x3A, 0x6B, 0xF1, 0xF9, 0x14, 0xB9, 0x5B, 0xAD, 0x0B, 0xE7, 0x77, 0xBA, 0xCD, 0x9D, 0x3D,
    0xBC, 0x97, 0xF0, 0x0E, 0x5E, 0x94, 0x4D, 0x9D, 0xFC, 0xB8, 0xDA, 0x15, 0x67, 0xDB, 0xE6, 0x3A,
    0xB4, 0x21, 0xAE, 0x6D, 0x9B, 0x3B, 0x5F, 0x5C, 0x16, 0x1F, 0x36, 0xF2, 0xB9, 0xF2, 0xEC, 0x0B,
    0x64, 0xA3, 0xE0, 0xB4, 0x23, 0xE7, 0xE9, 0x36, 0xD7, 0x6D, 0xDB, 0xDC, 0x19, 0xC3, 0xCB, 0x26,
    0xF2, 0x43, 0x6E, 0xE7, 0x15, 0x60, 0xB7, 0x75, 0x19, 0xDB, 0xDC, 0x90, 0xF6, 0x6F, 0x3A, 0x47,
    0x8D, 0x7A, 0x1E, 0x0E, 0x90, 0x8C, 0xC8, 0x5A, 0x00, 0x41, 0x10, 0x94, 0xAB, 0x26, 0x30, 0xCB,
    0xE8, 0x3C, 0x96, 0x77, 0x79, 0x27, 0x48, 0xBB, 0x07, 0x05, 0xD1, 0x9E, 0x2A, 0x88, 0xFD, 0x6D,
    0x41, 0x54, 0x0F, 0x2F, 0x88, 0xA8, 0xCD, 0x7A, 0xF2, 0xFA, 0x65, 0x4C, 0xD6, 0x1F, 0x8E, 0xD9,
    0x7C, 0xD4, 0x2F, 0x8F, 0xE6, 0x7A, 0xD5, 0x1C, 0xFF, 0xFF, 0xDF, 0x6C, 0xDE, 0x60, 0xD1, 0x21,
    0xE9, 0x1F, 0x97, 0xB1, 0xC4, 0xAA, 0x62, 0xD1, 0x9C, 0xCF, 0x98, 0x0E, 0xC8, 0x8E, 0xE1, 0x26,
    0xDC, 0xD8, 0xC6, 0x2A, 0xE9, 0x76, 0xAF, 0x95, 0xB7, 0xE4, 0x3D, 0xB6, 0x57, 0x64, 0x5E, 0xFD,
    0xF6, 0xDB, 0xEA, 0x33, 0xD4, 0xCC, 0xA5, 0xA4, 0xA2, 0xF8, 0x7B, 0x4D, 0x39, 0x57, 0xBC, 0x3E,
    0xE3, 0xD6, 0x53, 0xBB, 0x07, 0xBB, 0x99, 0x33, 0x9F, 0x48, 0x8E, 0x26, 0x49, 0x7D, 0x37, 0x40,
    0x3F, 0x98, 0x02, 0x74, 0x08, 0xD0, 0x76, 0xD5, 0x9C, 0x04, 0xE8, 0xE4, 0xE1, 0xD0, 0x36, 0x42,
    0x77, 0xEF, 0x01, 0xAF, 0x20, 0x99, 0x90, 0x0C, 0xC0, 0xB4, 0x0D, 0x71, 0x08, 0xB6, 0x2E, 0xD8,
    0xAA, 0x87, 0x87, 0x38, 0x7C, 0x33, 0x44, 0xB8, 0x4B, 0x3A, 0x6E, 0x16, 0x8A, 0x77, 0x71, 0x1E,
    0x9F, 0x26, 0x3E, 0xAB, 0xCD, 0xB5, 0x5F, 0x97, 0x55, 0x78, 0xC4, 0x67, 0x6D, 0x6D, 0xCF, 0x81,
    0x03, 0xC7, 0x0E, 0xD3, 0xC9, 0x3A, 0xA8, 0x8A, 0xB9, 0xB3, 0x38, 0xA9, 0x6C, 0x0B, 0x54, 0xD6,
    0xDB, 0xFE, 0x25, 0x32, 0x15, 0xD5, 0x54, 0x26, 0x63, 0x99, 0x8E, 0x61, 0xDF, 0xBD, 0xAC, 0xDF,
    0x5F, 0xF4, 0xD3, 0xB2, 0x9B, 0x56, 0xDD, 0x7C, 0xD8, 0xAE, 0xBF, 0x6C, 0x8A, 0x5F, 0x34, 0xB8,
    0x54, 0x59, 0x35, 0xF2, 0x9A, 0xF4, 0x53, 0xB2, 0x09, 0xD7, 0x71, 0x8F, 0xB4, 0x27, 0x6D, 0x70,
    0x41, 0x57, 0x51, 0x2B, 0x3B, 0x59, 0x2B, 0x6F, 0x5C, 0xE6, 0xAC, 0xB2, 0x1F, 0xC0, 0xF1, 0x83,
    0xF2, 0x68, 0x01, 0xC8, 0xFA, 0xE0, 0xF9, 0xB8, 0x0F, 0xA4, 0x4F, 0xA2, 0x67, 0xAE, 0x02, 0x69,
    0xB4, 0xAA, 0x57, 0xB5, 0xC0, 0xAA, 0x44, 0x95, 0xC8, 0x12, 0x65, 0x22, 0x4C, 0x94, 0x59, 0x07,
    0x9A, 0x32, 0xD8, 0x02, 0xAE, 0x15, 0x74, 0x9B, 0xD5, 0x88, 0x34, 0x5E, 0xF0, 0x7D, 0x58, 0x47,
    0xE0, 0xB1, 0xA2, 0x9A, 0x47, 0x65, 0x32, 0xB7, 0xCA, 0xF4, 0x2B, 0x02, 0x94, 0x40, 0x25, 0x60,
    0x09, 0x5C, 0x02, 0x98, 0x40, 0xE6, 0xF0, 0xCB, 0x86, 0xC8, 0xB6, 0xED, 0x38, 0x2D, 0x92, 0xFE,
    0x71, 0x99, 0x8F, 0xA1, 0x84, 0xFC, 0xA1, 0xE6, 0xEE, 0x11, 0xCD, 0xE9, 0xA7, 0xC8, 0x26, 0xB8,
    0x0E, 0x6F, 0xDA, 0xC6, 0x9E, 0x36, 0x76, 0xAF, 0x2F, 0x6A, 0x94, 0x1D, 0xB2, 0xD6, 0x36, 0xB0,
    0xCB, 0x9E, 0x87, 0xBD, 0x78, 0x8E, 0x29, 0x9E, 0x63, 0xB0, 0xCD, 0x7E, 0x7C, 0x84, 0x73, 0x3C,
    0x91, 0x56, 0x94, 0x7F, 0xAD, 0x59, 0xCF, 0x78, 0xFB, 0x04, 0xB7, 0xAE, 0xD8, 0xFD, 0x11, 0xBE,
    0xBA, 0x4E, 0x36, 0x8F, 0x64, 0xF7, 0x7B, 0xD2, 0xA4, 0x2E, 0x23, 0xFC, 0x24, 0xC2, 0xA7, 0x08,
    0xEF, 0x03, 0xFC, 0xA4, 0xFA, 0x36, 0xBC, 0x7F, 0x28, 0x7C, 0xF7, 0x3E, 0x70, 0x07, 0x11, 0x20,
    0x02, 0x60, 0x0D, 0x07, 0xDF, 0x8C, 0xB8, 0x7E, 0xC4, 0x88, 0x21, 0xDD, 0xDE, 0x23, 0x2C, 0x1B,
    0x44, 0x8A, 0x02, 0xCB, 0x1A, 0x20, 0x4A, 0xAB, 0xA2, 0x3A, 0xB0, 0xFA, 0xD9, 0x24, 0x7F, 0x77,
    0x90, 0xBF, 0xD7, 0x59, 0xDE, 0x6F, 0x2C, 0xE6, 0x4A, 0x76, 0x42, 0x36, 0x45, 0x5B, 0xA4, 0xC5,
    0xB1, 0x7D, 0x59, 0x6B, 0xC9, 0xDB, 0xED, 0xD2, 0x59, 0x87, 0xFE, 0x41, 0x34, 0x69, 0x9F, 0x37,
    0xE9, 0x50, 0xD4, 0xC9, 0x50, 0x4A, 0xC6, 0x03, 0xC6, 0x89, 0xAF, 0x46, 0x8E, 0x7A, 0xE6, 0x8E,
    0xC3, 0x86, 0x75, 0xCD, 0x1A, 0xFB, 0x24, 0x13, 0xAF, 0x0E, 0xAC, 0x3B, 0xD6, 0xD5, 0x05, 0x3D,
    0x58, 0x6D, 0x1A, 0x99, 0x27, 0xB7, 0x9E, 0xEC, 0xB4, 0x67, 0xD8, 0xF3, 0xC0, 0xF3, 0xF5, 0x29,
    0xCF, 0xE1, 0x69, 0xCF, 0x2B, 0x5E, 0xFD, 0x62, 0xB2, 0xFE, 0xC7, 0x10, 0x3D, 0xA7, 0xFE, 0xEB,
    0xD3, 0xB2, 0x68, 0x36, 0xF3, 0xE7, 0x76, 0x90, 0x5D, 0x36, 0x92, 0x1D, 0x7B, 0xF0, 0xE6, 0x94,
    0xB6, 0x3B, 0xCB, 0xD0, 0xFE, 0x35, 0xC9, 0x3C, 0xC9, 0xEE, 0x0F, 0xD2, 0x1F, 0xDE, 0xB9, 0xB8,
    0x35, 0x7F, 0xAB, 0x51, 0xCE, 0xB5, 0xBD, 0x99, 0x5B, 0x57, 0x77, 0x62, 0xFC, 0x2F, 0xA5, 0x96,
    0x05, 0x90, 0xE5, 0x48, 0x19, 0xC7, 0x7F, 0x79, 0x99, 0xBD, 0x14, 0x17, 0xD8, 0xC6, 0x1D, 0x1A,
    0xE7, 0x74, 0x82, 0xEB, 0x7B, 0xE9, 0xE0, 0xAE, 0xE5, 0x86, 0x97, 0xE0, 0xEE, 0x79, 0x24, 0x57,
    0x5B, 0x8A, 0xCE, 0x95, 0x2B, 0xAE, 0xEB, 0xE5, 0x27, 0x99, 0x49, 0xE3, 0x0E, 0x59, 0xB6, 0x14,
    0x4D, 0x29, 0x0E, 0x7D, 0x43, 0xAA, 0xC8, 0x71, 0x79, 0x69, 0xBA, 0x2F, 0x93, 0x73, 0xBF, 0xCF,
    0xDA, 0xBE, 0xEF, 0xFF, 0x8F, 0xA7, 0x03, 0x16, 0x59, 0xA1, 0x5F, 0x9F, 0xBD, 0x8E, 0xD7, 0xDE,
    0xAA, 0x6E, 0xF1, 0x60, 0x54, 0xF3, 0xE0, 0xD7, 0x6E, 0xBD, 0x96, 0x5B, 0xD5, 0x0B, 0xBE, 0x5C,
    0x98, 0xDA, 0x4C, 0xF1, 0xA1, 0x47, 0xBF, 0xAD, 0xEC, 0xA0, 0x6C, 0x7F, 0xC1, 0xD1, 0x9D, 0xC2,
    0x36, 0x85, 0xD5, 0x17, 0x1C, 0x3D, 0x7A, 0xF4, 0x3B, 0x85, 0xB5, 0x76, 0xE3, 0xC3, 0x70, 0x93,
    0xE1, 0x32, 0x2E, 0xEF, 0x8E, 0x49, 0x6B, 0x00, 0x40, 0xD9, 0x06, 0x88, 0xB4, 0x28, 0x13, 0x14,
    0xBB, 0x08, 0x9D, 0x64, 0x8A, 0x35, 0x97, 0x11, 0x99, 0xB8, 0x11, 0x5A, 0x92, 0x52, 0x55, 0x79,
    0xBE, 0x8C, 0xBE, 0xDF, 0x88, 0x57, 0xE8, 0x44, 0x94, 0x69, 0x92, 0xED, 0x2A, 0xC4, 0xCF, 0x9B,
    0xE4, 0x35, 0x5A, 0xC9, 0x6C, 0xAD, 0xB8, 0x6C, 0x49, 0xB4, 0xDF, 0xC5, 0x67, 0x8D, 0xF8, 0x71,
    0x23, 0x5D, 0x82, 0x64, 0x58, 0x57, 0xAB, 0x3C, 0x5D, 0xA6, 0xCB, 0x6D, 0x52, 0x58, 0x43, 0x0E,
    0x1F, 0x23, 0xB1, 0xAD, 0xA3, 0x7B, 0xC0, 0x55, 0x59, 0xD0, 0xB2, 0x68, 0x09, 0x1B, 0x6F, 0x91,
    0x26, 0xD6, 0x08, 0x67, 0x25, 0xB2, 0x04, 0xDF, 0xCB, 0x10, 0x04, 0x6F, 0xBC, 0x7F, 0x6C, 0x7B,
    0x61, 0x3B, 0x96, 0x90, 0x43, 0x05, 0x97, 0xE1, 0xCA, 0x95, 0xD5, 0x13, 0x42, 0xE8, 0x0D, 0xA9,
    0x95, 0x29, 0x4C, 0xED, 0x5C, 0x19, 0xA9, 0xE1, 0x1E, 0x88, 0x4C, 0x34, 0xA2, 0x93, 0x43, 0xD2,
    0xA6, 0x3C, 0x8A, 0x6D, 0x0A, 0x6A, 0x56, 0xAC, 0xC2, 0xA6, 0x8E, 0xCD, 0x28, 0xDA, 0x3C, 0xD2,
    0xAB, 0x48, 0x57, 0xB5, 0x38, 0x33, 0x8C, 0xCE, 0xF3, 0xB8, 0xEC, 0x12, 0x0A, 0xA7, 0x29, 0x45,
    0xF3, 0x5A, 0x6E, 0x4B, 0x8B, 0x86, 0xDB, 0x4C, 0x28, 0x9A, 0x59, 0x0F, 0x71, 0x6B, 0x3A, 0x73,
    0xDC, 0x56, 0xCE, 0xCC, 0x73, 0x5B, 0x39, 0x51, 0x47, 0x07, 0xC9, 0xB0, 0x68, 0x41, 0xED, 0x46,
    0x1A, 0xF2, 0x95, 0xC8, 0xA0, 0xCA, 0x53, 0xA0, 0xAF, 0x2A, 0x60, 0xBC, 0xFA, 0xBF, 0x43, 0xD4,
    0x17, 0xFF, 0xF9, 0x93, 0x95, 0x9B, 0xE4, 0x0B, 0x5F, 0x7A, 0xAF, 0x4A, 0x49, 0x94, 0x5C, 0xA7,
    0xE4, 0x69, 0x92, 0xAF, 0xE8, 0x56, 0x69, 0x95, 0x87, 0xAD, 0xDA, 0xEC, 0x0D, 0xB1, 0x56, 0x7D,
    0xD1, 0x49, 0x44, 0x2B, 0x9B, 0x09, 0x79, 0xC6, 0x9E, 0xD1, 0x67, 0xFC, 0x99, 0x61, 0xE6, 0x98,
    0x59, 0x44, 0x37, 0xF1, 0xA8, 0x61, 0x62, 0x5A, 0xE7, 0x13, 0x57, 0x95, 0x4F, 0x6C, 0x7D, 0x35,
    0xF1, 0x75, 0xC3, 0xC4, 0x68, 0xBB, 0x89, 0xB3, 0x36, 0x13, 0x6B, 0x52, 0x86, 0x66, 0x7A, 0x0A,
    0x97, 0xBC, 0x8D, 0xD0, 0xF4, 0xF1, 0xF7, 0x8C, 0x78, 0x89, 0x4E, 0x45, 0x96, 0x6F, 0xFB, 0xE1,
    0xDA, 0x8D, 0x7B, 0xF1, 0x92, 0xEF, 0x99, 0x54, 0xBC, 0x40, 0xE7, 0xDB, 0x22, 0x4B, 0x49, 0x10,
    0x59, 0xAC, 0x43, 0x1D, 0x94, 0xA9, 0xCC, 0x92, 0x58, 0x8B, 0x23, 0x4D, 0xF4, 0xBD, 0x76, 0xD1,
    0x98, 0x54, 0xBA, 0x07, 0x35, 0xFE, 0x7E, 0x2B, 0x8E, 0x9C, 0x31, 0x6E, 0xE6, 0x32, 0x37, 0xB5,
    0xE4, 0xCB, 0x18, 0xC7, 0xF0, 0xB4, 0xC3, 0xCF, 0xBA, 0xE8, 0xBC, 0x0F, 0x3D, 0x9C, 0x9D, 0xA0,
    0x0B, 0x8D, 0x68, 0x54, 0xA9, 0x48, 0x32, 0xA9, 0x85, 0x3E, 0x27, 0x83, 0x05, 0xB2, 0x14, 0x3A,
    0x6E, 0x22, 0x13, 0xB7, 0x52, 0x17, 0xEC, 0xF2, 0x38, 0x60, 0x2B, 0x30, 0x5B, 0xC8, 0x17, 0x74,
    0x09, 0x71, 0xB3, 0xB3, 0x4B, 0xD0, 0x87, 0x06, 0x3E, 0x25, 0x34, 0x0F, 0x16, 0xE3, 0x39, 0x14,
    0x61, 0x2F, 0x74, 0x1A, 0x0D, 0xA2, 0x44, 0xBE, 0x97, 0x69, 0x81, 0xDE, 0x3F, 0x9B, 0x86, 0x1E,
    0xA1, 0x77, 0x52, 0x64, 0xD8, 0x49, 0x0E, 0x79, 0x94, 0xB0, 0x2B, 0xDC, 0x7C, 0x41, 0x64, 0xF6,
    0x88, 0xDA, 0x8D, 0x03, 0x1C, 0x10, 0xDA, 0xF9, 0x77, 0x5D, 0xEA, 0x25, 0x1D, 0xF2, 0xF9, 0x86,
    0xC4, 0xC3, 0x03, 0xAB, 0xA8, 0xA1, 0x16, 0xAD, 0xF3, 0x86, 0x3C, 0xD6, 0x44, 0x23, 0xCA, 0x96,
    0xC9, 0xBF, 0x75, 0xF4, 0x3B, 0x1D, 0xFD, 0x5C, 0xC7, 0xFF, 0x2E, 0x85, 0x45, 0xF4, 0xB8, 0x65,
    0x51, 0x32, 0x49, 0x02, 0x45, 0x46, 0x0A, 0xEF, 0x38, 0xBA, 0x53, 0xDB, 0xC6, 0x5A, 0x0D, 0x3C,
    0x89, 0x7B, 0x9E, 0xC7, 0xB3, 0x0E, 0x3F, 0xBF, 0x5D, 0x8C, 0x19, 0x75, 0x19, 0x5D, 0x7A, 0xFA,
    0xE1, 0x3C, 0xDC, 0x4D, 0x02, 0x70, 0x1A, 0x5A, 0x16, 0x9A, 0x28, 0x43, 0xC0, 0x45, 0xF0, 0x2C,
    0x30, 0x04, 0x86, 0xD0, 0x10, 0x3F, 0x8D, 0xC3, 0xCF, 0x62, 0x79, 0x11, 0xEE, 0x7A, 0xCD, 0xC2,
    0x65, 0x73, 0x84, 0x37, 0x75, 0x00, 0xA3, 0x01, 0xA8, 0xAD, 0x01, 0x22, 0xDB, 0x02, 0xA2, 0x7B,
    0x2D, 0xA0, 0x72, 0x80, 0xD5, 0x0A, 0x90, 0x5B, 0xA9, 0x28, 0x49, 0x40, 0x64, 0x0F, 0xDE, 0xE6,
    0x5C, 0x81, 0xAA, 0x10, 0xFF, 0x26, 0xB1, 0x43, 0x6C, 0x47, 0xEC, 0x40, 0xB1, 0x09, 0xC7, 0xFB,
    0x07, 0xF6, 0x85, 0xE2, 0x4F, 0x44, 0x7F, 0x2F, 0xC5, 0x6B, 0xB2, 0xE8, 0xC7, 0x3A, 0x88, 0x4B,
    0x5E, 0xD0, 0x00, 0xC0, 0x05, 0x5F, 0xF6, 0x2F, 0x39, 0x2C, 0x5A, 0x88, 0x34, 0x08, 0x60, 0x05,
    0x5C, 0x06, 0x81, 0x81, 0xB0, 0x01, 0x51, 0x42, 0x02, 0xE4, 0x40, 0x07, 0x61, 0x0B, 0xB1, 0x06,
    0x79, 0x90, 0x49, 0xAD, 0xB1, 0x9A, 0xB1, 0xA4, 0x23, 0xE8, 0x58, 0xF8, 0x13, 0xF4, 0x49, 0xE1,
    0xD5, 0x44, 0x1B, 0xE2, 0xE1, 0xE0, 0x03, 0x24, 0x32, 0x24, 0x24, 0xA0, 0x9C, 0x19, 0x54, 0xCB,
    0x05, 0x3B, 0x73, 0xED, 0xA9, 0x9B, 0x66, 0x2C, 0xF6, 0x0E, 0x6A, 0xA9, 0xC0, 0xC5, 0xDE, 0x23,
    0x07, 0xC6, 0x83, 0xCF, 0xB5, 0x44, 0x63, 0x50, 0x97, 0xCA, 0x7E, 0xC1, 0x9A, 0xE4, 0xD4, 0xCF,
    0xFF, 0xDE, 0x6D, 0x89, 0xEF, 0x2E, 0x3A, 0x84, 0x0E, 0x3B, 0x54, 0x19, 0x9B, 0x60, 0x44, 0xE9,
    0xA8, 0x63, 0x44, 0x68, 0x3F, 0x5F, 0x86, 0x2D, 0x87, 0x08, 0xB2, 0xF9, 0x6E, 0xC6, 0x9A, 0x02,
    0xD1, 0x90, 0xBA, 0x25, 0x0F, 0x35, 0x28, 0x7B, 0xC9, 0x90, 0x9C, 0xFA, 0x5E, 0x8F, 0xF8, 0x7E,
    0xE7, 0xDC, 0xA0, 0x8E, 0x38, 0x90, 0xA8, 0x8D, 0xBA, 0xA8, 0x11, 0x3A, 0xD6, 0x22, 0x13, 0x1A,
    0xE6, 0x72, 0x99, 0x15, 0x8E, 0x26, 0x25, 0x21, 0xEC, 0x92, 0x9E, 0xD0, 0xD8, 0xD1, 0x3F, 0x7A,
    0x35, 0x51, 0x8B, 0x22, 0x6E, 0x50, 0x08, 0x8D, 0x27, 0x8F, 0x7A, 0x44, 0x29, 0x1B, 0x64, 0xA6,
    0x20, 0x61, 0xCD, 0x24, 0x2B, 0x2E, 0x83, 0x3A, 0x18, 0x0E, 0x42, 0x4E, 0x07, 0xB5, 0xED, 0x9C,
    0xBD, 0xE3, 0x98, 0x21, 0x6C, 0x7C, 0xB9, 0xCC, 0x50, 0xB0, 0x0B, 0x3D, 0x0B, 0xE3, 0x91, 0x85,
    0xC6, 0xDA, 0xD2, 0xDA, 0xF6, 0x1A, 0xDB, 0xED, 0xDB, 0x7E, 0xDF, 0x0E, 0xB3, 0xB9, 0xBE, 0x9B,
    0x31, 0xFB, 0x56, 0xEF, 0x6B, 0x6E, 0xD1, 0x2E, 0x2D, 0x89, 0xAD, 0x3B, 0xCB, 0xA1, 0x18, 0xAB,
    0x7A, 0xB3, 0xB4, 0x37, 0x30, 0x37, 0x74, 0xF3, 0x89, 0x1D, 0x82, 0xA3, 0x5F, 0x2F, 0x6C, 0x59,
    0x58, 0xF3, 0x09, 0xDB, 0xBF, 0xCF, 0x0E, 0xDE, 0xEC, 0xC6, 0xD9, 0xD4, 0x2F, 0x6C, 0xEF, 0x96,
    0xDE, 0x71, 0x34, 0x03, 0x58, 0x79, 0x7B, 0xDC, 0x12, 0x55, 0x91, 0xD8, 0x7E, 0x61, 0xBB, 0x68,
    0xB8, 0xB7, 0x3C, 0x89, 0x94, 0x04, 0x22, 0x03, 0xC2, 0x26, 0x6E, 0x45, 0x1B, 0x69, 0x6E, 0x20,
    0xA9, 0xD3, 0x95, 0x57, 0x58, 0x8C, 0xF0, 0xC8, 0x17, 0x6B, 0xDE, 0xC7, 0x69, 0x34, 0x4F, 0xE2,
    0x2E, 0x8A, 0x7F, 0xD7, 0xDC, 0x1B, 0x88, 0x7B, 0x05, 0xF1, 0xEF, 0x20, 0x30, 0x3D, 0xCA, 0xCE,
    0x17, 0x47, 0x1A, 0xC2, 0x6B, 0x34, 0x0B, 0x6B, 0x4B, 0xA4, 0x73, 0x75, 0x26, 0x63, 0x63, 0xC0,
    0x74, 0x70, 0xEF, 0x6E, 0x3E, 0x24, 0x58, 0xC1, 0x79, 0x4B, 0xFC, 0x99, 0xF8, 0x53, 0xC1, 0x9D,
    0x0B, 0xD1, 0xE6, 0xDE, 0xB8, 0xB3, 0x41, 0x4A, 0x0E, 0xCE, 0x07, 0xD6, 0xA2, 0x1C, 0x25, 0xEB,
    0x14, 0x56, 0x50, 0x81, 0x7F, 0x20, 0x09, 0xDB, 0xF9, 0x2F, 0x9B, 0x21, 0x21, 0x95, 0x59, 0xAE,
    0xCA, 0x4A, 0x66, 0xF1, 0xB8, 0xC3, 0x52, 0x59, 0xFB, 0xB7, 0x61, 0xEF, 0x94, 0xB5, 0xC6, 0xF0,
    0x50, 0x5B, 0x06, 0x36, 0x13, 0xCF, 0x6B, 0x9F, 0xC5, 0x93, 0xBE, 0xCC, 0x79, 0x00, 0x4B, 0x0E,
    0x2F, 0x4F, 0xCB, 0xDA, 0x84, 0x56, 0xD7, 0x76, 0xE3, 0xEC, 0x9D, 0xF6, 0x2F, 0x91, 0xD5, 0x72,
    0xCF, 0xDC, 0x6B, 0xF9, 0x65, 0x96, 0xE0, 0x61, 0x5B, 0x1F, 0x27, 0x7E, 0x18, 0x7D, 0xBC, 0xB1,
    0xCC, 0x39, 0xE1, 0xFE, 0xFE, 0x55, 0x5D, 0xFC, 0xE3, 0xB3, 0x67, 0x5B, 0xF1, 0x9A, 0x2F, 0x7C,
    0x46, 0xA7, 0xDB, 0x52, 0x92, 0x2F, 0x97, 0x2B, 0x7C, 0x86, 0x4F, 0x99, 0x71, 0x0E, 0xA0, 0x76,
    0x47, 0x18, 0xF3, 0x9B, 0xE3, 0xDD, 0x28, 0x7F, 0x0D, 0x6B, 0x9F, 0xE7, 0xDB, 0x5B, 0x5A, 0xBF,
    0xA9, 0xAC, 0xA1, 0x3A, 0xC8, 0xAF, 0xD6, 0x2E, 0xCE, 0xE2, 0xFB, 0x29, 0x50, 0x80, 0x6F, 0x67,
    0xC9, 0x91, 0xD9, 0x48, 0x52, 0x7A, 0xF7, 0x7D, 0x6E, 0x22, 0x37, 0xAA, 0x59, 0x98, 0x83, 0x10,
    0x7F, 0xCF, 0x54, 0x88, 0xDF, 0x98, 0xCD, 0x14, 0xFC, 0x70, 0x5A, 0x78, 0xC7, 0xB1, 0xFF, 0x1D,
    0xCD, 0x0A, 0x6B, 0x6D, 0x79, 0x6D, 0xB8, 0x51, 0xC5, 0x65, 0x37, 0xAE, 0xB8, 0x6C, 0x5A, 0x58,
    0xD7, 0x6B, 0x7C, 0xAC, 0x57, 0xBE, 0xB1, 0xEB, 0xB4, 0x4E, 0x9D, 0xE1, 0xDD, 0x87, 0x79, 0x93,
    0x70, 0x3B, 0x9B, 0x8E, 0x6B, 0xE5, 0xB6, 0x72, 0x94, 0x4E, 0x4A, 0xC1, 0xB9, 0x1C, 0xBA, 0x0D,
    0xC5, 0xAD, 0x0B, 0x92, 0x52, 0xE9, 0xDB, 0xCA, 0x92, 0xD9, 0x93, 0xF4, 0x43, 0xB3, 0xDB, 0x42,
    0x5A, 0x73, 0xFB, 0xC7, 0xFC, 0x7F, 0x35, 0x93, 0x81, 0xA6, 0xEC, 0x56, 0x14, 0x86, 0xBF, 0x24,
    0xAD, 0x54, 0x37, 0x67, 0x15, 0x85, 0x5E, 0xCE, 0xEC, 0x17, 0xB8, 0x33, 0x1B, 0x8A, 0x8B, 0x9D,
    0x64, 0x03, 0x50, 0xDC, 0xDB, 0x27, 0xB8, 0x50, 0x50, 0x1C, 0xC5, 0x41, 0x90, 0x39, 0xC9, 0x1B,
    0xF4, 0xF6, 0x0D, 0x0E, 0x80, 0xA2, 0x8A, 0xC1, 0xA8, 0xDC, 0x33, 0xF3, 0x08, 0x79, 0x82, 0xDE,
    0xBC, 0x41, 0x83, 0x60, 0x23, 0x93, 0x74, 0xCF, 0xC4, 0xF1, 0xAD, 0xAC, 0xC8, 0xBF, 0x58, 0x59,
    0xF9, 0x57, 0x36, 0x10, 0x4F, 0xC8, 0x82, 0xFE, 0x88, 0xD1, 0xE4, 0x86, 0xAC, 0x20, 0xDF, 0x63,
    0x26, 0x54, 0x4F, 0x84, 0x72, 0x20, 0x68, 0x76, 0x6C, 0xB1, 0x81, 0x12, 0x7E, 0xE0, 0x25, 0xBE,
    0xA4, 0xED, 0x5D, 0x65, 0x8F, 0xA7, 0x79, 0x99, 0xA3, 0x81, 0x4F, 0xA0, 0x16, 0x99, 0xEF, 0xD0,
    0xFD, 0x9B, 0x09, 0xFB, 0xA1, 0xAD, 0x7D, 0xD1, 0x01, 0xD1, 0x12, 0x74, 0xB4, 0x23, 0x9F, 0x28,
    0x66, 0xB2, 0x1D, 0x59, 0xC6, 0xDA, 0x99, 0x20, 0xD4, 0x17, 0x8E, 0xD1, 0x90, 0x74, 0xEA, 0xAC,
    0xC9, 0x69, 0x81, 0x64, 0x92, 0x45, 0x3E, 0xCA, 0x43, 0xEA, 0xF5, 0x64, 0xB3, 0xFD, 0xBE, 0x98,
    0x74, 0x1F, 0x7B, 0x64, 0xC6, 0x68, 0x76, 0x06, 0xB3, 0x20, 0x33, 0xB4, 0x14, 0x23, 0x45, 0x43,
    0x1A, 0x38, 0x8D, 0xA9, 0x5B, 0xEF, 0xBF, 0x3E, 0xD7, 0x1E, 0xE0, 0x96, 0x9B, 0xA4, 0x11, 0xEE,
    0xB1, 0xBC, 0xE3, 0x91, 0x95, 0x77, 0xBC, 0x25, 0x26, 0x69, 0x92, 0x73, 0x7C, 0x23, 0x39, 0x27,
    0x4D, 0xEA, 0x24, 0xA8, 0x8F, 0xDC, 0x4D, 0xFA, 0x61, 0xBB, 0xB1, 0x5B, 0x6B, 0x4B, 0x7B, 0x28,
    0x21, 0x0C, 0x70, 0x29, 0xF2, 0x2C, 0xAF, 0xF2, 0x2A, 0xDB, 0xB7, 0xC5, 0xA8, 0x3B, 0xDA, 0x74,
    0x32, 0xFE, 0x7E, 0x8C, 0x86, 0x78, 0x48, 0x86, 0xA4, 0x4F, 0x3A, 0x50, 0x5E, 0xCF, 0xDF, 0xE4,
    0x64, 0xF8, 0xB4, 0x33, 0xEE, 0x34, 0x2D, 0x3E, 0x28, 0x97, 0xAF, 0xF6, 0x32, 0xCA, 0x80, 0xFF,
    0xC3, 0x2F, 0xE3, 0xE9, 0x13, 0xDF, 0x3A, 0x0A, 0xC7, 0x89, 0xF8, 0x3F, 0xD2, 0x07, 0x36, 0x39,
    0xC5, 0xE2, 0x42, 0xD0, 0xC2, 0x2F, 0x80, 0xCC, 0x72, 0xD9, 0x60, 0xFA, 0x37, 0x9E, 0xEA, 0xC3,
    0x74, 0x1A, 0xEB, 0x2E, 0x9A, 0x65, 0x36, 0x2E, 0xF7, 0xF5, 0xA5, 0xCA, 0xAA, 0xAA, 0xF0, 0xD2,
    0x03, 0x7A, 0xC1, 0x2C, 0x90, 0xC1, 0x91, 0x68, 0x20, 0xE9, 0x51, 0xE7, 0x9B, 0xB3, 0xB0, 0x4E,
    0x6B, 0x76, 0x3A, 0x93, 0xB1, 0xF0, 0xC7, 0xAA, 0x0D, 0xF6, 0x9B, 0x3E, 0x1D, 0xF5, 0x25, 0xDF,
    0x65, 0x79, 0x31, 0xEB, 0xCF, 0xD1, 0x54, 0x0F, 0x75, 0xA3, 0x50, 0x2C, 0x83, 0xE2, 0xCA, 0x9F,
    0xCF, 0xCB, 0x70, 0x1A, 0x01, 0xAE, 0xF9, 0xD5, 0xAB, 0x47, 0xFE, 0x66, 0xE5, 0x37, 0x7E, 0xE4,
    0x7B, 0xE2, 0x33, 0x1D, 0xFD, 0x4A, 0xD4, 0x05, 0xC7, 0x1A, 0xC5, 0x7D, 0xD0, 0xD5, 0xBF, 0xE6,
    0xF3, 0xD5, 0xA9, 0xB2, 0x7C, 0xF2, 0xE6, 0x90, 0x8E, 0xA6, 0xB5, 0xB6, 0x1E, 0xF7, 0xEE, 0xE9,
    0x59, 0xF7, 0xEA, 0xF6, 0x54, 0x06, 0xF2, 0xE0, 0x9A, 0xBC, 0x77, 0xE9, 0x5F, 0x24, 0x9E, 0x64,
    0x40, 0x0D, 0x6C, 0x4A, 0x2A, 0x8B, 0x0E, 0x1F, 0xFB, 0x75, 0x5B, 0x4C, 0xC7, 0xC3, 0x3F, 0x43,
    0x11, 0xD6, 0x41, 0x88, 0xB4, 0x41, 0xBD, 0x20, 0xBF, 0x23, 0xC2, 0x46, 0xD8, 0x6E, 0x78, 0xBB,
    0xC5, 0x66, 0xB7, 0xD2, 0x5A, 0xFD, 0xC9, 0xC9, 0x16, 0x39, 0xA0, 0x07, 0xCC, 0x88, 0xAD, 0xD6,
    0x6A, 0x72, 0x4E, 0x1B, 0xE5, 0x04, 0x61, 0xC3, 0xFA, 0x8F, 0xAA, 0xA7, 0x1C, 0xF9, 0xF2, 0x05,
    0x91, 0xF7, 0x68, 0xB9, 0xB6, 0x0A, 0x57, 0xE8, 0x67, 0xED, 0x96, 0x7B, 0x6F, 0xB2, 0xEC, 0xB6,
    0xE4, 0xC7, 0xF2, 0x70, 0x48, 0x5F, 0x50, 0xE1, 0x85, 0xCA, 0x89, 0xB8, 0x8D, 0x60, 0xB6, 0xEC,
    0x46, 0x2C, 0xD7, 0x28, 0x41, 0x8D, 0xBB, 0xEF, 0x8C, 0x93, 0x2E, 0x1E, 0x7E, 0xEE, 0xEB, 0x26,
    0x46, 0xA8, 0xFB, 0xD7, 0x53, 0x50, 0x51, 0xB8, 0xFF, 0x01, 0x45, 0xD4, 0x55, 0xB4, 0xED, 0x46,
    0x1D, 0xC7, 0xF1, 0x6F, 0x32, 0x6B, 0xDD, 0x40, 0x43, 0x3B, 0xB8, 0x43, 0x78, 0xAD, 0x0E, 0x52,
    0xB7, 0x09, 0xEE, 0xF2, 0x8E, 0x3B, 0x4F, 0xF8, 0x1B, 0xA7, 0x27, 0x83, 0x3B, 0xDC, 0xF7, 0x17,
    0xDC, 0xA5, 0xEE, 0x3D, 0x3B, 0x83, 0x3B, 0x04, 0x77, 0x48, 0xDD, 0xDB, 0x29, 0x37, 0x6B, 0xDD,
    0xDC, 0x7D, 0x26, 0xF9, 0x33, 0x69, 0x2A, 0x6B, 0xE7, 0xF3, 0xDB, 0x9E, 0xF1, 0x7F, 0x26, 0x4E,
    0x8B, 0x33, 0xB7, 0xD7, 0x16, 0xF6, 0x6C, 0xBC, 0xC6, 0xC6, 0x68, 0xBF, 0x3A, 0x9F, 0x47, 0x23,
    0xC1, 0x4A, 0x38, 0x30, 0x1F, 0x64, 0x24, 0x9B, 0x0F, 0xE6, 0xD2, 0x29, 0xF1, 0x70, 0x91, 0x27,
    0x3B, 0x5C, 0xD3, 0x88, 0xCB, 0x44, 0xEA, 0x42, 0x5E, 0x8F, 0xFE, 0xE7, 0x09, 0x98, 0xDF, 0x9C,
    0x8C, 0x7D, 0xCD, 0xBB, 0xB1, 0xA7, 0xF7, 0x34, 0x27, 0x77, 0x34, 0xE9, 0x67, 0xF6, 0x7A, 0x87,
    0xFD, 0xEB, 0x1B, 0xA8, 0x24, 0x50, 0x24, 0xE5, 0x79, 0x70, 0xCC, 0xE9, 0xC0, 0x93, 0x66, 0x10,
    0x71, 0x6A, 0x3E, 0x9F, 0x32, 0x80, 0xF6, 0x60, 0x3E, 0xFD, 0x3A, 0xAC, 0xDE, 0x4B, 0x6E, 0xA1,
    0xD1, 0x8E, 0xA6, 0xAA, 0xB1, 0x06, 0x6C, 0xFB, 0x70, 0x8C, 0x04, 0x74, 0x92, 0xCB, 0x41, 0x10,
    0x21, 0x4B, 0xF2, 0xF9, 0x5B, 0xE4, 0x03, 0xA8, 0xB0, 0x2A, 0x64, 0xA4, 0x94, 0x01, 0x7D, 0xDB,
    0x17, 0xD1, 0x1E, 0xDA, 0x09, 0x24, 0x31, 0x35, 0x58, 0x56, 0xE4, 0xE2, 0xD0, 0xD2, 0x61, 0x6E,
    0xF7, 0xD8, 0xF5, 0x8B, 0x42, 0xA6, 0x24, 0xC2, 0x04, 0x5A, 0xC6, 0x64, 0x20, 0x1B, 0xD7, 0x7B,
    0x9A, 0xDB, 0xBE, 0x85, 0x95, 0x29, 0x89, 0x00, 0x67, 0x03, 0x5C, 0x41, 0xF1, 0xA3, 0x20, 0xAE,
    0xFC, 0x9D, 0x48, 0x57, 0x8A, 0x48, 0xAF, 0x07, 0xF9, 0x78, 0xD0, 0x5D, 0x5B, 0xF4, 0x95, 0x9F,
    0x8A, 0xDE, 0xB8, 0x58, 0x76, 0xE6, 0x39, 0x51, 0x7B, 0x5B, 0x8C, 0x29, 0xF4, 0x50, 0xB9, 0xC6,
    0x04, 0xE3, 0x36, 0x4D, 0xB0, 0x35, 0x01, 0xC8, 0x7B, 0x20, 0xAB, 0x81, 0x3C, 0xEA, 0x5A, 0x45,
    0x8D, 0x8A, 0x55, 0x72, 0x12, 0xC5, 0x1D, 0xE7, 0x62, 0x45, 0x6A, 0xB3, 0xD9, 0xA0, 0x4F, 0xDC,
    0xA1, 0x11, 0xA1, 0x95, 0x99, 0x93, 0x9E, 0x3A, 0x70, 0x8E, 0x0E, 0x9C, 0x9D, 0xEC, 0xE8, 0x9E,
    0x6B, 0x74, 0x47, 0x26, 0x3D, 0xE4, 0x12, 0x41, 0x6D, 0xA7, 0x14, 0x61, 0xF7, 0xA9, 0xA8, 0x7E,
    0xF7, 0x1C, 0x8A, 0x6E, 0xB3, 0x43, 0xF9, 0xFB, 0x59, 0x3A, 0x2D, 0xFB, 0x4B, 0x5C, 0x3B, 0x52,
    0xDD, 0x9A, 0x0D, 0x54, 0x75, 0x1E, 0x30, 0xA4, 0xB0, 0xA8, 0x2D, 0x96, 0x5C, 0xEA, 0x5D, 0x68,
    0x49, 0x2B, 0x0B, 0x4A, 0x86, 0x14, 0xFB, 0x11, 0x8A, 0x3E, 0x9A, 0xBE, 0xEC, 0xA2, 0x8C, 0xE5,
    0xEF, 0xA7, 0x39, 0xE8, 0xBB, 0xB7, 0x03, 0xE9, 0x2E, 0x91, 0x4A, 0x9C, 0xD4, 0xE6, 0xF5, 0xCE,
    0x78, 0xAB, 0x7D, 0xD1, 0xDF, 0x17, 0xFF, 0x3C, 0xBF, 0xDB, 0x2D, 0xFF, 0x29, 0x7E, 0xAF, 0xB8,
    0x79, 0xA6, 0x74, 0xA3, 0x46, 0x3F, 0x67, 0x34, 0xE8, 0xE7, 0x0E, 0xE7, 0xA0, 0x5F, 0x38, 0xEC,
    0xA0, 0x5F, 0x7A, 0xC9, 0x15, 0x68, 0x7D, 0x49, 0xC0, 0xB4, 0xDB, 0x91, 0x46, 0x24, 0xA2, 0x77,
    0x0E, 0x7B, 0xF4, 0x25, 0x4B, 0x84, 0xFD, 0x9A, 0xAA, 0x17, 0xA8, 0xBA, 0x39, 0x85, 0x9F, 0x52,
    0xB8, 0x08, 0xC8, 0x94, 0x87, 0x4C, 0xE4, 0xB9, 0x7D, 0xBE, 0x6D, 0x7F, 0xD4, 0xAB, 0x43, 0xFF,
    0xFC, 0x59, 0xA7, 0x6E, 0xFE, 0xD9, 0xAF, 0x7C, 0xF1, 0xCF, 0x5F, 0xFD, 0xCA, 0x97, 0xBF, 0xFB,
    0xDD, 0xEF, 0xD2, 0x2A, 0x7C, 0xFE, 0xF3, 0xB5, 0xFE, 0xFC, 0x2B, 0x5F, 0x5F, 0xEB, 0xD7, 0xBF,
    0xDE, 0x50, 0xBD, 0xCB, 0x58, 0xD2, 0xB5, 0x87, 0xB5, 0xDF, 0x89, 0x9C, 0x6B, 0x25, 0x70, 0x4E,
    0x23, 0x0E, 0xA8, 0x3C, 0xE5, 0xBA, 0x8B, 0xC0, 0xC2, 0xC6, 0xA2, 0x64, 0x46, 0xEF, 0x4F, 0x2C,
    0x0D, 0xA6, 0x45, 0xC3, 0xD6, 0x09, 0x23, 0x36, 0x1F, 0xB0, 0x2A, 0xB9, 0x3B, 0xAC, 0x1B, 0xF7,
    0xBA, 0x1E, 0x00, 0x80, 0x56, 0x1C, 0x00, 0x14, 0x33, 0x58, 0xA9, 0x91, 0xF3, 0xC9, 0x22, 0xA8,
    0x01, 0x8C, 0x74, 0x89, 0x47, 0x77, 0xD0, 0xC8, 0x4A, 0xFB, 0xA4, 0x83, 0x72, 0x1B, 0x50, 0x12,
    0xA0, 0xED, 0xC8, 0x46, 0xDD, 0xE7, 0x83, 0xF1, 0x2A, 0xB4, 0xA8, 0x7B, 0x22, 0xC5, 0xA1, 0x81,
    0xE2, 0xF6, 0x8E, 0x46, 0x26, 0x5A, 0x89, 0xE8, 0xBB, 0x3D, 0xD5, 0xA7, 0x3B, 0xCC, 0x4B, 0x7B,
    0xCC, 0x0B, 0xC3, 0xDA, 0x17, 0x35, 0xB2, 0x9B, 0x47, 0xB4, 0x48, 0x9D, 0x70, 0x54, 0xFB, 0x6D,
    0xB0, 0x0F, 0x4F, 0x06, 0x68, 0x3A, 0xD8, 0x40, 0x3E, 0xBD, 0x0A, 0x2D, 0x3D, 0x0F, 0x15, 0xC8,
    0x22, 0x94, 0xE3, 0xFA, 0xF5, 0xA3, 0xD6, 0x03, 0x92, 0xCE, 0x5C, 0x0D, 0x34, 0x12, 0x80, 0xE3,
    0xCE, 0x8F, 0x90, 0x5A, 0x9F, 0x81, 0xB4, 0x84, 0x40, 0xD9, 0xD9, 0x1A, 0xB4, 0x37, 0xF7, 0xA6,
    0x7D, 0xE1, 0xB8, 0xA4, 0x11, 0xD2, 0xE6, 0x3D, 0xB7, 0xAA, 0x4D, 0x3D, 0xEF, 0xE8, 0xDA, 0xAA,
    0x78, 0x4D, 0xCA, 0x36, 0x44, 0x83, 0x15, 0x2F, 0x33, 0xCD, 0x91, 0x6C, 0x7F, 0x00, 0xB2, 0x00,
    0x90, 0x2F, 0x89, 0x5A, 0xB3, 0x07, 0x28, 0x3A, 0x80, 0x77, 0x39, 0x32, 0x09, 0xA8, 0x45, 0x18,
    0x28, 0xEE, 0x59, 0x26, 0x35, 0xA0, 0x0E, 0x75, 0x28, 0x71, 0xC9, 0xDA, 0xE1, 0xEB, 0x22, 0xF9,
    0xE1, 0x89, 0x42, 0x36, 0xE8, 0x9D, 0x86, 0x73, 0x4E, 0xB6, 0xC0, 0xA2, 0x81, 0x03, 0x33, 0x94,
    0x31, 0xE9, 0x51, 0xB2, 0x88, 0x14, 0xDB, 0x88, 0x11, 0xA9, 0x17, 0xDA, 0x47, 0xAC, 0x08, 0x8D,
    0xCC, 0x54, 0x69, 0xDD, 0x96, 0xB5, 0xB0, 0x13, 0x58, 0x60, 0x17, 0xD8, 0x03, 0x22, 0x00, 0x3D,
    0x18, 0x71, 0x99, 0x88, 0x2B, 0xF6, 0x7F, 0x88, 0xFE, 0xA3, 0xC3, 0x7E, 0xBC, 0xC6, 0x96, 0xD0,
    0x68, 0x71, 0x1B, 0x2D, 0xF5, 0xA4, 0x5B, 0xA6, 0xA7, 0x58, 0x36, 0x27, 0xEC, 0xD2, 0x9E, 0xBD,
    0xC1, 0xCE, 0x13, 0xD5, 0xD2, 0x9E, 0xDC, 0x00, 0x17, 0x00, 0xAF, 0x02, 0x10, 0xC8, 0x12, 0x95,
    0x94, 0x89, 0xFE, 0x6F, 0x9D, 0xB7, 0xF2, 0xCD, 0x42, 0x24, 0xB2, 0x57, 0x39, 0x2D, 0x32, 0x24,
    0x41, 0x05, 0xED, 0xCB, 0x5E, 0xFB, 0xE5, 0x61, 0x9C, 0xF6, 0x16, 0xED, 0x69, 0xD7, 0xFE, 0x67,
    0xDB, 0xE9, 0x81, 0xDE, 0x59, 0x91, 0x05, 0x85, 0x1C, 0xA4, 0x95, 0x39, 0x99, 0xB0, 0xB0, 0xBA,
    0xBD, 0xA7, 0x92, 0x9E, 0x42, 0x1C, 0x6B, 0xFF, 0x27, 0xD6, 0xC2, 0x2B, 0xE8, 0x43, 0x3F, 0xC1,
    0xFC, 0xC8, 0x61, 0x5F, 0x58, 0xD3, 0x94, 0x35, 0x9B, 0x12, 0x36, 0x1A, 0xF6, 0x8E, 0x49, 0x9E,
    0x02, 0x9B, 0x13, 0xA1, 0xD9, 0x79, 0x38, 0xF6, 0x81, 0x02, 0xEA, 0xD6, 0x31, 0xBC, 0x01, 0x78,
    0xCB, 0x01, 0x18, 0x2A, 0xB2, 0x70, 0x2E, 0xA5, 0xC8, 0x60, 0x45, 0x82, 0xD9, 0xCE, 0x5F, 0x4C,
    0x07, 0x1F, 0xFD, 0x83, 0x11, 0xFD, 0xC3, 0x81, 0xEA, 0x47, 0x03, 0xE6, 0xC3, 0x01, 0xF3, 0xDC,
    0x80, 0x55, 0xDB, 0xDA, 0x2A, 0xA9, 0x77, 0x33, 0x01, 0xDE, 0x35, 0x90, 0xC9, 0x84, 0x9A, 0xAF,
    0xA1, 0x08, 0x50, 0xF6, 0x2C, 0xCF, 0xA8, 0x09, 0x10, 0x07, 0xA6, 0x83, 0x22, 0x9C, 0xBB, 0x73,
    0x28, 0x7C, 0xE0, 0xFC, 0xCB, 0x43, 0x73, 0x62, 0xD3, 0x59, 0x11, 0xA7, 0xDB, 0x23, 0x1C, 0x7D,
    0x7A, 0xE0, 0x29, 0xEF, 0xEF, 0x1F, 0xDC, 0xCB, 0xDF, 0xFE, 0x36, 0x00, 0x66, 0x2D, 0xB4, 0x1C,
    0x27, 0xDF, 0x84, 0x09, 0x88, 0x90, 0x2D, 0x46, 0xC8, 0x13, 0x35, 0x24, 0x61, 0x6D, 0x46, 0xCB,
    0x98, 0x2E, 0x36, 0x3C, 0xA6, 0x79, 0x95, 0x95, 0xF0, 0x98, 0xF6, 0x55, 0xCC, 0xD8, 0x48, 0x73,
    0x90, 0x06, 0x6C, 0x4D, 0xE5, 0xD1, 0x1D, 0x45, 0x40, 0x0D, 0x30, 0x92, 0x0D, 0xE4, 0xDB, 0x90,
    0x66, 0xD7, 0x0E, 0x1C, 0x7F, 0x93, 0x2F, 0xC5, 0x35, 0x37, 0x70, 0xBE, 0x7F, 0x87, 0xF6, 0xB1,
    0xFA, 0xE0, 0x98, 0x4E, 0x99, 0x6D, 0x7B, 0x2B, 0xCE, 0x8E, 0x54, 0x1E, 0x4E, 0xEF, 0xE1, 0x92,
    0x64, 0x59, 0x89, 0xA5, 0xD7, 0xE5, 0x6D, 0xE7, 0x7B, 0xE5, 0x73, 0xAF, 0x3E, 0xFB, 0x21, 0xAF,
    0xE4, 0xFA, 0xB4, 0x73, 0x1A, 0x4A, 0x07, 0xD6, 0xC3, 0x69, 0xDB, 0x8E, 0x5C, 0x3C, 0x34, 0x0E,
    0xD0, 0x1E, 0xA8, 0x1C, 0x60, 0x6A, 0xC0, 0x02, 0x4F, 0x92, 0x01, 0x44, 0x66, 0xD4, 0xBC, 0x2C,
    0x5A, 0xB8, 0xC6, 0xB8, 0x34, 0xC3, 0xDA, 0x2F, 0x4D, 0xBB, 0x34, 0xCF, 0x95, 0xAB, 0x3E, 0xF8,
    0x55, 0x53, 0x9B, 0x1A, 0x8B, 0x85, 0x35, 0xC0, 0xCE, 0xD0, 0x88, 0x63, 0xD3, 0x7A, 0xA2, 0xEE,
    0x16, 0xD9, 0x58, 0xF9, 0x72, 0x16, 0xA7, 0x65, 0xA6, 0x92, 0x1B, 0x50, 0x01, 0x8E, 0xDF, 0x82,
    0x95, 0x95, 0xF6, 0x2B, 0x78, 0x78, 0x0D, 0x27, 0x77, 0xF0, 0x1E, 0x4F, 0x2E, 0x3D, 0x46, 0x06,
    0xDA, 0xFD, 0x90, 0xCD, 0x7F, 0xAC, 0xD5, 0x91, 0x9F, 0x51, 0xFC, 0xEF, 0x57, 0x94, 0x3D, 0x8B,
    0x07, 0xD7, 0x6D, 0x00, 0x26, 0x78, 0xA2, 0xDC, 0xF6, 0xC0, 0x66, 0xE4, 0x21, 0x4F, 0xE3, 0x61,
    0xEF, 0xE6, 0xC9, 0x17, 0x64, 0x12, 0x72, 0x89, 0x6A, 0x7F, 0x52, 0x61, 0x2A, 0xFA, 0xA9, 0xF8,
    0x7D, 0x2C, 0x25, 0x68, 0xF1, 0xFA, 0xEE, 0x50, 0x7D, 0x78, 0x30, 0xCF, 0x19, 0x8C, 0x1A, 0xEC,
    0xF9, 0xC1, 0x4A, 0xD7, 0xCC, 0x1C, 0x75, 0x32, 0x47, 0x3F, 0x9D, 0xFF, 0x03, 0xB3, 0xFF, 0x50,
    0xFF, 0x21, 0x6B, 0x02, 0x00, 0xB5, 0x92, 0x01, 0xE6, 0xDC, 0x40, 0x14, 0x87, 0x7F, 0x49, 0xB0,
    0x08, 0x72, 0x84, 0x1C, 0xA0, 0x34, 0x47, 0x98, 0xD1, 0x02, 0x8A, 0xFF, 0x51, 0xF6, 0x06, 0xC9,
    0x74, 0xA1, 0xD8, 0x4B, 0x2C, 0x0A, 0xC0, 0x9E, 0x20, 0x9D, 0xD1, 0x1E, 0xA0, 0x39, 0x42, 0x50,
    0xB4, 0x2D, 0x04, 0x41, 0xAC, 0xC9, 0xBC, 0xBE, 0x37, 0x4F, 0xD8, 0xA2, 0x50, 0x0A, 0xDF, 0xDA,
    0x81, 0xEF, 0x37, 0xDF, 0x04, 0xF0, 0x97, 0x04, 0x94, 0x74, 0x25, 0xA0, 0x7A, 0xBC, 0xFC, 0x00,
    0xEA, 0xB9, 0x73, 0x40, 0x4B, 0xB4, 0x01, 0x9E, 0x68, 0x05, 0xCE, 0x3F, 0xFD, 0x8D, 0x4F, 0x5C,
    0x0F, 0xA0, 0xB3, 0x9F, 0x98, 0x06, 0x63, 0x66, 0x64, 0x0E, 0x99, 0x7D, 0xB1, 0x31, 0xC7, 0x72,
    0x65, 0xC6, 0x4A, 0xB9, 0x00, 0x45, 0x66, 0xB9, 0xD5, 0x33, 0xF0, 0x6A, 0xB9, 0x4F, 0x80, 0x99,
    0xC9, 0x31, 0x1D, 0x5B, 0xC1, 0x82, 0x0F, 0x81, 0xE5, 0x5F, 0x27, 0x76, 0xBF, 0x0B, 0x38, 0xCD,
    0x60, 0x4F, 0x62, 0xBF, 0xDF, 0x8D, 0xC5, 0xFD, 0xBB, 0x11, 0xAD, 0x11, 0xEB, 0x00, 0x18, 0x51,
    0x1B, 0xEC, 0x50, 0x71, 0x2F, 0x18, 0x0B, 0xC6, 0x5E, 0x6E, 0x2A, 0xE5, 0x3F, 0x22, 0x03, 0xBB,
    0x56, 0x88, 0x4A, 0xE0, 0x54, 0x74, 0x9D, 0x0E, 0xD1, 0x8B, 0x88, 0x9A, 0xC0, 0xA2, 0x56, 0x44,
    0xDD, 0xDF, 0x44, 0xE3, 0xBF, 0x89, 0x2E, 0xA9, 0xD3, 0xA0, 0x46, 0x8B, 0xBE, 0x3E, 0x92, 0xE6,
    0xA6, 0xA3, 0x46, 0x8D, 0x5A, 0x35, 0xE6, 0xAC, 0x45, 0xCC, 0x5D, 0xA5, 0xA0, 0xD1, 0x84, 0x46,
    0xEB, 0x0D, 0xFA, 0xC3, 0x6D, 0x4F, 0x4B, 0x8E, 0xCB, 0x81, 0xC4, 0x5F, 0x4F, 0x39, 0x6F, 0x13,
    0xB4, 0xEF, 0x11, 0x58, 0x0B, 0x1F, 0x89, 0x8F, 0xC6, 0x3A, 0xC9, 0x3E, 0x4F, 0x32, 0x3A, 0xA9,
    0xFF, 0x63, 0xD2, 0xFE, 0x3C, 0x09, 0xFF, 0x79, 0xD2, 0x79, 0x93, 0x46, 0x7C, 0x76, 0x4A, 0xDE,
    0xC9, 0x18, 0x8B, 0x26, 0x98, 0x88, 0xE6, 0x33, 0x45, 0xB4, 0xEF, 0xFD, 0x47, 0xB6, 0xF7, 0x80,
    0xB1, 0xC7, 0x23, 0x0C, 0x82, 0x5C, 0x6A, 0x94, 0x51, 0xB1, 0x4C, 0x01, 0xB1, 0xA0, 0xC0, 0x27,
    0xDE, 0xE5, 0x97, 0xC8, 0x1F, 0xDD, 0x59, 0xD4, 0x5E, 0x8C, 0x83, 0xD5, 0xBB, 0x7F, 0x03, 0x2A,
    0x22, 0x8B, 0xFA, 0xE1, 0xB3, 0x83, 0xB5, 0x61, 0xD8, 0x1A, 0xFA, 0x42, 0x6B, 0xFB, 0xEB, 0x92,
    0x6E, 0x9D, 0x03, 0x1B, 0x27, 0x46, 0x13, 0x8B, 0x88, 0x82, 0xF2, 0x9D, 0xDF, 0xAC, 0x8C, 0xB7,
    0x0B, 0x1E, 0x54, 0x25, 0x47, 0xA9, 0x24, 0x37, 0xAC, 0xF0, 0xF6, 0x37, 0x25, 0xCC, 0x01, 0x06,
    0x02, 0x41, 0x18, 0x06, 0xD0, 0xC7, 0x40, 0x48, 0xFF, 0x11, 0x3A, 0x42, 0x17, 0x88, 0xB9, 0x58,
    0x44, 0xF7, 0x8A, 0xB5, 0x5D, 0x24, 0x20, 0x80, 0x01, 0x84, 0x69, 0xBF, 0xB0, 0xEF, 0x00, 0xCF,
    0xEE, 0x08, 0x1D, 0xB2, 0xD0, 0x32, 0x38, 0xB9, 0x71, 0x75, 0x66, 0x7B, 0xD6, 0xD2, 0xF2, 0xAB,
    0x51, 0xF9, 0x5E, 0x66, 0xCF, 0xFB, 0xBE, 0x55, 0xD6, 0xCC, 0x96, 0x57, 0x86, 0x24, 0x8B, 0xFE,
    0x09, 0xF5, 0x98, 0xB4, 0x75, 0xD8, 0x17, 0x1D, 0x0E, 0xFC, 0x01,
};

static const EpdGlyph notosans_10_bolditalicGlyphs[] = {
    { 0, 0, 0, 0, 0, 0, 0 }, // U+0000
    { 0, 0, 87, 0, 0, 0, 0 }, // U+000D
    { 0, 0, 87, 0, 0, 0, 0 }, // U+0020
    { 7, 15, 96, 0, 15, 27, 0 }, // !
    { 8, 5, 151, 2, 15, 10, 27 }, // "
    { 14, 15, 215, 0, 15, 53, 37 }, // #
    { 12, 18, 184, 0, 16, 54, 90 }, // $
    { 17, 15, 285, 1, 15, 64, 144 }, // %
    { 15, 15, 236, 0, 15, 57, 208 }, // &
    { 4, 5, 85, 2, 15, 5, 265 }, // '
    { 9, 19, 113, 0, 15, 43, 270 }, // (
    { 9, 19, 114, -2, 15, 43, 313 }, // )
    { 11, 12, 182, 1, 17, 33, 356 }, // *
    { 11, 10, 191, 1, 12, 28, 389 }, // +
    { 5, 5, 96, -1, 2, 7, 417 }, // ,
    { 7, 3, 108, 0, 7, 6, 424 }, // -
    { 4, 4, 96, 0, 4, 4, 430 }, // .
    { 12, 15, 141, -1, 15, 45, 434 }, // /
    { 12, 15, 184, 0, 15, 45, 479 }, // 0
    { 10, 15, 184, 1, 15, 38, 524 }, // 1
    { 13, 15, 184, -1, 15, 49, 562 }, // 2
    { 12, 15, 184, 0, 15, 45, 611 }, // 3
    { 13, 15, 184, -1, 15, 49, 656 }, // 4
    { 12, 15, 184, 0, 15, 45, 705 }, // 5
    { 12, 15, 184, 0, 15, 45, 750 }, // 6
    { 13, 15, 184, 0, 15, 49, 795 }, // 7
    { 12, 15, 184, 0, 15, 45, 844 }, // 8
    { 12, 15, 184, 0, 15, 45, 889 }, // 9
    { 6, 12, 96, 0, 12, 18, 934 }, // :
    { 8, 15, 96, -2, 12, 30, 952 }, // ;
    { 11, 12, 191, 1, 14, 33, 982 }, // <
    { 11, 7, 191, 1, 11, 20, 1015 }, // =
    { 11, 12, 191, 1, 14, 33, 1035 }, // >
    { 10, 15, 153, 1, 15, 38, 1068 }, // ?
    { 18, 18, 285, 0, 15, 81, 1106 }, // @
    { 14, 15, 209, -2, 15, 53, 1187 }, // A
    { 13, 15, 207, 0, 15, 49, 1240 }, // B
    { 13, 15, 204, 1, 15, 49, 1289 }, // C
    { 14, 15, 226, 0, 15, 53, 1338 }, // D
    { 13, 15, 181, 0, 15, 49, 1391 }, // E
    { 12, 15, 178, 0, 15, 45, 1440 }, // F
    { 14, 15, 230, 1, 15, 53, 1485 }, // G
    { 15, 15, 234, 0, 15, 57, 1538 }, // H
    { 11, 15, 128, -1, 15, 42, 1595 }, // I
    { 12, 20, 111, -4, 15, 60, 1637 }, // J
    { 15, 15, 204, 0, 15, 57, 1697 }, // K
    { 10, 15, 173, 0, 15, 38, 1754 }, // L
    { 19, 15, 293, 0, 15, 72, 1792 }, // M
    { 16, 15, 253, 0, 15, 60, 1864 }, // N
    { 14, 15, 244, 1, 15, 53, 1924 }, // O
    { 13, 15, 203, 0, 15, 49, 1977 }, // P
    { 14, 19, 244, 1, 15, 67, 2026 }, // Q
    { 13, 15, 207, 0, 15, 49, 2093 }, // R
    { 12, 15, 177, 0, 15, 45, 2142 }, // S
    { 12, 15, 177, 1, 15, 45, 2187 }, // T
    { 14, 15, 231, 1, 15, 53, 2232 }, // U
    { 14, 15, 197, 1, 15, 53, 2285 }, // V
    { 20, 15, 298, 1, 15, 75, 2338 }, // W
    { 17, 15, 203, -2, 15, 64, 2413 }, // X
    { 13, 15, 188, 1, 15, 49, 2477 }, // Y
    { 14, 15, 179, -1, 15, 53, 2526 }, // Z
    { 10, 20, 110, -1, 15, 50, 2579 }, // [
    { 6, 15, 141, 2, 15, 23, 2629 }, // <backslash>
    { 10, 20, 110, -2, 15, 50, 2652 }, // ]
    { 11, 10, 184, 0, 15, 28, 2702 }, // ^
    { 9, 2, 133, -2, -2, 5, 2730 }, // _
    { 5, 3, 108, 3, 16, 4, 2735 }, // `
    { 13, 12, 197, 0, 12, 39, 2739 }, // a
    { 12, 16, 198, 0, 16, 48, 2778 }, // b
    { 11, 12, 161, 0, 12, 33, 2826 }, // c
    { 13, 16, 198, 0, 16, 52, 2859 }, // d
    { 12, 12, 186, 0, 12, 36, 2911 }, // e
    { 14, 21, 125, -3, 16, 74, 2947 }, // f
    { 13, 17, 199, 0, 12, 56, 3021 }, // g
    { 12, 16, 201, 0, 16, 48, 3077 }, // h
    { 7, 16, 100, 0, 16, 28, 3125 }, // i
    { 10, 21, 100, -3, 16, 53, 3153 }, // j
    { 13, 16, 189, 0, 16, 52, 3206 }, // k
    { 7, 16, 100, 0, 16, 28, 3258 }, // l
    { 18, 12, 302, 0, 12, 54, 3286 }, // m
    { 12, 12, 201, 0, 12, 36, 3340 }, // n
    { 12, 12, 195, 0, 12, 36, 3376 }, // o
    { 13, 17, 198, -1, 12, 56, 3412 }, // p
    { 13, 17, 198, 0, 12, 56, 3468 }, // q
    { 10, 13, 141, 0, 13, 33, 3524 }, // r
    { 10, 12, 158, 0, 12, 30, 3557 }, // s
    { 9, 15, 137, 0, 15, 34, 3587 }, // t
    { 12, 12, 201, 1, 12, 36, 3621 }, // u
    { 11, 12, 171, 1, 12, 33, 3657 }, // v
    { 17, 12, 263, 1, 12, 51, 3690 }, // w
    { 15, 12, 178, -2, 12, 45, 3741 }, // x
    { 14, 17, 173, -2, 12, 60, 3786 }, // y
    { 11, 12, 156, -1, 12, 33, 3846 }, // z
    { 10, 19, 118, -1, 15, 48, 3879 }, // {
    { 3, 21, 184, 4, 16, 16, 3927 }, // |
    { 10, 19, 118, -2, 15, 48, 3943 }, // }
    { 11, 5, 191, 1, 10, 14, 3991 }, // ~
    { 0, 0, 87, 0, 0, 0, 0 }, // U+00A0
    { 7, 16, 95, -1, 12, 28, 0 }, // U+00A1
    { 11, 15, 184, 1, 15, 42, 28 }, // U+00A2
    { 14, 15, 184, -1, 15, 53, 70 }, // U+00A3
    { 10, 11, 184, 1, 13, 28, 123 }, // U+00A4
    { 14, 15, 184, 0, 15, 53, 151 }, // U+00A5
    { 3, 21, 184, 4, 16, 16, 204 }, // U+00A6
    { 11, 16, 162, 0, 16, 44, 220 }, // U+00A7
    { 7, 3, 185, 4, 16, 6, 264 }, // U+00A8
    { 16, 17, 277, 1, 16, 68, 270 }, // U+00A9
    { 8, 8, 126, 1, 15, 16, 338 }, // U+00AA
    { 12, 11, 189, 0, 11, 33, 354 }, // U+00AB
    { 11, 7, 191, 1, 9, 20, 387 }, // U+00AC
    { 7, 3, 108, 0, 7, 6, 407 }, // U+00AD
    { 16, 17, 277, 1, 16, 68, 413 }, // U+00AE
    { 10, 3, 143, 2, 19, 8, 481 }, // U+00AF
    { 8, 8, 141, 0, 16, 16, 489 }, // U+00B0
    { 11, 13, 191, 1, 13, 36, 505 }, // U+00B1
    { 8, 10, 126, 1, 19, 20, 541 }, // U+00B2
    { 8, 10, 126, 1, 18, 20, 561 }, // U+00B3
    { 7, 4, 107, 2, 17, 7, 581 }, // U+00B4
    { 14, 17, 203, -1, 12, 60, 588 }, // U+00B5
    { 12, 20, 218, 1, 16, 60, 648 }, // U+00B6
    { 5, 4, 96, 1, 10, 5, 708 }, // U+00B7
    { 6, 5, 68, -3, 0, 8, 713 }, // U+00B8
    { 8, 9, 126, 1, 18, 18, 721 }, // U+00B9
    { 8, 7, 123, 1, 15, 14, 739 }, // U+00BA
    { 11, 11, 187, 0, 11, 31, 753 }, // U+00BB
    { 16, 16, 278, 1, 16, 64, 784 }, // U+00BC
    { 17, 15, 297, 1, 15, 64, 848 }, // U+00BD
    { 18, 16, 288, 0, 16, 72, 912 }, // U+00BE
    { 10, 17, 155, -1, 12, 43, 984 }, // U+00BF
    { 14, 20, 209, -2, 20, 70, 1027 }, // U+00C0
    { 15, 20, 209, -2, 20, 75, 1097 }, // U+00C1
    { 15, 20, 209, -2, 20, 75, 1172 }, // U+00C2
    { 16, 20, 209, -2, 20, 80, 1247 }, // U+00C3
    { 15, 20, 209, -2, 20, 75, 1327 }, // U+00C4
    { 14, 22, 209, -2, 22, 77, 1402 }, // U+00C5
    { 22, 15, 298, -2, 15, 83, 1479 }, // U+00C6
    { 13, 20, 204, 1, 15, 65, 1562 }, // U+00C7
    { 13, 20, 181, 0, 20, 65, 1627 }, // U+00C8
    { 13, 20, 181, 0, 20, 65, 1692 }, // U+00C9
    { 13, 20, 181, 0, 20, 65, 1757 }, // U+00CA
    { 13, 20, 181, 0, 20, 65, 1822 }, // U+00CB
    { 11, 20, 128, -1, 20, 55, 1887 }, // U+00CC
    { 12, 20, 128, -1, 20, 60, 1942 }, // U+00CD
    { 12, 20, 128, -1, 20, 60, 2002 }, // U+00CE
    { 11, 20, 128, -1, 20, 55, 2062 }, // U+00CF
    { 14, 15, 226, 0, 15, 53, 2117 }, // U+00D0
    { 16, 20, 253, 0, 20, 80, 2170 }, // U+00D1
    { 14, 20, 244, 1, 20, 70, 2250 }, // U+00D2
    { 14, 21, 244, 1, 21, 74, 2320 }, // U+00D3
    { 14, 20, 244, 1, 20, 70, 2394 }, // U+00D4
    { 14, 21, 244, 1, 21, 74, 2464 }, // U+00D5
    { 14, 20, 244, 1, 20, 70, 2538 }, // U+00D6
    { 10, 11, 191, 1, 13, 28, 2608 }, // U+00D7
    { 14, 17, 243, 1, 16, 60, 2636 }, // U+00D8
    { 14, 20, 231, 1, 20, 70, 2696 }, // U+00D9
    { 14, 21, 231, 1, 21, 74, 2766 }, // U+00DA
    { 14, 20, 231, 1, 20, 70, 2840 }, // U+00DB
    { 14, 20, 231, 1, 20, 70, 2910 }, // U+00DC
    { 13, 20, 188, 1, 20, 65, 2980 }, // U+00DD
    { 12, 15, 200, 0, 15, 45, 3045 }, // U+00DE
    { 17, 21, 220, -3, 16, 90, 3090 }, // U+00DF
    { 13, 16, 197, 0, 16, 52, 3180 }, // U+00E0
    { 13, 16, 197, 0, 16, 52, 3232 }, // U+00E1
    { 13, 16, 197, 0, 16, 52, 3284 }, // U+00E2
    { 13, 16, 197, 0, 16, 52, 3336 }, // U+00E3
    { 13, 16, 197, 0, 16, 52, 3388 }, // U+00E4
    { 13, 18, 197, 0, 18, 59, 3440 }, // U+00E5
    { 18, 12, 291, 0, 12, 54, 3499 }, // U+00E6
    { 11, 17, 161, 0, 12, 47, 3553 }, // U+00E7
    { 12, 16, 186, 0, 16, 48, 3600 }, // U+00E8
    { 12, 16, 186, 0, 16, 48, 3648 }, // U+00E9
    { 12, 16, 186, 0, 16, 48, 3696 }, // U+00EA
    { 12, 16, 186, 0, 16, 48, 3744 }, // U+00EB
    { 7, 16, 100, 0, 16, 28, 3792 }, // U+00EC
    { 9, 16, 100, 0, 16, 36, 3820 }, // U+00ED
    { 9, 16, 100, 0, 16, 36, 3856 }, // U+00EE
    { 9, 16, 100, 0, 16, 36, 3892 }, // U+00EF
    { 12, 18, 192, 0, 18, 54, 3928 }, // U+00F0
    { 13, 16, 202, 0, 16, 52, 3982 }, // U+00F1
    { 12, 16, 197, 0, 16, 48, 4034 }, // U+00F2
    { 12, 16, 197, 0, 16, 48, 4082 }, // U+00F3
    { 12, 16, 197, 0, 16, 48, 4130 }, // U+00F4
    { 13, 16, 197, 0, 16, 52, 4178 }, // U+00F5
    { 12, 16, 197, 0, 16, 48, 4230 }, // U+00F6
    { 11, 10, 191, 1, 12, 28, 4278 }, // U+00F7
    { 12, 14, 195, 0, 13, 42, 4306 }, // U+00F8
    { 12, 16, 202, 1, 16, 48, 4348 }, // U+00F9
    { 12, 16, 202, 1, 16, 48, 4396 }, // U+00FA
    { 12, 16, 202, 1, 16, 48, 4444 }, // U+00FB
    { 12, 16, 202, 1, 16, 48, 4492 }, // U+00FC
    { 14, 21, 173, -2, 16, 74, 4540 }, // U+00FD
    { 13, 21, 199, -1, 16, 69, 4614 }, // U+00FE
    { 14, 21, 173, -2, 16, 74, 4683 }, // U+00FF
    { 15, 19, 209, -2, 19, 72, 0 }, // U+0100
    { 13, 15, 197, 0, 15, 49, 72 }, // U+0101
    { 15, 20, 209, -2, 20, 75, 121 }, // U+0102
    { 13, 16, 197, 0, 16, 52, 196 }, // U+0103
    { 14, 20, 209, -2, 15, 70, 248 }, // U+0104
    { 13, 17, 197, 0, 12, 56, 318 }, // U+0105
    { 13, 21, 204, 1, 21, 69, 374 }, // U+0106
    { 11, 16, 161, 0, 16, 44, 443 }, // U+0107
    { 13, 20, 204, 1, 20, 65, 487 }, // U+0108
    { 11, 16, 161, 0, 16, 44, 552 }, // U+0109
    { 13, 20, 204, 1, 20, 65, 596 }, // U+010A
    { 11, 16, 161, 0, 16, 44, 661 }, // U+010B
    { 14, 20, 204, 1, 20, 70, 705 }, // U+010C
    { 12, 16, 161, 0, 16, 48, 775 }, // U+010D
    { 14, 20, 226, 0, 20, 70, 823 }, // U+010E
    { 18, 16, 226, 0, 16, 72, 893 }, // U+010F
    { 14, 15, 226, 0, 15, 53, 965 }, // U+0110
    { 15, 16, 198, 0, 16, 60, 1018 }, // U+0111
    { 13, 19, 181, 0, 19, 62, 1078 }, // U+0112
    { 12, 15, 186, 0, 15, 45, 1140 }, // U+0113
    { 13, 20, 181, 0, 20, 65, 1185 }, // U+0114
    { 12, 16, 186, 0, 16, 48, 1250 }, // U+0115
    { 13, 20, 181, 0, 20, 65, 1298 }, // U+0116
    { 12, 16, 186, 0, 16, 48, 1363 }, // U+0117
    { 13, 20, 181, 0, 15, 65, 1411 }, // U+0118
    { 12, 17, 186, 0, 12, 51, 1476 }, // U+0119
    { 13, 20, 181, 0, 20, 65, 1527 }, // U+011A
    { 13, 16, 186, 0, 16, 52, 1592 }, // U+011B
    { 14, 20, 230, 1, 20, 70, 1644 }, // U+011C
    { 13, 21, 199, 0, 16, 69, 1714 }, // U+011D
    { 14, 21, 230, 1, 21, 74, 1783 }, // U+011E
    { 13, 21, 199, 0, 16, 69, 1857 }, // U+011F
    { 14, 20, 230, 1, 20, 70, 1926 }, // U+0120
    { 13, 21, 199, 0, 16, 69, 1996 }, // U+0121
    { 14, 20, 230, 1, 15, 70, 2065 }, // U+0122
    { 13, 21, 199, 0, 16, 69, 2135 }, // U+0123
    { 15, 20, 234, 0, 20, 75, 2204 }, // U+0124
    { 12, 21, 202, 0, 21, 63, 2279 }, // U+0125
    { 17, 15, 234, 0, 15, 64, 2342 }, // U+0126
    { 12, 16, 201, 0, 16, 48, 2406 }, // U+0127
    { 12, 20, 128, -1, 20, 60, 2454 }, // U+0128
    { 10, 16, 100, 0, 16, 40, 2514 }, // U+0129
    { 11, 19, 128, -1, 19, 53, 2554 }, // U+012A
    { 9, 15, 100, 0, 15, 34, 2607 }, // U+012B
    { 12, 20, 128, -1, 20, 60, 2641 }, // U+012C
    { 9, 16, 100, 0, 16, 36, 2701 }, // U+012D
    { 11, 20, 128, -1, 15, 55, 2737 }, // U+012E
    { 8, 21, 100, -1, 16, 42, 2792 }, // U+012F
    { 11, 20, 128, -1, 20, 55, 2834 }, // U+0130
    { 6, 12, 100, 0, 12, 18, 2889 }, // U+0131
    { 17, 20, 238, -1, 15, 85, 2907 }, // U+0132
    { 13, 21, 199, 0, 16, 69, 2992 }, // U+0133
    { 14, 25, 111, -4, 20, 88, 3061 }, // U+0134
    { 12, 21, 100, -3, 16, 63, 3149 }, // U+0135
    { 15, 20, 209, 0, 15, 75, 3212 }, // U+0136
    { 13, 21, 189, 0, 16, 69, 3287 }, // U+0137
    { 13, 12, 189, 0, 12, 39, 3356 }, // U+0138
    { 11, 20, 173, 0, 20, 55, 3395 }, // U+0139
    { 10, 21, 100, 0, 21, 53, 3450 }, // U+013A
    { 10, 20, 173, 0, 15, 50, 3503 }, // U+013B
    { 8, 21, 100, -1, 16, 42, 3553 }, // U+013C
    { 12, 15, 173, 0, 15, 45, 3595 }, // U+013D
    { 12, 16, 126, 0, 16, 48, 3640 }, // U+013E
    { 11, 15, 173, 0, 15, 42, 3688 }, // U+013F
    { 10, 16, 147, 0, 16, 40, 3730 }, // U+0140
    { 11, 15, 173, -1, 15, 42, 3770 }, // U+0141
    { 8, 16, 109, 0, 16, 32, 3812 }, // U+0142
    { 16, 20, 253, 0, 20, 80, 3844 }, // U+0143
    { 12, 16, 202, 0, 16, 48, 3924 }, // U+0144
    { 16, 20, 253, 0, 15, 80, 3972 }, // U+0145
    { 12, 17, 202, 0, 12, 51, 4052 }, // U+0146
    { 16, 20, 253, 0, 20, 80, 4103 }, // U+0147
    { 13, 16, 202, 0, 16, 52, 4183 }, // U+0148
    { 14, 15, 235, 0, 15, 53, 4235 }, // U+0149
    { 16, 20, 252, 0, 15, 80, 4288 }, // U+014A
    { 12, 17, 201, 0, 12, 51, 4368 }, // U+014B
    { 14, 19, 244, 1, 19, 67, 4419 }, // U+014C
    { 12, 15, 197, 0, 15, 45, 4486 }, // U+014D
    { 14, 21, 244, 1, 21, 74, 4531 }, // U+014E
    { 12, 16, 197, 0, 16, 48, 4605 }, // U+014F
    { 16, 20, 244, 1, 20, 80, 4653 }, // U+0150
    { 14, 16, 197, 0, 16, 56, 4733 }, // U+0151
    { 19, 15, 300, 1, 15, 72, 4789 }, // U+0152
    { 18, 12, 294, 0, 12, 54, 4861 }, // U+0153
    { 13, 20, 207, 0, 20, 65, 4915 }, // U+0154
    { 11, 16, 141, 0, 16, 44, 4980 }, // U+0155
    { 13, 20, 207, 0, 15, 65, 5024 }, // U+0156
    { 11, 18, 141, -1, 13, 50, 5089 }, // U+0157
    { 14, 20, 207, 0, 20, 70, 5139 }, // U+0158
    { 12, 16, 141, 0, 16, 48, 5209 }, // U+0159
    { 12, 21, 177, 0, 21, 63, 5257 }, // U+015A
    { 11, 16, 158, 0, 16, 44, 5320 }, // U+015B
    { 12, 20, 177, 0, 20, 60, 5364 }, // U+015C
    { 11, 16, 158, 0, 16, 44, 5424 }, // U+015D
    { 12, 20, 177, 0, 15, 60, 5468 }, // U+015E
    { 10, 17, 158, 0, 12, 43, 5528 }, // U+015F
    { 13, 20, 177, 0, 20, 65, 5571 }, // U+0160
    { 11, 16, 158, 0, 16, 44, 5636 }, // U+0161
    { 12, 20, 177, 1, 15, 60, 5680 }, // U+0162
    { 9, 20, 137, 0, 15, 45, 5740 }, // U+0163
    { 12, 20, 177, 1, 20, 60, 5785 }, // U+0164
    { 12, 16, 137, 0, 16, 48, 5845 }, // U+0165
    { 12, 15, 177, 1, 15, 45, 5893 }, // U+0166
    { 9, 15, 137, 0, 15, 34, 5938 }, // U+0167
    { 14, 21, 231, 1, 21, 74, 5972 }, // U+0168
    { 12, 16, 202, 1, 16, 48, 6046 }, // U+0169
    { 14, 19, 231, 1, 19, 67, 6094 }, // U+016A
    { 12, 15, 202, 1, 15, 45, 6161 }, // U+016B
    { 14, 21, 231, 1, 21, 74, 6206 }, // U+016C
    { 12, 16, 202, 1, 16, 48, 6280 }, // U+016D
    { 14, 22, 231, 1, 22, 77, 6328 }, // U+016E
    { 12, 18, 202, 1, 18, 54, 6405 }, // U+016F
    { 15, 20, 231, 1, 20, 75, 6459 }, // U+0170
    { 14, 16, 202, 1, 16, 56, 6534 }, // U+0171
    { 14, 20, 231, 1, 15, 70, 6590 }, // U+0172
    { 12, 17, 202, 1, 12, 51, 6660 }, // U+0173
    { 20, 20, 301, 1, 20, 100, 6711 }, // U+0174
    { 17, 16, 263, 1, 16, 68, 6811 }, // U+0175
    { 13, 20, 188, 1, 20, 65, 6879 }, // U+0176
    { 14, 21, 173, -2, 16, 74, 6944 }, // U+0177
    { 13, 20, 188, 1, 20, 65, 7018 }, // U+0178
    { 14, 20, 179, -1, 20, 70, 7083 }, // U+0179
    { 12, 16, 156, -1, 16, 48, 7153 }, // U+017A
    { 14, 20, 179, -1, 20, 70, 7201 }, // U+017B
    { 11, 16, 156, -1, 16, 44, 7271 }, // U+017C
    { 14, 20, 179, -1, 20, 70, 0 }, // U+017D
    { 13, 16, 156, -1, 16, 52, 70 }, // U+017E
    { 13, 21, 119, -3, 16, 69, 122 }, // U+017F
    { 18, 16, 257, 1, 16, 72, 0 }, // U+01A0
    { 16, 14, 214, 0, 14, 56, 72 }, // U+01A1
    { 19, 16, 258, 1, 16, 76, 128 }, // U+01AF
    { 17, 14, 237, 1, 14, 60, 204 }, // U+01B0
    { 27, 20, 404, 0, 20, 135, 264 }, // U+01C4
    { 26, 16, 377, 0, 16, 104, 399 }, // U+01C5
    { 24, 16, 350, 0, 16, 96, 503 }, // U+01C6
    { 18, 20, 283, 0, 15, 90, 599 }, // U+01C7
    { 18, 21, 272, 0, 16, 95, 689 }, // U+01C8
    { 13, 21, 199, 0, 16, 69, 784 }, // U+01C9
    { 23, 20, 362, 0, 15, 115, 853 }, // U+01CA
    { 23, 21, 351, 0, 16, 121, 968 }, // U+01CB
    { 20, 21, 300, 0, 16, 105, 1089 }, // U+01CC
    { 16, 20, 209, -2, 20, 80, 1194 }, // U+01CD
    { 13, 16, 197, 0, 16, 52, 1274 }, // U+01CE
    { 12, 20, 128, -1, 20, 60, 1326 }, // U+01CF
    { 10, 16, 100, 0, 16, 40, 1386 }, // U+01D0
    { 14, 20, 244, 1, 20, 70, 1426 }, // U+01D1
    { 13, 16, 197, 0, 16, 52, 1496 }, // U+01D2
    { 14, 20, 231, 1, 20, 70, 1548 }, // U+01D3
    { 12, 16, 202, 1, 16, 48, 1618 }, // U+01D4
    { 14, 23, 231, 1, 23, 81, 1666 }, // U+01D5
    { 12, 19, 202, 1, 19, 57, 1747 }, // U+01D6
    { 14, 23, 231, 1, 23, 81, 1804 }, // U+01D7
    { 12, 19, 202, 1, 19, 57, 1885 }, // U+01D8
    { 14, 23, 231, 1, 23, 81, 1942 }, // U+01D9
    { 12, 20, 202, 1, 20, 60, 2023 }, // U+01DA
    { 14, 23, 231, 1, 23, 81, 2083 }, // U+01DB
    { 12, 19, 202, 1, 19, 57, 2164 }, // U+01DC
    { 11, 12, 186, 0, 12, 33, 2221 }, // U+01DD
    { 16, 23, 209, -2, 23, 92, 2254 }, // U+01DE
    { 13, 19, 197, 0, 19, 62, 2346 }, // U+01DF
    { 15, 23, 209, -2, 23, 87, 2408 }, // U+01E0
    { 13, 19, 197, 0, 19, 62, 2495 }, // U+01E1
    { 22, 19, 298, -2, 19, 105, 2557 }, // U+01E2
    { 18, 15, 291, 0, 15, 68, 2662 }, // U+01E3
    { 14, 15, 230, 1, 15, 53, 2730 }, // U+01E4
    { 13, 17, 198, 0, 12, 56, 2783 }, // U+01E5
    { 14, 20, 230, 1, 20, 70, 2839 }, // U+01E6
    { 13, 21, 199, 0, 16, 69, 2909 }, // U+01E7
    { 15, 20, 209, 0, 20, 75, 2978 }, // U+01E8
    { 13, 21, 189, 0, 21, 69, 3053 }, // U+01E9
    { 14, 20, 244, 1, 15, 70, 3122 }, // U+01EA
    { 12, 17, 197, 0, 12, 51, 3192 }, // U+01EB
    { 14, 24, 244, 1, 19, 84, 3243 }, // U+01EC
    { 12, 20, 197, 0, 15, 60, 3327 }, // U+01ED
    { 14, 20, 185, -1, 20, 70, 3387 }, // U+01EE
    { 13, 21, 182, -1, 16, 69, 3457 }, // U+01EF
    { 13, 21, 100, -3, 16, 69, 3526 }, // U+01F0
    { 27, 15, 404, 0, 15, 102, 3595 }, // U+01F1
    { 25, 15, 382, 0, 15, 94, 3697 }, // U+01F2
    { 23, 16, 355, 0, 16, 92, 3791 }, // U+01F3
    { 14, 21, 230, 1, 21, 74, 3883 }, // U+01F4
    { 13, 21, 199, 0, 16, 69, 3957 }, // U+01F5
    { 21, 15, 336, 0, 15, 79, 4026 }, // U+01F6
    { 15, 20, 215, -1, 15, 75, 4105 }, // U+01F7
    { 16, 20, 253, 0, 20, 80, 4180 }, // U+01F8
    { 12, 16, 202, 0, 16, 48, 4260 }, // U+01F9
    { 16, 21, 209, -2, 21, 84, 4308 }, // U+01FA
    { 13, 21, 197, 0, 21, 69, 4392 }, // U+01FB
    { 22, 20, 298, -2, 20, 110, 4461 }, // U+01FC
    { 18, 16, 291, 0, 16, 72, 4571 }, // U+01FD
    { 14, 22, 244, 1, 21, 77, 4643 }, // U+01FE
    { 12, 17, 195, 0, 16, 51, 4720 }, // U+01FF
    { 14, 20, 209, -2, 20, 70, 4771 }, // U+0200
    { 13, 16, 197, 0, 16, 52, 4841 }, // U+0201
    { 15, 21, 209, -2, 21, 79, 4893 }, // U+0202
    { 13, 16, 197, 0, 16, 52, 4972 }, // U+0203
    { 13, 20, 181, 0, 20, 65, 5024 }, // U+0204
    { 12, 16, 186, 0, 16, 48, 5089 }, // U+0205
    { 13, 21, 181, 0, 21, 69, 5137 }, // U+0206
    { 12, 16, 186, 0, 16, 48, 5206 }, // U+0207
    { 11, 20, 128, -1, 20, 55, 5254 }, // U+0208
    { 9, 16, 100, -1, 16, 36, 5309 }, // U+0209
    { 11, 21, 128, -1, 21, 58, 5345 }, // U+020A
    { 9, 16, 100, 0, 16, 36, 5403 }, // U+020B
    { 14, 20, 244, 1, 20, 70, 5439 }, // U+020C
    { 12, 16, 197, 0, 16, 48, 5509 }, // U+020D
    { 14, 21, 244, 1, 21, 74, 5557 }, // U+020E
    { 12, 16, 197, 0, 16, 48, 5631 }, // U+020F
    { 13, 20, 207, 0, 20, 65, 5679 }, // U+0210
    { 10, 16, 141, 0, 16, 40, 5744 }, // U+0211
    { 13, 21, 207, 0, 21, 69, 5784 }, // U+0212
    { 11, 16, 141, 0, 16, 44, 5853 }, // U+0213
    { 14, 20, 231, 1, 20, 70, 5897 }, // U+0214
    { 12, 16, 202, 1, 16, 48, 5967 }, // U+0215
    { 14, 21, 231, 1, 21, 74, 6015 }, // U+0216
    { 12, 16, 202, 1, 16, 48, 6089 }, // U+0217
    { 12, 20, 177, 0, 15, 60, 6137 }, // U+0218
    { 10, 17, 158, 0, 12, 43, 6197 }, // U+0219
    { 12, 20, 177, 1, 15, 60, 6240 }, // U+021A
    { 9, 19, 137, 0, 14, 43, 6300 }, // U+021B
    { 14, 20, 210, -1, 15, 70, 6343 }, // U+021C
    { 13, 18, 169, -2, 12, 59, 6413 }, // U+021D
    { 15, 20, 234, 0, 20, 75, 6472 }, // U+021E
    { 12, 21, 202, 0, 21, 63, 6547 }, // U+021F
    { 5, 3, 0, -9, 16, 4, 0 }, // U+0300
    { 6, 4, 0, -5, 17, 6, 4 }, // U+0301
    { 9, 3, 0, -3, 16, 7, 10 }, // U+0302
    { 10, 4, 0, -10, 17, 10, 17 }, // U+0303
    { 7, 3, 0, -2, 16, 6, 27 }, // U+0304
    { 10, 3, 0, -3, 19, 8, 33 }, // U+0305
    { 8, 4, 0, -2, 17, 8, 41 }, // U+0306
    { 4, 3, 0, 0, 16, 3, 49 }, // U+0307
    { 8, 3, 0, -2, 16, 6, 52 }, // U+0308
    { 6, 6, 0, -7, 18, 9, 58 }, // U+0309
    { 6, 6, 0, -1, 18, 9, 67 }, // U+030A
    { 11, 3, 0, -3, 16, 9, 76 }, // U+030B
    { 9, 3, 0, -2, 16, 7, 85 }, // U+030C
    { 4, 6, 0, 0, 17, 6, 92 }, // U+030D
    { 8, 4, 0, -2, 17, 8, 98 }, // U+030E
    { 9, 3, 0, -10, 16, 7, 106 }, // U+030F
    { 8, 6, 0, -2, 19, 12, 113 }, // U+0310
    { 9, 5, 0, -3, 17, 12, 125 }, // U+0311
    { 6, 5, 0, -2, 15, 8, 137 }, // U+0312
    { 6, 5, 0, -2, 15, 8, 145 }, // U+0313
    { 3, 5, 0, 0, 15, 4, 153 }, // U+0314
    { 6, 5, 0, -2, 15, 8, 157 }, // U+0315
    { 6, 3, 0, -5, -1, 5, 165 }, // U+0316
    { 7, 4, 0, -5, 0, 7, 170 }, // U+0317
    { 5, 5, 0, -4, 0, 7, 177 }, // U+0318
    { 5, 5, 0, -4, 0, 7, 184 }, // U+0319
    { 8, 6, 105, 1, 16, 12, 191 }, // U+031A
    { 7, 5, 0, -2, 17, 9, 203 }, // U+031B
    { 4, 6, 0, -2, 0, 6, 212 }, // U+031C
    { 6, 5, 0, -5, 0, 8, 218 }, // U+031D
    { 5, 4, 0, -4, -1, 5, 226 }, // U+031E
    { 5, 5, 0, -4, 0, 7, 231 }, // U+031F
    { 6, 2, 0, -5, -2, 3, 238 }, // U+0320
    { 7, 7, 0, -5, 2, 13, 241 }, // U+0321
    { 6, 6, 0, -3, 1, 9, 254 }, // U+0322
    { 4, 3, 0, -10, -2, 3, 263 }, // U+0323
    { 8, 3, 0, -6, -1, 6, 266 }, // U+0324
    { 6, 6, 0, -5, 0, 9, 272 }, // U+0325
    { 5, 3, 0, 1, -2, 4, 281 }, // U+0326
    { 5, 5, 0, -4, 0, 7, 285 }, // U+0327
    { 5, 5, 0, -4, 0, 7, 292 }, // U+0328
    { 5, 6, 0, -4, -1, 8, 299 }, // U+0329
    { 9, 4, 0, -6, -1, 9, 307 }, // U+032A
    { 9, 4, 0, -6, -1, 9, 316 }, // U+032B
    { 9, 3, 0, -6, -1, 7, 325 }, // U+032C
    { 10, 3, 0, -7, -1, 8, 332 }, // U+032D
    { 9, 4, 0, -6, -1, 9, 340 }, // U+032E
    { 8, 5, 0, -6, 0, 10, 349 }, // U+032F
    { 10, 4, 0, -7, 0, 10, 359 }, // U+0330
    { 8, 3, 0, -6, -1, 6, 369 }, // U+0331
    { 11, 2, 0, -7, -2, 6, 375 }, // U+0332
    { 10, 5, 0, -7, -1, 13, 381 }, // U+0333
    { 10, 4, 0, -5, 8, 10, 394 }, // U+0334
    { 10, 3, 0, -5, 7, 8, 404 }, // U+0335
    { 16, 3, 0, -8, 8, 12, 412 }, // U+0336
    { 8, 7, 0, -4, 10, 14, 424 }, // U+0337
    { 12, 18, 0, -6, 17, 54, 438 }, // U+0338
    { 4, 6, 0, -2, 0, 6, 492 }, // U+0339
    { 9, 5, 0, -6, 0, 12, 498 }, // U+033A
    { 9, 5, 0, -6, -1, 12, 510 }, // U+033B
    { 9, 3, 0, -6, -1, 7, 522 }, // U+033C
    { 6, 5, 0, -1, 17, 8, 529 }, // U+033D
    { 5, 6, 0, -1, 18, 8, 537 }, // U+033E
    { 10, 5, 0, -3, 21, 13, 545 }, // U+033F
    { 5, 3, 0, -2, 16, 4, 558 }, // U+0340
    { 6, 4, 0, 0, 17, 6, 562 }, // U+0341
    { 9, 4, 0, 3, 17, 9, 568 }, // U+0342
    { 4, 5, 0, 0, 17, 5, 577 }, // U+0343
    { 13, 4, 0, -4, 17, 13, 582 }, // U+0344
    { 5, 4, 0, -3, -1, 5, 595 }, // U+0345
    { 10, 4, 0, -3, 16, 10, 600 }, // U+0346
    { 10, 5, 0, -7, -1, 13, 610 }, // U+0347
    { 7, 4, 0, -5, 0, 7, 623 }, // U+0348
    { 5, 4, 0, -4, -1, 5, 630 }, // U+0349
    { 9, 5, 0, -3, 17, 12, 635 }, // U+034A
    { 8, 8, 0, -2, 20, 16, 647 }, // U+034B
    { 8, 6, 0, -2, 19, 12, 663 }, // U+034C
    { 9, 5, 0, -6, 0, 12, 675 }, // U+034D
    { 5, 5, 0, -4, 0, 7, 687 }, // U+034E
    { 16, 16, 0, -8, 15, 64, 694 }, // U+034F
    { 4, 4, 0, 0, 17, 4, 758 }, // U+0350
    { 4, 6, 0, 2, 19, 6, 762 }, // U+0351
    { 8, 5, 0, -2, 18, 10, 768 }, // U+0352
    { 5, 5, 0, -4, 0, 7, 778 }, // U+0353
    { 4, 4, 0, -3, -1, 4, 785 }, // U+0354
    { 4, 4, 0, -3, -1, 4, 789 }, // U+0355
    { 9, 4, 0, -5, -1, 9, 793 }, // U+0356
    { 4, 6, 0, 2, 18, 6, 802 }, // U+0357
    { 4, 3, 0, 0, 16, 3, 808 }, // U+0358
    { 5, 5, 0, -4, -1, 7, 811 }, // U+0359
    { 9, 5, 0, -6, 0, 12, 818 }, // U+035A
    { 4, 5, 0, 0, 17, 5, 830 }, // U+035B
    { 17, 5, 0, -10, 0, 22, 835 }, // U+035C
    { 17, 5, 0, -7, 17, 22, 857 }, // U+035D
    { 12, 3, 0, -4, 16, 9, 879 }, // U+035E
    { 12, 3, 0, -7, 0, 9, 888 }, // U+035F
    { 18, 4, 0, -7, 17, 18, 897 }, // U+0360
    { 17, 5, 0, -6, 19, 22, 915 }, // U+0361
    { 17, 6, 0, -11, 0, 26, 937 }, // U+0362
    { 6, 5, 0, -1, 18, 8, 963 }, // U+0363
    { 6, 6, 0, -1, 19, 9, 971 }, // U+0364
    { 4, 7, 0, 0, 20, 7, 980 }, // U+0365
    { 6, 5, 0, -1, 18, 8, 987 }, // U+0366
    { 6, 6, 0, -1, 18, 9, 995 }, // U+0367
    { 5, 5, 0, 0, 18, 7, 1004 }, // U+0368
    { 7, 7, 0, -1, 20, 13, 1011 }, // U+0369
    { 6, 8, 0, -1, 20, 12, 1024 }, // U+036A
    { 9, 5, 0, -3, 18, 12, 1036 }, // U+036B
    { 5, 5, 0, 0, 18, 7, 1048 }, // U+036C
    { 5, 6, 0, 0, 19, 8, 1055 }, // U+036D
    { 5, 5, 0, 0, 18, 7, 1063 }, // U+036E
    { 6, 5, 0, -1, 18, 8, 1070 }, // U+036F
    { 12, 20, 177, 0, 20, 60, 0 }, // U+0400
    { 12, 20, 177, 0, 20, 60, 60 }, // U+0401
    { 13, 15, 237, 1, 15, 49, 120 }, // U+0402
    { 13, 20, 168, 0, 20, 65, 169 }, // U+0403
    { 13, 15, 202, 1, 15, 49, 234 }, // U+0404
    { 12, 15, 177, 0, 15, 45, 283 }, // U+0405
    { 7, 15, 103, 0, 15, 27, 328 }, // U+0406
    { 9, 20, 103, 0, 20, 45, 355 }, // U+0407
    { 12, 20, 106, -4, 15, 60, 400 }, // U+0408
    { 21, 15, 323, -1, 15, 79, 460 }, // U+0409
    { 19, 15, 312, 0, 15, 72, 539 }, // U+040A
    { 14, 15, 243, 1, 15, 53, 611 }, // U+040B
    { 15, 20, 209, 0, 20, 75, 664 }, // U+040C
    { 15, 20, 233, 0, 20, 75, 739 }, // U+040D
    { 15, 20, 197, 0, 20, 75, 814 }, // U+040E
    { 15, 19, 225, 0, 15, 72, 889 }, // U+040F
    { 14, 15, 209, -2, 15, 53, 961 }, // U+0410
    { 13, 15, 197, 0, 15, 49, 1014 }, // U+0411
    { 13, 15, 205, 0, 15, 49, 1063 }, // U+0412
    { 12, 15, 168, 0, 15, 45, 1112 }, // U+0413
    { 17, 19, 241, -2, 15, 81, 1157 }, // U+0414
    { 12, 15, 177, 0, 15, 45, 1238 }, // U+0415
    { 23, 15, 302, -2, 15, 87, 1283 }, // U+0416
    { 12, 15, 190, 0, 15, 45, 1370 }, // U+0417
    { 15, 15, 233, 0, 15, 57, 1415 }, // U+0418
    { 15, 20, 233, 0, 20, 75, 1472 }, // U+0419
    { 15, 15, 209, 0, 15, 57, 1547 }, // U+041A
    { 16, 15, 232, -1, 15, 60, 1604 }, // U+041B
    { 19, 15, 290, 0, 15, 72, 1664 }, // U+041C
    { 15, 15, 229, 0, 15, 57, 1736 }, // U+041D
    { 14, 15, 239, 1, 15, 53, 1793 }, // U+041E
    { 15, 15, 225, 0, 15, 57, 1846 }, // U+041F
    { 13, 15, 196, 0, 15, 49, 1903 }, // U+0420
    { 13, 15, 198, 1, 15, 49, 1952 }, // U+0421
    { 12, 15, 174, 1, 15, 45, 2001 }, // U+0422
    { 15, 15, 199, 0, 15, 57, 2046 }, // U+0423
    { 18, 15, 294, 1, 15, 68, 2103 }, // U+0424
    { 17, 15, 203, -2, 15, 64, 2171 }, // U+0425
    { 15, 19, 232, 0, 15, 72, 2235 }, // U+0426
    { 14, 15, 220, 1, 15, 53, 2307 }, // U+0427
    { 21, 15, 329, 0, 15, 79, 2360 }, // U+0428
    { 21, 19, 331, 0, 15, 100, 2439 }, // U+0429
    { 13, 15, 233, 1, 15, 49, 2539 }, // U+042A
    { 19, 15, 292, 0, 15, 72, 2588 }, // U+042B
    { 12, 15, 198, 0, 15, 45, 2660 }, // U+042C
    { 13, 15, 203, 0, 15, 49, 2705 }, // U+042D
    { 21, 15, 329, 0, 15, 79, 2754 }, // U+042E
    { 15, 15, 206, -1, 15, 57, 2833 }, // U+042F
    { 12, 12, 193, 0, 12, 36, 2890 }, // U+0430
    { 12, 17, 188, 0, 17, 51, 2926 }, // U+0431
    { 12, 12, 184, 0, 12, 36, 2977 }, // U+0432
    { 11, 12, 154, -1, 12, 33, 3013 }, // U+0433
    { 12, 17, 192, 0, 17, 51, 3046 }, // U+0434
    { 11, 12, 174, 0, 12, 33, 3097 }, // U+0435
    { 22, 12, 318, -1, 12, 66, 3130 }, // U+0436
    { 10, 12, 166, 0, 12, 30, 3196 }, // U+0437
    { 13, 12, 198, 0, 12, 39, 3226 }, // U+0438
    { 13, 17, 197, 0, 17, 56, 3265 }, // U+0439
    { 13, 12, 187, 0, 12, 39, 3321 }, // U+043A
    { 14, 12, 203, -1, 12, 42, 3360 }, // U+043B
    { 16, 12, 257, 0, 12, 48, 3402 }, // U+043C
    { 13, 12, 196, 0, 12, 39, 3450 }, // U+043D
    { 12, 12, 190, 0, 12, 36, 3489 }, // U+043E
    { 12, 12, 198, 0, 12, 36, 3525 }, // U+043F
    { 13, 17, 201, -1, 12, 56, 3561 }, // U+0440
    { 10, 12, 156, 0, 12, 30, 3617 }, // U+0441
    { 18, 12, 298, 0, 12, 54, 3647 }, // U+0442
    { 15, 17, 178, -2, 12, 64, 3701 }, // U+0443
    { 15, 22, 248, 0, 17, 83, 3765 }, // U+0444
    { 14, 12, 174, -2, 12, 42, 3848 }, // U+0445
    { 13, 15, 204, 0, 12, 49, 3890 }, // U+0446
    { 11, 12, 193, 1, 12, 33, 3939 }, // U+0447
    { 18, 12, 298, 1, 12, 54, 3972 }, // U+0448
    { 18, 15, 304, 1, 12, 68, 4026 }, // U+0449
    { 13, 12, 209, 0, 12, 39, 4094 }, // U+044A
    { 17, 12, 267, 0, 12, 51, 4133 }, // U+044B
    { 11, 12, 184, 0, 12, 33, 4184 }, // U+044C
    { 10, 12, 159, 0, 12, 30, 4217 }, // U+044D
    { 17, 12, 269, 0, 12, 51, 4247 }, // U+044E
    { 13, 12, 183, -1, 12, 39, 4298 }, // U+044F
    { 11, 16, 174, 0, 16, 44, 4337 }, // U+0450
    { 11, 16, 174, 0, 16, 44, 4381 }, // U+0451
    { 12, 22, 199, 0, 17, 66, 4425 }, // U+0452
    { 12, 17, 154, -1, 17, 51, 4491 }, // U+0453
    { 10, 12, 156, 0, 12, 30, 4542 }, // U+0454
    { 10, 12, 152, 0, 12, 30, 4572 }, // U+0455
    { 7, 16, 97, 0, 16, 28, 4602 }, // U+0456
    { 8, 16, 95, 0, 16, 32, 4630 }, // U+0457
    { 10, 22, 96, -3, 17, 55, 4662 }, // U+0458
    { 19, 12, 286, -1, 12, 57, 4717 }, // U+0459
    { 17, 12, 279, 0, 12, 51, 4774 }, // U+045A
    { 12, 17, 199, 0, 17, 51, 4825 }, // U+045B
    { 13, 17, 185, 0, 17, 56, 4876 }, // U+045C
    { 13, 16, 197, 0, 16, 52, 4932 }, // U+045D
    { 15, 22, 178, -2, 17, 83, 4984 }, // U+045E
    { 13, 16, 198, 0, 12, 52, 5067 }, // U+045F
    { 20, 15, 295, 1, 15, 75, 5119 }, // U+0460
    { 17, 12, 269, 1, 12, 51, 5194 }, // U+0461
    { 11, 15, 209, 1, 15, 42, 5245 }, // U+0462
    { 17, 12, 287, 0, 12, 51, 5287 }, // U+0463
    { 20, 15, 296, 0, 15, 75, 5338 }, // U+0464
    { 16, 12, 250, 0, 12, 48, 5413 }, // U+0465
    { 15, 15, 223, -2, 15, 57, 5461 }, // U+0466
    { 14, 12, 193, -2, 12, 42, 5518 }, // U+0467
    { 18, 15, 308, 0, 15, 68, 5560 }, // U+0468
    { 17, 12, 279, 0, 12, 51, 5628 }, // U+0469
    { 17, 15, 243, -1, 15, 64, 5679 }, // U+046A
    { 15, 12, 193, -2, 12, 45, 5743 }, // U+046B
    { 21, 15, 328, 0, 15, 79, 5788 }, // U+046C
    { 18, 12, 276, 0, 12, 54, 5867 }, // U+046D
    { 14, 24, 199, -1, 18, 84, 5921 }, // U+046E
    { 12, 20, 175, -1, 14, 60, 6005 }, // U+046F
    { 17, 15, 276, 2, 15, 64, 6065 }, // U+0470
    { 16, 22, 269, 0, 17, 88, 6129 }, // U+0471
    { 14, 15, 244, 1, 15, 53, 6217 }, // U+0472
    { 12, 12, 195, 0, 12, 36, 6270 }, // U+0473
    { 14, 15, 217, 1, 15, 53, 6306 }, // U+0474
    { 12, 12, 182, 1, 12, 36, 6359 }, // U+0475
    { 14, 20, 217, 1, 20, 70, 6395 }, // U+0476
    { 12, 16, 182, 1, 16, 48, 6465 }, // U+0477
    { 27, 20, 416, 1, 15, 135, 6513 }, // U+0478
    { 25, 17, 368, 0, 12, 107, 6648 }, // U+0479
    { 15, 18, 252, 1, 17, 68, 6755 }, // U+047A
    { 13, 14, 211, 0, 13, 46, 6823 }, // U+047B
    { 20, 22, 337, 1, 22, 110, 6869 }, // U+047C
    { 18, 19, 288, 0, 19, 86, 6979 }, // U+047D
    { 20, 20, 295, 1, 20, 100, 7065 }, // U+047E
    { 17, 16, 271, 1, 16, 68, 7165 }, // U+047F
    { 13, 20, 204, 1, 15, 65, 7233 }, // U+0480
    { 11, 17, 161, 0, 12, 47, 7298 }, // U+0481
    { 11, 15, 203, 1, 14, 42, 7345 }, // U+0482
    { 9, 4, 0, -9, 16, 9, 7387 }, // U+0483
    { 9, 4, 0, -9, 17, 9, 7396 }, // U+0484
    { 4, 5, 0, -6, 17, 5, 7405 }, // U+0485
    { 4, 5, 0, -6, 17, 5, 7410 }, // U+0486
    { 9, 4, 0, -2, 20, 9, 7415 }, // U+0487
    { 24, 23, 0, -12, 17, 138, 0 }, // U+0488
    { 24, 24, 0, -12, 18, 144, 138 }, // U+0489
    { 17, 26, 274, 0, 21, 111, 282 }, // U+048A
    { 12, 21, 210, 1, 17, 63, 393 }, // U+048B
    { 12, 15, 196, 0, 15, 45, 456 }, // U+048C
    { 10, 17, 189, 1, 17, 43, 501 }, // U+048D
    { 13, 15, 203, 0, 15, 49, 544 }, // U+048E
    { 13, 17, 198, -1, 12, 56, 593 }, // U+048F
    { 13, 19, 170, 0, 19, 62, 649 }, // U+0490
    { 11, 15, 153, 0, 15, 42, 711 }, // U+0491
    { 12, 15, 169, 0, 15, 45, 753 }, // U+0492
    { 12, 12, 154, -1, 12, 36, 798 }, // U+0493
    { 13, 20, 222, 0, 15, 65, 834 }, // U+0494
    { 11, 17, 191, 0, 12, 47, 899 }, // U+0495
    { 22, 19, 306, -2, 15, 105, 946 }, // U+0496
    { 22, 17, 320, -1, 12, 94, 1051 }, // U+0497
    { 12, 20, 190, 0, 15, 60, 1145 }, // U+0498
    { 10, 17, 166, 0, 12, 43, 1205 }, // U+0499
    { 15, 19, 229, 0, 15, 72, 1248 }, // U+049A
    { 13, 16, 204, 0, 12, 52, 1320 }, // U+049B
    { 15, 15, 209, 0, 15, 57, 1372 }, // U+049C
    { 14, 12, 196, 0, 12, 42, 1429 }, // U+049D
    { 15, 15, 204, 0, 15, 57, 1471 }, // U+049E
    { 13, 17, 193, 0, 17, 56, 1528 }, // U+049F
    { 16, 15, 234, 1, 15, 60, 1584 }, // U+04A0
    { 15, 12, 216, 0, 12, 45, 1644 }, // U+04A1
    { 15, 19, 255, 0, 15, 72, 1689 }, // U+04A2
    { 13, 16, 223, 0, 12, 52, 1761 }, // U+04A3
    { 18, 15, 257, 0, 15, 68, 1813 }, // U+04A4
    { 16, 12, 237, 0, 12, 48, 1881 }, // U+04A5
    { 20, 20, 344, 0, 15, 100, 1929 }, // U+04A6
    { 17, 17, 288, 0, 12, 73, 2029 }, // U+04A7
    { 14, 16, 243, 1, 15, 56, 2102 }, // U+04A8
    { 12, 13, 204, 0, 12, 39, 2158 }, // U+04A9
    { 13, 20, 204, 1, 15, 65, 2197 }, // U+04AA
    { 11, 17, 161, 0, 12, 47, 2262 }, // U+04AB
    { 12, 19, 177, 1, 15, 57, 2309 }, // U+04AC
    { 19, 16, 309, 0, 12, 76, 2366 }, // U+04AD
    { 13, 15, 188, 1, 15, 49, 2442 }, // U+04AE
    { 11, 17, 171, 1, 12, 47, 2491 }, // U+04AF
    { 14, 15, 188, 0, 15, 53, 2538 }, // U+04B0
    { 13, 17, 171, -1, 12, 56, 2591 }, // U+04B1
    { 17, 19, 230, -2, 15, 81, 2647 }, // U+04B2
    { 14, 16, 199, -1, 12, 56, 2728 }, // U+04B3
    { 16, 20, 279, 1, 15, 80, 2784 }, // U+04B4
    { 14, 16, 227, 0, 12, 56, 2864 }, // U+04B5
    { 14, 19, 249, 1, 15, 67, 2920 }, // U+04B6
    { 12, 16, 213, 1, 12, 48, 2987 }, // U+04B7
    { 14, 15, 226, 1, 15, 53, 3035 }, // U+04B8
    { 12, 12, 201, 1, 12, 36, 3088 }, // U+04B9
    { 13, 15, 226, 0, 15, 49, 3124 }, // U+04BA
    { 12, 16, 202, 0, 16, 48, 3173 }, // U+04BB
    { 17, 15, 260, 0, 15, 64, 3221 }, // U+04BC
    { 14, 12, 220, 0, 12, 42, 3285 }, // U+04BD
    { 17, 20, 260, 0, 15, 85, 3327 }, // U+04BE
    { 14, 16, 220, 0, 12, 56, 3412 }, // U+04BF
    { 11, 15, 128, -1, 15, 42, 3468 }, // U+04C0
    { 23, 20, 302, -2, 20, 115, 3510 }, // U+04C1
    { 22, 17, 318, -1, 17, 94, 3625 }, // U+04C2
    { 15, 20, 231, 0, 15, 75, 3719 }, // U+04C3
    { 13, 17, 206, 0, 12, 56, 3794 }, // U+04C4
    { 17, 20, 253, -1, 15, 85, 3850 }, // U+04C5
    { 15, 16, 220, -1, 12, 60, 3935 }, // U+04C6
    { 15, 20, 234, 0, 15, 75, 3995 }, // U+04C7
    { 13, 17, 206, 0, 12, 56, 4070 }, // U+04C8
    { 16, 20, 255, 0, 15, 80, 4126 }, // U+04C9
    { 14, 16, 225, 0, 12, 56, 4206 }, // U+04CA
    { 14, 20, 224, 1, 15, 70, 4262 }, // U+04CB
    { 12, 16, 198, 1, 12, 48, 4332 }, // U+04CC
    { 19, 20, 315, 0, 15, 95, 4380 }, // U+04CD
    { 17, 16, 279, 0, 12, 68, 4475 }, // U+04CE
    { 11, 15, 128, -1, 15, 42, 4543 }, // U+04CF
    { 16, 20, 209, -2, 20, 80, 4585 }, // U+04D0
    { 13, 17, 197, 0, 17, 56, 4665 }, // U+04D1
    { 15, 20, 209, -2, 20, 75, 4721 }, // U+04D2
    { 13, 17, 197, 0, 17, 56, 4796 }, // U+04D3
    { 22, 15, 298, -2, 15, 83, 4852 }, // U+04D4
    { 18, 12, 291, 0, 12, 54, 4935 }, // U+04D5
    { 13, 20, 181, 0, 20, 65, 4989 }, // U+04D6
    { 13, 17, 186, 0, 17, 56, 5054 }, // U+04D7
    { 14, 15, 220, 0, 15, 53, 5110 }, // U+04D8
    { 11, 12, 186, 0, 12, 33, 5163 }, // U+04D9
    { 14, 20, 220, 0, 20, 70, 5196 }, // U+04DA
    { 11, 17, 186, 0, 17, 47, 5266 }, // U+04DB
    { 23, 20, 302, -2, 20, 115, 5313 }, // U+04DC
    { 22, 17, 318, -1, 17, 94, 5428 }, // U+04DD
    { 12, 20, 190, 0, 20, 60, 5522 }, // U+04DE
    { 11, 17, 166, 0, 17, 47, 5582 }, // U+04DF
    { 13, 15, 185, -1, 15, 49, 5629 }, // U+04E0
    { 12, 17, 182, -1, 12, 51, 5678 }, // U+04E1
    { 15, 19, 233, 0, 19, 72, 5729 }, // U+04E2
    { 12, 15, 202, 1, 15, 45, 5801 }, // U+04E3
    { 15, 20, 233, 0, 20, 75, 5846 }, // U+04E4
    { 12, 17, 202, 1, 17, 51, 5921 }, // U+04E5
    { 14, 20, 244, 1, 20, 70, 5972 }, // U+04E6
    { 12, 17, 197, 0, 17, 51, 6042 }, // U+04E7
    { 14, 15, 243, 1, 15, 53, 6093 }, // U+04E8
    { 12, 12, 197, 0, 12, 36, 6146 }, // U+04E9
    { 14, 20, 243, 1, 20, 70, 6182 }, // U+04EA
    { 12, 17, 197, 0, 17, 51, 6252 }, // U+04EB
    { 13, 20, 203, 0, 20, 65, 6303 }, // U+04EC
    { 10, 17, 159, 0, 17, 43, 6368 }, // U+04ED
    { 15, 19, 197, 0, 19, 72, 6411 }, // U+04EE
    { 14, 20, 173, -2, 15, 70, 6483 }, // U+04EF
    { 15, 20, 197, 0, 20, 75, 6553 }, // U+04F0
    { 14, 22, 173, -2, 17, 77, 6628 }, // U+04F1
    { 15, 20, 197, 0, 20, 75, 6705 }, // U+04F2
    { 15, 21, 173, -2, 16, 79, 6780 }, // U+04F3
    { 14, 20, 218, 1, 20, 70, 6859 }, // U+04F4
    { 11, 16, 192, 1, 16, 44, 6929 }, // U+04F5
    { 12, 19, 168, 0, 15, 57, 6973 }, // U+04F6
    { 11, 16, 154, 0, 12, 44, 7030 }, // U+04F7
    { 19, 20, 292, 0, 20, 95, 7074 }, // U+04F8
    { 17, 17, 268, 0, 17, 73, 7169 }, // U+04F9
    { 12, 20, 169, 0, 15, 60, 7242 }, // U+04FA
    { 12, 17, 154, -1, 12, 51, 7302 }, // U+04FB
    { 17, 20, 230, -2, 15, 85, 7353 }, // U+04FC
    { 15, 17, 200, -2, 12, 64, 0 }, // U+04FD
    { 17, 15, 203, -2, 15, 64, 64 }, // U+04FE
    { 15, 12, 177, -2, 12, 45, 128 }, // U+04FF
    { 14, 19, 209, -2, 15, 67, 0 }, // U+1EA0
    { 13, 16, 197, 0, 12, 52, 67 }, // U+1EA1
    { 14, 22, 209, -2, 22, 77, 119 }, // U+1EA2
    { 13, 18, 197, 0, 18, 59, 196 }, // U+1EA3
    { 19, 21, 209, -2, 21, 100, 255 }, // U+1EA4
    { 15, 18, 197, 0, 18, 68, 355 }, // U+1EA5
    { 15, 21, 209, -2, 21, 79, 423 }, // U+1EA6
    { 13, 17, 197, 0, 17, 56, 502 }, // U+1EA7
    { 17, 23, 209, -2, 23, 98, 558 }, // U+1EA8
    { 14, 19, 197, 0, 19, 67, 656 }, // U+1EA9
    { 15, 23, 209, -2, 23, 87, 723 }, // U+1EAA
    { 13, 19, 197, 0, 19, 62, 810 }, // U+1EAB
    { 15, 24, 209, -2, 20, 90, 872 }, // U+1EAC
    { 13, 20, 197, 0, 16, 65, 962 }, // U+1EAD
    { 15, 22, 209, -2, 22, 83, 1027 }, // U+1EAE
    { 13, 19, 197, 0, 19, 62, 1110 }, // U+1EAF
    { 15, 22, 209, -2, 22, 83, 1172 }, // U+1EB0
    { 13, 19, 197, 0, 19, 62, 1255 }, // U+1EB1
    { 15, 22, 209, -2, 22, 83, 1317 }, // U+1EB2
    { 13, 19, 197, 0, 19, 62, 1400 }, // U+1EB3
    { 16, 23, 209, -2, 23, 92, 1462 }, // U+1EB4
    { 13, 20, 197, 0, 20, 65, 1554 }, // U+1EB5
    { 15, 24, 209, -2, 20, 90, 1619 }, // U+1EB6
    { 13, 20, 197, 0, 16, 65, 1709 }, // U+1EB7
    { 13, 19, 181, 0, 15, 62, 1774 }, // U+1EB8
    { 12, 16, 186, 0, 12, 48, 1836 }, // U+1EB9
    { 13, 22, 181, 0, 22, 72, 1884 }, // U+1EBA
    { 12, 18, 186, 0, 18, 54, 1956 }, // U+1EBB
    { 13, 20, 181, 0, 20, 65, 2010 }, // U+1EBC
    { 12, 16, 186, 0, 16, 48, 2075 }, // U+1EBD
    { 16, 21, 181, 0, 21, 84, 2123 }, // U+1EBE
    { 15, 18, 186, 0, 18, 68, 2207 }, // U+1EBF
    { 13, 21, 181, 0, 21, 69, 2275 }, // U+1EC0
    { 12, 17, 186, 0, 17, 51, 2344 }, // U+1EC1
    { 15, 23, 181, 0, 23, 87, 2395 }, // U+1EC2
    { 14, 19, 186, 0, 19, 67, 2482 }, // U+1EC3
    { 13, 23, 181, 0, 23, 75, 2549 }, // U+1EC4
    { 12, 19, 186, 0, 19, 57, 2624 }, // U+1EC5
    { 13, 24, 181, 0, 20, 78, 2681 }, // U+1EC6
    { 12, 20, 186, 0, 16, 60, 2759 }, // U+1EC7
    { 11, 22, 128, -1, 22, 61, 2819 }, // U+1EC8
    { 8, 18, 100, 0, 18, 36, 2880 }, // U+1EC9
    { 11, 19, 128, -1, 15, 53, 2916 }, // U+1ECA
    { 8, 20, 100, -1, 16, 40, 2969 }, // U+1ECB
    { 14, 19, 244, 1, 15, 67, 3009 }, // U+1ECC
    { 12, 16, 197, 0, 12, 48, 3076 }, // U+1ECD
    { 14, 22, 244, 1, 22, 77, 3124 }, // U+1ECE
    { 12, 18, 197, 0, 18, 54, 3201 }, // U+1ECF
    { 17, 22, 244, 1, 22, 94, 3255 }, // U+1ED0
    { 15, 18, 197, 0, 18, 68, 3349 }, // U+1ED1
    { 14, 21, 244, 1, 21, 74, 3417 }, // U+1ED2
    { 12, 17, 197, 0, 17, 51, 3491 }, // U+1ED3
    { 15, 23, 244, 1, 23, 87, 3542 }, // U+1ED4
    { 14, 19, 197, 0, 19, 67, 3629 }, // U+1ED5
    { 14, 23, 244, 1, 23, 81, 3696 }, // U+1ED6
    { 12, 19, 197, 0, 19, 57, 3777 }, // U+1ED7
    { 14, 24, 244, 1, 20, 84, 3834 }, // U+1ED8
    { 12, 20, 197, 0, 16, 60, 3918 }, // U+1ED9
    { 18, 21, 257, 1, 21, 95, 3978 }, // U+1EDA
    { 16, 16, 218, 0, 16, 64, 4073 }, // U+1EDB
    { 18, 20, 257, 1, 20, 90, 4137 }, // U+1EDC
    { 16, 16, 218, 0, 16, 64, 4227 }, // U+1EDD
    { 18, 22, 257, 1, 22, 99, 4291 }, // U+1EDE
    { 16, 18, 218, 0, 18, 72, 4390 }, // U+1EDF
    { 18, 21, 257, 1, 21, 95, 4462 }, // U+1EE0
    { 16, 16, 218, 0, 16, 64, 4557 }, // U+1EE1
    { 18, 20, 257, 1, 16, 90, 4621 }, // U+1EE2
    { 16, 18, 218, 0, 14, 72, 4711 }, // U+1EE3
    { 14, 19, 231, 1, 15, 67, 4783 }, // U+1EE4
    { 12, 16, 202, 1, 12, 48, 4850 }, // U+1EE5
    { 14, 22, 231, 1, 22, 77, 4898 }, // U+1EE6
    { 12, 18, 202, 1, 18, 54, 4975 }, // U+1EE7
    { 19, 21, 258, 1, 21, 100, 5029 }, // U+1EE8
    { 17, 16, 237, 1, 16, 68, 5129 }, // U+1EE9
    { 19, 20, 258, 1, 20, 95, 5197 }, // U+1EEA
    { 17, 16, 237, 1, 16, 68, 5292 }, // U+1EEB
    { 19, 22, 258, 1, 22, 105, 5360 }, // U+1EEC
    { 17, 18, 237, 1, 18, 77, 5465 }, // U+1EED
    { 19, 21, 258, 1, 21, 100, 5542 }, // U+1EEE
    { 17, 16, 237, 1, 16, 68, 5642 }, // U+1EEF
    { 19, 20, 258, 1, 16, 95, 5710 }, // U+1EF0
    { 17, 18, 237, 1, 14, 77, 5805 }, // U+1EF1
    { 13, 20, 188, 1, 20, 65, 5882 }, // U+1EF2
    { 14, 21, 173, -2, 16, 74, 5947 }, // U+1EF3
    { 13, 19, 188, 1, 15, 62, 6021 }, // U+1EF4
    { 14, 17, 173, -2, 12, 60, 6083 }, // U+1EF5
    { 13, 22, 188, 1, 22, 72, 6143 }, // U+1EF6
    { 14, 23, 173, -2, 18, 81, 6215 }, // U+1EF7
    { 13, 20, 188, 1, 20, 65, 6296 }, // U+1EF8
    { 14, 21, 173, -2, 16, 74, 6361 }, // U+1EF9
    { 0, 0, 167, 0, 0, 0, 0 }, // U+2000
    { 0, 0, 333, 0, 0, 0, 0 }, // U+2001
    { 0, 0, 167, 0, 0, 0, 0 }, // U+2002
    { 0, 0, 333, 0, 0, 0, 0 }, // U+2003
    { 0, 0, 111, 0, 0, 0, 0 }, // U+2004
    { 0, 0, 83, 0, 0, 0, 0 }, // U+2005
    { 0, 0, 56, 0, 0, 0, 0 }, // U+2006
    { 0, 0, 184, 0, 0, 0, 0 }, // U+2007
    { 0, 0, 96, 0, 0, 0, 0 }, // U+2008
    { 0, 0, 55, 0, 0, 0, 0 }, // U+2009
    { 0, 0, 33, 0, 0, 0, 0 }, // U+200A
    { 0, 0, 0, 0, 0, 0, 0 }, // U+200B
    { 0, 0, 0, 0, 0, 0, 0 }, // U+200C
    { 0, 0, 0, 0, 0, 0, 0 }, // U+200D
    { 6, 18, 0, -1, 15, 27, 0 }, // U+200E
    { 6, 18, 0, -5, 15, 27, 27 }, // U+200F
    { 7, 3, 108, 0, 7, 6, 54 }, // U+2010
    { 7, 3, 108, 0, 7, 6, 60 }, // U+2011
    { 12, 3, 184, 0, 9, 9, 66 }, // U+2012
    { 10, 3, 160, 0, 8, 8, 75 }, // U+2013
    { 20, 3, 320, 0, 8, 15, 83 }, // U+2014
    { 20, 3, 320, 0, 8, 15, 98 }, // U+2015
    { 9, 21, 184, 1, 16, 48, 113 }, // U+2016
    { 11, 5, 133, -3, -1, 14, 161 }, // U+2017
    { 6, 5, 72, 1, 15, 8, 175 }, // U+2018
    { 6, 5, 72, 1, 15, 8, 183 }, // U+2019
    { 6, 5, 93, -2, 2, 8, 191 }, // U+201A
    { 4, 5, 72, 2, 15, 5, 199 }, // U+201B
    { 10, 5, 144, 1, 15, 13, 204 }, // U+201C
    { 10, 5, 144, 1, 15, 13, 217 }, // U+201D
    { 11, 5, 166, -2, 2, 14, 230 }, // U+201E
    { 8, 5, 144, 2, 15, 10, 244 }, // U+201F
    { 10, 16, 171, 1, 16, 40, 254 }, // U+2020
    { 11, 16, 171, 0, 16, 44, 294 }, // U+2021
    { 7, 7, 125, 1, 12, 13, 338 }, // U+2022
    { 8, 9, 117, 0, 13, 18, 351 }, // U+2023
    { 5, 4, 167, 2, 4, 5, 369 }, // U+2024
    { 10, 4, 192, 0, 4, 10, 374 }, // U+2025
    { 16, 4, 278, 0, 4, 16, 384 }, // U+2026
    { 5, 4, 107, 1, 8, 5, 400 }, // U+2027
    { 0, 0, 200, 0, 0, 0, 405 }, // U+2028
    { 0, 0, 200, 0, 0, 0, 405 }, // U+2029
    { 6, 16, 0, -1, 13, 24, 405 }, // U+202A
    { 6, 16, 0, -5, 13, 24, 429 }, // U+202B
    { 6, 18, 0, -3, 15, 27, 453 }, // U+202C
    { 6, 18, 0, -3, 15, 27, 480 }, // U+202D
    { 6, 18, 0, -3, 15, 27, 507 }, // U+202E
    { 0, 0, 55, 0, 0, 0, 534 }, // U+202F
    { 24, 15, 406, 1, 15, 90, 534 }, // U+2030
    { 32, 15, 527, 1, 15, 120, 624 }, // U+2031
    { 7, 6, 94, 1, 15, 11, 744 }, // U+2032
    { 12, 5, 171, 1, 15, 15, 755 }, // U+2033
    { 16, 5, 248, 1, 15, 20, 770 }, // U+2034
    { 6, 6, 94, 1, 15, 9, 790 }, // U+2035
    { 11, 5, 171, 1, 15, 14, 799 }, // U+2036
    { 16, 5, 248, 1, 15, 20, 813 }, // U+2037
    { 8, 7, 117, -2, 2, 14, 833 }, // U+2038
    { 7, 11, 109, 0, 11, 20, 847 }, // U+2039
    { 7, 11, 108, 0, 11, 20, 867 }, // U+203A
    { 17, 15, 282, 0, 15, 64, 887 }, // U+203B
    { 13, 15, 187, 0, 15, 49, 951 }, // U+203C
    { 10, 15, 153, 1, 15, 38, 1000 }, // U+203D
    { 10, 3, 167, 2, 19, 8, 1038 }, // U+203E
    { 12, 5, 179, -2, 0, 15, 1046 }, // U+203F
    { 12, 5, 179, 1, 17, 15, 1061 }, // U+2040
    { 11, 14, 128, -2, 9, 39, 1076 }, // U+2041
    { 24, 21, 384, -1, 18, 126, 1115 }, // U+2042
    { 7, 3, 108, 0, 7, 6, 1241 }, // U+2043
    { 15, 15, 42, -6, 15, 57, 1247 }, // U+2044
    { 10, 20, 110, -1, 15, 50, 1304 }, // U+2045
    { 10, 20, 110, -2, 15, 50, 1354 }, // U+2046
    { 19, 15, 302, 1, 15, 72, 1404 }, // U+2047
    { 16, 15, 251, 1, 15, 60, 1476 }, // U+2048
    { 17, 15, 248, 0, 15, 64, 1536 }, // U+2049
    { 11, 12, 177, 1, 12, 33, 1600 }, // U+204A
    { 11, 20, 207, 2, 16, 55, 1633 }, // U+204B
    { 11, 12, 214, 1, 12, 33, 1688 }, // U+204C
    { 12, 12, 214, 1, 12, 36, 1721 }, // U+204D
    { 11, 12, 181, -1, 7, 33, 1757 }, // U+204E
    { 6, 15, 95, 0, 12, 23, 1790 }, // U+204F
    { 15, 22, 179, -2, 17, 83, 1813 }, // U+2050
    { 13, 23, 181, -1, 18, 75, 1896 }, // U+2051
    { 9, 15, 141, 0, 15, 34, 1971 }, // U+2052
    { 20, 4, 333, 1, 8, 20, 2005 }, // U+2053
    { 11, 5, 179, -2, -1, 14, 2025 }, // U+2054
    { 12, 11, 191, 0, 11, 33, 2039 }, // U+2055
    { 10, 15, 186, 1, 15, 38, 2072 }, // U+2056
    { 19, 5, 295, 1, 15, 24, 2110 }, // U+2057
    { 16, 15, 283, 1, 15, 60, 2134 }, // U+2058
    { 16, 15, 284, 1, 15, 60, 2194 }, // U+2059
    { 4, 15, 91, 1, 15, 15, 2254 }, // U+205A
    { 13, 16, 238, 1, 16, 52, 2269 }, // U+205B
    { 17, 17, 276, 0, 16, 73, 2321 }, // U+205C
    { 4, 16, 94, 1, 16, 16, 2394 }, // U+205D
    { 4, 15, 95, 1, 15, 15, 2410 }, // U+205E
    { 0, 0, 74, 0, 0, 0, 2425 }, // U+205F
    { 0, 0, 200, 0, 0, 0, 2425 }, // U+2060
    { 0, 0, 200, 0, 0, 0, 2425 }, // U+2061
    { 0, 0, 200, 0, 0, 0, 2425 }, // U+2062
    { 0, 0, 200, 0, 0, 0, 2425 }, // U+2063
    { 0, 0, 200, 0, 0, 0, 2425 }, // U+2064
    { 0, 0, 200, 0, 0, 0, 2425 }, // U+2066
    { 0, 0, 200, 0, 0, 0, 2425 }, // U+2067
    { 0, 0, 200, 0, 0, 0, 2425 }, // U+2068
    { 0, 0, 200, 0, 0, 0, 2425 }, // U+2069
    { 6, 18, 0, -3, 15, 27, 2425 }, // U+206A
    { 6, 18, 0, -3, 15, 27, 2452 }, // U+206B
    { 6, 18, 0, -3, 15, 27, 2479 }, // U+206C
    { 6, 18, 0, -3, 15, 27, 2506 }, // U+206D
    { 6, 18, 0, -3, 15, 27, 2533 }, // U+206E
    { 6, 18, 0, -3, 15, 27, 2560 }, // U+206F
    { 9, 10, 126, 1, 18, 23, 0 }, // U+2070
    { 5, 10, 81, 1, 16, 13, 23 }, // U+2071
    { 8, 10, 126, 1, 18, 20, 36 }, // U+2074
    { 8, 10, 126, 1, 18, 20, 56 }, // U+2075
    { 9, 10, 126, 1, 18, 23, 76 }, // U+2076
    { 8, 10, 126, 2, 19, 20, 99 }, // U+2077
    { 8, 11, 126, 1, 19, 22, 119 }, // U+2078
    { 9, 9, 126, 1, 17, 21, 141 }, // U+2079
    { 7, 6, 125, 2, 16, 11, 162 }, // U+207A
    { 7, 2, 125, 2, 13, 4, 173 }, // U+207B
    { 7, 5, 134, 2, 15, 9, 177 }, // U+207C
    { 6, 12, 74, 2, 19, 18, 186 }, // U+207D
    { 6, 12, 74, 0, 19, 18, 204 }, // U+207E
    { 8, 7, 131, 1, 13, 14, 222 }, // U+207F
    { 8, 10, 126, -1, 7, 20, 236 }, // U+2080
    { 8, 9, 126, -1, 6, 18, 256 }, // U+2081
    { 8, 10, 126, -1, 7, 20, 274 }, // U+2082
    { 8, 9, 126, -1, 6, 18, 294 }, // U+2083
    { 9, 10, 126, -2, 7, 23, 312 }, // U+2084
    { 8, 10, 126, -1, 7, 20, 335 }, // U+2085
    { 8, 9, 126, -1, 6, 18, 355 }, // U+2086
    { 9, 10, 126, -1, 7, 23, 373 }, // U+2087
    { 8, 11, 126, -1, 8, 22, 396 }, // U+2088
    { 8, 9, 126, -1, 6, 18, 418 }, // U+2089
    { 7, 6, 125, 0, 5, 11, 436 }, // U+208A
    { 7, 2, 125, 0, 3, 4, 447 }, // U+208B
    { 7, 5, 134, 0, 4, 9, 451 }, // U+208C
    { 6, 12, 74, 0, 8, 18, 460 }, // U+208D
    { 6, 12, 74, -3, 8, 18, 478 }, // U+208E
    { 8, 7, 128, -1, 5, 14, 496 }, // U+2090
    { 8, 7, 119, -1, 5, 14, 510 }, // U+2091
    { 8, 7, 128, -1, 5, 14, 524 }, // U+2092
    { 9, 7, 116, -2, 5, 16, 538 }, // U+2093
    { 7, 7, 119, -1, 5, 13, 554 }, // U+2094
    { 9, 10, 149, -1, 8, 23, 567 }, // U+2095
    { 10, 10, 131, -1, 8, 25, 590 }, // U+2096
    { 6, 10, 85, -1, 8, 15, 615 }, // U+2097
    { 13, 7, 214, -1, 5, 23, 630 }, // U+2098
    { 8, 7, 131, -1, 5, 14, 653 }, // U+2099
    { 9, 10, 129, -2, 5, 23, 667 }, // U+209A
    { 7, 7, 112, -1, 5, 13, 690 }, // U+209B
    { 6, 9, 88, -1, 7, 14, 703 }, // U+209C
    { 12, 15, 191, 1, 15, 45, 0 }, // U+20A0
    { 14, 17, 184, 0, 16, 60, 45 }, // U+20A1
    { 13, 15, 191, 0, 15, 49, 105 }, // U+20A2
    { 13, 15, 184, 0, 15, 49, 154 }, // U+20A3
    { 14, 15, 184, -1, 15, 53, 203 }, // U+20A4
    { 18, 17, 302, 0, 14, 77, 256 }, // U+20A5
    { 13, 15, 194, 0, 15, 49, 333 }, // U+20A6
    { 18, 15, 285, 0, 15, 68, 382 }, // U+20A7
    { 19, 15, 299, 0, 15, 72, 450 }, // U+20A8
    { 17, 15, 242, 0, 15, 64, 522 }, // U+20A9
    { 19, 15, 288, 0, 15, 72, 586 }, // U+20AA
    { 15, 20, 198, 0, 16, 75, 658 }, // U+20AB
    { 13, 15, 184, 0, 15, 49, 733 }, // U+20AC
    { 15, 15, 191, 0, 15, 57, 782 }, // U+20AD
    { 13, 15, 177, 0, 15, 49, 839 }, // U+20AE
    { 21, 20, 337, 0, 15, 105, 888 }, // U+20AF
    { 15, 20, 197, -2, 15, 75, 993 }, // U+20B0
    { 13, 15, 191, 0, 15, 49, 1068 }, // U+20B1
    { 14, 18, 230, 1, 16, 63, 1117 }, // U+20B2
    { 16, 15, 200, -2, 15, 60, 1180 }, // U+20B3
    { 13, 15, 190, 0, 15, 49, 1240 }, // U+20B4
    { 13, 19, 204, 1, 16, 62, 1289 }, // U+20B5
    { 15, 15, 225, 0, 15, 57, 1351 }, // U+20B6
    { 16, 17, 229, -1, 15, 68, 1408 }, // U+20B7
    { 13, 15, 176, 0, 15, 49, 1476 }, // U+20B8
    { 11, 15, 184, 1, 15, 42, 1525 }, // U+20B9
    { 12, 15, 184, 0, 15, 45, 1567 }, // U+20BA
    { 14, 15, 214, 1, 15, 53, 1612 }, // U+20BB
    { 17, 15, 272, -1, 15, 64, 1665 }, // U+20BC
    { 14, 15, 194, -1, 15, 53, 1729 }, // U+20BD
    { 15, 18, 204, -1, 18, 68, 1782 }, // U+20BE
    { 12, 20, 184, 0, 18, 60, 1850 }, // U+20BF
    { 7, 3, 108, 0, 7, 6, 0 }, // U+2212
    { 21, 21, 238, -3, 16, 111, 0 }, // U+FB00
    { 18, 21, 223, -3, 16, 95, 111 }, // U+FB01
    { 18, 21, 223, -3, 16, 95, 206 }, // U+FB02
    { 25, 21, 333, -3, 16, 132, 301 }, // U+FB03
    { 25, 21, 333, -3, 16, 132, 433 }, // U+FB04
    { 20, 21, 253, -3, 16, 105, 565 }, // U+FB05
    { 19, 16, 294, 0, 16, 76, 670 }, // U+FB06
    { 20, 20, 333, 0, 17, 100, 0 }, // U+FFFD
};

static const EpdUnicodeInterval notosans_10_bolditalicIntervals[] = {
    { 0x0, 0x0, 0x0 },
    { 0xD, 0xD, 0x1 },
    { 0x20, 0x7E, 0x2 },
    { 0xA0, 0xFF, 0x61 },
    { 0x100, 0x17F, 0xC1 },
    { 0x1A0, 0x1A1, 0x141 },
    { 0x1AF, 0x1B0, 0x143 },
    { 0x1C4, 0x21F, 0x145 },
    { 0x300, 0x36F, 0x1A1 },
    { 0x400, 0x4FF, 0x211 },
    { 0x1EA0, 0x1EF9, 0x311 },
    { 0x2000, 0x2064, 0x36B },
    { 0x2066, 0x206F, 0x3D0 },
    { 0x2070, 0x2071, 0x3DA },
    { 0x2074, 0x208E, 0x3DC },
    { 0x2090, 0x209C, 0x3F7 },
    { 0x20A0, 0x20BF, 0x404 },
    { 0x2212, 0x2212, 0x424 },
    { 0xFB00, 0xFB06, 0x425 },
    { 0xFFFD, 0xFFFD, 0x42C },
};

static const EpdFontGroup notosans_10_bolditalicGroups[] = {
    { 0, 2390, 4499, 97, 0 },
    { 2390, 2083, 5292, 96, 97 },
    { 4473, 2692, 8131, 125, 193 },
    { 7165, 139, 228, 3, 318 },
    { 7304, 2658, 7302, 96, 321 },
    { 9962, 872, 1269, 112, 417 },
    { 10834, 3983, 8179, 136, 529 },
    { 14817, 3672, 8166, 117, 665 },
    { 18489, 134, 191, 3, 782 },
    { 18623, 1631, 7131, 90, 785 },
    { 20254, 1416, 2917, 111, 875 },
    { 21670, 564, 826, 42, 986 },
    { 22234, 1315, 2131, 32, 1028 },
    { 23549, 8, 6, 1, 1060 },
    { 23557, 359, 815, 7, 1061 },
    { 23916, 79, 100, 1, 1068 },
};

static const EpdKernClassEntry notosans_10_bolditalicKernLeftClasses[] = {
    { 0x0020, 1 }, // U+0020
    { 0x0022, 2 }, // "
    { 0x0026, 3 }, // &
    { 0x0027, 2 }, // '
    { 0x0028, 4 }, // (
    { 0x002C, 5 }, // ,
    { 0x002D, 6 }, // -
    { 0x002E, 5 }, // .
    { 0x0041, 7 }, // A
    { 0x0042, 8 }, // B
    { 0x0043, 9 }, // C
    { 0x0044, 10 }, // D
    { 0x0045, 11 }, // E
    { 0x0046, 12 }, // F
    { 0x004B, 13 }, // K
    { 0x004C, 14 }, // L
    { 0x004F, 10 }, // O
    { 0x0050, 15 }, // P
    { 0x0051, 10 }, // Q
    { 0x0052, 16 }, // R
    { 0x0054, 17 }, // T
    { 0x0055, 18 }, // U
    { 0x0056, 19 }, // V
    { 0x0057, 19 }, // W
    { 0x0058, 13 }, // X
    { 0x0059, 20 }, // Y
    { 0x005A, 21 }, // Z
    { 0x005B, 4 }, // [
    { 0x005F, 22 }, // _
    { 0x0061, 23 }, // a
    { 0x0062, 24 }, // b
    { 0x0063, 25 }, // c
    { 0x0065, 24 }, // e
    { 0x0066, 26 }, // f
    { 0x006B, 27 }, // k
    { 0x006F, 24 }, // o
    { 0x0070, 24 }, // p
    { 0x0072, 28 }, // r
    { 0x0074, 29 }, // t
    { 0x0076, 30 }, // v
    { 0x0077, 30 }, // w
    { 0x0078, 27 }, // x
    { 0x0079, 30 }, // y
    { 0x007B, 4 }, // {
    { 0x00A1, 31 }, // U+00A1
    { 0x00AB, 32 }, // U+00AB
    { 0x00BB, 33 }, // U+00BB
    { 0x00BF, 34 }, // U+00BF
    { 0x00C0, 7 }, // U+00C0
    { 0x00C1, 7 }, // U+00C1
    { 0x00C2, 7 }, // U+00C2
    { 0x00C3, 7 }, // U+00C3
    { 0x00C4, 7 }, // U+00C4
    { 0x00C5, 7 }, // U+00C5
    { 0x00C6, 11 }, // U+00C6
    { 0x00C7, 9 }, // U+00C7
    { 0x00C8, 11 }, // U+00C8
    { 0x00C9, 11 }, // U+00C9
    { 0x00CA, 11 }, // U+00CA
    { 0x00CB, 11 }, // U+00CB
    { 0x00D0, 10 }, // U+00D0
    { 0x00D2, 10 }, // U+00D2
    { 0x00D3, 10 }, // U+00D3
    { 0x00D4, 10 }, // U+00D4
    { 0x00D5, 10 }, // U+00D5
    { 0x00D6, 10 }, // U+00D6
    { 0x00D8, 10 }, // U+00D8
    { 0x00D9, 18 }, // U+00D9
    { 0x00DA, 18 }, // U+00DA
    { 0x00DB, 18 }, // U+00DB
    { 0x00DC, 18 }, // U+00DC
    { 0x00DD, 20 }, // U+00DD
    { 0x00DE, 15 }, // U+00DE
    { 0x00E0, 23 }, // U+00E0
    { 0x00E1, 23 }, // U+00E1
    { 0x00E2, 23 }, // U+00E2
    { 0x00E3, 23 }, // U+00E3
    { 0x00E4, 23 }, // U+00E4
    { 0x00E5, 23 }, // U+00E5
    { 0x00E6, 24 }, // U+00E6
    { 0x00E8, 24 }, // U+00E8
    { 0x00E9, 24 }, // U+00E9
    { 0x00EA, 24 }, // U+00EA
    { 0x00EB, 24 }, // U+00EB
    { 0x00EF, 35 }, // U+00EF
    { 0x00F0, 24 }, // U+00F0
    { 0x00F2, 24 }, // U+00F2
    { 0x00F3, 24 }, // U+00F3
    { 0x00F4, 24 }, // U+00F4
    { 0x00F5, 24 }, // U+00F5
    { 0x00F6, 24 }, // U+00F6
    { 0x00F8, 24 }, // U+00F8
    { 0x00FD, 30 }, // U+00FD
    { 0x00FE, 24 }, // U+00FE
    { 0x00FF, 30 }, // U+00FF
    { 0x0100, 7 }, // U+0100
    { 0x0101, 23 }, // U+0101
    { 0x0102, 7 }, // U+0102
    { 0x0103, 23 }, // U+0103
    { 0x0104, 7 }, // U+0104
    { 0x0105, 23 }, // U+0105
    { 0x0106, 9 }, // U+0106
    { 0x0108, 9 }, // U+0108
    { 0x010A, 9 }, // U+010A
    { 0x010C, 9 }, // U+010C
    { 0x010E, 10 }, // U+010E
    { 0x010F, 36 }, // U+010F
    { 0x0110, 10 }, // U+0110
    { 0x0112, 11 }, // U+0112
    { 0x0113, 24 }, // U+0113
    { 0x0114, 11 }, // U+0114
    { 0x0115, 24 }, // U+0115
    { 0x0116, 11 }, // U+0116
    { 0x0117, 24 }, // U+0117
    { 0x0118, 11 }, // U+0118
    { 0x0119, 24 }, // U+0119
    { 0x011A, 11 }, // U+011A
    { 0x011B, 24 }, // U+011B
    { 0x0129, 37 }, // U+0129
    { 0x012B, 35 }, // U+012B
    { 0x012E, 38 }, // U+012E
    { 0x0136, 13 }, // U+0136
    { 0x0137, 27 }, // U+0137
    { 0x0138, 27 }, // U+0138
    { 0x0139, 14 }, // U+0139
    { 0x013B, 14 }, // U+013B
    { 0x013D, 14 }, // U+013D
    { 0x013E, 36 }, // U+013E
    { 0x013F, 14 }, // U+013F
    { 0x0141, 14 }, // U+0141
    { 0x014C, 10 }, // U+014C
    { 0x014D, 24 }, // U+014D
    { 0x014E, 10 }, // U+014E
    { 0x014F, 24 }, // U+014F
    { 0x0150, 10 }, // U+0150
    { 0x0151, 24 }, // U+0151
    { 0x0152, 11 }, // U+0152
    { 0x0153, 24 }, // U+0153
    { 0x0155, 28 }, // U+0155
    { 0x0157, 28 }, // U+0157
    { 0x0159, 28 }, // U+0159
    { 0x0162, 17 }, // U+0162
    { 0x0163, 29 }, // U+0163
    { 0x0164, 17 }, // U+0164
    { 0x0165, 39 }, // U+0165
    { 0x0166, 17 }, // U+0166
    { 0x0167, 29 }, // U+0167
    { 0x0168, 18 }, // U+0168
    { 0x016A, 18 }, // U+016A
    { 0x016C, 18 }, // U+016C
    { 0x016E, 18 }, // U+016E
    { 0x0170, 18 }, // U+0170
    { 0x0172, 18 }, // U+0172
    { 0x0174, 19 }, // U+0174
    { 0x0175, 30 }, // U+0175
    { 0x0176, 20 }, // U+0176
    { 0x0177, 30 }, // U+0177
    { 0x0178, 20 }, // U+0178
    { 0x0179, 21 }, // U+0179
    { 0x017B, 21 }, // U+017B
    { 0x017D, 21 }, // U+017D
    { 0x01A0, 40 }, // U+01A0
    { 0x01A1, 41 }, // U+01A1
    { 0x01AF, 42 }, // U+01AF
    { 0x01B0, 43 }, // U+01B0
    { 0x01D0, 35 }, // U+01D0
    { 0x01FA, 7 }, // U+01FA
    { 0x01FB, 23 }, // U+01FB
    { 0x01FC, 11 }, // U+01FC
    { 0x01FD, 24 }, // U+01FD
    { 0x01FE, 10 }, // U+01FE
    { 0x01FF, 24 }, // U+01FF
    { 0x020B, 35 }, // U+020B
    { 0x021A, 17 }, // U+021A
    { 0x021B, 29 }, // U+021B
    { 0x0402, 44 }, // U+0402
    { 0x0403, 45 }, // U+0403
    { 0x0404, 46 }, // U+0404
    { 0x0405, 47 }, // U+0405
    { 0x0408, 48 }, // U+0408
    { 0x0409, 44 }, // U+0409
    { 0x040A, 44 }, // U+040A
    { 0x040B, 49 }, // U+040B
    { 0x040C, 50 }, // U+040C
    { 0x040E, 51 }, // U+040E
    { 0x0410, 52 }, // U+0410
    { 0x0411, 53 }, // U+0411
    { 0x0412, 54 }, // U+0412
    { 0x0413, 45 }, // U+0413
    { 0x0414, 55 }, // U+0414
    { 0x0416, 50 }, // U+0416
    { 0x0417, 54 }, // U+0417
    { 0x041A, 50 }, // U+041A
    { 0x041E, 56 }, // U+041E
    { 0x0420, 57 }, // U+0420
    { 0x0421, 46 }, // U+0421
    { 0x0422, 45 }, // U+0422
    { 0x0423, 51 }, // U+0423
    { 0x0424, 58 }, // U+0424
    { 0x0425, 50 }, // U+0425
    { 0x0426, 55 }, // U+0426
    { 0x0429, 55 }, // U+0429
    { 0x042A, 44 }, // U+042A
    { 0x042C, 44 }, // U+042C
    { 0x042D, 56 }, // U+042D
    { 0x042E, 56 }, // U+042E
    { 0x0430, 59 }, // U+0430
    { 0x0431, 60 }, // U+0431
    { 0x0432, 61 }, // U+0432
    { 0x0433, 62 }, // U+0433
    { 0x0434, 63 }, // U+0434
    { 0x0435, 62 }, // U+0435
    { 0x0436, 64 }, // U+0436
    { 0x0437, 61 }, // U+0437
    { 0x0438, 59 }, // U+0438
    { 0x0439, 59 }, // U+0439
    { 0x043A, 65 }, // U+043A
    { 0x043B, 59 }, // U+043B
    { 0x043C, 59 }, // U+043C
    { 0x043D, 59 }, // U+043D
    { 0x043E, 66 }, // U+043E
    { 0x043F, 67 }, // U+043F
    { 0x0440, 66 }, // U+0440
    { 0x0441, 64 }, // U+0441
    { 0x0442, 67 }, // U+0442
    { 0x0443, 68 }, // U+0443
    { 0x0444, 66 }, // U+0444
    { 0x0445, 65 }, // U+0445
    { 0x0446, 69 }, // U+0446
    { 0x0447, 59 }, // U+0447
    { 0x0448, 59 }, // U+0448
    { 0x0449, 69 }, // U+0449
    { 0x044A, 70 }, // U+044A
    { 0x044B, 59 }, // U+044B
    { 0x044C, 70 }, // U+044C
    { 0x044D, 66 }, // U+044D
    { 0x044E, 66 }, // U+044E
    { 0x044F, 59 }, // U+044F
    { 0x0450, 62 }, // U+0450
    { 0x0451, 62 }, // U+0451
    { 0x0452, 71 }, // U+0452
    { 0x0453, 62 }, // U+0453
    { 0x0454, 64 }, // U+0454
    { 0x0455, 72 }, // U+0455
    { 0x0457, 73 }, // U+0457
    { 0x0458, 74 }, // U+0458
    { 0x0459, 70 }, // U+0459
    { 0x045A, 70 }, // U+045A
    { 0x045B, 67 }, // U+045B
    { 0x045C, 65 }, // U+045C
    { 0x045D, 59 }, // U+045D
    { 0x045E, 75 }, // U+045E
    { 0x045F, 59 }, // U+045F
    { 0x0460, 51 }, // U+0460
    { 0x0461, 76 }, // U+0461
    { 0x0462, 77 }, // U+0462
    { 0x0463, 70 }, // U+0463
    { 0x0464, 46 }, // U+0464
    { 0x0466, 52 }, // U+0466
    { 0x0467, 78 }, // U+0467
    { 0x0468, 52 }, // U+0468
    { 0x0469, 78 }, // U+0469
    { 0x046E, 54 }, // U+046E
    { 0x046F, 61 }, // U+046F
    { 0x0472, 56 }, // U+0472
    { 0x0473, 66 }, // U+0473
    { 0x0474, 51 }, // U+0474
    { 0x0475, 76 }, // U+0475
    { 0x0476, 51 }, // U+0476
    { 0x0477, 76 }, // U+0477
    { 0x0478, 68 }, // U+0478
    { 0x0479, 68 }, // U+0479
    { 0x047A, 56 }, // U+047A
    { 0x047B, 66 }, // U+047B
    { 0x047C, 56 }, // U+047C
    { 0x047D, 66 }, // U+047D
    { 0x047E, 51 }, // U+047E
    { 0x047F, 76 }, // U+047F
    { 0x0480, 46 }, // U+0480
    { 0x048A, 55 }, // U+048A
    { 0x048B, 63 }, // U+048B
    { 0x048C, 77 }, // U+048C
    { 0x048D, 70 }, // U+048D
    { 0x048E, 57 }, // U+048E
    { 0x048F, 66 }, // U+048F
    { 0x0490, 79 }, // U+0490
    { 0x0491, 80 }, // U+0491
    { 0x0492, 81 }, // U+0492
    { 0x0493, 82 }, // U+0493
    { 0x0495, 83 }, // U+0495
    { 0x0496, 84 }, // U+0496
    { 0x0497, 85 }, // U+0497
    { 0x0498, 54 }, // U+0498
    { 0x0499, 61 }, // U+0499
    { 0x049A, 84 }, // U+049A
    { 0x049B, 85 }, // U+049B
    { 0x049C, 50 }, // U+049C
    { 0x049D, 64 }, // U+049D
    { 0x049E, 50 }, // U+049E
    { 0x049F, 64 }, // U+049F
    { 0x04A0, 50 }, // U+04A0
    { 0x04A1, 64 }, // U+04A1
    { 0x04A2, 55 }, // U+04A2
    { 0x04A3, 63 }, // U+04A3
    { 0x04A4, 81 }, // U+04A4
    { 0x04A5, 80 }, // U+04A5
    { 0x04A7, 83 }, // U+04A7
    { 0x04A9, 66 }, // U+04A9
    { 0x04AA, 46 }, // U+04AA
    { 0x04AC, 79 }, // U+04AC
    { 0x04AD, 63 }, // U+04AD
    { 0x04AE, 86 }, // U+04AE
    { 0x04AF, 87 }, // U+04AF
    { 0x04B0, 86 }, // U+04B0
    { 0x04B1, 87 }, // U+04B1
    { 0x04B2, 84 }, // U+04B2
    { 0x04B3, 85 }, // U+04B3
    { 0x04B4, 55 }, // U+04B4
    { 0x04B5, 63 }, // U+04B5
    { 0x04B6, 55 }, // U+04B6
    { 0x04B7, 63 }, // U+04B7
    { 0x04BB, 83 }, // U+04BB
    { 0x04BC, 88 }, // U+04BC
    { 0x04BD, 62 }, // U+04BD
    { 0x04BE, 88 }, // U+04BE
    { 0x04BF, 62 }, // U+04BF
    { 0x04C1, 50 }, // U+04C1
    { 0x04C2, 64 }, // U+04C2
    { 0x04C4, 64 }, // U+04C4
    { 0x04C5, 55 }, // U+04C5
    { 0x04C6, 63 }, // U+04C6
    { 0x04C9, 55 }, // U+04C9
    { 0x04CA, 63 }, // U+04CA
    { 0x04CD, 55 }, // U+04CD
    { 0x04CE, 63 }, // U+04CE
    { 0x04D0, 52 }, // U+04D0
    { 0x04D1, 23 }, // U+04D1
    { 0x04D2, 52 }, // U+04D2
    { 0x04D3, 23 }, // U+04D3
    { 0x04D5, 62 }, // U+04D5
    { 0x04D7, 62 }, // U+04D7
    { 0x04D8, 56 }, // U+04D8
    { 0x04D9, 66 }, // U+04D9
    { 0x04DA, 56 }, // U+04DA
    { 0x04DB, 66 }, // U+04DB
    { 0x04DC, 50 }, // U+04DC
    { 0x04DD, 64 }, // U+04DD
    { 0x04DE, 54 }, // U+04DE
    { 0x04DF, 61 }, // U+04DF
    { 0x04E6, 56 }, // U+04E6
    { 0x04E7, 66 }, // U+04E7
    { 0x04E8, 56 }, // U+04E8
    { 0x04E9, 66 }, // U+04E9
    { 0x04EA, 56 }, // U+04EA
    { 0x04EB, 66 }, // U+04EB
    { 0x04EC, 56 }, // U+04EC
    { 0x04ED, 66 }, // U+04ED
    { 0x04EE, 51 }, // U+04EE
    { 0x04EF, 68 }, // U+04EF
    { 0x04F0, 51 }, // U+04F0
    { 0x04F1, 68 }, // U+04F1
    { 0x04F2, 51 }, // U+04F2
    { 0x04F3, 68 }, // U+04F3
    { 0x04F5, 59 }, // U+04F5
    { 0x04F6, 79 }, // U+04F6
    { 0x04F7, 80 }, // U+04F7
    { 0x04F9, 59 }, // U+04F9
    { 0x04FA, 81 }, // U+04FA
    { 0x04FB, 82 }, // U+04FB
    { 0x04FC, 84 }, // U+04FC
    { 0x04FD, 85 }, // U+04FD
    { 0x04FE, 50 }, // U+04FE
    { 0x04FF, 85 }, // U+04FF
    { 0x1EA0, 7 }, // U+1EA0
    { 0x1EA1, 23 }, // U+1EA1
    { 0x1EA2, 7 }, // U+1EA2
    { 0x1EA3, 23 }, // U+1EA3
    { 0x1EA4, 7 }, // U+1EA4
    { 0x1EA5, 23 }, // U+1EA5
    { 0x1EA6, 7 }, // U+1EA6
    { 0x1EA7, 23 }, // U+1EA7
    { 0x1EA8, 7 }, // U+1EA8
    { 0x1EA9, 23 }, // U+1EA9
    { 0x1EAA, 7 }, // U+1EAA
    { 0x1EAB, 23 }, // U+1EAB
    { 0x1EAC, 7 }, // U+1EAC
    { 0x1EAD, 23 }, // U+1EAD
    { 0x1EAE, 7 }, // U+1EAE
    { 0x1EAF, 23 }, // U+1EAF
    { 0x1EB0, 7 }, // U+1EB0
    { 0x1EB1, 23 }, // U+1EB1
    { 0x1EB2, 7 }, // U+1EB2
    { 0x1EB3, 23 }, // U+1EB3
    { 0x1EB4, 7 }, // U+1EB4
    { 0x1EB5, 23 }, // U+1EB5
    { 0x1EB6, 7 }, // U+1EB6
    { 0x1EB7, 23 }, // U+1EB7
    { 0x1EB8, 11 }, // U+1EB8
    { 0x1EB9, 24 }, // U+1EB9
    { 0x1EBA, 11 }, // U+1EBA
    { 0x1EBB, 24 }, // U+1EBB
    { 0x1EBC, 11 }, // U+1EBC
    { 0x1EBD, 24 }, // U+1EBD
    { 0x1EBE, 11 }, // U+1EBE
    { 0x1EBF, 24 }, // U+1EBF
    { 0x1EC0, 11 }, // U+1EC0
    { 0x1EC1, 24 }, // U+1EC1
    { 0x1EC2, 11 }, // U+1EC2
    { 0x1EC3, 24 }, // U+1EC3
    { 0x1EC4, 11 }, // U+1EC4
    { 0x1EC5, 24 }, // U+1EC5
    { 0x1EC6, 11 }, // U+1EC6
    { 0x1EC7, 24 }, // U+1EC7
    { 0x1ECC, 10 }, // U+1ECC
    { 0x1ECD, 24 }, // U+1ECD
    { 0x1ECE, 10 }, // U+1ECE
    { 0x1ECF, 24 }, // U+1ECF
    { 0x1ED0, 10 }, // U+1ED0
    { 0x1ED1, 24 }, // U+1ED1
    { 0x1ED2, 10 }, // U+1ED2
    { 0x1ED3, 24 }, // U+1ED3
    { 0x1ED4, 10 }, // U+1ED4
    { 0x1ED5, 24 }, // U+1ED5
    { 0x1ED6, 10 }, // U+1ED6
    { 0x1ED7, 24 }, // U+1ED7
    { 0x1ED8, 10 }, // U+1ED8
    { 0x1ED9, 24 }, // U+1ED9
    { 0x1EDA, 40 }, // U+1EDA
    { 0x1EDB, 41 }, // U+1EDB
    { 0x1EDC, 40 }, // U+1EDC
    { 0x1EDD, 41 }, // U+1EDD
    { 0x1EDE, 40 }, // U+1EDE
    { 0x1EDF, 41 }, // U+1EDF
    { 0x1EE0, 40 }, // U+1EE0
    { 0x1EE1, 41 }, // U+1EE1
    { 0x1EE2, 40 }, // U+1EE2
    { 0x1EE3, 41 }, // U+1EE3
    { 0x1EE4, 18 }, // U+1EE4
    { 0x1EE6, 18 }, // U+1EE6
    { 0x1EE8, 42 }, // U+1EE8
    { 0x1EE9, 43 }, // U+1EE9
    { 0x1EEA, 42 }, // U+1EEA
    { 0x1EEB, 43 }, // U+1EEB
    { 0x1EEC, 42 }, // U+1EEC
    { 0x1EED, 43 }, // U+1EED
    { 0x1EEE, 42 }, // U+1EEE
    { 0x1EEF, 43 }, // U+1EEF
    { 0x1EF0, 42 }, // U+1EF0
    { 0x1EF1, 43 }, // U+1EF1
    { 0x1EF2, 20 }, // U+1EF2
    { 0x1EF3, 30 }, // U+1EF3
    { 0x1EF4, 20 }, // U+1EF4
    { 0x1EF5, 30 }, // U+1EF5
    { 0x1EF6, 20 }, // U+1EF6
    { 0x1EF7, 30 }, // U+1EF7
    { 0x1EF8, 20 }, // U+1EF8
    { 0x1EF9, 30 }, // U+1EF9
    { 0x2013, 6 }, // U+2013
    { 0x2014, 6 }, // U+2014
    { 0x2015, 6 }, // U+2015
    { 0x2018, 2 }, // U+2018
    { 0x2019, 2 }, // U+2019
    { 0x201A, 5 }, // U+201A
    { 0x201C, 2 }, // U+201C
    { 0x201D, 2 }, // U+201D
    { 0x201E, 5 }, // U+201E
    { 0x2039, 32 }, // U+2039
    { 0x203A, 33 }, // U+203A
    { 0x207D, 89 }, // U+207D
    { 0x208D, 90 }, // U+208D
    { 0xFB00, 26 }, // U+FB00
};

static const EpdKernClassEntry notosans_10_bolditalicKernRightClasses[] = {
    { 0x0021, 1 }, // !
    { 0x0022, 2 }, // "
    { 0x0026, 3 }, // &
    { 0x0027, 2 }, // '
    { 0x0029, 4 }, // )
    { 0x002C, 5 }, // ,
    { 0x002D, 6 }, // -
    { 0x002E, 5 }, // .
    { 0x003A, 7 }, // :
    { 0x003B, 7 }, // ;
    { 0x003F, 8 }, // ?
    { 0x0041, 9 }, // A
    { 0x0043, 10 }, // C
    { 0x0047, 10 }, // G
    { 0x0049, 11 }, // I
    { 0x004A, 12 }, // J
    { 0x004F, 10 }, // O
    { 0x0051, 10 }, // Q
    { 0x0053, 13 }, // S
    { 0x0054, 14 }, // T
    { 0x0055, 15 }, // U
    { 0x0056, 16 }, // V
    { 0x0057, 16 }, // W
    { 0x0058, 17 }, // X
    { 0x0059, 18 }, // Y
    { 0x005A, 19 }, // Z
    { 0x005D, 4 }, // ]
    { 0x0061, 20 }, // a
    { 0x0063, 21 }, // c
    { 0x0064, 21 }, // d
    { 0x0065, 21 }, // e
    { 0x0066, 22 }, // f
    { 0x0067, 23 }, // g
    { 0x006A, 24 }, // j
    { 0x006D, 25 }, // m
    { 0x006E, 25 }, // n
    { 0x006F, 21 }, // o
    { 0x0070, 25 }, // p
    { 0x0071, 21 }, // q
    { 0x0072, 25 }, // r
    { 0x0073, 26 }, // s
    { 0x0074, 27 }, // t
    { 0x0075, 25 }, // u
    { 0x0076, 28 }, // v
    { 0x0077, 28 }, // w
    { 0x0079, 28 }, // y
    { 0x007A, 29 }, // z
    { 0x007D, 4 }, // }
    { 0x00AB, 30 }, // U+00AB
    { 0x00BB, 31 }, // U+00BB
    { 0x00C0, 9 }, // U+00C0
    { 0x00C1, 9 }, // U+00C1
    { 0x00C2, 9 }, // U+00C2
    { 0x00C3, 9 }, // U+00C3
    { 0x00C4, 9 }, // U+00C4
    { 0x00C5, 9 }, // U+00C5
    { 0x00C6, 32 }, // U+00C6
    { 0x00C7, 10 }, // U+00C7
    { 0x00D2, 10 }, // U+00D2
    { 0x00D3, 10 }, // U+00D3
    { 0x00D4, 10 }, // U+00D4
    { 0x00D5, 10 }, // U+00D5
    { 0x00D6, 10 }, // U+00D6
    { 0x00D8, 10 }, // U+00D8
    { 0x00D9, 15 }, // U+00D9
    { 0x00DA, 15 }, // U+00DA
    { 0x00DB, 15 }, // U+00DB
    { 0x00DC, 15 }, // U+00DC
    { 0x00DD, 18 }, // U+00DD
    { 0x00DF, 24 }, // U+00DF
    { 0x00E0, 21 }, // U+00E0
    { 0x00E1, 20 }, // U+00E1
    { 0x00E2, 20 }, // U+00E2
    { 0x00E3, 20 }, // U+00E3
    { 0x00E4, 20 }, // U+00E4
    { 0x00E5, 20 }, // U+00E5
    { 0x00E6, 20 }, // U+00E6
    { 0x00E7, 21 }, // U+00E7
    { 0x00E8, 21 }, // U+00E8
    { 0x00E9, 21 }, // U+00E9
    { 0x00EA, 21 }, // U+00EA
    { 0x00EB, 21 }, // U+00EB
    { 0x00F1, 25 }, // U+00F1
    { 0x00F2, 21 }, // U+00F2
    { 0x00F3, 21 }, // U+00F3
    { 0x00F4, 21 }, // U+00F4
    { 0x00F5, 21 }, // U+00F5
    { 0x00F6, 21 }, // U+00F6
    { 0x00F8, 21 }, // U+00F8
    { 0x00F9, 25 }, // U+00F9
    { 0x00FA, 25 }, // U+00FA
    { 0x00FB, 25 }, // U+00FB
    { 0x00FC, 25 }, // U+00FC
    { 0x00FD, 28 }, // U+00FD
    { 0x00FF, 28 }, // U+00FF
    { 0x0100, 9 }, // U+0100
    { 0x0101, 20 }, // U+0101
    { 0x0102, 9 }, // U+0102
    { 0x0103, 20 }, // U+0103
    { 0x0104, 9 }, // U+0104
    { 0x0105, 20 }, // U+0105
    { 0x0106, 10 }, // U+0106
    { 0x0107, 21 }, // U+0107
    { 0x0108, 10 }, // U+0108
    { 0x0109, 21 }, // U+0109
    { 0x010A, 10 }, // U+010A
    { 0x010B, 21 }, // U+010B
    { 0x010C, 10 }, // U+010C
    { 0x010D, 21 }, // U+010D
    { 0x010F, 21 }, // U+010F
    { 0x0111, 21 }, // U+0111
    { 0x0113, 21 }, // U+0113
    { 0x0115, 21 }, // U+0115
    { 0x0117, 21 }, // U+0117
    { 0x0119, 21 }, // U+0119
    { 0x011B, 21 }, // U+011B
    { 0x011C, 10 }, // U+011C
    { 0x011D, 23 }, // U+011D
    { 0x011E, 10 }, // U+011E
    { 0x011F, 23 }, // U+011F
    { 0x0120, 10 }, // U+0120
    { 0x0121, 23 }, // U+0121
    { 0x0122, 10 }, // U+0122
    { 0x0123, 23 }, // U+0123
    { 0x0127, 33 }, // U+0127
    { 0x0129, 34 }, // U+0129
    { 0x0135, 24 }, // U+0135
    { 0x0138, 25 }, // U+0138
    { 0x0144, 25 }, // U+0144
    { 0x0146, 25 }, // U+0146
    { 0x0148, 25 }, // U+0148
    { 0x014B, 25 }, // U+014B
    { 0x014C, 10 }, // U+014C
    { 0x014D, 21 }, // U+014D
    { 0x014E, 10 }, // U+014E
    { 0x014F, 21 }, // U+014F
    { 0x0150, 10 }, // U+0150
    { 0x0151, 21 }, // U+0151
    { 0x0152, 10 }, // U+0152
    { 0x0153, 21 }, // U+0153
    { 0x0155, 25 }, // U+0155
    { 0x0157, 25 }, // U+0157
    { 0x015B, 26 }, // U+015B
    { 0x015D, 26 }, // U+015D
    { 0x015F, 26 }, // U+015F
    { 0x0161, 26 }, // U+0161
    { 0x0162, 14 }, // U+0162
    { 0x0163, 27 }, // U+0163
    { 0x0164, 14 }, // U+0164
    { 0x0165, 27 }, // U+0165
    { 0x0166, 14 }, // U+0166
    { 0x0167, 27 }, // U+0167
    { 0x0168, 15 }, // U+0168
    { 0x0169, 25 }, // U+0169
    { 0x016A, 15 }, // U+016A
    { 0x016B, 25 }, // U+016B
    { 0x016C, 15 }, // U+016C
    { 0x016D, 25 }, // U+016D
    { 0x016E, 15 }, // U+016E
    { 0x016F, 25 }, // U+016F
    { 0x0170, 15 }, // U+0170
    { 0x0171, 25 }, // U+0171
    { 0x0172, 15 }, // U+0172
    { 0x0173, 25 }, // U+0173
    { 0x0174, 16 }, // U+0174
    { 0x0175, 28 }, // U+0175
    { 0x0176, 18 }, // U+0176
    { 0x0177, 28 }, // U+0177
    { 0x0178, 18 }, // U+0178
    { 0x0179, 19 }, // U+0179
    { 0x017A, 29 }, // U+017A
    { 0x017B, 19 }, // U+017B
    { 0x017C, 29 }, // U+017C
    { 0x017D, 19 }, // U+017D
    { 0x017E, 29 }, // U+017E
    { 0x01A0, 10 }, // U+01A0
    { 0x01A1, 21 }, // U+01A1
    { 0x01AF, 15 }, // U+01AF
    { 0x01B0, 25 }, // U+01B0
    { 0x01FA, 9 }, // U+01FA
    { 0x01FB, 20 }, // U+01FB
    { 0x01FC, 32 }, // U+01FC
    { 0x01FD, 20 }, // U+01FD
    { 0x01FE, 10 }, // U+01FE
    { 0x01FF, 21 }, // U+01FF
    { 0x0219, 26 }, // U+0219
    { 0x021A, 14 }, // U+021A
    { 0x021B, 27 }, // U+021B
    { 0x0402, 35 }, // U+0402
    { 0x0404, 36 }, // U+0404
    { 0x0405, 37 }, // U+0405
    { 0x0408, 38 }, // U+0408
    { 0x0409, 39 }, // U+0409
    { 0x040B, 35 }, // U+040B
    { 0x040E, 40 }, // U+040E
    { 0x0410, 41 }, // U+0410
    { 0x0414, 42 }, // U+0414
    { 0x0416, 43 }, // U+0416
    { 0x0417, 44 }, // U+0417
    { 0x041B, 39 }, // U+041B
    { 0x041E, 36 }, // U+041E
    { 0x0421, 36 }, // U+0421
    { 0x0422, 35 }, // U+0422
    { 0x0423, 40 }, // U+0423
    { 0x0424, 45 }, // U+0424
    { 0x0425, 43 }, // U+0425
    { 0x0427, 46 }, // U+0427
    { 0x042A, 35 }, // U+042A
    { 0x042D, 44 }, // U+042D
    { 0x042F, 47 }, // U+042F
    { 0x0430, 48 }, // U+0430
    { 0x0431, 49 }, // U+0431
    { 0x0432, 48 }, // U+0432
    { 0x0433, 50 }, // U+0433
    { 0x0434, 51 }, // U+0434
    { 0x0435, 48 }, // U+0435
    { 0x0436, 52 }, // U+0436
    { 0x0437, 50 }, // U+0437
    { 0x0438, 53 }, // U+0438
    { 0x0439, 53 }, // U+0439
    { 0x043A, 54 }, // U+043A
    { 0x043B, 55 }, // U+043B
    { 0x043C, 54 }, // U+043C
    { 0x043D, 54 }, // U+043D
    { 0x043E, 48 }, // U+043E
    { 0x043F, 54 }, // U+043F
    { 0x0440, 54 }, // U+0440
    { 0x0441, 48 }, // U+0441
    { 0x0442, 54 }, // U+0442
    { 0x0443, 56 }, // U+0443
    { 0x0444, 48 }, // U+0444
    { 0x0445, 57 }, // U+0445
    { 0x0446, 53 }, // U+0446
    { 0x0447, 58 }, // U+0447
    { 0x0448, 53 }, // U+0448
    { 0x0449, 53 }, // U+0449
    { 0x044A, 59 }, // U+044A
    { 0x044B, 53 }, // U+044B
    { 0x044C, 53 }, // U+044C
    { 0x044D, 52 }, // U+044D
    { 0x044E, 54 }, // U+044E
    { 0x044F, 60 }, // U+044F
    { 0x0450, 48 }, // U+0450
    { 0x0451, 48 }, // U+0451
    { 0x0452, 61 }, // U+0452
    { 0x0453, 50 }, // U+0453
    { 0x0454, 48 }, // U+0454
    { 0x0455, 62 }, // U+0455
    { 0x0457, 63 }, // U+0457
    { 0x0458, 64 }, // U+0458
    { 0x0459, 55 }, // U+0459
    { 0x045A, 54 }, // U+045A
    { 0x045B, 61 }, // U+045B
    { 0x045C, 54 }, // U+045C
    { 0x045D, 53 }, // U+045D
    { 0x045E, 65 }, // U+045E
    { 0x045F, 53 }, // U+045F
    { 0x0460, 66 }, // U+0460
    { 0x0461, 67 }, // U+0461
    { 0x0462, 68 }, // U+0462
    { 0x0465, 69 }, // U+0465
    { 0x0466, 41 }, // U+0466
    { 0x0467, 70 }, // U+0467
    { 0x0469, 69 }, // U+0469
    { 0x046D, 69 }, // U+046D
    { 0x046E, 44 }, // U+046E
    { 0x046F, 50 }, // U+046F
    { 0x0470, 46 }, // U+0470
    { 0x0471, 69 }, // U+0471
    { 0x0472, 71 }, // U+0472
    { 0x0473, 72 }, // U+0473
    { 0x0474, 66 }, // U+0474
    { 0x0475, 67 }, // U+0475
    { 0x0476, 66 }, // U+0476
    { 0x0477, 67 }, // U+0477
    { 0x0478, 71 }, // U+0478
    { 0x0479, 72 }, // U+0479
    { 0x047A, 71 }, // U+047A
    { 0x047B, 72 }, // U+047B
    { 0x047C, 71 }, // U+047C
    { 0x047D, 72 }, // U+047D
    { 0x047E, 66 }, // U+047E
    { 0x047F, 67 }, // U+047F
    { 0x0480, 71 }, // U+0480
    { 0x0481, 72 }, // U+0481
    { 0x048B, 69 }, // U+048B
    { 0x048C, 68 }, // U+048C
    { 0x048D, 61 }, // U+048D
    { 0x048F, 69 }, // U+048F
    { 0x0491, 69 }, // U+0491
    { 0x0492, 68 }, // U+0492
    { 0x0495, 69 }, // U+0495
    { 0x0496, 43 }, // U+0496
    { 0x0497, 50 }, // U+0497
    { 0x0498, 44 }, // U+0498
    { 0x0499, 50 }, // U+0499
    { 0x049B, 69 }, // U+049B
    { 0x049D, 69 }, // U+049D
    { 0x049E, 68 }, // U+049E
    { 0x049F, 61 }, // U+049F
    { 0x04A0, 73 }, // U+04A0
    { 0x04A1, 59 }, // U+04A1
    { 0x04A3, 69 }, // U+04A3
    { 0x04A5, 69 }, // U+04A5
    { 0x04A7, 69 }, // U+04A7
    { 0x04A8, 71 }, // U+04A8
    { 0x04A9, 72 }, // U+04A9
    { 0x04AA, 71 }, // U+04AA
    { 0x04AB, 72 }, // U+04AB
    { 0x04AC, 35 }, // U+04AC
    { 0x04AD, 69 }, // U+04AD
    { 0x04AE, 74 }, // U+04AE
    { 0x04AF, 75 }, // U+04AF
    { 0x04B0, 74 }, // U+04B0
    { 0x04B1, 75 }, // U+04B1
    { 0x04B2, 43 }, // U+04B2
    { 0x04B3, 52 }, // U+04B3
    { 0x04B4, 73 }, // U+04B4
    { 0x04B5, 59 }, // U+04B5
    { 0x04B6, 46 }, // U+04B6
    { 0x04B7, 58 }, // U+04B7
    { 0x04B8, 46 }, // U+04B8
    { 0x04B9, 58 }, // U+04B9
    { 0x04BB, 69 }, // U+04BB
    { 0x04BC, 76 }, // U+04BC
    { 0x04BD, 77 }, // U+04BD
    { 0x04BE, 76 }, // U+04BE
    { 0x04BF, 77 }, // U+04BF
    { 0x04C1, 43 }, // U+04C1
    { 0x04C2, 52 }, // U+04C2
    { 0x04C4, 69 }, // U+04C4
    { 0x04C5, 78 }, // U+04C5
    { 0x04C6, 70 }, // U+04C6
    { 0x04C8, 69 }, // U+04C8
    { 0x04CA, 69 }, // U+04CA
    { 0x04CB, 46 }, // U+04CB
    { 0x04CC, 58 }, // U+04CC
    { 0x04CE, 69 }, // U+04CE
    { 0x04D0, 41 }, // U+04D0
    { 0x04D1, 79 }, // U+04D1
    { 0x04D2, 41 }, // U+04D2
    { 0x04D3, 79 }, // U+04D3
    { 0x04D4, 41 }, // U+04D4
    { 0x04D5, 79 }, // U+04D5
    { 0x04D7, 72 }, // U+04D7
    { 0x04D8, 80 }, // U+04D8
    { 0x04D9, 50 }, // U+04D9
    { 0x04DA, 80 }, // U+04DA
    { 0x04DB, 50 }, // U+04DB
    { 0x04DC, 43 }, // U+04DC
    { 0x04DD, 52 }, // U+04DD
    { 0x04DE, 44 }, // U+04DE
    { 0x04DF, 50 }, // U+04DF
    { 0x04E3, 69 }, // U+04E3
    { 0x04E5, 69 }, // U+04E5
    { 0x04E6, 71 }, // U+04E6
    { 0x04E7, 72 }, // U+04E7
    { 0x04E8, 71 }, // U+04E8
    { 0x04E9, 72 }, // U+04E9
    { 0x04EA, 71 }, // U+04EA
    { 0x04EB, 72 }, // U+04EB
    { 0x04EC, 44 }, // U+04EC
    { 0x04ED, 52 }, // U+04ED
    { 0x04EE, 40 }, // U+04EE
    { 0x04EF, 56 }, // U+04EF
    { 0x04F0, 40 }, // U+04F0
    { 0x04F1, 56 }, // U+04F1
    { 0x04F2, 40 }, // U+04F2
    { 0x04F3, 56 }, // U+04F3
    { 0x04F4, 46 }, // U+04F4
    { 0x04F5, 58 }, // U+04F5
    { 0x04F7, 69 }, // U+04F7
    { 0x04F9, 53 }, // U+04F9
    { 0x04FA, 68 }, // U+04FA
    { 0x04FC, 43 }, // U+04FC
    { 0x04FD, 52 }, // U+04FD
    { 0x04FE, 43 }, // U+04FE
    { 0x04FF, 52 }, // U+04FF
    { 0x1EA0, 9 }, // U+1EA0
    { 0x1EA1, 20 }, // U+1EA1
    { 0x1EA2, 9 }, // U+1EA2
    { 0x1EA3, 20 }, // U+1EA3
    { 0x1EA4, 9 }, // U+1EA4
    { 0x1EA5, 20 }, // U+1EA5
    { 0x1EA6, 9 }, // U+1EA6
    { 0x1EA7, 20 }, // U+1EA7
    { 0x1EA8, 9 }, // U+1EA8
    { 0x1EA9, 20 }, // U+1EA9
    { 0x1EAA, 9 }, // U+1EAA
    { 0x1EAB, 20 }, // U+1EAB
    { 0x1EAC, 9 }, // U+1EAC
    { 0x1EAD, 20 }, // U+1EAD
    { 0x1EAE, 9 }, // U+1EAE
    { 0x1EAF, 20 }, // U+1EAF
    { 0x1EB0, 9 }, // U+1EB0
    { 0x1EB1, 20 }, // U+1EB1
    { 0x1EB2, 9 }, // U+1EB2
    { 0x1EB3, 20 }, // U+1EB3
    { 0x1EB4, 9 }, // U+1EB4
    { 0x1EB5, 20 }, // U+1EB5
    { 0x1EB6, 9 }, // U+1EB6
    { 0x1EB7, 20 }, // U+1EB7
    { 0x1EB9, 21 }, // U+1EB9
    { 0x1EBB, 21 }, // U+1EBB
    { 0x1EBD, 21 }, // U+1EBD
    { 0x1EBF, 21 }, // U+1EBF
    { 0x1EC1, 21 }, // U+1EC1
    { 0x1EC3, 21 }, // U+1EC3
    { 0x1EC5, 21 }, // U+1EC5
    { 0x1EC7, 21 }, // U+1EC7
    { 0x1ECC, 10 }, // U+1ECC
    { 0x1ECD, 21 }, // U+1ECD
    { 0x1ECE, 10 }, // U+1ECE
    { 0x1ECF, 21 }, // U+1ECF
    { 0x1ED0, 10 }, // U+1ED0
    { 0x1ED1, 21 }, // U+1ED1
    { 0x1ED2, 10 }, // U+1ED2
    { 0x1ED3, 21 }, // U+1ED3
    { 0x1ED4, 10 }, // U+1ED4
    { 0x1ED5, 21 }, // U+1ED5
    { 0x1ED6, 10 }, // U+1ED6
    { 0x1ED7, 21 }, // U+1ED7
    { 0x1ED8, 10 }, // U+1ED8
    { 0x1ED9, 21 }, // U+1ED9
    { 0x1EDA, 10 }, // U+1EDA
    { 0x1EDB, 21 }, // U+1EDB
    { 0x1EDC, 10 }, // U+1EDC
    { 0x1EDD, 21 }, // U+1EDD
    { 0x1EDE, 10 }, // U+1EDE
    { 0x1EDF, 21 }, // U+1EDF
    { 0x1EE0, 10 }, // U+1EE0
    { 0x1EE1, 21 }, // U+1EE1
    { 0x1EE2, 10 }, // U+1EE2
    { 0x1EE3, 21 }, // U+1EE3
    { 0x1EE4, 15 }, // U+1EE4
    { 0x1EE5, 25 }, // U+1EE5
    { 0x1EE6, 15 }, // U+1EE6
    { 0x1EE7, 25 }, // U+1EE7
    { 0x1EE8, 15 }, // U+1EE8
    { 0x1EE9, 25 }, // U+1EE9
    { 0x1EEA, 15 }, // U+1EEA
    { 0x1EEB, 25 }, // U+1EEB
    { 0x1EEC, 15 }, // U+1EEC
    { 0x1EED, 25 }, // U+1EED
    { 0x1EEE, 15 }, // U+1EEE
    { 0x1EEF, 25 }, // U+1EEF
    { 0x1EF0, 15 }, // U+1EF0
    { 0x1EF1, 25 }, // U+1EF1
    { 0x1EF2, 18 }, // U+1EF2
    { 0x1EF3, 28 }, // U+1EF3
    { 0x1EF4, 18 }, // U+1EF4
    { 0x1EF5, 28 }, // U+1EF5
    { 0x1EF6, 18 }, // U+1EF6
    { 0x1EF7, 28 }, // U+1EF7
    { 0x1EF8, 18 }, // U+1EF8
    { 0x1EF9, 28 }, // U+1EF9
    { 0x2013, 6 }, // U+2013
    { 0x2014, 6 }, // U+2014
    { 0x2015, 6 }, // U+2015
    { 0x2018, 81 }, // U+2018
    { 0x2019, 2 }, // U+2019
    { 0x201A, 5 }, // U+201A
    { 0x201C, 81 }, // U+201C
    { 0x201D, 2 }, // U+201D
    { 0x201E, 5 }, // U+201E
    { 0x2026, 5 }, // U+2026
    { 0x2039, 30 }, // U+2039
    { 0x203A, 31 }, // U+203A
    { 0x207E, 82 }, // U+207E
    { 0x208E, 83 }, // U+208E
    { 0xFB00, 22 }, // U+FB00
};

static const int8_t notosans_10_bolditalicKernMatrix[] = {
       0,    0,    0,    0,    0,    0,    0,    0,    0,    0,    0,    0,    0,    0,    0,    0,    0,    0,    0,    0,    0,    0,    0,    0,    0,    0,    0,    0,    0,    0,    0,    0,    0,    0,    0,    0,    0,    0,    0,    0,    0,    0,    0,    0,    0,    0,    0,    0,    0,    0,    0,    0,    0,    0,    0,    0,    0,    0,    0,    0,    0,    0,    0,    0,    0,    0,    0,    0,    0,    0,   -7,   -7,    0,    0,    0,    0,    0,    0,    0,    0,    0,    0,    0,
       0,    0,    0,    0,    0,    0,    0,    0,  -23,    0,    0,    0,    0,    7,    0,    7,    0,    3,    0,  -13,  -20,    0,  -10,    0,  -10,  -10,    0,    0,    0,    0,    0,    0,    0,   21,    7,    0,   10,    0,  -17,   10,  -23,  -20,   10,   13,    0,    7,    0,    0,    0,    3,    0,    0,    0,    0,  -10,    7,    0,    0,    0,    0,   13,    0,   13,    0,    7,    0,    0,    0,   -3,  -23,    0,  -20,    0,    0,    0,    0,    0,  -20,   -7,    0,    0,    0,    0,
       0,    0,    0,    0,    0,    0,    0,    0,    0,    0,    0,    0,    0,  -20,    0,  -13,    0,  -20,    0,    0,    0,    0,    0,    0,    0,    0,    0,    0,    0,    0,    0,    0,    0,    0,    0,    0,    0,    0,    0,    0,    0,    0,    0,    0,    0,    0,    0,    0,    0,    0,    0,    0,    0,    0,    0,    0,    0,    0,    0,    0,    0,    0,    0,    0,    0,    0,    0,    0,    0,    0,    0,    0,    0,    0,    0,    0,    0,    0,    0,    0,    0,    0,    0,
       0,    0,    0,    0,    0,    0,    0,    0,    0,    0,    0,   30,    0,    0,    0,    0,    0,    0,    0,    0,    0,   13,    0,   13,    0,    0,    0,    0,    0,    0,    0,    0,    0,    0,   10,    0,    0,   37,   -3,    0,    0,   13,    7,   10,   -7,    0,    0,    0,    0,    0,    0,    0,    0,    0,    0,   10,    0,    0,    0,    0,   13,    0,   10,   30,   10,    0,    0,    0,    0,    0,    0,    0,    0,    0,    0,    0,    0,    0,    0,    0,    0,    0,    0,
       0,    0,    0,    0,    0,    0,    0,    0,    0,  -17,    0,    0,    0,  -23,   -7,  -20,    0,  -20,    0,    0,    0,    0,    0,    0,    0,    0,    0,    0,    0,    0,    0,    0,    0,    0,  -20,    0,    0,    0,    0,    0,    0,    0,    0,    0,  -13,  -27,    0,    0,    0,    0,    0,    0,    0,    0,    0,    0,    0,  -20,  -17,    0,    0,    0,    0,    0,    0,  -20,    0,    0,    0,    0,  -17,    0,  -23,  -20,    0,  -20,    0,    0,    0,    0,    0,    0,    0,
       0,    0,    0,    0,    0,    0,    0,    0,    0,    0,    0,    0,    0,  -13,    0,    0,    0,    0,    0,    0,    0,    0,    0,    0,    0,    0,    0,    0,    0,    0,    0,    0,    0,    0,  -13,    0,    0,    0,    0,   -7,    0,   -3,   -7,    0,    0,  -17,    0,    0,    0,    0,    0,    0,    0,    0,   -3,   -3,   -3,   -7,   -7,    0,    0,    0,    0,    0,   -3,    0,    0,    0,    0,    0,    0,    0,  -13,    0,    0,    0,    0,    0,    0,    0,    0,    0,    0,
       0,  -23,    0,    0,    0,    0,    0,    0,    0,   -7,    0,   25,    0,  -17,    0,   -3,    0,  -10,    0,    0,    0,    0,    0,    0,    0,    0,    0,    0,    0,    0,    0,    0,    0,    0,    0,    0,    0,    0,    0,    0,    0,    0,    0,    0,    0,    0,    0,    0,    0,    0,    0,    0,    0,    0,    0,    0,    0,    0,    0,    0,    0,    0,    0,    0,    0,    0,    0,    0,    0,    0,    0,    0,    0,    0,    0,    0,    0,    0,    0,    0,    0,    0,    0,
       0,    0,    0,    0,   -7,    0,    0,    0,    0,    0,    0,    0,    0,    0,    0,    0,    0,    0,    0,    0,    0,    0,    0,    0,    0,    0,    0,    0,    0,    0,    0,    0,    0,    0,    0,    0,    0,    0,    0,    0,    0,    0,    0,    0,    0,    0,    0,    0,    0,    0,    0,    0,    0,    0,    0,    0,    0,    0,    0,    0,    0,    0,    0,    0,    0,    0,    0,    0,    0,    0,    0,    0,    0,    0,    0,    0,    0,    0,    0,    0,    0,    0,    0,
       0,    0,   -3,    0,    0,    0,    0,    0,    0,   -7,    0,    0,    0,    0,    0,    0,    0,    0,    0,    0,    0,    0,    0,    0,    0,    0,    0,    0,    0,   -7,    0,    0,    0,    0,    0,    0,    0,    0,    0,    0,    0,    0,    0,    0,    0,    0,    0,    0,    0,    0,    0,    0,    0,    0,    0,    0,    0,    0,    0,    0,    0,    0,    0,    0,    0,    0,    0,    0,    0,    0,    0,    0,    0,    0,    0,    0,    0,    0,    0,    0,    0,    0,    0,
       0,    0,    0,    0,  -13,    0,    0,    0,   -7,    0,    0,    0,    0,  -10,    0,   -3,   -7,   -3,   -3,    0,    0,    0,    0,    0,    0,    0,    0,    0,    0,    0,    0,    0,    0,    0,    0,    0,   -3,    0,    0,    0,    0,    0,    0,    0,    0,    0,    0,    0,    0,    0,    0,    0,    0,    0,    0,    0,    0,    0,    0,    0,    0,    0,    0,    0,    0,    0,    0,    0,    0,    0,    0,    0,    0,    0,    0,    0,    0,    0,    0,    0,    0,    0,    0,
       0,    0,    0,    0,    0,    0,    0,    0,    0,    0,    0,   20,    0,    0,    0,    0,    0,    0,    0,    0,    0,    0,    0,    0,    0,    0,    0,    0,    0,    0,    0,    0,    0,    0,    0,    0,    0,    0,    0,    0,    0,    0,    0,    0,    0,    0,    0,    0,    0,    0,    0,    0,    0,    0,    0,    0,    0,    0,    0,    0,    0,    0,    0,    0,    0,    0,    0,    0,    0,    0,    0,    0,    0,    0,    0,    0,    0,    0,    0,    0,    0,    0,    0,
       0,    0,    0,    0,  -20,    0,    0,    7,   -7,    0,    0,    0,    0,    0,    0,    0,    0,    0,    0,    0,    0,    0,    0,    0,    0,    0,    0,    0,    0,    0,    0,    0,    0,    0,    0,    0,    0,    0,    0,    0,    0,    0,    0,    0,    0,    0,    0,    0,    0,    0,    0,    0,    0,    0,    0,    0,    0,    0,    0,    0,    0,    0,    0,    0,    0,    0,    0,    0,    0,    0,    0,    0,    0,    0,    0,    0,    0,    0,    0,    0,    0,    0,    0,
       0,    0,    0,    0,    0,    0,    0,    0,    0,   -7,    0,    0,    0,    0,    0,    0,    0,    0,    0,    0,    0,    0,    0,    0,    0,    0,    0,    0,    0,   -7,    0,    0,    0,    0,    0,    0,    0,    0,    0,    0,    0,    0,    0,    0,    0,    0,    0,    0,    0,    0,    0,    0,    0,    0,    0,    0,    0,    0,    0,    0,    0,    0,    0,    0,    0,    0,    0,    0,    0,    0,    0,    0,    0,    0,    0,    0,    0,    0,    0,    0,    0,    0,    0,
       0,  -27,    0,    0,    0,    0,    0,    0,    0,   -7,    0,    0,    0,  -13,   -3,   -7,    0,  -13,    0,    0,    0,    0,    0,    0,    0,    0,    0,    0,    0,  -13,    0,    0,    0,    0,    0,    0,    0,    0,    0,    0,    0,    0,    0,    0,    0,    0,    0,    0,    0,    0,    0,    0,    0,    0,    0,    0,    0,    0,    0,    0,    0,    0,    0,    0,    0,    0,    0,    0,    0,    0,    0,    0,    0,    0,    0,    0,    0,    0,    0,    0,    0,    0,    0,
       0,    0,   -7,    0,  -43,    0,    0,    0,  -17,    0,    0,    0,    0,    0,    0,    0,   -7,    0,   -3,    0,    0,    0,    0,    0,    0,    0,    0,    0,    0,   -3,    0,    0,    0,    0,    0,    0,    0,    0,    0,    0,    0,    0,    0,    0,    0,    0,    0,    0,    0,    0,    0,    0,    0,    0,    0,    0,    0,    0,    0,    0,    0,    0,    0,    0,    0,    0,    0,    0,    0,    0,    0,    0,    0,    0,    0,    0,    0,    0,    0,    0,    0,    0,    0,
       0,    0,    0,    0,    0,    0,    0,    0,    0,    0,    0,    0,    0,    0,    0,    0,    0,    0,    0,    0,    0,    0,    0,    0,    0,    0,    0,    0,    0,   -3,    0,    0,    0,    0,    0,    0,    0,    0,    0,    0,    0,    0,    0,    0,    0,    0,    0,    0,    0,    0,    0,    0,    0,    0,    0,    0,    0,    0,    0,    0,    0,    0,    0,    0,    0,    0,    0,    0,    0,    0,    0,    0,    0,    0,    0,    0,    0,    0,    0,    0,    0,    0,    0,
       0,    0,   -7,    0,  -20,  -13,    0,    7,  -17,   -7,    0,    0,    0,    3,    0,    0,    0,    0,    0,  -27,  -23,    0,  -23,    0,  -17,  -20,    0,   -7,  -13,  -20,  -13,    0,    0,    0,    0,    0,    0,    0,    0,    0,    0,    0,    0,    0,    0,    0,    0,    0,    0,    0,    0,    0,    0,    0,    0,    0,    0,    0,    0,    0,    0,    0,    0,    0,    0,    0,    0,    0,    0,    0,    0,    0,    0,    0,    0,    0,    0,    0,    0,    0,    0,    0,    0,
       0,    0,    0,    0,   -7,    0,    0,    0,   -3,    0,    0,    0,    0,    0,    0,    0,    0,    0,    0,    0,    0,    0,    0,    0,    0,    0,    0,    0,    0,    0,    0,    0,    0,    0,    0,    0,    0,    0,    0,    0,    0,    0,    0,    0,    0,    0,    0,    0,    0,    0,    0,    0,    0,    0,    0,    0,    0,    0,    0,    0,    0,    0,    0,    0,    0,    0,    0,    0,    0,    0,    0,    0,    0,    0,    0,    0,    0,    0,    0,    0,    0,    0,    0,
       0,    0,   -3,    0,  -17,    0,    0,    7,   -3,   -3,    0,    0,    0,    0,    0,    0,    0,    0,    0,   -7,   -7,    0,   -3,    0,   -3,   -3,    0,    0,    0,  -13,   -7,    0,    0,    0,    0,    0,    0,    0,    0,    0,    0,    0,    0,    0,    0,    0,    0,    0,    0,    0,    0,    0,    0,    0,    0,    0,    0,    0,    0,    0,    0,    0,    0,    0,    0,    0,    0,    0,    0,    0,    0,    0,    0,    0,    0,    0,    0,    0,    0,    0,    0,    0,    0,
       0,    0,  -10,    0,  -20,    0,    0,    7,  -10,   -7,    0,    0,    0,    0,    0,    0,    0,    0,    0,  -17,  -17,    0,   -7,    0,  -10,  -13,    0,    0,   -7,  -13,  -13,   -7,    0,    0,    0,    0,    0,    0,    0,    0,    0,    0,    0,    0,    0,    0,    0,    0,    0,    0,    0,    0,    0,    0,    0,    0,    0,    0,    0,    0,    0,    0,    0,    0,    0,    0,    0,    0,    0,    0,    0,    0,    0,    0,    0,    0,    0,    0,    0,    0,    0,    0,    0,
       0,    0,   -7,    0,    0,    0,    0,    0,    0,   -3,    0,    0,    0,    0,    0,    0,    0,    0,    0,    0,    0,    0,    0,    0,    0,    0,    0,    0,    0,   -3,    0,    0,    0,    0,    0,    0,    0,    0,    0,    0,    0,    0,    0,    0,    0,    0,    0,    0,    0,    0,    0,    0,    0,    0,    0,    0,    0,    0,    0,    0,    0,    0,    0,    0,    0,    0,    0,    0,    0,    0,    0,    0,    0,    0,    0,    0,    0,    0,    0,    0,    0,    0,    0,
       0,    0,    0,    0,    0,    0,    0,    0,    0,    0,    0,   36,    0,    0,    0,    0,    0,    0,    0,    0,    0,    0,    0,    0,    0,    0,    0,    0,    0,    0,    0,    0,    0,    0,    0,    0,    0,    0,    0,    0,    0,    0,    0,    0,    0,    0,    0,    0,    0,    0,    0,    0,    0,    0,    0,    0,    0,    0,    0,    0,    0,    0,    0,    0,    0,    0,    0,    0,    0,    0,    0,    0,    0,    0,    0,    0,    0,    0,    0,    0,    0,    0,    0,
       0,   -3,    0,    0,    0,    0,    0,    0,    0,    0,    0,    0,    0,    0,    0,    0,    0,    0,    0,    0,    0,    0,    0,    0,    0,    0,    0,    0,    0,    0,    0,    0,    0,    0,    0,    0,    0,    0,    0,    0,    0,    0,    0,    0,    0,    0,    0,    0,    0,    0,    0,    0,    0,    0,    0,    0,    0,    0,    0,    0,    0,    0,    0,    0,    0,    0,    0,    0,    0,    0,    0,    0,    0,    0,    0,    0,    0,    0,    0,    0,    0,    0,    0,
       0,   -3,    0,    0,    0,    0,    0,    0,    0,    0,    0,    0,    0,    0,    0,    0,    0,    0,    0,    0,    0,    0,    0,    0,    0,    0,    0,   -7,   -3,    0,    0,    0,    0,    0,    0,    0,    0,    0,    0,    0,    0,    0,    0,    0,    0,    0,    0,    0,    0,    0,    0,    0,    0,    0,    0,    0,    0,    0,    0,    0,    0,    0,    0,    0,    0,    0,    0,    0,    0,    0,    0,    0,    0,    0,    0,    0,    0,    0,    0,    0,    0,    0,    0,
       0,    7,    0,    0,    0,    0,    0,    0,    0,    0,    0,    0,    0,    0,    0,    0,    0,    0,    0,    0,    0,    0,    0,    0,    0,    0,    0,    0,    0,    0,    0,    0,    0,    0,    0,    0,    0,    0,    0,    0,    0,    0,    0,    0,    0,    0,    0,    0,    0,    0,    0,    0,    0,    0,    0,    0,    0,    0,    0,    0,    0,    0,    0,    0,    0,    0,    0,    0,    0,    0,    0,    0,    0,    0,    0,    0,    0,    0,    0,    0,    0,    0,    0,
       0,   20,    0,   13,    0,    0,    0,    0,    0,    0,    0,    0,    0,    0,    0,    0,    0,    0,    0,    0,    0,    0,    0,    0,    0,    0,    0,    0,    0,    0,    0,    0,    0,    0,    0,    0,    0,    0,    0,    0,    0,    0,    0,    0,    0,    0,    0,    0,    0,    0,    0,    0,    0,    0,    0,    0,    0,    0,    0,    0,    0,    0,    0,    0,    0,    0,    0,    0,    0,    0,    0,    0,    0,    0,    0,    0,    0,    0,    0,    0,    0,    0,    0,
       0,    0,    0,    0,    0,    0,    0,    0,    0,    0,    0,    0,    0,    0,    0,    0,    0,    0,    0,    0,   -7,    0,    0,    0,    0,    0,    0,    0,    0,    0,    0,    0,    0,    0,    0,    0,    0,    0,    0,    0,    0,    0,    0,    0,    0,    0,    0,    0,    0,    0,    0,    0,    0,    0,    0,    0,    0,    0,    0,    0,    0,    0,    0,    0,    0,    0,    0,    0,    0,    0,    0,    0,    0,    0,    0,    0,    0,    0,    0,    0,    0,    0,    0,
       0,   13,    0,    0,  -38,    0,    0,    0,    0,    0,    0,    0,    0,    0,    0,    0,    0,    0,    0,   -7,   -7,    0,   -3,    0,    0,    0,    0,    0,    0,    0,    0,    0,    0,    0,    0,    0,    0,    0,    0,    0,    0,    0,    0,    0,    0,    0,    0,    0,    0,    0,    0,    0,    0,    0,    0,    0,    0,    0,    0,    0,    0,    0,    0,    0,    0,    0,    0,    0,    0,    0,    0,    0,    0,    0,    0,    0,    0,    0,    0,    0,    0,    0,    0,
       0,    7,    0,    7,    0,    0,    0,    0,    0,    0,    0,    0,    0,    0,    0,    0,    0,    0,    0,    0,    0,    0,    0,    0,    0,    0,    0,    0,    0,    0,    0,    0,    0,    0,    0,    0,    0,    0,    0,    0,    0,    0,    0,    0,    0,    0,    0,    0,    0,    0,    0,    0,    0,    0,    0,    0,    0,    0,    0,    0,    0,    0,    0,    0,    0,    0,    0,    0,    0,    0,    0,    0,    0,    0,    0,    0,    0,    0,    0,    0,    0,    0,    0,
       0,   13,    0,    0,  -13,    0,    0,    7,    0,    0,    0,    0,    0,    0,    0,    0,    0,    0,    0,    0,    0,    0,    0,    0,    0,    0,    0,    0,    0,    0,    0,    0,    0,    0,    0,    0,    0,    0,    0,    0,    0,    0,    0,    0,    0,    0,    0,    0,    0,    0,    0,    0,    0,    0,    0,    0,    0,    0,    0,    0,    0,    0,    0,    0,    0,    0,    0,    0,    0,    0,    0,    0,    0,    0,    0,    0,    0,    0,    0,    0,    0,    0,    0,
       0,    0,    0,    0,    0,    0,    0,    0,    0,    0,    0,   20,    0,   -7,    0,    0,    0,   -3,    0,    0,    0,    0,    0,    0,    0,    0,    0,    0,    0,    0,    0,    0,    0,    0,    0,    0,    0,    0,    0,    0,    0,    0,    0,    0,    0,    0,    0,    0,    0,    0,    0,    0,    0,    0,    0,    0,    0,    0,    0,    0,    0,    0,    0,    0,    0,    0,    0,    0,    0,    0,    0,    0,    0,    0,    0,    0,    0,    0,    0,    0,    0,    0,    0,
       0,    0,    0,    0,    0,    0,    0,    0,    0,    0,    0,    0,    0,  -13,    0,   -7,    0,  -13,    0,    0,    0,    0,    0,    0,    0,    0,    0,    0,    0,    0,    0,    0,    0,    0,  -13,    0,    0,    0,    0,   -3,    0,    0,    0,    0,    0,   -7,    0,    0,    0,    0,    0,    0,    0,    0,    0,    0,    0,    0,    0,    0,    0,    0,    0,    0,    0,    0,    0,    0,    0,    0,    0,    0,  -10,    0,    0,    0,    0,    0,    0,    0,    0,    0,    0,
       0,    0,    0,    0,    0,    0,    0,    0,    0,    0,    0,    0,    0,  -20,    0,  -13,    0,  -13,    0,    0,    0,    0,    0,    0,    0,    0,    0,    0,    0,    0,    0,    0,    0,    0,  -20,    0,    0,    0,    0,   -7,    0,    0,   -7,    0,    0,  -20,    0,    0,    0,    0,    0,    0,    0,    0,    0,    0,    0,    0,    0,    0,    0,    0,    0,    0,    0,    0,    0,    0,    0,    0,    0,    0,  -13,    0,    0,    0,    0,    0,    0,    0,    0,    0,    0,
       0,    0,    0,    0,    0,    0,    0,    0,    0,    0,    0,   33,    0,  -17,    0,   -3,    0,  -10,    0,    0,    0,    0,    0,    0,    0,    0,    0,    0,    0,    0,    0,    0,    0,    0,    0,    0,    0,    0,    0,    0,    0,    0,    0,    0,    0,    0,    0,    0,    0,    0,    0,    0,    0,    0,    0,    0,    0,    0,    0,    0,    0,    0,    0,    0,    0,    0,    0,    0,    0,    0,    0,    0,    0,    0,    0,    0,    0,    0,    0,    0,    0,    0,    0,
       0,    0,    0,   13,    0,    0,    0,    0,    0,    0,    0,    0,    0,    0,    0,    0,    0,    0,    0,    0,    0,    0,    0,    0,    0,    0,    0,    0,    0,    0,    0,    0,    0,    0,    0,    0,    0,    0,    0,    0,    0,    0,    0,    0,    0,    0,    0,    0,    0,    0,    0,    0,    0,    0,    0,    0,    0,    0,    0,    0,    0,    0,    0,    0,    0,    0,    0,    0,    0,    0,    0,    0,    0,    0,    0,    0,    0,    0,    0,    0,    0,    0,    0,
      20,   25,    0,   29,    0,    0,    0,   27,    0,    0,    0,    0,    0,    0,    0,    0,    0,    0,    0,    0,    0,    0,    0,    0,    0,    0,    0,    0,    0,    0,    0,    0,   23,    0,    0,    0,    0,    0,    0,    0,    0,    0,    0,    0,    0,    0,    0,    0,    0,    0,    0,    0,    0,    0,    0,    0,    0,    0,    0,    0,    0,    0,    0,    0,    0,    0,    0,    0,    0,    0,    0,    0,    0,    0,    0,    0,    0,    0,    0,    0,   11,    0,    0,
       0,    0,    0,   13,    0,    0,    0,    0,    0,    0,    0,    0,    0,    0,    0,    0,    0,    0,    0,    0,    0,    0,    0,    0,    0,    0,    0,    0,    0,    0,    0,    0,    0,   39,    0,    0,    0,    0,    0,    0,    0,    0,    0,    0,    0,    0,    0,    0,    0,    0,    0,    0,    0,    0,    0,    0,    0,    0,    0,    0,    0,    0,    0,    0,    0,    0,    0,    0,    0,    0,    0,    0,    0,    0,    0,    0,    0,    0,    0,    0,    0,    0,    0,
       0,    0,    0,    0,    0,    0,    0,    0,    0,    0,    0,   17,    0,    0,    0,    0,    0,    0,    0,    0,    0,    0,    0,    0,    0,    0,    0,    0,    0,    0,    0,    0,    0,    0,    0,    0,    0,    0,    0,    0,    0,    0,    0,    0,    0,    0,    0,    0,    0,    0,    0,    0,    0,    0,    0,    0,    0,    0,    0,    0,    0,    0,    0,    0,    0,    0,    0,    0,    0,    0,    0,    0,    0,    0,    0,    0,    0,    0,    0,    0,    0,    0,    0,
      12,   19,    0,   26,    0,    0,    0,   13,    0,    0,    0,    0,    0,    0,    0,    0,    0,    0,    0,    0,    0,    0,    0,    0,    0,    0,    0,    0,    0,    0,    0,    0,    0,    0,    0,    0,    0,    0,    0,    0,    0,    0,    0,    0,    0,    0,    0,    0,    0,    0,    0,    0,    0,    0,    0,    0,    0,    0,    0,    0,    0,    0,    0,    0,    0,    0,    0,    0,    0,    0,    0,    0,    0,    0,    0,    0,    0,    0,    0,    0,    6,    0,    0,
       0,    0,    0,    0,    0,    0,    0,   10,    0,    0,    0,    0,    7,   10,    0,   13,   10,   20,    0,    0,    7,    0,    0,    0,    0,    0,    0,    0,    0,    0,    0,    0,    0,    0,    0,    0,    0,    0,    0,    0,    0,    0,    0,    0,    0,    0,    0,    0,    0,    0,    0,    0,    0,    0,    0,    0,    0,    0,    0,    0,    0,    0,    0,    0,    0,    0,    0,    0,    0,    0,    0,    0,    0,    0,    0,    0,    0,    0,    0,    0,    0,    0,    0,
       0,    7,    0,    0,    0,    0,    0,    0,    0,    0,    0,    0,    0,    0,    0,    0,    0,    0,    0,    0,    0,   13,    0,    0,    0,    7,   13,   17,    0,    0,    0,    0,    0,    0,    0,    0,    0,    0,    0,    0,    0,    0,    0,    0,    0,    0,    0,    0,    0,    0,    0,    0,    0,    0,    0,    0,    0,    0,    0,    0,    0,    0,    0,    0,    0,    0,    0,    0,    0,    0,    0,    0,    0,    0,    0,    0,    0,    0,    0,    0,   20,    0,    0,
       0,    7,    0,    0,  -13,    0,    0,   17,   -7,    0,   10,    0,    7,   23,    0,   27,   20,   27,    0,   -7,    3,    0,    0,    0,   -3,    0,    0,    0,    0,    0,    0,    0,    0,    0,    0,    0,    0,    0,    0,    0,    0,    0,    0,    0,    0,    0,    0,    0,    0,    0,    0,    0,    0,    0,    0,    0,    0,    0,    0,    0,    0,    0,    0,    0,    0,    0,    0,    0,    0,    0,    0,    0,    0,    0,    0,    0,    0,    0,    0,    0,    7,    0,    0,
       0,    7,    0,    0,   -3,    0,    0,    7,    0,    0,    0,    0,    0,    0,    0,    0,    0,    0,    0,    0,    0,   17,    0,    0,    0,    7,   17,   17,    0,    0,    0,    0,    0,    0,    0,    0,    0,    0,    0,    0,    0,    0,    0,    0,    0,    0,    0,    0,    0,    0,    0,    0,    0,    0,    0,    0,    0,    0,    0,    0,    0,    0,    0,    0,    0,    0,    0,    0,    0,    0,    0,    0,    0,    0,    0,    0,    0,    0,    0,    0,   17,    0,    0,
       0,  -27,    0,   -3,   -7,    0,    0,    0,    0,    0,    0,    0,    0,    0,    0,    0,    0,    0,    0,    0,    0,    0,    0,    0,    0,    0,    0,    0,    0,    0,    0,    0,    0,    0,  -23,   -3,    0,    0,    0,   -7,    0,    0,   -3,    0,   -3,  -27,   -3,    0,    0,    0,    0,   -3,    0,    0,    0,  -10,    0,  -10,  -20,    0,    0,    0,    0,    0,  -10,    0,    0,    0,    0,    0,    0,    0,    0,    0,    0,    0,    0,    0,    0,    0,  -23,    0,    0,
       0,    0,    0,   10,  -20,  -13,   -7,    0,    0,    0,    0,    0,    0,    0,    0,    0,    0,    0,    0,    0,    0,    0,    0,    0,    0,    0,    0,    0,    0,    0,  -13,    0,    0,    0,    3,   -7,    0,    0,  -20,    0,  -17,  -20,    0,    3,  -12,    0,   -3,  -23,    0,   -7,  -31,   -6,  -10,  -10,  -23,   -5,   -7,  -13,   -5,  -10,   17,  -10,    7,    0,   -9,    0,    0,    0,    0,    0,    0,    0,    0,    0,    0,    0,    0,    0,    0,    0,    0,    0,    0,
       0,    0,    0,    0,    0,    0,    0,    0,    0,    0,    0,    0,    0,    0,    0,    0,    0,    0,    0,    0,    0,    0,    0,    0,    0,    0,    0,    0,    0,   -7,    0,    0,    0,    0,    0,   -3,    0,    7,    0,    0,    0,    0,    0,    0,   -7,   -3,    0,   -3,    0,    0,   -3,    0,    0,    0,    0,    0,    0,   -7,    0,    0,    0,    0,    0,    0,    0,    0,    0,    0,    0,    0,   -7,    0,    0,    0,    0,   -7,    0,    0,    0,    0,    0,    0,    0,
       0,    0,    0,    0,   -3,    0,    0,    0,    0,    0,    0,    0,    0,    0,    0,    0,    0,    0,    0,    0,    0,    0,    0,    0,    0,    0,    0,    0,    0,    0,    0,    0,    0,    0,    0,    0,    0,    0,    0,    0,    0,    0,    0,    0,   -3,   -7,    0,    0,    0,    0,    0,    0,    0,    0,    0,    0,    0,   -5,    0,    0,    0,    0,    0,    0,    0,    0,    0,    0,    0,    0,    0,    0,    0,    0,    0,    0,    0,    0,    0,    0,   -3,    0,    0,
       0,    0,    0,    0,    0,    0,    0,    0,    0,    0,    0,    0,    0,    0,    0,    0,    0,    0,    0,    0,    0,    0,    0,    0,    0,    0,    0,    0,    0,    0,    0,    0,    0,    0,    0,    0,    0,   17,    0,    0,    0,    0,    0,    0,    0,    0,    0,    0,    0,    0,    0,    0,    0,    0,    0,    0,    0,    0,    0,    0,    0,    0,    0,   10,    0,    0,    0,    0,    0,    0,    0,    0,    0,    0,    0,    0,    0,    0,    0,    0,    0,    0,    0,
       0,  -27,    0,    0,    0,    0,    0,    0,    0,    0,    0,    0,    0,    0,    0,    0,    0,    0,    0,    0,    0,    0,    0,    0,    0,    0,    0,    0,    0,    0,    0,    0,    0,    0,  -23,    0,    0,    0,    0,   -7,    0,    0,    0,    0,    0,  -27,    0,    0,    0,    0,    0,    0,    0,    0,    0,    0,    0,  -10,  -17,    0,    0,    0,    0,    0,    0,    0,    0,    0,    0,    0,    0,    0,    0,    0,    0,    0,    0,    0,    0,    0,  -17,    0,    0,
       0,    0,    0,    7,   -3,  -10,    0,    0,    0,    0,    0,    0,    0,    0,    0,    0,    0,    0,    0,    0,    0,    0,    0,    0,    0,    0,    0,    0,    0,   -7,    0,    0,    0,    0,    0,   -8,    0,    7,    0,    0,    0,    3,    0,    0,  -13,   -7,    0,   -3,    0,    0,   -7,    0,   -3,    0,    0,   -3,    0,  -10,   -3,    0,    0,    0,    3,    0,   -3,    0,    0,    0,    0,    0,   -7,    0,    0,    0,    0,  -17,    0,    0,    0,    0,    0,    0,    0,
       0,    0,    0,    0,  -27,   -7,   -7,    0,    0,    0,    0,    0,    0,    0,    0,    0,    0,    0,    0,    0,    0,    0,    0,    0,    0,    0,    0,    0,    0,  -13,   -7,    0,    0,    0,    0,   -7,    0,    0,  -25,    0,  -25,  -23,    0,    0,  -10,    0,  -10,  -10,   -7,   -3,  -16,    0,   -3,   -7,  -19,    0,    0,   -7,    0,   -3,   19,   -7,    7,    0,    0,    0,    0,    0,    0,  -13,   -3,   -7,    0,    0,    0,   -7,  -10,  -17,    0,    0,    0,    0,    0,
       0,  -23,    0,    0,    0,    0,    0,    0,    0,    0,    0,    0,    0,    0,    0,    0,    0,    0,    0,    0,    0,    0,    0,    0,    0,    0,    0,    0,    0,    0,    0,    0,    0,    0,  -20,  -13,    0,   10,    7,   -9,    0,    0,    0,    0,  -13,  -30,    0,   -3,   -3,    0,   -3,    0,   -3,    0,    5,  -10,    0,  -20,  -20,    0,    0,    0,    0,    0,  -10,  -13,    0,   -7,    0,    0,    0,    0,  -17,  -20,    0,  -17,    0,    0,    0,   -7,  -23,    0,    0,
       0,   -7,    0,    0,    0,    0,    0,    0,    0,    0,    0,    0,    0,    0,    0,    0,    0,    0,    0,    0,    0,    0,    0,    0,    0,    0,    0,    0,    0,    0,    0,    0,    0,    0,    0,   -3,    0,    0,    0,    0,   -3,    0,   -3,    0,   -3,   -7,    0,    0,    0,    0,    0,   -3,    0,    0,    0,  -10,   -3,  -10,  -13,    0,    0,    0,    0,    0,  -10,    0,    0,    0,    0,    0,    0,    0,    0,    0,    0,   -7,    0,    0,    0,    0,   -7,    0,    0,
       0,    0,    0,    0,   -7,    0,    0,    0,    0,    0,    0,    0,    0,    0,    0,    0,    0,    0,    0,    0,    0,    0,    0,    0,    0,    0,    0,    0,    0,    0,    0,    0,    0,    0,   -7,    0,   -3,    0,    0,   -3,   -3,    0,   -3,   -3,   -3,   -7,   -3,    0,    0,    0,    0,   -3,    0,    0,    0,    0,    0,   -3,    0,    0,    0,    0,    0,    0,    0,   -3,    0,    0,    0,    0,    0,    0,    0,   -3,    0,    0,    0,    0,    0,    0,    0,    0,    0,
       0,    0,    0,   13,    0,    0,    0,    0,    0,    0,    0,    0,    0,    0,    0,    0,    0,    0,    0,    0,    0,    0,    0,    0,    0,    0,    0,    0,    0,    0,    0,    0,    0,    0,   -3,   -3,    0,   40,   10,    0,    5,   10,    3,    0,   -3,  -10,    0,    0,    0,    0,    0,    0,    0,    0,   13,   10,    0,  -13,   -7,    0,    0,    0,    0,   33,   10,    0,    0,    0,    0,    0,    0,    0,    0,    0,    0,    0,    0,    0,    0,    0,    0,    0,    0,
       0,    0,    0,    0,  -13,    0,    0,    0,    0,    0,    0,    0,    0,    0,    0,    0,    0,    0,    0,    0,    0,    0,    0,    0,    0,    0,    0,    0,    0,    0,    0,    0,    0,    0,  -13,    0,    0,    0,    0,  -13,   -7,    0,   -8,   -3,    0,   -7,   -3,    0,    0,    0,    0,    0,    0,    0,    0,    0,    0,   -3,    0,    0,    0,    0,    0,    0,    0,   -3,    0,    0,    0,   -3,    0,    0,   -3,   -3,    0,    0,    0,    0,    0,    0,    0,    0,    0,
       0,    0,    0,    0,  -43,   -3,    0,    0,    0,    0,    0,    0,    0,    0,    0,    0,    0,    0,    0,    0,    0,    0,    0,    0,    0,    0,    0,    0,    0,   -3,    0,    0,    0,    0,   -7,    0,    0,    0,  -17,  -10,  -17,  -17,  -10,   -3,    0,    0,   -3,   -3,    0,    0,   -3,    0,    0,    0,  -13,    0,    0,    0,    0,    0,    0,    0,    0,    0,    0,    0,    0,    0,    0,  -17,    0,    0,    0,    0,    0,    0,    0,  -20,    0,    0,    0,    0,    0,
       0,    0,    0,   -7,  -13,    0,   -3,    0,    0,    0,    0,    0,    0,    0,    0,    0,    0,    0,    0,    0,    0,    0,    0,    0,    0,    0,    0,    0,    0,    0,    0,    0,    0,    0,  -17,    0,   -3,    0,   -7,  -18,   -7,   -5,  -13,   -7,    0,   -7,  -10,    0,    0,    0,    0,    0,    0,    0,   -7,    0,    0,    0,    0,    0,    0,    0,    0,    0,    0,   -3,    0,    0,    0,   -3,    0,    0,   -7,  -10,    0,    0,    0,   -7,    0,    0,    0,    0,    0,
       0,    0,    0,    0,    0,    0,    0,    0,    0,    0,    0,    0,    0,    0,    0,    0,    0,    0,    0,    0,    0,    0,    0,    0,    0,    0,    0,    0,    0,    0,    0,    0,    0,    0,  -10,    0,    0,    0,    0,    0,    0,    0,    0,    0,    0,    0,    0,    0,    0,    0,    0,    0,    0,    0,    0,    0,    0,    0,    0,    0,    0,    0,    0,    0,    0,    0,    0,    0,    0,    0,    0,    0,    0,    0,    0,    0,    0,    0,    0,    0,    0,    0,    0,
       0,   -3,    0,    0,   -7,    0,    0,    0,    0,    0,    0,    0,    0,    0,    0,    0,    0,    0,    0,    0,    0,    0,    0,    0,    0,    0,    0,    0,    0,    0,    0,    0,    0,    0,  -35,    0,    0,    0,    0,  -10,    0,    0,   -3,    0,    0,  -10,    0,    0,    0,   -3,    0,   -7,    0,    0,    0,  -13,   -7,   -7,   -7,   -3,    0,   -3,    0,    0,  -13,    0,    0,    0,    0,    0,    0,    0,    0,    0,    0,    0,    0,    0,    0,    0,   -7,    0,    0,
       0,    0,    0,    0,   -7,    0,    0,    0,    0,    0,    0,    0,    0,    0,    0,    0,    0,    0,    0,    0,    0,    0,    0,    0,    0,    0,    0,    0,    0,    0,    0,    0,    0,    0,  -20,    0,    0,    0,    0,    0,    0,    0,    0,    0,    0,   -3,    0,    0,    0,   -3,    0,   -3,    0,    0,    0,  -10,    0,   -7,   -3,    2,    0,    0,    0,    0,  -10,    0,    0,    0,    0,    0,    0,    0,    0,    0,    0,    0,    0,    0,    0,    0,    0,    0,    0,
       0,   -3,    0,    0,    0,    0,    0,    0,    0,    0,    0,    0,    0,    0,    0,    0,    0,    0,    0,    0,    0,    0,    0,    0,    0,    0,    0,    0,    0,    0,    0,    0,    0,    0,  -17,    0,    0,    0,    0,    0,    0,    0,    0,    0,    0,   -3,    0,   -3,    0,    0,   -3,    0,    0,    0,    0,   -7,    0,   -3,    0,    0,    0,    0,    0,    0,   -7,    0,    0,    0,    0,    0,    0,    0,    0,    0,    0,    0,    0,    0,    0,    0,    0,    0,    0,
       0,   -3,    0,    0,   -7,    0,    0,    0,    0,    0,    0,    0,    0,    0,    0,    0,    0,    0,    0,    0,    0,    0,    0,    0,    0,    0,    0,    0,    0,    0,    0,    0,    0,    0,   -7,    0,    0,    0,    0,    0,    0,    0,   -3,    0,    0,    0,    0,    0,    0,    0,    0,    0,    0,    0,    0,    0,   -3,    0,    0,    0,    0,    0,    0,    0,    0,    0,    0,    0,    0,    0,    0,    0,    0,    0,    0,    0,    0,    0,    0,    0,    0,    0,    0,
       0,    0,    0,    0,    0,    0,    0,    0,    0,    0,    0,    0,    0,    0,    0,    0,    0,    0,    0,    0,    0,    0,    0,    0,    0,    0,    0,    0,    0,    0,    0,    0,    0,    0,  -13,    0,    0,    0,    0,    0,    0,    0,    0,    0,    0,   -3,    0,   -7,    0,    0,   -7,    0,    0,    0,    3,    0,    0,   -7,    0,    0,    0,    0,    0,    0,    0,    0,    0,    0,    0,    0,    0,   -7,    0,    0,    0,    0,   -7,    0,    0,    0,    0,    0,    0,
       0,    0,    0,    0,   -3,   -7,    0,    0,    0,    0,    0,    0,    0,    0,    0,    0,    0,    0,    0,    0,    0,    0,    0,    0,    0,    0,    0,    0,    0,    0,    0,    0,    0,    0,   -6,    0,    0,    0,    0,    0,    0,    0,    0,    0,    0,   -3,    0,   -7,   -3,    0,   -7,    0,   -5,    0,    0,    0,    0,   -3,    0,    0,    0,    0,    0,    0,    0,    0,    0,    0,    0,    0,    0,    0,    0,    0,    0,    0,    0,    0,    0,    0,    3,    0,    0,
       0,   -3,    0,    0,   -7,    0,    0,    0,    0,    0,    0,    0,    0,    0,    0,    0,    0,    0,    0,    0,    0,    0,    0,    0,    0,    0,    0,    0,    0,    0,    0,    0,    0,    0,  -23,    0,    0,    0,    0,  -10,    0,    0,   -3,    0,    0,  -10,    0,    0,    0,   -3,    0,   -7,    0,    0,    0,  -13,   -7,   -7,   -7,   -3,    0,   -3,    0,    0,  -13,    0,    0,    0,    0,    0,    0,    0,    0,    0,    0,    0,    0,    0,    0,    0,   -7,    0,    0,
       0,  -10,    0,    0,    0,    0,    0,    0,    0,    0,    0,    0,    0,    0,    0,    0,    0,    0,    0,    0,    0,    0,    0,    0,    0,    0,    0,    0,    0,    0,    0,    0,    0,    0,  -13,    0,    0,    0,    0,    0,    0,    0,   -3,    0,    0,   -7,    0,    0,    0,    0,    0,    0,    0,    0,    0,  -17,    0,   -7,   -7,    0,    0,    0,    0,    0,  -17,    0,    0,    0,    0,    0,    0,    0,    0,    0,    0,    0,    0,    0,    0,    0,  -13,    0,    0,
       0,    0,    0,    0,  -13,   -3,    0,    0,    0,    0,    0,    0,    0,    0,    0,    0,    0,    0,    0,    0,    0,    0,    0,    0,    0,    0,    0,    0,    0,    0,    0,    0,    0,    0,   -5,    0,    0,    0,  -10,    0,   -3,    0,   -3,    0,    0,    0,    0,   -8,    0,    0,   -8,    0,    0,    0,  -17,    0,    0,    0,    0,   -3,    0,    0,    0,    0,    0,    0,    0,    0,    0,   -7,    0,    0,    0,    0,    0,    0,    0,    0,    0,    0,    7,    0,    0,
       0,   -7,    0,   13,    0,    0,    0,    0,    0,    0,    0,    0,    0,    0,    0,    0,    0,    0,    0,    0,    0,    0,    0,    0,    0,    0,    0,    0,    0,    0,    0,    0,    0,    0,  -17,    0,    0,   43,   13,    0,    7,   13,    7,    0,   -7,  -13,    0,    0,    0,    0,    0,    0,   -3,    0,    7,    3,    0,   -7,   -7,    0,    0,    0,    0,   25,    3,    0,    0,    0,    0,    0,    0,    0,    0,    0,    0,    0,    0,    0,    0,    0,  -10,    0,    0,
       0,  -20,    0,    0,    0,    0,    0,    0,    0,    0,    0,    0,    0,    0,    0,    0,    0,    0,    0,    0,    0,    0,    0,    0,    0,    0,    0,    0,    0,    0,    0,    0,    0,    0,  -30,  -10,    0,    0,    5,   -4,    0,    2,    0,    0,    0,  -40,    0,    0,   -3,    0,    0,   -5,   -3,    0,    0,  -20,   -2,  -23,  -23,    0,    0,    0,    0,    0,  -20,    0,   -7,    0,    0,    0,    0,    0,    0,    0,  -10,    0,   -7,    0,    0,    0,  -30,    0,    0,
       0,  -10,    0,    0,    0,    0,    0,    0,    0,    0,    0,    0,    0,    0,    0,    0,    0,    0,    0,    0,    0,    0,    0,    0,    0,    0,    0,    0,    0,    0,    0,    0,    0,    0,  -30,    0,    0,   29,    0,    0,    0,    0,    0,    0,    0,    0,    0,    0,    0,    0,    0,    0,    0,    0,    0,  -13,    0,   -7,   -7,    0,    0,    0,    0,    9,  -13,    0,    0,    0,    0,    0,    0,    0,    0,    0,    0,    0,    0,    0,    0,    0,  -13,    0,    0,
       0,    0,    0,    0,    0,    0,    0,    0,    0,    0,    0,    0,    0,    0,    0,    0,    0,    0,    0,    0,    0,    0,    0,    0,    0,    0,    0,    0,    0,    0,    0,    0,    0,    0,  -10,    0,    0,    0,    0,   -7,    0,    0,    0,    0,    0,    0,    0,   -3,    0,    0,   -3,    0,    0,    0,    0,    0,    0,   -7,    0,    0,    0,    0,    0,    0,    0,    0,    0,    0,    0,    0,    0,    0,    0,    0,    0,    0,    0,    0,    0,    0,    0,    0,    0,
       0,   13,    0,   10,    0,    0,    0,    0,    0,    0,    0,    0,    0,    0,    0,    0,    0,    0,    0,    0,    0,    0,    0,    0,    0,    0,    0,    0,    0,    0,    0,    0,    0,    0,    9,    0,    0,    0,    0,    7,    0,    0,    3,    0,    0,    0,    0,    0,    0,    0,    0,    0,    0,    0,    0,    0,    0,    0,    0,    0,   13,    0,    3,    0,    0,    0,    0,    0,    0,    0,    0,    0,    0,    0,    0,    0,    0,    0,    0,    0,   13,    0,    0,
       0,    0,    0,    0,    0,    0,    0,    0,    0,    0,    0,    0,    0,    0,    0,    0,    0,    0,    0,    0,    0,    0,    0,    0,    0,    0,    0,    0,    0,    0,    0,    0,    0,    0,    0,    0,    0,   27,    0,    0,    0,    0,    0,    0,    0,    0,    0,    0,    0,    0,    0,    0,    0,    0,    0,    0,    0,    0,    0,    0,    0,    0,    0,   10,    0,    0,    0,    0,    0,    0,    0,    0,    0,    0,    0,    0,    0,    0,    0,    0,    0,    0,    0,
       0,    0,    0,    0,  -13,   -3,    0,    0,    0,    0,    0,    0,    0,    0,    0,    0,    0,    0,    0,    0,    0,    0,    0,    0,    0,    0,    0,    0,    0,    0,    0,    0,    0,    0,   -9,    0,    0,    0,  -10,    0,   -3,    0,   -3,    0,    0,    0,    0,   -8,    0,    0,   -8,    0,    0,    0,  -17,    0,    0,    0,    0,   -3,    0,    0,    0,    0,    0,    0,    0,    0,    0,   -7,    0,    0,    0,    0,    0,    0,    0,    0,    0,    0,    7,    0,    0,
       0,    0,    0,    0,  -13,    0,    0,    0,    0,    0,    0,    0,    0,    0,    0,    0,    0,    0,    0,    0,    0,    0,    0,    0,    0,    0,    0,    0,    0,    0,    0,    0,    0,    0,    0,    0,    0,    0,    0,    0,    0,    0,    0,    0,    0,    0,    0,    0,    0,    0,    0,    0,    0,    0,    0,    0,    0,    0,    0,    0,    0,    0,    0,    0,    0,    0,    0,    0,    0,   -7,    0,    0,    0,    0,    0,    0,    0,    0,    0,    0,    0,    0,    0,
       0,  -13,    0,    0,    0,    0,    0,    0,    0,    0,    0,    0,    0,    0,    0,    0,    0,    0,    0,    0,    0,    0,    0,    0,    0,    0,    0,    0,    0,    0,    0,    0,    0,    0,  -13,    0,    0,    0,    0,    0,    0,    0,    0,    0,    0,  -20,    0,    0,    0,    0,    0,    0,    0,    0,    0,    0,    0,    0,   -7,    0,    0,    0,    0,    0,    0,  -10,    0,    0,    0,    0,    0,    0,  -17,  -10,    0,    0,    0,    0,    0,    0,    0,    0,    0,
       0,  -23,    0,    0,    0,    0,    0,    0,    0,    0,    0,    0,    0,    0,    0,    0,    0,    0,    0,    0,    0,    0,    0,    0,    0,    0,    0,    0,    0,    0,    0,    0,    0,    0,    0,    0,    0,    0,    0,    0,    0,    0,    0,    0,    0,    0,    0,    0,    0,    0,    0,    0,    0,    0,    0,  -10,    0,  -10,  -17,   10,    0,    0,    0,    0,  -10,    0,   -7,    0,   -3,    0,    0,   -7,    0,    0,   -7,    0,   -7,    0,   -7,    0,    0,    0,    0,
       0,    0,    0,    0,  -20,  -13,    0,    0,    0,    0,    0,    0,    0,    0,    0,    0,    0,    0,    0,    0,    0,    0,    0,    0,    0,    0,    0,    0,    0,  -20,  -13,    0,    0,    0,    3,    0,    0,    0,    0,    0,  -17,    0,    0,    0,  -13,    0,    0,    0,    0,   -7,    0,   -7,    0,    0,    0,  -13,    0,  -17,  -13,  -10,    0,  -20,    0,    0,  -13,    0,   -7,    0,  -17,  -20,   -7,  -23,    0,    0,  -13,  -17,  -23,  -17,    0,    0,    0,    0,    0,
       0,    0,    0,    0,  -17,   -7,    0,    0,    0,    0,    0,    0,    0,    0,    0,    0,    0,    0,    0,    0,    0,    0,    0,    0,    0,    0,    0,    0,    0,    0,    0,    0,    0,    0,    0,    0,    0,    0,    0,    0,    0,    0,    0,    0,    0,    0,    0,    0,    0,    0,    0,    0,    0,    0,    0,    0,    0,    0,    0,    0,    0,    0,    0,    0,    0,    0,    0,    0,    0,  -10,    0,   -3,    0,    0,    0,    0,    0,    0,    0,    0,    0,    0,    0,
       0,    0,    0,    0,  -17,   -7,    0,    0,    0,    0,    0,    0,    0,    0,    0,    0,    0,    0,    0,    0,    0,    0,    0,    0,    0,    0,    0,    0,    0,    0,    0,    0,    0,    0,    7,    0,    0,    0,    0,    0,  -20,    0,    0,    0,  -10,    0,    0,    0,    0,   -7,    0,   -7,    0,    0,    0,    0,    0,  -17,    0,    0,    7,  -10,    0,    0,    0,    0,    0,    0,  -10,  -17,   -7,  -13,    7,    0,    0,   -7,  -10,  -13,    0,    0,    0,    0,    0,
       0,    0,    0,    0,  -10,    0,    0,    0,    0,    0,    0,    0,    0,    0,    0,    0,    0,    0,    0,    0,    0,    0,    0,    0,    0,    0,    0,    0,    0,    0,    0,    0,    0,    0,    0,    0,    0,    0,    0,    0,    0,    0,    0,    0,    0,    0,    0,    0,    0,    0,    0,    0,    0,    0,    0,    0,    0,    0,    0,    0,    0,    0,    0,    0,    0,    0,   17,    0,    0,  -10,    0,   -7,    0,    0,    0,    0,    0,    0,    0,    0,    0,    0,    0,
       0,  -23,    0,    0,    0,    0,    0,    0,    0,    0,    0,    0,    0,    0,    0,    0,    0,    0,    0,    0,    0,    0,    0,    0,    0,    0,    0,    0,    0,    0,    0,    0,    0,    0,    0,    0,    0,    0,    0,    0,    0,    0,    0,    0,    0,    0,    0,    0,    0,    0,    0,    0,    0,    0,    0,   -7,    0,  -27,  -17,    0,    0,    0,    0,    0,   -7,    0,   -7,    0,    0,    0,    0,    0,    0,    0,   -7,    0,   -7,    0,    0,    0,    0,    0,    0,
       0,    0,    0,    0,    0,    0,    0,    0,    0,    0,    0,    0,    0,    0,    0,    0,    0,    0,    0,    0,    0,    0,    0,    0,    0,    0,    0,    0,    0,    0,    0,    0,    0,    0,    0,    0,    0,   73,    0,    0,    0,    0,    0,    0,  -10,    0,    0,    0,    0,    0,    0,    0,    0,    0,    0,    0,    0,  -13,   -7,    0,    0,    0,    0,    0,    0,    0,    0,    0,    0,    0,   -7,    0,    0,    0,    0,  -10,   -7,    0,    0,    0,    0,    0,    0,
       0,    0,    0,    0,    0,    0,    0,    0,    0,    0,    0,    0,    0,    0,    0,    0,    0,    0,    0,    0,    0,    0,    0,    0,    0,    0,    0,    0,    0,    0,    0,    0,    0,    0,    0,    0,    0,    0,    0,    0,    0,    0,    0,    0,    0,    0,    0,    0,    0,    0,    0,    0,    0,    0,    0,    0,    0,   -3,    0,    0,    0,    0,    0,    0,    0,    0,    0,    0,    0,    0,    0,   -3,    0,    0,    0,    0,    0,    0,    0,    0,    0,    0,    0,
       0,    0,    0,    0,  -20,    0,    0,    0,    0,    0,    0,    0,    0,    0,    0,    0,    0,    0,    0,    0,    0,    0,    0,    0,    0,    0,    0,    0,    0,    0,    0,    0,    0,    0,    0,    0,    0,    0,    0,    0,  -20,    0,    0,    0,  -10,    0,    0,    0,    0,  -13,    0,    0,    0,    0,    0,    0,    0,  -13,    0,   -7,    7,    0,    0,    0,    0,    0,    0,    0,  -10,  -17,   -7,  -17,    0,    0,    0,    0,  -13,  -13,  -13,   -3,    0,    0,    0,
       0,    0,    0,    0,  -13,    0,    0,    0,    0,    0,    0,    0,    0,    0,    0,    0,    0,    0,    0,    0,    0,    0,    0,    0,    0,    0,    0,    0,    0,    0,    0,    0,    0,    0,    0,    0,    0,    0,    0,    0,    0,    0,    0,    0,    0,    0,    0,    0,    0,    0,    0,    0,    0,    0,    0,    0,    0,    0,    0,    0,    0,    0,    0,    0,    0,    0,    0,    0,    0,   -3,    0,    0,    0,    0,    0,    0,    0,    0,    0,    0,    0,    0,    0,
       0,    0,    0,    0,    0,    0,    0,    0,    0,    0,    0,    0,    0,    0,    0,    0,    0,    0,    0,    0,    0,    0,    0,    0,    0,    0,    0,    0,    0,    0,    0,    0,    0,    0,   -7,    0,    0,    0,    0,    0,    0,    0,    0,    0,    0,    0,    0,    0,    0,    0,    0,    0,    0,    0,    0,    0,    0,    0,    0,    0,    0,    0,    0,    0,    0,   -3,    0,    0,    0,    0,    0,    0,    0,   -3,    0,    0,    0,    0,    0,    0,    0,    0,    0,
       0,    0,    0,    0,    0,    0,    0,    0,    0,    0,    0,    0,    0,    0,    0,    0,    0,    0,    0,    0,    0,    0,    0,    0,    0,    0,    0,    0,    0,    0,    0,    0,    0,    0,    0,    0,    0,    0,    0,    0,    0,    0,    0,    0,    0,    0,    0,    0,    0,    0,    0,    0,    0,    0,    0,    0,    0,    0,    0,    0,    0,    0,    0,    0,    0,    0,    0,    0,    0,    0,    0,    0,    0,    0,    0,    0,    0,    0,    0,    0,    0,   11,    0,
       0,    0,    0,    0,    0,    0,    0,    0,    0,    0,    0,    0,    0,    0,    0,    0,    0,    0,    0,    0,    0,    0,    0,    0,    0,    0,    0,    0,    0,    0,    0,    0,    0,    0,    0,    0,    0,    0,    0,    0,    0,    0,    0,    0,    0,    0,    0,    0,    0,    0,    0,    0,    0,    0,    0,    0,    0,    0,    0,    0,    0,    0,    0,    0,    0,    0,    0,    0,    0,    0,    0,    0,    0,    0,    0,    0,    0,    0,    0,    0,    0,    0,   13,
};

static const EpdLigaturePair notosans_10_bolditalicLigaturePairs[] = {
    { 0x00660066, 0xFB00 }, // f f -> U+FB00
    { 0x00660069, 0xFB01 }, // f i -> U+FB01
    { 0x0066006C, 0xFB02 }, // f l -> U+FB02
    { 0xFB000069, 0xFB03 }, // U+FB00 i -> U+FB03
    { 0xFB00006C, 0xFB04 }, // U+FB00 l -> U+FB04
};

static const EpdFontData notosans_10_bolditalic = {
    notosans_10_bolditalicBitmaps,
    notosans_10_bolditalicGlyphs,
    notosans_10_bolditalicIntervals,
    20,
    28,
    23,
    -7,
    true,
    notosans_10_bolditalicGroups,
    16,
    nullptr,
    notosans_10_bolditalicKernLeftClasses,
    notosans_10_bolditalicKernRightClasses,
    notosans_10_bolditalicKernMatrix,
    471,
    471,
    90,
    83,
    notosans_10_bolditalicLigaturePairs,
    5,
};
