/**
 * generated by fontconvert.py
 * name: notosans_12_bolditalic
 * size: 12
 * mode: 2-bit  compressed: zopfli
 * hinting: auto (FT_LOAD_FORCE_AUTOHINT — grid-fits stems to whole pixels)
 * Command used: fontconvert.py notosans_12_bolditalic 12 ../builtinFonts/source/NotoSans/NotoSans-BoldItalic.ttf --2bit --compress --zopfli
 */
#pragma once
#include "EpdFontData.h"

static const uint8_t notosans_12_bolditalicBitmaps[27763] = {
    0x95, 0x58, 0x2D, 0xB0, 0x25, 0x37, 0x76, 0xFE, 0xEE, 0x55, 0x95, 0xBB, 0x2A, 0x5D, 0xB5, 0x0A,
    0x4C, 0x6A, 0x2A, 0xD5, 0x1C, 0x89, 0x2E, 0x1A, 0xC9, 0x6B, 0x30, 0x60, 0x81, 0x39, 0x5A, 0x83,
    0xB0, 0xA4, 0x6A, 0x49, 0x40, 0x80, 0xE7, 0xA9, 0xED, 0x40, 0x03, 0x4F, 0x38, 0x58, 0x12, 0xEE,
    0x05, 0x0B, 0x02, 0x3C, 0x23, 0xC5, 0x06, 0x0B, 0x02, 0xD2, 0x5E, 0x83, 0x40, 0x77, 0x62, 0xA3,
    0x04, 0x3C, 0x79, 0xA7, 0x37, 0xD3, 0x53, 0x56, 0xF7, 0xC9, 0xF9, 0x74, 0xFB, 0xBD, 0x79, 0xFB,
    0xF2, 0xC6, 0xA9, 0xBD, 0xD2, 0x77, 0xDE, 0x5C, 0x5D, 0xF5, 0xF9, 0xD3, 0xF9, 0x51, 0xCF, 0x49,
    0xCE, 0xFB, 0x79, 0x33, 0x55, 0xC7, 0xDA, 0x2D, 0x7D, 0xE9, 0x67, 0x3B, 0xD9, 0x6C, 0x33, 0x00,
    0x38, 0xA4, 0x31, 0x8D, 0x57, 0x70, 0x9F, 0xCE, 0xDE, 0x66, 0x9D, 0x8F, 0x87, 0xF1, 0xE9, 0x10,
    0x3E, 0x74, 0x80, 0x99, 0x57, 0xA0, 0xFB, 0x6A, 0x01, 0xFA, 0x2F, 0x0A, 0x60, 0xFF, 0x81, 0xE4,
    0xBD, 0x09, 0x56, 0x44, 0x2E, 0xE4, 0xCF, 0xD2, 0x67, 0xFF, 0x05, 0xE8, 0x76, 0xE0, 0x73, 0x07,
    0x44, 0x91, 0x7A, 0x87, 0x9C, 0xCB, 0xE7, 0xFF, 0x97, 0xC9, 0x97, 0x4A, 0x80, 0xBF, 0x53, 0xFC,
    0x1A, 0x18, 0x24, 0x40, 0x64, 0x32, 0x22, 0xB9, 0x7B, 0xFD, 0x55, 0xE8, 0x7E, 0x9F, 0xD1, 0xFD,
    0x90, 0x61, 0x24, 0xE3, 0x24, 0x2B, 0xE0, 0x05, 0xE8, 0x25, 0xC0, 0xC6, 0x11, 0x3F, 0xF1, 0xE3,
    0xDF, 0xFF, 0x55, 0x0A, 0x51, 0x04, 0x51, 0x36, 0x3C, 0x92, 0x19, 0xF8, 0xE9, 0xC1, 0xEA, 0x03,
    0xE0, 0xBC, 0xA1, 0x9B, 0x75, 0xAF, 0xCD, 0x83, 0x64, 0x07, 0xFF, 0x69, 0x7E, 0x8A, 0x68, 0xF3,
    0x8A, 0x2B, 0x8A, 0x7C, 0x3E, 0x7C, 0x92, 0xF1, 0xC2, 0xFF, 0xE2, 0xFD, 0x39, 0xCA, 0xE3, 0x58,
    0x7D, 0xAD, 0xFB, 0x66, 0xFF, 0xF3, 0x0F, 0xF5, 0x39, 0xBA, 0x6F, 0x97, 0xE7, 0xD4, 0xEA, 0x39,
    0xBC, 0x29, 0x15, 0xCF, 0x95, 0x9C, 0x56, 0xF3, 0x72, 0x31, 0xE5, 0x2C, 0xB3, 0xCD, 0x48, 0x01,
    0xEF, 0xEC, 0x00, 0x9C, 0x4C, 0x34, 0xB0, 0x00, 0xC9, 0x2A, 0xD9, 0x7B, 0x25, 0x2F, 0x2C, 0xD7,
    0xFC, 0x08, 0xF8, 0x0D, 0x38, 0x49, 0x19, 0x72, 0x27, 0x8B, 0xCF, 0xC3, 0xAB, 0x1A, 0x83, 0xFF,
    0x97, 0x7D, 0x87, 0x1F, 0xA5, 0xC2, 0x67, 0xBF, 0xC0, 0x4F, 0xB1, 0xC0, 0x89, 0x2C, 0xB0, 0xCD,
    0x37, 0xF2, 0x8F, 0x02, 0x37, 0x7A, 0x78, 0x3C, 0xC6, 0x53, 0x7C, 0x08, 0x74, 0x05, 0x43, 0x86,
    0x0F, 0xD8, 0x71, 0xAA, 0x30, 0x0B, 0x17, 0x94, 0xBF, 0xCD, 0x5C, 0x76, 0x23, 0x7F, 0xE1, 0xC4,
    0xCD, 0xE4, 0x57, 0xAE, 0x0F, 0x99, 0x7B, 0xFA, 0xA9, 0xAD, 0xBA, 0x70, 0x7C, 0xB7, 0x13, 0x67,
    0x3F, 0x1F, 0xD3, 0xCE, 0xC7, 0x0A, 0x79, 0x35, 0x29, 0x11, 0xB7, 0x82, 0xFA, 0x99, 0xCB, 0x11,
    0xC0, 0x5F, 0x2A, 0x86, 0xB1, 0xB1, 0xF9, 0xA9, 0x03, 0xD2, 0x8B, 0x76, 0xA6, 0x38, 0x29, 0x8C,
    0xFC, 0x0D, 0xEC, 0x75, 0xA0, 0x63, 0x31, 0xA8, 0xB4, 0x53, 0x37, 0xA1, 0x7D, 0x1E, 0xFF, 0x31,
    0x92, 0x48, 0xB8, 0x01, 0xBF, 0xDF, 0x87, 0x46, 0x60, 0xB1, 0xEA, 0x58, 0xDA, 0x4E, 0xBF, 0xC5,
    0x1A, 0x2B, 0x63, 0x50, 0xC2, 0x15, 0x9A, 0x13, 0xA8, 0x2B, 0xF5, 0xA1, 0x92, 0x48, 0x00, 0x36,
    0xE0, 0x5C, 0x01, 0x73, 0xF7, 0xA7, 0x11, 0x88, 0x77, 0x7E, 0x62, 0x74, 0xDD, 0xF9, 0x09, 0xFD,
    0x6B, 0x2A, 0x1E, 0x54, 0xEF, 0x6C, 0x36, 0x37, 0xF5, 0xCB, 0x30, 0x59, 0x95, 0xAA, 0x74, 0x76,
    0x79, 0x98, 0x7C, 0x83, 0xCB, 0x7E, 0xF4, 0x07, 0x62, 0xF0, 0xA3, 0xC0, 0x7F, 0xB9, 0xC3, 0x49,
    0x85, 0x95, 0x82, 0xB3, 0x04, 0xA0, 0x2F, 0x88, 0x8C, 0x03, 0x27, 0x53, 0xBA, 0xCE, 0xDE, 0xE5,
    0xBF, 0xF0, 0x99, 0x12, 0x62, 0xF3, 0x5F, 0x02, 0xA4, 0x79, 0x71, 0xA3, 0x16, 0x46, 0xE7, 0xCA,
    0x89, 0x7E, 0xA7, 0xF4, 0xE9, 0x2C, 0x52, 0xB0, 0xD9, 0x05, 0x1F, 0x74, 0x0B, 0x40, 0x30, 0x70,
    0xDC, 0x0C, 0x44, 0x86, 0x37, 0xD0, 0x57, 0xC0, 0x15, 0x40, 0x32, 0xCC, 0x0E, 0xE8, 0x4E, 0x78,
    0x91, 0x31, 0x8A, 0x04, 0x02, 0x4E, 0xF9, 0xEA, 0x77, 0x66, 0x07, 0x26, 0x37, 0x01, 0x83, 0xC2,
    0xE9, 0xB3, 0x69, 0x44, 0xDA, 0x01, 0x99, 0x15, 0x2D, 0xF0, 0x00, 0xAA, 0xD4, 0x90, 0xF0, 0xDD,
    0x3B, 0x02, 0x91, 0x4D, 0xB1, 0xC0, 0xED, 0x81, 0xEE, 0x58, 0x2E, 0x82, 0x62, 0xD1, 0xBD, 0x33,
    0x8C, 0xC2, 0x7E, 0x33, 0xC1, 0xFF, 0x4A, 0x73, 0xC2, 0xE5, 0x53, 0xF5, 0x63, 0x57, 0xBC, 0x66,
    0x4E, 0xA4, 0xFC, 0x72, 0x60, 0x06, 0xC8, 0xBB, 0x1E, 0x2E, 0x56, 0x24, 0x99, 0x99, 0xAD, 0x8A,
    0xCC, 0x65, 0xB3, 0x2A, 0x68, 0x99, 0x2E, 0xF7, 0xB2, 0x29, 0x04, 0xA7, 0x93, 0x50, 0x87, 0x1B,
    0x5D, 0x14, 0x82, 0x7F, 0xEA, 0x76, 0x24, 0xA9, 0x8A, 0x82, 0x81, 0xFA, 0xBC, 0x23, 0x19, 0x5E,
    0x79, 0xD0, 0x36, 0xDA, 0x5D, 0x8E, 0x93, 0xFB, 0xD5, 0x0C, 0x9F, 0x58, 0x3B, 0x74, 0xFF, 0x57,
    0x82, 0x9B, 0xB1, 0xEB, 0x10, 0xF5, 0x71, 0x7A, 0x52, 0xE1, 0x69, 0x93, 0x4C, 0x50, 0x96, 0x30,
    0x22, 0x6B, 0xA7, 0xE8, 0x69, 0x28, 0x86, 0x19, 0xF0, 0x19, 0x48, 0x23, 0x20, 0xAD, 0x1C, 0xA0,
    0xAB, 0x87, 0xCB, 0x6F, 0x7E, 0x0A, 0x74, 0x55, 0x33, 0xA5, 0x5F, 0x8F, 0x9F, 0x26, 0x00, 0x8F,
    0x36, 0x20, 0x35, 0x7D, 0x26, 0xB3, 0x0D, 0xB3, 0x59, 0x6D, 0xC3, 0xB9, 0xBA, 0x0C, 0x49, 0x40,
    0x5A, 0x60, 0x18, 0x15, 0x7F, 0x10, 0x65, 0x13, 0x83, 0x0F, 0x97, 0x78, 0xF1, 0x39, 0x05, 0xDF,
    0x2A, 0x21, 0xD3, 0x79, 0x02, 0xD2, 0x8C, 0x8E, 0xFB, 0x64, 0x87, 0x9F, 0x04, 0xDC, 0xD5, 0x86,
    0x0A, 0x8E, 0x1F, 0x0B, 0xB8, 0xD7, 0x29, 0xBA, 0x75, 0x07, 0x4E, 0xDB, 0xA1, 0xC8, 0x82, 0x10,
    0x0B, 0x5D, 0xAA, 0x00, 0xD2, 0x77, 0xC0, 0x79, 0xE9, 0x6A, 0xBF, 0x9A, 0x82, 0x3B, 0x9F, 0xDB,
    0x0C, 0x71, 0x01, 0x31, 0xD3, 0x48, 0x8F, 0x07, 0x3F, 0x66, 0x65, 0xD0, 0x5A, 0x66, 0x34, 0xF7,
    0xB6, 0x5D, 0xA7, 0x00, 0x0C, 0xB4, 0x3D, 0x30, 0x34, 0xA9, 0x66, 0xFB, 0x33, 0x29, 0x9E, 0x01,
    0x8E, 0x49, 0x24, 0xCC, 0x1E, 0x41, 0xDB, 0x83, 0x5E, 0xC1, 0xCF, 0xBD, 0x64, 0x7E, 0x60, 0x8D,
    0x8B, 0xFF, 0x8C, 0x8B, 0xD3, 0xE3, 0x4A, 0x3E, 0x2C, 0x1E, 0xED, 0x1F, 0x17, 0x79, 0x6E, 0x47,
    0x27, 0x13, 0xE2, 0xD6, 0xF6, 0xB4, 0xBD, 0x01, 0x14, 0xF3, 0xCC, 0xC9, 0x32, 0x48, 0xFD, 0xC9,
    0xCF, 0x2A, 0x43, 0xEC, 0x5C, 0x79, 0x22, 0x71, 0xD6, 0x47, 0x4C, 0x65, 0x11, 0xE8, 0x8F, 0xE2,
    0xC2, 0x6A, 0xC4, 0x94, 0x6B, 0xC6, 0xE0, 0x94, 0x5E, 0x73, 0x49, 0xA4, 0xA9, 0xFE, 0x68, 0xA1,
    0xB5, 0xA8, 0x2D, 0xF5, 0xAF, 0x74, 0x67, 0x5A, 0x3D, 0xBC, 0x91, 0xEA, 0xF0, 0xD8, 0xCE, 0x4A,
    0x3F, 0x1F, 0xC6, 0x55, 0xA9, 0x3F, 0x2D, 0x1E, 0xD5, 0x9B, 0xF2, 0x18, 0xF5, 0xB1, 0xD1, 0x42,
    0x5F, 0xBD, 0xFD, 0x7E, 0xD5, 0x86, 0xB5, 0x4B, 0xC1, 0xD3, 0x7E, 0x91, 0x1B, 0x67, 0xBA, 0x8C,
    0x56, 0x3B, 0x4E, 0xBF, 0xA1, 0x01, 0xB2, 0x70, 0x49, 0x9E, 0x35, 0x2D, 0xF8, 0x6F, 0xBF, 0x2A,
    0x89, 0x24, 0x7B, 0xE5, 0x01, 0x2A, 0x31, 0xAF, 0x95, 0xF4, 0x45, 0x89, 0x0A, 0x24, 0x83, 0x8D,
    0x05, 0x48, 0x49, 0x0A, 0x4A, 0x44, 0x76, 0x9C, 0x49, 0x8C, 0x88, 0xF0, 0x58, 0x12, 0x0F, 0x26,
    0x51, 0x4E, 0x6A, 0x55, 0x84, 0xCE, 0x1C, 0x99, 0xA7, 0x8A, 0x7A, 0xDA, 0xCC, 0x76, 0xAE, 0x97,
    0x61, 0x18, 0x00, 0x22, 0x73, 0xC7, 0xE7, 0x44, 0xB2, 0x2D, 0xC3, 0xAC, 0x45, 0xB3, 0x10, 0x2C,
    0x65, 0x2E, 0xFB, 0xD9, 0xEB, 0xBA, 0x02, 0x5E, 0xBE, 0x63, 0x4A, 0x3D, 0x83, 0x57, 0x1E, 0x22,
    0xFA, 0x5C, 0xF8, 0xB5, 0x5D, 0x81, 0xE1, 0x08, 0x6F, 0x46, 0x7E, 0x1C, 0x6F, 0x12, 0x92, 0x38,
    0xBE, 0x33, 0xE5, 0x4A, 0x47, 0x77, 0x82, 0x72, 0x90, 0x56, 0x05, 0xF3, 0x53, 0xA4, 0x90, 0x54,
    0xB5, 0xB1, 0x53, 0x0B, 0x94, 0xAB, 0x12, 0x08, 0xE3, 0x35, 0xD1, 0xE5, 0x89, 0xC5, 0x8C, 0x06,
    0x29, 0xB1, 0x17, 0x72, 0xDE, 0xA0, 0x49, 0x53, 0xA1, 0xCA, 0xAD, 0x70, 0x39, 0x16, 0x50, 0x3D,
    0x25, 0x3B, 0x94, 0xD0, 0x87, 0xA9, 0x59, 0x59, 0x88, 0xD3, 0x51, 0xB6, 0x09, 0x43, 0x88, 0x84,
    0xC3, 0x52, 0xF2, 0xBB, 0x60, 0xBE, 0x2D, 0x77, 0x34, 0xEC, 0x06, 0x3F, 0xCE, 0x67, 0x05, 0x6E,
    0xF9, 0x10, 0xF7, 0xF9, 0x10, 0xE3, 0x05, 0x38, 0xAB, 0xDB, 0x9C, 0xB4, 0x4A, 0x69, 0x24, 0xFC,
    0x6D, 0x5F, 0xEF, 0x7B, 0x4C, 0x6A, 0x0C, 0x52, 0x53, 0x90, 0x35, 0x85, 0x6E, 0x89, 0x63, 0x5F,
    0xBC, 0x9E, 0x83, 0xD7, 0x73, 0x60, 0x00, 0x76, 0x34, 0x8F, 0xE1, 0xD8, 0xCE, 0x54, 0x28, 0x63,
    0x57, 0x21, 0xAA, 0x92, 0xCF, 0x67, 0x25, 0xA3, 0x2A, 0x15, 0x83, 0x69, 0x44, 0x9A, 0x87, 0x2F,
    0x8A, 0xED, 0xB0, 0xD4, 0x9B, 0xD5, 0xE5, 0xC6, 0x63, 0x4A, 0x5C, 0x56, 0xDD, 0x7D, 0x56, 0xB7,
    0x7A, 0x95, 0xA3, 0x84, 0xAA, 0x8B, 0x9C, 0x58, 0x09, 0xE9, 0x4F, 0xBC, 0x69, 0x3B, 0xE1, 0x5E,
    0xDB, 0xD1, 0x49, 0x06, 0x82, 0xC8, 0x94, 0xBC, 0x6D, 0x02, 0x80, 0x1C, 0x68, 0xC5, 0xE6, 0x9E,
    0x93, 0xD8, 0x2F, 0x89, 0x82, 0xB7, 0x3A, 0x29, 0x5E, 0x8A, 0xA5, 0xEC, 0x8A, 0xAA, 0xB8, 0x49,
    0xC8, 0xC4, 0x1D, 0x02, 0x09, 0xD8, 0x0D, 0x75, 0xE8, 0x57, 0x65, 0x3D, 0x14, 0x25, 0x31, 0xAB,
    0x00, 0x01, 0xCC, 0x0F, 0xAC, 0xBD, 0xC2, 0x46, 0x48, 0x62, 0xA5, 0x2A, 0xF9, 0xFD, 0x46, 0x31,
    0x42, 0x39, 0x42, 0x41, 0x91, 0x79, 0xDD, 0xAC, 0x72, 0x13, 0x7C, 0x18, 0x66, 0x3C, 0x68, 0x97,
    0x59, 0xA9, 0x2C, 0x2B, 0xDA, 0x65, 0xCE, 0xD4, 0x93, 0xFE, 0x90, 0xDA, 0xE6, 0xCA, 0x32, 0x16,
    0x0B, 0xD5, 0x13, 0xD2, 0x93, 0xCC, 0x3A, 0x8D, 0x4C, 0x67, 0x26, 0x4F, 0x3E, 0xFF, 0x30, 0xDB,
    0xEB, 0x6C, 0x5E, 0xCD, 0xC3, 0x67, 0xD9, 0xBC, 0x2C, 0xDE, 0x8F, 0xDD, 0xCB, 0x72, 0xE5, 0x43,
    0xFF, 0xB2, 0xD4, 0x08, 0xFB, 0xED, 0xF7, 0x6B, 0x82, 0xFD, 0xFA, 0x65, 0x79, 0x01, 0xFB, 0xE5,
    0xAB, 0x79, 0xC7, 0xF0, 0x85, 0xE4, 0x0D, 0xEE, 0x63, 0xF9, 0xA8, 0xC2, 0x7F, 0x2C, 0x67, 0xA5,
    0x3F, 0xDB, 0x79, 0x34, 0xA7, 0xCA, 0x4E, 0x97, 0xD8, 0xF7, 0x94, 0xAB, 0x92, 0xD9, 0xAC, 0x27,
    0x29, 0x66, 0x39, 0x4B, 0xE9, 0x8A, 0x79, 0xB5, 0xF6, 0xC5, 0xFC, 0x4F, 0xED, 0x67, 0xF3, 0x7D,
    0xB5, 0x73, 0x57, 0x36, 0x3B, 0xF5, 0x25, 0x0D, 0xD9, 0xCE, 0xD1, 0x65, 0x3B, 0xF9, 0x5F, 0x8E,
    0x36, 0x7B, 0x09, 0x43, 0x1E, 0x04, 0xBA, 0xC0, 0xDE, 0x40, 0x12, 0xFA, 0x1D, 0x11, 0x66, 0x63,
    0xFE, 0x8E, 0x68, 0xCD, 0xED, 0x24, 0xB2, 0xC1, 0xEC, 0x67, 0x81, 0x5D, 0x21, 0x0C, 0xC9, 0x14,
    0xDC, 0x84, 0x18, 0x7C, 0x56, 0x12, 0x47, 0xF6, 0x92, 0xA0, 0x24, 0x05, 0x88, 0xFE, 0x39, 0xED,
    0x0C, 0x30, 0x06, 0x5D, 0x5F, 0xE1, 0x67, 0x57, 0x5A, 0x75, 0x64, 0xB4, 0x85, 0xD6, 0x4C, 0x94,
    0x48, 0x38, 0xF2, 0x65, 0xD5, 0x74, 0x66, 0x75, 0xD9, 0xCE, 0xAC, 0x35, 0xFA, 0xD7, 0xAC, 0xA6,
    0x76, 0xCB, 0xC0, 0x06, 0x5A, 0x2C, 0xAB, 0x8C, 0xBC, 0x7E, 0x38, 0x5F, 0x02, 0xFE, 0x74, 0x0D,
    0xF1, 0xFF, 0x6A, 0x48, 0xE5, 0xAA, 0x12, 0xDD, 0x01, 0x80, 0x0A, 0xB7, 0x9A, 0x04, 0x37, 0x5F,
    0xEA, 0x90, 0xC8, 0xAC, 0x58, 0x18, 0x62, 0xAA, 0x2B, 0xAB, 0xA2, 0x8E, 0x6E, 0x35, 0xEB, 0xB0,
    0x74, 0x22, 0x73, 0x2F, 0x12, 0x18, 0x5B, 0xF6, 0xFB, 0xBD, 0x45, 0xD6, 0x30, 0xA5, 0x70, 0x5C,
    0xE9, 0x94, 0xBA, 0xB9, 0x25, 0xD1, 0x23, 0xE5, 0x93, 0x18, 0x0D, 0xBC, 0x08, 0xBE, 0x13, 0x18,
    0xF8, 0x0D, 0xAD, 0xEA, 0x30, 0xC2, 0xE7, 0x4B, 0x49, 0xB7, 0x5C, 0xD8, 0xA8, 0x8B, 0x62, 0xC3,
    0x6F, 0x74, 0x43, 0x92, 0x15, 0x51, 0xE6, 0xC6, 0x22, 0x8A, 0xE4, 0x24, 0x32, 0x8A, 0x48, 0x78,
    0x6B, 0x62, 0xDD, 0x24, 0xD7, 0xFD, 0xC4, 0xBA, 0xE3, 0x51, 0x73, 0x14, 0x85, 0x84, 0x6E, 0x85,
    0xDC, 0x96, 0xD1, 0x3B, 0x45, 0xE1, 0xA8, 0x07, 0xD3, 0x6D, 0x3D, 0xC8, 0xFD, 0x51, 0x14, 0xE2,
    0x68, 0x49, 0x98, 0x2E, 0x53, 0xCC, 0x70, 0x54, 0xC5, 0x0A, 0x75, 0x96, 0x96, 0x3C, 0xA6, 0x26,
    0xE5, 0xC5, 0x72, 0x14, 0x99, 0x5F, 0xBC, 0x7E, 0x30, 0x59, 0xB1, 0xC3, 0xBF, 0x5B, 0xE1, 0xDF,
    0x53, 0x86, 0x4F, 0x0A, 0xFC, 0xFB, 0x73, 0xBB, 0xF7, 0xB9, 0x34, 0x2A, 0xC0, 0x06, 0x8D, 0xA1,
    0x2A, 0x8E, 0x0B, 0x51, 0xC2, 0xA0, 0x62, 0x99, 0xE4, 0xE4, 0x15, 0x35, 0x82, 0x13, 0x24, 0xBB,
    0x4C, 0xEA, 0xC7, 0x74, 0x96, 0x1C, 0x43, 0x32, 0x3F, 0xE8, 0xF7, 0xD4, 0xFF, 0xF7, 0xB4, 0x21,
    0xDA, 0x7F, 0xFD, 0x5D, 0x45, 0x1C, 0x3E, 0xF9, 0x7A, 0x45, 0xF4, 0x3F, 0xFF, 0xF7, 0x82, 0x18,
    0xFB, 0x6F, 0x66, 0xC4, 0xE7, 0xFD, 0x37, 0x19, 0xB1, 0xF6, 0xD7, 0x4A, 0x97, 0x5E, 0x02, 0x62,
    0xE9, 0x04, 0x88, 0x73, 0xB7, 0x81, 0xA6, 0x55, 0x1C, 0x7F, 0x58, 0x55, 0xD5, 0x6A, 0x3F, 0x41,
    0x65, 0x8D, 0x7A, 0x9C, 0x02, 0x74, 0xAF, 0xDA, 0x01, 0x2D, 0xED, 0x66, 0x42, 0x42, 0xDF, 0x91,
    0x58, 0x12, 0x77, 0xCD, 0x53, 0xFB, 0xB4, 0x00, 0xD2, 0x17, 0x98, 0xAD, 0x5B, 0xD1, 0xAF, 0x2C,
    0xA5, 0xA5, 0xC5, 0xD9, 0x69, 0x67, 0x51, 0x2E, 0x51, 0xA3, 0x52, 0x7D, 0xA0, 0xF1, 0x20, 0x70,
    0x5F, 0x6C, 0x18, 0x54, 0x43, 0x7B, 0x5D, 0x60, 0x65, 0x42, 0x2F, 0x23, 0xA8, 0x8D, 0xD9, 0xDE,
    0x7E, 0x6E, 0x04, 0x44, 0x76, 0xC5, 0x76, 0x12, 0xA9, 0xC7, 0x05, 0x9D, 0xBE, 0xCE, 0x38, 0x1D,
    0x0F, 0xDB, 0xF5, 0xB8, 0x59, 0x73, 0x29, 0xC0, 0xEC, 0x6F, 0x96, 0xD8, 0x00, 0xA3, 0xC8, 0xD8,
    0xEE, 0x4E, 0xBE, 0xC2, 0xAF, 0x8C, 0xB4, 0x17, 0xC0, 0x73, 0x60, 0x03, 0x2E, 0xF7, 0x9E, 0x15,
    0xE7, 0x05, 0xA6, 0x70, 0x76, 0xA5, 0xBD, 0xAB, 0xF1, 0x8D, 0xEF, 0xCD, 0x4B, 0x9F, 0xBB, 0x7D,
    0x74, 0x01, 0x00, 0x7F, 0x19, 0xC1, 0x8D, 0xC3, 0xA8, 0xD5, 0x85, 0x63, 0xEA, 0xA7, 0x5E, 0x2B,
    0x8E, 0xE1, 0x58, 0xCE, 0xCB, 0x79, 0x3D, 0x76, 0xA7, 0x1B, 0xA6, 0xDD, 0x7D, 0xA6, 0x6F, 0x5E,
    0x23, 0x23, 0xA8, 0x0F, 0x95, 0x39, 0xF4, 0xB9, 0x7D, 0xB4, 0x7D, 0x9E, 0x01, 0xE7, 0x42, 0xC7,
    0x1C, 0x46, 0x55, 0xE0, 0xEA, 0x29, 0x50, 0x1F, 0xAB, 0xD2, 0x5E, 0xF9, 0x3A, 0x65, 0x39, 0x04,
    0x17, 0xEC, 0x78, 0x85, 0x3E, 0x1F, 0x25, 0x79, 0x64, 0xC1, 0x53, 0xC9, 0xE9, 0xE7, 0x93, 0x91,
    0x6F, 0x32, 0xEB, 0x8A, 0x2B, 0xA2, 0xA7, 0x10, 0x47, 0x1D, 0x21, 0x21, 0x42, 0x90, 0x14, 0x3B,
    0xE4, 0xBC, 0x41, 0x9E, 0x6C, 0x48, 0xA2, 0x92, 0xF7, 0x8A, 0xFE, 0x3F, 0x56, 0x20, 0xDD, 0xCD,
    0xAE, 0x9B, 0xF7, 0x8F, 0x17, 0xDA, 0x54, 0x24, 0x1B, 0xF6, 0xDD, 0x6D, 0x98, 0xFB, 0xC5, 0x96,
    0x36, 0x26, 0x3B, 0xDB, 0x69, 0x98, 0x86, 0xEC, 0x74, 0xF8, 0xEC, 0x67, 0x69, 0x17, 0x72, 0x9F,
    0x2A, 0x9E, 0x3A, 0xC6, 0xC8, 0x62, 0xA4, 0x5A, 0x59, 0x5D, 0xF9, 0x73, 0x9F, 0x6F, 0x5B, 0xE7,
    0x31, 0xD3, 0x47, 0xCF, 0xA2, 0x4C, 0x4E, 0x59, 0xEE, 0xE1, 0x78, 0x91, 0x29, 0x7F, 0x14, 0x01,
    0xE9, 0x7D, 0xB5, 0xE0, 0xFA, 0xC6, 0x82, 0xFC, 0xA0, 0x05, 0xA7, 0x7B, 0x16, 0xCC, 0x2B, 0xF0,
    0xCB, 0x05, 0x67, 0xD9, 0x60, 0x45, 0xE0, 0x16, 0x96, 0xC5, 0x18, 0xE2, 0xBB, 0x82, 0xD4, 0x42,
    0x69, 0x55, 0x8C, 0xCD, 0xC0, 0x14, 0x3E, 0x40, 0x6C, 0xAF, 0x33, 0xA5, 0x15, 0xD7, 0x96, 0x83,
    0xAD, 0x22, 0x8A, 0x32, 0xB8, 0x79, 0x3D, 0x90, 0x09, 0x51, 0x32, 0x92, 0xC2, 0xFE, 0x48, 0xB7,
    0xF6, 0xF7, 0x1A, 0xFF, 0x9D, 0x37, 0x8C, 0x44, 0xAE, 0x45, 0x41, 0x11, 0xEE, 0x77, 0x0B, 0xE4,
    0x55, 0x31, 0x22, 0xA5, 0xAF, 0x9E, 0xB7, 0xC9, 0x59, 0xC7, 0xE4, 0xF2, 0x90, 0x7D, 0xF3, 0xE1,
    0xF1, 0x5A, 0xF3, 0x95, 0x04, 0x77, 0xDC, 0xA2, 0xCC, 0xBA, 0xDF, 0xBE, 0x69, 0x7F, 0xD0, 0xEA,
    0x62, 0x51, 0x4C, 0xAC, 0x1C, 0x6F, 0x39, 0xAD, 0x14, 0x8E, 0xD3, 0x9A, 0xBB, 0xDD, 0x96, 0x7E,
    0x6D, 0x67, 0x35, 0xB7, 0xF3, 0x52, 0x59, 0x94, 0x46, 0x49, 0x94, 0xA5, 0x23, 0xF8, 0x10, 0x11,
    0xC9, 0xE8, 0xEA, 0x38, 0x19, 0x26, 0x48, 0x53, 0xFD, 0x7E, 0xFF, 0x9F, 0xEF, 0xF4, 0x7F, 0x9D,
    0x0C, 0xE4, 0x66, 0x34, 0x9F, 0x84, 0x1C, 0x68, 0x0F, 0x3F, 0x70, 0xDD, 0x29, 0x3F, 0x7E, 0xDD,
    0x21, 0xEE, 0x38, 0xF0, 0xBC, 0x03, 0xBE, 0x2A, 0x56, 0xC5, 0xF4, 0x36, 0x43, 0xBB, 0x6A, 0xD4,
    0x38, 0xB3, 0xB2, 0x52, 0x0B, 0xFA, 0x97, 0x15, 0x56, 0x8A, 0x62, 0x6E, 0x7F, 0x07, 0x1E, 0xEE,
    0xD7, 0x15, 0xFE, 0x4B, 0xC5, 0x47, 0x3B, 0x7C, 0x10, 0x44, 0xC4, 0xF1, 0xCE, 0x45, 0x87, 0xF3,
    0xED, 0x17, 0x9D, 0xFB, 0x17, 0x3F, 0x53, 0xD2, 0xBB, 0x3B, 0xCC, 0x4B, 0xF9, 0x6D, 0xF3, 0xAE,
    0x48, 0xEE, 0x36, 0x5B, 0xDD, 0x44, 0x0F, 0xF3, 0xAD, 0x40, 0x69, 0x56, 0x4C, 0xCC, 0x40, 0x7A,
    0x78, 0x98, 0x5A, 0x27, 0x54, 0xC4, 0xE0, 0x95, 0x26, 0xF0, 0x5F, 0x4A, 0x15, 0x82, 0xA8, 0xD8,
    0xC9, 0x33, 0x28, 0xC7, 0x3F, 0xFD, 0xB4, 0xE2, 0x0C, 0x23, 0xF5, 0x12, 0xE5, 0x73, 0xBA, 0x44,
    0x79, 0xA0, 0x8C, 0x18, 0xA4, 0x81, 0x32, 0x94, 0xBE, 0xB7, 0x21, 0xCA, 0x0A, 0x27, 0x33, 0xDE,
    0x61, 0xA2, 0x55, 0x37, 0x62, 0x93, 0xD2, 0x3A, 0xBB, 0x3C, 0x69, 0x9D, 0xBD, 0x8D, 0xC5, 0xAC,
    0x66, 0xE9, 0x96, 0xAE, 0xF4, 0x3A, 0x54, 0xFA, 0xEA, 0x27, 0x66, 0xDE, 0x70, 0x2D, 0x18, 0x7E,
    0xBB, 0xDE, 0xBF, 0x9A, 0x22, 0xE1, 0x82, 0x07, 0xEA, 0x4C, 0x78, 0x38, 0x4B, 0xEB, 0x9B, 0x2C,
    0xFD, 0x76, 0x7D, 0x30, 0xE1, 0xE9, 0x72, 0xB3, 0x3C, 0x37, 0xAF, 0xAA, 0x5A, 0xD6, 0xED, 0xE8,
    0xD7, 0x9B, 0xD3, 0x98, 0x1E, 0x0A, 0xBB, 0x34, 0x77, 0xAC, 0x2E, 0x75, 0x98, 0xFF, 0x7A, 0x98,
    0x59, 0x21, 0x3B, 0x09, 0x90, 0x19, 0x43, 0x51, 0xA6, 0xCF, 0x86, 0x92, 0x64, 0x4E, 0xAA, 0xD4,
    0xA5, 0xD6, 0xAF, 0x14, 0x38, 0x70, 0x65, 0x12, 0xC9, 0x0F, 0xC6, 0x71, 0x52, 0xBA, 0xC1, 0x6F,
    0xAC, 0x03, 0x3C, 0x82, 0x37, 0xEE, 0xE7, 0xA0, 0xFB, 0x39, 0xE8, 0xE6, 0xD4, 0x0C, 0x4B, 0xE7,
    0x1D, 0xE9, 0xC9, 0x8E, 0x28, 0xFA, 0x54, 0xAD, 0xED, 0x15, 0x94, 0x8D, 0x9B, 0x47, 0x40, 0xE3,
    0xE3, 0x49, 0xD7, 0x4D, 0x85, 0x7F, 0xB2, 0x68, 0xDB, 0x2F, 0xF0, 0xBF, 0x50, 0x91, 0x31, 0x3F,
    0xD8, 0xF6, 0x5B, 0x30, 0xC4, 0xB3, 0x7A, 0x2A, 0x1A, 0x31, 0x35, 0x76, 0xD2, 0x2D, 0xD1, 0x5E,
    0xF7, 0xC5, 0xDB, 0xCF, 0xEC, 0xE4, 0x9D, 0x53, 0x05, 0xBC, 0x53, 0xF9, 0x4F, 0x5D, 0x84, 0xFF,
    0xDC, 0xBD, 0x80, 0x5F, 0x5D, 0x85, 0x2F, 0x6E, 0xBD, 0x5C, 0xEA, 0xFC, 0xC4, 0x82, 0x2B, 0x3A,
    0xDA, 0x91, 0xC3, 0x7F, 0xB2, 0x2A, 0xF9, 0xB7, 0x02, 0x0C, 0x97, 0xBE, 0x0D, 0xA0, 0xDF, 0x94,
    0xD8, 0xAA, 0xC4, 0xB7, 0xDA, 0x21, 0xBC, 0x6F, 0x31, 0xAE, 0xAB, 0x67, 0x75, 0xA3, 0x3B, 0xA6,
    0x61, 0x66, 0x42, 0x88, 0x12, 0x66, 0x47, 0x65, 0x0A, 0x57, 0xE6, 0xEF, 0x66, 0x8B, 0x12, 0x66,
    0xED, 0xCE, 0x30, 0x78, 0x11, 0x83, 0x92, 0xC4, 0xDC, 0x27, 0x53, 0x5F, 0x49, 0x16, 0x92, 0x99,
    0x24, 0x93, 0x8C, 0x47, 0x88, 0x9C, 0x9B, 0xB0, 0x4A, 0x52, 0x48, 0x82, 0x92, 0x93, 0x48, 0x3E,
    0xFE, 0x6F, 0x2D, 0xA8, 0x12, 0x00, 0x05, 0x51, 0x04, 0x1F, 0x4D, 0xF7, 0x96, 0xA4, 0x2A, 0xD6,
    0x56, 0xAC, 0x99, 0xB0, 0x5D, 0xA5, 0x11, 0xAA, 0xCA, 0xDD, 0x56, 0x9A, 0xF8, 0x8B, 0xE3, 0xCD,
    0x0D, 0xBE, 0x30, 0x95, 0xD9, 0xD7, 0x97, 0xA3, 0x05, 0x73, 0x6E, 0x30, 0x2D, 0xDD, 0x01, 0x7C,
    0xF8, 0xB6, 0x0F, 0x0B, 0x59, 0xCC, 0x48, 0x13, 0x86, 0x7B, 0xD7, 0x00, 0x9D, 0x13, 0xA5, 0x76,
    0x2B, 0xCD, 0x94, 0x80, 0xED, 0xB8, 0x3E, 0x98, 0x85, 0xC2, 0x62, 0x41, 0x9C, 0x70, 0x15, 0x70,
    0x7C, 0xDC, 0xEB, 0x73, 0x48, 0x22, 0x0D, 0xCF, 0x1E, 0xED, 0xE0, 0xE7, 0x7F, 0x01, 0xBD, 0x99,
    0x31, 0x90, 0xE7, 0xB6, 0x75, 0xC6, 0x7F, 0x24, 0x94, 0xA3, 0xC7, 0x28, 0xA0, 0xC2, 0x85, 0xC7,
    0x49, 0xC4, 0x26, 0x4D, 0x32, 0xE3, 0x43, 0xEB, 0x64, 0x4E, 0x0B, 0x5E, 0x54, 0xA8, 0x50, 0x91,
    0x26, 0x4D, 0xAA, 0xA4, 0x48, 0x95, 0xC6, 0x8D, 0x0A, 0x15, 0xBA, 0x03, 0x14, 0x15, 0x29, 0x7D,
    0x7D, 0xE3, 0x14, 0xEE, 0x73, 0xFD, 0xAC, 0x96, 0x18, 0xB9, 0x70, 0x66, 0x54, 0x88, 0x96, 0x8A,
    0x14, 0x29, 0x44, 0x59, 0xAA, 0x92, 0x42, 0xB0, 0xC5, 0x8B, 0xA0, 0x18, 0xE4, 0x0B, 0x30, 0xCC,
    0x69, 0xA3, 0x1D, 0x6B, 0x26, 0x9E, 0x3D, 0x1D, 0x81, 0xEF, 0x03, 0x49, 0x10, 0xDF, 0xC3, 0xE3,
    0x62, 0xDE, 0xE3, 0xE2, 0xCF, 0x65, 0x77, 0xF4, 0x07, 0x19, 0x40, 0x25, 0x95, 0x86, 0xA4, 0x57,
    0xB3, 0x98, 0x65, 0x8C, 0x36, 0xBA, 0xE8, 0xC3, 0x3C, 0xC9, 0x84, 0x8E, 0xE8, 0xC0, 0xBC, 0x0D,
    0x52, 0x8C, 0x64, 0xBB, 0xBE, 0xE8, 0x22, 0xF3, 0x84, 0xD0, 0xEA, 0xD1, 0x18, 0xB9, 0x1F, 0xBC,
    0x44, 0x2B, 0x51, 0x1D, 0x93, 0x5A, 0x50, 0x11, 0xB0, 0x19, 0x3A, 0x11, 0x50, 0xB2, 0x83, 0xDE,
    0xBE, 0x0F, 0x26, 0x01, 0xE3, 0xF2, 0x94, 0x6C, 0x6C, 0x9D, 0x12, 0x18, 0xA4, 0x99, 0x11, 0x01,
    0xFC, 0x04, 0xCC, 0x00, 0x07, 0xA0, 0x32, 0x60, 0x45, 0x56, 0x9C, 0xC8, 0xD2, 0x28, 0xF2, 0x1D,
    0xBE, 0x77, 0x71, 0xF5, 0xC0, 0xCB, 0x31, 0x4A, 0x1E, 0xDF, 0xCA, 0x96, 0xCB, 0x5A, 0xEB, 0x49,
    0xBD, 0x74, 0xB2, 0x5F, 0xCC, 0xEF, 0xD4, 0x07, 0xC6, 0x38, 0x6C, 0xD5, 0x8F, 0xD5, 0xAC, 0x36,
    0xEA, 0xD5, 0x4F, 0x43, 0x3A, 0x50, 0xBF, 0x29, 0xA8, 0xDF, 0x6E, 0xF4, 0xB2, 0xD2, 0x49, 0xC4,
    0x49, 0xA9, 0xC8, 0x74, 0x07, 0x74, 0x3B, 0xCC, 0x92, 0x90, 0x8A, 0x66, 0x53, 0x6D, 0x30, 0x24,
    0x78, 0xF3, 0xAB, 0x03, 0xF8, 0xDA, 0xE5, 0x98, 0x41, 0x64, 0xEA, 0x45, 0x50, 0xF9, 0xBB, 0x6D,
    0x00, 0xFD, 0x0E, 0xC8, 0x8A, 0x92, 0x8C, 0xFE, 0xA0, 0x60, 0xE2, 0x5E, 0x51, 0xDB, 0x27, 0x19,
    0x25, 0x2B, 0xF8, 0x0A, 0x9D, 0x9A, 0x32, 0xDB, 0xD8, 0x8C, 0x45, 0xEC, 0x7E, 0x0A, 0x5B, 0x76,
    0xC7, 0xE5, 0x05, 0xDC, 0x39, 0x26, 0xF0, 0xB2, 0xD1, 0xE7, 0xEE, 0x0A, 0x1D, 0x30, 0xD3, 0x4B,
    0x9D, 0xBC, 0x12, 0xEF, 0x69, 0x79, 0x6B, 0x7D, 0xC3, 0x42, 0x7A, 0xFC, 0x32, 0xBC, 0xFE, 0xF8,
    0x1E, 0xBC, 0x91, 0xDE, 0x84, 0x1F, 0x3D, 0x6E, 0xD4, 0x2E, 0x5F, 0x7F, 0xBD, 0x76, 0x3C, 0xBE,
    0x37, 0xDE, 0x9F, 0xD2, 0x5D, 0x2D, 0x6F, 0x2F, 0xE6, 0xAD, 0x2B, 0x13, 0xD4, 0xC6, 0x0C, 0xB3,
    0x64, 0xD0, 0x12, 0xE8, 0xBF, 0x5C, 0x8D, 0x2C, 0xE3, 0x6B, 0xD1, 0x0D, 0xF1, 0x42, 0xC7, 0x97,
    0x4D, 0xB8, 0x18, 0x27, 0x27, 0x98, 0xF7, 0xE1, 0xC5, 0x0E, 0x1E, 0x0C, 0x0B, 0x62, 0x92, 0x2A,
    0x2E, 0x9A, 0x4D, 0x26, 0xFB, 0xC1, 0x8E, 0xFB, 0x79, 0xC1, 0xBE, 0x5B, 0x30, 0xEB, 0x81, 0x4E,
    0x33, 0x43, 0xF2, 0xF4, 0xD3, 0x9F, 0x00, 0x4D, 0x57, 0xA6, 0xA7, 0x00, 0x73, 0x03, 0xDF, 0x05,
    0xDC, 0xEE, 0x8B, 0x2F, 0xBF, 0xD3, 0x2B, 0xF3, 0xA5, 0x8A, 0xF7, 0x4C, 0xF3, 0xCA, 0x0C, 0x31,
    0x3D, 0x36, 0x2A, 0xBE, 0xFE, 0xB8, 0x9E, 0xBD, 0x91, 0x8C, 0x4C, 0x3F, 0x7A, 0x6C, 0x76, 0x2A,
    0x8D, 0xD5, 0x2B, 0xA3, 0xC3, 0xE3, 0x7B, 0xB5, 0x37, 0xDD, 0x35, 0xFD, 0x27, 0x8B, 0x09, 0xDC,
    0xF4, 0x0A, 0xC0, 0x89, 0x38, 0x39, 0xBC, 0xEC, 0x80, 0xC9, 0x38, 0xA1, 0x8C, 0xD3, 0x66, 0x42,
    0xAD, 0xEF, 0xD8, 0xC9, 0x1D, 0xE8, 0x0D, 0x2E, 0xB8, 0x81, 0x1B, 0x1E, 0xDC, 0xE8, 0xBB, 0xE9,
    0x61, 0x27, 0x93, 0x96, 0x65, 0xF8, 0x6C, 0xED, 0x86, 0x15, 0x13, 0xB1, 0x13, 0x3B, 0x43, 0xC2,
    0xFE, 0xC7, 0xE4, 0x25, 0x78, 0x99, 0xF8, 0x1B, 0x06, 0x89, 0x83, 0x2C, 0xED, 0x01, 0xBD, 0xF4,
    0x32, 0xA9, 0x83, 0xEE, 0x5F, 0x02, 0x26, 0xFE, 0xC5, 0x1C, 0x9C, 0x60, 0x33, 0x6A, 0x6F, 0x2B,
    0xD3, 0x81, 0x70, 0x9C, 0xA5, 0xDB, 0xBB, 0xBD, 0x2F, 0x7D, 0x51, 0xAD, 0xE4, 0x5A, 0x36, 0xB5,
    0xE9, 0xAD, 0x3E, 0x95, 0x74, 0x1A, 0x93, 0xC9, 0x7E, 0x35, 0x22, 0xCB, 0x28, 0xFF, 0x19, 0xC7,
    0xCF, 0x7E, 0x12, 0x6D, 0x04, 0xD7, 0x10, 0xC0, 0x4F, 0x30, 0x73, 0xA2, 0x13, 0x59, 0x75, 0xC5,
    0x58, 0xE1, 0xE4, 0xE3, 0x6F, 0x84, 0xAD, 0x30, 0x15, 0x7D, 0x05, 0xDD, 0xFF, 0x13, 0xC0, 0x18,
    0x5C, 0xF4, 0xD1, 0x4D, 0x3A, 0x98, 0xB5, 0x45, 0x8A, 0x39, 0xF9, 0xC0, 0xD5, 0xB0, 0xDB, 0xE2,
    0xCB, 0x9F, 0xE7, 0x2E, 0xF7, 0x5B, 0xBB, 0x3B, 0xAC, 0xB5, 0x64, 0x7B, 0x3C, 0xB0, 0x97, 0x36,
    0xDB, 0x7C, 0x51, 0xDE, 0xF1, 0x79, 0x7C, 0x44, 0x78, 0x01, 0xBD, 0x5C, 0x2F, 0x21, 0x95, 0x5D,
    0xE8, 0x8B, 0x8B, 0xAA, 0xC2, 0x24, 0xC1, 0x7D, 0x58, 0x98, 0x5F, 0xDB, 0x78, 0x38, 0x2C, 0x7C,
    0xA7, 0x6B, 0x8E, 0x31, 0x2C, 0xBD, 0x60, 0xC2, 0x78, 0xE0, 0x70, 0x3B, 0xEF, 0xF0, 0xC7, 0x97,
    0x5D, 0x86, 0xA2, 0x52, 0x25, 0x13, 0xE9, 0xB2, 0xBD, 0x5F, 0x6D, 0x3E, 0x1C, 0xB2, 0x4A, 0xC5,
    0x6C, 0xEA, 0xF3, 0xE4, 0x36, 0xF4, 0xF2, 0xDB, 0xC4, 0xF8, 0xF6, 0xE7, 0x09, 0xA7, 0x7F, 0xB1,
    0x52, 0x8C, 0x94, 0x7E, 0x1B, 0x25, 0x0F, 0x2B, 0x26, 0x9A, 0x58, 0x89, 0xA6, 0x4C, 0x93, 0x0E,
    0x34, 0x6D, 0x9A, 0xF8, 0x25, 0xFC, 0xD1, 0x65, 0xB7, 0xD1, 0xE4, 0x57, 0x4E, 0xFD, 0x66, 0xE0,
    0xB5, 0x4C, 0xB5, 0xE0, 0x84, 0x6A, 0xE2, 0xAE, 0x47, 0x35, 0x5D, 0xD0, 0x0B, 0x17, 0x30, 0x86,
    0x36, 0x1D, 0xD7, 0xD4, 0x28, 0x58, 0xE8, 0x37, 0x64, 0x67, 0x58, 0x7B, 0x29, 0x98, 0xA8, 0x2A,
    0x03, 0x30, 0xB4, 0xD1, 0x46, 0xA2, 0x5E, 0xFE, 0xC0, 0xC4, 0x31, 0xB4, 0xD7, 0x88, 0x3A, 0xB8,
    0x64, 0xD8, 0x9B, 0x45, 0xD7, 0x0C, 0x5A, 0x13, 0x8F, 0x47, 0xDE, 0xBE, 0xB2, 0xCB, 0xFE, 0x50,
    0x17, 0xFF, 0x69, 0x19, 0x0B, 0x2A, 0x3D, 0xC8, 0xE8, 0xE5, 0x49, 0xAE, 0xFE, 0xFC, 0x6A, 0xC3,
    0x0D, 0x72, 0x50, 0xB4, 0xEC, 0xFD, 0x86, 0x5A, 0x87, 0x95, 0x5A, 0xEB, 0xE9, 0x90, 0xD1, 0x99,
    0xA6, 0x01, 0x80, 0x59, 0x18, 0x23, 0x3E, 0x34, 0xFF, 0x0A, 0x6E, 0xC1, 0x4F, 0xCC, 0x30, 0xDF,
    0x5F, 0xBD, 0x24, 0x27, 0x49, 0x1F, 0x13, 0x3C, 0x0D, 0xBE, 0x66, 0x05, 0x54, 0x02, 0xC8, 0xC0,
    0xD9, 0xB1, 0x01, 0x2E, 0x03, 0xBE, 0xD1, 0x51, 0xA0, 0xDB, 0x2B, 0xA9, 0x2F, 0x2B, 0xE9, 0x54,
    0xDA, 0xA8, 0x4A, 0x36, 0xEE, 0xE0, 0x42, 0xA5, 0x79, 0xAA, 0x24, 0x72, 0xD0, 0x37, 0x52, 0x22,
    0x82, 0x4E, 0xCC, 0x4D, 0x7C, 0xC6, 0xC6, 0x4A, 0x2E, 0xE0, 0x01, 0x7E, 0x10, 0x00, 0xDF, 0x68,
    0x07, 0xD4, 0x06, 0xF4, 0xE1, 0xDB, 0xB7, 0x3B, 0xEC, 0xC0, 0x28, 0x80, 0xB7, 0x81, 0x2E, 0xEB,
    0xF8, 0xAD, 0x9B, 0x3C, 0xE5, 0xA7, 0x04, 0xEE, 0x57, 0x2B, 0xCC, 0xB2, 0x40, 0x92, 0x08, 0xEB,
    0x5D, 0x9E, 0x8F, 0x71, 0x6B, 0x02, 0x38, 0x1B, 0xA1, 0x46, 0x77, 0x80, 0x6F, 0xDF, 0x6E, 0x9F,
    0x01, 0x73, 0x34, 0x32, 0x5F, 0xD1, 0x0E, 0xF4, 0xDB, 0x73, 0x30, 0x2E, 0x22, 0x11, 0xD4, 0xD9,
    0x18, 0x11, 0x09, 0x30, 0xFE, 0x7B, 0x02, 0x70, 0xEF, 0xB5, 0x86, 0xD9, 0xB4, 0xA6, 0x3B, 0xCE,
    0x55, 0x5F, 0x46, 0x69, 0x36, 0x73, 0x6B, 0x30, 0xC9, 0xB6, 0xC6, 0x2D, 0x2E, 0x00, 0xBE, 0x0D,
    0x06, 0x11, 0x99, 0x4E, 0x61, 0x60, 0x28, 0xCC, 0x80, 0x49, 0x88, 0x24, 0xEC, 0x4A, 0x6B, 0x5C,
    0x6C, 0x21, 0x17, 0xEE, 0xC8, 0x23, 0x9C, 0x94, 0x7A, 0x91, 0x95, 0x4C, 0x8F, 0x4D, 0x86, 0x31,
    0x81, 0x5D, 0xC0, 0x45, 0xF0, 0x4F, 0xE3, 0xF4, 0x89, 0xF3, 0x3A, 0x82, 0xDB, 0xFE, 0x90, 0x51,
    0x84, 0xA1, 0x82, 0xB9, 0x0D, 0xE2, 0x1C, 0xA0, 0x17, 0x1A, 0x3A, 0x89, 0x70, 0x00, 0xC3, 0x06,
    0x7D, 0x01, 0x2A, 0xAE, 0xB3, 0xD2, 0x86, 0x48, 0x6A, 0xE8, 0xF6, 0xD6, 0x7D, 0x42, 0x35, 0x88,
    0x4C, 0x4D, 0x53, 0x57, 0x98, 0xC4, 0x89, 0x15, 0xC6, 0x05, 0x6C, 0xA4, 0x4D, 0xF5, 0x2B, 0xC0,
    0x9D, 0x7F, 0x3E, 0x7B, 0x5D, 0x80, 0x2B, 0xE0, 0x67, 0xCF, 0x56, 0xBF, 0x93, 0x80, 0x92, 0x88,
    0xF9, 0xB7, 0x15, 0xD7, 0x6D, 0xCF, 0x54, 0x1B, 0x40, 0xFF, 0x7C, 0xAD, 0xDA, 0x89, 0xD6, 0x02,
    0xCF, 0x54, 0xDF, 0x46, 0xCC, 0xC2, 0x90, 0x38, 0xE7, 0x2D, 0xD2, 0xC9, 0xC1, 0x9C, 0xDB, 0x7D,
    0x57, 0x6B, 0xC0, 0x4F, 0xAD, 0xCE, 0x20, 0x70, 0xD0, 0xED, 0xF4, 0xA5, 0x55, 0x55, 0xB0, 0x82,
    0x97, 0x69, 0x96, 0x09, 0xFE, 0xAC, 0x62, 0x9E, 0x5A, 0x2F, 0x2A, 0xC1, 0x9D, 0x09, 0x4E, 0x35,
    0x9A, 0x5C, 0xD3, 0xE3, 0x66, 0x46, 0x6F, 0x98, 0x01, 0x01, 0x0E, 0xB8, 0xE9, 0x84, 0x15, 0x9A,
    0x3A, 0x4D, 0x1E, 0xDD, 0x6E, 0x34, 0x1D, 0x37, 0xF5, 0xD9, 0xC4, 0x67, 0xAA, 0x0D, 0x67, 0xFC,
    0x68, 0x81, 0xF3, 0xE5, 0x11, 0x80, 0x67, 0xAA, 0x3F, 0x1F, 0x95, 0x44, 0x52, 0xA3, 0x42, 0xB7,
    0x0F, 0x07, 0x7D, 0xE9, 0xA4, 0x12, 0xD2, 0x9E, 0x9E, 0x51, 0xB9, 0x92, 0x93, 0x45, 0xF0, 0x12,
    0x4F, 0xC2, 0xA4, 0x7E, 0xC7, 0xAC, 0xB5, 0x7F, 0x5C, 0x4C, 0xC6, 0x46, 0x9F, 0x70, 0x22, 0xB1,
    0xD2, 0x41, 0xA5, 0x47, 0x3C, 0x3D, 0xEC, 0xFD, 0x15, 0xFC, 0x87, 0x0B, 0xB4, 0x6E, 0x7E, 0x2D,
    0x81, 0x6E, 0xBD, 0xE0, 0x3C, 0xE6, 0xD8, 0x15, 0x24, 0x36, 0x5B, 0xAB, 0xCA, 0x9D, 0x24, 0xB5,
    0xF5, 0x92, 0x86, 0xA4, 0xBE, 0xC8, 0x3A, 0xA9, 0xFF, 0x2A, 0x7A, 0x55, 0xBF, 0x2E, 0x66, 0x1D,
    0xD2, 0x6E, 0x16, 0x9D, 0xE6, 0x31, 0x9A, 0xD5, 0xDB, 0x68, 0x16, 0xF7, 0xE3, 0x60, 0xA2, 0x93,
    0x69, 0x8C, 0xA3, 0x50, 0x6F, 0x08, 0x2E, 0x34, 0x9A, 0xF4, 0x81, 0x47, 0xED, 0xA7, 0xCF, 0x70,
    0x00, 0x38, 0x00, 0x13, 0xE0, 0xFA, 0xB8, 0x23, 0x01, 0x9C, 0x6C, 0x74, 0x22, 0x3B, 0xEA, 0xE8,
    0x05, 0x93, 0x11, 0xC6, 0xC4, 0x3C, 0xD9, 0x96, 0xB1, 0x5D, 0xAC, 0xE4, 0x43, 0xBD, 0xF4, 0x53,
    0xA5, 0x79, 0x42, 0x6A, 0xD3, 0x55, 0xF9, 0xA9, 0xCA, 0xBB, 0xA8, 0x0B, 0x6E, 0xB5, 0x89, 0x51,
    0x64, 0x61, 0x10, 0x99, 0x60, 0xFE, 0x14, 0x40, 0x15, 0x40, 0x6F, 0x80, 0x59, 0x00, 0x37, 0x01,
    0x7F, 0xFA, 0x1C, 0xEC, 0xFA, 0x15, 0x3A, 0x49, 0x30, 0x3C, 0xC9, 0x30, 0x86, 0x77, 0x9E, 0x93,
    0xBF, 0xD9, 0x80, 0x92, 0x11, 0x06, 0x39, 0xC0, 0xFC, 0x55, 0x01, 0xD3, 0x6F, 0xDF, 0xBE, 0x5D,
    0x80, 0x2E, 0x5D, 0x82, 0x7A, 0x52, 0xA0, 0x4F, 0xF9, 0x39, 0xF9, 0xCB, 0x4B, 0xDC, 0x73, 0xE1,
    0x30, 0x9F, 0x14, 0x25, 0x09, 0x89, 0x48, 0x50, 0xB2, 0x9A, 0x2F, 0xB2, 0x8B, 0xC7, 0xC8, 0xCB,
    0x2F, 0xF0, 0x02, 0xD0, 0xB5, 0x29, 0xFC, 0x74, 0xC2, 0x89, 0xB4, 0x29, 0x1C, 0xA8, 0x43, 0x09,
    0x7A, 0x1B, 0x84, 0x71, 0x35, 0x32, 0xD9, 0xE8, 0xDA, 0x14, 0x2E, 0xDD, 0xE4, 0xDE, 0xDA, 0xEA,
    0x3C, 0x5E, 0x5D, 0x3D, 0xDE, 0x44, 0xC1, 0x3B, 0x0E, 0x7C, 0xE9, 0x77, 0xDC, 0x36, 0x14, 0x5C,
    0x7A, 0x3A, 0x05, 0x27, 0x32, 0xF1, 0xA0, 0x4D, 0xE1, 0x7B, 0x7C, 0xB5, 0xCC, 0xBA, 0x46, 0x5C,
    0x01, 0x58, 0xAE, 0x8F, 0xD6, 0xE9, 0xA7, 0x4A, 0x33, 0x43, 0x46, 0x18, 0x36, 0x04, 0x9D, 0x38,
    0x30, 0x2D, 0x18, 0x9B, 0xB5, 0x2F, 0x8C, 0x4B, 0x8B, 0x90, 0x8B, 0xCA, 0xB8, 0x38, 0x6C, 0x95,
    0x74, 0xA5, 0xA0, 0x13, 0x3E, 0x98, 0x46, 0x76, 0xC1, 0x2D, 0x3E, 0x62, 0x9B, 0x5D, 0x23, 0x3B,
    0x74, 0xB2, 0x02, 0xE8, 0x0C, 0x98, 0x04, 0xD8, 0x08, 0x3C, 0x04, 0xF8, 0xFB, 0xE7, 0x60, 0x57,
    0x22, 0xF4, 0xED, 0x54, 0x7F, 0x92, 0xC0, 0x4D, 0xF9, 0x39, 0xF9, 0x0B, 0xA0, 0x3E, 0xDE, 0x60,
    0xF8, 0xBC, 0xD1, 0x07, 0xE9, 0x39, 0xD9, 0xFD, 0x07, 0xE8, 0x77, 0x50, 0x1B, 0x98, 0x05, 0x7E,
    0x00, 0x00, 0x33, 0x26, 0xF9, 0xC9, 0x2E, 0x2E, 0xF8, 0xE0, 0xA2, 0x60, 0xDF, 0xDD, 0x19, 0x3F,
    0xCC, 0x98, 0xCF, 0x12, 0x46, 0x16, 0xB4, 0x04, 0x06, 0x01, 0xD5, 0x86, 0x96, 0x8A, 0x4C, 0x9B,
    0x16, 0xFA, 0x3A, 0xCF, 0x36, 0x7C, 0x3D, 0x3D, 0x9C, 0xDF, 0x76, 0xB1, 0x62, 0x55, 0x65, 0x4C,
    0x2A, 0xB7, 0xFF, 0x7B, 0x75, 0xD2, 0xC9, 0xD4, 0x62, 0x57, 0x23, 0x12, 0x2B, 0x18, 0xE5, 0xD3,
    0xAF, 0x65, 0x9A, 0x06, 0xB8, 0x23, 0x0B, 0x58, 0x29, 0x30, 0xCB, 0x01, 0xF2, 0x97, 0x42, 0xB7,
    0x23, 0x2D, 0x89, 0x1C, 0xA8, 0xA2, 0x0B, 0x2A, 0xFB, 0xC4, 0xB0, 0xC9, 0x84, 0x7E, 0x72, 0x80,
    0x4E, 0xCD, 0xD3, 0x34, 0xAF, 0x98, 0x75, 0xDC, 0x18, 0x97, 0xA1, 0x60, 0x5B, 0x0A, 0x70, 0xFF,
    0x3A, 0x54, 0x7A, 0x5F, 0x32, 0xEE, 0x27, 0x92, 0xF0, 0xAF, 0xCA, 0xC4, 0x0C, 0x20, 0x40, 0x7F,
    0x00, 0xAE, 0x34, 0xCA, 0x8D, 0x16, 0x1A, 0x47, 0x18, 0x2B, 0xF4, 0x0A, 0x7D, 0x02, 0x80, 0xF9,
    0xB5, 0x45, 0xC9, 0x47, 0x6D, 0xC2, 0xD1, 0x26, 0x09, 0x6D, 0xFB, 0xAC, 0x96, 0x69, 0xC6, 0x23,
    0xCC, 0x08, 0x07, 0xD2, 0xEF, 0xC8, 0xAB, 0x3B, 0xB3, 0x14, 0xDC, 0x51, 0xD0, 0x1F, 0x67, 0x60,
    0x0E, 0x74, 0xC7, 0xF9, 0xC2, 0x75, 0xBC, 0x9D, 0x96, 0x39, 0xBF, 0x07, 0xB8, 0x72, 0x55, 0xCE,
    0x84, 0x5B, 0x69, 0xD9, 0x7F, 0x5C, 0x99, 0x65, 0x41, 0x24, 0x76, 0xEB, 0x15, 0xB7, 0xD2, 0x7A,
    0x79, 0x6C, 0x73, 0x9A, 0x78, 0x60, 0x01, 0x6E, 0xA7, 0x35, 0x24, 0x18, 0x0B, 0xFC, 0xF0, 0x87,
    0x27, 0xDA, 0xF9, 0x9D, 0xF5, 0x36, 0x9A, 0x6D, 0xDC, 0x4F, 0x37, 0xEA, 0x48, 0xD9, 0x31, 0x52,
    0x0F, 0xEC, 0x2A, 0x69, 0xA6, 0x8E, 0x8F, 0xBE, 0x85, 0xEB, 0xFB, 0x6D, 0x74, 0x1B, 0x21, 0x95,
    0x57, 0x04, 0xF9, 0x6B, 0x90, 0x5E, 0xA0, 0x6A, 0xC9, 0xF4, 0x77, 0xCC, 0x22, 0x92, 0x70, 0x7B,
    0xE5, 0xAA, 0xF8, 0x1B, 0x79, 0x04, 0x7E, 0x53, 0xE7, 0x86, 0x69, 0x7A, 0xD1, 0xC5, 0xEB, 0x4F,
    0xC5, 0xB3, 0xCE, 0xE1, 0x91, 0x97, 0xC5, 0xCA, 0x32, 0x1C, 0x93, 0x5A, 0x19, 0x32, 0x94, 0x56,
    0x6D, 0xC6, 0xAE, 0x5C, 0xAF, 0xAF, 0xE5, 0x7A, 0x7D, 0xFD, 0x78, 0xA3, 0x3F, 0xE7, 0x87, 0xDD,
    0x5A, 0x10, 0xFF, 0xDF, 0x79, 0xC9, 0x81, 0x48, 0xAE, 0x08, 0x08, 0x30, 0xD7, 0xD9, 0x78, 0xD9,
    0xB0, 0x92, 0xCE, 0x6C, 0x84, 0x4C, 0xF4, 0x3B, 0x0C, 0x09, 0x74, 0xB8, 0x9D, 0x96, 0x29, 0xE0,
    0x76, 0xD8, 0x1D, 0x2A, 0x8D, 0xE1, 0x56, 0x5A, 0x0F, 0x2C, 0x4D, 0x87, 0xB6, 0xEB, 0x09, 0xDC,
    0x46, 0x4B, 0x27, 0x95, 0xBB, 0xC2, 0x03, 0x38, 0x37, 0xD1, 0x5A, 0x10, 0x31, 0xA9, 0x6D, 0xFF,
    0x8E, 0x8B, 0x8D, 0x2E, 0xBA, 0xE0, 0x5A, 0xB6, 0x35, 0x09, 0x17, 0xB9, 0xA2, 0xFB, 0x19, 0xB4,
    0x47, 0x69, 0x35, 0x33, 0x6C, 0xE8, 0x84, 0xA9, 0x75, 0x6D, 0x75, 0x5C, 0xAE, 0xBF, 0xF1, 0xDD,
    0x84, 0x9F, 0xE8, 0x64, 0x1A, 0x24, 0x8E, 0xEF, 0xAD, 0x0F, 0xFB, 0xF4, 0x7B, 0x0D, 0xD4, 0x6F,
    0x2F, 0x75, 0x94, 0xF9, 0xA7, 0x05, 0x7E, 0x3F, 0x8B, 0x00, 0xA8, 0xF0, 0x08, 0xFD, 0x45, 0x62,
    0x90, 0x05, 0x25, 0x60, 0x25, 0xF0, 0xD2, 0x18, 0xC1, 0x44, 0xFC, 0xFB, 0x4B, 0x8B, 0x9A, 0xBA,
    0xC2, 0x6C, 0x7E, 0xB5, 0x8B, 0x5D, 0x5C, 0xAC, 0x08, 0xB6, 0x39, 0x5B, 0xE1, 0x83, 0xFB, 0xA5,
    0x30, 0xCA, 0x8E, 0x96, 0x4C, 0x27, 0x01, 0x86, 0x4F, 0xDF, 0x64, 0x94, 0x8C, 0x93, 0xC4, 0x3D,
    0x1B, 0x01, 0x54, 0x9A, 0x27, 0xF5, 0xB9, 0x44, 0x55, 0x75, 0x86, 0xC3, 0x24, 0x9D, 0xCD, 0xF9,
    0xE2, 0x92, 0x59, 0xDA, 0xCB, 0x6B, 0xAF, 0xAF, 0x2A, 0xB6, 0x12, 0x6A, 0x99, 0xDC, 0xE4, 0xF1,
    0xCC, 0xE0, 0x03, 0x34, 0x09, 0xB3, 0x80, 0x5A, 0x01, 0xC0, 0xAF, 0x28, 0x29, 0xE7, 0x1F, 0x6F,
    0x9D, 0xCF, 0x3F, 0xDE, 0xE4, 0xC2, 0x8C, 0x9F, 0xA4, 0x81, 0x19, 0xA1, 0xF2, 0x2B, 0x3B, 0x5E,
    0x32, 0x56, 0xD6, 0xB6, 0x2F, 0x7C, 0x73, 0x81, 0xDE, 0x4E, 0xEB, 0xE6, 0x02, 0xBD, 0x8D, 0x96,
    0x7B, 0xFB, 0x0C, 0x7E, 0x22, 0xA1, 0xFF, 0xE5, 0x15, 0xB7, 0xD2, 0x7A, 0xF3, 0xE6, 0x62, 0xBF,
    0x85, 0xD6, 0x5D, 0xC0, 0x9F, 0xE0, 0xEE, 0xCD, 0x4D, 0x78, 0x6E, 0xF6, 0x9F, 0xC7, 0xF8, 0xDF,
    0x11, 0x91, 0x45, 0x89, 0x44, 0x9D, 0x5D, 0x34, 0xAB, 0x2C, 0xE3, 0xBB, 0xB2, 0xDA, 0xF7, 0x3E,
    0x5A, 0xDC, 0x47, 0x7F, 0xBB, 0xB8, 0xDD, 0x46, 0x97, 0x5D, 0x0B, 0x9A, 0x93, 0x91, 0x03, 0x2B,
    0x99, 0x8B, 0xF9, 0x11, 0xDF, 0xFF, 0x86, 0x64, 0xD7, 0xD6, 0xC8, 0xF5, 0xFA, 0x68, 0xC5, 0x85,
    0xB3, 0x34, 0x1F, 0x66, 0x66, 0x84, 0xB9, 0x3F, 0x98, 0x5F, 0x3D, 0xF0, 0xB2, 0xE3, 0x4A, 0xC1,
    0xAC, 0x05, 0xF0, 0x01, 0xCE, 0x64, 0xC7, 0x9D, 0x70, 0x3B, 0x2D, 0x7D, 0x9D, 0xEC, 0xFA, 0xCD,
    0xC4, 0x5B, 0x69, 0xB5, 0x04, 0x35, 0x5F, 0x27, 0xA8, 0x5B, 0x69, 0x61, 0x36, 0xC0, 0x46, 0xC0,
    0x73, 0xBD, 0xA9, 0x42, 0x5F, 0x90, 0x4A, 0xDD, 0x4E, 0x57, 0x54, 0x81, 0x32, 0x6C, 0xB0, 0x9B,
    0x54, 0x69, 0x5C, 0xE0, 0x70, 0x11, 0xAE, 0xFC, 0x54, 0x69, 0x06, 0x1E, 0xEE, 0x80, 0x2B, 0x8D,
    0xB6, 0x46, 0x6B, 0xA3, 0xD8, 0x28, 0x00, 0x33, 0xD0, 0x1F, 0xC0, 0x5C, 0x1A, 0xA5, 0x46, 0x13,
    0xFC, 0x8E, 0xFF, 0xC8, 0x81, 0xD9, 0x06, 0x0E, 0x49, 0x88, 0x6C, 0x9D, 0xBC, 0x9A, 0xFB, 0x5D,
    0xFD, 0x9F, 0x1F, 0x1B, 0x86, 0x3C, 0x24, 0x7D, 0xC6, 0xCB, 0xEC, 0x16, 0x23, 0x12, 0xCD, 0x67,
    0xC2, 0xF8, 0x8B, 0xCC, 0x37, 0xFD, 0xD4, 0xC0, 0xF0, 0x6E, 0x02, 0xF3, 0x61, 0xE2, 0x7A, 0xE3,
    0xE5, 0xB9, 0x39, 0xF8, 0x3F, 0xBD, 0x9A, 0x3F, 0x8C, 0xE5, 0x46, 0x72, 0x87, 0x3F, 0xB2, 0x71,
    0x4B, 0xC0, 0x0C, 0xFA, 0x02, 0x27, 0x82, 0x01, 0x33, 0x75, 0x22, 0x33, 0x07, 0xAC, 0xED, 0x16,
    0x1C, 0x28, 0x50, 0x70, 0x17, 0xF8, 0x22, 0x07, 0xA7, 0x40, 0xCE, 0x0C, 0x2B, 0x07, 0xA4, 0x25,
    0xE5, 0xC4, 0x81, 0x03, 0x6D, 0x9E, 0x38, 0x71, 0x60, 0x47, 0x76, 0xE0, 0xE0, 0x82, 0xDD, 0xED,
    0xF6, 0x39, 0x54, 0xC2, 0x3B, 0x19, 0xB8, 0x50, 0x34, 0x4E, 0x99, 0x03, 0xB5, 0x24, 0xCA, 0xA2,
    0x70, 0x24, 0xCB, 0x5D, 0x68, 0xDE, 0xCE, 0xD3, 0x78, 0x77, 0xA0, 0xD5, 0xCC, 0xB8, 0x1F, 0xEB,
    0xB7, 0x3B, 0x7C, 0x7C, 0xD5, 0x5F, 0xF5, 0xBF, 0xA9, 0xEE, 0x37, 0x94, 0xE2, 0x64, 0x54, 0xF1,
    0x30, 0xA8, 0xA0, 0xA5, 0x5B, 0x00, 0xB7, 0x02, 0x83, 0xCA, 0xB1, 0x41, 0xB5, 0x67, 0x31, 0xDF,
    0x66, 0x69, 0x53, 0x16, 0x3B, 0x67, 0xE9, 0xE3, 0x0E, 0x6E, 0xCC, 0x12, 0x7C, 0x16, 0x91, 0x83,
    0x5A, 0xC5, 0x88, 0x08, 0x6D, 0x22, 0x60, 0xE7, 0x2C, 0x7D, 0xCC, 0xE2, 0x46, 0x06, 0xAD, 0x02,
    0xC2, 0x69, 0x5A, 0xC2, 0xDB, 0x93, 0x91, 0x4F, 0xA3, 0x15, 0x89, 0x7D, 0x92, 0xD1, 0xC5, 0x61,
    0xCC, 0x2F, 0x1F, 0x18, 0x10, 0x42, 0xB6, 0x03, 0xA9, 0x77, 0xE4, 0xAD, 0x9D, 0x20, 0x1B, 0x2E,
    0x93, 0xB4, 0xFF, 0xA5, 0x48, 0xEF, 0x56, 0x23, 0xBC, 0xDF, 0xC6, 0x93, 0xBF, 0x3F, 0x80, 0xEA,
    0x31, 0xF7, 0xCD, 0xBF, 0xB6, 0x91, 0x20, 0xA3, 0xC6, 0x41, 0xB7, 0xDE, 0x26, 0x86, 0xFB, 0xA4,
    0xA4, 0x5A, 0x80, 0x66, 0x02, 0x6C, 0x54, 0xF9, 0x4F, 0x95, 0x15, 0x30, 0xEB, 0x0F, 0xE7, 0x35,
    0x13, 0x74, 0x1E, 0x1C, 0xD9, 0x7E, 0x9A, 0x6D, 0x56, 0x40, 0xA0, 0x59, 0xC1, 0x26, 0x94, 0x80,
    0x41, 0xFB, 0x06, 0xB4, 0x3C, 0x90, 0xC7, 0x38, 0xD9, 0x2A, 0x91, 0xD5, 0x88, 0xFF, 0x57, 0xAD,
    0xBF, 0xD3, 0xA7, 0x26, 0x70, 0xFA, 0xE4, 0x98, 0xCD, 0x43, 0x28, 0x56, 0x7E, 0x8E, 0xE0, 0x52,
    0x43, 0x27, 0x42, 0x93, 0x8D, 0xB0, 0x42, 0x75, 0x28, 0xB6, 0x9D, 0xE8, 0xD1, 0x32, 0x2C, 0x46,
    0x36, 0x2B, 0x6B, 0x9F, 0x7E, 0xEC, 0xA2, 0x7A, 0x08, 0x20, 0x9C, 0x57, 0xF8, 0xF0, 0xF1, 0x20,
    0x53, 0x2F, 0x53, 0x73, 0x78, 0x90, 0x48, 0x2D, 0x33, 0xED, 0x6F, 0x13, 0xCE, 0x6F, 0xC0, 0xDD,
    0x82, 0xF5, 0x89, 0xB0, 0xD6, 0xEB, 0xD6, 0x4E, 0xEE, 0x15, 0xC1, 0x7A, 0xD4, 0x6D, 0x71, 0xFF,
    0x90, 0x3B, 0x07, 0x6B, 0x23, 0xDD, 0xAC, 0x1F, 0xB3, 0xE3, 0xAB, 0x81, 0xD9, 0xF8, 0x88, 0xE6,
    0xCB, 0x55, 0x5B, 0x0D, 0x64, 0xBC, 0x6B, 0x30, 0x93, 0xBA, 0xB1, 0xDA, 0x9E, 0x15, 0x48, 0x37,
    0x43, 0xA1, 0x23, 0xE3, 0x91, 0xF9, 0xC8, 0x80, 0xC5, 0x9F, 0xFA, 0x01, 0xE4, 0xCA, 0x94, 0x93,
    0x0C, 0x4A, 0x9F, 0x4D, 0x51, 0x31, 0x73, 0xEF, 0xA9, 0xD7, 0x1D, 0x90, 0x05, 0x18, 0x26, 0x4A,
    0x09, 0xFA, 0xAE, 0x48, 0x52, 0xD9, 0xA8, 0xF6, 0xE6, 0xA0, 0xCE, 0xE8, 0x59, 0x10, 0xCC, 0x46,
    0xC0, 0xAC, 0x59, 0x9A, 0x05, 0x9D, 0x3E, 0x08, 0xB6, 0x48, 0xBD, 0x63, 0x67, 0xB3, 0xD1, 0x4D,
    0x36, 0xA3, 0xC4, 0x21, 0xE1, 0x44, 0x62, 0x96, 0x83, 0x2C, 0x8F, 0x01, 0xCC, 0x72, 0x40, 0x93,
    0x36, 0x68, 0xBF, 0x5C, 0xC0, 0x7E, 0x35, 0x95, 0x29, 0x10, 0x7E, 0x32, 0x61, 0xE4, 0xF3, 0x88,
    0x4E, 0x2A, 0xFA, 0x94, 0x45, 0xA7, 0x15, 0x3A, 0xAF, 0x08, 0x0C, 0x20, 0x04, 0x95, 0x03, 0xA4,
    0xDA, 0xD1, 0xC9, 0x85, 0xCE, 0x2E, 0x70, 0x87, 0x7A, 0x9B, 0xD7, 0xEF, 0x0F, 0xEE, 0x64, 0x12,
    0x06, 0x89, 0x45, 0xBE, 0x17, 0xB8, 0x06, 0x5B, 0xFD, 0xE5, 0xB7, 0x34, 0x22, 0xB4, 0x7A, 0xDB,
    0x4E, 0xD0, 0x4D, 0x84, 0x9F, 0xC7, 0x26, 0x63, 0x5B, 0x91, 0xD1, 0xCD, 0xC1, 0x67, 0x66, 0x1F,
    0xFC, 0xA0, 0xC4, 0xCA, 0xAA, 0xA8, 0x99, 0x74, 0x2B, 0xCB, 0xC0, 0xBE, 0xD1, 0xA6, 0x15, 0x2D,
    0xB4, 0x92, 0xB0, 0x32, 0xAB, 0xA1, 0x25, 0xC8, 0xA2, 0xE0, 0x6A, 0x1A, 0x5D, 0xBD, 0x15, 0x33,
    0x6A, 0x22, 0xBE, 0x54, 0xAB, 0xA8, 0x14, 0x9B, 0xB5, 0x76, 0x32, 0xAB, 0x02, 0x6E, 0xCF, 0x8D,
    0x20, 0xC5, 0x14, 0x51, 0xCB, 0x7B, 0x0B, 0xB5, 0xEC, 0x58, 0x11, 0xFA, 0x65, 0xF0, 0xCA, 0x37,
    0xBC, 0x29, 0x04, 0x39, 0x10, 0x59, 0xB3, 0x8D, 0x65, 0x6C, 0xF8, 0x77, 0x18, 0x64, 0xA1, 0x97,
    0xC4, 0x03, 0x19, 0xE1, 0x0F, 0x78, 0x17, 0xFB, 0xE6, 0x82, 0x95, 0x44, 0x23, 0x11, 0xFE, 0x8A,
    0x3B, 0xE5, 0x5C, 0xEC, 0x88, 0x28, 0xEB, 0x01, 0xDD, 0x72, 0x3B, 0x56, 0x1E, 0x01, 0x72, 0xDA,
    0x53, 0x80, 0xBB, 0x65, 0x35, 0x33, 0xB4, 0x4B, 0x79, 0xA8, 0x99, 0x6F, 0xC7, 0x7A, 0x57, 0x4C,
    0x8D, 0x0E, 0xBF, 0x73, 0xED, 0x73, 0x3E, 0x5B, 0x79, 0xF0, 0x87, 0x71, 0xA9, 0x2F, 0xE0, 0x7D,
    0x60, 0x3B, 0x4D, 0x59, 0x5D, 0xB6, 0x6E, 0xDC, 0x68, 0x7F, 0x93, 0x30, 0x12, 0xA9, 0xC5, 0xDF,
    0x69, 0xBB, 0xAE, 0xED, 0xC4, 0xB3, 0x0C, 0xEF, 0xF6, 0x3B, 0x18, 0x03, 0xDA, 0x00, 0x92, 0x39,
    0xBF, 0xDE, 0xB0, 0xF1, 0x03, 0x38, 0x4B, 0x2D, 0x9F, 0xD1, 0x8B, 0x20, 0xB2, 0x1B, 0xF1, 0x7F,
    0xDD, 0x6E, 0xD7, 0xD7, 0x5D, 0xD9, 0x06, 0x2F, 0x5B, 0xF0, 0xB2, 0x06, 0xDF, 0x2C, 0xC3, 0xD8,
    0x26, 0x17, 0x6D, 0x72, 0xB3, 0x9D, 0x3B, 0x91, 0xA9, 0x11, 0x89, 0x84, 0x6F, 0x35, 0x30, 0xB0,
    0x92, 0x59, 0x3F, 0x8A, 0xEC, 0xE7, 0x20, 0xE8, 0x7F, 0xBD, 0x20, 0xDF, 0x24, 0x23, 0x92, 0xDA,
    0x2D, 0x7F, 0x22, 0x75, 0x73, 0x7E, 0x4D, 0x7D, 0xEC, 0xA2, 0x8B, 0x7D, 0x36, 0x37, 0xBA, 0x18,
    0xBC, 0xFB, 0x95, 0x78, 0x45, 0xD0, 0x98, 0xCC, 0x7A, 0x00, 0xA5, 0xD1, 0xDE, 0x69, 0x36, 0x82,
    0xA4, 0x6C, 0x53, 0xC9, 0xBE, 0x4C, 0xFC, 0x53, 0xCC, 0xFC, 0x01, 0x46, 0x36, 0x34, 0x16, 0x5E,
    0xF3, 0x77, 0x1A, 0xC3, 0xC3, 0x3A, 0xE1, 0x64, 0xA2, 0x93, 0x48, 0xB3, 0x73, 0x2F, 0x31, 0xD0,
    0x8D, 0x4A, 0x55, 0xAC, 0xF3, 0x77, 0xDE, 0x0F, 0x6C, 0x50, 0xEF, 0xC5, 0xAA, 0xF5, 0x7E, 0x62,
    0xB8, 0x33, 0xD6, 0x52, 0xCA, 0xC0, 0xF7, 0x65, 0x99, 0x52, 0x64, 0x1E, 0x96, 0x75, 0xAA, 0xDA,
    0xC0, 0x2C, 0x2F, 0x88, 0xA1, 0xFF, 0x5E, 0x31, 0x34, 0x37, 0xC5, 0x40, 0x9F, 0x28, 0x59, 0x42,
    0xBD, 0x6E, 0x70, 0x26, 0x58, 0x50, 0x72, 0x5D, 0xA1, 0x9B, 0x38, 0x32, 0x58, 0xB5, 0xE3, 0x62,
    0x9D, 0x65, 0xCC, 0x4E, 0x06, 0x6F, 0x54, 0x8C, 0xA8, 0x73, 0x95, 0x56, 0xE4, 0xC0, 0xEA, 0x24,
    0xB7, 0x73, 0xBD, 0x71, 0xFE, 0x8A, 0xCC, 0xD2, 0x47, 0xB3, 0xE2, 0x62, 0xB3, 0xE0, 0x72, 0xF0,
    0x59, 0x6C, 0x82, 0x61, 0xA2, 0x92, 0x84, 0x66, 0x3F, 0xDD, 0xF8, 0x84, 0xB3, 0x5C, 0xE5, 0x21,
    0x07, 0x54, 0xBB, 0x46, 0xAD, 0xC4, 0xC1, 0x9B, 0xDF, 0x49, 0x34, 0x22, 0x73, 0x73, 0xD8, 0xD4,
    0xAE, 0x36, 0xE5, 0xD7, 0x9C, 0x6D, 0xB2, 0x39, 0x6C, 0x0D, 0x5C, 0x83, 0xD6, 0xB0, 0xF3, 0xCB,
    0x3B, 0x3F, 0x30, 0x10, 0x20, 0xD0, 0x15, 0xFA, 0x1F, 0xC9, 0xCF, 0x86, 0xCF, 0x3A, 0x11, 0xD9,
    0x7A, 0x15, 0xA5, 0x1F, 0x6F, 0xA2, 0x57, 0xB9, 0x91, 0xFE, 0xA4, 0xB4, 0xB2, 0x67, 0xDB, 0x78,
    0x70, 0xFC, 0x45, 0x59, 0xD4, 0xD6, 0x80, 0x92, 0x36, 0x99, 0xB4, 0xDD, 0xBB, 0x39, 0x93, 0x2A,
    0xE5, 0x7C, 0x23, 0xA5, 0x96, 0xBE, 0x9A, 0x19, 0x3E, 0x99, 0x10, 0x89, 0xD5, 0x17, 0x32, 0x56,
    0xD3, 0x99, 0xA5, 0x8A, 0x50, 0xC9, 0x01, 0x61, 0x3D, 0x07, 0x86, 0x5A, 0xC9, 0xFE, 0xD4, 0xAE,
    0xB7, 0xD6, 0xE5, 0xE2, 0xDA, 0x4B, 0xD9, 0x61, 0x86, 0x6C, 0xCD, 0x67, 0xEF, 0x77, 0xB2, 0x3A,
    0x49, 0x7F, 0xD6, 0x4D, 0xA0, 0x6F, 0xEB, 0xB5, 0xD2, 0x2C, 0xB4, 0x09, 0x9B, 0xAF, 0x59, 0xAF,
    0x6E, 0xD2, 0x4A, 0x5C, 0xD4, 0x2A, 0x9C, 0x47, 0x2B, 0xD0, 0xE2, 0xC4, 0x9F, 0x9E, 0xEE, 0x14,
    0xCA, 0xCA, 0x6C, 0x65, 0xEA, 0xE4, 0x15, 0x89, 0xDE, 0xA9, 0x3D, 0x4F, 0xDA, 0x88, 0xBA, 0xE9,
    0x77, 0xF8, 0xD1, 0x4F, 0xEF, 0x94, 0xAA, 0xAB, 0x96, 0x4E, 0x52, 0x06, 0xAB, 0x0F, 0x5E, 0x0D,
    0x4C, 0x44, 0xEB, 0x0F, 0xEB, 0xD5, 0x1B, 0x83, 0xBF, 0xCA, 0xFE, 0x0F, 0xAD, 0xB5, 0xDE, 0xF4,
    0xD2, 0x41, 0x25, 0x5A, 0x61, 0x10, 0x5F, 0x2D, 0x34, 0x11, 0x3B, 0xD2, 0x3D, 0xC6, 0x2E, 0x5A,
    0x0B, 0xDD, 0x88, 0x8B, 0x7A, 0xF5, 0x1E, 0x40, 0x2E, 0x3F, 0x7E, 0xC2, 0x5C, 0xE7, 0x99, 0x94,
    0xC7, 0x8E, 0x3C, 0x84, 0x27, 0xB0, 0x7B, 0x42, 0xA4, 0x1F, 0xA1, 0xCE, 0x1E, 0x57, 0xBD, 0x4C,
    0x42, 0xCB, 0x0F, 0x84, 0x34, 0x5B, 0x7E, 0xAD, 0xCD, 0xD2, 0xA6, 0xDF, 0x0F, 0xE6, 0x73, 0x8D,
    0xF1, 0x83, 0x47, 0xC4, 0x6C, 0xD9, 0xA7, 0xE6, 0xCB, 0xAB, 0x51, 0xBF, 0x3A, 0x53, 0xE2, 0x39,
    0x53, 0x18, 0xBC, 0x9D, 0xB3, 0x68, 0xEE, 0x4B, 0x3F, 0x21, 0x5A, 0xEF, 0x81, 0x8B, 0xD5, 0xF3,
    0x55, 0x24, 0x4B, 0xD0, 0xDA, 0x44, 0xEB, 0x13, 0xAD, 0x31, 0xF3, 0xC9, 0x9B, 0x7B, 0x69, 0x7C,
    0x68, 0x57, 0x68, 0x24, 0xA9, 0x4C, 0x59, 0x0E, 0xCE, 0xF2, 0x88, 0x27, 0x48, 0x55, 0xF6, 0xCE,
    0x4F, 0x59, 0x01, 0x32, 0xE5, 0x62, 0xB6, 0x66, 0x31, 0x6B, 0x9B, 0x9A, 0xC5, 0xA6, 0x56, 0x69,
    0x53, 0xA7, 0x8B, 0x44, 0xB4, 0x73, 0x1F, 0xBB, 0xC9, 0xC5, 0x5E, 0xB9, 0xE3, 0xE0, 0xDD, 0x18,
    0x70, 0x3E, 0x64, 0x80, 0x8B, 0x41, 0xA1, 0x15, 0x86, 0x35, 0x5B, 0xCA, 0x76, 0x43, 0x9E, 0x70,
    0x39, 0xA0, 0xAE, 0x0F, 0x2A, 0xA3, 0xA6, 0xCC, 0x0B, 0xB4, 0x6A, 0xD7, 0x12, 0x9B, 0x6B, 0x63,
    0xB3, 0x3A, 0xD3, 0x6F, 0xD9, 0xB2, 0x4D, 0x94, 0x52, 0xE9, 0x9C, 0x95, 0x48, 0xF7, 0xF1, 0xCC,
    0xA3, 0x3A, 0x01, 0x2F, 0xF0, 0x9D, 0x6E, 0xF4, 0xAD, 0x76, 0x89, 0xA9, 0xC3, 0xD9, 0x6D, 0xD9,
    0xD6, 0x6C, 0x13, 0x10, 0xF4, 0x49, 0x41, 0x3C, 0x87, 0xD1, 0x7E, 0x6F, 0x57, 0xEA, 0xAD, 0x4B,
    0x59, 0x86, 0x88, 0xD9, 0x84, 0xBC, 0x92, 0xED, 0xD0, 0xC8, 0x0A, 0xAD, 0x8A, 0x55, 0x44, 0xFB,
    0xE5, 0xAE, 0xD5, 0x89, 0xD6, 0x27, 0x5A, 0xE1, 0xA0, 0xA3, 0xD5, 0xE9, 0x48, 0xEA, 0x27, 0x9C,
    0xEF, 0x66, 0x2E, 0x8A, 0xF3, 0xC0, 0x00, 0xB0, 0x01, 0xD5, 0xF2, 0xD2, 0x05, 0xBE, 0xD9, 0xCC,
    0x6A, 0x93, 0x59, 0x75, 0x9D, 0x15, 0xDA, 0xAF, 0x36, 0xEC, 0xF3, 0x2D, 0x4F, 0xA2, 0x93, 0x85,
    0xFE, 0x93, 0x0D, 0xF7, 0x1F, 0xD9, 0x3E, 0x3C, 0x70, 0x5E, 0x18, 0x18, 0x46, 0x4A, 0x29, 0x3E,
    0xD5, 0xCF, 0x02, 0x66, 0xCE, 0xF6, 0x7B, 0x7F, 0x4B, 0xF6, 0x97, 0x5E, 0xC5, 0xDF, 0x3F, 0x43,
    0xBD, 0x97, 0xF6, 0xB5, 0x11, 0x5E, 0x43, 0xCB, 0x8D, 0x6B, 0xC7, 0x65, 0x77, 0xDC, 0x9C, 0xC3,
    0xAE, 0x50, 0xFD, 0x13, 0xCD, 0xAA, 0x6F, 0x3B, 0xCF, 0x9F, 0x00, 0x5C, 0xCE, 0xBB, 0x32, 0xF5,
    0xAE, 0xAF, 0x36, 0xE9, 0xFA, 0x6A, 0x53, 0xE6, 0xEB, 0xF5, 0x09, 0x7B, 0xF3, 0x07, 0x65, 0xD3,
    0x4B, 0x56, 0x4A, 0xD9, 0xA9, 0x75, 0x49, 0xA0, 0x89, 0xDC, 0xB8, 0x0E, 0xBC, 0x78, 0xF5, 0xEB,
    0x26, 0xBD, 0xB4, 0x94, 0x4F, 0x7B, 0x1E, 0xC1, 0x0A, 0x84, 0x26, 0x21, 0xED, 0xCC, 0x61, 0x63,
    0xB5, 0xF7, 0x3F, 0xBC, 0x95, 0x42, 0x17, 0x91, 0x7E, 0xE4, 0x70, 0x19, 0xE3, 0x49, 0xB6, 0x57,
    0xF0, 0x73, 0x6D, 0xD1, 0xBF, 0xB9, 0xE7, 0x7A, 0x4A, 0x3E, 0x16, 0xBC, 0x4D, 0x0F, 0x6F, 0x62,
    0xBA, 0xA1, 0x9F, 0x9E, 0xB6, 0x5F, 0x1C, 0x36, 0x5F, 0x69, 0x7B, 0x51, 0x3F, 0xBD, 0x80, 0x4A,
    0xA1, 0x7E, 0x0C, 0x92, 0xB2, 0xAD, 0x54, 0x3A, 0x24, 0xCF, 0xA9, 0xD9, 0x65, 0x6B, 0x2E, 0x03,
    0x14, 0x39, 0xED, 0xA0, 0xF4, 0x8D, 0x5E, 0x07, 0x3C, 0x67, 0x38, 0x30, 0xE2, 0x1B, 0x19, 0xFB,
    0x5D, 0xFD, 0x0D, 0x89, 0xBE, 0x74, 0x4F, 0xA4, 0x57, 0x06, 0xBD, 0x80, 0x21, 0x02, 0x42, 0x89,
    0xBC, 0xEC, 0x49, 0x7F, 0xE4, 0x29, 0x25, 0xC4, 0x6A, 0x43, 0x62, 0x9D, 0x65, 0x36, 0x6B, 0x25,
    0xC9, 0x2C, 0xB5, 0xA4, 0x26, 0x99, 0x6F, 0xD6, 0x36, 0x99, 0xFF, 0xD9, 0xDA, 0xD9, 0x7C, 0x91,
    0x23, 0x6B, 0xD2, 0x6E, 0xA7, 0xDC, 0x50, 0xBA, 0x8E, 0x0E, 0x7D, 0xB4, 0x93, 0x7B, 0x6F, 0xB4,
    0xD1, 0x89, 0xEF, 0x62, 0x27, 0xE4, 0x1B, 0x82, 0x1B, 0x55, 0x7C, 0x7B, 0x30, 0x60, 0x76, 0xC0,
    0xA6, 0x12, 0xF9, 0xB3, 0x73, 0xE6, 0x83, 0x49, 0xC1, 0x9B, 0xAF, 0x5E, 0x39, 0x91, 0xBB, 0x57,
    0xCA, 0xB3, 0x94, 0xAE, 0xD7, 0x96, 0x03, 0x07, 0xF0, 0xC6, 0x2D, 0x78, 0x5F, 0xB6, 0x2E, 0xC1,
    0xA6, 0xAD, 0xEF, 0xFA, 0xF3, 0x04, 0x1D, 0xBB, 0xDE, 0x7B, 0x37, 0xF4, 0xD5, 0x86, 0xFD, 0xB8,
    0x1C, 0xCB, 0x18, 0xB9, 0x55, 0x37, 0x98, 0x85, 0x32, 0x30, 0xB1, 0xD3, 0xF3, 0xB6, 0xFA, 0xC9,
    0xDF, 0xAD, 0x3C, 0xEC, 0xFE, 0x41, 0xA0, 0x17, 0x01, 0xB7, 0x04, 0x8F, 0x9B, 0x86, 0x2C, 0x71,
    0x80, 0xC1, 0x07, 0x08, 0x08, 0x08, 0x07, 0x1C, 0x3A, 0x7D, 0xF6, 0x4C, 0x54, 0x6D, 0xBA, 0x68,
    0x6D, 0x66, 0x43, 0x33, 0x0B, 0x08, 0x63, 0x89, 0x7F, 0x45, 0x26, 0xB3, 0x5C, 0xC5, 0x5F, 0x9F,
    0xF1, 0xDB, 0xD9, 0x68, 0xE8, 0x4D, 0x3A, 0x6C, 0x6C, 0xD3, 0xA0, 0xF1, 0xBB, 0xF7, 0x72, 0xFC,
    0xFD, 0xE7, 0x39, 0xFE, 0x4E, 0xE3, 0xB7, 0x42, 0x3F, 0xB6, 0x1A, 0xBF, 0xD1, 0x05, 0xDD, 0xEC,
    0xE8, 0xEA, 0x01, 0x54, 0x1B, 0xD0, 0x5C, 0x4B, 0x22, 0x6E, 0xD3, 0xB7, 0xE7, 0x72, 0x52, 0xEF,
    0x30, 0x6C, 0xD9, 0x96, 0x6C, 0x23, 0x18, 0xD9, 0x54, 0x56, 0x95, 0x85, 0x52, 0xF4, 0xB0, 0x01,
    0x27, 0x0B, 0x95, 0xC8, 0x8E, 0x39, 0x6A, 0xC1, 0xAE, 0x08, 0x5D, 0x22, 0xF8, 0x7E, 0x42, 0x8F,
    0x2C, 0xB2, 0x0C, 0x23, 0xC1, 0x0F, 0x3E, 0x4B, 0xF0, 0x08, 0xC1, 0x57, 0x07, 0x83, 0x86, 0xE0,
    0x62, 0xBB, 0xE1, 0xE6, 0x3E, 0xA1, 0x5B, 0x45, 0x1A, 0x11, 0x0F, 0xE1, 0x33, 0xB2, 0x08, 0xC8,
    0xC5, 0xC9, 0xDD, 0x30, 0x2B, 0x40, 0x39, 0x09, 0x39, 0x4F, 0x16, 0x4B, 0x8E, 0x33, 0x78, 0x51,
    0x23, 0x20, 0x64, 0xFD, 0xF3, 0x9D, 0x41, 0x56, 0x7A, 0x99, 0x79, 0x70, 0x78, 0x30, 0xF1, 0x8D,
    0x2C, 0xF3, 0x93, 0x13, 0x1D, 0x99, 0x81, 0xD7, 0xB8, 0x77, 0xFE, 0x72, 0xA2, 0xE7, 0x19, 0xCA,
    0x89, 0xDE, 0xAD, 0x62, 0xA0, 0xCF, 0xE3, 0x9B, 0xA1, 0x8B, 0xB0, 0x39, 0x8D, 0x66, 0x05, 0xB8,
    0xFF, 0x18, 0x9A, 0xAF, 0x77, 0xEC, 0x27, 0x0B, 0xCE, 0x4E, 0xFC, 0xA2, 0xBF, 0x4D, 0x0C, 0x4A,
    0x29, 0xB2, 0xE0, 0xB2, 0xA6, 0x4A, 0x54, 0x8D, 0xCE, 0x15, 0xDA, 0xB5, 0xDE, 0xC8, 0xA8, 0x26,
    0x6B, 0x3F, 0xA9, 0x3A, 0x1D, 0xB1, 0xD9, 0x63, 0x23, 0xEA, 0xAF, 0x15, 0x55, 0x9B, 0x50, 0x9D,
    0x51, 0x9D, 0xF4, 0x99, 0x4E, 0x75, 0x76, 0x11, 0x85, 0x96, 0x8D, 0x46, 0x15, 0x82, 0xC8, 0x9A,
    0x75, 0xEA, 0x17, 0x8C, 0x7C, 0x2D, 0x87, 0x72, 0x8A, 0x92, 0x4A, 0x39, 0x3D, 0x8B, 0x9A, 0xD1,
    0x0F, 0x1F, 0x2A, 0xE5, 0x20, 0x87, 0x72, 0xCA, 0x8A, 0x94, 0x73, 0xB4, 0x4A, 0x80, 0xF0, 0x96,
    0x8C, 0x7F, 0xC8, 0xA0, 0xB0, 0xF4, 0xF2, 0x69, 0xD6, 0xE6, 0xA8, 0xE5, 0x31, 0x50, 0xFF, 0x63,
    0x49, 0x77, 0xB5, 0x66, 0x07, 0xBC, 0x7B, 0xF5, 0xE5, 0x80, 0xC8, 0x9C, 0x6D, 0xD1, 0x14, 0xB3,
    0xDE, 0xCD, 0xA6, 0xD3, 0xDE, 0x6C, 0xCD, 0x6A, 0xD6, 0x6E, 0xC9, 0x5C, 0x73, 0x2B, 0xE2, 0xAD,
    0xB6, 0xD9, 0x17, 0x99, 0x67, 0x96, 0xEC, 0x21, 0xF8, 0x92, 0xA5, 0xBB, 0xAC, 0xFD, 0x5C, 0x76,
    0xDC, 0x02, 0xDA, 0x14, 0x4D, 0x02, 0x3B, 0xA2, 0xC5, 0x2C, 0x4F, 0x31, 0xDF, 0x6C, 0x18, 0x8D,
    0xEF, 0xD0, 0xB6, 0xBA, 0xC8, 0x09, 0xA6, 0x17, 0x24, 0xC4, 0xCF, 0x73, 0x82, 0x03, 0x44, 0xA6,
    0x6C, 0xE9, 0xBB, 0x4C, 0x66, 0x55, 0xAE, 0x66, 0xED, 0x52, 0x66, 0x9A, 0xEC, 0x05, 0x57, 0x37,
    0x0B, 0xFD, 0x34, 0x14, 0xA6, 0xD8, 0x4F, 0x85, 0xE9, 0x2C, 0x03, 0xF0, 0x0C, 0xD8, 0xA0, 0x4A,
    0xC0, 0xDE, 0x7B, 0x76, 0x39, 0x77, 0xA4, 0x23, 0xF5, 0x01, 0x66, 0x3B, 0x6D, 0xB9, 0x96, 0xBF,
    0xCC, 0x57, 0xAC, 0x2F, 0x3A, 0x00, 0x7A, 0x02, 0xD0, 0xC6, 0x47, 0x60, 0xBE, 0x5C, 0xA1, 0x96,
    0x19, 0x90, 0xF8, 0xDD, 0x6F, 0x5E, 0x66, 0x95, 0x05, 0x8D, 0x05, 0x0D, 0x06, 0x8D, 0x06, 0x0D,
    0x05, 0x6D, 0x63, 0xB4, 0x91, 0xD1, 0x56, 0x46, 0xC3, 0xD1, 0x78, 0x9E, 0xA7, 0xF0, 0xC1, 0xA3,
    0x4D, 0xFD, 0x3C, 0x85, 0x9F, 0xD1, 0xC8, 0xA8, 0x16, 0x1B, 0xD9, 0x87, 0x92, 0x96, 0xF4, 0xE9,
    0x76, 0xCD, 0x4D, 0x3F, 0x97, 0x3B, 0x07, 0x54, 0xEB, 0xD5, 0xD7, 0xC6, 0x7F, 0x94, 0xE9, 0x83,
    0x4C, 0xB5, 0x48, 0x34, 0xFB, 0x03, 0xDF, 0x68, 0xD3, 0xA8, 0x69, 0x33, 0x89, 0xA7, 0xD2, 0xB8,
    0x06, 0xAD, 0x44, 0x6F, 0xEC, 0x50, 0x95, 0x1C, 0xEE, 0xDF, 0x9A, 0x4D, 0x87, 0x25, 0x83, 0xCC,
    0xEA, 0xA2, 0xDC, 0x37, 0xAB, 0x86, 0x74, 0x75, 0x86, 0x18, 0x66, 0x1A, 0xED, 0xBA, 0x6C, 0xDD,
    0xFC, 0x6E, 0x36, 0xB0, 0x2B, 0x34, 0xE2, 0x41, 0xF4, 0xB9, 0xB2, 0x79, 0x7A, 0xAC, 0x8B, 0x80,
    0xCC, 0xD9, 0x22, 0xFD, 0xCE, 0xB5, 0x83, 0x5B, 0x33, 0x03, 0x77, 0xCB, 0xAA, 0x6D, 0x19, 0x56,
    0xEA, 0x75, 0xA7, 0x9D, 0xDC, 0x2D, 0x58, 0xEF, 0x8E, 0xA9, 0x4A, 0x67, 0x62, 0xF8, 0x08, 0x78,
    0x56, 0x1E, 0xB7, 0x0B, 0xCA, 0x95, 0xB1, 0x6C, 0xBE, 0xE6, 0x77, 0x33, 0x93, 0x5D, 0x95, 0x48,
    0x9D, 0xF6, 0x09, 0x9B, 0xBC, 0x4D, 0x21, 0xCC, 0x99, 0xE5, 0xBD, 0x1D, 0x33, 0x69, 0xC5, 0x6C,
    0x54, 0x1B, 0x6E, 0x2D, 0x27, 0x9F, 0xF5, 0x42, 0xF7, 0xD1, 0xA4, 0x6D, 0xA9, 0x83, 0xE5, 0xAE,
    0xDB, 0x51, 0xBF, 0xD8, 0xE4, 0xEA, 0x8B, 0xCD, 0x5B, 0xB5, 0x63, 0x27, 0x92, 0x7A, 0x91, 0xD9,
    0x89, 0x4C, 0xB8, 0xAB, 0x01, 0xFC, 0xBD, 0xF6, 0xF8, 0x17, 0xD9, 0xBA, 0x89, 0xE5, 0xDF, 0x7A,
    0x2D, 0xE6, 0x96, 0x6C, 0x53, 0x59, 0x09, 0x57, 0xEA, 0x85, 0x56, 0xE6, 0x41, 0xA6, 0x20, 0xF1,
    0xFA, 0xF1, 0xD1, 0xA8, 0x55, 0x05, 0xCF, 0xB0, 0xE3, 0x76, 0xBA, 0x15, 0xEB, 0xF5, 0x01, 0x93,
    0x68, 0x12, 0x4A, 0xFA, 0xE2, 0x80, 0x07, 0x91, 0x18, 0x44, 0x46, 0x11, 0xF1, 0x2F, 0x86, 0xBC,
    0x00, 0xBD, 0x7E, 0x10, 0x71, 0xB1, 0xCF, 0x39, 0xA7, 0x6A, 0x06, 0xDD, 0x60, 0x5D, 0x14, 0x55,
    0x59, 0xC9, 0xB0, 0x64, 0x5A, 0xEC, 0xFC, 0xD2, 0xC9, 0xAD, 0x68, 0x8A, 0xAD, 0xDC, 0x0A, 0xCE,
    0xCD, 0x8D, 0xE9, 0xE9, 0xAF, 0xF6, 0x54, 0x37, 0x72, 0xE2, 0xE0, 0x11, 0xEC, 0x34, 0xB2, 0xF6,
    0xB2, 0x38, 0x49, 0x65, 0x13, 0xEA, 0x24, 0x0E, 0x1A, 0xF5, 0x78, 0xB6, 0x61, 0xBE, 0xC4, 0x77,
    0xE2, 0x75, 0x8C, 0xD5, 0xE9, 0x8F, 0xA1, 0xDD, 0xDF, 0xA0, 0x2C, 0x73, 0x9D, 0xF2, 0xBC, 0x7E,
    0xCE, 0x61, 0xCC, 0x79, 0x60, 0x1D, 0xB4, 0xCF, 0xE4, 0xF9, 0x97, 0xD1, 0x97, 0x07, 0xD6, 0xE5,
    0xB4, 0x77, 0x7A, 0x7E, 0xDA, 0x1B, 0xDB, 0xF3, 0xC8, 0x77, 0x18, 0xAD, 0x4A, 0x3F, 0x69, 0x62,
    0x1B, 0xE9, 0xCB, 0x4A, 0xBA, 0x53, 0x86, 0x2B, 0xFD, 0xDF, 0xEA, 0x60, 0x2A, 0x67, 0xB7, 0xF3,
    0x33, 0xB4, 0x5C, 0x9E, 0xF9, 0x96, 0x97, 0x1B, 0xCB, 0x4B, 0xD3, 0x81, 0x40, 0x40, 0x08, 0xF5,
    0x41, 0x78, 0xEB, 0x60, 0x90, 0x1D, 0xB7, 0x6D, 0x99, 0x61, 0x3B, 0x73, 0xD4, 0xF6, 0x94, 0x7B,
    0x27, 0x1F, 0xC4, 0x67, 0x83, 0x20, 0xB7, 0xA3, 0xB6, 0xFE, 0x7D, 0x68, 0xE3, 0x7A, 0xF2, 0xD7,
    0x32, 0x01, 0x3F, 0xE3, 0xDE, 0xF9, 0x7F, 0x71, 0xFE, 0x75, 0x90, 0x13, 0x68, 0xD7, 0xDB, 0xC5,
    0xC0, 0xDF, 0xA0, 0x6E, 0x23, 0xD4, 0x9F, 0x4C, 0x59, 0x7E, 0x39, 0x9D, 0x3F, 0x12, 0xD0, 0x72,
    0xEF, 0xD1, 0x94, 0xB3, 0xDF, 0x0D, 0x5E, 0x7F, 0xBD, 0x98, 0xFE, 0xFF, 0xC1, 0x7C, 0xCB, 0xA8,
    0xDC, 0x47, 0x33, 0x1C, 0x6E, 0xA4, 0x5E, 0x9E, 0x42, 0xF3, 0xEF, 0xE9, 0xFF, 0x27, 0x16, 0xB3,
    0x1E, 0xD8, 0xDF, 0xAE, 0xF4, 0x6F, 0xCF, 0xBC, 0x6F, 0xFD, 0x6D, 0x62, 0xF8, 0xDE, 0x94, 0xF1,
    0x1A, 0xA5, 0xFD, 0x0E, 0xE5, 0xAF, 0xC2, 0xFF, 0xA5, 0x7C, 0x78, 0x79, 0x32, 0x49, 0xAD, 0x52,
    0x09, 0x40, 0xB8, 0x05, 0x2F, 0x66, 0x2E, 0x29, 0x6A, 0x7F, 0xFE, 0xDD, 0x56, 0x9F, 0xA0, 0x9D,
    0x29, 0x0B, 0x64, 0x49, 0xA9, 0xA8, 0xF6, 0x47, 0x80, 0x49, 0xBD, 0xA7, 0x94, 0x40, 0x97, 0xD1,
    0x83, 0xB2, 0xA7, 0xC0, 0x10, 0xED, 0x1C, 0x90, 0x5C, 0xA7, 0xAA, 0x1B, 0x43, 0x2D, 0x31, 0xD7,
    0x69, 0x7E, 0x17, 0x03, 0xA1, 0xFD, 0xEF, 0x69, 0x67, 0xB0, 0x1F, 0xFF, 0x7A, 0x63, 0xE8, 0xFE,
    0xFE, 0x93, 0x95, 0xC1, 0xBD, 0xFD, 0x9B, 0xC4, 0x30, 0xB4, 0x9F, 0xCE, 0x0C, 0x4F, 0xDB, 0x4F,
    0x23, 0xC3, 0xD6, 0x7E, 0x9E, 0x75, 0x69, 0x75, 0x82, 0xA7, 0x46, 0x60, 0x98, 0x9B, 0x1D, 0x6D,
    0x9E, 0x0D, 0x20, 0x4C, 0x1A, 0x69, 0x82, 0xE6, 0xCB, 0x05, 0xFA, 0x71, 0x43, 0x0B, 0x03, 0xC2,
    0x31, 0xD4, 0x52, 0xED, 0x83, 0x11, 0xB3, 0x0D, 0x8D, 0x34, 0xCB, 0x60, 0x3F, 0x6F, 0x93, 0xB3,
    0xFF, 0x62, 0x27, 0xD7, 0xF7, 0x7D, 0x74, 0xAE, 0xCF, 0x4D, 0xF0, 0x41, 0x3F, 0xE0, 0x9E, 0xF4,
    0xCF, 0x70, 0x6B, 0xBF, 0xE1, 0x52, 0xBF, 0x96, 0x1D, 0x92, 0x9B, 0xFA, 0xB9, 0xEC, 0xE7, 0x06,
    0xCD, 0x06, 0x9E, 0xD1, 0xCC, 0xFD, 0x19, 0x9E, 0x4D, 0x83, 0xD7, 0xBC, 0x59, 0x73, 0x68, 0xA1,
    0xFF, 0xE5, 0x4E, 0x97, 0xD1, 0xED, 0xE7, 0x09, 0x2B, 0x13, 0xAD, 0x8C, 0x28, 0xA6, 0xD9, 0x5F,
    0xFE, 0x3B, 0x4B, 0x0D, 0x64, 0x04, 0x23, 0x11, 0x6C, 0x8E, 0x19, 0xA7, 0x3D, 0x77, 0x9E, 0x8E,
    0x4B, 0x16, 0x3D, 0x5F, 0xD8, 0xD4, 0xC1, 0xA6, 0x9F, 0xDE, 0x6D, 0xCA, 0xD2, 0x4D, 0x70, 0xB8,
    0x08, 0xCF, 0x06, 0x9F, 0x25, 0x00, 0x8F, 0x76, 0xC0, 0x6D, 0x2A, 0x8B, 0xCA, 0xAC, 0x12, 0x55,
    0x46, 0x85, 0xA5, 0x1C, 0x97, 0x13, 0x36, 0x95, 0xA4, 0xE2, 0x39, 0xCB, 0x93, 0x37, 0x20, 0x07,
    0xC6, 0xFA, 0x01, 0xC0, 0x1D, 0x07, 0x57, 0x5D, 0x6E, 0xA2, 0xFC, 0xF3, 0x4D, 0x94, 0xC8, 0x91,
    0x6D, 0xAF, 0x44, 0xCE, 0xDC, 0x4C, 0x81, 0x43, 0xA4, 0x3A, 0x9D, 0xDA, 0xB5, 0x8C, 0xB2, 0x41,
    0x6F, 0x79, 0xCC, 0x71, 0x75, 0xCB, 0x89, 0xC4, 0x41, 0x64, 0x0C, 0x22, 0xBE, 0xC4, 0x28, 0x67,
    0x8A, 0x52, 0xB2, 0xF0, 0x4A, 0x24, 0xD6, 0x22, 0xA3, 0x11, 0xF1, 0x25, 0x93, 0xDE, 0x0A, 0x94,
    0x9B, 0x20, 0x5C, 0xBB, 0x25, 0xAB, 0x1A, 0x83, 0x2C, 0x40, 0x7F, 0xFA, 0x1B, 0x46, 0x70, 0x00,
    0x77, 0xCB, 0x5A, 0xAD, 0x57, 0x99, 0x41, 0xBD, 0x70, 0x33, 0x6B, 0x7C, 0x01, 0xEB, 0x76, 0xC5,
    0xDA, 0xC6, 0x41, 0x37, 0x50, 0xDB, 0x39, 0xE8, 0x91, 0x78, 0x01, 0xAB, 0xB4, 0x14, 0x5C, 0xE5,
    0x2D, 0xC0, 0x4A, 0xAC, 0xC8, 0x85, 0x59, 0x09, 0x0B, 0xA2, 0x62, 0x2B, 0x37, 0x0A, 0x7E, 0x79,
    0x5F, 0xD9, 0x51, 0x78, 0x94, 0x1E, 0x3E, 0x30, 0x09, 0xF7, 0xF3, 0x88, 0x15, 0x68, 0xB7, 0xDB,
    0xE1, 0xD3, 0x67, 0x91, 0x85, 0x5A, 0xD2, 0xCB, 0x13, 0xBA, 0x29, 0x5B, 0x84, 0xFE, 0x25, 0x09,
    0xAC, 0xD2, 0xEE, 0x57, 0xB9, 0x61, 0x93, 0x4D, 0x5D, 0xCB, 0x0C, 0x8A, 0xFB, 0xBF, 0x4C, 0x93,
    0x41, 0xAE, 0xE5, 0x34, 0x10, 0x45, 0x6F, 0x62, 0xA9, 0x33, 0xC8, 0xC0, 0x4B, 0xC8, 0x12, 0xB2,
    0x04, 0x47, 0x62, 0xC0, 0xB0, 0x97, 0xC2, 0x12, 0x92, 0x25, 0xB0, 0x20, 0x5A, 0xF6, 0x9C, 0x49,
    0x96, 0xE0, 0x41, 0x4B, 0x30, 0xC3, 0x40, 0x04, 0x46, 0x72, 0x5C, 0xDC, 0xAA, 0xBC, 0xD7, 0xBF,
    0x4B, 0x9D, 0x63, 0xFF, 0xA4, 0x54, 0x75, 0x9E, 0xCB, 0x0D, 0x46, 0x48, 0xF8, 0x24, 0xC7, 0xBE,
    0x21, 0x48, 0x15, 0x0C, 0x22, 0xD2, 0xE0, 0xFA, 0x28, 0x05, 0x73, 0x85, 0x6C, 0x58, 0x0A, 0xF8,
    0x71, 0x3D, 0x49, 0xE6, 0x1A, 0x0F, 0x25, 0xFF, 0x45, 0x28, 0x45, 0x39, 0x74, 0xA5, 0xBB, 0xB5,
    0xDE, 0xDC, 0xC8, 0xBC, 0x16, 0x60, 0x11, 0x39, 0x81, 0x49, 0x04, 0x8C, 0xF8, 0x15, 0x16, 0x6B,
    0x22, 0xB4, 0x52, 0x0E, 0x9B, 0x93, 0xBB, 0xC3, 0x8B, 0x54, 0xAC, 0x39, 0x1E, 0x7C, 0x6B, 0x85,
    0xD9, 0x20, 0x5A, 0x65, 0x03, 0xF7, 0x84, 0xB0, 0xC0, 0x0F, 0x37, 0x9B, 0x30, 0x17, 0xAB, 0x64,
    0xE0, 0x53, 0xDF, 0x60, 0xE1, 0x8B, 0x6B, 0xD8, 0x3F, 0x67, 0x57, 0x11, 0xD7, 0xA4, 0x94, 0x63,
    0xBA, 0x20, 0x1D, 0x73, 0x81, 0x7C, 0xE5, 0xF7, 0xE1, 0x66, 0x56, 0x1E, 0x1B, 0x8D, 0x4E, 0x47,
    0x32, 0xEB, 0x61, 0x55, 0x93, 0xE9, 0x22, 0x0F, 0xE6, 0xB2, 0x9D, 0x2F, 0xBA, 0x5F, 0x4E, 0xF2,
    0xDC, 0x93, 0x76, 0x12, 0x76, 0xF1, 0xC2, 0x02, 0x18, 0xE4, 0x84, 0xC5, 0x78, 0x13, 0xAE, 0xF9,
    0xE2, 0x7F, 0xBB, 0x7C, 0x5E, 0x24, 0x2F, 0xE7, 0x2A, 0xC7, 0x9A, 0xD6, 0xDF, 0x59, 0x33, 0x24,
    0x16, 0x08, 0x07, 0x61, 0xBF, 0x25, 0xD2, 0xDB, 0xE4, 0xC7, 0x4E, 0xFC, 0xA8, 0xD0, 0x62, 0xA1,
    0x35, 0x55, 0x22, 0x2C, 0xE6, 0xB4, 0xC3, 0xC2, 0xFD, 0x55, 0x5F, 0x3D, 0x24, 0xE3, 0x09, 0x49,
    0xF8, 0x88, 0xD8, 0x37, 0x08, 0x0B, 0x10, 0xE5, 0xBD, 0x69, 0x03, 0x1F, 0x0C, 0xF7, 0xC4, 0xE2,
    0xCB, 0x85, 0x91, 0x7F, 0xEB, 0x00, 0xB8, 0xD1, 0xC6, 0x92, 0xA8, 0x4A, 0x87, 0x91, 0x7B, 0x3D,
    0x1B, 0x4C, 0x37, 0xA0, 0xC7, 0x03, 0x7F, 0xC1, 0x4E, 0x48, 0x73, 0xE1, 0x75, 0x13, 0x93, 0x6E,
    0xC6, 0x5B, 0x0B, 0xD0, 0xCE, 0x35, 0x0E, 0x54, 0xCF, 0xCC, 0x57, 0x5F, 0x6D, 0x72, 0x7B, 0xD1,
    0xB1, 0x22, 0x88, 0xA4, 0x5D, 0xE4, 0xE0, 0xA6, 0x23, 0x8A, 0x6C, 0xDC, 0xFC, 0xFC, 0x6C, 0x2C,
    0xBE, 0x4C, 0xC5, 0x4C, 0xC3, 0x4F, 0x87, 0x89, 0x2E, 0x62, 0x9E, 0xF0, 0x6F, 0x4D, 0x98, 0x25,
    0xBD, 0x93, 0x4A, 0x8E, 0x2C, 0xA5, 0x8E, 0x8E, 0x05, 0x4C, 0x71, 0xE8, 0x8F, 0xE1, 0x54, 0x4D,
    0x50, 0xE5, 0xBC, 0x89, 0x26, 0xD3, 0x43, 0xDC, 0xCC, 0x8E, 0x69, 0x26, 0xC7, 0x34, 0x73, 0x63,
    0x8E, 0xA9, 0x05, 0xA9, 0x66, 0x66, 0x2B, 0xC5, 0x76, 0xB9, 0xF4, 0x68, 0xAF, 0x75, 0x60, 0xE2,
    0x54, 0xFC, 0xAF, 0x19, 0xAC, 0x3B, 0xC9, 0x61, 0x77, 0xE7, 0xF9, 0xAD, 0x04, 0xE2, 0xE7, 0x73,
    0x97, 0xEC, 0xE4, 0x8F, 0x14, 0x25, 0x7B, 0x16, 0x12, 0x39, 0xD7, 0x22, 0x09, 0xF1, 0xE0, 0xCD,
    0x3C, 0x06, 0xC1, 0xCE, 0xA1, 0xAA, 0x29, 0x76, 0x13, 0xE2, 0x26, 0x9C, 0x5C, 0x3A, 0x33, 0x20,
    0x83, 0x9D, 0x9B, 0xB8, 0x9B, 0x19, 0x88, 0xD2, 0xBC, 0x2A, 0xF4, 0xB6, 0xC8, 0x8D, 0xF9, 0xAA,
    0x2B, 0x17, 0x44, 0x15, 0x86, 0xA8, 0x2E, 0x28, 0x1F, 0xD2, 0x70, 0x93, 0xC7, 0xD8, 0xF4, 0xEE,
    0x29, 0x23, 0xCB, 0x93, 0x3A, 0x29, 0x88, 0x1E, 0x02, 0xEC, 0x16, 0x33, 0x8D, 0xFD, 0x98, 0x40,
    0x3A, 0x32, 0x2B, 0x59, 0x89, 0x69, 0x6B, 0xD2, 0xB4, 0x20, 0x8D, 0x69, 0xA4, 0x57, 0x56, 0x26,
    0xD8, 0xE0, 0x94, 0x7B, 0x22, 0x82, 0x1C, 0xCA, 0x0E, 0xE5, 0x85, 0xEF, 0x62, 0x39, 0x10, 0xD5,
    0x04, 0x62, 0xEC, 0x74, 0xDB, 0xD8, 0x8E, 0xA1, 0x3E, 0xF2, 0xA2, 0x23, 0x3B, 0xDB, 0xA9, 0x09,
    0xDB, 0xF1, 0xE5, 0xFC, 0x98, 0x90, 0xF5, 0xCD, 0xAC, 0x9F, 0xD8, 0x94, 0x9F, 0x68, 0xE5, 0x1F,
    0x9F, 0xAC, 0xE4, 0x4B, 0x5A, 0x91, 0x76, 0x8B, 0x4C, 0xC2, 0x18, 0xD5, 0x6A, 0x11, 0x28, 0xAD,
    0xA7, 0x57, 0xB7, 0x88, 0x5F, 0x20, 0x1C, 0x6E, 0x1F, 0x6F, 0xB6, 0xAB, 0x7C, 0xD8, 0xD0, 0x5D,
    0xAE, 0x4D, 0x97, 0xAB, 0x1C, 0xDC, 0xE5, 0xCB, 0x5C, 0x7C, 0xF6, 0x65, 0x39, 0xF9, 0x24, 0x9F,
    0xD7, 0xB4, 0x9C, 0x21, 0xAD, 0x29, 0xE8, 0x9C, 0xB6, 0x70, 0x44, 0x9E, 0xA6, 0x3E, 0x02, 0xB5,
    0x56, 0x67, 0xD8, 0xB1, 0x56, 0x3E, 0xE5, 0xE9, 0x1A, 0xD3, 0xD0, 0x78, 0x93, 0xF4, 0x02, 0xEA,
    0x15, 0xCC, 0xAE, 0xF2, 0x3E, 0x49, 0x71, 0xEC, 0x30, 0x4A, 0x99, 0xD8, 0xC4, 0xFD, 0xCB, 0x5E,
    0x73, 0x71, 0xFF, 0xB4, 0x99, 0xAD, 0xDC, 0x9F, 0x8D, 0x1D, 0xF9, 0xE1, 0xF6, 0xA7, 0xCF, 0x73,
    0x89, 0x4B, 0x5A, 0xB8, 0xD9, 0x57, 0xB6, 0xF5, 0x27, 0x2F, 0x7A, 0x48, 0x3E, 0x05, 0x61, 0x73,
    0x7E, 0x10, 0xF6, 0xE6, 0x6B, 0x41, 0xE4, 0xDF, 0xBA, 0x20, 0x6C, 0x73, 0x07, 0x5F, 0xC3, 0xDD,
    0x34, 0xD2, 0x60, 0x73, 0x8D, 0xA9, 0x29, 0x9D, 0x5C, 0xCF, 0x92, 0x6D, 0xE9, 0x1B, 0xBE, 0x8F,
    0xE1, 0x32, 0x5D, 0xD7, 0x4C, 0xD7, 0x3D, 0xBA, 0x63, 0x31, 0x5D, 0xC0, 0x74, 0x7D, 0x31, 0x5D,
    0x9F, 0x1F, 0xDD, 0xD3, 0x74, 0x97, 0xD3, 0x74, 0xD7, 0x64, 0xBA, 0x21, 0x99, 0x2E, 0x85, 0x54,
    0x77, 0xDF, 0x7C, 0x5A, 0x65, 0xDB, 0x61, 0xBA, 0x11, 0xA6, 0x2B, 0x30, 0xDD, 0x6E, 0xBA, 0xC3,
    0x6D, 0xBA, 0xA3, 0x09, 0xE2, 0xB5, 0xB8, 0x67, 0x99, 0x4D, 0x97, 0x02, 0xCF, 0x72, 0x42, 0x43,
    0x5E, 0xD6, 0xF5, 0x23, 0xD1, 0xA8, 0xFE, 0x16, 0xAE, 0xC4, 0x8D, 0x07, 0xFA, 0xB7, 0x24, 0xEA,
    0x8A, 0x64, 0x9F, 0xA7, 0xEE, 0x8B, 0x3F, 0xE7, 0xFA, 0x8C, 0x52, 0x07, 0x49, 0x72, 0x94, 0xEA,
    0xCE, 0x93, 0xA4, 0xBA, 0x1E, 0x24, 0x87, 0x8A, 0x40, 0xF1, 0x48, 0xBD, 0xB0, 0x51, 0x92, 0xDA,
    0x9D, 0x72, 0xF1, 0x7D, 0x4F, 0x3F, 0x5A, 0x4D, 0xD6, 0x5C, 0x2E, 0x63, 0xFE, 0x66, 0xF5, 0xC5,
    0xD1, 0x34, 0x2C, 0xE9, 0x75, 0xD9, 0xBC, 0xE6, 0x5A, 0x2C, 0x9A, 0x19, 0x2A, 0xB1, 0x2B, 0x7A,
    0xD3, 0xDB, 0x42, 0xB8, 0xFF, 0x88, 0xB9, 0x10, 0x3E, 0x13, 0x6B, 0xB2, 0xFF, 0xA7, 0x44, 0xDC,
    0x08, 0x91, 0x8E, 0x51, 0xE1, 0x44, 0x84, 0x69, 0x88, 0x4C, 0xB3, 0x43, 0x84, 0x3A, 0x52, 0x0D,
    0x6D, 0xCA, 0xF8, 0xBF, 0x39, 0xEB, 0x88, 0x96, 0x1C, 0xA7, 0xA2, 0x72, 0x19, 0xC6, 0xE7, 0x8C,
    0x17, 0x26, 0x67, 0x10, 0x39, 0x83, 0xC8, 0xB1, 0x7B, 0xEC, 0x5E, 0x91, 0x33, 0x6B, 0x72, 0x8E,
    0xFB, 0x33, 0xC1, 0x35, 0xB0, 0x23, 0xFE, 0xFD, 0x82, 0x1C, 0x37, 0xE4, 0xCC, 0xEF, 0xB6, 0xC9,
    0x19, 0x4C, 0xCE, 0xE0, 0x49, 0x7B, 0x4F, 0x63, 0xCE, 0x68, 0xE8, 0x2A, 0x3F, 0xDE, 0xBD, 0x2A,
    0xFD, 0x76, 0x17, 0x9F, 0xF8, 0x43, 0xA3, 0xFE, 0x92, 0x2B, 0x59, 0x7E, 0x57, 0x7A, 0x7A, 0xEF,
    0xBE, 0xDB, 0x57, 0xE9, 0x4B, 0x37, 0xE9, 0x14, 0xDE, 0xB0, 0x35, 0xCF, 0xE8, 0x52, 0xF9, 0x73,
    0x8B, 0xC8, 0xE2, 0x06, 0x61, 0x4C, 0xD1, 0x7F, 0xF0, 0x54, 0x86, 0x12, 0x2C, 0xBC, 0xC0, 0x27,
    0x9F, 0xB2, 0x46, 0xF8, 0x40, 0xEC, 0x30, 0xF9, 0x35, 0x7A, 0xEF, 0xAE, 0xCE, 0x55, 0xBA, 0x30,
    0x57, 0x34, 0x5D, 0x90, 0xAB, 0x27, 0xFA, 0x34, 0x4F, 0x54, 0x89, 0xBE, 0x64, 0x42, 0x66, 0x6F,
    0xF0, 0x9B, 0xE8, 0xFE, 0x5C, 0x23, 0x76, 0xE6, 0x3D, 0x64, 0x6C, 0xD1, 0xF4, 0xAD, 0xDD, 0x9D,
    0x5A, 0x15, 0xDF, 0x19, 0x32, 0x69, 0x53, 0x09, 0x8B, 0xC8, 0x3F, 0x8F, 0x83, 0x9C, 0x0F, 0x8C,
    0xBB, 0x3D, 0xFE, 0x6C, 0x87, 0x87, 0x30, 0xB5, 0xE9, 0xEA, 0xF3, 0x01, 0x59, 0x57, 0xEA, 0xEF,
    0xFF, 0x0A, 0x73, 0xE8, 0x06, 0xCD, 0x3C, 0x4D, 0x81, 0x52, 0x20, 0xE8, 0x8C, 0x20, 0x14, 0x6B,
    0xF2, 0x09, 0xAC, 0x82, 0x80, 0x4D, 0x34, 0x15, 0xC9, 0x04, 0xB9, 0x44, 0xBD, 0xD4, 0xB7, 0x75,
    0xA5, 0x43, 0xC3, 0x4C, 0x0F, 0x1E, 0x41, 0x1A, 0x41, 0x16, 0x41, 0x12, 0x41, 0x0E, 0x91, 0x31,
    0xB5, 0x90, 0x41, 0xF8, 0xBC, 0x33, 0x67, 0xD4, 0x86, 0x72, 0xCD, 0xDD, 0x63, 0xAB, 0x35, 0x1E,
    0x22, 0xBD, 0x88, 0x80, 0x47, 0x54, 0x08, 0x02, 0x31, 0x0C, 0x08, 0x3A, 0x17, 0x57, 0x48, 0x20,
    0xC0, 0x1F, 0x40, 0x1F, 0xC8, 0x1E, 0x8A, 0xF6, 0x8C, 0x02, 0xB9, 0xCE, 0xC7, 0x93, 0x07, 0xA3,
    0xD1, 0xA2, 0xAB, 0x87, 0x60, 0x0F, 0xA7, 0x62, 0x2C, 0xE6, 0x56, 0x4F, 0xE4, 0x13, 0xA4, 0x13,
    0x81, 0x4D, 0xB8, 0x2E, 0xF5, 0x64, 0x11, 0x30, 0x7A, 0x0C, 0x4C, 0xA2, 0x5E, 0x16, 0x18, 0x14,
    0x28, 0x69, 0x04, 0x59, 0x04, 0x49, 0x44, 0x82, 0xE7, 0xD0, 0x39, 0x6A, 0x77, 0x81, 0x73, 0xC0,
    0xFB, 0xE1, 0xF5, 0xF0, 0x79, 0xFE, 0x43, 0x30, 0xE3, 0x3F, 0x60, 0x69, 0x88, 0x00, 0x1C, 0x02,
    0x14, 0xA2, 0x96, 0x35, 0x09, 0x04, 0x5D, 0x73, 0xA1, 0xC0, 0x81, 0x3E, 0x5A, 0xFD, 0xD3, 0x41,
    0x1D, 0xF7, 0xBA, 0x51, 0x71, 0xFD, 0x6C, 0x38, 0x1E, 0x34, 0x4E, 0xF4, 0x8B, 0x19, 0x4B, 0xB9,
    0xCC, 0xAA, 0x87, 0xE8, 0x0E, 0x9D, 0x74, 0x07, 0x43, 0x66, 0x92, 0x8F, 0xC1, 0x70, 0x8F, 0x39,
    0x3A, 0x3C, 0x47, 0x7B, 0xF6, 0x35, 0xC0, 0xFB, 0xB9, 0x0E, 0xD9, 0xD7, 0xFB, 0xE3, 0x81, 0x67,
    0xEE, 0x02, 0x57, 0x5E, 0xF2, 0x28, 0x2D, 0x36, 0x0E, 0x77, 0xD2, 0x6A, 0x4C, 0x71, 0x95, 0xB9,
    0xE2, 0x80, 0x10, 0x93, 0xEA, 0xCE, 0x3A, 0xE9, 0xB0, 0x1B, 0x0F, 0x51, 0xD9, 0x5E, 0x94, 0x1D,
    0xBC, 0x53, 0xB2, 0x63, 0xAC, 0x9E, 0xAB, 0x5C, 0xF0, 0x98, 0xB8, 0x8B, 0xE6, 0x10, 0x76, 0x31,
    0x46, 0x67, 0x0E, 0x57, 0x61, 0xB0, 0x26, 0x42, 0xFC, 0xF9, 0x88, 0x5D, 0x3C, 0x2E, 0x27, 0x6D,
    0x83, 0x17, 0x65, 0xBD, 0x7E, 0x32, 0x9C, 0xDF, 0xC5, 0xAB, 0xB0, 0x8B, 0xF6, 0x40, 0x10, 0x13,
    0x8D, 0x4B, 0x99, 0x4C, 0xAC, 0x73, 0x12, 0x90, 0x0B, 0x6C, 0xE3, 0x9B, 0xA5, 0xCD, 0x11, 0xE7,
    0x45, 0x96, 0x6A, 0x4F, 0xC5, 0x40, 0xF4, 0x14, 0xBD, 0x67, 0x13, 0x7E, 0x32, 0xA6, 0x78, 0x2B,
    0x7D, 0x38, 0x3E, 0xB3, 0xE6, 0x0A, 0x4C, 0xE0, 0x96, 0x3C, 0x47, 0x47, 0x9D, 0xA5, 0xB6, 0x8F,
    0x6E, 0xDC, 0xF4, 0x2B, 0xDD, 0xBF, 0xCE, 0x58, 0xD5, 0xBF, 0xC9, 0x58, 0x9C, 0x38, 0xCE, 0x1C,
    0xDB, 0xA2, 0x27, 0x07, 0xC0, 0xD0, 0x1F, 0x79, 0xFE, 0xC5, 0xB3, 0xD1, 0xE7, 0x0F, 0xC7, 0xB3,
    0xD3, 0xEE, 0x80, 0xC8, 0x62, 0x2B, 0xA4, 0x9F, 0x5F, 0x66, 0x9B, 0x08, 0xD3, 0x04, 0x07, 0x99,
    0x17, 0x64, 0x25, 0xE4, 0x15, 0xFB, 0x7B, 0x7A, 0x5D, 0xF9, 0x03, 0x5E, 0x9A, 0x02, 0x97, 0x64,
    0x2A, 0x7A, 0xBA, 0xBD, 0x15, 0xC0, 0xF5, 0xBC, 0x14, 0x83, 0xC3, 0xA5, 0xEC, 0x14, 0x08, 0x12,
    0xB5, 0xE0, 0x22, 0x70, 0x67, 0x4E, 0x1C, 0x38, 0x63, 0x43, 0x7F, 0x65, 0x71, 0xE5, 0x7A, 0x5C,
    0x50, 0x4B, 0x08, 0x6D, 0x11, 0x31, 0x18, 0x27, 0x8E, 0x20, 0x48, 0x11, 0xF0, 0x7B, 0x47, 0xA3,
    0x90, 0x65, 0x4D, 0x8B, 0x90, 0x29, 0x65, 0x68, 0x50, 0x72, 0xB7, 0x35, 0x32, 0xF1, 0x29, 0xC0,
    0x06, 0x54, 0xD1, 0xB1, 0xD7, 0x51, 0x5E, 0x68, 0x50, 0x9A, 0x61, 0x96, 0xA7, 0x48, 0xF5, 0x12,
    0xFD, 0x94, 0x8F, 0x59, 0x63, 0xCC, 0xAF, 0x39, 0x2B, 0x3B, 0xB0, 0xE7, 0x7A, 0x1C, 0x34, 0x14,
    0xA2, 0xA9, 0x54, 0xAF, 0x41, 0xE1, 0x6F, 0x15, 0x97, 0xC3, 0xDE, 0xB7, 0xCD, 0xAA, 0x5E, 0xCA,
    0x4A, 0x1D, 0xDF, 0x37, 0x55, 0x36, 0x36, 0xA7, 0x44, 0xEA, 0xB7, 0xC8, 0xA4, 0xDC, 0x6E, 0x28,
    0x7B, 0xDB, 0x23, 0xAD, 0x67, 0x58, 0x9F, 0xE6, 0x66, 0xBD, 0xE1, 0x67, 0xA3, 0x91, 0x9B, 0xC0,
    0x09, 0x87, 0xDC, 0x97, 0x24, 0xF6, 0xE1, 0x18, 0xDA, 0x96, 0xB4, 0x9E, 0xC4, 0x5E, 0x2A, 0x77,
    0x4E, 0x98, 0xE3, 0xB3, 0x35, 0xE0, 0xB3, 0x94, 0x6E, 0x8D, 0xCE, 0xF1, 0xBE, 0x1C, 0x35, 0xFF,
    0xA0, 0xBD, 0x33, 0x16, 0xB8, 0xB3, 0xBE, 0x54, 0xE3, 0x66, 0xDC, 0x64, 0x7E, 0xC2, 0x68, 0x35,
    0xCD, 0x66, 0x01, 0xAD, 0x86, 0xBF, 0xC1, 0xC0, 0x72, 0x98, 0x0E, 0xDB, 0x63, 0x71, 0x02, 0xEB,
    0x75, 0x61, 0x74, 0x68, 0x14, 0x83, 0x01, 0x08, 0x53, 0x23, 0xD2, 0x00, 0x82, 0x51, 0x2B, 0xFB,
    0xC0, 0x4D, 0x88, 0x82, 0x30, 0xCC, 0x65, 0x9A, 0x1F, 0xEC, 0xBB, 0x3B, 0x35, 0xB2, 0x62, 0x99,
    0x8D, 0x36, 0xC7, 0xB6, 0x22, 0x36, 0xA0, 0xDF, 0xC2, 0xA6, 0x9C, 0xE5, 0xA7, 0x8A, 0x4F, 0x02,
    0xBE, 0xD4, 0x03, 0x44, 0x60, 0x6D, 0x2F, 0xD1, 0xCD, 0x8E, 0xD8, 0xDC, 0xC4, 0xB3, 0xE3, 0x2A,
    0xB3, 0xF0, 0xEB, 0x48, 0x73, 0xEB, 0x88, 0xAD, 0x81, 0xD9, 0x02, 0xBE, 0x3B, 0xA5, 0x93, 0x9E,
    0xA2, 0xDC, 0xEB, 0xFD, 0x76, 0xD0, 0xA1, 0x86, 0x04, 0x80, 0xD0, 0x7E, 0x0E, 0xA5, 0x3F, 0x04,
    0x94, 0x1C, 0x43, 0x41, 0x6F, 0x3B, 0x4B, 0x6D, 0x44, 0x50, 0x2D, 0x0A, 0xCB, 0x68, 0xC8, 0x30,
    0x60, 0x7A, 0x0C, 0xA5, 0x95, 0xED, 0xC9, 0xF4, 0x48, 0xF4, 0x64, 0x98, 0xD3, 0xBC, 0x2D, 0x8E,
    0xA9, 0x9D, 0xD1, 0x3E, 0x5B, 0xA5, 0x5E, 0xE9, 0xBD, 0x47, 0x78, 0x16, 0x93, 0xFF, 0x05, 0xB4,
    0x6C, 0xD0, 0xDE, 0xF3, 0x6A, 0xD5, 0x66, 0xF7, 0x73, 0x3D, 0x4F, 0xDF, 0xD0, 0x7E, 0x35, 0x0A,
    0x0D, 0x14, 0x45, 0xF5, 0xF2, 0x40, 0x84, 0x71, 0xB9, 0x47, 0x18, 0xC7, 0x37, 0xFF, 0x23, 0x61,
    0x64, 0x28, 0xDB, 0xC5, 0xE0, 0xF7, 0x06, 0xE1, 0xD1, 0xAA, 0xFE, 0x15, 0x75, 0x2C, 0xFF, 0x25,
    0x75, 0x5C, 0x20, 0x81, 0xE1, 0x70, 0xE3, 0x64, 0x6B, 0x2F, 0x90, 0xCB, 0xB4, 0x63, 0x32, 0x0C,
    0x3E, 0xD6, 0x74, 0x68, 0x17, 0x0B, 0x5B, 0x43, 0x17, 0x8F, 0xB1, 0xE0, 0xF0, 0xB1, 0x16, 0xCB,
    0xD3, 0x24, 0x2A, 0xA9, 0x1A, 0x95, 0xA8, 0x4D, 0xB1, 0xD5, 0x38, 0x33, 0xDA, 0x45, 0x46, 0xC4,
    0x31, 0xD6, 0x60, 0x29, 0x23, 0x1B, 0x75, 0x29, 0xCA, 0x10, 0xB5, 0x30, 0x4F, 0xE2, 0xC0, 0xC5,
    0x80, 0xF1, 0xC4, 0x04, 0xD2, 0x8D, 0x98, 0x52, 0xD6, 0xE6, 0xAE, 0xB2, 0xB3, 0xDF, 0xFC, 0x71,
    0x6E, 0xCF, 0xB9, 0x79, 0x5F, 0x53, 0xB1, 0x94, 0xCE, 0xF9, 0x36, 0x88, 0x1B, 0xB5, 0x62, 0xBE,
    0xC3, 0xDE, 0xFC, 0xEC, 0xE1, 0x75, 0xBD, 0x7C, 0xCC, 0x42, 0xAA, 0x20, 0x0D, 0x8D, 0xE6, 0xAE,
    0xF8, 0x89, 0x53, 0xAF, 0x2D, 0x34, 0x26, 0x67, 0xD0, 0xC9, 0xC4, 0xB0, 0xB1, 0x50, 0x42, 0xF7,
    0x04, 0x8A, 0x04, 0xC3, 0x5E, 0xA0, 0xF7, 0x38, 0x29, 0xF3, 0x9A, 0x8B, 0x7D, 0x5E, 0x73, 0x41,
    0xE9, 0x2B, 0x57, 0xDA, 0x7D, 0x40, 0x1F, 0x45, 0xBB, 0xA8, 0xD9, 0x45, 0xC9, 0x2E, 0x2A, 0x76,
    0x51, 0xB0, 0x8B, 0x7A, 0x5D, 0x94, 0xEB, 0xA2, 0x5A, 0x17, 0xC5, 0xBA, 0xA8, 0xD5, 0x45, 0xA9,
    0x2E, 0x2A, 0x75, 0x51, 0xA8, 0x8B, 0x3A, 0x5D, 0x94, 0xE9, 0xA2, 0x4A, 0x17, 0x45, 0xBA, 0xA8,
    0xD1, 0xD1, 0x1E, 0x34, 0xD8, 0xC3, 0x2B, 0xAB, 0x87, 0x8B, 0x2A, 0xCD, 0x19, 0xB4, 0x2C, 0x98,
    0x93, 0x87, 0x0B, 0x6E, 0x39, 0x46, 0x69, 0xCE, 0xA4, 0xD4, 0x45, 0xC9, 0x12, 0x51, 0xE3, 0x9A,
    0x07, 0x19, 0xB4, 0xAD, 0x1C, 0xF7, 0x86, 0x0B, 0x73, 0x5C, 0xC8, 0x12, 0x48, 0x12, 0xCD, 0x26,
    0xCF, 0x21, 0x43, 0x84, 0x1C, 0x57, 0x5C, 0x98, 0xE3, 0x90, 0xA7, 0xE9, 0x25, 0x88, 0xEB, 0xFD,
    0xD1, 0xE4, 0x86, 0x26, 0x48, 0x7E, 0x12, 0x34, 0xB6, 0x89, 0x06, 0x26, 0x6B, 0xF8, 0x27, 0x7E,
    0x8E, 0xD3, 0xBE, 0x08, 0x2B, 0xC4, 0x85, 0x6A, 0x02, 0x7D, 0x12, 0x04, 0x94, 0x09, 0x3A, 0xA3,
    0x42, 0xA4, 0xD0, 0x48, 0x49, 0x8C, 0x5E, 0xA5, 0x17, 0xA5, 0xDA, 0xBA, 0xF1, 0x56, 0x2F, 0xD9,
    0x48, 0xE1, 0xDC, 0x22, 0x03, 0xA6, 0x0A, 0x0D, 0xF3, 0x8A, 0x50, 0x10, 0x70, 0x04, 0xF8, 0x14,
    0x38, 0xFC, 0x9B, 0x85, 0x3B, 0x0D, 0x7D, 0xBF, 0x56, 0xE4, 0xAD, 0xEB, 0x68, 0x16, 0x8D, 0xA2,
    0x49, 0x34, 0x08, 0x76, 0x54, 0x50, 0xDC, 0xD4, 0x94, 0x0C, 0x8A, 0x83, 0x1D, 0x8D, 0x92, 0x84,
    0x0E, 0x46, 0x54, 0xCC, 0x4C, 0x81, 0x52, 0x59, 0x1F, 0x75, 0x4C, 0x42, 0x2A, 0x39, 0x9C, 0x0F,
    0x70, 0xDA, 0xF9, 0x69, 0xFC, 0x11, 0xD8, 0x3D, 0xE2, 0x15, 0x1B, 0x45, 0x33, 0x4A, 0x66, 0x14,
    0xCC, 0x28, 0x97, 0x51, 0x2C, 0xA3, 0x54, 0x46, 0xA1, 0x8C, 0x32, 0x19, 0x45, 0x32, 0x4A, 0x64,
    0x14, 0xC8, 0x28, 0x8F, 0x51, 0xCB, 0xA3, 0x34, 0xA6, 0x1F, 0x04, 0x59, 0x8C, 0xA2, 0x18, 0x25,
    0x31, 0xBA, 0x28, 0x9D, 0x16, 0x29, 0xCF, 0x5C, 0xB9, 0x27, 0x6E, 0x41, 0xDA, 0x4A, 0x45, 0x28,
    0x6B, 0x41, 0xD4, 0x42, 0x45, 0xA1, 0xBD, 0x8B, 0x55, 0x05, 0xB7, 0x34, 0x54, 0x15, 0x15, 0x44,
    0xAC, 0x3A, 0x20, 0x70, 0x7D, 0xC4, 0xF2, 0xA1, 0x88, 0xC1, 0x62, 0xE2, 0x93, 0x27, 0x74, 0x38,
    0xF1, 0x50, 0xFC, 0x62, 0x37, 0xEA, 0xB6, 0x0D, 0x86, 0xC9, 0xC3, 0x5D, 0x75, 0xC8, 0x90, 0x96,
    0x8B, 0x1B, 0x57, 0x80, 0xAF, 0x43, 0xD9, 0x52, 0x48, 0x26, 0x43, 0x5E, 0x47, 0x86, 0xAC, 0x03,
    0x4F, 0xEA, 0x36, 0x43, 0x36, 0x97, 0xEE, 0xE0, 0x8E, 0x90, 0xBE, 0x77, 0xC2, 0x73, 0x9D, 0xD7,
    0x07, 0x9E, 0x08, 0xDD, 0x81, 0x92, 0xF6, 0x07, 0x52, 0xAE, 0xD0, 0x5E, 0xB7, 0x89, 0x35, 0x33,
    0xF9, 0x30, 0x4E, 0x7B, 0x69, 0x65, 0xFE, 0x5F, 0x48, 0xB3, 0x91, 0x18, 0xF8, 0x63, 0x18, 0x2A,
    0x96, 0x47, 0x4A, 0x9D, 0x4D, 0xF2, 0xF1, 0xB8, 0x1E, 0x44, 0xE5, 0x96, 0x26, 0x86, 0x9C, 0x5B,
    0x82, 0x31, 0xBC, 0xB7, 0xC2, 0x29, 0x32, 0x09, 0xF7, 0x70, 0x4A, 0x45, 0xE3, 0x54, 0x26, 0xC6,
    0xF6, 0x85, 0x40, 0x10, 0x05, 0x63, 0xD8, 0x55, 0x1F, 0xBA, 0x7A, 0xD4, 0xC7, 0x3F, 0xA5, 0x57,
    0x2B, 0x8A, 0x56, 0x4C, 0x5D, 0x42, 0x16, 0x85, 0xAC, 0x5D, 0x8E, 0x0A, 0xB7, 0x1C, 0xA2, 0x7C,
    0x56, 0x62, 0x21, 0xAE, 0x04, 0x63, 0xB8, 0x9D, 0x61, 0xB3, 0x43, 0xD8, 0xFA, 0x33, 0xE7, 0xC5,
    0x59, 0xFB, 0x37, 0x70, 0x69, 0xDD, 0x66, 0x69, 0x73, 0x0F, 0x05, 0x56, 0x3A, 0xFB, 0x75, 0xE9,
    0xDD, 0x0F, 0xFE, 0xDC, 0x95, 0x7F, 0x7E, 0x71, 0x57, 0xAE, 0xF5, 0xB1, 0xBE, 0xC4, 0xF6, 0x57,
    0x88, 0x9E, 0x4E, 0xBC, 0xB9, 0xAC, 0xD9, 0x31, 0x77, 0xE2, 0x5A, 0x5D, 0x07, 0x41, 0xE6, 0xAC,
    0xC7, 0x6C, 0x40, 0xF4, 0xA5, 0x93, 0x47, 0x5D, 0xDF, 0x15, 0xEA, 0x18, 0xA4, 0x06, 0x83, 0x4E,
    0x3B, 0x9E, 0x38, 0xA0, 0x97, 0x92, 0xAB, 0x3B, 0xA9, 0x36, 0x25, 0xEB, 0xE9, 0x5C, 0x87, 0xE7,
    0x26, 0x47, 0x5E, 0x7D, 0xE7, 0x1E, 0x0F, 0x44, 0x42, 0x5A, 0x1A, 0x5F, 0x2C, 0x0F, 0x82, 0x61,
    0xB1, 0xD2, 0x53, 0xBC, 0xAA, 0x83, 0x68, 0x60, 0xF3, 0xCD, 0x5C, 0x32, 0xC2, 0xCB, 0xD1, 0xB7,
    0x35, 0x60, 0xE4, 0xF3, 0x0C, 0x76, 0x69, 0x2F, 0xF6, 0xA3, 0x36, 0x3A, 0x77, 0xEC, 0xEE, 0x27,
    0xBD, 0x29, 0x54, 0x72, 0x4B, 0xAF, 0x51, 0x06, 0x3B, 0x7C, 0xC9, 0xB0, 0xBD, 0x79, 0x54, 0x74,
    0xEB, 0xC0, 0x25, 0x47, 0xB8, 0xE3, 0xE6, 0x1C, 0x28, 0x60, 0x11, 0xCF, 0xBC, 0x20, 0x30, 0x41,
    0xBD, 0x1F, 0x39, 0xDE, 0xC9, 0x10, 0x68, 0x30, 0xD2, 0x71, 0x16, 0x8B, 0x81, 0x53, 0xA3, 0x3A,
    0xFB, 0x73, 0x0F, 0xD3, 0x56, 0x6E, 0x56, 0x3D, 0x91, 0xF7, 0x2E, 0x06, 0x7B, 0x20, 0x5B, 0x8B,
    0x5F, 0x0F, 0xD9, 0x75, 0xE3, 0x62, 0xF0, 0x1B, 0x07, 0x13, 0x49, 0xC0, 0xA4, 0x7C, 0x90, 0xC2,
    0xE7, 0xFF, 0x0D, 0x8E, 0xDB, 0x51, 0x72, 0xC1, 0x64, 0xFD, 0x83, 0x42, 0x25, 0x90, 0xD8, 0x1B,
    0xA9, 0x26, 0x3D, 0xA5, 0x6E, 0x69, 0x9F, 0xD1, 0xE6, 0xDF, 0xE8, 0x38, 0xC9, 0xEC, 0xC7, 0x51,
    0x6C, 0xDF, 0xD6, 0xDB, 0x3B, 0x42, 0x23, 0x75, 0x92, 0xC0, 0x94, 0x57, 0x79, 0x0B, 0x87, 0x3C,
    0x44, 0xE5, 0x1F, 0x84, 0x3A, 0x97, 0xCE, 0xCA, 0xE0, 0x92, 0xE1, 0xBF, 0x53, 0xFE, 0x1B, 0x72,
    0x5E, 0x8B, 0x28, 0xFD, 0xF6, 0x96, 0x42, 0xEC, 0xB1, 0x28, 0xFF, 0x76, 0xE6, 0x86, 0x66, 0xB8,
    0xE2, 0x60, 0xCA, 0x3F, 0x1B, 0x49, 0x5C, 0x22, 0x7E, 0x53, 0xB5, 0x65, 0x9D, 0x4E, 0x7A, 0x49,
    0xF5, 0xC0, 0xA3, 0x06, 0xB2, 0x77, 0xEE, 0xF1, 0xC9, 0x58, 0x54, 0x07, 0x02, 0xB2, 0xAE, 0xF5,
    0x5E, 0x57, 0x19, 0x57, 0xB4, 0x26, 0x7F, 0x2B, 0x5C, 0x2C, 0xD6, 0x1B, 0xBD, 0xF6, 0x11, 0x32,
    0xC0, 0x62, 0x9D, 0x2A, 0xA1, 0x03, 0x9B, 0xCB, 0x3C, 0x88, 0x96, 0x5A, 0xD2, 0x83, 0x66, 0x15,
    0x78, 0xDE, 0x8D, 0x13, 0xAB, 0x7F, 0xDB, 0x29, 0x26, 0xD2, 0xCD, 0x52, 0x47, 0xD7, 0x2B, 0xE1,
    0x19, 0xF4, 0xDC, 0x17, 0xDF, 0x19, 0x74, 0xB9, 0xC3, 0xA1, 0x4F, 0xC7, 0xD3, 0xE9, 0x4D, 0x2B,
    0x35, 0x32, 0x9B, 0x80, 0xA0, 0x18, 0xF8, 0xD7, 0xED, 0xE7, 0x21, 0x10, 0x25, 0x94, 0x69, 0x51,
    0x6B, 0xC8, 0xDB, 0x5D, 0x3D, 0xE4, 0xB7, 0x3B, 0x4C, 0xC3, 0xCC, 0x5D, 0xFD, 0xDE, 0x21, 0x4F,
    0x46, 0xAA, 0xA4, 0xB0, 0xCE, 0xA8, 0x79, 0x5C, 0x44, 0x35, 0x10, 0x16, 0x9E, 0x0F, 0x16, 0xDD,
    0x3E, 0x35, 0xDB, 0xE6, 0xB4, 0x18, 0x6A, 0x49, 0x67, 0xF0, 0xB6, 0x44, 0x08, 0x2E, 0x9E, 0xD2,
    0x1E, 0x87, 0x20, 0x8D, 0xE0, 0x62, 0x34, 0xBA, 0x98, 0x45, 0x4C, 0x60, 0x07, 0xD1, 0xD8, 0xD9,
    0xA8, 0x3C, 0xA7, 0x82, 0x5A, 0x55, 0x46, 0xF0, 0x17, 0x0F, 0x2A, 0xF1, 0xC2, 0x23, 0x06, 0xB2,
    0x95, 0xC5, 0xF2, 0xF6, 0x40, 0x40, 0xEE, 0x3A, 0x21, 0x38, 0x75, 0x0B, 0x91, 0x36, 0x5D, 0x5F,
    0x02, 0xC5, 0xCD, 0xB0, 0x33, 0x0B, 0x54, 0x7C, 0x20, 0x93, 0x70, 0x81, 0x0F, 0x60, 0x41, 0x08,
    0x72, 0x9F, 0xCB, 0x82, 0x28, 0x50, 0x4B, 0xCF, 0x29, 0x62, 0x4B, 0xBD, 0x76, 0x2C, 0x48, 0xB7,
    0xE1, 0x73, 0x4D, 0x9F, 0xA1, 0xF8, 0x5B, 0xD9, 0xFE, 0x15, 0xB6, 0xC7, 0x71, 0xCE, 0x74, 0x56,
    0xE9, 0x71, 0xA6, 0xF3, 0x61, 0xC7, 0x0E, 0x8D, 0xF4, 0x8D, 0xB4, 0x2E, 0xAA, 0xA6, 0x59, 0x70,
    0xF0, 0x25, 0x74, 0x16, 0x2B, 0x32, 0x28, 0xF4, 0xBE, 0x24, 0xA1, 0xDA, 0x8A, 0xBB, 0x8C, 0xB9,
    0xF3, 0xB8, 0xBB, 0x25, 0x22, 0xCC, 0x84, 0x84, 0xD8, 0x28, 0x28, 0x40, 0x9B, 0xA8, 0x34, 0x69,
    0x07, 0xF1, 0x26, 0x19, 0x91, 0x1A, 0x6B, 0xE9, 0xD4, 0x86, 0x7D, 0x43, 0x6F, 0xA3, 0xA3, 0xAE,
    0xD6, 0x9A, 0x65, 0x11, 0x9B, 0x0D, 0xDF, 0x6E, 0x44, 0xA0, 0x4F, 0xDE, 0x4C, 0x3B, 0x97, 0xA1,
    0x00, 0xB3, 0x95, 0xEB, 0xCD, 0x2D, 0x74, 0x61, 0x63, 0x75, 0x54, 0xB7, 0xF0, 0x0D, 0x44, 0x36,
    0x48, 0x80, 0x64, 0xCF, 0x37, 0x48, 0x14, 0xF2, 0x66, 0x15, 0x95, 0x18, 0x8A, 0x18, 0x58, 0x66,
    0x7C, 0x84, 0x6A, 0x57, 0xE7, 0xBC, 0xAB, 0xAC, 0xF1, 0x02, 0x45, 0x03, 0x82, 0xD8, 0x7D, 0xB5,
    0xC7, 0x0D, 0xEB, 0x4D, 0x2D, 0x83, 0xB9, 0x2F, 0x34, 0x98, 0x74, 0x03, 0xD3, 0x75, 0x5C, 0x5B,
    0x38, 0x46, 0xA9, 0x8E, 0x79, 0x2B, 0x9C, 0x3D, 0x3B, 0x93, 0x62, 0xF4, 0xBB, 0x7C, 0x52, 0x4B,
    0xD4, 0xC7, 0x74, 0xEE, 0x5A, 0xEF, 0xFA, 0xF2, 0xDE, 0xAE, 0x0D, 0xBA, 0xE2, 0xC9, 0xEA, 0x8C,
    0x61, 0x8E, 0x0B, 0x92, 0x11, 0x1B, 0x19, 0x94, 0x00, 0x8B, 0xF2, 0x4F, 0xD6, 0x91, 0xED, 0x82,
    0xC5, 0x24, 0x9D, 0x9B, 0x83, 0x08, 0xCB, 0x59, 0x92, 0x85, 0x99, 0x73, 0xEB, 0x90, 0x46, 0x0F,
    0x6F, 0xA3, 0x87, 0xD3, 0xB9, 0x19, 0x4F, 0xA8, 0x70, 0x6A, 0x15, 0x95, 0xE0, 0xF4, 0xC8, 0xBF,
    0x53, 0x38, 0xB5, 0xCE, 0x3B, 0xF7, 0xDF, 0xD7, 0x79, 0x7F, 0x07, 0x95, 0x92, 0x01, 0xA4, 0x1C,
    0xC7, 0x1F, 0xC7, 0x3F, 0xBB, 0x2B, 0xB9, 0x24, 0xFB, 0x4F, 0xE6, 0xFF, 0xE7, 0x5F, 0x4D, 0xE5,
    0x25, 0x1B, 0x04, 0xC1, 0xCB, 0x5B, 0x38, 0x5C, 0xF5, 0xEE, 0x66, 0x00, 0x28, 0x04, 0x05, 0xA5,
    0xF2, 0x10, 0x14, 0x78, 0x57, 0xBD, 0x52, 0x75, 0x77, 0xBB, 0x00, 0x40, 0x1E, 0x00, 0xE0, 0x81,
    0x02, 0x74, 0xD5, 0xD1, 0x47, 0xDF, 0xCB, 0x0E, 0x05, 0x40, 0x47, 0x83, 0x00, 0x3A, 0x34, 0x50,
    0x90, 0xA9, 0x6E, 0x65, 0x71, 0x77, 0xD3, 0xD9, 0x77, 0xE7, 0x69, 0x5A, 0xD0, 0x31, 0x33, 0x3B,
    0x3B, 0xDF, 0xDF, 0xEF, 0xF7, 0x9D, 0xF9, 0xCE, 0x57, 0x96, 0xB9, 0x16, 0x26, 0x71, 0xBD, 0x56,
    0x58, 0x59, 0x9E, 0x83, 0xD7, 0x89, 0x37, 0xE2, 0x85, 0x93, 0x51, 0x0B, 0x64, 0xC6, 0x49, 0xEF,
    0x6A, 0x6F, 0x9A, 0x23, 0x05, 0xE4, 0x5E, 0x4B, 0x5F, 0x86, 0x0E, 0x14, 0xBE, 0xAD, 0x7D, 0xE3,
    0x7D, 0x33, 0x4A, 0xAC, 0xF4, 0x26, 0xF3, 0x65, 0x6F, 0xCD, 0x98, 0x5A, 0x79, 0xE6, 0x00, 0xB3,
    0x9C, 0xB5, 0xE4, 0x6C, 0x0C, 0x14, 0xBA, 0x70, 0x81, 0x22, 0x10, 0x8C, 0x48, 0x4B, 0xE9, 0x4E,
    0x97, 0xCB, 0x69, 0xE1, 0x32, 0x93, 0xB4, 0x1B, 0xF1, 0x4B, 0x9B, 0x7F, 0x68, 0x66, 0x99, 0x1A,
    0xC7, 0x4D, 0xFE, 0xCC, 0x08, 0xAF, 0x42, 0x95, 0x8C, 0x1C, 0xC9, 0x98, 0x11, 0x33, 0xCE, 0x18,
    0xE7, 0x8C, 0xC6, 0xCC, 0x46, 0x9C, 0xCD, 0x90, 0x4F, 0x74, 0xF6, 0xCC, 0xA4, 0x3F, 0xD8, 0xC4,
    0x38, 0x20, 0xB6, 0x24, 0x8E, 0xDF, 0x5F, 0x96, 0x6D, 0x46, 0xB1, 0x21, 0x6B, 0x00, 0xE2, 0xB0,
    0xE8, 0x0E, 0xA9, 0xE7, 0x3D, 0xF3, 0x20, 0x2A, 0xA3, 0x36, 0x71, 0xA9, 0x15, 0x26, 0xD7, 0xB2,
    0x4C, 0xDA, 0x9E, 0x13, 0x36, 0xD3, 0xB9, 0x92, 0xAC, 0xD7, 0xEB, 0xF3, 0xF9, 0xE8, 0xAF, 0x3B,
    0x1E, 0xA9, 0x32, 0xDD, 0xD3, 0xC9, 0x2A, 0x75, 0x99, 0x1E, 0x83, 0x95, 0xA6, 0xD0, 0xB1, 0x8E,
    0xD4, 0x10, 0xA9, 0x0B, 0x3D, 0xE1, 0x31, 0xC5, 0xBA, 0x5E, 0xB3, 0xC7, 0x3E, 0x43, 0x06, 0x4C,
    0xB9, 0x1F, 0xAF, 0x93, 0x55, 0xAF, 0x91, 0xB6, 0x28, 0x9F, 0xD2, 0x23, 0xEF, 0xB6, 0x19, 0x71,
    0x17, 0x88, 0x75, 0xA2, 0xF3, 0x46, 0x3A, 0xE9, 0x0A, 0x27, 0xB8, 0xC5, 0x35, 0x62, 0x52, 0x0A,
    0x5B, 0xDB, 0x6E, 0x9D, 0xB7, 0xB2, 0xE1, 0x53, 0x56, 0xAC, 0xC2, 0xF9, 0xBA, 0x28, 0x2B, 0x95,
    0x44, 0xB2, 0xE0, 0x39, 0xB5, 0x2D, 0x6C, 0x66, 0x73, 0x15, 0x38, 0x4B, 0x09, 0x90, 0x8B, 0x52,
    0x86, 0x03, 0x09, 0x95, 0x9A, 0xBC, 0x1D, 0x86, 0x26, 0xDB, 0x8B, 0x1B, 0x05, 0x74, 0x46, 0x5A,
    0x06, 0x21, 0x83, 0xBC, 0xB5, 0xAD, 0xCB, 0x54, 0xE7, 0xCC, 0x99, 0x53, 0x98, 0x3C, 0xAC, 0xF2,
    0x4B, 0x09, 0x5B, 0xA4, 0xB7, 0x85, 0xB7, 0x55, 0x64, 0xAA, 0x48, 0xBB, 0x58, 0x1F, 0x1E, 0x1E,
    0x56, 0xCE, 0xCA, 0xBA, 0x04, 0x16, 0x41, 0xF9, 0x27, 0x5A, 0x78, 0xD2, 0x35, 0xF8, 0x32, 0xF1,
    0x5A, 0xBC, 0x74, 0x32, 0x7A, 0xEB, 0x5D, 0xFF, 0x29, 0x2B, 0xD0, 0x7B, 0x35, 0xCB, 0x7C, 0x2B,
    0xBD, 0x1B, 0x66, 0x06, 0x90, 0x3B, 0x73, 0xA8, 0xC2, 0x6F, 0x6A, 0xBF, 0x11, 0xDE, 0x23, 0xFC,
    0x06, 0x80, 0xDC, 0xAF, 0x90, 0x61, 0x00, 0xBD, 0xE6, 0xAD, 0xA4, 0xC2, 0xAF, 0xB6, 0x46, 0xDA,
    0xC5, 0x79, 0xBF, 0x92, 0x97, 0x13, 0x40, 0xAA, 0x29, 0x74, 0xE2, 0xC9, 0x1B, 0x64, 0xC9, 0x1E,
    0xBB, 0xF6, 0x14, 0x68, 0x21, 0x76, 0x90, 0x98, 0x2E, 0x0A, 0x04, 0x30, 0x06, 0x66, 0x5B, 0x28,
    0xFA, 0x77, 0xD0, 0xC3, 0xB1, 0x10, 0xF3, 0xE5, 0xFF, 0x79, 0xDC, 0xC7, 0x4E, 0xB1, 0xB5, 0x37,
    0x75, 0x77, 0x1F, 0xDB, 0xC7, 0x4C, 0xD0, 0x93, 0x48, 0x87, 0x5F, 0x40, 0xFC, 0x6C, 0xFA, 0xCB,
    0x2A, 0xC8, 0x07, 0x8F, 0x9C, 0xD0, 0x59, 0xF9, 0x95, 0xF9, 0xAF, 0x8A, 0x6D, 0xAA, 0x04, 0xA9,
    0x4A, 0xCA, 0x9E, 0x1A, 0x41, 0x77, 0xD5, 0xD0, 0x81, 0xC2, 0x37, 0x75, 0xE8, 0x5B, 0x5F, 0x99,
    0xB4, 0xCD, 0xAC, 0x54, 0xE7, 0x5B, 0x15, 0x86, 0x97, 0x2A, 0x2C, 0xA8, 0x95, 0x50, 0x19, 0xD7,
    0x38, 0x10, 0x6F, 0x4C, 0x9D, 0xFF, 0x68, 0xE6, 0x52, 0x94, 0x9C, 0x43, 0x67, 0x4A, 0xA9, 0x33,
    0x9D, 0xF9, 0x4D, 0xEE, 0xD7, 0x03, 0xF6, 0x06, 0xEC, 0x4F, 0x19, 0x5E, 0x94, 0x6F, 0x81, 0x50,
    0xDB, 0x7B, 0x37, 0x1A, 0xCF, 0x46, 0x67, 0xA3, 0xD5, 0x4C, 0x5A, 0x69, 0x22, 0xDD, 0xD9, 0x8E,
    0x07, 0x88, 0xC6, 0x4A, 0xAF, 0x3F, 0x7B, 0xAD, 0x22, 0x05, 0x23, 0x58, 0xC0, 0x10, 0x20, 0xB5,
    0x55, 0xEE, 0x4D, 0x3F, 0x53, 0x91, 0x23, 0x69, 0x08, 0x73, 0xAF, 0xA9, 0x84, 0x37, 0x7B, 0x99,
    0x4A, 0x8F, 0x4D, 0xEE, 0x75, 0x7F, 0x01, 0x90, 0x5C, 0x25, 0xBB, 0x78, 0xCE, 0x1B, 0x37, 0x01,
    0xE0, 0x1E, 0x85, 0xDA, 0x9A, 0xDE, 0x27, 0x2B, 0xE1, 0x2C, 0x50, 0x19, 0x60, 0x62, 0x38, 0x61,
    0xC2, 0xF5, 0xAB, 0xC0, 0x21, 0xC7, 0x00, 0xF0, 0x53, 0xC9, 0xED, 0xC9, 0x05, 0xFA, 0x02, 0xFE,
    0xB3, 0x5D, 0xC5, 0x61, 0x0F, 0x60, 0x17, 0x67, 0xAE, 0x7F, 0x4D, 0x07, 0xEC, 0xA6, 0x8B, 0xA2,
    0xEF, 0x44, 0x1F, 0x5D, 0x51, 0x86, 0x05, 0x82, 0xE7, 0x18, 0x6E, 0x8C, 0x4F, 0x97, 0xB3, 0xFD,
    0x9D, 0xF5, 0x84, 0xD7, 0x07, 0x89, 0x19, 0xFE, 0x61, 0xA2, 0x15, 0x34, 0xC0, 0xE7, 0xAA, 0x50,
    0x92, 0xEF, 0xCB, 0xFF, 0x11, 0xAB, 0x82, 0x53, 0x8E, 0xC2, 0xB7, 0x4F, 0x5E, 0xF6, 0x74, 0x5E,
    0xF6, 0x31, 0x37, 0x58, 0x08, 0x25, 0x9E, 0x94, 0x8B, 0xF7, 0xB5, 0x99, 0x98, 0xDB, 0xE4, 0x08,
    0x04, 0x63, 0xBE, 0x0C, 0xC3, 0xE3, 0x99, 0x93, 0xF2, 0xC1, 0xF1, 0x91, 0xC9, 0xCA, 0xF7, 0x4A,
    0xC8, 0xBF, 0x29, 0x27, 0xEE, 0xE4, 0xA4, 0x9A, 0x4C, 0x5C, 0x95, 0xBF, 0xD6, 0xC0, 0x7D, 0x2A,
    0x7C, 0xF9, 0xAE, 0x8A, 0x59, 0x41, 0xD4, 0x16, 0xC7, 0x1C, 0xB9, 0xCE, 0x9D, 0x65, 0xCF, 0xFB,
    0x35, 0x1C, 0xF9, 0x63, 0xC6, 0xC0, 0x79, 0xFE, 0x8A, 0x3B, 0x8D, 0x08, 0x80, 0x89, 0xBD, 0xDF,
    0xC0, 0x1D, 0x7F, 0x02, 0x80, 0xF4, 0xDE, 0x85, 0x61, 0x8B, 0x80, 0xFC, 0xED, 0xDF, 0x02, 0x40,
    0xEC, 0x7F, 0x55, 0x19, 0x5D, 0xEA, 0x86, 0xAD, 0xDB, 0xE7, 0x7C, 0xBC, 0x03, 0xE1, 0xAA, 0x7F,
    0x05, 0xB5, 0xF7, 0x2A, 0xF0, 0x79, 0x9B, 0x35, 0x81, 0x45, 0x02, 0xAB, 0xA7, 0xC0, 0x43, 0x2E,
    0x5B, 0x45, 0x97, 0xBA, 0xA6, 0xE8, 0xE6, 0xDD, 0x0E, 0x80, 0x42, 0x2C, 0x87, 0xCB, 0x41, 0x35,
    0x75, 0x5F, 0xD8, 0xB1, 0x89, 0x1E, 0x8B, 0x6A, 0x58, 0x49, 0x33, 0x60, 0x6C, 0xAE, 0xA8, 0x1E,
    0x20, 0xB8, 0xC5, 0x5D, 0xBA, 0x07, 0x4D, 0xCD, 0xB0, 0xEA, 0x4F, 0xA6, 0xD5, 0xD4, 0xE6, 0xE5,
    0x7E, 0x7F, 0x38, 0x1D, 0x54, 0x7D, 0x37, 0x0D, 0x39, 0x90, 0xE9, 0x01, 0x15, 0xAE, 0xE3, 0x50,
    0xEC, 0x33, 0x10, 0xA7, 0xC3, 0x65, 0x3F, 0x54, 0xEC, 0xD0, 0x9B, 0xDC, 0xE5, 0xC0, 0x8E, 0xAA,
    0x8E, 0xA1, 0xB2, 0x87, 0xC7, 0xF7, 0xDE, 0xD8, 0x47, 0x33, 0x37, 0x9C, 0xDA, 0x41, 0x65, 0xA6,
    0xBF, 0xE9, 0x03, 0x3D, 0x62, 0xC0, 0x94, 0x0A, 0x02, 0x91, 0xD4, 0x5B, 0xE7, 0x04, 0x7A, 0x9C,
    0xFD, 0x56, 0x7F, 0xA7, 0x16, 0x1D, 0xF1, 0x27, 0x49, 0x13, 0xDB, 0xD4, 0x3D, 0x9A, 0xFE, 0x09,
    0xBC, 0x99, 0x2F, 0xF0, 0xDE, 0x46, 0x7A, 0xC7, 0x57, 0xAF, 0x3A, 0xD6, 0x4C, 0x04, 0x14, 0x78,
    0x6D, 0x80, 0x0E, 0x14, 0x57, 0x9C, 0xDC, 0xEA, 0x1A, 0x10, 0x10, 0xE0, 0x03, 0xE5, 0x2D, 0x28,
    0x38, 0xE6, 0xF2, 0x99, 0xBB, 0x55, 0x6C, 0x70, 0xE0, 0x80, 0x03, 0xCA, 0x13, 0x50, 0x52, 0x64,
    0x3E, 0xD3, 0x5A, 0x72, 0x7E, 0xC0, 0xC0, 0xC0, 0xBA, 0x18, 0x14, 0x14, 0x44, 0xAD, 0xDD, 0x29,
    0x08, 0xF0, 0xDA, 0x56, 0x12, 0x39, 0x96, 0xF4, 0xF4, 0xFB, 0x99, 0x95, 0xE7, 0x3D, 0xFB, 0xE7,
    0xA4, 0x13, 0x5F, 0x72, 0xEF, 0xEF, 0x7D, 0xBE, 0xB2, 0x2C, 0xED, 0xEE, 0xF3, 0xFF, 0x79, 0x76,
    0x5F, 0x57, 0xCC, 0xCE, 0x9D, 0x56, 0xE7, 0x1C, 0xF4, 0x0B, 0x91, 0x3E, 0x66, 0xF1, 0xA0, 0x29,
    0xDB, 0xD2, 0xE3, 0x1C, 0x5A, 0x9C, 0x2B, 0xCC, 0x5A, 0x91, 0x2B, 0x45, 0x55, 0x74, 0xAE, 0x9A,
    0x9C, 0xAB, 0x47, 0xE7, 0x1A, 0x68, 0x70, 0xCE, 0xDB, 0xEA, 0xA0, 0x60, 0x7A, 0xB9, 0xBC, 0x31,
    0xB8, 0xEA, 0xDE, 0xE8, 0xEA, 0xFB, 0xA3, 0xAB, 0x3E, 0xE8, 0x98, 0xFA, 0x47, 0x9C, 0x5F, 0x64,
    0x53, 0x6F, 0x36, 0x9A, 0xD9, 0xE0, 0x4C, 0xF3, 0xEE, 0x89, 0x32, 0xE6, 0xB4, 0xBD, 0xCD, 0xF5,
    0x5C, 0x14, 0x8B, 0xA5, 0x5C, 0x8A, 0x39, 0x5F, 0xCA, 0x98, 0x2F, 0x95, 0xEE, 0xAA, 0xA9, 0x8A,
    0xF5, 0x03, 0x8B, 0xCD, 0x85, 0x0D, 0xCD, 0x05, 0x83, 0xAE, 0xFC, 0x4B, 0x5A, 0xC9, 0x8B, 0xC7,
    0xDB, 0xBA, 0xD7, 0x2D, 0x9F, 0xFE, 0x32, 0x9F, 0x10, 0x7C, 0x42, 0xA8, 0xAE, 0x84, 0x47, 0x68,
    0x12, 0x8D, 0xF0, 0x7A, 0xF0, 0x09, 0x75, 0xA2, 0x96, 0xE9, 0x6D, 0x82, 0xE9, 0xCC, 0x6C, 0xC9,
    0x77, 0xF7, 0x4F, 0x95, 0xC6, 0xD5, 0xD3, 0x59, 0x9E, 0x70, 0x50, 0xAF, 0x77, 0xA1, 0xD0, 0x1E,
    0xE3, 0xA7, 0x2B, 0xAE, 0x36, 0x43, 0x27, 0x7A, 0xF0, 0xDC, 0xB9, 0xF7, 0xF6, 0x56, 0x3C, 0x8D,
    0x27, 0xC9, 0x9B, 0xAF, 0x59, 0xCB, 0xFA, 0x50, 0x01, 0x4F, 0xD6, 0xBA, 0xCC, 0x26, 0x0D, 0x16,
    0x63, 0x15, 0xFF, 0x21, 0x86, 0xB3, 0xA4, 0x8C, 0x7F, 0xCC, 0x35, 0xB7, 0x2D, 0xA2, 0xC9, 0x31,
    0x05, 0xBA, 0xD2, 0x77, 0xE7, 0x99, 0xE4, 0xD1, 0x53, 0x49, 0x53, 0xE8, 0x3B, 0x23, 0x4E, 0xA5,
    0xEF, 0x24, 0x39, 0x60, 0xCF, 0xF3, 0x45, 0x0E, 0x58, 0x9A, 0xE3, 0xE9, 0xDB, 0xE5, 0xF4, 0xF5,
    0x9C, 0x3D, 0x89, 0x8E, 0xCF, 0x9B, 0xE7, 0xC9, 0xE7, 0xCB, 0xF3, 0xF0, 0x3D, 0xCF, 0x73, 0x49,
    0x47, 0x01, 0xB9, 0x5D, 0xA2, 0xC3, 0x8C, 0x67, 0xB7, 0xF8, 0x6E, 0x75, 0x33, 0x4D, 0xD0, 0xAC,
    0xD6, 0x39, 0xAF, 0x21, 0xFE, 0x91, 0xC3, 0xEC, 0x92, 0x13, 0x6D, 0xD8, 0x9C, 0x2E, 0xB0, 0x5A,
    0x44, 0x86, 0x68, 0x2C, 0xA3, 0x34, 0x94, 0x81, 0x32, 0x56, 0xA3, 0x81, 0xAE, 0x1E, 0x1A, 0x9B,
    0x61, 0xC7, 0xDB, 0x06, 0x37, 0xFE, 0xBA, 0x61, 0xB4, 0xD0, 0xEA, 0x12, 0x5C, 0x9F, 0x44, 0x34,
    0x2E, 0x9B, 0x60, 0x87, 0xA1, 0x5D, 0xAA, 0xB5, 0x05, 0x63, 0x3A, 0x9B, 0xB4, 0xE0, 0xE4, 0x4C,
    0xAE, 0x96, 0xF4, 0x8A, 0x48, 0x09, 0x77, 0x4D, 0x86, 0x18, 0xA1, 0x45, 0x90, 0xDE, 0x31, 0xD2,
    0x0E, 0xC4, 0xA2, 0x5A, 0x0E, 0xB4, 0xA1, 0x04, 0xC5, 0x61, 0xBE, 0x56, 0x62, 0x50, 0x5E, 0x3A,
    0xD7, 0x63, 0x31, 0x97, 0x73, 0x33, 0x94, 0x73, 0x15, 0x85, 0xB1, 0x89, 0x7E, 0xA8, 0xF4, 0xA6,
    0xEF, 0x84, 0x62, 0xAD, 0xB6, 0x47, 0x3F, 0xD0, 0xF7, 0x85, 0xB1, 0x98, 0x2B, 0x68, 0x2A, 0x63,
    0x3D, 0x32, 0x6F, 0x35, 0x35, 0x03, 0x9A, 0x70, 0xFF, 0x2A, 0x12, 0x8B, 0xE8, 0x49, 0x50, 0x0D,
    0x82, 0xBF, 0x14, 0xF1, 0x49, 0xB2, 0x18, 0x5E, 0xB9, 0x9F, 0xB0, 0xB3, 0x5C, 0xED, 0x24, 0x3E,
    0x25, 0x86, 0x1F, 0x64, 0x14, 0xFD, 0xBF, 0x24, 0x47, 0x1E, 0x8D, 0x2F, 0x81, 0xEA, 0xC9, 0x26,
    0x98, 0x0C, 0xF3, 0x00, 0x43, 0xE8, 0x50, 0x2E, 0xF6, 0x07, 0xBA, 0x7A, 0x92, 0x46, 0x34, 0x01,
    0xDA, 0xD5, 0xA7, 0xE9, 0x5E, 0x2E, 0x59, 0xC0, 0x0A, 0x1F, 0x29, 0x2E, 0x4A, 0xD9, 0xFD, 0xE4,
    0x14, 0x30, 0x63, 0xB6, 0xE6, 0x36, 0x9C, 0xD6, 0x52, 0x1E, 0xBF, 0xD4, 0x8F, 0xBB, 0x7C, 0xF6,
    0xA1, 0x2B, 0xE2, 0x6D, 0xDF, 0x16, 0x71, 0x0D, 0xAE, 0x7C, 0x38, 0xF7, 0xAE, 0xFA, 0xDF, 0xB8,
    0xBB, 0xEA, 0x8B, 0x61, 0x53, 0xB0, 0x74, 0xAB, 0x6B, 0x2C, 0x53, 0x8A, 0xD8, 0x4E, 0x82, 0x25,
    0x5F, 0x34, 0x99, 0x3C, 0x32, 0x8C, 0xC8, 0xF6, 0x4E, 0xFB, 0x6B, 0x71, 0x74, 0x07, 0x2E, 0x2D,
    0xA2, 0xA6, 0x73, 0x46, 0xC2, 0x3B, 0xC4, 0x62, 0x31, 0x4B, 0x54, 0x0D, 0x32, 0x09, 0x78, 0x42,
    0x54, 0xFD, 0x3B, 0x43, 0x5E, 0xB7, 0xA1, 0xAA, 0x1D, 0xC3, 0xF6, 0xB8, 0x6B, 0x40, 0xDD, 0x7E,
    0x45, 0x82, 0x59, 0x50, 0x47, 0x41, 0x83, 0x04, 0x7D, 0x27, 0x32, 0x27, 0xE0, 0x61, 0x98, 0x92,
    0x12, 0x9B, 0x21, 0x69, 0x12, 0xA7, 0xC0, 0x27, 0xDA, 0xD3, 0x2A, 0x20, 0x2C, 0x1D, 0xAB, 0x11,
    0x7C, 0xBB, 0xFC, 0x5B, 0x8F, 0xCA, 0xA8, 0x47, 0x55, 0x04, 0x26, 0x3D, 0xAF, 0x27, 0x3D, 0x6F,
    0xE4, 0x0F, 0x9A, 0x02, 0x0E, 0xCD, 0x0E, 0xC0, 0xFE, 0x29, 0x7A, 0x12, 0xC0, 0x14, 0x5E, 0x06,
    0x33, 0x8B, 0xC0, 0x03, 0x01, 0xB0, 0x15, 0xAF, 0x10, 0xE4, 0x8B, 0x40, 0x6A, 0xC3, 0x3E, 0x82,
    0x66, 0xC0, 0xE1, 0x81, 0xBE, 0x95, 0x34, 0x26, 0x3B, 0x9E, 0x00, 0x79, 0x8D, 0xA1, 0x8D, 0x5E,
    0xAF, 0x09, 0xC4, 0x7A, 0x60, 0x89, 0xC0, 0x2B, 0xB3, 0x28, 0x42, 0x97, 0xE2, 0x53, 0xC1, 0x40,
    0xEA, 0x96, 0x33, 0x0F, 0x55, 0xF4, 0x93, 0x82, 0x4C, 0x61, 0x26, 0x1A, 0x9A, 0xB1, 0x19, 0xC2,
    0xE0, 0xF5, 0xCC, 0x6B, 0xF2, 0x00, 0xD7, 0xBD, 0x75, 0xC7, 0x5C, 0x6B, 0xB6, 0xA1, 0xE8, 0xF4,
    0x97, 0xAF, 0xC5, 0x82, 0xDB, 0x92, 0xEE, 0xD2, 0x3C, 0xF5, 0x44, 0xAA, 0x86, 0x92, 0xCB, 0x36,
    0x93, 0xE6, 0x39, 0xE6, 0x7A, 0xF4, 0xE3, 0xA5, 0x67, 0xB9, 0x8C, 0x71, 0x6F, 0xE2, 0x0B, 0xC4,
    0xBE, 0x29, 0x21, 0x1D, 0x91, 0xB5, 0x0B, 0xB7, 0x4C, 0x98, 0xAD, 0x27, 0x16, 0x5A, 0xD3, 0x32,
    0x08, 0x4F, 0x5D, 0x61, 0x19, 0x16, 0x53, 0x6C, 0x09, 0x3D, 0x86, 0x92, 0x1F, 0x54, 0x11, 0x29,
    0x28, 0x63, 0x07, 0xA2, 0xDC, 0x7A, 0x20, 0x42, 0x1B, 0x10, 0x1E, 0x70, 0xD2, 0x0E, 0x25, 0xFE,
    0xB8, 0x85, 0x51, 0x53, 0xA3, 0x34, 0xAD, 0x56, 0x8D, 0x7E, 0x24, 0xE3, 0x0D, 0xF2, 0x4B, 0x25,
    0x92, 0x3B, 0xC6, 0x64, 0xFE, 0xC6, 0xCA, 0xDC, 0xFE, 0xE6, 0x8C, 0x5C, 0xE1, 0xDA, 0x88, 0xA8,
    0x08, 0x0F, 0x03, 0x26, 0x3C, 0xA5, 0x4B, 0xB9, 0x6E, 0xB8, 0x55, 0xFD, 0x64, 0xF5, 0x2C, 0xF0,
    0x39, 0x17, 0x67, 0x37, 0xD6, 0x7A, 0xD2, 0x1B, 0x94, 0x52, 0x55, 0x9E, 0x7C, 0x26, 0xCF, 0xCF,
    0x45, 0x2C, 0x15, 0x6A, 0xCA, 0x2D, 0xB0, 0x7B, 0xEB, 0x39, 0xDC, 0x0E, 0x39, 0x52, 0xB4, 0x35,
    0xBC, 0x1E, 0xA4, 0x95, 0xD0, 0xAE, 0x4C, 0x9F, 0x19, 0x3A, 0x45, 0xD3, 0x58, 0x81, 0x79, 0x43,
    0xF7, 0x0F, 0x99, 0xB5, 0x62, 0x43, 0xAC, 0x10, 0xC4, 0x1F, 0xFF, 0x94, 0x99, 0x20, 0xFB, 0xF4,
    0x9D, 0xD6, 0x69, 0x86, 0xF6, 0x60, 0x24, 0xCC, 0x8E, 0xCF, 0x4F, 0x9E, 0x81, 0x7E, 0xBA, 0x74,
    0x4A, 0xE1, 0x4B, 0x65, 0x0F, 0x48, 0x25, 0xAF, 0x04, 0xE4, 0x08, 0x54, 0x61, 0xEA, 0xF0, 0xD0,
    0x30, 0x84, 0x71, 0xAD, 0x3F, 0xA2, 0xBA, 0xD7, 0x70, 0xC9, 0xDB, 0xE3, 0x8F, 0x24, 0x3D, 0x81,
    0x46, 0xEF, 0x0E, 0xFF, 0x13, 0x9B, 0x38, 0xA0, 0x8D, 0x2E, 0x44, 0xD0, 0x26, 0x61, 0xA6, 0x27,
    0x36, 0xE6, 0x34, 0x21, 0x53, 0x21, 0x95, 0xBC, 0x98, 0xAA, 0xC7, 0x43, 0xFE, 0xCD, 0x54, 0xDF,
    0xEA, 0xF2, 0x67, 0x93, 0x97, 0x56, 0x9E, 0xC5, 0xDF, 0xFA, 0xB6, 0x7C, 0x88, 0x72, 0xAA, 0x07,
    0x4F, 0x96, 0x5E, 0xF8, 0x4C, 0xEA, 0xA9, 0x2F, 0xBE, 0x99, 0x36, 0xA1, 0x0D, 0x52, 0xD0, 0x75,
    0xFB, 0x48, 0xCA, 0xF9, 0x5B, 0x43, 0x45, 0xA7, 0x5D, 0x3A, 0x0A, 0x0A, 0xFF, 0x19, 0xFD, 0x88,
    0x4F, 0xD2, 0x25, 0x36, 0x18, 0xB2, 0x4D, 0xC0, 0x2B, 0x9D, 0x18, 0x0B, 0xE4, 0xE5, 0x1E, 0xC7,
    0x32, 0x60, 0x77, 0xA5, 0x80, 0x4C, 0xB9, 0x49, 0xC4, 0xD3, 0xAA, 0x81, 0xB9, 0x26, 0x96, 0x8D,
    0x04, 0xC5, 0x4C, 0x14, 0x0A, 0xBA, 0x32, 0x1E, 0xFA, 0xB9, 0x82, 0x7B, 0x07, 0xC3, 0xF3, 0xA4,
    0xD7, 0x7C, 0x3B, 0x69, 0xEC, 0xCC, 0x7A, 0x93, 0xC4, 0x24, 0xC7, 0xB5, 0x1E, 0x08, 0x9D, 0x6E,
    0xA5, 0x92, 0x1E, 0x1B, 0x99, 0x20, 0xDB, 0xC9, 0xD6, 0x30, 0x52, 0x88, 0x91, 0xA9, 0x8E, 0x74,
    0x64, 0x23, 0x1C, 0xD0, 0xB4, 0xD0, 0x72, 0x50, 0x81, 0xCF, 0x40, 0x76, 0xEF, 0x28, 0xF8, 0x7F,
    0x9C, 0xDD, 0xD1, 0x68, 0x11, 0xC9, 0xEE, 0xB0, 0x4B, 0xA9, 0x3F, 0xB2, 0xFB, 0x78, 0xB0, 0x7B,
    0x64, 0xF7, 0xA1, 0x12, 0x74, 0x15, 0x3C, 0x13, 0xDE, 0xB6, 0x8B, 0x6C, 0x12, 0xA9, 0x32, 0x94,
    0x64, 0xC8, 0xF4, 0xB7, 0x28, 0x4F, 0xCE, 0xF5, 0x2C, 0x1E, 0x26, 0x29, 0xA1, 0xAB, 0x6C, 0x39,
    0xB2, 0x81, 0x68, 0xB8, 0xD4, 0x5A, 0x7D, 0x7F, 0xFB, 0x29, 0x0A, 0xE9, 0xBD, 0xFF, 0xB7, 0xFD,
    0x0C, 0x12, 0x8F, 0x34, 0x21, 0x31, 0xD1, 0x8D, 0x83, 0x48, 0x8A, 0x97, 0x32, 0xD5, 0x9B, 0x7A,
    0x35, 0x28, 0x65, 0xAA, 0x9F, 0xB2, 0xD2, 0x4A, 0xCB, 0x60, 0x09, 0xBE, 0x93, 0x5A, 0x32, 0x23,
    0x1A, 0x84, 0x52, 0xF9, 0xD2, 0x7C, 0x66, 0x1A, 0xDB, 0x74, 0x46, 0x18, 0xB4, 0x41, 0x7F, 0xDE,
    0x81, 0xCA, 0xF6, 0xBA, 0xF6, 0x8E, 0xF0, 0xDC, 0x25, 0x92, 0x9F, 0xB7, 0xF7, 0xF4, 0xBE, 0x91,
    0x8A, 0x73, 0x61, 0xA7, 0xD4, 0x45, 0xC1, 0x41, 0x3C, 0x10, 0x46, 0xF0, 0xB0, 0x55, 0x40, 0x9A,
    0x4D, 0x49, 0xB6, 0xEF, 0x14, 0xAE, 0x44, 0xEF, 0x37, 0x28, 0xC2, 0x22, 0x30, 0x1E, 0x6D, 0x46,
    0x0E, 0x54, 0x86, 0x75, 0x1E, 0xD3, 0xB6, 0xDE, 0x24, 0x19, 0x94, 0x9A, 0x7D, 0x93, 0xB6, 0xCA,
    0x05, 0x5F, 0x88, 0x02, 0xB9, 0xFB, 0xFE, 0x83, 0xFB, 0x85, 0x8D, 0x28, 0x78, 0xC5, 0xA3, 0x46,
    0x02, 0x20, 0xF5, 0x0B, 0xD4, 0x4A, 0x20, 0x08, 0xE0, 0xDA, 0x80, 0x5D, 0xA4, 0xB1, 0xC9, 0x6C,
    0x7C, 0x18, 0x06, 0xE1, 0x8B, 0x0C, 0xC4, 0x09, 0xF1, 0x41, 0xF5, 0x9A, 0x63, 0x2F, 0x0A, 0xCA,
    0x36, 0x94, 0xDE, 0x46, 0xBA, 0xB8, 0x62, 0xF6, 0xDD, 0xFD, 0x3A, 0x7A, 0x4C, 0x29, 0x4E, 0x9C,
    0xEB, 0x01, 0xF7, 0x7A, 0xA6, 0x7B, 0x3D, 0x26, 0xAF, 0xE8, 0x72, 0xA4, 0x1A, 0xEE, 0x29, 0xA2,
    0xDC, 0x17, 0x33, 0xF7, 0x12, 0x86, 0x7B, 0x89, 0x43, 0x55, 0xD5, 0x45, 0xF7, 0xB3, 0xE4, 0xE2,
    0x5E, 0x2C, 0xD2, 0xBA, 0x4A, 0x33, 0xBA, 0x4F, 0x82, 0xD9, 0x94, 0x2E, 0x63, 0xBA, 0x50, 0x9B,
    0x52, 0x52, 0xB3, 0x94, 0xD6, 0x58, 0x8D, 0xC4, 0x76, 0x5E, 0x76, 0x3F, 0x2F, 0xCB, 0xBD, 0x2E,
    0xDC, 0xB3, 0x3A, 0xCB, 0x96, 0xE7, 0x65, 0x8B, 0x3F, 0x5A, 0x96, 0x7B, 0x2E, 0x2C, 0x4B, 0xC7,
    0x5C, 0x1D, 0xCB, 0x5A, 0xBA, 0x28, 0x3F, 0x70, 0x91, 0xFC, 0xE8, 0x53, 0x97, 0xB3, 0x5A, 0xF3,
    0xE3, 0xB2, 0x80, 0x7C, 0x82, 0x29, 0xBD, 0x10, 0x3C, 0x29, 0x7A, 0x5E, 0xD5, 0x9E, 0x3D, 0xC7,
    0xD7, 0x86, 0xD4, 0xB4, 0xD7, 0x91, 0x2D, 0x40, 0x19, 0xD9, 0x02, 0xE8, 0x6F, 0x6A, 0x62, 0xAD,
    0x67, 0xA2, 0xB6, 0xC1, 0x11, 0x0D, 0x1F, 0x07, 0xC5, 0xD3, 0x2E, 0x9C, 0x98, 0xA1, 0x26, 0x0D,
    0xCA, 0xF8, 0x39, 0x38, 0x80, 0x5E, 0xB3, 0x3D, 0x92, 0x46, 0x88, 0xE0, 0xD0, 0x96, 0xC4, 0x6F,
    0x2B, 0xC3, 0x8E, 0xE6, 0xE8, 0xAD, 0x48, 0x7E, 0xF5, 0xB4, 0x4B, 0xB6, 0xE6, 0x0F, 0xF4, 0x24,
    0xE1, 0xB3, 0x15, 0x91, 0xDE, 0x07, 0x37, 0x32, 0xAE, 0x4D, 0xB0, 0x6E, 0x6F, 0xDE, 0x95, 0x41,
    0xCC, 0xFE, 0x4A, 0xD7, 0x17, 0x53, 0xCF, 0x46, 0xE7, 0x77, 0x74, 0x7D, 0xDD, 0xB9, 0xEB, 0x5B,
    0x90, 0xAF, 0x3B, 0x61, 0x37, 0xBA, 0x02, 0x72, 0x04, 0xBA, 0x81, 0xD8, 0x9D, 0x9A, 0x41, 0xE7,
    0xBC, 0x21, 0xEE, 0x90, 0x40, 0x5D, 0x41, 0x17, 0x98, 0x43, 0x8F, 0x1B, 0xA2, 0xC8, 0x94, 0xCF,
    0xD2, 0x5E, 0x8B, 0x10, 0xDB, 0xC9, 0xE7, 0x62, 0x2C, 0xD7, 0x9F, 0x78, 0x2B, 0xC9, 0xE9, 0xEC,
    0xA4, 0xB8, 0x2C, 0xCD, 0x48, 0xC0, 0x88, 0xB9, 0x54, 0x38, 0xF0, 0x4B, 0x12, 0xA6, 0x2E, 0xD2,
    0x02, 0xEE, 0x59, 0x4D, 0x4A, 0xD6, 0x1B, 0x01, 0xDC, 0x11, 0x3C, 0x83, 0x7C, 0x9F, 0x84, 0xDC,
    0x48, 0xDF, 0x84, 0x36, 0x43, 0x92, 0xF6, 0xF0, 0x27, 0xB2, 0x3D, 0x89, 0x60, 0xD2, 0x94, 0x82,
    0x0A, 0xCF, 0xD3, 0x9B, 0xA9, 0x16, 0x03, 0x9D, 0x40, 0xEF, 0x79, 0x85, 0x0C, 0x89, 0x53, 0x12,
    0x02, 0x25, 0x69, 0xBC, 0xA6, 0x8E, 0x7B, 0x29, 0xD8, 0xA1, 0x5F, 0x95, 0x3C, 0x79, 0xDD, 0x8A,
    0xB3, 0xCD, 0x84, 0xEA, 0x84, 0xC8, 0xCD, 0x83, 0x98, 0xD9, 0x8B, 0xC8, 0xDC, 0xD5, 0xEC, 0xD1,
    0xE0, 0x48, 0xC5, 0xF6, 0x50, 0xC7, 0x9F, 0xAA, 0x76, 0xA7, 0xB0, 0xBA, 0x83, 0xE4, 0xA6, 0x05,
    0x6E, 0x2B, 0x0D, 0xFC, 0x06, 0x96, 0xD4, 0xC5, 0xF4, 0x83, 0x6B, 0x90, 0x0F, 0xFF, 0xF9, 0x67,
    0x25, 0x94, 0x94, 0x75, 0x9B, 0xBB, 0x9A, 0xBC, 0xDF, 0xF0, 0x50, 0xD7, 0x8F, 0x22, 0x8D, 0x97,
    0x27, 0x88, 0xB8, 0xEA, 0x8F, 0x08, 0xC5, 0xDE, 0x26, 0x47, 0x97, 0x48, 0x57, 0xF6, 0x63, 0xFB,
    0x20, 0x9B, 0xA2, 0xB6, 0x6A, 0x6E, 0x06, 0x2C, 0xD9, 0x90, 0x45, 0xE4, 0x9F, 0xD8, 0xD2, 0xB7,
    0x84, 0x36, 0x51, 0xDE, 0xB7, 0x08, 0x59, 0xA2, 0xFE, 0x7E, 0x72, 0xF4, 0x50, 0x79, 0xDA, 0x43,
    0x88, 0xA3, 0x9E, 0x14, 0x81, 0x02, 0x5C, 0xA6, 0xE7, 0xA5, 0x8D, 0x4C, 0x2B, 0xF5, 0x40, 0x7F,
    0x2D, 0x56, 0x25, 0xB9, 0xE8, 0x44, 0x97, 0x77, 0x0B, 0x7F, 0xDE, 0x45, 0x18, 0x37, 0x0C, 0x89,
    0x73, 0x51, 0xFF, 0x7B, 0xE9, 0xE2, 0xCB, 0x28, 0x35, 0xC7, 0x3A, 0xFA, 0xE8, 0xC5, 0x09, 0xE4,
    0xBB, 0x46, 0xD6, 0x42, 0xDB, 0xA1, 0x43, 0x17, 0x8D, 0x29, 0xFF, 0x51, 0xD7, 0x19, 0x9E, 0x78,
    0x77, 0xF8, 0x59, 0x35, 0x1F, 0x6F, 0xDF, 0x81, 0x77, 0x4B, 0xFD, 0xF1, 0xDE, 0xA5, 0x7E, 0x73,
    0xFC, 0x99, 0xC6, 0x91, 0xE1, 0xC5, 0xBB, 0x78, 0xC8, 0xA5, 0x22, 0x77, 0x4D, 0xAA, 0x6B, 0xFB,
    0x13, 0x1A, 0x1C, 0xF6, 0xD2, 0x5A, 0x45, 0xD2, 0x56, 0xC3, 0xCA, 0x1F, 0x56, 0x0F, 0x57, 0x64,
    0xD1, 0x74, 0x41, 0x49, 0xE9, 0xD2, 0x5C, 0xCC, 0x24, 0x41, 0xFF, 0xBB, 0xC8, 0xC5, 0x4A, 0xBC,
    0xAA, 0xD9, 0xAB, 0xC9, 0xD3, 0xFA, 0x29, 0x6A, 0x15, 0x44, 0x1F, 0x57, 0x63, 0xB1, 0xCA, 0x65,
    0x47, 0x2D, 0x26, 0x57, 0xC8, 0x88, 0xA5, 0xFD, 0x64, 0x6B, 0x4E, 0x17, 0x45, 0x07, 0x2D, 0x77,
    0xFD, 0x55, 0xB1, 0xF6, 0x36, 0xF7, 0x36, 0x5D, 0xDB, 0x95, 0x74, 0xAB, 0xB1, 0x1A, 0x15, 0x41,
    0x87, 0xF5, 0x91, 0xF4, 0xA8, 0x56, 0x67, 0xCB, 0xA9, 0x4A, 0x58, 0xA1, 0x06, 0x0D, 0x99, 0x56,
    0x76, 0x89, 0xAB, 0xCE, 0xAC, 0xAE, 0x74, 0x6E, 0xAD, 0xF1, 0x01, 0xF1, 0x25, 0x3D, 0x1C, 0x9F,
    0xB7, 0x9D, 0x8F, 0xDD, 0x98, 0x8A, 0x42, 0x4C, 0x05, 0x41, 0x76, 0x7E, 0x8A, 0x9E, 0x17, 0x91,
    0xB2, 0xA1, 0xA8, 0xB9, 0x27, 0xDF, 0xBA, 0xBB, 0x38, 0x7F, 0x83, 0x4E, 0x8E, 0x2E, 0xC9, 0x52,
    0xD7, 0x24, 0x67, 0xC1, 0x51, 0x44, 0xD2, 0x2A, 0x9D, 0x90, 0x88, 0x16, 0x6F, 0xCB, 0x97, 0x6C,
    0x2D, 0xE6, 0xD3, 0x4A, 0x96, 0x4F, 0x47, 0x11, 0x7D, 0x14, 0x29, 0xA5, 0xDE, 0x76, 0x0D, 0xCA,
    0xAF, 0x57, 0x81, 0x5F, 0x0A, 0x55, 0xAB, 0x59, 0x06, 0x30, 0xC1, 0x47, 0x16, 0xAB, 0xC7, 0x37,
    0x5E, 0xC4, 0xEA, 0x8B, 0xDF, 0x7D, 0x39, 0xD5, 0xF7, 0x6F, 0xDE, 0x1F, 0x9B, 0xFB, 0x9F, 0xDC,
    0x1C, 0xFC, 0x4D, 0x53, 0xB0, 0x5E, 0xDD, 0x25, 0x50, 0xB5, 0xCA, 0x13, 0xAA, 0x45, 0x6E, 0xA9,
    0x0C, 0x04, 0xD7, 0x73, 0x7E, 0x1C, 0x76, 0x94, 0x2F, 0x77, 0x8E, 0x66, 0x10, 0xD9, 0x33, 0xC5,
    0xD2, 0x10, 0x88, 0x24, 0xE8, 0xE0, 0x7A, 0x47, 0x63, 0x2E, 0x7B, 0xC5, 0x73, 0xD0, 0x97, 0xF2,
    0xC2, 0x80, 0xB7, 0x31, 0xEA, 0xEC, 0x71, 0xB5, 0x04, 0x2B, 0x0F, 0x8F, 0xCB, 0xA3, 0xBA, 0x98,
    0x67, 0x36, 0x14, 0x5A, 0xA3, 0x94, 0xBB, 0x94, 0x0B, 0x6B, 0x8A, 0xA6, 0x4B, 0x1A, 0x3F, 0x3A,
    0x8E, 0x3E, 0xED, 0x2A, 0x57, 0xE5, 0xA6, 0xCD, 0x22, 0x59, 0x2F, 0x33, 0x55, 0x21, 0x25, 0x5C,
    0xA1, 0x52, 0x82, 0xAE, 0x33, 0x52, 0x14, 0x0B, 0xB9, 0xBF, 0x5A, 0x9B, 0x08, 0xEF, 0xF5, 0x63,
    0xA9, 0x47, 0xDA, 0xFE, 0xAE, 0x63, 0x33, 0xD7, 0x3C, 0xCF, 0x6C, 0x2F, 0x6C, 0xAB, 0xE6, 0xBF,
    0xA8, 0xA7, 0xF3, 0x79, 0x9B, 0x6F, 0x1D, 0x38, 0xFC, 0xBC, 0x31, 0xCD, 0x13, 0x15, 0x70, 0xE2,
    0x38, 0x53, 0x01, 0xFC, 0xC6, 0xEE, 0x59, 0x77, 0x1C, 0x40, 0xAD, 0xF5, 0xFA, 0xF2, 0xB0, 0x89,
    0xFC, 0x2D, 0x9C, 0x90, 0x1C, 0xFE, 0x3D, 0xB2, 0xA3, 0x2F, 0xA4, 0x77, 0x22, 0xA2, 0x5F, 0x64,
    0x2E, 0x08, 0x77, 0x64, 0x49, 0x87, 0x7F, 0x3D, 0x65, 0x5E, 0x7A, 0x64, 0xD7, 0x83, 0xB9, 0x05,
    0x65, 0x14, 0x10, 0xCC, 0x7D, 0x3D, 0x08, 0x3C, 0x2C, 0x07, 0xA2, 0xE5, 0x36, 0xB0, 0x02, 0x0B,
    0xF0, 0xB2, 0xA3, 0x83, 0xE5, 0x24, 0x55, 0x96, 0xDA, 0x3A, 0x60, 0x16, 0xD0, 0xA0, 0x9E, 0xDD,
    0x19, 0xE0, 0x6D, 0x26, 0x45, 0xD0, 0xA4, 0x0C, 0x0C, 0xE2, 0xFA, 0x64, 0x41, 0x25, 0xAE, 0xA5,
    0x27, 0x83, 0xEE, 0x95, 0x84, 0xD9, 0x14, 0x8E, 0x77, 0x56, 0xC1, 0xF5, 0x15, 0x58, 0x24, 0xDA,
    0xC5, 0x22, 0x79, 0x1E, 0x7E, 0x25, 0x95, 0xA6, 0x8D, 0x04, 0xC6, 0xEC, 0xF7, 0xF6, 0x98, 0xBD,
    0xBE, 0x3C, 0x7B, 0x02, 0x83, 0x2F, 0xA3, 0xF0, 0x85, 0x0F, 0xD9, 0xE8, 0x7F, 0x42, 0x8A, 0x4D,
    0x8D, 0x9D, 0x13, 0xAC, 0x0C, 0x03, 0xFC, 0x26, 0xB0, 0x9D, 0x76, 0x80, 0x1C, 0xB8, 0x68, 0x70,
    0x1D, 0x25, 0x1C, 0xCE, 0xF4, 0x03, 0xE2, 0x71, 0x47, 0x9E, 0xC1, 0xAF, 0x46, 0x1E, 0x3B, 0x9F,
    0x57, 0xE8, 0xAD, 0x57, 0xC7, 0xE2, 0xCD, 0x58, 0x45, 0x61, 0x77, 0x91, 0x42, 0xAF, 0xD9, 0xE5,
    0xA1, 0xFF, 0xB3, 0xBE, 0xD6, 0x96, 0xD3, 0xD3, 0x30, 0xB2, 0x12, 0xC9, 0xBA, 0xA2, 0xE4, 0xD9,
    0x58, 0xF7, 0xC8, 0xEA, 0x42, 0x68, 0x87, 0x13, 0x79, 0x89, 0x3C, 0xE5, 0xB4, 0x49, 0x62, 0xCA,
    0x95, 0x95, 0x7B, 0xB5, 0xC2, 0x91, 0x2D, 0x32, 0x5E, 0xFF, 0x7C, 0x76, 0xF2, 0x94, 0xCF, 0x7F,
    0xAC, 0x39, 0xAD, 0xD3, 0x9C, 0x8B, 0x75, 0x54, 0x3D, 0x3C, 0x00, 0x29, 0xF9, 0xF4, 0x80, 0xDB,
    0x51, 0xB3, 0x48, 0xCE, 0x7C, 0xEE, 0x46, 0x74, 0xB5, 0x2E, 0x33, 0x9C, 0xDA, 0xE6, 0x94, 0xAD,
    0x88, 0x9E, 0x72, 0xD6, 0x3D, 0x71, 0x35, 0x28, 0x26, 0x10, 0x1C, 0x6F, 0x64, 0xAB, 0x2D, 0x1B,
    0x2B, 0xF5, 0xBC, 0xDC, 0x6F, 0x57, 0x1A, 0xB3, 0xD4, 0x0A, 0x99, 0xB9, 0xFE, 0xD6, 0x4A, 0x79,
    0x7E, 0xF8, 0x50, 0x26, 0x0A, 0x57, 0xE5, 0x30, 0x26, 0x91, 0x6C, 0x27, 0x6F, 0x28, 0x2C, 0x14,
    0x31, 0x7E, 0x78, 0xE3, 0x89, 0x92, 0xF4, 0x40, 0xFD, 0xD3, 0x70, 0x24, 0x4E, 0x92, 0x8F, 0xA9,
    0x26, 0x52, 0x57, 0x4E, 0x36, 0xD2, 0xA8, 0x54, 0xEC, 0xD1, 0x66, 0x1A, 0x76, 0x05, 0xB6, 0xF1,
    0x2D, 0x6C, 0x65, 0xB2, 0x72, 0xFE, 0x55, 0x13, 0x83, 0x8D, 0xC1, 0xDA, 0x86, 0x87, 0xCA, 0x26,
    0x4A, 0x8B, 0x46, 0xBE, 0x35, 0x25, 0xB0, 0x70, 0x5D, 0xCC, 0x2A, 0xB6, 0x2A, 0xDB, 0x00, 0x75,
    0xAB, 0xB5, 0x29, 0x3F, 0x34, 0x9F, 0x29, 0x4D, 0x78, 0xC1, 0xE2, 0x3F, 0xDA, 0x94, 0xF0, 0x3A,
    0xB3, 0x49, 0x9E, 0x63, 0x72, 0x80, 0xF2, 0x39, 0xF5, 0x76, 0xA3, 0xD0, 0x39, 0x83, 0x34, 0x27,
    0x39, 0x57, 0x22, 0xBA, 0x74, 0x6C, 0x08, 0xA9, 0xAE, 0x5E, 0x9D, 0x4E, 0x92, 0xAE, 0x58, 0x89,
    0x76, 0x71, 0x3D, 0xE2, 0x9E, 0x6C, 0xCB, 0x26, 0x09, 0x49, 0x2C, 0xCE, 0x22, 0xF7, 0xD6, 0xB5,
    0xD4, 0xFD, 0x4D, 0x25, 0xE3, 0x35, 0x9D, 0xFB, 0x45, 0xCD, 0x2C, 0x7F, 0xDA, 0x5C, 0xC7, 0x0E,
    0x83, 0xFB, 0x5A, 0x54, 0xEC, 0x7F, 0x77, 0xB8, 0xB3, 0xDA, 0xBA, 0x17, 0xE7, 0xAC, 0x5B, 0xCD,
    0x15, 0x59, 0x97, 0xF3, 0xC6, 0xE1, 0xF5, 0xD8, 0x20, 0xAE, 0xFA, 0xF3, 0x56, 0x85, 0xA0, 0x24,
    0xB7, 0x88, 0xE2, 0x91, 0x59, 0xFE, 0x4A, 0x10, 0x44, 0x5B, 0xDA, 0xD9, 0x9D, 0x52, 0xB6, 0x79,
    0xDB, 0x7E, 0x26, 0x65, 0xE2, 0x5C, 0x99, 0x78, 0x21, 0x13, 0x37, 0x36, 0x7A, 0x1B, 0xF8, 0x5E,
    0xCA, 0xC4, 0x59, 0x2F, 0xD7, 0x58, 0x35, 0xAE, 0x1E, 0x7F, 0x5E, 0x2B, 0x31, 0x2C, 0x9A, 0xB7,
    0xCD, 0x68, 0x2A, 0xA3, 0x3C, 0xEC, 0xE3, 0x2A, 0xCA, 0xB6, 0x52, 0xD8, 0x35, 0xD9, 0xF5, 0x37,
    0x70, 0xCF, 0xF7, 0xDF, 0x8E, 0x7D, 0x45, 0x7E, 0xFC, 0x5A, 0xF3, 0x7D, 0x3F, 0xD8, 0xF4, 0x7A,
    0xF3, 0x6E, 0x57, 0x3C, 0x1E, 0x8A, 0x2F, 0x86, 0xFC, 0x5E, 0xFB, 0xDA, 0xC0, 0xEA, 0xF2, 0xC0,
    0xEE, 0x3C, 0x50, 0x4B, 0x9E, 0x35, 0x96, 0x56, 0x65, 0xF8, 0xAB, 0x61, 0x00, 0xBD, 0x72, 0x14,
    0x79, 0xF9, 0xF0, 0xE1, 0x75, 0xC5, 0x87, 0x55, 0x34, 0x8B, 0xA4, 0x28, 0x0A, 0xA9, 0x50, 0x06,
    0x17, 0x7A, 0x03, 0x43, 0x0E, 0xF6, 0x2C, 0xE2, 0xA8, 0x66, 0x32, 0x4A, 0x49, 0x94, 0xAF, 0xC2,
    0x51, 0x91, 0x3B, 0xB1, 0x49, 0x05, 0x8B, 0x19, 0xDF, 0xED, 0x23, 0x4F, 0x7B, 0xF6, 0x4C, 0xEE,
    0x36, 0xC7, 0x31, 0x62, 0x11, 0xA6, 0xF4, 0x8E, 0x90, 0x0E, 0x03, 0x26, 0x61, 0x4D, 0x75, 0xED,
    0xE8, 0xE1, 0x26, 0xD0, 0x56, 0xE2, 0xF6, 0xCB, 0x9D, 0x5D, 0x0F, 0x79, 0x33, 0x61, 0x17, 0x3E,
    0xDA, 0x85, 0xB0, 0x12, 0x14, 0xC7, 0xB3, 0xEB, 0x39, 0x36, 0xBA, 0xEC, 0x85, 0xDB, 0xF7, 0x7B,
    0x61, 0xF5, 0x46, 0x2F, 0xEC, 0x0F, 0x2F, 0xBC, 0xF2, 0x69, 0xAA, 0x76, 0x28, 0x67, 0xE5, 0x24,
    0x12, 0xCD, 0xBE, 0x7D, 0xB7, 0xE5, 0x11, 0x4B, 0x54, 0x4C, 0x52, 0x70, 0xFC, 0x53, 0x3A, 0x3E,
    0xB1, 0xD6, 0xFE, 0x9A, 0xC9, 0x56, 0xC1, 0xE7, 0x98, 0x59, 0xEB, 0xA6, 0xB6, 0x9A, 0xCF, 0x9F,
    0xA3, 0xC6, 0xBF, 0x35, 0xE7, 0x3F, 0xD3, 0x7C, 0x0B, 0xE1, 0x2B, 0xC2, 0xF2, 0x91, 0x09, 0xFD,
    0xC0, 0x21, 0x86, 0x70, 0xA2, 0xD7, 0xAB, 0xC7, 0xDE, 0x51, 0x9B, 0xE8, 0x5C, 0xBC, 0x90, 0xFF,
    0xD3, 0x6C, 0xF4, 0x32, 0x27, 0x93, 0x36, 0x2D, 0xB7, 0x5F, 0x6A, 0xD6, 0x92, 0xFD, 0x59, 0x5F,
    0xD9, 0x07, 0x8B, 0xEB, 0x9B, 0xFE, 0x6A, 0x94, 0x38, 0xD4, 0xF9, 0xB0, 0x2B, 0x84, 0xB5, 0x1E,
    0x35, 0xC8, 0x2F, 0x0D, 0x0D, 0xE3, 0x4C, 0xAD, 0xAF, 0x23, 0x9E, 0x46, 0xFD, 0x4D, 0x7D, 0xD1,
    0x2E, 0x54, 0xD6, 0xC6, 0x3E, 0x52, 0x52, 0xD0, 0xAC, 0x9C, 0x6D, 0x9A, 0x18, 0xF2, 0xEF, 0x5B,
    0x25, 0xBC, 0x6A, 0xB5, 0xE6, 0xF9, 0x7B, 0x23, 0xD8, 0x7A, 0x54, 0xD5, 0xEC, 0xB4, 0x0B, 0xF5,
    0xEA, 0x51, 0xFB, 0xDC, 0x44, 0xA1, 0x3C, 0xF6, 0x1C, 0x35, 0xFE, 0x68, 0xA7, 0x83, 0xE8, 0xB5,
    0x5F, 0x5B, 0x8E, 0x5F, 0x49, 0x90, 0xB0, 0x3E, 0xB4, 0xC6, 0x5F, 0x7F, 0xFC, 0x42, 0x22, 0x2E,
    0x94, 0x8F, 0xE8, 0x50, 0x9D, 0x5A, 0xD4, 0x31, 0xED, 0x5A, 0x8B, 0x4D, 0x5C, 0x94, 0x8B, 0x40,
    0xAE, 0xFA, 0xF5, 0xC7, 0x02, 0x5B, 0x8F, 0x7A, 0x27, 0xDD, 0x30, 0xDC, 0xD0, 0xFB, 0x2E, 0x55,
    0xBD, 0xD8, 0xBC, 0xCA, 0xD7, 0x1C, 0x38, 0xC1, 0x22, 0x14, 0xEC, 0x11, 0x6D, 0x9F, 0xD4, 0xCE,
    0x9E, 0x7B, 0x56, 0x45, 0xD5, 0x59, 0xA2, 0x62, 0x72, 0xC6, 0x37, 0x94, 0xE9, 0xD2, 0x21, 0x36,
    0xAB, 0x10, 0x23, 0x20, 0xFC, 0xE1, 0xC3, 0x11, 0xBF, 0x97, 0x15, 0x40, 0x55, 0x48, 0x92, 0x05,
    0xE6, 0x6E, 0x06, 0x4E, 0x18, 0x55, 0x0D, 0x90, 0xB0, 0x2B, 0xC1, 0x96, 0x73, 0x46, 0x3C, 0x8D,
    0x82, 0x6E, 0x44, 0x84, 0xCD, 0x0A, 0x89, 0xF1, 0xDD, 0x52, 0x96, 0x4C, 0x5B, 0x30, 0xC0, 0x01,
    0x2A, 0x5A, 0x1B, 0x93, 0xA0, 0xA3, 0xC1, 0x32, 0x39, 0x4A, 0x4F, 0x96, 0xF5, 0xA6, 0x60, 0x2E,
    0xF7, 0xF6, 0x95, 0x86, 0x0C, 0xE8, 0x37, 0xC1, 0x76, 0x1B, 0x6E, 0x05, 0xB9, 0xE4, 0x82, 0x3F,
    0xBD, 0x01, 0x78, 0x20, 0x04, 0x2D, 0xB2, 0x07, 0xDF, 0x66, 0x6B, 0xF0, 0xAA, 0xC6, 0xB7, 0x9B,
    0xAE, 0x8C, 0x1B, 0xED, 0xF0, 0x56, 0x0F, 0xCD, 0x9D, 0xB5, 0x1E, 0xD4, 0x43, 0xE2, 0xE7, 0x72,
    0x85, 0x4C, 0xC4, 0xF1, 0x5E, 0xF9, 0x42, 0x99, 0xFB, 0x3F, 0x26, 0x6D, 0xB5, 0x65, 0xDC, 0x2F,
    0xD3, 0x6F, 0x63, 0xF4, 0x23, 0xFB, 0x8B, 0xB9, 0x7C, 0xF6, 0xF5, 0x52, 0x3D, 0x7C, 0xBA, 0x36,
    0x17, 0x4F, 0x56, 0xED, 0x10, 0x25, 0x95, 0x2B, 0x37, 0x6C, 0x5A, 0x81, 0x32, 0xBC, 0xBA, 0x12,
    0x02, 0x05, 0x79, 0x83, 0x30, 0xDB, 0xBC, 0xA3, 0x87, 0x11, 0x1A, 0x92, 0x16, 0x06, 0x96, 0x60,
    0x27, 0x2B, 0xDF, 0xBA, 0xD5, 0x49, 0x87, 0xFE, 0x9A, 0x7A, 0xAD, 0xDD, 0x2B, 0xC3, 0x5C, 0xAC,
    0x41, 0x5C, 0xDD, 0x5D, 0xFA, 0x6A, 0xF0, 0xF7, 0xE3, 0xED, 0x6A, 0x94, 0x9F, 0x6E, 0xC2, 0x40,
    0xC7, 0x8B, 0xDB, 0x8D, 0x0A, 0x07, 0x9B, 0x72, 0xF1, 0x33, 0x15, 0x31, 0x7F, 0xC1, 0xB1, 0xD6,
    0x33, 0xB6, 0x26, 0x0F, 0x23, 0xEA, 0x9B, 0x81, 0xA5, 0x1E, 0xF6, 0x7D, 0x69, 0xAE, 0x6F, 0xDB,
    0xEA, 0xDF, 0xFF, 0x6A, 0x59, 0xFD, 0xD5, 0xA7, 0x82, 0xFA, 0xC1, 0xBC, 0x05, 0x7F, 0x11, 0xC5,
    0x29, 0x6B, 0x27, 0xBD, 0xA3, 0xAC, 0x1D, 0xBD, 0x71, 0xBC, 0x4B, 0x13, 0x85, 0x36, 0xFD, 0x20,
    0xEC, 0x4D, 0x90, 0xD9, 0x26, 0xAC, 0x78, 0x1D, 0x65, 0xCA, 0x81, 0xFB, 0x6B, 0xF7, 0x49, 0x0E,
    0xFE, 0x9E, 0x7A, 0x2E, 0xE4, 0x97, 0x6C, 0x60, 0x31, 0x87, 0x0F, 0x22, 0x3E, 0xC1, 0xE1, 0xDA,
    0x68, 0x42, 0x59, 0x8F, 0xC0, 0xE5, 0x78, 0x59, 0x40, 0x80, 0xB1, 0x50, 0x7D, 0x7D, 0xD1, 0x7C,
    0x77, 0xE5, 0x57, 0xAA, 0x60, 0x58, 0x49, 0xD0, 0x5B, 0xD4, 0x42, 0x82, 0xFC, 0xE9, 0xB7, 0x2A,
    0x62, 0x0F, 0xBF, 0x92, 0x73, 0x5D, 0x3C, 0x59, 0xA4, 0xFC, 0x27, 0x4A, 0x06, 0x1F, 0x92, 0x09,
    0xFA, 0xC2, 0x98, 0xC7, 0x4A, 0xE3, 0xB2, 0x73, 0xE7, 0x32, 0x36, 0x57, 0x1B, 0x1A, 0xC6, 0x5B,
    0xD9, 0x8E, 0x36, 0x23, 0xB1, 0x14, 0xFA, 0x0E, 0x55, 0xB3, 0x5A, 0xDA, 0x09, 0x21, 0x23, 0x41,
    0x22, 0x6D, 0x7F, 0xF2, 0x9F, 0x11, 0x97, 0x95, 0x2A, 0xE4, 0xB3, 0x5B, 0x73, 0x21, 0x66, 0xF5,
    0xFB, 0xD7, 0x85, 0xD6, 0xD2, 0xE6, 0xE1, 0xC6, 0xE2, 0x24, 0x96, 0xE7, 0x72, 0x33, 0x86, 0xF7,
    0x17, 0x05, 0xF4, 0xD8, 0xE7, 0x2B, 0x12, 0x6A, 0x96, 0x7C, 0x16, 0x76, 0x79, 0x6C, 0x8C, 0x53,
    0xFF, 0xEA, 0x8E, 0xEA, 0xFA, 0x54, 0x5C, 0xA4, 0xBA, 0x33, 0x9C, 0x6B, 0x10, 0x99, 0xFD, 0xCE,
    0xB6, 0x6B, 0xC6, 0x1B, 0x4F, 0x17, 0x4D, 0xF1, 0xC1, 0xD3, 0x79, 0x55, 0x7E, 0x78, 0x00, 0xD6,
    0x17, 0x51, 0xEC, 0xF9, 0x0F, 0x84, 0xAE, 0x18, 0x7E, 0xEB, 0xF2, 0xFF, 0x16, 0x8F, 0x52, 0x2A,
    0xD9, 0xF8, 0x9A, 0x06, 0x12, 0x5C, 0xFF, 0x2E, 0x91, 0xDE, 0xE5, 0xFC, 0x1D, 0xA2, 0xB6, 0xBE,
    0xA7, 0xA9, 0x34, 0xB5, 0x27, 0x20, 0x30, 0x40, 0x4D, 0x89, 0x9E, 0x13, 0x55, 0x52, 0x5C, 0x4F,
    0xA7, 0x3C, 0xC0, 0x55, 0xAF, 0xBC, 0x90, 0xCE, 0xD0, 0x44, 0x36, 0xBB, 0x40, 0x2F, 0x2B, 0xE2,
    0xE3, 0xDE, 0x71, 0x0A, 0xDC, 0xBB, 0x12, 0x46, 0x6B, 0xBD, 0x27, 0x42, 0xE9, 0xE1, 0xD6, 0xEC,
    0xDE, 0x95, 0xA9, 0xC8, 0xAC, 0xEF, 0xF4, 0x62, 0x1F, 0x03, 0x19, 0x31, 0x3C, 0x12, 0xD9, 0x5C,
    0xC5, 0xD7, 0x40, 0x3C, 0x35, 0xF6, 0x69, 0xEA, 0xE5, 0x9C, 0xC8, 0xC4, 0x12, 0xD9, 0x40, 0xC4,
    0x87, 0xED, 0x58, 0x2F, 0x24, 0x5F, 0xCA, 0x53, 0xDB, 0x5D, 0x31, 0x1C, 0x1C, 0x67, 0x8F, 0x7D,
    0xB6, 0x92, 0x45, 0x4F, 0xC2, 0x56, 0x95, 0x45, 0xB8, 0xC9, 0x27, 0xFC, 0x2F, 0x29, 0xE7, 0x6A,
    0x77, 0x1B, 0x1A, 0xA9, 0x43, 0x7B, 0x48, 0x8C, 0x0A, 0x53, 0xFF, 0x71, 0x20, 0x4C, 0x80, 0x23,
    0x58, 0x83, 0x6F, 0xDE, 0xC2, 0x91, 0x45, 0x62, 0xE0, 0x64, 0xA0, 0xA7, 0x31, 0xD8, 0xE9, 0xFC,
    0xB7, 0x32, 0xB2, 0x41, 0x8C, 0xFE, 0x3A, 0x70, 0x43, 0xE9, 0x50, 0x26, 0xAD, 0x65, 0xD0, 0x59,
    0x7C, 0x15, 0x51, 0xE5, 0xFB, 0xF7, 0x4F, 0x0C, 0xA7, 0xDE, 0x60, 0x22, 0x2A, 0x11, 0xEE, 0xED,
    0xE5, 0xD9, 0xDB, 0x34, 0xBB, 0x40, 0x94, 0xFA, 0x06, 0xCF, 0xBE, 0x92, 0x61, 0xF9, 0x7E, 0x52,
    0xCE, 0xA2, 0x9F, 0xA8, 0x27, 0xBD, 0x44, 0xBB, 0x75, 0x3E, 0x95, 0x4F, 0xD0, 0x63, 0x0D, 0xC1,
    0xCB, 0x9F, 0x9B, 0xBA, 0xEF, 0xFA, 0xB9, 0x29, 0x70, 0xFC, 0xB8, 0xA2, 0x08, 0x29, 0x9D, 0x22,
    0xE6, 0x99, 0xA0, 0xEB, 0xF5, 0x86, 0x89, 0x76, 0x8A, 0x24, 0x53, 0xBD, 0x4F, 0xFA, 0x4F, 0x1E,
    0x71, 0x45, 0xFC, 0xF6, 0x1A, 0xDE, 0x6B, 0x64, 0xAF, 0x91, 0x41, 0x23, 0x03, 0xED, 0x0E, 0x45,
    0xCB, 0xED, 0xA8, 0x59, 0xE5, 0x09, 0x17, 0xA4, 0x40, 0x4D, 0xDA, 0xD8, 0x0E, 0xAE, 0xE9, 0x3B,
    0x11, 0xE5, 0x89, 0x1C, 0x2A, 0x5A, 0x52, 0xAF, 0x87, 0xE1, 0x34, 0x6A, 0x0A, 0x4A, 0x2D, 0x81,
    0xFC, 0x95, 0xAF, 0x1A, 0x37, 0x6B, 0x5C, 0x24, 0x0A, 0x5C, 0x13, 0x86, 0x37, 0x8E, 0x6B, 0xEE,
    0x4F, 0x8A, 0x66, 0x45, 0xEE, 0x7F, 0x49, 0x27, 0xFF, 0xD7, 0xCC, 0xF5, 0x03, 0x69, 0x4E, 0x64,
    0xF7, 0x27, 0x89, 0xF3, 0x67, 0x9F, 0x8A, 0x13, 0xE5, 0xC0, 0x57, 0x36, 0x76, 0xE9, 0x42, 0x57,
    0xF9, 0x6E, 0xE5, 0x80, 0xE0, 0xEC, 0xF2, 0x6E, 0x6B, 0xA1, 0x5C, 0x04, 0x1B, 0x40, 0xC0, 0xC5,
    0x97, 0x3A, 0x32, 0x0E, 0x08, 0x08, 0xF6, 0xDC, 0x82, 0x0B, 0x2E, 0xD8, 0x80, 0xC9, 0x03, 0x9B,
    0xC0, 0x81, 0x23, 0x1F, 0x21, 0x55, 0x06, 0x5A, 0x07, 0x01, 0x01, 0xC1, 0x0A, 0x70, 0x76, 0xC1,
    0x68, 0x0B, 0x57, 0xD9, 0x75, 0x04, 0xDB, 0xB0, 0x3A, 0xA3, 0x65, 0xD5, 0x7A, 0xEE, 0x5F, 0xBF,
    0xD6, 0x8C, 0xF4, 0x7D, 0xB3, 0x2C, 0xBB, 0x0C, 0x73, 0xA7, 0xDA, 0x7E, 0x5D, 0x3B, 0x33, 0x6A,
    0xBD, 0x7E, 0xDD, 0xEA, 0xF7, 0xEF, 0xF7, 0x64, 0xDF, 0x24, 0x5C, 0xE7, 0xC5, 0x93, 0x06, 0xC2,
    0xE8, 0xB9, 0xD6, 0x8F, 0xDF, 0x51, 0xF6, 0x2B, 0x6C, 0x87, 0x47, 0xE7, 0x53, 0x56, 0x8E, 0xC2,
    0xE2, 0xA1, 0xC3, 0xFA, 0xA1, 0xC7, 0x12, 0xA2, 0x47, 0xD2, 0x70, 0x67, 0x53, 0x57, 0x5A, 0xD2,
    0xCF, 0x0E, 0x21, 0xC4, 0xAC, 0x9F, 0x19, 0x72, 0xAB, 0x5A, 0xF4, 0x88, 0x27, 0x7B, 0xD1, 0x8F,
    0x30, 0x2B, 0xC9, 0x3C, 0x3D, 0x22, 0xCC, 0x44, 0x9C, 0x4E, 0x26, 0x64, 0x12, 0x93, 0x09, 0xAB,
    0x9B, 0xB9, 0xC4, 0x4D, 0x92, 0x4F, 0x9C, 0xFD, 0xFC, 0x10, 0x6A, 0xE6, 0xB8, 0xCC, 0xDC, 0xCB,
    0x4A, 0x9B, 0x56, 0x16, 0x1B, 0xBA, 0x12, 0x17, 0x4B, 0x97, 0x38, 0xE9, 0xFD, 0x9D, 0xC2, 0x9A,
    0x8D, 0x7D, 0x27, 0xFD, 0x0C, 0xAA, 0x7B, 0xF8, 0x7C, 0x70, 0x35, 0x47, 0x78, 0xB9, 0x8C, 0x6C,
    0x61, 0xD5, 0x9B, 0xA7, 0xB1, 0xB7, 0x5B, 0x7D, 0x15, 0xBB, 0xBB, 0x56, 0xAF, 0x4C, 0x78, 0x11,
    0x75, 0x3D, 0xA9, 0x86, 0xD1, 0x99, 0xB0, 0xF9, 0x9C, 0x0B, 0x5B, 0xE7, 0x9D, 0x29, 0xEC, 0x1E,
    0x23, 0xE7, 0x82, 0xB6, 0x61, 0x0F, 0xE9, 0x0E, 0xDB, 0x48, 0xCC, 0x37, 0x6C, 0x74, 0xE1, 0x6B,
    0x9D, 0xE6, 0xE0, 0x51, 0xBA, 0x3E, 0x74, 0x73, 0x0D, 0x7A, 0x19, 0x6C, 0x61, 0xEB, 0x06, 0x90,
    0x15, 0x44, 0x29, 0xE8, 0x12, 0xF7, 0x33, 0x6E, 0x4A, 0x1B, 0x02, 0x22, 0x12, 0x3D, 0x47, 0xCC,
    0x80, 0x82, 0xD4, 0xD4, 0x09, 0xD1, 0x8D, 0x27, 0x5C, 0xAB, 0x36, 0x65, 0x52, 0xFF, 0x73, 0xEC,
    0x20, 0x23, 0xF8, 0x48, 0x0C, 0xF8, 0x01, 0x06, 0x2D, 0xF1, 0x3E, 0xE4, 0x0D, 0x24, 0x02, 0x81,
    0x09, 0x02, 0x25, 0x00, 0xA5, 0x3E, 0xFD, 0x65, 0xA7, 0xA1, 0x2D, 0x6B, 0xA4, 0xCE, 0x97, 0x86,
    0x0C, 0xBA, 0x6A, 0xCD, 0x7F, 0x20, 0x27, 0xC1, 0xB0, 0xAE, 0xC5, 0xB8, 0xFD, 0xBB, 0x53, 0x7E,
    0x33, 0x76, 0x18, 0xEC, 0xEF, 0xDF, 0xA6, 0x13, 0x2C, 0x64, 0x11, 0xE8, 0xE3, 0x81, 0x3E, 0x45,
    0xCB, 0xF5, 0xA4, 0xC3, 0xAD, 0x86, 0x33, 0xB6, 0x19, 0x9C, 0xBD, 0x71, 0x37, 0x3D, 0x96, 0x84,
    0xB4, 0x03, 0xA5, 0x21, 0x68, 0x9C, 0xCC, 0xAA, 0x5D, 0xD1, 0xC6, 0x53, 0xA7, 0xEB, 0xEF, 0xBE,
    0x9E, 0x7A, 0x8A, 0x44, 0x9D, 0xAE, 0xE1, 0xC9, 0xE8, 0x1A, 0x71, 0x37, 0x08, 0xA0, 0xB4, 0xAA,
    0xD7, 0xAD, 0x6E, 0xCB, 0xA8, 0xF9, 0xEF, 0x81, 0x13, 0xD3, 0x98, 0x10, 0x8F, 0x6A, 0x16, 0x28,
    0x8F, 0x45, 0x78, 0xFC, 0x23, 0x00, 0x29, 0x31, 0x61, 0x4A, 0x40, 0x32, 0xFC, 0xF6, 0x3B, 0x0B,
    0x63, 0xA6, 0xD3, 0x5D, 0xC6, 0x3D, 0xB4, 0x7B, 0xCB, 0x38, 0x36, 0x53, 0x87, 0x87, 0xCF, 0x1A,
    0x53, 0x34, 0xF4, 0x13, 0x72, 0x4C, 0x73, 0xE2, 0xFC, 0xBF, 0x74, 0xE2, 0x64, 0xCA, 0x26, 0x7E,
    0xC6, 0x15, 0x83, 0x86, 0x36, 0x52, 0x8C, 0x13, 0x7C, 0xDC, 0x39, 0x92, 0xAC, 0x33, 0x68, 0xE7,
    0xE9, 0xAD, 0xF7, 0xD6, 0x30, 0xA9, 0x8B, 0x35, 0xAC, 0xC3, 0x31, 0x07, 0x3A, 0x83, 0x3E, 0xFE,
    0x43, 0x3C, 0xFF, 0x31, 0x5A, 0xAE, 0xF3, 0x37, 0xBB, 0x0F, 0x93, 0xE5, 0xF9, 0x08, 0x5E, 0xA0,
    0xE0, 0xF6, 0xFC, 0xDA, 0xD8, 0x34, 0x5A, 0x48, 0x96, 0x3F, 0x16, 0x9C, 0xC3, 0x1C, 0xDB, 0xCA,
    0xAC, 0xE3, 0x44, 0x76, 0x9B, 0xFD, 0xD6, 0x63, 0x16, 0x9C, 0xFE, 0xCA, 0x3E, 0xA1, 0xDA, 0xE8,
    0x6D, 0xF3, 0xF2, 0xCF, 0x34, 0xA4, 0x61, 0xBA, 0x53, 0x8E, 0x2C, 0xC1, 0x3E, 0xB4, 0x92, 0xE8,
    0x0F, 0x7D, 0xFB, 0x11, 0xD1, 0x91, 0xDF, 0xB3, 0x0E, 0xA8, 0xC5, 0x3E, 0x3A, 0xE3, 0x9E, 0x93,
    0x22, 0x6F, 0x5E, 0xF2, 0xBF, 0xD2, 0xD7, 0xA1, 0xF0, 0xE5, 0x30, 0xC8, 0x8E, 0x3B, 0xCA, 0x5F,
    0x69, 0xC3, 0x1E, 0xFE, 0x23, 0x8A, 0x57, 0xD2, 0x2B, 0xB6, 0x86, 0x3B, 0x39, 0x82, 0x13, 0xD3,
    0x18, 0xEE, 0x0C, 0xF7, 0xF3, 0x33, 0x7D, 0xE5, 0xB9, 0x79, 0x8B, 0x2E, 0x53, 0xEE, 0xB7, 0xBE,
    0xAA, 0x8B, 0xFA, 0x52, 0x88, 0x04, 0xED, 0xEE, 0xC2, 0x34, 0x50, 0x3C, 0x5E, 0xF9, 0x03, 0xFC,
    0xB7, 0xAA, 0x97, 0x8D, 0x26, 0x7D, 0xF7, 0x86, 0xF4, 0xF5, 0x13, 0x9B, 0x3D, 0x12, 0x15, 0x24,
    0x63, 0xC2, 0x96, 0xD2, 0xA6, 0x23, 0x7A, 0xFD, 0x29, 0x7A, 0xD0, 0x25, 0x4A, 0xFC, 0x1D, 0xF1,
    0x19, 0x53, 0x6E, 0xFF, 0xFA, 0xCF, 0xB1, 0xC1, 0xEB, 0x96, 0x1E, 0x74, 0xFD, 0xA3, 0xBC, 0x26,
    0xF7, 0x7D, 0xDE, 0x83, 0xF9, 0xFE, 0x9E, 0x74, 0x7F, 0x01, 0x12, 0xCF, 0x84, 0x1F, 0x48, 0xF7,
    0x12, 0xBD, 0x4C, 0x49, 0xF8, 0x11, 0x06, 0xB9, 0x24, 0xB6, 0x56, 0x01, 0x41, 0x42, 0xAA, 0xF7,
    0xBD, 0x9E, 0x07, 0xF9, 0x8E, 0x3C, 0x6F, 0x37, 0x94, 0xA1, 0x9B, 0x97, 0x9F, 0x7E, 0xD5, 0x95,
    0xF8, 0xF6, 0x86, 0x4C, 0x67, 0x90, 0x3D, 0xF6, 0x32, 0xA5, 0xFF, 0xED, 0x1F, 0xFC, 0x43, 0xE1,
    0xEC, 0x71, 0xE9, 0xD6, 0x27, 0xD2, 0x3F, 0x09, 0xF4, 0x61, 0x67, 0x3D, 0xC9, 0x7B, 0x42, 0x1E,
    0x9F, 0x92, 0x70, 0x44, 0xBE, 0x08, 0x49, 0x8A, 0x50, 0x8B, 0x09, 0x4E, 0xC7, 0x48, 0x8E, 0xF4,
    0x90, 0x4C, 0xC4, 0x43, 0x3A, 0x65, 0x6C, 0xD3, 0x31, 0xF7, 0x39, 0xC7, 0xA1, 0xF8, 0x75, 0x9F,
    0x0D, 0xEA, 0xB5, 0x6E, 0x67, 0x4D, 0xD1, 0xE6, 0x9F, 0xB9, 0xB2, 0x2D, 0x3E, 0xF1, 0xA3, 0x14,
    0xC7, 0x80, 0x02, 0xDC, 0x6E, 0x55, 0x5D, 0x72, 0xAD, 0xA0, 0x2C, 0xF5, 0x0B, 0x6A, 0x22, 0xE3,
    0xD4, 0x40, 0x3C, 0xA9, 0x9E, 0x78, 0x58, 0x2C, 0xB0, 0xE2, 0xD4, 0xBB, 0x0F, 0xB1, 0x72, 0x1F,
    0xD9, 0x48, 0x5E, 0xCF, 0x86, 0xCC, 0xC2, 0x39, 0x5C, 0xC2, 0xB1, 0xB8, 0xB6, 0xE9, 0x91, 0x4A,
    0x52, 0x32, 0x9B, 0x30, 0x09, 0x23, 0x48, 0x4C, 0x06, 0x4E, 0x3E, 0xCE, 0x25, 0xC7, 0xFE, 0x0E,
    0xEE, 0x24, 0xCE, 0x51, 0xE1, 0xFD, 0x5B, 0xB2, 0xD1, 0x9B, 0xD0, 0x8C, 0x84, 0x4B, 0x06, 0x4A,
    0xB7, 0xC9, 0xE9, 0xE8, 0x24, 0x6B, 0xDF, 0xAA, 0x4E, 0x9E, 0xAB, 0x36, 0x4E, 0xB2, 0xE2, 0x23,
    0x4A, 0xFE, 0x3D, 0xBE, 0x65, 0xDF, 0x77, 0xCF, 0x2B, 0xB6, 0x9A, 0x2D, 0x22, 0x64, 0x3D, 0x26,
    0x15, 0xC3, 0x63, 0xB7, 0x7B, 0xC5, 0x93, 0xE2, 0x59, 0x5F, 0x65, 0x43, 0xB3, 0xB9, 0x3A, 0x6B,
    0xFC, 0xD7, 0xEE, 0x96, 0x8C, 0xBE, 0xA4, 0x72, 0x04, 0xCE, 0x98, 0x38, 0xB4, 0x6C, 0xFA, 0x63,
    0x97, 0x8D, 0xF7, 0xA6, 0xDD, 0x60, 0xC6, 0x1C, 0x08, 0x5F, 0xF0, 0x01, 0x05, 0xD5, 0xE7, 0xF5,
    0x99, 0x30, 0xC4, 0xA9, 0x6A, 0x62, 0x4A, 0x68, 0x48, 0x78, 0x37, 0xA6, 0x2E, 0xC2, 0x7D, 0x80,
    0x4E, 0x18, 0x7C, 0x42, 0xC8, 0xDE, 0xB0, 0xF9, 0x1D, 0x3F, 0xCE, 0x5D, 0xEE, 0x62, 0x4A, 0x88,
    0xCA, 0xF7, 0xB9, 0xF6, 0xAB, 0xE4, 0xE5, 0x97, 0x1C, 0xA6, 0x84, 0x28, 0x59, 0x03, 0x22, 0x87,
    0xFB, 0xC2, 0x25, 0xA7, 0x83, 0xE0, 0xB6, 0xB4, 0xFE, 0x10, 0x2E, 0x89, 0x06, 0x1C, 0xAD, 0xFC,
    0x54, 0x38, 0x47, 0xF0, 0x4D, 0xDA, 0x7C, 0x00, 0xFB, 0x41, 0x3B, 0x9C, 0xAB, 0xF0, 0xB9, 0xCF,
    0x4F, 0xB2, 0xC7, 0x8F, 0x82, 0xDF, 0x11, 0x5A, 0xFF, 0xD5, 0xFC, 0x40, 0x4D, 0x09, 0xFC, 0xAA,
    0x59, 0xCF, 0xAB, 0x92, 0x78, 0xB7, 0x6F, 0xDD, 0x21, 0x0C, 0xB4, 0xFD, 0x1A, 0xE8, 0x7E, 0x31,
    0x36, 0x9A, 0x90, 0x3E, 0xEC, 0x2B, 0x04, 0xF6, 0x02, 0x32, 0xBB, 0x6A, 0x77, 0xA3, 0x42, 0x6B,
    0x76, 0x83, 0xAA, 0x97, 0x91, 0xAB, 0x3E, 0xA1, 0x10, 0x88, 0xAC, 0x61, 0x44, 0xA4, 0x12, 0x6E,
    0xA9, 0xCF, 0x94, 0x0B, 0x77, 0x92, 0x3C, 0x80, 0x3F, 0xF1, 0x2B, 0xE0, 0xDC, 0x10, 0xFE, 0xF0,
    0xAD, 0x66, 0xD2, 0xAB, 0x58, 0xE9, 0x63, 0xBB, 0x29, 0xEC, 0xE7, 0x02, 0xFC, 0xCF, 0x84, 0xC9,
    0x46, 0x7B, 0x09, 0x89, 0x48, 0x60, 0x16, 0xAE, 0xCE, 0x98, 0x91, 0xCE, 0x26, 0x0C, 0x6E, 0x30,
    0x76, 0x36, 0x70, 0xD5, 0x61, 0x1A, 0xB3, 0x0E, 0x26, 0xC7, 0x8C, 0xFB, 0xE0, 0x2D, 0x7A, 0x9A,
    0x49, 0x97, 0x7F, 0xF1, 0x25, 0xBA, 0xF2, 0x93, 0x31, 0x8C, 0xF9, 0x7E, 0x48, 0x60, 0xF3, 0x0E,
    0xF1, 0x95, 0xCC, 0x05, 0x3B, 0x16, 0x39, 0xCC, 0xCA, 0x51, 0x89, 0x19, 0x4F, 0x88, 0xCF, 0xA0,
    0x3B, 0xC4, 0xB3, 0x60, 0x4E, 0xCB, 0xCB, 0x8F, 0x99, 0x21, 0xC7, 0xA1, 0x81, 0x66, 0x93, 0x2C,
    0xFA, 0x8E, 0xDB, 0x19, 0x6F, 0x07, 0x12, 0x70, 0x50, 0x81, 0x1F, 0xBA, 0xAA, 0x95, 0x64, 0x7A,
    0x23, 0xE9, 0xF3, 0x5A, 0x3A, 0x30, 0xF1, 0xE9, 0x97, 0x2C, 0x59, 0x74, 0x0D, 0x5E, 0xAE, 0x49,
    0x16, 0xDD, 0xF3, 0xC2, 0x92, 0x45, 0x9F, 0x49, 0xF9, 0x2C, 0x7A, 0x1E, 0xAD, 0x5F, 0x61, 0x22,
    0x91, 0x2E, 0x5D, 0xB3, 0x84, 0x4D, 0x2E, 0xD7, 0x16, 0x83, 0xDA, 0xAC, 0x31, 0xA8, 0xD5, 0x16,
    0x83, 0x9A, 0x6C, 0x31, 0xA8, 0xFF, 0xB6, 0xC2, 0xA0, 0xFE, 0x15, 0x1F, 0x89, 0x05, 0x5B, 0x49,
    0xDB, 0x71, 0x6C, 0x23, 0x3D, 0x44, 0x3E, 0x9F, 0xDE, 0x0A, 0x83, 0x5C, 0x81, 0xCF, 0x5C, 0x4C,
    0xF0, 0x1F, 0xC8, 0xC0, 0x62, 0xE0, 0x70, 0x63, 0x06, 0xEC, 0x4A, 0x08, 0x4A, 0x54, 0xBD, 0x27,
    0xBA, 0xF5, 0x77, 0x03, 0xA3, 0x7B, 0x6F, 0xC2, 0xB3, 0xB0, 0x6B, 0x40, 0x8A, 0x2F, 0x46, 0x4F,
    0x3E, 0x99, 0x3C, 0x41, 0x20, 0x20, 0x40, 0x41, 0xAB, 0x96, 0x83, 0x9D, 0x1C, 0xB0, 0x6C, 0xB0,
    0x7F, 0xAA, 0x2D, 0xAA, 0x2B, 0x9B, 0x16, 0xB9, 0xEC, 0x30, 0x3C, 0xD0, 0x26, 0x85, 0xCD, 0xB0,
    0x73, 0x07, 0xAE, 0xF3, 0xCF, 0x67, 0x0C, 0x8A, 0xF0, 0xB2, 0x6F, 0x3D, 0x95, 0xC7, 0x96, 0x2A,
    0x84, 0x97, 0xDF, 0x9B, 0x48, 0xF9, 0x9C, 0xBB, 0xAA, 0xD9, 0x6A, 0x32, 0x56, 0xB2, 0x42, 0x45,
    0x3C, 0x7B, 0x4B, 0x39, 0x7F, 0x0D, 0xA9, 0x2E, 0x82, 0x58, 0x2F, 0xC3, 0x40, 0x51, 0x23, 0xAC,
    0x4C, 0xBB, 0x66, 0xFF, 0x4B, 0x77, 0xC2, 0x3E, 0xC4, 0x7E, 0x67, 0x04, 0x99, 0x30, 0x07, 0xB0,
    0xFF, 0x31, 0x03, 0x9A, 0x82, 0xB2, 0x8D, 0x0F, 0x04, 0xC4, 0xDA, 0x09, 0xEA, 0x31, 0x0B, 0xB5,
    0x0A, 0x65, 0xBF, 0xBB, 0xC3, 0xAD, 0x3F, 0xE9, 0x3C, 0x87, 0x8E, 0x8A, 0x4F, 0x47, 0x2A, 0x6F,
    0xDB, 0x80, 0x6E, 0x51, 0xC7, 0xBD, 0x6F, 0x96, 0xD4, 0x2F, 0x47, 0xD2, 0x7A, 0x22, 0xF3, 0x37,
    0x33, 0xC4, 0xB8, 0x12, 0x68, 0xC1, 0x1F, 0x3B, 0x4F, 0x3E, 0xC0, 0xCC, 0x8E, 0x21, 0x50, 0x75,
    0xC8, 0x11, 0xC8, 0x8A, 0xA3, 0x5B, 0xA7, 0x02, 0x35, 0x41, 0xA0, 0xE0, 0x48, 0x75, 0x60, 0xAB,
    0x5F, 0xE9, 0x17, 0x0C, 0x3B, 0x79, 0x17, 0xE8, 0x05, 0x91, 0xE5, 0xB4, 0x95, 0x65, 0x7E, 0x5F,
    0x59, 0xCE, 0xF1, 0xBD, 0x36, 0x8D, 0x66, 0x60, 0x66, 0x98, 0xE0, 0xA7, 0x03, 0xE5, 0x37, 0xE7,
    0x48, 0x4B, 0x96, 0x76, 0xCD, 0xE5, 0xEC, 0x24, 0xB8, 0x4B, 0xBB, 0x7B, 0x9E, 0xE4, 0x81, 0xC1,
    0xCF, 0x23, 0x02, 0x18, 0xA4, 0xF6, 0xAC, 0x9E, 0x22, 0x80, 0xAB, 0x1E, 0x5C, 0x06, 0xD9, 0x00,
    0x9E, 0x87, 0x73, 0x84, 0x7F, 0x0E, 0x9C, 0xD1, 0xB5, 0x91, 0x48, 0xFF, 0x14, 0xEC, 0xC3, 0x34,
    0x65, 0x26, 0x21, 0x89, 0xF3, 0x33, 0x4C, 0xFC, 0xD3, 0xF0, 0xC8, 0x8E, 0x32, 0x28, 0x66, 0x81,
    0x71, 0x23, 0xA8, 0x27, 0x80, 0x7F, 0xB8, 0x49, 0xB0, 0x13, 0x56, 0xE0, 0x5B, 0x90, 0x5A, 0x10,
    0xB8, 0x11, 0x7C, 0xCB, 0x0B, 0xF8, 0x36, 0x89, 0xE0, 0xDB, 0xA2, 0xCB, 0xD6, 0x08, 0x5C, 0x2F,
    0x18, 0xB6, 0x08, 0xE9, 0xF6, 0x88, 0x20, 0xEF, 0xA5, 0xD3, 0x41, 0x62, 0x2C, 0x66, 0xC1, 0xB3,
    0x66, 0x28, 0x51, 0x01, 0xDA, 0x0D, 0x58, 0x37, 0x66, 0xB4, 0xDE, 0xB7, 0x75, 0x1E, 0x00, 0x06,
    0x82, 0x53, 0xB5, 0x9E, 0x74, 0x6D, 0x36, 0x6A, 0x4D, 0xA2, 0xFD, 0x52, 0xAF, 0xC0, 0x1D, 0xF8,
    0x47, 0xDC, 0x0F, 0x32, 0x59, 0x43, 0xEC, 0x41, 0x6B, 0xC2, 0x24, 0x48, 0x5C, 0x50, 0x99, 0x86,
    0xCC, 0x43, 0x26, 0x22, 0x33, 0x91, 0xA9, 0xC8, 0x5C, 0x64, 0x32, 0x02, 0x56, 0x15, 0x2C, 0x31,
    0x29, 0x01, 0x5B, 0x87, 0x54, 0x6E, 0x20, 0x63, 0xC6, 0x81, 0x79, 0x02, 0xF7, 0x04, 0xE6, 0x41,
    0x22, 0x3A, 0xAC, 0x6C, 0x11, 0x99, 0x00, 0x89, 0x70, 0xED, 0x80, 0xC8, 0x80, 0x6B, 0x5B, 0x6B,
    0xC1, 0xDC, 0x63, 0x79, 0x16, 0x8A, 0x72, 0x21, 0xE1, 0xF5, 0xA0, 0x68, 0x08, 0x70, 0x4F, 0xE0,
    0x3D, 0x79, 0xAE, 0x73, 0x9B, 0x40, 0x3A, 0x16, 0x80, 0x6F, 0x78, 0x92, 0xF9, 0xE4, 0xE9, 0x98,
    0x3A, 0xA8, 0xA6, 0x64, 0xAE, 0xDA, 0x9D, 0x05, 0x78, 0x36, 0x07, 0x6D, 0x0A, 0xD0, 0x5A, 0xD0,
    0x81, 0xCB, 0xF1, 0x8D, 0x95, 0xA6, 0xBA, 0xB2, 0x51, 0x71, 0x82, 0xD6, 0xE2, 0x5F, 0x6E, 0x20,
    0xE4, 0xD8, 0x14, 0x79, 0x84, 0x90, 0xC3, 0x62, 0x43, 0x9E, 0x3F, 0xE8, 0x41, 0x1E, 0xFC, 0xAA,
    0x20, 0x33, 0xAE, 0x5E, 0x75, 0x58, 0x95, 0x19, 0x76, 0xDB, 0x1C, 0x9C, 0x30, 0x0D, 0x12, 0x0F,
    0x21, 0x79, 0x5A, 0xF0, 0x9E, 0xD8, 0x82, 0xE0, 0xF0, 0x77, 0x4B, 0x60, 0x0C, 0x73, 0x65, 0x4C,
    0x2C, 0xF8, 0x75, 0x63, 0x3E, 0x50, 0x69, 0xB5, 0xA3, 0xAA, 0x63, 0x46, 0xB8, 0x4F, 0x91, 0x8F,
    0xAD, 0x2A, 0x04, 0x54, 0xB4, 0x27, 0x36, 0x90, 0xD9, 0x93, 0xCF, 0x9C, 0xFF, 0x85, 0x7F, 0x33,
    0xD4, 0x47, 0x12, 0x31, 0x69, 0xB1, 0x8A, 0xB0, 0x02, 0x6F, 0xCB, 0xB1, 0x17, 0xA3, 0x63, 0x7D,
    0xD8, 0x09, 0xD5, 0xAD, 0xB7, 0x49, 0xF9, 0x53, 0x46, 0x3F, 0xC7, 0xAD, 0x29, 0x6F, 0xB6, 0x5C,
    0x3D, 0x17, 0xDB, 0x8B, 0x8D, 0xF9, 0xA9, 0x64, 0x32, 0x50, 0xF8, 0xB1, 0x9B, 0xC1, 0x5B, 0x55,
    0xE3, 0x4C, 0xDF, 0xC0, 0xA4, 0xB7, 0x9E, 0xDF, 0x21, 0x4C, 0x3A, 0xC2, 0xD5, 0xD4, 0xF0, 0xE4,
    0x0A, 0x26, 0x3D, 0x8A, 0x6F, 0x9E, 0x75, 0xBE, 0x01, 0xC2, 0x8D, 0xD6, 0xE2, 0x86, 0x07, 0x79,
    0x7E, 0xAF, 0x1C, 0x69, 0xEE, 0x2A, 0xEE, 0x76, 0x73, 0x0D, 0xBB, 0xFF, 0x3A, 0xB2, 0xAE, 0xE5,
    0x14, 0xFE, 0xF5, 0x07, 0xD0, 0xEB, 0x87, 0x29, 0x93, 0x03, 0xEA, 0x18, 0xE2, 0xAF, 0x78, 0x99,
    0xC0, 0xF6, 0xFE, 0xCC, 0x7A, 0x6B, 0x16, 0x19, 0xA2, 0x0F, 0x82, 0xBA, 0x84, 0x44, 0x5C, 0x31,
    0x55, 0x5D, 0x3E, 0x4A, 0xD9, 0x8D, 0xA7, 0xAD, 0x6F, 0xA7, 0x20, 0x8F, 0x6E, 0x0D, 0xF2, 0x00,
    0x45, 0xD3, 0x16, 0x5B, 0x40, 0x5B, 0x0D, 0xF4, 0xF2, 0x2A, 0x16, 0x5B, 0xB4, 0xA0, 0x65, 0xA0,
    0x55, 0xBB, 0x78, 0xED, 0x88, 0x1F, 0x00, 0x58, 0x85, 0x58, 0x02, 0x53, 0xF5, 0xAE, 0xF3, 0x4A,
    0x61, 0xA4, 0xE2, 0xB6, 0x15, 0x6B, 0x87, 0x9B, 0xA0, 0x68, 0x33, 0x77, 0x1F, 0xEB, 0xB4, 0x97,
    0x66, 0x48, 0x85, 0x28, 0x16, 0x9E, 0x79, 0x18, 0xE3, 0xF3, 0x33, 0xD6, 0x12, 0x2F, 0x2C, 0x63,
    0x8C, 0x0F, 0x2B, 0xBA, 0x5F, 0x3A, 0xA3, 0x56, 0xD6, 0x64, 0x6E, 0x03, 0x58, 0x3F, 0x05, 0x30,
    0x78, 0x37, 0x09, 0x8C, 0x14, 0xDE, 0x8B, 0x9C, 0x99, 0xE4, 0x82, 0xE0, 0xE6, 0x13, 0xC4, 0xF9,
    0x80, 0xC9, 0xF4, 0x20, 0x6D, 0xCC, 0x22, 0x55, 0x20, 0x0A, 0x44, 0x2C, 0xF0, 0x79, 0x21, 0xA8,
    0x8B, 0x01, 0x28, 0x0D, 0x65, 0x19, 0x3B, 0x2F, 0xCB, 0xCC, 0xAA, 0x36, 0x1B, 0x74, 0x9D, 0x0D,
    0x4C, 0xD9, 0x6F, 0x1D, 0xA5, 0x5E, 0x7F, 0xA4, 0xF7, 0x90, 0xDC, 0xE8, 0x43, 0x66, 0x89, 0x04,
    0xE8, 0x7A, 0x5A, 0x19, 0xCA, 0xE3, 0x66, 0x9D, 0x11, 0x1F, 0x1E, 0x4F, 0xC0, 0xE7, 0x2D, 0x32,
    0x15, 0x08, 0x6C, 0x9F, 0x82, 0xCF, 0x07, 0x90, 0x3E, 0x38, 0xD1, 0x1B, 0xF0, 0x39, 0x07, 0xF0,
    0x79, 0x7F, 0x02, 0x3E, 0x1F, 0x00, 0x3E, 0xE7, 0xBE, 0xB4, 0x9E, 0xA8, 0x36, 0xE1, 0xEE, 0xAC,
    0x63, 0x1A, 0x84, 0x52, 0x97, 0xB9, 0x04, 0x3A, 0x0B, 0xF1, 0x14, 0xE8, 0x15, 0x05, 0xFB, 0xC3,
    0x49, 0xE4, 0xB4, 0x1A, 0x82, 0x50, 0x12, 0x86, 0xD4, 0xA0, 0x18, 0x78, 0x52, 0x9D, 0x1E, 0x4D,
    0xA3, 0x96, 0xF3, 0x79, 0xE3, 0x10, 0x68, 0xE6, 0x1B, 0xD6, 0x30, 0x3F, 0x67, 0x99, 0xB9, 0xE8,
    0x37, 0x65, 0x1F, 0xD5, 0x41, 0xD9, 0xC7, 0xA6, 0x8E, 0x02, 0x23, 0x45, 0xCD, 0x23, 0xA8, 0x77,
    0x86, 0x9E, 0xF0, 0xA4, 0xAD, 0x40, 0x0E, 0x39, 0x37, 0xAB, 0x00, 0xAA, 0xE6, 0xFF, 0x9B, 0x0C,
    0xDF, 0x41, 0x13, 0xB4, 0xD0, 0xB0, 0xD2, 0x3B, 0xD1, 0x2D, 0x2D, 0x7A, 0xE5, 0x37, 0xBD, 0x81,
    0x8B, 0x35, 0xE5, 0xFC, 0xDA, 0x98, 0x42, 0x48, 0x9B, 0xCC, 0xB2, 0x98, 0x44, 0xD0, 0x10, 0x55,
    0xBB, 0x86, 0xCC, 0x23, 0x47, 0xE9, 0xEF, 0xC4, 0x62, 0x10, 0x60, 0xF3, 0x1A, 0xAF, 0x6C, 0xC0,
    0x40, 0xE7, 0xB3, 0xDE, 0x7B, 0xF7, 0x78, 0x0A, 0x2D, 0xE1, 0x33, 0x5F, 0xDA, 0x35, 0x62, 0x00,
    0x47, 0x2A, 0x27, 0xB3, 0x54, 0x9D, 0xE6, 0x02, 0xED, 0xD1, 0xF7, 0x46, 0xBC, 0x30, 0xF1, 0xB6,
    0x90, 0x16, 0x69, 0x7C, 0xAB, 0x25, 0xEB, 0xA2, 0x65, 0xD6, 0x52, 0xB5, 0x46, 0x0B, 0x9F, 0x4A,
    0xF8, 0x1C, 0x02, 0x9F, 0xD7, 0x3C, 0x9F, 0x85, 0xE7, 0xF3, 0x7B, 0x9E, 0xCF, 0x7F, 0x31, 0x0B,
    0x9F, 0x6D, 0xE0, 0xF3, 0xC7, 0x9E, 0xCF, 0x97, 0x0C, 0xD1, 0x1B, 0x2C, 0x2D, 0x9E, 0x13, 0x5B,
    0x1C, 0x03, 0x13, 0xFF, 0xD8, 0xF3, 0xF4, 0xB7, 0x33, 0xF1, 0x7F, 0x3A, 0x32, 0x71, 0x9B, 0x96,
    0x30, 0xAB, 0x3C, 0x5F, 0x89, 0xC7, 0x1D, 0x27, 0x37, 0x64, 0x3A, 0x07, 0x55, 0x02, 0xCB, 0x91,
    0xE5, 0x0C, 0x0A, 0x54, 0xC7, 0x1D, 0xE4, 0x7C, 0x37, 0x73, 0x58, 0x52, 0xAC, 0x28, 0x74, 0xDA,
    0x21, 0xCF, 0x85, 0xDD, 0x1F, 0x47, 0xDC, 0x45, 0x53, 0x03, 0x81, 0x11, 0xAA, 0x06, 0xE7, 0xC2,
    0xE6, 0xA3, 0xAC, 0xA3, 0xA0, 0x30, 0x0E, 0x71, 0x04, 0x0A, 0x38, 0x02, 0x0C, 0x24, 0x48, 0x9D,
    0x18, 0x94, 0x46, 0xAA, 0x2B, 0x75, 0xD5, 0xB5, 0x31, 0x71, 0x0A, 0xF5, 0x44, 0x3E, 0x3D, 0xF0,
    0xE4, 0xA4, 0x90, 0x22, 0xAD, 0x3C, 0xE9, 0x72, 0xE6, 0xFF, 0x5D, 0xA7, 0x90, 0x54, 0xBB, 0x90,
    0xCA, 0xA6, 0xB5, 0xA4, 0x3C, 0x33, 0x10, 0xD2, 0x77, 0xD7, 0xF9, 0x99, 0xF9, 0x2F, 0x55, 0xC7,
    0x6F, 0xE9, 0x86, 0xDF, 0xE6, 0x74, 0x36, 0xCC, 0x53, 0x15, 0xB0, 0x6A, 0x5F, 0x82, 0x7B, 0xCC,
    0xE4, 0x79, 0x32, 0x11, 0x95, 0x95, 0x73, 0x7D, 0x0E, 0x1C, 0x75, 0xE0, 0x68, 0xF8, 0xFE, 0x21,
    0x47, 0xAA, 0x3E, 0x7C, 0x17, 0x66, 0xFA, 0xFA, 0xAC, 0xCE, 0xF4, 0x04, 0x99, 0xDF, 0x2C, 0xAC,
    0x36, 0xDB, 0xF7, 0xC0, 0xB7, 0xEF, 0x36, 0xE0, 0x19, 0xDE, 0x94, 0x19, 0x37, 0x95, 0xDE, 0x50,
    0x71, 0x9B, 0x0A, 0x71, 0x89, 0xB1, 0x54, 0x4C, 0x1A, 0x5E, 0x16, 0x38, 0xFA, 0x87, 0xF4, 0x08,
    0x9C, 0x38, 0x51, 0x16, 0x5A, 0x72, 0x2F, 0x25, 0xB8, 0x5E, 0x5F, 0xBF, 0xEB, 0x82, 0x46, 0x4A,
    0x8F, 0xFE, 0x54, 0x42, 0x6C, 0xEF, 0xA0, 0x83, 0xD0, 0x70, 0x99, 0x9E, 0xB6, 0xD7, 0x05, 0x00,
    0xC9, 0xC9, 0xC0, 0xF0, 0xE0, 0x64, 0xCF, 0x79, 0xEC, 0x3C, 0xF1, 0x3F, 0xCF, 0xEE, 0x9E, 0x3A,
    0x8F, 0x8E, 0x28, 0x8F, 0x29, 0x53, 0x0B, 0x89, 0x8D, 0x1B, 0x2B, 0x3D, 0x9D, 0xF6, 0xCD, 0xFB,
    0x68, 0x1A, 0x16, 0x56, 0xD4, 0x5A, 0x82, 0x7B, 0xB1, 0xA8, 0x92, 0x8A, 0xCA, 0x0E, 0x3C, 0x48,
    0x47, 0xC5, 0xBD, 0xC5, 0xEB, 0x99, 0x31, 0x8F, 0x3A, 0x44, 0xD5, 0x16, 0x08, 0x68, 0x5D, 0xB6,
    0x7A, 0x55, 0x62, 0x96, 0x24, 0x12, 0x09, 0xC9, 0xA0, 0xC9, 0xE2, 0xCA, 0x0C, 0x92, 0xCC, 0x4F,
    0x41, 0x82, 0xF4, 0x33, 0x20, 0xB6, 0xA0, 0x1F, 0x09, 0x58, 0x64, 0x1C, 0x84, 0x6D, 0xA8, 0xCD,
    0xA0, 0x4A, 0xE0, 0x73, 0x61, 0x4F, 0x61, 0x4B, 0xC9, 0xA6, 0x9A, 0x01, 0x9B, 0x9C, 0x5F, 0x30,
    0x63, 0xC2, 0x13, 0xF6, 0xEB, 0x60, 0x9A, 0x8C, 0x97, 0x58, 0x24, 0x9E, 0x1D, 0xB7, 0x7D, 0xD8,
    0x01, 0x61, 0x22, 0x01, 0x22, 0x39, 0x8B, 0x3F, 0x47, 0xEA, 0xC3, 0xC9, 0x93, 0x57, 0x21, 0xD3,
    0x6C, 0x5A, 0x60, 0xA2, 0xE2, 0x2C, 0x83, 0x1F, 0x58, 0xBF, 0xD8, 0x0B, 0xC6, 0x16, 0x5C, 0x9B,
    0xB6, 0x44, 0x86, 0xAC, 0x9A, 0x25, 0x02, 0xB1, 0xF8, 0xD8, 0xC3, 0x49, 0xB1, 0xD9, 0xD1, 0xD9,
    0xFE, 0x93, 0x27, 0xCD, 0x52, 0xBB, 0xA5, 0xE9, 0xFE, 0xFE, 0x53, 0xBF, 0xEF, 0x3F, 0x49, 0xF1,
    0xA2, 0x27, 0x92, 0x06, 0xE9, 0x05, 0x3F, 0x85, 0x18, 0x93, 0x24, 0xBF, 0x52, 0xCC, 0x00, 0xE6,
    0x02, 0x3D, 0x94, 0x13, 0xB5, 0x82, 0xA1, 0x2F, 0xA7, 0x69, 0x92, 0x39, 0xAC, 0x8A, 0x6F, 0x58,
    0x8A, 0xFA, 0xFC, 0xFC, 0xC0, 0xBB, 0xCF, 0x9F, 0xF8, 0x81, 0x9D, 0xAA, 0x0B, 0x51, 0xCE, 0xF5,
    0xDA, 0x36, 0x8A, 0xBB, 0xEE, 0x61, 0xA6, 0xF0, 0x5F, 0x88, 0x76, 0x44, 0x3F, 0x50, 0xFC, 0x3F,
    0xD1, 0x9B, 0xDD, 0x12, 0x92, 0x7C, 0x08, 0xBD, 0xDC, 0x1E, 0xE8, 0x65, 0x3D, 0x0B, 0x4E, 0x88,
    0xDD, 0x99, 0xE6, 0xF5, 0xD7, 0xD3, 0xCB, 0x83, 0x84, 0x5C, 0xB0, 0xA9, 0x43, 0xEB, 0xE5, 0xB4,
    0xDC, 0x0B, 0xA6, 0x90, 0x39, 0xA9, 0xAB, 0xB5, 0x4B, 0x5D, 0x6D, 0x7F, 0x52, 0x57, 0x9B, 0x9E,
    0xD6, 0xD5, 0xB6, 0xD9, 0x1D, 0xAB, 0x54, 0x13, 0xEB, 0x6A, 0xEF, 0x84, 0xBA, 0xDA, 0x4F, 0x96,
    0xBA, 0x5A, 0x1F, 0xD6, 0xF7, 0x75, 0xB5, 0x33, 0x95, 0xEF, 0x72, 0xEB, 0x42, 0x5D, 0xAD, 0x0F,
    0x60, 0xBF, 0xCA, 0x29, 0x0F, 0x1E, 0x25, 0xE8, 0x1F, 0xAF, 0x12, 0x04, 0xA6, 0x16, 0x13, 0x7C,
    0x09, 0xE0, 0x9A, 0x25, 0x5D, 0x8C, 0xA9, 0xE1, 0x75, 0x2C, 0x03, 0xDC, 0x43, 0x05, 0xAA, 0x91,
    0x47, 0x6D, 0x78, 0xA0, 0x9C, 0x5F, 0x01, 0xBD, 0xFD, 0xDE, 0x17, 0x96, 0x8A, 0xE3, 0xF7, 0x41,
    0x6F, 0xDE, 0xFC, 0x75, 0x4F, 0xE5, 0xCD, 0xE3, 0xD7, 0x3A, 0x9F, 0xD0, 0x67, 0x3F, 0x8D, 0xEA,
    0xC6, 0x8C, 0xC4, 0xDA, 0xB5, 0xA9, 0x62, 0x52, 0xF9, 0xA8, 0x66, 0xD2, 0x5E, 0xE4, 0xD3, 0x69,
    0x84, 0x2E, 0x1B, 0x56, 0x18, 0x8D, 0x4E, 0xBC, 0x80, 0x47, 0x55, 0x17, 0xA2, 0x2D, 0xDE, 0x81,
    0x14, 0x35, 0xB7, 0xC8, 0xC2, 0xD2, 0xFA, 0x2A, 0x87, 0xCD, 0x77, 0x0F, 0xE6, 0x93, 0xEF, 0x1E,
    0xDC, 0xF5, 0x24, 0xDF, 0xFB, 0xEE, 0x41, 0xE3, 0x89, 0xA9, 0xDD, 0x57, 0x7E, 0xF7, 0xC0, 0x04,
    0xC6, 0xFC, 0x63, 0x7D, 0x65, 0x8D, 0x2B, 0xDA, 0xA0, 0x9E, 0xCA, 0xD5, 0x33, 0xCD, 0xB5, 0x2E,
    0xE3, 0xE3, 0x50, 0x26, 0x56, 0x59, 0x83, 0xBA, 0x92, 0x46, 0x0B, 0xDE, 0x5D, 0xB0, 0x8A, 0xD8,
    0x21, 0xC0, 0xBA, 0x3F, 0x1B, 0xD1, 0x8A, 0x9E, 0xA3, 0xFC, 0x16, 0x58, 0xAB, 0x0A, 0x38, 0xC1,
    0x55, 0x0B, 0xB0, 0x74, 0x7D, 0x21, 0x53, 0xB8, 0x5C, 0x7A, 0xC1, 0xA9, 0x9A, 0xAE, 0x5F, 0x3A,
    0x07, 0xF6, 0x53, 0xB1, 0xB4, 0x33, 0xE9, 0x04, 0x23, 0x46, 0xA5, 0x07, 0x4C, 0x81, 0xF9, 0x1B,
    0xA1, 0x33, 0x05, 0xBA, 0x24, 0x40, 0x43, 0x11, 0x68, 0x62, 0xF0, 0x3F, 0xA2, 0xC3, 0xD1, 0x8E,
    0x4E, 0x75, 0x62, 0xA3, 0x9F, 0xA8, 0xE9, 0x5A, 0x06, 0x16, 0x7C, 0x03, 0xBA, 0x42, 0xC2, 0xF3,
    0x55, 0x17, 0x3A, 0x78, 0x27, 0xDC, 0x83, 0xEB, 0x7F, 0x1D, 0xC8, 0xF3, 0xCD, 0x2E, 0x3C, 0x19,
    0xDE, 0x26, 0xF7, 0x1A, 0x81, 0x3B, 0xF1, 0x05, 0x9F, 0x06, 0xEF, 0xE0, 0x97, 0x3D, 0xED, 0x3D,
    0xE5, 0x17, 0x48, 0xF4, 0xA5, 0x9F, 0x09, 0xD7, 0x3F, 0x20, 0xC3, 0x61, 0x38, 0x07, 0x9A, 0xDF,
    0xFA, 0x9C, 0x8F, 0xE4, 0xC3, 0x20, 0xF8, 0x2E, 0x08, 0x94, 0xD9, 0xFA, 0xAB, 0x20, 0xE6, 0xF0,
    0x83, 0x17, 0x68, 0x19, 0xDA, 0xF6, 0x73, 0x0C, 0x87, 0x19, 0x0A, 0x9E, 0x96, 0x26, 0xFB, 0xF6,
    0xED, 0xA2, 0x3B, 0xD8, 0x40, 0x2F, 0xE2, 0x98, 0x70, 0x82, 0xE5, 0x09, 0x19, 0x75, 0x4D, 0xFA,
    0x2A, 0xF8, 0x76, 0xC4, 0x78, 0xF4, 0x2C, 0xCE, 0xBE, 0xA9, 0x9F, 0x40, 0xE9, 0x3A, 0x32, 0x1A,
    0x12, 0x3F, 0x41, 0x58, 0x59, 0x0A, 0xC3, 0x47, 0x3A, 0xF2, 0xD2, 0x5A, 0xEC, 0x34, 0xB4, 0x3F,
    0x63, 0xC0, 0x33, 0x67, 0xCF, 0x97, 0x2B, 0xC7, 0x6C, 0x02, 0xCE, 0x44, 0x35, 0xC5, 0x88, 0x40,
    0xA1, 0x6A, 0x4D, 0x57, 0x05, 0x88, 0x84, 0x0B, 0xE6, 0x66, 0x62, 0x90, 0x21, 0x9B, 0x09, 0xF3,
    0x48, 0x48, 0x87, 0x20, 0x38, 0x60, 0x5C, 0xBB, 0x58, 0xE9, 0xAB, 0x3A, 0x1C, 0x77, 0xEC, 0x03,
    0x2F, 0x8E, 0x54, 0xC4, 0x12, 0x21, 0x3C, 0x41, 0x59, 0x3F, 0xD0, 0xEE, 0xF3, 0x91, 0xB2, 0x0F,
    0x2D, 0xC9, 0x75, 0x6E, 0x3C, 0xD1, 0x95, 0xA2, 0x46, 0xF9, 0x00, 0x76, 0x6C, 0xBC, 0x1E, 0x9D,
    0x4F, 0x92, 0x51, 0x64, 0xEB, 0x03, 0xD3, 0x7E, 0xE9, 0xF7, 0xCD, 0xB0, 0x4C, 0xAC, 0x20, 0xFA,
    0x7F, 0x3B, 0xA1, 0x4B, 0xFB, 0xE1, 0x77, 0x60, 0x51, 0x16, 0xBF, 0xE8, 0xA8, 0xFC, 0xA0, 0xA7,
    0xE2, 0xD9, 0x96, 0xE4, 0x3A, 0xBF, 0x4F, 0x78, 0xFC, 0xAC, 0x02, 0x4A, 0x94, 0xE8, 0xE5, 0x53,
    0xC9, 0x23, 0xCC, 0x56, 0x04, 0xA4, 0xC4, 0x4C, 0x49, 0xB4, 0x41, 0xD2, 0xE0, 0xF2, 0x74, 0xBE,
    0xC1, 0xB7, 0x90, 0x57, 0xCC, 0x27, 0x51, 0xF0, 0x02, 0xFA, 0xD6, 0x87, 0xCD, 0x15, 0x03, 0x21,
    0xD0, 0xB4, 0x83, 0xB8, 0x3B, 0x8C, 0x88, 0xAE, 0xB0, 0xA5, 0x7A, 0xDF, 0x66, 0xFC, 0x4D, 0xE4,
    0xA5, 0x3A, 0x89, 0xEF, 0x3C, 0x45, 0xA6, 0x5D, 0x0A, 0x4D, 0x9E, 0x04, 0x4F, 0x31, 0xA0, 0x82,
    0x71, 0xE4, 0x6F, 0x4C, 0x1D, 0xBC, 0xD2, 0x3C, 0xFE, 0x57, 0x05, 0x30, 0x2A, 0xD1, 0x9F, 0xC4,
    0xB1, 0xD0, 0x56, 0x96, 0xEC, 0x53, 0x7E, 0x8E, 0x52, 0xDF, 0x38, 0x00, 0x1F, 0xB9, 0xC4, 0x84,
    0xC4, 0x1E, 0x9B, 0xBE, 0xF5, 0x4F, 0x88, 0x68, 0xAE, 0x03, 0x77, 0x86, 0xEF, 0x9F, 0x4D, 0x6F,
    0xF6, 0xB2, 0xE9, 0x29, 0xB2, 0xE9, 0x80, 0x90, 0x3B, 0x40, 0xE6, 0x45, 0x87, 0x10, 0x6A, 0x87,
    0x13, 0x40, 0xA1, 0x69, 0xB8, 0x7E, 0x31, 0x5F, 0x3F, 0xB9, 0x12, 0x95, 0x90, 0xBC, 0x86, 0xDF,
    0x8C, 0xFD, 0xD4, 0xC2, 0xFA, 0xFB, 0x6C, 0x3A, 0x78, 0x69, 0xCE, 0x46, 0x5E, 0x32, 0x42, 0xB9,
    0x88, 0x39, 0x1E, 0x7C, 0xE8, 0xA3, 0x5E, 0x7F, 0xE8, 0x23, 0x3B, 0xF9, 0xD0, 0x47, 0x75, 0x88,
    0xBC, 0xBC, 0x1E, 0xF7, 0xF2, 0x9B, 0x0B, 0xFB, 0x7B, 0x68, 0x4C, 0xA0, 0xA1, 0x5A, 0xB0, 0x1D,
    0x0B, 0x4B, 0xD1, 0xCE, 0x46, 0x63, 0xFE, 0x1E, 0xE2, 0x43, 0xC3, 0x59, 0x8E, 0xF5, 0x24, 0xDA,
    0xBD, 0xBB, 0xF6, 0x6B, 0xBF, 0x45, 0x56, 0xDF, 0xBA, 0x42, 0x34, 0x19, 0x2F, 0xD0, 0xCB, 0x24,
    0xD7, 0x37, 0x60, 0xBF, 0xCC, 0x3D, 0x27, 0x1E, 0x03, 0x7A, 0x29, 0x5F, 0xD4, 0xF7, 0xF9, 0x7D,
    0x71, 0x60, 0xB8, 0x9E, 0x8E, 0x2E, 0x19, 0x04, 0x31, 0xF5, 0x10, 0x45, 0x7D, 0x31, 0xFB, 0x29,
    0xA4, 0xFF, 0xD6, 0x3F, 0x33, 0x96, 0x2F, 0x0F, 0x12, 0x22, 0xE9, 0xF1, 0xE5, 0xD3, 0x17, 0xC0,
    0xFA, 0x79, 0x02, 0x09, 0xB8, 0xCD, 0x83, 0xF0, 0x46, 0x7A, 0x02, 0x25, 0xF1, 0xCF, 0x0E, 0x63,
    0x61, 0x40, 0xB5, 0x89, 0x6D, 0x8B, 0xD7, 0x60, 0x4E, 0xBC, 0xE8, 0x09, 0xC4, 0xD2, 0x82, 0x4F,
    0xDD, 0x7D, 0x84, 0xE7, 0x7E, 0x0C, 0xF9, 0xBE, 0xDA, 0x5F, 0xCC, 0x17, 0xD5, 0xB0, 0x45, 0xE5,
    0x91, 0xF9, 0x7B, 0xF2, 0xC8, 0x0B, 0x9B, 0x2F, 0x3A, 0xC0, 0xAB, 0x1C, 0xF2, 0x89, 0x16, 0x66,
    0xED, 0x45, 0x4D, 0x5A, 0x9E, 0x3B, 0x69, 0x92, 0xE7, 0x16, 0x3F, 0xBF, 0xC8, 0x45, 0x86, 0xCB,
    0xA2, 0xCA, 0x56, 0x1C, 0x96, 0x73, 0xFE, 0x68, 0x0C, 0x9C, 0x12, 0xA7, 0xE5, 0x3C, 0x90, 0xEB,
    0x91, 0x2B, 0x9C, 0xBF, 0xD1, 0x37, 0xE1, 0x62, 0x7D, 0x31, 0x1A, 0xD8, 0xA3, 0x7D, 0x50, 0xD2,
    0x21, 0xD0, 0xE9, 0xEC, 0x71, 0xD0, 0x9C, 0xAC, 0xAB, 0x9E, 0xE2, 0x18, 0x7B, 0xD5, 0x69, 0xCB,
    0xC6, 0x05, 0x24, 0x1E, 0xDF, 0x49, 0xED, 0x68, 0x75, 0x5D, 0xEC, 0xF7, 0x5D, 0xA0, 0xD7, 0x44,
    0xFE, 0xF4, 0xE6, 0x8F, 0x56, 0x3C, 0x9C, 0x4F, 0xE9, 0xF4, 0x01, 0xCA, 0xCB, 0x1D, 0xA2, 0xBC,
    0x22, 0xD2, 0x6B, 0xEB, 0x43, 0xFD, 0x06, 0x8B, 0xD1, 0xC4, 0x45, 0x39, 0xBB, 0x88, 0x54, 0x75,
    0x0F, 0x89, 0xFE, 0xE2, 0x2E, 0x66, 0x43, 0x57, 0x50, 0x34, 0xE4, 0x07, 0x39, 0xD6, 0x00, 0xF4,
    0xE7, 0x98, 0x59, 0x9B, 0x5F, 0xFF, 0xAA, 0xCC, 0x9A, 0x0E, 0xF7, 0xD5, 0x9E, 0x84, 0x0C, 0xF8,
    0x20, 0x31, 0x4D, 0xA8, 0x35, 0xB8, 0xD0, 0x30, 0x44, 0x8F, 0xFB, 0x25, 0x6B, 0x2E, 0x0E, 0x06,
    0xFE, 0x0C, 0xA4, 0x72, 0xB1, 0xE4, 0x2A, 0x99, 0xF5, 0x4F, 0x50, 0x73, 0x87, 0xC5, 0x06, 0x44,
    0xAA, 0x2B, 0x9D, 0x44, 0x5D, 0xD6, 0x00, 0x20, 0x1E, 0x40, 0x7A, 0x39, 0x51, 0x70, 0x32, 0xED,
    0x7D, 0xB2, 0xAA, 0xA6, 0x3C, 0xCC, 0xED, 0x4E, 0x98, 0x9B, 0x15, 0x1C, 0x02, 0x48, 0x9D, 0x78,
    0x22, 0x22, 0x23, 0x75, 0xB3, 0x27, 0x02, 0x64, 0x3B, 0x99, 0xF3, 0x01, 0x91, 0x60, 0x28, 0x3A,
    0x04, 0xFA, 0x2C, 0xD4, 0x7B, 0x9B, 0xCC, 0x1B, 0xEE, 0x7F, 0x31, 0xE2, 0x0E, 0x7B, 0xC2, 0x7D,
    0x0D, 0xC3, 0x61, 0x90, 0x28, 0x2F, 0x88, 0x18, 0xEA, 0xC4, 0x86, 0xC0, 0x7D, 0xE3, 0x27, 0x0F,
    0xFC, 0x7F, 0xE7, 0x85, 0xFF, 0xFF, 0xC5, 0xD8, 0x01, 0x84, 0x2C, 0x79, 0x7A, 0x00, 0xF0, 0x5F,
    0x75, 0xC9, 0x36, 0x57, 0x5C, 0x05, 0x22, 0x72, 0x61, 0x3B, 0x00, 0xC1, 0x5E, 0x41, 0x70, 0x98,
    0xDD, 0xAA, 0x58, 0x1C, 0x16, 0xB7, 0x08, 0x00, 0x09, 0x0E, 0x80, 0x85, 0x20, 0xE1, 0xED, 0x54,
    0xE5, 0x12, 0x20, 0x70, 0x02, 0x70, 0x10, 0x40, 0x20, 0x04, 0x9B, 0x58, 0xBC, 0x79, 0x55, 0x12,
    0xB1, 0x00, 0xBD, 0x82, 0x43, 0x90, 0x5A, 0xB9, 0x48, 0x80, 0x2B, 0xD1, 0x17, 0x75, 0x52, 0xD5,
    0xFF, 0xCC, 0xBF, 0xFE, 0xA6, 0x6F, 0x38, 0xEF, 0x56, 0xDE, 0xCC, 0x9B, 0xD1, 0xFD, 0xFF, 0xB4,
    0xA6, 0xAA, 0xBE, 0xDF, 0xF7, 0xCD, 0x7C, 0x1F, 0xCD, 0xE1, 0x84, 0x7A, 0x46, 0x1B, 0xC3, 0x79,
    0x21, 0x5B, 0x17, 0xF2, 0x9F, 0x2F, 0x14, 0xD3, 0x42, 0x39, 0x2E, 0x54, 0xC3, 0x4A, 0xDD, 0xAD,
    0xF4, 0xCD, 0x4A, 0x08, 0x67, 0xBB, 0x18, 0xF2, 0x10, 0x82, 0x62, 0xD2, 0x2B, 0x47, 0xBD, 0x6A,
    0xD0, 0xAB, 0x3B, 0x2D, 0xA0, 0x38, 0xE2, 0x30, 0xDE, 0x85, 0x72, 0x40, 0xFF, 0xD1, 0x31, 0x0F,
    0xFF, 0x36, 0x94, 0x21, 0x0C, 0xD5, 0x14, 0xBA, 0x7A, 0x68, 0xBB, 0xDB, 0x57, 0xD3, 0x6B, 0x05,
    0xBD, 0xE0, 0x2C, 0xEC, 0x56, 0xE1, 0xBB, 0xAB, 0x3E, 0x2C, 0xEA, 0xF3, 0xA2, 0xF8, 0x6A, 0x06,
    0xF9, 0x48, 0x71, 0xA2, 0x9C, 0xD8, 0x8F, 0xB0, 0x9F, 0x63, 0x38, 0x43, 0x0D, 0xD7, 0xC8, 0xE7,
    0x18, 0x8E, 0xC0, 0x5B, 0x16, 0x16, 0x33, 0xE5, 0x8A, 0x4F, 0xF1, 0x92, 0xFC, 0xC4, 0x7E, 0xC0,
    0xC3, 0xA0, 0xEF, 0x74, 0x70, 0x68, 0xD8, 0x2F, 0xEF, 0xA3, 0x3C, 0x7F, 0x8C, 0xBA, 0x82, 0xB9,
    0xEC, 0xDC, 0xB3, 0x25, 0x5C, 0xD2, 0x25, 0x5E, 0xF2, 0x25, 0x60, 0x12, 0x26, 0x62, 0x32, 0x26,
    0x64, 0x52, 0x26, 0x66, 0x72, 0x26, 0x68, 0x92, 0x26, 0x6A, 0xB2, 0x5E, 0xB0, 0xBE, 0xD1, 0xA0,
    0x8E, 0xE6, 0x97, 0x54, 0xCB, 0xC7, 0x5C, 0x7F, 0x40, 0x76, 0x2A, 0xB9, 0x80, 0x45, 0xB1, 0x48,
    0x16, 0xCD, 0x22, 0x5A, 0x54, 0x8B, 0xEC, 0xCD, 0xBD, 0xC1, 0x37, 0xF9, 0x46, 0xDF, 0xEC, 0x1B,
    0x3E, 0xE9, 0x37, 0xB5, 0xFD, 0x17, 0x0B, 0xD9, 0x1F, 0x9E, 0x93, 0x3A, 0xA1, 0xDF, 0x6E, 0x3B,
    0x2B, 0x94, 0x1F, 0xCD, 0xB2, 0x4F, 0x96, 0x08, 0x8B, 0xAE, 0x07, 0xB7, 0xF1, 0x06, 0x3E, 0x81,
    0x77, 0xD9, 0x2F, 0x9F, 0x73, 0x58, 0x3F, 0xBE, 0x88, 0x9A, 0xB7, 0x2C, 0xC2, 0x82, 0xBF, 0xC5,
    0x7B, 0xCA, 0xF9, 0xA4, 0x5A, 0x1A, 0xAF, 0xA2, 0xEC, 0xF0, 0x40, 0x59, 0xF9, 0xE5, 0x91, 0x3A,
    0x0C, 0xFC, 0x5E, 0xD4, 0x15, 0x0B, 0xAA, 0x57, 0x98, 0x0F, 0x09, 0xF5, 0xB6, 0x65, 0x87, 0xBF,
    0x1A, 0xD4, 0xA1, 0xF3, 0x77, 0xD7, 0x94, 0x33, 0xF5, 0x8D, 0x6C, 0xAE, 0xE0, 0x81, 0xB2, 0xFD,
    0x8A, 0x43, 0x40, 0x5B, 0x75, 0xB2, 0xB9, 0x18, 0xC0, 0x73, 0xCC, 0xC9, 0x72, 0xA1, 0x3A, 0xF3,
    0xAA, 0x96, 0x9F, 0xCA, 0x81, 0xC7, 0x9E, 0x9D, 0x7E, 0x0B, 0xDE, 0xC7, 0xEF, 0xFC, 0xAC, 0xE3,
    0xFD, 0x1F, 0x0D, 0xD4, 0x01, 0xC5, 0xEC, 0x49, 0xBA, 0xE8, 0x77, 0xF1, 0x92, 0x6C, 0xE4, 0xEF,
    0x3F, 0xEA, 0xB4, 0x81, 0xC3, 0xFC, 0xF5, 0x5D, 0x6C, 0xBE, 0x4E, 0xFB, 0x4E, 0x83, 0xFC, 0x18,
    0x65, 0x5F, 0x75, 0x5C, 0xFD, 0xF6, 0x9D, 0xAC, 0x7C, 0x22, 0x59, 0x4C, 0x60, 0x3F, 0x90, 0x0F,
    0x7C, 0xF6, 0xA3, 0x24, 0xAB, 0x1E, 0x43, 0x96, 0x9D, 0xE0, 0x05, 0x7C, 0x8E, 0x3F, 0xFD, 0xF1,
    0x26, 0x6B, 0x9E, 0x4E, 0xB6, 0x9B, 0xC8, 0x3E, 0xC3, 0xC4, 0x3F, 0xFC, 0xEB, 0x23, 0xCA, 0x8A,
    0x1F, 0x8E, 0x54, 0x61, 0xE0, 0x3B, 0x9F, 0x34, 0xFC, 0xBA, 0x86, 0x17, 0xFB, 0x8D, 0xD7, 0x51,
    0xAC, 0x4F, 0xC3, 0x2B, 0xFE, 0x6C, 0x50, 0x87, 0xC1, 0x1F, 0xB7, 0xC0, 0x69, 0x3F, 0x68, 0x43,
    0xE3, 0xB0, 0x3E, 0xC2, 0x70, 0xF9, 0x7E, 0xD6, 0xF1, 0xA2, 0xB8, 0x33, 0x55, 0x67, 0x64, 0x3F,
    0xF4, 0x6C, 0x13, 0x26, 0x4E, 0xB7, 0x3E, 0x74, 0xEA, 0xC0, 0x61, 0xF6, 0xE8, 0x13, 0xA6, 0x0F,
    0x27, 0x21, 0x4C, 0xF1, 0x64, 0x2B, 0xBB, 0x25, 0x9D, 0x3C, 0x9E, 0x10, 0x9A, 0x7D, 0x4C, 0x38,
    0x04, 0xE5, 0x24, 0x9D, 0x91, 0xC3, 0x31, 0x0A, 0xA9, 0xC3, 0x72, 0x39, 0x48, 0x63, 0xE2, 0x4C,
    0xB6, 0x62, 0xC6, 0x27, 0x27, 0xBB, 0xB0, 0x2A, 0x43, 0x50, 0x9D, 0xDA, 0xA6, 0x1E, 0xDA, 0xA6,
    0xFD, 0xFD, 0xA0, 0x0F, 0x67, 0x21, 0xCC, 0x42, 0xE8, 0x04, 0xF4, 0xCD, 0x1F, 0x69, 0xC3, 0x49,
    0x15, 0x26, 0xEF, 0x84, 0x0E, 0xE4, 0x53, 0xCC, 0x33, 0x9D, 0x2D, 0x4F, 0xF1, 0xC6, 0x61, 0x48,
    0x55, 0x39, 0x74, 0x9C, 0xF1, 0x19, 0x1E, 0xD9, 0x50, 0x9E, 0x28, 0x17, 0xDC, 0x60, 0x61, 0x1F,
    0x13, 0x19, 0xF0, 0x30, 0x8F, 0x7C, 0xBC, 0x52, 0x2E, 0x2F, 0x1C, 0xC2, 0xEC, 0xBD, 0x6A, 0x72,
    0xB5, 0x3F, 0x3E, 0x6A, 0xEE, 0xF5, 0x87, 0x83, 0x10, 0x86, 0x5D, 0x08, 0x4D, 0xFE, 0xE5, 0xFA,
    0xD0, 0x7C, 0xB3, 0xBF, 0xDE, 0x52, 0x26, 0x7C, 0xAF, 0x93, 0x87, 0x7F, 0xA6, 0xFC, 0xF1, 0x91,
    0x6A, 0x37, 0x71, 0x49, 0x3B, 0xE6, 0x9C, 0x42, 0xB6, 0x4A, 0x69, 0xA7, 0x90, 0x2F, 0x52, 0xF6,
    0x62, 0xFA, 0x31, 0xFF, 0x94, 0xBC, 0x14, 0x46, 0xC9, 0x10, 0x11, 0x49, 0x71, 0x2F, 0xE0, 0x5B,
    0x0D, 0x6A, 0xCA, 0xD3, 0x4C, 0xBD, 0x7C, 0xCC, 0xCD, 0xA7, 0xEC, 0xA6, 0x03, 0x17, 0xD7, 0x06,
    0xDB, 0x64, 0x1B, 0x4D, 0xB4, 0x89, 0xB8, 0x4D, 0xB7, 0xF1, 0x36, 0x9F, 0x20, 0x09, 0x6D, 0xC4,
    0xCD, 0x98, 0x90, 0x51, 0x97, 0x4D, 0xA1, 0xF1, 0x9B, 0x61, 0x88, 0xBA, 0x88, 0x7B, 0xCC, 0x8E,
    0xD4, 0x28, 0xCB, 0x93, 0xAC, 0x5D, 0x22, 0x20, 0xE6, 0xFF, 0xD0, 0xAE, 0x1C, 0x1A, 0xC4, 0x3D,
    0x29, 0x1F, 0x08, 0xEF, 0x92, 0x87, 0xBF, 0xA0, 0xFC, 0x62, 0xA0, 0x7E, 0x8A, 0xD6, 0x64, 0x33,
    0x5E, 0xE2, 0x4A, 0x79, 0x9A, 0xD4, 0x4B, 0x63, 0x8D, 0xB2, 0xEA, 0x61, 0xB2, 0xDD, 0xFC, 0x1D,
    0x45, 0x38, 0xF9, 0x66, 0x71, 0x94, 0xC5, 0xD4, 0x7E, 0x3A, 0xA8, 0x3E, 0x1C, 0xE1, 0x31, 0x3B,
    0xA2, 0xFA, 0xF3, 0xB4, 0x28, 0xA6, 0x1B, 0x0E, 0x27, 0xDA, 0xC5, 0xEE, 0xF4, 0x01, 0x3C, 0x2C,
    0xFF, 0x2C, 0x74, 0xF2, 0xED, 0xAF, 0x68, 0x54, 0x67, 0x27, 0xDE, 0xF2, 0x5C, 0x2D, 0x17, 0xEA,
    0x95, 0xB5, 0x96, 0x4F, 0x87, 0x8E, 0x47, 0x9E, 0xB5, 0xC5, 0xAC, 0x58, 0xB9, 0xE6, 0x46, 0x7E,
    0x92, 0x0F, 0x10, 0x42, 0x16, 0xCE, 0xFA, 0x59, 0x35, 0xA8, 0x87, 0x6D, 0x6D, 0x35, 0xF1, 0xDD,
    0x13, 0x38, 0xCB, 0xD6, 0x08, 0xDC, 0x2D, 0x91, 0x58, 0x85, 0x58, 0xE7, 0x3E, 0x34, 0x02, 0xB1,
    0x30, 0x83, 0xC3, 0xE0, 0x15, 0x9F, 0x41, 0xBE, 0x6C, 0xEF, 0xD9, 0xFE, 0xA4, 0x98, 0x94, 0x53,
    0xD4, 0x97, 0x63, 0xF4, 0x5F, 0xEE, 0x5D, 0xC7, 0x7B, 0xBF, 0xE9, 0x43, 0x29, 0x8E, 0x0E, 0x63,
    0x7C, 0xA7, 0x6D, 0xB1, 0x5D, 0x3B, 0xA8, 0x1A, 0x08, 0xF7, 0xAF, 0x4D, 0x99, 0xFC, 0x52, 0x32,
    0xC7, 0x98, 0x0C, 0x2A, 0xDA, 0xED, 0x99, 0x1F, 0x90, 0xEA, 0x55, 0x87, 0x93, 0x2C, 0x84, 0x55,
    0x7E, 0xDE, 0x05, 0xE5, 0x2C, 0x38, 0x4C, 0xFA, 0xA6, 0x3A, 0x8A, 0x55, 0xBF, 0x0D, 0x6D, 0xA7,
    0x6F, 0x62, 0x8E, 0x4D, 0x1F, 0xFD, 0x7D, 0x93, 0x9D, 0xB5, 0x4D, 0xBE, 0xAA, 0x87, 0x62, 0x51,
    0x8F, 0xD5, 0xE4, 0x10, 0xC2, 0xD1, 0x3E, 0x84, 0x86, 0xFE, 0x27, 0x00, 0x35, 0xF4, 0xCD, 0x5D,
    0xB8, 0x86, 0x76, 0x94, 0x87, 0x25, 0x75, 0x75, 0xEC, 0x53, 0x57, 0x9B, 0xBA, 0xEB, 0xB5, 0x4D,
    0xD8, 0x4E, 0x2F, 0x08, 0xFA, 0x0F, 0x57, 0x6D, 0x98, 0x55, 0x61, 0xF4, 0xCE, 0xB9, 0x01, 0xBB,
    0x89, 0xFD, 0x9C, 0xBA, 0x9A, 0x8F, 0x00, 0xEA, 0x01, 0xED, 0x84, 0xFC, 0x12, 0xAA, 0x01, 0xDF,
    0x06, 0x6F, 0x9D, 0x79, 0xD9, 0xAF, 0x2F, 0xEF, 0xED, 0xD7, 0x8E, 0x07, 0x6A, 0x17, 0xEA, 0x7F,
    0x1A, 0x09, 0xFF, 0xD1, 0xC8, 0xFF, 0x67, 0xA2, 0x1C, 0x3E, 0x87, 0xA7, 0x40, 0x7D, 0xDD, 0xBE,
    0x8A, 0xAE, 0x0D, 0xB6, 0xC9, 0x36, 0x9A, 0x68, 0x13, 0x71, 0xA2, 0x4E, 0x48, 0xA1, 0xB7, 0x01,
    0x37, 0xE1, 0x46, 0xDC, 0x8C, 0x09, 0x69, 0x86, 0x17, 0xF5, 0xC0, 0x6F, 0x84, 0x91, 0xFC, 0xBF,
    0x9F, 0x4E, 0xF9, 0x9A, 0x65, 0xF6, 0xA0, 0x96, 0x65, 0x31, 0x16, 0x13, 0x4C, 0xB4, 0x5F, 0x1C,
    0x09, 0x5F, 0xDD, 0xB1, 0xBA, 0xA7, 0x60, 0xFD, 0xD2, 0x46, 0x3B, 0xC5, 0x8D, 0x96, 0x78, 0xD5,
    0x03, 0x79, 0x37, 0xDF, 0x64, 0x17, 0x16, 0xF2, 0x1F, 0x9C, 0x00, 0xDA, 0x81, 0xDD, 0xFF, 0x4E,
    0x14, 0xC7, 0xF9, 0x69, 0x78, 0xF7, 0x17, 0x5E, 0x79, 0xB7, 0xF0, 0x2A, 0x78, 0x20, 0xAF, 0x1D,
    0xC9, 0xC2, 0xC4, 0xFE, 0x67, 0x33, 0x87, 0xEE, 0x06, 0xC0, 0x33, 0xCC, 0xC9, 0xD7, 0x6C, 0xC4,
    0x47, 0x9D, 0x9D, 0xFB, 0x05, 0xCA, 0x09, 0xAA, 0x01, 0x5A, 0xF0, 0xFD, 0xCB, 0x58, 0x8D, 0xEC,
    0xB6, 0x51, 0x87, 0x39, 0x44, 0x78, 0x58, 0x36, 0xF9, 0xA4, 0x98, 0x85, 0x26, 0xDA, 0xDB, 0xC6,
    0x86, 0xB7, 0xE9, 0xEF, 0xEF, 0xB2, 0x18, 0x43, 0x8C, 0xD9, 0x59, 0x2A, 0x41, 0xAA, 0x41, 0x2A,
    0x42, 0xAA, 0x42, 0x2C, 0x03, 0x97, 0x3A, 0x84, 0x86, 0xDD, 0x8A, 0xFD, 0x84, 0xB2, 0xFB, 0x56,
    0xC7, 0x76, 0xE3, 0xB1, 0xEE, 0xF2, 0xB0, 0x86, 0xC8, 0x5E, 0xA2, 0xFB, 0xF8, 0x26, 0xA3, 0x66,
    0xB7, 0x80, 0xD5, 0x05, 0xEA, 0xD0, 0x80, 0xE7, 0xE1, 0xB6, 0xDD, 0x5D, 0xD9, 0xCB, 0x23, 0xF2,
    0x71, 0xE3, 0x56, 0x8F, 0xC4, 0xBD, 0xA0, 0x8E, 0x5B, 0x9C, 0x20, 0xDF, 0xE2, 0x3E, 0xF5, 0xBB,
    0x83, 0x6F, 0x3F, 0x0F, 0xFD, 0xB2, 0x34, 0x95, 0x0B, 0xBC, 0x84, 0xE5, 0x2E, 0xB7, 0xA2, 0x3B,
    0x0C, 0x97, 0xC6, 0x37, 0x77, 0x95, 0x98, 0x63, 0x25, 0xBA, 0x37, 0x6A, 0xFC, 0xF4, 0x2E, 0x8A,
    0xF5, 0x7D, 0x94, 0x61, 0xC1, 0xE1, 0x30, 0xE3, 0xBD, 0x7C, 0x7C, 0x16, 0x7D, 0xFD, 0xE1, 0x91,
    0x10, 0x86, 0xF8, 0xA4, 0x46, 0xFE, 0xE5, 0xAB, 0x5F, 0x6B, 0x5E, 0xD3, 0xF8, 0xF1, 0x0D, 0xB8,
    0xCF, 0xD5, 0x4E, 0x15, 0x68, 0xBB, 0xCB, 0x24, 0xF3, 0x01, 0x24, 0xDA, 0xFD, 0x76, 0x9E, 0x1F,
    0xD6, 0xCE, 0xCB, 0x86, 0xCB, 0x97, 0xBB, 0xB0, 0x3B, 0x6D, 0x9F, 0x62, 0xB6, 0x8B, 0xDE, 0x7E,
    0x16, 0xEC, 0x4F, 0x82, 0x62, 0x72, 0x56, 0x4E, 0xD9, 0xAA, 0x1C, 0x77, 0x8B, 0xC3, 0x31, 0x5F,
    0x54, 0xC7, 0x7C, 0x56, 0x0F, 0xFB, 0x53, 0x64, 0xDD, 0x86, 0xAE, 0x98, 0xB4, 0x5D, 0x19, 0x43,
    0x75, 0x54, 0x1F, 0xDB, 0x41, 0x15, 0x1B, 0x53, 0x86, 0x95, 0x2C, 0x8C, 0x00, 0x2F, 0x91, 0x9D,
    0xB1, 0x5B, 0x61, 0x46, 0x39, 0x95, 0x63, 0x39, 0x1E, 0x8E, 0x87, 0x63, 0x35, 0xA4, 0x57, 0xDD,
    0xA5, 0x57, 0x1C, 0xCB, 0xBD, 0x3E, 0x5A, 0x76, 0x67, 0xFD, 0x77, 0xCF, 0xDA, 0xB0, 0xAA, 0x97,
    0x45, 0x39, 0x2E, 0xAF, 0xFB, 0x59, 0x1C, 0xFA, 0x2E, 0x86, 0x51, 0xFA, 0x52, 0x71, 0x44, 0xDD,
    0xE0, 0x0A, 0xDE, 0x3E, 0xB3, 0x98, 0x29, 0xCE, 0xB8, 0xC6, 0x0D, 0xF9, 0x89, 0x7C, 0xE0, 0x41,
    0xDA, 0x62, 0x86, 0x72, 0x84, 0x7A, 0x80, 0xEB, 0xFB, 0x8B, 0x46, 0x39, 0x45, 0xD5, 0xF7, 0xC6,
    0x7C, 0xD6, 0x57, 0x43, 0x8C, 0xA1, 0x8B, 0xB0, 0x73, 0x94, 0x85, 0x9F, 0x24, 0x5A, 0xB2, 0x25,
    0x9C, 0x6A, 0x48, 0x31, 0x9F, 0x25, 0x64, 0x02, 0x6A, 0x9B, 0x72, 0x8A, 0x9F, 0x0F, 0x47, 0xC9,
    0x98, 0x90, 0x49, 0x29, 0x0B, 0xC7, 0x4B, 0x91, 0xB3, 0x55, 0xD2, 0xF9, 0x46, 0xB7, 0x7D, 0xDE,
    0x2D, 0xB7, 0xC0, 0xFF, 0x9C, 0x6F, 0x85, 0x61, 0xBA, 0x25, 0x86, 0xEE, 0x56, 0xF8, 0x73, 0xB7,
    0xC8, 0x41, 0x34, 0x8A, 0x4C, 0xD1, 0xB9, 0x41, 0x37, 0xE9, 0x46, 0xD5, 0x87, 0xD5, 0x86, 0x4D,
    0x5A, 0xF9, 0x42, 0xBA, 0xFF, 0x05, 0x5A, 0x01, 0xCF, 0xC3, 0xAD, 0x2F, 0x3B, 0x66, 0x3F, 0x62,
    0x37, 0xF9, 0x9B, 0x3B, 0xEE, 0xBF, 0xFF, 0x82, 0x1B, 0x1B, 0xBA, 0xFE, 0x2A, 0x6E, 0x78, 0x0D,
    0x97, 0x4B, 0x4D, 0xE9, 0x47, 0x77, 0xCF, 0x51, 0xA4, 0xA7, 0x77, 0x70, 0xF5, 0x3C, 0x74, 0x50,
    0xCC, 0x31, 0x9C, 0x2F, 0xDD, 0xB8, 0xB9, 0x6B, 0x7C, 0x3E, 0xEC, 0x56, 0xE4, 0x5B, 0xE3, 0x4F,
    0xB1, 0x12, 0xE3, 0x5D, 0xE3, 0xFF, 0xEB, 0x4D, 0x1A, 0xBF, 0x9B, 0xDE, 0x43, 0xB1, 0x5E, 0x5D,
    0x16, 0xCD, 0xBB, 0xD5, 0x09, 0xEF, 0xED, 0xC7, 0x67, 0xD1, 0x57, 0x3F, 0xF8, 0xC5, 0xA2, 0xE9,
    0xEC, 0xBE, 0x7A, 0xE5, 0x0F, 0x2E, 0x8D, 0x5F, 0x2E, 0x8D, 0x8F, 0xFF, 0xCD, 0xE7, 0x37, 0x68,
    0xFC, 0x73, 0xB5, 0xD3, 0x0D, 0x08, 0xEE, 0xE6, 0x31, 0x2F, 0x01, 0x8F, 0xDB, 0x4E, 0xF7, 0x36,
    0x0B, 0xFB, 0x19, 0xF9, 0x04, 0x7D, 0x43, 0xDD, 0x51, 0x0E, 0xE4, 0x47, 0xD0, 0x2B, 0xA7, 0xB6,
    0xA9, 0x8E, 0x75, 0xD7, 0x76, 0xF5, 0x10, 0x54, 0xFF, 0xB8, 0x3A, 0xFC, 0xCB, 0xAC, 0xFC, 0xE9,
    0xA4, 0x0C, 0x47, 0x45, 0xE8, 0xEC, 0x03, 0xF9, 0x9A, 0x6E, 0x17, 0xF9, 0x11, 0x5F, 0x5C, 0x7E,
    0x2A, 0x4B, 0x47, 0x3E, 0x63, 0xB7, 0xC0, 0x0A, 0x35, 0xA4, 0xAF, 0xC2, 0x6D, 0xC8, 0x56, 0xD9,
    0x92, 0x2F, 0x2C, 0xF1, 0xEA, 0xB5, 0x9C, 0x58, 0x0F, 0x47, 0xCE, 0xF5, 0xC0, 0xAB, 0xB6, 0xE1,
    0x55, 0x8F, 0xEB, 0x55, 0xA4, 0xC4, 0x70, 0x8A, 0x61, 0x8C, 0x61, 0x90, 0xD2, 0xD6, 0x23, 0xAA,
    0xF5, 0x4B, 0x0C, 0x53, 0x22, 0x3D, 0x22, 0x02, 0x87, 0x86, 0x7A, 0x48, 0xA7, 0xFA, 0xFF, 0xE4,
    0x7F, 0xDD, 0xA3, 0xFD, 0x95, 0xF9, 0x87, 0xAA, 0xB1, 0x3B, 0xB7, 0x9D, 0x7E, 0x89, 0x61, 0xAA,
    0x53, 0xFE, 0x54, 0x63, 0xBA, 0x60, 0x37, 0xB3, 0x9B, 0x28, 0x8F, 0x94, 0x78, 0x54, 0x5B, 0x68,
    0x10, 0x06, 0x14, 0x31, 0x94, 0x31, 0x5C, 0xC3, 0x9F, 0x3C, 0x61, 0xAB, 0xC0, 0xA7, 0xF9, 0x90,
    0x85, 0xBF, 0xEC, 0xF2, 0x10, 0x9A, 0xFC, 0x8B, 0x60, 0xDF, 0x7D, 0xFE, 0xB8, 0xD4, 0xFD, 0xE9,
    0x2A, 0x0D, 0x32, 0x55, 0x38, 0x71, 0x75, 0x38, 0x3E, 0x1D, 0xF0, 0xFF, 0x00, 0xAD, 0x96, 0x3F,
    0x8C, 0x24, 0x47, 0xF5, 0xC7, 0x3F, 0xDD, 0xF5, 0xFB, 0xB9, 0x8D, 0x5B, 0xBA, 0xDA, 0xD4, 0xB2,
    0xB9, 0x4E, 0x4F, 0x04, 0x2E, 0x07, 0x04, 0x87, 0x74, 0xDE, 0x2A, 0x6E, 0x91, 0x2C, 0xE4, 0xE0,
    0xF2, 0xC8, 0x09, 0x09, 0x22, 0x38, 0x87, 0x17, 0xB0, 0xD3, 0x0D, 0x17, 0x3A, 0xE0, 0xF2, 0x84,
    0x93, 0x48, 0x2C, 0x39, 0x80, 0xC0, 0x81, 0x83, 0x9D, 0xED, 0xC2, 0x1B, 0x38, 0x20, 0xA0, 0x2D,
    0x67, 0x08, 0x89, 0x06, 0x83, 0x90, 0x9C, 0x5C, 0x01, 0x8D, 0xDC, 0x40, 0xF5, 0x3C, 0xAA, 0x6E,
    0x66, 0x34, 0x77, 0x6B, 0xCE, 0x7B, 0x81, 0xDF, 0xAB, 0xEF, 0xAB, 0xEA, 0xF7, 0xF7, 0xDB, 0xAD,
    0xED, 0xDE, 0x01, 0xE5, 0x18, 0xFA, 0xF0, 0x70, 0xF8, 0x85, 0x7B, 0xC8, 0x57, 0x29, 0x40, 0xC5,
    0xAB, 0xD8, 0xF9, 0xD5, 0x1B, 0xD5, 0x0D, 0xBE, 0x5A, 0x8F, 0xC0, 0x2E, 0x6D, 0x6C, 0xE3, 0x61,
    0x07, 0x23, 0xE2, 0xED, 0x0E, 0x80, 0x95, 0xC5, 0x4A, 0x6C, 0x25, 0x02, 0xE4, 0xCB, 0x24, 0x4B,
    0xB6, 0xD9, 0x99, 0xE4, 0x99, 0xFE, 0x33, 0x35, 0x7C, 0x5D, 0xCB, 0xC8, 0x62, 0x24, 0x02, 0xAD,
    0xCC, 0x69, 0x95, 0xA1, 0x0A, 0x7A, 0x68, 0xBC, 0xED, 0x5A, 0xEA, 0xA0, 0xC7, 0xC6, 0x9B, 0xCE,
    0xB2, 0x46, 0xCD, 0xC9, 0x3F, 0x6A, 0x6F, 0x9C, 0x65, 0xAF, 0x86, 0x86, 0x32, 0xAC, 0xAA, 0x31,
    0xEA, 0x4F, 0x62, 0x73, 0x31, 0xD9, 0x77, 0x43, 0xAB, 0xC7, 0x3A, 0x6C, 0xF4, 0x1F, 0xD3, 0xE5,
    0x6C, 0xEE, 0x07, 0x5B, 0x0F, 0xA7, 0xDA, 0xAB, 0xB9, 0xA7, 0x0A, 0x1B, 0x92, 0x1B, 0xFD, 0xD1,
    0x84, 0x39, 0x09, 0xA4, 0x08, 0xAD, 0x1E, 0x6C, 0x5A, 0x75, 0x5E, 0xA6, 0x1A, 0x9B, 0x93, 0x11,
    0xEB, 0xB0, 0x70, 0x0C, 0x6F, 0xC0, 0x8F, 0xB1, 0x99, 0xD2, 0xF4, 0xC3, 0x7F, 0x3D, 0x24, 0x50,
    0x04, 0xCA, 0x80, 0x1A, 0xA9, 0x46, 0x52, 0xAD, 0xF6, 0x79, 0x35, 0x1E, 0xD3, 0x61, 0x3B, 0x50,
    0x73, 0x42, 0xD8, 0x61, 0xA0, 0x7C, 0xFF, 0xF3, 0x4E, 0x89, 0xF8, 0x4A, 0xA4, 0x43, 0x77, 0xD0,
    0x24, 0x98, 0x0C, 0xC8, 0x30, 0xB2, 0x60, 0x25, 0xF2, 0xAD, 0xF5, 0x7B, 0x70, 0x06, 0x44, 0x28,
    0x12, 0xCA, 0x19, 0xEA, 0x60, 0xA2, 0xDD, 0xB4, 0x49, 0xED, 0xC6, 0xC4, 0x3A, 0xC0, 0x8B, 0x34,
    0x34, 0xDE, 0x04, 0x1B, 0xED, 0xD2, 0x0E, 0xE7, 0x3C, 0x04, 0xB4, 0xB7, 0x83, 0xF5, 0xC6, 0x19,
    0xD6, 0xFD, 0x4F, 0x44, 0x6E, 0x6F, 0x56, 0x44, 0x43, 0xAC, 0xC6, 0xFE, 0xFE, 0xA2, 0x27, 0x39,
    0x59, 0x74, 0x58, 0x15, 0x73, 0x3D, 0x34, 0xDD, 0x36, 0xAF, 0x9F, 0x1E, 0x72, 0x95, 0x1E, 0xD1,
    0xCE, 0xDC, 0xB8, 0x52, 0x8F, 0x24, 0xEC, 0xF5, 0x25, 0xBE, 0x4A, 0xFF, 0x1F, 0x09, 0x9E, 0xAC,
    0xCF, 0x93, 0xC9, 0xEB, 0x59, 0xAF, 0xCE, 0x2C, 0x17, 0xAA, 0x11, 0xA8, 0xC5, 0x69, 0x0F, 0x34,
    0xE2, 0x0D, 0x80, 0xFD, 0x99, 0x3F, 0x05, 0x68, 0xB5, 0x9F, 0x01, 0x56, 0xFA, 0x22, 0x00, 0xAC,
    0x9B, 0x77, 0x3D, 0xC0, 0xB9, 0x7D, 0xFB, 0xCE, 0x58, 0xCE, 0xB4, 0x72, 0xDC, 0xC6, 0x46, 0xB0,
    0x31, 0x6E, 0x16, 0xDB, 0x3B, 0xFD, 0xA7, 0x7F, 0xC6, 0x75, 0xDB, 0x74, 0x54, 0x9F, 0x4D, 0xEB,
    0x75, 0xDA, 0x53, 0xDD, 0x3A, 0x1A, 0x87, 0x55, 0x21, 0x46, 0x0B, 0xEB, 0xED, 0x5E, 0xCC, 0xEA,
    0x1F, 0xD3, 0xB2, 0x46, 0x85, 0x52, 0xC6, 0x7E, 0x46, 0x7B, 0x7A, 0x67, 0x06, 0xF6, 0x7C, 0x0E,
    0x8C, 0x0E, 0x9C, 0x0E, 0xAC, 0x0E, 0xBC, 0x0E, 0xCC, 0x0E, 0xDC, 0x0E, 0xEC, 0xFA, 0x3D, 0x3F,
    0x25, 0x7E, 0xC7, 0xF0, 0xCE, 0xA3, 0x61, 0xC7, 0xF1, 0xE7, 0x1F, 0x8F, 0x3B, 0x96, 0xBF, 0x7C,
    0x73, 0xDC, 0xF1, 0x6C, 0xEB, 0x61, 0xC7, 0xD4, 0x6A, 0xCF, 0x7A, 0x7F, 0xDA, 0xB1, 0xB5, 0x77,
    0xDD, 0x8E, 0xAF, 0xD9, 0xEC, 0x19, 0xD7, 0x33, 0x2C, 0xE5, 0xAC, 0xC2, 0xE3, 0xBF, 0x0E, 0x6E,
    0xC0, 0xD2, 0xF8, 0x72, 0xB6, 0xAE, 0x0A, 0xE7, 0x68, 0x1F, 0x31, 0xB7, 0x03, 0xC7, 0xD5, 0x90,
    0xFD, 0x1F, 0xC5, 0x14, 0x38, 0x09, 0x29, 0xA2, 0x87, 0x14, 0x6A, 0xBA, 0x14, 0xB3, 0x39, 0x78,
    0x86, 0x75, 0x8D, 0xAF, 0x07, 0x35, 0x96, 0x81, 0x99, 0x1F, 0xD8, 0xFB, 0x13, 0xFA, 0xD7, 0x33,
    0xF5, 0x10, 0x51, 0xE1, 0x98, 0x62, 0x32, 0x30, 0x6B, 0x97, 0xFC, 0x6D, 0x0E, 0x18, 0x97, 0x22,
    0xDA, 0xA7, 0x50, 0x35, 0xA4, 0x98, 0x0A, 0x29, 0xF8, 0xDD, 0xC0, 0xB7, 0xE1, 0x43, 0x8A, 0x88,
    0xFA, 0x3D, 0xF5, 0x37, 0xB9, 0x7E, 0x8D, 0x5B, 0xD7, 0xF8, 0x40, 0xC3, 0x11, 0x9C, 0x82, 0xA0,
    0x22, 0x7A, 0xC2, 0x0C, 0x58, 0x8F, 0xF1, 0xE8, 0x91, 0x3A, 0x50, 0x05, 0x4A, 0x07, 0x5D, 0x3D,
    0xE4, 0xD7, 0x5D, 0xCD, 0x65, 0x54, 0x51, 0x07, 0x3B, 0xF4, 0x6E, 0xC5, 0x8B, 0x14, 0x18, 0x8E,
    0xA8, 0xBA, 0xD6, 0x7D, 0x88, 0x0E, 0xED, 0xC9, 0x42, 0xB5, 0x98, 0x66, 0x02, 0xE9, 0x5A, 0x0F,
    0xE6, 0xEF, 0x1B, 0x30, 0x95, 0x4C, 0xC7, 0xD8, 0x4E, 0x7C, 0xEB, 0xB6, 0xD6, 0x94, 0x92, 0x58,
    0x53, 0x7F, 0x11, 0x01, 0xE3, 0x05, 0xE8, 0xB1, 0x1D, 0x65, 0xDC, 0x0E, 0x35, 0x6A, 0x46, 0xA7,
    0xBC, 0x85, 0xCA, 0xB5, 0xEE, 0x26, 0x60, 0x80, 0x42, 0xAA, 0xB9, 0xDC, 0xD4, 0x53, 0xB9, 0xE8,
    0xA0, 0xE2, 0x63, 0x8C, 0x6A, 0x6E, 0x86, 0x6A, 0x32, 0xBE, 0x0E, 0x09, 0xA3, 0xED, 0xF4, 0x60,
    0x9D, 0xF6, 0x36, 0x57, 0xB3, 0x17, 0x43, 0xA4, 0xFF, 0xE9, 0x86, 0xF4, 0xB2, 0x92, 0x5E, 0x53,
    0x5E, 0x10, 0xD7, 0xCB, 0xD0, 0x4A, 0xB0, 0x7F, 0x9D, 0xEA, 0x4F, 0x83, 0xFE, 0x38, 0xE8, 0x3F,
    0x8C, 0x5A, 0xBA, 0x66, 0xA1, 0x09, 0x18, 0x8F, 0x71, 0x6C, 0xE5, 0x18, 0xC4, 0x21, 0x70, 0xBA,
    0xFF, 0x36, 0x5B, 0xD9, 0xB4, 0xB2, 0x1C, 0x81, 0x7B, 0x9D, 0xC2, 0xDF, 0xA4, 0x72, 0xD7, 0x79,
    0x8D, 0x5A, 0x66, 0x8A, 0xBE, 0x83, 0xBB, 0x0F, 0x50, 0xE9, 0xAC, 0xBB, 0xD7, 0xB8, 0x45, 0xC5,
    0x3B, 0xA8, 0xCE, 0x51, 0x00, 0xCA, 0x83, 0x06, 0xAE, 0x43, 0x8A, 0xC0, 0x07, 0x50, 0x8C, 0x5B,
    0x77, 0xED, 0xA0, 0x01, 0x2C, 0xD0, 0x03, 0x5F, 0x38, 0xD4, 0x45, 0x47, 0x75, 0xDF, 0xA3, 0x53,
    0xFC, 0x8D, 0xD2, 0x73, 0x10, 0xAA, 0xF1, 0xA9, 0xFD, 0xC5, 0x6A, 0x1B, 0xDD, 0xFF, 0x69, 0x1B,
    0xF9, 0xBC, 0x03, 0x78, 0x41, 0x64, 0xEB, 0x68, 0xB7, 0x7B, 0x21, 0xDE, 0x01, 0x54, 0x5F, 0x6C,
    0xEB, 0xF4, 0x67, 0x81, 0x9C, 0x76, 0xFB, 0xA3, 0xF9, 0x65, 0x07, 0xF5, 0x50, 0x0C, 0x4D, 0x07,
    0xB5, 0x07, 0xE3, 0xB8, 0xAE, 0x3B, 0x6E, 0x1A, 0x30, 0x8F, 0x1C, 0xFD, 0xF9, 0xF6, 0x5F, 0x59,
    0x2B, 0x02, 0xBD, 0xF8, 0x22, 0xEF, 0xF2, 0xBB, 0x4E, 0xC9, 0x8F, 0x50, 0xFF, 0xF1, 0xE8, 0x94,
    0xA3, 0x3F, 0x1B, 0xF3, 0xBB, 0x47, 0x75, 0x11, 0x68, 0xEA, 0x81, 0xA2, 0x9C, 0x28, 0xAA, 0x81,
    0x83, 0xD8, 0xC5, 0xC6, 0x36, 0x02, 0xC6, 0x01, 0x2B, 0x80, 0x08, 0xA8, 0x40, 0x1E, 0x0E, 0xE4,
    0xE9, 0xD8, 0xBD, 0xBF, 0x9C, 0xF6, 0xB7, 0xA8, 0x3D, 0x60, 0x00, 0x4E, 0x01, 0xE6, 0x67, 0x14,
    0x61, 0x23, 0x76, 0xA6, 0x9D, 0x39, 0x87, 0x35, 0x2C, 0x10, 0x29, 0x22, 0xE5, 0x9C, 0x7B, 0x29,
    0xF1, 0x4A, 0xBA, 0x4A, 0x5C, 0xFD, 0xA5, 0xFF, 0x27, 0xC6, 0xED, 0x4B, 0x27, 0x80, 0xDD, 0xA9,
    0x0F, 0x79, 0x4A, 0x95, 0xD6, 0x93, 0x05, 0xFB, 0x26, 0x02, 0x16, 0x5A, 0x38, 0xDF, 0x0E, 0xDA,
    0xCE, 0x3A, 0x94, 0x02, 0x85, 0x3C, 0x48, 0x99, 0x46, 0xA6, 0x56, 0x86, 0x46, 0x62, 0x2B, 0xE1,
    0xDA, 0xED, 0xF8, 0x9D, 0x7A, 0xCA, 0x79, 0xD5, 0x44, 0x19, 0xA9, 0x03, 0xF5, 0x8C, 0x19, 0x69,
    0xC7, 0x42, 0xBA, 0x42, 0x5C, 0xB5, 0xA0, 0x22, 0x3A, 0x8F, 0xA5, 0xF1, 0x79, 0xAC, 0x71, 0x3C,
    0x29, 0x4D, 0xC7, 0x0A, 0xAC, 0x47, 0x1C, 0xD9, 0x92, 0x13, 0xD6, 0x50, 0xCA, 0x83, 0x7A, 0x4A,
    0xA3, 0x74, 0x48, 0x93, 0x74, 0x1E, 0xD4, 0x8C, 0x14, 0xB1, 0x19, 0x28, 0xA3, 0xF1, 0xD4, 0xB3,
    0xF5, 0xB4, 0xA3, 0xCD, 0x33, 0xAC, 0x53, 0x91, 0x36, 0x4F, 0x68, 0xF3, 0x80, 0xF3, 0xA7, 0xBA,
    0x17, 0x33, 0xD6, 0xAB, 0x25, 0x9B, 0x88, 0x71, 0xE5, 0x44, 0x21, 0x85, 0x0C, 0xE5, 0xA6, 0x91,
    0xB9, 0x5C, 0xB4, 0x44, 0x15, 0xAF, 0xDD, 0x5E, 0x52, 0x8C, 0x45, 0xCD, 0x94, 0xB1, 0x9A, 0xA8,
    0xE7, 0x3A, 0x60, 0x43, 0x3D, 0x22, 0x9D, 0x1E, 0x32, 0x7D, 0x5F, 0x85, 0x64, 0x92, 0xE3, 0x20,
    0x26, 0x39, 0xE8, 0x3B, 0x3B, 0x6C, 0xCD, 0x8A, 0xA6, 0xA3, 0x15, 0xE9, 0x76, 0x70, 0xD0, 0x02,
    0x0B, 0x14, 0x11, 0x54, 0x80, 0x5C, 0xDD, 0x78, 0xB0, 0x1D, 0xF4, 0xDB, 0x50, 0x9E, 0x5A, 0x05,
    0x68, 0x65, 0x4E, 0x90, 0x8C, 0xEE, 0x5E, 0x2B, 0x7E, 0x87, 0xE1, 0x12, 0xB2, 0x2F, 0xC7, 0xB9,
    0xD7, 0xCE, 0xDC, 0xBB, 0xC7, 0x73, 0x01, 0xA0, 0x14, 0xF1, 0x4D, 0x82, 0x95, 0x0B, 0xDF, 0x26,
    0xF4, 0x97, 0x90, 0x7D, 0x39, 0x66, 0x52, 0x4E, 0x95, 0x00, 0x60, 0x65, 0x4E, 0x10, 0x77, 0xCB,
    0x8A, 0x4F, 0x18, 0x12, 0xC6, 0x4B, 0xC8, 0xBE, 0x54, 0x27, 0x9D, 0x95, 0x05, 0x00, 0x5E, 0x72,
    0xA0, 0x7D, 0x42, 0xC7, 0x1B, 0x0D, 0xD8, 0x47, 0x90, 0x9F, 0x45, 0x91, 0x50, 0xCA, 0xFB, 0xD4,
    0xD2, 0x61, 0x7E, 0xE3, 0xD1, 0x6F, 0x8E, 0x14, 0x6A, 0x84, 0x02, 0xCA, 0x49, 0xC5, 0x2A, 0xAA,
    0xC0, 0x53, 0x62, 0x9D, 0x25, 0xAB, 0xC1, 0x00, 0xFD, 0x00, 0x95, 0x44, 0x68, 0x5C, 0x03, 0xF9,
    0xFB, 0xC4, 0xAF, 0x28, 0x3B, 0xBE, 0x3E, 0x39, 0x02, 0x47, 0xFE, 0xF8, 0x6D, 0xBB, 0xE7, 0xCF,
    0x1F, 0xB5, 0xCC, 0x50, 0xF4, 0x0F, 0xD8, 0xC9, 0x0A, 0x38, 0x85, 0xEE, 0x8C, 0x62, 0x3E, 0xA3,
    0x94, 0x7F, 0xBF, 0xC7, 0x5D, 0x89, 0x54, 0x09, 0x4D, 0xFC, 0x3F, 0xFA, 0x15, 0xAC, 0x2D, 0xDC,
    0x30, 0x1D, 0xBC, 0x0C, 0xDF, 0x78, 0xE2, 0x59, 0x68, 0x87, 0x7D, 0x04, 0x66, 0xFB, 0x2C, 0x12,
    0xDE, 0x77, 0xFF, 0xEB, 0x59, 0xAC, 0xCA, 0x49, 0x4E, 0x82, 0xBC, 0x35, 0xAC, 0xB4, 0xA7, 0xE9,
    0xB0, 0xE4, 0xB5, 0x86, 0x48, 0x31, 0xA3, 0x02, 0x6A, 0xFF, 0xE2, 0x36, 0x27, 0xA3, 0xAD, 0xA7,
    0x55, 0x3D, 0xAD, 0xD5, 0x58, 0xCA, 0x9F, 0xE1, 0x96, 0x16, 0xF9, 0x4B, 0x11, 0xAD, 0x24, 0x99,
    0x56, 0x89, 0x98, 0x8C, 0x1F, 0xC2, 0x2B, 0x1B, 0xC7, 0x2B, 0x23, 0x85, 0x2C, 0x54, 0x43, 0xE3,
    0xAE, 0x51, 0xFA, 0x9B, 0x30, 0xE4, 0xBB, 0x45, 0x3B, 0x5E, 0xD0, 0xDF, 0x47, 0xFF, 0xF6, 0xAE,
    0xAB, 0x64, 0x43, 0x21, 0x13, 0x7D, 0xAA, 0xCA, 0xC8, 0x67, 0x25, 0x11, 0xFD, 0xA8, 0x47, 0xDF,
    0x79, 0x9B, 0x52, 0x7F, 0x8F, 0x9C, 0x0F, 0x91, 0x72, 0x93, 0x17, 0x91, 0xBD, 0x58, 0xE8, 0x5D,
    0x5E, 0x96, 0x83, 0x3C, 0x95, 0xB9, 0xD8, 0x3B, 0x9F, 0x4E, 0xE5, 0x7C, 0x6E, 0xDE, 0x1D, 0xAB,
    0xBF, 0xC5, 0xB6, 0xF1, 0xFA, 0x22, 0x44, 0x8B, 0x79, 0xEB, 0x93, 0xE9, 0x94, 0x63, 0x7D, 0x7F,
    0x9C, 0x81, 0x08, 0x29, 0x7D, 0x6F, 0x88, 0x5C, 0x16, 0x0B, 0xE5, 0xD4, 0x3B, 0x54, 0x7C, 0x6C,
    0x1E, 0x5F, 0x72, 0x59, 0x2E, 0x77, 0xB9, 0xBA, 0x2C, 0x02, 0xC5, 0x66, 0x6F, 0x38, 0x03, 0xE0,
    0x99, 0xC3, 0xAB, 0x98, 0xCD, 0xB6, 0x8B, 0xA5, 0x77, 0xBD, 0xB3, 0xCF, 0xC8, 0xDF, 0xC5, 0xEA,
    0x01, 0x74, 0xC8, 0xC8, 0xE7, 0xCB, 0x3D, 0x53, 0xB7, 0x72, 0xC9, 0xC8, 0x67, 0x2E, 0xC9, 0x97,
    0x6B, 0x2D, 0xA8, 0x60, 0xD5, 0x58, 0x4F, 0xB6, 0x9E, 0x1E, 0x1B, 0x35, 0xA6, 0x4B, 0xB0, 0x70,
    0x30, 0xAD, 0x24, 0x39, 0x98, 0x43, 0x20, 0xD5, 0x56, 0xB9, 0x56, 0x4F, 0xD9, 0x5C, 0xAE, 0x35,
    0xB4, 0x5D, 0xDB, 0x19, 0xB6, 0x62, 0x5C, 0xEB, 0x5B, 0x6F, 0x9E, 0xBC, 0xA1, 0xAE, 0xEF, 0x6C,
    0xF2, 0x5B, 0x6F, 0xBD, 0x71, 0xFB, 0x1D, 0xBE, 0x7C, 0xDA, 0xFF, 0x00, 0x7F, 0xAE, 0x1F, 0xF7,
    0xAF, 0x67, 0xBD, 0x3A, 0xB3, 0x1F, 0x53, 0xE7, 0x4E, 0xA7, 0xF3, 0x55, 0x0A, 0x9A, 0x26, 0x31,
    0x69, 0x87, 0xBB, 0x0F, 0xAE, 0xEA, 0xDA, 0xB8, 0x77, 0x86, 0x77, 0x86, 0xC6, 0x5D, 0xD5, 0x73,
    0xC3, 0xF3, 0xDE, 0xD1, 0x7F, 0x01, 0x45, 0x94, 0x21, 0x8C, 0x1C, 0x37, 0x14, 0x86, 0xBF, 0x1D,
    0x83, 0x91, 0x62, 0xB5, 0xC6, 0x69, 0xA5, 0x98, 0x94, 0x54, 0x6A, 0xCF, 0x3C, 0xCA, 0xAE, 0x2D,
    0x85, 0xEB, 0x70, 0x79, 0x50, 0xA5, 0xAA, 0x34, 0xE0, 0xB2, 0x63, 0x29, 0xA0, 0x30, 0xE1, 0x24,
    0x3C, 0xE4, 0x48, 0xC0, 0x81, 0xDB, 0x1B, 0x37, 0x07, 0x0B, 0x62, 0xE9, 0xB8, 0x6A, 0x50, 0x94,
    0x82, 0x1B, 0x29, 0x03, 0x46, 0xED, 0xCE, 0xBE, 0x8E, 0xF7, 0x4E, 0x3D, 0xBD, 0x5F, 0xA3, 0x7D,
    0xCF, 0xFF, 0xEE, 0xDA, 0xEF, 0x7B, 0x9E, 0x66, 0xC6, 0x48, 0x70, 0xB7, 0xC9, 0x9B, 0xD4, 0x99,
    0x74, 0x65, 0xD2, 0xCE, 0xC6, 0x9D, 0x0F, 0x7D, 0x8F, 0xDF, 0x63, 0x0B, 0x4D, 0x69, 0x32, 0xB4,
    0x49, 0x27, 0x13, 0x4D, 0xB0, 0x58, 0x1C, 0x1B, 0xD6, 0x60, 0x32, 0x3E, 0xD3, 0xA7, 0x46, 0x52,
    0xFB, 0x67, 0x34, 0x2E, 0x6C, 0xFA, 0xB7, 0x9D, 0xE4, 0x5E, 0x12, 0x5B, 0x78, 0x85, 0x92, 0xA2,
    0x24, 0xB7, 0x9F, 0xA3, 0x8E, 0x98, 0x03, 0x8F, 0xFA, 0x80, 0x89, 0xD8, 0xF8, 0xB4, 0x0F, 0x5E,
    0x70, 0x23, 0x3C, 0x0E, 0x4A, 0x92, 0x91, 0xE8, 0x22, 0x1E, 0xB6, 0x33, 0xBD, 0xB0, 0xB3, 0xE1,
    0xD2, 0x86, 0x6D, 0x8F, 0x9F, 0xD1, 0x23, 0x8F, 0xDE, 0xBF, 0x75, 0x92, 0xBD, 0x24, 0x4C, 0x35,
    0xB1, 0x83, 0x09, 0x35, 0xA0, 0x33, 0x26, 0xD5, 0xC2, 0xF7, 0xC0, 0x63, 0xEA, 0x1E, 0xA4, 0xE8,
    0x9B, 0xD2, 0xDE, 0x64, 0x25, 0xA1, 0x95, 0xE0, 0x4E, 0xEB, 0x89, 0xFC, 0x79, 0x72, 0x12, 0xF5,
    0xCC, 0xEA, 0x05, 0x5A, 0x70, 0x12, 0xBC, 0x89, 0xAF, 0x4C, 0xDA, 0xD8, 0xE4, 0x25, 0xDA, 0xDB,
    0x80, 0xE7, 0xE7, 0x99, 0x7E, 0xA4, 0x8F, 0xAC, 0x72, 0x95, 0x97, 0xAA, 0xFA, 0xB9, 0x8A, 0xAE,
    0xA6, 0xC8, 0x2C, 0x33, 0x77, 0xCF, 0xB7, 0x2A, 0xE9, 0xF0, 0x84, 0x67, 0x9C, 0x71, 0xC1, 0xC8,
    0x50, 0x83, 0x0F, 0xBC, 0x5C, 0x2A, 0xAB, 0xB0, 0xCA, 0x0C, 0x0F, 0xB1, 0x2A, 0x2A, 0xB7, 0xC9,
    0x84, 0x93, 0x65, 0x55, 0xFF, 0x1A, 0x8D, 0x24, 0x73, 0x9D, 0xAD, 0x4A, 0xAE, 0x4D, 0x1B, 0x1D,
    0xD7, 0x26, 0x9C, 0x19, 0x78, 0x41, 0x2B, 0x2C, 0x4B, 0xEE, 0x4D, 0xF2, 0xA6, 0x6A, 0xBB, 0x50,
    0x38, 0x22, 0xE8, 0x2A, 0x02, 0x74, 0x01, 0x4F, 0x53, 0x3D, 0xF8, 0x03, 0x5F, 0xED, 0x60, 0x7F,
    0xAF, 0xD5, 0x44, 0x33, 0xD6, 0x6E, 0xD0, 0xC7, 0x56, 0x8A, 0xFA, 0x7B, 0xA8, 0x49, 0x5B, 0xB0,
    0x89, 0x2B, 0xD4, 0x88, 0xF9, 0x1C, 0xBD, 0xA4, 0x45, 0xFC, 0x84, 0x92, 0xB4, 0x10, 0x59, 0x2D,
    0xAB, 0x3A, 0x37, 0x12, 0x9A, 0x03, 0xAB, 0xF3, 0x88, 0x49, 0x4F, 0xFB, 0x58, 0x71, 0x4C, 0xA0,
    0x07, 0x5C, 0xA1, 0xCB, 0xAB, 0xC5, 0xF9, 0x29, 0x99, 0xD3, 0xE8, 0xCF, 0xB3, 0x97, 0xD2, 0x49,
    0xC1, 0xC3, 0x06, 0x2D, 0xC9, 0x2C, 0x7A, 0x1F, 0x2C, 0xB8, 0x3D, 0x4F, 0x04, 0x7C, 0xD5, 0x3F,
    0x82, 0xEC, 0xE9, 0x0A, 0x7C, 0x13, 0x9A, 0xA3, 0xC7, 0x26, 0xEA, 0x37, 0xAE, 0xE8, 0x24, 0x6C,
    0x6B, 0xC3, 0xA3, 0xEF, 0x83, 0x3B, 0xDC, 0x03, 0xB5, 0x52, 0x9C, 0x64, 0x4C, 0xC4, 0xC1, 0x16,
    0xF6, 0xF5, 0x14, 0x6D, 0xC1, 0x24, 0x5C, 0xA0, 0x02, 0xAD, 0xB0, 0x42, 0xFD, 0x9D, 0x37, 0xC9,
    0x9E, 0x46, 0x7D, 0xC0, 0xCE, 0xBC, 0xF2, 0xEC, 0x5D, 0x38, 0xF4, 0x74, 0x4B, 0x3A, 0xDE, 0x79,
    0xB0, 0x12, 0xFD, 0x42, 0x53, 0x1F, 0x5B, 0x27, 0xC9, 0xDC, 0xC6, 0x0A, 0xF4, 0x40, 0x3F, 0xD1,
    0x45, 0x54, 0x54, 0xB1, 0x32, 0x53, 0xB1, 0x86, 0xEC, 0x65, 0xEE, 0xE7, 0xFE, 0x00, 0xF5, 0xB9,
    0x1A, 0x54, 0xAA, 0xE3, 0xBC, 0xE6, 0x19, 0x2F, 0xB9, 0xE0, 0x03, 0x35, 0x2A, 0xC5, 0x1F, 0xF8,
    0x9F, 0xE2, 0xB8, 0xC4, 0x03, 0x47, 0x7E, 0xE4, 0x3B, 0xDA, 0x2F, 0xE9, 0xF8, 0xA7, 0xF1, 0xCC,
    0x2C, 0x83, 0xCA, 0xA5, 0xAF, 0xFB, 0x71, 0xBF, 0xD0, 0xCC, 0x58, 0x61, 0x63, 0xC3, 0x92, 0xF6,
    0x7F, 0x71, 0x49, 0x65, 0x67, 0x27, 0xDA, 0xBB, 0xBA, 0x09, 0xD5, 0xBF, 0xC8, 0xE1, 0x97, 0xCA,
    0x88, 0x2A, 0xD3, 0xEA, 0xCB, 0x80, 0x24, 0x7A, 0x10, 0x94, 0xA0, 0x3F, 0x45, 0xD7, 0x26, 0x3D,
    0xE1, 0x0E, 0xE0, 0xF8, 0x56, 0xE8, 0x84, 0x69, 0x8D, 0x2C, 0x95, 0x4C, 0x33, 0xA0, 0x0A, 0x2A,
    0xB3, 0xDC, 0x35, 0x2D, 0xD9, 0xDC, 0x14, 0xF3, 0xBA, 0xCE, 0x92, 0x6D, 0xD3, 0xC9, 0x71, 0x96,
    0x1E, 0x0C, 0x1F, 0x07, 0xFD, 0x47, 0x32, 0xE7, 0x98, 0x3D, 0x76, 0x8F, 0xDB, 0xB0, 0xB1, 0xAC,
    0x4D, 0x6C, 0x06, 0x55, 0xCF, 0x71, 0x7F, 0x91, 0x0D, 0x96, 0x13, 0xD6, 0xB4, 0xEF, 0x7E, 0x2B,
    0xFA, 0xDF, 0xC3, 0x68, 0xAE, 0x87, 0xD1, 0x3C, 0xCF, 0xA3, 0x6D, 0x7F, 0x1F, 0xAC, 0xFE, 0x38,
    0x9C, 0xE8, 0xD7, 0x65, 0xBD, 0x14, 0xBE, 0xEE, 0x6A, 0x93, 0xDD, 0x69, 0xDC, 0x98, 0xE3, 0xC4,
    0x5A, 0x2E, 0x1C, 0xD3, 0x06, 0xF5, 0x2E, 0xB6, 0x92, 0xF5, 0x75, 0x31, 0xCF, 0x8B, 0x51, 0xD9,
    0xEA, 0xE4, 0x24, 0xAC, 0x77, 0xAC, 0xE1, 0x8C, 0xAA, 0x0B, 0xD0, 0x93, 0x9D, 0x1D, 0x26, 0x37,
    0x13, 0x97, 0xFD, 0xD4, 0x15, 0x15, 0x75, 0xF4, 0x53, 0x37, 0xDE, 0xBD, 0x40, 0xCE, 0xE8, 0x92,
    0x4B, 0xFF, 0x01, 0x4D, 0x96, 0x01, 0xC4, 0x26, 0xC7, 0xFD, 0xC7, 0x3F, 0xCF, 0x6E, 0x72, 0xFB,
    0x67, 0xC9, 0xFC, 0x51, 0x44, 0xDA, 0x66, 0x02, 0x80, 0x5E, 0x06, 0x82, 0xD2, 0x4B, 0x66, 0x2F,
    0x47, 0x8B, 0xD0, 0x37, 0xA0, 0x00, 0x2D, 0x00, 0x4A, 0x20, 0x08, 0xCD, 0x65, 0x37, 0x39, 0x5A,
    0x84, 0xE6, 0x14, 0x00, 0x02, 0x05, 0xA8, 0x06, 0x10, 0x5C, 0xEC, 0x24, 0x2F, 0x5E, 0x9C, 0xBA,
    0x4D, 0x83, 0x00, 0x6E, 0xDB, 0x0B, 0x41, 0xE8, 0xCD, 0xDD, 0x6D, 0x9A, 0xBD, 0x64, 0x76, 0xBF,
    0x9D, 0xDD, 0xE7, 0xBD, 0x4B, 0x1E, 0xFB, 0xF9, 0xFC, 0x78, 0x3C, 0x3B, 0xFB, 0xFC, 0x66, 0xBE,
    0xCF, 0xCC, 0x43, 0x3B, 0x51, 0x6A, 0xC6, 0x68, 0xC2, 0x8E, 0xFF, 0x8F, 0x0F, 0xE0, 0x5F, 0xD1,
    0xD8, 0xD6, 0x1A, 0x7A, 0xA3, 0xD0, 0x9B, 0x40, 0xFB, 0x7E, 0xC0, 0x4B, 0x8D, 0x93, 0xA8, 0x32,
    0x78, 0xA0, 0x05, 0xFA, 0x35, 0xB3, 0x80, 0x12, 0x60, 0x7E, 0x0A, 0xCF, 0x5E, 0xE2, 0x82, 0x12,
    0x4E, 0x0B, 0x52, 0x2A, 0x75, 0x6F, 0xAA, 0xD7, 0x7F, 0x07, 0xF3, 0xDF, 0xD3, 0xE0, 0xEE, 0x9C,
    0x35, 0xFE, 0xEC, 0x04, 0x7F, 0xF3, 0x29, 0xFC, 0x9F, 0x2F, 0xE2, 0xFF, 0x76, 0x09, 0x7F, 0xE3,
    0x0D, 0xFC, 0xFC, 0x01, 0x6E, 0xFA, 0x06, 0x73, 0x3E, 0x76, 0xA9, 0x87, 0x54, 0xEF, 0x42, 0x6D,
    0x80, 0x42, 0x23, 0x4E, 0x09, 0x29, 0x15, 0x6A, 0x5E, 0xAF, 0x12, 0x98, 0x08, 0x76, 0x04, 0xF7,
    0xF1, 0xBD, 0xE8, 0x3F, 0xF9, 0x66, 0xF4, 0xA7, 0x1A, 0xFC, 0xB5, 0x19, 0x7F, 0x2D, 0xE2, 0xCF,
    0x32, 0x37, 0xB7, 0x5B, 0xBE, 0x7C, 0x3C, 0x1E, 0xFD, 0x43, 0x68, 0x35, 0x67, 0x26, 0x7A, 0x45,
    0x04, 0xAC, 0x70, 0x58, 0x32, 0x09, 0x0A, 0xA9, 0x2B, 0xA5, 0x66, 0xA3, 0x9A, 0xA0, 0x8E, 0x60,
    0x32, 0xBD, 0x02, 0x52, 0x87, 0x1D, 0xC0, 0x05, 0xF0, 0x19, 0x78, 0x6D, 0xDE, 0xEF, 0x80, 0x4A,
    0x0B, 0x98, 0xE9, 0xE9, 0xAC, 0x11, 0xF6, 0x4F, 0x95, 0xD2, 0xB0, 0xE9, 0xD1, 0x87, 0x7D, 0x07,
    0xB5, 0xD4, 0x61, 0xA4, 0x06, 0xC4, 0xF1, 0xA1, 0x54, 0x13, 0xE0, 0xA4, 0x11, 0x2F, 0x0D, 0x9B,
    0x02, 0x00, 0xD3, 0xA6, 0x72, 0xDC, 0x5C, 0x05, 0xCA, 0xD8, 0x9B, 0x95, 0xF2, 0x81, 0xA4, 0x50,
    0x6A, 0x73, 0xB5, 0xDA, 0xC5, 0x0D, 0xF5, 0x6C, 0x26, 0x3B, 0x98, 0x68, 0xA2, 0x0D, 0x99, 0xC1,
    0x05, 0x33, 0xBA, 0xE0, 0x83, 0x1D, 0x7C, 0xF0, 0x9D, 0x0B, 0xEA, 0xDA, 0xC6, 0x7F, 0x92, 0x8D,
    0xBF, 0xA6, 0xA6, 0xC7, 0x9F, 0x08, 0xD1, 0x5A, 0xB1, 0xC2, 0x8B, 0x00, 0xDC, 0xD8, 0x74, 0x88,
    0x9B, 0x11, 0x09, 0x35, 0xF3, 0x41, 0x97, 0xA7, 0x42, 0x2F, 0xC7, 0x42, 0xEF, 0xC4, 0xF2, 0xAB,
    0x6B, 0xD1, 0x4A, 0xC9, 0x65, 0xEA, 0x9B, 0x37, 0x43, 0x7D, 0x76, 0x2B, 0xB4, 0x52, 0xDC, 0xB0,
    0x57, 0x6E, 0x37, 0xAE, 0xBC, 0x8B, 0x2F, 0x95, 0x59, 0x79, 0x29, 0x73, 0xB5, 0x5C, 0xA0, 0xCF,
    0x80, 0x14, 0x76, 0x8F, 0x40, 0xB2, 0x11, 0x0E, 0xA9, 0x8E, 0x1F, 0x52, 0x64, 0xCF, 0x94, 0xB3,
    0xB9, 0x3F, 0x51, 0x4E, 0xED, 0x97, 0xDF, 0x76, 0x95, 0x74, 0x57, 0xA1, 0x96, 0xBC, 0xBA, 0x5A,
    0x5F, 0x98, 0x81, 0xEF, 0xAF, 0x80, 0xDD, 0x2F, 0xB7, 0x5F, 0xBE, 0xC3, 0xAD, 0xF8, 0x06, 0xBB,
    0xBB, 0x5A, 0x40, 0x33, 0x80, 0xD4, 0xC0, 0x41, 0x0A, 0x50, 0x24, 0x3F, 0x40, 0x99, 0xEC, 0xD0,
    0x5F, 0x2F, 0x67, 0xFB, 0xB9, 0xA6, 0x6A, 0x72, 0xB7, 0x15, 0xAB, 0xD8, 0xDF, 0x1A, 0x5E, 0xAD,
    0xA5, 0x93, 0x01, 0xA3, 0xC5, 0x4C, 0xD9, 0xB1, 0x5A, 0xB1, 0x9F, 0x4D, 0x07, 0x75, 0xEE, 0x74,
    0xC6, 0x05, 0x77, 0x9A, 0xB0, 0xC1, 0xBF, 0x93, 0xAE, 0xBB, 0xE0, 0x2F, 0xA7, 0x5E, 0xA1, 0xBD,
    0xBC, 0xF4, 0xA2, 0x67, 0xCD, 0x8B, 0x5D, 0x0E, 0xAE, 0xBB, 0x5A, 0x0D, 0xBE, 0xBB, 0x51, 0x0D,
    0x6D, 0x37, 0x57, 0x43, 0xFF, 0xF6, 0x54, 0x05, 0x5D, 0x89, 0xD5, 0xC7, 0xDF, 0x5D, 0x19, 0xEB,
    0xD3, 0xBB, 0xAF, 0x0C, 0xF5, 0xE9, 0xAD, 0x93, 0xE0, 0xB5, 0x4F, 0x50, 0x96, 0xB9, 0x6D, 0x3C,
    0xE6, 0xEF, 0xE6, 0x2A, 0xE6, 0x23, 0x73, 0x03, 0x93, 0xCC, 0x8C, 0x99, 0xED, 0x84, 0x99, 0x6C,
    0xC4, 0x44, 0x3B, 0x62, 0x06, 0x1B, 0xA0, 0xD5, 0x50, 0x8F, 0xF4, 0x9A, 0xEB, 0x01, 0x69, 0x31,
    0x81, 0xC4, 0x6A, 0xC2, 0x21, 0x2D, 0xAD, 0xED, 0x8A, 0x39, 0xB5, 0xAE, 0x2B, 0xA6, 0xF4, 0x96,
    0x6F, 0xCA, 0x7B, 0xF3, 0x47, 0x9E, 0xF2, 0x7E, 0x7E, 0x8B, 0xEA, 0x41, 0x7E, 0x8B, 0xFA, 0xCE,
    0xBD, 0xF4, 0x11, 0xE6, 0xB3, 0xFB, 0xF3, 0x82, 0x39, 0xBB, 0x33, 0x25, 0xCC, 0xCD, 0xB1, 0x98,
    0xB1, 0xEF, 0x0D, 0x75, 0xC4, 0x9D, 0xEC, 0xD9, 0xCA, 0xEE, 0xF0, 0x56, 0x0F, 0x79, 0x14, 0xBC,
    0xDF, 0xAC, 0xCD, 0x3E, 0x61, 0x7B, 0xE6, 0xA1, 0x9C, 0xCE, 0xC3, 0xE8, 0x3E, 0x8F, 0x1C, 0xF4,
    0x5D, 0xA4, 0x94, 0x46, 0xCC, 0xEC, 0x06, 0xB6, 0x64, 0xE1, 0x86, 0x7D, 0x15, 0xB2, 0xB6, 0x68,
    0x65, 0xB5, 0x0D, 0xFE, 0x53, 0x81, 0x93, 0xC0, 0xA8, 0x85, 0x22, 0xBD, 0xC4, 0x0F, 0x5E, 0xBD,
    0xA6, 0x4D, 0x11, 0x72, 0x19, 0xA9, 0x94, 0x70, 0x9A, 0x68, 0x87, 0xDF, 0xA1, 0xE3, 0x97, 0xB0,
    0x5A, 0x70, 0x4A, 0x54, 0x33, 0xD4, 0x13, 0x78, 0x45, 0x5A, 0x8D, 0xD4, 0x91, 0x9D, 0x2A, 0x5D,
    0xA0, 0x94, 0x38, 0x64, 0x70, 0x0F, 0xA1, 0x47, 0x0D, 0x2A, 0x56, 0x58, 0xAB, 0xC4, 0x61, 0x31,
    0x91, 0x22, 0xB9, 0x21, 0xAB, 0xED, 0x28, 0x93, 0xA0, 0xFC, 0x36, 0x81, 0x97, 0x46, 0x5A, 0x69,
    0xD8, 0x9E, 0xD0, 0x60, 0xEE, 0x27, 0x30, 0xFF, 0x5A, 0xC0, 0x0E, 0x02, 0x17, 0x04, 0x3E, 0xF4,
    0x0D, 0xBE, 0x6B, 0x3B, 0x7C, 0xE3, 0x03, 0xD5, 0x16, 0x6F, 0x69, 0x36, 0xD2, 0x84, 0x89, 0x60,
    0x1E, 0x64, 0xD4, 0x60, 0x13, 0xB8, 0x01, 0xDA, 0x40, 0xA9, 0xFF, 0x60, 0x94, 0x78, 0xB2, 0x1D,
    0xA0, 0x87, 0x52, 0xE0, 0x56, 0xB8, 0xB8, 0x1C, 0xBB, 0x29, 0x12, 0xFC, 0x58, 0x23, 0x40, 0xAB,
    0x15, 0x78, 0xF4, 0x6B, 0xFE, 0xD1, 0xD6, 0x3E, 0x14, 0xC9, 0x44, 0xA0, 0x4C, 0xD5, 0xBC, 0x95,
    0xB9, 0xDC, 0xCB, 0x54, 0x26, 0xA0, 0x8A, 0x7B, 0xA9, 0x63, 0x4E, 0xEC, 0x8C, 0xC9, 0xA5, 0x5F,
    0x31, 0x63, 0xFD, 0xF5, 0xE2, 0xB1, 0x83, 0x79, 0x30, 0xD9, 0xC6, 0x06, 0xFF, 0x59, 0xB4, 0x8D,
    0xFB, 0x44, 0x7F, 0x8A, 0xAE, 0xF1, 0x5A, 0xEB, 0xA9, 0xC5, 0x6B, 0xAA, 0xB5, 0xD0, 0xAE, 0x8D,
    0xB9, 0x3B, 0x02, 0x98, 0xB0, 0x19, 0x7B, 0x2C, 0xAE, 0x3B, 0x96, 0x66, 0x33, 0x9E, 0x1F, 0x94,
    0x6A, 0x06, 0xBC, 0x80, 0x5E, 0x1D, 0xC8, 0x76, 0x1C, 0x96, 0x5D, 0x6E, 0x93, 0x27, 0xEB, 0x2D,
    0x60, 0x4D, 0x80, 0x26, 0xA0, 0x1F, 0xE0, 0xB9, 0x36, 0xC0, 0xEB, 0x9B, 0x66, 0x0D, 0x94, 0xCA,
    0xAA, 0x75, 0x6B, 0xC4, 0x3A, 0x13, 0x79, 0xF1, 0x27, 0x59, 0xF0, 0xBD, 0xDC, 0x08, 0xA5, 0x86,
    0x4D, 0x1D, 0x14, 0x0B, 0xA0, 0x85, 0x83, 0xD4, 0x15, 0x52, 0xC8, 0xAD, 0x8E, 0x56, 0x4A, 0x99,
    0xB9, 0x8A, 0x66, 0xF0, 0xD2, 0x94, 0x89, 0xE6, 0x53, 0x35, 0x56, 0x2B, 0x4E, 0x73, 0xA6, 0xC3,
    0x77, 0xE0, 0x9B, 0xF3, 0x33, 0x06, 0x10, 0x00, 0xCF, 0x02, 0x85, 0xE6, 0xF3, 0xFC, 0x49, 0x0B,
    0xA5, 0x6E, 0xFC, 0x0C, 0x93, 0x3E, 0x04, 0x1B, 0x27, 0xF0, 0x43, 0xCC, 0x0A, 0x59, 0xED, 0xDB,
    0x4A, 0xB4, 0x2F, 0x67, 0xF5, 0x57, 0x76, 0x9D, 0xCE, 0xB4, 0xBF, 0x3A, 0x9B, 0x68, 0xCF, 0xDE,
    0x8D, 0xF8, 0xBB, 0xEF, 0x45, 0xAC, 0xB4, 0x25, 0x54, 0x03, 0xF4, 0x6B, 0x03, 0xCF, 0x03, 0x3C,
    0xBD, 0x09, 0x17, 0x01, 0xBF, 0xA9, 0xDF, 0xA4, 0xAC, 0x62, 0x53, 0xF9, 0xCD, 0x04, 0xF5, 0x83,
    0x89, 0x52, 0xD2, 0x58, 0x65, 0x0D, 0xF8, 0x97, 0x67, 0x8C, 0xA4, 0x6E, 0x57, 0x99, 0x0E, 0x89,
    0x6A, 0xCA, 0x32, 0x31, 0xCB, 0x8E, 0x87, 0x05, 0x1F, 0x58, 0x68, 0xBB, 0x2C, 0xDC, 0x3E, 0x15,
    0x01, 0x69, 0xE4, 0xAF, 0xE6, 0x3C, 0xF2, 0x66, 0xF4, 0xD2, 0x9C, 0x99, 0xD0, 0x4A, 0x95, 0x4B,
    0x2F, 0xC5, 0xCC, 0xE8, 0x03, 0xC7, 0xA9, 0x18, 0x9E, 0xC1, 0x69, 0xC5, 0x64, 0x0E, 0xFA, 0x02,
    0xB0, 0x50, 0xED, 0x81, 0x4F, 0x07, 0x69, 0x2E, 0xD7, 0xAB, 0x1F, 0x98, 0xF9, 0x0D, 0x6C, 0xFC,
    0x10, 0x37, 0x4C, 0xFB, 0x14, 0xF8, 0xB7, 0x63, 0x9E, 0x80, 0x31, 0x33, 0xD0, 0x5E, 0xD9, 0x08,
    0xB9, 0xF9, 0x80, 0xFF, 0xEA, 0x8F, 0x58, 0x89, 0x3A, 0x73, 0xD0, 0x02, 0x96, 0x63, 0xEF, 0x9E,
    0x09, 0xDE, 0x2A, 0x22, 0x2C, 0x65, 0x64, 0x6F, 0xCE, 0x65, 0x05, 0xAF, 0xE3, 0xC2, 0x05, 0xAA,
    0xC9, 0x05, 0xEA, 0xE8, 0x77, 0x75, 0x98, 0xB1, 0x6D, 0xB2, 0x7A, 0xB0, 0x43, 0x96, 0x0B, 0x7A,
    0x02, 0x1F, 0x94, 0xF0, 0x5D, 0x9F, 0xD5, 0xB8, 0x19, 0xB8, 0xA0, 0xEB, 0xE0, 0x1F, 0x6F, 0x0B,
    0xBA, 0x7C, 0x9D, 0xC3, 0x02, 0xE7, 0x12, 0x80, 0x06, 0xA0, 0x9D, 0x01, 0xBB, 0x02, 0xA5, 0x00,
    0xFA, 0xC6, 0xD9, 0xE7, 0x7D, 0xF3, 0x07, 0xDD, 0xCD, 0xBA, 0xF9, 0x5E, 0x8F, 0xBF, 0x7D, 0xB2,
    0xB2, 0xE5, 0x06, 0xB3, 0xA5, 0xD7, 0x3C, 0x7B, 0x11, 0xEC, 0xF3, 0x2F, 0x66, 0x49, 0xD1, 0x49,
    0xA3, 0x97, 0x06, 0xCE, 0x5F, 0xAD, 0xD4, 0xF5, 0x52, 0x23, 0x89, 0x1F, 0x1E, 0xF8, 0xC5, 0x46,
    0x82, 0x72, 0x63, 0x86, 0xFD, 0xC0, 0xDF, 0x88, 0x50, 0x49, 0xA1, 0xCE, 0xE0, 0x02, 0x98, 0xC8,
    0x93, 0xBF, 0xFD, 0x1A, 0x2B, 0xED, 0x15, 0x37, 0xE2, 0x15, 0xF0, 0x2B, 0xF8, 0x21, 0x13, 0xC0,
    0x0E, 0x60, 0xE2, 0x71, 0x8C, 0x32, 0x3D, 0xCA, 0x3A, 0xDF, 0x87, 0x76, 0x7D, 0x06, 0xB4, 0x72,
    0x41, 0x5F, 0xE0, 0x12, 0xFC, 0x22, 0xFD, 0x9E, 0x52, 0x09, 0xA7, 0xEB, 0x7B, 0xAC, 0xDE, 0x8F,
    0x66, 0x30, 0xA3, 0x1D, 0xCC, 0xB0, 0x1D, 0xDE, 0xB9, 0xDF, 0x33, 0xE1, 0x94, 0xF0, 0x1A, 0xF7,
    0xE7, 0xD4, 0x91, 0xFD, 0xBE, 0x4B, 0x97, 0xE0, 0xCD, 0x4C, 0x2B, 0x45, 0x7F, 0xDC, 0xB3, 0x56,
    0x22, 0x8E, 0xD8, 0x98, 0xC3, 0x9D, 0x7F, 0x3C, 0x75, 0x90, 0x2E, 0x16, 0xEB, 0x77, 0xA9, 0x8C,
    0x7F, 0x19, 0x4D, 0x04, 0x3F, 0x3F, 0xC1, 0x13, 0x5A, 0xA0, 0x4D, 0x60, 0x67, 0xE0, 0x90, 0x80,
    0x62, 0xD3, 0xF9, 0xFE, 0x73, 0xAE, 0x0B, 0x52, 0xC7, 0x31, 0x77, 0xD2, 0x52, 0xAC, 0xE6, 0x9F,
    0xEB, 0xB6, 0xCE, 0xAA, 0xA3, 0x0B, 0xBD, 0xD9, 0x35, 0xFA, 0x6E, 0x35, 0x83, 0x6F, 0x56, 0x1B,
    0xB6, 0x6D, 0x22, 0x50, 0x24, 0xBF, 0xAB, 0xA3, 0x9C, 0xB1, 0x1A, 0xCE, 0xBF, 0xF2, 0x92, 0xF3,
    0x26, 0xDA, 0x26, 0x83, 0xE8, 0x0F, 0x2B, 0x6B, 0x95, 0x8C, 0x34, 0x67, 0x46, 0xAB, 0xF5, 0xF1,
    0x8C, 0x7B, 0xC5, 0xCC, 0x78, 0x0C, 0xFE, 0xC6, 0x08, 0x50, 0x3C, 0x09, 0xD4, 0x4F, 0x3D, 0xD2,
    0x6B, 0x6A, 0xF6, 0xE5, 0xC0, 0x6D, 0x6A, 0xD3, 0x4B, 0x1D, 0x7A, 0xF3, 0x05, 0x8A, 0xF5, 0xE7,
    0xAF, 0x53, 0xA6, 0x17, 0x3E, 0xC8, 0x7A, 0xEE, 0x55, 0xAA, 0x19, 0xA8, 0xA6, 0xC7, 0x6D, 0x3D,
    0xEE, 0x12, 0x6D, 0xF2, 0x23, 0x7B, 0x73, 0x9B, 0xE2, 0x51, 0x1C, 0x7E, 0x09, 0xE5, 0xBB, 0x99,
    0x13, 0xE8, 0x05, 0xE7, 0xBF, 0xC5, 0x43, 0x72, 0x71, 0xDB, 0xAA, 0x8B, 0xD9, 0x8C, 0xE5, 0xEC,
    0xC3, 0xFE, 0x5F, 0x50, 0x33, 0xB5, 0xD6, 0x2D, 0xE0, 0x8D, 0x19, 0xDA, 0xCE, 0x0C, 0xBE, 0xB3,
    0xA1, 0x6D, 0xDC, 0xC7, 0xC2, 0x6B, 0xCD, 0xCC, 0x99, 0xEB, 0xFB, 0x50, 0xD5, 0xAF, 0xE1, 0xC2,
    0xFF, 0xC1, 0xFF, 0x00, 0x63, 0x60, 0xB0, 0xFF, 0x5B, 0xFF, 0xA7, 0xFE, 0x0F, 0x00, 0xC5, 0x93,
    0x01, 0xA6, 0xDE, 0x40, 0x14, 0x85, 0xCF, 0x9F, 0x20, 0x18, 0xCC, 0x12, 0xA6, 0x3B, 0xC8, 0x0E,
    0x9A, 0xAC, 0xAC, 0xC9, 0x12, 0xDE, 0x8E, 0x26, 0xAF, 0xDD, 0x40, 0xDA, 0x15, 0x64, 0x09, 0x83,
    0x41, 0x30, 0x99, 0xDB, 0x73, 0x6F, 0x32, 0xBC, 0x2A, 0x55, 0xA8, 0xC2, 0xC7, 0x88, 0x6B, 0xBE,
    0x93, 0x73, 0x07, 0x08, 0xA7, 0x2B, 0x40, 0x3C, 0x27, 0x52, 0xB2, 0x14, 0x74, 0x17, 0x2A, 0xD0,
    0x9F, 0xAF, 0x02, 0x38, 0x11, 0x39, 0xB0, 0x90, 0x3B, 0xA2, 0xD1, 0xA7, 0x21, 0x03, 0xFE, 0x18,
    0x12, 0xB9, 0x3B, 0x32, 0xEC, 0x9E, 0x1C, 0x37, 0x7F, 0x00, 0xD3, 0x16, 0x76, 0x72, 0x1D, 0x37,
    0x72, 0x56, 0x2E, 0x3C, 0x01, 0x91, 0x27, 0x40, 0xB0, 0x90, 0x95, 0x27, 0xBC, 0x2E, 0x08, 0xD0,
    0x97, 0xAE, 0xB6, 0xBB, 0x63, 0x9A, 0x32, 0xB9, 0x4E, 0x3B, 0xA0, 0x56, 0x13, 0x19, 0x4B, 0x9C,
    0xCD, 0x0A, 0x6A, 0xF5, 0x45, 0x07, 0x00, 0xB5, 0xFA, 0x7E, 0x81, 0x56, 0x5F, 0x75, 0x4C, 0xBE,
    0x91, 0x3E, 0xF5, 0x27, 0xD9, 0xDC, 0xC8, 0x60, 0x6E, 0xB4, 0x22, 0xA7, 0xDB, 0x6D, 0xA5, 0x5B,
    0xB3, 0x22, 0xCD, 0x8A, 0x14, 0x33, 0xA4, 0x87, 0x59, 0xA1, 0x5D, 0x12, 0x4F, 0x63, 0x32, 0xAE,
    0x84, 0x59, 0x2D, 0xB3, 0x59, 0x41, 0xAD, 0xC8, 0xEE, 0x89, 0x81, 0xFA, 0x27, 0x2B, 0xF2, 0xDF,
    0x5A, 0xB9, 0x32, 0xE2, 0xFE, 0x8F, 0xCB, 0x7A, 0xB7, 0x48, 0x4F, 0xEB, 0xF1, 0x73, 0x6B, 0xF2,
    0xE9, 0xD2, 0x0C, 0x45, 0x4D, 0xAD, 0xCF, 0x1F, 0x66, 0x39, 0xE4, 0xBE, 0x98, 0xE1, 0x6D, 0x4A,
    0xC7, 0xDE, 0x5C, 0xF5, 0xCB, 0xDD, 0xAC, 0x33, 0x5F, 0x6B, 0xDA, 0xDA, 0x35, 0x73, 0xDA, 0xFA,
    0xFD, 0x6E, 0x38, 0x98, 0xB7, 0xA5, 0xB0, 0x96, 0x35, 0x81, 0xF5, 0xDC, 0x9A, 0x6E, 0x5D, 0xB7,
    0xB6, 0x5B, 0xDF, 0xAD, 0xF1, 0x96, 0x43, 0x43, 0x5B, 0x8E, 0xF9, 0xC9, 0x81, 0x3B, 0x47, 0x7C,
    0x72, 0xC8, 0x93, 0xA3, 0xFE, 0x65, 0x8E, 0xF3, 0x3F, 0xE4, 0x70, 0xF2, 0x06, 0xD5, 0x2B, 0x1C,
    0x12, 0xA9, 0x1C, 0xA9, 0xCC, 0x40, 0xFF, 0xAE, 0x00, 0x43, 0x1E, 0x24, 0xC3, 0xA5, 0x49, 0x12,
    0xBC, 0xF1, 0xE3, 0x66, 0x84, 0xED, 0xF7, 0xB7, 0x14, 0x3E, 0x6E, 0xC6, 0xBB, 0x6D, 0x86, 0xA8,
    0xD5, 0x48, 0x5E, 0x70, 0xF5, 0xD9, 0x8F, 0xCE, 0x6C, 0x06, 0xA3, 0x64, 0xE3, 0x61, 0x9C, 0x7F,
    0xB5, 0xBA, 0x48, 0xB3, 0xEA, 0x2E, 0x1D, 0xEC, 0xF2, 0xCB, 0x9E, 0x7F, 0x27, 0x14, 0x2B, 0xA3,
    0x64, 0x2F, 0x27, 0xAD, 0xFC, 0xF1, 0x89, 0x56, 0xE1, 0xC0, 0x40, 0xC1, 0x93, 0xBE, 0x18, 0x64,
    0x56, 0xAB, 0x78, 0x28, 0x43, 0x52, 0x37, 0x97, 0x68, 0xF5, 0x16, 0xD2, 0xF8, 0x8E, 0x28, 0xC7,
    0x28, 0xE4, 0x16, 0x04, 0xE3, 0x85, 0xA1, 0xE2, 0x27, 0x62, 0x80, 0x02, 0x76, 0x07, 0x40, 0x05,
    0x72, 0x6C, 0x84, 0x40, 0x08, 0x85, 0x61, 0xF0, 0x83, 0x84, 0x80, 0x1E, 0xA4, 0x04, 0x4A, 0xF0,
    0xC6, 0x86, 0xEC, 0xE0, 0xC0, 0xC6, 0x64, 0xEC, 0x80, 0x12, 0x48, 0xCD, 0x2E, 0x20, 0x20, 0xC1,
    0xDF, 0x79, 0xC9, 0x06, 0x6B, 0xA6, 0x6E, 0x96, 0x09, 0x38, 0x6D, 0xEB, 0x6F, 0x3B, 0xE0, 0x46,
    0xE8, 0x70, 0xE2, 0x27, 0x4E, 0xCF, 0xD7, 0x26, 0x48, 0x1F, 0x1D, 0x49, 0x7A, 0xA8, 0x17, 0xED,
    0xA0, 0xD9, 0x34, 0x93, 0x56, 0xD6, 0x55, 0x34, 0xA2, 0x46, 0x53, 0xF5, 0x92, 0x7E, 0xD0, 0xA4,
    0x05, 0xF9, 0x6A, 0x03, 0x62, 0xBF, 0x57, 0xF0, 0xE3, 0x04, 0x78, 0x2F, 0x33, 0x0F, 0x33, 0x56,
    0xD3, 0x01, 0x7F,
};

static const EpdGlyph notosans_12_bolditalicGlyphs[] = {
    { 0, 0, 0, 0, 0, 0, 0 }, // U+0000
    { 0, 0, 104, 0, 0, 0, 0 }, // U+000D
    { 0, 0, 104, 0, 0, 0, 0 }, // U+0020
    { 8, 18, 115, 0, 18, 36, 0 }, // !
    { 10, 6, 181, 2, 18, 15, 36 }, // "
    { 17, 18, 258, 0, 18, 77, 51 }, // #
    { 14, 21, 220, 0, 19, 74, 128 }, // $
    { 20, 18, 342, 1, 18, 90, 202 }, // %
    { 18, 18, 283, 0, 18, 81, 292 }, // &
    { 5, 6, 102, 2, 18, 8, 373 }, // '
    { 11, 22, 136, 0, 18, 61, 381 }, // (
    { 10, 22, 136, -2, 18, 55, 442 }, // )
    { 13, 13, 218, 2, 19, 43, 497 }, // *
    { 13, 12, 229, 1, 15, 39, 540 }, // +
    { 7, 6, 115, -2, 3, 11, 579 }, // ,
    { 8, 4, 129, 0, 9, 8, 590 }, // -
    { 5, 4, 115, 0, 4, 5, 598 }, // .
    { 15, 18, 170, -2, 18, 68, 603 }, // /
    { 14, 18, 220, 0, 18, 63, 671 }, // 0
    { 11, 18, 220, 2, 18, 50, 734 }, // 1
    { 15, 18, 220, -1, 18, 68, 784 }, // 2
    { 14, 18, 220, 0, 18, 63, 852 }, // 3
    { 15, 18, 220, -1, 18, 68, 915 }, // 4
    { 14, 18, 220, 0, 18, 63, 983 }, // 5
    { 14, 18, 220, 1, 18, 63, 1046 }, // 6
    { 15, 18, 220, 0, 18, 68, 1109 }, // 7
    { 14, 18, 220, 0, 18, 63, 1177 }, // 8
    { 13, 18, 220, 1, 18, 59, 1240 }, // 9
    { 7, 14, 115, 0, 14, 25, 1299 }, // :
    { 9, 17, 115, -2, 14, 39, 1324 }, // ;
    { 13, 14, 229, 1, 16, 46, 1363 }, // <
    { 13, 9, 229, 1, 14, 30, 1409 }, // =
    { 13, 14, 229, 1, 16, 46, 1439 }, // >
    { 12, 18, 184, 1, 18, 54, 1485 }, // ?
    { 21, 20, 342, 1, 18, 105, 1539 }, // @
    { 17, 18, 251, -2, 18, 77, 1644 }, // A
    { 16, 18, 248, 0, 18, 72, 1721 }, // B
    { 16, 18, 245, 1, 18, 72, 1793 }, // C
    { 17, 18, 271, 0, 18, 77, 1865 }, // D
    { 15, 18, 217, 0, 18, 68, 1942 }, // E
    { 15, 18, 213, 0, 18, 68, 2010 }, // F
    { 16, 18, 276, 1, 18, 72, 2078 }, // G
    { 18, 18, 280, 0, 18, 81, 2150 }, // H
    { 12, 18, 153, -1, 18, 54, 2231 }, // I
    { 13, 24, 134, -4, 18, 78, 2285 }, // J
    { 18, 18, 245, 0, 18, 81, 2363 }, // K
    { 12, 18, 207, 0, 18, 54, 2444 }, // L
    { 23, 18, 352, 0, 18, 104, 2498 }, // M
    { 20, 18, 303, 0, 18, 90, 2602 }, // N
    { 17, 18, 292, 1, 18, 77, 2692 }, // O
    { 16, 18, 244, 0, 18, 72, 2769 }, // P
    { 17, 22, 292, 1, 18, 94, 2841 }, // Q
    { 15, 18, 248, 0, 18, 68, 2935 }, // R
    { 14, 18, 212, 0, 18, 63, 3003 }, // S
    { 14, 18, 213, 2, 18, 63, 3066 }, // T
    { 17, 18, 277, 1, 18, 77, 3129 }, // U
    { 15, 18, 236, 2, 18, 68, 3206 }, // V
    { 23, 18, 358, 2, 18, 104, 3274 }, // W
    { 20, 18, 244, -2, 18, 90, 3378 }, // X
    { 15, 18, 226, 2, 18, 68, 3468 }, // Y
    { 16, 18, 214, -1, 18, 72, 3536 }, // Z
    { 11, 24, 132, -1, 18, 66, 3608 }, // [
    { 7, 18, 170, 2, 18, 32, 3674 }, // <backslash>
    { 11, 24, 132, -2, 18, 66, 3706 }, // ]
    { 14, 12, 220, 0, 18, 42, 3772 }, // ^
    { 12, 2, 160, -3, -2, 6, 3814 }, // _
    { 6, 4, 130, 3, 19, 6, 3820 }, // `
    { 14, 14, 237, 1, 14, 49, 3826 }, // a
    { 14, 19, 238, 0, 19, 67, 3875 }, // b
    { 12, 14, 194, 1, 14, 42, 3942 }, // c
    { 15, 19, 238, 1, 19, 72, 3984 }, // d
    { 13, 14, 223, 1, 14, 46, 4056 }, // e
    { 16, 25, 150, -3, 19, 100, 4102 }, // f
    { 15, 20, 238, 0, 14, 75, 4202 }, // g
    { 14, 19, 242, 0, 19, 67, 4277 }, // h
    { 9, 19, 120, 0, 19, 43, 4344 }, // i
    { 13, 25, 120, -4, 19, 82, 4387 }, // j
    { 16, 19, 227, 0, 19, 76, 4469 }, // k
    { 9, 19, 120, 0, 19, 43, 4545 }, // l
    { 22, 14, 362, 0, 14, 77, 4588 }, // m
    { 14, 14, 242, 0, 14, 49, 4665 }, // n
    { 13, 14, 234, 1, 14, 46, 4714 }, // o
    { 15, 20, 238, -1, 14, 75, 4760 }, // p
    { 14, 20, 238, 1, 14, 70, 4835 }, // q
    { 12, 14, 169, 0, 14, 42, 4905 }, // r
    { 12, 14, 190, 0, 14, 42, 4947 }, // s
    { 10, 17, 164, 1, 17, 43, 4989 }, // t
    { 14, 14, 242, 1, 14, 49, 5032 }, // u
    { 14, 14, 205, 1, 14, 49, 5081 }, // v
    { 20, 14, 315, 1, 14, 70, 5130 }, // w
    { 17, 14, 214, -2, 14, 60, 5200 }, // x
    { 17, 20, 208, -2, 14, 85, 5260 }, // y
    { 13, 14, 188, -1, 14, 46, 5345 }, // z
    { 12, 23, 142, -1, 18, 69, 5391 }, // {
    { 4, 25, 220, 5, 19, 25, 5460 }, // |
    { 11, 23, 142, -2, 18, 64, 5485 }, // }
    { 13, 6, 229, 1, 12, 20, 5549 }, // ~
    { 0, 0, 104, 0, 0, 0, 0 }, // U+00A0
    { 8, 18, 114, -1, 14, 36, 0 }, // U+00A1
    { 12, 18, 220, 2, 18, 54, 36 }, // U+00A2
    { 17, 18, 220, -1, 18, 77, 90 }, // U+00A3
    { 12, 12, 220, 1, 15, 36, 167 }, // U+00A4
    { 15, 18, 220, 1, 18, 68, 203 }, // U+00A5
    { 4, 25, 220, 5, 19, 25, 271 }, // U+00A6
    { 13, 19, 194, 0, 19, 62, 296 }, // U+00A7
    { 9, 4, 222, 5, 20, 9, 358 }, // U+00A8
    { 19, 19, 333, 1, 19, 91, 367 }, // U+00A9
    { 10, 9, 152, 1, 18, 23, 458 }, // U+00AA
    { 15, 12, 226, 0, 13, 45, 481 }, // U+00AB
    { 13, 9, 229, 1, 12, 30, 526 }, // U+00AC
    { 8, 4, 129, 0, 9, 8, 556 }, // U+00AD
    { 19, 19, 333, 1, 19, 91, 564 }, // U+00AE
    { 12, 4, 171, 2, 23, 12, 655 }, // U+00AF
    { 9, 9, 170, 1, 19, 21, 667 }, // U+00B0
    { 13, 16, 229, 1, 16, 52, 688 }, // U+00B1
    { 10, 11, 152, 1, 21, 28, 740 }, // U+00B2
    { 10, 12, 152, 1, 22, 30, 768 }, // U+00B3
    { 8, 4, 129, 2, 19, 8, 798 }, // U+00B4
    { 16, 20, 244, -1, 14, 80, 806 }, // U+00B5
    { 14, 24, 262, 1, 19, 84, 886 }, // U+00B6
    { 6, 4, 115, 1, 11, 6, 970 }, // U+00B7
    { 7, 6, 82, -3, 0, 11, 976 }, // U+00B8
    { 8, 11, 152, 2, 21, 22, 987 }, // U+00B9
    { 8, 9, 147, 2, 18, 18, 1009 }, // U+00BA
    { 14, 12, 225, 0, 13, 42, 1027 }, // U+00BB
    { 19, 18, 334, 1, 18, 86, 1069 }, // U+00BC
    { 21, 18, 356, 1, 18, 95, 1155 }, // U+00BD
    { 20, 19, 345, 1, 19, 95, 1250 }, // U+00BE
    { 11, 19, 186, -1, 14, 53, 1345 }, // U+00BF
    { 17, 23, 251, -2, 23, 98, 1398 }, // U+00C0
    { 18, 24, 251, -2, 24, 108, 1496 }, // U+00C1
    { 18, 23, 251, -2, 23, 104, 1604 }, // U+00C2
    { 18, 25, 251, -2, 25, 113, 1708 }, // U+00C3
    { 17, 24, 251, -2, 24, 102, 1821 }, // U+00C4
    { 17, 25, 251, -2, 25, 107, 1923 }, // U+00C5
    { 26, 18, 358, -2, 18, 117, 2030 }, // U+00C6
    { 16, 24, 245, 1, 18, 96, 2147 }, // U+00C7
    { 15, 23, 217, 0, 23, 87, 2243 }, // U+00C8
    { 15, 24, 217, 0, 24, 90, 2330 }, // U+00C9
    { 15, 23, 217, 0, 23, 87, 2420 }, // U+00CA
    { 15, 24, 217, 0, 24, 90, 2507 }, // U+00CB
    { 12, 23, 153, -1, 23, 69, 2597 }, // U+00CC
    { 14, 24, 153, -1, 24, 84, 2666 }, // U+00CD
    { 14, 23, 153, -1, 23, 81, 2750 }, // U+00CE
    { 13, 24, 153, -1, 24, 78, 2831 }, // U+00CF
    { 17, 18, 271, 0, 18, 77, 2909 }, // U+00D0
    { 20, 25, 303, 0, 25, 125, 2986 }, // U+00D1
    { 17, 24, 292, 1, 24, 102, 3111 }, // U+00D2
    { 17, 24, 292, 1, 24, 102, 3213 }, // U+00D3
    { 17, 24, 292, 1, 24, 102, 3315 }, // U+00D4
    { 17, 24, 292, 1, 24, 102, 3417 }, // U+00D5
    { 17, 24, 292, 1, 24, 102, 3519 }, // U+00D6
    { 12, 12, 229, 1, 15, 36, 3621 }, // U+00D7
    { 17, 20, 292, 1, 19, 85, 3657 }, // U+00D8
    { 17, 24, 277, 1, 24, 102, 3742 }, // U+00D9
    { 17, 24, 277, 1, 24, 102, 3844 }, // U+00DA
    { 17, 24, 277, 1, 24, 102, 3946 }, // U+00DB
    { 17, 24, 277, 1, 24, 102, 4048 }, // U+00DC
    { 15, 24, 226, 2, 24, 90, 4150 }, // U+00DD
    { 15, 18, 240, 0, 18, 68, 4240 }, // U+00DE
    { 20, 25, 264, -4, 19, 125, 4308 }, // U+00DF
    { 14, 19, 237, 1, 19, 67, 4433 }, // U+00E0
    { 14, 19, 237, 1, 19, 67, 4500 }, // U+00E1
    { 14, 19, 237, 1, 19, 67, 4567 }, // U+00E2
    { 14, 19, 237, 1, 19, 67, 4634 }, // U+00E3
    { 14, 19, 237, 1, 19, 67, 4701 }, // U+00E4
    { 14, 21, 237, 1, 21, 74, 4768 }, // U+00E5
    { 21, 14, 349, 1, 14, 74, 4842 }, // U+00E6
    { 12, 20, 194, 1, 14, 60, 4916 }, // U+00E7
    { 13, 19, 223, 1, 19, 62, 4976 }, // U+00E8
    { 13, 19, 223, 1, 19, 62, 5038 }, // U+00E9
    { 13, 19, 223, 1, 19, 62, 5100 }, // U+00EA
    { 13, 19, 223, 1, 19, 62, 5162 }, // U+00EB
    { 8, 19, 120, 0, 19, 38, 5224 }, // U+00EC
    { 11, 19, 120, 0, 19, 53, 5262 }, // U+00ED
    { 11, 19, 120, 0, 19, 53, 5315 }, // U+00EE
    { 10, 19, 120, 0, 19, 48, 5368 }, // U+00EF
    { 15, 21, 231, 0, 21, 79, 5416 }, // U+00F0
    { 15, 19, 242, 0, 19, 72, 5495 }, // U+00F1
    { 13, 19, 236, 1, 19, 62, 5567 }, // U+00F2
    { 13, 19, 236, 1, 19, 62, 5629 }, // U+00F3
    { 13, 19, 236, 1, 19, 62, 5691 }, // U+00F4
    { 14, 19, 236, 1, 19, 67, 5753 }, // U+00F5
    { 13, 19, 236, 1, 19, 62, 5820 }, // U+00F6
    { 13, 12, 229, 1, 15, 39, 5882 }, // U+00F7
    { 14, 16, 234, 0, 15, 56, 5921 }, // U+00F8
    { 14, 19, 242, 1, 19, 67, 5977 }, // U+00F9
    { 14, 19, 242, 1, 19, 67, 6044 }, // U+00FA
    { 14, 19, 242, 1, 19, 67, 6111 }, // U+00FB
    { 14, 19, 242, 1, 19, 67, 6178 }, // U+00FC
    { 17, 25, 208, -2, 19, 107, 6245 }, // U+00FD
    { 15, 25, 238, -1, 19, 94, 6352 }, // U+00FE
    { 17, 25, 208, -2, 19, 107, 6446 }, // U+00FF
    { 17, 23, 251, -2, 23, 98, 0 }, // U+0100
    { 14, 18, 237, 1, 18, 63, 98 }, // U+0101
    { 18, 24, 251, -2, 24, 108, 161 }, // U+0102
    { 14, 19, 237, 1, 19, 67, 269 }, // U+0103
    { 17, 24, 251, -2, 18, 102, 336 }, // U+0104
    { 14, 20, 237, 1, 14, 70, 438 }, // U+0105
    { 16, 24, 245, 1, 24, 96, 508 }, // U+0106
    { 12, 19, 194, 1, 19, 57, 604 }, // U+0107
    { 16, 24, 245, 1, 24, 96, 661 }, // U+0108
    { 12, 19, 194, 1, 19, 57, 757 }, // U+0109
    { 16, 24, 245, 1, 24, 96, 814 }, // U+010A
    { 12, 19, 194, 1, 19, 57, 910 }, // U+010B
    { 16, 24, 245, 1, 24, 96, 967 }, // U+010C
    { 13, 19, 194, 1, 19, 62, 1063 }, // U+010D
    { 17, 23, 271, 0, 23, 98, 1125 }, // U+010E
    { 20, 19, 272, 1, 19, 95, 1223 }, // U+010F
    { 17, 18, 271, 0, 18, 77, 1318 }, // U+0110
    { 16, 19, 238, 1, 19, 76, 1395 }, // U+0111
    { 15, 23, 217, 0, 23, 87, 1471 }, // U+0112
    { 13, 18, 223, 1, 18, 59, 1558 }, // U+0113
    { 15, 24, 217, 0, 24, 90, 1617 }, // U+0114
    { 13, 19, 223, 1, 19, 62, 1707 }, // U+0115
    { 15, 24, 217, 0, 24, 90, 1769 }, // U+0116
    { 13, 19, 223, 1, 19, 62, 1859 }, // U+0117
    { 15, 24, 217, 0, 18, 90, 1921 }, // U+0118
    { 13, 20, 223, 1, 14, 65, 2011 }, // U+0119
    { 16, 23, 217, 0, 23, 92, 2076 }, // U+011A
    { 14, 19, 223, 1, 19, 67, 2168 }, // U+011B
    { 16, 24, 276, 1, 24, 96, 2235 }, // U+011C
    { 15, 25, 238, 0, 19, 94, 2331 }, // U+011D
    { 16, 24, 276, 1, 24, 96, 2425 }, // U+011E
    { 15, 25, 238, 0, 19, 94, 2521 }, // U+011F
    { 16, 24, 276, 1, 24, 96, 2615 }, // U+0120
    { 15, 25, 238, 0, 19, 94, 2711 }, // U+0121
    { 16, 24, 276, 1, 18, 96, 2805 }, // U+0122
    { 15, 25, 238, 0, 19, 94, 2901 }, // U+0123
    { 18, 23, 280, 0, 23, 104, 2995 }, // U+0124
    { 14, 25, 242, 0, 25, 88, 3099 }, // U+0125
    { 20, 18, 280, 0, 18, 90, 3187 }, // U+0126
    { 14, 19, 242, 0, 19, 67, 3277 }, // U+0127
    { 14, 25, 153, -1, 25, 88, 3344 }, // U+0128
    { 12, 19, 120, 0, 19, 57, 3432 }, // U+0129
    { 13, 23, 153, -1, 23, 75, 3489 }, // U+012A
    { 10, 18, 120, 0, 18, 45, 3564 }, // U+012B
    { 14, 24, 153, -1, 24, 84, 3609 }, // U+012C
    { 11, 19, 120, 0, 19, 53, 3693 }, // U+012D
    { 12, 24, 153, -1, 18, 72, 3746 }, // U+012E
    { 10, 25, 120, -1, 19, 63, 3818 }, // U+012F
    { 12, 24, 153, -1, 24, 72, 3881 }, // U+0130
    { 8, 14, 120, 0, 14, 28, 3953 }, // U+0131
    { 20, 24, 286, -1, 18, 120, 3981 }, // U+0132
    { 16, 25, 239, 0, 19, 100, 4101 }, // U+0133
    { 16, 30, 134, -4, 24, 120, 4201 }, // U+0134
    { 15, 25, 120, -4, 19, 94, 4321 }, // U+0135
    { 18, 24, 251, 0, 18, 108, 4415 }, // U+0136
    { 16, 25, 227, 0, 19, 100, 4523 }, // U+0137
    { 16, 14, 227, 0, 14, 56, 4623 }, // U+0138
    { 13, 24, 207, 0, 24, 78, 4679 }, // U+0139
    { 12, 25, 120, 0, 25, 75, 4757 }, // U+013A
    { 12, 24, 207, 0, 18, 72, 4832 }, // U+013B
    { 10, 25, 120, -1, 19, 63, 4904 }, // U+013C
    { 15, 18, 207, 0, 18, 68, 4967 }, // U+013D
    { 14, 19, 152, 0, 19, 67, 5035 }, // U+013E
    { 13, 18, 207, 0, 18, 59, 5102 }, // U+013F
    { 12, 19, 176, 0, 19, 57, 5161 }, // U+0140
    { 13, 18, 207, -1, 18, 59, 5218 }, // U+0141
    { 9, 19, 131, 0, 19, 43, 5277 }, // U+0142
    { 20, 24, 303, 0, 24, 120, 5320 }, // U+0143
    { 15, 19, 242, 0, 19, 72, 5440 }, // U+0144
    { 20, 24, 303, 0, 18, 120, 5512 }, // U+0145
    { 14, 20, 242, 0, 14, 70, 5632 }, // U+0146
    { 20, 23, 303, 0, 23, 115, 5702 }, // U+0147
    { 16, 19, 242, 0, 19, 76, 5817 }, // U+0148
    { 17, 18, 282, 0, 18, 77, 5893 }, // U+0149
    { 19, 23, 302, 0, 18, 110, 5970 }, // U+014A
    { 14, 20, 242, 0, 14, 70, 6080 }, // U+014B
    { 17, 22, 292, 1, 22, 94, 6150 }, // U+014C
    { 13, 18, 236, 1, 18, 59, 6244 }, // U+014D
    { 17, 24, 292, 1, 24, 102, 6303 }, // U+014E
    { 13, 19, 236, 1, 19, 62, 6405 }, // U+014F
    { 19, 24, 292, 1, 24, 114, 6467 }, // U+0150
    { 16, 19, 236, 1, 19, 76, 6581 }, // U+0151
    { 23, 18, 360, 1, 18, 104, 6657 }, // U+0152
    { 21, 14, 353, 1, 14, 74, 6761 }, // U+0153
    { 16, 24, 248, 0, 24, 96, 6835 }, // U+0154
    { 13, 19, 169, 0, 19, 62, 6931 }, // U+0155
    { 15, 24, 248, 0, 18, 90, 6993 }, // U+0156
    { 13, 20, 169, -1, 14, 65, 7083 }, // U+0157
    { 17, 23, 248, 0, 23, 98, 7148 }, // U+0158
    { 14, 19, 169, 0, 19, 67, 7246 }, // U+0159
    { 14, 24, 212, 0, 24, 84, 7313 }, // U+015A
    { 13, 19, 190, 0, 19, 62, 7397 }, // U+015B
    { 14, 24, 212, 0, 24, 84, 7459 }, // U+015C
    { 13, 19, 190, 0, 19, 62, 7543 }, // U+015D
    { 14, 24, 212, 0, 18, 84, 7605 }, // U+015E
    { 12, 20, 190, 0, 14, 60, 7689 }, // U+015F
    { 15, 24, 212, 0, 24, 90, 7749 }, // U+0160
    { 13, 19, 190, 0, 19, 62, 7839 }, // U+0161
    { 15, 24, 213, 1, 18, 90, 7901 }, // U+0162
    { 10, 23, 164, 1, 17, 58, 7991 }, // U+0163
    { 14, 23, 213, 2, 23, 81, 8049 }, // U+0164
    { 13, 19, 164, 1, 19, 62, 8130 }, // U+0165
    { 15, 18, 213, 1, 18, 68, 8192 }, // U+0166
    { 11, 17, 164, 0, 17, 47, 8260 }, // U+0167
    { 17, 24, 277, 1, 24, 102, 8307 }, // U+0168
    { 14, 19, 242, 1, 19, 67, 8409 }, // U+0169
    { 17, 22, 277, 1, 22, 94, 8476 }, // U+016A
    { 14, 18, 242, 1, 18, 63, 8570 }, // U+016B
    { 17, 24, 277, 1, 24, 102, 8633 }, // U+016C
    { 14, 19, 242, 1, 19, 67, 8735 }, // U+016D
    { 17, 26, 277, 1, 26, 111, 8802 }, // U+016E
    { 14, 21, 242, 1, 21, 74, 8913 }, // U+016F
    { 18, 24, 277, 1, 24, 108, 8987 }, // U+0170
    { 16, 19, 242, 1, 19, 76, 9095 }, // U+0171
    { 17, 24, 277, 1, 18, 102, 9171 }, // U+0172
    { 14, 20, 242, 1, 14, 70, 9273 }, // U+0173
    { 23, 23, 362, 2, 23, 133, 9343 }, // U+0174
    { 20, 19, 315, 1, 19, 95, 9476 }, // U+0175
    { 15, 23, 226, 2, 23, 87, 9571 }, // U+0176
    { 17, 25, 208, -2, 19, 107, 9658 }, // U+0177
    { 15, 24, 226, 2, 24, 90, 9765 }, // U+0178
    { 16, 24, 214, -1, 24, 96, 9855 }, // U+0179
    { 14, 19, 188, -1, 19, 67, 9951 }, // U+017A
    { 16, 24, 214, -1, 24, 96, 10018 }, // U+017B
    { 13, 19, 188, -1, 19, 62, 10114 }, // U+017C
    { 17, 23, 214, -1, 23, 98, 10176 }, // U+017D
    { 15, 19, 188, -1, 19, 72, 10274 }, // U+017E
    { 15, 25, 143, -3, 19, 94, 10346 }, // U+017F
    { 21, 19, 309, 1, 19, 100, 0 }, // U+01A0
    { 18, 16, 257, 1, 16, 72, 100 }, // U+01A1
    { 23, 19, 310, 1, 19, 110, 172 }, // U+01AF
    { 20, 16, 284, 1, 16, 80, 282 }, // U+01B0
    { 33, 23, 485, 0, 23, 190, 362 }, // U+01C4
    { 31, 19, 453, 0, 19, 148, 552 }, // U+01C5
    { 28, 19, 420, 1, 19, 133, 700 }, // U+01C6
    { 22, 24, 340, 0, 18, 132, 833 }, // U+01C7
    { 22, 25, 326, 0, 19, 138, 965 }, // U+01C8
    { 16, 25, 239, 0, 19, 100, 1103 }, // U+01C9
    { 28, 24, 434, 0, 18, 168, 1203 }, // U+01CA
    { 27, 25, 421, 0, 19, 169, 1371 }, // U+01CB
    { 24, 25, 360, 0, 19, 150, 1540 }, // U+01CC
    { 19, 23, 251, -2, 23, 110, 1690 }, // U+01CD
    { 14, 19, 237, 1, 19, 67, 1800 }, // U+01CE
    { 15, 23, 153, -1, 23, 87, 1867 }, // U+01CF
    { 12, 19, 120, 0, 19, 57, 1954 }, // U+01D0
    { 17, 24, 292, 1, 24, 102, 2011 }, // U+01D1
    { 14, 19, 236, 1, 19, 67, 2113 }, // U+01D2
    { 17, 24, 277, 1, 24, 102, 2180 }, // U+01D3
    { 14, 19, 242, 1, 19, 67, 2282 }, // U+01D4
    { 17, 26, 277, 1, 26, 111, 2349 }, // U+01D5
    { 14, 22, 242, 1, 22, 77, 2460 }, // U+01D6
    { 17, 27, 277, 1, 27, 115, 2537 }, // U+01D7
    { 14, 23, 242, 1, 23, 81, 2652 }, // U+01D8
    { 17, 27, 277, 1, 27, 115, 2733 }, // U+01D9
    { 15, 23, 242, 1, 23, 87, 2848 }, // U+01DA
    { 17, 27, 277, 1, 27, 115, 2935 }, // U+01DB
    { 14, 23, 242, 1, 23, 81, 3050 }, // U+01DC
    { 13, 14, 223, 0, 14, 46, 3131 }, // U+01DD
    { 18, 26, 251, -2, 26, 117, 3177 }, // U+01DE
    { 14, 22, 237, 1, 22, 77, 3294 }, // U+01DF
    { 18, 26, 251, -2, 26, 117, 3371 }, // U+01E0
    { 14, 22, 237, 1, 22, 77, 3488 }, // U+01E1
    { 26, 23, 358, -2, 23, 150, 3565 }, // U+01E2
    { 21, 18, 349, 1, 18, 95, 3715 }, // U+01E3
    { 16, 18, 276, 1, 18, 72, 3810 }, // U+01E4
    { 15, 20, 238, 0, 14, 75, 3882 }, // U+01E5
    { 17, 24, 276, 1, 24, 102, 3957 }, // U+01E6
    { 15, 25, 238, 0, 19, 94, 4059 }, // U+01E7
    { 18, 23, 251, 0, 23, 104, 4153 }, // U+01E8
    { 16, 25, 227, 0, 25, 100, 4257 }, // U+01E9
    { 17, 24, 292, 1, 18, 102, 4357 }, // U+01EA
    { 13, 20, 236, 1, 14, 65, 4459 }, // U+01EB
    { 17, 28, 292, 1, 22, 119, 4524 }, // U+01EC
    { 13, 24, 236, 1, 18, 78, 4643 }, // U+01ED
    { 16, 24, 222, -1, 24, 96, 4721 }, // U+01EE
    { 16, 25, 219, -2, 19, 100, 4817 }, // U+01EF
    { 16, 25, 120, -4, 19, 100, 4917 }, // U+01F0
    { 32, 18, 485, 0, 18, 144, 5017 }, // U+01F1
    { 29, 18, 459, 0, 18, 131, 5161 }, // U+01F2
    { 26, 19, 426, 1, 19, 124, 5292 }, // U+01F3
    { 16, 24, 276, 1, 24, 96, 5416 }, // U+01F4
    { 15, 25, 238, 0, 19, 94, 5512 }, // U+01F5
    { 25, 18, 403, 0, 18, 113, 5606 }, // U+01F6
    { 18, 24, 258, -1, 18, 108, 5719 }, // U+01F7
    { 20, 23, 303, 0, 23, 115, 5827 }, // U+01F8
    { 14, 19, 242, 0, 19, 67, 5942 }, // U+01F9
    { 19, 24, 251, -2, 24, 114, 6009 }, // U+01FA
    { 15, 25, 237, 1, 25, 94, 6123 }, // U+01FB
    { 26, 24, 358, -2, 24, 156, 6217 }, // U+01FC
    { 21, 19, 349, 1, 19, 100, 6373 }, // U+01FD
    { 17, 25, 292, 1, 24, 107, 6473 }, // U+01FE
    { 15, 20, 234, 0, 19, 75, 6580 }, // U+01FF
    { 17, 23, 251, -2, 23, 98, 6655 }, // U+0200
    { 14, 19, 237, 1, 19, 67, 6753 }, // U+0201
    { 18, 24, 251, -2, 24, 108, 6820 }, // U+0202
    { 14, 19, 237, 1, 19, 67, 6928 }, // U+0203
    { 15, 23, 217, 0, 23, 87, 6995 }, // U+0204
    { 13, 19, 223, 1, 19, 62, 7082 }, // U+0205
    { 15, 24, 217, 0, 24, 90, 7144 }, // U+0206
    { 13, 19, 223, 1, 19, 62, 7234 }, // U+0207
    { 12, 23, 153, -1, 23, 69, 7296 }, // U+0208
    { 10, 19, 120, -1, 19, 48, 7365 }, // U+0209
    { 13, 24, 153, -1, 24, 78, 7413 }, // U+020A
    { 11, 19, 120, 0, 19, 53, 7491 }, // U+020B
    { 17, 24, 292, 1, 24, 102, 7544 }, // U+020C
    { 13, 19, 236, 1, 19, 62, 7646 }, // U+020D
    { 17, 25, 292, 1, 25, 107, 7708 }, // U+020E
    { 13, 19, 236, 1, 19, 62, 7815 }, // U+020F
    { 15, 23, 248, 0, 23, 87, 7877 }, // U+0210
    { 12, 19, 169, 0, 19, 57, 7964 }, // U+0211
    { 15, 24, 248, 0, 24, 90, 8021 }, // U+0212
    { 13, 19, 169, 0, 19, 62, 8111 }, // U+0213
    { 17, 24, 277, 1, 24, 102, 8173 }, // U+0214
    { 14, 19, 242, 1, 19, 67, 8275 }, // U+0215
    { 17, 25, 277, 1, 25, 107, 8342 }, // U+0216
    { 14, 19, 242, 1, 19, 67, 8449 }, // U+0217
    { 14, 24, 212, 0, 18, 84, 8516 }, // U+0218
    { 12, 20, 190, 0, 14, 60, 8600 }, // U+0219
    { 15, 24, 213, 1, 18, 90, 8660 }, // U+021A
    { 10, 22, 164, 1, 16, 55, 8750 }, // U+021B
    { 18, 23, 252, -2, 18, 104, 8805 }, // U+021C
    { 15, 21, 202, -2, 14, 79, 8909 }, // U+021D
    { 18, 23, 280, 0, 23, 104, 8988 }, // U+021E
    { 14, 25, 242, 0, 25, 88, 9092 }, // U+021F
    { 6, 4, 0, -11, 19, 6, 0 }, // U+0300
    { 8, 4, 0, -6, 19, 8, 6 }, // U+0301
    { 11, 4, 0, -4, 19, 11, 14 }, // U+0302
    { 11, 5, 0, -11, 20, 14, 25 }, // U+0303
    { 9, 4, 0, -3, 19, 9, 39 }, // U+0304
    { 11, 4, 0, -3, 23, 11, 48 }, // U+0305
    { 10, 4, 0, -3, 19, 10, 59 }, // U+0306
    { 5, 4, 0, 0, 19, 5, 69 }, // U+0307
    { 9, 4, 0, -2, 20, 9, 74 }, // U+0308
    { 6, 7, 0, -8, 22, 11, 83 }, // U+0309
    { 7, 6, 0, -1, 21, 11, 94 }, // U+030A
    { 12, 4, 0, -3, 19, 12, 105 }, // U+030B
    { 11, 4, 0, -3, 19, 11, 117 }, // U+030C
    { 5, 7, 0, 0, 19, 9, 128 }, // U+030D
    { 9, 4, 0, -2, 19, 9, 137 }, // U+030E
    { 11, 4, 0, -12, 19, 11, 146 }, // U+030F
    { 9, 7, 0, -2, 22, 16, 157 }, // U+0310
    { 10, 6, 0, -3, 21, 15, 173 }, // U+0311
    { 7, 6, 0, -2, 18, 11, 188 }, // U+0312
    { 7, 6, 0, -2, 18, 11, 199 }, // U+0313
    { 4, 6, 0, 0, 18, 6, 210 }, // U+0314
    { 7, 6, 0, -2, 18, 11, 216 }, // U+0315
    { 6, 4, 0, -5, -1, 6, 227 }, // U+0316
    { 8, 4, 0, -6, -1, 8, 233 }, // U+0317
    { 6, 5, 0, -5, -1, 8, 241 }, // U+0318
    { 6, 5, 0, -5, -1, 8, 249 }, // U+0319
    { 8, 8, 126, 2, 20, 16, 257 }, // U+031A
    { 8, 6, 0, -2, 19, 12, 273 }, // U+031B
    { 5, 7, 0, -2, 0, 9, 285 }, // U+031C
    { 7, 4, 0, -6, -1, 7, 294 }, // U+031D
    { 6, 5, 0, -5, -1, 8, 301 }, // U+031E
    { 6, 6, 0, -5, 0, 9, 309 }, // U+031F
    { 7, 2, 0, -6, -2, 4, 318 }, // U+0320
    { 8, 8, 0, -6, 2, 16, 322 }, // U+0321
    { 6, 7, 0, -3, 1, 11, 338 }, // U+0322
    { 5, 4, 0, -12, -1, 5, 349 }, // U+0323
    { 9, 4, 0, -7, -1, 9, 354 }, // U+0324
    { 7, 6, 0, -6, 0, 11, 363 }, // U+0325
    { 6, 4, 0, 1, -2, 6, 374 }, // U+0326
    { 7, 6, 0, -5, 0, 11, 380 }, // U+0327
    { 6, 6, 0, -5, 0, 9, 391 }, // U+0328
    { 5, 7, 0, -4, -1, 9, 400 }, // U+0329
    { 10, 5, 0, -7, -1, 13, 409 }, // U+032A
    { 10, 4, 0, -7, -1, 10, 422 }, // U+032B
    { 11, 4, 0, -7, -1, 11, 432 }, // U+032C
    { 11, 4, 0, -8, -1, 11, 443 }, // U+032D
    { 10, 4, 0, -7, -1, 10, 454 }, // U+032E
    { 10, 6, 0, -7, 0, 15, 464 }, // U+032F
    { 12, 5, 0, -8, 0, 15, 479 }, // U+0330
    { 9, 4, 0, -7, 0, 9, 494 }, // U+0331
    { 12, 2, 0, -8, -2, 6, 503 }, // U+0332
    { 13, 5, 0, -9, -1, 17, 509 }, // U+0333
    { 12, 5, 0, -6, 10, 15, 526 }, // U+0334
    { 11, 4, 0, -6, 9, 11, 541 }, // U+0335
    { 20, 4, 0, -10, 10, 20, 552 }, // U+0336
    { 10, 8, 0, -5, 11, 20, 572 }, // U+0337
    { 16, 21, 0, -8, 20, 84, 592 }, // U+0338
    { 4, 6, 0, -2, 0, 6, 676 }, // U+0339
    { 10, 5, 0, -7, 0, 13, 682 }, // U+033A
    { 10, 6, 0, -7, 0, 15, 695 }, // U+033B
    { 10, 3, 0, -7, -2, 8, 710 }, // U+033C
    { 7, 6, 0, -1, 20, 11, 718 }, // U+033D
    { 6, 8, 0, -1, 22, 12, 729 }, // U+033E
    { 12, 5, 0, -3, 24, 15, 741 }, // U+033F
    { 6, 4, 0, -2, 19, 6, 756 }, // U+0340
    { 7, 4, 0, 0, 19, 7, 762 }, // U+0341
    { 12, 5, 0, 3, 20, 15, 769 }, // U+0342
    { 5, 5, 0, 0, 20, 7, 784 }, // U+0343
    { 14, 4, 0, -4, 19, 14, 791 }, // U+0344
    { 6, 4, 0, -4, -2, 6, 805 }, // U+0345
    { 12, 5, 0, -4, 20, 15, 811 }, // U+0346
    { 12, 5, 0, -8, -1, 15, 826 }, // U+0347
    { 8, 4, 0, -6, -1, 8, 841 }, // U+0348
    { 6, 5, 0, -5, -1, 8, 849 }, // U+0349
    { 10, 5, 0, -3, 19, 13, 857 }, // U+034A
    { 11, 10, 0, -3, 24, 28, 870 }, // U+034B
    { 11, 6, 0, -3, 21, 17, 898 }, // U+034C
    { 10, 6, 0, -7, 0, 15, 915 }, // U+034D
    { 5, 6, 0, -4, 0, 8, 930 }, // U+034E
    { 18, 19, 0, -9, 18, 86, 938 }, // U+034F
    { 5, 5, 0, 0, 20, 7, 1024 }, // U+0350
    { 4, 7, 0, 3, 21, 7, 1031 }, // U+0351
    { 10, 7, 0, -3, 22, 18, 1038 }, // U+0352
    { 5, 6, 0, -4, 0, 8, 1056 }, // U+0353
    { 5, 5, 0, -4, -1, 7, 1064 }, // U+0354
    { 5, 5, 0, -4, -1, 7, 1071 }, // U+0355
    { 10, 5, 0, -6, -1, 13, 1078 }, // U+0356
    { 5, 6, 0, 2, 21, 8, 1091 }, // U+0357
    { 5, 4, 0, 0, 19, 5, 1099 }, // U+0358
    { 6, 6, 0, -5, -1, 9, 1104 }, // U+0359
    { 10, 6, 0, -7, -1, 15, 1113 }, // U+035A
    { 5, 5, 0, 0, 20, 7, 1128 }, // U+035B
    { 20, 5, 0, -11, -1, 25, 1135 }, // U+035C
    { 20, 5, 0, -8, 20, 25, 1160 }, // U+035D
    { 14, 4, 0, -5, 19, 14, 1185 }, // U+035E
    { 14, 4, 0, -9, 0, 14, 1199 }, // U+035F
    { 21, 5, 0, -8, 20, 27, 1213 }, // U+0360
    { 20, 7, 0, -7, 23, 35, 1240 }, // U+0361
    { 21, 6, 0, -13, 0, 32, 1275 }, // U+0362
    { 7, 6, 0, -1, 22, 11, 1307 }, // U+0363
    { 7, 7, 0, -1, 22, 13, 1318 }, // U+0364
    { 5, 7, 0, 0, 23, 9, 1331 }, // U+0365
    { 7, 6, 0, -1, 22, 11, 1340 }, // U+0366
    { 7, 7, 0, -1, 22, 13, 1351 }, // U+0367
    { 6, 6, 0, 0, 22, 9, 1364 }, // U+0368
    { 8, 8, 0, -1, 24, 16, 1373 }, // U+0369
    { 7, 8, 0, -1, 23, 14, 1389 }, // U+036A
    { 10, 5, 0, -3, 21, 13, 1403 }, // U+036B
    { 6, 5, 0, 0, 21, 8, 1416 }, // U+036C
    { 5, 8, 0, 0, 24, 10, 1424 }, // U+036D
    { 6, 5, 0, 0, 21, 8, 1434 }, // U+036E
    { 8, 5, 0, -2, 21, 10, 1442 }, // U+036F
    { 15, 23, 212, 0, 23, 87, 0 }, // U+0400
    { 15, 24, 212, 0, 24, 90, 87 }, // U+0401
    { 15, 18, 284, 2, 18, 68, 177 }, // U+0402
    { 15, 24, 201, 0, 24, 90, 245 }, // U+0403
    { 16, 18, 242, 1, 18, 72, 335 }, // U+0404
    { 14, 18, 212, 0, 18, 63, 407 }, // U+0405
    { 9, 18, 123, 0, 18, 41, 470 }, // U+0406
    { 11, 24, 124, 0, 24, 66, 511 }, // U+0407
    { 14, 23, 128, -5, 18, 81, 577 }, // U+0408
    { 25, 18, 387, -1, 18, 113, 658 }, // U+0409
    { 23, 18, 374, 0, 18, 104, 771 }, // U+040A
    { 15, 18, 291, 2, 18, 68, 875 }, // U+040B
    { 18, 24, 251, 0, 24, 108, 943 }, // U+040C
    { 18, 23, 280, 0, 23, 104, 1051 }, // U+040D
    { 18, 24, 236, 0, 24, 108, 1155 }, // U+040E
    { 18, 22, 270, 0, 18, 99, 1263 }, // U+040F
    { 17, 18, 251, -2, 18, 77, 1362 }, // U+0410
    { 15, 18, 236, 0, 18, 68, 1439 }, // U+0411
    { 16, 18, 246, 0, 18, 72, 1507 }, // U+0412
    { 15, 18, 201, 0, 18, 68, 1579 }, // U+0413
    { 21, 23, 289, -3, 18, 121, 1647 }, // U+0414
    { 15, 18, 212, 0, 18, 68, 1768 }, // U+0415
    { 27, 18, 362, -2, 18, 122, 1836 }, // U+0416
    { 15, 18, 228, 0, 18, 68, 1958 }, // U+0417
    { 18, 18, 280, 0, 18, 81, 2026 }, // U+0418
    { 18, 24, 280, 0, 24, 108, 2107 }, // U+0419
    { 18, 18, 251, 0, 18, 81, 2215 }, // U+041A
    { 19, 18, 279, -1, 18, 86, 2296 }, // U+041B
    { 23, 18, 348, 0, 18, 104, 2382 }, // U+041C
    { 18, 18, 274, 0, 18, 81, 2486 }, // U+041D
    { 17, 18, 287, 1, 18, 77, 2567 }, // U+041E
    { 18, 18, 270, 0, 18, 81, 2644 }, // U+041F
    { 16, 18, 236, 0, 18, 72, 2725 }, // U+0420
    { 16, 18, 238, 1, 18, 72, 2797 }, // U+0421
    { 14, 18, 209, 2, 18, 63, 2869 }, // U+0422
    { 18, 18, 238, 0, 18, 81, 2932 }, // U+0423
    { 21, 18, 352, 1, 18, 95, 3013 }, // U+0424
    { 20, 18, 243, -2, 18, 90, 3108 }, // U+0425
    { 18, 23, 279, 0, 18, 104, 3198 }, // U+0426
    { 15, 18, 264, 2, 18, 68, 3302 }, // U+0427
    { 25, 18, 394, 0, 18, 113, 3370 }, // U+0428
    { 25, 23, 398, 0, 18, 144, 3483 }, // U+0429
    { 15, 18, 280, 2, 18, 68, 3627 }, // U+042A
    { 23, 18, 351, 0, 18, 104, 3695 }, // U+042B
    { 15, 18, 238, 0, 18, 68, 3799 }, // U+042C
    { 16, 18, 244, 0, 18, 72, 3867 }, // U+042D
    { 25, 18, 395, 0, 18, 113, 3939 }, // U+042E
    { 18, 18, 247, -2, 18, 81, 4052 }, // U+042F
    { 15, 14, 232, 0, 14, 53, 4133 }, // U+0430
    { 14, 20, 226, 1, 20, 70, 4186 }, // U+0431
    { 14, 14, 221, 0, 14, 49, 4256 }, // U+0432
    { 13, 14, 185, -1, 14, 46, 4305 }, // U+0433
    { 14, 19, 230, 0, 19, 67, 4351 }, // U+0434
    { 13, 14, 209, 0, 14, 46, 4418 }, // U+0435
    { 26, 14, 382, -1, 14, 91, 4464 }, // U+0436
    { 12, 14, 199, 0, 14, 42, 4555 }, // U+0437
    { 14, 14, 238, 1, 14, 49, 4597 }, // U+0438
    { 14, 20, 237, 1, 20, 70, 4646 }, // U+0439
    { 16, 14, 224, 0, 14, 56, 4716 }, // U+043A
    { 16, 14, 243, -1, 14, 56, 4772 }, // U+043B
    { 19, 14, 309, 0, 14, 67, 4828 }, // U+043C
    { 15, 14, 235, 0, 14, 53, 4895 }, // U+043D
    { 14, 14, 228, 0, 14, 49, 4948 }, // U+043E
    { 14, 14, 238, 0, 14, 49, 4997 }, // U+043F
    { 16, 20, 242, -1, 14, 80, 5046 }, // U+0440
    { 12, 14, 188, 0, 14, 42, 5126 }, // U+0441
    { 22, 14, 358, 0, 14, 77, 5168 }, // U+0442
    { 17, 20, 213, -2, 14, 85, 5245 }, // U+0443
    { 18, 26, 297, 0, 20, 117, 5330 }, // U+0444
    { 17, 14, 208, -2, 14, 60, 5447 }, // U+0445
    { 14, 17, 245, 1, 14, 60, 5507 }, // U+0446
    { 14, 14, 232, 1, 14, 49, 5567 }, // U+0447
    { 22, 14, 358, 1, 14, 77, 5616 }, // U+0448
    { 22, 17, 365, 1, 14, 94, 5693 }, // U+0449
    { 15, 14, 250, 0, 14, 53, 5787 }, // U+044A
    { 20, 14, 320, 0, 14, 70, 5840 }, // U+044B
    { 13, 14, 220, 0, 14, 46, 5910 }, // U+044C
    { 12, 14, 190, 0, 14, 42, 5956 }, // U+044D
    { 20, 14, 322, 0, 14, 70, 5998 }, // U+044E
    { 16, 14, 220, -2, 14, 56, 6068 }, // U+044F
    { 13, 19, 209, 0, 19, 62, 6124 }, // U+0450
    { 13, 19, 209, 0, 19, 62, 6186 }, // U+0451
    { 14, 25, 239, 0, 19, 88, 6248 }, // U+0452
    { 14, 20, 185, -1, 20, 70, 6336 }, // U+0453
    { 12, 14, 188, 0, 14, 42, 6406 }, // U+0454
    { 12, 14, 182, 0, 14, 42, 6448 }, // U+0455
    { 9, 19, 116, 0, 19, 43, 6490 }, // U+0456
    { 10, 19, 114, 0, 19, 48, 6533 }, // U+0457
    { 13, 25, 115, -4, 19, 82, 6581 }, // U+0458
    { 22, 14, 343, -1, 14, 77, 6663 }, // U+0459
    { 21, 14, 335, 0, 14, 74, 6740 }, // U+045A
    { 14, 19, 239, 0, 19, 67, 6814 }, // U+045B
    { 16, 20, 222, 0, 20, 80, 6881 }, // U+045C
    { 14, 19, 237, 1, 19, 67, 6961 }, // U+045D
    { 17, 26, 213, -2, 20, 111, 7028 }, // U+045E
    { 14, 19, 238, 1, 14, 67, 7139 }, // U+045F
    { 23, 18, 354, 2, 18, 104, 7206 }, // U+0460
    { 21, 14, 323, 1, 14, 74, 7310 }, // U+0461
    { 14, 18, 251, 1, 18, 63, 7384 }, // U+0462
    { 20, 14, 344, 0, 14, 70, 7447 }, // U+0463
    { 24, 18, 355, 0, 18, 108, 7517 }, // U+0464
    { 19, 14, 300, 0, 14, 67, 7625 }, // U+0465
    { 18, 18, 268, -2, 18, 81, 7692 }, // U+0466
    { 16, 14, 232, -2, 14, 56, 7773 }, // U+0467
    { 22, 18, 370, 0, 18, 99, 7829 }, // U+0468
    { 20, 14, 334, 0, 14, 70, 7928 }, // U+0469
    { 21, 18, 292, -2, 18, 95, 7998 }, // U+046A
    { 17, 14, 232, -2, 14, 60, 8093 }, // U+046B
    { 26, 18, 394, 0, 18, 117, 8153 }, // U+046C
    { 22, 14, 331, 0, 14, 77, 8270 }, // U+046D
    { 16, 28, 238, -1, 22, 112, 8347 }, // U+046E
    { 15, 23, 210, -2, 17, 87, 8459 }, // U+046F
    { 21, 18, 331, 2, 18, 95, 8546 }, // U+0470
    { 19, 25, 323, 1, 19, 119, 8641 }, // U+0471
    { 17, 18, 292, 1, 18, 77, 8760 }, // U+0472
    { 13, 14, 234, 1, 14, 46, 8837 }, // U+0473
    { 16, 18, 260, 2, 18, 72, 8883 }, // U+0474
    { 14, 14, 218, 1, 14, 49, 8955 }, // U+0475
    { 16, 23, 260, 2, 23, 92, 9004 }, // U+0476
    { 14, 19, 218, 1, 19, 67, 9096 }, // U+0477
    { 32, 24, 500, 1, 18, 192, 9163 }, // U+0478
    { 28, 20, 442, 1, 14, 140, 9355 }, // U+0479
    { 18, 21, 303, 1, 19, 95, 9495 }, // U+047A
    { 14, 16, 253, 1, 15, 56, 9590 }, // U+047B
    { 24, 26, 405, 1, 26, 156, 9646 }, // U+047C
    { 20, 23, 346, 1, 23, 115, 9802 }, // U+047D
    { 23, 23, 354, 2, 23, 133, 9917 }, // U+047E
    { 21, 19, 325, 1, 19, 100, 10050 }, // U+047F
    { 16, 24, 245, 1, 18, 96, 10150 }, // U+0480
    { 12, 20, 194, 1, 14, 60, 10246 }, // U+0481
    { 13, 17, 244, 1, 16, 56, 10306 }, // U+0482
    { 10, 5, 0, -10, 18, 13, 10362 }, // U+0483
    { 10, 4, 0, -10, 19, 10, 10375 }, // U+0484
    { 5, 5, 0, -7, 20, 7, 10385 }, // U+0485
    { 5, 6, 0, -7, 20, 8, 10392 }, // U+0486
    { 11, 4, 0, -3, 23, 11, 10400 }, // U+0487
    { 30, 27, 0, -15, 20, 203, 10411 }, // U+0488
    { 28, 28, 0, -14, 21, 196, 10614 }, // U+0489
    { 20, 29, 328, 0, 24, 145, 10810 }, // U+048A
    { 15, 25, 252, 1, 20, 94, 10955 }, // U+048B
    { 14, 18, 235, 0, 18, 63, 11049 }, // U+048C
    { 12, 20, 227, 1, 20, 60, 11112 }, // U+048D
    { 16, 18, 244, 0, 18, 72, 11172 }, // U+048E
    { 15, 20, 238, -1, 14, 75, 11244 }, // U+048F
    { 16, 22, 204, 0, 22, 88, 11319 }, // U+0490
    { 14, 18, 184, 0, 18, 63, 11407 }, // U+0491
    { 15, 18, 202, 0, 18, 68, 11470 }, // U+0492
    { 14, 14, 185, -1, 14, 49, 11538 }, // U+0493
    { 15, 24, 266, 0, 18, 90, 11587 }, // U+0494
    { 13, 20, 229, 0, 14, 65, 11677 }, // U+0495
    { 26, 23, 368, -2, 18, 150, 11742 }, // U+0496
    { 26, 20, 384, -1, 14, 130, 11892 }, // U+0497
    { 15, 24, 228, 0, 18, 90, 12022 }, // U+0498
    { 12, 20, 199, 0, 14, 60, 12112 }, // U+0499
    { 18, 23, 275, 0, 18, 104, 12172 }, // U+049A
    { 16, 19, 245, 0, 14, 76, 12276 }, // U+049B
    { 18, 18, 251, 0, 18, 81, 12352 }, // U+049C
    { 15, 14, 235, 1, 14, 53, 12433 }, // U+049D
    { 18, 18, 245, 0, 18, 81, 12486 }, // U+049E
    { 16, 19, 231, 0, 19, 76, 12567 }, // U+049F
    { 18, 18, 280, 2, 18, 81, 12643 }, // U+04A0
    { 18, 14, 259, 0, 14, 63, 12724 }, // U+04A1
    { 18, 23, 306, 0, 18, 104, 12787 }, // U+04A2
    { 16, 19, 268, 0, 14, 76, 12891 }, // U+04A3
    { 22, 18, 308, 0, 18, 99, 12967 }, // U+04A4
    { 20, 14, 284, 0, 14, 70, 13066 }, // U+04A5
    { 24, 24, 413, 0, 18, 144, 13136 }, // U+04A6
    { 20, 20, 346, 0, 14, 100, 13280 }, // U+04A7
    { 17, 19, 292, 1, 18, 81, 13380 }, // U+04A8
    { 14, 15, 245, 1, 14, 53, 13461 }, // U+04A9
    { 16, 24, 245, 1, 18, 96, 13514 }, // U+04AA
    { 12, 20, 194, 1, 14, 60, 13610 }, // U+04AB
    { 14, 23, 212, 2, 18, 81, 13670 }, // U+04AC
    { 23, 19, 370, 0, 14, 110, 13751 }, // U+04AD
    { 15, 18, 226, 2, 18, 68, 13861 }, // U+04AE
    { 14, 20, 205, 1, 14, 70, 13929 }, // U+04AF
    { 17, 18, 226, 0, 18, 77, 13999 }, // U+04B0
    { 16, 20, 205, -1, 14, 80, 14076 }, // U+04B1
    { 20, 23, 276, -2, 18, 115, 14156 }, // U+04B2
    { 16, 19, 239, -1, 14, 76, 14271 }, // U+04B3
    { 19, 24, 335, 2, 18, 114, 14347 }, // U+04B4
    { 16, 19, 273, 1, 14, 76, 14461 }, // U+04B5
    { 16, 23, 299, 2, 18, 92, 14537 }, // U+04B6
    { 13, 19, 256, 2, 14, 62, 14629 }, // U+04B7
    { 15, 18, 271, 2, 18, 68, 14691 }, // U+04B8
    { 13, 14, 242, 2, 14, 46, 14759 }, // U+04B9
    { 16, 18, 271, 0, 18, 72, 14805 }, // U+04BA
    { 14, 19, 242, 0, 19, 67, 14877 }, // U+04BB
    { 20, 18, 312, 0, 18, 90, 14944 }, // U+04BC
    { 16, 14, 264, 0, 14, 56, 15034 }, // U+04BD
    { 20, 23, 312, 0, 18, 115, 15090 }, // U+04BE
    { 16, 19, 264, 0, 14, 76, 15205 }, // U+04BF
    { 12, 18, 153, -1, 18, 54, 15281 }, // U+04C0
    { 27, 24, 362, -2, 24, 162, 15335 }, // U+04C1
    { 26, 20, 382, -1, 20, 130, 15497 }, // U+04C2
    { 18, 24, 277, 0, 18, 108, 15627 }, // U+04C3
    { 16, 20, 248, 0, 14, 80, 15735 }, // U+04C4
    { 20, 23, 304, -1, 18, 115, 15815 }, // U+04C5
    { 17, 19, 264, -1, 14, 81, 15930 }, // U+04C6
    { 18, 24, 280, 0, 18, 108, 16011 }, // U+04C7
    { 15, 20, 247, 0, 14, 75, 16119 }, // U+04C8
    { 19, 23, 306, 0, 18, 110, 16194 }, // U+04C9
    { 16, 19, 270, 0, 14, 76, 16304 }, // U+04CA
    { 15, 23, 269, 2, 18, 87, 16380 }, // U+04CB
    { 13, 19, 238, 2, 14, 62, 16467 }, // U+04CC
    { 23, 23, 378, 0, 18, 133, 16529 }, // U+04CD
    { 21, 19, 335, 0, 14, 100, 16662 }, // U+04CE
    { 12, 18, 153, -1, 18, 54, 16762 }, // U+04CF
    { 18, 24, 251, -2, 24, 108, 16816 }, // U+04D0
    { 14, 20, 237, 1, 20, 70, 16924 }, // U+04D1
    { 17, 23, 251, -2, 23, 98, 16994 }, // U+04D2
    { 14, 19, 237, 1, 19, 67, 17092 }, // U+04D3
    { 26, 18, 358, -2, 18, 117, 17159 }, // U+04D4
    { 21, 14, 349, 1, 14, 74, 17276 }, // U+04D5
    { 16, 24, 217, 0, 24, 96, 17350 }, // U+04D6
    { 14, 20, 223, 1, 20, 70, 17446 }, // U+04D7
    { 16, 18, 264, 0, 18, 72, 17516 }, // U+04D8
    { 13, 14, 223, 0, 14, 46, 17588 }, // U+04D9
    { 16, 23, 264, 0, 23, 92, 17634 }, // U+04DA
    { 13, 19, 223, 0, 19, 62, 17726 }, // U+04DB
    { 27, 23, 362, -2, 23, 156, 17788 }, // U+04DC
    { 26, 19, 382, -1, 19, 124, 17944 }, // U+04DD
    { 15, 23, 228, 0, 23, 87, 18068 }, // U+04DE
    { 13, 19, 199, 0, 19, 62, 18155 }, // U+04DF
    { 16, 18, 222, -1, 18, 72, 18217 }, // U+04E0
    { 16, 20, 219, -2, 14, 80, 18289 }, // U+04E1
    { 18, 22, 280, 0, 22, 99, 18369 }, // U+04E2
    { 14, 18, 242, 1, 18, 63, 18468 }, // U+04E3
    { 18, 23, 280, 0, 23, 104, 18531 }, // U+04E4
    { 14, 19, 242, 1, 19, 67, 18635 }, // U+04E5
    { 17, 23, 292, 1, 23, 98, 18702 }, // U+04E6
    { 13, 19, 236, 1, 19, 62, 18800 }, // U+04E7
    { 17, 18, 292, 1, 18, 77, 18862 }, // U+04E8
    { 13, 14, 236, 1, 14, 46, 18939 }, // U+04E9
    { 17, 23, 292, 1, 23, 98, 18985 }, // U+04EA
    { 13, 19, 236, 1, 19, 62, 19083 }, // U+04EB
    { 16, 23, 244, 0, 23, 92, 19145 }, // U+04EC
    { 12, 19, 190, 0, 19, 57, 19237 }, // U+04ED
    { 18, 22, 236, 0, 22, 99, 19294 }, // U+04EE
    { 17, 24, 208, -2, 18, 102, 19393 }, // U+04EF
    { 18, 23, 236, 0, 23, 104, 19495 }, // U+04F0
    { 17, 25, 208, -2, 19, 107, 19599 }, // U+04F1
    { 18, 24, 236, 0, 24, 108, 19706 }, // U+04F2
    { 18, 25, 208, -2, 19, 113, 19814 }, // U+04F3
    { 15, 23, 262, 2, 23, 87, 19927 }, // U+04F4
    { 14, 19, 231, 1, 19, 67, 20014 }, // U+04F5
    { 15, 23, 201, 0, 18, 87, 20081 }, // U+04F6
    { 13, 19, 185, 0, 14, 62, 20168 }, // U+04F7
    { 23, 23, 351, 0, 23, 133, 20230 }, // U+04F8
    { 20, 19, 322, 0, 19, 95, 20363 }, // U+04F9
    { 15, 24, 202, 0, 18, 90, 20458 }, // U+04FA
    { 14, 20, 185, -1, 14, 70, 20548 }, // U+04FB
    { 20, 24, 276, -2, 18, 120, 20618 }, // U+04FC
    { 17, 20, 240, -2, 14, 85, 20738 }, // U+04FD
    { 20, 18, 244, -2, 18, 90, 20823 }, // U+04FE
    { 17, 14, 212, -2, 14, 60, 20913 }, // U+04FF
    { 17, 23, 251, -2, 18, 98, 0 }, // U+1EA0
    { 14, 19, 237, 1, 14, 67, 98 }, // U+1EA1
    { 17, 25, 251, -2, 25, 107, 165 }, // U+1EA2
    { 14, 22, 237, 1, 22, 77, 272 }, // U+1EA3
    { 22, 25, 251, -2, 25, 138, 349 }, // U+1EA4
    { 17, 21, 237, 1, 21, 90, 487 }, // U+1EA5
    { 17, 24, 251, -2, 24, 102, 577 }, // U+1EA6
    { 14, 20, 237, 1, 20, 70, 679 }, // U+1EA7
    { 20, 26, 251, -2, 26, 130, 749 }, // U+1EA8
    { 16, 22, 237, 1, 22, 88, 879 }, // U+1EA9
    { 18, 26, 251, -2, 26, 117, 967 }, // U+1EAA
    { 14, 22, 237, 1, 22, 77, 1084 }, // U+1EAB
    { 18, 28, 251, -2, 23, 126, 1161 }, // U+1EAC
    { 14, 24, 237, 1, 19, 84, 1287 }, // U+1EAD
    { 18, 26, 251, -2, 26, 117, 1371 }, // U+1EAE
    { 14, 22, 237, 1, 22, 77, 1488 }, // U+1EAF
    { 18, 26, 251, -2, 26, 117, 1565 }, // U+1EB0
    { 14, 22, 237, 1, 22, 77, 1682 }, // U+1EB1
    { 18, 26, 251, -2, 26, 117, 1759 }, // U+1EB2
    { 14, 22, 237, 1, 22, 77, 1876 }, // U+1EB3
    { 18, 27, 251, -2, 27, 122, 1953 }, // U+1EB4
    { 14, 23, 237, 1, 23, 81, 2075 }, // U+1EB5
    { 18, 29, 251, -2, 24, 131, 2156 }, // U+1EB6
    { 14, 24, 237, 1, 19, 84, 2287 }, // U+1EB7
    { 15, 23, 217, 0, 18, 87, 2371 }, // U+1EB8
    { 13, 19, 223, 1, 14, 62, 2458 }, // U+1EB9
    { 15, 25, 217, 0, 25, 94, 2520 }, // U+1EBA
    { 13, 22, 223, 1, 22, 72, 2614 }, // U+1EBB
    { 16, 25, 217, 0, 25, 100, 2686 }, // U+1EBC
    { 14, 19, 223, 1, 19, 67, 2786 }, // U+1EBD
    { 19, 25, 217, 0, 25, 119, 2853 }, // U+1EBE
    { 17, 21, 223, 1, 21, 90, 2972 }, // U+1EBF
    { 15, 24, 217, 0, 24, 90, 3062 }, // U+1EC0
    { 13, 20, 223, 1, 20, 65, 3152 }, // U+1EC1
    { 18, 26, 217, 0, 26, 117, 3217 }, // U+1EC2
    { 16, 22, 223, 1, 22, 88, 3334 }, // U+1EC3
    { 15, 26, 217, 0, 26, 98, 3422 }, // U+1EC4
    { 13, 22, 223, 1, 22, 72, 3520 }, // U+1EC5
    { 15, 28, 217, 0, 23, 105, 3592 }, // U+1EC6
    { 13, 24, 223, 1, 19, 78, 3697 }, // U+1EC7
    { 12, 25, 153, -1, 25, 75, 3775 }, // U+1EC8
    { 10, 21, 120, 0, 21, 53, 3850 }, // U+1EC9
    { 12, 23, 153, -1, 18, 69, 3903 }, // U+1ECA
    { 10, 24, 120, -1, 19, 60, 3972 }, // U+1ECB
    { 17, 23, 292, 1, 18, 98, 4032 }, // U+1ECC
    { 13, 19, 236, 1, 14, 62, 4130 }, // U+1ECD
    { 17, 26, 292, 1, 26, 111, 4192 }, // U+1ECE
    { 13, 22, 236, 1, 22, 72, 4303 }, // U+1ECF
    { 20, 25, 292, 1, 25, 125, 4375 }, // U+1ED0
    { 17, 21, 236, 1, 21, 90, 4500 }, // U+1ED1
    { 17, 25, 292, 1, 25, 107, 4590 }, // U+1ED2
    { 13, 20, 236, 1, 20, 65, 4697 }, // U+1ED3
    { 19, 27, 292, 1, 27, 129, 4762 }, // U+1ED4
    { 16, 22, 236, 1, 22, 88, 4891 }, // U+1ED5
    { 17, 27, 292, 1, 27, 115, 4979 }, // U+1ED6
    { 13, 22, 236, 1, 22, 72, 5094 }, // U+1ED7
    { 17, 29, 292, 1, 24, 124, 5166 }, // U+1ED8
    { 13, 24, 236, 1, 19, 78, 5290 }, // U+1ED9
    { 21, 24, 309, 1, 24, 126, 5368 }, // U+1EDA
    { 18, 19, 261, 1, 19, 86, 5494 }, // U+1EDB
    { 21, 24, 309, 1, 24, 126, 5580 }, // U+1EDC
    { 18, 19, 261, 1, 19, 86, 5706 }, // U+1EDD
    { 21, 26, 309, 1, 26, 137, 5792 }, // U+1EDE
    { 18, 22, 261, 1, 22, 99, 5929 }, // U+1EDF
    { 21, 24, 309, 1, 24, 126, 6028 }, // U+1EE0
    { 18, 19, 261, 1, 19, 86, 6154 }, // U+1EE1
    { 21, 24, 309, 1, 19, 126, 6240 }, // U+1EE2
    { 18, 21, 261, 1, 16, 95, 6366 }, // U+1EE3
    { 17, 23, 277, 1, 18, 98, 6461 }, // U+1EE4
    { 14, 19, 242, 1, 14, 67, 6559 }, // U+1EE5
    { 17, 26, 277, 1, 26, 111, 6626 }, // U+1EE6
    { 14, 22, 242, 1, 22, 77, 6737 }, // U+1EE7
    { 23, 24, 310, 1, 24, 138, 6814 }, // U+1EE8
    { 20, 19, 284, 1, 19, 95, 6952 }, // U+1EE9
    { 23, 24, 310, 1, 24, 138, 7047 }, // U+1EEA
    { 20, 19, 284, 1, 19, 95, 7185 }, // U+1EEB
    { 23, 26, 310, 1, 26, 150, 7280 }, // U+1EEC
    { 20, 22, 284, 1, 22, 110, 7430 }, // U+1EED
    { 23, 24, 310, 1, 24, 138, 7540 }, // U+1EEE
    { 20, 19, 284, 1, 19, 95, 7678 }, // U+1EEF
    { 23, 24, 310, 1, 19, 138, 7773 }, // U+1EF0
    { 20, 21, 284, 1, 16, 105, 7911 }, // U+1EF1
    { 15, 23, 226, 2, 23, 87, 8016 }, // U+1EF2
    { 17, 25, 208, -2, 19, 107, 8103 }, // U+1EF3
    { 15, 23, 226, 2, 18, 87, 8210 }, // U+1EF4
    { 17, 20, 208, -2, 14, 85, 8297 }, // U+1EF5
    { 15, 25, 226, 2, 25, 94, 8382 }, // U+1EF6
    { 17, 27, 208, -2, 21, 115, 8476 }, // U+1EF7
    { 15, 25, 226, 2, 25, 94, 8591 }, // U+1EF8
    { 17, 25, 208, -2, 19, 107, 8685 }, // U+1EF9
    { 0, 0, 200, 0, 0, 0, 0 }, // U+2000
    { 0, 0, 400, 0, 0, 0, 0 }, // U+2001
    { 0, 0, 200, 0, 0, 0, 0 }, // U+2002
    { 0, 0, 400, 0, 0, 0, 0 }, // U+2003
    { 0, 0, 133, 0, 0, 0, 0 }, // U+2004
    { 0, 0, 100, 0, 0, 0, 0 }, // U+2005
    { 0, 0, 67, 0, 0, 0, 0 }, // U+2006
    { 0, 0, 220, 0, 0, 0, 0 }, // U+2007
    { 0, 0, 115, 0, 0, 0, 0 }, // U+2008
    { 0, 0, 66, 0, 0, 0, 0 }, // U+2009
    { 0, 0, 40, 0, 0, 0, 0 }, // U+200A
    { 0, 0, 0, 0, 0, 0, 0 }, // U+200B
    { 0, 0, 0, 0, 0, 0, 0 }, // U+200C
    { 0, 0, 0, 0, 0, 0, 0 }, // U+200D
    { 7, 22, 0, -1, 18, 39, 0 }, // U+200E
    { 7, 22, 0, -6, 18, 39, 39 }, // U+200F
    { 8, 4, 129, 0, 9, 8, 78 }, // U+2010
    { 8, 4, 129, 0, 9, 8, 86 }, // U+2011
    { 14, 4, 220, 0, 11, 14, 94 }, // U+2012
    { 12, 4, 192, 0, 9, 12, 108 }, // U+2013
    { 24, 4, 384, 0, 9, 24, 120 }, // U+2014
    { 24, 4, 384, 0, 9, 24, 144 }, // U+2015
    { 10, 25, 220, 2, 19, 63, 168 }, // U+2016
    { 12, 5, 160, -3, -1, 15, 231 }, // U+2017
    { 7, 6, 87, 1, 18, 11, 246 }, // U+2018
    { 7, 6, 87, 1, 18, 11, 257 }, // U+2019
    { 7, 6, 112, -2, 3, 11, 268 }, // U+201A
    { 5, 6, 86, 2, 18, 8, 279 }, // U+201B
    { 12, 6, 173, 1, 18, 18, 287 }, // U+201C
    { 12, 6, 173, 1, 18, 18, 305 }, // U+201D
    { 13, 6, 199, -2, 3, 20, 323 }, // U+201E
    { 10, 6, 173, 2, 18, 15, 343 }, // U+201F
    { 11, 19, 206, 2, 19, 53, 358 }, // U+2020
    { 14, 19, 206, 0, 19, 67, 411 }, // U+2021
    { 8, 8, 150, 1, 13, 16, 478 }, // U+2022
    { 8, 11, 141, 1, 15, 22, 494 }, // U+2023
    { 6, 4, 200, 2, 4, 6, 516 }, // U+2024
    { 12, 4, 230, 0, 4, 12, 522 }, // U+2025
    { 19, 4, 333, 0, 4, 19, 534 }, // U+2026
    { 6, 4, 129, 1, 9, 6, 553 }, // U+2027
    { 0, 0, 240, 0, 0, 0, 559 }, // U+2028
    { 0, 0, 240, 0, 0, 0, 559 }, // U+2029
    { 7, 19, 0, -1, 15, 34, 559 }, // U+202A
    { 7, 19, 0, -6, 15, 34, 593 }, // U+202B
    { 6, 21, 0, -3, 17, 32, 627 }, // U+202C
    { 6, 21, 0, -3, 17, 32, 659 }, // U+202D
    { 6, 21, 0, -3, 17, 32, 691 }, // U+202E
    { 0, 0, 66, 0, 0, 0, 723 }, // U+202F
    { 29, 18, 487, 1, 18, 131, 723 }, // U+2030
    { 38, 18, 632, 1, 18, 171, 854 }, // U+2031
    { 8, 7, 113, 1, 18, 14, 1025 }, // U+2032
    { 14, 6, 205, 1, 18, 21, 1039 }, // U+2033
    { 20, 6, 297, 1, 18, 30, 1060 }, // U+2034
    { 7, 7, 113, 1, 18, 13, 1090 }, // U+2035
    { 13, 6, 205, 1, 18, 20, 1103 }, // U+2036
    { 19, 6, 297, 1, 18, 29, 1123 }, // U+2037
    { 9, 8, 141, -2, 2, 18, 1152 }, // U+2038
    { 9, 12, 130, 0, 13, 27, 1170 }, // U+2039
    { 8, 12, 130, 0, 13, 24, 1197 }, // U+203A
    { 21, 18, 338, 0, 18, 95, 1221 }, // U+203B
    { 15, 18, 224, 0, 18, 68, 1316 }, // U+203C
    { 11, 18, 184, 2, 18, 50, 1384 }, // U+203D
    { 12, 4, 200, 2, 23, 12, 1434 }, // U+203E
    { 14, 6, 214, -2, 0, 21, 1446 }, // U+203F
    { 13, 6, 214, 2, 20, 20, 1467 }, // U+2040
    { 14, 16, 154, -3, 10, 56, 1487 }, // U+2041
    { 29, 24, 461, -1, 20, 174, 1543 }, // U+2042
    { 8, 4, 130, 0, 9, 8, 1717 }, // U+2043
    { 17, 18, 50, -7, 18, 77, 1725 }, // U+2044
    { 11, 24, 132, -1, 18, 66, 1802 }, // U+2045
    { 11, 24, 132, -2, 18, 66, 1868 }, // U+2046
    { 23, 18, 362, 1, 18, 104, 1934 }, // U+2047
    { 19, 18, 301, 1, 18, 86, 2038 }, // U+2048
    { 20, 18, 298, 0, 18, 90, 2124 }, // U+2049
    { 13, 14, 213, 1, 14, 46, 2214 }, // U+204A
    { 14, 24, 249, 2, 19, 84, 2260 }, // U+204B
    { 14, 13, 256, 1, 14, 46, 2344 }, // U+204C
    { 14, 13, 256, 1, 14, 46, 2390 }, // U+204D
    { 13, 13, 217, -1, 7, 43, 2436 }, // U+204E
    { 7, 17, 114, 0, 14, 30, 2479 }, // U+204F
    { 17, 26, 214, -2, 20, 111, 2509 }, // U+2050
    { 16, 26, 217, -1, 20, 104, 2620 }, // U+2051
    { 11, 18, 169, 0, 18, 50, 2724 }, // U+2052
    { 24, 5, 400, 1, 10, 30, 2774 }, // U+2053
    { 14, 6, 214, -3, 0, 21, 2804 }, // U+2054
    { 14, 13, 230, 0, 13, 46, 2825 }, // U+2055
    { 12, 18, 224, 1, 18, 54, 2871 }, // U+2056
    { 23, 6, 354, 1, 18, 35, 2925 }, // U+2057
    { 19, 18, 340, 1, 18, 86, 2960 }, // U+2058
    { 19, 18, 341, 1, 18, 86, 3046 }, // U+2059
    { 5, 18, 110, 1, 18, 23, 3132 }, // U+205A
    { 16, 19, 286, 1, 19, 76, 3155 }, // U+205B
    { 20, 19, 331, 0, 19, 95, 3231 }, // U+205C
    { 5, 19, 112, 1, 19, 24, 3326 }, // U+205D
    { 5, 18, 114, 1, 18, 23, 3350 }, // U+205E
    { 0, 0, 89, 0, 0, 0, 3373 }, // U+205F
    { 0, 0, 240, 0, 0, 0, 3373 }, // U+2060
    { 0, 0, 240, 0, 0, 0, 3373 }, // U+2061
    { 0, 0, 240, 0, 0, 0, 3373 }, // U+2062
    { 0, 0, 240, 0, 0, 0, 3373 }, // U+2063
    { 0, 0, 240, 0, 0, 0, 3373 }, // U+2064
    { 0, 0, 240, 0, 0, 0, 3373 }, // U+2066
    { 0, 0, 240, 0, 0, 0, 3373 }, // U+2067
    { 0, 0, 240, 0, 0, 0, 3373 }, // U+2068
    { 0, 0, 240, 0, 0, 0, 3373 }, // U+2069
    { 6, 21, 0, -3, 17, 32, 3373 }, // U+206A
    { 6, 21, 0, -3, 17, 32, 3405 }, // U+206B
    { 6, 21, 0, -3, 18, 32, 3437 }, // U+206C
    { 6, 21, 0, -3, 18, 32, 3469 }, // U+206D
    { 6, 21, 0, -3, 18, 32, 3501 }, // U+206E
    { 6, 21, 0, -3, 17, 32, 3533 }, // U+206F
    { 9, 11, 152, 2, 21, 25, 0 }, // U+2070
    { 6, 12, 98, 1, 19, 18, 25 }, // U+2071
    { 10, 11, 152, 1, 21, 28, 43 }, // U+2074
    { 10, 11, 152, 1, 21, 28, 71 }, // U+2075
    { 9, 12, 152, 2, 22, 27, 99 }, // U+2076
    { 10, 12, 152, 2, 22, 30, 126 }, // U+2077
    { 10, 12, 152, 1, 22, 30, 156 }, // U+2078
    { 9, 12, 152, 2, 22, 27, 186 }, // U+2079
    { 9, 7, 150, 2, 18, 16, 213 }, // U+207A
    { 9, 2, 150, 2, 16, 5, 229 }, // U+207B
    { 8, 5, 161, 3, 18, 10, 234 }, // U+207C
    { 6, 14, 89, 3, 23, 21, 244 }, // U+207D
    { 7, 14, 89, 0, 23, 25, 265 }, // U+207E
    { 10, 8, 157, 1, 15, 20, 290 }, // U+207F
    { 10, 12, 152, -1, 8, 30, 310 }, // U+2080
    { 9, 11, 152, -1, 8, 25, 340 }, // U+2081
    { 10, 11, 152, -2, 8, 28, 365 }, // U+2082
    { 10, 12, 152, -2, 9, 30, 393 }, // U+2083
    { 10, 11, 152, -2, 8, 28, 423 }, // U+2084
    { 10, 11, 152, -1, 8, 28, 451 }, // U+2085
    { 10, 12, 152, -1, 9, 30, 479 }, // U+2086
    { 10, 12, 152, -1, 8, 30, 509 }, // U+2087
    { 9, 12, 152, -1, 8, 27, 539 }, // U+2088
    { 9, 12, 152, -1, 9, 27, 566 }, // U+2089
    { 8, 7, 150, 0, 6, 14, 593 }, // U+208A
    { 8, 2, 150, 0, 3, 4, 607 }, // U+208B
    { 8, 5, 161, 0, 5, 10, 611 }, // U+208C
    { 7, 14, 89, 0, 9, 25, 621 }, // U+208D
    { 7, 14, 89, -3, 9, 25, 646 }, // U+208E
    { 10, 8, 154, -1, 6, 20, 671 }, // U+2090
    { 9, 8, 142, -1, 6, 18, 691 }, // U+2091
    { 9, 8, 154, -1, 6, 18, 709 }, // U+2092
    { 12, 8, 139, -3, 6, 24, 727 }, // U+2093
    { 9, 8, 142, -1, 6, 18, 751 }, // U+2094
    { 10, 11, 178, -1, 9, 28, 769 }, // U+2095
    { 11, 11, 157, -1, 9, 31, 797 }, // U+2096
    { 6, 11, 102, -1, 9, 17, 828 }, // U+2097
    { 15, 8, 256, -1, 6, 30, 845 }, // U+2098
    { 9, 8, 157, -1, 6, 18, 875 }, // U+2099
    { 10, 12, 155, -2, 6, 30, 893 }, // U+209A
    { 8, 8, 134, -1, 6, 16, 923 }, // U+209B
    { 7, 10, 106, -1, 8, 18, 939 }, // U+209C
    { 14, 18, 229, 1, 18, 63, 0 }, // U+20A0
    { 16, 21, 221, 0, 19, 84, 63 }, // U+20A1
    { 16, 18, 229, 0, 18, 72, 147 }, // U+20A2
    { 15, 18, 220, 0, 18, 68, 219 }, // U+20A3
    { 17, 18, 220, -1, 18, 77, 287 }, // U+20A4
    { 22, 20, 362, 0, 17, 110, 364 }, // U+20A5
    { 16, 18, 232, 0, 18, 72, 474 }, // U+20A6
    { 22, 18, 342, 0, 18, 99, 546 }, // U+20A7
    { 23, 18, 358, 0, 18, 104, 645 }, // U+20A8
    { 20, 18, 291, 0, 18, 90, 749 }, // U+20A9
    { 22, 18, 346, 0, 18, 99, 839 }, // U+20AA
    { 17, 23, 238, 0, 19, 98, 938 }, // U+20AB
    { 16, 18, 220, 0, 18, 72, 1036 }, // U+20AC
    { 17, 18, 229, 0, 18, 77, 1108 }, // U+20AD
    { 16, 18, 212, 0, 18, 72, 1185 }, // U+20AE
    { 25, 24, 404, 0, 18, 150, 1257 }, // U+20AF
    { 17, 24, 236, -2, 18, 102, 1407 }, // U+20B0
    { 16, 18, 229, 0, 18, 72, 1509 }, // U+20B1
    { 17, 21, 276, 1, 19, 90, 1581 }, // U+20B2
    { 18, 18, 240, -2, 18, 81, 1671 }, // U+20B3
    { 15, 18, 228, 0, 18, 68, 1752 }, // U+20B4
    { 16, 21, 245, 1, 19, 84, 1820 }, // U+20B5
    { 18, 17, 270, 0, 17, 77, 1904 }, // U+20B6
    { 19, 20, 274, -1, 18, 95, 1981 }, // U+20B7
    { 14, 18, 212, 1, 18, 63, 2076 }, // U+20B8
    { 14, 18, 220, 1, 18, 63, 2139 }, // U+20B9
    { 14, 18, 220, 0, 18, 63, 2202 }, // U+20BA
    { 16, 18, 257, 1, 18, 72, 2265 }, // U+20BB
    { 20, 18, 326, -1, 18, 90, 2337 }, // U+20BC
    { 16, 18, 233, -1, 18, 72, 2427 }, // U+20BD
    { 18, 21, 245, -1, 21, 95, 2499 }, // U+20BE
    { 14, 24, 220, 0, 21, 84, 2594 }, // U+20BF
    { 8, 4, 129, 0, 9, 8, 0 }, // U+2212
    { 24, 25, 285, -3, 19, 150, 0 }, // U+FB00
    { 21, 25, 268, -3, 19, 132, 150 }, // U+FB01
    { 21, 25, 268, -3, 19, 132, 282 }, // U+FB02
    { 29, 25, 400, -3, 19, 182, 414 }, // U+FB03
    { 29, 25, 400, -3, 19, 182, 596 }, // U+FB04
    { 23, 25, 303, -3, 19, 144, 778 }, // U+FB05
    { 23, 19, 353, 0, 19, 110, 922 }, // U+FB06
    { 23, 24, 400, 1, 20, 138, 0 }, // U+FFFD
};

static const EpdUnicodeInterval notosans_12_bolditalicIntervals[] = {
    { 0x0, 0x0, 0x0 },
    { 0xD, 0xD, 0x1 },
    { 0x20, 0x7E, 0x2 },
    { 0xA0, 0xFF, 0x61 },
    { 0x100, 0x17F, 0xC1 },
    { 0x1A0, 0x1A1, 0x141 },
    { 0x1AF, 0x1B0, 0x143 },
    { 0x1C4, 0x21F, 0x145 },
    { 0x300, 0x36F, 0x1A1 },
    { 0x400, 0x4FF, 0x211 },
    { 0x1EA0, 0x1EF9, 0x311 },
    { 0x2000, 0x2064, 0x36B },
    { 0x2066, 0x206F, 0x3D0 },
    { 0x2070, 0x2071, 0x3DA },
    { 0x2074, 0x208E, 0x3DC },
    { 0x2090, 0x209C, 0x3F7 },
    { 0x20A0, 0x20BF, 0x404 },
    { 0x2212, 0x2212, 0x424 },
    { 0xFB00, 0xFB06, 0x425 },
    { 0xFFFD, 0xFFFD, 0x42C },
};

static const EpdFontGroup notosans_12_bolditalicGroups[] = {
    { 0, 2830, 6149, 97, 0 },
    { 2830, 2471, 7346, 96, 97 },
    { 5301, 3273, 11420, 128, 193 },
    { 8574, 3309, 10092, 96, 321 },
    { 11883, 1029, 1668, 112, 417 },
    { 12912, 8310, 22668, 256, 529 },
    { 21222, 1975, 9761, 90, 785 },
    { 23197, 1705, 3980, 111, 875 },
    { 24902, 733, 1152, 42, 986 },
    { 25635, 1617, 2892, 32, 1028 },
    { 27252, 10, 8, 1, 1060 },
    { 27262, 395, 1114, 7, 1061 },
    { 27657, 106, 144, 1, 1068 },
};

static const EpdKernClassEntry notosans_12_bolditalicKernLeftClasses[] = {
    { 0x0020, 1 }, // U+0020
    { 0x0022, 2 }, // "
    { 0x0026, 3 }, // &
    { 0x0027, 2 }, // '
    { 0x0028, 4 }, // (
    { 0x002C, 5 }, // ,
    { 0x002D, 6 }, // -
    { 0x002E, 5 }, // .
    { 0x0041, 7 }, // A
    { 0x0042, 8 }, // B
    { 0x0043, 9 }, // C
    { 0x0044, 10 }, // D
    { 0x0045, 11 }, // E
    { 0x0046, 12 }, // F
    { 0x004B, 13 }, // K
    { 0x004C, 14 }, // L
    { 0x004F, 10 }, // O
    { 0x0050, 15 }, // P
    { 0x0051, 10 }, // Q
    { 0x0052, 16 }, // R
    { 0x0054, 17 }, // T
    { 0x0055, 18 }, // U
    { 0x0056, 19 }, // V
    { 0x0057, 19 }, // W
    { 0x0058, 13 }, // X
    { 0x0059, 20 }, // Y
    { 0x005A, 21 }, // Z
    { 0x005B, 4 }, // [
    { 0x005F, 22 }, // _
    { 0x0061, 23 }, // a
    { 0x0062, 24 }, // b
    { 0x0063, 25 }, // c
    { 0x0065, 24 }, // e
    { 0x0066, 26 }, // f
    { 0x006B, 27 }, // k
    { 0x006F, 24 }, // o
    { 0x0070, 24 }, // p
    { 0x0072, 28 }, // r
    { 0x0074, 29 }, // t
    { 0x0076, 30 }, // v
    { 0x0077, 30 }, // w
    { 0x0078, 27 }, // x
    { 0x0079, 30 }, // y
    { 0x007B, 4 }, // {
    { 0x00A1, 31 }, // U+00A1
    { 0x00AB, 32 }, // U+00AB
    { 0x00BB, 33 }, // U+00BB
    { 0x00BF, 34 }, // U+00BF
    { 0x00C0, 7 }, // U+00C0
    { 0x00C1, 7 }, // U+00C1
    { 0x00C2, 7 }, // U+00C2
    { 0x00C3, 7 }, // U+00C3
    { 0x00C4, 7 }, // U+00C4
    { 0x00C5, 7 }, // U+00C5
    { 0x00C6, 11 }, // U+00C6
    { 0x00C7, 9 }, // U+00C7
    { 0x00C8, 11 }, // U+00C8
    { 0x00C9, 11 }, // U+00C9
    { 0x00CA, 11 }, // U+00CA
    { 0x00CB, 11 }, // U+00CB
    { 0x00D0, 10 }, // U+00D0
    { 0x00D2, 10 }, // U+00D2
    { 0x00D3, 10 }, // U+00D3
    { 0x00D4, 10 }, // U+00D4
    { 0x00D5, 10 }, // U+00D5
    { 0x00D6, 10 }, // U+00D6
    { 0x00D8, 10 }, // U+00D8
    { 0x00D9, 18 }, // U+00D9
    { 0x00DA, 18 }, // U+00DA
    { 0x00DB, 18 }, // U+00DB
    { 0x00DC, 18 }, // U+00DC
    { 0x00DD, 20 }, // U+00DD
    { 0x00DE, 15 }, // U+00DE
    { 0x00E0, 23 }, // U+00E0
    { 0x00E1, 23 }, // U+00E1
    { 0x00E2, 23 }, // U+00E2
    { 0x00E3, 23 }, // U+00E3
    { 0x00E4, 23 }, // U+00E4
    { 0x00E5, 23 }, // U+00E5
    { 0x00E6, 24 }, // U+00E6
    { 0x00E8, 24 }, // U+00E8
    { 0x00E9, 24 }, // U+00E9
    { 0x00EA, 24 }, // U+00EA
    { 0x00EB, 24 }, // U+00EB
    { 0x00EF, 35 }, // U+00EF
    { 0x00F0, 24 }, // U+00F0
    { 0x00F2, 24 }, // U+00F2
    { 0x00F3, 24 }, // U+00F3
    { 0x00F4, 24 }, // U+00F4
    { 0x00F5, 24 }, // U+00F5
    { 0x00F6, 24 }, // U+00F6
    { 0x00F8, 24 }, // U+00F8
    { 0x00FD, 30 }, // U+00FD
    { 0x00FE, 24 }, // U+00FE
    { 0x00FF, 30 }, // U+00FF
    { 0x0100, 7 }, // U+0100
    { 0x0101, 23 }, // U+0101
    { 0x0102, 7 }, // U+0102
    { 0x0103, 23 }, // U+0103
    { 0x0104, 7 }, // U+0104
    { 0x0105, 23 }, // U+0105
    { 0x0106, 9 }, // U+0106
    { 0x0108, 9 }, // U+0108
    { 0x010A, 9 }, // U+010A
    { 0x010C, 9 }, // U+010C
    { 0x010E, 10 }, // U+010E
    { 0x010F, 36 }, // U+010F
    { 0x0110, 10 }, // U+0110
    { 0x0112, 11 }, // U+0112
    { 0x0113, 24 }, // U+0113
    { 0x0114, 11 }, // U+0114
    { 0x0115, 24 }, // U+0115
    { 0x0116, 11 }, // U+0116
    { 0x0117, 24 }, // U+0117
    { 0x0118, 11 }, // U+0118
    { 0x0119, 24 }, // U+0119
    { 0x011A, 11 }, // U+011A
    { 0x011B, 24 }, // U+011B
    { 0x0129, 37 }, // U+0129
    { 0x012B, 35 }, // U+012B
    { 0x012E, 38 }, // U+012E
    { 0x0136, 13 }, // U+0136
    { 0x0137, 27 }, // U+0137
    { 0x0138, 27 }, // U+0138
    { 0x0139, 14 }, // U+0139
    { 0x013B, 14 }, // U+013B
    { 0x013D, 14 }, // U+013D
    { 0x013E, 36 }, // U+013E
    { 0x013F, 14 }, // U+013F
    { 0x0141, 14 }, // U+0141
    { 0x014C, 10 }, // U+014C
    { 0x014D, 24 }, // U+014D
    { 0x014E, 10 }, // U+014E
    { 0x014F, 24 }, // U+014F
    { 0x0150, 10 }, // U+0150
    { 0x0151, 24 }, // U+0151
    { 0x0152, 11 }, // U+0152
    { 0x0153, 24 }, // U+0153
    { 0x0155, 28 }, // U+0155
    { 0x0157, 28 }, // U+0157
    { 0x0159, 28 }, // U+0159
    { 0x0162, 17 }, // U+0162
    { 0x0163, 29 }, // U+0163
    { 0x0164, 17 }, // U+0164
    { 0x0165, 39 }, // U+0165
    { 0x0166, 17 }, // U+0166
    { 0x0167, 29 }, // U+0167
    { 0x0168, 18 }, // U+0168
    { 0x016A, 18 }, // U+016A
    { 0x016C, 18 }, // U+016C
    { 0x016E, 18 }, // U+016E
    { 0x0170, 18 }, // U+0170
    { 0x0172, 18 }, // U+0172
    { 0x0174, 19 }, // U+0174
    { 0x0175, 30 }, // U+0175
    { 0x0176, 20 }, // U+0176
    { 0x0177, 30 }, // U+0177
    { 0x0178, 20 }, // U+0178
    { 0x0179, 21 }, // U+0179
    { 0x017B, 21 }, // U+017B
    { 0x017D, 21 }, // U+017D
    { 0x01A0, 40 }, // U+01A0
    { 0x01A1, 41 }, // U+01A1
    { 0x01AF, 42 }, // U+01AF
    { 0x01B0, 43 }, // U+01B0
    { 0x01D0, 35 }, // U+01D0
    { 0x01FA, 7 }, // U+01FA
    { 0x01FB, 23 }, // U+01FB
    { 0x01FC, 11 }, // U+01FC
    { 0x01FD, 24 }, // U+01FD
    { 0x01FE, 10 }, // U+01FE
    { 0x01FF, 24 }, // U+01FF
    { 0x020B, 35 }, // U+020B
    { 0x021A, 17 }, // U+021A
    { 0x021B, 29 }, // U+021B
    { 0x0402, 44 }, // U+0402
    { 0x0403, 45 }, // U+0403
    { 0x0404, 46 }, // U+0404
    { 0x0405, 47 }, // U+0405
    { 0x0408, 48 }, // U+0408
    { 0x0409, 44 }, // U+0409
    { 0x040A, 44 }, // U+040A
    { 0x040B, 49 }, // U+040B
    { 0x040C, 50 }, // U+040C
    { 0x040E, 51 }, // U+040E
    { 0x0410, 52 }, // U+0410
    { 0x0411, 53 }, // U+0411
    { 0x0412, 54 }, // U+0412
    { 0x0413, 45 }, // U+0413
    { 0x0414, 55 }, // U+0414
    { 0x0416, 50 }, // U+0416
    { 0x0417, 54 }, // U+0417
    { 0x041A, 50 }, // U+041A
    { 0x041E, 56 }, // U+041E
    { 0x0420, 57 }, // U+0420
    { 0x0421, 46 }, // U+0421
    { 0x0422, 45 }, // U+0422
    { 0x0423, 51 }, // U+0423
    { 0x0424, 58 }, // U+0424
    { 0x0425, 50 }, // U+0425
    { 0x0426, 55 }, // U+0426
    { 0x0429, 55 }, // U+0429
    { 0x042A, 44 }, // U+042A
    { 0x042C, 44 }, // U+042C
    { 0x042D, 56 }, // U+042D
    { 0x042E, 56 }, // U+042E
    { 0x0430, 59 }, // U+0430
    { 0x0431, 60 }, // U+0431
    { 0x0432, 61 }, // U+0432
    { 0x0433, 62 }, // U+0433
    { 0x0434, 63 }, // U+0434
    { 0x0435, 62 }, // U+0435
    { 0x0436, 64 }, // U+0436
    { 0x0437, 61 }, // U+0437
    { 0x0438, 59 }, // U+0438
    { 0x0439, 59 }, // U+0439
    { 0x043A, 65 }, // U+043A
    { 0x043B, 59 }, // U+043B
    { 0x043C, 59 }, // U+043C
    { 0x043D, 59 }, // U+043D
    { 0x043E, 66 }, // U+043E
    { 0x043F, 67 }, // U+043F
    { 0x0440, 66 }, // U+0440
    { 0x0441, 64 }, // U+0441
    { 0x0442, 67 }, // U+0442
    { 0x0443, 68 }, // U+0443
    { 0x0444, 66 }, // U+0444
    { 0x0445, 65 }, // U+0445
    { 0x0446, 69 }, // U+0446
    { 0x0447, 59 }, // U+0447
    { 0x0448, 59 }, // U+0448
    { 0x0449, 69 }, // U+0449
    { 0x044A, 70 }, // U+044A
    { 0x044B, 59 }, // U+044B
    { 0x044C, 70 }, // U+044C
    { 0x044D, 66 }, // U+044D
    { 0x044E, 66 }, // U+044E
    { 0x044F, 59 }, // U+044F
    { 0x0450, 62 }, // U+0450
    { 0x0451, 62 }, // U+0451
    { 0x0452, 71 }, // U+0452
    { 0x0453, 62 }, // U+0453
    { 0x0454, 64 }, // U+0454
    { 0x0455, 72 }, // U+0455
    { 0x0457, 73 }, // U+0457
    { 0x0458, 74 }, // U+0458
    { 0x0459, 70 }, // U+0459
    { 0x045A, 70 }, // U+045A
    { 0x045B, 67 }, // U+045B
    { 0x045C, 65 }, // U+045C
    { 0x045D, 59 }, // U+045D
    { 0x045E, 75 }, // U+045E
    { 0x045F, 59 }, // U+045F
    { 0x0460, 51 }, // U+0460
    { 0x0461, 76 }, // U+0461
    { 0x0462, 77 }, // U+0462
    { 0x0463, 70 }, // U+0463
    { 0x0464, 46 }, // U+0464
    { 0x0466, 52 }, // U+0466
    { 0x0467, 78 }, // U+0467
    { 0x0468, 52 }, // U+0468
    { 0x0469, 78 }, // U+0469
    { 0x046E, 54 }, // U+046E
    { 0x046F, 61 }, // U+046F
    { 0x0472, 56 }, // U+0472
    { 0x0473, 66 }, // U+0473
    { 0x0474, 51 }, // U+0474
    { 0x0475, 76 }, // U+0475
    { 0x0476, 51 }, // U+0476
    { 0x0477, 76 }, // U+0477
    { 0x0478, 68 }, // U+0478
    { 0x0479, 68 }, // U+0479
    { 0x047A, 56 }, // U+047A
    { 0x047B, 66 }, // U+047B
    { 0x047C, 56 }, // U+047C
    { 0x047D, 66 }, // U+047D
    { 0x047E, 51 }, // U+047E
    { 0x047F, 76 }, // U+047F
    { 0x0480, 46 }, // U+0480
    { 0x048A, 55 }, // U+048A
    { 0x048B, 63 }, // U+048B
    { 0x048C, 77 }, // U+048C
    { 0x048D, 70 }, // U+048D
    { 0x048E, 57 }, // U+048E
    { 0x048F, 66 }, // U+048F
    { 0x0490, 79 }, // U+0490
    { 0x0491, 80 }, // U+0491
    { 0x0492, 81 }, // U+0492
    { 0x0493, 82 }, // U+0493
    { 0x0495, 83 }, // U+0495
    { 0x0496, 84 }, // U+0496
    { 0x0497, 85 }, // U+0497
    { 0x0498, 54 }, // U+0498
    { 0x0499, 61 }, // U+0499
    { 0x049A, 84 }, // U+049A
    { 0x049B, 85 }, // U+049B
    { 0x049C, 50 }, // U+049C
    { 0x049D, 64 }, // U+049D
    { 0x049E, 50 }, // U+049E
    { 0x049F, 64 }, // U+049F
    { 0x04A0, 50 }, // U+04A0
    { 0x04A1, 64 }, // U+04A1
    { 0x04A2, 55 }, // U+04A2
    { 0x04A3, 63 }, // U+04A3
    { 0x04A4, 81 }, // U+04A4
    { 0x04A5, 80 }, // U+04A5
    { 0x04A7, 83 }, // U+04A7
    { 0x04A9, 66 }, // U+04A9
    { 0x04AA, 46 }, // U+04AA
    { 0x04AC, 79 }, // U+04AC
    { 0x04AD, 63 }, // U+04AD
    { 0x04AE, 86 }, // U+04AE
    { 0x04AF, 87 }, // U+04AF
    { 0x04B0, 86 }, // U+04B0
    { 0x04B1, 87 }, // U+04B1
    { 0x04B2, 84 }, // U+04B2
    { 0x04B3, 85 }, // U+04B3
    { 0x04B4, 55 }, // U+04B4
    { 0x04B5, 63 }, // U+04B5
    { 0x04B6, 55 }, // U+04B6
    { 0x04B7, 63 }, // U+04B7
    { 0x04BB, 83 }, // U+04BB
    { 0x04BC, 88 }, // U+04BC
    { 0x04BD, 62 }, // U+04BD
    { 0x04BE, 88 }, // U+04BE
    { 0x04BF, 62 }, // U+04BF
    { 0x04C1, 50 }, // U+04C1
    { 0x04C2, 64 }, // U+04C2
    { 0x04C4, 64 }, // U+04C4
    { 0x04C5, 55 }, // U+04C5
    { 0x04C6, 63 }, // U+04C6
    { 0x04C9, 55 }, // U+04C9
    { 0x04CA, 63 }, // U+04CA
    { 0x04CD, 55 }, // U+04CD
    { 0x04CE, 63 }, // U+04CE
    { 0x04D0, 52 }, // U+04D0
    { 0x04D1, 23 }, // U+04D1
    { 0x04D2, 52 }, // U+04D2
    { 0x04D3, 23 }, // U+04D3
    { 0x04D5, 62 }, // U+04D5
    { 0x04D7, 62 }, // U+04D7
    { 0x04D8, 56 }, // U+04D8
    { 0x04D9, 66 }, // U+04D9
    { 0x04DA, 56 }, // U+04DA
    { 0x04DB, 66 }, // U+04DB
    { 0x04DC, 50 }, // U+04DC
    { 0x04DD, 64 }, // U+04DD
    { 0x04DE, 54 }, // U+04DE
    { 0x04DF, 61 }, // U+04DF
    { 0x04E6, 56 }, // U+04E6
    { 0x04E7, 66 }, // U+04E7
    { 0x04E8, 56 }, // U+04E8
    { 0x04E9, 66 }, // U+04E9
    { 0x04EA, 56 }, // U+04EA
    { 0x04EB, 66 }, // U+04EB
    { 0x04EC, 56 }, // U+04EC
    { 0x04ED, 66 }, // U+04ED
    { 0x04EE, 51 }, // U+04EE
    { 0x04EF, 68 }, // U+04EF
    { 0x04F0, 51 }, // U+04F0
    { 0x04F1, 68 }, // U+04F1
    { 0x04F2, 51 }, // U+04F2
    { 0x04F3, 68 }, // U+04F3
    { 0x04F5, 59 }, // U+04F5
    { 0x04F6, 79 }, // U+04F6
    { 0x04F7, 80 }, // U+04F7
    { 0x04F9, 59 }, // U+04F9
    { 0x04FA, 81 }, // U+04FA
    { 0x04FB, 82 }, // U+04FB
    { 0x04FC, 84 }, // U+04FC
    { 0x04FD, 85 }, // U+04FD
    { 0x04FE, 50 }, // U+04FE
    { 0x04FF, 85 }, // U+04FF
    { 0x1EA0, 7 }, // U+1EA0
    { 0x1EA1, 23 }, // U+1EA1
    { 0x1EA2, 7 }, // U+1EA2
    { 0x1EA3, 23 }, // U+1EA3
    { 0x1EA4, 7 }, // U+1EA4
    { 0x1EA5, 23 }, // U+1EA5
    { 0x1EA6, 7 }, // U+1EA6
    { 0x1EA7, 23 }, // U+1EA7
    { 0x1EA8, 7 }, // U+1EA8
    { 0x1EA9, 23 }, // U+1EA9
    { 0x1EAA, 7 }, // U+1EAA
    { 0x1EAB, 23 }, // U+1EAB
    { 0x1EAC, 7 }, // U+1EAC
    { 0x1EAD, 23 }, // U+1EAD
    { 0x1EAE, 7 }, // U+1EAE
    { 0x1EAF, 23 }, // U+1EAF
    { 0x1EB0, 7 }, // U+1EB0
    { 0x1EB1, 23 }, // U+1EB1
    { 0x1EB2, 7 }, // U+1EB2
    { 0x1EB3, 23 }, // U+1EB3
    { 0x1EB4, 7 }, // U+1EB4
    { 0x1EB5, 23 }, // U+1EB5
    { 0x1EB6, 7 }, // U+1EB6
    { 0x1EB7, 23 }, // U+1EB7
    { 0x1EB8, 11 }, // U+1EB8
    { 0x1EB9, 24 }, // U+1EB9
    { 0x1EBA, 11 }, // U+1EBA
    { 0x1EBB, 24 }, // U+1EBB
    { 0x1EBC, 11 }, // U+1EBC
    { 0x1EBD, 24 }, // U+1EBD
    { 0x1EBE, 11 }, // U+1EBE
    { 0x1EBF, 24 }, // U+1EBF
    { 0x1EC0, 11 }, // U+1EC0
    { 0x1EC1, 24 }, // U+1EC1
    { 0x1EC2, 11 }, // U+1EC2
    { 0x1EC3, 24 }, // U+1EC3
    { 0x1EC4, 11 }, // U+1EC4
    { 0x1EC5, 24 }, // U+1EC5
    { 0x1EC6, 11 }, // U+1EC6
    { 0x1EC7, 24 }, // U+1EC7
    { 0x1ECC, 10 }, // U+1ECC
    { 0x1ECD, 24 }, // U+1ECD
    { 0x1ECE, 10 }, // U+1ECE
    { 0x1ECF, 24 }, // U+1ECF
    { 0x1ED0, 10 }, // U+1ED0
    { 0x1ED1, 24 }, // U+1ED1
    { 0x1ED2, 10 }, // U+1ED2
    { 0x1ED3, 24 }, // U+1ED3
    { 0x1ED4, 10 }, // U+1ED4
    { 0x1ED5, 24 }, // U+1ED5
    { 0x1ED6, 10 }, // U+1ED6
    { 0x1ED7, 24 }, // U+1ED7
    { 0x1ED8, 10 }, // U+1ED8
    { 0x1ED9, 24 }, // U+1ED9
    { 0x1EDA, 40 }, // U+1EDA
    { 0x1EDB, 41 }, // U+1EDB
    { 0x1EDC, 40 }, // U+1EDC
    { 0x1EDD, 41 }, // U+1EDD
    { 0x1EDE, 40 }, // U+1EDE
    { 0x1EDF, 41 }, // U+1EDF
    { 0x1EE0, 40 }, // U+1EE0
    { 0x1EE1, 41 }, // U+1EE1
    { 0x1EE2, 40 }, // U+1EE2
    { 0x1EE3, 41 }, // U+1EE3
    { 0x1EE4, 18 }, // U+1EE4
    { 0x1EE6, 18 }, // U+1EE6
    { 0x1EE8, 42 }, // U+1EE8
    { 0x1EE9, 43 }, // U+1EE9
    { 0x1EEA, 42 }, // U+1EEA
    { 0x1EEB, 43 }, // U+1EEB
    { 0x1EEC, 42 }, // U+1EEC
    { 0x1EED, 43 }, // U+1EED
    { 0x1EEE, 42 }, // U+1EEE
    { 0x1EEF, 43 }, // U+1EEF
    { 0x1EF0, 42 }, // U+1EF0
    { 0x1EF1, 43 }, // U+1EF1
    { 0x1EF2, 20 }, // U+1EF2
    { 0x1EF3, 30 }, // U+1EF3
    { 0x1EF4, 20 }, // U+1EF4
    { 0x1EF5, 30 }, // U+1EF5
    { 0x1EF6, 20 }, // U+1EF6
    { 0x1EF7, 30 }, // U+1EF7
    { 0x1EF8, 20 }, // U+1EF8
    { 0x1EF9, 30 }, // U+1EF9
    { 0x2013, 6 }, // U+2013
    { 0x2014, 6 }, // U+2014
    { 0x2015, 6 }, // U+2015
    { 0x2018, 2 }, // U+2018
    { 0x2019, 2 }, // U+2019
    { 0x201A, 5 }, // U+201A
    { 0x201C, 2 }, // U+201C
    { 0x201D, 2 }, // U+201D
    { 0x201E, 5 }, // U+201E
    { 0x2039, 32 }, // U+2039
    { 0x203A, 33 }, // U+203A
    { 0x207D, 89 }, // U+207D
    { 0x208D, 90 }, // U+208D
    { 0xFB00, 26 }, // U+FB00
};

static const EpdKernClassEntry notosans_12_bolditalicKernRightClasses[] = {
    { 0x0021, 1 }, // !
    { 0x0022, 2 }, // "
    { 0x0026, 3 }, // &
    { 0x0027, 2 }, // '
    { 0x0029, 4 }, // )
    { 0x002C, 5 }, // ,
    { 0x002D, 6 }, // -
    { 0x002E, 5 }, // .
    { 0x003A, 7 }, // :
    { 0x003B, 7 }, // ;
    { 0x003F, 8 }, // ?
    { 0x0041, 9 }, // A
    { 0x0043, 10 }, // C
    { 0x0047, 10 }, // G
    { 0x0049, 11 }, // I
    { 0x004A, 12 }, // J
    { 0x004F, 10 }, // O
    { 0x0051, 10 }, // Q
    { 0x0053, 13 }, // S
    { 0x0054, 14 }, // T
    { 0x0055, 15 }, // U
    { 0x0056, 16 }, // V
    { 0x0057, 16 }, // W
    { 0x0058, 17 }, // X
    { 0x0059, 18 }, // Y
    { 0x005A, 19 }, // Z
    { 0x005D, 4 }, // ]
    { 0x0061, 20 }, // a
    { 0x0063, 21 }, // c
    { 0x0064, 21 }, // d
    { 0x0065, 21 }, // e
    { 0x0066, 22 }, // f
    { 0x0067, 23 }, // g
    { 0x006A, 24 }, // j
    { 0x006D, 25 }, // m
    { 0x006E, 25 }, // n
    { 0x006F, 21 }, // o
    { 0x0070, 25 }, // p
    { 0x0071, 21 }, // q
    { 0x0072, 25 }, // r
    { 0x0073, 26 }, // s
    { 0x0074, 27 }, // t
    { 0x0075, 25 }, // u
    { 0x0076, 28 }, // v
    { 0x0077, 28 }, // w
    { 0x0079, 28 }, // y
    { 0x007A, 29 }, // z
    { 0x007D, 4 }, // }
    { 0x00AB, 30 }, // U+00AB
    { 0x00BB, 31 }, // U+00BB
    { 0x00C0, 9 }, // U+00C0
    { 0x00C1, 9 }, // U+00C1
    { 0x00C2, 9 }, // U+00C2
    { 0x00C3, 9 }, // U+00C3
    { 0x00C4, 9 }, // U+00C4
    { 0x00C5, 9 }, // U+00C5
    { 0x00C6, 32 }, // U+00C6
    { 0x00C7, 10 }, // U+00C7
    { 0x00D2, 10 }, // U+00D2
    { 0x00D3, 10 }, // U+00D3
    { 0x00D4, 10 }, // U+00D4
    { 0x00D5, 10 }, // U+00D5
    { 0x00D6, 10 }, // U+00D6
    { 0x00D8, 10 }, // U+00D8
    { 0x00D9, 15 }, // U+00D9
    { 0x00DA, 15 }, // U+00DA
    { 0x00DB, 15 }, // U+00DB
    { 0x00DC, 15 }, // U+00DC
    { 0x00DD, 18 }, // U+00DD
    { 0x00DF, 24 }, // U+00DF
    { 0x00E0, 21 }, // U+00E0
    { 0x00E1, 20 }, // U+00E1
    { 0x00E2, 20 }, // U+00E2
    { 0x00E3, 20 }, // U+00E3
    { 0x00E4, 20 }, // U+00E4
    { 0x00E5, 20 }, // U+00E5
    { 0x00E6, 20 }, // U+00E6
    { 0x00E7, 21 }, // U+00E7
    { 0x00E8, 21 }, // U+00E8
    { 0x00E9, 21 }, // U+00E9
    { 0x00EA, 21 }, // U+00EA
    { 0x00EB, 21 }, // U+00EB
    { 0x00F1, 25 }, // U+00F1
    { 0x00F2, 21 }, // U+00F2
    { 0x00F3, 21 }, // U+00F3
    { 0x00F4, 21 }, // U+00F4
    { 0x00F5, 21 }, // U+00F5
    { 0x00F6, 21 }, // U+00F6
    { 0x00F8, 21 }, // U+00F8
    { 0x00F9, 25 }, // U+00F9
    { 0x00FA, 25 }, // U+00FA
    { 0x00FB, 25 }, // U+00FB
    { 0x00FC, 25 }, // U+00FC
    { 0x00FD, 28 }, // U+00FD
    { 0x00FF, 28 }, // U+00FF
    { 0x0100, 9 }, // U+0100
    { 0x0101, 20 }, // U+0101
    { 0x0102, 9 }, // U+0102
    { 0x0103, 20 }, // U+0103
    { 0x0104, 9 }, // U+0104
    { 0x0105, 20 }, // U+0105
    { 0x0106, 10 }, // U+0106
    { 0x0107, 21 }, // U+0107
    { 0x0108, 10 }, // U+0108
    { 0x0109, 21 }, // U+0109
    { 0x010A, 10 }, // U+010A
    { 0x010B, 21 }, // U+010B
    { 0x010C, 10 }, // U+010C
    { 0x010D, 21 }, // U+010D
    { 0x010F, 21 }, // U+010F
    { 0x0111, 21 }, // U+0111
    { 0x0113, 21 }, // U+0113
    { 0x0115, 21 }, // U+0115
    { 0x0117, 21 }, // U+0117
    { 0x0119, 21 }, // U+0119
    { 0x011B, 21 }, // U+011B
    { 0x011C, 10 }, // U+011C
    { 0x011D, 23 }, // U+011D
    { 0x011E, 10 }, // U+011E
    { 0x011F, 23 }, // U+011F
    { 0x0120, 10 }, // U+0120
    { 0x0121, 23 }, // U+0121
    { 0x0122, 10 }, // U+0122
    { 0x0123, 23 }, // U+0123
    { 0x0127, 33 }, // U+0127
    { 0x0129, 34 }, // U+0129
    { 0x0135, 24 }, // U+0135
    { 0x0138, 25 }, // U+0138
    { 0x0144, 25 }, // U+0144
    { 0x0146, 25 }, // U+0146
    { 0x0148, 25 }, // U+0148
    { 0x014B, 25 }, // U+014B
    { 0x014C, 10 }, // U+014C
    { 0x014D, 21 }, // U+014D
    { 0x014E, 10 }, // U+014E
    { 0x014F, 21 }, // U+014F
    { 0x0150, 10 }, // U+0150
    { 0x0151, 21 }, // U+0151
    { 0x0152, 10 }, // U+0152
    { 0x0153, 21 }, // U+0153
    { 0x0155, 25 }, // U+0155
    { 0x0157, 25 }, // U+0157
    { 0x015B, 26 }, // U+015B
    { 0x015D, 26 }, // U+015D
    { 0x015F, 26 }, // U+015F
    { 0x0161, 26 }, // U+0161
    { 0x0162, 14 }, // U+0162
    { 0x0163, 27 }, // U+0163
    { 0x0164, 14 }, // U+0164
    { 0x0165, 27 }, // U+0165
    { 0x0166, 14 }, // U+0166
    { 0x0167, 27 }, // U+0167
    { 0x0168, 15 }, // U+0168
    { 0x0169, 25 }, // U+0169
    { 0x016A, 15 }, // U+016A
    { 0x016B, 25 }, // U+016B
    { 0x016C, 15 }, // U+016C
    { 0x016D, 25 }, // U+016D
    { 0x016E, 15 }, // U+016E
    { 0x016F, 25 }, // U+016F
    { 0x0170, 15 }, // U+0170
    { 0x0171, 25 }, // U+0171
    { 0x0172, 15 }, // U+0172
    { 0x0173, 25 }, // U+0173
    { 0x0174, 16 }, // U+0174
    { 0x0175, 28 }, // U+0175
    { 0x0176, 18 }, // U+0176
    { 0x0177, 28 }, // U+0177
    { 0x0178, 18 }, // U+0178
    { 0x0179, 19 }, // U+0179
    { 0x017A, 29 }, // U+017A
    { 0x017B, 19 }, // U+017B
    { 0x017C, 29 }, // U+017C
    { 0x017D, 19 }, // U+017D
    { 0x017E, 29 }, // U+017E
    { 0x01A0, 10 }, // U+01A0
    { 0x01A1, 21 }, // U+01A1
    { 0x01AF, 15 }, // U+01AF
    { 0x01B0, 25 }, // U+01B0
    { 0x01FA, 9 }, // U+01FA
    { 0x01FB, 20 }, // U+01FB
    { 0x01FC, 32 }, // U+01FC
    { 0x01FD, 20 }, // U+01FD
    { 0x01FE, 10 }, // U+01FE
    { 0x01FF, 21 }, // U+01FF
    { 0x0219, 26 }, // U+0219
    { 0x021A, 14 }, // U+021A
    { 0x021B, 27 }, // U+021B
    { 0x0402, 35 }, // U+0402
    { 0x0404, 36 }, // U+0404
    { 0x0405, 37 }, // U+0405
    { 0x0408, 38 }, // U+0408
    { 0x0409, 39 }, // U+0409
    { 0x040B, 35 }, // U+040B
    { 0x040E, 40 }, // U+040E
    { 0x0410, 41 }, // U+0410
    { 0x0414, 42 }, // U+0414
    { 0x0416, 43 }, // U+0416
    { 0x0417, 44 }, // U+0417
    { 0x041B, 39 }, // U+041B
    { 0x041E, 36 }, // U+041E
    { 0x0421, 36 }, // U+0421
    { 0x0422, 35 }, // U+0422
    { 0x0423, 40 }, // U+0423
    { 0x0424, 45 }, // U+0424
    { 0x0425, 43 }, // U+0425
    { 0x0427, 46 }, // U+0427
    { 0x042A, 35 }, // U+042A
    { 0x042D, 44 }, // U+042D
    { 0x042F, 47 }, // U+042F
    { 0x0430, 48 }, // U+0430
    { 0x0431, 49 }, // U+0431
    { 0x0432, 48 }, // U+0432
    { 0x0433, 50 }, // U+0433
    { 0x0434, 51 }, // U+0434
    { 0x0435, 48 }, // U+0435
    { 0x0436, 52 }, // U+0436
    { 0x0437, 50 }, // U+0437
    { 0x0438, 53 }, // U+0438
    { 0x0439, 53 }, // U+0439
    { 0x043A, 54 }, // U+043A
    { 0x043B, 55 }, // U+043B
    { 0x043C, 54 }, // U+043C
    { 0x043D, 54 }, // U+043D
    { 0x043E, 48 }, // U+043E
    { 0x043F, 54 }, // U+043F
    { 0x0440, 54 }, // U+0440
    { 0x0441, 48 }, // U+0441
    { 0x0442, 54 }, // U+0442
    { 0x0443, 56 }, // U+0443
    { 0x0444, 48 }, // U+0444
    { 0x0445, 57 }, // U+0445
    { 0x0446, 53 }, // U+0446
    { 0x0447, 58 }, // U+0447
    { 0x0448, 53 }, // U+0448
    { 0x0449, 53 }, // U+0449
    { 0x044A, 59 }, // U+044A
    { 0x044B, 53 }, // U+044B
    { 0x044C, 53 }, // U+044C
    { 0x044D, 52 }, // U+044D
    { 0x044E, 54 }, // U+044E
    { 0x044F, 60 }, // U+044F
    { 0x0450, 48 }, // U+0450
    { 0x0451, 48 }, // U+0451
    { 0x0452, 61 }, // U+0452
    { 0x0453, 50 }, // U+0453
    { 0x0454, 48 }, // U+0454
    { 0x0455, 62 }, // U+0455
    { 0x0457, 63 }, // U+0457
    { 0x0458, 64 }, // U+0458
    { 0x0459, 55 }, // U+0459
    { 0x045A, 54 }, // U+045A
    { 0x045B, 61 }, // U+045B
    { 0x045C, 54 }, // U+045C
    { 0x045D, 53 }, // U+045D
    { 0x045E, 65 }, // U+045E
    { 0x045F, 53 }, // U+045F
    { 0x0460, 66 }, // U+0460
    { 0x0461, 67 }, // U+0461
    { 0x0462, 68 }, // U+0462
    { 0x0465, 69 }, // U+0465
    { 0x0466, 41 }, // U+0466
    { 0x0467, 70 }, // U+0467
    { 0x0469, 69 }, // U+0469
    { 0x046D, 69 }, // U+046D
    { 0x046E, 44 }, // U+046E
    { 0x046F, 50 }, // U+046F
    { 0x0470, 46 }, // U+0470
    { 0x0471, 69 }, // U+0471
    { 0x0472, 71 }, // U+0472
    { 0x0473, 72 }, // U+0473
    { 0x0474, 66 }, // U+0474
    { 0x0475, 67 }, // U+0475
    { 0x0476, 66 }, // U+0476
    { 0x0477, 67 }, // U+0477
    { 0x0478, 71 }, // U+0478
    { 0x0479, 72 }, // U+0479
    { 0x047A, 71 }, // U+047A
    { 0x047B, 72 }, // U+047B
    { 0x047C, 71 }, // U+047C
    { 0x047D, 72 }, // U+047D
    { 0x047E, 66 }, // U+047E
    { 0x047F, 67 }, // U+047F
    { 0x0480, 71 }, // U+0480
    { 0x0481, 72 }, // U+0481
    { 0x048B, 69 }, // U+048B
    { 0x048C, 68 }, // U+048C
    { 0x048D, 61 }, // U+048D
    { 0x048F, 69 }, // U+048F
    { 0x0491, 69 }, // U+0491
    { 0x0492, 68 }, // U+0492
    { 0x0495, 69 }, // U+0495
    { 0x0496, 43 }, // U+0496
    { 0x0497, 50 }, // U+0497
    { 0x0498, 44 }, // U+0498
    { 0x0499, 50 }, // U+0499
    { 0x049B, 69 }, // U+049B
    { 0x049D, 69 }, // U+049D
    { 0x049E, 68 }, // U+049E
    { 0x049F, 61 }, // U+049F
    { 0x04A0, 73 }, // U+04A0
    { 0x04A1, 59 }, // U+04A1
    { 0x04A3, 69 }, // U+04A3
    { 0x04A5, 69 }, // U+04A5
    { 0x04A7, 69 }, // U+04A7
    { 0x04A8, 71 }, // U+04A8
    { 0x04A9, 72 }, // U+04A9
    { 0x04AA, 71 }, // U+04AA
    { 0x04AB, 72 }, // U+04AB
    { 0x04AC, 35 }, // U+04AC
    { 0x04AD, 69 }, // U+04AD
    { 0x04AE, 74 }, // U+04AE
    { 0x04AF, 75 }, // U+04AF
    { 0x04B0, 74 }, // U+04B0
    { 0x04B1, 75 }, // U+04B1
    { 0x04B2, 43 }, // U+04B2
    { 0x04B3, 52 }, // U+04B3
    { 0x04B4, 73 }, // U+04B4
    { 0x04B5, 59 }, // U+04B5
    { 0x04B6, 46 }, // U+04B6
    { 0x04B7, 58 }, // U+04B7
    { 0x04B8, 46 }, // U+04B8
    { 0x04B9, 58 }, // U+04B9
    { 0x04BB, 69 }, // U+04BB
    { 0x04BC, 76 }, // U+04BC
    { 0x04BD, 77 }, // U+04BD
    { 0x04BE, 76 }, // U+04BE
    { 0x04BF, 77 }, // U+04BF
    { 0x04C1, 43 }, // U+04C1
    { 0x04C2, 52 }, // U+04C2
    { 0x04C4, 69 }, // U+04C4
    { 0x04C5, 78 }, // U+04C5
    { 0x04C6, 70 }, // U+04C6
    { 0x04C8, 69 }, // U+04C8
    { 0x04CA, 69 }, // U+04CA
    { 0x04CB, 46 }, // U+04CB
    { 0x04CC, 58 }, // U+04CC
    { 0x04CE, 69 }, // U+04CE
    { 0x04D0, 41 }, // U+04D0
    { 0x04D1, 79 }, // U+04D1
    { 0x04D2, 41 }, // U+04D2
    { 0x04D3, 79 }, // U+04D3
    { 0x04D4, 41 }, // U+04D4
    { 0x04D5, 79 }, // U+04D5
    { 0x04D7, 72 }, // U+04D7
    { 0x04D8, 80 }, // U+04D8
    { 0x04D9, 50 }, // U+04D9
    { 0x04DA, 80 }, // U+04DA
    { 0x04DB, 50 }, // U+04DB
    { 0x04DC, 43 }, // U+04DC
    { 0x04DD, 52 }, // U+04DD
    { 0x04DE, 44 }, // U+04DE
    { 0x04DF, 50 }, // U+04DF
    { 0x04E3, 69 }, // U+04E3
    { 0x04E5, 69 }, // U+04E5
    { 0x04E6, 71 }, // U+04E6
    { 0x04E7, 72 }, // U+04E7
    { 0x04E8, 71 }, // U+04E8
    { 0x04E9, 72 }, // U+04E9
    { 0x04EA, 71 }, // U+04EA
    { 0x04EB, 72 }, // U+04EB
    { 0x04EC, 44 }, // U+04EC
    { 0x04ED, 52 }, // U+04ED
    { 0x04EE, 40 }, // U+04EE
    { 0x04EF, 56 }, // U+04EF
    { 0x04F0, 40 }, // U+04F0
    { 0x04F1, 56 }, // U+04F1
    { 0x04F2, 40 }, // U+04F2
    { 0x04F3, 56 }, // U+04F3
    { 0x04F4, 46 }, // U+04F4
    { 0x04F5, 58 }, // U+04F5
    { 0x04F7, 69 }, // U+04F7
    { 0x04F9, 53 }, // U+04F9
    { 0x04FA, 68 }, // U+04FA
    { 0x04FC, 43 }, // U+04FC
    { 0x04FD, 52 }, // U+04FD
    { 0x04FE, 43 }, // U+04FE
    { 0x04FF, 52 }, // U+04FF
    { 0x1EA0, 9 }, // U+1EA0
    { 0x1EA1, 20 }, // U+1EA1
    { 0x1EA2, 9 }, // U+1EA2
    { 0x1EA3, 20 }, // U+1EA3
    { 0x1EA4, 9 }, // U+1EA4
    { 0x1EA5, 20 }, // U+1EA5
    { 0x1EA6, 9 }, // U+1EA6
    { 0x1EA7, 20 }, // U+1EA7
    { 0x1EA8, 9 }, // U+1EA8
    { 0x1EA9, 20 }, // U+1EA9
    { 0x1EAA, 9 }, // U+1EAA
    { 0x1EAB, 20 }, // U+1EAB
    { 0x1EAC, 9 }, // U+1EAC
    { 0x1EAD, 20 }, // U+1EAD
    { 0x1EAE, 9 }, // U+1EAE
    { 0x1EAF, 20 }, // U+1EAF
    { 0x1EB0, 9 }, // U+1EB0
    { 0x1EB1, 20 }, // U+1EB1
    { 0x1EB2, 9 }, // U+1EB2
    { 0x1EB3, 20 }, // U+1EB3
    { 0x1EB4, 9 }, // U+1EB4
    { 0x1EB5, 20 }, // U+1EB5
    { 0x1EB6, 9 }, // U+1EB6
    { 0x1EB7, 20 }, // U+1EB7
    { 0x1EB9, 21 }, // U+1EB9
    { 0x1EBB, 21 }, // U+1EBB
    { 0x1EBD, 21 }, // U+1EBD
    { 0x1EBF, 21 }, // U+1EBF
    { 0x1EC1, 21 }, // U+1EC1
    { 0x1EC3, 21 }, // U+1EC3
    { 0x1EC5, 21 }, // U+1EC5
    { 0x1EC7, 21 }, // U+1EC7
    { 0x1ECC, 10 }, // U+1ECC
    { 0x1ECD, 21 }, // U+1ECD
    { 0x1ECE, 10 }, // U+1ECE
    { 0x1ECF, 21 }, // U+1ECF
    { 0x1ED0, 10 }, // U+1ED0
    { 0x1ED1, 21 }, // U+1ED1
    { 0x1ED2, 10 }, // U+1ED2
    { 0x1ED3, 21 }, // U+1ED3
    { 0x1ED4, 10 }, // U+1ED4
    { 0x1ED5, 21 }, // U+1ED5
    { 0x1ED6, 10 }, // U+1ED6
    { 0x1ED7, 21 }, // U+1ED7
    { 0x1ED8, 10 }, // U+1ED8
    { 0x1ED9, 21 }, // U+1ED9
    { 0x1EDA, 10 }, // U+1EDA
    { 0x1EDB, 21 }, // U+1EDB
    { 0x1EDC, 10 }, // U+1EDC
    { 0x1EDD, 21 }, // U+1EDD
    { 0x1EDE, 10 }, // U+1EDE
    { 0x1EDF, 21 }, // U+1EDF
    { 0x1EE0, 10 }, // U+1EE0
    { 0x1EE1, 21 }, // U+1EE1
    { 0x1EE2, 10 }, // U+1EE2
    { 0x1EE3, 21 }, // U+1EE3
    { 0x1EE4, 15 }, // U+1EE4
    { 0x1EE5, 25 }, // U+1EE5
    { 0x1EE6, 15 }, // U+1EE6
    { 0x1EE7, 25 }, // U+1EE7
    { 0x1EE8, 15 }, // U+1EE8
    { 0x1EE9, 25 }, // U+1EE9
    { 0x1EEA, 15 }, // U+1EEA
    { 0x1EEB, 25 }, // U+1EEB
    { 0x1EEC, 15 }, // U+1EEC
    { 0x1EED, 25 }, // U+1EED
    { 0x1EEE, 15 }, // U+1EEE
    { 0x1EEF, 25 }, // U+1EEF
    { 0x1EF0, 15 }, // U+1EF0
    { 0x1EF1, 25 }, // U+1EF1
    { 0x1EF2, 18 }, // U+1EF2
    { 0x1EF3, 28 }, // U+1EF3
    { 0x1EF4, 18 }, // U+1EF4
    { 0x1EF5, 28 }, // U+1EF5
    { 0x1EF6, 18 }, // U+1EF6
    { 0x1EF7, 28 }, // U+1EF7
    { 0x1EF8, 18 }, // U+1EF8
    { 0x1EF9, 28 }, // U+1EF9
    { 0x2013, 6 }, // U+2013
    { 0x2014, 6 }, // U+2014
    { 0x2015, 6 }, // U+2015
    { 0x2018, 81 }, // U+2018
    { 0x2019, 2 }, // U+2019
    { 0x201A, 5 }, // U+201A
    { 0x201C, 81 }, // U+201C
    { 0x201D, 2 }, // U+201D
    { 0x201E, 5 }, // U+201E
    { 0x2026, 5 }, // U+2026
    { 0x2039, 30 }, // U+2039
    { 0x203A, 31 }, // U+203A
    { 0x207E, 82 }, // U+207E
    { 0x208E, 83 }, // U+208E
    { 0xFB00, 22 }, // U+FB00
};

static const int8_t notosans_12_bolditalicKernMatrix[] = {
       0,    0,    0,    0,    0,    0,    0,    0,    0,    0,    0,    0,    0,    0,    0,    0,    0,    0,    0,    0,    0,    0,    0,    0,    0,    0,    0,    0,    0,    0,    0,    0,    0,    0,    0,    0,    0,    0,    0,    0,    0,    0,    0,    0,    0,    0,    0,    0,    0,    0,    0,    0,    0,    0,    0,    0,    0,    0,    0,    0,    0,    0,    0,    0,    0,    0,    0,    0,    0,    0,   -8,   -8,    0,    0,    0,    0,    0,    0,    0,    0,    0,    0,    0,
       0,    0,    0,    0,    0,    0,    0,    0,  -28,    0,    0,    0,    0,    8,    0,    8,    0,    4,    0,  -16,  -24,    0,  -12,    0,  -12,  -12,    0,    0,    0,    0,    0,    0,    0,   26,    8,    0,   12,    0,  -20,   12,  -28,  -24,   12,   16,    0,    8,    0,    0,    0,    4,    0,    0,    0,    0,  -12,    8,    0,    0,    0,    0,   16,    0,   16,    0,    8,    0,    0,    0,   -4,  -28,    0,  -24,    0,    0,    0,    0,    0,  -24,   -8,    0,    0,    0,    0,
       0,    0,    0,    0,    0,    0,    0,    0,    0,    0,    0,    0,    0,  -24,    0,  -16,    0,  -24,    0,    0,    0,    0,    0,    0,    0,    0,    0,    0,    0,    0,    0,    0,    0,    0,    0,    0,    0,    0,    0,    0,    0,    0,    0,    0,    0,    0,    0,    0,    0,    0,    0,    0,    0,    0,    0,    0,    0,    0,    0,    0,    0,    0,    0,    0,    0,    0,    0,    0,    0,    0,    0,    0,    0,    0,    0,    0,    0,    0,    0,    0,    0,    0,    0,
       0,    0,    0,    0,    0,    0,    0,    0,    0,    0,    0,   36,    0,    0,    0,    0,    0,    0,    0,    0,    0,   16,    0,   16,    0,    0,    0,    0,    0,    0,    0,    0,    0,    0,   12,    0,    0,   44,   -4,    0,    0,   16,    8,   12,   -8,    0,    0,    0,    0,    0,    0,    0,    0,    0,    0,   12,    0,    0,    0,    0,   16,    0,   12,   36,   12,    0,    0,    0,    0,    0,    0,    0,    0,    0,    0,    0,    0,    0,    0,    0,    0,    0,    0,
       0,    0,    0,    0,    0,    0,    0,    0,    0,  -20,    0,    0,    0,  -28,   -8,  -24,    0,  -24,    0,    0,    0,    0,    0,    0,    0,    0,    0,    0,    0,    0,    0,    0,    0,    0,  -24,    0,    0,    0,    0,    0,    0,    0,    0,    0,  -16,  -32,    0,    0,    0,    0,    0,    0,    0,    0,    0,    0,    0,  -24,  -20,    0,    0,    0,    0,    0,    0,  -24,    0,    0,    0,    0,  -20,    0,  -28,  -24,    0,  -24,    0,    0,    0,    0,    0,    0,    0,
       0,    0,    0,    0,    0,    0,    0,    0,    0,    0,    0,    0,    0,  -16,    0,    0,    0,    0,    0,    0,    0,    0,    0,    0,    0,    0,    0,    0,    0,    0,    0,    0,    0,    0,  -16,    0,    0,    0,    0,   -8,    0,   -4,   -8,    0,    0,  -20,    0,    0,    0,    0,    0,    0,    0,    0,   -4,   -4,   -4,   -8,   -8,    0,    0,    0,    0,    0,   -4,    0,    0,    0,    0,    0,    0,    0,  -16,    0,    0,    0,    0,    0,    0,    0,    0,    0,    0,
       0,  -28,    0,    0,    0,    0,    0,    0,    0,   -8,    0,   30,    0,  -20,    0,   -4,    0,  -12,    0,    0,    0,    0,    0,    0,    0,    0,    0,    0,    0,    0,    0,    0,    0,    0,    0,    0,    0,    0,    0,    0,    0,    0,    0,    0,    0,    0,    0,    0,    0,    0,    0,    0,    0,    0,    0,    0,    0,    0,    0,    0,    0,    0,    0,    0,    0,    0,    0,    0,    0,    0,    0,    0,    0,    0,    0,    0,    0,    0,    0,    0,    0,    0,    0,
       0,    0,    0,    0,   -8,    0,    0,    0,    0,    0,    0,    0,    0,    0,    0,    0,    0,    0,    0,    0,    0,    0,    0,    0,    0,    0,    0,    0,    0,    0,    0,    0,    0,    0,    0,    0,    0,    0,    0,    0,    0,    0,    0,    0,    0,    0,    0,    0,    0,    0,    0,    0,    0,    0,    0,    0,    0,    0,    0,    0,    0,    0,    0,    0,    0,    0,    0,    0,    0,    0,    0,    0,    0,    0,    0,    0,    0,    0,    0,    0,    0,    0,    0,
       0,    0,   -4,    0,    0,    0,    0,    0,    0,   -8,    0,    0,    0,    0,    0,    0,    0,    0,    0,    0,    0,    0,    0,    0,    0,    0,    0,    0,    0,   -8,    0,    0,    0,    0,    0,    0,    0,    0,    0,    0,    0,    0,    0,    0,    0,    0,    0,    0,    0,    0,    0,    0,    0,    0,    0,    0,    0,    0,    0,    0,    0,    0,    0,    0,    0,    0,    0,    0,    0,    0,    0,    0,    0,    0,    0,    0,    0,    0,    0,    0,    0,    0,    0,
       0,    0,    0,    0,  -16,    0,    0,    0,   -8,    0,    0,    0,    0,  -12,    0,   -4,   -8,   -4,   -4,    0,    0,    0,    0,    0,    0,    0,    0,    0,    0,    0,    0,    0,    0,    0,    0,    0,   -4,    0,    0,    0,    0,    0,    0,    0,    0,    0,    0,    0,    0,    0,    0,    0,    0,    0,    0,    0,    0,    0,    0,    0,    0,    0,    0,    0,    0,    0,    0,    0,    0,    0,    0,    0,    0,    0,    0,    0,    0,    0,    0,    0,    0,    0,    0,
       0,    0,    0,    0,    0,    0,    0,    0,    0,    0,    0,   24,    0,    0,    0,    0,    0,    0,    0,    0,    0,    0,    0,    0,    0,    0,    0,    0,    0,    0,    0,    0,    0,    0,    0,    0,    0,    0,    0,    0,    0,    0,    0,    0,    0,    0,    0,    0,    0,    0,    0,    0,    0,    0,    0,    0,    0,    0,    0,    0,    0,    0,    0,    0,    0,    0,    0,    0,    0,    0,    0,    0,    0,    0,    0,    0,    0,    0,    0,    0,    0,    0,    0,
       0,    0,    0,    0,  -24,    0,    0,    8,   -8,    0,    0,    0,    0,    0,    0,    0,    0,    0,    0,    0,    0,    0,    0,    0,    0,    0,    0,    0,    0,    0,    0,    0,    0,    0,    0,    0,    0,    0,    0,    0,    0,    0,    0,    0,    0,    0,    0,    0,    0,    0,    0,    0,    0,    0,    0,    0,    0,    0,    0,    0,    0,    0,    0,    0,    0,    0,    0,    0,    0,    0,    0,    0,    0,    0,    0,    0,    0,    0,    0,    0,    0,    0,    0,
       0,    0,    0,    0,    0,    0,    0,    0,    0,   -8,    0,    0,    0,    0,    0,    0,    0,    0,    0,    0,    0,    0,    0,    0,    0,    0,    0,    0,    0,   -8,    0,    0,    0,    0,    0,    0,    0,    0,    0,    0,    0,    0,    0,    0,    0,    0,    0,    0,    0,    0,    0,    0,    0,    0,    0,    0,    0,    0,    0,    0,    0,    0,    0,    0,    0,    0,    0,    0,    0,    0,    0,    0,    0,    0,    0,    0,    0,    0,    0,    0,    0,    0,    0,
       0,  -32,    0,    0,    0,    0,    0,    0,    0,   -8,    0,    0,    0,  -16,   -4,   -8,    0,  -16,    0,    0,    0,    0,    0,    0,    0,    0,    0,    0,    0,  -16,    0,    0,    0,    0,    0,    0,    0,    0,    0,    0,    0,    0,    0,    0,    0,    0,    0,    0,    0,    0,    0,    0,    0,    0,    0,    0,    0,    0,    0,    0,    0,    0,    0,    0,    0,    0,    0,    0,    0,    0,    0,    0,    0,    0,    0,    0,    0,    0,    0,    0,    0,    0,    0,
       0,    0,   -8,    0,  -52,    0,    0,    0,  -20,    0,    0,    0,    0,    0,    0,    0,   -8,    0,   -4,    0,    0,    0,    0,    0,    0,    0,    0,    0,    0,   -4,    0,    0,    0,    0,    0,    0,    0,    0,    0,    0,    0,    0,    0,    0,    0,    0,    0,    0,    0,    0,    0,    0,    0,    0,    0,    0,    0,    0,    0,    0,    0,    0,    0,    0,    0,    0,    0,    0,    0,    0,    0,    0,    0,    0,    0,    0,    0,    0,    0,    0,    0,    0,    0,
       0,    0,    0,    0,    0,    0,    0,    0,    0,    0,    0,    0,    0,    0,    0,    0,    0,    0,    0,    0,    0,    0,    0,    0,    0,    0,    0,    0,    0,   -4,    0,    0,    0,    0,    0,    0,    0,    0,    0,    0,    0,    0,    0,    0,    0,    0,    0,    0,    0,    0,    0,    0,    0,    0,    0,    0,    0,    0,    0,    0,    0,    0,    0,    0,    0,    0,    0,    0,    0,    0,    0,    0,    0,    0,    0,    0,    0,    0,    0,    0,    0,    0,    0,
       0,    0,   -8,    0,  -24,  -16,    0,    8,  -20,   -8,    0,    0,    0,    4,    0,    0,    0,    0,    0,  -32,  -28,    0,  -28,    0,  -20,  -24,    0,   -8,  -16,  -24,  -16,    0,    0,    0,    0,    0,    0,    0,    0,    0,    0,    0,    0,    0,    0,    0,    0,    0,    0,    0,    0,    0,    0,    0,    0,    0,    0,    0,    0,    0,    0,    0,    0,    0,    0,    0,    0,    0,    0,    0,    0,    0,    0,    0,    0,    0,    0,    0,    0,    0,    0,    0,    0,
       0,    0,    0,    0,   -8,    0,    0,    0,   -4,    0,    0,    0,    0,    0,    0,    0,    0,    0,    0,    0,    0,    0,    0,    0,    0,    0,    0,    0,    0,    0,    0,    0,    0,    0,    0,    0,    0,    0,    0,    0,    0,    0,    0,    0,    0,    0,    0,    0,    0,    0,    0,    0,    0,    0,    0,    0,    0,    0,    0,    0,    0,    0,    0,    0,    0,    0,    0,    0,    0,    0,    0,    0,    0,    0,    0,    0,    0,    0,    0,    0,    0,    0,    0,
       0,    0,   -4,    0,  -20,    0,    0,    8,   -4,   -4,    0,    0,    0,    0,    0,    0,    0,    0,    0,   -8,   -8,    0,   -4,    0,   -4,   -4,    0,    0,    0,  -16,   -8,    0,    0,    0,    0,    0,    0,    0,    0,    0,    0,    0,    0,    0,    0,    0,    0,    0,    0,    0,    0,    0,    0,    0,    0,    0,    0,    0,    0,    0,    0,    0,    0,    0,    0,    0,    0,    0,    0,    0,    0,    0,    0,    0,    0,    0,    0,    0,    0,    0,    0,    0,    0,
       0,    0,  -12,    0,  -24,    0,    0,    8,  -12,   -8,    0,    0,    0,    0,    0,    0,    0,    0,    0,  -20,  -20,    0,   -8,    0,  -12,  -16,    0,    0,   -8,  -16,  -16,   -8,    0,    0,    0,    0,    0,    0,    0,    0,    0,    0,    0,    0,    0,    0,    0,    0,    0,    0,    0,    0,    0,    0,    0,    0,    0,    0,    0,    0,    0,    0,    0,    0,    0,    0,    0,    0,    0,    0,    0,    0,    0,    0,    0,    0,    0,    0,    0,    0,    0,    0,    0,
       0,    0,   -8,    0,    0,    0,    0,    0,    0,   -4,    0,    0,    0,    0,    0,    0,    0,    0,    0,    0,    0,    0,    0,    0,    0,    0,    0,    0,    0,   -4,    0,    0,    0,    0,    0,    0,    0,    0,    0,    0,    0,    0,    0,    0,    0,    0,    0,    0,    0,    0,    0,    0,    0,    0,    0,    0,    0,    0,    0,    0,    0,    0,    0,    0,    0,    0,    0,    0,    0,    0,    0,    0,    0,    0,    0,    0,    0,    0,    0,    0,    0,    0,    0,
       0,    0,    0,    0,    0,    0,    0,    0,    0,    0,    0,   43,    0,    0,    0,    0,    0,    0,    0,    0,    0,    0,    0,    0,    0,    0,    0,    0,    0,    0,    0,    0,    0,    0,    0,    0,    0,    0,    0,    0,    0,    0,    0,    0,    0,    0,    0,    0,    0,    0,    0,    0,    0,    0,    0,    0,    0,    0,    0,    0,    0,    0,    0,    0,    0,    0,    0,    0,    0,    0,    0,    0,    0,    0,    0,    0,    0,    0,    0,    0,    0,    0,    0,
       0,   -4,    0,    0,    0,    0,    0,    0,    0,    0,    0,    0,    0,    0,    0,    0,    0,    0,    0,    0,    0,    0,    0,    0,    0,    0,    0,    0,    0,    0,    0,    0,    0,    0,    0,    0,    0,    0,    0,    0,    0,    0,    0,    0,    0,    0,    0,    0,    0,    0,    0,    0,    0,    0,    0,    0,    0,    0,    0,    0,    0,    0,    0,    0,    0,    0,    0,    0,    0,    0,    0,    0,    0,    0,    0,    0,    0,    0,    0,    0,    0,    0,    0,
       0,   -4,    0,    0,    0,    0,    0,    0,    0,    0,    0,    0,    0,    0,    0,    0,    0,    0,    0,    0,    0,    0,    0,    0,    0,    0,    0,   -8,   -4,    0,    0,    0,    0,    0,    0,    0,    0,    0,    0,    0,    0,    0,    0,    0,    0,    0,    0,    0,    0,    0,    0,    0,    0,    0,    0,    0,    0,    0,    0,    0,    0,    0,    0,    0,    0,    0,    0,    0,    0,    0,    0,    0,    0,    0,    0,    0,    0,    0,    0,    0,    0,    0,    0,
       0,    8,    0,    0,    0,    0,    0,    0,    0,    0,    0,    0,    0,    0,    0,    0,    0,    0,    0,    0,    0,    0,    0,    0,    0,    0,    0,    0,    0,    0,    0,    0,    0,    0,    0,    0,    0,    0,    0,    0,    0,    0,    0,    0,    0,    0,    0,    0,    0,    0,    0,    0,    0,    0,    0,    0,    0,    0,    0,    0,    0,    0,    0,    0,    0,    0,    0,    0,    0,    0,    0,    0,    0,    0,    0,    0,    0,    0,    0,    0,    0,    0,    0,
       0,   24,    0,   16,    0,    0,    0,    0,    0,    0,    0,    0,    0,    0,    0,    0,    0,    0,    0,    0,    0,    0,    0,    0,    0,    0,    0,    0,    0,    0,    0,    0,    0,    0,    0,    0,    0,    0,    0,    0,    0,    0,    0,    0,    0,    0,    0,    0,    0,    0,    0,    0,    0,    0,    0,    0,    0,    0,    0,    0,    0,    0,    0,    0,    0,    0,    0,    0,    0,    0,    0,    0,    0,    0,    0,    0,    0,    0,    0,    0,    0,    0,    0,
       0,    0,    0,    0,    0,    0,    0,    0,    0,    0,    0,    0,    0,    0,    0,    0,    0,    0,    0,    0,   -8,    0,    0,    0,    0,    0,    0,    0,    0,    0,    0,    0,    0,    0,    0,    0,    0,    0,    0,    0,    0,    0,    0,    0,    0,    0,    0,    0,    0,    0,    0,    0,    0,    0,    0,    0,    0,    0,    0,    0,    0,    0,    0,    0,    0,    0,    0,    0,    0,    0,    0,    0,    0,    0,    0,    0,    0,    0,    0,    0,    0,    0,    0,
       0,   16,    0,    0,  -46,    0,    0,    0,    0,    0,    0,    0,    0,    0,    0,    0,    0,    0,    0,   -8,   -8,    0,   -4,    0,    0,    0,    0,    0,    0,    0,    0,    0,    0,    0,    0,    0,    0,    0,    0,    0,    0,    0,    0,    0,    0,    0,    0,    0,    0,    0,    0,    0,    0,    0,    0,    0,    0,    0,    0,    0,    0,    0,    0,    0,    0,    0,    0,    0,    0,    0,    0,    0,    0,    0,    0,    0,    0,    0,    0,    0,    0,    0,    0,
       0,    8,    0,    8,    0,    0,    0,    0,    0,    0,    0,    0,    0,    0,    0,    0,    0,    0,    0,    0,    0,    0,    0,    0,    0,    0,    0,    0,    0,    0,    0,    0,    0,    0,    0,    0,    0,    0,    0,    0,    0,    0,    0,    0,    0,    0,    0,    0,    0,    0,    0,    0,    0,    0,    0,    0,    0,    0,    0,    0,    0,    0,    0,    0,    0,    0,    0,    0,    0,    0,    0,    0,    0,    0,    0,    0,    0,    0,    0,    0,    0,    0,    0,
       0,   16,    0,    0,  -16,    0,    0,    8,    0,    0,    0,    0,    0,    0,    0,    0,    0,    0,    0,    0,    0,    0,    0,    0,    0,    0,    0,    0,    0,    0,    0,    0,    0,    0,    0,    0,    0,    0,    0,    0,    0,    0,    0,    0,    0,    0,    0,    0,    0,    0,    0,    0,    0,    0,    0,    0,    0,    0,    0,    0,    0,    0,    0,    0,    0,    0,    0,    0,    0,    0,    0,    0,    0,    0,    0,    0,    0,    0,    0,    0,    0,    0,    0,
       0,    0,    0,    0,    0,    0,    0,    0,    0,    0,    0,   24,    0,   -8,    0,    0,    0,   -4,    0,    0,    0,    0,    0,    0,    0,    0,    0,    0,    0,    0,    0,    0,    0,    0,    0,    0,    0,    0,    0,    0,    0,    0,    0,    0,    0,    0,    0,    0,    0,    0,    0,    0,    0,    0,    0,    0,    0,    0,    0,    0,    0,    0,    0,    0,    0,    0,    0,    0,    0,    0,    0,    0,    0,    0,    0,    0,    0,    0,    0,    0,    0,    0,    0,
       0,    0,    0,    0,    0,    0,    0,    0,    0,    0,    0,    0,    0,  -16,    0,   -8,    0,  -16,    0,    0,    0,    0,    0,    0,    0,    0,    0,    0,    0,    0,    0,    0,    0,    0,  -16,    0,    0,    0,    0,   -4,    0,    0,    0,    0,    0,   -8,    0,    0,    0,    0,    0,    0,    0,    0,    0,    0,    0,    0,    0,    0,    0,    0,    0,    0,    0,    0,    0,    0,    0,    0,    0,    0,  -12,    0,    0,    0,    0,    0,    0,    0,    0,    0,    0,
       0,    0,    0,    0,    0,    0,    0,    0,    0,    0,    0,    0,    0,  -24,    0,  -16,    0,  -16,    0,    0,    0,    0,    0,    0,    0,    0,    0,    0,    0,    0,    0,    0,    0,    0,  -24,    0,    0,    0,    0,   -8,    0,    0,   -8,    0,    0,  -24,    0,    0,    0,    0,    0,    0,    0,    0,    0,    0,    0,    0,    0,    0,    0,    0,    0,    0,    0,    0,    0,    0,    0,    0,    0,    0,  -16,    0,    0,    0,    0,    0,    0,    0,    0,    0,    0,
       0,    0,    0,    0,    0,    0,    0,    0,    0,    0,    0,   40,    0,  -20,    0,   -4,    0,  -12,    0,    0,    0,    0,    0,    0,    0,    0,    0,    0,    0,    0,    0,    0,    0,    0,    0,    0,    0,    0,    0,    0,    0,    0,    0,    0,    0,    0,    0,    0,    0,    0,    0,    0,    0,    0,    0,    0,    0,    0,    0,    0,    0,    0,    0,    0,    0,    0,    0,    0,    0,    0,    0,    0,    0,    0,    0,    0,    0,    0,    0,    0,    0,    0,    0,
       0,    0,    0,   16,    0,    0,    0,    0,    0,    0,    0,    0,    0,    0,    0,    0,    0,    0,    0,    0,    0,    0,    0,    0,    0,    0,    0,    0,    0,    0,    0,    0,    0,    0,    0,    0,    0,    0,    0,    0,    0,    0,    0,    0,    0,    0,    0,    0,    0,    0,    0,    0,    0,    0,    0,    0,    0,    0,    0,    0,    0,    0,    0,    0,    0,    0,    0,    0,    0,    0,    0,    0,    0,    0,    0,    0,    0,    0,    0,    0,    0,    0,    0,
      24,   30,    0,   35,    0,    0,    0,   32,    0,    0,    0,    0,    0,    0,    0,    0,    0,    0,    0,    0,    0,    0,    0,    0,    0,    0,    0,    0,    0,    0,    0,    0,   28,    0,    0,    0,    0,    0,    0,    0,    0,    0,    0,    0,    0,    0,    0,    0,    0,    0,    0,    0,    0,    0,    0,    0,    0,    0,    0,    0,    0,    0,    0,    0,    0,    0,    0,    0,    0,    0,    0,    0,    0,    0,    0,    0,    0,    0,    0,    0,   14,    0,    0,
       0,    0,    0,   16,    0,    0,    0,    0,    0,    0,    0,    0,    0,    0,    0,    0,    0,    0,    0,    0,    0,    0,    0,    0,    0,    0,    0,    0,    0,    0,    0,    0,    0,   46,    0,    0,    0,    0,    0,    0,    0,    0,    0,    0,    0,    0,    0,    0,    0,    0,    0,    0,    0,    0,    0,    0,    0,    0,    0,    0,    0,    0,    0,    0,    0,    0,    0,    0,    0,    0,    0,    0,    0,    0,    0,    0,    0,    0,    0,    0,    0,    0,    0,
       0,    0,    0,    0,    0,    0,    0,    0,    0,    0,    0,   20,    0,    0,    0,    0,    0,    0,    0,    0,    0,    0,    0,    0,    0,    0,    0,    0,    0,    0,    0,    0,    0,    0,    0,    0,    0,    0,    0,    0,    0,    0,    0,    0,    0,    0,    0,    0,    0,    0,    0,    0,    0,    0,    0,    0,    0,    0,    0,    0,    0,    0,    0,    0,    0,    0,    0,    0,    0,    0,    0,    0,    0,    0,    0,    0,    0,    0,    0,    0,    0,    0,    0,
      15,   23,    0,   31,    0,    0,    0,   15,    0,    0,    0,    0,    0,    0,    0,    0,    0,    0,    0,    0,    0,    0,    0,    0,    0,    0,    0,    0,    0,    0,    0,    0,    0,    0,    0,    0,    0,    0,    0,    0,    0,    0,    0,    0,    0,    0,    0,    0,    0,    0,    0,    0,    0,    0,    0,    0,    0,    0,    0,    0,    0,    0,    0,    0,    0,    0,    0,    0,    0,    0,    0,    0,    0,    0,    0,    0,    0,    0,    0,    0,    7,    0,    0,
       0,    0,    0,    0,    0,    0,    0,   12,    0,    0,    0,    0,    8,   12,    0,   16,   12,   24,    0,    0,    8,    0,    0,    0,    0,    0,    0,    0,    0,    0,    0,    0,    0,    0,    0,    0,    0,    0,    0,    0,    0,    0,    0,    0,    0,    0,    0,    0,    0,    0,    0,    0,    0,    0,    0,    0,    0,    0,    0,    0,    0,    0,    0,    0,    0,    0,    0,    0,    0,    0,    0,    0,    0,    0,    0,    0,    0,    0,    0,    0,    0,    0,    0,
       0,    8,    0,    0,    0,    0,    0,    0,    0,    0,    0,    0,    0,    0,    0,    0,    0,    0,    0,    0,    0,   16,    0,    0,    0,    8,   16,   20,    0,    0,    0,    0,    0,    0,    0,    0,    0,    0,    0,    0,    0,    0,    0,    0,    0,    0,    0,    0,    0,    0,    0,    0,    0,    0,    0,    0,    0,    0,    0,    0,    0,    0,    0,    0,    0,    0,    0,    0,    0,    0,    0,    0,    0,    0,    0,    0,    0,    0,    0,    0,   24,    0,    0,
       0,    8,    0,    0,  -16,    0,    0,   20,   -8,    0,   12,    0,    8,   28,    0,   32,   24,   32,    0,   -8,    4,    0,    0,    0,   -4,    0,    0,    0,    0,    0,    0,    0,    0,    0,    0,    0,    0,    0,    0,    0,    0,    0,    0,    0,    0,    0,    0,    0,    0,    0,    0,    0,    0,    0,    0,    0,    0,    0,    0,    0,    0,    0,    0,    0,    0,    0,    0,    0,    0,    0,    0,    0,    0,    0,    0,    0,    0,    0,    0,    0,    8,    0,    0,
       0,    8,    0,    0,   -4,    0,    0,    8,    0,    0,    0,    0,    0,    0,    0,    0,    0,    0,    0,    0,    0,   20,    0,    0,    0,    8,   20,   20,    0,    0,    0,    0,    0,    0,    0,    0,    0,    0,    0,    0,    0,    0,    0,    0,    0,    0,    0,    0,    0,    0,    0,    0,    0,    0,    0,    0,    0,    0,    0,    0,    0,    0,    0,    0,    0,    0,    0,    0,    0,    0,    0,    0,    0,    0,    0,    0,    0,    0,    0,    0,   20,    0,    0,
       0,  -32,    0,   -4,   -8,    0,    0,    0,    0,    0,    0,    0,    0,    0,    0,    0,    0,    0,    0,    0,    0,    0,    0,    0,    0,    0,    0,    0,    0,    0,    0,    0,    0,    0,  -28,   -4,    0,    0,    0,   -8,    0,    0,   -4,    0,   -4,  -32,   -4,    0,    0,    0,    0,   -4,    0,    0,    0,  -12,    0,  -12,  -24,    0,    0,    0,    0,    0,  -12,    0,    0,    0,    0,    0,    0,    0,    0,    0,    0,    0,    0,    0,    0,    0,  -28,    0,    0,
       0,    0,    0,   12,  -24,  -16,   -8,    0,    0,    0,    0,    0,    0,    0,    0,    0,    0,    0,    0,    0,    0,    0,    0,    0,    0,    0,    0,    0,    0,    0,  -16,    0,    0,    0,    4,   -8,    0,    0,  -24,    0,  -20,  -24,    0,    4,  -14,    0,   -4,  -28,    0,   -8,  -38,   -7,  -12,  -12,  -28,   -6,   -8,  -15,   -6,  -12,   20,  -12,    8,    0,  -11,    0,    0,    0,    0,    0,    0,    0,    0,    0,    0,    0,    0,    0,    0,    0,    0,    0,    0,
       0,    0,    0,    0,    0,    0,    0,    0,    0,    0,    0,    0,    0,    0,    0,    0,    0,    0,    0,    0,    0,    0,    0,    0,    0,    0,    0,    0,    0,   -8,    0,    0,    0,    0,    0,   -4,    0,    8,    0,    0,    0,    0,    0,    0,   -8,   -4,    0,   -4,    0,    0,   -4,    0,    0,    0,    0,    0,    0,   -8,    0,    0,    0,    0,    0,    0,    0,    0,    0,    0,    0,    0,   -8,    0,    0,    0,    0,   -8,    0,    0,    0,    0,    0,    0,    0,
       0,    0,    0,    0,   -4,    0,    0,    0,    0,    0,    0,    0,    0,    0,    0,    0,    0,    0,    0,    0,    0,    0,    0,    0,    0,    0,    0,    0,    0,    0,    0,    0,    0,    0,    0,    0,    0,    0,    0,    0,    0,    0,    0,    0,   -4,   -8,    0,    0,    0,    0,    0,    0,    0,    0,    0,    0,    0,   -6,    0,    0,    0,    0,    0,    0,    0,    0,    0,    0,    0,    0,    0,    0,    0,    0,    0,    0,    0,    0,    0,    0,   -4,    0,    0,
       0,    0,    0,    0,    0,    0,    0,    0,    0,    0,    0,    0,    0,    0,    0,    0,    0,    0,    0,    0,    0,    0,    0,    0,    0,    0,    0,    0,    0,    0,    0,    0,    0,    0,    0,    0,    0,   20,    0,    0,    0,    0,    0,    0,    0,    0,    0,    0,    0,    0,    0,    0,    0,    0,    0,    0,    0,    0,    0,    0,    0,    0,    0,   12,    0,    0,    0,    0,    0,    0,    0,    0,    0,    0,    0,    0,    0,    0,    0,    0,    0,    0,    0,
       0,  -32,    0,    0,    0,    0,    0,    0,    0,    0,    0,    0,    0,    0,    0,    0,    0,    0,    0,    0,    0,    0,    0,    0,    0,    0,    0,    0,    0,    0,    0,    0,    0,    0,  -28,    0,    0,    0,    0,   -8,    0,    0,    0,    0,    0,  -32,    0,    0,    0,    0,    0,    0,    0,    0,    0,    0,    0,  -12,  -20,    0,    0,    0,    0,    0,    0,    0,    0,    0,    0,    0,    0,    0,    0,    0,    0,    0,    0,    0,    0,    0,  -20,    0,    0,
       0,    0,    0,    8,   -4,  -12,    0,    0,    0,    0,    0,    0,    0,    0,    0,    0,    0,    0,    0,    0,    0,    0,    0,    0,    0,    0,    0,    0,    0,   -8,    0,    0,    0,    0,    0,  -10,    0,    8,    0,    0,    0,    4,    0,    0,  -16,   -8,    0,   -4,    0,    0,   -8,    0,   -4,    0,    0,   -4,    0,  -12,   -4,    0,    0,    0,    4,    0,   -4,    0,    0,    0,    0,    0,   -8,    0,    0,    0,    0,  -20,    0,    0,    0,    0,    0,    0,    0,
       0,    0,    0,    0,  -32,   -8,   -8,    0,    0,    0,    0,    0,    0,    0,    0,    0,    0,    0,    0,    0,    0,    0,    0,    0,    0,    0,    0,    0,    0,  -16,   -8,    0,    0,    0,    0,   -8,    0,    0,  -30,    0,  -30,  -28,    0,    0,  -12,    0,  -12,  -12,   -8,   -4,  -19,    0,   -4,   -8,  -22,    0,    0,   -8,    0,   -4,   22,   -8,    8,    0,    0,    0,    0,    0,    0,  -16,   -4,   -8,    0,    0,    0,   -8,  -12,  -20,    0,    0,    0,    0,    0,
       0,  -28,    0,    0,    0,    0,    0,    0,    0,    0,    0,    0,    0,    0,    0,    0,    0,    0,    0,    0,    0,    0,    0,    0,    0,    0,    0,    0,    0,    0,    0,    0,    0,    0,  -24,  -16,    0,   12,    8,  -10,    0,    0,    0,    0,  -16,  -36,    0,   -4,   -4,    0,   -4,    0,   -4,    0,    6,  -12,    0,  -24,  -24,    0,    0,    0,    0,    0,  -12,  -16,    0,   -8,    0,    0,    0,    0,  -20,  -24,    0,  -20,    0,    0,    0,   -8,  -28,    0,    0,
       0,   -8,    0,    0,    0,    0,    0,    0,    0,    0,    0,    0,    0,    0,    0,    0,    0,    0,    0,    0,    0,    0,    0,    0,    0,    0,    0,    0,    0,    0,    0,    0,    0,    0,    0,   -4,    0,    0,    0,    0,   -4,    0,   -4,    0,   -4,   -8,    0,    0,    0,    0,    0,   -4,    0,    0,    0,  -12,   -4,  -12,  -16,    0,    0,    0,    0,    0,  -12,    0,    0,    0,    0,    0,    0,    0,    0,    0,    0,   -8,    0,    0,    0,    0,   -8,    0,    0,
       0,    0,    0,    0,   -8,    0,    0,    0,    0,    0,    0,    0,    0,    0,    0,    0,    0,    0,    0,    0,    0,    0,    0,    0,    0,    0,    0,    0,    0,    0,    0,    0,    0,    0,   -8,    0,   -4,    0,    0,   -4,   -4,    0,   -4,   -4,   -4,   -8,   -4,    0,    0,    0,    0,   -4,    0,    0,    0,    0,    0,   -4,    0,    0,    0,    0,    0,    0,    0,   -4,    0,    0,    0,    0,    0,    0,    0,   -4,    0,    0,    0,    0,    0,    0,    0,    0,    0,
       0,    0,    0,   16,    0,    0,    0,    0,    0,    0,    0,    0,    0,    0,    0,    0,    0,    0,    0,    0,    0,    0,    0,    0,    0,    0,    0,    0,    0,    0,    0,    0,    0,    0,   -4,   -4,    0,   48,   12,    0,    6,   12,    4,    0,   -4,  -12,    0,    0,    0,    0,    0,    0,    0,    0,   16,   12,    0,  -16,   -8,    0,    0,    0,    0,   40,   12,    0,    0,    0,    0,    0,    0,    0,    0,    0,    0,    0,    0,    0,    0,    0,    0,    0,    0,
       0,    0,    0,    0,  -16,    0,    0,    0,    0,    0,    0,    0,    0,    0,    0,    0,    0,    0,    0,    0,    0,    0,    0,    0,    0,    0,    0,    0,    0,    0,    0,    0,    0,    0,  -16,    0,    0,    0,    0,  -16,   -8,    0,  -10,   -4,    0,   -8,   -4,    0,    0,    0,    0,    0,    0,    0,    0,    0,    0,   -4,    0,    0,    0,    0,    0,    0,    0,   -4,    0,    0,    0,   -4,    0,    0,   -4,   -4,    0,    0,    0,    0,    0,    0,    0,    0,    0,
       0,    0,    0,    0,  -52,   -4,    0,    0,    0,    0,    0,    0,    0,    0,    0,    0,    0,    0,    0,    0,    0,    0,    0,    0,    0,    0,    0,    0,    0,   -4,    0,    0,    0,    0,   -8,    0,    0,    0,  -20,  -12,  -20,  -20,  -12,   -4,    0,    0,   -4,   -4,    0,    0,   -4,    0,    0,    0,  -16,    0,    0,    0,    0,    0,    0,    0,    0,    0,    0,    0,    0,    0,    0,  -20,    0,    0,    0,    0,    0,    0,    0,  -24,    0,    0,    0,    0,    0,
       0,    0,    0,   -8,  -16,    0,   -4,    0,    0,    0,    0,    0,    0,    0,    0,    0,    0,    0,    0,    0,    0,    0,    0,    0,    0,    0,    0,    0,    0,    0,    0,    0,    0,    0,  -20,    0,   -4,    0,   -8,  -22,   -8,   -6,  -16,   -8,    0,   -8,  -12,    0,    0,    0,    0,    0,    0,    0,   -8,    0,    0,    0,    0,    0,    0,    0,    0,    0,    0,   -4,    0,    0,    0,   -4,    0,    0,   -8,  -12,    0,    0,    0,   -8,    0,    0,    0,    0,    0,
       0,    0,    0,    0,    0,    0,    0,    0,    0,    0,    0,    0,    0,    0,    0,    0,    0,    0,    0,    0,    0,    0,    0,    0,    0,    0,    0,    0,    0,    0,    0,    0,    0,    0,  -12,    0,    0,    0,    0,    0,    0,    0,    0,    0,    0,    0,    0,    0,    0,    0,    0,    0,    0,    0,    0,    0,    0,    0,    0,    0,    0,    0,    0,    0,    0,    0,    0,    0,    0,    0,    0,    0,    0,    0,    0,    0,    0,    0,    0,    0,    0,    0,    0,
       0,   -4,    0,    0,   -8,    0,    0,    0,    0,    0,    0,    0,    0,    0,    0,    0,    0,    0,    0,    0,    0,    0,    0,    0,    0,    0,    0,    0,    0,    0,    0,    0,    0,    0,  -42,    0,    0,    0,    0,  -12,    0,    0,   -4,    0,    0,  -12,    0,    0,    0,   -4,    0,   -8,    0,    0,    0,  -16,   -8,   -8,   -8,   -4,    0,   -4,    0,    0,  -16,    0,    0,    0,    0,    0,    0,    0,    0,    0,    0,    0,    0,    0,    0,    0,   -8,    0,    0,
       0,    0,    0,    0,   -8,    0,    0,    0,    0,    0,    0,    0,    0,    0,    0,    0,    0,    0,    0,    0,    0,    0,    0,    0,    0,    0,    0,    0,    0,    0,    0,    0,    0,    0,  -24,    0,    0,    0,    0,    0,    0,    0,    0,    0,    0,   -4,    0,    0,    0,   -4,    0,   -4,    0,    0,    0,  -12,    0,   -8,   -4,    2,    0,    0,    0,    0,  -12,    0,    0,    0,    0,    0,    0,    0,    0,    0,    0,    0,    0,    0,    0,    0,    0,    0,    0,
       0,   -4,    0,    0,    0,    0,    0,    0,    0,    0,    0,    0,    0,    0,    0,    0,    0,    0,    0,    0,    0,    0,    0,    0,    0,    0,    0,    0,    0,    0,    0,    0,    0,    0,  -20,    0,    0,    0,    0,    0,    0,    0,    0,    0,    0,   -4,    0,   -4,    0,    0,   -4,    0,    0,    0,    0,   -8,    0,   -4,    0,    0,    0,    0,    0,    0,   -8,    0,    0,    0,    0,    0,    0,    0,    0,    0,    0,    0,    0,    0,    0,    0,    0,    0,    0,
       0,   -4,    0,    0,   -8,    0,    0,    0,    0,    0,    0,    0,    0,    0,    0,    0,    0,    0,    0,    0,    0,    0,    0,    0,    0,    0,    0,    0,    0,    0,    0,    0,    0,    0,   -8,    0,    0,    0,    0,    0,    0,    0,   -4,    0,    0,    0,    0,    0,    0,    0,    0,    0,    0,    0,    0,    0,   -4,    0,    0,    0,    0,    0,    0,    0,    0,    0,    0,    0,    0,    0,    0,    0,    0,    0,    0,    0,    0,    0,    0,    0,    0,    0,    0,
       0,    0,    0,    0,    0,    0,    0,    0,    0,    0,    0,    0,    0,    0,    0,    0,    0,    0,    0,    0,    0,    0,    0,    0,    0,    0,    0,    0,    0,    0,    0,    0,    0,    0,  -16,    0,    0,    0,    0,    0,    0,    0,    0,    0,    0,   -4,    0,   -8,    0,    0,   -8,    0,    0,    0,    4,    0,    0,   -8,    0,    0,    0,    0,    0,    0,    0,    0,    0,    0,    0,    0,    0,   -8,    0,    0,    0,    0,   -8,    0,    0,    0,    0,    0,    0,
       0,    0,    0,    0,   -4,   -8,    0,    0,    0,    0,    0,    0,    0,    0,    0,    0,    0,    0,    0,    0,    0,    0,    0,    0,    0,    0,    0,    0,    0,    0,    0,    0,    0,    0,   -7,    0,    0,    0,    0,    0,    0,    0,    0,    0,    0,   -4,    0,   -8,   -4,    0,   -8,    0,   -6,    0,    0,    0,    0,   -4,    0,    0,    0,    0,    0,    0,    0,    0,    0,    0,    0,    0,    0,    0,    0,    0,    0,    0,    0,    0,    0,    0,    4,    0,    0,
       0,   -4,    0,    0,   -8,    0,    0,    0,    0,    0,    0,    0,    0,    0,    0,    0,    0,    0,    0,    0,    0,    0,    0,    0,    0,    0,    0,    0,    0,    0,    0,    0,    0,    0,  -28,    0,    0,    0,    0,  -12,    0,    0,   -4,    0,    0,  -12,    0,    0,    0,   -4,    0,   -8,    0,    0,    0,  -16,   -8,   -8,   -8,   -4,    0,   -4,    0,    0,  -16,    0,    0,    0,    0,    0,    0,    0,    0,    0,    0,    0,    0,    0,    0,    0,   -8,    0,    0,
       0,  -12,    0,    0,    0,    0,    0,    0,    0,    0,    0,    0,    0,    0,    0,    0,    0,    0,    0,    0,    0,    0,    0,    0,    0,    0,    0,    0,    0,    0,    0,    0,    0,    0,  -16,    0,    0,    0,    0,    0,    0,    0,   -4,    0,    0,   -8,    0,    0,    0,    0,    0,    0,    0,    0,    0,  -20,    0,   -8,   -8,    0,    0,    0,    0,    0,  -20,    0,    0,    0,    0,    0,    0,    0,    0,    0,    0,    0,    0,    0,    0,    0,  -16,    0,    0,
       0,    0,    0,    0,  -16,   -4,    0,    0,    0,    0,    0,    0,    0,    0,    0,    0,    0,    0,    0,    0,    0,    0,    0,    0,    0,    0,    0,    0,    0,    0,    0,    0,    0,    0,   -6,    0,    0,    0,  -12,    0,   -4,    0,   -4,    0,    0,    0,    0,  -10,    0,    0,  -10,    0,    0,    0,  -20,    0,    0,    0,    0,   -4,    0,    0,    0,    0,    0,    0,    0,    0,    0,   -8,    0,    0,    0,    0,    0,    0,    0,    0,    0,    0,    8,    0,    0,
       0,   -8,    0,   16,    0,    0,    0,    0,    0,    0,    0,    0,    0,    0,    0,    0,    0,    0,    0,    0,    0,    0,    0,    0,    0,    0,    0,    0,    0,    0,    0,    0,    0,    0,  -20,    0,    0,   52,   16,    0,    8,   16,    8,    0,   -8,  -16,    0,    0,    0,    0,    0,    0,   -4,    0,    8,    4,    0,   -8,   -8,    0,    0,    0,    0,   30,    4,    0,    0,    0,    0,    0,    0,    0,    0,    0,    0,    0,    0,    0,    0,    0,  -12,    0,    0,
       0,  -24,    0,    0,    0,    0,    0,    0,    0,    0,    0,    0,    0,    0,    0,    0,    0,    0,    0,    0,    0,    0,    0,    0,    0,    0,    0,    0,    0,    0,    0,    0,    0,    0,  -36,  -12,    0,    0,    6,   -5,    0,    2,    0,    0,    0,  -48,    0,    0,   -4,    0,    0,   -6,   -4,    0,    0,  -24,   -2,  -28,  -28,    0,    0,    0,    0,    0,  -24,    0,   -8,    0,    0,    0,    0,    0,    0,    0,  -12,    0,   -8,    0,    0,    0,  -36,    0,    0,
       0,  -12,    0,    0,    0,    0,    0,    0,    0,    0,    0,    0,    0,    0,    0,    0,    0,    0,    0,    0,    0,    0,    0,    0,    0,    0,    0,    0,    0,    0,    0,    0,    0,    0,  -36,    0,    0,   34,    0,    0,    0,    0,    0,    0,    0,    0,    0,    0,    0,    0,    0,    0,    0,    0,    0,  -16,    0,   -8,   -8,    0,    0,    0,    0,   10,  -16,    0,    0,    0,    0,    0,    0,    0,    0,    0,    0,    0,    0,    0,    0,    0,  -16,    0,    0,
       0,    0,    0,    0,    0,    0,    0,    0,    0,    0,    0,    0,    0,    0,    0,    0,    0,    0,    0,    0,    0,    0,    0,    0,    0,    0,    0,    0,    0,    0,    0,    0,    0,    0,  -12,    0,    0,    0,    0,   -8,    0,    0,    0,    0,    0,    0,    0,   -4,    0,    0,   -4,    0,    0,    0,    0,    0,    0,   -8,    0,    0,    0,    0,    0,    0,    0,    0,    0,    0,    0,    0,    0,    0,    0,    0,    0,    0,    0,    0,    0,    0,    0,    0,    0,
       0,   16,    0,   12,    0,    0,    0,    0,    0,    0,    0,    0,    0,    0,    0,    0,    0,    0,    0,    0,    0,    0,    0,    0,    0,    0,    0,    0,    0,    0,    0,    0,    0,    0,   10,    0,    0,    0,    0,    8,    0,    0,    4,    0,    0,    0,    0,    0,    0,    0,    0,    0,    0,    0,    0,    0,    0,    0,    0,    0,   15,    0,    4,    0,    0,    0,    0,    0,    0,    0,    0,    0,    0,    0,    0,    0,    0,    0,    0,    0,   16,    0,    0,
       0,    0,    0,    0,    0,    0,    0,    0,    0,    0,    0,    0,    0,    0,    0,    0,    0,    0,    0,    0,    0,    0,    0,    0,    0,    0,    0,    0,    0,    0,    0,    0,    0,    0,    0,    0,    0,   32,    0,    0,    0,    0,    0,    0,    0,    0,    0,    0,    0,    0,    0,    0,    0,    0,    0,    0,    0,    0,    0,    0,    0,    0,    0,   12,    0,    0,    0,    0,    0,    0,    0,    0,    0,    0,    0,    0,    0,    0,    0,    0,    0,    0,    0,
       0,    0,    0,    0,  -16,   -4,    0,    0,    0,    0,    0,    0,    0,    0,    0,    0,    0,    0,    0,    0,    0,    0,    0,    0,    0,    0,    0,    0,    0,    0,    0,    0,    0,    0,  -11,    0,    0,    0,  -12,    0,   -4,    0,   -4,    0,    0,    0,    0,  -10,    0,    0,  -10,    0,    0,    0,  -20,    0,    0,    0,    0,   -4,    0,    0,    0,    0,    0,    0,    0,    0,    0,   -8,    0,    0,    0,    0,    0,    0,    0,    0,    0,    0,    8,    0,    0,
       0,    0,    0,    0,  -16,    0,    0,    0,    0,    0,    0,    0,    0,    0,    0,    0,    0,    0,    0,    0,    0,    0,    0,    0,    0,    0,    0,    0,    0,    0,    0,    0,    0,    0,    0,    0,    0,    0,    0,    0,    0,    0,    0,    0,    0,    0,    0,    0,    0,    0,    0,    0,    0,    0,    0,    0,    0,    0,    0,    0,    0,    0,    0,    0,    0,    0,    0,    0,    0,   -8,    0,    0,    0,    0,    0,    0,    0,    0,    0,    0,    0,    0,    0,
       0,  -16,    0,    0,    0,    0,    0,    0,    0,    0,    0,    0,    0,    0,    0,    0,    0,    0,    0,    0,    0,    0,    0,    0,    0,    0,    0,    0,    0,    0,    0,    0,    0,    0,  -16,    0,    0,    0,    0,    0,    0,    0,    0,    0,    0,  -24,    0,    0,    0,    0,    0,    0,    0,    0,    0,    0,    0,    0,   -8,    0,    0,    0,    0,    0,    0,  -12,    0,    0,    0,    0,    0,    0,  -20,  -12,    0,    0,    0,    0,    0,    0,    0,    0,    0,
       0,  -28,    0,    0,    0,    0,    0,    0,    0,    0,    0,    0,    0,    0,    0,    0,    0,    0,    0,    0,    0,    0,    0,    0,    0,    0,    0,    0,    0,    0,    0,    0,    0,    0,    0,    0,    0,    0,    0,    0,    0,    0,    0,    0,    0,    0,    0,    0,    0,    0,    0,    0,    0,    0,    0,  -12,    0,  -12,  -20,   12,    0,    0,    0,    0,  -12,    0,   -8,    0,   -4,    0,    0,   -8,    0,    0,   -8,    0,   -8,    0,   -8,    0,    0,    0,    0,
       0,    0,    0,    0,  -24,  -16,    0,    0,    0,    0,    0,    0,    0,    0,    0,    0,    0,    0,    0,    0,    0,    0,    0,    0,    0,    0,    0,    0,    0,  -24,  -16,    0,    0,    0,    4,    0,    0,    0,    0,    0,  -20,    0,    0,    0,  -16,    0,    0,    0,    0,   -8,    0,   -8,    0,    0,    0,  -16,    0,  -20,  -16,  -12,    0,  -24,    0,    0,  -16,    0,   -8,    0,  -20,  -24,   -8,  -28,    0,    0,  -16,  -20,  -28,  -20,    0,    0,    0,    0,    0,
       0,    0,    0,    0,  -20,   -8,    0,    0,    0,    0,    0,    0,    0,    0,    0,    0,    0,    0,    0,    0,    0,    0,    0,    0,    0,    0,    0,    0,    0,    0,    0,    0,    0,    0,    0,    0,    0,    0,    0,    0,    0,    0,    0,    0,    0,    0,    0,    0,    0,    0,    0,    0,    0,    0,    0,    0,    0,    0,    0,    0,    0,    0,    0,    0,    0,    0,    0,    0,    0,  -12,    0,   -4,    0,    0,    0,    0,    0,    0,    0,    0,    0,    0,    0,
       0,    0,    0,    0,  -20,   -8,    0,    0,    0,    0,    0,    0,    0,    0,    0,    0,    0,    0,    0,    0,    0,    0,    0,    0,    0,    0,    0,    0,    0,    0,    0,    0,    0,    0,    8,    0,    0,    0,    0,    0,  -24,    0,    0,    0,  -12,    0,    0,    0,    0,   -8,    0,   -8,    0,    0,    0,    0,    0,  -20,    0,    0,    8,  -12,    0,    0,    0,    0,    0,    0,  -12,  -20,   -8,  -16,    8,    0,    0,   -8,  -12,  -16,    0,    0,    0,    0,    0,
       0,    0,    0,    0,  -12,    0,    0,    0,    0,    0,    0,    0,    0,    0,    0,    0,    0,    0,    0,    0,    0,    0,    0,    0,    0,    0,    0,    0,    0,    0,    0,    0,    0,    0,    0,    0,    0,    0,    0,    0,    0,    0,    0,    0,    0,    0,    0,    0,    0,    0,    0,    0,    0,    0,    0,    0,    0,    0,    0,    0,    0,    0,    0,    0,    0,    0,   20,    0,    0,  -12,    0,   -8,    0,    0,    0,    0,    0,    0,    0,    0,    0,    0,    0,
       0,  -28,    0,    0,    0,    0,    0,    0,    0,    0,    0,    0,    0,    0,    0,    0,    0,    0,    0,    0,    0,    0,    0,    0,    0,    0,    0,    0,    0,    0,    0,    0,    0,    0,    0,    0,    0,    0,    0,    0,    0,    0,    0,    0,    0,    0,    0,    0,    0,    0,    0,    0,    0,    0,    0,   -8,    0,  -32,  -20,    0,    0,    0,    0,    0,   -8,    0,   -8,    0,    0,    0,    0,    0,    0,    0,   -8,    0,   -8,    0,    0,    0,    0,    0,    0,
       0,    0,    0,    0,    0,    0,    0,    0,    0,    0,    0,    0,    0,    0,    0,    0,    0,    0,    0,    0,    0,    0,    0,    0,    0,    0,    0,    0,    0,    0,    0,    0,    0,    0,    0,    0,    0,   88,    0,    0,    0,    0,    0,    0,  -12,    0,    0,    0,    0,    0,    0,    0,    0,    0,    0,    0,    0,  -16,   -8,    0,    0,    0,    0,    0,    0,    0,    0,    0,    0,    0,   -8,    0,    0,    0,    0,  -12,   -8,    0,    0,    0,    0,    0,    0,
       0,    0,    0,    0,    0,    0,    0,    0,    0,    0,    0,    0,    0,    0,    0,    0,    0,    0,    0,    0,    0,    0,    0,    0,    0,    0,    0,    0,    0,    0,    0,    0,    0,    0,    0,    0,    0,    0,    0,    0,    0,    0,    0,    0,    0,    0,    0,    0,    0,    0,    0,    0,    0,    0,    0,    0,    0,   -4,    0,    0,    0,    0,    0,    0,    0,    0,    0,    0,    0,    0,    0,   -4,    0,    0,    0,    0,    0,    0,    0,    0,    0,    0,    0,
       0,    0,    0,    0,  -24,    0,    0,    0,    0,    0,    0,    0,    0,    0,    0,    0,    0,    0,    0,    0,    0,    0,    0,    0,    0,    0,    0,    0,    0,    0,    0,    0,    0,    0,    0,    0,    0,    0,    0,    0,  -24,    0,    0,    0,  -12,    0,    0,    0,    0,  -16,    0,    0,    0,    0,    0,    0,    0,  -16,    0,   -8,    8,    0,    0,    0,    0,    0,    0,    0,  -12,  -20,   -8,  -20,    0,    0,    0,    0,  -16,  -16,  -16,   -4,    0,    0,    0,
       0,    0,    0,    0,  -16,    0,    0,    0,    0,    0,    0,    0,    0,    0,    0,    0,    0,    0,    0,    0,    0,    0,    0,    0,    0,    0,    0,    0,    0,    0,    0,    0,    0,    0,    0,    0,    0,    0,    0,    0,    0,    0,    0,    0,    0,    0,    0,    0,    0,    0,    0,    0,    0,    0,    0,    0,    0,    0,    0,    0,    0,    0,    0,    0,    0,    0,    0,    0,    0,   -4,    0,    0,    0,    0,    0,    0,    0,    0,    0,    0,    0,    0,    0,
       0,    0,    0,    0,    0,    0,    0,    0,    0,    0,    0,    0,    0,    0,    0,    0,    0,    0,    0,    0,    0,    0,    0,    0,    0,    0,    0,    0,    0,    0,    0,    0,    0,    0,   -8,    0,    0,    0,    0,    0,    0,    0,    0,    0,    0,    0,    0,    0,    0,    0,    0,    0,    0,    0,    0,    0,    0,    0,    0,    0,    0,    0,    0,    0,    0,   -4,    0,    0,    0,    0,    0,    0,    0,   -4,    0,    0,    0,    0,    0,    0,    0,    0,    0,
       0,    0,    0,    0,    0,    0,    0,    0,    0,    0,    0,    0,    0,    0,    0,    0,    0,    0,    0,    0,    0,    0,    0,    0,    0,    0,    0,    0,    0,    0,    0,    0,    0,    0,    0,    0,    0,    0,    0,    0,    0,    0,    0,    0,    0,    0,    0,    0,    0,    0,    0,    0,    0,    0,    0,    0,    0,    0,    0,    0,    0,    0,    0,    0,    0,    0,    0,    0,    0,    0,    0,    0,    0,    0,    0,    0,    0,    0,    0,    0,    0,   13,    0,
       0,    0,    0,    0,    0,    0,    0,    0,    0,    0,    0,    0,    0,    0,    0,    0,    0,    0,    0,    0,    0,    0,    0,    0,    0,    0,    0,    0,    0,    0,    0,    0,    0,    0,    0,    0,    0,    0,    0,    0,    0,    0,    0,    0,    0,    0,    0,    0,    0,    0,    0,    0,    0,    0,    0,    0,    0,    0,    0,    0,    0,    0,    0,    0,    0,    0,    0,    0,    0,    0,    0,    0,    0,    0,    0,    0,    0,    0,    0,    0,    0,    0,   15,
};

static const EpdLigaturePair notosans_12_bolditalicLigaturePairs[] = {
    { 0x00660066, 0xFB00 }, // f f -> U+FB00
    { 0x00660069, 0xFB01 }, // f i -> U+FB01
    { 0x0066006C, 0xFB02 }, // f l -> U+FB02
    { 0xFB000069, 0xFB03 }, // U+FB00 i -> U+FB03
    { 0xFB00006C, 0xFB04 }, // U+FB00 l -> U+FB04
};

static const EpdFontData notosans_12_bolditalic = {
    notosans_12_bolditalicBitmaps,
    notosans_12_bolditalicGlyphs,
    notosans_12_bolditalicIntervals,
    20,
    34,
    27,
    -8,
    true,
    notosans_12_bolditalicGroups,
    13,
    nullptr,
    notosans_12_bolditalicKernLeftClasses,
    notosans_12_bolditalicKernRightClasses,
    notosans_12_bolditalicKernMatrix,
    471,
    471,
    90,
    83,
    notosans_12_bolditalicLigaturePairs,
    5,
};
