/**
 * generated by fontconvert.py
 * name: notosans_16_regular
 * size: 16
 * mode: 2-bit  compressed: zopfli
 * hinting: auto (FT_LOAD_FORCE_AUTOHINT — grid-fits stems to whole pixels)
 * Command used: fontconvert.py notosans_16_regular 16 ../builtinFonts/source/NotoSans/NotoSans-Regular.ttf --2bit --compress --zopfli
 */
#pragma once
#include "EpdFontData.h"

static const uint8_t notosans_16_regularBitmaps[32414] = {
    0xCD, 0x59, 0x01, 0xA4, 0x1D, 0xE9, 0x15, 0xFE, 0x66, 0x46, 0x33, 0xDA, 0x29, 0xB3, 0xC8, 0xD2,
    0x36, 0x74, 0x40, 0x69, 0xD1, 0x1D, 0x80, 0x45, 0xF3, 0xFE, 0x61, 0xB1, 0x28, 0x12, 0xE4, 0xEE,
    0x92, 0x20, 0x0B, 0xAA, 0x6D, 0x71, 0x01, 0x8A, 0xF7, 0xEE, 0x1D, 0x2D, 0x00, 0x3C, 0x74, 0x0B,
    0xD0, 0xC2, 0x42, 0x16, 0x81, 0x22, 0xF4, 0xBE, 0x37, 0x53, 0x8B, 0xA2, 0xD8, 0x69, 0x6B, 0x15,
    0xD0, 0x59, 0x9B, 0x94, 0x55, 0x74, 0xDA, 0x4E, 0x74, 0x5E, 0xF6, 0x9F, 0xF9, 0xFB, 0x7D, 0xFE,
    0x3B, 0xC9, 0x7D, 0x9B, 0xF7, 0x5E, 0x36, 0x11, 0xD5, 0xC9, 0x9C, 0xEF, 0x7F, 0x77, 0xFE, 0x73,
    0xCE, 0x7F, 0xCE, 0xF9, 0xCF, 0x7F, 0xEE, 0xB9, 0x13, 0x83, 0x67, 0xFD, 0xF3, 0xD7, 0x01, 0x1C,
    0x1C, 0x71, 0x4C, 0x9A, 0x8D, 0xBF, 0xE3, 0x9A, 0xF7, 0xBE, 0xBF, 0xA3, 0xFA, 0xF5, 0xA8, 0x46,
    0xD8, 0xC5, 0x35, 0xA2, 0x56, 0xD0, 0x24, 0x25, 0xA2, 0x3A, 0x2D, 0x11, 0xD7, 0x69, 0x81, 0xA4,
    0x4E, 0x81, 0xB4, 0xCC, 0x04, 0x39, 0x8C, 0xE3, 0x25, 0x70, 0xC8, 0x71, 0x15, 0x78, 0x0D, 0xFB,
    0xE0, 0xB8, 0x11, 0x0C, 0xE0, 0x87, 0x1E, 0x9A, 0xB4, 0x4E, 0xB0, 0x38, 0x79, 0xFB, 0xE1, 0x0D,
    0xF4, 0x51, 0x8B, 0xA0, 0x8B, 0x9A, 0xD3, 0x4B, 0x08, 0xB8, 0x04, 0xA8, 0x7C, 0xA6, 0xD0, 0x4D,
    0x45, 0xE6, 0x5C, 0x67, 0x7E, 0x75, 0xAB, 0x3D, 0xE6, 0x67, 0xBB, 0xA5, 0x91, 0x54, 0x5D, 0x03,
    0xD7, 0x26, 0x9B, 0xA3, 0x32, 0xE7, 0x0A, 0xFD, 0x81, 0x34, 0xEB, 0x91, 0x86, 0x96, 0xB2, 0x5B,
    0x0A, 0x87, 0x3E, 0xBD, 0xDD, 0x71, 0xE9, 0xA6, 0x72, 0x23, 0x82, 0xDB, 0xC5, 0x29, 0xFD, 0xF1,
    0x08, 0xE4, 0x40, 0xE6, 0x0A, 0x19, 0x6D, 0xEE, 0xD6, 0xB2, 0x78, 0x95, 0x34, 0x41, 0x07, 0x1C,
    0xC5, 0x2D, 0xCD, 0x84, 0x8D, 0x64, 0xA3, 0x06, 0x7A, 0xAE, 0x81, 0xFC, 0x1A, 0xAE, 0xFA, 0xE1,
    0x5E, 0xDE, 0x8A, 0xF3, 0x9F, 0xCE, 0x52, 0xEE, 0x4F, 0x9F, 0xF4, 0x6B, 0x6A, 0xF9, 0xE0, 0xF7,
    0x6D, 0x4E, 0xB3, 0xAF, 0x7D, 0xBF, 0xCE, 0xCA, 0x78, 0xCC, 0xD2, 0x3A, 0xAD, 0x19, 0x0C, 0x3F,
    0xEC, 0xFB, 0xA1, 0xD3, 0x80, 0xA0, 0xD5, 0xC0, 0xC8, 0x26, 0x4D, 0x56, 0x22, 0x29, 0xE3, 0xD6,
    0xD0, 0x0D, 0x44, 0x27, 0x15, 0xF0, 0x5D, 0x80, 0x06, 0xE3, 0x7B, 0x40, 0xDE, 0x92, 0x4E, 0x00,
    0x79, 0x59, 0xCA, 0xE6, 0x65, 0x03, 0xA4, 0x6D, 0xD2, 0x11, 0xEB, 0xE8, 0x09, 0x36, 0x31, 0x31,
    0xEE, 0x52, 0xCE, 0x46, 0x83, 0x21, 0x27, 0xDC, 0x44, 0x80, 0xE9, 0x21, 0xD9, 0x96, 0x98, 0xB8,
    0x81, 0xDC, 0xF9, 0x1F, 0x27, 0x64, 0xE5, 0xBA, 0x30, 0xDC, 0xBD, 0x63, 0xA4, 0x9D, 0x81, 0x45,
    0x64, 0x8F, 0x88, 0x70, 0x56, 0x68, 0x3A, 0x28, 0x30, 0x1D, 0xD6, 0x45, 0xC0, 0x27, 0xE6, 0xE1,
    0x72, 0x74, 0x94, 0x75, 0xAD, 0xA9, 0x83, 0xEA, 0x84, 0x12, 0xE3, 0x86, 0xD7, 0xFE, 0xFE, 0xFE,
    0xEB, 0x38, 0xC0, 0xC0, 0x00, 0xB5, 0x29, 0x5D, 0xCD, 0x0B, 0x83, 0x15, 0x15, 0x52, 0xD1, 0xCE,
    0xBF, 0x91, 0x9F, 0x57, 0x50, 0xE6, 0xE5, 0x45, 0x4A, 0x47, 0xA3, 0x2E, 0xEC, 0x61, 0xF1, 0x9D,
    0x03, 0x20, 0x97, 0xE9, 0x48, 0x1A, 0xD0, 0x7C, 0x3E, 0x0C, 0x2C, 0x38, 0x41, 0x76, 0xF2, 0xEB,
    0x36, 0x67, 0xDD, 0x2B, 0x88, 0x61, 0x14, 0x67, 0x30, 0x48, 0x30, 0xEE, 0xA4, 0x24, 0x2B, 0x35,
    0xF9, 0x6D, 0x00, 0x71, 0xBB, 0x25, 0x85, 0xA1, 0xC1, 0x2B, 0xA4, 0xD5, 0x1B, 0xBF, 0x3B, 0x5E,
    0x3B, 0xE7, 0x96, 0xCE, 0x3D, 0xA2, 0xF1, 0x40, 0xBE, 0x01, 0x0E, 0xF6, 0x00, 0x9B, 0x17, 0xD1,
    0x90, 0xD5, 0x91, 0x62, 0xF6, 0xCE, 0x25, 0xF2, 0xD7, 0xE7, 0x92, 0xDB, 0x5E, 0x8B, 0x5B, 0x1F,
    0x2D, 0xCE, 0xE3, 0x49, 0x9B, 0x39, 0x0C, 0x7B, 0xD8, 0xC7, 0x06, 0x8B, 0x85, 0x24, 0x0E, 0x78,
    0x43, 0xD6, 0xC9, 0x76, 0x3E, 0x85, 0x9C, 0x0C, 0x7A, 0xD0, 0x78, 0x52, 0x0B, 0x05, 0x40, 0x2E,
    0xC8, 0x07, 0xE4, 0xF0, 0xAC, 0x07, 0x9E, 0x4D, 0xE9, 0x18, 0x6E, 0x59, 0x63, 0xB1, 0xD6, 0x4F,
    0x58, 0xCD, 0x0E, 0x2B, 0x96, 0x03, 0x42, 0x66, 0x47, 0x72, 0xB2, 0x6C, 0xE5, 0x8F, 0x29, 0x82,
    0x81, 0x73, 0x56, 0xD1, 0x52, 0x3C, 0xB5, 0xA7, 0x17, 0x91, 0x78, 0xC4, 0x6B, 0xA0, 0x98, 0x04,
    0x96, 0x19, 0xD5, 0x4B, 0x97, 0x74, 0x2A, 0xF7, 0x14, 0xE5, 0xBC, 0x43, 0xD5, 0x45, 0x9F, 0x75,
    0xD9, 0x9F, 0xBB, 0xFC, 0x8D, 0xEE, 0xAB, 0x34, 0xE9, 0x05, 0xEE, 0x8A, 0xF9, 0x47, 0x9D, 0xEB,
    0x4F, 0x97, 0xED, 0x1E, 0xE2, 0xFE, 0xB2, 0x36, 0x11, 0xB0, 0x4F, 0x28, 0xF0, 0x1E, 0x6B, 0x41,
    0x28, 0x93, 0x95, 0xC7, 0x15, 0x1F, 0x71, 0x2A, 0xD1, 0xCE, 0xD5, 0x4F, 0x7F, 0x5C, 0x28, 0xCE,
    0xFE, 0x52, 0x76, 0x66, 0xCE, 0xD5, 0xD5, 0x83, 0x25, 0x0F, 0x68, 0x34, 0x50, 0xDF, 0xAE, 0x6E,
    0x52, 0xD4, 0x43, 0x92, 0x6F, 0x55, 0x65, 0xE0, 0x06, 0x9D, 0x28, 0xAE, 0x71, 0x45, 0x36, 0x8C,
    0xA4, 0x35, 0xC9, 0xEC, 0xD0, 0xF1, 0x21, 0x57, 0x72, 0xEF, 0xDE, 0xED, 0x55, 0x3F, 0xAE, 0xB8,
    0x13, 0x48, 0x96, 0x90, 0x0A, 0x8C, 0xE0, 0xB7, 0x82, 0x7F, 0x13, 0xA2, 0x4F, 0x08, 0xC9, 0x07,
    0x84, 0xF4, 0x0D, 0xC2, 0x5E, 0x44, 0xD8, 0x08, 0x7A, 0x42, 0xD4, 0x12, 0x92, 0x9A, 0x90, 0x16,
    0x04, 0x03, 0xC2, 0x46, 0x20, 0x9B, 0x3B, 0x27, 0xB8, 0x73, 0xE7, 0xFD, 0x47, 0xBF, 0x86, 0x9E,
    0x9D, 0x05, 0x39, 0xD7, 0x17, 0x99, 0xC5, 0xA2, 0x98, 0x8D, 0xDB, 0xDB, 0x21, 0x15, 0xA3, 0xB5,
    0xBB, 0x4F, 0x72, 0xC5, 0x6B, 0xEF, 0x56, 0x8D, 0xB7, 0x33, 0xF4, 0xFE, 0x3F, 0x15, 0xDF, 0xA8,
    0x3F, 0xA4, 0x0B, 0xD3, 0x2F, 0xAB, 0xDA, 0xB9, 0x09, 0x57, 0x5C, 0xAB, 0x42, 0x4B, 0xB3, 0x5C,
    0x17, 0xB8, 0xF7, 0xDE, 0x89, 0x07, 0x45, 0xFE, 0x49, 0x8E, 0x49, 0xBF, 0x72, 0x6C, 0x93, 0x4C,
    0xB0, 0x95, 0x6B, 0xA7, 0x93, 0xE5, 0xE0, 0xCA, 0xC0, 0x3A, 0xC6, 0x67, 0xE4, 0xB2, 0x3B, 0x39,
    0x64, 0x74, 0x70, 0x29, 0x33, 0x66, 0x75, 0x68, 0x99, 0x3F, 0xBD, 0xE2, 0xAB, 0xFC, 0x71, 0xDB,
    0x8B, 0x5B, 0x55, 0x01, 0x20, 0x2B, 0xEC, 0x6E, 0x66, 0xEF, 0x64, 0x75, 0x41, 0x95, 0x3B, 0x2C,
    0x83, 0x67, 0x49, 0xCE, 0x60, 0x19, 0x9F, 0xB0, 0x60, 0x79, 0x82, 0x88, 0xFB, 0x9E, 0x9E, 0x2C,
    0xBB, 0xBC, 0x8E, 0x94, 0xFB, 0x76, 0x26, 0xE6, 0xF3, 0x90, 0x36, 0x2C, 0x52, 0x43, 0x5E, 0x07,
    0xF4, 0x57, 0x16, 0x87, 0x93, 0x2B, 0xD3, 0x36, 0xE3, 0x39, 0x09, 0xED, 0x31, 0xFD, 0xD8, 0x3D,
    0x0B, 0x13, 0x3F, 0xB3, 0xEE, 0x8D, 0x39, 0xFD, 0x54, 0xCD, 0x43, 0x35, 0xEA, 0x7C, 0x49, 0x7F,
    0x41, 0xFD, 0xAD, 0x29, 0xA3, 0x9E, 0xCB, 0xDB, 0x23, 0x1A, 0x69, 0x4F, 0x9F, 0xAD, 0x35, 0x75,
    0x39, 0xEA, 0x74, 0x94, 0xAD, 0x12, 0x37, 0x19, 0x54, 0xED, 0xE3, 0xF0, 0x91, 0xEC, 0x93, 0xDC,
    0xCE, 0x9B, 0xAF, 0xDC, 0xA4, 0x3E, 0x67, 0x91, 0xBA, 0x12, 0xBE, 0x46, 0xCC, 0x97, 0x3E, 0xC5,
    0x4D, 0xDA, 0xA5, 0x5D, 0xDC, 0xE0, 0x8C, 0x2B, 0x69, 0x7D, 0xA5, 0xC9, 0x8A, 0x1C, 0x7B, 0xFA,
    0x86, 0xF0, 0xD7, 0x97, 0x95, 0xB1, 0x9C, 0x1D, 0x81, 0xAA, 0x39, 0x35, 0x1C, 0x02, 0x13, 0x38,
    0xAA, 0x2C, 0x4E, 0x8A, 0x5E, 0xAF, 0x1D, 0x57, 0xB9, 0x51, 0x46, 0x68, 0xEA, 0xEB, 0x24, 0xED,
    0x92, 0x15, 0x71, 0x97, 0x6E, 0x60, 0xE7, 0xD2, 0xE7, 0x79, 0x4E, 0x9F, 0x9B, 0x6D, 0xF0, 0x5D,
    0xA3, 0xD5, 0xA4, 0xF8, 0xD4, 0x1F, 0xE2, 0xA1, 0xCE, 0xCC, 0x6A, 0x0D, 0x45, 0x2E, 0x76, 0x05,
    0xAA, 0xDE, 0xDB, 0xD0, 0xC2, 0x5F, 0x97, 0x5C, 0xAF, 0xCE, 0x01, 0xE6, 0xBD, 0xAA, 0xBE, 0x8C,
    0xB4, 0xD5, 0x36, 0xCF, 0x74, 0xEA, 0xF4, 0x4B, 0x2A, 0xDA, 0xA6, 0x64, 0x5E, 0xF8, 0x74, 0x94,
    0xCB, 0xA2, 0xCB, 0xD8, 0x09, 0x1A, 0xC9, 0x89, 0xE6, 0x92, 0x78, 0x85, 0xE7, 0x41, 0x6E, 0xAA,
    0x35, 0x40, 0x36, 0x2D, 0xE4, 0x7D, 0x55, 0x22, 0xB6, 0x3E, 0x63, 0x56, 0x4A, 0x3B, 0x4E, 0x14,
    0x69, 0x89, 0x05, 0x92, 0x3A, 0x43, 0xE6, 0x86, 0xA8, 0xB9, 0x8A, 0xCA, 0xD9, 0xB0, 0xDD, 0x0F,
    0x47, 0xD8, 0xA0, 0xBB, 0x47, 0x63, 0x2C, 0xBA, 0xDF, 0x24, 0xAD, 0x86, 0x3E, 0xAD, 0x35, 0x74,
    0x1A, 0x82, 0x9D, 0x21, 0xA0, 0x40, 0x9F, 0x34, 0x91, 0x8D, 0xEA, 0x3E, 0xEE, 0x93, 0xE3, 0xB4,
    0xBC, 0xC7, 0x65, 0x73, 0x87, 0x7D, 0x54, 0x43, 0x6A, 0x69, 0xF2, 0x97, 0x8A, 0xE0, 0x3A, 0x97,
    0xF2, 0xBB, 0xD7, 0x08, 0x11, 0x8D, 0x0C, 0x82, 0x42, 0xF6, 0xE9, 0x4D, 0x27, 0x3B, 0x74, 0x14,
    0x79, 0xDD, 0x75, 0x87, 0x1A, 0x8C, 0x00, 0xEB, 0x52, 0x58, 0xD5, 0x42, 0x27, 0xB1, 0xE0, 0x3F,
    0xAD, 0x44, 0xFF, 0xD5, 0x09, 0x3F, 0x1E, 0x20, 0x6D, 0x96, 0x98, 0xD6, 0x47, 0xD2, 0x51, 0xAE,
    0x24, 0xCA, 0x7F, 0x42, 0x05, 0xEB, 0x88, 0x33, 0x80, 0x15, 0x06, 0x4E, 0xB9, 0x1C, 0x12, 0x3B,
    0x44, 0x8F, 0xEE, 0xBC, 0xDF, 0xCB, 0xFF, 0xC0, 0x6E, 0x19, 0x32, 0xE2, 0xB1, 0x44, 0x66, 0xF1,
    0x62, 0x05, 0x29, 0xF4, 0xCA, 0x9D, 0x4A, 0x9F, 0xE4, 0x31, 0x2E, 0x96, 0x16, 0x56, 0x39, 0xA3,
    0x74, 0x17, 0x98, 0xD3, 0xB0, 0xD2, 0xAC, 0x15, 0x5F, 0x27, 0x89, 0x42, 0x70, 0x1F, 0x3A, 0x71,
    0x04, 0xAA, 0x25, 0x64, 0x35, 0x21, 0x3D, 0x0D, 0xB9, 0x56, 0xAA, 0x8A, 0x71, 0x71, 0x6B, 0x92,
    0x44, 0x4F, 0x50, 0xA2, 0x06, 0xD5, 0xA3, 0x02, 0xB9, 0x16, 0x76, 0x0F, 0x96, 0x0C, 0x30, 0xC0,
    0x63, 0x0B, 0xD5, 0xFD, 0x39, 0x46, 0x6B, 0xC1, 0x91, 0xC0, 0x5E, 0x04, 0x9E, 0x45, 0x3E, 0x49,
    0x4C, 0xEB, 0x11, 0xA4, 0x0A, 0x2A, 0x77, 0x08, 0xDD, 0x83, 0x9F, 0xD4, 0xAA, 0x9E, 0x35, 0x2E,
    0x71, 0xE1, 0x53, 0xFE, 0x8E, 0xF2, 0xC8, 0x15, 0x56, 0xAB, 0x12, 0x92, 0x96, 0x10, 0x75, 0x84,
    0xB0, 0x27, 0x04, 0x03, 0x01, 0xF6, 0x1C, 0x08, 0xEC, 0xCC, 0x12, 0x89, 0x39, 0x96, 0x58, 0x2A,
    0x05, 0xA6, 0x96, 0x52, 0xAA, 0xAF, 0xAC, 0x5F, 0xE8, 0xF1, 0x92, 0xA2, 0x91, 0x65, 0x5E, 0x2A,
    0xCE, 0x23, 0xCE, 0x8B, 0xB7, 0x14, 0xE9, 0xF3, 0x33, 0x78, 0x8B, 0x59, 0xEF, 0x85, 0xFA, 0x5F,
    0x7C, 0x8D, 0x99, 0xB4, 0x5F, 0xEE, 0x50, 0xA9, 0x3C, 0x32, 0xAD, 0x6F, 0x59, 0xA5, 0xF8, 0xD7,
    0xF4, 0x45, 0xA4, 0xF4, 0xD2, 0xE6, 0x9F, 0xDA, 0xAF, 0x71, 0x77, 0x83, 0x16, 0x0B, 0xC5, 0xC3,
    0x09, 0x9C, 0x26, 0xCC, 0x91, 0x60, 0x2D, 0x30, 0x82, 0xBC, 0x26, 0xA4, 0x2D, 0x21, 0x1E, 0x09,
    0x81, 0xD3, 0xA9, 0xC9, 0x69, 0x9B, 0x96, 0xFC, 0x85, 0xDF, 0x91, 0xE7, 0x01, 0x7A, 0xF7, 0x76,
    0xE7, 0x78, 0x79, 0xD0, 0xB3, 0x17, 0x00, 0xE7, 0x6A, 0xDE, 0x71, 0x8F, 0x17, 0x6B, 0x86, 0x28,
    0xE8, 0x35, 0x20, 0x7D, 0x79, 0x77, 0x56, 0x62, 0x5D, 0x54, 0x93, 0x0A, 0xEE, 0xAB, 0x05, 0xAC,
    0x6A, 0x28, 0xE1, 0x58, 0x47, 0xD0, 0x12, 0xB8, 0x1D, 0x3A, 0xED, 0x84, 0x35, 0x08, 0x96, 0x10,
    0xF5, 0x84, 0xB4, 0x21, 0x98, 0x82, 0xE0, 0x54, 0xBE, 0x5D, 0x01, 0xD9, 0x46, 0xB8, 0xD6, 0x01,
    0xA3, 0x0A, 0xB0, 0x0D, 0x46, 0x02, 0x2A, 0x81, 0x29, 0x09, 0x14, 0xB1, 0x4C, 0xE9, 0x59, 0x33,
    0x3E, 0x77, 0xC2, 0xF1, 0xB2, 0x69, 0xBA, 0x73, 0xE7, 0xF0, 0x71, 0x16, 0xD7, 0x50, 0x2D, 0x53,
    0x8F, 0xCF, 0x4F, 0x40, 0xAC, 0xB2, 0x86, 0xB4, 0x9A, 0x7A, 0xE2, 0xDA, 0xEA, 0xB0, 0x1A, 0xBB,
    0x01, 0xF6, 0x8C, 0x7A, 0xE0, 0x7D, 0x63, 0x0D, 0xB0, 0x31, 0x36, 0x2F, 0xD0, 0x1B, 0x9B, 0x95,
    0x41, 0x67, 0xD4, 0xE3, 0xB6, 0xC6, 0xB2, 0x6C, 0x37, 0xC6, 0x46, 0x6D, 0x52, 0x13, 0xBB, 0xB4,
    0x34, 0x36, 0xE8, 0xB3, 0xC2, 0x58, 0xD8, 0x1C, 0xC4, 0xCD, 0x9E, 0x70, 0xB5, 0x2F, 0xF4, 0x77,
    0xDE, 0x0B, 0xD3, 0x0E, 0xC2, 0x56, 0x18, 0x37, 0x30, 0x0E, 0x8A, 0x5C, 0x29, 0x68, 0x04, 0x1D,
    0x61, 0x1A, 0x08, 0xD6, 0x0A, 0x2A, 0x81, 0x29, 0x08, 0x0A, 0xBD, 0x4D, 0x5A, 0x42, 0xD4, 0x13,
    0x02, 0x4B, 0xC0, 0x24, 0x30, 0x02, 0x96, 0x18, 0x05, 0xD6, 0x2A, 0xB0, 0x84, 0x68, 0x20, 0x60,
    0x14, 0x54, 0x02, 0x23, 0xC8, 0x04, 0x89, 0x20, 0xB2, 0xB8, 0xA4, 0xBA, 0xE1, 0x2B, 0x17, 0x9B,
    0xB7, 0xBB, 0xBD, 0xEA, 0x59, 0x38, 0x52, 0x05, 0x1F, 0xAA, 0xCA, 0x91, 0x0C, 0x54, 0x64, 0x57,
    0xC4, 0xA4, 0x39, 0x22, 0xC6, 0xAD, 0x85, 0xB2, 0xF7, 0x62, 0xF4, 0x9C, 0x5E, 0xCA, 0x6B, 0xF0,
    0xDA, 0xBC, 0x66, 0xBF, 0x8A, 0x5F, 0xD1, 0xAF, 0x4E, 0x4B, 0x06, 0x40, 0xC5, 0x5E, 0x65, 0x9F,
    0x85, 0xAD, 0x51, 0xB2, 0xE9, 0xCB, 0xD6, 0xFA, 0x32, 0xB8, 0x43, 0xAA, 0x88, 0x51, 0xAF, 0xF9,
    0xF1, 0x2D, 0x1D, 0x00, 0xD5, 0xFC, 0xF6, 0x0B, 0xE5, 0xC0, 0xFF, 0x8B, 0xBF, 0x8D, 0x2C, 0x99,
    0xA0, 0xAB, 0x12, 0xC0, 0xD4, 0xC2, 0xB4, 0x13, 0x46, 0x56, 0x18, 0x38, 0x21, 0x7E, 0x5C, 0x28,
    0x26, 0x50, 0x19, 0x55, 0xB9, 0x97, 0x9B, 0x71, 0x0F, 0xC5, 0x85, 0x00, 0xFB, 0x34, 0x04, 0x9A,
    0x88, 0x3A, 0x42, 0xDE, 0xCE, 0x5F, 0xA1, 0x03, 0x28, 0xAB, 0x79, 0x1C, 0x0B, 0x8C, 0x20, 0xAF,
    0x4F, 0x9F, 0x41, 0x89, 0x61, 0x14, 0x54, 0x02, 0xA3, 0x2F, 0xCE, 0xC3, 0xD0, 0x39, 0x36, 0xE2,
    0x37, 0x95, 0x76, 0x97, 0xF9, 0x44, 0x92, 0x9E, 0x0A, 0xB5, 0xA0, 0x40, 0x4A, 0xCD, 0xB1, 0xBC,
    0x91, 0x33, 0x57, 0x9C, 0x7C, 0xD5, 0x93, 0x51, 0xC7, 0xED, 0x73, 0x3F, 0x88, 0x56, 0xD7, 0x11,
    0xD8, 0xEA, 0xBD, 0x65, 0x2F, 0xF7, 0xBF, 0xC1, 0x6D, 0x78, 0x52, 0x3E, 0x17, 0x6F, 0x3F, 0x5C,
    0x5C, 0x97, 0xCD, 0xF8, 0x5F, 0x80, 0xD5, 0xF0, 0xB2, 0x61, 0x04, 0xC3, 0xA8, 0xEE, 0xB9, 0x35,
    0xD0, 0xDE, 0x37, 0x30, 0x65, 0x3A, 0xDD, 0x72, 0x08, 0x15, 0x7D, 0xE4, 0xDA, 0x3D, 0x05, 0x44,
    0x09, 0x72, 0x64, 0xE0, 0x8B, 0x65, 0xC0, 0x52, 0x82, 0x50, 0x6D, 0x61, 0xD4, 0x25, 0x0D, 0xD3,
    0x47, 0x2F, 0x23, 0x9A, 0x88, 0x50, 0x87, 0x3D, 0x58, 0x66, 0xAC, 0x02, 0x4D, 0xA0, 0x0C, 0x8E,
    0x77, 0xDB, 0xA4, 0xFC, 0x67, 0x6A, 0x69, 0x3F, 0xE8, 0xB6, 0x10, 0xFF, 0x45, 0x95, 0xEC, 0xEF,
    0xB5, 0x6F, 0xCB, 0xD5, 0x6E, 0x6C, 0x3B, 0x59, 0x49, 0xAD, 0x54, 0x50, 0xB9, 0x8C, 0xD1, 0x96,
    0x71, 0x25, 0x8E, 0xA6, 0xE5, 0x98, 0x17, 0x30, 0x1D, 0x17, 0x55, 0xC5, 0xEF, 0x99, 0xB5, 0x34,
    0x63, 0x1C, 0xB8, 0x34, 0x47, 0x6B, 0x39, 0x26, 0x4D, 0x30, 0x6C, 0x68, 0x45, 0xDC, 0x86, 0xFD,
    0x01, 0xF2, 0x22, 0xEA, 0x24, 0x6B, 0xC0, 0xB1, 0xD5, 0x18, 0xB2, 0x67, 0xCD, 0x8B, 0x15, 0x13,
    0x4E, 0x3F, 0x26, 0x8E, 0x00, 0x2B, 0x59, 0x0B, 0xD0, 0xAB, 0xA4, 0x19, 0x68, 0x73, 0x8E, 0xF8,
    0xE3, 0x9E, 0x06, 0x18, 0xDF, 0x72, 0x9A, 0x3D, 0x44, 0xFA, 0xAD, 0x9B, 0x1F, 0xF8, 0x46, 0x34,
    0xDB, 0x00, 0x9F, 0x29, 0x89, 0x28, 0xE3, 0x6A, 0x8E, 0xBD, 0x6F, 0x56, 0x93, 0xCE, 0xB7, 0xAE,
    0xB1, 0x64, 0x0A, 0xDD, 0xE1, 0x90, 0xD5, 0xFC, 0x98, 0xB6, 0xFE, 0x5D, 0x55, 0x5E, 0x06, 0x83,
    0x82, 0x32, 0x2A, 0xA6, 0x26, 0x50, 0x7C, 0x7F, 0xAE, 0x50, 0xFC, 0xA1, 0x51, 0x36, 0x96, 0x8A,
    0x02, 0x7C, 0x06, 0xFA, 0xBF, 0x22, 0x69, 0xD7, 0xAC, 0xE7, 0x33, 0xE1, 0xE0, 0x65, 0x29, 0xB9,
    0x86, 0xF4, 0xD1, 0x5E, 0x6A, 0xE6, 0x1A, 0x89, 0xA2, 0x13, 0xF5, 0xC7, 0x6A, 0xBD, 0x08, 0xE1,
    0x60, 0xA0, 0x48, 0x95, 0xFA, 0xCD, 0x54, 0x2B, 0x26, 0x2D, 0x99, 0xA3, 0x1E, 0x86, 0xF3, 0x5A,
    0x7C, 0xE4, 0x80, 0x35, 0x1F, 0xC0, 0xBC, 0x49, 0xCD, 0xD9, 0x87, 0x72, 0x47, 0xAB, 0xC5, 0x4E,
    0x8B, 0x4F, 0x04, 0xD8, 0xE7, 0x04, 0xC7, 0xCB, 0x03, 0x7F, 0x38, 0x49, 0x83, 0xD6, 0x80, 0xD6,
    0xC0, 0xE9, 0x66, 0xC8, 0x97, 0x8E, 0x79, 0x52, 0xE1, 0x52, 0xEA, 0xCD, 0xDD, 0xE9, 0x7A, 0x6E,
    0x92, 0xC2, 0x61, 0xCE, 0xFE, 0xB4, 0x91, 0xB8, 0x26, 0x0D, 0x94, 0x1B, 0xD4, 0x5F, 0x68, 0xA1,
    0xDA, 0xC3, 0xE4, 0xA6, 0xF1, 0x86, 0xC5, 0xF3, 0xFC, 0x1B, 0x6F, 0x48, 0xEA, 0x60, 0xE7, 0x98,
    0x4B, 0xBD, 0x8C, 0x48, 0x14, 0x84, 0xD6, 0x2F, 0x1C, 0xCA, 0xBC, 0x61, 0x6B, 0xEB, 0xCC, 0x9C,
    0xEF, 0x32, 0x2B, 0x7D, 0xB7, 0xCC, 0x41, 0xBF, 0x65, 0xDC, 0x40, 0xB9, 0x2B, 0xE6, 0xCA, 0xE9,
    0x7E, 0x75, 0x0D, 0x98, 0x97, 0x70, 0x53, 0x8F, 0x57, 0x88, 0xA8, 0x79, 0x1C, 0xB6, 0x1E, 0x3E,
    0x1F, 0xB1, 0x77, 0x95, 0xB0, 0x9F, 0x13, 0xEE, 0xA5, 0x05, 0xD0, 0xD1, 0x8F, 0xB0, 0x8B, 0x1A,
    0xF2, 0x86, 0x9D, 0x9C, 0xEA, 0xC1, 0xC7, 0x1B, 0x59, 0x7F, 0x15, 0x7B, 0xE0, 0x48, 0xA1, 0xB4,
    0xDC, 0xFD, 0x89, 0xFB, 0x23, 0x98, 0x22, 0x63, 0xA6, 0xD0, 0xEB, 0x7D, 0x2C, 0x27, 0x24, 0xCE,
    0x35, 0xC9, 0xA7, 0xCB, 0x3E, 0xF0, 0x3B, 0x61, 0x1F, 0xD3, 0x5D, 0x67, 0x39, 0x67, 0xCD, 0xC9,
    0xC2, 0x56, 0xFC, 0x3C, 0x92, 0xAC, 0x08, 0x7A, 0xA9, 0x90, 0xD8, 0xF5, 0x83, 0x63, 0x9B, 0xBB,
    0x61, 0x13, 0xBA, 0xC3, 0xFD, 0x0B, 0xBF, 0xD7, 0xAE, 0x8C, 0xB0, 0xDA, 0x3F, 0xBE, 0xBC, 0x70,
    0x65, 0x68, 0x1D, 0x30, 0x52, 0xD7, 0xB1, 0x9D, 0x5F, 0xAE, 0x9C, 0xA6, 0xB5, 0xE6, 0xC4, 0x23,
    0x5E, 0xC9, 0x0C, 0x94, 0xED, 0xA9, 0x03, 0xF9, 0x54, 0x84, 0x4E, 0x2F, 0x41, 0x6E, 0x95, 0x79,
    0xBD, 0x7D, 0x83, 0x45, 0x1A, 0xCF, 0xEA, 0xEE, 0xB7, 0x73, 0xE2, 0x11, 0x2F, 0x65, 0xEA, 0x88,
    0xB2, 0xF4, 0xB7, 0xD0, 0xE3, 0x73, 0x69, 0x7D, 0xDF, 0x90, 0xCF, 0xF0, 0x45, 0x88, 0x33, 0x75,
    0xE8, 0xD6, 0x80, 0xA3, 0x9E, 0x6A, 0x3C, 0xC3, 0xD6, 0x91, 0xC4, 0xB9, 0xB5, 0x78, 0x4C, 0x19,
    0x3A, 0xC9, 0xC4, 0xCE, 0xE5, 0xD4, 0x91, 0x6F, 0x5F, 0x58, 0x16, 0x7C, 0xD6, 0xE4, 0x65, 0xDC,
    0x19, 0xC6, 0xF6, 0x00, 0xB0, 0x1B, 0xD2, 0xBC, 0x0F, 0x23, 0xF7, 0xE4, 0x0C, 0x5B, 0x5F, 0x49,
    0x4F, 0x6E, 0xF6, 0x94, 0xED, 0xE8, 0x6F, 0x89, 0xE0, 0x86, 0x2F, 0xCE, 0x95, 0x2B, 0x82, 0x31,
    0x98, 0x5F, 0x29, 0xCD, 0xC4, 0x29, 0x0B, 0x47, 0xD2, 0xFF, 0x3A, 0xE8, 0xF3, 0x8B, 0x92, 0x6C,
    0xA6, 0xDF, 0xB9, 0x7C, 0xC8, 0xE9, 0xB7, 0xF1, 0x7E, 0x6B, 0x2F, 0xCC, 0x17, 0xF1, 0x9B, 0xB2,
    0x8A, 0xDD, 0x6E, 0x2C, 0xD7, 0xA4, 0xE9, 0x32, 0x42, 0x9B, 0x3F, 0x58, 0xF6, 0x7A, 0xB9, 0x77,
    0xA9, 0x9A, 0x70, 0x71, 0x9E, 0x70, 0x9E, 0x7C, 0x3E, 0x4F, 0xA2, 0xC1, 0x21, 0xF0, 0x39, 0xF7,
    0x9C, 0x74, 0xCF, 0xDA, 0x9F, 0x4A, 0xDD, 0x53, 0x17, 0x5E, 0x9B, 0x0F, 0xD9, 0x37, 0x31, 0x5F,
    0x2F, 0xE3, 0xC8, 0xAE, 0xF1, 0x83, 0x09, 0x95, 0xC5, 0xFA, 0x59, 0x3D, 0x9E, 0xFA, 0xC5, 0xAC,
    0x26, 0x23, 0xAC, 0x1A, 0x63, 0xF5, 0x35, 0xFA, 0x32, 0x33, 0x05, 0xE4, 0xE8, 0x34, 0x01, 0x6A,
    0x87, 0x9C, 0x9E, 0x69, 0x4E, 0x2D, 0x0F, 0x46, 0x88, 0x5F, 0xED, 0x90, 0xFA, 0x71, 0xAB, 0xBE,
    0xF2, 0xBC, 0x6B, 0xC8, 0x06, 0xEE, 0x01, 0x06, 0xE7, 0xDE, 0x54, 0xCB, 0xF9, 0xB0, 0xFA, 0xEB,
    0xDF, 0x1C, 0x5C, 0x99, 0x8E, 0x30, 0xA5, 0x43, 0x3C, 0x70, 0xED, 0x91, 0xF2, 0x48, 0x6B, 0x35,
    0x60, 0x2F, 0x7B, 0x18, 0xB8, 0x7D, 0xC3, 0x4B, 0xD8, 0x3E, 0xA6, 0x3D, 0x74, 0x76, 0x5A, 0x1D,
    0xDA, 0x41, 0x27, 0x62, 0xF2, 0x71, 0x3E, 0xD6, 0x17, 0xC7, 0x78, 0xD6, 0xFB, 0x15, 0xC1, 0x91,
    0x26, 0x56, 0x64, 0x29, 0xC4, 0x8C, 0x4C, 0x62, 0xC9, 0xC9, 0x2D, 0xEB, 0x55, 0x49, 0x29, 0x06,
    0x16, 0x11, 0x15, 0x93, 0xAD, 0x85, 0xCF, 0x2C, 0x44, 0x93, 0x2F, 0x44, 0x56, 0xBC, 0x92, 0x51,
    0x11, 0x53, 0x31, 0xBB, 0x78, 0x93, 0xE7, 0xC3, 0x34, 0xE5, 0x73, 0x11, 0x31, 0xCF, 0x59, 0x44,
    0x28, 0x3B, 0x1F, 0xA6, 0x0B, 0x69, 0x48, 0xFA, 0x61, 0xDD, 0x9F, 0x8C, 0xEF, 0xB8, 0x06, 0xAE,
    0xC0, 0x04, 0x28, 0xDE, 0xCF, 0xBA, 0x43, 0xC7, 0xA0, 0x3A, 0x57, 0xAC, 0x3F, 0xAA, 0xD4, 0x62,
    0x3C, 0x2E, 0x97, 0x55, 0x09, 0xE4, 0x27, 0xDB, 0x76, 0x79, 0x39, 0x6E, 0xBB, 0x34, 0x53, 0x2B,
    0xB8, 0xA2, 0x92, 0xD1, 0x9F, 0xDE, 0x72, 0x85, 0x73, 0x23, 0xAE, 0xB8, 0x43, 0x44, 0xB5, 0xEE,
    0xB8, 0xD6, 0xF4, 0x5A, 0x15, 0xCD, 0xDE, 0xFE, 0xE8, 0xC6, 0xB3, 0x7F, 0xC1, 0xB7, 0x88, 0xC7,
    0x1F, 0x86, 0xCE, 0xB2, 0x42, 0xDA, 0xE7, 0xCE, 0x0E, 0x65, 0x54, 0x64, 0x2B, 0x24, 0xD6, 0x3C,
    0xA8, 0x6C, 0xE6, 0xAC, 0xBE, 0x7C, 0x36, 0xE3, 0xA9, 0xAD, 0xE7, 0x80, 0x95, 0xF6, 0xDF, 0x22,
    0x15, 0x24, 0x4D, 0xD8, 0x43, 0xBD, 0xA1, 0xA0, 0x45, 0x30, 0xE8, 0xCB, 0xDC, 0xCA, 0xA7, 0x23,
    0x7D, 0xBD, 0xAF, 0xF2, 0xF9, 0x25, 0x4C, 0x7E, 0x40, 0x48, 0xAD, 0x60, 0x20, 0xC4, 0xBD, 0xCA,
    0x72, 0x68, 0x11, 0xB7, 0x06, 0x91, 0xF4, 0x18, 0x9A, 0xAE, 0xDE, 0xB9, 0x48, 0x1C, 0xD4, 0x52,
    0xA6, 0x77, 0x41, 0xA8, 0xD3, 0xDB, 0x45, 0x5E, 0xF0, 0x71, 0x5A, 0x1A, 0x31, 0x25, 0xB5, 0xA1,
    0xC8, 0x5E, 0xDC, 0x1C, 0x70, 0xC1, 0x83, 0xA8, 0xDD, 0x70, 0xD8, 0xA8, 0x0B, 0x0F, 0xFB, 0x21,
    0xEC, 0xA8, 0xF9, 0xA4, 0xC7, 0x43, 0xEA, 0x1E, 0x3B, 0x3C, 0xEA, 0xB8, 0x44, 0x8B, 0x8A, 0xC3,
    0xBA, 0x51, 0xF9, 0x50, 0xB8, 0x4D, 0xA3, 0x01, 0x39, 0xEF, 0x12, 0xA6, 0x48, 0x1B, 0x5A, 0x11,
    0x77, 0x01, 0xE5, 0x87, 0x48, 0x62, 0x49, 0x4B, 0x6E, 0xBA, 0x87, 0xBC, 0x92, 0xA9, 0xE3, 0xFC,
    0x83, 0x2C, 0x16, 0xA4, 0x13, 0xC1, 0x2C, 0x0B, 0xEA, 0xA5, 0x87, 0x81, 0xCA, 0x48, 0xD4, 0x87,
    0x03, 0x28, 0x34, 0x2A, 0x26, 0x6B, 0x6A, 0xF4, 0x3F, 0x21, 0xD5, 0x1B, 0xFB, 0x9E, 0x52, 0x3E,
    0xF0, 0x31, 0x59, 0xD4, 0x3B, 0x63, 0x45, 0x43, 0xE7, 0x9F, 0x69, 0xB0, 0xFC, 0x1B, 0x47, 0x7C,
    0x0A, 0x13, 0xEB, 0x14, 0x29, 0x76, 0xD9, 0x35, 0xE5, 0xC3, 0x87, 0x25, 0x75, 0xFC, 0x43, 0x8B,
    0x3B, 0x42, 0x38, 0x12, 0x02, 0x2B, 0x18, 0x08, 0x92, 0x92, 0x2E, 0x2D, 0x43, 0x90, 0xB5, 0xDF,
    0xAA, 0x94, 0x4D, 0x62, 0x33, 0xAD, 0xC0, 0xB9, 0x5A, 0xF4, 0xEA, 0x62, 0xB9, 0xFD, 0x2A, 0x3F,
    0xF2, 0x0A, 0x24, 0x45, 0x9F, 0xE5, 0xFC, 0xFC, 0xBF, 0x20, 0xD1, 0xB0, 0x7D, 0x63, 0x2E, 0x4E,
    0x6A, 0xA9, 0x7C, 0x5B, 0x58, 0x8B, 0xB4, 0x94, 0xCA, 0x5E, 0x8B, 0xE9, 0xEC, 0x7C, 0x0F, 0xAC,
    0x76, 0xD2, 0x35, 0x98, 0x0A, 0x2C, 0x3B, 0x06, 0xF1, 0xFC, 0x93, 0x71, 0xAC, 0x6D, 0x90, 0xB6,
    0xB0, 0xB7, 0xCF, 0xBA, 0x56, 0x40, 0xD5, 0x22, 0xEB, 0x11, 0x9E, 0xA7, 0x4D, 0xA7, 0xBD, 0x40,
    0x66, 0x71, 0xC9, 0xC2, 0xDC, 0x97, 0xF2, 0xB3, 0x39, 0x65, 0x52, 0xDE, 0xA3, 0x6A, 0x40, 0x9D,
    0xC1, 0x75, 0xC0, 0x4C, 0x45, 0xE4, 0x58, 0x6F, 0xFA, 0xC4, 0x4D, 0x25, 0x96, 0xFD, 0x7F, 0x01,
    0xCD, 0x9A, 0x01, 0xA4, 0x25, 0x59, 0x7A, 0xC7, 0x7F, 0x55, 0xA7, 0xF3, 0x6A, 0xB3, 0x45, 0x4E,
    0x43, 0x60, 0xDB, 0x6C, 0xC1, 0x06, 0x62, 0xB7, 0x0B, 0x60, 0xC8, 0x7B, 0x7D, 0x2A, 0x60, 0x01,
    0x3B, 0x98, 0x3B, 0xC3, 0x36, 0x66, 0x11, 0x18, 0x83, 0x86, 0x45, 0xC2, 0x7B, 0xAF, 0x8A, 0x00,
    0x40, 0xC3, 0x6C, 0x30, 0xC8, 0x60, 0xC2, 0x4A, 0x30, 0xC1, 0xA0, 0xF1, 0xEE, 0xAD, 0xB3, 0x02,
    0x80, 0xA9, 0x48, 0x46, 0x30, 0x50, 0xBB, 0xA6, 0xC3, 0x06, 0xE6, 0xC8, 0x54, 0x9B, 0x7A, 0x9B,
    0x53, 0xF7, 0x4B, 0x7D, 0x75, 0xAF, 0xD7, 0xAF, 0x5F, 0xBA, 0xDF, 0x64, 0xC6, 0xD3, 0xFA, 0xBC,
    0xFA, 0xFE, 0xDF, 0x55, 0xF5, 0x9D, 0xEF, 0xFB, 0xFF, 0x4F, 0xF5, 0xA9, 0x53, 0x55, 0xD5, 0x27,
    0x22, 0x27, 0x40, 0xBC, 0xDA, 0x30, 0x9E, 0xC5, 0xB2, 0x7F, 0x87, 0x56, 0x7C, 0x26, 0xE2, 0x8B,
    0x2F, 0x0E, 0x2A, 0xD7, 0x40, 0x0D, 0xAC, 0x81, 0xF8, 0x1C, 0x9B, 0x80, 0x0D, 0xBB, 0x98, 0xD2,
    0x83, 0x3D, 0xBF, 0xEF, 0x8D, 0x88, 0xE7, 0xC1, 0xB6, 0xD2, 0x7C, 0x17, 0x76, 0x20, 0x5F, 0x80,
    0x13, 0x01, 0xF9, 0xD5, 0x86, 0x24, 0x72, 0x0B, 0x33, 0x00, 0x26, 0x5C, 0x07, 0xA2, 0xA9, 0x16,
    0x78, 0xFB, 0xC9, 0xAA, 0x7A, 0x71, 0x5C, 0xD6, 0x03, 0xD6, 0x03, 0xF5, 0xFB, 0xAB, 0x55, 0x25,
    0xDA, 0x65, 0x81, 0xEF, 0xC1, 0xF7, 0x5C, 0x3E, 0xDE, 0x2B, 0x44, 0xA6, 0x6C, 0xFB, 0x60, 0x30,
    0x7D, 0x1A, 0x72, 0xCF, 0x68, 0x2B, 0x8E, 0x2D, 0x1C, 0x2E, 0xD6, 0x70, 0x96, 0x79, 0x06, 0x33,
    0x64, 0xC1, 0x8A, 0xC4, 0xF2, 0xC1, 0x76, 0xF3, 0x5A, 0xF2, 0xC6, 0x4F, 0x00, 0x6A, 0x30, 0x83,
    0xAB, 0xC8, 0x42, 0xE1, 0xB1, 0x9D, 0xED, 0x28, 0x7C, 0x16, 0x70, 0x4A, 0xFE, 0x54, 0x65, 0x44,
    0x58, 0x27, 0x23, 0x38, 0xE5, 0x51, 0xFE, 0xB4, 0x07, 0xFB, 0xA9, 0x87, 0x5C, 0x1A, 0xC8, 0x04,
    0x8C, 0x88, 0xEC, 0x00, 0x22, 0x3B, 0x48, 0x56, 0xD3, 0xEA, 0xEA, 0x81, 0x2B, 0x10, 0x2F, 0x37,
    0x00, 0xAE, 0xEE, 0xFB, 0xA3, 0x37, 0x48, 0x45, 0x1A, 0x2B, 0xD2, 0x95, 0xFE, 0xC0, 0x3B, 0x40,
    0xAD, 0xEC, 0xC0, 0x4E, 0x90, 0x4A, 0x4F, 0x26, 0x5B, 0x0A, 0xDF, 0x7A, 0x87, 0xED, 0x1D, 0x59,
    0x70, 0x95, 0x09, 0xA5, 0x37, 0xC1, 0x8E, 0x79, 0x97, 0xCA, 0xC7, 0x15, 0xE5, 0x04, 0x89, 0x32,
    0x2D, 0x7A, 0x30, 0x41, 0xED, 0x0D, 0xF2, 0xD0, 0xBE, 0xDF, 0x76, 0xB5, 0x48, 0x95, 0xCB, 0x17,
    0x3C, 0xCA, 0x9B, 0x68, 0xFD, 0x8C, 0x2C, 0xA7, 0x14, 0x72, 0x91, 0x11, 0xA8, 0xAB, 0xA4, 0xAD,
    0x48, 0x07, 0xC8, 0x3B, 0x32, 0x9F, 0xBC, 0x99, 0x0C, 0x58, 0x4A, 0x69, 0x8E, 0x39, 0x42, 0xC4,
    0xDF, 0xE5, 0xD0, 0x4C, 0x49, 0x65, 0xF9, 0x24, 0x0B, 0x90, 0x57, 0x21, 0xEF, 0x20, 0x6B, 0x82,
    0xF5, 0x60, 0xFC, 0xF3, 0xDD, 0x2E, 0x64, 0xDF, 0x61, 0xDF, 0x5D, 0x93, 0x35, 0x77, 0x97, 0xD4,
    0xD5, 0x31, 0x59, 0xB7, 0x14, 0x4A, 0x47, 0xD0, 0xE0, 0xBA, 0x51, 0x12, 0x7B, 0x4A, 0x7B, 0x82,
    0x77, 0x26, 0xEE, 0xCD, 0xD2, 0x32, 0x8F, 0xF1, 0xC9, 0x7B, 0xDE, 0x89, 0x7F, 0x34, 0xA7, 0xD6,
    0xEC, 0x7E, 0xD3, 0xFA, 0xF2, 0x77, 0x9E, 0xDB, 0x54, 0x9C, 0xA4, 0x3D, 0x31, 0xEF, 0x4D, 0x28,
    0x1A, 0xDB, 0xD5, 0x94, 0x55, 0xE4, 0xD4, 0x04, 0xA2, 0x9E, 0xDB, 0x74, 0xA4, 0xF0, 0x13, 0x79,
    0xEF, 0x48, 0x07, 0xEB, 0x99, 0xB2, 0xC0, 0xEB, 0x49, 0x07, 0xF0, 0xA7, 0xAB, 0xD5, 0x8A, 0x56,
    0x44, 0x76, 0x00, 0xD8, 0x17, 0xC3, 0x6A, 0x25, 0x73, 0xBB, 0x76, 0xDC, 0x7E, 0xB3, 0xAA, 0x74,
    0xDC, 0x8C, 0x4C, 0x1C, 0x73, 0x64, 0x44, 0x2A, 0x1D, 0xB7, 0x50, 0x7A, 0xCB, 0x27, 0x26, 0x58,
    0x9F, 0x57, 0x41, 0x5D, 0xD6, 0xCC, 0xCE, 0x35, 0xAA, 0x43, 0xB6, 0x2C, 0x6E, 0x58, 0xDC, 0x93,
    0x71, 0x71, 0x61, 0xAD, 0xE3, 0x36, 0x87, 0x2C, 0xE3, 0xA6, 0x9A, 0x38, 0x9A, 0xFB, 0x75, 0x77,
    0xB1, 0x66, 0x3E, 0xAA, 0xE3, 0x06, 0xD7, 0x8F, 0xDB, 0xCC, 0xF6, 0x99, 0x89, 0xC3, 0x9B, 0xE4,
    0xD2, 0x38, 0x09, 0xEB, 0x64, 0x1C, 0x38, 0x0E, 0x1C, 0xCE, 0xF8, 0x88, 0x47, 0xF5, 0xDF, 0x0D,
    0xA5, 0xF4, 0x07, 0xBB, 0xD9, 0xFD, 0x22, 0x93, 0x7D, 0x5B, 0xDD, 0xFF, 0x6C, 0xF5, 0xC2, 0x38,
    0x76, 0x35, 0x65, 0xDF, 0xF2, 0x89, 0x5A, 0x9A, 0xBF, 0xC9, 0xFD, 0x6D, 0xD3, 0xA1, 0x9B, 0x27,
    0xF7, 0x14, 0x70, 0xA2, 0xCC, 0xB3, 0x8E, 0xA2, 0xE2, 0x04, 0x44, 0xBA, 0x79, 0x3B, 0x90, 0xCA,
    0x49, 0x7F, 0x94, 0x06, 0x18, 0x74, 0xCB, 0x42, 0x26, 0x4D, 0x26, 0x1D, 0x07, 0x03, 0x9C, 0xC1,
    0xF1, 0x8C, 0x9F, 0xA4, 0x63, 0x2B, 0xFD, 0x9D, 0x6D, 0x95, 0x7C, 0x64, 0xC6, 0xBC, 0x2F, 0xBC,
    0xE3, 0x8C, 0x08, 0xF1, 0xDB, 0x59, 0x12, 0x27, 0x4C, 0x14, 0xF2, 0x28, 0x8F, 0xDB, 0x28, 0x12,
    0xCF, 0x62, 0xDB, 0x9D, 0x45, 0xE0, 0x3A, 0xA3, 0x15, 0xC9, 0x45, 0xA4, 0x94, 0xE9, 0x1D, 0x27,
    0xD1, 0xD6, 0xB3, 0xB5, 0xB3, 0xC9, 0x0B, 0x4C, 0x8F, 0x69, 0x5C, 0x39, 0x5B, 0x3E, 0x5B, 0xD2,
    0x46, 0x0B, 0x87, 0xDF, 0xDA, 0xF4, 0xFA, 0x6E, 0x29, 0x28, 0xBA, 0x24, 0x10, 0xDE, 0x0E, 0xD2,
    0x4B, 0xC5, 0x3A, 0x9B, 0xCA, 0xF5, 0xD1, 0xD1, 0xED, 0x23, 0xFE, 0xCF, 0x5F, 0x36, 0x51, 0x7E,
    0xDC, 0xFC, 0x75, 0xDA, 0x05, 0xFA, 0x40, 0xD8, 0x6D, 0xFF, 0x4C, 0x3F, 0xEF, 0x99, 0xF7, 0x67,
    0x13, 0xB7, 0xA8, 0x38, 0x4E, 0x03, 0x2E, 0x19, 0xB1, 0x7E, 0xBD, 0x5C, 0x45, 0xD2, 0xD1, 0x7A,
    0xD6, 0x26, 0x50, 0xA7, 0x03, 0x31, 0xEB, 0xCD, 0x50, 0xF8, 0xBC, 0x73, 0x94, 0x4D, 0xE4, 0x34,
    0x1D, 0xF8, 0x71, 0xD2, 0x03, 0xC0, 0x19, 0x14, 0x64, 0x11, 0xEE, 0x51, 0x9E, 0xC1, 0x19, 0x47,
    0x87, 0x24, 0x03, 0x1C, 0x62, 0x7A, 0xC5, 0xDC, 0x2B, 0xDA, 0x4A, 0xD1, 0xA1, 0x78, 0xBC, 0xE0,
    0x98, 0x05, 0x0E, 0xD3, 0x60, 0x67, 0xCC, 0xBA, 0x72, 0x46, 0xDB, 0xFC, 0xC5, 0x8C, 0x05, 0x5F,
    0x05, 0x38, 0x4A, 0xFF, 0x2D, 0xC0, 0x99, 0xF9, 0x97, 0x40, 0x12, 0xAC, 0x09, 0x98, 0xFE, 0xB5,
    0x19, 0x73, 0xEF, 0x44, 0xB0, 0x95, 0xE2, 0x3D, 0x30, 0x81, 0xE3, 0x05, 0x87, 0x05, 0xCF, 0xA0,
    0x5C, 0x98, 0x1C, 0x2D, 0x4C, 0xC6, 0x85, 0x49, 0xE0, 0xF6, 0xCC, 0xA4, 0x5B, 0x98, 0x34, 0x8A,
    0x05, 0x8A, 0x47, 0x0B, 0x9E, 0x29, 0x26, 0xA1, 0xEC, 0x39, 0x34, 0xBF, 0x95, 0x89, 0xC3, 0xFC,
    0x37, 0x7D, 0xB9, 0x8C, 0xB2, 0xE5, 0xF0, 0x9E, 0xA2, 0x86, 0xDC, 0x85, 0x01, 0x8E, 0x31, 0xBD,
    0xA6, 0xCB, 0xBC, 0x6E, 0xB6, 0xA2, 0x58, 0x8E, 0x1C, 0xEB, 0x96, 0x9E, 0xAF, 0x18, 0x30, 0x22,
    0x69, 0x50, 0xD4, 0x99, 0xC3, 0x47, 0x94, 0xD2, 0xA1, 0xA3, 0xFA, 0x81, 0xD2, 0x07, 0x02, 0xD6,
    0x2F, 0xAE, 0xA8, 0xD0, 0x3D, 0x0E, 0x32, 0xF1, 0x9C, 0xA9, 0x7B, 0xC8, 0x08, 0xC9, 0xFD, 0xC1,
    0x04, 0x80, 0xE3, 0xAC, 0x03, 0x66, 0x22, 0xBE, 0x06, 0xCE, 0x4A, 0x84, 0xCD, 0xFD, 0xF1, 0x5E,
    0x2A, 0xD4, 0x12, 0xA2, 0xA9, 0xB9, 0xB3, 0xFD, 0xCB, 0xC1, 0x3A, 0x54, 0xF6, 0x8F, 0xD5, 0xE5,
    0xFE, 0x75, 0x75, 0x45, 0x13, 0xD4, 0xB9, 0xA4, 0x53, 0x77, 0x62, 0x44, 0x02, 0x44, 0x75, 0x4A,
    0x64, 0x29, 0xD8, 0xAB, 0x53, 0x22, 0xEA, 0xB4, 0x8C, 0x0D, 0x6A, 0xCB, 0xEF, 0x8B, 0x96, 0x28,
    0x41, 0x0F, 0x99, 0xD7, 0xD4, 0x2C, 0x84, 0x5B, 0x48, 0xE3, 0x2E, 0xD4, 0x79, 0xA8, 0x81, 0xE9,
    0xCA, 0x4D, 0x42, 0x4B, 0xDA, 0xB8, 0xFF, 0x6A, 0xBD, 0x15, 0xF1, 0x89, 0x8C, 0x90, 0x07, 0x80,
    0x74, 0x84, 0x7D, 0x04, 0x94, 0xB0, 0xF0, 0xE5, 0x4A, 0x73, 0x00, 0xD4, 0x0D, 0x40, 0xEB, 0x01,
    0xA4, 0x03, 0x92, 0xAF, 0x7B, 0xC0, 0xFC, 0x77, 0x50, 0xFC, 0xED, 0x08, 0xE4, 0x5D, 0x44, 0x05,
    0xAC, 0x17, 0xBD, 0xA7, 0x80, 0xC3, 0x2D, 0x58, 0x56, 0xB0, 0x5E, 0xA4, 0x45, 0xC5, 0x44, 0x44,
    0x7A, 0xD2, 0x19, 0x03, 0xE6, 0x0F, 0xFF, 0xF8, 0x4F, 0x83, 0x8A, 0x4F, 0xE2, 0x3E, 0xA0, 0xF0,
    0xB0, 0xA1, 0xAC, 0x2E, 0xBA, 0x57, 0xA7, 0x4B, 0xC2, 0x5D, 0x72, 0x48, 0x26, 0x00, 0x33, 0x02,
    0xE4, 0x3D, 0xCB, 0x31, 0x80, 0x23, 0x5E, 0x75, 0xE6, 0x75, 0x05, 0x20, 0x1E, 0x30, 0x5F, 0x87,
    0x65, 0x67, 0x64, 0x99, 0x9E, 0xAF, 0x38, 0xF3, 0x7C, 0x30, 0x0D, 0x94, 0xF2, 0xF7, 0x15, 0x1C,
    0xD5, 0x02, 0xFC, 0x32, 0x1D, 0x5F, 0x75, 0xCE, 0xCD, 0xA3, 0x8B, 0x11, 0xDE, 0xFD, 0x06, 0x5E,
    0xC0, 0xB9, 0xBA, 0xC4, 0x59, 0x31, 0xF9, 0x6A, 0xE1, 0xFC, 0xD5, 0x8E, 0xF3, 0x00, 0xE4, 0x7E,
    0xBC, 0xC8, 0x56, 0x34, 0x27, 0x97, 0x39, 0x03, 0x6B, 0x8A, 0xE6, 0x12, 0xE7, 0xEE, 0x12, 0xE7,
    0xA0, 0x9C, 0xD3, 0xF1, 0xA9, 0x28, 0xA6, 0x85, 0xF3, 0xE9, 0xBE, 0xBB, 0x72, 0x2E, 0xAB, 0x09,
    0x28, 0xFC, 0x9E, 0x49, 0x2A, 0x1D, 0x60, 0x7C, 0x78, 0x8A, 0xFF, 0xAA, 0x98, 0x48, 0x77, 0x69,
    0x84, 0x9B, 0xA7, 0x6C, 0xBF, 0xBE, 0xC4, 0xF6, 0x77, 0x0B, 0xDB, 0xEE, 0x2A, 0xDB, 0x12, 0x77,
    0xC1, 0xF9, 0xE4, 0x79, 0x6C, 0x7B, 0xCC, 0x93, 0xD5, 0xDB, 0xFF, 0x3F, 0xB6, 0xEB, 0x3D, 0x5B,
    0x23, 0x22, 0x5B, 0xC8, 0x76, 0xCE, 0xFE, 0xC7, 0x93, 0xD5, 0x9B, 0x50, 0xFC, 0x6D, 0x00, 0x70,
    0x66, 0x71, 0xA7, 0x3B, 0x17, 0x2F, 0xBB, 0x74, 0x58, 0x9C, 0x09, 0x8B, 0xCB, 0x3B, 0xA3, 0xFD,
    0xAC, 0x37, 0x22, 0x91, 0xB2, 0x59, 0x9C, 0x63, 0x39, 0xD6, 0x8A, 0xA8, 0x93, 0xC5, 0x25, 0xE7,
    0xCA, 0x0F, 0x13, 0x74, 0x53, 0x9E, 0xEA, 0xAC, 0x57, 0xA7, 0x82, 0xD4, 0xB9, 0x0A, 0x4D, 0x56,
    0x2F, 0xD4, 0xB6, 0xD3, 0xCE, 0x91, 0xB4, 0x7F, 0xA8, 0x28, 0x55, 0xA2, 0x3C, 0x7E, 0xD0, 0x99,
    0x08, 0x8D, 0xED, 0x81, 0xD2, 0x03, 0x0E, 0xA0, 0x06, 0x58, 0x03, 0xC4, 0x6B, 0x61, 0x09, 0x39,
    0x65, 0xDF, 0x8D, 0xB2, 0x01, 0x96, 0x54, 0xD9, 0x08, 0xA4, 0xF2, 0xF8, 0x3D, 0x4F, 0x2D, 0xE2,
    0x39, 0x90, 0xB9, 0x24, 0x3F, 0x04, 0xB8, 0x07, 0x50, 0x76, 0x40, 0x12, 0x00, 0x54, 0xC9, 0xFD,
    0xB0, 0x3F, 0xCB, 0xE9, 0x16, 0xCC, 0x00, 0x49, 0x04, 0x36, 0x40, 0x51, 0x41, 0xE6, 0xD9, 0x37,
    0xF4, 0xC4, 0xA8, 0x4D, 0xAB, 0x55, 0x15, 0x81, 0x17, 0xD9, 0x7C, 0x5C, 0x63, 0x1B, 0xB5, 0x08,
    0x7C, 0x43, 0x6C, 0x25, 0xFB, 0xBC, 0xB0, 0x85, 0x74, 0x84, 0x2C, 0x80, 0x6D, 0xE0, 0x2E, 0x2F,
    0xAF, 0xB6, 0x6B, 0xA0, 0xED, 0x48, 0xFF, 0x67, 0x20, 0xEF, 0xD6, 0x14, 0x14, 0x2F, 0xAD, 0x76,
    0xAE, 0x0F, 0x35, 0xDE, 0xA1, 0x1E, 0x5E, 0x9E, 0x66, 0x41, 0x55, 0xDB, 0x0E, 0x13, 0xE0, 0xEC,
    0xA2, 0xA8, 0x9F, 0xB7, 0x6C, 0xC0, 0x84, 0xEF, 0xB2, 0x65, 0xC3, 0x3E, 0x03, 0x45, 0xA7, 0xD9,
    0x37, 0x24, 0x23, 0xA6, 0xBB, 0xE9, 0xE4, 0x75, 0x05, 0xE2, 0x97, 0x85, 0xCB, 0xFA, 0xF8, 0xCC,
    0xA2, 0x65, 0x25, 0x2E, 0xB6, 0xC4, 0x38, 0x6E, 0xC6, 0xEA, 0xEA, 0x22, 0xEF, 0xA5, 0xA7, 0xE0,
    0x1B, 0x56, 0x65, 0x45, 0x1E, 0xC2, 0x8C, 0x5B, 0xB0, 0x9F, 0xFD, 0x5C, 0x3A, 0xAC, 0xA7, 0x18,
    0x14, 0xD3, 0xA8, 0xC8, 0x66, 0x41, 0xB7, 0x60, 0x59, 0x29, 0x16, 0x8D, 0xA2, 0xF5, 0x3B, 0x14,
    0x89, 0x17, 0xF8, 0xCE, 0x67, 0x6F, 0x5E, 0xEC, 0x7F, 0x1A, 0xE9, 0xAA, 0xA7, 0x19, 0xB6, 0x8A,
    0x26, 0x2A, 0x16, 0x61, 0xAE, 0x78, 0x5F, 0xBC, 0x56, 0x9F, 0x60, 0xC7, 0x84, 0xB2, 0x7B, 0x0D,
    0xDA, 0xE9, 0x18, 0xCE, 0x65, 0x84, 0xEE, 0x4E, 0xCF, 0xD3, 0x26, 0x40, 0x94, 0x46, 0xA1, 0x53,
    0x08, 0x10, 0xB7, 0x23, 0xC4, 0x18, 0x15, 0x5A, 0x05, 0x57, 0xCD, 0x50, 0xF8, 0x19, 0xF2, 0x7E,
    0x06, 0x33, 0xCC, 0x90, 0xC4, 0x19, 0xD8, 0x2A, 0x38, 0x85, 0xD2, 0xCF, 0x60, 0xBB, 0x19, 0xB2,
    0x30, 0x83, 0x19, 0x67, 0x60, 0x52, 0x68, 0x15, 0x9C, 0x42, 0xA1, 0x90, 0x2B, 0x98, 0x48, 0xFA,
    0x21, 0x80, 0xB9, 0x7C, 0xB7, 0x58, 0xF3, 0xF4, 0xCE, 0xCB, 0x74, 0x3C, 0xDB, 0x0E, 0xE4, 0x1C,
    0x76, 0x57, 0xC2, 0x44, 0xFE, 0xE1, 0xE3, 0x81, 0x6C, 0x24, 0x9D, 0xB0, 0x1D, 0xD4, 0x94, 0x0D,
    0xB3, 0x39, 0xC0, 0xFA, 0x53, 0x58, 0xE6, 0x3E, 0x64, 0x7D, 0x04, 0x4C, 0xB8, 0x1E, 0x77, 0x91,
    0xBB, 0x5E, 0xBB, 0x0C, 0xBB, 0x6C, 0xBB, 0xCC, 0x4B, 0x95, 0x7D, 0xC5, 0xA5, 0xBA, 0x32, 0x19,
    0x01, 0x78, 0x17, 0x80, 0xED, 0xD3, 0x9B, 0xDE, 0x2C, 0xB0, 0xF4, 0x07, 0xB8, 0xCB, 0xAB, 0xCE,
    0xFF, 0x07, 0x15, 0x80, 0xF3, 0x00, 0x12, 0x00, 0xF3, 0x24, 0x2E, 0x49, 0x34, 0x55, 0x89, 0x6D,
    0x5E, 0x71, 0xFE, 0x6F, 0x50, 0x41, 0x3E, 0xA5, 0x1E, 0x4A, 0xF9, 0xC0, 0xC3, 0x51, 0x21, 0x15,
    0xBC, 0x9E, 0x4C, 0xBC, 0xDA, 0xCC, 0x75, 0x81, 0xD0, 0x60, 0x77, 0xF1, 0x1B, 0x78, 0xB5, 0x39,
    0xFF, 0x08, 0x7E, 0xB1, 0x26, 0x19, 0x5D, 0x95, 0x05, 0xDB, 0x15, 0xDE, 0x0C, 0x35, 0x6C, 0x23,
    0xB8, 0x00, 0x85, 0x76, 0x1D, 0x48, 0xA6, 0x69, 0x79, 0x97, 0x50, 0x78, 0xDB, 0xD5, 0x98, 0xE1,
    0x18, 0x86, 0xDB, 0x30, 0x6F, 0x70, 0x6B, 0x51, 0x54, 0x54, 0x38, 0x11, 0x59, 0xF2, 0x4F, 0x5A,
    0xCB, 0x6C, 0x55, 0x91, 0x11, 0x55, 0x64, 0xBF, 0xF4, 0x0E, 0xCA, 0x9F, 0xA9, 0xA2, 0xD3, 0x45,
    0x51, 0x54, 0x45, 0x26, 0x28, 0xF3, 0xBC, 0x53, 0x2C, 0x1A, 0x45, 0x87, 0xE2, 0x5A, 0x31, 0x19,
    0x55, 0x91, 0x09, 0xAA, 0xC8, 0x7A, 0x55, 0x54, 0x56, 0x3A, 0xB0, 0x5B, 0x55, 0x54, 0x44, 0xA8,
    0xC9, 0x17, 0x45, 0xD9, 0xA2, 0xC8, 0x8A, 0x2A, 0x2A, 0x55, 0x91, 0x32, 0x02, 0xF8, 0xF3, 0xA7,
    0xF7, 0x5C, 0x1D, 0x60, 0x02, 0xC0, 0x08, 0x70, 0xC8, 0xA5, 0x16, 0xF5, 0xD0, 0x4D, 0xC3, 0x04,
    0x59, 0xD8, 0x40, 0xDE, 0xBB, 0xE5, 0x3C, 0xE8, 0x4A, 0x6B, 0xB7, 0xF7, 0x85, 0x54, 0x94, 0x61,
    0x29, 0x0D, 0x70, 0xF0, 0x70, 0xC7, 0x6D, 0xCF, 0xF2, 0x74, 0xCF, 0x8F, 0xB4, 0x7F, 0x25, 0xF8,
    0x25, 0x1F, 0x01, 0x26, 0x02, 0x56, 0x80, 0xF2, 0x9D, 0x06, 0x4E, 0xB2, 0x8E, 0x64, 0x48, 0x86,
    0x57, 0x81, 0xDF, 0xDD, 0xB4, 0x07, 0x67, 0xC2, 0xFE, 0x17, 0xF0, 0x2A, 0xB0, 0x22, 0x1B, 0x9E,
    0x39, 0xAB, 0x27, 0x00, 0x03, 0x97, 0xDA, 0x06, 0xD2, 0xD1, 0x69, 0xBE, 0xB2, 0x21, 0xEF, 0xAD,
    0xC7, 0xFA, 0xBC, 0xA7, 0x6C, 0xCC, 0x80, 0x23, 0x89, 0x4C, 0x30, 0xCD, 0x8E, 0xDA, 0x0C, 0xE0,
    0x7E, 0x1A, 0xA0, 0xF8, 0xB4, 0x03, 0x2B, 0x1E, 0x32, 0x01, 0xD2, 0x2D, 0x40, 0xFC, 0x76, 0xF0,
    0x9C, 0x1B, 0xCD, 0x0A, 0x91, 0x69, 0x36, 0xF1, 0x91, 0x32, 0x44, 0xCC, 0x10, 0x49, 0xAE, 0xBE,
    0x51, 0x9D, 0x2D, 0x1D, 0x22, 0x79, 0x98, 0xDE, 0x6A, 0x3B, 0x11, 0x41, 0xE4, 0x0B, 0x22, 0x5C,
    0x35, 0xF4, 0x23, 0x07, 0xA9, 0x48, 0x45, 0x21, 0x12, 0xA8, 0x1F, 0xE6, 0x23, 0x1B, 0xD5, 0x13,
    0xE1, 0x02, 0xCC, 0x40, 0xC4, 0xF6, 0x44, 0xEA, 0x8A, 0xA8, 0x2A, 0xA3, 0x09, 0x17, 0x30, 0x42,
    0x4C, 0xA4, 0xD2, 0xA3, 0x1A, 0x92, 0x6B, 0x8F, 0x44, 0x88, 0xE0, 0x9A, 0x08, 0x85, 0x8F, 0x60,
    0xF7, 0x70, 0x8B, 0xB2, 0x89, 0xC5, 0xFB, 0x52, 0xC5, 0x42, 0x26, 0xE2, 0x81, 0xF4, 0xF0, 0x6B,
    0x40, 0x00, 0x57, 0x69, 0x08, 0xA4, 0x01, 0xF8, 0x2B, 0x2E, 0xDA, 0x83, 0x2D, 0xB9, 0x48, 0x97,
    0xFF, 0xFE, 0xC1, 0x90, 0x90, 0x8E, 0xCF, 0x08, 0xF8, 0x58, 0x62, 0x2E, 0x12, 0xDD, 0xF9, 0x2A,
    0xB6, 0x10, 0xA7, 0x8B, 0x11, 0x48, 0xE3, 0x86, 0x3C, 0xD6, 0x8F, 0x37, 0xB1, 0x94, 0xF1, 0x2C,
    0x95, 0x87, 0xC7, 0xF0, 0x83, 0x46, 0x29, 0x3D, 0x7D, 0x1C, 0xEA, 0xE1, 0xA0, 0xBA, 0xF9, 0x3A,
    0x7A, 0x85, 0x28, 0x06, 0x70, 0x1A, 0xE5, 0x2A, 0xD3, 0xE7, 0xDD, 0x41, 0x95, 0x3C, 0xBC, 0xE9,
    0x3A, 0xC9, 0x96, 0x5F, 0x66, 0xF2, 0x9F, 0xC1, 0x7E, 0x20, 0xFD, 0x9F, 0x50, 0x37, 0x37, 0x9D,
    0x3F, 0xED, 0xEF, 0x62, 0x82, 0x43, 0x3D, 0xC0, 0x0D, 0xE6, 0x8F, 0x07, 0xD2, 0x44, 0x8A, 0x2F,
    0xA0, 0x9E, 0xE0, 0x93, 0x1F, 0x42, 0xB0, 0xF0, 0xE8, 0x2E, 0xB8, 0x08, 0x79, 0xCF, 0x8D, 0x8F,
    0x55, 0x3B, 0x26, 0x6D, 0x8F, 0x15, 0xC9, 0x65, 0xC2, 0x3E, 0x6E, 0xBF, 0x7C, 0xDC, 0x56, 0xB7,
    0xC8, 0x27, 0x0A, 0x0F, 0x66, 0x24, 0xEF, 0x2E, 0x5E, 0x3A, 0x2C, 0x2E, 0x69, 0x65, 0x6E, 0xC1,
    0xCA, 0xE2, 0xDC, 0xEF, 0xE7, 0x6F, 0xA3, 0xAB, 0x37, 0xDA, 0xE5, 0x38, 0xD3, 0xCE, 0x45, 0xED,
    0xA7, 0x2E, 0x8F, 0xC0, 0x96, 0xA2, 0x85, 0xAA, 0xFE, 0xD5, 0xE4, 0xE6, 0x17, 0x04, 0xA5, 0x0C,
    0xB9, 0x88, 0x9F, 0x65, 0xD2, 0x9E, 0x43, 0xB9, 0xAD, 0x52, 0x11, 0x6F, 0xCF, 0xEF, 0x37, 0xA5,
    0x07, 0x07, 0x6C, 0x80, 0xE9, 0x9A, 0xAF, 0xBD, 0xEE, 0x79, 0x5F, 0x7B, 0xB3, 0x06, 0x6C, 0x03,
    0xF9, 0x00, 0xFB, 0xF7, 0xF8, 0xBC, 0x15, 0xA1, 0x1D, 0x66, 0x6B, 0x76, 0xD7, 0xFE, 0x09, 0xA8,
    0x81, 0xA2, 0x81, 0xAC, 0x03, 0x1E, 0x5E, 0x1A, 0xCD, 0x71, 0x99, 0xEA, 0xF6, 0xFC, 0x41, 0x57,
    0x36, 0x99, 0x9E, 0xDB, 0xF1, 0x04, 0xE2, 0x19, 0x44, 0x11, 0x59, 0x6C, 0x5A, 0xAD, 0xDE, 0x7C,
    0x0E, 0x8F, 0xDB, 0xF6, 0xFC, 0xE7, 0x43, 0x2A, 0x12, 0x28, 0xB7, 0xCD, 0x6E, 0x95, 0x6E, 0x21,
    0x89, 0x60, 0x02, 0xE4, 0x1E, 0xFE, 0x98, 0x9B, 0xAF, 0xF3, 0xFD, 0x06, 0xCA, 0x1E, 0xDA, 0x91,
    0x64, 0x5C, 0x93, 0x75, 0x45, 0x75, 0x40, 0x5A, 0xDD, 0x74, 0x9D, 0xAB, 0xFF, 0xD2, 0x6F, 0x28,
    0x7F, 0xD8, 0xE7, 0xAF, 0xDE, 0xA5, 0xA6, 0xF4, 0x79, 0x97, 0x06, 0xCE, 0x00, 0x4C, 0xF8, 0xE6,
    0x3F, 0x7E, 0x9D, 0x46, 0xFD, 0xBE, 0x58, 0x56, 0x47, 0x00, 0xB8, 0x6F, 0xFE, 0xDB, 0x9F, 0x96,
    0x86, 0x44, 0x3A, 0xB2, 0xAF, 0x06, 0x6C, 0xF3, 0xEC, 0x23, 0x3C, 0xEE, 0x46, 0xEC, 0x39, 0x8F,
    0xEA, 0x26, 0x7C, 0x97, 0x8D, 0xDB, 0x00, 0xF7, 0xF8, 0x04, 0xEA, 0xCF, 0x47, 0xC8, 0x2F, 0xD6,
    0xCA, 0x5A, 0x7F, 0x6D, 0xF3, 0x00, 0x1F, 0x9A, 0x01, 0x20, 0x02, 0x9C, 0xC2, 0x83, 0x73, 0x87,
    0x11, 0xF9, 0xB2, 0x9A, 0xE7, 0x85, 0x34, 0xAE, 0xA1, 0x6D, 0x6A, 0x70, 0x7E, 0xFD, 0xEC, 0x3A,
    0x73, 0x01, 0xCD, 0x1A, 0xCA, 0x4A, 0x43, 0x28, 0x3D, 0x5B, 0xE6, 0x6E, 0x91, 0x54, 0xA4, 0x87,
    0x72, 0x0B, 0xE9, 0x79, 0xD2, 0x59, 0xF9, 0xDC, 0x17, 0xEF, 0x48, 0xF3, 0x93, 0x64, 0x03, 0xFB,
    0x36, 0xDE, 0xD9, 0x32, 0x8A, 0x74, 0x72, 0xFE, 0x20, 0x48, 0x63, 0x46, 0x21, 0xD9, 0x5D, 0x5F,
    0xBE, 0xA5, 0xF1, 0x2E, 0x40, 0x0D, 0x68, 0x79, 0xC8, 0x7A, 0x20, 0x19, 0x00, 0x7E, 0xC4, 0xE5,
    0xA6, 0x64, 0x94, 0x96, 0x12, 0x1C, 0x77, 0x54, 0x1D, 0x38, 0x36, 0x50, 0x36, 0xD3, 0x0B, 0xC4,
    0xED, 0x54, 0x9F, 0xAA, 0xC2, 0x25, 0xB8, 0xD0, 0x6E, 0xF9, 0xB3, 0x0A, 0xE1, 0xFB, 0x0F, 0xF7,
    0xD5, 0x77, 0x3C, 0x22, 0x60, 0x02, 0x90, 0x56, 0x2F, 0x89, 0x41, 0xFA, 0x21, 0x60, 0xC7, 0x7D,
    0x0D, 0xD6, 0x65, 0x43, 0x3A, 0x64, 0xBD, 0x12, 0xF8, 0xC5, 0xCB, 0x61, 0xB0, 0xA9, 0x0E, 0x31,
    0x72, 0x3E, 0x92, 0x7D, 0x2E, 0x81, 0x9C, 0x07, 0xCD, 0xCB, 0xA9, 0xBB, 0x4C, 0x91, 0x68, 0xFD,
    0xFE, 0x17, 0xF0, 0x72, 0xEA, 0xBE, 0xE0, 0xC3, 0xA2, 0xEC, 0xDB, 0x6A, 0x6E, 0x00, 0xF0, 0xDC,
    0xD8, 0x5B, 0x9A, 0xA5, 0xD0, 0x7C, 0x3A, 0x5F, 0xDE, 0x8B, 0x94, 0xDE, 0x28, 0xB5, 0x4C, 0xD8,
    0x50, 0x7C, 0x59, 0x4D, 0xB8, 0xA2, 0x89, 0xAA, 0x2B, 0xA6, 0xC3, 0x0C, 0x59, 0x3F, 0x83, 0xF5,
    0xD6, 0x4F, 0x4E, 0xA9, 0xAD, 0x29, 0x1B, 0x37, 0xE2, 0x28, 0x03, 0xFB, 0x09, 0x57, 0x2A, 0xB5,
    0x23, 0xA5, 0xF6, 0x3D, 0xE0, 0x1B, 0xD7, 0xA9, 0xEF, 0xFA, 0x3F, 0x08, 0x5A, 0xF2, 0xE8, 0x1E,
    0xB7, 0xB1, 0x90, 0xA8, 0xAB, 0xFE, 0xD9, 0xF5, 0xEB, 0xD4, 0x0D, 0xD6, 0x39, 0xD8, 0xAF, 0x53,
    0xF5, 0x33, 0xEB, 0x54, 0x73, 0xD3, 0x75, 0xAE, 0xAE, 0x53, 0x37, 0x98, 0x3F, 0x6A, 0x7E, 0xB0,
    0x01, 0x28, 0x3C, 0xE0, 0x00, 0xCE, 0x80, 0x24, 0x70, 0xA9, 0x39, 0xC8, 0xBB, 0xE5, 0x99, 0xBE,
    0xF0, 0xBB, 0x57, 0x9F, 0xAE, 0xCA, 0x7B, 0x1C, 0x26, 0x70, 0x4A, 0x3A, 0x10, 0x49, 0xC6, 0x85,
    0x50, 0x3A, 0xC0, 0xDA, 0x04, 0x70, 0x59, 0x0F, 0x65, 0xDE, 0x41, 0xF1, 0x33, 0x0F, 0xF6, 0xD3,
    0x06, 0xF2, 0x2F, 0x01, 0x23, 0x40, 0x3A, 0x01, 0x49, 0x54, 0x18, 0x41, 0x33, 0xC0, 0xFE, 0x93,
    0xD1, 0x9E, 0xCA, 0x9F, 0xB5, 0x15, 0xB8, 0x09, 0x70, 0x3D, 0x10, 0xAF, 0xB3, 0x3B, 0x13, 0xB1,
    0x15, 0xBF, 0xBB, 0x6C, 0xA7, 0x51, 0x60, 0x9A, 0xE0, 0x34, 0x82, 0xBB, 0x6A, 0x13, 0xD4, 0x5B,
    0xD8, 0x68, 0x8C, 0xC6, 0x6A, 0x9F, 0x28, 0xE2, 0x97, 0x1C, 0x70, 0xAD, 0x5D, 0x3F, 0xB1, 0x97,
    0xF9, 0xEB, 0xC0, 0xED, 0x67, 0x68, 0xC3, 0x06, 0xEB, 0x89, 0x2A, 0x29, 0x92, 0xF5, 0xE9, 0xC0,
    0xB2, 0xC2, 0x27, 0x7A, 0x11, 0x24, 0xAA, 0xD0, 0x33, 0x4D, 0x75, 0x5A, 0x34, 0xE0, 0x4A, 0xA0,
    0x74, 0x80, 0x5D, 0x03, 0x79, 0x04, 0xB2, 0x11, 0x30, 0x17, 0x23, 0xA3, 0xBD, 0xC8, 0x3D, 0x60,
    0x15, 0x5C, 0x05, 0x6F, 0x6D, 0x81, 0x36, 0x02, 0x75, 0x07, 0xFC, 0x2F, 0xCD, 0x9B, 0x31, 0x90,
    0xE4, 0xC6, 0x75, 0x86, 0x3F, 0x00, 0xBA, 0x45, 0x51, 0x08, 0xE0, 0x2A, 0x91, 0x55, 0x96, 0x58,
    0x26, 0x12, 0x3A, 0xB0, 0xCA, 0x14, 0x52, 0x05, 0xC7, 0x6D, 0xB8, 0x1C, 0x38, 0x14, 0x03, 0x8E,
    0xA4, 0xE2, 0x05, 0x64, 0xE4, 0xB2, 0x4B, 0xC1, 0x3A, 0x70, 0xC0, 0xE0, 0x76, 0x01, 0xE7, 0x81,
    0x2F, 0xB0, 0xEC, 0xC0, 0x81, 0x1C, 0x58, 0x55, 0x2A, 0x2A, 0xA0, 0x02, 0x06, 0x0C, 0x6E, 0x67,
    0xDA, 0x4A, 0x1D, 0x08, 0x76, 0xF9, 0x62, 0xC3, 0x36, 0xAF, 0x5C, 0x8A, 0xDC, 0x96, 0x40, 0x13,
    0x7B, 0x6C, 0xCC, 0x73, 0xBF, 0xEB, 0x9A, 0x99, 0xDD, 0xD5, 0x92, 0xBA, 0x3B, 0xCE, 0x2D, 0xB7,
    0x07, 0xFD, 0xF5, 0xEC, 0x74, 0xF7, 0x7B, 0xFD, 0xFE, 0xC6, 0xEC, 0x0C, 0x1A, 0x3D, 0x94, 0x22,
    0x10, 0xC9, 0xAD, 0xC5, 0x82, 0x6D, 0xAA, 0x3A, 0xA5, 0xB1, 0xCA, 0xB6, 0x57, 0xAE, 0x9C, 0xF2,
    0x91, 0x32, 0xF9, 0x78, 0x02, 0x32, 0xE7, 0x95, 0xC3, 0x29, 0x50, 0xF4, 0x87, 0x40, 0x69, 0x0D,
    0xDA, 0x55, 0x3B, 0x1B, 0x4A, 0xAB, 0x2C, 0x7A, 0x38, 0x25, 0x1F, 0x40, 0x44, 0x1C, 0x49, 0xE0,
    0x48, 0xFA, 0xE8, 0xBD, 0xF7, 0x3C, 0x99, 0x03, 0x8F, 0x56, 0x2D, 0x89, 0x8D, 0xAB, 0xC0, 0xBA,
    0xA9, 0x1B, 0xA8, 0xAC, 0x41, 0x0D, 0x9E, 0x00, 0xC5, 0x90, 0x2C, 0x16, 0x4D, 0x26, 0x62, 0x35,
    0xB3, 0x49, 0x47, 0x6B, 0x0A, 0x91, 0xBE, 0x38, 0x3B, 0x1A, 0x13, 0xD2, 0x09, 0xF0, 0xDB, 0xFC,
    0xBE, 0xF8, 0x50, 0xE7, 0xCD, 0xD9, 0xC2, 0xAF, 0xC0, 0xCF, 0xE0, 0xBD, 0x66, 0x52, 0xBF, 0xA4,
    0xF0, 0xED, 0xC3, 0xA5, 0xAF, 0x65, 0xBA, 0x9F, 0xCA, 0xBD, 0xBB, 0xDC, 0xE2, 0x00, 0x28, 0x29,
    0x81, 0xA2, 0xAB, 0x81, 0x4C, 0x3C, 0x90, 0xC8, 0x08, 0xF0, 0x12, 0x57, 0xAB, 0x62, 0xCE, 0xA9,
    0x32, 0x8F, 0x40, 0x32, 0x4E, 0x40, 0x1A, 0x55, 0x71, 0xC7, 0x40, 0xDE, 0xC7, 0x20, 0x6A, 0xA5,
    0xAA, 0x42, 0xDD, 0xEC, 0x54, 0x39, 0xD9, 0xA9, 0xA2, 0x9C, 0x48, 0xD7, 0x1B, 0x55, 0x66, 0xAD,
    0xE2, 0x44, 0x9B, 0xA9, 0x90, 0x51, 0x95, 0x6E, 0xA7, 0x4A, 0x8B, 0xAA, 0x92, 0x77, 0x69, 0x9F,
    0xD9, 0xF0, 0x38, 0x3B, 0xEA, 0x10, 0x81, 0x7A, 0xE2, 0xA9, 0xD4, 0xE9, 0xF1, 0xAB, 0xAD, 0x32,
    0x49, 0xC8, 0x59, 0x54, 0xE7, 0xC1, 0x4E, 0x1D, 0xF5, 0x7C, 0xEE, 0x4C, 0x50, 0x22, 0x83, 0xF2,
    0x13, 0x07, 0xA4, 0xFF, 0x3B, 0xA2, 0xD1, 0x4E, 0x40, 0x3E, 0xF8, 0x38, 0x65, 0x28, 0x0D, 0x9B,
    0xA9, 0x34, 0x68, 0xE4, 0x27, 0x1A, 0x06, 0xA7, 0x14, 0xFD, 0xF6, 0x4C, 0x50, 0x66, 0x8F, 0xDE,
    0xFB, 0xE9, 0x44, 0xEE, 0xC0, 0xA3, 0x55, 0x33, 0xDA, 0xAC, 0x25, 0x9E, 0x42, 0x06, 0xA8, 0x3B,
    0x65, 0x65, 0x4F, 0x81, 0xB2, 0x47, 0xA9, 0xE0, 0xB6, 0x82, 0x0F, 0x14, 0x38, 0x05, 0x13, 0xBB,
    0xD1, 0x19, 0x25, 0xB7, 0x9A, 0xAD, 0x0E, 0xBF, 0x7C, 0xE6, 0xB3, 0xC4, 0x1F, 0x48, 0xE7, 0x75,
    0x7A, 0x21, 0xB3, 0x50, 0x42, 0xCC, 0x3F, 0x84, 0x72, 0x0D, 0xE9, 0x0C, 0xFC, 0x04, 0x48, 0xE3,
    0xC4, 0x6F, 0x86, 0x59, 0x35, 0xC0, 0xEB, 0x9C, 0x4F, 0xC9, 0xEA, 0x51, 0x43, 0x2D, 0x32, 0x20,
    0x0F, 0x8F, 0xFA, 0xCC, 0x43, 0x57, 0x0E, 0x40, 0x6D, 0x01, 0x03, 0xD0, 0x2A, 0x4E, 0x15, 0xFE,
    0xF3, 0x10, 0x9B, 0x9C, 0xB0, 0xE9, 0x56, 0x77, 0x80, 0x9A, 0x22, 0x9F, 0x80, 0x54, 0x1E, 0xFE,
    0xC0, 0xD2, 0x8A, 0x58, 0x0E, 0x64, 0xDD, 0xC0, 0x37, 0x1A, 0x68, 0x1B, 0x98, 0x21, 0x1B, 0xA1,
    0xB0, 0xF0, 0x02, 0xBB, 0x54, 0xAF, 0x9B, 0x34, 0x34, 0x2E, 0xCF, 0xEE, 0x74, 0xB5, 0x8D, 0x26,
    0x97, 0xC0, 0x0C, 0xF8, 0x4B, 0x79, 0x26, 0xD6, 0x19, 0xE2, 0xB0, 0x43, 0x9F, 0xF8, 0xAE, 0x3C,
    0x52, 0x3F, 0xDF, 0x04, 0x58, 0x75, 0x90, 0x48, 0x0F, 0xF9, 0xAF, 0x47, 0x28, 0x3B, 0x0F, 0x87,
    0xD4, 0x37, 0x41, 0x87, 0x83, 0x0E, 0x6A, 0x07, 0xAD, 0x27, 0x99, 0x5A, 0xF2, 0xBE, 0xB4, 0x07,
    0x24, 0xDD, 0xFE, 0x75, 0x78, 0x85, 0x58, 0x15, 0x11, 0xFF, 0x84, 0x9B, 0x20, 0x41, 0xD1, 0x41,
    0x69, 0x63, 0xCE, 0x3B, 0xE0, 0xAA, 0xD3, 0xE0, 0x07, 0x5F, 0x2C, 0xFC, 0x57, 0x39, 0x80, 0xBA,
    0x39, 0x81, 0xE2, 0x5F, 0x26, 0xC8, 0x3E, 0x75, 0x80, 0x58, 0xA0, 0x6D, 0x6E, 0x80, 0x06, 0x3A,
    0xE5, 0x3A, 0xF5, 0x7A, 0x0A, 0xD0, 0x7A, 0xA8, 0x1D, 0x1C, 0x74, 0x7B, 0x7F, 0x3B, 0xA4, 0x2E,
    0x19, 0xE1, 0xB4, 0xE8, 0xA1, 0x3E, 0x6A, 0xA0, 0x9C, 0x81, 0x6C, 0xE2, 0x5C, 0x12, 0x39, 0x53,
    0xC8, 0xC0, 0xBC, 0x38, 0x9A, 0xF1, 0x24, 0xD2, 0x78, 0xB5, 0x14, 0x50, 0x0C, 0x01, 0x99, 0x0B,
    0x48, 0xC7, 0x80, 0x64, 0x0A, 0xC0, 0x5F, 0x0D, 0x12, 0xBF, 0x69, 0x92, 0x69, 0xE3, 0x5C, 0xBB,
    0x95, 0x6A, 0xC0, 0x58, 0x35, 0x1A, 0xCC, 0xAF, 0x7C, 0x74, 0xA4, 0x2E, 0x01, 0x4C, 0x61, 0x95,
    0x65, 0x64, 0xA3, 0xAC, 0x50, 0xFE, 0x21, 0x4A, 0x36, 0x6C, 0x3F, 0x0A, 0xCC, 0x44, 0x8C, 0x06,
    0x77, 0x24, 0x6A, 0x31, 0x15, 0x68, 0x41, 0x60, 0x09, 0x2B, 0x98, 0xA1, 0x05, 0x75, 0x76, 0x15,
    0x67, 0x25, 0x4B, 0x68, 0x37, 0xBD, 0x4C, 0x97, 0xCA, 0xC6, 0x5A, 0x2E, 0x52, 0xA3, 0x5E, 0x02,
    0x4B, 0x91, 0x7B, 0x28, 0xD7, 0x81, 0x0F, 0xDE, 0x92, 0x9E, 0xD2, 0x52, 0x8D, 0xCA, 0xD4, 0x2B,
    0x59, 0x2A, 0xB7, 0x9F, 0x88, 0xCA, 0xAA, 0x53, 0x96, 0x36, 0x52, 0xC4, 0x6F, 0xF9, 0xF6, 0x83,
    0x37, 0xB7, 0xAF, 0xEF, 0x5A, 0x9A, 0x66, 0x67, 0x61, 0xAD, 0xCC, 0xBC, 0xB2, 0x72, 0xC1, 0xE3,
    0x1D, 0xB1, 0xEA, 0x7D, 0xDE, 0x8C, 0x04, 0x30, 0x11, 0xDC, 0x5A, 0xB4, 0xC1, 0x9A, 0x1A, 0x56,
    0x6C, 0x2B, 0xA2, 0x3C, 0xAA, 0x4E, 0x0C, 0x47, 0xB5, 0x89, 0x41, 0xAA, 0x32, 0x51, 0x18, 0x0F,
    0xE6, 0x32, 0x66, 0x85, 0x4A, 0x12, 0x1B, 0xAB, 0x20, 0xD1, 0x40, 0x26, 0xEB, 0x1A, 0x55, 0x43,
    0xFD, 0x68, 0xDE, 0x7E, 0x2B, 0xD3, 0xC9, 0xD3, 0x3C, 0x2F, 0x16, 0x8D, 0x07, 0x3E, 0x2B, 0x87,
    0x7A, 0x6D, 0xDB, 0x69, 0xF6, 0xC0, 0x6F, 0x69, 0xDB, 0x6C, 0xEC, 0x5E, 0xFD, 0x15, 0x6B, 0x22,
    0x15, 0x69, 0xC2, 0xD0, 0xFA, 0xBA, 0xCB, 0x9D, 0x21, 0x9D, 0x8E, 0xC1, 0xDF, 0x07, 0x2F, 0x22,
    0x8F, 0x73, 0xB0, 0xF1, 0xE6, 0x15, 0xEF, 0x84, 0xDF, 0x29, 0x1F, 0xBD, 0x35, 0x86, 0xBE, 0x23,
    0xB5, 0x74, 0x2F, 0x70, 0x8B, 0x52, 0x1F, 0xDD, 0x31, 0xB9, 0x78, 0x12, 0x19, 0xE0, 0x25, 0xAE,
    0x25, 0xAE, 0xBC, 0xC9, 0xBB, 0xBC, 0x2B, 0x9A, 0xEC, 0x61, 0x4B, 0x22, 0x1E, 0x8E, 0x06, 0xF6,
    0x12, 0xDF, 0xD9, 0xE3, 0xF8, 0x1C, 0xF5, 0xBA, 0xE3, 0x15, 0xC0, 0xC4, 0xAC, 0xCF, 0xE1, 0x7A,
    0x62, 0xBB, 0xE2, 0xBF, 0xF9, 0xDE, 0x63, 0x7B, 0xDE, 0x31, 0x44, 0xC1, 0xBE, 0x0D, 0xB8, 0x98,
    0x19, 0x01, 0x7D, 0xBD, 0x0D, 0xF9, 0x56, 0xF3, 0xC5, 0xE2, 0xB8, 0xE3, 0x62, 0x1C, 0xD2, 0x43,
    0xD1, 0x44, 0x5F, 0xB7, 0x63, 0xE6, 0xF0, 0x1D, 0x30, 0x0E, 0x0A, 0x57, 0x53, 0x51, 0xF4, 0xA7,
    0xA4, 0xFF, 0x37, 0xC2, 0xAA, 0x07, 0xD3, 0x5D, 0xDB, 0x1C, 0x1E, 0x90, 0x76, 0x79, 0x5F, 0x35,
    0xC9, 0x74, 0x0A, 0xAB, 0x09, 0xEA, 0x01, 0xBE, 0xDA, 0xED, 0x7D, 0x1E, 0xA3, 0x51, 0xB5, 0x0E,
    0xED, 0x08, 0x89, 0x9F, 0x21, 0x1B, 0x4C, 0x43, 0xD9, 0x15, 0xF6, 0xC2, 0xA7, 0xB2, 0xDC, 0xA3,
    0x12, 0x99, 0x59, 0xFD, 0xF2, 0x8E, 0xCF, 0x66, 0xF8, 0xDD, 0xC2, 0x01, 0x95, 0x05, 0x4C, 0x73,
    0xE1, 0x53, 0x79, 0x56, 0xF8, 0x08, 0x16, 0x0B, 0x4F, 0x22, 0xF2, 0x18, 0x33, 0x60, 0x4E, 0x15,
    0xAD, 0xC2, 0x28, 0x6A, 0x1B, 0x50, 0x0E, 0x01, 0xF9, 0x1C, 0x90, 0xC8, 0x2F, 0xDF, 0x12, 0x6A,
    0x11, 0x51, 0x97, 0x7F, 0x43, 0xE9, 0xA0, 0x9E, 0xE0, 0x64, 0x49, 0x32, 0x55, 0x41, 0x93, 0x7C,
    0x00, 0x80, 0xF8, 0xF1, 0x90, 0x89, 0xD4, 0x41, 0x03, 0xA9, 0x6D, 0x2A, 0x06, 0x64, 0x09, 0xAD,
    0x9A, 0xF1, 0x97, 0xB2, 0xBE, 0xA6, 0x75, 0x2D, 0x88, 0xFE, 0x5F, 0xD5, 0x3E, 0xA1, 0xAF, 0x89,
    0x1F, 0x64, 0x6C, 0x72, 0x0B, 0xAC, 0x5F, 0x24, 0xF5, 0xF5, 0xC3, 0xA3, 0xB1, 0x16, 0xE9, 0x0F,
    0x56, 0x6B, 0x38, 0x20, 0x6D, 0x28, 0x9A, 0xBC, 0x23, 0x7F, 0x78, 0xD4, 0x90, 0xCA, 0x8C, 0x3A,
    0xE7, 0x73, 0xE5, 0x79, 0xF1, 0x89, 0xE4, 0x49, 0xF4, 0xDA, 0xEE, 0xD9, 0xE5, 0xC9, 0x6C, 0x6A,
    0x33, 0x1B, 0xB8, 0xBD, 0xD6, 0x1B, 0xB9, 0x76, 0x79, 0x28, 0x1A, 0xA0, 0xB4, 0x11, 0xF1, 0x4F,
    0x80, 0x1B, 0x70, 0xF6, 0xA4, 0x3D, 0x64, 0x2E, 0x66, 0x7D, 0x0E, 0xD7, 0x2D, 0xCF, 0x97, 0x17,
    0xFB, 0xB9, 0x94, 0x0F, 0x40, 0x61, 0x81, 0xB2, 0x03, 0x2A, 0x80, 0xD7, 0x14, 0x3F, 0x83, 0x44,
    0xE5, 0xE9, 0x63, 0x75, 0x69, 0xAF, 0x5F, 0x9E, 0xCC, 0x03, 0xC5, 0x1A, 0xA8, 0xDE, 0x6F, 0xE0,
    0xA4, 0xE8, 0x49, 0xC6, 0x64, 0x64, 0x97, 0x3C, 0x64, 0xEE, 0xA9, 0x10, 0x56, 0x4C, 0x7E, 0xEA,
    0x24, 0xA4, 0x88, 0x58, 0xF1, 0xD4, 0xE0, 0x9B, 0x00, 0xAC, 0x3A, 0x20, 0x95, 0x01, 0x28, 0xFE,
    0x73, 0x04, 0xAA, 0xE6, 0x18, 0xE2, 0xE5, 0xCC, 0xC5, 0x64, 0x9E, 0x9C, 0x07, 0xD2, 0x05, 0x1A,
    0x19, 0x03, 0xD7, 0x77, 0x7C, 0xE0, 0xC0, 0x3A, 0xD0, 0xD2, 0x06, 0x36, 0x18, 0xF6, 0x75, 0x64,
    0x0E, 0x4A, 0x7B, 0x75, 0xF1, 0xBD, 0x8F, 0x17, 0x8B, 0xB7, 0x1F, 0x34, 0xF2, 0x38, 0x59, 0x89,
    0xC5, 0xD5, 0x1D, 0xB4, 0x65, 0x28, 0xB4, 0xC5, 0xAE, 0xD0, 0xBA, 0x3D, 0x15, 0x7A, 0x70, 0x0E,
    0xEA, 0x20, 0xE2, 0xED, 0x07, 0x8B, 0x86, 0x58, 0xF1, 0x4F, 0xAB, 0x8F, 0x28, 0xFF, 0x59, 0x84,
    0x52, 0x7E, 0xB8, 0xB2, 0xA5, 0xA7, 0xEC, 0x4B, 0x47, 0xEE, 0xCA, 0x81, 0xCC, 0x95, 0xF6, 0xD9,
    0x51, 0x8C, 0x99, 0x35, 0xF2, 0xA3, 0xE6, 0x78, 0x25, 0xFC, 0xEC, 0x60, 0x62, 0x93, 0x4A, 0xF1,
    0x9A, 0xA1, 0x6D, 0xC0, 0xB0, 0x9F, 0xDC, 0x36, 0x5B, 0xBB, 0xC5, 0x47, 0x59, 0xF7, 0xD8, 0x6F,
    0x2B, 0x7C, 0xB0, 0xF3, 0xBB, 0x37, 0x5F, 0x22, 0x2E, 0x1C, 0x8B, 0xC5, 0x1B, 0xC0, 0xE3, 0x19,
    0xB6, 0xF9, 0x48, 0xE6, 0x9E, 0xE5, 0xC8, 0x47, 0xA2, 0x85, 0x60, 0x2D, 0x9A, 0x05, 0xE0, 0x19,
    0xAD, 0xBD, 0xC3, 0xAB, 0x8E, 0x77, 0x4F, 0x93, 0xD1, 0x88, 0x2B, 0xA5, 0xE3, 0x4D, 0x80, 0xF0,
    0x3C, 0x1C, 0xC9, 0x0C, 0xFE, 0x59, 0x8E, 0x64, 0x26, 0x5A, 0xF8, 0x0B, 0xBE, 0xFD, 0x2E, 0x1F,
    0x1C, 0x7E, 0xCF, 0x55, 0xD2, 0x1F, 0xAC, 0x01, 0xE0, 0x19, 0x6D, 0xEE, 0x4B, 0x34, 0x5E, 0x87,
    0x91, 0xB4, 0x27, 0xB3, 0x64, 0x03, 0x99, 0x58, 0xC2, 0xF1, 0x12, 0x45, 0xA3, 0x97, 0xA1, 0x45,
    0x03, 0x00, 0xA5, 0x7D, 0x82, 0x07, 0xB7, 0xF9, 0x00, 0xC7, 0x84, 0x0C, 0x66, 0xB8, 0xD5, 0xA4,
    0x7D, 0xF4, 0xA5, 0xC6, 0x81, 0x3D, 0x4E, 0xB4, 0xFF, 0x8D, 0x24, 0x62, 0x0D, 0x0A, 0x6D, 0x64,
    0xC8, 0xDC, 0x73, 0x42, 0x34, 0xBF, 0xF3, 0x06, 0xEC, 0xB0, 0x04, 0xFE, 0xCE, 0x6F, 0x16, 0xE2,
    0xA5, 0xE3, 0x43, 0x5E, 0xF3, 0x98, 0x70, 0xBC, 0xCB, 0x6B, 0x6C, 0x92, 0xC7, 0x3C, 0xC3, 0xC1,
    0x85, 0xA3, 0xE5, 0x6F, 0x67, 0x64, 0x42, 0x7A, 0xBE, 0xDA, 0x41, 0x3D, 0xC0, 0x6A, 0x22, 0x99,
    0x96, 0xE8, 0x57, 0xF3, 0x5B, 0xE7, 0xD7, 0x08, 0x4B, 0xFB, 0xFC, 0x73, 0xD5, 0x41, 0xDB, 0xB0,
    0x5A, 0xC3, 0x6A, 0x84, 0x97, 0x1A, 0xF4, 0x6F, 0x10, 0x4B, 0xF6, 0x89, 0xA3, 0xB4, 0xFE, 0xE2,
    0x8A, 0xAA, 0x79, 0x4E, 0xB9, 0x85, 0x3F, 0xD5, 0x31, 0x78, 0x68, 0x07, 0xF0, 0x60, 0xBA, 0x80,
    0x25, 0x9E, 0xD4, 0x07, 0x14, 0x2E, 0xA0, 0xB2, 0x01, 0x2D, 0x01, 0x3E, 0x20, 0x1B, 0x03, 0xCA,
    0x3E, 0xC0, 0x34, 0x01, 0x02, 0xAC, 0xA5, 0x41, 0x67, 0x17, 0xE4, 0x3B, 0x0E, 0xE6, 0x6C, 0x02,
    0x1F, 0xDF, 0xFB, 0x2B, 0x85, 0xE9, 0x02, 0xCA, 0x3E, 0x20, 0x77, 0x1B, 0xCB, 0xAC, 0x15, 0xA6,
    0xF1, 0xA8, 0xFD, 0x5D, 0xCA, 0x1C, 0x90, 0xF7, 0xDB, 0x2F, 0x39, 0x0D, 0xF0, 0x0A, 0xE0, 0x3F,
    0x37, 0x17, 0x4E, 0x87, 0xE9, 0x69, 0xF1, 0x89, 0xC7, 0xAB, 0x9B, 0xD2, 0xEA, 0x08, 0xF1, 0x33,
    0xAC, 0xD7, 0x20, 0xD2, 0x20, 0xA5, 0x8D, 0x75, 0xE9, 0x84, 0x67, 0xE6, 0x71, 0x7B, 0x6A, 0xEB,
    0x29, 0x07, 0x4F, 0x36, 0xB2, 0x49, 0xF1, 0xA6, 0x06, 0xBC, 0x0E, 0xDC, 0x05, 0x1C, 0xC4, 0x36,
    0xDA, 0x76, 0x45, 0xF4, 0x31, 0xE2, 0x35, 0x26, 0x0D, 0x6E, 0x7D, 0xCE, 0xC7, 0xDB, 0x96, 0x59,
    0x65, 0xCB, 0xAE, 0xF2, 0x91, 0xBB, 0x64, 0xB3, 0x42, 0xDF, 0x43, 0xD5, 0xA8, 0x8B, 0xE7, 0x3C,
    0xCB, 0xEF, 0xBD, 0xF7, 0x8F, 0x46, 0x64, 0xD2, 0xCC, 0x4F, 0xD2, 0x10, 0x7E, 0x69, 0x0D, 0xAF,
    0x46, 0x7F, 0x4F, 0xFD, 0xF0, 0xB0, 0xF7, 0x1C, 0xBE, 0xE1, 0xDD, 0xDB, 0xAE, 0x15, 0xC4, 0xB4,
    0x7B, 0x93, 0xD4, 0x44, 0x89, 0xBE, 0xFD, 0x2C, 0xA3, 0x05, 0x35, 0x52, 0x73, 0xA8, 0xFF, 0x67,
    0xF1, 0xE4, 0xBD, 0xA7, 0xD0, 0x99, 0xE8, 0x42, 0xC6, 0xF3, 0x7B, 0x7B, 0x1D, 0xBB, 0xAF, 0x1A,
    0x5F, 0xE3, 0x0F, 0xF1, 0xB7, 0xF1, 0x7F, 0x89, 0xE7, 0x0B, 0x1D, 0x4F, 0x98, 0x3F, 0xC4, 0x6F,
    0x1F, 0xEF, 0x3E, 0xF9, 0x50, 0xB9, 0xF2, 0xF1, 0xA1, 0xD7, 0xF4, 0xEE, 0x55, 0x75, 0x99, 0x83,
    0x27, 0xC3, 0x57, 0x14, 0x77, 0x03, 0x7E, 0xB5, 0x0E, 0x90, 0x51, 0xD1, 0x41, 0x31, 0x01, 0xAD,
    0xDB, 0xE0, 0x6B, 0x9F, 0x69, 0x20, 0xDC, 0x38, 0x6E, 0x32, 0x11, 0xE9, 0x22, 0x1C, 0x9F, 0x77,
    0x7C, 0x62, 0x33, 0x09, 0x07, 0xE5, 0x48, 0xEB, 0xF4, 0xF8, 0xDA, 0x67, 0x37, 0x86, 0x7C, 0x7B,
    0xEB, 0xAE, 0x6E, 0x80, 0x63, 0x80, 0x91, 0x73, 0x49, 0x00, 0x2F, 0x9D, 0xA2, 0x57, 0xB8, 0x80,
    0xF5, 0x14, 0xE0, 0xBD, 0x62, 0xA5, 0x30, 0x4D, 0x40, 0x65, 0x03, 0x8A, 0x21, 0x20, 0x1B, 0x03,
    0x12, 0x1F, 0xC0, 0x5A, 0x61, 0x14, 0xB5, 0x0D, 0x28, 0xFB, 0x80, 0xDC, 0x05, 0x64, 0x53, 0x00,
    0xB3, 0x62, 0xA5, 0x30, 0x8A, 0x4A, 0x51, 0x28, 0x32, 0x0F, 0xDF, 0x04, 0x56, 0x90, 0xF8, 0x28,
    0x43, 0x61, 0xA1, 0x64, 0x9B, 0xA6, 0x97, 0xD7, 0x4C, 0x22, 0xBD, 0x9C, 0x1D, 0xB9, 0xA0, 0xC9,
    0x24, 0x24, 0xF1, 0x5E, 0xE6, 0x53, 0xE6, 0x2F, 0x2F, 0xBE, 0x6D, 0x8A, 0xAA, 0xDF, 0x57, 0x4C,
    0x0A, 0x07, 0x24, 0xFD, 0xFE, 0x42, 0x64, 0x93, 0xF2, 0x9E, 0x28, 0x63, 0x07, 0x25, 0xF0, 0x1A,
    0xF0, 0x61, 0x78, 0x60, 0x54, 0xE0, 0xF2, 0xDF, 0x2D, 0x64, 0x82, 0x4A, 0x7E, 0x13, 0xCE, 0x00,
    0x5D, 0xA2, 0xCB, 0x9C, 0xD1, 0x36, 0xD0, 0x3A, 0xA8, 0xEC, 0xDE, 0x67, 0xBF, 0x70, 0x00, 0xC5,
    0xA0, 0x2C, 0xED, 0x8E, 0x55, 0xA7, 0xAC, 0x15, 0x1C, 0x96, 0x7F, 0x25, 0x03, 0xAF, 0x97, 0x7F,
    0x2D, 0x33, 0x94, 0x6B, 0x56, 0x81, 0x23, 0x75, 0x47, 0x39, 0x68, 0xEB, 0xB2, 0x57, 0xEE, 0xE9,
    0x88, 0x5A, 0xDB, 0x0B, 0x5A, 0x8B, 0x6A, 0x3D, 0xCF, 0x3B, 0xAD, 0xBB, 0x80, 0xF2, 0xB1, 0xD6,
    0x2E, 0x20, 0x9B, 0xB6, 0x5A, 0xAF, 0x14, 0xA6, 0x09, 0xA8, 0x6C, 0x40, 0x31, 0x04, 0x64, 0x63,
    0x40, 0xE2, 0x03, 0x58, 0x5E, 0x29, 0xB3, 0xDF, 0xCC, 0xB7, 0x22, 0x51, 0x64, 0x13, 0xBC, 0x70,
    0xE4, 0xA0, 0x14, 0x0B, 0xC5, 0x7A, 0x6F, 0x6A, 0x73, 0x29, 0x47, 0x7F, 0x7F, 0x3F, 0x81, 0x38,
    0x90, 0x2E, 0xDE, 0xF7, 0xB9, 0xB0, 0x3F, 0xE7, 0x7C, 0x3A, 0x90, 0x33, 0x88, 0xB7, 0x34, 0x13,
    0xF9, 0xF1, 0xFB, 0x23, 0xF9, 0x44, 0x3A, 0x53, 0xF6, 0xD0, 0x52, 0x77, 0x84, 0x7C, 0x6E, 0xFF,
    0x4C, 0x7F, 0xBA, 0xDD, 0x9E, 0x91, 0xB9, 0xCF, 0x67, 0x6C, 0x19, 0x7B, 0x45, 0x0B, 0xD1, 0x5A,
    0xB4, 0x1C, 0xBD, 0x44, 0x8F, 0xD1, 0x3B, 0x07, 0x32, 0x81, 0xDE, 0x3C, 0x22, 0xD3, 0xBF, 0x15,
    0x17, 0xEF, 0x29, 0x43, 0x2A, 0x32, 0xE8, 0x9D, 0xD1, 0x89, 0xDA, 0xB2, 0xC6, 0x80, 0x61, 0xA9,
    0x46, 0x67, 0x74, 0x76, 0xA0, 0xBC, 0x8C, 0x53, 0xAD, 0x38, 0x81, 0xBA, 0xD1, 0xC6, 0x54, 0xDA,
    0xAD, 0x38, 0xBB, 0xE3, 0xA3, 0x29, 0x35, 0x0A, 0x2F, 0x9C, 0xDB, 0xB6, 0x53, 0x3E, 0x5C, 0x6E,
    0xB7, 0xED, 0xB0, 0xEA, 0x6F, 0xB6, 0x58, 0x99, 0xC5, 0x91, 0xF6, 0xE9, 0x40, 0x72, 0xF6, 0xB6,
    0x85, 0x95, 0x34, 0x50, 0x4D, 0x5C, 0x8F, 0x6C, 0x89, 0xAF, 0x2C, 0x64, 0xCE, 0x6C, 0x63, 0xAD,
    0xFE, 0x68, 0x04, 0x5E, 0xCF, 0x6E, 0xB8, 0x6C, 0x98, 0x3F, 0x0E, 0x5C, 0xE6, 0x8E, 0x64, 0x2A,
    0x2D, 0xD9, 0x60, 0xA0, 0xE8, 0xDE, 0xBD, 0x26, 0xD9, 0x0E, 0x24, 0x24, 0x4F, 0xFB, 0xB8, 0x48,
    0xE5, 0xC7, 0x47, 0x0F, 0x16, 0x6F, 0x16, 0x53, 0xFC, 0x22, 0xDA, 0x6B, 0x81, 0xE9, 0x62, 0x81,
    0x16, 0x9C, 0xC4, 0xE2, 0x34, 0x16, 0x7E, 0x57, 0x88, 0x4C, 0xE7, 0x8A, 0x07, 0x8B, 0x37, 0xB6,
    0x75, 0xE7, 0x3B, 0x9C, 0x70, 0xDE, 0x58, 0x1D, 0x4D, 0x97, 0xD1, 0x51, 0x74, 0x4B, 0x2A, 0x3F,
    0xD4, 0x41, 0x10, 0x87, 0xB4, 0x19, 0xE0, 0xD1, 0x19, 0x2F, 0xAF, 0x75, 0xE0, 0xDD, 0x4A, 0xFA,
    0xF2, 0xEC, 0xE8, 0xBF, 0xD6, 0x77, 0xC6, 0xBA, 0x4B, 0x65, 0x48, 0xBC, 0x01, 0xB1, 0x9C, 0x2E,
    0x61, 0xD5, 0xC4, 0xE5, 0x5C, 0x62, 0xA1, 0x1D, 0x77, 0xC5, 0x62, 0xB1, 0x88, 0x75, 0xCC, 0xB1,
    0x58, 0x42, 0xDB, 0x41, 0xEC, 0x8E, 0x1A, 0x73, 0x7C, 0x25, 0x98, 0xFE, 0xD5, 0xFA, 0xBB, 0xF7,
    0xA3, 0x23, 0x75, 0x4B, 0x21, 0xF7, 0x40, 0x80, 0x64, 0xB7, 0x0F, 0xCA, 0x02, 0x15, 0xE7, 0x93,
    0xC8, 0x47, 0x0A, 0xE9, 0x74, 0x4B, 0xC2, 0x80, 0x27, 0x1F, 0x03, 0xD2, 0x29, 0x00, 0xFF, 0x9B,
    0x48, 0xB4, 0x22, 0x73, 0x01, 0xF5, 0xA0, 0xDD, 0x9A, 0x80, 0x89, 0xD0, 0x57, 0xEB, 0x59, 0x2A,
    0x8C, 0xA2, 0xB6, 0x17, 0xAE, 0x21, 0xA3, 0xBD, 0x59, 0xB1, 0x52, 0x98, 0x86, 0xF4, 0x1F, 0x28,
    0x07, 0x2A, 0x8B, 0x81, 0xFB, 0x24, 0x8E, 0x98, 0xA6, 0x62, 0x9C, 0xDA, 0xF1, 0x6C, 0x7E, 0x47,
    0x7A, 0xA4, 0x61, 0x0D, 0x4F, 0xB2, 0x28, 0xF5, 0xA5, 0x45, 0xB1, 0x4B, 0xD9, 0x70, 0xF1, 0x4A,
    0x18, 0xE0, 0x15, 0xE0, 0x30, 0x9D, 0x0F, 0xAB, 0xF9, 0xB0, 0xFD, 0xBE, 0x19, 0x31, 0x3D, 0xA6,
    0x7B, 0xA2, 0x45, 0xE6, 0x98, 0xAA, 0x8E, 0x1A, 0x0E, 0xE1, 0x2E, 0x7C, 0x00, 0x55, 0x53, 0x35,
    0xF1, 0x8D, 0x9A, 0x3C, 0x9A, 0x80, 0x55, 0xDC, 0x9C, 0x73, 0x13, 0xA6, 0xF3, 0x55, 0xBE, 0x6E,
    0x38, 0x2E, 0x7F, 0x3E, 0x66, 0x9F, 0x0E, 0x89, 0x74, 0xAC, 0x00, 0xBE, 0x40, 0xF4, 0x07, 0xF7,
    0xA0, 0xB2, 0x51, 0xE2, 0x53, 0xE2, 0x5E, 0xBF, 0x9E, 0x6D, 0xAA, 0xE5, 0x5E, 0x2A, 0xE2, 0x8B,
    0xB3, 0xB7, 0x7C, 0x65, 0x79, 0xD1, 0x9C, 0x5F, 0x23, 0x6E, 0xA0, 0xEE, 0xA1, 0x9C, 0x20, 0x97,
    0x1E, 0x64, 0x0D, 0x2F, 0xEB, 0x93, 0x56, 0x5F, 0x99, 0x81, 0x35, 0xD0, 0xB2, 0xEB, 0x72, 0xF2,
    0x06, 0x89, 0x5F, 0xFD, 0xF8, 0x68, 0x6C, 0x45, 0xFA, 0x6F, 0xC8, 0x19, 0xF0, 0x13, 0xC8, 0x3C,
    0x1A, 0x2D, 0xA5, 0x85, 0x43, 0xE0, 0x55, 0xB6, 0x29, 0x95, 0x89, 0x5A, 0xA4, 0x69, 0x1F, 0xAC,
    0x98, 0x49, 0xF0, 0xC0, 0x0C, 0xAC, 0x3A, 0xA8, 0xCF, 0xA2, 0x5F, 0x8E, 0x66, 0x48, 0xA4, 0x01,
    0xB3, 0x5D, 0x49, 0xEA, 0xA8, 0xBB, 0xF5, 0x77, 0xA5, 0x11, 0x99, 0xC3, 0x90, 0xEE, 0xA1, 0x6F,
    0x02, 0x0A, 0x0F, 0xD5, 0x1A, 0x5A, 0xD3, 0xE0, 0x8B, 0x3E, 0x1B, 0x12, 0x77, 0x6D, 0x71, 0xFE,
    0x01, 0x20, 0x1D, 0xA9, 0xF4, 0x14, 0xFF, 0x3A, 0x52, 0x37, 0xA7, 0xBC, 0xCA, 0x57, 0xF7, 0x1D,
    0xE7, 0xF3, 0x8F, 0x23, 0xEF, 0xA0, 0xEC, 0xA0, 0x18, 0x81, 0xBB, 0xC0, 0x6D, 0xF8, 0xAE, 0x87,
    0xD5, 0xA8, 0x83, 0xDD, 0x5F, 0x1C, 0xB7, 0x81, 0x63, 0xE0, 0xA8, 0x81, 0xDC, 0x42, 0x66, 0x49,
    0xF4, 0xE6, 0x8C, 0x6A, 0x38, 0x43, 0xDA, 0xF0, 0x4E, 0x3A, 0x66, 0x8E, 0xD3, 0xCA, 0x62, 0x56,
    0x50, 0x7A, 0xC8, 0x47, 0xAE, 0x6B, 0x3E, 0x75, 0xEE, 0xEA, 0xE6, 0x58, 0xE7, 0x52, 0xE7, 0x14,
    0xA4, 0xD3, 0x39, 0xDE, 0xFB, 0x7C, 0xEE, 0x6E, 0xF0, 0x2D, 0xC2, 0x8D, 0xAC, 0x37, 0xC8, 0x1C,
    0x5C, 0x0B, 0x50, 0xA4, 0x03, 0x90, 0x79, 0xA2, 0x1A, 0x50, 0x2A, 0x2A, 0xA0, 0x5E, 0x2B, 0x3E,
    0x82, 0xA4, 0x23, 0xB3, 0xE4, 0x96, 0xC2, 0xD2, 0x8A, 0x17, 0xF1, 0x61, 0xF3, 0xD9, 0x6F, 0xBF,
    0xC4, 0x19, 0xC8, 0xCF, 0xBE, 0x9F, 0x8A, 0x57, 0xC5, 0x0F, 0xE1, 0x04, 0x8E, 0x7A, 0x12, 0x07,
    0x2E, 0xB9, 0xE3, 0x32, 0xE9, 0xB3, 0x35, 0xE9, 0x90, 0x6E, 0x16, 0x54, 0x4D, 0xDB, 0x40, 0xE9,
    0xB9, 0x38, 0xC3, 0x7C, 0x89, 0xE2, 0x70, 0x0A, 0x78, 0x60, 0xCC, 0x6C, 0xE2, 0x32, 0x9B, 0xF6,
    0xB9, 0x45, 0x35, 0x50, 0x11, 0x90, 0x90, 0xE3, 0x1E, 0x3C, 0x9E, 0x3C, 0x0F, 0x90, 0xCF, 0x7F,
    0x86, 0x8A, 0xC2, 0xD1, 0xF4, 0xAC, 0xB1, 0xED, 0x36, 0xEA, 0xDD, 0xFA, 0xDE, 0xC7, 0x6F, 0x3E,
    0x43, 0x6C, 0x99, 0x8D, 0x13, 0x4A, 0x79, 0xD5, 0x84, 0x8A, 0x4C, 0xE1, 0xB8, 0x6A, 0x42, 0x75,
    0xF0, 0xA9, 0x78, 0x1D, 0xFA, 0x2D, 0x5E, 0x84, 0xB6, 0xBF, 0x0D, 0x72, 0xF6, 0x21, 0x69, 0x2F,
    0x8E, 0xCC, 0x56, 0xF6, 0xF2, 0xDD, 0xEE, 0x7D, 0x63, 0x86, 0xDC, 0x2D, 0xA1, 0x18, 0x8C, 0x4A,
    0x5A, 0xF7, 0x98, 0xAE, 0x5C, 0xDF, 0x11, 0x52, 0x91, 0x09, 0x6A, 0xE9, 0x48, 0xE7, 0x64, 0x28,
    0xE4, 0xBF, 0xFB, 0xF2, 0x47, 0x62, 0x5F, 0x61, 0x79, 0x7E, 0x3C, 0xFE, 0xE9, 0x72, 0xE2, 0x67,
    0x32, 0xBF, 0xA2, 0xF0, 0xE6, 0xE1, 0xCA, 0x57, 0xE2, 0xF5, 0x27, 0x03, 0xF7, 0xD1, 0xBB, 0x90,
    0x88, 0xB8, 0x88, 0x2F, 0x3F, 0xE0, 0x0B, 0x5B, 0x1B, 0xF7, 0x17, 0xEC, 0xDD, 0x54, 0xFA, 0xDB,
    0xBC, 0x11, 0x1E, 0x38, 0x1C, 0x2C, 0xEF, 0xF4, 0x60, 0xA4, 0x83, 0x62, 0xE6, 0x06, 0x84, 0xAD,
    0x3B, 0x1F, 0x33, 0xDD, 0xF9, 0xF8, 0x71, 0x4B, 0x22, 0x33, 0xD4, 0xC3, 0xFE, 0xE7, 0x3A, 0x9F,
    0x80, 0x4A, 0x1A, 0x78, 0x2D, 0xEF, 0xE0, 0x76, 0x66, 0xE3, 0xB3, 0xF8, 0x5A, 0x7E, 0x76, 0x13,
    0x84, 0xA0, 0xEA, 0x61, 0x35, 0x82, 0xBB, 0x1D, 0xF3, 0x78, 0x17, 0xDA, 0x11, 0x5E, 0xBE, 0xB7,
    0x7F, 0x41, 0xCA, 0x9F, 0x4F, 0x7A, 0xA9, 0xEA, 0xE0, 0xB8, 0xB0, 0x30, 0x56, 0x90, 0xF6, 0xB7,
    0x6F, 0x84, 0x0C, 0xCB, 0xB2, 0x4F, 0x7C, 0xDD, 0x65, 0xEE, 0x90, 0xC2, 0x4E, 0x94, 0xC9, 0xFE,
    0xCF, 0x87, 0x6B, 0x8F, 0xCD, 0x6B, 0x6C, 0x0E, 0xC8, 0x2C, 0x90, 0x77, 0x40, 0xC9, 0x16, 0xFF,
    0x46, 0x7C, 0x33, 0x92, 0xFA, 0xFD, 0xCD, 0x30, 0x89, 0x8B, 0xEE, 0x8A, 0x26, 0xFA, 0x29, 0x1F,
    0x40, 0xB1, 0xF9, 0x25, 0x50, 0xD5, 0x03, 0x80, 0x71, 0x4A, 0x98, 0x3D, 0xB0, 0x59, 0x70, 0xE1,
    0xE2, 0x66, 0xCB, 0x6D, 0x3A, 0x81, 0xCA, 0x92, 0x8E, 0x06, 0xEA, 0x3E, 0xB6, 0x35, 0x43, 0x28,
    0xEB, 0x46, 0xED, 0xE4, 0x43, 0xD5, 0xD1, 0x8E, 0x14, 0x7D, 0x69, 0x99, 0xA7, 0xB8, 0x9F, 0xDD,
    0xFB, 0x50, 0x16, 0x7D, 0x32, 0xDD, 0xA7, 0xEA, 0xF2, 0x21, 0x1D, 0x8F, 0xA9, 0x9B, 0xCC, 0x69,
    0x5F, 0x43, 0x28, 0x07, 0x2D, 0xD3, 0xB1, 0xE8, 0xEB, 0xE6, 0x04, 0x5D, 0x31, 0xA9, 0xBA, 0x53,
    0xF0, 0xDA, 0xD7, 0x83, 0xAF, 0xBA, 0xA2, 0x9F, 0xE0, 0xB4, 0x26, 0xFF, 0x8F, 0x11, 0x4E, 0x0C,
    0xD9, 0xAF, 0x1C, 0x98, 0x43, 0xB2, 0x5F, 0x3B, 0xA8, 0x8F, 0x49, 0x3E, 0x19, 0xA0, 0xBA, 0x0F,
    0x9F, 0xF6, 0x50, 0x7A, 0x10, 0x0B, 0xE5, 0x08, 0x2B, 0x0D, 0xDD, 0x41, 0xDB, 0x41, 0xAE, 0x7D,
    0x1A, 0x20, 0xF3, 0x40, 0x94, 0x01, 0xA8, 0xDE, 0xEF, 0x00, 0x4E, 0xF2, 0x01, 0x48, 0x46, 0x26,
    0x2E, 0xA5, 0x25, 0xA9, 0x27, 0x1F, 0x8C, 0xF6, 0x2B, 0x7A, 0x43, 0x3E, 0xEB, 0xC4, 0x36, 0x85,
    0xA0, 0x03, 0x2D, 0xDF, 0x27, 0xC0, 0x96, 0x6F, 0x37, 0x75, 0x13, 0x5E, 0x2E, 0x3B, 0xA3, 0x8D,
    0x0A, 0x6B, 0xC8, 0x87, 0xC3, 0xBC, 0x3F, 0x26, 0x73, 0xC7, 0xD9, 0x70, 0x3F, 0x14, 0xF7, 0x33,
    0xE7, 0x49, 0xC7, 0x29, 0x75, 0x13, 0x9C, 0x8D, 0x7C, 0x3C, 0xC2, 0xEC, 0x78, 0xE4, 0x60, 0x39,
    0xB0, 0xD2, 0x51, 0xF6, 0xB4, 0x03, 0x18, 0x8B, 0xE9, 0xB5, 0xA0, 0xB6, 0x90, 0xCC, 0x40, 0x26,
    0xC4, 0x95, 0xFE, 0xB8, 0xE6, 0x3F, 0x71, 0xFF, 0xC2, 0x00, 0x49, 0x27, 0x83, 0xCE, 0x41, 0x47,
    0x31, 0x94, 0x56, 0xD5, 0x1E, 0xA8, 0xBB, 0x6C, 0xC4, 0x90, 0x78, 0x66, 0x98, 0x43, 0x41, 0x9B,
    0x8D, 0x60, 0xFE, 0xC4, 0x41, 0xF5, 0x0B, 0x15, 0x4A, 0x2C, 0xE4, 0x02, 0xA4, 0x6B, 0x00, 0xFF,
    0xB4, 0x48, 0xCF, 0xED, 0x92, 0xEB, 0xA2, 0x84, 0x97, 0x04, 0x34, 0xA0, 0xB3, 0xAA, 0x4A, 0x59,
    0x54, 0x27, 0x4C, 0x53, 0x0C, 0xE8, 0xAC, 0x73, 0x42, 0x3A, 0x6E, 0xAE, 0xB3, 0xF1, 0xE9, 0x08,
    0xA7, 0x1A, 0x9B, 0xD1, 0x89, 0xA8, 0x8B, 0x1E, 0xAA, 0xEF, 0x58, 0x28, 0x7F, 0xD1, 0x41, 0xF1,
    0x3F, 0x1B, 0x0D, 0xD2, 0x19, 0x48, 0xBC, 0x62, 0x02, 0xB5, 0x80, 0xDA, 0x02, 0xED, 0x40, 0x65,
    0xE1, 0xF7, 0x57, 0x0D, 0x98, 0x99, 0x80, 0x01, 0xE0, 0x5B, 0xE9, 0x10, 0x55, 0x8B, 0xCF, 0x2E,
    0xA6, 0x15, 0x2A, 0x5D, 0x43, 0xE6, 0x2A, 0xAB, 0xE7, 0x6C, 0x4F, 0x65, 0x73, 0x87, 0x69, 0xB2,
    0x91, 0xF6, 0x2A, 0xE9, 0x74, 0x40, 0x16, 0x0A, 0xE9, 0x20, 0xFB, 0x02, 0xD2, 0x51, 0x5B, 0xA0,
    0x05, 0xF0, 0xDB, 0x10, 0xEC, 0xE5, 0xEF, 0xCA, 0x11, 0x61, 0x95, 0x6B, 0xBD, 0x89, 0x5A, 0x87,
    0xC1, 0xA5, 0x9D, 0x9A, 0x2B, 0x80, 0x6D, 0x65, 0xBE, 0x5D, 0xCD, 0xAA, 0xBB, 0x8D, 0x8B, 0x19,
    0x8D, 0xF3, 0xE2, 0x4F, 0xFE, 0xBA, 0xED, 0xD6, 0x95, 0x60, 0xBF, 0x89, 0x7B, 0xED, 0x14, 0xF0,
    0xE7, 0xD1, 0x97, 0x5A, 0x2B, 0x06, 0x28, 0x3B, 0x38, 0x64, 0x9B, 0x4C, 0x68, 0xA3, 0xF9, 0xA5,
    0xC5, 0x91, 0x8D, 0x16, 0x4E, 0x89, 0xED, 0x9D, 0x9A, 0x8E, 0x6E, 0xDB, 0xE8, 0x34, 0x9B, 0x76,
    0xEB, 0x04, 0xA6, 0x81, 0x55, 0xF4, 0x64, 0x35, 0x93, 0xF6, 0xC4, 0x4E, 0x11, 0x69, 0xFF, 0x14,
    0xD1, 0xC7, 0x00, 0xCD, 0xE5, 0x00, 0x2F, 0xDC, 0x18, 0xBD, 0x58, 0xE9, 0xB7, 0xD1, 0x0F, 0x17,
    0xC5, 0xBB, 0x14, 0xFD, 0xB7, 0xAE, 0xFE, 0x79, 0xC4, 0xC5, 0xC8, 0x5B, 0xBB, 0x0D, 0x31, 0xDD,
    0x84, 0xD8, 0x83, 0x89, 0x91, 0xE3, 0x35, 0xF2, 0x38, 0xD0, 0xEA, 0x8A, 0xC8, 0xF3, 0x3E, 0x1B,
    0xD0, 0x7D, 0xE3, 0xB0, 0x5C, 0x02, 0xF5, 0x04, 0x94, 0xEE, 0x26, 0x4C, 0xFE, 0xD7, 0x39, 0xA0,
    0xEC, 0x0C, 0xF9, 0xE0, 0x49, 0x3E, 0x75, 0xB0, 0x8A, 0x61, 0xED, 0x7D, 0xF2, 0x17, 0x14, 0x6A,
    0xC9, 0xB6, 0x4D, 0x73, 0x0A, 0xFE, 0x8B, 0x1D, 0xFF, 0x0F, 0xE5, 0x5A, 0x05, 0x90, 0xE5, 0xCA,
    0x75, 0x3D, 0x92, 0xEC, 0x79, 0x8E, 0x55, 0xB1, 0x02, 0x66, 0x52, 0x98, 0x77, 0x15, 0x2A, 0xFE,
    0x7F, 0x5B, 0xE1, 0x62, 0xD3, 0x3E, 0x53, 0x98, 0x39, 0x53, 0x1C, 0xDA, 0x3F, 0x52, 0xE2, 0x62,
    0x34, 0xBB, 0x38, 0xCC, 0xCC, 0x34, 0x33, 0xD2, 0x4F, 0x8A, 0x51, 0xE1, 0xE2, 0x92, 0x99, 0x6D,
    0x55, 0xA2, 0x2D, 0xEB, 0x7D, 0xB7, 0x74, 0xA3, 0x73, 0xBB, 0xB5, 0xA3, 0xB7, 0xBC, 0xEB, 0xD9,
    0x9F, 0x49, 0xA5, 0xEB, 0xF5, 0xB9, 0x3D, 0x82, 0xAB, 0x3E, 0xB7, 0xE9, 0xF6, 0xED, 0x01, 0x53,
    0x56, 0xE3, 0x40, 0x76, 0xC8, 0x4A, 0x18, 0x91, 0xC6, 0x20, 0x90, 0xDF, 0xFA, 0x93, 0xE1, 0x08,
    0x9B, 0x01, 0xA1, 0x58, 0x24, 0x0D, 0x50, 0xB4, 0xBC, 0xCB, 0x07, 0x0D, 0x80, 0xA4, 0xC6, 0x11,
    0x80, 0xB8, 0xC1, 0x09, 0x80, 0x4D, 0x0B, 0x0B, 0x20, 0xEA, 0xEE, 0x47, 0xF8, 0x17, 0xFC, 0xEB,
    0x5E, 0x99, 0xAA, 0x2E, 0xDD, 0x87, 0xA0, 0x9F, 0x1D, 0xA1, 0x95, 0xE8, 0x01, 0x14, 0x22, 0x35,
    0x80, 0x03, 0x19, 0xE0, 0xD2, 0x57, 0x2A, 0x1A, 0xC5, 0x02, 0xC8, 0x26, 0x9C, 0x20, 0x14, 0x69,
    0x2D, 0x92, 0xDD, 0x77, 0x4A, 0xC7, 0x4A, 0x4A, 0x09, 0x03, 0xFE, 0x4E, 0x81, 0x2C, 0xC7, 0x08,
    0xA4, 0x35, 0x6B, 0x90, 0xDC, 0x0E, 0x4F, 0x80, 0x54, 0x09, 0x65, 0xFE, 0x2D, 0xFE, 0x39, 0x01,
    0xF1, 0xEE, 0x3B, 0x2D, 0x54, 0x33, 0xF4, 0x2B, 0x3E, 0x99, 0xDC, 0x92, 0x89, 0x81, 0x8A, 0x23,
    0x27, 0xAC, 0x0A, 0xE9, 0x9D, 0x28, 0xDD, 0x45, 0x9C, 0xAF, 0x18, 0x29, 0x94, 0x52, 0xDC, 0x02,
    0x46, 0xEB, 0x8E, 0xAC, 0x81, 0x29, 0x81, 0x78, 0x7A, 0xA3, 0x40, 0x2B, 0xAB, 0x56, 0x7A, 0x89,
    0x94, 0x70, 0xE9, 0xC5, 0x39, 0xA0, 0xCC, 0x88, 0xAC, 0xB9, 0x35, 0x20, 0x9E, 0x10, 0x65, 0x50,
    0x7C, 0x33, 0xF1, 0x01, 0x7F, 0x81, 0x65, 0x85, 0xA2, 0x19, 0x2B, 0xC4, 0x33, 0x9A, 0xF7, 0x57,
    0x33, 0xA6, 0x62, 0x8F, 0x59, 0x8B, 0x37, 0x1F, 0xC3, 0xA7, 0x27, 0x70, 0xC5, 0x97, 0xD2, 0x5F,
    0x1A, 0x7C, 0x29, 0xFE, 0x68, 0xAB, 0x92, 0x4F, 0x96, 0xF0, 0x49, 0x70, 0xDB, 0x24, 0xB2, 0x03,
    0x12, 0x11, 0xE9, 0xE6, 0xDC, 0xBA, 0xD2, 0xB8, 0x3D, 0x1C, 0xF1, 0xCC, 0xED, 0xF6, 0x7B, 0x3B,
    0x8B, 0x40, 0x72, 0xB0, 0xC1, 0xAC, 0x76, 0x4E, 0xDF, 0x3A, 0xB4, 0x0F, 0x2A, 0x6F, 0x37, 0x56,
    0x95, 0xED, 0xD8, 0x03, 0x91, 0xB6, 0x4F, 0x30, 0x00, 0xB1, 0x76, 0x48, 0xDF, 0x01, 0x7C, 0xC9,
    0x94, 0x4B, 0xA9, 0x20, 0x7A, 0xA2, 0xBE, 0x14, 0x0E, 0x44, 0xEA, 0xDA, 0x74, 0xF0, 0x5A, 0xD8,
    0x5F, 0xAD, 0x6A, 0xCD, 0x4A, 0x96, 0x78, 0xCB, 0x78, 0xAD, 0x2D, 0x46, 0xAF, 0xB5, 0xE6, 0xAB,
    0x60, 0x4D, 0xB5, 0x36, 0x18, 0xB7, 0x95, 0x45, 0xF2, 0xFE, 0xED, 0xF6, 0xEA, 0x0D, 0x46, 0xF6,
    0x06, 0x4B, 0x0B, 0xA6, 0xE0, 0xCD, 0xF8, 0x3E, 0x68, 0x1A, 0xA2, 0x56, 0xEF, 0xC1, 0xA4, 0x25,
    0x1F, 0xE7, 0x53, 0x50, 0xFE, 0xD8, 0x58, 0x38, 0xFA, 0xC1, 0xAF, 0x62, 0x61, 0x8F, 0x85, 0xBC,
    0xE3, 0x1E, 0x89, 0x58, 0xA5, 0xEE, 0x0B, 0xC1, 0x10, 0x6C, 0x5F, 0xCB, 0x82, 0xEF, 0xB4, 0xFE,
    0x85, 0xC6, 0x17, 0xD4, 0x8A, 0x5A, 0x67, 0xF8, 0xC2, 0x48, 0x08, 0x94, 0xBD, 0xBE, 0x4E, 0x86,
    0xCA, 0x98, 0xDC, 0x3D, 0xE1, 0xD2, 0xF3, 0x2D, 0x3C, 0x5D, 0xA2, 0x63, 0xDB, 0x7B, 0xB2, 0xF1,
    0xF5, 0x85, 0xEB, 0x8A, 0xAA, 0x25, 0x29, 0xA4, 0x48, 0xA1, 0x85, 0xB8, 0x39, 0x76, 0x85, 0xF0,
    0x53, 0x9D, 0x2B, 0xA0, 0x6A, 0x7C, 0xC1, 0x94, 0xBE, 0x00, 0xAC, 0x0A, 0xC5, 0xFB, 0x0C, 0x8C,
    0x48, 0x1D, 0x89, 0xB8, 0x42, 0xB2, 0x3B, 0x14, 0x3C, 0x6F, 0x7B, 0x58, 0xCF, 0x26, 0x17, 0xED,
    0x0A, 0x05, 0xC0, 0xC2, 0x29, 0xC7, 0x4C, 0xA5, 0x44, 0x46, 0xA0, 0x20, 0x75, 0xC7, 0xD2, 0xB3,
    0x30, 0x1C, 0x20, 0xBE, 0xE0, 0x59, 0x00, 0xA3, 0xFE, 0x0C, 0xA2, 0x81, 0x0A, 0x50, 0xB0, 0xCB,
    0x40, 0x15, 0xA6, 0x35, 0xAB, 0x14, 0x8A, 0xD6, 0x4B, 0x3F, 0x2A, 0xDB, 0x6D, 0xBE, 0x11, 0xC9,
    0x20, 0x22, 0xF5, 0x5C, 0x31, 0x57, 0x70, 0x0C, 0xFF, 0xB7, 0x70, 0xFA, 0xFD, 0xDF, 0x2F, 0x8D,
    0xD6, 0x63, 0x41, 0xA6, 0x15, 0x92, 0x15, 0x82, 0x77, 0x59, 0x1D, 0x86, 0x1D, 0xCB, 0x7E, 0x30,
    0x5E, 0xBE, 0x45, 0xDB, 0xCB, 0x15, 0xB1, 0xC6, 0xA7, 0xA3, 0xE6, 0xCD, 0x82, 0x4C, 0x77, 0xC2,
    0x82, 0xF0, 0xDA, 0x91, 0x58, 0x59, 0xBD, 0xD0, 0xC2, 0xE2, 0x92, 0x85, 0xE1, 0x8F, 0x05, 0x2C,
    0x3F, 0xF3, 0x10, 0x3F, 0xEC, 0xFD, 0x0A, 0xBC, 0x73, 0x84, 0x58, 0x54, 0x8D, 0x40, 0x35, 0x42,
    0x4A, 0x2F, 0x1B, 0x2F, 0x3B, 0x27, 0xA7, 0xC1, 0x49, 0x6B, 0xBD, 0xAC, 0xBC, 0x34, 0xB9, 0x93,
    0x69, 0xED, 0x64, 0xDC, 0x3A, 0x19, 0xF5, 0x4E, 0x06, 0xD6, 0x49, 0x4C, 0x94, 0xAB, 0x9C, 0xD5,
    0x4E, 0x26, 0x8D, 0x93, 0x9B, 0xCE, 0xC9, 0x68, 0x70, 0x12, 0xA3, 0x97, 0x95, 0x97, 0xC6, 0xCB,
    0xD4, 0xCB, 0xD8, 0xCB, 0x88, 0x52, 0xD3, 0x2D, 0xF2, 0x14, 0xF0, 0x9D, 0x42, 0xA5, 0xF4, 0x5E,
    0x96, 0x70, 0xE9, 0x92, 0xA7, 0xED, 0x59, 0x3B, 0xD2, 0x97, 0x1C, 0x67, 0x4F, 0xD9, 0x33, 0x5E,
    0x08, 0x7B, 0xBE, 0x9E, 0xAE, 0x67, 0xEB, 0xC9, 0x7A, 0xAE, 0x9E, 0xAA, 0x67, 0xEA, 0x89, 0x7A,
    0x9E, 0x9E, 0xA6, 0x67, 0xE9, 0x49, 0x7A, 0x8E, 0x9E, 0xA2, 0x67, 0xE8, 0x09, 0xAE, 0xF9, 0xDD,
    0x55, 0x14, 0x38, 0xEB, 0x38, 0x54, 0xE7, 0xBB, 0x8E, 0xB2, 0x5C, 0x77, 0x32, 0x7F, 0xE5, 0x96,
    0x34, 0xBC, 0x64, 0x02, 0xCC, 0x20, 0xD2, 0xC0, 0xC8, 0xEE, 0xB0, 0xA3, 0x51, 0xA2, 0x61, 0x46,
    0x04, 0x16, 0x66, 0x74, 0xE4, 0xCF, 0x09, 0xEF, 0x3D, 0x00, 0xDE, 0xA9, 0x3C, 0x64, 0x50, 0x32,
    0x0D, 0xAE, 0x20, 0x53, 0xCF, 0x4A, 0x9D, 0x2E, 0x37, 0xA1, 0x4A, 0xAD, 0x0F, 0xE7, 0x58, 0xA5,
    0x95, 0x92, 0x52, 0xDF, 0xD4, 0x67, 0xD8, 0xAA, 0x08, 0x3E, 0xD5, 0xF2, 0xDD, 0xFF, 0xEA, 0x88,
    0xEF, 0x1E, 0xA0, 0xCB, 0x84, 0xEA, 0x3C, 0x01, 0x90, 0x96, 0x47, 0xFA, 0xAA, 0x51, 0xCC, 0x72,
    0xE0, 0x44, 0xBD, 0x11, 0x4B, 0x0C, 0x74, 0xAE, 0x0F, 0x67, 0xEC, 0x10, 0x3D, 0xF5, 0xFB, 0x7F,
    0xD0, 0xD3, 0xE1, 0x0B, 0xAC, 0x7F, 0x20, 0x9D, 0xF1, 0x54, 0x5F, 0xF1, 0xAF, 0xE7, 0x47, 0xAA,
    0xD0, 0x29, 0x3F, 0xC8, 0x83, 0x37, 0x47, 0x6D, 0xDC, 0x70, 0x9C, 0xA8, 0x15, 0xD3, 0x1E, 0x38,
    0x78, 0x33, 0x6E, 0xA4, 0xC3, 0x09, 0xB1, 0x48, 0x13, 0x7F, 0xF8, 0xB0, 0x0F, 0xE0, 0x57, 0xD6,
    0x25, 0xFF, 0x89, 0xD8, 0xF9, 0x9E, 0x35, 0x8D, 0xEB, 0x7C, 0x56, 0x73, 0x30, 0xE7, 0xC8, 0x9E,
    0x22, 0xB6, 0xC5, 0xFB, 0x4F, 0x6D, 0x26, 0xC3, 0x71, 0x28, 0x6F, 0xBE, 0x46, 0x03, 0xD1, 0x3C,
    0x6A, 0x1C, 0xA9, 0xF7, 0x0C, 0x93, 0x88, 0xD5, 0xAC, 0xD7, 0x0C, 0xCE, 0x25, 0x53, 0xD7, 0xA2,
    0xF7, 0x4B, 0x70, 0x80, 0x0C, 0x47, 0x88, 0xFF, 0x79, 0x40, 0xF4, 0xE9, 0x5B, 0xBE, 0x7F, 0x7E,
    0xDF, 0x7C, 0x11, 0x0E, 0x72, 0x20, 0x29, 0x69, 0xEC, 0x4D, 0x3B, 0x9E, 0x8D, 0xE8, 0xAA, 0x25,
    0x9A, 0x1A, 0xFB, 0x89, 0x7B, 0x00, 0xEF, 0x6F, 0xAB, 0xF3, 0xED, 0x3D, 0x71, 0x75, 0xCB, 0xBD,
    0x8F, 0xEE, 0x1C, 0x76, 0xE7, 0xBD, 0x3B, 0x57, 0xDE, 0xF9, 0xF5, 0x77, 0x47, 0xF7, 0xA4, 0x7B,
    0xCB, 0x69, 0x70, 0xDA, 0x54, 0xB3, 0xFF, 0x8A, 0x7E, 0xD1, 0x7D, 0xDD, 0x3B, 0xFB, 0x61, 0x8E,
    0xEF, 0x43, 0xD8, 0x6F, 0x5A, 0xE0, 0x44, 0x9F, 0x9F, 0xF8, 0xEA, 0x00, 0x20, 0xFC, 0x55, 0xAC,
    0x13, 0x6F, 0xD0, 0x4D, 0xA7, 0xFF, 0x3F, 0xD0, 0x11, 0x9A, 0x74, 0xBA, 0x56, 0xE7, 0xBF, 0x1C,
    0xBD, 0x5F, 0x93, 0xDC, 0x0C, 0xEA, 0xF6, 0xD3, 0xEB, 0xCF, 0xF5, 0x61, 0xF5, 0xF9, 0xD5, 0xE5,
    0xA7, 0x2A, 0xFF, 0x35, 0xF5, 0xC3, 0x86, 0xB0, 0x03, 0x0C, 0x7B, 0x6F, 0x2A, 0x24, 0x32, 0x92,
    0xD3, 0x80, 0x55, 0x52, 0x6F, 0xEA, 0xBC, 0x61, 0xA4, 0x7B, 0xA5, 0xCE, 0xBE, 0xBA, 0xFA, 0xEA,
    0xE8, 0x27, 0xD3, 0x77, 0x8A, 0x77, 0xF2, 0x33, 0x29, 0x71, 0x80, 0xB0, 0xDC, 0x34, 0x69, 0x19,
    0x0C, 0xF4, 0x50, 0x78, 0xB1, 0x05, 0x0E, 0xCA, 0x75, 0xBD, 0xEC, 0x83, 0xE5, 0xC0, 0xD2, 0xA9,
    0xA7, 0x4B, 0x4F, 0x87, 0x9E, 0xEE, 0xBC, 0x3A, 0xF3, 0x1C, 0xCA, 0x0E, 0xB6, 0xDB, 0x57, 0x62,
    0x95, 0x2E, 0x87, 0x2D, 0x60, 0xA2, 0x4E, 0x4B, 0x17, 0xC0, 0x22, 0x91, 0x48, 0xCD, 0x1C, 0x6C,
    0xB7, 0x3A, 0xA0, 0xC2, 0xF6, 0xB2, 0xEE, 0xD5, 0x28, 0x99, 0xCE, 0xD1, 0x32, 0xD7, 0x66, 0xCB,
    0x3C, 0xC6, 0x1A, 0x41, 0xFD, 0x48, 0x76, 0x24, 0xDD, 0xEF, 0x00, 0xE8, 0x2F, 0xA8, 0x79, 0xFC,
    0x6A, 0xE1, 0x37, 0x92, 0x71, 0x0D, 0x7C, 0xD6, 0x23, 0x35, 0x91, 0xD5, 0xCE, 0x33, 0xE0, 0x2F,
    0x01, 0xF3, 0x1D, 0xBA, 0x77, 0x29, 0x81, 0x70, 0x02, 0x80, 0x1F, 0xBA, 0xA8, 0x26, 0xF2, 0x63,
    0x2A, 0x0F, 0x86, 0x93, 0xD5, 0x98, 0xCA, 0x1F, 0xBD, 0x99, 0x8C, 0xDB, 0xC8, 0xEA, 0x54, 0x09,
    0x20, 0xD0, 0x4E, 0x74, 0xED, 0xC2, 0x0E, 0xB4, 0xFE, 0xC6, 0x1E, 0x80, 0x4B, 0x0C, 0x10, 0x94,
    0x8F, 0xDC, 0x44, 0x07, 0xD2, 0xC2, 0xC8, 0x84, 0x2B, 0xEF, 0xA8, 0xEA, 0xCF, 0x41, 0xD2, 0xFA,
    0xED, 0xFD, 0x0D, 0x27, 0x40, 0x44, 0x34, 0x8F, 0xDB, 0xAD, 0xEA, 0x39, 0x41, 0x30, 0x1C, 0xB1,
    0x46, 0x79, 0xDC, 0xA6, 0xD7, 0xAB, 0x7A, 0x23, 0x02, 0x54, 0xEF, 0x03, 0x63, 0x07, 0xD0, 0x4D,
    0xA8, 0xC7, 0xFD, 0x14, 0x97, 0x97, 0x41, 0xDA, 0x66, 0x29, 0xEF, 0x27, 0x53, 0x2B, 0x36, 0x67,
    0x0B, 0xA9, 0xDB, 0x3D, 0xED, 0x68, 0x91, 0xB0, 0xF7, 0xEB, 0x9E, 0x5F, 0xF1, 0x54, 0x8F, 0x62,
    0x96, 0x73, 0x86, 0xA0, 0xA5, 0x8C, 0x7A, 0x42, 0x47, 0xD8, 0x34, 0xC0, 0xB1, 0x52, 0x50, 0x57,
    0x29, 0x98, 0x71, 0xA0, 0xC3, 0xF4, 0xFB, 0x16, 0x11, 0xD7, 0x3C, 0xC4, 0x0D, 0x1F, 0xE3, 0xC3,
    0x06, 0x69, 0xC9, 0xD7, 0xA9, 0x24, 0xAD, 0x57, 0x8B, 0x70, 0x7B, 0x5F, 0x13, 0xDE, 0xDA, 0x71,
    0xDA, 0xDD, 0xC5, 0x71, 0xDA, 0x6D, 0xD5, 0x71, 0x1A, 0x6F, 0xB4, 0x43, 0xB8, 0x76, 0x9C, 0xEC,
    0x81, 0x94, 0x76, 0x6D, 0x35, 0x6F, 0x47, 0x9F, 0x2E, 0xDF, 0xE2, 0x99, 0xBE, 0x5C, 0x11, 0xEB,
    0xEB, 0xF9, 0xCA, 0xCD, 0x24, 0x06, 0xFF, 0xDD, 0xB2, 0xD2, 0xDE, 0xCD, 0xEC, 0x69, 0xB5, 0x95,
    0x9B, 0x99, 0x94, 0x57, 0xE0, 0x17, 0x68, 0x6F, 0x02, 0x9A, 0xC3, 0x9B, 0xC6, 0x5B, 0x8D, 0xA8,
    0x56, 0x1B, 0x7C, 0xAC, 0x2C, 0xA6, 0xED, 0x56, 0x56, 0x33, 0xCE, 0x6A, 0xE5, 0xDD, 0xAC, 0x86,
    0xB8, 0xE4, 0x4D, 0x97, 0x37, 0xE5, 0x79, 0x5A, 0x4D, 0xDD, 0x4D, 0xF8, 0xD5, 0xD3, 0x8B, 0xFD,
    0x65, 0x54, 0x39, 0x08, 0x10, 0x39, 0xB1, 0xB9, 0x3E, 0xD2, 0xAC, 0x09, 0xED, 0xE0, 0x7D, 0x17,
    0x92, 0x50, 0x51, 0x40, 0xC5, 0x89, 0x13, 0x56, 0x45, 0xD8, 0x53, 0x90, 0xFC, 0xB8, 0xBD, 0x4A,
    0xF6, 0x22, 0x13, 0x79, 0x50, 0xB8, 0xB0, 0x06, 0x8C, 0x08, 0x45, 0xE5, 0x04, 0x87, 0x07, 0x87,
    0xCD, 0x3A, 0xBE, 0xB8, 0x69, 0x7D, 0x30, 0xCC, 0x07, 0x82, 0xF4, 0x29, 0x93, 0xAB, 0x91, 0x0B,
    0xA8, 0xF0, 0x95, 0xDE, 0x67, 0xB2, 0x9F, 0x82, 0x6A, 0x08, 0x2A, 0x0D, 0xF3, 0xC4, 0x32, 0x22,
    0x79, 0x7F, 0xF5, 0xC9, 0xF7, 0x57, 0xF9, 0x33, 0x10, 0x8F, 0xAA, 0x31, 0x1A, 0xB4, 0xD9, 0xA2,
    0x8E, 0x3F, 0x27, 0x82, 0x8A, 0x9C, 0xBB, 0x44, 0x54, 0x98, 0x0F, 0xBF, 0xEE, 0xFA, 0xFC, 0x8D,
    0xCA, 0xC7, 0xC9, 0x54, 0xE8, 0x06, 0x57, 0x45, 0xCC, 0xBA, 0x4F, 0x48, 0x2B, 0x20, 0x2F, 0xDE,
    0x39, 0x9A, 0xF7, 0xFF, 0x64, 0x9D, 0x49, 0x1F, 0x8B, 0xD4, 0x07, 0x52, 0xA2, 0xDA, 0xF1, 0xF3,
    0xF2, 0x66, 0x20, 0x15, 0x19, 0x81, 0xEA, 0xC3, 0xDF, 0x69, 0x11, 0x8D, 0xC0, 0x73, 0x35, 0x70,
    0xA3, 0x9C, 0xF6, 0xB7, 0x4C, 0x38, 0x51, 0xB4, 0x6B, 0x64, 0x53, 0xDC, 0x40, 0x6C, 0x9D, 0xB9,
    0x0D, 0x4E, 0x14, 0x0B, 0xE5, 0x6C, 0x14, 0xB3, 0x7A, 0xBE, 0xFB, 0xCA, 0xA4, 0xE5, 0xF5, 0xCD,
    0x48, 0x0C, 0xE4, 0xC3, 0x0C, 0xC1, 0x66, 0x22, 0xE2, 0x6B, 0xA2, 0x81, 0xA0, 0x48, 0xA6, 0x4C,
    0x83, 0x44, 0x1A, 0x32, 0x52, 0x1D, 0x38, 0xF5, 0x0D, 0x69, 0x6E, 0x0B, 0x27, 0x84, 0x23, 0xA0,
    0xE2, 0x68, 0x11, 0xA4, 0xED, 0x46, 0x10, 0xB3, 0x15, 0x02, 0xB1, 0x06, 0x78, 0x66, 0x6E, 0x3C,
    0x91, 0x88, 0x2D, 0xA0, 0x10, 0x6C, 0xE5, 0x95, 0xCF, 0x45, 0x30, 0x22, 0x7B, 0xFF, 0xE1, 0xC0,
    0x2A, 0xB4, 0x38, 0xA8, 0x26, 0x70, 0x79, 0x0F, 0x4A, 0xC4, 0x75, 0xC2, 0xF9, 0x9A, 0xA4, 0x27,
    0xE5, 0x43, 0x7B, 0xA4, 0x0D, 0x56, 0x49, 0xEB, 0x4B, 0xC3, 0xA9, 0xDD, 0xD4, 0x6C, 0xB1, 0x3E,
    0x55, 0x2F, 0x83, 0xB6, 0xB8, 0x61, 0xB1, 0x91, 0x60, 0x1D, 0x04, 0x9C, 0xAC, 0x02, 0x11, 0x05,
    0xDE, 0x30, 0x6A, 0xAA, 0x82, 0x60, 0x08, 0x19, 0x87, 0xA1, 0x9A, 0x49, 0xAD, 0xA4, 0x46, 0x52,
    0x1B, 0xF1, 0x93, 0x6F, 0xDF, 0x34, 0x51, 0x1B, 0xF4, 0x69, 0x89, 0x53, 0xBA, 0xEA, 0x03, 0x90,
    0x74, 0xF0, 0x49, 0xAD, 0x17, 0x89, 0x64, 0xB4, 0x5D, 0x56, 0x87, 0x42, 0xBB, 0xD3, 0x70, 0x54,
    0x63, 0x6F, 0xCA, 0xBC, 0xC6, 0x7B, 0xB4, 0x2E, 0xCD, 0xCC, 0x77, 0x18, 0x16, 0xD4, 0x18, 0x21,
    0xB0, 0x64, 0xB5, 0xC0, 0x73, 0x11, 0xDA, 0xD9, 0x4C, 0x7D, 0x26, 0xD2, 0xD0, 0x48, 0xAC, 0x03,
    0x82, 0x41, 0x27, 0x97, 0x53, 0xB8, 0x6A, 0x40, 0xC9, 0xFB, 0xE4, 0x63, 0xC3, 0x33, 0x9C, 0x82,
    0x63, 0x1B, 0x96, 0xB7, 0x75, 0x23, 0x6B, 0xA9, 0x92, 0x17, 0x34, 0x7C, 0x03, 0xAB, 0x01, 0x61,
    0x9A, 0xCB, 0x0A, 0x3F, 0x25, 0x3A, 0x7E, 0x6A, 0x40, 0x5E, 0xD1, 0x01, 0x23, 0xFB, 0xB1, 0x0D,
    0x46, 0xBE, 0x51, 0x11, 0x4C, 0xA9, 0xD1, 0x1C, 0x0D, 0xE5, 0x2C, 0x9A, 0x31, 0x11, 0x4C, 0xAE,
    0x83, 0x90, 0x1B, 0x45, 0x64, 0xDC, 0x1F, 0xC7, 0xEF, 0xE1, 0x7E, 0x48, 0xDA, 0x65, 0xDA, 0xFC,
    0x2A, 0xEC, 0x25, 0x73, 0x1F, 0x40, 0xFD, 0x86, 0x5F, 0xD2, 0xAD, 0x8E, 0xF6, 0x66, 0x13, 0x58,
    0xEF, 0x53, 0x18, 0xD6, 0xDC, 0xB0, 0xE6, 0xA6, 0x2A, 0x67, 0x10, 0xFE, 0xF9, 0x4F, 0xDD, 0xF2,
    0x08, 0x4E, 0x09, 0x26, 0xF7, 0xEF, 0x92, 0xBF, 0x06, 0x46, 0x0D, 0x30, 0x5E, 0xB4, 0x5D, 0x23,
    0x10, 0xE7, 0x67, 0x8B, 0xCF, 0x63, 0x2B, 0xBC, 0xF2, 0x4A, 0x2C, 0xBD, 0x9F, 0x0C, 0x1E, 0xE5,
    0xBE, 0x51, 0x5D, 0xB4, 0xA8, 0x5E, 0x2A, 0x93, 0x80, 0xF0, 0xEF, 0xFC, 0x53, 0xEF, 0x8E, 0xB8,
    0x97, 0x0F, 0x72, 0xD1, 0x8C, 0xEA, 0x17, 0xC5, 0xE7, 0x10, 0x70, 0x69, 0x65, 0x54, 0xA3, 0x46,
    0xCD, 0x7A, 0x62, 0x3C, 0xA3, 0xAE, 0xA8, 0x11, 0xDF, 0x54, 0x58, 0xD2, 0xA3, 0xB7, 0xB6, 0x56,
    0x30, 0x39, 0xB3, 0xF6, 0xBF, 0xB1, 0x42, 0x96, 0x77, 0xED, 0x12, 0x4A, 0xE8, 0xB8, 0xCA, 0x8D,
    0x1A, 0xBE, 0xAF, 0xF8, 0x88, 0x3A, 0x69, 0x3D, 0x56, 0xC9, 0x88, 0x08, 0x81, 0xE7, 0x08, 0xDB,
    0x69, 0xD9, 0xE7, 0x27, 0xED, 0x32, 0x0B, 0x8E, 0xBC, 0xD4, 0x2F, 0xD3, 0x67, 0xC1, 0x4B, 0x32,
    0xE9, 0x28, 0xEF, 0x81, 0xED, 0x9F, 0xF0, 0x36, 0x84, 0x60, 0xB4, 0x36, 0xF5, 0x1E, 0xF8, 0xC9,
    0xF4, 0xFB, 0xF8, 0x48, 0xF5, 0x5B, 0x87, 0x16, 0x85, 0x4E, 0xD4, 0xF2, 0x14, 0xDB, 0x22, 0x6A,
    0xC3, 0xDB, 0x4F, 0x84, 0xBA, 0x78, 0x33, 0x3F, 0x6F, 0xFB, 0xBA, 0x81, 0x6D, 0xE7, 0x14, 0x15,
    0x58, 0xCE, 0x9E, 0xB4, 0x53, 0xB0, 0x76, 0x55, 0xCE, 0xDA, 0xB0, 0x32, 0x8D, 0xC6, 0xCD, 0x94,
    0x39, 0xCD, 0xAB, 0x0F, 0x9B, 0x55, 0xE6, 0x35, 0xFB, 0x4A, 0x6C, 0x86, 0xEA, 0x1D, 0x55, 0x5B,
    0x88, 0x94, 0xCF, 0x96, 0xF7, 0xE1, 0x6E, 0x21, 0x31, 0x98, 0x47, 0x94, 0x0B, 0xE0, 0x47, 0x26,
    0x17, 0x7F, 0x2D, 0xDA, 0xFF, 0x7F, 0xA7, 0x7D, 0x2C, 0x69, 0xD2, 0x9B, 0x4C, 0xCA, 0x96, 0x69,
    0x21, 0xFB, 0x7F, 0xF7, 0x6C, 0x8F, 0xE9, 0xE1, 0x0A, 0x17, 0xFF, 0x6C, 0x8F, 0x6B, 0x70, 0xAE,
    0xDD, 0x6E, 0x3D, 0x2B, 0x6C, 0x1A, 0x9D, 0x83, 0xEE, 0xEE, 0x59, 0xBD, 0xF0, 0xBE, 0x3C, 0x2B,
    0x6C, 0xB7, 0x9F, 0x89, 0x67, 0x05, 0x98, 0xD5, 0x24, 0xA1, 0xC1, 0x9E, 0xA7, 0xDB, 0xB3, 0xF2,
    0xB6, 0xBE, 0x6F, 0x91, 0xD4, 0xB7, 0x15, 0x32, 0xA7, 0x33, 0x31, 0x6E, 0xB7, 0x85, 0xBF, 0xF7,
    0xA0, 0x22, 0x2B, 0xB3, 0xD2, 0x82, 0xBB, 0x12, 0xED, 0xDD, 0x32, 0x52, 0x70, 0x07, 0xDF, 0x73,
    0xFF, 0x30, 0x18, 0xE9, 0x61, 0xA7, 0xEF, 0x1C, 0x21, 0x0D, 0x2A, 0x48, 0x0E, 0x93, 0x0B, 0xB7,
    0x8D, 0x23, 0xF8, 0x59, 0x82, 0x5D, 0x43, 0xEA, 0x54, 0x2E, 0xCE, 0x5A, 0xB1, 0x8C, 0xA8, 0xD0,
    0x2E, 0xFE, 0x5C, 0xCA, 0xFE, 0x57, 0xE5, 0xD0, 0x46, 0xB7, 0x59, 0x07, 0x4C, 0x52, 0xFA, 0x33,
    0x1A, 0x16, 0x60, 0x71, 0x7F, 0xC0, 0xBE, 0xE2, 0x87, 0x3E, 0x5B, 0xD2, 0x5F, 0xDD, 0xDB, 0xDE,
    0x0B, 0xAF, 0x4A, 0x49, 0x68, 0x08, 0xDD, 0x0C, 0x7A, 0x1C, 0x67, 0x2D, 0xA1, 0x22, 0x98, 0x7C,
    0x06, 0x3A, 0xAD, 0x7A, 0x08, 0xA7, 0x47, 0x70, 0x7A, 0x00, 0x67, 0x31, 0x11, 0x0C, 0x21, 0xAB,
    0xAD, 0x1E, 0xBC, 0x91, 0x82, 0xD5, 0x43, 0x37, 0xD2, 0x22, 0x54, 0x04, 0x43, 0x48, 0x09, 0x31,
    0x21, 0xB2, 0xC1, 0x6F, 0x02, 0xC1, 0xB2, 0xCA, 0x64, 0xB9, 0xEB, 0x66, 0x61, 0xBB, 0x77, 0x48,
    0xC6, 0x23, 0x32, 0x1E, 0x90, 0xF1, 0x78, 0x4C, 0x10, 0xF8, 0x7D, 0xF2, 0x83, 0x65, 0x80, 0x5F,
    0xF2, 0xA3, 0x0C, 0x71, 0x43, 0x4C, 0x73, 0xE2, 0x73, 0x09, 0xF8, 0x19, 0x96, 0x03, 0x72, 0x47,
    0xF4, 0xCF, 0x1D, 0xB1, 0x3E, 0xC3, 0xF0, 0x03, 0x5A, 0xA1, 0x6A, 0x75, 0xC4, 0xF5, 0x69, 0x62,
    0xA8, 0xB1, 0x87, 0xE8, 0x3D, 0x9D, 0x8E, 0xDC, 0x1E, 0xBE, 0x65, 0x91, 0x96, 0x4F, 0x90, 0x0D,
    0xAE, 0x00, 0xFE, 0x20, 0xED, 0x04, 0x69, 0xB9, 0x3A, 0xDC, 0x6A, 0x10, 0x9D, 0x1D, 0x6E, 0xB1,
    0x36, 0xC1, 0xE0, 0x77, 0xCE, 0x7C, 0xEC, 0xD4, 0x8F, 0x8A, 0x23, 0x35, 0xC9, 0x08, 0xBF, 0x5E,
    0x37, 0x08, 0x26, 0x75, 0x37, 0xF4, 0x50, 0x46, 0x09, 0xF4, 0x6E, 0xD0, 0xFD, 0xE5, 0xCB, 0x81,
    0x2E, 0x01, 0xFE, 0xF6, 0x32, 0x2D, 0x7C, 0xD7, 0xE3, 0xAE, 0x07, 0x8F, 0x3F, 0xF4, 0xC7, 0x07,
    0x52, 0x1E, 0xE3, 0x6C, 0xC7, 0x67, 0xCA, 0xF5, 0x49, 0x6F, 0xAF, 0x22, 0x6A, 0x70, 0x4B, 0x22,
    0x45, 0x56, 0xD8, 0x89, 0xE4, 0x3F, 0xE7, 0x79, 0x1E, 0x48, 0xDF, 0xD4, 0xA9, 0x8E, 0x48, 0xC5,
    0x91, 0x13, 0x76, 0x2D, 0xC2, 0x5E, 0x45, 0xD4, 0x51, 0xD0, 0xAF, 0xE1, 0x7B, 0x09, 0x27, 0x72,
    0x8B, 0xAC, 0x54, 0x61, 0xA0, 0xF7, 0x2A, 0x11, 0x0A, 0x51, 0x11, 0xEC, 0xB6, 0xAF, 0x5B, 0x82,
    0x02, 0x74, 0x72, 0x54, 0x24, 0xB5, 0x8A, 0xB4, 0x54, 0x61, 0x72, 0x50, 0x59, 0xA1, 0x55, 0x9B,
    0x46, 0x27, 0x00, 0x1C, 0xB8, 0xC3, 0xA0, 0xA4, 0xBD, 0x23, 0xBD, 0xA0, 0xC4, 0x05, 0x8B, 0x54,
    0x00, 0x3F, 0x41, 0xC0, 0x44, 0xD0, 0x66, 0x55, 0x47, 0x83, 0x94, 0x89, 0x19, 0xD6, 0xE9, 0x19,
    0xBA, 0x1D, 0x48, 0x73, 0x75, 0x4C, 0xD5, 0x39, 0x1F, 0xE9, 0xA8, 0x47, 0x13, 0x12, 0xF6, 0x44,
    0xFD, 0xCF, 0xB9, 0x4F, 0xD6, 0x06, 0xC8, 0x5E, 0x41, 0x4F, 0xF9, 0x48, 0xB7, 0x03, 0x96, 0xDB,
    0x01, 0xB6, 0x82, 0x45, 0xDC, 0x10, 0xD3, 0x92, 0x68, 0x40, 0x3C, 0x21, 0x06, 0x03, 0xB7, 0x03,
    0x51, 0xC7, 0xED, 0x40, 0x52, 0x73, 0x3B, 0x90, 0xE5, 0x8C, 0x56, 0x4E, 0x9C, 0xD7, 0x52, 0xAB,
    0xCB, 0xA2, 0x6E, 0x07, 0x36, 0xBA, 0x1D, 0x20, 0xF3, 0x1A, 0x19, 0xB7, 0x03, 0xAC, 0x91, 0xA6,
    0x67, 0xBF, 0x19, 0xDE, 0x39, 0x29, 0xE0, 0xBB, 0xA5, 0xEB, 0x04, 0xAB, 0x25, 0xF0, 0x59, 0x74,
    0xD2, 0x53, 0x84, 0x1A, 0x95, 0xDA, 0xFD, 0x24, 0xE7, 0x98, 0x88, 0x9E, 0xFF, 0x46, 0x70, 0x8A,
    0xF4, 0x93, 0xF9, 0x08, 0xC3, 0xC3, 0x5F, 0x9B, 0xD4, 0x36, 0xEC, 0x67, 0xD8, 0xB4, 0x33, 0x24,
    0x75, 0x52, 0x8F, 0x86, 0x9E, 0xFF, 0x09, 0x77, 0x3A, 0x03, 0x0C, 0xB2, 0x0E, 0x54, 0xF0, 0x9D,
    0xD6, 0xC5, 0x37, 0x1E, 0xCF, 0x26, 0xEA, 0x56, 0xF3, 0x69, 0x9B, 0x5B, 0x35, 0x9D, 0xD1, 0xD8,
    0x79, 0xF2, 0x4D, 0xBD, 0x8E, 0xFE, 0xC7, 0x2E, 0xF6, 0x61, 0x77, 0xB1, 0xE9, 0x90, 0xFD, 0x32,
    0xE7, 0x0E, 0x36, 0x48, 0x06, 0xFC, 0x65, 0x5C, 0x9E, 0xDF, 0xC8, 0x5F, 0x22, 0x8F, 0xCF, 0xCB,
    0xFD, 0xC1, 0xAF, 0x2E, 0x7A, 0xEA, 0xA0, 0x64, 0xBA, 0x95, 0x4B, 0xB0, 0x9F, 0xB4, 0x9E, 0x4B,
    0x7C, 0xBB, 0x68, 0x88, 0xD2, 0x12, 0x9F, 0xD2, 0x36, 0xBD, 0xDE, 0xAF, 0x22, 0xDB, 0xC7, 0xB4,
    0x51, 0x7D, 0x16, 0xDF, 0x4E, 0x73, 0x47, 0x32, 0x59, 0xC7, 0x68, 0xDB, 0x55, 0x8C, 0xB6, 0x57,
    0xEB, 0xDC, 0x88, 0xD1, 0x36, 0x8B, 0x11, 0x0B, 0x0E, 0x6F, 0x6F, 0xD6, 0x65, 0x4F, 0x7B, 0x0A,
    0xF0, 0x89, 0x74, 0xE0, 0xFB, 0x79, 0xB8, 0x3B, 0xAC, 0xA3, 0x3A, 0x6A, 0xA2, 0x3C, 0x68, 0xCE,
    0xDB, 0x3A, 0x45, 0xDC, 0x22, 0x7B, 0x53, 0x8F, 0xB8, 0xB6, 0x08, 0xDB, 0xC7, 0x81, 0xBF, 0x4C,
    0xD6, 0xFB, 0xAE, 0x41, 0xF3, 0x3C, 0xD0, 0xEF, 0xBA, 0x8D, 0xD9, 0x6E, 0x73, 0x23, 0xD2, 0x6A,
    0x06, 0x70, 0xD7, 0x4C, 0x5D, 0x5E, 0xEF, 0x69, 0xD2, 0xE8, 0x44, 0x9A, 0x3C, 0x39, 0x20, 0x6A,
    0xAE, 0x01, 0x5D, 0x8A, 0x33, 0x7E, 0x03, 0xFB, 0x54, 0x3E, 0xBB, 0x5B, 0x4D, 0x56, 0x6E, 0x18,
    0xCF, 0x1F, 0x9E, 0x00, 0xEC, 0xF1, 0xFE, 0x29, 0xC7, 0x55, 0xEB, 0xBD, 0xC6, 0x53, 0xAF, 0x3F,
    0xAB, 0xF1, 0x39, 0xC9, 0xEE, 0x8D, 0x7D, 0x48, 0xB3, 0x67, 0x53, 0xC9, 0xC6, 0x67, 0xD3, 0xB3,
    0xE1, 0x93, 0x32, 0xC5, 0x73, 0x10, 0x63, 0x49, 0xEC, 0xB8, 0xCC, 0xB3, 0x9E, 0x9C, 0x7A, 0xEE,
    0x94, 0xE7, 0xFB, 0x7C, 0xB6, 0x64, 0xD6, 0x6B, 0x77, 0x7F, 0x36, 0x5F, 0xF4, 0x6A, 0x50, 0x40,
    0x46, 0x44, 0xBB, 0x43, 0x6C, 0xCA, 0x38, 0xDF, 0xE4, 0x51, 0x7E, 0xDE, 0xFC, 0xCC, 0xB7, 0xF4,
    0x5C, 0xB4, 0x35, 0xA2, 0x11, 0xF4, 0x69, 0x8E, 0x6B, 0x51, 0xBD, 0x22, 0x58, 0x6B, 0xDE, 0xF4,
    0xEC, 0xB7, 0xE7, 0x93, 0xA9, 0xCB, 0xEB, 0x9D, 0x7C, 0xFB, 0xF1, 0xFF, 0x5A, 0x37, 0xCD, 0x13,
    0xFB, 0xED, 0x97, 0xD4, 0xE7, 0x93, 0xAF, 0xF2, 0xCC, 0xD4, 0x48, 0x77, 0x82, 0xBF, 0xFC, 0x53,
    0x7C, 0xE3, 0xD2, 0x31, 0xBB, 0xF9, 0xA7, 0x81, 0xC4, 0x87, 0xF9, 0x05, 0xA3, 0xD7, 0x10, 0x4E,
    0x79, 0x2A, 0xCD, 0x95, 0xD7, 0x76, 0x7F, 0x8B, 0xBF, 0xFC, 0x3E, 0x7C, 0x09, 0x98, 0x1E, 0x56,
    0xA7, 0x55, 0x1F, 0xF5, 0x34, 0x6E, 0x17, 0xEF, 0xC0, 0xFB, 0x52, 0x61, 0x73, 0xE9, 0x62, 0x47,
    0xB6, 0xD8, 0x83, 0x90, 0x3E, 0x69, 0xFD, 0xBB, 0xDA, 0x89, 0x70, 0x6D, 0xF3, 0x34, 0x45, 0xAE,
    0xF0, 0x4C, 0x37, 0x39, 0x0F, 0x3A, 0x39, 0xF3, 0x0A, 0x47, 0x29, 0x38, 0x4E, 0x2F, 0xB6, 0xD9,
    0xF0, 0x92, 0x51, 0xAB, 0x53, 0x22, 0xD8, 0x7D, 0x67, 0x83, 0xB0, 0x09, 0x5A, 0x84, 0x35, 0xDA,
    0xA7, 0xC5, 0x6C, 0x86, 0xBE, 0x52, 0xFA, 0x8F, 0x03, 0xAB, 0x7C, 0x0C, 0x84, 0x1D, 0x3D, 0xF5,
    0x9F, 0x8B, 0xF3, 0xBD, 0x40, 0xDE, 0x8E, 0x20, 0x2D, 0xCC, 0xF6, 0x70, 0x80, 0xD1, 0x5E, 0xEF,
    0x7D, 0x73, 0x73, 0x1B, 0x38, 0x22, 0xD8, 0x19, 0xE2, 0x81, 0xAF, 0x35, 0x33, 0xF0, 0x43, 0xDB,
    0x62, 0x06, 0x9A, 0xD7, 0x20, 0x39, 0x0B, 0x7C, 0xF7, 0xD4, 0x67, 0xCF, 0xF4, 0xB1, 0xA6, 0x59,
    0xAD, 0x21, 0x07, 0x9D, 0x10, 0x9E, 0x1C, 0xB4, 0x05, 0xC2, 0x2E, 0x63, 0xB5, 0x4A, 0xF8, 0x14,
    0xB5, 0x59, 0x13, 0xBD, 0x5B, 0x9A, 0xE8, 0x83, 0xD7, 0xCB, 0x48, 0x72, 0x44, 0x23, 0xD4, 0x63,
    0x8C, 0x1E, 0x70, 0x7E, 0xD2, 0x4E, 0xA3, 0x7D, 0x26, 0x92, 0x11, 0x88, 0xD9, 0x63, 0x92, 0xFD,
    0x0E, 0x23, 0xF2, 0x3E, 0x82, 0x94, 0x0C, 0xD2, 0xB4, 0xB0, 0x9C, 0xB7, 0x96, 0x48, 0x8F, 0xBD,
    0x15, 0x02, 0xDE, 0xD0, 0xC0, 0x49, 0xD6, 0xF2, 0xB5, 0x1C, 0x42, 0xF5, 0xE3, 0x56, 0xEF, 0x9F,
    0x12, 0x0C, 0x21, 0xAB, 0xD7, 0x27, 0x16, 0x5E, 0xDF, 0x48, 0xA8, 0x08, 0x26, 0x0F, 0xAA, 0x37,
    0xC7, 0xD2, 0xA7, 0xEF, 0x38, 0x7E, 0x1C, 0x97, 0xBE, 0x02, 0x9F, 0x0D, 0x4D, 0x57, 0xC2, 0xE9,
    0x4A, 0x3A, 0x5E, 0x29, 0x5E, 0x6F, 0x7A, 0x98, 0x06, 0xA6, 0x74, 0x27, 0x09, 0xF7, 0xF8, 0x25,
    0x6E, 0x4C, 0x9E, 0x70, 0x4B, 0x61, 0x00, 0x1C, 0xD3, 0xB5, 0xB8, 0x1C, 0x36, 0x17, 0xE0, 0x7F,
    0x1F, 0x2A, 0xCE, 0xFC, 0xDF, 0xB2, 0xB7, 0x72, 0x9F, 0xFF, 0xBF, 0x5C, 0xE1, 0xAA, 0x1E, 0x0C,
    0xE4, 0xFE, 0x34, 0xE6, 0x6F, 0x83, 0x0E, 0xE8, 0xF0, 0xA7, 0x17, 0x80, 0xBE, 0x5B, 0xD8, 0x27,
    0xBF, 0xB0, 0x6F, 0xF2, 0x03, 0x84, 0xF9, 0xB9, 0xD3, 0xCF, 0xE4, 0xCD, 0xA1, 0x88, 0x8D, 0x77,
    0x6F, 0xE4, 0xD2, 0xF2, 0x5C, 0xB3, 0xFA, 0x57, 0x4C, 0x96, 0xB3, 0x06, 0x48, 0x18, 0x0E, 0x97,
    0x46, 0xEB, 0x82, 0x97, 0xB0, 0x50, 0xF0, 0xCA, 0x08, 0x60, 0xBA, 0x29, 0xE8, 0x7D, 0xF4, 0x4A,
    0x04, 0x76, 0x8E, 0xB9, 0xF7, 0x85, 0x48, 0xF3, 0x62, 0xD9, 0xC1, 0x27, 0xBF, 0xA8, 0x37, 0x2E,
    0x70, 0x91, 0xB8, 0x63, 0xA3, 0x50, 0xF4, 0x0C, 0x35, 0x2F, 0xFE, 0xBD, 0xC2, 0x88, 0x00, 0x8B,
    0x13, 0x52, 0x91, 0xFA, 0xCE, 0x7F, 0x93, 0x51, 0xDA, 0x40, 0x5B, 0x87, 0x2F, 0x6A, 0x2E, 0x91,
    0x95, 0xD3, 0x6B, 0x25, 0x17, 0x19, 0xE7, 0xEA, 0xAC, 0x36, 0xF1, 0x29, 0x2B, 0xCC, 0x81, 0xE0,
    0x4F, 0x4D, 0xFE, 0x12, 0xD0, 0x5D, 0xA4, 0xC2, 0x76, 0xDE, 0x49, 0xBE, 0x52, 0xAB, 0xF1, 0x74,
    0xC0, 0x2A, 0x05, 0x83, 0x6E, 0xD7, 0x79, 0x63, 0x75, 0x5A, 0xC5, 0x02, 0x7F, 0x9B, 0x9A, 0xAC,
    0x0A, 0xBA, 0x62, 0xF6, 0x7B, 0xFF, 0xFD, 0xEA, 0x5C, 0xBE, 0xC7, 0xAF, 0xC5, 0x66, 0xFC, 0xB1,
    0x50, 0x2C, 0x5D, 0x3B, 0x4D, 0x3A, 0x6D, 0x2A, 0xE9, 0x63, 0xA0, 0xA3, 0xCB, 0x9E, 0x23, 0xA6,
    0xDF, 0x56, 0x70, 0x36, 0xBF, 0xEC, 0x37, 0xBF, 0xC5, 0xFE, 0x31, 0x65, 0x01, 0x6F, 0xEC, 0xCD,
    0xE0, 0xFF, 0x1F, 0xFB, 0x90, 0x3D, 0x8E, 0xAF, 0xE1, 0xEF, 0xC2, 0xF1, 0xC6, 0x23, 0xD9, 0x9D,
    0xCE, 0x57, 0x78, 0x43, 0x1F, 0x09, 0xA6, 0xE5, 0x00, 0xA8, 0xE2, 0x6A, 0x21, 0x39, 0x5E, 0xC2,
    0x0E, 0x5C, 0x49, 0x3E, 0x03, 0x1B, 0xE7, 0x87, 0x7C, 0x1C, 0x40, 0xDB, 0x3A, 0x7B, 0x7F, 0x55,
    0x3F, 0x0B, 0x71, 0xBB, 0x3F, 0xD3, 0xF2, 0xEF, 0x8C, 0x0B, 0x2E, 0x50, 0x8D, 0x80, 0x54, 0x35,
    0xDE, 0x17, 0x77, 0xB8, 0x79, 0xC3, 0x81, 0xC0, 0xBA, 0x99, 0x9C, 0xF7, 0x4C, 0x83, 0x03, 0xC9,
    0xA9, 0xB7, 0x90, 0x37, 0xA3, 0xEA, 0x81, 0x9F, 0xD7, 0x48, 0x44, 0xD0, 0x03, 0x4F, 0xB0, 0xA7,
    0xA5, 0x7F, 0x52, 0xFA, 0x73, 0xC0, 0xC8, 0xE2, 0x33, 0x1A, 0xCE, 0xD3, 0xEF, 0xFF, 0xFE, 0x1F,
    0x68, 0x27, 0x52, 0x78, 0xD8, 0x11, 0xAF, 0xA7, 0xCC, 0x7A, 0xCC, 0xEC, 0xCF, 0x99, 0x11, 0xCA,
    0x2A, 0x60, 0xF6, 0x55, 0xB8, 0x39, 0x99, 0xFB, 0x47, 0xC6, 0x3B, 0x60, 0x8C, 0xF4, 0x33, 0x4E,
    0xDF, 0x69, 0x67, 0x6C, 0x31, 0xE9, 0x98, 0x29, 0xE0, 0x57, 0x81, 0x73, 0xFA, 0xFD, 0x0F, 0x8D,
    0x95, 0x01, 0x84, 0x1C, 0xD7, 0x1F, 0xC7, 0x3F, 0xBB, 0x93, 0xFC, 0xE7, 0xDF, 0x9B, 0xBB, 0x7B,
    0x87, 0xA4, 0x54, 0x72, 0x99, 0xD2, 0x62, 0xD5, 0x65, 0x67, 0x11, 0xB2, 0xD8, 0xDD, 0x99, 0x2A,
    0x00, 0xBA, 0xC8, 0x34, 0x08, 0x04, 0x81, 0x2A, 0x52, 0x04, 0x8B, 0xBB, 0xCE, 0x68, 0x80, 0x22,
    0x0E, 0x14, 0x8A, 0x2E, 0x6D, 0x29, 0xE0, 0xB4, 0x87, 0xC5, 0x35, 0xFB, 0xA2, 0x50, 0x94, 0x4E,
    0x9B, 0x56, 0x50, 0x18, 0x5A, 0x28, 0xCA, 0xAB, 0x0E, 0x99, 0x30, 0xBB, 0xAF, 0xEF, 0xED, 0xEC,
    0x5D, 0xF6, 0x22, 0x8D, 0x7E, 0xBF, 0xBF, 0xF7, 0xDE, 0xFB, 0xFD, 0xDE, 0x77, 0xDF, 0x1B, 0xEF,
    0xF7, 0x9B, 0xD9, 0x37, 0x08, 0x53, 0x21, 0x5D, 0xD5, 0x28, 0xD8, 0x6D, 0x7C, 0xEE, 0x14, 0x22,
    0xF7, 0xD3, 0x01, 0x13, 0x78, 0x17, 0x34, 0x8E, 0x96, 0xDE, 0x23, 0x15, 0xBC, 0x59, 0xEE, 0x32,
    0x68, 0x44, 0x8D, 0x48, 0x94, 0x4E, 0x1A, 0xE8, 0x4F, 0xA3, 0x9E, 0xAF, 0xB9, 0xD3, 0x2C, 0x89,
    0xE3, 0xA1, 0xD6, 0xCA, 0x58, 0x6C, 0x67, 0x66, 0xB4, 0x6D, 0xC8, 0x4D, 0x85, 0xBA, 0x7F, 0x23,
    0x0F, 0xCD, 0xAF, 0xE7, 0x4C, 0xAA, 0x6A, 0x34, 0xF1, 0xD2, 0x4A, 0x48, 0xD3, 0xDF, 0x8F, 0x74,
    0xDE, 0x50, 0xA8, 0xA6, 0x0A, 0x64, 0x9B, 0xCB, 0xF8, 0x59, 0x52, 0xA8, 0x9E, 0x65, 0x52, 0xF8,
    0x59, 0xB3, 0x0C, 0x52, 0x47, 0x25, 0x08, 0x59, 0xE1, 0x37, 0x15, 0x3D, 0x47, 0x72, 0x8B, 0x57,
    0x06, 0x1C, 0xF9, 0x77, 0x95, 0xAB, 0xB3, 0xA6, 0x8E, 0xD0, 0x54, 0x0B, 0x84, 0xAC, 0x5A, 0xE8,
    0x28, 0xFC, 0x07, 0x25, 0x6E, 0xF6, 0x0D, 0x66, 0x6F, 0x18, 0x79, 0x29, 0x13, 0xA8, 0xAC, 0x6D,
    0x8D, 0xB6, 0x46, 0x1C, 0x0E, 0xAE, 0xAB, 0x40, 0x67, 0xEE, 0x1C, 0xCE, 0x63, 0xF6, 0xF2, 0x75,
    0x61, 0xF6, 0xED, 0x9A, 0x33, 0x32, 0x57, 0x0A, 0xE9, 0xA7, 0x41, 0x14, 0x92, 0x30, 0x45, 0x64,
    0xC6, 0x93, 0x7E, 0x14, 0x30, 0xA0, 0xCF, 0x2E, 0x53, 0x12, 0x42, 0x82, 0x48, 0xD8, 0x7B, 0x92,
    0x4E, 0x66, 0xD6, 0x6B, 0x3D, 0xE1, 0x62, 0x7D, 0x71, 0x83, 0x99, 0xA3, 0x1A, 0x25, 0x3D, 0xBE,
    0x6C, 0x56, 0xAE, 0x12, 0x32, 0x88, 0x7A, 0xA0, 0xCE, 0xAB, 0xA9, 0x21, 0x86, 0x8A, 0x27, 0x43,
    0xAD, 0xB4, 0xB2, 0xCE, 0xF9, 0x38, 0x9A, 0x6A, 0x69, 0x0C, 0xE7, 0x59, 0x6B, 0x96, 0xCD, 0xD2,
    0x51, 0x5E, 0x9E, 0xC8, 0x39, 0xFB, 0x6C, 0xEF, 0x29, 0xA5, 0xF6, 0xB6, 0x9B, 0xA9, 0x23, 0x1D,
    0x79, 0xE3, 0x67, 0x5D, 0xE9, 0x2A, 0xBE, 0x66, 0x7B, 0xE3, 0x1B, 0xAE, 0xC6, 0xED, 0x2C, 0x8E,
    0xB5, 0x01, 0xD5, 0x53, 0x5E, 0xAF, 0xA6, 0x45, 0x92, 0xAD, 0x04, 0xD0, 0x37, 0x13, 0xE5, 0xAB,
    0xD1, 0x6A, 0x46, 0x4E, 0x67, 0x40, 0x48, 0x91, 0xFA, 0xB4, 0xE9, 0x21, 0xF0, 0xF1, 0x33, 0x9B,
    0xAB, 0xEB, 0x4A, 0xE7, 0x3A, 0x02, 0x41, 0x9F, 0x11, 0xCA, 0x70, 0x36, 0x9C, 0xE6, 0x41, 0x56,
    0x59, 0xC4, 0xF6, 0x58, 0x0B, 0x85, 0xA8, 0x6D, 0xCC, 0x9A, 0x32, 0x89, 0x53, 0x7B, 0x5E, 0x9A,
    0x68, 0x8D, 0xFF, 0xB0, 0x5C, 0xE6, 0x50, 0x7C, 0x5B, 0x9C, 0xE4, 0xF0, 0xA4, 0xBC, 0xC4, 0xA3,
    0x7C, 0x51, 0x5E, 0x7B, 0xCF, 0x54, 0x0D, 0xF1, 0xA9, 0x24, 0x31, 0x6C, 0x44, 0xDE, 0xCC, 0x91,
    0xBE, 0xFE, 0x24, 0xED, 0xFB, 0x9A, 0x6E, 0x63, 0x76, 0xAA, 0xF8, 0xAE, 0x69, 0xAD, 0x2B, 0xDB,
    0x56, 0x0B, 0x11, 0x60, 0xD5, 0x37, 0x15, 0x8C, 0x5F, 0x78, 0x84, 0xFA, 0x36, 0x87, 0xC1, 0x0C,
    0xE5, 0x16, 0xA7, 0xD6, 0xE3, 0x05, 0xF4, 0x0A, 0x00, 0x1A, 0x12, 0x91, 0x33, 0x95, 0xEE, 0x8C,
    0x30, 0xE7, 0x3E, 0xBC, 0x0E, 0xE0, 0x64, 0xE0, 0x49, 0x10, 0x29, 0xF8, 0x40, 0x00, 0xF4, 0x81,
    0x23, 0xA0, 0x84, 0x86, 0x82, 0xA6, 0xAA, 0x65, 0xEE, 0xB1, 0x2C, 0x7A, 0x2A, 0xDB, 0xAD, 0x65,
    0x14, 0x4B, 0x59, 0xFE, 0x54, 0x26, 0x96, 0xB2, 0xC1, 0x52, 0x56, 0xCC, 0x2E, 0x89, 0x4B, 0xB3,
    0xC2, 0x5E, 0x2B, 0xC2, 0xD8, 0x93, 0xF8, 0xB6, 0x3E, 0x46, 0x6A, 0x9A, 0x54, 0x38, 0x27, 0xCD,
    0xFA, 0xB6, 0x5D, 0xF8, 0xB0, 0xC4, 0xDE, 0x7E, 0xF1, 0x81, 0x97, 0xDA, 0x6C, 0x40, 0xAF, 0x17,
    0x94, 0x22, 0x17, 0x6A, 0x70, 0xD4, 0x6A, 0xC1, 0x05, 0x12, 0x4A, 0x0A, 0x76, 0x69, 0x23, 0xF0,
    0x99, 0x53, 0xF0, 0xA2, 0xAB, 0xFB, 0xD7, 0x22, 0x7F, 0x4E, 0x5E, 0xCE, 0x91, 0xA4, 0x89, 0x7D,
    0x55, 0xA4, 0x17, 0xBD, 0x04, 0xA1, 0x24, 0x89, 0x26, 0xD3, 0x76, 0x35, 0x0B, 0x27, 0x65, 0x1B,
    0x45, 0x65, 0x38, 0x8F, 0xB4, 0x0C, 0xE4, 0xEA, 0x09, 0x0A, 0x4E, 0xDA, 0x18, 0xC6, 0x2F, 0x7A,
    0x9A, 0x67, 0x5E, 0xFE, 0x78, 0xF1, 0x6E, 0x71, 0x4C, 0x22, 0x78, 0xEB, 0x41, 0xE4, 0xE9, 0xBB,
    0xD2, 0xD7, 0xBF, 0xA6, 0xFD, 0x40, 0xD3, 0xED, 0xCF, 0xE0, 0x0E, 0x35, 0xDA, 0x40, 0x58, 0x8F,
    0x5E, 0xEE, 0x44, 0xC1, 0x5C, 0x44, 0xFD, 0xA9, 0xE6, 0x8E, 0x57, 0xB1, 0xC5, 0xF0, 0xD4, 0x7A,
    0x23, 0x3A, 0xE3, 0x97, 0x97, 0x43, 0x5D, 0x8D, 0x82, 0x62, 0xAB, 0x11, 0x89, 0xFC, 0x52, 0x38,
    0xDF, 0xDB, 0x9B, 0x56, 0x87, 0xAE, 0xAA, 0x4B, 0x63, 0x8C, 0xFB, 0xCB, 0x11, 0x81, 0xD6, 0x91,
    0xAF, 0xE7, 0x38, 0xF2, 0x10, 0xD2, 0x21, 0x35, 0xD6, 0x08, 0xD2, 0x24, 0x17, 0xD4, 0xD4, 0x59,
    0xA8, 0xBC, 0xB9, 0xED, 0x85, 0x56, 0x00, 0xE2, 0xB8, 0x6F, 0xA6, 0x88, 0x31, 0x5F, 0xDF, 0x63,
    0x8D, 0xB5, 0xF1, 0xDA, 0x18, 0x36, 0xE1, 0x00, 0xCC, 0x64, 0xCD, 0x4C, 0xAC, 0xBB, 0x54, 0xDA,
    0x88, 0x50, 0x39, 0x78, 0x62, 0x35, 0x52, 0x6B, 0xAC, 0xF8, 0xF8, 0xB7, 0x43, 0xBE, 0xBA, 0xC7,
    0x59, 0xC5, 0x67, 0x1F, 0x21, 0x56, 0xCF, 0x5A, 0x3C, 0x83, 0xB6, 0xBD, 0x99, 0x32, 0x23, 0xC8,
    0xDC, 0x3C, 0xC8, 0x66, 0x64, 0x27, 0xDF, 0x1A, 0x9D, 0x0A, 0xAD, 0xC2, 0x8F, 0xCB, 0x11, 0xBB,
    0x5B, 0x93, 0x73, 0x54, 0x58, 0x1B, 0xF1, 0xFF, 0x57, 0x07, 0x95, 0x28, 0x84, 0x0A, 0xCB, 0xED,
    0x2E, 0xB0, 0xEF, 0x65, 0x3A, 0xAA, 0xD0, 0x91, 0x97, 0xB1, 0x7F, 0x7A, 0xA3, 0x8C, 0x5B, 0xC6,
    0xAF, 0x08, 0x7E, 0xAC, 0x70, 0x7F, 0xFB, 0x93, 0xE0, 0xE1, 0x0F, 0xCC, 0xBD, 0xB7, 0xC9, 0x84,
    0x9B, 0x2E, 0x2B, 0xD9, 0xFE, 0x21, 0x38, 0xF2, 0xB5, 0xEF, 0xC2, 0x2A, 0x28, 0x85, 0x6A, 0x4F,
    0xCE, 0x6C, 0xD9, 0x6F, 0x44, 0xA2, 0xE7, 0xA8, 0xBE, 0x40, 0xF5, 0xBC, 0xC5, 0x68, 0x7D, 0xFF,
    0xA7, 0x92, 0x4D, 0xB6, 0x09, 0xAA, 0xB0, 0xE2, 0x0A, 0x07, 0x47, 0x00, 0x4E, 0x1E, 0x02, 0x08,
    0x29, 0x7E, 0x87, 0xC6, 0x94, 0xA6, 0xFE, 0xE3, 0x9D, 0x69, 0x09, 0xF6, 0xAD, 0xD8, 0xB7, 0x11,
    0x6D, 0xE2, 0xFF, 0x5D, 0xA9, 0x9F, 0x03, 0xE2, 0x08, 0x18, 0x7A, 0x7A, 0xBE, 0x4F, 0x23, 0x0F,
    0x4D, 0xE4, 0x8B, 0xF7, 0xE4, 0x1E, 0x2F, 0x9B, 0x49, 0x74, 0x00, 0xFF, 0xB3, 0x9B, 0x70, 0x36,
    0x06, 0x33, 0xD7, 0xFA, 0x09, 0x30, 0x35, 0x4B, 0x39, 0xCE, 0x3C, 0xE2, 0x42, 0x85, 0xC8, 0x80,
    0x84, 0xE5, 0xE1, 0xCB, 0x47, 0x61, 0x05, 0x2D, 0x62, 0x8B, 0xDB, 0xCB, 0xC3, 0xB3, 0x7A, 0x48,
    0xB1, 0xB8, 0xCC, 0x02, 0xE7, 0x58, 0xC2, 0x2B, 0xCE, 0xEC, 0xB0, 0xEE, 0x57, 0x57, 0xD6, 0x3B,
    0x3B, 0xFE, 0xF7, 0x5E, 0xB1, 0xB3, 0xD9, 0x71, 0x43, 0xDD, 0xA1, 0x85, 0x3B, 0xEB, 0x40, 0xA7,
    0x86, 0x57, 0xB4, 0x36, 0x3A, 0x6E, 0xC7, 0xE9, 0xB8, 0x3B, 0x1B, 0x5E, 0x61, 0xC6, 0x9A, 0xEE,
    0x15, 0xE1, 0x3F, 0x36, 0x6B, 0x74, 0x16, 0x6C, 0xE1, 0x29, 0x1C, 0x4B, 0xEF, 0x71, 0x4B, 0xD4,
    0xFA, 0x96, 0xF0, 0xFE, 0xAE, 0x57, 0xAF, 0x96, 0x5D, 0xCF, 0x44, 0x96, 0xBC, 0xFA, 0x57, 0xD5,
    0x6D, 0x7B, 0x9D, 0x75, 0x67, 0xD5, 0xAE, 0x66, 0x3D, 0x3A, 0x27, 0x5C, 0x37, 0x0C, 0x33, 0xDB,
    0x5B, 0x6E, 0xE0, 0x66, 0xEF, 0xBB, 0x74, 0x37, 0xB9, 0x78, 0x91, 0x0D, 0x73, 0x54, 0x07, 0xE7,
    0x80, 0x66, 0x46, 0x77, 0x83, 0x8D, 0xEE, 0x72, 0xEE, 0x1E, 0xB0, 0xB1, 0x63, 0x35, 0xFF, 0x00,
    0xD4, 0x99, 0x3D, 0x8C, 0xDC, 0xC6, 0x15, 0xC7, 0xFF, 0x24, 0x63, 0x11, 0xF0, 0x16, 0x74, 0x61,
    0x37, 0x56, 0xC1, 0x26, 0x69, 0xDC, 0xB0, 0x2F, 0xA4, 0xA1, 0x91, 0x1E, 0x71, 0xA1, 0x95, 0x00,
    0x5D, 0xA1, 0x94, 0x01, 0x5C, 0x5C, 0x0F, 0x58, 0x4B, 0xF6, 0x4D, 0xD4, 0xC8, 0x29, 0x52, 0xA4,
    0x89, 0x01, 0x41, 0x2E, 0xD4, 0x1A, 0xC1, 0xED, 0x92, 0x81, 0x7B, 0x84, 0x40, 0xE2, 0x04, 0x48,
    0x8A, 0x30, 0x81, 0x04, 0x04, 0x4E, 0x43, 0x24, 0x34, 0xC2, 0x75, 0x1E, 0x39, 0x79, 0xFF, 0x19,
    0x52, 0x27, 0x1D, 0xEE, 0x43, 0x92, 0x4F, 0xB6, 0xC3, 0xE3, 0xFB, 0x0D, 0x77, 0xE7, 0x7D, 0x90,
    0xB3, 0x33, 0x6F, 0x66, 0x78, 0xD1, 0x00, 0x60, 0x54, 0x31, 0x2A, 0x49, 0x09, 0x44, 0x0D, 0x96,
    0xC3, 0x5A, 0xDB, 0x52, 0xC6, 0xF5, 0x3A, 0x17, 0x00, 0x67, 0x89, 0xD6, 0x53, 0xB7, 0xA4, 0xF0,
    0xF3, 0x05, 0xBA, 0xF9, 0xE2, 0x37, 0x6C, 0x3F, 0x43, 0xD4, 0x89, 0x13, 0x5E, 0x7F, 0x4B, 0x71,
    0x29, 0xB6, 0x86, 0xE7, 0xFA, 0xCE, 0x17, 0xEB, 0x1C, 0x48, 0x6A, 0xE0, 0x62, 0xAE, 0x49, 0x6B,
    0x7B, 0x47, 0xAB, 0x7C, 0x8C, 0xAA, 0x66, 0x6D, 0xD2, 0x90, 0xAB, 0x96, 0x8C, 0xBA, 0x93, 0x8C,
    0xC9, 0xB9, 0x36, 0xA5, 0xFE, 0xFD, 0x2A, 0x57, 0xDA, 0x11, 0x64, 0x0B, 0x04, 0x7A, 0x15, 0xA9,
    0xD7, 0x55, 0x03, 0xA4, 0x39, 0x70, 0x0D, 0xCF, 0xB6, 0x45, 0x4D, 0x59, 0xDA, 0xE2, 0xB2, 0x05,
    0x41, 0x35, 0xE5, 0xC8, 0xAC, 0xED, 0x02, 0xFB, 0xE4, 0xB0, 0x8D, 0x04, 0x28, 0x93, 0x16, 0x40,
    0x56, 0xCF, 0x9D, 0x02, 0x05, 0xB1, 0x25, 0x46, 0x62, 0x5A, 0xAF, 0x6F, 0xF0, 0xB6, 0xC4, 0x43,
    0x96, 0x0A, 0xAA, 0xCC, 0xCA, 0x06, 0x8B, 0x03, 0xE7, 0x2A, 0x16, 0xE0, 0xAD, 0xD0, 0x3E, 0xF9,
    0xB0, 0x45, 0xA1, 0xCD, 0x8F, 0x2B, 0xD6, 0x85, 0xBC, 0x17, 0xAA, 0xFD, 0x6A, 0x7F, 0x5B, 0xB4,
    0x4D, 0xDE, 0x36, 0x39, 0xCD, 0xBC, 0xF0, 0x3A, 0x6B, 0xD4, 0x78, 0x50, 0x5B, 0xAB, 0x17, 0x76,
    0x02, 0xAE, 0xF2, 0xA2, 0xE0, 0x37, 0x0C, 0x36, 0xCD, 0xA1, 0x16, 0x93, 0xDD, 0x07, 0x08, 0xA4,
    0xFA, 0xE4, 0xB0, 0xD7, 0x00, 0xCD, 0xBB, 0x76, 0x0F, 0x39, 0xE3, 0xF8, 0xEC, 0x33, 0x4F, 0xFF,
    0x83, 0xBE, 0xDC, 0x1F, 0x2E, 0xF1, 0x4C, 0x4B, 0x14, 0x79, 0x35, 0xA1, 0x1A, 0xF0, 0x4E, 0xBE,
    0xF4, 0x27, 0x3C, 0x7B, 0xF1, 0xC5, 0xBA, 0x60, 0x49, 0x65, 0xF3, 0x6A, 0x17, 0xEB, 0x0F, 0xE6,
    0x0B, 0x6B, 0xEF, 0x2D, 0x17, 0xC3, 0xAC, 0x73, 0x65, 0x5A, 0x94, 0x8B, 0x7C, 0xBE, 0xC8, 0x4A,
    0x7F, 0x41, 0x26, 0xE5, 0x7C, 0x91, 0x3E, 0xBD, 0xC8, 0x79, 0x91, 0xD6, 0xC8, 0xC0, 0x0B, 0x53,
    0x3A, 0x02, 0x15, 0x6E, 0x8E, 0xD0, 0x58, 0x1F, 0x8E, 0x7C, 0x16, 0x86, 0xE8, 0x50, 0x35, 0xBC,
    0x98, 0x00, 0x71, 0xA6, 0x97, 0x57, 0x5A, 0x1E, 0x53, 0xEE, 0x4A, 0x3E, 0xCB, 0xB8, 0xD6, 0xF1,
    0x7B, 0x30, 0xCD, 0xF5, 0x45, 0xEE, 0xCB, 0xAC, 0x74, 0xA5, 0x9E, 0xE7, 0x97, 0x8B, 0x5E, 0x05,
    0x96, 0x5F, 0x3E, 0x1A, 0x59, 0x72, 0x7C, 0xBB, 0x92, 0x71, 0xBE, 0x69, 0xA6, 0x18, 0x1C, 0x6D,
    0xCE, 0x4C, 0x51, 0x5C, 0x9C, 0x29, 0x2E, 0x26, 0x4C, 0x3E, 0x0F, 0xB7, 0xB0, 0x57, 0x44, 0xCD,
    0x9C, 0xB5, 0x8F, 0x0F, 0x51, 0x1D, 0x62, 0xAB, 0x08, 0x44, 0xA1, 0x56, 0xA2, 0x01, 0x15, 0x69,
    0xAD, 0x30, 0x50, 0xEC, 0x08, 0x51, 0x30, 0xEB, 0x4C, 0x9F, 0xB6, 0x6C, 0xD9, 0x9A, 0x68, 0xE7,
    0xEF, 0x24, 0x60, 0x2D, 0x26, 0xC2, 0xE4, 0x8A, 0x8C, 0xB6, 0x09, 0xBD, 0xC4, 0xF4, 0x17, 0x3A,
    0xF3, 0x91, 0x28, 0x88, 0xCC, 0x65, 0x36, 0xB0, 0x12, 0x08, 0x06, 0x05, 0xEE, 0x12, 0xE9, 0x89,
    0x5B, 0x0B, 0x45, 0x11, 0x13, 0x09, 0x91, 0x11, 0x05, 0x21, 0x8A, 0xB0, 0x17, 0xDE, 0xAE, 0x22,
    0xA9, 0x15, 0x69, 0xA9, 0x30, 0x50, 0x6C, 0x15, 0xC1, 0xA0, 0x88, 0x3A, 0xC5, 0xAA, 0x51, 0xA4,
    0xB5, 0xC2, 0x40, 0xB1, 0x53, 0x8C, 0xA2, 0xB0, 0x1D, 0xD1, 0x12, 0x35, 0x91, 0x2B, 0x26, 0x28,
    0x90, 0x94, 0x19, 0xDB, 0xA9, 0x29, 0x94, 0x91, 0x1D, 0x95, 0x81, 0xED, 0x95, 0x78, 0x23, 0x27,
    0x97, 0xBC, 0x95, 0x95, 0xA6, 0x04, 0x8C, 0x7B, 0x92, 0x9D, 0xAA, 0xC3, 0x3F, 0xAD, 0x46, 0x8E,
    0x7A, 0x9E, 0x81, 0xFB, 0x88, 0xD1, 0xE5, 0xE9, 0xC2, 0xFD, 0xD6, 0x26, 0xCF, 0x72, 0xA8, 0x81,
    0x71, 0xFE, 0x37, 0xAE, 0x05, 0x84, 0x51, 0xFA, 0x81, 0x51, 0x26, 0x17, 0xC5, 0x76, 0x64, 0xD1,
    0x90, 0xA6, 0x76, 0xCC, 0xE7, 0x98, 0xCB, 0x8F, 0x79, 0x40, 0xF5, 0xC8, 0xB6, 0xE4, 0x94, 0x2F,
    0x3D, 0xFE, 0xDB, 0xC0, 0xF4, 0xF0, 0xE1, 0xA3, 0xDA, 0xEA, 0xE1, 0xE0, 0x3B, 0xD9, 0xA9, 0x80,
    0x21, 0x50, 0x94, 0x64, 0x55, 0x93, 0xB6, 0x51, 0x04, 0xFF, 0x71, 0x77, 0xFD, 0xAF, 0x8E, 0xFC,
    0xDB, 0xA0, 0x5C, 0x35, 0x02, 0xBA, 0xDE, 0x2A, 0xD3, 0x72, 0xE3, 0x4C, 0x8D, 0x23, 0x1B, 0x6B,
    0xEB, 0x1A, 0x4E, 0xC8, 0x80, 0xB3, 0x31, 0x42, 0x65, 0x87, 0xE8, 0xEB, 0x87, 0x9F, 0xF6, 0x88,
    0x5B, 0xB6, 0xB2, 0x57, 0x70, 0x3F, 0x03, 0x4D, 0x16, 0xF3, 0x7C, 0xE3, 0x1C, 0x7A, 0xE7, 0x1C,
    0xFF, 0x94, 0x51, 0xA7, 0xA3, 0xF3, 0x26, 0x38, 0x6B, 0xF7, 0x2A, 0xB6, 0x19, 0xD7, 0x8F, 0x7A,
    0xF1, 0xFD, 0x6F, 0xA7, 0x52, 0xA8, 0x18, 0xCA, 0x7C, 0x3D, 0xB1, 0x8E, 0x3A, 0xD4, 0xA5, 0x0D,
    0x05, 0xEE, 0xFE, 0xC6, 0xF5, 0xA1, 0x70, 0x30, 0x4D, 0xA0, 0x2E, 0x61, 0x9E, 0xC7, 0x8E, 0xB5,
    0x42, 0xBD, 0x8E, 0x16, 0x39, 0xF1, 0x18, 0xC2, 0x1C, 0x4B, 0x95, 0x5C, 0x91, 0x3E, 0xDF, 0xEC,
    0x29, 0xE1, 0xD2, 0x4F, 0x95, 0x8F, 0xEB, 0x83, 0x89, 0x16, 0xBD, 0x62, 0xCA, 0x5F, 0xFF, 0x84,
    0x9F, 0xD0, 0xBB, 0x27, 0x27, 0x99, 0x3B, 0xDF, 0x74, 0x1E, 0x23, 0xB3, 0xDC, 0x11, 0xA4, 0x71,
    0xDC, 0x38, 0x6E, 0x1D, 0x85, 0x8C, 0x7A, 0xF2, 0xE0, 0x2B, 0x66, 0x6C, 0xFB, 0xCC, 0xE1, 0xEE,
    0xC9, 0x9C, 0xC5, 0x07, 0xE4, 0x7B, 0xAF, 0x7B, 0x41, 0xE8, 0x66, 0x3E, 0x3D, 0x7D, 0x72, 0xCE,
    0x4A, 0x9F, 0x6E, 0x0B, 0x84, 0x03, 0xCB, 0x51, 0x95, 0xB5, 0xD4, 0x0F, 0x6E, 0xD0, 0x6B, 0xA5,
    0xAA, 0x50, 0x99, 0x43, 0x3E, 0xA9, 0xD3, 0x92, 0x83, 0x3E, 0x61, 0x0A, 0x50, 0x83, 0xA4, 0xF6,
    0x8B, 0xA4, 0x47, 0x5F, 0x0E, 0x2C, 0x2B, 0xEB, 0x13, 0x0D, 0x7B, 0x2A, 0xEB, 0xC5, 0xD7, 0xC7,
    0x7D, 0x52, 0x17, 0x6E, 0x79, 0x94, 0xD4, 0x59, 0xC9, 0xF4, 0xE9, 0xFD, 0x15, 0x79, 0x52, 0x33,
    0xC5, 0x4C, 0x8C, 0x33, 0xA8, 0xBA, 0x6F, 0x3E, 0x7F, 0x3F, 0x95, 0xAA, 0xB3, 0x34, 0x65, 0x36,
    0xB7, 0xBE, 0x6F, 0xEA, 0x55, 0x77, 0xC5, 0xEE, 0x19, 0xA9, 0x2E, 0xEE, 0x57, 0xDD, 0x5B, 0x88,
    0x07, 0x20, 0x38, 0x7E, 0x54, 0x77, 0xCD, 0xD6, 0xCF, 0x9A, 0xC8, 0x4E, 0xA0, 0x04, 0xEB, 0xAA,
    0x05, 0xBD, 0x03, 0xE3, 0x89, 0x85, 0x14, 0xAF, 0xA7, 0x12, 0x91, 0x4C, 0xF7, 0xAB, 0x9E, 0x7D,
    0xE4, 0xAA, 0xFD, 0xC7, 0x77, 0x97, 0xB8, 0x7F, 0x86, 0x5F, 0x03, 0x77, 0xD5, 0x03, 0xCC, 0x2F,
    0x55, 0x29, 0x65, 0xC2, 0x09, 0xA7, 0xFC, 0xBB, 0x9D, 0x4E, 0x96, 0x31, 0xBD, 0x81, 0xC2, 0xCD,
    0xB0, 0xBD, 0x22, 0x6E, 0xC1, 0x40, 0xCB, 0x7C, 0xB9, 0x39, 0x65, 0x86, 0x6D, 0x4E, 0x99, 0x61,
    0x77, 0x58, 0x2C, 0x52, 0xDA, 0xAE, 0xDA, 0xC5, 0x5F, 0x20, 0x4B, 0x6A, 0x59, 0x32, 0xC8, 0x25,
    0x8F, 0xDC, 0x53, 0xCE, 0x92, 0x4C, 0x3D, 0x4F, 0x8E, 0xE8, 0x9B, 0x23, 0x59, 0x0D, 0x8E, 0x0D,
    0xC9, 0x66, 0x89, 0xF8, 0x54, 0x64, 0x0B, 0xAC, 0x2C, 0x9B, 0x2C, 0xA9, 0x38, 0xE9, 0xA5, 0xEE,
    0x57, 0xC8, 0x8C, 0x1C, 0x01, 0xD7, 0x8C, 0x6C, 0x80, 0x8F, 0x8C, 0x6B, 0x5F, 0x23, 0x59, 0x8E,
    0xDE, 0x48, 0x52, 0x06, 0x9D, 0xB2, 0x8E, 0x5A, 0x23, 0x71, 0x13, 0x35, 0x46, 0xA2, 0x76, 0x55,
    0x1B, 0x09, 0xBB, 0xA4, 0x34, 0x12, 0xF4, 0x29, 0x33, 0x80, 0x64, 0xE4, 0xD1, 0x75, 0x72, 0xF3,
    0x11, 0xE9, 0xCF, 0xAC, 0x27, 0x93, 0xCE, 0xB1, 0x25, 0xE3, 0x86, 0x44, 0xD4, 0xBD, 0x14, 0x34,
    0x07, 0xDC, 0xEA, 0xAC, 0x1E, 0x1E, 0xFC, 0xEE, 0x15, 0x80, 0x2B, 0x9A, 0xED, 0x81, 0x82, 0x99,
    0x3F, 0xB4, 0xF7, 0xAB, 0x16, 0xF1, 0xC0, 0x33, 0x69, 0xB8, 0xB1, 0xE3, 0xF0, 0x2E, 0xE6, 0xE1,
    0xB5, 0x51, 0x66, 0xA5, 0x9B, 0x16, 0x99, 0x06, 0xD8, 0x2F, 0xCF, 0xA0, 0xAF, 0xF5, 0x9A, 0xDE,
    0xCA, 0x7B, 0xA0, 0xB7, 0xCA, 0x79, 0x96, 0x39, 0x4A, 0xC0, 0x88, 0x73, 0x74, 0x7F, 0x27, 0xC7,
    0x0F, 0xC4, 0xE7, 0x73, 0xF7, 0xF8, 0xAD, 0x80, 0x93, 0x1E, 0xA7, 0xBF, 0x51, 0xB3, 0x8B, 0x60,
    0xC5, 0x4D, 0xFD, 0xC0, 0x7E, 0x2C, 0xC0, 0xB1, 0xB8, 0xCF, 0x51, 0xCF, 0xFA, 0xF1, 0xA6, 0x9B,
    0xE9, 0x40, 0xBB, 0xCB, 0xDC, 0xAA, 0xEE, 0x88, 0x91, 0x90, 0x13, 0x78, 0xC1, 0xAD, 0x6A, 0x70,
    0xBC, 0x55, 0x0D, 0xED, 0x94, 0x1F, 0xB7, 0xE7, 0xFA, 0xD6, 0x57, 0xBA, 0xA7, 0xE2, 0x04, 0xF0,
    0xFA, 0xF1, 0xBD, 0x5B, 0x92, 0x9E, 0xD8, 0xE3, 0xDC, 0xF9, 0x83, 0xE2, 0x90, 0xD3, 0x5B, 0xC8,
    0xB6, 0x41, 0xB2, 0x4F, 0x7E, 0x5B, 0xD5, 0x6E, 0x22, 0xEB, 0x8C, 0x9B, 0xEF, 0x77, 0x6E, 0xD2,
    0x1C, 0x95, 0x10, 0x39, 0x83, 0x5B, 0x65, 0x20, 0x85, 0xD3, 0x37, 0x25, 0x27, 0xBF, 0x94, 0x53,
    0x62, 0x13, 0x4F, 0xBF, 0xFA, 0xB3, 0x2D, 0xB9, 0x3E, 0x1C, 0xB9, 0xF5, 0xB7, 0xF7, 0x4E, 0x44,
    0x27, 0x4D, 0x89, 0x40, 0xDC, 0xB6, 0x68, 0xD5, 0xEA, 0xF3, 0x47, 0xFD, 0xD3, 0x0D, 0xCE, 0x4E,
    0xFF, 0xB4, 0x64, 0xD6, 0xFC, 0x9C, 0xAF, 0x55, 0xFE, 0xD4, 0xF2, 0x49, 0xD4, 0x24, 0xB0, 0x7C,
    0x10, 0x0B, 0x77, 0x35, 0x7F, 0xB7, 0xFA, 0x4B, 0x3B, 0xEB, 0x99, 0x40, 0x66, 0x5B, 0x7A, 0x71,
    0xFE, 0xE2, 0xD6, 0xCD, 0xF1, 0xDA, 0x84, 0x59, 0x8E, 0x70, 0x60, 0xF3, 0x8C, 0x7E, 0xD0, 0x7F,
    0x57, 0xD4, 0xF5, 0xFA, 0xA7, 0x5F, 0x97, 0x96, 0x47, 0xED, 0x78, 0xC1, 0x4E, 0x54, 0x5E, 0x06,
    0x23, 0xB1, 0x23, 0x8A, 0x5C, 0x9F, 0x3E, 0xDB, 0x1F, 0xD8, 0x7A, 0xE5, 0x62, 0x54, 0xD3, 0x4F,
    0xE8, 0x30, 0x79, 0x61, 0x70, 0xDE, 0xFA, 0x7F, 0x28, 0xB5, 0x3D, 0xAB, 0x79, 0x0B, 0xC4, 0x63,
    0x29, 0x59, 0xEF, 0xCE, 0xEF, 0x7B, 0xA9, 0xF7, 0xCF, 0xF3, 0xC1, 0xB2, 0x9C, 0x5E, 0x4A, 0xF8,
    0xE3, 0xC2, 0xB2, 0x72, 0x1D, 0xC8, 0xF3, 0x9D, 0x3B, 0x24, 0x92, 0x17, 0xE1, 0x17, 0x37, 0x48,
    0x4E, 0xFF, 0xA4, 0xF0, 0xFB, 0xD0, 0x92, 0x30, 0x39, 0x99, 0x9E, 0xBB, 0xD4, 0xC8, 0x4A, 0xB2,
    0xA2, 0x9F, 0x83, 0xF1, 0xF8, 0xA5, 0xEA, 0x94, 0x43, 0x5C, 0xF6, 0x7B, 0x59, 0x8E, 0xEB, 0x5C,
    0xC9, 0x6C, 0x41, 0xDA, 0x9A, 0xDF, 0x67, 0x1D, 0x19, 0xF5, 0x64, 0x20, 0x24, 0x4E, 0x70, 0xF9,
    0x3E, 0x1C, 0xC8, 0x95, 0xEA, 0x4F, 0x0F, 0x6D, 0xE3, 0x3C, 0xE4, 0xE4, 0xE3, 0xD9, 0xFF, 0x45,
    0xC2, 0xE8, 0x8C, 0xCD, 0xC8, 0x8C, 0xCB, 0xA8, 0xA7, 0xCD, 0x7C, 0x8C, 0xC4, 0x38, 0x8C, 0xC2,
    0x18, 0x8C, 0xC0, 0xB5, 0x3B, 0x2A, 0xB6, 0xA3, 0xF9, 0xA4, 0xEA, 0xF1, 0x43, 0x84, 0x6E, 0x86,
    0xAA, 0x8E, 0xE7, 0x25, 0x62, 0xE5, 0x26, 0xA7, 0x79, 0x66, 0xE0, 0xAC, 0xCE, 0xA4, 0xEB, 0xF0,
    0xFC, 0xBC, 0x11, 0xB7, 0x54, 0x6E, 0x16, 0xB3, 0xAC, 0x54, 0x14, 0xC8, 0xE9, 0x74, 0xA7, 0x0B,
    0x7A, 0x06, 0xAA, 0x35, 0x9F, 0x0E, 0xBC, 0x6F, 0x2D, 0xEF, 0x69, 0x11, 0xF0, 0xCE, 0x05, 0xAB,
    0xE9, 0x26, 0x37, 0x4D, 0x59, 0x83, 0xB4, 0x15, 0x14, 0xB9, 0x9B, 0x35, 0x26, 0xB7, 0xC4, 0xF6,
    0x9B, 0x09, 0xE1, 0x06, 0x08, 0x5B, 0xB7, 0x78, 0xC5, 0xC6, 0x17, 0x85, 0x8F, 0x6F, 0xE6, 0x62,
    0xBC, 0xE5, 0x0A, 0x89, 0xE6, 0xC2, 0xA9, 0x48, 0xE8, 0x0C, 0x16, 0x73, 0xDF, 0x68, 0xDE, 0xF5,
    0x30, 0x07, 0x62, 0x58, 0x3D, 0x97, 0x9B, 0x58, 0x6E, 0xC9, 0xDD, 0x20, 0xAE, 0xD0, 0x39, 0x03,
    0x05, 0xF6, 0x93, 0x5B, 0x5D, 0x34, 0xB8, 0x7C, 0xAF, 0x48, 0x1A, 0xA2, 0x7E, 0x8A, 0x66, 0xA9,
    0x88, 0x7A, 0x45, 0x38, 0xE5, 0x7A, 0x17, 0x15, 0x6D, 0x57, 0x44, 0xB4, 0xBF, 0xA5, 0x57, 0xAD,
    0x7E, 0x97, 0xD6, 0x0A, 0xC3, 0xDA, 0x9D, 0xEA, 0x05, 0xB2, 0x58, 0x38, 0xDB, 0x94, 0xAE, 0x4C,
    0xCE, 0x8A, 0x6A, 0x40, 0x6A, 0x6D, 0x9E, 0x3C, 0xA9, 0x9A, 0x1F, 0xA8, 0x25, 0x1B, 0xD8, 0x0B,
    0xEB, 0x6C, 0x97, 0xA8, 0x57, 0xA3, 0x4E, 0x2B, 0xF6, 0x3E, 0x15, 0xA1, 0xF0, 0xB7, 0x45, 0xDA,
    0x15, 0x7F, 0xFC, 0x6F, 0x97, 0xD9, 0xBF, 0x77, 0xF1, 0xF4, 0x7E, 0x07, 0x7F, 0xBC, 0x3B, 0x70,
    0x81, 0x2C, 0x40, 0xC5, 0x5E, 0x35, 0xE5, 0x50, 0xD5, 0xE5, 0xDD, 0x5D, 0x46, 0x85, 0xEB, 0xC4,
    0xDD, 0xAB, 0x13, 0x70, 0xC4, 0xCE, 0x50, 0xED, 0x0F, 0x7B, 0xD8, 0x3A, 0x14, 0x58, 0x60, 0x64,
    0x6B, 0x6D, 0xB4, 0xE0, 0xA4, 0xF6, 0x3C, 0x8E, 0x88, 0x2D, 0x50, 0xD0, 0xC1, 0x4E, 0xAF, 0x21,
    0x7C, 0xC2, 0x01, 0xAB, 0xFD, 0x61, 0xC7, 0xA9, 0x99, 0xBB, 0x4B, 0xF7, 0x26, 0x63, 0x50, 0xB1,
    0xA5, 0x2E, 0xCE, 0x1A, 0xDE, 0xA6, 0x1C, 0xDF, 0x72, 0xAB, 0xDF, 0x95, 0x73, 0xF7, 0xCD, 0xD5,
    0x5A, 0xEB, 0xE3, 0x67, 0xEB, 0x3B, 0xDA, 0xB0, 0xCE, 0xFB, 0x10, 0x3D, 0x47, 0xF7, 0xCE, 0xE5,
    0xC5, 0x4F, 0xBA, 0xAE, 0x3D, 0x46, 0xEE, 0x5B, 0x04, 0xC9, 0xE9, 0x18, 0x14, 0x81, 0x43, 0xAF,
    0x08, 0x3B, 0x45, 0xE4, 0xD0, 0x2A, 0xE2, 0x5A, 0x71, 0xE7, 0xFE, 0x73, 0x2F, 0x10, 0xE8, 0xDC,
    0x9C, 0xC0, 0x03, 0xC5, 0x7B, 0x38, 0x1C, 0xF8, 0xF8, 0x79, 0xB2, 0x3F, 0x6C, 0xB2, 0x32, 0xEE,
    0x0C, 0xC2, 0xE1, 0x2E, 0x20, 0x47, 0x2A, 0xB4, 0xA3, 0x2C, 0xEF, 0x8E, 0x46, 0x95, 0x1D, 0x2D,
    0xFD, 0x98, 0x7B, 0x2B, 0xD9, 0xDF, 0xEE, 0xD5, 0xB6, 0x47, 0x36, 0x95, 0x06, 0xEC, 0x2E, 0x48,
    0x4B, 0x2D, 0xB6, 0xFE, 0x76, 0xD8, 0x2E, 0xFC, 0x43, 0xA0, 0x79, 0x83, 0x83, 0xED, 0x48, 0xBB,
    0x5F, 0xA9, 0xE6, 0x51, 0x47, 0x0F, 0xE9, 0x2F, 0xBE, 0xDA, 0x62, 0xC9, 0x8A, 0xEC, 0x43, 0x74,
    0x6F, 0x7E, 0xEC, 0xEA, 0x76, 0x51, 0x97, 0x71, 0xD9, 0xE2, 0xFA, 0x2B, 0x53, 0x53, 0xEC, 0x7B,
    0x65, 0x38, 0xF8, 0x7E, 0x39, 0xFA, 0x9E, 0x59, 0xB8, 0xBE, 0x89, 0xAC, 0xBC, 0xAA, 0xBD, 0xA5,
    0xB2, 0x13, 0x36, 0x1F, 0x57, 0x25, 0x54, 0x05, 0x48, 0x66, 0x29, 0xF2, 0xD8, 0x0E, 0xA0, 0x04,
    0x37, 0x59, 0xA7, 0xFE, 0x10, 0xBB, 0xDE, 0xC9, 0x32, 0x47, 0xD2, 0xEA, 0x0E, 0xDE, 0xAD, 0xAF,
    0xE9, 0x43, 0x10, 0x89, 0x60, 0xA5, 0x92, 0xA8, 0x64, 0x2A, 0xD7, 0x54, 0x44, 0x24, 0xE8, 0x85,
    0x29, 0x50, 0xE2, 0x5A, 0x24, 0x29, 0x45, 0x32, 0x88, 0x5C, 0x57, 0x39, 0x82, 0x8C, 0x3D, 0x37,
    0xC1, 0x2A, 0x8D, 0x4A, 0xA9, 0x02, 0x48, 0x58, 0xBE, 0x99, 0x47, 0x4D, 0x9A, 0x47, 0xBD, 0x41,
    0x60, 0x27, 0xA0, 0x18, 0x96, 0xB7, 0xA8, 0x97, 0x16, 0xC3, 0x77, 0xBF, 0x84, 0x99, 0x34, 0xE7,
    0x46, 0x5A, 0xF8, 0x17, 0xAA, 0x62, 0xDC, 0x62, 0xBA, 0xC3, 0x6E, 0x94, 0xAB, 0xD4, 0x90, 0xA4,
    0x65, 0x12, 0xD7, 0x3A, 0x6A, 0x4C, 0x2A, 0xC6, 0x75, 0x7E, 0xEE, 0x09, 0xC5, 0xFD, 0x6A, 0xD4,
    0xF2, 0x60, 0xA7, 0x33, 0x48, 0x5E, 0x08, 0xC5, 0x53, 0xEC, 0x88, 0x51, 0x71, 0x4B, 0x14, 0x55,
    0xAF, 0x28, 0xEE, 0x29, 0x6C, 0x89, 0xC0, 0x42, 0xFD, 0x46, 0xCA, 0xC6, 0xB1, 0xC5, 0xCA, 0x62,
    0xEA, 0x90, 0x54, 0x90, 0x01, 0xA9, 0x61, 0x47, 0x33, 0xCA, 0xBB, 0xB8, 0xA6, 0xBC, 0x8E, 0x23,
    0x65, 0x86, 0x41, 0x99, 0xBC, 0xDF, 0x29, 0x57, 0x9F, 0x93, 0xF1, 0xEF, 0x1B, 0x65, 0xF4, 0xCF,
    0x5A, 0x19, 0xDA, 0x52, 0x09, 0x0B, 0x72, 0x72, 0xBC, 0xEB, 0x08, 0x39, 0x43, 0xD8, 0x7F, 0x97,
    0xBE, 0xCC, 0xCF, 0xE7, 0x0A, 0x32, 0x66, 0x5C, 0xEE, 0x69, 0x92, 0xFD, 0xC1, 0xC0, 0x6E, 0xCE,
    0x18, 0x7A, 0xEE, 0x80, 0x2C, 0x1F, 0x4F, 0xBE, 0xA2, 0x5C, 0xB0, 0x65, 0xC5, 0x86, 0x2A, 0x4E,
    0x39, 0xA5, 0xD9, 0x6A, 0x7F, 0x20, 0xDE, 0x95, 0x73, 0xFA, 0xCC, 0x68, 0x62, 0xA4, 0x57, 0x96,
    0xE1, 0xEA, 0xC8, 0xE5, 0x48, 0x33, 0x69, 0xE6, 0xB2, 0x65, 0x24, 0x4C, 0x7C, 0xE3, 0x89, 0xB7,
    0xB5, 0x8B, 0x8C, 0x40, 0x31, 0x69, 0x1D, 0x75, 0x9C, 0xAE, 0xDA, 0x08, 0x67, 0x5F, 0xFA, 0x00,
    0xCE, 0x13, 0xDE, 0x74, 0x1E, 0xAA, 0xEE, 0x6A, 0x3A, 0xA8, 0xB3, 0xC6, 0xEF, 0x7C, 0x36, 0x9C,
    0x9B, 0x4E, 0xD1, 0x3D, 0x91, 0x19, 0x90, 0x4C, 0xB7, 0x6B, 0xDA, 0xE2, 0x70, 0xCA, 0x97, 0xE7,
    0xD6, 0x7C, 0x74, 0x83, 0x1D, 0xE5, 0x55, 0xC5, 0x70, 0x7A, 0x77, 0x8B, 0xA6, 0xB4, 0xD4, 0x06,
    0x76, 0xAF, 0x53, 0x57, 0x2D, 0x5C, 0xE2, 0xD9, 0x70, 0x1B, 0xB2, 0xE5, 0x7E, 0x8F, 0x2D, 0xA4,
    0x05, 0xB6, 0x61, 0xC7, 0x4C, 0x43, 0xC4, 0x0D, 0x90, 0xFE, 0x9C, 0x4E, 0x7E, 0x57, 0xAA, 0x8F,
    0xBF, 0xBA, 0xFD, 0x9A, 0x22, 0x1C, 0x15, 0x81, 0x28, 0x30, 0xF0, 0x63, 0xFF, 0x74, 0x75, 0xB0,
    0x2C, 0x0C, 0x7E, 0x54, 0xE5, 0xAE, 0x11, 0x15, 0x2D, 0xC0, 0xE2, 0x45, 0x79, 0xD5, 0xEE, 0x95,
    0x96, 0x53, 0x54, 0x3C, 0x55, 0x8F, 0x7A, 0xA4, 0xAD, 0xD1, 0x78, 0xA6, 0x34, 0x28, 0xF4, 0xCF,
    0xC0, 0xE4, 0x5B, 0xD7, 0x4F, 0x44, 0x99, 0x9C, 0x42, 0x5F, 0xEB, 0x34, 0x4B, 0x67, 0x35, 0x7B,
    0x70, 0xDE, 0xBC, 0xE7, 0x25, 0x8A, 0xEA, 0xBC, 0x0C, 0xB3, 0x52, 0xCF, 0xA4, 0x41, 0xE1, 0x37,
    0x4B, 0x81, 0x5B, 0x7F, 0x8C, 0x31, 0x5B, 0x8A, 0xCF, 0x9C, 0x5A, 0x4E, 0xBA, 0x13, 0xDB, 0x42,
    0x14, 0xF1, 0xA8, 0x48, 0x2C, 0xED, 0x1E, 0x95, 0x40, 0xA1, 0x86, 0x2E, 0x9B, 0x44, 0xBD, 0xDF,
    0x53, 0x4F, 0x6C, 0x28, 0x3E, 0x8E, 0x1F, 0x18, 0x82, 0xCB, 0x81, 0x0E, 0x92, 0x31, 0x7F, 0xBA,
    0xD1, 0x38, 0x6B, 0xFB, 0xF4, 0x66, 0x79, 0xEE, 0xB0, 0x57, 0xA9, 0x10, 0x88, 0x79, 0x72, 0x28,
    0xA9, 0xB5, 0x12, 0xD8, 0xC7, 0x67, 0xF6, 0xF7, 0xF9, 0xE5, 0xF1, 0xEB, 0x2F, 0x46, 0xBE, 0x1C,
    0x39, 0x9C, 0xB7, 0x4F, 0x4B, 0x21, 0xBE, 0x11, 0x5F, 0x7F, 0x31, 0xF2, 0xBF, 0xB3, 0xC5, 0x8D,
    0xE7, 0xF6, 0x40, 0x02, 0x77, 0x9C, 0x57, 0xE8, 0xAE, 0x49, 0xE9, 0xB0, 0x2E, 0x14, 0x30, 0xA7,
    0xC1, 0xEE, 0x09, 0xAE, 0xD0, 0xF9, 0x1F, 0x1E, 0x2E, 0x24, 0x14, 0x90, 0x05, 0x01, 0x11, 0x0D,
    0xAC, 0x9D, 0xE7, 0x1C, 0x5A, 0x08, 0x2D, 0xCF, 0x07, 0x97, 0xFF, 0x0A, 0x9B, 0x1B, 0x5D, 0x61,
    0xD5, 0x46, 0x98, 0x06, 0xD8, 0x9A, 0x0B, 0x62, 0x22, 0x69, 0x5D, 0x2D, 0xF5, 0x66, 0x8B, 0xF3,
    0x72, 0xDB, 0x33, 0xEF, 0xE0, 0x6A, 0xFA, 0xA3, 0x27, 0x0A, 0x9D, 0xD1, 0x17, 0xBF, 0x5F, 0xDE,
    0xB9, 0x71, 0x75, 0x5D, 0xD8, 0x01, 0xD7, 0x6F, 0x5A, 0xDE, 0x8D, 0x5F, 0x43, 0xA8, 0x0D, 0x54,
    0xF7, 0x0D, 0xDD, 0x62, 0x70, 0xDD, 0x4C, 0x59, 0xD6, 0x14, 0xAC, 0x5B, 0xDE, 0xBC, 0xFC, 0xE6,
    0xB6, 0x45, 0xA5, 0xB6, 0x57, 0x39, 0x69, 0xE3, 0x8A, 0xDB, 0x48, 0x18, 0x2B, 0x4A, 0xFB, 0xB1,
    0x85, 0x44, 0x82, 0xAC, 0x14, 0x35, 0x49, 0x1A, 0x51, 0xA3, 0xB8, 0x15, 0xB7, 0x3C, 0x1F, 0xEF,
    0xD4, 0x4A, 0x6B, 0x8F, 0x29, 0x89, 0x27, 0x6B, 0x67, 0xCD, 0xC8, 0x59, 0x85, 0xF4, 0xE0, 0xBD,
    0x2D, 0x9E, 0x19, 0x45, 0x83, 0x4A, 0x6C, 0xAD, 0x24, 0xFB, 0xB5, 0x64, 0x1A, 0xDA, 0xE0, 0x58,
    0xF8, 0x39, 0x6D, 0x21, 0x2B, 0x0E, 0x09, 0x15, 0x98, 0xB5, 0x60, 0x04, 0x37, 0x1E, 0xBC, 0x15,
    0x86, 0x12, 0xA3, 0x3A, 0x15, 0x9B, 0xEA, 0xC1, 0x9C, 0xD8, 0x33, 0x26, 0x85, 0x1A, 0x60, 0x56,
    0xC5, 0x4F, 0xB1, 0x1C, 0x97, 0xB5, 0x7A, 0x0C, 0xDB, 0x55, 0xC9, 0x0D, 0x0A, 0x4B, 0x00, 0x97,
    0xE1, 0xFF, 0xED, 0x64, 0x5A, 0xFC, 0xDB, 0xF2, 0xC4, 0x6B, 0x43, 0x35, 0x9B, 0xA1, 0x83, 0xF1,
    0x69, 0x45, 0x31, 0x20, 0xFA, 0xB7, 0x7E, 0x19, 0xD9, 0x27, 0x55, 0x1D, 0x4D, 0x48, 0x9A, 0x48,
    0x10, 0xFB, 0x5D, 0x8F, 0xAA, 0xBC, 0x32, 0xFE, 0x57, 0xDE, 0x55, 0x46, 0x47, 0x8E, 0x65, 0xE7,
    0x2B, 0xD5, 0xCE, 0x54, 0x32, 0x3A, 0x27, 0x5A, 0xE6, 0x5D, 0x85, 0x39, 0xA3, 0xFC, 0xCE, 0xE9,
    0xF1, 0x53, 0x98, 0x13, 0xFF, 0x18, 0xCF, 0x42, 0x98, 0x39, 0x0E, 0x63, 0x77, 0x49, 0x61, 0x4E,
    0x96, 0xC2, 0xCC, 0x9C, 0xDE, 0x30, 0xB9, 0x2C, 0x85, 0x39, 0x51, 0x98, 0x13, 0x2D, 0x6F, 0xEF,
    0xFE, 0x18, 0xE5, 0x8C, 0x3A, 0x2B, 0xF7, 0x3C, 0x49, 0x79, 0xDF, 0xF7, 0x5E, 0xA9, 0x54, 0x6D,
    0xD7, 0xB8, 0xDA, 0x83, 0x7B, 0xA2, 0xB6, 0xBE, 0xAB, 0xB6, 0xA5, 0x47, 0x7A, 0x70, 0xDF, 0x25,
    0x89, 0xDC, 0x0C, 0x73, 0x00, 0x7A, 0xC9, 0x5B, 0x1E, 0x62, 0x6D, 0x1A, 0xD0, 0xA7, 0x4E, 0x44,
    0xBC, 0x1F, 0x91, 0x80, 0x2A, 0xAC, 0x98, 0x66, 0x01, 0x8D, 0xF0, 0xB8, 0xE0, 0x5E, 0x62, 0x5C,
    0xBE, 0xBB, 0xD3, 0xCB, 0x77, 0x4F, 0xD3, 0xA4, 0x9E, 0xE7, 0x79, 0xCB, 0xB7, 0x3F, 0xB4, 0x10,
    0x26, 0x27, 0xE9, 0x6B, 0x72, 0xE9, 0xC4, 0x1B, 0xEF, 0xCF, 0xB9, 0x63, 0x72, 0x96, 0x47, 0x87,
    0x1D, 0x98, 0x26, 0x2C, 0x96, 0xE3, 0x7A, 0x8D, 0x55, 0xA6, 0xBF, 0x07, 0xBB, 0xA1, 0x8E, 0x43,
    0xE8, 0xB7, 0x8C, 0x39, 0x91, 0xC8, 0x83, 0xB7, 0x34, 0x92, 0xE7, 0x8A, 0x65, 0xC8, 0x70, 0x61,
    0x0F, 0xF5, 0xA0, 0x7F, 0x52, 0xF9, 0xD4, 0x5E, 0x72, 0x2D, 0x69, 0x25, 0x76, 0x6A, 0x1A, 0x09,
    0x59, 0x62, 0xDC, 0x13, 0x9E, 0x45, 0x28, 0xDE, 0x51, 0x94, 0xEF, 0x58, 0xD2, 0xF2, 0x6F, 0x7E,
    0x47, 0x22, 0xB9, 0xA4, 0x20, 0x6A, 0x45, 0x8E, 0x41, 0x52, 0xE9, 0x40, 0xFA, 0xE7, 0x69, 0x48,
    0x75, 0x74, 0xDE, 0xE0, 0xB9, 0x3A, 0xCD, 0x28, 0xD7, 0x71, 0xEF, 0x6E, 0x77, 0x32, 0xE0, 0xA8,
    0x2C, 0xE9, 0xB9, 0x6C, 0x9A, 0x36, 0xB7, 0x8C, 0x6C, 0x41, 0x12, 0x9E, 0x45, 0xA8, 0x53, 0x37,
    0x77, 0x22, 0x09, 0xBC, 0x20, 0x92, 0x6A, 0xEC, 0xA1, 0x1C, 0x17, 0xC9, 0x64, 0x37, 0x3A, 0xED,
    0xBF, 0x87, 0x76, 0x98, 0x24, 0xE3, 0x30, 0xA9, 0x1E, 0xAA, 0x61, 0xF2, 0x19, 0xB6, 0x6B, 0x41,
    0x02, 0x32, 0xC3, 0x14, 0x9A, 0x4D, 0x0D, 0x63, 0xA8, 0x3B, 0x3C, 0xBD, 0xDF, 0xA9, 0xCF, 0xD8,
    0xEF, 0x94, 0x76, 0xBF, 0x43, 0xD5, 0x20, 0xEA, 0xA6, 0x6C, 0x6B, 0x60, 0xBE, 0x84, 0x54, 0xE2,
    0x27, 0x26, 0xA6, 0x9C, 0xD4, 0x4A, 0x43, 0xE2, 0x4D, 0xFE, 0xEE, 0x21, 0xDD, 0x9F, 0xC9, 0x11,
    0xD8, 0xCA, 0x05, 0x59, 0x50, 0xAB, 0xF7, 0xC3, 0xD4, 0x76, 0xB7, 0xF0, 0x78, 0x0C, 0x70, 0xB3,
    0x17, 0xDF, 0x83, 0x6C, 0xEE, 0xA8, 0x4E, 0xF1, 0xEA, 0x77, 0x64, 0x4C, 0x1B, 0xFF, 0xB9, 0x99,
    0xD2, 0x46, 0xC0, 0x6E, 0x97, 0xB8, 0x63, 0x3A, 0xE6, 0x9C, 0x44, 0xE3, 0x97, 0x14, 0x54, 0x91,
    0x72, 0x13, 0x35, 0x24, 0xA2, 0x12, 0x95, 0xC8, 0x90, 0x51, 0x9F, 0xE7, 0x83, 0x5F, 0xC0, 0xE6,
    0xDF, 0xD0, 0x05, 0xE4, 0x0B, 0xFF, 0x5E, 0x9A, 0x24, 0x82, 0x32, 0xF8, 0x93, 0x9A, 0x3D, 0x23,
    0xFC, 0x03, 0x2B, 0x70, 0x88, 0xDE, 0xA7, 0xF5, 0x1B, 0xF1, 0x9B, 0x98, 0x7D, 0xC0, 0xD3, 0x4A,
    0x3A, 0x08, 0xFB, 0xF4, 0x5D, 0x96, 0x75, 0x5D, 0x1C, 0x89, 0x82, 0x84, 0x5E, 0x69, 0x89, 0xEE,
    0x85, 0xFE, 0xA7, 0xB1, 0xCC, 0x6D, 0x58, 0x5B, 0x4E, 0x77, 0x5E, 0xB1, 0xFB, 0x69, 0x2B, 0x7F,
    0xDD, 0x24, 0x1D, 0x16, 0xFE, 0xA8, 0x40, 0xAE, 0x2C, 0x72, 0x50, 0xB1, 0xA4, 0xF3, 0x9A, 0x86,
    0x37, 0x01, 0x48, 0x9C, 0x84, 0x8D, 0x2C, 0xCC, 0x5F, 0xA3, 0x96, 0x69, 0xEC, 0x69, 0x43, 0x82,
    0xF2, 0xF2, 0xD2, 0x6F, 0x64, 0x56, 0xB5, 0x0A, 0x1D, 0xFD, 0x7F, 0xEA, 0xD8, 0x24, 0xE0, 0xFD,
    0x6F, 0x15, 0xE2, 0x2D, 0x42, 0x71, 0xC0, 0x79, 0x73, 0xD6, 0x73, 0x99, 0xF5, 0xF5, 0x76, 0xF6,
    0x9D, 0xAD, 0xED, 0xF0, 0x20, 0x3D, 0xB8, 0xFB, 0xEC, 0x3B, 0x0F, 0xF6, 0xED, 0xEC, 0x95, 0x11,
    0xD1, 0x65, 0x64, 0xAE, 0x81, 0xD2, 0x13, 0xD3, 0x2D, 0x73, 0x60, 0x0E, 0x44, 0x2F, 0x52, 0x3F,
    0x77, 0xB5, 0xE5, 0xB3, 0x15, 0xF0, 0xC6, 0x29, 0xDD, 0xE0, 0x7A, 0xF5, 0x3C, 0xE8, 0x0E, 0xB6,
    0xA9, 0x0F, 0x51, 0x0A, 0x08, 0xD2, 0x00, 0x7C, 0x43, 0xED, 0xA8, 0xAC, 0x1F, 0xC1, 0xA7, 0x31,
    0x50, 0xC3, 0xCD, 0xCC, 0xB8, 0x16, 0xE5, 0x9C, 0x04, 0x43, 0xAB, 0x67, 0x4E, 0xAF, 0x7D, 0x56,
    0x4D, 0x93, 0x22, 0xD9, 0xA7, 0xBE, 0x9F, 0x6F, 0xA6, 0xB2, 0xA4, 0x20, 0x89, 0x33, 0x12, 0x95,
    0x90, 0xB8, 0x66, 0x62, 0x13, 0x91, 0x20, 0x87, 0x14, 0x96, 0xB8, 0xF6, 0x6F, 0x13, 0x92, 0x4C,
    0x1F, 0x8F, 0x8A, 0x69, 0xD2, 0xF3, 0x86, 0xC4, 0xEF, 0x49, 0x24, 0xBF, 0xF6, 0x51, 0x95, 0xA6,
    0x84, 0x0A, 0xC4, 0xCB, 0xFB, 0xCC, 0x90, 0x43, 0x14, 0x73, 0x46, 0x49, 0xA0, 0x61, 0x4E, 0x90,
    0x60, 0x86, 0x9B, 0x53, 0x01, 0x2E, 0x89, 0x56, 0xE4, 0xDD, 0x71, 0xAD, 0x65, 0x81, 0x88, 0xFC,
    0xFD, 0x88, 0x1D, 0x31, 0x27, 0xDA, 0x14, 0xA2, 0x93, 0xCF, 0x32, 0xE9, 0xCF, 0x87, 0xC1, 0xE6,
    0x82, 0x39, 0x8A, 0xEA, 0xC7, 0xB8, 0x06, 0x2A, 0x62, 0xDE, 0x02, 0xB5, 0xE6, 0x88, 0x5F, 0x52,
    0x69, 0x99, 0x02, 0x6B, 0xD4, 0x2A, 0xA8, 0x30, 0xA9, 0x71, 0xA9, 0x94, 0xE8, 0x0D, 0x57, 0xAB,
    0xB1, 0x1B, 0x50, 0x79, 0xB0, 0x0C, 0x7F, 0x0F, 0xAD, 0x8F, 0x4E, 0xED, 0xB5, 0x50, 0x62, 0x81,
    0xED, 0x52, 0xB4, 0xCC, 0x89, 0x93, 0x00, 0x76, 0x3A, 0x76, 0x9D, 0x2D, 0x63, 0xA8, 0x19, 0x2B,
    0x45, 0x51, 0xDE, 0x62, 0x54, 0x51, 0x7A, 0x7A, 0x34, 0x6A, 0x03, 0xFA, 0xF7, 0x53, 0xEF, 0x79,
    0x1F, 0xE7, 0x99, 0x57, 0x34, 0x6B, 0xCD, 0x7C, 0xB6, 0x64, 0x6F, 0xDE, 0x13, 0xE6, 0x6B, 0x30,
    0x65, 0x87, 0xEC, 0x52, 0x33, 0x51, 0x7B, 0xAD, 0x0A, 0x20, 0xD5, 0x53, 0x9C, 0xF6, 0xD5, 0xAC,
    0x91, 0xA0, 0x54, 0x94, 0x66, 0x2A, 0xD1, 0x9C, 0x04, 0x16, 0x1C, 0x51, 0xF8, 0x9F, 0x7B, 0x17,
    0xD6, 0xC8, 0x99, 0x54, 0x5B, 0x1A, 0xF7, 0x96, 0xAA, 0xD4, 0xD2, 0x54, 0x25, 0xA4, 0x4B, 0xBC,
    0x4A, 0xD6, 0x90, 0xD4, 0x6F, 0x83, 0x0A, 0x94, 0x12, 0x44, 0x31, 0x36, 0x64, 0xD7, 0x9F, 0xD7,
    0x8C, 0x3D, 0xC4, 0xD2, 0x8E, 0xFD, 0xE0, 0x7D, 0xEB, 0x63, 0x50, 0xC8, 0x26, 0x41, 0x17, 0x14,
    0x40, 0x6A, 0xD1, 0x94, 0x75, 0x6B, 0x27, 0x89, 0xD4, 0x7E, 0xC3, 0x84, 0xB4, 0x13, 0x6C, 0x6A,
    0x2B, 0x93, 0x44, 0x66, 0x14, 0x91, 0x6B, 0x27, 0x9C, 0xD4, 0x4E, 0x3A, 0x09, 0xF1, 0x0F, 0x73,
    0x27, 0xCE, 0xFF, 0x1B, 0x29, 0x86, 0x7F, 0x53, 0x00, 0xBF, 0xA1, 0x44, 0xAE, 0xDC, 0x81, 0xEF,
    0xF9, 0x8D, 0x29, 0xD9, 0xF1, 0x3D, 0xED, 0xA4, 0x9F, 0xF4, 0x58, 0xDA, 0xB4, 0xA2, 0xF6, 0x25,
    0x4E, 0xF4, 0xBC, 0x34, 0x59, 0xE0, 0x27, 0x28, 0xB1, 0xF4, 0xCC, 0x2B, 0x1D, 0xF3, 0x4F, 0x0A,
    0xCB, 0x83, 0xBE, 0xC2, 0x82, 0x52, 0xF5, 0x2E, 0x8E, 0xF8, 0x30, 0xF9, 0xAD, 0x44, 0x28, 0xB0,
    0x72, 0x23, 0x9C, 0x97, 0x1D, 0x39, 0x4F, 0xDF, 0x2E, 0x11, 0x54, 0x83, 0x48, 0x67, 0x55, 0x55,
    0xCA, 0x19, 0x2E, 0x52, 0x89, 0x1D, 0x38, 0x91, 0xB1, 0x35, 0xB3, 0xCE, 0xDF, 0x17, 0xFC, 0x89,
    0x68, 0xEA, 0x10, 0xFC, 0xD6, 0x2A, 0x01, 0x1A, 0x36, 0xC1, 0xBC, 0x26, 0x71, 0x0D, 0x11, 0x96,
    0xAC, 0x91, 0x13, 0xFF, 0x3A, 0x61, 0x30, 0x1B, 0x63, 0x21, 0x4E, 0x42, 0xCC, 0x02, 0x3A, 0xF4,
    0xC0, 0xAF, 0x88, 0x2C, 0xB8, 0x5A, 0x45, 0x59, 0xC0, 0x7D, 0x55, 0x9C, 0x80, 0x05, 0x38, 0xA6,
    0xF2, 0x19, 0xA5, 0x8D, 0x39, 0x11, 0xE5, 0x57, 0xDF, 0xD8, 0xBA, 0x7E, 0xEB, 0x37, 0x61, 0xB1,
    0x58, 0xF5, 0xDB, 0x0A, 0xFD, 0xD6, 0xF1, 0x86, 0x19, 0x30, 0x4E, 0xD6, 0xFD, 0x76, 0x1C, 0x73,
    0x23, 0xCD, 0x8D, 0x52, 0xA8, 0xB5, 0xC3, 0x7F, 0x6E, 0x4B, 0x8A, 0x1F, 0xCD, 0x49, 0x3C, 0x61,
    0x7F, 0xB1, 0x7A, 0x6D, 0xE9, 0x3D, 0x64, 0x47, 0x81, 0x34, 0x69, 0x64, 0x5E, 0x1B, 0xED, 0xA8,
    0x69, 0x9E, 0xC4, 0x63, 0x45, 0x0B, 0xA1, 0x36, 0x20, 0x42, 0x7A, 0x7C, 0x63, 0x42, 0xF6, 0x84,
    0xCB, 0xF7, 0xF4, 0xDF, 0x92, 0xBF, 0xE3, 0xDF, 0x66, 0xCD, 0x78, 0x2F, 0x29, 0xAD, 0xA2, 0xE2,
    0x84, 0x46, 0x56, 0xC2, 0x37, 0xED, 0xA8, 0x2D, 0xB6, 0x23, 0xF3, 0xEB, 0x07, 0xCF, 0x6B, 0x98,
    0x08, 0xEF, 0x5B, 0x98, 0x27, 0x38, 0x85, 0xB1, 0xC4, 0xC1, 0x2B, 0x5B, 0x14, 0xF0, 0x79, 0x43,
    0xED, 0xCA, 0x95, 0x80, 0xE4, 0x39, 0x99, 0x21, 0xC5, 0xCE, 0xCA, 0x51, 0xA6, 0x39, 0xCC, 0x0C,
    0xC9, 0x14, 0x4A, 0x14, 0xDB, 0x81, 0xB6, 0x67, 0xC9, 0x5D, 0x14, 0xE1, 0x43, 0x26, 0x8B, 0xB1,
    0x9E, 0xC8, 0xBE, 0xCC, 0xAA, 0x39, 0x66, 0x8A, 0x08, 0x2A, 0x7F, 0x3A, 0x1C, 0x50, 0x58, 0x7F,
    0xC2, 0x1E, 0x52, 0x4A, 0xDA, 0xE7, 0xAD, 0xEC, 0x25, 0x7E, 0x27, 0x8F, 0x77, 0xBA, 0x38, 0xB5,
    0x09, 0x9C, 0x9C, 0x28, 0x7B, 0x2F, 0x69, 0x52, 0xEC, 0x6C, 0xA0, 0xE4, 0x69, 0xDD, 0x68, 0x46,
    0x11, 0x67, 0x1B, 0x32, 0x9D, 0xC8, 0x29, 0xE4, 0x98, 0xDE, 0x53, 0x3E, 0xAB, 0x43, 0x46, 0x8D,
    0x28, 0xE8, 0x3C, 0xF3, 0x64, 0x63, 0x8D, 0xC9, 0xBF, 0xD3, 0x4C, 0xAD, 0xEC, 0xA1, 0x73, 0x00,
    0x3A, 0x8C, 0xDC, 0x26, 0xDE, 0x7E, 0x50, 0x86, 0xB5, 0xA9, 0x72, 0x4D, 0x09, 0x90, 0x21, 0xB7,
    0xBB, 0x1D, 0x4C, 0xF4, 0x9D, 0x54, 0x51, 0x8D, 0xEA, 0x29, 0x6E, 0xC1, 0x0E, 0xF2, 0x4C, 0x72,
    0xEA, 0x9B, 0x50, 0xB9, 0x51, 0x39, 0xC0, 0x13, 0xEB, 0xC1, 0x3D, 0x79, 0x11, 0x61, 0xF7, 0x33,
    0x34, 0xE2, 0x66, 0x1C, 0x50, 0x5A, 0xBD, 0xD0, 0xC4, 0xE6, 0xE0, 0xE0, 0xE3, 0xAD, 0xC0, 0xEE,
    0x62, 0xD8, 0xAD, 0x85, 0x7D, 0x59, 0x4A, 0x06, 0x42, 0x25, 0x14, 0xF6, 0x95, 0xCA, 0xEB, 0x25,
    0xE8, 0xD3, 0xC3, 0xD6, 0x9A, 0xFF, 0x42, 0xD8, 0xD7, 0xEF, 0x2A, 0xE6, 0xD3, 0x3B, 0xE2, 0xA4,
    0x6F, 0x12, 0x8F, 0x89, 0x0B, 0xA2, 0xDA, 0x09, 0x3B, 0x83, 0x29, 0x9F, 0xEB, 0x25, 0x25, 0xCB,
    0xAD, 0x0A, 0x1D, 0xB4, 0xA6, 0x87, 0xF4, 0x79, 0xC5, 0xF7, 0x92, 0xC1, 0xFC, 0xA5, 0x19, 0xF3,
    0xDD, 0x19, 0xA9, 0xF1, 0x65, 0x43, 0x17, 0x62, 0x54, 0x9A, 0x57, 0x1B, 0xB0, 0x10, 0x3E, 0x79,
    0x30, 0x49, 0xD9, 0x41, 0xAC, 0xB1, 0x17, 0xE6, 0x02, 0xE8, 0x72, 0x97, 0xE4, 0xDE, 0x56, 0x6A,
    0x6E, 0x5A, 0xAC, 0xE1, 0x70, 0x38, 0x55, 0x82, 0xDB, 0x3B, 0xED, 0x53, 0x36, 0x05, 0x9B, 0x1A,
    0x53, 0x76, 0xB9, 0x30, 0x47, 0x97, 0x3B, 0x3B, 0x90, 0xA9, 0xC5, 0x09, 0x7B, 0x6F, 0x81, 0xF5,
    0x1E, 0x3A, 0x27, 0x2B, 0xDE, 0xEA, 0x64, 0xE9, 0x4C, 0x1C, 0x15, 0xA6, 0x87, 0x94, 0x63, 0x8F,
    0x30, 0xD1, 0x3E, 0xF2, 0x16, 0xDE, 0xCC, 0xC7, 0x98, 0x00, 0xF7, 0xD7, 0x4C, 0x54, 0xD1, 0xA0,
    0x0A, 0x65, 0x88, 0x34, 0x27, 0xEB, 0xEF, 0x09, 0x69, 0xC6, 0xB4, 0x5A, 0xB9, 0x9C, 0x19, 0x93,
    0xDF, 0xF0, 0xA2, 0xB6, 0x3B, 0xA1, 0x95, 0x31, 0xD3, 0xC2, 0x4A, 0x9A, 0x88, 0xB1, 0x35, 0x69,
    0x72, 0xCD, 0x02, 0x0C, 0xA6, 0x86, 0x4D, 0x44, 0xFF, 0x3A, 0x79, 0x87, 0x1B, 0x53, 0xF3, 0xA6,
    0x0A, 0xA8, 0x46, 0x23, 0xA7, 0x25, 0x94, 0xAE, 0xD0, 0x65, 0x60, 0x29, 0x54, 0xFB, 0x26, 0xCD,
    0xE5, 0x44, 0xF1, 0x18, 0x94, 0xFE, 0x7A, 0xA7, 0x57, 0x99, 0x22, 0xCD, 0x4B, 0xB7, 0xDA, 0x1E,
    0x61, 0xC3, 0xB6, 0x88, 0xC0, 0xCD, 0xC6, 0x18, 0xC3, 0xB4, 0xDC, 0x5D, 0x02, 0x34, 0x6B, 0x38,
    0x2E, 0x35, 0x29, 0xD7, 0x9D, 0xE8, 0x7D, 0x1A, 0xFC, 0xBA, 0x38, 0x32, 0xE8, 0x55, 0x77, 0xCA,
    0xF4, 0x78, 0xCC, 0xB5, 0x49, 0xFC, 0xFB, 0xAD, 0x70, 0xFF, 0x28, 0x56, 0x79, 0xD9, 0x86, 0x89,
    0xC8, 0xA5, 0x59, 0x21, 0xE3, 0xF1, 0xF0, 0x35, 0x1B, 0x3A, 0x60, 0x25, 0x3C, 0xA8, 0xE4, 0xE4,
    0xE1, 0x1B, 0x91, 0x9F, 0xCD, 0x3D, 0x68, 0xC8, 0xB7, 0x72, 0xEA, 0x44, 0x9B, 0x38, 0x2B, 0x35,
    0x4F, 0xDB, 0x2B, 0xD7, 0xEA, 0x7E, 0x83, 0x5A, 0x1F, 0x07, 0xA5, 0x1B, 0x00, 0xE9, 0xBC, 0x96,
    0x79, 0xD5, 0x09, 0xB7, 0x95, 0xCE, 0x15, 0x41, 0xD1, 0x90, 0x9B, 0x57, 0x5C, 0xBD, 0xED, 0x15,
    0x26, 0x27, 0x5E, 0xB1, 0x0F, 0x77, 0xBC, 0x52, 0x72, 0x45, 0x98, 0x8A, 0x44, 0xDC, 0x8B, 0x0B,
    0x45, 0x1B, 0xAD, 0xCD, 0x4D, 0x82, 0xDF, 0x6F, 0x5C, 0x09, 0x66, 0xAF, 0xAA, 0x5D, 0xA9, 0x66,
    0xF7, 0x55, 0xAE, 0xA4, 0xDE, 0xFD, 0xC5, 0xAA, 0xF4, 0x38, 0x59, 0x23, 0x4E, 0xED, 0x14, 0x5C,
    0x32, 0x09, 0x7B, 0x2C, 0xC6, 0xAB, 0x6E, 0xB2, 0x39, 0x77, 0x87, 0xDF, 0x92, 0xF0, 0x4D, 0x92,
    0x38, 0x61, 0x1A, 0x8F, 0x70, 0xC8, 0x48, 0xAD, 0x58, 0x8D, 0xCC, 0x22, 0x9B, 0x00, 0xCA, 0x38,
    0xB6, 0x00, 0x74, 0x7B, 0x33, 0x34, 0x00, 0xF4, 0x7B, 0x94, 0xA4, 0x2A, 0x11, 0xCB, 0x83, 0x1E,
    0xD3, 0xE3, 0xC0, 0x9C, 0x64, 0x9D, 0x6C, 0xE5, 0xB1, 0x93, 0x93, 0xD4, 0x5E, 0xA0, 0x41, 0x78,
    0x81, 0x9A, 0xF3, 0x22, 0xFC, 0xBD, 0xD6, 0xEE, 0x66, 0x51, 0x6F, 0xEA, 0x00, 0x51, 0x6D, 0xB2,
    0x5C, 0xB3, 0x37, 0x55, 0xD4, 0x05, 0xB2, 0xD2, 0xD4, 0x07, 0xA2, 0xCE, 0x28, 0x86, 0xAD, 0x72,
    0xCC, 0xB5, 0xE4, 0x54, 0x85, 0xBB, 0x9B, 0xAB, 0xEB, 0x37, 0xD3, 0xCA, 0x4E, 0xEB, 0x1A, 0x0E,
    0x89, 0xBB, 0x68, 0x49, 0x1C, 0x2F, 0x57, 0x5B, 0x1E, 0x2E, 0xE3, 0x14, 0x46, 0x19, 0xEA, 0xFD,
    0xBD, 0x04, 0x6D, 0x58, 0xE6, 0x59, 0x54, 0x09, 0x96, 0x97, 0x0C, 0xDD, 0x55, 0x71, 0xEF, 0x70,
    0xCC, 0xF6, 0x5C, 0x72, 0x37, 0xC1, 0x1C, 0xCF, 0xC0, 0x8E, 0x68, 0xEF, 0x59, 0xF0, 0x7E, 0xFB,
    0xAC, 0x2A, 0x90, 0x4E, 0xC8, 0x34, 0x03, 0x8D, 0xF4, 0x99, 0x17, 0xF3, 0x6D, 0x84, 0xFB, 0x98,
    0x71, 0xF3, 0xC2, 0xB2, 0x79, 0x2D, 0xB5, 0x4A, 0xEC, 0xCB, 0x5C, 0x21, 0x3A, 0x09, 0xFF, 0xB6,
    0x4D, 0xAD, 0x06, 0x29, 0x75, 0x33, 0xF9, 0xBC, 0xDA, 0x6A, 0x3E, 0xCB, 0xBF, 0xF2, 0x3E, 0x3E,
    0x11, 0xBE, 0xA2, 0x4D, 0x93, 0x19, 0x52, 0x61, 0x7A, 0x4C, 0x19, 0x79, 0xE0, 0xD8, 0xDF, 0x6C,
    0xA2, 0x78, 0xB8, 0xC1, 0x8B, 0xBD, 0xB9, 0x1D, 0x39, 0x97, 0x1E, 0x17, 0x91, 0x8E, 0x5D, 0x2E,
    0x76, 0x74, 0xEE, 0xE8, 0x73, 0x1C, 0xFD, 0x22, 0x59, 0x1F, 0x64, 0x7E, 0x82, 0x3E, 0xA1, 0x2B,
    0x58, 0x0E, 0x86, 0xBB, 0xFF, 0xA8, 0x6C, 0xEF, 0xA3, 0xEC, 0xDE, 0xF1, 0xF1, 0x32, 0x58, 0x63,
    0x24, 0x28, 0xED, 0x98, 0x17, 0xAB, 0x44, 0x0B, 0xD3, 0x63, 0xD2, 0x80, 0x43, 0x8E, 0xD3, 0x0F,
    0xE9, 0xEC, 0x81, 0xA8, 0x02, 0xED, 0x1C, 0x5D, 0x92, 0xCE, 0xEB, 0xC5, 0x4A, 0x76, 0x04, 0x8A,
    0x8E, 0x9B, 0x80, 0xC6, 0x45, 0x54, 0x80, 0xAA, 0x24, 0xAC, 0x25, 0xCD, 0xBC, 0x1E, 0xE5, 0x32,
    0xDA, 0x5E, 0x6E, 0x72, 0xDE, 0x64, 0xF9, 0x87, 0x3E, 0xE1, 0x76, 0x52, 0x9E, 0x22, 0x3C, 0xB8,
    0x28, 0xA3, 0x67, 0xBC, 0x0C, 0xF9, 0x55, 0xA9, 0x06, 0x29, 0xDE, 0x47, 0xDB, 0xEC, 0x6D, 0xB7,
    0xB3, 0x44, 0x3E, 0x8F, 0xE8, 0x95, 0x24, 0xF3, 0x44, 0x4E, 0x1D, 0x79, 0xE5, 0x71, 0xB9, 0x6F,
    0x67, 0x78, 0x9D, 0xD7, 0x5F, 0xEE, 0xBF, 0x76, 0x10, 0xC5, 0x17, 0x5F, 0xA4, 0x93, 0xEA, 0x73,
    0xC2, 0x61, 0xE5, 0x36, 0x89, 0x39, 0xD7, 0xA4, 0x03, 0x99, 0xD7, 0xC7, 0x20, 0x41, 0x95, 0x8A,
    0x1D, 0x9E, 0x45, 0x00, 0xD6, 0x22, 0x3C, 0xC9, 0xA1, 0xEA, 0x98, 0x0F, 0x7D, 0x4C, 0x23, 0xA1,
    0x57, 0xFB, 0x9C, 0x33, 0xC8, 0x84, 0xB3, 0x47, 0xD9, 0x81, 0xFF, 0x9E, 0xEF, 0x3E, 0x97, 0x53,
    0xC7, 0x2D, 0x0B, 0xA5, 0x52, 0x2B, 0x8C, 0xBA, 0x59, 0x28, 0x25, 0xB1, 0x13, 0x4A, 0x45, 0x99,
    0x47, 0xA1, 0x54, 0xB8, 0x12, 0x4A, 0x95, 0xB3, 0x37, 0x52, 0x28, 0x55, 0xCD, 0xFF, 0xA4, 0xE2,
    0x2A, 0x65, 0x84, 0x52, 0x5C, 0xA7, 0xC2, 0xAF, 0x6E, 0xB8, 0x52, 0x45, 0x9E, 0xE6, 0x5A, 0x15,
    0x5B, 0xA1, 0xD4, 0x72, 0x4F, 0x16, 0x5C, 0xA9, 0x2E, 0x89, 0x8A, 0x0A, 0xF2, 0xD6, 0x51, 0x9E,
    0x70, 0x28, 0x53, 0x28, 0x15, 0xD4, 0x9C, 0xFE, 0xD9, 0x2C, 0xED, 0x68, 0x2A, 0x83, 0x71, 0xCD,
    0x31, 0x34, 0xCB, 0x5E, 0x6E, 0x88, 0xE7, 0x81, 0xF7, 0x9E, 0x1E, 0x5B, 0xC4, 0x57, 0xCB, 0x9D,
    0xC5, 0x57, 0x21, 0xC4, 0x57, 0xDD, 0x4A, 0x7C, 0x35, 0x2F, 0x2F, 0x2D, 0xB9, 0x76, 0xFD, 0x96,
    0xC2, 0xBA, 0xDB, 0x34, 0xF1, 0x87, 0x62, 0xA5, 0xAD, 0x29, 0xBE, 0x4A, 0xCB, 0x80, 0x8C, 0xB3,
    0x69, 0x02, 0x6E, 0xFB, 0x7D, 0x2D, 0x56, 0x44, 0x22, 0x11, 0xCD, 0xA0, 0xAE, 0x7D, 0x56, 0x33,
    0xEB, 0x44, 0xDE, 0x3A, 0xAC, 0x39, 0x18, 0xB8, 0x34, 0x3D, 0x54, 0x06, 0xE8, 0x62, 0x0C, 0xD0,
    0x9F, 0x8F, 0x61, 0x4D, 0xA9, 0x0C, 0x1F, 0xDA, 0x09, 0xA8, 0x70, 0x1A, 0x86, 0x2A, 0xBC, 0xF1,
    0x51, 0x05, 0x52, 0x54, 0xAE, 0x2C, 0xDD, 0x0E, 0x86, 0x0D, 0xE6, 0x19, 0x0C, 0x19, 0xE4, 0x8A,
    0xDF, 0x9E, 0x73, 0xCA, 0xE3, 0x46, 0x93, 0xB5, 0xCB, 0x22, 0x6F, 0x05, 0xC1, 0x6C, 0xFC, 0x77,
    0xB5, 0xD3, 0x99, 0x58, 0x39, 0x4A, 0xD4, 0xE2, 0x5E, 0xB4, 0xE1, 0xE5, 0xA8, 0x7C, 0xB2, 0xB4,
    0x7E, 0xB1, 0x87, 0x51, 0x17, 0xBF, 0xAE, 0x74, 0x76, 0xD7, 0xD6, 0xFA, 0x5C, 0xE1, 0xB6, 0x23,
    0xE8, 0x5C, 0x9A, 0x30, 0x13, 0xBF, 0xF6, 0x9C, 0x5C, 0xD7, 0x9F, 0xA8, 0xCB, 0xF6, 0x72, 0x4A,
    0x0E, 0xB4, 0xB0, 0x43, 0x3C, 0xAB, 0x95, 0x8F, 0x82, 0x8A, 0xE7, 0x24, 0x95, 0x3E, 0x09, 0xE5,
    0x72, 0xD7, 0xFC, 0xDA, 0x9D, 0xFE, 0x15, 0xC9, 0x25, 0x32, 0x8A, 0x93, 0xDF, 0x92, 0x17, 0x31,
    0xE7, 0x74, 0xB8, 0x26, 0xDD, 0xE1, 0x20, 0xB5, 0x97, 0xCB, 0xDA, 0xD2, 0x7D, 0xED, 0xF8, 0x89,
    0x1C, 0x5E, 0x73, 0xE4, 0xAE, 0x66, 0xD9, 0xB3, 0x65, 0xF3, 0xF0, 0x12, 0x37, 0x9F, 0xD8, 0xF2,
    0x79, 0x5C, 0xCF, 0x29, 0x46, 0x05, 0x17, 0x55, 0x87, 0xE8, 0xAC, 0x89, 0xE9, 0xA4, 0xD9, 0xED,
    0x70, 0x22, 0x95, 0xB7, 0x96, 0x5D, 0x0F, 0x6F, 0xDF, 0xD2, 0x27, 0x4B, 0xA4, 0x79, 0x01, 0xAB,
    0x9F, 0x81, 0x57, 0xC1, 0x50, 0x7E, 0x51, 0xC0, 0x7C, 0x43, 0xAF, 0xFE, 0x78, 0x3F, 0xE1, 0x6A,
    0x48, 0x95, 0xE4, 0xAE, 0xC7, 0x96, 0xD2, 0xFB, 0x2C, 0x7D, 0xBF, 0x2A, 0x7D, 0xC5, 0xD2, 0xCB,
    0xAF, 0x89, 0x24, 0x1E, 0x6E, 0x76, 0xA3, 0xEC, 0xB6, 0xC9, 0x9C, 0x07, 0xE4, 0x83, 0x2D, 0x29,
    0xA6, 0xCF, 0x4B, 0x63, 0xDA, 0x6F, 0x31, 0xF2, 0x27, 0xE3, 0x2B, 0x0A, 0x93, 0xF1, 0x8A, 0x38,
    0x5D, 0x73, 0x5C, 0x37, 0x41, 0x2F, 0x91, 0xC5, 0x78, 0x3B, 0x16, 0x3B, 0xA1, 0xE6, 0xD5, 0x69,
    0xDC, 0x66, 0x34, 0x5C, 0x1D, 0x1D, 0x9B, 0x23, 0x96, 0xA1, 0x19, 0xD7, 0xAC, 0x17, 0xC9, 0xAD,
    0x1D, 0xD7, 0x5C, 0x9E, 0x89, 0x0C, 0x7A, 0xC5, 0x2F, 0x3D, 0xCB, 0x5D, 0x0D, 0x85, 0x5C, 0x76,
    0x46, 0x99, 0x85, 0x5C, 0xF0, 0xB0, 0xDD, 0xF3, 0xCB, 0x56, 0x55, 0x98, 0xB1, 0x75, 0xE9, 0x8B,
    0xD2, 0xD8, 0xE5, 0x85, 0x6C, 0x50, 0x94, 0x51, 0x65, 0xF1, 0xF6, 0x54, 0x33, 0x5F, 0x1E, 0xDB,
    0xE5, 0xDD, 0x37, 0xDA, 0x45, 0xA6, 0xF1, 0x1E, 0x78, 0x13, 0x8F, 0x5F, 0xB3, 0xE4, 0x47, 0xE4,
    0x9D, 0xA9, 0xF8, 0xB8, 0x32, 0xCA, 0x56, 0xF3, 0xEF, 0xB7, 0x23, 0xAB, 0xE6, 0x0B, 0x4D, 0x26,
    0x8B, 0xC0, 0x8C, 0x37, 0x04, 0xC4, 0x90, 0xA8, 0x88, 0x29, 0x51, 0x03, 0xFD, 0x16, 0x88, 0x45,
    0x9A, 0x5A, 0x23, 0x4A, 0x59, 0x80, 0x6A, 0xBD, 0x59, 0xF6, 0xB4, 0x15, 0x0F, 0x02, 0x83, 0x0A,
    0x18, 0x15, 0x40, 0x95, 0x00, 0x17, 0x02, 0xD4, 0xC0, 0xA1, 0x25, 0xD6, 0x44, 0x08, 0x8F, 0xEA,
    0x21, 0x23, 0x8A, 0xC1, 0x4A, 0xAC, 0x7B, 0xFA, 0xF8, 0x92, 0x43, 0x62, 0x9C, 0xAD, 0x7D, 0x4D,
    0x72, 0x09, 0x60, 0xE6, 0x39, 0x2F, 0x69, 0x75, 0x13, 0x70, 0xE7, 0x58, 0x3A, 0x81, 0xC5, 0x6D,
    0x6E, 0x9C, 0xD0, 0x3E, 0xD9, 0xC0, 0x0C, 0x10, 0x00, 0xC2, 0x1C, 0xC5, 0xA5, 0x75, 0x1C, 0xA0,
    0x35, 0xE0, 0xD7, 0x94, 0x34, 0x29, 0x27, 0x02, 0x8A, 0x13, 0x03, 0x94, 0xFA, 0x70, 0x23, 0xDF,
    0x1A, 0x18, 0x6A, 0x00, 0x7C, 0xC4, 0xB0, 0xB0, 0xB5, 0x58, 0xED, 0x38, 0x0D, 0xA0, 0x0D, 0xFD,
    0x4D, 0xE3, 0xE9, 0xB0, 0x74, 0xFA, 0x5A, 0x90, 0x11, 0x60, 0xE2, 0x05, 0x7D, 0x35, 0x61, 0x8B,
    0xCB, 0x03, 0x6E, 0x09, 0x8D, 0x61, 0x05, 0x60, 0x80, 0x98, 0x29, 0x47, 0x2A, 0xD6, 0x7D, 0x64,
    0x6A, 0xA8, 0x6C, 0xFF, 0x4B, 0xDF, 0x4F, 0x38, 0x7E, 0xBE, 0xE1, 0xE7, 0x87, 0x24, 0x24, 0xB7,
    0x08, 0x37, 0x97, 0x53, 0xF9, 0x52, 0xDD, 0x50, 0x13, 0xF8, 0xBB, 0xDD, 0x00, 0xA1, 0x0A, 0x56,
    0x89, 0x0E, 0x54, 0xC2, 0x55, 0xA7, 0x8B, 0x11, 0x54, 0xE6, 0xBE, 0xBC, 0xC0, 0x2D, 0x09, 0x0B,
    0xBE, 0x93, 0x07, 0xD7, 0xEC, 0xAB, 0xB4, 0xB1, 0x5B, 0x6C, 0xB4, 0x7F, 0x3F, 0x3C, 0xB8, 0x4A,
    0x27, 0x15, 0x70, 0x2A, 0xD8, 0x99, 0x39, 0xBD, 0xAD, 0xD6, 0x29, 0x9B, 0x16, 0x7E, 0xFE, 0x0E,
    0x16, 0x7E, 0x2F, 0x3F, 0x36, 0x29, 0xEB, 0x21, 0x4B, 0x5B, 0x33, 0xDF, 0xC3, 0xC2, 0xAF, 0xD4,
    0xCF, 0x82, 0xB6, 0xC2, 0x6B, 0xB4, 0x19, 0x22, 0xDB, 0xF2, 0x11, 0xF1, 0x7F, 0x84, 0xEF, 0x74,
    0x72, 0x3A, 0x91, 0x09, 0x44, 0x28, 0xFB, 0x0F, 0x87, 0x5F, 0x35, 0x71, 0xFD, 0x73, 0x21, 0xDB,
    0x06, 0xBE, 0x2D, 0x9C, 0xE6, 0xBD, 0x1C, 0x9C, 0x67, 0x39, 0xB8, 0x6A, 0x78, 0x63, 0xF8, 0xB4,
    0xBB, 0xB5, 0xE1, 0x30, 0x54, 0x38, 0xD1, 0x3F, 0xCE, 0x4E, 0x53, 0xF3, 0x3C, 0xCF, 0xA2, 0x11,
    0x0D, 0x69, 0x01, 0xCD, 0xB9, 0x23, 0x77, 0x42, 0xEB, 0x24, 0xA7, 0x3C, 0xEB, 0xEF, 0xC9, 0xA9,
    0x3C, 0xD3, 0x14, 0x49, 0x3B, 0x89, 0x12, 0x37, 0xA8, 0xDB, 0x0C, 0x51, 0x09, 0xE2, 0x20, 0xCA,
    0x26, 0x0C, 0x17, 0xC3, 0xE7, 0x5C, 0x3B, 0x6C, 0x91, 0x34, 0x4D, 0x36, 0xD6, 0xF5, 0x30, 0xED,
    0x7F, 0x9A, 0xF3, 0xE1, 0x48, 0xAE, 0xAC, 0x79, 0x80, 0x37, 0x24, 0x6B, 0x15, 0x7A, 0x50, 0x6D,
    0x5A, 0xBE, 0xCF, 0x6E, 0x36, 0x7D, 0x2A, 0xC9, 0x10, 0xFE, 0xD4, 0x40, 0x89, 0x2F, 0x36, 0x06,
    0x76, 0x8F, 0x92, 0x8A, 0xDD, 0xA3, 0x74, 0xB8, 0x93, 0xA6, 0x60, 0x10, 0xA1, 0xF1, 0x91, 0xCE,
    0xF9, 0xEE, 0x29, 0xFE, 0xA3, 0x5B, 0x9E, 0xD3, 0x54, 0x40, 0x26, 0xC1, 0xDD, 0xA6, 0xD3, 0x55,
    0xA8, 0xC8, 0x29, 0x2B, 0x14, 0x88, 0x44, 0x43, 0x47, 0xAA, 0xF2, 0x9C, 0xF4, 0x58, 0x71, 0xEA,
    0xF4, 0xB4, 0xE2, 0x04, 0x65, 0x25, 0xDF, 0xDC, 0x26, 0x79, 0x9A, 0xF3, 0x2A, 0x0D, 0x79, 0x9D,
    0x05, 0xA6, 0x35, 0x49, 0x0B, 0x29, 0x9F, 0x20, 0x23, 0x1C, 0x56, 0x86, 0xFA, 0xFD, 0x8F, 0xC4,
    0x2C, 0xE7, 0x50, 0x3B, 0x55, 0x69, 0xED, 0x56, 0xF7, 0x9D, 0x69, 0x58, 0x38, 0xED, 0xC7, 0xCA,
    0xF0, 0x0D, 0xFF, 0x9C, 0xDC, 0xDF, 0x89, 0xF9, 0xD1, 0x92, 0x78, 0x3D, 0x54, 0xE2, 0x08, 0x0D,
    0x63, 0x40, 0xD2, 0x81, 0x89, 0x2C, 0x7B, 0x5B, 0x6B, 0x4D, 0x59, 0xA5, 0xBD, 0x25, 0xA2, 0x5A,
    0xC0, 0x69, 0x0D, 0xA4, 0xA3, 0x1E, 0x80, 0x7A, 0x84, 0xE3, 0xBB, 0xB9, 0xFE, 0x28, 0x5A, 0x76,
    0x61, 0x45, 0xE3, 0xB1, 0x0B, 0x59, 0x39, 0xC4, 0xAB, 0x9D, 0x1D, 0xE2, 0xAF, 0xDE, 0x92, 0x43,
    0x3C, 0x79, 0x1F, 0xBF, 0xE4, 0x0A, 0xC2, 0xF3, 0xA9, 0x35, 0x9B, 0x13, 0xEB, 0xDB, 0x8E, 0x26,
    0xFB, 0xC9, 0x79, 0x26, 0xFB, 0x34, 0x03, 0x0A, 0x12, 0x30, 0x5F, 0xF6, 0xFC, 0x28, 0x27, 0x58,
    0xEA, 0x59, 0x09, 0xC5, 0xE8, 0x11, 0x56, 0xD9, 0x8C, 0xB9, 0xDA, 0x2A, 0x7B, 0xE9, 0x50, 0xA3,
    0xBD, 0x4E, 0xF8, 0x4A, 0x68, 0x22, 0x4F, 0xA3, 0x37, 0xEB, 0xBA, 0x3E, 0xB0, 0x82, 0xDC, 0x0E,
    0xA4, 0x89, 0x81, 0xB8, 0x30, 0x10, 0xD4, 0x06, 0x7C, 0xBB, 0xA2, 0x03, 0x14, 0x1B, 0x7B, 0xED,
    0x87, 0xDE, 0xFF, 0xCC, 0xCA, 0xA9, 0x3E, 0x3E, 0x67, 0x88, 0x73, 0x09, 0xE0, 0x40, 0xEE, 0x46,
    0x83, 0x7D, 0x32, 0x0F, 0x8A, 0x7F, 0xE4, 0xC6, 0x9C, 0xAE, 0xF5, 0xC7, 0xC8, 0x3B, 0xB9, 0xC9,
    0xA0, 0x25, 0xBD, 0xDB, 0x1A, 0xA5, 0x04, 0xDB, 0x66, 0xD8, 0xD1, 0xF1, 0xBE, 0x27, 0x23, 0xE3,
    0xBC, 0xE5, 0x2F, 0xC5, 0x85, 0x81, 0x14, 0x96, 0x10, 0x48, 0x5A, 0xD5, 0x80, 0x12, 0x90, 0x9C,
    0x51, 0x6B, 0x80, 0x2A, 0xC6, 0xFB, 0xF0, 0xC4, 0xA5, 0x1E, 0x60, 0x6B, 0x5D, 0x52, 0x49, 0x3E,
    0x2A, 0xF4, 0x73, 0x80, 0x9D, 0x1D, 0xC8, 0x28, 0x5D, 0x5A, 0x98, 0x3B, 0x35, 0x1F, 0x46, 0x1E,
    0x64, 0x89, 0x16, 0xAC, 0x13, 0x33, 0xD1, 0x1D, 0xB3, 0x75, 0x7F, 0x6B, 0x70, 0x2F, 0x8A, 0x66,
    0xCE, 0xA8, 0xA0, 0x25, 0x11, 0xBB, 0xB7, 0x93, 0xF1, 0xD6, 0xF8, 0x31, 0x9E, 0x9C, 0x61, 0x89,
    0x69, 0x2B, 0x2A, 0x80, 0x8A, 0x7D, 0xA1, 0x03, 0xB2, 0x8F, 0xF2, 0x09, 0xEB, 0x62, 0x32, 0xBB,
    0x7E, 0x68, 0xDD, 0xED, 0x13, 0x62, 0xC6, 0xD1, 0x58, 0x02, 0x6D, 0x0F, 0x9A, 0xB5, 0xEB, 0x67,
    0x25, 0x25, 0xAA, 0xCC, 0x8A, 0x18, 0x80, 0x73, 0x64, 0x87, 0x46, 0x1B, 0xCB, 0xE0, 0xBC, 0x85,
    0x27, 0x30, 0x9A, 0x3F, 0x70, 0x49, 0x19, 0xFF, 0xA0, 0x12, 0xE7, 0x04, 0x31, 0x6B, 0x0C, 0x30,
    0x04, 0x85, 0xCA, 0x0C, 0x20, 0x80, 0xD4, 0x1F, 0xB4, 0x06, 0xFE, 0xA2, 0x32, 0x70, 0x2F, 0xFA,
    0xF8, 0x7F, 0x97, 0x06, 0xFE, 0xA4, 0x31, 0xF0, 0x7B, 0x9D, 0x73, 0x22, 0x85, 0xDE, 0xDD, 0xC0,
    0xBC, 0xA6, 0x8E, 0x7D, 0xF4, 0xAC, 0x88, 0x8A, 0x1C, 0xD6, 0x57, 0x2D, 0x30, 0xA8, 0xE0, 0x77,
    0xB8, 0xF6, 0x08, 0x84, 0xD3, 0x93, 0x7D, 0x84, 0x4F, 0xBB, 0x84, 0x28, 0xCF, 0x40, 0x96, 0x0D,
    0xF0, 0x6F, 0x2A, 0xC7, 0xC9, 0x23, 0x57, 0x5E, 0x23, 0x5B, 0xE6, 0x8B, 0x3B, 0x73, 0x62, 0xCC,
    0x67, 0x43, 0xA6, 0x33, 0x6B, 0x81, 0xD2, 0x4F, 0x3D, 0x14, 0xCB, 0x75, 0x70, 0x36, 0x9F, 0x7E,
    0x90, 0x4B, 0x31, 0xE8, 0xB7, 0xF0, 0x83, 0x9C, 0x57, 0xEB, 0xDC, 0x95, 0x00, 0x35, 0x73, 0xAF,
    0x99, 0x7B, 0xC9, 0xDC, 0x33, 0xE6, 0x5E, 0x30, 0x77, 0xFE, 0xFE, 0xF7, 0x35, 0xEF, 0x3C, 0x26,
    0xAA, 0x8C, 0xB9, 0x97, 0xEB, 0xE0, 0x27, 0xA2, 0x89, 0xE9, 0x83, 0xF2, 0xFF, 0xA5, 0x4F, 0x3F,
    0xF5, 0x30, 0x16, 0x2F, 0x96, 0xCE, 0x50, 0x4C, 0x70, 0x27, 0xA7, 0x4F, 0x2E, 0xD1, 0x5B, 0x61,
    0xBB, 0x9A, 0x68, 0x0B, 0xD4, 0x23, 0x9C, 0xE3, 0x07, 0xCF, 0x12, 0xF6, 0x6B, 0xBC, 0x7E, 0xF7,
    0x23, 0xDC, 0x56, 0xA7, 0x51, 0x0D, 0xD5, 0x1A, 0x0F, 0x12, 0xA0, 0xC8, 0x69, 0x64, 0x73, 0x30,
    0x5F, 0x87, 0xFC, 0xFD, 0xAD, 0xA0, 0x55, 0xC2, 0x8F, 0x94, 0x6A, 0xFA, 0x87, 0x2A, 0x9C, 0x1A,
    0xF4, 0xCE, 0xA4, 0x43, 0x4B, 0xFA, 0x9A, 0x8F, 0x1A, 0x56, 0xFD, 0xB3, 0xB0, 0x34, 0xAC, 0x48,
    0xC9, 0x12, 0x59, 0x66, 0xC2, 0x52, 0xAF, 0xB5, 0x54, 0xF4, 0x79, 0x54, 0x78, 0x78, 0xED, 0x5A,
    0xB3, 0x31, 0x65, 0x27, 0x02, 0x4B, 0x9D, 0x60, 0xF9, 0x4E, 0x63, 0xDE, 0xC9, 0xFF, 0x39, 0xC6,
    0x27, 0x18, 0x5E, 0x64, 0x39, 0x4C, 0xB1, 0x84, 0x36, 0x00, 0x20, 0xE4, 0xCB, 0xB6, 0x93, 0xEB,
    0xFB, 0x24, 0x98, 0x22, 0x49, 0x1A, 0xFE, 0x6D, 0xAE, 0x49, 0x24, 0xB7, 0x44, 0x25, 0x24, 0x71,
    0x46, 0x12, 0x9D, 0xED, 0xD1, 0x20, 0x38, 0x1C, 0x89, 0x2C, 0x89, 0x33, 0x12, 0x95, 0x90, 0xE4,
    0xBC, 0xE1, 0xBB, 0x3B, 0x92, 0xA1, 0xB1, 0xBA, 0xDD, 0x0C, 0x50, 0x39, 0x8E, 0x07, 0xF1, 0x40,
    0x7E, 0x84, 0x9A, 0x2C, 0x6B, 0xEE, 0xE4, 0x25, 0x98, 0x95, 0x53, 0x32, 0x4F, 0xC3, 0x00, 0x7B,
    0xC8, 0x36, 0x2E, 0x96, 0xD8, 0x97, 0x95, 0x50, 0x00, 0x07, 0x95, 0xE6, 0xC4, 0x07, 0x9C, 0x6D,
    0x60, 0x47, 0x84, 0xA4, 0x13, 0x0A, 0xDE, 0xA0, 0x0A, 0x2A, 0x67, 0xDA, 0x94, 0xCD, 0x9A, 0x38,
    0x0B, 0x2B, 0x4F, 0x53, 0xC1, 0x3B, 0x74, 0x90, 0x1D, 0xBA, 0x38, 0x7C, 0x27, 0x9F, 0x6C, 0xB2,
    0xBF, 0xDF, 0xCA, 0x70, 0x0E, 0x1B, 0x81, 0xC8, 0xDC, 0xE7, 0xE6, 0xF5, 0xE4, 0x6E, 0xD6, 0x64,
    0x9F, 0x96, 0xBD, 0x50, 0x7E, 0x0D, 0xA6, 0x0C, 0x39, 0x5E, 0x77, 0x47, 0xC9, 0xC0, 0x6C, 0x02,
    0x4B, 0xAC, 0xE2, 0x0B, 0xE8, 0xD7, 0x14, 0x64, 0xB9, 0x71, 0x11, 0x0F, 0x12, 0xDC, 0x38, 0xA4,
    0xFF, 0x17, 0xCC, 0x0F, 0xBA, 0xB4, 0xB5, 0x62, 0x2D, 0x2F, 0xBF, 0x91, 0x58, 0x93, 0x16, 0x13,
    0x9C, 0xA3, 0x9C, 0x75, 0x63, 0x70, 0x8E, 0x87, 0x50, 0x36, 0x8A, 0xAC, 0x10, 0x47, 0xB2, 0xB0,
    0xFA, 0xEB, 0xDB, 0xA9, 0xF7, 0x78, 0x8F, 0x51, 0x02, 0x35, 0xA7, 0x28, 0x06, 0xC0, 0x51, 0xC2,
    0xF9, 0xB9, 0x5F, 0x1B, 0x8C, 0x87, 0xC6, 0x00, 0xED, 0x96, 0xC5, 0xA2, 0x27, 0x1F, 0x55, 0xCC,
    0x9C, 0xC1, 0xF8, 0xD9, 0x4C, 0x5F, 0xC5, 0xB6, 0x7C, 0x04, 0x63, 0x84, 0x0C, 0xC5, 0x08, 0xE7,
    0x09, 0x02, 0x50, 0x1E, 0x96, 0x09, 0x62, 0x84, 0x5B, 0xF6, 0x4C, 0xD3, 0xEB, 0x53, 0xCE, 0x3E,
    0x8F, 0x31, 0xB8, 0x95, 0x08, 0x6D, 0xCA, 0x82, 0x8A, 0xD2, 0xF8, 0x00, 0xC3, 0x8A, 0xFB, 0x0E,
    0x8F, 0x37, 0x74, 0x86, 0x48, 0x8A, 0x05, 0x50, 0x7D, 0x60, 0x0D, 0x73, 0xA3, 0x92, 0x0B, 0xB7,
    0x93, 0x5D, 0xF9, 0x3D, 0xDF, 0xFD, 0x2D, 0x02, 0x99, 0x8B, 0x85, 0x53, 0x61, 0x50, 0x6F, 0xB1,
    0xC0, 0x08, 0x75, 0x6A, 0xE9, 0x79, 0x45, 0xFE, 0x0A, 0xFC, 0x4E, 0x43, 0x66, 0x2B, 0x58, 0x69,
    0xA4, 0x97, 0x51, 0xE6, 0x94, 0xD1, 0x8A, 0x1B, 0x8F, 0x51, 0x19, 0x1D, 0xB4, 0xD4, 0xF9, 0xED,
    0xFC, 0x1A, 0x58, 0x73, 0x7D, 0x73, 0xCD, 0x2B, 0xD4, 0xDC, 0x3A, 0x08, 0x8D, 0x11, 0x16, 0x8F,
    0xFD, 0xC6, 0x19, 0x38, 0xC7, 0xDF, 0x52, 0x3A, 0x76, 0x81, 0x35, 0xA7, 0x5E, 0xC1, 0x73, 0x23,
    0x81, 0x66, 0x63, 0x16, 0x7C, 0x13, 0xCE, 0x61, 0x7B, 0xCD, 0x15, 0xF4, 0x83, 0xA3, 0x75, 0x75,
    0x46, 0x97, 0x8A, 0xA0, 0x9C, 0x58, 0x57, 0xEB, 0xD1, 0xBA, 0x1A, 0x36, 0x91, 0x33, 0x5A, 0x57,
    0x57, 0x68, 0xFB, 0x4D, 0xEB, 0xEA, 0x7B, 0x6D, 0x09, 0xDC, 0x0B, 0xF0, 0x6C, 0x09, 0x34, 0x81,
    0xFF, 0xDD, 0x5E, 0x02, 0xBA, 0x2F, 0x93, 0xAB, 0x6C, 0x84, 0xCE, 0xCB, 0x2E, 0x4A, 0x9A, 0x33,
    0x3D, 0x4D, 0x65, 0x21, 0x64, 0xD3, 0xC9, 0x0F, 0x51, 0x80, 0xFB, 0xBA, 0x4A, 0x46, 0x2E, 0x63,
    0x48, 0x88, 0x56, 0x12, 0x9F, 0x8D, 0xBF, 0x0F, 0xFE, 0xB9, 0xE6, 0xFD, 0x94, 0x6C, 0x32, 0xAB,
    0x05, 0x67, 0x57, 0xA6, 0xE9, 0x33, 0xB0, 0xCB, 0xBC, 0x5A, 0x45, 0xCD, 0x1C, 0x60, 0xD6, 0xE2,
    0x0F, 0x64, 0xCB, 0x76, 0xE3, 0x5D, 0x54, 0x06, 0x2E, 0xB6, 0x94, 0x63, 0x99, 0x83, 0xB1, 0xF6,
    0x5B, 0x72, 0xC1, 0x60, 0xCD, 0x14, 0x7A, 0x44, 0x34, 0x38, 0xD9, 0xB3, 0xD5, 0x46, 0x71, 0x03,
    0xC2, 0xDF, 0x71, 0xCF, 0xBD, 0x64, 0xB4, 0x25, 0xF2, 0xEB, 0x3E, 0xB7, 0x1C, 0x03, 0x2C, 0x27,
    0x53, 0xA8, 0x98, 0xE3, 0x73, 0xFA, 0xC9, 0x60, 0x85, 0x6F, 0x8E, 0x60, 0x66, 0x48, 0x5C, 0x18,
    0xCF, 0x47, 0x91, 0xDC, 0x30, 0xD1, 0x4E, 0xDE, 0x20, 0xB3, 0x01, 0xC7, 0x8A, 0xF0, 0x50, 0x3B,
    0x10, 0xCC, 0x26, 0x4A, 0x88, 0xB0, 0xD4, 0xDE, 0x57, 0x22, 0x0F, 0xD9, 0x8F, 0x61, 0x97, 0xAC,
    0xD9, 0x9B, 0x76, 0x88, 0x63, 0x17, 0xFC, 0x19, 0xCB, 0x6F, 0x3C, 0x18, 0xEC, 0x88, 0xB9, 0xC8,
    0x61, 0x21, 0xC6, 0xAD, 0x72, 0x0C, 0xB3, 0xE6, 0xE5, 0x27, 0x3B, 0x45, 0x43, 0x19, 0xA6, 0xB8,
    0x8B, 0xBF, 0xEA, 0xCE, 0x0E, 0xA3, 0xC7, 0x10, 0x92, 0xA5, 0xFF, 0x98, 0x6B, 0xE8, 0x03, 0xE9,
    0x04, 0x77, 0xA6, 0x64, 0xAD, 0xDE, 0x80, 0xD9, 0x76, 0xD8, 0x3D, 0x1E, 0x50, 0x3D, 0x85, 0x0E,
    0x90, 0x4A, 0x1D, 0x17, 0xEA, 0xDA, 0xFD, 0x9B, 0x41, 0x81, 0xEA, 0x70, 0x0B, 0xC8, 0x14, 0xCE,
    0xF4, 0xB8, 0x08, 0xD7, 0x67, 0x17, 0xFA, 0x3A, 0xFD, 0xC8, 0x43, 0xAD, 0x86, 0x5E, 0x07, 0x60,
    0xAD, 0x3F, 0x0E, 0x1B, 0xF2, 0xC9, 0x29, 0xF6, 0xDC, 0x7D, 0x99, 0x38, 0x30, 0x00, 0x0B, 0x3D,
    0x5A, 0x1D, 0x43, 0x28, 0x03, 0x2F, 0xF7, 0x98, 0xB5, 0xBB, 0x18, 0xC8, 0xD6, 0xF3, 0x59, 0xFD,
    0xD4, 0x73, 0xBD, 0x1D, 0xC4, 0xD3, 0xBD, 0x93, 0x07, 0xE8, 0x5B, 0x38, 0x05, 0xFD, 0xCD, 0x4A,
    0xFF, 0x6C, 0x54, 0x9E, 0xD7, 0x1C, 0x36, 0x5C, 0x24, 0x7C, 0x3D, 0x2E, 0x3B, 0x58, 0xCC, 0x94,
    0x38, 0x13, 0xB0, 0xA3, 0x88, 0x36, 0x60, 0x3A, 0x4E, 0x58, 0x44, 0x25, 0x20, 0x43, 0xFE, 0x73,
    0x08, 0x68, 0x94, 0x5A, 0x1B, 0xDE, 0xC0, 0x92, 0x9B, 0x07, 0x72, 0x32, 0xE5, 0x67, 0xC9, 0xDD,
    0x3A, 0x26, 0xCB, 0x59, 0xA6, 0x73, 0x65, 0xA0, 0x52, 0x30, 0xBF, 0xF6, 0xC2, 0xDE, 0x16, 0x09,
    0xC4, 0xCB, 0x87, 0x17, 0xAD, 0x6D, 0x06, 0x4B, 0x98, 0xFC, 0x35, 0xA2, 0x32, 0x4F, 0x1F, 0xA5,
    0x88, 0xEE, 0x02, 0x83, 0xC0, 0x0E, 0xEB, 0x14, 0x55, 0xB6, 0x0A, 0xE0, 0xC1, 0x68, 0x71, 0xC2,
    0xDE, 0x1D, 0xAF, 0x39, 0xBB, 0x52, 0x1E, 0x87, 0x90, 0x2F, 0x64, 0x26, 0x6D, 0xB8, 0x97, 0xB3,
    0x5B, 0xC0, 0xB7, 0x2D, 0x30, 0xB7, 0x2D, 0x10, 0x6E, 0xB4, 0x40, 0xFC, 0x28, 0xB4, 0xC0, 0xAB,
    0xDD, 0xC8, 0xDF, 0x89, 0xD0, 0x99, 0xD0, 0x1F, 0xDB, 0x2A, 0x46, 0x5B, 0xA9, 0x8B, 0xB5, 0x55,
    0xB8, 0x6E, 0xAB, 0x78, 0xA8, 0x1E, 0x98, 0x45, 0xA1, 0x13, 0x76, 0x31, 0x6F, 0x70, 0x7D, 0x81,
    0x9F, 0x79, 0xE3, 0x52, 0x80, 0xFE, 0x0E, 0xBD, 0x0C, 0xCD, 0xAF, 0x40, 0x28, 0x30, 0xE5, 0x81,
    0x7D, 0xC6, 0x34, 0x8A, 0x32, 0x8F, 0x37, 0xF7, 0x58, 0xAA, 0xE2, 0xBD, 0xC8, 0x43, 0x0F, 0xF7,
    0x6A, 0xAA, 0xA4, 0xC9, 0x38, 0x32, 0xF3, 0xCC, 0x1A, 0xDC, 0x4D, 0xD5, 0xF8, 0x3C, 0x1E, 0xDD,
    0x00, 0x31, 0x2B, 0x99, 0x68, 0xE7, 0xE4, 0xB5, 0xA8, 0x97, 0x93, 0xE1, 0x1E, 0xAF, 0xE4, 0xBA,
    0x68, 0x05, 0x1D, 0x51, 0xEA, 0xE9, 0x66, 0xD0, 0x49, 0x74, 0xE3, 0xE1, 0x3B, 0xAF, 0x52, 0x31,
    0x6C, 0xE5, 0x35, 0xA3, 0xFE, 0x25, 0xA8, 0x38, 0xE0, 0xB6, 0x5A, 0xAB, 0x4D, 0x9D, 0x7D, 0x5D,
    0xAC, 0x29, 0x40, 0x2E, 0xF2, 0xE5, 0x1F, 0x05, 0xD5, 0xDD, 0xD0, 0x70, 0xDF, 0x25, 0xD4, 0xAA,
    0xB0, 0x9C, 0xB4, 0xA2, 0x9E, 0x78, 0x62, 0xDB, 0x92, 0x38, 0x95, 0xA3, 0xF4, 0xDF, 0x05, 0x61,
    0x54, 0xC4, 0xD0, 0x59, 0xA7, 0xD5, 0x8E, 0x53, 0xC9, 0x3D, 0xFA, 0x0E, 0xE5, 0x69, 0xB5, 0xBC,
    0x26, 0x2F, 0xE8, 0xBC, 0x9F, 0x36, 0xA3, 0xAD, 0x94, 0xE7, 0xC8, 0x09, 0x25, 0x25, 0x7E, 0x23,
    0x21, 0x48, 0x4D, 0x32, 0xDB, 0x24, 0x15, 0xC9, 0xDC, 0x91, 0x92, 0x24, 0x70, 0xA4, 0x20, 0x09,
    0x37, 0x49, 0x46, 0x12, 0x59, 0x12, 0x27, 0x24, 0x4A, 0xA6, 0x64, 0x61, 0x49, 0x47, 0xF2, 0x69,
    0x14, 0xAF, 0x48, 0x5E, 0x93, 0xA4, 0x99, 0x21, 0xFD, 0x86, 0xBE, 0xFF, 0xC8, 0x12, 0x3D, 0x91,
    0x92, 0xB0, 0x66, 0xAE, 0x6D, 0x63, 0x54, 0x4D, 0x11, 0x20, 0x48, 0xDA, 0x13, 0x35, 0x85, 0x2B,
    0x23, 0x2C, 0x01, 0x7A, 0x84, 0xD6, 0x80, 0xDF, 0xAC, 0xBA, 0xE5, 0x1C, 0x70, 0x48, 0xCD, 0x77,
    0x66, 0xA0, 0x73, 0x36, 0x21, 0xD2, 0x20, 0xCB, 0xF5, 0x7C, 0x31, 0x09, 0x1B, 0x76, 0x91, 0xC0,
    0x9F, 0xBB, 0x07, 0x1C, 0xDD, 0xB5, 0x47, 0x95, 0xAE, 0x47, 0x41, 0x9F, 0xF1, 0x5E, 0x1F, 0xD5,
    0xA3, 0x21, 0x1A, 0xAC, 0x10, 0x09, 0xBB, 0xE9, 0xB6, 0x13, 0x22, 0xB7, 0xC1, 0x1D, 0xDB, 0xEF,
    0xE3, 0x39, 0xD1, 0xEF, 0x70, 0xCB, 0xD2, 0xB1, 0x77, 0xDD, 0xF9, 0x71, 0x70, 0xAB, 0x2F, 0x25,
    0xE8, 0x1F, 0x6B, 0x42, 0xDA, 0x6C, 0x6D, 0x68, 0x13, 0xAF, 0xD7, 0x31, 0x16, 0x9D, 0x85, 0x67,
    0xF1, 0x1F, 0x62, 0x21, 0xAD, 0x06, 0xB4, 0x80, 0x6D, 0xD6, 0x12, 0x63, 0x9F, 0xB9, 0x10, 0x74,
    0x00, 0x32, 0xDD, 0xE4, 0xB9, 0xC9, 0x72, 0xAF, 0x38, 0xEE, 0xAD, 0x30, 0x6C, 0x82, 0x96, 0xAD,
    0x70, 0x1E, 0xBB, 0x05, 0xD6, 0x1A, 0x9C, 0x35, 0x18, 0x6B, 0xC7, 0x57, 0x4F, 0xCE, 0x70, 0x7A,
    0x16, 0x67, 0x9D, 0xC8, 0xDF, 0x46, 0x80, 0x22, 0xA1, 0x2B, 0xB4, 0xD8, 0x18, 0xC8, 0x62, 0x83,
    0x20, 0x33, 0x9F, 0x58, 0x89, 0x0D, 0x83, 0x2C, 0x36, 0x0E, 0xF2, 0x2A, 0x62, 0x85, 0x8D, 0x84,
    0x0C, 0x87, 0x25, 0x1A, 0xB0, 0x30, 0x16, 0xB2, 0xE8, 0x79, 0x39, 0x2F, 0xA9, 0x0A, 0x0D, 0x0A,
    0x43, 0x18, 0x0E, 0x19, 0x1A, 0xD1, 0xC8, 0x9A, 0xE8, 0x28, 0x92, 0xE5, 0x1E, 0xC9, 0xE2, 0x88,
    0x44, 0x69, 0x92, 0xB8, 0x21, 0x61, 0x54, 0x64, 0x43, 0x2A, 0x92, 0x79, 0xC9, 0xF1, 0x8E, 0xA3,
    0x99, 0x5A, 0xBE, 0xCE, 0x2C, 0x09, 0xCA, 0x29, 0xBB, 0x12, 0x23, 0xB0, 0xD5, 0x5C, 0xA3, 0x5D,
    0xC3, 0x11, 0x2B, 0xA8, 0xFD, 0xFA, 0x5A, 0x60, 0x32, 0xD9, 0xC8, 0x15, 0x83, 0xAD, 0x1C, 0x19,
    0xBC, 0x2C, 0x8D, 0xC1, 0xBB, 0xBC, 0xDA, 0x60, 0x3C, 0xAB, 0x0C, 0x46, 0xB3, 0xD2, 0x60, 0xF8,
    0x2D, 0x85, 0xC1, 0xE0, 0x6F, 0x32, 0x83, 0xF3, 0x7B, 0x13, 0x3A, 0xF0, 0xD1, 0xA1, 0xBD, 0x17,
    0x78, 0xAB, 0x20, 0x45, 0x22, 0x73, 0x9E, 0x15, 0x37, 0x1B, 0x08, 0x45, 0x13, 0x03, 0xA1, 0xF4,
    0xA1, 0x63, 0x62, 0x9E, 0x29, 0xCF, 0x40, 0xE2, 0xC9, 0x02, 0x19, 0xBD, 0x96, 0xFE, 0x07, 0x96,
    0x99, 0xC8, 0x9D, 0x65, 0xD9, 0x63, 0xEF, 0x03, 0x07, 0xDE, 0x8B, 0xFC, 0x17, 0x99, 0xE5, 0xBF,
    0xF2, 0xFA, 0xC3, 0x82, 0x46, 0x51, 0xB4, 0xA8, 0xE4, 0x41, 0xFF, 0xD9, 0x00, 0x36, 0xFF, 0x86,
    0xA3, 0xF4, 0xC4, 0xDF, 0xEC, 0xB9, 0x57, 0x07, 0x86, 0x40, 0x51, 0xA5, 0x0D, 0x75, 0xD2, 0xAD,
    0x83, 0x4F, 0xEA, 0x63, 0x09, 0x4C, 0x8F, 0x3F, 0xD6, 0xF1, 0xD0, 0x1E, 0x19, 0x0B, 0xE3, 0xCB,
    0x12, 0x64, 0xBF, 0x35, 0x2A, 0xB7, 0x78, 0x7D, 0xD6, 0xA1, 0x2C, 0x26, 0x93, 0x76, 0x01, 0xBA,
    0x76, 0xB9, 0xCF, 0xB6, 0x4B, 0xC3, 0x76, 0x69, 0x99, 0xDA, 0xD1, 0xD8, 0x2E, 0xF1, 0xA4, 0x5D,
    0xAE, 0xF0, 0xE5, 0xB2, 0xF2, 0xF4, 0x8C, 0x9E, 0xB4, 0x4B, 0x2D, 0xF3, 0xB5, 0x1C, 0x89, 0xD8,
    0xF1, 0x91, 0xC5, 0xA9, 0xC0, 0xD9, 0x08, 0xA5, 0x72, 0x27, 0xCC, 0x1F, 0xA6, 0xAE, 0x35, 0xBB,
    0xB7, 0xC9, 0xC9, 0x81, 0xCE, 0x93, 0xE9, 0xC6, 0xCC, 0xB5, 0xC9, 0x6B, 0xD8, 0x26, 0x66, 0x16,
    0xC8, 0x9C, 0x30, 0xAE, 0x47, 0x0F, 0x21, 0x09, 0xFF, 0xF9, 0x3A, 0x3C, 0xD2, 0xA3, 0xAF, 0xA9,
    0xD9, 0x0A, 0x33, 0x92, 0x85, 0x25, 0x7A, 0x4A, 0xFC, 0xC6, 0xF1, 0xDE, 0x24, 0x41, 0x39, 0xC3,
    0x73, 0x21, 0xC4, 0xC7, 0x60, 0x80, 0x48, 0x94, 0xF0, 0x6F, 0xF9, 0x54, 0xAF, 0xE1, 0x9D, 0x50,
    0xAF, 0xC1, 0x1E, 0xCB, 0x59, 0x75, 0x22, 0xAF, 0x89, 0x32, 0x12, 0x95, 0x08, 0x12, 0x4B, 0x59,
    0xB4, 0xBE, 0xB3, 0xC4, 0xCB, 0x5B, 0x2F, 0xAF, 0xC0, 0x45, 0x06, 0xB0, 0xF3, 0x7A, 0x4D, 0x7E,
    0xEF, 0x6B, 0xF2, 0xC4, 0xEC, 0xA7, 0x3A, 0xF6, 0xAB, 0x19, 0x7D, 0x29, 0x9D, 0x90, 0xCE, 0x26,
    0xEE, 0xE5, 0x5C, 0x8A, 0xC2, 0x81, 0x44, 0x5D, 0x33, 0xE2, 0xA8, 0x83, 0xFD, 0xDC, 0x96, 0xA8,
    0x73, 0x4E, 0xE8, 0x78, 0x0E, 0x24, 0xB0, 0xFE, 0x80, 0x51, 0x2E, 0x92, 0xA4, 0xFF, 0xD4, 0x29,
    0x23, 0x73, 0x8F, 0x87, 0xC6, 0x34, 0x61, 0x01, 0x0D, 0x47, 0x7E, 0x22, 0x77, 0x24, 0xCF, 0x20,
    0xD3, 0x1C, 0x5C, 0x37, 0x8F, 0x82, 0x1F, 0xCF, 0xCB, 0x47, 0xE6, 0x9B, 0x61, 0xD9, 0xED, 0xC9,
    0xAC, 0x0A, 0x33, 0xFF, 0x24, 0x4D, 0x04, 0xAF, 0x27, 0x6E, 0x1E, 0x9A, 0xA0, 0x3D, 0xFD, 0x3A,
    0x68, 0x8F, 0x47, 0x66, 0x3F, 0xB6, 0xFB, 0xAC, 0x6B, 0x2F, 0x1C, 0x12, 0x79, 0x32, 0x37, 0x60,
    0xE4, 0x50, 0x26, 0xBC, 0x9A, 0x26, 0x2E, 0x27, 0xC6, 0x9C, 0xCA, 0x21, 0x9B, 0xD8, 0x21, 0xB6,
    0x74, 0xA9, 0x73, 0x34, 0x3A, 0x22, 0xE2, 0x89, 0x05, 0xFB, 0x34, 0x19, 0x36, 0x8F, 0xDE, 0xFA,
    0x33, 0xFA, 0x10, 0x45, 0x95, 0xCC, 0x10, 0x03, 0xD5, 0x46, 0x2F, 0x19, 0x23, 0xA0, 0x56, 0xFC,
    0x9C, 0xD2, 0x9E, 0xB1, 0x0E, 0x79, 0x3C, 0xEE, 0xC2, 0xCD, 0xB6, 0x10, 0x6C, 0xA2, 0x9B, 0x03,
    0xF0, 0x21, 0xC2, 0xC6, 0x82, 0x4E, 0xF3, 0x41, 0x15, 0x5D, 0xCF, 0x0B, 0xD3, 0x91, 0xE1, 0x52,
    0x20, 0x72, 0xA7, 0x5F, 0x8D, 0x5D, 0x98, 0xD7, 0xA7, 0x8F, 0xC7, 0x5A, 0xDD, 0xDD, 0x68, 0x27,
    0x9D, 0x1E, 0x9B, 0x6D, 0x12, 0x5C, 0xBC, 0x4D, 0xC6, 0x94, 0xB9, 0x37, 0x73, 0xFF, 0xDF, 0x7E,
    0xBC, 0xD9, 0x6F, 0x6F, 0xE5, 0xB7, 0x82, 0x6C, 0xBD, 0xAF, 0xE5, 0xFF, 0xA6, 0xC7, 0xD6, 0x7D,
    0x6D, 0x49, 0x9B, 0x94, 0x8D, 0x7D, 0x2D, 0x15, 0x0C, 0xD1, 0xF9, 0xFB, 0xDA, 0xF4, 0x02, 0xFB,
    0x5A, 0xBE, 0x05, 0x26, 0x7B, 0xEA, 0x7D, 0xF0, 0xED, 0xF7, 0x2E, 0x90, 0x07, 0x62, 0xE0, 0x99,
    0x2E, 0xEA, 0xF5, 0x9B, 0x4A, 0x43, 0xC2, 0x02, 0xA0, 0xD1, 0x93, 0x6A, 0xCE, 0x0B, 0x8C, 0xE6,
    0x2F, 0x72, 0x70, 0xB5, 0x66, 0xFB, 0x4E, 0x04, 0x2C, 0xA7, 0xE1, 0x58, 0xF6, 0x71, 0x4B, 0xFE,
    0x9D, 0x57, 0x1B, 0x1B, 0x9D, 0x19, 0x1F, 0x95, 0xE3, 0x12, 0x89, 0xC5, 0x12, 0x74, 0x7A, 0x3C,
    0x54, 0x36, 0x5F, 0x0A, 0x17, 0x84, 0xA7, 0x1C, 0x1C, 0xF4, 0x4E, 0x21, 0x81, 0x77, 0x39, 0x7E,
    0xF8, 0x8B, 0xFD, 0x9C, 0xBA, 0x64, 0xA4, 0x6D, 0x80, 0x55, 0x62, 0xD7, 0x39, 0xB8, 0xDA, 0x8D,
    0xCA, 0x15, 0x95, 0x51, 0xA8, 0x75, 0xDA, 0x01, 0x5D, 0x25, 0x1F, 0x8F, 0x5B, 0xCC, 0xA7, 0xF2,
    0xF4, 0xEA, 0x63, 0x7C, 0x37, 0xD8, 0x94, 0x1A, 0xE7, 0x53, 0x10, 0x44, 0x80, 0xA3, 0x09, 0x37,
    0xD3, 0x5A, 0x0A, 0x19, 0xB2, 0xD8, 0x2C, 0x41, 0x9E, 0x20, 0x47, 0x67, 0x69, 0x19, 0x37, 0x6C,
    0xC6, 0x53, 0x5F, 0xE3, 0x1B, 0x35, 0xAC, 0x7A, 0x5F, 0xE6, 0x6D, 0xFE, 0x9D, 0x79, 0x85, 0x20,
    0x19, 0x77, 0x58, 0xE3, 0xCF, 0xDA, 0x01, 0xEC, 0x46, 0x47, 0xC3, 0xF5, 0x73, 0x3F, 0xE3, 0x32,
    0x1F, 0x3F, 0xE3, 0x12, 0x8F, 0x9F, 0x71, 0xE9, 0xCE, 0xF8, 0x8C, 0x4B, 0xB6, 0xFA, 0x8C, 0xCB,
    0x72, 0xDB, 0x67, 0x5C, 0x90, 0x63, 0x0F, 0xF0, 0xCC, 0xAA, 0x02, 0xD5, 0x2E, 0xCE, 0x87, 0x3C,
    0x44, 0x12, 0x67, 0x57, 0x4E, 0xB4, 0xA7, 0xE7, 0x59, 0xD6, 0xF8, 0x42, 0x1F, 0xAE, 0xE9, 0x1E,
    0xDC, 0x87, 0x6B, 0xB6, 0xCD, 0xA5, 0xA7, 0x6B, 0x7D, 0x65, 0x52, 0xEB, 0x6A, 0xB3, 0xD6, 0x77,
    0xDD, 0x54, 0xEB, 0x62, 0x52, 0xEB, 0x20, 0x43, 0xC2, 0x9C, 0x6C, 0x78, 0x7D, 0xEA, 0xB8, 0xA8,
    0xF7, 0x7B, 0x07, 0xDC, 0x1A, 0xFC, 0x9D, 0x7F, 0xBD, 0xA8, 0xF7, 0x3B, 0x27, 0x40, 0x4E, 0x86,
    0x67, 0x4C, 0x85, 0x0F, 0x18, 0x34, 0x37, 0xBB, 0x78, 0xD0, 0xDC, 0xFF, 0x4F, 0x51, 0x00, 0x76,
    0xE9, 0x15, 0x8F, 0x7E, 0x6B, 0xEC, 0xDE, 0x2B, 0x1E, 0xCE, 0xB6, 0x3A, 0x6F, 0xD5, 0xBB, 0xB1,
    0x5E, 0xF5, 0x3A, 0xAC, 0x7A, 0x43, 0x32, 0x35, 0x90, 0x71, 0xB2, 0xBC, 0x86, 0x5C, 0x1A, 0x40,
    0x9B, 0x59, 0xF6, 0x1E, 0x8D, 0x22, 0x10, 0x46, 0xD9, 0x88, 0x47, 0xD8, 0xB4, 0x79, 0x70, 0xC6,
    0x3A, 0x8F, 0x47, 0xA2, 0xEA, 0x3B, 0x0F, 0x3B, 0x66, 0x84, 0xF7, 0xC2, 0x29, 0x0C, 0x73, 0x19,
    0xE9, 0xF4, 0x78, 0xB7, 0x3E, 0xE1, 0x5C, 0xFE, 0x15, 0x1F, 0x45, 0x91, 0xB2, 0x5B, 0xA4, 0x62,
    0xDA, 0x3D, 0xDE, 0x66, 0xE4, 0xAF, 0xD1, 0x30, 0xF0, 0x5C, 0xAF, 0x86, 0x51, 0x66, 0xEF, 0xE9,
    0x05, 0xA3, 0x01, 0xCF, 0xC2, 0xAE, 0x46, 0x6E, 0x3B, 0x70, 0xDF, 0xCB, 0x74, 0x38, 0x3D, 0x78,
    0x3F, 0x2D, 0x31, 0xDD, 0x5B, 0xA3, 0x4C, 0x93, 0xC6, 0x0E, 0xF4, 0x0E, 0xE2, 0x8F, 0xDB, 0xBF,
    0xA4, 0x6E, 0xB7, 0xC4, 0xEF, 0xE8, 0x16, 0xCC, 0xB4, 0x8C, 0xC9, 0x73, 0x29, 0xD6, 0x75, 0xB1,
    0xF6, 0x04, 0xEF, 0x88, 0x69, 0xB3, 0x8E, 0x3D, 0x15, 0x95, 0xC4, 0x62, 0xB2, 0xD7, 0xC5, 0xED,
    0xAC, 0x9B, 0x3F, 0xD4, 0xA3, 0xC5, 0x02, 0x57, 0xAE, 0xC9, 0x42, 0x36, 0x1E, 0xD6, 0x6B, 0x99,
    0x85, 0xCD, 0xC8, 0xF6, 0x89, 0xA2, 0x6D, 0x06, 0xF6, 0x74, 0x4B, 0x17, 0x93, 0xB8, 0x61, 0xF4,
    0x1D, 0xBF, 0x81, 0x4A, 0x00, 0xB5, 0x80, 0x10, 0x4D, 0x05, 0xA8, 0x1B, 0x34, 0xA9, 0xE1, 0x0F,
    0xA3, 0xAE, 0xF7, 0xA2, 0xCB, 0x72, 0xF1, 0xA7, 0x3B, 0xDC, 0xFA, 0x5D, 0xD5, 0x16, 0x9C, 0xD8,
    0x26, 0x3A, 0x1D, 0xF9, 0x6E, 0x97, 0xED, 0x7C, 0xCA, 0xEA, 0xAD, 0xBF, 0x2A, 0xB4, 0x1C, 0xBF,
    0x2A, 0x44, 0xF3, 0x60, 0x8A, 0x5A, 0xBC, 0x55, 0xD0, 0x89, 0x70, 0xCB, 0x57, 0x85, 0xAE, 0xAC,
    0xE7, 0xE3, 0xEB, 0xEC, 0x69, 0x37, 0xD8, 0x10, 0x43, 0xF5, 0x40, 0x5F, 0x15, 0xD2, 0x67, 0x7C,
    0x55, 0xE8, 0xBC, 0xA1, 0xB6, 0xA4, 0xBF, 0x32, 0x4B, 0x4C, 0x31, 0x42, 0xC6, 0x18, 0x18, 0xA3,
    0xA9, 0x76, 0xE5, 0x37, 0xA3, 0xA5, 0x0F, 0x16, 0xBC, 0xD1, 0xD2, 0xE7, 0x4A, 0xB8, 0xB2, 0xF4,
    0x89, 0xD5, 0x66, 0xD8, 0x89, 0x49, 0xAF, 0x1F, 0x05, 0xDF, 0x23, 0x8B, 0x84, 0xE2, 0xDE, 0xC3,
    0xB0, 0x0D, 0x7A, 0xAC, 0x88, 0x44, 0xD6, 0x2C, 0x85, 0xF7, 0x2F, 0x79, 0x6F, 0x13, 0xD1, 0xB9,
    0xCD, 0xF9, 0x44, 0x3E, 0x36, 0x3F, 0x21, 0xCA, 0xAE, 0x6E, 0x3F, 0x67, 0x81, 0x0E, 0x73, 0x24,
    0x12, 0xBE, 0x77, 0x23, 0x72, 0xD7, 0x46, 0x68, 0x0F, 0xFE, 0x29, 0x76, 0x56, 0xDA, 0x11, 0xBB,
    0xEC, 0x24, 0x58, 0xA3, 0x3F, 0x31, 0x27, 0xF2, 0x47, 0x73, 0x22, 0xF4, 0x8C, 0x98, 0x23, 0xEC,
    0x23, 0xD7, 0xE6, 0x44, 0xA7, 0x83, 0x35, 0xB2, 0xCB, 0xFA, 0xCD, 0x39, 0x5D, 0xF6, 0x9C, 0xD7,
    0xFF, 0x68, 0x7D, 0xBC, 0x68, 0x1B, 0xA7, 0xF4, 0x50, 0x45, 0xE5, 0xDE, 0x2E, 0x25, 0xB9, 0xF8,
    0x39, 0xD4, 0xEB, 0x73, 0xB6, 0xE5, 0xBC, 0x05, 0xAF, 0x34, 0x26, 0xC4, 0x9F, 0xD3, 0x82, 0xD5,
    0x9D, 0xD6, 0xF4, 0xC7, 0xDA, 0x87, 0x7C, 0xCE, 0xE1, 0xC9, 0x1F, 0xB6, 0x70, 0xDD, 0x0F, 0x8B,
    0x4F, 0xDF, 0x3F, 0x62, 0xA1, 0xE4, 0xB9, 0xB9, 0xEB, 0x4A, 0xAD, 0x92, 0x31, 0xD4, 0xF4, 0x02,
    0xA7, 0x3C, 0x94, 0xA7, 0xF1, 0xF7, 0xC3, 0xCC, 0xB5, 0x79, 0x6E, 0xFA, 0xFB, 0x9D, 0xF5, 0xF7,
    0x60, 0xE0, 0xF9, 0x80, 0x79, 0xD0, 0xDD, 0xCC, 0x05, 0xC3, 0x09, 0x2A, 0xFC, 0xF0, 0xCB, 0x69,
    0xF4, 0x41, 0xA3, 0x34, 0x9C, 0x62, 0x36, 0xF3, 0x3F, 0xC8, 0x50, 0xE9, 0xA4, 0xF1, 0xEF, 0x6B,
    0x83, 0x40, 0xDF, 0x2E, 0xF6, 0x3D, 0x80, 0xDC, 0x8C, 0xFB, 0x7D, 0xC0, 0x7B, 0x28, 0x73, 0x75,
    0xCF, 0x2E, 0x71, 0x13, 0xD2, 0x64, 0x4F, 0x8E, 0x0B, 0x64, 0x64, 0x85, 0x1C, 0xF3, 0x1B, 0x99,
    0xC2, 0xDE, 0xBE, 0x58, 0x3C, 0x80, 0x41, 0x60, 0xC4, 0x54, 0x87, 0x0C, 0x68, 0x73, 0xDB, 0xB7,
    0x1F, 0x3F, 0x27, 0x73, 0x1E, 0x96, 0xBE, 0x0B, 0xA5, 0xE8, 0x69, 0x4C, 0xDA, 0xC7, 0xE0, 0x1A,
    0x54, 0x8E, 0xE7, 0xB8, 0x94, 0xB2, 0xD8, 0xAD, 0x81, 0x98, 0xEE, 0x61, 0x4A, 0xA8, 0x50, 0x67,
    0x10, 0x46, 0x46, 0x08, 0x86, 0xB8, 0xBE, 0xDB, 0x57, 0x89, 0xE4, 0x74, 0xAD, 0xDB, 0x12, 0x19,
    0xDB, 0x1F, 0x2A, 0x00, 0xA3, 0xE5, 0x22, 0x73, 0x0A, 0x4F, 0x82, 0x92, 0xD1, 0x2B, 0xA8, 0xA7,
    0xF5, 0x9B, 0xF1, 0xBB, 0xA1, 0x8B, 0xD1, 0x6E, 0x34, 0xFA, 0x8B, 0x02, 0x33, 0x6C, 0x26, 0x77,
    0xFC, 0xFC, 0xF0, 0x73, 0x19, 0x75, 0x64, 0x04, 0x4E, 0xB8, 0xD6, 0xA0, 0x34, 0xFE, 0xD0, 0xD2,
    0xDD, 0x8C, 0xED, 0xA1, 0xF9, 0xC1, 0xE8, 0xB1, 0xDC, 0x47, 0x9C, 0x45, 0x05, 0xD9, 0x12, 0x46,
    0x1E, 0x81, 0xBD, 0xF9, 0xE6, 0x57, 0x12, 0xFC, 0xD6, 0xDF, 0xFC, 0x4A, 0xC2, 0xD5, 0x44, 0x6E,
    0xFB, 0xB8, 0xE1, 0x40, 0x90, 0x07, 0xE1, 0xCC, 0xAF, 0x24, 0xF8, 0x8D, 0xDF, 0xA2, 0x4E, 0xDD,
    0xE4, 0x2B, 0x09, 0xFF, 0x07, 0xD5, 0x9A, 0x01, 0xA4, 0x25, 0xD7, 0x7F, 0xC7, 0x3F, 0x33, 0x93,
    0x7D, 0xD3, 0xFD, 0x8F, 0xFE, 0xA7, 0xD8, 0x3F, 0x9A, 0x95, 0x9D, 0xA2, 0x45, 0xD2, 0xEE, 0x0E,
    0x14, 0xC1, 0xEE, 0x9E, 0x89, 0x22, 0x28, 0xB2, 0xC8, 0x0B, 0xB2, 0x48, 0x50, 0x28, 0x78, 0x00,
    0x0F, 0xD9, 0x7B, 0x27, 0x82, 0xA2, 0xC8, 0x85, 0x2A, 0x82, 0x04, 0x29, 0x9A, 0x22, 0x41, 0x10,
    0xBC, 0x7B, 0xEF, 0x54, 0x00, 0x90, 0x89, 0xDA, 0x42, 0xD0, 0x09, 0x49, 0x22, 0xA0, 0xD3, 0x74,
    0xDA, 0xCC, 0xDD, 0x9C, 0x7B, 0x4F, 0xF3, 0xFB, 0x1D, 0xF7, 0xCE, 0x78, 0xCD, 0xAE, 0xDD, 0xFD,
    0xBF, 0xDD, 0xF7, 0xDE, 0xD9, 0x3D, 0xDF, 0x79, 0x77, 0xEE, 0x9C, 0xDF, 0x39, 0xBF, 0xCF, 0x39,
    0xBF, 0xF9, 0xCD, 0xCC, 0x5C, 0x48, 0x2B, 0x80, 0x4C, 0x35, 0x6F, 0x00, 0x4C, 0x0B, 0x30, 0xEF,
    0x00, 0x6C, 0x0F, 0x04, 0xDD, 0x11, 0x10, 0xB6, 0x77, 0x80, 0xA8, 0x35, 0x40, 0x5C, 0xE7, 0x48,
    0xD3, 0xAC, 0x84, 0xB4, 0x14, 0x13, 0x79, 0x91, 0xD4, 0x60, 0x88, 0x5B, 0x98, 0x3A, 0xD7, 0x82,
    0x73, 0xAE, 0x87, 0xCD, 0x47, 0x1F, 0x59, 0xC2, 0x1E, 0xD6, 0x44, 0x2D, 0x4C, 0x88, 0x1B, 0x30,
    0x24, 0xB5, 0x34, 0x91, 0x86, 0x99, 0x37, 0x52, 0x19, 0x20, 0x69, 0x60, 0x5C, 0xE2, 0x12, 0xED,
    0x66, 0x50, 0xDD, 0x73, 0xB0, 0x21, 0x71, 0xAE, 0x4E, 0x7E, 0x38, 0xE8, 0x02, 0xB5, 0x8D, 0xDD,
    0xD5, 0x8F, 0x9D, 0x4D, 0x9C, 0xB3, 0x66, 0xB5, 0x6F, 0x97, 0x60, 0xD7, 0x60, 0xAD, 0xD6, 0xD0,
    0x2E, 0x48, 0xEC, 0xF4, 0xDB, 0x85, 0xCD, 0x5D, 0x7F, 0x14, 0xBA, 0xD9, 0x5B, 0xA3, 0x6E, 0xD4,
    0xBC, 0x56, 0xED, 0xC0, 0x89, 0x20, 0x4E, 0x40, 0xA0, 0x8A, 0xEA, 0xE5, 0x46, 0x29, 0x15, 0x00,
    0x57, 0x01, 0x78, 0x46, 0x15, 0x86, 0xFD, 0xA6, 0x02, 0x58, 0xAA, 0xBA, 0x06, 0x08, 0x7E, 0x6A,
    0x81, 0xF0, 0xBF, 0x3A, 0xA5, 0x67, 0x95, 0x9E, 0x55, 0x87, 0x26, 0x40, 0x56, 0x1A, 0x6D, 0x2A,
    0x8D, 0x0D, 0x82, 0x62, 0xA2, 0xE3, 0xB0, 0x8A, 0xC8, 0x09, 0xC9, 0x50, 0x35, 0xBA, 0xF7, 0xD1,
    0xBF, 0xF4, 0x4A, 0xCF, 0xEA, 0x01, 0x6B, 0xD5, 0x09, 0xBE, 0xA1, 0x1A, 0x29, 0x27, 0x6A, 0x76,
    0x2E, 0x5A, 0xEB, 0x64, 0xE6, 0x16, 0x10, 0x47, 0xAF, 0x43, 0xD0, 0xA3, 0x36, 0x93, 0x02, 0xF6,
    0x00, 0x4E, 0x96, 0xA4, 0x45, 0x57, 0x0A, 0x30, 0x7D, 0xA7, 0x06, 0xDC, 0xBF, 0x03, 0xD1, 0x8F,
    0x2D, 0x90, 0x96, 0x72, 0xC4, 0x45, 0x2E, 0xB2, 0x2B, 0x46, 0x75, 0x5A, 0x8E, 0x58, 0xD5, 0xCA,
    0xAA, 0xF1, 0xAD, 0x44, 0xBF, 0xEE, 0x91, 0x11, 0xDB, 0x9D, 0x53, 0x99, 0x3A, 0xE8, 0x9D, 0x35,
    0xEA, 0xF8, 0xDC, 0xB3, 0x12, 0x0D, 0x9C, 0x73, 0xCD, 0x88, 0x55, 0x27, 0xAC, 0x02, 0xCF, 0xCA,
    0xEA, 0xFA, 0x5E, 0x8C, 0x58, 0x99, 0xC2, 0xC3, 0xF7, 0xC6, 0xB7, 0x62, 0x20, 0x6D, 0x8F, 0xC0,
    0xF4, 0x1F, 0xC0, 0x7C, 0x21, 0xFE, 0x64, 0x05, 0x51, 0x19, 0x55, 0x00, 0x0C, 0xD0, 0x94, 0x1A,
    0x82, 0x0D, 0xCF, 0x0D, 0xEC, 0x48, 0x84, 0x1D, 0x02, 0x0F, 0xA1, 0x87, 0xE0, 0x63, 0x2D, 0x62,
    0xBD, 0x84, 0x16, 0x41, 0x88, 0x30, 0x44, 0x20, 0xA2, 0x14, 0x75, 0x0C, 0x44, 0x0D, 0x00, 0x9D,
    0xC2, 0xB9, 0xE4, 0xEA, 0xF3, 0x83, 0xF1, 0x68, 0x37, 0xA4, 0xF4, 0x1D, 0x0B, 0xC1, 0xDF, 0x3B,
    0x20, 0x7F, 0xA3, 0x84, 0x3B, 0x71, 0x0D, 0x2D, 0x9F, 0x30, 0x2A, 0x97, 0x5D, 0x29, 0xFD, 0x74,
    0x84, 0xF7, 0x6E, 0xAF, 0xA1, 0x60, 0xA1, 0xCD, 0xC7, 0xF2, 0xE7, 0xCE, 0xE9, 0x50, 0x48, 0x37,
    0xFB, 0x53, 0xF2, 0x4A, 0x7A, 0x2D, 0x44, 0xF0, 0xB2, 0x24, 0x2F, 0x43, 0x47, 0xB6, 0x3A, 0x58,
    0x92, 0xB8, 0x4D, 0x0E, 0xCB, 0x6F, 0x32, 0x86, 0x13, 0xC9, 0xA1, 0xEA, 0x75, 0x80, 0xB0, 0x05,
    0xCC, 0xE7, 0x1A, 0xDD, 0x5F, 0x6B, 0x24, 0xF6, 0x8A, 0xF4, 0x9A, 0x06, 0xF1, 0x05, 0x7C, 0x51,
    0x67, 0x86, 0x28, 0x36, 0xB5, 0x82, 0x6D, 0x01, 0xEE, 0x89, 0x06, 0x5D, 0xEF, 0xA3, 0x58, 0xB4,
    0x99, 0x2B, 0x58, 0xA3, 0xBE, 0x1B, 0x6D, 0x2A, 0x8D, 0x73, 0x65, 0xE5, 0x4F, 0x71, 0x77, 0x84,
    0x1E, 0x0A, 0x33, 0x70, 0xDE, 0x57, 0x39, 0x1F, 0x46, 0x2D, 0xAC, 0xF5, 0xAB, 0x85, 0x3F, 0x58,
    0xD5, 0x9F, 0x04, 0xB2, 0xCA, 0x1B, 0x9C, 0xA8, 0x1B, 0x3E, 0x6C, 0xB9, 0x02, 0xA4, 0x88, 0xBD,
    0xB4, 0xFD, 0x84, 0xDC, 0xDE, 0x62, 0x32, 0xD1, 0xC5, 0x19, 0x55, 0x61, 0x05, 0x27, 0x1C, 0xCD,
    0xD1, 0x2A, 0x05, 0x52, 0xB7, 0x91, 0x9E, 0x0F, 0xAC, 0x12, 0xBA, 0x05, 0xF0, 0x02, 0xBB, 0x85,
    0x16, 0xFE, 0xDC, 0x02, 0x71, 0xAD, 0x14, 0xB9, 0x76, 0x66, 0x23, 0x7B, 0xF1, 0x52, 0x1D, 0x39,
    0x57, 0x45, 0x5F, 0xB9, 0x22, 0xE0, 0x12, 0xA4, 0x2D, 0xE4, 0x3D, 0x2C, 0x16, 0x78, 0x7E, 0xD1,
    0xC9, 0xF3, 0x23, 0xAB, 0x86, 0x3C, 0xBA, 0xF6, 0x2B, 0x66, 0x82, 0x66, 0xCA, 0x92, 0x71, 0x39,
    0x97, 0xD9, 0x77, 0xAF, 0x84, 0xAC, 0x05, 0x23, 0xFE, 0x4F, 0x89, 0x9A, 0xA4, 0xDE, 0x2B, 0x82,
    0x19, 0x5A, 0x9E, 0x46, 0x76, 0xE6, 0x43, 0x80, 0x50, 0x09, 0x45, 0x35, 0x40, 0x5A, 0x00, 0x17,
    0x2E, 0x5E, 0x04, 0x52, 0x8D, 0x95, 0x64, 0xA6, 0xB4, 0x04, 0x01, 0x2C, 0xEB, 0x87, 0xCD, 0xD1,
    0x3F, 0xFA, 0x1C, 0xDD, 0x8F, 0x72, 0xF4, 0x1D, 0xD1, 0x6D, 0x8E, 0xE6, 0x11, 0x72, 0x74, 0x52,
    0x0F, 0x39, 0x5A, 0x9A, 0x18, 0xBC, 0x91, 0x29, 0x42, 0x7D, 0xEE, 0x99, 0x22, 0x9F, 0x7A, 0x88,
    0x1A, 0xA2, 0xCA, 0xFF, 0x0B, 0x25, 0xE5, 0xB8, 0x0D, 0xE4, 0x1D, 0x1C, 0x67, 0xBA, 0x7A, 0x00,
    0xD3, 0x1A, 0x65, 0xEA, 0x79, 0x06, 0xD6, 0x12, 0x79, 0xA6, 0x77, 0x47, 0x4C, 0xC3, 0x19, 0xEA,
    0x21, 0x00, 0xDD, 0x70, 0x76, 0xBC, 0xF8, 0x07, 0x9E, 0xDD, 0x73, 0xA2, 0xB3, 0x23, 0x65, 0xD7,
    0x29, 0xA3, 0xD9, 0x99, 0x8D, 0x6C, 0xD9, 0xE8, 0xB2, 0x2D, 0x89, 0xCA, 0x87, 0x60, 0xF7, 0xC3,
    0xEF, 0xC9, 0x8E, 0xBC, 0x04, 0x08, 0x1A, 0x00, 0x5A, 0xD4, 0x51, 0x60, 0xEF, 0x37, 0xA1, 0xAE,
    0xD2, 0x14, 0x88, 0xBE, 0x5D, 0x02, 0x81, 0xB3, 0x4A, 0xAA, 0x39, 0x1E, 0xE7, 0x79, 0xAD, 0x1C,
    0x1B, 0xFD, 0xD6, 0xC7, 0x79, 0x0F, 0xD0, 0x5B, 0x5D, 0xD0, 0xF3, 0xDD, 0x99, 0x22, 0x6E, 0xD4,
    0xB3, 0x2A, 0x2B, 0xA4, 0xA9, 0x06, 0x6A, 0x91, 0x54, 0x60, 0x7C, 0x00, 0xEB, 0x0C, 0x2E, 0x9D,
    0xEB, 0x74, 0xF5, 0x59, 0x82, 0xCD, 0x36, 0xAB, 0x2C, 0x54, 0x7D, 0x84, 0x1B, 0x1F, 0xE1, 0xA5,
    0x8F, 0x70, 0xE1, 0xA8, 0xC9, 0x4A, 0x8E, 0xC8, 0x6A, 0x08, 0x5A, 0xA0, 0xF5, 0xFC, 0xDE, 0x16,
    0x7A, 0x71, 0x15, 0xAC, 0x0E, 0x4A, 0x96, 0x0E, 0xB2, 0xFE, 0x44, 0xF9, 0xDD, 0x3F, 0xAB, 0xA8,
    0x3E, 0x03, 0xFC, 0x96, 0xAB, 0x40, 0xFA, 0x0F, 0x47, 0x40, 0x2C, 0x8E, 0x11, 0x9C, 0xE1, 0xB5,
    0x77, 0x89, 0x02, 0xF7, 0xB6, 0xCF, 0x2C, 0x6F, 0x6B, 0x66, 0x19, 0xE2, 0x77, 0x75, 0xF0, 0xE4,
    0xD6, 0x60, 0x88, 0xAE, 0xB5, 0x22, 0x29, 0x20, 0xAA, 0x33, 0x20, 0x74, 0x6B, 0x65, 0xD2, 0x01,
    0x5C, 0x28, 0x1E, 0x3F, 0xB3, 0x34, 0xC7, 0x33, 0x4B, 0xF6, 0x10, 0x99, 0xA5, 0x3B, 0x9E, 0x59,
    0xD2, 0x51, 0x66, 0xC9, 0x8B, 0x47, 0xCB, 0x2C, 0x51, 0x15, 0x34, 0x51, 0x1D, 0xD5, 0xBF, 0x10,
    0xAC, 0x70, 0x0E, 0xF2, 0xFE, 0xE4, 0xCF, 0x80, 0xDB, 0x92, 0xE8, 0xE0, 0xB4, 0xCA, 0xDF, 0xB2,
    0x18, 0xA4, 0xAE, 0xF7, 0xF7, 0x0B, 0x0B, 0xDC, 0xAF, 0xFE, 0xF2, 0xBD, 0x1C, 0x5B, 0x4A, 0xD5,
    0x7D, 0x0F, 0x3E, 0xB6, 0xD8, 0xDA, 0x65, 0x5B, 0xAE, 0x00, 0xC6, 0x57, 0xFD, 0xFB, 0xA0, 0x97,
    0x35, 0x58, 0xA4, 0xAB, 0x83, 0x3A, 0x2F, 0xE3, 0xD6, 0x10, 0xF6, 0x77, 0xC0, 0x1E, 0x81, 0x75,
    0xCE, 0x69, 0xFD, 0xC5, 0xCE, 0xAB, 0x6A, 0x0F, 0x58, 0xE0, 0x9B, 0xE6, 0x15, 0x7F, 0x94, 0xAE,
    0x5E, 0xEF, 0x42, 0x99, 0x92, 0x7C, 0x53, 0xB2, 0x2D, 0x61, 0x0D, 0x51, 0xAB, 0x55, 0xFF, 0x5E,
    0x96, 0xF8, 0x0B, 0x58, 0xAD, 0x3A, 0x15, 0xBA, 0xAC, 0x9F, 0x1B, 0x6E, 0x5E, 0x9F, 0xB8, 0xEF,
    0x69, 0x07, 0xE9, 0x06, 0xC8, 0x7C, 0x0D, 0x16, 0x10, 0x75, 0x3E, 0x79, 0x07, 0x25, 0x70, 0x72,
    0x1C, 0xE2, 0x2E, 0xAA, 0x32, 0xF7, 0x7E, 0x79, 0xF3, 0xC0, 0xF1, 0x62, 0xB8, 0x06, 0x9E, 0x8E,
    0x8F, 0xE1, 0x2A, 0xA8, 0x13, 0xF7, 0x7D, 0x95, 0xBE, 0xE1, 0xCA, 0xE7, 0xC4, 0x3F, 0x38, 0x51,
    0xBF, 0xFC, 0xD7, 0x61, 0xC7, 0xF4, 0xE5, 0x1A, 0x77, 0x57, 0x4E, 0x79, 0x7A, 0x3F, 0xA8, 0x77,
    0x83, 0x4F, 0x63, 0x0E, 0xC1, 0x00, 0xDC, 0x81, 0xB4, 0xE9, 0xC0, 0xFC, 0x4F, 0x09, 0x73, 0x0B,
    0x41, 0x9B, 0x43, 0x54, 0x6A, 0x44, 0x8F, 0x9D, 0x56, 0xAF, 0x11, 0xB7, 0x11, 0xBF, 0x11, 0xC7,
    0x11, 0xCF, 0x11, 0xD7, 0x11, 0xBF, 0xBD, 0x88, 0xF7, 0x58, 0xF0, 0xFE, 0x0F, 0x37, 0x81, 0x8A,
    0x00, 0x61, 0x80, 0x42, 0x50, 0x0A, 0x16, 0x30, 0x7A, 0x7F, 0xD9, 0x13, 0xBC, 0xB2, 0x06, 0x93,
    0x17, 0x7C, 0x16, 0x57, 0xCC, 0x98, 0x01, 0xA4, 0xCE, 0x6D, 0xB4, 0xDE, 0xDD, 0x7F, 0x35, 0xAD,
    0xE0, 0xBE, 0xF5, 0xEE, 0xFE, 0xAD, 0xD4, 0xB9, 0x5E, 0x6B, 0x05, 0x0F, 0xAA, 0x62, 0x6B, 0x6B,
    0x77, 0x0E, 0x90, 0x03, 0x24, 0xEF, 0xF4, 0x10, 0xBC, 0xBB, 0x06, 0xF2, 0x03, 0x01, 0x93, 0x54,
    0xD0, 0x06, 0x0D, 0xA3, 0x72, 0x79, 0x03, 0x2C, 0x5D, 0x4D, 0xB4, 0xB9, 0xDD, 0x91, 0x34, 0x3E,
    0xBB, 0x2C, 0xC8, 0x0A, 0x0C, 0x39, 0x18, 0x8C, 0x73, 0x0E, 0x2F, 0xFB, 0xFB, 0xFB, 0xDE, 0x6F,
    0x53, 0x00, 0x79, 0x89, 0xEF, 0x9D, 0xA4, 0xE5, 0x19, 0xA2, 0xCD, 0x6B, 0x73, 0x31, 0x65, 0x21,
    0x71, 0x1F, 0x20, 0x93, 0x00, 0x1C, 0x02, 0xD7, 0x35, 0xD4, 0xA7, 0x9F, 0x97, 0x81, 0x6B, 0x34,
    0x05, 0xA6, 0xC5, 0xB5, 0xC7, 0x58, 0xF5, 0x3A, 0xD3, 0x95, 0xD4, 0x47, 0x5B, 0x15, 0xD1, 0xF8,
    0xEE, 0x74, 0x4E, 0xF6, 0x65, 0x83, 0x69, 0x67, 0xAC, 0x2D, 0x61, 0x6B, 0x88, 0xCB, 0xA4, 0x3C,
    0x81, 0x48, 0xB8, 0x94, 0xDE, 0xD3, 0x48, 0xE8, 0xC8, 0x5D, 0x19, 0xAD, 0x7E, 0x4B, 0xEA, 0xD6,
    0x5C, 0x39, 0xE8, 0xFD, 0x05, 0xC4, 0x0B, 0xFE, 0x92, 0x20, 0xFC, 0xB9, 0xD1, 0xDB, 0xD1, 0x8C,
    0xAB, 0x4F, 0x27, 0x22, 0x36, 0x7F, 0x55, 0x46, 0xCE, 0x15, 0xF1, 0x7B, 0x0E, 0x7F, 0x67, 0x59,
    0x83, 0x69, 0x35, 0x2A, 0x82, 0xF6, 0x26, 0x51, 0x95, 0x14, 0x27, 0x7E, 0x16, 0x30, 0x85, 0xF7,
    0xF5, 0xA7, 0x56, 0x2F, 0x74, 0x32, 0x72, 0xF0, 0xE5, 0xF4, 0x32, 0x58, 0x38, 0x83, 0x74, 0x7B,
    0x3F, 0x78, 0x93, 0xB8, 0x49, 0xCB, 0xBD, 0x62, 0x7B, 0x5A, 0x7F, 0xF2, 0x19, 0x2E, 0xF9, 0x46,
    0x73, 0x4B, 0x06, 0x29, 0x4C, 0x08, 0x7B, 0xC2, 0x06, 0x7F, 0x3B, 0xAA, 0x2B, 0xBA, 0x8A, 0x3B,
    0xA2, 0xF6, 0x71, 0xFE, 0xC7, 0x1D, 0xDE, 0x82, 0x2B, 0x5D, 0x4B, 0x4B, 0x9B, 0x34, 0x79, 0x71,
    0x55, 0xB3, 0xA6, 0x79, 0x88, 0x7F, 0x27, 0xD5, 0xFB, 0xCE, 0x6B, 0xDD, 0x2F, 0x7F, 0x7C, 0x66,
    0xED, 0x21, 0x60, 0xFF, 0x5F, 0x81, 0x43, 0xF9, 0x6A, 0xCF, 0xAD, 0x80, 0xA9, 0xB4, 0x0D, 0xDC,
    0x3F, 0x7D, 0xDC, 0x11, 0xF7, 0x84, 0x6B, 0x5D, 0xA0, 0x53, 0xF2, 0x12, 0xF2, 0x72, 0xF4, 0x8C,
    0xA9, 0x9E, 0x03, 0x71, 0x63, 0x11, 0xA4, 0x0F, 0x56, 0x7F, 0xA4, 0x6F, 0xE5, 0x2D, 0x78, 0x6B,
    0xDE, 0xB2, 0xEF, 0xC5, 0xF7, 0xE8, 0x7B, 0x67, 0xCF, 0xF5, 0x1C, 0x2B, 0x49, 0x71, 0xFC, 0xDA,
    0x4F, 0xF7, 0xE4, 0x1B, 0x08, 0xF5, 0x62, 0x61, 0x75, 0xBB, 0x97, 0xC9, 0xDF, 0x60, 0xC0, 0xB0,
    0x10, 0xFB, 0x6B, 0xC8, 0x2A, 0x0B, 0xE9, 0x71, 0x99, 0x43, 0x26, 0x5E, 0xE4, 0x85, 0x1E, 0x9C,
    0x49, 0xB3, 0x64, 0x75, 0xDB, 0xAA, 0x29, 0x35, 0x3A, 0x2E, 0x61, 0xAD, 0x5E, 0xA8, 0x6C, 0x3F,
    0x62, 0x66, 0xAA, 0x1D, 0x00, 0x47, 0xC3, 0x2D, 0x31, 0x3D, 0x40, 0xDA, 0xA8, 0x16, 0xC3, 0xC8,
    0x01, 0xCE, 0x1C, 0xE1, 0xB4, 0x13, 0x51, 0x6F, 0xB3, 0x9D, 0x88, 0x95, 0xA8, 0xDB, 0x3A, 0x3A,
    0x44, 0xE4, 0x13, 0x45, 0xFD, 0xBC, 0xEA, 0x1C, 0x78, 0xF6, 0xA5, 0x0E, 0x98, 0xFE, 0x5B, 0x05,
    0xB8, 0x76, 0xE7, 0x63, 0x52, 0x5E, 0x03, 0x2E, 0xB2, 0x77, 0x66, 0x61, 0xE2, 0xD7, 0x65, 0x56,
    0x90, 0x74, 0x37, 0x20, 0xB3, 0x7F, 0x03, 0x66, 0x0A, 0xC8, 0xA5, 0x42, 0x58, 0x87, 0x0D, 0xC0,
    0x13, 0x87, 0xB9, 0x57, 0x0E, 0x2F, 0x03, 0x82, 0xEE, 0xD9, 0x02, 0xB8, 0x6E, 0x6A, 0x8E, 0xC1,
    0xAC, 0xCE, 0x38, 0xCC, 0x09, 0x9E, 0x24, 0xC4, 0xFF, 0xBA, 0x01, 0xFE, 0xD1, 0x15, 0x90, 0x7E,
    0x51, 0xC1, 0xCD, 0xB0, 0x85, 0x4F, 0x39, 0x64, 0x54, 0x12, 0x57, 0xC2, 0xD2, 0xF5, 0x72, 0xBD,
    0xB3, 0x21, 0x69, 0x31, 0x65, 0x5A, 0xF9, 0x9E, 0x92, 0xC6, 0x14, 0x48, 0xF6, 0x20, 0x3A, 0x2E,
    0xB9, 0x7C, 0x91, 0x95, 0x24, 0xB5, 0x1E, 0x1C, 0x4B, 0xB3, 0x70, 0xF3, 0x9A, 0x53, 0x53, 0x6A,
    0xF4, 0x3E, 0xAF, 0x04, 0xBA, 0xD1, 0x2B, 0x81, 0x02, 0x22, 0x7D, 0x45, 0x97, 0x94, 0x37, 0x14,
    0xE9, 0x85, 0x33, 0xBC, 0x3E, 0xED, 0x2E, 0xC6, 0x53, 0x80, 0x9B, 0x90, 0x74, 0x7F, 0x09, 0x99,
    0xFD, 0x93, 0xD3, 0x58, 0xA9, 0x84, 0x7D, 0x5C, 0x08, 0xE7, 0xF7, 0x81, 0xF4, 0x60, 0x03, 0xFC,
    0x61, 0xD8, 0xB3, 0x2B, 0xA6, 0x1A, 0x56, 0x6D, 0x73, 0x04, 0xA4, 0x45, 0x86, 0x96, 0x33, 0x8B,
    0x78, 0x3A, 0x6B, 0x09, 0xC4, 0xC1, 0xE8, 0x3B, 0x19, 0x52, 0x71, 0x01, 0x88, 0x3B, 0x20, 0xB5,
    0xE0, 0x11, 0x5B, 0x41, 0xDC, 0x3C, 0x2D, 0xC4, 0xEC, 0x15, 0xC3, 0x03, 0xC4, 0x69, 0x0B, 0x04,
    0xD6, 0xAA, 0x6F, 0xEA, 0xD5, 0xF8, 0x3A, 0x1B, 0xE0, 0x5C, 0x5E, 0x02, 0x04, 0x33, 0x20, 0xE9,
    0x81, 0x6C, 0x03, 0x4C, 0xF2, 0x92, 0xB0, 0x8B, 0x1B, 0xC2, 0x92, 0x37, 0x19, 0xCA, 0xE9, 0x5D,
    0x2A, 0xF0, 0xB7, 0xAA, 0xC1, 0x1A, 0x80, 0xA8, 0x67, 0x74, 0x5E, 0x49, 0x4B, 0x7C, 0x28, 0x1E,
    0x2B, 0x79, 0x25, 0x73, 0x21, 0xC8, 0x8D, 0x73, 0xB5, 0x51, 0x36, 0xFD, 0x44, 0x41, 0x39, 0x8B,
    0x52, 0x6B, 0x50, 0x84, 0x15, 0x9E, 0x27, 0x1E, 0x2E, 0x9E, 0x34, 0x1E, 0xFB, 0xC3, 0x6C, 0x7C,
    0x03, 0x7C, 0xF3, 0xAD, 0x31, 0x3F, 0x3B, 0xBE, 0x23, 0xF0, 0xF3, 0xB3, 0x9D, 0x20, 0x3F, 0x43,
    0xC3, 0x14, 0xFD, 0xA6, 0x1C, 0xC2, 0x75, 0x0A, 0x80, 0x1D, 0x72, 0x50, 0x58, 0xF0, 0xFC, 0xF8,
    0x51, 0xAC, 0x22, 0x9B, 0x2B, 0x3D, 0x2B, 0x33, 0xE1, 0x5A, 0x71, 0xC1, 0x95, 0x28, 0x5E, 0x9D,
    0x8C, 0x02, 0x9D, 0x0D, 0x94, 0xFF, 0xAF, 0xA8, 0x4E, 0x09, 0x32, 0x27, 0xDB, 0x56, 0x3A, 0x2B,
    0x7E, 0x5A, 0xD4, 0x32, 0xDB, 0x89, 0x09, 0x3F, 0x18, 0x33, 0x67, 0x0D, 0xC3, 0x20, 0xC9, 0x3C,
    0xFB, 0xA8, 0x3E, 0xBF, 0xEC, 0xFF, 0x19, 0x80, 0xE5, 0x76, 0xD8, 0x6A, 0x66, 0xF4, 0xEB, 0x93,
    0x3F, 0x3D, 0x4D, 0xF6, 0x2C, 0x4B, 0xBF, 0x69, 0x19, 0x0D, 0x09, 0xBF, 0x89, 0x75, 0xA3, 0xAE,
    0x02, 0xD7, 0x54, 0xF9, 0xE3, 0xF3, 0x38, 0x05, 0x69, 0xA7, 0xEA, 0x5D, 0xCE, 0x06, 0x0D, 0x16,
    0x00, 0x51, 0xA7, 0x5A, 0xF3, 0x3B, 0x08, 0xCA, 0x53, 0x9A, 0x88, 0x5B, 0x14, 0x40, 0xB2, 0x8E,
    0x2A, 0x20, 0x77, 0xEF, 0xC9, 0xE6, 0x46, 0xE6, 0x0A, 0xE0, 0xC5, 0x60, 0x7D, 0x7E, 0x57, 0xFF,
    0xA2, 0x78, 0x11, 0x22, 0xB7, 0xEA, 0x20, 0xF9, 0xCA, 0xB5, 0x90, 0x72, 0x50, 0xFE, 0xEE, 0x74,
    0x56, 0xFC, 0x39, 0xC4, 0x77, 0xAC, 0x5C, 0x51, 0xC5, 0x0C, 0x9B, 0x61, 0x27, 0xA7, 0x7A, 0x22,
    0x39, 0x9E, 0x60, 0x89, 0xDA, 0x41, 0x75, 0x8F, 0x95, 0x4F, 0x27, 0x2D, 0x6B, 0x88, 0xDB, 0x05,
    0x24, 0x8D, 0xD1, 0x0B, 0x96, 0x1A, 0x53, 0xA6, 0x9B, 0xDB, 0x4E, 0x46, 0xD7, 0x43, 0xEE, 0x4A,
    0xC6, 0xE5, 0x53, 0x00, 0xAB, 0xA2, 0x1F, 0x75, 0x6B, 0x1F, 0xAD, 0x06, 0x76, 0x4D, 0x64, 0x97,
    0x24, 0xD6, 0x7C, 0xBB, 0xB4, 0x99, 0xB3, 0xF2, 0xF6, 0xE9, 0xE8, 0x7E, 0x6F, 0x9F, 0x88, 0x56,
    0x40, 0xA4, 0xE3, 0x48, 0x2A, 0x20, 0x12, 0xD1, 0xB4, 0xA6, 0xE0, 0x3A, 0x80, 0x37, 0x01, 0x4E,
    0x13, 0x91, 0x69, 0xC0, 0xF4, 0xC0, 0x5B, 0xBE, 0xEE, 0x75, 0xC3, 0x0F, 0x0A, 0x03, 0x80, 0x93,
    0x04, 0xB5, 0x37, 0x63, 0x78, 0x7F, 0x89, 0x29, 0x00, 0x98, 0xAB, 0xD2, 0xAB, 0x46, 0x0D, 0xC7,
    0x8A, 0x29, 0xD4, 0x17, 0x83, 0x6E, 0x26, 0x5B, 0x52, 0xB2, 0x71, 0x9D, 0xDF, 0x94, 0x7E, 0x27,
    0x27, 0xBB, 0x59, 0xFB, 0x8D, 0xF2, 0x03, 0x25, 0x08, 0xCA, 0x10, 0x92, 0xCD, 0xEB, 0x0E, 0x94,
    0xE3, 0xF6, 0x57, 0x6F, 0xC3, 0x4F, 0xA9, 0x36, 0x00, 0x41, 0x3F, 0xB8, 0x93, 0xE8, 0xB7, 0x17,
    0x41, 0x6F, 0xF8, 0xC9, 0x4B, 0xD5, 0x42, 0x58, 0x19, 0x44, 0xE7, 0xA2, 0xAE, 0x57, 0x9D, 0x89,
    0x3E, 0xE2, 0xFF, 0xC0, 0x82, 0x10, 0x07, 0x61, 0x0E, 0x42, 0x1D, 0x84, 0x3B, 0x28, 0x79, 0x1D,
    0xDA, 0xD0, 0x37, 0x69, 0x8D, 0x8F, 0xD1, 0x31, 0x7B, 0xAE, 0x9F, 0x5F, 0xF6, 0xC1, 0x87, 0xA3,
    0x4B, 0xC8, 0xA9, 0x6A, 0xA6, 0xB0, 0xE3, 0x0A, 0x80, 0xD9, 0x69, 0xB2, 0x0F, 0x57, 0x80, 0xC0,
    0x2A, 0x60, 0x7B, 0x32, 0x80, 0xA8, 0x1A, 0x7F, 0x5A, 0x0E, 0xA7, 0x29, 0xDD, 0x9C, 0xC3, 0xE5,
    0x9F, 0x37, 0xAA, 0x76, 0xB4, 0x96, 0x54, 0xC3, 0x7E, 0xB8, 0xF4, 0x8D, 0x0B, 0x99, 0x88, 0xE0,
    0x94, 0x26, 0xE2, 0x02, 0x97, 0x94, 0x75, 0xAD, 0xE3, 0x72, 0xAB, 0xCF, 0x80, 0xF0, 0x4B, 0xD7,
    0xEA, 0x6C, 0x64, 0xD5, 0xB9, 0x5D, 0xFD, 0xE1, 0x3A, 0x68, 0x20, 0x71, 0xDF, 0xD7, 0x90, 0xBE,
    0xEF, 0x2A, 0xB8, 0xC2, 0x82, 0x0B, 0xFC, 0xFA, 0x8A, 0x5F, 0x3C, 0x61, 0xD0, 0xE7, 0x0E, 0xDF,
    0xB8, 0x8C, 0xA2, 0xCF, 0x0E, 0x9B, 0x61, 0xE7, 0xE9, 0x9D, 0xC4, 0x1F, 0xEE, 0x79, 0x0B, 0x79,
    0x05, 0xA4, 0xCD, 0xEE, 0xEE, 0xC6, 0x02, 0x5C, 0x63, 0x54, 0x16, 0x10, 0xF6, 0x46, 0x20, 0xE9,
    0x23, 0x58, 0x7D, 0xBE, 0x9A, 0xC8, 0x65, 0x6F, 0xD4, 0x61, 0x64, 0x18, 0x6B, 0x58, 0xCB, 0x68,
    0xA6, 0x62, 0xC1, 0xBC, 0xDC, 0x42, 0xF6, 0x45, 0x0D, 0xA9, 0xAB, 0x20, 0x56, 0x7C, 0x1B, 0x00,
    0xFB, 0xA8, 0x62, 0xCA, 0x6D, 0xF2, 0x8F, 0xDB, 0x5D, 0x8A, 0xBC, 0xC1, 0xA8, 0x18, 0x48, 0xEA,
    0xBC, 0x20, 0x95, 0x68, 0xD4, 0xDF, 0x2A, 0x99, 0x22, 0x69, 0x30, 0x32, 0xA1, 0x13, 0xC2, 0x4E,
    0x30, 0x29, 0x61, 0x1B, 0x76, 0x30, 0x97, 0x69, 0x36, 0x71, 0x03, 0x79, 0x52, 0x43, 0xF6, 0x4A,
    0x05, 0xE9, 0x17, 0x32, 0xCB, 0xFF, 0x09, 0x44, 0x4E, 0x23, 0x03, 0x94, 0xAC, 0xEF, 0x4D, 0x5A,
    0x21, 0xAD, 0x90, 0x06, 0x3A, 0x96, 0x3F, 0x5B, 0x16, 0x60, 0xD6, 0x80, 0x69, 0x80, 0xA9, 0xC2,
    0x29, 0x88, 0xDA, 0xAC, 0x12, 0x38, 0xB5, 0x3E, 0x7C, 0x16, 0x38, 0xBD, 0x87, 0x33, 0x87, 0x0D,
    0x02, 0x47, 0x6C, 0xE5, 0x7F, 0xD7, 0x42, 0x2A, 0x70, 0x12, 0x81, 0x13, 0x3D, 0x3E, 0x9C, 0x71,
    0x39, 0x1C, 0x7F, 0xA1, 0x1F, 0x0D, 0xA4, 0x3B, 0x2E, 0xB9, 0x72, 0x21, 0xF6, 0x5C, 0x98, 0x7B,
    0x2E, 0x58, 0x7A, 0x3C, 0x97, 0xC9, 0xC0, 0xE5, 0xAF, 0x05, 0xC9, 0xBB, 0x15, 0x24, 0xFF, 0x51,
    0xE0, 0x27, 0x2F, 0xDA, 0xEC, 0x1E, 0x77, 0x0D, 0x5C, 0x5A, 0xE5, 0x72, 0x28, 0x5C, 0xAC, 0x70,
    0xB1, 0xC2, 0xE5, 0x70, 0xC4, 0x05, 0x16, 0xC5, 0xEE, 0x87, 0xB5, 0x2D, 0x80, 0x48, 0x2C, 0xA2,
    0xA1, 0x70, 0x75, 0xFC, 0x88, 0xC0, 0x14, 0xB0, 0x48, 0x2B, 0xB0, 0x49, 0x43, 0xD8, 0xEB, 0x3B,
    0xCE, 0xB0, 0x27, 0x69, 0xB0, 0xC2, 0x7C, 0x21, 0x07, 0x18, 0xA6, 0xD2, 0xD1, 0x1A, 0xD2, 0x2F,
    0x2D, 0xC4, 0xFF, 0xDD, 0x41, 0x24, 0xE6, 0x03, 0x21, 0xC9, 0xB2, 0x04, 0x0C, 0x8F, 0x28, 0x49,
    0x2F, 0xE2, 0x00, 0xD2, 0x9D, 0x2C, 0x74, 0xE2, 0x45, 0x6A, 0x80, 0x62, 0x08, 0x83, 0xAC, 0x32,
    0x32, 0x7C, 0x1D, 0x4D, 0x56, 0x32, 0xF5, 0xB7, 0x3E, 0x49, 0x8D, 0x25, 0x6A, 0x83, 0x5E, 0x46,
    0xDD, 0x11, 0xC8, 0xF8, 0xB1, 0x82, 0x73, 0x9E, 0x54, 0x70, 0x53, 0x1C, 0x33, 0x59, 0x01, 0xD9,
    0x01, 0x90, 0x2E, 0x80, 0x64, 0x0D, 0x44, 0x56, 0xA4, 0x57, 0x92, 0xE3, 0x65, 0x26, 0x56, 0x3D,
    0x93, 0xD7, 0x1C, 0x20, 0x51, 0xCD, 0xB4, 0x06, 0xC8, 0x67, 0x57, 0xC0, 0x6D, 0xEE, 0x10, 0xFC,
    0xAF, 0xB3, 0x84, 0xF5, 0xE5, 0xE6, 0x2C, 0x84, 0xE9, 0xB4, 0xFC, 0x0B, 0x70, 0xAB, 0x23, 0xC2,
    0xEF, 0x5C, 0x27, 0x89, 0xB1, 0x3E, 0x53, 0x11, 0xFA, 0x7F, 0xB5, 0x98, 0x01, 0xA4, 0x2D, 0xD7,
    0xD5, 0xC7, 0x7F, 0x33, 0xFB, 0xFB, 0xDE, 0x54, 0xA7, 0xED, 0x7E, 0x48, 0x29, 0x91, 0x37, 0x45,
    0x81, 0xE6, 0xBE, 0xB9, 0x28, 0x82, 0xB9, 0x77, 0xEF, 0xE4, 0x21, 0x08, 0x1A, 0xE4, 0x29, 0x0D,
    0x1A, 0x00, 0x4A, 0x1F, 0x14, 0x17, 0xF7, 0xDC, 0x99, 0xF4, 0x01, 0x8A, 0x3E, 0x08, 0x00, 0xA0,
    0x28, 0x08, 0x5C, 0x84, 0xDE, 0x73, 0xCF, 0x7E, 0x79, 0x08, 0x8A, 0x4E, 0x4B, 0x41, 0xD1, 0x89,
    0x04, 0x00, 0xBB, 0xCD, 0xA9, 0xCE, 0x4B, 0xE7, 0x9C, 0xDD, 0xBD, 0xDE, 0xCC, 0xD4, 0xB9, 0xB9,
    0xB9, 0xE9, 0x4D, 0xAE, 0xAC, 0xBD, 0xD6, 0x7F, 0xFE, 0x6B, 0xCD, 0xDA, 0x6B, 0xAF, 0xBD, 0x8F,
    0x73, 0x66, 0xEE, 0xA5, 0x81, 0x53, 0xD8, 0xC3, 0x04, 0xF6, 0xF7, 0xD8, 0xFF, 0x25, 0xFB, 0x8F,
    0xD8, 0xE7, 0xAB, 0x2B, 0x90, 0xD8, 0xCC, 0xBE, 0x40, 0x1D, 0xF6, 0xB2, 0xFC, 0x5E, 0xFA, 0x10,
    0x75, 0xCD, 0xC1, 0xFD, 0xFB, 0x21, 0xCA, 0x8C, 0xE3, 0x75, 0xE2, 0xAF, 0xC7, 0x8B, 0x17, 0x8B,
    0x5C, 0xE4, 0x8D, 0xE9, 0xD6, 0x30, 0x5F, 0xAF, 0x8A, 0x0F, 0xCA, 0x7F, 0xDD, 0xBA, 0xDB, 0x1E,
    0xC0, 0xAE, 0xAF, 0xDA, 0xCC, 0x69, 0xA7, 0x9B, 0xD2, 0x1A, 0x6A, 0x56, 0xE8, 0x56, 0xBB, 0xC2,
    0x89, 0x77, 0x48, 0xC5, 0x31, 0x91, 0x37, 0xA3, 0xB7, 0xE0, 0x8C, 0x35, 0x75, 0x1C, 0x86, 0xD2,
    0xEA, 0x46, 0xBB, 0xCC, 0xA9, 0x56, 0xB5, 0x07, 0x99, 0x3B, 0xD6, 0xEE, 0x4C, 0x37, 0x7D, 0xF9,
    0x72, 0x6F, 0xD4, 0xBA, 0x56, 0x7E, 0x95, 0x79, 0xDD, 0x6E, 0xB4, 0x1B, 0x8A, 0x66, 0x90, 0x60,
    0xEA, 0x0F, 0x95, 0xAF, 0x54, 0x7B, 0x9C, 0xB9, 0xE2, 0xF1, 0x50, 0xBE, 0x3D, 0x98, 0x57, 0x62,
    0xA6, 0x04, 0x8F, 0xB3, 0xF6, 0x2C, 0x73, 0xEB, 0xBC, 0x89, 0x53, 0xE2, 0xC4, 0x38, 0x3D, 0xE6,
    0xC7, 0x52, 0xB1, 0x60, 0x2C, 0x1B, 0x8B, 0x53, 0x5B, 0x30, 0x5C, 0xB4, 0xBB, 0xF0, 0xBB, 0x5F,
    0xFC, 0xB4, 0x09, 0x21, 0xB8, 0xED, 0xEA, 0x5D, 0xB7, 0x7B, 0xEF, 0xC6, 0x76, 0x38, 0xD6, 0xB7,
    0x7B, 0x58, 0xA9, 0x2F, 0xF6, 0xFA, 0x5E, 0x62, 0x25, 0xC6, 0xE1, 0xE7, 0xE7, 0xCA, 0xFD, 0xFF,
    0x95, 0x5B, 0xB4, 0xF5, 0x3A, 0x0C, 0xE3, 0xA8, 0xD7, 0x45, 0x0B, 0x44, 0xEB, 0x21, 0x34, 0x84,
    0x9E, 0x10, 0x08, 0x1B, 0x42, 0xCB, 0x16, 0x3A, 0xB0, 0xB0, 0x08, 0x61, 0xB1, 0xA0, 0xB0, 0x01,
    0xE3, 0xC4, 0x84, 0x8B, 0x65, 0xAD, 0x78, 0xDA, 0x8F, 0x38, 0x46, 0x24, 0xD7, 0x04, 0xBB, 0x0F,
    0x37, 0x57, 0x60, 0x15, 0xC8, 0x50, 0x5F, 0x62, 0x10, 0x2E, 0xC8, 0x75, 0xA7, 0x99, 0xF0, 0x99,
    0xC5, 0x25, 0x92, 0x38, 0xF8, 0xCA, 0x0A, 0xF5, 0x4E, 0xEF, 0x75, 0x48, 0x1C, 0xD7, 0x1B, 0x64,
    0x1B, 0x28, 0x01, 0x8A, 0x60, 0x39, 0x06, 0x30, 0xEF, 0x3A, 0x7A, 0x80, 0x93, 0xBC, 0x4D, 0x3C,
    0xC0, 0x32, 0xEB, 0x54, 0x07, 0x30, 0x28, 0x9F, 0xB9, 0x89, 0x68, 0x3B, 0x91, 0x92, 0x89, 0x1C,
    0xCC, 0xE4, 0xBD, 0xB2, 0xA3, 0x7E, 0x14, 0x67, 0xFD, 0x3D, 0x0C, 0x49, 0x58, 0x9F, 0xE4, 0x7F,
    0xFE, 0x48, 0xBE, 0x1D, 0x83, 0x79, 0xF7, 0xC9, 0x07, 0x5D, 0xF9, 0x5A, 0xBB, 0x2C, 0xC2, 0x8F,
    0x5F, 0x73, 0xC5, 0x6F, 0xDC, 0x61, 0xB6, 0x29, 0xB4, 0xD3, 0x7F, 0x74, 0x06, 0x0E, 0x66, 0x72,
    0x3C, 0x13, 0x3F, 0x91, 0xA4, 0x9B, 0x88, 0x72, 0x79, 0x5B, 0xFC, 0xBA, 0x3D, 0x21, 0x6F, 0xB2,
    0xCE, 0xBC, 0xDA, 0x2D, 0xD1, 0xA8, 0xA7, 0x2B, 0xF5, 0xE9, 0xC0, 0x1E, 0x84, 0x4D, 0x5C, 0x8B,
    0x0A, 0x64, 0xF5, 0x56, 0xF6, 0xA5, 0x01, 0xA6, 0xBD, 0x49, 0x06, 0xCC, 0xFB, 0xAB, 0x98, 0xE4,
    0x3C, 0x6F, 0x39, 0x65, 0x92, 0x21, 0xEB, 0x92, 0x0E, 0x98, 0xF7, 0xA1, 0xDC, 0x8E, 0x93, 0x35,
    0x3B, 0x8E, 0x66, 0xC7, 0xD9, 0xDB, 0x75, 0xAA, 0xE2, 0x63, 0xCA, 0x4E, 0x34, 0xEE, 0xFF, 0xB4,
    0x8E, 0x3D, 0x0D, 0x51, 0x31, 0xBA, 0xF5, 0x9B, 0x5A, 0xAD, 0x57, 0x51, 0x29, 0xC3, 0xC3, 0xF7,
    0xD7, 0xE5, 0xAB, 0x9D, 0xA8, 0xCD, 0xB7, 0xD9, 0x43, 0x1F, 0x77, 0x25, 0xDA, 0xF0, 0xBA, 0x56,
    0x3E, 0xEE, 0x55, 0xD4, 0xC1, 0x0B, 0xBB, 0x4E, 0xB5, 0xEB, 0x9C, 0xEE, 0x3A, 0x7E, 0xC7, 0x51,
    0x2E, 0x5D, 0xCF, 0xD5, 0xC8, 0x9A, 0xA4, 0x8F, 0x8B, 0x98, 0xA8, 0x16, 0x0D, 0xDB, 0x95, 0x7A,
    0x2A, 0x0A, 0x77, 0xA0, 0xDE, 0x10, 0x44, 0xA1, 0x82, 0x62, 0x3D, 0x75, 0xCD, 0x92, 0x3E, 0xF5,
    0xAA, 0xCD, 0x1B, 0xCD, 0x5D, 0x2A, 0xDE, 0x82, 0xA5, 0x76, 0xF4, 0xBA, 0x49, 0x7D, 0x89, 0xEA,
    0x0E, 0xC8, 0xDD, 0x19, 0xDA, 0x7A, 0xEE, 0xA6, 0x1D, 0x95, 0x72, 0x1C, 0xE5, 0x16, 0xC9, 0x19,
    0x62, 0xD2, 0xDB, 0xEB, 0x98, 0xA5, 0x7C, 0x4C, 0xCB, 0x5C, 0xCC, 0xD3, 0x4D, 0x4C, 0x2C, 0x24,
    0xF3, 0x40, 0x52, 0x8F, 0x25, 0xF7, 0x94, 0x25, 0x86, 0xC2, 0xE6, 0x4E, 0xB5, 0x89, 0x67, 0x4D,
    0xC5, 0xF7, 0x64, 0x05, 0x93, 0xB7, 0x14, 0xF7, 0x3C, 0xFA, 0xB1, 0x47, 0xB5, 0x3D, 0xA9, 0xAF,
    0xC0, 0xDF, 0x85, 0x23, 0x0D, 0x55, 0xD6, 0x2C, 0xF5, 0xFB, 0x5E, 0x92, 0x7A, 0xC9, 0x3A, 0x93,
    0xB4, 0x43, 0xC9, 0x2B, 0x24, 0x51, 0x37, 0x31, 0x53, 0x5A, 0xD1, 0x69, 0x27, 0xB9, 0x9E, 0x6F,
    0x00, 0x25, 0x60, 0x2C, 0xFC, 0xDE, 0xC1, 0x3F, 0x5A, 0xD2, 0xD6, 0xA3, 0xDC, 0x29, 0xB9, 0xAD,
    0xD0, 0xEC, 0xC5, 0xA1, 0xA9, 0xA2, 0xC7, 0x6D, 0x16, 0xC8, 0x67, 0xDA, 0x96, 0xCD, 0x09, 0x1B,
    0x69, 0xCE, 0x65, 0x5D, 0xDA, 0x47, 0xFA, 0x12, 0xFC, 0x1F, 0xC7, 0x18, 0xB4, 0xCB, 0x7C, 0x8C,
    0x2C, 0xA9, 0x63, 0xE6, 0x3A, 0x97, 0x4C, 0x5E, 0x04, 0x6E, 0x93, 0x76, 0x40, 0x85, 0xF2, 0xD1,
    0x37, 0x72, 0x89, 0xAD, 0xB9, 0xB4, 0x4B, 0xBD, 0x70, 0x72, 0x07, 0x4B, 0x28, 0xAD, 0x98, 0x30,
    0xF2, 0x36, 0x5D, 0x03, 0x69, 0x9F, 0xB7, 0x00, 0x27, 0x72, 0xEB, 0x3D, 0x8A, 0x0D, 0x77, 0x19,
    0xC8, 0xD6, 0x98, 0xF9, 0x32, 0x05, 0xE1, 0xBC, 0xB0, 0x40, 0x1A, 0x57, 0x9D, 0xA7, 0xCF, 0xC5,
    0xD8, 0x08, 0x43, 0xAD, 0x65, 0xA1, 0x79, 0xD9, 0xA9, 0x89, 0xA9, 0x25, 0xA4, 0x41, 0xA4, 0xEA,
    0x97, 0x55, 0x66, 0x59, 0xB0, 0x08, 0x84, 0xA8, 0x91, 0x24, 0xAB, 0x8F, 0x29, 0x23, 0x37, 0x9B,
    0x95, 0xBB, 0x3D, 0xE8, 0x8E, 0x21, 0xF3, 0x0C, 0x6A, 0xC7, 0xF2, 0x96, 0xA1, 0x70, 0x0C, 0x2B,
    0xD8, 0xF6, 0x10, 0x5A, 0x08, 0x36, 0x72, 0x60, 0x33, 0xD9, 0xAE, 0x2C, 0x80, 0x30, 0x59, 0xE4,
    0xF7, 0xA3, 0xD8, 0x10, 0xC5, 0x05, 0x01, 0x00, 0x7E, 0x00, 0x7C, 0xAB, 0x02, 0x2A, 0x0D, 0x9C,
    0x66, 0x8E, 0xB4, 0x4B, 0x9E, 0x52, 0x36, 0x98, 0xB0, 0x81, 0x5B, 0xE1, 0x11, 0xA4, 0xAB, 0x08,
    0x65, 0x74, 0x93, 0x0D, 0x0F, 0x1A, 0xD5, 0xA2, 0xBA, 0x67, 0xC9, 0x72, 0x00, 0xD5, 0x4B, 0xC0,
    0xB7, 0x19, 0xE5, 0x0E, 0x1C, 0x40, 0x05, 0xA7, 0xE0, 0x63, 0x21, 0x94, 0x23, 0x6B, 0xD0, 0x3B,
    0x77, 0x96, 0x10, 0x48, 0xFF, 0x6A, 0xD5, 0x13, 0x97, 0xFD, 0xCA, 0xE9, 0xA4, 0xBB, 0x83, 0x3F,
    0xE0, 0xA8, 0xA2, 0x02, 0x30, 0x00, 0x5C, 0xC5, 0xCA, 0x1D, 0x76, 0x1B, 0x00, 0xD5, 0xDF, 0xB9,
    0xE5, 0x47, 0x16, 0x42, 0x58, 0x03, 0x90, 0x46, 0xF6, 0x31, 0xA3, 0xD4, 0x0D, 0x93, 0xFC, 0xBB,
    0x9D, 0x88, 0xFA, 0xC4, 0x4F, 0x2C, 0xFF, 0x70, 0x98, 0x58, 0xE1, 0xB6, 0x73, 0xE1, 0xA6, 0x9E,
    0x58, 0x2A, 0x47, 0x03, 0x64, 0x5E, 0x9C, 0x35, 0xA0, 0xBA, 0x0B, 0x2C, 0xF1, 0xC2, 0xDA, 0x89,
    0xDD, 0x9E, 0x58, 0xC2, 0xE1, 0xBD, 0x3F, 0x9D, 0x53, 0x3E, 0xF2, 0x0F, 0x6C, 0x1D, 0x42, 0xA0,
    0x8C, 0xD0, 0xFC, 0x3C, 0x84, 0x4F, 0xF9, 0x61, 0x08, 0x5B, 0x8B, 0x7E, 0x56, 0x60, 0x00, 0xCA,
    0x33, 0x40, 0x9F, 0x03, 0x27, 0x46, 0xDC, 0xC2, 0xC2, 0x50, 0x36, 0xD1, 0xD5, 0x8E, 0xB4, 0xD7,
    0x2D, 0x6C, 0x32, 0x4F, 0xEA, 0xF3, 0x96, 0x44, 0x3E, 0x7E, 0xBE, 0x9F, 0x02, 0xCF, 0x25, 0x76,
    0x7A, 0x65, 0x9C, 0xD7, 0xCF, 0x1D, 0x50, 0x00, 0x1C, 0x02, 0x48, 0x59, 0xE6, 0x36, 0xC9, 0x1C,
    0xA0, 0x9B, 0xF9, 0xF8, 0x0E, 0x00, 0x7A, 0xE6, 0xF6, 0xBB, 0x79, 0xBA, 0xB6, 0xF3, 0xF4, 0xE3,
    0x79, 0x7A, 0x3A, 0x6D, 0x70, 0x9A, 0x5E, 0x30, 0x4F, 0x0F, 0xDB, 0xB0, 0xDD, 0xBC, 0x31, 0x70,
    0x79, 0x5C, 0x7D, 0x67, 0xF3, 0x86, 0xDC, 0x5B, 0x05, 0xA2, 0x7E, 0xB7, 0x06, 0xF3, 0x45, 0x7A,
    0xBD, 0xB4, 0x98, 0x30, 0x65, 0xDE, 0x0A, 0x6B, 0x9E, 0x0F, 0xD6, 0x84, 0xA0, 0x42, 0xF0, 0xE6,
    0xB7, 0xAB, 0x27, 0x9F, 0xBE, 0x39, 0x3C, 0x87, 0xFE, 0xD0, 0xB2, 0x05, 0xE5, 0xC1, 0x7C, 0xF6,
    0x92, 0x79, 0xA8, 0xE1, 0xD9, 0x21, 0x83, 0x69, 0x50, 0x3D, 0x92, 0xAC, 0x3B, 0x61, 0x12, 0x98,
    0x6E, 0x95, 0x96, 0x74, 0x0D, 0x87, 0xE3, 0x61, 0x55, 0xA0, 0x1C, 0xF3, 0xE5, 0x39, 0x48, 0x2C,
    0x97, 0xBF, 0x74, 0x59, 0x0B, 0x01, 0xB4, 0x9F, 0x2E, 0x73, 0x50, 0xFA, 0x34, 0x75, 0x88, 0x9D,
    0x9A, 0x77, 0x56, 0xCE, 0xC4, 0x0E, 0xBB, 0x67, 0x1D, 0x5D, 0x80, 0x4C, 0x62, 0xBA, 0x35, 0xD2,
    0x84, 0x21, 0xD9, 0x62, 0xC6, 0x9F, 0x2C, 0xED, 0x22, 0x94, 0x44, 0x38, 0x10, 0xA8, 0x66, 0xB8,
    0xB4, 0xBE, 0x68, 0x80, 0x30, 0x82, 0xB8, 0x86, 0x07, 0x5B, 0x8B, 0xC9, 0x82, 0xAC, 0xAF, 0x9E,
    0xBE, 0x39, 0x60, 0x52, 0x8B, 0x54, 0x06, 0x73, 0x09, 0x6B, 0x04, 0x37, 0x82, 0xAA, 0x17, 0x2C,
    0x3A, 0xC1, 0xDA, 0x0A, 0x0E, 0x44, 0x4C, 0xBD, 0xA0, 0x6A, 0x11, 0x74, 0x33, 0x5E, 0x96, 0xC5,
    0x74, 0x12, 0xDA, 0x4F, 0x38, 0x45, 0x76, 0xFE, 0xC2, 0x39, 0x07, 0x06, 0x48, 0xD6, 0x8C, 0x3F,
    0xE9, 0x2D, 0x14, 0x0D, 0x18, 0x60, 0x09, 0x0C, 0x63, 0x38, 0xEB, 0x40, 0x3B, 0x28, 0x2D, 0xD4,
    0x63, 0x38, 0xED, 0x41, 0xBE, 0x50, 0x52, 0xCC, 0xF3, 0xCF, 0x3A, 0x0C, 0x78, 0x13, 0xB6, 0x02,
    0x81, 0xFF, 0x82, 0xFD, 0x42, 0x98, 0x67, 0x8C, 0x73, 0x7D, 0x84, 0x58, 0xCF, 0x57, 0x70, 0x23,
    0x60, 0x15, 0x82, 0xCB, 0x43, 0x84, 0x22, 0x6C, 0x7E, 0xE2, 0x62, 0x75, 0xE5, 0x6A, 0x81, 0x95,
    0x40, 0xB8, 0x0A, 0x56, 0x73, 0xDE, 0x38, 0xA3, 0x8C, 0x73, 0xC7, 0x2A, 0x48, 0x3D, 0xD9, 0x6A,
    0x74, 0xBA, 0xB8, 0xD1, 0x5E, 0x1A, 0x8E, 0xB6, 0x91, 0xEE, 0xA3, 0x85, 0x2B, 0x4C, 0xEE, 0x0D,
    0x92, 0x2F, 0xF3, 0x64, 0x3E, 0x59, 0xC7, 0x68, 0x2D, 0xA8, 0x96, 0xDB, 0xD1, 0x4E, 0xEE, 0x3D,
    0x3E, 0xAF, 0x63, 0xC2, 0x03, 0xF9, 0x85, 0xD2, 0x7E, 0xFC, 0x55, 0x5A, 0x1C, 0xC2, 0x50, 0x5A,
    0xD5, 0x17, 0x4E, 0x9E, 0xDC, 0xBC, 0x75, 0x8B, 0x05, 0x81, 0x10, 0xF1, 0xF3, 0xE4, 0x7C, 0xFA,
    0xEB, 0xAD, 0xB0, 0xBA, 0xC9, 0x9D, 0x72, 0xE3, 0x53, 0x43, 0x8E, 0x36, 0x79, 0x4A, 0xD1, 0x64,
    0x8E, 0x74, 0x7C, 0x60, 0x54, 0xC0, 0x8B, 0xCF, 0x9E, 0x38, 0x7C, 0xBD, 0x72, 0xF5, 0xA3, 0xAD,
    0xA7, 0x6C, 0xA8, 0xE7, 0x47, 0xDB, 0x67, 0x4F, 0x84, 0x9D, 0x13, 0x89, 0xB6, 0x1D, 0x4F, 0x64,
    0x80, 0xC5, 0x09, 0x0C, 0xE6, 0xC2, 0x89, 0xCC, 0x72, 0x93, 0x53, 0x8D, 0x27, 0xE6, 0x8C, 0x2B,
    0xAC, 0x71, 0x65, 0xE4, 0x87, 0xC0, 0x31, 0x30, 0x00, 0x6B, 0x48, 0x3D, 0xA8, 0xA9, 0xAE, 0x76,
    0xD1, 0x1A, 0x28, 0x01, 0x49, 0x5B, 0x00, 0x67, 0x40, 0x0F, 0x89, 0xA4, 0xF9, 0x31, 0x2D, 0x77,
    0xF2, 0x19, 0xC4, 0x8A, 0x18, 0x67, 0x62, 0x45, 0xFE, 0xDF, 0x02, 0x89, 0x4D, 0x42, 0x90, 0xCD,
    0x36, 0x79, 0x10, 0xA2, 0x6D, 0x69, 0x9F, 0x0F, 0xE1, 0x9D, 0x73, 0x2A, 0x88, 0xA4, 0xE7, 0x08,
    0x21, 0x97, 0x1E, 0xF5, 0xD9, 0x95, 0x8F, 0x7A, 0xE5, 0x26, 0xF8, 0xA6, 0x72, 0x3F, 0x42, 0x3F,
    0x7C, 0x3C, 0xA0, 0x3E, 0xFA, 0xC0, 0x93, 0xFC, 0xEB, 0x6F, 0x0E, 0xEA, 0x00, 0xF7, 0xEB, 0xCD,
    0x85, 0x97, 0x0D, 0xB3, 0x01, 0x42, 0xB0, 0xA8, 0x4F, 0xFE, 0xD0, 0xA1, 0x9F, 0xBC, 0xDF, 0xA3,
    0x95, 0x3B, 0xDA, 0x29, 0x35, 0xED, 0xD4, 0x8F, 0x26, 0x7C, 0x92, 0x2F, 0x7C, 0xAB, 0xB9, 0x52,
    0x2E, 0xD7, 0x5B, 0xEA, 0xC7, 0x7D, 0x69, 0xE9, 0x8B, 0x7B, 0xFE, 0x90, 0xD4, 0x9B, 0xAC, 0x3D,
    0x43, 0x75, 0xC7, 0xB9, 0xEB, 0x89, 0xA6, 0x5F, 0xF1, 0xE8, 0x97, 0xFD, 0x5D, 0xD5, 0x12, 0xAD,
    0xCA, 0x1B, 0xAA, 0xCC, 0x9D, 0x6A, 0x38, 0xD2, 0xF8, 0x3B, 0x73, 0x39, 0x29, 0x36, 0xE1, 0x14,
    0xB9, 0x8E, 0x2C, 0x10, 0x08, 0x00, 0x61, 0xC4, 0x31, 0xC2, 0x35, 0xE4, 0x8A, 0x75, 0x6F, 0x50,
    0xF3, 0xEB, 0xD9, 0xCB, 0x22, 0x08, 0xB9, 0x28, 0x12, 0x23, 0x99, 0xDE, 0x78, 0x26, 0x10, 0xF7,
    0x7A, 0xCB, 0x64, 0x6D, 0x00, 0xED, 0x83, 0xC0, 0xE2, 0x1A, 0x0D, 0x7E, 0xEE, 0x42, 0xDA, 0xED,
    0xA2, 0x54, 0xD1, 0xF2, 0x25, 0xF1, 0xF2, 0xC5, 0x1B, 0x71, 0x8C, 0x5C, 0xCA, 0x9C, 0xF0, 0xFE,
    0xFD, 0x9F, 0xFD, 0x25, 0xBE, 0x6E, 0xED, 0x88, 0xC4, 0x6F, 0x56, 0x79, 0x3A, 0xAA, 0x99, 0xCC,
    0x4C, 0x6C, 0x8A, 0xED, 0x5E, 0xA2, 0x66, 0xA8, 0x69, 0x4C, 0xFC, 0x1A, 0x03, 0x4C, 0xD8, 0xCF,
    0xF6, 0xD5, 0x38, 0xCC, 0x97, 0xF8, 0xAF, 0x85, 0x09, 0x94, 0x1B, 0xF4, 0x40, 0xB6, 0x46, 0x75,
    0x24, 0x0E, 0x6E, 0xA8, 0x40, 0x43, 0xD2, 0xA2, 0x3C, 0xF9, 0x1A, 0x3D, 0x48, 0x7D, 0x13, 0x6E,
    0x5A, 0x33, 0x71, 0x64, 0x9E, 0x17, 0xF6, 0x78, 0x49, 0xF3, 0x9D, 0x0A, 0xE5, 0x6F, 0xDA, 0x67,
    0xE0, 0xAB, 0x1D, 0xF4, 0x7F, 0x00, 0xB5, 0x93, 0x01, 0x87, 0x24, 0x47, 0x14, 0x80, 0xBF, 0xEE,
    0x62, 0x8B, 0x14, 0x3A, 0x38, 0x20, 0x5C, 0xFF, 0x82, 0xD3, 0x7F, 0x60, 0x7B, 0xBB, 0x09, 0x16,
    0x81, 0xFB, 0x11, 0x01, 0x82, 0x03, 0x18, 0xD1, 0xB9, 0x6B, 0x12, 0xF2, 0x33, 0x12, 0x00, 0x7B,
    0xD8, 0x60, 0xB1, 0x2B, 0xB3, 0x37, 0x0F, 0x08, 0x02, 0x05, 0x04, 0x90, 0x16, 0x08, 0x40, 0xA1,
    0xD8, 0x4E, 0x76, 0xA6, 0x2B, 0xAF, 0x4D, 0xEF, 0x8E, 0xB1, 0x97, 0x1C, 0xE1, 0xBA, 0x3F, 0xA5,
    0xBA, 0xEA, 0xA9, 0xA9, 0xF7, 0xDE, 0x37, 0x76, 0x47, 0x99, 0xFA, 0x33, 0xEB, 0xBB, 0x3C, 0x5C,
    0x67, 0x61, 0x24, 0xC6, 0x07, 0x74, 0xAE, 0x2B, 0xBA, 0xAE, 0xBB, 0x65, 0x92, 0x93, 0x89, 0x97,
    0xE1, 0x25, 0xE1, 0xF0, 0xE0, 0x84, 0x52, 0x68, 0x84, 0x7B, 0xC9, 0x7F, 0x13, 0xFB, 0xBD, 0x14,
    0x56, 0x5E, 0x58, 0x59, 0x59, 0x49, 0x69, 0xAB, 0x60, 0x65, 0x4F, 0x95, 0x06, 0xA5, 0x06, 0xE5,
    0x94, 0x99, 0x66, 0xA2, 0x49, 0x1E, 0x1B, 0x20, 0xEE, 0xF9, 0xD2, 0x86, 0x4D, 0x92, 0x6A, 0x82,
    0x8D, 0x38, 0x9D, 0xF4, 0xD4, 0xD0, 0xC1, 0x4D, 0x6A, 0xEF, 0x93, 0x9F, 0xCC, 0x72, 0x37, 0x1D,
    0xD7, 0x99, 0x5E, 0x29, 0x94, 0x49, 0xF2, 0x09, 0x20, 0xA5, 0xA0, 0x90, 0x0F, 0x18, 0xC1, 0xF5,
    0x14, 0x2D, 0x15, 0xD4, 0xB0, 0x86, 0x48, 0x16, 0x30, 0x03, 0x56, 0x28, 0x7A, 0x3E, 0x01, 0xCD,
    0xB7, 0xD2, 0x7C, 0x9D, 0x74, 0xC6, 0x2B, 0x8D, 0x93, 0x62, 0xC2, 0x4D, 0x9C, 0x95, 0xB2, 0x36,
    0x43, 0xD4, 0x0A, 0xE4, 0xE1, 0xD6, 0x0E, 0x4D, 0x12, 0x37, 0x2D, 0xC1, 0xAF, 0xED, 0x30, 0x66,
    0x21, 0xA2, 0xC4, 0x31, 0x8B, 0xB7, 0x36, 0x36, 0x53, 0x74, 0x31, 0x30, 0x1F, 0xED, 0x29, 0x35,
    0x3B, 0xAA, 0x88, 0x91, 0x85, 0x94, 0x44, 0x31, 0x72, 0xB4, 0x72, 0x71, 0xD1, 0xC3, 0xB2, 0x05,
    0xC0, 0x63, 0x58, 0xD1, 0x97, 0xD4, 0x74, 0xAC, 0x19, 0x89, 0xCB, 0x3B, 0xEA, 0x57, 0x47, 0x4D,
    0x49, 0xD1, 0x1B, 0xA9, 0x29, 0x70, 0x62, 0x7C, 0x3E, 0x64, 0x81, 0xF0, 0x18, 0x14, 0xB2, 0x90,
    0x0F, 0xC6, 0x6B, 0x06, 0xD4, 0x84, 0x4D, 0x7B, 0xA7, 0x55, 0xB2, 0x61, 0x9B, 0x87, 0xF9, 0xB6,
    0x4F, 0x00, 0xEC, 0x44, 0x95, 0x44, 0xBB, 0xB9, 0xFE, 0xF7, 0x5E, 0x37, 0x5F, 0x2C, 0xBD, 0xE6,
    0xD6, 0xEC, 0xCA, 0xDD, 0x59, 0xFD, 0xAC, 0xE6, 0x7D, 0x2F, 0xB8, 0x89, 0x37, 0xA9, 0x5F, 0x39,
    0xC1, 0x78, 0x65, 0x29, 0x7E, 0x09, 0x1D, 0x59, 0xC4, 0x7A, 0xCA, 0x96, 0x6F, 0x20, 0x25, 0xAF,
    0x00, 0x2E, 0xF5, 0x4D, 0x1A, 0x5E, 0xE4, 0x0F, 0x1D, 0xB7, 0xC1, 0xA6, 0xDE, 0xEA, 0xD6, 0x49,
    0x84, 0x35, 0x74, 0x3A, 0xDE, 0x9C, 0x8C, 0x6F, 0xD2, 0xF0, 0xD9, 0xD4, 0x1E, 0xD4, 0xFA, 0x59,
    0xB2, 0x3F, 0xC5, 0xFC, 0x22, 0xEE, 0x5C, 0x4A, 0x2B, 0xA7, 0x56, 0xAE, 0x9F, 0xD8, 0x05, 0x2C,
    0x82, 0x1D, 0xD9, 0x25, 0xCF, 0x5C, 0x20, 0x5B, 0xEC, 0x22, 0x0B, 0x37, 0xEE, 0x41, 0x30, 0xC8,
    0xD2, 0x91, 0x63, 0xD7, 0x7B, 0xC7, 0xCE, 0xB5, 0x74, 0x07, 0xC7, 0x9A, 0xF3, 0xFF, 0xE9, 0x18,
    0xE0, 0xF6, 0xA5, 0x76, 0x7E, 0xD1, 0xAC, 0x58, 0x34, 0xAB, 0x9D, 0x5C, 0x3F, 0xD1, 0x6C, 0x1F,
    0xAF, 0xF3, 0xDB, 0x07, 0xD3, 0x46, 0x1E, 0x35, 0x9B, 0x4F, 0x27, 0x0F, 0x58, 0xFF, 0xE9, 0xAB,
    0x0F, 0x9B, 0xA6, 0x9A, 0xE9, 0xCA, 0xC7, 0xD3, 0xCC, 0xED, 0x78, 0x7E, 0xD9, 0x63, 0x05, 0x23,
    0xD9, 0x57, 0xD2, 0x24, 0x4D, 0x47, 0x82, 0xE2, 0xE4, 0xDD, 0x46, 0xAA, 0x3F, 0x64, 0x76, 0xEC,
    0xAD, 0xAC, 0xB2, 0xE1, 0x27, 0xE6, 0x8A, 0xFD, 0x7D, 0xF1, 0x63, 0x80, 0x2B, 0xE8, 0xA0, 0xBA,
    0xF0, 0x27, 0xA9, 0x3F, 0x99, 0xDA, 0xEA, 0xAD, 0xEF, 0x08, 0x57, 0xAC, 0x02, 0xA7, 0x7B, 0x74,
    0xDE, 0x11, 0x75, 0x5D, 0x77, 0x4F, 0xB9, 0x2A, 0xB3, 0xC1, 0x7D, 0x2B, 0xE6, 0xF7, 0x96, 0x1D,
    0xAC, 0x61, 0xC2, 0xFC, 0xDA, 0xBA, 0xCF, 0xE5, 0x39, 0xE1, 0x94, 0x55, 0x35, 0xF2, 0xF5, 0x65,
    0x8B, 0xF1, 0x64, 0x03, 0xCB, 0xAF, 0x84, 0x90, 0x0D, 0x2B, 0xAD, 0xF3, 0x65, 0xEF, 0x76, 0x44,
    0x38, 0xB0, 0x99, 0x3B, 0xBB, 0x33, 0x73, 0xC1, 0x63, 0xF6, 0x3E, 0xE0, 0x80, 0xF1, 0xB1, 0x68,
    0x63, 0x4D, 0x8C, 0xDC, 0x79, 0xD2, 0xC0, 0x36, 0x32, 0x7F, 0x16, 0x44, 0x2B, 0x31, 0x1F, 0xE2,
    0xF1, 0x13, 0x26, 0x3B, 0x72, 0x97, 0x7E, 0x48, 0x4C, 0x6E, 0xAC, 0xD8, 0x9A, 0x50, 0xB4, 0xA3,
    0xF1, 0x7A, 0xC4, 0x7F, 0x0E, 0x1F, 0xFC, 0xAF, 0x86, 0x77, 0xEC, 0x03, 0xE6, 0x5D, 0xE2, 0x1E,
    0x9D, 0x6B, 0x1A, 0xF7, 0x49, 0xE2, 0x44, 0xE4, 0x88, 0xF2, 0x2F, 0x36, 0x89, 0x91, 0x99, 0xD7,
    0x2D, 0x65, 0x84, 0x0D, 0x94, 0xAD, 0x6A, 0xEA, 0x5F, 0xB1, 0x19, 0x71, 0x14, 0x94, 0xA4, 0x6D,
    0x45, 0x79, 0xF4, 0x16, 0xDF, 0xE5, 0xDB, 0x7F, 0x00, 0xAD, 0xD6, 0x01, 0xA4, 0x1E, 0xD9, 0xD9,
    0x07, 0xF0, 0xFF, 0xCC, 0xC9, 0xDE, 0xD7, 0x7E, 0xC3, 0x77, 0x16, 0xAB, 0x5B, 0x96, 0x0E, 0x14,
    0x40, 0xA6, 0xA0, 0xE0, 0x26, 0xE7, 0xE8, 0xA2, 0x28, 0xF6, 0x22, 0xEF, 0x46, 0xBB, 0xB8, 0x0B,
    0xC0, 0xE2, 0x16, 0x05, 0x24, 0x77, 0xA6, 0x59, 0x2C, 0xA0, 0x41, 0x1B, 0x65, 0x21, 0x00, 0xEE,
    0xAA, 0x40, 0xD0, 0xAD, 0xBC, 0x77, 0x4E, 0x12, 0x5A, 0x2C, 0x3A, 0xA4, 0x01, 0xD0, 0xA9, 0x26,
    0x5D, 0x54, 0xDD, 0xB3, 0x76, 0xDE, 0x66, 0xDE, 0xCD, 0x99, 0x79, 0xFA, 0x3C, 0x67, 0x26, 0xB9,
    0x6F, 0x72, 0xD9, 0x54, 0xED, 0xC8, 0xFC, 0x1E, 0x73, 0x9E, 0x67, 0xCE, 0xCC, 0x3D, 0x73, 0xCE,
    0xC9, 0x8B, 0xBA, 0x07, 0x16, 0x44, 0x40, 0xBE, 0xF9, 0x1D, 0x60, 0x2A, 0x00, 0x25, 0x00, 0xAC,
    0x84, 0x30, 0xB1, 0x5C, 0x32, 0x44, 0xD5, 0x84, 0xB4, 0x1E, 0x0B, 0xA5, 0x60, 0x1A, 0x46, 0x13,
    0x11, 0x52, 0x01, 0xAF, 0x0D, 0xCB, 0x78, 0xCF, 0x59, 0x24, 0x21, 0x1D, 0xCC, 0xDC, 0xBE, 0x00,
    0xC0, 0xEF, 0x32, 0xEB, 0x3B, 0x40, 0x46, 0xA3, 0x45, 0xCD, 0x09, 0x45, 0x0D, 0x41, 0x3F, 0x71,
    0x1E, 0xC5, 0xFD, 0xBB, 0x1E, 0xE6, 0xC7, 0xD7, 0x5A, 0x94, 0xD9, 0xB5, 0x06, 0x2B, 0xFD, 0x8E,
    0x43, 0xD0, 0x4A, 0x58, 0x30, 0xDF, 0xCB, 0x2A, 0x84, 0xF3, 0xDA, 0x22, 0x5C, 0xD0, 0xC0, 0x6A,
    0x97, 0x29, 0x77, 0x73, 0xC0, 0xF4, 0xE7, 0x81, 0xA2, 0xE3, 0xDE, 0x75, 0xBF, 0x9B, 0x40, 0xD1,
    0x70, 0x0B, 0x09, 0x11, 0x21, 0xF9, 0x82, 0x7A, 0xA4, 0x4D, 0x07, 0xA8, 0xC6, 0x33, 0x8E, 0x41,
    0x46, 0x8F, 0x50, 0xD3, 0x98, 0xD2, 0x8D, 0x21, 0xEB, 0x70, 0x2E, 0x6F, 0xA6, 0x31, 0x30, 0x00,
    0x0E, 0xE7, 0x51, 0x08, 0xEA, 0x6F, 0x63, 0x50, 0x4F, 0x87, 0xA0, 0xE8, 0xB7, 0x41, 0x05, 0xBE,
    0xEE, 0xF8, 0xF4, 0x58, 0xF1, 0x79, 0xCC, 0x67, 0xC9, 0xA7, 0x79, 0xC7, 0x23, 0xBF, 0xEF, 0xF9,
    0xC5, 0x3D, 0x14, 0x7D, 0x7D, 0x07, 0x35, 0x05, 0xBC, 0x4D, 0xAD, 0x22, 0x1A, 0xE3, 0xB9, 0x5E,
    0x5E, 0xE2, 0x32, 0x7C, 0xE3, 0x29, 0x35, 0x44, 0x41, 0xCE, 0xED, 0xF6, 0xCB, 0xEB, 0x4B, 0xE0,
    0x26, 0x39, 0xCF, 0xDC, 0x83, 0x1D, 0x7E, 0x7F, 0x18, 0x22, 0xA0, 0xBE, 0x71, 0x8C, 0x24, 0xE0,
    0x1C, 0xD2, 0x0E, 0x92, 0x3C, 0x03, 0x77, 0xB4, 0xB4, 0x20, 0x22, 0x17, 0x39, 0x4D, 0x6C, 0xB5,
    0x49, 0xC9, 0x56, 0x22, 0x6B, 0x19, 0xED, 0x98, 0xF2, 0x37, 0xCB, 0xA5, 0x25, 0xA9, 0x89, 0x00,
    0x80, 0x17, 0x90, 0xB6, 0x22, 0x94, 0x13, 0xB1, 0xE0, 0xD0, 0xE7, 0xBD, 0xAE, 0x1F, 0xA1, 0x27,
    0xDA, 0xA7, 0x11, 0xB4, 0xAE, 0xE9, 0x1F, 0x04, 0xAA, 0xF4, 0x00, 0x53, 0x11, 0x16, 0x3D, 0x72,
    0x37, 0x40, 0x75, 0xD0, 0x4E, 0xFE, 0x9E, 0xED, 0x90, 0x4D, 0x41, 0x4F, 0x21, 0x9F, 0x82, 0x99,
    0x42, 0x39, 0x85, 0x27, 0x31, 0x24, 0x5F, 0xC5, 0x90, 0x3E, 0x88, 0x41, 0xDD, 0x8F, 0x21, 0xFB,
    0x48, 0x02, 0x34, 0xE2, 0x71, 0x7E, 0x0A, 0xBB, 0x53, 0xF8, 0xBE, 0x20, 0x1D, 0x1B, 0xE8, 0x4E,
    0x08, 0xCF, 0x19, 0x84, 0x13, 0xE1, 0xAF, 0xC2, 0x9F, 0x2B, 0xC1, 0x19, 0x10, 0x1F, 0x3E, 0xA2,
    0xEF, 0x79, 0x6E, 0x73, 0xFD, 0x76, 0xDB, 0xFE, 0xC3, 0xB2, 0xDC, 0xD3, 0xAE, 0x90, 0x44, 0x5E,
    0x32, 0xBA, 0x66, 0x32, 0x62, 0xD4, 0x73, 0x12, 0x01, 0x04, 0x1A, 0x2B, 0x00, 0x44, 0x3D, 0x3B,
    0xBC, 0x3F, 0xB2, 0x01, 0xB5, 0x15, 0x8B, 0x4A, 0xD4, 0x6E, 0xF2, 0x83, 0xA8, 0x17, 0xEF, 0x8A,
    0xF9, 0x35, 0xD1, 0xEC, 0x93, 0x0F, 0x3B, 0xA3, 0x91, 0x27, 0xF7, 0x6F, 0xAD, 0xF7, 0x88, 0xAE,
    0x2B, 0x8F, 0x61, 0x0F, 0x6C, 0xC0, 0xAB, 0xEC, 0xC4, 0x74, 0xF8, 0x80, 0x05, 0x79, 0xB1, 0xF4,
    0xB2, 0xD6, 0x00, 0x22, 0x1F, 0xDF, 0x27, 0xB0, 0x01, 0x43, 0xB4, 0x8C, 0x9A, 0xD9, 0xB2, 0x63,
    0x15, 0x11, 0x9B, 0x6D, 0x56, 0x01, 0x87, 0xBA, 0x41, 0x40, 0xD0, 0x8E, 0xEF, 0xEA, 0x59, 0xA2,
    0x36, 0xF3, 0x6C, 0xA5, 0xC6, 0xD8, 0x4A, 0x4D, 0x58, 0x34, 0x28, 0x7A, 0x99, 0xBE, 0xE9, 0x10,
    0x64, 0x22, 0xD6, 0x21, 0x09, 0x80, 0x91, 0xFE, 0xC5, 0xF2, 0x1C, 0xCA, 0x00, 0xF3, 0xEE, 0x8D,
    0x21, 0xA0, 0xF8, 0x15, 0xF5, 0x01, 0xFA, 0x8F, 0x74, 0xFD, 0x0E, 0x8A, 0x4A, 0xB5, 0x57, 0x60,
    0x9C, 0x6A, 0xAE, 0xB2, 0x8B, 0xE6, 0xA2, 0xE8, 0x2E, 0xA2, 0x6C, 0x32, 0x67, 0xF0, 0x87, 0x96,
    0x47, 0x1A, 0x9F, 0x79, 0x5D, 0xE5, 0x58, 0x8B, 0xB6, 0xF3, 0xDA, 0x6A, 0xEB, 0xBB, 0x1C, 0xFA,
    0x97, 0xBE, 0x2F, 0x40, 0x72, 0xF8, 0xC9, 0xC5, 0xFD, 0xE6, 0xCA, 0x45, 0xA8, 0x07, 0xCD, 0xEE,
    0x05, 0xD6, 0x5D, 0xD8, 0x85, 0xFA, 0xC2, 0x9D, 0xBF, 0x82, 0xF4, 0x9F, 0x95, 0xF8, 0xB4, 0xCA,
    0x7F, 0x8F, 0x84, 0xAC, 0xBE, 0x0D, 0x10, 0x74, 0x17, 0xF5, 0x62, 0xC6, 0x1E, 0x63, 0xE1, 0xE3,
    0x97, 0xD2, 0x32, 0xD1, 0x2B, 0xED, 0x86, 0x65, 0xCD, 0x4F, 0x0F, 0xDC, 0x2C, 0xA6, 0xBD, 0x98,
    0x04, 0xF6, 0xDB, 0xFB, 0x87, 0x3C, 0x5A, 0x54, 0x62, 0x89, 0xA0, 0x1F, 0xBE, 0x37, 0xB2, 0xF2,
    0x16, 0x62, 0x05, 0x00, 0x66, 0xE6, 0xB5, 0x65, 0x79, 0x09, 0xDC, 0x18, 0x22, 0x5B, 0x89, 0xF2,
    0x91, 0x81, 0x22, 0x32, 0xD0, 0x9B, 0x03, 0x82, 0x71, 0x29, 0xA1, 0x04, 0x08, 0xC7, 0x40, 0x8D,
    0xE1, 0xD9, 0x66, 0xFD, 0x32, 0x83, 0xC0, 0x25, 0xE5, 0x54, 0x6C, 0xAA, 0x94, 0xA6, 0x0E, 0x14,
    0x8D, 0x85, 0x74, 0xCA, 0xCC, 0x87, 0x3C, 0x9B, 0xF7, 0x00, 0x2D, 0xCB, 0x3F, 0x02, 0xD4, 0x1B,
    0x20, 0x23, 0x6A, 0x60, 0x36, 0x07, 0x0E, 0x35, 0x12, 0x9B, 0x04, 0xC4, 0x39, 0xB7, 0xBD, 0x7F,
    0xEC, 0x3F, 0x5E, 0xEE, 0x41, 0x3E, 0xCC, 0x84, 0x4C, 0x76, 0x61, 0x7B, 0xDB, 0x89, 0x75, 0x0B,
    0x21, 0xDE, 0x96, 0xF6, 0x0C, 0x06, 0xA1, 0xB6, 0xB0, 0x28, 0x36, 0x1F, 0x72, 0xCD, 0xFC, 0x48,
    0x29, 0x51, 0x9E, 0xD1, 0x0D, 0x53, 0x54, 0x4C, 0x09, 0x26, 0x48, 0x6B, 0xC7, 0x64, 0x0D, 0x53,
    0x54, 0x4C, 0x09, 0x26, 0x30, 0x5F, 0x75, 0xC0, 0xE9, 0xE6, 0xA5, 0x86, 0x01, 0x50, 0xBD, 0x91,
    0x6C, 0xEE, 0x18, 0x7E, 0xFC, 0x7C, 0x6F, 0x12, 0x18, 0x1C, 0x0B, 0xC6, 0x32, 0xDA, 0x31, 0x0B,
    0xCF, 0xA8, 0xFE, 0x74, 0xF1, 0x2F, 0x79, 0x9B, 0xDC, 0x7B, 0x61, 0x77, 0x7D, 0x53, 0xB8, 0xC3,
    0x3C, 0xE9, 0x19, 0x6A, 0x98, 0x11, 0x80, 0xEE, 0x98, 0xD2, 0x9F, 0xE3, 0x59, 0xC7, 0xD9, 0xEC,
    0x01, 0x67, 0xD5, 0x99, 0x2C, 0x90, 0x12, 0x93, 0xFD, 0x9D, 0x51, 0xEF, 0x9C, 0xDD, 0xB7, 0x77,
    0x68, 0x03, 0x39, 0x6A, 0x19, 0xE9, 0xB8, 0x15, 0xDF, 0xEA, 0x25, 0xBE, 0x81, 0x64, 0x94, 0x88,
    0x73, 0x30, 0x56, 0xA2, 0x41, 0xEE, 0x24, 0x1E, 0x22, 0x8B, 0x85, 0xAB, 0x69, 0x48, 0xE3, 0xC8,
    0x6C, 0xC7, 0x7E, 0x8A, 0x49, 0x37, 0xC5, 0x74, 0x8A, 0x0C, 0xD7, 0xEF, 0x90, 0xE5, 0x98, 0x35,
    0x05, 0x79, 0xBE, 0x59, 0xBB, 0xF2, 0x93, 0x7E, 0xD1, 0xC8, 0x04, 0x4D, 0x42, 0xE6, 0x60, 0x7E,
    0xD4, 0xC5, 0x85, 0x3E, 0x2A, 0x2F, 0x51, 0x05, 0x1E, 0xB1, 0x3E, 0xAF, 0x0A, 0xAE, 0x55, 0x5D,
    0xF1, 0x29, 0xB9, 0xC5, 0xE6, 0xA0, 0x2D, 0x68, 0x90, 0x8F, 0x55, 0x19, 0xAA, 0x78, 0x4F, 0x9D,
    0xDE, 0x5D, 0x57, 0x22, 0x90, 0xDB, 0x29, 0x16, 0x73, 0x34, 0x78, 0x31, 0x5E, 0x9C, 0xE3, 0xD5,
    0x39, 0xDE, 0x89, 0x66, 0x3D, 0x63, 0x88, 0x29, 0xCB, 0x0A, 0x18, 0xE4, 0xCF, 0x0C, 0xFA, 0x25,
    0x38, 0xB1, 0x92, 0xEE, 0x0F, 0x0B, 0x29, 0x96, 0x8E, 0x8A, 0x2B, 0x4C, 0xDE, 0x33, 0xDA, 0xCF,
    0xF3, 0xEB, 0x0D, 0xD5, 0x00, 0x3F, 0x97, 0xCB, 0x2E, 0xF7, 0x48, 0xC3, 0x85, 0x1E, 0x6A, 0x0C,
    0xFC, 0x69, 0x4E, 0xBA, 0xAB, 0xD0, 0xEF, 0xB6, 0x06, 0x46, 0x39, 0x83, 0xAB, 0xA9, 0x8D, 0x6F,
    0x98, 0x57, 0xD3, 0x5C, 0xDD, 0x26, 0x67, 0x5E, 0xAF, 0x39, 0xAB, 0x09, 0x0C, 0x77, 0x40, 0x03,
    0x18, 0x6A, 0xA0, 0xD6, 0x07, 0x32, 0x96, 0x69, 0x60, 0x30, 0xE0, 0x74, 0xC2, 0xC8, 0x74, 0xC2,
    0x29, 0x2F, 0x24, 0xA4, 0x38, 0x93, 0x5E, 0xA8, 0x15, 0x2C, 0xF7, 0xB2, 0x07, 0xA9, 0x7B, 0x15,
    0x80, 0x06, 0x90, 0xD4, 0x74, 0x1D, 0x39, 0xD1, 0x80, 0xFA, 0xE4, 0x93, 0xA0, 0x06, 0x8D, 0xEF,
    0x66, 0x5E, 0xCB, 0x6B, 0x32, 0xC6, 0x32, 0x25, 0x98, 0x95, 0x30, 0x08, 0x61, 0x66, 0xB9, 0x64,
    0x88, 0x22, 0x92, 0x30, 0x2B, 0xA1, 0x14, 0x8C, 0x50, 0x38, 0x46, 0xB7, 0xCC, 0x62, 0x60, 0x12,
    0x3A, 0xF9, 0x19, 0xA1, 0x20, 0x22, 0x79, 0xE4, 0xAF, 0xA7, 0x87, 0x4F, 0xFC, 0x9F, 0x60, 0xAA,
    0xA8, 0x13, 0xEB, 0x46, 0xA4, 0x38, 0xC9, 0x9E, 0x8A, 0xE9, 0xBA, 0xC7, 0xB4, 0x16, 0xE5, 0x33,
    0x0C, 0x6C, 0xD6, 0x1C, 0x02, 0x26, 0x2E, 0xC7, 0x49, 0x18, 0x2B, 0x23, 0x6B, 0xA0, 0xD9, 0x63,
    0xCE, 0xBF, 0x90, 0xFD, 0xCE, 0xB0, 0xBC, 0xBC, 0xB1, 0xAA, 0x43, 0x22, 0x3B, 0x31, 0x10, 0x90,
    0xB5, 0x52, 0xA6, 0xE3, 0x2D, 0xB9, 0x68, 0x8D, 0x95, 0x0F, 0x66, 0x00, 0x69, 0x3D, 0x18, 0xAD,
    0x4C, 0xC2, 0x0E, 0x8B, 0xCD, 0xFB, 0x03, 0x12, 0xA0, 0x8E, 0xAF, 0xB7, 0x05, 0x6F, 0x66, 0xF5,
    0xDE, 0xE9, 0x97, 0x00, 0xEA, 0x16, 0x28, 0x06, 0x20, 0x25, 0x0B, 0x9C, 0x26, 0xE4, 0x97, 0xCF,
    0xDE, 0xF6, 0x8D, 0x42, 0x9C, 0x1C, 0x0D, 0x76, 0xA0, 0xC7, 0xF7, 0x9E, 0xFD, 0xF2, 0x2D, 0xE8,
    0xFA, 0xF3, 0x6F, 0x32, 0x5A, 0x19, 0xAA, 0x16, 0x74, 0x72, 0xD0, 0xA8, 0xA0, 0x61, 0x65, 0x20,
    0x51, 0x38, 0xC6, 0xE0, 0x85, 0x6F, 0x12, 0xBE, 0x91, 0x95, 0x70, 0x28, 0x98, 0x48, 0xC5, 0xE4,
    0x2D, 0x93, 0xF5, 0x4C, 0x4A, 0x27, 0xBC, 0x31, 0xD6, 0x71, 0x07, 0xA5, 0xD1, 0xBE, 0xFC, 0x4D,
    0x3C, 0xFC, 0x44, 0xE2, 0x13, 0x8F, 0x54, 0x26, 0xDB, 0xDB, 0x44, 0x14, 0x6A, 0xE1, 0xAD, 0xF5,
    0xA7, 0xEB, 0x4B, 0x4A, 0xDA, 0xFE, 0x27, 0xE2, 0x3C, 0x1F, 0x7F, 0xCA, 0x17, 0x34, 0x32, 0x32,
    0x6E, 0x90, 0xBF, 0x7A, 0x1A, 0x74, 0xD9, 0xB1, 0x3D, 0x50, 0x5A, 0xEC, 0x01, 0x92, 0x02, 0xC2,
    0x96, 0x43, 0xB4, 0x8E, 0x9A, 0x56, 0xD4, 0x72, 0x2B, 0x12, 0xEA, 0x58, 0x7E, 0x49, 0x2B, 0xA1,
    0x6C, 0xC4, 0xAC, 0x13, 0xD3, 0x3E, 0xFF, 0xB8, 0x3B, 0x44, 0xF8, 0xE1, 0xBF, 0xCE, 0xFF, 0xA9,
    0x0A, 0x3F, 0xE8, 0xB4, 0x72, 0x61, 0xD7, 0x6B, 0x75, 0xAF, 0xCF, 0xD9, 0xCF, 0xFD, 0x82, 0x6E,
    0x5D, 0xA6, 0x06, 0xC4, 0x87, 0xC5, 0x97, 0x35, 0x3D, 0x02, 0xB8, 0xDD, 0x3D, 0xF3, 0xFA, 0xEB,
    0x49, 0xB5, 0xF5, 0x1F, 0xC0, 0x92, 0x0F, 0x8B, 0xE7, 0x47, 0xBC, 0x3C, 0xCD, 0xC6, 0xD5, 0xF5,
    0x2D, 0x72, 0x74, 0x74, 0x74, 0x53, 0x26, 0xD2, 0x2D, 0x3A, 0xBA, 0x29, 0x43, 0x22, 0xD3, 0x55,
    0xE6, 0xF7, 0xD1, 0xAD, 0xAF, 0x63, 0xBB, 0x44, 0xB9, 0x96, 0x69, 0x2B, 0x79, 0x1A, 0x00, 0x99,
    0x4A, 0xE5, 0x3C, 0xD1, 0xB4, 0x94, 0xB7, 0x53, 0x5F, 0x69, 0x3F, 0x0F, 0x5F, 0x2D, 0xC9, 0xB9,
    0x2F, 0xDD, 0x4E, 0x03, 0xBB, 0x4D, 0xEA, 0x19, 0x99, 0xD1, 0x32, 0x2F, 0x16, 0xB1, 0xBB, 0x80,
    0x37, 0xF0, 0x59, 0xD8, 0xE1, 0xC4, 0x10, 0x13, 0xC3, 0x3C, 0xD2, 0xB5, 0xEC, 0x40, 0xB7, 0x05,
    0xCC, 0x2C, 0x5A, 0x26, 0x6B, 0x18, 0xED, 0x98, 0xA2, 0x62, 0x4A, 0xE9, 0x74, 0x00, 0xC6, 0xBA,
    0x03, 0x88, 0x1C, 0xD3, 0xCF, 0x3B, 0x33, 0x60, 0x48, 0xC4, 0xAA, 0xB6, 0x12, 0x3A, 0x79, 0x29,
    0x19, 0xFA, 0x18, 0xC2, 0x14, 0x4A, 0x22, 0x92, 0x9D, 0x4A, 0x42, 0x00, 0xF6, 0x1F, 0xF2, 0xF2,
    0x03, 0x24, 0xA7, 0x6D, 0x0C, 0x8B, 0x8A, 0x83, 0x85, 0x72, 0xD0, 0xF7, 0xDA, 0x5F, 0x48, 0xF8,
    0x7C, 0x3D, 0x48, 0xA0, 0xFA, 0xE4, 0x27, 0x1C, 0x42, 0xF1, 0x31, 0x59, 0x64, 0xFE, 0xFF, 0x13,
    0x92, 0x35, 0x00, 0xBC, 0x09, 0x94, 0x1E, 0x72, 0xFC, 0xBB, 0x17, 0xB1, 0x37, 0x8A, 0xDC, 0xFA,
    0xF8, 0x43, 0x09, 0x9A, 0x08, 0xD3, 0x62, 0x94, 0xA0, 0xDD, 0x7F, 0xEB, 0xFE, 0x5F, 0x98, 0x03,
    0xA2, 0x36, 0xAE, 0xEB, 0x11, 0xD9, 0x46, 0xDF, 0xA5, 0x2A, 0x6F, 0xB4, 0x2B, 0x1A, 0x63, 0xB5,
    0xCB, 0x7C, 0x19, 0x7F, 0x17, 0x1C, 0xB3, 0x69, 0xBF, 0x62, 0x93, 0x7E, 0x1A, 0xA9, 0x67, 0x02,
    0xAF, 0x52, 0xC9, 0x58, 0x30, 0x03, 0xD4, 0xFA, 0x3D, 0xAA, 0x64, 0x05, 0x39, 0x26, 0x6B, 0x99,
    0xC5, 0xD9, 0x15, 0x37, 0x25, 0x72, 0x2E, 0x49, 0xEA, 0x2A, 0xBE, 0x14, 0xD3, 0xE2, 0xF2, 0xE6,
    0xD2, 0xF6, 0x64, 0x93, 0xF6, 0x09, 0xFE, 0x7D, 0x12, 0xDB, 0xCE, 0x80, 0xB4, 0xBA, 0xC9, 0x2A,
    0xE7, 0xD9, 0x05, 0x75, 0xD3, 0x87, 0xB1, 0x48, 0xE9, 0x31, 0x35, 0xC8, 0x9E, 0xB8, 0xA7, 0x1D,
    0xF4, 0x03, 0xF7, 0x65, 0x80, 0xF9, 0xC8, 0xF9, 0x63, 0x18, 0xAE, 0x34, 0x38, 0x64, 0x0B, 0xBB,
    0x62, 0xF3, 0x2A, 0xB0, 0xDA, 0x6D, 0xBB, 0xBD, 0xB2, 0x57, 0xD1, 0xC3, 0xA8, 0x89, 0x16, 0xF6,
    0x74, 0x64, 0x17, 0xD3, 0x2B, 0xCC, 0xCB, 0xFF, 0xF1, 0x72, 0x09, 0x4D, 0x7C, 0xCC, 0x72, 0x67,
    0xCF, 0x4F, 0xA2, 0x0E, 0xD2, 0x36, 0x1E, 0x91, 0x0B, 0xC8, 0x5B, 0xD9, 0xF5, 0x03, 0xD4, 0xD6,
    0xB9, 0xE0, 0xB6, 0xF8, 0xEB, 0xDC, 0x12, 0xF5, 0x52, 0x6B, 0xA7, 0x3A, 0xD5, 0x05, 0x24, 0x32,
    0xCA, 0x5B, 0x67, 0xDA, 0x73, 0x7D, 0xC7, 0xB5, 0x2D, 0x11, 0x55, 0x52, 0xBF, 0xFD, 0x2C, 0x14,
    0xA3, 0x4D, 0x89, 0x9C, 0xDE, 0xBC, 0x5F, 0x15, 0x6E, 0x7A, 0xEF, 0xE3, 0x79, 0x99, 0x85, 0x97,
    0xCE, 0x61, 0xCE, 0x49, 0x8D, 0xD4, 0xF2, 0x3D, 0x4E, 0x11, 0x4D, 0xFF, 0xDF, 0xCC, 0x07, 0xF1,
    0xF5, 0xBC, 0xCB, 0xD8, 0xFF, 0x00, 0xFB, 0xFF, 0xFF, 0xFF, 0x3F, 0x10, 0x0E, 0x0D, 0x0D, 0x0D,
    0x01, 0x00, 0xCD, 0x92, 0xC5, 0x79, 0xE4, 0x40, 0x14, 0x84, 0x4B, 0xB0, 0x0C, 0x3A, 0xED, 0x65,
    0x31, 0x83, 0xED, 0x10, 0x5A, 0x4E, 0xC0, 0xCC, 0x49, 0x4C, 0x08, 0xA3, 0xB3, 0x19, 0xEF, 0x4E,
    0xC4, 0x23, 0x85, 0xE0, 0x10, 0x26, 0x04, 0x33, 0x76, 0xAB, 0xFC, 0x9E, 0x64, 0x66, 0xB6, 0xDF,
    0x57, 0x5D, 0x7F, 0x33, 0x23, 0xE8, 0x56, 0x19, 0xC2, 0x94, 0xA0, 0xC8, 0x07, 0x3E, 0x16, 0x85,
    0x9B, 0x88, 0x44, 0xAB, 0x17, 0x65, 0xE8, 0x1A, 0x5C, 0xA5, 0xC6, 0xEA, 0xD0, 0xD6, 0xC0, 0xD0,
    0x56, 0xB7, 0x54, 0x3E, 0x93, 0x10, 0x0C, 0x00, 0x30, 0x1C, 0x4F, 0x91, 0x33, 0x29, 0x02, 0x1F,
    0x24, 0x85, 0xEC, 0xEB, 0x4B, 0xAA, 0x6D, 0x38, 0x35, 0x43, 0x97, 0x14, 0x54, 0x1B, 0xDA, 0xEA,
    0x4F, 0x0A, 0xA9, 0x7B, 0x2A, 0xC3, 0x97, 0xB2, 0xAB, 0x40, 0x93, 0x62, 0x1C, 0x95, 0xC5, 0x77,
    0x2F, 0x77, 0x79, 0xC6, 0xC5, 0x83, 0x7E, 0x15, 0xEA, 0xC7, 0xF9, 0x8F, 0xEA, 0x79, 0x9C, 0x45,
    0xE0, 0x45, 0xB1, 0x45, 0xFD, 0x44, 0x7F, 0x8F, 0x2F, 0xEB, 0x12, 0xEB, 0xA7, 0xB2, 0xA0, 0x86,
    0xB0, 0x7E, 0x2E, 0x7B, 0xD4, 0xFE, 0xF2, 0xC4, 0xAF, 0x12, 0xBF, 0xF6, 0x84, 0x39, 0x91, 0x7B,
    0x8B, 0xA0, 0x1C, 0x09, 0xCA, 0x61, 0x39, 0xC7, 0xAE, 0xE8, 0xFA, 0x71, 0x6F, 0xEF, 0x1C, 0x3F,
    0x52, 0xE0, 0x03, 0x3D, 0xF0, 0x8F, 0x2C, 0x60, 0x33, 0xD3, 0x46, 0x4B, 0x9B, 0xDC, 0x45, 0x6B,
    0xD0, 0x39, 0x50, 0x4D, 0xFE, 0x46, 0x5D, 0xF7, 0x10, 0xDB, 0x15, 0x93, 0x9B, 0x72, 0x00, 0x9D,
    0xD8, 0x3F, 0x49, 0x18, 0x80, 0xC6, 0x17, 0xB6, 0x15, 0x96, 0x4E, 0x91, 0x77, 0x94, 0x0A, 0x0F,
    0xAB, 0x70, 0xE7, 0xB0, 0xAC, 0x08, 0xC9, 0x80, 0x5C, 0x35, 0x64, 0x24, 0x68, 0x2E, 0xB6, 0x82,
    0xE6, 0x40, 0xB7, 0x07, 0xB4, 0xCD, 0xD5, 0xF0, 0x35, 0xF2, 0xAC, 0x82, 0xD9, 0xAB, 0xF0, 0x81,
    0x2B, 0x0A, 0x34, 0x7C, 0x85, 0x80, 0xA9, 0x02, 0xB6, 0xA8, 0x90, 0x9C, 0x41, 0x06, 0x93, 0xD9,
    0x0C, 0xE5, 0x20, 0xD3, 0x7F, 0x5B, 0x4B, 0xA4, 0xC7, 0x17, 0xAE, 0xFE, 0xE2, 0x0C, 0x82, 0xBC,
    0x7D, 0x08, 0x45, 0xCD, 0x81, 0xA9, 0x83, 0x30, 0x18, 0x45, 0xE1, 0xFB, 0x10, 0x10, 0x78, 0x40,
    0x07, 0x28, 0xE0, 0x08, 0x8E, 0xF0, 0xBB, 0x59, 0x32, 0x42, 0x37, 0x6A, 0x46, 0x70, 0x84, 0x8C,
    0x50, 0xC0, 0x82, 0x80, 0xCD, 0xED, 0x21, 0x01, 0x1A, 0xD0, 0x03, 0xF9, 0xAE, 0xA8, 0xDF, 0x99,
    0xB7, 0xD1, 0x65, 0x1F, 0x4D, 0x47, 0xCF, 0x9F, 0x3F, 0x83, 0xED, 0xDC, 0xD9, 0xAE, 0x9D, 0x1F,
    0xFF, 0xA7, 0x60, 0x5E, 0x4D, 0x30, 0x8D, 0x0C, 0x5F, 0xF7, 0x1C, 0x15, 0x6E, 0xDE, 0xD7, 0x93,
    0xAF, 0x4D, 0x9B, 0x66, 0x5A, 0xC2, 0x79, 0xA1, 0x4A, 0xAE, 0xC9, 0xBE, 0xB0, 0x33, 0xEC, 0x17,
    0x76, 0xDC, 0xEC, 0xBA, 0x32, 0x9D, 0x78, 0xB8, 0xDB, 0x44, 0x93, 0xF9, 0x73, 0xD8, 0xB0, 0xC4,
    0x80, 0x2B, 0x69, 0x72, 0x7D, 0xC2, 0x92, 0x4B, 0xC0, 0x0C, 0xCA, 0x0A, 0x33, 0x28, 0x01, 0x33,
    0x78, 0x1B, 0xE6, 0x18, 0xEE, 0x03, 0xB8, 0x0F, 0xF6, 0xD1, 0x69, 0xF0, 0x38, 0x5F,
};

static const EpdGlyph notosans_16_regularGlyphs[] = {
    { 0, 0, 0, 0, 0, 0, 0 }, // U+0000
    { 0, 0, 139, 0, 0, 0, 0 }, // U+000D
    { 0, 0, 139, 0, 0, 0, 0 }, // U+0020
    { 5, 24, 143, 2, 24, 30, 0 }, // !
    { 10, 9, 218, 2, 24, 23, 30 }, // "
    { 20, 24, 344, 1, 24, 120, 53 }, // #
    { 16, 27, 305, 2, 25, 108, 173 }, // $
    { 26, 24, 443, 2, 24, 156, 281 }, // %
    { 23, 24, 390, 2, 24, 138, 437 }, // &
    { 4, 9, 120, 2, 24, 9, 575 }, // '
    { 8, 29, 160, 1, 24, 58, 584 }, // (
    { 9, 29, 160, 1, 24, 66, 642 }, // )
    { 16, 15, 294, 1, 25, 60, 708 }, // *
    { 16, 16, 305, 2, 20, 64, 768 }, // +
    { 6, 8, 143, 1, 4, 12, 832 }, // ,
    { 8, 3, 172, 1, 11, 6, 844 }, // -
    { 4, 4, 143, 2, 4, 4, 850 }, // .
    { 13, 24, 198, 0, 24, 78, 854 }, // /
    { 16, 24, 305, 2, 24, 96, 932 }, // 0
    { 11, 24, 305, 2, 24, 66, 1028 }, // 1
    { 16, 24, 305, 2, 24, 96, 1094 }, // 2
    { 16, 24, 305, 1, 24, 96, 1190 }, // 3
    { 18, 24, 305, 1, 24, 108, 1286 }, // 4
    { 16, 24, 305, 2, 24, 96, 1394 }, // 5
    { 16, 24, 305, 2, 24, 96, 1490 }, // 6
    { 16, 24, 305, 1, 24, 96, 1586 }, // 7
    { 16, 24, 305, 2, 24, 96, 1682 }, // 8
    { 16, 24, 305, 2, 24, 96, 1778 }, // 9
    { 4, 18, 143, 2, 18, 18, 1874 }, // :
    { 6, 22, 143, 0, 18, 33, 1892 }, // ;
    { 16, 18, 305, 2, 21, 72, 1925 }, // <
    { 15, 9, 305, 2, 16, 34, 1997 }, // =
    { 16, 18, 305, 2, 21, 72, 2031 }, // >
    { 14, 24, 231, 0, 24, 84, 2103 }, // ?
    { 26, 27, 479, 2, 24, 176, 2187 }, // @
    { 22, 24, 341, 0, 24, 132, 2363 }, // A
    { 17, 24, 347, 3, 24, 102, 2495 }, // B
    { 18, 24, 337, 2, 24, 108, 2597 }, // C
    { 19, 24, 389, 3, 24, 114, 2705 }, // D
    { 14, 24, 296, 3, 24, 84, 2819 }, // E
    { 14, 24, 277, 3, 24, 84, 2903 }, // F
    { 20, 24, 388, 2, 24, 120, 2987 }, // G
    { 19, 24, 395, 3, 24, 114, 3107 }, // H
    { 9, 24, 181, 1, 24, 54, 3221 }, // I
    { 10, 30, 146, -3, 24, 75, 3275 }, // J
    { 18, 24, 330, 3, 24, 108, 3350 }, // K
    { 14, 24, 279, 3, 24, 84, 3458 }, // L
    { 24, 24, 484, 3, 24, 144, 3542 }, // M
    { 19, 24, 405, 3, 24, 114, 3686 }, // N
    { 22, 24, 416, 2, 24, 132, 3800 }, // O
    { 16, 24, 323, 3, 24, 96, 3932 }, // P
    { 22, 30, 416, 2, 24, 165, 4028 }, // Q
    { 17, 24, 332, 3, 24, 102, 4193 }, // R
    { 16, 24, 293, 1, 24, 96, 4295 }, // S
    { 18, 24, 296, 1, 24, 108, 4391 }, // T
    { 19, 24, 390, 3, 24, 114, 4499 }, // U
    { 20, 24, 320, 0, 24, 120, 4613 }, // V
    { 31, 24, 496, 0, 24, 186, 4733 }, // W
    { 20, 24, 312, 0, 24, 120, 4919 }, // X
    { 19, 24, 302, 0, 24, 114, 5039 }, // Y
    { 17, 24, 305, 1, 24, 102, 5153 }, // Z
    { 8, 29, 175, 3, 24, 58, 5255 }, // [
    { 13, 24, 198, 0, 24, 78, 5313 }, // <backslash>
    { 9, 29, 175, 0, 24, 66, 5391 }, // ]
    { 17, 15, 305, 1, 24, 64, 5457 }, // ^
    { 15, 3, 237, 0, -2, 12, 5521 }, // _
    { 8, 6, 150, 1, 26, 12, 5533 }, // `
    { 16, 18, 299, 2, 18, 72, 5545 }, // a
    { 16, 25, 328, 3, 25, 100, 5617 }, // b
    { 14, 18, 256, 2, 18, 63, 5717 }, // c
    { 16, 25, 328, 2, 25, 100, 5780 }, // d
    { 16, 18, 301, 2, 18, 72, 5880 }, // e
    { 13, 26, 183, 1, 26, 85, 5952 }, // f
    { 16, 26, 328, 2, 18, 104, 6037 }, // g
    { 16, 25, 330, 3, 25, 100, 6141 }, // h
    { 4, 25, 138, 3, 25, 25, 6241 }, // i
    { 9, 33, 138, -2, 25, 75, 6266 }, // j
    { 15, 25, 285, 3, 25, 94, 6341 }, // k
    { 4, 25, 138, 3, 25, 25, 6435 }, // l
    { 26, 18, 499, 3, 18, 117, 6460 }, // m
    { 16, 18, 330, 3, 18, 72, 6577 }, // n
    { 17, 18, 323, 2, 18, 77, 6649 }, // o
    { 16, 26, 328, 3, 18, 104, 6726 }, // p
    { 16, 26, 328, 2, 18, 104, 6830 }, // q
    { 11, 18, 220, 3, 18, 50, 6934 }, // r
    { 13, 18, 255, 2, 18, 59, 6984 }, // s
    { 11, 22, 193, 1, 22, 61, 7043 }, // t
    { 16, 18, 330, 3, 18, 72, 7104 }, // u
    { 17, 18, 271, 0, 18, 77, 7176 }, // v
    { 26, 18, 419, 0, 18, 117, 7253 }, // w
    { 18, 18, 282, 0, 18, 81, 7370 }, // x
    { 18, 26, 272, -1, 18, 117, 7451 }, // y
    { 13, 18, 251, 1, 18, 59, 7568 }, // z
    { 11, 29, 203, 1, 24, 80, 7627 }, // {
    { 4, 33, 294, 8, 25, 33, 7707 }, // |
    { 11, 29, 203, 1, 24, 80, 7740 }, // }
    { 16, 5, 305, 2, 14, 20, 7820 }, // ~
    { 0, 0, 139, 0, 0, 0, 0 }, // U+00A0
    { 4, 24, 143, 2, 18, 24, 0 }, // U+00A1
    { 14, 24, 305, 3, 24, 84, 24 }, // U+00A2
    { 17, 24, 305, 1, 24, 102, 108 }, // U+00A3
    { 16, 16, 305, 1, 19, 64, 210 }, // U+00A4
    { 19, 24, 305, 0, 24, 114, 274 }, // U+00A5
    { 4, 33, 294, 8, 25, 33, 388 }, // U+00A6
    { 14, 26, 274, 1, 26, 91, 421 }, // U+00A7
    { 10, 3, 309, 5, 24, 8, 512 }, // U+00A8
    { 25, 24, 444, 2, 24, 150, 520 }, // U+00A9
    { 9, 11, 190, 1, 24, 25, 670 }, // U+00AA
    { 15, 15, 271, 1, 16, 57, 695 }, // U+00AB
    { 17, 9, 305, 1, 13, 39, 752 }, // U+00AC
    { 8, 3, 172, 1, 11, 6, 791 }, // U+00AD
    { 25, 24, 444, 2, 24, 150, 797 }, // U+00AE
    { 17, 3, 267, 0, 28, 13, 947 }, // U+00AF
    { 11, 11, 228, 2, 25, 31, 960 }, // U+00B0
    { 16, 20, 305, 2, 20, 80, 991 }, // U+00B1
    { 10, 15, 187, 1, 29, 38, 1071 }, // U+00B2
    { 11, 15, 187, 0, 29, 42, 1109 }, // U+00B3
    { 8, 6, 150, 1, 26, 12, 1151 }, // U+00B4
    { 16, 26, 332, 3, 18, 104, 1163 }, // U+00B5
    { 16, 30, 349, 2, 25, 120, 1267 }, // U+00B6
    { 4, 4, 143, 2, 13, 4, 1387 }, // U+00B7
    { 7, 8, 120, 1, 0, 14, 1391 }, // U+00B8
    { 8, 14, 187, 1, 28, 28, 1405 }, // U+00B9
    { 10, 11, 201, 1, 24, 28, 1433 }, // U+00BA
    { 15, 15, 271, 1, 16, 57, 1461 }, // U+00BB
    { 24, 23, 397, 1, 23, 138, 1518 }, // U+00BC
    { 24, 23, 411, 0, 23, 138, 1656 }, // U+00BD
    { 26, 24, 416, 0, 24, 156, 1794 }, // U+00BE
    { 14, 24, 231, 1, 18, 84, 1950 }, // U+00BF
    { 22, 31, 341, 0, 31, 171, 2034 }, // U+00C0
    { 22, 31, 341, 0, 31, 171, 2205 }, // U+00C1
    { 22, 31, 341, 0, 31, 171, 2376 }, // U+00C2
    { 22, 30, 341, 0, 30, 165, 2547 }, // U+00C3
    { 21, 30, 341, 0, 30, 158, 2712 }, // U+00C4
    { 21, 29, 341, 0, 29, 153, 2870 }, // U+00C5
    { 28, 24, 470, 0, 24, 168, 3023 }, // U+00C6
    { 18, 32, 337, 2, 24, 144, 3191 }, // U+00C7
    { 14, 31, 296, 3, 31, 109, 3335 }, // U+00C8
    { 14, 31, 296, 3, 31, 109, 3444 }, // U+00C9
    { 14, 31, 296, 3, 31, 109, 3553 }, // U+00CA
    { 14, 30, 296, 3, 30, 105, 3662 }, // U+00CB
    { 9, 31, 181, 1, 31, 70, 3767 }, // U+00CC
    { 10, 31, 181, 1, 31, 78, 3837 }, // U+00CD
    { 13, 31, 181, -1, 31, 101, 3915 }, // U+00CE
    { 10, 30, 181, 1, 30, 75, 4016 }, // U+00CF
    { 22, 24, 389, 1, 24, 132, 4091 }, // U+00D0
    { 19, 30, 405, 3, 30, 143, 4223 }, // U+00D1
    { 22, 32, 416, 2, 32, 176, 4366 }, // U+00D2
    { 22, 32, 416, 2, 32, 176, 4542 }, // U+00D3
    { 22, 32, 416, 2, 32, 176, 4718 }, // U+00D4
    { 22, 31, 416, 2, 31, 171, 4894 }, // U+00D5
    { 22, 30, 416, 2, 30, 165, 5065 }, // U+00D6
    { 15, 15, 305, 2, 19, 57, 5230 }, // U+00D7
    { 22, 26, 416, 2, 25, 143, 5287 }, // U+00D8
    { 19, 32, 390, 3, 32, 152, 5430 }, // U+00D9
    { 19, 32, 390, 3, 32, 152, 5582 }, // U+00DA
    { 19, 32, 390, 3, 32, 152, 5734 }, // U+00DB
    { 19, 30, 390, 3, 30, 143, 5886 }, // U+00DC
    { 19, 31, 302, 0, 31, 148, 6029 }, // U+00DD
    { 16, 24, 323, 3, 24, 96, 6177 }, // U+00DE
    { 17, 26, 336, 3, 26, 111, 6273 }, // U+00DF
    { 16, 26, 299, 2, 26, 104, 6384 }, // U+00E0
    { 16, 26, 299, 2, 26, 104, 6488 }, // U+00E1
    { 16, 26, 299, 2, 26, 104, 6592 }, // U+00E2
    { 16, 24, 299, 2, 24, 96, 6696 }, // U+00E3
    { 16, 24, 299, 2, 24, 96, 6792 }, // U+00E4
    { 16, 27, 299, 2, 27, 108, 6888 }, // U+00E5
    { 26, 18, 461, 2, 18, 117, 6996 }, // U+00E6
    { 14, 26, 256, 2, 18, 91, 7113 }, // U+00E7
    { 16, 26, 301, 2, 26, 104, 7204 }, // U+00E8
    { 16, 26, 301, 2, 26, 104, 7308 }, // U+00E9
    { 16, 26, 301, 2, 26, 104, 7412 }, // U+00EA
    { 16, 24, 301, 2, 24, 96, 7516 }, // U+00EB
    { 7, 26, 138, 0, 26, 46, 7612 }, // U+00EC
    { 8, 26, 138, 2, 26, 52, 7658 }, // U+00ED
    { 13, 26, 138, -2, 26, 85, 7710 }, // U+00EE
    { 10, 24, 138, 0, 24, 60, 7795 }, // U+00EF
    { 17, 26, 323, 2, 26, 111, 7855 }, // U+00F0
    { 16, 24, 330, 3, 24, 96, 7966 }, // U+00F1
    { 17, 26, 323, 2, 26, 111, 8062 }, // U+00F2
    { 17, 26, 323, 2, 26, 111, 8173 }, // U+00F3
    { 17, 26, 323, 2, 26, 111, 8284 }, // U+00F4
    { 17, 24, 323, 2, 24, 102, 8395 }, // U+00F5
    { 17, 24, 323, 2, 24, 102, 8497 }, // U+00F6
    { 16, 15, 305, 2, 19, 60, 8599 }, // U+00F7
    { 17, 20, 323, 2, 19, 85, 8659 }, // U+00F8
    { 16, 26, 330, 3, 26, 104, 8744 }, // U+00F9
    { 16, 26, 330, 3, 26, 104, 8848 }, // U+00FA
    { 16, 26, 330, 3, 26, 104, 8952 }, // U+00FB
    { 16, 24, 330, 3, 24, 96, 9056 }, // U+00FC
    { 18, 33, 272, -1, 25, 149, 9152 }, // U+00FD
    { 16, 33, 328, 3, 25, 132, 9301 }, // U+00FE
    { 17, 32, 272, 0, 24, 136, 9433 }, // U+00FF
    { 22, 28, 341, 0, 28, 154, 0 }, // U+0100
    { 16, 23, 299, 2, 23, 92, 154 }, // U+0101
    { 22, 31, 341, -1, 31, 171, 246 }, // U+0102
    { 16, 25, 299, 2, 25, 100, 417 }, // U+0103
    { 22, 32, 341, 0, 24, 176, 517 }, // U+0104
    { 16, 25, 299, 2, 18, 100, 693 }, // U+0105
    { 18, 32, 337, 2, 32, 144, 793 }, // U+0106
    { 14, 26, 256, 2, 26, 91, 937 }, // U+0107
    { 18, 32, 337, 2, 32, 144, 1028 }, // U+0108
    { 14, 26, 256, 2, 26, 91, 1172 }, // U+0109
    { 18, 31, 337, 2, 31, 140, 1263 }, // U+010A
    { 14, 25, 256, 2, 25, 88, 1403 }, // U+010B
    { 18, 32, 337, 2, 32, 144, 1491 }, // U+010C
    { 14, 26, 256, 2, 26, 91, 1635 }, // U+010D
    { 19, 31, 389, 3, 31, 148, 1726 }, // U+010E
    { 22, 25, 328, 2, 25, 138, 1874 }, // U+010F
    { 22, 24, 389, 1, 24, 132, 2012 }, // U+0110
    { 19, 25, 329, 2, 25, 119, 2144 }, // U+0111
    { 14, 28, 296, 3, 28, 98, 2263 }, // U+0112
    { 16, 23, 301, 2, 23, 92, 2361 }, // U+0113
    { 14, 31, 296, 3, 31, 109, 2453 }, // U+0114
    { 16, 25, 301, 2, 25, 100, 2562 }, // U+0115
    { 14, 30, 296, 3, 30, 105, 2662 }, // U+0116
    { 16, 25, 301, 2, 25, 100, 2767 }, // U+0117
    { 14, 32, 296, 3, 24, 112, 2867 }, // U+0118
    { 16, 25, 301, 2, 18, 100, 2979 }, // U+0119
    { 14, 31, 296, 3, 31, 109, 3079 }, // U+011A
    { 16, 26, 301, 2, 26, 104, 3188 }, // U+011B
    { 20, 32, 388, 2, 32, 160, 3292 }, // U+011C
    { 16, 33, 328, 2, 25, 132, 3452 }, // U+011D
    { 20, 31, 388, 2, 31, 155, 3584 }, // U+011E
    { 16, 33, 328, 2, 25, 132, 3739 }, // U+011F
    { 20, 31, 388, 2, 31, 155, 3871 }, // U+0120
    { 16, 33, 328, 2, 25, 132, 4026 }, // U+0121
    { 20, 31, 388, 2, 24, 155, 4158 }, // U+0122
    { 16, 33, 328, 2, 25, 132, 4313 }, // U+0123
    { 19, 31, 395, 3, 31, 148, 4445 }, // U+0124
    { 21, 33, 330, -2, 33, 174, 4593 }, // U+0125
    { 25, 24, 395, 0, 24, 150, 4767 }, // U+0126
    { 18, 25, 330, 1, 25, 113, 4917 }, // U+0127
    { 13, 30, 181, -1, 30, 98, 5030 }, // U+0128
    { 13, 24, 138, -2, 24, 78, 5128 }, // U+0129
    { 10, 28, 181, 1, 28, 70, 5206 }, // U+012A
    { 10, 23, 138, -1, 23, 58, 5276 }, // U+012B
    { 11, 31, 181, 1, 31, 86, 5334 }, // U+012C
    { 11, 25, 138, -1, 25, 69, 5420 }, // U+012D
    { 9, 32, 181, 1, 24, 72, 5489 }, // U+012E
    { 6, 33, 138, 1, 25, 50, 5561 }, // U+012F
    { 9, 30, 181, 1, 30, 68, 5611 }, // U+0130
    { 4, 18, 138, 3, 18, 18, 5679 }, // U+0131
    { 17, 30, 326, 1, 24, 128, 5697 }, // U+0132
    { 12, 33, 275, 3, 25, 99, 5825 }, // U+0133
    { 14, 38, 146, -3, 32, 133, 5924 }, // U+0134
    { 13, 33, 138, -2, 25, 108, 6057 }, // U+0135
    { 18, 31, 330, 3, 24, 140, 6165 }, // U+0136
    { 15, 32, 285, 3, 25, 120, 6305 }, // U+0137
    { 15, 18, 285, 3, 18, 68, 6425 }, // U+0138
    { 15, 31, 279, 2, 31, 117, 6493 }, // U+0139
    { 8, 33, 138, 2, 33, 66, 6610 }, // U+013A
    { 14, 31, 279, 3, 24, 109, 6676 }, // U+013B
    { 5, 32, 138, 2, 25, 40, 6785 }, // U+013C
    { 14, 24, 279, 3, 24, 84, 6825 }, // U+013D
    { 9, 25, 138, 3, 25, 57, 6909 }, // U+013E
    { 14, 24, 279, 3, 24, 84, 6966 }, // U+013F
    { 8, 25, 143, 3, 25, 50, 7050 }, // U+0140
    { 17, 24, 279, 0, 24, 102, 7100 }, // U+0141
    { 10, 25, 138, 0, 25, 63, 7202 }, // U+0142
    { 19, 31, 405, 3, 31, 148, 7265 }, // U+0143
    { 16, 26, 330, 3, 26, 104, 7413 }, // U+0144
    { 19, 31, 405, 3, 24, 148, 7517 }, // U+0145
    { 16, 25, 330, 3, 18, 100, 7665 }, // U+0146
    { 19, 31, 405, 3, 31, 148, 7765 }, // U+0147
    { 16, 25, 330, 3, 25, 100, 7913 }, // U+0148
    { 22, 24, 367, -1, 24, 132, 8013 }, // U+0149
    { 19, 30, 405, 3, 24, 143, 8145 }, // U+014A
    { 16, 26, 330, 3, 18, 104, 8288 }, // U+014B
    { 22, 29, 416, 2, 29, 160, 8392 }, // U+014C
    { 17, 23, 323, 2, 23, 98, 8552 }, // U+014D
    { 22, 31, 416, 2, 31, 171, 8650 }, // U+014E
    { 17, 25, 323, 2, 25, 107, 8821 }, // U+014F
    { 22, 31, 416, 2, 31, 171, 8928 }, // U+0150
    { 17, 25, 323, 2, 25, 107, 9099 }, // U+0151
    { 27, 24, 495, 2, 24, 162, 9206 }, // U+0152
    { 28, 18, 504, 2, 18, 126, 9368 }, // U+0153
    { 17, 31, 332, 3, 31, 132, 9494 }, // U+0154
    { 11, 26, 220, 3, 26, 72, 9626 }, // U+0155
    { 17, 31, 332, 3, 24, 132, 9698 }, // U+0156
    { 12, 25, 220, 2, 18, 75, 9830 }, // U+0157
    { 17, 31, 332, 3, 31, 132, 9905 }, // U+0158
    { 12, 26, 220, 2, 26, 78, 10037 }, // U+0159
    { 16, 32, 293, 1, 32, 128, 10115 }, // U+015A
    { 13, 26, 255, 2, 26, 85, 10243 }, // U+015B
    { 16, 32, 293, 1, 32, 128, 10328 }, // U+015C
    { 13, 26, 255, 2, 26, 85, 10456 }, // U+015D
    { 16, 32, 293, 1, 24, 128, 10541 }, // U+015E
    { 13, 26, 255, 2, 18, 85, 10669 }, // U+015F
    { 16, 32, 293, 1, 32, 128, 10754 }, // U+0160
    { 13, 26, 255, 2, 26, 85, 10882 }, // U+0161
    { 18, 32, 296, 1, 24, 144, 10967 }, // U+0162
    { 11, 30, 193, 1, 22, 83, 11111 }, // U+0163
    { 18, 31, 296, 1, 31, 140, 11194 }, // U+0164
    { 16, 25, 193, 1, 25, 100, 11334 }, // U+0165
    { 18, 24, 296, 1, 24, 108, 11434 }, // U+0166
    { 11, 22, 193, 1, 22, 61, 11542 }, // U+0167
    { 19, 31, 390, 3, 31, 148, 11603 }, // U+0168
    { 16, 24, 330, 3, 24, 96, 11751 }, // U+0169
    { 19, 29, 390, 3, 29, 138, 11847 }, // U+016A
    { 16, 23, 330, 3, 23, 92, 11985 }, // U+016B
    { 19, 31, 390, 3, 31, 148, 12077 }, // U+016C
    { 16, 25, 330, 3, 25, 100, 12225 }, // U+016D
    { 19, 33, 390, 3, 33, 157, 12325 }, // U+016E
    { 16, 27, 330, 3, 27, 108, 12482 }, // U+016F
    { 19, 31, 390, 3, 31, 148, 12590 }, // U+0170
    { 16, 25, 330, 3, 25, 100, 12738 }, // U+0171
    { 19, 31, 390, 3, 24, 148, 12838 }, // U+0172
    { 16, 25, 330, 3, 18, 100, 12986 }, // U+0173
    { 31, 31, 496, 0, 31, 241, 13086 }, // U+0174
    { 26, 25, 419, 0, 25, 163, 13327 }, // U+0175
    { 19, 31, 302, 0, 31, 148, 13490 }, // U+0176
    { 18, 33, 272, -1, 25, 149, 13638 }, // U+0177
    { 19, 30, 302, 0, 30, 143, 13787 }, // U+0178
    { 17, 31, 305, 1, 31, 132, 13930 }, // U+0179
    { 13, 26, 251, 1, 26, 85, 14062 }, // U+017A
    { 17, 30, 305, 1, 30, 128, 14147 }, // U+017B
    { 13, 25, 251, 1, 25, 82, 14275 }, // U+017C
    { 17, 31, 305, 1, 31, 132, 14357 }, // U+017D
    { 13, 26, 251, 1, 26, 85, 14489 }, // U+017E
    { 10, 26, 174, 3, 26, 65, 14574 }, // U+017F
    { 25, 25, 418, 2, 25, 157, 0 }, // U+01A0
    { 21, 21, 328, 2, 21, 111, 157 }, // U+01A1
    { 25, 25, 416, 3, 25, 157, 268 }, // U+01AF
    { 21, 21, 359, 3, 21, 111, 425 }, // U+01B0
    { 39, 31, 689, 3, 31, 303, 536 }, // U+01C4
    { 35, 26, 640, 3, 26, 228, 839 }, // U+01C5
    { 33, 25, 579, 2, 25, 207, 1067 }, // U+01C6
    { 21, 30, 425, 3, 24, 158, 1274 }, // U+01C7
    { 21, 33, 417, 3, 25, 174, 1432 }, // U+01C8
    { 12, 33, 275, 3, 25, 99, 1606 }, // U+01C9
    { 29, 30, 551, 3, 24, 218, 1705 }, // U+01CA
    { 28, 33, 543, 3, 25, 231, 1923 }, // U+01CB
    { 24, 33, 467, 3, 25, 198, 2154 }, // U+01CC
    { 22, 31, 341, 0, 31, 171, 2352 }, // U+01CD
    { 16, 26, 299, 2, 26, 104, 2523 }, // U+01CE
    { 13, 31, 181, -1, 31, 101, 2627 }, // U+01CF
    { 13, 26, 138, -2, 26, 85, 2728 }, // U+01D0
    { 22, 32, 416, 2, 32, 176, 2813 }, // U+01D1
    { 17, 26, 323, 2, 26, 111, 2989 }, // U+01D2
    { 19, 32, 390, 3, 32, 152, 3100 }, // U+01D3
    { 16, 26, 330, 3, 26, 104, 3252 }, // U+01D4
    { 19, 34, 390, 3, 34, 162, 3356 }, // U+01D5
    { 16, 28, 330, 3, 28, 112, 3518 }, // U+01D6
    { 19, 35, 390, 3, 35, 167, 3630 }, // U+01D7
    { 16, 29, 330, 3, 29, 116, 3797 }, // U+01D8
    { 19, 35, 390, 3, 35, 167, 3913 }, // U+01D9
    { 16, 30, 330, 3, 30, 120, 4080 }, // U+01DA
    { 19, 35, 390, 3, 35, 167, 4200 }, // U+01DB
    { 16, 29, 330, 3, 29, 116, 4367 }, // U+01DC
    { 16, 18, 301, 2, 18, 72, 4483 }, // U+01DD
    { 22, 34, 341, 0, 34, 187, 4555 }, // U+01DE
    { 16, 28, 299, 2, 28, 112, 4742 }, // U+01DF
    { 22, 33, 341, 0, 33, 182, 4854 }, // U+01E0
    { 16, 28, 299, 2, 28, 112, 5036 }, // U+01E1
    { 28, 28, 470, -1, 28, 196, 5148 }, // U+01E2
    { 26, 23, 461, 2, 23, 150, 5344 }, // U+01E3
    { 22, 24, 388, 2, 24, 132, 5494 }, // U+01E4
    { 18, 26, 328, 2, 18, 117, 5626 }, // U+01E5
    { 20, 32, 388, 2, 32, 160, 5743 }, // U+01E6
    { 16, 33, 328, 2, 25, 132, 5903 }, // U+01E7
    { 18, 31, 330, 3, 31, 140, 6035 }, // U+01E8
    { 20, 33, 285, -2, 33, 165, 6175 }, // U+01E9
    { 22, 31, 416, 2, 24, 171, 6340 }, // U+01EA
    { 17, 25, 323, 2, 18, 107, 6511 }, // U+01EB
    { 22, 36, 416, 2, 29, 198, 6618 }, // U+01EC
    { 17, 30, 323, 2, 23, 128, 6816 }, // U+01ED
    { 17, 32, 311, 1, 32, 136, 6944 }, // U+01EE
    { 16, 33, 266, 0, 25, 132, 7080 }, // U+01EF
    { 13, 33, 138, -2, 25, 108, 7212 }, // U+01F0
    { 39, 24, 689, 3, 24, 234, 7320 }, // U+01F1
    { 35, 24, 640, 3, 24, 210, 7554 }, // U+01F2
    { 33, 25, 579, 2, 25, 207, 7764 }, // U+01F3
    { 20, 32, 388, 2, 32, 160, 7971 }, // U+01F4
    { 16, 33, 328, 2, 25, 132, 8131 }, // U+01F5
    { 26, 24, 500, 3, 24, 156, 8263 }, // U+01F6
    { 17, 32, 352, 3, 24, 136, 8419 }, // U+01F7
    { 19, 31, 405, 3, 31, 148, 8555 }, // U+01F8
    { 16, 26, 330, 3, 26, 104, 8703 }, // U+01F9
    { 21, 32, 341, 0, 32, 168, 8807 }, // U+01FA
    { 16, 32, 299, 2, 32, 128, 8975 }, // U+01FB
    { 28, 31, 470, 0, 31, 217, 9103 }, // U+01FC
    { 26, 26, 461, 2, 26, 169, 9320 }, // U+01FD
    { 22, 33, 416, 2, 32, 182, 9489 }, // U+01FE
    { 17, 27, 323, 2, 26, 115, 9671 }, // U+01FF
    { 22, 31, 341, 0, 31, 171, 9786 }, // U+0200
    { 16, 25, 299, 2, 25, 100, 9957 }, // U+0201
    { 22, 31, 341, 0, 31, 171, 10057 }, // U+0202
    { 16, 25, 299, 2, 25, 100, 10228 }, // U+0203
    { 15, 31, 296, 2, 31, 117, 10328 }, // U+0204
    { 16, 25, 301, 2, 25, 100, 10445 }, // U+0205
    { 14, 31, 296, 3, 31, 109, 10545 }, // U+0206
    { 16, 25, 301, 2, 25, 100, 10654 }, // U+0207
    { 14, 31, 181, -3, 31, 109, 10754 }, // U+0208
    { 13, 25, 138, -3, 25, 82, 10863 }, // U+0209
    { 11, 31, 181, 0, 31, 86, 10945 }, // U+020A
    { 11, 25, 138, -1, 25, 69, 11031 }, // U+020B
    { 22, 31, 416, 2, 31, 171, 11100 }, // U+020C
    { 17, 25, 323, 2, 25, 107, 11271 }, // U+020D
    { 22, 31, 416, 2, 31, 171, 11378 }, // U+020E
    { 17, 25, 323, 2, 25, 107, 11549 }, // U+020F
    { 18, 31, 332, 2, 31, 140, 11656 }, // U+0210
    { 14, 25, 220, 0, 25, 88, 11796 }, // U+0211
    { 17, 31, 332, 3, 31, 132, 11884 }, // U+0212
    { 12, 25, 220, 2, 25, 75, 12016 }, // U+0213
    { 19, 31, 390, 3, 31, 148, 12091 }, // U+0214
    { 16, 25, 330, 3, 25, 100, 12239 }, // U+0215
    { 19, 31, 390, 3, 31, 148, 12339 }, // U+0216
    { 16, 25, 330, 3, 25, 100, 12487 }, // U+0217
    { 16, 31, 293, 1, 24, 124, 12587 }, // U+0218
    { 13, 25, 255, 2, 18, 82, 12711 }, // U+0219
    { 18, 31, 296, 1, 24, 140, 12793 }, // U+021A
    { 11, 29, 193, 1, 22, 80, 12933 }, // U+021B
    { 17, 30, 307, 1, 24, 128, 13013 }, // U+021C
    { 15, 26, 264, 0, 18, 98, 13141 }, // U+021D
    { 19, 31, 395, 3, 31, 148, 13239 }, // U+021E
    { 21, 33, 330, -2, 33, 174, 13387 }, // U+021F
    { 8, 6, 0, -17, 26, 12, 0 }, // U+0300
    { 7, 6, 0, -11, 26, 11, 12 }, // U+0301
    { 12, 6, 0, -6, 26, 18, 23 }, // U+0302
    { 13, 5, 0, -17, 25, 17, 41 }, // U+0303
    { 10, 3, 0, -5, 23, 8, 58 }, // U+0304
    { 14, 3, 0, -7, 28, 11, 66 }, // U+0305
    { 11, 5, 0, -5, 25, 14, 77 }, // U+0306
    { 4, 4, 0, -2, 25, 4, 91 }, // U+0307
    { 10, 3, 0, -5, 24, 8, 95 }, // U+0308
    { 7, 8, 0, -12, 27, 14, 103 }, // U+0309
    { 7, 7, 0, -3, 27, 13, 117 }, // U+030A
    { 13, 5, 0, -5, 25, 17, 130 }, // U+030B
    { 12, 6, 0, -6, 26, 18, 147 }, // U+030C
    { 4, 5, 0, -1, 25, 5, 165 }, // U+030D
    { 9, 5, 0, -4, 25, 12, 170 }, // U+030E
    { 13, 5, 0, -18, 25, 17, 182 }, // U+030F
    { 11, 8, 0, -6, 28, 22, 199 }, // U+0310
    { 11, 5, 0, -6, 25, 14, 221 }, // U+0311
    { 6, 8, 0, -3, 23, 12, 235 }, // U+0312
    { 6, 8, 0, -3, 23, 12, 247 }, // U+0313
    { 6, 8, 0, -3, 23, 12, 259 }, // U+0314
    { 6, 8, 0, -3, 23, 12, 271 }, // U+0315
    { 8, 6, 0, -4, -1, 12, 283 }, // U+0316
    { 8, 6, 0, -4, -1, 12, 295 }, // U+0317
    { 7, 6, 0, -3, -1, 11, 307 }, // U+0318
    { 6, 6, 0, -3, -1, 9, 318 }, // U+0319
    { 10, 9, 167, 0, 26, 23, 327 }, // U+031A
    { 7, 7, 0, -3, 25, 13, 350 }, // U+031B
    { 4, 7, 0, -2, 0, 7, 363 }, // U+031C
    { 7, 6, 0, -3, -1, 11, 370 }, // U+031D
    { 7, 7, 0, -3, -1, 13, 381 }, // U+031E
    { 7, 7, 0, -3, -1, 13, 394 }, // U+031F
    { 8, 3, 0, -4, -2, 6, 407 }, // U+0320
    { 8, 9, 0, -6, 1, 18, 413 }, // U+0321
    { 6, 9, 0, 0, 1, 14, 431 }, // U+0322
    { 4, 4, 0, -12, -2, 4, 445 }, // U+0323
    { 10, 3, 0, -5, -3, 8, 449 }, // U+0324
    { 7, 7, 0, -3, 0, 13, 457 }, // U+0325
    { 6, 5, 0, -3, -2, 8, 470 }, // U+0326
    { 7, 8, 0, -3, 0, 14, 478 }, // U+0327
    { 6, 9, 0, -3, 2, 14, 492 }, // U+0328
    { 4, 5, 0, -1, -2, 5, 506 }, // U+0329
    { 12, 7, 0, -6, -1, 21, 511 }, // U+032A
    { 13, 4, 0, -6, -2, 13, 532 }, // U+032B
    { 12, 6, 0, -6, -1, 18, 545 }, // U+032C
    { 12, 6, 0, -6, -1, 18, 563 }, // U+032D
    { 11, 5, 0, -5, -1, 14, 581 }, // U+032E
    { 11, 5, 0, -6, -1, 14, 595 }, // U+032F
    { 14, 5, 0, -7, -1, 18, 609 }, // U+0330
    { 10, 3, 0, -5, -2, 8, 627 }, // U+0331
    { 15, 3, 0, -7, -2, 12, 635 }, // U+0332
    { 14, 7, 0, -7, 0, 25, 647 }, // U+0333
    { 13, 5, 0, -6, 12, 17, 672 }, // U+0334
    { 14, 3, 0, -7, 12, 11, 689 }, // U+0335
    { 24, 3, 0, -12, 11, 18, 700 }, // U+0336
    { 10, 8, 0, -5, 14, 20, 718 }, // U+0337
    { 14, 27, 0, -7, 25, 95, 738 }, // U+0338
    { 4, 7, 0, -2, 0, 7, 833 }, // U+0339
    { 12, 6, 0, -6, -1, 18, 840 }, // U+033A
    { 13, 7, 0, -6, -1, 23, 858 }, // U+033B
    { 13, 4, 0, -6, -2, 13, 881 }, // U+033C
    { 8, 8, 0, -4, 26, 16, 894 }, // U+033D
    { 5, 10, 0, -2, 29, 13, 910 }, // U+033E
    { 14, 7, 0, -7, 32, 25, 923 }, // U+033F
    { 8, 6, 0, -6, 26, 12, 948 }, // U+0340
    { 8, 6, 0, -2, 26, 12, 960 }, // U+0341
    { 14, 5, 0, -7, 25, 18, 972 }, // U+0342
    { 6, 7, 0, -3, 27, 11, 990 }, // U+0343
    { 12, 6, 0, -5, 26, 18, 1001 }, // U+0344
    { 6, 5, 0, -1, -3, 8, 1019 }, // U+0345
    { 15, 7, 0, -7, 26, 27, 1027 }, // U+0346
    { 14, 7, 0, -7, 0, 25, 1054 }, // U+0347
    { 9, 5, 0, -4, -2, 12, 1079 }, // U+0348
    { 7, 7, 0, -3, -1, 13, 1091 }, // U+0349
    { 14, 8, 0, -7, 26, 28, 1104 }, // U+034A
    { 13, 11, 0, -6, 30, 36, 1132 }, // U+034B
    { 12, 9, 0, -6, 29, 27, 1168 }, // U+034C
    { 13, 8, 0, -7, 0, 26, 1195 }, // U+034D
    { 7, 8, 0, -3, 0, 14, 1221 }, // U+034E
    { 24, 24, 0, -12, 24, 144, 1235 }, // U+034F
    { 6, 7, 0, -3, 26, 11, 1379 }, // U+0350
    { 4, 7, 0, -1, 27, 7, 1390 }, // U+0351
    { 11, 8, 0, -6, 28, 22, 1397 }, // U+0352
    { 8, 7, 0, -4, -1, 14, 1419 }, // U+0353
    { 6, 7, 0, -3, -1, 11, 1433 }, // U+0354
    { 6, 7, 0, -3, -1, 11, 1444 }, // U+0355
    { 13, 7, 0, -6, -1, 23, 1455 }, // U+0356
    { 4, 7, 0, -1, 27, 7, 1478 }, // U+0357
    { 4, 4, 0, 4, 25, 4, 1485 }, // U+0358
    { 8, 7, 0, -4, -1, 14, 1489 }, // U+0359
    { 13, 7, 0, -6, -1, 23, 1503 }, // U+035A
    { 8, 6, 0, -4, 26, 12, 1526 }, // U+035B
    { 26, 6, 0, -13, -2, 39, 1538 }, // U+035C
    { 26, 6, 0, -13, 25, 39, 1577 }, // U+035D
    { 20, 2, 0, -10, 23, 10, 1616 }, // U+035E
    { 20, 2, 0, -10, -2, 10, 1626 }, // U+035F
    { 26, 5, 0, -13, 25, 33, 1636 }, // U+0360
    { 26, 7, 0, -13, 29, 46, 1669 }, // U+0361
    { 26, 8, 0, -12, 0, 52, 1715 }, // U+0362
    { 7, 7, 0, -4, 27, 13, 1767 }, // U+0363
    { 8, 7, 0, -4, 27, 14, 1780 }, // U+0364
    { 2, 10, 0, -1, 30, 5, 1794 }, // U+0365
    { 8, 7, 0, -4, 27, 14, 1799 }, // U+0366
    { 8, 7, 0, -4, 27, 14, 1813 }, // U+0367
    { 7, 7, 0, -3, 27, 13, 1827 }, // U+0368
    { 8, 10, 0, -4, 30, 20, 1840 }, // U+0369
    { 8, 10, 0, -4, 30, 20, 1860 }, // U+036A
    { 12, 7, 0, -6, 27, 21, 1880 }, // U+036B
    { 6, 7, 0, -2, 27, 11, 1901 }, // U+036C
    { 6, 9, 0, -3, 29, 14, 1912 }, // U+036D
    { 9, 7, 0, -4, 27, 16, 1926 }, // U+036E
    { 9, 7, 0, -4, 27, 16, 1942 }, // U+036F
    { 14, 31, 296, 3, 31, 109, 0 }, // U+0400
    { 14, 30, 296, 3, 30, 105, 109 }, // U+0401
    { 22, 24, 382, 1, 24, 132, 214 }, // U+0402
    { 13, 31, 271, 3, 31, 101, 346 }, // U+0403
    { 19, 24, 341, 2, 24, 114, 447 }, // U+0404
    { 16, 24, 293, 1, 24, 96, 561 }, // U+0405
    { 4, 24, 151, 3, 24, 24, 657 }, // U+0406
    { 8, 30, 151, 1, 30, 60, 681 }, // U+0407
    { 10, 30, 146, -3, 24, 75, 741 }, // U+0408
    { 33, 24, 539, 0, 24, 198, 816 }, // U+0409
    { 30, 24, 548, 3, 24, 180, 1014 }, // U+040A
    { 22, 24, 381, 1, 24, 132, 1194 }, // U+040B
    { 18, 31, 333, 3, 31, 140, 1326 }, // U+040C
    { 19, 31, 403, 3, 31, 148, 1466 }, // U+040D
    { 21, 30, 328, 0, 30, 158, 1614 }, // U+040E
    { 17, 29, 390, 3, 24, 124, 1772 }, // U+040F
    { 22, 24, 340, 0, 24, 132, 1896 }, // U+0410
    { 16, 24, 327, 3, 24, 96, 2028 }, // U+0411
    { 17, 24, 347, 3, 24, 102, 2124 }, // U+0412
    { 13, 24, 271, 3, 24, 78, 2226 }, // U+0413
    { 24, 30, 389, 1, 24, 180, 2304 }, // U+0414
    { 14, 24, 296, 3, 24, 84, 2484 }, // U+0415
    { 31, 24, 483, 0, 24, 186, 2568 }, // U+0416
    { 16, 24, 308, 1, 24, 96, 2754 }, // U+0417
    { 19, 24, 403, 3, 24, 114, 2850 }, // U+0418
    { 19, 30, 403, 3, 30, 143, 2964 }, // U+0419
    { 18, 24, 333, 3, 24, 108, 3107 }, // U+041A
    { 21, 24, 372, 0, 24, 126, 3215 }, // U+041B
    { 24, 24, 484, 3, 24, 144, 3341 }, // U+041C
    { 19, 24, 396, 3, 24, 114, 3485 }, // U+041D
    { 22, 24, 406, 2, 24, 132, 3599 }, // U+041E
    { 18, 24, 391, 3, 24, 108, 3731 }, // U+041F
    { 16, 24, 323, 3, 24, 96, 3839 }, // U+0420
    { 19, 24, 341, 2, 24, 114, 3935 }, // U+0421
    { 18, 24, 296, 1, 24, 108, 4049 }, // U+0422
    { 21, 24, 328, 0, 24, 126, 4157 }, // U+0423
    { 24, 24, 436, 2, 24, 144, 4283 }, // U+0424
    { 20, 24, 314, 0, 24, 120, 4427 }, // U+0425
    { 22, 29, 395, 3, 24, 160, 4547 }, // U+0426
    { 17, 24, 359, 2, 24, 102, 4707 }, // U+0427
    { 29, 24, 552, 3, 24, 174, 4809 }, // U+0428
    { 31, 29, 547, 3, 24, 225, 4983 }, // U+0429
    { 22, 24, 365, 0, 24, 132, 5208 }, // U+042A
    { 22, 24, 453, 3, 24, 132, 5340 }, // U+042B
    { 16, 24, 324, 3, 24, 96, 5472 }, // U+042C
    { 19, 24, 345, 1, 24, 114, 5568 }, // U+042D
    { 28, 24, 533, 3, 24, 168, 5682 }, // U+042E
    { 18, 24, 340, 0, 24, 108, 5850 }, // U+042F
    { 15, 18, 296, 1, 18, 68, 5958 }, // U+0430
    { 17, 27, 318, 2, 27, 115, 6026 }, // U+0431
    { 15, 18, 301, 3, 18, 68, 6141 }, // U+0432
    { 11, 18, 234, 3, 18, 50, 6209 }, // U+0433
    { 20, 23, 324, 1, 18, 115, 6259 }, // U+0434
    { 16, 18, 294, 2, 18, 72, 6374 }, // U+0435
    { 25, 18, 405, 0, 18, 113, 6446 }, // U+0436
    { 14, 18, 260, 1, 18, 63, 6559 }, // U+0437
    { 16, 18, 331, 3, 18, 72, 6622 }, // U+0438
    { 16, 25, 331, 3, 25, 100, 6694 }, // U+0439
    { 15, 18, 283, 3, 18, 68, 6794 }, // U+043A
    { 18, 18, 313, 0, 18, 81, 6862 }, // U+043B
    { 21, 18, 410, 3, 18, 95, 6943 }, // U+043C
    { 15, 18, 327, 3, 18, 68, 7038 }, // U+043D
    { 17, 18, 317, 2, 18, 77, 7106 }, // U+043E
    { 15, 18, 323, 3, 18, 68, 7183 }, // U+043F
    { 16, 26, 324, 3, 18, 104, 7251 }, // U+0440
    { 14, 18, 263, 2, 18, 63, 7355 }, // U+0441
    { 15, 18, 248, 1, 18, 68, 7418 }, // U+0442
    { 18, 26, 271, 0, 18, 117, 7486 }, // U+0443
    { 22, 33, 393, 2, 25, 182, 7603 }, // U+0444
    { 18, 18, 272, 0, 18, 81, 7785 }, // U+0445
    { 18, 23, 326, 3, 18, 104, 7866 }, // U+0446
    { 15, 18, 314, 2, 18, 68, 7970 }, // U+0447
    { 25, 18, 477, 3, 18, 113, 8038 }, // U+0448
    { 27, 23, 478, 3, 18, 156, 8151 }, // U+0449
    { 19, 18, 332, 1, 18, 86, 8307 }, // U+044A
    { 20, 18, 405, 3, 18, 90, 8393 }, // U+044B
    { 14, 18, 291, 3, 18, 63, 8483 }, // U+044C
    { 15, 18, 263, 1, 18, 68, 8546 }, // U+044D
    { 23, 18, 426, 3, 18, 104, 8614 }, // U+044E
    { 16, 18, 308, 1, 18, 72, 8718 }, // U+044F
    { 16, 26, 294, 2, 26, 104, 8790 }, // U+0450
    { 16, 24, 294, 2, 24, 96, 8894 }, // U+0451
    { 18, 33, 330, 1, 25, 149, 8990 }, // U+0452
    { 11, 26, 234, 3, 26, 72, 9139 }, // U+0453
    { 14, 18, 263, 2, 18, 63, 9211 }, // U+0454
    { 13, 18, 250, 1, 18, 59, 9274 }, // U+0455
    { 4, 24, 138, 3, 24, 24, 9333 }, // U+0456
    { 8, 24, 138, 1, 24, 48, 9357 }, // U+0457
    { 9, 32, 138, -2, 24, 72, 9405 }, // U+0458
    { 28, 18, 458, 0, 18, 126, 9477 }, // U+0459
    { 26, 18, 475, 3, 18, 117, 9603 }, // U+045A
    { 18, 25, 331, 1, 25, 113, 9720 }, // U+045B
    { 15, 26, 283, 3, 26, 98, 9833 }, // U+045C
    { 16, 26, 331, 3, 26, 104, 9931 }, // U+045D
    { 18, 32, 271, 0, 24, 144, 10035 }, // U+045E
    { 15, 23, 323, 3, 18, 87, 10179 }, // U+045F
    { 29, 24, 490, 1, 24, 174, 10266 }, // U+0460
    { 25, 18, 421, 1, 18, 113, 10440 }, // U+0461
    { 21, 24, 360, 1, 24, 126, 10553 }, // U+0462
    { 20, 21, 338, 1, 21, 105, 10679 }, // U+0463
    { 27, 24, 492, 3, 24, 162, 10784 }, // U+0464
    { 21, 18, 396, 3, 18, 95, 10946 }, // U+0465
    { 24, 24, 364, 0, 24, 144, 11041 }, // U+0466
    { 21, 18, 305, -1, 18, 95, 11185 }, // U+0467
    { 29, 24, 495, 3, 24, 174, 11280 }, // U+0468
    { 24, 18, 416, 3, 18, 108, 11454 }, // U+0469
    { 25, 24, 389, 0, 24, 150, 11562 }, // U+046A
    { 23, 18, 341, -1, 18, 104, 11712 }, // U+046B
    { 30, 24, 525, 3, 24, 180, 11816 }, // U+046C
    { 26, 18, 453, 3, 18, 117, 11996 }, // U+046D
    { 17, 36, 313, 1, 29, 153, 12113 }, // U+046E
    { 14, 29, 261, 1, 23, 102, 12266 }, // U+046F
    { 22, 24, 429, 3, 24, 132, 12368 }, // U+0470
    { 21, 33, 406, 3, 25, 174, 12500 }, // U+0471
    { 22, 24, 417, 2, 24, 132, 12674 }, // U+0472
    { 17, 18, 323, 2, 18, 77, 12806 }, // U+0473
    { 23, 24, 339, -1, 24, 138, 12883 }, // U+0474
    { 18, 18, 275, 0, 18, 81, 13021 }, // U+0475
    { 23, 31, 339, -1, 31, 179, 13102 }, // U+0476
    { 18, 25, 275, 0, 25, 113, 13281 }, // U+0477
    { 39, 32, 651, 2, 24, 312, 13394 }, // U+0478
    { 35, 26, 584, 2, 18, 228, 13706 }, // U+0479
    { 24, 27, 438, 2, 25, 162, 13934 }, // U+047A
    { 19, 21, 351, 2, 19, 100, 14096 }, // U+047B
    { 31, 35, 547, 2, 35, 272, 14196 }, // U+047C
    { 27, 30, 482, 2, 30, 203, 14468 }, // U+047D
    { 29, 29, 490, 1, 29, 211, 14671 }, // U+047E
    { 25, 24, 421, 1, 24, 150, 14882 }, // U+047F
    { 19, 32, 343, 2, 24, 152, 15032 }, // U+0480
    { 14, 26, 262, 2, 18, 91, 15184 }, // U+0481
    { 18, 22, 325, 1, 21, 99, 15275 }, // U+0482
    { 12, 5, 0, -15, 23, 15, 15374 }, // U+0483
    { 13, 4, 0, -15, 24, 13, 15389 }, // U+0484
    { 4, 6, 0, -11, 26, 6, 15402 }, // U+0485
    { 5, 6, 0, -11, 26, 8, 15408 }, // U+0486
    { 13, 4, 0, -6, 29, 13, 15416 }, // U+0487
    { 38, 34, 0, -19, 26, 323, 15429 }, // U+0488
    { 37, 36, 0, -18, 27, 333, 15752 }, // U+0489
    { 23, 37, 419, 3, 31, 213, 16085 }, // U+048A
    { 20, 31, 351, 3, 25, 155, 16298 }, // U+048B
    { 18, 24, 328, 1, 24, 108, 16453 }, // U+048C
    { 18, 25, 317, 1, 25, 113, 16561 }, // U+048D
    { 16, 24, 327, 3, 24, 96, 16674 }, // U+048E
    { 16, 26, 328, 3, 18, 104, 16770 }, // U+048F
    { 14, 29, 284, 3, 29, 102, 16874 }, // U+0490
    { 12, 23, 232, 3, 23, 69, 16976 }, // U+0491
    { 16, 24, 283, 1, 24, 96, 17045 }, // U+0492
    { 14, 18, 231, 1, 18, 63, 17141 }, // U+0493
    { 18, 32, 347, 3, 24, 144, 17204 }, // U+0494
    { 14, 26, 284, 3, 18, 91, 17348 }, // U+0495
    { 30, 30, 482, 0, 24, 225, 17439 }, // U+0496
    { 27, 24, 424, -1, 18, 162, 17664 }, // U+0497
    { 16, 31, 308, 1, 24, 124, 17826 }, // U+0498
    { 14, 25, 260, 1, 18, 88, 17950 }, // U+0499
    { 19, 30, 357, 3, 24, 143, 18038 }, // U+049A
    { 16, 24, 297, 3, 18, 96, 18181 }, // U+049B
    { 18, 24, 333, 3, 24, 108, 18277 }, // U+049C
    { 15, 18, 282, 3, 18, 68, 18385 }, // U+049D
    { 21, 24, 333, 1, 24, 126, 18453 }, // U+049E
    { 18, 25, 285, 1, 25, 113, 18579 }, // U+049F
    { 24, 24, 370, 0, 24, 144, 18692 }, // U+04A0
    { 21, 18, 332, 0, 18, 95, 18836 }, // U+04A1
    { 22, 30, 403, 3, 24, 165, 18931 }, // U+04A2
    { 19, 24, 350, 3, 18, 114, 19096 }, // U+04A3
    { 24, 24, 435, 3, 24, 144, 19210 }, // U+04A4
    { 22, 18, 394, 3, 18, 99, 19354 }, // U+04A5
    { 31, 32, 563, 3, 24, 248, 19453 }, // U+04A6
    { 25, 26, 460, 3, 18, 163, 19701 }, // U+04A7
    { 23, 25, 415, 2, 24, 144, 19864 }, // U+04A8
    { 19, 19, 342, 2, 18, 91, 20008 }, // U+04A9
    { 18, 31, 337, 2, 24, 140, 20099 }, // U+04AA
    { 14, 25, 256, 2, 18, 88, 20239 }, // U+04AB
    { 18, 30, 296, 1, 24, 135, 20327 }, // U+04AC
    { 14, 24, 253, 1, 18, 84, 20462 }, // U+04AD
    { 20, 24, 302, 0, 24, 120, 20546 }, // U+04AE
    { 18, 26, 271, 0, 18, 117, 20666 }, // U+04AF
    { 20, 24, 302, 0, 24, 120, 20783 }, // U+04B0
    { 18, 26, 271, -1, 18, 117, 20903 }, // U+04B1
    { 22, 30, 336, 0, 24, 165, 21020 }, // U+04B2
    { 19, 24, 294, 0, 18, 114, 21185 }, // U+04B3
    { 28, 30, 460, 1, 24, 210, 21299 }, // U+04B4
    { 23, 25, 386, 1, 18, 144, 21509 }, // U+04B5
    { 21, 30, 375, 3, 24, 158, 21653 }, // U+04B6
    { 18, 24, 331, 2, 18, 108, 21811 }, // U+04B7
    { 18, 24, 372, 3, 24, 108, 21919 }, // U+04B8
    { 15, 18, 323, 2, 18, 68, 22027 }, // U+04B9
    { 18, 24, 372, 3, 24, 108, 22095 }, // U+04BA
    { 16, 25, 330, 3, 25, 100, 22203 }, // U+04BB
    { 26, 24, 453, 1, 24, 156, 22303 }, // U+04BC
    { 20, 18, 355, 1, 18, 90, 22459 }, // U+04BD
    { 26, 30, 453, 1, 24, 195, 22549 }, // U+04BE
    { 20, 24, 355, 1, 18, 120, 22744 }, // U+04BF
    { 9, 24, 181, 1, 24, 54, 22864 }, // U+04C0
    { 31, 30, 483, 0, 30, 233, 22918 }, // U+04C1
    { 25, 25, 405, 0, 25, 157, 23151 }, // U+04C2
    { 19, 32, 371, 3, 24, 152, 23308 }, // U+04C3
    { 15, 26, 299, 3, 18, 98, 23460 }, // U+04C4
    { 25, 30, 383, 0, 24, 188, 23558 }, // U+04C5
    { 20, 24, 313, 1, 18, 120, 23746 }, // U+04C6
    { 19, 32, 390, 3, 24, 152, 23866 }, // U+04C7
    { 16, 26, 331, 3, 18, 104, 24018 }, // U+04C8
    { 22, 30, 403, 3, 24, 165, 24122 }, // U+04C9
    { 20, 24, 353, 3, 18, 120, 24287 }, // U+04CA
    { 18, 30, 372, 3, 24, 135, 24407 }, // U+04CB
    { 16, 24, 327, 2, 18, 96, 24542 }, // U+04CC
    { 28, 30, 489, 3, 24, 210, 24638 }, // U+04CD
    { 23, 24, 403, 3, 18, 138, 24848 }, // U+04CE
    { 9, 24, 181, 1, 24, 54, 24986 }, // U+04CF
    { 22, 30, 341, 0, 30, 165, 25040 }, // U+04D0
    { 16, 25, 299, 2, 25, 100, 25205 }, // U+04D1
    { 22, 30, 341, 0, 30, 165, 25305 }, // U+04D2
    { 16, 24, 299, 2, 24, 96, 25470 }, // U+04D3
    { 28, 24, 470, 0, 24, 168, 25566 }, // U+04D4
    { 26, 18, 461, 2, 18, 117, 25734 }, // U+04D5
    { 14, 30, 296, 3, 30, 105, 25851 }, // U+04D6
    { 16, 25, 301, 2, 25, 100, 25956 }, // U+04D7
    { 21, 24, 394, 2, 24, 126, 26056 }, // U+04D8
    { 16, 18, 301, 2, 18, 72, 26182 }, // U+04D9
    { 21, 30, 394, 2, 30, 158, 26254 }, // U+04DA
    { 16, 24, 301, 2, 24, 96, 26412 }, // U+04DB
    { 31, 30, 483, 0, 30, 233, 26508 }, // U+04DC
    { 25, 24, 405, 0, 24, 150, 26741 }, // U+04DD
    { 17, 30, 308, 1, 30, 128, 26891 }, // U+04DE
    { 14, 24, 260, 1, 24, 84, 27019 }, // U+04DF
    { 17, 24, 311, 1, 24, 102, 27103 }, // U+04E0
    { 16, 26, 266, 0, 18, 104, 27205 }, // U+04E1
    { 19, 28, 403, 3, 28, 133, 27309 }, // U+04E2
    { 16, 23, 331, 3, 23, 92, 27442 }, // U+04E3
    { 19, 30, 403, 3, 30, 143, 27534 }, // U+04E4
    { 16, 24, 331, 3, 24, 96, 27677 }, // U+04E5
    { 22, 30, 416, 2, 30, 165, 27773 }, // U+04E6
    { 17, 24, 323, 2, 24, 102, 27938 }, // U+04E7
    { 22, 24, 417, 2, 24, 132, 28040 }, // U+04E8
    { 17, 18, 323, 2, 18, 77, 28172 }, // U+04E9
    { 22, 30, 417, 2, 30, 165, 28249 }, // U+04EA
    { 17, 24, 323, 2, 24, 102, 28414 }, // U+04EB
    { 19, 30, 345, 1, 30, 143, 28516 }, // U+04EC
    { 14, 24, 263, 1, 24, 84, 28659 }, // U+04ED
    { 22, 29, 328, -1, 29, 160, 28743 }, // U+04EE
    { 18, 31, 271, 0, 23, 140, 28903 }, // U+04EF
    { 21, 30, 328, 0, 30, 158, 29043 }, // U+04F0
    { 17, 32, 271, 0, 24, 136, 29201 }, // U+04F1
    { 21, 31, 328, 0, 31, 163, 29337 }, // U+04F2
    { 18, 33, 272, -1, 25, 149, 29500 }, // U+04F3
    { 17, 30, 359, 2, 30, 128, 29649 }, // U+04F4
    { 15, 24, 314, 2, 24, 90, 29777 }, // U+04F5
    { 14, 30, 283, 3, 24, 105, 29867 }, // U+04F6
    { 11, 24, 231, 3, 18, 66, 29972 }, // U+04F7
    { 22, 30, 453, 3, 30, 165, 30038 }, // U+04F8
    { 20, 24, 405, 3, 24, 120, 30203 }, // U+04F9
    { 16, 31, 283, 1, 24, 124, 30323 }, // U+04FA
    { 14, 25, 231, 1, 18, 88, 30447 }, // U+04FB
    { 22, 31, 337, 0, 24, 171, 30535 }, // U+04FC
    { 19, 25, 293, 0, 18, 119, 30706 }, // U+04FD
    { 19, 24, 312, 0, 24, 114, 30825 }, // U+04FE
    { 18, 18, 282, 0, 18, 81, 30939 }, // U+04FF
    { 22, 30, 341, -1, 24, 165, 0 }, // U+1EA0
    { 16, 24, 299, 2, 18, 96, 165 }, // U+1EA1
    { 22, 33, 341, 0, 33, 182, 261 }, // U+1EA2
    { 16, 27, 299, 2, 27, 108, 443 }, // U+1EA3
    { 22, 32, 341, 0, 32, 176, 551 }, // U+1EA4
    { 18, 27, 299, 2, 27, 122, 727 }, // U+1EA5
    { 22, 32, 341, 0, 32, 176, 849 }, // U+1EA6
    { 17, 27, 299, 1, 27, 115, 1025 }, // U+1EA7
    { 22, 34, 341, 0, 34, 187, 1140 }, // U+1EA8
    { 16, 29, 299, 2, 29, 116, 1327 }, // U+1EA9
    { 22, 34, 341, 0, 34, 187, 1443 }, // U+1EAA
    { 16, 29, 299, 2, 29, 116, 1630 }, // U+1EAB
    { 22, 37, 341, -1, 31, 204, 1746 }, // U+1EAC
    { 16, 32, 299, 2, 26, 128, 1950 }, // U+1EAD
    { 22, 34, 341, 0, 34, 187, 2078 }, // U+1EAE
    { 16, 28, 299, 2, 28, 112, 2265 }, // U+1EAF
    { 22, 34, 341, 0, 34, 187, 2377 }, // U+1EB0
    { 16, 28, 299, 2, 28, 112, 2564 }, // U+1EB1
    { 23, 34, 341, -1, 34, 196, 2676 }, // U+1EB2
    { 16, 29, 299, 2, 29, 116, 2872 }, // U+1EB3
    { 22, 34, 341, 0, 34, 187, 2988 }, // U+1EB4
    { 16, 30, 299, 2, 30, 120, 3175 }, // U+1EB5
    { 22, 37, 341, -1, 31, 204, 3295 }, // U+1EB6
    { 16, 31, 299, 2, 25, 124, 3499 }, // U+1EB7
    { 14, 30, 296, 3, 24, 105, 3623 }, // U+1EB8
    { 16, 24, 301, 2, 18, 96, 3728 }, // U+1EB9
    { 14, 33, 296, 3, 33, 116, 3824 }, // U+1EBA
    { 16, 27, 301, 2, 27, 108, 3940 }, // U+1EBB
    { 14, 30, 296, 3, 30, 105, 4048 }, // U+1EBC
    { 16, 24, 301, 2, 24, 96, 4153 }, // U+1EBD
    { 16, 32, 296, 3, 32, 128, 4249 }, // U+1EBE
    { 17, 27, 301, 2, 27, 115, 4377 }, // U+1EBF
    { 16, 32, 296, 1, 32, 128, 4492 }, // U+1EC0
    { 17, 27, 301, 1, 27, 115, 4620 }, // U+1EC1
    { 15, 34, 296, 3, 34, 128, 4735 }, // U+1EC2
    { 16, 29, 301, 2, 29, 116, 4863 }, // U+1EC3
    { 14, 34, 296, 3, 34, 119, 4979 }, // U+1EC4
    { 16, 29, 301, 2, 29, 116, 5098 }, // U+1EC5
    { 14, 37, 296, 3, 31, 130, 5214 }, // U+1EC6
    { 16, 32, 301, 2, 26, 128, 5344 }, // U+1EC7
    { 9, 33, 181, 1, 33, 75, 5472 }, // U+1EC8
    { 7, 27, 138, 2, 27, 48, 5547 }, // U+1EC9
    { 9, 30, 181, 1, 24, 68, 5595 }, // U+1ECA
    { 4, 31, 138, 3, 25, 31, 5663 }, // U+1ECB
    { 22, 30, 416, 2, 24, 165, 5694 }, // U+1ECC
    { 17, 24, 323, 2, 18, 102, 5859 }, // U+1ECD
    { 22, 33, 416, 2, 33, 182, 5961 }, // U+1ECE
    { 17, 27, 323, 2, 27, 115, 6143 }, // U+1ECF
    { 22, 33, 416, 2, 33, 182, 6258 }, // U+1ED0
    { 18, 27, 323, 2, 27, 122, 6440 }, // U+1ED1
    { 22, 33, 416, 2, 33, 182, 6562 }, // U+1ED2
    { 18, 27, 323, 1, 27, 122, 6744 }, // U+1ED3
    { 22, 34, 416, 2, 34, 187, 6866 }, // U+1ED4
    { 17, 29, 323, 2, 29, 124, 7053 }, // U+1ED5
    { 22, 35, 416, 2, 35, 193, 7177 }, // U+1ED6
    { 17, 29, 323, 2, 29, 124, 7370 }, // U+1ED7
    { 22, 38, 416, 2, 32, 209, 7494 }, // U+1ED8
    { 17, 32, 323, 2, 26, 136, 7703 }, // U+1ED9
    { 25, 32, 418, 2, 32, 200, 7839 }, // U+1EDA
    { 21, 26, 328, 2, 26, 137, 8039 }, // U+1EDB
    { 25, 32, 418, 2, 32, 200, 8176 }, // U+1EDC
    { 21, 26, 328, 2, 26, 137, 8376 }, // U+1EDD
    { 25, 33, 418, 2, 33, 207, 8513 }, // U+1EDE
    { 21, 27, 328, 2, 27, 142, 8720 }, // U+1EDF
    { 25, 31, 418, 2, 31, 194, 8862 }, // U+1EE0
    { 21, 24, 328, 2, 24, 126, 9056 }, // U+1EE1
    { 25, 31, 418, 2, 25, 194, 9182 }, // U+1EE2
    { 21, 27, 328, 2, 21, 142, 9376 }, // U+1EE3
    { 19, 30, 390, 3, 24, 143, 9518 }, // U+1EE4
    { 16, 24, 330, 3, 18, 96, 9661 }, // U+1EE5
    { 19, 33, 390, 3, 33, 157, 9757 }, // U+1EE6
    { 16, 27, 330, 3, 27, 108, 9914 }, // U+1EE7
    { 25, 32, 416, 3, 32, 200, 10022 }, // U+1EE8
    { 21, 26, 359, 3, 26, 137, 10222 }, // U+1EE9
    { 25, 32, 416, 3, 32, 200, 10359 }, // U+1EEA
    { 21, 26, 359, 3, 26, 137, 10559 }, // U+1EEB
    { 25, 33, 416, 3, 33, 207, 10696 }, // U+1EEC
    { 21, 27, 359, 3, 27, 142, 10903 }, // U+1EED
    { 25, 31, 416, 3, 31, 194, 11045 }, // U+1EEE
    { 21, 24, 359, 3, 24, 126, 11239 }, // U+1EEF
    { 25, 31, 416, 3, 25, 194, 11365 }, // U+1EF0
    { 21, 27, 359, 3, 21, 142, 11559 }, // U+1EF1
    { 19, 31, 302, 0, 31, 148, 11701 }, // U+1EF2
    { 18, 33, 272, -1, 25, 149, 11849 }, // U+1EF3
    { 19, 30, 302, 0, 24, 143, 11998 }, // U+1EF4
    { 18, 26, 272, 0, 18, 117, 12141 }, // U+1EF5
    { 20, 33, 302, -1, 33, 165, 12258 }, // U+1EF6
    { 18, 35, 272, 0, 27, 158, 12423 }, // U+1EF7
    { 19, 30, 302, 0, 30, 143, 12581 }, // U+1EF8
    { 18, 32, 272, -1, 24, 144, 12724 }, // U+1EF9
    { 0, 0, 267, 0, 0, 0, 0 }, // U+2000
    { 0, 0, 533, 0, 0, 0, 0 }, // U+2001
    { 0, 0, 267, 0, 0, 0, 0 }, // U+2002
    { 0, 0, 533, 0, 0, 0, 0 }, // U+2003
    { 0, 0, 178, 0, 0, 0, 0 }, // U+2004
    { 0, 0, 133, 0, 0, 0, 0 }, // U+2005
    { 0, 0, 89, 0, 0, 0, 0 }, // U+2006
    { 0, 0, 305, 0, 0, 0, 0 }, // U+2007
    { 0, 0, 143, 0, 0, 0, 0 }, // U+2008
    { 0, 0, 89, 0, 0, 0, 0 }, // U+2009
    { 0, 0, 53, 0, 0, 0, 0 }, // U+200A
    { 0, 0, 0, 0, 0, 0, 0 }, // U+200B
    { 0, 0, 0, 0, 0, 0, 0 }, // U+200C
    { 0, 0, 0, 0, 0, 0, 0 }, // U+200D
    { 9, 28, 0, -1, 23, 63, 0 }, // U+200E
    { 8, 28, 0, -7, 23, 56, 63 }, // U+200F
    { 8, 3, 172, 1, 11, 6, 119 }, // U+2010
    { 8, 3, 172, 1, 11, 6, 125 }, // U+2011
    { 16, 3, 305, 1, 14, 12, 131 }, // U+2012
    { 14, 3, 267, 1, 11, 11, 143 }, // U+2013
    { 31, 3, 533, 1, 11, 24, 154 }, // U+2014
    { 31, 3, 533, 1, 11, 24, 178 }, // U+2015
    { 11, 33, 294, 4, 25, 91, 202 }, // U+2016
    { 14, 7, 219, 0, 0, 25, 293 }, // U+2017
    { 6, 8, 93, 0, 24, 12, 318 }, // U+2018
    { 6, 8, 93, 0, 24, 12, 330 }, // U+2019
    { 6, 8, 133, 1, 4, 12, 342 }, // U+201A
    { 6, 8, 93, 0, 24, 12, 354 }, // U+201B
    { 12, 8, 191, 0, 24, 24, 366 }, // U+201C
    { 12, 8, 191, 0, 24, 24, 390 }, // U+201D
    { 12, 8, 222, 1, 4, 24, 414 }, // U+201E
    { 12, 8, 191, 0, 24, 24, 438 }, // U+201F
    { 13, 25, 273, 2, 25, 82, 462 }, // U+2020
    { 13, 25, 273, 2, 25, 82, 544 }, // U+2021
    { 7, 8, 201, 3, 16, 14, 626 }, // U+2022
    { 9, 11, 196, 2, 18, 25, 640 }, // U+2023
    { 4, 4, 267, 6, 4, 4, 665 }, // U+2024
    { 13, 4, 286, 2, 4, 13, 669 }, // U+2025
    { 22, 4, 422, 2, 4, 22, 682 }, // U+2026
    { 4, 4, 143, 2, 10, 4, 704 }, // U+2027
    { 0, 0, 320, 0, 0, 0, 708 }, // U+2028
    { 0, 0, 320, 0, 0, 0, 708 }, // U+2029
    { 9, 25, 0, -1, 20, 57, 708 }, // U+202A
    { 8, 25, 0, -7, 20, 50, 765 }, // U+202B
    { 8, 27, 0, -4, 23, 54, 815 }, // U+202C
    { 9, 28, 0, -5, 23, 63, 869 }, // U+202D
    { 8, 28, 0, -4, 23, 56, 932 }, // U+202E
    { 0, 0, 89, 0, 0, 0, 988 }, // U+202F
    { 36, 24, 628, 2, 24, 216, 988 }, // U+2030
    { 50, 24, 823, 1, 24, 300, 1204 }, // U+2031
    { 8, 9, 124, 1, 24, 18, 1504 }, // U+2032
    { 14, 9, 218, 1, 24, 32, 1522 }, // U+2033
    { 20, 9, 311, 1, 24, 45, 1554 }, // U+2034
    { 8, 9, 124, -1, 24, 18, 1599 }, // U+2035
    { 13, 9, 235, -1, 24, 30, 1617 }, // U+2036
    { 19, 9, 321, -1, 24, 43, 1647 }, // U+2037
    { 13, 11, 213, 0, 3, 36, 1690 }, // U+2038
    { 8, 15, 165, 1, 16, 30, 1726 }, // U+2039
    { 8, 15, 165, 1, 16, 30, 1756 }, // U+203A
    { 25, 24, 446, 2, 24, 150, 1786 }, // U+203B
    { 12, 24, 266, 2, 24, 72, 1936 }, // U+203C
    { 14, 24, 237, 0, 24, 84, 2008 }, // U+203D
    { 17, 3, 267, 0, 28, 13, 2092 }, // U+203E
    { 20, 8, 325, 0, 0, 40, 2105 }, // U+203F
    { 20, 8, 325, 0, 26, 40, 2145 }, // U+2040
    { 12, 21, 199, 0, 13, 63, 2185 }, // U+2041
    { 37, 30, 596, 0, 25, 278, 2248 }, // U+2042
    { 8, 3, 172, 1, 11, 6, 2526 }, // U+2043
    { 18, 24, 69, -7, 24, 108, 2532 }, // U+2044
    { 8, 29, 173, 3, 24, 58, 2640 }, // U+2045
    { 9, 29, 173, 0, 24, 66, 2698 }, // U+2046
    { 28, 24, 456, 0, 24, 168, 2764 }, // U+2047
    { 20, 24, 362, 0, 24, 120, 2932 }, // U+2048
    { 21, 24, 364, 2, 24, 126, 3052 }, // U+2049
    { 16, 18, 305, 1, 18, 72, 3178 }, // U+204A
    { 17, 30, 349, 3, 25, 128, 3250 }, // U+204B
    { 17, 17, 341, 2, 18, 73, 3378 }, // U+204C
    { 16, 17, 341, 3, 18, 68, 3451 }, // U+204D
    { 16, 15, 294, 1, 8, 60, 3519 }, // U+204E
    { 6, 22, 126, 1, 18, 33, 3579 }, // U+204F
    { 20, 34, 323, 0, 26, 170, 3612 }, // U+2050
    { 16, 32, 294, 1, 25, 128, 3782 }, // U+2051
    { 13, 24, 198, 0, 24, 78, 3910 }, // U+2052
    { 29, 6, 533, 2, 13, 44, 3988 }, // U+2053
    { 20, 8, 323, 0, 0, 40, 4032 }, // U+2054
    { 17, 17, 305, 1, 17, 73, 4072 }, // U+2055
    { 14, 24, 276, 2, 24, 84, 4145 }, // U+2056
    { 25, 9, 396, 1, 24, 57, 4229 }, // U+2057
    { 24, 24, 438, 2, 24, 144, 4286 }, // U+2058
    { 24, 24, 442, 2, 24, 144, 4430 }, // U+2059
    { 4, 24, 118, 2, 24, 24, 4574 }, // U+205A
    { 18, 25, 349, 2, 25, 113, 4598 }, // U+205B
    { 24, 25, 424, 1, 25, 150, 4711 }, // U+205C
    { 4, 23, 143, 2, 23, 23, 4861 }, // U+205D
    { 4, 24, 143, 2, 24, 24, 4884 }, // U+205E
    { 0, 0, 118, 0, 0, 0, 4908 }, // U+205F
    { 0, 0, 320, 0, 0, 0, 4908 }, // U+2060
    { 0, 0, 320, 0, 0, 0, 4908 }, // U+2061
    { 0, 0, 320, 0, 0, 0, 4908 }, // U+2062
    { 0, 0, 320, 0, 0, 0, 4908 }, // U+2063
    { 0, 0, 320, 0, 0, 0, 4908 }, // U+2064
    { 0, 0, 0, 0, 0, 0, 4908 }, // U+2066
    { 0, 0, 0, 0, 0, 0, 4908 }, // U+2067
    { 0, 0, 0, 0, 0, 0, 4908 }, // U+2068
    { 0, 0, 0, 0, 0, 0, 4908 }, // U+2069
    { 8, 28, 0, -4, 23, 56, 4908 }, // U+206A
    { 8, 28, 0, -5, 23, 56, 4964 }, // U+206B
    { 9, 27, 0, -4, 23, 61, 5020 }, // U+206C
    { 9, 28, 0, -4, 24, 63, 5081 }, // U+206D
    { 9, 28, 0, -4, 24, 63, 5144 }, // U+206E
    { 8, 28, 0, -4, 23, 56, 5207 }, // U+206F
    { 11, 15, 187, 1, 29, 42, 0 }, // U+2070
    { 2, 15, 90, 2, 25, 8, 42 }, // U+2071
    { 11, 14, 187, 1, 28, 39, 50 }, // U+2074
    { 11, 15, 187, 0, 29, 42, 89 }, // U+2075
    { 11, 15, 187, 1, 29, 42, 131 }, // U+2076
    { 10, 16, 187, 1, 29, 40, 173 }, // U+2077
    { 10, 15, 187, 1, 29, 38, 213 }, // U+2078
    { 11, 15, 187, 1, 29, 42, 251 }, // U+2079
    { 9, 9, 180, 1, 24, 21, 293 }, // U+207A
    { 9, 2, 180, 1, 21, 5, 314 }, // U+207B
    { 9, 7, 180, 1, 24, 16, 319 }, // U+207C
    { 6, 18, 121, 2, 30, 27, 335 }, // U+207D
    { 7, 18, 121, -1, 30, 32, 362 }, // U+207E
    { 10, 11, 214, 2, 21, 28, 394 }, // U+207F
    { 11, 16, 187, 1, 11, 44, 422 }, // U+2080
    { 8, 15, 187, 1, 11, 30, 466 }, // U+2081
    { 10, 16, 187, 1, 12, 40, 496 }, // U+2082
    { 11, 16, 187, 0, 11, 44, 536 }, // U+2083
    { 11, 15, 187, 1, 11, 42, 580 }, // U+2084
    { 11, 16, 187, 0, 11, 44, 622 }, // U+2085
    { 11, 16, 187, 1, 11, 44, 666 }, // U+2086
    { 10, 16, 187, 1, 11, 40, 710 }, // U+2087
    { 10, 16, 187, 1, 11, 40, 750 }, // U+2088
    { 11, 16, 187, 1, 11, 44, 790 }, // U+2089
    { 9, 9, 180, 1, 6, 21, 834 }, // U+208A
    { 9, 2, 180, 1, 3, 5, 855 }, // U+208B
    { 9, 6, 180, 1, 5, 14, 860 }, // U+208C
    { 6, 18, 121, 2, 12, 27, 874 }, // U+208D
    { 7, 18, 121, -1, 12, 32, 901 }, // U+208E
    { 9, 11, 195, 1, 8, 25, 933 }, // U+2090
    { 10, 11, 196, 1, 8, 28, 958 }, // U+2091
    { 11, 11, 210, 1, 8, 31, 986 }, // U+2092
    { 12, 11, 183, 0, 8, 33, 1017 }, // U+2093
    { 10, 11, 196, 1, 8, 28, 1050 }, // U+2094
    { 10, 15, 214, 2, 12, 38, 1078 }, // U+2095
    { 11, 15, 185, 2, 12, 42, 1116 }, // U+2096
    { 3, 15, 90, 2, 12, 12, 1158 }, // U+2097
    { 17, 11, 324, 2, 8, 47, 1170 }, // U+2098
    { 10, 11, 214, 2, 8, 28, 1217 }, // U+2099
    { 11, 16, 213, 2, 8, 44, 1245 }, // U+209A
    { 9, 11, 166, 1, 8, 25, 1289 }, // U+209B
    { 8, 14, 125, 1, 11, 28, 1314 }, // U+209C
    { 17, 24, 305, 1, 24, 102, 0 }, // U+20A0
    { 17, 27, 305, 2, 25, 115, 102 }, // U+20A1
    { 16, 24, 305, 2, 24, 96, 217 }, // U+20A2
    { 16, 24, 305, 1, 24, 96, 313 }, // U+20A3
    { 17, 24, 305, 1, 24, 102, 409 }, // U+20A4
    { 26, 26, 499, 3, 22, 169, 511 }, // U+20A5
    { 18, 24, 305, 1, 24, 108, 680 }, // U+20A6
    { 22, 24, 414, 3, 24, 132, 788 }, // U+20A7
    { 24, 24, 444, 3, 24, 144, 920 }, // U+20A8
    { 22, 24, 357, 1, 24, 132, 1064 }, // U+20A9
    { 22, 24, 426, 3, 24, 132, 1196 }, // U+20AA
    { 19, 30, 329, 2, 25, 143, 1328 }, // U+20AB
    { 18, 24, 305, 1, 24, 108, 1471 }, // U+20AC
    { 19, 24, 305, 1, 24, 114, 1579 }, // U+20AD
    { 18, 24, 305, 1, 24, 108, 1693 }, // U+20AE
    { 31, 32, 517, 1, 24, 248, 1801 }, // U+20AF
    { 17, 32, 305, 0, 24, 136, 2049 }, // U+20B0
    { 18, 24, 305, 1, 24, 108, 2185 }, // U+20B1
    { 20, 28, 388, 2, 25, 140, 2293 }, // U+20B2
    { 22, 24, 324, 0, 24, 132, 2433 }, // U+20B3
    { 18, 24, 293, 1, 24, 108, 2565 }, // U+20B4
    { 18, 28, 337, 2, 25, 126, 2673 }, // U+20B5
    { 20, 22, 331, 0, 22, 110, 2799 }, // U+20B6
    { 23, 27, 387, 0, 24, 156, 2909 }, // U+20B7
    { 17, 24, 291, 1, 24, 102, 3065 }, // U+20B8
    { 14, 25, 305, 3, 25, 88, 3167 }, // U+20B9
    { 18, 24, 305, 0, 24, 108, 3255 }, // U+20BA
    { 25, 24, 416, 1, 24, 150, 3363 }, // U+20BB
    { 23, 24, 432, 2, 24, 138, 3513 }, // U+20BC
    { 18, 24, 310, 1, 24, 108, 3651 }, // U+20BD
    { 22, 26, 411, 2, 26, 143, 3759 }, // U+20BE
    { 15, 30, 305, 3, 27, 113, 3902 }, // U+20BF
    { 14, 23, 263, 2, 18, 81, 4015 }, // U+20C0
    { 16, 3, 305, 2, 13, 12, 0 }, // U+2212
    { 24, 26, 367, 1, 26, 156, 0 }, // U+FB00
    { 17, 26, 321, 1, 26, 111, 156 }, // U+FB01
    { 17, 25, 321, 1, 25, 107, 267 }, // U+FB02
    { 29, 26, 504, 1, 26, 189, 374 }, // U+FB03
    { 29, 25, 504, 1, 25, 182, 563 }, // U+FB04
    { 19, 26, 359, 3, 26, 124, 745 }, // U+FB05
    { 26, 26, 448, 2, 26, 169, 869 }, // U+FB06
    { 31, 32, 533, 1, 26, 248, 0 }, // U+FFFD
};

static const EpdUnicodeInterval notosans_16_regularIntervals[] = {
    { 0x0, 0x0, 0x0 },
    { 0xD, 0xD, 0x1 },
    { 0x20, 0x7E, 0x2 },
    { 0xA0, 0xFF, 0x61 },
    { 0x100, 0x17F, 0xC1 },
    { 0x1A0, 0x1A1, 0x141 },
    { 0x1AF, 0x1B0, 0x143 },
    { 0x1C4, 0x21F, 0x145 },
    { 0x300, 0x36F, 0x1A1 },
    { 0x400, 0x4FF, 0x211 },
    { 0x1EA0, 0x1EF9, 0x311 },
    { 0x2000, 0x2064, 0x36B },
    { 0x2066, 0x206F, 0x3D0 },
    { 0x2070, 0x2071, 0x3DA },
    { 0x2074, 0x208E, 0x3DC },
    { 0x2090, 0x209C, 0x3F7 },
    { 0x20A0, 0x20C0, 0x404 },
    { 0x2212, 0x2212, 0x425 },
    { 0xFB00, 0xFB06, 0x426 },
    { 0xFFFD, 0xFFFD, 0x42D },
};

static const EpdFontGroup notosans_16_regularGroups[] = {
    { 0, 3216, 8436, 97, 0 },
    { 3216, 2988, 10371, 96, 97 },
    { 6204, 3758, 15899, 128, 193 },
    { 9962, 3861, 14536, 96, 321 },
    { 13823, 1137, 2168, 112, 417 },
    { 14960, 9573, 33355, 256, 529 },
    { 24533, 2901, 14046, 90, 785 },
    { 27434, 1900, 5710, 111, 875 },
    { 29334, 691, 1538, 42, 986 },
    { 30025, 1933, 4447, 33, 1028 },
    { 31958, 12, 12, 1, 1061 },
    { 31970, 304, 1131, 7, 1062 },
    { 32274, 140, 256, 1, 1069 },
};

static const EpdKernClassEntry notosans_16_regularKernLeftClasses[] = {
    { 0x0022, 1 }, // "
    { 0x0026, 2 }, // &
    { 0x0027, 1 }, // '
    { 0x0028, 3 }, // (
    { 0x002C, 4 }, // ,
    { 0x002D, 5 }, // -
    { 0x002E, 4 }, // .
    { 0x003A, 6 }, // :
    { 0x0041, 7 }, // A
    { 0x0042, 8 }, // B
    { 0x0043, 9 }, // C
    { 0x0044, 10 }, // D
    { 0x0045, 11 }, // E
    { 0x0046, 12 }, // F
    { 0x004B, 9 }, // K
    { 0x004C, 13 }, // L
    { 0x004F, 10 }, // O
    { 0x0050, 14 }, // P
    { 0x0051, 10 }, // Q
    { 0x0052, 15 }, // R
    { 0x0054, 16 }, // T
    { 0x0055, 17 }, // U
    { 0x0056, 18 }, // V
    { 0x0057, 18 }, // W
    { 0x0058, 9 }, // X
    { 0x0059, 19 }, // Y
    { 0x005A, 20 }, // Z
    { 0x005B, 3 }, // [
    { 0x005F, 21 }, // _
    { 0x0061, 22 }, // a
    { 0x0062, 23 }, // b
    { 0x0063, 24 }, // c
    { 0x0065, 23 }, // e
    { 0x0066, 25 }, // f
    { 0x0068, 22 }, // h
    { 0x006D, 22 }, // m
    { 0x006E, 22 }, // n
    { 0x006F, 23 }, // o
    { 0x0070, 23 }, // p
    { 0x0072, 26 }, // r
    { 0x0074, 24 }, // t
    { 0x0076, 27 }, // v
    { 0x0077, 27 }, // w
    { 0x0078, 28 }, // x
    { 0x0079, 27 }, // y
    { 0x007B, 3 }, // {
    { 0x00A1, 29 }, // U+00A1
    { 0x00AB, 30 }, // U+00AB
    { 0x00BB, 31 }, // U+00BB
    { 0x00BF, 32 }, // U+00BF
    { 0x00C0, 7 }, // U+00C0
    { 0x00C1, 7 }, // U+00C1
    { 0x00C2, 7 }, // U+00C2
    { 0x00C3, 7 }, // U+00C3
    { 0x00C4, 7 }, // U+00C4
    { 0x00C5, 7 }, // U+00C5
    { 0x00C6, 11 }, // U+00C6
    { 0x00C7, 9 }, // U+00C7
    { 0x00C8, 11 }, // U+00C8
    { 0x00C9, 11 }, // U+00C9
    { 0x00CA, 11 }, // U+00CA
    { 0x00CB, 11 }, // U+00CB
    { 0x00D0, 10 }, // U+00D0
    { 0x00D2, 10 }, // U+00D2
    { 0x00D3, 10 }, // U+00D3
    { 0x00D4, 10 }, // U+00D4
    { 0x00D5, 10 }, // U+00D5
    { 0x00D6, 10 }, // U+00D6
    { 0x00D8, 10 }, // U+00D8
    { 0x00D9, 17 }, // U+00D9
    { 0x00DA, 17 }, // U+00DA
    { 0x00DB, 17 }, // U+00DB
    { 0x00DC, 17 }, // U+00DC
    { 0x00DD, 19 }, // U+00DD
    { 0x00DE, 14 }, // U+00DE
    { 0x00E0, 22 }, // U+00E0
    { 0x00E1, 22 }, // U+00E1
    { 0x00E2, 22 }, // U+00E2
    { 0x00E3, 22 }, // U+00E3
    { 0x00E4, 22 }, // U+00E4
    { 0x00E5, 22 }, // U+00E5
    { 0x00E6, 23 }, // U+00E6
    { 0x00E8, 23 }, // U+00E8
    { 0x00E9, 23 }, // U+00E9
    { 0x00EA, 23 }, // U+00EA
    { 0x00EB, 23 }, // U+00EB
    { 0x00EE, 33 }, // U+00EE
    { 0x00EF, 33 }, // U+00EF
    { 0x00F0, 23 }, // U+00F0
    { 0x00F2, 23 }, // U+00F2
    { 0x00F3, 23 }, // U+00F3
    { 0x00F4, 23 }, // U+00F4
    { 0x00F5, 23 }, // U+00F5
    { 0x00F6, 23 }, // U+00F6
    { 0x00F8, 23 }, // U+00F8
    { 0x00FD, 27 }, // U+00FD
    { 0x00FE, 23 }, // U+00FE
    { 0x00FF, 27 }, // U+00FF
    { 0x0100, 7 }, // U+0100
    { 0x0101, 22 }, // U+0101
    { 0x0102, 7 }, // U+0102
    { 0x0103, 22 }, // U+0103
    { 0x0104, 34 }, // U+0104
    { 0x0105, 22 }, // U+0105
    { 0x0106, 9 }, // U+0106
    { 0x0108, 9 }, // U+0108
    { 0x010A, 9 }, // U+010A
    { 0x010C, 9 }, // U+010C
    { 0x010E, 10 }, // U+010E
    { 0x010F, 35 }, // U+010F
    { 0x0110, 10 }, // U+0110
    { 0x0112, 11 }, // U+0112
    { 0x0113, 23 }, // U+0113
    { 0x0114, 11 }, // U+0114
    { 0x0115, 23 }, // U+0115
    { 0x0116, 11 }, // U+0116
    { 0x0117, 23 }, // U+0117
    { 0x0118, 11 }, // U+0118
    { 0x0119, 23 }, // U+0119
    { 0x011A, 11 }, // U+011A
    { 0x011B, 23 }, // U+011B
    { 0x0125, 22 }, // U+0125
    { 0x0129, 36 }, // U+0129
    { 0x012B, 33 }, // U+012B
    { 0x012E, 37 }, // U+012E
    { 0x0136, 9 }, // U+0136
    { 0x0138, 28 }, // U+0138
    { 0x0139, 13 }, // U+0139
    { 0x013B, 13 }, // U+013B
    { 0x013D, 13 }, // U+013D
    { 0x013E, 35 }, // U+013E
    { 0x013F, 13 }, // U+013F
    { 0x0141, 13 }, // U+0141
    { 0x0144, 22 }, // U+0144
    { 0x0146, 22 }, // U+0146
    { 0x0149, 22 }, // U+0149
    { 0x014B, 22 }, // U+014B
    { 0x014C, 10 }, // U+014C
    { 0x014D, 23 }, // U+014D
    { 0x014E, 10 }, // U+014E
    { 0x014F, 23 }, // U+014F
    { 0x0150, 10 }, // U+0150
    { 0x0151, 23 }, // U+0151
    { 0x0152, 11 }, // U+0152
    { 0x0153, 23 }, // U+0153
    { 0x0155, 26 }, // U+0155
    { 0x0157, 26 }, // U+0157
    { 0x0159, 26 }, // U+0159
    { 0x0162, 16 }, // U+0162
    { 0x0163, 24 }, // U+0163
    { 0x0164, 16 }, // U+0164
    { 0x0165, 38 }, // U+0165
    { 0x0166, 16 }, // U+0166
    { 0x0167, 24 }, // U+0167
    { 0x0168, 17 }, // U+0168
    { 0x016A, 17 }, // U+016A
    { 0x016C, 17 }, // U+016C
    { 0x016E, 17 }, // U+016E
    { 0x0170, 17 }, // U+0170
    { 0x0172, 17 }, // U+0172
    { 0x0174, 18 }, // U+0174
    { 0x0175, 27 }, // U+0175
    { 0x0176, 19 }, // U+0176
    { 0x0177, 27 }, // U+0177
    { 0x0178, 19 }, // U+0178
    { 0x0179, 20 }, // U+0179
    { 0x017B, 20 }, // U+017B
    { 0x017D, 20 }, // U+017D
    { 0x01A0, 39 }, // U+01A0
    { 0x01A1, 40 }, // U+01A1
    { 0x01AF, 41 }, // U+01AF
    { 0x01B0, 42 }, // U+01B0
    { 0x01FA, 7 }, // U+01FA
    { 0x01FB, 22 }, // U+01FB
    { 0x01FC, 11 }, // U+01FC
    { 0x01FD, 23 }, // U+01FD
    { 0x01FE, 10 }, // U+01FE
    { 0x020B, 33 }, // U+020B
    { 0x021A, 16 }, // U+021A
    { 0x021B, 24 }, // U+021B
    { 0x0400, 43 }, // U+0400
    { 0x0401, 43 }, // U+0401
    { 0x0402, 44 }, // U+0402
    { 0x0403, 45 }, // U+0403
    { 0x0404, 46 }, // U+0404
    { 0x0405, 47 }, // U+0405
    { 0x0409, 48 }, // U+0409
    { 0x040A, 48 }, // U+040A
    { 0x040B, 44 }, // U+040B
    { 0x040C, 49 }, // U+040C
    { 0x040E, 50 }, // U+040E
    { 0x0410, 51 }, // U+0410
    { 0x0411, 52 }, // U+0411
    { 0x0412, 53 }, // U+0412
    { 0x0413, 45 }, // U+0413
    { 0x0414, 54 }, // U+0414
    { 0x0415, 43 }, // U+0415
    { 0x0416, 49 }, // U+0416
    { 0x0417, 53 }, // U+0417
    { 0x041A, 49 }, // U+041A
    { 0x041E, 55 }, // U+041E
    { 0x0420, 56 }, // U+0420
    { 0x0421, 46 }, // U+0421
    { 0x0422, 45 }, // U+0422
    { 0x0423, 50 }, // U+0423
    { 0x0424, 57 }, // U+0424
    { 0x0425, 49 }, // U+0425
    { 0x0426, 54 }, // U+0426
    { 0x0429, 54 }, // U+0429
    { 0x042A, 48 }, // U+042A
    { 0x042C, 48 }, // U+042C
    { 0x042D, 55 }, // U+042D
    { 0x042E, 55 }, // U+042E
    { 0x0430, 58 }, // U+0430
    { 0x0431, 59 }, // U+0431
    { 0x0432, 60 }, // U+0432
    { 0x0433, 61 }, // U+0433
    { 0x0434, 62 }, // U+0434
    { 0x0435, 63 }, // U+0435
    { 0x0436, 64 }, // U+0436
    { 0x0437, 60 }, // U+0437
    { 0x0438, 65 }, // U+0438
    { 0x0439, 65 }, // U+0439
    { 0x043A, 64 }, // U+043A
    { 0x043B, 65 }, // U+043B
    { 0x043C, 65 }, // U+043C
    { 0x043D, 65 }, // U+043D
    { 0x043E, 63 }, // U+043E
    { 0x043F, 65 }, // U+043F
    { 0x0440, 63 }, // U+0440
    { 0x0441, 66 }, // U+0441
    { 0x0442, 61 }, // U+0442
    { 0x0443, 67 }, // U+0443
    { 0x0444, 63 }, // U+0444
    { 0x0445, 64 }, // U+0445
    { 0x0446, 62 }, // U+0446
    { 0x0447, 65 }, // U+0447
    { 0x0448, 65 }, // U+0448
    { 0x0449, 62 }, // U+0449
    { 0x044A, 68 }, // U+044A
    { 0x044B, 65 }, // U+044B
    { 0x044C, 68 }, // U+044C
    { 0x044D, 63 }, // U+044D
    { 0x044E, 63 }, // U+044E
    { 0x044F, 65 }, // U+044F
    { 0x0450, 63 }, // U+0450
    { 0x0451, 63 }, // U+0451
    { 0x0452, 69 }, // U+0452
    { 0x0453, 61 }, // U+0453
    { 0x0454, 66 }, // U+0454
    { 0x0455, 70 }, // U+0455
    { 0x0457, 71 }, // U+0457
    { 0x0458, 72 }, // U+0458
    { 0x0459, 68 }, // U+0459
    { 0x045A, 68 }, // U+045A
    { 0x045B, 73 }, // U+045B
    { 0x045C, 64 }, // U+045C
    { 0x045D, 65 }, // U+045D
    { 0x045E, 67 }, // U+045E
    { 0x045F, 65 }, // U+045F
    { 0x0460, 55 }, // U+0460
    { 0x0461, 74 }, // U+0461
    { 0x0462, 75 }, // U+0462
    { 0x0463, 68 }, // U+0463
    { 0x0464, 46 }, // U+0464
    { 0x0465, 66 }, // U+0465
    { 0x0466, 51 }, // U+0466
    { 0x0467, 76 }, // U+0467
    { 0x0468, 51 }, // U+0468
    { 0x0469, 76 }, // U+0469
    { 0x046E, 77 }, // U+046E
    { 0x0471, 63 }, // U+0471
    { 0x0472, 55 }, // U+0472
    { 0x0473, 63 }, // U+0473
    { 0x0474, 50 }, // U+0474
    { 0x0475, 74 }, // U+0475
    { 0x0476, 50 }, // U+0476
    { 0x0477, 74 }, // U+0477
    { 0x0478, 67 }, // U+0478
    { 0x0479, 67 }, // U+0479
    { 0x047A, 55 }, // U+047A
    { 0x047B, 63 }, // U+047B
    { 0x047C, 55 }, // U+047C
    { 0x047D, 63 }, // U+047D
    { 0x047E, 55 }, // U+047E
    { 0x047F, 74 }, // U+047F
    { 0x0480, 46 }, // U+0480
    { 0x048A, 54 }, // U+048A
    { 0x048B, 62 }, // U+048B
    { 0x048C, 75 }, // U+048C
    { 0x048D, 68 }, // U+048D
    { 0x048E, 56 }, // U+048E
    { 0x048F, 63 }, // U+048F
    { 0x0490, 78 }, // U+0490
    { 0x0491, 79 }, // U+0491
    { 0x0492, 80 }, // U+0492
    { 0x0493, 81 }, // U+0493
    { 0x0496, 82 }, // U+0496
    { 0x0497, 83 }, // U+0497
    { 0x0498, 77 }, // U+0498
    { 0x0499, 60 }, // U+0499
    { 0x049A, 82 }, // U+049A
    { 0x049B, 83 }, // U+049B
    { 0x049C, 49 }, // U+049C
    { 0x049D, 64 }, // U+049D
    { 0x049E, 49 }, // U+049E
    { 0x049F, 64 }, // U+049F
    { 0x04A0, 49 }, // U+04A0
    { 0x04A1, 64 }, // U+04A1
    { 0x04A2, 54 }, // U+04A2
    { 0x04A3, 62 }, // U+04A3
    { 0x04A4, 80 }, // U+04A4
    { 0x04A5, 79 }, // U+04A5
    { 0x04A9, 63 }, // U+04A9
    { 0x04AA, 46 }, // U+04AA
    { 0x04AB, 66 }, // U+04AB
    { 0x04AC, 78 }, // U+04AC
    { 0x04AD, 79 }, // U+04AD
    { 0x04AE, 84 }, // U+04AE
    { 0x04AF, 85 }, // U+04AF
    { 0x04B0, 84 }, // U+04B0
    { 0x04B1, 85 }, // U+04B1
    { 0x04B2, 82 }, // U+04B2
    { 0x04B3, 83 }, // U+04B3
    { 0x04B4, 54 }, // U+04B4
    { 0x04B5, 62 }, // U+04B5
    { 0x04B6, 54 }, // U+04B6
    { 0x04B7, 62 }, // U+04B7
    { 0x04BC, 86 }, // U+04BC
    { 0x04BD, 87 }, // U+04BD
    { 0x04BE, 86 }, // U+04BE
    { 0x04BF, 87 }, // U+04BF
    { 0x04C1, 49 }, // U+04C1
    { 0x04C2, 64 }, // U+04C2
    { 0x04C5, 54 }, // U+04C5
    { 0x04C6, 62 }, // U+04C6
    { 0x04C9, 54 }, // U+04C9
    { 0x04CA, 62 }, // U+04CA
    { 0x04CD, 54 }, // U+04CD
    { 0x04CE, 62 }, // U+04CE
    { 0x04D0, 51 }, // U+04D0
    { 0x04D1, 58 }, // U+04D1
    { 0x04D2, 51 }, // U+04D2
    { 0x04D3, 58 }, // U+04D3
    { 0x04D4, 43 }, // U+04D4
    { 0x04D5, 87 }, // U+04D5
    { 0x04D6, 43 }, // U+04D6
    { 0x04D7, 87 }, // U+04D7
    { 0x04D8, 55 }, // U+04D8
    { 0x04D9, 63 }, // U+04D9
    { 0x04DA, 55 }, // U+04DA
    { 0x04DB, 63 }, // U+04DB
    { 0x04DC, 49 }, // U+04DC
    { 0x04DD, 64 }, // U+04DD
    { 0x04DE, 77 }, // U+04DE
    { 0x04DF, 60 }, // U+04DF
    { 0x04E3, 65 }, // U+04E3
    { 0x04E5, 65 }, // U+04E5
    { 0x04E6, 55 }, // U+04E6
    { 0x04E7, 63 }, // U+04E7
    { 0x04E8, 55 }, // U+04E8
    { 0x04E9, 63 }, // U+04E9
    { 0x04EA, 55 }, // U+04EA
    { 0x04EB, 63 }, // U+04EB
    { 0x04EC, 55 }, // U+04EC
    { 0x04ED, 63 }, // U+04ED
    { 0x04EE, 50 }, // U+04EE
    { 0x04EF, 67 }, // U+04EF
    { 0x04F0, 50 }, // U+04F0
    { 0x04F1, 67 }, // U+04F1
    { 0x04F2, 50 }, // U+04F2
    { 0x04F3, 67 }, // U+04F3
    { 0x04F5, 65 }, // U+04F5
    { 0x04F6, 78 }, // U+04F6
    { 0x04F7, 79 }, // U+04F7
    { 0x04F9, 65 }, // U+04F9
    { 0x04FA, 80 }, // U+04FA
    { 0x04FB, 81 }, // U+04FB
    { 0x04FC, 82 }, // U+04FC
    { 0x04FD, 83 }, // U+04FD
    { 0x04FE, 49 }, // U+04FE
    { 0x04FF, 83 }, // U+04FF
    { 0x1EA0, 7 }, // U+1EA0
    { 0x1EA1, 22 }, // U+1EA1
    { 0x1EA2, 7 }, // U+1EA2
    { 0x1EA3, 22 }, // U+1EA3
    { 0x1EA4, 7 }, // U+1EA4
    { 0x1EA5, 22 }, // U+1EA5
    { 0x1EA6, 7 }, // U+1EA6
    { 0x1EA7, 22 }, // U+1EA7
    { 0x1EA8, 7 }, // U+1EA8
    { 0x1EA9, 22 }, // U+1EA9
    { 0x1EAA, 7 }, // U+1EAA
    { 0x1EAB, 22 }, // U+1EAB
    { 0x1EAC, 7 }, // U+1EAC
    { 0x1EAD, 22 }, // U+1EAD
    { 0x1EAE, 7 }, // U+1EAE
    { 0x1EAF, 22 }, // U+1EAF
    { 0x1EB0, 7 }, // U+1EB0
    { 0x1EB1, 22 }, // U+1EB1
    { 0x1EB2, 7 }, // U+1EB2
    { 0x1EB3, 22 }, // U+1EB3
    { 0x1EB4, 7 }, // U+1EB4
    { 0x1EB5, 22 }, // U+1EB5
    { 0x1EB6, 7 }, // U+1EB6
    { 0x1EB7, 22 }, // U+1EB7
    { 0x1EB8, 11 }, // U+1EB8
    { 0x1EB9, 23 }, // U+1EB9
    { 0x1EBA, 11 }, // U+1EBA
    { 0x1EBB, 23 }, // U+1EBB
    { 0x1EBC, 11 }, // U+1EBC
    { 0x1EBD, 23 }, // U+1EBD
    { 0x1EBE, 11 }, // U+1EBE
    { 0x1EBF, 23 }, // U+1EBF
    { 0x1EC0, 11 }, // U+1EC0
    { 0x1EC1, 23 }, // U+1EC1
    { 0x1EC2, 11 }, // U+1EC2
    { 0x1EC3, 23 }, // U+1EC3
    { 0x1EC4, 11 }, // U+1EC4
    { 0x1EC5, 23 }, // U+1EC5
    { 0x1EC6, 11 }, // U+1EC6
    { 0x1EC7, 23 }, // U+1EC7
    { 0x1ECC, 10 }, // U+1ECC
    { 0x1ECD, 23 }, // U+1ECD
    { 0x1ECE, 10 }, // U+1ECE
    { 0x1ECF, 23 }, // U+1ECF
    { 0x1ED0, 10 }, // U+1ED0
    { 0x1ED1, 23 }, // U+1ED1
    { 0x1ED2, 10 }, // U+1ED2
    { 0x1ED3, 23 }, // U+1ED3
    { 0x1ED4, 10 }, // U+1ED4
    { 0x1ED5, 23 }, // U+1ED5
    { 0x1ED6, 10 }, // U+1ED6
    { 0x1ED7, 23 }, // U+1ED7
    { 0x1ED8, 10 }, // U+1ED8
    { 0x1ED9, 23 }, // U+1ED9
    { 0x1EDA, 39 }, // U+1EDA
    { 0x1EDB, 40 }, // U+1EDB
    { 0x1EDC, 39 }, // U+1EDC
    { 0x1EDD, 40 }, // U+1EDD
    { 0x1EDE, 39 }, // U+1EDE
    { 0x1EDF, 40 }, // U+1EDF
    { 0x1EE0, 39 }, // U+1EE0
    { 0x1EE1, 40 }, // U+1EE1
    { 0x1EE2, 39 }, // U+1EE2
    { 0x1EE3, 40 }, // U+1EE3
    { 0x1EE4, 17 }, // U+1EE4
    { 0x1EE6, 17 }, // U+1EE6
    { 0x1EE8, 41 }, // U+1EE8
    { 0x1EE9, 42 }, // U+1EE9
    { 0x1EEA, 41 }, // U+1EEA
    { 0x1EEB, 42 }, // U+1EEB
    { 0x1EEC, 41 }, // U+1EEC
    { 0x1EED, 42 }, // U+1EED
    { 0x1EEE, 41 }, // U+1EEE
    { 0x1EEF, 42 }, // U+1EEF
    { 0x1EF0, 41 }, // U+1EF0
    { 0x1EF1, 42 }, // U+1EF1
    { 0x1EF2, 19 }, // U+1EF2
    { 0x1EF3, 27 }, // U+1EF3
    { 0x1EF4, 19 }, // U+1EF4
    { 0x1EF5, 27 }, // U+1EF5
    { 0x1EF6, 19 }, // U+1EF6
    { 0x1EF7, 27 }, // U+1EF7
    { 0x1EF8, 19 }, // U+1EF8
    { 0x1EF9, 27 }, // U+1EF9
    { 0x2013, 5 }, // U+2013
    { 0x2014, 5 }, // U+2014
    { 0x2015, 5 }, // U+2015
    { 0x2018, 1 }, // U+2018
    { 0x2019, 1 }, // U+2019
    { 0x201A, 4 }, // U+201A
    { 0x201C, 1 }, // U+201C
    { 0x201D, 1 }, // U+201D
    { 0x201E, 4 }, // U+201E
    { 0x2039, 30 }, // U+2039
    { 0x203A, 31 }, // U+203A
    { 0xFB00, 25 }, // U+FB00
};

static const EpdKernClassEntry notosans_16_regularKernRightClasses[] = {
    { 0x0021, 1 }, // !
    { 0x0022, 2 }, // "
    { 0x0026, 3 }, // &
    { 0x0027, 2 }, // '
    { 0x0029, 4 }, // )
    { 0x002C, 5 }, // ,
    { 0x002D, 6 }, // -
    { 0x002E, 5 }, // .
    { 0x003A, 7 }, // :
    { 0x003B, 7 }, // ;
    { 0x003F, 8 }, // ?
    { 0x0041, 9 }, // A
    { 0x0043, 10 }, // C
    { 0x0047, 10 }, // G
    { 0x0049, 11 }, // I
    { 0x004A, 12 }, // J
    { 0x004F, 10 }, // O
    { 0x0051, 10 }, // Q
    { 0x0054, 13 }, // T
    { 0x0055, 14 }, // U
    { 0x0056, 15 }, // V
    { 0x0057, 15 }, // W
    { 0x0058, 16 }, // X
    { 0x0059, 17 }, // Y
    { 0x005A, 18 }, // Z
    { 0x005D, 4 }, // ]
    { 0x0061, 19 }, // a
    { 0x0062, 20 }, // b
    { 0x0063, 21 }, // c
    { 0x0064, 21 }, // d
    { 0x0065, 21 }, // e
    { 0x0066, 22 }, // f
    { 0x0067, 23 }, // g
    { 0x0068, 20 }, // h
    { 0x006A, 24 }, // j
    { 0x006B, 20 }, // k
    { 0x006C, 20 }, // l
    { 0x006D, 25 }, // m
    { 0x006E, 25 }, // n
    { 0x006F, 21 }, // o
    { 0x0070, 25 }, // p
    { 0x0071, 21 }, // q
    { 0x0072, 25 }, // r
    { 0x0073, 26 }, // s
    { 0x0074, 22 }, // t
    { 0x0075, 25 }, // u
    { 0x0076, 27 }, // v
    { 0x0077, 27 }, // w
    { 0x0078, 27 }, // x
    { 0x0079, 27 }, // y
    { 0x007A, 28 }, // z
    { 0x007D, 4 }, // }
    { 0x00AB, 29 }, // U+00AB
    { 0x00BB, 30 }, // U+00BB
    { 0x00C0, 9 }, // U+00C0
    { 0x00C1, 9 }, // U+00C1
    { 0x00C2, 9 }, // U+00C2
    { 0x00C3, 9 }, // U+00C3
    { 0x00C4, 9 }, // U+00C4
    { 0x00C5, 9 }, // U+00C5
    { 0x00C6, 31 }, // U+00C6
    { 0x00C7, 10 }, // U+00C7
    { 0x00D2, 10 }, // U+00D2
    { 0x00D3, 10 }, // U+00D3
    { 0x00D4, 10 }, // U+00D4
    { 0x00D5, 10 }, // U+00D5
    { 0x00D6, 10 }, // U+00D6
    { 0x00D8, 10 }, // U+00D8
    { 0x00D9, 14 }, // U+00D9
    { 0x00DA, 14 }, // U+00DA
    { 0x00DB, 14 }, // U+00DB
    { 0x00DC, 14 }, // U+00DC
    { 0x00DD, 17 }, // U+00DD
    { 0x00E0, 21 }, // U+00E0
    { 0x00E1, 19 }, // U+00E1
    { 0x00E2, 19 }, // U+00E2
    { 0x00E3, 19 }, // U+00E3
    { 0x00E4, 19 }, // U+00E4
    { 0x00E5, 19 }, // U+00E5
    { 0x00E6, 19 }, // U+00E6
    { 0x00E7, 21 }, // U+00E7
    { 0x00E8, 21 }, // U+00E8
    { 0x00E9, 21 }, // U+00E9
    { 0x00EA, 21 }, // U+00EA
    { 0x00EB, 21 }, // U+00EB
    { 0x00F2, 21 }, // U+00F2
    { 0x00F3, 21 }, // U+00F3
    { 0x00F4, 21 }, // U+00F4
    { 0x00F5, 21 }, // U+00F5
    { 0x00F6, 21 }, // U+00F6
    { 0x00F8, 21 }, // U+00F8
    { 0x00F9, 25 }, // U+00F9
    { 0x00FA, 25 }, // U+00FA
    { 0x00FB, 25 }, // U+00FB
    { 0x00FC, 25 }, // U+00FC
    { 0x00FD, 27 }, // U+00FD
    { 0x00FE, 20 }, // U+00FE
    { 0x00FF, 27 }, // U+00FF
    { 0x0100, 9 }, // U+0100
    { 0x0101, 19 }, // U+0101
    { 0x0102, 9 }, // U+0102
    { 0x0103, 19 }, // U+0103
    { 0x0104, 9 }, // U+0104
    { 0x0105, 19 }, // U+0105
    { 0x0106, 10 }, // U+0106
    { 0x0107, 21 }, // U+0107
    { 0x0108, 10 }, // U+0108
    { 0x0109, 21 }, // U+0109
    { 0x010A, 10 }, // U+010A
    { 0x010B, 21 }, // U+010B
    { 0x010C, 10 }, // U+010C
    { 0x010D, 21 }, // U+010D
    { 0x010F, 21 }, // U+010F
    { 0x0111, 21 }, // U+0111
    { 0x0113, 21 }, // U+0113
    { 0x0115, 21 }, // U+0115
    { 0x0117, 21 }, // U+0117
    { 0x0119, 21 }, // U+0119
    { 0x011B, 21 }, // U+011B
    { 0x011C, 10 }, // U+011C
    { 0x011D, 23 }, // U+011D
    { 0x011E, 10 }, // U+011E
    { 0x011F, 23 }, // U+011F
    { 0x0120, 10 }, // U+0120
    { 0x0121, 23 }, // U+0121
    { 0x0122, 10 }, // U+0122
    { 0x0123, 23 }, // U+0123
    { 0x0125, 20 }, // U+0125
    { 0x0127, 32 }, // U+0127
    { 0x0129, 33 }, // U+0129
    { 0x0137, 20 }, // U+0137
    { 0x0138, 25 }, // U+0138
    { 0x013A, 20 }, // U+013A
    { 0x013C, 20 }, // U+013C
    { 0x013E, 20 }, // U+013E
    { 0x0140, 20 }, // U+0140
    { 0x0144, 25 }, // U+0144
    { 0x0146, 25 }, // U+0146
    { 0x014B, 25 }, // U+014B
    { 0x014C, 10 }, // U+014C
    { 0x014D, 21 }, // U+014D
    { 0x014E, 10 }, // U+014E
    { 0x014F, 21 }, // U+014F
    { 0x0150, 10 }, // U+0150
    { 0x0151, 21 }, // U+0151
    { 0x0152, 10 }, // U+0152
    { 0x0153, 21 }, // U+0153
    { 0x0155, 25 }, // U+0155
    { 0x0157, 25 }, // U+0157
    { 0x015B, 26 }, // U+015B
    { 0x015F, 26 }, // U+015F
    { 0x0162, 13 }, // U+0162
    { 0x0163, 22 }, // U+0163
    { 0x0164, 13 }, // U+0164
    { 0x0165, 22 }, // U+0165
    { 0x0166, 13 }, // U+0166
    { 0x0167, 22 }, // U+0167
    { 0x0168, 14 }, // U+0168
    { 0x0169, 25 }, // U+0169
    { 0x016A, 14 }, // U+016A
    { 0x016B, 25 }, // U+016B
    { 0x016C, 14 }, // U+016C
    { 0x016D, 25 }, // U+016D
    { 0x016E, 14 }, // U+016E
    { 0x016F, 25 }, // U+016F
    { 0x0170, 14 }, // U+0170
    { 0x0171, 25 }, // U+0171
    { 0x0172, 14 }, // U+0172
    { 0x0173, 25 }, // U+0173
    { 0x0174, 15 }, // U+0174
    { 0x0175, 27 }, // U+0175
    { 0x0176, 17 }, // U+0176
    { 0x0177, 27 }, // U+0177
    { 0x0178, 17 }, // U+0178
    { 0x0179, 18 }, // U+0179
    { 0x017A, 28 }, // U+017A
    { 0x017B, 18 }, // U+017B
    { 0x017C, 28 }, // U+017C
    { 0x017D, 18 }, // U+017D
    { 0x017E, 28 }, // U+017E
    { 0x01A0, 10 }, // U+01A0
    { 0x01A1, 21 }, // U+01A1
    { 0x01AF, 14 }, // U+01AF
    { 0x01B0, 25 }, // U+01B0
    { 0x01FA, 9 }, // U+01FA
    { 0x01FB, 19 }, // U+01FB
    { 0x01FC, 31 }, // U+01FC
    { 0x01FD, 19 }, // U+01FD
    { 0x01FE, 10 }, // U+01FE
    { 0x01FF, 21 }, // U+01FF
    { 0x0219, 26 }, // U+0219
    { 0x021A, 13 }, // U+021A
    { 0x021B, 22 }, // U+021B
    { 0x0402, 34 }, // U+0402
    { 0x0404, 35 }, // U+0404
    { 0x0405, 36 }, // U+0405
    { 0x0408, 37 }, // U+0408
    { 0x0409, 38 }, // U+0409
    { 0x040B, 34 }, // U+040B
    { 0x040E, 39 }, // U+040E
    { 0x0410, 40 }, // U+0410
    { 0x0414, 41 }, // U+0414
    { 0x0416, 42 }, // U+0416
    { 0x0417, 43 }, // U+0417
    { 0x041B, 38 }, // U+041B
    { 0x041E, 35 }, // U+041E
    { 0x0421, 35 }, // U+0421
    { 0x0422, 34 }, // U+0422
    { 0x0423, 39 }, // U+0423
    { 0x0424, 44 }, // U+0424
    { 0x0425, 42 }, // U+0425
    { 0x0427, 45 }, // U+0427
    { 0x042A, 34 }, // U+042A
    { 0x042D, 43 }, // U+042D
    { 0x042F, 46 }, // U+042F
    { 0x0430, 47 }, // U+0430
    { 0x0431, 48 }, // U+0431
    { 0x0432, 49 }, // U+0432
    { 0x0433, 49 }, // U+0433
    { 0x0434, 50 }, // U+0434
    { 0x0435, 51 }, // U+0435
    { 0x0436, 52 }, // U+0436
    { 0x0437, 53 }, // U+0437
    { 0x0438, 49 }, // U+0438
    { 0x0439, 49 }, // U+0439
    { 0x043A, 49 }, // U+043A
    { 0x043B, 54 }, // U+043B
    { 0x043C, 49 }, // U+043C
    { 0x043D, 49 }, // U+043D
    { 0x043E, 51 }, // U+043E
    { 0x043F, 49 }, // U+043F
    { 0x0440, 49 }, // U+0440
    { 0x0441, 51 }, // U+0441
    { 0x0442, 55 }, // U+0442
    { 0x0443, 56 }, // U+0443
    { 0x0444, 51 }, // U+0444
    { 0x0445, 52 }, // U+0445
    { 0x0446, 49 }, // U+0446
    { 0x0447, 57 }, // U+0447
    { 0x0448, 49 }, // U+0448
    { 0x0449, 49 }, // U+0449
    { 0x044A, 55 }, // U+044A
    { 0x044B, 49 }, // U+044B
    { 0x044C, 49 }, // U+044C
    { 0x044D, 53 }, // U+044D
    { 0x044E, 49 }, // U+044E
    { 0x044F, 58 }, // U+044F
    { 0x0450, 51 }, // U+0450
    { 0x0451, 51 }, // U+0451
    { 0x0452, 59 }, // U+0452
    { 0x0453, 49 }, // U+0453
    { 0x0454, 51 }, // U+0454
    { 0x0455, 60 }, // U+0455
    { 0x0457, 61 }, // U+0457
    { 0x0458, 62 }, // U+0458
    { 0x0459, 54 }, // U+0459
    { 0x045A, 49 }, // U+045A
    { 0x045B, 59 }, // U+045B
    { 0x045C, 49 }, // U+045C
    { 0x045D, 49 }, // U+045D
    { 0x045E, 56 }, // U+045E
    { 0x045F, 49 }, // U+045F
    { 0x0460, 63 }, // U+0460
    { 0x0461, 64 }, // U+0461
    { 0x0462, 65 }, // U+0462
    { 0x0465, 66 }, // U+0465
    { 0x0466, 40 }, // U+0466
    { 0x0467, 50 }, // U+0467
    { 0x0469, 66 }, // U+0469
    { 0x046D, 66 }, // U+046D
    { 0x046E, 43 }, // U+046E
    { 0x0470, 45 }, // U+0470
    { 0x0472, 63 }, // U+0472
    { 0x0473, 47 }, // U+0473
    { 0x0474, 67 }, // U+0474
    { 0x0475, 64 }, // U+0475
    { 0x0476, 67 }, // U+0476
    { 0x0477, 64 }, // U+0477
    { 0x0478, 63 }, // U+0478
    { 0x0479, 47 }, // U+0479
    { 0x047A, 63 }, // U+047A
    { 0x047B, 47 }, // U+047B
    { 0x047C, 63 }, // U+047C
    { 0x047D, 47 }, // U+047D
    { 0x047E, 63 }, // U+047E
    { 0x047F, 64 }, // U+047F
    { 0x0480, 63 }, // U+0480
    { 0x0481, 47 }, // U+0481
    { 0x048B, 66 }, // U+048B
    { 0x048C, 65 }, // U+048C
    { 0x048D, 59 }, // U+048D
    { 0x048F, 66 }, // U+048F
    { 0x0491, 66 }, // U+0491
    { 0x0492, 65 }, // U+0492
    { 0x0495, 66 }, // U+0495
    { 0x0496, 42 }, // U+0496
    { 0x0497, 52 }, // U+0497
    { 0x0498, 43 }, // U+0498
    { 0x0499, 53 }, // U+0499
    { 0x049B, 66 }, // U+049B
    { 0x049D, 66 }, // U+049D
    { 0x049F, 59 }, // U+049F
    { 0x04A0, 68 }, // U+04A0
    { 0x04A1, 55 }, // U+04A1
    { 0x04A3, 66 }, // U+04A3
    { 0x04A5, 66 }, // U+04A5
    { 0x04A7, 66 }, // U+04A7
    { 0x04A8, 63 }, // U+04A8
    { 0x04A9, 47 }, // U+04A9
    { 0x04AA, 63 }, // U+04AA
    { 0x04AB, 47 }, // U+04AB
    { 0x04AC, 34 }, // U+04AC
    { 0x04AD, 55 }, // U+04AD
    { 0x04AE, 69 }, // U+04AE
    { 0x04AF, 70 }, // U+04AF
    { 0x04B0, 69 }, // U+04B0
    { 0x04B1, 70 }, // U+04B1
    { 0x04B2, 42 }, // U+04B2
    { 0x04B3, 52 }, // U+04B3
    { 0x04B4, 68 }, // U+04B4
    { 0x04B5, 55 }, // U+04B5
    { 0x04B6, 45 }, // U+04B6
    { 0x04B7, 57 }, // U+04B7
    { 0x04B8, 45 }, // U+04B8
    { 0x04B9, 57 }, // U+04B9
    { 0x04BB, 66 }, // U+04BB
    { 0x04BC, 71 }, // U+04BC
    { 0x04BD, 72 }, // U+04BD
    { 0x04BE, 71 }, // U+04BE
    { 0x04BF, 72 }, // U+04BF
    { 0x04C1, 42 }, // U+04C1
    { 0x04C2, 52 }, // U+04C2
    { 0x04C4, 66 }, // U+04C4
    { 0x04C5, 73 }, // U+04C5
    { 0x04C6, 50 }, // U+04C6
    { 0x04C8, 66 }, // U+04C8
    { 0x04CA, 66 }, // U+04CA
    { 0x04CB, 45 }, // U+04CB
    { 0x04CC, 57 }, // U+04CC
    { 0x04CE, 66 }, // U+04CE
    { 0x04D0, 40 }, // U+04D0
    { 0x04D1, 74 }, // U+04D1
    { 0x04D2, 40 }, // U+04D2
    { 0x04D3, 74 }, // U+04D3
    { 0x04D4, 40 }, // U+04D4
    { 0x04D5, 74 }, // U+04D5
    { 0x04D7, 47 }, // U+04D7
    { 0x04D8, 75 }, // U+04D8
    { 0x04D9, 74 }, // U+04D9
    { 0x04DA, 75 }, // U+04DA
    { 0x04DB, 74 }, // U+04DB
    { 0x04DC, 42 }, // U+04DC
    { 0x04DD, 52 }, // U+04DD
    { 0x04DE, 43 }, // U+04DE
    { 0x04DF, 53 }, // U+04DF
    { 0x04E3, 49 }, // U+04E3
    { 0x04E5, 49 }, // U+04E5
    { 0x04E6, 63 }, // U+04E6
    { 0x04E7, 47 }, // U+04E7
    { 0x04E8, 63 }, // U+04E8
    { 0x04E9, 47 }, // U+04E9
    { 0x04EA, 63 }, // U+04EA
    { 0x04EB, 47 }, // U+04EB
    { 0x04EC, 43 }, // U+04EC
    { 0x04ED, 53 }, // U+04ED
    { 0x04EE, 39 }, // U+04EE
    { 0x04EF, 56 }, // U+04EF
    { 0x04F0, 39 }, // U+04F0
    { 0x04F1, 56 }, // U+04F1
    { 0x04F2, 39 }, // U+04F2
    { 0x04F3, 56 }, // U+04F3
    { 0x04F4, 45 }, // U+04F4
    { 0x04F5, 57 }, // U+04F5
    { 0x04F7, 66 }, // U+04F7
    { 0x04F9, 49 }, // U+04F9
    { 0x04FA, 65 }, // U+04FA
    { 0x04FC, 42 }, // U+04FC
    { 0x04FD, 52 }, // U+04FD
    { 0x04FE, 42 }, // U+04FE
    { 0x04FF, 52 }, // U+04FF
    { 0x1EA0, 9 }, // U+1EA0
    { 0x1EA1, 19 }, // U+1EA1
    { 0x1EA2, 9 }, // U+1EA2
    { 0x1EA3, 19 }, // U+1EA3
    { 0x1EA4, 9 }, // U+1EA4
    { 0x1EA5, 19 }, // U+1EA5
    { 0x1EA6, 9 }, // U+1EA6
    { 0x1EA7, 19 }, // U+1EA7
    { 0x1EA8, 9 }, // U+1EA8
    { 0x1EA9, 19 }, // U+1EA9
    { 0x1EAA, 9 }, // U+1EAA
    { 0x1EAB, 19 }, // U+1EAB
    { 0x1EAC, 9 }, // U+1EAC
    { 0x1EAD, 19 }, // U+1EAD
    { 0x1EAE, 9 }, // U+1EAE
    { 0x1EAF, 19 }, // U+1EAF
    { 0x1EB0, 9 }, // U+1EB0
    { 0x1EB1, 19 }, // U+1EB1
    { 0x1EB2, 9 }, // U+1EB2
    { 0x1EB3, 19 }, // U+1EB3
    { 0x1EB4, 9 }, // U+1EB4
    { 0x1EB5, 19 }, // U+1EB5
    { 0x1EB6, 9 }, // U+1EB6
    { 0x1EB7, 19 }, // U+1EB7
    { 0x1EB9, 21 }, // U+1EB9
    { 0x1EBB, 21 }, // U+1EBB
    { 0x1EBD, 21 }, // U+1EBD
    { 0x1EBF, 21 }, // U+1EBF
    { 0x1EC1, 21 }, // U+1EC1
    { 0x1EC3, 21 }, // U+1EC3
    { 0x1EC5, 21 }, // U+1EC5
    { 0x1EC7, 21 }, // U+1EC7
    { 0x1ECC, 10 }, // U+1ECC
    { 0x1ECD, 21 }, // U+1ECD
    { 0x1ECE, 10 }, // U+1ECE
    { 0x1ECF, 21 }, // U+1ECF
    { 0x1ED0, 10 }, // U+1ED0
    { 0x1ED1, 21 }, // U+1ED1
    { 0x1ED2, 10 }, // U+1ED2
    { 0x1ED3, 21 }, // U+1ED3
    { 0x1ED4, 10 }, // U+1ED4
    { 0x1ED5, 21 }, // U+1ED5
    { 0x1ED6, 10 }, // U+1ED6
    { 0x1ED7, 21 }, // U+1ED7
    { 0x1ED8, 10 }, // U+1ED8
    { 0x1ED9, 21 }, // U+1ED9
    { 0x1EDA, 10 }, // U+1EDA
    { 0x1EDB, 21 }, // U+1EDB
    { 0x1EDC, 10 }, // U+1EDC
    { 0x1EDD, 21 }, // U+1EDD
    { 0x1EDE, 10 }, // U+1EDE
    { 0x1EDF, 21 }, // U+1EDF
    { 0x1EE0, 10 }, // U+1EE0
    { 0x1EE1, 21 }, // U+1EE1
    { 0x1EE2, 10 }, // U+1EE2
    { 0x1EE3, 21 }, // U+1EE3
    { 0x1EE4, 14 }, // U+1EE4
    { 0x1EE5, 25 }, // U+1EE5
    { 0x1EE6, 14 }, // U+1EE6
    { 0x1EE7, 25 }, // U+1EE7
    { 0x1EE8, 14 }, // U+1EE8
    { 0x1EE9, 25 }, // U+1EE9
    { 0x1EEA, 14 }, // U+1EEA
    { 0x1EEB, 25 }, // U+1EEB
    { 0x1EEC, 14 }, // U+1EEC
    { 0x1EED, 25 }, // U+1EED
    { 0x1EEE, 14 }, // U+1EEE
    { 0x1EEF, 25 }, // U+1EEF
    { 0x1EF0, 14 }, // U+1EF0
    { 0x1EF1, 25 }, // U+1EF1
    { 0x1EF2, 17 }, // U+1EF2
    { 0x1EF4, 17 }, // U+1EF4
    { 0x1EF5, 27 }, // U+1EF5
    { 0x1EF6, 17 }, // U+1EF6
    { 0x1EF7, 27 }, // U+1EF7
    { 0x1EF8, 17 }, // U+1EF8
    { 0x1EF9, 27 }, // U+1EF9
    { 0x2013, 6 }, // U+2013
    { 0x2014, 6 }, // U+2014
    { 0x2015, 6 }, // U+2015
    { 0x2018, 76 }, // U+2018
    { 0x2019, 2 }, // U+2019
    { 0x201A, 5 }, // U+201A
    { 0x201C, 76 }, // U+201C
    { 0x201D, 2 }, // U+201D
    { 0x201E, 5 }, // U+201E
    { 0x2026, 5 }, // U+2026
    { 0x2039, 29 }, // U+2039
    { 0x203A, 30 }, // U+203A
    { 0xFB00, 22 }, // U+FB00
    { 0xFB01, 22 }, // U+FB01
    { 0xFB02, 22 }, // U+FB02
    { 0xFB03, 22 }, // U+FB03
    { 0xFB04, 22 }, // U+FB04
};

static const int8_t notosans_16_regularKernMatrix[] = {
       0,    0,    0,    0,    0,    0,    0,    0,  -37,    0,    0,    0,   11,    0,   11,    0,    5,    0,  -21,    0,  -32,    0,  -16,    0,  -16,  -16,    0,    0,    0,    0,  -43,    0,   37,   11,    0,    0,    0,  -16,   11,  -37,  -32,   11,    0,   -5,    0,    0,  -21,    0,    0,  -37,    0,    0,   11,  -27,   16,   11,    0,    0,   16,    0,   16,    0,    0,    0,    0,    0,    0,   11,    0,    0,    0,    0,  -32,  -11,    0,    0,
       0,    0,    0,    0,    0,    0,    0,    0,    0,    0,    0,    0,  -32,    0,  -11,    0,  -16,    0,    0,    0,    0,    0,    0,    0,    0,    0,    0,    0,    0,    0,    0,    0,    0,    0,    0,    0,    0,    0,    0,    0,    0,    0,    0,    0,    0,    0,    0,    0,    0,    0,    0,    0,    0,    0,    0,    0,    0,    0,    0,    0,    0,    0,    0,    0,    0,    0,    0,    0,    0,    0,    0,    0,    0,    0,    0,    0,
       0,    0,    0,    0,    0,    0,    0,    0,    0,    0,    0,   48,    0,    0,    0,    0,    0,    0,    0,    0,    0,    0,    0,   21,    0,    0,    0,    0,    0,    0,    0,    0,    0,    0,    0,    0,   53,    0,    0,    0,    0,    0,    0,  -16,    0,    0,    0,    0,    0,    0,    0,    0,    0,    0,    0,    0,    0,    0,    0,    0,    0,   32,    0,    0,    0,    0,    0,    0,    0,    0,    0,    0,    0,    0,    0,    0,
       0,    0,    0,    0,    0,    0,    0,    0,    0,  -27,    0,    0,  -37,  -11,  -32,    0,  -32,    0,    0,    0,    0,    0,    0,    0,    0,    0,    0,    0,    0,    0,    0,    0,    0,  -27,    0,    0,   32,    0,  -11,    0,    0,    0,    0,  -21,  -43,    0,    0,    0,    0,    0,    0,    0,    0,    0,  -21,    0,  -32,    0,    0,    0,    0,    0,  -27,    0,    0,    0,  -32,  -37,  -32,    0,  -32,    0,    0,    0,    0,    0,
       0,    0,    0,    0,    0,    0,    0,    0,    0,    0,    0,    0,  -21,    0,    0,    0,    0,    0,    0,    0,    0,    0,    0,    0,    0,    0,    0,    0,    0,    0,    0,    0,    0,  -21,    0,    0,    0,    0,  -11,    0,    0,   -5,    0,    0,    0,    0,    0,    0,    0,    0,    0,   -5,    0,    0,  -11,    0,    0,    0,    0,    0,    0,    0,    0,    0,    0,    0,    0,  -21,    0,    0,    0,    0,    0,    0,    0,    0,
       0,    0,    0,    0,    0,    0,    0,    0,    0,    0,    0,    0,    0,    0,    0,    0,    0,    0,    0,    0,    0,    0,    0,    0,    0,    0,    0,    0,    0,    0,    0,    0,    0,  -16,    0,    0,    0,    0,    0,    0,    0,   -5,    0,   -5,   -5,    0,    0,    0,    0,    0,    0,    0,    0,    0,    0,    0,   -5,    0,    0,    0,    0,    0,    0,    0,    0,    0,    0,    0,    0,    0,    0,    0,    0,    0,    0,    0,
       0,  -37,    0,    0,    0,    0,    0,    0,    0,  -11,    0,   27,  -37,    0,  -21,    0,  -32,    0,    0,    0,    0,    0,    0,    0,    0,    0,    0,    0,    0,    0,    0,    0,    0,    0,    0,    0,    0,    0,    0,    0,    0,    0,    0,    0,    0,    0,    0,    0,    0,    0,    0,    0,    0,    0,    0,    0,    0,    0,    0,    0,    0,    0,    0,    0,    0,    0,    0,    0,    0,    0,    0,    0,    0,    0,    0,    0,
       0,    0,    0,    0,   -5,    0,    0,    0,    0,    0,    0,    0,    0,    0,    0,    0,    0,    0,    0,    0,    0,    0,    0,    0,    0,    0,    0,    0,    0,    0,    0,    0,    0,    0,    0,    0,    0,    0,    0,    0,    0,    0,    0,    0,    0,    0,    0,    0,    0,    0,    0,    0,    0,    0,    0,    0,    0,    0,    0,    0,    0,    0,    0,    0,    0,    0,    0,    0,    0,    0,    0,    0,    0,    0,    0,    0,
       0,    0,    0,    0,    0,    0,    0,    0,    0,  -11,    0,    0,    0,    0,    0,    0,    0,    0,    0,    0,    0,    0,    0,    0,    0,    0,    0,    0,  -11,    0,    0,    0,    0,    0,    0,    0,    0,    0,    0,    0,    0,    0,    0,    0,    0,    0,    0,    0,    0,    0,    0,    0,    0,    0,    0,    0,    0,    0,    0,    0,    0,    0,    0,    0,    0,    0,    0,    0,    0,    0,    0,    0,    0,    0,    0,    0,
       0,    0,    0,    0,  -21,    0,    0,    0,  -11,    0,    0,    0,  -16,    0,   -5,  -11,   -5,   -5,    0,    0,    0,    0,    0,    0,    0,    0,    0,    0,    0,    0,    0,    0,    0,    0,    0,    0,    0,    0,    0,    0,    0,    0,    0,    0,    0,    0,    0,    0,    0,    0,    0,    0,    0,    0,    0,    0,    0,    0,    0,    0,    0,    0,    0,    0,    0,    0,    0,    0,    0,    0,    0,    0,    0,    0,    0,    0,
       0,    0,    0,    0,    0,    0,    0,    0,    0,    0,    0,   32,    0,    0,    0,    0,    0,    0,    0,    0,    0,    0,    0,    0,    0,    0,    0,    0,    0,    0,    0,    0,    0,    0,    0,    0,    0,    0,    0,    0,    0,    0,    0,    0,    0,    0,    0,    0,    0,    0,    0,    0,    0,    0,    0,    0,    0,    0,    0,    0,    0,    0,    0,    0,    0,    0,    0,    0,    0,    0,    0,    0,    0,    0,    0,    0,
       0,    0,    0,   11,  -32,    0,    0,   11,  -11,    0,    0,    0,    0,    0,    0,    0,    0,    0,    0,    0,    0,    0,    0,    0,    0,    0,    0,    0,    0,    0,    0,    0,    0,    0,    0,    0,    0,    0,    0,    0,    0,    0,    0,    0,    0,    0,    0,    0,    0,    0,    0,    0,    0,    0,    0,    0,    0,    0,    0,    0,    0,    0,    0,    0,    0,    0,    0,    0,    0,    0,    0,    0,    0,    0,    0,    0,
       0,  -43,    0,    0,    0,    0,    0,    0,    0,  -11,    0,    0,  -11,   -5,  -11,    0,  -16,    0,    0,    0,    0,    0,    0,    0,    0,    0,    0,    0,    0,    0,    0,    0,    0,    0,    0,    0,    0,    0,    0,    0,    0,    0,    0,    0,    0,    0,    0,    0,    0,    0,    0,    0,    0,    0,    0,    0,    0,    0,    0,    0,    0,    0,    0,    0,    0,    0,    0,    0,    0,    0,    0,    0,    0,    0,    0,    0,
       0,    0,   -5,    0,  -69,    0,    0,    0,  -27,    0,    0,    0,    0,    0,    0,  -11,    0,   -5,    0,    0,    0,    0,    0,    0,    0,    0,    0,    0,  -11,    0,  -16,    0,    0,    0,    0,    0,    0,    0,    0,    0,    0,    0,    0,    0,    0,    0,    0,    0,    0,    0,    0,    0,    0,    0,    0,    0,    0,    0,    0,    0,    0,    0,    0,    0,    0,    0,    0,    0,    0,    0,    0,    0,    0,    0,    0,    0,
       0,    0,    0,    0,    0,    0,    0,    0,    0,    0,    0,    0,    0,    0,    0,    0,    0,    0,    0,    0,    0,    0,    0,    0,    0,    0,    0,    0,   -5,    0,    0,    0,    0,    0,    0,    0,    0,    0,    0,    0,    0,    0,    0,    0,    0,    0,    0,    0,    0,    0,    0,    0,    0,    0,    0,    0,    0,    0,    0,    0,    0,    0,    0,    0,    0,    0,    0,    0,    0,    0,    0,    0,    0,    0,    0,    0,
       0,    0,  -11,    0,  -32,  -21,    0,   11,  -37,  -11,    0,    0,   11,    0,    0,    0,    0,    0,  -43,    0,  -37,    0,  -37,    0,  -27,  -32,  -11,  -21,  -32,  -16,    0,    0,    0,    0,    0,    0,    0,    0,    0,    0,    0,    0,    0,    0,    0,    0,    0,    0,    0,    0,    0,    0,    0,    0,    0,    0,    0,    0,    0,    0,    0,    0,    0,    0,    0,    0,    0,    0,    0,    0,    0,    0,    0,    0,    0,    0,
       0,    0,    0,    0,  -11,    0,    0,    0,   -5,    0,    0,    0,    0,    0,    0,    0,    0,    0,    0,    0,    0,    0,    0,    0,    0,    0,    0,    0,    0,    0,    0,    0,    0,    0,    0,    0,    0,    0,    0,    0,    0,    0,    0,    0,    0,    0,    0,    0,    0,    0,    0,    0,    0,    0,    0,    0,    0,    0,    0,    0,    0,    0,    0,    0,    0,    0,    0,    0,    0,    0,    0,    0,    0,    0,    0,    0,
       0,    0,    0,    0,  -27,    0,    0,   11,  -21,   -5,    0,    0,    0,    0,    0,    0,    0,    0,  -11,    0,  -11,    0,   -5,    0,   -5,   -5,    0,    0,  -16,   -5,    0,    0,    0,    0,    0,    0,    0,    0,    0,    0,    0,    0,    0,    0,    0,    0,    0,    0,    0,    0,    0,    0,    0,    0,    0,    0,    0,    0,    0,    0,    0,    0,    0,    0,    0,    0,    0,    0,    0,    0,    0,    0,    0,    0,    0,    0,
       0,    0,  -16,    0,  -32,    0,    0,   11,  -32,  -11,    0,    0,    0,    0,    0,    0,    0,    0,  -27,    0,  -27,    0,  -27,    0,  -16,  -21,    0,  -11,  -43,  -16,    0,    0,    0,    0,    0,    0,    0,    0,    0,    0,    0,    0,    0,    0,    0,    0,    0,    0,    0,    0,    0,    0,    0,    0,    0,    0,    0,    0,    0,    0,    0,    0,    0,    0,    0,    0,    0,    0,    0,    0,    0,    0,    0,    0,    0,    0,
       0,    0,    0,    0,    0,    0,    0,    0,    0,   -5,    0,    0,    0,    0,    0,    0,    0,    0,    0,    0,    0,    0,    0,    0,    0,    0,    0,    0,  -11,    0,    0,    0,    0,    0,    0,    0,    0,    0,    0,    0,    0,    0,    0,    0,    0,    0,    0,    0,    0,    0,    0,    0,    0,    0,    0,    0,    0,    0,    0,    0,    0,    0,    0,    0,    0,    0,    0,    0,    0,    0,    0,    0,    0,    0,    0,    0,
       0,    0,    0,    0,    0,    0,    0,    0,    0,    0,    0,   51,    0,    0,    0,    0,    0,    0,    0,    0,    0,    0,    0,    0,    0,    0,    0,    0,    0,    0,    0,    0,    0,    0,    0,    0,    0,    0,    0,    0,    0,    0,    0,    0,    0,    0,    0,    0,    0,    0,    0,    0,    0,    0,    0,    0,    0,    0,    0,    0,    0,    0,    0,    0,    0,    0,    0,    0,    0,    0,    0,    0,    0,    0,    0,    0,
       0,   -5,    0,    0,    0,    0,    0,    0,    0,    0,    0,    0,    0,    0,    0,    0,    0,    0,    0,    0,    0,    0,    0,    0,    0,    0,    0,    0,    0,    0,    0,    0,    0,    0,    0,    0,    0,    0,    0,    0,    0,    0,    0,    0,    0,    0,    0,    0,    0,    0,    0,    0,    0,    0,    0,    0,    0,    0,    0,    0,    0,    0,    0,    0,    0,    0,    0,    0,    0,    0,    0,    0,    0,    0,    0,    0,
       0,   -5,    0,    0,    0,    0,    0,    0,    0,    0,    0,    0,    0,    0,    0,    0,    0,    0,    0,    0,    0,    0,    0,    0,    0,    0,  -11,   -5,    0,    0,    0,    0,    0,    0,    0,    0,    0,    0,    0,    0,    0,    0,    0,    0,    0,    0,    0,    0,    0,    0,    0,    0,    0,    0,    0,    0,    0,    0,    0,    0,    0,    0,    0,    0,    0,    0,    0,    0,    0,    0,    0,    0,    0,    0,    0,    0,
       0,   11,    0,    0,    0,    0,    0,    0,    0,    0,    0,    0,    0,    0,    0,    0,    0,    0,    0,    0,    0,    0,    0,    0,    0,    0,    0,    0,    0,    0,    0,    0,    0,    0,    0,    0,    0,    0,    0,    0,    0,    0,    0,    0,    0,    0,    0,    0,    0,    0,    0,    0,    0,    0,    0,    0,    0,    0,    0,    0,    0,    0,    0,    0,    0,    0,    0,    0,    0,    0,    0,    0,    0,    0,    0,    0,
       0,   32,    0,   21,  -11,    0,    0,    0,    0,    0,    0,    0,    0,    0,    0,    0,    0,    0,    0,    0,    0,    0,    0,    0,    0,    0,    0,    0,    0,    0,    0,    0,    0,    0,    0,    0,    0,    0,    0,    0,    0,    0,    0,    0,    0,    0,    0,    0,    0,    0,    0,    0,    0,    0,    0,    0,    0,    0,    0,    0,    0,    0,    0,    0,    0,    0,    0,    0,    0,    0,    0,    0,    0,    0,    0,    0,
       0,   21,    0,    0,  -85,    0,    0,    0,    0,    0,    0,    0,    0,    0,    0,    0,    0,    0,  -11,    0,  -11,    0,   -5,    0,    0,    0,    0,    0,    0,    0,    0,    0,    0,    0,    0,    0,    0,    0,    0,    0,    0,    0,    0,    0,    0,    0,    0,    0,    0,    0,    0,    0,    0,    0,    0,    0,    0,    0,    0,    0,    0,    0,    0,    0,    0,    0,    0,    0,    0,    0,    0,    0,    0,    0,    0,    0,
       0,   21,    0,    0,  -21,    0,    0,   11,    0,    0,    0,    0,    0,    0,    0,    0,    0,    0,    0,    0,    0,    0,    0,    0,    0,    0,    0,    0,    0,    0,    0,    0,    0,    0,    0,    0,    0,    0,    0,    0,    0,    0,    0,    0,    0,    0,    0,    0,    0,    0,    0,    0,    0,    0,    0,    0,    0,    0,    0,    0,    0,    0,    0,    0,    0,    0,    0,    0,    0,    0,    0,    0,    0,    0,    0,    0,
       0,    0,    0,    0,    0,    0,    0,    0,    0,    0,    0,    0,    0,    0,    0,    0,    0,    0,    0,    0,  -11,    0,    0,    0,    0,    0,    0,    0,    0,    0,    0,    0,    0,    0,    0,    0,    0,    0,    0,    0,    0,    0,    0,    0,    0,    0,    0,    0,    0,    0,    0,    0,    0,    0,    0,    0,    0,    0,    0,    0,    0,    0,    0,    0,    0,    0,    0,    0,    0,    0,    0,    0,    0,    0,    0,    0,
       0,    0,    0,    0,    0,    0,    0,    0,    0,    0,    0,   27,  -11,    0,   -5,    0,  -16,    0,    0,    0,    0,    0,    0,    0,    0,    0,    0,    0,    0,    0,    0,    0,    0,    0,    0,    0,    0,    0,    0,    0,    0,    0,    0,    0,    0,    0,    0,    0,    0,    0,    0,    0,    0,    0,    0,    0,    0,    0,    0,    0,    0,    0,    0,    0,    0,    0,    0,    0,    0,    0,    0,    0,    0,    0,    0,    0,
       0,    0,    0,    0,    0,    0,    0,    0,    0,    0,    0,    0,  -16,    0,   -5,    0,  -16,    0,    0,    0,    0,    0,    0,    0,    0,    0,    0,    0,    0,    0,    0,    0,    0,  -16,    0,    0,    0,    0,    0,   -5,    0,    0,    0,    0,    0,    0,    0,    0,    0,    0,    0,    0,    0,    0,    0,    0,    0,    0,    0,    0,    0,    0,    0,    0,    0,    0,    0,   -5,    0,    0,    0,    0,    0,    0,    0,    0,
       0,    0,    0,    0,    0,    0,    0,    0,    0,    0,    0,    0,  -32,    0,  -16,  -11,  -43,    0,    0,    0,    0,    0,    0,    0,    0,    0,    0,    0,    0,    0,    0,    0,    0,  -32,    0,    0,    0,    0,  -11,    0,    0,  -11,    0,    0,  -11,    0,    0,    0,    0,    0,    0,    0,    0,    0,    0,    0,    0,    0,    0,    0,    0,    0,    0,    0,    0,    0,    0,  -21,    0,    0,    0,    0,    0,    0,    0,    0,
       0,    0,    0,    0,    0,    0,    0,    0,    0,    0,    0,   53,  -21,    0,  -16,    0,  -21,    0,    0,    0,    0,    0,    0,    0,    0,    0,    0,    0,    0,    0,    0,    0,    0,    0,    0,    0,    0,    0,    0,    0,    0,    0,    0,    0,    0,    0,    0,    0,    0,    0,    0,    0,    0,    0,    0,    0,    0,    0,    0,    0,    0,    0,    0,    0,    0,    0,    0,    0,    0,    0,    0,    0,    0,    0,    0,    0,
       0,    0,    0,   27,    0,    0,    0,    0,    0,    0,    0,    0,    0,    0,    0,    0,    0,    0,    0,    0,    0,    0,    0,    0,    0,    0,    0,    0,    0,    0,    0,    0,    0,    0,    0,    0,    0,    0,    0,    0,    0,    0,    0,    0,    0,    0,    0,    0,    0,    0,    0,    0,    0,    0,    0,    0,    0,    0,    0,    0,    0,    0,    0,    0,    0,    0,    0,    0,    0,    0,    0,    0,    0,    0,    0,    0,
       0,  -37,    0,    0,    0,    0,    0,    0,    0,  -11,    0,   59,  -37,    0,  -21,    0,  -32,    0,    0,    0,    0,    0,    0,    0,    0,    0,    0,    0,    0,    0,    0,    0,    0,    0,    0,    0,    0,    0,    0,    0,    0,    0,    0,    0,    0,    0,    0,    0,    0,    0,    0,    0,    0,    0,    0,    0,    0,    0,    0,    0,    0,    0,    0,    0,    0,    0,    0,    0,    0,    0,    0,    0,    0,    0,    0,    0,
      27,   27,    0,   48,    0,    0,    0,   48,    0,    0,    0,    0,    0,    0,    0,    0,    0,    0,    0,   16,    0,    0,    0,    0,    0,    0,    0,    0,    0,    0,    0,   37,    0,    0,    0,    0,    0,    0,    0,    0,    0,    0,    0,    0,    0,    0,    0,    0,    0,    0,    0,    0,    0,    0,    0,    0,    0,    0,    0,    0,    0,    0,    0,    0,    0,    0,    0,    0,    0,    0,    0,    0,    0,    0,    0,   37,
       0,    0,    0,   27,    0,    0,    0,    0,    0,    0,    0,    0,    0,    0,    0,    0,    0,    0,    0,    0,    0,    0,    0,    0,    0,    0,    0,    0,    0,    0,    0,    0,   69,    0,    0,    0,    0,    0,    0,    0,    0,    0,    0,    0,    0,    0,    0,    0,    0,    0,    0,    0,    0,    0,    0,    0,    0,    0,    0,    0,    0,    0,    0,    0,    0,    0,    0,    0,    0,    0,    0,    0,    0,    0,    0,    0,
       0,    0,    0,    0,    0,    0,    0,    0,    0,    0,    0,   27,    0,    0,    0,    0,    0,    0,    0,    0,    0,    0,    0,    0,    0,    0,    0,    0,    0,    0,    0,    0,    0,    0,    0,    0,    0,    0,    0,    0,    0,    0,    0,    0,    0,    0,    0,    0,    0,    0,    0,    0,    0,    0,    0,    0,    0,    0,    0,    0,    0,    0,    0,    0,    0,    0,    0,    0,    0,    0,    0,    0,    0,    0,    0,    0,
      37,   59,    0,   64,    0,    0,    0,   59,    0,    0,    0,    0,    0,    0,    0,    0,    0,    0,    0,    0,    0,    0,    0,    0,    0,    0,    0,    0,    0,    0,    0,    0,    0,    0,    0,    0,    0,    0,    0,    0,    0,    0,    0,    0,    0,    0,    0,    0,    0,    0,    0,    0,    0,    0,    0,    0,    0,    0,    0,    0,    0,    0,    0,    0,    0,    0,    0,    0,    0,    0,    0,    0,    0,    0,    0,   37,
       0,    0,    0,    0,    0,    0,    0,    0,  -11,    0,   11,    0,   32,    0,   37,   27,   32,    0,    0,    0,    0,    0,    0,    0,    0,    0,    0,    0,    0,    0,    0,    0,    0,    0,    0,    0,    0,    0,    0,    0,    0,    0,    0,    0,    0,    0,    0,    0,    0,    0,    0,    0,    0,    0,    0,    0,    0,    0,    0,    0,    0,    0,    0,    0,    0,    0,    0,    0,    0,    0,    0,    0,    0,    0,    0,    0,
       0,    0,    0,    0,    0,    0,    0,    0,    0,    0,    0,    0,    0,    0,    0,    0,    0,    0,    0,   11,    0,   21,    0,    0,    0,    0,   27,    0,    0,    0,    0,    0,    0,    0,    0,    0,    0,    0,    0,    0,    0,    0,    0,    0,    0,    0,    0,    0,    0,    0,    0,    0,    0,    0,    0,    0,    0,    0,    0,    0,    0,    0,    0,    0,    0,    0,    0,    0,    0,    0,    0,    0,    0,    0,    0,    0,
       0,    0,    0,    0,    0,    0,    0,    0,  -16,   -5,   11,    0,   37,    0,   37,   27,   32,    0,  -16,    0,  -11,    0,  -11,    0,    0,    0,    0,    0,    0,    0,    0,    0,    0,    0,    0,    0,    0,    0,    0,    0,    0,    0,    0,    0,    0,    0,    0,    0,    0,    0,    0,    0,    0,    0,    0,    0,    0,    0,    0,    0,    0,    0,    0,    0,    0,    0,    0,    0,    0,    0,    0,    0,    0,    0,    0,    0,
       0,    0,    0,    0,    0,    0,    0,    0,    0,    0,    0,    0,    0,    0,    0,    0,    0,    0,    0,   11,    0,   27,    0,    0,    0,    0,   27,    0,    0,    0,    0,    0,    0,    0,    0,    0,    0,    0,    0,    0,    0,    0,    0,    0,    0,    0,    0,    0,    0,    0,    0,    0,    0,    0,    0,    0,    0,    0,    0,    0,    0,    0,    0,    0,    0,    0,    0,    0,    0,    0,    0,    0,    0,    0,    0,    0,
       0,    0,    0,    0,    0,    0,    0,    0,    0,    0,    0,    0,    0,    0,    0,    0,    0,    0,    0,    0,    0,    0,    0,    0,    0,    0,    0,    0,    0,    0,    0,    0,    0,    0,    0,    0,   27,    0,    0,    0,    0,    0,    0,    0,    0,    0,    0,    0,    0,    0,    0,    0,    0,    0,    0,    0,    0,    0,    0,    0,    0,    0,    0,    0,    0,    0,    0,    0,    0,    0,    0,    0,    0,    0,    0,    0,
       0,  -37,    0,    0,    0,    0,    0,    0,    0,    0,    0,    0,    0,    0,    0,    0,    0,    0,    0,    0,    0,    0,    0,    0,    0,    0,    0,    0,    0,    0,    0,    0,    0,  -27,    0,    0,    0,    0,  -11,    0,    0,    0,    0,    0,  -16,    0,    0,    0,    0,    0,    0,    0,    0,    0,  -11,  -11,  -11,    0,    0,    0,    0,    0,    0,    0,  -11,    0,  -21,  -32,  -27,  -11,    0,    0,    0,    0,    0,  -16,
       0,   11,    0,    0,  -27,  -21,  -16,    0,    0,    0,    0,    0,    0,    0,    0,    0,    0,    0,    0,    0,    0,    0,    0,    0,    0,    0,    0,    0,    0,  -16,    0,    0,    0,   11,  -11,    0,    0,  -13,    0,  -37,  -13,    0,    0,  -19,    0,    0,  -21,  -11,  -16,  -21,  -21,   -5,   -5,  -16,   -5,  -11,  -16,  -21,    0,  -11,    0,    0,    0,    0,    0,    0,    0,    5,    0,    0,    0,    0,    0,    0,    0,    0,
       0,    0,    0,    0,    0,    0,    0,    0,    0,    0,    0,    0,    0,    0,    0,    0,    0,    0,    0,    0,    0,    0,    0,    0,    0,    0,    0,    0,  -11,    0,    0,    0,    0,    0,  -11,    0,    0,    0,    0,    0,    0,    0,    0,  -16,    0,    0,    0,    0,    0,    0,    0,    0,    0,    0,    0,    0,  -11,    0,    0,    0,    0,    0,  -11,    0,    0,    0,    0,    0,    0,    0,  -11,    0,    0,    0,    0,    0,
       0,    0,    0,    0,  -11,    0,    0,    0,    0,    0,    0,    0,    0,    0,    0,    0,    0,    0,    0,    0,    0,    0,    0,    0,    0,    0,    0,    0,    0,    0,    0,    0,    0,    0,    0,    0,    0,    0,    0,    0,    0,    0,    0,   -5,    0,    0,    0,    0,    0,    0,    0,    0,    0,    0,    0,    0,    0,    0,    0,    0,    0,    0,    0,    0,    0,    0,    0,    0,    0,    0,    0,    0,    0,    0,    0,    0,
       0,  -48,    0,    0,   -5,    0,    0,    0,    0,    0,    0,    0,    0,    0,    0,    0,    0,    0,    0,    0,    0,    0,    0,    0,    0,    0,    0,    0,    0,    0,    0,    0,    0,  -32,    0,    0,    0,    0,  -11,    0,    0,    0,    0,    0,  -16,    0,    0,    0,    0,    0,    0,  -11,    0,    0,  -11,  -11,    0,  -11,    0,    0,    0,    0,    0,    0,    0,    0,    0,  -16,    0,    0,    0,    0,    0,    0,    0,  -32,
       0,   11,    0,    0,    0,   -5,   -5,    0,    0,    0,    0,    0,    0,    0,    0,    0,    0,    0,    0,    0,    0,    0,    0,    0,    0,    0,    0,    0,  -11,    0,    0,    0,    0,    0,  -11,    0,    0,    0,    0,    0,    0,    0,    0,  -21,   -5,    0,   -5,  -11,    0,    0,  -11,    0,    0,    0,   -5,   -5,  -11,    0,    0,    0,    0,    0,  -11,    0,    0,    0,    0,    0,    0,    0,  -27,    0,    0,    0,    0,    0,
       0,   11,    0,    0,  -37,  -11,   -5,    0,    0,    0,    0,    0,    0,    0,    0,    0,    0,    0,    0,    0,    0,    0,    0,    0,    0,    0,    0,    0,  -27,  -11,    0,    0,    0,    0,  -21,  -11,    0,  -48,    0,  -64,  -53,    0,    0,  -16,    0,  -16,  -27,  -21,   -5,  -53,  -32,  -16,  -11,  -27,    0,    0,  -11,  -27,   27,  -16,    0,    0,   -5,    0,    0,    0,    0,    0,    0,    0,  -11,  -16,  -27,    0,    0,    0,
       0,  -37,    0,    0,    0,    0,    0,    0,    0,    0,    0,    0,    0,    0,    0,    0,    0,    0,    0,    0,    0,    0,    0,    0,    0,    0,    0,    0,    0,   -5,    0,    0,    0,  -37,  -11,    0,   27,    0,  -16,    0,    0,    0,    0,  -19,  -32,    0,    0,    0,    0,    0,   -5,    0,    0,    0,  -16,  -11,  -16,    0,    0,    0,    0,    0,    0,    0,  -11,    0,  -21,  -27,  -32,    0,  -27,    0,    0,    0,   -5,  -21,
       0,    0,    0,    0,    0,    0,    0,    0,    0,    0,    0,    0,    0,    0,    0,    0,    0,    0,    0,    0,    0,    0,    0,    0,    0,    0,    0,    0,    0,    0,    0,    0,    0,    0,    0,    0,    0,    0,    0,    0,    0,    0,    0,    0,    0,    0,    0,    0,    0,    0,    0,   -5,    0,    0,    0,   -5,    0,    0,    0,    0,    0,    0,    0,    0,    0,    0,    0,    0,    0,    0,    0,    0,    0,    0,    0,    0,
       0,    0,    0,  -13,    0,    0,    0,    0,    0,    0,    0,    0,    0,    0,    0,    0,    0,    0,    0,    0,    0,    0,    0,    0,    0,    0,    0,    0,    0,    0,    0,    0,    0,    0,    0,    0,    0,    0,    0,    0,    0,    0,    0,    0,    0,    0,    0,    0,    0,    0,    0,   -5,    0,    0,    0,    0,   -8,   -5,    0,    0,    0,    0,    0,    0,    0,    0,    0,    0,    0,    0,    0,    0,    0,    0,    0,    0,
       0,    0,    0,    0,   16,    0,    0,    0,    0,    0,    0,    0,    0,    0,    0,    0,    0,    0,    0,    0,    0,    0,    0,    0,    0,    0,    0,    0,    0,    0,    0,    0,    0,    0,    0,    0,   48,   16,    0,    0,   21,    0,    0,   -5,  -13,    0,    0,    0,    0,   16,    0,    0,    0,   16,   -5,   16,  -11,    0,    0,    0,    0,   37,    0,    0,    0,    0,    0,    0,    0,    0,    0,    0,    0,    0,    0,    0,
       0,    0,    0,    0,  -21,    0,    0,    0,    0,    0,    0,    0,    0,    0,    0,    0,    0,    0,    0,    0,    0,    0,    0,    0,    0,    0,    0,    0,    0,    0,    0,    0,    0,  -11,    0,    0,    0,   -5,  -21,  -11,   -5,  -11,   -5,    0,    0,    0,    0,    0,    0,   -5,    0,   -8,    0,   -5,    0,    0,    0,   -5,    0,    0,    0,    0,    0,    0,    0,    0,   -5,   -5,   -5,    0,    0,    0,  -11,    0,    0,    0,
       0,    0,    0,    0,  -69,   -5,   -5,    0,    0,    0,    0,    0,    0,    0,    0,    0,    0,    0,    0,    0,    0,    0,    0,    0,    0,    0,    0,    0,  -11,   -5,    0,    0,    0,    0,    0,    0,    0,  -32,  -11,  -27,  -32,  -11,    0,   -5,    0,    0,  -13,    0,    0,  -27,   -5,    0,    0,  -21,    0,    0,    0,   -5,    0,    0,    0,    0,    0,    0,    0,    0,    0,    0,    0,    0,    0,    0,  -32,    0,    0,    0,
       0,   -5,    0,  -16,  -21,    0,   -5,    0,    0,    0,    0,    0,    0,    0,    0,    0,    0,    0,    0,    0,    0,    0,    0,    0,    0,    0,    0,    0,    0,    0,    0,    0,    0,  -19,    0,   -5,    0,  -13,  -16,  -19,  -16,  -21,  -16,    0,    0,   -5,    0,    0,    0,  -13,    0,   -8,    0,   -8,    0,    0,    0,   -5,    0,    0,    0,    0,    0,    0,    0,    0,    0,  -11,    0,    0,    0,    0,    0,    0,    0,    0,
       0,   -5,    0,    0,    0,    0,    0,    0,    0,    0,    0,    0,    0,    0,    0,    0,    0,    0,    0,    0,    0,    0,    0,    0,    0,    0,    0,    0,    0,    0,    0,    0,    0,  -21,    0,    0,    0,    0,  -21,    0,    0,    0,    0,    0,    0,    0,    0,    0,    0,    0,    0,  -11,    0,    0,   -5,   -5,    0,    0,    0,    0,    0,    0,    0,    0,    0,    0,    0,    0,    0,    0,    0,    0,    0,    0,    0,    0,
       0,    0,    0,    0,    0,    0,    0,    0,    0,    0,    0,    0,    0,    0,    0,    0,    0,    0,    0,    0,    0,    0,    0,    0,    0,    0,    0,    0,    0,    0,    0,    0,    0,  -32,    0,    0,    0,    0,  -21,   -5,    0,  -16,    0,    0,    0,  -11,    0,    0,    0,   -5,    0,  -11,    0,    0,   -5,  -16,   -5,   -5,    0,    0,    0,    0,    0,    0,    0,    0,    0,    0,    0,    0,    0,    0,    0,    0,    0,    0,
       0,    0,    0,   -5,    0,    0,    0,    0,    0,    0,    0,    0,    0,    0,    0,    0,    0,    0,    0,    0,    0,    0,    0,    0,    0,    0,    0,    0,    0,    0,    0,    0,    0,  -16,    0,    0,    0,    0,   -5,    0,    0,   -5,    0,    0,    0,   -5,    0,    0,    0,    0,    0,  -11,    0,    0,   -5,   -5,    0,    0,    0,    0,    0,    0,    0,    0,    0,    0,    0,    0,    0,    0,    0,    0,    0,    0,    0,    0,
       0,   16,    0,    0,  -21,  -11,    0,    0,    0,    0,    0,    0,    0,    0,    0,    0,    0,    0,    0,    0,    0,    0,    0,    0,    0,    0,    0,    0,    0,    0,    0,    0,    0,    0,    0,    0,    0,  -11,    0,  -16,  -16,   -5,    0,    0,    0,    0,    0,    0,    0,  -21,   -5,    0,    0,  -16,    0,    0,    0,    0,    0,    0,    0,    0,    0,    0,    0,    0,    0,    0,    0,    0,    0,    0,    0,    0,    0,   21,
       0,   -5,    0,    0,   11,    0,    0,    0,    0,    0,    0,    0,    0,    0,    0,    0,    0,    0,    0,    0,    0,    0,    0,    0,    0,    0,    0,    0,    0,    0,    0,    0,    0,  -16,    0,    0,   53,   11,    0,    0,   16,    0,    0,    0,   -8,    0,    0,    0,    0,   11,    0,    0,    0,   13,   -8,    0,  -16,    0,    0,    0,    0,   32,    0,    0,    0,    0,    0,    0,    0,    0,    0,    0,    0,    0,    0,    0,
       0,    0,    0,    0,    0,    0,    0,    0,    0,    0,    0,    0,    0,    0,    0,    0,    0,    0,    0,    0,    0,    0,    0,    0,    0,    0,    0,    0,    0,    0,    0,    0,    0,  -21,    0,    0,    0,    0,  -21,   -5,    0,  -11,    0,    0,    0,  -11,    0,    0,    0,   -5,    0,  -11,    0,    0,   -5,  -16,   -5,   -5,    0,    0,    0,    0,    0,    0,    0,    0,    0,    0,    0,    0,    0,    0,    0,    0,    0,    0,
       0,    0,    0,    0,    0,   -5,    0,    0,    0,    0,    0,    0,    0,    0,    0,    0,    0,    0,    0,    0,    0,    0,    0,    0,    0,    0,    0,    0,    0,    0,    0,    0,    0,   -5,   -8,    0,    0,    0,   -5,    0,    0,    0,    0,   -8,   -5,    0,  -11,    0,    0,    0,  -11,    0,    0,    0,    0,    0,  -11,   -5,    0,    0,    0,    0,    0,    0,    0,    0,    0,    0,    0,    0,    0,  -11,    0,    0,    0,   16,
       0,    0,    0,    0,    0,    0,    0,    0,    0,    0,    0,    0,    0,    0,    0,    0,    0,    0,    0,    0,    0,    0,    0,    0,    0,    0,    0,    0,    0,    0,    0,    0,    0,  -16,    0,    0,    0,    0,    0,    0,    0,    0,    0,    0,    0,    0,    0,    0,    0,    0,    0,    0,    0,    0,    0,    0,    0,    0,   -3,    0,    0,    0,    0,    0,    0,    0,    0,    0,    0,    0,    0,    0,    0,    0,    0,    0,
       0,   11,    0,    0,    0,    0,    0,    0,    0,    0,    0,    0,    0,    0,    0,    0,    0,    0,    0,    0,    0,    0,    0,    0,    0,    0,    0,    0,    0,    0,    0,    0,    0,  -11,    0,    0,    0,    0,    0,    0,    0,    0,    0,    0,    0,    0,    0,    0,    0,    0,   -5,    0,    0,    0,    0,    0,    0,   -5,    0,    0,    0,    0,    0,    0,    0,    0,    0,    0,    0,    0,    0,    0,    0,    0,    0,    0,
       0,   11,    0,    0,  -21,    0,    0,    0,    0,    0,    0,    0,    0,    0,    0,    0,    0,    0,    0,    0,    0,    0,    0,    0,    0,    0,    0,    0,    0,    0,    0,    0,    0,    0,    0,    0,    0,  -11,    0,  -11,  -16,   -5,    0,    0,    0,    0,   -5,    0,    0,  -27,  -16,    0,    0,  -27,    0,    0,    0,  -16,    0,    0,    0,    0,    0,    0,    0,    0,    0,    0,    0,    0,    0,    0,    0,    0,    0,   21,
       0,  -43,    0,    0,    0,    0,   -5,    0,    0,    0,    0,    0,    0,    0,    0,    0,    0,    0,    0,    0,    0,    0,    0,    0,    0,    0,    0,    0,    0,    0,    0,    0,    0,  -32,    0,    0,    0,    0,  -11,   -5,    0,   -5,    0,   -5,  -37,  -11,    0,    0,    0,    0,    0,  -11,    0,    0,  -32,  -24,  -21,  -11,    0,    0,    0,    0,    0,  -11,    0,    0,    0,    0,    0,  -16,    0,  -11,    0,    0,    0,  -16,
       0,   -5,    0,    0,    0,    0,    0,    0,    0,    0,    0,    0,    0,    0,    0,    0,    0,    0,    0,    0,    0,    0,    0,    0,    0,    0,    0,    0,    0,    0,    0,    0,    0,  -21,    0,    0,   43,    0,    0,    0,    0,    0,    0,    0,    0,    0,    0,    0,    0,    0,    0,    0,    0,    0,  -16,  -27,    0,    0,    0,    0,    0,   11,    0,    0,    0,    0,    0,    0,    0,    0,    0,    0,    0,    0,    0,    0,
       0,    0,    0,    0,    0,    0,    0,    0,    0,    0,    0,    0,    0,    0,    0,    0,    0,    0,    0,    0,    0,    0,    0,    0,    0,    0,    0,    0,    0,    0,    0,    0,    0,  -11,    0,    0,    0,    0,  -16,    0,    0,    0,    0,    0,    0,   -5,    0,    0,    0,    0,    0,    0,    0,    0,    0,    0,    0,  -11,    0,    0,    0,    0,    0,    0,    0,    0,    0,    0,    0,    0,    0,    0,    0,    0,    0,    0,
       0,   16,    0,    0,    0,    0,    0,    0,    0,    0,    0,    0,    0,    0,    0,    0,    0,    0,    0,    0,    0,    0,    0,    0,    0,    0,    0,    0,    0,    0,    0,    0,    0,   11,    0,    0,    0,    0,    0,    0,    0,    0,    0,    0,    0,    0,    0,    0,    0,    0,    0,    0,    0,    0,    0,    0,    0,    0,   16,    0,    5,    0,    0,    0,    0,    0,    0,    0,    0,    0,    0,    0,    0,    0,    0,    0,
       0,    0,    0,    0,    0,    0,    0,    0,    0,    0,    0,    0,    0,    0,    0,    0,    0,    0,    0,    0,    0,    0,    0,    0,    0,    0,    0,    0,    0,    0,    0,    0,    0,    0,    0,    0,   16,    0,    0,    0,    0,    0,    0,    0,    0,    0,    0,    0,    0,    0,    0,    0,    0,    0,    0,    0,    0,    0,    0,    0,    0,   11,    0,    0,    0,    0,    0,    0,    0,    0,    0,    0,    0,    0,    0,    0,
       0,   -5,    0,    0,    0,    0,    0,    0,    0,    0,    0,    0,    0,    0,    0,    0,    0,    0,    0,    0,    0,    0,    0,    0,    0,    0,    0,    0,    0,    0,    0,    0,    0,  -21,    0,    0,   21,    0,    0,    0,    0,    0,    0,    0,    0,    0,    0,    0,    0,    0,    0,    0,    0,    0,  -16,  -27,    0,    0,    0,    0,    0,    0,    0,    0,    0,    0,    0,    0,    0,    0,    0,    0,    0,    0,    0,    0,
       0,    0,    0,    0,  -21,    0,    0,    0,    0,    0,    0,    0,    0,    0,    0,    0,    0,    0,    0,    0,    0,    0,    0,    0,    0,    0,    0,    0,    0,    0,    0,    0,    0,    0,    0,    0,    0,    0,    0,    0,    0,    0,    0,    0,    0,    0,    0,    0,    0,  -11,    0,    0,    0,    0,    0,    0,    0,    0,    0,    0,    0,    0,    0,    0,    0,    0,    0,    0,    0,    0,    0,    0,    0,    0,    0,    0,
       0,  -21,    0,    0,    0,    0,    0,    0,    0,    0,    0,    0,    0,    0,    0,    0,    0,    0,    0,    0,    0,    0,    0,    0,    0,    0,    0,    0,    0,    0,    0,    0,    0,  -21,    0,    0,    0,    0,    0,    0,    0,    0,    0,    0,  -21,    0,    0,    0,    0,    0,    0,    0,    0,    0,  -11,    0,    0,    0,    0,    0,    0,    0,    0,    0,    0,    0,  -16,  -11,  -16,    0,    0,    0,    0,    0,    0,    0,
       0,  -37,    0,    0,    0,    0,    0,    0,    0,    0,    0,    0,    0,    0,    0,    0,    0,    0,    0,    0,    0,    0,    0,    0,    0,    0,    0,    0,    0,    0,    0,    0,    0,    0,    0,    0,    0,    0,    0,    0,    0,    0,    0,    0,    0,    0,  -11,    0,    0,    0,    0,    0,    0,    0,  -27,  -16,  -16,    0,    0,    0,    0,    0,    0,  -11,    0,    0,    0,    0,    0,  -11,    0,  -11,    0,    0,    0,    0,
       0,    0,    0,    0,  -21,    0,    0,    0,    0,    0,    0,    0,    0,    0,    0,    0,    0,    0,    0,    0,    0,    0,    0,    0,    0,    0,    0,    0,    0,    0,    0,    0,    0,    0,    0,    0,    0,    0,    0,    0,    0,    0,    0,    0,    0,    0,    0,    0,    0,    0,    0,    0,    0,    0,    0,    0,    0,    0,    0,    0,    0,    0,    0,    0,    0,    0,   -5,    0,   -5,    0,    0,    0,    0,    0,    0,    0,
       0,    0,    0,    0,  -32,  -21,    0,    0,    0,    0,    0,    0,    0,    0,    0,    0,    0,    0,    0,    0,    0,    0,    0,    0,    0,    0,    0,    0,  -32,  -16,    0,    0,    0,   11,  -11,    0,    0,  -21,    0,  -37,  -27,    0,    0,  -19,    0,    0,  -37,    0,    0,  -32,    0,  -11,  -11,    0,  -21,  -21,  -27,    0,    0,    0,    0,    0,  -11,  -11,    0,  -27,    0,    0,    0,  -21,  -27,  -37,  -27,  -43,    0,    0,
       0,    0,    0,    0,  -27,  -11,    0,    0,    0,    0,    0,    0,    0,    0,    0,    0,    0,    0,    0,    0,    0,    0,    0,    0,    0,    0,    0,    0,    0,    0,    0,    0,    0,    0,    0,    0,    0,    0,    0,  -16,    0,    0,    0,    0,    0,    0,   -5,    0,    0,  -21,   -5,    0,    0,  -16,    0,    0,    0,    0,    0,    0,    0,    0,    0,    0,    0,    0,    0,    0,    0,    0,    0,    0,    0,    0,    0,    0,
       0,    0,    0,    0,  -27,  -11,    0,    0,    0,    0,    0,    0,    0,    0,    0,    0,    0,    0,    0,    0,    0,    0,    0,    0,    0,    0,    0,    0,    0,    0,    0,    0,    0,   11,    0,    0,    0,    0,    0,  -32,    0,    0,    0,    0,    0,    0,  -21,    0,    0,  -27,    0,  -11,  -11,    0,    0,    0,  -27,    0,   11,    0,    0,    0,  -11,    0,    0,  -16,    0,   11,    0,    0,  -11,  -16,  -21,    0,    0,    0,
       0,    0,    0,    0,  -16,    0,    0,    0,    0,    0,    0,    0,    0,    0,    0,    0,    0,    0,    0,    0,    0,    0,    0,    0,    0,    0,    0,    0,    0,    0,    0,    0,    0,    0,    0,    0,    0,    0,    0,    0,    0,    0,    0,    0,    0,    0,  -11,    0,    0,  -16,    0,    0,    0,    0,    0,    0,    0,    0,    0,    0,    0,    0,    0,    0,    0,    0,    0,    0,    0,    0,    0,    0,    0,    0,    0,    0,
       0,    0,    0,    0,    0,    0,    0,    0,    0,    0,    0,    0,    0,    0,    0,    0,    0,    0,    0,    0,    0,    0,    0,    0,    0,    0,    0,    0,    0,    0,    0,    0,    0,    0,    0,    0,    0,    0,    0,    0,    0,    0,    0,    0,    0,    0,    0,    0,    0,    0,    0,    0,    0,    0,  -11,    0,  -27,    0,    0,    0,    0,    0,  -11,    0,    0,    0,    0,    0,    0,    0,  -27,  -11,    0,    0,    0,    0,
       0,    0,    0,    0,    0,    0,    0,    0,    0,    0,    0,    0,    0,    0,    0,    0,    0,    0,    0,    0,    0,    0,    0,    0,    0,    0,    0,    0,    0,    0,    0,    0,    0,    0,    0,    0,    0,    0,    0,    0,    0,    0,    0,    0,    0,    0,   -5,    0,    0,    0,    0,    0,    0,    0,    0,    0,   -5,    0,    0,    0,    0,    0,    0,    0,    0,    0,    0,    0,    0,    0,    0,    0,    0,    0,    0,    0,
       0,    0,    0,    0,  -32,    0,    0,    0,    0,    0,    0,    0,    0,    0,    0,    0,    0,    0,    0,    0,    0,    0,    0,    0,    0,    0,    0,    0,    0,    0,    0,    0,    0,    0,    0,    0,    0,    0,    0,  -32,    0,    0,    0,    0,    0,    0,  -27,    0,    0,  -27,    0,    0,    0,    0,    0,    0,  -21,    0,   11,    0,    0,    0,  -11,    0,    0,  -16,    0,    0,    0,    0,    0,  -21,  -21,  -21,   -5,    0,
       0,    0,    0,    0,  -21,    0,    0,    0,    0,    0,    0,    0,    0,    0,    0,    0,    0,    0,    0,    0,    0,    0,    0,    0,    0,    0,    0,    0,    0,    0,    0,    0,    0,    0,    0,    0,    0,    0,    0,    0,    0,    0,    0,    0,    0,    0,    0,    0,    0,   -5,    0,    0,    0,    0,    0,    0,    0,    0,    0,    0,    0,    0,    0,    0,    0,    0,    0,    0,    0,    0,    0,    0,    0,    0,    0,    0,
       0,    0,    0,    0,    0,    0,    0,    0,    0,    0,    0,    0,    0,    0,    0,    0,    0,    0,    0,    0,    0,    0,    0,    0,    0,    0,    0,    0,    0,    0,    0,    0,    0,  -11,    0,    0,    0,    0,    0,    0,    0,    0,    0,    0,    0,    0,    0,    0,    0,    0,    0,    0,    0,    0,    0,    0,    0,    0,    0,    0,    0,    0,    0,    0,    0,    0,   -5,    0,   -5,    0,    0,    0,    0,    0,    0,    0,
       0,   -5,    0,    0,    0,    0,    0,    0,    0,    0,    0,    0,    0,    0,    0,    0,    0,    0,    0,    0,    0,    0,    0,    0,    0,    0,    0,    0,    0,    0,    0,    0,    0,    0,    0,    0,    0,    0,    0,    0,    0,    0,    0,    0,    0,    0,    0,    0,    0,    0,    0,  -11,    0,    0,    0,   -5,    0,    0,    0,    0,    0,    0,    0,    0,    0,    0,    0,    0,    0,    0,    0,    0,    0,    0,    0,    0,
};

static const EpdLigaturePair notosans_16_regularLigaturePairs[] = {
    { 0x00660066, 0xFB00 }, // f f -> U+FB00
    { 0x00660069, 0xFB01 }, // f i -> U+FB01
    { 0x0066006C, 0xFB02 }, // f l -> U+FB02
    { 0xFB000069, 0xFB03 }, // U+FB00 i -> U+FB03
    { 0xFB00006C, 0xFB04 }, // U+FB00 l -> U+FB04
};

static const EpdFontData notosans_16_regular = {
    notosans_16_regularBitmaps,
    notosans_16_regularGlyphs,
    notosans_16_regularIntervals,
    20,
    45,
    36,
    -10,
    true,
    notosans_16_regularGroups,
    13,
    nullptr,
    notosans_16_regularKernLeftClasses,
    notosans_16_regularKernRightClasses,
    notosans_16_regularKernMatrix,
    478,
    474,
    87,
    76,
    notosans_16_regularLigaturePairs,
    5,
};
